game_id,white,black,white_elo,black_elo,chess_fen,move_made
1,N4beeL26,EulerE,1232,1282,rnbqkbnr/pppppppp/8/8/4P3/8/PPPP1PPP/RNBQKBNR b KQkq - 0 1,e2e4
1,N4beeL26,EulerE,1232,1282,rnbqkbnr/pppp1ppp/8/4p3/4P3/8/PPPP1PPP/RNBQKBNR w KQkq - 0 2,e7e5
1,N4beeL26,EulerE,1232,1282,rnbqkbnr/pppp1ppp/8/4p3/4P3/5N2/PPPP1PPP/RNBQKB1R b KQkq - 1 2,g1f3
1,N4beeL26,EulerE,1232,1282,r1bqkbnr/pppp1ppp/2n5/4p3/4P3/5N2/PPPP1PPP/RNBQKB1R w KQkq - 2 3,b8c6
1,N4beeL26,EulerE,1232,1282,r1bqkbnr/pppp1ppp/2n5/1B2p3/4P3/5N2/PPPP1PPP/RNBQK2R b KQkq - 3 3,f1b5
1,N4beeL26,EulerE,1232,1282,r1bqkbnr/ppp2ppp/2np4/1B2p3/4P3/5N2/PPPP1PPP/RNBQK2R w KQkq - 0 4,d7d6
1,N4beeL26,EulerE,1232,1282,r1bqkbnr/ppp2ppp/2np4/1B2p3/4P3/5N1P/PPPP1PP1/RNBQK2R b KQkq - 0 4,h2h3
1,N4beeL26,EulerE,1232,1282,r2qkbnr/pppb1ppp/2np4/1B2p3/4P3/5N1P/PPPP1PP1/RNBQK2R w KQkq - 1 5,c8d7
1,N4beeL26,EulerE,1232,1282,r2qkbnr/pppb1ppp/2np4/1B2p3/4P3/5N1P/PPPP1PP1/RNBQ1RK1 b kq - 2 5,e1g1
1,N4beeL26,EulerE,1232,1282,r2qkb1r/pppb1ppp/2np1n2/1B2p3/4P3/5N1P/PPPP1PP1/RNBQ1RK1 w kq - 3 6,g8f6
1,N4beeL26,EulerE,1232,1282,r2qkb1r/pppb1ppp/2np1n2/1B2p3/4P3/3P1N1P/PPP2PP1/RNBQ1RK1 b kq - 0 6,d2d3
1,N4beeL26,EulerE,1232,1282,r2qkb1r/pppb1p1p/2np1np1/1B2p3/4P3/3P1N1P/PPP2PP1/RNBQ1RK1 w kq - 0 7,g7g6
1,N4beeL26,EulerE,1232,1282,r2qkb1r/pppb1p1p/2np1np1/1B2p1B1/4P3/3P1N1P/PPP2PP1/RN1Q1RK1 b kq - 1 7,c1g5
1,N4beeL26,EulerE,1232,1282,r2qk2r/pppb1pbp/2np1np1/1B2p1B1/4P3/3P1N1P/PPP2PP1/RN1Q1RK1 w kq - 2 8,f8g7
1,N4beeL26,EulerE,1232,1282,r2qk2r/pppb1pbp/2np1np1/1B2p1B1/4P3/3P1N1P/PPPQ1PP1/RN3RK1 b kq - 3 8,d1d2
1,N4beeL26,EulerE,1232,1282,r2q1rk1/pppb1pbp/2np1np1/1B2p1B1/4P3/3P1N1P/PPPQ1PP1/RN3RK1 w - - 4 9,e8g8
1,N4beeL26,EulerE,1232,1282,r2q1rk1/pppb1pbp/2np1npB/1B2p3/4P3/3P1N1P/PPPQ1PP1/RN3RK1 b - - 5 9,g5h6
1,N4beeL26,EulerE,1232,1282,r2q1rk1/1ppb1pbp/p1np1npB/1B2p3/4P3/3P1N1P/PPPQ1PP1/RN3RK1 w - - 0 10,a7a6
1,N4beeL26,EulerE,1232,1282,r2q1rk1/1ppb1pbp/p1np1npB/4p3/B3P3/3P1N1P/PPPQ1PP1/RN3RK1 b - - 1 10,b5a4
1,N4beeL26,EulerE,1232,1282,r2q1rk1/2pb1pbp/p1np1npB/1p2p3/B3P3/3P1N1P/PPPQ1PP1/RN3RK1 w - - 0 11,b7b5
1,N4beeL26,EulerE,1232,1282,r2q1rk1/2pb1pbp/p1np1npB/1p2p3/4P3/1B1P1N1P/PPPQ1PP1/RN3RK1 b - - 1 11,a4b3
1,N4beeL26,EulerE,1232,1282,r2qr1k1/2pb1pbp/p1np1npB/1p2p3/4P3/1B1P1N1P/PPPQ1PP1/RN3RK1 w - - 2 12,f8e8
1,N4beeL26,EulerE,1232,1282,r2qr1k1/2pb1pbp/p1np1npB/1p2p3/P3P3/1B1P1N1P/1PPQ1PP1/RN3RK1 b - - 0 12,a2a4
1,N4beeL26,EulerE,1232,1282,r2qr1k1/n1pb1pbp/p2p1npB/1p2p3/P3P3/1B1P1N1P/1PPQ1PP1/RN3RK1 w - - 1 13,c6a7
1,N4beeL26,EulerE,1232,1282,r2qr1k1/n1pb1pbp/p2p1npB/1p2p3/P3P3/1BNP1N1P/1PPQ1PP1/R4RK1 b - - 2 13,b1c3
1,N4beeL26,EulerE,1232,1282,r2qr1k1/n1pb1pbp/p2p1npB/4p3/Pp2P3/1BNP1N1P/1PPQ1PP1/R4RK1 w - - 0 14,b5b4
1,N4beeL26,EulerE,1232,1282,r2qr1k1/n1pb1pbp/p2p1npB/3Np3/Pp2P3/1B1P1N1P/1PPQ1PP1/R4RK1 b - - 1 14,c3d5
1,N4beeL26,EulerE,1232,1282,r2qr1k1/n1pb1pbp/p2p2pB/3np3/Pp2P3/1B1P1N1P/1PPQ1PP1/R4RK1 w - - 0 15,f6d5
1,N4beeL26,EulerE,1232,1282,r2qr1k1/n1pb1pbp/p2p2pB/3Bp3/Pp2P3/3P1N1P/1PPQ1PP1/R4RK1 b - - 0 15,b3d5
1,N4beeL26,EulerE,1232,1282,1r1qr1k1/n1pb1pbp/p2p2pB/3Bp3/Pp2P3/3P1N1P/1PPQ1PP1/R4RK1 w - - 1 16,a8b8
1,N4beeL26,EulerE,1232,1282,1r1qr1k1/n1pb1pbp/p2p2pB/3Bp3/Pp2P2P/3P1N2/1PPQ1PP1/R4RK1 b - - 0 16,h3h4
1,N4beeL26,EulerE,1232,1282,1r1qr1k1/n1p2pbp/p1bp2pB/3Bp3/Pp2P2P/3P1N2/1PPQ1PP1/R4RK1 w - - 1 17,d7c6
1,N4beeL26,EulerE,1232,1282,1r1qr1k1/n1p2pbp/p1Bp2pB/4p3/Pp2P2P/3P1N2/1PPQ1PP1/R4RK1 b - - 0 17,d5c6
1,N4beeL26,EulerE,1232,1282,1r1qr1k1/2p2pbp/p1np2pB/4p3/Pp2P2P/3P1N2/1PPQ1PP1/R4RK1 w - - 0 18,a7c6
1,N4beeL26,EulerE,1232,1282,1r1qr1k1/2p2pbp/p1np2pB/4p2P/Pp2P3/3P1N2/1PPQ1PP1/R4RK1 b - - 0 18,h4h5
1,N4beeL26,EulerE,1232,1282,1r1qr1k1/2p2p1p/p1np1bpB/4p2P/Pp2P3/3P1N2/1PPQ1PP1/R4RK1 w - - 1 19,g7f6
1,N4beeL26,EulerE,1232,1282,1r1qr1k1/2p2p1p/p1np1bPB/4p3/Pp2P3/3P1N2/1PPQ1PP1/R4RK1 b - - 0 19,h5g6
1,N4beeL26,EulerE,1232,1282,1r1qr1k1/2p4p/p1np1bpB/4p3/Pp2P3/3P1N2/1PPQ1PP1/R4RK1 w - - 0 20,f7g6
1,N4beeL26,EulerE,1232,1282,1r1qr1k1/2p4p/p1np1bpB/4p1N1/Pp2P3/3P4/1PPQ1PP1/R4RK1 b - - 1 20,f3g5
1,N4beeL26,EulerE,1232,1282,1r1qr1k1/2p4p/p1np2pB/4p1b1/Pp2P3/3P4/1PPQ1PP1/R4RK1 w - - 0 21,f6g5
1,N4beeL26,EulerE,1232,1282,1r1qr1k1/2p4p/p1np2p1/4p1B1/Pp2P3/3P4/1PPQ1PP1/R4RK1 b - - 0 21,h6g5
1,N4beeL26,EulerE,1232,1282,1r2r1k1/2pq3p/p1np2p1/4p1B1/Pp2P3/3P4/1PPQ1PP1/R4RK1 w - - 1 22,d8d7
1,N4beeL26,EulerE,1232,1282,1r2r1k1/2pq3p/p1np2p1/4p1B1/Pp2P3/3P1P2/1PPQ2P1/R4RK1 b - - 0 22,f2f3
1,N4beeL26,EulerE,1232,1282,1r2r1k1/2pq3p/p2p2p1/4p1B1/Pp1nP3/3P1P2/1PPQ2P1/R4RK1 w - - 1 23,c6d4
1,N4beeL26,EulerE,1232,1282,1r2r1k1/2pq3p/p2p2p1/4p1B1/Pp1nP3/2PP1P2/1P1Q2P1/R4RK1 b - - 0 23,c2c3
1,N4beeL26,EulerE,1232,1282,1r2r1k1/2pq3p/p2p2p1/4p1B1/P2nP3/2pP1P2/1P1Q2P1/R4RK1 w - - 0 24,b4c3
1,N4beeL26,EulerE,1232,1282,1r2r1k1/2pq3p/p2p2p1/4p1B1/P2nP3/2PP1P2/3Q2P1/R4RK1 b - - 0 24,b2c3
1,N4beeL26,EulerE,1232,1282,1r2r1k1/2pq3p/p2pn1p1/4p1B1/P3P3/2PP1P2/3Q2P1/R4RK1 w - - 1 25,d4e6
1,N4beeL26,EulerE,1232,1282,1r2r1k1/2pq3p/p2pn1p1/4p3/P3P3/2PPBP2/3Q2P1/R4RK1 b - - 2 25,g5e3
1,N4beeL26,EulerE,1232,1282,4r1k1/2pq3p/p2pn1p1/4p3/P3P3/1rPPBP2/3Q2P1/R4RK1 w - - 3 26,b8b3
1,N4beeL26,EulerE,1232,1282,4r1k1/2pq3p/p2pn1p1/4p3/P3P3/1rPPBP2/3Q1KP1/R4R2 b - - 4 26,g1f2
1,N4beeL26,EulerE,1232,1282,1r4k1/2pq3p/p2pn1p1/4p3/P3P3/1rPPBP2/3Q1KP1/R4R2 w - - 5 27,e8b8
1,N4beeL26,EulerE,1232,1282,1r4k1/2pq3p/p2pn1p1/4p3/P3P3/1rPPBP2/R2Q1KP1/5R2 b - - 6 27,a1a2
1,N4beeL26,EulerE,1232,1282,1r4k1/2p4p/p1qpn1p1/4p3/P3P3/1rPPBP2/R2Q1KP1/5R2 w - - 7 28,d7c6
1,N4beeL26,EulerE,1232,1282,1r4k1/2p4p/p1qpn1p1/4p3/P1P1P3/1r1PBP2/R2Q1KP1/5R2 b - - 0 28,c3c4
1,N4beeL26,EulerE,1232,1282,1r4k1/2p4p/p1qp2p1/4p3/P1P1Pn2/1r1PBP2/R2Q1KP1/5R2 w - - 1 29,e6f4
1,N4beeL26,EulerE,1232,1282,1r4k1/2p4p/p1qp2p1/4p3/P1P1PB2/1r1P1P2/R2Q1KP1/5R2 b - - 0 29,e3f4
1,N4beeL26,EulerE,1232,1282,1r4k1/2p4p/p1qp2p1/8/P1P1Pp2/1r1P1P2/R2Q1KP1/5R2 w - - 0 30,e5f4
1,N4beeL26,EulerE,1232,1282,1r4k1/2p4p/p1qp2p1/8/P1P1PQ2/1r1P1P2/R4KP1/5R2 b - - 0 30,d2f4
1,N4beeL26,EulerE,1232,1282,1r4k1/2p4p/p1qp2p1/8/P1P1PQ2/3P1P2/Rr3KP1/5R2 w - - 1 31,b3b2
1,N4beeL26,EulerE,1232,1282,1r4k1/2p4p/p1qp2p1/8/P1P1PQ2/3P1P2/1R3KP1/5R2 b - - 0 31,a2b2
1,N4beeL26,EulerE,1232,1282,6k1/2p4p/p1qp2p1/8/P1P1PQ2/3P1P2/1r3KP1/5R2 w - - 0 32,b8b2
1,N4beeL26,EulerE,1232,1282,6k1/2p4p/p1qp2p1/8/P1P1PQ2/3P1PK1/1r4P1/5R2 b - - 1 32,f2g3
1,N4beeL26,EulerE,1232,1282,6k1/2p4p/p2p2p1/8/q1P1PQ2/3P1PK1/1r4P1/5R2 w - - 0 33,c6a4
1,N4beeL26,EulerE,1232,1282,6k1/2p4p/p2p2p1/8/q1P1PQ2/3P1PK1/1r4P1/7R b - - 1 33,f1h1
1,N4beeL26,EulerE,1232,1282,6k1/2p4p/p2p2p1/8/2P1PQ2/3P1PK1/1rq3P1/7R w - - 2 34,a4c2
1,N4beeL26,EulerE,1232,1282,6k1/2p4p/p2p2p1/8/2P1PQ2/3P1PK1/1rq3PR/8 b - - 3 34,h1h2
1,N4beeL26,EulerE,1232,1282,6k1/2p4p/p2p2p1/8/2P1PQ2/3q1PK1/1r4PR/8 w - - 0 35,c2d3
1,N4beeL26,EulerE,1232,1282,6k1/2p4p/p2p2pQ/8/2P1P3/3q1PK1/1r4PR/8 b - - 1 35,f4h6
1,N4beeL26,EulerE,1232,1282,6k1/2p4p/p2p2pQ/8/2PqP3/5PK1/1r4PR/8 w - - 2 36,d3d4
1,N4beeL26,EulerE,1232,1282,6k1/2p4Q/p2p2p1/8/2PqP3/5PK1/1r4PR/8 b - - 0 36,h6h7
1,N4beeL26,EulerE,1232,1282,5k2/2p4Q/p2p2p1/8/2PqP3/5PK1/1r4PR/8 w - - 1 37,g8f8
1,N4beeL26,EulerE,1232,1282,5k2/2p5/p2p2pQ/8/2PqP3/5PK1/1r4PR/8 b - - 2 37,h7h6
1,N4beeL26,EulerE,1232,1282,5k2/2p3q1/p2p2pQ/8/2P1P3/5PK1/1r4PR/8 w - - 3 38,d4g7
1,N4beeL26,EulerE,1232,1282,5k1Q/2p3q1/p2p2p1/8/2P1P3/5PK1/1r4PR/8 b - - 4 38,h6h8
1,N4beeL26,EulerE,1232,1282,5k1q/2p5/p2p2p1/8/2P1P3/5PK1/1r4PR/8 w - - 0 39,g7h8
1,N4beeL26,EulerE,1232,1282,5k1R/2p5/p2p2p1/8/2P1P3/5PK1/1r4P1/8 b - - 0 39,h2h8
1,N4beeL26,EulerE,1232,1282,7R/2p3k1/p2p2p1/8/2P1P3/5PK1/1r4P1/8 w - - 1 40,f8g7
1,N4beeL26,EulerE,1232,1282,2R5/2p3k1/p2p2p1/8/2P1P3/5PK1/1r4P1/8 b - - 2 40,h8c8
1,N4beeL26,EulerE,1232,1282,2R5/1rp3k1/p2p2p1/8/2P1P3/5PK1/6P1/8 w - - 3 41,b2b7
1,N4beeL26,EulerE,1232,1282,2R5/1rp3k1/p2p2p1/8/2P1PK2/5P2/6P1/8 b - - 4 41,g3f4
1,N4beeL26,EulerE,1232,1282,2R5/r1p3k1/p2p2p1/8/2P1PK2/5P2/6P1/8 w - - 5 42,b7a7
1,N4beeL26,EulerE,1232,1282,2R5/r1p3k1/p2p2p1/4P3/2P2K2/5P2/6P1/8 b - - 0 42,e4e5
1,N4beeL26,EulerE,1232,1282,2R5/r1p3k1/p5p1/4p3/2P2K2/5P2/6P1/8 w - - 0 43,d6e5
1,N4beeL26,EulerE,1232,1282,2R5/r1p3k1/p5p1/4K3/2P5/5P2/6P1/8 b - - 0 43,f4e5
1,N4beeL26,EulerE,1232,1282,2R5/r1p3k1/6p1/p3K3/2P5/5P2/6P1/8 w - - 0 44,a6a5
1,N4beeL26,EulerE,1232,1282,2R5/r1p3k1/6p1/p7/2PK4/5P2/6P1/8 b - - 1 44,e5d4
1,N4beeL26,EulerE,1232,1282,2R5/r1p3k1/6p1/8/p1PK4/5P2/6P1/8 w - - 0 45,a5a4
1,N4beeL26,EulerE,1232,1282,2R5/r1p3k1/6p1/8/p1P5/2K2P2/6P1/8 b - - 1 45,d4c3
1,N4beeL26,EulerE,1232,1282,2R5/r1p3k1/6p1/8/2P5/p1K2P2/6P1/8 w - - 0 46,a4a3
1,N4beeL26,EulerE,1232,1282,3R4/r1p3k1/6p1/8/2P5/p1K2P2/6P1/8 b - - 1 46,c8d8
1,N4beeL26,EulerE,1232,1282,3R4/r1p3k1/6p1/8/2P5/2K2P2/p5P1/8 w - - 0 47,a3a2
1,N4beeL26,EulerE,1232,1282,8/r1p3k1/6p1/8/2P5/2K2P2/p5P1/3R4 b - - 1 47,d8d1
1,N4beeL26,EulerE,1232,1282,8/r1p3k1/6p1/8/2P5/2K2P2/6P1/q2R4 w - - 0 48,a2a1q
1,N4beeL26,EulerE,1232,1282,8/r1p3k1/6p1/8/2P5/2K2P2/6P1/R7 b - - 0 48,d1a1
1,N4beeL26,EulerE,1232,1282,8/2p3k1/6p1/8/2P5/2K2P2/6P1/r7 w - - 0 49,a7a1
1,N4beeL26,EulerE,1232,1282,8/2p3k1/6p1/8/2PK4/5P2/6P1/r7 b - - 1 49,c3d4
1,N4beeL26,EulerE,1232,1282,8/2p2k2/6p1/8/2PK4/5P2/6P1/r7 w - - 2 50,g7f7
1,N4beeL26,EulerE,1232,1282,8/2p2k2/6p1/3K4/2P5/5P2/6P1/r7 b - - 3 50,d4d5
1,N4beeL26,EulerE,1232,1282,8/2p1k3/6p1/3K4/2P5/5P2/6P1/r7 w - - 4 51,f7e7
1,N4beeL26,EulerE,1232,1282,8/2p1k3/6p1/2PK4/8/5P2/6P1/r7 b - - 0 51,c4c5
1,N4beeL26,EulerE,1232,1282,8/2p1k3/6p1/2PK4/8/5P2/6P1/6r1 w - - 1 52,a1g1
1,N4beeL26,EulerE,1232,1282,8/2p1k3/2K3p1/2P5/8/5P2/6P1/6r1 b - - 2 52,d5c6
1,N4beeL26,EulerE,1232,1282,3k4/2p5/2K3p1/2P5/8/5P2/6P1/6r1 w - - 3 53,e7d8
1,N4beeL26,EulerE,1232,1282,3k4/2p5/6p1/2PK4/8/5P2/6P1/6r1 b - - 4 53,c6d5
1,N4beeL26,EulerE,1232,1282,3k4/2p5/6p1/2PK4/8/5P2/6r1/8 w - - 0 54,g1g2
2,buazel,EulerE,1292,1274,rnbqkbnr/pppppppp/8/8/4P3/8/PPPP1PPP/RNBQKBNR b KQkq - 0 1,e2e4
2,buazel,EulerE,1292,1274,rnbqkbnr/pppp1ppp/8/4p3/4P3/8/PPPP1PPP/RNBQKBNR w KQkq - 0 2,e7e5
2,buazel,EulerE,1292,1274,rnbqkbnr/pppp1ppp/8/4p3/4P3/5N2/PPPP1PPP/RNBQKB1R b KQkq - 1 2,g1f3
2,buazel,EulerE,1292,1274,r1bqkbnr/pppp1ppp/2n5/4p3/4P3/5N2/PPPP1PPP/RNBQKB1R w KQkq - 2 3,b8c6
2,buazel,EulerE,1292,1274,r1bqkbnr/pppp1ppp/2n5/4p3/2B1P3/5N2/PPPP1PPP/RNBQK2R b KQkq - 3 3,f1c4
2,buazel,EulerE,1292,1274,r1bqk1nr/pppp1ppp/2n5/2b1p3/2B1P3/5N2/PPPP1PPP/RNBQK2R w KQkq - 4 4,f8c5
2,buazel,EulerE,1292,1274,r1bqk1nr/pppp1ppp/2n5/2b1p3/1PB1P3/5N2/P1PP1PPP/RNBQK2R b KQkq - 0 4,b2b4
2,buazel,EulerE,1292,1274,r1bqk1nr/pppp1ppp/2n5/4p3/1bB1P3/5N2/P1PP1PPP/RNBQK2R w KQkq - 0 5,c5b4
2,buazel,EulerE,1292,1274,r1bqk1nr/pppp1ppp/2n5/4p3/1bB1P3/2P2N2/P2P1PPP/RNBQK2R b KQkq - 0 5,c2c3
2,buazel,EulerE,1292,1274,r1bqk1nr/pppp1ppp/2n5/b3p3/2B1P3/2P2N2/P2P1PPP/RNBQK2R w KQkq - 1 6,b4a5
2,buazel,EulerE,1292,1274,r1bqk1nr/pppp1ppp/2n5/b3p3/2B1P3/B1P2N2/P2P1PPP/RN1QK2R b KQkq - 2 6,c1a3
2,buazel,EulerE,1292,1274,r1bqk2r/pppp1ppp/2n2n2/b3p3/2B1P3/B1P2N2/P2P1PPP/RN1QK2R w KQkq - 3 7,g8f6
2,buazel,EulerE,1292,1274,r1bqk2r/pppp1ppp/2n2n2/b3p1N1/2B1P3/B1P5/P2P1PPP/RN1QK2R b KQkq - 4 7,f3g5
2,buazel,EulerE,1292,1274,r1bqk2r/ppp2ppp/2n2n2/b2pp1N1/2B1P3/B1P5/P2P1PPP/RN1QK2R w KQkq - 0 8,d7d5
2,buazel,EulerE,1292,1274,r1bqk2r/ppp2ppp/2n2n2/b2Pp1N1/2B5/B1P5/P2P1PPP/RN1QK2R b KQkq - 0 8,e4d5
2,buazel,EulerE,1292,1274,r1bqk2r/ppp2ppp/2n5/b2np1N1/2B5/B1P5/P2P1PPP/RN1QK2R w KQkq - 0 9,f6d5
2,buazel,EulerE,1292,1274,r1bqk2r/ppp2ppp/2n5/b2np1N1/2B5/B1P2Q2/P2P1PPP/RN2K2R b KQkq - 1 9,d1f3
2,buazel,EulerE,1292,1274,r1b1k2r/ppp2ppp/2n5/b2np1q1/2B5/B1P2Q2/P2P1PPP/RN2K2R w KQkq - 0 10,d8g5
2,buazel,EulerE,1292,1274,r1b1k2r/ppp2ppp/2n5/b2Bp1q1/8/B1P2Q2/P2P1PPP/RN2K2R b KQkq - 0 10,c4d5
2,buazel,EulerE,1292,1274,r1b1k2r/ppp3pp/2n2p2/b2Bp1q1/8/B1P2Q2/P2P1PPP/RN2K2R w KQkq - 0 11,f7f6
2,buazel,EulerE,1292,1274,r1b1k2r/ppp3pp/2B2p2/b3p1q1/8/B1P2Q2/P2P1PPP/RN2K2R b KQkq - 0 11,d5c6
2,buazel,EulerE,1292,1274,r1b1k2r/p1p3pp/2p2p2/b3p1q1/8/B1P2Q2/P2P1PPP/RN2K2R w KQkq - 0 12,b7c6
2,buazel,EulerE,1292,1274,r1b1k2r/p1p3pp/2Q2p2/b3p1q1/8/B1P5/P2P1PPP/RN2K2R b KQkq - 0 12,f3c6
2,buazel,EulerE,1292,1274,r1bk3r/p1p3pp/2Q2p2/b3p1q1/8/B1P5/P2P1PPP/RN2K2R w KQ - 1 13,e8d8
2,buazel,EulerE,1292,1274,Q1bk3r/p1p3pp/5p2/b3p1q1/8/B1P5/P2P1PPP/RN2K2R b KQ - 0 13,c6a8
2,buazel,EulerE,1292,1274,Q1bk3r/p1p3pp/5p2/b3p3/8/B1P5/P2P1PqP/RN2K2R w KQ - 0 14,g5g2
2,buazel,EulerE,1292,1274,2bk3r/p1p3pp/5p2/b3p3/8/B1P5/P2P1PQP/RN2K2R b KQ - 0 14,a8g2
3,EulerE,gapatopo,1265,1253,rnbqkbnr/pppppppp/8/8/3P4/8/PPP1PPPP/RNBQKBNR b KQkq - 0 1,d2d4
3,EulerE,gapatopo,1265,1253,rnbqkbnr/pppp1ppp/4p3/8/3P4/8/PPP1PPPP/RNBQKBNR w KQkq - 0 2,e7e6
3,EulerE,gapatopo,1265,1253,rnbqkbnr/pppp1ppp/4p3/8/2PP4/8/PP2PPPP/RNBQKBNR b KQkq - 0 2,c2c4
3,EulerE,gapatopo,1265,1253,rnbqkbnr/pppp1pp1/4p2p/8/2PP4/8/PP2PPPP/RNBQKBNR w KQkq - 0 3,h7h6
3,EulerE,gapatopo,1265,1253,rnbqkbnr/pppp1pp1/4p2p/8/2PP4/5N2/PP2PPPP/RNBQKB1R b KQkq - 1 3,g1f3
3,EulerE,gapatopo,1265,1253,rnbqkbnr/p1pp1pp1/1p2p2p/8/2PP4/5N2/PP2PPPP/RNBQKB1R w KQkq - 0 4,b7b6
3,EulerE,gapatopo,1265,1253,rnbqkbnr/p1pp1pp1/1p2p2p/8/2PP4/2N2N2/PP2PPPP/R1BQKB1R b KQkq - 1 4,b1c3
3,EulerE,gapatopo,1265,1253,rnbqk1nr/p1pp1pp1/1p2p2p/8/1bPP4/2N2N2/PP2PPPP/R1BQKB1R w KQkq - 2 5,f8b4
3,EulerE,gapatopo,1265,1253,rnbqk1nr/p1pp1pp1/1p2p2p/8/1bPP4/2N2N2/PP1BPPPP/R2QKB1R b KQkq - 3 5,c1d2
3,EulerE,gapatopo,1265,1253,rn1qk1nr/p1pp1pp1/bp2p2p/8/1bPP4/2N2N2/PP1BPPPP/R2QKB1R w KQkq - 4 6,c8a6
3,EulerE,gapatopo,1265,1253,rn1qk1nr/p1pp1pp1/bp2p2p/8/1bPPP3/2N2N2/PP1B1PPP/R2QKB1R b KQkq - 0 6,e2e4
3,EulerE,gapatopo,1265,1253,rn1qk2r/p1pp1pp1/bp2pn1p/8/1bPPP3/2N2N2/PP1B1PPP/R2QKB1R w KQkq - 1 7,g8f6
3,EulerE,gapatopo,1265,1253,rn1qk2r/p1pp1pp1/bp2pn1p/4P3/1bPP4/2N2N2/PP1B1PPP/R2QKB1R b KQkq - 0 7,e4e5
3,EulerE,gapatopo,1265,1253,rn1qk2r/p1pp1ppn/bp2p2p/4P3/1bPP4/2N2N2/PP1B1PPP/R2QKB1R w KQkq - 1 8,f6h7
3,EulerE,gapatopo,1265,1253,rn1qk2r/p1pp1ppn/bp2p2p/4P3/QbPP4/2N2N2/PP1B1PPP/R3KB1R b KQkq - 2 8,d1a4
3,EulerE,gapatopo,1265,1253,rn1qk2r/p1ppbppn/bp2p2p/4P3/Q1PP4/2N2N2/PP1B1PPP/R3KB1R w KQkq - 3 9,b4e7
3,EulerE,gapatopo,1265,1253,rn1qk2r/p1ppbppn/bp2p2p/3PP3/Q1P5/2N2N2/PP1B1PPP/R3KB1R b KQkq - 0 9,d4d5
3,EulerE,gapatopo,1265,1253,rn1q1rk1/p1ppbppn/bp2p2p/3PP3/Q1P5/2N2N2/PP1B1PPP/R3KB1R w KQ - 1 10,e8g8
3,EulerE,gapatopo,1265,1253,rn1q1rk1/p1ppbppn/bp2p2p/3PP3/Q1P5/2N2N2/PP1BBPPP/R3K2R b KQ - 2 10,f1e2
3,EulerE,gapatopo,1265,1253,rn1q1rk1/p1pp1ppn/bp2p2p/3PP1b1/Q1P5/2N2N2/PP1BBPPP/R3K2R w KQ - 3 11,e7g5
3,EulerE,gapatopo,1265,1253,rn1q1rk1/p1pp1ppn/bp2p2p/3PP1b1/Q1P5/2N2N2/PP1BBPPP/R4RK1 b - - 4 11,e1g1
3,EulerE,gapatopo,1265,1253,rn1q1rk1/p1pp1ppn/bp2p2p/3PP3/Q1P5/2N2N2/PP1bBPPP/R4RK1 w - - 0 12,g5d2
3,EulerE,gapatopo,1265,1253,rn1q1rk1/p1pp1ppn/bp2p2p/3PP3/Q1P5/2N5/PP1NBPPP/R4RK1 b - - 0 12,f3d2
3,EulerE,gapatopo,1265,1253,rn1q1rk1/p1pp2pn/bp2pp1p/3PP3/Q1P5/2N5/PP1NBPPP/R4RK1 w - - 0 13,f7f6
3,EulerE,gapatopo,1265,1253,rn1q1rk1/p1pp2pn/bp2pp1p/3PP3/Q1P2P2/2N5/PP1NB1PP/R4RK1 b - - 0 13,f2f4
3,EulerE,gapatopo,1265,1253,rn1q1rk1/p1pp2pn/bp2p2p/3Pp3/Q1P2P2/2N5/PP1NB1PP/R4RK1 w - - 0 14,f6e5
3,EulerE,gapatopo,1265,1253,rn1q1rk1/p1pp2pn/bp2p2p/3PP3/Q1P5/2N5/PP1NB1PP/R4RK1 b - - 0 14,f4e5
3,EulerE,gapatopo,1265,1253,rn3rk1/p1pp2pn/bp2p2p/3PP1q1/Q1P5/2N5/PP1NB1PP/R4RK1 w - - 1 15,d8g5
3,EulerE,gapatopo,1265,1253,rn3Rk1/p1pp2pn/bp2p2p/3PP1q1/Q1P5/2N5/PP1NB1PP/R5K1 b - - 0 15,f1f8
3,EulerE,gapatopo,1265,1253,rn3nk1/p1pp2p1/bp2p2p/3PP1q1/Q1P5/2N5/PP1NB1PP/R5K1 w - - 0 16,h7f8
3,EulerE,gapatopo,1265,1253,rn3nk1/p1pp2p1/bp2p2p/3PP1q1/Q1P1N3/2N5/PP2B1PP/R5K1 b - - 1 16,d2e4
3,EulerE,gapatopo,1265,1253,rn3nk1/p1pp2p1/bp2p2p/3PP3/Q1P1N3/2N1q3/PP2B1PP/R5K1 w - - 2 17,g5e3
3,EulerE,gapatopo,1265,1253,rn3nk1/p1pp2p1/bp2p2p/3PP3/Q1P1N3/2N1q3/PP2B1PP/R6K b - - 3 17,g1h1
3,EulerE,gapatopo,1265,1253,rn4k1/p1pp2p1/bp2p1np/3PP3/Q1P1N3/2N1q3/PP2B1PP/R6K w - - 4 18,f8g6
3,EulerE,gapatopo,1265,1253,rn4k1/p1pp2p1/bp2P1np/4P3/Q1P1N3/2N1q3/PP2B1PP/R6K b - - 0 18,d5e6
3,EulerE,gapatopo,1265,1253,rn4k1/pbpp2p1/1p2P1np/4P3/Q1P1N3/2N1q3/PP2B1PP/R6K w - - 1 19,a6b7
3,EulerE,gapatopo,1265,1253,rn4k1/pbpP2p1/1p4np/4P3/Q1P1N3/2N1q3/PP2B1PP/R6K b - - 0 19,e6d7
3,EulerE,gapatopo,1265,1253,r5k1/pbpP2p1/np4np/4P3/Q1P1N3/2N1q3/PP2B1PP/R6K w - - 1 20,b8a6
3,EulerE,gapatopo,1265,1253,r5k1/pbpP2p1/np4np/4P3/Q1P1N3/2N1q3/PP2B1PP/3R3K b - - 2 20,a1d1
3,EulerE,gapatopo,1265,1253,r5k1/p1pP2p1/np4np/4P3/Q1P1b3/2N1q3/PP2B1PP/3R3K w - - 0 21,b7e4
3,EulerE,gapatopo,1265,1253,r5k1/p1pP2p1/np4np/4P3/Q1P1N3/4q3/PP2B1PP/3R3K b - - 0 21,c3e4
3,EulerE,gapatopo,1265,1253,r5k1/p1pP2p1/np4np/4P3/Q1P1q3/8/PP2B1PP/3R3K w - - 0 22,e3e4
3,EulerE,gapatopo,1265,1253,r2Q2k1/p1p3p1/np4np/4P3/Q1P1q3/8/PP2B1PP/3R3K b - - 0 22,d7d8q
3,EulerE,gapatopo,1265,1253,3r2k1/p1p3p1/np4np/4P3/Q1P1q3/8/PP2B1PP/3R3K w - - 0 23,a8d8
3,EulerE,gapatopo,1265,1253,3R2k1/p1p3p1/np4np/4P3/Q1P1q3/8/PP2B1PP/7K b - - 0 23,d1d8
3,EulerE,gapatopo,1265,1253,3R4/p1p3pk/np4np/4P3/Q1P1q3/8/PP2B1PP/7K w - - 1 24,g8h7
3,EulerE,gapatopo,1265,1253,3R4/p1p3pk/np4np/4P3/2P1q3/8/PP2B1PP/3Q3K b - - 2 24,a4d1
3,EulerE,gapatopo,1265,1253,3R4/p1p3pk/1p4np/2n1P3/2P1q3/8/PP2B1PP/3Q3K w - - 3 25,a6c5
3,EulerE,gapatopo,1265,1253,3R4/p1p3pk/1p4np/2n1P3/2P1q3/3B4/PP4PP/3Q3K b - - 4 25,e2d3
3,EulerE,gapatopo,1265,1253,3R4/p1p3pk/1p4np/4P3/2P1q3/3n4/PP4PP/3Q3K w - - 0 26,c5d3
3,EulerE,gapatopo,1265,1253,3R4/p1p3pk/1p4np/4P3/2P1q3/3Q4/PP4PP/7K b - - 0 26,d1d3
3,EulerE,gapatopo,1265,1253,3R4/p1p3pk/1p4np/4P3/2P5/3Q4/PP4PP/4q2K w - - 1 27,e4e1
4,ABUSAD0R,EulerE,1232,1272,rnbqkbnr/pppppppp/8/8/4P3/8/PPPP1PPP/RNBQKBNR b KQkq - 0 1,e2e4
4,ABUSAD0R,EulerE,1232,1272,rnbqkbnr/pppp1ppp/8/4p3/4P3/8/PPPP1PPP/RNBQKBNR w KQkq - 0 2,e7e5
4,ABUSAD0R,EulerE,1232,1272,rnbqkbnr/pppp1ppp/8/4p3/2B1P3/8/PPPP1PPP/RNBQK1NR b KQkq - 1 2,f1c4
4,ABUSAD0R,EulerE,1232,1272,r1bqkbnr/pppp1ppp/2n5/4p3/2B1P3/8/PPPP1PPP/RNBQK1NR w KQkq - 2 3,b8c6
4,ABUSAD0R,EulerE,1232,1272,r1bqkbnr/pppp1ppp/2n5/4p3/2B1P3/3P4/PPP2PPP/RNBQK1NR b KQkq - 0 3,d2d3
4,ABUSAD0R,EulerE,1232,1272,r1bqkb1r/pppp1ppp/2n2n2/4p3/2B1P3/3P4/PPP2PPP/RNBQK1NR w KQkq - 1 4,g8f6
4,ABUSAD0R,EulerE,1232,1272,r1bqkb1r/pppp1ppp/2n2n2/4p3/2B1P3/3P1N2/PPP2PPP/RNBQK2R b KQkq - 2 4,g1f3
4,ABUSAD0R,EulerE,1232,1272,r1bqk2r/ppppbppp/2n2n2/4p3/2B1P3/3P1N2/PPP2PPP/RNBQK2R w KQkq - 3 5,f8e7
4,ABUSAD0R,EulerE,1232,1272,r1bqk2r/ppppbppp/2n2n2/4p3/2B1P3/2NP1N2/PPP2PPP/R1BQK2R b KQkq - 4 5,b1c3
4,ABUSAD0R,EulerE,1232,1272,r1bq1rk1/ppppbppp/2n2n2/4p3/2B1P3/2NP1N2/PPP2PPP/R1BQK2R w KQ - 5 6,e8g8
4,ABUSAD0R,EulerE,1232,1272,r1bq1rk1/ppppbppp/2n2n2/4p3/2B1P3/2NPBN2/PPP2PPP/R2QK2R b KQ - 6 6,c1e3
4,ABUSAD0R,EulerE,1232,1272,r1bq1rk1/ppppbppp/5n2/n3p3/2B1P3/2NPBN2/PPP2PPP/R2QK2R w KQ - 7 7,c6a5
4,ABUSAD0R,EulerE,1232,1272,r1bq1rk1/ppppbppp/5n2/n3p3/4P3/1BNPBN2/PPP2PPP/R2QK2R b KQ - 8 7,c4b3
4,ABUSAD0R,EulerE,1232,1272,r1bq1rk1/ppppbppp/5n2/4p3/4P3/1nNPBN2/PPP2PPP/R2QK2R w KQ - 0 8,a5b3
4,ABUSAD0R,EulerE,1232,1272,r1bq1rk1/ppppbppp/5n2/4p3/4P3/1PNPBN2/1PP2PPP/R2QK2R b KQ - 0 8,a2b3
4,ABUSAD0R,EulerE,1232,1272,r1bq1rk1/ppp1bppp/3p1n2/4p3/4P3/1PNPBN2/1PP2PPP/R2QK2R w KQ - 0 9,d7d6
4,ABUSAD0R,EulerE,1232,1272,r1bq1rk1/ppp1bppp/3p1n2/4p3/4P3/1PNPBN2/1PP2PPP/R2Q1RK1 b - - 1 9,e1g1
4,ABUSAD0R,EulerE,1232,1272,r1bqr1k1/ppp1bppp/3p1n2/4p3/4P3/1PNPBN2/1PP2PPP/R2Q1RK1 w - - 2 10,f8e8
4,ABUSAD0R,EulerE,1232,1272,r1bqr1k1/ppp1bppp/3p1n2/4p3/4P3/1P1PBN2/1PP1NPPP/R2Q1RK1 b - - 3 10,c3e2
4,ABUSAD0R,EulerE,1232,1272,r1bqr1k1/ppp1bppp/3p4/4p3/4P1n1/1P1PBN2/1PP1NPPP/R2Q1RK1 w - - 4 11,f6g4
4,ABUSAD0R,EulerE,1232,1272,r1bqr1k1/ppp1bppp/3p4/4p3/4P1n1/1P1PBNN1/1PP2PPP/R2Q1RK1 b - - 5 11,e2g3
4,ABUSAD0R,EulerE,1232,1272,r1bqr1k1/ppp1bppp/3p4/4p3/4P3/1P1PnNN1/1PP2PPP/R2Q1RK1 w - - 0 12,g4e3
4,ABUSAD0R,EulerE,1232,1272,r1bqr1k1/ppp1bppp/3p4/4p3/4P3/1P1PPNN1/1PP3PP/R2Q1RK1 b - - 0 12,f2e3
4,ABUSAD0R,EulerE,1232,1272,r1bqr1k1/ppp2ppp/3p4/4p3/4P2b/1P1PPNN1/1PP3PP/R2Q1RK1 w - - 1 13,e7h4
4,ABUSAD0R,EulerE,1232,1272,r1bqr1k1/ppp2ppp/3p4/4pN2/4P2b/1P1PPN2/1PP3PP/R2Q1RK1 b - - 2 13,g3f5
4,ABUSAD0R,EulerE,1232,1272,r2qr1k1/ppp2ppp/3p4/4pb2/4P2b/1P1PPN2/1PP3PP/R2Q1RK1 w - - 0 14,c8f5
4,ABUSAD0R,EulerE,1232,1272,r2qr1k1/ppp2ppp/3p4/4pP2/7b/1P1PPN2/1PP3PP/R2Q1RK1 b - - 0 14,e4f5
4,ABUSAD0R,EulerE,1232,1272,r3r1k1/ppp2ppp/3p1q2/4pP2/7b/1P1PPN2/1PP3PP/R2Q1RK1 w - - 1 15,d8f6
4,ABUSAD0R,EulerE,1232,1272,r3r1k1/ppp2ppp/3p1q2/4pP2/4P2b/1P1P1N2/1PP3PP/R2Q1RK1 b - - 0 15,e3e4
4,ABUSAD0R,EulerE,1232,1272,r3r2k/ppp2ppp/3p1q2/4pP2/4P2b/1P1P1N2/1PP3PP/R2Q1RK1 w - - 1 16,g8h8
4,ABUSAD0R,EulerE,1232,1272,r3r2k/ppp2ppp/3p1q2/4pP2/4P2N/1P1P4/1PP3PP/R2Q1RK1 b - - 0 16,f3h4
4,ABUSAD0R,EulerE,1232,1272,r3r2k/ppp2ppp/3p4/4pP2/4P2q/1P1P4/1PP3PP/R2Q1RK1 w - - 0 17,f6h4
4,ABUSAD0R,EulerE,1232,1272,r3r2k/ppp2ppp/3p4/4pP2/4P2q/1P1P1Q2/1PP3PP/R4RK1 b - - 1 17,d1f3
4,ABUSAD0R,EulerE,1232,1272,r3r2k/ppp3pp/3p1p2/4pP2/4P2q/1P1P1Q2/1PP3PP/R4RK1 w - - 0 18,f7f6
4,ABUSAD0R,EulerE,1232,1272,r3r2k/ppp3pp/3p1p2/4pP2/2P1P2q/1P1P1Q2/1P4PP/R4RK1 b - - 0 18,c2c4
4,ABUSAD0R,EulerE,1232,1272,r3r2k/1pp3pp/3p1p2/p3pP2/2P1P2q/1P1P1Q2/1P4PP/R4RK1 w - - 0 19,a7a5
4,ABUSAD0R,EulerE,1232,1272,r3r2k/1pp3pp/3p1p2/p3pP2/R1P1P2q/1P1P1Q2/1P4PP/5RK1 b - - 1 19,a1a4
4,ABUSAD0R,EulerE,1232,1272,4r2k/1pp3pp/r2p1p2/p3pP2/R1P1P2q/1P1P1Q2/1P4PP/5RK1 w - - 2 20,a8a6
4,ABUSAD0R,EulerE,1232,1272,4r2k/1pp3pp/r2p1p2/p3pP2/RPP1P2q/3P1Q2/1P4PP/5RK1 b - - 0 20,b3b4
4,ABUSAD0R,EulerE,1232,1272,4r2k/1pp3pp/r2p1p2/4pP2/RpP1P2q/3P1Q2/1P4PP/5RK1 w - - 0 21,a5b4
4,ABUSAD0R,EulerE,1232,1272,4r2k/1pp3pp/r2p1p2/4pP2/1RP1P2q/3P1Q2/1P4PP/5RK1 b - - 0 21,a4b4
4,ABUSAD0R,EulerE,1232,1272,4r2k/2p3pp/rp1p1p2/4pP2/1RP1P2q/3P1Q2/1P4PP/5RK1 w - - 0 22,b7b6
4,ABUSAD0R,EulerE,1232,1272,4r2k/2p3pp/rp1p1p2/4pP2/1RP1P2q/3P4/1P3QPP/5RK1 b - - 1 22,f3f2
4,ABUSAD0R,EulerE,1232,1272,4r2k/2p3pp/rp1p1p2/4pPq1/1RP1P3/3P4/1P3QPP/5RK1 w - - 2 23,h4g5
4,ABUSAD0R,EulerE,1232,1272,4r2k/2p3pp/rp1p1p2/4pPq1/2P1P3/1R1P4/1P3QPP/5RK1 b - - 3 23,b4b3
4,ABUSAD0R,EulerE,1232,1272,r6k/2p3pp/rp1p1p2/4pPq1/2P1P3/1R1P4/1P3QPP/5RK1 w - - 4 24,e8a8
4,ABUSAD0R,EulerE,1232,1272,r6k/2p3pp/rp1p1p2/4pPq1/2P1P3/1R1P3P/1P3QP1/5RK1 b - - 0 24,h2h3
4,ABUSAD0R,EulerE,1232,1272,r6k/2p3pp/1p1p1p2/4pPq1/2P1P3/1R1P3P/1P3QP1/r4RK1 w - - 1 25,a6a1
4,ABUSAD0R,EulerE,1232,1272,r6k/2p3pp/1p1p1p2/4pPq1/2P1P3/1R1P3P/1P3QP1/r4R1K b - - 2 25,g1h1
4,ABUSAD0R,EulerE,1232,1272,r6k/2p3pp/1p1p1p2/4pPq1/2P1P3/1R1P3P/1P3QP1/5r1K w - - 0 26,a1f1
4,ABUSAD0R,EulerE,1232,1272,r6k/2p3pp/1p1p1p2/4pPq1/2P1P3/1R1P3P/1P4P1/5Q1K b - - 0 26,f2f1
4,ABUSAD0R,EulerE,1232,1272,r6k/2p3pp/1p1p1p2/4pP2/2P1P3/1R1P3P/1P1q2P1/5Q1K w - - 1 27,g5d2
4,ABUSAD0R,EulerE,1232,1272,r6k/2p3pp/1p1p1p2/4pP2/2P1P3/1R1P3P/1P1q2P1/1Q5K b - - 2 27,f1b1
4,ABUSAD0R,EulerE,1232,1272,r6k/2p4p/1p1p1pp1/4pP2/2P1P3/1R1P3P/1P1q2P1/1Q5K w - - 0 28,g7g6
4,ABUSAD0R,EulerE,1232,1272,r6k/2p4p/1p1p1pp1/4pP2/2P1P3/2RP3P/1P1q2P1/1Q5K b - - 1 28,b3c3
4,ABUSAD0R,EulerE,1232,1272,r6k/2p4p/1p1p1p2/4pp2/2P1P3/2RP3P/1P1q2P1/1Q5K w - - 0 29,g6f5
4,ABUSAD0R,EulerE,1232,1272,r6k/2p4p/1p1p1p2/4pP2/2P5/2RP3P/1P1q2P1/1Q5K b - - 0 29,e4f5
4,ABUSAD0R,EulerE,1232,1272,6rk/2p4p/1p1p1p2/4pP2/2P5/2RP3P/1P1q2P1/1Q5K w - - 1 30,a8g8
4,ABUSAD0R,EulerE,1232,1272,6rk/2p4p/1p1p1p2/4pP2/2P5/3P3P/1PRq2P1/1Q5K b - - 2 30,c3c2
4,ABUSAD0R,EulerE,1232,1272,6rk/2p4p/1p1p1p2/4pP2/2P5/3q3P/1PR3P1/1Q5K w - - 0 31,d2d3
4,ABUSAD0R,EulerE,1232,1272,6rk/2p4p/1p1p1p2/4pP2/2P5/1P1q3P/2R3P1/1Q5K b - - 0 31,b2b3
4,ABUSAD0R,EulerE,1232,1272,6rk/2p4p/1p1p1p2/4pq2/2P5/1P5P/2R3P1/1Q5K w - - 0 32,d3f5
4,ABUSAD0R,EulerE,1232,1272,6rk/2p4p/1p1p1p2/4pq2/1PP5/7P/2R3P1/1Q5K b - - 0 32,b3b4
4,ABUSAD0R,EulerE,1232,1272,7k/2p4p/1p1p1p2/4pq2/1PP5/6rP/2R3P1/1Q5K w - - 1 33,g8g3
4,ABUSAD0R,EulerE,1232,1272,7k/2p4p/1p1p1p2/1P2pq2/2P5/6rP/2R3P1/1Q5K b - - 0 33,b4b5
4,ABUSAD0R,EulerE,1232,1272,7k/2p4p/1p1p1p2/1P2pq2/2P5/2r4P/2R3P1/1Q5K w - - 1 34,g3c3
4,ABUSAD0R,EulerE,1232,1272,7k/2p4p/1p1p1p2/1P2pq2/2P5/2r4P/6P1/1QR4K b - - 2 34,c2c1
4,ABUSAD0R,EulerE,1232,1272,7k/2p4p/1p1p1p2/1P2p3/2P5/2r4P/6P1/1qR4K w - - 0 35,f5b1
4,ABUSAD0R,EulerE,1232,1272,7k/2p4p/1p1p1p2/1P2p3/2P5/2r4P/6P1/1R5K b - - 0 35,c1b1
4,ABUSAD0R,EulerE,1232,1272,7k/2p4p/1p1p1p2/1P2p3/2r5/7P/6P1/1R5K w - - 0 36,c3c4
4,ABUSAD0R,EulerE,1232,1272,7k/2p4p/1p1p1p2/1P2p3/2r3P1/7P/8/1R5K b - - 0 36,g2g4
4,ABUSAD0R,EulerE,1232,1272,6k1/2p4p/1p1p1p2/1P2p3/2r3P1/7P/8/1R5K w - - 1 37,h8g8
4,ABUSAD0R,EulerE,1232,1272,6k1/2p4p/1p1p1p2/1P2p3/2r3P1/7P/6K1/1R6 b - - 2 37,h1g2
4,ABUSAD0R,EulerE,1232,1272,8/2p2k1p/1p1p1p2/1P2p3/2r3P1/7P/6K1/1R6 w - - 3 38,g8f7
4,ABUSAD0R,EulerE,1232,1272,8/2p2k1p/1p1p1p2/1P2p3/2r3P1/6KP/8/1R6 b - - 4 38,g2g3
4,ABUSAD0R,EulerE,1232,1272,8/2p4p/1p1pkp2/1P2p3/2r3P1/6KP/8/1R6 w - - 5 39,f7e6
4,ABUSAD0R,EulerE,1232,1272,8/2p4p/1p1pkp2/1P2p3/2r3PK/7P/8/1R6 b - - 6 39,g3h4
4,ABUSAD0R,EulerE,1232,1272,8/2p4p/1p2kp2/1P1pp3/2r3PK/7P/8/1R6 w - - 0 40,d6d5
4,ABUSAD0R,EulerE,1232,1272,8/2p4p/1p2kp2/1P1pp2K/2r3P1/7P/8/1R6 b - - 1 40,h4h5
4,ABUSAD0R,EulerE,1232,1272,8/2p4p/1p2kp2/1P1p3K/2r1p1P1/7P/8/1R6 w - - 0 41,e5e4
4,ABUSAD0R,EulerE,1232,1272,8/2p4p/1p2kp2/1P1p3K/2r1p1PP/8/8/1R6 b - - 0 41,h3h4
4,ABUSAD0R,EulerE,1232,1272,8/2p4p/1p2kp2/1P5K/2rpp1PP/8/8/1R6 w - - 0 42,d5d4
4,ABUSAD0R,EulerE,1232,1272,8/2p4p/1p2kp1K/1P6/2rpp1PP/8/8/1R6 b - - 1 42,h5h6
4,ABUSAD0R,EulerE,1232,1272,8/2p4p/1p2kp1K/1P6/2rp2PP/4p3/8/1R6 w - - 0 43,e4e3
4,ABUSAD0R,EulerE,1232,1272,8/2p4K/1p2kp2/1P6/2rp2PP/4p3/8/1R6 b - - 0 43,h6h7
4,ABUSAD0R,EulerE,1232,1272,8/2p4K/1p2kp2/1P6/2r3PP/3pp3/8/1R6 w - - 0 44,d4d3
4,ABUSAD0R,EulerE,1232,1272,8/2p4K/1p2kp2/1P5P/2r3P1/3pp3/8/1R6 b - - 0 44,h4h5
4,ABUSAD0R,EulerE,1232,1272,8/2p4K/1p2kp2/1P5P/2r3P1/3p4/4p3/1R6 w - - 0 45,e3e2
4,ABUSAD0R,EulerE,1232,1272,8/2p4K/1p2kp1P/1P6/2r3P1/3p4/4p3/1R6 b - - 0 45,h5h6
4,ABUSAD0R,EulerE,1232,1272,8/2p4K/1p2kp1P/1P6/6r1/3p4/4p3/1R6 w - - 0 46,c4g4
4,ABUSAD0R,EulerE,1232,1272,7K/2p5/1p2kp1P/1P6/6r1/3p4/4p3/1R6 b - - 1 46,h7h8
4,ABUSAD0R,EulerE,1232,1272,7K/2p5/1p2kp1P/1P6/6r1/8/3pp3/1R6 w - - 0 47,d3d2
4,ABUSAD0R,EulerE,1232,1272,7K/2p4P/1p2kp2/1P6/6r1/8/3pp3/1R6 b - - 0 47,h6h7
5,modiano45,EulerE,1264,1280,rnbqkbnr/pppppppp/8/8/4P3/8/PPPP1PPP/RNBQKBNR b KQkq - 0 1,e2e4
5,modiano45,EulerE,1264,1280,rnbqkbnr/pppp1ppp/8/4p3/4P3/8/PPPP1PPP/RNBQKBNR w KQkq - 0 2,e7e5
5,modiano45,EulerE,1264,1280,rnbqkbnr/pppp1ppp/8/4p3/4P3/5N2/PPPP1PPP/RNBQKB1R b KQkq - 1 2,g1f3
5,modiano45,EulerE,1264,1280,r1bqkbnr/pppp1ppp/2n5/4p3/4P3/5N2/PPPP1PPP/RNBQKB1R w KQkq - 2 3,b8c6
5,modiano45,EulerE,1264,1280,r1bqkbnr/pppp1ppp/2n5/4p3/4P3/2N2N2/PPPP1PPP/R1BQKB1R b KQkq - 3 3,b1c3
5,modiano45,EulerE,1264,1280,r1bqkb1r/pppp1ppp/2n2n2/4p3/4P3/2N2N2/PPPP1PPP/R1BQKB1R w KQkq - 4 4,g8f6
5,modiano45,EulerE,1264,1280,r1bqkb1r/pppp1ppp/2n2n2/4p3/2B1P3/2N2N2/PPPP1PPP/R1BQK2R b KQkq - 5 4,f1c4
5,modiano45,EulerE,1264,1280,r1bqk2r/pppp1ppp/2n2n2/2b1p3/2B1P3/2N2N2/PPPP1PPP/R1BQK2R w KQkq - 6 5,f8c5
5,modiano45,EulerE,1264,1280,r1bqk2r/pppp1ppp/2n2n2/2b1p3/2B1P3/2N2N1P/PPPP1PP1/R1BQK2R b KQkq - 0 5,h2h3
5,modiano45,EulerE,1264,1280,r1bq1rk1/pppp1ppp/2n2n2/2b1p3/2B1P3/2N2N1P/PPPP1PP1/R1BQK2R w KQ - 1 6,e8g8
5,modiano45,EulerE,1264,1280,r1bq1rk1/pppp1ppp/2n2n2/2b1p3/2B1P3/2NP1N1P/PPP2PP1/R1BQK2R b KQ - 0 6,d2d3
5,modiano45,EulerE,1264,1280,r1bq1rk1/pppp1ppp/5n2/n1b1p3/2B1P3/2NP1N1P/PPP2PP1/R1BQK2R w KQ - 1 7,c6a5
5,modiano45,EulerE,1264,1280,r1bq1rk1/pppp1ppp/5n2/n1b1p3/4P3/1BNP1N1P/PPP2PP1/R1BQK2R b KQ - 2 7,c4b3
5,modiano45,EulerE,1264,1280,r1bq1rk1/ppp2ppp/3p1n2/n1b1p3/4P3/1BNP1N1P/PPP2PP1/R1BQK2R w KQ - 0 8,d7d6
5,modiano45,EulerE,1264,1280,r1bq1rk1/ppp2ppp/3p1n2/n1b1p3/4P3/1BNP1N1P/PPPB1PP1/R2QK2R b KQ - 1 8,c1d2
5,modiano45,EulerE,1264,1280,r1bq1rk1/ppp2ppp/3p1n2/2b1p3/4P3/1nNP1N1P/PPPB1PP1/R2QK2R w KQ - 0 9,a5b3
5,modiano45,EulerE,1264,1280,r1bq1rk1/ppp2ppp/3p1n2/2b1p3/4P3/1PNP1N1P/1PPB1PP1/R2QK2R b KQ - 0 9,a2b3
5,modiano45,EulerE,1264,1280,r2q1rk1/ppp2ppp/3pbn2/2b1p3/4P3/1PNP1N1P/1PPB1PP1/R2QK2R w KQ - 1 10,c8e6
5,modiano45,EulerE,1264,1280,r2q1rk1/ppp2ppp/3pbn2/2b1p3/4P3/1PNP1N1P/1PPBQPP1/R3K2R b KQ - 2 10,d1e2
5,modiano45,EulerE,1264,1280,r2q1rk1/1pp2ppp/3pbn2/p1b1p3/4P3/1PNP1N1P/1PPBQPP1/R3K2R w KQ - 0 11,a7a5
5,modiano45,EulerE,1264,1280,r2q1rk1/1pp2ppp/3pbn2/p1b1p3/4P3/1PNPBN1P/1PP1QPP1/R3K2R b KQ - 1 11,d2e3
5,modiano45,EulerE,1264,1280,r2q1rk1/1pp2ppp/3pbn2/p3p3/1b2P3/1PNPBN1P/1PP1QPP1/R3K2R w KQ - 2 12,c5b4
5,modiano45,EulerE,1264,1280,r2q1rk1/1pp2ppp/3pbn2/p3p3/1b2P3/1PNP1N1P/1PPBQPP1/R3K2R b KQ - 3 12,e3d2
5,modiano45,EulerE,1264,1280,r4rk1/1ppq1ppp/3pbn2/p3p3/1b2P3/1PNP1N1P/1PPBQPP1/R3K2R w KQ - 4 13,d8d7
5,modiano45,EulerE,1264,1280,r4rk1/1ppq1ppp/3pbn2/p3p3/Nb2P3/1P1P1N1P/1PPBQPP1/R3K2R b KQ - 5 13,c3a4
5,modiano45,EulerE,1264,1280,r4rk1/2pq1ppp/3pbn2/pp2p3/Nb2P3/1P1P1N1P/1PPBQPP1/R3K2R w KQ - 0 14,b7b5
5,modiano45,EulerE,1264,1280,r4rk1/2pq1ppp/3pbn2/pp2p3/NB2P3/1P1P1N1P/1PP1QPP1/R3K2R b KQ - 0 14,d2b4
5,modiano45,EulerE,1264,1280,r4rk1/2pq1ppp/3pbn2/1p2p3/Np2P3/1P1P1N1P/1PP1QPP1/R3K2R w KQ - 0 15,a5b4
5,modiano45,EulerE,1264,1280,r4rk1/2pq1ppp/3pbn2/1p2p3/Np2P3/1P1P1N1P/1PP1QPP1/R4RK1 b - - 1 15,e1g1
5,modiano45,EulerE,1264,1280,r4rk1/2pq1ppp/3pbn2/4p3/pp2P3/1P1P1N1P/1PP1QPP1/R4RK1 w - - 0 16,b5a4
5,modiano45,EulerE,1264,1280,r4rk1/2pq1ppp/3pbn2/4p3/Pp2P3/3P1N1P/1PP1QPP1/R4RK1 b - - 0 16,b3a4
5,modiano45,EulerE,1264,1280,5rk1/2pq1ppp/3pbn2/4p3/rp2P3/3P1N1P/1PP1QPP1/R4RK1 w - - 0 17,a8a4
5,modiano45,EulerE,1264,1280,5rk1/2pq1ppp/3pbn2/4p3/rp2P3/1P1P1N1P/2P1QPP1/R4RK1 b - - 0 17,b2b3
5,modiano45,EulerE,1264,1280,5rk1/2pq1ppp/3pbn2/4p3/1p2P3/rP1P1N1P/2P1QPP1/R4RK1 w - - 1 18,a4a3
5,modiano45,EulerE,1264,1280,5rk1/2pq1ppp/3pbn2/4p3/1p2P3/RP1P1N1P/2P1QPP1/5RK1 b - - 0 18,a1a3
5,modiano45,EulerE,1264,1280,5rk1/2pq1ppp/3pbn2/4p3/4P3/pP1P1N1P/2P1QPP1/5RK1 w - - 0 19,b4a3
5,modiano45,EulerE,1264,1280,5rk1/2pq1ppp/3pbn2/4p3/4P3/pP1P1N1P/2P1QPP1/R5K1 b - - 1 19,f1a1
5,modiano45,EulerE,1264,1280,r5k1/2pq1ppp/3pbn2/4p3/4P3/pP1P1N1P/2P1QPP1/R5K1 w - - 2 20,f8a8
5,modiano45,EulerE,1264,1280,r5k1/2pq1ppp/3pbn2/4p3/4P3/pP1P1N1P/2PQ1PP1/R5K1 b - - 3 20,e2d2
5,modiano45,EulerE,1264,1280,r5k1/2p2ppp/2qpbn2/4p3/4P3/pP1P1N1P/2PQ1PP1/R5K1 w - - 4 21,d7c6
5,modiano45,EulerE,1264,1280,r5k1/2p2ppp/2qpbn2/4p3/1Q2P3/pP1P1N1P/2P2PP1/R5K1 b - - 5 21,d2b4
5,modiano45,EulerE,1264,1280,r5k1/2p2ppp/q2pbn2/4p3/1Q2P3/pP1P1N1P/2P2PP1/R5K1 w - - 6 22,c6a6
5,modiano45,EulerE,1264,1280,r5k1/2p2ppp/q2pbn2/4p3/1Q2P3/pP1P3P/2PN1PP1/R5K1 b - - 7 22,f3d2
5,modiano45,EulerE,1264,1280,r5k1/5ppp/q2pbn2/2p1p3/1Q2P3/pP1P3P/2PN1PP1/R5K1 w - - 0 23,c7c5
5,modiano45,EulerE,1264,1280,r5k1/5ppp/q2pbn2/2p1p3/4P3/pPQP3P/2PN1PP1/R5K1 b - - 1 23,b4c3
5,modiano45,EulerE,1264,1280,r5k1/5ppp/3pbn2/q1p1p3/4P3/pPQP3P/2PN1PP1/R5K1 w - - 2 24,a6a5
5,modiano45,EulerE,1264,1280,r5k1/5ppp/3pbn2/q1p1p3/4P3/pPQP3P/2P2PP1/RN4K1 b - - 3 24,d2b1
5,modiano45,EulerE,1264,1280,r5k1/5ppp/3pbn2/q1p1p3/4P3/1PQP3P/p1P2PP1/RN4K1 w - - 0 25,a3a2
5,modiano45,EulerE,1264,1280,r5k1/5ppp/3pbn2/Q1p1p3/4P3/1P1P3P/p1P2PP1/RN4K1 b - - 0 25,c3a5
5,modiano45,EulerE,1264,1280,r5k1/5ppp/3pbn2/Q1p1p3/4P3/1P1P3P/2P2PP1/Rq4K1 w - - 0 26,a2b1q
5,modiano45,EulerE,1264,1280,r5k1/5ppp/3pbn2/Q1p1p3/4P3/1P1P3P/2P2PP1/1R4K1 b - - 0 26,a1b1
5,modiano45,EulerE,1264,1280,6k1/5ppp/3pbn2/r1p1p3/4P3/1P1P3P/2P2PP1/1R4K1 w - - 0 27,a8a5
6,EulerE,aoyekan,1288,1269,rnbqkbnr/pppppppp/8/8/3P4/8/PPP1PPPP/RNBQKBNR b KQkq - 0 1,d2d4
6,EulerE,aoyekan,1288,1269,rnbqkbnr/pppp1ppp/4p3/8/3P4/8/PPP1PPPP/RNBQKBNR w KQkq - 0 2,e7e6
6,EulerE,aoyekan,1288,1269,rnbqkbnr/pppp1ppp/4p3/8/2PP4/8/PP2PPPP/RNBQKBNR b KQkq - 0 2,c2c4
6,EulerE,aoyekan,1288,1269,rnbqkbnr/p1pp1ppp/1p2p3/8/2PP4/8/PP2PPPP/RNBQKBNR w KQkq - 0 3,b7b6
6,EulerE,aoyekan,1288,1269,rnbqkbnr/p1pp1ppp/1p2p3/8/2PP4/5N2/PP2PPPP/RNBQKB1R b KQkq - 1 3,g1f3
6,EulerE,aoyekan,1288,1269,r1bqkbnr/p1pp1ppp/1pn1p3/8/2PP4/5N2/PP2PPPP/RNBQKB1R w KQkq - 2 4,b8c6
6,EulerE,aoyekan,1288,1269,r1bqkbnr/p1pp1ppp/1pn1p3/3P4/2P5/5N2/PP2PPPP/RNBQKB1R b KQkq - 0 4,d4d5
6,EulerE,aoyekan,1288,1269,r1bqkbnr/p1pp1ppp/1pn5/3p4/2P5/5N2/PP2PPPP/RNBQKB1R w KQkq - 0 5,e6d5
6,EulerE,aoyekan,1288,1269,r1bqkbnr/p1pp1ppp/1pn5/3P4/8/5N2/PP2PPPP/RNBQKB1R b KQkq - 0 5,c4d5
6,EulerE,aoyekan,1288,1269,r1bqkbnr/p1ppnppp/1p6/3P4/8/5N2/PP2PPPP/RNBQKB1R w KQkq - 1 6,c6e7
6,EulerE,aoyekan,1288,1269,r1bqkbnr/p1ppnppp/1p6/3P4/4P3/5N2/PP3PPP/RNBQKB1R b KQkq - 0 6,e2e4
6,EulerE,aoyekan,1288,1269,r1bqkb1r/p1ppnppp/1p3n2/3P4/4P3/5N2/PP3PPP/RNBQKB1R w KQkq - 1 7,g8f6
6,EulerE,aoyekan,1288,1269,r1bqkb1r/p1ppnppp/1p3n2/3P4/4P3/2N2N2/PP3PPP/R1BQKB1R b KQkq - 2 7,b1c3
6,EulerE,aoyekan,1288,1269,r1bqkb1r/2ppnppp/pp3n2/3P4/4P3/2N2N2/PP3PPP/R1BQKB1R w KQkq - 0 8,a7a6
6,EulerE,aoyekan,1288,1269,r1bqkb1r/2ppnppp/pp3n2/3PP3/8/2N2N2/PP3PPP/R1BQKB1R b KQkq - 0 8,e4e5
6,EulerE,aoyekan,1288,1269,r1bqkb1r/2ppnppp/pp6/3PP3/6n1/2N2N2/PP3PPP/R1BQKB1R w KQkq - 1 9,f6g4
6,EulerE,aoyekan,1288,1269,r1bqkb1r/2ppnppp/pp6/3PP3/6n1/2N2N2/PP2QPPP/R1B1KB1R b KQkq - 2 9,d1e2
6,EulerE,aoyekan,1288,1269,r2qkb1r/1bppnppp/pp6/3PP3/6n1/2N2N2/PP2QPPP/R1B1KB1R w KQkq - 3 10,c8b7
6,EulerE,aoyekan,1288,1269,r2qkb1r/1bppnppp/pp1P4/4P3/6n1/2N2N2/PP2QPPP/R1B1KB1R b KQkq - 0 10,d5d6
6,EulerE,aoyekan,1288,1269,r2qkb1r/1bpp1ppp/pp1P2n1/4P3/6n1/2N2N2/PP2QPPP/R1B1KB1R w KQkq - 1 11,e7g6
6,EulerE,aoyekan,1288,1269,r2qkb1r/1bpp1ppp/pp1P2n1/4P3/6n1/2N2N1P/PP2QPP1/R1B1KB1R b KQkq - 0 11,h2h3
6,EulerE,aoyekan,1288,1269,r2qkb1r/2pp1ppp/pp1P2n1/4P3/6n1/2N2b1P/PP2QPP1/R1B1KB1R w KQkq - 0 12,b7f3
6,EulerE,aoyekan,1288,1269,r2qkb1r/2pp1ppp/pp1P2n1/4P3/6n1/2N2P1P/PP2QP2/R1B1KB1R b KQkq - 0 12,g2f3
6,EulerE,aoyekan,1288,1269,r2qkb1r/2pp1ppp/pp1P2n1/4n3/8/2N2P1P/PP2QP2/R1B1KB1R w KQkq - 0 13,g4e5
6,EulerE,aoyekan,1288,1269,r2qkb1r/2pp1ppp/pp1P2n1/4n3/5B2/2N2P1P/PP2QP2/R3KB1R b KQkq - 1 13,c1f4
6,EulerE,aoyekan,1288,1269,r2qk2r/2pp1ppp/pp1b2n1/4n3/5B2/2N2P1P/PP2QP2/R3KB1R w KQkq - 0 14,f8d6
6,EulerE,aoyekan,1288,1269,r2qk2r/2pp1ppp/pp1b2n1/4B3/8/2N2P1P/PP2QP2/R3KB1R b KQkq - 0 14,f4e5
6,EulerE,aoyekan,1288,1269,r2qk2r/2pp1ppp/pp1b4/4n3/8/2N2P1P/PP2QP2/R3KB1R w KQkq - 0 15,g6e5
6,EulerE,aoyekan,1288,1269,r2qk2r/2pp1ppp/pp1b4/4n3/5P2/2N4P/PP2QP2/R3KB1R b KQkq - 0 15,f3f4
6,EulerE,aoyekan,1288,1269,r2q1rk1/2pp1ppp/pp1b4/4n3/5P2/2N4P/PP2QP2/R3KB1R w KQ - 1 16,e8g8
6,EulerE,aoyekan,1288,1269,r2q1rk1/2pp1ppp/pp1b4/4P3/8/2N4P/PP2QP2/R3KB1R b KQ - 0 16,f4e5
6,EulerE,aoyekan,1288,1269,r2qr1k1/2pp1ppp/pp1b4/4P3/8/2N4P/PP2QP2/R3KB1R w KQ - 1 17,f8e8
6,EulerE,aoyekan,1288,1269,r2qr1k1/2pp1ppp/pp1b4/4P3/8/2N2Q1P/PP3P2/R3KB1R b KQ - 2 17,e2f3
6,EulerE,aoyekan,1288,1269,r2q2k1/2pp1ppp/pp1b4/4r3/8/2N2Q1P/PP3P2/R3KB1R w KQ - 0 18,e8e5
6,EulerE,aoyekan,1288,1269,r2q2k1/2pp1ppp/pp1b4/4r3/8/2N2Q1P/PP2BP2/R3K2R b KQ - 1 18,f1e2
6,EulerE,aoyekan,1288,1269,r5k1/2pp1ppp/pp1b4/4r1q1/8/2N2Q1P/PP2BP2/R3K2R w KQ - 2 19,d8g5
6,EulerE,aoyekan,1288,1269,Q5k1/2pp1ppp/pp1b4/4r1q1/8/2N4P/PP2BP2/R3K2R b KQ - 0 19,f3a8
6,EulerE,aoyekan,1288,1269,Q4bk1/2pp1ppp/pp6/4r1q1/8/2N4P/PP2BP2/R3K2R w KQ - 1 20,d6f8
6,EulerE,aoyekan,1288,1269,5bk1/2pp1ppp/pp6/4r1q1/8/2N2Q1P/PP2BP2/R3K2R b KQ - 2 20,a8f3
6,EulerE,aoyekan,1288,1269,6k1/2pp1ppp/pp6/4r1q1/1b6/2N2Q1P/PP2BP2/R3K2R w KQ - 3 21,f8b4
6,EulerE,aoyekan,1288,1269,6k1/2pp1ppp/pp6/4r1q1/1b6/P1N2Q1P/1P2BP2/R3K2R b KQ - 0 21,a2a3
6,EulerE,aoyekan,1288,1269,6k1/2pp1ppp/pp6/2b1r1q1/8/P1N2Q1P/1P2BP2/R3K2R w KQ - 1 22,b4c5
6,EulerE,aoyekan,1288,1269,6k1/2pp1ppp/pp6/2b1r1q1/1P6/P1N2Q1P/4BP2/R3K2R b KQ - 0 22,b2b4
6,EulerE,aoyekan,1288,1269,6k1/2pp1ppp/pp6/2b2rq1/1P6/P1N2Q1P/4BP2/R3K2R w KQ - 1 23,e5f5
6,EulerE,aoyekan,1288,1269,6k1/2pp1ppp/pp6/2b2rq1/1P2Q3/P1N4P/4BP2/R3K2R b KQ - 2 23,f3e4
6,EulerE,aoyekan,1288,1269,6k1/2pp1ppp/pp6/5rq1/1P2Q3/P1N4P/4Bb2/R3K2R w KQ - 0 24,c5f2
6,EulerE,aoyekan,1288,1269,6k1/2pp1ppp/pp6/5rq1/1P2Q3/P1N4P/4Bb2/R2K3R b - - 1 24,e1d1
6,EulerE,aoyekan,1288,1269,6k1/2pp1pp1/pp5p/5rq1/1P2Q3/P1N4P/4Bb2/R2K3R w - - 0 25,h7h6
6,EulerE,aoyekan,1288,1269,6k1/2pp1pp1/pp5p/3N1rq1/1P2Q3/P6P/4Bb2/R2K3R b - - 1 25,c3d5
6,EulerE,aoyekan,1288,1269,6k1/2pp1pp1/pp5p/3r2q1/1P2Q3/P6P/4Bb2/R2K3R w - - 0 26,f5d5
6,EulerE,aoyekan,1288,1269,6k1/2pp1pp1/pp5p/3r2q1/1P2Q3/P2B3P/5b2/R2K3R b - - 1 26,e2d3
6,EulerE,aoyekan,1288,1269,6k1/2pp1pp1/pp5p/3r3q/1P2Q3/P2B3P/5b2/R2K3R w - - 2 27,g5h5
6,EulerE,aoyekan,1288,1269,6k1/2pp1pp1/pp5p/3r3q/1P2Q3/P2B3P/2K2b2/R6R b - - 3 27,d1c2
6,EulerE,aoyekan,1288,1269,6k1/2pp1pp1/pp5p/4r2q/1P2Q3/P2B3P/2K2b2/R6R w - - 4 28,d5e5
6,EulerE,aoyekan,1288,1269,Q5k1/2pp1pp1/pp5p/4r2q/1P6/P2B3P/2K2b2/R6R b - - 5 28,e4a8
6,EulerE,aoyekan,1288,1269,Q3r1k1/2pp1pp1/pp5p/7q/1P6/P2B3P/2K2b2/R6R w - - 6 29,e5e8
6,EulerE,aoyekan,1288,1269,4Q1k1/2pp1pp1/pp5p/7q/1P6/P2B3P/2K2b2/R6R b - - 0 29,a8e8
7,EulerE,Happy_Accidents,1288,1295,rnbqkbnr/pppppppp/8/8/3P4/8/PPP1PPPP/RNBQKBNR b KQkq - 0 1,d2d4
7,EulerE,Happy_Accidents,1288,1295,rnbqkbnr/ppp1pppp/8/3p4/3P4/8/PPP1PPPP/RNBQKBNR w KQkq - 0 2,d7d5
7,EulerE,Happy_Accidents,1288,1295,rnbqkbnr/ppp1pppp/8/3p4/2PP4/8/PP2PPPP/RNBQKBNR b KQkq - 0 2,c2c4
7,EulerE,Happy_Accidents,1288,1295,rnbqkbnr/ppp2ppp/4p3/3p4/2PP4/8/PP2PPPP/RNBQKBNR w KQkq - 0 3,e7e6
7,EulerE,Happy_Accidents,1288,1295,rnbqkbnr/ppp2ppp/4p3/3p4/2PP4/5N2/PP2PPPP/RNBQKB1R b KQkq - 1 3,g1f3
7,EulerE,Happy_Accidents,1288,1295,rnbqkb1r/ppp2ppp/4pn2/3p4/2PP4/5N2/PP2PPPP/RNBQKB1R w KQkq - 2 4,g8f6
7,EulerE,Happy_Accidents,1288,1295,rnbqkb1r/ppp2ppp/4pn2/3p4/2PP4/5NP1/PP2PP1P/RNBQKB1R b KQkq - 0 4,g2g3
7,EulerE,Happy_Accidents,1288,1295,rnbqk2r/ppp1bppp/4pn2/3p4/2PP4/5NP1/PP2PP1P/RNBQKB1R w KQkq - 1 5,f8e7
7,EulerE,Happy_Accidents,1288,1295,rnbqk2r/ppp1bppp/4pn2/3p4/2PP4/5NP1/PP2PPBP/RNBQK2R b KQkq - 2 5,f1g2
7,EulerE,Happy_Accidents,1288,1295,rnbq1rk1/ppp1bppp/4pn2/3p4/2PP4/5NP1/PP2PPBP/RNBQK2R w KQ - 3 6,e8g8
7,EulerE,Happy_Accidents,1288,1295,rnbq1rk1/ppp1bppp/4pn2/3p4/2PP4/5NP1/PP2PPBP/RNBQ1RK1 b - - 4 6,e1g1
7,EulerE,Happy_Accidents,1288,1295,rnbq1rk1/ppp1bppp/4pn2/8/2pP4/5NP1/PP2PPBP/RNBQ1RK1 w - - 0 7,d5c4
7,EulerE,Happy_Accidents,1288,1295,rnbq1rk1/ppp1bppp/4pn2/8/2pPP3/5NP1/PP3PBP/RNBQ1RK1 b - - 0 7,e2e4
7,EulerE,Happy_Accidents,1288,1295,rnbq1rk1/ppp1bppp/4p3/8/2pPn3/5NP1/PP3PBP/RNBQ1RK1 w - - 0 8,f6e4
7,EulerE,Happy_Accidents,1288,1295,rnbq1rk1/ppp1bppp/4p3/4N3/2pPn3/6P1/PP3PBP/RNBQ1RK1 b - - 1 8,f3e5
7,EulerE,Happy_Accidents,1288,1295,rnbq1rk1/ppp1bppp/4pn2/4N3/2pP4/6P1/PP3PBP/RNBQ1RK1 w - - 2 9,e4f6
7,EulerE,Happy_Accidents,1288,1295,rnbq1rk1/ppp1bppp/4pn2/4N3/2pP4/6P1/PP3PBP/RNBQR1K1 b - - 3 9,f1e1
7,EulerE,Happy_Accidents,1288,1295,rnbq1rk1/pp2bppp/2p1pn2/4N3/2pP4/6P1/PP3PBP/RNBQR1K1 w - - 0 10,c7c6
7,EulerE,Happy_Accidents,1288,1295,rnbq1rk1/pp2bppp/2p1pn2/4N3/2pP4/6P1/PPQ2PBP/RNB1R1K1 b - - 1 10,d1c2
7,EulerE,Happy_Accidents,1288,1295,rnb2rk1/pp2bppp/2p1pn2/4N3/2pq4/6P1/PPQ2PBP/RNB1R1K1 w - - 0 11,d8d4
7,EulerE,Happy_Accidents,1288,1295,rnb2rk1/pp2bppp/2p1pn2/4N3/2pq4/4B1P1/PPQ2PBP/RN2R1K1 b - - 1 11,c1e3
7,EulerE,Happy_Accidents,1288,1295,rnb2rk1/pp2bppp/2pqpn2/4N3/2p5/4B1P1/PPQ2PBP/RN2R1K1 w - - 2 12,d4d6
7,EulerE,Happy_Accidents,1288,1295,rnb2rk1/pp2bppp/2pqpn2/8/2N5/4B1P1/PPQ2PBP/RN2R1K1 b - - 0 12,e5c4
7,EulerE,Happy_Accidents,1288,1295,rnb2rk1/ppq1bppp/2p1pn2/8/2N5/4B1P1/PPQ2PBP/RN2R1K1 w - - 1 13,d6c7
7,EulerE,Happy_Accidents,1288,1295,rnb2rk1/ppq1bppp/2p1pn2/8/2N2B2/6P1/PPQ2PBP/RN2R1K1 b - - 2 13,e3f4
7,EulerE,Happy_Accidents,1288,1295,rnbq1rk1/pp2bppp/2p1pn2/8/2N2B2/6P1/PPQ2PBP/RN2R1K1 w - - 3 14,c7d8
7,EulerE,Happy_Accidents,1288,1295,rnbq1rk1/pp2bppp/2p1pn2/8/2N2B2/2N3P1/PPQ2PBP/R3R1K1 b - - 4 14,b1c3
7,EulerE,Happy_Accidents,1288,1295,r1bq1rk1/pp1nbppp/2p1pn2/8/2N2B2/2N3P1/PPQ2PBP/R3R1K1 w - - 5 15,b8d7
7,EulerE,Happy_Accidents,1288,1295,r1bq1rk1/pp1nbppp/2p1pn2/8/2N2B2/2N3P1/PPQ2PBP/3RR1K1 b - - 6 15,a1d1
7,EulerE,Happy_Accidents,1288,1295,r1bq1rk1/pp1n1ppp/2p1pn2/8/1bN2B2/2N3P1/PPQ2PBP/3RR1K1 w - - 7 16,e7b4
7,EulerE,Happy_Accidents,1288,1295,r1bq1rk1/pp1n1ppp/2pBpn2/8/1bN5/2N3P1/PPQ2PBP/3RR1K1 b - - 8 16,f4d6
7,EulerE,Happy_Accidents,1288,1295,r1bq1rk1/pp1n1ppp/2pbpn2/8/2N5/2N3P1/PPQ2PBP/3RR1K1 w - - 0 17,b4d6
7,EulerE,Happy_Accidents,1288,1295,r1bq1rk1/pp1n1ppp/2pNpn2/8/8/2N3P1/PPQ2PBP/3RR1K1 b - - 0 17,c4d6
7,EulerE,Happy_Accidents,1288,1295,r1b2rk1/ppqn1ppp/2pNpn2/8/8/2N3P1/PPQ2PBP/3RR1K1 w - - 1 18,d8c7
7,EulerE,Happy_Accidents,1288,1295,r1b2rk1/ppqn1ppp/2pNpn2/8/4N3/6P1/PPQ2PBP/3RR1K1 b - - 2 18,c3e4
7,EulerE,Happy_Accidents,1288,1295,r1b2rk1/ppqn1ppp/2pNp3/8/4n3/6P1/PPQ2PBP/3RR1K1 w - - 0 19,f6e4
7,EulerE,Happy_Accidents,1288,1295,r1b2rk1/ppqn1ppp/2pNp3/8/4B3/6P1/PPQ2P1P/3RR1K1 b - - 0 19,g2e4
7,EulerE,Happy_Accidents,1288,1295,r1b2rk1/ppq2ppp/2pNpn2/8/4B3/6P1/PPQ2P1P/3RR1K1 w - - 1 20,d7f6
7,EulerE,Happy_Accidents,1288,1295,r1b2rk1/ppq2ppp/2BNpn2/8/8/6P1/PPQ2P1P/3RR1K1 b - - 0 20,e4c6
7,EulerE,Happy_Accidents,1288,1295,r1b2rk1/p1q2ppp/2pNpn2/8/8/6P1/PPQ2P1P/3RR1K1 w - - 0 21,b7c6
7,EulerE,Happy_Accidents,1288,1295,r1b2rk1/p1q2ppp/2p1pn2/8/4N3/6P1/PPQ2P1P/3RR1K1 b - - 1 21,d6e4
7,EulerE,Happy_Accidents,1288,1295,r4rk1/p1q2ppp/b1p1pn2/8/4N3/6P1/PPQ2P1P/3RR1K1 w - - 2 22,c8a6
7,EulerE,Happy_Accidents,1288,1295,r4rk1/p1q2ppp/b1p1pn2/8/4N3/3Q2P1/PP3P1P/3RR1K1 b - - 3 22,c2d3
7,EulerE,Happy_Accidents,1288,1295,r4rk1/p1q2ppp/2p1pn2/8/2b1N3/3Q2P1/PP3P1P/3RR1K1 w - - 4 23,a6c4
7,EulerE,Happy_Accidents,1288,1295,r4rk1/p1q2ppp/2p1pn2/8/2Q1N3/6P1/PP3P1P/3RR1K1 b - - 0 23,d3c4
7,EulerE,Happy_Accidents,1288,1295,1r3rk1/p1q2ppp/2p1pn2/8/2Q1N3/6P1/PP3P1P/3RR1K1 w - - 1 24,a8b8
7,EulerE,Happy_Accidents,1288,1295,1r3rk1/p1q2ppp/2p1pN2/8/2Q5/6P1/PP3P1P/3RR1K1 b - - 0 24,e4f6
7,EulerE,Happy_Accidents,1288,1295,1r3rk1/p1q2p1p/2p1pp2/8/2Q5/6P1/PP3P1P/3RR1K1 w - - 0 25,g7f6
7,EulerE,Happy_Accidents,1288,1295,1r3rk1/p1q2p1p/2p1pp2/8/3Q4/6P1/PP3P1P/3RR1K1 b - - 1 25,c4d4
7,EulerE,Happy_Accidents,1288,1295,1r3rk1/p1q2p1p/2p2p2/4p3/3Q4/6P1/PP3P1P/3RR1K1 w - - 0 26,e6e5
7,EulerE,Happy_Accidents,1288,1295,1r3rk1/p1q2p1p/2p2p2/4p3/7Q/6P1/PP3P1P/3RR1K1 b - - 1 26,d4h4
7,EulerE,Happy_Accidents,1288,1295,1r3rk1/p3qp1p/2p2p2/4p3/7Q/6P1/PP3P1P/3RR1K1 w - - 2 27,c7e7
7,EulerE,Happy_Accidents,1288,1295,1r3rk1/p3qp1p/2p2p2/4p3/4R2Q/6P1/PP3P1P/3R2K1 b - - 3 27,e1e4
7,EulerE,Happy_Accidents,1288,1295,1r3r1k/p3qp1p/2p2p2/4p3/4R2Q/6P1/PP3P1P/3R2K1 w - - 4 28,g8h8
7,EulerE,Happy_Accidents,1288,1295,1r3r1k/p2Rqp1p/2p2p2/4p3/4R2Q/6P1/PP3P1P/6K1 b - - 5 28,d1d7
7,EulerE,Happy_Accidents,1288,1295,1r3r1k/p2q1p1p/2p2p2/4p3/4R2Q/6P1/PP3P1P/6K1 w - - 0 29,e7d7
7,EulerE,Happy_Accidents,1288,1295,1r3r1k/p2q1p1p/2p2Q2/4p3/4R3/6P1/PP3P1P/6K1 b - - 0 29,h4f6
7,EulerE,Happy_Accidents,1288,1295,1r3rk1/p2q1p1p/2p2Q2/4p3/4R3/6P1/PP3P1P/6K1 w - - 1 30,h8g8
7,EulerE,Happy_Accidents,1288,1295,1r3rk1/p2q1p1p/2p5/4p1Q1/4R3/6P1/PP3P1P/6K1 b - - 2 30,f6g5
7,EulerE,Happy_Accidents,1288,1295,1r3r1k/p2q1p1p/2p5/4p1Q1/4R3/6P1/PP3P1P/6K1 w - - 3 31,g8h8
7,EulerE,Happy_Accidents,1288,1295,1r3r1k/p2q1p1p/2p2Q2/4p3/4R3/6P1/PP3P1P/6K1 b - - 4 31,g5f6
7,EulerE,Happy_Accidents,1288,1295,1r3rk1/p2q1p1p/2p2Q2/4p3/4R3/6P1/PP3P1P/6K1 w - - 5 32,h8g8
7,EulerE,Happy_Accidents,1288,1295,1r3rk1/p2q1p1p/2p5/4p1Q1/4R3/6P1/PP3P1P/6K1 b - - 6 32,f6g5
7,EulerE,Happy_Accidents,1288,1295,1r3r1k/p2q1p1p/2p5/4p1Q1/4R3/6P1/PP3P1P/6K1 w - - 7 33,g8h8
7,EulerE,Happy_Accidents,1288,1295,1r3r1k/p2q1p1p/2p2Q2/4p3/4R3/6P1/PP3P1P/6K1 b - - 8 33,g5f6
8,Happy_Accidents,EulerE,1287,1296,rnbqkbnr/pppppppp/8/8/3P4/8/PPP1PPPP/RNBQKBNR b KQkq - 0 1,d2d4
8,Happy_Accidents,EulerE,1287,1296,rnbqkbnr/ppp1pppp/8/3p4/3P4/8/PPP1PPPP/RNBQKBNR w KQkq - 0 2,d7d5
8,Happy_Accidents,EulerE,1287,1296,rnbqkbnr/ppp1pppp/8/3p4/2PP4/8/PP2PPPP/RNBQKBNR b KQkq - 0 2,c2c4
8,Happy_Accidents,EulerE,1287,1296,rnbqkbnr/ppp2ppp/4p3/3p4/2PP4/8/PP2PPPP/RNBQKBNR w KQkq - 0 3,e7e6
8,Happy_Accidents,EulerE,1287,1296,rnbqkbnr/ppp2ppp/4p3/3p4/2PP4/2N5/PP2PPPP/R1BQKBNR b KQkq - 1 3,b1c3
8,Happy_Accidents,EulerE,1287,1296,rnbqkbnr/pp3ppp/2p1p3/3p4/2PP4/2N5/PP2PPPP/R1BQKBNR w KQkq - 0 4,c7c6
8,Happy_Accidents,EulerE,1287,1296,rnbqkbnr/pp3ppp/2p1p3/3p4/2PP4/2N2N2/PP2PPPP/R1BQKB1R b KQkq - 1 4,g1f3
8,Happy_Accidents,EulerE,1287,1296,rnbqkb1r/pp3ppp/2p1pn2/3p4/2PP4/2N2N2/PP2PPPP/R1BQKB1R w KQkq - 2 5,g8f6
8,Happy_Accidents,EulerE,1287,1296,rnbqkb1r/pp3ppp/2p1pn2/3p4/2PP4/2N1PN2/PP3PPP/R1BQKB1R b KQkq - 0 5,e2e3
8,Happy_Accidents,EulerE,1287,1296,rnbqk2r/pp2bppp/2p1pn2/3p4/2PP4/2N1PN2/PP3PPP/R1BQKB1R w KQkq - 1 6,f8e7
8,Happy_Accidents,EulerE,1287,1296,rnbqk2r/pp2bppp/2p1pn2/3P4/3P4/2N1PN2/PP3PPP/R1BQKB1R b KQkq - 0 6,c4d5
8,Happy_Accidents,EulerE,1287,1296,rnbqk2r/pp2bppp/4pn2/3p4/3P4/2N1PN2/PP3PPP/R1BQKB1R w KQkq - 0 7,c6d5
8,Happy_Accidents,EulerE,1287,1296,rnbqk2r/pp2bppp/4pn2/3p4/3P4/2NBPN2/PP3PPP/R1BQK2R b KQkq - 1 7,f1d3
8,Happy_Accidents,EulerE,1287,1296,r1bqk2r/pp2bppp/2n1pn2/3p4/3P4/2NBPN2/PP3PPP/R1BQK2R w KQkq - 2 8,b8c6
8,Happy_Accidents,EulerE,1287,1296,r1bqk2r/pp2bppp/2n1pn2/3p4/3P4/2NBPN2/PP3PPP/R1BQ1RK1 b kq - 3 8,e1g1
8,Happy_Accidents,EulerE,1287,1296,r1bq1rk1/pp2bppp/2n1pn2/3p4/3P4/2NBPN2/PP3PPP/R1BQ1RK1 w - - 4 9,e8g8
8,Happy_Accidents,EulerE,1287,1296,r1bq1rk1/pp2bppp/2n1pn2/3p4/3PP3/2NB1N2/PP3PPP/R1BQ1RK1 b - - 0 9,e3e4
8,Happy_Accidents,EulerE,1287,1296,r1bq1rk1/pp2bppp/2n1pn2/8/3Pp3/2NB1N2/PP3PPP/R1BQ1RK1 w - - 0 10,d5e4
8,Happy_Accidents,EulerE,1287,1296,r1bq1rk1/pp2bppp/2n1pn2/8/3PN3/3B1N2/PP3PPP/R1BQ1RK1 b - - 0 10,c3e4
8,Happy_Accidents,EulerE,1287,1296,r1bq1rk1/pp2bppp/2n1p3/8/3Pn3/3B1N2/PP3PPP/R1BQ1RK1 w - - 0 11,f6e4
8,Happy_Accidents,EulerE,1287,1296,r1bq1rk1/pp2bppp/2n1p3/8/3PB3/5N2/PP3PPP/R1BQ1RK1 b - - 0 11,d3e4
8,Happy_Accidents,EulerE,1287,1296,r1b2rk1/pp2bppp/2nqp3/8/3PB3/5N2/PP3PPP/R1BQ1RK1 w - - 1 12,d8d6
9,baribarbart,EulerE,835,936,rnbqkbnr/pppppppp/8/8/3P4/8/PPP1PPPP/RNBQKBNR b KQkq - 0 1,d2d4
9,baribarbart,EulerE,835,936,rnbqkbnr/ppp1pppp/8/3p4/3P4/8/PPP1PPPP/RNBQKBNR w KQkq - 0 2,d7d5
9,baribarbart,EulerE,835,936,rnbqkbnr/ppp1pppp/8/3p4/3P1B2/8/PPP1PPPP/RN1QKBNR b KQkq - 1 2,c1f4
9,baribarbart,EulerE,835,936,r1bqkbnr/ppp1pppp/2n5/3p4/3P1B2/8/PPP1PPPP/RN1QKBNR w KQkq - 2 3,b8c6
9,baribarbart,EulerE,835,936,r1bqkbnr/ppp1pppp/2n5/3p4/3P1B2/5N2/PPP1PPPP/RN1QKB1R b KQkq - 3 3,g1f3
9,baribarbart,EulerE,835,936,r1bqkb1r/ppp1pppp/2n2n2/3p4/3P1B2/5N2/PPP1PPPP/RN1QKB1R w KQkq - 4 4,g8f6
9,baribarbart,EulerE,835,936,r1bqkb1r/ppp1pppp/2n2n2/3p4/3P1B2/4PN2/PPP2PPP/RN1QKB1R b KQkq - 0 4,e2e3
9,baribarbart,EulerE,835,936,r1bqkb1r/ppp1pp1p/2n2np1/3p4/3P1B2/4PN2/PPP2PPP/RN1QKB1R w KQkq - 0 5,g7g6
9,baribarbart,EulerE,835,936,r1bqkb1r/ppp1pp1p/2n2np1/3p4/3P1B2/4PN2/PPPN1PPP/R2QKB1R b KQkq - 1 5,b1d2
9,baribarbart,EulerE,835,936,r1bqk2r/ppp1ppbp/2n2np1/3p4/3P1B2/4PN2/PPPN1PPP/R2QKB1R w KQkq - 2 6,f8g7
9,baribarbart,EulerE,835,936,r1bqk2r/ppp1ppbp/2n2np1/3p4/3P1B2/3BPN2/PPPN1PPP/R2QK2R b KQkq - 3 6,f1d3
9,baribarbart,EulerE,835,936,r1bq1rk1/ppp1ppbp/2n2np1/3p4/3P1B2/3BPN2/PPPN1PPP/R2QK2R w KQ - 4 7,e8g8
9,baribarbart,EulerE,835,936,r1bq1rk1/ppp1ppbp/2n2np1/3p4/3P1B2/3BPN2/PPPN1PPP/R2Q1RK1 b - - 5 7,e1g1
9,baribarbart,EulerE,835,936,r1bqr1k1/ppp1ppbp/2n2np1/3p4/3P1B2/3BPN2/PPPN1PPP/R2Q1RK1 w - - 6 8,f8e8
9,baribarbart,EulerE,835,936,r1bqr1k1/ppp1ppbp/2n2np1/3p4/2PP1B2/3BPN2/PP1N1PPP/R2Q1RK1 b - - 0 8,c2c4
9,baribarbart,EulerE,835,936,r1bqr1k1/ppp1ppbp/2n2np1/8/2pP1B2/3BPN2/PP1N1PPP/R2Q1RK1 w - - 0 9,d5c4
9,baribarbart,EulerE,835,936,r1bqr1k1/ppp1ppbp/2n2np1/8/2BP1B2/4PN2/PP1N1PPP/R2Q1RK1 b - - 0 9,d3c4
9,baribarbart,EulerE,835,936,r1bqr1k1/ppp2pbp/2n2np1/4p3/2BP1B2/4PN2/PP1N1PPP/R2Q1RK1 w - - 0 10,e7e5
9,baribarbart,EulerE,835,936,r1bqr1k1/ppp2pbp/2n2np1/4P3/2B2B2/4PN2/PP1N1PPP/R2Q1RK1 b - - 0 10,d4e5
9,baribarbart,EulerE,835,936,r1bqr1k1/ppp2pbp/5np1/4n3/2B2B2/4PN2/PP1N1PPP/R2Q1RK1 w - - 0 11,c6e5
9,baribarbart,EulerE,835,936,r1bqr1k1/ppp2pbp/5np1/4B3/2B5/4PN2/PP1N1PPP/R2Q1RK1 b - - 0 11,f4e5
9,baribarbart,EulerE,835,936,r1bqr1k1/ppp2pbp/6p1/4B3/2B3n1/4PN2/PP1N1PPP/R2Q1RK1 w - - 1 12,f6g4
9,baribarbart,EulerE,835,936,r1bqr1k1/ppp2pbp/6p1/8/2B2Bn1/4PN2/PP1N1PPP/R2Q1RK1 b - - 2 12,e5f4
9,baribarbart,EulerE,835,936,r1bqr1k1/ppp2p1p/6p1/4b3/2B2Bn1/4PN2/PP1N1PPP/R2Q1RK1 w - - 3 13,g7e5
9,baribarbart,EulerE,835,936,r1bqr1k1/ppp2p1p/6p1/4B3/2B3n1/4PN2/PP1N1PPP/R2Q1RK1 b - - 0 13,f4e5
9,baribarbart,EulerE,835,936,r1bqr1k1/ppp2p1p/6p1/4n3/2B5/4PN2/PP1N1PPP/R2Q1RK1 w - - 0 14,g4e5
9,baribarbart,EulerE,835,936,r1bqr1k1/ppp2p1p/6p1/4N3/2B5/4P3/PP1N1PPP/R2Q1RK1 b - - 0 14,f3e5
9,baribarbart,EulerE,835,936,r1bq2k1/ppp2p1p/6p1/4r3/2B5/4P3/PP1N1PPP/R2Q1RK1 w - - 0 15,e8e5
9,baribarbart,EulerE,835,936,r1bq2k1/ppp2p1p/6p1/4r3/2B5/1Q2P3/PP1N1PPP/R4RK1 b - - 1 15,d1b3
9,baribarbart,EulerE,835,936,r2q2k1/ppp2p1p/4b1p1/4r3/2B5/1Q2P3/PP1N1PPP/R4RK1 w - - 2 16,c8e6
9,baribarbart,EulerE,835,936,r2q2k1/ppp2p1p/4B1p1/4r3/8/1Q2P3/PP1N1PPP/R4RK1 b - - 0 16,c4e6
9,baribarbart,EulerE,835,936,r2q2k1/ppp2p1p/4r1p1/8/8/1Q2P3/PP1N1PPP/R4RK1 w - - 0 17,e5e6
9,baribarbart,EulerE,835,936,r2q2k1/ppp2p1p/4r1p1/8/8/1Q2PN2/PP3PPP/R4RK1 b - - 1 17,d2f3
9,baribarbart,EulerE,835,936,r5k1/pppq1p1p/4r1p1/8/8/1Q2PN2/PP3PPP/R4RK1 w - - 2 18,d8d7
9,baribarbart,EulerE,835,936,r5k1/pppq1p1p/4r1p1/8/8/1Q2PN2/PP3PPP/R2R2K1 b - - 3 18,f1d1
9,baribarbart,EulerE,835,936,r5k1/ppp1qp1p/4r1p1/8/8/1Q2PN2/PP3PPP/R2R2K1 w - - 4 19,d7e7
9,baribarbart,EulerE,835,936,r5k1/ppp1qp1p/4r1p1/8/8/1Q2PN2/PP3PPP/2RR2K1 b - - 5 19,a1c1
9,baribarbart,EulerE,835,936,3r2k1/ppp1qp1p/4r1p1/8/8/1Q2PN2/PP3PPP/2RR2K1 w - - 6 20,a8d8
9,baribarbart,EulerE,835,936,3r2k1/pppRqp1p/4r1p1/8/8/1Q2PN2/PP3PPP/2R3K1 b - - 7 20,d1d7
9,baribarbart,EulerE,835,936,6k1/ppprqp1p/4r1p1/8/8/1Q2PN2/PP3PPP/2R3K1 w - - 0 21,d8d7
9,baribarbart,EulerE,835,936,6k1/pQprqp1p/4r1p1/8/8/4PN2/PP3PPP/2R3K1 b - - 0 21,b3b7
9,baribarbart,EulerE,835,936,6k1/pQprqp1p/3r2p1/8/8/4PN2/PP3PPP/2R3K1 w - - 1 22,e6d6
9,baribarbart,EulerE,835,936,6k1/Q1prqp1p/3r2p1/8/8/4PN2/PP3PPP/2R3K1 b - - 0 22,b7a7
9,baribarbart,EulerE,835,936,6k1/Q1prqp1p/6p1/8/8/4PN2/PP3PPP/2Rr2K1 w - - 1 23,d6d1
9,baribarbart,EulerE,835,936,6k1/Q1prqp1p/6p1/8/8/4PN2/PP3PPP/3R2K1 b - - 0 23,c1d1
9,baribarbart,EulerE,835,936,6k1/Q1p1qp1p/6p1/8/8/4PN2/PP3PPP/3r2K1 w - - 0 24,d7d1
10,dteod,EulerE,911,944,rnbqkbnr/pppppppp/8/8/4P3/8/PPPP1PPP/RNBQKBNR b KQkq - 0 1,e2e4
10,dteod,EulerE,911,944,rnbqkbnr/pppp1ppp/8/4p3/4P3/8/PPPP1PPP/RNBQKBNR w KQkq - 0 2,e7e5
10,dteod,EulerE,911,944,rnbqkbnr/pppp1ppp/8/4p3/4P3/5N2/PPPP1PPP/RNBQKB1R b KQkq - 1 2,g1f3
10,dteod,EulerE,911,944,r1bqkbnr/pppp1ppp/2n5/4p3/4P3/5N2/PPPP1PPP/RNBQKB1R w KQkq - 2 3,b8c6
10,dteod,EulerE,911,944,r1bqkbnr/pppp1ppp/2n5/4p3/4P3/2N2N2/PPPP1PPP/R1BQKB1R b KQkq - 3 3,b1c3
10,dteod,EulerE,911,944,r1bqkb1r/pppp1ppp/2n2n2/4p3/4P3/2N2N2/PPPP1PPP/R1BQKB1R w KQkq - 4 4,g8f6
10,dteod,EulerE,911,944,r1bqkb1r/pppp1ppp/2n2n2/1B2p3/4P3/2N2N2/PPPP1PPP/R1BQK2R b KQkq - 5 4,f1b5
10,dteod,EulerE,911,944,r1bqkb1r/ppp2ppp/2np1n2/1B2p3/4P3/2N2N2/PPPP1PPP/R1BQK2R w KQkq - 0 5,d7d6
10,dteod,EulerE,911,944,r1bqkb1r/ppp2ppp/2np1n2/1B1Np3/4P3/5N2/PPPP1PPP/R1BQK2R b KQkq - 1 5,c3d5
10,dteod,EulerE,911,944,r1bqkb1r/ppp2ppp/2np4/1B1np3/4P3/5N2/PPPP1PPP/R1BQK2R w KQkq - 0 6,f6d5
10,dteod,EulerE,911,944,r1bqkb1r/ppp2ppp/2np4/1B1Pp3/8/5N2/PPPP1PPP/R1BQK2R b KQkq - 0 6,e4d5
10,dteod,EulerE,911,944,r1bqkb1r/1pp2ppp/p1np4/1B1Pp3/8/5N2/PPPP1PPP/R1BQK2R w KQkq - 0 7,a7a6
10,dteod,EulerE,911,944,r1bqkb1r/1pp2ppp/p1Bp4/3Pp3/8/5N2/PPPP1PPP/R1BQK2R b KQkq - 0 7,b5c6
10,dteod,EulerE,911,944,r1bqkb1r/2p2ppp/p1pp4/3Pp3/8/5N2/PPPP1PPP/R1BQK2R w KQkq - 0 8,b7c6
10,dteod,EulerE,911,944,r1bqkb1r/2p2ppp/p1Pp4/4p3/8/5N2/PPPP1PPP/R1BQK2R b KQkq - 0 8,d5c6
10,dteod,EulerE,911,944,r2qkb1r/2p2ppp/p1Ppb3/4p3/8/5N2/PPPP1PPP/R1BQK2R w KQkq - 1 9,c8e6
10,dteod,EulerE,911,944,r2qkb1r/2p2ppp/p1Ppb3/4p3/8/5N2/PPPPQPPP/R1B1K2R b KQkq - 2 9,d1e2
10,dteod,EulerE,911,944,r2qk2r/2p1bppp/p1Ppb3/4p3/8/5N2/PPPPQPPP/R1B1K2R w KQkq - 3 10,f8e7
10,dteod,EulerE,911,944,r2qk2r/2p1bppp/p1Ppb3/4p3/8/3Q1N2/PPPP1PPP/R1B1K2R b KQkq - 4 10,e2d3
10,dteod,EulerE,911,944,r2q1rk1/2p1bppp/p1Ppb3/4p3/8/3Q1N2/PPPP1PPP/R1B1K2R w KQ - 5 11,e8g8
10,dteod,EulerE,911,944,r2q1rk1/2p1bppp/p1Ppb3/4p3/8/2Q2N2/PPPP1PPP/R1B1K2R b KQ - 6 11,d3c3
10,dteod,EulerE,911,944,1r1q1rk1/2p1bppp/p1Ppb3/4p3/8/2Q2N2/PPPP1PPP/R1B1K2R w KQ - 7 12,a8b8
10,dteod,EulerE,911,944,1r1q1rk1/2p1bppp/p1Ppb3/4p3/8/1PQ2N2/P1PP1PPP/R1B1K2R b KQ - 0 12,b2b3
10,dteod,EulerE,911,944,1rq2rk1/2p1bppp/p1Ppb3/4p3/8/1PQ2N2/P1PP1PPP/R1B1K2R w KQ - 1 13,d8c8
10,dteod,EulerE,911,944,1rq2rk1/2p1bppp/p1Ppb3/4p3/8/BPQ2N2/P1PP1PPP/R3K2R b KQ - 2 13,c1a3
10,dteod,EulerE,911,944,2q2rk1/2p1bppp/prPpb3/4p3/8/BPQ2N2/P1PP1PPP/R3K2R w KQ - 3 14,b8b6
10,dteod,EulerE,911,944,2q2rk1/2p1bppp/prPpb3/4p3/7P/BPQ2N2/P1PP1PP1/R3K2R b KQ - 0 14,h2h4
10,dteod,EulerE,911,944,2q2rk1/2p1bppp/prPp4/3bp3/7P/BPQ2N2/P1PP1PP1/R3K2R w KQ - 1 15,e6d5
10,dteod,EulerE,911,944,2q2rk1/2p1bppp/prPp4/3bN3/7P/BPQ5/P1PP1PP1/R3K2R b KQ - 0 15,f3e5
10,dteod,EulerE,911,944,2q2rk1/2p1bppp/prP5/3bp3/7P/BPQ5/P1PP1PP1/R3K2R w KQ - 0 16,d6e5
10,dteod,EulerE,911,944,2q2rk1/2p1bppp/prP5/3bQ3/7P/BP6/P1PP1PP1/R3K2R b KQ - 0 16,c3e5
10,dteod,EulerE,911,944,2q2rk1/2p2ppp/prP5/3bQ3/7P/bP6/P1PP1PP1/R3K2R w KQ - 0 17,e7a3
10,dteod,EulerE,911,944,2q2rk1/2p2ppp/prP5/3Q4/7P/bP6/P1PP1PP1/R3K2R b KQ - 0 17,e5d5
10,dteod,EulerE,911,944,2q1r1k1/2p2ppp/prP5/3Q4/7P/bP6/P1PP1PP1/R3K2R w KQ - 1 18,f8e8
10,dteod,EulerE,911,944,2q1r1k1/2p2ppp/prP5/3Q4/7P/bP6/P1PP1PP1/R4K1R b - - 2 18,e1f1
10,dteod,EulerE,911,944,2q1r1k1/2p2ppp/prP5/3Q4/7P/1P6/PbPP1PP1/R4K1R w - - 3 19,a3b2
10,dteod,EulerE,911,944,2q1r1k1/2p2ppp/prP5/3Q4/7P/1P6/PbPP1PP1/4RK1R b - - 4 19,a1e1
10,dteod,EulerE,911,944,2q3k1/2p2ppp/prP5/3Q4/7P/1P6/PbPP1PP1/4rK1R w - - 0 20,e8e1
10,dteod,EulerE,911,944,2q3k1/2p2ppp/prP5/3Q4/7P/1P6/PbPP1PP1/4K2R b - - 0 20,f1e1
10,dteod,EulerE,911,944,6k1/2p2ppp/prP1q3/3Q4/7P/1P6/PbPP1PP1/4K2R w - - 1 21,c8e6
10,dteod,EulerE,911,944,6k1/2p2ppp/prP1Q3/8/7P/1P6/PbPP1PP1/4K2R b - - 0 21,d5e6
10,dteod,EulerE,911,944,6k1/2p3pp/prP1p3/8/7P/1P6/PbPP1PP1/4K2R w - - 0 22,f7e6
10,dteod,EulerE,911,944,6k1/2p3pp/prP1p3/8/7P/1P6/PbPP1PP1/3K3R b - - 1 22,e1d1
10,dteod,EulerE,911,944,6k1/2p3pp/p1r1p3/8/7P/1P6/PbPP1PP1/3K3R w - - 0 23,b6c6
10,dteod,EulerE,911,944,6k1/2p3pp/p1r1p3/8/7P/1P6/PbPP1PP1/3KR3 b - - 1 23,h1e1
10,dteod,EulerE,911,944,6k1/2p3pp/p1r1p3/8/3b3P/1P6/P1PP1PP1/3KR3 w - - 2 24,b2d4
10,dteod,EulerE,911,944,6k1/2p3pp/p1r1p3/8/3bR2P/1P6/P1PP1PP1/3K4 b - - 3 24,e1e4
10,dteod,EulerE,911,944,6k1/2p3pp/p1r1p3/8/4R2P/1P6/P1PP1bP1/3K4 w - - 0 25,d4f2
10,dteod,EulerE,911,944,6k1/2p3pp/p1r1R3/8/7P/1P6/P1PP1bP1/3K4 b - - 0 25,e4e6
10,dteod,EulerE,911,944,6k1/2p3pp/p3r3/8/7P/1P6/P1PP1bP1/3K4 w - - 0 26,c6e6
11,EulerE,dlatusekwppl,952,922,rnbqkbnr/pppppppp/8/8/3P4/8/PPP1PPPP/RNBQKBNR b KQkq - 0 1,d2d4
11,EulerE,dlatusekwppl,952,922,rnbqkbnr/ppp1pppp/3p4/8/3P4/8/PPP1PPPP/RNBQKBNR w KQkq - 0 2,d7d6
11,EulerE,dlatusekwppl,952,922,rnbqkbnr/ppp1pppp/3p4/8/2PP4/8/PP2PPPP/RNBQKBNR b KQkq - 0 2,c2c4
11,EulerE,dlatusekwppl,952,922,rnbqkbnr/pp2pppp/2pp4/8/2PP4/8/PP2PPPP/RNBQKBNR w KQkq - 0 3,c7c6
11,EulerE,dlatusekwppl,952,922,rnbqkbnr/pp2pppp/2pp4/8/2PP4/5N2/PP2PPPP/RNBQKB1R b KQkq - 1 3,g1f3
11,EulerE,dlatusekwppl,952,922,rnbqkbnr/p3pppp/1ppp4/8/2PP4/5N2/PP2PPPP/RNBQKB1R w KQkq - 0 4,b7b6
11,EulerE,dlatusekwppl,952,922,rnbqkbnr/p3pppp/1ppp4/8/2PP4/5NP1/PP2PP1P/RNBQKB1R b KQkq - 0 4,g2g3
11,EulerE,dlatusekwppl,952,922,rnbqkbnr/4pppp/pppp4/8/2PP4/5NP1/PP2PP1P/RNBQKB1R w KQkq - 0 5,a7a6
11,EulerE,dlatusekwppl,952,922,rnbqkbnr/4pppp/pppp4/8/2PP4/5NP1/PP2PPBP/RNBQK2R b KQkq - 1 5,f1g2
11,EulerE,dlatusekwppl,952,922,rnbqkbnr/5ppp/ppppp3/8/2PP4/5NP1/PP2PPBP/RNBQK2R w KQkq - 0 6,e7e6
11,EulerE,dlatusekwppl,952,922,rnbqkbnr/5ppp/ppppp3/8/2PP4/5NP1/PP2PPBP/RNBQ1RK1 b kq - 1 6,e1g1
11,EulerE,dlatusekwppl,952,922,rnbqkbnr/6pp/pppppp2/8/2PP4/5NP1/PP2PPBP/RNBQ1RK1 w kq - 0 7,f7f6
11,EulerE,dlatusekwppl,952,922,rnbqkbnr/6pp/pppppp2/3P4/2P5/5NP1/PP2PPBP/RNBQ1RK1 b kq - 0 7,d4d5
11,EulerE,dlatusekwppl,952,922,rnbqkbnr/6pp/pppp1p2/3p4/2P5/5NP1/PP2PPBP/RNBQ1RK1 w kq - 0 8,e6d5
11,EulerE,dlatusekwppl,952,922,rnbqkbnr/6pp/pppp1p2/3P4/8/5NP1/PP2PPBP/RNBQ1RK1 b kq - 0 8,c4d5
11,EulerE,dlatusekwppl,952,922,rnbqkbnr/6pp/pp1p1p2/3p4/8/5NP1/PP2PPBP/RNBQ1RK1 w kq - 0 9,c6d5
11,EulerE,dlatusekwppl,952,922,rnbqkbnr/6pp/pp1p1p2/3Q4/8/5NP1/PP2PPBP/RNB2RK1 b kq - 0 9,d1d5
11,EulerE,dlatusekwppl,952,922,1nbqkbnr/r5pp/pp1p1p2/3Q4/8/5NP1/PP2PPBP/RNB2RK1 w k - 1 10,a8a7
11,EulerE,dlatusekwppl,952,922,1nbqkbnr/r5pp/pp1p1p2/3Q4/4P3/5NP1/PP3PBP/RNB2RK1 b k - 0 10,e2e4
11,EulerE,dlatusekwppl,952,922,1nbqkbnr/r6p/pp1p1pp1/3Q4/4P3/5NP1/PP3PBP/RNB2RK1 w k - 0 11,g7g6
11,EulerE,dlatusekwppl,952,922,1nbqkbnr/r6p/pp1p1pp1/3Q4/4P3/5NP1/PP3PBP/RNB1R1K1 b k - 1 11,f1e1
11,EulerE,dlatusekwppl,952,922,1nbqkbnr/r6p/pp1p2p1/3Q1p2/4P3/5NP1/PP3PBP/RNB1R1K1 w k - 0 12,f6f5
11,EulerE,dlatusekwppl,952,922,1nbqkbnr/r6p/pp1p2p1/3Q1P2/8/5NP1/PP3PBP/RNB1R1K1 b k - 0 12,e4f5
11,EulerE,dlatusekwppl,952,922,1nbqkb1r/r3n2p/pp1p2p1/3Q1P2/8/5NP1/PP3PBP/RNB1R1K1 w k - 1 13,g8e7
11,EulerE,dlatusekwppl,952,922,1nbqkb1r/r3n2p/pp1p2P1/3Q4/8/5NP1/PP3PBP/RNB1R1K1 b k - 0 13,f5g6
11,EulerE,dlatusekwppl,952,922,1nbqkb1r/r3n3/pp1p2p1/3Q4/8/5NP1/PP3PBP/RNB1R1K1 w k - 0 14,h7g6
11,EulerE,dlatusekwppl,952,922,1nbqkb1r/r3n3/pp1p2p1/6Q1/8/5NP1/PP3PBP/RNB1R1K1 b k - 1 14,d5g5
11,EulerE,dlatusekwppl,952,922,1nbq1b1r/r2kn3/pp1p2p1/6Q1/8/5NP1/PP3PBP/RNB1R1K1 w - - 2 15,e8d7
11,EulerE,dlatusekwppl,952,922,1nbq1b1r/r2kn3/pp1p2p1/8/6Q1/5NP1/PP3PBP/RNB1R1K1 b - - 3 15,g5g4
11,EulerE,dlatusekwppl,952,922,1nbq1b1r/r2k4/pp1p2p1/5n2/6Q1/5NP1/PP3PBP/RNB1R1K1 w - - 4 16,e7f5
11,EulerE,dlatusekwppl,952,922,1nbq1b1r/r2k4/pp1p2p1/5n2/3N2Q1/6P1/PP3PBP/RNB1R1K1 b - - 5 16,f3d4
11,EulerE,dlatusekwppl,952,922,1nbq1b1r/r1k5/pp1p2p1/5n2/3N2Q1/6P1/PP3PBP/RNB1R1K1 w - - 6 17,d7c7
11,EulerE,dlatusekwppl,952,922,1nbq1b1r/r1k5/pp1p2p1/5N2/6Q1/6P1/PP3PBP/RNB1R1K1 b - - 0 17,d4f5
11,EulerE,dlatusekwppl,952,922,1nbq1b1r/r1k5/pp1p4/5p2/6Q1/6P1/PP3PBP/RNB1R1K1 w - - 0 18,g6f5
11,EulerE,dlatusekwppl,952,922,1nbq1b1r/r1k5/pp1p4/5p2/2Q5/6P1/PP3PBP/RNB1R1K1 b - - 1 18,g4c4
11,EulerE,dlatusekwppl,952,922,2bq1b1r/r1k5/ppnp4/5p2/2Q5/6P1/PP3PBP/RNB1R1K1 w - - 2 19,b8c6
11,EulerE,dlatusekwppl,952,922,2bq1b1r/r1k5/ppnp4/5p2/2Q2B2/6P1/PP3PBP/RN2R1K1 b - - 3 19,c1f4
11,EulerE,dlatusekwppl,952,922,2bq1b1r/rk6/ppnp4/5p2/2Q2B2/6P1/PP3PBP/RN2R1K1 w - - 4 20,c7b7
11,EulerE,dlatusekwppl,952,922,2bq1b1r/rk6/ppnp4/5p2/2Q2B2/2N3P1/PP3PBP/R3R1K1 b - - 5 20,b1c3
11,EulerE,dlatusekwppl,952,922,1kbq1b1r/r7/ppnp4/5p2/2Q2B2/2N3P1/PP3PBP/R3R1K1 w - - 6 21,b7b8
11,EulerE,dlatusekwppl,952,922,1kbq1b1r/r7/ppnp4/5p2/2Q2B2/2N3P1/PP3PBP/3RR1K1 b - - 7 21,a1d1
11,EulerE,dlatusekwppl,952,922,1kbq1b1r/r7/pp1p4/n4p2/2Q2B2/2N3P1/PP3PBP/3RR1K1 w - - 8 22,c6a5
11,EulerE,dlatusekwppl,952,922,1kbq1b1r/r7/pp1B4/n4p2/2Q5/2N3P1/PP3PBP/3RR1K1 b - - 0 22,f4d6
11,EulerE,dlatusekwppl,952,922,1kbq3r/r7/pp1b4/n4p2/2Q5/2N3P1/PP3PBP/3RR1K1 w - - 0 23,f8d6
11,EulerE,dlatusekwppl,952,922,1kbq3r/r7/pp1b4/n2Q1p2/8/2N3P1/PP3PBP/3RR1K1 b - - 1 23,c4d5
11,EulerE,dlatusekwppl,952,922,1kbq3r/7r/pp1b4/n2Q1p2/8/2N3P1/PP3PBP/3RR1K1 w - - 2 24,a7h7
11,EulerE,dlatusekwppl,952,922,1kbq3r/7r/pp1Q4/n4p2/8/2N3P1/PP3PBP/3RR1K1 b - - 0 24,d5d6
11,EulerE,dlatusekwppl,952,922,2bq3r/k6r/pp1Q4/n4p2/8/2N3P1/PP3PBP/3RR1K1 w - - 1 25,b8a7
11,EulerE,dlatusekwppl,952,922,2bQ3r/k6r/pp6/n4p2/8/2N3P1/PP3PBP/3RR1K1 b - - 0 25,d6d8
11,EulerE,dlatusekwppl,952,922,2br4/k6r/pp6/n4p2/8/2N3P1/PP3PBP/3RR1K1 w - - 0 26,h8d8
11,EulerE,dlatusekwppl,952,922,2bR4/k6r/pp6/n4p2/8/2N3P1/PP3PBP/4R1K1 b - - 0 26,d1d8
11,EulerE,dlatusekwppl,952,922,2bR4/k1r5/pp6/n4p2/8/2N3P1/PP3PBP/4R1K1 w - - 1 27,h7c7
11,EulerE,dlatusekwppl,952,922,2b1R3/k1r5/pp6/n4p2/8/2N3P1/PP3PBP/4R1K1 b - - 2 27,d8e8
11,EulerE,dlatusekwppl,952,922,2b1R3/k1r5/p7/np3p2/8/2N3P1/PP3PBP/4R1K1 w - - 0 28,b6b5
11,EulerE,dlatusekwppl,952,922,2b5/k1r1R3/p7/np3p2/8/2N3P1/PP3PBP/4R1K1 b - - 1 28,e8e7
11,EulerE,dlatusekwppl,952,922,2b5/k1r1R3/p7/n4p2/1p6/2N3P1/PP3PBP/4R1K1 w - - 0 29,b5b4
11,EulerE,dlatusekwppl,952,922,2b5/k1R5/p7/n4p2/1p6/2N3P1/PP3PBP/4R1K1 b - - 0 29,e7c7
12,EulerE,hamzagay69,960,931,rnbqkbnr/pppppppp/8/8/3P4/8/PPP1PPPP/RNBQKBNR b KQkq - 0 1,d2d4
12,EulerE,hamzagay69,960,931,rnbqkbnr/pppp1ppp/8/4p3/3P4/8/PPP1PPPP/RNBQKBNR w KQkq - 0 2,e7e5
12,EulerE,hamzagay69,960,931,rnbqkbnr/pppp1ppp/8/4P3/8/8/PPP1PPPP/RNBQKBNR b KQkq - 0 2,d4e5
12,EulerE,hamzagay69,960,931,r1bqkbnr/pppp1ppp/2n5/4P3/8/8/PPP1PPPP/RNBQKBNR w KQkq - 1 3,b8c6
12,EulerE,hamzagay69,960,931,r1bqkbnr/pppp1ppp/2n5/4P3/8/5N2/PPP1PPPP/RNBQKB1R b KQkq - 2 3,g1f3
12,EulerE,hamzagay69,960,931,r1bqkbnr/pppp2pp/2n2p2/4P3/8/5N2/PPP1PPPP/RNBQKB1R w KQkq - 0 4,f7f6
12,EulerE,hamzagay69,960,931,r1bqkbnr/pppp2pp/2n2P2/8/8/5N2/PPP1PPPP/RNBQKB1R b KQkq - 0 4,e5f6
12,EulerE,hamzagay69,960,931,r1bqkb1r/pppp2pp/2n2n2/8/8/5N2/PPP1PPPP/RNBQKB1R w KQkq - 0 5,g8f6
12,EulerE,hamzagay69,960,931,r1bqkb1r/pppp2pp/2n2n2/8/4P3/5N2/PPP2PPP/RNBQKB1R b KQkq - 0 5,e2e4
12,EulerE,hamzagay69,960,931,r1bqkb1r/pppp2pp/2n5/8/4n3/5N2/PPP2PPP/RNBQKB1R w KQkq - 0 6,f6e4
12,EulerE,hamzagay69,960,931,r1bqkb1r/pppp2pp/2n5/8/4n3/5N2/PPP1QPPP/RNB1KB1R b KQkq - 1 6,d1e2
12,EulerE,hamzagay69,960,931,r1b1kb1r/ppppq1pp/2n5/8/4n3/5N2/PPP1QPPP/RNB1KB1R w KQkq - 2 7,d8e7
12,EulerE,hamzagay69,960,931,r1b1kb1r/ppppq1pp/2n5/8/4n3/2N2N2/PPP1QPPP/R1B1KB1R b KQkq - 3 7,b1c3
12,EulerE,hamzagay69,960,931,r1b1kb1r/ppppq1pp/8/8/1n2n3/2N2N2/PPP1QPPP/R1B1KB1R w KQkq - 4 8,c6b4
12,EulerE,hamzagay69,960,931,r1b1kb1r/ppppq1pp/8/8/1n2N3/5N2/PPP1QPPP/R1B1KB1R b KQkq - 0 8,c3e4
12,EulerE,hamzagay69,960,931,r1b1kb1r/ppp1q1pp/8/3p4/1n2N3/5N2/PPP1QPPP/R1B1KB1R w KQkq - 0 9,d7d5
12,EulerE,hamzagay69,960,931,r1b1kb1r/ppp1q1pp/8/3p4/1n2N3/2P2N2/PP2QPPP/R1B1KB1R b KQkq - 0 9,c2c3
12,EulerE,hamzagay69,960,931,r1b1kb1r/ppp3pp/8/3p4/1n2q3/2P2N2/PP2QPPP/R1B1KB1R w KQkq - 0 10,e7e4
12,EulerE,hamzagay69,960,931,r1b1kb1r/ppp3pp/8/3p4/1n2Q3/2P2N2/PP3PPP/R1B1KB1R b KQkq - 0 10,e2e4
12,EulerE,hamzagay69,960,931,r1b1kb1r/ppp3pp/8/8/1n2p3/2P2N2/PP3PPP/R1B1KB1R w KQkq - 0 11,d5e4
12,EulerE,hamzagay69,960,931,r1b1kb1r/ppp3pp/8/8/1P2p3/5N2/PP3PPP/R1B1KB1R b KQkq - 0 11,c3b4
12,EulerE,hamzagay69,960,931,r3kb1r/ppp3pp/8/8/1P2p1b1/5N2/PP3PPP/R1B1KB1R w KQkq - 1 12,c8g4
12,EulerE,hamzagay69,960,931,r3kb1r/ppp3pp/8/4N3/1P2p1b1/8/PP3PPP/R1B1KB1R b KQkq - 2 12,f3e5
12,EulerE,hamzagay69,960,931,r3k2r/ppp3pp/8/4N3/1b2p1b1/8/PP3PPP/R1B1KB1R w KQkq - 0 13,f8b4
12,EulerE,hamzagay69,960,931,r3k2r/ppp3pp/8/4N3/1b2p1b1/8/PP1B1PPP/R3KB1R b KQkq - 1 13,c1d2
12,EulerE,hamzagay69,960,931,r3k2r/ppp3pp/8/4N3/4p1b1/8/PP1b1PPP/R3KB1R w KQkq - 0 14,b4d2
12,EulerE,hamzagay69,960,931,r3k2r/ppp3pp/8/4N3/4p1b1/8/PP1K1PPP/R4B1R b kq - 0 14,e1d2
12,EulerE,hamzagay69,960,931,r3k2r/ppp3pp/8/4Nb2/4p3/8/PP1K1PPP/R4B1R w kq - 1 15,g4f5
12,EulerE,hamzagay69,960,931,r3k2r/ppp3pp/8/4Nb2/4p3/4K3/PP3PPP/R4B1R b kq - 2 15,d2e3
12,EulerE,hamzagay69,960,931,2kr3r/ppp3pp/8/4Nb2/4p3/4K3/PP3PPP/R4B1R w - - 3 16,e8c8
12,EulerE,hamzagay69,960,931,2kr3r/ppp3pp/8/4Nb2/4p3/4K3/PP2BPPP/R6R b - - 4 16,f1e2
12,EulerE,hamzagay69,960,931,2krr3/ppp3pp/8/4Nb2/4p3/4K3/PP2BPPP/R6R w - - 5 17,h8e8
12,EulerE,hamzagay69,960,931,2krr3/ppp3pp/8/4Nb2/4p3/4K3/PP2BPPP/3R3R b - - 6 17,a1d1
12,EulerE,hamzagay69,960,931,2kr4/ppp3pp/8/4rb2/4p3/4K3/PP2BPPP/3R3R w - - 0 18,e8e5
12,EulerE,hamzagay69,960,931,2kR4/ppp3pp/8/4rb2/4p3/4K3/PP2BPPP/7R b - - 0 18,d1d8
12,EulerE,hamzagay69,960,931,3k4/ppp3pp/8/4rb2/4p3/4K3/PP2BPPP/7R w - - 0 19,c8d8
12,EulerE,hamzagay69,960,931,3k4/ppp3pp/8/4rb2/4p3/4K3/PP2BPPP/3R4 b - - 1 19,h1d1
12,EulerE,hamzagay69,960,931,2k5/ppp3pp/8/4rb2/4p3/4K3/PP2BPPP/3R4 w - - 2 20,d8c8
12,EulerE,hamzagay69,960,931,2k5/ppp3pp/8/4rb2/2B1p3/4K3/PP3PPP/3R4 b - - 3 20,e2c4
12,EulerE,hamzagay69,960,931,2k5/p1p3pp/1p6/4rb2/2B1p3/4K3/PP3PPP/3R4 w - - 0 21,b7b6
12,EulerE,hamzagay69,960,931,2k5/p1p3pp/1p6/4rb2/4p3/1B2K3/PP3PPP/3R4 b - - 1 21,c4b3
12,EulerE,hamzagay69,960,931,2k5/p1p3pp/1p6/r4b2/4p3/1B2K3/PP3PPP/3R4 w - - 2 22,e5a5
12,EulerE,hamzagay69,960,931,2k5/p1p3pp/1p6/r4b2/4p3/PB2K3/1P3PPP/3R4 b - - 0 22,a2a3
12,EulerE,hamzagay69,960,931,2k5/p5pp/1p6/r1p2b2/4p3/PB2K3/1P3PPP/3R4 w - - 0 23,c7c5
12,EulerE,hamzagay69,960,931,2k5/p5pp/1p6/r1pB1b2/4p3/P3K3/1P3PPP/3R4 b - - 1 23,b3d5
12,EulerE,hamzagay69,960,931,2k5/p5pp/1p6/1rpB1b2/4p3/P3K3/1P3PPP/3R4 w - - 2 24,a5b5
12,EulerE,hamzagay69,960,931,2k5/p5pp/1p6/1rpB1b2/4p3/P3K3/1P1R1PPP/8 b - - 3 24,d1d2
12,EulerE,hamzagay69,960,931,2k5/p6p/1p4p1/1rpB1b2/4p3/P3K3/1P1R1PPP/8 w - - 0 25,g7g6
12,EulerE,hamzagay69,960,931,2k5/p6p/1p4p1/1rp2b2/4B3/P3K3/1P1R1PPP/8 b - - 0 25,d5e4
12,EulerE,hamzagay69,960,931,2k5/p6p/1p4p1/1rp5/4b3/P3K3/1P1R1PPP/8 w - - 0 26,f5e4
12,EulerE,hamzagay69,960,931,2k5/p6p/1p4p1/1rp5/4K3/P7/1P1R1PPP/8 b - - 0 26,e3e4
12,EulerE,hamzagay69,960,931,8/p1k4p/1p4p1/1rp5/4K3/P7/1P1R1PPP/8 w - - 1 27,c8c7
12,EulerE,hamzagay69,960,931,8/p1k4p/1p4p1/1rpK4/8/P7/1P1R1PPP/8 b - - 2 27,e4d5
12,EulerE,hamzagay69,960,931,8/p1k4p/1p6/1rpK2p1/8/P7/1P1R1PPP/8 w - - 0 28,g6g5
12,EulerE,hamzagay69,960,931,8/p1k4p/1p6/1rpK2p1/8/P7/1P2RPPP/8 b - - 1 28,d2e2
12,EulerE,hamzagay69,960,931,8/p1k5/1p5p/1rpK2p1/8/P7/1P2RPPP/8 w - - 0 29,h7h6
12,EulerE,hamzagay69,960,931,8/p1k5/1p5p/1rpK2p1/5P2/P7/1P2R1PP/8 b - - 0 29,f2f4
12,EulerE,hamzagay69,960,931,8/p1k5/1p5p/1rpK4/5Pp1/P7/1P2R1PP/8 w - - 0 30,g5g4
12,EulerE,hamzagay69,960,931,8/p1k5/1p5p/1rpK1P2/6p1/P7/1P2R1PP/8 b - - 0 30,f4f5
12,EulerE,hamzagay69,960,931,8/p1k5/1p5p/1r1K1P2/2p3p1/P7/1P2R1PP/8 w - - 0 31,c5c4
12,EulerE,hamzagay69,960,931,8/p1k5/1p5p/1r3P2/2K3p1/P7/1P2R1PP/8 b - - 0 31,d5c4
12,EulerE,hamzagay69,960,931,8/p1k5/1p5p/5r2/2K3p1/P7/1P2R1PP/8 w - - 0 32,b5f5
12,EulerE,hamzagay69,960,931,8/p1k5/1p5p/5r2/6p1/P2K4/1P2R1PP/8 b - - 1 32,c4d3
12,EulerE,hamzagay69,960,931,8/p1k5/1p5p/1r6/6p1/P2K4/1P2R1PP/8 w - - 2 33,f5b5
12,EulerE,hamzagay69,960,931,8/p1k5/1p5p/1r6/6p1/P1K5/1P2R1PP/8 b - - 3 33,d3c3
12,EulerE,hamzagay69,960,931,8/p1k5/1p5p/7r/6p1/P1K5/1P2R1PP/8 w - - 4 34,b5h5
12,EulerE,hamzagay69,960,931,8/p1k5/1p5p/7r/6p1/P2K4/1P2R1PP/8 b - - 5 34,c3d3
12,EulerE,hamzagay69,960,931,8/p1k5/1p5p/8/6p1/P2K4/1P2R1Pr/8 w - - 0 35,h5h2
12,EulerE,hamzagay69,960,931,8/p1k5/1p5p/8/4K1p1/P7/1P2R1Pr/8 b - - 1 35,d3e4
12,EulerE,hamzagay69,960,931,8/p1k5/1p5p/7r/4K1p1/P7/1P2R1P1/8 w - - 2 36,h2h5
12,EulerE,hamzagay69,960,931,8/p1k5/1p5p/7r/5Kp1/P7/1P2R1P1/8 b - - 3 36,e4f4
12,EulerE,hamzagay69,960,931,8/p1k5/1p5p/8/5Kpr/P7/1P2R1P1/8 w - - 4 37,h5h4
12,EulerE,hamzagay69,960,931,8/p1k5/1p5p/5K2/6pr/P7/1P2R1P1/8 b - - 5 37,f4f5
12,EulerE,hamzagay69,960,931,8/p1k5/1p5p/5K2/7r/P5p1/1P2R1P1/8 w - - 0 38,g4g3
12,EulerE,hamzagay69,960,931,8/p1k5/1p4Kp/8/7r/P5p1/1P2R1P1/8 b - - 1 38,f5g6
12,EulerE,hamzagay69,960,931,8/p1k5/1p4K1/7p/7r/P5p1/1P2R1P1/8 w - - 0 39,h6h5
12,EulerE,hamzagay69,960,931,8/p1k5/1p6/6Kp/7r/P5p1/1P2R1P1/8 b - - 1 39,g6g5
12,EulerE,hamzagay69,960,931,8/p1k5/1p6/6Kp/r7/P5p1/1P2R1P1/8 w - - 2 40,h4a4
12,EulerE,hamzagay69,960,931,8/p1k5/1p6/7K/r7/P5p1/1P2R1P1/8 b - - 0 40,g5h5
12,EulerE,hamzagay69,960,931,8/p1k5/1p6/r6K/8/P5p1/1P2R1P1/8 w - - 1 41,a4a5
12,EulerE,hamzagay69,960,931,8/p1k5/1p6/r7/6K1/P5p1/1P2R1P1/8 b - - 2 41,h5g4
12,EulerE,hamzagay69,960,931,8/p1k5/1p6/1r6/6K1/P5p1/1P2R1P1/8 w - - 3 42,a5b5
12,EulerE,hamzagay69,960,931,8/p1k5/1p6/1r6/8/P5K1/1P2R1P1/8 b - - 0 42,g4g3
13,EulerE,ChampionVictorieux,952,985,rnbqkbnr/pppppppp/8/8/3P4/8/PPP1PPPP/RNBQKBNR b KQkq - 0 1,d2d4
13,EulerE,ChampionVictorieux,952,985,rnbqkbnr/ppp1pppp/8/3p4/3P4/8/PPP1PPPP/RNBQKBNR w KQkq - 0 2,d7d5
13,EulerE,ChampionVictorieux,952,985,rnbqkbnr/ppp1pppp/8/3p4/2PP4/8/PP2PPPP/RNBQKBNR b KQkq - 0 2,c2c4
13,EulerE,ChampionVictorieux,952,985,rn1qkbnr/ppp1pppp/8/3p1b2/2PP4/8/PP2PPPP/RNBQKBNR w KQkq - 1 3,c8f5
13,EulerE,ChampionVictorieux,952,985,rn1qkbnr/ppp1pppp/8/3P1b2/3P4/8/PP2PPPP/RNBQKBNR b KQkq - 0 3,c4d5
13,EulerE,ChampionVictorieux,952,985,rn1qkb1r/ppp1pppp/5n2/3P1b2/3P4/8/PP2PPPP/RNBQKBNR w KQkq - 1 4,g8f6
13,EulerE,ChampionVictorieux,952,985,rn1qkb1r/ppp1pppp/5n2/3P1b2/3P4/5N2/PP2PPPP/RNBQKB1R b KQkq - 2 4,g1f3
13,EulerE,ChampionVictorieux,952,985,rn1qkb1r/ppp1pppp/8/3n1b2/3P4/5N2/PP2PPPP/RNBQKB1R w KQkq - 0 5,f6d5
13,EulerE,ChampionVictorieux,952,985,rn1qkb1r/ppp1pppp/8/3n1b2/3P4/2N2N2/PP2PPPP/R1BQKB1R b KQkq - 1 5,b1c3
13,EulerE,ChampionVictorieux,952,985,rn1qkb1r/ppp2ppp/4p3/3n1b2/3P4/2N2N2/PP2PPPP/R1BQKB1R w KQkq - 0 6,e7e6
13,EulerE,ChampionVictorieux,952,985,rn1qkb1r/ppp2ppp/4p3/3n1b2/3PP3/2N2N2/PP3PPP/R1BQKB1R b KQkq - 0 6,e2e4
13,EulerE,ChampionVictorieux,952,985,rn1qkb1r/ppp2ppp/4p3/5b2/3PP3/2n2N2/PP3PPP/R1BQKB1R w KQkq - 0 7,d5c3
13,EulerE,ChampionVictorieux,952,985,rn1qkb1r/ppp2ppp/4p3/5P2/3P4/2n2N2/PP3PPP/R1BQKB1R b KQkq - 0 7,e4f5
13,EulerE,ChampionVictorieux,952,985,rn1qkb1r/ppp2ppp/4p3/5P2/3P4/5N2/PP3PPP/R1BnKB1R w KQkq - 0 8,c3d1
13,EulerE,ChampionVictorieux,952,985,rn1qkb1r/ppp2ppp/4p3/5P2/3P4/3B1N2/PP3PPP/R1BnK2R b KQkq - 1 8,f1d3
13,EulerE,ChampionVictorieux,952,985,rn1qkb1r/ppp2ppp/4p3/5P2/3P4/3B1N2/Pn3PPP/R1B1K2R w KQkq - 0 9,d1b2
13,EulerE,ChampionVictorieux,952,985,rn1qkb1r/ppp2ppp/4p3/5P2/3P4/3B1N2/PB3PPP/R3K2R b KQkq - 0 9,c1b2
13,EulerE,ChampionVictorieux,952,985,rn1qk2r/ppp2ppp/4p3/5P2/1b1P4/3B1N2/PB3PPP/R3K2R w KQkq - 1 10,f8b4
13,EulerE,ChampionVictorieux,952,985,rn1qk2r/ppp2ppp/4p3/5P2/1b1P4/3B1N2/PB2KPPP/R6R b kq - 2 10,e1e2
13,EulerE,ChampionVictorieux,952,985,rn1qk2r/ppp2ppp/8/5p2/1b1P4/3B1N2/PB2KPPP/R6R w kq - 0 11,e6f5
13,EulerE,ChampionVictorieux,952,985,rn1qk2r/ppp2ppp/8/5p2/1b1P4/3B1N2/PB2KPPP/2R4R b kq - 1 11,a1c1
13,EulerE,ChampionVictorieux,952,985,rn1q1rk1/ppp2ppp/8/5p2/1b1P4/3B1N2/PB2KPPP/2R4R w - - 2 12,e8g8
13,EulerE,ChampionVictorieux,952,985,rn1q1rk1/ppp2ppp/8/5B2/1b1P4/5N2/PB2KPPP/2R4R b - - 0 12,d3f5
13,EulerE,ChampionVictorieux,952,985,rn1qr1k1/ppp2ppp/8/5B2/1b1P4/5N2/PB2KPPP/2R4R w - - 1 13,f8e8
13,EulerE,ChampionVictorieux,952,985,rn1qr1k1/ppp2ppp/8/5B2/1b1P4/3K1N2/PB3PPP/2R4R b - - 2 13,e2d3
13,EulerE,ChampionVictorieux,952,985,rn1qr1k1/ppp2p1p/6p1/5B2/1b1P4/3K1N2/PB3PPP/2R4R w - - 0 14,g7g6
13,EulerE,ChampionVictorieux,952,985,rn1qr1k1/ppp2p1p/6p1/5B2/1b1P4/3K1N2/PB3PPP/2R1R3 b - - 1 14,h1e1
13,EulerE,ChampionVictorieux,952,985,rn1qr1k1/ppp2p1p/8/5p2/1b1P4/3K1N2/PB3PPP/2R1R3 w - - 0 15,g6f5
13,EulerE,ChampionVictorieux,952,985,rn1qR1k1/ppp2p1p/8/5p2/1b1P4/3K1N2/PB3PPP/2R5 b - - 0 15,e1e8
13,EulerE,ChampionVictorieux,952,985,rn2q1k1/ppp2p1p/8/5p2/1b1P4/3K1N2/PB3PPP/2R5 w - - 0 16,d8e8
13,EulerE,ChampionVictorieux,952,985,rn2q1k1/ppp2p1p/8/5p2/1b1P4/2BK1N2/P4PPP/2R5 b - - 1 16,b2c3
13,EulerE,ChampionVictorieux,952,985,rn2q1k1/ppp2p1p/8/5p2/3P4/2bK1N2/P4PPP/2R5 w - - 0 17,b4c3
13,EulerE,ChampionVictorieux,952,985,rn2q1k1/ppp2p1p/8/5p2/3P4/2RK1N2/P4PPP/8 b - - 0 17,c1c3
13,EulerE,ChampionVictorieux,952,985,r3q1k1/ppp2p1p/2n5/5p2/3P4/2RK1N2/P4PPP/8 w - - 1 18,b8c6
13,EulerE,ChampionVictorieux,952,985,r3q1k1/ppp2p1p/2n5/3P1p2/8/2RK1N2/P4PPP/8 b - - 0 18,d4d5
13,EulerE,ChampionVictorieux,952,985,3rq1k1/ppp2p1p/2n5/3P1p2/8/2RK1N2/P4PPP/8 w - - 1 19,a8d8
13,EulerE,ChampionVictorieux,952,985,3rq1k1/ppp2p1p/2n5/3P1p2/8/2R2N2/P1K2PPP/8 b - - 2 19,d3c2
13,EulerE,ChampionVictorieux,952,985,4q1k1/ppp2p1p/2n5/3r1p2/8/2R2N2/P1K2PPP/8 w - - 0 20,d8d5
13,EulerE,ChampionVictorieux,952,985,4q1k1/ppp2p1p/2n5/3r1p2/3N4/2R5/P1K2PPP/8 b - - 1 20,f3d4
13,EulerE,ChampionVictorieux,952,985,6k1/ppp2p1p/2n5/3r1p2/3Nq3/2R5/P1K2PPP/8 w - - 2 21,e8e4
13,EulerE,ChampionVictorieux,952,985,6k1/ppp2p1p/2n5/3r1p2/3Nq3/1KR5/P4PPP/8 b - - 3 21,c2b3
13,EulerE,ChampionVictorieux,952,985,6k1/ppp2p1p/2n5/3r1p2/3q4/1KR5/P4PPP/8 w - - 0 22,e4d4
13,EulerE,ChampionVictorieux,952,985,6k1/ppp2p1p/2n5/3r1p2/2Rq4/1K6/P4PPP/8 b - - 1 22,c3c4
13,EulerE,ChampionVictorieux,952,985,6k1/ppp2p1p/8/n2r1p2/2Rq4/1K6/P4PPP/8 w - - 2 23,c6a5
13,EulerE,ChampionVictorieux,952,985,6k1/ppp2p1p/8/n2r1p2/1KRq4/8/P4PPP/8 b - - 3 23,b3b4
13,EulerE,ChampionVictorieux,952,985,6k1/ppp2p1p/8/n2r1p2/1Kq5/8/P4PPP/8 w - - 0 24,d4c4
13,EulerE,ChampionVictorieux,952,985,6k1/ppp2p1p/8/n2r1p2/2q5/K7/P4PPP/8 b - - 1 24,b4a3
13,EulerE,ChampionVictorieux,952,985,6k1/ppp2p1p/8/n4p2/2q5/K2r4/P4PPP/8 w - - 2 25,d5d3
14,EulerE,Wisexwolf,959,913,rnbqkbnr/pppppppp/8/8/3P4/8/PPP1PPPP/RNBQKBNR b KQkq - 0 1,d2d4
14,EulerE,Wisexwolf,959,913,rnbqkbnr/ppp1pppp/8/3p4/3P4/8/PPP1PPPP/RNBQKBNR w KQkq - 0 2,d7d5
14,EulerE,Wisexwolf,959,913,rnbqkbnr/ppp1pppp/8/3p4/2PP4/8/PP2PPPP/RNBQKBNR b KQkq - 0 2,c2c4
14,EulerE,Wisexwolf,959,913,rnbqkbnr/pp2pppp/2p5/3p4/2PP4/8/PP2PPPP/RNBQKBNR w KQkq - 0 3,c7c6
14,EulerE,Wisexwolf,959,913,rnbqkbnr/pp2pppp/2p5/3p4/2PP4/5N2/PP2PPPP/RNBQKB1R b KQkq - 1 3,g1f3
14,EulerE,Wisexwolf,959,913,rn1qkbnr/pp2pppp/2p5/3p1b2/2PP4/5N2/PP2PPPP/RNBQKB1R w KQkq - 2 4,c8f5
14,EulerE,Wisexwolf,959,913,rn1qkbnr/pp2pppp/2p5/3p1b2/2PP4/2N2N2/PP2PPPP/R1BQKB1R b KQkq - 3 4,b1c3
14,EulerE,Wisexwolf,959,913,rn1qkbnr/pp3ppp/2p1p3/3p1b2/2PP4/2N2N2/PP2PPPP/R1BQKB1R w KQkq - 0 5,e7e6
14,EulerE,Wisexwolf,959,913,rn1qkbnr/pp3ppp/2p1p3/3p1b2/2PP4/2N2NP1/PP2PP1P/R1BQKB1R b KQkq - 0 5,g2g3
14,EulerE,Wisexwolf,959,913,rn1qkb1r/pp3ppp/2p1pn2/3p1b2/2PP4/2N2NP1/PP2PP1P/R1BQKB1R w KQkq - 1 6,g8f6
14,EulerE,Wisexwolf,959,913,rn1qkb1r/pp3ppp/2p1pn2/3p1b2/2PP4/2N2NP1/PP2PPBP/R1BQK2R b KQkq - 2 6,f1g2
14,EulerE,Wisexwolf,959,913,rn1qk2r/pp3ppp/2pbpn2/3p1b2/2PP4/2N2NP1/PP2PPBP/R1BQK2R w KQkq - 3 7,f8d6
14,EulerE,Wisexwolf,959,913,rn1qk2r/pp3ppp/2pbpn2/3p1b2/2PP4/2N2NP1/PP2PPBP/R1BQ1RK1 b kq - 4 7,e1g1
14,EulerE,Wisexwolf,959,913,rn1q1rk1/pp3ppp/2pbpn2/3p1b2/2PP4/2N2NP1/PP2PPBP/R1BQ1RK1 w - - 5 8,e8g8
14,EulerE,Wisexwolf,959,913,rn1q1rk1/pp3ppp/2pbpn2/3p1b2/2PP4/2N2NP1/PP2PPBP/R1BQR1K1 b - - 6 8,f1e1
14,EulerE,Wisexwolf,959,913,rn1q1rk1/ppb2ppp/2p1pn2/3p1b2/2PP4/2N2NP1/PP2PPBP/R1BQR1K1 w - - 7 9,d6c7
14,EulerE,Wisexwolf,959,913,rn1q1rk1/ppb2ppp/2p1pn2/3p1b2/2PP4/P1N2NP1/1P2PPBP/R1BQR1K1 b - - 0 9,a2a3
14,EulerE,Wisexwolf,959,913,r2q1rk1/ppbn1ppp/2p1pn2/3p1b2/2PP4/P1N2NP1/1P2PPBP/R1BQR1K1 w - - 1 10,b8d7
14,EulerE,Wisexwolf,959,913,r2q1rk1/ppbn1ppp/2p1pn2/3p1b2/1PPP4/P1N2NP1/4PPBP/R1BQR1K1 b - - 0 10,b2b4
14,EulerE,Wisexwolf,959,913,r4rk1/ppbnqppp/2p1pn2/3p1b2/1PPP4/P1N2NP1/4PPBP/R1BQR1K1 w - - 1 11,d8e7
14,EulerE,Wisexwolf,959,913,r4rk1/ppbnqppp/2p1pn2/2Pp1b2/1P1P4/P1N2NP1/4PPBP/R1BQR1K1 b - - 0 11,c4c5
14,EulerE,Wisexwolf,959,913,r4rk1/p1bnqppp/1pp1pn2/2Pp1b2/1P1P4/P1N2NP1/4PPBP/R1BQR1K1 w - - 0 12,b7b6
14,EulerE,Wisexwolf,959,913,r4rk1/p1bnqppp/1pp1pn2/2Pp1b2/1P1P4/P1N2NP1/1B2PPBP/R2QR1K1 b - - 1 12,c1b2
14,EulerE,Wisexwolf,959,913,r4rk1/p1bnqppp/2p1pn2/2pp1b2/1P1P4/P1N2NP1/1B2PPBP/R2QR1K1 w - - 0 13,b6c5
14,EulerE,Wisexwolf,959,913,r4rk1/p1bnqppp/2p1pn2/2Pp1b2/1P6/P1N2NP1/1B2PPBP/R2QR1K1 b - - 0 13,d4c5
14,EulerE,Wisexwolf,959,913,r4rk1/p1b1qppp/2p1pn2/2Ppnb2/1P6/P1N2NP1/1B2PPBP/R2QR1K1 w - - 1 14,d7e5
14,EulerE,Wisexwolf,959,913,r4rk1/p1b1qppp/2p1pn2/2PpNb2/1P6/P1N3P1/1B2PPBP/R2QR1K1 b - - 0 14,f3e5
14,EulerE,Wisexwolf,959,913,r4rk1/p3qppp/2p1pn2/2Ppbb2/1P6/P1N3P1/1B2PPBP/R2QR1K1 w - - 0 15,c7e5
14,EulerE,Wisexwolf,959,913,r4rk1/p3qppp/2p1pn2/2Ppbb2/1P2P3/P1N3P1/1B3PBP/R2QR1K1 b - - 0 15,e2e4
14,EulerE,Wisexwolf,959,913,r4rk1/p3qppp/2p1pn2/2P1bb2/1P2p3/P1N3P1/1B3PBP/R2QR1K1 w - - 0 16,d5e4
14,EulerE,Wisexwolf,959,913,r4rk1/p3qppp/2p1pn2/2P1bb2/1P2B3/P1N3P1/1B3P1P/R2QR1K1 b - - 0 16,g2e4
14,EulerE,Wisexwolf,959,913,r4rk1/p3qppp/2p1pn2/2P1b3/1P2b3/P1N3P1/1B3P1P/R2QR1K1 w - - 0 17,f5e4
14,EulerE,Wisexwolf,959,913,r4rk1/p3qppp/2p1pn2/2P1b3/1P2N3/P5P1/1B3P1P/R2QR1K1 b - - 0 17,c3e4
14,EulerE,Wisexwolf,959,913,r4rk1/p3qppp/2p1pn2/2P5/1P2N3/P5P1/1b3P1P/R2QR1K1 w - - 0 18,e5b2
14,EulerE,Wisexwolf,959,913,r4rk1/p3qppp/2p1pn2/2P5/1P2N3/P5P1/1b3P1P/1R1QR1K1 b - - 1 18,a1b1
14,EulerE,Wisexwolf,959,913,r4rk1/p3qppp/2p1p3/2P5/1P2n3/P5P1/1b3P1P/1R1QR1K1 w - - 0 19,f6e4
14,EulerE,Wisexwolf,959,913,r4rk1/p3qppp/2p1p3/2P5/1P2n3/P5P1/1R3P1P/3QR1K1 b - - 0 19,b1b2
14,EulerE,Wisexwolf,959,913,r4rk1/p3qppp/2p1pn2/2P5/1P6/P5P1/1R3P1P/3QR1K1 w - - 1 20,e4f6
14,EulerE,Wisexwolf,959,913,r4rk1/p3qppp/2p1pn2/2P5/1P6/P5P1/1R3P1P/2Q1R1K1 b - - 2 20,d1c1
14,EulerE,Wisexwolf,959,913,r4rk1/p3qppp/2p1p3/2Pn4/1P6/P5P1/1R3P1P/2Q1R1K1 w - - 3 21,f6d5
14,EulerE,Wisexwolf,959,913,r4rk1/p3qppp/2p1p3/2Pn4/1P6/P5P1/1R3P1P/2QR2K1 b - - 4 21,e1d1
14,EulerE,Wisexwolf,959,913,r4rk1/p4ppp/2p1pq2/2Pn4/1P6/P5P1/1R3P1P/2QR2K1 w - - 5 22,e7f6
14,EulerE,Wisexwolf,959,913,r4rk1/p4ppp/2p1pq2/2Pn4/1P6/P5P1/3R1P1P/2QR2K1 b - - 6 22,b2d2
14,EulerE,Wisexwolf,959,913,r4rk1/p4pp1/2p1pq2/2Pn3p/1P6/P5P1/3R1P1P/2QR2K1 w - - 0 23,h7h5
14,EulerE,Wisexwolf,959,913,r4rk1/p4pp1/2p1pq2/2Pn3p/1P6/P5P1/2QR1P1P/3R2K1 b - - 1 23,c1c2
14,EulerE,Wisexwolf,959,913,r4rk1/p4pp1/2p1pq2/2Pn4/1P5p/P5P1/2QR1P1P/3R2K1 w - - 0 24,h5h4
14,EulerE,Wisexwolf,959,913,r4rk1/p4pp1/2p1pq2/2Pn4/1P5p/P5P1/2QR1PKP/3R4 b - - 1 24,g1g2
14,EulerE,Wisexwolf,959,913,r4rk1/p4pp1/2p1pq2/2Pn4/1P6/P5p1/2QR1PKP/3R4 w - - 0 25,h4g3
14,EulerE,Wisexwolf,959,913,r4rk1/p4pp1/2p1pq2/2Pn4/1P6/P5P1/2QR2KP/3R4 b - - 0 25,f2g3
14,EulerE,Wisexwolf,959,913,r4rk1/p4p2/2p1pqp1/2Pn4/1P6/P5P1/2QR2KP/3R4 w - - 0 26,g7g6
14,EulerE,Wisexwolf,959,913,r4rk1/p4p2/2p1pqp1/2Pn4/1P6/P5P1/2QR2KP/5R2 b - - 1 26,d1f1
14,EulerE,Wisexwolf,959,913,r4rk1/p4p2/2p1p1p1/2Pn2q1/1P6/P5P1/2QR2KP/5R2 w - - 2 27,f6g5
14,EulerE,Wisexwolf,959,913,r4rk1/p4p2/2p1p1p1/2Pn2q1/1P6/P5P1/2Q2RKP/5R2 b - - 3 27,d2f2
14,EulerE,Wisexwolf,959,913,r4rk1/p4p2/2p1p1p1/2P3q1/1P6/P3n1P1/2Q2RKP/5R2 w - - 4 28,d5e3
14,EulerE,Wisexwolf,959,913,r4rk1/p4p2/2p1p1p1/2P3q1/1P6/P3n1P1/2Q2R1P/5R1K b - - 5 28,g2h1
14,EulerE,Wisexwolf,959,913,r4rk1/p4p2/2p1p1p1/2P3q1/1P6/P5P1/2n2R1P/5R1K w - - 0 29,e3c2
14,EulerE,Wisexwolf,959,913,r4rk1/p4p2/2p1p1p1/2P3q1/1P6/P5P1/2R4P/5R1K b - - 0 29,f2c2
14,EulerE,Wisexwolf,959,913,r4rk1/p4p2/2p1p1p1/2Pq4/1P6/P5P1/2R4P/5R1K w - - 1 30,g5d5
14,EulerE,Wisexwolf,959,913,r4rk1/p4p2/2p1p1p1/2Pq4/1P6/P5P1/6RP/5R1K b - - 2 30,c2g2
14,EulerE,Wisexwolf,959,913,r4r2/p4pk1/2p1p1p1/2Pq4/1P6/P5P1/6RP/5R1K w - - 3 31,g8g7
14,EulerE,Wisexwolf,959,913,r4r2/p4pk1/2p1p1p1/2Pq4/1P6/P5P1/6RP/5RK1 b - - 4 31,h1g1
14,EulerE,Wisexwolf,959,913,r6r/p4pk1/2p1p1p1/2Pq4/1P6/P5P1/6RP/5RK1 w - - 5 32,f8h8
14,EulerE,Wisexwolf,959,913,r6r/p4pk1/2p1p1p1/2Pq4/1P6/P5P1/5RRP/6K1 b - - 6 32,f1f2
15,EulerE,Chevy_Suburban,960,1008,rnbqkbnr/pppppppp/8/8/3P4/8/PPP1PPPP/RNBQKBNR b KQkq - 0 1,d2d4
15,EulerE,Chevy_Suburban,960,1008,rnbqkbnr/ppp1pppp/8/3p4/3P4/8/PPP1PPPP/RNBQKBNR w KQkq - 0 2,d7d5
15,EulerE,Chevy_Suburban,960,1008,rnbqkbnr/ppp1pppp/8/3p4/2PP4/8/PP2PPPP/RNBQKBNR b KQkq - 0 2,c2c4
15,EulerE,Chevy_Suburban,960,1008,rnb1kbnr/ppp1pppp/3q4/3p4/2PP4/8/PP2PPPP/RNBQKBNR w KQkq - 1 3,d8d6
15,EulerE,Chevy_Suburban,960,1008,rnb1kbnr/ppp1pppp/3q4/3p4/2PP4/2N5/PP2PPPP/R1BQKBNR b KQkq - 2 3,b1c3
15,EulerE,Chevy_Suburban,960,1008,rnb1kbnr/ppp1pppp/3q4/8/2pP4/2N5/PP2PPPP/R1BQKBNR w KQkq - 0 4,d5c4
15,EulerE,Chevy_Suburban,960,1008,rnb1kbnr/ppp1pppp/3q4/8/2pP4/2N2N2/PP2PPPP/R1BQKB1R b KQkq - 1 4,g1f3
15,EulerE,Chevy_Suburban,960,1008,rnb1kbnr/ppp1pppp/8/8/1qpP4/2N2N2/PP2PPPP/R1BQKB1R w KQkq - 2 5,d6b4
15,EulerE,Chevy_Suburban,960,1008,rnb1kbnr/ppp1pppp/8/8/1qpPP3/2N2N2/PP3PPP/R1BQKB1R b KQkq - 0 5,e2e4
15,EulerE,Chevy_Suburban,960,1008,rnb1kbnr/ppp1pppp/1q6/8/2pPP3/2N2N2/PP3PPP/R1BQKB1R w KQkq - 1 6,b4b6
15,EulerE,Chevy_Suburban,960,1008,rnb1kbnr/ppp1pppp/1q6/8/2pPP3/2N2N2/PP1B1PPP/R2QKB1R b KQkq - 2 6,c1d2
15,EulerE,Chevy_Suburban,960,1008,rnb1kbnr/ppp1pppp/8/8/2pPP3/2N2N2/Pq1B1PPP/R2QKB1R w KQkq - 0 7,b6b2
15,EulerE,Chevy_Suburban,960,1008,rnb1kbnr/ppp1pppp/8/8/2pPP3/2N2N2/Pq1B1PPP/1R1QKB1R b Kkq - 1 7,a1b1
15,EulerE,Chevy_Suburban,960,1008,rnb1kbnr/ppp1pppp/8/8/2pPP3/q1N2N2/P2B1PPP/1R1QKB1R w Kkq - 2 8,b2a3
15,EulerE,Chevy_Suburban,960,1008,rnb1kbnr/ppp1pppp/8/1N6/2pPP3/q4N2/P2B1PPP/1R1QKB1R b Kkq - 3 8,c3b5
15,EulerE,Chevy_Suburban,960,1008,rnb1kbnr/ppp1pppp/3q4/1N6/2pPP3/5N2/P2B1PPP/1R1QKB1R w Kkq - 4 9,a3d6
15,EulerE,Chevy_Suburban,960,1008,rnb1kbnr/ppp1pppp/3N4/8/2pPP3/5N2/P2B1PPP/1R1QKB1R b Kkq - 0 9,b5d6
15,EulerE,Chevy_Suburban,960,1008,rnb1kbnr/ppp2ppp/3p4/8/2pPP3/5N2/P2B1PPP/1R1QKB1R w Kkq - 0 10,e7d6
15,EulerE,Chevy_Suburban,960,1008,rnb1kbnr/ppp2ppp/3p4/8/2pPP3/5N2/P2BBPPP/1R1QK2R b Kkq - 1 10,f1e2
15,EulerE,Chevy_Suburban,960,1008,rn2kbnr/ppp2ppp/3pb3/8/2pPP3/5N2/P2BBPPP/1R1QK2R w Kkq - 2 11,c8e6
15,EulerE,Chevy_Suburban,960,1008,rn2kbnr/ppp2ppp/3pb3/8/2pPP3/5N2/P2BBPPP/1R1Q1RK1 b kq - 3 11,e1g1
15,EulerE,Chevy_Suburban,960,1008,rn2kbnr/ppp2ppp/3p4/8/2pPP1b1/5N2/P2BBPPP/1R1Q1RK1 w kq - 4 12,e6g4
15,EulerE,Chevy_Suburban,960,1008,rn2kbnr/ppp2ppp/3p4/3P4/2p1P1b1/5N2/P2BBPPP/1R1Q1RK1 b kq - 0 12,d4d5
15,EulerE,Chevy_Suburban,960,1008,rn2kbnr/ppp2p1p/3p4/3P2p1/2p1P1b1/5N2/P2BBPPP/1R1Q1RK1 w kq - 0 13,g7g5
15,EulerE,Chevy_Suburban,960,1008,rn2kbnr/ppp2p1p/3p4/3P2p1/2p1P1b1/5N1P/P2BBPP1/1R1Q1RK1 b kq - 0 13,h2h3
15,EulerE,Chevy_Suburban,960,1008,rn2kbnr/ppp2p1p/3p4/3P2pb/2p1P3/5N1P/P2BBPP1/1R1Q1RK1 w kq - 1 14,g4h5
15,EulerE,Chevy_Suburban,960,1008,rn2kbnr/ppp2p1p/3p4/3P2pb/2p1P1P1/5N1P/P2BBP2/1R1Q1RK1 b kq - 0 14,g2g4
15,EulerE,Chevy_Suburban,960,1008,rn2kbnr/ppp4p/3p1p2/3P2pb/2p1P1P1/5N1P/P2BBP2/1R1Q1RK1 w kq - 0 15,f7f6
15,EulerE,Chevy_Suburban,960,1008,rn2kbnr/ppp4p/3p1p2/3P2pP/2p1P3/5N1P/P2BBP2/1R1Q1RK1 b kq - 0 15,g4h5
15,EulerE,Chevy_Suburban,960,1008,rn2kb1r/ppp4p/3p1p1n/3P2pP/2p1P3/5N1P/P2BBP2/1R1Q1RK1 w kq - 1 16,g8h6
15,EulerE,Chevy_Suburban,960,1008,rn2kb1r/ppp4p/3p1p1n/3P2pP/2p1P3/5N1P/P2BBP1K/1R1Q1R2 b kq - 2 16,g1h2
15,EulerE,Chevy_Suburban,960,1008,rn2kb1r/ppp2n1p/3p1p2/3P2pP/2p1P3/5N1P/P2BBP1K/1R1Q1R2 w kq - 3 17,h6f7
15,EulerE,Chevy_Suburban,960,1008,rn2kb1r/ppp2n1p/3p1p2/3P2pP/2p1P3/5N1P/P2BBP1K/1R1Q2R1 b kq - 4 17,f1g1
15,EulerE,Chevy_Suburban,960,1008,rn2kb1r/ppp4p/3p1p2/3Pn1pP/2p1P3/5N1P/P2BBP1K/1R1Q2R1 w kq - 5 18,f7e5
15,EulerE,Chevy_Suburban,960,1008,rn2kb1r/ppp4p/3p1p2/3Pn1pP/2p1P3/7P/P2BBP1K/1R1QN1R1 b kq - 6 18,f3e1
15,EulerE,Chevy_Suburban,960,1008,r3kb1r/pppn3p/3p1p2/3Pn1pP/2p1P3/7P/P2BBP1K/1R1QN1R1 w kq - 7 19,b8d7
15,EulerE,Chevy_Suburban,960,1008,r3kb1r/pppn3p/3p1p2/3Pn1pP/2p1PP2/7P/P2BB2K/1R1QN1R1 b kq - 0 19,f2f4
15,EulerE,Chevy_Suburban,960,1008,r3kb1r/pppn3p/3p1p2/3Pn2P/2p1Pp2/7P/P2BB2K/1R1QN1R1 w kq - 0 20,g5f4
15,EulerE,Chevy_Suburban,960,1008,r3kb1r/pppn3p/3p1p2/3Pn2P/2p1PB2/7P/P3B2K/1R1QN1R1 b kq - 0 20,d2f4
15,EulerE,Chevy_Suburban,960,1008,r3kb1r/pppn3p/3p1p2/3P3P/2p1PB2/3n3P/P3B2K/1R1QN1R1 w kq - 1 21,e5d3
15,EulerE,Chevy_Suburban,960,1008,r3kb1r/pppn3p/3p1p2/3P3P/2p1PB2/3Q3P/P3B2K/1R2N1R1 b kq - 0 21,d1d3
15,EulerE,Chevy_Suburban,960,1008,r3kb1r/pppn3p/3p1p2/3P3P/4PB2/3p3P/P3B2K/1R2N1R1 w kq - 0 22,c4d3
15,EulerE,Chevy_Suburban,960,1008,r3kb1r/pppn3p/3p1p2/3P3P/4PB2/3B3P/P6K/1R2N1R1 b kq - 0 22,e2d3
15,EulerE,Chevy_Suburban,960,1008,r3kb1r/pp1n3p/3p1p2/2pP3P/4PB2/3B3P/P6K/1R2N1R1 w kq c6 0 23,c7c5
15,EulerE,Chevy_Suburban,960,1008,r3kb1r/pp1n3p/3p1p2/2pP3P/4PB2/3B3P/P1N4K/1R4R1 b kq - 1 23,e1c2
15,EulerE,Chevy_Suburban,960,1008,2kr1b1r/pp1n3p/3p1p2/2pP3P/4PB2/3B3P/P1N4K/1R4R1 w - - 2 24,e8c8
15,EulerE,Chevy_Suburban,960,1008,2kr1b1r/pp1n3p/3p1p2/1RpP3P/4PB2/3B3P/P1N4K/6R1 b - - 3 24,b1b5
15,EulerE,Chevy_Suburban,960,1008,2kr1b1r/1p1n3p/p2p1p2/1RpP3P/4PB2/3B3P/P1N4K/6R1 w - - 0 25,a7a6
15,EulerE,Chevy_Suburban,960,1008,2kr1b1r/1p1n3p/p2p1p2/2pP3P/4PB2/3B3P/P1N4K/1R4R1 b - - 1 25,b5b1
15,EulerE,Chevy_Suburban,960,1008,2kr1b1r/3n3p/p2p1p2/1ppP3P/4PB2/3B3P/P1N4K/1R4R1 w - - 0 26,b7b5
15,EulerE,Chevy_Suburban,960,1008,2kr1b1r/3n3p/p2p1p2/1ppP3P/4PB2/3B3P/PRN4K/6R1 b - - 1 26,b1b2
15,EulerE,Chevy_Suburban,960,1008,2kr1b1r/3n3p/p2p1p2/1p1P3P/2p1PB2/3B3P/PRN4K/6R1 w - - 0 27,c5c4
15,EulerE,Chevy_Suburban,960,1008,2kr1b1r/3n3p/p2p1p2/1p1P3P/2p1PB2/7P/PRN1B2K/6R1 b - - 1 27,d3e2
15,EulerE,Chevy_Suburban,960,1008,2kr1b1r/7p/p2p1p2/1pnP3P/2p1PB2/7P/PRN1B2K/6R1 w - - 2 28,d7c5
15,EulerE,Chevy_Suburban,960,1008,2kr1b1r/7p/p2p1p2/1pnP3P/2p1PB2/7P/PRN1B2K/1R6 b - - 3 28,g1b1
15,EulerE,Chevy_Suburban,960,1008,2kr1b1r/7p/p2p1p2/1p1P3P/2p1nB2/7P/PRN1B2K/1R6 w - - 0 29,c5e4
15,EulerE,Chevy_Suburban,960,1008,2kr1b1r/7p/p2p1p2/1p1P3P/2p1n3/4B2P/PRN1B2K/1R6 b - - 1 29,f4e3
15,EulerE,Chevy_Suburban,960,1008,2kr1b1r/7p/p2p1p2/1pnP3P/2p5/4B2P/PRN1B2K/1R6 w - - 2 30,e4c5
15,EulerE,Chevy_Suburban,960,1008,2kr1b1r/7p/p2p1p2/1pBP3P/2p5/7P/PRN1B2K/1R6 b - - 0 30,e3c5
15,EulerE,Chevy_Suburban,960,1008,2kr1b1r/7p/p4p2/1ppP3P/2p5/7P/PRN1B2K/1R6 w - - 0 31,d6c5
15,EulerE,Chevy_Suburban,960,1008,2kr1b1r/7p/p4p2/1ppP3P/2p5/5B1P/PRN4K/1R6 b - - 1 31,e2f3
15,EulerE,Chevy_Suburban,960,1008,2kr3r/7p/p2b1p2/1ppP3P/2p5/5B1P/PRN4K/1R6 w - - 2 32,f8d6
15,EulerE,Chevy_Suburban,960,1008,2kr3r/7p/p2b1p2/1ppP3P/2p5/5B1P/PRN3K1/1R6 b - - 3 32,h2g2
15,EulerE,Chevy_Suburban,960,1008,2k1r2r/7p/p2b1p2/1ppP3P/2p5/5B1P/PRN3K1/1R6 w - - 4 33,d8e8
15,EulerE,Chevy_Suburban,960,1008,2k1r2r/7p/p2b1p2/1ppP3P/2p5/5B1P/PRN2K2/1R6 b - - 5 33,g2f2
15,EulerE,Chevy_Suburban,960,1008,2k1r1r1/7p/p2b1p2/1ppP3P/2p5/5B1P/PRN2K2/1R6 w - - 6 34,h8g8
15,EulerE,Chevy_Suburban,960,1008,2k1r1r1/7p/p2b1p2/1ppP3P/2p5/N4B1P/PR3K2/1R6 b - - 7 34,c2a3
15,EulerE,Chevy_Suburban,960,1008,2k1r3/6rp/p2b1p2/1ppP3P/2p5/N4B1P/PR3K2/1R6 w - - 8 35,g8g7
15,EulerE,Chevy_Suburban,960,1008,2k1r3/6rp/p2b1p2/1ppP3P/2p5/N4B1P/PR3K2/6R1 b - - 9 35,b1g1
15,EulerE,Chevy_Suburban,960,1008,2k1r3/4r2p/p2b1p2/1ppP3P/2p5/N4B1P/PR3K2/6R1 w - - 10 36,g7e7
15,EulerE,Chevy_Suburban,960,1008,2k1r3/4r2p/p2b1p2/1ppP3P/2p5/N4B1P/P3RK2/6R1 b - - 11 36,b2e2
15,EulerE,Chevy_Suburban,960,1008,2k1r3/7p/p2b1p2/1ppP3P/2p5/N4B1P/P3rK2/6R1 w - - 0 37,e7e2
15,EulerE,Chevy_Suburban,960,1008,2k1r3/7p/p2b1p2/1ppP3P/2p5/N6P/P3BK2/6R1 b - - 0 37,f3e2
15,EulerE,Chevy_Suburban,960,1008,2k1r3/7p/p2b1p2/1ppP3P/8/N1p4P/P3BK2/6R1 w - - 0 38,c4c3
15,EulerE,Chevy_Suburban,960,1008,2k1r3/6Rp/p2b1p2/1ppP3P/8/N1p4P/P3BK2/8 b - - 1 38,g1g7
15,EulerE,Chevy_Suburban,960,1008,2k1r3/6Rp/p2b1p2/1p1P3P/2p5/N1p4P/P3BK2/8 w - - 0 39,c5c4
15,EulerE,Chevy_Suburban,960,1008,2k1r3/6Rp/p2b1p2/1p1P3P/2p5/2p4P/P1N1BK2/8 b - - 1 39,a3c2
15,EulerE,Chevy_Suburban,960,1008,2k1r3/6Rp/p2b1p2/3P3P/1pp5/2p4P/P1N1BK2/8 w - - 0 40,b5b4
15,EulerE,Chevy_Suburban,960,1008,2k1r3/7R/p2b1p2/3P3P/1pp5/2p4P/P1N1BK2/8 b - - 0 40,g7h7
15,EulerE,Chevy_Suburban,960,1008,2k1r3/7R/p2b1p2/3P3P/2p5/1pp4P/P1N1BK2/8 w - - 0 41,b4b3
15,EulerE,Chevy_Suburban,960,1008,2k1r3/7R/p2b1p2/3P3P/2p5/1Pp4P/2N1BK2/8 b - - 0 41,a2b3
15,EulerE,Chevy_Suburban,960,1008,2k1r3/7R/p2b1p2/3P3P/8/1pp4P/2N1BK2/8 w - - 0 42,c4b3
15,EulerE,Chevy_Suburban,960,1008,2k1r3/7R/p2b1p2/3P3P/1N6/1pp4P/4BK2/8 b - - 1 42,c2b4
15,EulerE,Chevy_Suburban,960,1008,2k1r3/7R/p4p2/3P3P/1b6/1pp4P/4BK2/8 w - - 0 43,d6b4
15,EulerE,Chevy_Suburban,960,1008,2k1r3/7R/p4p2/3P3P/1b6/1ppB3P/5K2/8 b - - 1 43,e2d3
15,EulerE,Chevy_Suburban,960,1008,2k1r3/7R/p4p2/3P3P/1b6/1p1B3P/2p2K2/8 w - - 0 44,c3c2
15,EulerE,Chevy_Suburban,960,1008,2k1r3/7R/p4p2/3P1B1P/1b6/1p5P/2p2K2/8 b - - 1 44,d3f5
15,EulerE,Chevy_Suburban,960,1008,3kr3/7R/p4p2/3P1B1P/1b6/1p5P/2p2K2/8 w - - 2 45,c8d8
15,EulerE,Chevy_Suburban,960,1008,3kr3/3R4/p4p2/3P1B1P/1b6/1p5P/2p2K2/8 b - - 3 45,h7d7
15,EulerE,Chevy_Suburban,960,1008,2k1r3/3R4/p4p2/3P1B1P/1b6/1p5P/2p2K2/8 w - - 4 46,d8c8
15,EulerE,Chevy_Suburban,960,1008,2k1r3/4R3/p4p2/3P1B1P/1b6/1p5P/2p2K2/8 b - - 5 46,d7e7
15,EulerE,Chevy_Suburban,960,1008,3kr3/4R3/p4p2/3P1B1P/1b6/1p5P/2p2K2/8 w - - 6 47,c8d8
15,EulerE,Chevy_Suburban,960,1008,3kr3/3R4/p4p2/3P1B1P/1b6/1p5P/2p2K2/8 b - - 7 47,e7d7
15,EulerE,Chevy_Suburban,960,1008,2k1r3/3R4/p4p2/3P1B1P/1b6/1p5P/2p2K2/8 w - - 8 48,d8c8
15,EulerE,Chevy_Suburban,960,1008,2k1r3/4R3/p4p2/3P1B1P/1b6/1p5P/2p2K2/8 b - - 9 48,d7e7
15,EulerE,Chevy_Suburban,960,1008,3kr3/4R3/p4p2/3P1B1P/1b6/1p5P/2p2K2/8 w - - 10 49,c8d8
15,EulerE,Chevy_Suburban,960,1008,3kr3/3R4/p4p2/3P1B1P/1b6/1p5P/2p2K2/8 b - - 11 49,e7d7
16,carlosjuniorba,EulerE,935,968,rnbqkbnr/pppppppp/8/8/4P3/8/PPPP1PPP/RNBQKBNR b KQkq - 0 1,e2e4
16,carlosjuniorba,EulerE,935,968,rnbqkbnr/pppp1ppp/8/4p3/4P3/8/PPPP1PPP/RNBQKBNR w KQkq - 0 2,e7e5
16,carlosjuniorba,EulerE,935,968,rnbqkbnr/pppp1ppp/8/4p3/4P3/5N2/PPPP1PPP/RNBQKB1R b KQkq - 1 2,g1f3
16,carlosjuniorba,EulerE,935,968,r1bqkbnr/pppp1ppp/2n5/4p3/4P3/5N2/PPPP1PPP/RNBQKB1R w KQkq - 2 3,b8c6
16,carlosjuniorba,EulerE,935,968,r1bqkbnr/pppp1ppp/2n5/1B2p3/4P3/5N2/PPPP1PPP/RNBQK2R b KQkq - 3 3,f1b5
16,carlosjuniorba,EulerE,935,968,r1bqkbnr/ppp2ppp/2np4/1B2p3/4P3/5N2/PPPP1PPP/RNBQK2R w KQkq - 0 4,d7d6
16,carlosjuniorba,EulerE,935,968,r1bqkbnr/ppp2ppp/2np4/1B2p3/4P3/2N2N2/PPPP1PPP/R1BQK2R b KQkq - 1 4,b1c3
16,carlosjuniorba,EulerE,935,968,r2qkbnr/pppb1ppp/2np4/1B2p3/4P3/2N2N2/PPPP1PPP/R1BQK2R w KQkq - 2 5,c8d7
16,carlosjuniorba,EulerE,935,968,r2qkbnr/pppb1ppp/2np4/1B2p3/4P3/2NP1N2/PPP2PPP/R1BQK2R b KQkq - 0 5,d2d3
16,carlosjuniorba,EulerE,935,968,r2qkb1r/pppb1ppp/2np1n2/1B2p3/4P3/2NP1N2/PPP2PPP/R1BQK2R w KQkq - 1 6,g8f6
16,carlosjuniorba,EulerE,935,968,r2qkb1r/pppb1ppp/2Bp1n2/4p3/4P3/2NP1N2/PPP2PPP/R1BQK2R b KQkq - 0 6,b5c6
16,carlosjuniorba,EulerE,935,968,r2qkb1r/ppp2ppp/2bp1n2/4p3/4P3/2NP1N2/PPP2PPP/R1BQK2R w KQkq - 0 7,d7c6
16,carlosjuniorba,EulerE,935,968,r2qkb1r/ppp2ppp/2bp1n2/4p1B1/4P3/2NP1N2/PPP2PPP/R2QK2R b KQkq - 1 7,c1g5
16,carlosjuniorba,EulerE,935,968,r2qkb1r/ppp2p1p/2bp1np1/4p1B1/4P3/2NP1N2/PPP2PPP/R2QK2R w KQkq - 0 8,g7g6
16,carlosjuniorba,EulerE,935,968,r2qkb1r/ppp2p1p/2bp1np1/4p1B1/4P2P/2NP1N2/PPP2PP1/R2QK2R b KQkq - 0 8,h2h4
16,carlosjuniorba,EulerE,935,968,r2qk2r/ppp2pbp/2bp1np1/4p1B1/4P2P/2NP1N2/PPP2PP1/R2QK2R w KQkq - 1 9,f8g7
16,carlosjuniorba,EulerE,935,968,r2qk2r/ppp2pbp/2bp1np1/4p1BP/4P3/2NP1N2/PPP2PP1/R2QK2R b KQkq - 0 9,h4h5
16,carlosjuniorba,EulerE,935,968,r2q1rk1/ppp2pbp/2bp1np1/4p1BP/4P3/2NP1N2/PPP2PP1/R2QK2R w KQ - 1 10,e8g8
16,carlosjuniorba,EulerE,935,968,r2q1rk1/ppp2pbp/2bp1np1/4p1BP/4P3/2NP1N2/PPPQ1PP1/R3K2R b KQ - 2 10,d1d2
16,carlosjuniorba,EulerE,935,968,r4rk1/pppq1pbp/2bp1np1/4p1BP/4P3/2NP1N2/PPPQ1PP1/R3K2R w KQ - 3 11,d8d7
16,carlosjuniorba,EulerE,935,968,r4rk1/pppq1pbp/2bp1npB/4p2P/4P3/2NP1N2/PPPQ1PP1/R3K2R b KQ - 4 11,g5h6
16,carlosjuniorba,EulerE,935,968,r4rk1/ppp2pbp/2bpqnpB/4p2P/4P3/2NP1N2/PPPQ1PP1/R3K2R w KQ - 5 12,d7e6
16,carlosjuniorba,EulerE,935,968,r4rk1/ppp2pBp/2bpqnp1/4p2P/4P3/2NP1N2/PPPQ1PP1/R3K2R b KQ - 0 12,h6g7
16,carlosjuniorba,EulerE,935,968,r4r2/ppp2pkp/2bpqnp1/4p2P/4P3/2NP1N2/PPPQ1PP1/R3K2R w KQ - 0 13,g8g7
16,carlosjuniorba,EulerE,935,968,r4r2/ppp2pkp/2bpqnpP/4p3/4P3/2NP1N2/PPPQ1PP1/R3K2R b KQ - 0 13,h5h6
16,carlosjuniorba,EulerE,935,968,r4rk1/ppp2p1p/2bpqnpP/4p3/4P3/2NP1N2/PPPQ1PP1/R3K2R w KQ - 1 14,g7g8
16,carlosjuniorba,EulerE,935,968,r4rk1/ppp2p1p/2bpqnpP/4p1N1/4P3/2NP4/PPPQ1PP1/R3K2R b KQ - 2 14,f3g5
16,carlosjuniorba,EulerE,935,968,r4rk1/ppp2p1p/2bp1npP/4p1N1/4P1q1/2NP4/PPPQ1PP1/R3K2R w KQ - 3 15,e6g4
16,carlosjuniorba,EulerE,935,968,r4rk1/ppp2p1p/2bp1npP/4p1N1/4P1q1/2NP1P2/PPPQ2P1/R3K2R b KQ - 0 15,f2f3
16,carlosjuniorba,EulerE,935,968,r4rk1/ppp2p1p/2bp1npP/4p1N1/4P3/2NP1P2/PPPQ2q1/R3K2R w KQ - 0 16,g4g2
16,carlosjuniorba,EulerE,935,968,r4rk1/ppp2p1p/2bp1npP/4p1N1/4P3/2NP1P2/PPP3Q1/R3K2R b KQ - 0 16,d2g2
16,carlosjuniorba,EulerE,935,968,r3r1k1/ppp2p1p/2bp1npP/4p1N1/4P3/2NP1P2/PPP3Q1/R3K2R w KQ - 1 17,f8e8
16,carlosjuniorba,EulerE,935,968,r3r1k1/ppp2p1p/2bp1npP/3Np1N1/4P3/3P1P2/PPP3Q1/R3K2R b KQ - 2 17,c3d5
16,carlosjuniorba,EulerE,935,968,r3r1k1/ppp2p1p/2bp2pP/3np1N1/4P3/3P1P2/PPP3Q1/R3K2R w KQ - 0 18,f6d5
16,carlosjuniorba,EulerE,935,968,r3r1k1/ppp2p1p/2bp2pP/3Pp1N1/8/3P1P2/PPP3Q1/R3K2R b KQ - 0 18,e4d5
16,carlosjuniorba,EulerE,935,968,r3r1k1/ppp2p1p/3p2pP/3bp1N1/8/3P1P2/PPP3Q1/R3K2R w KQ - 0 19,c6d5
16,carlosjuniorba,EulerE,935,968,r3r1k1/ppp2p1N/3p2pP/3bp3/8/3P1P2/PPP3Q1/R3K2R b KQ - 0 19,g5h7
16,carlosjuniorba,EulerE,935,968,r3r3/ppp2p1k/3p2pP/3bp3/8/3P1P2/PPP3Q1/R3K2R w KQ - 0 20,g8h7
16,carlosjuniorba,EulerE,935,968,r3r3/ppp2p1k/3p2pP/3bp3/8/3P1P2/PPP3Q1/2KR3R b - - 1 20,e1c1
16,carlosjuniorba,EulerE,935,968,r7/ppp2p1k/3pr1pP/3bp3/8/3P1P2/PPP3Q1/2KR3R w - - 2 21,e8e6
16,carlosjuniorba,EulerE,935,968,r7/ppp2p1k/3pr1pP/3bp3/5P2/3P4/PPP3Q1/2KR3R b - - 0 21,f3f4
16,carlosjuniorba,EulerE,935,968,r7/ppp2p1k/3pr1pP/3b4/5p2/3P4/PPP3Q1/2KR3R w - - 0 22,e5f4
16,carlosjuniorba,EulerE,935,968,r7/ppp2p1k/3pr1pP/3Q4/5p2/3P4/PPP5/2KR3R b - - 0 22,g2d5
16,carlosjuniorba,EulerE,935,968,4r3/ppp2p1k/3pr1pP/3Q4/5p2/3P4/PPP5/2KR3R w - - 1 23,a8e8
16,carlosjuniorba,EulerE,935,968,4r3/ppp2p1k/3pr1pP/3Q4/5p2/1P1P4/P1P5/2KR3R b - - 0 23,b2b3
16,carlosjuniorba,EulerE,935,968,4r3/ppp2p1k/3pr1pP/3Q4/8/1P1P1p2/P1P5/2KR3R w - - 0 24,f4f3
16,carlosjuniorba,EulerE,935,968,4r3/ppp2p1k/3pr1pP/3Q4/8/1P1P1p2/P1P5/2KRR3 b - - 1 24,h1e1
16,carlosjuniorba,EulerE,935,968,4r3/ppp2p1k/3p2pP/3Q4/8/1P1P1p2/P1P5/2KRr3 w - - 0 25,e6e1
16,carlosjuniorba,EulerE,935,968,4r3/ppp2p1k/3p2pP/3Q4/8/1P1P1p2/P1P5/2K1R3 b - - 0 25,d1e1
16,carlosjuniorba,EulerE,935,968,8/ppp2p1k/3p2pP/3Q4/8/1P1P1p2/P1P5/2K1r3 w - - 0 26,e8e1
16,carlosjuniorba,EulerE,935,968,8/ppp2p1k/3p2pP/3Q4/8/1P1P1p2/PKP5/4r3 b - - 1 26,c1b2
16,carlosjuniorba,EulerE,935,968,8/ppp1rp1k/3p2pP/3Q4/8/1P1P1p2/PKP5/8 w - - 2 27,e1e7
16,carlosjuniorba,EulerE,935,968,8/ppp1rp1k/3p2pP/8/8/1P1P1Q2/PKP5/8 b - - 0 27,d5f3
16,carlosjuniorba,EulerE,935,968,8/ppp1rp2/3p2pk/8/8/1P1P1Q2/PKP5/8 w - - 0 28,h7h6
16,carlosjuniorba,EulerE,935,968,8/pQp1rp2/3p2pk/8/8/1P1P4/PKP5/8 b - - 0 28,f3b7
16,carlosjuniorba,EulerE,935,968,8/pQp1rpk1/3p2p1/8/8/1P1P4/PKP5/8 w - - 1 29,h6g7
16,carlosjuniorba,EulerE,935,968,8/Q1p1rpk1/3p2p1/8/8/1P1P4/PKP5/8 b - - 0 29,b7a7
16,carlosjuniorba,EulerE,935,968,8/Q1p1rpk1/3p4/6p1/8/1P1P4/PKP5/8 w - - 0 30,g6g5
16,carlosjuniorba,EulerE,935,968,8/2p1rpk1/3p4/6p1/8/1P1P4/PKP2Q2/8 b - - 1 30,a7f2
16,carlosjuniorba,EulerE,935,968,5k2/2p1rp2/3p4/6p1/8/1P1P4/PKP2Q2/8 w - - 2 31,g7f8
16,carlosjuniorba,EulerE,935,968,5k2/2p1rp2/3p4/6p1/P7/1P1P4/1KP2Q2/8 b - - 0 31,a2a4
16,carlosjuniorba,EulerE,935,968,5k2/2p1rp2/3p4/8/P5p1/1P1P4/1KP2Q2/8 w - - 0 32,g5g4
16,carlosjuniorba,EulerE,935,968,5k2/2p1rp2/3p4/P7/6p1/1P1P4/1KP2Q2/8 b - - 0 32,a4a5
16,carlosjuniorba,EulerE,935,968,4k3/2p1rp2/3p4/P7/6p1/1P1P4/1KP2Q2/8 w - - 1 33,f8e8
16,carlosjuniorba,EulerE,935,968,4k3/2p1rp2/P2p4/8/6p1/1P1P4/1KP2Q2/8 b - - 0 33,a5a6
16,carlosjuniorba,EulerE,935,968,8/2pkrp2/P2p4/8/6p1/1P1P4/1KP2Q2/8 w - - 1 34,e8d7
16,carlosjuniorba,EulerE,935,968,8/P1pkrp2/3p4/8/6p1/1P1P4/1KP2Q2/8 b - - 0 34,a6a7
16,carlosjuniorba,EulerE,935,968,4r3/P1pk1p2/3p4/8/6p1/1P1P4/1KP2Q2/8 w - - 1 35,e7e8
16,carlosjuniorba,EulerE,935,968,4r3/P1pk1p2/3p4/8/3Q2p1/1P1P4/1KP5/8 b - - 2 35,f2d4
16,carlosjuniorba,EulerE,935,968,r7/P1pk1p2/3p4/8/3Q2p1/1P1P4/1KP5/8 w - - 3 36,e8a8
17,bronxgeorge,EulerE,1317,1296,rnbqkbnr/pppppppp/8/8/4P3/8/PPPP1PPP/RNBQKBNR b KQkq - 0 1,e2e4
17,bronxgeorge,EulerE,1317,1296,rnbqkbnr/pppp1ppp/8/4p3/4P3/8/PPPP1PPP/RNBQKBNR w KQkq - 0 2,e7e5
17,bronxgeorge,EulerE,1317,1296,rnbqkbnr/pppp1ppp/8/4p3/4P3/5N2/PPPP1PPP/RNBQKB1R b KQkq - 1 2,g1f3
17,bronxgeorge,EulerE,1317,1296,r1bqkbnr/pppp1ppp/2n5/4p3/4P3/5N2/PPPP1PPP/RNBQKB1R w KQkq - 2 3,b8c6
17,bronxgeorge,EulerE,1317,1296,r1bqkbnr/pppp1ppp/2n5/4p3/2B1P3/5N2/PPPP1PPP/RNBQK2R b KQkq - 3 3,f1c4
17,bronxgeorge,EulerE,1317,1296,r1bqk1nr/pppp1ppp/2n5/2b1p3/2B1P3/5N2/PPPP1PPP/RNBQK2R w KQkq - 4 4,f8c5
17,bronxgeorge,EulerE,1317,1296,r1bqk1nr/pppp1ppp/2n5/2b1p3/2B1P3/3P1N2/PPP2PPP/RNBQK2R b KQkq - 0 4,d2d3
17,bronxgeorge,EulerE,1317,1296,r1bqk2r/pppp1ppp/2n2n2/2b1p3/2B1P3/3P1N2/PPP2PPP/RNBQK2R w KQkq - 1 5,g8f6
17,bronxgeorge,EulerE,1317,1296,r1bqk2r/pppp1ppp/2n2n2/2b1p1B1/2B1P3/3P1N2/PPP2PPP/RN1QK2R b KQkq - 2 5,c1g5
17,bronxgeorge,EulerE,1317,1296,r1bq1rk1/pppp1ppp/2n2n2/2b1p1B1/2B1P3/3P1N2/PPP2PPP/RN1QK2R w KQ - 3 6,e8g8
17,bronxgeorge,EulerE,1317,1296,r1bq1rk1/pppp1ppp/2n2n2/2b1p1B1/2B1P3/3P1N2/PPP2PPP/RN1Q1RK1 b - - 4 6,e1g1
17,bronxgeorge,EulerE,1317,1296,r1bq1rk1/pppp1pp1/2n2n1p/2b1p1B1/2B1P3/3P1N2/PPP2PPP/RN1Q1RK1 w - - 0 7,h7h6
17,bronxgeorge,EulerE,1317,1296,r1bq1rk1/pppp1pp1/2n2n1p/2b1p3/2B1P2B/3P1N2/PPP2PPP/RN1Q1RK1 b - - 1 7,g5h4
17,bronxgeorge,EulerE,1317,1296,r1bqr1k1/pppp1pp1/2n2n1p/2b1p3/2B1P2B/3P1N2/PPP2PPP/RN1Q1RK1 w - - 2 8,f8e8
17,bronxgeorge,EulerE,1317,1296,r1bqr1k1/pppp1pp1/2n2n1p/2b1p3/2B1P2B/2NP1N2/PPP2PPP/R2Q1RK1 b - - 3 8,b1c3
17,bronxgeorge,EulerE,1317,1296,r1bqr1k1/pppp1p2/2n2n1p/2b1p1p1/2B1P2B/2NP1N2/PPP2PPP/R2Q1RK1 w - - 0 9,g7g5
17,bronxgeorge,EulerE,1317,1296,r1bqr1k1/pppp1p2/2n2n1p/2b1p1N1/2B1P2B/2NP4/PPP2PPP/R2Q1RK1 b - - 0 9,f3g5
17,bronxgeorge,EulerE,1317,1296,r1bqr1k1/pppp1p2/2n2n2/2b1p1p1/2B1P2B/2NP4/PPP2PPP/R2Q1RK1 w - - 0 10,h6g5
17,bronxgeorge,EulerE,1317,1296,r1bqr1k1/pppp1p2/2n2n2/2b1p1B1/2B1P3/2NP4/PPP2PPP/R2Q1RK1 b - - 0 10,h4g5
17,bronxgeorge,EulerE,1317,1296,r1bqr1k1/ppppbp2/2n2n2/4p1B1/2B1P3/2NP4/PPP2PPP/R2Q1RK1 w - - 1 11,c5e7
17,bronxgeorge,EulerE,1317,1296,r1bqr1k1/ppppbp2/2n2n2/4p1B1/2B1P3/2NP1Q2/PPP2PPP/R4RK1 b - - 2 11,d1f3
17,bronxgeorge,EulerE,1317,1296,r1bqr1k1/ppppbp2/5n2/4p1B1/2BnP3/2NP1Q2/PPP2PPP/R4RK1 w - - 3 12,c6d4
17,bronxgeorge,EulerE,1317,1296,r1bqr1k1/ppppbp2/5n2/4p1B1/2BnP3/2NP2Q1/PPP2PPP/R4RK1 b - - 4 12,f3g3
17,bronxgeorge,EulerE,1317,1296,r1bqrk2/ppppbp2/5n2/4p1B1/2BnP3/2NP2Q1/PPP2PPP/R4RK1 w - - 5 13,g8f8
17,bronxgeorge,EulerE,1317,1296,r1bqrk2/ppppbp2/5n2/4p1B1/2BnP2Q/2NP4/PPP2PPP/R4RK1 b - - 6 13,g3h4
17,bronxgeorge,EulerE,1317,1296,r1bqrkn1/ppppbp2/8/4p1B1/2BnP2Q/2NP4/PPP2PPP/R4RK1 w - - 7 14,f6g8
17,bronxgeorge,EulerE,1317,1296,r1bqrkn1/ppppbp2/7B/4p3/2BnP2Q/2NP4/PPP2PPP/R4RK1 b - - 8 14,g5h6
17,bronxgeorge,EulerE,1317,1296,r1bqrk2/ppppbp2/7n/4p3/2BnP2Q/2NP4/PPP2PPP/R4RK1 w - - 0 15,g8h6
17,bronxgeorge,EulerE,1317,1296,r1bqrk2/ppppbp2/7Q/4p3/2BnP3/2NP4/PPP2PPP/R4RK1 b - - 0 15,h4h6
17,bronxgeorge,EulerE,1317,1296,r1bqr1k1/ppppbp2/7Q/4p3/2BnP3/2NP4/PPP2PPP/R4RK1 w - - 1 16,f8g8
17,bronxgeorge,EulerE,1317,1296,r1bqr1k1/ppppbp2/7Q/3Np3/2BnP3/3P4/PPP2PPP/R4RK1 b - - 2 16,c3d5
17,bronxgeorge,EulerE,1317,1296,r1bqr1k1/pppp1p2/7Q/3Np1b1/2BnP3/3P4/PPP2PPP/R4RK1 w - - 3 17,e7g5
17,bronxgeorge,EulerE,1317,1296,r1bqr1k1/pppp1p2/8/3Np1bQ/2BnP3/3P4/PPP2PPP/R4RK1 b - - 4 17,h6h5
17,bronxgeorge,EulerE,1317,1296,r1bqr1k1/ppp2p2/3p4/3Np1bQ/2BnP3/3P4/PPP2PPP/R4RK1 w - - 0 18,d7d6
17,bronxgeorge,EulerE,1317,1296,r1bqr1k1/ppp2p2/3p4/3Np1bQ/2BnPP2/3P4/PPP3PP/R4RK1 b - - 0 18,f2f4
17,bronxgeorge,EulerE,1317,1296,r1bqr1k1/ppp2p2/3p1b2/3Np2Q/2BnPP2/3P4/PPP3PP/R4RK1 w - - 1 19,g5f6
17,bronxgeorge,EulerE,1317,1296,r1bqr1k1/ppp2p2/3p1b2/3NpP1Q/2BnP3/3P4/PPP3PP/R4RK1 b - - 0 19,f4f5
17,bronxgeorge,EulerE,1317,1296,r1bqr1k1/pp3p2/2pp1b2/3NpP1Q/2BnP3/3P4/PPP3PP/R4RK1 w - - 0 20,c7c6
17,bronxgeorge,EulerE,1317,1296,r1bqr1k1/pp3p2/2pp1b2/3NpP2/2BnP1Q1/3P4/PPP3PP/R4RK1 b - - 1 20,h5g4
17,bronxgeorge,EulerE,1317,1296,r1bqr2k/pp3p2/2pp1b2/3NpP2/2BnP1Q1/3P4/PPP3PP/R4RK1 w - - 2 21,g8h8
17,bronxgeorge,EulerE,1317,1296,r1bqr2k/pp3p2/2pp1b2/3NpP1Q/2BnP3/3P4/PPP3PP/R4RK1 b - - 3 21,g4h5
17,bronxgeorge,EulerE,1317,1296,r1bqr1k1/pp3p2/2pp1b2/3NpP1Q/2BnP3/3P4/PPP3PP/R4RK1 w - - 4 22,h8g8
17,bronxgeorge,EulerE,1317,1296,r1bqr1k1/pp3p2/2pp1b2/3NpP2/2BnP1Q1/3P4/PPP3PP/R4RK1 b - - 5 22,h5g4
17,bronxgeorge,EulerE,1317,1296,r1bqr2k/pp3p2/2pp1b2/3NpP2/2BnP1Q1/3P4/PPP3PP/R4RK1 w - - 6 23,g8h8
17,bronxgeorge,EulerE,1317,1296,r1bqr2k/pp3p2/2pp1b2/3NpP1Q/2BnP3/3P4/PPP3PP/R4RK1 b - - 7 23,g4h5
17,bronxgeorge,EulerE,1317,1296,r1bqr1k1/pp3p2/2pp1b2/3NpP1Q/2BnP3/3P4/PPP3PP/R4RK1 w - - 8 24,h8g8
18,EulerE,Vankish,1297,1320,rnbqkbnr/pppppppp/8/8/3P4/8/PPP1PPPP/RNBQKBNR b KQkq - 0 1,d2d4
18,EulerE,Vankish,1297,1320,rnbqkbnr/ppp1pppp/8/3p4/3P4/8/PPP1PPPP/RNBQKBNR w KQkq - 0 2,d7d5
18,EulerE,Vankish,1297,1320,rnbqkbnr/ppp1pppp/8/3p4/2PP4/8/PP2PPPP/RNBQKBNR b KQkq - 0 2,c2c4
18,EulerE,Vankish,1297,1320,rnbqkb1r/ppp1pppp/5n2/3p4/2PP4/8/PP2PPPP/RNBQKBNR w KQkq - 1 3,g8f6
18,EulerE,Vankish,1297,1320,rnbqkb1r/ppp1pppp/5n2/3p4/2PP4/5N2/PP2PPPP/RNBQKB1R b KQkq - 2 3,g1f3
18,EulerE,Vankish,1297,1320,rnbqkb1r/ppp2ppp/4pn2/3p4/2PP4/5N2/PP2PPPP/RNBQKB1R w KQkq - 0 4,e7e6
18,EulerE,Vankish,1297,1320,rnbqkb1r/ppp2ppp/4pn2/3p4/2PP4/2N2N2/PP2PPPP/R1BQKB1R b KQkq - 1 4,b1c3
18,EulerE,Vankish,1297,1320,rnbqkb1r/p1p2ppp/1p2pn2/3p4/2PP4/2N2N2/PP2PPPP/R1BQKB1R w KQkq - 0 5,b7b6
18,EulerE,Vankish,1297,1320,rnbqkb1r/p1p2ppp/1p2pn2/3p4/2PP4/2N2NP1/PP2PP1P/R1BQKB1R b KQkq - 0 5,g2g3
18,EulerE,Vankish,1297,1320,rn1qkb1r/pbp2ppp/1p2pn2/3p4/2PP4/2N2NP1/PP2PP1P/R1BQKB1R w KQkq - 1 6,c8b7
18,EulerE,Vankish,1297,1320,rn1qkb1r/pbp2ppp/1p2pn2/3p4/2PP4/2N2NP1/PP2PPBP/R1BQK2R b KQkq - 2 6,f1g2
18,EulerE,Vankish,1297,1320,rn1qk2r/pbp2ppp/1p2pn2/3p4/1bPP4/2N2NP1/PP2PPBP/R1BQK2R w KQkq - 3 7,f8b4
18,EulerE,Vankish,1297,1320,rn1qk2r/pbp2ppp/1p2pn2/3p4/1bPP4/2N2NP1/PP1BPPBP/R2QK2R b KQkq - 4 7,c1d2
18,EulerE,Vankish,1297,1320,r2qk2r/pbpn1ppp/1p2pn2/3p4/1bPP4/2N2NP1/PP1BPPBP/R2QK2R w KQkq - 5 8,b8d7
18,EulerE,Vankish,1297,1320,r2qk2r/pbpn1ppp/1p2pn2/3p4/1bPP4/2N2NP1/PP1BPPBP/R2Q1RK1 b kq - 6 8,e1g1
18,EulerE,Vankish,1297,1320,r2qk2r/p1pn1ppp/bp2pn2/3p4/1bPP4/2N2NP1/PP1BPPBP/R2Q1RK1 w kq - 7 9,b7a6
18,EulerE,Vankish,1297,1320,r2qk2r/p1pn1ppp/bp2pn2/3P4/1b1P4/2N2NP1/PP1BPPBP/R2Q1RK1 b kq - 0 9,c4d5
18,EulerE,Vankish,1297,1320,r2qk2r/p1pn1ppp/bp3n2/3p4/1b1P4/2N2NP1/PP1BPPBP/R2Q1RK1 w kq - 0 10,e6d5
18,EulerE,Vankish,1297,1320,r2qk2r/p1pn1ppp/bp3n2/3p4/1b1P4/P1N2NP1/1P1BPPBP/R2Q1RK1 b kq - 0 10,a2a3
18,EulerE,Vankish,1297,1320,r2qk2r/p1pn1ppp/bp3n2/3p4/3P4/P1b2NP1/1P1BPPBP/R2Q1RK1 w kq - 0 11,b4c3
18,EulerE,Vankish,1297,1320,r2qk2r/p1pn1ppp/bp3n2/3p4/3P4/P1B2NP1/1P2PPBP/R2Q1RK1 b kq - 0 11,d2c3
18,EulerE,Vankish,1297,1320,r2q1rk1/p1pn1ppp/bp3n2/3p4/3P4/P1B2NP1/1P2PPBP/R2Q1RK1 w - - 1 12,e8g8
18,EulerE,Vankish,1297,1320,r2q1rk1/p1pn1ppp/bp3n2/3p4/3P4/P1B2NP1/1P2PPBP/R2QR1K1 b - - 2 12,f1e1
18,EulerE,Vankish,1297,1320,r2qr1k1/p1pn1ppp/bp3n2/3p4/3P4/P1B2NP1/1P2PPBP/R2QR1K1 w - - 3 13,f8e8
18,EulerE,Vankish,1297,1320,r2qr1k1/p1pn1ppp/bp3n2/3pN3/3P4/P1B3P1/1P2PPBP/R2QR1K1 b - - 4 13,f3e5
18,EulerE,Vankish,1297,1320,r2qr1k1/p1p2ppp/bp3n2/3pn3/3P4/P1B3P1/1P2PPBP/R2QR1K1 w - - 0 14,d7e5
18,EulerE,Vankish,1297,1320,r2qr1k1/p1p2ppp/bp3n2/3pP3/8/P1B3P1/1P2PPBP/R2QR1K1 b - - 0 14,d4e5
18,EulerE,Vankish,1297,1320,r2qr1k1/p1p2ppp/bp6/3pP3/4n3/P1B3P1/1P2PPBP/R2QR1K1 w - - 1 15,f6e4
18,EulerE,Vankish,1297,1320,r2qr1k1/p1p2ppp/bp6/3pP3/4B3/P1B3P1/1P2PP1P/R2QR1K1 b - - 0 15,g2e4
18,EulerE,Vankish,1297,1320,r2qr1k1/p1p2ppp/bp6/4P3/4p3/P1B3P1/1P2PP1P/R2QR1K1 w - - 0 16,d5e4
18,EulerE,Vankish,1297,1320,r2qr1k1/p1p2ppp/bp6/4P3/Q3p3/P1B3P1/1P2PP1P/R3R1K1 b - - 1 16,d1a4
18,EulerE,Vankish,1297,1320,r2qr1k1/pbp2ppp/1p6/4P3/Q3p3/P1B3P1/1P2PP1P/R3R1K1 w - - 2 17,a6b7
18,EulerE,Vankish,1297,1320,r2qr1k1/pbp2ppp/1p6/4P3/Q3p3/P1B3P1/1P2PP1P/3RR1K1 b - - 3 17,a1d1
18,EulerE,Vankish,1297,1320,r3r1k1/pbp2ppp/1p6/4P1q1/Q3p3/P1B3P1/1P2PP1P/3RR1K1 w - - 4 18,d8g5
18,EulerE,Vankish,1297,1320,r3r1k1/pbp2ppp/1p6/4P1q1/Q3p3/P1B1P1P1/1P3P1P/3RR1K1 b - - 0 18,e2e3
18,EulerE,Vankish,1297,1320,r2r2k1/pbp2ppp/1p6/4P1q1/Q3p3/P1B1P1P1/1P3P1P/3RR1K1 w - - 1 19,e8d8
18,EulerE,Vankish,1297,1320,r2r2k1/pbp2ppp/1p6/4P1q1/Q2Rp3/P1B1P1P1/1P3P1P/4R1K1 b - - 2 19,d1d4
18,EulerE,Vankish,1297,1320,r5k1/pbp2ppp/1p6/4P1q1/Q2rp3/P1B1P1P1/1P3P1P/4R1K1 w - - 0 20,d8d4
18,EulerE,Vankish,1297,1320,r5k1/pbp2ppp/1p6/4P1q1/Q2Pp3/P1B3P1/1P3P1P/4R1K1 b - - 0 20,e3d4
18,EulerE,Vankish,1297,1320,r5k1/pbp2ppp/1p6/4Pq2/Q2Pp3/P1B3P1/1P3P1P/4R1K1 w - - 1 21,g5f5
18,EulerE,Vankish,1297,1320,r5k1/pbp2ppp/1p6/4Pq2/3Pp3/P1B3P1/1PQ2P1P/4R1K1 b - - 2 21,a4c2
18,EulerE,Vankish,1297,1320,r5k1/pbp2ppp/1p6/4P3/3Pp3/P1B2qP1/1PQ2P1P/4R1K1 w - - 3 22,f5f3
18,EulerE,Vankish,1297,1320,r5k1/pbp2ppp/1p6/4P3/3Pp3/P1B2qP1/1P2QP1P/4R1K1 b - - 4 22,c2e2
18,EulerE,Vankish,1297,1320,r5k1/pbp2ppp/1p6/4Pq2/3Pp3/P1B3P1/1P2QP1P/4R1K1 w - - 5 23,f3f5
18,EulerE,Vankish,1297,1320,r5k1/pbp2ppp/1p6/4Pq2/2QPp3/P1B3P1/1P3P1P/4R1K1 b - - 6 23,e2c4
18,EulerE,Vankish,1297,1320,2r3k1/pbp2ppp/1p6/4Pq2/2QPp3/P1B3P1/1P3P1P/4R1K1 w - - 7 24,a8c8
18,EulerE,Vankish,1297,1320,2r3k1/pbp2ppp/1p6/3PPq2/2Q1p3/P1B3P1/1P3P1P/4R1K1 b - - 0 24,d4d5
18,EulerE,Vankish,1297,1320,2r3k1/pbp2ppp/1p6/3PPq2/2Q5/P1B1p1P1/1P3P1P/4R1K1 w - - 0 25,e4e3
18,EulerE,Vankish,1297,1320,2r3k1/pbp2ppp/1p6/3PPq2/2Q5/P1B1R1P1/1P3P1P/6K1 b - - 0 25,e1e3
18,EulerE,Vankish,1297,1320,2r3k1/pbp2ppp/1p6/3PP3/2Q5/P1B1R1P1/1P3P1P/1q4K1 w - - 1 26,f5b1
18,EulerE,Vankish,1297,1320,2r3k1/pbp2ppp/1p6/3PP3/2Q5/P1B1R1P1/1P3PKP/1q6 b - - 2 26,g1g2
18,EulerE,Vankish,1297,1320,2r3k1/pb3ppp/1p6/2pPP3/2Q5/P1B1R1P1/1P3PKP/1q6 w - c6 0 27,c7c5
18,EulerE,Vankish,1297,1320,2r3k1/pb3ppp/1p6/2pPP3/2Q5/P1B3P1/1P3PKP/1q2R3 b - - 1 27,e3e1
18,EulerE,Vankish,1297,1320,2r3k1/pb3ppp/1p6/2pPPq2/2Q5/P1B3P1/1P3PKP/4R3 w - - 2 28,b1f5
18,EulerE,Vankish,1297,1320,2r3k1/pb3ppp/1p6/2pPPq2/2Q5/P1B3P1/1P3P1P/4R1K1 b - - 3 28,g2g1
18,EulerE,Vankish,1297,1320,3r2k1/pb3ppp/1p6/2pPPq2/2Q5/P1B3P1/1P3P1P/4R1K1 w - - 4 29,c8d8
18,EulerE,Vankish,1297,1320,3r2k1/pb3ppp/1p1P4/2p1Pq2/2Q5/P1B3P1/1P3P1P/4R1K1 b - - 0 29,d5d6
18,EulerE,Vankish,1297,1320,3r2k1/pb3ppp/1p1P4/2p1P3/2Q5/P1B3Pq/1P3P1P/4R1K1 w - - 1 30,f5h3
18,EulerE,Vankish,1297,1320,3r2k1/pb3ppp/1p1P4/2p1P3/8/P1B3Pq/1P3P1P/4RQK1 b - - 2 30,c4f1
18,EulerE,Vankish,1297,1320,3r2k1/pb3ppp/1p1P4/2p1Pq2/8/P1B3P1/1P3P1P/4RQK1 w - - 3 31,h3f5
18,EulerE,Vankish,1297,1320,3r2k1/pb3ppp/1p1P4/2p1Pq2/5P2/P1B3P1/1P5P/4RQK1 b - - 0 31,f2f4
18,EulerE,Vankish,1297,1320,3r2k1/pb3pp1/1p1P4/2p1Pq1p/5P2/P1B3P1/1P5P/4RQK1 w - - 0 32,h7h5
18,EulerE,Vankish,1297,1320,3r2k1/pb3pp1/1p1P4/2p1Pq1p/2Q2P2/P1B3P1/1P5P/4R1K1 b - - 1 32,f1c4
18,EulerE,Vankish,1297,1320,3r2k1/pb3pp1/1p1P4/2p1Pq2/2Q2P1p/P1B3P1/1P5P/4R1K1 w - - 0 33,h5h4
18,EulerE,Vankish,1297,1320,3r2k1/pb3pp1/1p1PP3/2p2q2/2Q2P1p/P1B3P1/1P5P/4R1K1 b - - 0 33,e5e6
18,EulerE,Vankish,1297,1320,3r2k1/pb4p1/1p1Pp3/2p2q2/2Q2P1p/P1B3P1/1P5P/4R1K1 w - - 0 34,f7e6
18,EulerE,Vankish,1297,1320,3r2k1/pb4p1/1p1PQ3/2p2q2/5P1p/P1B3P1/1P5P/4R1K1 b - - 0 34,c4e6
18,EulerE,Vankish,1297,1320,3r2k1/pb4p1/1p1Pq3/2p5/5P1p/P1B3P1/1P5P/4R1K1 w - - 0 35,f5e6
18,EulerE,Vankish,1297,1320,3r2k1/pb4p1/1p1PR3/2p5/5P1p/P1B3P1/1P5P/6K1 b - - 0 35,e1e6
18,EulerE,Vankish,1297,1320,3r2k1/pb4p1/1p1PR3/2p5/5P2/P1B3p1/1P5P/6K1 w - - 0 36,h4g3
18,EulerE,Vankish,1297,1320,3r2k1/pb4p1/1p1PR3/2p5/5P2/P1B3P1/1P6/6K1 b - - 0 36,h2g3
18,EulerE,Vankish,1297,1320,3r2k1/p5p1/1p1PR3/2pb4/5P2/P1B3P1/1P6/6K1 w - - 1 37,b7d5
18,EulerE,Vankish,1297,1320,3r2k1/p5p1/1p1P2R1/2pb4/5P2/P1B3P1/1P6/6K1 b - - 2 37,e6g6
18,EulerE,Vankish,1297,1320,3r4/p5pk/1p1P2R1/2pb4/5P2/P1B3P1/1P6/6K1 w - - 3 38,g8h7
18,EulerE,Vankish,1297,1320,3r4/p5Rk/1p1P4/2pb4/5P2/P1B3P1/1P6/6K1 b - - 0 38,g6g7
18,EulerE,Vankish,1297,1320,3r4/p5R1/1p1P3k/2pb4/5P2/P1B3P1/1P6/6K1 w - - 1 39,h7h6
18,EulerE,Vankish,1297,1320,3r4/p7/1p1P3k/2pb2R1/5P2/P1B3P1/1P6/6K1 b - - 2 39,g7g5
18,EulerE,Vankish,1297,1320,8/p7/1p1r3k/2pb2R1/5P2/P1B3P1/1P6/6K1 w - - 0 40,d8d6
18,EulerE,Vankish,1297,1320,8/p7/1p1r3k/2pb2R1/5P2/P1B3P1/1P3K2/8 b - - 1 40,g1f2
18,EulerE,Vankish,1297,1320,8/p7/1p4rk/2pb2R1/5P2/P1B3P1/1P3K2/8 w - - 2 41,d6g6
18,EulerE,Vankish,1297,1320,8/p7/1p4Rk/2pb4/5P2/P1B3P1/1P3K2/8 b - - 0 41,g5g6
18,EulerE,Vankish,1297,1320,8/p7/1p4k1/2pb4/5P2/P1B3P1/1P3K2/8 w - - 0 42,h6g6
18,EulerE,Vankish,1297,1320,8/p7/1p4k1/2pb4/5P2/P1B1K1P1/1P6/8 b - - 1 42,f2e3
18,EulerE,Vankish,1297,1320,8/p7/1p6/2pb1k2/5P2/P1B1K1P1/1P6/8 w - - 2 43,g6f5
18,EulerE,Vankish,1297,1320,8/p7/1p6/2pbBk2/5P2/P3K1P1/1P6/8 b - - 3 43,c3e5
18,EulerE,Vankish,1297,1320,8/p7/1p6/2p1Bk2/4bP2/P3K1P1/1P6/8 w - - 4 44,d5e4
18,EulerE,Vankish,1297,1320,1B6/p7/1p6/2p2k2/4bP2/P3K1P1/1P6/8 b - - 5 44,e5b8
18,EulerE,Vankish,1297,1320,1B6/8/1p6/p1p2k2/4bP2/P3K1P1/1P6/8 w - - 0 45,a7a5
18,EulerE,Vankish,1297,1320,8/B7/1p6/p1p2k2/4bP2/P3K1P1/1P6/8 b - - 1 45,b8a7
18,EulerE,Vankish,1297,1320,8/B7/1p6/p4k2/2p1bP2/P3K1P1/1P6/8 w - - 0 46,c5c4
18,EulerE,Vankish,1297,1320,8/8/1B6/p4k2/2p1bP2/P3K1P1/1P6/8 b - - 0 46,a7b6
18,EulerE,Vankish,1297,1320,8/8/1B6/5k2/p1p1bP2/P3K1P1/1P6/8 w - - 0 47,a5a4
18,EulerE,Vankish,1297,1320,8/8/1B6/5k2/p1p1bP2/P5P1/1P1K4/8 b - - 1 47,e3d2
18,EulerE,Vankish,1297,1320,8/8/1B6/5k2/p1p2P2/P2b2P1/1P1K4/8 w - - 2 48,e4d3
18,EulerE,Vankish,1297,1320,8/8/1B6/5k2/p1p2P2/P2b2P1/1P6/4K3 b - - 3 48,d2e1
18,EulerE,Vankish,1297,1320,8/8/1B6/8/p1p2Pk1/P2b2P1/1P6/4K3 w - - 4 49,f5g4
18,EulerE,Vankish,1297,1320,8/8/1B6/8/p1p2Pk1/P2b2P1/1P3K2/8 b - - 5 49,e1f2
18,EulerE,Vankish,1297,1320,8/8/1B6/8/p1p2Pk1/P5P1/1Pb2K2/8 w - - 6 50,d3c2
18,EulerE,Vankish,1297,1320,8/8/8/8/p1pB1Pk1/P5P1/1Pb2K2/8 b - - 7 50,b6d4
18,EulerE,Vankish,1297,1320,8/8/8/8/p1pB1Pk1/Pb4P1/1P3K2/8 w - - 8 51,c2b3
18,EulerE,Vankish,1297,1320,8/8/8/8/p1p2Pk1/PbB3P1/1P3K2/8 b - - 9 51,d4c3
18,EulerE,Vankish,1297,1320,8/8/8/8/p1p2Pk1/P1B3P1/1Pb2K2/8 w - - 10 52,b3c2
18,EulerE,Vankish,1297,1320,8/8/8/8/p1p2Pk1/P5P1/1Pb2K2/4B3 b - - 11 52,c3e1
18,EulerE,Vankish,1297,1320,8/8/8/8/p1p2Pk1/Pb4P1/1P3K2/4B3 w - - 12 53,c2b3
18,EulerE,Vankish,1297,1320,8/8/8/8/p1p2Pk1/Pb2K1P1/1P6/4B3 b - - 13 53,f2e3
18,EulerE,Vankish,1297,1320,8/8/8/8/p1p2Pk1/P3K1P1/1Pb5/4B3 w - - 14 54,b3c2
18,EulerE,Vankish,1297,1320,8/8/8/8/p1pK1Pk1/P5P1/1Pb5/4B3 b - - 15 54,e3d4
18,EulerE,Vankish,1297,1320,8/8/8/8/p1pK1Pk1/Pb4P1/1P6/4B3 w - - 16 55,c2b3
18,EulerE,Vankish,1297,1320,8/8/8/2K5/p1p2Pk1/Pb4P1/1P6/4B3 b - - 17 55,d4c5
18,EulerE,Vankish,1297,1320,8/8/8/2K5/p1p2Pk1/P5P1/bP6/4B3 w - - 18 56,b3a2
18,EulerE,Vankish,1297,1320,8/8/8/8/pKp2Pk1/P5P1/bP6/4B3 b - - 19 56,c5b4
18,EulerE,Vankish,1297,1320,8/8/8/8/pKp2Pk1/Pb4P1/1P6/4B3 w - - 20 57,a2b3
18,EulerE,Vankish,1297,1320,8/8/8/1K6/p1p2Pk1/Pb4P1/1P6/4B3 b - - 21 57,b4b5
18,EulerE,Vankish,1297,1320,8/8/8/1K3k2/p1p2P2/Pb4P1/1P6/4B3 w - - 22 58,g4f5
18,EulerE,Vankish,1297,1320,8/8/8/1K3k2/p1p2P2/Pb4P1/1P3B2/8 b - - 23 58,e1f2
18,EulerE,Vankish,1297,1320,8/8/8/1K6/p1p2Pk1/Pb4P1/1P3B2/8 w - - 24 59,f5g4
18,EulerE,Vankish,1297,1320,8/8/8/1K6/p1pB1Pk1/Pb4P1/1P6/8 b - - 25 59,f2d4
18,EulerE,Vankish,1297,1320,8/8/8/1K6/p1pB1P2/Pb4k1/1P6/8 w - - 0 60,g4g3
18,EulerE,Vankish,1297,1320,8/8/8/2K5/p1pB1P2/Pb4k1/1P6/8 b - - 1 60,b5c5
18,EulerE,Vankish,1297,1320,8/8/8/2K5/p1pB1k2/Pb6/1P6/8 w - - 0 61,g3f4
18,EulerE,Vankish,1297,1320,8/8/8/2K5/p1p2k2/PbB5/1P6/8 b - - 1 61,d4c3
18,EulerE,Vankish,1297,1320,8/8/8/2K5/p1p1k3/PbB5/1P6/8 w - - 2 62,f4e4
18,EulerE,Vankish,1297,1320,8/8/8/1K6/p1p1k3/PbB5/1P6/8 b - - 3 62,c5b5
18,EulerE,Vankish,1297,1320,8/8/8/1K6/p1p5/PbBk4/1P6/8 w - - 4 63,e4d3
18,EulerE,Vankish,1297,1320,8/8/8/2K5/p1p5/PbBk4/1P6/8 b - - 5 63,b5c5
18,EulerE,Vankish,1297,1320,8/8/8/2K5/p1p5/PbB5/1Pk5/8 w - - 6 64,d3c2
18,EulerE,Vankish,1297,1320,8/8/8/1K6/p1p5/PbB5/1Pk5/8 b - - 7 64,c5b5
18,EulerE,Vankish,1297,1320,8/8/8/1K6/p1p5/PbBk4/1P6/8 w - - 8 65,c2d3
18,EulerE,Vankish,1297,1320,8/8/8/2K5/p1p5/PbBk4/1P6/8 b - - 9 65,b5c5
18,EulerE,Vankish,1297,1320,8/8/8/2K5/p1p1k3/PbB5/1P6/8 w - - 10 66,d3e4
18,EulerE,Vankish,1297,1320,8/8/8/1K6/p1p1k3/PbB5/1P6/8 b - - 11 66,c5b5
18,EulerE,Vankish,1297,1320,8/8/8/1K1k4/p1p5/PbB5/1P6/8 w - - 12 67,e4d5
18,EulerE,Vankish,1297,1320,8/8/8/3k4/pKp5/PbB5/1P6/8 b - - 13 67,b5b4
18,EulerE,Vankish,1297,1320,8/8/2k5/8/pKp5/PbB5/1P6/8 w - - 14 68,d5c6
18,EulerE,Vankish,1297,1320,8/8/2k5/K7/p1p5/PbB5/1P6/8 b - - 15 68,b4a5
18,EulerE,Vankish,1297,1320,8/8/8/K1k5/p1p5/PbB5/1P6/8 w - - 16 69,c6c5
18,EulerE,Vankish,1297,1320,8/8/K7/2k5/p1p5/PbB5/1P6/8 b - - 17 69,a5a6
18,EulerE,Vankish,1297,1320,8/8/K7/3k4/p1p5/PbB5/1P6/8 w - - 18 70,c5d5
18,EulerE,Vankish,1297,1320,8/K7/8/3k4/p1p5/PbB5/1P6/8 b - - 19 70,a6a7
18,EulerE,Vankish,1297,1320,8/K7/8/2k5/p1p5/PbB5/1P6/8 w - - 20 71,d5c5
18,EulerE,Vankish,1297,1320,8/8/K7/2k5/p1p5/PbB5/1P6/8 b - - 21 71,a7a6
18,EulerE,Vankish,1297,1320,8/8/K1k5/8/p1p5/PbB5/1P6/8 w - - 22 72,c5c6
18,EulerE,Vankish,1297,1320,8/K7/2k5/8/p1p5/PbB5/1P6/8 b - - 23 72,a6a7
18,EulerE,Vankish,1297,1320,8/K7/8/1k6/p1p5/PbB5/1P6/8 w - - 24 73,c6b5
18,EulerE,Vankish,1297,1320,K7/8/8/1k6/p1p5/PbB5/1P6/8 b - - 25 73,a7a8
18,EulerE,Vankish,1297,1320,K7/8/8/1k6/p1p5/P1B5/1P6/3b4 w - - 26 74,b3d1
18,EulerE,Vankish,1297,1320,8/1K6/8/1k6/p1p5/P1B5/1P6/3b4 b - - 27 74,a8b7
18,EulerE,Vankish,1297,1320,8/1K6/8/2k5/p1p5/P1B5/1P6/3b4 w - - 28 75,b5c5
18,EulerE,Vankish,1297,1320,1K6/8/8/2k5/p1p5/P1B5/1P6/3b4 b - - 29 75,b7b8
18,EulerE,Vankish,1297,1320,1K6/8/8/3k4/p1p5/P1B5/1P6/3b4 w - - 30 76,c5d5
18,EulerE,Vankish,1297,1320,8/K7/8/3k4/p1p5/P1B5/1P6/3b4 b - - 31 76,b8a7
18,EulerE,Vankish,1297,1320,8/K7/8/8/p1p1k3/P1B5/1P6/3b4 w - - 32 77,d5e4
18,EulerE,Vankish,1297,1320,8/8/1K6/8/p1p1k3/P1B5/1P6/3b4 b - - 33 77,a7b6
18,EulerE,Vankish,1297,1320,8/8/1K6/8/p1p5/P1Bk4/1P6/3b4 w - - 34 78,e4d3
18,EulerE,Vankish,1297,1320,8/8/8/2K5/p1p5/P1Bk4/1P6/3b4 b - - 35 78,b6c5
18,EulerE,Vankish,1297,1320,8/8/8/2K5/p1p5/PbBk4/1P6/8 w - - 36 79,d1b3
18,EulerE,Vankish,1297,1320,8/8/8/8/pKp5/PbBk4/1P6/8 b - - 37 79,c5b4
18,EulerE,Vankish,1297,1320,8/8/8/8/pKp5/PbB5/1Pk5/8 w - - 38 80,d3c2
18,EulerE,Vankish,1297,1320,8/8/8/K7/p1p5/PbB5/1Pk5/8 b - - 39 80,b4a5
18,EulerE,Vankish,1297,1320,8/8/8/K7/p1p5/PbB5/1P6/1k6 w - - 40 81,c2b1
18,EulerE,Vankish,1297,1320,8/8/8/8/pKp5/PbB5/1P6/1k6 b - - 41 81,a5b4
18,EulerE,Vankish,1297,1320,8/8/8/8/pKp5/PbB5/kP6/8 w - - 42 82,b1a2
18,EulerE,Vankish,1297,1320,8/8/8/K7/p1p5/PbB5/kP6/8 b - - 43 82,b4a5
18,EulerE,Vankish,1297,1320,8/8/8/K7/p1p5/PbB5/1P6/1k6 w - - 44 83,a2b1
18,EulerE,Vankish,1297,1320,8/8/8/8/pKp5/PbB5/1P6/1k6 b - - 45 83,a5b4
18,EulerE,Vankish,1297,1320,8/8/8/8/pKp5/PbB5/1Pk5/8 w - - 46 84,b1c2
18,EulerE,Vankish,1297,1320,8/8/8/K7/p1p5/PbB5/1Pk5/8 b - - 47 84,b4a5
18,EulerE,Vankish,1297,1320,8/8/8/K7/p1p5/PbBk4/1P6/8 w - - 48 85,c2d3
18,EulerE,Vankish,1297,1320,8/8/8/8/pKp5/PbBk4/1P6/8 b - - 49 85,a5b4
18,EulerE,Vankish,1297,1320,8/8/8/8/pKp1k3/PbB5/1P6/8 w - - 50 86,d3e4
18,EulerE,Vankish,1297,1320,8/8/8/K7/p1p1k3/PbB5/1P6/8 b - - 51 86,b4a5
18,EulerE,Vankish,1297,1320,8/8/8/K2k4/p1p5/PbB5/1P6/8 w - - 52 87,e4d5
18,EulerE,Vankish,1297,1320,8/8/8/3k4/pKp5/PbB5/1P6/8 b - - 53 87,a5b4
18,EulerE,Vankish,1297,1320,8/8/2k5/8/pKp5/PbB5/1P6/8 w - - 54 88,d5c6
18,EulerE,Vankish,1297,1320,8/8/2k5/K7/p1p5/PbB5/1P6/8 b - - 55 88,b4a5
18,EulerE,Vankish,1297,1320,8/1k6/8/K7/p1p5/PbB5/1P6/8 w - - 56 89,c6b7
18,EulerE,Vankish,1297,1320,8/1k6/8/8/pKp5/PbB5/1P6/8 b - - 57 89,a5b4
18,EulerE,Vankish,1297,1320,8/8/1k6/8/pKp5/PbB5/1P6/8 w - - 58 90,b7b6
18,EulerE,Vankish,1297,1320,8/8/1k6/8/pKpB4/Pb6/1P6/8 b - - 59 90,c3d4
18,EulerE,Vankish,1297,1320,8/8/k7/8/pKpB4/Pb6/1P6/8 w - - 60 91,b6a6
18,EulerE,Vankish,1297,1320,8/8/k7/8/p1pB4/PbK5/1P6/8 b - - 61 91,b4c3
18,EulerE,Vankish,1297,1320,8/8/8/1k6/p1pB4/PbK5/1P6/8 w - - 62 92,a6b5
18,EulerE,Vankish,1297,1320,8/8/8/1k6/p1pB4/Pb6/1P1K4/8 b - - 63 92,c3d2
18,EulerE,Vankish,1297,1320,8/8/2k5/8/p1pB4/Pb6/1P1K4/8 w - - 64 93,b5c6
18,EulerE,Vankish,1297,1320,8/8/2k5/8/p1pB4/PbK5/1P6/8 b - - 65 93,d2c3
18,EulerE,Vankish,1297,1320,8/8/8/1k6/p1pB4/PbK5/1P6/8 w - - 66 94,c6b5
18,EulerE,Vankish,1297,1320,8/8/8/1k6/p1pB4/Pb6/1P1K4/8 b - - 67 94,c3d2
18,EulerE,Vankish,1297,1320,8/8/8/1k6/p1pB4/P7/bP1K4/8 w - - 68 95,b3a2
18,EulerE,Vankish,1297,1320,8/8/8/1k6/p1pB4/P1K5/bP6/8 b - - 69 95,d2c3
18,EulerE,Vankish,1297,1320,8/8/8/1k6/p1pB4/PbK5/1P6/8 w - - 70 96,a2b3
19,packrock52,EulerE,1258,1304,rnbqkbnr/pppppppp/8/8/3P4/8/PPP1PPPP/RNBQKBNR b KQkq - 0 1,d2d4
19,packrock52,EulerE,1258,1304,rnbqkbnr/ppp1pppp/8/3p4/3P4/8/PPP1PPPP/RNBQKBNR w KQkq - 0 2,d7d5
19,packrock52,EulerE,1258,1304,rnbqkbnr/ppp1pppp/8/3p4/2PP4/8/PP2PPPP/RNBQKBNR b KQkq - 0 2,c2c4
19,packrock52,EulerE,1258,1304,rnbqkbnr/ppp2ppp/4p3/3p4/2PP4/8/PP2PPPP/RNBQKBNR w KQkq - 0 3,e7e6
19,packrock52,EulerE,1258,1304,rnbqkbnr/ppp2ppp/4p3/3p4/2PP4/2N5/PP2PPPP/R1BQKBNR b KQkq - 1 3,b1c3
19,packrock52,EulerE,1258,1304,rnbqkbnr/pp3ppp/2p1p3/3p4/2PP4/2N5/PP2PPPP/R1BQKBNR w KQkq - 0 4,c7c6
19,packrock52,EulerE,1258,1304,rnbqkbnr/pp3ppp/2p1p3/3p4/2PP1B2/2N5/PP2PPPP/R2QKBNR b KQkq - 1 4,c1f4
19,packrock52,EulerE,1258,1304,rnbqkb1r/pp3ppp/2p1pn2/3p4/2PP1B2/2N5/PP2PPPP/R2QKBNR w KQkq - 2 5,g8f6
19,packrock52,EulerE,1258,1304,rnbqkb1r/pp3ppp/2p1pn2/3p4/2PP1B2/2N1P3/PP3PPP/R2QKBNR b KQkq - 0 5,e2e3
19,packrock52,EulerE,1258,1304,rnbqkb1r/pp3p1p/2p1pnp1/3p4/2PP1B2/2N1P3/PP3PPP/R2QKBNR w KQkq - 0 6,g7g6
19,packrock52,EulerE,1258,1304,rnbqkb1r/pp3p1p/2p1pnp1/3p4/2PP1B2/2N1PP2/PP4PP/R2QKBNR b KQkq - 0 6,f2f3
19,packrock52,EulerE,1258,1304,rnbqk2r/pp3pbp/2p1pnp1/3p4/2PP1B2/2N1PP2/PP4PP/R2QKBNR w KQkq - 1 7,f8g7
19,packrock52,EulerE,1258,1304,rnbqk2r/pp3pbp/2p1pnp1/3p4/2PP1B2/2N1PP2/PP2B1PP/R2QK1NR b KQkq - 2 7,f1e2
19,packrock52,EulerE,1258,1304,rnbq1rk1/pp3pbp/2p1pnp1/3p4/2PP1B2/2N1PP2/PP2B1PP/R2QK1NR w KQ - 3 8,e8g8
19,packrock52,EulerE,1258,1304,rnbq1rk1/pp3pbp/2p1pnp1/3p4/2PP1B2/2N1PP2/PPQ1B1PP/R3K1NR b KQ - 4 8,d1c2
19,packrock52,EulerE,1258,1304,rnbqr1k1/pp3pbp/2p1pnp1/3p4/2PP1B2/2N1PP2/PPQ1B1PP/R3K1NR w KQ - 5 9,f8e8
19,packrock52,EulerE,1258,1304,rnbqr1k1/pp3pbp/2p1pnp1/3p4/2PP1BP1/2N1PP2/PPQ1B2P/R3K1NR b KQ - 0 9,g2g4
19,packrock52,EulerE,1258,1304,r1bqr1k1/pp1n1pbp/2p1pnp1/3p4/2PP1BP1/2N1PP2/PPQ1B2P/R3K1NR w KQ - 1 10,b8d7
19,packrock52,EulerE,1258,1304,r1bqr1k1/pp1n1pbp/2p1pnp1/3p4/2PP1BPP/2N1PP2/PPQ1B3/R3K1NR b KQ - 0 10,h2h4
19,packrock52,EulerE,1258,1304,r1bqrk2/pp1n1pbp/2p1pnp1/3p4/2PP1BPP/2N1PP2/PPQ1B3/R3K1NR w KQ - 1 11,g8f8
19,packrock52,EulerE,1258,1304,r1bqrk2/pp1n1pbp/2p1pnp1/3p3P/2PP1BP1/2N1PP2/PPQ1B3/R3K1NR b KQ - 0 11,h4h5
19,packrock52,EulerE,1258,1304,r1bqrk2/pp1n1pbp/2p2np1/3pp2P/2PP1BP1/2N1PP2/PPQ1B3/R3K1NR w KQ - 0 12,e6e5
19,packrock52,EulerE,1258,1304,r1bqrk2/pp1n1pbp/2p2np1/3pP2P/2P2BP1/2N1PP2/PPQ1B3/R3K1NR b KQ - 0 12,d4e5
19,packrock52,EulerE,1258,1304,r1bqrk2/pp3pbp/2p2np1/3pn2P/2P2BP1/2N1PP2/PPQ1B3/R3K1NR w KQ - 0 13,d7e5
19,packrock52,EulerE,1258,1304,r1bqrk2/pp3pbp/2p2np1/3pn1PP/2P2B2/2N1PP2/PPQ1B3/R3K1NR b KQ - 0 13,g4g5
19,packrock52,EulerE,1258,1304,r1bqrk2/pp3pbp/2p3p1/3pn1Pn/2P2B2/2N1PP2/PPQ1B3/R3K1NR w KQ - 0 14,f6h5
19,packrock52,EulerE,1258,1304,r1bqrk2/pp3pbp/2p3p1/3pB1Pn/2P5/2N1PP2/PPQ1B3/R3K1NR b KQ - 0 14,f4e5
19,packrock52,EulerE,1258,1304,r1bqrk2/pp3p1p/2p3p1/3pb1Pn/2P5/2N1PP2/PPQ1B3/R3K1NR w KQ - 0 15,g7e5
19,packrock52,EulerE,1258,1304,r1bqrk2/pp3p1p/2p3p1/3pb1Pn/2P2P2/2N1P3/PPQ1B3/R3K1NR b KQ - 0 15,f3f4
19,packrock52,EulerE,1258,1304,r1bqrk2/pp3p1p/2p3p1/3p2Pn/2P2P2/2b1P3/PPQ1B3/R3K1NR w KQ - 0 16,e5c3
19,packrock52,EulerE,1258,1304,r1bqrk2/pp3p1p/2p3p1/3p2Pn/2P2P2/2Q1P3/PP2B3/R3K1NR b KQ - 0 16,c2c3
19,packrock52,EulerE,1258,1304,r1b1rk2/pp2qp1p/2p3p1/3p2Pn/2P2P2/2Q1P3/PP2B3/R3K1NR w KQ - 1 17,d8e7
19,packrock52,EulerE,1258,1304,r1b1rk2/pp2qp1p/2p3p1/3p2PB/2P2P2/2Q1P3/PP6/R3K1NR b KQ - 0 17,e2h5
19,packrock52,EulerE,1258,1304,r1b1rk2/pp2qp1p/2p5/3p2Pp/2P2P2/2Q1P3/PP6/R3K1NR w KQ - 0 18,g6h5
19,packrock52,EulerE,1258,1304,r1b1rk2/pp2qp1p/2p5/3p2Pp/2P2P2/2Q1P3/PP3K2/R5NR b - - 1 18,e1f2
19,packrock52,EulerE,1258,1304,r1b1rk2/pp3p1p/2p5/2qp2Pp/2P2P2/2Q1P3/PP3K2/R5NR w - - 2 19,e7c5
19,packrock52,EulerE,1258,1304,r1b1rk1Q/pp3p1p/2p5/2qp2Pp/2P2P2/4P3/PP3K2/R5NR b - - 3 19,c3h8
19,packrock52,EulerE,1258,1304,r1b1r2Q/pp2kp1p/2p5/2qp2Pp/2P2P2/4P3/PP3K2/R5NR w - - 4 20,f8e7
19,packrock52,EulerE,1258,1304,r1b1r3/pp2kp1p/2p2Q2/2qp2Pp/2P2P2/4P3/PP3K2/R5NR b - - 5 20,h8f6
19,packrock52,EulerE,1258,1304,r1b1rk2/pp3p1p/2p2Q2/2qp2Pp/2P2P2/4P3/PP3K2/R5NR w - - 6 21,e7f8
19,packrock52,EulerE,1258,1304,r1b1rk1Q/pp3p1p/2p5/2qp2Pp/2P2P2/4P3/PP3K2/R5NR b - - 7 21,f6h8
19,packrock52,EulerE,1258,1304,r1b1r2Q/pp2kp1p/2p5/2qp2Pp/2P2P2/4P3/PP3K2/R5NR w - - 8 22,f8e7
19,packrock52,EulerE,1258,1304,r1b1r3/pp2kp1p/2p5/2qpQ1Pp/2P2P2/4P3/PP3K2/R5NR b - - 9 22,h8e5
19,packrock52,EulerE,1258,1304,r1b1rk2/pp3p1p/2p5/2qpQ1Pp/2P2P2/4P3/PP3K2/R5NR w - - 10 23,e7f8
19,packrock52,EulerE,1258,1304,r1b1rk2/pp3p1p/2p5/2qp2Pp/2P2P2/2Q1P3/PP3K2/R5NR b - - 11 23,e5c3
19,packrock52,EulerE,1258,1304,r3rk2/pp3p1p/2p5/2qp2Pp/2P2Pb1/2Q1P3/PP3K2/R5NR w - - 12 24,c8g4
19,packrock52,EulerE,1258,1304,r3rk2/pp3p1p/2p5/2qP2Pp/5Pb1/2Q1P3/PP3K2/R5NR b - - 0 24,c4d5
19,packrock52,EulerE,1258,1304,r3rk2/pp3p1p/2p5/3P2Pp/5Pb1/2q1P3/PP3K2/R5NR w - - 0 25,c5c3
19,packrock52,EulerE,1258,1304,r3rk2/pp3p1p/2p5/3P2Pp/5Pb1/2P1P3/P4K2/R5NR b - - 0 25,b2c3
19,packrock52,EulerE,1258,1304,r3rk2/pp3p1p/8/3p2Pp/5Pb1/2P1P3/P4K2/R5NR w - - 0 26,c6d5
19,packrock52,EulerE,1258,1304,r3rk2/pp3p1p/8/3p2Pp/5Pb1/2P1P3/P4K2/3R2NR b - - 1 26,a1d1
19,packrock52,EulerE,1258,1304,r3rk2/pp3p1p/8/3p2Pp/5P2/2P1P3/P4K2/3b2NR w - - 0 27,g4d1
20,mikehayzo,EulerE,1346,1297,rnbqkbnr/pppppppp/8/8/4P3/8/PPPP1PPP/RNBQKBNR b KQkq - 0 1,e2e4
20,mikehayzo,EulerE,1346,1297,rnbqkbnr/pppp1ppp/8/4p3/4P3/8/PPPP1PPP/RNBQKBNR w KQkq - 0 2,e7e5
20,mikehayzo,EulerE,1346,1297,rnbqkbnr/pppp1ppp/8/4p3/4P3/5N2/PPPP1PPP/RNBQKB1R b KQkq - 1 2,g1f3
20,mikehayzo,EulerE,1346,1297,r1bqkbnr/pppp1ppp/2n5/4p3/4P3/5N2/PPPP1PPP/RNBQKB1R w KQkq - 2 3,b8c6
20,mikehayzo,EulerE,1346,1297,r1bqkbnr/pppp1ppp/2n5/1B2p3/4P3/5N2/PPPP1PPP/RNBQK2R b KQkq - 3 3,f1b5
20,mikehayzo,EulerE,1346,1297,r1bqkbnr/ppp2ppp/2np4/1B2p3/4P3/5N2/PPPP1PPP/RNBQK2R w KQkq - 0 4,d7d6
20,mikehayzo,EulerE,1346,1297,r1bqkbnr/ppp2ppp/2Bp4/4p3/4P3/5N2/PPPP1PPP/RNBQK2R b KQkq - 0 4,b5c6
20,mikehayzo,EulerE,1346,1297,r1bqkbnr/p1p2ppp/2pp4/4p3/4P3/5N2/PPPP1PPP/RNBQK2R w KQkq - 0 5,b7c6
20,mikehayzo,EulerE,1346,1297,r1bqkbnr/p1p2ppp/2pp4/4p3/4P3/5N1P/PPPP1PP1/RNBQK2R b KQkq - 0 5,h2h3
20,mikehayzo,EulerE,1346,1297,r1bqkb1r/p1p2ppp/2pp1n2/4p3/4P3/5N1P/PPPP1PP1/RNBQK2R w KQkq - 1 6,g8f6
20,mikehayzo,EulerE,1346,1297,r1bqkb1r/p1p2ppp/2pp1n2/4p3/4P3/3P1N1P/PPP2PP1/RNBQK2R b KQkq - 0 6,d2d3
20,mikehayzo,EulerE,1346,1297,r1bqkb1r/p1p2p1p/2pp1np1/4p3/4P3/3P1N1P/PPP2PP1/RNBQK2R w KQkq - 0 7,g7g6
20,mikehayzo,EulerE,1346,1297,r1bqkb1r/p1p2p1p/2pp1np1/4p3/4P3/2PP1N1P/PP3PP1/RNBQK2R b KQkq - 0 7,c2c3
20,mikehayzo,EulerE,1346,1297,r1bqk2r/p1p2pbp/2pp1np1/4p3/4P3/2PP1N1P/PP3PP1/RNBQK2R w KQkq - 1 8,f8g7
20,mikehayzo,EulerE,1346,1297,r1bqk2r/p1p2pbp/2pp1np1/4p3/Q3P3/2PP1N1P/PP3PP1/RNB1K2R b KQkq - 2 8,d1a4
20,mikehayzo,EulerE,1346,1297,r2qk2r/pbp2pbp/2pp1np1/4p3/Q3P3/2PP1N1P/PP3PP1/RNB1K2R w KQkq - 3 9,c8b7
20,mikehayzo,EulerE,1346,1297,r2qk2r/pbp2pbp/2pp1np1/4p3/Q3P3/N1PP1N1P/PP3PP1/R1B1K2R b KQkq - 4 9,b1a3
20,mikehayzo,EulerE,1346,1297,r2q1rk1/pbp2pbp/2pp1np1/4p3/Q3P3/N1PP1N1P/PP3PP1/R1B1K2R w KQ - 5 10,e8g8
20,mikehayzo,EulerE,1346,1297,r2q1rk1/pbp2pbp/2pp1np1/4p1B1/Q3P3/N1PP1N1P/PP3PP1/R3K2R b KQ - 6 10,c1g5
20,mikehayzo,EulerE,1346,1297,r2qr1k1/pbp2pbp/2pp1np1/4p1B1/Q3P3/N1PP1N1P/PP3PP1/R3K2R w KQ - 7 11,f8e8
20,mikehayzo,EulerE,1346,1297,r2qr1k1/pbp2pbp/2pp1Bp1/4p3/Q3P3/N1PP1N1P/PP3PP1/R3K2R b KQ - 0 11,g5f6
20,mikehayzo,EulerE,1346,1297,r2qr1k1/pbp2p1p/2pp1bp1/4p3/Q3P3/N1PP1N1P/PP3PP1/R3K2R w KQ - 0 12,g7f6
20,mikehayzo,EulerE,1346,1297,r2qr1k1/pbp2p1p/2pp1bp1/4p3/Q3P2P/N1PP1N2/PP3PP1/R3K2R b KQ - 0 12,h3h4
20,mikehayzo,EulerE,1346,1297,r2qr1k1/pbp2p1p/2p2bp1/3pp3/Q3P2P/N1PP1N2/PP3PP1/R3K2R w KQ - 0 13,d6d5
20,mikehayzo,EulerE,1346,1297,r2qr1k1/pbp2p1p/2p2bp1/3pp2P/Q3P3/N1PP1N2/PP3PP1/R3K2R b KQ - 0 13,h4h5
20,mikehayzo,EulerE,1346,1297,r2qr1k1/pbp2p1p/2p2bp1/4p2P/Q3p3/N1PP1N2/PP3PP1/R3K2R w KQ - 0 14,d5e4
20,mikehayzo,EulerE,1346,1297,r2qr1k1/pbp2p1p/2p2bp1/4p2P/4Q3/N1PP1N2/PP3PP1/R3K2R b KQ - 0 14,a4e4
20,mikehayzo,EulerE,1346,1297,1r1qr1k1/pbp2p1p/2p2bp1/4p2P/4Q3/N1PP1N2/PP3PP1/R3K2R w KQ - 1 15,a8b8
20,mikehayzo,EulerE,1346,1297,1r1qr1k1/pbp2p1p/2p2bP1/4p3/4Q3/N1PP1N2/PP3PP1/R3K2R b KQ - 0 15,h5g6
20,mikehayzo,EulerE,1346,1297,1r1qr1k1/pbp4p/2p2bp1/4p3/4Q3/N1PP1N2/PP3PP1/R3K2R w KQ - 0 16,f7g6
20,mikehayzo,EulerE,1346,1297,1r1qr1k1/pbp4p/2p2bp1/4p3/2Q5/N1PP1N2/PP3PP1/R3K2R b KQ - 1 16,e4c4
20,mikehayzo,EulerE,1346,1297,1r1qr2k/pbp4p/2p2bp1/4p3/2Q5/N1PP1N2/PP3PP1/R3K2R w KQ - 2 17,g8h8
20,mikehayzo,EulerE,1346,1297,1r1qr2k/pbp4p/2p2bp1/4p1N1/2Q5/N1PP4/PP3PP1/R3K2R b KQ - 3 17,f3g5
20,mikehayzo,EulerE,1346,1297,1r1qr2k/pbp4p/2p3p1/4p1b1/2Q5/N1PP4/PP3PP1/R3K2R w KQ - 0 18,f6g5
20,mikehayzo,EulerE,1346,1297,1r1qr2k/pbp2Q1p/2p3p1/4p1b1/8/N1PP4/PP3PP1/R3K2R b KQ - 1 18,c4f7
20,mikehayzo,EulerE,1346,1297,1r1q3k/pbp1rQ1p/2p3p1/4p1b1/8/N1PP4/PP3PP1/R3K2R w KQ - 2 19,e8e7
20,mikehayzo,EulerE,1346,1297,1r1q3k/pbp1rQ1R/2p3p1/4p1b1/8/N1PP4/PP3PP1/R3K3 b Q - 0 19,h1h7
21,MaratKassym,EulerE,1292,1305,rnbqkbnr/pppppppp/8/8/4P3/8/PPPP1PPP/RNBQKBNR b KQkq - 0 1,e2e4
21,MaratKassym,EulerE,1292,1305,rnbqkbnr/pppp1ppp/8/4p3/4P3/8/PPPP1PPP/RNBQKBNR w KQkq - 0 2,e7e5
21,MaratKassym,EulerE,1292,1305,rnbqkbnr/pppp1ppp/8/4p3/4P3/5N2/PPPP1PPP/RNBQKB1R b KQkq - 1 2,g1f3
21,MaratKassym,EulerE,1292,1305,r1bqkbnr/pppp1ppp/2n5/4p3/4P3/5N2/PPPP1PPP/RNBQKB1R w KQkq - 2 3,b8c6
21,MaratKassym,EulerE,1292,1305,r1bqkbnr/pppp1ppp/2n5/4p3/2B1P3/5N2/PPPP1PPP/RNBQK2R b KQkq - 3 3,f1c4
21,MaratKassym,EulerE,1292,1305,r1bqk1nr/pppp1ppp/2n5/2b1p3/2B1P3/5N2/PPPP1PPP/RNBQK2R w KQkq - 4 4,f8c5
21,MaratKassym,EulerE,1292,1305,r1bqk1nr/pppp1ppp/2n5/2b1p3/2B1P3/2N2N2/PPPP1PPP/R1BQK2R b KQkq - 5 4,b1c3
21,MaratKassym,EulerE,1292,1305,r1bqk2r/pppp1ppp/2n2n2/2b1p3/2B1P3/2N2N2/PPPP1PPP/R1BQK2R w KQkq - 6 5,g8f6
21,MaratKassym,EulerE,1292,1305,r1bqk2r/pppp1ppp/2n2n2/2b1p3/2B1P3/2NP1N2/PPP2PPP/R1BQK2R b KQkq - 0 5,d2d3
21,MaratKassym,EulerE,1292,1305,r1bq1rk1/pppp1ppp/2n2n2/2b1p3/2B1P3/2NP1N2/PPP2PPP/R1BQK2R w KQ - 1 6,e8g8
21,MaratKassym,EulerE,1292,1305,r1bq1rk1/pppp1ppp/2n2n2/2b1p3/2B1P3/2NP1N2/PPP2PPP/R1BQ1RK1 b - - 2 6,e1g1
21,MaratKassym,EulerE,1292,1305,r1bqr1k1/pppp1ppp/2n2n2/2b1p3/2B1P3/2NP1N2/PPP2PPP/R1BQ1RK1 w - - 3 7,f8e8
21,MaratKassym,EulerE,1292,1305,r1bqr1k1/pppp1ppp/2n2n2/2bNp3/2B1P3/3P1N2/PPP2PPP/R1BQ1RK1 b - - 4 7,c3d5
21,MaratKassym,EulerE,1292,1305,r1bqr1k1/pppp1ppp/2n5/2bnp3/2B1P3/3P1N2/PPP2PPP/R1BQ1RK1 w - - 0 8,f6d5
21,MaratKassym,EulerE,1292,1305,r1bqr1k1/pppp1ppp/2n5/2bBp3/4P3/3P1N2/PPP2PPP/R1BQ1RK1 b - - 0 8,c4d5
21,MaratKassym,EulerE,1292,1305,r1bqr1k1/ppp2ppp/2np4/2bBp3/4P3/3P1N2/PPP2PPP/R1BQ1RK1 w - - 0 9,d7d6
21,MaratKassym,EulerE,1292,1305,r1bqr1k1/ppp2ppp/2np4/2bBp3/4P3/3PBN2/PPP2PPP/R2Q1RK1 b - - 1 9,c1e3
21,MaratKassym,EulerE,1292,1305,r1bqr1k1/ppp2ppp/1bnp4/3Bp3/4P3/3PBN2/PPP2PPP/R2Q1RK1 w - - 2 10,c5b6
21,MaratKassym,EulerE,1292,1305,r1bqr1k1/ppp2ppp/1bnp4/3Bp3/4P3/3PBN1P/PPP2PP1/R2Q1RK1 b - - 0 10,h2h3
21,MaratKassym,EulerE,1292,1305,r2qr1k1/pppb1ppp/1bnp4/3Bp3/4P3/3PBN1P/PPP2PP1/R2Q1RK1 w - - 1 11,c8d7
21,MaratKassym,EulerE,1292,1305,r2qr1k1/pppb1ppp/1bnp4/3Bp3/4P3/2PPBN1P/PP3PP1/R2Q1RK1 b - - 0 11,c2c3
21,MaratKassym,EulerE,1292,1305,r2qr1k1/1ppb1ppp/1bnp4/p2Bp3/4P3/2PPBN1P/PP3PP1/R2Q1RK1 w - - 0 12,a7a5
21,MaratKassym,EulerE,1292,1305,r2qr1k1/1ppb1ppp/1bnp4/p2Bp3/3PP3/2P1BN1P/PP3PP1/R2Q1RK1 b - - 0 12,d3d4
21,MaratKassym,EulerE,1292,1305,r2qr1k1/1ppb1ppp/1bnp4/p2B4/3pP3/2P1BN1P/PP3PP1/R2Q1RK1 w - - 0 13,e5d4
21,MaratKassym,EulerE,1292,1305,r2qr1k1/1ppb1ppp/1bnp4/p2B4/3PP3/4BN1P/PP3PP1/R2Q1RK1 b - - 0 13,c3d4
21,MaratKassym,EulerE,1292,1305,r2qr1k1/1pp2ppp/1bnpb3/p2B4/3PP3/4BN1P/PP3PP1/R2Q1RK1 w - - 1 14,d7e6
21,MaratKassym,EulerE,1292,1305,r2qr1k1/1pp2ppp/1bBpb3/p7/3PP3/4BN1P/PP3PP1/R2Q1RK1 b - - 0 14,d5c6
21,MaratKassym,EulerE,1292,1305,r2qr1k1/2p2ppp/1bppb3/p7/3PP3/4BN1P/PP3PP1/R2Q1RK1 w - - 0 15,b7c6
21,MaratKassym,EulerE,1292,1305,r2qr1k1/2p2ppp/1bppb3/p2P4/4P3/4BN1P/PP3PP1/R2Q1RK1 b - - 0 15,d4d5
21,MaratKassym,EulerE,1292,1305,r2qr1k1/2p2ppp/1b1pb3/p2p4/4P3/4BN1P/PP3PP1/R2Q1RK1 w - - 0 16,c6d5
21,MaratKassym,EulerE,1292,1305,r2qr1k1/2p2ppp/1b1pb3/p2P4/8/4BN1P/PP3PP1/R2Q1RK1 b - - 0 16,e4d5
21,MaratKassym,EulerE,1292,1305,r1bqr1k1/2p2ppp/1b1p4/p2P4/8/4BN1P/PP3PP1/R2Q1RK1 w - - 1 17,e6c8
21,MaratKassym,EulerE,1292,1305,r1bqr1k1/2p2ppp/1B1p4/p2P4/8/5N1P/PP3PP1/R2Q1RK1 b - - 0 17,e3b6
21,MaratKassym,EulerE,1292,1305,r1bqr1k1/5ppp/1p1p4/p2P4/8/5N1P/PP3PP1/R2Q1RK1 w - - 0 18,c7b6
21,MaratKassym,EulerE,1292,1305,r1bqr1k1/5ppp/1p1p4/p2P4/8/5N1P/PP3PP1/R2QR1K1 b - - 1 18,f1e1
21,MaratKassym,EulerE,1292,1305,r2qr1k1/5ppp/bp1p4/p2P4/8/5N1P/PP3PP1/R2QR1K1 w - - 2 19,c8a6
21,MaratKassym,EulerE,1292,1305,r2qR1k1/5ppp/bp1p4/p2P4/8/5N1P/PP3PP1/R2Q2K1 b - - 0 19,e1e8
21,MaratKassym,EulerE,1292,1305,r3q1k1/5ppp/bp1p4/p2P4/8/5N1P/PP3PP1/R2Q2K1 w - - 0 20,d8e8
21,MaratKassym,EulerE,1292,1305,r3q1k1/5ppp/bp1p4/p2P4/8/5N1P/PP3PP1/R3Q1K1 b - - 1 20,d1e1
21,MaratKassym,EulerE,1292,1305,r5k1/5ppp/bp1p4/pq1P4/8/5N1P/PP3PP1/R3Q1K1 w - - 2 21,e8b5
21,MaratKassym,EulerE,1292,1305,r5k1/5ppp/bp1p4/pq1P4/8/5N1P/PP1Q1PP1/R5K1 b - - 3 21,e1d2
21,MaratKassym,EulerE,1292,1305,r5k1/5p1p/bp1p2p1/pq1P4/8/5N1P/PP1Q1PP1/R5K1 w - - 0 22,g7g6
21,MaratKassym,EulerE,1292,1305,r5k1/5p1p/bp1p2p1/pq1P4/8/1P3N1P/P2Q1PP1/R5K1 b - - 0 22,b2b3
21,MaratKassym,EulerE,1292,1305,4r1k1/5p1p/bp1p2p1/pq1P4/8/1P3N1P/P2Q1PP1/R5K1 w - - 1 23,a8e8
21,MaratKassym,EulerE,1292,1305,4r1k1/5p1p/bp1p2p1/pq1P4/3Q4/1P3N1P/P4PP1/R5K1 b - - 2 23,d2d4
21,MaratKassym,EulerE,1292,1305,4r1k1/1b3p1p/1p1p2p1/pq1P4/3Q4/1P3N1P/P4PP1/R5K1 w - - 3 24,a6b7
21,MaratKassym,EulerE,1292,1305,4r1k1/1b3p1p/1p1p2p1/pq1P4/3Q4/1P3N1P/P4PP1/3R2K1 b - - 4 24,a1d1
21,MaratKassym,EulerE,1292,1305,4r1k1/1b3p1p/1p1p2p1/p2P4/3Q4/1P3N1P/P3qPP1/3R2K1 w - - 5 25,b5e2
21,MaratKassym,EulerE,1292,1305,4r1k1/1b3p1p/1p1p2p1/p2P4/8/1P3N1P/P2QqPP1/3R2K1 b - - 6 25,d4d2
21,MaratKassym,EulerE,1292,1305,4r1k1/5p1p/bp1p2p1/p2P4/8/1P3N1P/P2QqPP1/3R2K1 w - - 7 26,b7a6
21,MaratKassym,EulerE,1292,1305,4r1k1/5p1p/bp1p2p1/p2P4/8/1P3N1P/P3QPP1/3R2K1 b - - 0 26,d2e2
21,MaratKassym,EulerE,1292,1305,4r1k1/5p1p/1p1p2p1/p2P4/8/1P3N1P/P3bPP1/3R2K1 w - - 0 27,a6e2
21,MaratKassym,EulerE,1292,1305,4r1k1/5p1p/1p1p2p1/p2P4/8/1P3N1P/P3bPP1/4R1K1 b - - 1 27,d1e1
21,MaratKassym,EulerE,1292,1305,4rk2/5p1p/1p1p2p1/p2P4/8/1P3N1P/P3bPP1/4R1K1 w - - 2 28,g8f8
21,MaratKassym,EulerE,1292,1305,4rk2/5p1p/1p1p2p1/p2P4/3N4/1P5P/P3bPP1/4R1K1 b - - 3 28,f3d4
21,MaratKassym,EulerE,1292,1305,4rk2/5p1p/1p1p2p1/p2P4/3N4/1P1b3P/P4PP1/4R1K1 w - - 4 29,e2d3
21,MaratKassym,EulerE,1292,1305,4Rk2/5p1p/1p1p2p1/p2P4/3N4/1P1b3P/P4PP1/6K1 b - - 0 29,e1e8
21,MaratKassym,EulerE,1292,1305,4k3/5p1p/1p1p2p1/p2P4/3N4/1P1b3P/P4PP1/6K1 w - - 0 30,f8e8
21,MaratKassym,EulerE,1292,1305,4k3/5p1p/1p1p2p1/p2P4/3N4/PP1b3P/5PP1/6K1 b - - 0 30,a2a3
21,MaratKassym,EulerE,1292,1305,4k3/5p1p/1p1p2p1/p2P4/3Nb3/PP5P/5PP1/6K1 w - - 1 31,d3e4
21,MaratKassym,EulerE,1292,1305,4k3/5p1p/1p1p2p1/pN1P4/4b3/PP5P/5PP1/6K1 b - - 2 31,d4b5
21,MaratKassym,EulerE,1292,1305,8/3k1p1p/1p1p2p1/pN1P4/4b3/PP5P/5PP1/6K1 w - - 3 32,e8d7
21,MaratKassym,EulerE,1292,1305,8/3k1p1p/1p1p2p1/p2P4/4b3/PPN4P/5PP1/6K1 b - - 4 32,b5c3
21,MaratKassym,EulerE,1292,1305,8/3k1p1p/1p1p2p1/p2P4/8/PPN4P/2b2PP1/6K1 w - - 5 33,e4c2
21,MaratKassym,EulerE,1292,1305,8/3k1p1p/1p1p2p1/p2P4/1P6/P1N4P/2b2PP1/6K1 b - - 0 33,b3b4
21,MaratKassym,EulerE,1292,1305,8/3k1p1p/1p1p2p1/3P4/1p6/P1N4P/2b2PP1/6K1 w - - 0 34,a5b4
21,MaratKassym,EulerE,1292,1305,8/3k1p1p/1p1p2p1/3P4/1P6/2N4P/2b2PP1/6K1 b - - 0 34,a3b4
21,MaratKassym,EulerE,1292,1305,8/2k2p1p/1p1p2p1/3P4/1P6/2N4P/2b2PP1/6K1 w - - 1 35,d7c7
21,MaratKassym,EulerE,1292,1305,8/2k2p1p/1p1p2p1/1N1P4/1P6/7P/2b2PP1/6K1 b - - 2 35,c3b5
21,MaratKassym,EulerE,1292,1305,8/3k1p1p/1p1p2p1/1N1P4/1P6/7P/2b2PP1/6K1 w - - 3 36,c7d7
21,MaratKassym,EulerE,1292,1305,8/3k1p1p/1p1p2p1/3P4/1P1N4/7P/2b2PP1/6K1 b - - 4 36,b5d4
21,MaratKassym,EulerE,1292,1305,8/3k1p1p/1p1p2p1/3P4/1P1Nb3/7P/5PP1/6K1 w - - 5 37,c2e4
21,MaratKassym,EulerE,1292,1305,8/3k1p1p/1p1p2p1/3P4/1P1Nb3/7P/5PP1/5K2 b - - 6 37,g1f1
21,MaratKassym,EulerE,1292,1305,8/3k1p1p/1p1p2p1/3b4/1P1N4/7P/5PP1/5K2 w - - 0 38,e4d5
21,MaratKassym,EulerE,1292,1305,8/3k1p1p/1p1p2p1/3b4/1P1N4/6PP/5P2/5K2 b - - 0 38,g2g3
21,MaratKassym,EulerE,1292,1305,8/3k1p1p/1pbp2p1/8/1P1N4/6PP/5P2/5K2 w - - 1 39,d5c6
21,MaratKassym,EulerE,1292,1305,8/3k1p1p/1pbp2p1/8/1P1N4/6PP/4KP2/8 b - - 2 39,f1e2
21,MaratKassym,EulerE,1292,1305,8/3k1p1p/1pb3p1/3p4/1P1N4/6PP/4KP2/8 w - - 0 40,d6d5
21,MaratKassym,EulerE,1292,1305,8/3k1p1p/1pb3p1/3p4/1P1N4/4K1PP/5P2/8 b - - 1 40,e2e3
21,MaratKassym,EulerE,1292,1305,8/5p1p/1pbk2p1/3p4/1P1N4/4K1PP/5P2/8 w - - 2 41,d7d6
21,MaratKassym,EulerE,1292,1305,8/5p1p/1pNk2p1/3p4/1P6/4K1PP/5P2/8 b - - 0 41,d4c6
21,MaratKassym,EulerE,1292,1305,8/5p1p/1pk3p1/3p4/1P6/4K1PP/5P2/8 w - - 0 42,d6c6
21,MaratKassym,EulerE,1292,1305,8/5p1p/1pk3p1/3p4/1P1K4/6PP/5P2/8 b - - 1 42,e3d4
21,MaratKassym,EulerE,1292,1305,8/5p1p/1p1k2p1/3p4/1P1K4/6PP/5P2/8 w - - 2 43,c6d6
21,MaratKassym,EulerE,1292,1305,8/5p1p/1p1k2p1/3p4/1P1K1P2/6PP/8/8 b - - 0 43,f2f4
21,MaratKassym,EulerE,1292,1305,8/7p/1p1k1pp1/3p4/1P1K1P2/6PP/8/8 w - - 0 44,f7f6
21,MaratKassym,EulerE,1292,1305,8/7p/1p1k1pp1/1P1p4/3K1P2/6PP/8/8 b - - 0 44,b4b5
21,MaratKassym,EulerE,1292,1305,8/8/1p1k1pp1/1P1p3p/3K1P2/6PP/8/8 w - - 0 45,h7h5
21,MaratKassym,EulerE,1292,1305,8/8/1p1k1pp1/1P1p3p/3K1PP1/7P/8/8 b - - 0 45,g3g4
21,MaratKassym,EulerE,1292,1305,8/8/1p1k1pp1/1P1p4/3K1Pp1/7P/8/8 w - - 0 46,h5g4
21,MaratKassym,EulerE,1292,1305,8/8/1p1k1pp1/1P1p4/3K1PP1/8/8/8 b - - 0 46,h3g4
21,MaratKassym,EulerE,1292,1305,8/8/1p1k1p2/1P1p2p1/3K1PP1/8/8/8 w - - 0 47,g6g5
21,MaratKassym,EulerE,1292,1305,8/8/1p1k1p2/1P1p1Pp1/3K2P1/8/8/8 b - - 0 47,f4f5
21,MaratKassym,EulerE,1292,1305,8/2k5/1p3p2/1P1p1Pp1/3K2P1/8/8/8 w - - 1 48,d6c7
21,MaratKassym,EulerE,1292,1305,8/2k5/1p3p2/1P1p1Pp1/6P1/2K5/8/8 b - - 2 48,d4c3
21,MaratKassym,EulerE,1292,1305,8/2k5/1p3p2/1P3Pp1/3p2P1/2K5/8/8 w - - 0 49,d5d4
21,MaratKassym,EulerE,1292,1305,8/2k5/1p3p2/1P3Pp1/3K2P1/8/8/8 b - - 0 49,c3d4
21,MaratKassym,EulerE,1292,1305,8/8/1p1k1p2/1P3Pp1/3K2P1/8/8/8 w - - 1 50,c7d6
21,MaratKassym,EulerE,1292,1305,8/8/1p1k1p2/1P3Pp1/2K3P1/8/8/8 b - - 2 50,d4c4
21,MaratKassym,EulerE,1292,1305,8/8/1p3p2/1P2kPp1/2K3P1/8/8/8 w - - 3 51,d6e5
21,MaratKassym,EulerE,1292,1305,8/8/1p3p2/1P2kPp1/6P1/3K4/8/8 b - - 4 51,c4d3
21,MaratKassym,EulerE,1292,1305,8/8/1p3p2/1P3Pp1/5kP1/3K4/8/8 w - - 5 52,e5f4
21,MaratKassym,EulerE,1292,1305,8/8/1p3p2/1P3Pp1/2K2kP1/8/8/8 b - - 6 52,d3c4
21,MaratKassym,EulerE,1292,1305,8/8/1p3p2/1P3Pp1/2K3k1/8/8/8 w - - 0 53,f4g4
21,MaratKassym,EulerE,1292,1305,8/8/1p3p2/1P1K1Pp1/6k1/8/8/8 b - - 1 53,c4d5
21,MaratKassym,EulerE,1292,1305,8/8/1p3p2/1P1K1kp1/8/8/8/8 w - - 0 54,g4f5
21,MaratKassym,EulerE,1292,1305,8/8/1pK2p2/1P3kp1/8/8/8/8 b - - 1 54,d5c6
21,MaratKassym,EulerE,1292,1305,8/8/1pK2p2/1P3k2/6p1/8/8/8 w - - 0 55,g5g4
21,MaratKassym,EulerE,1292,1305,8/8/1K3p2/1P3k2/6p1/8/8/8 b - - 0 55,c6b6
21,MaratKassym,EulerE,1292,1305,8/8/1K3p2/1P3k2/8/6p1/8/8 w - - 0 56,g4g3
21,MaratKassym,EulerE,1292,1305,8/8/K4p2/1P3k2/8/6p1/8/8 b - - 1 56,b6a6
21,MaratKassym,EulerE,1292,1305,8/8/K4p2/1P3k2/8/8/6p1/8 w - - 0 57,g3g2
21,MaratKassym,EulerE,1292,1305,8/8/KP3p2/5k2/8/8/6p1/8 b - - 0 57,b5b6
21,MaratKassym,EulerE,1292,1305,8/8/KP3p2/5k2/8/8/8/6q1 w - - 0 58,g2g1q
21,MaratKassym,EulerE,1292,1305,8/1P6/K4p2/5k2/8/8/8/6q1 b - - 0 58,b6b7
21,MaratKassym,EulerE,1292,1305,8/1P6/K4p2/5k2/8/8/8/q7 w - - 1 59,g1a1
21,MaratKassym,EulerE,1292,1305,8/1P6/1K3p2/5k2/8/8/8/q7 b - - 2 59,a6b6
21,MaratKassym,EulerE,1292,1305,8/1P6/1K3p2/5k2/8/8/8/1q6 w - - 3 60,a1b1
21,MaratKassym,EulerE,1292,1305,8/1PK5/5p2/5k2/8/8/8/1q6 b - - 4 60,b6c7
21,MaratKassym,EulerE,1292,1305,8/1PK5/5p2/5k2/8/8/8/2q5 w - - 5 61,b1c1
21,MaratKassym,EulerE,1292,1305,8/1P6/1K3p2/5k2/8/8/8/2q5 b - - 6 61,c7b6
21,MaratKassym,EulerE,1292,1305,8/1P6/1K3p2/5k2/8/8/1q6/8 w - - 7 62,c1b2
21,MaratKassym,EulerE,1292,1305,8/KP6/5p2/5k2/8/8/1q6/8 b - - 8 62,b6a7
21,MaratKassym,EulerE,1292,1305,8/KP6/5p2/5k2/8/8/5q2/8 w - - 9 63,b2f2
21,MaratKassym,EulerE,1292,1305,K7/1P6/5p2/5k2/8/8/5q2/8 b - - 10 63,a7a8
21,MaratKassym,EulerE,1292,1305,K7/1P6/5p2/5k2/8/5q2/8/8 w - - 11 64,f2f3
21,MaratKassym,EulerE,1292,1305,8/KP6/5p2/5k2/8/5q2/8/8 b - - 12 64,a8a7
21,MaratKassym,EulerE,1292,1305,8/KP6/5p2/5k2/8/q7/8/8 w - - 13 65,f3a3
21,MaratKassym,EulerE,1292,1305,1K6/1P6/5p2/5k2/8/q7/8/8 b - - 14 65,a7b8
21,MaratKassym,EulerE,1292,1305,1K6/1P6/5p2/2q2k2/8/8/8/8 w - - 15 66,a3c5
22,EulerE,hannanawafda,1313,1301,rnbqkbnr/pppppppp/8/8/3P4/8/PPP1PPPP/RNBQKBNR b KQkq - 0 1,d2d4
22,EulerE,hannanawafda,1313,1301,rnbqkbnr/pppp1ppp/8/4p3/3P4/8/PPP1PPPP/RNBQKBNR w KQkq - 0 2,e7e5
22,EulerE,hannanawafda,1313,1301,rnbqkbnr/pppp1ppp/8/4P3/8/8/PPP1PPPP/RNBQKBNR b KQkq - 0 2,d4e5
22,EulerE,hannanawafda,1313,1301,r1bqkbnr/pppp1ppp/2n5/4P3/8/8/PPP1PPPP/RNBQKBNR w KQkq - 1 3,b8c6
22,EulerE,hannanawafda,1313,1301,r1bqkbnr/pppp1ppp/2n5/4P3/8/5N2/PPP1PPPP/RNBQKB1R b KQkq - 2 3,g1f3
22,EulerE,hannanawafda,1313,1301,r1b1kbnr/ppppqppp/2n5/4P3/8/5N2/PPP1PPPP/RNBQKB1R w KQkq - 3 4,d8e7
22,EulerE,hannanawafda,1313,1301,r1b1kbnr/ppppqppp/2n5/4P3/4P3/5N2/PPP2PPP/RNBQKB1R b KQkq - 0 4,e2e4
22,EulerE,hannanawafda,1313,1301,r1b1kbnr/pppp1ppp/2n5/4P3/1q2P3/5N2/PPP2PPP/RNBQKB1R w KQkq - 1 5,e7b4
22,EulerE,hannanawafda,1313,1301,r1b1kbnr/pppp1ppp/2n5/4P3/1q2P3/2N2N2/PPP2PPP/R1BQKB1R b KQkq - 2 5,b1c3
22,EulerE,hannanawafda,1313,1301,r1b1kbnr/pppp2pp/2n2p2/4P3/1q2P3/2N2N2/PPP2PPP/R1BQKB1R w KQkq - 0 6,f7f6
22,EulerE,hannanawafda,1313,1301,r1b1kbnr/pppp2pp/2n2p2/4P3/1q2P3/2N2N2/PPP1BPPP/R1BQK2R b KQkq - 1 6,f1e2
22,EulerE,hannanawafda,1313,1301,r1b1kbnr/pppp2pp/2n5/4p3/1q2P3/2N2N2/PPP1BPPP/R1BQK2R w KQkq - 0 7,f6e5
22,EulerE,hannanawafda,1313,1301,r1b1kbnr/pppp2pp/2n5/4p3/1q2P3/2N2N2/PPP1BPPP/R1BQ1RK1 b kq - 1 7,e1g1
22,EulerE,hannanawafda,1313,1301,r1b1kb1r/pppp2pp/2n2n2/4p3/1q2P3/2N2N2/PPP1BPPP/R1BQ1RK1 w kq - 2 8,g8f6
22,EulerE,hannanawafda,1313,1301,r1b1kb1r/pppp2pp/2n2n2/4p3/1q2P3/P1N2N2/1PP1BPPP/R1BQ1RK1 b kq - 0 8,a2a3
22,EulerE,hannanawafda,1313,1301,r1b1kb1r/ppppq1pp/2n2n2/4p3/4P3/P1N2N2/1PP1BPPP/R1BQ1RK1 w kq - 1 9,b4e7
22,EulerE,hannanawafda,1313,1301,r1b1kb1r/ppppq1pp/2n2n2/4p3/4P3/P1N2N2/1PP1BPPP/R1BQR1K1 b kq - 2 9,f1e1
22,EulerE,hannanawafda,1313,1301,r1b1kb1r/1pppq1pp/p1n2n2/4p3/4P3/P1N2N2/1PP1BPPP/R1BQR1K1 w kq - 0 10,a7a6
22,EulerE,hannanawafda,1313,1301,r1b1kb1r/1pppq1pp/p1n2n2/3Np3/4P3/P4N2/1PP1BPPP/R1BQR1K1 b kq - 1 10,c3d5
22,EulerE,hannanawafda,1313,1301,r1b1kb1r/1pppq1pp/p1n5/3np3/4P3/P4N2/1PP1BPPP/R1BQR1K1 w kq - 0 11,f6d5
22,EulerE,hannanawafda,1313,1301,r1b1kb1r/1pppq1pp/p1n5/3Pp3/8/P4N2/1PP1BPPP/R1BQR1K1 b kq - 0 11,e4d5
22,EulerE,hannanawafda,1313,1301,r1b1kb1r/1pppq1pp/p7/3Pp3/3n4/P4N2/1PP1BPPP/R1BQR1K1 w kq - 1 12,c6d4
22,EulerE,hannanawafda,1313,1301,r1b1kb1r/1pppq1pp/p7/3Pp3/3N4/P7/1PP1BPPP/R1BQR1K1 b kq - 0 12,f3d4
22,EulerE,hannanawafda,1313,1301,r1b1kb1r/1pppq1pp/p7/3P4/3p4/P7/1PP1BPPP/R1BQR1K1 w kq - 0 13,e5d4
23,EulerE,NEVER_IN_VAIN,1321,1315,rnbqkbnr/pppppppp/8/8/3P4/8/PPP1PPPP/RNBQKBNR b KQkq - 0 1,d2d4
23,EulerE,NEVER_IN_VAIN,1321,1315,rnbqkbnr/ppp1pppp/8/3p4/3P4/8/PPP1PPPP/RNBQKBNR w KQkq - 0 2,d7d5
23,EulerE,NEVER_IN_VAIN,1321,1315,rnbqkbnr/ppp1pppp/8/3p4/2PP4/8/PP2PPPP/RNBQKBNR b KQkq - 0 2,c2c4
23,EulerE,NEVER_IN_VAIN,1321,1315,rnbqkb1r/ppp1pppp/5n2/3p4/2PP4/8/PP2PPPP/RNBQKBNR w KQkq - 1 3,g8f6
23,EulerE,NEVER_IN_VAIN,1321,1315,rnbqkb1r/ppp1pppp/5n2/3p4/2PP4/5N2/PP2PPPP/RNBQKB1R b KQkq - 2 3,g1f3
23,EulerE,NEVER_IN_VAIN,1321,1315,rnbqkb1r/ppp1pp1p/5np1/3p4/2PP4/5N2/PP2PPPP/RNBQKB1R w KQkq - 0 4,g7g6
23,EulerE,NEVER_IN_VAIN,1321,1315,rnbqkb1r/ppp1pp1p/5np1/3p4/2PP4/2N2N2/PP2PPPP/R1BQKB1R b KQkq - 1 4,b1c3
23,EulerE,NEVER_IN_VAIN,1321,1315,rnbqkb1r/ppp1pp1p/5np1/8/2pP4/2N2N2/PP2PPPP/R1BQKB1R w KQkq - 0 5,d5c4
23,EulerE,NEVER_IN_VAIN,1321,1315,rnbqkb1r/ppp1pp1p/5np1/8/2pPP3/2N2N2/PP3PPP/R1BQKB1R b KQkq - 0 5,e2e4
23,EulerE,NEVER_IN_VAIN,1321,1315,rnbqkb1r/pp2pp1p/2p2np1/8/2pPP3/2N2N2/PP3PPP/R1BQKB1R w KQkq - 0 6,c7c6
23,EulerE,NEVER_IN_VAIN,1321,1315,rnbqkb1r/pp2pp1p/2p2np1/8/2BPP3/2N2N2/PP3PPP/R1BQK2R b KQkq - 0 6,f1c4
23,EulerE,NEVER_IN_VAIN,1321,1315,rnbqk2r/pp2ppbp/2p2np1/8/2BPP3/2N2N2/PP3PPP/R1BQK2R w KQkq - 1 7,f8g7
23,EulerE,NEVER_IN_VAIN,1321,1315,rnbqk2r/pp2ppbp/2p2np1/8/2BPP3/2N2N2/PP3PPP/R1BQ1RK1 b kq - 2 7,e1g1
23,EulerE,NEVER_IN_VAIN,1321,1315,rnbq1k1r/pp2ppbp/2p2np1/8/2BPP3/2N2N2/PP3PPP/R1BQ1RK1 w - - 3 8,e8f8
23,EulerE,NEVER_IN_VAIN,1321,1315,rnbq1k1r/pp2ppbp/2p2np1/8/2BPP3/1QN2N2/PP3PPP/R1B2RK1 b - - 4 8,d1b3
23,EulerE,NEVER_IN_VAIN,1321,1315,rnbq1k1r/pp3pbp/2p1pnp1/8/2BPP3/1QN2N2/PP3PPP/R1B2RK1 w - - 0 9,e7e6
23,EulerE,NEVER_IN_VAIN,1321,1315,rnbq1k1r/pp3pbp/2p1pnp1/8/2BPP3/1QN2N2/PP3PPP/R1BR2K1 b - - 1 9,f1d1
23,EulerE,NEVER_IN_VAIN,1321,1315,rnbq1k1r/pp3pb1/2p1pnp1/7p/2BPP3/1QN2N2/PP3PPP/R1BR2K1 w - - 0 10,h7h5
23,EulerE,NEVER_IN_VAIN,1321,1315,rnbq1k1r/pp3pb1/2p1pnp1/3P3p/2B1P3/1QN2N2/PP3PPP/R1BR2K1 b - - 0 10,d4d5
23,EulerE,NEVER_IN_VAIN,1321,1315,rnbq1k1r/pp3pb1/2p2np1/3p3p/2B1P3/1QN2N2/PP3PPP/R1BR2K1 w - - 0 11,e6d5
23,EulerE,NEVER_IN_VAIN,1321,1315,rnbq1k1r/pp3pb1/2p2np1/3P3p/2B5/1QN2N2/PP3PPP/R1BR2K1 b - - 0 11,e4d5
23,EulerE,NEVER_IN_VAIN,1321,1315,rnbq1k1r/pp3pb1/5np1/3p3p/2B5/1QN2N2/PP3PPP/R1BR2K1 w - - 0 12,c6d5
23,EulerE,NEVER_IN_VAIN,1321,1315,rnbq1k1r/pp3pb1/5np1/3B3p/8/1QN2N2/PP3PPP/R1BR2K1 b - - 0 12,c4d5
23,EulerE,NEVER_IN_VAIN,1321,1315,rnbq1k1r/pp3pb1/6p1/3n3p/8/1QN2N2/PP3PPP/R1BR2K1 w - - 0 13,f6d5
23,EulerE,NEVER_IN_VAIN,1321,1315,rnbq1k1r/pp3pb1/6p1/3N3p/8/1Q3N2/PP3PPP/R1BR2K1 b - - 0 13,c3d5
23,EulerE,NEVER_IN_VAIN,1321,1315,rnbq1k1r/pp3p2/6pb/3N3p/8/1Q3N2/PP3PPP/R1BR2K1 w - - 1 14,g7h6
23,EulerE,NEVER_IN_VAIN,1321,1315,rnbq1k1r/pp3p2/6pB/3N3p/8/1Q3N2/PP3PPP/R2R2K1 b - - 0 14,c1h6
23,EulerE,NEVER_IN_VAIN,1321,1315,rnbq1k2/pp3p2/6pr/3N3p/8/1Q3N2/PP3PPP/R2R2K1 w - - 0 15,h8h6
23,EulerE,NEVER_IN_VAIN,1321,1315,rnbq1k2/pp3p2/6pr/7p/8/1QN2N2/PP3PPP/R2R2K1 b - - 1 15,d5c3
23,EulerE,NEVER_IN_VAIN,1321,1315,rnb2k2/pp2qp2/6pr/7p/8/1QN2N2/PP3PPP/R2R2K1 w - - 2 16,d8e7
23,EulerE,NEVER_IN_VAIN,1321,1315,rnb2k2/pp2qp2/6pr/7p/8/1QN2N2/PP3PPP/R3R1K1 b - - 3 16,d1e1
23,EulerE,NEVER_IN_VAIN,1321,1315,rnb2k2/pp3p2/6pr/2q4p/8/1QN2N2/PP3PPP/R3R1K1 w - - 4 17,e7c5
23,EulerE,NEVER_IN_VAIN,1321,1315,rnb2k2/pp3p2/6pr/2q4p/8/1QN2N2/PP3PPP/3RR1K1 b - - 5 17,a1d1
23,EulerE,NEVER_IN_VAIN,1321,1315,r1b2k2/pp3p2/2n3pr/2q4p/8/1QN2N2/PP3PPP/3RR1K1 w - - 6 18,b8c6
23,EulerE,NEVER_IN_VAIN,1321,1315,r1b2k2/pp3p2/2n3pr/2qR3p/8/1QN2N2/PP3PPP/4R1K1 b - - 7 18,d1d5
23,EulerE,NEVER_IN_VAIN,1321,1315,r1b2k2/pp3p2/1qn3pr/3R3p/8/1QN2N2/PP3PPP/4R1K1 w - - 8 19,c5b6
23,EulerE,NEVER_IN_VAIN,1321,1315,r1b2k2/pp3p2/1qn3pr/1R5p/8/1QN2N2/PP3PPP/4R1K1 b - - 9 19,d5b5
23,EulerE,NEVER_IN_VAIN,1321,1315,r1b2k2/pp3p2/q1n3pr/1R5p/8/1QN2N2/PP3PPP/4R1K1 w - - 10 20,b6a6
23,EulerE,NEVER_IN_VAIN,1321,1315,r1b2k2/pp3p2/q1n3pr/1R4Np/8/1QN5/PP3PPP/4R1K1 b - - 11 20,f3g5
23,EulerE,NEVER_IN_VAIN,1321,1315,r4k2/pp3p2/q1n1b1pr/1R4Np/8/1QN5/PP3PPP/4R1K1 w - - 12 21,c8e6
23,EulerE,NEVER_IN_VAIN,1321,1315,r4k2/pp3p2/q1n1N1pr/1R5p/8/1QN5/PP3PPP/4R1K1 b - - 0 21,g5e6
23,EulerE,NEVER_IN_VAIN,1321,1315,r4k2/pp6/q1n1p1pr/1R5p/8/1QN5/PP3PPP/4R1K1 w - - 0 22,f7e6
24,EulerE,vickywills,1329,1318,rnbqkbnr/pppppppp/8/8/3P4/8/PPP1PPPP/RNBQKBNR b KQkq - 0 1,d2d4
24,EulerE,vickywills,1329,1318,rnbqkbnr/ppp1pppp/8/3p4/3P4/8/PPP1PPPP/RNBQKBNR w KQkq - 0 2,d7d5
24,EulerE,vickywills,1329,1318,rnbqkbnr/ppp1pppp/8/3p4/2PP4/8/PP2PPPP/RNBQKBNR b KQkq - 0 2,c2c4
24,EulerE,vickywills,1329,1318,rnbqkbnr/pp2pppp/2p5/3p4/2PP4/8/PP2PPPP/RNBQKBNR w KQkq - 0 3,c7c6
24,EulerE,vickywills,1329,1318,rnbqkbnr/pp2pppp/2p5/3p4/2PP4/5N2/PP2PPPP/RNBQKB1R b KQkq - 1 3,g1f3
24,EulerE,vickywills,1329,1318,rnbqkbnr/pp2pppp/2p5/8/2pP4/5N2/PP2PPPP/RNBQKB1R w KQkq - 0 4,d5c4
24,EulerE,vickywills,1329,1318,rnbqkbnr/pp2pppp/2p5/8/2pPP3/5N2/PP3PPP/RNBQKB1R b KQkq - 0 4,e2e4
24,EulerE,vickywills,1329,1318,rnbqkbnr/p3pppp/2p5/1p6/2pPP3/5N2/PP3PPP/RNBQKB1R w KQkq - 0 5,b7b5
24,EulerE,vickywills,1329,1318,rnbqkbnr/p3pppp/2p5/1p6/2pPP3/2N2N2/PP3PPP/R1BQKB1R b KQkq - 1 5,b1c3
24,EulerE,vickywills,1329,1318,rn1qkbnr/p3pppp/2p5/1p6/2pPP1b1/2N2N2/PP3PPP/R1BQKB1R w KQkq - 2 6,c8g4
24,EulerE,vickywills,1329,1318,rn1qkbnr/p3pppp/2p5/1p6/P1pPP1b1/2N2N2/1P3PPP/R1BQKB1R b KQkq - 0 6,a2a4
24,EulerE,vickywills,1329,1318,rn1qkbnr/p3pppp/2p5/1p6/P1pPP3/2N2b2/1P3PPP/R1BQKB1R w KQkq - 0 7,g4f3
24,EulerE,vickywills,1329,1318,rn1qkbnr/p3pppp/2p5/1p6/P1pPP3/2N2Q2/1P3PPP/R1B1KB1R b KQkq - 0 7,d1f3
24,EulerE,vickywills,1329,1318,rn2kbnr/p3pppp/2p5/1p6/P1pqP3/2N2Q2/1P3PPP/R1B1KB1R w KQkq - 0 8,d8d4
24,EulerE,vickywills,1329,1318,rn2kbnr/p3pppp/2p5/1P6/2pqP3/2N2Q2/1P3PPP/R1B1KB1R b KQkq - 0 8,a4b5
24,EulerE,vickywills,1329,1318,rn2kbnr/p3pppp/8/1p6/2pqP3/2N2Q2/1P3PPP/R1B1KB1R w KQkq - 0 9,c6b5
24,EulerE,vickywills,1329,1318,rn2kbnr/p3pppp/8/1N6/2pqP3/5Q2/1P3PPP/R1B1KB1R b KQkq - 0 9,c3b5
24,EulerE,vickywills,1329,1318,rn2kbnr/p3pppp/1q6/1N6/2p1P3/5Q2/1P3PPP/R1B1KB1R w KQkq - 1 10,d4b6
24,EulerE,vickywills,1329,1318,rn2kbnr/p3pppp/1q6/1N6/2B1P3/5Q2/1P3PPP/R1B1K2R b KQkq - 0 10,f1c4
24,EulerE,vickywills,1329,1318,rn2kbnr/p4ppp/1q6/1N2p3/2B1P3/5Q2/1P3PPP/R1B1K2R w KQkq - 0 11,e7e5
24,EulerE,vickywills,1329,1318,rn2kbnr/p4ppp/1q6/1N2p3/2B1P3/5Q2/1P3PPP/R1B2RK1 b kq - 1 11,e1g1
24,EulerE,vickywills,1329,1318,rn2kb1r/p4ppp/1q3n2/1N2p3/2B1P3/5Q2/1P3PPP/R1B2RK1 w kq - 2 12,g8f6
24,EulerE,vickywills,1329,1318,rn2kb1r/p4ppp/1q3n2/1N2p3/2B1P3/4BQ2/1P3PPP/R4RK1 b kq - 3 12,c1e3
24,EulerE,vickywills,1329,1318,rn1qkb1r/p4ppp/5n2/1N2p3/2B1P3/4BQ2/1P3PPP/R4RK1 w kq - 4 13,b6d8
24,EulerE,vickywills,1329,1318,rn1qkb1r/p4ppp/5n2/1N2p3/2B1P3/4BQ2/1P3PPP/R2R2K1 b kq - 5 13,f1d1
24,EulerE,vickywills,1329,1318,rnq1kb1r/p4ppp/5n2/1N2p3/2B1P3/4BQ2/1P3PPP/R2R2K1 w kq - 6 14,d8c8
24,EulerE,vickywills,1329,1318,rnq1kb1r/p4ppp/5n2/1N2p3/2B1P3/4BQ2/1P3PPP/2RR2K1 b kq - 7 14,a1c1
24,EulerE,vickywills,1329,1318,r1q1kb1r/p4ppp/2n2n2/1N2p3/2B1P3/4BQ2/1P3PPP/2RR2K1 w kq - 8 15,b8c6
24,EulerE,vickywills,1329,1318,r1q1kb1r/p4ppp/2n2n2/1N1Bp3/4P3/4BQ2/1P3PPP/2RR2K1 b kq - 9 15,c4d5
24,EulerE,vickywills,1329,1318,r1q1kb1r/p4ppp/2n5/1N1np3/4P3/4BQ2/1P3PPP/2RR2K1 w kq - 0 16,f6d5
24,EulerE,vickywills,1329,1318,r1q1kb1r/p4ppp/2n5/1N1Pp3/8/4BQ2/1P3PPP/2RR2K1 b kq - 0 16,e4d5
24,EulerE,vickywills,1329,1318,r1q1kb1r/p4ppp/8/1N1Pp3/3n4/4BQ2/1P3PPP/2RR2K1 w kq - 1 17,c6d4
24,EulerE,vickywills,1329,1318,r1q1kb1r/p4ppp/8/1N1Pp3/3B4/5Q2/1P3PPP/2RR2K1 b kq - 0 17,e3d4
24,EulerE,vickywills,1329,1318,r3kb1r/p4ppp/q7/1N1Pp3/3B4/5Q2/1P3PPP/2RR2K1 w kq - 1 18,c8a6
25,LebDee,EulerE,1280,1336,rnbqkbnr/pppppppp/8/8/4P3/8/PPPP1PPP/RNBQKBNR b KQkq - 0 1,e2e4
25,LebDee,EulerE,1280,1336,rnbqkbnr/pppp1ppp/8/4p3/4P3/8/PPPP1PPP/RNBQKBNR w KQkq - 0 2,e7e5
25,LebDee,EulerE,1280,1336,rnbqkbnr/pppp1ppp/8/4p3/4PP2/8/PPPP2PP/RNBQKBNR b KQkq - 0 2,f2f4
25,LebDee,EulerE,1280,1336,rnbqkbnr/pppp1ppp/8/8/4Pp2/8/PPPP2PP/RNBQKBNR w KQkq - 0 3,e5f4
25,LebDee,EulerE,1280,1336,rnbqkbnr/pppp1ppp/8/8/4Pp2/5N2/PPPP2PP/RNBQKB1R b KQkq - 1 3,g1f3
25,LebDee,EulerE,1280,1336,rnbqkb1r/pppp1ppp/5n2/8/4Pp2/5N2/PPPP2PP/RNBQKB1R w KQkq - 2 4,g8f6
25,LebDee,EulerE,1280,1336,rnbqkb1r/pppp1ppp/5n2/8/4Pp2/2N2N2/PPPP2PP/R1BQKB1R b KQkq - 3 4,b1c3
25,LebDee,EulerE,1280,1336,rnbqkb1r/ppp2ppp/3p1n2/8/4Pp2/2N2N2/PPPP2PP/R1BQKB1R w KQkq - 0 5,d7d6
25,LebDee,EulerE,1280,1336,rnbqkb1r/ppp2ppp/3p1n2/8/3PPp2/2N2N2/PPP3PP/R1BQKB1R b KQkq - 0 5,d2d4
25,LebDee,EulerE,1280,1336,rnbqkb1r/ppp2p1p/3p1np1/8/3PPp2/2N2N2/PPP3PP/R1BQKB1R w KQkq - 0 6,g7g6
25,LebDee,EulerE,1280,1336,rnbqkb1r/ppp2p1p/3p1np1/8/3PPB2/2N2N2/PPP3PP/R2QKB1R b KQkq - 0 6,c1f4
25,LebDee,EulerE,1280,1336,rnbqk2r/ppp2pbp/3p1np1/8/3PPB2/2N2N2/PPP3PP/R2QKB1R w KQkq - 1 7,f8g7
25,LebDee,EulerE,1280,1336,rnbqk2r/ppp2pbp/3p1np1/8/2BPPB2/2N2N2/PPP3PP/R2QK2R b KQkq - 2 7,f1c4
25,LebDee,EulerE,1280,1336,rnbqk2r/ppp2pbp/3p2p1/7n/2BPPB2/2N2N2/PPP3PP/R2QK2R w KQkq - 3 8,f6h5
25,LebDee,EulerE,1280,1336,rnbqk2r/ppp2Bbp/3p2p1/7n/3PPB2/2N2N2/PPP3PP/R2QK2R b KQkq - 0 8,c4f7
25,LebDee,EulerE,1280,1336,rnbq3r/ppp2kbp/3p2p1/7n/3PPB2/2N2N2/PPP3PP/R2QK2R w KQ - 0 9,e8f7
25,LebDee,EulerE,1280,1336,rnbq3r/ppp2kbp/3p2p1/6Bn/3PP3/2N2N2/PPP3PP/R2QK2R b KQ - 1 9,f4g5
25,LebDee,EulerE,1280,1336,rnbq3r/ppp2k1p/3p1bp1/6Bn/3PP3/2N2N2/PPP3PP/R2QK2R w KQ - 2 10,g7f6
25,LebDee,EulerE,1280,1336,rnbq3r/ppp2k1p/3p1bp1/4P1Bn/3P4/2N2N2/PPP3PP/R2QK2R b KQ - 0 10,e4e5
25,LebDee,EulerE,1280,1336,rnbq3r/ppp2k1p/3p2p1/4P1bn/3P4/2N2N2/PPP3PP/R2QK2R w KQ - 0 11,f6g5
25,LebDee,EulerE,1280,1336,rnbq3r/ppp2k1p/3p2p1/4P1Nn/3P4/2N5/PPP3PP/R2QK2R b KQ - 0 11,f3g5
25,LebDee,EulerE,1280,1336,rnb4r/ppp2k1p/3p2p1/4P1qn/3P4/2N5/PPP3PP/R2QK2R w KQ - 0 12,d8g5
25,LebDee,EulerE,1280,1336,rnb4r/ppp2k1p/3p2p1/4P1qn/3P4/2N5/PPP3PP/R2Q1RK1 b - - 1 12,e1g1
25,LebDee,EulerE,1280,1336,rnb4r/ppp3kp/3p2p1/4P1qn/3P4/2N5/PPP3PP/R2Q1RK1 w - - 2 13,f7g7
25,LebDee,EulerE,1280,1336,rnb4r/ppp3kp/3p2p1/4P1qn/3P4/2N2Q2/PPP3PP/R4RK1 b - - 3 13,d1f3
25,LebDee,EulerE,1280,1336,rn5r/ppp3kp/3p2p1/4Pbqn/3P4/2N2Q2/PPP3PP/R4RK1 w - - 4 14,c8f5
25,LebDee,EulerE,1280,1336,rn5r/ppp3kp/3pP1p1/5bqn/3P4/2N2Q2/PPP3PP/R4RK1 b - - 0 14,e5e6
25,LebDee,EulerE,1280,1336,rn5r/ppp3kp/3pb1p1/6qn/3P4/2N2Q2/PPP3PP/R4RK1 w - - 0 15,f5e6
25,LebDee,EulerE,1280,1336,rn5r/ppp3kp/3pb1p1/6qn/3P4/2N2Q2/PPP3PP/4RRK1 b - - 1 15,a1e1
25,LebDee,EulerE,1280,1336,rn5r/ppp3kp/3p2p1/5bqn/3P4/2N2Q2/PPP3PP/4RRK1 w - - 2 16,e6f5
25,LebDee,EulerE,1280,1336,rn5r/ppp3kp/3p2p1/3N1bqn/3P4/5Q2/PPP3PP/4RRK1 b - - 3 16,c3d5
25,LebDee,EulerE,1280,1336,r6r/ppp3kp/2np2p1/3N1bqn/3P4/5Q2/PPP3PP/4RRK1 w - - 4 17,b8c6
25,LebDee,EulerE,1280,1336,r6r/ppN3kp/2np2p1/5bqn/3P4/5Q2/PPP3PP/4RRK1 b - - 0 17,d5c7
25,LebDee,EulerE,1280,1336,2r4r/ppN3kp/2np2p1/5bqn/3P4/5Q2/PPP3PP/4RRK1 w - - 1 18,a8c8
25,LebDee,EulerE,1280,1336,2r4r/pp4kp/2npN1p1/5bqn/3P4/5Q2/PPP3PP/4RRK1 b - - 2 18,c7e6
25,LebDee,EulerE,1280,1336,2r4r/pp4kp/2npb1p1/6qn/3P4/5Q2/PPP3PP/4RRK1 w - - 0 19,f5e6
25,LebDee,EulerE,1280,1336,2r4r/pp4kp/2npR1p1/6qn/3P4/5Q2/PPP3PP/5RK1 b - - 0 19,e1e6
25,LebDee,EulerE,1280,1336,2r2r2/pp4kp/2npR1p1/6qn/3P4/5Q2/PPP3PP/5RK1 w - - 1 20,h8f8
25,LebDee,EulerE,1280,1336,2r2r2/pp4kp/2npR1p1/6qn/3P4/2Q5/PPP3PP/5RK1 b - - 2 20,f3c3
25,LebDee,EulerE,1280,1336,2r2r2/pp4kp/2npR1p1/6q1/3P1n2/2Q5/PPP3PP/5RK1 w - - 3 21,h5f4
25,LebDee,EulerE,1280,1336,2r2r2/pp4kp/2npR1p1/3P2q1/5n2/2Q5/PPP3PP/5RK1 b - - 0 21,d4d5
25,LebDee,EulerE,1280,1336,2r2r2/pp5p/2npR1pk/3P2q1/5n2/2Q5/PPP3PP/5RK1 w - - 1 22,g7h6
25,LebDee,EulerE,1280,1336,2r2r2/pp5p/2npR1pk/3P2q1/5n2/2Q2R2/PPP3PP/6K1 b - - 2 22,f1f3
25,LebDee,EulerE,1280,1336,2r2r2/pp5p/2npR1pk/3q4/5n2/2Q2R2/PPP3PP/6K1 w - - 0 23,g5d5
25,LebDee,EulerE,1280,1336,2r2r2/pp5p/2np2pk/3q4/5n2/2Q1RR2/PPP3PP/6K1 b - - 1 23,e6e3
25,LebDee,EulerE,1280,1336,2r2r2/pp5p/3p2pk/3q4/3n1n2/2Q1RR2/PPP3PP/6K1 w - - 2 24,c6d4
25,LebDee,EulerE,1280,1336,2r2r2/pp5p/3p2pk/3q4/3n1n2/4RR2/PPPQ2PP/6K1 b - - 3 24,c3d2
25,LebDee,EulerE,1280,1336,2r2r2/pp5p/3p2pk/3q4/5n2/4Rn2/PPPQ2PP/6K1 w - - 0 25,d4f3
26,EulerE,Abbapong,1328,1349,rnbqkbnr/pppppppp/8/8/3P4/8/PPP1PPPP/RNBQKBNR b KQkq - 0 1,d2d4
26,EulerE,Abbapong,1328,1349,rnbqkbnr/ppp1pppp/8/3p4/3P4/8/PPP1PPPP/RNBQKBNR w KQkq - 0 2,d7d5
26,EulerE,Abbapong,1328,1349,rnbqkbnr/ppp1pppp/8/3p4/2PP4/8/PP2PPPP/RNBQKBNR b KQkq - 0 2,c2c4
26,EulerE,Abbapong,1328,1349,rnbqkbnr/pp2pppp/2p5/3p4/2PP4/8/PP2PPPP/RNBQKBNR w KQkq - 0 3,c7c6
26,EulerE,Abbapong,1328,1349,rnbqkbnr/pp2pppp/2p5/3p4/2PP4/5N2/PP2PPPP/RNBQKB1R b KQkq - 1 3,g1f3
26,EulerE,Abbapong,1328,1349,rn1qkbnr/pp2pppp/2p5/3p4/2PP2b1/5N2/PP2PPPP/RNBQKB1R w KQkq - 2 4,c8g4
26,EulerE,Abbapong,1328,1349,rn1qkbnr/pp2pppp/2p5/3p4/2PP2b1/2N2N2/PP2PPPP/R1BQKB1R b KQkq - 3 4,b1c3
26,EulerE,Abbapong,1328,1349,rn1qkbnr/pp3ppp/2p1p3/3p4/2PP2b1/2N2N2/PP2PPPP/R1BQKB1R w KQkq - 0 5,e7e6
26,EulerE,Abbapong,1328,1349,rn1qkbnr/pp3ppp/2p1p3/3p4/2PP2b1/2N1PN2/PP3PPP/R1BQKB1R b KQkq - 0 5,e2e3
26,EulerE,Abbapong,1328,1349,rn1qkb1r/pp3ppp/2p1pn2/3p4/2PP2b1/2N1PN2/PP3PPP/R1BQKB1R w KQkq - 1 6,g8f6
26,EulerE,Abbapong,1328,1349,rn1qkb1r/pp3ppp/2p1pn2/3p4/2PP2b1/2N1PN1P/PP3PP1/R1BQKB1R b KQkq - 0 6,h2h3
26,EulerE,Abbapong,1328,1349,rn1qkb1r/pp3ppp/2p1pn2/3p3b/2PP4/2N1PN1P/PP3PP1/R1BQKB1R w KQkq - 1 7,g4h5
26,EulerE,Abbapong,1328,1349,rn1qkb1r/pp3ppp/2p1pn2/3p3b/2PP4/2N1PN1P/PP2BPP1/R1BQK2R b KQkq - 2 7,f1e2
26,EulerE,Abbapong,1328,1349,rn1qkb1r/p4ppp/1pp1pn2/3p3b/2PP4/2N1PN1P/PP2BPP1/R1BQK2R w KQkq - 0 8,b7b6
26,EulerE,Abbapong,1328,1349,rn1qkb1r/p4ppp/1pp1pn2/3P3b/3P4/2N1PN1P/PP2BPP1/R1BQK2R b KQkq - 0 8,c4d5
26,EulerE,Abbapong,1328,1349,rn1qkb1r/p4ppp/1p2pn2/3p3b/3P4/2N1PN1P/PP2BPP1/R1BQK2R w KQkq - 0 9,c6d5
26,EulerE,Abbapong,1328,1349,rn1qkb1r/p4ppp/1p2pn2/3p3b/3P4/2N1PN1P/PP2BPP1/R1BQ1RK1 b kq - 1 9,e1g1
26,EulerE,Abbapong,1328,1349,r2qkb1r/p2n1ppp/1p2pn2/3p3b/3P4/2N1PN1P/PP2BPP1/R1BQ1RK1 w kq - 2 10,b8d7
26,EulerE,Abbapong,1328,1349,r2qkb1r/p2n1ppp/1p2pn2/3p3b/Q2P4/2N1PN1P/PP2BPP1/R1B2RK1 b kq - 3 10,d1a4
26,EulerE,Abbapong,1328,1349,r2qk2r/p2n1ppp/1p1bpn2/3p3b/Q2P4/2N1PN1P/PP2BPP1/R1B2RK1 w kq - 4 11,f8d6
26,EulerE,Abbapong,1328,1349,r2qk2r/p2n1ppp/1p1bpn2/1N1p3b/Q2P4/4PN1P/PP2BPP1/R1B2RK1 b kq - 5 11,c3b5
26,EulerE,Abbapong,1328,1349,r2qk2r/p2n1ppp/1p1bp3/1N1p3b/Q2Pn3/4PN1P/PP2BPP1/R1B2RK1 w kq - 6 12,f6e4
26,EulerE,Abbapong,1328,1349,r2qk2r/p2n1ppp/1p1Np3/3p3b/Q2Pn3/4PN1P/PP2BPP1/R1B2RK1 b kq - 0 12,b5d6
26,EulerE,Abbapong,1328,1349,r2qk2r/p2n1ppp/1p1np3/3p3b/Q2P4/4PN1P/PP2BPP1/R1B2RK1 w kq - 0 13,e4d6
26,EulerE,Abbapong,1328,1349,r2qk2r/p2n1ppp/1p1np3/3p3b/Q2P4/4PN1P/PP2BPP1/R1B1R1K1 b kq - 1 13,f1e1
26,EulerE,Abbapong,1328,1349,r2q1rk1/p2n1ppp/1p1np3/3p3b/Q2P4/4PN1P/PP2BPP1/R1B1R1K1 w - - 2 14,e8g8
26,EulerE,Abbapong,1328,1349,r2q1rk1/p2n1ppp/1p1np3/1B1p3b/Q2P4/4PN1P/PP3PP1/R1B1R1K1 b - - 3 14,e2b5
26,EulerE,Abbapong,1328,1349,r2q1rk1/p2n1ppp/1p2p3/1n1p3b/Q2P4/4PN1P/PP3PP1/R1B1R1K1 w - - 0 15,d6b5
26,EulerE,Abbapong,1328,1349,r2q1rk1/p2n1ppp/1p2p3/1Q1p3b/3P4/4PN1P/PP3PP1/R1B1R1K1 b - - 0 15,a4b5
26,EulerE,Abbapong,1328,1349,r2q1rk1/p2n1ppp/1p2p3/1Q1p4/3P4/4Pb1P/PP3PP1/R1B1R1K1 w - - 0 16,h5f3
26,EulerE,Abbapong,1328,1349,r2q1rk1/p2n1ppp/1p2p3/1Q1p4/3P4/4PP1P/PP3P2/R1B1R1K1 b - - 0 16,g2f3
26,EulerE,Abbapong,1328,1349,r2q1rk1/p4ppp/1p2pn2/1Q1p4/3P4/4PP1P/PP3P2/R1B1R1K1 w - - 1 17,d7f6
26,EulerE,Abbapong,1328,1349,r2q1rk1/p4ppp/1p2pn2/1Q1p4/3PP3/5P1P/PP3P2/R1B1R1K1 b - - 0 17,e3e4
26,EulerE,Abbapong,1328,1349,r4rk1/p1q2ppp/1p2pn2/1Q1p4/3PP3/5P1P/PP3P2/R1B1R1K1 w - - 1 18,d8c7
26,EulerE,Abbapong,1328,1349,r4rk1/p1q2ppp/1p2pn2/1Q1pP3/3P4/5P1P/PP3P2/R1B1R1K1 b - - 0 18,e4e5
26,EulerE,Abbapong,1328,1349,r3nrk1/p1q2ppp/1p2p3/1Q1pP3/3P4/5P1P/PP3P2/R1B1R1K1 w - - 1 19,f6e8
26,EulerE,Abbapong,1328,1349,r3nrk1/p1q2ppp/1p2p3/1Q1pP3/3P4/5P1P/PP3P2/R1B1R2K b - - 2 19,g1h1
26,EulerE,Abbapong,1328,1349,r3nrk1/p1q2p1p/1p2p1p1/1Q1pP3/3P4/5P1P/PP3P2/R1B1R2K w - - 0 20,g7g6
26,EulerE,Abbapong,1328,1349,r3nrk1/p1q2p1p/1p2p1pB/1Q1pP3/3P4/5P1P/PP3P2/R3R2K b - - 1 20,c1h6
26,EulerE,Abbapong,1328,1349,r4rk1/p1q2pnp/1p2p1pB/1Q1pP3/3P4/5P1P/PP3P2/R3R2K w - - 2 21,e8g7
26,EulerE,Abbapong,1328,1349,r4rk1/p1q2pnp/1p2p1pB/1Q1pP3/3P1P2/7P/PP3P2/R3R2K b - - 0 21,f3f4
26,EulerE,Abbapong,1328,1349,r4rk1/p3qpnp/1p2p1pB/1Q1pP3/3P1P2/7P/PP3P2/R3R2K w - - 1 22,c7e7
26,EulerE,Abbapong,1328,1349,r4rk1/p3qpnp/1p2p1p1/1Q1pP1B1/3P1P2/7P/PP3P2/R3R2K b - - 2 22,h6g5
26,EulerE,Abbapong,1328,1349,r4rk1/p1q2pnp/1p2p1p1/1Q1pP1B1/3P1P2/7P/PP3P2/R3R2K w - - 3 23,e7c7
26,EulerE,Abbapong,1328,1349,r4rk1/p1q2pnp/1p2p1p1/1Q1pP1B1/3P1P2/7P/PP3P2/2R1R2K b - - 4 23,a1c1
26,EulerE,Abbapong,1328,1349,r4rk1/pq3pnp/1p2p1p1/1Q1pP1B1/3P1P2/7P/PP3P2/2R1R2K w - - 5 24,c7b7
26,EulerE,Abbapong,1328,1349,r4rk1/pq3pnp/1p2p1p1/1Q1pP1B1/3P1P2/7P/PPR2P2/4R2K b - - 6 24,c1c2
26,EulerE,Abbapong,1328,1349,r4rk1/pq3p1p/1p2p1p1/1Q1pPnB1/3P1P2/7P/PPR2P2/4R2K w - - 7 25,g7f5
26,EulerE,Abbapong,1328,1349,r4rk1/pq3p1p/1p2p1p1/1Q1pPnB1/3P1P2/7P/PPR2P2/2R4K b - - 8 25,e1c1
26,EulerE,Abbapong,1328,1349,r4rk1/pq3p1p/1p2p1p1/1Q1pP1B1/3n1P2/7P/PPR2P2/2R4K w - - 0 26,f5d4
26,EulerE,Abbapong,1328,1349,r4rk1/pqR2p1p/1p2p1p1/1Q1pP1B1/3n1P2/7P/PP3P2/2R4K b - - 1 26,c2c7
26,EulerE,Abbapong,1328,1349,r4rk1/pqR2p1p/1p2p1p1/1n1pP1B1/5P2/7P/PP3P2/2R4K w - - 0 27,d4b5
26,EulerE,Abbapong,1328,1349,r4rk1/pR3p1p/1p2p1p1/1n1pP1B1/5P2/7P/PP3P2/2R4K b - - 0 27,c7b7
26,EulerE,Abbapong,1328,1349,r4rk1/pR3p1p/1p2p1p1/3pP1B1/3n1P2/7P/PP3P2/2R4K w - - 1 28,b5d4
26,EulerE,Abbapong,1328,1349,r4rk1/pR3p1p/1p2p1p1/3pP1B1/3n1P2/7P/PP3PK1/2R5 b - - 2 28,h1g2
26,EulerE,Abbapong,1328,1349,rr4k1/pR3p1p/1p2p1p1/3pP1B1/3n1P2/7P/PP3PK1/2R5 w - - 3 29,f8b8
26,EulerE,Abbapong,1328,1349,rr4k1/p3Rp1p/1p2p1p1/3pP1B1/3n1P2/7P/PP3PK1/2R5 b - - 4 29,b7e7
26,EulerE,Abbapong,1328,1349,r3r1k1/p3Rp1p/1p2p1p1/3pP1B1/3n1P2/7P/PP3PK1/2R5 w - - 5 30,b8e8
26,EulerE,Abbapong,1328,1349,r3r1k1/p1R2p1p/1p2p1p1/3pP1B1/3n1P2/7P/PP3PK1/2R5 b - - 6 30,e7c7
26,EulerE,Abbapong,1328,1349,r3r3/p1R2pkp/1p2p1p1/3pP1B1/3n1P2/7P/PP3PK1/2R5 w - - 7 31,g8g7
26,EulerE,Abbapong,1328,1349,r3r3/p1R2pkp/1p2pBp1/3pP3/3n1P2/7P/PP3PK1/2R5 b - - 8 31,g5f6
26,EulerE,Abbapong,1328,1349,r3r1k1/p1R2p1p/1p2pBp1/3pP3/3n1P2/7P/PP3PK1/2R5 w - - 9 32,g7g8
26,EulerE,Abbapong,1328,1349,r3r1k1/p2R1p1p/1p2pBp1/3pP3/3n1P2/7P/PP3PK1/2R5 b - - 10 32,c7d7
26,EulerE,Abbapong,1328,1349,2r1r1k1/p2R1p1p/1p2pBp1/3pP3/3n1P2/7P/PP3PK1/2R5 w - - 11 33,a8c8
26,EulerE,Abbapong,1328,1349,2r1r1k1/p1R2p1p/1p2pBp1/3pP3/3n1P2/7P/PP3PK1/2R5 b - - 12 33,d7c7
26,EulerE,Abbapong,1328,1349,4r1k1/p1r2p1p/1p2pBp1/3pP3/3n1P2/7P/PP3PK1/2R5 w - - 0 34,c8c7
26,EulerE,Abbapong,1328,1349,4r1k1/p1R2p1p/1p2pBp1/3pP3/3n1P2/7P/PP3PK1/8 b - - 0 34,c1c7
26,EulerE,Abbapong,1328,1349,4r1k1/2R2p1p/1p2pBp1/p2pP3/3n1P2/7P/PP3PK1/8 w - - 0 35,a7a5
26,EulerE,Abbapong,1328,1349,4r1k1/4Rp1p/1p2pBp1/p2pP3/3n1P2/7P/PP3PK1/8 b - - 1 35,c7e7
26,EulerE,Abbapong,1328,1349,6k1/4rp1p/1p2pBp1/p2pP3/3n1P2/7P/PP3PK1/8 w - - 0 36,e8e7
26,EulerE,Abbapong,1328,1349,6k1/4Bp1p/1p2p1p1/p2pP3/3n1P2/7P/PP3PK1/8 b - - 0 36,f6e7
26,EulerE,Abbapong,1328,1349,6k1/4Bp1p/4p1p1/pp1pP3/3n1P2/7P/PP3PK1/8 w - - 0 37,b6b5
26,EulerE,Abbapong,1328,1349,6k1/4Bp1p/4p1p1/pp1pP3/3n1P2/5P1P/PP4K1/8 b - - 0 37,f2f3
26,EulerE,Abbapong,1328,1349,6k1/4Bp1p/4p1p1/1p1pP3/p2n1P2/5P1P/PP4K1/8 w - - 0 38,a5a4
26,EulerE,Abbapong,1328,1349,6k1/5p1p/4p1p1/1pBpP3/p2n1P2/5P1P/PP4K1/8 b - - 1 38,e7c5
26,EulerE,Abbapong,1328,1349,6k1/5p1p/4p1p1/1pBpP3/p4P2/5P1P/PP2n1K1/8 w - - 2 39,d4e2
26,EulerE,Abbapong,1328,1349,6k1/5p1p/4p1p1/1p1pP3/p4P2/4BP1P/PP2n1K1/8 b - - 3 39,c5e3
26,EulerE,Abbapong,1328,1349,6k1/5p1p/4p1p1/1p2P3/p2p1P2/4BP1P/PP2n1K1/8 w - - 0 40,d5d4
26,EulerE,Abbapong,1328,1349,6k1/5p1p/4p1p1/1p2P3/p2p1P2/4BP1P/PP2nK2/8 b - - 1 40,g2f2
26,EulerE,Abbapong,1328,1349,6k1/5p1p/4p1p1/1p2P3/p4P2/4pP1P/PP2nK2/8 w - - 0 41,d4e3
26,EulerE,Abbapong,1328,1349,6k1/5p1p/4p1p1/1p2P3/p4P2/4pP1P/PP2K3/8 b - - 0 41,f2e2
26,EulerE,Abbapong,1328,1349,8/5pkp/4p1p1/1p2P3/p4P2/4pP1P/PP2K3/8 w - - 1 42,g8g7
26,EulerE,Abbapong,1328,1349,8/5pkp/4p1p1/1p2P3/p4P2/4KP1P/PP6/8 b - - 0 42,e2e3
26,EulerE,Abbapong,1328,1349,8/5p1p/4p1pk/1p2P3/p4P2/4KP1P/PP6/8 w - - 1 43,g7h6
26,EulerE,Abbapong,1328,1349,8/5p1p/4p1pk/1p2P3/p2K1P2/5P1P/PP6/8 b - - 2 43,e3d4
26,EulerE,Abbapong,1328,1349,8/5p1p/4p1p1/1p2P2k/p2K1P2/5P1P/PP6/8 w - - 3 44,h6h5
26,EulerE,Abbapong,1328,1349,8/5p1p/4p1p1/1pK1P2k/p4P2/5P1P/PP6/8 b - - 4 44,d4c5
26,EulerE,Abbapong,1328,1349,8/5p1p/4p1p1/1pK1P3/p4P1k/5P1P/PP6/8 w - - 5 45,h5h4
26,EulerE,Abbapong,1328,1349,8/5p1p/4p1p1/1K2P3/p4P1k/5P1P/PP6/8 b - - 0 45,c5b5
26,EulerE,Abbapong,1328,1349,8/5p1p/4p1p1/1K2P3/p4P2/5P1k/PP6/8 w - - 0 46,h4h3
26,EulerE,Abbapong,1328,1349,8/5p1p/4p1p1/4P3/K4P2/5P1k/PP6/8 b - - 0 46,b5a4
26,EulerE,Abbapong,1328,1349,8/5p1p/4p1p1/4P3/K4P2/5Pk1/PP6/8 w - - 1 47,h3g3
26,EulerE,Abbapong,1328,1349,8/5p1p/4p1p1/4P3/KP3P2/5Pk1/P7/8 b - - 0 47,b2b4
26,EulerE,Abbapong,1328,1349,8/5p2/4p1p1/4P2p/KP3P2/5Pk1/P7/8 w - - 0 48,h7h5
26,EulerE,Abbapong,1328,1349,8/5p2/4p1p1/1P2P2p/K4P2/5Pk1/P7/8 b - - 0 48,b4b5
26,EulerE,Abbapong,1328,1349,8/5p2/4p1p1/1P2P3/K4P1p/5Pk1/P7/8 w - - 0 49,h5h4
26,EulerE,Abbapong,1328,1349,8/5p2/1P2p1p1/4P3/K4P1p/5Pk1/P7/8 b - - 0 49,b5b6
26,EulerE,Abbapong,1328,1349,8/5p2/1P2p1p1/4P3/K4P2/5Pkp/P7/8 w - - 0 50,h4h3
26,EulerE,Abbapong,1328,1349,8/1P3p2/4p1p1/4P3/K4P2/5Pkp/P7/8 b - - 0 50,b6b7
26,EulerE,Abbapong,1328,1349,8/1P3p2/4p1p1/4P3/K4P2/5Pk1/P6p/8 w - - 0 51,h3h2
26,EulerE,Abbapong,1328,1349,1Q6/5p2/4p1p1/4P3/K4P2/5Pk1/P6p/8 b - - 0 51,b7b8q
26,EulerE,Abbapong,1328,1349,1Q6/5p2/4p1p1/4P3/K4P2/5Pk1/P7/7q w - - 0 52,h2h1q
26,EulerE,Abbapong,1328,1349,3Q4/5p2/4p1p1/4P3/K4P2/5Pk1/P7/7q b - - 1 52,b8d8
26,EulerE,Abbapong,1328,1349,3Q4/5p2/4p1p1/4P3/K4P2/5qk1/P7/8 w - - 0 53,h1f3
26,EulerE,Abbapong,1328,1349,8/5p2/4p1p1/4P1Q1/K4P2/5qk1/P7/8 b - - 1 53,d8g5
26,EulerE,Abbapong,1328,1349,8/5p2/4p1p1/4P1Q1/K4Pq1/6k1/P7/8 w - - 2 54,f3g4
26,EulerE,Abbapong,1328,1349,8/5p2/4p1p1/4P3/K4PQ1/6k1/P7/8 b - - 0 54,g5g4
26,EulerE,Abbapong,1328,1349,8/5p2/4p1p1/4P3/K4Pk1/8/P7/8 w - - 0 55,g3g4
26,EulerE,Abbapong,1328,1349,8/5p2/4p1p1/4P3/5Pk1/1K6/P7/8 b - - 1 55,a4b3
26,EulerE,Abbapong,1328,1349,8/5p2/4p1p1/4P3/5k2/1K6/P7/8 w - - 0 56,g4f4
26,EulerE,Abbapong,1328,1349,8/5p2/4p1p1/4P3/P4k2/1K6/8/8 b - - 0 56,a2a4
26,EulerE,Abbapong,1328,1349,8/5p2/4p3/4P1p1/P4k2/1K6/8/8 w - - 0 57,g6g5
26,EulerE,Abbapong,1328,1349,8/5p2/4p3/P3P1p1/5k2/1K6/8/8 b - - 0 57,a4a5
26,EulerE,Abbapong,1328,1349,8/5p2/4p3/P3P3/5kp1/1K6/8/8 w - - 0 58,g5g4
26,EulerE,Abbapong,1328,1349,8/5p2/P3p3/4P3/5kp1/1K6/8/8 b - - 0 58,a5a6
26,EulerE,Abbapong,1328,1349,8/5p2/P3p3/4P3/5k2/1K4p1/8/8 w - - 0 59,g4g3
26,EulerE,Abbapong,1328,1349,8/P4p2/4p3/4P3/5k2/1K4p1/8/8 b - - 0 59,a6a7
26,EulerE,Abbapong,1328,1349,8/P4p2/4p3/4P3/5k2/1K6/6p1/8 w - - 0 60,g3g2
26,EulerE,Abbapong,1328,1349,Q7/5p2/4p3/4P3/5k2/1K6/6p1/8 b - - 0 60,a7a8q
26,EulerE,Abbapong,1328,1349,Q7/5p2/4p3/4P3/5k2/1K6/8/6q1 w - - 0 61,g2g1q
26,EulerE,Abbapong,1328,1349,8/5p2/4p3/4P3/Q4k2/1K6/8/6q1 b - - 1 61,a8a4
26,EulerE,Abbapong,1328,1349,8/5p2/4p3/4Pk2/Q7/1K6/8/6q1 w - - 2 62,f4f5
26,EulerE,Abbapong,1328,1349,8/3Q1p2/4p3/4Pk2/8/1K6/8/6q1 b - - 3 62,a4d7
26,EulerE,Abbapong,1328,1349,8/3Q1p2/4p3/4Pk2/8/1K6/8/1q6 w - - 4 63,g1b1
26,EulerE,Abbapong,1328,1349,8/3Q1p2/4p3/4Pk2/K7/8/8/1q6 b - - 5 63,b3a4
26,EulerE,Abbapong,1328,1349,8/3Q1p2/4p3/4Pk2/K7/8/q7/8 w - - 6 64,b1a2
26,EulerE,Abbapong,1328,1349,8/3Q1p2/4p3/4Pk2/1K6/8/q7/8 b - - 7 64,a4b4
26,EulerE,Abbapong,1328,1349,8/3Q1p2/4p3/4Pk2/1K6/8/1q6/8 w - - 8 65,a2b2
26,EulerE,Abbapong,1328,1349,8/3Q1p2/4p3/4Pk2/K7/8/1q6/8 b - - 9 65,b4a4
26,EulerE,Abbapong,1328,1349,8/3Q1p2/4p3/4Pk2/K7/8/2q5/8 w - - 10 66,b2c2
26,EulerE,Abbapong,1328,1349,8/3Q1p2/4p3/4Pk2/1K6/8/2q5/8 b - - 11 66,a4b4
26,EulerE,Abbapong,1328,1349,8/3Q1p2/4p3/4Pk2/1K2q3/8/8/8 w - - 12 67,c2e4
26,EulerE,Abbapong,1328,1349,8/3Q1p2/4p3/4Pk2/4q3/K7/8/8 b - - 13 67,b4a3
26,EulerE,Abbapong,1328,1349,8/3Q1p2/4p3/4Pk2/8/K3q3/8/8 w - - 14 68,e4e3
26,EulerE,Abbapong,1328,1349,8/3Q1p2/4p3/4Pk2/K7/4q3/8/8 b - - 15 68,a3a4
26,EulerE,Abbapong,1328,1349,8/3Q1p2/4p3/4Pk2/K3q3/8/8/8 w - - 16 69,e3e4
26,EulerE,Abbapong,1328,1349,8/3Q1p2/4p3/4Pk2/4q3/1K6/8/8 b - - 17 69,a4b3
26,EulerE,Abbapong,1328,1349,8/3Q1p2/4p3/3qPk2/8/1K6/8/8 w - - 18 70,e4d5
26,EulerE,Abbapong,1328,1349,8/5p2/4p3/3QPk2/8/1K6/8/8 b - - 0 70,d7d5
26,EulerE,Abbapong,1328,1349,8/5p2/8/3pPk2/8/1K6/8/8 w - - 0 71,e6d5
26,EulerE,Abbapong,1328,1349,8/5p2/8/3pPk2/8/2K5/8/8 b - - 1 71,b3c3
26,EulerE,Abbapong,1328,1349,8/5p2/8/3pk3/8/2K5/8/8 w - - 0 72,f5e5
26,EulerE,Abbapong,1328,1349,8/5p2/8/3pk3/8/3K4/8/8 b - - 1 72,c3d3
26,EulerE,Abbapong,1328,1349,8/8/8/3pkp2/8/3K4/8/8 w - - 0 73,f7f5
26,EulerE,Abbapong,1328,1349,8/8/8/3pkp2/8/4K3/8/8 b - - 1 73,d3e3
26,EulerE,Abbapong,1328,1349,8/8/8/4kp2/3p4/4K3/8/8 w - - 0 74,d5d4
26,EulerE,Abbapong,1328,1349,8/8/8/4kp2/3p4/3K4/8/8 b - - 1 74,e3d3
26,EulerE,Abbapong,1328,1349,8/8/8/4k3/3p1p2/3K4/8/8 w - - 0 75,f5f4
26,EulerE,Abbapong,1328,1349,8/8/8/4k3/3p1p2/8/4K3/8 b - - 1 75,d3e2
26,EulerE,Abbapong,1328,1349,8/8/8/8/3pkp2/8/4K3/8 w - - 2 76,e5e4
26,EulerE,Abbapong,1328,1349,8/8/8/8/3pkp2/8/8/4K3 b - - 3 76,e2e1
26,EulerE,Abbapong,1328,1349,8/8/8/8/3p1p2/4k3/8/4K3 w - - 4 77,e4e3
26,EulerE,Abbapong,1328,1349,8/8/8/8/3p1p2/4k3/8/3K4 b - - 5 77,e1d1
26,EulerE,Abbapong,1328,1349,8/8/8/8/3p4/4kp2/8/3K4 w - - 0 78,f4f3
26,EulerE,Abbapong,1328,1349,8/8/8/8/3p4/4kp2/8/4K3 b - - 1 78,d1e1
26,EulerE,Abbapong,1328,1349,8/8/8/8/8/3pkp2/8/4K3 w - - 0 79,d4d3
26,EulerE,Abbapong,1328,1349,8/8/8/8/8/3pkp2/8/5K2 b - - 1 79,e1f1
26,EulerE,Abbapong,1328,1349,8/8/8/8/8/4kp2/3p4/5K2 w - - 0 80,d3d2
27,EulerE,panayiotissk,1335,1282,rnbqkbnr/pppppppp/8/8/3P4/8/PPP1PPPP/RNBQKBNR b KQkq - 0 1,d2d4
27,EulerE,panayiotissk,1335,1282,rnbqkbnr/ppp1pppp/8/3p4/3P4/8/PPP1PPPP/RNBQKBNR w KQkq - 0 2,d7d5
27,EulerE,panayiotissk,1335,1282,rnbqkbnr/ppp1pppp/8/3p4/2PP4/8/PP2PPPP/RNBQKBNR b KQkq - 0 2,c2c4
27,EulerE,panayiotissk,1335,1282,rnbqkb1r/ppp1pppp/5n2/3p4/2PP4/8/PP2PPPP/RNBQKBNR w KQkq - 1 3,g8f6
27,EulerE,panayiotissk,1335,1282,rnbqkb1r/ppp1pppp/5n2/3p4/2PP4/2N5/PP2PPPP/R1BQKBNR b KQkq - 2 3,b1c3
27,EulerE,panayiotissk,1335,1282,rnbqkb1r/ppp2ppp/4pn2/3p4/2PP4/2N5/PP2PPPP/R1BQKBNR w KQkq - 0 4,e7e6
27,EulerE,panayiotissk,1335,1282,rnbqkb1r/ppp2ppp/4pn2/3p4/2PP4/2N2N2/PP2PPPP/R1BQKB1R b KQkq - 1 4,g1f3
27,EulerE,panayiotissk,1335,1282,rnbqk2r/ppp2ppp/4pn2/3p4/1bPP4/2N2N2/PP2PPPP/R1BQKB1R w KQkq - 2 5,f8b4
27,EulerE,panayiotissk,1335,1282,rnbqk2r/ppp2ppp/4pn2/3p4/1bPP4/2N2N2/PP1BPPPP/R2QKB1R b KQkq - 3 5,c1d2
27,EulerE,panayiotissk,1335,1282,rnbqk2r/ppp2ppp/4pn2/3p4/2PP4/2b2N2/PP1BPPPP/R2QKB1R w KQkq - 0 6,b4c3
27,EulerE,panayiotissk,1335,1282,rnbqk2r/ppp2ppp/4pn2/3p4/2PP4/2B2N2/PP2PPPP/R2QKB1R b KQkq - 0 6,d2c3
27,EulerE,panayiotissk,1335,1282,rnbq1rk1/ppp2ppp/4pn2/3p4/2PP4/2B2N2/PP2PPPP/R2QKB1R w KQ - 1 7,e8g8
27,EulerE,panayiotissk,1335,1282,rnbq1rk1/ppp2ppp/4pn2/3p4/2PP4/2B1PN2/PP3PPP/R2QKB1R b KQ - 0 7,e2e3
27,EulerE,panayiotissk,1335,1282,rnbq1rk1/ppp2ppp/4p3/3p4/2PPn3/2B1PN2/PP3PPP/R2QKB1R w KQ - 1 8,f6e4
27,EulerE,panayiotissk,1335,1282,rnbq1rk1/ppp2ppp/4p3/3p4/2PPn3/2B1PN2/PPQ2PPP/R3KB1R b KQ - 2 8,d1c2
27,EulerE,panayiotissk,1335,1282,rnbq1rk1/ppp3pp/4p3/3p1p2/2PPn3/2B1PN2/PPQ2PPP/R3KB1R w KQ - 0 9,f7f5
27,EulerE,panayiotissk,1335,1282,rnbq1rk1/ppp3pp/4p3/3p1p2/2PPn3/2BBPN2/PPQ2PPP/R3K2R b KQ - 1 9,f1d3
27,EulerE,panayiotissk,1335,1282,rnbq1rk1/ppp3pp/4p3/3p1p2/2PP4/2nBPN2/PPQ2PPP/R3K2R w KQ - 0 10,e4c3
27,EulerE,panayiotissk,1335,1282,rnbq1rk1/ppp3pp/4p3/3p1p2/2PP4/2PBPN2/P1Q2PPP/R3K2R b KQ - 0 10,b2c3
27,EulerE,panayiotissk,1335,1282,r1bq1rk1/pppn2pp/4p3/3p1p2/2PP4/2PBPN2/P1Q2PPP/R3K2R w KQ - 1 11,b8d7
27,EulerE,panayiotissk,1335,1282,r1bq1rk1/pppn2pp/4p3/3P1p2/3P4/2PBPN2/P1Q2PPP/R3K2R b KQ - 0 11,c4d5
27,EulerE,panayiotissk,1335,1282,r1bq1rk1/ppp3pp/4pn2/3P1p2/3P4/2PBPN2/P1Q2PPP/R3K2R w KQ - 1 12,d7f6
27,EulerE,panayiotissk,1335,1282,r1bq1rk1/ppp3pp/4pn2/3P1p2/3P4/1QPBPN2/P4PPP/R3K2R b KQ - 2 12,c2b3
27,EulerE,panayiotissk,1335,1282,r1b2rk1/ppp3pp/4pn2/3q1p2/3P4/1QPBPN2/P4PPP/R3K2R w KQ - 0 13,d8d5
27,EulerE,panayiotissk,1335,1282,r1b2rk1/ppp3pp/4pn2/3Q1p2/3P4/2PBPN2/P4PPP/R3K2R b KQ - 0 13,b3d5
27,EulerE,panayiotissk,1335,1282,r1b2rk1/ppp3pp/4p3/3n1p2/3P4/2PBPN2/P4PPP/R3K2R w KQ - 0 14,f6d5
27,EulerE,panayiotissk,1335,1282,r1b2rk1/ppp3pp/4p3/3n1p2/3P4/2PBPN2/P4PPP/2R1K2R b K - 1 14,a1c1
27,EulerE,panayiotissk,1335,1282,r1b2rk1/1pp3pp/4p3/p2n1p2/3P4/2PBPN2/P4PPP/2R1K2R w K - 0 15,a7a5
27,EulerE,panayiotissk,1335,1282,r1b2rk1/1pp3pp/4p3/p2n1p2/3P4/P1PBPN2/5PPP/2R1K2R b K - 0 15,a2a3
27,EulerE,panayiotissk,1335,1282,r1b2rk1/2p3pp/1p2p3/p2n1p2/3P4/P1PBPN2/5PPP/2R1K2R w K - 0 16,b7b6
27,EulerE,panayiotissk,1335,1282,r1b2rk1/2p3pp/1p2p3/p2n1p2/3P4/P1PBPN2/5PPP/2R2RK1 b - - 1 16,e1g1
27,EulerE,panayiotissk,1335,1282,r4rk1/1bp3pp/1p2p3/p2n1p2/3P4/P1PBPN2/5PPP/2R2RK1 w - - 2 17,c8b7
27,EulerE,panayiotissk,1335,1282,r4rk1/1bp3pp/1p2p3/p2n1p2/2PP4/P2BPN2/5PPP/2R2RK1 b - - 0 17,c3c4
27,EulerE,panayiotissk,1335,1282,r4rk1/1bp1n1pp/1p2p3/p4p2/2PP4/P2BPN2/5PPP/2R2RK1 w - - 1 18,d5e7
27,EulerE,panayiotissk,1335,1282,r4rk1/1bp1n1pp/1p2p3/p3Np2/2PP4/P2BP3/5PPP/2R2RK1 b - - 2 18,f3e5
27,EulerE,panayiotissk,1335,1282,r4rk1/1bp3pp/1p2p1n1/p3Np2/2PP4/P2BP3/5PPP/2R2RK1 w - - 3 19,e7g6
27,EulerE,panayiotissk,1335,1282,r4rk1/1bp3pp/1p2p1N1/p4p2/2PP4/P2BP3/5PPP/2R2RK1 b - - 0 19,e5g6
27,EulerE,panayiotissk,1335,1282,r4rk1/1bp3p1/1p2p1p1/p4p2/2PP4/P2BP3/5PPP/2R2RK1 w - - 0 20,h7g6
27,EulerE,panayiotissk,1335,1282,r4rk1/1bp3p1/1p2p1p1/p4p2/2PP1P2/P2BP3/6PP/2R2RK1 b - - 0 20,f2f4
27,EulerE,panayiotissk,1335,1282,3r1rk1/1bp3p1/1p2p1p1/p4p2/2PP1P2/P2BP3/6PP/2R2RK1 w - - 1 21,a8d8
27,EulerE,panayiotissk,1335,1282,3r1rk1/1bp3p1/1p2p1p1/p4p2/2PP1P2/P2BP1P1/7P/2R2RK1 b - - 0 21,g2g3
27,EulerE,panayiotissk,1335,1282,3r1r2/1bp2kp1/1p2p1p1/p4p2/2PP1P2/P2BP1P1/7P/2R2RK1 w - - 1 22,g8f7
27,EulerE,panayiotissk,1335,1282,3r1r2/1bp2kp1/1p2p1p1/p4p2/2PP1P2/P3P1P1/7P/1BR2RK1 b - - 2 22,d3b1
27,EulerE,panayiotissk,1335,1282,3r1r2/1bp3p1/1p2pkp1/p4p2/2PP1P2/P3P1P1/7P/1BR2RK1 w - - 3 23,f7f6
27,EulerE,panayiotissk,1335,1282,3r1r2/1bp3p1/1p2pkp1/p1P2p2/3P1P2/P3P1P1/7P/1BR2RK1 b - - 0 23,c4c5
27,EulerE,panayiotissk,1335,1282,3r1r2/2p3p1/bp2pkp1/p1P2p2/3P1P2/P3P1P1/7P/1BR2RK1 w - - 1 24,b7a6
27,EulerE,panayiotissk,1335,1282,3r1r2/2p3p1/bp2pkp1/p1P2p2/3P1P2/P3P1P1/7P/1BR1R1K1 b - - 2 24,f1e1
27,EulerE,panayiotissk,1335,1282,3r1r2/2p3p1/1p2pkp1/pbP2p2/3P1P2/P3P1P1/7P/1BR1R1K1 w - - 3 25,a6b5
27,EulerE,panayiotissk,1335,1282,3r1r2/2p3p1/1P2pkp1/pb3p2/3P1P2/P3P1P1/7P/1BR1R1K1 b - - 0 25,c5b6
27,EulerE,panayiotissk,1335,1282,3r1r2/6p1/1p2pkp1/pb3p2/3P1P2/P3P1P1/7P/1BR1R1K1 w - - 0 26,c7b6
27,EulerE,panayiotissk,1335,1282,3r1r2/2R3p1/1p2pkp1/pb3p2/3P1P2/P3P1P1/7P/1B2R1K1 b - - 1 26,c1c7
27,EulerE,panayiotissk,1335,1282,3r4/2R2rp1/1p2pkp1/pb3p2/3P1P2/P3P1P1/7P/1B2R1K1 w - - 2 27,f8f7
27,EulerE,panayiotissk,1335,1282,3r4/5Rp1/1p2pkp1/pb3p2/3P1P2/P3P1P1/7P/1B2R1K1 b - - 0 27,c7f7
27,EulerE,panayiotissk,1335,1282,3r4/5kp1/1p2p1p1/pb3p2/3P1P2/P3P1P1/7P/1B2R1K1 w - - 0 28,f6f7
27,EulerE,panayiotissk,1335,1282,3r4/5kp1/1p2p1p1/pb3p2/3P1P2/P3P1P1/B6P/4R1K1 b - - 1 28,b1a2
27,EulerE,panayiotissk,1335,1282,2r5/5kp1/1p2p1p1/pb3p2/3P1P2/P3P1P1/B6P/4R1K1 w - - 2 29,d8c8
27,EulerE,panayiotissk,1335,1282,2r5/5kp1/1p2p1p1/pb1P1p2/5P2/P3P1P1/B6P/4R1K1 b - - 0 29,d4d5
27,EulerE,panayiotissk,1335,1282,8/5kp1/1p2p1p1/pb1P1p2/5P2/P3P1P1/B1r4P/4R1K1 w - - 1 30,c8c2
27,EulerE,panayiotissk,1335,1282,8/5kp1/1p2P1p1/pb3p2/5P2/P3P1P1/B1r4P/4R1K1 b - - 0 30,d5e6
27,EulerE,panayiotissk,1335,1282,8/4k1p1/1p2P1p1/pb3p2/5P2/P3P1P1/B1r4P/4R1K1 w - - 1 31,f7e7
27,EulerE,panayiotissk,1335,1282,8/4k1p1/1p2P1p1/pb3p2/5P2/P3P1P1/B1r4P/1R4K1 b - - 2 31,e1b1
27,EulerE,panayiotissk,1335,1282,8/4k1p1/1pb1P1p1/p4p2/5P2/P3P1P1/B1r4P/1R4K1 w - - 3 32,b5c6
27,EulerE,panayiotissk,1335,1282,8/4k1p1/1Rb1P1p1/p4p2/5P2/P3P1P1/B1r4P/6K1 b - - 0 32,b1b6
27,EulerE,panayiotissk,1335,1282,8/4k1p1/1Rb1P1p1/p4p2/5P2/P3P1P1/B5rP/6K1 w - - 1 33,c2g2
27,EulerE,panayiotissk,1335,1282,8/4k1p1/1Rb1P1p1/p4p2/5P2/P3P1P1/B5rP/5K2 b - - 2 33,g1f1
27,EulerE,panayiotissk,1335,1282,8/4k1p1/1Rb1P1p1/p4p2/5P2/P3P1P1/r6P/5K2 w - - 0 34,g2a2
27,EulerE,panayiotissk,1335,1282,8/4k1p1/2R1P1p1/p4p2/5P2/P3P1P1/r6P/5K2 b - - 0 34,b6c6
27,EulerE,panayiotissk,1335,1282,8/4k1p1/2R1P1p1/p4p2/5P2/r3P1P1/7P/5K2 w - - 0 35,a2a3
27,EulerE,panayiotissk,1335,1282,8/2R1k1p1/4P1p1/p4p2/5P2/r3P1P1/7P/5K2 b - - 1 35,c6c7
27,EulerE,panayiotissk,1335,1282,8/2R3p1/4k1p1/p4p2/5P2/r3P1P1/7P/5K2 w - - 0 36,e7e6
27,EulerE,panayiotissk,1335,1282,8/6R1/4k1p1/p4p2/5P2/r3P1P1/7P/5K2 b - - 0 36,c7g7
27,EulerE,panayiotissk,1335,1282,8/6R1/4k1p1/p4p2/5P2/4r1P1/7P/5K2 w - - 0 37,a3e3
27,EulerE,panayiotissk,1335,1282,8/8/4k1R1/p4p2/5P2/4r1P1/7P/5K2 b - - 0 37,g7g6
27,EulerE,panayiotissk,1335,1282,8/5k2/6R1/p4p2/5P2/4r1P1/7P/5K2 w - - 1 38,e6f7
27,EulerE,panayiotissk,1335,1282,8/5k2/8/p4pR1/5P2/4r1P1/7P/5K2 b - - 2 38,g6g5
27,EulerE,panayiotissk,1335,1282,8/5k2/8/p4pR1/5P2/r5P1/7P/5K2 w - - 3 39,e3a3
27,EulerE,panayiotissk,1335,1282,8/5k2/8/p4R2/5P2/r5P1/7P/5K2 b - - 0 39,g5f5
27,EulerE,panayiotissk,1335,1282,8/8/4k3/p4R2/5P2/r5P1/7P/5K2 w - - 1 40,f7e6
27,EulerE,panayiotissk,1335,1282,8/8/4k3/p5R1/5P2/r5P1/7P/5K2 b - - 2 40,f5g5
27,EulerE,panayiotissk,1335,1282,8/8/4k3/6R1/p4P2/r5P1/7P/5K2 w - - 0 41,a5a4
27,EulerE,panayiotissk,1335,1282,8/8/4k3/6R1/p4P1P/r5P1/8/5K2 b - - 0 41,h2h4
28,EulerE,KevinYouhanna1,1327,1340,rnbqkbnr/pppppppp/8/8/3P4/8/PPP1PPPP/RNBQKBNR b KQkq - 0 1,d2d4
28,EulerE,KevinYouhanna1,1327,1340,rnbqkbnr/ppp1pppp/8/3p4/3P4/8/PPP1PPPP/RNBQKBNR w KQkq - 0 2,d7d5
28,EulerE,KevinYouhanna1,1327,1340,rnbqkbnr/ppp1pppp/8/3p4/2PP4/8/PP2PPPP/RNBQKBNR b KQkq - 0 2,c2c4
28,EulerE,KevinYouhanna1,1327,1340,rnbqkbnr/ppp1pppp/8/8/2pP4/8/PP2PPPP/RNBQKBNR w KQkq - 0 3,d5c4
28,EulerE,KevinYouhanna1,1327,1340,rnbqkbnr/ppp1pppp/8/8/2pPP3/8/PP3PPP/RNBQKBNR b KQkq - 0 3,e2e4
28,EulerE,KevinYouhanna1,1327,1340,rnbqkbnr/ppp2ppp/4p3/8/2pPP3/8/PP3PPP/RNBQKBNR w KQkq - 0 4,e7e6
28,EulerE,KevinYouhanna1,1327,1340,rnbqkbnr/ppp2ppp/4p3/8/2pPP3/5N2/PP3PPP/RNBQKB1R b KQkq - 1 4,g1f3
28,EulerE,KevinYouhanna1,1327,1340,rnbqkbnr/p1p2ppp/1p2p3/8/2pPP3/5N2/PP3PPP/RNBQKB1R w KQkq - 0 5,b7b6
28,EulerE,KevinYouhanna1,1327,1340,rnbqkbnr/p1p2ppp/1p2p3/8/2BPP3/5N2/PP3PPP/RNBQK2R b KQkq - 0 5,f1c4
28,EulerE,KevinYouhanna1,1327,1340,rn1qkbnr/pbp2ppp/1p2p3/8/2BPP3/5N2/PP3PPP/RNBQK2R w KQkq - 1 6,c8b7
28,EulerE,KevinYouhanna1,1327,1340,rn1qkbnr/pbp2ppp/1p2p3/8/2BPP3/2N2N2/PP3PPP/R1BQK2R b KQkq - 2 6,b1c3
28,EulerE,KevinYouhanna1,1327,1340,rn2kbnr/pbp2ppp/1p2pq2/8/2BPP3/2N2N2/PP3PPP/R1BQK2R w KQkq - 3 7,d8f6
28,EulerE,KevinYouhanna1,1327,1340,rn2kbnr/pbp2ppp/1p2pq2/4P3/2BP4/2N2N2/PP3PPP/R1BQK2R b KQkq - 0 7,e4e5
28,EulerE,KevinYouhanna1,1327,1340,rn2kbnr/p1p2ppp/1p2pq2/4P3/2BP4/2N2b2/PP3PPP/R1BQK2R w KQkq - 0 8,b7f3
28,EulerE,KevinYouhanna1,1327,1340,rn2kbnr/p1p2ppp/1p2pP2/8/2BP4/2N2b2/PP3PPP/R1BQK2R b KQkq - 0 8,e5f6
28,EulerE,KevinYouhanna1,1327,1340,rn2kbnr/p1p2ppp/1p2pP2/8/2BP4/2N5/PP3PPP/R1BbK2R w KQkq - 0 9,f3d1
28,EulerE,KevinYouhanna1,1327,1340,rn2kbnr/p1p2ppp/1p2pP2/8/2BP4/8/PP3PPP/R1BNK2R b KQkq - 0 9,c3d1
28,EulerE,KevinYouhanna1,1327,1340,rn2kb1r/p1p2ppp/1p2pn2/8/2BP4/8/PP3PPP/R1BNK2R w KQkq - 0 10,g8f6
28,EulerE,KevinYouhanna1,1327,1340,rn2kb1r/p1p2ppp/1p2pn2/8/2BP4/8/PP3PPP/R1BN1RK1 b kq - 1 10,e1g1
28,EulerE,KevinYouhanna1,1327,1340,r3kb1r/p1p2ppp/1pn1pn2/8/2BP4/8/PP3PPP/R1BN1RK1 w kq - 2 11,b8c6
28,EulerE,KevinYouhanna1,1327,1340,r3kb1r/p1p2ppp/1pn1pn2/1B6/3P4/8/PP3PPP/R1BN1RK1 b kq - 3 11,c4b5
28,EulerE,KevinYouhanna1,1327,1340,r4b1r/p1pk1ppp/1pn1pn2/1B6/3P4/8/PP3PPP/R1BN1RK1 w - - 4 12,e8d7
28,EulerE,KevinYouhanna1,1327,1340,r4b1r/p1pk1ppp/1pn1pn2/1B6/3P4/2N5/PP3PPP/R1B2RK1 b - - 5 12,d1c3
28,EulerE,KevinYouhanna1,1327,1340,r6r/p1pk1ppp/1pnbpn2/1B6/3P4/2N5/PP3PPP/R1B2RK1 w - - 6 13,f8d6
28,EulerE,KevinYouhanna1,1327,1340,r6r/p1pk1ppp/1pnbpn2/1B6/3P4/2N5/PP3PPP/R1BR2K1 b - - 7 13,f1d1
28,EulerE,KevinYouhanna1,1327,1340,r6r/2pk1ppp/ppnbpn2/1B6/3P4/2N5/PP3PPP/R1BR2K1 w - - 0 14,a7a6
28,EulerE,KevinYouhanna1,1327,1340,r6r/2pk1ppp/ppBbpn2/8/3P4/2N5/PP3PPP/R1BR2K1 b - - 0 14,b5c6
28,EulerE,KevinYouhanna1,1327,1340,r6r/2p2ppp/ppkbpn2/8/3P4/2N5/PP3PPP/R1BR2K1 w - - 0 15,d7c6
28,EulerE,KevinYouhanna1,1327,1340,r6r/2p2ppp/ppkbpn2/6B1/3P4/2N5/PP3PPP/R2R2K1 b - - 1 15,c1g5
28,EulerE,KevinYouhanna1,1327,1340,r6r/2p2pp1/ppkbpn1p/6B1/3P4/2N5/PP3PPP/R2R2K1 w - - 0 16,h7h6
28,EulerE,KevinYouhanna1,1327,1340,r6r/2p2pp1/ppkbpB1p/8/3P4/2N5/PP3PPP/R2R2K1 b - - 0 16,g5f6
28,EulerE,KevinYouhanna1,1327,1340,r6r/2p2p2/ppkbpp1p/8/3P4/2N5/PP3PPP/R2R2K1 w - - 0 17,g7f6
28,EulerE,KevinYouhanna1,1327,1340,r6r/2p2p2/ppkbpp1p/3P4/8/2N5/PP3PPP/R2R2K1 b - - 0 17,d4d5
28,EulerE,KevinYouhanna1,1327,1340,r6r/2p2p2/ppkb1p1p/3p4/8/2N5/PP3PPP/R2R2K1 w - - 0 18,e6d5
28,EulerE,KevinYouhanna1,1327,1340,r6r/2p2p2/ppkb1p1p/3N4/8/8/PP3PPP/R2R2K1 b - - 0 18,c3d5
28,EulerE,KevinYouhanna1,1327,1340,r6r/2p2p2/ppk2p1p/3Nb3/8/8/PP3PPP/R2R2K1 w - - 1 19,d6e5
28,EulerE,KevinYouhanna1,1327,1340,r6r/2p2p2/ppk2p1p/3Nb3/5P2/8/PP4PP/R2R2K1 b - - 0 19,f2f4
28,EulerE,KevinYouhanna1,1327,1340,r6r/2p2p2/ppk2p1p/3N4/5P2/8/Pb4PP/R2R2K1 w - - 0 20,e5b2
28,EulerE,KevinYouhanna1,1327,1340,r6r/2p2p2/ppk2p1p/3N4/5P2/8/Pb4PP/1R1R2K1 b - - 1 20,a1b1
28,EulerE,KevinYouhanna1,1327,1340,r6r/2p2p2/ppk2p1p/3N4/5P2/b7/P5PP/1R1R2K1 w - - 2 21,b2a3
28,EulerE,KevinYouhanna1,1327,1340,r6r/2p2p2/ppk2N1p/8/5P2/b7/P5PP/1R1R2K1 b - - 0 21,d5f6
28,EulerE,KevinYouhanna1,1327,1340,r2r4/2p2p2/ppk2N1p/8/5P2/b7/P5PP/1R1R2K1 w - - 1 22,h8d8
28,EulerE,KevinYouhanna1,1327,1340,r2r4/2p2p2/ppk4p/8/4NP2/b7/P5PP/1R1R2K1 b - - 2 22,f6e4
28,EulerE,KevinYouhanna1,1327,1340,r7/2p2p2/ppk4p/8/4NP2/b7/P5PP/1R1r2K1 w - - 0 23,d8d1
28,EulerE,KevinYouhanna1,1327,1340,r7/2p2p2/ppk4p/8/4NP2/b7/P5PP/3R2K1 b - - 0 23,b1d1
28,EulerE,KevinYouhanna1,1327,1340,r7/2p1bp2/ppk4p/8/4NP2/8/P5PP/3R2K1 w - - 1 24,a3e7
28,EulerE,KevinYouhanna1,1327,1340,r7/2p1bp2/ppk4p/8/4NP2/8/P4KPP/3R4 b - - 2 24,g1f2
28,EulerE,KevinYouhanna1,1327,1340,3r4/2p1bp2/ppk4p/8/4NP2/8/P4KPP/3R4 w - - 3 25,a8d8
28,EulerE,KevinYouhanna1,1327,1340,3r4/2p1bp2/ppk4p/8/4NP2/8/P4KPP/2R5 b - - 4 25,d1c1
28,EulerE,KevinYouhanna1,1327,1340,3r4/1kp1bp2/pp5p/8/4NP2/8/P4KPP/2R5 w - - 5 26,c6b7
28,EulerE,KevinYouhanna1,1327,1340,3r4/1kp1bp2/pp5p/8/4NP2/5K2/P5PP/2R5 b - - 6 26,f2f3
28,EulerE,KevinYouhanna1,1327,1340,3r4/1k2bp2/pp5p/2p5/4NP2/5K2/P5PP/2R5 w - - 0 27,c7c5
28,EulerE,KevinYouhanna1,1327,1340,3r4/1k2bp2/pp5p/2p5/4NP2/5K2/P5PP/4R3 b - - 1 27,c1e1
28,EulerE,KevinYouhanna1,1327,1340,3r1b2/1k3p2/pp5p/2p5/4NP2/5K2/P5PP/4R3 w - - 2 28,e7f8
28,EulerE,KevinYouhanna1,1327,1340,3r1b2/1k3p2/pp5p/2p5/4NPP1/5K2/P6P/4R3 b - - 0 28,g2g4
28,EulerE,KevinYouhanna1,1327,1340,3r1b2/1k3p2/pp5p/8/2p1NPP1/5K2/P6P/4R3 w - - 0 29,c5c4
28,EulerE,KevinYouhanna1,1327,1340,3r1b2/1k3p2/pp5p/8/2p1NPP1/5K2/P6P/2R5 b - - 1 29,e1c1
28,EulerE,KevinYouhanna1,1327,1340,5b2/1k3p2/pp5p/8/2p1NPP1/3r1K2/P6P/2R5 w - - 2 30,d8d3
28,EulerE,KevinYouhanna1,1327,1340,5b2/1k3p2/pp5p/8/2p1NPP1/3r4/P3K2P/2R5 b - - 3 30,f3e2
28,EulerE,KevinYouhanna1,1327,1340,5b2/1k3p2/p6p/1p6/2p1NPP1/3r4/P3K2P/2R5 w - - 0 31,b6b5
28,EulerE,KevinYouhanna1,1327,1340,5b2/1k3p2/p6p/1p4P1/2p1NP2/3r4/P3K2P/2R5 b - - 0 31,g4g5
28,EulerE,KevinYouhanna1,1327,1340,5b2/1k3p2/p7/1p4p1/2p1NP2/3r4/P3K2P/2R5 w - - 0 32,h6g5
28,EulerE,KevinYouhanna1,1327,1340,5b2/1k3p2/p7/1p4P1/2p1N3/3r4/P3K2P/2R5 b - - 0 32,f4g5
28,EulerE,KevinYouhanna1,1327,1340,5b2/5p2/pk6/1p4P1/2p1N3/3r4/P3K2P/2R5 w - - 1 33,b7b6
28,EulerE,KevinYouhanna1,1327,1340,5b2/5p2/pk6/1p4P1/2p1N3/3r4/P3K2P/3R4 b - - 2 33,c1d1
28,EulerE,KevinYouhanna1,1327,1340,5b2/5p2/pk6/1p4P1/2p1N3/7r/P3K2P/3R4 w - - 3 34,d3h3
28,EulerE,KevinYouhanna1,1327,1340,5b2/5p2/pk6/1p4P1/2p1N3/7r/P3K2P/7R b - - 4 34,d1h1
28,EulerE,KevinYouhanna1,1327,1340,8/5p2/pk6/1pb3P1/2p1N3/7r/P3K2P/7R w - - 5 35,f8c5
28,EulerE,KevinYouhanna1,1327,1340,8/5p2/pk6/1pb3P1/2p5/7r/P3KN1P/7R b - - 6 35,e4f2
28,EulerE,KevinYouhanna1,1327,1340,8/5p2/pk6/1pb3P1/2p5/4r3/P3KN1P/7R w - - 7 36,h3e3
28,EulerE,KevinYouhanna1,1327,1340,8/5p2/pk6/1pb3P1/2p5/4r3/P2K1N1P/7R b - - 8 36,e2d2
28,EulerE,KevinYouhanna1,1327,1340,8/5p2/pk6/1pb3P1/8/2p1r3/P2K1N1P/7R w - - 0 37,c4c3
28,EulerE,KevinYouhanna1,1327,1340,8/5p2/pk6/1pb3P1/8/2p1r3/P4N1P/3K3R b - - 1 37,d2d1
28,EulerE,KevinYouhanna1,1327,1340,8/5p2/pk6/1pb3P1/8/4r3/P1p2N1P/3K3R w - - 0 38,c3c2
28,EulerE,KevinYouhanna1,1327,1340,8/5p2/pk6/1pb3P1/8/4r3/P1K2N1P/7R b - - 0 38,d1c2
28,EulerE,KevinYouhanna1,1327,1340,8/5p2/pk6/1pb3P1/8/8/P1K1rN1P/7R w - - 1 39,e3e2
28,EulerE,KevinYouhanna1,1327,1340,8/5p2/pk6/1pb3P1/8/3K4/P3rN1P/7R b - - 2 39,c2d3
28,EulerE,KevinYouhanna1,1327,1340,8/5p2/pk6/1pb3P1/8/3K4/P4r1P/7R w - - 0 40,e2f2
28,EulerE,KevinYouhanna1,1327,1340,8/5p2/pk6/1pb3P1/7P/3K4/P4r2/7R b - - 0 40,h2h4
28,EulerE,KevinYouhanna1,1327,1340,8/5p2/pk6/1pb3P1/7P/3K4/r7/7R w - - 0 41,f2a2
28,EulerE,KevinYouhanna1,1327,1340,8/5p2/pk6/1pb3PP/8/3K4/r7/7R b - - 0 41,h4h5
28,EulerE,KevinYouhanna1,1327,1340,8/5p2/pk6/1pb3PP/r7/3K4/8/7R w - - 1 42,a2a4
28,EulerE,KevinYouhanna1,1327,1340,8/5p2/pk5P/1pb3P1/r7/3K4/8/7R b - - 0 42,h5h6
28,EulerE,KevinYouhanna1,1327,1340,8/5p2/pk5P/1p4P1/r2b4/3K4/8/7R w - - 1 43,c5d4
28,EulerE,KevinYouhanna1,1327,1340,8/5p1P/pk6/1p4P1/r2b4/3K4/8/7R b - - 0 43,h6h7
28,EulerE,KevinYouhanna1,1327,1340,8/5p1P/pk6/1p4P1/2rb4/3K4/8/7R w - - 1 44,a4c4
28,EulerE,KevinYouhanna1,1327,1340,8/5p1P/pk6/1p4P1/2rb3R/3K4/8/8 b - - 2 44,h1h4
28,EulerE,KevinYouhanna1,1327,1340,8/5p1P/p7/1pk3P1/2rb3R/3K4/8/8 w - - 3 45,b6c5
28,EulerE,KevinYouhanna1,1327,1340,8/5p1P/p7/1pk3P1/2rb1R2/3K4/8/8 b - - 4 45,h4f4
28,EulerE,KevinYouhanna1,1327,1340,7b/5p1P/p7/1pk3P1/2r2R2/3K4/8/8 w - - 5 46,d4h8
28,EulerE,KevinYouhanna1,1327,1340,7b/5R1P/p7/1pk3P1/2r5/3K4/8/8 b - - 0 46,f4f7
28,EulerE,KevinYouhanna1,1327,1340,7b/5R1P/p7/1pk3P1/6r1/3K4/8/8 w - - 1 47,c4g4
28,EulerE,KevinYouhanna1,1327,1340,5R1b/7P/p7/1pk3P1/6r1/3K4/8/8 b - - 2 47,f7f8
28,EulerE,KevinYouhanna1,1327,1340,5R2/6bP/p7/1pk3P1/6r1/3K4/8/8 w - - 3 48,h8g7
28,EulerE,KevinYouhanna1,1327,1340,R7/6bP/p7/1pk3P1/6r1/3K4/8/8 b - - 4 48,f8a8
28,EulerE,KevinYouhanna1,1327,1340,R7/6bP/pk6/1p4P1/6r1/3K4/8/8 w - - 5 49,c5b6
28,EulerE,KevinYouhanna1,1327,1340,R6Q/6b1/pk6/1p4P1/6r1/3K4/8/8 b - - 0 49,h7h8q
28,EulerE,KevinYouhanna1,1327,1340,R6b/8/pk6/1p4P1/6r1/3K4/8/8 w - - 0 50,g7h8
28,EulerE,KevinYouhanna1,1327,1340,7R/8/pk6/1p4P1/6r1/3K4/8/8 b - - 0 50,a8h8
28,EulerE,KevinYouhanna1,1327,1340,7R/8/pk6/1p4r1/8/3K4/8/8 w - - 0 51,g4g5
28,EulerE,KevinYouhanna1,1327,1340,8/8/pk5R/1p4r1/8/3K4/8/8 b - - 1 51,h8h6
28,EulerE,KevinYouhanna1,1327,1340,8/8/p6R/kp4r1/8/3K4/8/8 w - - 2 52,b6a5
28,EulerE,KevinYouhanna1,1327,1340,8/8/p6R/kp4r1/8/2K5/8/8 b - - 3 52,d3c3
28,EulerE,KevinYouhanna1,1327,1340,8/8/p6R/kp6/8/2K3r1/8/8 w - - 4 53,g5g3
28,EulerE,KevinYouhanna1,1327,1340,8/8/p6R/kp6/3K4/6r1/8/8 b - - 5 53,c3d4
28,EulerE,KevinYouhanna1,1327,1340,8/8/p6R/k7/1p1K4/6r1/8/8 w - - 0 54,b5b4
28,EulerE,KevinYouhanna1,1327,1340,8/8/p7/k7/1p1K4/6r1/8/7R b - - 1 54,h6h1
28,EulerE,KevinYouhanna1,1327,1340,8/8/p7/8/kp1K4/6r1/8/7R w - - 2 55,a5a4
28,EulerE,KevinYouhanna1,1327,1340,8/8/p7/8/kpK5/6r1/8/7R b - - 3 55,d4c4
28,EulerE,KevinYouhanna1,1327,1340,8/8/8/p7/kpK5/6r1/8/7R w - - 0 56,a6a5
28,EulerE,KevinYouhanna1,1327,1340,8/8/8/p6R/kpK5/6r1/8/8 b - - 1 56,h1h5
28,EulerE,KevinYouhanna1,1327,1340,8/8/8/p6R/kpK5/2r5/8/8 w - - 2 57,g3c3
28,EulerE,KevinYouhanna1,1327,1340,8/8/8/p6R/kp1K4/2r5/8/8 b - - 3 57,c4d4
28,EulerE,KevinYouhanna1,1327,1340,8/8/8/p6R/kp1K4/8/8/2r5 w - - 4 58,c3c1
28,EulerE,KevinYouhanna1,1327,1340,8/8/8/p7/kp1K4/8/7R/2r5 b - - 5 58,h5h2
28,EulerE,KevinYouhanna1,1327,1340,8/8/8/p7/k2K4/1p6/7R/2r5 w - - 0 59,b4b3
28,EulerE,KevinYouhanna1,1327,1340,8/8/8/p7/k2K4/1p6/1R6/2r5 b - - 1 59,h2b2
28,EulerE,KevinYouhanna1,1327,1340,8/8/8/p7/3K4/kp6/1R6/2r5 w - - 2 60,a4a3
28,EulerE,KevinYouhanna1,1327,1340,8/8/8/p7/3K4/kp6/3R4/2r5 b - - 3 60,b2d2
28,EulerE,KevinYouhanna1,1327,1340,8/8/8/8/p2K4/kp6/3R4/2r5 w - - 0 61,a5a4
28,EulerE,KevinYouhanna1,1327,1340,8/8/8/8/p2K4/kp1R4/8/2r5 b - - 1 61,d2d3
28,EulerE,KevinYouhanna1,1327,1340,8/8/8/8/p2K4/1p1R4/k7/2r5 w - - 2 62,a3a2
28,EulerE,KevinYouhanna1,1327,1340,8/8/8/8/p2K4/1p6/k2R4/2r5 b - - 3 62,d3d2
28,EulerE,KevinYouhanna1,1327,1340,8/8/8/8/p2K4/8/kp1R4/2r5 w - - 0 63,b3b2
28,EulerE,KevinYouhanna1,1327,1340,8/8/8/8/p2K4/3R4/kp6/2r5 b - - 1 63,d2d3
28,EulerE,KevinYouhanna1,1327,1340,8/8/8/8/3K4/p2R4/kp6/2r5 w - - 0 64,a4a3
28,EulerE,KevinYouhanna1,1327,1340,8/8/8/8/3K4/p1R5/kp6/2r5 b - - 1 64,d3c3
29,JOJOFUIT,EulerE,1287,1334,rnbqkbnr/pppppppp/8/8/4P3/8/PPPP1PPP/RNBQKBNR b KQkq - 0 1,e2e4
29,JOJOFUIT,EulerE,1287,1334,rnbqkbnr/pppp1ppp/8/4p3/4P3/8/PPPP1PPP/RNBQKBNR w KQkq - 0 2,e7e5
29,JOJOFUIT,EulerE,1287,1334,rnbqkbnr/pppp1ppp/8/4p3/4P3/5N2/PPPP1PPP/RNBQKB1R b KQkq - 1 2,g1f3
29,JOJOFUIT,EulerE,1287,1334,r1bqkbnr/pppp1ppp/2n5/4p3/4P3/5N2/PPPP1PPP/RNBQKB1R w KQkq - 2 3,b8c6
29,JOJOFUIT,EulerE,1287,1334,r1bqkbnr/pppp1ppp/2n5/4p3/3PP3/5N2/PPP2PPP/RNBQKB1R b KQkq - 0 3,d2d4
29,JOJOFUIT,EulerE,1287,1334,r1bqkbnr/pppp1ppp/2n5/8/3pP3/5N2/PPP2PPP/RNBQKB1R w KQkq - 0 4,e5d4
29,JOJOFUIT,EulerE,1287,1334,r1bqkbnr/pppp1ppp/2n5/8/3NP3/8/PPP2PPP/RNBQKB1R b KQkq - 0 4,f3d4
29,JOJOFUIT,EulerE,1287,1334,r1bqk1nr/pppp1ppp/2n5/2b5/3NP3/8/PPP2PPP/RNBQKB1R w KQkq - 1 5,f8c5
29,JOJOFUIT,EulerE,1287,1334,r1bqk1nr/pppp1ppp/2N5/2b5/4P3/8/PPP2PPP/RNBQKB1R b KQkq - 0 5,d4c6
29,JOJOFUIT,EulerE,1287,1334,r1bqk1nr/p1pp1ppp/2p5/2b5/4P3/8/PPP2PPP/RNBQKB1R w KQkq - 0 6,b7c6
29,JOJOFUIT,EulerE,1287,1334,r1bqk1nr/p1pp1ppp/2p5/2b5/2B1P3/8/PPP2PPP/RNBQK2R b KQkq - 1 6,f1c4
29,JOJOFUIT,EulerE,1287,1334,r2qk1nr/pbpp1ppp/2p5/2b5/2B1P3/8/PPP2PPP/RNBQK2R w KQkq - 2 7,c8b7
29,JOJOFUIT,EulerE,1287,1334,r2qk1nr/pbpp1ppp/2p5/2b5/2B1P3/5Q2/PPP2PPP/RNB1K2R b KQkq - 3 7,d1f3
29,JOJOFUIT,EulerE,1287,1334,r3k1nr/pbppqppp/2p5/2b5/2B1P3/5Q2/PPP2PPP/RNB1K2R w KQkq - 4 8,d8e7
29,JOJOFUIT,EulerE,1287,1334,r3k1nr/pbppqppp/2p5/2b5/2B1P3/5Q2/PPP2PPP/RNB2RK1 b kq - 5 8,e1g1
29,JOJOFUIT,EulerE,1287,1334,r3k2r/pbppqppp/2p2n2/2b5/2B1P3/5Q2/PPP2PPP/RNB2RK1 w kq - 6 9,g8f6
29,JOJOFUIT,EulerE,1287,1334,r3k2r/pbppqppp/2p2n2/2b5/2B1P3/5Q2/PPP2PPP/RNB1R1K1 b kq - 7 9,f1e1
29,JOJOFUIT,EulerE,1287,1334,r3k2r/pbp1qppp/2pp1n2/2b5/2B1P3/5Q2/PPP2PPP/RNB1R1K1 w kq - 0 10,d7d6
29,JOJOFUIT,EulerE,1287,1334,r3k2r/pbp1qppp/2pp1n2/2b5/2B1P3/6Q1/PPP2PPP/RNB1R1K1 b kq - 1 10,f3g3
29,JOJOFUIT,EulerE,1287,1334,r3k2r/pbp1qppp/2pp4/2b5/2B1n3/6Q1/PPP2PPP/RNB1R1K1 w kq - 0 11,f6e4
29,JOJOFUIT,EulerE,1287,1334,r3k2r/pbp1qpQp/2pp4/2b5/2B1n3/8/PPP2PPP/RNB1R1K1 b kq - 0 11,g3g7
29,JOJOFUIT,EulerE,1287,1334,r3k2r/pbp1qpQp/2pp4/8/2B1n3/8/PPP2bPP/RNB1R1K1 w kq - 0 12,c5f2
29,JOJOFUIT,EulerE,1287,1334,r3k2r/pbp1qpQp/2pp4/8/2B1n3/8/PPP2bPP/RNB1R2K b kq - 1 12,g1h1
29,JOJOFUIT,EulerE,1287,1334,r3k2r/pbp1qpQp/2pp4/8/2B1n3/8/PPP3PP/RNB1b2K w kq - 0 13,f2e1
29,JOJOFUIT,EulerE,1287,1334,r3k2Q/pbp1qp1p/2pp4/8/2B1n3/8/PPP3PP/RNB1b2K b q - 0 13,g7h8
29,JOJOFUIT,EulerE,1287,1334,r6Q/pbpkqp1p/2pp4/8/2B1n3/8/PPP3PP/RNB1b2K w - - 1 14,e8d7
29,JOJOFUIT,EulerE,1287,1334,r7/pbpkqp1Q/2pp4/8/2B1n3/8/PPP3PP/RNB1b2K b - - 0 14,h8h7
29,JOJOFUIT,EulerE,1287,1334,r7/pbpk1p1Q/2pp1q2/8/2B1n3/8/PPP3PP/RNB1b2K w - - 1 15,e7f6
29,JOJOFUIT,EulerE,1287,1334,r7/pbpk1Q2/2pp1q2/8/2B1n3/8/PPP3PP/RNB1b2K b - - 0 15,h7f7
29,JOJOFUIT,EulerE,1287,1334,r7/pbpk1q2/2pp4/8/2B1n3/8/PPP3PP/RNB1b2K w - - 0 16,f6f7
29,JOJOFUIT,EulerE,1287,1334,r7/pbpk1B2/2pp4/8/4n3/8/PPP3PP/RNB1b2K b - - 0 16,c4f7
29,JOJOFUIT,EulerE,1287,1334,5r2/pbpk1B2/2pp4/8/4n3/8/PPP3PP/RNB1b2K w - - 1 17,a8f8
29,JOJOFUIT,EulerE,1287,1334,5r2/pbpk4/2pp4/8/2B1n3/8/PPP3PP/RNB1b2K b - - 2 17,f7c4
29,JOJOFUIT,EulerE,1287,1334,5r2/pbpk4/2p5/3p4/2B1n3/8/PPP3PP/RNB1b2K w - - 0 18,d6d5
29,JOJOFUIT,EulerE,1287,1334,5r2/pbpk4/2p5/3p4/4n3/3B4/PPP3PP/RNB1b2K b - - 1 18,c4d3
29,JOJOFUIT,EulerE,1287,1334,5r2/pbpk4/2p5/2np4/8/3B4/PPP3PP/RNB1b2K w - - 2 19,e4c5
29,JOJOFUIT,EulerE,1287,1334,5r2/pbpk4/2p5/2np4/8/3B3P/PPP3P1/RNB1b2K b - - 0 19,h2h3
29,JOJOFUIT,EulerE,1287,1334,5r2/pbpk4/2p5/3p4/8/3n3P/PPP3P1/RNB1b2K w - - 0 20,c5d3
29,JOJOFUIT,EulerE,1287,1334,5r2/pbpk4/2p5/3p4/8/3P3P/PP4P1/RNB1b2K b - - 0 20,c2d3
29,JOJOFUIT,EulerE,1287,1334,5r2/pbpk4/2p5/3p4/8/3P2bP/PP4P1/RNB4K w - - 1 21,e1g3
29,JOJOFUIT,EulerE,1287,1334,5r2/pbpk4/2p5/3p4/8/3P2bP/PP4P1/RNB3K1 b - - 2 21,h1g1
29,JOJOFUIT,EulerE,1287,1334,5r2/p1pk4/b1p5/3p4/8/3P2bP/PP4P1/RNB3K1 w - - 3 22,b7a6
29,JOJOFUIT,EulerE,1287,1334,5r2/p1pk4/b1p5/3p4/8/3P2bP/PP1N2P1/R1B3K1 b - - 4 22,b1d2
29,JOJOFUIT,EulerE,1287,1334,5r2/p1pk4/2p5/3p4/8/3b2bP/PP1N2P1/R1B3K1 w - - 0 23,a6d3
29,JOJOFUIT,EulerE,1287,1334,5r2/p1pk4/2p5/3p4/8/3b1NbP/PP4P1/R1B3K1 b - - 1 23,d2f3
29,JOJOFUIT,EulerE,1287,1334,5r2/p1pk4/2p5/3p4/8/5NbP/PP2b1P1/R1B3K1 w - - 2 24,d3e2
29,JOJOFUIT,EulerE,1287,1334,5r2/p1pk4/2p5/3p4/8/6bP/PP1Nb1P1/R1B3K1 b - - 3 24,f3d2
29,JOJOFUIT,EulerE,1287,1334,5r2/p1pk4/2p5/3pb3/8/7P/PP1Nb1P1/R1B3K1 w - - 4 25,g3e5
29,JOJOFUIT,EulerE,1287,1334,5r2/p1pk4/2p5/3pb3/P7/7P/1P1Nb1P1/R1B3K1 b - - 0 25,a2a4
29,JOJOFUIT,EulerE,1287,1334,5r2/p1pk4/2p5/3p4/P2b4/7P/1P1Nb1P1/R1B3K1 w - - 1 26,e5d4
29,JOJOFUIT,EulerE,1287,1334,5r2/p1pk4/2p5/3p4/P2b4/7P/1P1Nb1PK/R1B5 b - - 2 26,g1h2
29,JOJOFUIT,EulerE,1287,1334,8/p1pk4/2p5/3p4/P2b4/7P/1P1NbrPK/R1B5 w - - 3 27,f8f2
29,JOJOFUIT,EulerE,1287,1334,8/p1pk4/2p5/3p4/P2b4/1N5P/1P2brPK/R1B5 b - - 4 27,d2b3
29,JOJOFUIT,EulerE,1287,1334,8/p1pk4/2p5/3pb3/P7/1N5P/1P2brPK/R1B5 w - - 5 28,d4e5
29,JOJOFUIT,EulerE,1287,1334,8/p1pk4/2p5/3pb3/P7/1N5P/1P2brP1/R1B3K1 b - - 6 28,h2g1
29,JOJOFUIT,EulerE,1287,1334,8/p1pk4/2p5/3pb3/P7/1N5P/1P2b1P1/R1B2rK1 w - - 7 29,f2f1
30,ATOPS8693,EulerE,1300,1341,rnbqkbnr/pppppppp/8/8/4P3/8/PPPP1PPP/RNBQKBNR b KQkq - 0 1,e2e4
30,ATOPS8693,EulerE,1300,1341,rnbqkbnr/pppp1ppp/8/4p3/4P3/8/PPPP1PPP/RNBQKBNR w KQkq - 0 2,e7e5
30,ATOPS8693,EulerE,1300,1341,rnbqkbnr/pppp1ppp/8/4p3/3PP3/8/PPP2PPP/RNBQKBNR b KQkq - 0 2,d2d4
30,ATOPS8693,EulerE,1300,1341,rnbqkbnr/pppp1ppp/8/8/3pP3/8/PPP2PPP/RNBQKBNR w KQkq - 0 3,e5d4
30,ATOPS8693,EulerE,1300,1341,rnbqkbnr/pppp1ppp/8/8/3pP3/2P5/PP3PPP/RNBQKBNR b KQkq - 0 3,c2c3
30,ATOPS8693,EulerE,1300,1341,rnbqkbnr/pppp1ppp/8/8/4P3/2p5/PP3PPP/RNBQKBNR w KQkq - 0 4,d4c3
30,ATOPS8693,EulerE,1300,1341,rnbqkbnr/pppp1ppp/8/8/2B1P3/2p5/PP3PPP/RNBQK1NR b KQkq - 1 4,f1c4
30,ATOPS8693,EulerE,1300,1341,r1bqkbnr/pppp1ppp/2n5/8/2B1P3/2p5/PP3PPP/RNBQK1NR w KQkq - 2 5,b8c6
30,ATOPS8693,EulerE,1300,1341,r1bqkbnr/pppp1ppp/2n5/8/2B1P3/2N5/PP3PPP/R1BQK1NR b KQkq - 0 5,b1c3
30,ATOPS8693,EulerE,1300,1341,r1bqk1nr/pppp1ppp/2n5/2b5/2B1P3/2N5/PP3PPP/R1BQK1NR w KQkq - 1 6,f8c5
30,ATOPS8693,EulerE,1300,1341,r1bqk1nr/pppp1Bpp/2n5/2b5/4P3/2N5/PP3PPP/R1BQK1NR b KQkq - 0 6,c4f7
30,ATOPS8693,EulerE,1300,1341,r1bq2nr/pppp1kpp/2n5/2b5/4P3/2N5/PP3PPP/R1BQK1NR w KQ - 0 7,e8f7
30,ATOPS8693,EulerE,1300,1341,r1bq2nr/pppp1kpp/2n5/2bQ4/4P3/2N5/PP3PPP/R1B1K1NR b KQ - 1 7,d1d5
30,ATOPS8693,EulerE,1300,1341,r1bqk1nr/pppp2pp/2n5/2bQ4/4P3/2N5/PP3PPP/R1B1K1NR w KQ - 2 8,f7e8
30,ATOPS8693,EulerE,1300,1341,r1bqk1nr/pppp2pp/2n5/2Q5/4P3/2N5/PP3PPP/R1B1K1NR b KQ - 0 8,d5c5
30,ATOPS8693,EulerE,1300,1341,r1b1k1nr/ppppq1pp/2n5/2Q5/4P3/2N5/PP3PPP/R1B1K1NR w KQ - 1 9,d8e7
30,ATOPS8693,EulerE,1300,1341,r1b1k1nr/ppppq1pp/2n5/7Q/4P3/2N5/PP3PPP/R1B1K1NR b KQ - 2 9,c5h5
30,ATOPS8693,EulerE,1300,1341,r1b1k1nr/ppppq2p/2n3p1/7Q/4P3/2N5/PP3PPP/R1B1K1NR w KQ - 0 10,g7g6
30,ATOPS8693,EulerE,1300,1341,r1b1k1nr/ppppq2p/2n3p1/8/4P3/2N2Q2/PP3PPP/R1B1K1NR b KQ - 1 10,h5f3
30,ATOPS8693,EulerE,1300,1341,r1b1k2r/ppppq2p/2n2np1/8/4P3/2N2Q2/PP3PPP/R1B1K1NR w KQ - 2 11,g8f6
30,ATOPS8693,EulerE,1300,1341,r1b1k2r/ppppq2p/2n2np1/8/4P3/2N2Q1N/PP3PPP/R1B1K2R b KQ - 3 11,g1h3
30,ATOPS8693,EulerE,1300,1341,r1b1kr2/ppppq2p/2n2np1/8/4P3/2N2Q1N/PP3PPP/R1B1K2R w KQ - 4 12,h8f8
30,ATOPS8693,EulerE,1300,1341,r1b1kr2/ppppq2p/2n2npB/8/4P3/2N2Q1N/PP3PPP/R3K2R b KQ - 5 12,c1h6
30,ATOPS8693,EulerE,1300,1341,r1b1kr2/ppppq2p/5npB/8/3nP3/2N2Q1N/PP3PPP/R3K2R w KQ - 6 13,c6d4
30,ATOPS8693,EulerE,1300,1341,r1b1kr2/ppppq2p/5npB/8/3nP3/2NQ3N/PP3PPP/R3K2R b KQ - 7 13,f3d3
30,ATOPS8693,EulerE,1300,1341,r1b1kr2/ppp1q2p/5npB/3p4/3nP3/2NQ3N/PP3PPP/R3K2R w KQ - 0 14,d7d5
30,ATOPS8693,EulerE,1300,1341,r1b1kr2/ppp1q2p/5npB/3p4/3nP3/2NQ3N/PP3PPP/R4RK1 b - - 1 14,e1g1
30,ATOPS8693,EulerE,1300,1341,r3kr2/ppp1q2p/5npB/3p4/3nP3/2NQ3b/PP3PPP/R4RK1 w - - 0 15,c8h3
30,ATOPS8693,EulerE,1300,1341,r3kB2/ppp1q2p/5np1/3p4/3nP3/2NQ3b/PP3PPP/R4RK1 b - - 0 15,h6f8
30,ATOPS8693,EulerE,1300,1341,r3kq2/ppp4p/5np1/3p4/3nP3/2NQ3b/PP3PPP/R4RK1 w - - 0 16,e7f8
30,ATOPS8693,EulerE,1300,1341,r3kq2/ppp4p/5np1/3p4/3QP3/2N4b/PP3PPP/R4RK1 b - - 0 16,d3d4
30,ATOPS8693,EulerE,1300,1341,r3kq2/pppb3p/5np1/3p4/3QP3/2N5/PP3PPP/R4RK1 w - - 1 17,h3d7
30,ATOPS8693,EulerE,1300,1341,r3kq2/pppb3p/5np1/3N4/3QP3/8/PP3PPP/R4RK1 b - - 0 17,c3d5
30,ATOPS8693,EulerE,1300,1341,r3kq2/pppb3p/6p1/3n4/3QP3/8/PP3PPP/R4RK1 w - - 0 18,f6d5
30,ATOPS8693,EulerE,1300,1341,r3kq2/pppb3p/6p1/3P4/3Q4/8/PP3PPP/R4RK1 b - - 0 18,e4d5
30,ATOPS8693,EulerE,1300,1341,r3k3/pppb3p/6p1/3P1q2/3Q4/8/PP3PPP/R4RK1 w - - 1 19,f8f5
30,ATOPS8693,EulerE,1300,1341,r3k3/pppb3p/6p1/3P1q2/3Q4/8/PP3PPP/R3R1K1 b - - 2 19,f1e1
30,ATOPS8693,EulerE,1300,1341,r7/pppb1k1p/6p1/3P1q2/3Q4/8/PP3PPP/R3R1K1 w - - 3 20,e8f7
30,ATOPS8693,EulerE,1300,1341,r7/pppb1k1p/3P2p1/5q2/3Q4/8/PP3PPP/R3R1K1 b - - 0 20,d5d6
30,ATOPS8693,EulerE,1300,1341,r7/pp1b1k1p/3p2p1/5q2/3Q4/8/PP3PPP/R3R1K1 w - - 0 21,c7d6
30,ATOPS8693,EulerE,1300,1341,r7/pp1b1k1p/3Q2p1/5q2/8/8/PP3PPP/R3R1K1 b - - 0 21,d4d6
30,ATOPS8693,EulerE,1300,1341,r7/pp3k1p/2bQ2p1/5q2/8/8/PP3PPP/R3R1K1 w - - 1 22,d7c6
30,ATOPS8693,EulerE,1300,1341,r7/pp2Rk1p/2bQ2p1/5q2/8/8/PP3PPP/R5K1 b - - 2 22,e1e7
30,ATOPS8693,EulerE,1300,1341,r5k1/pp2R2p/2bQ2p1/5q2/8/8/PP3PPP/R5K1 w - - 3 23,f7g8
30,ATOPS8693,EulerE,1300,1341,r5k1/pp2R2p/2b1Q1p1/5q2/8/8/PP3PPP/R5K1 b - - 4 23,d6e6
30,ATOPS8693,EulerE,1300,1341,r5k1/pp2R2p/2b1q1p1/8/8/8/PP3PPP/R5K1 w - - 0 24,f5e6
30,ATOPS8693,EulerE,1300,1341,r5k1/pp5p/2b1R1p1/8/8/8/PP3PPP/R5K1 b - - 0 24,e7e6
30,ATOPS8693,EulerE,1300,1341,3r2k1/pp5p/2b1R1p1/8/8/8/PP3PPP/R5K1 w - - 1 25,a8d8
30,ATOPS8693,EulerE,1300,1341,3r2k1/pp5p/2b1R1p1/8/7P/8/PP3PP1/R5K1 b - - 0 25,h2h4
30,ATOPS8693,EulerE,1300,1341,6k1/pp5p/2b1R1p1/8/7P/8/PP1r1PP1/R5K1 w - - 1 26,d8d2
30,ATOPS8693,EulerE,1300,1341,6k1/pp5p/2b1R1p1/8/1P5P/8/P2r1PP1/R5K1 b - - 0 26,b2b4
30,ATOPS8693,EulerE,1300,1341,8/pp3k1p/2b1R1p1/8/1P5P/8/P2r1PP1/R5K1 w - - 1 27,g8f7
30,ATOPS8693,EulerE,1300,1341,8/pp3k1p/2b3p1/8/1P5P/4R3/P2r1PP1/R5K1 b - - 2 27,e6e3
30,ATOPS8693,EulerE,1300,1341,8/pp3k1p/6p1/3b4/1P5P/4R3/P2r1PP1/R5K1 w - - 3 28,c6d5
30,ATOPS8693,EulerE,1300,1341,8/pp3k1p/6p1/3b4/1P5P/4R3/P2r1PP1/4R1K1 b - - 4 28,a1e1
30,ATOPS8693,EulerE,1300,1341,8/pp3k1p/6p1/3b4/1P5P/4R3/r4PP1/4R1K1 w - - 0 29,d2a2
30,ATOPS8693,EulerE,1300,1341,8/pp2Rk1p/6p1/3b4/1P5P/8/r4PP1/4R1K1 b - - 1 29,e3e7
30,ATOPS8693,EulerE,1300,1341,6k1/pp2R2p/6p1/3b4/1P5P/8/r4PP1/4R1K1 w - - 2 30,f7g8
30,ATOPS8693,EulerE,1300,1341,4R1k1/pp5p/6p1/3b4/1P5P/8/r4PP1/4R1K1 b - - 3 30,e7e8
30,ATOPS8693,EulerE,1300,1341,4R3/pp4kp/6p1/3b4/1P5P/8/r4PP1/4R1K1 w - - 4 31,g8g7
30,ATOPS8693,EulerE,1300,1341,4R3/pp2R1kp/6p1/3b4/1P5P/8/r4PP1/6K1 b - - 5 31,e1e7
30,ATOPS8693,EulerE,1300,1341,4R3/pp2R2p/6pk/3b4/1P5P/8/r4PP1/6K1 w - - 6 32,g7h6
30,ATOPS8693,EulerE,1300,1341,4R3/pp2R2p/6pk/3b4/1P5P/6P1/r4P2/6K1 b - - 0 32,g2g3
30,ATOPS8693,EulerE,1300,1341,4R3/pp2R2p/6pk/3b4/1P5P/6P1/1r3P2/6K1 w - - 1 33,a2b2
30,ATOPS8693,EulerE,1300,1341,7R/pp2R2p/6pk/3b4/1P5P/6P1/1r3P2/6K1 b - - 2 33,e8h8
30,ATOPS8693,EulerE,1300,1341,7R/pp2R2p/6p1/3b3k/1P5P/6P1/1r3P2/6K1 w - - 3 34,h6h5
30,ATOPS8693,EulerE,1300,1341,8/pp2R2R/6p1/3b3k/1P5P/6P1/1r3P2/6K1 b - - 0 34,h8h7
30,ATOPS8693,EulerE,1300,1341,8/pp2R2R/6p1/3b4/1P4kP/6P1/1r3P2/6K1 w - - 1 35,h5g4
30,ATOPS8693,EulerE,1300,1341,8/pp5R/6p1/3bR3/1P4kP/6P1/1r3P2/6K1 b - - 2 35,e7e5
30,ATOPS8693,EulerE,1300,1341,8/pp5R/6p1/3bR3/1P4kP/6P1/5P2/1r4K1 w - - 3 36,b2b1
30,ATOPS8693,EulerE,1300,1341,8/pp5R/6p1/3bR3/1P4kP/6P1/5P1K/1r6 b - - 4 36,g1h2
30,ATOPS8693,EulerE,1300,1341,8/pp5R/6p1/3bR3/1P4kP/6P1/5P1K/7r w - - 5 37,b1h1
31,CZ17,EulerE,1412,1351,rnbqkbnr/pppppppp/8/8/3P4/8/PPP1PPPP/RNBQKBNR b KQkq - 0 1,d2d4
31,CZ17,EulerE,1412,1351,rnbqkbnr/ppp1pppp/8/3p4/3P4/8/PPP1PPPP/RNBQKBNR w KQkq - 0 2,d7d5
31,CZ17,EulerE,1412,1351,rnbqkbnr/ppp1pppp/8/3p4/2PP4/8/PP2PPPP/RNBQKBNR b KQkq - 0 2,c2c4
31,CZ17,EulerE,1412,1351,rnbqkbnr/ppp2ppp/4p3/3p4/2PP4/8/PP2PPPP/RNBQKBNR w KQkq - 0 3,e7e6
31,CZ17,EulerE,1412,1351,rnbqkbnr/ppp2ppp/4p3/3p4/2PP4/2N5/PP2PPPP/R1BQKBNR b KQkq - 1 3,b1c3
31,CZ17,EulerE,1412,1351,rnbqkb1r/ppp2ppp/4pn2/3p4/2PP4/2N5/PP2PPPP/R1BQKBNR w KQkq - 2 4,g8f6
31,CZ17,EulerE,1412,1351,rnbqkb1r/ppp2ppp/4pn2/3p2B1/2PP4/2N5/PP2PPPP/R2QKBNR b KQkq - 3 4,c1g5
31,CZ17,EulerE,1412,1351,rnbqkb1r/ppp2p1p/4pnp1/3p2B1/2PP4/2N5/PP2PPPP/R2QKBNR w KQkq - 0 5,g7g6
31,CZ17,EulerE,1412,1351,rnbqkb1r/ppp2p1p/4pnp1/3P2B1/3P4/2N5/PP2PPPP/R2QKBNR b KQkq - 0 5,c4d5
31,CZ17,EulerE,1412,1351,rnbqkb1r/ppp2p1p/5np1/3p2B1/3P4/2N5/PP2PPPP/R2QKBNR w KQkq - 0 6,e6d5
31,CZ17,EulerE,1412,1351,rnbqkb1r/ppp2p1p/5np1/3p2B1/3PP3/2N5/PP3PPP/R2QKBNR b KQkq - 0 6,e2e4
31,CZ17,EulerE,1412,1351,rnbqkb1r/ppp2p1p/5np1/6B1/3Pp3/2N5/PP3PPP/R2QKBNR w KQkq - 0 7,d5e4
31,CZ17,EulerE,1412,1351,rnbqkb1r/ppp2p1p/5np1/6B1/3PN3/8/PP3PPP/R2QKBNR b KQkq - 0 7,c3e4
31,CZ17,EulerE,1412,1351,rnbqk2r/ppp2pbp/5np1/6B1/3PN3/8/PP3PPP/R2QKBNR w KQkq - 1 8,f8g7
31,CZ17,EulerE,1412,1351,rnbqk2r/ppp2pbp/5np1/6B1/3PN3/5Q2/PP3PPP/R3KBNR b KQkq - 2 8,d1f3
31,CZ17,EulerE,1412,1351,rn1qk2r/ppp2pbp/5np1/5bB1/3PN3/5Q2/PP3PPP/R3KBNR w KQkq - 3 9,c8f5
31,CZ17,EulerE,1412,1351,rn1qk2r/ppp2pbp/5Np1/5bB1/3P4/5Q2/PP3PPP/R3KBNR b KQkq - 0 9,e4f6
31,CZ17,EulerE,1412,1351,rn1qk2r/ppp2p1p/5bp1/5bB1/3P4/5Q2/PP3PPP/R3KBNR w KQkq - 0 10,g7f6
31,CZ17,EulerE,1412,1351,rn1qk2r/ppp2p1p/5Bp1/5b2/3P4/5Q2/PP3PPP/R3KBNR b KQkq - 0 10,g5f6
31,CZ17,EulerE,1412,1351,rn2k2r/ppp2p1p/5qp1/5b2/3P4/5Q2/PP3PPP/R3KBNR w KQkq - 0 11,d8f6
31,CZ17,EulerE,1412,1351,rn2k2r/ppp2p1p/5qp1/5b2/3P4/5Q2/PP2NPPP/R3KB1R b KQkq - 1 11,g1e2
31,CZ17,EulerE,1412,1351,rn3rk1/ppp2p1p/5qp1/5b2/3P4/5Q2/PP2NPPP/R3KB1R w KQ - 2 12,e8g8
31,CZ17,EulerE,1412,1351,rn3rk1/pQp2p1p/5qp1/5b2/3P4/8/PP2NPPP/R3KB1R b KQ - 0 12,f3b7
31,CZ17,EulerE,1412,1351,r4rk1/pQp2p1p/2n2qp1/5b2/3P4/8/PP2NPPP/R3KB1R w KQ - 1 13,b8c6
31,CZ17,EulerE,1412,1351,r4rk1/p1Q2p1p/2n2qp1/5b2/3P4/8/PP2NPPP/R3KB1R b KQ - 0 13,b7c7
31,CZ17,EulerE,1412,1351,r3r1k1/p1Q2p1p/2n2qp1/5b2/3P4/8/PP2NPPP/R3KB1R w KQ - 1 14,f8e8
31,CZ17,EulerE,1412,1351,r3r1k1/p1Q2p1p/2n2qp1/5b2/3P4/8/PP2NPPP/2KR1B1R b - - 2 14,e1c1
31,CZ17,EulerE,1412,1351,2r1r1k1/p1Q2p1p/2n2qp1/5b2/3P4/8/PP2NPPP/2KR1B1R w - - 3 15,a8c8
31,CZ17,EulerE,1412,1351,2r1r1k1/p4p1p/2n2qp1/5b2/3P1Q2/8/PP2NPPP/2KR1B1R b - - 4 15,c7f4
31,CZ17,EulerE,1412,1351,2r1r1k1/p4p1p/5qp1/5b2/3n1Q2/8/PP2NPPP/2KR1B1R w - - 0 16,c6d4
31,CZ17,EulerE,1412,1351,2r1r1k1/p4p1p/5qp1/5b2/3n1Q2/2N5/PP3PPP/2KR1B1R b - - 1 16,e2c3
31,CZ17,EulerE,1412,1351,2r1r1k1/p4p1p/5qp1/5b2/5Q2/2N5/PP2nPPP/2KR1B1R w - - 2 17,d4e2
31,CZ17,EulerE,1412,1351,2r1r1k1/p4p1p/5qp1/5b2/5Q2/2N5/PP2BPPP/2KR3R b - - 0 17,f1e2
31,CZ17,EulerE,1412,1351,2r3k1/p4p1p/5qp1/5b2/5Q2/2N5/PP2rPPP/2KR3R w - - 0 18,e8e2
31,CZ17,EulerE,1412,1351,2r3k1/p4p1p/5qp1/5b2/5Q2/2N5/PP1RrPPP/2K4R b - - 1 18,d1d2
31,CZ17,EulerE,1412,1351,2r3k1/p4p1p/5qp1/5b2/5Q2/2N5/PP1r1PPP/2K4R w - - 0 19,e2d2
31,CZ17,EulerE,1412,1351,2r3k1/p4p1p/5qp1/5b2/8/2N5/PP1Q1PPP/2K4R b - - 0 19,f4d2
31,CZ17,EulerE,1412,1351,2r3k1/p4p1p/q5p1/5b2/8/2N5/PP1Q1PPP/2K4R w - - 1 20,f6a6
31,CZ17,EulerE,1412,1351,2r3k1/p4p1p/q5p1/5b2/8/1PN5/P2Q1PPP/2K4R b - - 0 20,b2b3
31,CZ17,EulerE,1412,1351,2r3k1/p4p1p/2q3p1/5b2/8/1PN5/P2Q1PPP/2K4R w - - 1 21,a6c6
31,CZ17,EulerE,1412,1351,2r3k1/p4p1p/2q3p1/5b2/8/1PN5/PK1Q1PPP/7R b - - 2 21,c1b2
31,CZ17,EulerE,1412,1351,2r3k1/p4p1p/6p1/5b2/8/1PN5/PK1Q1PqP/7R w - - 0 22,c6g2
31,CZ17,EulerE,1412,1351,2r3k1/p4p1p/6p1/5b2/8/1PN5/PK1Q1PqP/3R4 b - - 1 22,h1d1
31,CZ17,EulerE,1412,1351,2r3k1/p4p1p/6p1/5b2/8/1PN5/PK1Q1P1q/3R4 w - - 0 23,g2h2
31,CZ17,EulerE,1412,1351,2r3k1/p4p1p/6p1/5b2/8/1PN1Q3/PK3P1q/3R4 b - - 1 23,d2e3
31,CZ17,EulerE,1412,1351,2r3k1/p1q2p1p/6p1/5b2/8/1PN1Q3/PK3P2/3R4 w - - 2 24,h2c7
31,CZ17,EulerE,1412,1351,2r3k1/p1q2p1p/6p1/5b2/8/1PN1Q3/PK3P2/2R5 b - - 3 24,d1c1
31,CZ17,EulerE,1412,1351,2r2k2/p1q2p1p/6p1/5b2/8/1PN1Q3/PK3P2/2R5 w - - 4 25,g8f8
31,CZ17,EulerE,1412,1351,2r2k2/p1q2p1p/6p1/3N1b2/8/1P2Q3/PK3P2/2R5 b - - 5 25,c3d5
31,CZ17,EulerE,1412,1351,2r2k2/p4p1p/6p1/3N1b2/8/1P2Q3/PK3P2/2q5 w - - 0 26,c7c1
31,CZ17,EulerE,1412,1351,2r2k2/p4p1p/6p1/3N1b2/8/1P6/PK3P2/2Q5 b - - 0 26,e3c1
31,CZ17,EulerE,1412,1351,5k2/p4p1p/6p1/3N1b2/8/1P6/PK3P2/2r5 w - - 0 27,c8c1
31,CZ17,EulerE,1412,1351,5k2/p4p1p/6p1/3N1b2/8/1P6/P4P2/2K5 b - - 0 27,b2c1
31,CZ17,EulerE,1412,1351,5k2/p4p2/6p1/3N1b1p/8/1P6/P4P2/2K5 w - - 0 28,h7h5
31,CZ17,EulerE,1412,1351,5k2/p4p2/6p1/3N1b1p/P7/1P6/5P2/2K5 b - - 0 28,a2a4
31,CZ17,EulerE,1412,1351,5k2/p4p2/6p1/3N1b2/P6p/1P6/5P2/2K5 w - - 0 29,h5h4
31,CZ17,EulerE,1412,1351,5k2/p4p2/6p1/5b2/P6p/1P2N3/5P2/2K5 b - - 1 29,d5e3
31,CZ17,EulerE,1412,1351,5k2/p4p2/6p1/5b2/P7/1P2N2p/5P2/2K5 w - - 0 30,h4h3
31,CZ17,EulerE,1412,1351,5k2/p4p2/6p1/5b2/P7/1P5p/5P2/2K2N2 b - - 1 30,e3f1
31,CZ17,EulerE,1412,1351,5k2/p4p2/6p1/8/P7/1P1b3p/5P2/2K2N2 w - - 2 31,f5d3
31,CZ17,EulerE,1412,1351,5k2/p4p2/6p1/8/P7/1P1b2Np/5P2/2K5 b - - 3 31,f1g3
31,CZ17,EulerE,1412,1351,5k2/p4p2/6p1/8/P7/1P1b2N1/5P1p/2K5 w - - 0 32,h3h2
31,CZ17,EulerE,1412,1351,5k2/p4p2/6p1/8/P7/1P1b2N1/3K1P1p/8 b - - 1 32,c1d2
31,CZ17,EulerE,1412,1351,5k2/p4p2/6p1/8/P3b3/1P4N1/3K1P1p/8 w - - 2 33,d3e4
31,CZ17,EulerE,1412,1351,5k2/p4p2/6p1/8/P3b3/1P2K1N1/5P1p/8 b - - 3 33,d2e3
31,CZ17,EulerE,1412,1351,5k2/p4p2/6p1/8/P3b3/1P2K1N1/5P2/7q w - - 0 34,h2h1q
31,CZ17,EulerE,1412,1351,5k2/p4p2/6p1/8/P3b3/1P2K3/5P2/7N b - - 0 34,g3h1
31,CZ17,EulerE,1412,1351,5k2/p4p2/6p1/8/P7/1P2K3/5P2/7b w - - 0 35,e4h1
32,EulerE,idontknow806,1342,1317,rnbqkbnr/pppppppp/8/8/3P4/8/PPP1PPPP/RNBQKBNR b KQkq - 0 1,d2d4
32,EulerE,idontknow806,1342,1317,rnbqkbnr/pppppp1p/6p1/8/3P4/8/PPP1PPPP/RNBQKBNR w KQkq - 0 2,g7g6
32,EulerE,idontknow806,1342,1317,rnbqkbnr/pppppp1p/6p1/8/2PP4/8/PP2PPPP/RNBQKBNR b KQkq - 0 2,c2c4
32,EulerE,idontknow806,1342,1317,rnbqk1nr/ppppppbp/6p1/8/2PP4/8/PP2PPPP/RNBQKBNR w KQkq - 1 3,f8g7
32,EulerE,idontknow806,1342,1317,rnbqk1nr/ppppppbp/6p1/8/2PP4/5N2/PP2PPPP/RNBQKB1R b KQkq - 2 3,g1f3
32,EulerE,idontknow806,1342,1317,rnbqk1nr/pppp1pbp/4p1p1/8/2PP4/5N2/PP2PPPP/RNBQKB1R w KQkq - 0 4,e7e6
32,EulerE,idontknow806,1342,1317,rnbqk1nr/pppp1pbp/4p1p1/8/2PP4/5NP1/PP2PP1P/RNBQKB1R b KQkq - 0 4,g2g3
32,EulerE,idontknow806,1342,1317,rnbqk2r/ppppnpbp/4p1p1/8/2PP4/5NP1/PP2PP1P/RNBQKB1R w KQkq - 1 5,g8e7
32,EulerE,idontknow806,1342,1317,rnbqk2r/ppppnpbp/4p1p1/8/2PP4/5NP1/PP2PPBP/RNBQK2R b KQkq - 2 5,f1g2
32,EulerE,idontknow806,1342,1317,rnbq1rk1/ppppnpbp/4p1p1/8/2PP4/5NP1/PP2PPBP/RNBQK2R w KQ - 3 6,e8g8
32,EulerE,idontknow806,1342,1317,rnbq1rk1/ppppnpbp/4p1p1/8/2PP4/5NP1/PP2PPBP/RNBQ1RK1 b - - 4 6,e1g1
32,EulerE,idontknow806,1342,1317,rnbq1rk1/ppp1npbp/4p1p1/3p4/2PP4/5NP1/PP2PPBP/RNBQ1RK1 w - - 0 7,d7d5
32,EulerE,idontknow806,1342,1317,rnbq1rk1/ppp1npbp/4p1p1/3p4/2PP4/5NP1/PP2PPBP/RNBQR1K1 b - - 1 7,f1e1
32,EulerE,idontknow806,1342,1317,rnbq1rk1/ppp1npbp/4p1p1/8/2pP4/5NP1/PP2PPBP/RNBQR1K1 w - - 0 8,d5c4
32,EulerE,idontknow806,1342,1317,rnbq1rk1/ppp1npbp/4p1p1/8/2pPP3/5NP1/PP3PBP/RNBQR1K1 b - - 0 8,e2e4
32,EulerE,idontknow806,1342,1317,rnbq1rk1/p1p1npbp/1p2p1p1/8/2pPP3/5NP1/PP3PBP/RNBQR1K1 w - - 0 9,b7b6
32,EulerE,idontknow806,1342,1317,rnbq1rk1/p1p1npbp/1p2p1p1/8/2pPP3/2N2NP1/PP3PBP/R1BQR1K1 b - - 1 9,b1c3
32,EulerE,idontknow806,1342,1317,rn1q1rk1/pbp1npbp/1p2p1p1/8/2pPP3/2N2NP1/PP3PBP/R1BQR1K1 w - - 2 10,c8b7
32,EulerE,idontknow806,1342,1317,rn1q1rk1/pbp1npbp/1p2p1p1/6B1/2pPP3/2N2NP1/PP3PBP/R2QR1K1 b - - 3 10,c1g5
32,EulerE,idontknow806,1342,1317,rn1q1rk1/pbp1npb1/1p2p1pp/6B1/2pPP3/2N2NP1/PP3PBP/R2QR1K1 w - - 0 11,h7h6
32,EulerE,idontknow806,1342,1317,rn1q1rk1/pbp1Bpb1/1p2p1pp/8/2pPP3/2N2NP1/PP3PBP/R2QR1K1 b - - 0 11,g5e7
32,EulerE,idontknow806,1342,1317,rn3rk1/pbp1qpb1/1p2p1pp/8/2pPP3/2N2NP1/PP3PBP/R2QR1K1 w - - 0 12,d8e7
32,EulerE,idontknow806,1342,1317,rn3rk1/pbp1qpb1/1p2p1pp/3P4/2p1P3/2N2NP1/PP3PBP/R2QR1K1 b - - 0 12,d4d5
32,EulerE,idontknow806,1342,1317,rn3rk1/pbp1qp2/1p2p1pp/3P4/2p1P3/2b2NP1/PP3PBP/R2QR1K1 w - - 0 13,g7c3
32,EulerE,idontknow806,1342,1317,rn3rk1/pbp1qp2/1p2p1pp/3P4/2p1P3/2P2NP1/P4PBP/R2QR1K1 b - - 0 13,b2c3
32,EulerE,idontknow806,1342,1317,r4rk1/pbpnqp2/1p2p1pp/3P4/2p1P3/2P2NP1/P4PBP/R2QR1K1 w - - 1 14,b8d7
32,EulerE,idontknow806,1342,1317,r4rk1/pbpnqp2/1p2p1pp/3PN3/2p1P3/2P3P1/P4PBP/R2QR1K1 b - - 2 14,f3e5
33,Hutchkey23,EulerE,1349,1334,rnbqkbnr/pppppppp/8/8/4P3/8/PPPP1PPP/RNBQKBNR b KQkq - 0 1,e2e4
33,Hutchkey23,EulerE,1349,1334,rnbqkbnr/pppp1ppp/8/4p3/4P3/8/PPPP1PPP/RNBQKBNR w KQkq - 0 2,e7e5
33,Hutchkey23,EulerE,1349,1334,rnbqkbnr/pppp1ppp/8/4p3/4P3/5N2/PPPP1PPP/RNBQKB1R b KQkq - 1 2,g1f3
33,Hutchkey23,EulerE,1349,1334,r1bqkbnr/pppp1ppp/2n5/4p3/4P3/5N2/PPPP1PPP/RNBQKB1R w KQkq - 2 3,b8c6
33,Hutchkey23,EulerE,1349,1334,r1bqkbnr/pppp1ppp/2n5/4p3/2B1P3/5N2/PPPP1PPP/RNBQK2R b KQkq - 3 3,f1c4
33,Hutchkey23,EulerE,1349,1334,r1bqk1nr/pppp1ppp/2n5/2b1p3/2B1P3/5N2/PPPP1PPP/RNBQK2R w KQkq - 4 4,f8c5
33,Hutchkey23,EulerE,1349,1334,r1bqk1nr/pppp1ppp/2n5/2b1p3/2B1P3/5N2/PPPP1PPP/RNBQ1RK1 b kq - 5 4,e1g1
33,Hutchkey23,EulerE,1349,1334,r1bqk2r/pppp1ppp/2n2n2/2b1p3/2B1P3/5N2/PPPP1PPP/RNBQ1RK1 w kq - 6 5,g8f6
33,Hutchkey23,EulerE,1349,1334,r1bqk2r/pppp1ppp/2n2n2/2b1p3/2B1P3/2N2N2/PPPP1PPP/R1BQ1RK1 b kq - 7 5,b1c3
33,Hutchkey23,EulerE,1349,1334,r1bq1rk1/pppp1ppp/2n2n2/2b1p3/2B1P3/2N2N2/PPPP1PPP/R1BQ1RK1 w - - 8 6,e8g8
33,Hutchkey23,EulerE,1349,1334,r1bq1rk1/pppp1ppp/2n2n2/2b1p3/2B1P3/2NP1N2/PPP2PPP/R1BQ1RK1 b - - 0 6,d2d3
33,Hutchkey23,EulerE,1349,1334,r1bq1rk1/ppp2ppp/2np1n2/2b1p3/2B1P3/2NP1N2/PPP2PPP/R1BQ1RK1 w - - 0 7,d7d6
33,Hutchkey23,EulerE,1349,1334,r1bq1rk1/ppp2ppp/2np1n2/2b1p3/2B1P3/2NPBN2/PPP2PPP/R2Q1RK1 b - - 1 7,c1e3
33,Hutchkey23,EulerE,1349,1334,r1bq1rk1/ppp2ppp/1bnp1n2/4p3/2B1P3/2NPBN2/PPP2PPP/R2Q1RK1 w - - 2 8,c5b6
33,Hutchkey23,EulerE,1349,1334,r1bq1rk1/ppp2ppp/1bnp1n2/3Np3/2B1P3/3PBN2/PPP2PPP/R2Q1RK1 b - - 3 8,c3d5
33,Hutchkey23,EulerE,1349,1334,r1bq1rk1/ppp2ppp/1bnp4/3np3/2B1P3/3PBN2/PPP2PPP/R2Q1RK1 w - - 0 9,f6d5
33,Hutchkey23,EulerE,1349,1334,r1bq1rk1/ppp2ppp/1bnp4/3Bp3/4P3/3PBN2/PPP2PPP/R2Q1RK1 b - - 0 9,c4d5
33,Hutchkey23,EulerE,1349,1334,r2q1rk1/pppb1ppp/1bnp4/3Bp3/4P3/3PBN2/PPP2PPP/R2Q1RK1 w - - 1 10,c8d7
33,Hutchkey23,EulerE,1349,1334,r2q1rk1/pppb1ppp/1bnp4/3Bp3/4P3/2PPBN2/PP3PPP/R2Q1RK1 b - - 0 10,c2c3
33,Hutchkey23,EulerE,1349,1334,r2q1rk1/pppb1ppp/2np4/3Bp3/4P3/2PPbN2/PP3PPP/R2Q1RK1 w - - 0 11,b6e3
33,Hutchkey23,EulerE,1349,1334,r2q1rk1/pppb1ppp/2np4/3Bp3/4P3/2PPPN2/PP4PP/R2Q1RK1 b - - 0 11,f2e3
33,Hutchkey23,EulerE,1349,1334,1r1q1rk1/pppb1ppp/2np4/3Bp3/4P3/2PPPN2/PP4PP/R2Q1RK1 w - - 1 12,a8b8
33,Hutchkey23,EulerE,1349,1334,1r1q1rk1/pppb1ppp/2np4/3Bp3/3PP3/2P1PN2/PP4PP/R2Q1RK1 b - - 0 12,d3d4
33,Hutchkey23,EulerE,1349,1334,1r1q1rk1/pppbnppp/3p4/3Bp3/3PP3/2P1PN2/PP4PP/R2Q1RK1 w - - 1 13,c6e7
33,Hutchkey23,EulerE,1349,1334,1r1q1rk1/pppbnppp/3p4/4p3/3PP3/1BP1PN2/PP4PP/R2Q1RK1 b - - 2 13,d5b3
33,Hutchkey23,EulerE,1349,1334,1r1qr1k1/pppbnppp/3p4/4p3/3PP3/1BP1PN2/PP4PP/R2Q1RK1 w - - 3 14,f8e8
33,Hutchkey23,EulerE,1349,1334,1r1qr1k1/pppbnppp/3p4/4p3/3PP3/1BP1P3/PP1N2PP/R2Q1RK1 b - - 4 14,f3d2
33,Hutchkey23,EulerE,1349,1334,1r1qr1k1/ppp1nppp/3pb3/4p3/3PP3/1BP1P3/PP1N2PP/R2Q1RK1 w - - 5 15,d7e6
33,Hutchkey23,EulerE,1349,1334,1r1qr1k1/ppp1nppp/3pB3/4p3/3PP3/2P1P3/PP1N2PP/R2Q1RK1 b - - 0 15,b3e6
33,Hutchkey23,EulerE,1349,1334,1r1qr1k1/ppp1n1pp/3pp3/4p3/3PP3/2P1P3/PP1N2PP/R2Q1RK1 w - - 0 16,f7e6
33,Hutchkey23,EulerE,1349,1334,1r1qr1k1/ppp1n1pp/3pp3/4p2Q/3PP3/2P1P3/PP1N2PP/R4RK1 b - - 1 16,d1h5
33,Hutchkey23,EulerE,1349,1334,1r1qr1k1/ppp3pp/3pp1n1/4p2Q/3PP3/2P1P3/PP1N2PP/R4RK1 w - - 2 17,e7g6
33,Hutchkey23,EulerE,1349,1334,1r1qr1k1/ppp3pp/3pp1n1/4p2Q/3PP3/2P1PN2/PP4PP/R4RK1 b - - 3 17,d2f3
33,Hutchkey23,EulerE,1349,1334,1r1q1rk1/ppp3pp/3pp1n1/4p2Q/3PP3/2P1PN2/PP4PP/R4RK1 w - - 4 18,e8f8
33,Hutchkey23,EulerE,1349,1334,1r1q1rk1/ppp3pp/3pp1n1/4p1NQ/3PP3/2P1P3/PP4PP/R4RK1 b - - 5 18,f3g5
33,Hutchkey23,EulerE,1349,1334,1r1q2k1/ppp3pp/3pp1n1/4p1NQ/3PP3/2P1P3/PP4PP/R4rK1 w - - 0 19,f8f1
33,Hutchkey23,EulerE,1349,1334,1r1q2k1/ppp3pp/3pp1n1/4p1NQ/3PP3/2P1P3/PP4PP/5RK1 b - - 0 19,a1f1
33,Hutchkey23,EulerE,1349,1334,1r1q2k1/ppp3p1/3pp1np/4p1NQ/3PP3/2P1P3/PP4PP/5RK1 w - - 0 20,h7h6
33,Hutchkey23,EulerE,1349,1334,1r1q2k1/ppp3p1/3pN1np/4p2Q/3PP3/2P1P3/PP4PP/5RK1 b - - 0 20,g5e6
33,Hutchkey23,EulerE,1349,1334,1r4k1/ppp1q1p1/3pN1np/4p2Q/3PP3/2P1P3/PP4PP/5RK1 w - - 1 21,d8e7
33,Hutchkey23,EulerE,1349,1334,1r4k1/ppp1q1p1/3pN1Qp/4p3/3PP3/2P1P3/PP4PP/5RK1 b - - 0 21,h5g6
33,Hutchkey23,EulerE,1349,1334,5rk1/ppp1q1p1/3pN1Qp/4p3/3PP3/2P1P3/PP4PP/5RK1 w - - 1 22,b8f8
33,Hutchkey23,EulerE,1349,1334,5Rk1/ppp1q1p1/3pN1Qp/4p3/3PP3/2P1P3/PP4PP/6K1 b - - 0 22,f1f8
33,Hutchkey23,EulerE,1349,1334,5qk1/ppp3p1/3pN1Qp/4p3/3PP3/2P1P3/PP4PP/6K1 w - - 0 23,e7f8
33,Hutchkey23,EulerE,1349,1334,5Nk1/ppp3p1/3p2Qp/4p3/3PP3/2P1P3/PP4PP/6K1 b - - 0 23,e6f8
33,Hutchkey23,EulerE,1349,1334,5k2/ppp3p1/3p2Qp/4p3/3PP3/2P1P3/PP4PP/6K1 w - - 0 24,g8f8
34,remvald29,EulerE,922,975,rnbqkbnr/pppppppp/8/8/4P3/8/PPPP1PPP/RNBQKBNR b KQkq - 0 1,e2e4
34,remvald29,EulerE,922,975,rnbqkbnr/pppp1ppp/8/4p3/4P3/8/PPPP1PPP/RNBQKBNR w KQkq - 0 2,e7e5
34,remvald29,EulerE,922,975,rnbqkbnr/pppp1ppp/8/4p3/4P3/5N2/PPPP1PPP/RNBQKB1R b KQkq - 1 2,g1f3
34,remvald29,EulerE,922,975,r1bqkbnr/pppp1ppp/2n5/4p3/4P3/5N2/PPPP1PPP/RNBQKB1R w KQkq - 2 3,b8c6
34,remvald29,EulerE,922,975,r1bqkbnr/pppp1ppp/2n5/4p3/4P3/2N2N2/PPPP1PPP/R1BQKB1R b KQkq - 3 3,b1c3
34,remvald29,EulerE,922,975,r1bqkbnr/pppp1p1p/2n3p1/4p3/4P3/2N2N2/PPPP1PPP/R1BQKB1R w KQkq - 0 4,g7g6
34,remvald29,EulerE,922,975,r1bqkbnr/pppp1p1p/2n3p1/1B2p3/4P3/2N2N2/PPPP1PPP/R1BQK2R b KQkq - 1 4,f1b5
34,remvald29,EulerE,922,975,r1bqkbnr/ppp2p1p/2np2p1/1B2p3/4P3/2N2N2/PPPP1PPP/R1BQK2R w KQkq - 0 5,d7d6
34,remvald29,EulerE,922,975,r1bqkbnr/ppp2p1p/2np2p1/1B2p3/3PP3/2N2N2/PPP2PPP/R1BQK2R b KQkq - 0 5,d2d4
34,remvald29,EulerE,922,975,r2qkbnr/pppb1p1p/2np2p1/1B2p3/3PP3/2N2N2/PPP2PPP/R1BQK2R w KQkq - 1 6,c8d7
34,remvald29,EulerE,922,975,r2qkbnr/pppb1p1p/2Bp2p1/4p3/3PP3/2N2N2/PPP2PPP/R1BQK2R b KQkq - 0 6,b5c6
34,remvald29,EulerE,922,975,r2qkbnr/ppp2p1p/2bp2p1/4p3/3PP3/2N2N2/PPP2PPP/R1BQK2R w KQkq - 0 7,d7c6
34,remvald29,EulerE,922,975,r2qkbnr/ppp2p1p/2bp2p1/3Pp3/4P3/2N2N2/PPP2PPP/R1BQK2R b KQkq - 0 7,d4d5
34,remvald29,EulerE,922,975,r2qkbnr/pppb1p1p/3p2p1/3Pp3/4P3/2N2N2/PPP2PPP/R1BQK2R w KQkq - 1 8,c6d7
34,remvald29,EulerE,922,975,r2qkbnr/pppb1p1p/3p2p1/3Pp1B1/4P3/2N2N2/PPP2PPP/R2QK2R b KQkq - 2 8,c1g5
34,remvald29,EulerE,922,975,r2qk1nr/pppbbp1p/3p2p1/3Pp1B1/4P3/2N2N2/PPP2PPP/R2QK2R w KQkq - 3 9,f8e7
34,remvald29,EulerE,922,975,r2qk1nr/pppbbp1p/3p2p1/3Pp1B1/4P3/2N2N2/PPPK1PPP/R2Q3R b kq - 4 9,e1d2
34,remvald29,EulerE,922,975,r2qk1nr/pppb1p1p/3p2p1/3Pp1b1/4P3/2N2N2/PPPK1PPP/R2Q3R w kq - 0 10,e7g5
34,remvald29,EulerE,922,975,r2qk1nr/pppb1p1p/3p2p1/3Pp1N1/4P3/2N5/PPPK1PPP/R2Q3R b kq - 0 10,f3g5
34,remvald29,EulerE,922,975,r3k1nr/pppb1p1p/3p2p1/3Pp1q1/4P3/2N5/PPPK1PPP/R2Q3R w kq - 0 11,d8g5
34,remvald29,EulerE,922,975,r3k1nr/pppb1p1p/3p2p1/3Pp1q1/4P3/2N5/PPP1KPPP/R2Q3R b kq - 1 11,d2e2
34,remvald29,EulerE,922,975,r3k2r/pppb1p1p/3p1np1/3Pp1q1/4P3/2N5/PPP1KPPP/R2Q3R w kq - 2 12,g8f6
34,remvald29,EulerE,922,975,r3k2r/pppb1p1p/3p1np1/3Pp1q1/4P3/2N2P2/PPP1K1PP/R2Q3R b kq - 0 12,f2f3
34,remvald29,EulerE,922,975,r4rk1/pppb1p1p/3p1np1/3Pp1q1/4P3/2N2P2/PPP1K1PP/R2Q3R w - - 1 13,e8g8
34,remvald29,EulerE,922,975,r4rk1/pppb1p1p/3p1np1/3Pp1q1/4P3/2N2P2/PPP1K1PP/R2Q2R1 b - - 2 13,h1g1
34,remvald29,EulerE,922,975,4rrk1/pppb1p1p/3p1np1/3Pp1q1/4P3/2N2P2/PPP1K1PP/R2Q2R1 w - - 3 14,a8e8
34,remvald29,EulerE,922,975,4rrk1/pppb1p1p/3p1np1/3Pp1q1/4P3/2N2P2/PPP1K1PP/R4QR1 b - - 4 14,d1f1
34,remvald29,EulerE,922,975,4rrk1/pppb1p2/3p1npp/3Pp1q1/4P3/2N2P2/PPP1K1PP/R4QR1 w - - 0 15,h7h6
34,remvald29,EulerE,922,975,4rrk1/pppb1p2/3p1npp/3Pp1q1/4P3/5P2/PPP1K1PP/R2N1QR1 b - - 1 15,c3d1
34,remvald29,EulerE,922,975,4rrk1/pppb1p2/3p1np1/3Pp1qp/4P3/5P2/PPP1K1PP/R2N1QR1 w - - 0 16,h6h5
34,remvald29,EulerE,922,975,4rrk1/pppb1p2/3p1np1/3Pp1qp/4P3/4NP2/PPP1K1PP/R4QR1 b - - 1 16,d1e3
34,remvald29,EulerE,922,975,4rrk1/pppb1p2/3p1npq/3Pp2p/4P3/4NP2/PPP1K1PP/R4QR1 w - - 2 17,g5h6
34,remvald29,EulerE,922,975,4rrk1/pppb1p2/3p1npq/3Pp2p/4P1P1/4NP2/PPP1K2P/R4QR1 b - - 0 17,g2g4
34,remvald29,EulerE,922,975,4rrk1/pppb1p2/3p1npq/3Pp3/4P1p1/4NP2/PPP1K2P/R4QR1 w - - 0 18,h5g4
34,remvald29,EulerE,922,975,4rrk1/pppb1p2/3p1npq/3Pp3/4P1N1/5P2/PPP1K2P/R4QR1 b - - 0 18,e3g4
34,remvald29,EulerE,922,975,4rrk1/pppb1p2/3p2pq/3Pp3/4P1n1/5P2/PPP1K2P/R4QR1 w - - 0 19,f6g4
34,remvald29,EulerE,922,975,4rrk1/pppb1p2/3p2pq/3Pp3/4P1P1/8/PPP1K2P/R4QR1 b - - 0 19,f3g4
34,remvald29,EulerE,922,975,4rrk1/pppb1p2/3p2p1/3Pp1q1/4P1P1/8/PPP1K2P/R4QR1 w - - 1 20,h6g5
34,remvald29,EulerE,922,975,4rrk1/pppb1p2/3p2p1/3Pp1q1/4P1P1/8/PPP1K1QP/R5R1 b - - 2 20,f1g2
34,remvald29,EulerE,922,975,5rk1/pppb1p2/3pr1p1/3Pp1q1/4P1P1/8/PPP1K1QP/R5R1 w - - 3 21,e8e6
34,remvald29,EulerE,922,975,5rk1/pppb1p2/3pr1p1/3Pp1q1/4P1P1/6Q1/PPP1K2P/R5R1 b - - 4 21,g2g3
34,remvald29,EulerE,922,975,4rrk1/pppb1p2/3p2p1/3Pp1q1/4P1P1/6Q1/PPP1K2P/R5R1 w - - 5 22,e6e8
34,remvald29,EulerE,922,975,4rrk1/pppb1p2/3p2p1/3Pp1q1/4P1PP/6Q1/PPP1K3/R5R1 b - - 0 22,h2h4
34,remvald29,EulerE,922,975,4rrk1/pppb1p2/3p2pq/3Pp3/4P1PP/6Q1/PPP1K3/R5R1 w - - 1 23,g5h6
34,remvald29,EulerE,922,975,4rrk1/pppb1p2/3p2pq/3Pp1P1/4P2P/6Q1/PPP1K3/R5R1 b - - 0 23,g4g5
34,remvald29,EulerE,922,975,4rrk1/pppb1p2/3p2p1/3Pp1Pq/4P2P/6Q1/PPP1K3/R5R1 w - - 1 24,h6h5
34,remvald29,EulerE,922,975,4rrk1/pppb1p2/3p2p1/3Pp1Pq/4P2P/6Q1/PPPK4/R5R1 b - - 2 24,e2d2
34,remvald29,EulerE,922,975,4rr2/pppb1p1k/3p2p1/3Pp1Pq/4P2P/6Q1/PPPK4/R5R1 w - - 3 25,g8h7
34,remvald29,EulerE,922,975,4rr2/pppb1p1k/3p2p1/3Pp1Pq/4P2P/2K3Q1/PPP5/R5R1 b - - 4 25,d2c3
34,remvald29,EulerE,922,975,5r2/pppbrp1k/3p2p1/3Pp1Pq/4P2P/2K3Q1/PPP5/R5R1 w - - 5 26,e8e7
34,remvald29,EulerE,922,975,5r2/pppbrp1k/3p2p1/3Pp1Pq/4P2P/2K3Q1/PPP5/5RR1 b - - 6 26,a1f1
34,remvald29,EulerE,922,975,4r3/pppbrp1k/3p2p1/3Pp1Pq/4P2P/2K3Q1/PPP5/5RR1 w - - 7 27,f8e8
34,remvald29,EulerE,922,975,4r3/pppbrp1k/3p1Rp1/3Pp1Pq/4P2P/2K3Q1/PPP5/6R1 b - - 8 27,f1f6
34,remvald29,EulerE,922,975,6r1/pppbrp1k/3p1Rp1/3Pp1Pq/4P2P/2K3Q1/PPP5/6R1 w - - 9 28,e8g8
34,remvald29,EulerE,922,975,6r1/pppbrp1k/3p1Rp1/3Pp1Pq/4P2P/2K3Q1/PPP5/5R2 b - - 10 28,g1f1
34,remvald29,EulerE,922,975,6r1/1ppbrp1k/3p1Rp1/p2Pp1Pq/4P2P/2K3Q1/PPP5/5R2 w - - 0 29,a7a5
34,remvald29,EulerE,922,975,6r1/1ppbrR1k/3p2p1/p2Pp1Pq/4P2P/2K3Q1/PPP5/5R2 b - - 0 29,f6f7
34,remvald29,EulerE,922,975,6r1/1ppb1r1k/3p2p1/p2Pp1Pq/4P2P/2K3Q1/PPP5/5R2 w - - 0 30,e7f7
34,remvald29,EulerE,922,975,6r1/1ppb1R1k/3p2p1/p2Pp1Pq/4P2P/2K3Q1/PPP5/8 b - - 0 30,f1f7
34,remvald29,EulerE,922,975,6rk/1ppb1R2/3p2p1/p2Pp1Pq/4P2P/2K3Q1/PPP5/8 w - - 1 31,h7h8
34,remvald29,EulerE,922,975,6rk/1ppR4/3p2p1/p2Pp1Pq/4P2P/2K3Q1/PPP5/8 b - - 0 31,f7d7
34,remvald29,EulerE,922,975,6rk/1ppR4/3p2p1/p2Pp1P1/4P2P/2K3Q1/PPP1q3/8 w - - 1 32,h5e2
34,remvald29,EulerE,922,975,6rk/1pR5/3p2p1/p2Pp1P1/4P2P/2K3Q1/PPP1q3/8 b - - 0 32,d7c7
34,remvald29,EulerE,922,975,6rk/2R5/3p2p1/pp1Pp1P1/4P2P/2K3Q1/PPP1q3/8 w - - 0 33,b7b5
34,remvald29,EulerE,922,975,6rk/2R5/3p2p1/pp1Pp1P1/4P2P/P1K3Q1/1PP1q3/8 b - - 0 33,a2a3
34,remvald29,EulerE,922,975,6rk/2R5/3p2p1/1p1Pp1P1/p3P2P/P1K3Q1/1PP1q3/8 w - - 0 34,a5a4
34,remvald29,EulerE,922,975,6rk/2R5/3p2p1/1p1Pp1P1/p3P2P/P1KQ4/1PP1q3/8 b - - 1 34,g3d3
34,remvald29,EulerE,922,975,6rk/2R5/3p2p1/1p1Pp1Pq/p3P2P/P1KQ4/1PP5/8 w - - 2 35,e2h5
34,remvald29,EulerE,922,975,6rk/2R5/3p2p1/1Q1Pp1Pq/p3P2P/P1K5/1PP5/8 b - - 0 35,d3b5
34,remvald29,EulerE,922,975,6rk/2R5/3p2p1/1Q1Pp1P1/p3P2q/P1K5/1PP5/8 w - - 0 36,h5h4
35,EulerE,AngryPotato2,983,958,rnbqkbnr/pppppppp/8/8/3P4/8/PPP1PPPP/RNBQKBNR b KQkq - 0 1,d2d4
35,EulerE,AngryPotato2,983,958,rnbqkbnr/ppp1pppp/8/3p4/3P4/8/PPP1PPPP/RNBQKBNR w KQkq - 0 2,d7d5
35,EulerE,AngryPotato2,983,958,rnbqkbnr/ppp1pppp/8/3p4/2PP4/8/PP2PPPP/RNBQKBNR b KQkq - 0 2,c2c4
35,EulerE,AngryPotato2,983,958,rnbqkbnr/ppp2ppp/4p3/3p4/2PP4/8/PP2PPPP/RNBQKBNR w KQkq - 0 3,e7e6
35,EulerE,AngryPotato2,983,958,rnbqkbnr/ppp2ppp/4p3/3p4/2PP4/5N2/PP2PPPP/RNBQKB1R b KQkq - 1 3,g1f3
35,EulerE,AngryPotato2,983,958,rnbqkb1r/ppp2ppp/4pn2/3p4/2PP4/5N2/PP2PPPP/RNBQKB1R w KQkq - 2 4,g8f6
35,EulerE,AngryPotato2,983,958,rnbqkb1r/ppp2ppp/4pn2/3p4/2PP4/2N2N2/PP2PPPP/R1BQKB1R b KQkq - 3 4,b1c3
35,EulerE,AngryPotato2,983,958,r1bqkb1r/ppp2ppp/2n1pn2/3p4/2PP4/2N2N2/PP2PPPP/R1BQKB1R w KQkq - 4 5,b8c6
35,EulerE,AngryPotato2,983,958,r1bqkb1r/ppp2ppp/2n1pn2/3p4/2PP4/2N2NP1/PP2PP1P/R1BQKB1R b KQkq - 0 5,g2g3
35,EulerE,AngryPotato2,983,958,r1bqk2r/ppp2ppp/2n1pn2/3p4/1bPP4/2N2NP1/PP2PP1P/R1BQKB1R w KQkq - 1 6,f8b4
35,EulerE,AngryPotato2,983,958,r1bqk2r/ppp2ppp/2n1pn2/3p4/1bPP4/2N2NP1/PP1BPP1P/R2QKB1R b KQkq - 2 6,c1d2
35,EulerE,AngryPotato2,983,958,r1bq1rk1/ppp2ppp/2n1pn2/3p4/1bPP4/2N2NP1/PP1BPP1P/R2QKB1R w KQ - 3 7,e8g8
35,EulerE,AngryPotato2,983,958,r1bq1rk1/ppp2ppp/2n1pn2/3p4/1bPP4/2N2NP1/PP1BPPBP/R2QK2R b KQ - 4 7,f1g2
35,EulerE,AngryPotato2,983,958,r1bq1rk1/ppp2ppp/2n1pn2/3p4/2PP4/2b2NP1/PP1BPPBP/R2QK2R w KQ - 0 8,b4c3
35,EulerE,AngryPotato2,983,958,r1bq1rk1/ppp2ppp/2n1pn2/3p4/2PP4/2B2NP1/PP2PPBP/R2QK2R b KQ - 0 8,d2c3
35,EulerE,AngryPotato2,983,958,r1bq1rk1/ppp2ppp/2n1p3/3p4/2PPn3/2B2NP1/PP2PPBP/R2QK2R w KQ - 1 9,f6e4
35,EulerE,AngryPotato2,983,958,r1bq1rk1/ppp2ppp/2n1p3/3p4/2PPn3/2B2NP1/PP2PPBP/R2Q1RK1 b - - 2 9,e1g1
35,EulerE,AngryPotato2,983,958,r1bq1rk1/ppp2ppp/2n1p3/3p4/2PP4/2n2NP1/PP2PPBP/R2Q1RK1 w - - 0 10,e4c3
35,EulerE,AngryPotato2,983,958,r1bq1rk1/ppp2ppp/2n1p3/3p4/2PP4/2P2NP1/P3PPBP/R2Q1RK1 b - - 0 10,b2c3
35,EulerE,AngryPotato2,983,958,r1bqr1k1/ppp2ppp/2n1p3/3p4/2PP4/2P2NP1/P3PPBP/R2Q1RK1 w - - 1 11,f8e8
35,EulerE,AngryPotato2,983,958,r1bqr1k1/ppp2ppp/2n1p3/3P4/3P4/2P2NP1/P3PPBP/R2Q1RK1 b - - 0 11,c4d5
35,EulerE,AngryPotato2,983,958,r1b1r1k1/ppp2ppp/2n1p3/3q4/3P4/2P2NP1/P3PPBP/R2Q1RK1 w - - 0 12,d8d5
35,EulerE,AngryPotato2,983,958,r1b1r1k1/ppp2ppp/2n1p3/3q4/3P4/2P2NP1/P3PPBP/1R1Q1RK1 b - - 1 12,a1b1
35,EulerE,AngryPotato2,983,958,r1b1r1k1/ppp3pp/2n1p3/3q1p2/3P4/2P2NP1/P3PPBP/1R1Q1RK1 w - - 0 13,f7f5
35,EulerE,AngryPotato2,983,958,r1b1r1k1/ppp3pp/2n1p3/3qNp2/3P4/2P3P1/P3PPBP/1R1Q1RK1 b - - 1 13,f3e5
35,EulerE,AngryPotato2,983,958,r1b1r1k1/ppp3pp/4p3/3qnp2/3P4/2P3P1/P3PPBP/1R1Q1RK1 w - - 0 14,c6e5
35,EulerE,AngryPotato2,983,958,r1b1r1k1/ppp3pp/4p3/3qPp2/8/2P3P1/P3PPBP/1R1Q1RK1 b - - 0 14,d4e5
35,EulerE,AngryPotato2,983,958,r1b1r1k1/ppp3pp/4p3/4Pp2/8/2P3P1/P3PPBP/1R1q1RK1 w - - 0 15,d5d1
35,EulerE,AngryPotato2,983,958,r1b1r1k1/ppp3pp/4p3/4Pp2/8/2P3P1/P3PPBP/3R1RK1 b - - 0 15,b1d1
35,EulerE,AngryPotato2,983,958,r1b1r1k1/p1p3pp/1p2p3/4Pp2/8/2P3P1/P3PPBP/3R1RK1 w - - 0 16,b7b6
35,EulerE,AngryPotato2,983,958,r1b1r1k1/p1p3pp/1p2p3/4Pp2/4P3/2P3P1/P4PBP/3R1RK1 b - - 0 16,e2e4
35,EulerE,AngryPotato2,983,958,r3r1k1/pbp3pp/1p2p3/4Pp2/4P3/2P3P1/P4PBP/3R1RK1 w - - 1 17,c8b7
35,EulerE,AngryPotato2,983,958,r3r1k1/pbp3pp/1p2p3/4PP2/8/2P3P1/P4PBP/3R1RK1 b - - 0 17,e4f5
35,EulerE,AngryPotato2,983,958,r3r1k1/p1p3pp/1p2p3/4PP2/8/2P3P1/P4PbP/3R1RK1 w - - 0 18,b7g2
35,EulerE,AngryPotato2,983,958,r3r1k1/p1p3pp/1p2p3/4PP2/8/2P3P1/P4PKP/3R1R2 b - - 0 18,g1g2
35,EulerE,AngryPotato2,983,958,r3r1k1/p1p3pp/1p6/4Pp2/8/2P3P1/P4PKP/3R1R2 w - - 0 19,e6f5
35,EulerE,AngryPotato2,983,958,r3r1k1/p1p3pp/1p6/4Pp2/8/2P3P1/P4PKP/3RR3 b - - 1 19,f1e1
35,EulerE,AngryPotato2,983,958,2r1r1k1/p1p3pp/1p6/4Pp2/8/2P3P1/P4PKP/3RR3 w - - 2 20,a8c8
35,EulerE,AngryPotato2,983,958,2r1r1k1/p1pR2pp/1p6/4Pp2/8/2P3P1/P4PKP/4R3 b - - 3 20,d1d7
35,EulerE,AngryPotato2,983,958,2r1r1k1/p2R2pp/1p6/2p1Pp2/8/2P3P1/P4PKP/4R3 w - - 0 21,c7c5
35,EulerE,AngryPotato2,983,958,2r1r1k1/p2R2pp/1p2P3/2p2p2/8/2P3P1/P4PKP/4R3 b - - 0 21,e5e6
35,EulerE,AngryPotato2,983,958,2r1r1k1/3R2pp/1p2P3/p1p2p2/8/2P3P1/P4PKP/4R3 w - - 0 22,a7a5
35,EulerE,AngryPotato2,983,958,2r1r1k1/1R4pp/1p2P3/p1p2p2/8/2P3P1/P4PKP/4R3 b - - 1 22,d7b7
35,EulerE,AngryPotato2,983,958,4r1k1/1R4pp/1pr1P3/p1p2p2/8/2P3P1/P4PKP/4R3 w - - 2 23,c8c6
35,EulerE,AngryPotato2,983,958,4r1k1/1R2P1pp/1pr5/p1p2p2/8/2P3P1/P4PKP/4R3 b - - 0 23,e6e7
35,EulerE,AngryPotato2,983,958,4r3/1R2Pkpp/1pr5/p1p2p2/8/2P3P1/P4PKP/4R3 w - - 1 24,g8f7
35,EulerE,AngryPotato2,983,958,4r3/1R2Pkpp/1pr5/p1p2p2/8/2P3P1/P4PKP/1R6 b - - 2 24,e1b1
35,EulerE,AngryPotato2,983,958,8/1R2rkpp/1pr5/p1p2p2/8/2P3P1/P4PKP/1R6 w - - 0 25,e8e7
35,EulerE,AngryPotato2,983,958,8/4rkpp/1Rr5/p1p2p2/8/2P3P1/P4PKP/1R6 b - - 0 25,b7b6
35,EulerE,AngryPotato2,983,958,8/4rkpp/1r6/p1p2p2/8/2P3P1/P4PKP/1R6 w - - 0 26,c6b6
35,EulerE,AngryPotato2,983,958,8/4rkpp/1R6/p1p2p2/8/2P3P1/P4PKP/8 b - - 0 26,b1b6
35,EulerE,AngryPotato2,983,958,8/5kpp/1R6/p1p2p2/8/2P3P1/P3rPKP/8 w - - 1 27,e7e2
35,EulerE,AngryPotato2,983,958,8/5kpp/8/pRp2p2/8/2P3P1/P3rPKP/8 b - - 2 27,b6b5
35,EulerE,AngryPotato2,983,958,8/5kpp/8/pRp2p2/8/2P3P1/r4PKP/8 w - - 0 28,e2a2
35,EulerE,AngryPotato2,983,958,8/5kpp/8/p1R2p2/8/2P3P1/r4PKP/8 b - - 0 28,b5c5
35,EulerE,AngryPotato2,983,958,8/5kpp/8/p1R2p2/8/r1P3P1/5PKP/8 w - - 1 29,a2a3
35,EulerE,AngryPotato2,983,958,8/5kpp/8/p1R2p2/2P5/r5P1/5PKP/8 b - - 0 29,c3c4
35,EulerE,AngryPotato2,983,958,8/6pp/4k3/p1R2p2/2P5/r5P1/5PKP/8 w - - 1 30,f7e6
35,EulerE,AngryPotato2,983,958,8/6pp/4k3/pR3p2/2P5/r5P1/5PKP/8 b - - 2 30,c5b5
35,EulerE,AngryPotato2,983,958,8/6pp/3k4/pR3p2/2P5/r5P1/5PKP/8 w - - 3 31,e6d6
35,EulerE,AngryPotato2,983,958,8/6pp/3k4/pRP2p2/8/r5P1/5PKP/8 b - - 0 31,c4c5
35,EulerE,AngryPotato2,983,958,8/6pp/2k5/pRP2p2/8/r5P1/5PKP/8 w - - 1 32,d6c6
35,EulerE,AngryPotato2,983,958,8/6pp/1Rk5/p1P2p2/8/r5P1/5PKP/8 b - - 2 32,b5b6
35,EulerE,AngryPotato2,983,958,8/6pp/1R6/p1k2p2/8/r5P1/5PKP/8 w - - 0 33,c6c5
35,EulerE,AngryPotato2,983,958,8/1R4pp/8/p1k2p2/8/r5P1/5PKP/8 b - - 1 33,b6b7
35,EulerE,AngryPotato2,983,958,8/1R4pp/8/p1k2p2/8/1r4P1/5PKP/8 w - - 2 34,a3b3
35,EulerE,AngryPotato2,983,958,8/6Rp/8/p1k2p2/8/1r4P1/5PKP/8 b - - 0 34,b7g7
35,EulerE,AngryPotato2,983,958,8/6Rp/8/2k2p2/p7/1r4P1/5PKP/8 w - - 0 35,a5a4
35,EulerE,AngryPotato2,983,958,8/7R/8/2k2p2/p7/1r4P1/5PKP/8 b - - 0 35,g7h7
35,EulerE,AngryPotato2,983,958,8/7R/8/2k2p2/8/pr4P1/5PKP/8 w - - 0 36,a4a3
35,EulerE,AngryPotato2,983,958,8/2R5/8/2k2p2/8/pr4P1/5PKP/8 b - - 1 36,h7c7
35,EulerE,AngryPotato2,983,958,8/2R5/8/5p2/1k6/pr4P1/5PKP/8 w - - 2 37,c5b4
35,EulerE,AngryPotato2,983,958,8/1R6/8/5p2/1k6/pr4P1/5PKP/8 b - - 3 37,c7b7
35,EulerE,AngryPotato2,983,958,8/1R6/8/5p2/8/prk3P1/5PKP/8 w - - 4 38,b4c3
35,EulerE,AngryPotato2,983,958,8/R7/8/5p2/8/prk3P1/5PKP/8 b - - 5 38,b7a7
35,EulerE,AngryPotato2,983,958,8/R7/8/5p2/8/pr4P1/1k3PKP/8 w - - 6 39,c3b2
35,EulerE,AngryPotato2,983,958,8/R7/8/5p2/7P/pr4P1/1k3PK1/8 b - - 0 39,h2h4
35,EulerE,AngryPotato2,983,958,8/R7/8/5p2/7P/1r4P1/pk3PK1/8 w - - 0 40,a3a2
35,EulerE,AngryPotato2,983,958,8/R7/8/5p1P/8/1r4P1/pk3PK1/8 b - - 0 40,h4h5
36,rudy_goes_burrrrr,EulerE,1306,1342,rnbqkbnr/pppppppp/8/8/3P4/8/PPP1PPPP/RNBQKBNR b KQkq - 0 1,d2d4
36,rudy_goes_burrrrr,EulerE,1306,1342,rnbqkbnr/ppp1pppp/8/3p4/3P4/8/PPP1PPPP/RNBQKBNR w KQkq - 0 2,d7d5
36,rudy_goes_burrrrr,EulerE,1306,1342,rnbqkbnr/ppp1pppp/8/3p4/3P1B2/8/PPP1PPPP/RN1QKBNR b KQkq - 1 2,c1f4
36,rudy_goes_burrrrr,EulerE,1306,1342,r1bqkbnr/ppp1pppp/2n5/3p4/3P1B2/8/PPP1PPPP/RN1QKBNR w KQkq - 2 3,b8c6
36,rudy_goes_burrrrr,EulerE,1306,1342,r1bqkbnr/ppp1pppp/2n5/3p4/3P1B2/5N2/PPP1PPPP/RN1QKB1R b KQkq - 3 3,g1f3
36,rudy_goes_burrrrr,EulerE,1306,1342,r1bqkb1r/ppp1pppp/2n2n2/3p4/3P1B2/5N2/PPP1PPPP/RN1QKB1R w KQkq - 4 4,g8f6
36,rudy_goes_burrrrr,EulerE,1306,1342,r1bqkb1r/ppp1pppp/2n2n2/3p4/3P1B2/4PN2/PPP2PPP/RN1QKB1R b KQkq - 0 4,e2e3
36,rudy_goes_burrrrr,EulerE,1306,1342,r1bqkb1r/ppp1pp1p/2n2np1/3p4/3P1B2/4PN2/PPP2PPP/RN1QKB1R w KQkq - 0 5,g7g6
36,rudy_goes_burrrrr,EulerE,1306,1342,r1bqkb1r/ppp1pp1p/2n2np1/3p4/3P1B2/3BPN2/PPP2PPP/RN1QK2R b KQkq - 1 5,f1d3
36,rudy_goes_burrrrr,EulerE,1306,1342,r1bqk2r/ppp1ppbp/2n2np1/3p4/3P1B2/3BPN2/PPP2PPP/RN1QK2R w KQkq - 2 6,f8g7
36,rudy_goes_burrrrr,EulerE,1306,1342,r1bqk2r/ppp1ppbp/2n2np1/3p4/3P1B2/2PBPN2/PP3PPP/RN1QK2R b KQkq - 0 6,c2c3
36,rudy_goes_burrrrr,EulerE,1306,1342,r1bq1rk1/ppp1ppbp/2n2np1/3p4/3P1B2/2PBPN2/PP3PPP/RN1QK2R w KQ - 1 7,e8g8
36,rudy_goes_burrrrr,EulerE,1306,1342,r1bq1rk1/ppp1ppbp/2n2np1/3p4/3P1B2/2PBPN2/PP1N1PPP/R2QK2R b KQ - 2 7,b1d2
36,rudy_goes_burrrrr,EulerE,1306,1342,r1bqr1k1/ppp1ppbp/2n2np1/3p4/3P1B2/2PBPN2/PP1N1PPP/R2QK2R w KQ - 3 8,f8e8
36,rudy_goes_burrrrr,EulerE,1306,1342,r1bqr1k1/ppp1ppbp/2n2np1/1B1p4/3P1B2/2P1PN2/PP1N1PPP/R2QK2R b KQ - 4 8,d3b5
36,rudy_goes_burrrrr,EulerE,1306,1342,r2qr1k1/pppbppbp/2n2np1/1B1p4/3P1B2/2P1PN2/PP1N1PPP/R2QK2R w KQ - 5 9,c8d7
36,rudy_goes_burrrrr,EulerE,1306,1342,r2qr1k1/pppbppbp/2n2np1/1B1p4/3P1B2/1QP1PN2/PP1N1PPP/R3K2R b KQ - 6 9,d1b3
36,rudy_goes_burrrrr,EulerE,1306,1342,r2qr1k1/1ppbppbp/p1n2np1/1B1p4/3P1B2/1QP1PN2/PP1N1PPP/R3K2R w KQ - 0 10,a7a6
36,rudy_goes_burrrrr,EulerE,1306,1342,r2qr1k1/1ppbppbp/p1n2np1/3p4/3P1B2/1QPBPN2/PP1N1PPP/R3K2R b KQ - 1 10,b5d3
36,rudy_goes_burrrrr,EulerE,1306,1342,r2qr1k1/2pbppbp/p1n2np1/1p1p4/3P1B2/1QPBPN2/PP1N1PPP/R3K2R w KQ - 0 11,b7b5
36,rudy_goes_burrrrr,EulerE,1306,1342,r2qr1k1/2pbppbp/p1n2np1/1p1p4/P2P1B2/1QPBPN2/1P1N1PPP/R3K2R b KQ - 0 11,a2a4
36,rudy_goes_burrrrr,EulerE,1306,1342,r2qr1k1/2pbppbp/p4np1/np1p4/P2P1B2/1QPBPN2/1P1N1PPP/R3K2R w KQ - 1 12,c6a5
36,rudy_goes_burrrrr,EulerE,1306,1342,r2qr1k1/2pbppbp/p4np1/nP1p4/3P1B2/1QPBPN2/1P1N1PPP/R3K2R b KQ - 0 12,a4b5
36,rudy_goes_burrrrr,EulerE,1306,1342,r2qr1k1/2pbppbp/p4np1/1P1p4/3P1B2/1nPBPN2/1P1N1PPP/R3K2R w KQ - 0 13,a5b3
36,rudy_goes_burrrrr,EulerE,1306,1342,r2qr1k1/2pbppbp/p4np1/1P1p4/3P1B2/1NPBPN2/1P3PPP/R3K2R b KQ - 0 13,d2b3
36,rudy_goes_burrrrr,EulerE,1306,1342,r2qr1k1/2pbppbp/5np1/1p1p4/3P1B2/1NPBPN2/1P3PPP/R3K2R w KQ - 0 14,a6b5
36,rudy_goes_burrrrr,EulerE,1306,1342,R2qr1k1/2pbppbp/5np1/1p1p4/3P1B2/1NPBPN2/1P3PPP/4K2R b K - 0 14,a1a8
36,rudy_goes_burrrrr,EulerE,1306,1342,q3r1k1/2pbppbp/5np1/1p1p4/3P1B2/1NPBPN2/1P3PPP/4K2R w K - 0 15,d8a8
36,rudy_goes_burrrrr,EulerE,1306,1342,q3r1k1/2pbppbp/5np1/1p1p4/3P1B2/1NPBPN2/1P3PPP/5RK1 b - - 1 15,e1g1
36,rudy_goes_burrrrr,EulerE,1306,1342,4r1k1/2pbppbp/5np1/1p1p4/3P1B2/1NPBPN2/qP3PPP/5RK1 w - - 2 16,a8a2
36,rudy_goes_burrrrr,EulerE,1306,1342,4r1k1/2pbppbp/5np1/1pNp4/3P1B2/2PBPN2/qP3PPP/5RK1 b - - 3 16,b3c5
36,rudy_goes_burrrrr,EulerE,1306,1342,4r1k1/2p1ppbp/2b2np1/1pNp4/3P1B2/2PBPN2/qP3PPP/5RK1 w - - 4 17,d7c6
36,rudy_goes_burrrrr,EulerE,1306,1342,4r1k1/2p1ppbp/2b2np1/1pNpN3/3P1B2/2PBP3/qP3PPP/5RK1 b - - 5 17,f3e5
36,rudy_goes_burrrrr,EulerE,1306,1342,b3r1k1/2p1ppbp/5np1/1pNpN3/3P1B2/2PBP3/qP3PPP/5RK1 w - - 6 18,c6a8
36,rudy_goes_burrrrr,EulerE,1306,1342,b3r1k1/2p1ppbp/5np1/1BNpN3/3P1B2/2P1P3/qP3PPP/5RK1 b - - 0 18,d3b5
36,rudy_goes_burrrrr,EulerE,1306,1342,b3r1k1/2p1ppbp/5np1/1BNpN3/3P1B2/2P1P3/1q3PPP/5RK1 w - - 0 19,a2b2
36,rudy_goes_burrrrr,EulerE,1306,1342,b3B1k1/2p1ppbp/5np1/2NpN3/3P1B2/2P1P3/1q3PPP/5RK1 b - - 0 19,b5e8
36,rudy_goes_burrrrr,EulerE,1306,1342,b3n1k1/2p1ppbp/6p1/2NpN3/3P1B2/2P1P3/1q3PPP/5RK1 w - - 0 20,f6e8
36,rudy_goes_burrrrr,EulerE,1306,1342,b3n1k1/2p1ppbp/6p1/2NpN3/2PP1B2/4P3/1q3PPP/5RK1 b - - 0 20,c3c4
36,rudy_goes_burrrrr,EulerE,1306,1342,b3n1k1/2p1pp1p/6p1/2Npb3/2PP1B2/4P3/1q3PPP/5RK1 w - - 0 21,g7e5
36,rudy_goes_burrrrr,EulerE,1306,1342,b3n1k1/2p1pp1p/6p1/2NpB3/2PP4/4P3/1q3PPP/5RK1 b - - 0 21,f4e5
36,rudy_goes_burrrrr,EulerE,1306,1342,b3n1k1/2p1pp1p/6p1/2N1B3/2pP4/4P3/1q3PPP/5RK1 w - - 0 22,d5c4
36,rudy_goes_burrrrr,EulerE,1306,1342,b3n1k1/2p1pp1p/6p1/2N1B3/2pP1P2/4P3/1q4PP/5RK1 b - - 0 22,f2f4
36,rudy_goes_burrrrr,EulerE,1306,1342,b3n1k1/2p1pp1p/6p1/2N1B3/2pP1P2/4P3/6qP/5RK1 w - - 0 23,b2g2
37,EulerE,Ragnar89lockfor,1350,1351,rnbqkbnr/pppppppp/8/8/3P4/8/PPP1PPPP/RNBQKBNR b KQkq - 0 1,d2d4
37,EulerE,Ragnar89lockfor,1350,1351,rnbqkbnr/ppp1pppp/8/3p4/3P4/8/PPP1PPPP/RNBQKBNR w KQkq - 0 2,d7d5
37,EulerE,Ragnar89lockfor,1350,1351,rnbqkbnr/ppp1pppp/8/3p4/2PP4/8/PP2PPPP/RNBQKBNR b KQkq - 0 2,c2c4
37,EulerE,Ragnar89lockfor,1350,1351,rnbqkbnr/ppp2ppp/4p3/3p4/2PP4/8/PP2PPPP/RNBQKBNR w KQkq - 0 3,e7e6
37,EulerE,Ragnar89lockfor,1350,1351,rnbqkbnr/ppp2ppp/4p3/3p4/2PP4/5N2/PP2PPPP/RNBQKB1R b KQkq - 1 3,g1f3
37,EulerE,Ragnar89lockfor,1350,1351,rnbqkbnr/ppp3pp/4pp2/3p4/2PP4/5N2/PP2PPPP/RNBQKB1R w KQkq - 0 4,f7f6
37,EulerE,Ragnar89lockfor,1350,1351,rnbqkbnr/ppp3pp/4pp2/3p4/2PP4/2N2N2/PP2PPPP/R1BQKB1R b KQkq - 1 4,b1c3
37,EulerE,Ragnar89lockfor,1350,1351,rnbqkbnr/pp4pp/4pp2/2pp4/2PP4/2N2N2/PP2PPPP/R1BQKB1R w KQkq - 0 5,c7c5
37,EulerE,Ragnar89lockfor,1350,1351,rnbqkbnr/pp4pp/4pp2/2pP4/3P4/2N2N2/PP2PPPP/R1BQKB1R b KQkq - 0 5,c4d5
37,EulerE,Ragnar89lockfor,1350,1351,rnbqkbnr/pp4pp/5p2/2pp4/3P4/2N2N2/PP2PPPP/R1BQKB1R w KQkq - 0 6,e6d5
37,EulerE,Ragnar89lockfor,1350,1351,rnbqkbnr/pp4pp/5p2/2Pp4/8/2N2N2/PP2PPPP/R1BQKB1R b KQkq - 0 6,d4c5
37,EulerE,Ragnar89lockfor,1350,1351,r1bqkbnr/pp4pp/2n2p2/2Pp4/8/2N2N2/PP2PPPP/R1BQKB1R w KQkq - 1 7,b8c6
37,EulerE,Ragnar89lockfor,1350,1351,r1bqkbnr/pp4pp/2n2p2/2PN4/8/5N2/PP2PPPP/R1BQKB1R b KQkq - 0 7,c3d5
37,EulerE,Ragnar89lockfor,1350,1351,r2qkbnr/pp4pp/2n1bp2/2PN4/8/5N2/PP2PPPP/R1BQKB1R w KQkq - 1 8,c8e6
37,EulerE,Ragnar89lockfor,1350,1351,r2qkbnr/pp4pp/2n1bp2/2P5/8/2N2N2/PP2PPPP/R1BQKB1R b KQkq - 2 8,d5c3
37,EulerE,Ragnar89lockfor,1350,1351,r2qk1nr/pp4pp/2n1bp2/2b5/8/2N2N2/PP2PPPP/R1BQKB1R w KQkq - 0 9,f8c5
37,EulerE,Ragnar89lockfor,1350,1351,r2qk1nr/pp4pp/2n1bp2/2b5/4P3/2N2N2/PP3PPP/R1BQKB1R b KQkq - 0 9,e2e4
37,EulerE,Ragnar89lockfor,1350,1351,r2qk1nr/pp4pp/2n1bp2/8/1b2P3/2N2N2/PP3PPP/R1BQKB1R w KQkq - 1 10,c5b4
37,EulerE,Ragnar89lockfor,1350,1351,r2Qk1nr/pp4pp/2n1bp2/8/1b2P3/2N2N2/PP3PPP/R1B1KB1R b KQkq - 0 10,d1d8
37,EulerE,Ragnar89lockfor,1350,1351,3rk1nr/pp4pp/2n1bp2/8/1b2P3/2N2N2/PP3PPP/R1B1KB1R w KQk - 0 11,a8d8
37,EulerE,Ragnar89lockfor,1350,1351,3rk1nr/pp4pp/2n1bp2/1B6/1b2P3/2N2N2/PP3PPP/R1B1K2R b KQk - 1 11,f1b5
37,EulerE,Ragnar89lockfor,1350,1351,3rk2r/pp2n1pp/2n1bp2/1B6/1b2P3/2N2N2/PP3PPP/R1B1K2R w KQk - 2 12,g8e7
37,EulerE,Ragnar89lockfor,1350,1351,3rk2r/pp2n1pp/2n1bp2/1B6/1b2P3/2N2N2/PP3PPP/R1B2RK1 b k - 3 12,e1g1
37,EulerE,Ragnar89lockfor,1350,1351,3r1rk1/pp2n1pp/2n1bp2/1B6/1b2P3/2N2N2/PP3PPP/R1B2RK1 w - - 4 13,e8g8
37,EulerE,Ragnar89lockfor,1350,1351,3r1rk1/pp2n1pp/2n1bp2/1B6/1b2P3/2N2N2/PP1B1PPP/R4RK1 b - - 5 13,c1d2
37,EulerE,Ragnar89lockfor,1350,1351,3r1rk1/1p2n1pp/p1n1bp2/1B6/1b2P3/2N2N2/PP1B1PPP/R4RK1 w - - 0 14,a7a6
37,EulerE,Ragnar89lockfor,1350,1351,3r1rk1/1p2n1pp/p1n1bp2/8/1b2P3/2N2N2/PP1BBPPP/R4RK1 b - - 1 14,b5e2
37,EulerE,Ragnar89lockfor,1350,1351,3r1rk1/1p2n1pp/p1n2p2/8/1b2P1b1/2N2N2/PP1BBPPP/R4RK1 w - - 2 15,e6g4
37,EulerE,Ragnar89lockfor,1350,1351,3r1rk1/1p2n1pp/p1n2p2/8/1b2P1b1/2N2N2/PP1BBPPP/R2R2K1 b - - 3 15,f1d1
37,EulerE,Ragnar89lockfor,1350,1351,3r1rk1/1p2n1pp/p4p2/4n3/1b2P1b1/2N2N2/PP1BBPPP/R2R2K1 w - - 4 16,c6e5
37,EulerE,Ragnar89lockfor,1350,1351,3r1rk1/1p2n1pp/p4p2/4N3/1b2P1b1/2N5/PP1BBPPP/R2R2K1 b - - 0 16,f3e5
37,EulerE,Ragnar89lockfor,1350,1351,3r1rk1/1p2n1pp/p4p2/4N3/1b2P3/2N5/PP1BbPPP/R2R2K1 w - - 0 17,g4e2
37,EulerE,Ragnar89lockfor,1350,1351,3r1rk1/1p2n1pp/p4p2/4N3/1b2P3/8/PP1BNPPP/R2R2K1 b - - 0 17,c3e2
37,EulerE,Ragnar89lockfor,1350,1351,3r1rk1/1p2n1pp/p4p2/4N3/4P3/8/PP1bNPPP/R2R2K1 w - - 0 18,b4d2
37,EulerE,Ragnar89lockfor,1350,1351,3r1rk1/1p2n1pp/p4p2/8/2N1P3/8/PP1bNPPP/R2R2K1 b - - 1 18,e5c4
37,EulerE,Ragnar89lockfor,1350,1351,3r1rk1/1p2n1pp/p4p2/b7/2N1P3/8/PP2NPPP/R2R2K1 w - - 2 19,d2a5
37,EulerE,Ragnar89lockfor,1350,1351,3r1rk1/1p2n1pp/p4p2/b7/2N1P3/P7/1P2NPPP/R2R2K1 b - - 0 19,a2a3
37,EulerE,Ragnar89lockfor,1350,1351,3r1rk1/1p2n1pp/p7/b4p2/2N1P3/P7/1P2NPPP/R2R2K1 w - - 0 20,f6f5
37,EulerE,Ragnar89lockfor,1350,1351,3r1rk1/1p2n1pp/p7/N4p2/4P3/P7/1P2NPPP/R2R2K1 b - - 0 20,c4a5
37,EulerE,Ragnar89lockfor,1350,1351,3r1rk1/1p2n1pp/p7/N7/4p3/P7/1P2NPPP/R2R2K1 w - - 0 21,f5e4
37,EulerE,Ragnar89lockfor,1350,1351,3r1rk1/1N2n1pp/p7/8/4p3/P7/1P2NPPP/R2R2K1 b - - 0 21,a5b7
37,EulerE,Ragnar89lockfor,1350,1351,1r3rk1/1N2n1pp/p7/8/4p3/P7/1P2NPPP/R2R2K1 w - - 1 22,d8b8
37,EulerE,Ragnar89lockfor,1350,1351,1r3rk1/4n1pp/p7/2N5/4p3/P7/1P2NPPP/R2R2K1 b - - 2 22,b7c5
37,EulerE,Ragnar89lockfor,1350,1351,5rk1/4n1pp/p7/2N5/4p3/P7/1r2NPPP/R2R2K1 w - - 0 23,b8b2
37,EulerE,Ragnar89lockfor,1350,1351,5rk1/4n1pp/p7/2N5/4p3/P7/1r2NPPP/R3R1K1 b - - 1 23,d1e1
37,EulerE,Ragnar89lockfor,1350,1351,5rk1/4n1pp/p7/2N5/8/P3p3/1r2NPPP/R3R1K1 w - - 0 24,e4e3
37,EulerE,Ragnar89lockfor,1350,1351,5rk1/4n1pp/p7/2N5/8/P3P3/1r2N1PP/R3R1K1 b - - 0 24,f2e3
37,EulerE,Ragnar89lockfor,1350,1351,5rk1/6pp/p7/2Nn4/8/P3P3/1r2N1PP/R3R1K1 w - - 1 25,e7d5
37,EulerE,Ragnar89lockfor,1350,1351,5rk1/6pp/p7/2Nn4/8/P3P3/1r2N1PP/1R2R1K1 b - - 2 25,a1b1
37,EulerE,Ragnar89lockfor,1350,1351,5rk1/6pp/p7/2Nn4/8/P3P3/2r1N1PP/1R2R1K1 w - - 3 26,b2c2
37,EulerE,Ragnar89lockfor,1350,1351,5rk1/6pp/p7/2Nn4/8/P3P3/2r1N1PP/2R1R1K1 b - - 4 26,b1c1
37,EulerE,Ragnar89lockfor,1350,1351,5rk1/6pp/p7/2Nn4/8/P3P3/r3N1PP/2R1R1K1 w - - 5 27,c2a2
37,EulerE,Ragnar89lockfor,1350,1351,5rk1/6pp/N7/3n4/8/P3P3/r3N1PP/2R1R1K1 b - - 0 27,c5a6
37,EulerE,Ragnar89lockfor,1350,1351,5rk1/6pp/N7/3n4/8/r3P3/4N1PP/2R1R1K1 w - - 0 28,a2a3
37,EulerE,Ragnar89lockfor,1350,1351,5rk1/6pp/N7/3n4/8/r3P3/4N1PP/R3R1K1 b - - 1 28,c1a1
37,EulerE,Ragnar89lockfor,1350,1351,5rk1/6pp/N7/3n4/8/4r3/4N1PP/R3R1K1 w - - 0 29,a3e3
37,EulerE,Ragnar89lockfor,1350,1351,5rk1/6pp/N7/3n4/8/4r1N1/6PP/R3R1K1 b - - 1 29,e2g3
37,EulerE,Ragnar89lockfor,1350,1351,5rk1/6pp/N7/3n4/8/2r3N1/6PP/R3R1K1 w - - 2 30,e3c3
37,EulerE,Ragnar89lockfor,1350,1351,5rk1/6pp/N7/R2n4/8/2r3N1/6PP/4R1K1 b - - 3 30,a1a5
37,EulerE,Ragnar89lockfor,1350,1351,5rk1/6pp/N7/R7/5n2/2r3N1/6PP/4R1K1 w - - 4 31,d5f4
37,EulerE,Ragnar89lockfor,1350,1351,5rk1/6pp/N7/R7/5n2/2r3N1/6PP/5RK1 b - - 5 31,e1f1
37,EulerE,Ragnar89lockfor,1350,1351,5rk1/6pp/N1r5/R7/5n2/6N1/6PP/5RK1 w - - 6 32,c3c6
37,EulerE,Ragnar89lockfor,1350,1351,5rk1/6pp/N1r5/8/R4n2/6N1/6PP/5RK1 b - - 7 32,a5a4
37,EulerE,Ragnar89lockfor,1350,1351,5rk1/6pp/N1r5/8/R7/3n2N1/6PP/5RK1 w - - 8 33,f4d3
37,EulerE,Ragnar89lockfor,1350,1351,5Rk1/6pp/N1r5/8/R7/3n2N1/6PP/6K1 b - - 0 33,f1f8
37,EulerE,Ragnar89lockfor,1350,1351,5k2/6pp/N1r5/8/R7/3n2N1/6PP/6K1 w - - 0 34,g8f8
37,EulerE,Ragnar89lockfor,1350,1351,1N3k2/6pp/2r5/8/R7/3n2N1/6PP/6K1 b - - 1 34,a6b8
37,EulerE,Ragnar89lockfor,1350,1351,1N3k2/6pp/8/8/R7/3n2N1/6PP/2r3K1 w - - 2 35,c6c1
37,EulerE,Ragnar89lockfor,1350,1351,1N3k2/6pp/8/8/R7/3n4/6PP/2r2NK1 b - - 3 35,g3f1
37,EulerE,Ragnar89lockfor,1350,1351,1N3k2/6pp/8/2n5/R7/8/6PP/2r2NK1 w - - 4 36,d3c5
37,EulerE,Ragnar89lockfor,1350,1351,1N3k2/6pp/8/2n5/5R2/8/6PP/2r2NK1 b - - 5 36,a4f4
37,EulerE,Ragnar89lockfor,1350,1351,1N4k1/6pp/8/2n5/5R2/8/6PP/2r2NK1 w - - 6 37,f8g8
37,EulerE,Ragnar89lockfor,1350,1351,6k1/6pp/2N5/2n5/5R2/8/6PP/2r2NK1 b - - 7 37,b8c6
37,EulerE,Ragnar89lockfor,1350,1351,6k1/6pp/2N5/8/5R2/3n4/6PP/2r2NK1 w - - 8 38,c5d3
37,EulerE,Ragnar89lockfor,1350,1351,6k1/4N1pp/8/8/5R2/3n4/6PP/2r2NK1 b - - 9 38,c6e7
38,EulerE,Alaacalgary,1359,1381,rnbqkbnr/pppppppp/8/8/3P4/8/PPP1PPPP/RNBQKBNR b KQkq - 0 1,d2d4
38,EulerE,Alaacalgary,1359,1381,rnbqkbnr/ppp1pppp/8/3p4/3P4/8/PPP1PPPP/RNBQKBNR w KQkq - 0 2,d7d5
38,EulerE,Alaacalgary,1359,1381,rnbqkbnr/ppp1pppp/8/3p4/2PP4/8/PP2PPPP/RNBQKBNR b KQkq - 0 2,c2c4
38,EulerE,Alaacalgary,1359,1381,rnbqkb1r/ppp1pppp/5n2/3p4/2PP4/8/PP2PPPP/RNBQKBNR w KQkq - 1 3,g8f6
38,EulerE,Alaacalgary,1359,1381,rnbqkb1r/ppp1pppp/5n2/3p4/2PP4/5N2/PP2PPPP/RNBQKB1R b KQkq - 2 3,g1f3
38,EulerE,Alaacalgary,1359,1381,rnbqkb1r/ppp2ppp/4pn2/3p4/2PP4/5N2/PP2PPPP/RNBQKB1R w KQkq - 0 4,e7e6
38,EulerE,Alaacalgary,1359,1381,rnbqkb1r/ppp2ppp/4pn2/3p4/2PP4/2N2N2/PP2PPPP/R1BQKB1R b KQkq - 1 4,b1c3
38,EulerE,Alaacalgary,1359,1381,rnbqk2r/ppp2ppp/4pn2/3p4/1bPP4/2N2N2/PP2PPPP/R1BQKB1R w KQkq - 2 5,f8b4
38,EulerE,Alaacalgary,1359,1381,rnbqk2r/ppp2ppp/4pn2/3p4/1bPP4/2N2N2/PP1BPPPP/R2QKB1R b KQkq - 3 5,c1d2
38,EulerE,Alaacalgary,1359,1381,r1bqk2r/ppp2ppp/2n1pn2/3p4/1bPP4/2N2N2/PP1BPPPP/R2QKB1R w KQkq - 4 6,b8c6
38,EulerE,Alaacalgary,1359,1381,r1bqk2r/ppp2ppp/2n1pn2/3p4/1bPP4/P1N2N2/1P1BPPPP/R2QKB1R b KQkq - 0 6,a2a3
38,EulerE,Alaacalgary,1359,1381,r1bqk2r/ppp2ppp/2n1pn2/b2p4/2PP4/P1N2N2/1P1BPPPP/R2QKB1R w KQkq - 1 7,b4a5
38,EulerE,Alaacalgary,1359,1381,r1bqk2r/ppp2ppp/2n1pn2/b2p4/1PPP4/P1N2N2/3BPPPP/R2QKB1R b KQkq - 0 7,b2b4
38,EulerE,Alaacalgary,1359,1381,r1bqk2r/ppp2ppp/2n1pn2/3p4/1bPP4/P1N2N2/3BPPPP/R2QKB1R w KQkq - 0 8,a5b4
38,EulerE,Alaacalgary,1359,1381,r1bqk2r/ppp2ppp/2n1pn2/3p4/1PPP4/2N2N2/3BPPPP/R2QKB1R b KQkq - 0 8,a3b4
38,EulerE,Alaacalgary,1359,1381,r1bqk2r/ppp2ppp/4pn2/3p4/1nPP4/2N2N2/3BPPPP/R2QKB1R w KQkq - 0 9,c6b4
38,EulerE,Alaacalgary,1359,1381,r1bqk2r/ppp2ppp/4pn2/3p4/QnPP4/2N2N2/3BPPPP/R3KB1R b KQkq - 1 9,d1a4
38,EulerE,Alaacalgary,1359,1381,r1bqk2r/ppp2ppp/2n1pn2/3p4/Q1PP4/2N2N2/3BPPPP/R3KB1R w KQkq - 2 10,b4c6
38,EulerE,Alaacalgary,1359,1381,r1bqk2r/ppp2ppp/2n1pn2/3P4/Q2P4/2N2N2/3BPPPP/R3KB1R b KQkq - 0 10,c4d5
38,EulerE,Alaacalgary,1359,1381,r1bqk2r/ppp2ppp/2n2n2/3p4/Q2P4/2N2N2/3BPPPP/R3KB1R w KQkq - 0 11,e6d5
38,EulerE,Alaacalgary,1359,1381,r1bqk2r/ppp2ppp/2n2n2/3p4/Q2P4/2N1PN2/3B1PPP/R3KB1R b KQkq - 0 11,e2e3
38,EulerE,Alaacalgary,1359,1381,r1bq1rk1/ppp2ppp/2n2n2/3p4/Q2P4/2N1PN2/3B1PPP/R3KB1R w KQ - 1 12,e8g8
38,EulerE,Alaacalgary,1359,1381,r1bq1rk1/ppp2ppp/2n2n2/3p4/Q2P4/2NBPN2/3B1PPP/R3K2R b KQ - 2 12,f1d3
38,EulerE,Alaacalgary,1359,1381,r2q1rk1/pppb1ppp/2n2n2/3p4/Q2P4/2NBPN2/3B1PPP/R3K2R w KQ - 3 13,c8d7
38,EulerE,Alaacalgary,1359,1381,r2q1rk1/pppb1ppp/2n2n2/3p4/3P4/1QNBPN2/3B1PPP/R3K2R b KQ - 4 13,a4b3
38,EulerE,Alaacalgary,1359,1381,r2q1rk1/p1pb1ppp/1pn2n2/3p4/3P4/1QNBPN2/3B1PPP/R3K2R w KQ - 0 14,b7b6
38,EulerE,Alaacalgary,1359,1381,r2q1rk1/p1pb1ppp/1pn2n2/3N4/3P4/1Q1BPN2/3B1PPP/R3K2R b KQ - 0 14,c3d5
38,EulerE,Alaacalgary,1359,1381,r2q1rk1/p1pb1ppp/1pn5/3n4/3P4/1Q1BPN2/3B1PPP/R3K2R w KQ - 0 15,f6d5
38,EulerE,Alaacalgary,1359,1381,r2q1rk1/p1pb1ppp/1pn5/3Q4/3P4/3BPN2/3B1PPP/R3K2R b KQ - 0 15,b3d5
38,EulerE,Alaacalgary,1359,1381,r2q1rk1/p1pb1ppp/1p6/3Q4/1n1P4/3BPN2/3B1PPP/R3K2R w KQ - 1 16,c6b4
38,EulerE,Alaacalgary,1359,1381,r2q1rk1/p1pb1ppp/1p6/8/1n1P4/1Q1BPN2/3B1PPP/R3K2R b KQ - 2 16,d5b3
38,EulerE,Alaacalgary,1359,1381,r2q1rk1/2pb1ppp/1p6/p7/1n1P4/1Q1BPN2/3B1PPP/R3K2R w KQ - 0 17,a7a5
38,EulerE,Alaacalgary,1359,1381,r2q1rk1/2pb1ppp/1p6/p7/1B1P4/1Q1BPN2/5PPP/R3K2R b KQ - 0 17,d2b4
38,EulerE,Alaacalgary,1359,1381,r2q1rk1/2pb1ppp/1p6/8/1p1P4/1Q1BPN2/5PPP/R3K2R w KQ - 0 18,a5b4
38,EulerE,Alaacalgary,1359,1381,r2q1rk1/2pb1ppp/1p6/8/1p1P4/1Q1BPN2/5PPP/R4RK1 b - - 1 18,e1g1
38,EulerE,Alaacalgary,1359,1381,r4rk1/2pbqppp/1p6/8/1p1P4/1Q1BPN2/5PPP/R4RK1 w - - 2 19,d8e7
38,EulerE,Alaacalgary,1359,1381,r4rk1/2pbqppp/1p6/8/1p1P4/1Q1BPN2/5PPP/R1R3K1 b - - 3 19,f1c1
38,EulerE,Alaacalgary,1359,1381,r4rk1/3bqppp/1pp5/8/1p1P4/1Q1BPN2/5PPP/R1R3K1 w - - 0 20,c7c6
38,EulerE,Alaacalgary,1359,1381,R4rk1/3bqppp/1pp5/8/1p1P4/1Q1BPN2/5PPP/2R3K1 b - - 0 20,a1a8
38,EulerE,Alaacalgary,1359,1381,r5k1/3bqppp/1pp5/8/1p1P4/1Q1BPN2/5PPP/2R3K1 w - - 0 21,f8a8
38,EulerE,Alaacalgary,1359,1381,r5k1/3bqppp/1pp5/8/1p1PB3/1Q2PN2/5PPP/2R3K1 b - - 1 21,d3e4
38,EulerE,Alaacalgary,1359,1381,6k1/3bqppp/1pp5/8/1p1PB3/rQ2PN2/5PPP/2R3K1 w - - 2 22,a8a3
38,EulerE,Alaacalgary,1359,1381,6k1/3bqppp/1pp5/8/1p1PB3/r3PN2/2Q2PPP/2R3K1 b - - 3 22,b3c2
38,EulerE,Alaacalgary,1359,1381,6k1/3bqppp/1pp5/8/3PB3/rp2PN2/2Q2PPP/2R3K1 w - - 0 23,b4b3
38,EulerE,Alaacalgary,1359,1381,6k1/3bqppp/1pp5/8/3PB3/rp2PN2/5PPP/1QR3K1 b - - 1 23,c2b1
38,EulerE,Alaacalgary,1359,1381,6k1/3b1ppp/1pp5/8/1q1PB3/rp2PN2/5PPP/1QR3K1 w - - 2 24,e7b4
38,EulerE,Alaacalgary,1359,1381,6k1/3b1ppp/1pB5/8/1q1P4/rp2PN2/5PPP/1QR3K1 b - - 0 24,e4c6
38,EulerE,Alaacalgary,1359,1381,6k1/3b1ppp/1pB5/8/1q1P4/r3PN2/1p3PPP/1QR3K1 w - - 0 25,b3b2
38,EulerE,Alaacalgary,1359,1381,6k1/3B1ppp/1p6/8/1q1P4/r3PN2/1p3PPP/1QR3K1 b - - 0 25,c6d7
38,EulerE,Alaacalgary,1359,1381,6k1/3B1p1p/1p4p1/8/1q1P4/r3PN2/1p3PPP/1QR3K1 w - - 0 26,g7g6
38,EulerE,Alaacalgary,1359,1381,2R3k1/3B1p1p/1p4p1/8/1q1P4/r3PN2/1p3PPP/1Q4K1 b - - 1 26,c1c8
38,EulerE,Alaacalgary,1359,1381,2R5/3B1pkp/1p4p1/8/1q1P4/r3PN2/1p3PPP/1Q4K1 w - - 2 27,g8g7
38,EulerE,Alaacalgary,1359,1381,8/3B1pkp/1p4p1/8/1q1P4/r3PN2/1p3PPP/1QR3K1 b - - 3 27,c8c1
38,EulerE,Alaacalgary,1359,1381,8/3B1pkp/1p4p1/8/1q1P4/4PN2/1p3PPP/rQR3K1 w - - 4 28,a3a1
38,EulerE,Alaacalgary,1359,1381,8/3B1pkp/1p4p1/8/1q1P4/4PN2/1p3PPP/Q1R3K1 b - - 0 28,b1a1
38,EulerE,Alaacalgary,1359,1381,8/3B1pkp/1p4p1/8/1q1P4/4PN2/5PPP/q1R3K1 w - - 0 29,b2a1q
38,EulerE,Alaacalgary,1359,1381,8/3B1pkp/1p4p1/8/1q1P4/4PN2/5PPP/R5K1 b - - 0 29,c1a1
38,EulerE,Alaacalgary,1359,1381,8/3B1pkp/1p4p1/8/3P4/4PN2/1q3PPP/R5K1 w - - 1 30,b4b2
38,EulerE,Alaacalgary,1359,1381,8/3B1pkp/1p4p1/8/3P4/4PN2/1q3PPP/4R1K1 b - - 2 30,a1e1
38,EulerE,Alaacalgary,1359,1381,8/3B1pkp/6p1/1p6/3P4/4PN2/1q3PPP/4R1K1 w - - 0 31,b6b5
38,EulerE,Alaacalgary,1359,1381,8/3B1pkp/6p1/1p1P4/8/4PN2/1q3PPP/4R1K1 b - - 0 31,d4d5
38,EulerE,Alaacalgary,1359,1381,5k2/3B1p1p/6p1/1p1P4/8/4PN2/1q3PPP/4R1K1 w - - 1 32,g7f8
38,EulerE,Alaacalgary,1359,1381,5k2/3B1p1p/3P2p1/1p6/8/4PN2/1q3PPP/4R1K1 b - - 0 32,d5d6
38,EulerE,Alaacalgary,1359,1381,5k2/3B1p1p/3P2p1/8/1p6/4PN2/1q3PPP/4R1K1 w - - 0 33,b5b4
38,EulerE,Alaacalgary,1359,1381,5k2/3B1p1p/3P2p1/8/1p1N4/4P3/1q3PPP/4R1K1 b - - 1 33,f3d4
38,EulerE,Alaacalgary,1359,1381,5k2/3B3p/3P2p1/5p2/1p1N4/4P3/1q3PPP/4R1K1 w - - 0 34,f7f5
38,EulerE,Alaacalgary,1359,1381,5k2/3B3p/3PN1p1/5p2/1p6/4P3/1q3PPP/4R1K1 b - - 1 34,d4e6
38,EulerE,Alaacalgary,1359,1381,6k1/3B3p/3PN1p1/5p2/1p6/4P3/1q3PPP/4R1K1 w - - 2 35,f8g8
38,EulerE,Alaacalgary,1359,1381,4B1k1/7p/3PN1p1/5p2/1p6/4P3/1q3PPP/4R1K1 b - - 3 35,d7e8
38,EulerE,Alaacalgary,1359,1381,4B1k1/7p/3PN1p1/5p2/8/1p2P3/1q3PPP/4R1K1 w - - 0 36,b4b3
38,EulerE,Alaacalgary,1359,1381,4B1k1/3P3p/4N1p1/5p2/8/1p2P3/1q3PPP/4R1K1 b - - 0 36,d6d7
38,EulerE,Alaacalgary,1359,1381,4B1k1/3P3p/4N1p1/5p2/8/1pq1P3/5PPP/4R1K1 w - - 1 37,b2c3
38,EulerE,Alaacalgary,1359,1381,4B1k1/3P3p/4N1p1/5p2/8/1pq1P3/5PPP/4RK2 b - - 2 37,g1f1
38,EulerE,Alaacalgary,1359,1381,4B1k1/3P3p/4N1p1/5p2/2q5/1p2P3/5PPP/4RK2 w - - 3 38,c3c4
38,EulerE,Alaacalgary,1359,1381,4B1k1/3P3p/4N1p1/5p2/2q5/1p2P3/5PPP/4R1K1 b - - 4 38,f1g1
38,EulerE,Alaacalgary,1359,1381,4B1k1/3P3p/4q1p1/5p2/8/1p2P3/5PPP/4R1K1 w - - 0 39,c4e6
38,EulerE,Alaacalgary,1359,1381,3QB1k1/7p/4q1p1/5p2/8/1p2P3/5PPP/4R1K1 b - - 0 39,d7d8q
38,EulerE,Alaacalgary,1359,1381,3QBk2/7p/4q1p1/5p2/8/1p2P3/5PPP/4R1K1 w - - 1 40,g8f8
38,EulerE,Alaacalgary,1359,1381,3Q1k2/3B3p/4q1p1/5p2/8/1p2P3/5PPP/4R1K1 b - - 2 40,e8d7
38,EulerE,Alaacalgary,1359,1381,3Q4/3B1k1p/4q1p1/5p2/8/1p2P3/5PPP/4R1K1 w - - 3 41,f8f7
38,EulerE,Alaacalgary,1359,1381,3Q4/5k1p/4B1p1/5p2/8/1p2P3/5PPP/4R1K1 b - - 0 41,d7e6
39,EulerE,baso6666,1350,1330,rnbqkbnr/pppppppp/8/8/3P4/8/PPP1PPPP/RNBQKBNR b KQkq - 0 1,d2d4
39,EulerE,baso6666,1350,1330,rnbqkbnr/ppp1pppp/8/3p4/3P4/8/PPP1PPPP/RNBQKBNR w KQkq - 0 2,d7d5
39,EulerE,baso6666,1350,1330,rnbqkbnr/ppp1pppp/8/3p4/2PP4/8/PP2PPPP/RNBQKBNR b KQkq - 0 2,c2c4
39,EulerE,baso6666,1350,1330,rnbqkbnr/ppp1pppp/8/8/2pP4/8/PP2PPPP/RNBQKBNR w KQkq - 0 3,d5c4
39,EulerE,baso6666,1350,1330,rnbqkbnr/ppp1pppp/8/8/2pPP3/8/PP3PPP/RNBQKBNR b KQkq - 0 3,e2e4
39,EulerE,baso6666,1350,1330,rnbqkbnr/ppp2ppp/4p3/8/2pPP3/8/PP3PPP/RNBQKBNR w KQkq - 0 4,e7e6
39,EulerE,baso6666,1350,1330,rnbqkbnr/ppp2ppp/4p3/8/2pPP3/5N2/PP3PPP/RNBQKB1R b KQkq - 1 4,g1f3
39,EulerE,baso6666,1350,1330,rnbqkb1r/ppp2ppp/4pn2/8/2pPP3/5N2/PP3PPP/RNBQKB1R w KQkq - 2 5,g8f6
39,EulerE,baso6666,1350,1330,rnbqkb1r/ppp2ppp/4pn2/8/2pPP3/2N2N2/PP3PPP/R1BQKB1R b KQkq - 3 5,b1c3
39,EulerE,baso6666,1350,1330,rnbqk2r/ppp2ppp/4pn2/8/1bpPP3/2N2N2/PP3PPP/R1BQKB1R w KQkq - 4 6,f8b4
39,EulerE,baso6666,1350,1330,rnbqk2r/ppp2ppp/4pn2/8/1bpPP3/2N2N2/PPQ2PPP/R1B1KB1R b KQkq - 5 6,d1c2
39,EulerE,baso6666,1350,1330,rnbq1rk1/ppp2ppp/4pn2/8/1bpPP3/2N2N2/PPQ2PPP/R1B1KB1R w KQ - 6 7,e8g8
39,EulerE,baso6666,1350,1330,rnbq1rk1/ppp2ppp/4pn2/8/1bBPP3/2N2N2/PPQ2PPP/R1B1K2R b KQ - 0 7,f1c4
39,EulerE,baso6666,1350,1330,rnbq1rk1/pp3ppp/4pn2/2p5/1bBPP3/2N2N2/PPQ2PPP/R1B1K2R w KQ - 0 8,c7c5
39,EulerE,baso6666,1350,1330,rnbq1rk1/pp3ppp/4pn2/2p5/1bBPP3/P1N2N2/1PQ2PPP/R1B1K2R b KQ - 0 8,a2a3
39,EulerE,baso6666,1350,1330,rnbq1rk1/pp3ppp/4pn2/2p5/2BPP3/P1b2N2/1PQ2PPP/R1B1K2R w KQ - 0 9,b4c3
39,EulerE,baso6666,1350,1330,rnbq1rk1/pp3ppp/4pn2/2p5/2BPP3/P1P2N2/2Q2PPP/R1B1K2R b KQ - 0 9,b2c3
39,EulerE,baso6666,1350,1330,rnbq1rk1/pp3ppp/4pn2/8/2BpP3/P1P2N2/2Q2PPP/R1B1K2R w KQ - 0 10,c5d4
39,EulerE,baso6666,1350,1330,rnbq1rk1/pp3ppp/4pn2/8/2BPP3/P4N2/2Q2PPP/R1B1K2R b KQ - 0 10,c3d4
39,EulerE,baso6666,1350,1330,r1bq1rk1/pp3ppp/2n1pn2/8/2BPP3/P4N2/2Q2PPP/R1B1K2R w KQ - 1 11,b8c6
39,EulerE,baso6666,1350,1330,r1bq1rk1/pp3ppp/2n1pn2/8/2BPP3/P4N2/1BQ2PPP/R3K2R b KQ - 2 11,c1b2
39,EulerE,baso6666,1350,1330,r1bq1rk1/1p3ppp/p1n1pn2/8/2BPP3/P4N2/1BQ2PPP/R3K2R w KQ - 0 12,a7a6
39,EulerE,baso6666,1350,1330,r1bq1rk1/1p3ppp/p1n1pn2/8/2BPP3/P4N2/1BQ2PPP/R4RK1 b - - 1 12,e1g1
39,EulerE,baso6666,1350,1330,r1bq1rk1/5ppp/p1n1pn2/1p6/2BPP3/P4N2/1BQ2PPP/R4RK1 w - - 0 13,b7b5
39,EulerE,baso6666,1350,1330,r1bq1rk1/5ppp/p1n1pn2/1p6/3PP3/P4N2/BBQ2PPP/R4RK1 b - - 1 13,c4a2
39,EulerE,baso6666,1350,1330,r2q1rk1/1b3ppp/p1n1pn2/1p6/3PP3/P4N2/BBQ2PPP/R4RK1 w - - 2 14,c8b7
39,EulerE,baso6666,1350,1330,r2q1rk1/1b3ppp/p1n1pn2/1p6/3PP3/P4N2/BBQ2PPP/4RRK1 b - - 3 14,a1e1
39,EulerE,baso6666,1350,1330,r2q1rk1/1b2nppp/p3pn2/1p6/3PP3/P4N2/BBQ2PPP/4RRK1 w - - 4 15,c6e7
39,EulerE,baso6666,1350,1330,r2q1rk1/1b2nppp/p3pn2/1p2P3/3P4/P4N2/BBQ2PPP/4RRK1 b - - 0 15,e4e5
39,EulerE,baso6666,1350,1330,r2q1rk1/1b2nppp/p3p3/1p2P3/3P2n1/P4N2/BBQ2PPP/4RRK1 w - - 1 16,f6g4
39,EulerE,baso6666,1350,1330,r2q1rk1/1b2nppp/p3p3/1p2P3/3P2n1/P4N2/BBQ2PPP/3R1RK1 b - - 2 16,e1d1
39,EulerE,baso6666,1350,1330,2rq1rk1/1b2nppp/p3p3/1p2P3/3P2n1/P4N2/BBQ2PPP/3R1RK1 w - - 3 17,a8c8
39,EulerE,baso6666,1350,1330,2rq1rk1/1b2nppp/p3p3/1p2P3/3P2n1/P2Q1N2/BB3PPP/3R1RK1 b - - 4 17,c2d3
39,EulerE,baso6666,1350,1330,2rq1rk1/1b3ppp/p3p3/1p2Pn2/3P2n1/P2Q1N2/BB3PPP/3R1RK1 w - - 5 18,e7f5
39,EulerE,baso6666,1350,1330,2rq1rk1/1b3ppp/p3p3/1p2Pn2/3P2n1/P2Q1N1P/BB3PP1/3R1RK1 b - - 0 18,h2h3
39,EulerE,baso6666,1350,1330,2rq1rk1/1b3ppp/p3p2n/1p2Pn2/3P4/P2Q1N1P/BB3PP1/3R1RK1 w - - 1 19,g4h6
39,EulerE,baso6666,1350,1330,2rq1rk1/1b3ppp/p3p2n/1p2Pn2/3P2P1/P2Q1N1P/BB3P2/3R1RK1 b - - 0 19,g2g4
39,EulerE,baso6666,1350,1330,2rq1rk1/1b3ppp/p3p2n/1p2P3/3P2Pn/P2Q1N1P/BB3P2/3R1RK1 w - - 1 20,f5h4
39,EulerE,baso6666,1350,1330,2rq1rk1/1b3ppp/p3p2n/1p2P3/3P2PN/P2Q3P/BB3P2/3R1RK1 b - - 0 20,f3h4
39,EulerE,baso6666,1350,1330,2r2rk1/1b3ppp/p3p2n/1p2P3/3P2Pq/P2Q3P/BB3P2/3R1RK1 w - - 0 21,d8h4
39,EulerE,baso6666,1350,1330,2r2rk1/1b3ppp/p3p2n/1p2P3/3P2Pq/P2Q3P/1B3P2/1B1R1RK1 b - - 1 21,a2b1
39,EulerE,baso6666,1350,1330,2r2rk1/1b3p1p/p3p1pn/1p2P3/3P2Pq/P2Q3P/1B3P2/1B1R1RK1 w - - 0 22,g7g6
39,EulerE,baso6666,1350,1330,2r2rk1/1b3p1p/p3p1pn/1p2P3/3P2Pq/P2Q3P/5P2/1BBR1RK1 b - - 1 22,b2c1
39,EulerE,baso6666,1350,1330,2r2rk1/1b3p1p/p3p1p1/1p2P3/3P2nq/P2Q3P/5P2/1BBR1RK1 w - - 0 23,h6g4
39,EulerE,baso6666,1350,1330,2r2rk1/1b3p1p/p3p1p1/1p2P3/3P2Pq/P2Q4/5P2/1BBR1RK1 b - - 0 23,h3g4
39,EulerE,baso6666,1350,1330,2r2rk1/1b3p1p/p3p1p1/1p2P3/3P2q1/P2Q4/5P2/1BBR1RK1 w - - 0 24,h4g4
39,EulerE,baso6666,1350,1330,2r2rk1/1b3p1p/p3p1p1/1p2P3/3P2q1/P5Q1/5P2/1BBR1RK1 b - - 1 24,d3g3
39,EulerE,baso6666,1350,1330,2r2rk1/1b3p1p/p3p1p1/1p2P2q/3P4/P5Q1/5P2/1BBR1RK1 w - - 2 25,g4h5
39,EulerE,baso6666,1350,1330,2r2rk1/1b3p1p/p3p1p1/1p2P2q/3P4/P7/5P1Q/1BBR1RK1 b - - 3 25,g3h2
39,EulerE,baso6666,1350,1330,2r2rk1/1b3p1p/p3p1p1/1p2P3/3P2q1/P7/5P1Q/1BBR1RK1 w - - 4 26,h5g4
39,EulerE,baso6666,1350,1330,2r2rk1/1b3p1p/p3p1p1/1p2P3/3P2q1/P5Q1/5P2/1BBR1RK1 b - - 5 26,h2g3
39,EulerE,baso6666,1350,1330,2r2rk1/1b3p1p/p3p1p1/1p2P2q/3P4/P5Q1/5P2/1BBR1RK1 w - - 6 27,g4h5
39,EulerE,baso6666,1350,1330,2r2rk1/1b3p1p/p3p1p1/1p2P2q/3P4/P4PQ1/8/1BBR1RK1 b - - 0 27,f2f3
39,EulerE,baso6666,1350,1330,5rk1/1b3p1p/p3p1p1/1p2P2q/2rP4/P4PQ1/8/1BBR1RK1 w - - 1 28,c8c4
39,EulerE,baso6666,1350,1330,5rk1/1b3p1p/p3p1p1/1p2P1Qq/2rP4/P4P2/8/1BBR1RK1 b - - 2 28,g3g5
39,EulerE,baso6666,1350,1330,5rk1/1b3p1p/p3p1p1/1p2P1Q1/2rP4/P4P1q/8/1BBR1RK1 w - - 3 29,h5h3
39,EulerE,baso6666,1350,1330,5rk1/1b3p1p/p3p1p1/1p2P3/2rP2Q1/P4P1q/8/1BBR1RK1 b - - 4 29,g5g4
39,EulerE,baso6666,1350,1330,5rk1/1b3p1p/p3p1p1/1p2P3/2rP2q1/P4P2/8/1BBR1RK1 w - - 0 30,h3g4
39,EulerE,baso6666,1350,1330,5rk1/1b3p1p/p3p1p1/1p2P3/2rP2P1/P7/8/1BBR1RK1 b - - 0 30,f3g4
39,EulerE,baso6666,1350,1330,5rk1/1b3p1p/p3p1p1/1p2P3/3P2P1/P1r5/8/1BBR1RK1 w - - 1 31,c4c3
39,EulerE,baso6666,1350,1330,5rk1/1b3p1p/p3p1p1/1p2P3/3P2P1/P1r5/7K/1BBR1R2 b - - 2 31,g1h2
39,EulerE,baso6666,1350,1330,5rk1/1b3p1p/4p1p1/pp2P3/3P2P1/P1r5/7K/1BBR1R2 w - - 0 32,a6a5
39,EulerE,baso6666,1350,1330,5rk1/1b3p1p/4p1p1/pp2P3/3P2P1/P1rB4/7K/2BR1R2 b - - 1 32,b1d3
39,EulerE,baso6666,1350,1330,5rk1/1b3p1p/4p1p1/p3P3/1p1P2P1/P1rB4/7K/2BR1R2 w - - 0 33,b5b4
39,EulerE,baso6666,1350,1330,5rk1/1b3p1p/4p1p1/p3P3/1P1P2P1/2rB4/7K/2BR1R2 b - - 0 33,a3b4
39,EulerE,baso6666,1350,1330,5rk1/1b3p1p/4p1p1/4P3/1p1P2P1/2rB4/7K/2BR1R2 w - - 0 34,a5b4
39,EulerE,baso6666,1350,1330,5rk1/1b3p1p/4p1p1/4P3/1p1P2P1/2rB4/1B5K/3R1R2 b - - 1 34,c1b2
39,EulerE,baso6666,1350,1330,2r2rk1/1b3p1p/4p1p1/4P3/1p1P2P1/3B4/1B5K/3R1R2 w - - 2 35,c3c8
39,EulerE,baso6666,1350,1330,2r2rk1/1b3p1p/4p1p1/4P3/1p1P2P1/3B4/1B5K/2R2R2 b - - 3 35,d1c1
39,EulerE,baso6666,1350,1330,r4rk1/1b3p1p/4p1p1/4P3/1p1P2P1/3B4/1B5K/2R2R2 w - - 4 36,c8a8
39,EulerE,baso6666,1350,1330,r4rk1/1b3p1p/4p1p1/4P3/1p1P2P1/3B4/1B5K/1R3R2 b - - 5 36,c1b1
39,EulerE,baso6666,1350,1330,5rk1/1b3p1p/4p1p1/4P3/1p1P2P1/3B4/rB5K/1R3R2 w - - 6 37,a8a2
39,EulerE,baso6666,1350,1330,5rk1/1b3p1p/4p1p1/4P3/1p1P2P1/3B2K1/rB6/1R3R2 b - - 7 37,h2g3
39,EulerE,baso6666,1350,1330,3r2k1/1b3p1p/4p1p1/4P3/1p1P2P1/3B2K1/rB6/1R3R2 w - - 8 38,f8d8
39,EulerE,baso6666,1350,1330,3r2k1/1b3p1p/4p1p1/4P3/1pBP2P1/6K1/rB6/1R3R2 b - - 9 38,d3c4
39,EulerE,baso6666,1350,1330,3r2k1/1b3p1p/4p1p1/4P3/rpBP2P1/6K1/1B6/1R3R2 w - - 10 39,a2a4
39,EulerE,baso6666,1350,1330,3r2k1/1b3p1p/4p1p1/4P3/rpBP2P1/6K1/1B6/1RR5 b - - 11 39,f1c1
39,EulerE,baso6666,1350,1330,3r2k1/5p1p/4p1p1/4P3/rpBPb1P1/6K1/1B6/1RR5 w - - 12 40,b7e4
39,EulerE,baso6666,1350,1330,3r2k1/5p1p/4p1p1/4P3/rpBPb1P1/6K1/1B6/R1R5 b - - 13 40,b1a1
39,EulerE,baso6666,1350,1330,3r2k1/5p1p/4p1p1/4P3/1pBPb1P1/6K1/1B6/r1R5 w - - 0 41,a4a1
39,EulerE,baso6666,1350,1330,3r2k1/5p1p/4p1p1/4P3/1pBPb1P1/6K1/1B6/R7 b - - 0 41,c1a1
39,EulerE,baso6666,1350,1330,3r2k1/5p1p/4p1p1/4P3/1pBP2P1/6K1/1Bb5/R7 w - - 1 42,e4c2
39,EulerE,baso6666,1350,1330,3r2k1/5p1p/4p1p1/4P3/1pBP2P1/6K1/1Bb5/2R5 b - - 2 42,a1c1
39,EulerE,baso6666,1350,1330,3r2k1/5p1p/4p1p1/4P3/2BP2P1/1p4K1/1Bb5/2R5 w - - 0 43,b4b3
39,EulerE,baso6666,1350,1330,3r2k1/5p1p/4p1p1/4P3/2BP2P1/1p4K1/1Bb5/4R3 b - - 1 43,c1e1
39,EulerE,baso6666,1350,1330,r5k1/5p1p/4p1p1/4P3/2BP2P1/1p4K1/1Bb5/4R3 w - - 2 44,d8a8
39,EulerE,baso6666,1350,1330,r5k1/5p1p/4p1p1/4P3/2BP2P1/1p2R1K1/1Bb5/8 b - - 3 44,e1e3
39,EulerE,baso6666,1350,1330,6k1/5p1p/4p1p1/4P3/2BP2P1/1p2R1K1/rBb5/8 w - - 4 45,a8a2
39,EulerE,baso6666,1350,1330,6k1/5p1p/4p1p1/4P3/2BP2P1/1p2R1K1/r1b5/2B5 b - - 5 45,b2c1
39,EulerE,baso6666,1350,1330,6k1/5p1p/4p1p1/4P3/2BP2P1/1p2R1K1/2b5/r1B5 w - - 6 46,a2a1
39,EulerE,baso6666,1350,1330,6k1/5p1p/4p1p1/4P3/2BP2P1/1p2R1K1/1Bb5/r7 b - - 7 46,c1b2
39,EulerE,baso6666,1350,1330,6k1/5p1p/4p1p1/4P3/2BP2P1/1p2R1K1/1Bb5/1r6 w - - 8 47,a1b1
39,EulerE,baso6666,1350,1330,6k1/5p1p/4p1p1/4P3/2BP2P1/Bp2R1K1/2b5/1r6 b - - 9 47,b2a3
39,EulerE,baso6666,1350,1330,6k1/5p1p/4p1p1/4P3/2BP2P1/B3R1K1/1pb5/1r6 w - - 0 48,b3b2
39,EulerE,baso6666,1350,1330,6k1/5p1p/4p1p1/4P3/2BP2P1/B5K1/1pb1R3/1r6 b - - 1 48,e3e2
39,EulerE,baso6666,1350,1330,6k1/5p1p/4p1p1/4P3/2BP2P1/B5K1/1pb1R3/6r1 w - - 2 49,b1g1
39,EulerE,baso6666,1350,1330,6k1/5p1p/4p1p1/4P3/2BP2P1/B5K1/1pb3R1/6r1 b - - 3 49,e2g2
39,EulerE,baso6666,1350,1330,6k1/5p1p/4p1p1/4P3/2BP2P1/B5K1/1pb3r1/8 w - - 0 50,g1g2
39,EulerE,baso6666,1350,1330,6k1/5p1p/4p1p1/4P3/2BP2P1/B7/1pb3K1/8 b - - 0 50,g3g2
39,EulerE,baso6666,1350,1330,6k1/5p1p/4p1p1/4P3/2BP2P1/B7/2b3K1/1q6 w - - 0 51,b2b1q
40,Marceleao54,EulerE,1291,1357,rnbqkbnr/pppppppp/8/8/4P3/8/PPPP1PPP/RNBQKBNR b KQkq - 0 1,e2e4
40,Marceleao54,EulerE,1291,1357,rnbqkbnr/pppp1ppp/8/4p3/4P3/8/PPPP1PPP/RNBQKBNR w KQkq - 0 2,e7e5
40,Marceleao54,EulerE,1291,1357,rnbqkbnr/pppp1ppp/8/4p3/2B1P3/8/PPPP1PPP/RNBQK1NR b KQkq - 1 2,f1c4
40,Marceleao54,EulerE,1291,1357,r1bqkbnr/pppp1ppp/2n5/4p3/2B1P3/8/PPPP1PPP/RNBQK1NR w KQkq - 2 3,b8c6
40,Marceleao54,EulerE,1291,1357,r1bqkbnr/pppp1ppp/2n5/4p3/2B1P3/5N2/PPPP1PPP/RNBQK2R b KQkq - 3 3,g1f3
40,Marceleao54,EulerE,1291,1357,r1bqk1nr/pppp1ppp/2n5/2b1p3/2B1P3/5N2/PPPP1PPP/RNBQK2R w KQkq - 4 4,f8c5
40,Marceleao54,EulerE,1291,1357,r1bqk1nr/pppp1ppp/2n5/2b1p3/2B1P3/3P1N2/PPP2PPP/RNBQK2R b KQkq - 0 4,d2d3
40,Marceleao54,EulerE,1291,1357,r1bqk2r/pppp1ppp/2n2n2/2b1p3/2B1P3/3P1N2/PPP2PPP/RNBQK2R w KQkq - 1 5,g8f6
40,Marceleao54,EulerE,1291,1357,r1bqk2r/pppp1ppp/2n2n2/2b1p1N1/2B1P3/3P4/PPP2PPP/RNBQK2R b KQkq - 2 5,f3g5
40,Marceleao54,EulerE,1291,1357,r1bq1rk1/pppp1ppp/2n2n2/2b1p1N1/2B1P3/3P4/PPP2PPP/RNBQK2R w KQ - 3 6,e8g8
40,Marceleao54,EulerE,1291,1357,r1bq1rk1/pppp1ppp/2n2n2/2b1p1N1/2B1P3/3P4/PPP2PPP/RNBQ1RK1 b - - 4 6,e1g1
40,Marceleao54,EulerE,1291,1357,r1bq1rk1/1ppp1ppp/p1n2n2/2b1p1N1/2B1P3/3P4/PPP2PPP/RNBQ1RK1 w - - 0 7,a7a6
40,Marceleao54,EulerE,1291,1357,r1bq1rk1/1ppp1ppp/p1n2n2/2b1p1N1/P1B1P3/3P4/1PP2PPP/RNBQ1RK1 b - - 0 7,a2a4
40,Marceleao54,EulerE,1291,1357,r1bq1rk1/1pp2ppp/p1np1n2/2b1p1N1/P1B1P3/3P4/1PP2PPP/RNBQ1RK1 w - - 0 8,d7d6
40,Marceleao54,EulerE,1291,1357,r1bq1rk1/1pp2ppp/p1np1n2/2b1p1N1/P1B1P3/2NP4/1PP2PPP/R1BQ1RK1 b - - 1 8,b1c3
40,Marceleao54,EulerE,1291,1357,r1bq1rk1/1pp2pp1/p1np1n1p/2b1p1N1/P1B1P3/2NP4/1PP2PPP/R1BQ1RK1 w - - 0 9,h7h6
40,Marceleao54,EulerE,1291,1357,r1bq1rk1/1pp2pp1/p1np1n1p/2b1p3/P1B1P3/2NP1N2/1PP2PPP/R1BQ1RK1 b - - 1 9,g5f3
40,Marceleao54,EulerE,1291,1357,r1bqr1k1/1pp2pp1/p1np1n1p/2b1p3/P1B1P3/2NP1N2/1PP2PPP/R1BQ1RK1 w - - 2 10,f8e8
40,Marceleao54,EulerE,1291,1357,r1bqr1k1/1pp2pp1/p1np1n1p/2bNp3/P1B1P3/3P1N2/1PP2PPP/R1BQ1RK1 b - - 3 10,c3d5
40,Marceleao54,EulerE,1291,1357,r1bqr1k1/1pp2pp1/p1np3p/2bnp3/P1B1P3/3P1N2/1PP2PPP/R1BQ1RK1 w - - 0 11,f6d5
40,Marceleao54,EulerE,1291,1357,r1bqr1k1/1pp2pp1/p1np3p/2bBp3/P3P3/3P1N2/1PP2PPP/R1BQ1RK1 b - - 0 11,c4d5
40,Marceleao54,EulerE,1291,1357,r2qr1k1/1ppb1pp1/p1np3p/2bBp3/P3P3/3P1N2/1PP2PPP/R1BQ1RK1 w - - 1 12,c8d7
40,Marceleao54,EulerE,1291,1357,r2qr1k1/1ppb1pp1/p1np3p/2bBp3/P3P3/2PP1N2/1P3PPP/R1BQ1RK1 b - - 0 12,c2c3
40,Marceleao54,EulerE,1291,1357,r2qr1k1/1ppbnpp1/p2p3p/2bBp3/P3P3/2PP1N2/1P3PPP/R1BQ1RK1 w - - 1 13,c6e7
40,Marceleao54,EulerE,1291,1357,r2qr1k1/1ppbnpp1/p2p3p/2b1p3/P1B1P3/2PP1N2/1P3PPP/R1BQ1RK1 b - - 2 13,d5c4
40,Marceleao54,EulerE,1291,1357,r2qr1k1/2pbnpp1/p2p3p/1pb1p3/P1B1P3/2PP1N2/1P3PPP/R1BQ1RK1 w - - 0 14,b7b5
40,Marceleao54,EulerE,1291,1357,r2qr1k1/2pbnpp1/p2p3p/1Pb1p3/2B1P3/2PP1N2/1P3PPP/R1BQ1RK1 b - - 0 14,a4b5
40,Marceleao54,EulerE,1291,1357,r2qr1k1/2pbnpp1/3p3p/1pb1p3/2B1P3/2PP1N2/1P3PPP/R1BQ1RK1 w - - 0 15,a6b5
40,Marceleao54,EulerE,1291,1357,R2qr1k1/2pbnpp1/3p3p/1pb1p3/2B1P3/2PP1N2/1P3PPP/2BQ1RK1 b - - 0 15,a1a8
40,Marceleao54,EulerE,1291,1357,q3r1k1/2pbnpp1/3p3p/1pb1p3/2B1P3/2PP1N2/1P3PPP/2BQ1RK1 w - - 0 16,d8a8
40,Marceleao54,EulerE,1291,1357,q3r1k1/2pbnpp1/3p3p/1pb1p3/4P3/1BPP1N2/1P3PPP/2BQ1RK1 b - - 1 16,c4b3
40,Marceleao54,EulerE,1291,1357,qr4k1/2pbnpp1/3p3p/1pb1p3/4P3/1BPP1N2/1P3PPP/2BQ1RK1 w - - 2 17,e8b8
40,Marceleao54,EulerE,1291,1357,qr4k1/2pbnpp1/3p3p/1pb1p3/2P1P3/1B1P1N2/1P3PPP/2BQ1RK1 b - - 0 17,c3c4
40,Marceleao54,EulerE,1291,1357,qr4k1/2pbnpp1/3p3p/2b1p3/2p1P3/1B1P1N2/1P3PPP/2BQ1RK1 w - - 0 18,b5c4
40,Marceleao54,EulerE,1291,1357,qr4k1/2pbnpp1/3p3p/2b1p3/2B1P3/3P1N2/1P3PPP/2BQ1RK1 b - - 0 18,b3c4
40,Marceleao54,EulerE,1291,1357,qr4k1/2p1npp1/3p3p/1bb1p3/2B1P3/3P1N2/1P3PPP/2BQ1RK1 w - - 1 19,d7b5
40,Marceleao54,EulerE,1291,1357,qr4k1/2p1npp1/3p3p/1bb1p3/2B1P3/3P1N1P/1P3PP1/2BQ1RK1 b - - 0 19,h2h3
40,Marceleao54,EulerE,1291,1357,qr4k1/2p1npp1/3p3p/2b1p3/2b1P3/3P1N1P/1P3PP1/2BQ1RK1 w - - 0 20,b5c4
40,Marceleao54,EulerE,1291,1357,qr4k1/2p1npp1/3p3p/2b1p3/2P1P3/5N1P/1P3PP1/2BQ1RK1 b - - 0 20,d3c4
40,Marceleao54,EulerE,1291,1357,qr4k1/2p2pp1/2np3p/2b1p3/2P1P3/5N1P/1P3PP1/2BQ1RK1 w - - 1 21,e7c6
40,Marceleao54,EulerE,1291,1357,qr4k1/2p2pp1/2np3p/2b1p3/2P1P2N/7P/1P3PP1/2BQ1RK1 b - - 2 21,f3h4
40,Marceleao54,EulerE,1291,1357,qr4k1/2p2pp1/3p3p/2b1p3/2PnP2N/7P/1P3PP1/2BQ1RK1 w - - 3 22,c6d4
40,Marceleao54,EulerE,1291,1357,qr4k1/2p2pp1/3p3p/2b1p3/2PnP1QN/7P/1P3PP1/2B2RK1 b - - 4 22,d1g4
40,Marceleao54,EulerE,1291,1357,1r4k1/2p2pp1/3p3p/2b1p3/2PnP1QN/7P/qP3PP1/2B2RK1 w - - 5 23,a8a2
40,Marceleao54,EulerE,1291,1357,1r4k1/2p2pp1/3p3B/2b1p3/2PnP1QN/7P/qP3PP1/5RK1 b - - 0 23,c1h6
40,Marceleao54,EulerE,1291,1357,1r4k1/2p2pp1/3pn2B/2b1p3/2P1P1QN/7P/qP3PP1/5RK1 w - - 1 24,d4e6
40,Marceleao54,EulerE,1291,1357,1r4k1/2p2pp1/3pn2B/2b1pN2/2P1P1Q1/7P/qP3PP1/5RK1 b - - 2 24,h4f5
40,Marceleao54,EulerE,1291,1357,1r4k1/2p2p2/3pn1pB/2b1pN2/2P1P1Q1/7P/qP3PP1/5RK1 w - - 0 25,g7g6
40,Marceleao54,EulerE,1291,1357,1r4k1/2p1Np2/3pn1pB/2b1p3/2P1P1Q1/7P/qP3PP1/5RK1 b - - 1 25,f5e7
40,Marceleao54,EulerE,1291,1357,1r5k/2p1Np2/3pn1pB/2b1p3/2P1P1Q1/7P/qP3PP1/5RK1 w - - 2 26,g8h8
40,Marceleao54,EulerE,1291,1357,1r5k/2p1Np2/3pn1pB/2b1p3/2P1P3/5Q1P/qP3PP1/5RK1 b - - 3 26,g4f3
40,Marceleao54,EulerE,1291,1357,1r5k/2p1Np2/3p2pB/2b1p3/2P1Pn2/5Q1P/qP3PP1/5RK1 w - - 4 27,e6f4
40,Marceleao54,EulerE,1291,1357,1r5k/2p1Np2/3p2p1/2b1p3/2P1PB2/5Q1P/qP3PP1/5RK1 b - - 0 27,h6f4
40,Marceleao54,EulerE,1291,1357,1r5k/2p1Np2/3p2p1/2b5/2P1Pp2/5Q1P/qP3PP1/5RK1 w - - 0 28,e5f4
40,Marceleao54,EulerE,1291,1357,1r5k/2p1Np2/3p2p1/2b5/2P1PQ2/7P/qP3PP1/5RK1 b - - 0 28,f3f4
40,Marceleao54,EulerE,1291,1357,1r6/2p1Npk1/3p2p1/2b5/2P1PQ2/7P/qP3PP1/5RK1 w - - 1 29,h8g7
40,Marceleao54,EulerE,1291,1357,1r6/2p1Npk1/3p2p1/2b3Q1/2P1P3/7P/qP3PP1/5RK1 b - - 2 29,f4g5
40,Marceleao54,EulerE,1291,1357,1r6/2p1Npk1/3p2p1/2b3Q1/2q1P3/7P/1P3PP1/5RK1 w - - 0 30,a2c4
40,Marceleao54,EulerE,1291,1357,1r6/2p2pk1/3p2p1/2b2NQ1/2q1P3/7P/1P3PP1/5RK1 b - - 1 30,e7f5
40,Marceleao54,EulerE,1291,1357,1r3k2/2p2p2/3p2p1/2b2NQ1/2q1P3/7P/1P3PP1/5RK1 w - - 2 31,g7f8
40,Marceleao54,EulerE,1291,1357,1r3k2/2p2p2/3p2pQ/2b2N2/2q1P3/7P/1P3PP1/5RK1 b - - 3 31,g5h6
40,Marceleao54,EulerE,1291,1357,1r2k3/2p2p2/3p2pQ/2b2N2/2q1P3/7P/1P3PP1/5RK1 w - - 4 32,f8e8
40,Marceleao54,EulerE,1291,1357,1r2k2Q/2p2p2/3p2p1/2b2N2/2q1P3/7P/1P3PP1/5RK1 b - - 5 32,h6h8
40,Marceleao54,EulerE,1291,1357,1r5Q/2pk1p2/3p2p1/2b2N2/2q1P3/7P/1P3PP1/5RK1 w - - 6 33,e8d7
40,Marceleao54,EulerE,1291,1357,1Q6/2pk1p2/3p2p1/2b2N2/2q1P3/7P/1P3PP1/5RK1 b - - 0 33,h8b8
40,Marceleao54,EulerE,1291,1357,1Q6/2pk1p2/3p4/2b2p2/2q1P3/7P/1P3PP1/5RK1 w - - 0 34,g6f5
40,Marceleao54,EulerE,1291,1357,1Q6/2pk1p2/3p4/2b2P2/2q5/7P/1P3PP1/5RK1 b - - 0 34,e4f5
40,Marceleao54,EulerE,1291,1357,1Q6/2pk1p2/3p4/2b2P2/5q2/7P/1P3PP1/5RK1 w - - 1 35,c4f4
40,Marceleao54,EulerE,1291,1357,8/2pk1p2/3p4/1Qb2P2/5q2/7P/1P3PP1/5RK1 b - - 2 35,b8b5
40,Marceleao54,EulerE,1291,1357,3k4/2p2p2/3p4/1Qb2P2/5q2/7P/1P3PP1/5RK1 w - - 3 36,d7d8
40,Marceleao54,EulerE,1291,1357,3k4/2p2p2/3p4/2b2P2/5q2/3Q3P/1P3PP1/5RK1 b - - 4 36,b5d3
40,Marceleao54,EulerE,1291,1357,2k5/2p2p2/3p4/2b2P2/5q2/3Q3P/1P3PP1/5RK1 w - - 5 37,d8c8
40,Marceleao54,EulerE,1291,1357,2k5/2p2p2/3p1P2/2b5/5q2/3Q3P/1P3PP1/5RK1 b - - 0 37,f5f6
40,Marceleao54,EulerE,1291,1357,2k5/2p2p2/3p1q2/2b5/8/3Q3P/1P3PP1/5RK1 w - - 0 38,f4f6
40,Marceleao54,EulerE,1291,1357,2k5/2p2p2/3p1q2/2b5/4Q3/7P/1P3PP1/5RK1 b - - 1 38,d3e4
40,Marceleao54,EulerE,1291,1357,2k5/2p2p2/3p4/2b5/4Q3/7P/1q3PP1/5RK1 w - - 0 39,f6b2
40,Marceleao54,EulerE,1291,1357,2k1Q3/2p2p2/3p4/2b5/8/7P/1q3PP1/5RK1 b - - 1 39,e4e8
40,Marceleao54,EulerE,1291,1357,4Q3/1kp2p2/3p4/2b5/8/7P/1q3PP1/5RK1 w - - 2 40,c8b7
40,Marceleao54,EulerE,1291,1357,8/1kp2Q2/3p4/2b5/8/7P/1q3PP1/5RK1 b - - 0 40,e8f7
40,Marceleao54,EulerE,1291,1357,8/1kp2Q2/3p4/2b1q3/8/7P/5PP1/5RK1 w - - 1 41,b2e5
40,Marceleao54,EulerE,1291,1357,8/1kp2Q2/3p4/2b1q3/8/7P/5PP1/1R4K1 b - - 2 41,f1b1
40,Marceleao54,EulerE,1291,1357,8/2p2Q2/2kp4/2b1q3/8/7P/5PP1/1R4K1 w - - 3 42,b7c6
40,Marceleao54,EulerE,1291,1357,8/2p5/2kp4/2b1q3/8/5Q1P/5PP1/1R4K1 b - - 4 42,f7f3
40,Marceleao54,EulerE,1291,1357,8/2p5/2k5/2bpq3/8/5Q1P/5PP1/1R4K1 w - - 0 43,d6d5
40,Marceleao54,EulerE,1291,1357,8/2p5/2k5/2bpq3/8/1Q5P/5PP1/1R4K1 b - - 1 43,f3b3
40,Marceleao54,EulerE,1291,1357,8/2p5/2k5/2bp1q2/8/1Q5P/5PP1/1R4K1 w - - 2 44,e5f5
40,Marceleao54,EulerE,1291,1357,8/2p5/2k5/1Qbp1q2/8/7P/5PP1/1R4K1 b - - 3 44,b3b5
40,Marceleao54,EulerE,1291,1357,8/2p5/3k4/1Qbp1q2/8/7P/5PP1/1R4K1 w - - 4 45,c6d6
40,Marceleao54,EulerE,1291,1357,8/2p5/Q2k4/2bp1q2/8/7P/5PP1/1R4K1 b - - 5 45,b5a6
40,Marceleao54,EulerE,1291,1357,8/2p5/Qb1k4/3p1q2/8/7P/5PP1/1R4K1 w - - 6 46,c5b6
40,Marceleao54,EulerE,1291,1357,8/2p5/QR1k4/3p1q2/8/7P/5PP1/6K1 b - - 0 46,b1b6
40,Marceleao54,EulerE,1291,1357,8/8/Qp1k4/3p1q2/8/7P/5PP1/6K1 w - - 0 47,c7b6
40,Marceleao54,EulerE,1291,1357,8/8/1Q1k4/3p1q2/8/7P/5PP1/6K1 b - - 0 47,a6b6
40,Marceleao54,EulerE,1291,1357,8/8/1Q6/3pkq2/8/7P/5PP1/6K1 w - - 1 48,d6e5
40,Marceleao54,EulerE,1291,1357,8/8/8/3pkq2/8/4Q2P/5PP1/6K1 b - - 2 48,b6e3
40,Marceleao54,EulerE,1291,1357,8/8/3k4/3p1q2/8/4Q2P/5PP1/6K1 w - - 3 49,e5d6
40,Marceleao54,EulerE,1291,1357,8/8/3k4/3p1q2/8/4Q1PP/5P2/6K1 b - - 0 49,g2g3
40,Marceleao54,EulerE,1291,1357,8/8/3k4/3p4/8/4Q1PP/5P2/1q4K1 w - - 1 50,f5b1
40,Marceleao54,EulerE,1291,1357,8/8/3k4/3p4/8/4Q1PP/5P1K/1q6 b - - 2 50,g1h2
40,Marceleao54,EulerE,1291,1357,8/8/2k5/3p4/8/4Q1PP/5P1K/1q6 w - - 3 51,d6c6
40,Marceleao54,EulerE,1291,1357,8/8/2k5/3p4/7P/4Q1P1/5P1K/1q6 b - - 0 51,h3h4
40,Marceleao54,EulerE,1291,1357,8/8/2k5/3p4/1q5P/4Q1P1/5P1K/8 w - - 1 52,b1b4
40,Marceleao54,EulerE,1291,1357,8/8/2k1Q3/3p4/1q5P/6P1/5P1K/8 b - - 2 52,e3e6
40,Marceleao54,EulerE,1291,1357,8/8/4Q3/2kp4/1q5P/6P1/5P1K/8 w - - 3 53,c6c5
40,Marceleao54,EulerE,1291,1357,8/4Q3/8/2kp4/1q5P/6P1/5P1K/8 b - - 4 53,e6e7
40,Marceleao54,EulerE,1291,1357,8/4Q3/8/3p4/1qk4P/6P1/5P1K/8 w - - 5 54,c5c4
40,Marceleao54,EulerE,1291,1357,8/8/8/3p4/1Qk4P/6P1/5P1K/8 b - - 0 54,e7b4
40,Marceleao54,EulerE,1291,1357,8/8/8/3p4/1k5P/6P1/5P1K/8 w - - 0 55,c4b4
40,Marceleao54,EulerE,1291,1357,8/8/8/3p4/1k5P/6P1/5P2/6K1 b - - 1 55,h2g1
40,Marceleao54,EulerE,1291,1357,8/8/8/3p4/7P/2k3P1/5P2/6K1 w - - 2 56,b4c3
40,Marceleao54,EulerE,1291,1357,8/8/8/3p4/7P/2k3P1/5P2/5K2 b - - 3 56,g1f1
40,Marceleao54,EulerE,1291,1357,8/8/8/8/3p3P/2k3P1/5P2/5K2 w - - 0 57,d5d4
40,Marceleao54,EulerE,1291,1357,8/8/8/8/3p3P/2k3P1/5P2/4K3 b - - 1 57,f1e1
40,Marceleao54,EulerE,1291,1357,8/8/8/8/3p3P/6P1/2k2P2/4K3 w - - 2 58,c3c2
40,Marceleao54,EulerE,1291,1357,8/8/8/7P/3p4/6P1/2k2P2/4K3 b - - 0 58,h4h5
40,Marceleao54,EulerE,1291,1357,8/8/8/7P/8/3p2P1/2k2P2/4K3 w - - 0 59,d4d3
40,Marceleao54,EulerE,1291,1357,8/8/7P/8/8/3p2P1/2k2P2/4K3 b - - 0 59,h5h6
40,Marceleao54,EulerE,1291,1357,8/8/7P/8/8/6P1/2kp1P2/4K3 w - - 0 60,d3d2
40,Marceleao54,EulerE,1291,1357,8/8/7P/8/8/6P1/2kpKP2/8 b - - 1 60,e1e2
40,Marceleao54,EulerE,1291,1357,8/8/7P/8/8/6P1/2k1KP2/3q4 w - - 0 61,d2d1q
40,Marceleao54,EulerE,1291,1357,8/8/7P/8/8/4K1P1/2k2P2/3q4 b - - 1 61,e2e3
40,Marceleao54,EulerE,1291,1357,8/8/3q3P/8/8/4K1P1/2k2P2/8 w - - 2 62,d1d6
40,Marceleao54,EulerE,1291,1357,8/8/3q3P/8/5P2/4K1P1/2k5/8 b - - 0 62,f2f4
40,Marceleao54,EulerE,1291,1357,8/8/7q/8/5P2/4K1P1/2k5/8 w - - 0 63,d6h6
40,Marceleao54,EulerE,1291,1357,8/8/7q/8/5PP1/4K3/2k5/8 b - - 0 63,g3g4
40,Marceleao54,EulerE,1291,1357,8/8/8/8/5PPq/4K3/2k5/8 w - - 1 64,h6h4
40,Marceleao54,EulerE,1291,1357,8/8/8/6P1/5P1q/4K3/2k5/8 b - - 0 64,g4g5
40,Marceleao54,EulerE,1291,1357,8/8/8/6P1/5P1q/2k1K3/8/8 w - - 1 65,c2c3
40,Marceleao54,EulerE,1291,1357,8/8/8/6P1/4KP1q/2k5/8/8 b - - 2 65,e3e4
40,Marceleao54,EulerE,1291,1357,8/8/8/6P1/2k1KP1q/8/8/8 w - - 3 66,c3c4
40,Marceleao54,EulerE,1291,1357,8/8/6P1/8/2k1KP1q/8/8/8 b - - 0 66,g5g6
40,Marceleao54,EulerE,1291,1357,8/8/6P1/8/2k1KPq1/8/8/8 w - - 1 67,h4g4
40,Marceleao54,EulerE,1291,1357,8/8/6P1/4K3/2k2Pq1/8/8/8 b - - 2 67,e4e5
40,Marceleao54,EulerE,1291,1357,8/8/6q1/4K3/2k2P2/8/8/8 w - - 0 68,g4g6
40,Marceleao54,EulerE,1291,1357,8/8/6q1/4KP2/2k5/8/8/8 b - - 0 68,f4f5
40,Marceleao54,EulerE,1291,1357,4q3/8/8/4KP2/2k5/8/8/8 w - - 1 69,g6e8
40,Marceleao54,EulerE,1291,1357,4q3/8/5K2/5P2/2k5/8/8/8 b - - 2 69,e5f6
40,Marceleao54,EulerE,1291,1357,5q2/8/5K2/5P2/2k5/8/8/8 w - - 3 70,e8f8
40,Marceleao54,EulerE,1291,1357,5q2/8/8/5PK1/2k5/8/8/8 b - - 4 70,f6g5
40,Marceleao54,EulerE,1291,1357,5q2/8/8/3k1PK1/8/8/8/8 w - - 5 71,c4d5
40,Marceleao54,EulerE,1291,1357,5q2/8/5P2/3k2K1/8/8/8/8 b - - 0 71,f5f6
40,Marceleao54,EulerE,1291,1357,5q2/8/3k1P2/6K1/8/8/8/8 w - - 1 72,d5d6
40,Marceleao54,EulerE,1291,1357,5q2/8/3k1PK1/8/8/8/8/8 b - - 2 72,g5g6
40,Marceleao54,EulerE,1291,1357,5q2/8/4kPK1/8/8/8/8/8 w - - 3 73,d6e6
41,ramachandra65,EulerE,1357,1349,rnbqkbnr/pppppppp/8/8/8/6P1/PPPPPP1P/RNBQKBNR b KQkq - 0 1,g2g3
41,ramachandra65,EulerE,1357,1349,rnbqkbnr/pppp1ppp/8/4p3/8/6P1/PPPPPP1P/RNBQKBNR w KQkq - 0 2,e7e5
41,ramachandra65,EulerE,1357,1349,rnbqkbnr/pppp1ppp/8/4p3/8/6P1/PPPPPPBP/RNBQK1NR b KQkq - 1 2,f1g2
41,ramachandra65,EulerE,1357,1349,rnbqkb1r/pppp1ppp/5n2/4p3/8/6P1/PPPPPPBP/RNBQK1NR w KQkq - 2 3,g8f6
41,ramachandra65,EulerE,1357,1349,rnbqkb1r/pppp1ppp/5n2/4p3/8/5NP1/PPPPPPBP/RNBQK2R b KQkq - 3 3,g1f3
41,ramachandra65,EulerE,1357,1349,r1bqkb1r/pppp1ppp/2n2n2/4p3/8/5NP1/PPPPPPBP/RNBQK2R w KQkq - 4 4,b8c6
41,ramachandra65,EulerE,1357,1349,r1bqkb1r/pppp1ppp/2n2n2/4p3/8/3P1NP1/PPP1PPBP/RNBQK2R b KQkq - 0 4,d2d3
41,ramachandra65,EulerE,1357,1349,r1bqkb1r/ppp2ppp/2n2n2/3pp3/8/3P1NP1/PPP1PPBP/RNBQK2R w KQkq - 0 5,d7d5
41,ramachandra65,EulerE,1357,1349,r1bqkb1r/ppp2ppp/2n2n2/3pp3/8/2PP1NP1/PP2PPBP/RNBQK2R b KQkq - 0 5,c2c3
41,ramachandra65,EulerE,1357,1349,r1bqkb1r/ppp2ppp/2n2n2/3p4/4p3/2PP1NP1/PP2PPBP/RNBQK2R w KQkq - 0 6,e5e4
41,ramachandra65,EulerE,1357,1349,r1bqkb1r/ppp2ppp/2n2n2/3p4/4P3/2P2NP1/PP2PPBP/RNBQK2R b KQkq - 0 6,d3e4
41,ramachandra65,EulerE,1357,1349,r1bqkb1r/ppp2ppp/2n2n2/8/4p3/2P2NP1/PP2PPBP/RNBQK2R w KQkq - 0 7,d5e4
41,ramachandra65,EulerE,1357,1349,r1bqkb1r/ppp2ppp/2n2n2/8/3Np3/2P3P1/PP2PPBP/RNBQK2R b KQkq - 1 7,f3d4
41,ramachandra65,EulerE,1357,1349,r1bqkb1r/ppp2ppp/5n2/8/3np3/2P3P1/PP2PPBP/RNBQK2R w KQkq - 0 8,c6d4
41,ramachandra65,EulerE,1357,1349,r1bqkb1r/ppp2ppp/5n2/8/3Qp3/2P3P1/PP2PPBP/RNB1K2R b KQkq - 0 8,d1d4
41,ramachandra65,EulerE,1357,1349,r1b1kb1r/ppp2ppp/5n2/8/3qp3/2P3P1/PP2PPBP/RNB1K2R w KQkq - 0 9,d8d4
41,ramachandra65,EulerE,1357,1349,r1b1kb1r/ppp2ppp/5n2/8/3Pp3/6P1/PP2PPBP/RNB1K2R b KQkq - 0 9,c3d4
41,ramachandra65,EulerE,1357,1349,r1b1kb1r/ppp2p1p/5np1/8/3Pp3/6P1/PP2PPBP/RNB1K2R w KQkq - 0 10,g7g6
41,ramachandra65,EulerE,1357,1349,r1b1kb1r/ppp2p1p/5np1/8/3Pp3/4P1P1/PP3PBP/RNB1K2R b KQkq - 0 10,e2e3
41,ramachandra65,EulerE,1357,1349,r1b1k2r/ppp2pbp/5np1/8/3Pp3/4P1P1/PP3PBP/RNB1K2R w KQkq - 1 11,f8g7
41,ramachandra65,EulerE,1357,1349,r1b1k2r/ppp2pbp/5np1/8/3Pp3/4P1P1/PP1N1PBP/R1B1K2R b KQkq - 2 11,b1d2
41,ramachandra65,EulerE,1357,1349,r1b2rk1/ppp2pbp/5np1/8/3Pp3/4P1P1/PP1N1PBP/R1B1K2R w KQ - 3 12,e8g8
41,ramachandra65,EulerE,1357,1349,r1b2rk1/ppp2pbp/5np1/8/3PN3/4P1P1/PP3PBP/R1B1K2R b KQ - 0 12,d2e4
41,ramachandra65,EulerE,1357,1349,r1b2rk1/ppp2pbp/6p1/8/3Pn3/4P1P1/PP3PBP/R1B1K2R w KQ - 0 13,f6e4
41,ramachandra65,EulerE,1357,1349,r1b2rk1/ppp2pbp/6p1/8/3PB3/4P1P1/PP3P1P/R1B1K2R b KQ - 0 13,g2e4
41,ramachandra65,EulerE,1357,1349,1rb2rk1/ppp2pbp/6p1/8/3PB3/4P1P1/PP3P1P/R1B1K2R w KQ - 1 14,a8b8
41,ramachandra65,EulerE,1357,1349,1rb2rk1/ppp2pbp/6p1/8/3PB3/4P1P1/PP1B1P1P/R3K2R b KQ - 2 14,c1d2
41,ramachandra65,EulerE,1357,1349,1rb2rk1/ppp3bp/6p1/5p2/3PB3/4P1P1/PP1B1P1P/R3K2R w KQ - 0 15,f7f5
41,ramachandra65,EulerE,1357,1349,1rb2rk1/ppp3bp/6p1/3B1p2/3P4/4P1P1/PP1B1P1P/R3K2R b KQ - 1 15,e4d5
41,ramachandra65,EulerE,1357,1349,1rb2r1k/ppp3bp/6p1/3B1p2/3P4/4P1P1/PP1B1P1P/R3K2R w KQ - 2 16,g8h8
41,ramachandra65,EulerE,1357,1349,1rb2r1k/ppp3bp/6p1/3B1p2/1B1P4/4P1P1/PP3P1P/R3K2R b KQ - 3 16,d2b4
41,ramachandra65,EulerE,1357,1349,1rbr3k/ppp3bp/6p1/3B1p2/1B1P4/4P1P1/PP3P1P/R3K2R w KQ - 4 17,f8d8
41,ramachandra65,EulerE,1357,1349,1rbr3k/ppp3bp/6p1/5p2/1B1P4/4P1P1/PP3PBP/R3K2R b KQ - 5 17,d5g2
41,ramachandra65,EulerE,1357,1349,1r1r3k/ppp3bp/4b1p1/5p2/1B1P4/4P1P1/PP3PBP/R3K2R w KQ - 6 18,c8e6
41,ramachandra65,EulerE,1357,1349,1r1r3k/ppp3bp/4b1p1/5p2/1B1P4/4P1P1/PP3PBP/R4RK1 b - - 7 18,e1g1
41,ramachandra65,EulerE,1357,1349,1r1r3k/ppp3bp/6p1/3b1p2/1B1P4/4P1P1/PP3PBP/R4RK1 w - - 8 19,e6d5
41,ramachandra65,EulerE,1357,1349,1r1r3k/ppp3bp/6p1/3b1p2/1B1P4/P3P1P1/1P3PBP/R4RK1 b - - 0 19,a2a3
41,ramachandra65,EulerE,1357,1349,1r1r1b1k/ppp4p/6p1/3b1p2/1B1P4/P3P1P1/1P3PBP/R4RK1 w - - 1 20,g7f8
41,ramachandra65,EulerE,1357,1349,1r1r1b1k/ppp4p/6p1/3b1p2/1B1P4/P3P1P1/1P3PBP/R1R3K1 b - - 2 20,f1c1
41,ramachandra65,EulerE,1357,1349,1r1r3k/ppp4p/6p1/3b1p2/1b1P4/P3P1P1/1P3PBP/R1R3K1 w - - 0 21,f8b4
41,ramachandra65,EulerE,1357,1349,1r1r3k/ppp4p/6p1/3b1p2/1P1P4/4P1P1/1P3PBP/R1R3K1 b - - 0 21,a3b4
41,ramachandra65,EulerE,1357,1349,1r1r3k/ppp4p/6p1/5p2/1P1P4/4P1P1/1P3PbP/R1R3K1 w - - 0 22,d5g2
41,ramachandra65,EulerE,1357,1349,1r1r3k/ppp4p/6p1/5p2/1P1P4/4P1P1/1P3PKP/R1R5 b - - 0 22,g1g2
41,ramachandra65,EulerE,1357,1349,1r1r3k/pp5p/2p3p1/5p2/1P1P4/4P1P1/1P3PKP/R1R5 w - - 0 23,c7c6
41,ramachandra65,EulerE,1357,1349,1r1r3k/Rp5p/2p3p1/5p2/1P1P4/4P1P1/1P3PKP/2R5 b - - 0 23,a1a7
41,ramachandra65,EulerE,1357,1349,1r5k/Rp5p/2p3p1/3r1p2/1P1P4/4P1P1/1P3PKP/2R5 w - - 1 24,d8d5
41,ramachandra65,EulerE,1357,1349,1r5k/Rp5p/2p3p1/2Rr1p2/1P1P4/4P1P1/1P3PKP/8 b - - 2 24,c1c5
41,ramachandra65,EulerE,1357,1349,1r5k/Rp1r3p/2p3p1/2R2p2/1P1P4/4P1P1/1P3PKP/8 w - - 3 25,d5d7
41,ramachandra65,EulerE,1357,1349,1r5k/Rp1r3p/2p3p1/4Rp2/1P1P4/4P1P1/1P3PKP/8 b - - 4 25,c5e5
41,ramachandra65,EulerE,1357,1349,1r6/Rp1r2kp/2p3p1/4Rp2/1P1P4/4P1P1/1P3PKP/8 w - - 5 26,h8g7
41,ramachandra65,EulerE,1357,1349,1r6/Rp1r2kp/2p3p1/4Rp2/1P1P4/1P2P1P1/5PKP/8 b - - 0 26,b2b3
41,ramachandra65,EulerE,1357,1349,1r6/Rp1r3p/2p2kp1/4Rp2/1P1P4/1P2P1P1/5PKP/8 w - - 1 27,g7f6
41,ramachandra65,EulerE,1357,1349,1r6/Rp1r3p/2p2kp1/1P2Rp2/3P4/1P2P1P1/5PKP/8 b - - 0 27,b4b5
41,ramachandra65,EulerE,1357,1349,1r6/Rp1r3p/5kp1/1p2Rp2/3P4/1P2P1P1/5PKP/8 w - - 0 28,c6b5
41,ramachandra65,EulerE,1357,1349,1r6/Rp1r3p/5kp1/1R3p2/3P4/1P2P1P1/5PKP/8 b - - 0 28,e5b5
41,ramachandra65,EulerE,1357,1349,1r6/Rp1r3p/6p1/1R3pk1/3P4/1P2P1P1/5PKP/8 w - - 1 29,f6g5
41,ramachandra65,EulerE,1357,1349,1r6/Rp1r3p/6p1/1R3pk1/3P4/1P2PKP1/5P1P/8 b - - 2 29,g2f3
41,ramachandra65,EulerE,1357,1349,1r6/Rp1r4/6p1/1R3pkp/3P4/1P2PKP1/5P1P/8 w - - 0 30,h7h5
41,ramachandra65,EulerE,1357,1349,1r6/Rp1r4/6p1/1R3pkp/3P3P/1P2PKP1/5P2/8 b - - 0 30,h2h4
41,ramachandra65,EulerE,1357,1349,1r6/Rp1r4/6pk/1R3p1p/3P3P/1P2PKP1/5P2/8 w - - 1 31,g5h6
41,ramachandra65,EulerE,1357,1349,1r6/Rp1r4/6pk/1R3p1p/3P1K1P/1P2P1P1/5P2/8 b - - 2 31,f3f4
41,ramachandra65,EulerE,1357,1349,1r6/Rp2r3/6pk/1R3p1p/3P1K1P/1P2P1P1/5P2/8 w - - 3 32,d7e7
41,ramachandra65,EulerE,1357,1349,1r6/Rp2r3/6pk/1R3p1p/1P1P1K1P/4P1P1/5P2/8 b - - 0 32,b3b4
41,ramachandra65,EulerE,1357,1349,1r6/Rp6/6pk/1R3p1p/1P1PrK1P/4P1P1/5P2/8 w - - 1 33,e7e4
41,ramachandra65,EulerE,1357,1349,1r6/Rp6/6pk/1R3p1p/1P1Pr2P/4PKP1/5P2/8 b - - 2 33,f4f3
41,ramachandra65,EulerE,1357,1349,1r6/Rp2r3/6pk/1R3p1p/1P1P3P/4PKP1/5P2/8 w - - 3 34,e4e7
41,ramachandra65,EulerE,1357,1349,1r6/Rp2r3/1R4pk/5p1p/1P1P3P/4PKP1/5P2/8 b - - 4 34,b5b6
41,ramachandra65,EulerE,1357,1349,1r6/Rp2r1k1/1R4p1/5p1p/1P1P3P/4PKP1/5P2/8 w - - 5 35,h6g7
41,ramachandra65,EulerE,1357,1349,1r6/Rp2r1k1/1R4p1/5p1p/1P1P1K1P/4P1P1/5P2/8 b - - 6 35,f3f4
41,ramachandra65,EulerE,1357,1349,1r6/Rp2r3/1R4pk/5p1p/1P1P1K1P/4P1P1/5P2/8 w - - 7 36,g7h6
41,ramachandra65,EulerE,1357,1349,1r6/Rp2r3/1R4pk/1P3p1p/3P1K1P/4P1P1/5P2/8 b - - 0 36,b4b5
41,ramachandra65,EulerE,1357,1349,1r6/Rp6/1R4pk/1P3p1p/3PrK1P/4P1P1/5P2/8 w - - 1 37,e7e4
41,ramachandra65,EulerE,1357,1349,1r6/Rp6/1R4pk/1P3p1p/3Pr2P/4PKP1/5P2/8 b - - 2 37,f4f3
41,ramachandra65,EulerE,1357,1349,1r6/Rp2r3/1R4pk/1P3p1p/3P3P/4PKP1/5P2/8 w - - 3 38,e4e7
41,ramachandra65,EulerE,1357,1349,1r6/Rp2r3/3R2pk/1P3p1p/3P3P/4PKP1/5P2/8 b - - 4 38,b6d6
41,ramachandra65,EulerE,1357,1349,1r6/Rp2r1k1/3R2p1/1P3p1p/3P3P/4PKP1/5P2/8 w - - 5 39,h6g7
41,ramachandra65,EulerE,1357,1349,1r6/Rp2r1k1/1P1R2p1/5p1p/3P3P/4PKP1/5P2/8 b - - 0 39,b5b6
41,ramachandra65,EulerE,1357,1349,1r6/Rp2r3/1P1R2pk/5p1p/3P3P/4PKP1/5P2/8 w - - 1 40,g7h6
41,ramachandra65,EulerE,1357,1349,1r6/1p2r3/1P1R2pk/R4p1p/3P3P/4PKP1/5P2/8 b - - 2 40,a7a5
41,ramachandra65,EulerE,1357,1349,1r6/1p6/1P1R2pk/R4p1p/3Pr2P/4PKP1/5P2/8 w - - 3 41,e7e4
41,ramachandra65,EulerE,1357,1349,1r6/1p6/1P1R2pk/5R1p/3Pr2P/4PKP1/5P2/8 b - - 0 41,a5f5
41,ramachandra65,EulerE,1357,1349,1r6/1p6/1P1R2pk/5R1p/3P2rP/4PKP1/5P2/8 w - - 1 42,e4g4
41,ramachandra65,EulerE,1357,1349,1r6/1p3R2/1P1R2pk/7p/3P2rP/4PKP1/5P2/8 b - - 2 42,f5f7
41,ramachandra65,EulerE,1357,1349,6r1/1p3R2/1P1R2pk/7p/3P2rP/4PKP1/5P2/8 w - - 3 43,b8g8
41,ramachandra65,EulerE,1357,1349,6r1/1p1R1R2/1P4pk/7p/3P2rP/4PKP1/5P2/8 b - - 4 43,d6d7
41,ramachandra65,EulerE,1357,1349,8/1p1R1Rr1/1P4pk/7p/3P2rP/4PKP1/5P2/8 w - - 5 44,g8g7
42,EulerE,lacahc,1340,1336,rnbqkbnr/pppppppp/8/8/3P4/8/PPP1PPPP/RNBQKBNR b KQkq - 0 1,d2d4
42,EulerE,lacahc,1340,1336,rnbqkbnr/pppp1ppp/8/4p3/3P4/8/PPP1PPPP/RNBQKBNR w KQkq - 0 2,e7e5
42,EulerE,lacahc,1340,1336,rnbqkbnr/pppp1ppp/8/4P3/8/8/PPP1PPPP/RNBQKBNR b KQkq - 0 2,d4e5
42,EulerE,lacahc,1340,1336,rnbqk1nr/pppp1ppp/8/2b1P3/8/8/PPP1PPPP/RNBQKBNR w KQkq - 1 3,f8c5
42,EulerE,lacahc,1340,1336,rnbqk1nr/pppp1ppp/8/2b1P3/8/5N2/PPP1PPPP/RNBQKB1R b KQkq - 2 3,g1f3
42,EulerE,lacahc,1340,1336,rnbqk1nr/ppp2ppp/3p4/2b1P3/8/5N2/PPP1PPPP/RNBQKB1R w KQkq - 0 4,d7d6
42,EulerE,lacahc,1340,1336,rnbqk1nr/ppp2ppp/3P4/2b5/8/5N2/PPP1PPPP/RNBQKB1R b KQkq - 0 4,e5d6
42,EulerE,lacahc,1340,1336,rnbqk2r/ppp1nppp/3P4/2b5/8/5N2/PPP1PPPP/RNBQKB1R w KQkq - 1 5,g8e7
42,EulerE,lacahc,1340,1336,rnbqk2r/ppp1nppp/3P4/2b5/4P3/5N2/PPP2PPP/RNBQKB1R b KQkq - 0 5,e2e4
42,EulerE,lacahc,1340,1336,rnbqk2r/ppp1nppp/3b4/8/4P3/5N2/PPP2PPP/RNBQKB1R w KQkq - 0 6,c5d6
42,EulerE,lacahc,1340,1336,rnbqk2r/ppp1nppp/3b4/8/4P3/2N2N2/PPP2PPP/R1BQKB1R b KQkq - 1 6,b1c3
42,EulerE,lacahc,1340,1336,rnbq1rk1/ppp1nppp/3b4/8/4P3/2N2N2/PPP2PPP/R1BQKB1R w KQ - 2 7,e8g8
42,EulerE,lacahc,1340,1336,rnbq1rk1/ppp1nppp/3b4/8/2B1P3/2N2N2/PPP2PPP/R1BQK2R b KQ - 3 7,f1c4
42,EulerE,lacahc,1340,1336,rn1q1rk1/ppp1nppp/3bb3/8/2B1P3/2N2N2/PPP2PPP/R1BQK2R w KQ - 4 8,c8e6
42,EulerE,lacahc,1340,1336,rn1q1rk1/ppp1nppp/3bB3/8/4P3/2N2N2/PPP2PPP/R1BQK2R b KQ - 0 8,c4e6
42,EulerE,lacahc,1340,1336,rn1q1rk1/ppp1n1pp/3bp3/8/4P3/2N2N2/PPP2PPP/R1BQK2R w KQ - 0 9,f7e6
42,EulerE,lacahc,1340,1336,rn1q1rk1/ppp1n1pp/3bp3/8/4P3/2N2N2/PPP2PPP/R1BQ1RK1 b - - 1 9,e1g1
42,EulerE,lacahc,1340,1336,rn1q1rk1/ppp3pp/3bp1n1/8/4P3/2N2N2/PPP2PPP/R1BQ1RK1 w - - 2 10,e7g6
42,EulerE,lacahc,1340,1336,rn1q1rk1/ppp3pp/3bp1n1/8/4P3/2N2N2/PPP2PPP/R1BQR1K1 b - - 3 10,f1e1
42,EulerE,lacahc,1340,1336,rn1q1rk1/ppp3pp/3bp3/8/4Pn2/2N2N2/PPP2PPP/R1BQR1K1 w - - 4 11,g6f4
42,EulerE,lacahc,1340,1336,rn1q1rk1/ppp3pp/3bp3/8/4PB2/2N2N2/PPP2PPP/R2QR1K1 b - - 0 11,c1f4
42,EulerE,lacahc,1340,1336,rn1q1rk1/ppp3pp/4p3/8/4Pb2/2N2N2/PPP2PPP/R2QR1K1 w - - 0 12,d6f4
42,EulerE,lacahc,1340,1336,rn1q1rk1/ppp3pp/4p3/8/4Pb2/5N2/PPP1NPPP/R2QR1K1 b - - 1 12,c3e2
42,EulerE,lacahc,1340,1336,rn1q1rk1/ppp3pp/3bp3/8/4P3/5N2/PPP1NPPP/R2QR1K1 w - - 2 13,f4d6
42,EulerE,lacahc,1340,1336,rn1q1rk1/ppp3pp/3bp3/4P3/8/5N2/PPP1NPPP/R2QR1K1 b - - 0 13,e4e5
42,EulerE,lacahc,1340,1336,rn1q1rk1/ppp1b1pp/4p3/4P3/8/5N2/PPP1NPPP/R2QR1K1 w - - 1 14,d6e7
42,EulerE,lacahc,1340,1336,rn1q1rk1/ppp1b1pp/4p3/4P3/3N4/5N2/PPP2PPP/R2QR1K1 b - - 2 14,e2d4
42,EulerE,lacahc,1340,1336,rn3rk1/pppqb1pp/4p3/4P3/3N4/5N2/PPP2PPP/R2QR1K1 w - - 3 15,d8d7
42,EulerE,lacahc,1340,1336,rn3rk1/pppqb1pp/4p3/4P3/3N4/3Q1N2/PPP2PPP/R3R1K1 b - - 4 15,d1d3
42,EulerE,lacahc,1340,1336,r4rk1/pppqb1pp/2n1p3/4P3/3N4/3Q1N2/PPP2PPP/R3R1K1 w - - 5 16,b8c6
42,EulerE,lacahc,1340,1336,r4rk1/pppqb1pp/2n1p3/4P3/3N4/3Q1N2/PPP2PPP/3RR1K1 b - - 6 16,a1d1
42,EulerE,lacahc,1340,1336,r4rk1/pppqb1pp/4p3/4P3/3n4/3Q1N2/PPP2PPP/3RR1K1 w - - 0 17,c6d4
42,EulerE,lacahc,1340,1336,r4rk1/pppqb1pp/4p3/4P3/3N4/3Q4/PPP2PPP/3RR1K1 b - - 0 17,f3d4
42,EulerE,lacahc,1340,1336,r4rk1/pppq2pp/4p3/2b1P3/3N4/3Q4/PPP2PPP/3RR1K1 w - - 1 18,e7c5
42,EulerE,lacahc,1340,1336,r4rk1/pppq2pp/4p3/2b1P3/3N4/3QR3/PPP2PPP/3R2K1 b - - 2 18,e1e3
42,EulerE,lacahc,1340,1336,3r1rk1/pppq2pp/4p3/2b1P3/3N4/3QR3/PPP2PPP/3R2K1 w - - 3 19,a8d8
42,EulerE,lacahc,1340,1336,3r1rk1/pppq2pp/4p3/2b1P3/3N4/2PQR3/PP3PPP/3R2K1 b - - 0 19,c2c3
42,EulerE,lacahc,1340,1336,3r1rk1/ppp2qpp/4p3/2b1P3/3N4/2PQR3/PP3PPP/3R2K1 w - - 1 20,d7f7
42,EulerE,lacahc,1340,1336,3r1rk1/ppp2qpp/4p3/2b1P3/3N4/2PQ1R2/PP3PPP/3R2K1 b - - 2 20,e3f3
42,EulerE,lacahc,1340,1336,3r1rk1/ppp3pp/4p3/2b1P2q/3N4/2PQ1R2/PP3PPP/3R2K1 w - - 3 21,f7h5
42,EulerE,lacahc,1340,1336,3r1Rk1/ppp3pp/4p3/2b1P2q/3N4/2PQ4/PP3PPP/3R2K1 b - - 0 21,f3f8
42,EulerE,lacahc,1340,1336,5rk1/ppp3pp/4p3/2b1P2q/3N4/2PQ4/PP3PPP/3R2K1 w - - 0 22,d8f8
42,EulerE,lacahc,1340,1336,5rk1/ppp3pp/4p3/2b1P2q/2QN4/2P5/PP3PPP/3R2K1 b - - 1 22,d3c4
42,EulerE,lacahc,1340,1336,5rk1/ppp3pp/4p3/2b1P3/2QN4/2P5/PP3PPP/3q2K1 w - - 0 23,h5d1
43,EulerE,FarSock,1331,1326,rnbqkbnr/pppppppp/8/8/3P4/8/PPP1PPPP/RNBQKBNR b KQkq - 0 1,d2d4
43,EulerE,FarSock,1331,1326,rnbqkbnr/ppp1pppp/8/3p4/3P4/8/PPP1PPPP/RNBQKBNR w KQkq - 0 2,d7d5
43,EulerE,FarSock,1331,1326,rnbqkbnr/ppp1pppp/8/3p4/2PP4/8/PP2PPPP/RNBQKBNR b KQkq - 0 2,c2c4
43,EulerE,FarSock,1331,1326,rnbqkbnr/ppp1pppp/8/8/2pP4/8/PP2PPPP/RNBQKBNR w KQkq - 0 3,d5c4
43,EulerE,FarSock,1331,1326,rnbqkbnr/ppp1pppp/8/8/2pPP3/8/PP3PPP/RNBQKBNR b KQkq - 0 3,e2e4
43,EulerE,FarSock,1331,1326,rnbqkb1r/ppp1pppp/5n2/8/2pPP3/8/PP3PPP/RNBQKBNR w KQkq - 1 4,g8f6
43,EulerE,FarSock,1331,1326,rnbqkb1r/ppp1pppp/5n2/8/2pPP3/2N5/PP3PPP/R1BQKBNR b KQkq - 2 4,b1c3
43,EulerE,FarSock,1331,1326,rn1qkb1r/ppp1pppp/5n2/8/2pPP1b1/2N5/PP3PPP/R1BQKBNR w KQkq - 3 5,c8g4
43,EulerE,FarSock,1331,1326,rn1qkb1r/ppp1pppp/5n2/8/2pPP1b1/2N2P2/PP4PP/R1BQKBNR b KQkq - 0 5,f2f3
43,EulerE,FarSock,1331,1326,rn1qkb1r/ppp1pppp/5n2/7b/2pPP3/2N2P2/PP4PP/R1BQKBNR w KQkq - 1 6,g4h5
43,EulerE,FarSock,1331,1326,rn1qkb1r/ppp1pppp/5n2/7b/2pPP1P1/2N2P2/PP5P/R1BQKBNR b KQkq - 0 6,g2g4
43,EulerE,FarSock,1331,1326,rn1qkb1r/ppp1pppp/5nb1/8/2pPP1P1/2N2P2/PP5P/R1BQKBNR w KQkq - 1 7,h5g6
43,EulerE,FarSock,1331,1326,rn1qkb1r/ppp1pppp/5nb1/8/2pPP1PP/2N2P2/PP6/R1BQKBNR b KQkq - 0 7,h2h4
43,EulerE,FarSock,1331,1326,rn1qkb1r/ppp1ppp1/5nb1/7p/2pPP1PP/2N2P2/PP6/R1BQKBNR w KQkq - 0 8,h7h5
43,EulerE,FarSock,1331,1326,rn1qkb1r/ppp1ppp1/5nb1/6Pp/2pPP2P/2N2P2/PP6/R1BQKBNR b KQkq - 0 8,g4g5
43,EulerE,FarSock,1331,1326,rn1qkb1r/pppnppp1/6b1/6Pp/2pPP2P/2N2P2/PP6/R1BQKBNR w KQkq - 1 9,f6d7
43,EulerE,FarSock,1331,1326,rn1qkb1r/pppnppp1/6b1/6Pp/2BPP2P/2N2P2/PP6/R1BQK1NR b KQkq - 0 9,f1c4
43,EulerE,FarSock,1331,1326,rn1qkb1r/ppp1ppp1/1n4b1/6Pp/2BPP2P/2N2P2/PP6/R1BQK1NR w KQkq - 1 10,d7b6
43,EulerE,FarSock,1331,1326,rn1qkb1r/ppp1ppp1/1n4b1/6Pp/2BPPB1P/2N2P2/PP6/R2QK1NR b KQkq - 2 10,c1f4
43,EulerE,FarSock,1331,1326,rn1qkb1r/ppp1ppp1/6b1/6Pp/2nPPB1P/2N2P2/PP6/R2QK1NR w KQkq - 0 11,b6c4
43,EulerE,FarSock,1331,1326,rn1qkb1r/ppp1ppp1/6b1/6Pp/Q1nPPB1P/2N2P2/PP6/R3K1NR b KQkq - 1 11,d1a4
43,EulerE,FarSock,1331,1326,r2qkb1r/ppp1ppp1/2n3b1/6Pp/Q1nPPB1P/2N2P2/PP6/R3K1NR w KQkq - 2 12,b8c6
43,EulerE,FarSock,1331,1326,r2qkb1r/ppp1ppp1/2n3b1/6Pp/2QPPB1P/2N2P2/PP6/R3K1NR b KQkq - 0 12,a4c4
43,EulerE,FarSock,1331,1326,r3kb1r/ppp1ppp1/2n3b1/6Pp/2QqPB1P/2N2P2/PP6/R3K1NR w KQkq - 0 13,d8d4
43,EulerE,FarSock,1331,1326,r3kb1r/ppp1ppp1/2n3b1/6Pp/3QPB1P/2N2P2/PP6/R3K1NR b KQkq - 0 13,c4d4
43,EulerE,FarSock,1331,1326,r3kb1r/ppp1ppp1/6b1/6Pp/3nPB1P/2N2P2/PP6/R3K1NR w KQkq - 0 14,c6d4
43,EulerE,FarSock,1331,1326,r3kb1r/ppB1ppp1/6b1/6Pp/3nP2P/2N2P2/PP6/R3K1NR b KQkq - 0 14,f4c7
44,DiscoRaj,EulerE,1317,1322,rnbqkbnr/pppppppp/8/8/4P3/8/PPPP1PPP/RNBQKBNR b KQkq - 0 1,e2e4
44,DiscoRaj,EulerE,1317,1322,rnbqkbnr/pppp1ppp/8/4p3/4P3/8/PPPP1PPP/RNBQKBNR w KQkq - 0 2,e7e5
44,DiscoRaj,EulerE,1317,1322,rnbqkbnr/pppp1ppp/8/4p3/3PP3/8/PPP2PPP/RNBQKBNR b KQkq - 0 2,d2d4
44,DiscoRaj,EulerE,1317,1322,rnbqkbnr/pppp1ppp/8/8/3pP3/8/PPP2PPP/RNBQKBNR w KQkq - 0 3,e5d4
44,DiscoRaj,EulerE,1317,1322,rnbqkbnr/pppp1ppp/8/8/3QP3/8/PPP2PPP/RNB1KBNR b KQkq - 0 3,d1d4
44,DiscoRaj,EulerE,1317,1322,r1bqkbnr/pppp1ppp/2n5/8/3QP3/8/PPP2PPP/RNB1KBNR w KQkq - 1 4,b8c6
44,DiscoRaj,EulerE,1317,1322,r1bqkbnr/pppp1ppp/2n5/8/4P3/8/PPP2PPP/RNBQKBNR b KQkq - 2 4,d4d1
44,DiscoRaj,EulerE,1317,1322,r1bqkbnr/pppp1p1p/2n3p1/8/4P3/8/PPP2PPP/RNBQKBNR w KQkq - 0 5,g7g6
44,DiscoRaj,EulerE,1317,1322,r1bqkbnr/pppp1p1p/2n3p1/1B6/4P3/8/PPP2PPP/RNBQK1NR b KQkq - 1 5,f1b5
44,DiscoRaj,EulerE,1317,1322,r1bqk1nr/pppp1pbp/2n3p1/1B6/4P3/8/PPP2PPP/RNBQK1NR w KQkq - 2 6,f8g7
44,DiscoRaj,EulerE,1317,1322,r1bqk1nr/pppp1pbp/2n3p1/1B6/4P3/5N2/PPP2PPP/RNBQK2R b KQkq - 3 6,g1f3
44,DiscoRaj,EulerE,1317,1322,r1bqk2r/ppppnpbp/2n3p1/1B6/4P3/5N2/PPP2PPP/RNBQK2R w KQkq - 4 7,g8e7
44,DiscoRaj,EulerE,1317,1322,r1bqk2r/ppppnpbp/2n3p1/1B6/4P3/5N2/PPP2PPP/RNBQ1RK1 b kq - 5 7,e1g1
44,DiscoRaj,EulerE,1317,1322,r1bq1rk1/ppppnpbp/2n3p1/1B6/4P3/5N2/PPP2PPP/RNBQ1RK1 w - - 6 8,e8g8
44,DiscoRaj,EulerE,1317,1322,r1bq1rk1/ppppnpbp/2n3p1/1B6/4P3/2N2N2/PPP2PPP/R1BQ1RK1 b - - 7 8,b1c3
44,DiscoRaj,EulerE,1317,1322,r1bq1rk1/1pppnpbp/p1n3p1/1B6/4P3/2N2N2/PPP2PPP/R1BQ1RK1 w - - 0 9,a7a6
44,DiscoRaj,EulerE,1317,1322,r1bq1rk1/1pppnpbp/p1n3p1/8/4P3/2NB1N2/PPP2PPP/R1BQ1RK1 b - - 1 9,b5d3
44,DiscoRaj,EulerE,1317,1322,r1bq1rk1/1pppnp1p/p1n3p1/8/4P3/2bB1N2/PPP2PPP/R1BQ1RK1 w - - 0 10,g7c3
44,DiscoRaj,EulerE,1317,1322,r1bq1rk1/1pppnp1p/p1n3p1/8/4P3/2PB1N2/P1P2PPP/R1BQ1RK1 b - - 0 10,b2c3
44,DiscoRaj,EulerE,1317,1322,r1bq1rk1/1pp1np1p/p1n3p1/3p4/4P3/2PB1N2/P1P2PPP/R1BQ1RK1 w - - 0 11,d7d5
44,DiscoRaj,EulerE,1317,1322,r1bq1rk1/1pp1np1p/p1n3p1/3P4/8/2PB1N2/P1P2PPP/R1BQ1RK1 b - - 0 11,e4d5
44,DiscoRaj,EulerE,1317,1322,r1bq1rk1/1pp2p1p/p1n3p1/3n4/8/2PB1N2/P1P2PPP/R1BQ1RK1 w - - 0 12,e7d5
44,DiscoRaj,EulerE,1317,1322,r1bq1rk1/1pp2p1p/p1n3pB/3n4/8/2PB1N2/P1P2PPP/R2Q1RK1 b - - 1 12,c1h6
44,DiscoRaj,EulerE,1317,1322,r1bqr1k1/1pp2p1p/p1n3pB/3n4/8/2PB1N2/P1P2PPP/R2Q1RK1 w - - 2 13,f8e8
44,DiscoRaj,EulerE,1317,1322,r1bqr1k1/1pp2p1p/p1n3p1/3n2B1/8/2PB1N2/P1P2PPP/R2Q1RK1 b - - 3 13,h6g5
44,DiscoRaj,EulerE,1317,1322,r1bqr1k1/1pp4p/p1n2pp1/3n2B1/8/2PB1N2/P1P2PPP/R2Q1RK1 w - - 0 14,f7f6
44,DiscoRaj,EulerE,1317,1322,r1bqr1k1/1pp4p/p1n2pp1/3n2B1/2B5/2P2N2/P1P2PPP/R2Q1RK1 b - - 1 14,d3c4
44,DiscoRaj,EulerE,1317,1322,r2qr1k1/1pp4p/p1n1bpp1/3n2B1/2B5/2P2N2/P1P2PPP/R2Q1RK1 w - - 2 15,c8e6
44,DiscoRaj,EulerE,1317,1322,r2qr1k1/1pp4p/p1n1bppB/3n4/2B5/2P2N2/P1P2PPP/R2Q1RK1 b - - 3 15,g5h6
44,DiscoRaj,EulerE,1317,1322,r2qr1k1/1pp4p/p1n1bppB/8/2B5/2n2N2/P1P2PPP/R2Q1RK1 w - - 0 16,d5c3
44,DiscoRaj,EulerE,1317,1322,r2Qr1k1/1pp4p/p1n1bppB/8/2B5/2n2N2/P1P2PPP/R4RK1 b - - 0 16,d1d8
44,DiscoRaj,EulerE,1317,1322,r2nr1k1/1pp4p/p3bppB/8/2B5/2n2N2/P1P2PPP/R4RK1 w - - 0 17,c6d8
44,DiscoRaj,EulerE,1317,1322,r2nr1k1/1pp4p/p3bppB/8/2B5/2n2N2/P1P2PPP/R3R1K1 b - - 1 17,f1e1
44,DiscoRaj,EulerE,1317,1322,r2nr1k1/1pp4p/p3bp1B/6p1/2B5/2n2N2/P1P2PPP/R3R1K1 w - - 0 18,g6g5
44,DiscoRaj,EulerE,1317,1322,r2nr1k1/1pp4p/p3bp2/6B1/2B5/2n2N2/P1P2PPP/R3R1K1 b - - 0 18,h6g5
44,DiscoRaj,EulerE,1317,1322,r2nr1k1/1pp4p/p3b3/6p1/2B5/2n2N2/P1P2PPP/R3R1K1 w - - 0 19,f6g5
44,DiscoRaj,EulerE,1317,1322,r2nr1k1/1pp4p/p3b3/6N1/2B5/2n5/P1P2PPP/R3R1K1 b - - 0 19,f3g5
44,DiscoRaj,EulerE,1317,1322,r3r1k1/1pp2n1p/p3b3/6N1/2B5/2n5/P1P2PPP/R3R1K1 w - - 1 20,d8f7
44,DiscoRaj,EulerE,1317,1322,r3r1k1/1pp2n1p/p3N3/8/2B5/2n5/P1P2PPP/R3R1K1 b - - 0 20,g5e6
44,DiscoRaj,EulerE,1317,1322,r3r1k1/2p2n1p/p3N3/1p6/2B5/2n5/P1P2PPP/R3R1K1 w - - 0 21,b7b5
44,DiscoRaj,EulerE,1317,1322,r3r1k1/2p2n1p/p3N3/1p6/8/1Bn5/P1P2PPP/R3R1K1 b - - 1 21,c4b3
44,DiscoRaj,EulerE,1317,1322,r5k1/2p1rn1p/p3N3/1p6/8/1Bn5/P1P2PPP/R3R1K1 w - - 2 22,e8e7
44,DiscoRaj,EulerE,1317,1322,r5k1/2p1rn1p/p7/1p4N1/8/1Bn5/P1P2PPP/R3R1K1 b - - 3 22,e6g5
44,DiscoRaj,EulerE,1317,1322,4r1k1/2p1rn1p/p7/1p4N1/8/1Bn5/P1P2PPP/R3R1K1 w - - 4 23,a8e8
44,DiscoRaj,EulerE,1317,1322,4r1k1/2p1rB1p/p7/1p4N1/8/2n5/P1P2PPP/R3R1K1 b - - 0 23,b3f7
44,DiscoRaj,EulerE,1317,1322,4r3/2p1rBkp/p7/1p4N1/8/2n5/P1P2PPP/R3R1K1 w - - 1 24,g8g7
44,DiscoRaj,EulerE,1317,1322,4r3/2p1rBkp/p7/1p4N1/8/2n5/P1P2PPP/R3RK2 b - - 2 24,g1f1
44,DiscoRaj,EulerE,1317,1322,4r3/2p1rBk1/p6p/1p4N1/8/2n5/P1P2PPP/R3RK2 w - - 0 25,h7h6
44,DiscoRaj,EulerE,1317,1322,4B3/2p1r1k1/p6p/1p4N1/8/2n5/P1P2PPP/R3RK2 b - - 0 25,f7e8
44,DiscoRaj,EulerE,1317,1322,4B3/2p1r1k1/p7/1p4p1/8/2n5/P1P2PPP/R3RK2 w - - 0 26,h6g5
45,uenme,EulerE,1355,1315,rnbqkbnr/pppppppp/8/8/4P3/8/PPPP1PPP/RNBQKBNR b KQkq - 0 1,e2e4
45,uenme,EulerE,1355,1315,rnbqkbnr/pppp1ppp/8/4p3/4P3/8/PPPP1PPP/RNBQKBNR w KQkq - 0 2,e7e5
45,uenme,EulerE,1355,1315,rnbqkbnr/pppp1ppp/8/4p3/4P3/5N2/PPPP1PPP/RNBQKB1R b KQkq - 1 2,g1f3
45,uenme,EulerE,1355,1315,r1bqkbnr/pppp1ppp/2n5/4p3/4P3/5N2/PPPP1PPP/RNBQKB1R w KQkq - 2 3,b8c6
45,uenme,EulerE,1355,1315,r1bqkbnr/pppp1ppp/2n5/4p3/2B1P3/5N2/PPPP1PPP/RNBQK2R b KQkq - 3 3,f1c4
45,uenme,EulerE,1355,1315,r1bqk1nr/pppp1ppp/2n5/2b1p3/2B1P3/5N2/PPPP1PPP/RNBQK2R w KQkq - 4 4,f8c5
45,uenme,EulerE,1355,1315,r1bqk1nr/pppp1ppp/2n5/2b1p3/2B1P3/3P1N2/PPP2PPP/RNBQK2R b KQkq - 0 4,d2d3
45,uenme,EulerE,1355,1315,r1bqk2r/pppp1ppp/2n2n2/2b1p3/2B1P3/3P1N2/PPP2PPP/RNBQK2R w KQkq - 1 5,g8f6
45,uenme,EulerE,1355,1315,r1bqk2r/pppp1ppp/2n2n2/2b1p3/2B1P3/2PP1N2/PP3PPP/RNBQK2R b KQkq - 0 5,c2c3
45,uenme,EulerE,1355,1315,r1bq1rk1/pppp1ppp/2n2n2/2b1p3/2B1P3/2PP1N2/PP3PPP/RNBQK2R w KQ - 1 6,e8g8
45,uenme,EulerE,1355,1315,r1bq1rk1/pppp1ppp/2n2n2/2b1p3/1PB1P3/2PP1N2/P4PPP/RNBQK2R b KQ - 0 6,b2b4
45,uenme,EulerE,1355,1315,r1bq1rk1/pppp1ppp/1bn2n2/4p3/1PB1P3/2PP1N2/P4PPP/RNBQK2R w KQ - 1 7,c5b6
45,uenme,EulerE,1355,1315,r1bq1rk1/pppp1ppp/1bn2n2/4p3/PPB1P3/2PP1N2/5PPP/RNBQK2R b KQ - 0 7,a2a4
45,uenme,EulerE,1355,1315,r1bq1rk1/1ppp1ppp/pbn2n2/4p3/PPB1P3/2PP1N2/5PPP/RNBQK2R w KQ - 0 8,a7a6
45,uenme,EulerE,1355,1315,r1bq1rk1/1ppp1ppp/pbn2n2/1P2p3/P1B1P3/2PP1N2/5PPP/RNBQK2R b KQ - 0 8,b4b5
45,uenme,EulerE,1355,1315,r1bq1rk1/1ppp1ppp/1bn2n2/1p2p3/P1B1P3/2PP1N2/5PPP/RNBQK2R w KQ - 0 9,a6b5
45,uenme,EulerE,1355,1315,r1bq1rk1/1ppp1ppp/1bn2n2/1B2p3/P3P3/2PP1N2/5PPP/RNBQK2R b KQ - 0 9,c4b5
45,uenme,EulerE,1355,1315,r1bq1rk1/1pp2ppp/1bnp1n2/1B2p3/P3P3/2PP1N2/5PPP/RNBQK2R w KQ - 0 10,d7d6
45,uenme,EulerE,1355,1315,r1bq1rk1/1pp2ppp/1bnp1n2/1B2p3/P3P3/2PPBN2/5PPP/RN1QK2R b KQ - 1 10,c1e3
45,uenme,EulerE,1355,1315,r1bq1rk1/1pp2ppp/2np1n2/1B2p3/P3P3/2PPbN2/5PPP/RN1QK2R w KQ - 0 11,b6e3
45,uenme,EulerE,1355,1315,r1bq1rk1/1pp2ppp/2np1n2/1B2p3/P3P3/2PPPN2/6PP/RN1QK2R b KQ - 0 11,f2e3
45,uenme,EulerE,1355,1315,r2q1rk1/1ppb1ppp/2np1n2/1B2p3/P3P3/2PPPN2/6PP/RN1QK2R w KQ - 1 12,c8d7
45,uenme,EulerE,1355,1315,r2q1rk1/1ppb1ppp/2np1n2/1B2p3/P3P3/2PPPN2/6PP/RN1Q1RK1 b - - 2 12,e1g1
45,uenme,EulerE,1355,1315,r2qr1k1/1ppb1ppp/2np1n2/1B2p3/P3P3/2PPPN2/6PP/RN1Q1RK1 w - - 3 13,f8e8
45,uenme,EulerE,1355,1315,r2qr1k1/1ppb1ppp/2np1n2/4p3/P1B1P3/2PPPN2/6PP/RN1Q1RK1 b - - 4 13,b5c4
45,uenme,EulerE,1355,1315,r2qr1k1/1pp2ppp/2npbn2/4p3/P1B1P3/2PPPN2/6PP/RN1Q1RK1 w - - 5 14,d7e6
45,uenme,EulerE,1355,1315,r2qr1k1/1pp2ppp/2npBn2/4p3/P3P3/2PPPN2/6PP/RN1Q1RK1 b - - 0 14,c4e6
45,uenme,EulerE,1355,1315,r2qr1k1/1pp3pp/2nppn2/4p3/P3P3/2PPPN2/6PP/RN1Q1RK1 w - - 0 15,f7e6
45,uenme,EulerE,1355,1315,r2qr1k1/1pp3pp/2nppn2/4p3/P3P3/2PPPN2/3N2PP/R2Q1RK1 b - - 1 15,b1d2
45,uenme,EulerE,1355,1315,r2qr1k1/1pp3pp/2n1pn2/3pp3/P3P3/2PPPN2/3N2PP/R2Q1RK1 w - - 0 16,d6d5
45,uenme,EulerE,1355,1315,r2qr1k1/1pp3pp/2n1pn2/3Pp3/P7/2PPPN2/3N2PP/R2Q1RK1 b - - 0 16,e4d5
45,uenme,EulerE,1355,1315,r2qr1k1/1pp3pp/2n2n2/3pp3/P7/2PPPN2/3N2PP/R2Q1RK1 w - - 0 17,e6d5
45,uenme,EulerE,1355,1315,r2qr1k1/1pp3pp/2n2n2/3pp3/P2P4/2P1PN2/3N2PP/R2Q1RK1 b - - 0 17,d3d4
45,uenme,EulerE,1355,1315,r2qr1k1/1pp3pp/2n2n2/3p4/P2Pp3/2P1PN2/3N2PP/R2Q1RK1 w - - 0 18,e5e4
45,uenme,EulerE,1355,1315,r2qr1k1/1pp3pp/2n2n2/3p2N1/P2Pp3/2P1P3/3N2PP/R2Q1RK1 b - - 1 18,f3g5
45,uenme,EulerE,1355,1315,r2qr1k1/1pp3p1/2n2n1p/3p2N1/P2Pp3/2P1P3/3N2PP/R2Q1RK1 w - - 0 19,h7h6
45,uenme,EulerE,1355,1315,r2qr1k1/1pp3p1/2n2n1p/3p4/P2Pp3/2P1P2N/3N2PP/R2Q1RK1 b - - 1 19,g5h3
45,uenme,EulerE,1355,1315,r2qr1k1/1pp1n1p1/5n1p/3p4/P2Pp3/2P1P2N/3N2PP/R2Q1RK1 w - - 2 20,c6e7
45,uenme,EulerE,1355,1315,r2qr1k1/1pp1n1p1/5n1p/3p4/P2PpN2/2P1P3/3N2PP/R2Q1RK1 b - - 3 20,h3f4
45,uenme,EulerE,1355,1315,r1nqr1k1/1pp3p1/5n1p/3p4/P2PpN2/2P1P3/3N2PP/R2Q1RK1 w - - 4 21,e7c8
45,uenme,EulerE,1355,1315,r1nqr1k1/1pp3p1/5n1p/3p4/P1PPpN2/4P3/3N2PP/R2Q1RK1 b - - 0 21,c3c4
45,uenme,EulerE,1355,1315,r1nqr1k1/1pp3p1/5n1p/8/P1pPpN2/4P3/3N2PP/R2Q1RK1 w - - 0 22,d5c4
45,uenme,EulerE,1355,1315,r1nqr1k1/1pp3p1/5n1p/8/P1NPpN2/4P3/6PP/R2Q1RK1 b - - 0 22,d2c4
45,uenme,EulerE,1355,1315,r2qr1k1/1pp3p1/3n1n1p/8/P1NPpN2/4P3/6PP/R2Q1RK1 w - - 1 23,c8d6
45,uenme,EulerE,1355,1315,r2qr1k1/1pp3p1/3N1n1p/8/P2PpN2/4P3/6PP/R2Q1RK1 b - - 0 23,c4d6
45,uenme,EulerE,1355,1315,r3r1k1/1pp3p1/3q1n1p/8/P2PpN2/4P3/6PP/R2Q1RK1 w - - 0 24,d8d6
45,uenme,EulerE,1355,1315,r3r1k1/1pp3p1/3q1n1p/8/P2PpN2/1Q2P3/6PP/R4RK1 b - - 1 24,d1b3
45,uenme,EulerE,1355,1315,r3r3/1pp3pk/3q1n1p/8/P2PpN2/1Q2P3/6PP/R4RK1 w - - 2 25,g8h7
45,uenme,EulerE,1355,1315,r3r3/1pp3pk/3q1n1p/3P4/P3pN2/1Q2P3/6PP/R4RK1 b - - 0 25,d4d5
45,uenme,EulerE,1355,1315,r3r3/2p3pk/1p1q1n1p/3P4/P3pN2/1Q2P3/6PP/R4RK1 w - - 0 26,b7b6
45,uenme,EulerE,1355,1315,r3r3/2p3pk/1p1q1n1p/3P4/P3pN2/1Q2P3/6PP/3R1RK1 b - - 1 26,a1d1
45,uenme,EulerE,1355,1315,3rr3/2p3pk/1p1q1n1p/3P4/P3pN2/1Q2P3/6PP/3R1RK1 w - - 2 27,a8d8
45,uenme,EulerE,1355,1315,3rr3/2p3pk/1p1qNn1p/3P4/P3p3/1Q2P3/6PP/3R1RK1 b - - 3 27,f4e6
45,uenme,EulerE,1355,1315,3rr3/2p3pk/1p1qN2p/3P4/P3p1n1/1Q2P3/6PP/3R1RK1 w - - 4 28,f6g4
45,uenme,EulerE,1355,1315,3rr3/2p2Rpk/1p1qN2p/3P4/P3p1n1/1Q2P3/6PP/3R2K1 b - - 5 28,f1f7
45,uenme,EulerE,1355,1315,3rr3/2p2Rpk/1p2N2p/3P4/P3p1n1/1Q2P3/6Pq/3R2K1 w - - 0 29,d6h2
45,uenme,EulerE,1355,1315,3rr3/2p2Rpk/1p2N2p/3P4/P3p1n1/1Q2P3/6Pq/3R1K2 b - - 1 29,g1f1
45,uenme,EulerE,1355,1315,3rr3/2p2Rpk/1p2N2p/3P4/P3p1n1/1Q2P3/6P1/3R1K1q w - - 2 30,h2h1
45,uenme,EulerE,1355,1315,3rr3/2p2Rpk/1p2N2p/3P4/P3p1n1/1Q2P3/4K1P1/3R3q b - - 3 30,f1e2
45,uenme,EulerE,1355,1315,3rr3/2p2Rpk/1p2N2p/3P4/P3p1n1/1Q2P3/4K1q1/3R4 w - - 0 31,h1g2
45,uenme,EulerE,1355,1315,3rr3/2p2Rpk/1p2N2p/3P4/P3p1n1/1Q2P3/6q1/3RK3 b - - 1 31,e2e1
45,uenme,EulerE,1355,1315,3rr3/2p2Rpk/1p2N2p/3P4/P3p1n1/1Q2P3/5q2/3RK3 w - - 2 32,g2f2
45,uenme,EulerE,1355,1315,3rr3/2p3pk/1p2N2p/3P4/P3p1n1/1Q2P3/5R2/3RK3 b - - 0 32,f7f2
46,apollo70,EulerE,1344,1308,rnbqkbnr/pppppppp/8/8/4P3/8/PPPP1PPP/RNBQKBNR b KQkq - 0 1,e2e4
46,apollo70,EulerE,1344,1308,rnbqkbnr/pppp1ppp/8/4p3/4P3/8/PPPP1PPP/RNBQKBNR w KQkq - 0 2,e7e5
46,apollo70,EulerE,1344,1308,rnbqkbnr/pppp1ppp/8/4p3/4PP2/8/PPPP2PP/RNBQKBNR b KQkq - 0 2,f2f4
46,apollo70,EulerE,1344,1308,rnbqkbnr/pppp1ppp/8/8/4Pp2/8/PPPP2PP/RNBQKBNR w KQkq - 0 3,e5f4
46,apollo70,EulerE,1344,1308,rnbqkbnr/pppp1ppp/8/8/4Pp2/5N2/PPPP2PP/RNBQKB1R b KQkq - 1 3,g1f3
46,apollo70,EulerE,1344,1308,r1bqkbnr/pppp1ppp/2n5/8/4Pp2/5N2/PPPP2PP/RNBQKB1R w KQkq - 2 4,b8c6
46,apollo70,EulerE,1344,1308,r1bqkbnr/pppp1ppp/2n5/8/2B1Pp2/5N2/PPPP2PP/RNBQK2R b KQkq - 3 4,f1c4
46,apollo70,EulerE,1344,1308,r1bqk1nr/pppp1ppp/2n5/2b5/2B1Pp2/5N2/PPPP2PP/RNBQK2R w KQkq - 4 5,f8c5
46,apollo70,EulerE,1344,1308,r1bqk1nr/pppp1ppp/2n5/2bB4/4Pp2/5N2/PPPP2PP/RNBQK2R b KQkq - 5 5,c4d5
46,apollo70,EulerE,1344,1308,r1bqk2r/ppppnppp/2n5/2bB4/4Pp2/5N2/PPPP2PP/RNBQK2R w KQkq - 6 6,g8e7
46,apollo70,EulerE,1344,1308,r1bqk2r/ppppnppp/2n5/2bB4/3PPp2/5N2/PPP3PP/RNBQK2R b KQkq - 0 6,d2d4
46,apollo70,EulerE,1344,1308,r1bqk2r/pppp1ppp/2n5/2bn4/3PPp2/5N2/PPP3PP/RNBQK2R w KQkq - 0 7,e7d5
46,apollo70,EulerE,1344,1308,r1bqk2r/pppp1ppp/2n5/2Pn4/4Pp2/5N2/PPP3PP/RNBQK2R b KQkq - 0 7,d4c5
46,apollo70,EulerE,1344,1308,r1bqk2r/pppp1ppp/2n2n2/2P5/4Pp2/5N2/PPP3PP/RNBQK2R w KQkq - 1 8,d5f6
46,apollo70,EulerE,1344,1308,r1bqk2r/pppp1ppp/2n2n2/2P1P3/5p2/5N2/PPP3PP/RNBQK2R b KQkq - 0 8,e4e5
46,apollo70,EulerE,1344,1308,r1b1k2r/ppppqppp/2n2n2/2P1P3/5p2/5N2/PPP3PP/RNBQK2R w KQkq - 1 9,d8e7
46,apollo70,EulerE,1344,1308,r1b1k2r/ppppqppp/2n2n2/2P1P3/5p2/5N2/PPP3PP/RNBQ1RK1 b kq - 2 9,e1g1
46,apollo70,EulerE,1344,1308,r1b1k2r/ppppqppp/5n2/2P1n3/5p2/5N2/PPP3PP/RNBQ1RK1 w kq - 0 10,c6e5
46,apollo70,EulerE,1344,1308,r1b1k2r/ppppqppp/5n2/2P1n3/5B2/5N2/PPP3PP/RN1Q1RK1 b kq - 0 10,c1f4
46,apollo70,EulerE,1344,1308,r1b1k2r/ppppqppp/5n2/2P5/5B2/5n2/PPP3PP/RN1Q1RK1 w kq - 0 11,e5f3
46,apollo70,EulerE,1344,1308,r1b1k2r/ppppqppp/5n2/2P5/5B2/5R2/PPP3PP/RN1Q2K1 b kq - 0 11,f1f3
46,apollo70,EulerE,1344,1308,r1b2rk1/ppppqppp/5n2/2P5/5B2/5R2/PPP3PP/RN1Q2K1 w - - 1 12,e8g8
46,apollo70,EulerE,1344,1308,r1b2rk1/ppppqppp/5n2/2P5/5B2/2N2R2/PPP3PP/R2Q2K1 b - - 2 12,b1c3
46,apollo70,EulerE,1344,1308,r1b1r1k1/ppppqppp/5n2/2P5/5B2/2N2R2/PPP3PP/R2Q2K1 w - - 3 13,f8e8
46,apollo70,EulerE,1344,1308,r1b1r1k1/ppppqppp/5n2/2P5/8/2N2RB1/PPP3PP/R2Q2K1 b - - 4 13,f4g3
46,apollo70,EulerE,1344,1308,r1b1r1k1/ppppqppp/8/2P5/4n3/2N2RB1/PPP3PP/R2Q2K1 w - - 5 14,f6e4
46,apollo70,EulerE,1344,1308,r1b1r1k1/ppppqppp/8/2P5/4N3/5RB1/PPP3PP/R2Q2K1 b - - 0 14,c3e4
46,apollo70,EulerE,1344,1308,r1b1r1k1/pppp1ppp/8/2P5/4q3/5RB1/PPP3PP/R2Q2K1 w - - 0 15,e7e4
46,apollo70,EulerE,1344,1308,r1b1r1k1/ppBp1ppp/8/2P5/4q3/5R2/PPP3PP/R2Q2K1 b - - 0 15,g3c7
46,apollo70,EulerE,1344,1308,r1b1r1k1/ppBp1ppp/8/2P5/3q4/5R2/PPP3PP/R2Q2K1 w - - 1 16,e4d4
46,apollo70,EulerE,1344,1308,r1b1r1k1/ppBp1ppp/8/2P5/3Q4/5R2/PPP3PP/R5K1 b - - 0 16,d1d4
47,EulerE,sanjo71,1301,1358,rnbqkbnr/pppppppp/8/8/3P4/8/PPP1PPPP/RNBQKBNR b KQkq - 0 1,d2d4
47,EulerE,sanjo71,1301,1358,rnbqkbnr/ppp1pppp/8/3p4/3P4/8/PPP1PPPP/RNBQKBNR w KQkq - 0 2,d7d5
47,EulerE,sanjo71,1301,1358,rnbqkbnr/ppp1pppp/8/3p4/2PP4/8/PP2PPPP/RNBQKBNR b KQkq - 0 2,c2c4
47,EulerE,sanjo71,1301,1358,r1bqkbnr/ppp1pppp/2n5/3p4/2PP4/8/PP2PPPP/RNBQKBNR w KQkq - 1 3,b8c6
47,EulerE,sanjo71,1301,1358,r1bqkbnr/ppp1pppp/2n5/3p4/2PP4/5N2/PP2PPPP/RNBQKB1R b KQkq - 2 3,g1f3
47,EulerE,sanjo71,1301,1358,r2qkbnr/ppp1pppp/2n5/3p4/2PP2b1/5N2/PP2PPPP/RNBQKB1R w KQkq - 3 4,c8g4
47,EulerE,sanjo71,1301,1358,r2qkbnr/ppp1pppp/2n5/3p4/2PP2b1/2N2N2/PP2PPPP/R1BQKB1R b KQkq - 4 4,b1c3
47,EulerE,sanjo71,1301,1358,r2qkbnr/ppp1pppp/2n5/3p4/2PP4/2N2b2/PP2PPPP/R1BQKB1R w KQkq - 0 5,g4f3
47,EulerE,sanjo71,1301,1358,r2qkbnr/ppp1pppp/2n5/3p4/2PP4/2N2P2/PP3PPP/R1BQKB1R b KQkq - 0 5,e2f3
47,EulerE,sanjo71,1301,1358,r2qkbnr/ppp1pppp/2n5/8/2pP4/2N2P2/PP3PPP/R1BQKB1R w KQkq - 0 6,d5c4
47,EulerE,sanjo71,1301,1358,r2qkbnr/ppp1pppp/2n5/8/2BP4/2N2P2/PP3PPP/R1BQK2R b KQkq - 0 6,f1c4
47,EulerE,sanjo71,1301,1358,r3kbnr/ppp1pppp/2n5/8/2Bq4/2N2P2/PP3PPP/R1BQK2R w KQkq - 0 7,d8d4
47,EulerE,sanjo71,1301,1358,r3kbnr/ppp1pppp/2n5/8/2BQ4/2N2P2/PP3PPP/R1B1K2R b KQkq - 0 7,d1d4
47,EulerE,sanjo71,1301,1358,r3kbnr/ppp1pppp/8/8/2Bn4/2N2P2/PP3PPP/R1B1K2R w KQkq - 0 8,c6d4
47,EulerE,sanjo71,1301,1358,r3kbnr/ppp1pppp/8/1B6/3n4/2N2P2/PP3PPP/R1B1K2R b KQkq - 1 8,c4b5
47,EulerE,sanjo71,1301,1358,r3kbnr/pp2pppp/2p5/1B6/3n4/2N2P2/PP3PPP/R1B1K2R w KQkq - 0 9,c7c6
47,EulerE,sanjo71,1301,1358,r3kbnr/pp2pppp/2p5/8/2Bn4/2N2P2/PP3PPP/R1B1K2R b KQkq - 1 9,b5c4
47,EulerE,sanjo71,1301,1358,r3kbnr/pp2pppp/2p5/8/2B5/2N2P2/PPn2PPP/R1B1K2R w KQkq - 2 10,d4c2
47,EulerE,sanjo71,1301,1358,r3kbnr/pp2pppp/2p5/8/2B5/2N2P2/PPnK1PPP/R1B4R b kq - 3 10,e1d2
47,EulerE,sanjo71,1301,1358,r3kbnr/pp2pppp/2p5/8/2B5/2N2P2/PP1K1PPP/n1B4R w kq - 0 11,c2a1
47,EulerE,sanjo71,1301,1358,r3kbnr/pp2pppp/2p5/8/2B5/1PN2P2/P2K1PPP/n1B4R b kq - 0 11,b2b3
47,EulerE,sanjo71,1301,1358,3rkbnr/pp2pppp/2p5/8/2B5/1PN2P2/P2K1PPP/n1B4R w k - 1 12,a8d8
47,EulerE,sanjo71,1301,1358,3rkbnr/pp2pppp/2p5/8/2B5/1PN1KP2/P4PPP/n1B4R b k - 2 12,d2e3
47,EulerE,sanjo71,1301,1358,3rkbnr/pp2pppp/2p5/8/2B5/1PN1KP2/P1n2PPP/2B4R w k - 3 13,a1c2
48,sanjo71,EulerE,1349,1310,rnbqkbnr/pppppppp/8/8/4P3/8/PPPP1PPP/RNBQKBNR b KQkq - 0 1,e2e4
48,sanjo71,EulerE,1349,1310,rnbqkbnr/pppp1ppp/8/4p3/4P3/8/PPPP1PPP/RNBQKBNR w KQkq - 0 2,e7e5
48,sanjo71,EulerE,1349,1310,rnbqkbnr/pppp1ppp/8/4p3/4P3/5N2/PPPP1PPP/RNBQKB1R b KQkq - 1 2,g1f3
48,sanjo71,EulerE,1349,1310,r1bqkbnr/pppp1ppp/2n5/4p3/4P3/5N2/PPPP1PPP/RNBQKB1R w KQkq - 2 3,b8c6
48,sanjo71,EulerE,1349,1310,r1bqkbnr/pppp1ppp/2n5/4p3/2B1P3/5N2/PPPP1PPP/RNBQK2R b KQkq - 3 3,f1c4
48,sanjo71,EulerE,1349,1310,r1bqk1nr/pppp1ppp/2n5/2b1p3/2B1P3/5N2/PPPP1PPP/RNBQK2R w KQkq - 4 4,f8c5
48,sanjo71,EulerE,1349,1310,r1bqk1nr/pppp1ppp/2n5/2b1p3/2BPP3/5N2/PPP2PPP/RNBQK2R b KQkq - 0 4,d2d4
48,sanjo71,EulerE,1349,1310,r1bqk1nr/pppp1ppp/2n5/4p3/2BbP3/5N2/PPP2PPP/RNBQK2R w KQkq - 0 5,c5d4
48,sanjo71,EulerE,1349,1310,r1bqk1nr/pppp1ppp/2n5/4p1N1/2BbP3/8/PPP2PPP/RNBQK2R b KQkq - 1 5,f3g5
48,sanjo71,EulerE,1349,1310,r1bqk2r/pppp1ppp/2n4n/4p1N1/2BbP3/8/PPP2PPP/RNBQK2R w KQkq - 2 6,g8h6
48,sanjo71,EulerE,1349,1310,r1bqk2r/pppp1ppp/2n4n/4p1N1/2BbP3/5Q2/PPP2PPP/RNB1K2R b KQkq - 3 6,d1f3
48,sanjo71,EulerE,1349,1310,r1bq1rk1/pppp1ppp/2n4n/4p1N1/2BbP3/5Q2/PPP2PPP/RNB1K2R w KQ - 4 7,e8g8
48,sanjo71,EulerE,1349,1310,r1bq1rk1/pppp1ppp/2n4n/4p1N1/2BbP3/2P2Q2/PP3PPP/RNB1K2R b KQ - 0 7,c2c3
48,sanjo71,EulerE,1349,1310,r1bq1rk1/pppp1ppp/1bn4n/4p1N1/2B1P3/2P2Q2/PP3PPP/RNB1K2R w KQ - 1 8,d4b6
48,sanjo71,EulerE,1349,1310,r1bq1rk1/pppp1ppp/1bn4n/4p1N1/2B1P3/2P2Q2/PP3PPP/RNB2RK1 b - - 2 8,e1g1
48,sanjo71,EulerE,1349,1310,r1bq1rk1/ppp2ppp/1bnp3n/4p1N1/2B1P3/2P2Q2/PP3PPP/RNB2RK1 w - - 0 9,d7d6
48,sanjo71,EulerE,1349,1310,r1bq1rk1/ppp2ppp/1bnp3n/4p1N1/2B1P3/2P2Q1P/PP3PP1/RNB2RK1 b - - 0 9,h2h3
48,sanjo71,EulerE,1349,1310,r1b2rk1/ppp1qppp/1bnp3n/4p1N1/2B1P3/2P2Q1P/PP3PP1/RNB2RK1 w - - 1 10,d8e7
48,sanjo71,EulerE,1349,1310,r1b2rk1/ppp1qppp/1bnp3n/4p1NQ/2B1P3/2P4P/PP3PP1/RNB2RK1 b - - 2 10,f3h5
48,sanjo71,EulerE,1349,1310,r4rk1/ppp1qppp/1bnpb2n/4p1NQ/2B1P3/2P4P/PP3PP1/RNB2RK1 w - - 3 11,c8e6
48,sanjo71,EulerE,1349,1310,r4rk1/ppp1qppp/1bnpN2n/4p2Q/2B1P3/2P4P/PP3PP1/RNB2RK1 b - - 0 11,g5e6
48,sanjo71,EulerE,1349,1310,r4rk1/ppp1q1pp/1bnpp2n/4p2Q/2B1P3/2P4P/PP3PP1/RNB2RK1 w - - 0 12,f7e6
48,sanjo71,EulerE,1349,1310,r4rk1/ppp1q1pp/1bnpp2B/4p2Q/2B1P3/2P4P/PP3PP1/RN3RK1 b - - 0 12,c1h6
48,sanjo71,EulerE,1349,1310,r4rk1/ppp1q2p/1bnpp2p/4p2Q/2B1P3/2P4P/PP3PP1/RN3RK1 w - - 0 13,g7h6
48,sanjo71,EulerE,1349,1310,r4rk1/ppp1q2p/1bnpp2Q/4p3/2B1P3/2P4P/PP3PP1/RN3RK1 b - - 0 13,h5h6
48,sanjo71,EulerE,1349,1310,r4rk1/ppp1q2p/1bn1p2Q/3pp3/2B1P3/2P4P/PP3PP1/RN3RK1 w - - 0 14,d6d5
48,sanjo71,EulerE,1349,1310,r4rk1/ppp1q2p/1bn1p2Q/3Pp3/2B5/2P4P/PP3PP1/RN3RK1 b - - 0 14,e4d5
48,sanjo71,EulerE,1349,1310,r4rk1/ppp1q2p/1bn4Q/3pp3/2B5/2P4P/PP3PP1/RN3RK1 w - - 0 15,e6d5
48,sanjo71,EulerE,1349,1310,r4rk1/ppp1q2p/1bn4Q/3pp3/8/2PB3P/PP3PP1/RN3RK1 b - - 1 15,c4d3
48,sanjo71,EulerE,1349,1310,r4rk1/ppp1q2p/1bn4Q/3p4/4p3/2PB3P/PP3PP1/RN3RK1 w - - 0 16,e5e4
48,sanjo71,EulerE,1349,1310,r4rk1/ppp1q2p/1bn4Q/3p4/4p3/2P4P/PPB2PP1/RN3RK1 b - - 1 16,d3c2
48,sanjo71,EulerE,1349,1310,r5k1/ppp1qr1p/1bn4Q/3p4/4p3/2P4P/PPB2PP1/RN3RK1 w - - 2 17,f8f7
48,sanjo71,EulerE,1349,1310,r5k1/ppp1qr1p/1bn5/3p4/4p2Q/2P4P/PPB2PP1/RN3RK1 b - - 3 17,h6h4
48,sanjo71,EulerE,1349,1310,r5k1/ppp2r1p/1bn5/3p4/4p2q/2P4P/PPB2PP1/RN3RK1 w - - 0 18,e7h4
49,EulerE,sanjo71,1319,1340,rnbqkbnr/pppppppp/8/8/3P4/8/PPP1PPPP/RNBQKBNR b KQkq - 0 1,d2d4
49,EulerE,sanjo71,1319,1340,rnbqkbnr/ppp1pppp/8/3p4/3P4/8/PPP1PPPP/RNBQKBNR w KQkq - 0 2,d7d5
49,EulerE,sanjo71,1319,1340,rnbqkbnr/ppp1pppp/8/3p4/2PP4/8/PP2PPPP/RNBQKBNR b KQkq - 0 2,c2c4
49,EulerE,sanjo71,1319,1340,rnbqkbnr/pp2pppp/8/2pp4/2PP4/8/PP2PPPP/RNBQKBNR w KQkq - 0 3,c7c5
49,EulerE,sanjo71,1319,1340,rnbqkbnr/pp2pppp/8/2Pp4/2P5/8/PP2PPPP/RNBQKBNR b KQkq - 0 3,d4c5
49,EulerE,sanjo71,1319,1340,rnb1kbnr/pp2pppp/8/q1Pp4/2P5/8/PP2PPPP/RNBQKBNR w KQkq - 1 4,d8a5
49,EulerE,sanjo71,1319,1340,rnb1kbnr/pp2pppp/8/q1Pp4/2P5/2N5/PP2PPPP/R1BQKBNR b KQkq - 2 4,b1c3
49,EulerE,sanjo71,1319,1340,rnb1kbnr/pp2pppp/8/2qp4/2P5/2N5/PP2PPPP/R1BQKBNR w KQkq - 0 5,a5c5
49,EulerE,sanjo71,1319,1340,rnb1kbnr/pp2pppp/8/2qP4/8/2N5/PP2PPPP/R1BQKBNR b KQkq - 0 5,c4d5
49,EulerE,sanjo71,1319,1340,rnb1kb1r/pp2pppp/5n2/2qP4/8/2N5/PP2PPPP/R1BQKBNR w KQkq - 1 6,g8f6
49,EulerE,sanjo71,1319,1340,rnb1kb1r/pp2pppp/5n2/2qP4/4P3/2N5/PP3PPP/R1BQKBNR b KQkq - 0 6,e2e4
49,EulerE,sanjo71,1319,1340,r1b1kb1r/pp2pppp/n4n2/2qP4/4P3/2N5/PP3PPP/R1BQKBNR w KQkq - 1 7,b8a6
49,EulerE,sanjo71,1319,1340,r1b1kb1r/pp2pppp/B4n2/2qP4/4P3/2N5/PP3PPP/R1BQK1NR b KQkq - 0 7,f1a6
49,EulerE,sanjo71,1319,1340,r1b1kb1r/p3pppp/p4n2/2qP4/4P3/2N5/PP3PPP/R1BQK1NR w KQkq - 0 8,b7a6
49,EulerE,sanjo71,1319,1340,r1b1kb1r/p3pppp/p4n2/2qPP3/8/2N5/PP3PPP/R1BQK1NR b KQkq - 0 8,e4e5
49,EulerE,sanjo71,1319,1340,r1b1kb1r/p3pppp/p7/2qPP3/6n1/2N5/PP3PPP/R1BQK1NR w KQkq - 1 9,f6g4
49,EulerE,sanjo71,1319,1340,r1b1kb1r/p3pppp/p7/2qPP3/6n1/2N4N/PP3PPP/R1BQK2R b KQkq - 2 9,g1h3
49,EulerE,sanjo71,1319,1340,r1b1kb1r/p3pppp/p7/2qPn3/8/2N4N/PP3PPP/R1BQK2R w KQkq - 0 10,g4e5
49,EulerE,sanjo71,1319,1340,r1b1kb1r/p3pppp/p7/2qPn3/8/2N4N/PP3PPP/R1BQ1RK1 b kq - 1 10,e1g1
49,EulerE,sanjo71,1319,1340,r3kb1r/p3pppp/p7/2qPn3/8/2N4b/PP3PPP/R1BQ1RK1 w kq - 0 11,c8h3
49,EulerE,sanjo71,1319,1340,r3kb1r/p3pppp/p7/2qPn3/8/2N4P/PP3P1P/R1BQ1RK1 b kq - 0 11,g2h3
49,EulerE,sanjo71,1319,1340,r3kb1r/p3pp1p/p5p1/2qPn3/8/2N4P/PP3P1P/R1BQ1RK1 w kq - 0 12,g7g6
49,EulerE,sanjo71,1319,1340,r3kb1r/p3pp1p/p5p1/2qPn3/Q7/2N4P/PP3P1P/R1B2RK1 b kq - 1 12,d1a4
49,EulerE,sanjo71,1319,1340,r3kb1r/p2npp1p/p5p1/2qP4/Q7/2N4P/PP3P1P/R1B2RK1 w kq - 2 13,e5d7
49,EulerE,sanjo71,1319,1340,r3kb1r/p2npp1p/p5p1/2qP4/Q7/2N1B2P/PP3P1P/R4RK1 b kq - 3 13,c1e3
49,EulerE,sanjo71,1319,1340,r3kb1r/p1qnpp1p/p5p1/3P4/Q7/2N1B2P/PP3P1P/R4RK1 w kq - 4 14,c5c7
49,EulerE,sanjo71,1319,1340,r3kb1r/p1qnpp1p/p5p1/3P4/Q7/2N1B2P/PP3P1P/2R2RK1 b kq - 5 14,a1c1
49,EulerE,sanjo71,1319,1340,r3k2r/p1qnppbp/p5p1/3P4/Q7/2N1B2P/PP3P1P/2R2RK1 w kq - 6 15,f8g7
49,EulerE,sanjo71,1319,1340,r3k2r/p1qnppbp/p5p1/3P4/Q3N3/4B2P/PP3P1P/2R2RK1 b kq - 7 15,c3e4
49,EulerE,sanjo71,1319,1340,r2qk2r/p2nppbp/p5p1/3P4/Q3N3/4B2P/PP3P1P/2R2RK1 w kq - 8 16,c7d8
49,EulerE,sanjo71,1319,1340,r2qk2r/p2nppbp/p2P2p1/8/Q3N3/4B2P/PP3P1P/2R2RK1 b kq - 0 16,d5d6
49,EulerE,sanjo71,1319,1340,r2qk2r/p2n1pbp/p2Pp1p1/8/Q3N3/4B2P/PP3P1P/2R2RK1 w kq - 0 17,e7e6
49,EulerE,sanjo71,1319,1340,r2qk2r/p2n1pbp/p2Pp1p1/2N5/Q7/4B2P/PP3P1P/2R2RK1 b kq - 1 17,e4c5
49,EulerE,sanjo71,1319,1340,r3k2r/p2n1pbp/p2Pp1p1/2N3q1/Q7/4B2P/PP3P1P/2R2RK1 w kq - 2 18,d8g5
49,EulerE,sanjo71,1319,1340,r3k2r/p2n1pbp/p2Pp1p1/2N3B1/Q7/7P/PP3P1P/2R2RK1 b kq - 0 18,e3g5
50,sanjo71,EulerE,1348,1311,rnbqkbnr/pppppppp/8/8/4P3/8/PPPP1PPP/RNBQKBNR b KQkq - 0 1,e2e4
50,sanjo71,EulerE,1348,1311,rnbqkbnr/pppp1ppp/8/4p3/4P3/8/PPPP1PPP/RNBQKBNR w KQkq - 0 2,e7e5
50,sanjo71,EulerE,1348,1311,rnbqkbnr/pppp1ppp/8/4p3/4P3/5N2/PPPP1PPP/RNBQKB1R b KQkq - 1 2,g1f3
50,sanjo71,EulerE,1348,1311,r1bqkbnr/pppp1ppp/2n5/4p3/4P3/5N2/PPPP1PPP/RNBQKB1R w KQkq - 2 3,b8c6
50,sanjo71,EulerE,1348,1311,r1bqkbnr/pppp1ppp/2n5/4p3/2B1P3/5N2/PPPP1PPP/RNBQK2R b KQkq - 3 3,f1c4
50,sanjo71,EulerE,1348,1311,r1bqk1nr/pppp1ppp/2n5/2b1p3/2B1P3/5N2/PPPP1PPP/RNBQK2R w KQkq - 4 4,f8c5
50,sanjo71,EulerE,1348,1311,r1bqk1nr/pppp1ppp/2n5/2b1p3/2B1P3/3P1N2/PPP2PPP/RNBQK2R b KQkq - 0 4,d2d3
50,sanjo71,EulerE,1348,1311,r1bqk2r/pppp1ppp/2n2n2/2b1p3/2B1P3/3P1N2/PPP2PPP/RNBQK2R w KQkq - 1 5,g8f6
50,sanjo71,EulerE,1348,1311,r1bqk2r/pppp1ppp/2n2n2/2b1p1N1/2B1P3/3P4/PPP2PPP/RNBQK2R b KQkq - 2 5,f3g5
50,sanjo71,EulerE,1348,1311,r1bq1rk1/pppp1ppp/2n2n2/2b1p1N1/2B1P3/3P4/PPP2PPP/RNBQK2R w KQ - 3 6,e8g8
50,sanjo71,EulerE,1348,1311,r1bq1rk1/pppp1ppp/2n2n2/2b1p1N1/2B1P3/3P4/PPP2PPP/RNBQ1RK1 b - - 4 6,e1g1
50,sanjo71,EulerE,1348,1311,r1bq1rk1/pppp1pp1/2n2n1p/2b1p1N1/2B1P3/3P4/PPP2PPP/RNBQ1RK1 w - - 0 7,h7h6
50,sanjo71,EulerE,1348,1311,r1bq1rk1/pppp1pp1/2n2n1p/2b1p3/2B1P3/3P1N2/PPP2PPP/RNBQ1RK1 b - - 1 7,g5f3
50,sanjo71,EulerE,1348,1311,r1bqr1k1/pppp1pp1/2n2n1p/2b1p3/2B1P3/3P1N2/PPP2PPP/RNBQ1RK1 w - - 2 8,f8e8
50,sanjo71,EulerE,1348,1311,r1bqr1k1/pppp1pp1/2n2n1p/2b1p3/2B1P3/2NP1N2/PPP2PPP/R1BQ1RK1 b - - 3 8,b1c3
50,sanjo71,EulerE,1348,1311,r1bqr1k1/pppp1pp1/5n1p/n1b1p3/2B1P3/2NP1N2/PPP2PPP/R1BQ1RK1 w - - 4 9,c6a5
50,sanjo71,EulerE,1348,1311,r1bqr1k1/pppp1pp1/5n1p/nBb1p3/4P3/2NP1N2/PPP2PPP/R1BQ1RK1 b - - 5 9,c4b5
50,sanjo71,EulerE,1348,1311,r1bqr1k1/pp1p1pp1/2p2n1p/nBb1p3/4P3/2NP1N2/PPP2PPP/R1BQ1RK1 w - - 0 10,c7c6
50,sanjo71,EulerE,1348,1311,r1bqr1k1/pp1p1pp1/2p2n1p/n1b1p3/B3P3/2NP1N2/PPP2PPP/R1BQ1RK1 b - - 1 10,b5a4
50,sanjo71,EulerE,1348,1311,r1bqr1k1/p2p1pp1/2p2n1p/npb1p3/B3P3/2NP1N2/PPP2PPP/R1BQ1RK1 w - - 0 11,b7b5
50,sanjo71,EulerE,1348,1311,r1bqr1k1/p2p1pp1/2p2n1p/npb1p3/4P3/1BNP1N2/PPP2PPP/R1BQ1RK1 b - - 1 11,a4b3
50,sanjo71,EulerE,1348,1311,r1bqr1k1/p2p1pp1/2p2n1p/1pb1p3/4P3/1nNP1N2/PPP2PPP/R1BQ1RK1 w - - 0 12,a5b3
50,sanjo71,EulerE,1348,1311,r1bqr1k1/p2p1pp1/2p2n1p/1pb1p3/4P3/1PNP1N2/1PP2PPP/R1BQ1RK1 b - - 0 12,a2b3
50,sanjo71,EulerE,1348,1311,r1bqr1k1/p4pp1/2p2n1p/1pbpp3/4P3/1PNP1N2/1PP2PPP/R1BQ1RK1 w - - 0 13,d7d5
50,sanjo71,EulerE,1348,1311,r1bqr1k1/p4pp1/2p2n1p/1pbpN3/4P3/1PNP4/1PP2PPP/R1BQ1RK1 b - - 0 13,f3e5
50,sanjo71,EulerE,1348,1311,r1bq2k1/p4pp1/2p2n1p/1pbpr3/4P3/1PNP4/1PP2PPP/R1BQ1RK1 w - - 0 14,e8e5
50,sanjo71,EulerE,1348,1311,r1bq2k1/p4pp1/2p2n1p/1pbpr3/3PP3/1PN5/1PP2PPP/R1BQ1RK1 b - - 0 14,d3d4
50,sanjo71,EulerE,1348,1311,r1bq2k1/p4pp1/2p2n1p/1p1pr3/3bP3/1PN5/1PP2PPP/R1BQ1RK1 w - - 0 15,c5d4
50,sanjo71,EulerE,1348,1311,r1bq2k1/p4pp1/2p2n1p/1p1pr3/3QP3/1PN5/1PP2PPP/R1B2RK1 b - - 0 15,d1d4
50,sanjo71,EulerE,1348,1311,r1b3k1/p4pp1/2pq1n1p/1p1pr3/3QP3/1PN5/1PP2PPP/R1B2RK1 w - - 1 16,d8d6
50,sanjo71,EulerE,1348,1311,r1b3k1/p4pp1/2pq1n1p/1p1pr3/3QPP2/1PN5/1PP3PP/R1B2RK1 b - - 0 16,f2f4
50,sanjo71,EulerE,1348,1311,r1b3k1/p4pp1/2pq1n1p/1p1p4/3QrP2/1PN5/1PP3PP/R1B2RK1 w - - 0 17,e5e4
50,sanjo71,EulerE,1348,1311,r1b3k1/p4pp1/2pq1n1p/1p1p4/3QNP2/1P6/1PP3PP/R1B2RK1 b - - 0 17,c3e4
50,sanjo71,EulerE,1348,1311,r1b3k1/p4pp1/2pq3p/1p1p4/3QnP2/1P6/1PP3PP/R1B2RK1 w - - 0 18,f6e4
50,sanjo71,EulerE,1348,1311,r1b3k1/p4pp1/2pq3p/1p1p4/3QnP2/1P2B3/1PP3PP/R4RK1 b - - 1 18,c1e3
50,sanjo71,EulerE,1348,1311,r1b3k1/5pp1/p1pq3p/1p1p4/3QnP2/1P2B3/1PP3PP/R4RK1 w - - 0 19,a7a6
50,sanjo71,EulerE,1348,1311,r1b3k1/5pp1/p1pq3p/1p1p4/3QnP2/1P2B3/1PP3PP/3R1RK1 b - - 1 19,a1d1
50,sanjo71,EulerE,1348,1311,r5k1/5pp1/p1pq3p/1p1p4/3QnPb1/1P2B3/1PP3PP/3R1RK1 w - - 2 20,c8g4
50,sanjo71,EulerE,1348,1311,r5k1/5pp1/p1pq3p/1p1p4/3QnPb1/1P2B3/1PPR2PP/5RK1 b - - 3 20,d1d2
50,sanjo71,EulerE,1348,1311,r5k1/5pp1/p1pq1n1p/1p1p4/3Q1Pb1/1P2B3/1PPR2PP/5RK1 w - - 4 21,e4f6
50,sanjo71,EulerE,1348,1311,r5k1/5pp1/p1pq1n1p/1p1p4/3Q1Pb1/1P2B2P/1PPR2P1/5RK1 b - - 0 21,h2h3
50,sanjo71,EulerE,1348,1311,r5k1/3b1pp1/p1pq1n1p/1p1p4/3Q1P2/1P2B2P/1PPR2P1/5RK1 w - - 1 22,g4d7
50,sanjo71,EulerE,1348,1311,r5k1/3b1pp1/pQpq1n1p/1p1p4/5P2/1P2B2P/1PPR2P1/5RK1 b - - 2 22,d4b6
50,sanjo71,EulerE,1348,1311,r5k1/3b1pp1/pQpq3p/1p1p4/4nP2/1P2B2P/1PPR2P1/5RK1 w - - 3 23,f6e4
50,sanjo71,EulerE,1348,1311,r5k1/3b1pp1/pQpq3p/1p1p4/3RnP2/1P2B2P/1PP3P1/5RK1 b - - 4 23,d2d4
50,sanjo71,EulerE,1348,1311,r5k1/3b1pp1/pQ1q3p/1ppp4/3RnP2/1P2B2P/1PP3P1/5RK1 w - - 0 24,c6c5
50,sanjo71,EulerE,1348,1311,r5k1/3b1pp1/p2Q3p/1ppp4/3RnP2/1P2B2P/1PP3P1/5RK1 b - - 0 24,b6d6
50,sanjo71,EulerE,1348,1311,r5k1/3b1pp1/p2n3p/1ppp4/3R1P2/1P2B2P/1PP3P1/5RK1 w - - 0 25,e4d6
50,sanjo71,EulerE,1348,1311,r5k1/3b1pp1/p2n3p/1ppR4/5P2/1P2B2P/1PP3P1/5RK1 b - - 0 25,d4d5
50,sanjo71,EulerE,1348,1311,r5k1/3b1pp1/p6p/1ppR1n2/5P2/1P2B2P/1PP3P1/5RK1 w - - 1 26,d6f5
50,sanjo71,EulerE,1348,1311,r5k1/3b1pp1/p6p/1pBR1n2/5P2/1P5P/1PP3P1/5RK1 b - - 0 26,e3c5
50,sanjo71,EulerE,1348,1311,3r2k1/3b1pp1/p6p/1pBR1n2/5P2/1P5P/1PP3P1/5RK1 w - - 1 27,a8d8
50,sanjo71,EulerE,1348,1311,3r2k1/3b1pp1/p6p/1pBR1n2/5P2/1P5P/1PP3P1/3R2K1 b - - 2 27,f1d1
50,sanjo71,EulerE,1348,1311,3r2k1/3b1pp1/p6p/1pBR4/5P2/1P2n2P/1PP3P1/3R2K1 w - - 3 28,f5e3
50,sanjo71,EulerE,1348,1311,3r2k1/3b1pp1/p6p/1p1R4/5P2/1P2B2P/1PP3P1/3R2K1 b - - 0 28,c5e3
