game_id,white,black,white_elo,black_elo,chess_fen,move_made
1,EulerE,tuviStore,897,832,rnbqkbnr/pppppppp/8/8/3P4/8/PPP1PPPP/RNBQKBNR b KQkq - 0 1,d2d4
1,EulerE,tuviStore,897,832,rnbqkbnr/pppp1ppp/4p3/8/3P4/8/PPP1PPPP/RNBQKBNR w KQkq - 0 2,e7e6
1,EulerE,tuviStore,897,832,rnbqkbnr/pppp1ppp/4p3/8/2PP4/8/PP2PPPP/RNBQKBNR b KQkq - 0 2,c2c4
1,EulerE,tuviStore,897,832,rnbqkbnr/pp1p1ppp/4p3/2p5/2PP4/8/PP2PPPP/RNBQKBNR w KQkq - 0 3,c7c5
1,EulerE,tuviStore,897,832,rnbqkbnr/pp1p1ppp/4p3/2p5/2PP4/5N2/PP2PPPP/RNBQKB1R b KQkq - 1 3,g1f3
1,EulerE,tuviStore,897,832,rnbqkbnr/pp1p1ppp/4p3/8/2Pp4/5N2/PP2PPPP/RNBQKB1R w KQkq - 0 4,c5d4
1,EulerE,tuviStore,897,832,rnbqkbnr/pp1p1ppp/4p3/8/2PQ4/5N2/PP2PPPP/RNB1KB1R b KQkq - 0 4,d1d4
1,EulerE,tuviStore,897,832,rnbqkbnr/p2p1ppp/1p2p3/8/2PQ4/5N2/PP2PPPP/RNB1KB1R w KQkq - 0 5,b7b6
1,EulerE,tuviStore,897,832,rnbqkbnr/p2p1ppp/1p2p3/8/2PQ4/2N2N2/PP2PPPP/R1B1KB1R b KQkq - 1 5,b1c3
1,EulerE,tuviStore,897,832,rn1qkbnr/pb1p1ppp/1p2p3/8/2PQ4/2N2N2/PP2PPPP/R1B1KB1R w KQkq - 2 6,c8b7
1,EulerE,tuviStore,897,832,rn1qkbnr/pb1p1ppp/1p2p3/8/2PQ4/2N2N2/PP1BPPPP/R3KB1R b KQkq - 3 6,c1d2
1,EulerE,tuviStore,897,832,rn1qkbnr/pb1p2pp/1p2pp2/8/2PQ4/2N2N2/PP1BPPPP/R3KB1R w KQkq - 0 7,f7f6
1,EulerE,tuviStore,897,832,rn1qkbnr/pb1p2pp/1p2pp2/8/2P5/2NQ1N2/PP1BPPPP/R3KB1R b KQkq - 1 7,d4d3
1,EulerE,tuviStore,897,832,rn1qk1nr/pb1p2pp/1p1bpp2/8/2P5/2NQ1N2/PP1BPPPP/R3KB1R w KQkq - 2 8,f8d6
1,EulerE,tuviStore,897,832,rn1qk1nr/pb1p2pp/1p1bpp2/8/2P1P3/2NQ1N2/PP1B1PPP/R3KB1R b KQkq - 0 8,e2e4
1,EulerE,tuviStore,897,832,rn1qk1nr/pb1p2pp/1p2pp2/2b5/2P1P3/2NQ1N2/PP1B1PPP/R3KB1R w KQkq - 1 9,d6c5
1,EulerE,tuviStore,897,832,rn1qk1nr/pb1p2pp/1p2pp2/2b5/2P1P3/2NQ1N2/PP1BBPPP/R3K2R b KQkq - 2 9,f1e2
1,EulerE,tuviStore,897,832,rn1qk2r/pb1p2pp/1p2pp1n/2b5/2P1P3/2NQ1N2/PP1BBPPP/R3K2R w KQkq - 3 10,g8h6
1,EulerE,tuviStore,897,832,rn1qk2r/pb1p2pp/1p2pp1n/2b5/2P1P3/2NQ1N2/PP1BBPPP/R4RK1 b kq - 4 10,e1g1
1,EulerE,tuviStore,897,832,rn1qk2r/pb4pp/1p1ppp1n/2b5/2P1P3/2NQ1N2/PP1BBPPP/R4RK1 w kq - 0 11,d7d6
1,EulerE,tuviStore,897,832,rn1qk2r/pb4pp/1p1ppp1n/2b5/2P1P3/2NQBN2/PP2BPPP/R4RK1 b kq - 1 11,d2e3
1,EulerE,tuviStore,897,832,rn1qk2r/pb4pp/1p1ppp1n/8/2P1P3/2NQbN2/PP2BPPP/R4RK1 w kq - 0 12,c5e3
1,EulerE,tuviStore,897,832,rn1qk2r/pb4pp/1p1ppp1n/8/2P1P3/2N1QN2/PP2BPPP/R4RK1 b kq - 0 12,d3e3
1,EulerE,tuviStore,897,832,r2qk2r/pb1n2pp/1p1ppp1n/8/2P1P3/2N1QN2/PP2BPPP/R4RK1 w kq - 1 13,b8d7
1,EulerE,tuviStore,897,832,r2qk2r/pb1n2pp/1p1ppp1n/1N6/2P1P3/4QN2/PP2BPPP/R4RK1 b kq - 2 13,c3b5
1,EulerE,tuviStore,897,832,r2qk2r/pb1n2pp/1p2pp1n/1N1p4/2P1P3/4QN2/PP2BPPP/R4RK1 w kq - 0 14,d6d5
1,EulerE,tuviStore,897,832,r2qk2r/pb1n2pp/1p1Npp1n/3p4/2P1P3/4QN2/PP2BPPP/R4RK1 b kq - 1 14,b5d6
1,EulerE,tuviStore,897,832,r2q3r/pb1nk1pp/1p1Npp1n/3p4/2P1P3/4QN2/PP2BPPP/R4RK1 w - - 2 15,e8e7
1,EulerE,tuviStore,897,832,r2q3r/pN1nk1pp/1p2pp1n/3p4/2P1P3/4QN2/PP2BPPP/R4RK1 b - - 0 15,d6b7
1,EulerE,tuviStore,897,832,rq5r/pN1nk1pp/1p2pp1n/3p4/2P1P3/4QN2/PP2BPPP/R4RK1 w - - 1 16,d8b8
1,EulerE,tuviStore,897,832,rq5r/pN1nk1pp/1p2pp1n/3P4/2P5/4QN2/PP2BPPP/R4RK1 b - - 0 16,e4d5
1,EulerE,tuviStore,897,832,r6r/pq1nk1pp/1p2pp1n/3P4/2P5/4QN2/PP2BPPP/R4RK1 w - - 0 17,b8b7
1,EulerE,tuviStore,897,832,r6r/pq1nk1pp/1p2Qp1n/3P4/2P5/5N2/PP2BPPP/R4RK1 b - - 0 17,e3e6
1,EulerE,tuviStore,897,832,r4k1r/pq1n2pp/1p2Qp1n/3P4/2P5/5N2/PP2BPPP/R4RK1 w - - 1 18,e7f8
1,EulerE,tuviStore,897,832,r4k1r/pq1n2pp/1p1Q1p1n/3P4/2P5/5N2/PP2BPPP/R4RK1 b - - 2 18,e6d6
1,EulerE,tuviStore,897,832,r6r/pq1n1kpp/1p1Q1p1n/3P4/2P5/5N2/PP2BPPP/R4RK1 w - - 3 19,f8f7
1,EulerE,tuviStore,897,832,r6r/pq1n1kpp/1p1Q1p1n/3P4/2P5/3B1N2/PP3PPP/R4RK1 b - - 4 19,e2d3
1,EulerE,tuviStore,897,832,r3r3/pq1n1kpp/1p1Q1p1n/3P4/2P5/3B1N2/PP3PPP/R4RK1 w - - 5 20,h8e8
1,EulerE,tuviStore,897,832,r3r3/pq1n1kpp/1p1Q1p1n/3P4/2P5/3B1N2/PP3PPP/R3R1K1 b - - 6 20,f1e1
1,EulerE,tuviStore,897,832,r2r4/pq1n1kpp/1p1Q1p1n/3P4/2P5/3B1N2/PP3PPP/R3R1K1 w - - 7 21,e8d8
1,EulerE,tuviStore,897,832,r2r4/pq1nQkpp/1p3p1n/3P4/2P5/3B1N2/PP3PPP/R3R1K1 b - - 8 21,d6e7
1,EulerE,tuviStore,897,832,r2r2k1/pq1nQ1pp/1p3p1n/3P4/2P5/3B1N2/PP3PPP/R3R1K1 w - - 9 22,f7g8
1,EulerE,tuviStore,897,832,r2r2k1/pq1n2pp/1p1Q1p1n/3P4/2P5/3B1N2/PP3PPP/R3R1K1 b - - 10 22,e7d6
1,EulerE,tuviStore,897,832,r2r2k1/pq1n1npp/1p1Q1p2/3P4/2P5/3B1N2/PP3PPP/R3R1K1 w - - 11 23,h6f7
1,EulerE,tuviStore,897,832,r2r2k1/pq1n1npp/1p2Qp2/3P4/2P5/3B1N2/PP3PPP/R3R1K1 b - - 12 23,d6e6
1,EulerE,tuviStore,897,832,r2r2k1/pq1n1np1/1p2Qp1p/3P4/2P5/3B1N2/PP3PPP/R3R1K1 w - - 0 24,h7h6
1,EulerE,tuviStore,897,832,r2r2k1/pq1n1npB/1p2Qp1p/3P4/2P5/5N2/PP3PPP/R3R1K1 b - - 1 24,d3h7
1,EulerE,tuviStore,897,832,r2r4/pq1n1npk/1p2Qp1p/3P4/2P5/5N2/PP3PPP/R3R1K1 w - - 0 25,g8h7
1,EulerE,tuviStore,897,832,r2r4/pq1n1Qpk/1p3p1p/3P4/2P5/5N2/PP3PPP/R3R1K1 b - - 0 25,e6f7
1,EulerE,tuviStore,897,832,r4r2/pq1n1Qpk/1p3p1p/3P4/2P5/5N2/PP3PPP/R3R1K1 w - - 1 26,d8f8
1,EulerE,tuviStore,897,832,r4r2/pq1n2pk/1p2Qp1p/3P4/2P5/5N2/PP3PPP/R3R1K1 b - - 2 26,f7e6
1,EulerE,tuviStore,897,832,r4r2/pq4pk/1p2Qp1p/2nP4/2P5/5N2/PP3PPP/R3R1K1 w - - 3 27,d7c5
1,EulerE,tuviStore,897,832,r4r2/pq4pk/1p3p1p/2nP1Q2/2P5/5N2/PP3PPP/R3R1K1 b - - 4 27,e6f5
1,EulerE,tuviStore,897,832,r4rk1/pq4p1/1p3p1p/2nP1Q2/2P5/5N2/PP3PPP/R3R1K1 w - - 5 28,h7g8
1,EulerE,tuviStore,897,832,r4rk1/pq4p1/1p3pQp/2nP4/2P5/5N2/PP3PPP/R3R1K1 b - - 6 28,f5g6
1,EulerE,tuviStore,897,832,r4rk1/pq4p1/1p3pQp/3P4/2P5/3n1N2/PP3PPP/R3R1K1 w - - 7 29,c5d3
1,EulerE,tuviStore,897,832,r4rk1/pq4p1/1p2RpQp/3P4/2P5/3n1N2/PP3PPP/R5K1 b - - 8 29,e1e6
2,Classmete,EulerE,1060,1013,rnbqkbnr/pppppppp/8/8/8/5N2/PPPPPPPP/RNBQKB1R b KQkq - 1 1,g1f3
2,Classmete,EulerE,1060,1013,rnbqkbnr/ppp1pppp/8/3p4/8/5N2/PPPPPPPP/RNBQKB1R w KQkq - 0 2,d7d5
2,Classmete,EulerE,1060,1013,rnbqkbnr/ppp1pppp/8/3p4/3P4/5N2/PPP1PPPP/RNBQKB1R b KQkq - 0 2,d2d4
2,Classmete,EulerE,1060,1013,r1bqkbnr/ppp1pppp/2n5/3p4/3P4/5N2/PPP1PPPP/RNBQKB1R w KQkq - 1 3,b8c6
2,Classmete,EulerE,1060,1013,r1bqkbnr/ppp1pppp/2n5/3p4/3P4/2P2N2/PP2PPPP/RNBQKB1R b KQkq - 0 3,c2c3
2,Classmete,EulerE,1060,1013,r1bqkbnr/ppp1pp1p/2n3p1/3p4/3P4/2P2N2/PP2PPPP/RNBQKB1R w KQkq - 0 4,g7g6
2,Classmete,EulerE,1060,1013,r1bqkbnr/ppp1pp1p/2n3p1/3p4/3P4/2P2NP1/PP2PP1P/RNBQKB1R b KQkq - 0 4,g2g3
2,Classmete,EulerE,1060,1013,r1bqk1nr/ppp1ppbp/2n3p1/3p4/3P4/2P2NP1/PP2PP1P/RNBQKB1R w KQkq - 1 5,f8g7
2,Classmete,EulerE,1060,1013,r1bqk1nr/ppp1ppbp/2n3p1/3p4/3P4/2P2NP1/PP2PPBP/RNBQK2R b KQkq - 2 5,f1g2
2,Classmete,EulerE,1060,1013,r2qk1nr/ppp1ppbp/2n3p1/3p1b2/3P4/2P2NP1/PP2PPBP/RNBQK2R w KQkq - 3 6,c8f5
2,Classmete,EulerE,1060,1013,r2qk1nr/ppp1ppbp/2n3p1/3p1b2/3P4/2P2NP1/PP2PPBP/RNBQ1RK1 b kq - 4 6,e1g1
2,Classmete,EulerE,1060,1013,r2qk1nr/ppp2pbp/2n3p1/3ppb2/3P4/2P2NP1/PP2PPBP/RNBQ1RK1 w kq - 0 7,e7e5
2,Classmete,EulerE,1060,1013,r2qk1nr/ppp2pbp/2n3p1/3ppb2/3P4/2P1PNP1/PP3PBP/RNBQ1RK1 b kq - 0 7,e2e3
2,Classmete,EulerE,1060,1013,r2qk1nr/ppp2pbp/2n3p1/3p1b2/3Pp3/2P1PNP1/PP3PBP/RNBQ1RK1 w kq - 0 8,e5e4
2,Classmete,EulerE,1060,1013,r2qk1nr/ppp2pbp/2n3p1/3p1b2/3Pp3/2P1P1P1/PP3PBP/RNBQNRK1 b kq - 1 8,f3e1
2,Classmete,EulerE,1060,1013,r2qk2r/ppp1npbp/2n3p1/3p1b2/3Pp3/2P1P1P1/PP3PBP/RNBQNRK1 w kq - 2 9,g8e7
2,Classmete,EulerE,1060,1013,r2qk2r/ppp1npbp/2n3p1/3p1b2/3Pp3/2P1P1P1/PP1N1PBP/R1BQNRK1 b kq - 3 9,b1d2
2,Classmete,EulerE,1060,1013,r2q1rk1/ppp1npbp/2n3p1/3p1b2/3Pp3/2P1P1P1/PP1N1PBP/R1BQNRK1 w - - 4 10,e8g8
2,Classmete,EulerE,1060,1013,r2q1rk1/ppp1npbp/2n3p1/3p1b2/P2Pp3/2P1P1P1/1P1N1PBP/R1BQNRK1 b - - 0 10,a2a4
2,Classmete,EulerE,1060,1013,r2q1rk1/ppp1npbp/6p1/n2p1b2/P2Pp3/2P1P1P1/1P1N1PBP/R1BQNRK1 w - - 1 11,c6a5
2,Classmete,EulerE,1060,1013,r2q1rk1/ppp1npbp/6p1/n2p1b2/PP1Pp3/2P1P1P1/3N1PBP/R1BQNRK1 b - - 0 11,b2b4
2,Classmete,EulerE,1060,1013,r2q1rk1/ppp1npbp/6p1/3p1b2/PPnPp3/2P1P1P1/3N1PBP/R1BQNRK1 w - - 1 12,a5c4
2,Classmete,EulerE,1060,1013,r2q1rk1/ppp1npbp/6p1/3p1b2/PPNPp3/2P1P1P1/5PBP/R1BQNRK1 b - - 0 12,d2c4
2,Classmete,EulerE,1060,1013,r2q1rk1/ppp1npbp/6p1/5b2/PPpPp3/2P1P1P1/5PBP/R1BQNRK1 w - - 0 13,d5c4
2,Classmete,EulerE,1060,1013,r2q1rk1/ppp1npbp/6p1/5b2/PPpPp3/2P1P1P1/2N2PBP/R1BQ1RK1 b - - 1 13,e1c2
2,Classmete,EulerE,1060,1013,r4rk1/ppp1npbp/6p1/3q1b2/PPpPp3/2P1P1P1/2N2PBP/R1BQ1RK1 w - - 2 14,d8d5
2,Classmete,EulerE,1060,1013,r4rk1/ppp1npbp/6p1/3q1b2/PPpPp3/N1P1P1P1/5PBP/R1BQ1RK1 b - - 3 14,c2a3
2,Classmete,EulerE,1060,1013,r4rk1/pp2npbp/2p3p1/3q1b2/PPpPp3/N1P1P1P1/5PBP/R1BQ1RK1 w - - 0 15,c7c6
2,Classmete,EulerE,1060,1013,r4rk1/pp2npbp/2p3p1/3q1b2/PPpPp3/N1P1P1P1/4QPBP/R1B2RK1 b - - 1 15,d1e2
2,Classmete,EulerE,1060,1013,r4rk1/p3npbp/2p3p1/1p1q1b2/PPpPp3/N1P1P1P1/4QPBP/R1B2RK1 w - - 0 16,b7b5
2,Classmete,EulerE,1060,1013,r4rk1/p3npbp/2p3p1/1P1q1b2/1PpPp3/N1P1P1P1/4QPBP/R1B2RK1 b - - 0 16,a4b5
2,Classmete,EulerE,1060,1013,r4rk1/p3npbp/6p1/1p1q1b2/1PpPp3/N1P1P1P1/4QPBP/R1B2RK1 w - - 0 17,c6b5
2,Classmete,EulerE,1060,1013,r4rk1/p3npbp/6p1/1p1q1b2/1PpPp3/2P1P1P1/2N1QPBP/R1B2RK1 b - - 1 17,a3c2
2,Classmete,EulerE,1060,1013,r4rk1/p3npb1/6p1/1p1q1b1p/1PpPp3/2P1P1P1/2N1QPBP/R1B2RK1 w - - 0 18,h7h5
2,Classmete,EulerE,1060,1013,r4rk1/p3npb1/6p1/Rp1q1b1p/1PpPp3/2P1P1P1/2N1QPBP/2B2RK1 b - - 1 18,a1a5
2,Classmete,EulerE,1060,1013,r4rk1/p3npb1/6p1/Rp1q3p/1PpPp1b1/2P1P1P1/2N1QPBP/2B2RK1 w - - 2 19,f5g4
2,Classmete,EulerE,1060,1013,r4rk1/p3npb1/6p1/Rp1q3p/1PpPp1b1/2P1PPP1/2N1Q1BP/2B2RK1 b - - 0 19,f2f3
2,Classmete,EulerE,1060,1013,r4rk1/p3npb1/6p1/Rp1q3p/1PpP2b1/2P1PpP1/2N1Q1BP/2B2RK1 w - - 0 20,e4f3
2,Classmete,EulerE,1060,1013,r4rk1/p3npb1/6p1/Rp1q3p/1PpP2b1/2P1PBP1/2N1Q2P/2B2RK1 b - - 0 20,g2f3
2,Classmete,EulerE,1060,1013,r4rk1/p3npb1/6p1/Rp1q3p/1PpP4/2P1PbP1/2N1Q2P/2B2RK1 w - - 0 21,g4f3
2,Classmete,EulerE,1060,1013,r4rk1/p3npb1/6p1/Rp1q3p/1PpP4/2P1PRP1/2N1Q2P/2B3K1 b - - 0 21,f1f3
2,Classmete,EulerE,1060,1013,r4rk1/4npb1/p5p1/Rp1q3p/1PpP4/2P1PRP1/2N1Q2P/2B3K1 w - - 0 22,a7a6
2,Classmete,EulerE,1060,1013,r4rk1/4npb1/p5p1/Rp1q3p/1PpPP3/2P2RP1/2N1Q2P/2B3K1 b - - 0 22,e3e4
2,Classmete,EulerE,1060,1013,r4rk1/4npb1/p1q3p1/Rp5p/1PpPP3/2P2RP1/2N1Q2P/2B3K1 w - - 1 23,d5c6
2,Classmete,EulerE,1060,1013,r4rk1/4npb1/p1q3p1/Rp1P3p/1Pp1P3/2P2RP1/2N1Q2P/2B3K1 b - - 0 23,d4d5
2,Classmete,EulerE,1060,1013,r4rk1/4npb1/p2q2p1/Rp1P3p/1Pp1P3/2P2RP1/2N1Q2P/2B3K1 w - - 1 24,c6d6
2,Classmete,EulerE,1060,1013,r4rk1/4npb1/p2q2p1/Rp1P3p/1Pp1P3/2P1QRP1/2N4P/2B3K1 b - - 2 24,e2e3
2,Classmete,EulerE,1060,1013,r4rk1/4np2/p2q2p1/Rp1Pb2p/1Pp1P3/2P1QRP1/2N4P/2B3K1 w - - 3 25,g7e5
2,Classmete,EulerE,1060,1013,r4rk1/4np2/p2q2p1/Rp1Pb2p/1Pp1P3/2P1QRP1/2N3KP/2B5 b - - 4 25,g1g2
2,Classmete,EulerE,1060,1013,r4r2/4npk1/p2q2p1/Rp1Pb2p/1Pp1P3/2P1QRP1/2N3KP/2B5 w - - 5 26,g8g7
2,Classmete,EulerE,1060,1013,r4r2/4npk1/p2q2pQ/Rp1Pb2p/1Pp1P3/2P2RP1/2N3KP/2B5 b - - 6 26,e3h6
2,Classmete,EulerE,1060,1013,r4rk1/4np2/p2q2pQ/Rp1Pb2p/1Pp1P3/2P2RP1/2N3KP/2B5 w - - 7 27,g7g8
2,Classmete,EulerE,1060,1013,r4rk1/4np2/p2q2pQ/Rp1Pb2p/1Pp1P3/2P1NRP1/6KP/2B5 b - - 8 27,c2e3
2,Classmete,EulerE,1060,1013,r4rk1/4np2/p2q2pQ/Rp1P3p/1Pp1P3/2b1NRP1/6KP/2B5 w - - 0 28,e5c3
2,Classmete,EulerE,1060,1013,r4rk1/4np2/p2q2pQ/1p1P3p/1Pp1P3/R1b1NRP1/6KP/2B5 b - - 1 28,a5a3
2,Classmete,EulerE,1060,1013,r4rk1/4np2/p2q2pQ/1p1P3p/1bp1P3/R3NRP1/6KP/2B5 w - - 0 29,c3b4
2,Classmete,EulerE,1060,1013,r4rk1/4np2/p2q2pQ/1p1P3p/1bp1P3/4NRP1/6KP/R1B5 b - - 1 29,a3a1
2,Classmete,EulerE,1060,1013,r4rk1/4np2/p2q2pQ/1p1P3p/2p1P3/2b1NRP1/6KP/R1B5 w - - 2 30,b4c3
2,Classmete,EulerE,1060,1013,r4rk1/4np2/p2q2pQ/1p1P3p/2p1P3/2b1NRP1/6KP/1RB5 b - - 3 30,a1b1
2,Classmete,EulerE,1060,1013,r4rk1/4npb1/p2q2pQ/1p1P3p/2p1P3/4NRP1/6KP/1RB5 w - - 4 31,c3g7
2,Classmete,EulerE,1060,1013,r4rk1/4npb1/p2q2p1/1p1P2Qp/2p1P3/4NRP1/6KP/1RB5 b - - 5 31,h6g5
2,Classmete,EulerE,1060,1013,r4rk1/4npb1/3q2p1/pp1P2Qp/2p1P3/4NRP1/6KP/1RB5 w - - 0 32,a6a5
2,Classmete,EulerE,1060,1013,r4rk1/4npb1/3q2p1/pp1P2Qp/2p1P3/4NRP1/1B4KP/1R6 b - - 1 32,c1b2
2,Classmete,EulerE,1060,1013,r4rk1/4np2/3q2p1/pp1P2Qp/2p1P3/4NRP1/1b4KP/1R6 w - - 0 33,g7b2
2,Classmete,EulerE,1060,1013,r4rk1/4np2/3q2p1/pp1P2Qp/2p1P3/4NRP1/1R4KP/8 b - - 0 33,b1b2
2,Classmete,EulerE,1060,1013,r4rk1/4np2/3q2p1/p2P2Qp/1pp1P3/4NRP1/1R4KP/8 w - - 0 34,b5b4
2,Classmete,EulerE,1060,1013,r4rk1/4np2/3q2p1/p2P2Qp/1pN1P3/5RP1/1R4KP/8 b - - 0 34,e3c4
2,Classmete,EulerE,1060,1013,r4rk1/4np2/6p1/p1qP2Qp/1pN1P3/5RP1/1R4KP/8 w - - 1 35,d6c5
2,Classmete,EulerE,1060,1013,r4rk1/4np2/6p1/p1qPN1Qp/1p2P3/5RP1/1R4KP/8 b - - 2 35,c4e5
2,Classmete,EulerE,1060,1013,r4rk1/4np2/6p1/p2PN1Qp/1p2P3/5RP1/1R4KP/2q5 w - - 3 36,c5c1
2,Classmete,EulerE,1060,1013,r4rk1/4np2/6p1/p2PN2p/1p2P3/5RP1/1R4KP/2Q5 b - - 0 36,g5c1
3,paleto2,EulerE,1037,1022,rnbqkbnr/pppppppp/8/8/3P4/8/PPP1PPPP/RNBQKBNR b KQkq - 0 1,d2d4
3,paleto2,EulerE,1037,1022,rnbqkbnr/ppp1pppp/8/3p4/3P4/8/PPP1PPPP/RNBQKBNR w KQkq - 0 2,d7d5
3,paleto2,EulerE,1037,1022,rnbqkbnr/ppp1pppp/8/3p4/2PP4/8/PP2PPPP/RNBQKBNR b KQkq - 0 2,c2c4
3,paleto2,EulerE,1037,1022,rnbqkbnr/ppp1pppp/8/8/2pP4/8/PP2PPPP/RNBQKBNR w KQkq - 0 3,d5c4
3,paleto2,EulerE,1037,1022,rnbqkbnr/ppp1pppp/8/8/2pP4/5N2/PP2PPPP/RNBQKB1R b KQkq - 1 3,g1f3
3,paleto2,EulerE,1037,1022,r1bqkbnr/ppp1pppp/2n5/8/2pP4/5N2/PP2PPPP/RNBQKB1R w KQkq - 2 4,b8c6
3,paleto2,EulerE,1037,1022,r1bqkbnr/ppp1pppp/2n5/8/2pP4/2N2N2/PP2PPPP/R1BQKB1R b KQkq - 3 4,b1c3
3,paleto2,EulerE,1037,1022,r1bqkbnr/ppp1pp1p/2n3p1/8/2pP4/2N2N2/PP2PPPP/R1BQKB1R w KQkq - 0 5,g7g6
3,paleto2,EulerE,1037,1022,r1bqkbnr/ppp1pp1p/2n3p1/8/2pPP3/2N2N2/PP3PPP/R1BQKB1R b KQkq - 0 5,e2e4
3,paleto2,EulerE,1037,1022,r1bqk1nr/ppp1ppbp/2n3p1/8/2pPP3/2N2N2/PP3PPP/R1BQKB1R w KQkq - 1 6,f8g7
3,paleto2,EulerE,1037,1022,r1bqk1nr/ppp1ppbp/2n3p1/3P4/2p1P3/2N2N2/PP3PPP/R1BQKB1R b KQkq - 0 6,d4d5
3,paleto2,EulerE,1037,1022,r1bqk1nr/ppp1ppbp/6p1/3Pn3/2p1P3/2N2N2/PP3PPP/R1BQKB1R w KQkq - 1 7,c6e5
3,paleto2,EulerE,1037,1022,r1bqk1nr/ppp1ppbp/6p1/3PN3/2p1P3/2N5/PP3PPP/R1BQKB1R b KQkq - 0 7,f3e5
3,paleto2,EulerE,1037,1022,r1bqk1nr/ppp1pp1p/6p1/3Pb3/2p1P3/2N5/PP3PPP/R1BQKB1R w KQkq - 0 8,g7e5
3,paleto2,EulerE,1037,1022,r1bqk1nr/ppp1pp1p/6p1/3Pb3/2B1P3/2N5/PP3PPP/R1BQK2R b KQkq - 0 8,f1c4
3,paleto2,EulerE,1037,1022,r1bqk2r/ppp1pp1p/5np1/3Pb3/2B1P3/2N5/PP3PPP/R1BQK2R w KQkq - 1 9,g8f6
3,paleto2,EulerE,1037,1022,r1bqk2r/ppp1pp1p/5np1/3Pb1B1/2B1P3/2N5/PP3PPP/R2QK2R b KQkq - 2 9,c1g5
3,paleto2,EulerE,1037,1022,r1bqk2r/ppp2p1p/4pnp1/3Pb1B1/2B1P3/2N5/PP3PPP/R2QK2R w KQkq - 0 10,e7e6
3,paleto2,EulerE,1037,1022,r1bqk2r/ppp2p1p/4Pnp1/4b1B1/2B1P3/2N5/PP3PPP/R2QK2R b KQkq - 0 10,d5e6
3,paleto2,EulerE,1037,1022,r2qk2r/ppp2p1p/4bnp1/4b1B1/2B1P3/2N5/PP3PPP/R2QK2R w KQkq - 0 11,c8e6
3,paleto2,EulerE,1037,1022,r2qk2r/ppp2p1p/4Bnp1/4b1B1/4P3/2N5/PP3PPP/R2QK2R b KQkq - 0 11,c4e6
3,paleto2,EulerE,1037,1022,r2qk2r/ppp4p/4pnp1/4b1B1/4P3/2N5/PP3PPP/R2QK2R w KQkq - 0 12,f7e6
3,paleto2,EulerE,1037,1022,r2qk2r/ppp4p/4pnp1/4b1B1/Q3P3/2N5/PP3PPP/R3K2R b KQkq - 1 12,d1a4
3,paleto2,EulerE,1037,1022,r2qk2r/pp5p/2p1pnp1/4b1B1/Q3P3/2N5/PP3PPP/R3K2R w KQkq - 0 13,c7c6
3,paleto2,EulerE,1037,1022,r2qk2r/pp5p/2p1pnp1/4b1B1/Q3P3/2N5/PP3PPP/R4RK1 b kq - 1 13,e1g1
3,paleto2,EulerE,1037,1022,r2qk2r/pp5p/2p1pnp1/6B1/Q3P3/2b5/PP3PPP/R4RK1 w kq - 0 14,e5c3
3,paleto2,EulerE,1037,1022,r2qk2r/pp5p/2p1pnp1/6B1/Q3P3/2P5/P4PPP/R4RK1 b kq - 0 14,b2c3
3,paleto2,EulerE,1037,1022,r2q1rk1/pp5p/2p1pnp1/6B1/Q3P3/2P5/P4PPP/R4RK1 w - - 1 15,e8g8
3,paleto2,EulerE,1037,1022,r2q1rk1/pp5p/2p1pnp1/6B1/Q3P3/2P5/P4PPP/3R1RK1 b - - 2 15,a1d1
3,paleto2,EulerE,1037,1022,r4rk1/pp2q2p/2p1pnp1/6B1/Q3P3/2P5/P4PPP/3R1RK1 w - - 3 16,d8e7
3,paleto2,EulerE,1037,1022,r4rk1/pp2q2p/2p1pnp1/6B1/4P3/1QP5/P4PPP/3R1RK1 b - - 4 16,a4b3
3,paleto2,EulerE,1037,1022,3r1rk1/pp2q2p/2p1pnp1/6B1/4P3/1QP5/P4PPP/3R1RK1 w - - 5 17,a8d8
3,paleto2,EulerE,1037,1022,3r1rk1/pp2q2p/2p1pnp1/4P1B1/8/1QP5/P4PPP/3R1RK1 b - - 0 17,e4e5
3,paleto2,EulerE,1037,1022,5rk1/pp2q2p/2p1pnp1/4P1B1/8/1QP5/P4PPP/3r1RK1 w - - 0 18,d8d1
3,paleto2,EulerE,1037,1022,5rk1/pp2q2p/2p1pnp1/4P1B1/8/1QP5/P4PPP/3R2K1 b - - 0 18,f1d1
3,paleto2,EulerE,1037,1022,3r2k1/pp2q2p/2p1pnp1/4P1B1/8/1QP5/P4PPP/3R2K1 w - - 1 19,f8d8
3,paleto2,EulerE,1037,1022,3R2k1/pp2q2p/2p1pnp1/4P1B1/8/1QP5/P4PPP/6K1 b - - 0 19,d1d8
3,paleto2,EulerE,1037,1022,3q2k1/pp5p/2p1pnp1/4P1B1/8/1QP5/P4PPP/6K1 w - - 0 20,e7d8
3,paleto2,EulerE,1037,1022,3q2k1/pp5p/2p1pBp1/4P3/8/1QP5/P4PPP/6K1 b - - 0 20,g5f6
3,paleto2,EulerE,1037,1022,6k1/pp5p/2p1pBp1/4P3/8/1QP5/P2q1PPP/6K1 w - - 1 21,d8d2
3,paleto2,EulerE,1037,1022,6k1/pp5p/2p1pBp1/4P3/8/1QP4P/P2q1PP1/6K1 b - - 0 21,h2h3
3,paleto2,EulerE,1037,1022,6k1/pp5p/2p1pBp1/4P3/8/1QP4P/P4PP1/2q3K1 w - - 1 22,d2c1
3,paleto2,EulerE,1037,1022,6k1/pp5p/2p1pBp1/4P3/8/1QP4P/P4PPK/2q5 b - - 2 22,g1h2
3,paleto2,EulerE,1037,1022,6k1/pp5p/2p1pBp1/4P3/5q2/1QP4P/P4PPK/8 w - - 3 23,c1f4
3,paleto2,EulerE,1037,1022,6k1/pp5p/2p1pBp1/4P3/5q2/1QP3PP/P4P1K/8 b - - 0 23,g2g3
3,paleto2,EulerE,1037,1022,6k1/pp5p/2p1pBp1/4P3/8/1QP3PP/P4q1K/8 w - - 0 24,f4f2
3,paleto2,EulerE,1037,1022,6k1/pp5p/2p1pBp1/4P3/8/1QP3PP/P4q2/7K b - - 1 24,h2h1
3,paleto2,EulerE,1037,1022,6k1/pp5p/2p1pBp1/4P3/8/1QP3PP/P7/4q2K w - - 2 25,f2e1
3,paleto2,EulerE,1037,1022,6k1/pp5p/2p1pBp1/4P3/8/1QP3PP/P5K1/4q3 b - - 3 25,h1g2
3,paleto2,EulerE,1037,1022,6k1/pp5p/2p1pBp1/4P3/8/1QP3PP/P3q1K1/8 w - - 4 26,e1e2
3,paleto2,EulerE,1037,1022,6k1/pp5p/2p1pBp1/4P3/8/1QP3PP/P3q3/6K1 b - - 5 26,g2g1
3,paleto2,EulerE,1037,1022,6k1/pp5p/2p1pBp1/4P3/8/1QP1q1PP/P7/6K1 w - - 6 27,e2e3
3,paleto2,EulerE,1037,1022,6k1/pp5p/2p1pBp1/4P3/8/1QP1q1PP/P7/5K2 b - - 7 27,g1f1
3,paleto2,EulerE,1037,1022,6k1/pp5p/2p1pBp1/4P3/8/1QP2qPP/P7/5K2 w - - 8 28,e3f3
3,paleto2,EulerE,1037,1022,6k1/pp5p/2p1pBp1/4P3/8/1QP2qPP/P7/4K3 b - - 9 28,f1e1
3,paleto2,EulerE,1037,1022,6k1/pp5p/2p1pBp1/4P3/8/1QP1q1PP/P7/4K3 w - - 10 29,f3e3
3,paleto2,EulerE,1037,1022,6k1/pp5p/2p1pBp1/4P3/8/1QP1q1PP/P7/3K4 b - - 11 29,e1d1
3,paleto2,EulerE,1037,1022,6k1/pp5p/2p1pBp1/4P3/8/1QPq2PP/P7/3K4 w - - 12 30,e3d3
3,paleto2,EulerE,1037,1022,6k1/pp5p/2p1pBp1/4P3/8/1QPq2PP/P7/2K5 b - - 13 30,d1c1
3,paleto2,EulerE,1037,1022,6k1/pp5p/2p1pBp1/4P3/8/1QP1q1PP/P7/2K5 w - - 14 31,d3e3
3,paleto2,EulerE,1037,1022,6k1/pp5p/2p1pBp1/4P3/8/1QP1q1PP/PK6/8 b - - 15 31,c1b2
3,paleto2,EulerE,1037,1022,6k1/pp5p/2p1pBp1/4P3/8/1QP3PP/PK1q4/8 w - - 16 32,e3d2
3,paleto2,EulerE,1037,1022,6k1/pp5p/2p1pBp1/4P3/8/KQP3PP/P2q4/8 b - - 17 32,b2a3
3,paleto2,EulerE,1037,1022,6k1/pp5p/2p1pBp1/4P3/8/KQP3PP/P7/2q5 w - - 18 33,d2c1
3,paleto2,EulerE,1037,1022,6k1/pp5p/2p1pBp1/4P3/8/K1P3PP/PQ6/2q5 b - - 19 33,b3b2
3,paleto2,EulerE,1037,1022,6k1/pp5p/2p1pBp1/4P3/8/K1P3PP/Pq6/8 w - - 0 34,c1b2
3,paleto2,EulerE,1037,1022,6k1/pp5p/2p1pBp1/4P3/8/2P3PP/PK6/8 b - - 0 34,a3b2
3,paleto2,EulerE,1037,1022,8/pp3k1p/2p1pBp1/4P3/8/2P3PP/PK6/8 w - - 1 35,g8f7
3,paleto2,EulerE,1037,1022,8/pp3k1p/2p1pBp1/4P3/P7/2P3PP/1K6/8 b - - 0 35,a2a4
3,paleto2,EulerE,1037,1022,4k3/pp5p/2p1pBp1/4P3/P7/2P3PP/1K6/8 w - - 1 36,f7e8
3,paleto2,EulerE,1037,1022,4k3/pp5p/2p1pBp1/4P3/P7/1KP3PP/8/8 b - - 2 36,b2b3
3,paleto2,EulerE,1037,1022,8/pp1k3p/2p1pBp1/4P3/P7/1KP3PP/8/8 w - - 3 37,e8d7
3,paleto2,EulerE,1037,1022,8/pp1k3p/2p1pBp1/4P3/P1P5/1K4PP/8/8 b - - 0 37,c3c4
3,paleto2,EulerE,1037,1022,8/p2k3p/1pp1pBp1/4P3/P1P5/1K4PP/8/8 w - - 0 38,b7b6
3,paleto2,EulerE,1037,1022,8/p2k3p/1pp1pBp1/4P3/PKP5/6PP/8/8 b - - 1 38,b3b4
3,paleto2,EulerE,1037,1022,8/p1k4p/1pp1pBp1/4P3/PKP5/6PP/8/8 w - - 2 39,d7c7
3,paleto2,EulerE,1037,1022,8/p1k4p/1pp1pBp1/4P3/PKP3P1/7P/8/8 b - - 0 39,g3g4
3,paleto2,EulerE,1037,1022,8/p1k4p/1p2pBp1/2p1P3/PKP3P1/7P/8/8 w - - 0 40,c6c5
3,paleto2,EulerE,1037,1022,8/p1k4p/1p2pBp1/1Kp1P3/P1P3P1/7P/8/8 b - - 1 40,b4b5
3,paleto2,EulerE,1037,1022,8/pk5p/1p2pBp1/1Kp1P3/P1P3P1/7P/8/8 w - - 2 41,c7b7
3,paleto2,EulerE,1037,1022,8/pk5p/1p2pBp1/1Kp1P3/P1P3PP/8/8/8 b - - 0 41,h3h4
3,paleto2,EulerE,1037,1022,8/1k5p/pp2pBp1/1Kp1P3/P1P3PP/8/8/8 w - - 0 42,a7a6
4,EulerE,ArkadiusVI,1014,1026,rnbqkbnr/pppppppp/8/8/3P4/8/PPP1PPPP/RNBQKBNR b KQkq - 0 1,d2d4
4,EulerE,ArkadiusVI,1014,1026,rnbqkbnr/pppp1ppp/4p3/8/3P4/8/PPP1PPPP/RNBQKBNR w KQkq - 0 2,e7e6
4,EulerE,ArkadiusVI,1014,1026,rnbqkbnr/pppp1ppp/4p3/8/2PP4/8/PP2PPPP/RNBQKBNR b KQkq - 0 2,c2c4
4,EulerE,ArkadiusVI,1014,1026,rnbqkbnr/ppp2ppp/4p3/3p4/2PP4/8/PP2PPPP/RNBQKBNR w KQkq - 0 3,d7d5
4,EulerE,ArkadiusVI,1014,1026,rnbqkbnr/ppp2ppp/4p3/3p4/2PP4/5N2/PP2PPPP/RNBQKB1R b KQkq - 1 3,g1f3
4,EulerE,ArkadiusVI,1014,1026,rnbqkbnr/pp3ppp/4p3/2pp4/2PP4/5N2/PP2PPPP/RNBQKB1R w KQkq - 0 4,c7c5
4,EulerE,ArkadiusVI,1014,1026,rnbqkbnr/pp3ppp/4p3/2Pp4/2P5/5N2/PP2PPPP/RNBQKB1R b KQkq - 0 4,d4c5
4,EulerE,ArkadiusVI,1014,1026,rnbqk1nr/pp3ppp/4p3/2bp4/2P5/5N2/PP2PPPP/RNBQKB1R w KQkq - 0 5,f8c5
4,EulerE,ArkadiusVI,1014,1026,rnbqk1nr/pp3ppp/4p3/2bp4/2P5/2N2N2/PP2PPPP/R1BQKB1R b KQkq - 1 5,b1c3
4,EulerE,ArkadiusVI,1014,1026,rnbqk1nr/pp3ppp/4p3/2b5/2p5/2N2N2/PP2PPPP/R1BQKB1R w KQkq - 0 6,d5c4
4,EulerE,ArkadiusVI,1014,1026,rnbqk1nr/pp3ppp/4p3/2b5/2p1P3/2N2N2/PP3PPP/R1BQKB1R b KQkq - 0 6,e2e4
4,EulerE,ArkadiusVI,1014,1026,rnb1k1nr/pp3ppp/4p3/2b5/2p1P3/2N2N2/PP3PPP/R1BqKB1R w KQkq - 0 7,d8d1
4,EulerE,ArkadiusVI,1014,1026,rnb1k1nr/pp3ppp/4p3/2b5/2p1P3/5N2/PP3PPP/R1BNKB1R b KQkq - 0 7,c3d1
4,EulerE,ArkadiusVI,1014,1026,rnb1k2r/pp3ppp/4pn2/2b5/2p1P3/5N2/PP3PPP/R1BNKB1R w KQkq - 1 8,g8f6
4,EulerE,ArkadiusVI,1014,1026,rnb1k2r/pp3ppp/4pn2/2b5/2p1P3/2N2N2/PP3PPP/R1B1KB1R b KQkq - 2 8,d1c3
4,EulerE,ArkadiusVI,1014,1026,rnb2rk1/pp3ppp/4pn2/2b5/2p1P3/2N2N2/PP3PPP/R1B1KB1R w KQ - 3 9,e8g8
4,EulerE,ArkadiusVI,1014,1026,rnb2rk1/pp3ppp/4pn2/2b1P3/2p5/2N2N2/PP3PPP/R1B1KB1R b KQ - 0 9,e4e5
4,EulerE,ArkadiusVI,1014,1026,rnb2rk1/pp3ppp/4p3/2bnP3/2p5/2N2N2/PP3PPP/R1B1KB1R w KQ - 1 10,f6d5
4,EulerE,ArkadiusVI,1014,1026,rnb2rk1/pp3ppp/4p3/2bNP3/2p5/5N2/PP3PPP/R1B1KB1R b KQ - 0 10,c3d5
4,EulerE,ArkadiusVI,1014,1026,rnb2rk1/pp3ppp/8/2bpP3/2p5/5N2/PP3PPP/R1B1KB1R w KQ - 0 11,e6d5
4,EulerE,ArkadiusVI,1014,1026,rnb2rk1/pp3ppp/8/2bpP3/2p5/5N2/PP2BPPP/R1B1K2R b KQ - 1 11,f1e2
4,EulerE,ArkadiusVI,1014,1026,r1b2rk1/pp3ppp/2n5/2bpP3/2p5/5N2/PP2BPPP/R1B1K2R w KQ - 2 12,b8c6
4,EulerE,ArkadiusVI,1014,1026,r1b2rk1/pp3ppp/2n5/2bpP3/2p5/5N2/PP2BPPP/R1B2RK1 b - - 3 12,e1g1
4,EulerE,ArkadiusVI,1014,1026,r1b1r1k1/pp3ppp/2n5/2bpP3/2p5/5N2/PP2BPPP/R1B2RK1 w - - 4 13,f8e8
4,EulerE,ArkadiusVI,1014,1026,r1b1r1k1/pp3ppp/2n5/2bpP3/2p2B2/5N2/PP2BPPP/R4RK1 b - - 5 13,c1f4
4,EulerE,ArkadiusVI,1014,1026,r1b1r1k1/pp3ppp/8/2bpP3/2pn1B2/5N2/PP2BPPP/R4RK1 w - - 6 14,c6d4
4,EulerE,ArkadiusVI,1014,1026,r1b1r1k1/pp3ppp/8/2bpP3/2pN1B2/8/PP2BPPP/R4RK1 b - - 0 14,f3d4
4,EulerE,ArkadiusVI,1014,1026,r1b1r1k1/pp3ppp/8/3pP3/2pb1B2/8/PP2BPPP/R4RK1 w - - 0 15,c5d4
4,EulerE,ArkadiusVI,1014,1026,r1b1r1k1/pp3ppp/8/3pP3/2pb1B2/8/PP2BPPP/R2R2K1 b - - 1 15,f1d1
4,EulerE,ArkadiusVI,1014,1026,r1b1r1k1/pp3ppp/8/3pP3/2p2B2/8/Pb2BPPP/R2R2K1 w - - 0 16,d4b2
4,EulerE,ArkadiusVI,1014,1026,r1b1r1k1/pp3ppp/8/3pP3/2p2B2/8/Pb2BPPP/1R1R2K1 b - - 1 16,a1b1
4,EulerE,ArkadiusVI,1014,1026,r1b1r1k1/pp3ppp/8/3pb3/2p2B2/8/P3BPPP/1R1R2K1 w - - 0 17,b2e5
4,EulerE,ArkadiusVI,1014,1026,r1b1r1k1/pp3ppp/8/3pB3/2p5/8/P3BPPP/1R1R2K1 b - - 0 17,f4e5
4,EulerE,ArkadiusVI,1014,1026,r1b3k1/pp3ppp/8/3pr3/2p5/8/P3BPPP/1R1R2K1 w - - 0 18,e8e5
4,EulerE,ArkadiusVI,1014,1026,r1b3k1/pp3ppp/8/3pr3/2p5/8/P3BPPP/1R1R1K2 b - - 1 18,g1f1
4,EulerE,ArkadiusVI,1014,1026,r5k1/pp3ppp/8/3prb2/2p5/8/P3BPPP/1R1R1K2 w - - 2 19,c8f5
4,EulerE,ArkadiusVI,1014,1026,r5k1/pp3ppp/8/3prb2/2p5/8/P3BPPP/2RR1K2 b - - 3 19,b1c1
4,EulerE,ArkadiusVI,1014,1026,4r1k1/pp3ppp/8/3prb2/2p5/8/P3BPPP/2RR1K2 w - - 4 20,a8e8
4,EulerE,ArkadiusVI,1014,1026,4r1k1/pp3ppp/8/3prb2/2p5/5B2/P4PPP/2RR1K2 b - - 5 20,e2f3
4,EulerE,ArkadiusVI,1014,1026,4r1k1/pp3ppp/8/3pr3/2p1b3/5B2/P4PPP/2RR1K2 w - - 6 21,f5e4
4,EulerE,ArkadiusVI,1014,1026,4r1k1/pp3ppp/8/3pr3/2p1B3/8/P4PPP/2RR1K2 b - - 0 21,f3e4
4,EulerE,ArkadiusVI,1014,1026,4r1k1/pp3ppp/8/3p4/2p1r3/8/P4PPP/2RR1K2 w - - 0 22,e5e4
4,EulerE,ArkadiusVI,1014,1026,4r1k1/pp3ppp/8/3p4/2p1r3/8/P4PPP/2R1RK2 b - - 1 22,d1e1
4,EulerE,ArkadiusVI,1014,1026,4r1k1/p4ppp/8/1p1p4/2p1r3/8/P4PPP/2R1RK2 w - - 0 23,b7b5
4,EulerE,ArkadiusVI,1014,1026,4r1k1/p4ppp/8/1p1p4/2p1r3/5P2/P5PP/2R1RK2 b - - 0 23,f2f3
4,EulerE,ArkadiusVI,1014,1026,4r1k1/p4ppp/8/1p1p4/2p5/5P2/P5PP/2R1rK2 w - - 0 24,e4e1
4,EulerE,ArkadiusVI,1014,1026,4r1k1/p4ppp/8/1p1p4/2p5/5P2/P5PP/4RK2 b - - 0 24,c1e1
4,EulerE,ArkadiusVI,1014,1026,6k1/p4ppp/8/1p1p4/2p5/5P2/P5PP/4rK2 w - - 0 25,e8e1
4,EulerE,ArkadiusVI,1014,1026,6k1/p4ppp/8/1p1p4/2p5/5P2/P5PP/4K3 b - - 0 25,f1e1
4,EulerE,ArkadiusVI,1014,1026,5k2/p4ppp/8/1p1p4/2p5/5P2/P5PP/4K3 w - - 1 26,g8f8
4,EulerE,ArkadiusVI,1014,1026,5k2/p4ppp/8/1p1p4/2p5/5P2/P3K1PP/8 b - - 2 26,e1e2
4,EulerE,ArkadiusVI,1014,1026,8/p3kppp/8/1p1p4/2p5/5P2/P3K1PP/8 w - - 3 27,f8e7
4,EulerE,ArkadiusVI,1014,1026,8/p3kppp/8/1p1p4/2p5/4KP2/P5PP/8 b - - 4 27,e2e3
4,EulerE,ArkadiusVI,1014,1026,8/p4ppp/3k4/1p1p4/2p5/4KP2/P5PP/8 w - - 5 28,e7d6
4,EulerE,ArkadiusVI,1014,1026,8/p4ppp/3k4/1p1p4/2pK4/5P2/P5PP/8 b - - 6 28,e3d4
4,EulerE,ArkadiusVI,1014,1026,8/5ppp/3k4/pp1p4/2pK4/5P2/P5PP/8 w - - 0 29,a7a5
4,EulerE,ArkadiusVI,1014,1026,8/5ppp/3k4/pp1p4/2pK1P2/8/P5PP/8 b - - 0 29,f3f4
4,EulerE,ArkadiusVI,1014,1026,8/6pp/3k1p2/pp1p4/2pK1P2/8/P5PP/8 w - - 0 30,f7f6
4,EulerE,ArkadiusVI,1014,1026,8/6pp/3k1p2/pp1p4/2pK1PP1/8/P6P/8 b - - 0 30,g2g4
4,EulerE,ArkadiusVI,1014,1026,8/6pp/3k1p2/1p1p4/p1pK1PP1/8/P6P/8 w - - 0 31,a5a4
4,EulerE,ArkadiusVI,1014,1026,8/6pp/3k1p2/1p1p4/p1pK1PP1/P7/7P/8 b - - 0 31,a2a3
4,EulerE,ArkadiusVI,1014,1026,8/7p/3k1pp1/1p1p4/p1pK1PP1/P7/7P/8 w - - 0 32,g7g6
4,EulerE,ArkadiusVI,1014,1026,8/7p/3k1pp1/1p1p4/p1pK1PPP/P7/8/8 b - - 0 32,h2h4
4,EulerE,ArkadiusVI,1014,1026,8/8/3k1ppp/1p1p4/p1pK1PPP/P7/8/8 w - - 0 33,h7h6
4,EulerE,ArkadiusVI,1014,1026,8/8/3k1ppp/1p1p4/p1p2PPP/P1K5/8/8 b - - 1 33,d4c3
4,EulerE,ArkadiusVI,1014,1026,8/8/5ppp/1pkp4/p1p2PPP/P1K5/8/8 w - - 2 34,d6c5
4,EulerE,ArkadiusVI,1014,1026,8/8/5ppp/1pkp2P1/p1p2P1P/P1K5/8/8 b - - 0 34,g4g5
4,EulerE,ArkadiusVI,1014,1026,8/8/6pp/1pkp2p1/p1p2P1P/P1K5/8/8 w - - 0 35,f6g5
4,EulerE,ArkadiusVI,1014,1026,8/8/6pp/1pkp2P1/p1p4P/P1K5/8/8 b - - 0 35,f4g5
4,EulerE,ArkadiusVI,1014,1026,8/8/6p1/1pkp2p1/p1p4P/P1K5/8/8 w - - 0 36,h6g5
4,EulerE,ArkadiusVI,1014,1026,8/8/6p1/1pkp2P1/p1p5/P1K5/8/8 b - - 0 36,h4g5
4,EulerE,ArkadiusVI,1014,1026,8/8/6p1/1pk3P1/p1pp4/P1K5/8/8 w - - 0 37,d5d4
4,EulerE,ArkadiusVI,1014,1026,8/8/6p1/1pk3P1/p1pp4/P7/3K4/8 b - - 1 37,c3d2
4,EulerE,ArkadiusVI,1014,1026,8/8/6p1/2k3P1/pppp4/P7/3K4/8 w - - 0 38,b5b4
4,EulerE,ArkadiusVI,1014,1026,8/8/6p1/2k3P1/pppp4/P7/4K3/8 b - - 1 38,d2e2
4,EulerE,ArkadiusVI,1014,1026,8/8/6p1/2k3P1/p1pp4/p7/4K3/8 w - - 0 39,b4a3
4,EulerE,ArkadiusVI,1014,1026,8/8/6p1/2k3P1/p1pp4/p4K2/8/8 b - - 1 39,e2f3
4,EulerE,ArkadiusVI,1014,1026,8/8/6p1/2k3P1/p1pp4/5K2/p7/8 w - - 0 40,a3a2
4,EulerE,ArkadiusVI,1014,1026,8/8/6p1/2k3P1/p1ppK3/8/p7/8 b - - 1 40,f3e4
4,EulerE,ArkadiusVI,1014,1026,8/8/6p1/2k3P1/p1ppK3/8/8/q7 w - - 0 41,a2a1q
4,EulerE,ArkadiusVI,1014,1026,8/8/6p1/2k1K1P1/p1pp4/8/8/q7 b - - 1 41,e4e5
4,EulerE,ArkadiusVI,1014,1026,8/8/6p1/2k1K1P1/p1pp4/8/8/4q3 w - - 2 42,a1e1
4,EulerE,ArkadiusVI,1014,1026,8/8/5Kp1/2k3P1/p1pp4/8/8/4q3 b - - 3 42,e5f6
4,EulerE,ArkadiusVI,1014,1026,8/8/5Kp1/2k3P1/p1pp4/8/8/5q2 w - - 4 43,e1f1
4,EulerE,ArkadiusVI,1014,1026,8/8/6K1/2k3P1/p1pp4/8/8/5q2 b - - 0 43,f6g6
4,EulerE,ArkadiusVI,1014,1026,8/8/6K1/2k3P1/p1p5/3p4/8/5q2 w - - 0 44,d4d3
4,EulerE,ArkadiusVI,1014,1026,8/7K/8/2k3P1/p1p5/3p4/8/5q2 b - - 1 44,g6h7
4,EulerE,ArkadiusVI,1014,1026,8/7K/8/2k3P1/p1p5/8/3p4/5q2 w - - 0 45,d3d2
4,EulerE,ArkadiusVI,1014,1026,8/7K/6P1/2k5/p1p5/8/3p4/5q2 b - - 0 45,g5g6
4,EulerE,ArkadiusVI,1014,1026,8/7K/6P1/2k5/p1p5/8/8/3q1q2 w - - 0 46,d2d1q
4,EulerE,ArkadiusVI,1014,1026,8/6PK/8/2k5/p1p5/8/8/3q1q2 b - - 0 46,g6g7
4,EulerE,ArkadiusVI,1014,1026,8/6PK/8/2k5/p1p5/3q4/8/5q2 w - - 1 47,d1d3
4,EulerE,ArkadiusVI,1014,1026,7K/6P1/8/2k5/p1p5/3q4/8/5q2 b - - 2 47,h7h8
4,EulerE,ArkadiusVI,1014,1026,7K/6P1/8/2k5/p1p5/3q4/8/7q w - - 3 48,f1h1
4,EulerE,ArkadiusVI,1014,1026,6K1/6P1/8/2k5/p1p5/3q4/8/7q b - - 4 48,h8g8
4,EulerE,ArkadiusVI,1014,1026,3q2K1/6P1/8/2k5/p1p5/8/8/7q w - - 5 49,d3d8
4,EulerE,ArkadiusVI,1014,1026,3q4/5KP1/8/2k5/p1p5/8/8/7q b - - 6 49,g8f7
4,EulerE,ArkadiusVI,1014,1026,3q4/5KP1/8/2k5/p1p5/8/8/5q2 w - - 7 50,h1f1
4,EulerE,ArkadiusVI,1014,1026,3q4/6P1/6K1/2k5/p1p5/8/8/5q2 b - - 8 50,f7g6
4,EulerE,ArkadiusVI,1014,1026,8/6P1/5qK1/2k5/p1p5/8/8/5q2 w - - 9 51,d8f6
4,EulerE,ArkadiusVI,1014,1026,8/6PK/5q2/2k5/p1p5/8/8/5q2 b - - 10 51,g6h7
4,EulerE,ArkadiusVI,1014,1026,8/6PK/5q2/2k5/p1p5/8/8/7q w - - 11 52,f1h1
4,EulerE,ArkadiusVI,1014,1026,6K1/6P1/5q2/2k5/p1p5/8/8/7q b - - 12 52,h7g8
4,EulerE,ArkadiusVI,1014,1026,6K1/6P1/5q2/2k5/p1p5/8/8/6q1 w - - 13 53,h1g1
4,EulerE,ArkadiusVI,1014,1026,7K/6P1/5q2/2k5/p1p5/8/8/6q1 b - - 14 53,g8h8
4,EulerE,ArkadiusVI,1014,1026,7K/6q1/8/2k5/p1p5/8/8/6q1 w - - 0 54,f6g7
5,allahremswallow,EulerE,985,1005,rnbqkbnr/pppppppp/8/8/4P3/8/PPPP1PPP/RNBQKBNR b KQkq - 0 1,e2e4
5,allahremswallow,EulerE,985,1005,rnbqkbnr/pppp1ppp/8/4p3/4P3/8/PPPP1PPP/RNBQKBNR w KQkq - 0 2,e7e5
5,allahremswallow,EulerE,985,1005,rnbqkbnr/pppp1ppp/8/4p3/4P3/5N2/PPPP1PPP/RNBQKB1R b KQkq - 1 2,g1f3
5,allahremswallow,EulerE,985,1005,r1bqkbnr/pppp1ppp/2n5/4p3/4P3/5N2/PPPP1PPP/RNBQKB1R w KQkq - 2 3,b8c6
5,allahremswallow,EulerE,985,1005,r1bqkbnr/pppp1ppp/2n5/4p3/2B1P3/5N2/PPPP1PPP/RNBQK2R b KQkq - 3 3,f1c4
5,allahremswallow,EulerE,985,1005,r1bqk1nr/pppp1ppp/2n5/2b1p3/2B1P3/5N2/PPPP1PPP/RNBQK2R w KQkq - 4 4,f8c5
5,allahremswallow,EulerE,985,1005,r1bqk1nr/pppp1ppp/2n5/2b1p3/2B1P3/5N2/PPPP1PPP/RNBQ1RK1 b kq - 5 4,e1g1
5,allahremswallow,EulerE,985,1005,r1bqk2r/pppp1ppp/2n2n2/2b1p3/2B1P3/5N2/PPPP1PPP/RNBQ1RK1 w kq - 6 5,g8f6
5,allahremswallow,EulerE,985,1005,r1bqk2r/pppp1ppp/2n2n2/2b1p3/2B1P3/3P1N2/PPP2PPP/RNBQ1RK1 b kq - 0 5,d2d3
5,allahremswallow,EulerE,985,1005,r1bq1rk1/pppp1ppp/2n2n2/2b1p3/2B1P3/3P1N2/PPP2PPP/RNBQ1RK1 w - - 1 6,e8g8
5,allahremswallow,EulerE,985,1005,r1bq1rk1/pppp1ppp/2n2n2/2b1p3/2B1P3/2PP1N2/PP3PPP/RNBQ1RK1 b - - 0 6,c2c3
5,allahremswallow,EulerE,985,1005,r1bq1rk1/1ppp1ppp/p1n2n2/2b1p3/2B1P3/2PP1N2/PP3PPP/RNBQ1RK1 w - - 0 7,a7a6
5,allahremswallow,EulerE,985,1005,r1bq1rk1/1ppp1ppp/p1n2n2/2b1p1B1/2B1P3/2PP1N2/PP3PPP/RN1Q1RK1 b - - 1 7,c1g5
5,allahremswallow,EulerE,985,1005,r1bq1rk1/2pp1ppp/p1n2n2/1pb1p1B1/2B1P3/2PP1N2/PP3PPP/RN1Q1RK1 w - - 0 8,b7b5
5,allahremswallow,EulerE,985,1005,r1bq1rk1/2pp1ppp/p1n2n2/1pb1p1B1/4P3/1BPP1N2/PP3PPP/RN1Q1RK1 b - - 1 8,c4b3
5,allahremswallow,EulerE,985,1005,r1bq1rk1/2pp1ppp/p4n2/npb1p1B1/4P3/1BPP1N2/PP3PPP/RN1Q1RK1 w - - 2 9,c6a5
5,allahremswallow,EulerE,985,1005,r1bq1rk1/2pp1ppp/p4n2/npb1p1B1/4P3/2PP1N2/PPB2PPP/RN1Q1RK1 b - - 3 9,b3c2
5,allahremswallow,EulerE,985,1005,r1bq1rk1/2pp1ppp/pb3n2/np2p1B1/4P3/2PP1N2/PPB2PPP/RN1Q1RK1 w - - 4 10,c5b6
5,allahremswallow,EulerE,985,1005,r1bq1rk1/2pp1ppp/pb3n2/np2p1B1/4P3/2PP1N2/PPBN1PPP/R2Q1RK1 b - - 5 10,b1d2
5,allahremswallow,EulerE,985,1005,r1bq1rk1/2pp1pp1/pb3n1p/np2p1B1/4P3/2PP1N2/PPBN1PPP/R2Q1RK1 w - - 0 11,h7h6
5,allahremswallow,EulerE,985,1005,r1bq1rk1/2pp1pp1/pb3n1p/np2p1B1/4P3/2PP1N2/PPBN1PPP/R2QR1K1 b - - 1 11,f1e1
5,allahremswallow,EulerE,985,1005,r1bq1rk1/2pp1pp1/pb3n2/np2p1p1/4P3/2PP1N2/PPBN1PPP/R2QR1K1 w - - 0 12,h6g5
5,allahremswallow,EulerE,985,1005,r1bq1rk1/2pp1pp1/pb3n2/np2p1N1/4P3/2PP4/PPBN1PPP/R2QR1K1 b - - 0 12,f3g5
5,allahremswallow,EulerE,985,1005,r1bq1rk1/2pp1ppn/pb6/np2p1N1/4P3/2PP4/PPBN1PPP/R2QR1K1 w - - 1 13,f6h7
5,allahremswallow,EulerE,985,1005,r1bq1rk1/2pp1ppn/pb6/np2p3/4P3/2PP1N2/PPBN1PPP/R2QR1K1 b - - 2 13,g5f3
5,allahremswallow,EulerE,985,1005,r1bq1r1k/2pp1ppn/pb6/np2p3/4P3/2PP1N2/PPBN1PPP/R2QR1K1 w - - 3 14,g8h8
5,allahremswallow,EulerE,985,1005,r1bq1r1k/2pp1ppn/pb6/np2p3/4P3/2PP1N1P/PPBN1PP1/R2QR1K1 b - - 0 14,h2h3
5,allahremswallow,EulerE,985,1005,r1bq1r1k/2p2ppn/pb1p4/np2p3/4P3/2PP1N1P/PPBN1PP1/R2QR1K1 w - - 0 15,d7d6
5,allahremswallow,EulerE,985,1005,r1bq1r1k/2p2ppn/pb1p4/np2p3/3PP3/2P2N1P/PPBN1PP1/R2QR1K1 b - - 0 15,d3d4
5,allahremswallow,EulerE,985,1005,r1bq1r1k/2p2ppn/pb1p4/np6/3pP3/2P2N1P/PPBN1PP1/R2QR1K1 w - - 0 16,e5d4
5,allahremswallow,EulerE,985,1005,r1bq1r1k/2p2ppn/pb1p4/np6/3PP3/5N1P/PPBN1PP1/R2QR1K1 b - - 0 16,c3d4
5,allahremswallow,EulerE,985,1005,r2q1r1k/2p2ppn/pb1pb3/np6/3PP3/5N1P/PPBN1PP1/R2QR1K1 w - - 1 17,c8e6
5,allahremswallow,EulerE,985,1005,r2q1r1k/2p2ppn/pb1pb3/np2P3/3P4/5N1P/PPBN1PP1/R2QR1K1 b - - 0 17,e4e5
5,allahremswallow,EulerE,985,1005,r2q1r1k/2p2ppn/pb2b3/np1pP3/3P4/5N1P/PPBN1PP1/R2QR1K1 w - - 0 18,d6d5
5,allahremswallow,EulerE,985,1005,r2q1r1k/2p2ppn/pb2b3/np1pP3/3P4/5N1P/PPB2PP1/R2QRNK1 b - - 1 18,d2f1
5,allahremswallow,EulerE,985,1005,r2q2rk/2p2ppn/pb2b3/np1pP3/3P4/5N1P/PPB2PP1/R2QRNK1 w - - 2 19,f8g8
5,allahremswallow,EulerE,985,1005,r2q2rk/2p2ppn/pb2b3/np1pP3/3P4/3Q1N1P/PPB2PP1/R3RNK1 b - - 3 19,d1d3
5,allahremswallow,EulerE,985,1005,r2q2rk/2p2p1n/pb2b3/np1pP1p1/3P4/3Q1N1P/PPB2PP1/R3RNK1 w - - 0 20,g7g5
5,allahremswallow,EulerE,985,1005,r2q2rk/2p2p1Q/pb2b3/np1pP1p1/3P4/5N1P/PPB2PP1/R3RNK1 b - - 0 20,d3h7
6,bogo-indian-defender,EulerE,966,996,rnbqkbnr/pppppppp/8/8/4P3/8/PPPP1PPP/RNBQKBNR b KQkq - 0 1,e2e4
6,bogo-indian-defender,EulerE,966,996,rnbqkbnr/ppppppp1/8/7p/4P3/8/PPPP1PPP/RNBQKBNR w KQkq - 0 2,h7h5
6,bogo-indian-defender,EulerE,966,996,rnbqkbnr/ppppppp1/8/7p/3PP3/8/PPP2PPP/RNBQKBNR b KQkq - 0 2,d2d4
6,bogo-indian-defender,EulerE,966,996,rnbqkbnr/pppppp2/8/6pp/3PP3/8/PPP2PPP/RNBQKBNR w KQkq - 0 3,g7g5
6,bogo-indian-defender,EulerE,966,996,rnbqkbnr/pppppp2/8/6pp/2PPP3/8/PP3PPP/RNBQKBNR b KQkq - 0 3,c2c4
6,bogo-indian-defender,EulerE,966,996,rnbqkbnr/ppppp3/8/5ppp/2PPP3/8/PP3PPP/RNBQKBNR w KQkq - 0 4,f7f5
6,bogo-indian-defender,EulerE,966,996,rnbqkbnr/ppppp3/8/5ppp/2PPP3/2N5/PP3PPP/R1BQKBNR b KQkq - 1 4,b1c3
6,bogo-indian-defender,EulerE,966,996,rnbqkbnr/pppp4/8/4pppp/2PPP3/2N5/PP3PPP/R1BQKBNR w KQkq - 0 5,e7e5
6,bogo-indian-defender,EulerE,966,996,rnbqkbnr/pppp4/8/4pppp/2PPP3/2N1B3/PP3PPP/R2QKBNR b KQkq - 1 5,c1e3
6,bogo-indian-defender,EulerE,966,996,rnbqkbnr/ppp5/8/3ppppp/2PPP3/2N1B3/PP3PPP/R2QKBNR w KQkq - 0 6,d7d5
6,bogo-indian-defender,EulerE,966,996,rnbqkbnr/ppp5/8/3ppppp/2PPP3/2NBB3/PP3PPP/R2QK1NR b KQkq - 1 6,f1d3
6,bogo-indian-defender,EulerE,966,996,rnbqkbnr/pp6/8/2pppppp/2PPP3/2NBB3/PP3PPP/R2QK1NR w KQkq - 0 7,c7c5
6,bogo-indian-defender,EulerE,966,996,rnbqkbnr/pp6/8/2pppppp/2PPP3/2NBB3/PP2NPPP/R2QK2R b KQkq - 1 7,g1e2
6,bogo-indian-defender,EulerE,966,996,rnbqkbnr/p7/8/1ppppppp/2PPP3/2NBB3/PP2NPPP/R2QK2R w KQkq - 0 8,b7b5
6,bogo-indian-defender,EulerE,966,996,rnbqkbnr/p7/8/1ppNpppp/2PPP3/3BB3/PP2NPPP/R2QK2R b KQkq - 0 8,c3d5
6,bogo-indian-defender,EulerE,966,996,rnbqkbnr/p7/8/1p1Npppp/2PpP3/3BB3/PP2NPPP/R2QK2R w KQkq - 0 9,c5d4
6,bogo-indian-defender,EulerE,966,996,rnbqkbnr/p7/8/1p1Npppp/2PpP3/3B4/PP1BNPPP/R2QK2R b KQkq - 1 9,e3d2
6,bogo-indian-defender,EulerE,966,996,rn1qkbnr/pb6/8/1p1Npppp/2PpP3/3B4/PP1BNPPP/R2QK2R w KQkq - 2 10,c8b7
6,bogo-indian-defender,EulerE,966,996,rn1qkbnr/pb6/8/1p1Npppp/2PpP3/3B4/PP1BNPPP/R2Q1RK1 b kq - 3 10,e1g1
6,bogo-indian-defender,EulerE,966,996,rn1qkbnr/p7/8/1p1bpppp/2PpP3/3B4/PP1BNPPP/R2Q1RK1 w kq - 0 11,b7d5
6,bogo-indian-defender,EulerE,966,996,rn1qkbnr/p7/8/1p1Ppppp/3pP3/3B4/PP1BNPPP/R2Q1RK1 b kq - 0 11,c4d5
6,bogo-indian-defender,EulerE,966,996,rn1qkb1r/p7/5n2/1p1Ppppp/3pP3/3B4/PP1BNPPP/R2Q1RK1 w kq - 1 12,g8f6
6,bogo-indian-defender,EulerE,966,996,rn1qkb1r/p7/5n2/1B1Ppppp/3pP3/8/PP1BNPPP/R2Q1RK1 b kq - 0 12,d3b5
6,bogo-indian-defender,EulerE,966,996,r2qkb1r/p2n4/5n2/1B1Ppppp/3pP3/8/PP1BNPPP/R2Q1RK1 w kq - 1 13,b8d7
6,bogo-indian-defender,EulerE,966,996,r2qkb1r/p2n4/2B2n2/3Ppppp/3pP3/8/PP1BNPPP/R2Q1RK1 b kq - 2 13,b5c6
6,bogo-indian-defender,EulerE,966,996,2rqkb1r/p2n4/2B2n2/3Ppppp/3pP3/8/PP1BNPPP/R2Q1RK1 w k - 3 14,a8c8
6,bogo-indian-defender,EulerE,966,996,2rqkb1r/p2n4/2B2n2/3Ppppp/Q2pP3/8/PP1BNPPP/R4RK1 b k - 4 14,d1a4
6,bogo-indian-defender,EulerE,966,996,2rqkb1r/p2n4/2B2n2/3Pp1pp/Q2pPp2/8/PP1BNPPP/R4RK1 w k - 0 15,f5f4
6,bogo-indian-defender,EulerE,966,996,2rqkb1r/Q2n4/2B2n2/3Pp1pp/3pPp2/8/PP1BNPPP/R4RK1 b k - 0 15,a4a7
6,bogo-indian-defender,EulerE,966,996,3qkb1r/Q2n4/2r2n2/3Pp1pp/3pPp2/8/PP1BNPPP/R4RK1 w k - 0 16,c8c6
6,bogo-indian-defender,EulerE,966,996,3qkb1r/Q2n4/2P2n2/4p1pp/3pPp2/8/PP1BNPPP/R4RK1 b k - 0 16,d5c6
6,bogo-indian-defender,EulerE,966,996,1n1qkb1r/Q7/2P2n2/4p1pp/3pPp2/8/PP1BNPPP/R4RK1 w k - 1 17,d7b8
6,bogo-indian-defender,EulerE,966,996,1n1qkb1r/Q1P5/5n2/4p1pp/3pPp2/8/PP1BNPPP/R4RK1 b k - 0 17,c6c7
7,EulerE,akshsharma1218,938,845,rnbqkbnr/pppppppp/8/8/3P4/8/PPP1PPPP/RNBQKBNR b KQkq - 0 1,d2d4
7,EulerE,akshsharma1218,938,845,rnbqkbnr/ppp1pppp/8/3p4/3P4/8/PPP1PPPP/RNBQKBNR w KQkq - 0 2,d7d5
7,EulerE,akshsharma1218,938,845,rnbqkbnr/ppp1pppp/8/3p4/2PP4/8/PP2PPPP/RNBQKBNR b KQkq - 0 2,c2c4
7,EulerE,akshsharma1218,938,845,r1bqkbnr/ppp1pppp/2n5/3p4/2PP4/8/PP2PPPP/RNBQKBNR w KQkq - 1 3,b8c6
7,EulerE,akshsharma1218,938,845,r1bqkbnr/ppp1pppp/2n5/3P4/3P4/8/PP2PPPP/RNBQKBNR b KQkq - 0 3,c4d5
7,EulerE,akshsharma1218,938,845,r1b1kbnr/ppp1pppp/2n5/3q4/3P4/8/PP2PPPP/RNBQKBNR w KQkq - 0 4,d8d5
7,EulerE,akshsharma1218,938,845,r1b1kbnr/ppp1pppp/2n5/3q4/3P4/2N5/PP2PPPP/R1BQKBNR b KQkq - 1 4,b1c3
7,EulerE,akshsharma1218,938,845,r1b1kbnr/ppp1pppp/2n5/q7/3P4/2N5/PP2PPPP/R1BQKBNR w KQkq - 2 5,d5a5
7,EulerE,akshsharma1218,938,845,r1b1kbnr/ppp1pppp/2n5/q7/3P4/2N2N2/PP2PPPP/R1BQKB1R b KQkq - 3 5,g1f3
7,EulerE,akshsharma1218,938,845,r1b1kbnr/ppp1pp1p/2n3p1/q7/3P4/2N2N2/PP2PPPP/R1BQKB1R w KQkq - 0 6,g7g6
7,EulerE,akshsharma1218,938,845,r1b1kbnr/ppp1pp1p/2n3p1/q7/3PP3/2N2N2/PP3PPP/R1BQKB1R b KQkq - 0 6,e2e4
7,EulerE,akshsharma1218,938,845,r1b1k1nr/ppp1ppbp/2n3p1/q7/3PP3/2N2N2/PP3PPP/R1BQKB1R w KQkq - 1 7,f8g7
7,EulerE,akshsharma1218,938,845,r1b1k1nr/ppp1ppbp/2n3p1/q7/3PP3/2N2N2/PP1B1PPP/R2QKB1R b KQkq - 2 7,c1d2
7,EulerE,akshsharma1218,938,845,r1b1k1nr/ppp1ppbp/6p1/q7/3nP3/2N2N2/PP1B1PPP/R2QKB1R w KQkq - 0 8,c6d4
7,EulerE,akshsharma1218,938,845,r1b1k1nr/ppp1ppbp/6p1/q7/3NP3/2N5/PP1B1PPP/R2QKB1R b KQkq - 0 8,f3d4
7,EulerE,akshsharma1218,938,845,r1b1k1nr/ppp1pp1p/6p1/q7/3bP3/2N5/PP1B1PPP/R2QKB1R w KQkq - 0 9,g7d4
7,EulerE,akshsharma1218,938,845,r1b1k1nr/ppp1pp1p/6p1/q7/3bP3/1QN5/PP1B1PPP/R3KB1R b KQkq - 1 9,d1b3
7,EulerE,akshsharma1218,938,845,r1b1k1nr/pp2pp1p/2p3p1/q7/3bP3/1QN5/PP1B1PPP/R3KB1R w KQkq - 0 10,c7c6
7,EulerE,akshsharma1218,938,845,r1b1k1nr/pp2pp1p/2p3p1/q2N4/3bP3/1Q6/PP1B1PPP/R3KB1R b KQkq - 1 10,c3d5
7,EulerE,akshsharma1218,938,845,r1b1k2r/pp2pp1p/2p2np1/q2N4/3bP3/1Q6/PP1B1PPP/R3KB1R w KQkq - 2 11,g8f6
7,EulerE,akshsharma1218,938,845,r1b1k2r/pp2pp1p/2p2np1/B2N4/3bP3/1Q6/PP3PPP/R3KB1R b KQkq - 0 11,d2a5
7,EulerE,akshsharma1218,938,845,r1b1k2r/pp2pp1p/2p3p1/B2n4/3bP3/1Q6/PP3PPP/R3KB1R w KQkq - 0 12,f6d5
7,EulerE,akshsharma1218,938,845,r1b1k2r/pp2pp1p/2p3p1/B2P4/3b4/1Q6/PP3PPP/R3KB1R b KQkq - 0 12,e4d5
7,EulerE,akshsharma1218,938,845,r1b2rk1/pp2pp1p/2p3p1/B2P4/3b4/1Q6/PP3PPP/R3KB1R w KQ - 1 13,e8g8
7,EulerE,akshsharma1218,938,845,r1b2rk1/pp2pp1p/2P3p1/B7/3b4/1Q6/PP3PPP/R3KB1R b KQ - 0 13,d5c6
7,EulerE,akshsharma1218,938,845,r1b2rk1/p3pp1p/2p3p1/B7/3b4/1Q6/PP3PPP/R3KB1R w KQ - 0 14,b7c6
7,EulerE,akshsharma1218,938,845,r1b2rk1/p3pp1p/2p3p1/B7/2Qb4/8/PP3PPP/R3KB1R b KQ - 1 14,b3c4
7,EulerE,akshsharma1218,938,845,r1b2rk1/p3pp1p/2p2bp1/B7/2Q5/8/PP3PPP/R3KB1R w KQ - 2 15,d4f6
7,EulerE,akshsharma1218,938,845,r1b2rk1/p3pp1p/2p2bp1/B7/2Q5/3B4/PP3PPP/R3K2R b KQ - 3 15,f1d3
7,EulerE,akshsharma1218,938,845,r1b2rk1/p3pp1p/2p3p1/B7/2Q5/3B4/Pb3PPP/R3K2R w KQ - 0 16,f6b2
7,EulerE,akshsharma1218,938,845,r1b2rk1/p3pp1p/2p3p1/B7/2Q5/3B4/Pb3PPP/1R2K2R b K - 1 16,a1b1
7,EulerE,akshsharma1218,938,845,r1b2rk1/p3pp1p/2p2bp1/B7/2Q5/3B4/P4PPP/1R2K2R w K - 2 17,b2f6
7,EulerE,akshsharma1218,938,845,r1b2rk1/p3pp1p/2p2bp1/B7/2Q5/3B4/P4PPP/1R3RK1 b - - 3 17,e1g1
7,EulerE,akshsharma1218,938,845,r4rk1/p3pp1p/2p1bbp1/B7/2Q5/3B4/P4PPP/1R3RK1 w - - 4 18,c8e6
7,EulerE,akshsharma1218,938,845,r4rk1/p3pp1p/2p1bbp1/8/2Q5/2BB4/P4PPP/1R3RK1 b - - 5 18,a5c3
7,EulerE,akshsharma1218,938,845,r4rk1/p3pp1p/2p1b1p1/8/2Q5/2bB4/P4PPP/1R3RK1 w - - 0 19,f6c3
7,EulerE,akshsharma1218,938,845,r4rk1/p3pp1p/2p1b1p1/8/8/2QB4/P4PPP/1R3RK1 b - - 0 19,c4c3
7,EulerE,akshsharma1218,938,845,3r1rk1/p3pp1p/2p1b1p1/8/8/2QB4/P4PPP/1R3RK1 w - - 1 20,a8d8
7,EulerE,akshsharma1218,938,845,3r1rk1/p3pp1p/2p1b1p1/8/8/2QB4/P4PPP/1R1R2K1 b - - 2 20,f1d1
7,EulerE,akshsharma1218,938,845,3r1rk1/p3pp1p/2p3p1/8/8/2QB4/b4PPP/1R1R2K1 w - - 0 21,e6a2
7,EulerE,akshsharma1218,938,845,3r1rk1/p3pp1p/2p3p1/8/8/2QB4/b4PPP/R2R2K1 b - - 1 21,b1a1
7,EulerE,akshsharma1218,938,845,3r1rk1/p3pp1p/2p1b1p1/8/8/2QB4/5PPP/R2R2K1 w - - 2 22,a2e6
7,EulerE,akshsharma1218,938,845,3r1rk1/p3pp1p/2Q1b1p1/8/8/3B4/5PPP/R2R2K1 b - - 0 22,c3c6
7,EulerE,akshsharma1218,938,845,3r1rk1/4pp1p/2Q1b1p1/p7/8/3B4/5PPP/R2R2K1 w - - 0 23,a7a5
7,EulerE,akshsharma1218,938,845,3r1rk1/4pp1p/2Q1b1p1/p7/2B5/8/5PPP/R2R2K1 b - - 1 23,d3c4
7,EulerE,akshsharma1218,938,845,3r1rk1/3bpp1p/2Q3p1/p7/2B5/8/5PPP/R2R2K1 w - - 2 24,e6d7
7,EulerE,akshsharma1218,938,845,3r1rk1/3Rpp1p/2Q3p1/p7/2B5/8/5PPP/R5K1 b - - 0 24,d1d7
7,EulerE,akshsharma1218,938,845,5rk1/3rpp1p/2Q3p1/p7/2B5/8/5PPP/R5K1 w - - 0 25,d8d7
7,EulerE,akshsharma1218,938,845,5rk1/3Qpp1p/6p1/p7/2B5/8/5PPP/R5K1 b - - 0 25,c6d7
7,EulerE,akshsharma1218,938,845,5rk1/3Qpp1p/6p1/8/p1B5/8/5PPP/R5K1 w - - 0 26,a5a4
7,EulerE,akshsharma1218,938,845,5rk1/4Qp1p/6p1/8/p1B5/8/5PPP/R5K1 b - - 0 26,d7e7
7,EulerE,akshsharma1218,938,845,r5k1/4Qp1p/6p1/8/p1B5/8/5PPP/R5K1 w - - 1 27,f8a8
7,EulerE,akshsharma1218,938,845,r5k1/4Qp1p/6p1/8/p7/1B6/5PPP/R5K1 b - - 2 27,c4b3
7,EulerE,akshsharma1218,938,845,r5k1/4Qp1p/6p1/8/8/1p6/5PPP/R5K1 w - - 0 28,a4b3
7,EulerE,akshsharma1218,938,845,R5k1/4Qp1p/6p1/8/8/1p6/5PPP/6K1 b - - 0 28,a1a8
7,EulerE,akshsharma1218,938,845,R7/4Qpkp/6p1/8/8/1p6/5PPP/6K1 w - - 1 29,g8g7
7,EulerE,akshsharma1218,938,845,R4Q2/5pkp/6p1/8/8/1p6/5PPP/6K1 b - - 2 29,e7f8
7,EulerE,akshsharma1218,938,845,R4Q2/5p1p/5kp1/8/8/1p6/5PPP/6K1 w - - 3 30,g7f6
7,EulerE,akshsharma1218,938,845,R7/5p1p/3Q1kp1/8/8/1p6/5PPP/6K1 b - - 4 30,f8d6
7,EulerE,akshsharma1218,938,845,R7/5pkp/3Q2p1/8/8/1p6/5PPP/6K1 w - - 5 31,f6g7
7,EulerE,akshsharma1218,938,845,R7/5pkp/6p1/4Q3/8/1p6/5PPP/6K1 b - - 6 31,d6e5
7,EulerE,akshsharma1218,938,845,R7/5p1p/6pk/4Q3/8/1p6/5PPP/6K1 w - - 7 32,g7h6
7,EulerE,akshsharma1218,938,845,R7/5p1p/6pk/4Q3/6P1/1p6/5P1P/6K1 b - - 0 32,g2g4
7,EulerE,akshsharma1218,938,845,R7/5p1p/6pk/4Q3/6P1/8/1p3P1P/6K1 w - - 0 33,b3b2
7,EulerE,akshsharma1218,938,845,R7/5p1p/6pk/8/6P1/8/1p3P1P/4Q1K1 b - - 1 33,e5e1
7,EulerE,akshsharma1218,938,845,R7/7p/6pk/5p2/6P1/8/1p3P1P/4Q1K1 w - - 0 34,f7f5
7,EulerE,akshsharma1218,938,845,R7/7p/6pk/5pP1/8/8/1p3P1P/4Q1K1 b - - 0 34,g4g5
8,EulerE,trhoangviet223,887,871,rnbqkbnr/pppppppp/8/8/3P4/8/PPP1PPPP/RNBQKBNR b KQkq - 0 1,d2d4
8,EulerE,trhoangviet223,887,871,rnbqkbnr/ppp1pppp/8/3p4/3P4/8/PPP1PPPP/RNBQKBNR w KQkq - 0 2,d7d5
8,EulerE,trhoangviet223,887,871,rnbqkbnr/ppp1pppp/8/3p4/2PP4/8/PP2PPPP/RNBQKBNR b KQkq - 0 2,c2c4
8,EulerE,trhoangviet223,887,871,rnbqkbnr/ppp1pppp/8/8/2pP4/8/PP2PPPP/RNBQKBNR w KQkq - 0 3,d5c4
8,EulerE,trhoangviet223,887,871,rnbqkbnr/ppp1pppp/8/8/2pPP3/8/PP3PPP/RNBQKBNR b KQkq - 0 3,e2e4
8,EulerE,trhoangviet223,887,871,rnbqkbnr/p1p1pppp/8/1p6/2pPP3/8/PP3PPP/RNBQKBNR w KQkq - 0 4,b7b5
8,EulerE,trhoangviet223,887,871,rnbqkbnr/p1p1pppp/8/1p6/2pPP3/5N2/PP3PPP/RNBQKB1R b KQkq - 1 4,g1f3
8,EulerE,trhoangviet223,887,871,rnbqkbnr/2p1pppp/p7/1p6/2pPP3/5N2/PP3PPP/RNBQKB1R w KQkq - 0 5,a7a6
8,EulerE,trhoangviet223,887,871,rnbqkbnr/2p1pppp/p7/1p6/P1pPP3/5N2/1P3PPP/RNBQKB1R b KQkq - 0 5,a2a4
8,EulerE,trhoangviet223,887,871,rnbqkbnr/2p2ppp/p3p3/1p6/P1pPP3/5N2/1P3PPP/RNBQKB1R w KQkq - 0 6,e7e6
8,EulerE,trhoangviet223,887,871,rnbqkbnr/2p2ppp/p3p3/1P6/2pPP3/5N2/1P3PPP/RNBQKB1R b KQkq - 0 6,a4b5
8,EulerE,trhoangviet223,887,871,r1bqkbnr/2p2ppp/p1n1p3/1P6/2pPP3/5N2/1P3PPP/RNBQKB1R w KQkq - 1 7,b8c6
8,EulerE,trhoangviet223,887,871,r1bqkbnr/2p2ppp/p1P1p3/8/2pPP3/5N2/1P3PPP/RNBQKB1R b KQkq - 0 7,b5c6
8,EulerE,trhoangviet223,887,871,r1bqkbnr/2p2ppp/2P1p3/p7/2pPP3/5N2/1P3PPP/RNBQKB1R w KQkq - 0 8,a6a5
8,EulerE,trhoangviet223,887,871,r1bqkbnr/2p2ppp/2P1p3/p7/2pPP3/2N2N2/1P3PPP/R1BQKB1R b KQkq - 1 8,b1c3
8,EulerE,trhoangviet223,887,871,r2qkbnr/2p2ppp/b1P1p3/p7/2pPP3/2N2N2/1P3PPP/R1BQKB1R w KQkq - 2 9,c8a6
8,EulerE,trhoangviet223,887,871,r2qkbnr/2p2ppp/b1P1p3/p2P4/2p1P3/2N2N2/1P3PPP/R1BQKB1R b KQkq - 0 9,d4d5
8,EulerE,trhoangviet223,887,871,r2qkbnr/2p2ppp/b1P5/p2p4/2p1P3/2N2N2/1P3PPP/R1BQKB1R w KQkq - 0 10,e6d5
8,EulerE,trhoangviet223,887,871,r2qkbnr/2p2ppp/b1P5/p2P4/2p5/2N2N2/1P3PPP/R1BQKB1R b KQkq - 0 10,e4d5
8,EulerE,trhoangviet223,887,871,r2qkb1r/2p2ppp/b1P2n2/p2P4/2p5/2N2N2/1P3PPP/R1BQKB1R w KQkq - 1 11,g8f6
8,EulerE,trhoangviet223,887,871,r2qkb1r/2p2ppp/b1P2n2/p2P4/2p5/2N2N2/1P2QPPP/R1B1KB1R b KQkq - 2 11,d1e2
8,EulerE,trhoangviet223,887,871,r2qk2r/2p1bppp/b1P2n2/p2P4/2p5/2N2N2/1P2QPPP/R1B1KB1R w KQkq - 3 12,f8e7
8,EulerE,trhoangviet223,887,871,r2qk2r/2p1bppp/b1P2n2/p2P2B1/2p5/2N2N2/1P2QPPP/R3KB1R b KQkq - 4 12,c1g5
8,EulerE,trhoangviet223,887,871,r2q1rk1/2p1bppp/b1P2n2/p2P2B1/2p5/2N2N2/1P2QPPP/R3KB1R w KQ - 5 13,e8g8
8,EulerE,trhoangviet223,887,871,r2q1rk1/2p1bppp/b1P2B2/p2P4/2p5/2N2N2/1P2QPPP/R3KB1R b KQ - 0 13,g5f6
8,EulerE,trhoangviet223,887,871,r2q1rk1/2p2ppp/b1P2b2/p2P4/2p5/2N2N2/1P2QPPP/R3KB1R w KQ - 0 14,e7f6
8,EulerE,trhoangviet223,887,871,r2q1rk1/2p2ppp/b1P2b2/p2P4/2p5/2N2N2/1P1Q1PPP/R3KB1R b KQ - 1 14,e2d2
8,EulerE,trhoangviet223,887,871,r2qr1k1/2p2ppp/b1P2b2/p2P4/2p5/2N2N2/1P1Q1PPP/R3KB1R w KQ - 2 15,f8e8
8,EulerE,trhoangviet223,887,871,r2qr1k1/2p2ppp/b1P2b2/p2P4/2p5/2N2N2/1P1QBPPP/R3K2R b KQ - 3 15,f1e2
8,EulerE,trhoangviet223,887,871,r2qr1k1/2p2ppp/b1P5/p2P4/2p5/2b2N2/1P1QBPPP/R3K2R w KQ - 0 16,f6c3
8,EulerE,trhoangviet223,887,871,r2qr1k1/2p2ppp/b1P5/p2P4/2p5/2Q2N2/1P2BPPP/R3K2R b KQ - 0 16,d2c3
8,EulerE,trhoangviet223,887,871,1r1qr1k1/2p2ppp/b1P5/p2P4/2p5/2Q2N2/1P2BPPP/R3K2R w KQ - 1 17,a8b8
8,EulerE,trhoangviet223,887,871,1r1qr1k1/2p2ppp/b1P5/p2P4/2p5/2Q2N2/1P2BPPP/R4RK1 b - - 2 17,e1g1
8,EulerE,trhoangviet223,887,871,1r2r1k1/2p2ppp/b1P5/p2q4/2p5/2Q2N2/1P2BPPP/R4RK1 w - - 0 18,d8d5
8,EulerE,trhoangviet223,887,871,1r2r1k1/2p2ppp/b1P5/p2q4/2p5/2Q2N2/1P2BPPP/3R1RK1 b - - 1 18,a1d1
8,EulerE,trhoangviet223,887,871,1r2r1k1/2p2ppp/b1q5/p7/2p5/2Q2N2/1P2BPPP/3R1RK1 w - - 0 19,d5c6
8,EulerE,trhoangviet223,887,871,1r2r1k1/2p2ppp/b1q5/p7/2B5/2Q2N2/1P3PPP/3R1RK1 b - - 0 19,e2c4
8,EulerE,trhoangviet223,887,871,1r2r1k1/2p2ppp/b7/p7/2q5/2Q2N2/1P3PPP/3R1RK1 w - - 0 20,c6c4
8,EulerE,trhoangviet223,887,871,1r2r1k1/2p2ppp/b7/p7/2Q5/5N2/1P3PPP/3R1RK1 b - - 0 20,c3c4
8,EulerE,trhoangviet223,887,871,1r2r1k1/2p2ppp/8/p7/2b5/5N2/1P3PPP/3R1RK1 w - - 0 21,a6c4
8,EulerE,trhoangviet223,887,871,1r2r1k1/2p2ppp/8/p7/2b5/8/1P1N1PPP/3R1RK1 b - - 1 21,f3d2
8,EulerE,trhoangviet223,887,871,1r2r1k1/2p2ppp/8/p7/8/8/1P1N1PPP/3R1bK1 w - - 0 22,c4f1
8,EulerE,trhoangviet223,887,871,1r2r1k1/2p2ppp/8/p7/8/8/1P1N1PPP/5RK1 b - - 0 22,d1f1
8,EulerE,trhoangviet223,887,871,3rr1k1/2p2ppp/8/p7/8/8/1P1N1PPP/5RK1 w - - 1 23,b8d8
8,EulerE,trhoangviet223,887,871,3rr1k1/2p2ppp/8/p7/4N3/8/1P3PPP/5RK1 b - - 2 23,d2e4
8,EulerE,trhoangviet223,887,871,1r2r1k1/2p2ppp/8/p7/4N3/8/1P3PPP/5RK1 w - - 3 24,d8b8
8,EulerE,trhoangviet223,887,871,1r2r1k1/2p2ppp/8/p1N5/8/8/1P3PPP/5RK1 b - - 4 24,e4c5
8,EulerE,trhoangviet223,887,871,4r1k1/2p2ppp/8/p1N5/8/8/1r3PPP/5RK1 w - - 0 25,b8b2
9,EulerE,RITIKKUMAR0,924,875,rnbqkbnr/pppppppp/8/8/3P4/8/PPP1PPPP/RNBQKBNR b KQkq - 0 1,d2d4
9,EulerE,RITIKKUMAR0,924,875,rnbqkbnr/ppp1pppp/8/3p4/3P4/8/PPP1PPPP/RNBQKBNR w KQkq - 0 2,d7d5
9,EulerE,RITIKKUMAR0,924,875,rnbqkbnr/ppp1pppp/8/3p4/2PP4/8/PP2PPPP/RNBQKBNR b KQkq - 0 2,c2c4
9,EulerE,RITIKKUMAR0,924,875,rnbqkbnr/ppp2ppp/4p3/3p4/2PP4/8/PP2PPPP/RNBQKBNR w KQkq - 0 3,e7e6
9,EulerE,RITIKKUMAR0,924,875,rnbqkbnr/ppp2ppp/4p3/3p4/2PP4/5N2/PP2PPPP/RNBQKB1R b KQkq - 1 3,g1f3
9,EulerE,RITIKKUMAR0,924,875,r1bqkbnr/ppp2ppp/2n1p3/3p4/2PP4/5N2/PP2PPPP/RNBQKB1R w KQkq - 2 4,b8c6
9,EulerE,RITIKKUMAR0,924,875,r1bqkbnr/ppp2ppp/2n1p3/3p4/2PP4/2N2N2/PP2PPPP/R1BQKB1R b KQkq - 3 4,b1c3
9,EulerE,RITIKKUMAR0,924,875,r1bqkb1r/ppp2ppp/2n1pn2/3p4/2PP4/2N2N2/PP2PPPP/R1BQKB1R w KQkq - 4 5,g8f6
9,EulerE,RITIKKUMAR0,924,875,r1bqkb1r/ppp2ppp/2n1pn2/3p4/2PP4/2N2NP1/PP2PP1P/R1BQKB1R b KQkq - 0 5,g2g3
9,EulerE,RITIKKUMAR0,924,875,r1bqk2r/ppp2ppp/2n1pn2/3p4/1bPP4/2N2NP1/PP2PP1P/R1BQKB1R w KQkq - 1 6,f8b4
9,EulerE,RITIKKUMAR0,924,875,r1bqk2r/ppp2ppp/2n1pn2/3p4/1bPP4/2N2NP1/PP1BPP1P/R2QKB1R b KQkq - 2 6,c1d2
9,EulerE,RITIKKUMAR0,924,875,r1bqk2r/ppp2ppp/2n2n2/3pp3/1bPP4/2N2NP1/PP1BPP1P/R2QKB1R w KQkq - 0 7,e6e5
9,EulerE,RITIKKUMAR0,924,875,r1bqk2r/ppp2ppp/2n2n2/3pP3/1bP5/2N2NP1/PP1BPP1P/R2QKB1R b KQkq - 0 7,d4e5
9,EulerE,RITIKKUMAR0,924,875,r1bqk2r/pppn1ppp/2n5/3pP3/1bP5/2N2NP1/PP1BPP1P/R2QKB1R w KQkq - 1 8,f6d7
9,EulerE,RITIKKUMAR0,924,875,r1bqk2r/pppn1ppp/2n5/3pP3/1bP5/1QN2NP1/PP1BPP1P/R3KB1R b KQkq - 2 8,d1b3
9,EulerE,RITIKKUMAR0,924,875,r1bqk2r/pppn2pp/2n2p2/3pP3/1bP5/1QN2NP1/PP1BPP1P/R3KB1R w KQkq - 0 9,f7f6
9,EulerE,RITIKKUMAR0,924,875,r1bqk2r/pppn2pp/2n2p2/3PP3/1b6/1QN2NP1/PP1BPP1P/R3KB1R b KQkq - 0 9,c4d5
9,EulerE,RITIKKUMAR0,924,875,r1bqk2r/ppp3pp/2n2p2/2nPP3/1b6/1QN2NP1/PP1BPP1P/R3KB1R w KQkq - 1 10,d7c5
9,EulerE,RITIKKUMAR0,924,875,r1bqk2r/ppp3pp/2n2p2/2nPP3/1b6/2N2NP1/PPQBPP1P/R3KB1R b KQkq - 2 10,b3c2
10,EulerE,Reniyas_10,950,832,rnbqkbnr/pppppppp/8/8/3P4/8/PPP1PPPP/RNBQKBNR b KQkq - 0 1,d2d4
10,EulerE,Reniyas_10,950,832,rnbqkbnr/pppp1ppp/8/4p3/3P4/8/PPP1PPPP/RNBQKBNR w KQkq - 0 2,e7e5
10,EulerE,Reniyas_10,950,832,rnbqkbnr/pppp1ppp/8/4p3/2PP4/8/PP2PPPP/RNBQKBNR b KQkq - 0 2,c2c4
10,EulerE,Reniyas_10,950,832,rnbqkbnr/pppp1ppp/8/8/2Pp4/8/PP2PPPP/RNBQKBNR w KQkq - 0 3,e5d4
10,EulerE,Reniyas_10,950,832,rnbqkbnr/pppp1ppp/8/8/2PQ4/8/PP2PPPP/RNB1KBNR b KQkq - 0 3,d1d4
10,EulerE,Reniyas_10,950,832,rnbqkb1r/pppp1ppp/5n2/8/2PQ4/8/PP2PPPP/RNB1KBNR w KQkq - 1 4,g8f6
10,EulerE,Reniyas_10,950,832,rnbqkb1r/pppp1ppp/5n2/8/2PQ4/5N2/PP2PPPP/RNB1KB1R b KQkq - 2 4,g1f3
10,EulerE,Reniyas_10,950,832,rnbqk2r/pppp1ppp/5n2/8/1bPQ4/5N2/PP2PPPP/RNB1KB1R w KQkq - 3 5,f8b4
10,EulerE,Reniyas_10,950,832,rnbqk2r/pppp1ppp/5n2/8/1bPQ4/5N2/PP1BPPPP/RN2KB1R b KQkq - 4 5,c1d2
10,EulerE,Reniyas_10,950,832,rnbqk2r/pppp1ppp/5n2/8/2PQ4/5N2/PP1bPPPP/RN2KB1R w KQkq - 0 6,b4d2
10,EulerE,Reniyas_10,950,832,rnbqk2r/pppp1ppp/5n2/8/2P5/5N2/PP1QPPPP/RN2KB1R b KQkq - 0 6,d4d2
10,EulerE,Reniyas_10,950,832,r1bqk2r/pppp1ppp/2n2n2/8/2P5/5N2/PP1QPPPP/RN2KB1R w KQkq - 1 7,b8c6
10,EulerE,Reniyas_10,950,832,r1bqk2r/pppp1ppp/2n2n2/8/2P5/2N2N2/PP1QPPPP/R3KB1R b KQkq - 2 7,b1c3
10,EulerE,Reniyas_10,950,832,r1bqk2r/pppp1ppp/2n5/8/2P3n1/2N2N2/PP1QPPPP/R3KB1R w KQkq - 3 8,f6g4
10,EulerE,Reniyas_10,950,832,r1bqk2r/pppp1ppp/2n5/8/2P1P1n1/2N2N2/PP1Q1PPP/R3KB1R b KQkq - 0 8,e2e4
10,EulerE,Reniyas_10,950,832,r1bqk2r/pppp1ppp/8/8/1nP1P1n1/2N2N2/PP1Q1PPP/R3KB1R w KQkq - 1 9,c6b4
10,EulerE,Reniyas_10,950,832,r1bqk2r/pppp1ppp/8/8/1nP1P1n1/P1N2N2/1P1Q1PPP/R3KB1R b KQkq - 0 9,a2a3
10,EulerE,Reniyas_10,950,832,r1bqk2r/pppp1ppp/2n5/8/2P1P1n1/P1N2N2/1P1Q1PPP/R3KB1R w KQkq - 1 10,b4c6
10,EulerE,Reniyas_10,950,832,r1bqk2r/pppp1ppp/2n5/8/2P1P1n1/P1N2N2/1P1QBPPP/R3K2R b KQkq - 2 10,f1e2
10,EulerE,Reniyas_10,950,832,r1bqk2r/pppp1ppp/8/n7/2P1P1n1/P1N2N2/1P1QBPPP/R3K2R w KQkq - 3 11,c6a5
10,EulerE,Reniyas_10,950,832,r1bqk2r/pppp1ppp/8/n7/2P1P1n1/P1N2N2/1P1QBPPP/R4RK1 b kq - 4 11,e1g1
10,EulerE,Reniyas_10,950,832,r1bqk2r/pppp1ppp/8/8/2n1P1n1/P1N2N2/1P1QBPPP/R4RK1 w kq - 0 12,a5c4
10,EulerE,Reniyas_10,950,832,r1bqk2r/pppp1ppp/8/8/2B1P1n1/P1N2N2/1P1Q1PPP/R4RK1 b kq - 0 12,e2c4
10,EulerE,Reniyas_10,950,832,r1b1k2r/pppp1ppp/5q2/8/2B1P1n1/P1N2N2/1P1Q1PPP/R4RK1 w kq - 1 13,d8f6
10,EulerE,Reniyas_10,950,832,r1b1k2r/pppp1ppp/5q2/3Q4/2B1P1n1/P1N2N2/1P3PPP/R4RK1 b kq - 2 13,d2d5
10,EulerE,Reniyas_10,950,832,r1b2rk1/pppp1ppp/5q2/3Q4/2B1P1n1/P1N2N2/1P3PPP/R4RK1 w - - 3 14,e8g8
10,EulerE,Reniyas_10,950,832,r1b2rk1/pppp1ppp/5q2/3Q4/2B1P1n1/P1N2N2/1P3PPP/R3R1K1 b - - 4 14,f1e1
10,EulerE,Reniyas_10,950,832,r1b2rk1/ppp2ppp/3p1q2/3Q4/2B1P1n1/P1N2N2/1P3PPP/R3R1K1 w - - 0 15,d7d6
10,EulerE,Reniyas_10,950,832,r1b2rk1/ppp2ppp/3p1q2/3Q4/2B1P1n1/P1N2N1P/1P3PP1/R3R1K1 b - - 0 15,h2h3
10,EulerE,Reniyas_10,950,832,r1b2rk1/ppp2ppp/3p1q2/3Qn3/2B1P3/P1N2N1P/1P3PP1/R3R1K1 w - - 1 16,g4e5
10,EulerE,Reniyas_10,950,832,r1b2rk1/ppp2ppp/3p1q2/3QN3/2B1P3/P1N4P/1P3PP1/R3R1K1 b - - 0 16,f3e5
10,EulerE,Reniyas_10,950,832,r1b2rk1/ppp2ppp/5q2/3Qp3/2B1P3/P1N4P/1P3PP1/R3R1K1 w - - 0 17,d6e5
10,EulerE,Reniyas_10,950,832,r1b2rk1/ppp2ppp/5q2/3Qp3/2B1P3/P6P/1P2NPP1/R3R1K1 b - - 1 17,c3e2
10,EulerE,Reniyas_10,950,832,r1b2rk1/ppp2ppp/6q1/3Qp3/2B1P3/P6P/1P2NPP1/R3R1K1 w - - 2 18,f6g6
10,EulerE,Reniyas_10,950,832,r1b2rk1/ppp2ppp/6q1/3Qp3/2B1P3/P5NP/1P3PP1/R3R1K1 b - - 3 18,e2g3
10,EulerE,Reniyas_10,950,832,r1b2r1k/ppp2ppp/6q1/3Qp3/2B1P3/P5NP/1P3PP1/R3R1K1 w - - 4 19,g8h8
10,EulerE,Reniyas_10,950,832,r1b2r1k/ppp2ppp/6q1/3Qp3/2B1P3/P5NP/1P3PP1/3RR1K1 b - - 5 19,a1d1
10,EulerE,Reniyas_10,950,832,r1b2r1k/ppp3pp/6q1/3Qpp2/2B1P3/P5NP/1P3PP1/3RR1K1 w - - 0 20,f7f5
10,EulerE,Reniyas_10,950,832,r1b2r1k/ppp3pp/6q1/2Q1pp2/2B1P3/P5NP/1P3PP1/3RR1K1 b - - 1 20,d5c5
10,EulerE,Reniyas_10,950,832,r1b2r1k/ppp3pp/6q1/2Q1p3/2B1p3/P5NP/1P3PP1/3RR1K1 w - - 0 21,f5e4
10,EulerE,Reniyas_10,950,832,r1b2Q1k/ppp3pp/6q1/4p3/2B1p3/P5NP/1P3PP1/3RR1K1 b - - 0 21,c5f8
11,mehdikhdm,EulerE,963,919,rnbqkbnr/pppppppp/8/8/4P3/8/PPPP1PPP/RNBQKBNR b KQkq - 0 1,e2e4
11,mehdikhdm,EulerE,963,919,rnbqkbnr/pppp1ppp/8/4p3/4P3/8/PPPP1PPP/RNBQKBNR w KQkq - 0 2,e7e5
11,mehdikhdm,EulerE,963,919,rnbqkbnr/pppp1ppp/8/4p3/4P3/5N2/PPPP1PPP/RNBQKB1R b KQkq - 1 2,g1f3
11,mehdikhdm,EulerE,963,919,r1bqkbnr/pppp1ppp/2n5/4p3/4P3/5N2/PPPP1PPP/RNBQKB1R w KQkq - 2 3,b8c6
11,mehdikhdm,EulerE,963,919,r1bqkbnr/pppp1ppp/2n5/4p3/2B1P3/5N2/PPPP1PPP/RNBQK2R b KQkq - 3 3,f1c4
11,mehdikhdm,EulerE,963,919,r1bqk1nr/pppp1ppp/2n5/2b1p3/2B1P3/5N2/PPPP1PPP/RNBQK2R w KQkq - 4 4,f8c5
11,mehdikhdm,EulerE,963,919,r1bqk1nr/pppp1ppp/2n5/2b1p3/2B1P3/2N2N2/PPPP1PPP/R1BQK2R b KQkq - 5 4,b1c3
11,mehdikhdm,EulerE,963,919,r1bqk2r/pppp1ppp/2n2n2/2b1p3/2B1P3/2N2N2/PPPP1PPP/R1BQK2R w KQkq - 6 5,g8f6
11,mehdikhdm,EulerE,963,919,r1bqk2r/pppp1ppp/2n2n2/2b1p3/2B1P3/2NP1N2/PPP2PPP/R1BQK2R b KQkq - 0 5,d2d3
11,mehdikhdm,EulerE,963,919,r1bq1rk1/pppp1ppp/2n2n2/2b1p3/2B1P3/2NP1N2/PPP2PPP/R1BQK2R w KQ - 1 6,e8g8
11,mehdikhdm,EulerE,963,919,r1bq1rk1/pppp1ppp/2n2n2/2b1p1B1/2B1P3/2NP1N2/PPP2PPP/R2QK2R b KQ - 2 6,c1g5
11,mehdikhdm,EulerE,963,919,r1bq1rk1/1ppp1ppp/p1n2n2/2b1p1B1/2B1P3/2NP1N2/PPP2PPP/R2QK2R w KQ - 0 7,a7a6
11,mehdikhdm,EulerE,963,919,r1bq1rk1/1ppp1ppp/p1n2n2/2b1p1B1/2B1P3/P1NP1N2/1PP2PPP/R2QK2R b KQ - 0 7,a2a3
11,mehdikhdm,EulerE,963,919,r1bq1rk1/2pp1ppp/p1n2n2/1pb1p1B1/2B1P3/P1NP1N2/1PP2PPP/R2QK2R w KQ - 0 8,b7b5
11,mehdikhdm,EulerE,963,919,r1bq1rk1/2pp1ppp/p1n2n2/1pb1p1B1/4P3/P1NP1N2/BPP2PPP/R2QK2R b KQ - 1 8,c4a2
11,mehdikhdm,EulerE,963,919,r1bq1rk1/2pp1pp1/p1n2n1p/1pb1p1B1/4P3/P1NP1N2/BPP2PPP/R2QK2R w KQ - 0 9,h7h6
11,mehdikhdm,EulerE,963,919,r1bq1rk1/2pp1pp1/p1n2n1p/1pb1p1B1/1P2P3/P1NP1N2/B1P2PPP/R2QK2R b KQ - 0 9,b2b4
11,mehdikhdm,EulerE,963,919,r1bq1rk1/2pp1pp1/pbn2n1p/1p2p1B1/1P2P3/P1NP1N2/B1P2PPP/R2QK2R w KQ - 1 10,c5b6
11,mehdikhdm,EulerE,963,919,r1bq1rk1/2pp1pp1/pbn2n1p/1p2p3/1P2P2B/P1NP1N2/B1P2PPP/R2QK2R b KQ - 2 10,g5h4
11,mehdikhdm,EulerE,963,919,r2q1rk1/1bpp1pp1/pbn2n1p/1p2p3/1P2P2B/P1NP1N2/B1P2PPP/R2QK2R w KQ - 3 11,c8b7
11,mehdikhdm,EulerE,963,919,r2q1rk1/1bpp1pp1/pbn2n1p/1p2p3/1P1PP2B/P1N2N2/B1P2PPP/R2QK2R b KQ - 0 11,d3d4
11,mehdikhdm,EulerE,963,919,r2q1rk1/1bpp1pp1/pbn2n1p/1p6/1P1pP2B/P1N2N2/B1P2PPP/R2QK2R w KQ - 0 12,e5d4
11,mehdikhdm,EulerE,963,919,r2q1rk1/1bpp1pp1/pbn2n1p/1p6/1P1NP2B/P1N5/B1P2PPP/R2QK2R b KQ - 0 12,f3d4
11,mehdikhdm,EulerE,963,919,r2q1rk1/1bpp1pp1/pb3n1p/1p6/1P1nP2B/P1N5/B1P2PPP/R2QK2R w KQ - 0 13,c6d4
11,mehdikhdm,EulerE,963,919,r2q1rk1/1bpp1pp1/pb3B1p/1p6/1P1nP3/P1N5/B1P2PPP/R2QK2R b KQ - 0 13,h4f6
11,mehdikhdm,EulerE,963,919,r4rk1/1bpp1pp1/pb3q1p/1p6/1P1nP3/P1N5/B1P2PPP/R2QK2R w KQ - 0 14,d8f6
11,mehdikhdm,EulerE,963,919,r4rk1/1bpp1pp1/pb3q1p/1p6/1P1nP3/P1N5/B1P2PPP/R2Q1RK1 b - - 1 14,e1g1
11,mehdikhdm,EulerE,963,919,3r1rk1/1bpp1pp1/pb3q1p/1p6/1P1nP3/P1N5/B1P2PPP/R2Q1RK1 w - - 2 15,a8d8
11,mehdikhdm,EulerE,963,919,3r1rk1/1bpp1pp1/pb3q1p/1p6/PP1nP3/2N5/B1P2PPP/R2Q1RK1 b - - 0 15,a3a4
11,mehdikhdm,EulerE,963,919,3r1rk1/1bp2pp1/pb3q1p/1p1p4/PP1nP3/2N5/B1P2PPP/R2Q1RK1 w - - 0 16,d7d5
11,mehdikhdm,EulerE,963,919,3r1rk1/1bp2pp1/pb3q1p/1P1p4/1P1nP3/2N5/B1P2PPP/R2Q1RK1 b - - 0 16,a4b5
11,mehdikhdm,EulerE,963,919,3r1rk1/1bp2pp1/1b3q1p/1p1p4/1P1nP3/2N5/B1P2PPP/R2Q1RK1 w - - 0 17,a6b5
11,mehdikhdm,EulerE,963,919,3r1rk1/1bp2pp1/1b3q1p/1N1p4/1P1nP3/8/B1P2PPP/R2Q1RK1 b - - 0 17,c3b5
11,mehdikhdm,EulerE,963,919,3r1rk1/1bp2pp1/1b3q1p/1n1p4/1P2P3/8/B1P2PPP/R2Q1RK1 w - - 0 18,d4b5
11,mehdikhdm,EulerE,963,919,3r1rk1/1bp2pp1/1b3q1p/1n1B4/1P2P3/8/2P2PPP/R2Q1RK1 b - - 0 18,a2d5
11,mehdikhdm,EulerE,963,919,3r1rk1/2p2pp1/1b3q1p/1n1b4/1P2P3/8/2P2PPP/R2Q1RK1 w - - 0 19,b7d5
11,mehdikhdm,EulerE,963,919,3r1rk1/2p2pp1/1b3q1p/1n1P4/1P6/8/2P2PPP/R2Q1RK1 b - - 0 19,e4d5
11,mehdikhdm,EulerE,963,919,3r1rk1/5pp1/1bp2q1p/1n1P4/1P6/8/2P2PPP/R2Q1RK1 w - - 0 20,c7c6
11,mehdikhdm,EulerE,963,919,3r1rk1/5pp1/1bp2q1p/1n1P4/1P6/5Q2/2P2PPP/R4RK1 b - - 1 20,d1f3
11,mehdikhdm,EulerE,963,919,3r1rk1/5pp1/1bp4p/1n1P4/1P6/5q2/2P2PPP/R4RK1 w - - 0 21,f6f3
11,mehdikhdm,EulerE,963,919,3r1rk1/5pp1/1bp4p/1n1P4/1P6/5P2/2P2P1P/R4RK1 b - - 0 21,g2f3
11,mehdikhdm,EulerE,963,919,3r1rk1/5pp1/1b5p/1n1p4/1P6/5P2/2P2P1P/R4RK1 w - - 0 22,c6d5
11,mehdikhdm,EulerE,963,919,3r1rk1/5pp1/1b5p/1n1p4/1P6/5P2/2P2P1P/R4R1K b - - 1 22,g1h1
11,mehdikhdm,EulerE,963,919,5rk1/5pp1/1b1r3p/1n1p4/1P6/5P2/2P2P1P/R4R1K w - - 2 23,d8d6
11,mehdikhdm,EulerE,963,919,5rk1/5pp1/Rb1r3p/1n1p4/1P6/5P2/2P2P1P/5R1K b - - 3 23,a1a6
11,mehdikhdm,EulerE,963,919,5rk1/2b2pp1/R2r3p/1n1p4/1P6/5P2/2P2P1P/5R1K w - - 4 24,b6c7
11,mehdikhdm,EulerE,963,919,5rk1/2b2pp1/3R3p/1n1p4/1P6/5P2/2P2P1P/5R1K b - - 0 24,a6d6
11,mehdikhdm,EulerE,963,919,5rk1/5pp1/3b3p/1n1p4/1P6/5P2/2P2P1P/5R1K w - - 0 25,c7d6
11,mehdikhdm,EulerE,963,919,5rk1/5pp1/3b3p/1n1p4/1P6/2P2P2/5P1P/5R1K b - - 0 25,c2c3
11,mehdikhdm,EulerE,963,919,4r1k1/5pp1/3b3p/1n1p4/1P6/2P2P2/5P1P/5R1K w - - 1 26,f8e8
11,mehdikhdm,EulerE,963,919,4r1k1/5pp1/3b3p/1n1p4/1P6/2P2P2/5P1P/1R5K b - - 2 26,f1b1
11,mehdikhdm,EulerE,963,919,4r1k1/5pp1/3b3p/3p4/1P6/2n2P2/5P1P/1R5K w - - 0 27,b5c3
11,mehdikhdm,EulerE,963,919,4r1k1/5pp1/3b3p/3p4/1P6/2n2P2/5P1P/2R4K b - - 1 27,b1c1
11,mehdikhdm,EulerE,963,919,4r1k1/5pp1/3b3p/1n1p4/1P6/5P2/5P1P/2R4K w - - 2 28,c3b5
11,mehdikhdm,EulerE,963,919,4r1k1/5pp1/2Rb3p/1n1p4/1P6/5P2/5P1P/7K b - - 3 28,c1c6
11,mehdikhdm,EulerE,963,919,6k1/5pp1/2Rb3p/1n1pr3/1P6/5P2/5P1P/7K w - - 4 29,e8e5
11,mehdikhdm,EulerE,963,919,6k1/5pp1/1R1b3p/1n1pr3/1P6/5P2/5P1P/7K b - - 5 29,c6b6
11,mehdikhdm,EulerE,963,919,6k1/5pp1/1R1b3p/3pr3/1P6/2n2P2/5P1P/7K w - - 6 30,b5c3
11,mehdikhdm,EulerE,963,919,6k1/5pp1/3R3p/3pr3/1P6/2n2P2/5P1P/7K b - - 0 30,b6d6
11,mehdikhdm,EulerE,963,919,6k1/5pp1/3R3p/3p2r1/1P6/2n2P2/5P1P/7K w - - 1 31,e5g5
11,mehdikhdm,EulerE,963,919,6k1/5pp1/2R4p/3p2r1/1P6/2n2P2/5P1P/7K b - - 2 31,d6c6
11,mehdikhdm,EulerE,963,919,6k1/5pp1/2R4p/3p2r1/1P6/5P2/4nP1P/7K w - - 3 32,c3e2
11,mehdikhdm,EulerE,963,919,6k1/5pp1/2R4p/3p2r1/1P5P/5P2/4nP2/7K b - - 0 32,h2h4
11,mehdikhdm,EulerE,963,919,6k1/5pp1/2R4p/3p4/1P5P/5P2/4nP2/6rK w - - 1 33,g5g1
11,mehdikhdm,EulerE,963,919,6k1/5pp1/2R4p/3p4/1P5P/5P2/4nP1K/6r1 b - - 2 33,h1h2
11,mehdikhdm,EulerE,963,919,6k1/5pp1/2R4p/3p4/1P5P/5P2/4nP1K/1r6 w - - 3 34,g1b1
11,mehdikhdm,EulerE,963,919,6k1/5pp1/3R3p/3p4/1P5P/5P2/4nP1K/1r6 b - - 4 34,c6d6
11,mehdikhdm,EulerE,963,919,6k1/5pp1/3R3p/3p4/1r5P/5P2/4nP1K/8 w - - 0 35,b1b4
11,mehdikhdm,EulerE,963,919,6k1/5pp1/7p/3R4/1r5P/5P2/4nP1K/8 b - - 0 35,d6d5
11,mehdikhdm,EulerE,963,919,6k1/5pp1/7p/3R4/7r/5P2/4nP1K/8 w - - 0 36,b4h4
11,mehdikhdm,EulerE,963,919,6k1/5pp1/7p/3R4/7r/5P2/4nPK1/8 b - - 1 36,h2g2
11,mehdikhdm,EulerE,963,919,6k1/5pp1/7p/3R4/1r6/5P2/4nPK1/8 w - - 2 37,h4b4
11,mehdikhdm,EulerE,963,919,6k1/5pp1/7p/3R4/1r6/5P2/4nP2/5K2 b - - 3 37,g2f1
11,mehdikhdm,EulerE,963,919,6k1/5pp1/7p/3R4/2r5/5P2/4nP2/5K2 w - - 4 38,b4c4
11,mehdikhdm,EulerE,963,919,6k1/5pp1/7p/3R4/2r5/5P2/4KP2/8 b - - 0 38,f1e2
11,mehdikhdm,EulerE,963,919,6k1/5pp1/7p/3R4/8/5P2/2r1KP2/8 w - - 1 39,c4c2
11,mehdikhdm,EulerE,963,919,6k1/5pp1/7p/3R4/8/4KP2/2r2P2/8 b - - 2 39,e2e3
11,mehdikhdm,EulerE,963,919,6k1/5pp1/7p/3R4/8/2r1KP2/5P2/8 w - - 3 40,c2c3
11,mehdikhdm,EulerE,963,919,6k1/5pp1/7p/3R4/3K4/2r2P2/5P2/8 b - - 4 40,e3d4
11,mehdikhdm,EulerE,963,919,6k1/5pp1/7p/3R4/3K4/1r3P2/5P2/8 w - - 5 41,c3b3
11,mehdikhdm,EulerE,963,919,3R2k1/5pp1/7p/8/3K4/1r3P2/5P2/8 b - - 6 41,d5d8
11,mehdikhdm,EulerE,963,919,3R4/5ppk/7p/8/3K4/1r3P2/5P2/8 w - - 7 42,g8h7
11,mehdikhdm,EulerE,963,919,8/3R1ppk/7p/8/3K4/1r3P2/5P2/8 b - - 8 42,d8d7
12,YANCY75,EulerE,1028,1005,rnbqkbnr/pppppppp/8/8/4P3/8/PPPP1PPP/RNBQKBNR b KQkq - 0 1,e2e4
12,YANCY75,EulerE,1028,1005,rnbqkbnr/pppp1ppp/8/4p3/4P3/8/PPPP1PPP/RNBQKBNR w KQkq - 0 2,e7e5
12,YANCY75,EulerE,1028,1005,rnbqkbnr/pppp1ppp/8/4p3/2B1P3/8/PPPP1PPP/RNBQK1NR b KQkq - 1 2,f1c4
12,YANCY75,EulerE,1028,1005,r1bqkbnr/pppp1ppp/2n5/4p3/2B1P3/8/PPPP1PPP/RNBQK1NR w KQkq - 2 3,b8c6
12,YANCY75,EulerE,1028,1005,r1bqkbnr/pppp1ppp/2n5/4p3/2B1P3/2P5/PP1P1PPP/RNBQK1NR b KQkq - 0 3,c2c3
12,YANCY75,EulerE,1028,1005,r1bqkb1r/pppp1ppp/2n2n2/4p3/2B1P3/2P5/PP1P1PPP/RNBQK1NR w KQkq - 1 4,g8f6
12,YANCY75,EulerE,1028,1005,r1bqkb1r/pppp1ppp/2n2n2/4p3/2B1P3/2PP4/PP3PPP/RNBQK1NR b KQkq - 0 4,d2d3
12,YANCY75,EulerE,1028,1005,r1bqkb1r/ppp2ppp/2n2n2/3pp3/2B1P3/2PP4/PP3PPP/RNBQK1NR w KQkq - 0 5,d7d5
12,YANCY75,EulerE,1028,1005,r1bqkb1r/ppp2ppp/2n2n2/3pp3/2B1P3/2PP1N2/PP3PPP/RNBQK2R b KQkq - 1 5,g1f3
12,YANCY75,EulerE,1028,1005,r1bqkb1r/ppp2ppp/2n2n2/4p3/2p1P3/2PP1N2/PP3PPP/RNBQK2R w KQkq - 0 6,d5c4
12,YANCY75,EulerE,1028,1005,r1bqkb1r/ppp2ppp/2n2n2/4p3/2P1P3/2P2N2/PP3PPP/RNBQK2R b KQkq - 0 6,d3c4
12,YANCY75,EulerE,1028,1005,r1b1kb1r/ppp2ppp/2n2n2/4p3/2P1P3/2P2N2/PP3PPP/RNBqK2R w KQkq - 0 7,d8d1
12,YANCY75,EulerE,1028,1005,r1b1kb1r/ppp2ppp/2n2n2/4p3/2P1P3/2P2N2/PP3PPP/RNBK3R b kq - 0 7,e1d1
12,YANCY75,EulerE,1028,1005,r3kb1r/ppp2ppp/2n2n2/4p3/2P1P1b1/2P2N2/PP3PPP/RNBK3R w kq - 1 8,c8g4
12,YANCY75,EulerE,1028,1005,r3kb1r/ppp2ppp/2n2n2/4p3/2P1P1b1/2P2N2/PP1N1PPP/R1BK3R b kq - 2 8,b1d2
12,YANCY75,EulerE,1028,1005,r3k2r/ppp1bppp/2n2n2/4p3/2P1P1b1/2P2N2/PP1N1PPP/R1BK3R w kq - 3 9,f8e7
12,YANCY75,EulerE,1028,1005,r3k2r/ppp1bppp/2n2n2/4p3/2P1P1b1/2P2N2/PP1NKPPP/R1B4R b kq - 4 9,d1e2
12,YANCY75,EulerE,1028,1005,r4rk1/ppp1bppp/2n2n2/4p3/2P1P1b1/2P2N2/PP1NKPPP/R1B4R w - - 5 10,e8g8
12,YANCY75,EulerE,1028,1005,r4rk1/ppp1bppp/2n2n2/4p3/2P1P1b1/2P2N2/PP1NKPPP/R1BR4 b - - 6 10,h1d1
12,YANCY75,EulerE,1028,1005,3r1rk1/ppp1bppp/2n2n2/4p3/2P1P1b1/2P2N2/PP1NKPPP/R1BR4 w - - 7 11,a8d8
12,YANCY75,EulerE,1028,1005,3r1rk1/ppp1bppp/2n2n2/4p3/2P1P1b1/2P2N2/PP1N1PPP/R1BR1K2 b - - 8 11,e2f1
12,YANCY75,EulerE,1028,1005,3r1rk1/ppp1bppp/2n2n2/4p3/2P1P3/2P2b2/PP1N1PPP/R1BR1K2 w - - 0 12,g4f3
12,YANCY75,EulerE,1028,1005,3r1rk1/ppp1bppp/2n2n2/4p3/2P1P3/2P2P2/PP1N1P1P/R1BR1K2 b - - 0 12,g2f3
12,YANCY75,EulerE,1028,1005,3r1rk1/ppp1bppp/2n5/4p2n/2P1P3/2P2P2/PP1N1P1P/R1BR1K2 w - - 1 13,f6h5
12,YANCY75,EulerE,1028,1005,3r1rk1/ppp1bppp/2n5/4p2n/2P1P3/2P2P2/PP1NKP1P/R1BR4 b - - 2 13,f1e2
12,YANCY75,EulerE,1028,1005,3r1rk1/ppp1bppp/2n5/4p3/2P1Pn2/2P2P2/PP1NKP1P/R1BR4 w - - 3 14,h5f4
12,YANCY75,EulerE,1028,1005,3r1rk1/ppp1bppp/2n5/4p3/2P1Pn2/2P1KP2/PP1N1P1P/R1BR4 b - - 4 14,e2e3
12,YANCY75,EulerE,1028,1005,3r1rk1/ppp2ppp/2n5/4p1b1/2P1Pn2/2P1KP2/PP1N1P1P/R1BR4 w - - 5 15,e7g5
12,YANCY75,EulerE,1028,1005,3r1rk1/ppp2ppp/2n5/4p1b1/2P1Pn1P/2P1KP2/PP1N1P2/R1BR4 b - - 0 15,h2h4
12,YANCY75,EulerE,1028,1005,3r1rk1/ppp2ppp/2n4b/4p3/2P1Pn1P/2P1KP2/PP1N1P2/R1BR4 w - - 1 16,g5h6
12,YANCY75,EulerE,1028,1005,3r1rk1/ppp2ppp/2n4b/4p3/2P1Pn1P/2P1KP2/PP3P2/R1BR1N2 b - - 2 16,d2f1
12,YANCY75,EulerE,1028,1005,5rk1/ppp2ppp/2n4b/4p3/2P1Pn1P/2P1KP2/PP3P2/R1Br1N2 w - - 0 17,d8d1
12,YANCY75,EulerE,1028,1005,5rk1/ppp2ppp/2n4b/4p3/2P1Pn1P/2P1KPN1/PP3P2/R1Br4 b - - 1 17,f1g3
12,YANCY75,EulerE,1028,1005,5rk1/ppp2ppp/2n4b/4p2n/2P1P2P/2P1KPN1/PP3P2/R1Br4 w - - 2 18,f4h5
12,YANCY75,EulerE,1028,1005,5rk1/ppp2ppp/2n4b/4p2n/2P1P2P/2P2PN1/PP2KP2/R1Br4 b - - 3 18,e3e2
12,YANCY75,EulerE,1028,1005,5rk1/ppp2ppp/2n4b/4p3/2P1P2P/2P2Pn1/PP2KP2/R1Br4 w - - 0 19,h5g3
12,YANCY75,EulerE,1028,1005,5rk1/ppp2ppp/2n4b/4p3/2P1P2P/2P2PP1/PP2K3/R1Br4 b - - 0 19,f2g3
12,YANCY75,EulerE,1028,1005,5rk1/ppp2ppp/2n4b/4p3/2P1P2P/2P2PP1/PP2K3/R1r5 w - - 0 20,d1c1
12,YANCY75,EulerE,1028,1005,5rk1/ppp2ppp/2n4b/4p3/2P1P2P/2P2PP1/PP2K3/2R5 b - - 0 20,a1c1
12,YANCY75,EulerE,1028,1005,5rk1/ppp2ppp/2n5/4p3/2P1P2P/2P2PP1/PP2K3/2b5 w - - 0 21,h6c1
12,YANCY75,EulerE,1028,1005,5rk1/ppp2ppp/2n5/4p3/2P1P2P/1PP2PP1/P3K3/2b5 b - - 0 21,b2b3
12,YANCY75,EulerE,1028,1005,3r2k1/ppp2ppp/2n5/4p3/2P1P2P/1PP2PP1/P3K3/2b5 w - - 1 22,f8d8
12,YANCY75,EulerE,1028,1005,3r2k1/ppp2ppp/2n5/4p3/2P1PP1P/1PP3P1/P3K3/2b5 b - - 0 22,f3f4
12,YANCY75,EulerE,1028,1005,3r2k1/ppp2ppp/2n5/8/2P1Pp1P/1PP3P1/P3K3/2b5 w - - 0 23,e5f4
12,YANCY75,EulerE,1028,1005,3r2k1/ppp2ppp/2n5/8/2P1PP1P/1PP5/P3K3/2b5 b - - 0 23,g3f4
12,YANCY75,EulerE,1028,1005,3r2k1/ppp3pp/2n2p2/8/2P1PP1P/1PP5/P3K3/2b5 w - - 0 24,f7f6
12,YANCY75,EulerE,1028,1005,3r2k1/ppp3pp/2n2p2/4P3/2P2P1P/1PP5/P3K3/2b5 b - - 0 24,e4e5
12,YANCY75,EulerE,1028,1005,3r2k1/ppp3pp/2n2p2/4P3/2P2b1P/1PP5/P3K3/8 w - - 0 25,c1f4
12,YANCY75,EulerE,1028,1005,3r2k1/ppp3pp/2n2P2/8/2P2b1P/1PP5/P3K3/8 b - - 0 25,e5f6
12,YANCY75,EulerE,1028,1005,3r2k1/ppp4p/2n2Pp1/8/2P2b1P/1PP5/P3K3/8 w - - 0 26,g7g6
12,YANCY75,EulerE,1028,1005,3r2k1/ppp4p/2n2Pp1/7P/2P2b2/1PP5/P3K3/8 b - - 0 26,h4h5
12,YANCY75,EulerE,1028,1005,3r2k1/ppp4p/2n2P2/7p/2P2b2/1PP5/P3K3/8 w - - 0 27,g6h5
12,YANCY75,EulerE,1028,1005,3r2k1/ppp4p/2n2P2/7p/2P2b2/1PP2K2/P7/8 b - - 1 27,e2f3
12,YANCY75,EulerE,1028,1005,3r2k1/ppp4p/2n2P2/4b2p/2P5/1PP2K2/P7/8 w - - 2 28,f4e5
12,YANCY75,EulerE,1028,1005,3r2k1/ppp4p/2n2P2/4b2p/2P1K3/1PP5/P7/8 b - - 3 28,f3e4
12,YANCY75,EulerE,1028,1005,3r2k1/ppp4p/2n2b2/7p/2P1K3/1PP5/P7/8 w - - 0 29,e5f6
12,YANCY75,EulerE,1028,1005,3r2k1/ppp4p/2n2b2/5K1p/2P5/1PP5/P7/8 b - - 1 29,e4f5
12,YANCY75,EulerE,1028,1005,3r2k1/ppp4p/2n5/5K1p/2P5/1Pb5/P7/8 w - - 0 30,f6c3
12,YANCY75,EulerE,1028,1005,3r2k1/ppp4p/2n5/6Kp/2P5/1Pb5/P7/8 b - - 1 30,f5g5
12,YANCY75,EulerE,1028,1005,6k1/ppp4p/2n5/6Kp/2P5/1Pb5/P2r4/8 w - - 2 31,d8d2
12,YANCY75,EulerE,1028,1005,6k1/ppp4p/2n5/7K/2P5/1Pb5/P2r4/8 b - - 0 31,g5h5
12,YANCY75,EulerE,1028,1005,6k1/ppp4p/2n5/7K/2P5/1Pb5/r7/8 w - - 0 32,d2a2
12,YANCY75,EulerE,1028,1005,6k1/ppp4p/2n5/7K/1PP5/2b5/r7/8 b - - 0 32,b3b4
12,YANCY75,EulerE,1028,1005,6k1/ppp4p/8/7K/1nP5/2b5/r7/8 w - - 0 33,c6b4
12,YANCY75,EulerE,1028,1005,6k1/ppp4p/7K/8/1nP5/2b5/r7/8 b - - 1 33,h5h6
12,YANCY75,EulerE,1028,1005,6k1/ppp4p/7K/8/1nP5/2b5/3r4/8 w - - 2 34,a2d2
12,YANCY75,EulerE,1028,1005,6k1/ppp4p/7K/2P5/1n6/2b5/3r4/8 b - - 0 34,c4c5
12,YANCY75,EulerE,1028,1005,6k1/1pp4p/7K/p1P5/1n6/2b5/3r4/8 w - - 0 35,a7a5
12,YANCY75,EulerE,1028,1005,6k1/1pp4p/2P4K/p7/1n6/2b5/3r4/8 b - - 0 35,c5c6
12,YANCY75,EulerE,1028,1005,6k1/2p4p/2p4K/p7/1n6/2b5/3r4/8 w - - 0 36,b7c6
12,YANCY75,EulerE,1028,1005,6k1/2p4p/2p5/p5K1/1n6/2b5/3r4/8 b - - 1 36,h6g5
12,YANCY75,EulerE,1028,1005,6k1/2p4p/2p5/6K1/pn6/2b5/3r4/8 w - - 0 37,a5a4
12,YANCY75,EulerE,1028,1005,6k1/2p4p/2p5/8/pn3K2/2b5/3r4/8 b - - 1 37,g5f4
12,YANCY75,EulerE,1028,1005,6k1/2p4p/2p5/8/1n3K2/p1b5/3r4/8 w - - 0 38,a4a3
12,YANCY75,EulerE,1028,1005,6k1/2p4p/2p5/8/1n6/p1b1K3/3r4/8 b - - 1 38,f4e3
12,YANCY75,EulerE,1028,1005,6k1/2p4p/2p5/8/1n6/2b1K3/p2r4/8 w - - 0 39,a3a2
12,YANCY75,EulerE,1028,1005,6k1/2p4p/2p5/8/1n3K2/2b5/p2r4/8 b - - 1 39,e3f4
12,YANCY75,EulerE,1028,1005,6k1/2p4p/2p5/8/1n3K2/2b5/3r4/q7 w - - 0 40,a2a1q
12,YANCY75,EulerE,1028,1005,6k1/2p4p/2p5/8/1n6/2b1K3/3r4/q7 b - - 1 40,f4e3
12,YANCY75,EulerE,1028,1005,6k1/2p4p/2p5/8/1n6/2b1K3/3r4/4q3 w - - 2 41,a1e1
12,YANCY75,EulerE,1028,1005,6k1/2p4p/2p5/8/1n3K2/2b5/3r4/4q3 b - - 3 41,e3f4
12,YANCY75,EulerE,1028,1005,6k1/2p4p/2p5/8/1n3K2/2b5/5r2/4q3 w - - 4 42,d2f2
12,YANCY75,EulerE,1028,1005,6k1/2p4p/2p5/8/1n4K1/2b5/5r2/4q3 b - - 5 42,f4g4
12,YANCY75,EulerE,1028,1005,6k1/2p4p/2p5/8/1n4K1/2b5/5r2/6q1 w - - 6 43,e1g1
12,YANCY75,EulerE,1028,1005,6k1/2p4p/2p5/8/1n5K/2b5/5r2/6q1 b - - 7 43,g4h4
12,YANCY75,EulerE,1028,1005,6k1/2p4p/2p5/8/1n5K/2b5/7r/6q1 w - - 8 44,f2h2
13,Sargenybl,EulerE,1024,1014,rnbqkbnr/pppppppp/8/8/4P3/8/PPPP1PPP/RNBQKBNR b KQkq - 0 1,e2e4
13,Sargenybl,EulerE,1024,1014,rnbqkbnr/pppp1ppp/8/4p3/4P3/8/PPPP1PPP/RNBQKBNR w KQkq - 0 2,e7e5
13,Sargenybl,EulerE,1024,1014,rnbqkbnr/pppp1ppp/8/4p3/4P3/5N2/PPPP1PPP/RNBQKB1R b KQkq - 1 2,g1f3
13,Sargenybl,EulerE,1024,1014,r1bqkbnr/pppp1ppp/2n5/4p3/4P3/5N2/PPPP1PPP/RNBQKB1R w KQkq - 2 3,b8c6
13,Sargenybl,EulerE,1024,1014,r1bqkbnr/pppp1ppp/2n5/1B2p3/4P3/5N2/PPPP1PPP/RNBQK2R b KQkq - 3 3,f1b5
13,Sargenybl,EulerE,1024,1014,r1bqkbnr/ppp2ppp/2np4/1B2p3/4P3/5N2/PPPP1PPP/RNBQK2R w KQkq - 0 4,d7d6
13,Sargenybl,EulerE,1024,1014,r1bqkbnr/ppp2ppp/2np4/1B2p3/4P3/2N2N2/PPPP1PPP/R1BQK2R b KQkq - 1 4,b1c3
13,Sargenybl,EulerE,1024,1014,r2qkbnr/pppb1ppp/2np4/1B2p3/4P3/2N2N2/PPPP1PPP/R1BQK2R w KQkq - 2 5,c8d7
13,Sargenybl,EulerE,1024,1014,r2qkbnr/pppb1ppp/2np4/1B2p3/4P3/2NP1N2/PPP2PPP/R1BQK2R b KQkq - 0 5,d2d3
13,Sargenybl,EulerE,1024,1014,r2qkb1r/pppb1ppp/2np1n2/1B2p3/4P3/2NP1N2/PPP2PPP/R1BQK2R w KQkq - 1 6,g8f6
13,Sargenybl,EulerE,1024,1014,r2qkb1r/pppb1ppp/2np1n2/1B2p1B1/4P3/2NP1N2/PPP2PPP/R2QK2R b KQkq - 2 6,c1g5
13,Sargenybl,EulerE,1024,1014,r2qkb1r/pppb1p1p/2np1np1/1B2p1B1/4P3/2NP1N2/PPP2PPP/R2QK2R w KQkq - 0 7,g7g6
13,Sargenybl,EulerE,1024,1014,r2qkb1r/pppb1p1p/2np1Bp1/1B2p3/4P3/2NP1N2/PPP2PPP/R2QK2R b KQkq - 0 7,g5f6
13,Sargenybl,EulerE,1024,1014,r3kb1r/pppb1p1p/2np1qp1/1B2p3/4P3/2NP1N2/PPP2PPP/R2QK2R w KQkq - 0 8,d8f6
13,Sargenybl,EulerE,1024,1014,r3kb1r/pppb1p1p/2Bp1qp1/4p3/4P3/2NP1N2/PPP2PPP/R2QK2R b KQkq - 0 8,b5c6
13,Sargenybl,EulerE,1024,1014,r3kb1r/ppp2p1p/2bp1qp1/4p3/4P3/2NP1N2/PPP2PPP/R2QK2R w KQkq - 0 9,d7c6
13,Sargenybl,EulerE,1024,1014,r3kb1r/ppp2p1p/2bp1qp1/4p3/4P3/2NP1N2/PPPQ1PPP/R3K2R b KQkq - 1 9,d1d2
13,Sargenybl,EulerE,1024,1014,r3k2r/ppp2pbp/2bp1qp1/4p3/4P3/2NP1N2/PPPQ1PPP/R3K2R w KQkq - 2 10,f8g7
13,Sargenybl,EulerE,1024,1014,r3k2r/ppp2pbp/2bp1qp1/4p3/4P3/2NP1N2/PPPQ1PPP/2KR3R b kq - 3 10,e1c1
13,Sargenybl,EulerE,1024,1014,r4rk1/ppp2pbp/2bp1qp1/4p3/4P3/2NP1N2/PPPQ1PPP/2KR3R w - - 4 11,e8g8
13,Sargenybl,EulerE,1024,1014,r4rk1/ppp2pbp/2bp1qp1/4p3/4P2P/2NP1N2/PPPQ1PP1/2KR3R b - - 0 11,h2h4
13,Sargenybl,EulerE,1024,1014,r4rk1/1pp2pbp/2bp1qp1/p3p3/4P2P/2NP1N2/PPPQ1PP1/2KR3R w - - 0 12,a7a5
13,Sargenybl,EulerE,1024,1014,r4rk1/1pp2pbp/2bp1qp1/p3p3/4P1PP/2NP1N2/PPPQ1P2/2KR3R b - - 0 12,g2g4
13,Sargenybl,EulerE,1024,1014,r4rk1/1pp2pbp/2bp1qp1/4p3/p3P1PP/2NP1N2/PPPQ1P2/2KR3R w - - 0 13,a5a4
13,Sargenybl,EulerE,1024,1014,r4rk1/1pp2pbp/2bp1qp1/4p1P1/p3P2P/2NP1N2/PPPQ1P2/2KR3R b - - 0 13,g4g5
13,Sargenybl,EulerE,1024,1014,r4rk1/1pp2pbp/2bp2p1/4p1P1/p3P2P/2NP1q2/PPPQ1P2/2KR3R w - - 0 14,f6f3
13,Sargenybl,EulerE,1024,1014,r4rk1/1pp2pbp/2bp2p1/4p1PP/p3P3/2NP1q2/PPPQ1P2/2KR3R b - - 0 14,h4h5
13,Sargenybl,EulerE,1024,1014,r4rk1/1pp2pbp/2bp2p1/4p1PP/4P3/p1NP1q2/PPPQ1P2/2KR3R w - - 0 15,a4a3
13,Sargenybl,EulerE,1024,1014,r4rk1/1pp2pbp/2bp2P1/4p1P1/4P3/p1NP1q2/PPPQ1P2/2KR3R b - - 0 15,h5g6
13,Sargenybl,EulerE,1024,1014,r4rk1/1pp3bp/2bp2p1/4p1P1/4P3/p1NP1q2/PPPQ1P2/2KR3R w - - 0 16,f7g6
13,Sargenybl,EulerE,1024,1014,r4rk1/1pp3bp/2bp2p1/4p1P1/4P3/pPNP1q2/P1PQ1P2/2KR3R b - - 0 16,b2b3
13,Sargenybl,EulerE,1024,1014,r4rk1/1pp3bp/2bp2p1/4p1P1/4Pq2/pPNP4/P1PQ1P2/2KR3R w - - 1 17,f3f4
13,Sargenybl,EulerE,1024,1014,r4rk1/1pp3bp/2bp2p1/4p1P1/4PQ2/pPNP4/P1P2P2/2KR3R b - - 0 17,d2f4
13,Sargenybl,EulerE,1024,1014,r5k1/1pp3bp/2bp2p1/4p1P1/4Pr2/pPNP4/P1P2P2/2KR3R w - - 0 18,f8f4
13,Sargenybl,EulerE,1024,1014,r5k1/1pp3bp/2bp2p1/4p1P1/4Pr2/pPNP4/P1P2P2/2K3RR b - - 1 18,d1g1
13,Sargenybl,EulerE,1024,1014,r5k1/1pp3bp/2bp2p1/4p1P1/4P3/pPNP4/P1P2r2/2K3RR w - - 0 19,f4f2
13,Sargenybl,EulerE,1024,1014,r5k1/1pp3bp/2bp2p1/4p1P1/4P3/pP1P4/P1P2r2/2KN2RR b - - 1 19,c3d1
13,Sargenybl,EulerE,1024,1014,r5k1/1pp3bp/2bp2p1/4p1P1/4Pr2/pP1P4/P1P5/2KN2RR w - - 2 20,f2f4
13,Sargenybl,EulerE,1024,1014,r5k1/1pp3bp/2bp2p1/4p1P1/4Pr2/pP1P4/P1P3R1/2KN3R b - - 3 20,g1g2
13,Sargenybl,EulerE,1024,1014,r5k1/1pp2rbp/2bp2p1/4p1P1/4P3/pP1P4/P1P3R1/2KN3R w - - 4 21,f4f7
13,Sargenybl,EulerE,1024,1014,r5k1/1pp2rbp/2bp2p1/4p1P1/4P3/pP1P4/P1P4R/2KN3R b - - 5 21,g2h2
13,Sargenybl,EulerE,1024,1014,r4bk1/1pp2r1p/2bp2p1/4p1P1/4P3/pP1P4/P1P4R/2KN3R w - - 6 22,g7f8
13,Sargenybl,EulerE,1024,1014,r4bk1/1pp2r1p/2bp2p1/4p1P1/4P3/pP1PN3/P1P4R/2K4R b - - 7 22,d1e3
13,Sargenybl,EulerE,1024,1014,r5k1/1pp1br1p/2bp2p1/4p1P1/4P3/pP1PN3/P1P4R/2K4R w - - 8 23,f8e7
13,Sargenybl,EulerE,1024,1014,r5k1/1pp1br1p/2bp2p1/4p1P1/4P3/pP1PN3/P1P3R1/2K4R b - - 9 23,h2g2
13,Sargenybl,EulerE,1024,1014,r5k1/2p1br1p/1pbp2p1/4p1P1/4P3/pP1PN3/P1P3R1/2K4R w - - 0 24,b7b6
13,Sargenybl,EulerE,1024,1014,r5k1/2p1br1p/1pbp2p1/4p1P1/4P1N1/pP1P4/P1P3R1/2K4R b - - 1 24,e3g4
13,Sargenybl,EulerE,1024,1014,r5k1/1bp1br1p/1p1p2p1/4p1P1/4P1N1/pP1P4/P1P3R1/2K4R w - - 2 25,c6b7
13,Sargenybl,EulerE,1024,1014,r5k1/1bp1br1p/1p1p2pN/4p1P1/4P3/pP1P4/P1P3R1/2K4R b - - 3 25,g4h6
13,Sargenybl,EulerE,1024,1014,r7/1bp1brkp/1p1p2pN/4p1P1/4P3/pP1P4/P1P3R1/2K4R w - - 4 26,g8g7
13,Sargenybl,EulerE,1024,1014,r7/1bp1bNkp/1p1p2p1/4p1P1/4P3/pP1P4/P1P3R1/2K4R b - - 0 26,h6f7
13,Sargenybl,EulerE,1024,1014,r7/1bp1bk1p/1p1p2p1/4p1P1/4P3/pP1P4/P1P3R1/2K4R w - - 0 27,g7f7
13,Sargenybl,EulerE,1024,1014,r7/1bp1bk1R/1p1p2p1/4p1P1/4P3/pP1P4/P1P3R1/2K5 b - - 0 27,h1h7
13,Sargenybl,EulerE,1024,1014,r3k3/1bp1b2R/1p1p2p1/4p1P1/4P3/pP1P4/P1P3R1/2K5 w - - 1 28,f7e8
13,Sargenybl,EulerE,1024,1014,r3k2R/1bp1b3/1p1p2p1/4p1P1/4P3/pP1P4/P1P3R1/2K5 b - - 2 28,h7h8
13,Sargenybl,EulerE,1024,1014,r6R/1bpkb3/1p1p2p1/4p1P1/4P3/pP1P4/P1P3R1/2K5 w - - 3 29,e8d7
13,Sargenybl,EulerE,1024,1014,r7/1bpkb2R/1p1p2p1/4p1P1/4P3/pP1P4/P1P3R1/2K5 b - - 4 29,h8h7
13,Sargenybl,EulerE,1024,1014,5r2/1bpkb2R/1p1p2p1/4p1P1/4P3/pP1P4/P1P3R1/2K5 w - - 5 30,a8f8
13,Sargenybl,EulerE,1024,1014,5r2/1bpkb1R1/1p1p2p1/4p1P1/4P3/pP1P4/P1P3R1/2K5 b - - 6 30,h7g7
13,Sargenybl,EulerE,1024,1014,5r2/1b1kb1R1/1p1p2p1/2p1p1P1/4P3/pP1P4/P1P3R1/2K5 w - - 0 31,c7c5
13,Sargenybl,EulerE,1024,1014,5r2/1b1kb1R1/1p1p2p1/2p1p1P1/4P3/pP1P4/P1P4R/2K5 b - - 1 31,g2h2
13,Sargenybl,EulerE,1024,1014,5r2/1b1kb1R1/1p4p1/2ppp1P1/4P3/pP1P4/P1P4R/2K5 w - - 0 32,d6d5
13,Sargenybl,EulerE,1024,1014,5r2/1b1kb1R1/1p4p1/2pPp1P1/8/pP1P4/P1P4R/2K5 b - - 0 32,e4d5
13,Sargenybl,EulerE,1024,1014,5r2/3kb1R1/1p4p1/2pbp1P1/8/pP1P4/P1P4R/2K5 w - - 0 33,b7d5
13,Sargenybl,EulerE,1024,1014,5r2/3kb1R1/1p4p1/2pbp1P1/2P5/pP1P4/P6R/2K5 b - - 0 33,c2c4
13,Sargenybl,EulerE,1024,1014,5r2/3kb1R1/1p4p1/2p1p1P1/2P5/pP1P1b2/P6R/2K5 w - - 1 34,d5f3
13,Sargenybl,EulerE,1024,1014,5r2/3kb1RR/1p4p1/2p1p1P1/2P5/pP1P1b2/P7/2K5 b - - 2 34,h2h7
13,Sargenybl,EulerE,1024,1014,4r3/3kb1RR/1p4p1/2p1p1P1/2P5/pP1P1b2/P7/2K5 w - - 3 35,f8e8
13,Sargenybl,EulerE,1024,1014,4r3/3kb2R/1p4R1/2p1p1P1/2P5/pP1P1b2/P7/2K5 b - - 0 35,g7g6
13,Sargenybl,EulerE,1024,1014,4r3/3kb2R/1p4R1/2p3P1/2P1p3/pP1P1b2/P7/2K5 w - - 0 36,e5e4
13,Sargenybl,EulerE,1024,1014,4r3/3kb2R/1p4R1/2p3P1/2P1P3/pP3b2/P7/2K5 b - - 0 36,d3e4
13,Sargenybl,EulerE,1024,1014,4r3/3kb2R/1p4R1/2p3P1/2P1b3/pP6/P7/2K5 w - - 0 37,f3e4
13,Sargenybl,EulerE,1024,1014,4r3/3kR3/1p4R1/2p3P1/2P1b3/pP6/P7/2K5 b - - 0 37,h7e7
13,Sargenybl,EulerE,1024,1014,8/3kr3/1p4R1/2p3P1/2P1b3/pP6/P7/2K5 w - - 0 38,e8e7
13,Sargenybl,EulerE,1024,1014,8/3kr3/1R6/2p3P1/2P1b3/pP6/P7/2K5 b - - 0 38,g6b6
13,Sargenybl,EulerE,1024,1014,8/3k2r1/1R6/2p3P1/2P1b3/pP6/P7/2K5 w - - 1 39,e7g7
13,Sargenybl,EulerE,1024,1014,8/1R1k2r1/8/2p3P1/2P1b3/pP6/P7/2K5 b - - 2 39,b6b7
13,Sargenybl,EulerE,1024,1014,8/1b1k2r1/8/2p3P1/2P5/pP6/P7/2K5 w - - 0 40,e4b7
13,Sargenybl,EulerE,1024,1014,8/1b1k2r1/8/2p3P1/2P5/pP6/P2K4/8 b - - 1 40,c1d2
13,Sargenybl,EulerE,1024,1014,8/1b1k4/8/2p3r1/2P5/pP6/P2K4/8 w - - 0 41,g7g5
13,Sargenybl,EulerE,1024,1014,8/1b1k4/8/2p3r1/2P5/pP2K3/P7/8 b - - 1 41,d2e3
13,Sargenybl,EulerE,1024,1014,8/1b1k4/8/2p1r3/2P5/pP2K3/P7/8 w - - 2 42,g5e5
13,Sargenybl,EulerE,1024,1014,8/1b1k4/8/2p1r3/2P5/pP6/P2K4/8 b - - 3 42,e3d2
13,Sargenybl,EulerE,1024,1014,8/1b6/4k3/2p1r3/2P5/pP6/P2K4/8 w - - 4 43,d7e6
13,Sargenybl,EulerE,1024,1014,8/1b6/4k3/2p1r3/2P5/pPK5/P7/8 b - - 5 43,d2c3
13,Sargenybl,EulerE,1024,1014,8/1b6/8/2p1rk2/2P5/pPK5/P7/8 w - - 6 44,e6f5
13,Sargenybl,EulerE,1024,1014,8/1b6/8/2p1rk2/1PP5/p1K5/P7/8 b - - 0 44,b3b4
13,Sargenybl,EulerE,1024,1014,8/1b6/8/2p2k2/1PP5/p1K1r3/P7/8 w - - 1 45,e5e3
13,Sargenybl,EulerE,1024,1014,8/1b6/8/2p2k2/1PP5/p3r3/P2K4/8 b - - 2 45,c3d2
13,Sargenybl,EulerE,1024,1014,8/1b6/8/2p2k2/1PP1r3/p7/P2K4/8 w - - 3 46,e3e4
13,Sargenybl,EulerE,1024,1014,8/1b6/8/2p2k2/1PP1r3/p1K5/P7/8 b - - 4 46,d2c3
13,Sargenybl,EulerE,1024,1014,8/1b6/8/2p2k2/1PP5/p1K5/P3r3/8 w - - 5 47,e4e2
13,Sargenybl,EulerE,1024,1014,8/1b6/8/2P2k2/2P5/p1K5/P3r3/8 b - - 0 47,b4c5
13,Sargenybl,EulerE,1024,1014,8/1b6/8/2P2k2/2P5/p1K5/r7/8 w - - 0 48,e2a2
13,Sargenybl,EulerE,1024,1014,8/1b6/8/2P2k2/1KP5/p7/r7/8 b - - 1 48,c3b4
13,Sargenybl,EulerE,1024,1014,8/1b6/4k3/2P5/1KP5/p7/r7/8 w - - 2 49,f5e6
13,Sargenybl,EulerE,1024,1014,8/1b6/4k3/2P5/2P5/pK6/r7/8 b - - 3 49,b4b3
13,Sargenybl,EulerE,1024,1014,8/1b6/4k3/2P5/2P5/pK6/5r2/8 w - - 4 50,a2f2
13,Sargenybl,EulerE,1024,1014,8/1b6/4k3/2P5/2P5/K7/5r2/8 b - - 0 50,b3a3
13,Sargenybl,EulerE,1024,1014,8/1b6/4k3/2P5/2P2r2/K7/8/8 w - - 1 51,f2f4
13,Sargenybl,EulerE,1024,1014,8/1b6/4k3/2P5/1KP2r2/8/8/8 b - - 2 51,a3b4
13,Sargenybl,EulerE,1024,1014,8/1b1k4/8/2P5/1KP2r2/8/8/8 w - - 3 52,e6d7
13,Sargenybl,EulerE,1024,1014,8/1b1k4/8/1KP5/2P2r2/8/8/8 b - - 4 52,b4b5
13,Sargenybl,EulerE,1024,1014,b7/3k4/8/1KP5/2P2r2/8/8/8 w - - 5 53,b7a8
13,Sargenybl,EulerE,1024,1014,b7/3k4/1K6/2P5/2P2r2/8/8/8 b - - 6 53,b5b6
13,Sargenybl,EulerE,1024,1014,b7/3k4/1K6/2P2r2/2P5/8/8/8 w - - 7 54,f4f5
13,Sargenybl,EulerE,1024,1014,b7/3k4/8/1KP2r2/2P5/8/8/8 b - - 8 54,b6b5
13,Sargenybl,EulerE,1024,1014,8/3k4/2b5/1KP2r2/2P5/8/8/8 w - - 9 55,a8c6
13,Sargenybl,EulerE,1024,1014,8/3k4/2b5/2P2r2/1KP5/8/8/8 b - - 10 55,b5b4
13,Sargenybl,EulerE,1024,1014,8/1b1k4/8/2P2r2/1KP5/8/8/8 w - - 11 56,c6b7
13,Sargenybl,EulerE,1024,1014,8/1b1k4/8/2P2r2/2P5/2K5/8/8 b - - 12 56,b4c3
13,Sargenybl,EulerE,1024,1014,8/1b1k4/8/2r5/2P5/2K5/8/8 w - - 0 57,f5c5
13,Sargenybl,EulerE,1024,1014,8/1b1k4/8/2r5/2PK4/8/8/8 b - - 1 57,c3d4
13,Sargenybl,EulerE,1024,1014,8/1b1k4/8/r7/2PK4/8/8/8 w - - 2 58,c5a5
13,Sargenybl,EulerE,1024,1014,8/1b1k4/8/r7/2P5/2K5/8/8 b - - 3 58,d4c3
13,Sargenybl,EulerE,1024,1014,8/3k4/b7/r7/2P5/2K5/8/8 w - - 4 59,b7a6
13,Sargenybl,EulerE,1024,1014,8/3k4/b7/r7/2P5/1K6/8/8 b - - 5 59,c3b3
13,Sargenybl,EulerE,1024,1014,8/3k4/b7/2r5/2P5/1K6/8/8 w - - 6 60,a5c5
13,Sargenybl,EulerE,1024,1014,8/3k4/b7/2r5/1KP5/8/8/8 b - - 7 60,b3b4
13,Sargenybl,EulerE,1024,1014,8/3k4/b7/8/1Kr5/8/8/8 w - - 0 61,c5c4
13,Sargenybl,EulerE,1024,1014,8/3k4/b7/8/2r5/1K6/8/8 b - - 1 61,b4b3
13,Sargenybl,EulerE,1024,1014,8/2rk4/b7/8/8/1K6/8/8 w - - 2 62,c4c7
13,Sargenybl,EulerE,1024,1014,8/2rk4/b7/8/K7/8/8/8 b - - 3 62,b3a4
13,Sargenybl,EulerE,1024,1014,8/1r1k4/b7/8/K7/8/8/8 w - - 4 63,c7b7
13,Sargenybl,EulerE,1024,1014,8/1r1k4/b7/K7/8/8/8/8 b - - 5 63,a4a5
13,Sargenybl,EulerE,1024,1014,8/1r1k4/8/K7/2b5/8/8/8 w - - 6 64,a6c4
13,Sargenybl,EulerE,1024,1014,8/1r1k4/8/8/K1b5/8/8/8 b - - 7 64,a5a4
13,Sargenybl,EulerE,1024,1014,8/3k4/8/8/K1b5/8/8/1r6 w - - 8 65,b7b1
13,Sargenybl,EulerE,1024,1014,8/3k4/8/8/2b5/K7/8/1r6 b - - 9 65,a4a3
13,Sargenybl,EulerE,1024,1014,8/8/2k5/8/2b5/K7/8/1r6 w - - 10 66,d7c6
13,Sargenybl,EulerE,1024,1014,8/8/2k5/8/K1b5/8/8/1r6 b - - 11 66,a3a4
13,Sargenybl,EulerE,1024,1014,1r6/8/2k5/8/K1b5/8/8/8 w - - 12 67,b1b8
13,Sargenybl,EulerE,1024,1014,1r6/8/2k5/8/2b5/K7/8/8 b - - 13 67,a4a3
13,Sargenybl,EulerE,1024,1014,1r6/8/8/2k5/2b5/K7/8/8 w - - 14 68,c6c5
13,Sargenybl,EulerE,1024,1014,1r6/8/8/2k5/K1b5/8/8/8 b - - 15 68,a3a4
13,Sargenybl,EulerE,1024,1014,1r6/8/8/2k5/K7/3b4/8/8 w - - 16 69,c4d3
13,Sargenybl,EulerE,1024,1014,1r6/8/8/2k5/8/K2b4/8/8 b - - 17 69,a4a3
13,Sargenybl,EulerE,1024,1014,1r6/8/8/8/2k5/K2b4/8/8 w - - 18 70,c5c4
13,Sargenybl,EulerE,1024,1014,1r6/8/8/8/2k5/3b4/K7/8 b - - 19 70,a3a2
13,Sargenybl,EulerE,1024,1014,1r6/8/8/8/8/2kb4/K7/8 w - - 20 71,c4c3
13,Sargenybl,EulerE,1024,1014,1r6/8/8/8/8/2kb4/8/K7 b - - 21 71,a2a1
13,Sargenybl,EulerE,1024,1014,1r6/8/8/8/8/3b4/2k5/K7 w - - 22 72,c3c2
14,EulerE,EnchantingJasmine,1023,1032,rnbqkbnr/pppppppp/8/8/3P4/8/PPP1PPPP/RNBQKBNR b KQkq - 0 1,d2d4
14,EulerE,EnchantingJasmine,1023,1032,rnbqkbnr/ppp1pppp/8/3p4/3P4/8/PPP1PPPP/RNBQKBNR w KQkq - 0 2,d7d5
14,EulerE,EnchantingJasmine,1023,1032,rnbqkbnr/ppp1pppp/8/3p4/2PP4/8/PP2PPPP/RNBQKBNR b KQkq - 0 2,c2c4
14,EulerE,EnchantingJasmine,1023,1032,rnbqkbnr/ppp1pppp/8/8/2pP4/8/PP2PPPP/RNBQKBNR w KQkq - 0 3,d5c4
14,EulerE,EnchantingJasmine,1023,1032,rnbqkbnr/ppp1pppp/8/8/2pPP3/8/PP3PPP/RNBQKBNR b KQkq - 0 3,e2e4
14,EulerE,EnchantingJasmine,1023,1032,rnbqkbnr/p1p1pppp/8/1p6/2pPP3/8/PP3PPP/RNBQKBNR w KQkq - 0 4,b7b5
14,EulerE,EnchantingJasmine,1023,1032,rnbqkbnr/p1p1pppp/8/1p6/P1pPP3/8/1P3PPP/RNBQKBNR b KQkq - 0 4,a2a4
14,EulerE,EnchantingJasmine,1023,1032,rnbqkbnr/p3pppp/2p5/1p6/P1pPP3/8/1P3PPP/RNBQKBNR w KQkq - 0 5,c7c6
14,EulerE,EnchantingJasmine,1023,1032,rnbqkbnr/p3pppp/2p5/1P6/2pPP3/8/1P3PPP/RNBQKBNR b KQkq - 0 5,a4b5
14,EulerE,EnchantingJasmine,1023,1032,rnbqkbnr/p3pppp/8/1p6/2pPP3/8/1P3PPP/RNBQKBNR w KQkq - 0 6,c6b5
14,EulerE,EnchantingJasmine,1023,1032,rnbqkbnr/p3pppp/8/1p6/2pPP3/2N5/1P3PPP/R1BQKBNR b KQkq - 1 6,b1c3
14,EulerE,EnchantingJasmine,1023,1032,rn1qkbnr/p2bpppp/8/1p6/2pPP3/2N5/1P3PPP/R1BQKBNR w KQkq - 2 7,c8d7
14,EulerE,EnchantingJasmine,1023,1032,rn1qkbnr/p2bpppp/8/1p6/2pPP3/2N2N2/1P3PPP/R1BQKB1R b KQkq - 3 7,g1f3
14,EulerE,EnchantingJasmine,1023,1032,rn1qkbnr/p3pppp/2b5/1p6/2pPP3/2N2N2/1P3PPP/R1BQKB1R w KQkq - 4 8,d7c6
14,EulerE,EnchantingJasmine,1023,1032,rn1qkbnr/p3pppp/2b5/1p6/2pPP3/2N2N2/1P2BPPP/R1BQK2R b KQkq - 5 8,f1e2
14,EulerE,EnchantingJasmine,1023,1032,r2qkbnr/p2npppp/2b5/1p6/2pPP3/2N2N2/1P2BPPP/R1BQK2R w KQkq - 6 9,b8d7
14,EulerE,EnchantingJasmine,1023,1032,r2qkbnr/p2npppp/2b5/1p6/2pPP3/2N2N2/1P2BPPP/R1BQ1RK1 b kq - 7 9,e1g1
14,EulerE,EnchantingJasmine,1023,1032,r3kbnr/p2npppp/1qb5/1p6/2pPP3/2N2N2/1P2BPPP/R1BQ1RK1 w kq - 8 10,d8b6
14,EulerE,EnchantingJasmine,1023,1032,r3kbnr/p2npppp/1qb5/1p1P4/2p1P3/2N2N2/1P2BPPP/R1BQ1RK1 b kq - 0 10,d4d5
14,EulerE,EnchantingJasmine,1023,1032,r3kbnr/pb1npppp/1q6/1p1P4/2p1P3/2N2N2/1P2BPPP/R1BQ1RK1 w kq - 1 11,c6b7
14,EulerE,EnchantingJasmine,1023,1032,r3kbnr/pb1npppp/1q6/1p1P4/2p1P3/2N1BN2/1P2BPPP/R2Q1RK1 b kq - 2 11,c1e3
14,EulerE,EnchantingJasmine,1023,1032,r3kbnr/pbqnpppp/8/1p1P4/2p1P3/2N1BN2/1P2BPPP/R2Q1RK1 w kq - 3 12,b6c7
14,EulerE,EnchantingJasmine,1023,1032,r3kbnr/pbqnpppp/8/1N1P4/2p1P3/4BN2/1P2BPPP/R2Q1RK1 b kq - 0 12,c3b5
14,EulerE,EnchantingJasmine,1023,1032,r3kbnr/pbqn1ppp/4p3/1N1P4/2p1P3/4BN2/1P2BPPP/R2Q1RK1 w kq - 0 13,e7e6
14,EulerE,EnchantingJasmine,1023,1032,r3kbnr/pbNn1ppp/4p3/3P4/2p1P3/4BN2/1P2BPPP/R2Q1RK1 b kq - 0 13,b5c7
15,EulerE,andimikh,1014,1007,rnbqkbnr/pppppppp/8/8/3P4/8/PPP1PPPP/RNBQKBNR b KQkq - 0 1,d2d4
15,EulerE,andimikh,1014,1007,rnbqkbnr/ppp1pppp/8/3p4/3P4/8/PPP1PPPP/RNBQKBNR w KQkq - 0 2,d7d5
15,EulerE,andimikh,1014,1007,rnbqkbnr/ppp1pppp/8/3p4/2PP4/8/PP2PPPP/RNBQKBNR b KQkq - 0 2,c2c4
15,EulerE,andimikh,1014,1007,rnbqkbnr/ppp2ppp/4p3/3p4/2PP4/8/PP2PPPP/RNBQKBNR w KQkq - 0 3,e7e6
15,EulerE,andimikh,1014,1007,rnbqkbnr/ppp2ppp/4p3/3p4/2PP4/5N2/PP2PPPP/RNBQKB1R b KQkq - 1 3,g1f3
15,EulerE,andimikh,1014,1007,rnbqk1nr/ppp2ppp/4p3/3p4/1bPP4/5N2/PP2PPPP/RNBQKB1R w KQkq - 2 4,f8b4
15,EulerE,andimikh,1014,1007,rnbqk1nr/ppp2ppp/4p3/3p4/1bPP4/5N2/PP1BPPPP/RN1QKB1R b KQkq - 3 4,c1d2
15,EulerE,andimikh,1014,1007,rnbqk1nr/ppp2ppp/4p3/3p4/2PP4/5N2/PP1bPPPP/RN1QKB1R w KQkq - 0 5,b4d2
15,EulerE,andimikh,1014,1007,rnbqk1nr/ppp2ppp/4p3/3p4/2PP4/5N2/PP1NPPPP/R2QKB1R b KQkq - 0 5,b1d2
15,EulerE,andimikh,1014,1007,rnbqk2r/ppp2ppp/4pn2/3p4/2PP4/5N2/PP1NPPPP/R2QKB1R w KQkq - 1 6,g8f6
15,EulerE,andimikh,1014,1007,rnbqk2r/ppp2ppp/4pn2/3p4/2PP4/5NP1/PP1NPP1P/R2QKB1R b KQkq - 0 6,g2g3
15,EulerE,andimikh,1014,1007,rnbq1rk1/ppp2ppp/4pn2/3p4/2PP4/5NP1/PP1NPP1P/R2QKB1R w KQ - 1 7,e8g8
15,EulerE,andimikh,1014,1007,rnbq1rk1/ppp2ppp/4pn2/3p4/2PP4/5NP1/PP1NPPBP/R2QK2R b KQ - 2 7,f1g2
15,EulerE,andimikh,1014,1007,rnbq1rk1/p1p2ppp/1p2pn2/3p4/2PP4/5NP1/PP1NPPBP/R2QK2R w KQ - 0 8,b7b6
15,EulerE,andimikh,1014,1007,rnbq1rk1/p1p2ppp/1p2pn2/3p4/2PP4/4PNP1/PP1N1PBP/R2QK2R b KQ - 0 8,e2e3
15,EulerE,andimikh,1014,1007,rn1q1rk1/p1p2ppp/bp2pn2/3p4/2PP4/4PNP1/PP1N1PBP/R2QK2R w KQ - 1 9,c8a6
15,EulerE,andimikh,1014,1007,rn1q1rk1/p1p2ppp/bp2pn2/3p4/2PP4/4PNP1/PP1N1PBP/R2Q1RK1 b - - 2 9,e1g1
15,EulerE,andimikh,1014,1007,rn1q1rk1/p1p2ppp/bp2p3/3p4/2PPn3/4PNP1/PP1N1PBP/R2Q1RK1 w - - 3 10,f6e4
15,EulerE,andimikh,1014,1007,rn1q1rk1/p1p2ppp/bp2p3/3p4/2PPN3/4PNP1/PP3PBP/R2Q1RK1 b - - 0 10,d2e4
15,EulerE,andimikh,1014,1007,rn1q1rk1/p1p2ppp/bp2p3/8/2PPp3/4PNP1/PP3PBP/R2Q1RK1 w - - 0 11,d5e4
15,EulerE,andimikh,1014,1007,rn1q1rk1/p1p2ppp/bp2p3/4N3/2PPp3/4P1P1/PP3PBP/R2Q1RK1 b - - 1 11,f3e5
15,EulerE,andimikh,1014,1007,rn1q1rk1/p1p3pp/bp2pp2/4N3/2PPp3/4P1P1/PP3PBP/R2Q1RK1 w - - 0 12,f7f6
15,EulerE,andimikh,1014,1007,rn1q1rk1/p1p3pp/bp2pp2/8/2PPp1N1/4P1P1/PP3PBP/R2Q1RK1 b - - 1 12,e5g4
15,EulerE,andimikh,1014,1007,rn1q1rk1/p1p3pp/1p2pp2/8/2bPp1N1/4P1P1/PP3PBP/R2Q1RK1 w - - 0 13,a6c4
15,EulerE,andimikh,1014,1007,rn1q1rk1/p1p3pp/1p2pp2/8/Q1bPp1N1/4P1P1/PP3PBP/R4RK1 b - - 1 13,d1a4
15,EulerE,andimikh,1014,1007,rn1q1rk1/p1p3pp/4pp2/1p6/Q1bPp1N1/4P1P1/PP3PBP/R4RK1 w - - 0 14,b6b5
15,EulerE,andimikh,1014,1007,rn1q1rk1/p1p3pp/4pp2/1p6/1QbPp1N1/4P1P1/PP3PBP/R4RK1 b - - 1 14,a4b4
15,EulerE,andimikh,1014,1007,rn1q1rk1/p1p3pp/4p3/1p3p2/1QbPp1N1/4P1P1/PP3PBP/R4RK1 w - - 0 15,f6f5
15,EulerE,andimikh,1014,1007,rn1q1rk1/p1p3pp/4p3/1p2Np2/1QbPp3/4P1P1/PP3PBP/R4RK1 b - - 1 15,g4e5
15,EulerE,andimikh,1014,1007,rn1q1rk1/p1p3pp/4p3/1p2Np2/1Q1Pp3/4P1P1/PP3PBP/R4bK1 w - - 0 16,c4f1
15,EulerE,andimikh,1014,1007,rn1q1rk1/p1p3pp/4p3/1p2Np2/1Q1Pp3/4P1P1/PP3PBP/5RK1 b - - 0 16,a1f1
15,EulerE,andimikh,1014,1007,rn1q1rk1/2p3pp/4p3/pp2Np2/1Q1Pp3/4P1P1/PP3PBP/5RK1 w - - 0 17,a7a5
15,EulerE,andimikh,1014,1007,rn1q1rk1/2p3pp/4p3/pQ2Np2/3Pp3/4P1P1/PP3PBP/5RK1 b - - 0 17,b4b5
15,EulerE,andimikh,1014,1007,rn1q1rk1/6pp/2p1p3/pQ2Np2/3Pp3/4P1P1/PP3PBP/5RK1 w - - 0 18,c7c6
15,EulerE,andimikh,1014,1007,rn1q1rk1/6pp/2p1p3/p3Np2/3Pp3/1Q2P1P1/PP3PBP/5RK1 b - - 1 18,b5b3
15,EulerE,andimikh,1014,1007,rn1q1rk1/6pp/2p1p3/4Np2/p2Pp3/1Q2P1P1/PP3PBP/5RK1 w - - 0 19,a5a4
15,EulerE,andimikh,1014,1007,rn1q1rk1/6pp/2p1Q3/4Np2/p2Pp3/4P1P1/PP3PBP/5RK1 b - - 0 19,b3e6
15,EulerE,andimikh,1014,1007,rn1q1r1k/6pp/2p1Q3/4Np2/p2Pp3/4P1P1/PP3PBP/5RK1 w - - 1 20,g8h8
15,EulerE,andimikh,1014,1007,rn1q1r1k/6pp/2p1Q3/4Np2/p2Pp3/4P1PB/PP3P1P/5RK1 b - - 2 20,g2h3
15,EulerE,andimikh,1014,1007,rn1q1r1k/7p/2p1Q1p1/4Np2/p2Pp3/4P1PB/PP3P1P/5RK1 w - - 0 21,g7g6
15,EulerE,andimikh,1014,1007,rn1q1r1k/7p/2p1Q1N1/5p2/p2Pp3/4P1PB/PP3P1P/5RK1 b - - 0 21,e5g6
15,EulerE,andimikh,1014,1007,rn1q1r1k/8/2p1Q1p1/5p2/p2Pp3/4P1PB/PP3P1P/5RK1 w - - 0 22,h7g6
15,EulerE,andimikh,1014,1007,rn1q1r1k/8/2p3Q1/5p2/p2Pp3/4P1PB/PP3P1P/5RK1 b - - 0 22,e6g6
15,EulerE,andimikh,1014,1007,rn3r1k/8/2p2qQ1/5p2/p2Pp3/4P1PB/PP3P1P/5RK1 w - - 1 23,d8f6
15,EulerE,andimikh,1014,1007,rn3r1k/8/2p2q2/5p1Q/p2Pp3/4P1PB/PP3P1P/5RK1 b - - 2 23,g6h5
15,EulerE,andimikh,1014,1007,rn3rk1/8/2p2q2/5p1Q/p2Pp3/4P1PB/PP3P1P/5RK1 w - - 3 24,h8g8
15,EulerE,andimikh,1014,1007,rn3rk1/8/2p2q2/5p1Q/p2PpP2/4P1PB/PP5P/5RK1 b - f3 0 24,f2f4
15,EulerE,andimikh,1014,1007,1n3rk1/r7/2p2q2/5p1Q/p2PpP2/4P1PB/PP5P/5RK1 w - - 1 25,a8a7
15,EulerE,andimikh,1014,1007,1n3rk1/r7/2p2q2/5p1Q/p2PpP2/4P1PB/PP3R1P/6K1 b - - 2 25,f1f2
15,EulerE,andimikh,1014,1007,1n3rk1/7r/2p2q2/5p1Q/p2PpP2/4P1PB/PP3R1P/6K1 w - - 3 26,a7h7
15,EulerE,andimikh,1014,1007,1n3rk1/7r/2p2q2/5pQ1/p2PpP2/4P1PB/PP3R1P/6K1 b - - 4 26,h5g5
16,WeAreOneWhole,EulerE,1018,1006,rnbqkbnr/pppppppp/8/8/4P3/8/PPPP1PPP/RNBQKBNR b KQkq - 0 1,e2e4
16,WeAreOneWhole,EulerE,1018,1006,rnbqkbnr/pppp1ppp/8/4p3/4P3/8/PPPP1PPP/RNBQKBNR w KQkq - 0 2,e7e5
16,WeAreOneWhole,EulerE,1018,1006,rnbqkbnr/pppp1ppp/8/4p3/4P3/3P4/PPP2PPP/RNBQKBNR b KQkq - 0 2,d2d3
16,WeAreOneWhole,EulerE,1018,1006,r1bqkbnr/pppp1ppp/2n5/4p3/4P3/3P4/PPP2PPP/RNBQKBNR w KQkq - 1 3,b8c6
16,WeAreOneWhole,EulerE,1018,1006,r1bqkbnr/pppp1ppp/2n5/4p3/4P3/2NP4/PPP2PPP/R1BQKBNR b KQkq - 2 3,b1c3
16,WeAreOneWhole,EulerE,1018,1006,r1bqkb1r/pppp1ppp/2n2n2/4p3/4P3/2NP4/PPP2PPP/R1BQKBNR w KQkq - 3 4,g8f6
16,WeAreOneWhole,EulerE,1018,1006,r1bqkb1r/pppp1ppp/2n2n2/4p3/4PP2/2NP4/PPP3PP/R1BQKBNR b KQkq - 0 4,f2f4
16,WeAreOneWhole,EulerE,1018,1006,r1bqkb1r/pppp1ppp/2n2n2/8/4Pp2/2NP4/PPP3PP/R1BQKBNR w KQkq - 0 5,e5f4
16,WeAreOneWhole,EulerE,1018,1006,r1bqkb1r/pppp1ppp/2n2n2/8/4PB2/2NP4/PPP3PP/R2QKBNR b KQkq - 0 5,c1f4
16,WeAreOneWhole,EulerE,1018,1006,r1bqkb1r/pppp1p1p/2n2np1/8/4PB2/2NP4/PPP3PP/R2QKBNR w KQkq - 0 6,g7g6
16,WeAreOneWhole,EulerE,1018,1006,r1bqkb1r/pppp1p1p/2n2np1/8/4PB2/2NP4/PPP1B1PP/R2QK1NR b KQkq - 1 6,f1e2
16,WeAreOneWhole,EulerE,1018,1006,r1bqk2r/pppp1pbp/2n2np1/8/4PB2/2NP4/PPP1B1PP/R2QK1NR w KQkq - 2 7,f8g7
16,WeAreOneWhole,EulerE,1018,1006,r1bqk2r/pppp1pbp/2n2np1/8/4PB2/2NP4/PPPQB1PP/R3K1NR b KQkq - 3 7,d1d2
16,WeAreOneWhole,EulerE,1018,1006,r1bqk2r/ppp2pbp/2np1np1/8/4PB2/2NP4/PPPQB1PP/R3K1NR w KQkq - 0 8,d7d6
16,WeAreOneWhole,EulerE,1018,1006,r1bqk2r/ppp2pbp/2np1npB/8/4P3/2NP4/PPPQB1PP/R3K1NR b KQkq - 1 8,f4h6
16,WeAreOneWhole,EulerE,1018,1006,r1bq1rk1/ppp2pbp/2np1npB/8/4P3/2NP4/PPPQB1PP/R3K1NR w KQ - 2 9,e8g8
16,WeAreOneWhole,EulerE,1018,1006,r1bq1rk1/ppp2pbp/2np1npB/8/4P2P/2NP4/PPPQB1P1/R3K1NR b KQ - 0 9,h2h4
16,WeAreOneWhole,EulerE,1018,1006,r1bq1rk1/ppp2pbp/2np2pB/8/4P1nP/2NP4/PPPQB1P1/R3K1NR w KQ - 1 10,f6g4
16,WeAreOneWhole,EulerE,1018,1006,r1bq1rk1/ppp2pbp/2np2pB/8/4P1BP/2NP4/PPPQ2P1/R3K1NR b KQ - 0 10,e2g4
16,WeAreOneWhole,EulerE,1018,1006,r2q1rk1/ppp2pbp/2np2pB/8/4P1bP/2NP4/PPPQ2P1/R3K1NR w KQ - 0 11,c8g4
16,WeAreOneWhole,EulerE,1018,1006,r2q1rk1/ppp2pbp/2np2pB/8/4P1bP/2NP1N2/PPPQ2P1/R3K2R b KQ - 1 11,g1f3
16,WeAreOneWhole,EulerE,1018,1006,r4rk1/ppp2pbp/2np1qpB/8/4P1bP/2NP1N2/PPPQ2P1/R3K2R w KQ - 2 12,d8f6
16,WeAreOneWhole,EulerE,1018,1006,r4rk1/ppp2pbp/2np1qp1/6B1/4P1bP/2NP1N2/PPPQ2P1/R3K2R b KQ - 3 12,h6g5
16,WeAreOneWhole,EulerE,1018,1006,r4rk1/ppp2pbp/2npq1p1/6B1/4P1bP/2NP1N2/PPPQ2P1/R3K2R w KQ - 4 13,f6e6
16,WeAreOneWhole,EulerE,1018,1006,r4rk1/ppp2pbp/2npq1p1/3N2B1/4P1bP/3P1N2/PPPQ2P1/R3K2R b KQ - 5 13,c3d5
16,WeAreOneWhole,EulerE,1018,1006,r4rk1/pppq1pbp/2np2p1/3N2B1/4P1bP/3P1N2/PPPQ2P1/R3K2R w KQ - 6 14,e6d7
16,WeAreOneWhole,EulerE,1018,1006,r4rk1/pppq1pbp/2np2pB/3N4/4P1bP/3P1N2/PPPQ2P1/R3K2R b KQ - 7 14,g5h6
16,WeAreOneWhole,EulerE,1018,1006,r4rk1/pppq1pbp/2np2pB/3N4/4P2P/3P1b2/PPPQ2P1/R3K2R w KQ - 0 15,g4f3
16,WeAreOneWhole,EulerE,1018,1006,r4rk1/pppq1pbp/2np2pB/3N4/4P2P/3P1P2/PPPQ4/R3K2R b KQ - 0 15,g2f3
16,WeAreOneWhole,EulerE,1018,1006,r4rk1/ppp2pbp/2npq1pB/3N4/4P2P/3P1P2/PPPQ4/R3K2R w KQ - 1 16,d7e6
16,WeAreOneWhole,EulerE,1018,1006,r4rk1/ppN2pbp/2npq1pB/8/4P2P/3P1P2/PPPQ4/R3K2R b KQ - 0 16,d5c7
17,EulerE,YaserAlanbaki,1013,967,rnbqkbnr/pppppppp/8/8/3P4/8/PPP1PPPP/RNBQKBNR b KQkq - 0 1,d2d4
17,EulerE,YaserAlanbaki,1013,967,rnbqkbnr/ppp1pppp/8/3p4/3P4/8/PPP1PPPP/RNBQKBNR w KQkq - 0 2,d7d5
17,EulerE,YaserAlanbaki,1013,967,rnbqkbnr/ppp1pppp/8/3p4/2PP4/8/PP2PPPP/RNBQKBNR b KQkq - 0 2,c2c4
17,EulerE,YaserAlanbaki,1013,967,rn1qkbnr/ppp1pppp/8/3p4/2PP2b1/8/PP2PPPP/RNBQKBNR w KQkq - 1 3,c8g4
17,EulerE,YaserAlanbaki,1013,967,rn1qkbnr/ppp1pppp/8/3p4/2PP2b1/5P2/PP2P1PP/RNBQKBNR b KQkq - 0 3,f2f3
17,EulerE,YaserAlanbaki,1013,967,rn1qkbnr/ppp1pppp/8/3p3b/2PP4/5P2/PP2P1PP/RNBQKBNR w KQkq - 1 4,g4h5
17,EulerE,YaserAlanbaki,1013,967,rn1qkbnr/ppp1pppp/8/3p3b/2PP2P1/5P2/PP2P2P/RNBQKBNR b KQkq - 0 4,g2g4
17,EulerE,YaserAlanbaki,1013,967,rn1qkbnr/ppp1pppp/6b1/3p4/2PP2P1/5P2/PP2P2P/RNBQKBNR w KQkq - 1 5,h5g6
17,EulerE,YaserAlanbaki,1013,967,rn1qkbnr/ppp1pppp/6b1/3p4/2PP2P1/5P2/PP2P1BP/RNBQK1NR b KQkq - 2 5,f1g2
17,EulerE,YaserAlanbaki,1013,967,rn1qkb1r/ppp1pppp/5nb1/3p4/2PP2P1/5P2/PP2P1BP/RNBQK1NR w KQkq - 3 6,g8f6
17,EulerE,YaserAlanbaki,1013,967,rn1qkb1r/ppp1pppp/5nb1/3p4/2PP1BP1/5P2/PP2P1BP/RN1QK1NR b KQkq - 4 6,c1f4
17,EulerE,YaserAlanbaki,1013,967,rn1qkb1r/ppp2ppp/4pnb1/3p4/2PP1BP1/5P2/PP2P1BP/RN1QK1NR w KQkq - 0 7,e7e6
17,EulerE,YaserAlanbaki,1013,967,rn1qkb1r/ppp2ppp/4pnb1/3p4/2PP1BP1/2N2P2/PP2P1BP/R2QK1NR b KQkq - 1 7,b1c3
17,EulerE,YaserAlanbaki,1013,967,rn1qk2r/ppp2ppp/3bpnb1/3p4/2PP1BP1/2N2P2/PP2P1BP/R2QK1NR w KQkq - 2 8,f8d6
17,EulerE,YaserAlanbaki,1013,967,rn1qk2r/ppp2ppp/3Bpnb1/3p4/2PP2P1/2N2P2/PP2P1BP/R2QK1NR b KQkq - 0 8,f4d6
17,EulerE,YaserAlanbaki,1013,967,rn2k2r/ppp2ppp/3qpnb1/3p4/2PP2P1/2N2P2/PP2P1BP/R2QK1NR w KQkq - 0 9,d8d6
17,EulerE,YaserAlanbaki,1013,967,rn2k2r/ppp2ppp/3qpnb1/2Pp4/3P2P1/2N2P2/PP2P1BP/R2QK1NR b KQkq - 0 9,c4c5
17,EulerE,YaserAlanbaki,1013,967,rn2k2r/ppp2ppp/4pnb1/2Pp4/3P1qP1/2N2P2/PP2P1BP/R2QK1NR w KQkq - 1 10,d6f4
17,EulerE,YaserAlanbaki,1013,967,rn2k2r/ppp2ppp/4pnb1/2Pp4/3P1qP1/2N2P1N/PP2P1BP/R2QK2R b KQkq - 2 10,g1h3
17,EulerE,YaserAlanbaki,1013,967,rn2k2r/ppp2ppp/4pnbq/2Pp4/3P2P1/2N2P1N/PP2P1BP/R2QK2R w KQkq - 3 11,f4h6
17,EulerE,YaserAlanbaki,1013,967,rn2k2r/ppp2ppp/4pnbq/2Pp2P1/3P4/2N2P1N/PP2P1BP/R2QK2R b KQkq - 0 11,g4g5
17,EulerE,YaserAlanbaki,1013,967,rn2k2r/ppp2ppp/4pnb1/2Pp2P1/3P3q/2N2P1N/PP2P1BP/R2QK2R w KQkq - 1 12,h6h4
17,EulerE,YaserAlanbaki,1013,967,rn2k2r/ppp2ppp/4pnb1/2Pp2P1/3P3q/2N2P1N/PP1KP1BP/R2Q3R b kq - 2 12,e1d2
17,EulerE,YaserAlanbaki,1013,967,rn2k2r/ppp2ppp/4pnb1/2Pp2P1/3q4/2N2P1N/PP1KP1BP/R2Q3R w kq - 0 13,h4d4
17,EulerE,YaserAlanbaki,1013,967,rn2k2r/ppp2ppp/4pnb1/2Pp2P1/3q4/2N2P1N/PP2P1BP/R2QK2R b kq - 1 13,d2e1
17,EulerE,YaserAlanbaki,1013,967,rn2k2r/ppp2ppp/4pnb1/2Pp2P1/8/2N2P1N/PP2P1BP/R2qK2R w kq - 0 14,d4d1
17,EulerE,YaserAlanbaki,1013,967,rn2k2r/ppp2ppp/4pnb1/2Pp2P1/8/2N2P1N/PP2P1BP/3RK2R b kq - 0 14,a1d1
17,EulerE,YaserAlanbaki,1013,967,rn2k2r/pppn1ppp/4p1b1/2Pp2P1/8/2N2P1N/PP2P1BP/3RK2R w kq - 1 15,f6d7
17,EulerE,YaserAlanbaki,1013,967,rn2k2r/pppn1ppp/4p1b1/2Pp2P1/4P3/2N2P1N/PP4BP/3RK2R b kq - 0 15,e2e4
17,EulerE,YaserAlanbaki,1013,967,rn2k2r/ppp2ppp/4p1b1/2np2P1/4P3/2N2P1N/PP4BP/3RK2R w kq - 0 16,d7c5
17,EulerE,YaserAlanbaki,1013,967,rn2k2r/ppp2ppp/4p1b1/2nP2P1/8/2N2P1N/PP4BP/3RK2R b kq - 0 16,e4d5
17,EulerE,YaserAlanbaki,1013,967,rn2k2r/ppp2ppp/6b1/2np2P1/8/2N2P1N/PP4BP/3RK2R w kq - 0 17,e6d5
17,EulerE,YaserAlanbaki,1013,967,rn2k2r/ppp2ppp/6b1/2np2P1/8/2N2P1N/PP3KBP/3R3R b kq - 1 17,e1f2
17,EulerE,YaserAlanbaki,1013,967,rn3rk1/ppp2ppp/6b1/2np2P1/8/2N2P1N/PP3KBP/3R3R w - - 2 18,e8g8
17,EulerE,YaserAlanbaki,1013,967,rn3rk1/ppp2ppp/6b1/2np2P1/8/2N2P1N/PP3KBP/3RR3 b - - 3 18,h1e1
17,EulerE,YaserAlanbaki,1013,967,rn3rk1/pp3ppp/2p3b1/2np2P1/8/2N2P1N/PP3KBP/3RR3 w - - 0 19,c7c6
17,EulerE,YaserAlanbaki,1013,967,rn3rk1/pp3ppp/2p3b1/2np2P1/5N2/2N2P2/PP3KBP/3RR3 b - - 1 19,h3f4
17,EulerE,YaserAlanbaki,1013,967,rn3rk1/pp3ppp/2p5/2np2P1/5N2/2N2P2/PPb2KBP/3RR3 w - - 2 20,g6c2
17,EulerE,YaserAlanbaki,1013,967,rn3rk1/pp3ppp/2p5/2np2P1/5N2/2N2P2/PPb2KBP/2R1R3 b - - 3 20,d1c1
17,EulerE,YaserAlanbaki,1013,967,rn3rk1/pp3ppp/2p5/2np2P1/b4N2/2N2P2/PP3KBP/2R1R3 w - - 4 21,c2a4
17,EulerE,YaserAlanbaki,1013,967,rn3rk1/pp3ppp/2p5/2np2P1/b4N2/1PN2P2/P4KBP/2R1R3 b - - 0 21,b2b3
17,EulerE,YaserAlanbaki,1013,967,rn3rk1/pp3ppp/2p5/1bnp2P1/5N2/1PN2P2/P4KBP/2R1R3 w - - 1 22,a4b5
17,EulerE,YaserAlanbaki,1013,967,rn3rk1/pp3ppp/2p5/1Nnp2P1/5N2/1P3P2/P4KBP/2R1R3 b - - 0 22,c3b5
17,EulerE,YaserAlanbaki,1013,967,rn3rk1/pp4pp/2p2p2/1Nnp2P1/5N2/1P3P2/P4KBP/2R1R3 w - - 0 23,f7f6
17,EulerE,YaserAlanbaki,1013,967,rn3rk1/pp4pp/2p2p2/1NRp2P1/5N2/1P3P2/P4KBP/4R3 b - - 0 23,c1c5
17,EulerE,YaserAlanbaki,1013,967,rn3rk1/pp4pp/2p5/1NRp2p1/5N2/1P3P2/P4KBP/4R3 w - - 0 24,f6g5
17,EulerE,YaserAlanbaki,1013,967,rn3rk1/pp4pp/2p5/1NRp2p1/8/1P3P2/P3NKBP/4R3 b - - 1 24,f4e2
17,EulerE,YaserAlanbaki,1013,967,r4rk1/pp1n2pp/2p5/1NRp2p1/8/1P3P2/P3NKBP/4R3 w - - 2 25,b8d7
17,EulerE,YaserAlanbaki,1013,967,r4rk1/pp1n2pp/2p5/1N1p2p1/8/1P3P2/P1R1NKBP/4R3 b - - 3 25,c5c2
17,EulerE,YaserAlanbaki,1013,967,r4rk1/pp4pp/2p5/1N1pn1p1/8/1P3P2/P1R1NKBP/4R3 w - - 4 26,d7e5
17,EulerE,YaserAlanbaki,1013,967,r4rk1/pp4pp/2p5/1N1pn1p1/3N4/1P3P2/P1R2KBP/4R3 b - - 5 26,e2d4
17,EulerE,YaserAlanbaki,1013,967,r4rk1/pp4pp/2p5/1N1p2p1/3N4/1P1n1P2/P1R2KBP/4R3 w - - 6 27,e5d3
17,EulerE,YaserAlanbaki,1013,967,r4rk1/pp4pp/2p5/1N1p2p1/3N4/1P1n1P2/P1R3BP/4RK2 b - - 7 27,f2f1
17,EulerE,YaserAlanbaki,1013,967,r4rk1/pp4pp/2p5/1N1p2p1/3N4/1P3P2/P1R3BP/4nK2 w - - 0 28,d3e1
17,EulerE,YaserAlanbaki,1013,967,r4rk1/pp4pp/2p5/1N1p2p1/3N4/1P3P2/P1R3BP/4K3 b - - 0 28,f1e1
17,EulerE,YaserAlanbaki,1013,967,4rrk1/pp4pp/2p5/1N1p2p1/3N4/1P3P2/P1R3BP/4K3 w - - 1 29,a8e8
17,EulerE,YaserAlanbaki,1013,967,4rrk1/pp4pp/2p5/1N1p2p1/3N4/1P3P2/P3R1BP/4K3 b - - 2 29,c2e2
17,EulerE,YaserAlanbaki,1013,967,5rk1/pp4pp/2p5/1N1p2p1/3N4/1P3P2/P3r1BP/4K3 w - - 0 30,e8e2
17,EulerE,YaserAlanbaki,1013,967,5rk1/pp4pp/2p5/1N1p2p1/3N4/1P3P2/P3K1BP/8 b - - 0 30,e1e2
17,EulerE,YaserAlanbaki,1013,967,5rk1/pp4pp/8/1p1p2p1/3N4/1P3P2/P3K1BP/8 w - - 0 31,c6b5
17,EulerE,YaserAlanbaki,1013,967,5rk1/pp4pp/8/1p1p2p1/3N4/1P3P2/P4KBP/8 b - - 1 31,e2f2
17,EulerE,YaserAlanbaki,1013,967,5rk1/1p4pp/p7/1p1p2p1/3N4/1P3P2/P4KBP/8 w - - 0 32,a7a6
17,EulerE,YaserAlanbaki,1013,967,5rk1/1p4pp/p7/1p1p2p1/3N4/1P3P1B/P4K1P/8 b - - 1 32,g2h3
17,EulerE,YaserAlanbaki,1013,967,5rk1/1p4p1/p6p/1p1p2p1/3N4/1P3P1B/P4K1P/8 w - - 0 33,h7h6
17,EulerE,YaserAlanbaki,1013,967,5rk1/1p4p1/p3B2p/1p1p2p1/3N4/1P3P2/P4K1P/8 b - - 1 33,h3e6
17,EulerE,YaserAlanbaki,1013,967,5r1k/1p4p1/p3B2p/1p1p2p1/3N4/1P3P2/P4K1P/8 w - - 2 34,g8h8
17,EulerE,YaserAlanbaki,1013,967,5r1k/1p4p1/p6p/1p1B2p1/3N4/1P3P2/P4K1P/8 b - - 0 34,e6d5
17,EulerE,YaserAlanbaki,1013,967,3r3k/1p4p1/p6p/1p1B2p1/3N4/1P3P2/P4K1P/8 w - - 1 35,f8d8
17,EulerE,YaserAlanbaki,1013,967,3r3k/1B4p1/p6p/1p4p1/3N4/1P3P2/P4K1P/8 b - - 0 35,d5b7
18,davidjohnson600,EulerE,1002,1021,rnbqkbnr/pppppppp/8/8/4P3/8/PPPP1PPP/RNBQKBNR b KQkq - 0 1,e2e4
18,davidjohnson600,EulerE,1002,1021,rnbqkbnr/pppp1ppp/8/4p3/4P3/8/PPPP1PPP/RNBQKBNR w KQkq - 0 2,e7e5
18,davidjohnson600,EulerE,1002,1021,rnbqkbnr/pppp1ppp/8/4p3/4P3/5N2/PPPP1PPP/RNBQKB1R b KQkq - 1 2,g1f3
18,davidjohnson600,EulerE,1002,1021,r1bqkbnr/pppp1ppp/2n5/4p3/4P3/5N2/PPPP1PPP/RNBQKB1R w KQkq - 2 3,b8c6
18,davidjohnson600,EulerE,1002,1021,r1bqkbnr/pppp1ppp/2n5/4p3/3PP3/5N2/PPP2PPP/RNBQKB1R b KQkq - 0 3,d2d4
18,davidjohnson600,EulerE,1002,1021,r1bqkbnr/pppp1ppp/2n5/8/3pP3/5N2/PPP2PPP/RNBQKB1R w KQkq - 0 4,e5d4
18,davidjohnson600,EulerE,1002,1021,r1bqkbnr/pppp1ppp/2n5/8/3NP3/8/PPP2PPP/RNBQKB1R b KQkq - 0 4,f3d4
18,davidjohnson600,EulerE,1002,1021,r1bqk1nr/pppp1ppp/2n5/2b5/3NP3/8/PPP2PPP/RNBQKB1R w KQkq - 1 5,f8c5
18,davidjohnson600,EulerE,1002,1021,r1bqk1nr/pppp1ppp/2n5/2b5/3NP3/4B3/PPP2PPP/RN1QKB1R b KQkq - 2 5,c1e3
18,davidjohnson600,EulerE,1002,1021,r1bqk1nr/pppp1ppp/1bn5/8/3NP3/4B3/PPP2PPP/RN1QKB1R w KQkq - 3 6,c5b6
18,davidjohnson600,EulerE,1002,1021,r1bqk1nr/pppp1ppp/1bn5/8/3NP1Q1/4B3/PPP2PPP/RN2KB1R b KQkq - 4 6,d1g4
18,davidjohnson600,EulerE,1002,1021,r1bqk1nr/pppp1ppp/2n5/8/3bP1Q1/4B3/PPP2PPP/RN2KB1R w KQkq - 0 7,b6d4
18,davidjohnson600,EulerE,1002,1021,r1bqk1nr/pppp1ppp/2n5/8/3BP1Q1/8/PPP2PPP/RN2KB1R b KQkq - 0 7,e3d4
18,davidjohnson600,EulerE,1002,1021,r1bqk1nr/pppp1ppp/8/8/3nP1Q1/8/PPP2PPP/RN2KB1R w KQkq - 0 8,c6d4
18,davidjohnson600,EulerE,1002,1021,r1bqk1nr/pppp1pQp/8/8/3nP3/8/PPP2PPP/RN2KB1R b KQkq - 0 8,g4g7
18,davidjohnson600,EulerE,1002,1021,r1b1k1nr/pppp1pQp/5q2/8/3nP3/8/PPP2PPP/RN2KB1R w KQkq - 1 9,d8f6
18,davidjohnson600,EulerE,1002,1021,r1b1k1nr/pppp1p1p/5Q2/8/3nP3/8/PPP2PPP/RN2KB1R b KQkq - 0 9,g7f6
18,davidjohnson600,EulerE,1002,1021,r1b1k2r/pppp1p1p/5n2/8/3nP3/8/PPP2PPP/RN2KB1R w KQkq - 0 10,g8f6
18,davidjohnson600,EulerE,1002,1021,r1b1k2r/pppp1p1p/5n2/4P3/3n4/8/PPP2PPP/RN2KB1R b KQkq - 0 10,e4e5
18,davidjohnson600,EulerE,1002,1021,r1b1k2r/pppp1p1p/8/3nP3/3n4/8/PPP2PPP/RN2KB1R w KQkq - 1 11,f6d5
18,davidjohnson600,EulerE,1002,1021,r1b1k2r/pppp1p1p/8/3nP3/3n4/3B4/PPP2PPP/RN2K2R b KQkq - 2 11,f1d3
18,davidjohnson600,EulerE,1002,1021,r1b1k2r/pppp1p1p/8/4P3/3n1n2/3B4/PPP2PPP/RN2K2R w KQkq - 3 12,d5f4
18,davidjohnson600,EulerE,1002,1021,r1b1k2r/pppp1p1p/8/4P3/3n1n2/3B4/PPP2PPP/RN3RK1 b kq - 4 12,e1g1
18,davidjohnson600,EulerE,1002,1021,r1b1k2r/pppp1p1p/8/4P3/3n4/3n4/PPP2PPP/RN3RK1 w kq - 0 13,f4d3
18,davidjohnson600,EulerE,1002,1021,r1b1k2r/pppp1p1p/8/4P3/3n4/3P4/PP3PPP/RN3RK1 b kq - 0 13,c2d3
18,davidjohnson600,EulerE,1002,1021,r1b1k2r/pppp1p1p/8/4P3/8/3P4/PPn2PPP/RN3RK1 w kq - 1 14,d4c2
19,EulerE,ixawgaming18,1030,1036,rnbqkbnr/pppppppp/8/8/3P4/8/PPP1PPPP/RNBQKBNR b KQkq - 0 1,d2d4
19,EulerE,ixawgaming18,1030,1036,rnbqkbnr/ppp1pppp/8/3p4/3P4/8/PPP1PPPP/RNBQKBNR w KQkq - 0 2,d7d5
19,EulerE,ixawgaming18,1030,1036,rnbqkbnr/ppp1pppp/8/3p4/2PP4/8/PP2PPPP/RNBQKBNR b KQkq - 0 2,c2c4
19,EulerE,ixawgaming18,1030,1036,r1bqkbnr/ppp1pppp/2n5/3p4/2PP4/8/PP2PPPP/RNBQKBNR w KQkq - 1 3,b8c6
19,EulerE,ixawgaming18,1030,1036,r1bqkbnr/ppp1pppp/2n5/3p4/2PP4/5N2/PP2PPPP/RNBQKB1R b KQkq - 2 3,g1f3
19,EulerE,ixawgaming18,1030,1036,r1bqkbnr/ppp2ppp/2n1p3/3p4/2PP4/5N2/PP2PPPP/RNBQKB1R w KQkq - 0 4,e7e6
19,EulerE,ixawgaming18,1030,1036,r1bqkbnr/ppp2ppp/2n1p3/3p4/2PP4/2N2N2/PP2PPPP/R1BQKB1R b KQkq - 1 4,b1c3
19,EulerE,ixawgaming18,1030,1036,r1bqk1nr/ppp2ppp/2n1p3/3p4/1bPP4/2N2N2/PP2PPPP/R1BQKB1R w KQkq - 2 5,f8b4
19,EulerE,ixawgaming18,1030,1036,r1bqk1nr/ppp2ppp/2n1p3/3p4/1bPP4/2N2N2/PP1BPPPP/R2QKB1R b KQkq - 3 5,c1d2
19,EulerE,ixawgaming18,1030,1036,r1bqk1nr/ppp2ppp/2n1p3/8/1bpP4/2N2N2/PP1BPPPP/R2QKB1R w KQkq - 0 6,d5c4
19,EulerE,ixawgaming18,1030,1036,r1bqk1nr/ppp2ppp/2n1p3/8/1bpP4/P1N2N2/1P1BPPPP/R2QKB1R b KQkq - 0 6,a2a3
19,EulerE,ixawgaming18,1030,1036,r1bqk1nr/ppp2ppp/2n1p3/b7/2pP4/P1N2N2/1P1BPPPP/R2QKB1R w KQkq - 1 7,b4a5
19,EulerE,ixawgaming18,1030,1036,r1bqk1nr/ppp2ppp/2n1p3/b7/2pPP3/P1N2N2/1P1B1PPP/R2QKB1R b KQkq - 0 7,e2e4
19,EulerE,ixawgaming18,1030,1036,r1bqk1nr/ppp2ppp/4p3/b7/2pnP3/P1N2N2/1P1B1PPP/R2QKB1R w KQkq - 0 8,c6d4
19,EulerE,ixawgaming18,1030,1036,r1bqk1nr/ppp2ppp/4p3/b7/2pNP3/P1N5/1P1B1PPP/R2QKB1R b KQkq - 0 8,f3d4
19,EulerE,ixawgaming18,1030,1036,r1b1k1nr/ppp2ppp/4p3/b7/2pqP3/P1N5/1P1B1PPP/R2QKB1R w KQkq - 0 9,d8d4
19,EulerE,ixawgaming18,1030,1036,r1b1k1nr/ppp2ppp/4p3/b7/2pqP3/P1N5/1P1BBPPP/R2QK2R b KQkq - 1 9,f1e2
19,EulerE,ixawgaming18,1030,1036,r1b1k1nr/ppp2ppp/4p3/8/2pqP3/P1b5/1P1BBPPP/R2QK2R w KQkq - 0 10,a5c3
19,EulerE,ixawgaming18,1030,1036,r1b1k1nr/ppp2ppp/4p3/8/2pqP3/P1B5/1P2BPPP/R2QK2R b KQkq - 0 10,d2c3
19,EulerE,ixawgaming18,1030,1036,r1b1k1nr/ppp2ppp/4p3/8/2p1q3/P1B5/1P2BPPP/R2QK2R w KQkq - 0 11,d4e4
19,EulerE,ixawgaming18,1030,1036,r1b1k1nr/ppp2ppp/4p3/8/2p1q3/P1B5/1P2BPPP/R2Q1RK1 b kq - 1 11,e1g1
19,EulerE,ixawgaming18,1030,1036,r3k1nr/pppb1ppp/4p3/8/2p1q3/P1B5/1P2BPPP/R2Q1RK1 w kq - 2 12,c8d7
19,EulerE,ixawgaming18,1030,1036,r3k1nr/pppb1ppp/4p3/8/2p1q3/P1B2B2/1P3PPP/R2Q1RK1 b kq - 3 12,e2f3
19,EulerE,ixawgaming18,1030,1036,r3k1nr/pppb1ppp/4p1q1/8/2p5/P1B2B2/1P3PPP/R2Q1RK1 w kq - 4 13,e4g6
19,EulerE,ixawgaming18,1030,1036,r3k1nr/pppb1ppp/4p1q1/8/2p5/P1B2B2/1P3PPP/R2QR1K1 b kq - 5 13,f1e1
19,EulerE,ixawgaming18,1030,1036,2kr2nr/pppb1ppp/4p1q1/8/2p5/P1B2B2/1P3PPP/R2QR1K1 w - - 6 14,e8c8
19,EulerE,ixawgaming18,1030,1036,2kr2nr/pppb1ppp/4p1q1/8/2p1B3/P1B5/1P3PPP/R2QR1K1 b - - 7 14,f3e4
19,EulerE,ixawgaming18,1030,1036,2kr2nr/pppb2pp/4p1q1/5p2/2p1B3/P1B5/1P3PPP/R2QR1K1 w - - 0 15,f7f5
19,EulerE,ixawgaming18,1030,1036,2kr2nr/pppb2pp/4p1q1/5p2/2p5/P1B2B2/1P3PPP/R2QR1K1 b - - 1 15,e4f3
19,EulerE,ixawgaming18,1030,1036,2kr3r/pppb2pp/4pnq1/5p2/2p5/P1B2B2/1P3PPP/R2QR1K1 w - - 2 16,g8f6
19,EulerE,ixawgaming18,1030,1036,2kr3r/pppb2pp/4pBq1/5p2/2p5/P4B2/1P3PPP/R2QR1K1 b - - 0 16,c3f6
19,EulerE,ixawgaming18,1030,1036,2kr3r/pppb3p/4ppq1/5p2/2p5/P4B2/1P3PPP/R2QR1K1 w - - 0 17,g7f6
19,EulerE,ixawgaming18,1030,1036,2kr3r/pppb3p/4ppq1/5p2/2p5/P4B2/1PQ2PPP/R3R1K1 b - - 1 17,d1c2
19,EulerE,ixawgaming18,1030,1036,2kr2r1/pppb3p/4ppq1/5p2/2p5/P4B2/1PQ2PPP/R3R1K1 w - - 2 18,h8g8
19,EulerE,ixawgaming18,1030,1036,2kr2r1/pppb3p/4ppq1/5p2/2p5/P4B2/1PQ2PPP/3RR1K1 b - - 3 18,a1d1
19,EulerE,ixawgaming18,1030,1036,2kr2r1/pppb3p/5pq1/4pp2/2p5/P4B2/1PQ2PPP/3RR1K1 w - - 0 19,e6e5
19,EulerE,ixawgaming18,1030,1036,2kr2r1/pppb3p/5pq1/4pp2/2p5/P4BP1/1PQ2P1P/3RR1K1 b - - 0 19,g2g3
19,EulerE,ixawgaming18,1030,1036,2kr2r1/pppb3p/5pq1/5p2/2p1p3/P4BP1/1PQ2P1P/3RR1K1 w - - 0 20,e5e4
19,EulerE,ixawgaming18,1030,1036,2kr2r1/pppb3p/5pq1/5p2/2p1p3/P5P1/1PQ2PBP/3RR1K1 b - - 1 20,f3g2
19,EulerE,ixawgaming18,1030,1036,2kr2r1/pppb3p/5pq1/8/2p1pp2/P5P1/1PQ2PBP/3RR1K1 w - - 0 21,f5f4
19,EulerE,ixawgaming18,1030,1036,2kr2r1/pppb3p/5pq1/8/2p1Bp2/P5P1/1PQ2P1P/3RR1K1 b - - 0 21,g2e4
19,EulerE,ixawgaming18,1030,1036,2kr2r1/pppb3p/6q1/5p2/2p1Bp2/P5P1/1PQ2P1P/3RR1K1 w - - 0 22,f6f5
19,EulerE,ixawgaming18,1030,1036,2kr2r1/pppb3p/6q1/5p2/2p2p2/P5P1/1PQ2PBP/3RR1K1 b - - 1 22,e4g2
19,EulerE,ixawgaming18,1030,1036,2kr2r1/pppb3p/6q1/5p2/2p5/P5p1/1PQ2PBP/3RR1K1 w - - 0 23,f4g3
19,EulerE,ixawgaming18,1030,1036,2kr2r1/pppb3p/6q1/5p2/2p5/P5P1/1PQ3BP/3RR1K1 b - - 0 23,f2g3
20,Shreyan64,EulerE,1021,1022,rnbqkbnr/pppppppp/8/8/4P3/8/PPPP1PPP/RNBQKBNR b KQkq - 0 1,e2e4
20,Shreyan64,EulerE,1021,1022,rnbqkbnr/pppp1ppp/8/4p3/4P3/8/PPPP1PPP/RNBQKBNR w KQkq - 0 2,e7e5
20,Shreyan64,EulerE,1021,1022,rnbqkbnr/pppp1ppp/8/4p3/4PP2/8/PPPP2PP/RNBQKBNR b KQkq - 0 2,f2f4
20,Shreyan64,EulerE,1021,1022,rnbqkbnr/pppp1ppp/8/8/4Pp2/8/PPPP2PP/RNBQKBNR w KQkq - 0 3,e5f4
20,Shreyan64,EulerE,1021,1022,rnbqkbnr/pppp1ppp/8/8/4Pp2/5N2/PPPP2PP/RNBQKB1R b KQkq - 1 3,g1f3
20,Shreyan64,EulerE,1021,1022,r1bqkbnr/pppp1ppp/2n5/8/4Pp2/5N2/PPPP2PP/RNBQKB1R w KQkq - 2 4,b8c6
20,Shreyan64,EulerE,1021,1022,r1bqkbnr/pppp1ppp/2n5/8/2B1Pp2/5N2/PPPP2PP/RNBQK2R b KQkq - 3 4,f1c4
20,Shreyan64,EulerE,1021,1022,r1bqk1nr/pppp1ppp/2n5/2b5/2B1Pp2/5N2/PPPP2PP/RNBQK2R w KQkq - 4 5,f8c5
20,Shreyan64,EulerE,1021,1022,r1bqk1nr/pppp1ppp/2n5/2b5/2BPPp2/5N2/PPP3PP/RNBQK2R b KQkq - 0 5,d2d4
20,Shreyan64,EulerE,1021,1022,r1bqk1nr/pppp1ppp/1bn5/8/2BPPp2/5N2/PPP3PP/RNBQK2R w KQkq - 1 6,c5b6
20,Shreyan64,EulerE,1021,1022,r1bqk1nr/pppp1ppp/1bn5/8/2BPPB2/5N2/PPP3PP/RN1QK2R b KQkq - 0 6,c1f4
20,Shreyan64,EulerE,1021,1022,r1bqk1nr/ppp2ppp/1bnp4/8/2BPPB2/5N2/PPP3PP/RN1QK2R w KQkq - 0 7,d7d6
20,Shreyan64,EulerE,1021,1022,r1bqk1nr/ppp2ppp/1bnp4/6N1/2BPPB2/8/PPP3PP/RN1QK2R b KQkq - 1 7,f3g5
20,Shreyan64,EulerE,1021,1022,r1bqk2r/ppp2ppp/1bnp3n/6N1/2BPPB2/8/PPP3PP/RN1QK2R w KQkq - 2 8,g8h6
20,Shreyan64,EulerE,1021,1022,r1bqk2r/ppp2ppp/1bnp3n/6N1/2BPPB2/8/PPP3PP/RN1Q1RK1 b kq - 3 8,e1g1
20,Shreyan64,EulerE,1021,1022,r1bq1rk1/ppp2ppp/1bnp3n/6N1/2BPPB2/8/PPP3PP/RN1Q1RK1 w - - 4 9,e8g8
20,Shreyan64,EulerE,1021,1022,r1bq1rk1/ppp2ppp/1bnp3n/6N1/2BPPB2/2P5/PP4PP/RN1Q1RK1 b - - 0 9,c2c3
20,Shreyan64,EulerE,1021,1022,r2q1rk1/ppp2ppp/1bnp3n/6N1/2BPPBb1/2P5/PP4PP/RN1Q1RK1 w - - 1 10,c8g4
20,Shreyan64,EulerE,1021,1022,r2q1rk1/ppp2ppp/1bnp3n/8/2BPPBb1/2P2N2/PP4PP/RN1Q1RK1 b - - 2 10,g5f3
20,Shreyan64,EulerE,1021,1022,r4rk1/ppp2ppp/1bnp1q1n/8/2BPPBb1/2P2N2/PP4PP/RN1Q1RK1 w - - 3 11,d8f6
20,Shreyan64,EulerE,1021,1022,r4rk1/ppp2ppp/1bnp1q1B/8/2BPP1b1/2P2N2/PP4PP/RN1Q1RK1 b - - 0 11,f4h6
20,Shreyan64,EulerE,1021,1022,r4rk1/ppp2ppp/1bnp3q/8/2BPP1b1/2P2N2/PP4PP/RN1Q1RK1 w - - 0 12,f6h6
20,Shreyan64,EulerE,1021,1022,r4rk1/ppp2ppp/1bnp3q/8/2BPP1b1/2P2N2/PP1N2PP/R2Q1RK1 b - - 1 12,b1d2
20,Shreyan64,EulerE,1021,1022,r4rk1/ppp2ppp/1b1p3q/n7/2BPP1b1/2P2N2/PP1N2PP/R2Q1RK1 w - - 2 13,c6a5
20,Shreyan64,EulerE,1021,1022,r4rk1/ppp2ppp/1b1p3q/n7/3PP1b1/2PB1N2/PP1N2PP/R2Q1RK1 b - - 3 13,c4d3
20,Shreyan64,EulerE,1021,1022,r4rk1/ppp3pp/1b1p3q/n4p2/3PP1b1/2PB1N2/PP1N2PP/R2Q1RK1 w - - 0 14,f7f5
20,Shreyan64,EulerE,1021,1022,r4rk1/ppp3pp/1b1p3q/n4P2/3P2b1/2PB1N2/PP1N2PP/R2Q1RK1 b - - 0 14,e4f5
20,Shreyan64,EulerE,1021,1022,4rrk1/ppp3pp/1b1p3q/n4P2/3P2b1/2PB1N2/PP1N2PP/R2Q1RK1 w - - 1 15,a8e8
20,Shreyan64,EulerE,1021,1022,4rrk1/ppp3pp/1b1p3q/n4P2/3P2b1/2PB1N2/PPQN2PP/R4RK1 b - - 2 15,d1c2
20,Shreyan64,EulerE,1021,1022,4rrk1/1pp3pp/pb1p3q/n4P2/3P2b1/2PB1N2/PPQN2PP/R4RK1 w - - 0 16,a7a6
20,Shreyan64,EulerE,1021,1022,4rrk1/1pp3pp/pb1p3q/n4P2/3P2b1/2PB1N2/PPQN2PP/4RRK1 b - - 1 16,a1e1
20,Shreyan64,EulerE,1021,1022,4rrk1/1pp3pp/pb1p3q/n4P2/3P4/2PB1b2/PPQN2PP/4RRK1 w - - 0 17,g4f3
20,Shreyan64,EulerE,1021,1022,4rrk1/1pp3pp/pb1p3q/n4P2/3P4/2PB1N2/PPQ3PP/4RRK1 b - - 0 17,d2f3
20,Shreyan64,EulerE,1021,1022,5rk1/1pp3pp/pb1p3q/n4P2/3P4/2PB1N2/PPQ3PP/4rRK1 w - - 0 18,e8e1
20,Shreyan64,EulerE,1021,1022,5rk1/1pp3pp/pb1p3q/n4P2/3P4/2PB1N2/PPQ3PP/4R1K1 b - - 0 18,f1e1
20,Shreyan64,EulerE,1021,1022,5rk1/bpp3pp/p2p3q/n4P2/3P4/2PB1N2/PPQ3PP/4R1K1 w - - 1 19,b6a7
20,Shreyan64,EulerE,1021,1022,5rk1/bpp3pp/p2pR2q/n4P2/3P4/2PB1N2/PPQ3PP/6K1 b - - 2 19,e1e6
20,Shreyan64,EulerE,1021,1022,5rk1/bpp3pp/p2pR3/n4P1q/3P4/2PB1N2/PPQ3PP/6K1 w - - 3 20,h6h5
20,Shreyan64,EulerE,1021,1022,5rk1/bpp3pp/p2pR3/n4P1q/1P1P4/2PB1N2/P1Q3PP/6K1 b - - 0 20,b2b4
20,Shreyan64,EulerE,1021,1022,5rk1/bpp3pp/p1npR3/5P1q/1P1P4/2PB1N2/P1Q3PP/6K1 w - - 1 21,a5c6
20,Shreyan64,EulerE,1021,1022,5rk1/bpp3pp/p1npR3/5P1q/1PBP4/2P2N2/P1Q3PP/6K1 b - - 2 21,d3c4
20,Shreyan64,EulerE,1021,1022,3n1rk1/bpp3pp/p2pR3/5P1q/1PBP4/2P2N2/P1Q3PP/6K1 w - - 3 22,c6d8
20,Shreyan64,EulerE,1021,1022,3n1rk1/bpp3pp/p2p3R/5P1q/1PBP4/2P2N2/P1Q3PP/6K1 b - - 4 22,e6h6
21,triangulumeris,EulerE,1009,1030,rnbqkbnr/pppppppp/8/8/8/3P4/PPP1PPPP/RNBQKBNR b KQkq - 0 1,d2d3
21,triangulumeris,EulerE,1009,1030,rnbqkbnr/ppp1pppp/8/3p4/8/3P4/PPP1PPPP/RNBQKBNR w KQkq - 0 2,d7d5
21,triangulumeris,EulerE,1009,1030,rnbqkbnr/ppp1pppp/8/3p4/8/3P1N2/PPP1PPPP/RNBQKB1R b KQkq - 1 2,g1f3
21,triangulumeris,EulerE,1009,1030,rnbqkb1r/ppp1pppp/5n2/3p4/8/3P1N2/PPP1PPPP/RNBQKB1R w KQkq - 2 3,g8f6
21,triangulumeris,EulerE,1009,1030,rnbqkb1r/ppp1pppp/5n2/3p4/8/2PP1N2/PP2PPPP/RNBQKB1R b KQkq - 0 3,c2c3
21,triangulumeris,EulerE,1009,1030,r1bqkb1r/ppp1pppp/2n2n2/3p4/8/2PP1N2/PP2PPPP/RNBQKB1R w KQkq - 1 4,b8c6
21,triangulumeris,EulerE,1009,1030,r1bqkb1r/ppp1pppp/2n2n2/3p4/Q7/2PP1N2/PP2PPPP/RNB1KB1R b KQkq - 2 4,d1a4
21,triangulumeris,EulerE,1009,1030,r2qkb1r/pppbpppp/2n2n2/3p4/Q7/2PP1N2/PP2PPPP/RNB1KB1R w KQkq - 3 5,c8d7
21,triangulumeris,EulerE,1009,1030,r2qkb1r/pppbpppp/2n2n2/3p4/8/2PP1N2/PPQ1PPPP/RNB1KB1R b KQkq - 4 5,a4c2
21,triangulumeris,EulerE,1009,1030,r2qkb1r/pppb1ppp/2n2n2/3pp3/8/2PP1N2/PPQ1PPPP/RNB1KB1R w KQkq - 0 6,e7e5
21,triangulumeris,EulerE,1009,1030,r2qkb1r/pppb1ppp/2n2n2/3pp3/4P3/2PP1N2/PPQ2PPP/RNB1KB1R b KQkq - 0 6,e2e4
21,triangulumeris,EulerE,1009,1030,r2qkb1r/pppb1ppp/2n2n2/4p3/4p3/2PP1N2/PPQ2PPP/RNB1KB1R w KQkq - 0 7,d5e4
21,triangulumeris,EulerE,1009,1030,r2qkb1r/pppb1ppp/2n2n2/4p3/4P3/2P2N2/PPQ2PPP/RNB1KB1R b KQkq - 0 7,d3e4
21,triangulumeris,EulerE,1009,1030,r2qkb1r/pppb1p1p/2n2np1/4p3/4P3/2P2N2/PPQ2PPP/RNB1KB1R w KQkq - 0 8,g7g6
21,triangulumeris,EulerE,1009,1030,r2qkb1r/pppb1p1p/2n2np1/4p1B1/4P3/2P2N2/PPQ2PPP/RN2KB1R b KQkq - 1 8,c1g5
21,triangulumeris,EulerE,1009,1030,r2qk2r/pppb1pbp/2n2np1/4p1B1/4P3/2P2N2/PPQ2PPP/RN2KB1R w KQkq - 2 9,f8g7
21,triangulumeris,EulerE,1009,1030,r2qk2r/pppb1pbp/2n2np1/4p1B1/4P3/2P2N2/PPQ1BPPP/RN2K2R b KQkq - 3 9,f1e2
21,triangulumeris,EulerE,1009,1030,r2q1rk1/pppb1pbp/2n2np1/4p1B1/4P3/2P2N2/PPQ1BPPP/RN2K2R w KQ - 4 10,e8g8
21,triangulumeris,EulerE,1009,1030,r2q1rk1/pppb1pbp/2n2np1/4p1B1/4P3/2P2N2/PPQ1BPPP/RN3RK1 b - - 5 10,e1g1
21,triangulumeris,EulerE,1009,1030,r2q1rk1/ppp2pbp/2n1bnp1/4p1B1/4P3/2P2N2/PPQ1BPPP/RN3RK1 w - - 6 11,d7e6
21,triangulumeris,EulerE,1009,1030,r2q1rk1/ppp2pbp/2n1bnp1/1B2p1B1/4P3/2P2N2/PPQ2PPP/RN3RK1 b - - 7 11,e2b5
21,triangulumeris,EulerE,1009,1030,r3qrk1/ppp2pbp/2n1bnp1/1B2p1B1/4P3/2P2N2/PPQ2PPP/RN3RK1 w - - 8 12,d8e8
21,triangulumeris,EulerE,1009,1030,r3qrk1/ppp2pbp/2B1bnp1/4p1B1/4P3/2P2N2/PPQ2PPP/RN3RK1 b - - 0 12,b5c6
21,triangulumeris,EulerE,1009,1030,r4rk1/ppp2pbp/2q1bnp1/4p1B1/4P3/2P2N2/PPQ2PPP/RN3RK1 w - - 0 13,e8c6
21,triangulumeris,EulerE,1009,1030,r4rk1/ppp2pbp/2q1bnp1/4N1B1/4P3/2P5/PPQ2PPP/RN3RK1 b - - 0 13,f3e5
21,triangulumeris,EulerE,1009,1030,r4rk1/ppp2pbp/3qbnp1/4N1B1/4P3/2P5/PPQ2PPP/RN3RK1 w - - 1 14,c6d6
21,triangulumeris,EulerE,1009,1030,r4rk1/ppp2pbp/3qbnp1/4N3/4PB2/2P5/PPQ2PPP/RN3RK1 b - - 2 14,g5f4
21,triangulumeris,EulerE,1009,1030,r4rk1/ppp2pbp/3qb1p1/4N2n/4PB2/2P5/PPQ2PPP/RN3RK1 w - - 3 15,f6h5
21,triangulumeris,EulerE,1009,1030,r4rk1/ppp2pbp/3qb1p1/7n/4PB2/2PN4/PPQ2PPP/RN3RK1 b - - 4 15,e5d3
21,triangulumeris,EulerE,1009,1030,r4rk1/ppp2pbp/3qb1p1/8/4Pn2/2PN4/PPQ2PPP/RN3RK1 w - - 0 16,h5f4
21,triangulumeris,EulerE,1009,1030,r4rk1/ppp2pbp/3qb1p1/8/4PN2/2P5/PPQ2PPP/RN3RK1 b - - 0 16,d3f4
21,triangulumeris,EulerE,1009,1030,r4rk1/ppp2pbp/4b1p1/8/4Pq2/2P5/PPQ2PPP/RN3RK1 w - - 0 17,d6f4
21,triangulumeris,EulerE,1009,1030,r4rk1/ppp2pbp/4b1p1/8/4Pq2/2P5/PPQN1PPP/R4RK1 b - - 1 17,b1d2
21,triangulumeris,EulerE,1009,1030,3r1rk1/ppp2pbp/4b1p1/8/4Pq2/2P5/PPQN1PPP/R4RK1 w - - 2 18,a8d8
21,triangulumeris,EulerE,1009,1030,3r1rk1/ppp2pbp/4b1p1/8/4Pq2/2P2N2/PPQ2PPP/R4RK1 b - - 3 18,d2f3
21,triangulumeris,EulerE,1009,1030,3r1rk1/ppp2pbp/6p1/8/4Pqb1/2P2N2/PPQ2PPP/R4RK1 w - - 4 19,e6g4
21,triangulumeris,EulerE,1009,1030,3r1rk1/ppp2pbp/6p1/8/4Pqb1/2P2NP1/PPQ2P1P/R4RK1 b - - 0 19,g2g3
21,triangulumeris,EulerE,1009,1030,3r1rk1/ppp2pbp/6p1/8/4P1b1/2P2qP1/PPQ2P1P/R4RK1 w - - 0 20,f4f3
22,EulerE,Changde,1021,1007,rnbqkbnr/pppppppp/8/8/3P4/8/PPP1PPPP/RNBQKBNR b KQkq - 0 1,d2d4
22,EulerE,Changde,1021,1007,rnbqkbnr/1ppppppp/p7/8/3P4/8/PPP1PPPP/RNBQKBNR w KQkq - 0 2,a7a6
22,EulerE,Changde,1021,1007,rnbqkbnr/1ppppppp/p7/8/2PP4/8/PP2PPPP/RNBQKBNR b KQkq - 0 2,c2c4
22,EulerE,Changde,1021,1007,rnbqkbnr/1pp1pppp/p7/3p4/2PP4/8/PP2PPPP/RNBQKBNR w KQkq - 0 3,d7d5
22,EulerE,Changde,1021,1007,rnbqkbnr/1pp1pppp/p7/3p4/2PP4/5N2/PP2PPPP/RNBQKB1R b KQkq - 1 3,g1f3
22,EulerE,Changde,1021,1007,rnbqkbnr/1pp1pppp/p7/8/2pP4/5N2/PP2PPPP/RNBQKB1R w KQkq - 0 4,d5c4
22,EulerE,Changde,1021,1007,rnbqkbnr/1pp1pppp/p7/8/2pPP3/5N2/PP3PPP/RNBQKB1R b KQkq - 0 4,e2e4
22,EulerE,Changde,1021,1007,rnbqkbnr/1pp2ppp/p3p3/8/2pPP3/5N2/PP3PPP/RNBQKB1R w KQkq - 0 5,e7e6
22,EulerE,Changde,1021,1007,rnbqkbnr/1pp2ppp/p3p3/8/2BPP3/5N2/PP3PPP/RNBQK2R b KQkq - 0 5,f1c4
22,EulerE,Changde,1021,1007,rnbqkbnr/2p2ppp/p3p3/1p6/2BPP3/5N2/PP3PPP/RNBQK2R w KQkq - 0 6,b7b5
22,EulerE,Changde,1021,1007,rnbqkbnr/2p2ppp/p3p3/1p6/3PP3/1B3N2/PP3PPP/RNBQK2R b KQkq - 1 6,c4b3
22,EulerE,Changde,1021,1007,rn1qkbnr/1bp2ppp/p3p3/1p6/3PP3/1B3N2/PP3PPP/RNBQK2R w KQkq - 2 7,c8b7
22,EulerE,Changde,1021,1007,rn1qkbnr/1bp2ppp/p3p3/1p6/3PP3/1B3N2/PP2QPPP/RNB1K2R b KQkq - 3 7,d1e2
22,EulerE,Changde,1021,1007,rn1qkb1r/1bp2ppp/p3pn2/1p6/3PP3/1B3N2/PP2QPPP/RNB1K2R w KQkq - 4 8,g8f6
22,EulerE,Changde,1021,1007,rn1qkb1r/1bp2ppp/p3pn2/1p6/3PP3/1B3N2/PP1NQPPP/R1B1K2R b KQkq - 5 8,b1d2
22,EulerE,Changde,1021,1007,rn1qk2r/1bp2ppp/p3pn2/1p6/1b1PP3/1B3N2/PP1NQPPP/R1B1K2R w KQkq - 6 9,f8b4
22,EulerE,Changde,1021,1007,rn1qk2r/1bp2ppp/p3pn2/1p2P3/1b1P4/1B3N2/PP1NQPPP/R1B1K2R b KQkq - 0 9,e4e5
22,EulerE,Changde,1021,1007,rn1qk2r/1bp2ppp/p3p3/1p2P3/1b1Pn3/1B3N2/PP1NQPPP/R1B1K2R w KQkq - 1 10,f6e4
22,EulerE,Changde,1021,1007,rn1qk2r/1bp2ppp/p3p3/1p2P3/1b1Pn3/1B3N2/PP1NQPPP/R1B2RK1 b kq - 2 10,e1g1
22,EulerE,Changde,1021,1007,rn1qk2r/1bp2ppp/p3p3/1p2P3/1b1P4/1B3N2/PP1nQPPP/R1B2RK1 w kq - 0 11,e4d2
22,EulerE,Changde,1021,1007,rn1qk2r/1bp2ppp/p3p3/1p2P3/1b1P4/1B3N2/PP1BQPPP/R4RK1 b kq - 0 11,c1d2
22,EulerE,Changde,1021,1007,rn1qk2r/1bp2ppp/p3p3/1p2P3/3P4/1B3N2/PP1bQPPP/R4RK1 w kq - 0 12,b4d2
22,EulerE,Changde,1021,1007,rn1qk2r/1bp2ppp/p3p3/1p2P3/3P4/1B3N2/PP1Q1PPP/R4RK1 b kq - 0 12,e2d2
22,EulerE,Changde,1021,1007,rn1q1rk1/1bp2ppp/p3p3/1p2P3/3P4/1B3N2/PP1Q1PPP/R4RK1 w - - 1 13,e8g8
22,EulerE,Changde,1021,1007,rn1q1rk1/1bp2ppp/p3p3/1p2P3/3P4/1B2QN2/PP3PPP/R4RK1 b - - 2 13,d2e3
22,EulerE,Changde,1021,1007,rn1q1rk1/2p2ppp/p3p3/1p2P3/3P4/1B2Qb2/PP3PPP/R4RK1 w - - 0 14,b7f3
22,EulerE,Changde,1021,1007,rn1q1rk1/2p2ppp/p3p3/1p2P3/3P4/1B3Q2/PP3PPP/R4RK1 b - - 0 14,e3f3
22,EulerE,Changde,1021,1007,rn1q1rk1/5ppp/p1p1p3/1p2P3/3P4/1B3Q2/PP3PPP/R4RK1 w - - 0 15,c7c6
22,EulerE,Changde,1021,1007,rn1q1rk1/5ppp/p1p1p3/1p2P3/3P4/1B3Q2/PP3PPP/2R2RK1 b - - 1 15,a1c1
22,EulerE,Changde,1021,1007,rn3rk1/5ppp/p1p1p3/1p2P3/3q4/1B3Q2/PP3PPP/2R2RK1 w - - 0 16,d8d4
22,EulerE,Changde,1021,1007,rn3rk1/5ppp/p1p1p3/1p2P3/3q4/1B3Q2/PP3PPP/2RR2K1 b - - 1 16,f1d1
22,EulerE,Changde,1021,1007,rn3rk1/5ppp/p1p1p3/1p2q3/8/1B3Q2/PP3PPP/2RR2K1 w - - 0 17,d4e5
22,EulerE,Changde,1021,1007,rn3rk1/5ppp/p1p1p3/1p2q3/8/1B6/PP2QPPP/2RR2K1 b - - 1 17,f3e2
22,EulerE,Changde,1021,1007,rn3rk1/2q2ppp/p1p1p3/1p6/8/1B6/PP2QPPP/2RR2K1 w - - 2 18,e5c7
22,EulerE,Changde,1021,1007,rn3rk1/2q2ppp/p1p1p3/1p6/8/1B1Q4/PP3PPP/2RR2K1 b - - 3 18,e2d3
22,EulerE,Changde,1021,1007,rn3rk1/2q2ppp/p3p3/1pp5/8/1B1Q4/PP3PPP/2RR2K1 w - - 0 19,c6c5
22,EulerE,Changde,1021,1007,rn3rk1/2q2ppp/p3p3/1pp5/8/PB1Q4/1P3PPP/2RR2K1 b - - 0 19,a2a3
22,EulerE,Changde,1021,1007,r4rk1/2q2ppp/p1n1p3/1pp5/8/PB1Q4/1P3PPP/2RR2K1 w - - 1 20,b8c6
22,EulerE,Changde,1021,1007,r4rk1/2q2ppp/p1nQp3/1pp5/8/PB6/1P3PPP/2RR2K1 b - - 2 20,d3d6
22,EulerE,Changde,1021,1007,r4rk1/1q3ppp/p1nQp3/1pp5/8/PB6/1P3PPP/2RR2K1 w - - 3 21,c7b7
22,EulerE,Changde,1021,1007,r4rk1/1q3ppp/p1n1p3/1pQ5/8/PB6/1P3PPP/2RR2K1 b - - 0 21,d6c5
22,EulerE,Changde,1021,1007,r4rk1/1q3p1p/p1n1p1p1/1pQ5/8/PB6/1P3PPP/2RR2K1 w - - 0 22,g7g6
22,EulerE,Changde,1021,1007,r4rk1/1q3p1p/p1Q1p1p1/1p6/8/PB6/1P3PPP/2RR2K1 b - - 0 22,c5c6
22,EulerE,Changde,1021,1007,r4rk1/5p1p/p1q1p1p1/1p6/8/PB6/1P3PPP/2RR2K1 w - - 0 23,b7c6
22,EulerE,Changde,1021,1007,r4rk1/5p1p/p1R1p1p1/1p6/8/PB6/1P3PPP/3R2K1 b - - 0 23,c1c6
22,EulerE,Changde,1021,1007,3r1rk1/5p1p/p1R1p1p1/1p6/8/PB6/1P3PPP/3R2K1 w - - 1 24,a8d8
22,EulerE,Changde,1021,1007,3r1rk1/5p1p/p2Rp1p1/1p6/8/PB6/1P3PPP/3R2K1 b - - 2 24,c6d6
22,EulerE,Changde,1021,1007,5rk1/5p1p/p2rp1p1/1p6/8/PB6/1P3PPP/3R2K1 w - - 0 25,d8d6
22,EulerE,Changde,1021,1007,5rk1/5p1p/p2Rp1p1/1p6/8/PB6/1P3PPP/6K1 b - - 0 25,d1d6
22,EulerE,Changde,1021,1007,5rk1/5p1p/3Rp1p1/pp6/8/PB6/1P3PPP/6K1 w - - 0 26,a6a5
22,EulerE,Changde,1021,1007,5rk1/5p1p/1R2p1p1/pp6/8/PB6/1P3PPP/6K1 b - - 1 26,d6b6
22,EulerE,Changde,1021,1007,5rk1/5p1p/1R2p1p1/1p6/p7/PB6/1P3PPP/6K1 w - - 0 27,a5a4
22,EulerE,Changde,1021,1007,5rk1/5p1p/1R2p1p1/1p6/p7/P7/BP3PPP/6K1 b - - 1 27,b3a2
22,EulerE,Changde,1021,1007,5rk1/5p1p/1R2p1p1/8/pp6/P7/BP3PPP/6K1 w - - 0 28,b5b4
22,EulerE,Changde,1021,1007,5rk1/5p1p/4p1p1/8/pR6/P7/BP3PPP/6K1 b - - 0 28,b6b4
22,EulerE,Changde,1021,1007,r5k1/5p1p/4p1p1/8/pR6/P7/BP3PPP/6K1 w - - 1 29,f8a8
22,EulerE,Changde,1021,1007,r5k1/5p1p/4p1p1/8/pR6/P5P1/BP3P1P/6K1 b - - 0 29,g2g3
22,EulerE,Changde,1021,1007,r7/5pkp/4p1p1/8/pR6/P5P1/BP3P1P/6K1 w - - 1 30,g8g7
22,EulerE,Changde,1021,1007,r7/5pkp/4p1p1/8/pR6/P5P1/BP3PKP/8 b - - 2 30,g1g2
22,EulerE,Changde,1021,1007,r7/5pk1/4p1p1/7p/pR6/P5P1/BP3PKP/8 w - - 0 31,h7h5
22,EulerE,Changde,1021,1007,r7/5pk1/4p1p1/7p/p4R2/P5P1/BP3PKP/8 b - - 1 31,b4f4
22,EulerE,Changde,1021,1007,r7/5pk1/4p3/6pp/p4R2/P5P1/BP3PKP/8 w - - 0 32,g6g5
22,EulerE,Changde,1021,1007,r7/5pk1/4p3/6pp/p2R4/P5P1/BP3PKP/8 b - - 1 32,f4d4
22,EulerE,Changde,1021,1007,r7/5p2/4pk2/6pp/p2R4/P5P1/BP3PKP/8 w - - 2 33,g7f6
22,EulerE,Changde,1021,1007,r7/5p2/4pk2/6pp/p2R4/P5PP/BP3PK1/8 b - - 0 33,h2h3
22,EulerE,Changde,1021,1007,r7/5p2/5k2/4p1pp/p2R4/P5PP/BP3PK1/8 w - - 0 34,e6e5
22,EulerE,Changde,1021,1007,r7/5p2/5k2/4p1pp/p1R5/P5PP/BP3PK1/8 b - - 1 34,d4c4
22,EulerE,Changde,1021,1007,r7/5pk1/8/4p1pp/p1R5/P5PP/BP3PK1/8 w - - 2 35,f6g7
22,EulerE,Changde,1021,1007,r7/2R2pk1/8/4p1pp/p7/P5PP/BP3PK1/8 b - - 3 35,c4c7
22,EulerE,Changde,1021,1007,r7/2R2p2/6k1/4p1pp/p7/P5PP/BP3PK1/8 w - - 4 36,g7g6
22,EulerE,Changde,1021,1007,r7/2R2B2/6k1/4p1pp/p7/P5PP/1P3PK1/8 b - - 0 36,a2f7
22,EulerE,Changde,1021,1007,r7/2R2B2/5k2/4p1pp/p7/P5PP/1P3PK1/8 w - - 1 37,g6f6
22,EulerE,Changde,1021,1007,r7/2R5/5k2/4p1pB/p7/P5PP/1P3PK1/8 b - - 0 37,f7h5
22,EulerE,Changde,1021,1007,1r6/2R5/5k2/4p1pB/p7/P5PP/1P3PK1/8 w - - 1 38,a8b8
22,EulerE,Changde,1021,1007,1r6/8/2R2k2/4p1pB/p7/P5PP/1P3PK1/8 b - - 2 38,c7c6
22,EulerE,Changde,1021,1007,1r6/8/2R5/4pkpB/p7/P5PP/1P3PK1/8 w - - 3 39,f6f5
22,EulerE,Changde,1021,1007,1r6/8/2R5/4pkp1/p5B1/P5PP/1P3PK1/8 b - - 4 39,h5g4
22,EulerE,Changde,1021,1007,1r6/8/2R5/4p1p1/p3k1B1/P5PP/1P3PK1/8 w - - 5 40,f5e4
22,EulerE,Changde,1021,1007,1r6/8/8/4p1p1/p1R1k1B1/P5PP/1P3PK1/8 b - - 6 40,c6c4
22,EulerE,Changde,1021,1007,1r6/8/8/3kp1p1/p1R3B1/P5PP/1P3PK1/8 w - - 7 41,e4d5
22,EulerE,Changde,1021,1007,1r6/8/8/3kp1p1/p5B1/P5PP/1PR2PK1/8 b - - 8 41,c4c2
22,EulerE,Changde,1021,1007,1r6/8/8/3k2p1/p3p1B1/P5PP/1PR2PK1/8 w - - 0 42,e5e4
22,EulerE,Changde,1021,1007,1r6/8/8/3k2p1/p3p1B1/P4PPP/1PR3K1/8 b - - 0 42,f2f3
22,EulerE,Changde,1021,1007,1r6/8/8/3k2p1/p5B1/P3pPPP/1PR3K1/8 w - - 0 43,e4e3
22,EulerE,Changde,1021,1007,1r6/8/8/3k2p1/p5B1/P3pPPP/1P2R1K1/8 b - - 1 43,c2e2
22,EulerE,Changde,1021,1007,1r6/8/8/6p1/p2k2B1/P3pPPP/1P2R1K1/8 w - - 2 44,d5d4
22,EulerE,Changde,1021,1007,1r6/8/8/6p1/p2k1PB1/P3p1PP/1P2R1K1/8 b - - 0 44,f3f4
22,EulerE,Changde,1021,1007,1r6/8/8/8/p2k1pB1/P3p1PP/1P2R1K1/8 w - - 0 45,g5f4
22,EulerE,Changde,1021,1007,1r6/8/8/8/p2k1PB1/P3p2P/1P2R1K1/8 b - - 0 45,g3f4
22,EulerE,Changde,1021,1007,1r6/8/8/8/p4PB1/P2kp2P/1P2R1K1/8 w - - 1 46,d4d3
22,EulerE,Changde,1021,1007,1r6/8/8/8/p4PB1/P2kp1KP/1P2R3/8 b - - 2 46,g2g3
22,EulerE,Changde,1021,1007,6r1/8/8/8/p4PB1/P2kp1KP/1P2R3/8 w - - 3 47,b8g8
22,EulerE,Changde,1021,1007,6r1/8/8/8/p4PB1/P2kp2P/1P2R1K1/8 b - - 4 47,g3g2
22,EulerE,Changde,1021,1007,6r1/8/8/8/p3kPB1/P3p2P/1P2R1K1/8 w - - 5 48,d3e4
22,EulerE,Changde,1021,1007,6r1/8/8/5P2/p3k1B1/P3p2P/1P2R1K1/8 b - - 0 48,f4f5
22,EulerE,Changde,1021,1007,6r1/8/8/5P2/p5B1/P2kp2P/1P2R1K1/8 w - - 1 49,e4d3
22,EulerE,Changde,1021,1007,6r1/8/8/5P2/p5B1/P2kp2P/1P2R3/5K2 b - - 2 49,g2f1
22,EulerE,Changde,1021,1007,6r1/8/8/5P2/p3k1B1/P3p2P/1P2R3/5K2 w - - 3 50,d3e4
22,EulerE,Changde,1021,1007,6r1/8/8/5P2/p3k1B1/PP2p2P/4R3/5K2 b - - 0 50,b2b3
22,EulerE,Changde,1021,1007,6r1/8/8/5P2/4k1B1/Pp2p2P/4R3/5K2 w - - 0 51,a4b3
22,EulerE,Changde,1021,1007,6r1/8/8/5P2/P3k1B1/1p2p2P/4R3/5K2 b - - 0 51,a3a4
22,EulerE,Changde,1021,1007,2r5/8/8/5P2/P3k1B1/1p2p2P/4R3/5K2 w - - 1 52,g8c8
22,EulerE,Changde,1021,1007,2r5/8/8/5P2/P3k1B1/1p2p2P/4R1K1/8 b - - 2 52,f1g2
22,EulerE,Changde,1021,1007,8/8/8/5P2/P3k1B1/1p2p2P/2r1R1K1/8 w - - 3 53,c8c2
22,EulerE,Changde,1021,1007,8/8/8/5P2/P3k1B1/1p2p2P/2R3K1/8 b - - 0 53,e2c2
22,EulerE,Changde,1021,1007,8/8/8/5P2/P3k1B1/4p2P/2p3K1/8 w - - 0 54,b3c2
22,EulerE,Changde,1021,1007,8/8/8/P4P2/4k1B1/4p2P/2p3K1/8 b - - 0 54,a4a5
22,EulerE,Changde,1021,1007,8/8/8/P4P2/4k1B1/4p2P/6K1/2q5 w - - 0 55,c2c1q
22,EulerE,Changde,1021,1007,8/8/8/P4P2/4k3/4pB1P/6K1/2q5 b - - 1 55,g4f3
22,EulerE,Changde,1021,1007,8/8/8/P4P2/5k2/4pB1P/6K1/2q5 w - - 2 56,e4f4
22,EulerE,Changde,1021,1007,8/8/P7/5P2/5k2/4pB1P/6K1/2q5 b - - 0 56,a5a6
22,EulerE,Changde,1021,1007,8/8/P7/5P2/5k2/4pB1P/1q4K1/8 w - - 1 57,c1b2
22,EulerE,Changde,1021,1007,8/8/P7/5P2/5k2/4pB1P/1q6/7K b - - 2 57,g2h1
22,EulerE,Changde,1021,1007,8/8/P7/5P2/5k2/4pB1P/8/q6K w - - 3 58,b2a1
22,EulerE,Changde,1021,1007,8/8/P7/5P2/5k2/4pB1P/6K1/q7 b - - 4 58,h1g2
22,EulerE,Changde,1021,1007,8/8/q7/5P2/5k2/4pB1P/6K1/8 w - - 0 59,a1a6
22,EulerE,Changde,1021,1007,8/8/q7/5P2/5k2/4pB1P/8/7K b - - 1 59,g2h1
22,EulerE,Changde,1021,1007,8/8/8/5P2/5k2/4pB1P/8/5q1K w - - 2 60,a6f1
22,EulerE,Changde,1021,1007,8/8/8/5P2/5k2/4pB1P/7K/5q2 b - - 3 60,h1h2
22,EulerE,Changde,1021,1007,8/8/8/5P2/5k2/4pq1P/7K/8 w - - 0 61,f1f3
22,EulerE,Changde,1021,1007,8/8/8/5P2/5k2/4pq1P/8/6K1 b - - 1 61,h2g1
22,EulerE,Changde,1021,1007,8/8/8/5P2/5k2/4p2q/8/6K1 w - - 0 62,f3h3
23,EulerE,perromaluco,1028,991,rnbqkbnr/pppppppp/8/8/3P4/8/PPP1PPPP/RNBQKBNR b KQkq - 0 1,d2d4
23,EulerE,perromaluco,1028,991,r1bqkbnr/pppppppp/2n5/8/3P4/8/PPP1PPPP/RNBQKBNR w KQkq - 1 2,b8c6
23,EulerE,perromaluco,1028,991,r1bqkbnr/pppppppp/2n5/8/2PP4/8/PP2PPPP/RNBQKBNR b KQkq - 0 2,c2c4
23,EulerE,perromaluco,1028,991,r1bqkb1r/pppppppp/2n2n2/8/2PP4/8/PP2PPPP/RNBQKBNR w KQkq - 1 3,g8f6
23,EulerE,perromaluco,1028,991,r1bqkb1r/pppppppp/2n2n2/3P4/2P5/8/PP2PPPP/RNBQKBNR b KQkq - 0 3,d4d5
23,EulerE,perromaluco,1028,991,rnbqkb1r/pppppppp/5n2/3P4/2P5/8/PP2PPPP/RNBQKBNR w KQkq - 1 4,c6b8
23,EulerE,perromaluco,1028,991,rnbqkb1r/pppppppp/5n2/3P4/2P5/5N2/PP2PPPP/RNBQKB1R b KQkq - 2 4,g1f3
23,EulerE,perromaluco,1028,991,rnbqkb1r/pppp1ppp/4pn2/3P4/2P5/5N2/PP2PPPP/RNBQKB1R w KQkq - 0 5,e7e6
23,EulerE,perromaluco,1028,991,rnbqkb1r/pppp1ppp/4pn2/3P4/2P5/2N2N2/PP2PPPP/R1BQKB1R b KQkq - 1 5,b1c3
23,EulerE,perromaluco,1028,991,rnbqk2r/pppp1ppp/4pn2/3P4/1bP5/2N2N2/PP2PPPP/R1BQKB1R w KQkq - 2 6,f8b4
23,EulerE,perromaluco,1028,991,rnbqk2r/pppp1ppp/4pn2/3P4/1bP5/2N2N2/PP1BPPPP/R2QKB1R b KQkq - 3 6,c1d2
23,EulerE,perromaluco,1028,991,rnbqk2r/ppp2ppp/3ppn2/3P4/1bP5/2N2N2/PP1BPPPP/R2QKB1R w KQkq - 0 7,d7d6
23,EulerE,perromaluco,1028,991,rnbqk2r/ppp2ppp/3ppn2/3P4/1bP5/2N2N2/PPQBPPPP/R3KB1R b KQkq - 1 7,d1c2
23,EulerE,perromaluco,1028,991,rnbqk2r/ppp2ppp/3p1n2/3Pp3/1bP5/2N2N2/PPQBPPPP/R3KB1R w KQkq - 0 8,e6e5
23,EulerE,perromaluco,1028,991,rnbqk2r/ppp2ppp/3p1n2/3Pp3/1bP1P3/2N2N2/PPQB1PPP/R3KB1R b KQkq - 0 8,e2e4
23,EulerE,perromaluco,1028,991,rn1qk2r/ppp2ppp/3p1n2/3Pp3/1bP1P1b1/2N2N2/PPQB1PPP/R3KB1R w KQkq - 1 9,c8g4
23,EulerE,perromaluco,1028,991,rn1qk2r/ppp2ppp/3p1n2/3Pp3/1bP1P1b1/2N2N2/PPQBBPPP/R3K2R b KQkq - 2 9,f1e2
23,EulerE,perromaluco,1028,991,rn1qk2r/pp3ppp/2pp1n2/3Pp3/1bP1P1b1/2N2N2/PPQBBPPP/R3K2R w KQkq - 0 10,c7c6
23,EulerE,perromaluco,1028,991,rn1qk2r/pp3ppp/2pp1n2/3Pp3/1bP1P1b1/2N2N2/PPQBBPPP/R4RK1 b kq - 1 10,e1g1
23,EulerE,perromaluco,1028,991,rn1q1rk1/pp3ppp/2pp1n2/3Pp3/1bP1P1b1/2N2N2/PPQBBPPP/R4RK1 w - - 2 11,e8g8
23,EulerE,perromaluco,1028,991,rn1q1rk1/pp3ppp/2pp1n2/3Pp3/1bP1P1b1/2N2N1P/PPQBBPP1/R4RK1 b - - 0 11,h2h3
23,EulerE,perromaluco,1028,991,rn1q1rk1/pp3ppp/2pp1n2/3Pp2b/1bP1P3/2N2N1P/PPQBBPP1/R4RK1 w - - 1 12,g4h5
23,EulerE,perromaluco,1028,991,rn1q1rk1/pp3ppp/2pp1n2/3Pp2b/1bP1P3/P1N2N1P/1PQBBPP1/R4RK1 b - - 0 12,a2a3
23,EulerE,perromaluco,1028,991,rn1q1rk1/pp3ppp/2pp1nb1/3Pp3/1bP1P3/P1N2N1P/1PQBBPP1/R4RK1 w - - 1 13,h5g6
23,EulerE,perromaluco,1028,991,rn1q1rk1/pp3ppp/2pp1nb1/3Pp3/1PP1P3/2N2N1P/1PQBBPP1/R4RK1 b - - 0 13,a3b4
23,EulerE,perromaluco,1028,991,rn1q1rk1/pp3ppp/3p1nb1/3pp3/1PP1P3/2N2N1P/1PQBBPP1/R4RK1 w - - 0 14,c6d5
23,EulerE,perromaluco,1028,991,rn1q1rk1/pp3ppp/3p1nb1/3Pp3/1P2P3/2N2N1P/1PQBBPP1/R4RK1 b - - 0 14,c4d5
23,EulerE,perromaluco,1028,991,r2q1rk1/pp1n1ppp/3p1nb1/3Pp3/1P2P3/2N2N1P/1PQBBPP1/R4RK1 w - - 1 15,b8d7
23,EulerE,perromaluco,1028,991,r2q1rk1/pp1n1ppp/3p1nb1/3Pp3/1P2P2N/2N4P/1PQBBPP1/R4RK1 b - - 2 15,f3h4
23,EulerE,perromaluco,1028,991,r2q1rk1/pp3ppp/1n1p1nb1/3Pp3/1P2P2N/2N4P/1PQBBPP1/R4RK1 w - - 3 16,d7b6
23,EulerE,perromaluco,1028,991,r2q1rk1/pp3ppp/1n1p1nN1/3Pp3/1P2P3/2N4P/1PQBBPP1/R4RK1 b - - 0 16,h4g6
23,EulerE,perromaluco,1028,991,r2q1rk1/pp4pp/1n1p1np1/3Pp3/1P2P3/2N4P/1PQBBPP1/R4RK1 w - - 0 17,f7g6
23,EulerE,perromaluco,1028,991,r2q1rk1/pp4pp/1n1p1np1/3Pp3/1P2P3/2N1B2P/1PQ1BPP1/R4RK1 b - - 1 17,d2e3
23,EulerE,perromaluco,1028,991,r2q1rk1/pp4pp/3p1np1/3Pp3/1Pn1P3/2N1B2P/1PQ1BPP1/R4RK1 w - - 2 18,b6c4
23,EulerE,perromaluco,1028,991,r2q1rk1/pp4pp/3p1np1/3Pp3/1PB1P3/2N1B2P/1PQ2PP1/R4RK1 b - - 0 18,e2c4
24,perromaluco,EulerE,984,1035,rnbqkbnr/pppppppp/8/8/8/5N2/PPPPPPPP/RNBQKB1R b KQkq - 1 1,g1f3
24,perromaluco,EulerE,984,1035,rnbqkbnr/ppp1pppp/8/3p4/8/5N2/PPPPPPPP/RNBQKB1R w KQkq - 0 2,d7d5
24,perromaluco,EulerE,984,1035,rnbqkbnr/ppp1pppp/8/3p4/4P3/5N2/PPPP1PPP/RNBQKB1R b KQkq - 0 2,e2e4
24,perromaluco,EulerE,984,1035,rnbqkbnr/ppp1pppp/8/8/4p3/5N2/PPPP1PPP/RNBQKB1R w KQkq - 0 3,d5e4
24,perromaluco,EulerE,984,1035,rnbqkbnr/ppp1pppp/8/6N1/4p3/8/PPPP1PPP/RNBQKB1R b KQkq - 1 3,f3g5
24,perromaluco,EulerE,984,1035,rnbqkb1r/ppp1pppp/5n2/6N1/4p3/8/PPPP1PPP/RNBQKB1R w KQkq - 2 4,g8f6
24,perromaluco,EulerE,984,1035,rnbqkb1r/ppp1pppp/5n2/6N1/4p3/3P4/PPP2PPP/RNBQKB1R b KQkq - 0 4,d2d3
24,perromaluco,EulerE,984,1035,rnbqkb1r/ppp2ppp/5n2/4p1N1/4p3/3P4/PPP2PPP/RNBQKB1R w KQkq - 0 5,e7e5
24,perromaluco,EulerE,984,1035,rnbqkb1r/ppp2ppp/5n2/4p1N1/4p3/2NP4/PPP2PPP/R1BQKB1R b KQkq - 1 5,b1c3
24,perromaluco,EulerE,984,1035,rnbqkb1r/ppp2pp1/5n1p/4p1N1/4p3/2NP4/PPP2PPP/R1BQKB1R w KQkq - 0 6,h7h6
24,perromaluco,EulerE,984,1035,rnbqkb1r/ppp2pp1/5n1p/4p3/4N3/2NP4/PPP2PPP/R1BQKB1R b KQkq - 0 6,g5e4
24,perromaluco,EulerE,984,1035,rnbqkb1r/ppp2pp1/7p/4p3/4n3/2NP4/PPP2PPP/R1BQKB1R w KQkq - 0 7,f6e4
24,perromaluco,EulerE,984,1035,rnbqkb1r/ppp2pp1/7p/4p3/4N3/3P4/PPP2PPP/R1BQKB1R b KQkq - 0 7,c3e4
24,perromaluco,EulerE,984,1035,r1bqkb1r/ppp2pp1/2n4p/4p3/4N3/3P4/PPP2PPP/R1BQKB1R w KQkq - 1 8,b8c6
24,perromaluco,EulerE,984,1035,r1bqkb1r/ppp2pp1/2n4p/4p3/4N3/3PB3/PPP2PPP/R2QKB1R b KQkq - 2 8,c1e3
24,perromaluco,EulerE,984,1035,r2qkb1r/ppp2pp1/2n4p/4pb2/4N3/3PB3/PPP2PPP/R2QKB1R w KQkq - 3 9,c8f5
24,perromaluco,EulerE,984,1035,r2qkb1r/ppp2pp1/2n4p/2N1pb2/8/3PB3/PPP2PPP/R2QKB1R b KQkq - 4 9,e4c5
24,perromaluco,EulerE,984,1035,r2qk2r/ppp2pp1/2n4p/2b1pb2/8/3PB3/PPP2PPP/R2QKB1R w KQkq - 0 10,f8c5
24,perromaluco,EulerE,984,1035,r2qk2r/ppp2pp1/2n4p/2B1pb2/8/3P4/PPP2PPP/R2QKB1R b KQkq - 0 10,e3c5
24,perromaluco,EulerE,984,1035,r3k2r/ppp2pp1/2n4p/2Bqpb2/8/3P4/PPP2PPP/R2QKB1R w KQkq - 1 11,d8d5
24,perromaluco,EulerE,984,1035,r3k2r/ppp2pp1/2n4p/3qpb2/8/3PB3/PPP2PPP/R2QKB1R b KQkq - 2 11,c5e3
24,perromaluco,EulerE,984,1035,r4rk1/ppp2pp1/2n4p/3qpb2/8/3PB3/PPP2PPP/R2QKB1R w KQ - 3 12,e8g8
24,perromaluco,EulerE,984,1035,r4rk1/ppp2pp1/2n4p/3qpb1Q/8/3PB3/PPP2PPP/R3KB1R b KQ - 4 12,d1h5
24,perromaluco,EulerE,984,1035,r4rk1/ppp2pp1/2n3bp/3qp2Q/8/3PB3/PPP2PPP/R3KB1R w KQ - 5 13,f5g6
24,perromaluco,EulerE,984,1035,r4rk1/ppp2pp1/2n3bp/3qp3/8/3PB3/PPP1QPPP/R3KB1R b KQ - 6 13,h5e2
24,perromaluco,EulerE,984,1035,r4rk1/ppp2pp1/2n3bp/3q4/4p3/3PB3/PPP1QPPP/R3KB1R w KQ - 0 14,e5e4
24,perromaluco,EulerE,984,1035,r4rk1/ppp2pp1/2n3bp/3q4/4P3/4B3/PPP1QPPP/R3KB1R b KQ - 0 14,d3e4
24,perromaluco,EulerE,984,1035,r4rk1/ppp2pp1/2n4p/3q4/4b3/4B3/PPP1QPPP/R3KB1R w KQ - 0 15,g6e4
24,perromaluco,EulerE,984,1035,r4rk1/ppp2pp1/2n4p/3q4/4b3/4B3/PPP1QPPP/3RKB1R b K - 1 15,a1d1
24,perromaluco,EulerE,984,1035,r4rk1/ppp2pp1/2n1q2p/8/4b3/4B3/PPP1QPPP/3RKB1R w K - 2 16,d5e6
24,perromaluco,EulerE,984,1035,r4rk1/ppp2pp1/2n1q2p/8/4b3/2P1B3/PP2QPPP/3RKB1R b K - 0 16,c2c3
24,perromaluco,EulerE,984,1035,3r1rk1/ppp2pp1/2n1q2p/8/4b3/2P1B3/PP2QPPP/3RKB1R w K - 1 17,a8d8
24,perromaluco,EulerE,984,1035,3R1rk1/ppp2pp1/2n1q2p/8/4b3/2P1B3/PP2QPPP/4KB1R b K - 0 17,d1d8
24,perromaluco,EulerE,984,1035,3r2k1/ppp2pp1/2n1q2p/8/4b3/2P1B3/PP2QPPP/4KB1R w K - 0 18,f8d8
24,perromaluco,EulerE,984,1035,3r2k1/ppp2pp1/2n1q2p/8/2Q1b3/2P1B3/PP3PPP/4KB1R b K - 1 18,e2c4
24,perromaluco,EulerE,984,1035,3r2k1/ppp2pp1/2n1q2p/3b4/2Q5/2P1B3/PP3PPP/4KB1R w K - 2 19,e4d5
24,perromaluco,EulerE,984,1035,3r2k1/ppp2pp1/2n1q2p/3b4/5Q2/2P1B3/PP3PPP/4KB1R b K - 3 19,c4f4
24,perromaluco,EulerE,984,1035,3r2k1/ppp2pp1/2n1q2p/8/5Q2/2P1B3/bP3PPP/4KB1R w K - 0 20,d5a2
24,perromaluco,EulerE,984,1035,3r2k1/ppp2pp1/2n1q2p/1B6/5Q2/2P1B3/bP3PPP/4K2R b K - 1 20,f1b5
24,perromaluco,EulerE,984,1035,3r2k1/1pp2pp1/p1n1q2p/1B6/5Q2/2P1B3/bP3PPP/4K2R w K - 0 21,a7a6
24,perromaluco,EulerE,984,1035,3r2k1/1pp2pp1/p1B1q2p/8/5Q2/2P1B3/bP3PPP/4K2R b K - 0 21,b5c6
24,perromaluco,EulerE,984,1035,3r2k1/1pp2pp1/p1q4p/8/5Q2/2P1B3/bP3PPP/4K2R w K - 0 22,e6c6
24,perromaluco,EulerE,984,1035,3r2k1/1pp2pp1/p1q4p/8/5Q2/2P1B3/bP3PPP/5RK1 b - - 1 22,e1g1
24,perromaluco,EulerE,984,1035,3r2k1/1pp2pp1/p1q1b2p/8/5Q2/2P1B3/1P3PPP/5RK1 w - - 2 23,a2e6
24,perromaluco,EulerE,984,1035,3r2k1/1pp2pp1/p1q1b2p/8/3B1Q2/2P5/1P3PPP/5RK1 b - - 3 23,e3d4
24,perromaluco,EulerE,984,1035,3r2k1/2p2pp1/p1q1b2p/1p6/3B1Q2/2P5/1P3PPP/5RK1 w - - 0 24,b7b5
24,perromaluco,EulerE,984,1035,3r2k1/2p2pp1/p1q1b2p/1p6/3B4/2P3Q1/1P3PPP/5RK1 b - - 1 24,f4g3
24,perromaluco,EulerE,984,1035,3r2k1/2p3p1/p1q1bp1p/1p6/3B4/2P3Q1/1P3PPP/5RK1 w - - 0 25,f7f6
24,perromaluco,EulerE,984,1035,3r2k1/2p3p1/p1q1bp1p/1p6/3B1P2/2P3Q1/1P4PP/5RK1 b - - 0 25,f2f4
24,perromaluco,EulerE,984,1035,3r2k1/2p2bp1/p1q2p1p/1p6/3B1P2/2P3Q1/1P4PP/5RK1 w - - 1 26,e6f7
24,perromaluco,EulerE,984,1035,3r2k1/2p2bp1/p1q2p1p/1p6/3B1P2/2P2Q2/1P4PP/5RK1 b - - 2 26,g3f3
24,perromaluco,EulerE,984,1035,3r2k1/2p2bp1/p2q1p1p/1p6/3B1P2/2P2Q2/1P4PP/5RK1 w - - 3 27,c6d6
24,perromaluco,EulerE,984,1035,3r2k1/2p2bp1/p2q1p1p/1p6/3B1P2/2P1Q3/1P4PP/5RK1 b - - 4 27,f3e3
24,perromaluco,EulerE,984,1035,3r2k1/2p2bp1/p2q1p1p/8/1p1B1P2/2P1Q3/1P4PP/5RK1 w - - 0 28,b5b4
24,perromaluco,EulerE,984,1035,3r2k1/2p2bp1/p2q1p1p/2B5/1p3P2/2P1Q3/1P4PP/5RK1 b - - 1 28,d4c5
24,perromaluco,EulerE,984,1035,3r2k1/2p2bp1/p4p1p/2B5/1p3P2/2PqQ3/1P4PP/5RK1 w - - 2 29,d6d3
24,perromaluco,EulerE,984,1035,3r2k1/2p2bp1/p4p1p/2B5/1p3P2/2PQ4/1P4PP/5RK1 b - - 0 29,e3d3
24,perromaluco,EulerE,984,1035,6k1/2p2bp1/p4p1p/2B5/1p3P2/2Pr4/1P4PP/5RK1 w - - 0 30,d8d3
24,perromaluco,EulerE,984,1035,6k1/2p2bp1/p4p1p/8/1B3P2/2Pr4/1P4PP/5RK1 b - - 0 30,c5b4
24,perromaluco,EulerE,984,1035,6k1/2p3p1/p4p1p/8/1Bb2P2/2Pr4/1P4PP/5RK1 w - - 1 31,f7c4
24,perromaluco,EulerE,984,1035,6k1/2p3p1/p4p1p/8/1Bb2P2/2Pr4/1P4PP/4R1K1 b - - 2 31,f1e1
24,perromaluco,EulerE,984,1035,3r2k1/2p3p1/p4p1p/8/1Bb2P2/2P5/1P4PP/4R1K1 w - - 3 32,d3d8
24,perromaluco,EulerE,984,1035,3r2k1/2p1R1p1/p4p1p/8/1Bb2P2/2P5/1P4PP/6K1 b - - 4 32,e1e7
24,perromaluco,EulerE,984,1035,3r2k1/4R1p1/p1p2p1p/8/1Bb2P2/2P5/1P4PP/6K1 w - - 0 33,c7c6
24,perromaluco,EulerE,984,1035,3r2k1/2R3p1/p1p2p1p/8/1Bb2P2/2P5/1P4PP/6K1 b - - 1 33,e7c7
24,perromaluco,EulerE,984,1035,3r2k1/2R3p1/p1p2p1p/1b6/1B3P2/2P5/1P4PP/6K1 w - - 2 34,c4b5
24,perromaluco,EulerE,984,1035,3r2k1/2R1B1p1/p1p2p1p/1b6/5P2/2P5/1P4PP/6K1 b - - 3 34,b4e7
24,perromaluco,EulerE,984,1035,6k1/2R1B1p1/p1p2p1p/1b6/5P2/2P5/1P1r2PP/6K1 w - - 4 35,d8d2
24,perromaluco,EulerE,984,1035,6k1/2R3p1/p1p2p1p/1bB5/5P2/2P5/1P1r2PP/6K1 b - - 5 35,e7c5
24,perromaluco,EulerE,984,1035,6k1/2R3p1/p1p2p1p/1bB5/5P2/2P5/1r4PP/6K1 w - - 0 36,d2b2
24,perromaluco,EulerE,984,1035,2R3k1/6p1/p1p2p1p/1bB5/5P2/2P5/1r4PP/6K1 b - - 1 36,c7c8
24,perromaluco,EulerE,984,1035,2R5/6pk/p1p2p1p/1bB5/5P2/2P5/1r4PP/6K1 w - - 2 37,g8h7
25,EulerE,perromaluco,1042,977,rnbqkbnr/pppppppp/8/8/3P4/8/PPP1PPPP/RNBQKBNR b KQkq - 0 1,d2d4
25,EulerE,perromaluco,1042,977,r1bqkbnr/pppppppp/2n5/8/3P4/8/PPP1PPPP/RNBQKBNR w KQkq - 1 2,b8c6
25,EulerE,perromaluco,1042,977,r1bqkbnr/pppppppp/2n5/3P4/8/8/PPP1PPPP/RNBQKBNR b KQkq - 0 2,d4d5
25,EulerE,perromaluco,1042,977,rnbqkbnr/pppppppp/8/3P4/8/8/PPP1PPPP/RNBQKBNR w KQkq - 1 3,c6b8
25,EulerE,perromaluco,1042,977,rnbqkbnr/pppppppp/8/3P4/2P5/8/PP2PPPP/RNBQKBNR b KQkq - 0 3,c2c4
25,EulerE,perromaluco,1042,977,rnbqkb1r/pppppppp/5n2/3P4/2P5/8/PP2PPPP/RNBQKBNR w KQkq - 1 4,g8f6
25,EulerE,perromaluco,1042,977,rnbqkb1r/pppppppp/5n2/3P4/2P5/5N2/PP2PPPP/RNBQKB1R b KQkq - 2 4,g1f3
25,EulerE,perromaluco,1042,977,rnbqkb1r/pppp1ppp/4pn2/3P4/2P5/5N2/PP2PPPP/RNBQKB1R w KQkq - 0 5,e7e6
25,EulerE,perromaluco,1042,977,rnbqkb1r/pppp1ppp/4pn2/3P4/2P5/2N2N2/PP2PPPP/R1BQKB1R b KQkq - 1 5,b1c3
25,EulerE,perromaluco,1042,977,rnbqkb1r/ppp2ppp/3ppn2/3P4/2P5/2N2N2/PP2PPPP/R1BQKB1R w KQkq - 0 6,d7d6
25,EulerE,perromaluco,1042,977,rnbqkb1r/ppp2ppp/3ppn2/3P2B1/2P5/2N2N2/PP2PPPP/R2QKB1R b KQkq - 1 6,c1g5
25,EulerE,perromaluco,1042,977,rnbqk2r/ppp1bppp/3ppn2/3P2B1/2P5/2N2N2/PP2PPPP/R2QKB1R w KQkq - 2 7,f8e7
25,EulerE,perromaluco,1042,977,rnbqk2r/ppp1bppp/3ppB2/3P4/2P5/2N2N2/PP2PPPP/R2QKB1R b KQkq - 0 7,g5f6
25,EulerE,perromaluco,1042,977,rnbqk2r/ppp2ppp/3ppb2/3P4/2P5/2N2N2/PP2PPPP/R2QKB1R w KQkq - 0 8,e7f6
25,EulerE,perromaluco,1042,977,rnbqk2r/ppp2ppp/3ppb2/3P4/2P5/2N2N2/PPQ1PPPP/R3KB1R b KQkq - 1 8,d1c2
25,EulerE,perromaluco,1042,977,rnbq1rk1/ppp2ppp/3ppb2/3P4/2P5/2N2N2/PPQ1PPPP/R3KB1R w KQ - 2 9,e8g8
25,EulerE,perromaluco,1042,977,rnbq1rk1/ppp2ppp/3ppb2/3P4/2P1P3/2N2N2/PPQ2PPP/R3KB1R b KQ - 0 9,e2e4
25,EulerE,perromaluco,1042,977,rnbq1rk1/ppp2ppp/3p1b2/3Pp3/2P1P3/2N2N2/PPQ2PPP/R3KB1R w KQ - 0 10,e6e5
25,EulerE,perromaluco,1042,977,rnbq1rk1/ppp2ppp/3p1b2/3Pp3/2P1P3/2N2NP1/PPQ2P1P/R3KB1R b KQ - 0 10,g2g3
25,EulerE,perromaluco,1042,977,rn1q1rk1/ppp2ppp/3p1b2/3Pp3/2P1P1b1/2N2NP1/PPQ2P1P/R3KB1R w KQ - 1 11,c8g4
25,EulerE,perromaluco,1042,977,rn1q1rk1/ppp2ppp/3p1b2/3Pp3/2P1P1b1/2N2NP1/PPQ2PBP/R3K2R b KQ - 2 11,f1g2
25,EulerE,perromaluco,1042,977,rn1q1rk1/pp3ppp/2pp1b2/3Pp3/2P1P1b1/2N2NP1/PPQ2PBP/R3K2R w KQ - 0 12,c7c6
25,EulerE,perromaluco,1042,977,rn1q1rk1/pp3ppp/2pp1b2/3Pp3/2P1P1b1/2N2NP1/PPQ2PBP/R4RK1 b - - 1 12,e1g1
25,EulerE,perromaluco,1042,977,rn1q1rk1/pp3ppp/3p1b2/2pPp3/2P1P1b1/2N2NP1/PPQ2PBP/R4RK1 w - - 0 13,c6c5
25,EulerE,perromaluco,1042,977,rn1q1rk1/pp3ppp/3p1b2/2pPp3/2P1P1b1/1QN2NP1/PP3PBP/R4RK1 b - - 1 13,c2b3
25,EulerE,perromaluco,1042,977,rn3rk1/ppq2ppp/3p1b2/2pPp3/2P1P1b1/1QN2NP1/PP3PBP/R4RK1 w - - 2 14,d8c7
25,EulerE,perromaluco,1042,977,rn3rk1/ppq2ppp/3p1b2/1NpPp3/2P1P1b1/1Q3NP1/PP3PBP/R4RK1 b - - 3 14,c3b5
25,EulerE,perromaluco,1042,977,rn3rk1/pp1q1ppp/3p1b2/1NpPp3/2P1P1b1/1Q3NP1/PP3PBP/R4RK1 w - - 4 15,c7d7
25,EulerE,perromaluco,1042,977,rn3rk1/pp1q1ppp/3p1b2/1NpPp3/2P1P1b1/1Q3NP1/PP3PBP/R3R1K1 b - - 5 15,f1e1
25,EulerE,perromaluco,1042,977,r4rk1/pp1q1ppp/n2p1b2/1NpPp3/2P1P1b1/1Q3NP1/PP3PBP/R3R1K1 w - - 6 16,b8a6
25,EulerE,perromaluco,1042,977,r4rk1/pp1q1ppp/n2p1b2/1NpPp3/2P1P1b1/PQ3NP1/1P3PBP/R3R1K1 b - - 0 16,a2a3
25,EulerE,perromaluco,1042,977,r4rk1/pp1q1ppp/n2p1b2/1NpPp3/2P1P3/PQ3NPb/1P3PBP/R3R1K1 w - - 1 17,g4h3
25,EulerE,perromaluco,1042,977,r4rk1/pp1q1ppp/n2p1b2/1NpPp3/2P1P3/PQ3NPB/1P3P1P/R3R1K1 b - - 0 17,g2h3
25,EulerE,perromaluco,1042,977,r4rk1/pp3ppp/n2p1b2/1NpPp3/2P1P3/PQ3NPq/1P3P1P/R3R1K1 w - - 0 18,d7h3
25,EulerE,perromaluco,1042,977,r4rk1/pp3ppp/n2N1b2/2pPp3/2P1P3/PQ3NPq/1P3P1P/R3R1K1 b - - 0 18,b5d6
25,EulerE,perromaluco,1042,977,r4rk1/p4ppp/np1N1b2/2pPp3/2P1P3/PQ3NPq/1P3P1P/R3R1K1 w - - 0 19,b7b6
25,EulerE,perromaluco,1042,977,r4rk1/p4ppp/np3b2/2pPpN2/2P1P3/PQ3NPq/1P3P1P/R3R1K1 b - - 1 19,d6f5
25,EulerE,perromaluco,1042,977,r4rk1/p4ppp/np3b2/2pPpN2/2P1P1q1/PQ3NP1/1P3P1P/R3R1K1 w - - 2 20,h3g4
25,EulerE,perromaluco,1042,977,r4rk1/p4ppp/np1P1b2/2p1pN2/2P1P1q1/PQ3NP1/1P3P1P/R3R1K1 b - - 0 20,d5d6
25,EulerE,perromaluco,1042,977,r4rk1/p4ppp/np1P1b2/2p1pN2/2P1P3/PQ3qP1/1P3P1P/R3R1K1 w - - 0 21,g4f3
25,EulerE,perromaluco,1042,977,r4rk1/p4ppp/np1P1b2/2p1pN2/2P1P3/P4QP1/1P3P1P/R3R1K1 b - - 0 21,b3f3
26,perromaluco,EulerE,986,1033,rnbqkbnr/pppppppp/8/8/8/5N2/PPPPPPPP/RNBQKB1R b KQkq - 1 1,g1f3
26,perromaluco,EulerE,986,1033,rnbqkbnr/ppp1pppp/8/3p4/8/5N2/PPPPPPPP/RNBQKB1R w KQkq - 0 2,d7d5
26,perromaluco,EulerE,986,1033,rnbqkbnr/ppp1pppp/8/3p4/4P3/5N2/PPPP1PPP/RNBQKB1R b KQkq - 0 2,e2e4
26,perromaluco,EulerE,986,1033,rnbqkbnr/ppp1pppp/8/8/4p3/5N2/PPPP1PPP/RNBQKB1R w KQkq - 0 3,d5e4
26,perromaluco,EulerE,986,1033,rnbqkbnr/ppp1pppp/8/6N1/4p3/8/PPPP1PPP/RNBQKB1R b KQkq - 1 3,f3g5
26,perromaluco,EulerE,986,1033,rnbqkb1r/ppp1pppp/5n2/6N1/4p3/8/PPPP1PPP/RNBQKB1R w KQkq - 2 4,g8f6
26,perromaluco,EulerE,986,1033,rnbqkb1r/ppp1pppp/5n2/6N1/4p3/3P4/PPP2PPP/RNBQKB1R b KQkq - 0 4,d2d3
26,perromaluco,EulerE,986,1033,rnbqkb1r/ppp1ppp1/5n1p/6N1/4p3/3P4/PPP2PPP/RNBQKB1R w KQkq - 0 5,h7h6
26,perromaluco,EulerE,986,1033,rnbqkb1r/ppp1ppp1/5n1p/8/4N3/3P4/PPP2PPP/RNBQKB1R b KQkq - 0 5,g5e4
26,perromaluco,EulerE,986,1033,rnbqkb1r/ppp2pp1/5n1p/4p3/4N3/3P4/PPP2PPP/RNBQKB1R w KQkq - 0 6,e7e5
26,perromaluco,EulerE,986,1033,rnbqkb1r/ppp2pp1/5n1p/4p3/4N3/2NP4/PPP2PPP/R1BQKB1R b KQkq - 1 6,b1c3
26,perromaluco,EulerE,986,1033,r1bqkb1r/ppp2pp1/2n2n1p/4p3/4N3/2NP4/PPP2PPP/R1BQKB1R w KQkq - 2 7,b8c6
26,perromaluco,EulerE,986,1033,r1bqkb1r/ppp2pp1/2n2n1p/4p3/4N3/2NP4/PPP1BPPP/R1BQK2R b KQkq - 3 7,f1e2
26,perromaluco,EulerE,986,1033,r2qkb1r/ppp2pp1/2n2n1p/4pb2/4N3/2NP4/PPP1BPPP/R1BQK2R w KQkq - 4 8,c8f5
26,perromaluco,EulerE,986,1033,r2qkb1r/ppp2pp1/2n2N1p/4pb2/8/2NP4/PPP1BPPP/R1BQK2R b KQkq - 0 8,e4f6
26,perromaluco,EulerE,986,1033,r3kb1r/ppp2pp1/2n2q1p/4pb2/8/2NP4/PPP1BPPP/R1BQK2R w KQkq - 0 9,d8f6
26,perromaluco,EulerE,986,1033,r3kb1r/ppp2pp1/2n2q1p/4pb2/8/2NP4/PPP1BPPP/R1BQ1RK1 b kq - 1 9,e1g1
26,perromaluco,EulerE,986,1033,2kr1b1r/ppp2pp1/2n2q1p/4pb2/8/2NP4/PPP1BPPP/R1BQ1RK1 w - - 2 10,e8c8
26,perromaluco,EulerE,986,1033,2kr1b1r/ppp2pp1/2n2q1p/4pb2/8/2NP1B2/PPP2PPP/R1BQ1RK1 b - - 3 10,e2f3
26,perromaluco,EulerE,986,1033,1k1r1b1r/ppp2pp1/2n2q1p/4pb2/8/2NP1B2/PPP2PPP/R1BQ1RK1 w - - 4 11,c8b8
26,perromaluco,EulerE,986,1033,1k1r1b1r/ppp2pp1/2B2q1p/4pb2/8/2NP4/PPP2PPP/R1BQ1RK1 b - - 0 11,f3c6
26,perromaluco,EulerE,986,1033,1k1r1b1r/ppp2pp1/2q4p/4pb2/8/2NP4/PPP2PPP/R1BQ1RK1 w - - 0 12,f6c6
26,perromaluco,EulerE,986,1033,1k1r1b1r/ppp2pp1/2q4p/4pb2/8/2NPB3/PPP2PPP/R2Q1RK1 b - - 1 12,c1e3
26,perromaluco,EulerE,986,1033,1k1r3r/ppp2pp1/2q4p/2b1pb2/8/2NPB3/PPP2PPP/R2Q1RK1 w - - 2 13,f8c5
26,perromaluco,EulerE,986,1033,1k1r3r/ppp2pp1/2q4p/2b1pb2/8/2NPB3/PPP1QPPP/R4RK1 b - - 3 13,d1e2
26,perromaluco,EulerE,986,1033,1k1r3r/ppp2pp1/2q4p/4pb2/8/2NPb3/PPP1QPPP/R4RK1 w - - 0 14,c5e3
26,perromaluco,EulerE,986,1033,1k1r3r/ppp2pp1/2q4p/4pb2/8/2NPQ3/PPP2PPP/R4RK1 b - - 0 14,e2e3
26,perromaluco,EulerE,986,1033,1k1rr3/ppp2pp1/2q4p/4pb2/8/2NPQ3/PPP2PPP/R4RK1 w - - 1 15,h8e8
26,perromaluco,EulerE,986,1033,1k1rr3/ppp2pp1/2q4p/4pb2/P7/2NPQ3/1PP2PPP/R4RK1 b - - 0 15,a2a4
26,perromaluco,EulerE,986,1033,1k1rr3/ppp2pp1/2q4p/5b2/P3p3/2NPQ3/1PP2PPP/R4RK1 w - - 0 16,e5e4
26,perromaluco,EulerE,986,1033,1k1rr3/ppp2pp1/2q4p/5b2/P2Pp3/2N1Q3/1PP2PPP/R4RK1 b - - 0 16,d3d4
26,perromaluco,EulerE,986,1033,1k1rr3/ppp2pp1/7p/5b2/P1qPp3/2N1Q3/1PP2PPP/R4RK1 w - - 1 17,c6c4
26,perromaluco,EulerE,986,1033,1k1rr3/ppp2pp1/7p/5b2/P1qPp3/2N1Q3/1PP2PPP/R2R2K1 b - - 2 17,f1d1
26,perromaluco,EulerE,986,1033,1k1rr3/ppp2pp1/7p/8/P1qPp1b1/2N1Q3/1PP2PPP/R2R2K1 w - - 3 18,f5g4
26,perromaluco,EulerE,986,1033,1k1rr3/ppp2pp1/7p/8/P1qPp1b1/2N1Q3/1PPR1PPP/R5K1 b - - 4 18,d1d2
26,perromaluco,EulerE,986,1033,1k1rr3/pp3pp1/7p/2p5/P1qPp1b1/2N1Q3/1PPR1PPP/R5K1 w - - 0 19,c7c5
26,perromaluco,EulerE,986,1033,1k1rr3/pp3pp1/7p/2pP4/P1q1p1b1/2N1Q3/1PPR1PPP/R5K1 b - - 0 19,d4d5
26,perromaluco,EulerE,986,1033,1k1rr3/1p3pp1/p6p/2pP4/P1q1p1b1/2N1Q3/1PPR1PPP/R5K1 w - - 0 20,a7a6
26,perromaluco,EulerE,986,1033,1k1rr3/1p3pp1/p6p/2pP4/P1q1p1b1/2N1Q2P/1PPR1PP1/R5K1 b - - 0 20,h2h3
26,perromaluco,EulerE,986,1033,1k1rr3/1p3pp1/p6p/2pP3b/P1q1p3/2N1Q2P/1PPR1PP1/R5K1 w - - 1 21,g4h5
26,perromaluco,EulerE,986,1033,1k1rr3/1p3pp1/p6p/2pP3b/P1q1p1P1/2N1Q2P/1PPR1P2/R5K1 b - - 0 21,g2g4
26,perromaluco,EulerE,986,1033,1k1rr3/1p3pp1/p5bp/2pP4/P1q1p1P1/2N1Q2P/1PPR1P2/R5K1 w - - 1 22,h5g6
26,perromaluco,EulerE,986,1033,1k1rr3/1p3pp1/p5bp/2pP4/P1q1p1P1/2N1Q2P/1PPR1P2/3R2K1 b - - 2 22,a1d1
26,perromaluco,EulerE,986,1033,1k1rr3/5pp1/p5bp/1ppP4/P1q1p1P1/2N1Q2P/1PPR1P2/3R2K1 w - - 0 23,b7b5
26,perromaluco,EulerE,986,1033,1k1rr3/5pp1/p5bp/1PpP4/2q1p1P1/2N1Q2P/1PPR1P2/3R2K1 b - - 0 23,a4b5
26,perromaluco,EulerE,986,1033,1k1rr3/5pp1/6bp/1ppP4/2q1p1P1/2N1Q2P/1PPR1P2/3R2K1 w - - 0 24,a6b5
26,perromaluco,EulerE,986,1033,1k1rr3/5pp1/3P2bp/1pp5/2q1p1P1/2N1Q2P/1PPR1P2/3R2K1 b - - 0 24,d5d6
26,perromaluco,EulerE,986,1033,1k1rr3/5pp1/3Pq1bp/1pp5/4p1P1/2N1Q2P/1PPR1P2/3R2K1 w - - 1 25,c4e6
26,perromaluco,EulerE,986,1033,1k1rr3/5pp1/3Pq1bp/1Np5/4p1P1/4Q2P/1PPR1P2/3R2K1 b - - 0 25,c3b5
26,perromaluco,EulerE,986,1033,1k1rr3/6p1/3Pq1bp/1Np2p2/4p1P1/4Q2P/1PPR1P2/3R2K1 w - - 0 26,f7f5
26,perromaluco,EulerE,986,1033,1k1rr3/6p1/3Pq1bp/1NQ2p2/4p1P1/7P/1PPR1P2/3R2K1 b - - 0 26,e3c5
26,perromaluco,EulerE,986,1033,1k1rr3/3q2p1/3P2bp/1NQ2p2/4p1P1/7P/1PPR1P2/3R2K1 w - - 1 27,e6d7
26,perromaluco,EulerE,986,1033,1k1rr3/3q2p1/1Q1P2bp/1N3p2/4p1P1/7P/1PPR1P2/3R2K1 b - - 2 27,c5b6
26,perromaluco,EulerE,986,1033,k2rr3/3q2p1/1Q1P2bp/1N3p2/4p1P1/7P/1PPR1P2/3R2K1 w - - 3 28,b8a8
26,perromaluco,EulerE,986,1033,k2rr3/2Nq2p1/1Q1P2bp/5p2/4p1P1/7P/1PPR1P2/3R2K1 b - - 4 28,b5c7
26,perromaluco,EulerE,986,1033,k2rr3/2q3p1/1Q1P2bp/5p2/4p1P1/7P/1PPR1P2/3R2K1 w - - 0 29,d7c7
26,perromaluco,EulerE,986,1033,k2rr3/2P3p1/1Q4bp/5p2/4p1P1/7P/1PPR1P2/3R2K1 b - - 0 29,d6c7
26,perromaluco,EulerE,986,1033,k3r3/2P3p1/1Q4bp/5p2/4p1P1/7P/1PPr1P2/3R2K1 w - - 0 30,d8d2
26,perromaluco,EulerE,986,1033,k3r3/2P3p1/1Q4bp/5p2/4p1P1/7P/1PPR1P2/6K1 b - - 0 30,d1d2
26,perromaluco,EulerE,986,1033,k3r3/2P3p1/1Q4bp/5p2/6P1/4p2P/1PPR1P2/6K1 w - - 0 31,e4e3
26,perromaluco,EulerE,986,1033,k3r3/2P3p1/1Q4bp/5p2/6P1/4P2P/1PPR4/6K1 b - - 0 31,f2e3
26,perromaluco,EulerE,986,1033,k3r3/2P2bp1/1Q5p/5p2/6P1/4P2P/1PPR4/6K1 w - - 1 32,g6f7
26,perromaluco,EulerE,986,1033,k2Rr3/2P2bp1/1Q5p/5p2/6P1/4P2P/1PP5/6K1 b - - 2 32,d2d8
26,perromaluco,EulerE,986,1033,k2r4/2P2bp1/1Q5p/5p2/6P1/4P2P/1PP5/6K1 w - - 0 33,e8d8
26,perromaluco,EulerE,986,1033,k2Q4/5bp1/1Q5p/5p2/6P1/4P2P/1PP5/6K1 b - - 0 33,c7d8q
27,EulerE,badatchess122223,1025,1053,rnbqkbnr/pppppppp/8/8/3P4/8/PPP1PPPP/RNBQKBNR b KQkq - 0 1,d2d4
27,EulerE,badatchess122223,1025,1053,rnbqkbnr/pppp1ppp/8/4p3/3P4/8/PPP1PPPP/RNBQKBNR w KQkq - 0 2,e7e5
27,EulerE,badatchess122223,1025,1053,rnbqkbnr/pppp1ppp/8/4P3/8/8/PPP1PPPP/RNBQKBNR b KQkq - 0 2,d4e5
27,EulerE,badatchess122223,1025,1053,r1bqkbnr/pppp1ppp/2n5/4P3/8/8/PPP1PPPP/RNBQKBNR w KQkq - 1 3,b8c6
27,EulerE,badatchess122223,1025,1053,r1bqkbnr/pppp1ppp/2n5/4P3/8/5N2/PPP1PPPP/RNBQKB1R b KQkq - 2 3,g1f3
27,EulerE,badatchess122223,1025,1053,r1b1kbnr/ppppqppp/2n5/4P3/8/5N2/PPP1PPPP/RNBQKB1R w KQkq - 3 4,d8e7
27,EulerE,badatchess122223,1025,1053,r1b1kbnr/ppppqppp/2n5/4P3/4P3/5N2/PPP2PPP/RNBQKB1R b KQkq - 0 4,e2e4
27,EulerE,badatchess122223,1025,1053,r1b1kbnr/ppppqppp/8/4n3/4P3/5N2/PPP2PPP/RNBQKB1R w KQkq - 0 5,c6e5
27,EulerE,badatchess122223,1025,1053,r1b1kbnr/ppppqppp/8/4n3/4PB2/5N2/PPP2PPP/RN1QKB1R b KQkq - 1 5,c1f4
27,EulerE,badatchess122223,1025,1053,r1b1kbnr/pppp1ppp/8/4n3/1q2PB2/5N2/PPP2PPP/RN1QKB1R w KQkq - 2 6,e7b4
27,EulerE,badatchess122223,1025,1053,r1b1kbnr/pppp1ppp/8/4n3/1q2PB2/2N2N2/PPP2PPP/R2QKB1R b KQkq - 3 6,b1c3
27,EulerE,badatchess122223,1025,1053,r1b1kbnr/pppp1ppp/8/4n3/4PB2/2N2N2/PqP2PPP/R2QKB1R w KQkq - 0 7,b4b2
27,EulerE,badatchess122223,1025,1053,r1b1kbnr/pppp1ppp/8/4B3/4P3/2N2N2/PqP2PPP/R2QKB1R b KQkq - 0 7,f4e5
27,EulerE,badatchess122223,1025,1053,r1b1k1nr/pppp1ppp/8/4B3/1b2P3/2N2N2/PqP2PPP/R2QKB1R w KQkq - 1 8,f8b4
27,EulerE,badatchess122223,1025,1053,r1b1k1nr/pppp1ppp/8/4B3/1b2P3/2N2N2/PqP2PPP/R1Q1KB1R b KQkq - 2 8,d1c1
27,EulerE,badatchess122223,1025,1053,r1b1k1nr/pppp1ppp/8/4B3/4P3/2b2N2/PqP2PPP/R1Q1KB1R w KQkq - 0 9,b4c3
27,EulerE,badatchess122223,1025,1053,r1b1k1nr/pppp1ppp/8/8/4P3/2B2N2/PqP2PPP/R1Q1KB1R b KQkq - 0 9,e5c3
27,EulerE,badatchess122223,1025,1053,r1b1k1nr/pppp1ppp/8/8/4P3/2q2N2/P1P2PPP/R1Q1KB1R w KQkq - 0 10,b2c3
27,EulerE,badatchess122223,1025,1053,r1b1k1nr/pppp1ppp/8/8/4P3/2q5/P1PN1PPP/R1Q1KB1R b KQkq - 1 10,f3d2
27,EulerE,badatchess122223,1025,1053,r1b1k2r/pppp1ppp/5n2/8/4P3/2q5/P1PN1PPP/R1Q1KB1R w KQkq - 2 11,g8f6
27,EulerE,badatchess122223,1025,1053,r1b1k2r/pppp1ppp/5n2/8/2B1P3/2q5/P1PN1PPP/R1Q1K2R b KQkq - 3 11,f1c4
27,EulerE,badatchess122223,1025,1053,r1b1k2r/pppp1ppp/8/8/2B1n3/2q5/P1PN1PPP/R1Q1K2R w KQkq - 0 12,f6e4
27,EulerE,badatchess122223,1025,1053,r1b1k2r/pppp1ppp/8/8/4n3/2qB4/P1PN1PPP/R1Q1K2R b KQkq - 1 12,c4d3
27,EulerE,badatchess122223,1025,1053,r1b1k2r/pppp1ppp/8/8/8/2qB4/P1Pn1PPP/R1Q1K2R w KQkq - 0 13,e4d2
27,EulerE,badatchess122223,1025,1053,r1b1k2r/pppp1ppp/8/8/8/2qB4/P1Pn1PPP/R2QK2R b KQkq - 1 13,c1d1
27,EulerE,badatchess122223,1025,1053,r1b1k2r/pppp1ppp/8/8/4n3/2qB4/P1P2PPP/R2QK2R w KQkq - 2 14,d2e4
28,EulerE,joeyjoe353,1030,885,rnbqkbnr/pppppppp/8/8/3P4/8/PPP1PPPP/RNBQKBNR b KQkq - 0 1,d2d4
28,EulerE,joeyjoe353,1030,885,rnbqkbnr/ppp1pppp/8/3p4/3P4/8/PPP1PPPP/RNBQKBNR w KQkq - 0 2,d7d5
28,EulerE,joeyjoe353,1030,885,rnbqkbnr/ppp1pppp/8/3p4/2PP4/8/PP2PPPP/RNBQKBNR b KQkq - 0 2,c2c4
28,EulerE,joeyjoe353,1030,885,rnbqkbnr/ppp1pppp/8/8/2pP4/8/PP2PPPP/RNBQKBNR w KQkq - 0 3,d5c4
28,EulerE,joeyjoe353,1030,885,rnbqkbnr/ppp1pppp/8/8/2pPP3/8/PP3PPP/RNBQKBNR b KQkq - 0 3,e2e4
28,EulerE,joeyjoe353,1030,885,rnbqkbnr/p1p1pppp/8/1p6/2pPP3/8/PP3PPP/RNBQKBNR w KQkq - 0 4,b7b5
28,EulerE,joeyjoe353,1030,885,rnbqkbnr/p1p1pppp/8/1p6/P1pPP3/8/1P3PPP/RNBQKBNR b KQkq - 0 4,a2a4
28,EulerE,joeyjoe353,1030,885,rnbqkbnr/2p1pppp/p7/1p6/P1pPP3/8/1P3PPP/RNBQKBNR w KQkq - 0 5,a7a6
28,EulerE,joeyjoe353,1030,885,rnbqkbnr/2p1pppp/p7/1P6/2pPP3/8/1P3PPP/RNBQKBNR b KQkq - 0 5,a4b5
28,EulerE,joeyjoe353,1030,885,rn1qkbnr/1bp1pppp/p7/1P6/2pPP3/8/1P3PPP/RNBQKBNR w KQkq - 1 6,c8b7
28,EulerE,joeyjoe353,1030,885,rn1qkbnr/1bp1pppp/p7/1P6/2BPP3/8/1P3PPP/RNBQK1NR b KQkq - 0 6,f1c4
28,EulerE,joeyjoe353,1030,885,rn1qkbnr/1bp1pppp/8/1p6/2BPP3/8/1P3PPP/RNBQK1NR w KQkq - 0 7,a6b5
28,EulerE,joeyjoe353,1030,885,rn1qkbnr/1bp1pppp/8/1B6/3PP3/8/1P3PPP/RNBQK1NR b KQkq - 0 7,c4b5
28,EulerE,joeyjoe353,1030,885,rn1qkbnr/1b2pppp/2p5/1B6/3PP3/8/1P3PPP/RNBQK1NR w KQkq - 0 8,c7c6
28,EulerE,joeyjoe353,1030,885,rn1qkbnr/1b2pppp/2p5/8/B2PP3/8/1P3PPP/RNBQK1NR b KQkq - 1 8,b5a4
28,EulerE,joeyjoe353,1030,885,rn1qkb1r/1b2pppp/2p2n2/8/B2PP3/8/1P3PPP/RNBQK1NR w KQkq - 2 9,g8f6
28,EulerE,joeyjoe353,1030,885,rn1qkb1r/1b2pppp/2p2n2/4P3/B2P4/8/1P3PPP/RNBQK1NR b KQkq - 0 9,e4e5
28,EulerE,joeyjoe353,1030,885,rn1qkb1r/1b2pppp/2p5/3nP3/B2P4/8/1P3PPP/RNBQK1NR w KQkq - 1 10,f6d5
28,EulerE,joeyjoe353,1030,885,rn1qkb1r/1b2pppp/2p5/3nP3/B2P4/2N5/1P3PPP/R1BQK1NR b KQkq - 2 10,b1c3
28,EulerE,joeyjoe353,1030,885,rn1qkb1r/1b2pppp/2p5/4P3/Bn1P4/2N5/1P3PPP/R1BQK1NR w KQkq - 3 11,d5b4
28,EulerE,joeyjoe353,1030,885,rn1qkb1r/1b2pppp/2p5/4P3/Bn1P4/2N5/1P1B1PPP/R2QK1NR b KQkq - 4 11,c1d2
28,EulerE,joeyjoe353,1030,885,rn1qkb1r/1b2pppp/2p5/3nP3/B2P4/2N5/1P1B1PPP/R2QK1NR w KQkq - 5 12,b4d5
28,EulerE,joeyjoe353,1030,885,rn1qkb1r/1b2pppp/2p5/3NP3/B2P4/8/1P1B1PPP/R2QK1NR b KQkq - 0 12,c3d5
28,EulerE,joeyjoe353,1030,885,rn2kb1r/1b2pppp/2p5/3qP3/B2P4/8/1P1B1PPP/R2QK1NR w KQkq - 0 13,d8d5
28,EulerE,joeyjoe353,1030,885,rn2kb1r/1b2pppp/2p5/3qP3/3P4/1B6/1P1B1PPP/R2QK1NR b KQkq - 1 13,a4b3
28,EulerE,joeyjoe353,1030,885,rn2kb1r/1b2pppp/2p5/4P3/3P4/1B6/1P1B1PqP/R2QK1NR w KQkq - 0 14,d5g2
28,EulerE,joeyjoe353,1030,885,Rn2kb1r/1b2pppp/2p5/4P3/3P4/1B6/1P1B1PqP/3QK1NR b Kk - 0 14,a1a8
28,EulerE,joeyjoe353,1030,885,bn2kb1r/4pppp/2p5/4P3/3P4/1B6/1P1B1PqP/3QK1NR w Kk - 0 15,b7a8
28,EulerE,joeyjoe353,1030,885,bn2kb1r/4pppp/2p5/4P3/3P4/1B3Q2/1P1B1PqP/4K1NR b Kk - 1 15,d1f3
28,EulerE,joeyjoe353,1030,885,bn2kb1r/4pppp/2p5/4P3/3P4/1B3q2/1P1B1P1P/4K1NR w Kk - 0 16,g2f3
28,EulerE,joeyjoe353,1030,885,bn2kb1r/4pppp/2p5/4P3/3P4/1B3N2/1P1B1P1P/4K2R b Kk - 0 16,g1f3
28,EulerE,joeyjoe353,1030,885,bn2kb1r/5ppp/2p1p3/4P3/3P4/1B3N2/1P1B1P1P/4K2R w Kk - 0 17,e7e6
28,EulerE,joeyjoe353,1030,885,bn2kb1r/5ppp/2p1p3/4P3/B2P4/5N2/1P1B1P1P/4K2R b Kk - 1 17,b3a4
28,EulerE,joeyjoe353,1030,885,bn2kb1r/5p1p/2p1p1p1/4P3/B2P4/5N2/1P1B1P1P/4K2R w Kk - 0 18,g7g6
28,EulerE,joeyjoe353,1030,885,bn2kb1r/5p1p/2p1p1p1/4P3/B2P4/5N2/1P1B1P1P/5RK1 b k - 1 18,e1g1
28,EulerE,joeyjoe353,1030,885,bn2k2r/4bp1p/2p1p1p1/4P3/B2P4/5N2/1P1B1P1P/5RK1 w k - 2 19,f8e7
28,EulerE,joeyjoe353,1030,885,bn2k2r/4bp1p/2p1p1p1/4P3/B2P3P/5N2/1P1B1P2/5RK1 b k - 0 19,h2h4
28,EulerE,joeyjoe353,1030,885,bn3rk1/4bp1p/2p1p1p1/4P3/B2P3P/5N2/1P1B1P2/5RK1 w - - 1 20,e8g8
28,EulerE,joeyjoe353,1030,885,bn3rk1/4bp1p/2p1p1p1/4P1N1/B2P3P/8/1P1B1P2/5RK1 b - - 2 20,f3g5
28,EulerE,joeyjoe353,1030,885,bn3rk1/5p1p/2p1p1p1/4P1b1/B2P3P/8/1P1B1P2/5RK1 w - - 0 21,e7g5
28,EulerE,joeyjoe353,1030,885,bn3rk1/5p1p/2p1p1p1/4P1P1/B2P4/8/1P1B1P2/5RK1 b - - 0 21,h4g5
28,EulerE,joeyjoe353,1030,885,b4rk1/3n1p1p/2p1p1p1/4P1P1/B2P4/8/1P1B1P2/5RK1 w - - 1 22,b8d7
28,EulerE,joeyjoe353,1030,885,b4rk1/3n1p1p/2p1p1p1/4P1P1/B2P1P2/8/1P1B4/5RK1 b - - 0 22,f2f4
28,EulerE,joeyjoe353,1030,885,b4rk1/5p1p/1np1p1p1/4P1P1/B2P1P2/8/1P1B4/5RK1 w - - 1 23,d7b6
28,EulerE,joeyjoe353,1030,885,b4rk1/5p1p/1np1p1p1/4P1P1/3P1P2/1B6/1P1B4/5RK1 b - - 2 23,a4b3
28,EulerE,joeyjoe353,1030,885,b4rk1/5p1p/2p1p1p1/3nP1P1/3P1P2/1B6/1P1B4/5RK1 w - - 3 24,b6d5
28,EulerE,joeyjoe353,1030,885,b4rk1/5p1p/2p1p1p1/3BP1P1/3P1P2/8/1P1B4/5RK1 b - - 0 24,b3d5
28,EulerE,joeyjoe353,1030,885,b4rk1/5p1p/4p1p1/3pP1P1/3P1P2/8/1P1B4/5RK1 w - - 0 25,c6d5
28,EulerE,joeyjoe353,1030,885,b4rk1/5p1p/4p1p1/3pP1P1/1B1P1P2/8/1P6/5RK1 b - - 1 25,d2b4
28,EulerE,joeyjoe353,1030,885,br4k1/5p1p/4p1p1/3pP1P1/1B1P1P2/8/1P6/5RK1 w - - 2 26,f8b8
28,EulerE,joeyjoe353,1030,885,br4k1/5p1p/4p1p1/3pP1P1/3P1P2/2B5/1P6/5RK1 b - - 3 26,b4c3
28,EulerE,joeyjoe353,1030,885,1r4k1/1b3p1p/4p1p1/3pP1P1/3P1P2/2B5/1P6/5RK1 w - - 4 27,a8b7
28,EulerE,joeyjoe353,1030,885,1r4k1/1b3p1p/4p1p1/3pP1P1/3P1P2/2B5/1P6/R5K1 b - - 5 27,f1a1
28,EulerE,joeyjoe353,1030,885,1r4k1/5p1p/2b1p1p1/3pP1P1/3P1P2/2B5/1P6/R5K1 w - - 6 28,b7c6
28,EulerE,joeyjoe353,1030,885,1r4k1/5p1p/2b1p1p1/3pP1P1/3P1P2/2B5/1P4K1/R7 b - - 7 28,g1g2
28,EulerE,joeyjoe353,1030,885,1r6/5pkp/2b1p1p1/3pP1P1/3P1P2/2B5/1P4K1/R7 w - - 8 29,g8g7
28,EulerE,joeyjoe353,1030,885,1r6/5pkp/2b1p1p1/3pP1P1/3P1P2/2B3K1/1P6/R7 b - - 9 29,g2g3
28,EulerE,joeyjoe353,1030,885,1r6/5pk1/2b1p1pp/3pP1P1/3P1P2/2B3K1/1P6/R7 w - - 0 30,h7h6
28,EulerE,joeyjoe353,1030,885,1r6/5pk1/2b1p1pp/3pP1P1/3P1PK1/2B5/1P6/R7 b - - 1 30,g3g4
28,EulerE,joeyjoe353,1030,885,1r6/5pk1/2b1p1p1/3pP1Pp/3P1PK1/2B5/1P6/R7 w - - 0 31,h6h5
28,EulerE,joeyjoe353,1030,885,1r6/5pk1/2b1p1p1/3pP1Pp/3P1P1K/2B5/1P6/R7 b - - 1 31,g4h4
28,EulerE,joeyjoe353,1030,885,1r6/3b1pk1/4p1p1/3pP1Pp/3P1P1K/2B5/1P6/R7 w - - 2 32,c6d7
28,EulerE,joeyjoe353,1030,885,1r6/R2b1pk1/4p1p1/3pP1Pp/3P1P1K/2B5/1P6/8 b - - 3 32,a1a7
28,EulerE,joeyjoe353,1030,885,3r4/R2b1pk1/4p1p1/3pP1Pp/3P1P1K/2B5/1P6/8 w - - 4 33,b8d8
28,EulerE,joeyjoe353,1030,885,3r4/R2b1pk1/4p1p1/B2pP1Pp/3P1P1K/8/1P6/8 b - - 5 33,c3a5
28,EulerE,joeyjoe353,1030,885,1r6/R2b1pk1/4p1p1/B2pP1Pp/3P1P1K/8/1P6/8 w - - 6 34,d8b8
28,EulerE,joeyjoe353,1030,885,1r6/R2b1pk1/4p1p1/3pP1Pp/3P1P1K/2B5/1P6/8 b - - 7 34,a5c3
28,EulerE,joeyjoe353,1030,885,3r4/R2b1pk1/4p1p1/3pP1Pp/3P1P1K/2B5/1P6/8 w - - 8 35,b8d8
28,EulerE,joeyjoe353,1030,885,3r4/R2b1pk1/4p1p1/3pP1Pp/1P1P1P1K/2B5/8/8 b - - 0 35,b2b4
28,EulerE,joeyjoe353,1030,885,2r5/R2b1pk1/4p1p1/3pP1Pp/1P1P1P1K/2B5/8/8 w - - 1 36,d8c8
28,EulerE,joeyjoe353,1030,885,2r5/R2b1pk1/4p1p1/3pP1Pp/1P1P1P1K/8/3B4/8 b - - 2 36,c3d2
28,EulerE,joeyjoe353,1030,885,8/R2b1pk1/4p1p1/3pP1Pp/1PrP1P1K/8/3B4/8 w - - 3 37,c8c4
28,EulerE,joeyjoe353,1030,885,8/3R1pk1/4p1p1/3pP1Pp/1PrP1P1K/8/3B4/8 b - - 0 37,a7d7
28,EulerE,joeyjoe353,1030,885,8/3R1pk1/4p1p1/3pP1Pp/1P1r1P1K/8/3B4/8 w - - 0 38,c4d4
28,EulerE,joeyjoe353,1030,885,8/3R1pk1/4p1p1/1P1pP1Pp/3r1P1K/8/3B4/8 b - - 0 38,b4b5
28,EulerE,joeyjoe353,1030,885,8/3R1pk1/4p1p1/1P1pP1Pp/1r3P1K/8/3B4/8 w - - 1 39,d4b4
28,EulerE,joeyjoe353,1030,885,8/3R1pk1/4p1p1/1P1pP1Pp/1B3P1K/8/8/8 b - - 0 39,d2b4
28,EulerE,joeyjoe353,1030,885,8/3R1pk1/4p1p1/1P2P1Pp/1B1p1P1K/8/8/8 w - - 0 40,d5d4
28,EulerE,joeyjoe353,1030,885,8/3R1pk1/1P2p1p1/4P1Pp/1B1p1P1K/8/8/8 b - - 0 40,b5b6
28,EulerE,joeyjoe353,1030,885,8/3R1pk1/1P2p1p1/4P1Pp/1B3P1K/3p4/8/8 w - - 0 41,d4d3
28,EulerE,joeyjoe353,1030,885,8/1P1R1pk1/4p1p1/4P1Pp/1B3P1K/3p4/8/8 b - - 0 41,b6b7
28,EulerE,joeyjoe353,1030,885,8/1P1R1pk1/4p1p1/4P1Pp/1B3P1K/8/3p4/8 w - - 0 42,d3d2
28,EulerE,joeyjoe353,1030,885,8/1P1R1pk1/4p1p1/4P1Pp/5P1K/8/3B4/8 b - - 0 42,b4d2
28,EulerE,joeyjoe353,1030,885,8/1P1R1p1k/4p1p1/4P1Pp/5P1K/8/3B4/8 w - - 1 43,g7h7
28,EulerE,joeyjoe353,1030,885,1Q6/3R1p1k/4p1p1/4P1Pp/5P1K/8/3B4/8 b - - 0 43,b7b8q
28,EulerE,joeyjoe353,1030,885,1Q6/3R1pk1/4p1p1/4P1Pp/5P1K/8/3B4/8 w - - 1 44,h7g7
28,EulerE,joeyjoe353,1030,885,4Q3/3R1pk1/4p1p1/4P1Pp/5P1K/8/3B4/8 b - - 2 44,b8e8
28,EulerE,joeyjoe353,1030,885,4Q3/3R1p1k/4p1p1/4P1Pp/5P1K/8/3B4/8 w - - 3 45,g7h7
28,EulerE,joeyjoe353,1030,885,4Q3/5R1k/4p1p1/4P1Pp/5P1K/8/3B4/8 b - - 0 45,d7f7
29,shydawge,EulerE,1027,1038,rnbqkbnr/pppppppp/8/8/4P3/8/PPPP1PPP/RNBQKBNR b KQkq - 0 1,e2e4
29,shydawge,EulerE,1027,1038,rnbqkbnr/pppp1ppp/8/4p3/4P3/8/PPPP1PPP/RNBQKBNR w KQkq - 0 2,e7e5
29,shydawge,EulerE,1027,1038,rnbqkbnr/pppp1ppp/8/4p3/4P3/5N2/PPPP1PPP/RNBQKB1R b KQkq - 1 2,g1f3
29,shydawge,EulerE,1027,1038,r1bqkbnr/pppp1ppp/2n5/4p3/4P3/5N2/PPPP1PPP/RNBQKB1R w KQkq - 2 3,b8c6
29,shydawge,EulerE,1027,1038,r1bqkbnr/pppp1ppp/2n5/4p3/2B1P3/5N2/PPPP1PPP/RNBQK2R b KQkq - 3 3,f1c4
29,shydawge,EulerE,1027,1038,r1bqkb1r/pppp1ppp/2n2n2/4p3/2B1P3/5N2/PPPP1PPP/RNBQK2R w KQkq - 4 4,g8f6
29,shydawge,EulerE,1027,1038,r1bqkb1r/pppp1ppp/2n2n2/4p3/2B1P3/2P2N2/PP1P1PPP/RNBQK2R b KQkq - 0 4,c2c3
29,shydawge,EulerE,1027,1038,r1bqkb1r/ppp2ppp/2n2n2/3pp3/2B1P3/2P2N2/PP1P1PPP/RNBQK2R w KQkq - 0 5,d7d5
29,shydawge,EulerE,1027,1038,r1bqkb1r/ppp2ppp/2n2n2/3pp3/2BPP3/2P2N2/PP3PPP/RNBQK2R b KQkq - 0 5,d2d4
29,shydawge,EulerE,1027,1038,r1bqkb1r/ppp2ppp/2n2n2/4p3/2pPP3/2P2N2/PP3PPP/RNBQK2R w KQkq - 0 6,d5c4
29,shydawge,EulerE,1027,1038,r1bqkb1r/ppp2ppp/2n2n2/3Pp3/2p1P3/2P2N2/PP3PPP/RNBQK2R b KQkq - 0 6,d4d5
29,shydawge,EulerE,1027,1038,r1bqkb1r/ppp1nppp/5n2/3Pp3/2p1P3/2P2N2/PP3PPP/RNBQK2R w KQkq - 1 7,c6e7
29,shydawge,EulerE,1027,1038,r1bqkb1r/ppp1nppp/5n2/3Pp3/Q1p1P3/2P2N2/PP3PPP/RNB1K2R b KQkq - 2 7,d1a4
29,shydawge,EulerE,1027,1038,r2qkb1r/pppbnppp/5n2/3Pp3/Q1p1P3/2P2N2/PP3PPP/RNB1K2R w KQkq - 3 8,c8d7
29,shydawge,EulerE,1027,1038,r2qkb1r/pppbnppp/5n2/3Pp3/2Q1P3/2P2N2/PP3PPP/RNB1K2R b KQkq - 0 8,a4c4
29,shydawge,EulerE,1027,1038,r2qkb1r/pppbnp1p/5np1/3Pp3/2Q1P3/2P2N2/PP3PPP/RNB1K2R w KQkq - 0 9,g7g6
29,shydawge,EulerE,1027,1038,r2qkb1r/pppbnp1p/5np1/3Pp3/2Q1P3/2P2N2/PP3PPP/RNB2RK1 b kq - 1 9,e1g1
29,shydawge,EulerE,1027,1038,r2qk2r/pppbnpbp/5np1/3Pp3/2Q1P3/2P2N2/PP3PPP/RNB2RK1 w kq - 2 10,f8g7
29,shydawge,EulerE,1027,1038,r2qk2r/pppbnpbp/5np1/3Pp1B1/2Q1P3/2P2N2/PP3PPP/RN3RK1 b kq - 3 10,c1g5
29,shydawge,EulerE,1027,1038,r2q1rk1/pppbnpbp/5np1/3Pp1B1/2Q1P3/2P2N2/PP3PPP/RN3RK1 w - - 4 11,e8g8
29,shydawge,EulerE,1027,1038,r2q1rk1/pppbnpbp/5np1/3PN1B1/2Q1P3/2P5/PP3PPP/RN3RK1 b - - 0 11,f3e5
29,shydawge,EulerE,1027,1038,r2q1rk1/pppbnpb1/5npp/3PN1B1/2Q1P3/2P5/PP3PPP/RN3RK1 w - - 0 12,h7h6
29,shydawge,EulerE,1027,1038,r2q1rk1/pppbnpb1/5Bpp/3PN3/2Q1P3/2P5/PP3PPP/RN3RK1 b - - 0 12,g5f6
29,shydawge,EulerE,1027,1038,r2q1rk1/pppbnp2/5bpp/3PN3/2Q1P3/2P5/PP3PPP/RN3RK1 w - - 0 13,g7f6
29,shydawge,EulerE,1027,1038,r2q1rk1/pppbnp2/5bpp/3PN3/2Q1PP2/2P5/PP4PP/RN3RK1 b - - 0 13,f2f4
29,shydawge,EulerE,1027,1038,r2q1rk1/pppbnp2/6pp/3Pb3/2Q1PP2/2P5/PP4PP/RN3RK1 w - - 0 14,f6e5
29,shydawge,EulerE,1027,1038,r2q1rk1/pppbnp2/6pp/3PP3/2Q1P3/2P5/PP4PP/RN3RK1 b - - 0 14,f4e5
29,shydawge,EulerE,1027,1038,r2q1rk1/1ppbnp2/p5pp/3PP3/2Q1P3/2P5/PP4PP/RN3RK1 w - - 0 15,a7a6
29,shydawge,EulerE,1027,1038,r2q1rk1/1ppbnp2/p2P2pp/4P3/2Q1P3/2P5/PP4PP/RN3RK1 b - - 0 15,d5d6
29,shydawge,EulerE,1027,1038,r2q1rk1/1pp1np2/p2P2pp/1b2P3/2Q1P3/2P5/PP4PP/RN3RK1 w - - 1 16,d7b5
29,shydawge,EulerE,1027,1038,r2q1rk1/1pp1np2/p2P2pp/1b2P3/1Q2P3/2P5/PP4PP/RN3RK1 b - - 2 16,c4b4
29,shydawge,EulerE,1027,1038,r2q1rk1/1pp2p2/p1nP2pp/1b2P3/1Q2P3/2P5/PP4PP/RN3RK1 w - - 3 17,e7c6
29,shydawge,EulerE,1027,1038,r2q1rk1/1pP2p2/p1n3pp/1b2P3/1Q2P3/2P5/PP4PP/RN3RK1 b - - 0 17,d6c7
29,shydawge,EulerE,1027,1038,r2q1rk1/1pP2p2/p5pp/1b2P3/1n2P3/2P5/PP4PP/RN3RK1 w - - 0 18,c6b4
29,shydawge,EulerE,1027,1038,r2Q1rk1/1p3p2/p5pp/1b2P3/1n2P3/2P5/PP4PP/RN3RK1 b - - 0 18,c7d8q
29,shydawge,EulerE,1027,1038,3r1rk1/1p3p2/p5pp/1b2P3/1n2P3/2P5/PP4PP/RN3RK1 w - - 0 19,a8d8
29,shydawge,EulerE,1027,1038,3r1rk1/1p3p2/p5pp/1b2P3/1n2P3/2P5/PP4PP/RN2R1K1 b - - 1 19,f1e1
29,shydawge,EulerE,1027,1038,3r1rk1/1p3p2/p1n3pp/1b2P3/4P3/2P5/PP4PP/RN2R1K1 w - - 2 20,b4c6
29,shydawge,EulerE,1027,1038,3r1rk1/1p3p2/p1n3pp/1b2P3/P3P3/2P5/1P4PP/RN2R1K1 b - - 0 20,a2a4
29,shydawge,EulerE,1027,1038,3r1rk1/1p3p2/p1n3pp/4P3/P1b1P3/2P5/1P4PP/RN2R1K1 w - - 1 21,b5c4
29,shydawge,EulerE,1027,1038,3r1rk1/1p3p2/p1n3pp/4P3/P1b1P3/N1P5/1P4PP/R3R1K1 b - - 2 21,b1a3
29,shydawge,EulerE,1027,1038,3r1rk1/1p3p2/p5pp/4n3/P1b1P3/N1P5/1P4PP/R3R1K1 w - - 0 22,c6e5
29,shydawge,EulerE,1027,1038,3r1rk1/1p3p2/p5pp/4n3/P1N1P3/2P5/1P4PP/R3R1K1 b - - 0 22,a3c4
29,shydawge,EulerE,1027,1038,3r1rk1/1p3p2/p5pp/8/P1n1P3/2P5/1P4PP/R3R1K1 w - - 0 23,e5c4
29,shydawge,EulerE,1027,1038,3r1rk1/1p3p2/p5pp/8/P1n1P3/1PP5/6PP/R3R1K1 b - - 0 23,b2b3
29,shydawge,EulerE,1027,1038,3r1rk1/1p3p2/p5pp/4n3/P3P3/1PP5/6PP/R3R1K1 w - - 1 24,c4e5
29,shydawge,EulerE,1027,1038,3r1rk1/1p3p2/p5pp/4n3/P1P1P3/1P6/6PP/R3R1K1 b - - 0 24,c3c4
29,shydawge,EulerE,1027,1038,5rk1/1p3p2/p5pp/4n3/P1P1P3/1P1r4/6PP/R3R1K1 w - - 1 25,d8d3
29,shydawge,EulerE,1027,1038,5rk1/1p3p2/p5pp/4n3/PPP1P3/3r4/6PP/R3R1K1 b - - 0 25,b3b4
29,shydawge,EulerE,1027,1038,5rk1/1p3p2/p5pp/4n3/PPPrP3/8/6PP/R3R1K1 w - - 1 26,d3d4
29,shydawge,EulerE,1027,1038,5rk1/1p3p2/p5pp/1P2n3/P1PrP3/8/6PP/R3R1K1 b - - 0 26,b4b5
29,shydawge,EulerE,1027,1038,5rk1/1p3p2/p5pp/1P2n3/P1r1P3/8/6PP/R3R1K1 w - - 0 27,d4c4
29,shydawge,EulerE,1027,1038,5rk1/1p3p2/P5pp/4n3/P1r1P3/8/6PP/R3R1K1 b - - 0 27,b5a6
29,shydawge,EulerE,1027,1038,5rk1/5p2/p5pp/4n3/P1r1P3/8/6PP/R3R1K1 w - - 0 28,b7a6
29,shydawge,EulerE,1027,1038,5rk1/5p2/p5pp/P3n3/2r1P3/8/6PP/R3R1K1 b - - 0 28,a4a5
29,shydawge,EulerE,1027,1038,3r2k1/5p2/p5pp/P3n3/2r1P3/8/6PP/R3R1K1 w - - 1 29,f8d8
29,shydawge,EulerE,1027,1038,3r2k1/5p2/p5pp/P3n3/2r1P3/8/5KPP/R3R3 b - - 2 29,g1f2
29,shydawge,EulerE,1027,1038,3r2k1/5p2/p5pp/P7/2r1P3/3n4/5KPP/R3R3 w - - 3 30,e5d3
29,shydawge,EulerE,1027,1038,3r2k1/5p2/p5pp/P7/2r1P3/3n1K2/6PP/R3R3 b - - 4 30,f2f3
29,shydawge,EulerE,1027,1038,3r2k1/5p2/p5pp/P7/2r1P3/5K2/6PP/R3n3 w - - 0 31,d3e1
29,shydawge,EulerE,1027,1038,3r2k1/5p2/p5pp/P7/2r1P3/5K2/6PP/4R3 b - - 0 31,a1e1
29,shydawge,EulerE,1027,1038,6k1/5p2/p5pp/P7/2rrP3/5K2/6PP/4R3 w - - 1 32,d8d4
29,shydawge,EulerE,1027,1038,6k1/5p2/p5pp/P3P3/2rr4/5K2/6PP/4R3 b - - 0 32,e4e5
29,shydawge,EulerE,1027,1038,6k1/5p2/p5pp/P3P3/2r2r2/5K2/6PP/4R3 w - - 1 33,d4f4
29,shydawge,EulerE,1027,1038,6k1/5p2/p5pp/P3P3/2r2r2/6K1/6PP/4R3 b - - 2 33,f3g3
29,shydawge,EulerE,1027,1038,6k1/5p2/p5pp/P3P3/2r1r3/6K1/6PP/4R3 w - - 3 34,f4e4
29,shydawge,EulerE,1027,1038,6k1/5p2/p5pp/P3P3/2r1R3/6K1/6PP/8 b - - 0 34,e1e4
29,shydawge,EulerE,1027,1038,6k1/5p2/p5pp/P3P3/4r3/6K1/6PP/8 w - - 0 35,c4e4
30,melayuslayer69420,EulerE,1004,1029,rnbqkbnr/pppppppp/8/8/3P4/8/PPP1PPPP/RNBQKBNR b KQkq - 0 1,d2d4
30,melayuslayer69420,EulerE,1004,1029,rnbqkbnr/ppp1pppp/8/3p4/3P4/8/PPP1PPPP/RNBQKBNR w KQkq - 0 2,d7d5
30,melayuslayer69420,EulerE,1004,1029,rnbqkbnr/ppp1pppp/8/3p4/2PP4/8/PP2PPPP/RNBQKBNR b KQkq - 0 2,c2c4
30,melayuslayer69420,EulerE,1004,1029,rnbqkbnr/ppp1pppp/8/8/2pP4/8/PP2PPPP/RNBQKBNR w KQkq - 0 3,d5c4
30,melayuslayer69420,EulerE,1004,1029,rnbqkbnr/ppp1pppp/8/8/2pPP3/8/PP3PPP/RNBQKBNR b KQkq - 0 3,e2e4
30,melayuslayer69420,EulerE,1004,1029,rnbqkbnr/p1p1pppp/8/1p6/2pPP3/8/PP3PPP/RNBQKBNR w KQkq - 0 4,b7b5
30,melayuslayer69420,EulerE,1004,1029,rnbqkbnr/p1p1pppp/8/1p6/2pPP3/5N2/PP3PPP/RNBQKB1R b KQkq - 1 4,g1f3
30,melayuslayer69420,EulerE,1004,1029,rnbqkbnr/p1p2ppp/4p3/1p6/2pPP3/5N2/PP3PPP/RNBQKB1R w KQkq - 0 5,e7e6
30,melayuslayer69420,EulerE,1004,1029,rnbqkbnr/p1p2ppp/4p3/1p6/2pPP3/1P3N2/P4PPP/RNBQKB1R b KQkq - 0 5,b2b3
30,melayuslayer69420,EulerE,1004,1029,r1bqkbnr/p1p2ppp/2n1p3/1p6/2pPP3/1P3N2/P4PPP/RNBQKB1R w KQkq - 1 6,b8c6
30,melayuslayer69420,EulerE,1004,1029,r1bqkbnr/p1p2ppp/2n1p3/1p6/2PPP3/5N2/P4PPP/RNBQKB1R b KQkq - 0 6,b3c4
30,melayuslayer69420,EulerE,1004,1029,r1bqkbnr/p1p2ppp/2n1p3/8/2pPP3/5N2/P4PPP/RNBQKB1R w KQkq - 0 7,b5c4
30,melayuslayer69420,EulerE,1004,1029,r1bqkbnr/p1p2ppp/2n1p3/8/2BPP3/5N2/P4PPP/RNBQK2R b KQkq - 0 7,f1c4
30,melayuslayer69420,EulerE,1004,1029,r1bqk1nr/p1p2ppp/2n1p3/8/1bBPP3/5N2/P4PPP/RNBQK2R w KQkq - 1 8,f8b4
30,melayuslayer69420,EulerE,1004,1029,r1bqk1nr/p1p2ppp/2n1p3/8/1bBPP3/5N2/P2B1PPP/RN1QK2R b KQkq - 2 8,c1d2
30,melayuslayer69420,EulerE,1004,1029,r1bqk1nr/p1p2ppp/2n5/4p3/1bBPP3/5N2/P2B1PPP/RN1QK2R w KQkq - 0 9,e6e5
30,melayuslayer69420,EulerE,1004,1029,r1bqk1nr/p1p2ppp/2n5/4p3/1BBPP3/5N2/P4PPP/RN1QK2R b KQkq - 0 9,d2b4
30,melayuslayer69420,EulerE,1004,1029,r1bqk1nr/p1p2ppp/8/4p3/1nBPP3/5N2/P4PPP/RN1QK2R w KQkq - 0 10,c6b4
30,melayuslayer69420,EulerE,1004,1029,r1bqk1nr/p1p2ppp/8/4p3/QnBPP3/5N2/P4PPP/RN2K2R b KQkq - 1 10,d1a4
30,melayuslayer69420,EulerE,1004,1029,r1bqk1nr/p1p2ppp/2n5/4p3/Q1BPP3/5N2/P4PPP/RN2K2R w KQkq - 2 11,b4c6
30,melayuslayer69420,EulerE,1004,1029,r1bqk1nr/p1p2ppp/2Q5/4p3/2BPP3/5N2/P4PPP/RN2K2R b KQkq - 0 11,a4c6
31,ibmciscoblogger,EulerE,1047,1038,rnbqkbnr/pppppppp/8/8/8/4P3/PPPP1PPP/RNBQKBNR b KQkq - 0 1,e2e3
31,ibmciscoblogger,EulerE,1047,1038,rnbqkbnr/pppp1ppp/8/4p3/8/4P3/PPPP1PPP/RNBQKBNR w KQkq - 0 2,e7e5
31,ibmciscoblogger,EulerE,1047,1038,rnbqkbnr/pppp1ppp/8/4p3/5P2/4P3/PPPP2PP/RNBQKBNR b KQkq - 0 2,f2f4
31,ibmciscoblogger,EulerE,1047,1038,rnbqkbnr/pppp1ppp/8/8/5p2/4P3/PPPP2PP/RNBQKBNR w KQkq - 0 3,e5f4
31,ibmciscoblogger,EulerE,1047,1038,rnbqkbnr/pppp1ppp/8/8/5pQ1/4P3/PPPP2PP/RNB1KBNR b KQkq - 1 3,d1g4
31,ibmciscoblogger,EulerE,1047,1038,rnbqkb1r/pppp1ppp/5n2/8/5pQ1/4P3/PPPP2PP/RNB1KBNR w KQkq - 2 4,g8f6
31,ibmciscoblogger,EulerE,1047,1038,rnbqkb1r/pppp1ppp/5n2/8/5Q2/4P3/PPPP2PP/RNB1KBNR b KQkq - 0 4,g4f4
31,ibmciscoblogger,EulerE,1047,1038,rnbqkb1r/ppp2ppp/5n2/3p4/5Q2/4P3/PPPP2PP/RNB1KBNR w KQkq - 0 5,d7d5
31,ibmciscoblogger,EulerE,1047,1038,rnbqkb1r/ppp2ppp/5n2/1B1p4/5Q2/4P3/PPPP2PP/RNB1K1NR b KQkq - 1 5,f1b5
31,ibmciscoblogger,EulerE,1047,1038,rn1qkb1r/pppb1ppp/5n2/1B1p4/5Q2/4P3/PPPP2PP/RNB1K1NR w KQkq - 2 6,c8d7
31,ibmciscoblogger,EulerE,1047,1038,rn1qkb1r/pppB1ppp/5n2/3p4/5Q2/4P3/PPPP2PP/RNB1K1NR b KQkq - 0 6,b5d7
31,ibmciscoblogger,EulerE,1047,1038,rn2kb1r/pppq1ppp/5n2/3p4/5Q2/4P3/PPPP2PP/RNB1K1NR w KQkq - 0 7,d8d7
31,ibmciscoblogger,EulerE,1047,1038,rn2kb1r/pppq1ppp/5n2/3p4/5Q2/4P2N/PPPP2PP/RNB1K2R b KQkq - 1 7,g1h3
31,ibmciscoblogger,EulerE,1047,1038,r3kb1r/pppq1ppp/2n2n2/3p4/5Q2/4P2N/PPPP2PP/RNB1K2R w KQkq - 2 8,b8c6
31,ibmciscoblogger,EulerE,1047,1038,r3kb1r/pppq1ppp/2n2n2/3p2N1/5Q2/4P3/PPPP2PP/RNB1K2R b KQkq - 3 8,h3g5
31,ibmciscoblogger,EulerE,1047,1038,r3kb1r/pppq1pp1/2n2n1p/3p2N1/5Q2/4P3/PPPP2PP/RNB1K2R w KQkq - 0 9,h7h6
31,ibmciscoblogger,EulerE,1047,1038,r3kb1r/pppq1pp1/2n2n1p/3p4/5Q2/4PN2/PPPP2PP/RNB1K2R b KQkq - 1 9,g5f3
31,ibmciscoblogger,EulerE,1047,1038,2kr1b1r/pppq1pp1/2n2n1p/3p4/5Q2/4PN2/PPPP2PP/RNB1K2R w KQ - 2 10,e8c8
31,ibmciscoblogger,EulerE,1047,1038,2kr1b1r/pppq1pp1/2n2n1p/3p4/4PQ2/5N2/PPPP2PP/RNB1K2R b KQ - 0 10,e3e4
31,ibmciscoblogger,EulerE,1047,1038,2kr1b1r/pppq1pp1/2n2n1p/8/4pQ2/5N2/PPPP2PP/RNB1K2R w KQ - 0 11,d5e4
31,ibmciscoblogger,EulerE,1047,1038,2kr1b1r/pppq1pp1/2n2n1p/4N3/4pQ2/8/PPPP2PP/RNB1K2R b KQ - 1 11,f3e5
31,ibmciscoblogger,EulerE,1047,1038,2kr1b1r/pppq1pp1/5n1p/4n3/4pQ2/8/PPPP2PP/RNB1K2R w KQ - 0 12,c6e5
31,ibmciscoblogger,EulerE,1047,1038,2kr1b1r/pppq1pp1/5n1p/4Q3/4p3/8/PPPP2PP/RNB1K2R b KQ - 0 12,f4e5
31,ibmciscoblogger,EulerE,1047,1038,2k1rb1r/pppq1pp1/5n1p/4Q3/4p3/8/PPPP2PP/RNB1K2R w KQ - 1 13,d8e8
31,ibmciscoblogger,EulerE,1047,1038,2k1rb1r/pppq1pp1/5n1p/8/4p3/2Q5/PPPP2PP/RNB1K2R b KQ - 2 13,e5c3
31,ibmciscoblogger,EulerE,1047,1038,2k1r2r/pppq1pp1/3b1n1p/8/4p3/2Q5/PPPP2PP/RNB1K2R w KQ - 3 14,f8d6
31,ibmciscoblogger,EulerE,1047,1038,2k1r2r/pppq1pp1/3b1n1p/8/3Pp3/2Q5/PPP3PP/RNB1K2R b KQ d3 0 14,d2d4
31,ibmciscoblogger,EulerE,1047,1038,1k2r2r/pppq1pp1/3b1n1p/8/3Pp3/2Q5/PPP3PP/RNB1K2R w KQ - 1 15,c8b8
31,ibmciscoblogger,EulerE,1047,1038,1k2r2r/pppq1pp1/3b1n1p/8/3Pp3/2Q1B3/PPP3PP/RN2K2R b KQ - 2 15,c1e3
31,ibmciscoblogger,EulerE,1047,1038,1k2r2r/pppq1pp1/3b3p/8/3Pp1n1/2Q1B3/PPP3PP/RN2K2R w KQ - 3 16,f6g4
31,ibmciscoblogger,EulerE,1047,1038,1k2r2r/pppq1pp1/3b3p/8/3Pp1n1/2Q1B3/PPP3PP/RN3RK1 b - - 4 16,e1g1
31,ibmciscoblogger,EulerE,1047,1038,1k2r2r/pppq1pp1/3b3p/8/3Pp3/2Q1n3/PPP3PP/RN3RK1 w - - 0 17,g4e3
31,ibmciscoblogger,EulerE,1047,1038,1k2r2r/pppq1pp1/3b3p/8/3Pp3/4Q3/PPP3PP/RN3RK1 b - - 0 17,c3e3
31,ibmciscoblogger,EulerE,1047,1038,1k2r2r/p1pq1pp1/1p1b3p/8/3Pp3/4Q3/PPP3PP/RN3RK1 w - - 0 18,b7b6
31,ibmciscoblogger,EulerE,1047,1038,1k2r2r/p1pq1pp1/1p1b3p/8/3Pp3/2N1Q3/PPP3PP/R4RK1 b - - 1 18,b1c3
31,ibmciscoblogger,EulerE,1047,1038,1k2r2r/p1pq2p1/1p1b3p/5p2/3Pp3/2N1Q3/PPP3PP/R4RK1 w - - 0 19,f7f5
31,ibmciscoblogger,EulerE,1047,1038,1k2r2r/p1pq2p1/1p1b3p/3P1p2/4p3/2N1Q3/PPP3PP/R4RK1 b - - 0 19,d4d5
31,ibmciscoblogger,EulerE,1047,1038,1k2r2r/p1pq2p1/1p5p/3Pbp2/4p3/2N1Q3/PPP3PP/R4RK1 w - - 1 20,d6e5
31,ibmciscoblogger,EulerE,1047,1038,1k2r2r/p1pq2p1/1p5p/3PbR2/4p3/2N1Q3/PPP3PP/R5K1 b - - 0 20,f1f5
31,ibmciscoblogger,EulerE,1047,1038,1k2r2r/p1p3p1/1p5p/3Pbq2/4p3/2N1Q3/PPP3PP/R5K1 w - - 0 21,d7f5
31,ibmciscoblogger,EulerE,1047,1038,1k2r2r/p1p3p1/1p5p/1N1Pbq2/4p3/4Q3/PPP3PP/R5K1 b - - 1 21,c3b5
31,ibmciscoblogger,EulerE,1047,1038,1k2r2r/p1p3p1/1p5p/1N1P1q2/4p3/4Q3/PbP3PP/R5K1 w - - 0 22,e5b2
31,ibmciscoblogger,EulerE,1047,1038,1k2r2r/p1p3p1/1p5p/1N1P1q2/4p3/4Q3/PbP3PP/1R4K1 b - - 1 22,a1b1
31,ibmciscoblogger,EulerE,1047,1038,1k2r2r/p1p3p1/1p5p/1N1Pbq2/4p3/4Q3/P1P3PP/1R4K1 w - - 2 23,b2e5
31,ibmciscoblogger,EulerE,1047,1038,1k2r2r/p1p3p1/1p5p/1N1Pbq2/4p3/Q7/P1P3PP/1R4K1 b - - 3 23,e3a3
31,ibmciscoblogger,EulerE,1047,1038,1k2r2r/2p3p1/1p5p/pN1Pbq2/4p3/Q7/P1P3PP/1R4K1 w - - 0 24,a7a5
31,ibmciscoblogger,EulerE,1047,1038,1k2r2r/2p3p1/1p5p/p2Pbq2/4p3/Q1N5/P1P3PP/1R4K1 b - - 1 24,b5c3
31,ibmciscoblogger,EulerE,1047,1038,1k2r2r/2p3p1/1p5p/p2P1q2/4p3/Q1b5/P1P3PP/1R4K1 w - - 0 25,e5c3
31,ibmciscoblogger,EulerE,1047,1038,1k2r2r/2p3p1/1p5p/Q2P1q2/4p3/2b5/P1P3PP/1R4K1 b - - 0 25,a3a5
31,ibmciscoblogger,EulerE,1047,1038,1k2r2r/2p3p1/1p5p/b2P1q2/4p3/8/P1P3PP/1R4K1 w - - 0 26,c3a5
31,ibmciscoblogger,EulerE,1047,1038,1k2r2r/2p3p1/1R5p/b2P1q2/4p3/8/P1P3PP/6K1 b - - 0 26,b1b6
31,ibmciscoblogger,EulerE,1047,1038,1k2r2r/2p3p1/1b5p/3P1q2/4p3/8/P1P3PP/6K1 w - - 0 27,a5b6
31,ibmciscoblogger,EulerE,1047,1038,1k2r2r/2p3p1/1b5p/3P1q2/4p3/8/P1P3PP/7K b - - 1 27,g1h1
31,ibmciscoblogger,EulerE,1047,1038,1k2r2r/2p3p1/1b5p/3P1q2/8/4p3/P1P3PP/7K w - - 0 28,e4e3
31,ibmciscoblogger,EulerE,1047,1038,1k2r2r/2p3p1/1b5p/3P1q2/P7/4p3/2P3PP/7K b - - 0 28,a2a4
31,ibmciscoblogger,EulerE,1047,1038,1k2r2r/2p3p1/1b5p/3P1q2/P7/8/2P1p1PP/7K w - - 0 29,e3e2
31,ibmciscoblogger,EulerE,1047,1038,1k2r2r/2p3p1/1b5p/P2P1q2/8/8/2P1p1PP/7K b - - 0 29,a4a5
31,ibmciscoblogger,EulerE,1047,1038,1k2r2r/2p3p1/1b5p/P2P4/8/8/2P1p1PP/5q1K w - - 1 30,f5f1
32,EulerE,ibmciscoblogger,1046,1039,rnbqkbnr/pppppppp/8/8/3P4/8/PPP1PPPP/RNBQKBNR b KQkq - 0 1,d2d4
32,EulerE,ibmciscoblogger,1046,1039,rnbqkbnr/ppp1pppp/8/3p4/3P4/8/PPP1PPPP/RNBQKBNR w KQkq - 0 2,d7d5
32,EulerE,ibmciscoblogger,1046,1039,rnbqkbnr/ppp1pppp/8/3p4/2PP4/8/PP2PPPP/RNBQKBNR b KQkq - 0 2,c2c4
32,EulerE,ibmciscoblogger,1046,1039,rnbqkbnr/pp2pppp/2p5/3p4/2PP4/8/PP2PPPP/RNBQKBNR w KQkq - 0 3,c7c6
32,EulerE,ibmciscoblogger,1046,1039,rnbqkbnr/pp2pppp/2p5/3p4/2PP4/5N2/PP2PPPP/RNBQKB1R b KQkq - 1 3,g1f3
32,EulerE,ibmciscoblogger,1046,1039,rnbqkbnr/pp2pppp/2p5/8/2pP4/5N2/PP2PPPP/RNBQKB1R w KQkq - 0 4,d5c4
32,EulerE,ibmciscoblogger,1046,1039,rnbqkbnr/pp2pppp/2p5/8/2pPP3/5N2/PP3PPP/RNBQKB1R b KQkq - 0 4,e2e4
32,EulerE,ibmciscoblogger,1046,1039,rnb1kbnr/pp2pppp/2p5/q7/2pPP3/5N2/PP3PPP/RNBQKB1R w KQkq - 1 5,d8a5
32,EulerE,ibmciscoblogger,1046,1039,rnb1kbnr/pp2pppp/2p5/q7/2pPP3/5N2/PP1B1PPP/RN1QKB1R b KQkq - 2 5,c1d2
32,EulerE,ibmciscoblogger,1046,1039,rnb1kbnr/pp2pppp/1qp5/8/2pPP3/5N2/PP1B1PPP/RN1QKB1R w KQkq - 3 6,a5b6
32,EulerE,ibmciscoblogger,1046,1039,rnb1kbnr/pp2pppp/1qp5/8/2pPP3/2N2N2/PP1B1PPP/R2QKB1R b KQkq - 4 6,b1c3
32,EulerE,ibmciscoblogger,1046,1039,rnb1kbnr/pp2pppp/2p5/8/2pPP3/2N2N2/Pq1B1PPP/R2QKB1R w KQkq - 0 7,b6b2
32,EulerE,ibmciscoblogger,1046,1039,rnb1kbnr/pp2pppp/2p5/8/2pPP3/2N2N2/Pq1B1PPP/1R1QKB1R b Kkq - 1 7,a1b1
32,EulerE,ibmciscoblogger,1046,1039,rnb1kbnr/pp2pppp/2p5/8/2pPP3/q1N2N2/P2B1PPP/1R1QKB1R w Kkq - 2 8,b2a3
32,EulerE,ibmciscoblogger,1046,1039,rnb1kbnr/pp2pppp/2p5/8/2BPP3/q1N2N2/P2B1PPP/1R1QK2R b Kkq - 0 8,f1c4
32,EulerE,ibmciscoblogger,1046,1039,rnb1kbnr/pp3ppp/2p1p3/8/2BPP3/q1N2N2/P2B1PPP/1R1QK2R w Kkq - 0 9,e7e6
32,EulerE,ibmciscoblogger,1046,1039,rnb1kbnr/pp3ppp/2p1p3/8/2BPP3/qRN2N2/P2B1PPP/3QK2R b Kkq - 1 9,b1b3
32,EulerE,ibmciscoblogger,1046,1039,rnb1kbnr/pp2qppp/2p1p3/8/2BPP3/1RN2N2/P2B1PPP/3QK2R w Kkq - 2 10,a3e7
32,EulerE,ibmciscoblogger,1046,1039,rnb1kbnr/pp2qppp/2p1p3/8/2BPP3/1RN2N2/P2B1PPP/3Q1RK1 b kq - 3 10,e1g1
32,EulerE,ibmciscoblogger,1046,1039,rnb1kbnr/pp2qpp1/2p1p2p/8/2BPP3/1RN2N2/P2B1PPP/3Q1RK1 w kq - 0 11,h7h6
32,EulerE,ibmciscoblogger,1046,1039,rnb1kbnr/pp2qpp1/2p1p2p/3P4/2B1P3/1RN2N2/P2B1PPP/3Q1RK1 b kq - 0 11,d4d5
32,EulerE,ibmciscoblogger,1046,1039,rnb1kbnr/pp2qpp1/2p4p/3p4/2B1P3/1RN2N2/P2B1PPP/3Q1RK1 w kq - 0 12,e6d5
32,EulerE,ibmciscoblogger,1046,1039,rnb1kbnr/pp2qpp1/2p4p/3P4/2B5/1RN2N2/P2B1PPP/3Q1RK1 b kq - 0 12,e4d5
32,EulerE,ibmciscoblogger,1046,1039,rnb1kbnr/ppq2pp1/2p4p/3P4/2B5/1RN2N2/P2B1PPP/3Q1RK1 w kq - 1 13,e7c7
32,EulerE,ibmciscoblogger,1046,1039,rnb1kbnr/ppq2pp1/2p4p/3P4/2B5/1RN2N2/P2B1PPP/3QR1K1 b kq - 2 13,f1e1
32,EulerE,ibmciscoblogger,1046,1039,rnb1k1nr/ppq1bpp1/2p4p/3P4/2B5/1RN2N2/P2B1PPP/3QR1K1 w kq - 3 14,f8e7
32,EulerE,ibmciscoblogger,1046,1039,rnb1k1nr/ppq1bpp1/2P4p/8/2B5/1RN2N2/P2B1PPP/3QR1K1 b kq - 0 14,d5c6
32,EulerE,ibmciscoblogger,1046,1039,r1b1k1nr/ppq1bpp1/2n4p/8/2B5/1RN2N2/P2B1PPP/3QR1K1 w kq - 0 15,b8c6
32,EulerE,ibmciscoblogger,1046,1039,r1b1k1nr/ppq1bpp1/2n4p/3N4/2B5/1R3N2/P2B1PPP/3QR1K1 b kq - 1 15,c3d5
32,EulerE,ibmciscoblogger,1046,1039,r1b1k1nr/pp2bpp1/2nq3p/3N4/2B5/1R3N2/P2B1PPP/3QR1K1 w kq - 2 16,c7d6
32,EulerE,ibmciscoblogger,1046,1039,r1b1k1nr/pp2Npp1/2nq3p/8/2B5/1R3N2/P2B1PPP/3QR1K1 b kq - 0 16,d5e7
32,EulerE,ibmciscoblogger,1046,1039,r1b1k2r/pp2npp1/2nq3p/8/2B5/1R3N2/P2B1PPP/3QR1K1 w kq - 0 17,g8e7
32,EulerE,ibmciscoblogger,1046,1039,r1b1k2r/pp2npp1/2nq3p/8/1BB5/1R3N2/P4PPP/3QR1K1 b kq - 1 17,d2b4
32,EulerE,ibmciscoblogger,1046,1039,r1b1k2r/pp2npp1/3q3p/8/1nB5/1R3N2/P4PPP/3QR1K1 w kq - 0 18,c6b4
32,EulerE,ibmciscoblogger,1046,1039,r1b1k2r/pp2npp1/3Q3p/8/1nB5/1R3N2/P4PPP/4R1K1 b kq - 0 18,d1d6
32,EulerE,ibmciscoblogger,1046,1039,r1b2rk1/pp2npp1/3Q3p/8/1nB5/1R3N2/P4PPP/4R1K1 w - - 1 19,e8g8
32,EulerE,ibmciscoblogger,1046,1039,r1b2rk1/pp2npp1/7p/8/1QB5/1R3N2/P4PPP/4R1K1 b - - 0 19,d6b4
32,EulerE,ibmciscoblogger,1046,1039,r1b2rk1/pp3pp1/7p/5n2/1QB5/1R3N2/P4PPP/4R1K1 w - - 1 20,e7f5
32,EulerE,ibmciscoblogger,1046,1039,r1b2rk1/pp3pp1/7p/5n2/1Q6/1R1B1N2/P4PPP/4R1K1 b - - 2 20,c4d3
32,EulerE,ibmciscoblogger,1046,1039,r1b2rk1/1p3pp1/7p/p4n2/1Q6/1R1B1N2/P4PPP/4R1K1 w - - 0 21,a7a5
32,EulerE,ibmciscoblogger,1046,1039,r1b2rk1/1p3pp1/7p/p4n2/2Q5/1R1B1N2/P4PPP/4R1K1 b - - 1 21,b4c4
32,EulerE,ibmciscoblogger,1046,1039,r4rk1/1p3pp1/4b2p/p4n2/2Q5/1R1B1N2/P4PPP/4R1K1 w - - 2 22,c8e6
32,EulerE,ibmciscoblogger,1046,1039,r4rk1/1p3pp1/4R2p/p4n2/2Q5/1R1B1N2/P4PPP/6K1 b - - 0 22,e1e6
32,EulerE,ibmciscoblogger,1046,1039,r4rk1/1p4p1/4p2p/p4n2/2Q5/1R1B1N2/P4PPP/6K1 w - - 0 23,f7e6
32,EulerE,ibmciscoblogger,1046,1039,r4rk1/1p4p1/4Q2p/p4n2/8/1R1B1N2/P4PPP/6K1 b - - 0 23,c4e6
32,EulerE,ibmciscoblogger,1046,1039,r4r1k/1p4p1/4Q2p/p4n2/8/1R1B1N2/P4PPP/6K1 w - - 1 24,g8h8
32,EulerE,ibmciscoblogger,1046,1039,r4r1k/1p4p1/4Q2p/p4B2/8/1R3N2/P4PPP/6K1 b - - 0 24,d3f5
32,EulerE,ibmciscoblogger,1046,1039,4rr1k/1p4p1/4Q2p/p4B2/8/1R3N2/P4PPP/6K1 w - - 1 25,a8e8
32,EulerE,ibmciscoblogger,1046,1039,4rr1k/1p4p1/7p/p2Q1B2/8/1R3N2/P4PPP/6K1 b - - 2 25,e6d5
32,EulerE,ibmciscoblogger,1046,1039,4rr1k/1p6/6pp/p2Q1B2/8/1R3N2/P4PPP/6K1 w - - 0 26,g7g6
32,EulerE,ibmciscoblogger,1046,1039,4rr1k/1p6/6Bp/p2Q4/8/1R3N2/P4PPP/6K1 b - - 0 26,f5g6
32,EulerE,ibmciscoblogger,1046,1039,5r1k/1p2r3/6Bp/p2Q4/8/1R3N2/P4PPP/6K1 w - - 1 27,e8e7
32,EulerE,ibmciscoblogger,1046,1039,5r1k/1p2r3/6Bp/p2Q4/8/1R3NP1/P4P1P/6K1 b - - 0 27,g2g3
32,EulerE,ibmciscoblogger,1046,1039,7k/1p2r3/5rBp/p2Q4/8/1R3NP1/P4P1P/6K1 w - - 1 28,f8f6
32,EulerE,ibmciscoblogger,1046,1039,7k/1p2r3/5rBp/p2Q4/7N/1R4P1/P4P1P/6K1 b - - 2 28,f3h4
32,EulerE,ibmciscoblogger,1046,1039,7k/1p6/4rrBp/p2Q4/7N/1R4P1/P4P1P/6K1 w - - 3 29,e7e6
32,EulerE,ibmciscoblogger,1046,1039,7k/1p6/4rrBp/p2Q4/7N/1R4P1/P4PKP/8 b - - 4 29,g1g2
32,EulerE,ibmciscoblogger,1046,1039,7k/1p6/3r1rBp/p2Q4/7N/1R4P1/P4PKP/8 w - - 5 30,e6d6
32,EulerE,ibmciscoblogger,1046,1039,7k/1p6/3r1rBp/p3Q3/7N/1R4P1/P4PKP/8 b - - 6 30,d5e5
32,EulerE,ibmciscoblogger,1046,1039,8/1p4k1/3r1rBp/p3Q3/7N/1R4P1/P4PKP/8 w - - 7 31,h8g7
32,EulerE,ibmciscoblogger,1046,1039,8/1p4k1/3r1rBp/p3QN2/8/1R4P1/P4PKP/8 b - - 8 31,h4f5
32,EulerE,ibmciscoblogger,1046,1039,8/1p6/3r1rkp/p3QN2/8/1R4P1/P4PKP/8 w - - 0 32,g7g6
32,EulerE,ibmciscoblogger,1046,1039,8/1p6/3N1rkp/p3Q3/8/1R4P1/P4PKP/8 b - - 0 32,f5d6
32,EulerE,ibmciscoblogger,1046,1039,8/1p6/3r2kp/p3Q3/8/1R4P1/P4PKP/8 w - - 0 33,f6d6
32,EulerE,ibmciscoblogger,1046,1039,8/1p6/3Q2kp/p7/8/1R4P1/P4PKP/8 b - - 0 33,e5d6
33,ibmciscoblogger,EulerE,1047,1038,rnbqkbnr/pppppppp/8/8/8/4P3/PPPP1PPP/RNBQKBNR b KQkq - 0 1,e2e3
33,ibmciscoblogger,EulerE,1047,1038,rnbqkbnr/pppp1ppp/8/4p3/8/4P3/PPPP1PPP/RNBQKBNR w KQkq - 0 2,e7e5
33,ibmciscoblogger,EulerE,1047,1038,rnbqkbnr/pppp1ppp/8/4p3/3P4/4P3/PPP2PPP/RNBQKBNR b KQkq - 0 2,d2d4
33,ibmciscoblogger,EulerE,1047,1038,rnbqkbnr/pppp1ppp/8/8/3p4/4P3/PPP2PPP/RNBQKBNR w KQkq - 0 3,e5d4
33,ibmciscoblogger,EulerE,1047,1038,rnbqkbnr/pppp1ppp/8/8/3Q4/4P3/PPP2PPP/RNB1KBNR b KQkq - 0 3,d1d4
33,ibmciscoblogger,EulerE,1047,1038,r1bqkbnr/pppp1ppp/2n5/8/3Q4/4P3/PPP2PPP/RNB1KBNR w KQkq - 1 4,b8c6
33,ibmciscoblogger,EulerE,1047,1038,r1bqkbnr/pppp1ppp/2n5/8/8/3QP3/PPP2PPP/RNB1KBNR b KQkq - 2 4,d4d3
33,ibmciscoblogger,EulerE,1047,1038,r1bqkb1r/pppp1ppp/2n2n2/8/8/3QP3/PPP2PPP/RNB1KBNR w KQkq - 3 5,g8f6
33,ibmciscoblogger,EulerE,1047,1038,r1bqkb1r/pppp1ppp/2n2n2/8/8/2NQP3/PPP2PPP/R1B1KBNR b KQkq - 4 5,b1c3
33,ibmciscoblogger,EulerE,1047,1038,r1bqk2r/pppp1ppp/2n2n2/8/1b6/2NQP3/PPP2PPP/R1B1KBNR w KQkq - 5 6,f8b4
33,ibmciscoblogger,EulerE,1047,1038,r1bqk2r/pppp1ppp/2n2n2/8/1b6/P1NQP3/1PP2PPP/R1B1KBNR b KQkq - 0 6,a2a3
33,ibmciscoblogger,EulerE,1047,1038,r1bqk2r/pppp1ppp/2n2n2/8/8/P1bQP3/1PP2PPP/R1B1KBNR w KQkq - 0 7,b4c3
33,ibmciscoblogger,EulerE,1047,1038,r1bqk2r/pppp1ppp/2n2n2/8/8/P1Q1P3/1PP2PPP/R1B1KBNR b KQkq - 0 7,d3c3
33,ibmciscoblogger,EulerE,1047,1038,r1bqk2r/ppp2ppp/2n2n2/3p4/8/P1Q1P3/1PP2PPP/R1B1KBNR w KQkq - 0 8,d7d5
33,ibmciscoblogger,EulerE,1047,1038,r1bqk2r/ppp2ppp/2n2n2/1B1p4/8/P1Q1P3/1PP2PPP/R1B1K1NR b KQkq - 1 8,f1b5
33,ibmciscoblogger,EulerE,1047,1038,r2qk2r/pppb1ppp/2n2n2/1B1p4/8/P1Q1P3/1PP2PPP/R1B1K1NR w KQkq - 2 9,c8d7
33,ibmciscoblogger,EulerE,1047,1038,r2qk2r/pppb1ppp/2B2n2/3p4/8/P1Q1P3/1PP2PPP/R1B1K1NR b KQkq - 0 9,b5c6
33,ibmciscoblogger,EulerE,1047,1038,r2qk2r/ppp2ppp/2b2n2/3p4/8/P1Q1P3/1PP2PPP/R1B1K1NR w KQkq - 0 10,d7c6
33,ibmciscoblogger,EulerE,1047,1038,r2qk2r/ppp2ppp/2b2n2/3p4/8/P1Q1PN2/1PP2PPP/R1B1K2R b KQkq - 1 10,g1f3
33,ibmciscoblogger,EulerE,1047,1038,r2qk2r/ppp2ppp/2b5/3p4/4n3/P1Q1PN2/1PP2PPP/R1B1K2R w KQkq - 2 11,f6e4
33,ibmciscoblogger,EulerE,1047,1038,r2qk2r/ppp2pQp/2b5/3p4/4n3/P3PN2/1PP2PPP/R1B1K2R b KQkq - 0 11,c3g7
33,ibmciscoblogger,EulerE,1047,1038,r3k2r/ppp2pQp/2b2q2/3p4/4n3/P3PN2/1PP2PPP/R1B1K2R w KQkq - 1 12,d8f6
33,ibmciscoblogger,EulerE,1047,1038,r3k2r/ppp2p1p/2b2q2/3p4/4n1Q1/P3PN2/1PP2PPP/R1B1K2R b KQkq - 2 12,g7g4
33,ibmciscoblogger,EulerE,1047,1038,r3k2r/pppb1p1p/5q2/3p4/4n1Q1/P3PN2/1PP2PPP/R1B1K2R w KQkq - 3 13,c6d7
33,ibmciscoblogger,EulerE,1047,1038,r3k2r/pppb1p1p/5q2/3p3Q/4n3/P3PN2/1PP2PPP/R1B1K2R b KQkq - 4 13,g4h5
33,ibmciscoblogger,EulerE,1047,1038,r3k2r/pppb1p1p/6q1/3p3Q/4n3/P3PN2/1PP2PPP/R1B1K2R w KQkq - 5 14,f6g6
33,ibmciscoblogger,EulerE,1047,1038,r3k2r/pppb1p1p/6q1/3Q4/4n3/P3PN2/1PP2PPP/R1B1K2R b KQkq - 0 14,h5d5
33,ibmciscoblogger,EulerE,1047,1038,r3k2r/ppp2p1p/2b3q1/3Q4/4n3/P3PN2/1PP2PPP/R1B1K2R w KQkq - 1 15,d7c6
33,ibmciscoblogger,EulerE,1047,1038,r3k2r/ppp2p1p/2b3q1/4Q3/4n3/P3PN2/1PP2PPP/R1B1K2R b KQkq - 2 15,d5e5
33,ibmciscoblogger,EulerE,1047,1038,r6r/pppk1p1p/2b3q1/4Q3/4n3/P3PN2/1PP2PPP/R1B1K2R w KQ - 3 16,e8d7
33,ibmciscoblogger,EulerE,1047,1038,r6r/pppk1p1p/2b3q1/4Q3/4n2N/P3P3/1PP2PPP/R1B1K2R b KQ - 4 16,f3h4
33,ibmciscoblogger,EulerE,1047,1038,r6r/pppk1p1p/2b1q3/4Q3/4n2N/P3P3/1PP2PPP/R1B1K2R w KQ - 5 17,g6e6
33,ibmciscoblogger,EulerE,1047,1038,r6r/pppk1p1p/2b1q3/8/3Qn2N/P3P3/1PP2PPP/R1B1K2R b KQ - 6 17,e5d4
33,ibmciscoblogger,EulerE,1047,1038,r6r/pppk1p1p/2bq4/8/3Qn2N/P3P3/1PP2PPP/R1B1K2R w KQ - 7 18,e6d6
33,ibmciscoblogger,EulerE,1047,1038,r6r/pppk1p1p/2bQ4/8/4n2N/P3P3/1PP2PPP/R1B1K2R b KQ - 0 18,d4d6
33,ibmciscoblogger,EulerE,1047,1038,r6r/pppk1p1p/2bn4/8/7N/P3P3/1PP2PPP/R1B1K2R w KQ - 0 19,e4d6
33,ibmciscoblogger,EulerE,1047,1038,r6r/pppk1p1p/2bn4/8/4P2N/P7/1PP2PPP/R1B1K2R b KQ - 0 19,e3e4
33,ibmciscoblogger,EulerE,1047,1038,r6r/pppk1p1p/3n4/8/4b2N/P7/1PP2PPP/R1B1K2R w KQ - 0 20,c6e4
33,ibmciscoblogger,EulerE,1047,1038,r6r/pppk1p1p/3n4/8/4b2N/P4P2/1PP3PP/R1B1K2R b KQ - 0 20,f2f3
33,ibmciscoblogger,EulerE,1047,1038,r6r/pppk1p1p/2bn4/8/7N/P4P2/1PP3PP/R1B1K2R w KQ - 1 21,e4c6
33,ibmciscoblogger,EulerE,1047,1038,r6r/pppk1p1p/2bn4/8/5B1N/P4P2/1PP3PP/R3K2R b KQ - 2 21,c1f4
33,ibmciscoblogger,EulerE,1047,1038,4r2r/pppk1p1p/2bn4/8/5B1N/P4P2/1PP3PP/R3K2R w KQ - 3 22,a8e8
33,ibmciscoblogger,EulerE,1047,1038,4r2r/pppk1p1p/2bn4/8/5B1N/P4P2/1PP2KPP/R6R b - - 4 22,e1f2
33,ibmciscoblogger,EulerE,1047,1038,4r2r/pppk1p1p/2b5/1n6/5B1N/P4P2/1PP2KPP/R6R w - - 5 23,d6b5
33,ibmciscoblogger,EulerE,1047,1038,4r2r/pppk1p1p/2b5/1n6/5B1N/P4P2/1PP2KPP/3R3R b - - 6 23,a1d1
33,ibmciscoblogger,EulerE,1047,1038,2k1r2r/ppp2p1p/2b5/1n6/5B1N/P4P2/1PP2KPP/3R3R w - - 7 24,d7c8
33,ibmciscoblogger,EulerE,1047,1038,2k1r2r/ppp2p1p/2b5/1n3N2/5B2/P4P2/1PP2KPP/3R3R b - - 8 24,h4f5
33,ibmciscoblogger,EulerE,1047,1038,2k1r1r1/ppp2p1p/2b5/1n3N2/5B2/P4P2/1PP2KPP/3R3R w - - 9 25,h8g8
33,ibmciscoblogger,EulerE,1047,1038,2k1r1r1/ppp2p1p/2b4N/1n6/5B2/P4P2/1PP2KPP/3R3R b - - 10 25,f5h6
33,ibmciscoblogger,EulerE,1047,1038,2k1r3/ppp2prp/2b4N/1n6/5B2/P4P2/1PP2KPP/3R3R w - - 11 26,g8g7
33,ibmciscoblogger,EulerE,1047,1038,2k1r3/ppp2prp/2b4N/1n6/5B2/P4P2/1PP2KPP/3R2R1 b - - 12 26,h1g1
33,ibmciscoblogger,EulerE,1047,1038,2k1r3/pppb1prp/7N/1n6/5B2/P4P2/1PP2KPP/3R2R1 w - - 13 27,c6d7
33,ibmciscoblogger,EulerE,1047,1038,2k1r3/pppb1prp/7N/1n6/5BP1/P4P2/1PP2K1P/3R2R1 b - - 0 27,g2g4
33,ibmciscoblogger,EulerE,1047,1038,2k2r2/pppb1prp/7N/1n6/5BP1/P4P2/1PP2K1P/3R2R1 w - - 1 28,e8f8
33,ibmciscoblogger,EulerE,1047,1038,2k2r2/pppb1prp/7N/1n6/5BP1/P4P2/1PP2K1P/3RR3 b - - 2 28,g1e1
33,ibmciscoblogger,EulerE,1047,1038,2k2r2/pppb1p1p/6rN/1n6/5BP1/P4P2/1PP2K1P/3RR3 w - - 3 29,g7g6
33,ibmciscoblogger,EulerE,1047,1038,2k2r2/pppbRp1p/6rN/1n6/5BP1/P4P2/1PP2K1P/3R4 b - - 4 29,e1e7
33,ibmciscoblogger,EulerE,1047,1038,2k2r2/ppp1Rp1p/4b1rN/1n6/5BP1/P4P2/1PP2K1P/3R4 w - - 5 30,d7e6
33,ibmciscoblogger,EulerE,1047,1038,2k2r2/ppp1Rp1p/4b1rN/1n6/P4BP1/5P2/1PP2K1P/3R4 b - - 0 30,a3a4
33,ibmciscoblogger,EulerE,1047,1038,2k2r2/ppp1Rp1p/3nb1rN/8/P4BP1/5P2/1PP2K1P/3R4 w - - 1 31,b5d6
33,ibmciscoblogger,EulerE,1047,1038,2k2r2/ppp1Rp1p/3Bb1rN/8/P5P1/5P2/1PP2K1P/3R4 b - - 0 31,f4d6
33,ibmciscoblogger,EulerE,1047,1038,2k2r2/pp2Rp1p/3pb1rN/8/P5P1/5P2/1PP2K1P/3R4 w - - 0 32,c7d6
33,ibmciscoblogger,EulerE,1047,1038,2k2r2/pp2Rp1p/3Rb1rN/8/P5P1/5P2/1PP2K1P/8 b - - 0 32,d1d6
33,ibmciscoblogger,EulerE,1047,1038,2k2r2/pp2Rp1p/3Rb2r/8/P5P1/5P2/1PP2K1P/8 w - - 0 33,g6h6
33,ibmciscoblogger,EulerE,1047,1038,2k2r2/pp2Rp1p/4b2r/8/P5P1/3R1P2/1PP2K1P/8 b - - 1 33,d6d3
33,ibmciscoblogger,EulerE,1047,1038,2k2r2/pp2Rp1p/4b3/8/P5P1/3R1P2/1PP2K1r/8 w - - 0 34,h6h2
33,ibmciscoblogger,EulerE,1047,1038,2k2r2/pp2Rp1p/4b3/8/P5P1/3R1PK1/1PP4r/8 b - - 1 34,f2g3
33,ibmciscoblogger,EulerE,1047,1038,2k2r2/pp2Rp1p/4b3/8/P5P1/3R1PK1/1Pr5/8 w - - 0 35,h2c2
33,ibmciscoblogger,EulerE,1047,1038,2k2r2/pp2Rp1p/4b3/8/PP4P1/3R1PK1/2r5/8 b - - 0 35,b2b4
33,ibmciscoblogger,EulerE,1047,1038,2k2r2/ppr1Rp1p/4b3/8/PP4P1/3R1PK1/8/8 w - - 1 36,c2c7
33,ibmciscoblogger,EulerE,1047,1038,2k2r2/ppR2p1p/4b3/8/PP4P1/3R1PK1/8/8 b - - 0 36,e7c7
33,ibmciscoblogger,EulerE,1047,1038,5r2/ppk2p1p/4b3/8/PP4P1/3R1PK1/8/8 w - - 0 37,c8c7
33,ibmciscoblogger,EulerE,1047,1038,5r2/ppk2p1p/4b3/8/PP4P1/2R2PK1/8/8 b - - 1 37,d3c3
33,ibmciscoblogger,EulerE,1047,1038,1k3r2/pp3p1p/4b3/8/PP4P1/2R2PK1/8/8 w - - 2 38,c7b8
33,ibmciscoblogger,EulerE,1047,1038,1k3r2/pp3p1p/4b3/P7/1P4P1/2R2PK1/8/8 b - - 0 38,a4a5
33,ibmciscoblogger,EulerE,1047,1038,1kr5/pp3p1p/4b3/P7/1P4P1/2R2PK1/8/8 w - - 1 39,f8c8
33,ibmciscoblogger,EulerE,1047,1038,1kr5/pp3p1p/4b3/P7/1P4P1/4RPK1/8/8 b - - 2 39,c3e3
33,ibmciscoblogger,EulerE,1047,1038,1kr5/1p3p1p/p3b3/P7/1P4P1/4RPK1/8/8 w - - 0 40,a7a6
33,ibmciscoblogger,EulerE,1047,1038,1kr5/1p3p1p/p3b3/P3R3/1P4P1/5PK1/8/8 b - - 1 40,e3e5
33,ibmciscoblogger,EulerE,1047,1038,2r5/kp3p1p/p3b3/P3R3/1P4P1/5PK1/8/8 w - - 2 41,b8a7
33,ibmciscoblogger,EulerE,1047,1038,2r5/kp3p1p/p3b3/P6R/1P4P1/5PK1/8/8 b - - 3 41,e5h5
33,ibmciscoblogger,EulerE,1047,1038,8/kp3p1p/p3b3/P6R/1Pr3P1/5PK1/8/8 w - - 4 42,c8c4
33,ibmciscoblogger,EulerE,1047,1038,8/kp3p1R/p3b3/P7/1Pr3P1/5PK1/8/8 b - - 0 42,h5h7
33,ibmciscoblogger,EulerE,1047,1038,8/kp3p1R/p3b3/P7/1r4P1/5PK1/8/8 w - - 0 43,c4b4
33,ibmciscoblogger,EulerE,1047,1038,8/kp3p2/p3b3/P6R/1r4P1/5PK1/8/8 b - - 1 43,h7h5
33,ibmciscoblogger,EulerE,1047,1038,8/kp3p2/p3b3/Pr5R/6P1/5PK1/8/8 w - - 2 44,b4b5
33,ibmciscoblogger,EulerE,1047,1038,8/kp3p2/p3b3/Pr6/6PR/5PK1/8/8 b - - 3 44,h5h4
33,ibmciscoblogger,EulerE,1047,1038,8/kp3p2/p3b3/r7/6PR/5PK1/8/8 w - - 0 45,b5a5
33,ibmciscoblogger,EulerE,1047,1038,8/kp3p2/p3b3/r7/5KPR/5P2/8/8 b - - 1 45,g3f4
33,ibmciscoblogger,EulerE,1047,1038,8/kp3p2/p3b3/3r4/5KPR/5P2/8/8 w - - 2 46,a5d5
33,ibmciscoblogger,EulerE,1047,1038,8/kp3p2/p3b3/3r2P1/5K1R/5P2/8/8 b - - 0 46,g4g5
33,ibmciscoblogger,EulerE,1047,1038,8/kp3p2/4b3/p2r2P1/5K1R/5P2/8/8 w - - 0 47,a6a5
33,ibmciscoblogger,EulerE,1047,1038,8/kp3p2/4b2R/p2r2P1/5K2/5P2/8/8 b - - 1 47,h4h6
33,ibmciscoblogger,EulerE,1047,1038,8/kp3p2/4b2R/3r2P1/p4K2/5P2/8/8 w - - 0 48,a5a4
33,ibmciscoblogger,EulerE,1047,1038,8/kp3p2/4b1PR/3r4/p4K2/5P2/8/8 b - - 0 48,g5g6
33,ibmciscoblogger,EulerE,1047,1038,8/kp6/4b1pR/3r4/p4K2/5P2/8/8 w - - 0 49,f7g6
33,ibmciscoblogger,EulerE,1047,1038,8/kp6/4b1R1/3r4/p4K2/5P2/8/8 b - - 0 49,h6g6
33,ibmciscoblogger,EulerE,1047,1038,8/kp6/4b1R1/3r4/5K2/p4P2/8/8 w - - 0 50,a4a3
33,ibmciscoblogger,EulerE,1047,1038,8/kp6/4R3/3r4/5K2/p4P2/8/8 b - - 0 50,g6e6
33,ibmciscoblogger,EulerE,1047,1038,8/kp6/4R3/3r4/5K2/5P2/p7/8 w - - 0 51,a3a2
33,ibmciscoblogger,EulerE,1047,1038,8/kp6/8/3r4/5K2/5P2/p7/4R3 b - - 1 51,e6e1
33,ibmciscoblogger,EulerE,1047,1038,8/kp6/8/r7/5K2/5P2/p7/4R3 w - - 2 52,d5a5
33,ibmciscoblogger,EulerE,1047,1038,8/kp6/8/r7/5K2/5P2/p7/R7 b - - 3 52,e1a1
33,ibmciscoblogger,EulerE,1047,1038,8/k7/8/rp6/5K2/5P2/p7/R7 w - - 0 53,b7b5
33,ibmciscoblogger,EulerE,1047,1038,8/k7/8/rp6/8/4KP2/p7/R7 b - - 1 53,f4e3
33,ibmciscoblogger,EulerE,1047,1038,8/k7/8/r7/1p6/4KP2/p7/R7 w - - 0 54,b5b4
33,ibmciscoblogger,EulerE,1047,1038,8/k7/8/r7/1p6/5P2/p2K4/R7 b - - 1 54,e3d2
33,ibmciscoblogger,EulerE,1047,1038,8/k7/8/2r5/1p6/5P2/p2K4/R7 w - - 2 55,a5c5
33,ibmciscoblogger,EulerE,1047,1038,8/k7/8/2r5/1p6/5P2/R2K4/8 b - - 0 55,a1a2
33,ibmciscoblogger,EulerE,1047,1038,8/8/1k6/2r5/1p6/5P2/R2K4/8 w - - 1 56,a7b6
33,ibmciscoblogger,EulerE,1047,1038,8/8/1k6/2r5/1p6/5P2/1R1K4/8 b - - 2 56,a2b2
33,ibmciscoblogger,EulerE,1047,1038,8/8/1k6/r7/1p6/5P2/1R1K4/8 w - - 3 57,c5a5
33,ibmciscoblogger,EulerE,1047,1038,8/8/1k6/r7/1R6/5P2/3K4/8 b - - 0 57,b2b4
33,ibmciscoblogger,EulerE,1047,1038,8/8/1k6/1r6/1R6/5P2/3K4/8 w - - 1 58,a5b5
33,ibmciscoblogger,EulerE,1047,1038,8/8/1k6/1r6/5R2/5P2/3K4/8 b - - 2 58,b4f4
34,Zepig,EulerE,1040,1030,rnbqkbnr/pppppppp/8/8/3P4/8/PPP1PPPP/RNBQKBNR b KQkq - 0 1,d2d4
34,Zepig,EulerE,1040,1030,rnbqkbnr/ppp1pppp/8/3p4/3P4/8/PPP1PPPP/RNBQKBNR w KQkq - 0 2,d7d5
34,Zepig,EulerE,1040,1030,rnbqkbnr/ppp1pppp/8/3p4/3P1B2/8/PPP1PPPP/RN1QKBNR b KQkq - 1 2,c1f4
34,Zepig,EulerE,1040,1030,r1bqkbnr/ppp1pppp/2n5/3p4/3P1B2/8/PPP1PPPP/RN1QKBNR w KQkq - 2 3,b8c6
34,Zepig,EulerE,1040,1030,r1bqkbnr/ppp1pppp/2n5/3p4/3P1B2/4P3/PPP2PPP/RN1QKBNR b KQkq - 0 3,e2e3
34,Zepig,EulerE,1040,1030,r1bqkb1r/ppp1pppp/2n2n2/3p4/3P1B2/4P3/PPP2PPP/RN1QKBNR w KQkq - 1 4,g8f6
34,Zepig,EulerE,1040,1030,r1bqkb1r/ppp1pppp/2n2n2/3p4/3P1B2/2N1P3/PPP2PPP/R2QKBNR b KQkq - 2 4,b1c3
34,Zepig,EulerE,1040,1030,r2qkb1r/ppp1pppp/2n2n2/3p1b2/3P1B2/2N1P3/PPP2PPP/R2QKBNR w KQkq - 3 5,c8f5
34,Zepig,EulerE,1040,1030,r2qkb1r/ppp1pppp/2n2n2/1N1p1b2/3P1B2/4P3/PPP2PPP/R2QKBNR b KQkq - 4 5,c3b5
34,Zepig,EulerE,1040,1030,r2qkb1r/ppp2ppp/2n2n2/1N1ppb2/3P1B2/4P3/PPP2PPP/R2QKBNR w KQkq - 0 6,e7e5
34,Zepig,EulerE,1040,1030,r2qkb1r/ppp2ppp/2n2n2/1N1pPb2/5B2/4P3/PPP2PPP/R2QKBNR b KQkq - 0 6,d4e5
34,Zepig,EulerE,1040,1030,r2qkb1r/ppp2ppp/2n5/1N1pPb1n/5B2/4P3/PPP2PPP/R2QKBNR w KQkq - 1 7,f6h5
34,Zepig,EulerE,1040,1030,r2qkb1r/ppp2ppp/2n5/1N1pPb1Q/5B2/4P3/PPP2PPP/R3KBNR b KQkq - 0 7,d1h5
35,EulerE,FilmNoir1950,1031,1056,rnbqkbnr/pppppppp/8/8/3P4/8/PPP1PPPP/RNBQKBNR b KQkq - 0 1,d2d4
35,EulerE,FilmNoir1950,1031,1056,rnbqkbnr/ppp1pppp/8/3p4/3P4/8/PPP1PPPP/RNBQKBNR w KQkq - 0 2,d7d5
35,EulerE,FilmNoir1950,1031,1056,rnbqkbnr/ppp1pppp/8/3p4/2PP4/8/PP2PPPP/RNBQKBNR b KQkq - 0 2,c2c4
35,EulerE,FilmNoir1950,1031,1056,rn1qkbnr/ppp1pppp/8/3p1b2/2PP4/8/PP2PPPP/RNBQKBNR w KQkq - 1 3,c8f5
35,EulerE,FilmNoir1950,1031,1056,rn1qkbnr/ppp1pppp/8/3p1b2/2PP4/5P2/PP2P1PP/RNBQKBNR b KQkq - 0 3,f2f3
35,EulerE,FilmNoir1950,1031,1056,rn1qkbnr/ppp2ppp/4p3/3p1b2/2PP4/5P2/PP2P1PP/RNBQKBNR w KQkq - 0 4,e7e6
35,EulerE,FilmNoir1950,1031,1056,rn1qkbnr/ppp2ppp/4p3/3p1b2/2PPP3/5P2/PP4PP/RNBQKBNR b KQkq - 0 4,e2e4
35,EulerE,FilmNoir1950,1031,1056,rn1qkbnr/ppp2ppp/4p3/5b2/2PPp3/5P2/PP4PP/RNBQKBNR w KQkq - 0 5,d5e4
35,EulerE,FilmNoir1950,1031,1056,rn1qkbnr/ppp2ppp/4p3/5b2/2PPP3/8/PP4PP/RNBQKBNR b KQkq - 0 5,f3e4
35,EulerE,FilmNoir1950,1031,1056,rn1qkbnr/ppp2ppp/4p3/8/2PPb3/8/PP4PP/RNBQKBNR w KQkq - 0 6,f5e4
35,EulerE,FilmNoir1950,1031,1056,rn1qkbnr/ppp2ppp/4p3/8/2PPb3/5N2/PP4PP/RNBQKB1R b KQkq - 1 6,g1f3
35,EulerE,FilmNoir1950,1031,1056,rn1qkbnr/ppp2ppp/4p3/8/2PP4/5N2/PP4PP/RbBQKB1R w KQkq - 0 7,e4b1
35,EulerE,FilmNoir1950,1031,1056,rn1qkbnr/ppp2ppp/4p3/8/2PP4/5N2/PP4PP/1RBQKB1R b Kkq - 0 7,a1b1
35,EulerE,FilmNoir1950,1031,1056,rn1qk1nr/ppp2ppp/4p3/8/1bPP4/5N2/PP4PP/1RBQKB1R w Kkq - 1 8,f8b4
35,EulerE,FilmNoir1950,1031,1056,rn1qk1nr/ppp2ppp/4p3/8/1bPP4/5N2/PP1B2PP/1R1QKB1R b Kkq - 2 8,c1d2
35,EulerE,FilmNoir1950,1031,1056,rn1qk1nr/ppp2ppp/4p3/8/2PP4/5N2/PP1b2PP/1R1QKB1R w Kkq - 0 9,b4d2
35,EulerE,FilmNoir1950,1031,1056,rn1qk1nr/ppp2ppp/4p3/8/2PP4/5N2/PP1Q2PP/1R2KB1R b Kkq - 0 9,d1d2
35,EulerE,FilmNoir1950,1031,1056,rn1qk2r/ppp2ppp/4pn2/8/2PP4/5N2/PP1Q2PP/1R2KB1R w Kkq - 1 10,g8f6
35,EulerE,FilmNoir1950,1031,1056,rn1qk2r/ppp2ppp/4pn2/8/2PP4/5N2/PP1QB1PP/1R2K2R b Kkq - 2 10,f1e2
35,EulerE,FilmNoir1950,1031,1056,r2qk2r/pppn1ppp/4pn2/8/2PP4/5N2/PP1QB1PP/1R2K2R w Kkq - 3 11,b8d7
35,EulerE,FilmNoir1950,1031,1056,r2qk2r/pppn1ppp/4pn2/8/2PP4/5N2/PP1QB1PP/1R3RK1 b kq - 4 11,e1g1
35,EulerE,FilmNoir1950,1031,1056,r2q1rk1/pppn1ppp/4pn2/8/2PP4/5N2/PP1QB1PP/1R3RK1 w - - 5 12,e8g8
35,EulerE,FilmNoir1950,1031,1056,r2q1rk1/pppn1ppp/4pn2/8/2PP4/5N2/PP1QB1PP/1R2R1K1 b - - 6 12,f1e1
35,EulerE,FilmNoir1950,1031,1056,r4rk1/pppnqppp/4pn2/8/2PP4/5N2/PP1QB1PP/1R2R1K1 w - - 7 13,d8e7
35,EulerE,FilmNoir1950,1031,1056,r4rk1/pppnqppp/4pn2/4N3/2PP4/8/PP1QB1PP/1R2R1K1 b - - 8 13,f3e5
35,EulerE,FilmNoir1950,1031,1056,r4rk1/ppp1qppp/4pn2/4n3/2PP4/8/PP1QB1PP/1R2R1K1 w - - 0 14,d7e5
35,EulerE,FilmNoir1950,1031,1056,r4rk1/ppp1qppp/4pn2/4P3/2P5/8/PP1QB1PP/1R2R1K1 b - - 0 14,d4e5
35,EulerE,FilmNoir1950,1031,1056,r4rk1/pppnqppp/4p3/4P3/2P5/8/PP1QB1PP/1R2R1K1 w - - 1 15,f6d7
35,EulerE,FilmNoir1950,1031,1056,r4rk1/pppnqppp/4p3/4P3/2P5/5B2/PP1Q2PP/1R2R1K1 b - - 2 15,e2f3
35,EulerE,FilmNoir1950,1031,1056,r4rk1/pp1nqppp/2p1p3/4P3/2P5/5B2/PP1Q2PP/1R2R1K1 w - - 0 16,c7c6
35,EulerE,FilmNoir1950,1031,1056,r4rk1/pp1nqppp/2p1p3/4P3/1PP5/5B2/P2Q2PP/1R2R1K1 b - - 0 16,b2b4
35,EulerE,FilmNoir1950,1031,1056,3r1rk1/pp1nqppp/2p1p3/4P3/1PP5/5B2/P2Q2PP/1R2R1K1 w - - 1 17,a8d8
35,EulerE,FilmNoir1950,1031,1056,3r1rk1/pp1nqppp/2p1p3/4P3/1PP5/2Q2B2/P5PP/1R2R1K1 b - - 2 17,d2c3
35,EulerE,FilmNoir1950,1031,1056,3r1rk1/pp2qppp/1np1p3/4P3/1PP5/2Q2B2/P5PP/1R2R1K1 w - - 3 18,d7b6
35,EulerE,FilmNoir1950,1031,1056,3r1rk1/pp2qppp/1np1p3/2P1P3/1P6/2Q2B2/P5PP/1R2R1K1 b - - 0 18,c4c5
35,EulerE,FilmNoir1950,1031,1056,3r1rk1/pp2qppp/2p1p3/2PnP3/1P6/2Q2B2/P5PP/1R2R1K1 w - - 1 19,b6d5
35,EulerE,FilmNoir1950,1031,1056,3r1rk1/pp2qppp/2p1p3/2PBP3/1P6/2Q5/P5PP/1R2R1K1 b - - 0 19,f3d5
35,EulerE,FilmNoir1950,1031,1056,5rk1/pp2qppp/2p1p3/2PrP3/1P6/2Q5/P5PP/1R2R1K1 w - - 0 20,d8d5
35,EulerE,FilmNoir1950,1031,1056,5rk1/pp2qppp/2p1p3/2PrP3/1P6/2Q5/P5PP/3RR1K1 b - - 1 20,b1d1
35,EulerE,FilmNoir1950,1031,1056,3r2k1/pp2qppp/2p1p3/2PrP3/1P6/2Q5/P5PP/3RR1K1 w - - 2 21,f8d8
35,EulerE,FilmNoir1950,1031,1056,3r2k1/pp2qppp/2p1p3/2PrP3/1P6/8/P1Q3PP/3RR1K1 b - - 3 21,c3c2
35,EulerE,FilmNoir1950,1031,1056,3r2k1/pp1q1ppp/2p1p3/2PrP3/1P6/8/P1Q3PP/3RR1K1 w - - 4 22,e7d7
35,EulerE,FilmNoir1950,1031,1056,3r2k1/pp1q1ppp/2p1p3/2PRP3/1P6/8/P1Q3PP/4R1K1 b - - 0 22,d1d5
35,EulerE,FilmNoir1950,1031,1056,3r2k1/pp3ppp/2p1p3/2PqP3/1P6/8/P1Q3PP/4R1K1 w - - 0 23,d7d5
35,EulerE,FilmNoir1950,1031,1056,3r2k1/pp3ppp/2p1p3/2PqP3/1P6/P7/2Q3PP/4R1K1 b - - 0 23,a2a3
35,EulerE,FilmNoir1950,1031,1056,3r2k1/pp3pp1/2p1p2p/2PqP3/1P6/P7/2Q3PP/4R1K1 w - - 0 24,h7h6
35,EulerE,FilmNoir1950,1031,1056,3r2k1/pp3pp1/2p1p2p/2PqP3/1P6/P7/2Q3PP/4R2K b - - 1 24,g1h1
35,EulerE,FilmNoir1950,1031,1056,3r2k1/pp4p1/2p1p2p/2PqPp2/1P6/P7/2Q3PP/4R2K w - f6 0 25,f7f5
35,EulerE,FilmNoir1950,1031,1056,3r2k1/pp4p1/2p1p2p/2PqPp2/1P6/P6P/2Q3P1/4R2K b - - 0 25,h2h3
35,EulerE,FilmNoir1950,1031,1056,5rk1/pp4p1/2p1p2p/2PqPp2/1P6/P6P/2Q3P1/4R2K w - - 1 26,d8f8
35,EulerE,FilmNoir1950,1031,1056,5rk1/pp4p1/2p1p2p/2PqPp2/1P6/P6P/1Q4P1/4R2K b - - 2 26,c2b2
35,EulerE,FilmNoir1950,1031,1056,5rk1/pp4p1/2p1p2p/2P1Pp2/1P6/P2q3P/1Q4P1/4R2K w - - 3 27,d5d3
35,EulerE,FilmNoir1950,1031,1056,5rk1/pp4p1/2p1p2p/2P1Pp2/1P6/P2q3P/1Q4PK/4R3 b - - 4 27,h1h2
35,EulerE,FilmNoir1950,1031,1056,5rk1/pp4p1/2p1p2p/2P1P3/1P3p2/P2q3P/1Q4PK/4R3 w - - 0 28,f5f4
35,EulerE,FilmNoir1950,1031,1056,5rk1/pp4p1/2p1p2p/2P1P3/1P3p2/P2q3P/1Q4PK/5R2 b - - 1 28,e1f1
35,EulerE,FilmNoir1950,1031,1056,5rk1/pp6/2p1p2p/2P1P1p1/1P3p2/P2q3P/1Q4PK/5R2 w - - 0 29,g7g5
35,EulerE,FilmNoir1950,1031,1056,5rk1/pp6/2p1p2p/2P1P1p1/1P3p2/P2q3P/5QPK/5R2 b - - 1 29,b2f2
35,EulerE,FilmNoir1950,1031,1056,5rk1/pp6/2p1p2p/2P1P1p1/1P3p2/P5qP/5QPK/5R2 w - - 2 30,d3g3
35,EulerE,FilmNoir1950,1031,1056,5rk1/pp6/2p1p2p/2P1P1p1/1P3p2/P5QP/6PK/5R2 b - - 0 30,f2g3
35,EulerE,FilmNoir1950,1031,1056,5rk1/pp6/2p1p2p/2P1P1p1/1P6/P5pP/6PK/5R2 w - - 0 31,f4g3
35,EulerE,FilmNoir1950,1031,1056,5rk1/pp6/2p1p2p/2P1P1p1/1P6/P5pP/6P1/5RK1 b - - 1 31,h2g1
35,EulerE,FilmNoir1950,1031,1056,6k1/pp6/2p1p2p/2P1P1p1/1P6/P5pP/6P1/5rK1 w - - 0 32,f8f1
35,EulerE,FilmNoir1950,1031,1056,6k1/pp6/2p1p2p/2P1P1p1/1P6/P5pP/6P1/5K2 b - - 0 32,g1f1
35,EulerE,FilmNoir1950,1031,1056,6k1/pp6/2p1p3/2P1P1pp/1P6/P5pP/6P1/5K2 w - - 0 33,h6h5
35,EulerE,FilmNoir1950,1031,1056,6k1/pp6/2p1p3/2P1P1pp/1P6/P5pP/4K1P1/8 b - - 1 33,f1e2
35,EulerE,FilmNoir1950,1031,1056,6k1/pp6/2p1p3/2P1P1p1/1P5p/P5pP/4K1P1/8 w - - 0 34,h5h4
35,EulerE,FilmNoir1950,1031,1056,6k1/pp6/2p1p3/2P1P1p1/1P5p/P4KpP/6P1/8 b - - 1 34,e2f3
35,EulerE,FilmNoir1950,1031,1056,8/pp4k1/2p1p3/2P1P1p1/1P5p/P4KpP/6P1/8 w - - 2 35,g8g7
35,EulerE,FilmNoir1950,1031,1056,8/pp4k1/2p1p3/2P1P1p1/1P4Kp/P5pP/6P1/8 b - - 3 35,f3g4
35,EulerE,FilmNoir1950,1031,1056,8/pp6/2p1p1k1/2P1P1p1/1P4Kp/P5pP/6P1/8 w - - 4 36,g7g6
35,EulerE,FilmNoir1950,1031,1056,8/pp6/2p1p1k1/2P1P1p1/PP4Kp/6pP/6P1/8 b - - 0 36,a3a4
35,EulerE,FilmNoir1950,1031,1056,8/1p6/p1p1p1k1/2P1P1p1/PP4Kp/6pP/6P1/8 w - - 0 37,a7a6
35,EulerE,FilmNoir1950,1031,1056,8/1p6/p1p1p1k1/P1P1P1p1/1P4Kp/6pP/6P1/8 b - - 0 37,a4a5
35,EulerE,FilmNoir1950,1031,1056,8/1p6/p1p1p2k/P1P1P1p1/1P4Kp/6pP/6P1/8 w - - 1 38,g6h6
35,EulerE,FilmNoir1950,1031,1056,8/1p6/p1p1p2k/P1P1P1p1/1P5p/5KpP/6P1/8 b - - 2 38,g4f3
35,EulerE,FilmNoir1950,1031,1056,8/1p6/p1p1p3/P1P1P1pk/1P5p/5KpP/6P1/8 w - - 3 39,h6h5
35,EulerE,FilmNoir1950,1031,1056,8/1p6/p1p1p3/P1P1P1pk/1P5p/4K1pP/6P1/8 b - - 4 39,f3e3
35,EulerE,FilmNoir1950,1031,1056,8/1p6/p1p1p3/P1P1P2k/1P4pp/4K1pP/6P1/8 w - - 0 40,g5g4
35,EulerE,FilmNoir1950,1031,1056,8/1p6/p1p1p3/P1P1P2k/1P3Kpp/6pP/6P1/8 b - - 1 40,e3f4
35,EulerE,FilmNoir1950,1031,1056,8/1p6/p1p1p3/P1P1P2k/1P3K1p/6pp/6P1/8 w - - 0 41,g4h3
35,EulerE,FilmNoir1950,1031,1056,8/1p6/p1p1p3/P1P1P2k/1P5p/5Kpp/6P1/8 b - - 1 41,f4f3
35,EulerE,FilmNoir1950,1031,1056,8/1p6/p1p1p3/P1P1P2k/1P5p/5Kp1/6Pp/8 w - - 0 42,h3h2
35,EulerE,FilmNoir1950,1031,1056,8/1p6/p1p1p3/P1P1P2k/1P3K1p/6p1/6Pp/8 b - - 1 42,f3f4
35,EulerE,FilmNoir1950,1031,1056,8/1p6/p1p1p3/P1P1P2k/1P3K1p/6p1/6P1/7q w - - 0 43,h2h1q
35,EulerE,FilmNoir1950,1031,1056,8/1p6/p1p1p3/P1P1P2k/1P2K2p/6p1/6P1/7q b - - 1 43,f4e4
35,EulerE,FilmNoir1950,1031,1056,8/1p6/p1p1p3/P1P1P2k/1P2K2p/6p1/6q1/8 w - - 0 44,h1g2
35,EulerE,FilmNoir1950,1031,1056,8/1p6/p1p1p3/P1P1P2k/1P3K1p/6p1/6q1/8 b - - 1 44,e4f4
35,EulerE,FilmNoir1950,1031,1056,8/1p6/p1p1p3/P1P1P2k/1P3K1p/6p1/1q6/8 w - - 2 45,g2b2
35,EulerE,FilmNoir1950,1031,1056,8/1p6/p1p1p3/P1P1P2k/1P5p/5Kp1/1q6/8 b - - 3 45,f4f3
35,EulerE,FilmNoir1950,1031,1056,8/1p6/p1p1p3/P1P1P2k/1q5p/5Kp1/8/8 w - - 0 46,b2b4
35,EulerE,FilmNoir1950,1031,1056,8/1p6/p1p1p3/P1P1P2k/1q5p/6p1/6K1/8 b - - 1 46,f3g2
35,EulerE,FilmNoir1950,1031,1056,8/1p6/p1p1p3/P1q1P2k/7p/6p1/6K1/8 w - - 0 47,b4c5
35,EulerE,FilmNoir1950,1031,1056,8/1p6/p1p1p3/P1q1P2k/7p/6pK/8/8 b - - 1 47,g2h3
35,EulerE,FilmNoir1950,1031,1056,8/1p6/p1p1p3/q3P2k/7p/6pK/8/8 w - - 0 48,c5a5
35,EulerE,FilmNoir1950,1031,1056,8/1p6/p1p1p3/q3P2k/7p/6p1/6K1/8 b - - 1 48,h3g2
35,EulerE,FilmNoir1950,1031,1056,8/1p6/p1p1p3/4q2k/7p/6p1/6K1/8 w - - 0 49,a5e5
35,EulerE,FilmNoir1950,1031,1056,8/1p6/p1p1p3/4q2k/7p/6pK/8/8 b - - 1 49,g2h3
35,EulerE,FilmNoir1950,1031,1056,8/8/p1p1p3/1p2q2k/7p/6pK/8/8 w - - 0 50,b7b5
35,EulerE,FilmNoir1950,1031,1056,8/8/p1p1p3/1p2q2k/7p/6p1/6K1/8 b - - 1 50,h3g2
35,EulerE,FilmNoir1950,1031,1056,8/8/2p1p3/pp2q2k/7p/6p1/6K1/8 w - - 0 51,a6a5
35,EulerE,FilmNoir1950,1031,1056,8/8/2p1p3/pp2q2k/7p/6pK/8/8 b - - 1 51,g2h3
35,EulerE,FilmNoir1950,1031,1056,8/8/2p1p3/1p2q2k/p6p/6pK/8/8 w - - 0 52,a5a4
35,EulerE,FilmNoir1950,1031,1056,8/8/2p1p3/1p2q2k/p6p/6p1/6K1/8 b - - 1 52,h3g2
35,EulerE,FilmNoir1950,1031,1056,8/8/2p1p3/1p2q2k/7p/p5p1/6K1/8 w - - 0 53,a4a3
35,EulerE,FilmNoir1950,1031,1056,8/8/2p1p3/1p2q2k/7p/p5pK/8/8 b - - 1 53,g2h3
35,EulerE,FilmNoir1950,1031,1056,8/8/2p1p3/1p2q2k/7p/6pK/p7/8 w - - 0 54,a3a2
35,EulerE,FilmNoir1950,1031,1056,8/8/2p1p3/1p2q2k/7p/6p1/p5K1/8 b - - 1 54,h3g2
35,EulerE,FilmNoir1950,1031,1056,8/8/2p1p3/1p2q2k/7p/6p1/6K1/q7 w - - 0 55,a2a1q
35,EulerE,FilmNoir1950,1031,1056,8/8/2p1p3/1p2q2k/7p/6pK/8/q7 b - - 1 55,g2h3
35,EulerE,FilmNoir1950,1031,1056,8/8/2p1p3/4q2k/1p5p/6pK/8/q7 w - - 0 56,b5b4
35,EulerE,FilmNoir1950,1031,1056,8/8/2p1p3/4q2k/1p5p/6p1/6K1/q7 b - - 1 56,h3g2
35,EulerE,FilmNoir1950,1031,1056,8/8/2p1p3/4q2k/7p/1p4p1/6K1/q7 w - - 0 57,b4b3
35,EulerE,FilmNoir1950,1031,1056,8/8/2p1p3/4q2k/7p/1p4pK/8/q7 b - - 1 57,g2h3
35,EulerE,FilmNoir1950,1031,1056,8/8/2p1p3/4q2k/7p/6pK/1p6/q7 w - - 0 58,b3b2
35,EulerE,FilmNoir1950,1031,1056,8/8/2p1p3/4q2k/7p/6p1/1p4K1/q7 b - - 1 58,h3g2
35,EulerE,FilmNoir1950,1031,1056,8/8/2p1p3/4q2k/7p/6p1/6K1/qq6 w - - 0 59,b2b1q
35,EulerE,FilmNoir1950,1031,1056,8/8/2p1p3/4q2k/7p/6pK/8/qq6 b - - 1 59,g2h3
35,EulerE,FilmNoir1950,1031,1056,8/8/4p3/2p1q2k/7p/6pK/8/qq6 w - - 0 60,c6c5
35,EulerE,FilmNoir1950,1031,1056,8/8/4p3/2p1q2k/7p/6p1/6K1/qq6 b - - 1 60,h3g2
35,EulerE,FilmNoir1950,1031,1056,8/8/4p3/4q2k/2p4p/6p1/6K1/qq6 w - - 0 61,c5c4
35,EulerE,FilmNoir1950,1031,1056,8/8/4p3/4q2k/2p4p/6pK/8/qq6 b - - 1 61,g2h3
35,EulerE,FilmNoir1950,1031,1056,8/8/4p3/4q2k/7p/2p3pK/8/qq6 w - - 0 62,c4c3
35,EulerE,FilmNoir1950,1031,1056,8/8/4p3/4q2k/7p/2p3p1/6K1/qq6 b - - 1 62,h3g2
35,EulerE,FilmNoir1950,1031,1056,8/8/4p3/4q2k/7p/6p1/2p3K1/qq6 w - - 0 63,c3c2
35,EulerE,FilmNoir1950,1031,1056,8/8/4p3/4q2k/7p/6pK/2p5/qq6 b - - 1 63,g2h3
35,EulerE,FilmNoir1950,1031,1056,8/8/4p3/4q2k/7p/6pK/8/qqq5 w - - 0 64,c2c1q
35,EulerE,FilmNoir1950,1031,1056,8/8/4p3/4q2k/7p/6p1/6K1/qqq5 b - - 1 64,h3g2
35,EulerE,FilmNoir1950,1031,1056,8/8/4p3/5q1k/7p/6p1/6K1/qqq5 w - - 2 65,e5f5
36,EulerE,MaveRomeo,1025,1128,rnbqkbnr/pppppppp/8/8/3P4/8/PPP1PPPP/RNBQKBNR b KQkq - 0 1,d2d4
36,EulerE,MaveRomeo,1025,1128,rnbqkbnr/pp1ppppp/2p5/8/3P4/8/PPP1PPPP/RNBQKBNR w KQkq - 0 2,c7c6
36,EulerE,MaveRomeo,1025,1128,rnbqkbnr/pp1ppppp/2p5/8/2PP4/8/PP2PPPP/RNBQKBNR b KQkq - 0 2,c2c4
36,EulerE,MaveRomeo,1025,1128,rnbqkbnr/pp1p1ppp/2p1p3/8/2PP4/8/PP2PPPP/RNBQKBNR w KQkq - 0 3,e7e6
36,EulerE,MaveRomeo,1025,1128,rnbqkbnr/pp1p1ppp/2p1p3/8/2PP4/5N2/PP2PPPP/RNBQKB1R b KQkq - 1 3,g1f3
36,EulerE,MaveRomeo,1025,1128,rnbqkbnr/pp1p2pp/2p1pp2/8/2PP4/5N2/PP2PPPP/RNBQKB1R w KQkq - 0 4,f7f6
36,EulerE,MaveRomeo,1025,1128,rnbqkbnr/pp1p2pp/2p1pp2/8/2PP4/2N2N2/PP2PPPP/R1BQKB1R b KQkq - 1 4,b1c3
36,EulerE,MaveRomeo,1025,1128,rnbqk1nr/pp1p2pp/2p1pp2/8/1bPP4/2N2N2/PP2PPPP/R1BQKB1R w KQkq - 2 5,f8b4
36,EulerE,MaveRomeo,1025,1128,rnbqk1nr/pp1p2pp/2p1pp2/8/1bPP4/2N2N2/PP1BPPPP/R2QKB1R b KQkq - 3 5,c1d2
36,EulerE,MaveRomeo,1025,1128,rnb1k1nr/pp1p2pp/1qp1pp2/8/1bPP4/2N2N2/PP1BPPPP/R2QKB1R w KQkq - 4 6,d8b6
36,EulerE,MaveRomeo,1025,1128,rnb1k1nr/pp1p2pp/1qp1pp2/8/1bPP4/2N2NP1/PP1BPP1P/R2QKB1R b KQkq - 0 6,g2g3
36,EulerE,MaveRomeo,1025,1128,r1b1k1nr/pp1p2pp/nqp1pp2/8/1bPP4/2N2NP1/PP1BPP1P/R2QKB1R w KQkq - 1 7,b8a6
36,EulerE,MaveRomeo,1025,1128,r1b1k1nr/pp1p2pp/nqp1pp2/2P5/1b1P4/2N2NP1/PP1BPP1P/R2QKB1R b KQkq - 0 7,c4c5
36,EulerE,MaveRomeo,1025,1128,r1b1k1nr/ppqp2pp/n1p1pp2/2P5/1b1P4/2N2NP1/PP1BPP1P/R2QKB1R w KQkq - 1 8,b6c7
36,EulerE,MaveRomeo,1025,1128,r1b1k1nr/ppqp2pp/n1p1pp2/2P5/1b1P4/P1N2NP1/1P1BPP1P/R2QKB1R b KQkq - 0 8,a2a3
36,EulerE,MaveRomeo,1025,1128,r1b1k1nr/ppqp2pp/n1p1pp2/2P5/3P4/P1b2NP1/1P1BPP1P/R2QKB1R w KQkq - 0 9,b4c3
36,EulerE,MaveRomeo,1025,1128,r1b1k1nr/ppqp2pp/n1p1pp2/2P5/3P4/P1B2NP1/1P2PP1P/R2QKB1R b KQkq - 0 9,d2c3
36,EulerE,MaveRomeo,1025,1128,r1b1k1nr/ppq3pp/n1pppp2/2P5/3P4/P1B2NP1/1P2PP1P/R2QKB1R w KQkq - 0 10,d7d6
36,EulerE,MaveRomeo,1025,1128,r1b1k1nr/ppq3pp/n1pppp2/2P5/3P4/P1B1PNP1/1P3P1P/R2QKB1R b KQkq - 0 10,e2e3
36,EulerE,MaveRomeo,1025,1128,r1b1k1nr/ppq3pp/n1p1pp2/2p5/3P4/P1B1PNP1/1P3P1P/R2QKB1R w KQkq - 0 11,d6c5
36,EulerE,MaveRomeo,1025,1128,r1b1k1nr/ppq3pp/B1p1pp2/2p5/3P4/P1B1PNP1/1P3P1P/R2QK2R b KQkq - 0 11,f1a6
36,EulerE,MaveRomeo,1025,1128,r1b1k1nr/ppq3pp/B1p1pp2/8/3p4/P1B1PNP1/1P3P1P/R2QK2R w KQkq - 0 12,c5d4
36,EulerE,MaveRomeo,1025,1128,r1b1k1nr/ppq3pp/B1p1pp2/8/3B4/P3PNP1/1P3P1P/R2QK2R b KQkq - 0 12,c3d4
36,EulerE,MaveRomeo,1025,1128,r1b1k1nr/p1q3pp/p1p1pp2/8/3B4/P3PNP1/1P3P1P/R2QK2R w KQkq - 0 13,b7a6
36,EulerE,MaveRomeo,1025,1128,r1b1k1nr/p1q3pp/p1p1pp2/8/3B4/P3PNP1/1P3P1P/R2Q1RK1 b kq - 1 13,e1g1
36,EulerE,MaveRomeo,1025,1128,r1b1k1nr/p1q3pp/p1p2p2/4p3/3B4/P3PNP1/1P3P1P/R2Q1RK1 w kq - 0 14,e6e5
36,EulerE,MaveRomeo,1025,1128,r1b1k1nr/p1q3pp/p1p2p2/4p3/8/P1B1PNP1/1P3P1P/R2Q1RK1 b kq - 1 14,d4c3
36,EulerE,MaveRomeo,1025,1128,r1b1k2r/p1q3pp/p1p2p1n/4p3/8/P1B1PNP1/1P3P1P/R2Q1RK1 w kq - 2 15,g8h6
36,EulerE,MaveRomeo,1025,1128,r1b1k2r/p1q3pp/p1p2p1n/4p3/8/P1B1PNP1/1P3PKP/R2Q1R2 b kq - 3 15,g1g2
36,EulerE,MaveRomeo,1025,1128,r3k2r/pbq3pp/p1p2p1n/4p3/8/P1B1PNP1/1P3PKP/R2Q1R2 w kq - 4 16,c8b7
36,EulerE,MaveRomeo,1025,1128,r3k2r/pbq3pp/p1p2p1n/4p3/8/PQB1PNP1/1P3PKP/R4R2 b kq - 5 16,d1b3
36,EulerE,MaveRomeo,1025,1128,r3k2r/pbq3pp/p4p1n/2p1p3/8/PQB1PNP1/1P3PKP/R4R2 w kq - 0 17,c6c5
36,EulerE,MaveRomeo,1025,1128,r3k2r/pbq3pp/p3Qp1n/2p1p3/8/P1B1PNP1/1P3PKP/R4R2 b kq - 1 17,b3e6
36,EulerE,MaveRomeo,1025,1128,r3k2r/pb2q1pp/p3Qp1n/2p1p3/8/P1B1PNP1/1P3PKP/R4R2 w kq - 2 18,c7e7
36,EulerE,MaveRomeo,1025,1128,r3k2r/pb2Q1pp/p4p1n/2p1p3/8/P1B1PNP1/1P3PKP/R4R2 b kq - 0 18,e6e7
36,EulerE,MaveRomeo,1025,1128,r6r/pb2k1pp/p4p1n/2p1p3/8/P1B1PNP1/1P3PKP/R4R2 w - - 0 19,e8e7
36,EulerE,MaveRomeo,1025,1128,r6r/pb2k1pp/p4p1n/2p1p3/1P6/P1B1PNP1/5PKP/R4R2 b - - 0 19,b2b4
36,EulerE,MaveRomeo,1025,1128,r6r/pb2k1pp/p4p1n/4p3/1Pp5/P1B1PNP1/5PKP/R4R2 w - - 0 20,c5c4
36,EulerE,MaveRomeo,1025,1128,r6r/pb2k1pp/p4p1n/1P2p3/2p5/P1B1PNP1/5PKP/R4R2 b - - 0 20,b4b5
36,EulerE,MaveRomeo,1025,1128,r6r/pb2k1pp/5p1n/1p2p3/2p5/P1B1PNP1/5PKP/R4R2 w - - 0 21,a6b5
36,EulerE,MaveRomeo,1025,1128,r6r/pb2k1pp/5p1n/1p2p3/1Bp5/P3PNP1/5PKP/R4R2 b - - 1 21,c3b4
36,EulerE,MaveRomeo,1025,1128,r3k2r/pb4pp/5p1n/1p2p3/1Bp5/P3PNP1/5PKP/R4R2 w - - 2 22,e7e8
36,EulerE,MaveRomeo,1025,1128,r3k2r/pb4pp/5p1n/1p2p3/1Bp5/P3PNP1/5P1P/R4RK1 b - - 3 22,g2g1
37,EulerE,ac337,1017,1033,rnbqkbnr/pppppppp/8/8/3P4/8/PPP1PPPP/RNBQKBNR b KQkq - 0 1,d2d4
37,EulerE,ac337,1017,1033,rnbqkbnr/ppp1pppp/8/3p4/3P4/8/PPP1PPPP/RNBQKBNR w KQkq - 0 2,d7d5
37,EulerE,ac337,1017,1033,rnbqkbnr/ppp1pppp/8/3p4/2PP4/8/PP2PPPP/RNBQKBNR b KQkq - 0 2,c2c4
37,EulerE,ac337,1017,1033,rn1qkbnr/ppp1pppp/8/3p1b2/2PP4/8/PP2PPPP/RNBQKBNR w KQkq - 1 3,c8f5
37,EulerE,ac337,1017,1033,rn1qkbnr/ppp1pppp/8/3p1b2/2PP4/2N5/PP2PPPP/R1BQKBNR b KQkq - 2 3,b1c3
37,EulerE,ac337,1017,1033,rn1qkbnr/ppp2ppp/4p3/3p1b2/2PP4/2N5/PP2PPPP/R1BQKBNR w KQkq - 0 4,e7e6
37,EulerE,ac337,1017,1033,rn1qkbnr/ppp2ppp/4p3/3p1b2/2PP1B2/2N5/PP2PPPP/R2QKBNR b KQkq - 1 4,c1f4
37,EulerE,ac337,1017,1033,rn1qk1nr/ppp2ppp/4p3/3p1b2/1bPP1B2/2N5/PP2PPPP/R2QKBNR w KQkq - 2 5,f8b4
37,EulerE,ac337,1017,1033,rn1qk1nr/ppp2ppp/4p3/3p1b2/1bPP1B2/P1N5/1P2PPPP/R2QKBNR b KQkq - 0 5,a2a3
37,EulerE,ac337,1017,1033,rn1qk1nr/ppp2ppp/4p3/3p1b2/2PP1B2/P1b5/1P2PPPP/R2QKBNR w KQkq - 0 6,b4c3
37,EulerE,ac337,1017,1033,rn1qk1nr/ppp2ppp/4p3/3p1b2/2PP1B2/P1P5/4PPPP/R2QKBNR b KQkq - 0 6,b2c3
37,EulerE,ac337,1017,1033,rn1qk2r/ppp2ppp/4pn2/3p1b2/2PP1B2/P1P5/4PPPP/R2QKBNR w KQkq - 1 7,g8f6
37,EulerE,ac337,1017,1033,rn1qk2r/ppp2ppp/4pn2/3p1b2/2PP1B2/P1P2N2/4PPPP/R2QKB1R b KQkq - 2 7,g1f3
37,EulerE,ac337,1017,1033,rn1qk2r/ppp2ppp/4p3/3p1b2/2PPnB2/P1P2N2/4PPPP/R2QKB1R w KQkq - 3 8,f6e4
37,EulerE,ac337,1017,1033,rn1qk2r/ppp2ppp/4p3/3p1b2/2PPnB2/P1P2N2/4PPPP/2RQKB1R b Kkq - 4 8,a1c1
37,EulerE,ac337,1017,1033,rn1q1rk1/ppp2ppp/4p3/3p1b2/2PPnB2/P1P2N2/4PPPP/2RQKB1R w K - 5 9,e8g8
37,EulerE,ac337,1017,1033,rn1q1rk1/ppp2ppp/4p3/3p1b2/2PPnB2/P1P1PN2/5PPP/2RQKB1R b K - 0 9,e2e3
37,EulerE,ac337,1017,1033,rn1q1rk1/ppp2pp1/4p2p/3p1b2/2PPnB2/P1P1PN2/5PPP/2RQKB1R w K - 0 10,h7h6
37,EulerE,ac337,1017,1033,rn1q1rk1/ppp2pp1/4p2p/3p1b2/2PPnB2/P1PBPN2/5PPP/2RQK2R b K - 1 10,f1d3
37,EulerE,ac337,1017,1033,rn1q1rk1/ppp2pp1/4p2p/3p1bn1/2PP1B2/P1PBPN2/5PPP/2RQK2R w K - 2 11,e4g5
37,EulerE,ac337,1017,1033,rn1q1rk1/ppp2pp1/4p2p/3p1Bn1/2PP1B2/P1P1PN2/5PPP/2RQK2R b K - 0 11,d3f5
37,EulerE,ac337,1017,1033,rn1q1rk1/ppp2pp1/7p/3p1pn1/2PP1B2/P1P1PN2/5PPP/2RQK2R w K - 0 12,e6f5
37,EulerE,ac337,1017,1033,rn1q1rk1/ppp2pp1/7p/3p1pn1/2PP1B2/P1P1PN2/5PPP/2RQ1RK1 b - - 1 12,e1g1
37,EulerE,ac337,1017,1033,rn1q1rk1/ppp2pp1/7p/3p1p2/2PP1B2/P1P1Pn2/5PPP/2RQ1RK1 w - - 0 13,g5f3
37,EulerE,ac337,1017,1033,rn1q1rk1/ppp2pp1/7p/3p1p2/2PP1B2/P1P1PQ2/5PPP/2R2RK1 b - - 0 13,d1f3
37,EulerE,ac337,1017,1033,r2q1rk1/pppn1pp1/7p/3p1p2/2PP1B2/P1P1PQ2/5PPP/2R2RK1 w - - 1 14,b8d7
37,EulerE,ac337,1017,1033,r2q1rk1/pppn1pp1/7p/3P1p2/3P1B2/P1P1PQ2/5PPP/2R2RK1 b - - 0 14,c4d5
37,EulerE,ac337,1017,1033,r2q1rk1/ppp2pp1/5n1p/3P1p2/3P1B2/P1P1PQ2/5PPP/2R2RK1 w - - 1 15,d7f6
37,EulerE,ac337,1017,1033,r2q1rk1/ppp2pp1/3P1n1p/5p2/3P1B2/P1P1PQ2/5PPP/2R2RK1 b - - 0 15,d5d6
37,EulerE,ac337,1017,1033,r2q1rk1/pp3pp1/3p1n1p/5p2/3P1B2/P1P1PQ2/5PPP/2R2RK1 w - - 0 16,c7d6
37,EulerE,ac337,1017,1033,r2q1rk1/pp3pp1/3p1n1p/5p2/3P1B2/P1P1PQ2/5PPP/1R3RK1 b - - 1 16,c1b1
37,EulerE,ac337,1017,1033,r2q1rk1/pp3pp1/5n1p/3p1p2/3P1B2/P1P1PQ2/5PPP/1R3RK1 w - - 0 17,d6d5
37,EulerE,ac337,1017,1033,r2q1rk1/pp3pp1/5n1p/3p1p2/3P1B2/P1P1PQ1P/5PP1/1R3RK1 b - - 0 17,h2h3
37,EulerE,ac337,1017,1033,r2q1rk1/pp3pp1/7p/3p1p2/3PnB2/P1P1PQ1P/5PP1/1R3RK1 w - - 1 18,f6e4
37,EulerE,ac337,1017,1033,r2q1rk1/pp3pp1/7p/3p1p2/3PnB2/P1P1PQ1P/5PP1/1R1R2K1 b - - 2 18,f1d1
37,EulerE,ac337,1017,1033,r2q1rk1/p4pp1/1p5p/3p1p2/3PnB2/P1P1PQ1P/5PP1/1R1R2K1 w - - 0 19,b7b6
37,EulerE,ac337,1017,1033,r2q1rk1/p4pp1/1p5p/3p1p2/3PnB2/P1P1P2P/4QPP1/1R1R2K1 b - - 1 19,f3e2
37,EulerE,ac337,1017,1033,r2q1rk1/p4pp1/1p5p/3p1p2/3P1B2/P1n1P2P/4QPP1/1R1R2K1 w - - 0 20,e4c3
37,EulerE,ac337,1017,1033,r2q1rk1/p4pp1/1p5p/3p1p2/3P1B2/P1n1P2P/2Q2PP1/1R1R2K1 b - - 1 20,e2c2
37,EulerE,ac337,1017,1033,r2q1rk1/p4pp1/1p5p/3p1p2/3P1B2/P3P2P/2Q2PP1/1R1n2K1 w - - 0 21,c3d1
37,EulerE,ac337,1017,1033,r2q1rk1/p4pp1/1p5p/3p1p2/3P1B2/P3P2P/2Q2PP1/3R2K1 b - - 0 21,b1d1
37,EulerE,ac337,1017,1033,2rq1rk1/p4pp1/1p5p/3p1p2/3P1B2/P3P2P/2Q2PP1/3R2K1 w - - 1 22,a8c8
37,EulerE,ac337,1017,1033,2rq1rk1/p4pp1/1p5p/3p1p2/3P1B2/P2QP2P/5PP1/3R2K1 b - - 2 22,c2d3
37,EulerE,ac337,1017,1033,2rq1rk1/p4p2/1p5p/3p1pp1/3P1B2/P2QP2P/5PP1/3R2K1 w - - 0 23,g7g5
37,EulerE,ac337,1017,1033,2rq1rk1/p4p2/1p5p/3p1pp1/3P4/P2QP2P/5PPB/3R2K1 b - - 1 23,f4h2
37,EulerE,ac337,1017,1033,2rq1rk1/p7/1p3p1p/3p1pp1/3P4/P2QP2P/5PPB/3R2K1 w - - 0 24,f7f6
37,EulerE,ac337,1017,1033,2rq1rk1/p7/1p3p1p/3p1pp1/3P4/PQ2P2P/5PPB/3R2K1 b - - 1 24,d3b3
37,EulerE,ac337,1017,1033,2rq1rk1/p7/1p3p1p/3p2p1/3P1p2/PQ2P2P/5PPB/3R2K1 w - - 0 25,f5f4
37,EulerE,ac337,1017,1033,2rq1rk1/p7/1p3p1p/3p2p1/3P1P2/PQ5P/5PPB/3R2K1 b - - 0 25,e3f4
37,EulerE,ac337,1017,1033,2rq1rk1/p7/1p3p1p/3p4/3P1Pp1/PQ5P/5PPB/3R2K1 w - - 0 26,g5g4
37,EulerE,ac337,1017,1033,2rq1rk1/p7/1p3p1p/3p4/3P1PP1/PQ6/5PPB/3R2K1 b - - 0 26,h3g4
37,EulerE,ac337,1017,1033,2rq1rk1/p7/1p3p2/3p3p/3P1PP1/PQ6/5PPB/3R2K1 w - - 0 27,h6h5
37,EulerE,ac337,1017,1033,2rq1rk1/p7/1p3p2/3p3P/3P1P2/PQ6/5PPB/3R2K1 b - - 0 27,g4h5
37,EulerE,ac337,1017,1033,2rq1rk1/p7/1p6/3p1p1P/3P1P2/PQ6/5PPB/3R2K1 w - - 0 28,f6f5
37,EulerE,ac337,1017,1033,2rq1rk1/p7/1p6/3p1p1P/3P1P2/P2Q4/5PPB/3R2K1 b - - 1 28,b3d3
37,EulerE,ac337,1017,1033,2r1qrk1/p7/1p6/3p1p1P/3P1P2/P2Q4/5PPB/3R2K1 w - - 2 29,d8e8
37,EulerE,ac337,1017,1033,2r1qrk1/p7/1p6/3p1p1P/3P1PP1/P2Q4/5P1B/3R2K1 b - - 0 29,g2g4
37,EulerE,ac337,1017,1033,2r1qrk1/p7/1p6/3p3P/3P1Pp1/P2Q4/5P1B/3R2K1 w - - 0 30,f5g4
37,EulerE,ac337,1017,1033,2r1qrk1/p7/1p4Q1/3p3P/3P1Pp1/P7/5P1B/3R2K1 b - - 1 30,d3g6
37,EulerE,ac337,1017,1033,2r1qr1k/p7/1p4Q1/3p3P/3P1Pp1/P7/5P1B/3R2K1 w - - 2 31,g8h8
37,EulerE,ac337,1017,1033,2r1qr1k/p7/1p5Q/3p3P/3P1Pp1/P7/5P1B/3R2K1 b - - 3 31,g6h6
37,EulerE,ac337,1017,1033,2r1qrk1/p7/1p5Q/3p3P/3P1Pp1/P7/5P1B/3R2K1 w - - 4 32,h8g8
37,EulerE,ac337,1017,1033,2r1qrk1/p7/1p6/3p2QP/3P1Pp1/P7/5P1B/3R2K1 b - - 5 32,h6g5
37,EulerE,ac337,1017,1033,2r1qr2/p6k/1p6/3p2QP/3P1Pp1/P7/5P1B/3R2K1 w - - 6 33,g8h7
37,EulerE,ac337,1017,1033,2r1qr2/p6k/1p6/3p1Q1P/3P1Pp1/P7/5P1B/3R2K1 b - - 7 33,g5f5
37,EulerE,ac337,1017,1033,2r1q3/p6k/1p6/3p1r1P/3P1Pp1/P7/5P1B/3R2K1 w - - 0 34,f8f5
38,JosefLP72,EulerE,1037,1009,rnbqkbnr/pppppppp/8/8/4P3/8/PPPP1PPP/RNBQKBNR b KQkq - 0 1,e2e4
38,JosefLP72,EulerE,1037,1009,rnbqkbnr/pppp1ppp/8/4p3/4P3/8/PPPP1PPP/RNBQKBNR w KQkq - 0 2,e7e5
38,JosefLP72,EulerE,1037,1009,rnbqkbnr/pppp1ppp/8/4p3/4P3/3P4/PPP2PPP/RNBQKBNR b KQkq - 0 2,d2d3
38,JosefLP72,EulerE,1037,1009,rnbqkb1r/pppp1ppp/5n2/4p3/4P3/3P4/PPP2PPP/RNBQKBNR w KQkq - 1 3,g8f6
38,JosefLP72,EulerE,1037,1009,rnbqkb1r/pppp1ppp/5n2/4p1B1/4P3/3P4/PPP2PPP/RN1QKBNR b KQkq - 2 3,c1g5
38,JosefLP72,EulerE,1037,1009,rnbqkb1r/pppp1p1p/5np1/4p1B1/4P3/3P4/PPP2PPP/RN1QKBNR w KQkq - 0 4,g7g6
38,JosefLP72,EulerE,1037,1009,rnbqkb1r/pppp1p1p/5Bp1/4p3/4P3/3P4/PPP2PPP/RN1QKBNR b KQkq - 0 4,g5f6
38,JosefLP72,EulerE,1037,1009,rnb1kb1r/pppp1p1p/5qp1/4p3/4P3/3P4/PPP2PPP/RN1QKBNR w KQkq - 0 5,d8f6
38,JosefLP72,EulerE,1037,1009,rnb1kb1r/pppp1p1p/5qp1/4p3/4P3/3P1N2/PPP2PPP/RN1QKB1R b KQkq - 1 5,g1f3
38,JosefLP72,EulerE,1037,1009,rnb1k2r/pppp1pbp/5qp1/4p3/4P3/3P1N2/PPP2PPP/RN1QKB1R w KQkq - 2 6,f8g7
38,JosefLP72,EulerE,1037,1009,rnb1k2r/pppp1pbp/5qp1/4p3/4P3/2NP1N2/PPP2PPP/R2QKB1R b KQkq - 3 6,b1c3
38,JosefLP72,EulerE,1037,1009,rnb2rk1/pppp1pbp/5qp1/4p3/4P3/2NP1N2/PPP2PPP/R2QKB1R w KQ - 4 7,e8g8
38,JosefLP72,EulerE,1037,1009,rnb2rk1/pppp1pbp/5qp1/3Np3/4P3/3P1N2/PPP2PPP/R2QKB1R b KQ - 5 7,c3d5
38,JosefLP72,EulerE,1037,1009,rnb2rk1/pppp1pbp/2q3p1/3Np3/4P3/3P1N2/PPP2PPP/R2QKB1R w KQ - 6 8,f6c6
38,JosefLP72,EulerE,1037,1009,rnb2rk1/ppppNpbp/2q3p1/4p3/4P3/3P1N2/PPP2PPP/R2QKB1R b KQ - 7 8,d5e7
39,EulerE,Andresferro,1000,968,rnbqkbnr/pppppppp/8/8/3P4/8/PPP1PPPP/RNBQKBNR b KQkq - 0 1,d2d4
39,EulerE,Andresferro,1000,968,rnbqkb1r/pppppppp/5n2/8/3P4/8/PPP1PPPP/RNBQKBNR w KQkq - 1 2,g8f6
39,EulerE,Andresferro,1000,968,rnbqkb1r/pppppppp/5n2/8/2PP4/8/PP2PPPP/RNBQKBNR b KQkq - 0 2,c2c4
39,EulerE,Andresferro,1000,968,rnbqkb1r/pppp1ppp/4pn2/8/2PP4/8/PP2PPPP/RNBQKBNR w KQkq - 0 3,e7e6
39,EulerE,Andresferro,1000,968,rnbqkb1r/pppp1ppp/4pn2/8/2PP4/2N5/PP2PPPP/R1BQKBNR b KQkq - 1 3,b1c3
39,EulerE,Andresferro,1000,968,rnbqk2r/pppp1ppp/4pn2/8/1bPP4/2N5/PP2PPPP/R1BQKBNR w KQkq - 2 4,f8b4
39,EulerE,Andresferro,1000,968,rnbqk2r/pppp1ppp/4pn2/8/1bPP4/2N5/PP1BPPPP/R2QKBNR b KQkq - 3 4,c1d2
39,EulerE,Andresferro,1000,968,rnbq1rk1/pppp1ppp/4pn2/8/1bPP4/2N5/PP1BPPPP/R2QKBNR w KQ - 4 5,e8g8
39,EulerE,Andresferro,1000,968,rnbq1rk1/pppp1ppp/4pn2/8/1bPP4/2N3P1/PP1BPP1P/R2QKBNR b KQ - 0 5,g2g3
39,EulerE,Andresferro,1000,968,rnbq1rk1/ppp2ppp/4pn2/3p4/1bPP4/2N3P1/PP1BPP1P/R2QKBNR w KQ - 0 6,d7d5
39,EulerE,Andresferro,1000,968,rnbq1rk1/ppp2ppp/4pn2/3p4/1bPP4/2N3P1/PP1BPPBP/R2QK1NR b KQ - 1 6,f1g2
39,EulerE,Andresferro,1000,968,r1bq1rk1/ppp2ppp/2n1pn2/3p4/1bPP4/2N3P1/PP1BPPBP/R2QK1NR w KQ - 2 7,b8c6
39,EulerE,Andresferro,1000,968,r1bq1rk1/ppp2ppp/2n1pn2/3P4/1b1P4/2N3P1/PP1BPPBP/R2QK1NR b KQ - 0 7,c4d5
39,EulerE,Andresferro,1000,968,r1bq1rk1/ppp2ppp/2n1p3/3n4/1b1P4/2N3P1/PP1BPPBP/R2QK1NR w KQ - 0 8,f6d5
39,EulerE,Andresferro,1000,968,r1bq1rk1/ppp2ppp/2n1p3/3N4/1b1P4/6P1/PP1BPPBP/R2QK1NR b KQ - 0 8,c3d5
39,EulerE,Andresferro,1000,968,r1bq1rk1/ppp2ppp/2n1p3/3N4/3P4/6P1/PP1bPPBP/R2QK1NR w KQ - 0 9,b4d2
39,EulerE,Andresferro,1000,968,r1bq1rk1/ppp2ppp/2n1p3/3N4/3P4/6P1/PP1QPPBP/R3K1NR b KQ - 0 9,d1d2
39,EulerE,Andresferro,1000,968,r1bq1rk1/ppp2ppp/2n5/3p4/3P4/6P1/PP1QPPBP/R3K1NR w KQ - 0 10,e6d5
39,EulerE,Andresferro,1000,968,r1bq1rk1/ppp2ppp/2n5/3p4/3P4/4P1P1/PP1Q1PBP/R3K1NR b KQ - 0 10,e2e3
39,EulerE,Andresferro,1000,968,r2q1rk1/ppp2ppp/2n1b3/3p4/3P4/4P1P1/PP1Q1PBP/R3K1NR w KQ - 1 11,c8e6
39,EulerE,Andresferro,1000,968,r2q1rk1/ppp2ppp/2n1b3/3p4/3P4/4P1P1/PP1QNPBP/R3K2R b KQ - 2 11,g1e2
39,EulerE,Andresferro,1000,968,r4rk1/ppp2ppp/2n1bq2/3p4/3P4/4P1P1/PP1QNPBP/R3K2R w KQ - 3 12,d8f6
39,EulerE,Andresferro,1000,968,r4rk1/ppp2ppp/2n1bq2/3p4/3P4/4P1P1/PP1QNPBP/R4RK1 b - - 4 12,e1g1
39,EulerE,Andresferro,1000,968,r3r1k1/ppp2ppp/2n1bq2/3p4/3P4/4P1P1/PP1QNPBP/R4RK1 w - - 5 13,f8e8
39,EulerE,Andresferro,1000,968,r3r1k1/ppp2ppp/2n1bq2/3p4/3P1N2/4P1P1/PP1Q1PBP/R4RK1 b - - 6 13,e2f4
39,EulerE,Andresferro,1000,968,3rr1k1/ppp2ppp/2n1bq2/3p4/3P1N2/4P1P1/PP1Q1PBP/R4RK1 w - - 7 14,a8d8
39,EulerE,Andresferro,1000,968,3rr1k1/ppp2ppp/2n1bq2/3p4/3P1N2/4P1P1/PP1Q1PBP/R3R1K1 b - - 8 14,f1e1
39,EulerE,Andresferro,1000,968,3rr1k1/ppp2ppp/2n2q2/3p1b2/3P1N2/4P1P1/PP1Q1PBP/R3R1K1 w - - 9 15,e6f5
39,EulerE,Andresferro,1000,968,3rr1k1/ppp2ppp/2n2q2/3p1b1N/3P4/4P1P1/PP1Q1PBP/R3R1K1 b - - 10 15,f4h5
39,EulerE,Andresferro,1000,968,3rr1k1/ppp2ppp/2n3q1/3p1b1N/3P4/4P1P1/PP1Q1PBP/R3R1K1 w - - 11 16,f6g6
39,EulerE,Andresferro,1000,968,3rr1k1/ppp2ppp/2n3q1/3p1b2/3P1N2/4P1P1/PP1Q1PBP/R3R1K1 b - - 12 16,h5f4
39,EulerE,Andresferro,1000,968,3rr1k1/ppp2ppp/2n2q2/3p1b2/3P1N2/4P1P1/PP1Q1PBP/R3R1K1 w - - 13 17,g6f6
39,EulerE,Andresferro,1000,968,3rr1k1/ppp2ppp/2n2q2/3N1b2/3P4/4P1P1/PP1Q1PBP/R3R1K1 b - - 0 17,f4d5
39,EulerE,Andresferro,1000,968,3rr1k1/ppp2ppp/2nq4/3N1b2/3P4/4P1P1/PP1Q1PBP/R3R1K1 w - - 1 18,f6d6
39,EulerE,Andresferro,1000,968,3rr1k1/ppp2ppp/2nq4/5b2/3P1N2/4P1P1/PP1Q1PBP/R3R1K1 b - - 2 18,d5f4
39,EulerE,Andresferro,1000,968,3rr1k1/ppp2p1p/2nq4/5bp1/3P1N2/4P1P1/PP1Q1PBP/R3R1K1 w - - 0 19,g7g5
39,EulerE,Andresferro,1000,968,3rr1k1/ppp2p1p/2nq4/3N1bp1/3P4/4P1P1/PP1Q1PBP/R3R1K1 b - - 1 19,f4d5
39,EulerE,Andresferro,1000,968,3rr1k1/ppp2p1p/2nq4/3N2p1/3Pb3/4P1P1/PP1Q1PBP/R3R1K1 w - - 2 20,f5e4
39,EulerE,Andresferro,1000,968,3rr1k1/ppp2p1p/2nq4/3N2p1/3PB3/4P1P1/PP1Q1P1P/R3R1K1 b - - 0 20,g2e4
39,EulerE,Andresferro,1000,968,3r2k1/ppp2p1p/2nq4/3N2p1/3Pr3/4P1P1/PP1Q1P1P/R3R1K1 w - - 0 21,e8e4
39,EulerE,Andresferro,1000,968,3r2k1/ppp2p1p/2nq4/6p1/3Pr3/2N1P1P1/PP1Q1P1P/R3R1K1 b - - 1 21,d5c3
39,EulerE,Andresferro,1000,968,3r2k1/ppp2p1p/2nq4/6p1/3P2r1/2N1P1P1/PP1Q1P1P/R3R1K1 w - - 2 22,e4g4
39,EulerE,Andresferro,1000,968,3r2k1/ppp2p1p/2nq4/6p1/3P2r1/2N1P1P1/PP2QP1P/R3R1K1 b - - 3 22,d2e2
39,EulerE,Andresferro,1000,968,3r2k1/ppp2p1p/2n1q3/6p1/3P2r1/2N1P1P1/PP2QP1P/R3R1K1 w - - 4 23,d6e6
39,EulerE,Andresferro,1000,968,3r2k1/ppp2p1p/2n1q3/6p1/3P2r1/2N1P1PP/PP2QP2/R3R1K1 b - - 0 23,h2h3
39,EulerE,Andresferro,1000,968,3r2k1/ppp2p1p/2n1q3/6p1/3P4/2N1P1rP/PP2QP2/R3R1K1 w - - 0 24,g4g3
39,EulerE,Andresferro,1000,968,3r2k1/ppp2p1p/2n1q3/6p1/3P4/2N1P1PP/PP2Q3/R3R1K1 b - - 0 24,f2g3
39,EulerE,Andresferro,1000,968,3r2k1/ppp2p1p/2n5/6p1/3P4/2N1P1Pq/PP2Q3/R3R1K1 w - - 0 25,e6h3
39,EulerE,Andresferro,1000,968,3r2k1/ppp2p1p/2n5/6p1/3P4/2N1P1Pq/PP5Q/R3R1K1 b - - 1 25,e2h2
39,EulerE,Andresferro,1000,968,3r2k1/ppp2p1p/2n5/6p1/3P2q1/2N1P1P1/PP5Q/R3R1K1 w - - 2 26,h3g4
39,EulerE,Andresferro,1000,968,3r2k1/ppp2p1p/2n5/6p1/3P2q1/2N1P1P1/PP5Q/3RR1K1 b - - 3 26,a1d1
39,EulerE,Andresferro,1000,968,4r1k1/ppp2p1p/2n5/6p1/3P2q1/2N1P1P1/PP5Q/3RR1K1 w - - 4 27,d8e8
39,EulerE,Andresferro,1000,968,4r1k1/ppp2p1p/2n5/6p1/3P2q1/P1N1P1P1/1P5Q/3RR1K1 b - - 0 27,a2a3
39,EulerE,Andresferro,1000,968,4r1k1/ppp2p1p/2n5/5qp1/3P4/P1N1P1P1/1P5Q/3RR1K1 w - - 1 28,g4f5
39,EulerE,Andresferro,1000,968,4r1k1/ppp2p1p/2n5/5qp1/3PP3/P1N3P1/1P5Q/3RR1K1 b - - 0 28,e3e4
39,EulerE,Andresferro,1000,968,4r1k1/ppp2p1p/2n3q1/6p1/3PP3/P1N3P1/1P5Q/3RR1K1 w - - 1 29,f5g6
39,EulerE,Andresferro,1000,968,4r1k1/ppp2p1p/2n3q1/3P2p1/4P3/P1N3P1/1P5Q/3RR1K1 b - - 0 29,d4d5
39,EulerE,Andresferro,1000,968,4r1k1/ppp2p1p/6q1/3Pn1p1/4P3/P1N3P1/1P5Q/3RR1K1 w - - 1 30,c6e5
39,EulerE,Andresferro,1000,968,4r1k1/ppp2p1p/6q1/3Pn1p1/4P3/P1N3P1/1P2Q3/3RR1K1 b - - 2 30,h2e2
39,EulerE,Andresferro,1000,968,4r1k1/ppp2p1p/6q1/3Pn3/4P1p1/P1N3P1/1P2Q3/3RR1K1 w - - 0 31,g5g4
39,EulerE,Andresferro,1000,968,4r1k1/ppp2p1p/6q1/3Pn3/4P1p1/P1N3P1/1P2Q3/3R1RK1 b - - 1 31,e1f1
39,EulerE,Andresferro,1000,968,4r1k1/ppp2p2/6q1/3Pn2p/4P1p1/P1N3P1/1P2Q3/3R1RK1 w - - 0 32,h7h5
39,EulerE,Andresferro,1000,968,4r1k1/ppp2p2/6q1/3Pn2p/4P1p1/P1N3P1/1P3Q2/3R1RK1 b - - 1 32,e2f2
39,EulerE,Andresferro,1000,968,4r1k1/ppp2p2/6q1/3Pn3/4P1pp/P1N3P1/1P3Q2/3R1RK1 w - - 0 33,h5h4
39,EulerE,Andresferro,1000,968,4r1k1/ppp2p2/6q1/3Pn3/4P1pP/P1N5/1P3Q2/3R1RK1 b - - 0 33,g3h4
39,EulerE,Andresferro,1000,968,4r1k1/ppp2p2/8/3Pn2q/4P1pP/P1N5/1P3Q2/3R1RK1 w - - 1 34,g6h5
39,EulerE,Andresferro,1000,968,4r1k1/ppp2p2/8/3Pn2q/4P1pP/P1N5/1P5Q/3R1RK1 b - - 2 34,f2h2
39,EulerE,Andresferro,1000,968,4r1k1/ppp2p2/8/3P3q/4P1pP/P1N2n2/1P5Q/3R1RK1 w - - 3 35,e5f3
39,EulerE,Andresferro,1000,968,4r1k1/ppp2p2/8/3P3q/4P1pP/P1N2R2/1P5Q/3R2K1 b - - 0 35,f1f3
39,EulerE,Andresferro,1000,968,4r1k1/ppp2p2/8/3P3q/4P2P/P1N2p2/1P5Q/3R2K1 w - - 0 36,g4f3
39,EulerE,Andresferro,1000,968,4r1k1/ppp2p2/8/3P3q/4P2P/P1N2pQ1/1P6/3R2K1 b - - 1 36,h2g3
39,EulerE,Andresferro,1000,968,4r2k/ppp2p2/8/3P3q/4P2P/P1N2pQ1/1P6/3R2K1 w - - 2 37,g8h8
39,EulerE,Andresferro,1000,968,4r2k/ppp2p2/8/3P2Qq/4P2P/P1N2p2/1P6/3R2K1 b - - 3 37,g3g5
39,EulerE,Andresferro,1000,968,6rk/ppp2p2/8/3P2Qq/4P2P/P1N2p2/1P6/3R2K1 w - - 4 38,e8g8
39,EulerE,Andresferro,1000,968,6rk/ppp2p2/8/3P2Qq/4P2P/P1N2p2/1P3K2/3R4 b - - 5 38,g1f2
39,EulerE,Andresferro,1000,968,7k/ppp2p2/8/3P2rq/4P2P/P1N2p2/1P3K2/3R4 w - - 0 39,g8g5
39,EulerE,Andresferro,1000,968,7k/ppp2p2/8/3P2Pq/4P3/P1N2p2/1P3K2/3R4 b - - 0 39,h4g5
39,EulerE,Andresferro,1000,968,7k/ppp2p2/8/3P2P1/4P1q1/P1N2p2/1P3K2/3R4 w - - 1 40,h5g4
39,EulerE,Andresferro,1000,968,7k/ppp2p2/8/3P2P1/4P1q1/P1N2p2/1P3K2/7R b - - 2 40,d1h1
39,EulerE,Andresferro,1000,968,8/ppp2pk1/8/3P2P1/4P1q1/P1N2p2/1P3K2/7R w - - 3 41,h8g7
39,EulerE,Andresferro,1000,968,8/ppp2pk1/8/1N1P2P1/4P1q1/P4p2/1P3K2/7R b - - 4 41,c3b5
39,EulerE,Andresferro,1000,968,8/ppp2pk1/8/1N1P2P1/4P3/P4p2/1P3Kq1/7R w - - 5 42,g4g2
39,EulerE,Andresferro,1000,968,8/ppp2pk1/8/1N1P2P1/4P3/P3Kp2/1P4q1/7R b - - 6 42,f2e3
39,EulerE,Andresferro,1000,968,8/ppp2pk1/8/1N1P2P1/4P3/P3Kp2/1P6/7q w - - 0 43,g2h1
39,EulerE,Andresferro,1000,968,8/ppp2pk1/8/3P2P1/4P3/P1N1Kp2/1P6/7q b - - 1 43,b5c3
39,EulerE,Andresferro,1000,968,8/ppp2pk1/8/3P2P1/4P3/P1N1Kp2/1P4q1/8 w - - 2 44,h1g2
39,EulerE,Andresferro,1000,968,8/ppp2pk1/8/3P2P1/4P3/P3Kp2/1P4q1/3N4 b - - 3 44,c3d1
39,EulerE,Andresferro,1000,968,8/ppp2pk1/8/3P2q1/4P3/P3Kp2/1P6/3N4 w - - 0 45,g2g5
39,EulerE,Andresferro,1000,968,8/ppp2pk1/8/3P2q1/4P3/P4p2/1P3K2/3N4 b - - 1 45,e3f2
39,EulerE,Andresferro,1000,968,8/ppp1qpk1/8/3P4/4P3/P4p2/1P3K2/3N4 w - - 2 46,g5e7
39,EulerE,Andresferro,1000,968,8/ppp1qpk1/8/3P4/4P3/P3Np2/1P3K2/8 b - - 3 46,d1e3
39,EulerE,Andresferro,1000,968,8/ppp2pk1/8/3P4/4q3/P3Np2/1P3K2/8 w - - 0 47,e7e4
39,EulerE,Andresferro,1000,968,8/ppp2pk1/8/3P4/4q3/PP2Np2/5K2/8 b - - 0 47,b2b3
39,EulerE,Andresferro,1000,968,8/ppp3k1/8/3P1p2/4q3/PP2Np2/5K2/8 w - - 0 48,f7f5
39,EulerE,Andresferro,1000,968,8/ppp3k1/8/3P1p2/1P2q3/P3Np2/5K2/8 b - - 0 48,b3b4
39,EulerE,Andresferro,1000,968,8/ppp3k1/8/3P4/1P2qp2/P3Np2/5K2/8 w - - 0 49,f5f4
39,EulerE,Andresferro,1000,968,8/ppp3k1/8/3P4/1P2qp2/P4p2/5KN1/8 b - - 1 49,e3g2
39,EulerE,Andresferro,1000,968,8/ppp3k1/8/3P4/1P3p2/P4p2/4qKN1/8 w - - 2 50,e4e2
39,EulerE,Andresferro,1000,968,8/ppp3k1/8/3P4/1P3p2/P4p2/4q1N1/6K1 b - - 3 50,f2g1
39,EulerE,Andresferro,1000,968,8/ppp3k1/8/3P4/1P3p2/P4p2/6q1/6K1 w - - 0 51,e2g2
40,EulerE,LukeSkyWalker81,1198,1166,rnbqkbnr/pppppppp/8/8/3P4/8/PPP1PPPP/RNBQKBNR b KQkq - 0 1,d2d4
40,EulerE,LukeSkyWalker81,1198,1166,rnbqkbnr/ppp1pppp/8/3p4/3P4/8/PPP1PPPP/RNBQKBNR w KQkq - 0 2,d7d5
40,EulerE,LukeSkyWalker81,1198,1166,rnbqkbnr/ppp1pppp/8/3p4/2PP4/8/PP2PPPP/RNBQKBNR b KQkq - 0 2,c2c4
40,EulerE,LukeSkyWalker81,1198,1166,rnbqkbnr/ppp2ppp/4p3/3p4/2PP4/8/PP2PPPP/RNBQKBNR w KQkq - 0 3,e7e6
40,EulerE,LukeSkyWalker81,1198,1166,rnbqkbnr/ppp2ppp/4p3/3p4/2PP4/5N2/PP2PPPP/RNBQKB1R b KQkq - 1 3,g1f3
40,EulerE,LukeSkyWalker81,1198,1166,rnbqkb1r/ppp2ppp/4pn2/3p4/2PP4/5N2/PP2PPPP/RNBQKB1R w KQkq - 2 4,g8f6
40,EulerE,LukeSkyWalker81,1198,1166,rnbqkb1r/ppp2ppp/4pn2/3p4/2PP4/5NP1/PP2PP1P/RNBQKB1R b KQkq - 0 4,g2g3
40,EulerE,LukeSkyWalker81,1198,1166,rnbqkb1r/pp3ppp/2p1pn2/3p4/2PP4/5NP1/PP2PP1P/RNBQKB1R w KQkq - 0 5,c7c6
40,EulerE,LukeSkyWalker81,1198,1166,rnbqkb1r/pp3ppp/2p1pn2/3p4/2PP4/5NP1/PP2PPBP/RNBQK2R b KQkq - 1 5,f1g2
40,EulerE,LukeSkyWalker81,1198,1166,rnbqk2r/pp2bppp/2p1pn2/3p4/2PP4/5NP1/PP2PPBP/RNBQK2R w KQkq - 2 6,f8e7
40,EulerE,LukeSkyWalker81,1198,1166,rnbqk2r/pp2bppp/2p1pn2/3p4/2PP4/5NP1/PP2PPBP/RNBQ1RK1 b kq - 3 6,e1g1
40,EulerE,LukeSkyWalker81,1198,1166,rnbqk2r/p3bppp/1pp1pn2/3p4/2PP4/5NP1/PP2PPBP/RNBQ1RK1 w kq - 0 7,b7b6
40,EulerE,LukeSkyWalker81,1198,1166,rnbqk2r/p3bppp/1pp1pn2/3p4/2PP4/2N2NP1/PP2PPBP/R1BQ1RK1 b kq - 1 7,b1c3
40,EulerE,LukeSkyWalker81,1198,1166,rn1qk2r/pb2bppp/1pp1pn2/3p4/2PP4/2N2NP1/PP2PPBP/R1BQ1RK1 w kq - 2 8,c8b7
40,EulerE,LukeSkyWalker81,1198,1166,rn1qk2r/pb2bppp/1pp1pn2/3P4/3P4/2N2NP1/PP2PPBP/R1BQ1RK1 b kq - 0 8,c4d5
40,EulerE,LukeSkyWalker81,1198,1166,rn1qk2r/pb2bppp/1p2pn2/3p4/3P4/2N2NP1/PP2PPBP/R1BQ1RK1 w kq - 0 9,c6d5
40,EulerE,LukeSkyWalker81,1198,1166,rn1qk2r/pb2bppp/1p2pn2/3p4/Q2P4/2N2NP1/PP2PPBP/R1B2RK1 b kq - 1 9,d1a4
40,EulerE,LukeSkyWalker81,1198,1166,rn1qk2r/p3bppp/1pb1pn2/3p4/Q2P4/2N2NP1/PP2PPBP/R1B2RK1 w kq - 2 10,b7c6
40,EulerE,LukeSkyWalker81,1198,1166,rn1qk2r/p3bppp/1pb1pn2/3p4/3P4/2N2NP1/PPQ1PPBP/R1B2RK1 b kq - 3 10,a4c2
40,EulerE,LukeSkyWalker81,1198,1166,rn1q1rk1/p3bppp/1pb1pn2/3p4/3P4/2N2NP1/PPQ1PPBP/R1B2RK1 w - - 4 11,e8g8
40,EulerE,LukeSkyWalker81,1198,1166,rn1q1rk1/p3bppp/1pb1pn2/3p4/3P4/2N1BNP1/PPQ1PPBP/R4RK1 b - - 5 11,c1e3
40,EulerE,LukeSkyWalker81,1198,1166,rn1q1rk1/4bppp/ppb1pn2/3p4/3P4/2N1BNP1/PPQ1PPBP/R4RK1 w - - 0 12,a7a6
40,EulerE,LukeSkyWalker81,1198,1166,rn1q1rk1/4bppp/ppb1pn2/3p4/3P4/P1N1BNP1/1PQ1PPBP/R4RK1 b - - 0 12,a2a3
40,EulerE,LukeSkyWalker81,1198,1166,r2q1rk1/3nbppp/ppb1pn2/3p4/3P4/P1N1BNP1/1PQ1PPBP/R4RK1 w - - 1 13,b8d7
40,EulerE,LukeSkyWalker81,1198,1166,r2q1rk1/3nbppp/ppb1pn2/3pN3/3P4/P1N1B1P1/1PQ1PPBP/R4RK1 b - - 2 13,f3e5
40,EulerE,LukeSkyWalker81,1198,1166,r2q1rk1/4bppp/ppb1pn2/3pn3/3P4/P1N1B1P1/1PQ1PPBP/R4RK1 w - - 0 14,d7e5
40,EulerE,LukeSkyWalker81,1198,1166,r2q1rk1/4bppp/ppb1pn2/3pP3/8/P1N1B1P1/1PQ1PPBP/R4RK1 b - - 0 14,d4e5
40,EulerE,LukeSkyWalker81,1198,1166,r2q1rk1/4bppp/ppb1p3/3pP3/6n1/P1N1B1P1/1PQ1PPBP/R4RK1 w - - 1 15,f6g4
40,EulerE,LukeSkyWalker81,1198,1166,r2q1rk1/4bppp/ppb1p3/3pP3/6n1/P1N3P1/1PQBPPBP/R4RK1 b - - 2 15,e3d2
40,EulerE,LukeSkyWalker81,1198,1166,2rq1rk1/4bppp/ppb1p3/3pP3/6n1/P1N3P1/1PQBPPBP/R4RK1 w - - 3 16,a8c8
40,EulerE,LukeSkyWalker81,1198,1166,2rq1rk1/4bppp/ppb1p3/3pP3/4P1n1/P1N3P1/1PQB1PBP/R4RK1 b - - 0 16,e2e4
40,EulerE,LukeSkyWalker81,1198,1166,2rq1rk1/4bppp/ppb1p3/4P3/3pP1n1/P1N3P1/1PQB1PBP/R4RK1 w - - 0 17,d5d4
40,EulerE,LukeSkyWalker81,1198,1166,2rq1rk1/4bppp/ppb1p3/4P3/3pP1n1/P5P1/1PQBNPBP/R4RK1 b - - 1 17,c3e2
40,EulerE,LukeSkyWalker81,1198,1166,2rq1rk1/4bppp/ppb1p3/4P3/4P1n1/P2p2P1/1PQBNPBP/R4RK1 w - - 0 18,d4d3
40,EulerE,LukeSkyWalker81,1198,1166,2rq1rk1/4bppp/ppb1p3/4P3/4P1n1/P2p2P1/1P1BNPBP/R2Q1RK1 b - - 1 18,c2d1
40,EulerE,LukeSkyWalker81,1198,1166,2rq1rk1/4bppp/pp2p3/1b2P3/4P1n1/P2p2P1/1P1BNPBP/R2Q1RK1 w - - 2 19,c6b5
40,EulerE,LukeSkyWalker81,1198,1166,2rq1rk1/4bppp/pp2p3/1b2P3/4P1n1/P1Np2P1/1P1B1PBP/R2Q1RK1 b - - 3 19,e2c3
40,EulerE,LukeSkyWalker81,1198,1166,2rq1rk1/4bppp/pp2p3/1b2n3/4P3/P1Np2P1/1P1B1PBP/R2Q1RK1 w - - 0 20,g4e5
40,EulerE,LukeSkyWalker81,1198,1166,2rq1rk1/4bppp/pp2p3/1N2n3/4P3/P2p2P1/1P1B1PBP/R2Q1RK1 b - - 0 20,c3b5
40,EulerE,LukeSkyWalker81,1198,1166,2rq1rk1/4bppp/1p2p3/1p2n3/4P3/P2p2P1/1P1B1PBP/R2Q1RK1 w - - 0 21,a6b5
40,EulerE,LukeSkyWalker81,1198,1166,2rq1rk1/4bppp/1p2p3/1p2n3/4P3/PQ1p2P1/1P1B1PBP/R4RK1 b - - 1 21,d1b3
40,EulerE,LukeSkyWalker81,1198,1166,2rq1rk1/5ppp/1p2p3/1pb1n3/4P3/PQ1p2P1/1P1B1PBP/R4RK1 w - - 2 22,e7c5
40,EulerE,LukeSkyWalker81,1198,1166,2rq1rk1/5ppp/1p2p3/1Qb1n3/4P3/P2p2P1/1P1B1PBP/R4RK1 b - - 0 22,b3b5
40,EulerE,LukeSkyWalker81,1198,1166,2r2rk1/5ppp/1p2pq2/1Qb1n3/4P3/P2p2P1/1P1B1PBP/R4RK1 w - - 1 23,d8f6
40,EulerE,LukeSkyWalker81,1198,1166,2r2rk1/5ppp/1p2pq2/1Qb1n3/1P2P3/P2p2P1/3B1PBP/R4RK1 b - - 0 23,b2b4
40,EulerE,LukeSkyWalker81,1198,1166,2r2rk1/5ppp/1p2pq2/1Q2n3/1P1bP3/P2p2P1/3B1PBP/R4RK1 w - - 1 24,c5d4
40,EulerE,LukeSkyWalker81,1198,1166,2r2rk1/5ppp/1p2pq2/1Q2n3/1P1bPB2/P2p2P1/5PBP/R4RK1 b - - 2 24,d2f4
40,EulerE,LukeSkyWalker81,1198,1166,2r2rk1/5ppp/1p2p3/1Q2nq2/1P1bPB2/P2p2P1/5PBP/R4RK1 w - - 3 25,f6f5
41,kingcobra453,EulerE,1057,993,rnbqkbnr/pppppppp/8/8/2P5/8/PP1PPPPP/RNBQKBNR b KQkq - 0 1,c2c4
41,kingcobra453,EulerE,1057,993,rnbqkbnr/pppp1ppp/8/4p3/2P5/8/PP1PPPPP/RNBQKBNR w KQkq - 0 2,e7e5
41,kingcobra453,EulerE,1057,993,rnbqkbnr/pppp1ppp/8/4p3/2P5/2N5/PP1PPPPP/R1BQKBNR b KQkq - 1 2,b1c3
41,kingcobra453,EulerE,1057,993,rnbqkb1r/pppp1ppp/5n2/4p3/2P5/2N5/PP1PPPPP/R1BQKBNR w KQkq - 2 3,g8f6
41,kingcobra453,EulerE,1057,993,rnbqkb1r/pppp1ppp/5n2/4p3/2P5/2N3P1/PP1PPP1P/R1BQKBNR b KQkq - 0 3,g2g3
41,kingcobra453,EulerE,1057,993,rnbqkb1r/pppp1p1p/5np1/4p3/2P5/2N3P1/PP1PPP1P/R1BQKBNR w KQkq - 0 4,g7g6
41,kingcobra453,EulerE,1057,993,rnbqkb1r/pppp1p1p/5np1/4p3/2P5/2N3P1/PP1PPPBP/R1BQK1NR b KQkq - 1 4,f1g2
41,kingcobra453,EulerE,1057,993,rnbqk2r/pppp1pbp/5np1/4p3/2P5/2N3P1/PP1PPPBP/R1BQK1NR w KQkq - 2 5,f8g7
41,kingcobra453,EulerE,1057,993,rnbqk2r/pppp1pbp/5np1/4p3/2P5/2N2NP1/PP1PPPBP/R1BQK2R b KQkq - 3 5,g1f3
41,kingcobra453,EulerE,1057,993,r1bqk2r/pppp1pbp/2n2np1/4p3/2P5/2N2NP1/PP1PPPBP/R1BQK2R w KQkq - 4 6,b8c6
41,kingcobra453,EulerE,1057,993,r1bqk2r/pppp1pbp/2n2np1/4p3/2P5/2N2NP1/PP1PPPBP/R1BQ1RK1 b kq - 5 6,e1g1
41,kingcobra453,EulerE,1057,993,r1bq1rk1/pppp1pbp/2n2np1/4p3/2P5/2N2NP1/PP1PPPBP/R1BQ1RK1 w - - 6 7,e8g8
41,kingcobra453,EulerE,1057,993,r1bq1rk1/pppp1pbp/2n2np1/4p3/2P5/2N1PNP1/PP1P1PBP/R1BQ1RK1 b - - 0 7,e2e3
41,kingcobra453,EulerE,1057,993,r1bq1rk1/ppp2pbp/2np1np1/4p3/2P5/2N1PNP1/PP1P1PBP/R1BQ1RK1 w - - 0 8,d7d6
41,kingcobra453,EulerE,1057,993,r1bq1rk1/ppp2pbp/2np1np1/4p3/2PP4/2N1PNP1/PP3PBP/R1BQ1RK1 b - - 0 8,d2d4
41,kingcobra453,EulerE,1057,993,r1bq1rk1/ppp2pbp/2np1np1/8/2Pp4/2N1PNP1/PP3PBP/R1BQ1RK1 w - - 0 9,e5d4
41,kingcobra453,EulerE,1057,993,r1bq1rk1/ppp2pbp/2np1np1/8/2PP4/2N2NP1/PP3PBP/R1BQ1RK1 b - - 0 9,e3d4
41,kingcobra453,EulerE,1057,993,r2q1rk1/ppp2pbp/2npbnp1/8/2PP4/2N2NP1/PP3PBP/R1BQ1RK1 w - - 1 10,c8e6
41,kingcobra453,EulerE,1057,993,r2q1rk1/ppp2pbp/2npbnp1/3P4/2P5/2N2NP1/PP3PBP/R1BQ1RK1 b - - 0 10,d4d5
42,EulerE,kingcobra453,1002,1048,rnbqkbnr/pppppppp/8/8/3P4/8/PPP1PPPP/RNBQKBNR b KQkq - 0 1,d2d4
42,EulerE,kingcobra453,1002,1048,rnbqkbnr/ppppp1pp/8/5p2/3P4/8/PPP1PPPP/RNBQKBNR w KQkq - 0 2,f7f5
42,EulerE,kingcobra453,1002,1048,rnbqkbnr/ppppp1pp/8/5p2/2PP4/8/PP2PPPP/RNBQKBNR b KQkq - 0 2,c2c4
42,EulerE,kingcobra453,1002,1048,rnbqkbnr/ppppp2p/6p1/5p2/2PP4/8/PP2PPPP/RNBQKBNR w KQkq - 0 3,g7g6
42,EulerE,kingcobra453,1002,1048,rnbqkbnr/ppppp2p/6p1/5p2/2PP4/2N5/PP2PPPP/R1BQKBNR b KQkq - 1 3,b1c3
42,EulerE,kingcobra453,1002,1048,rnbqk1nr/ppppp1bp/6p1/5p2/2PP4/2N5/PP2PPPP/R1BQKBNR w KQkq - 2 4,f8g7
42,EulerE,kingcobra453,1002,1048,rnbqk1nr/ppppp1bp/6p1/5p2/2PP4/2N2N2/PP2PPPP/R1BQKB1R b KQkq - 3 4,g1f3
42,EulerE,kingcobra453,1002,1048,rnbqk2r/ppppp1bp/5np1/5p2/2PP4/2N2N2/PP2PPPP/R1BQKB1R w KQkq - 4 5,g8f6
42,EulerE,kingcobra453,1002,1048,rnbqk2r/ppppp1bp/5np1/5p2/2PP4/2N2NP1/PP2PP1P/R1BQKB1R b KQkq - 0 5,g2g3
42,EulerE,kingcobra453,1002,1048,rnbq1rk1/ppppp1bp/5np1/5p2/2PP4/2N2NP1/PP2PP1P/R1BQKB1R w KQ - 1 6,e8g8
42,EulerE,kingcobra453,1002,1048,rnbq1rk1/ppppp1bp/5np1/5p2/2PP4/2N2NP1/PP2PPBP/R1BQK2R b KQ - 2 6,f1g2
42,EulerE,kingcobra453,1002,1048,rnbqr1k1/ppppp1bp/5np1/5p2/2PP4/2N2NP1/PP2PPBP/R1BQK2R w KQ - 3 7,f8e8
42,EulerE,kingcobra453,1002,1048,rnbqr1k1/ppppp1bp/5np1/5p2/2PP4/2N2NP1/PP2PPBP/R1BQ1RK1 b - - 4 7,e1g1
42,EulerE,kingcobra453,1002,1048,rnbqr1k1/ppp1p1bp/3p1np1/5p2/2PP4/2N2NP1/PP2PPBP/R1BQ1RK1 w - - 0 8,d7d6
42,EulerE,kingcobra453,1002,1048,rnbqr1k1/ppp1p1bp/3p1np1/5pB1/2PP4/2N2NP1/PP2PPBP/R2Q1RK1 b - - 1 8,c1g5
42,EulerE,kingcobra453,1002,1048,r1bqr1k1/pppnp1bp/3p1np1/5pB1/2PP4/2N2NP1/PP2PPBP/R2Q1RK1 w - - 2 9,b8d7
42,EulerE,kingcobra453,1002,1048,r1bqr1k1/pppnp1bp/3p1np1/5pB1/2PP4/2N1PNP1/PP3PBP/R2Q1RK1 b - - 0 9,e2e3
42,EulerE,kingcobra453,1002,1048,r1bqr1k1/pppn2bp/3p1np1/4ppB1/2PP4/2N1PNP1/PP3PBP/R2Q1RK1 w - - 0 10,e7e5
42,EulerE,kingcobra453,1002,1048,r1bqr1k1/pppn2bp/3p1np1/4PpB1/2P5/2N1PNP1/PP3PBP/R2Q1RK1 b - - 0 10,d4e5
42,EulerE,kingcobra453,1002,1048,r1bqr1k1/pppn2bp/5np1/4ppB1/2P5/2N1PNP1/PP3PBP/R2Q1RK1 w - - 0 11,d6e5
42,EulerE,kingcobra453,1002,1048,r1bqr1k1/pppn2bp/5Bp1/4pp2/2P5/2N1PNP1/PP3PBP/R2Q1RK1 b - - 0 11,g5f6
42,EulerE,kingcobra453,1002,1048,r1bqr1k1/ppp3bp/5np1/4pp2/2P5/2N1PNP1/PP3PBP/R2Q1RK1 w - - 0 12,d7f6
42,EulerE,kingcobra453,1002,1048,r1bqr1k1/ppp3bp/5np1/4pp2/2P5/2N1PNP1/PP3PBP/R2QR1K1 b - - 1 12,f1e1
42,EulerE,kingcobra453,1002,1048,r1b1r1k1/ppp3bp/5np1/4pp2/2P5/2N1PNP1/PP3PBP/R2qR1K1 w - - 0 13,d8d1
42,EulerE,kingcobra453,1002,1048,r1b1r1k1/ppp3bp/5np1/4pp2/2P5/2N1PNP1/PP3PBP/3RR1K1 b - - 0 13,a1d1
42,EulerE,kingcobra453,1002,1048,r1b1r1k1/ppp3bp/5np1/5p2/2P1p3/2N1PNP1/PP3PBP/3RR1K1 w - - 0 14,e5e4
42,EulerE,kingcobra453,1002,1048,r1b1r1k1/ppp3bp/5np1/5p2/2PNp3/2N1P1P1/PP3PBP/3RR1K1 b - - 1 14,f3d4
42,EulerE,kingcobra453,1002,1048,r3r1k1/ppp3bp/4bnp1/5p2/2PNp3/2N1P1P1/PP3PBP/3RR1K1 w - - 2 15,c8e6
42,EulerE,kingcobra453,1002,1048,r3r1k1/ppp3bp/4Nnp1/5p2/2P1p3/2N1P1P1/PP3PBP/3RR1K1 b - - 0 15,d4e6
42,EulerE,kingcobra453,1002,1048,r5k1/ppp3bp/4rnp1/5p2/2P1p3/2N1P1P1/PP3PBP/3RR1K1 w - - 0 16,e8e6
42,EulerE,kingcobra453,1002,1048,r5k1/ppp3bp/4rnp1/3N1p2/2P1p3/4P1P1/PP3PBP/3RR1K1 b - - 1 16,c3d5
42,EulerE,kingcobra453,1002,1048,r5k1/ppp3bp/4r1p1/3n1p2/2P1p3/4P1P1/PP3PBP/3RR1K1 w - - 0 17,f6d5
42,EulerE,kingcobra453,1002,1048,r5k1/ppp3bp/4r1p1/3P1p2/4p3/4P1P1/PP3PBP/3RR1K1 b - - 0 17,c4d5
42,EulerE,kingcobra453,1002,1048,r5k1/ppp3bp/3r2p1/3P1p2/4p3/4P1P1/PP3PBP/3RR1K1 w - - 1 18,e6d6
42,EulerE,kingcobra453,1002,1048,r5k1/ppp3bp/3r2p1/3P1p2/4p3/1P2P1P1/P4PBP/3RR1K1 b - - 0 18,b2b3
42,EulerE,kingcobra453,1002,1048,3r2k1/ppp3bp/3r2p1/3P1p2/4p3/1P2P1P1/P4PBP/3RR1K1 w - - 1 19,a8d8
42,EulerE,kingcobra453,1002,1048,3r2k1/ppp3bp/3r2p1/3P1p2/4p3/1P2P1P1/P4PBP/2R1R1K1 b - - 2 19,d1c1
42,EulerE,kingcobra453,1002,1048,6k1/pppr2bp/3r2p1/3P1p2/4p3/1P2P1P1/P4PBP/2R1R1K1 w - - 3 20,d8d7
42,EulerE,kingcobra453,1002,1048,6k1/pppr2bp/3r2p1/3P1p2/4p3/1P2P1P1/P4P1P/2R1RBK1 b - - 4 20,g2f1
42,EulerE,kingcobra453,1002,1048,6k1/pppr2bp/6p1/3r1p2/4p3/1P2P1P1/P4P1P/2R1RBK1 w - - 0 21,d6d5
42,EulerE,kingcobra453,1002,1048,6k1/pppr2bp/6p1/3r1p2/2B1p3/1P2P1P1/P4P1P/2R1R1K1 b - - 1 21,f1c4
42,EulerE,kingcobra453,1002,1048,7k/pppr2bp/6p1/3r1p2/2B1p3/1P2P1P1/P4P1P/2R1R1K1 w - - 2 22,g8h8
42,EulerE,kingcobra453,1002,1048,7k/pppr2bp/6p1/3B1p2/4p3/1P2P1P1/P4P1P/2R1R1K1 b - - 0 22,c4d5
42,EulerE,kingcobra453,1002,1048,7k/ppp3bp/6p1/3r1p2/4p3/1P2P1P1/P4P1P/2R1R1K1 w - - 0 23,d7d5
42,EulerE,kingcobra453,1002,1048,7k/ppR3bp/6p1/3r1p2/4p3/1P2P1P1/P4P1P/4R1K1 b - - 0 23,c1c7
42,EulerE,kingcobra453,1002,1048,7k/ppR3b1/6p1/3r1p1p/4p3/1P2P1P1/P4P1P/4R1K1 w - - 0 24,h7h5
42,EulerE,kingcobra453,1002,1048,7k/pR4b1/6p1/3r1p1p/4p3/1P2P1P1/P4P1P/4R1K1 b - - 0 24,c7b7
42,EulerE,kingcobra453,1002,1048,7k/pR4b1/6p1/5p1p/4p3/1P1rP1P1/P4P1P/4R1K1 w - - 1 25,d5d3
42,EulerE,kingcobra453,1002,1048,7k/R5b1/6p1/5p1p/4p3/1P1rP1P1/P4P1P/4R1K1 b - - 0 25,b7a7
42,EulerE,kingcobra453,1002,1048,7k/R7/6p1/5p1p/4p3/1PbrP1P1/P4P1P/4R1K1 w - - 1 26,g7c3
42,EulerE,kingcobra453,1002,1048,7k/R7/6p1/5p1p/4p3/1PbrP1P1/P4P1P/2R3K1 b - - 2 26,e1c1
42,EulerE,kingcobra453,1002,1048,7k/R7/6p1/5p1p/4p3/1P1rP1P1/P2b1P1P/2R3K1 w - - 3 27,c3d2
42,EulerE,kingcobra453,1002,1048,7k/R7/6p1/5p1p/4p3/1P1rP1P1/P2b1P1P/3R2K1 b - - 4 27,c1d1
42,EulerE,kingcobra453,1002,1048,7k/R7/6p1/5p1p/4p3/1PbrP1P1/P4P1P/3R2K1 w - - 5 28,d2c3
42,EulerE,kingcobra453,1002,1048,7k/R7/6p1/5p1p/4p3/1PbRP1P1/P4P1P/6K1 b - - 0 28,d1d3
42,EulerE,kingcobra453,1002,1048,7k/R7/6p1/5p1p/8/1PbpP1P1/P4P1P/6K1 w - - 0 29,e4d3
42,EulerE,kingcobra453,1002,1048,7k/3R4/6p1/5p1p/8/1PbpP1P1/P4P1P/6K1 b - - 1 29,a7d7
42,EulerE,kingcobra453,1002,1048,7k/3R4/6p1/5p1p/8/1Pb1P1P1/P2p1P1P/6K1 w - - 0 30,d3d2
42,EulerE,kingcobra453,1002,1048,7k/3R4/6p1/5p1p/8/1Pb1P1P1/P2p1P1P/5K2 b - - 1 30,g1f1
43,kingcobra453,EulerE,1055,995,rnbqkbnr/pppppppp/8/8/4P3/8/PPPP1PPP/RNBQKBNR b KQkq - 0 1,e2e4
43,kingcobra453,EulerE,1055,995,rnbqkbnr/pppp1ppp/8/4p3/4P3/8/PPPP1PPP/RNBQKBNR w KQkq - 0 2,e7e5
43,kingcobra453,EulerE,1055,995,rnbqkbnr/pppp1ppp/8/4p3/4PP2/8/PPPP2PP/RNBQKBNR b KQkq - 0 2,f2f4
43,kingcobra453,EulerE,1055,995,rnbqkbnr/pppp1ppp/8/8/4Pp2/8/PPPP2PP/RNBQKBNR w KQkq - 0 3,e5f4
43,kingcobra453,EulerE,1055,995,rnbqkbnr/pppp1ppp/8/8/3PPp2/8/PPP3PP/RNBQKBNR b KQkq - 0 3,d2d4
43,kingcobra453,EulerE,1055,995,rnbqkbnr/pppp1p1p/6p1/8/3PPp2/8/PPP3PP/RNBQKBNR w KQkq - 0 4,g7g6
43,kingcobra453,EulerE,1055,995,rnbqkbnr/pppp1p1p/6p1/8/3PPp2/5N2/PPP3PP/RNBQKB1R b KQkq - 1 4,g1f3
43,kingcobra453,EulerE,1055,995,rnbqk1nr/pppp1pbp/6p1/8/3PPp2/5N2/PPP3PP/RNBQKB1R w KQkq - 2 5,f8g7
43,kingcobra453,EulerE,1055,995,rnbqk1nr/pppp1pbp/6p1/8/3PPB2/5N2/PPP3PP/RN1QKB1R b KQkq - 0 5,c1f4
43,kingcobra453,EulerE,1055,995,rnbqk1nr/ppp2pbp/3p2p1/8/3PPB2/5N2/PPP3PP/RN1QKB1R w KQkq - 0 6,d7d6
43,kingcobra453,EulerE,1055,995,rnbqk1nr/ppp2pbp/3p2p1/4P3/3P1B2/5N2/PPP3PP/RN1QKB1R b KQkq - 0 6,e4e5
43,kingcobra453,EulerE,1055,995,r1bqk1nr/ppp2pbp/2np2p1/4P3/3P1B2/5N2/PPP3PP/RN1QKB1R w KQkq - 1 7,b8c6
43,kingcobra453,EulerE,1055,995,r1bqk1nr/ppp2pbp/2nP2p1/8/3P1B2/5N2/PPP3PP/RN1QKB1R b KQkq - 0 7,e5d6
43,kingcobra453,EulerE,1055,995,r1bqk1nr/pp3pbp/2np2p1/8/3P1B2/5N2/PPP3PP/RN1QKB1R w KQkq - 0 8,c7d6
43,kingcobra453,EulerE,1055,995,r1bqk1nr/pp3pbp/2np2p1/8/3P1B2/2N2N2/PPP3PP/R2QKB1R b KQkq - 1 8,b1c3
43,kingcobra453,EulerE,1055,995,r1bqk2r/pp2npbp/2np2p1/8/3P1B2/2N2N2/PPP3PP/R2QKB1R w KQkq - 2 9,g8e7
43,kingcobra453,EulerE,1055,995,r1bqk2r/pp2npbp/2np2p1/3P4/5B2/2N2N2/PPP3PP/R2QKB1R b KQkq - 0 9,d4d5
43,kingcobra453,EulerE,1055,995,r1bqk2r/pp2npbp/3p2p1/3Pn3/5B2/2N2N2/PPP3PP/R2QKB1R w KQkq - 1 10,c6e5
43,kingcobra453,EulerE,1055,995,r1bqk2r/pp2npbp/3p2p1/3PN3/5B2/2N5/PPP3PP/R2QKB1R b KQkq - 0 10,f3e5
43,kingcobra453,EulerE,1055,995,r1bqk2r/pp2np1p/3p2p1/3Pb3/5B2/2N5/PPP3PP/R2QKB1R w KQkq - 0 11,g7e5
43,kingcobra453,EulerE,1055,995,r1bqk2r/pp2np1p/3p2p1/3PB3/8/2N5/PPP3PP/R2QKB1R b KQkq - 0 11,f4e5
43,kingcobra453,EulerE,1055,995,r1bqk2r/pp2np1p/6p1/3Pp3/8/2N5/PPP3PP/R2QKB1R w KQkq - 0 12,d6e5
43,kingcobra453,EulerE,1055,995,r1bqk2r/pp2np1p/6p1/3Pp3/2B5/2N5/PPP3PP/R2QK2R b KQkq - 1 12,f1c4
43,kingcobra453,EulerE,1055,995,r1bq1rk1/pp2np1p/6p1/3Pp3/2B5/2N5/PPP3PP/R2QK2R w KQ - 2 13,e8g8
43,kingcobra453,EulerE,1055,995,r1bq1rk1/pp2np1p/6p1/3Pp3/2B5/2N5/PPP3PP/R2Q1RK1 b - - 3 13,e1g1
43,kingcobra453,EulerE,1055,995,r1bq1rk1/pp3p1p/6p1/3Ppn2/2B5/2N5/PPP3PP/R2Q1RK1 w - - 4 14,e7f5
43,kingcobra453,EulerE,1055,995,r1bq1rk1/pp3p1p/6p1/3Ppn2/2B1N3/8/PPP3PP/R2Q1RK1 b - - 5 14,c3e4
43,kingcobra453,EulerE,1055,995,r1bq1rk1/p4p1p/1p4p1/3Ppn2/2B1N3/8/PPP3PP/R2Q1RK1 w - - 0 15,b7b6
43,kingcobra453,EulerE,1055,995,r1bq1rk1/p4p1p/1p1P2p1/4pn2/2B1N3/8/PPP3PP/R2Q1RK1 b - - 0 15,d5d6
43,kingcobra453,EulerE,1055,995,r2q1rk1/pb3p1p/1p1P2p1/4pn2/2B1N3/8/PPP3PP/R2Q1RK1 w - - 1 16,c8b7
43,kingcobra453,EulerE,1055,995,r2q1rk1/pb3p1p/1p1P2p1/3Bpn2/4N3/8/PPP3PP/R2Q1RK1 b - - 2 16,c4d5
43,kingcobra453,EulerE,1055,995,r2q1rk1/p4p1p/1p1P2p1/3bpn2/4N3/8/PPP3PP/R2Q1RK1 w - - 0 17,b7d5
43,kingcobra453,EulerE,1055,995,r2q1rk1/p4p1p/1p1P2p1/3Qpn2/4N3/8/PPP3PP/R4RK1 b - - 0 17,d1d5
43,kingcobra453,EulerE,1055,995,r2qr1k1/p4p1p/1p1P2p1/3Qpn2/4N3/8/PPP3PP/R4RK1 w - - 1 18,f8e8
43,kingcobra453,EulerE,1055,995,r2qr1k1/p2P1p1p/1p4p1/3Qpn2/4N3/8/PPP3PP/R4RK1 b - - 0 18,d6d7
43,kingcobra453,EulerE,1055,995,r2q2k1/p2Prp1p/1p4p1/3Qpn2/4N3/8/PPP3PP/R4RK1 w - - 1 19,e8e7
43,kingcobra453,EulerE,1055,995,r2q2k1/p2Prp1p/1p3Np1/3Qpn2/8/8/PPP3PP/R4RK1 b - - 2 19,e4f6
43,kingcobra453,EulerE,1055,995,r2q4/p2Prpkp/1p3Np1/3Qpn2/8/8/PPP3PP/R4RK1 w - - 3 20,g8g7
43,kingcobra453,EulerE,1055,995,r2q4/p2Prpkp/1p1Q1Np1/4pn2/8/8/PPP3PP/R4RK1 b - - 4 20,d5d6
43,kingcobra453,EulerE,1055,995,r2q4/p2P1pkp/1p1QrNp1/4pn2/8/8/PPP3PP/R4RK1 w - - 5 21,e7e6
43,kingcobra453,EulerE,1055,995,r2qN3/p2P1pkp/1p1Qr1p1/4pn2/8/8/PPP3PP/R4RK1 b - - 6 21,f6e8
43,kingcobra453,EulerE,1055,995,r2qr3/p2P1pkp/1p1Q2p1/4pn2/8/8/PPP3PP/R4RK1 w - - 0 22,e6e8
43,kingcobra453,EulerE,1055,995,r2qr3/p2P1pkp/1p1Q2p1/4pR2/8/8/PPP3PP/R5K1 b - - 0 22,f1f5
43,kingcobra453,EulerE,1055,995,r2q4/p2Prpkp/1p1Q2p1/4pR2/8/8/PPP3PP/R5K1 w - - 1 23,e8e7
43,kingcobra453,EulerE,1055,995,r2q4/p2Prpkp/1p3Qp1/4pR2/8/8/PPP3PP/R5K1 b - - 2 23,d6f6
43,kingcobra453,EulerE,1055,995,r2q1k2/p2Prp1p/1p3Qp1/4pR2/8/8/PPP3PP/R5K1 w - - 3 24,g7f8
43,kingcobra453,EulerE,1055,995,r2q1k1Q/p2Prp1p/1p4p1/4pR2/8/8/PPP3PP/R5K1 b - - 4 24,f6h8
44,EulerE,kingcobra453,988,1062,rnbqkbnr/pppppppp/8/8/3P4/8/PPP1PPPP/RNBQKBNR b KQkq - 0 1,d2d4
44,EulerE,kingcobra453,988,1062,rnbqkbnr/ppp1pppp/8/3p4/3P4/8/PPP1PPPP/RNBQKBNR w KQkq - 0 2,d7d5
44,EulerE,kingcobra453,988,1062,rnbqkbnr/ppp1pppp/8/3p4/2PP4/8/PP2PPPP/RNBQKBNR b KQkq - 0 2,c2c4
44,EulerE,kingcobra453,988,1062,rnbqkb1r/ppp1pppp/5n2/3p4/2PP4/8/PP2PPPP/RNBQKBNR w KQkq - 1 3,g8f6
44,EulerE,kingcobra453,988,1062,rnbqkb1r/ppp1pppp/5n2/3p4/2PP4/2N5/PP2PPPP/R1BQKBNR b KQkq - 2 3,b1c3
44,EulerE,kingcobra453,988,1062,rnbqkb1r/ppp2ppp/4pn2/3p4/2PP4/2N5/PP2PPPP/R1BQKBNR w KQkq - 0 4,e7e6
44,EulerE,kingcobra453,988,1062,rnbqkb1r/ppp2ppp/4pn2/3p4/2PP4/2N2N2/PP2PPPP/R1BQKB1R b KQkq - 1 4,g1f3
44,EulerE,kingcobra453,988,1062,rnbqkb1r/ppp2p1p/4pnp1/3p4/2PP4/2N2N2/PP2PPPP/R1BQKB1R w KQkq - 0 5,g7g6
44,EulerE,kingcobra453,988,1062,rnbqkb1r/ppp2p1p/4pnp1/3p4/2PP4/2N2NP1/PP2PP1P/R1BQKB1R b KQkq - 0 5,g2g3
44,EulerE,kingcobra453,988,1062,rnbqk2r/ppp2pbp/4pnp1/3p4/2PP4/2N2NP1/PP2PP1P/R1BQKB1R w KQkq - 1 6,f8g7
44,EulerE,kingcobra453,988,1062,rnbqk2r/ppp2pbp/4pnp1/3p4/2PP4/2N2NP1/PP2PPBP/R1BQK2R b KQkq - 2 6,f1g2
44,EulerE,kingcobra453,988,1062,rnbq1rk1/ppp2pbp/4pnp1/3p4/2PP4/2N2NP1/PP2PPBP/R1BQK2R w KQ - 3 7,e8g8
44,EulerE,kingcobra453,988,1062,rnbq1rk1/ppp2pbp/4pnp1/3p4/2PP4/2N2NP1/PP2PPBP/R1BQ1RK1 b - - 4 7,e1g1
44,EulerE,kingcobra453,988,1062,r1bq1rk1/ppp2pbp/2n1pnp1/3p4/2PP4/2N2NP1/PP2PPBP/R1BQ1RK1 w - - 5 8,b8c6
44,EulerE,kingcobra453,988,1062,r1bq1rk1/ppp2pbp/2n1pnp1/3p2B1/2PP4/2N2NP1/PP2PPBP/R2Q1RK1 b - - 6 8,c1g5
44,EulerE,kingcobra453,988,1062,r1bq1rk1/ppp2pbp/2n1pnp1/6B1/2pP4/2N2NP1/PP2PPBP/R2Q1RK1 w - - 0 9,d5c4
44,EulerE,kingcobra453,988,1062,r1bq1rk1/ppp2pbp/2n1pnp1/6B1/2pPP3/2N2NP1/PP3PBP/R2Q1RK1 b - - 0 9,e2e4
44,EulerE,kingcobra453,988,1062,r1bq1rk1/ppp2pb1/2n1pnpp/6B1/2pPP3/2N2NP1/PP3PBP/R2Q1RK1 w - - 0 10,h7h6
44,EulerE,kingcobra453,988,1062,r1bq1rk1/ppp2pb1/2n1pBpp/8/2pPP3/2N2NP1/PP3PBP/R2Q1RK1 b - - 0 10,g5f6
44,EulerE,kingcobra453,988,1062,r1bq1rk1/ppp2p2/2n1pbpp/8/2pPP3/2N2NP1/PP3PBP/R2Q1RK1 w - - 0 11,g7f6
44,EulerE,kingcobra453,988,1062,r1bq1rk1/ppp2p2/2n1pbpp/4P3/2pP4/2N2NP1/PP3PBP/R2Q1RK1 b - - 0 11,e4e5
44,EulerE,kingcobra453,988,1062,r1bq1rk1/ppp2pb1/2n1p1pp/4P3/2pP4/2N2NP1/PP3PBP/R2Q1RK1 w - - 1 12,f6g7
44,EulerE,kingcobra453,988,1062,r1bq1rk1/ppp2pb1/2n1p1pp/4P3/2pP4/2N2NP1/PP3PBP/R2QR1K1 b - - 2 12,f1e1
44,EulerE,kingcobra453,988,1062,r2q1rk1/pppb1pb1/2n1p1pp/4P3/2pP4/2N2NP1/PP3PBP/R2QR1K1 w - - 3 13,c8d7
44,EulerE,kingcobra453,988,1062,r2q1rk1/pppb1pb1/2n1p1pp/4P3/Q1pP4/2N2NP1/PP3PBP/R3R1K1 b - - 4 13,d1a4
44,EulerE,kingcobra453,988,1062,r2q1rk1/pppb1pb1/4p1pp/4P3/Q1pn4/2N2NP1/PP3PBP/R3R1K1 w - - 0 14,c6d4
44,EulerE,kingcobra453,988,1062,r2q1rk1/pppb1pb1/4p1pp/4P3/2Qn4/2N2NP1/PP3PBP/R3R1K1 b - - 0 14,a4c4
44,EulerE,kingcobra453,988,1062,r2q1rk1/ppp2pb1/2b1p1pp/4P3/2Qn4/2N2NP1/PP3PBP/R3R1K1 w - - 1 15,d7c6
44,EulerE,kingcobra453,988,1062,r2q1rk1/ppp2pb1/2b1p1pp/4P3/2QN4/2N3P1/PP3PBP/R3R1K1 b - - 0 15,f3d4
44,EulerE,kingcobra453,988,1062,r2q1rk1/ppp2pb1/4p1pp/4P3/2QN4/2N3P1/PP3PbP/R3R1K1 w - - 0 16,c6g2
44,EulerE,kingcobra453,988,1062,r2q1rk1/ppp2pb1/4p1pp/4P3/2QN4/2N3P1/PP3PKP/R3R3 b - - 0 16,g1g2
44,EulerE,kingcobra453,988,1062,r2q1rk1/ppp3b1/4p1pp/4Pp2/2QN4/2N3P1/PP3PKP/R3R3 w - f6 0 17,f7f5
44,EulerE,kingcobra453,988,1062,r2q1rk1/ppp3b1/4p1pp/4Pp2/2QN4/2N3P1/PP3PKP/3RR3 b - - 1 17,a1d1
44,EulerE,kingcobra453,988,1062,r4rk1/ppp1q1b1/4p1pp/4Pp2/2QN4/2N3P1/PP3PKP/3RR3 w - - 2 18,d8e7
44,EulerE,kingcobra453,988,1062,r4rk1/ppp1q1b1/4p1pp/1N2Pp2/2Q5/2N3P1/PP3PKP/3RR3 b - - 3 18,d4b5
44,EulerE,kingcobra453,988,1062,r4rk1/pp2q1b1/2p1p1pp/1N2Pp2/2Q5/2N3P1/PP3PKP/3RR3 w - - 0 19,c7c6
44,EulerE,kingcobra453,988,1062,r4rk1/pp2q1b1/2pNp1pp/4Pp2/2Q5/2N3P1/PP3PKP/3RR3 b - - 1 19,b5d6
44,EulerE,kingcobra453,988,1062,r4rk1/pp2q1b1/2pNp2p/4Ppp1/2Q5/2N3P1/PP3PKP/3RR3 w - - 0 20,g6g5
44,EulerE,kingcobra453,988,1062,r4rk1/pN2q1b1/2p1p2p/4Ppp1/2Q5/2N3P1/PP3PKP/3RR3 b - - 0 20,d6b7
44,EulerE,kingcobra453,988,1062,r4rk1/pq4b1/2p1p2p/4Ppp1/2Q5/2N3P1/PP3PKP/3RR3 w - - 0 21,e7b7
44,EulerE,kingcobra453,988,1062,r4rk1/pq4b1/2p1Q2p/4Ppp1/8/2N3P1/PP3PKP/3RR3 b - - 0 21,c4e6
44,EulerE,kingcobra453,988,1062,r4r2/pq4bk/2p1Q2p/4Ppp1/8/2N3P1/PP3PKP/3RR3 w - - 1 22,g8h7
44,EulerE,kingcobra453,988,1062,r4r2/pq4bk/2p1Q2p/4Ppp1/8/1PN3P1/P4PKP/3RR3 b - - 0 22,b2b3
44,EulerE,kingcobra453,988,1062,r4r2/pq4bk/2p1Q2p/4P1p1/5p2/1PN3P1/P4PKP/3RR3 w - - 0 23,f5f4
44,EulerE,kingcobra453,988,1062,r4r2/pq4bk/2p1Q2p/4P1p1/4Np2/1P4P1/P4PKP/3RR3 b - - 1 23,c3e4
44,EulerE,kingcobra453,988,1062,r4r2/pq4bk/2p1Q2p/4P1p1/4N3/1P4p1/P4PKP/3RR3 w - - 0 24,f4g3
44,EulerE,kingcobra453,988,1062,r4r2/pq4bk/2p1Q2p/4P1p1/4N3/1P4P1/P4PK1/3RR3 b - - 0 24,h2g3
44,EulerE,kingcobra453,988,1062,r4r2/pq4bk/4Q2p/2p1P1p1/4N3/1P4P1/P4PK1/3RR3 w - - 0 25,c6c5
44,EulerE,kingcobra453,988,1062,r4r2/pq4bk/4Q2p/2p1P1p1/4N3/1P4P1/P4P2/3RR1K1 b - - 1 25,g2g1
44,EulerE,kingcobra453,988,1062,4rr2/pq4bk/4Q2p/2p1P1p1/4N3/1P4P1/P4P2/3RR1K1 w - - 2 26,a8e8
44,EulerE,kingcobra453,988,1062,4rr2/pq4bk/7p/2pQP1p1/4N3/1P4P1/P4P2/3RR1K1 b - - 3 26,e6d5
44,EulerE,kingcobra453,988,1062,4rr2/p5bk/7p/2pqP1p1/4N3/1P4P1/P4P2/3RR1K1 w - - 0 27,b7d5
44,EulerE,kingcobra453,988,1062,4rr2/p5bk/7p/2pRP1p1/4N3/1P4P1/P4P2/4R1K1 b - - 0 27,d1d5
44,EulerE,kingcobra453,988,1062,5r2/p5bk/7p/2pRr1p1/4N3/1P4P1/P4P2/4R1K1 w - - 0 28,e8e5
44,EulerE,kingcobra453,988,1062,5r2/p5bk/7p/2R1r1p1/4N3/1P4P1/P4P2/4R1K1 b - - 0 28,d5c5
44,EulerE,kingcobra453,988,1062,4r3/p5bk/7p/2R1r1p1/4N3/1P4P1/P4P2/4R1K1 w - - 1 29,f8e8
44,EulerE,kingcobra453,988,1062,4r3/p5bk/7p/4R1p1/4N3/1P4P1/P4P2/4R1K1 b - - 0 29,c5e5
44,EulerE,kingcobra453,988,1062,8/p5bk/7p/4r1p1/4N3/1P4P1/P4P2/4R1K1 w - - 0 30,e8e5
44,EulerE,kingcobra453,988,1062,8/p5bk/7p/4r1p1/4N3/1P4P1/P4P2/4RK2 b - - 1 30,g1f1
44,EulerE,kingcobra453,988,1062,8/p5bk/7p/r5p1/4N3/1P4P1/P4P2/4RK2 w - - 2 31,e5a5
44,EulerE,kingcobra453,988,1062,8/p5bk/7p/r5p1/4N3/1P4P1/P3RP2/5K2 b - - 3 31,e1e2
44,EulerE,kingcobra453,988,1062,8/p6k/7p/r5p1/3bN3/1P4P1/P3RP2/5K2 w - - 4 32,g7d4
44,EulerE,kingcobra453,988,1062,8/p6k/7p/r5p1/3b4/1P4P1/P2NRP2/5K2 b - - 5 32,e4d2
44,EulerE,kingcobra453,988,1062,8/p6k/7p/5rp1/3b4/1P4P1/P2NRP2/5K2 w - - 6 33,a5f5
44,EulerE,kingcobra453,988,1062,8/p6k/7p/5rp1/3b4/1P3NP1/P3RP2/5K2 b - - 7 33,d2f3
44,EulerE,kingcobra453,988,1062,8/p6k/7p/6p1/3b4/1P3rP1/P3RP2/5K2 w - - 0 34,f5f3
44,EulerE,kingcobra453,988,1062,8/p3R2k/7p/6p1/3b4/1P3rP1/P4P2/5K2 b - - 1 34,e2e7
44,EulerE,kingcobra453,988,1062,8/p3R3/6kp/6p1/3b4/1P3rP1/P4P2/5K2 w - - 2 35,h7g6
44,EulerE,kingcobra453,988,1062,8/R7/6kp/6p1/3b4/1P3rP1/P4P2/5K2 b - - 0 35,e7a7
44,EulerE,kingcobra453,988,1062,8/R7/6kp/6p1/3b4/1P4P1/P4r2/5K2 w - - 0 36,f3f2
44,EulerE,kingcobra453,988,1062,8/R7/6kp/6p1/3b4/1P4P1/P4r2/4K3 b - - 1 36,f1e1
44,EulerE,kingcobra453,988,1062,8/b7/6kp/6p1/8/1P4P1/P4r2/4K3 w - - 0 37,d4a7
44,EulerE,kingcobra453,988,1062,8/b7/6kp/6p1/8/1P4P1/P4r2/3K4 b - - 1 37,e1d1
44,EulerE,kingcobra453,988,1062,8/8/6kp/6p1/8/1P2b1P1/P4r2/3K4 w - - 2 38,a7e3
44,EulerE,kingcobra453,988,1062,8/8/6kp/6p1/8/1P2b1P1/P4r2/4K3 b - - 3 38,d1e1
44,EulerE,kingcobra453,988,1062,8/8/6kp/6p1/8/1P2b1P1/P6r/4K3 w - - 4 39,f2h2
44,EulerE,kingcobra453,988,1062,8/8/6kp/6p1/8/1P2b1P1/P6r/5K2 b - - 5 39,e1f1
44,EulerE,kingcobra453,988,1062,8/8/6kp/6p1/8/1P2b1P1/P5r1/5K2 w - - 6 40,h2g2
44,EulerE,kingcobra453,988,1062,8/8/6kp/6p1/8/1P2b1P1/P5r1/4K3 b - - 7 40,f1e1
44,EulerE,kingcobra453,988,1062,8/8/6kp/6p1/8/1P2b1r1/P7/4K3 w - - 0 41,g2g3
44,EulerE,kingcobra453,988,1062,8/8/6kp/6p1/8/1P2b1r1/P7/3K4 b - - 1 41,e1d1
44,EulerE,kingcobra453,988,1062,8/8/6kp/6p1/6r1/1P2b3/P7/3K4 w - - 2 42,g3g4
44,EulerE,kingcobra453,988,1062,8/8/6kp/6p1/6r1/1P2b3/P7/4K3 b - - 3 42,d1e1
44,EulerE,kingcobra453,988,1062,8/8/6kp/6p1/7r/1P2b3/P7/4K3 w - - 4 43,g4h4
44,EulerE,kingcobra453,988,1062,8/8/6kp/6p1/7r/1P2b3/P7/5K2 b - - 5 43,e1f1
44,EulerE,kingcobra453,988,1062,8/8/6kp/8/6pr/1P2b3/P7/5K2 w - - 0 44,g5g4
44,EulerE,kingcobra453,988,1062,8/8/6kp/8/P5pr/1P2b3/8/5K2 b - - 0 44,a2a4
44,EulerE,kingcobra453,988,1062,8/8/6kp/8/P6r/1P2b1p1/8/5K2 w - - 0 45,g4g3
44,EulerE,kingcobra453,988,1062,8/8/6kp/P7/7r/1P2b1p1/8/5K2 b - - 0 45,a4a5
44,EulerE,kingcobra453,988,1062,8/8/6kp/P7/6r1/1P2b1p1/8/5K2 w - - 1 46,h4g4
44,EulerE,kingcobra453,988,1062,8/8/P5kp/8/6r1/1P2b1p1/8/5K2 b - - 0 46,a5a6
44,EulerE,kingcobra453,988,1062,8/8/P5kp/8/6r1/1P2b3/6p1/5K2 w - - 0 47,g3g2
44,EulerE,kingcobra453,988,1062,8/8/P5kp/8/6r1/1P2b3/6p1/4K3 b - - 1 47,f1e1
44,EulerE,kingcobra453,988,1062,8/8/P5kp/8/6r1/1P2b3/8/4K1q1 w - - 0 48,g2g1q
44,EulerE,kingcobra453,988,1062,8/8/P5kp/8/6r1/1P2b3/4K3/6q1 b - - 1 48,e1e2
44,EulerE,kingcobra453,988,1062,8/8/P5kp/8/6r1/1P2b3/4K1q1/8 w - - 2 49,g1g2
44,EulerE,kingcobra453,988,1062,8/8/P5kp/8/6r1/1P1Kb3/6q1/8 b - - 3 49,e2d3
44,EulerE,kingcobra453,988,1062,8/8/P5kp/8/6r1/1P1Kb1q1/8/8 w - - 4 50,g2g3
44,EulerE,kingcobra453,988,1062,8/8/P5kp/8/6r1/1P2b1q1/4K3/8 b - - 5 50,d3e2
44,EulerE,kingcobra453,988,1062,8/8/P5kp/8/6r1/1P2bq2/4K3/8 w - - 6 51,g3f3
44,EulerE,kingcobra453,988,1062,8/8/P5kp/8/6r1/1P1Kbq2/8/8 b - - 7 51,e2d3
44,EulerE,kingcobra453,988,1062,8/8/P5kp/8/4q1r1/1P1Kb3/8/8 w - - 8 52,f3e4
44,EulerE,kingcobra453,988,1062,8/8/P5kp/8/4q1r1/1P2b3/4K3/8 b - - 9 52,d3e2
44,EulerE,kingcobra453,988,1062,8/8/P5kp/8/3q2r1/1P2b3/4K3/8 w - - 10 53,e4d4
44,EulerE,kingcobra453,988,1062,8/8/P5kp/8/3q2r1/1P2b3/8/5K2 b - - 11 53,e2f1
44,EulerE,kingcobra453,988,1062,8/8/P5kp/8/6r1/1P2b3/3q4/5K2 w - - 12 54,d4d2
44,EulerE,kingcobra453,988,1062,8/P7/6kp/8/6r1/1P2b3/3q4/5K2 b - - 0 54,a6a7
44,EulerE,kingcobra453,988,1062,8/P7/6kp/8/8/1P2b3/3q2r1/5K2 w - - 1 55,g4g2
44,EulerE,kingcobra453,988,1062,Q7/8/6kp/8/8/1P2b3/3q2r1/5K2 b - - 0 55,a7a8q
44,EulerE,kingcobra453,988,1062,Q7/8/6kp/8/8/1P2b3/5qr1/5K2 w - - 1 56,d2f2
45,kingcobra453,EulerE,1068,982,rnbqkbnr/pppppppp/8/8/2P5/8/PP1PPPPP/RNBQKBNR b KQkq - 0 1,c2c4
45,kingcobra453,EulerE,1068,982,rnbqkbnr/pppp1ppp/8/4p3/2P5/8/PP1PPPPP/RNBQKBNR w KQkq - 0 2,e7e5
45,kingcobra453,EulerE,1068,982,rnbqkbnr/pppp1ppp/8/4p3/2P5/2N5/PP1PPPPP/R1BQKBNR b KQkq - 1 2,b1c3
45,kingcobra453,EulerE,1068,982,rnbqkbnr/pppp1p1p/6p1/4p3/2P5/2N5/PP1PPPPP/R1BQKBNR w KQkq - 0 3,g7g6
45,kingcobra453,EulerE,1068,982,rnbqkbnr/pppp1p1p/6p1/4p3/2P5/2N3P1/PP1PPP1P/R1BQKBNR b KQkq - 0 3,g2g3
45,kingcobra453,EulerE,1068,982,rnbqk1nr/pppp1pbp/6p1/4p3/2P5/2N3P1/PP1PPP1P/R1BQKBNR w KQkq - 1 4,f8g7
45,kingcobra453,EulerE,1068,982,rnbqk1nr/pppp1pbp/6p1/4p3/2P5/2N3P1/PP1PPPBP/R1BQK1NR b KQkq - 2 4,f1g2
45,kingcobra453,EulerE,1068,982,rnbqk2r/ppppnpbp/6p1/4p3/2P5/2N3P1/PP1PPPBP/R1BQK1NR w KQkq - 3 5,g8e7
45,kingcobra453,EulerE,1068,982,rnbqk2r/ppppnpbp/6p1/4p3/2P5/2N2NP1/PP1PPPBP/R1BQK2R b KQkq - 4 5,g1f3
45,kingcobra453,EulerE,1068,982,rnbq1rk1/ppppnpbp/6p1/4p3/2P5/2N2NP1/PP1PPPBP/R1BQK2R w KQ - 5 6,e8g8
45,kingcobra453,EulerE,1068,982,rnbq1rk1/ppppnpbp/6p1/4p3/2P5/2N2NP1/PP1PPPBP/R1BQ1RK1 b - - 6 6,e1g1
45,kingcobra453,EulerE,1068,982,rnbq1rk1/ppppn1bp/6p1/4pp2/2P5/2N2NP1/PP1PPPBP/R1BQ1RK1 w - - 0 7,f7f5
45,kingcobra453,EulerE,1068,982,rnbq1rk1/ppppn1bp/6p1/4pp2/2P5/2NP1NP1/PP2PPBP/R1BQ1RK1 b - - 0 7,d2d3
45,kingcobra453,EulerE,1068,982,r1bq1rk1/ppppn1bp/2n3p1/4pp2/2P5/2NP1NP1/PP2PPBP/R1BQ1RK1 w - - 1 8,b8c6
45,kingcobra453,EulerE,1068,982,r1bq1rk1/ppppn1bp/2n3p1/4pp2/2P1P3/2NP1NP1/PP3PBP/R1BQ1RK1 b - - 0 8,e2e4
45,kingcobra453,EulerE,1068,982,r1bq1rk1/ppp1n1bp/2np2p1/4pp2/2P1P3/2NP1NP1/PP3PBP/R1BQ1RK1 w - - 0 9,d7d6
45,kingcobra453,EulerE,1068,982,r1bq1rk1/ppp1n1bp/2np2p1/4pp2/2PPP3/2N2NP1/PP3PBP/R1BQ1RK1 b - - 0 9,d3d4
45,kingcobra453,EulerE,1068,982,r1bq1rk1/ppp1n1bp/2np2p1/4p3/2PPp3/2N2NP1/PP3PBP/R1BQ1RK1 w - - 0 10,f5e4
45,kingcobra453,EulerE,1068,982,r1bq1rk1/ppp1n1bp/2np2p1/4p3/2PPN3/5NP1/PP3PBP/R1BQ1RK1 b - - 0 10,c3e4
45,kingcobra453,EulerE,1068,982,r1bq1rk1/ppp1n1bp/2np2p1/8/2PpN3/5NP1/PP3PBP/R1BQ1RK1 w - - 0 11,e5d4
45,kingcobra453,EulerE,1068,982,r1bq1rk1/ppp1n1bp/2np2p1/6B1/2PpN3/5NP1/PP3PBP/R2Q1RK1 b - - 1 11,c1g5
45,kingcobra453,EulerE,1068,982,r1bq1rk1/ppp1n1b1/2np2pp/6B1/2PpN3/5NP1/PP3PBP/R2Q1RK1 w - - 0 12,h7h6
45,kingcobra453,EulerE,1068,982,r1bq1rk1/ppp1B1b1/2np2pp/8/2PpN3/5NP1/PP3PBP/R2Q1RK1 b - - 0 12,g5e7
45,kingcobra453,EulerE,1068,982,r1b2rk1/ppp1q1b1/2np2pp/8/2PpN3/5NP1/PP3PBP/R2Q1RK1 w - - 0 13,d8e7
45,kingcobra453,EulerE,1068,982,r1b2rk1/ppp1q1b1/2np2pp/8/2PpN3/6P1/PP1N1PBP/R2Q1RK1 b - - 1 13,f3d2
45,kingcobra453,EulerE,1068,982,r1b2rk1/ppp1q1b1/2np2p1/7p/2PpN3/6P1/PP1N1PBP/R2Q1RK1 w - - 0 14,h6h5
45,kingcobra453,EulerE,1068,982,r1b2rk1/ppp1q1b1/2np2p1/7p/2PpNP2/6P1/PP1N2BP/R2Q1RK1 b - - 0 14,f2f4
45,kingcobra453,EulerE,1068,982,r4rk1/ppp1q1b1/2np2p1/7p/2PpNPb1/6P1/PP1N2BP/R2Q1RK1 w - - 1 15,c8g4
45,kingcobra453,EulerE,1068,982,r4rk1/ppp1q1b1/2np2p1/7p/2PpNPb1/6P1/PP1N2BP/R3QRK1 b - - 2 15,d1e1
45,kingcobra453,EulerE,1068,982,3r1rk1/ppp1q1b1/2np2p1/7p/2PpNPb1/6P1/PP1N2BP/R3QRK1 w - - 3 16,a8d8
45,kingcobra453,EulerE,1068,982,3r1rk1/ppp1q1b1/2np2p1/7p/2PpNPb1/6PP/PP1N2B1/R3QRK1 b - - 0 16,h2h3
45,kingcobra453,EulerE,1068,982,3r1rk1/ppp1q1b1/2np2p1/5b1p/2PpNP2/6PP/PP1N2B1/R3QRK1 w - - 1 17,g4f5
45,kingcobra453,EulerE,1068,982,3r1rk1/ppp1q1b1/2np2p1/5b1p/2PpNPP1/7P/PP1N2B1/R3QRK1 b - - 0 17,g3g4
45,kingcobra453,EulerE,1068,982,3r1rk1/ppp1q1b1/2np2p1/5b2/2PpNPp1/7P/PP1N2B1/R3QRK1 w - - 0 18,h5g4
45,kingcobra453,EulerE,1068,982,3r1rk1/ppp1q1b1/2np2p1/5b2/2PpNPP1/8/PP1N2B1/R3QRK1 b - - 0 18,h3g4
45,kingcobra453,EulerE,1068,982,3r1rk1/ppp1q1b1/2np2p1/8/2PpNPb1/8/PP1N2B1/R3QRK1 w - - 0 19,f5g4
45,kingcobra453,EulerE,1068,982,3r1rk1/ppp1q1b1/2np2p1/6N1/2Pp1Pb1/8/PP1N2B1/R3QRK1 b - - 1 19,e4g5
45,kingcobra453,EulerE,1068,982,3r1rk1/ppp1q3/2np2pb/6N1/2Pp1Pb1/8/PP1N2B1/R3QRK1 w - - 2 20,g7h6
45,kingcobra453,EulerE,1068,982,3r1rk1/ppp1q3/2np2pb/6N1/2Pp1PbQ/8/PP1N2B1/R4RK1 b - - 3 20,e1h4
45,kingcobra453,EulerE,1068,982,3r1rk1/ppp1q3/2np2p1/6b1/2Pp1PbQ/8/PP1N2B1/R4RK1 w - - 0 21,h6g5
45,kingcobra453,EulerE,1068,982,3r1rk1/ppp1q3/2np2p1/6P1/2Pp2bQ/8/PP1N2B1/R4RK1 b - - 0 21,f4g5
45,kingcobra453,EulerE,1068,982,3r2k1/ppp1q3/2np2p1/6P1/2Pp2bQ/8/PP1N2B1/R4rK1 w - - 0 22,f8f1
45,kingcobra453,EulerE,1068,982,3r2k1/ppp1q3/2np2p1/6P1/2Pp2bQ/8/PP1N2B1/5RK1 b - - 0 22,a1f1
45,kingcobra453,EulerE,1068,982,3r2k1/ppp1q3/2np2p1/5bP1/2Pp3Q/8/PP1N2B1/5RK1 w - - 1 23,g4f5
45,kingcobra453,EulerE,1068,982,3r2k1/ppp1q3/2np2p1/3B1bP1/2Pp3Q/8/PP1N4/5RK1 b - - 2 23,g2d5
45,kingcobra453,EulerE,1068,982,3r4/ppp1q1k1/2np2p1/3B1bP1/2Pp3Q/8/PP1N4/5RK1 w - - 3 24,g8g7
45,kingcobra453,EulerE,1068,982,3r4/ppp1q1k1/2np2pQ/3B1bP1/2Pp4/8/PP1N4/5RK1 b - - 4 24,h4h6
46,EulerE,kingcobra453,976,1074,rnbqkbnr/pppppppp/8/8/3P4/8/PPP1PPPP/RNBQKBNR b KQkq - 0 1,d2d4
46,EulerE,kingcobra453,976,1074,rnbqkbnr/pppppp1p/6p1/8/3P4/8/PPP1PPPP/RNBQKBNR w KQkq - 0 2,g7g6
46,EulerE,kingcobra453,976,1074,rnbqkbnr/pppppp1p/6p1/8/2PP4/8/PP2PPPP/RNBQKBNR b KQkq - 0 2,c2c4
46,EulerE,kingcobra453,976,1074,rnbqk1nr/ppppppbp/6p1/8/2PP4/8/PP2PPPP/RNBQKBNR w KQkq - 1 3,f8g7
46,EulerE,kingcobra453,976,1074,rnbqk1nr/ppppppbp/6p1/8/2PP4/2N5/PP2PPPP/R1BQKBNR b KQkq - 2 3,b1c3
46,EulerE,kingcobra453,976,1074,rnbqk2r/ppppppbp/5np1/8/2PP4/2N5/PP2PPPP/R1BQKBNR w KQkq - 3 4,g8f6
46,EulerE,kingcobra453,976,1074,rnbqk2r/ppppppbp/5np1/8/2PP4/2N3P1/PP2PP1P/R1BQKBNR b KQkq - 0 4,g2g3
46,EulerE,kingcobra453,976,1074,rnbq1rk1/ppppppbp/5np1/8/2PP4/2N3P1/PP2PP1P/R1BQKBNR w KQ - 1 5,e8g8
46,EulerE,kingcobra453,976,1074,rnbq1rk1/ppppppbp/5np1/8/2PP4/2N3P1/PP2PPBP/R1BQK1NR b KQ - 2 5,f1g2
46,EulerE,kingcobra453,976,1074,rnbqr1k1/ppppppbp/5np1/8/2PP4/2N3P1/PP2PPBP/R1BQK1NR w KQ - 3 6,f8e8
46,EulerE,kingcobra453,976,1074,rnbqr1k1/ppppppbp/5np1/8/2PPP3/2N3P1/PP3PBP/R1BQK1NR b KQ - 0 6,e2e4
46,EulerE,kingcobra453,976,1074,rnbqr1k1/ppp1ppbp/3p1np1/8/2PPP3/2N3P1/PP3PBP/R1BQK1NR w KQ - 0 7,d7d6
46,EulerE,kingcobra453,976,1074,rnbqr1k1/ppp1ppbp/3p1np1/8/2PPP3/2N3P1/PP2NPBP/R1BQK2R b KQ - 1 7,g1e2
46,EulerE,kingcobra453,976,1074,r1bqr1k1/pppnppbp/3p1np1/8/2PPP3/2N3P1/PP2NPBP/R1BQK2R w KQ - 2 8,b8d7
46,EulerE,kingcobra453,976,1074,r1bqr1k1/pppnppbp/3p1np1/8/2PPP3/2N3P1/PP2NPBP/R1BQ1RK1 b - - 3 8,e1g1
46,EulerE,kingcobra453,976,1074,r1bqr1k1/pppn1pbp/3p1np1/4p3/2PPP3/2N3P1/PP2NPBP/R1BQ1RK1 w - - 0 9,e7e5
46,EulerE,kingcobra453,976,1074,r1bqr1k1/pppn1pbp/3p1np1/4p1B1/2PPP3/2N3P1/PP2NPBP/R2Q1RK1 b - - 1 9,c1g5
46,EulerE,kingcobra453,976,1074,r1bqr1k1/pppn1pb1/3p1npp/4p1B1/2PPP3/2N3P1/PP2NPBP/R2Q1RK1 w - - 0 10,h7h6
46,EulerE,kingcobra453,976,1074,r1bqr1k1/pppn1pb1/3p1npp/4p3/2PPP3/2N3P1/PP1BNPBP/R2Q1RK1 b - - 1 10,g5d2
46,EulerE,kingcobra453,976,1074,r1bqr1k1/pppn1pb1/3p1npp/8/2PpP3/2N3P1/PP1BNPBP/R2Q1RK1 w - - 0 11,e5d4
46,EulerE,kingcobra453,976,1074,r1bqr1k1/pppn1pb1/3p1npp/8/2PNP3/2N3P1/PP1B1PBP/R2Q1RK1 b - - 0 11,e2d4
46,EulerE,kingcobra453,976,1074,r1bqr1k1/pp1n1pb1/3p1npp/2p5/2PNP3/2N3P1/PP1B1PBP/R2Q1RK1 w - - 0 12,c7c5
46,EulerE,kingcobra453,976,1074,r1bqr1k1/pp1n1pb1/3p1npp/2p5/2P1P3/2N3P1/PP1BNPBP/R2Q1RK1 b - - 1 12,d4e2
46,EulerE,kingcobra453,976,1074,r1bqr1k1/pp3pb1/3p1npp/2p1n3/2P1P3/2N3P1/PP1BNPBP/R2Q1RK1 w - - 2 13,d7e5
46,EulerE,kingcobra453,976,1074,r1bqr1k1/pp3pb1/3p1npp/2p1n3/2P1P3/2N3P1/PP1BNPBP/R2QR1K1 b - - 3 13,f1e1
46,EulerE,kingcobra453,976,1074,r1bqr1k1/pp3pb1/3p1npp/2p5/2n1P3/2N3P1/PP1BNPBP/R2QR1K1 w - - 0 14,e5c4
46,EulerE,kingcobra453,976,1074,r1bqr1k1/pp3pb1/3p1npp/2p5/2n1P3/1QN3P1/PP1BNPBP/R3R1K1 b - - 1 14,d1b3
47,josedaly,EulerE,936,967,rnbqkbnr/pppppppp/8/8/4P3/8/PPPP1PPP/RNBQKBNR b KQkq - 0 1,e2e4
47,josedaly,EulerE,936,967,rnbqkbnr/pppp1ppp/8/4p3/4P3/8/PPPP1PPP/RNBQKBNR w KQkq - 0 2,e7e5
47,josedaly,EulerE,936,967,rnbqkbnr/pppp1ppp/8/4p3/4P3/3P4/PPP2PPP/RNBQKBNR b KQkq - 0 2,d2d3
47,josedaly,EulerE,936,967,rnbqkb1r/pppp1ppp/5n2/4p3/4P3/3P4/PPP2PPP/RNBQKBNR w KQkq - 1 3,g8f6
47,josedaly,EulerE,936,967,rnbqkb1r/pppp1ppp/5n2/4p1B1/4P3/3P4/PPP2PPP/RN1QKBNR b KQkq - 2 3,c1g5
47,josedaly,EulerE,936,967,rnbqkb1r/pppp1pp1/5n1p/4p1B1/4P3/3P4/PPP2PPP/RN1QKBNR w KQkq - 0 4,h7h6
47,josedaly,EulerE,936,967,rnbqkb1r/pppp1pp1/5B1p/4p3/4P3/3P4/PPP2PPP/RN1QKBNR b KQkq - 0 4,g5f6
47,josedaly,EulerE,936,967,rnb1kb1r/pppp1pp1/5q1p/4p3/4P3/3P4/PPP2PPP/RN1QKBNR w KQkq - 0 5,d8f6
47,josedaly,EulerE,936,967,rnb1kb1r/pppp1pp1/5q1p/4p3/4P3/3P4/PPPN1PPP/R2QKBNR b KQkq - 1 5,b1d2
47,josedaly,EulerE,936,967,rnb1k2r/pppp1pp1/3b1q1p/4p3/4P3/3P4/PPPN1PPP/R2QKBNR w KQkq - 2 6,f8d6
47,josedaly,EulerE,936,967,rnb1k2r/pppp1pp1/3b1q1p/4p3/4P3/3P1Q2/PPPN1PPP/R3KBNR b KQkq - 3 6,d1f3
47,josedaly,EulerE,936,967,rnb1k2r/ppppbpp1/5q1p/4p3/4P3/3P1Q2/PPPN1PPP/R3KBNR w KQkq - 4 7,d6e7
47,josedaly,EulerE,936,967,rnb1k2r/ppppbpp1/5Q1p/4p3/4P3/3P4/PPPN1PPP/R3KBNR b KQkq - 0 7,f3f6
47,josedaly,EulerE,936,967,rnb1k2r/pppp1pp1/5b1p/4p3/4P3/3P4/PPPN1PPP/R3KBNR w KQkq - 0 8,e7f6
47,josedaly,EulerE,936,967,rnb1k2r/pppp1pp1/5b1p/4p3/2N1P3/3P4/PPP2PPP/R3KBNR b KQkq - 1 8,d2c4
47,josedaly,EulerE,936,967,rnb2rk1/pppp1pp1/5b1p/4p3/2N1P3/3P4/PPP2PPP/R3KBNR w KQ - 2 9,e8g8
47,josedaly,EulerE,936,967,rnb2rk1/pppp1pp1/5b1p/4p3/2N1P3/3P4/PPP1NPPP/R3KB1R b KQ - 3 9,g1e2
47,josedaly,EulerE,936,967,r1b2rk1/pppp1pp1/2n2b1p/4p3/2N1P3/3P4/PPP1NPPP/R3KB1R w KQ - 4 10,b8c6
47,josedaly,EulerE,936,967,r1b2rk1/pppp1pp1/2n2b1p/4p3/2N1P3/2PP4/PP2NPPP/R3KB1R b KQ - 0 10,c2c3
47,josedaly,EulerE,936,967,r1b2rk1/ppp2pp1/2np1b1p/4p3/2N1P3/2PP4/PP2NPPP/R3KB1R w KQ - 0 11,d7d6
47,josedaly,EulerE,936,967,r1b2rk1/ppp2pp1/2np1b1p/4p3/4P3/2PPN3/PP2NPPP/R3KB1R b KQ - 1 11,c4e3
47,josedaly,EulerE,936,967,r4rk1/ppp2pp1/2npbb1p/4p3/4P3/2PPN3/PP2NPPP/R3KB1R w KQ - 2 12,c8e6
47,josedaly,EulerE,936,967,r4rk1/ppp2pp1/2npbb1p/4p3/4P3/2PPNP2/PP2N1PP/R3KB1R b KQ - 0 12,f2f3
47,josedaly,EulerE,936,967,r4rk1/ppp2pp1/2npb2p/4p1b1/4P3/2PPNP2/PP2N1PP/R3KB1R w KQ - 1 13,f6g5
47,josedaly,EulerE,936,967,r4rk1/ppp2pp1/2npb2p/4p1b1/4P3/2PP1P2/PPN1N1PP/R3KB1R b KQ - 2 13,e3c2
47,josedaly,EulerE,936,967,3r1rk1/ppp2pp1/2npb2p/4p1b1/4P3/2PP1P2/PPN1N1PP/R3KB1R w KQ - 3 14,a8d8
47,josedaly,EulerE,936,967,3r1rk1/ppp2pp1/2npb2p/4p1b1/4P2P/2PP1P2/PPN1N1P1/R3KB1R b KQ - 0 14,h2h4
47,josedaly,EulerE,936,967,3r1rk1/ppp1bpp1/2npb2p/4p3/4P2P/2PP1P2/PPN1N1P1/R3KB1R w KQ - 1 15,g5e7
47,josedaly,EulerE,936,967,3r1rk1/ppp1bpp1/2npb2p/4p3/4P1PP/2PP1P2/PPN1N3/R3KB1R b KQ - 0 15,g2g4
47,josedaly,EulerE,936,967,3r1rk1/ppp1bpp1/2n1b2p/3pp3/4P1PP/2PP1P2/PPN1N3/R3KB1R w KQ - 0 16,d6d5
47,josedaly,EulerE,936,967,3r1rk1/ppp1bpp1/2n1b2p/3pp3/4P1PP/2PP1P2/PPN1N1B1/R3K2R b KQ - 1 16,f1g2
47,josedaly,EulerE,936,967,3r1rk1/ppp1bpp1/2n1b2p/4p3/4p1PP/2PP1P2/PPN1N1B1/R3K2R w KQ - 0 17,d5e4
47,josedaly,EulerE,936,967,3r1rk1/ppp1bpp1/2n1b2p/4p3/4P1PP/2P2P2/PPN1N1B1/R3K2R b KQ - 0 17,d3e4
47,josedaly,EulerE,936,967,3r1rk1/ppp1bpp1/2n4p/4p3/2b1P1PP/2P2P2/PPN1N1B1/R3K2R w KQ - 1 18,e6c4
47,josedaly,EulerE,936,967,3r1rk1/ppp1bpp1/2n4p/4p3/2b1P1PP/2P2PN1/PPN3B1/R3K2R b KQ - 2 18,e2g3
47,josedaly,EulerE,936,967,3r1rk1/ppp1bpp1/2n4p/4p3/4P1PP/2Pb1PN1/PPN3B1/R3K2R w KQ - 3 19,c4d3
47,josedaly,EulerE,936,967,3r1rk1/ppp1bpp1/2n4p/4p3/4P1PP/2PbNPN1/PP4B1/R3K2R b KQ - 4 19,c2e3
47,josedaly,EulerE,936,967,3r1rk1/ppp2pp1/2n4p/2b1p3/4P1PP/2PbNPN1/PP4B1/R3K2R w KQ - 5 20,e7c5
47,josedaly,EulerE,936,967,3r1rk1/ppp2pp1/2n4p/2b1pN2/4P1PP/2Pb1PN1/PP4B1/R3K2R b KQ - 6 20,e3f5
47,josedaly,EulerE,936,967,3r1rk1/ppp2pp1/2n4p/2b1pN2/2b1P1PP/2P2PN1/PP4B1/R3K2R w KQ - 7 21,d3c4
47,josedaly,EulerE,936,967,3r1rk1/ppp2pp1/2n4p/2b1pN2/2b1P1PP/1PP2PN1/P5B1/R3K2R b KQ - 0 21,b2b3
47,josedaly,EulerE,936,967,3r1rk1/ppp2pp1/2n1b2p/2b1pN2/4P1PP/1PP2PN1/P5B1/R3K2R w KQ - 1 22,c4e6
47,josedaly,EulerE,936,967,3r1rk1/ppp2pp1/2n1b2p/2b1pN2/1P2P1PP/2P2PN1/P5B1/R3K2R b KQ - 0 22,b3b4
47,josedaly,EulerE,936,967,3r1rk1/ppp2pp1/2nbb2p/4pN2/1P2P1PP/2P2PN1/P5B1/R3K2R w KQ - 1 23,c5d6
47,josedaly,EulerE,936,967,3r1rk1/ppp2pp1/2nbb2p/4pN2/PP2P1PP/2P2PN1/6B1/R3K2R b KQ - 0 23,a2a4
47,josedaly,EulerE,936,967,3r1rk1/1pp2pp1/2nbb2p/p3pN2/PP2P1PP/2P2PN1/6B1/R3K2R w KQ - 0 24,a7a5
47,josedaly,EulerE,936,967,3r1rk1/1pp2pp1/2nNb2p/p3p3/PP2P1PP/2P2PN1/6B1/R3K2R b KQ - 0 24,f5d6
47,josedaly,EulerE,936,967,5rk1/1pp2pp1/2nrb2p/p3p3/PP2P1PP/2P2PN1/6B1/R3K2R w KQ - 0 25,d8d6
47,josedaly,EulerE,936,967,5rk1/1pp2pp1/2nrb2p/pP2p3/P3P1PP/2P2PN1/6B1/R3K2R b KQ - 0 25,b4b5
47,josedaly,EulerE,936,967,5rk1/npp2pp1/3rb2p/pP2p3/P3P1PP/2P2PN1/6B1/R3K2R w KQ - 1 26,c6a7
47,josedaly,EulerE,936,967,5rk1/npp2pp1/3rb2p/pP2pN2/P3P1PP/2P2P2/6B1/R3K2R b KQ - 2 26,g3f5
47,josedaly,EulerE,936,967,5rk1/npp2pp1/3r3p/pP2pb2/P3P1PP/2P2P2/6B1/R3K2R w KQ - 0 27,e6f5
47,josedaly,EulerE,936,967,5rk1/npp2pp1/3r3p/pP2pP2/P3P2P/2P2P2/6B1/R3K2R b KQ - 0 27,g4f5
47,josedaly,EulerE,936,967,3r2k1/npp2pp1/3r3p/pP2pP2/P3P2P/2P2P2/6B1/R3K2R w KQ - 1 28,f8d8
47,josedaly,EulerE,936,967,3r2k1/npp2pp1/3r3p/pP2pP2/P3P2P/2P2P2/6B1/R4RK1 b - - 2 28,e1g1
47,josedaly,EulerE,936,967,3r2k1/npp2pp1/7p/pP2pP2/P3P2P/2Pr1P2/6B1/R4RK1 w - - 3 29,d6d3
47,josedaly,EulerE,936,967,3r2k1/npp2pp1/7p/pP2pP2/P3P2P/2Pr1P2/6B1/2R2RK1 b - - 4 29,a1c1
47,josedaly,EulerE,936,967,2nr2k1/1pp2pp1/7p/pP2pP2/P3P2P/2Pr1P2/6B1/2R2RK1 w - - 5 30,a7c8
47,josedaly,EulerE,936,967,2nr2k1/1pp2pp1/7p/pP2pP2/P1P1P2P/3r1P2/6B1/2R2RK1 b - - 0 30,c3c4
47,josedaly,EulerE,936,967,3r2k1/1pp2pp1/1n5p/pP2pP2/P1P1P2P/3r1P2/6B1/2R2RK1 w - - 1 31,c8b6
47,josedaly,EulerE,936,967,3r2k1/1pp2pp1/1n5p/pPP1pP2/P3P2P/3r1P2/6B1/2R2RK1 b - - 0 31,c4c5
47,josedaly,EulerE,936,967,2nr2k1/1pp2pp1/7p/pPP1pP2/P3P2P/3r1P2/6B1/2R2RK1 w - - 1 32,b6c8
47,josedaly,EulerE,936,967,2nr2k1/1pp2pp1/7p/pPP1pP2/P3P2P/3r1P1B/8/2R2RK1 b - - 2 32,g2h3
47,josedaly,EulerE,936,967,2nr2k1/1pp3p1/5p1p/pPP1pP2/P3P2P/3r1P1B/8/2R2RK1 w - - 0 33,f7f6
47,josedaly,EulerE,936,967,2nr2k1/1pp3p1/5p1p/pPP1pP2/P3P2P/3r1P1B/6K1/2R2R2 b - - 1 33,g1g2
47,josedaly,EulerE,936,967,3r2k1/1pp1n1p1/5p1p/pPP1pP2/P3P2P/3r1P1B/6K1/2R2R2 w - - 2 34,c8e7
47,josedaly,EulerE,936,967,3r2k1/1pp1n1p1/5p1p/pPP1pP2/P3P2P/3r1PKB/8/2R2R2 b - - 3 34,g2g3
47,josedaly,EulerE,936,967,3r2k1/1pp1n1p1/5p2/pPP1pP1p/P3P2P/3r1PKB/8/2R2R2 w - - 0 35,h6h5
47,josedaly,EulerE,936,967,3r2k1/1pp1n1p1/5p2/pPP1pP1p/P3P2P/3r1PKB/5R2/2R5 b - - 1 35,f1f2
47,josedaly,EulerE,936,967,3r4/1pp1n1pk/5p2/pPP1pP1p/P3P2P/3r1PKB/5R2/2R5 w - - 2 36,g8h7
47,josedaly,EulerE,936,967,3r4/1pp1n1pk/5p2/pPP1pP1p/P3P2P/3r1PK1/5R2/2R2B2 b - - 3 36,h3f1
47,josedaly,EulerE,936,967,3r4/1pp1n1pk/5p2/pPP1pP1p/P3P2P/5PK1/3r1R2/2R2B2 w - - 4 37,d3d2
47,josedaly,EulerE,936,967,3r4/1pp1n1pk/5p2/pPP1pP1p/P3P2P/5PK1/3R4/2R2B2 b - - 0 37,f2d2
47,josedaly,EulerE,936,967,8/1pp1n1pk/5p2/pPP1pP1p/P3P2P/5PK1/3r4/2R2B2 w - - 0 38,d8d2
47,josedaly,EulerE,936,967,8/1pp1n1pk/5p2/pPP1pP1p/P1B1P2P/5PK1/3r4/2R5 b - - 1 38,f1c4
47,josedaly,EulerE,936,967,6n1/1pp3pk/5p2/pPP1pP1p/P1B1P2P/5PK1/3r4/2R5 w - - 2 39,e7g8
47,josedaly,EulerE,936,967,6n1/1pp2Bpk/5p2/pPP1pP1p/P3P2P/5PK1/3r4/2R5 b - - 3 39,c4f7
47,josedaly,EulerE,936,967,8/1pp2Bpk/5p1n/pPP1pP1p/P3P2P/5PK1/3r4/2R5 w - - 4 40,g8h6
47,josedaly,EulerE,936,967,8/1pp3pk/5pBn/pPP1pP1p/P3P2P/5PK1/3r4/2R5 b - - 5 40,f7g6
47,josedaly,EulerE,936,967,6k1/1pp3p1/5pBn/pPP1pP1p/P3P2P/5PK1/3r4/2R5 w - - 6 41,h7g8
47,josedaly,EulerE,936,967,6k1/1pp3p1/2P2pBn/pP2pP1p/P3P2P/5PK1/3r4/2R5 b - - 0 41,c5c6
47,josedaly,EulerE,936,967,6k1/2p3p1/1pP2pBn/pP2pP1p/P3P2P/5PK1/3r4/2R5 w - - 0 42,b7b6
47,josedaly,EulerE,936,967,6k1/2p3p1/1pP2pBn/pP2pP1p/P1R1P2P/5PK1/3r4/8 b - - 1 42,c1c4
47,josedaly,EulerE,936,967,6k1/2p2np1/1pP2pB1/pP2pP1p/P1R1P2P/5PK1/3r4/8 w - - 2 43,h6f7
47,josedaly,EulerE,936,967,6k1/2p2np1/1pP2pB1/pP2pP1p/P1R1PP1P/6K1/3r4/8 b - - 0 43,f3f4
47,josedaly,EulerE,936,967,6k1/2p2np1/1pP2pB1/pP2pP1p/P1R1PP1P/3r2K1/8/8 w - - 1 44,d2d3
47,josedaly,EulerE,936,967,6k1/2p2np1/1pP2pB1/pP2pP1p/P1R1PP1P/3r4/5K2/8 b - - 2 44,g3f2
47,josedaly,EulerE,936,967,6k1/2p2np1/1pP2pB1/pP3P1p/P1R1Pp1P/3r4/5K2/8 w - - 0 45,e5f4
47,josedaly,EulerE,936,967,6k1/2p2Bp1/1pP2p2/pP3P1p/P1R1Pp1P/3r4/5K2/8 b - - 0 45,g6f7
47,josedaly,EulerE,936,967,8/2p2kp1/1pP2p2/pP3P1p/P1R1Pp1P/3r4/5K2/8 w - - 0 46,g8f7
47,josedaly,EulerE,936,967,8/2p2kp1/1pP2p2/pP3P1p/P1R1Pp1P/3r4/4K3/8 b - - 1 46,f2e2
47,josedaly,EulerE,936,967,3r4/2p2kp1/1pP2p2/pP3P1p/P1R1Pp1P/8/4K3/8 w - - 2 47,d3d8
47,josedaly,EulerE,936,967,3r4/2p2kp1/1pP2p2/pP3P1p/P1R1Pp1P/5K2/8/8 b - - 3 47,e2f3
47,josedaly,EulerE,936,967,6r1/2p2kp1/1pP2p2/pP3P1p/P1R1Pp1P/5K2/8/8 w - - 4 48,d8g8
47,josedaly,EulerE,936,967,6r1/2p2kp1/1pP2p2/pP3P1p/P1R1PK1P/8/8/8 b - - 0 48,f3f4
47,josedaly,EulerE,936,967,6r1/2p2k2/1pP2p2/pP3Ppp/P1R1PK1P/8/8/8 w - g6 0 49,g7g5
47,josedaly,EulerE,936,967,6r1/2p2k2/1pP2p2/pP3PPp/P1R1PK2/8/8/8 b - - 0 49,h4g5
47,josedaly,EulerE,936,967,6r1/2p2k2/1pP5/pP3Ppp/P1R1PK2/8/8/8 w - - 0 50,f6g5
47,josedaly,EulerE,936,967,6r1/2p2k2/1pP5/pP2KPpp/P1R1P3/8/8/8 b - - 1 50,f4e5
47,josedaly,EulerE,936,967,6r1/2p2k2/1pP5/pP2KP1p/P1R1P1p1/8/8/8 w - - 0 51,g5g4
47,josedaly,EulerE,936,967,6r1/2p2k2/1pP5/pP2KP1p/P3P1p1/8/2R5/8 b - - 1 51,c4c2
47,josedaly,EulerE,936,967,6r1/2p2k2/1pP5/pP2KP1p/P3P3/6p1/2R5/8 w - - 0 52,g4g3
47,josedaly,EulerE,936,967,6r1/2p2k2/1pP5/pP2KP1p/P3P3/6p1/6R1/8 b - - 1 52,c2g2
48,EulerE,ThePandasGambit,959,974,rnbqkbnr/pppppppp/8/8/3P4/8/PPP1PPPP/RNBQKBNR b KQkq - 0 1,d2d4
48,EulerE,ThePandasGambit,959,974,rnbqkbnr/pppp1ppp/8/4p3/3P4/8/PPP1PPPP/RNBQKBNR w KQkq - 0 2,e7e5
48,EulerE,ThePandasGambit,959,974,rnbqkbnr/pppp1ppp/8/4P3/8/8/PPP1PPPP/RNBQKBNR b KQkq - 0 2,d4e5
48,EulerE,ThePandasGambit,959,974,r1bqkbnr/pppp1ppp/2n5/4P3/8/8/PPP1PPPP/RNBQKBNR w KQkq - 1 3,b8c6
48,EulerE,ThePandasGambit,959,974,r1bqkbnr/pppp1ppp/2n5/4P3/8/5N2/PPP1PPPP/RNBQKB1R b KQkq - 2 3,g1f3
48,EulerE,ThePandasGambit,959,974,r1b1kbnr/ppppqppp/2n5/4P3/8/5N2/PPP1PPPP/RNBQKB1R w KQkq - 3 4,d8e7
48,EulerE,ThePandasGambit,959,974,r1b1kbnr/ppppqppp/2n5/4P3/8/2N2N2/PPP1PPPP/R1BQKB1R b KQkq - 4 4,b1c3
48,EulerE,ThePandasGambit,959,974,r1b1kbnr/ppppqppp/8/4n3/8/2N2N2/PPP1PPPP/R1BQKB1R w KQkq - 0 5,c6e5
48,EulerE,ThePandasGambit,959,974,r1b1kbnr/ppppqppp/8/4n3/4P3/2N2N2/PPP2PPP/R1BQKB1R b KQkq - 0 5,e2e4
48,EulerE,ThePandasGambit,959,974,r1b1kbnr/ppp1qppp/3p4/4n3/4P3/2N2N2/PPP2PPP/R1BQKB1R w KQkq - 0 6,d7d6
48,EulerE,ThePandasGambit,959,974,r1b1kbnr/ppp1qppp/3p4/4n3/4P3/2N2NP1/PPP2P1P/R1BQKB1R b KQkq - 0 6,g2g3
48,EulerE,ThePandasGambit,959,974,r3kbnr/ppp1qppp/3p4/4n3/4P1b1/2N2NP1/PPP2P1P/R1BQKB1R w KQkq - 1 7,c8g4
48,EulerE,ThePandasGambit,959,974,r3kbnr/ppp1qppp/3p4/4n3/4P1b1/2N2NP1/PPP2PBP/R1BQK2R b KQkq - 2 7,f1g2
48,EulerE,ThePandasGambit,959,974,r3kbnr/ppp2ppp/3p1q2/4n3/4P1b1/2N2NP1/PPP2PBP/R1BQK2R w KQkq - 3 8,e7f6
48,EulerE,ThePandasGambit,959,974,r3kbnr/ppp2ppp/3p1q2/4n3/4PBb1/2N2NP1/PPP2PBP/R2QK2R b KQkq - 4 8,c1f4
48,EulerE,ThePandasGambit,959,974,r3kbnr/ppp2ppp/3p1q2/8/4PBb1/2N2nP1/PPP2PBP/R2QK2R w KQkq - 0 9,e5f3
48,EulerE,ThePandasGambit,959,974,r3kbnr/ppp2ppp/3p1q2/8/4PBb1/2N2BP1/PPP2P1P/R2QK2R b KQkq - 0 9,g2f3
48,EulerE,ThePandasGambit,959,974,r3kbnr/ppp2ppp/3p1q2/8/4PB2/2N2BPb/PPP2P1P/R2QK2R w KQkq - 1 10,g4h3
48,EulerE,ThePandasGambit,959,974,r3kbnr/ppp2ppp/3p1q2/8/4PB2/2N2BPb/PPPQ1P1P/R3K2R b KQkq - 2 10,d1d2
48,EulerE,ThePandasGambit,959,974,2kr1bnr/ppp2ppp/3p1q2/8/4PB2/2N2BPb/PPPQ1P1P/R3K2R w KQ - 3 11,e8c8
48,EulerE,ThePandasGambit,959,974,2kr1bnr/ppp2ppp/3p1q2/8/4PB2/2N2BPb/PPPQ1P1P/2KR3R b - - 4 11,e1c1
48,EulerE,ThePandasGambit,959,974,2kr1b1r/ppp1nppp/3p1q2/8/4PB2/2N2BPb/PPPQ1P1P/2KR3R w - - 5 12,g8e7
48,EulerE,ThePandasGambit,959,974,2kr1b1r/ppp1nppp/3p1q2/8/4PB2/2N2BPb/PPPQ1P1P/2KR2R1 b - - 6 12,h1g1
48,EulerE,ThePandasGambit,959,974,2kr1b1r/ppp2ppp/2np1q2/8/4PB2/2N2BPb/PPPQ1P1P/2KR2R1 w - - 7 13,e7c6
48,EulerE,ThePandasGambit,959,974,2kr1b1r/ppp2ppp/2np1q2/8/4PB2/2N3Pb/PPPQ1PBP/2KR2R1 b - - 8 13,f3g2
48,EulerE,ThePandasGambit,959,974,2kr1b1r/ppp2ppp/2np1q2/8/4PBb1/2N3P1/PPPQ1PBP/2KR2R1 w - - 9 14,h3g4
48,EulerE,ThePandasGambit,959,974,2kr1b1r/ppp2ppp/2np1q2/8/4PBb1/2N3P1/PPPQ1PBP/2K1R1R1 b - - 10 14,d1e1
48,EulerE,ThePandasGambit,959,974,2kr1b1r/ppp2ppp/2np4/8/3qPBb1/2N3P1/PPPQ1PBP/2K1R1R1 w - - 11 15,f6d4
48,EulerE,ThePandasGambit,959,974,2kr1b1r/ppp2ppp/2np4/4P3/3q1Bb1/2N3P1/PPPQ1PBP/2K1R1R1 b - - 0 15,e4e5
48,EulerE,ThePandasGambit,959,974,2kr1b1r/ppp2ppp/2np4/4P3/5Bb1/2N3P1/PPPq1PBP/2K1R1R1 w - - 0 16,d4d2
48,EulerE,ThePandasGambit,959,974,2kr1b1r/ppp2ppp/2np4/4P3/6b1/2N3P1/PPPB1PBP/2K1R1R1 b - - 0 16,f4d2
48,EulerE,ThePandasGambit,959,974,2kr1b1r/ppp2ppp/3p4/4n3/6b1/2N3P1/PPPB1PBP/2K1R1R1 w - - 0 17,c6e5
48,EulerE,ThePandasGambit,959,974,2kr1b1r/ppp2ppp/3p4/4n3/5Bb1/2N3P1/PPP2PBP/2K1R1R1 b - - 1 17,d2f4
48,EulerE,ThePandasGambit,959,974,2kr1b1r/ppp3pp/3p1p2/4n3/5Bb1/2N3P1/PPP2PBP/2K1R1R1 w - - 0 18,f7f6
48,EulerE,ThePandasGambit,959,974,2kr1b1r/ppp3pp/3p1p2/4B3/6b1/2N3P1/PPP2PBP/2K1R1R1 b - - 0 18,f4e5
48,EulerE,ThePandasGambit,959,974,2kr1b1r/ppp3pp/3p4/4p3/6b1/2N3P1/PPP2PBP/2K1R1R1 w - - 0 19,f6e5
48,EulerE,ThePandasGambit,959,974,2kr1b1r/ppp3pp/3p4/4p3/6b1/2N2PP1/PPP3BP/2K1R1R1 b - - 0 19,f2f3
48,EulerE,ThePandasGambit,959,974,2kr1b1r/pppb2pp/3p4/4p3/8/2N2PP1/PPP3BP/2K1R1R1 w - - 1 20,g4d7
48,EulerE,ThePandasGambit,959,974,2kr1b1r/pppb2pp/3p4/4p3/8/2N2PP1/PPP3BP/1K2R1R1 b - - 2 20,c1b1
48,EulerE,ThePandasGambit,959,974,2kr3r/pppbb1pp/3p4/4p3/8/2N2PP1/PPP3BP/1K2R1R1 w - - 3 21,f8e7
48,EulerE,ThePandasGambit,959,974,2kr3r/pppbb1pp/3p4/4p3/6P1/2N2P2/PPP3BP/1K2R1R1 b - - 0 21,g3g4
48,EulerE,ThePandasGambit,959,974,2kr1r2/pppbb1pp/3p4/4p3/6P1/2N2P2/PPP3BP/1K2R1R1 w - - 1 22,h8f8
48,EulerE,ThePandasGambit,959,974,2kr1r2/pppbb1pp/3p4/4p3/6P1/2N2P2/PPP4P/1K2R1RB b - - 2 22,g2h1
48,EulerE,ThePandasGambit,959,974,2kr1r2/ppp1b1pp/2bp4/4p3/6P1/2N2P2/PPP4P/1K2R1RB w - - 3 23,d7c6
48,EulerE,ThePandasGambit,959,974,2kr1r2/ppp1b1pp/2bp4/4p3/4N1P1/5P2/PPP4P/1K2R1RB b - - 4 23,c3e4
48,EulerE,ThePandasGambit,959,974,2kr1r2/ppp1b1pp/3p4/4p3/4b1P1/5P2/PPP4P/1K2R1RB w - - 0 24,c6e4
48,EulerE,ThePandasGambit,959,974,2kr1r2/ppp1b1pp/3p4/4p3/4P1P1/8/PPP4P/1K2R1RB b - - 0 24,f3e4
48,EulerE,ThePandasGambit,959,974,2kr4/ppp1b1pp/3p4/4p3/4PrP1/8/PPP4P/1K2R1RB w - - 1 25,f8f4
48,EulerE,ThePandasGambit,959,974,2kr4/ppp1b1pp/3p4/4p3/4PrP1/7P/PPP5/1K2R1RB b - - 0 25,h2h3
48,EulerE,ThePandasGambit,959,974,2kr4/ppp3pp/3p4/4p3/4PrPb/7P/PPP5/1K2R1RB w - - 1 26,e7h4
48,EulerE,ThePandasGambit,959,974,2kr4/ppp3pp/3p4/4p3/4PrPb/7P/PPP5/1K3RRB b - - 2 26,e1f1
48,EulerE,ThePandasGambit,959,974,2k2r2/ppp3pp/3p4/4p3/4PrPb/7P/PPP5/1K3RRB w - - 3 27,d8f8
48,EulerE,ThePandasGambit,959,974,2k2r2/ppp3pp/3p4/4p3/4PrPb/5B1P/PPP5/1K3RR1 b - - 4 27,h1f3
48,EulerE,ThePandasGambit,959,974,2k2r2/ppp3pp/3p4/4p3/4P1Pb/5r1P/PPP5/1K3RR1 w - - 0 28,f4f3
49,EulerE,Adilsonlc7,950,945,rnbqkbnr/pppppppp/8/8/3P4/8/PPP1PPPP/RNBQKBNR b KQkq - 0 1,d2d4
49,EulerE,Adilsonlc7,950,945,rnbqkbnr/ppp1pppp/8/3p4/3P4/8/PPP1PPPP/RNBQKBNR w KQkq - 0 2,d7d5
49,EulerE,Adilsonlc7,950,945,rnbqkbnr/ppp1pppp/8/3p4/2PP4/8/PP2PPPP/RNBQKBNR b KQkq - 0 2,c2c4
49,EulerE,Adilsonlc7,950,945,rnbqkbnr/ppp1pppp/8/8/2pP4/8/PP2PPPP/RNBQKBNR w KQkq - 0 3,d5c4
49,EulerE,Adilsonlc7,950,945,rnbqkbnr/ppp1pppp/8/8/2pPP3/8/PP3PPP/RNBQKBNR b KQkq - 0 3,e2e4
49,EulerE,Adilsonlc7,950,945,rnbqkbnr/ppp2ppp/4p3/8/2pPP3/8/PP3PPP/RNBQKBNR w KQkq - 0 4,e7e6
49,EulerE,Adilsonlc7,950,945,rnbqkbnr/ppp2ppp/4p3/8/2pPP3/2N5/PP3PPP/R1BQKBNR b KQkq - 1 4,b1c3
49,EulerE,Adilsonlc7,950,945,r1bqkbnr/ppp2ppp/2n1p3/8/2pPP3/2N5/PP3PPP/R1BQKBNR w KQkq - 2 5,b8c6
49,EulerE,Adilsonlc7,950,945,r1bqkbnr/ppp2ppp/2n1p3/3P4/2p1P3/2N5/PP3PPP/R1BQKBNR b KQkq - 0 5,d4d5
49,EulerE,Adilsonlc7,950,945,r1bqkbnr/ppp2ppp/2n5/3p4/2p1P3/2N5/PP3PPP/R1BQKBNR w KQkq - 0 6,e6d5
49,EulerE,Adilsonlc7,950,945,r1bqkbnr/ppp2ppp/2n5/3P4/2p5/2N5/PP3PPP/R1BQKBNR b KQkq - 0 6,e4d5
49,EulerE,Adilsonlc7,950,945,r1bqkbnr/ppp2ppp/8/3P4/1np5/2N5/PP3PPP/R1BQKBNR w KQkq - 1 7,c6b4
49,EulerE,Adilsonlc7,950,945,r1bqkbnr/ppp2ppp/8/3P4/Qnp5/2N5/PP3PPP/R1B1KBNR b KQkq - 2 7,d1a4
49,EulerE,Adilsonlc7,950,945,r2qkbnr/pppb1ppp/8/3P4/Qnp5/2N5/PP3PPP/R1B1KBNR w KQkq - 3 8,c8d7
49,EulerE,Adilsonlc7,950,945,r2qkbnr/pppb1ppp/8/3P4/1np5/2N5/PP3PPP/R1BQKBNR b KQkq - 4 8,a4d1
49,EulerE,Adilsonlc7,950,945,r2qk1nr/pppb1ppp/3b4/3P4/1np5/2N5/PP3PPP/R1BQKBNR w KQkq - 5 9,f8d6
49,EulerE,Adilsonlc7,950,945,r2qk1nr/pppb1ppp/3b4/3P4/1nB5/2N5/PP3PPP/R1BQK1NR b KQkq - 0 9,f1c4
49,EulerE,Adilsonlc7,950,945,r2qk2r/pppb1ppp/3b1n2/3P4/1nB5/2N5/PP3PPP/R1BQK1NR w KQkq - 1 10,g8f6
49,EulerE,Adilsonlc7,950,945,r2qk2r/pppb1ppp/3b1n2/3P4/1nB5/2N2N2/PP3PPP/R1BQK2R b KQkq - 2 10,g1f3
49,EulerE,Adilsonlc7,950,945,r2q1rk1/pppb1ppp/3b1n2/3P4/1nB5/2N2N2/PP3PPP/R1BQK2R w KQ - 3 11,e8g8
49,EulerE,Adilsonlc7,950,945,r2q1rk1/pppb1ppp/3b1n2/3P4/1nB5/2N2N2/PP3PPP/R1BQ1RK1 b - - 4 11,e1g1
49,EulerE,Adilsonlc7,950,945,r2q1rk1/pp1b1ppp/2pb1n2/3P4/1nB5/2N2N2/PP3PPP/R1BQ1RK1 w - - 0 12,c7c6
49,EulerE,Adilsonlc7,950,945,r2q1rk1/pp1b1ppp/2pb1n2/3P4/1nB5/P1N2N2/1P3PPP/R1BQ1RK1 b - - 0 12,a2a3
49,EulerE,Adilsonlc7,950,945,r2q1rk1/pp1b1ppp/2pb1n2/3n4/2B5/P1N2N2/1P3PPP/R1BQ1RK1 w - - 0 13,b4d5
49,EulerE,Adilsonlc7,950,945,r2q1rk1/pp1b1ppp/2pb1n2/3B4/8/P1N2N2/1P3PPP/R1BQ1RK1 b - - 0 13,c4d5
49,EulerE,Adilsonlc7,950,945,r2q1rk1/pp1b1ppp/3b1n2/3p4/8/P1N2N2/1P3PPP/R1BQ1RK1 w - - 0 14,c6d5
49,EulerE,Adilsonlc7,950,945,r2q1rk1/pp1b1ppp/3b1n2/3N4/8/P4N2/1P3PPP/R1BQ1RK1 b - - 0 14,c3d5
49,EulerE,Adilsonlc7,950,945,2rq1rk1/pp1b1ppp/3b1n2/3N4/8/P4N2/1P3PPP/R1BQ1RK1 w - - 1 15,a8c8
49,EulerE,Adilsonlc7,950,945,2rq1rk1/pp1b1ppp/3b1n2/3N4/5B2/P4N2/1P3PPP/R2Q1RK1 b - - 2 15,c1f4
49,EulerE,Adilsonlc7,950,945,2rq1rk1/pp1b1ppp/3b4/3n4/5B2/P4N2/1P3PPP/R2Q1RK1 w - - 0 16,f6d5
49,EulerE,Adilsonlc7,950,945,2rq1rk1/pp1b1ppp/3B4/3n4/8/P4N2/1P3PPP/R2Q1RK1 b - - 0 16,f4d6
49,EulerE,Adilsonlc7,950,945,2rqr1k1/pp1b1ppp/3B4/3n4/8/P4N2/1P3PPP/R2Q1RK1 w - - 1 17,f8e8
49,EulerE,Adilsonlc7,950,945,2rqr1k1/pp1b1ppp/3B4/3Q4/8/P4N2/1P3PPP/R4RK1 b - - 0 17,d1d5
49,EulerE,Adilsonlc7,950,945,2rqr1k1/pp3ppp/3Bb3/3Q4/8/P4N2/1P3PPP/R4RK1 w - - 1 18,d7e6
49,EulerE,Adilsonlc7,950,945,2rqr1k1/pp3ppp/3Bb3/8/8/P4N2/1P1Q1PPP/R4RK1 b - - 2 18,d5d2
49,EulerE,Adilsonlc7,950,945,2rqr1k1/pp3ppp/3B4/8/6b1/P4N2/1P1Q1PPP/R4RK1 w - - 3 19,e6g4
49,EulerE,Adilsonlc7,950,945,2rqr1k1/pp3ppp/3B4/8/6b1/P4N2/1P1Q1PPP/R3R1K1 b - - 4 19,f1e1
49,EulerE,Adilsonlc7,950,945,2rq2k1/pp3ppp/3B4/8/6b1/P4N2/1P1Q1PPP/R3r1K1 w - - 0 20,e8e1
49,EulerE,Adilsonlc7,950,945,2rq2k1/pp3ppp/3B4/8/6b1/P7/1P1Q1PPP/R3N1K1 b - - 0 20,f3e1
49,EulerE,Adilsonlc7,950,945,3q2k1/pp3ppp/2rB4/8/6b1/P7/1P1Q1PPP/R3N1K1 w - - 1 21,c8c6
49,EulerE,Adilsonlc7,950,945,3q2k1/pp3ppp/2rB4/8/5Qb1/P7/1P3PPP/R3N1K1 b - - 2 21,d2f4
49,EulerE,Adilsonlc7,950,945,3q2k1/pp3ppp/2rBb3/8/5Q2/P7/1P3PPP/R3N1K1 w - - 3 22,g4e6
49,EulerE,Adilsonlc7,950,945,3q2k1/pp3ppp/2r1b3/8/1B3Q2/P7/1P3PPP/R3N1K1 b - - 4 22,d6b4
49,EulerE,Adilsonlc7,950,945,2q3k1/pp3ppp/2r1b3/8/1B3Q2/P7/1P3PPP/R3N1K1 w - - 5 23,d8c8
49,EulerE,Adilsonlc7,950,945,2q3k1/pp3ppp/2r1b3/8/1B3Q2/P2N4/1P3PPP/R5K1 b - - 6 23,e1d3
49,EulerE,Adilsonlc7,950,945,6k1/pp1q1ppp/2r1b3/8/1B3Q2/P2N4/1P3PPP/R5K1 w - - 7 24,c8d7
49,EulerE,Adilsonlc7,950,945,6k1/pp1q1ppp/2r1b3/8/1B3Q2/P2N4/1P3PPP/3R2K1 b - - 8 24,a1d1
49,EulerE,Adilsonlc7,950,945,6k1/pp1q1ppp/2r5/8/1B3Q2/Pb1N4/1P3PPP/3R2K1 w - - 9 25,e6b3
49,EulerE,Adilsonlc7,950,945,6k1/pp1q1ppp/2r5/8/1B3Q2/Pb1N4/1P1R1PPP/6K1 b - - 10 25,d1d2
49,EulerE,Adilsonlc7,950,945,6k1/pp1q1ppp/8/8/1B3Q2/Pb1N4/1P1R1PPP/2r3K1 w - - 11 26,c6c1
49,EulerE,Adilsonlc7,950,945,6k1/pp1q1ppp/8/8/1B3Q2/Pb1N4/1P3PPP/2rR2K1 b - - 12 26,d2d1
49,EulerE,Adilsonlc7,950,945,6k1/pp1q1ppp/8/8/1B3Q2/Pb1N4/1P3PPP/3r2K1 w - - 0 27,c1d1
49,EulerE,Adilsonlc7,950,945,6k1/pp1q1ppp/8/8/1B3Q2/Pb6/1P3PPP/3rN1K1 b - - 1 27,d3e1
49,EulerE,Adilsonlc7,950,945,6k1/pp1q1ppp/8/8/1B3Q2/Pb6/1P3PPP/4r1K1 w - - 0 28,d1e1
49,EulerE,Adilsonlc7,950,945,6k1/pp1q1ppp/8/8/5Q2/Pb6/1P3PPP/4B1K1 b - - 0 28,b4e1
49,EulerE,Adilsonlc7,950,945,6k1/pp3ppp/8/8/5Q2/Pb6/1P3PPP/3qB1K1 w - - 1 29,d7d1
49,EulerE,Adilsonlc7,950,945,6k1/pp3ppp/8/8/8/Pb2Q3/1P3PPP/3qB1K1 b - - 2 29,f4e3
49,EulerE,Adilsonlc7,950,945,6k1/pp3p1p/6p1/8/8/Pb2Q3/1P3PPP/3qB1K1 w - - 0 30,g7g6
49,EulerE,Adilsonlc7,950,945,6k1/pp3p1p/6p1/8/8/Pb2Q1P1/1P3P1P/3qB1K1 b - - 0 30,g2g3
49,EulerE,Adilsonlc7,950,945,6k1/pp5p/6p1/5p2/8/Pb2Q1P1/1P3P1P/3qB1K1 w - - 0 31,f7f5
49,EulerE,Adilsonlc7,950,945,6k1/pp5p/6p1/5p2/8/PQ4P1/1P3P1P/3qB1K1 b - - 0 31,e3b3
49,EulerE,Adilsonlc7,950,945,6k1/pp5p/6p1/5p2/8/Pq4P1/1P3P1P/4B1K1 w - - 0 32,d1b3
50,ThanksAndGigEm,EulerE,1064,944,rnbqkbnr/pppppppp/8/8/3P4/8/PPP1PPPP/RNBQKBNR b KQkq - 0 1,d2d4
50,ThanksAndGigEm,EulerE,1064,944,rnbqkbnr/ppp1pppp/8/3p4/3P4/8/PPP1PPPP/RNBQKBNR w KQkq - 0 2,d7d5
50,ThanksAndGigEm,EulerE,1064,944,rnbqkbnr/ppp1pppp/8/3p4/3P1B2/8/PPP1PPPP/RN1QKBNR b KQkq - 1 2,c1f4
50,ThanksAndGigEm,EulerE,1064,944,r1bqkbnr/ppp1pppp/2n5/3p4/3P1B2/8/PPP1PPPP/RN1QKBNR w KQkq - 2 3,b8c6
50,ThanksAndGigEm,EulerE,1064,944,r1bqkbnr/ppp1pppp/2n5/3p4/3P1B2/4P3/PPP2PPP/RN1QKBNR b KQkq - 0 3,e2e3
50,ThanksAndGigEm,EulerE,1064,944,r1bqkbnr/p1p1pppp/1pn5/3p4/3P1B2/4P3/PPP2PPP/RN1QKBNR w KQkq - 0 4,b7b6
50,ThanksAndGigEm,EulerE,1064,944,r1bqkbnr/p1p1pppp/1pn5/3p4/3P1B2/4PN2/PPP2PPP/RN1QKB1R b KQkq - 1 4,g1f3
50,ThanksAndGigEm,EulerE,1064,944,r2qkbnr/pbp1pppp/1pn5/3p4/3P1B2/4PN2/PPP2PPP/RN1QKB1R w KQkq - 2 5,c8b7
50,ThanksAndGigEm,EulerE,1064,944,r2qkbnr/pbp1pppp/1pn5/3p4/3P1B2/2P1PN2/PP3PPP/RN1QKB1R b KQkq - 0 5,c2c3
50,ThanksAndGigEm,EulerE,1064,944,r2qkbnr/pbp1p1pp/1pn2p2/3p4/3P1B2/2P1PN2/PP3PPP/RN1QKB1R w KQkq - 0 6,f7f6
50,ThanksAndGigEm,EulerE,1064,944,r2qkbnr/pbp1p1pp/1pn2p2/3p4/3P1B2/2P1PN2/PP1N1PPP/R2QKB1R b KQkq - 1 6,b1d2
50,ThanksAndGigEm,EulerE,1064,944,r2qkbnr/pbp1p2p/1pn2p2/3p2p1/3P1B2/2P1PN2/PP1N1PPP/R2QKB1R w KQkq - 0 7,g7g5
50,ThanksAndGigEm,EulerE,1064,944,r2qkbnr/pbp1p2p/1pn2p2/1B1p2p1/3P1B2/2P1PN2/PP1N1PPP/R2QK2R b KQkq - 1 7,f1b5
50,ThanksAndGigEm,EulerE,1064,944,r2qkbnr/pbp1p2p/1pn2p2/1B1p4/3P1p2/2P1PN2/PP1N1PPP/R2QK2R w KQkq - 0 8,g5f4
50,ThanksAndGigEm,EulerE,1064,944,r2qkbnr/pbp1p2p/1pn2p2/1B1p4/3P1P2/2P2N2/PP1N1PPP/R2QK2R b KQkq - 0 8,e3f4
50,ThanksAndGigEm,EulerE,1064,944,r3kbnr/pbp1p2p/1pnq1p2/1B1p4/3P1P2/2P2N2/PP1N1PPP/R2QK2R w KQkq - 1 9,d8d6
50,ThanksAndGigEm,EulerE,1064,944,r3kbnr/pbp1p2p/1pnq1p2/1B1p4/3P1P2/2P2N2/PP1N1PPP/R2Q1RK1 b kq - 2 9,e1g1
50,ThanksAndGigEm,EulerE,1064,944,2kr1bnr/pbp1p2p/1pnq1p2/1B1p4/3P1P2/2P2N2/PP1N1PPP/R2Q1RK1 w - - 3 10,e8c8
50,ThanksAndGigEm,EulerE,1064,944,2kr1bnr/pbp1p2p/1pnq1p2/1B1p4/1P1P1P2/2P2N2/P2N1PPP/R2Q1RK1 b - - 0 10,b2b4
50,ThanksAndGigEm,EulerE,1064,944,1k1r1bnr/pbp1p2p/1pnq1p2/1B1p4/1P1P1P2/2P2N2/P2N1PPP/R2Q1RK1 w - - 1 11,c8b8
50,ThanksAndGigEm,EulerE,1064,944,1k1r1bnr/pbp1p2p/1pnq1p2/1B1p4/1PPP1P2/5N2/P2N1PPP/R2Q1RK1 b - - 0 11,c3c4
50,ThanksAndGigEm,EulerE,1064,944,1k1r1bnr/pbp1p2p/1pnq1p2/1B6/1PpP1P2/5N2/P2N1PPP/R2Q1RK1 w - - 0 12,d5c4
50,ThanksAndGigEm,EulerE,1064,944,1k1r1bnr/pbp1p2p/1pnq1p2/1B6/1PNP1P2/5N2/P4PPP/R2Q1RK1 b - - 0 12,d2c4
50,ThanksAndGigEm,EulerE,1064,944,1k1r1bnr/pbp1p2p/1pn1qp2/1B6/1PNP1P2/5N2/P4PPP/R2Q1RK1 w - - 1 13,d6e6
50,ThanksAndGigEm,EulerE,1064,944,1k1r1bnr/pbp1p2p/1pn1qp2/1B6/QPNP1P2/5N2/P4PPP/R4RK1 b - - 2 13,d1a4
50,ThanksAndGigEm,EulerE,1064,944,1k1r1bnr/pbp1p2p/1p2qp2/1B6/QPNn1P2/5N2/P4PPP/R4RK1 w - - 0 14,c6d4
50,ThanksAndGigEm,EulerE,1064,944,1k1r1bnr/pbp1p2p/1p2qp2/1B6/QPNN1P2/8/P4PPP/R4RK1 b - - 0 14,f3d4
50,ThanksAndGigEm,EulerE,1064,944,1k3bnr/pbp1p2p/1p2qp2/1B6/QPNr1P2/8/P4PPP/R4RK1 w - - 0 15,d8d4
50,ThanksAndGigEm,EulerE,1064,944,1k3bnr/pbp1p2p/1p2qp2/1B6/QP1r1P2/4N3/P4PPP/R4RK1 b - - 1 15,c4e3
50,ThanksAndGigEm,EulerE,1064,944,1k3bnr/pbp1p2p/1p1rqp2/1B6/QP3P2/4N3/P4PPP/R4RK1 w - - 2 16,d4d6
50,ThanksAndGigEm,EulerE,1064,944,1k3bnr/pbp1p2p/1p1rqp2/1B3P2/QP6/4N3/P4PPP/R4RK1 b - - 0 16,f4f5
50,ThanksAndGigEm,EulerE,1064,944,1k3bnr/pbp1p2p/1p1r1p2/1B2qP2/QP6/4N3/P4PPP/R4RK1 w - - 1 17,e6e5
50,ThanksAndGigEm,EulerE,1064,944,1k3bnr/pbp1p2p/1p1r1p2/1B2qP2/QP6/4N3/P4PPP/3R1RK1 b - - 2 17,a1d1
50,ThanksAndGigEm,EulerE,1064,944,1k4nr/pbp1p2p/1p1r1p1b/1B2qP2/QP6/4N3/P4PPP/3R1RK1 w - - 3 18,f8h6
50,ThanksAndGigEm,EulerE,1064,944,1k4nr/pbp1p2p/1p1R1p1b/1B2qP2/QP6/4N3/P4PPP/5RK1 b - - 0 18,d1d6
50,ThanksAndGigEm,EulerE,1064,944,1k4nr/pbp1p2p/1p1q1p1b/1B3P2/QP6/4N3/P4PPP/5RK1 w - - 0 19,e5d6
50,ThanksAndGigEm,EulerE,1064,944,1k4nr/pbp1p2p/1p1q1p1b/1B3P2/QP6/4N3/P4PPP/3R2K1 b - - 1 19,f1d1
50,ThanksAndGigEm,EulerE,1064,944,1k4nr/pbp1p2p/1p3p1b/1B2qP2/QP6/4N3/P4PPP/3R2K1 w - - 2 20,d6e5
50,ThanksAndGigEm,EulerE,1064,944,1k1R2nr/pbp1p2p/1p3p1b/1B2qP2/QP6/4N3/P4PPP/6K1 b - - 3 20,d1d8
50,ThanksAndGigEm,EulerE,1064,944,1kbR2nr/p1p1p2p/1p3p1b/1B2qP2/QP6/4N3/P4PPP/6K1 w - - 4 21,b7c8
50,ThanksAndGigEm,EulerE,1064,944,1kbR2nr/p1p1p2p/Qp3p1b/1B2qP2/1P6/4N3/P4PPP/6K1 b - - 5 21,a4a6
50,ThanksAndGigEm,EulerE,1064,944,1kbR2nr/p1p1p2p/Qp3p1b/1B3P2/1P6/4N3/P4PPP/q5K1 w - - 6 22,e5a1
50,ThanksAndGigEm,EulerE,1064,944,1kbR2nr/p1p1p2p/Qp3p1b/1B3P2/1P6/8/P4PPP/q4NK1 b - - 7 22,e3f1
