game_id,white,black,white_elo,black_elo,chess_fen,move_made
1,marine42,EulerE,1002,924,rnbqkbnr/pppppppp/8/8/4P3/8/PPPP1PPP/RNBQKBNR b KQkq - 0 1,e2e4
1,marine42,EulerE,1002,924,rnbqkbnr/pppp1ppp/8/4p3/4P3/8/PPPP1PPP/RNBQKBNR w KQkq - 0 2,e7e5
1,marine42,EulerE,1002,924,rnbqkbnr/pppp1ppp/8/4p3/4P3/5N2/PPPP1PPP/RNBQKB1R b KQkq - 1 2,g1f3
1,marine42,EulerE,1002,924,r1bqkbnr/pppp1ppp/2n5/4p3/4P3/5N2/PPPP1PPP/RNBQKB1R w KQkq - 2 3,b8c6
1,marine42,EulerE,1002,924,r1bqkbnr/pppp1ppp/2n5/4p3/4P3/2N2N2/PPPP1PPP/R1BQKB1R b KQkq - 3 3,b1c3
1,marine42,EulerE,1002,924,r1bqkbnr/pppp1p1p/2n3p1/4p3/4P3/2N2N2/PPPP1PPP/R1BQKB1R w KQkq - 0 4,g7g6
1,marine42,EulerE,1002,924,r1bqkbnr/pppp1p1p/2n3p1/4p3/2B1P3/2N2N2/PPPP1PPP/R1BQK2R b KQkq - 1 4,f1c4
1,marine42,EulerE,1002,924,r1bqk1nr/pppp1p1p/2n3pb/4p3/2B1P3/2N2N2/PPPP1PPP/R1BQK2R w KQkq - 2 5,f8h6
1,marine42,EulerE,1002,924,r1bqk1nr/pppp1p1p/2n3pb/4p3/2B1P3/2N2N2/PPPP1PPP/R1BQ1RK1 b kq - 3 5,e1g1
1,marine42,EulerE,1002,924,r1bqk2r/pppp1p1p/2n2npb/4p3/2B1P3/2N2N2/PPPP1PPP/R1BQ1RK1 w kq - 4 6,g8f6
1,marine42,EulerE,1002,924,r1bqk2r/pppp1p1p/2n2npb/4p3/2B1P3/2NP1N2/PPP2PPP/R1BQ1RK1 b kq - 0 6,d2d3
1,marine42,EulerE,1002,924,r1bqk2r/pppp1p1p/2n2np1/4p3/2B1P3/2NP1N2/PPP2PPP/R1bQ1RK1 w kq - 0 7,h6c1
1,marine42,EulerE,1002,924,r1bqk2r/pppp1p1p/2n2np1/4p3/2B1P3/2NP1N2/PPP2PPP/2RQ1RK1 b kq - 0 7,a1c1
1,marine42,EulerE,1002,924,r1bq1rk1/pppp1p1p/2n2np1/4p3/2B1P3/2NP1N2/PPP2PPP/2RQ1RK1 w - - 1 8,e8g8
1,marine42,EulerE,1002,924,r1bq1rk1/pppp1p1p/2n2np1/4p3/2B1P3/2NP1N1P/PPP2PP1/2RQ1RK1 b - - 0 8,h2h3
1,marine42,EulerE,1002,924,r1bq1rk1/pppp1p1p/5np1/4p3/2BnP3/2NP1N1P/PPP2PP1/2RQ1RK1 w - - 1 9,c6d4
1,marine42,EulerE,1002,924,r1bq1rk1/pppp1p1p/5np1/4p3/2BNP3/2NP3P/PPP2PP1/2RQ1RK1 b - - 0 9,f3d4
1,marine42,EulerE,1002,924,r1bq1rk1/pppp1p1p/5np1/8/2BpP3/2NP3P/PPP2PP1/2RQ1RK1 w - - 0 10,e5d4
1,marine42,EulerE,1002,924,r1bq1rk1/pppp1p1p/5np1/3N4/2BpP3/3P3P/PPP2PP1/2RQ1RK1 b - - 1 10,c3d5
1,marine42,EulerE,1002,924,r1bq1rk1/pppp1p1p/6p1/3n4/2BpP3/3P3P/PPP2PP1/2RQ1RK1 w - - 0 11,f6d5
1,marine42,EulerE,1002,924,r1bq1rk1/pppp1p1p/6p1/3B4/3pP3/3P3P/PPP2PP1/2RQ1RK1 b - - 0 11,c4d5
1,marine42,EulerE,1002,924,r1bq1rk1/pp1p1p1p/2p3p1/3B4/3pP3/3P3P/PPP2PP1/2RQ1RK1 w - - 0 12,c7c6
1,marine42,EulerE,1002,924,r1bq1rk1/pp1p1p1p/2p3p1/8/2BpP3/3P3P/PPP2PP1/2RQ1RK1 b - - 1 12,d5c4
1,marine42,EulerE,1002,924,r1bq1rk1/pp3p1p/2p3p1/3p4/2BpP3/3P3P/PPP2PP1/2RQ1RK1 w - - 0 13,d7d5
1,marine42,EulerE,1002,924,r1bq1rk1/pp3p1p/2p3p1/3P4/2Bp4/3P3P/PPP2PP1/2RQ1RK1 b - - 0 13,e4d5
1,marine42,EulerE,1002,924,r1bq1rk1/pp3p1p/6p1/3p4/2Bp4/3P3P/PPP2PP1/2RQ1RK1 w - - 0 14,c6d5
1,marine42,EulerE,1002,924,r1bq1rk1/pp3p1p/6p1/3p4/3p4/1B1P3P/PPP2PP1/2RQ1RK1 b - - 1 14,c4b3
1,marine42,EulerE,1002,924,r1bqr1k1/pp3p1p/6p1/3p4/3p4/1B1P3P/PPP2PP1/2RQ1RK1 w - - 2 15,f8e8
1,marine42,EulerE,1002,924,r1bqr1k1/pp3p1p/6p1/3p4/3p4/1B1P3P/PPP2PP1/2RQR1K1 b - - 3 15,f1e1
1,marine42,EulerE,1002,924,r2qr1k1/pp3p1p/4b1p1/3p4/3p4/1B1P3P/PPP2PP1/2RQR1K1 w - - 4 16,c8e6
1,marine42,EulerE,1002,924,r2qr1k1/pp3p1p/4b1p1/3p4/2Pp4/1B1P3P/PP3PP1/2RQR1K1 b - c3 0 16,c2c4
1,marine42,EulerE,1002,924,r2qr1k1/pp3p1p/4b1p1/8/2pp4/1B1P3P/PP3PP1/2RQR1K1 w - - 0 17,d5c4
1,marine42,EulerE,1002,924,r2qr1k1/pp3p1p/4b1p1/8/2Bp4/3P3P/PP3PP1/2RQR1K1 b - - 0 17,b3c4
1,marine42,EulerE,1002,924,r2qr1k1/pp3p1p/6p1/8/2bp4/3P3P/PP3PP1/2RQR1K1 w - - 0 18,e6c4
1,marine42,EulerE,1002,924,r2qr1k1/pp3p1p/6p1/8/2Pp4/7P/PP3PP1/2RQR1K1 b - - 0 18,d3c4
1,marine42,EulerE,1002,924,r2qr1k1/pp3p2/6pp/8/2Pp4/7P/PP3PP1/2RQR1K1 w - - 0 19,h7h6
1,marine42,EulerE,1002,924,r2qr1k1/pp3p2/6pp/8/2Pp4/1P5P/P4PP1/2RQR1K1 b - - 0 19,b2b3
1,marine42,EulerE,1002,924,r2qr1k1/pp3p2/6pp/8/2P5/1P1p3P/P4PP1/2RQR1K1 w - - 0 20,d4d3
1,marine42,EulerE,1002,924,r2qr1k1/pp3p2/6pp/8/2P5/1PRp3P/P4PP1/3QR1K1 b - - 1 20,c1c3
1,marine42,EulerE,1002,924,r2q2k1/pp3p2/6pp/8/2P5/1PRp3P/P4PP1/3Qr1K1 w - - 0 21,e8e1
1,marine42,EulerE,1002,924,r2q2k1/pp3p2/6pp/8/2P5/1PRp3P/P4PP1/4Q1K1 b - - 0 21,d1e1
1,marine42,EulerE,1002,924,r2q2k1/pp3p2/6pp/8/2P5/1PR4P/P2p1PP1/4Q1K1 w - - 0 22,d3d2
1,marine42,EulerE,1002,924,r2q2k1/pp3p2/6pp/8/2P5/1PR4P/P2p1PP1/3Q2K1 b - - 1 22,e1d1
1,marine42,EulerE,1002,924,r5k1/pp1q1p2/6pp/8/2P5/1PR4P/P2p1PP1/3Q2K1 w - - 2 23,d8d7
1,marine42,EulerE,1002,924,r5k1/pp1q1p2/6pp/8/2P5/1P5P/P1Rp1PP1/3Q2K1 b - - 3 23,c3c2
1,marine42,EulerE,1002,924,3r2k1/pp1q1p2/6pp/8/2P5/1P5P/P1Rp1PP1/3Q2K1 w - - 4 24,a8d8
1,marine42,EulerE,1002,924,3r2k1/pp1q1p2/6pp/8/P1P5/1P5P/2Rp1PP1/3Q2K1 b - - 0 24,a2a4
1,marine42,EulerE,1002,924,3r2k1/p2q1p2/1p4pp/8/P1P5/1P5P/2Rp1PP1/3Q2K1 w - - 0 25,b7b6
1,marine42,EulerE,1002,924,3r2k1/p2q1p2/1p4pp/8/P1P5/1PR4P/3p1PP1/3Q2K1 b - - 1 25,c2c3
1,marine42,EulerE,1002,924,3r4/p2q1pk1/1p4pp/8/P1P5/1PR4P/3p1PP1/3Q2K1 w - - 2 26,g8g7
1,marine42,EulerE,1002,924,3r4/p2q1pk1/1p4pp/8/P1P5/1P3R1P/3p1PP1/3Q2K1 b - - 3 26,c3f3
1,marine42,EulerE,1002,924,4r3/p2q1pk1/1p4pp/8/P1P5/1P3R1P/3p1PP1/3Q2K1 w - - 4 27,d8e8
1,marine42,EulerE,1002,924,4r3/p2q1pk1/1p4pp/8/P1P5/1P2R2P/3p1PP1/3Q2K1 b - - 5 27,f3e3
1,marine42,EulerE,1002,924,8/p2q1pk1/1p4pp/8/P1P5/1P2r2P/3p1PP1/3Q2K1 w - - 0 28,e8e3
1,marine42,EulerE,1002,924,8/p2q1pk1/1p4pp/8/P1P5/1P2P2P/3p2P1/3Q2K1 b - - 0 28,f2e3
1,marine42,EulerE,1002,924,8/p2q2k1/1p4pp/5p2/P1P5/1P2P2P/3p2P1/3Q2K1 w - - 0 29,f7f5
1,marine42,EulerE,1002,924,8/p2q2k1/1p4pp/5p2/P1P5/1P2P2P/3p1KP1/3Q4 b - - 1 29,g1f2
1,marine42,EulerE,1002,924,8/p2q4/1p3kpp/5p2/P1P5/1P2P2P/3p1KP1/3Q4 w - - 2 30,g7f6
1,marine42,EulerE,1002,924,8/p2q4/1p3kpp/5p2/P1P5/1P2P2P/3pK1P1/3Q4 b - - 3 30,f2e2
1,marine42,EulerE,1002,924,8/p2q4/1p4pp/4kp2/P1P5/1P2P2P/3pK1P1/3Q4 w - - 4 31,f6e5
1,marine42,EulerE,1002,924,8/p2q4/1p4pp/4kp2/P1P5/1P2P2P/3QK1P1/8 b - - 0 31,d1d2
1,marine42,EulerE,1002,924,8/p7/1p4pp/4kp2/P1P5/1P2P2P/3qK1P1/8 w - - 0 32,d7d2
1,marine42,EulerE,1002,924,8/p7/1p4pp/4kp2/P1P5/1P2P2P/3K2P1/8 b - - 0 32,e2d2
1,marine42,EulerE,1002,924,8/p7/1p5p/4kpp1/P1P5/1P2P2P/3K2P1/8 w - - 0 33,g6g5
1,marine42,EulerE,1002,924,8/p7/1p5p/4kpp1/P1P5/1P1KP2P/6P1/8 b - - 1 33,d2d3
1,marine42,EulerE,1002,924,8/p7/1p5p/4k1p1/P1P2p2/1P1KP2P/6P1/8 w - - 0 34,f5f4
1,marine42,EulerE,1002,924,8/p7/1p5p/4k1p1/P1P1Pp2/1P1K3P/6P1/8 b - - 0 34,e3e4
1,marine42,EulerE,1002,924,8/p7/1p6/4k1pp/P1P1Pp2/1P1K3P/6P1/8 w - - 0 35,h6h5
1,marine42,EulerE,1002,924,8/p7/1p6/4k1pp/PPP1Pp2/3K3P/6P1/8 b - - 0 35,b3b4
1,marine42,EulerE,1002,924,8/p7/1p6/4k2p/PPP1Ppp1/3K3P/6P1/8 w - - 0 36,g5g4
1,marine42,EulerE,1002,924,8/p7/1p6/4k2p/PPP1PpP1/3K4/6P1/8 b - - 0 36,h3g4
1,marine42,EulerE,1002,924,8/p7/1p6/4k3/PPP1Ppp1/3K4/6P1/8 w - - 0 37,h5g4
1,marine42,EulerE,1002,924,8/p7/1p6/2P1k3/PP2Ppp1/3K4/6P1/8 b - - 0 37,c4c5
1,marine42,EulerE,1002,924,8/p7/8/2p1k3/PP2Ppp1/3K4/6P1/8 w - - 0 38,b6c5
1,marine42,EulerE,1002,924,8/p7/8/2P1k3/P3Ppp1/3K4/6P1/8 b - - 0 38,b4c5
1,marine42,EulerE,1002,924,8/p7/8/2P1k3/P3P1p1/3K1p2/6P1/8 w - - 0 39,f4f3
1,marine42,EulerE,1002,924,8/p7/8/2P1k3/P3P1p1/3K1P2/8/8 b - - 0 39,g2f3
1,marine42,EulerE,1002,924,8/p7/8/2P1k3/P3P3/3K1p2/8/8 w - - 0 40,g4f3
1,marine42,EulerE,1002,924,8/p7/8/2P1k3/P3P3/4Kp2/8/8 b - - 1 40,d3e3
1,marine42,EulerE,1002,924,8/p7/8/2P1k3/P3P3/4K3/5p2/8 w - - 0 41,f3f2
1,marine42,EulerE,1002,924,8/p7/8/2P1k3/P3P3/8/5K2/8 b - - 0 41,e3f2
1,marine42,EulerE,1002,924,8/p7/8/2P5/P2kP3/8/5K2/8 w - - 1 42,e5d4
1,marine42,EulerE,1002,924,8/p7/2P5/8/P2kP3/8/5K2/8 b - - 0 42,c5c6
1,marine42,EulerE,1002,924,8/p7/2P5/8/P3k3/8/5K2/8 w - - 0 43,d4e4
1,marine42,EulerE,1002,924,8/p1P5/8/8/P3k3/8/5K2/8 b - - 0 43,c6c7
1,marine42,EulerE,1002,924,8/p1P5/8/8/P7/3k4/5K2/8 w - - 1 44,e4d3
1,marine42,EulerE,1002,924,2Q5/p7/8/8/P7/3k4/5K2/8 b - - 0 44,c7c8q
2,EulerE,tristmanius,931,874,rnbqkbnr/pppppppp/8/8/3P4/8/PPP1PPPP/RNBQKBNR b KQkq - 0 1,d2d4
2,EulerE,tristmanius,931,874,rnbqkbnr/ppp1pppp/8/3p4/3P4/8/PPP1PPPP/RNBQKBNR w KQkq - 0 2,d7d5
2,EulerE,tristmanius,931,874,rnbqkbnr/ppp1pppp/8/3p4/2PP4/8/PP2PPPP/RNBQKBNR b KQkq - 0 2,c2c4
2,EulerE,tristmanius,931,874,rnbqkbnr/pp2pppp/2p5/3p4/2PP4/8/PP2PPPP/RNBQKBNR w KQkq - 0 3,c7c6
2,EulerE,tristmanius,931,874,rnbqkbnr/pp2pppp/2p5/3p4/2PP4/2N5/PP2PPPP/R1BQKBNR b KQkq - 1 3,b1c3
2,EulerE,tristmanius,931,874,rnbqkb1r/pp2pppp/2p2n2/3p4/2PP4/2N5/PP2PPPP/R1BQKBNR w KQkq - 2 4,g8f6
2,EulerE,tristmanius,931,874,rnbqkb1r/pp2pppp/2p2n2/3p4/2PP4/2N2N2/PP2PPPP/R1BQKB1R b KQkq - 3 4,g1f3
2,EulerE,tristmanius,931,874,r1bqkb1r/pp1npppp/2p2n2/3p4/2PP4/2N2N2/PP2PPPP/R1BQKB1R w KQkq - 4 5,b8d7
2,EulerE,tristmanius,931,874,r1bqkb1r/pp1npppp/2p2n2/2Pp4/3P4/2N2N2/PP2PPPP/R1BQKB1R b KQkq - 0 5,c4c5
2,EulerE,tristmanius,931,874,r1bqkb1r/pp1n1ppp/2p2n2/2Ppp3/3P4/2N2N2/PP2PPPP/R1BQKB1R w KQkq - 0 6,e7e5
2,EulerE,tristmanius,931,874,r1bqkb1r/pp1n1ppp/2p2n2/2PpP3/8/2N2N2/PP2PPPP/R1BQKB1R b KQkq - 0 6,d4e5
2,EulerE,tristmanius,931,874,r1bqkb1r/pp1n1ppp/2p5/2PpP3/4n3/2N2N2/PP2PPPP/R1BQKB1R w KQkq - 1 7,f6e4
2,EulerE,tristmanius,931,874,r1bqkb1r/pp1n1ppp/2p5/2PpP3/4n3/2N5/PP1NPPPP/R1BQKB1R b KQkq - 2 7,f3d2
2,EulerE,tristmanius,931,874,r1bqkb1r/pp3ppp/2p5/2Ppn3/4n3/2N5/PP1NPPPP/R1BQKB1R w KQkq - 0 8,d7e5
2,EulerE,tristmanius,931,874,r1bqkb1r/pp3ppp/2p5/2Ppn3/4N3/2N5/PP2PPPP/R1BQKB1R b KQkq - 0 8,d2e4
2,EulerE,tristmanius,931,874,r1bqkb1r/pp3ppp/2p5/2P1n3/4p3/2N5/PP2PPPP/R1BQKB1R w KQkq - 0 9,d5e4
2,EulerE,tristmanius,931,874,r1bQkb1r/pp3ppp/2p5/2P1n3/4p3/2N5/PP2PPPP/R1B1KB1R b KQkq - 0 9,d1d8
2,EulerE,tristmanius,931,874,r1bk1b1r/pp3ppp/2p5/2P1n3/4p3/2N5/PP2PPPP/R1B1KB1R w KQ - 0 10,e8d8
2,EulerE,tristmanius,931,874,r1bk1b1r/pp3ppp/2p5/2P1n3/4N3/8/PP2PPPP/R1B1KB1R b KQ - 0 10,c3e4
2,EulerE,tristmanius,931,874,r1bk1b1r/p4ppp/1pp5/2P1n3/4N3/8/PP2PPPP/R1B1KB1R w KQ - 0 11,b7b6
2,EulerE,tristmanius,931,874,r1bk1b1r/p4ppp/1pp5/2P1n1B1/4N3/8/PP2PPPP/R3KB1R b KQ - 1 11,c1g5
2,EulerE,tristmanius,931,874,r1bk3r/p3bppp/1pp5/2P1n1B1/4N3/8/PP2PPPP/R3KB1R w KQ - 2 12,f8e7
2,EulerE,tristmanius,931,874,r1bk3r/p3bppp/1pp5/2P1n1B1/4N3/8/PP2PPPP/2KR1B1R b - - 3 12,e1c1
2,EulerE,tristmanius,931,874,r1b1k2r/p3bppp/1pp5/2P1n1B1/4N3/8/PP2PPPP/2KR1B1R w - - 4 13,d8e8
2,EulerE,tristmanius,931,874,r1b1k2r/p3bppp/1ppN4/2P1n1B1/8/8/PP2PPPP/2KR1B1R b - - 5 13,e4d6
2,EulerE,tristmanius,931,874,r1b2k1r/p3bppp/1ppN4/2P1n1B1/8/8/PP2PPPP/2KR1B1R w - - 6 14,e8f8
2,EulerE,tristmanius,931,874,r1b2k1r/p3Bppp/1ppN4/2P1n3/8/8/PP2PPPP/2KR1B1R b - - 0 14,g5e7
2,EulerE,tristmanius,931,874,r1b4r/p3kppp/1ppN4/2P1n3/8/8/PP2PPPP/2KR1B1R w - - 0 15,f8e7
2,EulerE,tristmanius,931,874,r1b4r/p3kppp/1ppN4/2P1n3/8/4P3/PP3PPP/2KR1B1R b - - 0 15,e2e3
2,EulerE,tristmanius,931,874,r6r/p3kppp/1ppN4/2P1n3/6b1/4P3/PP3PPP/2KR1B1R w - - 1 16,c8g4
2,EulerE,tristmanius,931,874,r6r/p3kppp/1ppN4/2P1n3/6b1/4P3/PP1R1PPP/2K2B1R b - - 2 16,d1d2
2,EulerE,tristmanius,931,874,r6r/p3kppp/2pN4/2p1n3/6b1/4P3/PP1R1PPP/2K2B1R w - - 0 17,b6c5
2,EulerE,tristmanius,931,874,r6r/p3kppp/2pN4/2p1n3/6b1/4P3/PP1RBPPP/2K4R b - - 1 17,f1e2
2,EulerE,tristmanius,931,874,r6r/p3kppp/2pN4/4n3/2p3b1/4P3/PP1RBPPP/2K4R w - - 0 18,c5c4
2,EulerE,tristmanius,931,874,r6r/p3kppp/2pN4/4n3/2p3B1/4P3/PP1R1PPP/2K4R b - - 0 18,e2g4
2,EulerE,tristmanius,931,874,r6r/p3kppp/2pN4/8/2p3n1/4P3/PP1R1PPP/2K4R w - - 0 19,e5g4
2,EulerE,tristmanius,931,874,r6r/p3kppp/2p5/5N2/2p3n1/4P3/PP1R1PPP/2K4R b - - 1 19,d6f5
2,EulerE,tristmanius,931,874,r6r/p4ppp/2p2k2/5N2/2p3n1/4P3/PP1R1PPP/2K4R w - - 2 20,e7f6
2,EulerE,tristmanius,931,874,r6r/p4ppp/2p2k2/8/2pN2n1/4P3/PP1R1PPP/2K4R b - - 3 20,f5d4
2,EulerE,tristmanius,931,874,r2r4/p4ppp/2p2k2/8/2pN2n1/4P3/PP1R1PPP/2K4R w - - 4 21,h8d8
2,EulerE,tristmanius,931,874,r2r4/p4ppp/2p2k2/8/2pN2n1/4P2P/PP1R1PP1/2K4R b - - 0 21,h2h3
2,EulerE,tristmanius,931,874,r2r4/p4pp1/2p2k2/7p/2pN2n1/4P2P/PP1R1PP1/2K4R w - - 0 22,h7h5
2,EulerE,tristmanius,931,874,r2r4/p4pp1/2p2k2/7p/2pN2P1/4P3/PP1R1PP1/2K4R b - - 0 22,h3g4
2,EulerE,tristmanius,931,874,r2r4/p4pp1/2p2k2/8/2pN2p1/4P3/PP1R1PP1/2K4R w - - 0 23,h5g4
2,EulerE,tristmanius,931,874,r2r4/p4pp1/2N2k2/8/2p3p1/4P3/PP1R1PP1/2K4R b - - 0 23,d4c6
2,EulerE,tristmanius,931,874,r7/p4pp1/2N2k2/8/2p3p1/4P3/PP1r1PP1/2K4R w - - 0 24,d8d2
2,EulerE,tristmanius,931,874,r7/p4pp1/2N2k2/8/2p3p1/4P3/PP1K1PP1/7R b - - 0 24,c1d2
2,EulerE,tristmanius,931,874,1r6/p4pp1/2N2k2/8/2p3p1/4P3/PP1K1PP1/7R w - - 1 25,a8b8
2,EulerE,tristmanius,931,874,1N6/p4pp1/5k2/8/2p3p1/4P3/PP1K1PP1/7R b - - 0 25,c6b8
3,FMishF,EulerE,1008,941,rnbqkbnr/pppppppp/8/8/4P3/8/PPPP1PPP/RNBQKBNR b KQkq - 0 1,e2e4
3,FMishF,EulerE,1008,941,rnbqkbnr/ppp1pppp/3p4/8/4P3/8/PPPP1PPP/RNBQKBNR w KQkq - 0 2,d7d6
3,FMishF,EulerE,1008,941,rnbqkbnr/ppp1pppp/3p4/8/4P3/3B4/PPPP1PPP/RNBQK1NR b KQkq - 1 2,f1d3
3,FMishF,EulerE,1008,941,rnbqkbnr/ppp2ppp/3p4/4p3/4P3/3B4/PPPP1PPP/RNBQK1NR w KQkq - 0 3,e7e5
3,FMishF,EulerE,1008,941,rnbqkbnr/ppp2ppp/3p4/4p3/4P3/3B1N2/PPPP1PPP/RNBQK2R b KQkq - 1 3,g1f3
3,FMishF,EulerE,1008,941,rnbqkb1r/ppp2ppp/3p1n2/4p3/4P3/3B1N2/PPPP1PPP/RNBQK2R w KQkq - 2 4,g8f6
3,FMishF,EulerE,1008,941,rnbqkb1r/ppp2ppp/3p1n2/4p3/4P3/3B1N2/PPPP1PPP/RNBQ1RK1 b kq - 3 4,e1g1
3,FMishF,EulerE,1008,941,rn1qkb1r/ppp2ppp/3p1n2/4p3/4P1b1/3B1N2/PPPP1PPP/RNBQ1RK1 w kq - 4 5,c8g4
3,FMishF,EulerE,1008,941,rn1qkb1r/ppp2ppp/3p1n2/4p3/4P1b1/3B1N1P/PPPP1PP1/RNBQ1RK1 b kq - 0 5,h2h3
3,FMishF,EulerE,1008,941,rn1qkb1r/pppb1ppp/3p1n2/4p3/4P3/3B1N1P/PPPP1PP1/RNBQ1RK1 w kq - 1 6,g4d7
3,FMishF,EulerE,1008,941,rn1qkb1r/pppb1ppp/3p1n2/4p3/4P1P1/3B1N1P/PPPP1P2/RNBQ1RK1 b kq - 0 6,g2g4
3,FMishF,EulerE,1008,941,rn1qkb1r/pppb1pp1/3p1n1p/4p3/4P1P1/3B1N1P/PPPP1P2/RNBQ1RK1 w kq - 0 7,h7h6
3,FMishF,EulerE,1008,941,rn1qkb1r/pppb1pp1/3p1n1p/4p3/4P1P1/2NB1N1P/PPPP1P2/R1BQ1RK1 b kq - 1 7,b1c3
3,FMishF,EulerE,1008,941,r2qkb1r/pppb1pp1/2np1n1p/4p3/4P1P1/2NB1N1P/PPPP1P2/R1BQ1RK1 w kq - 2 8,b8c6
3,FMishF,EulerE,1008,941,r2qkb1r/pppb1pp1/2np1n1p/3Np3/4P1P1/3B1N1P/PPPP1P2/R1BQ1RK1 b kq - 3 8,c3d5
3,FMishF,EulerE,1008,941,r2qkb1r/pppb1pp1/2np3p/3np3/4P1P1/3B1N1P/PPPP1P2/R1BQ1RK1 w kq - 0 9,f6d5
3,FMishF,EulerE,1008,941,r2qkb1r/pppb1pp1/2np3p/3Pp3/6P1/3B1N1P/PPPP1P2/R1BQ1RK1 b kq - 0 9,e4d5
3,FMishF,EulerE,1008,941,r2qkb1r/pppb1pp1/3p3p/3Pp3/3n2P1/3B1N1P/PPPP1P2/R1BQ1RK1 w kq - 1 10,c6d4
3,FMishF,EulerE,1008,941,r2qkb1r/pppb1pp1/3p3p/3Pp3/3N2P1/3B3P/PPPP1P2/R1BQ1RK1 b kq - 0 10,f3d4
3,FMishF,EulerE,1008,941,r2qkb1r/pppb1pp1/3p3p/3P4/3p2P1/3B3P/PPPP1P2/R1BQ1RK1 w kq - 0 11,e5d4
3,FMishF,EulerE,1008,941,r2qkb1r/pppb1pp1/3p3p/3P4/3p2P1/3B3P/PPPP1P2/R1BQR1K1 b kq - 1 11,f1e1
3,FMishF,EulerE,1008,941,r2qk2r/pppbbpp1/3p3p/3P4/3p2P1/3B3P/PPPP1P2/R1BQR1K1 w kq - 2 12,f8e7
3,FMishF,EulerE,1008,941,r2qk2r/pppbbpp1/3p3p/3P4/3p2P1/3B1Q1P/PPPP1P2/R1B1R1K1 b kq - 3 12,d1f3
3,FMishF,EulerE,1008,941,r2q1rk1/pppbbpp1/3p3p/3P4/3p2P1/3B1Q1P/PPPP1P2/R1B1R1K1 w - - 4 13,e8g8
3,FMishF,EulerE,1008,941,r2q1rk1/pppbbpp1/3p3p/3P4/3pQ1P1/3B3P/PPPP1P2/R1B1R1K1 b - - 5 13,f3e4
3,FMishF,EulerE,1008,941,r2q1rk1/pppbbp2/3p2pp/3P4/3pQ1P1/3B3P/PPPP1P2/R1B1R1K1 w - - 0 14,g7g6
3,FMishF,EulerE,1008,941,r2q1rk1/pppbbp2/3p2pp/3P4/3Q2P1/3B3P/PPPP1P2/R1B1R1K1 b - - 0 14,e4d4
3,FMishF,EulerE,1008,941,r2q1rk1/pppb1p2/3p2pp/3P4/3Q2Pb/3B3P/PPPP1P2/R1B1R1K1 w - - 1 15,e7h4
3,FMishF,EulerE,1008,941,r2q1rk1/pppb1p2/3p2pp/3P4/5QPb/3B3P/PPPP1P2/R1B1R1K1 b - - 2 15,d4f4
3,FMishF,EulerE,1008,941,r2q1rk1/pppb1p2/3p2pp/3P2b1/5QP1/3B3P/PPPP1P2/R1B1R1K1 w - - 3 16,h4g5
3,FMishF,EulerE,1008,941,r2q1rk1/pppb1p2/3p2pp/3P2b1/6P1/3B2QP/PPPP1P2/R1B1R1K1 b - - 4 16,f4g3
3,FMishF,EulerE,1008,941,r2q1rk1/pppb4/3p2pp/3P1pb1/6P1/3B2QP/PPPP1P2/R1B1R1K1 w - - 0 17,f7f5
3,FMishF,EulerE,1008,941,r2q1rk1/pppb4/3p2pp/3P1pb1/6PP/3B2Q1/PPPP1P2/R1B1R1K1 b - - 0 17,h3h4
3,FMishF,EulerE,1008,941,r2q1rk1/pppb4/3p2pp/3P1p2/6Pb/3B2Q1/PPPP1P2/R1B1R1K1 w - - 0 18,g5h4
3,FMishF,EulerE,1008,941,r2q1rk1/pppb4/3p2pp/3P1p2/5QPb/3B4/PPPP1P2/R1B1R1K1 b - - 1 18,g3f4
3,FMishF,EulerE,1008,941,r2q1rk1/pppb4/3p2pp/3P4/5Qpb/3B4/PPPP1P2/R1B1R1K1 w - - 0 19,f5g4
3,FMishF,EulerE,1008,941,r2q1rk1/pppb4/3p2pQ/3P4/6pb/3B4/PPPP1P2/R1B1R1K1 b - - 0 19,f4h6
3,FMishF,EulerE,1008,941,r4rk1/pppb4/3p1qpQ/3P4/6pb/3B4/PPPP1P2/R1B1R1K1 w - - 1 20,d8f6
3,FMishF,EulerE,1008,941,r4rk1/pppb4/3p1qBQ/3P4/6pb/8/PPPP1P2/R1B1R1K1 b - - 0 20,d3g6
3,FMishF,EulerE,1008,941,r4rk1/pppb4/3p2BQ/3P4/6pb/8/PPPP1q2/R1B1R1K1 w - - 0 21,f6f2
3,FMishF,EulerE,1008,941,r4rk1/pppb4/3p2BQ/3P4/6pb/8/PPPP1q2/R1B1R2K b - - 1 21,g1h1
3,FMishF,EulerE,1008,941,r4rk1/pppb4/3p2BQ/3P4/6pb/8/PPPP4/R1B1q2K w - - 0 22,f2e1
3,FMishF,EulerE,1008,941,r4rk1/pppb4/3p2BQ/3P4/6pb/8/PPPP2K1/R1B1q3 b - - 1 22,h1g2
3,FMishF,EulerE,1008,941,r5k1/pppb4/3p2BQ/3P4/6pb/8/PPPP1rK1/R1B1q3 w - - 2 23,f8f2
4,f2929,EulerE,816,946,rnbqkbnr/pppppppp/8/8/8/4P3/PPPP1PPP/RNBQKBNR b KQkq - 0 1,e2e3
4,f2929,EulerE,816,946,rnbqkbnr/pppp1ppp/8/4p3/8/4P3/PPPP1PPP/RNBQKBNR w KQkq - 0 2,e7e5
4,f2929,EulerE,816,946,rnbqkbnr/pppp1ppp/8/4p3/4P3/8/PPPP1PPP/RNBQKBNR b KQkq - 0 2,e3e4
4,f2929,EulerE,816,946,rnbqkb1r/pppp1ppp/5n2/4p3/4P3/8/PPPP1PPP/RNBQKBNR w KQkq - 1 3,g8f6
4,f2929,EulerE,816,946,rnbqkb1r/pppp1ppp/5n2/4p3/4P1P1/8/PPPP1P1P/RNBQKBNR b KQkq - 0 3,g2g4
4,f2929,EulerE,816,946,rnbqkb1r/ppp2ppp/5n2/3pp3/4P1P1/8/PPPP1P1P/RNBQKBNR w KQkq - 0 4,d7d5
4,f2929,EulerE,816,946,rnbqkb1r/ppp2ppp/5n2/3Pp3/6P1/8/PPPP1P1P/RNBQKBNR b KQkq - 0 4,e4d5
4,f2929,EulerE,816,946,rn1qkb1r/ppp2ppp/5n2/3Pp3/6b1/8/PPPP1P1P/RNBQKBNR w KQkq - 0 5,c8g4
4,f2929,EulerE,816,946,rn1qkb1r/ppp2ppp/5n2/3Pp3/6b1/5P2/PPPP3P/RNBQKBNR b KQkq - 0 5,f2f3
4,f2929,EulerE,816,946,rn2kb1r/ppp2ppp/5n2/3qp3/6b1/5P2/PPPP3P/RNBQKBNR w KQkq - 0 6,d8d5
4,f2929,EulerE,816,946,rn2kb1r/ppp2ppp/5n2/3qp3/6P1/8/PPPP3P/RNBQKBNR b KQkq - 0 6,f3g4
4,f2929,EulerE,816,946,rn2kb1r/ppp2ppp/5n2/4p3/6P1/8/PPPP3P/RNBQKBNq w Qkq - 0 7,d5h1
4,f2929,EulerE,816,946,rn2kb1r/ppp2ppp/5n2/4p3/6P1/5Q2/PPPP3P/RNB1KBNq b Qkq - 1 7,d1f3
4,f2929,EulerE,816,946,rn2kb1r/ppp2ppp/5n2/4p3/6P1/5q2/PPPP3P/RNB1KBN1 w Qkq - 0 8,h1f3
4,f2929,EulerE,816,946,rn2kb1r/ppp2ppp/5n2/4p3/6P1/5N2/PPPP3P/RNB1KB2 b Qkq - 0 8,g1f3
4,f2929,EulerE,816,946,rn2kb1r/ppp2ppp/8/4p3/6n1/5N2/PPPP3P/RNB1KB2 w Qkq - 0 9,f6g4
4,f2929,EulerE,816,946,rn2kb1r/ppp2ppp/8/4N3/6n1/8/PPPP3P/RNB1KB2 b Qkq - 0 9,f3e5
4,f2929,EulerE,816,946,rn2kb1r/ppp2ppp/8/4n3/8/8/PPPP3P/RNB1KB2 w Qkq - 0 10,g4e5
4,f2929,EulerE,816,946,rn2kb1r/ppp2ppp/8/4n3/8/8/PPPP2BP/RNB1K3 b Qkq - 1 10,f1g2
4,f2929,EulerE,816,946,r3kb1r/ppp2ppp/2n5/4n3/8/8/PPPP2BP/RNB1K3 w Qkq - 2 11,b8c6
4,f2929,EulerE,816,946,r3kb1r/ppp2ppp/2n5/4n3/8/1P6/P1PP2BP/RNB1K3 b Qkq - 0 11,b2b3
4,f2929,EulerE,816,946,2kr1b1r/ppp2ppp/2n5/4n3/8/1P6/P1PP2BP/RNB1K3 w Q - 1 12,e8c8
4,f2929,EulerE,816,946,2kr1b1r/ppp2ppp/2n5/4n3/8/1P6/PBPP2BP/RN2K3 b Q - 2 12,c1b2
4,f2929,EulerE,816,946,2kr1b1r/ppp2ppp/2n5/8/6n1/1P6/PBPP2BP/RN2K3 w Q - 3 13,e5g4
4,f2929,EulerE,816,946,2kr1b1r/ppp2ppp/2n5/8/P5n1/1P6/1BPP2BP/RN2K3 b Q - 0 13,a2a4
4,f2929,EulerE,816,946,2kr1b1r/ppp2ppp/2n5/8/P7/1P6/1BPP2Bn/RN2K3 w Q - 0 14,g4h2
4,f2929,EulerE,816,946,2kr1b1r/ppp2ppp/2n5/P7/8/1P6/1BPP2Bn/RN2K3 b Q - 0 14,a4a5
4,f2929,EulerE,816,946,2kr3r/ppp1bppp/2n5/P7/8/1P6/1BPP2Bn/RN2K3 w Q - 1 15,f8e7
4,f2929,EulerE,816,946,2kr3r/ppp1bppp/P1n5/8/8/1P6/1BPP2Bn/RN2K3 b Q - 0 15,a5a6
4,f2929,EulerE,816,946,2kr3r/p1p1bppp/Ppn5/8/8/1P6/1BPP2Bn/RN2K3 w Q - 0 16,b7b6
4,f2929,EulerE,816,946,2kr3r/p1p1bppp/PpB5/8/8/1P6/1BPP3n/RN2K3 b Q - 0 16,g2c6
4,f2929,EulerE,816,946,2kr3r/p1p2ppp/PpB2b2/8/8/1P6/1BPP3n/RN2K3 w Q - 1 17,e7f6
4,f2929,EulerE,816,946,2kr3r/p1p2ppp/PpB2B2/8/8/1P6/2PP3n/RN2K3 b Q - 0 17,b2f6
4,f2929,EulerE,816,946,2kr3r/p1p2p1p/PpB2p2/8/8/1P6/2PP3n/RN2K3 w Q - 0 18,g7f6
4,f2929,EulerE,816,946,2kr3r/p1p2p1p/PpB2p2/8/8/1PN5/2PP3n/R3K3 b Q - 1 18,b1c3
4,f2929,EulerE,816,946,2k4r/p1p2p1p/PpBr1p2/8/8/1PN5/2PP3n/R3K3 w Q - 2 19,d8d6
4,f2929,EulerE,816,946,2k4r/pBp2p1p/Pp1r1p2/8/8/1PN5/2PP3n/R3K3 b Q - 3 19,c6b7
4,f2929,EulerE,816,946,1k5r/pBp2p1p/Pp1r1p2/8/8/1PN5/2PP3n/R3K3 w Q - 4 20,c8b8
4,f2929,EulerE,816,946,1k5r/pBp2p1p/Pp1r1p2/8/4N3/1P6/2PP3n/R3K3 b Q - 5 20,c3e4
4,f2929,EulerE,816,946,1k5r/pBp2p1p/Pp1r1p2/8/4N3/1P3n2/2PP4/R3K3 w Q - 6 21,h2f3
4,f2929,EulerE,816,946,1k5r/pBp2p1p/Pp1r1p2/8/4N3/1P3n2/2PPK3/R7 b - - 7 21,e1e2
4,f2929,EulerE,816,946,1k5r/pBp2p1p/Pp1r1p2/8/3nN3/1P6/2PPK3/R7 w - - 8 22,f3d4
4,f2929,EulerE,816,946,1k5r/pBp2p1p/Pp1r1p2/8/3nN3/1P1K4/2PP4/R7 b - - 9 22,e2d3
4,f2929,EulerE,816,946,1k5r/pBpr1p1p/Pp3p2/8/3nN3/1P1K4/2PP4/R7 w - - 10 23,d6d7
4,f2929,EulerE,816,946,1k5r/pBpr1p1p/Pp3N2/8/3n4/1P1K4/2PP4/R7 b - - 0 23,e4f6
4,f2929,EulerE,816,946,1k1r3r/pBp2p1p/Pp3N2/8/3n4/1P1K4/2PP4/R7 w - - 1 24,d7d8
4,f2929,EulerE,816,946,1k1r3r/pBp2p1p/Pp6/8/3nN3/1P1K4/2PP4/R7 b - - 2 24,f6e4
4,f2929,EulerE,816,946,1k1r3r/pBp2p1p/Pp6/8/4N3/1n1K4/2PP4/R7 w - - 0 25,d4b3
4,f2929,EulerE,816,946,1k1r3r/pBp2p1p/Pp6/8/4N3/1nK5/2PP4/R7 b - - 1 25,d3c3
4,f2929,EulerE,816,946,1k1r3r/pBp2p1p/Pp6/8/4N3/2K5/2PP4/n7 w - - 0 26,b3a1
4,f2929,EulerE,816,946,1k1r3r/pBp2p1p/Pp6/8/8/2K5/2PP1N2/n7 b - - 1 26,e4f2
4,f2929,EulerE,816,946,1k1r3r/pBp2p2/Pp6/7p/8/2K5/2PP1N2/n7 w - - 0 27,h7h5
4,f2929,EulerE,816,946,1k1r3r/pBp2p2/Pp6/7p/8/2KN4/2PP4/n7 b - - 1 27,f2d3
4,f2929,EulerE,816,946,1kr4r/pBp2p2/Pp6/7p/8/2KN4/2PP4/n7 w - - 2 28,d8c8
4,f2929,EulerE,816,946,1kr4r/pBp2p2/Pp6/7p/1N6/2K5/2PP4/n7 b - - 3 28,d3b4
4,f2929,EulerE,816,946,1kr4r/pB3p2/Pp6/2p4p/1N6/2K5/2PP4/n7 w - - 0 29,c7c5
4,f2929,EulerE,816,946,1kr4r/pB3p2/PpN5/2p4p/8/2K5/2PP4/n7 b - - 1 29,b4c6
4,f2929,EulerE,816,946,1k5r/pB3p2/Ppr5/2p4p/8/2K5/2PP4/n7 w - - 0 30,c8c6
4,f2929,EulerE,816,946,1k5r/p4p2/PpB5/2p4p/8/2K5/2PP4/n7 b - - 0 30,b7c6
4,f2929,EulerE,816,946,1kr5/p4p2/PpB5/2p4p/8/2K5/2PP4/n7 w - - 1 31,h8c8
4,f2929,EulerE,816,946,1kr5/pB3p2/Pp6/2p4p/8/2K5/2PP4/n7 b - - 2 31,c6b7
4,f2929,EulerE,816,946,1k6/pBr2p2/Pp6/2p4p/8/2K5/2PP4/n7 w - - 3 32,c8c7
4,f2929,EulerE,816,946,1k6/pBr2p2/Pp6/2p4p/3P4/2K5/2P5/n7 b - - 0 32,d2d4
4,f2929,EulerE,816,946,1k6/pBr2p2/Pp6/7p/3p4/2K5/2P5/n7 w - - 0 33,c5d4
4,f2929,EulerE,816,946,1k6/pBr2p2/Pp6/7p/3K4/8/2P5/n7 b - - 0 33,c3d4
4,f2929,EulerE,816,946,1k6/pr3p2/Pp6/7p/3K4/8/2P5/n7 w - - 0 34,c7b7
4,f2929,EulerE,816,946,1k6/pP3p2/1p6/7p/3K4/8/2P5/n7 b - - 0 34,a6b7
4,f2929,EulerE,816,946,1k6/pP3p2/1p6/7p/3K4/8/2n5/8 w - - 0 35,a1c2
4,f2929,EulerE,816,946,1k6/pP3p2/1p6/7p/8/2K5/2n5/8 b - - 1 35,d4c3
4,f2929,EulerE,816,946,1k6/pP3p2/1p6/8/7p/2K5/2n5/8 w - - 0 36,h5h4
4,f2929,EulerE,816,946,1k6/pP3p2/1p6/8/7p/8/2K5/8 b - - 0 36,c3c2
4,f2929,EulerE,816,946,1k6/pP3p2/1p6/8/8/7p/2K5/8 w - - 0 37,h4h3
4,f2929,EulerE,816,946,1k6/pP3p2/1p6/8/8/7p/3K4/8 b - - 1 37,c2d2
4,f2929,EulerE,816,946,1k6/pP3p2/1p6/8/8/8/3K3p/8 w - - 0 38,h3h2
4,f2929,EulerE,816,946,1k6/pP3p2/1p6/8/8/8/4K2p/8 b - - 1 38,d2e2
4,f2929,EulerE,816,946,1k6/pP3p2/1p6/8/8/8/4K3/7q w - - 0 39,h2h1q
4,f2929,EulerE,816,946,1k6/pP3p2/1p6/8/8/3K4/8/7q b - - 1 39,e2d3
4,f2929,EulerE,816,946,1k6/pP6/1p6/5p2/8/3K4/8/7q w - - 0 40,f7f5
4,f2929,EulerE,816,946,1k6/pP6/1p6/5p2/8/4K3/8/7q b - - 1 40,d3e3
4,f2929,EulerE,816,946,1k6/pP6/1p6/5p2/8/4K3/8/5q2 w - - 2 41,h1f1
4,f2929,EulerE,816,946,1k6/pP6/1p6/5p2/3K4/8/8/5q2 b - - 3 41,e3d4
4,f2929,EulerE,816,946,1k6/pP6/1p6/8/3K1p2/8/8/5q2 w - - 0 42,f5f4
4,f2929,EulerE,816,946,1k6/pP6/1p6/8/4Kp2/8/8/5q2 b - - 1 42,d4e4
4,f2929,EulerE,816,946,1k6/pP6/1p6/8/4K3/5p2/8/5q2 w - - 0 43,f4f3
4,f2929,EulerE,816,946,1k6/pP6/1p6/8/3K4/5p2/8/5q2 b - - 1 43,e4d4
4,f2929,EulerE,816,946,1k6/pP6/1p6/8/3K4/8/5p2/5q2 w - - 0 44,f3f2
4,f2929,EulerE,816,946,1k6/pP6/1p6/8/4K3/8/5p2/5q2 b - - 1 44,d4e4
4,f2929,EulerE,816,946,1k6/pP6/1p6/8/4K3/8/5pq1/8 w - - 2 45,f1g2
4,f2929,EulerE,816,946,1k6/pP6/1p6/8/3K4/8/5pq1/8 b - - 3 45,e4d4
4,f2929,EulerE,816,946,1k6/pP6/1p6/8/3K4/8/6q1/5q2 w - - 0 46,f2f1q
4,f2929,EulerE,816,946,1k6/pP6/1p6/8/8/4K3/6q1/5q2 b - - 1 46,d4e3
4,f2929,EulerE,816,946,1k6/pP6/1p6/8/8/4Kq2/6q1/8 w - - 2 47,f1f3
4,f2929,EulerE,816,946,1k6/pP6/1p6/8/3K4/5q2/6q1/8 b - - 3 47,e3d4
4,f2929,EulerE,816,946,1k6/pP6/1p6/8/3K2q1/5q2/8/8 w - - 4 48,g2g4
4,f2929,EulerE,816,946,1k6/pP6/1p6/4K3/6q1/5q2/8/8 b - - 5 48,d4e5
4,f2929,EulerE,816,946,1k6/pP6/1p6/4Kq2/6q1/8/8/8 w - - 6 49,f3f5
4,f2929,EulerE,816,946,1k6/pP6/1p1K4/5q2/6q1/8/8/8 b - - 7 49,e5d6
4,f2929,EulerE,816,946,1k6/pP6/1p1K2q1/5q2/8/8/8/8 w - - 8 50,g4g6
4,f2929,EulerE,816,946,1k6/pP2K3/1p4q1/5q2/8/8/8/8 b - - 9 50,d6e7
4,f2929,EulerE,816,946,1k6/pP2Kq2/1p4q1/8/8/8/8/8 w - - 10 51,f5f7
4,f2929,EulerE,816,946,1k1K4/pP3q2/1p4q1/8/8/8/8/8 b - - 11 51,e7d8
4,f2929,EulerE,816,946,1k1K2q1/pP3q2/1p6/8/8/8/8/8 w - - 12 52,g6g8
5,EulerE,BeastUsman,940,1042,rnbqkbnr/pppppppp/8/8/3P4/8/PPP1PPPP/RNBQKBNR b KQkq - 0 1,d2d4
5,EulerE,BeastUsman,940,1042,rnbqkbnr/ppp1pppp/8/3p4/3P4/8/PPP1PPPP/RNBQKBNR w KQkq - 0 2,d7d5
5,EulerE,BeastUsman,940,1042,rnbqkbnr/ppp1pppp/8/3p4/2PP4/8/PP2PPPP/RNBQKBNR b KQkq - 0 2,c2c4
5,EulerE,BeastUsman,940,1042,rnbqkb1r/ppp1pppp/5n2/3p4/2PP4/8/PP2PPPP/RNBQKBNR w KQkq - 1 3,g8f6
5,EulerE,BeastUsman,940,1042,rnbqkb1r/ppp1pppp/5n2/3p4/2PP4/2N5/PP2PPPP/R1BQKBNR b KQkq - 2 3,b1c3
5,EulerE,BeastUsman,940,1042,r1bqkb1r/ppp1pppp/2n2n2/3p4/2PP4/2N5/PP2PPPP/R1BQKBNR w KQkq - 3 4,b8c6
5,EulerE,BeastUsman,940,1042,r1bqkb1r/ppp1pppp/2n2n2/2Pp4/3P4/2N5/PP2PPPP/R1BQKBNR b KQkq - 0 4,c4c5
5,EulerE,BeastUsman,940,1042,r2qkb1r/ppp1pppp/2n2n2/2Pp1b2/3P4/2N5/PP2PPPP/R1BQKBNR w KQkq - 1 5,c8f5
5,EulerE,BeastUsman,940,1042,r2qkb1r/ppp1pppp/2n2n2/2Pp1b2/3P4/P1N5/1P2PPPP/R1BQKBNR b KQkq - 0 5,a2a3
5,EulerE,BeastUsman,940,1042,r2qkb1r/ppp2ppp/2n2n2/2Pppb2/3P4/P1N5/1P2PPPP/R1BQKBNR w KQkq - 0 6,e7e5
5,EulerE,BeastUsman,940,1042,r2qkb1r/ppp2ppp/2n2n2/2Pppb2/3P4/P1N2N2/1P2PPPP/R1BQKB1R b KQkq - 1 6,g1f3
5,EulerE,BeastUsman,940,1042,r2qkb1r/ppp2ppp/2n2n2/2Pp1b2/3p4/P1N2N2/1P2PPPP/R1BQKB1R w KQkq - 0 7,e5d4
5,EulerE,BeastUsman,940,1042,r2qkb1r/ppp2ppp/2n2n2/2Pp1b2/3N4/P1N5/1P2PPPP/R1BQKB1R b KQkq - 0 7,f3d4
5,EulerE,BeastUsman,940,1042,r2qkb1r/pppb1ppp/2n2n2/2Pp4/3N4/P1N5/1P2PPPP/R1BQKB1R w KQkq - 1 8,f5d7
5,EulerE,BeastUsman,940,1042,r2qkb1r/pppb1ppp/2n2n2/2Pp2B1/3N4/P1N5/1P2PPPP/R2QKB1R b KQkq - 2 8,c1g5
5,EulerE,BeastUsman,940,1042,r2qkb1r/pppb1ppp/5n2/2Pp2B1/3n4/P1N5/1P2PPPP/R2QKB1R w KQkq - 0 9,c6d4
5,EulerE,BeastUsman,940,1042,r2qkb1r/pppb1ppp/5B2/2Pp4/3n4/P1N5/1P2PPPP/R2QKB1R b KQkq - 0 9,g5f6
5,EulerE,BeastUsman,940,1042,r3kb1r/pppb1ppp/5q2/2Pp4/3n4/P1N5/1P2PPPP/R2QKB1R w KQkq - 0 10,d8f6
5,EulerE,BeastUsman,940,1042,r3kb1r/pppb1ppp/5q2/2PN4/3n4/P7/1P2PPPP/R2QKB1R b KQkq - 0 10,c3d5
5,EulerE,BeastUsman,940,1042,r3kb1r/pppb1ppp/2q5/2PN4/3n4/P7/1P2PPPP/R2QKB1R w KQkq - 1 11,f6c6
5,EulerE,BeastUsman,940,1042,r3kb1r/pppb1ppp/2q5/2PN4/3Q4/P7/1P2PPPP/R3KB1R b KQkq - 0 11,d1d4
5,EulerE,BeastUsman,940,1042,r3k2r/pppb1ppp/2q5/2bN4/3Q4/P7/1P2PPPP/R3KB1R w KQkq - 0 12,f8c5
5,EulerE,BeastUsman,940,1042,r3k2r/pppb1ppp/2q5/2bN4/2Q5/P7/1P2PPPP/R3KB1R b KQkq - 1 12,d4c4
5,EulerE,BeastUsman,940,1042,r3k2r/pppb1ppp/2q5/3N4/2Q5/P7/1P2PbPP/R3KB1R w KQkq - 0 13,c5f2
5,EulerE,BeastUsman,940,1042,r3k2r/pppb1ppp/2q5/3N4/2Q5/P7/1P2PKPP/R4B1R b kq - 0 13,e1f2
5,EulerE,BeastUsman,940,1042,r3k2r/pppb1ppp/8/3N4/2q5/P7/1P2PKPP/R4B1R w kq - 0 14,c6c4
6,EulerE,BreHenrique,945,786,rnbqkbnr/pppppppp/8/8/3P4/8/PPP1PPPP/RNBQKBNR b KQkq - 0 1,d2d4
7,EulerE,itaduruYuuji,945,960,rnbqkbnr/pppppppp/8/8/3P4/8/PPP1PPPP/RNBQKBNR b KQkq - 0 1,d2d4
7,EulerE,itaduruYuuji,945,960,rnbqkb1r/pppppppp/5n2/8/3P4/8/PPP1PPPP/RNBQKBNR w KQkq - 1 2,g8f6
7,EulerE,itaduruYuuji,945,960,rnbqkb1r/pppppppp/5n2/8/2PP4/8/PP2PPPP/RNBQKBNR b KQkq - 0 2,c2c4
7,EulerE,itaduruYuuji,945,960,rnbqkb1r/pppp1ppp/5n2/4p3/2PP4/8/PP2PPPP/RNBQKBNR w KQkq - 0 3,e7e5
7,EulerE,itaduruYuuji,945,960,rnbqkb1r/pppp1ppp/5n2/3Pp3/2P5/8/PP2PPPP/RNBQKBNR b KQkq - 0 3,d4d5
7,EulerE,itaduruYuuji,945,960,rnbqk2r/pppp1ppp/5n2/3Pp3/1bP5/8/PP2PPPP/RNBQKBNR w KQkq - 1 4,f8b4
7,EulerE,itaduruYuuji,945,960,rnbqk2r/pppp1ppp/5n2/3Pp3/1bP5/2N5/PP2PPPP/R1BQKBNR b KQkq - 2 4,b1c3
7,EulerE,itaduruYuuji,945,960,rnbqk2r/ppp2ppp/3p1n2/3Pp3/1bP5/2N5/PP2PPPP/R1BQKBNR w KQkq - 0 5,d7d6
7,EulerE,itaduruYuuji,945,960,rnbqk2r/ppp2ppp/3p1n2/3Pp3/1bP5/2N5/PP1BPPPP/R2QKBNR b KQkq - 1 5,c1d2
7,EulerE,itaduruYuuji,945,960,rnbqk2r/ppp2ppp/3p1n2/3P4/1bP1p3/2N5/PP1BPPPP/R2QKBNR w KQkq - 0 6,e5e4
7,EulerE,itaduruYuuji,945,960,rnbqk2r/ppp2ppp/3p1n2/3P4/QbP1p3/2N5/PP1BPPPP/R3KBNR b KQkq - 1 6,d1a4
7,EulerE,itaduruYuuji,945,960,rn1qk2r/pppb1ppp/3p1n2/3P4/QbP1p3/2N5/PP1BPPPP/R3KBNR w KQkq - 2 7,c8d7
7,EulerE,itaduruYuuji,945,960,rn1qk2r/pppb1ppp/3p1n2/3P4/1QP1p3/2N5/PP1BPPPP/R3KBNR b KQkq - 0 7,a4b4
7,EulerE,itaduruYuuji,945,960,rn1qk2r/pp1b1ppp/3p1n2/2pP4/1QP1p3/2N5/PP1BPPPP/R3KBNR w KQkq c6 0 8,c7c5
7,EulerE,itaduruYuuji,945,960,rn1qk2r/pQ1b1ppp/3p1n2/2pP4/2P1p3/2N5/PP1BPPPP/R3KBNR b KQkq - 0 8,b4b7
7,EulerE,itaduruYuuji,945,960,rn1qk2r/pQ1b1ppp/3p1n2/2pP4/2P5/2N1p3/PP1BPPPP/R3KBNR w KQkq - 0 9,e4e3
7,EulerE,itaduruYuuji,945,960,rn1qk2r/pQ1b1ppp/3p1n2/2pP4/2P5/2N1B3/PP2PPPP/R3KBNR b KQkq - 0 9,d2e3
7,EulerE,itaduruYuuji,945,960,rn1qk2r/pQ1b1ppp/3p4/2pP4/2P3n1/2N1B3/PP2PPPP/R3KBNR w KQkq - 1 10,f6g4
7,EulerE,itaduruYuuji,945,960,Qn1qk2r/p2b1ppp/3p4/2pP4/2P3n1/2N1B3/PP2PPPP/R3KBNR b KQk - 0 10,b7a8
7,EulerE,itaduruYuuji,945,960,Qn1q1rk1/p2b1ppp/3p4/2pP4/2P3n1/2N1B3/PP2PPPP/R3KBNR w KQ - 1 11,e8g8
7,EulerE,itaduruYuuji,945,960,Qn1q1rk1/p2b1ppp/3p4/2pP4/2P3n1/2N1BN2/PP2PPPP/R3KB1R b KQ - 2 11,g1f3
7,EulerE,itaduruYuuji,945,960,Q2q1rk1/p2b1ppp/n2p4/2pP4/2P3n1/2N1BN2/PP2PPPP/R3KB1R w KQ - 3 12,b8a6
7,EulerE,itaduruYuuji,945,960,3Q1rk1/p2b1ppp/n2p4/2pP4/2P3n1/2N1BN2/PP2PPPP/R3KB1R b KQ - 0 12,a8d8
7,EulerE,itaduruYuuji,945,960,3r2k1/p2b1ppp/n2p4/2pP4/2P3n1/2N1BN2/PP2PPPP/R3KB1R w KQ - 0 13,f8d8
7,EulerE,itaduruYuuji,945,960,3r2k1/p2b1ppp/n2p4/2pP4/2P3n1/2N1BN2/PP2PPPP/2KR1B1R b - - 1 13,e1c1
7,EulerE,itaduruYuuji,945,960,3r2k1/p2b1ppp/3p4/2pP4/1nP3n1/2N1BN2/PP2PPPP/2KR1B1R w - - 2 14,a6b4
7,EulerE,itaduruYuuji,945,960,3r2k1/p2b1ppp/3p4/2pP2B1/1nP3n1/2N2N2/PP2PPPP/2KR1B1R b - - 3 14,e3g5
7,EulerE,itaduruYuuji,945,960,3r2k1/p2b2pp/3p1p2/2pP2B1/1nP3n1/2N2N2/PP2PPPP/2KR1B1R w - - 0 15,f7f6
7,EulerE,itaduruYuuji,945,960,3r2k1/p2b2pp/3p1p2/2pP2B1/1nP3n1/2N2N1P/PP2PPP1/2KR1B1R b - - 0 15,h2h3
7,EulerE,itaduruYuuji,945,960,3r2k1/p2b2pp/3p1p2/2pP2B1/1nP5/2N2N1P/PP2PnP1/2KR1B1R w - - 0 16,g4f2
7,EulerE,itaduruYuuji,945,960,3r2k1/p2b2pp/3p1p2/2pP2B1/1nP5/2N2N1P/PP2PnPR/2KR1B2 b - - 1 16,h1h2
7,EulerE,itaduruYuuji,945,960,3r2k1/p2b2pp/3p1p2/2pP2B1/1nP5/2N2N1P/PP2P1PR/2Kn1B2 w - - 0 17,f2d1
7,EulerE,itaduruYuuji,945,960,3r2k1/p2b2pp/3p1p2/2pP2B1/1nP5/5N1P/PP2P1PR/2KN1B2 b - - 0 17,c3d1
7,EulerE,itaduruYuuji,945,960,3r2k1/p2b2pp/3p4/2pP2p1/1nP5/5N1P/PP2P1PR/2KN1B2 w - - 0 18,f6g5
7,EulerE,itaduruYuuji,945,960,3r2k1/p2b2pp/3p4/2pP2N1/1nP5/7P/PP2P1PR/2KN1B2 b - - 0 18,f3g5
7,EulerE,itaduruYuuji,945,960,3r2k1/p2b2pp/3p4/2pP2N1/2P5/7P/nP2P1PR/2KN1B2 w - - 0 19,b4a2
7,EulerE,itaduruYuuji,945,960,3r2k1/p2b2pp/3p4/2pP2N1/2P5/7P/nP2P1PR/1K1N1B2 b - - 1 19,c1b1
7,EulerE,itaduruYuuji,945,960,3r2k1/p2b2pp/3p4/2pP2N1/1nP5/7P/1P2P1PR/1K1N1B2 w - - 2 20,a2b4
7,EulerE,itaduruYuuji,945,960,3r2k1/p2b2pp/3p4/2pP2N1/1nP3P1/7P/1P2P2R/1K1N1B2 b - - 0 20,g2g4
7,EulerE,itaduruYuuji,945,960,r5k1/p2b2pp/3p4/2pP2N1/1nP3P1/7P/1P2P2R/1K1N1B2 w - - 1 21,d8a8
7,EulerE,itaduruYuuji,945,960,r5k1/p2b2pp/3p4/2pP4/1nP1N1P1/7P/1P2P2R/1K1N1B2 b - - 2 21,g5e4
7,EulerE,itaduruYuuji,945,960,r5k1/p2b2p1/3p4/2pP3p/1nP1N1P1/7P/1P2P2R/1K1N1B2 w - - 0 22,h7h5
7,EulerE,itaduruYuuji,945,960,r5k1/p2b2p1/3N4/2pP3p/1nP3P1/7P/1P2P2R/1K1N1B2 b - - 0 22,e4d6
7,EulerE,itaduruYuuji,945,960,r5k1/p2b2p1/3N4/2pP4/1nP3p1/7P/1P2P2R/1K1N1B2 w - - 0 23,h5g4
7,EulerE,itaduruYuuji,945,960,r5k1/p2b2p1/3N4/2pP4/1nP3pP/8/1P2P2R/1K1N1B2 b - - 0 23,h3h4
7,EulerE,itaduruYuuji,945,960,r5k1/3b2p1/3N4/p1pP4/1nP3pP/8/1P2P2R/1K1N1B2 w - - 0 24,a7a5
7,EulerE,itaduruYuuji,945,960,r5k1/3b2p1/3N4/p1pP3P/1nP3p1/8/1P2P2R/1K1N1B2 b - - 0 24,h4h5
7,EulerE,itaduruYuuji,945,960,r5k1/3b2p1/3N4/2pP3P/pnP3p1/8/1P2P2R/1K1N1B2 w - - 0 25,a5a4
7,EulerE,itaduruYuuji,945,960,r5k1/3b2p1/8/1NpP3P/pnP3p1/8/1P2P2R/1K1N1B2 b - - 1 25,d6b5
7,EulerE,itaduruYuuji,945,960,r5k1/6p1/8/1NpP1b1P/pnP3p1/8/1P2P2R/1K1N1B2 w - - 2 26,d7f5
7,EulerE,itaduruYuuji,945,960,r5k1/6p1/8/1NpP1b1P/pnP3p1/8/1P2P2R/2KN1B2 b - - 3 26,b1c1
7,EulerE,itaduruYuuji,945,960,r5k1/6p1/8/1NpP1b1P/p1P3p1/8/nP2P2R/2KN1B2 w - - 4 27,b4a2
7,EulerE,itaduruYuuji,945,960,r5k1/6p1/8/1NpP1b1P/p1P3p1/8/nP1KP2R/3N1B2 b - - 5 27,c1d2
7,EulerE,itaduruYuuji,945,960,r5k1/6p1/8/1NpP1b1P/p1P5/6p1/nP1KP2R/3N1B2 w - - 0 28,g4g3
7,EulerE,itaduruYuuji,945,960,r5k1/6p1/8/1NpP1b1P/p1P5/6p1/nP1KP1R1/3N1B2 b - - 1 28,h2g2
7,EulerE,itaduruYuuji,945,960,r5k1/6p1/8/1NpP3P/p1P5/6pb/nP1KP1R1/3N1B2 w - - 2 29,f5h3
7,EulerE,itaduruYuuji,945,960,r5k1/6p1/8/1NpP3P/p1P5/6pb/nP1KP3/3N1BR1 b - - 3 29,g2g1
7,EulerE,itaduruYuuji,945,960,r5k1/6p1/8/1NpP3P/p1P5/6p1/nP1KP3/3N1bR1 w - - 0 30,h3f1
7,EulerE,itaduruYuuji,945,960,r5k1/6p1/8/1NpP3P/p1P5/6p1/nP1KP3/3N1R2 b - - 0 30,g1f1
7,EulerE,itaduruYuuji,945,960,5rk1/6p1/8/1NpP3P/p1P5/6p1/nP1KP3/3N1R2 w - - 1 31,a8f8
7,EulerE,itaduruYuuji,945,960,5Rk1/6p1/8/1NpP3P/p1P5/6p1/nP1KP3/3N4 b - - 0 31,f1f8
7,EulerE,itaduruYuuji,945,960,5k2/6p1/8/1NpP3P/p1P5/6p1/nP1KP3/3N4 w - - 0 32,g8f8
7,EulerE,itaduruYuuji,945,960,5k2/6p1/8/1NpP3P/p1P5/4N1p1/nP1KP3/8 b - - 1 32,d1e3
7,EulerE,itaduruYuuji,945,960,8/5kp1/8/1NpP3P/p1P5/4N1p1/nP1KP3/8 w - - 2 33,f8f7
7,EulerE,itaduruYuuji,945,960,8/5kp1/8/1NpP3P/p1P5/4N1p1/nP2P3/4K3 b - - 3 33,d2e1
7,EulerE,itaduruYuuji,945,960,8/5k2/8/1NpP2pP/p1P5/4N1p1/nP2P3/4K3 w - g6 0 34,g7g5
7,EulerE,itaduruYuuji,945,960,8/5k2/8/1NpP2pP/p1P5/4N1p1/nP2P3/5K2 b - - 1 34,e1f1
7,EulerE,itaduruYuuji,945,960,8/6k1/8/1NpP2pP/p1P5/4N1p1/nP2P3/5K2 w - - 2 35,f7g7
7,EulerE,itaduruYuuji,945,960,8/6k1/8/1NpP2pP/p1P5/4N1p1/nP2P1K1/8 b - - 3 35,f1g2
7,EulerE,itaduruYuuji,945,960,8/8/7k/1NpP2pP/p1P5/4N1p1/nP2P1K1/8 w - - 4 36,g7h6
7,EulerE,itaduruYuuji,945,960,8/8/7k/1NpP2pP/p1P5/4N1K1/nP2P3/8 b - - 0 36,g2g3
7,EulerE,itaduruYuuji,945,960,8/8/8/1NpP2pk/p1P5/4N1K1/nP2P3/8 w - - 0 37,h6h5
7,EulerE,itaduruYuuji,945,960,8/8/3P4/1Np3pk/p1P5/4N1K1/nP2P3/8 b - - 0 37,d5d6
7,EulerE,itaduruYuuji,945,960,8/8/3P2k1/1Np3p1/p1P5/4N1K1/nP2P3/8 w - - 1 38,h5g6
7,EulerE,itaduruYuuji,945,960,8/3P4/6k1/1Np3p1/p1P5/4N1K1/nP2P3/8 b - - 0 38,d6d7
7,EulerE,itaduruYuuji,945,960,8/3P4/6k1/1Np3p1/p1P5/4N1K1/1P2P3/2n5 w - - 1 39,a2c1
7,EulerE,itaduruYuuji,945,960,3Q4/8/6k1/1Np3p1/p1P5/4N1K1/1P2P3/2n5 b - - 0 39,d7d8q
7,EulerE,itaduruYuuji,945,960,3Q4/8/6k1/1Np3p1/p1P5/4N1K1/1P2n3/8 w - - 0 40,c1e2
7,EulerE,itaduruYuuji,945,960,3Q4/8/6k1/1Np3p1/p1P5/4N3/1P2nK2/8 b - - 1 40,g3f2
7,EulerE,itaduruYuuji,945,960,3Q4/8/6k1/1Np5/p1P3p1/4N3/1P2nK2/8 w - - 0 41,g5g4
7,EulerE,itaduruYuuji,945,960,3Q4/8/6k1/1Np5/p1P3N1/8/1P2nK2/8 b - - 0 41,e3g4
7,EulerE,itaduruYuuji,945,960,3Q4/8/6k1/1Np5/p1P2nN1/8/1P3K2/8 w - - 1 42,e2f4
7,EulerE,itaduruYuuji,945,960,8/8/3Q2k1/1Np5/p1P2nN1/8/1P3K2/8 b - - 2 42,d8d6
7,EulerE,itaduruYuuji,945,960,8/8/3Q4/1Np2k2/p1P2nN1/8/1P3K2/8 w - - 3 43,g6f5
7,EulerE,itaduruYuuji,945,960,8/8/3Q3N/1Np2k2/p1P2n2/8/1P3K2/8 b - - 4 43,g4h6
7,EulerE,itaduruYuuji,945,960,8/8/3Q3N/1Np5/p1P1kn2/8/1P3K2/8 w - - 5 44,f5e4
7,EulerE,itaduruYuuji,945,960,8/8/7N/1NQ5/p1P1kn2/8/1P3K2/8 b - - 0 44,d6c5
7,EulerE,itaduruYuuji,945,960,8/8/7N/1NQ5/p1P1k3/3n4/1P3K2/8 w - - 1 45,f4d3
7,EulerE,itaduruYuuji,945,960,8/8/7N/1NQ5/p1P1k3/3n4/1P2K3/8 b - - 2 45,f2e2
7,EulerE,itaduruYuuji,945,960,8/8/7N/1Nn5/p1P1k3/8/1P2K3/8 w - - 0 46,d3c5
7,EulerE,itaduruYuuji,945,960,8/8/3N3N/2n5/p1P1k3/8/1P2K3/8 b - - 1 46,b5d6
7,EulerE,itaduruYuuji,945,960,8/8/3N3N/2n5/p1Pk4/8/1P2K3/8 w - - 2 47,e4d4
7,EulerE,itaduruYuuji,945,960,8/8/3N4/2n2N2/p1Pk4/8/1P2K3/8 b - - 3 47,h6f5
7,EulerE,itaduruYuuji,945,960,8/8/3N4/2n1kN2/p1P5/8/1P2K3/8 w - - 4 48,d4e5
7,EulerE,itaduruYuuji,945,960,8/8/3N4/2n1kN2/p1P5/4K3/1P6/8 b - - 5 48,e2e3
7,EulerE,itaduruYuuji,945,960,8/8/3Nk3/2n2N2/p1P5/4K3/1P6/8 w - - 6 49,e5e6
7,EulerE,itaduruYuuji,945,960,8/8/3Nk3/2n2N2/p1PK4/8/1P6/8 b - - 7 49,e3d4
7,EulerE,itaduruYuuji,945,960,8/8/3Nk3/5N2/p1PK4/1n6/1P6/8 w - - 8 50,c5b3
7,EulerE,itaduruYuuji,945,960,8/8/3Nk3/5N2/p1P1K3/1n6/1P6/8 b - - 9 50,d4e4
7,EulerE,itaduruYuuji,945,960,8/3k4/3N4/5N2/p1P1K3/1n6/1P6/8 w - - 10 51,e6d7
7,EulerE,itaduruYuuji,945,960,8/3k4/3N4/3K1N2/p1P5/1n6/1P6/8 b - - 11 51,e4d5
7,EulerE,itaduruYuuji,945,960,8/2k5/3N4/3K1N2/p1P5/1n6/1P6/8 w - - 12 52,d7c7
7,EulerE,itaduruYuuji,945,960,8/2k5/3N4/2PK1N2/p7/1n6/1P6/8 b - - 0 52,c4c5
7,EulerE,itaduruYuuji,945,960,8/3k4/3N4/2PK1N2/p7/1n6/1P6/8 w - - 1 53,c7d7
7,EulerE,itaduruYuuji,945,960,8/3k4/2PN4/3K1N2/p7/1n6/1P6/8 b - - 0 53,c5c6
7,EulerE,itaduruYuuji,945,960,8/2k5/2PN4/3K1N2/p7/1n6/1P6/8 w - - 1 54,d7c7
7,EulerE,itaduruYuuji,945,960,8/2k5/2PN4/3K4/p2N4/1n6/1P6/8 b - - 2 54,f5d4
7,EulerE,itaduruYuuji,945,960,8/2k5/2PN4/3K4/p2n4/8/1P6/8 w - - 0 55,b3d4
7,EulerE,itaduruYuuji,945,960,8/2k5/2PN4/8/p2K4/8/1P6/8 b - - 0 55,d5d4
7,EulerE,itaduruYuuji,945,960,8/8/2kN4/8/p2K4/8/1P6/8 w - - 0 56,c7c6
7,EulerE,itaduruYuuji,945,960,8/8/2kN4/8/p1K5/8/1P6/8 b - - 1 56,d4c4
7,EulerE,itaduruYuuji,945,960,8/8/3k4/8/p1K5/8/1P6/8 w - - 0 57,c6d6
7,EulerE,itaduruYuuji,945,960,8/8/3k4/8/pK6/8/1P6/8 b - - 1 57,c4b4
7,EulerE,itaduruYuuji,945,960,8/8/8/3k4/pK6/8/1P6/8 w - - 2 58,d6d5
7,EulerE,itaduruYuuji,945,960,8/8/8/3k4/K7/8/1P6/8 b - - 0 58,b4a4
7,EulerE,itaduruYuuji,945,960,8/8/8/8/K1k5/8/1P6/8 w - - 1 59,d5c4
7,EulerE,itaduruYuuji,945,960,8/8/8/8/KPk5/8/8/8 b - - 0 59,b2b4
7,EulerE,itaduruYuuji,945,960,8/8/8/8/KP6/2k5/8/8 w - - 1 60,c4c3
7,EulerE,itaduruYuuji,945,960,8/8/8/1P6/K7/2k5/8/8 b - - 0 60,b4b5
7,EulerE,itaduruYuuji,945,960,8/8/8/1P6/K1k5/8/8/8 w - - 1 61,c3c4
7,EulerE,itaduruYuuji,945,960,8/8/1P6/8/K1k5/8/8/8 b - - 0 61,b5b6
7,EulerE,itaduruYuuji,945,960,8/8/1P6/2k5/K7/8/8/8 w - - 1 62,c4c5
7,EulerE,itaduruYuuji,945,960,8/1P6/8/2k5/K7/8/8/8 b - - 0 62,b6b7
7,EulerE,itaduruYuuji,945,960,8/1P6/2k5/8/K7/8/8/8 w - - 1 63,c5c6
7,EulerE,itaduruYuuji,945,960,1Q6/8/2k5/8/K7/8/8/8 b - - 0 63,b7b8q
7,EulerE,itaduruYuuji,945,960,1Q6/3k4/8/8/K7/8/8/8 w - - 1 64,c6d7
7,EulerE,itaduruYuuji,945,960,1Q6/3k4/8/1K6/8/8/8/8 b - - 2 64,a4b5
7,EulerE,itaduruYuuji,945,960,1Q6/8/4k3/1K6/8/8/8/8 w - - 3 65,d7e6
7,EulerE,itaduruYuuji,945,960,8/2Q5/4k3/1K6/8/8/8/8 b - - 4 65,b8c7
7,EulerE,itaduruYuuji,945,960,8/2Q5/8/1K3k2/8/8/8/8 w - - 5 66,e6f5
7,EulerE,itaduruYuuji,945,960,8/8/3Q4/1K3k2/8/8/8/8 b - - 6 66,c7d6
7,EulerE,itaduruYuuji,945,960,8/8/3Q4/1K6/4k3/8/8/8 w - - 7 67,f5e4
7,EulerE,itaduruYuuji,945,960,8/8/8/1KQ5/4k3/8/8/8 b - - 8 67,d6c5
7,EulerE,itaduruYuuji,945,960,8/8/8/1KQ5/8/3k4/8/8 w - - 9 68,e4d3
7,EulerE,itaduruYuuji,945,960,8/8/8/K1Q5/8/3k4/8/8 b - - 10 68,b5a5
7,EulerE,itaduruYuuji,945,960,8/8/8/K1Q5/4k3/8/8/8 w - - 11 69,d3e4
7,EulerE,itaduruYuuji,945,960,8/8/8/1KQ5/4k3/8/8/8 b - - 12 69,a5b5
7,EulerE,itaduruYuuji,945,960,8/8/8/1KQ5/5k2/8/8/8 w - - 13 70,e4f4
7,EulerE,itaduruYuuji,945,960,8/8/2K5/2Q5/5k2/8/8/8 b - - 14 70,b5c6
7,EulerE,itaduruYuuji,945,960,8/8/2K5/2Q5/4k3/8/8/8 w - - 15 71,f4e4
7,EulerE,itaduruYuuji,945,960,8/8/3K4/2Q5/4k3/8/8/8 b - - 16 71,c6d6
7,EulerE,itaduruYuuji,945,960,8/8/3K4/2Q5/8/3k4/8/8 w - - 17 72,e4d3
7,EulerE,itaduruYuuji,945,960,8/8/8/2Q1K3/8/3k4/8/8 b - - 18 72,d6e5
7,EulerE,itaduruYuuji,945,960,8/8/8/2Q1K3/8/8/3k4/8 w - - 19 73,d3d2
7,EulerE,itaduruYuuji,945,960,8/8/8/4K3/2Q5/8/3k4/8 b - - 20 73,c5c4
7,EulerE,itaduruYuuji,945,960,8/8/8/4K3/2Q5/4k3/8/8 w - - 21 74,d2e3
7,EulerE,itaduruYuuji,945,960,8/8/8/5K2/2Q5/4k3/8/8 b - - 22 74,e5f5
7,EulerE,itaduruYuuji,945,960,8/8/8/5K2/2Q5/5k2/8/8 w - - 23 75,e3f3
7,EulerE,itaduruYuuji,945,960,8/8/8/5K2/5Q2/5k2/8/8 b - - 24 75,c4f4
7,EulerE,itaduruYuuji,945,960,8/8/8/5K2/5Q2/8/4k3/8 w - - 25 76,f3e2
7,EulerE,itaduruYuuji,945,960,8/8/8/8/4KQ2/8/4k3/8 b - - 26 76,f5e4
7,EulerE,itaduruYuuji,945,960,8/8/8/8/4KQ2/8/8/3k4 w - - 27 77,e2d1
7,EulerE,itaduruYuuji,945,960,8/8/8/8/4K3/8/5Q2/3k4 b - - 28 77,f4f2
7,EulerE,itaduruYuuji,945,960,8/8/8/8/4K3/8/5Q2/2k5 w - - 29 78,d1c1
7,EulerE,itaduruYuuji,945,960,8/8/8/8/4K3/8/4Q3/2k5 b - - 30 78,f2e2
7,EulerE,itaduruYuuji,945,960,8/8/8/8/4K3/8/4Q3/1k6 w - - 31 79,c1b1
7,EulerE,itaduruYuuji,945,960,8/8/8/8/4K3/8/3Q4/1k6 b - - 32 79,e2d2
7,EulerE,itaduruYuuji,945,960,8/8/8/8/4K3/8/3Q4/k7 w - - 33 80,b1a1
7,EulerE,itaduruYuuji,945,960,8/8/8/8/4K3/8/2Q5/k7 b - - 34 80,d2c2
8,Otopping,EulerE,1001,954,rnbqkbnr/pppppppp/8/8/4P3/8/PPPP1PPP/RNBQKBNR b KQkq - 0 1,e2e4
8,Otopping,EulerE,1001,954,rnbqkbnr/pppp1ppp/8/4p3/4P3/8/PPPP1PPP/RNBQKBNR w KQkq - 0 2,e7e5
8,Otopping,EulerE,1001,954,rnbqkbnr/pppp1ppp/8/4p3/4P3/2N5/PPPP1PPP/R1BQKBNR b KQkq - 1 2,b1c3
8,Otopping,EulerE,1001,954,rnbqkb1r/pppp1ppp/5n2/4p3/4P3/2N5/PPPP1PPP/R1BQKBNR w KQkq - 2 3,g8f6
8,Otopping,EulerE,1001,954,rnbqkb1r/pppp1ppp/5n2/4p3/4PP2/2N5/PPPP2PP/R1BQKBNR b KQkq - 0 3,f2f4
8,Otopping,EulerE,1001,954,rnbqkb1r/ppp2ppp/3p1n2/4p3/4PP2/2N5/PPPP2PP/R1BQKBNR w KQkq - 0 4,d7d6
8,Otopping,EulerE,1001,954,rnbqkb1r/ppp2ppp/3p1n2/4P3/4P3/2N5/PPPP2PP/R1BQKBNR b KQkq - 0 4,f4e5
8,Otopping,EulerE,1001,954,rnbqkb1r/ppp2ppp/5n2/4p3/4P3/2N5/PPPP2PP/R1BQKBNR w KQkq - 0 5,d6e5
8,Otopping,EulerE,1001,954,rnbqkb1r/ppp2ppp/5n2/4p3/4P3/2N2N2/PPPP2PP/R1BQKB1R b KQkq - 1 5,g1f3
8,Otopping,EulerE,1001,954,r1bqkb1r/ppp2ppp/2n2n2/4p3/4P3/2N2N2/PPPP2PP/R1BQKB1R w KQkq - 2 6,b8c6
8,Otopping,EulerE,1001,954,r1bqkb1r/ppp2ppp/2n2n2/1B2p3/4P3/2N2N2/PPPP2PP/R1BQK2R b KQkq - 3 6,f1b5
8,Otopping,EulerE,1001,954,r1bqk2r/ppp2ppp/2nb1n2/1B2p3/4P3/2N2N2/PPPP2PP/R1BQK2R w KQkq - 4 7,f8d6
8,Otopping,EulerE,1001,954,r1bqk2r/ppp2ppp/2Bb1n2/4p3/4P3/2N2N2/PPPP2PP/R1BQK2R b KQkq - 0 7,b5c6
8,Otopping,EulerE,1001,954,r1bqk2r/p1p2ppp/2pb1n2/4p3/4P3/2N2N2/PPPP2PP/R1BQK2R w KQkq - 0 8,b7c6
8,Otopping,EulerE,1001,954,r1bqk2r/p1p2ppp/2pb1n2/4p3/3PP3/2N2N2/PPP3PP/R1BQK2R b KQkq - 0 8,d2d4
8,Otopping,EulerE,1001,954,r2qk2r/p1p2ppp/2pb1n2/4p3/3PP1b1/2N2N2/PPP3PP/R1BQK2R w KQkq - 1 9,c8g4
8,Otopping,EulerE,1001,954,r2qk2r/p1p2ppp/2pb1n2/4p3/3PP1b1/2NQ1N2/PPP3PP/R1B1K2R b KQkq - 2 9,d1d3
8,Otopping,EulerE,1001,954,r2q1rk1/p1p2ppp/2pb1n2/4p3/3PP1b1/2NQ1N2/PPP3PP/R1B1K2R w KQ - 3 10,e8g8
8,Otopping,EulerE,1001,954,r2q1rk1/p1p2ppp/2pb1n2/4P3/4P1b1/2NQ1N2/PPP3PP/R1B1K2R b KQ - 0 10,d4e5
8,Otopping,EulerE,1001,954,r2q1rk1/p1p2ppp/2pb1n2/4P3/4P3/2NQ1b2/PPP3PP/R1B1K2R w KQ - 0 11,g4f3
8,Otopping,EulerE,1001,954,r2q1rk1/p1p2ppp/2pb1n2/4P3/4P3/2NQ1P2/PPP4P/R1B1K2R b KQ - 0 11,g2f3
8,Otopping,EulerE,1001,954,r2q1rk1/p1p2ppp/2p2n2/4b3/4P3/2NQ1P2/PPP4P/R1B1K2R w KQ - 0 12,d6e5
8,Otopping,EulerE,1001,954,r2q1rk1/p1p2ppp/2p2n2/4b3/4P3/2N1QP2/PPP4P/R1B1K2R b KQ - 1 12,d3e3
8,Otopping,EulerE,1001,954,r2q1rk1/p1p2ppp/2p2n2/8/3bP3/2N1QP2/PPP4P/R1B1K2R w KQ - 2 13,e5d4
8,Otopping,EulerE,1001,954,r2q1rk1/p1p2ppp/2p2n2/8/3bP3/2NQ1P2/PPP4P/R1B1K2R b KQ - 3 13,e3d3
8,Otopping,EulerE,1001,954,r2q1rk1/p1p2ppp/2p5/7n/3bP3/2NQ1P2/PPP4P/R1B1K2R w KQ - 4 14,f6h5
8,Otopping,EulerE,1001,954,r2q1rk1/p1p2ppp/2p5/7n/3bP3/3Q1P2/PPP1N2P/R1B1K2R b KQ - 5 14,c3e2
8,Otopping,EulerE,1001,954,r2q1rk1/p1p2ppp/1bp5/7n/4P3/3Q1P2/PPP1N2P/R1B1K2R w KQ - 6 15,d4b6
8,Otopping,EulerE,1001,954,r2q1rk1/p1p2ppp/1bp5/7n/4P3/3QBP2/PPP1N2P/R3K2R b KQ - 7 15,c1e3
8,Otopping,EulerE,1001,954,r4rk1/p1p2ppp/1bp5/7n/4P3/3qBP2/PPP1N2P/R3K2R w KQ - 0 16,d8d3
8,Otopping,EulerE,1001,954,r4rk1/p1p2ppp/1bp5/7n/4P3/3PBP2/PP2N2P/R3K2R b KQ - 0 16,c2d3
8,Otopping,EulerE,1001,954,r4rk1/p1p2ppp/2p5/7n/4P3/3PbP2/PP2N2P/R3K2R w KQ - 0 17,b6e3
8,Otopping,EulerE,1001,954,r4rk1/p1p2ppp/2p5/7n/4P3/3PbP2/PP2N2P/R3KR2 b Q - 1 17,h1f1
8,Otopping,EulerE,1001,954,r4rk1/p1p2ppp/2p5/8/4Pn2/3PbP2/PP2N2P/R3KR2 w Q - 2 18,h5f4
8,Otopping,EulerE,1001,954,r4rk1/p1p2ppp/2p5/8/4PN2/3PbP2/PP5P/R3KR2 b Q - 0 18,e2f4
8,Otopping,EulerE,1001,954,r4rk1/p1p2ppp/2p5/8/4Pb2/3P1P2/PP5P/R3KR2 w Q - 0 19,e3f4
8,Otopping,EulerE,1001,954,r4rk1/p1p2ppp/2p5/8/4Pb2/3P1P1P/PP6/R3KR2 b Q - 0 19,h2h3
8,Otopping,EulerE,1001,954,r4rk1/p1p2ppp/2p5/4b3/4P3/3P1P1P/PP6/R3KR2 w Q - 1 20,f4e5
8,Otopping,EulerE,1001,954,r4rk1/p1p2ppp/2p5/4b3/4PP2/3P3P/PP6/R3KR2 b Q - 0 20,f3f4
8,Otopping,EulerE,1001,954,r4rk1/p1p2ppp/2p5/8/3bPP2/3P3P/PP6/R3KR2 w Q - 1 21,e5d4
8,Otopping,EulerE,1001,954,r4rk1/p1p2ppp/2p5/8/3bPP2/3P3P/PP6/1R2KR2 b - - 2 21,a1b1
8,Otopping,EulerE,1001,954,r2r2k1/p1p2ppp/2p5/8/3bPP2/3P3P/PP6/1R2KR2 w - - 3 22,f8d8
8,Otopping,EulerE,1001,954,r2r2k1/p1p2ppp/2p5/8/3bPP2/1P1P3P/P7/1R2KR2 b - - 0 22,b2b3
8,Otopping,EulerE,1001,954,r2r2k1/p1p2ppp/1bp5/8/4PP2/1P1P3P/P7/1R2KR2 w - - 1 23,d4b6
8,Otopping,EulerE,1001,954,r2r2k1/p1p2ppp/1bp5/8/4PP2/1P1P3P/P3K3/1R3R2 b - - 2 23,e1e2
8,Otopping,EulerE,1001,954,r5k1/p1pr1ppp/1bp5/8/4PP2/1P1P3P/P3K3/1R3R2 w - - 3 24,d8d7
8,Otopping,EulerE,1001,954,r5k1/p1pr1ppp/1bp5/8/4PP2/1P1P3P/P3K3/2R2R2 b - - 4 24,b1c1
8,Otopping,EulerE,1001,954,3r2k1/p1pr1ppp/1bp5/8/4PP2/1P1P3P/P3K3/2R2R2 w - - 5 25,a8d8
8,Otopping,EulerE,1001,954,3r2k1/p1pr1ppp/1bp5/8/4PP2/1P1P1R1P/P3K3/2R5 b - - 6 25,f1f3
8,Otopping,EulerE,1001,954,3r2k1/p1pr1ppp/1b6/2p5/4PP2/1P1P1R1P/P3K3/2R5 w - - 0 26,c6c5
8,Otopping,EulerE,1001,954,3r2k1/p1pr1ppp/1b6/2p5/4PP2/PP1P1R1P/4K3/2R5 b - - 0 26,a2a3
8,Otopping,EulerE,1001,954,3r2k1/p1pr2pp/1b3p2/2p5/4PP2/PP1P1R1P/4K3/2R5 w - - 0 27,f7f6
8,Otopping,EulerE,1001,954,3r2k1/p1pr2pp/1b3p2/2p2P2/4P3/PP1P1R1P/4K3/2R5 b - - 0 27,f4f5
8,Otopping,EulerE,1001,954,3r4/p1pr1kpp/1b3p2/2p2P2/4P3/PP1P1R1P/4K3/2R5 w - - 1 28,g8f7
8,Otopping,EulerE,1001,954,3r4/p1pr1kpp/1b3p2/2p2P2/1P2P3/P2P1R1P/4K3/2R5 b - - 0 28,b3b4
8,Otopping,EulerE,1001,954,3r4/p1pr1kpp/1b3p2/5P2/1p2P3/P2P1R1P/4K3/2R5 w - - 0 29,c5b4
8,Otopping,EulerE,1001,954,3r4/p1pr1kpp/1b3p2/5P2/1P2P3/3P1R1P/4K3/2R5 b - - 0 29,a3b4
8,Otopping,EulerE,1001,954,3r4/p1pr1k1p/1b3pp1/5P2/1P2P3/3P1R1P/4K3/2R5 w - - 0 30,g7g6
8,Otopping,EulerE,1001,954,3r4/p1pr1k1p/1b3pP1/8/1P2P3/3P1R1P/4K3/2R5 b - - 0 30,f5g6
8,Otopping,EulerE,1001,954,3r4/p1pr1k2/1b3pp1/8/1P2P3/3P1R1P/4K3/2R5 w - - 0 31,h7g6
8,Otopping,EulerE,1001,954,3r4/p1pr1k2/1b3pp1/8/1P2P2P/3P1R2/4K3/2R5 b - - 0 31,h3h4
8,Otopping,EulerE,1001,954,7r/p1pr1k2/1b3pp1/8/1P2P2P/3P1R2/4K3/2R5 w - - 1 32,d8h8
8,Otopping,EulerE,1001,954,7r/p1pr1k2/1b3pp1/8/1P2P2P/3P3R/4K3/2R5 b - - 2 32,f3h3
8,Otopping,EulerE,1001,954,7r/p1pr1k2/1b3p2/6p1/1P2P2P/3P3R/4K3/2R5 w - - 0 33,g6g5
8,Otopping,EulerE,1001,954,7r/p1pr1k2/1b3p2/6pP/1P2P3/3P3R/4K3/2R5 b - - 0 33,h4h5
8,Otopping,EulerE,1001,954,7r/p1pr2k1/1b3p2/6pP/1P2P3/3P3R/4K3/2R5 w - - 1 34,f7g7
8,Otopping,EulerE,1001,954,7r/p1pr2k1/1b3p1P/6p1/1P2P3/3P3R/4K3/2R5 b - - 0 34,h5h6
8,Otopping,EulerE,1001,954,8/p1pr2k1/1b3p1r/6p1/1P2P3/3P3R/4K3/2R5 w - - 0 35,h8h6
8,Otopping,EulerE,1001,954,8/p1pr2k1/1b3p1R/6p1/1P2P3/3P4/4K3/2R5 b - - 0 35,h3h6
8,Otopping,EulerE,1001,954,8/p1pr4/1b3p1k/6p1/1P2P3/3P4/4K3/2R5 w - - 0 36,g7h6
8,Otopping,EulerE,1001,954,8/p1pr4/1b3p1k/6p1/1P2P3/3P4/4K3/7R b - - 1 36,c1h1
8,Otopping,EulerE,1001,954,8/p1pr4/1b3pk1/6p1/1P2P3/3P4/4K3/7R w - - 2 37,h6g6
8,Otopping,EulerE,1001,954,8/p1pr4/1b3pk1/6p1/1P2P3/3P4/4K3/R7 b - - 3 37,h1a1
8,Otopping,EulerE,1001,954,8/p1pr4/1b4k1/5pp1/1P2P3/3P4/4K3/R7 w - - 0 38,f6f5
8,Otopping,EulerE,1001,954,8/p1pr4/1b4k1/5Pp1/1P6/3P4/4K3/R7 b - - 0 38,e4f5
8,Otopping,EulerE,1001,954,8/p1pr4/1b6/5kp1/1P6/3P4/4K3/R7 w - - 0 39,g6f5
8,Otopping,EulerE,1001,954,8/p1pr4/1b6/5kp1/1P6/3P4/3K4/R7 b - - 1 39,e2d2
8,Otopping,EulerE,1001,954,8/p1pr4/1b6/5k2/1P4p1/3P4/3K4/R7 w - - 0 40,g5g4
8,Otopping,EulerE,1001,954,8/p1pr4/1b6/5k2/1P4p1/3P4/3K4/5R2 b - - 1 40,a1f1
8,Otopping,EulerE,1001,954,8/p1pr4/1b6/6k1/1P4p1/3P4/3K4/5R2 w - - 2 41,f5g5
8,Otopping,EulerE,1001,954,8/p1pr4/1b6/6k1/1P4p1/3P4/4K3/5R2 b - - 3 41,d2e2
8,Otopping,EulerE,1001,954,8/p1p1r3/1b6/6k1/1P4p1/3P4/4K3/5R2 w - - 4 42,d7e7
8,Otopping,EulerE,1001,954,8/p1p1r3/1b6/6k1/1P4p1/3P4/3K4/5R2 b - - 5 42,e2d2
8,Otopping,EulerE,1001,954,8/p1p1r3/1b6/6k1/1P6/3P2p1/3K4/5R2 w - - 0 43,g4g3
8,Otopping,EulerE,1001,954,8/p1p1r3/1b6/6k1/1P6/3P2p1/3K4/6R1 b - - 1 43,f1g1
8,Otopping,EulerE,1001,954,8/p1p1r3/1b6/8/1P5k/3P2p1/3K4/6R1 w - - 2 44,g5h4
8,Otopping,EulerE,1001,954,8/p1p1r3/1b6/8/1P5k/3P2p1/3K4/7R b - - 3 44,g1h1
8,Otopping,EulerE,1001,954,8/p1p1r3/1b6/8/1P4k1/3P2p1/3K4/7R w - - 4 45,h4g4
8,Otopping,EulerE,1001,954,8/p1p1r3/1b6/8/1P4k1/3P2p1/3K4/6R1 b - - 5 45,h1g1
8,Otopping,EulerE,1001,954,8/p1p1r3/8/8/1P4k1/3P2p1/3K4/6b1 w - - 0 46,b6g1
8,Otopping,EulerE,1001,954,8/p1p1r3/8/8/1P1P2k1/6p1/3K4/6b1 b - - 0 46,d3d4
8,Otopping,EulerE,1001,954,8/p1p1r3/8/8/1P1P2k1/8/3K2p1/6b1 w - - 0 47,g3g2
8,Otopping,EulerE,1001,954,8/p1p1r3/8/3P4/1P4k1/8/3K2p1/6b1 b - - 0 47,d4d5
8,Otopping,EulerE,1001,954,8/p1p1r3/8/3P4/1P4k1/4b3/3K2p1/8 w - - 1 48,g1e3
8,Otopping,EulerE,1001,954,8/p1p1r3/8/3P4/1P4k1/3Kb3/6p1/8 b - - 2 48,d2d3
8,Otopping,EulerE,1001,954,8/p1p1r3/8/3P4/1P4k1/3Kb3/8/6q1 w - - 0 49,g2g1q
8,Otopping,EulerE,1001,954,8/p1p1r3/3P4/8/1P4k1/3Kb3/8/6q1 b - - 0 49,d5d6
8,Otopping,EulerE,1001,954,8/p1p1r3/3P4/8/1P4k1/3Kb3/8/3q4 w - - 1 50,g1d1
8,Otopping,EulerE,1001,954,8/p1p1r3/3P4/8/1PK3k1/4b3/8/3q4 b - - 2 50,d3c4
8,Otopping,EulerE,1001,954,8/p1p1r3/3P4/8/1PKq2k1/4b3/8/8 w - - 3 51,d1d4
8,Otopping,EulerE,1001,954,8/p1p1r3/3P4/1K6/1P1q2k1/4b3/8/8 b - - 4 51,c4b5
8,Otopping,EulerE,1001,954,8/p1p1r3/1q1P4/1K6/1P4k1/4b3/8/8 w - - 5 52,d4b6
8,Otopping,EulerE,1001,954,8/p1p1r3/1q1P4/8/1PK3k1/4b3/8/8 b - - 6 52,b5c4
8,Otopping,EulerE,1001,954,8/p1p5/1q1P4/8/1PK1r1k1/4b3/8/8 w - - 7 53,e7e4
8,Otopping,EulerE,1001,954,8/p1p5/1q1P4/3K4/1P2r1k1/4b3/8/8 b - - 8 53,c4d5
8,Otopping,EulerE,1001,954,8/p1p5/3P4/3K4/1P1qr1k1/4b3/8/8 w - - 9 54,b6d4
8,Otopping,EulerE,1001,954,8/p1p5/2KP4/8/1P1qr1k1/4b3/8/8 b - - 10 54,d5c6
8,Otopping,EulerE,1001,954,8/p1p5/2Kq4/8/1P2r1k1/4b3/8/8 w - - 0 55,d4d6
8,Otopping,EulerE,1001,954,8/p1p5/3q4/1K6/1P2r1k1/4b3/8/8 b - - 1 55,c6b5
8,Otopping,EulerE,1001,954,8/p1p5/8/1K6/1q2r1k1/4b3/8/8 w - - 0 56,d6b4
8,Otopping,EulerE,1001,954,8/p1p5/2K5/8/1q2r1k1/4b3/8/8 b - - 1 56,b5c6
8,Otopping,EulerE,1001,954,8/p1p5/2K5/2q5/4r1k1/4b3/8/8 w - - 2 57,b4c5
8,Otopping,EulerE,1001,954,8/p1pK4/8/2q5/4r1k1/4b3/8/8 b - - 3 57,c6d7
8,Otopping,EulerE,1001,954,8/p1pK4/8/2q5/3r2k1/4b3/8/8 w - - 4 58,e4d4
8,Otopping,EulerE,1001,954,8/p1p5/4K3/2q5/3r2k1/4b3/8/8 b - - 5 58,d7e6
8,Otopping,EulerE,1001,954,8/p1p5/4K3/4q3/3r2k1/4b3/8/8 w - - 6 59,c5e5
8,Otopping,EulerE,1001,954,8/p1p5/8/4K3/3r2k1/4b3/8/8 b - - 0 59,e6e5
8,Otopping,EulerE,1001,954,8/2p5/8/p3K3/3r2k1/4b3/8/8 w - - 0 60,a7a5
8,Otopping,EulerE,1001,954,8/2p5/4K3/p7/3r2k1/4b3/8/8 b - - 1 60,e5e6
8,Otopping,EulerE,1001,954,8/2p5/4K3/8/p2r2k1/4b3/8/8 w - - 0 61,a5a4
8,Otopping,EulerE,1001,954,8/2p5/8/4K3/p2r2k1/4b3/8/8 b - - 1 61,e6e5
8,Otopping,EulerE,1001,954,8/8/8/2p1K3/p2r2k1/4b3/8/8 w - - 0 62,c7c5
8,Otopping,EulerE,1001,954,8/8/4K3/2p5/p2r2k1/4b3/8/8 b - - 1 62,e5e6
8,Otopping,EulerE,1001,954,8/8/4K3/8/p1pr2k1/4b3/8/8 w - - 0 63,c5c4
8,Otopping,EulerE,1001,954,8/8/8/4K3/p1pr2k1/4b3/8/8 b - - 1 63,e6e5
8,Otopping,EulerE,1001,954,8/8/8/4K3/p2r2k1/2p1b3/8/8 w - - 0 64,c4c3
8,Otopping,EulerE,1001,954,8/8/4K3/8/p2r2k1/2p1b3/8/8 b - - 1 64,e5e6
8,Otopping,EulerE,1001,954,8/8/4K3/8/p2r2k1/4b3/2p5/8 w - - 0 65,c3c2
8,Otopping,EulerE,1001,954,8/8/5K2/8/p2r2k1/4b3/2p5/8 b - - 1 65,e6f6
8,Otopping,EulerE,1001,954,8/8/5K2/8/p2r2k1/4b3/8/2q5 w - - 0 66,c2c1q
8,Otopping,EulerE,1001,954,8/8/8/4K3/p2r2k1/4b3/8/2q5 b - - 1 66,f6e5
8,Otopping,EulerE,1001,954,8/8/8/4K3/3r2k1/p3b3/8/2q5 w - - 0 67,a4a3
8,Otopping,EulerE,1001,954,8/8/4K3/8/3r2k1/p3b3/8/2q5 b - - 1 67,e5e6
8,Otopping,EulerE,1001,954,8/8/4K3/8/3r2k1/4b3/p7/2q5 w - - 0 68,a3a2
8,Otopping,EulerE,1001,954,8/8/8/4K3/3r2k1/4b3/p7/2q5 b - - 1 68,e6e5
8,Otopping,EulerE,1001,954,8/8/8/4K3/3r2k1/4b3/8/q1q5 w - - 0 69,a2a1q
8,Otopping,EulerE,1001,954,8/8/4K3/8/3r2k1/4b3/8/q1q5 b - - 1 69,e5e6
8,Otopping,EulerE,1001,954,8/8/q3K3/8/3r2k1/4b3/8/2q5 w - - 2 70,a1a6
8,Otopping,EulerE,1001,954,8/8/q7/4K3/3r2k1/4b3/8/2q5 b - - 3 70,e6e5
8,Otopping,EulerE,1001,954,8/8/q7/2q1K3/3r2k1/4b3/8/8 w - - 4 71,c1c5
9,EulerE,gargalonbofa,962,929,rnbqkbnr/pppppppp/8/8/3P4/8/PPP1PPPP/RNBQKBNR b KQkq - 0 1,d2d4
9,EulerE,gargalonbofa,962,929,rnbqkbnr/ppp1pppp/8/3p4/3P4/8/PPP1PPPP/RNBQKBNR w KQkq - 0 2,d7d5
9,EulerE,gargalonbofa,962,929,rnbqkbnr/ppp1pppp/8/3p4/2PP4/8/PP2PPPP/RNBQKBNR b KQkq - 0 2,c2c4
9,EulerE,gargalonbofa,962,929,rnbqkb1r/ppp1pppp/5n2/3p4/2PP4/8/PP2PPPP/RNBQKBNR w KQkq - 1 3,g8f6
9,EulerE,gargalonbofa,962,929,rnbqkb1r/ppp1pppp/5n2/3p4/2PP4/2N5/PP2PPPP/R1BQKBNR b KQkq - 2 3,b1c3
9,EulerE,gargalonbofa,962,929,rnbqkb1r/ppp2ppp/4pn2/3p4/2PP4/2N5/PP2PPPP/R1BQKBNR w KQkq - 0 4,e7e6
9,EulerE,gargalonbofa,962,929,rnbqkb1r/ppp2ppp/4pn2/3p2B1/2PP4/2N5/PP2PPPP/R2QKBNR b KQkq - 1 4,c1g5
9,EulerE,gargalonbofa,962,929,rnbqk2r/ppp1bppp/4pn2/3p2B1/2PP4/2N5/PP2PPPP/R2QKBNR w KQkq - 2 5,f8e7
9,EulerE,gargalonbofa,962,929,rnbqk2r/ppp1bppp/4pn2/3p2B1/2PP4/2N2N2/PP2PPPP/R2QKB1R b KQkq - 3 5,g1f3
9,EulerE,gargalonbofa,962,929,rnbqk2r/ppp1bpp1/4pn1p/3p2B1/2PP4/2N2N2/PP2PPPP/R2QKB1R w KQkq - 0 6,h7h6
9,EulerE,gargalonbofa,962,929,rnbqk2r/ppp1bpp1/4pB1p/3p4/2PP4/2N2N2/PP2PPPP/R2QKB1R b KQkq - 0 6,g5f6
9,EulerE,gargalonbofa,962,929,rnbqk2r/ppp2pp1/4pb1p/3p4/2PP4/2N2N2/PP2PPPP/R2QKB1R w KQkq - 0 7,e7f6
9,EulerE,gargalonbofa,962,929,rnbqk2r/ppp2pp1/4pb1p/3p4/2PP4/2N2NP1/PP2PP1P/R2QKB1R b KQkq - 0 7,g2g3
9,EulerE,gargalonbofa,962,929,rnbq1rk1/ppp2pp1/4pb1p/3p4/2PP4/2N2NP1/PP2PP1P/R2QKB1R w KQ - 1 8,e8g8
9,EulerE,gargalonbofa,962,929,rnbq1rk1/ppp2pp1/4pb1p/3p4/2PP4/2N2NP1/PP2PPBP/R2QK2R b KQ - 2 8,f1g2
9,EulerE,gargalonbofa,962,929,rnbq1rk1/ppp2pp1/4pb1p/8/2pP4/2N2NP1/PP2PPBP/R2QK2R w KQ - 0 9,d5c4
9,EulerE,gargalonbofa,962,929,rnbq1rk1/ppp2pp1/4pb1p/4N3/2pP4/2N3P1/PP2PPBP/R2QK2R b KQ - 1 9,f3e5
9,EulerE,gargalonbofa,962,929,rnbq1rk1/ppp2pp1/4p2p/4b3/2pP4/2N3P1/PP2PPBP/R2QK2R w KQ - 0 10,f6e5
9,EulerE,gargalonbofa,962,929,rnbq1rk1/ppp2pp1/4p2p/4P3/2p5/2N3P1/PP2PPBP/R2QK2R b KQ - 0 10,d4e5
9,EulerE,gargalonbofa,962,929,rnbq1rk1/pp3pp1/2p1p2p/4P3/2p5/2N3P1/PP2PPBP/R2QK2R w KQ - 0 11,c7c6
9,EulerE,gargalonbofa,962,929,rnbq1rk1/pp3pp1/2p1p2p/4P3/2p5/2N3P1/PP2PPBP/R2Q1RK1 b - - 1 11,e1g1
9,EulerE,gargalonbofa,962,929,rnbq1rk1/p4pp1/2p1p2p/1p2P3/2p5/2N3P1/PP2PPBP/R2Q1RK1 w - - 0 12,b7b5
9,EulerE,gargalonbofa,962,929,rnbq1rk1/p4pp1/2p1p2p/1p2P3/2p1N3/6P1/PP2PPBP/R2Q1RK1 b - - 1 12,c3e4
9,EulerE,gargalonbofa,962,929,r1bq1rk1/p2n1pp1/2p1p2p/1p2P3/2p1N3/6P1/PP2PPBP/R2Q1RK1 w - - 2 13,b8d7
9,EulerE,gargalonbofa,962,929,r1bq1rk1/p2n1pp1/2p1p2p/1p2P3/2p1NP2/6P1/PP2P1BP/R2Q1RK1 b - - 0 13,f2f4
9,EulerE,gargalonbofa,962,929,r1b2rk1/p2n1pp1/1qp1p2p/1p2P3/2p1NP2/6P1/PP2P1BP/R2Q1RK1 w - - 1 14,d8b6
9,EulerE,gargalonbofa,962,929,r1b2rk1/p2n1pp1/1qp1p2p/1p2P3/2p1NP2/6P1/PP2P1BP/R2Q1R1K b - - 2 14,g1h1
9,EulerE,gargalonbofa,962,929,r4rk1/pb1n1pp1/1qp1p2p/1p2P3/2p1NP2/6P1/PP2P1BP/R2Q1R1K w - - 3 15,c8b7
9,EulerE,gargalonbofa,962,929,r4rk1/pb1Q1pp1/1qp1p2p/1p2P3/2p1NP2/6P1/PP2P1BP/R4R1K b - - 0 15,d1d7
9,EulerE,gargalonbofa,962,929,3r1rk1/pb1Q1pp1/1qp1p2p/1p2P3/2p1NP2/6P1/PP2P1BP/R4R1K w - - 1 16,a8d8
9,EulerE,gargalonbofa,962,929,3r1rk1/pb2Qpp1/1qp1p2p/1p2P3/2p1NP2/6P1/PP2P1BP/R4R1K b - - 2 16,d7e7
9,EulerE,gargalonbofa,962,929,3rr1k1/pb2Qpp1/1qp1p2p/1p2P3/2p1NP2/6P1/PP2P1BP/R4R1K w - - 3 17,f8e8
9,EulerE,gargalonbofa,962,929,3rr1k1/pb3pp1/1qp1p2p/1p2P3/2p1NP2/Q5P1/PP2P1BP/R4R1K b - - 4 17,e7a3
9,EulerE,gargalonbofa,962,929,3rr1k1/pb3pp1/1q2p2p/1pp1P3/2p1NP2/Q5P1/PP2P1BP/R4R1K w - - 0 18,c6c5
9,EulerE,gargalonbofa,962,929,3rr1k1/pb3pp1/1q2p2p/1pQ1P3/2p1NP2/6P1/PP2P1BP/R4R1K b - - 0 18,a3c5
9,EulerE,gargalonbofa,962,929,3rr1k1/pb3pp1/4p2p/1pq1P3/2p1NP2/6P1/PP2P1BP/R4R1K w - - 0 19,b6c5
9,EulerE,gargalonbofa,962,929,3rr1k1/pb3pp1/4p2p/1pN1P3/2p2P2/6P1/PP2P1BP/R4R1K b - - 0 19,e4c5
9,EulerE,gargalonbofa,962,929,3rr1k1/p4pp1/4p2p/1pN1P3/2p2P2/6P1/PP2P1bP/R4R1K w - - 0 20,b7g2
9,EulerE,gargalonbofa,962,929,3rr1k1/p4pp1/4p2p/1pN1P3/2p2P2/6P1/PP2P1KP/R4R2 b - - 0 20,h1g2
9,EulerE,gargalonbofa,962,929,4r1k1/p4pp1/4p2p/1pNrP3/2p2P2/6P1/PP2P1KP/R4R2 w - - 1 21,d8d5
9,EulerE,gargalonbofa,962,929,4r1k1/p4pp1/4p2p/1p1rP3/2p1NP2/6P1/PP2P1KP/R4R2 b - - 2 21,c5e4
9,EulerE,gargalonbofa,962,929,4r1k1/p4pp1/4p2p/1p2P3/2prNP2/6P1/PP2P1KP/R4R2 w - - 3 22,d5d4
9,EulerE,gargalonbofa,962,929,4r1k1/p4pp1/4p2p/1p2P3/2prNP2/5KP1/PP2P2P/R4R2 b - - 4 22,g2f3
9,EulerE,gargalonbofa,962,929,3r2k1/p4pp1/4p2p/1p2P3/2prNP2/5KP1/PP2P2P/R4R2 w - - 5 23,e8d8
9,EulerE,gargalonbofa,962,929,3r2k1/p4pp1/4p2p/1p2P3/2prNP2/4K1P1/PP2P2P/R4R2 b - - 6 23,f3e3
9,EulerE,gargalonbofa,962,929,3r2k1/p4pp1/4p2p/4P3/1pprNP2/4K1P1/PP2P2P/R4R2 w - - 0 24,b5b4
9,EulerE,gargalonbofa,962,929,3r2k1/p4pp1/3Np2p/4P3/1ppr1P2/4K1P1/PP2P2P/R4R2 b - - 1 24,e4d6
9,EulerE,gargalonbofa,962,929,3r2k1/p4pp1/3Np2p/3rP3/1pp2P2/4K1P1/PP2P2P/R4R2 w - - 2 25,d4d5
9,EulerE,gargalonbofa,962,929,3r2k1/p4pp1/3Np2p/3rP3/1pp1KP2/6P1/PP2P2P/R4R2 b - - 3 25,e3e4
9,EulerE,gargalonbofa,962,929,3r2k1/p4pp1/3Np2p/4P3/1pp1KP2/6P1/PP1rP2P/R4R2 w - - 4 26,d5d2
9,EulerE,gargalonbofa,962,929,3r2k1/p4pp1/4p2p/4P3/1pN1KP2/6P1/PP1rP2P/R4R2 b - - 0 26,d6c4
9,EulerE,gargalonbofa,962,929,3r2k1/p4pp1/4p2p/4P3/1pN1KP2/6P1/PP2r2P/R4R2 w - - 0 27,d2e2
9,EulerE,gargalonbofa,962,929,3r2k1/p4pp1/4p2p/4P3/1pN2P2/5KP1/PP2r2P/R4R2 b - - 1 27,e4f3
9,EulerE,gargalonbofa,962,929,3r2k1/p4pp1/4p2p/4P3/1pN2P2/5KP1/PPr4P/R4R2 w - - 2 28,e2c2
9,EulerE,gargalonbofa,962,929,3r2k1/p4pp1/3Np2p/4P3/1p3P2/5KP1/PPr4P/R4R2 b - - 3 28,c4d6
9,EulerE,gargalonbofa,962,929,3r2k1/p4pp1/3Np2p/4P3/1p3P2/5KP1/Pr5P/R4R2 w - - 0 29,c2b2
9,EulerE,gargalonbofa,962,929,3r2k1/p4pp1/3Np2p/4P3/1p3P2/5KP1/Pr5P/1R3R2 b - - 1 29,a1b1
9,EulerE,gargalonbofa,962,929,3r2k1/p4pp1/3Np2p/4P3/1p3P2/5KP1/r6P/1R3R2 w - - 0 30,b2a2
9,EulerE,gargalonbofa,962,929,3r2k1/p4pp1/3Np2p/4P3/1R3P2/5KP1/r6P/5R2 b - - 0 30,b1b4
9,EulerE,gargalonbofa,962,929,3r2k1/5pp1/3Np2p/p3P3/1R3P2/5KP1/r6P/5R2 w - - 0 31,a7a5
9,EulerE,gargalonbofa,962,929,3r2k1/5pp1/3Np2p/pR2P3/5P2/5KP1/r6P/5R2 b - - 1 31,b4b5
9,EulerE,gargalonbofa,962,929,3r2k1/5pp1/3Np2p/1R2P3/p4P2/5KP1/r6P/5R2 w - - 0 32,a5a4
9,EulerE,gargalonbofa,962,929,3r2k1/5pp1/3Np2p/R3P3/p4P2/5KP1/r6P/5R2 b - - 1 32,b5a5
9,EulerE,gargalonbofa,962,929,3r2k1/5pp1/3Np2p/R3P3/5P2/p4KP1/r6P/5R2 w - - 0 33,a4a3
9,EulerE,gargalonbofa,962,929,3r2k1/5pp1/3Np2p/R3P3/5P2/p4KP1/r6P/4R3 b - - 1 33,f1e1
9,EulerE,gargalonbofa,962,929,1r4k1/5pp1/3Np2p/R3P3/5P2/p4KP1/r6P/4R3 w - - 2 34,d8b8
9,EulerE,gargalonbofa,962,929,1r4k1/5pp1/3Np2p/R3P3/5P2/p3RKP1/r6P/8 b - - 3 34,e1e3
9,EulerE,gargalonbofa,962,929,6k1/5pp1/3Np2p/R3P3/5P2/p3RKP1/rr5P/8 w - - 4 35,b8b2
9,EulerE,gargalonbofa,962,929,6k1/5pp1/3Np2p/R3P3/5P2/R4KP1/rr5P/8 b - - 0 35,e3a3
9,EulerE,gargalonbofa,962,929,6k1/5pp1/3Np2p/R3P3/5P2/r4KP1/1r5P/8 w - - 0 36,a2a3
9,EulerE,gargalonbofa,962,929,6k1/5pp1/3Np2p/4P3/5P2/R4KP1/1r5P/8 b - - 0 36,a5a3
9,EulerE,gargalonbofa,962,929,6k1/5pp1/3Np2p/4P3/5P2/R4KP1/7r/8 w - - 0 37,b2h2
9,EulerE,gargalonbofa,962,929,6k1/5pp1/3Np2p/4P3/5PK1/R5P1/7r/8 b - - 1 37,f3g4
9,EulerE,gargalonbofa,962,929,6k1/5p2/3Np2p/4P1p1/5PK1/R5P1/7r/8 w - - 0 38,g7g5
9,EulerE,gargalonbofa,962,929,6k1/5p2/3Np2p/4P1P1/6K1/R5P1/7r/8 b - - 0 38,f4g5
9,EulerE,gargalonbofa,962,929,6k1/5p2/3Np3/4P1p1/6K1/R5P1/7r/8 w - - 0 39,h6g5
9,EulerE,gargalonbofa,962,929,6k1/5p2/3Np3/4P1K1/8/R5P1/7r/8 b - - 0 39,g4g5
9,EulerE,gargalonbofa,962,929,6k1/5p2/3Np3/4P1K1/8/R5Pr/8/8 w - - 1 40,h2h3
9,EulerE,gargalonbofa,962,929,6k1/5p2/3NpK2/4P3/8/R5Pr/8/8 b - - 2 40,g5f6
9,EulerE,gargalonbofa,962,929,6k1/5p2/3NpK2/4P3/8/R5r1/8/8 w - - 0 41,h3g3
9,EulerE,gargalonbofa,962,929,6k1/5p2/3NpK2/4P3/8/6R1/8/8 b - - 0 41,a3g3
10,backwardscap,EulerE,1016,971,rnbqkbnr/pppppppp/8/8/4P3/8/PPPP1PPP/RNBQKBNR b KQkq - 0 1,e2e4
10,backwardscap,EulerE,1016,971,rnbqkbnr/pppp1ppp/8/4p3/4P3/8/PPPP1PPP/RNBQKBNR w KQkq - 0 2,e7e5
10,backwardscap,EulerE,1016,971,rnbqkbnr/pppp1ppp/8/4p3/4P3/5N2/PPPP1PPP/RNBQKB1R b KQkq - 1 2,g1f3
10,backwardscap,EulerE,1016,971,r1bqkbnr/pppp1ppp/2n5/4p3/4P3/5N2/PPPP1PPP/RNBQKB1R w KQkq - 2 3,b8c6
10,backwardscap,EulerE,1016,971,r1bqkbnr/pppp1ppp/2n5/4p3/4P3/2N2N2/PPPP1PPP/R1BQKB1R b KQkq - 3 3,b1c3
10,backwardscap,EulerE,1016,971,r1bqkbnr/pppp1p1p/2n3p1/4p3/4P3/2N2N2/PPPP1PPP/R1BQKB1R w KQkq - 0 4,g7g6
10,backwardscap,EulerE,1016,971,r1bqkbnr/pppp1p1p/2n3p1/4p3/3PP3/2N2N2/PPP2PPP/R1BQKB1R b KQkq - 0 4,d2d4
10,backwardscap,EulerE,1016,971,r1bqk1nr/pppp1pbp/2n3p1/4p3/3PP3/2N2N2/PPP2PPP/R1BQKB1R w KQkq - 1 5,f8g7
10,backwardscap,EulerE,1016,971,r1bqk1nr/pppp1pbp/2n3p1/4P3/4P3/2N2N2/PPP2PPP/R1BQKB1R b KQkq - 0 5,d4e5
10,backwardscap,EulerE,1016,971,r1bqk1nr/pppp1pbp/6p1/4n3/4P3/2N2N2/PPP2PPP/R1BQKB1R w KQkq - 0 6,c6e5
10,backwardscap,EulerE,1016,971,r1bqk1nr/pppp1pbp/6p1/4n3/3QP3/2N2N2/PPP2PPP/R1B1KB1R b KQkq - 1 6,d1d4
10,backwardscap,EulerE,1016,971,r1bqk1nr/pppp1pbp/6p1/8/3QP3/2N2n2/PPP2PPP/R1B1KB1R w KQkq - 0 7,e5f3
11,Ablaychik5,EulerE,980,979,rnbqkbnr/pppppppp/8/8/4P3/8/PPPP1PPP/RNBQKBNR b KQkq - 0 1,e2e4
11,Ablaychik5,EulerE,980,979,rnbqkbnr/pppp1ppp/8/4p3/4P3/8/PPPP1PPP/RNBQKBNR w KQkq - 0 2,e7e5
11,Ablaychik5,EulerE,980,979,rnbqkbnr/pppp1ppp/8/4p3/4P3/5N2/PPPP1PPP/RNBQKB1R b KQkq - 1 2,g1f3
11,Ablaychik5,EulerE,980,979,r1bqkbnr/pppp1ppp/2n5/4p3/4P3/5N2/PPPP1PPP/RNBQKB1R w KQkq - 2 3,b8c6
11,Ablaychik5,EulerE,980,979,r1bqkbnr/pppp1ppp/2n5/4p3/2B1P3/5N2/PPPP1PPP/RNBQK2R b KQkq - 3 3,f1c4
11,Ablaychik5,EulerE,980,979,r1bqkbnr/pppp1pp1/2n4p/4p3/2B1P3/5N2/PPPP1PPP/RNBQK2R w KQkq - 0 4,h7h6
11,Ablaychik5,EulerE,980,979,r1bqkbnr/pppp1pp1/2n4p/4p3/2B1P3/2N2N2/PPPP1PPP/R1BQK2R b KQkq - 1 4,b1c3
11,Ablaychik5,EulerE,980,979,r1bqkb1r/pppp1pp1/2n2n1p/4p3/2B1P3/2N2N2/PPPP1PPP/R1BQK2R w KQkq - 2 5,g8f6
11,Ablaychik5,EulerE,980,979,r1bqkb1r/pppp1pp1/2n2n1p/4p3/2B1P3/2N2N2/PPPP1PPP/R1BQ1RK1 b kq - 3 5,e1g1
11,Ablaychik5,EulerE,980,979,r1bqk2r/pppp1pp1/2nb1n1p/4p3/2B1P3/2N2N2/PPPP1PPP/R1BQ1RK1 w kq - 4 6,f8d6
11,Ablaychik5,EulerE,980,979,r1bqk2r/pppp1pp1/2nb1n1p/4p3/2B1P3/2N2N2/PPPP1PPP/R1BQR1K1 b kq - 5 6,f1e1
11,Ablaychik5,EulerE,980,979,r1bq1rk1/pppp1pp1/2nb1n1p/4p3/2B1P3/2N2N2/PPPP1PPP/R1BQR1K1 w - - 6 7,e8g8
11,Ablaychik5,EulerE,980,979,r1bq1rk1/pppp1pp1/2nb1n1p/4p3/2B1P3/2NP1N2/PPP2PPP/R1BQR1K1 b - - 0 7,d2d3
11,Ablaychik5,EulerE,980,979,r1bq1rk1/pppp1pp1/3b1n1p/4p3/2BnP3/2NP1N2/PPP2PPP/R1BQR1K1 w - - 1 8,c6d4
11,Ablaychik5,EulerE,980,979,r1bq1rk1/pppp1pp1/3b1n1p/4p3/2BNP3/2NP4/PPP2PPP/R1BQR1K1 b - - 0 8,f3d4
11,Ablaychik5,EulerE,980,979,r1bq1rk1/pppp1pp1/3b1n1p/8/2BpP3/2NP4/PPP2PPP/R1BQR1K1 w - - 0 9,e5d4
11,Ablaychik5,EulerE,980,979,r1bq1rk1/pppp1pp1/3b1n1p/3N4/2BpP3/3P4/PPP2PPP/R1BQR1K1 b - - 1 9,c3d5
11,Ablaychik5,EulerE,980,979,r1bq1rk1/pppp1pp1/3b3p/3n4/2BpP3/3P4/PPP2PPP/R1BQR1K1 w - - 0 10,f6d5
11,Ablaychik5,EulerE,980,979,r1bq1rk1/pppp1pp1/3b3p/3B4/3pP3/3P4/PPP2PPP/R1BQR1K1 b - - 0 10,c4d5
11,Ablaychik5,EulerE,980,979,r1bq1rk1/pp1p1pp1/2pb3p/3B4/3pP3/3P4/PPP2PPP/R1BQR1K1 w - - 0 11,c7c6
11,Ablaychik5,EulerE,980,979,r1bq1rk1/pp1p1pp1/2pb3p/8/3pP3/1B1P4/PPP2PPP/R1BQR1K1 b - - 1 11,d5b3
11,Ablaychik5,EulerE,980,979,r1bq1rk1/ppbp1pp1/2p4p/8/3pP3/1B1P4/PPP2PPP/R1BQR1K1 w - - 2 12,d6c7
11,Ablaychik5,EulerE,980,979,r1bq1rk1/ppbp1pp1/2p4p/8/3pP3/1BPP4/PP3PPP/R1BQR1K1 b - - 0 12,c2c3
11,Ablaychik5,EulerE,980,979,r1bq1rk1/ppbp1pp1/2p4p/8/4P3/1BpP4/PP3PPP/R1BQR1K1 w - - 0 13,d4c3
11,Ablaychik5,EulerE,980,979,r1bq1rk1/ppbp1pp1/2p4p/8/4P3/1BPP4/P4PPP/R1BQR1K1 b - - 0 13,b2c3
11,Ablaychik5,EulerE,980,979,r1bq1rk1/ppb2pp1/2p4p/3p4/4P3/1BPP4/P4PPP/R1BQR1K1 w - - 0 14,d7d5
11,Ablaychik5,EulerE,980,979,r1bq1rk1/ppb2pp1/2p4p/3P4/8/1BPP4/P4PPP/R1BQR1K1 b - - 0 14,e4d5
11,Ablaychik5,EulerE,980,979,r1bq1rk1/ppb2pp1/7p/3p4/8/1BPP4/P4PPP/R1BQR1K1 w - - 0 15,c6d5
11,Ablaychik5,EulerE,980,979,r1bq1rk1/ppb2pp1/7p/3p4/8/BBPP4/P4PPP/R2QR1K1 b - - 1 15,c1a3
11,Ablaychik5,EulerE,980,979,r1bq1rk1/pp3pp1/3b3p/3p4/8/BBPP4/P4PPP/R2QR1K1 w - - 2 16,c7d6
11,Ablaychik5,EulerE,980,979,r1bq1rk1/pp3pp1/3b3p/3p4/8/1BPP4/P4PPP/R1BQR1K1 b - - 3 16,a3c1
11,Ablaychik5,EulerE,980,979,r1bq1rk1/pp3pp1/3b3p/8/3p4/1BPP4/P4PPP/R1BQR1K1 w - - 0 17,d5d4
11,Ablaychik5,EulerE,980,979,r1bq1rk1/pp3pp1/3b3p/8/3P4/1B1P4/P4PPP/R1BQR1K1 b - - 0 17,c3d4
11,Ablaychik5,EulerE,980,979,r1bq1rk1/pp3pp1/7p/8/1b1P4/1B1P4/P4PPP/R1BQR1K1 w - - 1 18,d6b4
11,Ablaychik5,EulerE,980,979,r1bq1rk1/pp3pp1/7p/8/1b1PR3/1B1P4/P4PPP/R1BQ2K1 b - - 2 18,e1e4
11,Ablaychik5,EulerE,980,979,r1bq1rk1/pp3pp1/7p/8/3PR3/1BbP4/P4PPP/R1BQ2K1 w - - 3 19,b4c3
11,Ablaychik5,EulerE,980,979,r1bq1rk1/pp3pp1/7p/8/3PR3/1BbPB3/P4PPP/R2Q2K1 b - - 4 19,c1e3
11,Ablaychik5,EulerE,980,979,r1bq1rk1/pp3pp1/7p/8/3PR3/1B1PB3/P4PPP/b2Q2K1 w - - 0 20,c3a1
11,Ablaychik5,EulerE,980,979,r1bq1rk1/pp3pp1/7p/8/3PR3/1B1PBQ2/P4PPP/b5K1 b - - 1 20,d1f3
11,Ablaychik5,EulerE,980,979,r1bq1rk1/pp3pp1/7p/8/3PR3/1BbPBQ2/P4PPP/6K1 w - - 2 21,a1c3
11,Ablaychik5,EulerE,980,979,r1bq1rk1/pp3pp1/7p/8/3PR3/1BbPB1Q1/P4PPP/6K1 b - - 3 21,f3g3
11,Ablaychik5,EulerE,980,979,r1bq1rk1/pp3pp1/7p/b7/3PR3/1B1PB1Q1/P4PPP/6K1 w - - 4 22,c3a5
11,Ablaychik5,EulerE,980,979,r1bq1rk1/pp3pp1/7B/b7/3PR3/1B1P2Q1/P4PPP/6K1 b - - 0 22,e3h6
11,Ablaychik5,EulerE,980,979,r1b2rk1/pp3pp1/5q1B/b7/3PR3/1B1P2Q1/P4PPP/6K1 w - - 1 23,d8f6
11,Ablaychik5,EulerE,980,979,r1b2rk1/pp3pp1/5q1B/b7/3P2R1/1B1P2Q1/P4PPP/6K1 b - - 2 23,e4g4
11,Ablaychik5,EulerE,980,979,r1b2rk1/pp3pp1/7q/b7/3P2R1/1B1P2Q1/P4PPP/6K1 w - - 0 24,f6h6
12,GigGuaitoli,EulerE,862,985,rnbqkbnr/pppppppp/8/8/2P5/8/PP1PPPPP/RNBQKBNR b KQkq - 0 1,c2c4
12,GigGuaitoli,EulerE,862,985,rnbqkbnr/pppp1ppp/8/4p3/2P5/8/PP1PPPPP/RNBQKBNR w KQkq - 0 2,e7e5
12,GigGuaitoli,EulerE,862,985,rnbqkbnr/pppp1ppp/8/4p3/2P5/2N5/PP1PPPPP/R1BQKBNR b KQkq - 1 2,b1c3
12,GigGuaitoli,EulerE,862,985,r1bqkbnr/pppp1ppp/2n5/4p3/2P5/2N5/PP1PPPPP/R1BQKBNR w KQkq - 2 3,b8c6
12,GigGuaitoli,EulerE,862,985,r1bqkbnr/pppp1ppp/2n5/4p3/2P5/2N3P1/PP1PPP1P/R1BQKBNR b KQkq - 0 3,g2g3
12,GigGuaitoli,EulerE,862,985,r1bqkb1r/pppp1ppp/2n2n2/4p3/2P5/2N3P1/PP1PPP1P/R1BQKBNR w KQkq - 1 4,g8f6
12,GigGuaitoli,EulerE,862,985,r1bqkb1r/pppp1ppp/2n2n2/4p3/2P5/2N3P1/PP1PPPBP/R1BQK1NR b KQkq - 2 4,f1g2
12,GigGuaitoli,EulerE,862,985,r1bqk2r/pppp1ppp/2n2n2/4p3/1bP5/2N3P1/PP1PPPBP/R1BQK1NR w KQkq - 3 5,f8b4
12,GigGuaitoli,EulerE,862,985,r1bqk2r/pppp1ppp/2n2n2/3Np3/1bP5/6P1/PP1PPPBP/R1BQK1NR b KQkq - 4 5,c3d5
12,GigGuaitoli,EulerE,862,985,r1bqk2r/pppp1ppp/2n5/3np3/1bP5/6P1/PP1PPPBP/R1BQK1NR w KQkq - 0 6,f6d5
12,GigGuaitoli,EulerE,862,985,r1bqk2r/pppp1ppp/2n5/3Pp3/1b6/6P1/PP1PPPBP/R1BQK1NR b KQkq - 0 6,c4d5
12,GigGuaitoli,EulerE,862,985,r1bqk2r/pppp1ppp/8/3Pp3/1b1n4/6P1/PP1PPPBP/R1BQK1NR w KQkq - 1 7,c6d4
12,GigGuaitoli,EulerE,862,985,r1bqk2r/pppp1ppp/8/3Pp3/1b1n4/P5P1/1P1PPPBP/R1BQK1NR b KQkq - 0 7,a2a3
12,GigGuaitoli,EulerE,862,985,r1bqk2r/pppp1ppp/3b4/3Pp3/3n4/P5P1/1P1PPPBP/R1BQK1NR w KQkq - 1 8,b4d6
12,GigGuaitoli,EulerE,862,985,r1bqk2r/pppp1ppp/3b4/3Pp3/3n4/P3P1P1/1P1P1PBP/R1BQK1NR b KQkq - 0 8,e2e3
12,GigGuaitoli,EulerE,862,985,r1bqk2r/pppp1ppp/3b4/3Ppn2/8/P3P1P1/1P1P1PBP/R1BQK1NR w KQkq - 1 9,d4f5
12,GigGuaitoli,EulerE,862,985,r1bqk2r/pppp1ppp/3b4/3Ppn2/4P3/P5P1/1P1P1PBP/R1BQK1NR b KQkq - 0 9,e3e4
12,GigGuaitoli,EulerE,862,985,r1bqk2r/pppp1ppp/3b4/3Pp3/3nP3/P5P1/1P1P1PBP/R1BQK1NR w KQkq - 1 10,f5d4
12,GigGuaitoli,EulerE,862,985,r1bqk2r/pppp1ppp/3b4/3Pp3/3nP3/P5P1/1P1PNPBP/R1BQK2R b KQkq - 2 10,g1e2
12,GigGuaitoli,EulerE,862,985,r1bq1rk1/pppp1ppp/3b4/3Pp3/3nP3/P5P1/1P1PNPBP/R1BQK2R w KQ - 3 11,e8g8
12,GigGuaitoli,EulerE,862,985,r1bq1rk1/pppp1ppp/3b4/3Pp3/3nP3/P5P1/1P1PNPBP/R1BQ1RK1 b - - 4 11,e1g1
12,GigGuaitoli,EulerE,862,985,r1bq1rk1/pp1p1ppp/2pb4/3Pp3/3nP3/P5P1/1P1PNPBP/R1BQ1RK1 w - - 0 12,c7c6
12,GigGuaitoli,EulerE,862,985,r1bq1rk1/pp1p1ppp/2pb4/3Pp3/3nP3/P5P1/1P1PNPBP/R1BQR1K1 b - - 1 12,f1e1
12,GigGuaitoli,EulerE,862,985,r1bq1rk1/pp1p1ppp/3b4/3pp3/3nP3/P5P1/1P1PNPBP/R1BQR1K1 w - - 0 13,c6d5
12,GigGuaitoli,EulerE,862,985,r1bq1rk1/pp1p1ppp/3b4/3pp3/3NP3/P5P1/1P1P1PBP/R1BQR1K1 b - - 0 13,e2d4
12,GigGuaitoli,EulerE,862,985,r1bq1rk1/pp1p1ppp/3b4/3p4/3pP3/P5P1/1P1P1PBP/R1BQR1K1 w - - 0 14,e5d4
12,GigGuaitoli,EulerE,862,985,r1bq1rk1/pp1p1ppp/3b4/3pP3/3p4/P5P1/1P1P1PBP/R1BQR1K1 b - - 0 14,e4e5
12,GigGuaitoli,EulerE,862,985,r1bq1rk1/pp1p1ppp/8/2bpP3/3p4/P5P1/1P1P1PBP/R1BQR1K1 w - - 1 15,d6c5
12,GigGuaitoli,EulerE,862,985,r1bq1rk1/pp1p1ppp/8/2bBP3/3p4/P5P1/1P1P1P1P/R1BQR1K1 b - - 0 15,g2d5
12,GigGuaitoli,EulerE,862,985,r1bq1rk1/pp1p1ppp/8/2bBP3/8/P2p2P1/1P1P1P1P/R1BQR1K1 w - - 0 16,d4d3
12,GigGuaitoli,EulerE,862,985,r1bq1rk1/pp1p1ppp/8/2bBP3/1P6/P2p2P1/3P1P1P/R1BQR1K1 b - - 0 16,b2b4
12,GigGuaitoli,EulerE,862,985,r1bq1rk1/pp1p1ppp/8/3BP3/1P1b4/P2p2P1/3P1P1P/R1BQR1K1 w - - 1 17,c5d4
12,GigGuaitoli,EulerE,862,985,r1bq1rk1/pp1p1ppp/8/3BP3/1P1bR3/P2p2P1/3P1P1P/R1BQ2K1 b - - 2 17,e1e4
12,GigGuaitoli,EulerE,862,985,r1bq1rk1/pp1p1ppp/8/3BP3/1P2R3/P2p2P1/3P1P1P/b1BQ2K1 w - - 0 18,d4a1
12,GigGuaitoli,EulerE,862,985,r1bq1rk1/pp1p1ppp/8/3BP3/1P2R3/P2p1QP1/3P1P1P/b1B3K1 b - - 1 18,d1f3
12,GigGuaitoli,EulerE,862,985,r1b1qrk1/pp1p1ppp/8/3BP3/1P2R3/P2p1QP1/3P1P1P/b1B3K1 w - - 2 19,d8e8
12,GigGuaitoli,EulerE,862,985,r1b1qrk1/pp1p1ppp/8/3BP3/1P2R3/P2Q2P1/3P1P1P/b1B3K1 b - - 0 19,f3d3
12,GigGuaitoli,EulerE,862,985,r1b1qrk1/pp1p1ppp/8/3Bb3/1P2R3/P2Q2P1/3P1P1P/2B3K1 w - - 0 20,a1e5
12,GigGuaitoli,EulerE,862,985,r1b1qrk1/pp1p1ppp/8/3Bb3/1P2R3/P3Q1P1/3P1P1P/2B3K1 b - - 1 20,d3e3
12,GigGuaitoli,EulerE,862,985,r1b1qrk1/pp3ppp/3p4/3Bb3/1P2R3/P3Q1P1/3P1P1P/2B3K1 w - - 0 21,d7d6
12,GigGuaitoli,EulerE,862,985,r1b1qrk1/pp3ppp/3p4/3Bb3/1P1PR3/P3Q1P1/5P1P/2B3K1 b - - 0 21,d2d4
12,GigGuaitoli,EulerE,862,985,r3qrk1/pp3ppp/3p4/3Bbb2/1P1PR3/P3Q1P1/5P1P/2B3K1 w - - 1 22,c8f5
12,GigGuaitoli,EulerE,862,985,r3qrk1/pp3ppp/3p4/3BPb2/1P2R3/P3Q1P1/5P1P/2B3K1 b - - 0 22,d4e5
12,GigGuaitoli,EulerE,862,985,r3qrk1/pp3ppp/3p4/3BP3/1P2b3/P3Q1P1/5P1P/2B3K1 w - - 0 23,f5e4
12,GigGuaitoli,EulerE,862,985,r3qrk1/pp3ppp/3p4/3BP3/1P2Q3/P5P1/5P1P/2B3K1 b - - 0 23,e3e4
12,GigGuaitoli,EulerE,862,985,r4rk1/pp3ppp/3p4/3Bq3/1P2Q3/P5P1/5P1P/2B3K1 w - - 0 24,e8e5
12,GigGuaitoli,EulerE,862,985,r4rk1/pB3ppp/3p4/4q3/1P2Q3/P5P1/5P1P/2B3K1 b - - 0 24,d5b7
12,GigGuaitoli,EulerE,862,985,r4rk1/pB3ppp/3p4/8/1P2q3/P5P1/5P1P/2B3K1 w - - 0 25,e5e4
12,GigGuaitoli,EulerE,862,985,r4rk1/p4ppp/3p4/8/1P2B3/P5P1/5P1P/2B3K1 b - - 0 25,b7e4
12,GigGuaitoli,EulerE,862,985,2r2rk1/p4ppp/3p4/8/1P2B3/P5P1/5P1P/2B3K1 w - - 1 26,a8c8
12,GigGuaitoli,EulerE,862,985,2r2rk1/p4ppp/3p4/8/1P2BB2/P5P1/5P1P/6K1 b - - 2 26,c1f4
12,GigGuaitoli,EulerE,862,985,2r1r1k1/p4ppp/3p4/8/1P2BB2/P5P1/5P1P/6K1 w - - 3 27,f8e8
12,GigGuaitoli,EulerE,862,985,2r1r1k1/pB3ppp/3p4/8/1P3B2/P5P1/5P1P/6K1 b - - 4 27,e4b7
12,GigGuaitoli,EulerE,862,985,4r1k1/pBr2ppp/3p4/8/1P3B2/P5P1/5P1P/6K1 w - - 5 28,c8c7
12,GigGuaitoli,EulerE,862,985,4r1k1/p1r2ppp/3p4/3B4/1P3B2/P5P1/5P1P/6K1 b - - 6 28,b7d5
12,GigGuaitoli,EulerE,862,985,4r1k1/p4ppp/3p4/3B4/1P3B2/P1r3P1/5P1P/6K1 w - - 7 29,c7c3
12,GigGuaitoli,EulerE,862,985,4r1k1/p4ppp/3p4/3B4/PP3B2/2r3P1/5P1P/6K1 b - - 0 29,a3a4
12,GigGuaitoli,EulerE,862,985,4r1k1/p4ppp/3p4/3B4/PP3B2/3r2P1/5P1P/6K1 w - - 1 30,c3d3
12,GigGuaitoli,EulerE,862,985,4r1k1/p4ppp/3p4/8/PP2BB2/3r2P1/5P1P/6K1 b - - 2 30,d5e4
12,GigGuaitoli,EulerE,862,985,6k1/p4ppp/3p4/8/PP2rB2/3r2P1/5P1P/6K1 w - - 0 31,e8e4
12,GigGuaitoli,EulerE,862,985,6k1/p4ppp/3p4/1P6/P3rB2/3r2P1/5P1P/6K1 b - - 0 31,b4b5
12,GigGuaitoli,EulerE,862,985,6k1/p4ppp/3p4/1P6/r4B2/3r2P1/5P1P/6K1 w - - 0 32,e4a4
13,EulerE,krasimirdelinikolov,993,974,rnbqkbnr/pppppppp/8/8/3P4/8/PPP1PPPP/RNBQKBNR b KQkq - 0 1,d2d4
13,EulerE,krasimirdelinikolov,993,974,rnbqkbnr/pp1ppppp/8/2p5/3P4/8/PPP1PPPP/RNBQKBNR w KQkq - 0 2,c7c5
13,EulerE,krasimirdelinikolov,993,974,rnbqkbnr/pp1ppppp/8/2P5/8/8/PPP1PPPP/RNBQKBNR b KQkq - 0 2,d4c5
13,EulerE,krasimirdelinikolov,993,974,rnbqkbnr/pp1p1ppp/8/2P1p3/8/8/PPP1PPPP/RNBQKBNR w KQkq - 0 3,e7e5
13,EulerE,krasimirdelinikolov,993,974,rnbqkbnr/pp1p1ppp/8/2P1p3/8/2N5/PPP1PPPP/R1BQKBNR b KQkq - 1 3,b1c3
13,EulerE,krasimirdelinikolov,993,974,rnbqk1nr/pp1p1ppp/8/2b1p3/8/2N5/PPP1PPPP/R1BQKBNR w KQkq - 0 4,f8c5
13,EulerE,krasimirdelinikolov,993,974,rnbqk1nr/pp1p1ppp/8/2b1p3/8/2N2N2/PPP1PPPP/R1BQKB1R b KQkq - 1 4,g1f3
13,EulerE,krasimirdelinikolov,993,974,rnbqk1nr/pp3ppp/3p4/2b1p3/8/2N2N2/PPP1PPPP/R1BQKB1R w KQkq - 0 5,d7d6
13,EulerE,krasimirdelinikolov,993,974,rnbqk1nr/pp3ppp/3p4/2bNp3/8/5N2/PPP1PPPP/R1BQKB1R b KQkq - 1 5,c3d5
13,EulerE,krasimirdelinikolov,993,974,rn1qk1nr/pp3ppp/3pb3/2bNp3/8/5N2/PPP1PPPP/R1BQKB1R w KQkq - 2 6,c8e6
13,EulerE,krasimirdelinikolov,993,974,rn1qk1nr/pp3ppp/3pb3/2bNp3/8/5NP1/PPP1PP1P/R1BQKB1R b KQkq - 0 6,g2g3
13,EulerE,krasimirdelinikolov,993,974,rn1qk2r/pp3ppp/3pbn2/2bNp3/8/5NP1/PPP1PP1P/R1BQKB1R w KQkq - 1 7,g8f6
13,EulerE,krasimirdelinikolov,993,974,rn1qk2r/pp3ppp/3pbn2/2bNp1B1/8/5NP1/PPP1PP1P/R2QKB1R b KQkq - 2 7,c1g5
13,EulerE,krasimirdelinikolov,993,974,rn1qk2r/pp3ppp/3p1n2/2bbp1B1/8/5NP1/PPP1PP1P/R2QKB1R w KQkq - 0 8,e6d5
13,EulerE,krasimirdelinikolov,993,974,rn1qk2r/pp3ppp/3p1B2/2bbp3/8/5NP1/PPP1PP1P/R2QKB1R b KQkq - 0 8,g5f6
13,EulerE,krasimirdelinikolov,993,974,rn2k2r/pp3ppp/3p1q2/2bbp3/8/5NP1/PPP1PP1P/R2QKB1R w KQkq - 0 9,d8f6
13,EulerE,krasimirdelinikolov,993,974,rn2k2r/pp3ppp/3p1q2/2bQp3/8/5NP1/PPP1PP1P/R3KB1R b KQkq - 0 9,d1d5
13,EulerE,krasimirdelinikolov,993,974,rn3rk1/pp3ppp/3p1q2/2bQp3/8/5NP1/PPP1PP1P/R3KB1R w KQ - 1 10,e8g8
13,EulerE,krasimirdelinikolov,993,974,rn3rk1/pp3ppp/3p1q2/2bQp3/8/5NP1/PPP1PP1P/2KR1B1R b - - 2 10,e1c1
13,EulerE,krasimirdelinikolov,993,974,r4rk1/pp3ppp/2np1q2/2bQp3/8/5NP1/PPP1PP1P/2KR1B1R w - - 3 11,b8c6
13,EulerE,krasimirdelinikolov,993,974,r4rk1/pp3ppp/2np1q2/2bQp3/8/P4NP1/1PP1PP1P/2KR1B1R b - - 0 11,a2a3
13,EulerE,krasimirdelinikolov,993,974,4rrk1/pp3ppp/2np1q2/2bQp3/8/P4NP1/1PP1PP1P/2KR1B1R w - - 1 12,a8e8
13,EulerE,krasimirdelinikolov,993,974,4rrk1/pp3ppp/2np1q2/2bQp3/1P6/P4NP1/2P1PP1P/2KR1B1R b - - 0 12,b2b4
13,EulerE,krasimirdelinikolov,993,974,4rrk1/pp3ppp/2np1q2/3Qp3/1P1b4/P4NP1/2P1PP1P/2KR1B1R w - - 1 13,c5d4
13,EulerE,krasimirdelinikolov,993,974,4rrk1/pp3ppp/2np1q2/3Qp3/1P1N4/P5P1/2P1PP1P/2KR1B1R b - - 0 13,f3d4
13,EulerE,krasimirdelinikolov,993,974,4rrk1/pp3ppp/2np1q2/3Q4/1P1p4/P5P1/2P1PP1P/2KR1B1R w - - 0 14,e5d4
13,EulerE,krasimirdelinikolov,993,974,4rrk1/pp3ppp/2np1q2/3Q4/1P1p4/P3P1P1/2P2P1P/2KR1B1R b - - 0 14,e2e3
13,EulerE,krasimirdelinikolov,993,974,5rk1/pp3ppp/2np1q2/3Qr3/1P1p4/P3P1P1/2P2P1P/2KR1B1R w - - 1 15,e8e5
13,EulerE,krasimirdelinikolov,993,974,5rk1/pp3ppp/2np1q2/4r3/1PQp4/P3P1P1/2P2P1P/2KR1B1R b - - 2 15,d5c4
13,EulerE,krasimirdelinikolov,993,974,5rk1/pp3ppp/2np1q2/4r3/1PQ5/P3p1P1/2P2P1P/2KR1B1R w - - 0 16,d4e3
13,EulerE,krasimirdelinikolov,993,974,5rk1/pp3ppp/2np1q2/1P2r3/2Q5/P3p1P1/2P2P1P/2KR1B1R b - - 0 16,b4b5
13,EulerE,krasimirdelinikolov,993,974,5rk1/pp3ppp/2np1q2/1P2r3/2Q5/P5P1/2P2p1P/2KR1B1R w - - 0 17,e3f2
13,EulerE,krasimirdelinikolov,993,974,5rk1/pp3ppp/2Pp1q2/4r3/2Q5/P5P1/2P2p1P/2KR1B1R b - - 0 17,b5c6
13,EulerE,krasimirdelinikolov,993,974,5rk1/pp3ppp/2Pp1q2/2r5/2Q5/P5P1/2P2p1P/2KR1B1R w - - 1 18,e5c5
13,EulerE,krasimirdelinikolov,993,974,5rk1/pp3ppp/2Pp1q2/2r5/5Q2/P5P1/2P2p1P/2KR1B1R b - - 2 18,c4f4
13,EulerE,krasimirdelinikolov,993,974,5rk1/pp3ppp/2Pp4/2r5/5Q2/P5P1/2P2p1P/q1KR1B1R w - - 3 19,f6a1
13,EulerE,krasimirdelinikolov,993,974,5rk1/pp3ppp/2Pp4/2r5/5Q2/P5P1/2PK1p1P/q2R1B1R b - - 4 19,c1d2
13,EulerE,krasimirdelinikolov,993,974,5rk1/pp3ppp/2Pp4/3r4/5Q2/P5P1/2PK1p1P/q2R1B1R w - - 5 20,c5d5
13,EulerE,krasimirdelinikolov,993,974,5rk1/pp3ppp/2Pp4/3r4/5Q2/P3K1P1/2P2p1P/q2R1B1R b - - 6 20,d2e3
13,EulerE,krasimirdelinikolov,993,974,5rk1/pp3ppp/2Pp4/8/5Q2/P3K1P1/2P2p1P/q2r1B1R w - - 0 21,d5d1
13,EulerE,krasimirdelinikolov,993,974,5rk1/pP3ppp/3p4/8/5Q2/P3K1P1/2P2p1P/q2r1B1R b - - 0 21,c6b7
13,EulerE,krasimirdelinikolov,993,974,5rk1/pP3ppp/3p4/8/5Q2/P3K1P1/2P2p1P/q4r1R w - - 0 22,d1f1
13,EulerE,krasimirdelinikolov,993,974,5rk1/pP3ppp/3Q4/8/8/P3K1P1/2P2p1P/q4r1R b - - 0 22,f4d6
13,EulerE,krasimirdelinikolov,993,974,5rk1/pP3ppp/3Q4/8/8/P3K1P1/2P2p1P/q3r2R w - - 1 23,f1e1
13,EulerE,krasimirdelinikolov,993,974,5rk1/pP3ppp/3Q4/8/8/P5P1/2P2K1P/q3r2R b - - 0 23,e3f2
13,EulerE,krasimirdelinikolov,993,974,5rk1/pP3ppp/3Q1q2/8/8/P5P1/2P2K1P/4r2R w - - 1 24,a1f6
13,EulerE,krasimirdelinikolov,993,974,5rk1/pP3ppp/5Q2/8/8/P5P1/2P2K1P/4r2R b - - 0 24,d6f6
13,EulerE,krasimirdelinikolov,993,974,5rk1/pP3p1p/5p2/8/8/P5P1/2P2K1P/4r2R w - - 0 25,g7f6
13,EulerE,krasimirdelinikolov,993,974,5rk1/pP3p1p/5p2/8/8/P5P1/2P2K1P/4R3 b - - 0 25,h1e1
13,EulerE,krasimirdelinikolov,993,974,1r4k1/pP3p1p/5p2/8/8/P5P1/2P2K1P/4R3 w - - 1 26,f8b8
13,EulerE,krasimirdelinikolov,993,974,1r4k1/pP3p1p/5p2/8/8/P5P1/2P2K1P/1R6 b - - 2 26,e1b1
13,EulerE,krasimirdelinikolov,993,974,1r6/pP3pkp/5p2/8/8/P5P1/2P2K1P/1R6 w - - 3 27,g8g7
13,EulerE,krasimirdelinikolov,993,974,1r6/pP3pkp/5p2/8/2P5/P5P1/5K1P/1R6 b - - 0 27,c2c4
13,EulerE,krasimirdelinikolov,993,974,1r6/pP3pkp/8/5p2/2P5/P5P1/5K1P/1R6 w - - 0 28,f6f5
13,EulerE,krasimirdelinikolov,993,974,1r6/pP3pkp/8/2P2p2/8/P5P1/5K1P/1R6 b - - 0 28,c4c5
13,EulerE,krasimirdelinikolov,993,974,1r6/pP3p1p/5k2/2P2p2/8/P5P1/5K1P/1R6 w - - 1 29,g7f6
13,EulerE,krasimirdelinikolov,993,974,1r6/pP3p1p/2P2k2/5p2/8/P5P1/5K1P/1R6 b - - 0 29,c5c6
13,EulerE,krasimirdelinikolov,993,974,1r6/pP2kp1p/2P5/5p2/8/P5P1/5K1P/1R6 w - - 1 30,f6e7
13,EulerE,krasimirdelinikolov,993,974,1r6/pPP1kp1p/8/5p2/8/P5P1/5K1P/1R6 b - - 0 30,c6c7
13,EulerE,krasimirdelinikolov,993,974,8/prP1kp1p/8/5p2/8/P5P1/5K1P/1R6 w - - 0 31,b8b7
13,EulerE,krasimirdelinikolov,993,974,8/pRP1kp1p/8/5p2/8/P5P1/5K1P/8 b - - 0 31,b1b7
13,EulerE,krasimirdelinikolov,993,974,8/pRPk1p1p/8/5p2/8/P5P1/5K1P/8 w - - 1 32,e7d7
13,EulerE,krasimirdelinikolov,993,974,8/R1Pk1p1p/8/5p2/8/P5P1/5K1P/8 b - - 0 32,b7a7
13,EulerE,krasimirdelinikolov,993,974,2k5/R1P2p1p/8/5p2/8/P5P1/5K1P/8 w - - 1 33,d7c8
13,EulerE,krasimirdelinikolov,993,974,2k5/R1P2p1p/8/5p2/8/P3K1P1/7P/8 b - - 2 33,f2e3
13,EulerE,krasimirdelinikolov,993,974,2k5/R1P2p2/8/5p1p/8/P3K1P1/7P/8 w - - 0 34,h7h5
13,EulerE,krasimirdelinikolov,993,974,2k5/R1P2p2/8/5p1p/5K2/P5P1/7P/8 b - - 1 34,e3f4
14,SeaWolf70,EulerE,925,991,rnbqkbnr/pppppppp/8/8/4P3/8/PPPP1PPP/RNBQKBNR b KQkq - 0 1,e2e4
14,SeaWolf70,EulerE,925,991,rnbqkbnr/pppp1ppp/8/4p3/4P3/8/PPPP1PPP/RNBQKBNR w KQkq - 0 2,e7e5
14,SeaWolf70,EulerE,925,991,rnbqkbnr/pppp1ppp/8/4p3/4P3/5N2/PPPP1PPP/RNBQKB1R b KQkq - 1 2,g1f3
14,SeaWolf70,EulerE,925,991,r1bqkbnr/pppp1ppp/2n5/4p3/4P3/5N2/PPPP1PPP/RNBQKB1R w KQkq - 2 3,b8c6
14,SeaWolf70,EulerE,925,991,r1bqkbnr/pppp1ppp/2n5/1B2p3/4P3/5N2/PPPP1PPP/RNBQK2R b KQkq - 3 3,f1b5
14,SeaWolf70,EulerE,925,991,r1bqk1nr/pppp1ppp/2nb4/1B2p3/4P3/5N2/PPPP1PPP/RNBQK2R w KQkq - 4 4,f8d6
14,SeaWolf70,EulerE,925,991,r1bqk1nr/pppp1ppp/2Bb4/4p3/4P3/5N2/PPPP1PPP/RNBQK2R b KQkq - 0 4,b5c6
14,SeaWolf70,EulerE,925,991,r1bqk1nr/p1pp1ppp/2pb4/4p3/4P3/5N2/PPPP1PPP/RNBQK2R w KQkq - 0 5,b7c6
14,SeaWolf70,EulerE,925,991,r1bqk1nr/p1pp1ppp/2pb4/4p3/4P3/5N2/PPPP1PPP/RNBQ1RK1 b kq - 1 5,e1g1
14,SeaWolf70,EulerE,925,991,r1bqk2r/p1pp1ppp/2pb1n2/4p3/4P3/5N2/PPPP1PPP/RNBQ1RK1 w kq - 2 6,g8f6
14,SeaWolf70,EulerE,925,991,r1bqk2r/p1pp1ppp/2pb1n2/4p3/4P3/3P1N2/PPP2PPP/RNBQ1RK1 b kq - 0 6,d2d3
14,SeaWolf70,EulerE,925,991,r1bq1rk1/p1pp1ppp/2pb1n2/4p3/4P3/3P1N2/PPP2PPP/RNBQ1RK1 w - - 1 7,e8g8
14,SeaWolf70,EulerE,925,991,r1bq1rk1/p1pp1ppp/2pb1n2/4p3/2P1P3/3P1N2/PP3PPP/RNBQ1RK1 b - - 0 7,c2c4
14,SeaWolf70,EulerE,925,991,r1bqr1k1/p1pp1ppp/2pb1n2/4p3/2P1P3/3P1N2/PP3PPP/RNBQ1RK1 w - - 1 8,f8e8
14,SeaWolf70,EulerE,925,991,r1bqr1k1/p1pp1ppp/2pb1n2/4p1B1/2P1P3/3P1N2/PP3PPP/RN1Q1RK1 b - - 2 8,c1g5
14,SeaWolf70,EulerE,925,991,r1bqr1k1/p1pp1pp1/2pb1n1p/4p1B1/2P1P3/3P1N2/PP3PPP/RN1Q1RK1 w - - 0 9,h7h6
14,SeaWolf70,EulerE,925,991,r1bqr1k1/p1pp1pp1/2pb1B1p/4p3/2P1P3/3P1N2/PP3PPP/RN1Q1RK1 b - - 0 9,g5f6
14,SeaWolf70,EulerE,925,991,r1b1r1k1/p1pp1pp1/2pb1q1p/4p3/2P1P3/3P1N2/PP3PPP/RN1Q1RK1 w - - 0 10,d8f6
14,SeaWolf70,EulerE,925,991,r1b1r1k1/p1pp1pp1/2pb1q1p/4p3/2P1P3/1P1P1N2/P4PPP/RN1Q1RK1 b - - 0 10,b2b3
14,SeaWolf70,EulerE,925,991,r3r1k1/pbpp1pp1/2pb1q1p/4p3/2P1P3/1P1P1N2/P4PPP/RN1Q1RK1 w - - 1 11,c8b7
14,SeaWolf70,EulerE,925,991,r3r1k1/pbpp1pp1/2pb1q1p/4p3/2P1P3/1P1P1NP1/P4P1P/RN1Q1RK1 b - - 0 11,g2g3
14,SeaWolf70,EulerE,925,991,r3r1k1/pbpp1pp1/3b1q1p/2p1p3/2P1P3/1P1P1NP1/P4P1P/RN1Q1RK1 w - - 0 12,c6c5
14,SeaWolf70,EulerE,925,991,r3r1k1/pbpp1pp1/3b1q1p/2p1p3/2P1P3/1PNP1NP1/P4P1P/R2Q1RK1 b - - 1 12,b1c3
14,SeaWolf70,EulerE,925,991,r3r1k1/1bpp1pp1/p2b1q1p/2p1p3/2P1P3/1PNP1NP1/P4P1P/R2Q1RK1 w - - 0 13,a7a6
14,SeaWolf70,EulerE,925,991,r3r1k1/1bpp1pp1/p2b1q1p/2p1p3/2P1P3/1PNP1NP1/P4P1P/2RQ1RK1 b - - 1 13,a1c1
14,SeaWolf70,EulerE,925,991,r3r1k1/1bpp1p2/p2b1q1p/2p1p1p1/2P1P3/1PNP1NP1/P4P1P/2RQ1RK1 w - - 0 14,g7g5
14,SeaWolf70,EulerE,925,991,r3r1k1/1bpp1p2/p2b1q1p/2pNp1p1/2P1P3/1P1P1NP1/P4P1P/2RQ1RK1 b - - 1 14,c3d5
14,SeaWolf70,EulerE,925,991,r3r1k1/2pp1p2/p2b1q1p/2pbp1p1/2P1P3/1P1P1NP1/P4P1P/2RQ1RK1 w - - 0 15,b7d5
14,SeaWolf70,EulerE,925,991,r3r1k1/2pp1p2/p2b1q1p/2pPp1p1/4P3/1P1P1NP1/P4P1P/2RQ1RK1 b - - 0 15,c4d5
14,SeaWolf70,EulerE,925,991,r3r1k1/2pp1p2/p2b1q1p/2pPp3/4P1p1/1P1P1NP1/P4P1P/2RQ1RK1 w - - 0 16,g5g4
14,SeaWolf70,EulerE,925,991,r3r1k1/2pp1p2/p2b1q1p/2pPp3/4P1pN/1P1P2P1/P4P1P/2RQ1RK1 b - - 1 16,f3h4
14,SeaWolf70,EulerE,925,991,r3r1k1/3p1p2/p1pb1q1p/2pPp3/4P1pN/1P1P2P1/P4P1P/2RQ1RK1 w - - 0 17,c7c6
14,SeaWolf70,EulerE,925,991,r3r1k1/3p1p2/p1pb1q1p/2pPp3/4P1QN/1P1P2P1/P4P1P/2R2RK1 b - - 0 17,d1g4
14,SeaWolf70,EulerE,925,991,r3r2k/3p1p2/p1pb1q1p/2pPp3/4P1QN/1P1P2P1/P4P1P/2R2RK1 w - - 1 18,g8h8
14,SeaWolf70,EulerE,925,991,r3r2k/3p1p2/p1pb1q1p/2pPpN2/4P1Q1/1P1P2P1/P4P1P/2R2RK1 b - - 2 18,h4f5
14,SeaWolf70,EulerE,925,991,r5rk/3p1p2/p1pb1q1p/2pPpN2/4P1Q1/1P1P2P1/P4P1P/2R2RK1 w - - 3 19,e8g8
14,SeaWolf70,EulerE,925,991,r5rk/3p1p2/p1pb1q1p/2pPpN2/4P3/1P1P2PQ/P4P1P/2R2RK1 b - - 4 19,g4h3
14,SeaWolf70,EulerE,925,991,r5rk/3p1p2/p2b1q1p/2pppN2/4P3/1P1P2PQ/P4P1P/2R2RK1 w - - 0 20,c6d5
14,SeaWolf70,EulerE,925,991,r5rk/3p1p2/p2N1q1p/2ppp3/4P3/1P1P2PQ/P4P1P/2R2RK1 b - - 0 20,f5d6
14,SeaWolf70,EulerE,925,991,r5rk/3p1p2/p2q3p/2ppp3/4P3/1P1P2PQ/P4P1P/2R2RK1 w - - 0 21,f6d6
14,SeaWolf70,EulerE,925,991,r5rk/3p1p2/p2q3p/2ppp3/4P3/1P1P2PQ/P4P1P/2R1R1K1 b - - 1 21,f1e1
14,SeaWolf70,EulerE,925,991,r5rk/3p1p2/p2q3p/2p1p3/3pP3/1P1P2PQ/P4P1P/2R1R1K1 w - - 0 22,d5d4
14,SeaWolf70,EulerE,925,991,r5rk/3p1p2/p2q3p/2p1pQ2/3pP3/1P1P2P1/P4P1P/2R1R1K1 b - - 1 22,h3f5
14,SeaWolf70,EulerE,925,991,1r4rk/3p1p2/p2q3p/2p1pQ2/3pP3/1P1P2P1/P4P1P/2R1R1K1 w - - 2 23,a8b8
14,SeaWolf70,EulerE,925,991,1r4rk/3p1Q2/p2q3p/2p1p3/3pP3/1P1P2P1/P4P1P/2R1R1K1 b - - 0 23,f5f7
14,SeaWolf70,EulerE,925,991,5rrk/3p1Q2/p2q3p/2p1p3/3pP3/1P1P2P1/P4P1P/2R1R1K1 w - - 1 24,b8f8
14,SeaWolf70,EulerE,925,991,5rrk/3p4/p2q3p/2p1p3/2QpP3/1P1P2P1/P4P1P/2R1R1K1 b - - 2 24,f7c4
14,SeaWolf70,EulerE,925,991,5rr1/3p2k1/p2q3p/2p1p3/2QpP3/1P1P2P1/P4P1P/2R1R1K1 w - - 3 25,h8g7
14,SeaWolf70,EulerE,925,991,5rr1/3p2k1/p2q3p/2p1p3/2QpP3/1P1P2P1/P4P1P/2R2RK1 b - - 4 25,e1f1
14,SeaWolf70,EulerE,925,991,2r3r1/3p2k1/p2q3p/2p1p3/2QpP3/1P1P2P1/P4P1P/2R2RK1 w - - 5 26,f8c8
14,SeaWolf70,EulerE,925,991,2r3r1/3p2k1/p2q3p/2p1p3/3pP3/1P1P2P1/P1Q2P1P/2R2RK1 b - - 6 26,c4c2
14,SeaWolf70,EulerE,925,991,2r3r1/3p4/p2q2kp/2p1p3/3pP3/1P1P2P1/P1Q2P1P/2R2RK1 w - - 7 27,g7g6
14,SeaWolf70,EulerE,925,991,2r3r1/3p4/p2q2kp/2p1p3/3pP3/1P1P2P1/P3QP1P/2R2RK1 b - - 8 27,c2e2
14,SeaWolf70,EulerE,925,991,2r3r1/3p4/p3q1kp/2p1p3/3pP3/1P1P2P1/P3QP1P/2R2RK1 w - - 9 28,d6e6
14,SeaWolf70,EulerE,925,991,2r3r1/3p4/p3q1kp/2p1p3/3pP3/1P1P2P1/PQ3P1P/2R2RK1 b - - 10 28,e2b2
14,SeaWolf70,EulerE,925,991,2r3r1/3p1k2/p3q2p/2p1p3/3pP3/1P1P2P1/PQ3P1P/2R2RK1 w - - 11 29,g6f7
14,SeaWolf70,EulerE,925,991,2r3r1/3p1k2/p3q2p/2p1p3/3pP3/1P1P1PP1/PQ5P/2R2RK1 b - - 0 29,f2f3
14,SeaWolf70,EulerE,925,991,2r3r1/3p1k2/p6p/2p1p3/3pP3/1P1P1PPq/PQ5P/2R2RK1 w - - 1 30,e6h3
14,SeaWolf70,EulerE,925,991,2r3r1/3p1k2/p6p/2p1p3/3pP3/1P1P1PPq/P5QP/2R2RK1 b - - 2 30,b2g2
14,SeaWolf70,EulerE,925,991,2r3r1/3p1k2/p6p/2p1p3/3pP3/1P1P1PP1/P5qP/2R2RK1 w - - 0 31,h3g2
14,SeaWolf70,EulerE,925,991,2r3r1/3p1k2/p6p/2p1p3/3pP3/1P1P1PP1/P5KP/2R2R2 b - - 0 31,g1g2
14,SeaWolf70,EulerE,925,991,2r5/3p1k2/p6p/2p1p1r1/3pP3/1P1P1PP1/P5KP/2R2R2 w - - 1 32,g8g5
14,SeaWolf70,EulerE,925,991,2r5/3p1k2/p6p/2p1p1r1/3pPP2/1P1P2P1/P5KP/2R2R2 b - - 0 32,f3f4
14,SeaWolf70,EulerE,925,991,2r5/3p1k2/p6p/2p3r1/3pPp2/1P1P2P1/P5KP/2R2R2 w - - 0 33,e5f4
14,SeaWolf70,EulerE,925,991,2r5/3p1k2/p6p/2p3r1/3pPR2/1P1P2P1/P5KP/2R5 b - - 0 33,f1f4
14,SeaWolf70,EulerE,925,991,2r5/3p4/p5kp/2p3r1/3pPR2/1P1P2P1/P5KP/2R5 w - - 1 34,f7g6
14,SeaWolf70,EulerE,925,991,2r5/3p4/p4Rkp/2p3r1/3pP3/1P1P2P1/P5KP/2R5 b - - 2 34,f4f6
14,SeaWolf70,EulerE,925,991,2r5/3p4/p4k1p/2p3r1/3pP3/1P1P2P1/P5KP/2R5 w - - 0 35,g6f6
14,SeaWolf70,EulerE,925,991,2r5/3p4/p4k1p/2p3r1/3pP3/1P1P2P1/P5KP/5R2 b - - 1 35,c1f1
14,SeaWolf70,EulerE,925,991,2r5/3p4/p5kp/2p3r1/3pP3/1P1P2P1/P5KP/5R2 w - - 2 36,f6g6
14,SeaWolf70,EulerE,925,991,2r5/3p4/p5kp/2p3r1/3pP3/1P1P2P1/P5KP/1R6 b - - 3 36,f1b1
14,SeaWolf70,EulerE,925,991,6r1/3p4/p5kp/2p3r1/3pP3/1P1P2P1/P5KP/1R6 w - - 4 37,c8g8
14,SeaWolf70,EulerE,925,991,6r1/3p4/p5kp/2p3r1/1P1pP3/3P2P1/P5KP/1R6 b - - 0 37,b3b4
14,SeaWolf70,EulerE,925,991,6r1/3p4/p5kp/6r1/1p1pP3/3P2P1/P5KP/1R6 w - - 0 38,c5b4
14,SeaWolf70,EulerE,925,991,6r1/3p4/p5kp/6r1/1R1pP3/3P2P1/P5KP/8 b - - 0 38,b1b4
14,SeaWolf70,EulerE,925,991,6r1/3p4/p4k1p/6r1/1R1pP3/3P2P1/P5KP/8 w - - 1 39,g6f6
14,SeaWolf70,EulerE,925,991,6r1/3p4/pR3k1p/6r1/3pP3/3P2P1/P5KP/8 b - - 2 39,b4b6
14,SeaWolf70,EulerE,925,991,6r1/3p4/pR5p/4k1r1/3pP3/3P2P1/P5KP/8 w - - 3 40,f6e5
14,SeaWolf70,EulerE,925,991,6r1/3p4/R6p/4k1r1/3pP3/3P2P1/P5KP/8 b - - 0 40,b6a6
14,SeaWolf70,EulerE,925,991,6r1/3p4/R7/4k1rp/3pP3/3P2P1/P5KP/8 w - - 0 41,h6h5
14,SeaWolf70,EulerE,925,991,6r1/3p4/7R/4k1rp/3pP3/3P2P1/P5KP/8 b - - 1 41,a6h6
14,SeaWolf70,EulerE,925,991,8/3p4/6rR/4k1rp/3pP3/3P2P1/P5KP/8 w - - 2 42,g8g6
15,terapiadelpesce,EulerE,970,982,rnbqkbnr/pppppppp/8/8/8/4P3/PPPP1PPP/RNBQKBNR b KQkq - 0 1,e2e3
15,terapiadelpesce,EulerE,970,982,rnbqkbnr/pppp1ppp/8/4p3/8/4P3/PPPP1PPP/RNBQKBNR w KQkq - 0 2,e7e5
15,terapiadelpesce,EulerE,970,982,rnbqkbnr/pppp1ppp/8/4p2Q/8/4P3/PPPP1PPP/RNB1KBNR b KQkq - 1 2,d1h5
15,terapiadelpesce,EulerE,970,982,r1bqkbnr/pppp1ppp/2n5/4p2Q/8/4P3/PPPP1PPP/RNB1KBNR w KQkq - 2 3,b8c6
15,terapiadelpesce,EulerE,970,982,r1bqkbnr/pppp1ppp/2n5/1B2p2Q/8/4P3/PPPP1PPP/RNB1K1NR b KQkq - 3 3,f1b5
15,terapiadelpesce,EulerE,970,982,r1bqkbnr/pppp1p1p/2n3p1/1B2p2Q/8/4P3/PPPP1PPP/RNB1K1NR w KQkq - 0 4,g7g6
15,terapiadelpesce,EulerE,970,982,r1bqkbnr/pppp1p1p/2n3p1/1B2p3/8/4PQ2/PPPP1PPP/RNB1K1NR b KQkq - 1 4,h5f3
15,terapiadelpesce,EulerE,970,982,r1b1kbnr/pppp1p1p/2n2qp1/1B2p3/8/4PQ2/PPPP1PPP/RNB1K1NR w KQkq - 2 5,d8f6
15,terapiadelpesce,EulerE,970,982,r1b1kbnr/pppp1p1p/2n2Qp1/1B2p3/8/4P3/PPPP1PPP/RNB1K1NR b KQkq - 0 5,f3f6
15,terapiadelpesce,EulerE,970,982,r1b1kb1r/pppp1p1p/2n2np1/1B2p3/8/4P3/PPPP1PPP/RNB1K1NR w KQkq - 0 6,g8f6
15,terapiadelpesce,EulerE,970,982,r1b1kb1r/pppp1p1p/2B2np1/4p3/8/4P3/PPPP1PPP/RNB1K1NR b KQkq - 0 6,b5c6
15,terapiadelpesce,EulerE,970,982,r1b1kb1r/ppp2p1p/2p2np1/4p3/8/4P3/PPPP1PPP/RNB1K1NR w KQkq - 0 7,d7c6
15,terapiadelpesce,EulerE,970,982,r1b1kb1r/ppp2p1p/2p2np1/4p3/8/1P2P3/P1PP1PPP/RNB1K1NR b KQkq - 0 7,b2b3
15,terapiadelpesce,EulerE,970,982,r3kb1r/ppp2p1p/2p2np1/4pb2/8/1P2P3/P1PP1PPP/RNB1K1NR w KQkq - 1 8,c8f5
15,terapiadelpesce,EulerE,970,982,r3kb1r/ppp2p1p/2p2np1/4pb2/8/1P2P3/PBPP1PPP/RN2K1NR b KQkq - 2 8,c1b2
15,terapiadelpesce,EulerE,970,982,r3k2r/ppp2p1p/2pb1np1/4pb2/8/1P2P3/PBPP1PPP/RN2K1NR w KQkq - 3 9,f8d6
15,terapiadelpesce,EulerE,970,982,r3k2r/ppp2p1p/2pb1np1/4pb2/8/1P1PP3/PBP2PPP/RN2K1NR b KQkq - 0 9,d2d3
15,terapiadelpesce,EulerE,970,982,2kr3r/ppp2p1p/2pb1np1/4pb2/8/1P1PP3/PBP2PPP/RN2K1NR w KQ - 1 10,e8c8
15,terapiadelpesce,EulerE,970,982,2kr3r/ppp2p1p/2pb1np1/4pb2/8/1P1PPN2/PBP2PPP/RN2K2R b KQ - 2 10,g1f3
15,terapiadelpesce,EulerE,970,982,2krr3/ppp2p1p/2pb1np1/4pb2/8/1P1PPN2/PBP2PPP/RN2K2R w KQ - 3 11,h8e8
15,terapiadelpesce,EulerE,970,982,2krr3/ppp2p1p/2pb1np1/4pb2/3P4/1P2PN2/PBP2PPP/RN2K2R b KQ - 0 11,d3d4
15,terapiadelpesce,EulerE,970,982,2krr3/ppp2p1p/2pb1np1/5b2/3Pp3/1P2PN2/PBP2PPP/RN2K2R w KQ - 0 12,e5e4
15,terapiadelpesce,EulerE,970,982,2krr3/ppp2p1p/2pb1np1/5bN1/3Pp3/1P2P3/PBP2PPP/RN2K2R b KQ - 1 12,f3g5
15,terapiadelpesce,EulerE,970,982,2kr4/ppp1rp1p/2pb1np1/5bN1/3Pp3/1P2P3/PBP2PPP/RN2K2R w KQ - 2 13,e8e7
15,terapiadelpesce,EulerE,970,982,2kr4/ppp1rp1p/2pb1np1/3P1bN1/4p3/1P2P3/PBP2PPP/RN2K2R b KQ - 0 13,d4d5
15,terapiadelpesce,EulerE,970,982,2kr4/ppp1rp1p/2p2np1/3PbbN1/4p3/1P2P3/PBP2PPP/RN2K2R w KQ - 1 14,d6e5
15,terapiadelpesce,EulerE,970,982,2kr4/ppp1rp1p/2p2np1/3PBbN1/4p3/1P2P3/P1P2PPP/RN2K2R b KQ - 0 14,b2e5
15,terapiadelpesce,EulerE,970,982,2kr4/ppp2p1p/2p2np1/3PrbN1/4p3/1P2P3/P1P2PPP/RN2K2R w KQ - 0 15,e7e5
15,terapiadelpesce,EulerE,970,982,2kr4/ppp2N1p/2p2np1/3Prb2/4p3/1P2P3/P1P2PPP/RN2K2R b KQ - 0 15,g5f7
15,terapiadelpesce,EulerE,970,982,1k1r4/ppp2N1p/2p2np1/3Prb2/4p3/1P2P3/P1P2PPP/RN2K2R w KQ - 1 16,c8b8
15,terapiadelpesce,EulerE,970,982,1k1r4/ppp4p/2p2np1/3PNb2/4p3/1P2P3/P1P2PPP/RN2K2R b KQ - 0 16,f7e5
15,terapiadelpesce,EulerE,970,982,1k1r4/ppp4p/2p3p1/3nNb2/4p3/1P2P3/P1P2PPP/RN2K2R w KQ - 0 17,f6d5
15,terapiadelpesce,EulerE,970,982,1k1r4/ppp2N1p/2p3p1/3n1b2/4p3/1P2P3/P1P2PPP/RN2K2R b KQ - 1 17,e5f7
15,terapiadelpesce,EulerE,970,982,1k6/pppr1N1p/2p3p1/3n1b2/4p3/1P2P3/P1P2PPP/RN2K2R w KQ - 2 18,d8d7
15,terapiadelpesce,EulerE,970,982,1k6/pppr3p/2p3pN/3n1b2/4p3/1P2P3/P1P2PPP/RN2K2R b KQ - 3 18,f7h6
15,terapiadelpesce,EulerE,970,982,1k6/pppr3p/2p3pN/5b2/1n2p3/1P2P3/P1P2PPP/RN2K2R w KQ - 4 19,d5b4
15,terapiadelpesce,EulerE,970,982,1k6/pppr3p/2p3pN/5b2/1n2p3/NP2P3/P1P2PPP/R3K2R b KQ - 5 19,b1a3
15,terapiadelpesce,EulerE,970,982,1k6/ppp4p/2p3pN/3r1b2/1n2p3/NP2P3/P1P2PPP/R3K2R w KQ - 6 20,d7d5
15,terapiadelpesce,EulerE,970,982,1k6/ppp4p/2p3p1/3r1N2/1n2p3/NP2P3/P1P2PPP/R3K2R b KQ - 0 20,h6f5
15,terapiadelpesce,EulerE,970,982,1k6/ppp4p/2p5/3r1p2/1n2p3/NP2P3/P1P2PPP/R3K2R w KQ - 0 21,g6f5
15,terapiadelpesce,EulerE,970,982,1k6/ppp4p/2p5/3r1p2/1n2p3/NP2P3/P1P2PPP/R4RK1 b - - 1 21,e1g1
15,terapiadelpesce,EulerE,970,982,1k6/ppp4p/2p5/2r2p2/1n2p3/NP2P3/P1P2PPP/R4RK1 w - - 2 22,d5c5
15,terapiadelpesce,EulerE,970,982,1k6/ppp4p/2p5/2r2p2/1n2p3/NP2P3/P1P2PPP/2R2RK1 b - - 3 22,a1c1
16,EulerE,angel048,986,783,rnbqkbnr/pppppppp/8/8/3P4/8/PPP1PPPP/RNBQKBNR b KQkq - 0 1,d2d4
16,EulerE,angel048,986,783,rnbqkbnr/ppp1pppp/8/3p4/3P4/8/PPP1PPPP/RNBQKBNR w KQkq - 0 2,d7d5
16,EulerE,angel048,986,783,rnbqkbnr/ppp1pppp/8/3p4/2PP4/8/PP2PPPP/RNBQKBNR b KQkq - 0 2,c2c4
16,EulerE,angel048,986,783,rnbqkbnr/ppp2ppp/4p3/3p4/2PP4/8/PP2PPPP/RNBQKBNR w KQkq - 0 3,e7e6
16,EulerE,angel048,986,783,rnbqkbnr/ppp2ppp/4p3/3p4/2PP4/2N5/PP2PPPP/R1BQKBNR b KQkq - 1 3,b1c3
16,EulerE,angel048,986,783,rnbqkbnr/ppp2ppp/4p3/8/2pP4/2N5/PP2PPPP/R1BQKBNR w KQkq - 0 4,d5c4
16,EulerE,angel048,986,783,rnbqkbnr/ppp2ppp/4p3/8/2pPP3/2N5/PP3PPP/R1BQKBNR b KQkq - 0 4,e2e4
16,EulerE,angel048,986,783,r1bqkbnr/ppp2ppp/2n1p3/8/2pPP3/2N5/PP3PPP/R1BQKBNR w KQkq - 1 5,b8c6
16,EulerE,angel048,986,783,r1bqkbnr/ppp2ppp/2n1p3/8/2pPP3/2N2N2/PP3PPP/R1BQKB1R b KQkq - 2 5,g1f3
16,EulerE,angel048,986,783,r1bqkb1r/ppp2ppp/2n1pn2/8/2pPP3/2N2N2/PP3PPP/R1BQKB1R w KQkq - 3 6,g8f6
16,EulerE,angel048,986,783,r1bqkb1r/ppp2ppp/2n1pn2/8/2BPP3/2N2N2/PP3PPP/R1BQK2R b KQkq - 0 6,f1c4
16,EulerE,angel048,986,783,r1bqkb1r/ppp2p1p/2n1pnp1/8/2BPP3/2N2N2/PP3PPP/R1BQK2R w KQkq - 0 7,g7g6
16,EulerE,angel048,986,783,r1bqkb1r/ppp2p1p/2n1pnp1/4P3/2BP4/2N2N2/PP3PPP/R1BQK2R b KQkq - 0 7,e4e5
16,EulerE,angel048,986,783,r1bqkb1r/ppp2p1p/2n1p1p1/3nP3/2BP4/2N2N2/PP3PPP/R1BQK2R w KQkq - 1 8,f6d5
16,EulerE,angel048,986,783,r1bqkb1r/ppp2p1p/2n1p1p1/3NP3/2BP4/5N2/PP3PPP/R1BQK2R b KQkq - 0 8,c3d5
16,EulerE,angel048,986,783,r1bqk2r/ppp2p1p/2n1p1p1/3NP3/1bBP4/5N2/PP3PPP/R1BQK2R w KQkq - 1 9,f8b4
16,EulerE,angel048,986,783,r1bqk2r/ppp2p1p/2n1p1p1/4P3/1bBP4/2N2N2/PP3PPP/R1BQK2R b KQkq - 2 9,d5c3
16,EulerE,angel048,986,783,r1bqk2r/ppp2p1p/2n1p1p1/4P3/2BP4/2b2N2/PP3PPP/R1BQK2R w KQkq - 0 10,b4c3
16,EulerE,angel048,986,783,r1bqk2r/ppp2p1p/2n1p1p1/4P3/2BP4/2P2N2/P4PPP/R1BQK2R b KQkq - 0 10,b2c3
16,EulerE,angel048,986,783,r1bq1rk1/ppp2p1p/2n1p1p1/4P3/2BP4/2P2N2/P4PPP/R1BQK2R w KQ - 1 11,e8g8
16,EulerE,angel048,986,783,r1bq1rk1/ppp2p1p/2n1p1p1/4P3/2BP4/2P2N2/P4PPP/R1BQ1RK1 b - - 2 11,e1g1
16,EulerE,angel048,986,783,r1bq1rk1/1pp2p1p/p1n1p1p1/4P3/2BP4/2P2N2/P4PPP/R1BQ1RK1 w - - 0 12,a7a6
16,EulerE,angel048,986,783,r1bq1rk1/1pp2p1p/p1n1p1p1/3PP3/2B5/2P2N2/P4PPP/R1BQ1RK1 b - - 0 12,d4d5
16,EulerE,angel048,986,783,r1bq1rk1/1pp2p1p/p1n3p1/3pP3/2B5/2P2N2/P4PPP/R1BQ1RK1 w - - 0 13,e6d5
16,EulerE,angel048,986,783,r1bq1rk1/1pp2p1p/p1n3p1/3BP3/8/2P2N2/P4PPP/R1BQ1RK1 b - - 0 13,c4d5
16,EulerE,angel048,986,783,r2q1rk1/1pp2p1p/p1n3p1/3BPb2/8/2P2N2/P4PPP/R1BQ1RK1 w - - 1 14,c8f5
16,EulerE,angel048,986,783,r2q1rk1/1pp2p1p/p1B3p1/4Pb2/8/2P2N2/P4PPP/R1BQ1RK1 b - - 0 14,d5c6
16,EulerE,angel048,986,783,r2q1rk1/2p2p1p/p1p3p1/4Pb2/8/2P2N2/P4PPP/R1BQ1RK1 w - - 0 15,b7c6
16,EulerE,angel048,986,783,r2Q1rk1/2p2p1p/p1p3p1/4Pb2/8/2P2N2/P4PPP/R1B2RK1 b - - 0 15,d1d8
16,EulerE,angel048,986,783,3r1rk1/2p2p1p/p1p3p1/4Pb2/8/2P2N2/P4PPP/R1B2RK1 w - - 0 16,a8d8
16,EulerE,angel048,986,783,3r1rk1/2p2p1p/p1p3p1/4PbB1/8/2P2N2/P4PPP/R4RK1 b - - 1 16,c1g5
16,EulerE,angel048,986,783,5rk1/2p2p1p/p1p3p1/4PbB1/8/2Pr1N2/P4PPP/R4RK1 w - - 2 17,d8d3
16,EulerE,angel048,986,783,5rk1/2p2p1p/p1p3p1/4PbB1/8/2Pr1N2/P4PPP/3R1RK1 b - - 3 17,a1d1
16,EulerE,angel048,986,783,5rk1/2p2p1p/p1p3p1/4PbB1/8/2r2N2/P4PPP/3R1RK1 w - - 0 18,d3c3
16,EulerE,angel048,986,783,3R1rk1/2p2p1p/p1p3p1/4PbB1/8/2r2N2/P4PPP/5RK1 b - - 1 18,d1d8
16,EulerE,angel048,986,783,3r2k1/2p2p1p/p1p3p1/4PbB1/8/2r2N2/P4PPP/5RK1 w - - 0 19,f8d8
16,EulerE,angel048,986,783,3B2k1/2p2p1p/p1p3p1/4Pb2/8/2r2N2/P4PPP/5RK1 b - - 0 19,g5d8
16,EulerE,angel048,986,783,3B2k1/2p2p1p/p1p3p1/4Pb2/8/r4N2/P4PPP/5RK1 w - - 1 20,c3a3
16,EulerE,angel048,986,783,6k1/2p2p1p/p1p2Bp1/4Pb2/8/r4N2/P4PPP/5RK1 b - - 2 20,d8f6
16,EulerE,angel048,986,783,6k1/2p2p1p/p4Bp1/2p1Pb2/8/r4N2/P4PPP/5RK1 w - - 0 21,c6c5
16,EulerE,angel048,986,783,6k1/2p2p1p/p4Bp1/2p1Pb2/8/r4N2/P4PPP/3R2K1 b - - 1 21,f1d1
16,EulerE,angel048,986,783,6k1/2p2p2/p4Bpp/2p1Pb2/8/r4N2/P4PPP/3R2K1 w - - 0 22,h7h6
16,EulerE,angel048,986,783,3R2k1/2p2p2/p4Bpp/2p1Pb2/8/r4N2/P4PPP/6K1 b - - 1 22,d1d8
16,EulerE,angel048,986,783,3R4/2p2p1k/p4Bpp/2p1Pb2/8/r4N2/P4PPP/6K1 w - - 2 23,g8h7
16,EulerE,angel048,986,783,7R/2p2p1k/p4Bpp/2p1Pb2/8/r4N2/P4PPP/6K1 b - - 3 23,d8h8
17,Mike8302,EulerE,968,977,rnbqkbnr/pppppppp/8/8/3P4/8/PPP1PPPP/RNBQKBNR b KQkq - 0 1,d2d4
17,Mike8302,EulerE,968,977,rnbqkbnr/ppp1pppp/8/3p4/3P4/8/PPP1PPPP/RNBQKBNR w KQkq - 0 2,d7d5
17,Mike8302,EulerE,968,977,rnbqkbnr/ppp1pppp/8/3p4/3P1B2/8/PPP1PPPP/RN1QKBNR b KQkq - 1 2,c1f4
17,Mike8302,EulerE,968,977,rnbqkb1r/ppp1pppp/5n2/3p4/3P1B2/8/PPP1PPPP/RN1QKBNR w KQkq - 2 3,g8f6
17,Mike8302,EulerE,968,977,rnbqkb1r/ppp1pppp/5n2/3p4/3P1B2/4P3/PPP2PPP/RN1QKBNR b KQkq - 0 3,e2e3
17,Mike8302,EulerE,968,977,r1bqkb1r/ppp1pppp/2n2n2/3p4/3P1B2/4P3/PPP2PPP/RN1QKBNR w KQkq - 1 4,b8c6
17,Mike8302,EulerE,968,977,r1bqkb1r/ppp1pppp/2n2n2/3p4/3P1B2/3BP3/PPP2PPP/RN1QK1NR b KQkq - 2 4,f1d3
17,Mike8302,EulerE,968,977,r1bqkb1r/ppp2ppp/2n2n2/3pp3/3P1B2/3BP3/PPP2PPP/RN1QK1NR w KQkq - 0 5,e7e5
17,Mike8302,EulerE,968,977,r1bqkb1r/ppp2ppp/2n2n2/3pP3/5B2/3BP3/PPP2PPP/RN1QK1NR b KQkq - 0 5,d4e5
17,Mike8302,EulerE,968,977,r1bqkb1r/ppp2ppp/2n5/3pP3/4nB2/3BP3/PPP2PPP/RN1QK1NR w KQkq - 1 6,f6e4
17,Mike8302,EulerE,968,977,r1bqkb1r/ppp2ppp/2n5/3pP3/4nB2/3BPP2/PPP3PP/RN1QK1NR b KQkq - 0 6,f2f3
17,Mike8302,EulerE,968,977,r1bqkb1r/ppp2ppp/2n5/3pP1n1/5B2/3BPP2/PPP3PP/RN1QK1NR w KQkq - 1 7,e4g5
17,Mike8302,EulerE,968,977,r1bqkb1r/ppp2ppp/2n5/3pP1n1/5B1P/3BPP2/PPP3P1/RN1QK1NR b KQkq - 0 7,h2h4
17,Mike8302,EulerE,968,977,r1bqkb1r/ppp2ppp/2n1n3/3pP3/5B1P/3BPP2/PPP3P1/RN1QK1NR w KQkq - 1 8,g5e6
17,Mike8302,EulerE,968,977,r1bqkb1r/ppp2ppp/2n1n3/3pP1B1/7P/3BPP2/PPP3P1/RN1QK1NR b KQkq - 2 8,f4g5
17,Mike8302,EulerE,968,977,r1bqk2r/ppp1bppp/2n1n3/3pP1B1/7P/3BPP2/PPP3P1/RN1QK1NR w KQkq - 3 9,f8e7
17,Mike8302,EulerE,968,977,r1bqk2r/ppp1bppp/2n1n3/3pP1B1/5P1P/3BP3/PPP3P1/RN1QK1NR b KQkq - 0 9,f3f4
17,Mike8302,EulerE,968,977,r1bqk2r/ppp1bpp1/2n1n2p/3pP1B1/5P1P/3BP3/PPP3P1/RN1QK1NR w KQkq - 0 10,h7h6
17,Mike8302,EulerE,968,977,r1bqk2r/ppp1Bpp1/2n1n2p/3pP3/5P1P/3BP3/PPP3P1/RN1QK1NR b KQkq - 0 10,g5e7
17,Mike8302,EulerE,968,977,r1b1k2r/ppp1qpp1/2n1n2p/3pP3/5P1P/3BP3/PPP3P1/RN1QK1NR w KQkq - 0 11,d8e7
17,Mike8302,EulerE,968,977,r1b1k2r/ppp1qpp1/2n1n2p/3pP3/5PQP/3BP3/PPP3P1/RN2K1NR b KQkq - 1 11,d1g4
17,Mike8302,EulerE,968,977,r1b1k2r/ppp1qpp1/2n4p/3pP3/3n1PQP/3BP3/PPP3P1/RN2K1NR w KQkq - 2 12,e6d4
17,Mike8302,EulerE,968,977,r1b1k2r/ppp1qpQ1/2n4p/3pP3/3n1P1P/3BP3/PPP3P1/RN2K1NR b KQkq - 0 12,g4g7
18,EulerE,ryudddddd,988,997,rnbqkbnr/pppppppp/8/8/3P4/8/PPP1PPPP/RNBQKBNR b KQkq - 0 1,d2d4
18,EulerE,ryudddddd,988,997,rnbqkbnr/ppp1pppp/8/3p4/3P4/8/PPP1PPPP/RNBQKBNR w KQkq - 0 2,d7d5
18,EulerE,ryudddddd,988,997,rnbqkbnr/ppp1pppp/8/3p4/2PP4/8/PP2PPPP/RNBQKBNR b KQkq - 0 2,c2c4
18,EulerE,ryudddddd,988,997,rnb1kbnr/ppp1pppp/3q4/3p4/2PP4/8/PP2PPPP/RNBQKBNR w KQkq - 1 3,d8d6
18,EulerE,ryudddddd,988,997,rnb1kbnr/ppp1pppp/3q4/3p4/2PP4/2N5/PP2PPPP/R1BQKBNR b KQkq - 2 3,b1c3
18,EulerE,ryudddddd,988,997,rnb1kbnr/ppp1pppp/2q5/3p4/2PP4/2N5/PP2PPPP/R1BQKBNR w KQkq - 3 4,d6c6
18,EulerE,ryudddddd,988,997,rnb1kbnr/ppp1pppp/2q5/3P4/3P4/2N5/PP2PPPP/R1BQKBNR b KQkq - 0 4,c4d5
18,EulerE,ryudddddd,988,997,rnb1kbnr/ppp1pppp/8/3q4/3P4/2N5/PP2PPPP/R1BQKBNR w KQkq - 0 5,c6d5
18,EulerE,ryudddddd,988,997,rnb1kbnr/ppp1pppp/8/3N4/3P4/8/PP2PPPP/R1BQKBNR b KQkq - 0 5,c3d5
19,EulerE,Fabibaratto,979,971,rnbqkbnr/pppppppp/8/8/3P4/8/PPP1PPPP/RNBQKBNR b KQkq - 0 1,d2d4
19,EulerE,Fabibaratto,979,971,rnbqkbnr/ppp1pppp/8/3p4/3P4/8/PPP1PPPP/RNBQKBNR w KQkq - 0 2,d7d5
19,EulerE,Fabibaratto,979,971,rnbqkbnr/ppp1pppp/8/3p4/2PP4/8/PP2PPPP/RNBQKBNR b KQkq - 0 2,c2c4
19,EulerE,Fabibaratto,979,971,rnbqkbnr/pp2pppp/2p5/3p4/2PP4/8/PP2PPPP/RNBQKBNR w KQkq - 0 3,c7c6
19,EulerE,Fabibaratto,979,971,rnbqkbnr/pp2pppp/2p5/3p4/2PP4/2N5/PP2PPPP/R1BQKBNR b KQkq - 1 3,b1c3
19,EulerE,Fabibaratto,979,971,rnbqkbnr/pp3ppp/2p1p3/3p4/2PP4/2N5/PP2PPPP/R1BQKBNR w KQkq - 0 4,e7e6
19,EulerE,Fabibaratto,979,971,rnbqkbnr/pp3ppp/2p1p3/3p4/2PP4/2N2N2/PP2PPPP/R1BQKB1R b KQkq - 1 4,g1f3
19,EulerE,Fabibaratto,979,971,rnbqkb1r/pp3ppp/2p1pn2/3p4/2PP4/2N2N2/PP2PPPP/R1BQKB1R w KQkq - 2 5,g8f6
19,EulerE,Fabibaratto,979,971,rnbqkb1r/pp3ppp/2p1pn2/3p2B1/2PP4/2N2N2/PP2PPPP/R2QKB1R b KQkq - 3 5,c1g5
19,EulerE,Fabibaratto,979,971,rnbqk2r/pp2bppp/2p1pn2/3p2B1/2PP4/2N2N2/PP2PPPP/R2QKB1R w KQkq - 4 6,f8e7
19,EulerE,Fabibaratto,979,971,rnbqk2r/pp2bppp/2p1pn2/3p4/2PP4/2N1BN2/PP2PPPP/R2QKB1R b KQkq - 5 6,g5e3
19,EulerE,Fabibaratto,979,971,rnbq1rk1/pp2bppp/2p1pn2/3p4/2PP4/2N1BN2/PP2PPPP/R2QKB1R w KQ - 6 7,e8g8
19,EulerE,Fabibaratto,979,971,rnbq1rk1/pp2bppp/2p1pn2/3p4/2PP4/2N1BNP1/PP2PP1P/R2QKB1R b KQ - 0 7,g2g3
19,EulerE,Fabibaratto,979,971,rnbq1rk1/p3bppp/2p1pn2/1p1p4/2PP4/2N1BNP1/PP2PP1P/R2QKB1R w KQ - 0 8,b7b5
19,EulerE,Fabibaratto,979,971,rnbq1rk1/p3bppp/2p1pn2/1P1p4/3P4/2N1BNP1/PP2PP1P/R2QKB1R b KQ - 0 8,c4b5
19,EulerE,Fabibaratto,979,971,rnbq1rk1/p3bppp/4pn2/1p1p4/3P4/2N1BNP1/PP2PP1P/R2QKB1R w KQ - 0 9,c6b5
19,EulerE,Fabibaratto,979,971,rnbq1rk1/p3bppp/4pn2/1N1p4/3P4/4BNP1/PP2PP1P/R2QKB1R b KQ - 0 9,c3b5
19,EulerE,Fabibaratto,979,971,rn1q1rk1/p3bppp/b3pn2/1N1p4/3P4/4BNP1/PP2PP1P/R2QKB1R w KQ - 1 10,c8a6
19,EulerE,Fabibaratto,979,971,rn1q1rk1/p3bppp/b3pn2/3p4/3P4/2N1BNP1/PP2PP1P/R2QKB1R b KQ - 2 10,b5c3
19,EulerE,Fabibaratto,979,971,r2q1rk1/p3bppp/b1n1pn2/3p4/3P4/2N1BNP1/PP2PP1P/R2QKB1R w KQ - 3 11,b8c6
19,EulerE,Fabibaratto,979,971,r2q1rk1/p3bppp/b1n1pn2/3p4/Q2P4/2N1BNP1/PP2PP1P/R3KB1R b KQ - 4 11,d1a4
19,EulerE,Fabibaratto,979,971,r4rk1/p3bppp/b1n1pn2/q2p4/Q2P4/2N1BNP1/PP2PP1P/R3KB1R w KQ - 5 12,d8a5
19,EulerE,Fabibaratto,979,971,r4rk1/p3bppp/b1Q1pn2/q2p4/3P4/2N1BNP1/PP2PP1P/R3KB1R b KQ - 0 12,a4c6
19,EulerE,Fabibaratto,979,971,r4rk1/p4ppp/b1Q1pn2/q2p4/1b1P4/2N1BNP1/PP2PP1P/R3KB1R w KQ - 1 13,e7b4
19,EulerE,Fabibaratto,979,971,r4rk1/p4ppp/b1Q1pn2/q2p4/1b1P4/2N1BNPB/PP2PP1P/R3K2R b KQ - 2 13,f1h3
19,EulerE,Fabibaratto,979,971,r4rk1/p4ppp/b1Q1p3/q2p4/1b1Pn3/2N1BNPB/PP2PP1P/R3K2R w KQ - 3 14,f6e4
19,EulerE,Fabibaratto,979,971,r4rk1/p4ppp/b1Q1p3/q2p4/1b1Pn3/2N2NPB/PP1BPP1P/R3K2R b KQ - 4 14,e3d2
19,EulerE,Fabibaratto,979,971,2r2rk1/p4ppp/b1Q1p3/q2p4/1b1Pn3/2N2NPB/PP1BPP1P/R3K2R w KQ - 5 15,a8c8
19,EulerE,Fabibaratto,979,971,2r2rk1/p4ppp/b3p3/q2p4/Qb1Pn3/2N2NPB/PP1BPP1P/R3K2R b KQ - 6 15,c6a4
19,EulerE,Fabibaratto,979,971,2r2rk1/p4ppp/b3p3/q2p4/Qb1P4/2n2NPB/PP1BPP1P/R3K2R w KQ - 0 16,e4c3
19,EulerE,Fabibaratto,979,971,2r2rk1/p4ppp/b3p3/Q2p4/1b1P4/2n2NPB/PP1BPP1P/R3K2R b KQ - 0 16,a4a5
19,EulerE,Fabibaratto,979,971,2r2rk1/p4ppp/b3p3/b2p4/3P4/2n2NPB/PP1BPP1P/R3K2R w KQ - 0 17,b4a5
19,EulerE,Fabibaratto,979,971,2r2rk1/p4ppp/b3p3/b2p4/3P4/2B2NPB/PP2PP1P/R3K2R b KQ - 0 17,d2c3
19,EulerE,Fabibaratto,979,971,2r2rk1/p4ppp/b3p3/3p4/3P4/2b2NPB/PP2PP1P/R3K2R w KQ - 0 18,a5c3
19,EulerE,Fabibaratto,979,971,2r2rk1/p4ppp/b3p3/3p4/3P4/2P2NPB/P3PP1P/R3K2R b KQ - 0 18,b2c3
19,EulerE,Fabibaratto,979,971,5rk1/p4ppp/b3p3/3p4/3P4/2r2NPB/P3PP1P/R3K2R w KQ - 0 19,c8c3
19,EulerE,Fabibaratto,979,971,5rk1/p4ppp/b3p3/3p4/3P4/2r2NPB/P3PP1P/R4RK1 b - - 1 19,e1g1
19,EulerE,Fabibaratto,979,971,5rk1/p4ppp/4p3/3p4/3P4/2r2NPB/P3bP1P/R4RK1 w - - 0 20,a6e2
19,EulerE,Fabibaratto,979,971,5rk1/p4ppp/4p3/3p4/3P4/2r2NP1/P3bPBP/R4RK1 b - - 1 20,h3g2
19,EulerE,Fabibaratto,979,971,5rk1/p4ppp/4p3/3p4/3P4/5NP1/P1r1bPBP/R4RK1 w - - 2 21,c3c2
19,EulerE,Fabibaratto,979,971,5rk1/p4ppp/4p3/3p4/3P4/6P1/P1r1bPBP/R3NRK1 b - - 3 21,f3e1
19,EulerE,Fabibaratto,979,971,5rk1/p4ppp/4p3/3p4/3P4/6P1/P2rbPBP/R3NRK1 w - - 4 22,c2d2
19,EulerE,Fabibaratto,979,971,5rk1/p4ppp/4p3/3p4/3P4/5BP1/P2rbP1P/R3NRK1 b - - 5 22,g2f3
19,EulerE,Fabibaratto,979,971,5rk1/p4ppp/4p3/3p4/2bP4/5BP1/P2r1P1P/R3NRK1 w - - 6 23,e2c4
19,EulerE,Fabibaratto,979,971,5rk1/p4ppp/4p3/3p4/2bP4/5BP1/P2r1P1P/2R1NRK1 b - - 7 23,a1c1
19,EulerE,Fabibaratto,979,971,5rk1/p4ppp/4p3/3p4/3P4/5BP1/b2r1P1P/2R1NRK1 w - - 0 24,c4a2
19,EulerE,Fabibaratto,979,971,5rk1/p1R2ppp/4p3/3p4/3P4/5BP1/b2r1P1P/4NRK1 b - - 1 24,c1c7
19,EulerE,Fabibaratto,979,971,5rk1/p1R2ppp/4p3/3p4/3r4/5BP1/b4P1P/4NRK1 w - - 0 25,d2d4
19,EulerE,Fabibaratto,979,971,5rk1/R4ppp/4p3/3p4/3r4/5BP1/b4P1P/4NRK1 b - - 0 25,c7a7
19,EulerE,Fabibaratto,979,971,5rk1/R4ppp/4p3/3p4/2br4/5BP1/5P1P/4NRK1 w - - 1 26,a2c4
19,EulerE,Fabibaratto,979,971,5rk1/R4ppp/4p3/3p4/2br4/5BP1/2N2P1P/5RK1 b - - 2 26,e1c2
19,EulerE,Fabibaratto,979,971,5rk1/R4ppp/4p3/3p4/2b5/5BP1/2Nr1P1P/5RK1 w - - 3 27,d4d2
19,EulerE,Fabibaratto,979,971,5rk1/R4ppp/4p3/3p4/1Nb5/5BP1/3r1P1P/5RK1 b - - 4 27,c2b4
19,EulerE,Fabibaratto,979,971,1r4k1/R4ppp/4p3/3p4/1Nb5/5BP1/3r1P1P/5RK1 w - - 5 28,f8b8
19,EulerE,Fabibaratto,979,971,1r4k1/R4ppp/2N1p3/3p4/2b5/5BP1/3r1P1P/5RK1 b - - 6 28,b4c6
19,EulerE,Fabibaratto,979,971,4r1k1/R4ppp/2N1p3/3p4/2b5/5BP1/3r1P1P/5RK1 w - - 7 29,b8e8
19,EulerE,Fabibaratto,979,971,4r1k1/R4ppp/2N1p3/3p4/2b5/5BP1/3r1P1P/R5K1 b - - 8 29,f1a1
19,EulerE,Fabibaratto,979,971,4r1k1/R4ppp/2N1p3/1b1p4/8/5BP1/3r1P1P/R5K1 w - - 9 30,c4b5
19,EulerE,Fabibaratto,979,971,4r1k1/R3Nppp/4p3/1b1p4/8/5BP1/3r1P1P/R5K1 b - - 10 30,c6e7
19,EulerE,Fabibaratto,979,971,4rk2/R3Nppp/4p3/1b1p4/8/5BP1/3r1P1P/R5K1 w - - 11 31,g8f8
19,EulerE,Fabibaratto,979,971,4rk2/1R2Nppp/4p3/1b1p4/8/5BP1/3r1P1P/R5K1 b - - 12 31,a7b7
19,EulerE,Fabibaratto,979,971,4rk2/1R2Nppp/4p3/3p4/2b5/5BP1/3r1P1P/R5K1 w - - 13 32,b5c4
19,EulerE,Fabibaratto,979,971,4rk2/1R3ppp/2N1p3/3p4/2b5/5BP1/3r1P1P/R5K1 b - - 14 32,e7c6
19,EulerE,Fabibaratto,979,971,4rk2/1R3ppp/2N1p3/3p4/2b5/5BP1/2r2P1P/R5K1 w - - 15 33,d2c2
19,EulerE,Fabibaratto,979,971,1R2rk2/5ppp/2N1p3/3p4/2b5/5BP1/2r2P1P/R5K1 b - - 16 33,b7b8
19,EulerE,Fabibaratto,979,971,1R2rk2/5ppp/2N5/3pp3/2b5/5BP1/2r2P1P/R5K1 w - - 0 34,e6e5
19,EulerE,Fabibaratto,979,971,4Rk2/5ppp/2N5/3pp3/2b5/5BP1/2r2P1P/R5K1 b - - 0 34,b8e8
19,EulerE,Fabibaratto,979,971,4k3/5ppp/2N5/3pp3/2b5/5BP1/2r2P1P/R5K1 w - - 0 35,f8e8
19,EulerE,Fabibaratto,979,971,4k3/5ppp/8/3pN3/2b5/5BP1/2r2P1P/R5K1 b - - 0 35,c6e5
19,EulerE,Fabibaratto,979,971,4k3/5ppp/8/1b1pN3/8/5BP1/2r2P1P/R5K1 w - - 1 36,c4b5
19,EulerE,Fabibaratto,979,971,4k3/5ppp/8/Rb1pN3/8/5BP1/2r2P1P/6K1 b - - 2 36,a1a5
19,EulerE,Fabibaratto,979,971,4k3/5ppp/8/Rb1pN3/8/5BP1/5P1P/2r3K1 w - - 3 37,c2c1
19,EulerE,Fabibaratto,979,971,4k3/5ppp/8/Rb1pN3/8/5BP1/5PKP/2r5 b - - 4 37,g1g2
19,EulerE,Fabibaratto,979,971,4k3/5ppp/8/R2pN3/8/5BP1/5PKP/2r2b2 w - - 5 38,b5f1
19,EulerE,Fabibaratto,979,971,4k3/5ppp/8/R2pN3/8/5BP1/5P1P/2r2bK1 b - - 6 38,g2g1
19,EulerE,Fabibaratto,979,971,4k3/5ppp/8/R2pN3/8/5BPb/5P1P/2r3K1 w - - 7 39,f1h3
19,EulerE,Fabibaratto,979,971,4k3/5ppp/8/R2pN3/8/6Pb/5P1P/2rB2K1 b - - 8 39,f3d1
19,EulerE,Fabibaratto,979,971,4k3/5ppp/8/R2pN3/8/6Pb/5P1P/3r2K1 w - - 0 40,c1d1
20,EulerE,akbarmalikov77,973,1052,rnbqkbnr/pppppppp/8/8/3P4/8/PPP1PPPP/RNBQKBNR b KQkq - 0 1,d2d4
20,EulerE,akbarmalikov77,973,1052,rnbqkbnr/ppp1pppp/8/3p4/3P4/8/PPP1PPPP/RNBQKBNR w KQkq - 0 2,d7d5
20,EulerE,akbarmalikov77,973,1052,rnbqkbnr/ppp1pppp/8/3p4/2PP4/8/PP2PPPP/RNBQKBNR b KQkq - 0 2,c2c4
20,EulerE,akbarmalikov77,973,1052,rnbqkbnr/ppp1pppp/8/8/2pP4/8/PP2PPPP/RNBQKBNR w KQkq - 0 3,d5c4
20,EulerE,akbarmalikov77,973,1052,rnbqkbnr/ppp1pppp/8/8/2pPP3/8/PP3PPP/RNBQKBNR b KQkq - 0 3,e2e4
20,EulerE,akbarmalikov77,973,1052,rnbqkbnr/p1p1pppp/8/1p6/2pPP3/8/PP3PPP/RNBQKBNR w KQkq - 0 4,b7b5
20,EulerE,akbarmalikov77,973,1052,rnbqkbnr/p1p1pppp/8/1p6/P1pPP3/8/1P3PPP/RNBQKBNR b KQkq - 0 4,a2a4
20,EulerE,akbarmalikov77,973,1052,rnbqkbnr/p3pppp/2p5/1p6/P1pPP3/8/1P3PPP/RNBQKBNR w KQkq - 0 5,c7c6
20,EulerE,akbarmalikov77,973,1052,rnbqkbnr/p3pppp/2p5/1p6/P1pPP3/2N5/1P3PPP/R1BQKBNR b KQkq - 1 5,b1c3
20,EulerE,akbarmalikov77,973,1052,rnbqkbnr/4pppp/p1p5/1p6/P1pPP3/2N5/1P3PPP/R1BQKBNR w KQkq - 0 6,a7a6
20,EulerE,akbarmalikov77,973,1052,rnbqkbnr/4pppp/p1p5/1P6/2pPP3/2N5/1P3PPP/R1BQKBNR b KQkq - 0 6,a4b5
20,EulerE,akbarmalikov77,973,1052,rnbqkbnr/4pppp/p7/1p6/2pPP3/2N5/1P3PPP/R1BQKBNR w KQkq - 0 7,c6b5
20,EulerE,akbarmalikov77,973,1052,rnbqkbnr/4pppp/p7/1N6/2pPP3/8/1P3PPP/R1BQKBNR b KQkq - 0 7,c3b5
20,EulerE,akbarmalikov77,973,1052,r1bqkbnr/4pppp/p1n5/1N6/2pPP3/8/1P3PPP/R1BQKBNR w KQkq - 1 8,b8c6
20,EulerE,akbarmalikov77,973,1052,r1bqkbnr/4pppp/p1n5/1N1P4/2p1P3/8/1P3PPP/R1BQKBNR b KQkq - 0 8,d4d5
20,EulerE,akbarmalikov77,973,1052,r1bqkbnr/4pppp/p7/1N1Pn3/2p1P3/8/1P3PPP/R1BQKBNR w KQkq - 1 9,c6e5
20,EulerE,akbarmalikov77,973,1052,r1bqkbnr/4pppp/p7/1N1Pn3/2p1P3/5N2/1P3PPP/R1BQKB1R b KQkq - 2 9,g1f3
20,EulerE,akbarmalikov77,973,1052,r2qkbnr/4pppp/p7/1N1Pn3/2p1P1b1/5N2/1P3PPP/R1BQKB1R w KQkq - 3 10,c8g4
20,EulerE,akbarmalikov77,973,1052,r2qkbnr/4pppp/p7/1N1Pn3/2p1P1b1/5N2/1P2BPPP/R1BQK2R b KQkq - 4 10,f1e2
20,EulerE,akbarmalikov77,973,1052,r2qkbnr/4pppp/p7/1N1P4/2p1P1b1/5n2/1P2BPPP/R1BQK2R w KQkq - 0 11,e5f3
20,EulerE,akbarmalikov77,973,1052,r2qkbnr/4pppp/p7/1N1P4/2p1P1b1/5B2/1P3PPP/R1BQK2R b KQkq - 0 11,e2f3
20,EulerE,akbarmalikov77,973,1052,r2qkbnr/4pppp/p7/1N1P4/2p1P3/5b2/1P3PPP/R1BQK2R w KQkq - 0 12,g4f3
20,EulerE,akbarmalikov77,973,1052,r2qkbnr/4pppp/p7/1N1P4/2p1P3/5Q2/1P3PPP/R1B1K2R b KQkq - 0 12,d1f3
20,EulerE,akbarmalikov77,973,1052,r2qkb1r/4pppp/p6n/1N1P4/2p1P3/5Q2/1P3PPP/R1B1K2R w KQkq - 1 13,g8h6
20,EulerE,akbarmalikov77,973,1052,r2qkb1r/4pppp/p6n/1N1P4/2p1PB2/5Q2/1P3PPP/R3K2R b KQkq - 2 13,c1f4
20,EulerE,akbarmalikov77,973,1052,r2qkb1r/4pppp/7n/1p1P4/2p1PB2/5Q2/1P3PPP/R3K2R w KQkq - 0 14,a6b5
20,EulerE,akbarmalikov77,973,1052,R2qkb1r/4pppp/7n/1p1P4/2p1PB2/5Q2/1P3PPP/4K2R b Kk - 0 14,a1a8
20,EulerE,akbarmalikov77,973,1052,q3kb1r/4pppp/7n/1p1P4/2p1PB2/5Q2/1P3PPP/4K2R w Kk - 0 15,d8a8
20,EulerE,akbarmalikov77,973,1052,q3kb1r/4pppp/7B/1p1P4/2p1P3/5Q2/1P3PPP/4K2R b Kk - 0 15,f4h6
20,EulerE,akbarmalikov77,973,1052,q3kb1r/4pp1p/7p/1p1P4/2p1P3/5Q2/1P3PPP/4K2R w Kk - 0 16,g7h6
20,EulerE,akbarmalikov77,973,1052,q3kb1r/4pp1p/7p/1p1P4/2p1P3/5Q2/1P3PPP/5RK1 b k - 1 16,e1g1
20,EulerE,akbarmalikov77,973,1052,q3k2r/4ppbp/7p/1p1P4/2p1P3/5Q2/1P3PPP/5RK1 w k - 2 17,f8g7
20,EulerE,akbarmalikov77,973,1052,q3k2r/4ppbp/7p/1p1P4/2p1P3/5Q2/1P3PPP/1R4K1 b k - 3 17,f1b1
20,EulerE,akbarmalikov77,973,1052,q4rk1/4ppbp/7p/1p1P4/2p1P3/5Q2/1P3PPP/1R4K1 w - - 4 18,e8g8
20,EulerE,akbarmalikov77,973,1052,q4rk1/4ppbp/7p/1p1P4/2p1P1Q1/8/1P3PPP/1R4K1 b - - 5 18,f3g4
20,EulerE,akbarmalikov77,973,1052,q4rk1/5pbp/4p2p/1p1P4/2p1P1Q1/8/1P3PPP/1R4K1 w - - 0 19,e7e6
20,EulerE,akbarmalikov77,973,1052,q4rk1/5pbp/4P2p/1p6/2p1P1Q1/8/1P3PPP/1R4K1 b - - 0 19,d5e6
20,EulerE,akbarmalikov77,973,1052,q4rk1/6bp/4p2p/1p6/2p1P1Q1/8/1P3PPP/1R4K1 w - - 0 20,f7e6
20,EulerE,akbarmalikov77,973,1052,q4rk1/6bp/4Q2p/1p6/2p1P3/8/1P3PPP/1R4K1 b - - 0 20,g4e6
20,EulerE,akbarmalikov77,973,1052,q4r1k/6bp/4Q2p/1p6/2p1P3/8/1P3PPP/1R4K1 w - - 1 21,g8h8
20,EulerE,akbarmalikov77,973,1052,q4r1k/6bp/4Q2p/1p6/2p1P3/1P6/5PPP/1R4K1 b - - 0 21,b2b3
20,EulerE,akbarmalikov77,973,1052,q4r1k/6bp/4Q2p/1p6/4P3/1p6/5PPP/1R4K1 w - - 0 22,c4b3
20,EulerE,akbarmalikov77,973,1052,q4r1k/6bp/4Q2p/1p6/4P3/1R6/5PPP/6K1 b - - 0 22,b1b3
20,EulerE,akbarmalikov77,973,1052,5r1k/6bp/4Q2p/1p6/4P3/1R6/5PPP/q5K1 w - - 1 23,a8a1
20,EulerE,akbarmalikov77,973,1052,5r1k/6bp/4Q2p/1p6/4P3/8/5PPP/qR4K1 b - - 2 23,b3b1
20,EulerE,akbarmalikov77,973,1052,5r1k/6bp/4Q2p/1p6/4P3/8/5PPP/1q4K1 w - - 0 24,a1b1
21,EulerE,bugvug,964,916,rnbqkbnr/pppppppp/8/8/3P4/8/PPP1PPPP/RNBQKBNR b KQkq - 0 1,d2d4
21,EulerE,bugvug,964,916,rnbqkbnr/ppp1pppp/8/3p4/3P4/8/PPP1PPPP/RNBQKBNR w KQkq - 0 2,d7d5
21,EulerE,bugvug,964,916,rnbqkbnr/ppp1pppp/8/3p4/2PP4/8/PP2PPPP/RNBQKBNR b KQkq - 0 2,c2c4
21,EulerE,bugvug,964,916,rnbqkbnr/ppp2ppp/4p3/3p4/2PP4/8/PP2PPPP/RNBQKBNR w KQkq - 0 3,e7e6
21,EulerE,bugvug,964,916,rnbqkbnr/ppp2ppp/4p3/3p4/2PP4/2N5/PP2PPPP/R1BQKBNR b KQkq - 1 3,b1c3
21,EulerE,bugvug,964,916,rnbqkb1r/ppp2ppp/4pn2/3p4/2PP4/2N5/PP2PPPP/R1BQKBNR w KQkq - 2 4,g8f6
21,EulerE,bugvug,964,916,rnbqkb1r/ppp2ppp/4pn2/3p2B1/2PP4/2N5/PP2PPPP/R2QKBNR b KQkq - 3 4,c1g5
21,EulerE,bugvug,964,916,rnbqk2r/ppp1bppp/4pn2/3p2B1/2PP4/2N5/PP2PPPP/R2QKBNR w KQkq - 4 5,f8e7
21,EulerE,bugvug,964,916,rnbqk2r/ppp1bppp/4pn2/3p2B1/2PP4/2N2N2/PP2PPPP/R2QKB1R b KQkq - 5 5,g1f3
21,EulerE,bugvug,964,916,r1bqk2r/ppp1bppp/2n1pn2/3p2B1/2PP4/2N2N2/PP2PPPP/R2QKB1R w KQkq - 6 6,b8c6
21,EulerE,bugvug,964,916,r1bqk2r/ppp1bppp/2n1pB2/3p4/2PP4/2N2N2/PP2PPPP/R2QKB1R b KQkq - 0 6,g5f6
21,EulerE,bugvug,964,916,r1bqk2r/ppp2ppp/2n1pb2/3p4/2PP4/2N2N2/PP2PPPP/R2QKB1R w KQkq - 0 7,e7f6
21,EulerE,bugvug,964,916,r1bqk2r/ppp2ppp/2n1pb2/3p4/2PPP3/2N2N2/PP3PPP/R2QKB1R b KQkq - 0 7,e2e4
21,EulerE,bugvug,964,916,r1bqk2r/ppp2ppp/2n1pb2/8/2PPp3/2N2N2/PP3PPP/R2QKB1R w KQkq - 0 8,d5e4
21,EulerE,bugvug,964,916,r1bqk2r/ppp2ppp/2n1pb2/8/2PPN3/5N2/PP3PPP/R2QKB1R b KQkq - 0 8,c3e4
21,EulerE,bugvug,964,916,r1bqk2r/ppp2ppp/4pb2/8/2PnN3/5N2/PP3PPP/R2QKB1R w KQkq - 0 9,c6d4
21,EulerE,bugvug,964,916,r1bqk2r/ppp2ppp/4pb2/8/2PNN3/8/PP3PPP/R2QKB1R b KQkq - 0 9,f3d4
21,EulerE,bugvug,964,916,r1bqk2r/ppp2ppp/4p3/8/2PbN3/8/PP3PPP/R2QKB1R w KQkq - 0 10,f6d4
21,EulerE,bugvug,964,916,r1bqk2r/ppp2ppp/4p3/8/2PbN3/8/PP2BPPP/R2QK2R b KQkq - 1 10,f1e2
21,EulerE,bugvug,964,916,r1bqk2r/ppp2ppp/8/4p3/2PbN3/8/PP2BPPP/R2QK2R w KQkq - 0 11,e6e5
21,EulerE,bugvug,964,916,r1bqk2r/ppp2ppp/8/4p3/2PbN3/8/PP2BPPP/R2Q1RK1 b kq - 1 11,e1g1
21,EulerE,bugvug,964,916,r1bq1rk1/ppp2ppp/8/4p3/2PbN3/8/PP2BPPP/R2Q1RK1 w - - 2 12,e8g8
21,EulerE,bugvug,964,916,r1bq1rk1/ppp2ppp/8/4p3/2PbN3/8/PP2BPPP/1R1Q1RK1 b - - 3 12,a1b1
21,EulerE,bugvug,964,916,r2q1rk1/ppp2ppp/8/4pb2/2PbN3/8/PP2BPPP/1R1Q1RK1 w - - 4 13,c8f5
21,EulerE,bugvug,964,916,r2q1rk1/ppp2ppp/8/4pb2/2PbN3/5B2/PP3PPP/1R1Q1RK1 b - - 5 13,e2f3
21,EulerE,bugvug,964,916,r4rk1/ppp2ppp/8/4pb2/2PbN2q/5B2/PP3PPP/1R1Q1RK1 w - - 6 14,d8h4
21,EulerE,bugvug,964,916,r4rk1/ppp2ppp/8/4pb2/1PPbN2q/5B2/P4PPP/1R1Q1RK1 b - - 0 14,b2b4
21,EulerE,bugvug,964,916,r4rk1/ppp2ppp/8/4p3/1PPbb2q/5B2/P4PPP/1R1Q1RK1 w - - 0 15,f5e4
21,EulerE,bugvug,964,916,r4rk1/ppp2ppp/8/4p3/1PPbb2q/5BP1/P4P1P/1R1Q1RK1 b - - 0 15,g2g3
22,pirrinflin,EulerE,1002,956,rnbqkbnr/pppppppp/8/8/4P3/8/PPPP1PPP/RNBQKBNR b KQkq - 0 1,e2e4
22,pirrinflin,EulerE,1002,956,rnbqkbnr/pppp1ppp/8/4p3/4P3/8/PPPP1PPP/RNBQKBNR w KQkq - 0 2,e7e5
22,pirrinflin,EulerE,1002,956,rnbqkbnr/pppp1ppp/8/4p3/2B1P3/8/PPPP1PPP/RNBQK1NR b KQkq - 1 2,f1c4
22,pirrinflin,EulerE,1002,956,r1bqkbnr/pppp1ppp/2n5/4p3/2B1P3/8/PPPP1PPP/RNBQK1NR w KQkq - 2 3,b8c6
22,pirrinflin,EulerE,1002,956,r1bqkbnr/pppp1ppp/2n5/4p3/2B1P3/5Q2/PPPP1PPP/RNB1K1NR b KQkq - 3 3,d1f3
22,pirrinflin,EulerE,1002,956,r1bqkb1r/pppp1ppp/2n2n2/4p3/2B1P3/5Q2/PPPP1PPP/RNB1K1NR w KQkq - 4 4,g8f6
22,pirrinflin,EulerE,1002,956,r1bqkb1r/pppp1ppp/2n2n2/4p3/2B1P3/2P2Q2/PP1P1PPP/RNB1K1NR b KQkq - 0 4,c2c3
22,pirrinflin,EulerE,1002,956,r1bqkb1r/ppp2ppp/2n2n2/3pp3/2B1P3/2P2Q2/PP1P1PPP/RNB1K1NR w KQkq - 0 5,d7d5
22,pirrinflin,EulerE,1002,956,r1bqkb1r/ppp2ppp/2n2n2/3Pp3/2B5/2P2Q2/PP1P1PPP/RNB1K1NR b KQkq - 0 5,e4d5
22,pirrinflin,EulerE,1002,956,r1bqkb1r/ppp1nppp/5n2/3Pp3/2B5/2P2Q2/PP1P1PPP/RNB1K1NR w KQkq - 1 6,c6e7
22,pirrinflin,EulerE,1002,956,r1bqkb1r/ppp1nppp/5n2/3Pp3/2B5/2PP1Q2/PP3PPP/RNB1K1NR b KQkq - 0 6,d2d3
22,pirrinflin,EulerE,1002,956,r1bqkb1r/ppp2ppp/5n2/3np3/2B5/2PP1Q2/PP3PPP/RNB1K1NR w KQkq - 0 7,e7d5
22,pirrinflin,EulerE,1002,956,r1bqkb1r/ppp2ppp/5n2/3np1B1/2B5/2PP1Q2/PP3PPP/RN2K1NR b KQkq - 1 7,c1g5
22,pirrinflin,EulerE,1002,956,r1bqk2r/ppp2ppp/3b1n2/3np1B1/2B5/2PP1Q2/PP3PPP/RN2K1NR w KQkq - 2 8,f8d6
22,pirrinflin,EulerE,1002,956,r1bqk2r/ppp2ppp/3b1B2/3np3/2B5/2PP1Q2/PP3PPP/RN2K1NR b KQkq - 0 8,g5f6
22,pirrinflin,EulerE,1002,956,r1bqk2r/ppp2p1p/3b1p2/3np3/2B5/2PP1Q2/PP3PPP/RN2K1NR w KQkq - 0 9,g7f6
22,pirrinflin,EulerE,1002,956,r1bqk2r/ppp2p1p/3b1p2/3Qp3/2B5/2PP4/PP3PPP/RN2K1NR b KQkq - 0 9,f3d5
22,pirrinflin,EulerE,1002,956,r2qk2r/ppp2p1p/3bbp2/3Qp3/2B5/2PP4/PP3PPP/RN2K1NR w KQkq - 1 10,c8e6
22,pirrinflin,EulerE,1002,956,r2qk2r/pQp2p1p/3bbp2/4p3/2B5/2PP4/PP3PPP/RN2K1NR b KQkq - 0 10,d5b7
22,pirrinflin,EulerE,1002,956,r2qk2r/pQp2p1p/3b1p2/4p3/2b5/2PP4/PP3PPP/RN2K1NR w KQkq - 0 11,e6c4
22,pirrinflin,EulerE,1002,956,r2qk2r/p1p2p1p/2Qb1p2/4p3/2b5/2PP4/PP3PPP/RN2K1NR b KQkq - 1 11,b7c6
22,pirrinflin,EulerE,1002,956,r2q1k1r/p1p2p1p/2Qb1p2/4p3/2b5/2PP4/PP3PPP/RN2K1NR w KQ - 2 12,e8f8
22,pirrinflin,EulerE,1002,956,r2q1k1r/p1p2p1p/3b1p2/4p3/2Q5/2PP4/PP3PPP/RN2K1NR b KQ - 0 12,c6c4
22,pirrinflin,EulerE,1002,956,1r1q1k1r/p1p2p1p/3b1p2/4p3/2Q5/2PP4/PP3PPP/RN2K1NR w KQ - 1 13,a8b8
22,pirrinflin,EulerE,1002,956,1r1q1k1r/p1p2p1p/3b1p2/4p3/1PQ5/2PP4/P4PPP/RN2K1NR b KQ - 0 13,b2b4
22,pirrinflin,EulerE,1002,956,1r1q1kr1/p1p2p1p/3b1p2/4p3/1PQ5/2PP4/P4PPP/RN2K1NR w KQ - 1 14,h8g8
22,pirrinflin,EulerE,1002,956,1r1q1kr1/p1p2p1p/3b1p2/4p3/1PQ5/2PP2P1/P4P1P/RN2K1NR b KQ - 0 14,g2g3
22,pirrinflin,EulerE,1002,956,1r1q1kr1/p4p1p/3b1p2/2p1p3/1PQ5/2PP2P1/P4P1P/RN2K1NR w KQ - 0 15,c7c5
22,pirrinflin,EulerE,1002,956,1r1q1kr1/p4p1p/3b1p2/2p1p3/1PQ5/2PP2P1/P3NP1P/RN2K2R b KQ - 1 15,g1e2
22,pirrinflin,EulerE,1002,956,1r1q1kr1/p4p1p/3b1p2/4p3/1pQ5/2PP2P1/P3NP1P/RN2K2R w KQ - 0 16,c5b4
22,pirrinflin,EulerE,1002,956,1r1q1kr1/p4p1p/3b1p2/4p3/1pQ5/2PP2P1/P3NP1P/RN3RK1 b - - 1 16,e1g1
22,pirrinflin,EulerE,1002,956,2rq1kr1/p4p1p/3b1p2/4p3/1pQ5/2PP2P1/P3NP1P/RN3RK1 w - - 2 17,b8c8
22,pirrinflin,EulerE,1002,956,2rq1kr1/p4p1p/3b1p2/4p3/1p5Q/2PP2P1/P3NP1P/RN3RK1 b - - 3 17,c4h4
22,pirrinflin,EulerE,1002,956,2rq1kr1/p4p1p/3b4/4pp2/1p5Q/2PP2P1/P3NP1P/RN3RK1 w - - 0 18,f6f5
22,pirrinflin,EulerE,1002,956,2rq1kr1/p4p1p/3b3Q/4pp2/1p6/2PP2P1/P3NP1P/RN3RK1 b - - 1 18,h4h6
22,pirrinflin,EulerE,1002,956,2rqk1r1/p4p1p/3b3Q/4pp2/1p6/2PP2P1/P3NP1P/RN3RK1 w - - 2 19,f8e8
22,pirrinflin,EulerE,1002,956,2rqk1r1/p4p1Q/3b4/4pp2/1p6/2PP2P1/P3NP1P/RN3RK1 b - - 0 19,h6h7
22,pirrinflin,EulerE,1002,956,2rq2r1/p2k1p1Q/3b4/4pp2/1p6/2PP2P1/P3NP1P/RN3RK1 w - - 1 20,e8d7
22,pirrinflin,EulerE,1002,956,2rq2r1/p2k1p2/3b4/4pQ2/1p6/2PP2P1/P3NP1P/RN3RK1 b - - 0 20,h7f5
22,pirrinflin,EulerE,1002,956,2rqk1r1/p4p2/3b4/4pQ2/1p6/2PP2P1/P3NP1P/RN3RK1 w - - 1 21,d7e8
22,pirrinflin,EulerE,1002,956,2rqk1r1/p4p2/3b4/4pQ2/1P6/3P2P1/P3NP1P/RN3RK1 b - - 0 21,c3b4
22,pirrinflin,EulerE,1002,956,3qk1r1/p4p2/3b4/4pQ2/1P6/3P2P1/P1r1NP1P/RN3RK1 w - - 1 22,c8c2
22,pirrinflin,EulerE,1002,956,3qk1r1/p4p2/3b4/4pQ2/1P6/2NP2P1/P1r2P1P/RN3RK1 b - - 2 22,e2c3
23,EulerE,romiereigns,947,917,rnbqkbnr/pppppppp/8/8/3P4/8/PPP1PPPP/RNBQKBNR b KQkq - 0 1,d2d4
23,EulerE,romiereigns,947,917,rnbqkbnr/pppp1ppp/4p3/8/3P4/8/PPP1PPPP/RNBQKBNR w KQkq - 0 2,e7e6
23,EulerE,romiereigns,947,917,rnbqkbnr/pppp1ppp/4p3/8/3PP3/8/PPP2PPP/RNBQKBNR b KQkq - 0 2,e2e4
23,EulerE,romiereigns,947,917,rnbqkbnr/ppp2ppp/4p3/3p4/3PP3/8/PPP2PPP/RNBQKBNR w KQkq - 0 3,d7d5
23,EulerE,romiereigns,947,917,rnbqkbnr/ppp2ppp/4p3/3pP3/3P4/8/PPP2PPP/RNBQKBNR b KQkq - 0 3,e4e5
23,EulerE,romiereigns,947,917,rnbqkbnr/p1p2ppp/1p2p3/3pP3/3P4/8/PPP2PPP/RNBQKBNR w KQkq - 0 4,b7b6
23,EulerE,romiereigns,947,917,rnbqkbnr/p1p2ppp/1p2p3/1B1pP3/3P4/8/PPP2PPP/RNBQK1NR b KQkq - 1 4,f1b5
23,EulerE,romiereigns,947,917,rn1qkbnr/p1pb1ppp/1p2p3/1B1pP3/3P4/8/PPP2PPP/RNBQK1NR w KQkq - 2 5,c8d7
23,EulerE,romiereigns,947,917,rn1qkbnr/p1pB1ppp/1p2p3/3pP3/3P4/8/PPP2PPP/RNBQK1NR b KQkq - 0 5,b5d7
23,EulerE,romiereigns,947,917,rn2kbnr/p1pq1ppp/1p2p3/3pP3/3P4/8/PPP2PPP/RNBQK1NR w KQkq - 0 6,d8d7
23,EulerE,romiereigns,947,917,rn2kbnr/p1pq1ppp/1p2p3/3pP3/3P4/5N2/PPP2PPP/RNBQK2R b KQkq - 1 6,g1f3
23,EulerE,romiereigns,947,917,rn2kbnr/p2q1ppp/1p2p3/2ppP3/3P4/5N2/PPP2PPP/RNBQK2R w KQkq - 0 7,c7c5
23,EulerE,romiereigns,947,917,rn2kbnr/p2q1ppp/1p2p3/2ppP3/3P4/2P2N2/PP3PPP/RNBQK2R b KQkq - 0 7,c2c3
23,EulerE,romiereigns,947,917,r3kbnr/p2q1ppp/1pn1p3/2ppP3/3P4/2P2N2/PP3PPP/RNBQK2R w KQkq - 1 8,b8c6
23,EulerE,romiereigns,947,917,r3kbnr/p2q1ppp/1pn1p3/2ppP3/3P4/2P2N2/PP3PPP/RNBQ1RK1 b kq - 2 8,e1g1
23,EulerE,romiereigns,947,917,r3kbnr/p2q1ppp/1pn1p3/3pP3/3p4/2P2N2/PP3PPP/RNBQ1RK1 w kq - 0 9,c5d4
23,EulerE,romiereigns,947,917,r3kbnr/p2q1ppp/1pn1p3/3pP3/3N4/2P5/PP3PPP/RNBQ1RK1 b kq - 0 9,f3d4
23,EulerE,romiereigns,947,917,r3kbnr/p2q1ppp/1p2p3/3pP3/3n4/2P5/PP3PPP/RNBQ1RK1 w kq - 0 10,c6d4
23,EulerE,romiereigns,947,917,r3kbnr/p2q1ppp/1p2p3/3pP3/3P4/8/PP3PPP/RNBQ1RK1 b kq - 0 10,c3d4
23,EulerE,romiereigns,947,917,r3kb1r/p2qnppp/1p2p3/3pP3/3P4/8/PP3PPP/RNBQ1RK1 w kq - 1 11,g8e7
23,EulerE,romiereigns,947,917,r3kb1r/p2qnppp/1p2p3/3pP3/3P4/2N5/PP3PPP/R1BQ1RK1 b kq - 2 11,b1c3
23,EulerE,romiereigns,947,917,r3kb1r/p2q1ppp/1p2p3/3pPn2/3P4/2N5/PP3PPP/R1BQ1RK1 w kq - 3 12,e7f5
23,EulerE,romiereigns,947,917,r3kb1r/p2q1ppp/1p2p3/3pPn2/Q2P4/2N5/PP3PPP/R1B2RK1 b kq - 4 12,d1a4
23,EulerE,romiereigns,947,917,r3kb1r/p4ppp/1p2p3/3pPn2/q2P4/2N5/PP3PPP/R1B2RK1 w kq - 0 13,d7a4
23,EulerE,romiereigns,947,917,r3kb1r/p4ppp/1p2p3/3pPn2/N2P4/8/PP3PPP/R1B2RK1 b kq - 0 13,c3a4
23,EulerE,romiereigns,947,917,r3kb1r/p4ppp/1p2p3/3pP3/N2n4/8/PP3PPP/R1B2RK1 w kq - 0 14,f5d4
23,EulerE,romiereigns,947,917,r3kb1r/p4ppp/1p2p3/3pP3/N2n4/8/PP3PPP/R1B1R1K1 b kq - 1 14,f1e1
23,EulerE,romiereigns,947,917,r3kb1r/p4ppp/1p2p3/3pP3/N7/8/PPn2PPP/R1B1R1K1 w kq - 2 15,d4c2
23,EulerE,romiereigns,947,917,r3kb1r/p4ppp/1p2p3/3pP3/N7/4B3/PPn2PPP/R3R1K1 b kq - 3 15,c1e3
23,EulerE,romiereigns,947,917,r3k2r/p4ppp/1p2p3/3pP3/Nb6/4B3/PPn2PPP/R3R1K1 w kq - 4 16,f8b4
23,EulerE,romiereigns,947,917,r3k2r/p4ppp/1p2p3/3pP3/Nb6/4B3/PPn2PPP/R1R3K1 b kq - 5 16,e1c1
23,EulerE,romiereigns,947,917,r3k2r/p4ppp/1p2p3/3pP3/Nb6/4B3/PP3PPP/n1R3K1 w kq - 0 17,c2a1
23,EulerE,romiereigns,947,917,r3k2r/p4ppp/1p2p3/3pP3/Nb6/4B3/PP3PPP/R5K1 b kq - 0 17,c1a1
23,EulerE,romiereigns,947,917,2r1k2r/p4ppp/1p2p3/3pP3/Nb6/4B3/PP3PPP/R5K1 w k - 1 18,a8c8
23,EulerE,romiereigns,947,917,2r1k2r/p4ppp/1p2p3/3pP3/Nb6/P3B3/1P3PPP/R5K1 b k - 0 18,a2a3
23,EulerE,romiereigns,947,917,2r1k2r/p4ppp/1p2p3/2bpP3/N7/P3B3/1P3PPP/R5K1 w k - 1 19,b4c5
23,EulerE,romiereigns,947,917,2r1k2r/p4ppp/1p2p3/2NpP3/8/P3B3/1P3PPP/R5K1 b k - 0 19,a4c5
23,EulerE,romiereigns,947,917,2r1k2r/p4ppp/4p3/2ppP3/8/P3B3/1P3PPP/R5K1 w k - 0 20,b6c5
23,EulerE,romiereigns,947,917,2r1k2r/p4ppp/4p3/2ppP3/8/P3B3/1P3PPP/2R3K1 b k - 1 20,a1c1
23,EulerE,romiereigns,947,917,2r1k2r/p4ppp/4p3/3pP3/2p5/P3B3/1P3PPP/2R3K1 w k - 0 21,c5c4
23,EulerE,romiereigns,947,917,2r1k2r/B4ppp/4p3/3pP3/2p5/P7/1P3PPP/2R3K1 b k - 0 21,e3a7
23,EulerE,romiereigns,947,917,2r2rk1/B4ppp/4p3/3pP3/2p5/P7/1P3PPP/2R3K1 w - - 1 22,e8g8
23,EulerE,romiereigns,947,917,2r2rk1/B4ppp/4p3/3pP3/2p2P2/P7/1P4PP/2R3K1 b - - 0 22,f2f4
23,EulerE,romiereigns,947,917,2rr2k1/B4ppp/4p3/3pP3/2p2P2/P7/1P4PP/2R3K1 w - - 1 23,f8d8
23,EulerE,romiereigns,947,917,2rr2k1/B4ppp/4p3/3pP3/2p2P2/P5P1/1P5P/2R3K1 b - - 0 23,g2g3
23,EulerE,romiereigns,947,917,2rr2k1/B4ppp/4p3/4P3/2pp1P2/P5P1/1P5P/2R3K1 w - - 0 24,d5d4
23,EulerE,romiereigns,947,917,2rr2k1/B4ppp/4p3/4P3/2pp1P2/P5P1/1P3K1P/2R5 b - - 1 24,g1f2
23,EulerE,romiereigns,947,917,2rr2k1/B4ppp/4p3/4P3/2p2P2/P2p2P1/1P3K1P/2R5 w - - 0 25,d4d3
23,EulerE,romiereigns,947,917,2rr2k1/B4ppp/4p3/4P3/2p2P2/P2p2P1/1P3K1P/3R4 b - - 1 25,c1d1
23,EulerE,romiereigns,947,917,2rr2k1/B4ppp/4p3/4P3/2p2P2/P5P1/1P1p1K1P/3R4 w - - 0 26,d3d2
23,EulerE,romiereigns,947,917,2rr2k1/B4ppp/4p3/4P3/2p2P2/P5P1/1P1pK2P/3R4 b - - 1 26,f2e2
23,EulerE,romiereigns,947,917,2rr2k1/B4pp1/4p3/4P2p/2p2P2/P5P1/1P1pK2P/3R4 w - - 0 27,h7h5
23,EulerE,romiereigns,947,917,2rr2k1/B4pp1/4p3/4P2p/2p2P2/P5P1/1P1RK2P/8 b - - 0 27,d1d2
23,EulerE,romiereigns,947,917,2r3k1/B4pp1/4p3/4P2p/2p2P2/P5P1/1P1rK2P/8 w - - 0 28,d8d2
23,EulerE,romiereigns,947,917,2r3k1/B4pp1/4p3/4P2p/2p2P2/P5P1/1P1K3P/8 b - - 0 28,e2d2
23,EulerE,romiereigns,947,917,2r2k2/B4pp1/4p3/4P2p/2p2P2/P5P1/1P1K3P/8 w - - 1 29,g8f8
23,EulerE,romiereigns,947,917,2r2k2/B4pp1/4p3/4P2p/2p2P2/P1K3P1/1P5P/8 b - - 2 29,d2c3
23,EulerE,romiereigns,947,917,2r5/B3kpp1/4p3/4P2p/2p2P2/P1K3P1/1P5P/8 w - - 3 30,f8e7
23,EulerE,romiereigns,947,917,2r5/B3kpp1/4p3/4P2p/2p2P2/PPK3P1/7P/8 b - - 0 30,b2b3
23,EulerE,romiereigns,947,917,r7/B3kpp1/4p3/4P2p/2p2P2/PPK3P1/7P/8 w - - 1 31,c8a8
23,EulerE,romiereigns,947,917,r7/4kpp1/4p3/2B1P2p/2p2P2/PPK3P1/7P/8 b - - 2 31,a7c5
23,EulerE,romiereigns,947,917,r7/3k1pp1/4p3/2B1P2p/2p2P2/PPK3P1/7P/8 w - - 3 32,e7d7
23,EulerE,romiereigns,947,917,r7/3k1pp1/4p3/2B1P2p/2P2P2/P1K3P1/7P/8 b - - 0 32,b3c4
23,EulerE,romiereigns,947,917,r7/5pp1/2k1p3/2B1P2p/2P2P2/P1K3P1/7P/8 w - - 1 33,d7c6
23,EulerE,romiereigns,947,917,r7/5pp1/2k1p3/2B1P2p/1KP2P2/P5P1/7P/8 b - - 2 33,c3b4
23,EulerE,romiereigns,947,917,1r6/5pp1/2k1p3/2B1P2p/1KP2P2/P5P1/7P/8 w - - 3 34,a8b8
23,EulerE,romiereigns,947,917,1r6/5pp1/1Bk1p3/4P2p/1KP2P2/P5P1/7P/8 b - - 4 34,c5b6
23,EulerE,romiereigns,947,917,8/5pp1/1rk1p3/4P2p/1KP2P2/P5P1/7P/8 w - - 0 35,b8b6
23,EulerE,romiereigns,947,917,8/5pp1/1rk1p3/K3P2p/2P2P2/P5P1/7P/8 b - - 1 35,b4a5
23,EulerE,romiereigns,947,917,8/5pp1/1r2p3/K1k1P2p/2P2P2/P5P1/7P/8 w - - 2 36,c6c5
23,EulerE,romiereigns,947,917,8/5pp1/1r2p3/2k1P2p/K1P2P2/P5P1/7P/8 b - - 3 36,a5a4
24,BenutPudder,EulerE,915,946,rnbqkbnr/pppppppp/8/8/3P4/8/PPP1PPPP/RNBQKBNR b KQkq - 0 1,d2d4
24,BenutPudder,EulerE,915,946,rnbqkbnr/ppp1pppp/8/3p4/3P4/8/PPP1PPPP/RNBQKBNR w KQkq - 0 2,d7d5
24,BenutPudder,EulerE,915,946,rnbqkbnr/ppp1pppp/8/3p4/3P1B2/8/PPP1PPPP/RN1QKBNR b KQkq - 1 2,c1f4
24,BenutPudder,EulerE,915,946,rnbqkb1r/ppp1pppp/5n2/3p4/3P1B2/8/PPP1PPPP/RN1QKBNR w KQkq - 2 3,g8f6
24,BenutPudder,EulerE,915,946,rnbqkb1r/ppp1pppp/5n2/3p4/3P1B2/2N5/PPP1PPPP/R2QKBNR b KQkq - 3 3,b1c3
24,BenutPudder,EulerE,915,946,rnbqkb1r/1pp1pppp/p4n2/3p4/3P1B2/2N5/PPP1PPPP/R2QKBNR w KQkq - 0 4,a7a6
24,BenutPudder,EulerE,915,946,rnbqkb1r/1pp1pppp/p4n2/3p4/3P1B2/2N1P3/PPP2PPP/R2QKBNR b KQkq - 0 4,e2e3
24,BenutPudder,EulerE,915,946,rnbqkb1r/1pp1pppp/p7/3p4/3PnB2/2N1P3/PPP2PPP/R2QKBNR w KQkq - 1 5,f6e4
24,BenutPudder,EulerE,915,946,rnbqkb1r/1pp1pppp/p7/3p4/3PNB2/4P3/PPP2PPP/R2QKBNR b KQkq - 0 5,c3e4
24,BenutPudder,EulerE,915,946,rnbqkb1r/1pp1pppp/p7/8/3PpB2/4P3/PPP2PPP/R2QKBNR w KQkq - 0 6,d5e4
24,BenutPudder,EulerE,915,946,rnbqkb1r/1pp1pppp/p7/8/2BPpB2/4P3/PPP2PPP/R2QK1NR b KQkq - 1 6,f1c4
24,BenutPudder,EulerE,915,946,rn1qkb1r/1pp1pppp/p7/5b2/2BPpB2/4P3/PPP2PPP/R2QK1NR w KQkq - 2 7,c8f5
24,BenutPudder,EulerE,915,946,rn1qkb1r/1pp1pppp/p7/3P1b2/2B1pB2/4P3/PPP2PPP/R2QK1NR b KQkq - 0 7,d4d5
24,BenutPudder,EulerE,915,946,rn1qkb1r/1pp2ppp/p3p3/3P1b2/2B1pB2/4P3/PPP2PPP/R2QK1NR w KQkq - 0 8,e7e6
24,BenutPudder,EulerE,915,946,rn1qkb1r/1pp2ppp/p3p3/3P1b2/2B1pBP1/4P3/PPP2P1P/R2QK1NR b KQkq - 0 8,g2g4
24,BenutPudder,EulerE,915,946,rn1qkb1r/1pp2ppp/p7/3p1b2/2B1pBP1/4P3/PPP2P1P/R2QK1NR w KQkq - 0 9,e6d5
24,BenutPudder,EulerE,915,946,rn1qkb1r/1pp2ppp/p7/3B1b2/4pBP1/4P3/PPP2P1P/R2QK1NR b KQkq - 0 9,c4d5
24,BenutPudder,EulerE,915,946,rn1qkb1r/1pp2ppp/p5b1/3B4/4pBP1/4P3/PPP2P1P/R2QK1NR w KQkq - 1 10,f5g6
24,BenutPudder,EulerE,915,946,rn1qkb1r/1Bp2ppp/p5b1/8/4pBP1/4P3/PPP2P1P/R2QK1NR b KQkq - 0 10,d5b7
24,BenutPudder,EulerE,915,946,1n1qkb1r/rBp2ppp/p5b1/8/4pBP1/4P3/PPP2P1P/R2QK1NR w KQk - 1 11,a8a7
24,BenutPudder,EulerE,915,946,1n1qkb1r/r1p2ppp/p5b1/3B4/4pBP1/4P3/PPP2P1P/R2QK1NR b KQk - 2 11,b7d5
24,BenutPudder,EulerE,915,946,1n1qk2r/r1p2ppp/p5b1/2bB4/4pBP1/4P3/PPP2P1P/R2QK1NR w KQk - 3 12,f8c5
24,BenutPudder,EulerE,915,946,1n1qk2r/r1p2ppp/p5b1/2bB4/4pBP1/4P2N/PPP2P1P/R2QK2R b KQk - 4 12,g1h3
24,BenutPudder,EulerE,915,946,1n1qk2r/r1p2pp1/p5bp/2bB4/4pBP1/4P2N/PPP2P1P/R2QK2R w KQk - 0 13,h7h6
24,BenutPudder,EulerE,915,946,1n1qk2r/r1p2pp1/p5bp/2bBB3/4p1P1/4P2N/PPP2P1P/R2QK2R b KQk - 1 13,f4e5
24,BenutPudder,EulerE,915,946,1n1q1rk1/r1p2pp1/p5bp/2bBB3/4p1P1/4P2N/PPP2P1P/R2QK2R w KQ - 2 14,e8g8
24,BenutPudder,EulerE,915,946,1n1q1rk1/r1p2pp1/p5bp/2bBB3/4pNP1/4P3/PPP2P1P/R2QK2R b KQ - 3 14,h3f4
24,BenutPudder,EulerE,915,946,1n1q1rk1/r4pp1/p1p3bp/2bBB3/4pNP1/4P3/PPP2P1P/R2QK2R w KQ - 0 15,c7c6
24,BenutPudder,EulerE,915,946,1n1q1rk1/r4pp1/p1p3Np/2bBB3/4p1P1/4P3/PPP2P1P/R2QK2R b KQ - 0 15,f4g6
24,BenutPudder,EulerE,915,946,1n3rk1/r4pp1/p1p3Np/2bqB3/4p1P1/4P3/PPP2P1P/R2QK2R w KQ - 0 16,d8d5
24,BenutPudder,EulerE,915,946,1n3Nk1/r4pp1/p1p4p/2bqB3/4p1P1/4P3/PPP2P1P/R2QK2R b KQ - 0 16,g6f8
24,BenutPudder,EulerE,915,946,1n3bk1/r4pp1/p1p4p/3qB3/4p1P1/4P3/PPP2P1P/R2QK2R w KQ - 0 17,c5f8
24,BenutPudder,EulerE,915,946,1n3bk1/r4pp1/p1p4p/3QB3/4p1P1/4P3/PPP2P1P/R3K2R b KQ - 0 17,d1d5
24,BenutPudder,EulerE,915,946,1n3bk1/r4pp1/p6p/3pB3/4p1P1/4P3/PPP2P1P/R3K2R w KQ - 0 18,c6d5
24,BenutPudder,EulerE,915,946,1B3bk1/r4pp1/p6p/3p4/4p1P1/4P3/PPP2P1P/R3K2R b KQ - 0 18,e5b8
24,BenutPudder,EulerE,915,946,1B3bk1/1r3pp1/p6p/3p4/4p1P1/4P3/PPP2P1P/R3K2R w KQ - 1 19,a7b7
24,BenutPudder,EulerE,915,946,5bk1/1r3pp1/p6p/3pB3/4p1P1/4P3/PPP2P1P/R3K2R b KQ - 2 19,b8e5
24,BenutPudder,EulerE,915,946,6k1/1r3pp1/p2b3p/3pB3/4p1P1/4P3/PPP2P1P/R3K2R w KQ - 3 20,f8d6
24,BenutPudder,EulerE,915,946,6k1/1r3pp1/p2B3p/3p4/4p1P1/4P3/PPP2P1P/R3K2R b KQ - 0 20,e5d6
24,BenutPudder,EulerE,915,946,1r4k1/5pp1/p2B3p/3p4/4p1P1/4P3/PPP2P1P/R3K2R w KQ - 1 21,b7b8
24,BenutPudder,EulerE,915,946,1B4k1/5pp1/p6p/3p4/4p1P1/4P3/PPP2P1P/R3K2R b KQ - 0 21,d6b8
24,BenutPudder,EulerE,915,946,1B4k1/5pp1/7p/p2p4/4p1P1/4P3/PPP2P1P/R3K2R w KQ - 0 22,a6a5
24,BenutPudder,EulerE,915,946,1B4k1/5pp1/7p/p2p4/4p1P1/4P3/PPP2P1P/2KR3R b - - 1 22,e1c1
24,BenutPudder,EulerE,915,946,1B4k1/5pp1/7p/p7/3pp1P1/4P3/PPP2P1P/2KR3R w - - 0 23,d5d4
24,BenutPudder,EulerE,915,946,1B4k1/5pp1/7p/p7/3Rp1P1/4P3/PPP2P1P/2K4R b - - 0 23,d1d4
24,BenutPudder,EulerE,915,946,1B4k1/5pp1/7p/8/p2Rp1P1/4P3/PPP2P1P/2K4R w - - 0 24,a5a4
24,BenutPudder,EulerE,915,946,1B1R2k1/5pp1/7p/8/p3p1P1/4P3/PPP2P1P/2K4R b - - 1 24,d4d8
24,BenutPudder,EulerE,915,946,1B1R4/5ppk/7p/8/p3p1P1/4P3/PPP2P1P/2K4R w - - 2 25,g8h7
24,BenutPudder,EulerE,915,946,1B1R4/5ppk/7p/8/p3p1P1/1P2P3/P1P2P1P/2K4R b - - 0 25,b2b3
24,BenutPudder,EulerE,915,946,1B1R4/5ppk/7p/8/4p1P1/1p2P3/P1P2P1P/2K4R w - - 0 26,a4b3
24,BenutPudder,EulerE,915,946,1B1R4/5ppk/7p/8/4p1P1/1P2P3/2P2P1P/2K4R b - - 0 26,a2b3
24,BenutPudder,EulerE,915,946,1B1R4/6pk/5p1p/8/4p1P1/1P2P3/2P2P1P/2K4R w - - 0 27,f7f6
24,BenutPudder,EulerE,915,946,1B1R4/6pk/5p1p/8/1P2p1P1/4P3/2P2P1P/2K4R b - - 0 27,b3b4
24,BenutPudder,EulerE,915,946,1B1R4/7k/5ppp/8/1P2p1P1/4P3/2P2P1P/2K4R w - - 0 28,g7g6
24,BenutPudder,EulerE,915,946,1B1R4/7k/5ppp/1P6/4p1P1/4P3/2P2P1P/2K4R b - - 0 28,b4b5
24,BenutPudder,EulerE,915,946,1B1R4/7k/6pp/1P3p2/4p1P1/4P3/2P2P1P/2K4R w - - 0 29,f6f5
24,BenutPudder,EulerE,915,946,1B1R4/7k/6pp/1P3P2/4p3/4P3/2P2P1P/2K4R b - - 0 29,g4f5
24,BenutPudder,EulerE,915,946,1B1R4/6k1/6pp/1P3P2/4p3/4P3/2P2P1P/2K4R w - - 1 30,h7g7
24,BenutPudder,EulerE,915,946,1B1R4/6k1/6pp/1P3P2/4p3/4P3/2P2P1P/2K3R1 b - - 2 30,h1g1
24,BenutPudder,EulerE,915,946,1B1R4/8/5kpp/1P3P2/4p3/4P3/2P2P1P/2K3R1 w - - 3 31,g7f6
24,BenutPudder,EulerE,915,946,1B1R4/8/5kPp/1P6/4p3/4P3/2P2P1P/2K3R1 b - - 0 31,f5g6
24,BenutPudder,EulerE,915,946,1B1R4/8/6Pp/1P3k2/4p3/4P3/2P2P1P/2K3R1 w - - 1 32,f6f5
24,BenutPudder,EulerE,915,946,1B1R4/6P1/7p/1P3k2/4p3/4P3/2P2P1P/2K3R1 b - - 0 32,g6g7
24,BenutPudder,EulerE,915,946,1B1R4/6P1/5k1p/1P6/4p3/4P3/2P2P1P/2K3R1 w - - 1 33,f5f6
24,BenutPudder,EulerE,915,946,1B1R2Q1/8/5k1p/1P6/4p3/4P3/2P2P1P/2K3R1 b - - 0 33,g7g8q
24,BenutPudder,EulerE,915,946,1B1R2Q1/8/7p/1P3k2/4p3/4P3/2P2P1P/2K3R1 w - - 1 34,f6f5
24,BenutPudder,EulerE,915,946,1B1R4/8/7p/1P3k2/4p1Q1/4P3/2P2P1P/2K3R1 b - - 2 34,g8g4
24,BenutPudder,EulerE,915,946,1B1R4/8/5k1p/1P6/4p1Q1/4P3/2P2P1P/2K3R1 w - - 3 35,f5f6
24,BenutPudder,EulerE,915,946,1B1R4/8/5kQp/1P6/4p3/4P3/2P2P1P/2K3R1 b - - 4 35,g4g6
24,BenutPudder,EulerE,915,946,1B1R4/4k3/6Qp/1P6/4p3/4P3/2P2P1P/2K3R1 w - - 5 36,f6e7
24,BenutPudder,EulerE,915,946,3R4/2B1k3/6Qp/1P6/4p3/4P3/2P2P1P/2K3R1 b - - 6 36,b8c7
24,BenutPudder,EulerE,915,946,3R4/2B1k3/6Q1/1P5p/4p3/4P3/2P2P1P/2K3R1 w - - 0 37,h6h5
24,BenutPudder,EulerE,915,946,3R4/2B1k3/8/1P5p/4Q3/4P3/2P2P1P/2K3R1 b - - 0 37,g6e4
24,BenutPudder,EulerE,915,946,3R4/2B5/5k2/1P5p/4Q3/4P3/2P2P1P/2K3R1 w - - 1 38,e7f6
24,BenutPudder,EulerE,915,946,3R4/2B5/5k2/1P5p/7Q/4P3/2P2P1P/2K3R1 b - - 2 38,e4h4
24,BenutPudder,EulerE,915,946,3R4/2B5/8/1P3k1p/7Q/4P3/2P2P1P/2K3R1 w - - 3 39,f6f5
24,BenutPudder,EulerE,915,946,3R4/2B5/8/1P3k1Q/8/4P3/2P2P1P/2K3R1 b - - 0 39,h4h5
24,BenutPudder,EulerE,915,946,3R4/2B5/8/1P5Q/4k3/4P3/2P2P1P/2K3R1 w - - 1 40,f5e4
24,BenutPudder,EulerE,915,946,3R4/2B5/8/1P5Q/4k3/4P1R1/2P2P1P/2K5 b - - 2 40,g1g3
25,zxm8d,EulerE,1028,940,rnbqkbnr/pppppppp/8/8/3P4/8/PPP1PPPP/RNBQKBNR b KQkq - 0 1,d2d4
25,zxm8d,EulerE,1028,940,rnbqkbnr/ppp1pppp/8/3p4/3P4/8/PPP1PPPP/RNBQKBNR w KQkq - 0 2,d7d5
25,zxm8d,EulerE,1028,940,rnbqkbnr/ppp1pppp/8/3p4/2PP4/8/PP2PPPP/RNBQKBNR b KQkq - 0 2,c2c4
25,zxm8d,EulerE,1028,940,rnbqkbnr/ppp2ppp/4p3/3p4/2PP4/8/PP2PPPP/RNBQKBNR w KQkq - 0 3,e7e6
25,zxm8d,EulerE,1028,940,rnbqkbnr/ppp2ppp/4p3/3p4/2PP4/3Q4/PP2PPPP/RNB1KBNR b KQkq - 1 3,d1d3
25,zxm8d,EulerE,1028,940,rnbqkb1r/ppp2ppp/4pn2/3p4/2PP4/3Q4/PP2PPPP/RNB1KBNR w KQkq - 2 4,g8f6
25,zxm8d,EulerE,1028,940,rnbqkb1r/ppp2ppp/4pn2/3p4/2PPP3/3Q4/PP3PPP/RNB1KBNR b KQkq - 0 4,e2e4
25,zxm8d,EulerE,1028,940,rnbqkb1r/ppp2ppp/4pn2/8/2PPp3/3Q4/PP3PPP/RNB1KBNR w KQkq - 0 5,d5e4
25,zxm8d,EulerE,1028,940,rnbqkb1r/ppp2ppp/4pn2/8/2PPp3/1Q6/PP3PPP/RNB1KBNR b KQkq - 1 5,d3b3
25,zxm8d,EulerE,1028,940,rnb1kb1r/ppp2ppp/4pn2/8/2Pqp3/1Q6/PP3PPP/RNB1KBNR w KQkq - 0 6,d8d4
25,zxm8d,EulerE,1028,940,rnb1kb1r/ppp2ppp/4pn2/8/2Pqp3/1Q6/PP2NPPP/RNB1KB1R b KQkq - 1 6,g1e2
25,zxm8d,EulerE,1028,940,rnbqkb1r/ppp2ppp/4pn2/8/2P1p3/1Q6/PP2NPPP/RNB1KB1R w KQkq - 2 7,d4d8
25,zxm8d,EulerE,1028,940,rnbqkb1r/ppp2ppp/4pn2/6B1/2P1p3/1Q6/PP2NPPP/RN2KB1R b KQkq - 3 7,c1g5
25,zxm8d,EulerE,1028,940,r1bqkb1r/ppp2ppp/2n1pn2/6B1/2P1p3/1Q6/PP2NPPP/RN2KB1R w KQkq - 4 8,b8c6
25,zxm8d,EulerE,1028,940,r1bqkb1r/ppp2ppp/2n1pn2/1Q4B1/2P1p3/8/PP2NPPP/RN2KB1R b KQkq - 5 8,b3b5
25,zxm8d,EulerE,1028,940,r1bqkb1r/ppp2pp1/2n1pn1p/1Q4B1/2P1p3/8/PP2NPPP/RN2KB1R w KQkq - 0 9,h7h6
25,zxm8d,EulerE,1028,940,r1bqkb1r/ppp2pp1/2n1pB1p/1Q6/2P1p3/8/PP2NPPP/RN2KB1R b KQkq - 0 9,g5f6
25,zxm8d,EulerE,1028,940,r1b1kb1r/ppp2pp1/2n1pq1p/1Q6/2P1p3/8/PP2NPPP/RN2KB1R w KQkq - 0 10,d8f6
25,zxm8d,EulerE,1028,940,r1b1kb1r/ppp2pp1/2n1pq1p/1Q6/2P1p3/2N5/PP2NPPP/R3KB1R b KQkq - 1 10,b1c3
25,zxm8d,EulerE,1028,940,r1b1k2r/ppp2pp1/2n1pq1p/1Q6/1bP1p3/2N5/PP2NPPP/R3KB1R w KQkq - 2 11,f8b4
25,zxm8d,EulerE,1028,940,r1b1k2r/ppp2pp1/2n1pq1p/1Q6/1bP1p3/2N5/PP2NPPP/2KR1B1R b kq - 3 11,e1c1
25,zxm8d,EulerE,1028,940,r1b1k2r/ppp2pp1/2n1pq1p/1Q6/2P1p3/2b5/PP2NPPP/2KR1B1R w kq - 0 12,b4c3
25,zxm8d,EulerE,1028,940,r1b1k2r/ppp2pp1/2n1pq1p/1Q6/2P1p3/2N5/PP3PPP/2KR1B1R b kq - 0 12,e2c3
25,zxm8d,EulerE,1028,940,r1b2rk1/ppp2pp1/2n1pq1p/1Q6/2P1p3/2N5/PP3PPP/2KR1B1R w - - 1 13,e8g8
25,zxm8d,EulerE,1028,940,r1b2rk1/ppp2pp1/2n1pq1p/1Q6/2P1N3/8/PP3PPP/2KR1B1R b - - 0 13,c3e4
25,zxm8d,EulerE,1028,940,r1b2rk1/ppp2pp1/2n1p2p/1Q6/2P1N2q/8/PP3PPP/2KR1B1R w - - 1 14,f6h4
25,zxm8d,EulerE,1028,940,r1b2rk1/ppp2pp1/2n1p2p/1Q6/2P1N2q/3B4/PP3PPP/2KR3R b - - 2 14,f1d3
25,zxm8d,EulerE,1028,940,r1b2rk1/ppp2pp1/4p2p/1Q6/2PnN2q/3B4/PP3PPP/2KR3R w - - 3 15,c6d4
25,zxm8d,EulerE,1028,940,r1b2rk1/ppp2pp1/4p2p/4Q3/2PnN2q/3B4/PP3PPP/2KR3R b - - 4 15,b5e5
25,zxm8d,EulerE,1028,940,r1b2rk1/ppp3p1/4p2p/4Qp2/2PnN2q/3B4/PP3PPP/2KR3R w - - 0 16,f7f5
25,zxm8d,EulerE,1028,940,r1b2rk1/ppp3p1/4p2p/4Qp2/2PnN2q/3B2P1/PP3P1P/2KR3R b - - 0 16,g2g3
25,zxm8d,EulerE,1028,940,r1b2rk1/ppp3p1/4p2p/4Qp2/2P1N2q/3B2P1/PP2nP1P/2KR3R w - - 1 17,d4e2
25,zxm8d,EulerE,1028,940,r1b2rk1/ppp3p1/4p2p/4Qp2/2P1N2q/6P1/PP2BP1P/2KR3R b - - 0 17,d3e2
25,zxm8d,EulerE,1028,940,r1b2rk1/ppp3p1/4p2p/4Qp2/2P1q3/6P1/PP2BP1P/2KR3R w - - 0 18,h4e4
25,zxm8d,EulerE,1028,940,r1b2rk1/ppp3p1/4p2p/5p2/2P1q3/2Q3P1/PP2BP1P/2KR3R b - - 1 18,e5c3
25,zxm8d,EulerE,1028,940,r4rk1/pppb2p1/4p2p/5p2/2P1q3/2Q3P1/PP2BP1P/2KR3R w - - 2 19,c8d7
25,zxm8d,EulerE,1028,940,r4rk1/pppR2p1/4p2p/5p2/2P1q3/2Q3P1/PP2BP1P/2K4R b - - 0 19,d1d7
25,zxm8d,EulerE,1028,940,r4rk1/pppR2p1/4p2p/5p2/2P5/2Q3P1/PP2BP1P/2K4q w - - 0 20,e4h1
25,zxm8d,EulerE,1028,940,r4rk1/pppR2p1/4p2p/5p2/2P5/2Q3P1/PPK1BP1P/7q b - - 1 20,c1c2
25,zxm8d,EulerE,1028,940,r4rk1/pppR2p1/4p2p/5p2/2P1q3/2Q3P1/PPK1BP1P/8 w - - 2 21,h1e4
25,zxm8d,EulerE,1028,940,r4rk1/pppR2p1/4p2p/5p2/2P1q3/2Q3P1/PP2BP1P/3K4 b - - 3 21,c2d1
25,zxm8d,EulerE,1028,940,r2r2k1/pppR2p1/4p2p/5p2/2P1q3/2Q3P1/PP2BP1P/3K4 w - - 4 22,f8d8
25,zxm8d,EulerE,1028,940,r2r2k1/pppR2Q1/4p2p/5p2/2P1q3/6P1/PP2BP1P/3K4 b - - 0 22,c3g7
26,Nacho2703,EulerE,924,948,rnbqkbnr/pppppppp/8/8/4P3/8/PPPP1PPP/RNBQKBNR b KQkq - 0 1,e2e4
26,Nacho2703,EulerE,924,948,rnbqkbnr/pppp1ppp/8/4p3/4P3/8/PPPP1PPP/RNBQKBNR w KQkq - 0 2,e7e5
26,Nacho2703,EulerE,924,948,rnbqkbnr/pppp1ppp/8/4p3/4P3/5N2/PPPP1PPP/RNBQKB1R b KQkq - 1 2,g1f3
26,Nacho2703,EulerE,924,948,r1bqkbnr/pppp1ppp/2n5/4p3/4P3/5N2/PPPP1PPP/RNBQKB1R w KQkq - 2 3,b8c6
26,Nacho2703,EulerE,924,948,r1bqkbnr/pppp1ppp/2n5/4p3/2B1P3/5N2/PPPP1PPP/RNBQK2R b KQkq - 3 3,f1c4
26,Nacho2703,EulerE,924,948,r1bqkb1r/pppp1ppp/2n2n2/4p3/2B1P3/5N2/PPPP1PPP/RNBQK2R w KQkq - 4 4,g8f6
26,Nacho2703,EulerE,924,948,r1bqkb1r/pppp1ppp/2n2n2/4p3/2B1P3/3P1N2/PPP2PPP/RNBQK2R b KQkq - 0 4,d2d3
26,Nacho2703,EulerE,924,948,r1bqkb1r/ppp2ppp/2n2n2/3pp3/2B1P3/3P1N2/PPP2PPP/RNBQK2R w KQkq - 0 5,d7d5
26,Nacho2703,EulerE,924,948,r1bqkb1r/ppp2ppp/2n2n2/3pp1B1/2B1P3/3P1N2/PPP2PPP/RN1QK2R b KQkq - 1 5,c1g5
26,Nacho2703,EulerE,924,948,r1bqkb1r/ppp2ppp/2n2n2/4p1B1/2p1P3/3P1N2/PPP2PPP/RN1QK2R w KQkq - 0 6,d5c4
26,Nacho2703,EulerE,924,948,r1bqkb1r/ppp2ppp/2n2B2/4p3/2p1P3/3P1N2/PPP2PPP/RN1QK2R b KQkq - 0 6,g5f6
26,Nacho2703,EulerE,924,948,r1b1kb1r/ppp2ppp/2n2q2/4p3/2p1P3/3P1N2/PPP2PPP/RN1QK2R w KQkq - 0 7,d8f6
26,Nacho2703,EulerE,924,948,r1b1kb1r/ppp2ppp/2n2q2/4p3/2p1P3/3P1N2/PPP2PPP/RN1Q1RK1 b kq - 1 7,e1g1
26,Nacho2703,EulerE,924,948,r1b1kb1r/ppp2ppp/5q2/4p3/2pnP3/3P1N2/PPP2PPP/RN1Q1RK1 w kq - 2 8,c6d4
26,Nacho2703,EulerE,924,948,r1b1kb1r/ppp2ppp/5q2/4p3/2PnP3/5N2/PPP2PPP/RN1Q1RK1 b kq - 0 8,d3c4
26,Nacho2703,EulerE,924,948,r3kb1r/ppp2ppp/5q2/4p3/2PnP1b1/5N2/PPP2PPP/RN1Q1RK1 w kq - 1 9,c8g4
26,Nacho2703,EulerE,924,948,r3kb1r/ppp2ppp/5q2/4p3/2PnP1b1/5N2/PPPN1PPP/R2Q1RK1 b kq - 2 9,b1d2
26,Nacho2703,EulerE,924,948,r3k2r/ppp2ppp/5q2/4p3/1bPnP1b1/5N2/PPPN1PPP/R2Q1RK1 w kq - 3 10,f8b4
26,Nacho2703,EulerE,924,948,r3k2r/ppp2ppp/5q2/4p3/1bPnP1b1/2P2N2/PP1N1PPP/R2Q1RK1 b kq - 0 10,c2c3
26,Nacho2703,EulerE,924,948,r3k2r/ppp2ppp/5q2/4p3/1bP1P1b1/2P2n2/PP1N1PPP/R2Q1RK1 w kq - 0 11,d4f3
26,Nacho2703,EulerE,924,948,r3k2r/ppp2ppp/5q2/4p3/1bP1P1b1/2P2N2/PP3PPP/R2Q1RK1 b kq - 0 11,d2f3
26,Nacho2703,EulerE,924,948,r3k2r/ppp2ppp/5q2/4p3/1bP1P3/2P2b2/PP3PPP/R2Q1RK1 w kq - 0 12,g4f3
26,Nacho2703,EulerE,924,948,r3k2r/ppp2ppp/5q2/4p3/1bP1P3/2P2Q2/PP3PPP/R4RK1 b kq - 0 12,d1f3
26,Nacho2703,EulerE,924,948,r3k2r/ppp2ppp/8/4p3/1bP1P3/2P2q2/PP3PPP/R4RK1 w kq - 0 13,f6f3
26,Nacho2703,EulerE,924,948,r3k2r/ppp2ppp/8/4p3/1bP1P3/2P2P2/PP3P1P/R4RK1 b kq - 0 13,g2f3
26,Nacho2703,EulerE,924,948,r3k2r/ppp2ppp/8/b3p3/2P1P3/2P2P2/PP3P1P/R4RK1 w kq - 1 14,b4a5
26,Nacho2703,EulerE,924,948,r3k2r/ppp2ppp/8/b3p3/1PP1P3/2P2P2/P4P1P/R4RK1 b kq - 0 14,b2b4
26,Nacho2703,EulerE,924,948,r3k2r/ppp2ppp/1b6/4p3/1PP1P3/2P2P2/P4P1P/R4RK1 w kq - 1 15,a5b6
26,Nacho2703,EulerE,924,948,r3k2r/ppp2ppp/1b6/2P1p3/1P2P3/2P2P2/P4P1P/R4RK1 b kq - 0 15,c4c5
26,Nacho2703,EulerE,924,948,r3k2r/ppp2ppp/8/2b1p3/1P2P3/2P2P2/P4P1P/R4RK1 w kq - 0 16,b6c5
26,Nacho2703,EulerE,924,948,r3k2r/ppp2ppp/8/2P1p3/4P3/2P2P2/P4P1P/R4RK1 b kq - 0 16,b4c5
26,Nacho2703,EulerE,924,948,2kr3r/ppp2ppp/8/2P1p3/4P3/2P2P2/P4P1P/R4RK1 w - - 1 17,e8c8
26,Nacho2703,EulerE,924,948,2kr3r/ppp2ppp/8/2P1p3/P3P3/2P2P2/5P1P/R4RK1 b - - 0 17,a2a4
26,Nacho2703,EulerE,924,948,2k4r/ppp2ppp/8/2P1p3/P3P3/2Pr1P2/5P1P/R4RK1 w - - 1 18,d8d3
26,Nacho2703,EulerE,924,948,2k4r/ppp2ppp/8/2P1p3/P3P3/2Pr1P2/5P1P/1R3RK1 b - - 2 18,a1b1
26,Nacho2703,EulerE,924,948,2k4r/ppp2ppp/8/2P1p3/P3P3/2r2P2/5P1P/1R3RK1 w - - 0 19,d3c3
26,Nacho2703,EulerE,924,948,2k4r/ppp2ppp/8/P1P1p3/4P3/2r2P2/5P1P/1R3RK1 b - - 0 19,a4a5
26,Nacho2703,EulerE,924,948,2k4r/ppp2ppp/8/P1r1p3/4P3/5P2/5P1P/1R3RK1 w - - 0 20,c3c5
26,Nacho2703,EulerE,924,948,2k4r/ppp2ppp/P7/2r1p3/4P3/5P2/5P1P/1R3RK1 b - - 0 20,a5a6
26,Nacho2703,EulerE,924,948,2k4r/p1p2ppp/Pp6/2r1p3/4P3/5P2/5P1P/1R3RK1 w - - 0 21,b7b6
26,Nacho2703,EulerE,924,948,2k4r/p1p2ppp/Pp6/2r1p3/4P3/5P2/5P1P/1RR3K1 b - - 1 21,f1c1
26,Nacho2703,EulerE,924,948,2k4r/p1p2ppp/Pp6/r3p3/4P3/5P2/5P1P/1RR3K1 w - - 2 22,c5a5
26,Nacho2703,EulerE,924,948,2k4r/p1p2ppp/Pp6/r3p3/4P3/5P2/5P1P/R1R3K1 b - - 3 22,b1a1
26,Nacho2703,EulerE,924,948,2k4r/p1p2ppp/Pp6/4p3/4P3/5P2/5P1P/r1R3K1 w - - 0 23,a5a1
26,Nacho2703,EulerE,924,948,2k4r/p1p2ppp/Pp6/4p3/4P3/5P2/5P1P/R5K1 b - - 0 23,c1a1
26,Nacho2703,EulerE,924,948,2kr4/p1p2ppp/Pp6/4p3/4P3/5P2/5P1P/R5K1 w - - 1 24,h8d8
26,Nacho2703,EulerE,924,948,2kr4/p1p2ppp/Pp6/4p3/4P3/5P2/5PKP/R7 b - - 2 24,g1g2
26,Nacho2703,EulerE,924,948,2k5/p1p2ppp/Pp6/4p3/4P3/3r1P2/5PKP/R7 w - - 3 25,d8d3
26,Nacho2703,EulerE,924,948,2k5/p1p2ppp/Pp6/4p3/4P3/3r1PK1/5P1P/R7 b - - 4 25,g2g3
26,Nacho2703,EulerE,924,948,2k5/p1p2p1p/Pp6/4p1p1/4P3/3r1PK1/5P1P/R7 w - - 0 26,g7g5
26,Nacho2703,EulerE,924,948,2k5/p1p2p1p/Pp6/4p1p1/4P1K1/3r1P2/5P1P/R7 b - - 1 26,g3g4
26,Nacho2703,EulerE,924,948,2k5/p1p2p1p/Pp6/4p1p1/4P1K1/5P2/3r1P1P/R7 w - - 2 27,d3d2
26,Nacho2703,EulerE,924,948,2k5/p1p2p1p/Pp6/4p1K1/4P3/5P2/3r1P1P/R7 b - - 0 27,g4g5
26,Nacho2703,EulerE,924,948,2k5/p1p2p1p/Pp6/4p1K1/4P3/5P2/5r1P/R7 w - - 0 28,d2f2
26,Nacho2703,EulerE,924,948,2k5/p1p2p1p/Pp6/4p1K1/4P2P/5P2/5r2/R7 b - - 0 28,h2h4
26,Nacho2703,EulerE,924,948,2k5/p1p2p1p/Pp6/4p1K1/4P2P/5r2/8/R7 w - - 0 29,f2f3
26,Nacho2703,EulerE,924,948,2k5/p1p2p1p/Pp6/4p1KP/4P3/5r2/8/R7 b - - 0 29,h4h5
26,Nacho2703,EulerE,924,948,3k4/p1p2p1p/Pp6/4p1KP/4P3/5r2/8/R7 w - - 1 30,c8d8
26,Nacho2703,EulerE,924,948,3k4/p1p2p1p/Pp6/4p1KP/4P3/5r2/8/3R4 b - - 2 30,a1d1
26,Nacho2703,EulerE,924,948,8/p1p1kp1p/Pp6/4p1KP/4P3/5r2/8/3R4 w - - 3 31,d8e7
26,Nacho2703,EulerE,924,948,8/p1p1kp1p/Pp6/4p2P/4P1K1/5r2/8/3R4 b - - 4 31,g5g4
26,Nacho2703,EulerE,924,948,8/p1p1kp1p/Pp6/4p2P/4P1K1/r7/8/3R4 w - - 5 32,f3a3
26,Nacho2703,EulerE,924,948,8/p1p1kp1p/Pp6/3Rp2P/4P1K1/r7/8/8 b - - 6 32,d1d5
26,Nacho2703,EulerE,924,948,8/p1p2p1p/Pp2k3/3Rp2P/4P1K1/r7/8/8 w - - 7 33,e7e6
26,Nacho2703,EulerE,924,948,8/p1p2p1p/Pp2k3/3Rp1KP/4P3/r7/8/8 b - - 8 33,g4g5
26,Nacho2703,EulerE,924,948,8/p1p2p1p/rp2k3/3Rp1KP/4P3/8/8/8 w - - 0 34,a3a6
26,Nacho2703,EulerE,924,948,8/p1p2p1p/rp2k2K/3Rp2P/4P3/8/8/8 b - - 1 34,g5h6
26,Nacho2703,EulerE,924,948,8/p1p2p1p/1p2k2K/3Rp2P/r3P3/8/8/8 w - - 2 35,a6a4
26,Nacho2703,EulerE,924,948,8/p1p2p1K/1p2k3/3Rp2P/r3P3/8/8/8 b - - 0 35,h6h7
26,Nacho2703,EulerE,924,948,8/p1p2p1K/1p2k3/3Rp2P/4r3/8/8/8 w - - 0 36,a4e4
26,Nacho2703,EulerE,924,948,8/p1p2p1K/1p2k3/1R2p2P/4r3/8/8/8 b - - 1 36,d5b5
26,Nacho2703,EulerE,924,948,8/p4p1K/1p2k3/1Rp1p2P/4r3/8/8/8 w - - 0 37,c7c5
26,Nacho2703,EulerE,924,948,8/p4p1K/1p2k2P/1Rp1p3/4r3/8/8/8 b - - 0 37,h5h6
26,Nacho2703,EulerE,924,948,8/p4p1K/1p3k1P/1Rp1p3/4r3/8/8/8 w - - 1 38,e6f6
26,Nacho2703,EulerE,924,948,6K1/p4p2/1p3k1P/1Rp1p3/4r3/8/8/8 b - - 2 38,h7g8
26,Nacho2703,EulerE,924,948,6K1/p4p2/1p3k1P/1Rp1p3/7r/8/8/8 w - - 3 39,e4h4
26,Nacho2703,EulerE,924,948,6K1/p4p1P/1p3k2/1Rp1p3/7r/8/8/8 b - - 0 39,h6h7
26,Nacho2703,EulerE,924,948,6K1/p4p1P/1p3k2/1Rp1p3/6r1/8/8/8 w - - 1 40,h4g4
26,Nacho2703,EulerE,924,948,5K2/p4p1P/1p3k2/1Rp1p3/6r1/8/8/8 b - - 2 40,g8f8
26,Nacho2703,EulerE,924,948,5K2/p4p1P/1p3k2/1Rp1p3/7r/8/8/8 w - - 3 41,g4h4
26,Nacho2703,EulerE,924,948,6K1/p4p1P/1p3k2/1Rp1p3/7r/8/8/8 b - - 4 41,f8g8
26,Nacho2703,EulerE,924,948,6K1/p4p1r/1p3k2/1Rp1p3/8/8/8/8 w - - 0 42,h4h7
26,Nacho2703,EulerE,924,948,8/p4p1K/1p3k2/1Rp1p3/8/8/8/8 b - - 0 42,g8h7
26,Nacho2703,EulerE,924,948,8/p4p1K/1p3k2/1Rp5/4p3/8/8/8 w - - 0 43,e5e4
26,Nacho2703,EulerE,924,948,8/p4p1K/1p3k2/2p5/4p3/8/8/1R6 b - - 1 43,b5b1
26,Nacho2703,EulerE,924,948,8/p4p1K/1p6/2p1k3/4p3/8/8/1R6 w - - 2 44,f6e5
26,Nacho2703,EulerE,924,948,8/p4p1K/1p6/2p1k3/4p3/8/8/4R3 b - - 3 44,b1e1
26,Nacho2703,EulerE,924,948,8/p6K/1p6/2p1kp2/4p3/8/8/4R3 w - - 0 45,f7f5
26,Nacho2703,EulerE,924,948,8/p7/1p4K1/2p1kp2/4p3/8/8/4R3 b - - 1 45,h7g6
26,Nacho2703,EulerE,924,948,8/p7/1p4K1/2p1k3/4pp2/8/8/4R3 w - - 0 46,f5f4
26,Nacho2703,EulerE,924,948,8/p7/1p6/2p1k1K1/4pp2/8/8/4R3 b - - 1 46,g6g5
26,Nacho2703,EulerE,924,948,8/p7/1p6/4k1K1/2p1pp2/8/8/4R3 w - - 0 47,c5c4
26,Nacho2703,EulerE,924,948,8/p7/1p6/4k3/2p1ppK1/8/8/4R3 b - - 1 47,g5g4
26,Nacho2703,EulerE,924,948,8/p7/1p6/4k3/4ppK1/2p5/8/4R3 w - - 0 48,c4c3
26,Nacho2703,EulerE,924,948,8/p7/1p6/4k3/4ppK1/2p5/8/7R b - - 1 48,e1h1
26,Nacho2703,EulerE,924,948,8/p7/1p6/8/3kppK1/2p5/8/7R w - - 2 49,e5d4
26,Nacho2703,EulerE,924,948,8/p7/1p6/8/3kpK2/2p5/8/7R b - - 0 49,g4f4
26,Nacho2703,EulerE,924,948,8/p7/1p6/8/4pK2/2pk4/8/7R w - - 1 50,d4d3
26,Nacho2703,EulerE,924,948,8/p7/1p6/8/4pK2/2pk4/8/3R4 b - - 2 50,h1d1
26,Nacho2703,EulerE,924,948,8/p7/1p6/8/4pK2/2p5/4k3/3R4 w - - 3 51,d3e2
26,Nacho2703,EulerE,924,948,8/p7/1p6/8/4pK2/2p5/4k3/2R5 b - - 4 51,d1c1
26,Nacho2703,EulerE,924,948,8/p7/1p6/8/4pK2/2p5/3k4/2R5 w - - 5 52,e2d2
26,Nacho2703,EulerE,924,948,8/p7/1p6/8/4pK2/2p5/3k4/7R b - - 6 52,c1h1
26,Nacho2703,EulerE,924,948,8/p7/1p6/8/4pK2/8/2pk4/7R w - - 0 53,c3c2
26,Nacho2703,EulerE,924,948,8/p7/1p6/8/4pK2/8/2pk3R/8 b - - 1 53,h1h2
26,Nacho2703,EulerE,924,948,8/p7/1p6/8/4pK2/8/2p4R/3k4 w - - 2 54,d2d1
26,Nacho2703,EulerE,924,948,8/p7/1p6/8/4pK2/8/2p5/3k3R b - - 3 54,h2h1
26,Nacho2703,EulerE,924,948,8/p7/1p6/8/4pK2/8/2pk4/7R w - - 4 55,d1d2
26,Nacho2703,EulerE,924,948,8/p7/1p6/8/4pK2/8/2pk3R/8 b - - 5 55,h1h2
26,Nacho2703,EulerE,924,948,8/p7/1p6/8/4pK2/2k5/2p4R/8 w - - 6 56,d2c3
26,Nacho2703,EulerE,924,948,8/p7/1p6/8/4pK2/2k5/2p5/7R b - - 7 56,h2h1
26,Nacho2703,EulerE,924,948,8/p7/1p6/8/4pK2/8/1kp5/7R w - - 8 57,c3b2
26,Nacho2703,EulerE,924,948,8/p7/1p6/8/4pK2/8/1kp4R/8 b - - 9 57,h1h2
26,Nacho2703,EulerE,924,948,8/8/1p6/p7/4pK2/8/1kp4R/8 w - - 0 58,a7a5
26,Nacho2703,EulerE,924,948,8/8/1p6/p7/4K3/8/1kp4R/8 b - - 0 58,f4e4
26,Nacho2703,EulerE,924,948,8/8/1p6/8/p3K3/8/1kp4R/8 w - - 0 59,a5a4
26,Nacho2703,EulerE,924,948,8/8/1p6/8/p7/3K4/1kp4R/8 b - - 1 59,e4d3
26,Nacho2703,EulerE,924,948,8/8/1p6/8/p7/1k1K4/2p4R/8 w - - 2 60,b2b3
26,Nacho2703,EulerE,924,948,8/8/1p6/8/p7/1k1K4/2R5/8 b - - 0 60,h2c2
26,Nacho2703,EulerE,924,948,8/8/1p6/8/8/pk1K4/2R5/8 w - - 0 61,a4a3
26,Nacho2703,EulerE,924,948,8/8/1p6/8/8/pkRK4/8/8 b - - 1 61,c2c3
26,Nacho2703,EulerE,924,948,8/8/1p6/8/8/p1RK4/1k6/8 w - - 2 62,b3b2
26,Nacho2703,EulerE,924,948,8/8/1p6/8/2K5/p1R5/1k6/8 b - - 3 62,d3c4
26,Nacho2703,EulerE,924,948,8/8/1p6/8/2K5/2R5/pk6/8 w - - 0 63,a3a2
26,Nacho2703,EulerE,924,948,8/8/1p6/8/2K5/1R6/pk6/8 b - - 1 63,c3b3
26,Nacho2703,EulerE,924,948,8/8/1p6/8/2K5/1R6/p7/2k5 w - - 2 64,b2c1
26,Nacho2703,EulerE,924,948,8/8/1p6/8/2K5/2R5/p7/2k5 b - - 3 64,b3c3
26,Nacho2703,EulerE,924,948,8/8/1p6/8/2K5/2R5/pk6/8 w - - 4 65,c1b2
26,Nacho2703,EulerE,924,948,8/8/1p6/8/2K5/1R6/pk6/8 b - - 5 65,c3b3
26,Nacho2703,EulerE,924,948,8/8/1p6/8/2K5/1R6/p1k5/8 w - - 6 66,b2c2
26,Nacho2703,EulerE,924,948,8/8/1p6/8/2K5/2R5/p1k5/8 b - - 7 66,b3c3
26,Nacho2703,EulerE,924,948,8/8/1p6/8/2K5/2R5/p7/1k6 w - - 8 67,c2b1
26,Nacho2703,EulerE,924,948,8/8/1p6/8/8/1KR5/p7/1k6 b - - 9 67,c4b3
26,Nacho2703,EulerE,924,948,8/8/1p6/8/8/1KR5/8/qk6 w - - 0 68,a2a1q
26,Nacho2703,EulerE,924,948,8/8/1p6/8/8/1K6/2R5/qk6 b - - 1 68,c3c2
26,Nacho2703,EulerE,924,948,8/8/1p6/q7/8/1K6/2R5/1k6 w - - 2 69,a1a5
26,Nacho2703,EulerE,924,948,8/8/1p6/q7/8/1K6/1R6/1k6 b - - 3 69,c2b2
26,Nacho2703,EulerE,924,948,8/8/1p6/q7/8/1K6/1R6/2k5 w - - 4 70,b1c1
26,Nacho2703,EulerE,924,948,8/8/1p6/q7/8/1K6/R7/2k5 b - - 5 70,b2a2
26,Nacho2703,EulerE,924,948,8/8/1p6/1q6/8/1K6/R7/2k5 w - - 6 71,a5b5
26,Nacho2703,EulerE,924,948,8/8/1p6/1q6/8/2K5/R7/2k5 b - - 7 71,b3c3
26,Nacho2703,EulerE,924,948,8/8/1p6/2q5/8/2K5/R7/2k5 w - - 8 72,b5c5
26,Nacho2703,EulerE,924,948,8/8/1p6/2q5/8/3K4/R7/2k5 b - - 9 72,c3d3
26,Nacho2703,EulerE,924,948,8/8/1p6/3q4/8/3K4/R7/2k5 w - - 10 73,c5d5
26,Nacho2703,EulerE,924,948,8/8/1p6/3q4/8/4K3/R7/2k5 b - - 11 73,d3e3
26,Nacho2703,EulerE,924,948,8/8/1p6/8/8/4K3/q7/2k5 w - - 0 74,d5a2
27,EulerE,UnderDog42032,956,958,rnbqkbnr/pppppppp/8/8/3P4/8/PPP1PPPP/RNBQKBNR b KQkq - 0 1,d2d4
27,EulerE,UnderDog42032,956,958,rnbqkbnr/ppp1pppp/8/3p4/3P4/8/PPP1PPPP/RNBQKBNR w KQkq - 0 2,d7d5
27,EulerE,UnderDog42032,956,958,rnbqkbnr/ppp1pppp/8/3p4/2PP4/8/PP2PPPP/RNBQKBNR b KQkq - 0 2,c2c4
27,EulerE,UnderDog42032,956,958,rnbqkbnr/pp2pppp/2p5/3p4/2PP4/8/PP2PPPP/RNBQKBNR w KQkq - 0 3,c7c6
27,EulerE,UnderDog42032,956,958,rnbqkbnr/pp2pppp/2p5/3p4/2PP4/2N5/PP2PPPP/R1BQKBNR b KQkq - 1 3,b1c3
27,EulerE,UnderDog42032,956,958,rnbqkb1r/pp2pppp/2p2n2/3p4/2PP4/2N5/PP2PPPP/R1BQKBNR w KQkq - 2 4,g8f6
27,EulerE,UnderDog42032,956,958,rnbqkb1r/pp2pppp/2p2n2/3p4/2PP4/2N2N2/PP2PPPP/R1BQKB1R b KQkq - 3 4,g1f3
27,EulerE,UnderDog42032,956,958,rnbqkb1r/pp2pp1p/2p2np1/3p4/2PP4/2N2N2/PP2PPPP/R1BQKB1R w KQkq - 0 5,g7g6
27,EulerE,UnderDog42032,956,958,rnbqkb1r/pp2pp1p/2p2np1/3pN3/2PP4/2N5/PP2PPPP/R1BQKB1R b KQkq - 1 5,f3e5
27,EulerE,UnderDog42032,956,958,r1bqkb1r/pp1npp1p/2p2np1/3pN3/2PP4/2N5/PP2PPPP/R1BQKB1R w KQkq - 2 6,b8d7
27,EulerE,UnderDog42032,956,958,r1bqkb1r/pp1Npp1p/2p2np1/3p4/2PP4/2N5/PP2PPPP/R1BQKB1R b KQkq - 0 6,e5d7
27,EulerE,UnderDog42032,956,958,r2qkb1r/pp1bpp1p/2p2np1/3p4/2PP4/2N5/PP2PPPP/R1BQKB1R w KQkq - 0 7,c8d7
27,EulerE,UnderDog42032,956,958,r2qkb1r/pp1bpp1p/2p2np1/3p4/2PP4/2N2P2/PP2P1PP/R1BQKB1R b KQkq - 0 7,f2f3
27,EulerE,UnderDog42032,956,958,r2qk2r/pp1bppbp/2p2np1/3p4/2PP4/2N2P2/PP2P1PP/R1BQKB1R w KQkq - 1 8,f8g7
27,EulerE,UnderDog42032,956,958,r2qk2r/pp1bppbp/2p2np1/3p4/2PPP3/2N2P2/PP4PP/R1BQKB1R b KQkq - 0 8,e2e4
27,EulerE,UnderDog42032,956,958,r2qk2r/pp1b1pbp/2p1pnp1/3p4/2PPP3/2N2P2/PP4PP/R1BQKB1R w KQkq - 0 9,e7e6
27,EulerE,UnderDog42032,956,958,r2qk2r/pp1b1pbp/2p1pnp1/3P4/2PP4/2N2P2/PP4PP/R1BQKB1R b KQkq - 0 9,e4d5
27,EulerE,UnderDog42032,956,958,r2qk2r/pp1b1pbp/4pnp1/3p4/2PP4/2N2P2/PP4PP/R1BQKB1R w KQkq - 0 10,c6d5
27,EulerE,UnderDog42032,956,958,r2qk2r/pp1b1pbp/4pnp1/3P4/3P4/2N2P2/PP4PP/R1BQKB1R b KQkq - 0 10,c4d5
27,EulerE,UnderDog42032,956,958,r2qk2r/pp1b1pbp/5np1/3p4/3P4/2N2P2/PP4PP/R1BQKB1R w KQkq - 0 11,e6d5
27,EulerE,UnderDog42032,956,958,r2qk2r/pp1b1pbp/5np1/3p2B1/3P4/2N2P2/PP4PP/R2QKB1R b KQkq - 1 11,c1g5
27,EulerE,UnderDog42032,956,958,r2q1rk1/pp1b1pbp/5np1/3p2B1/3P4/2N2P2/PP4PP/R2QKB1R w KQ - 2 12,e8g8
27,EulerE,UnderDog42032,956,958,r2q1rk1/pp1b1pbp/5Bp1/3p4/3P4/2N2P2/PP4PP/R2QKB1R b KQ - 0 12,g5f6
27,EulerE,UnderDog42032,956,958,r4rk1/pp1b1pbp/5qp1/3p4/3P4/2N2P2/PP4PP/R2QKB1R w KQ - 0 13,d8f6
27,EulerE,UnderDog42032,956,958,r4rk1/pp1b1pbp/5qp1/3p4/3P4/2N2P2/PP2B1PP/R2QK2R b KQ - 1 13,f1e2
27,EulerE,UnderDog42032,956,958,r4rk1/pp1b1pbp/6p1/3p4/3q4/2N2P2/PP2B1PP/R2QK2R w KQ - 0 14,f6d4
27,EulerE,UnderDog42032,956,958,r4rk1/pp1b1pbp/6p1/3p4/3Q4/2N2P2/PP2B1PP/R3K2R b KQ - 0 14,d1d4
27,EulerE,UnderDog42032,956,958,r4rk1/pp1b1p1p/6p1/3p4/3b4/2N2P2/PP2B1PP/R3K2R w KQ - 0 15,g7d4
27,EulerE,UnderDog42032,956,958,r4rk1/pp1b1p1p/6p1/3N4/3b4/5P2/PP2B1PP/R3K2R b KQ - 0 15,c3d5
27,EulerE,UnderDog42032,956,958,r4rk1/pp1b1p1p/6p1/3N4/8/5P2/Pb2B1PP/R3K2R w KQ - 0 16,d4b2
27,EulerE,UnderDog42032,956,958,r4rk1/pp1b1p1p/6p1/3N4/8/5P2/Pb2B1PP/1R2K2R b K - 1 16,a1b1
27,EulerE,UnderDog42032,956,958,r4rk1/pp3p1p/4b1p1/3N4/8/5P2/Pb2B1PP/1R2K2R w K - 2 17,d7e6
27,EulerE,UnderDog42032,956,958,r4rk1/pp3p1p/4b1p1/3N4/8/5P2/PR2B1PP/4K2R b K - 0 17,b1b2
27,EulerE,UnderDog42032,956,958,r4rk1/pp3p1p/6p1/3b4/8/5P2/PR2B1PP/4K2R w K - 0 18,e6d5
27,EulerE,UnderDog42032,956,958,r4rk1/pp3p1p/6p1/3b4/8/5P2/PR2B1PP/5RK1 b - - 1 18,e1g1
27,EulerE,UnderDog42032,956,958,2r2rk1/pp3p1p/6p1/3b4/8/5P2/PR2B1PP/5RK1 w - - 2 19,a8c8
27,EulerE,UnderDog42032,956,958,2r2rk1/pp3p1p/6p1/3b4/8/5P2/PR2B1PP/3R2K1 b - - 3 19,f1d1
27,EulerE,UnderDog42032,956,958,2rr2k1/pp3p1p/6p1/3b4/8/5P2/PR2B1PP/3R2K1 w - - 4 20,f8d8
27,EulerE,UnderDog42032,956,958,2rr2k1/pp3p1p/6p1/3b4/8/5P2/P2RB1PP/3R2K1 b - - 5 20,b2d2
27,EulerE,UnderDog42032,956,958,2rr2k1/p4p1p/6p1/1p1b4/8/5P2/P2RB1PP/3R2K1 w - - 0 21,b7b5
27,EulerE,UnderDog42032,956,958,2rr2k1/p4p1p/6p1/1p1R4/8/5P2/P3B1PP/3R2K1 b - - 0 21,d2d5
27,EulerE,UnderDog42032,956,958,2rr2k1/p4p1p/6p1/3R4/1p6/5P2/P3B1PP/3R2K1 w - - 0 22,b5b4
27,EulerE,UnderDog42032,956,958,2rR2k1/p4p1p/6p1/8/1p6/5P2/P3B1PP/3R2K1 b - - 0 22,d5d8
28,EulerE,Domolai,956,950,rnbqkbnr/pppppppp/8/8/3P4/8/PPP1PPPP/RNBQKBNR b KQkq - 0 1,d2d4
28,EulerE,Domolai,956,950,rnbqkbnr/ppp1pppp/8/3p4/3P4/8/PPP1PPPP/RNBQKBNR w KQkq - 0 2,d7d5
28,EulerE,Domolai,956,950,rnbqkbnr/ppp1pppp/8/3p4/2PP4/8/PP2PPPP/RNBQKBNR b KQkq - 0 2,c2c4
28,EulerE,Domolai,956,950,rnbqkbnr/ppp2ppp/4p3/3p4/2PP4/8/PP2PPPP/RNBQKBNR w KQkq - 0 3,e7e6
28,EulerE,Domolai,956,950,rnbqkbnr/ppp2ppp/4p3/3p4/2PP4/2N5/PP2PPPP/R1BQKBNR b KQkq - 1 3,b1c3
28,EulerE,Domolai,956,950,rnbqkb1r/ppp2ppp/4pn2/3p4/2PP4/2N5/PP2PPPP/R1BQKBNR w KQkq - 2 4,g8f6
28,EulerE,Domolai,956,950,rnbqkb1r/ppp2ppp/4pn2/3p2B1/2PP4/2N5/PP2PPPP/R2QKBNR b KQkq - 3 4,c1g5
28,EulerE,Domolai,956,950,r1bqkb1r/ppp2ppp/2n1pn2/3p2B1/2PP4/2N5/PP2PPPP/R2QKBNR w KQkq - 4 5,b8c6
28,EulerE,Domolai,956,950,r1bqkb1r/ppp2ppp/2n1pB2/3p4/2PP4/2N5/PP2PPPP/R2QKBNR b KQkq - 0 5,g5f6
28,EulerE,Domolai,956,950,r1b1kb1r/ppp2ppp/2n1pq2/3p4/2PP4/2N5/PP2PPPP/R2QKBNR w KQkq - 0 6,d8f6
28,EulerE,Domolai,956,950,r1b1kb1r/ppp2ppp/2n1pq2/3p4/2PP4/2N2N2/PP2PPPP/R2QKB1R b KQkq - 1 6,g1f3
28,EulerE,Domolai,956,950,r1b1k2r/ppp2ppp/2n1pq2/3p4/1bPP4/2N2N2/PP2PPPP/R2QKB1R w KQkq - 2 7,f8b4
28,EulerE,Domolai,956,950,r1b1k2r/ppp2ppp/2n1pq2/3P4/1b1P4/2N2N2/PP2PPPP/R2QKB1R b KQkq - 0 7,c4d5
28,EulerE,Domolai,956,950,r1b1k2r/ppp2ppp/2n2q2/3p4/1b1P4/2N2N2/PP2PPPP/R2QKB1R w KQkq - 0 8,e6d5
28,EulerE,Domolai,956,950,r1b1k2r/ppp2ppp/2n2q2/3pN3/1b1P4/2N5/PP2PPPP/R2QKB1R b KQkq - 1 8,f3e5
28,EulerE,Domolai,956,950,r1b1k2r/ppp2ppp/5q2/3pn3/1b1P4/2N5/PP2PPPP/R2QKB1R w KQkq - 0 9,c6e5
28,EulerE,Domolai,956,950,r1b1k2r/ppp2ppp/5q2/3pP3/1b6/2N5/PP2PPPP/R2QKB1R b KQkq - 0 9,d4e5
28,EulerE,Domolai,956,950,r1b1k2r/ppp2ppp/8/3pq3/1b6/2N5/PP2PPPP/R2QKB1R w KQkq - 0 10,f6e5
28,EulerE,Domolai,956,950,r1b1k2r/ppp2ppp/8/3pq3/Qb6/2N5/PP2PPPP/R3KB1R b KQkq - 1 10,d1a4
28,EulerE,Domolai,956,950,r3k2r/pppb1ppp/8/3pq3/Qb6/2N5/PP2PPPP/R3KB1R w KQkq - 2 11,c8d7
28,EulerE,Domolai,956,950,r3k2r/pppb1ppp/8/3pq3/1Q6/2N5/PP2PPPP/R3KB1R b KQkq - 0 11,a4b4
28,EulerE,Domolai,956,950,r3k2r/p1pb1ppp/1p6/3pq3/1Q6/2N5/PP2PPPP/R3KB1R w KQkq - 0 12,b7b6
28,EulerE,Domolai,956,950,r3k2r/p1pb1ppp/1p6/3pq3/1Q6/2N5/PP2PPPP/2KR1B1R b kq - 1 12,e1c1
28,EulerE,Domolai,956,950,r3k2r/p2b1ppp/1p6/2ppq3/1Q6/2N5/PP2PPPP/2KR1B1R w kq - 0 13,c7c5
28,EulerE,Domolai,956,950,r3k2r/p2b1ppp/1p6/2pRq3/1Q6/2N5/PP2PPPP/2K2B1R b kq - 0 13,d1d5
28,EulerE,Domolai,956,950,r3k2r/p2b1ppp/1p6/2pq4/1Q6/2N5/PP2PPPP/2K2B1R w kq - 0 14,e5d5
28,EulerE,Domolai,956,950,r3k2r/p2b1ppp/1p6/2pN4/1Q6/8/PP2PPPP/2K2B1R b kq - 0 14,c3d5
28,EulerE,Domolai,956,950,r3k2r/p2b1ppp/1p6/3N4/1p6/8/PP2PPPP/2K2B1R w kq - 0 15,c5b4
28,EulerE,Domolai,956,950,r3k2r/p1Nb1ppp/1p6/8/1p6/8/PP2PPPP/2K2B1R b kq - 1 15,d5c7
28,EulerE,Domolai,956,950,r6r/p1Nbkppp/1p6/8/1p6/8/PP2PPPP/2K2B1R w - - 2 16,e8e7
28,EulerE,Domolai,956,950,N6r/p2bkppp/1p6/8/1p6/8/PP2PPPP/2K2B1R b - - 0 16,c7a8
28,EulerE,Domolai,956,950,r7/p2bkppp/1p6/8/1p6/8/PP2PPPP/2K2B1R w - - 0 17,h8a8
28,EulerE,Domolai,956,950,r7/p2bkppp/1p6/8/1p2P3/8/PP3PPP/2K2B1R b - - 0 17,e2e4
28,EulerE,Domolai,956,950,r7/p2bk1pp/1p6/5p2/1p2P3/8/PP3PPP/2K2B1R w - - 0 18,f7f5
28,EulerE,Domolai,956,950,r7/p2bk1pp/1p6/5p2/1p2P3/3B4/PP3PPP/2K4R b - - 1 18,f1d3
28,EulerE,Domolai,956,950,r7/p2bk1pp/1p6/8/1p2p3/3B4/PP3PPP/2K4R w - - 0 19,f5e4
28,EulerE,Domolai,956,950,r7/p2bk1pp/1p6/8/1p2B3/8/PP3PPP/2K4R b - - 0 19,d3e4
28,EulerE,Domolai,956,950,2r5/p2bk1pp/1p6/8/1p2B3/8/PP3PPP/2K4R w - - 1 20,a8c8
28,EulerE,Domolai,956,950,2r5/p2bk1pp/1p6/8/1p2B3/8/PP3PPP/1K5R b - - 2 20,c1b1
28,EulerE,Domolai,956,950,2r5/p2bk1p1/1p5p/8/1p2B3/8/PP3PPP/1K5R w - - 0 21,h7h6
28,EulerE,Domolai,956,950,2r5/p2bk1p1/1p5p/8/1p2B3/8/PP3PPP/1KR5 b - - 1 21,h1c1
28,EulerE,Domolai,956,950,5r2/p2bk1p1/1p5p/8/1p2B3/8/PP3PPP/1KR5 w - - 2 22,c8f8
28,EulerE,Domolai,956,950,5r2/p1Rbk1p1/1p5p/8/1p2B3/8/PP3PPP/1K6 b - - 3 22,c1c7
28,EulerE,Domolai,956,950,8/p1Rbk1p1/1p5p/8/1p2B3/8/PP3rPP/1K6 w - - 0 23,f8f2
28,EulerE,Domolai,956,950,8/R2bk1p1/1p5p/8/1p2B3/8/PP3rPP/1K6 b - - 0 23,c7a7
28,EulerE,Domolai,956,950,8/R2bk1p1/1p5p/8/1p2B3/8/PP2r1PP/1K6 w - - 1 24,f2e2
28,EulerE,Domolai,956,950,8/R2bk1p1/1pB4p/8/1p6/8/PP2r1PP/1K6 b - - 2 24,e4c6
28,EulerE,Domolai,956,950,8/R2bk1p1/1pB4p/8/1p6/8/PP1r2PP/1K6 w - - 3 25,e2d2
28,EulerE,Domolai,956,950,8/3Rk1p1/1pB4p/8/1p6/8/PP1r2PP/1K6 b - - 0 25,a7d7
28,EulerE,Domolai,956,950,8/3rk1p1/1pB4p/8/1p6/8/PP4PP/1K6 w - - 0 26,d2d7
28,EulerE,Domolai,956,950,8/3Bk1p1/1p5p/8/1p6/8/PP4PP/1K6 b - - 0 26,c6d7
28,EulerE,Domolai,956,950,8/3k2p1/1p5p/8/1p6/8/PP4PP/1K6 w - - 0 27,e7d7
28,EulerE,Domolai,956,950,8/3k2p1/1p5p/8/1p6/8/PPK3PP/8 b - - 1 27,b1c2
28,EulerE,Domolai,956,950,8/3k4/1p5p/6p1/1p6/8/PPK3PP/8 w - - 0 28,g7g5
28,EulerE,Domolai,956,950,8/3k4/1p5p/6p1/1p6/3K4/PP4PP/8 b - - 1 28,c2d3
28,EulerE,Domolai,956,950,8/8/1p2k2p/6p1/1p6/3K4/PP4PP/8 w - - 2 29,d7e6
28,EulerE,Domolai,956,950,8/8/1p2k2p/6p1/1pK5/8/PP4PP/8 b - - 3 29,d3c4
28,EulerE,Domolai,956,950,8/8/1p5p/5kp1/1pK5/8/PP4PP/8 w - - 4 30,e6f5
28,EulerE,Domolai,956,950,8/8/1p5p/5kp1/1p6/3K4/PP4PP/8 b - - 5 30,c4d3
28,EulerE,Domolai,956,950,8/8/1p6/5kpp/1p6/3K4/PP4PP/8 w - - 0 31,h6h5
28,EulerE,Domolai,956,950,8/8/1p6/5kpp/1p6/8/PP2K1PP/8 b - - 1 31,d3e2
28,EulerE,Domolai,956,950,8/8/1p6/5k1p/1p4p1/8/PP2K1PP/8 w - - 0 32,g5g4
28,EulerE,Domolai,956,950,8/8/1p6/5k1p/1p4p1/8/PP3KPP/8 b - - 1 32,e2f2
28,EulerE,Domolai,956,950,8/8/1p6/7p/1p3kp1/8/PP3KPP/8 w - - 2 33,f5f4
28,EulerE,Domolai,956,950,8/8/1p6/7p/1p3kp1/6P1/PP3K1P/8 b - - 0 33,g2g3
28,EulerE,Domolai,956,950,8/8/1p6/6kp/1p4p1/6P1/PP3K1P/8 w - - 1 34,f4g5
28,EulerE,Domolai,956,950,8/8/1p6/6kp/1p4p1/P5P1/1P3K1P/8 b - - 0 34,a2a3
28,EulerE,Domolai,956,950,8/8/1p6/6kp/6p1/p5P1/1P3K1P/8 w - - 0 35,b4a3
28,EulerE,Domolai,956,950,8/8/1p6/6kp/6p1/P5P1/5K1P/8 b - - 0 35,b2a3
28,EulerE,Domolai,956,950,8/8/8/1p4kp/6p1/P5P1/5K1P/8 w - - 0 36,b6b5
28,EulerE,Domolai,956,950,8/8/8/1p4kp/6p1/P3K1P1/7P/8 b - - 1 36,f2e3
28,EulerE,Domolai,956,950,8/8/8/1p3k1p/6p1/P3K1P1/7P/8 w - - 2 37,g5f5
28,EulerE,Domolai,956,950,8/8/8/1p3k1p/3K2p1/P5P1/7P/8 b - - 3 37,e3d4
28,EulerE,Domolai,956,950,8/8/8/1p3k2/3K2pp/P5P1/7P/8 w - - 0 38,h5h4
28,EulerE,Domolai,956,950,8/8/8/1p3k2/3K2pP/P7/7P/8 b - - 0 38,g3h4
28,EulerE,Domolai,956,950,8/8/8/1p6/3K1kpP/P7/7P/8 w - - 1 39,f5f4
28,EulerE,Domolai,956,950,8/8/8/1pK5/5kpP/P7/7P/8 b - - 2 39,d4c5
28,EulerE,Domolai,956,950,8/8/8/1pK5/6pP/P4k2/7P/8 w - - 3 40,f4f3
28,EulerE,Domolai,956,950,8/8/8/1K6/6pP/P4k2/7P/8 b - - 0 40,c5b5
28,EulerE,Domolai,956,950,8/8/8/1K6/6pP/P7/6kP/8 w - - 1 41,f3g2
28,EulerE,Domolai,956,950,8/8/8/1K6/P5pP/8/6kP/8 b - - 0 41,a3a4
28,EulerE,Domolai,956,950,8/8/8/1K6/P5pP/8/7k/8 w - - 0 42,g2h2
28,EulerE,Domolai,956,950,8/8/8/PK6/6pP/8/7k/8 b - - 0 42,a4a5
28,EulerE,Domolai,956,950,8/8/8/PK6/7P/6p1/7k/8 w - - 0 43,g4g3
28,EulerE,Domolai,956,950,8/8/P7/1K6/7P/6p1/7k/8 b - - 0 43,a5a6
28,EulerE,Domolai,956,950,8/8/P7/1K6/7P/8/6pk/8 w - - 0 44,g3g2
28,EulerE,Domolai,956,950,8/P7/8/1K6/7P/8/6pk/8 b - - 0 44,a6a7
28,EulerE,Domolai,956,950,8/P7/8/1K6/7P/8/7k/6q1 w - - 0 45,g2g1q
28,EulerE,Domolai,956,950,Q7/8/8/1K6/7P/8/7k/6q1 b - - 0 45,a7a8q
28,EulerE,Domolai,956,950,Q7/8/8/1K6/7P/8/7k/1q6 w - - 1 46,g1b1
28,EulerE,Domolai,956,950,Q7/8/8/2K5/7P/8/7k/1q6 b - - 2 46,b5c5
28,EulerE,Domolai,956,950,Q7/8/8/2K5/7P/8/7k/2q5 w - - 3 47,b1c1
28,EulerE,Domolai,956,950,Q7/8/8/1K6/7P/8/7k/2q5 b - - 4 47,c5b5
28,EulerE,Domolai,956,950,Q7/8/8/1K6/7P/8/7k/1q6 w - - 5 48,c1b1
28,EulerE,Domolai,956,950,Q7/8/8/2K5/7P/8/7k/1q6 b - - 6 48,b5c5
28,EulerE,Domolai,956,950,Q7/8/8/2K5/7P/8/7k/2q5 w - - 7 49,b1c1
28,EulerE,Domolai,956,950,Q7/8/8/1K6/7P/8/7k/2q5 b - - 8 49,c5b5
29,elish10,EulerE,984,948,rnbqkbnr/pppppppp/8/8/4P3/8/PPPP1PPP/RNBQKBNR b KQkq - 0 1,e2e4
29,elish10,EulerE,984,948,rnbqkbnr/pppp1ppp/8/4p3/4P3/8/PPPP1PPP/RNBQKBNR w KQkq - 0 2,e7e5
29,elish10,EulerE,984,948,rnbqkbnr/pppp1ppp/8/4p3/4P3/5N2/PPPP1PPP/RNBQKB1R b KQkq - 1 2,g1f3
29,elish10,EulerE,984,948,r1bqkbnr/pppp1ppp/2n5/4p3/4P3/5N2/PPPP1PPP/RNBQKB1R w KQkq - 2 3,b8c6
29,elish10,EulerE,984,948,r1bqkbnr/pppp1ppp/2n5/4p3/2B1P3/5N2/PPPP1PPP/RNBQK2R b KQkq - 3 3,f1c4
29,elish10,EulerE,984,948,r1bqk1nr/pppp1ppp/2n5/2b1p3/2B1P3/5N2/PPPP1PPP/RNBQK2R w KQkq - 4 4,f8c5
29,elish10,EulerE,984,948,r1bqk1nr/pppp1ppp/2n5/2b1p3/2B1P3/P4N2/1PPP1PPP/RNBQK2R b KQkq - 0 4,a2a3
29,elish10,EulerE,984,948,r1bqk2r/pppp1ppp/2n2n2/2b1p3/2B1P3/P4N2/1PPP1PPP/RNBQK2R w KQkq - 1 5,g8f6
29,elish10,EulerE,984,948,r1bqk2r/pppp1ppp/2n2n2/2b1p3/2B1P3/P1N2N2/1PPP1PPP/R1BQK2R b KQkq - 2 5,b1c3
29,elish10,EulerE,984,948,r1bqk2r/pppp1ppp/2n5/2b1p3/2B1P1n1/P1N2N2/1PPP1PPP/R1BQK2R w KQkq - 3 6,f6g4
29,elish10,EulerE,984,948,r1bqk2r/pppp1ppp/2n5/2b1p3/2B1P1n1/P1N2N2/1PPP1PPP/R1BQ1RK1 b kq - 4 6,e1g1
29,elish10,EulerE,984,948,r1bq1rk1/pppp1ppp/2n5/2b1p3/2B1P1n1/P1N2N2/1PPP1PPP/R1BQ1RK1 w - - 5 7,e8g8
29,elish10,EulerE,984,948,r1bq1rk1/pppp1ppp/2n5/2b1p3/2B1P1n1/P1NP1N2/1PP2PPP/R1BQ1RK1 b - - 0 7,d2d3
29,elish10,EulerE,984,948,r1bq1rk1/ppp2ppp/2np4/2b1p3/2B1P1n1/P1NP1N2/1PP2PPP/R1BQ1RK1 w - - 0 8,d7d6
29,elish10,EulerE,984,948,r1bq1rk1/ppp2ppp/2np4/2b1p1B1/2B1P1n1/P1NP1N2/1PP2PPP/R2Q1RK1 b - - 1 8,c1g5
29,elish10,EulerE,984,948,r1bq1rk1/ppp2ppp/2np1n2/2b1p1B1/2B1P3/P1NP1N2/1PP2PPP/R2Q1RK1 w - - 2 9,g4f6
29,elish10,EulerE,984,948,r1bq1rk1/ppp2ppp/2np1n2/2bNp1B1/2B1P3/P2P1N2/1PP2PPP/R2Q1RK1 b - - 3 9,c3d5
29,elish10,EulerE,984,948,r1bq1rk1/ppp2ppp/2np4/2bnp1B1/2B1P3/P2P1N2/1PP2PPP/R2Q1RK1 w - - 0 10,f6d5
29,elish10,EulerE,984,948,r1bB1rk1/ppp2ppp/2np4/2bnp3/2B1P3/P2P1N2/1PP2PPP/R2Q1RK1 b - - 0 10,g5d8
30,BudJoelDah,EulerE,926,939,rnbqkbnr/pppppppp/8/8/4P3/8/PPPP1PPP/RNBQKBNR b KQkq - 0 1,e2e4
30,BudJoelDah,EulerE,926,939,rnbqkbnr/pppp1ppp/8/4p3/4P3/8/PPPP1PPP/RNBQKBNR w KQkq - 0 2,e7e5
30,BudJoelDah,EulerE,926,939,rnbqkbnr/pppp1ppp/8/4p3/4P3/5N2/PPPP1PPP/RNBQKB1R b KQkq - 1 2,g1f3
30,BudJoelDah,EulerE,926,939,rnbqkbnr/ppp2ppp/3p4/4p3/4P3/5N2/PPPP1PPP/RNBQKB1R w KQkq - 0 3,d7d6
30,BudJoelDah,EulerE,926,939,rnbqkbnr/ppp2ppp/3p4/4p3/4P3/2N2N2/PPPP1PPP/R1BQKB1R b KQkq - 1 3,b1c3
30,BudJoelDah,EulerE,926,939,rn1qkbnr/ppp2ppp/3pb3/4p3/4P3/2N2N2/PPPP1PPP/R1BQKB1R w KQkq - 2 4,c8e6
30,BudJoelDah,EulerE,926,939,rn1qkbnr/ppp2ppp/3pb3/4p3/3PP3/2N2N2/PPP2PPP/R1BQKB1R b KQkq - 0 4,d2d4
30,BudJoelDah,EulerE,926,939,rn1qkbnr/ppp2ppp/4b3/3pp3/3PP3/2N2N2/PPP2PPP/R1BQKB1R w KQkq - 0 5,d6d5
30,BudJoelDah,EulerE,926,939,rn1qkbnr/ppp2ppp/4b3/3Pp3/3P4/2N2N2/PPP2PPP/R1BQKB1R b KQkq - 0 5,e4d5
30,BudJoelDah,EulerE,926,939,rn1qkbnr/ppp2ppp/8/3bp3/3P4/2N2N2/PPP2PPP/R1BQKB1R w KQkq - 0 6,e6d5
30,BudJoelDah,EulerE,926,939,rn1qkbnr/ppp2ppp/8/3bN3/3P4/2N5/PPP2PPP/R1BQKB1R b KQkq - 0 6,f3e5
30,BudJoelDah,EulerE,926,939,r2qkbnr/ppp2ppp/2n5/3bN3/3P4/2N5/PPP2PPP/R1BQKB1R w KQkq - 1 7,b8c6
30,BudJoelDah,EulerE,926,939,r2qkbnr/ppp2ppp/2n5/3NN3/3P4/8/PPP2PPP/R1BQKB1R b KQkq - 0 7,c3d5
30,BudJoelDah,EulerE,926,939,r3kbnr/ppp2ppp/2n5/3qN3/3P4/8/PPP2PPP/R1BQKB1R w KQkq - 0 8,d8d5
30,BudJoelDah,EulerE,926,939,r3kbnr/ppp2ppp/2N5/3q4/3P4/8/PPP2PPP/R1BQKB1R b KQkq - 0 8,e5c6
30,BudJoelDah,EulerE,926,939,r3kbnr/ppp2ppp/2q5/8/3P4/8/PPP2PPP/R1BQKB1R w KQkq - 0 9,d5c6
30,BudJoelDah,EulerE,926,939,r3kbnr/ppp2ppp/2q5/8/3P4/8/PPP1QPPP/R1B1KB1R b KQkq - 1 9,d1e2
30,BudJoelDah,EulerE,926,939,r3kbnr/ppp2ppp/4q3/8/3P4/8/PPP1QPPP/R1B1KB1R w KQkq - 2 10,c6e6
30,BudJoelDah,EulerE,926,939,r3kbnr/ppp2ppp/4Q3/8/3P4/8/PPP2PPP/R1B1KB1R b KQkq - 0 10,e2e6
30,BudJoelDah,EulerE,926,939,r3kbnr/ppp3pp/4p3/8/3P4/8/PPP2PPP/R1B1KB1R w KQkq - 0 11,f7e6
30,BudJoelDah,EulerE,926,939,r3kbnr/ppp3pp/4p3/8/3P4/3B4/PPP2PPP/R1B1K2R b KQkq - 1 11,f1d3
30,BudJoelDah,EulerE,926,939,r3kb1r/ppp3pp/4pn2/8/3P4/3B4/PPP2PPP/R1B1K2R w KQkq - 2 12,g8f6
30,BudJoelDah,EulerE,926,939,r3kb1r/ppp3pp/4pn2/8/3P4/3B4/PPP2PPP/R1B2RK1 b kq - 3 12,e1g1
30,BudJoelDah,EulerE,926,939,2kr1b1r/ppp3pp/4pn2/8/3P4/3B4/PPP2PPP/R1B2RK1 w - - 4 13,e8c8
30,BudJoelDah,EulerE,926,939,2kr1b1r/ppp3pp/4pn2/8/3P4/3B4/PPP2PPP/R1B1R1K1 b - - 5 13,f1e1
30,BudJoelDah,EulerE,926,939,2k1rb1r/ppp3pp/4pn2/8/3P4/3B4/PPP2PPP/R1B1R1K1 w - - 6 14,d8e8
30,BudJoelDah,EulerE,926,939,2k1rb1r/ppp3pp/4pn2/8/2BP4/8/PPP2PPP/R1B1R1K1 b - - 7 14,d3c4
30,BudJoelDah,EulerE,926,939,4rb1r/pppk2pp/4pn2/8/2BP4/8/PPP2PPP/R1B1R1K1 w - - 8 15,c8d7
30,BudJoelDah,EulerE,926,939,4rb1r/pppk2pp/4pn2/1B6/3P4/8/PPP2PPP/R1B1R1K1 b - - 9 15,c4b5
30,BudJoelDah,EulerE,926,939,4rb1r/pp1k2pp/2p1pn2/1B6/3P4/8/PPP2PPP/R1B1R1K1 w - - 0 16,c7c6
30,BudJoelDah,EulerE,926,939,4rb1r/pp1k2pp/2p1pn2/8/2BP4/8/PPP2PPP/R1B1R1K1 b - - 1 16,b5c4
30,BudJoelDah,EulerE,926,939,4r2r/pp1k2pp/2pbpn2/8/2BP4/8/PPP2PPP/R1B1R1K1 w - - 2 17,f8d6
30,BudJoelDah,EulerE,926,939,4r2r/pp1k2pp/2pbpn2/8/2BP1P2/8/PPP3PP/R1B1R1K1 b - - 0 17,f2f4
30,BudJoelDah,EulerE,926,939,4r2r/pp1k2pp/2pbp3/3n4/2BP1P2/8/PPP3PP/R1B1R1K1 w - - 1 18,f6d5
30,BudJoelDah,EulerE,926,939,4r2r/pp1k2pp/2pbp3/3n4/2BP1P2/2P5/PP4PP/R1B1R1K1 b - - 0 18,c2c3
30,BudJoelDah,EulerE,926,939,4r2r/pp1k2p1/2pbp2p/3n4/2BP1P2/2P5/PP4PP/R1B1R1K1 w - - 0 19,h7h6
30,BudJoelDah,EulerE,926,939,4r2r/pp1k2p1/2pbp2p/3n4/2BP1P2/2P3P1/PP5P/R1B1R1K1 b - - 0 19,g2g3
30,BudJoelDah,EulerE,926,939,4r2r/p2k2p1/2pbp2p/1p1n4/2BP1P2/2P3P1/PP5P/R1B1R1K1 w - - 0 20,b7b5
30,BudJoelDah,EulerE,926,939,4r2r/p2k2p1/2pbp2p/1p1B4/3P1P2/2P3P1/PP5P/R1B1R1K1 b - - 0 20,c4d5
30,BudJoelDah,EulerE,926,939,4r2r/p2k2p1/2pb3p/1p1p4/3P1P2/2P3P1/PP5P/R1B1R1K1 w - - 0 21,e6d5
30,BudJoelDah,EulerE,926,939,4R2r/p2k2p1/2pb3p/1p1p4/3P1P2/2P3P1/PP5P/R1B3K1 b - - 0 21,e1e8
30,BudJoelDah,EulerE,926,939,4r3/p2k2p1/2pb3p/1p1p4/3P1P2/2P3P1/PP5P/R1B3K1 w - - 0 22,h8e8
30,BudJoelDah,EulerE,926,939,4r3/p2k2p1/2pb3p/1p1p4/3P1P2/2P3P1/PP3K1P/R1B5 b - - 1 22,g1f2
30,BudJoelDah,EulerE,926,939,6r1/p2k2p1/2pb3p/1p1p4/3P1P2/2P3P1/PP3K1P/R1B5 w - - 2 23,e8g8
30,BudJoelDah,EulerE,926,939,6r1/p2k2p1/2pb3p/1p1p4/3P1P2/2P1B1P1/PP3K1P/R7 b - - 3 23,c1e3
30,BudJoelDah,EulerE,926,939,6r1/p1k3p1/2pb3p/1p1p4/3P1P2/2P1B1P1/PP3K1P/R7 w - - 4 24,d7c7
30,BudJoelDah,EulerE,926,939,6r1/p1k3p1/2pb3p/1p1p4/P2P1P2/2P1B1P1/1P3K1P/R7 b - - 0 24,a2a4
30,BudJoelDah,EulerE,926,939,6r1/p1k3p1/2pb3p/3p4/Pp1P1P2/2P1B1P1/1P3K1P/R7 w - - 0 25,b5b4
30,BudJoelDah,EulerE,926,939,6r1/p1k3p1/2pb3p/3p4/Pp1P1P2/2P3P1/1P1B1K1P/R7 b - - 1 25,e3d2
30,BudJoelDah,EulerE,926,939,6r1/p1k3p1/3b3p/2pp4/Pp1P1P2/2P3P1/1P1B1K1P/R7 w - - 0 26,c6c5
30,BudJoelDah,EulerE,926,939,6r1/p1k3p1/3b3p/2pp4/PP1P1P2/6P1/1P1B1K1P/R7 b - - 0 26,c3b4
30,BudJoelDah,EulerE,926,939,6r1/p1k3p1/3b3p/3p4/Pp1P1P2/6P1/1P1B1K1P/R7 w - - 0 27,c5b4
30,BudJoelDah,EulerE,926,939,6r1/p1k3p1/3b3p/3p4/Pp1P1P2/1P4P1/3B1K1P/R7 b - - 0 27,b2b3
30,BudJoelDah,EulerE,926,939,6r1/2k3p1/3b3p/p2p4/Pp1P1P2/1P4P1/3B1K1P/R7 w - - 0 28,a7a5
30,BudJoelDah,EulerE,926,939,6r1/2k3p1/3b3p/p2p4/Pp1P1P2/1P4P1/3B1K1P/2R5 b - - 1 28,a1c1
30,BudJoelDah,EulerE,926,939,6r1/6p1/1k1b3p/p2p4/Pp1P1P2/1P4P1/3B1K1P/2R5 w - - 2 29,c7b6
30,BudJoelDah,EulerE,926,939,6r1/6p1/1k1b3p/p2p4/Pp1P1P2/1P3KP1/3B3P/2R5 b - - 3 29,f2f3
30,BudJoelDah,EulerE,926,939,6r1/6p1/1k1b4/p2p3p/Pp1P1P2/1P3KP1/3B3P/2R5 w - - 0 30,h6h5
30,BudJoelDah,EulerE,926,939,6r1/6p1/1k1b4/p2p3p/Pp1P1P2/1P3KP1/3B3P/4R3 b - - 1 30,c1e1
30,BudJoelDah,EulerE,926,939,6r1/6p1/1k1b4/p2p4/Pp1P1P1p/1P3KP1/3B3P/4R3 w - - 0 31,h5h4
30,BudJoelDah,EulerE,926,939,6r1/6p1/1k1b4/p2p4/Pp1P1PPp/1P3K2/3B3P/4R3 b - - 0 31,g3g4
30,BudJoelDah,EulerE,926,939,6r1/2k3p1/3b4/p2p4/Pp1P1PPp/1P3K2/3B3P/4R3 w - - 1 32,b6c7
30,BudJoelDah,EulerE,926,939,6r1/2k3p1/3b4/p2p4/Pp1P1PPp/1P3K1P/3B4/4R3 b - - 0 32,h2h3
30,BudJoelDah,EulerE,926,939,6r1/3k2p1/3b4/p2p4/Pp1P1PPp/1P3K1P/3B4/4R3 w - - 1 33,c7d7
30,BudJoelDah,EulerE,926,939,6r1/3k2p1/3b4/p2p1P2/Pp1P2Pp/1P3K1P/3B4/4R3 b - - 0 33,f4f5
30,BudJoelDah,EulerE,926,939,4r3/3k2p1/3b4/p2p1P2/Pp1P2Pp/1P3K1P/3B4/4R3 w - - 1 34,g8e8
30,BudJoelDah,EulerE,926,939,4R3/3k2p1/3b4/p2p1P2/Pp1P2Pp/1P3K1P/3B4/8 b - - 0 34,e1e8
30,BudJoelDah,EulerE,926,939,4k3/6p1/3b4/p2p1P2/Pp1P2Pp/1P3K1P/3B4/8 w - - 0 35,d7e8
30,BudJoelDah,EulerE,926,939,4k3/6p1/3b4/p2p1P2/Pp1P1BPp/1P3K1P/8/8 b - - 1 35,d2f4
30,BudJoelDah,EulerE,926,939,4k3/6p1/8/p2p1P2/Pp1P1bPp/1P3K1P/8/8 w - - 0 36,d6f4
30,BudJoelDah,EulerE,926,939,4k3/6p1/8/p2p1P2/Pp1P1KPp/1P5P/8/8 b - - 0 36,f3f4
30,BudJoelDah,EulerE,926,939,8/5kp1/8/p2p1P2/Pp1P1KPp/1P5P/8/8 w - - 1 37,e8f7
30,BudJoelDah,EulerE,926,939,8/5kp1/8/p2p1PK1/Pp1P2Pp/1P5P/8/8 b - - 2 37,f4g5
30,BudJoelDah,EulerE,926,939,6k1/6p1/8/p2p1PK1/Pp1P2Pp/1P5P/8/8 w - - 3 38,f7g8
30,BudJoelDah,EulerE,926,939,6k1/6p1/8/p2p1P2/Pp1P2PK/1P5P/8/8 b - - 0 38,g5h4
30,BudJoelDah,EulerE,926,939,8/6pk/8/p2p1P2/Pp1P2PK/1P5P/8/8 w - - 1 39,g8h7
30,BudJoelDah,EulerE,926,939,8/6pk/8/p2p1PK1/Pp1P2P1/1P5P/8/8 b - - 2 39,h4g5
30,BudJoelDah,EulerE,926,939,6k1/6p1/8/p2p1PK1/Pp1P2P1/1P5P/8/8 w - - 3 40,h7g8
30,BudJoelDah,EulerE,926,939,6k1/6p1/5P2/p2p2K1/Pp1P2P1/1P5P/8/8 b - - 0 40,f5f6
30,BudJoelDah,EulerE,926,939,8/5kp1/5P2/p2p2K1/Pp1P2P1/1P5P/8/8 w - - 1 41,g8f7
30,BudJoelDah,EulerE,926,939,8/5kP1/8/p2p2K1/Pp1P2P1/1P5P/8/8 b - - 0 41,f6g7
30,BudJoelDah,EulerE,926,939,8/6k1/8/p2p2K1/Pp1P2P1/1P5P/8/8 w - - 0 42,f7g7
30,BudJoelDah,EulerE,926,939,8/6k1/8/p2p1K2/Pp1P2P1/1P5P/8/8 b - - 1 42,g5f5
30,BudJoelDah,EulerE,926,939,8/8/7k/p2p1K2/Pp1P2P1/1P5P/8/8 w - - 2 43,g7h6
30,BudJoelDah,EulerE,926,939,8/8/7k/p2pK3/Pp1P2P1/1P5P/8/8 b - - 3 43,f5e5
30,BudJoelDah,EulerE,926,939,8/8/8/p2pK1k1/Pp1P2P1/1P5P/8/8 w - - 4 44,h6g5
30,BudJoelDah,EulerE,926,939,8/8/8/p2K2k1/Pp1P2P1/1P5P/8/8 b - - 0 44,e5d5
30,BudJoelDah,EulerE,926,939,8/8/5k2/p2K4/Pp1P2P1/1P5P/8/8 w - - 1 45,g5f6
30,BudJoelDah,EulerE,926,939,8/8/5k2/p1K5/Pp1P2P1/1P5P/8/8 b - - 2 45,d5c5
30,BudJoelDah,EulerE,926,939,8/8/4k3/p1K5/Pp1P2P1/1P5P/8/8 w - - 3 46,f6e6
30,BudJoelDah,EulerE,926,939,8/8/4k3/pK6/Pp1P2P1/1P5P/8/8 b - - 4 46,c5b5
30,BudJoelDah,EulerE,926,939,8/8/8/pK1k4/Pp1P2P1/1P5P/8/8 w - - 5 47,e6d5
30,BudJoelDah,EulerE,926,939,8/8/8/K2k4/Pp1P2P1/1P5P/8/8 b - - 0 47,b5a5
30,BudJoelDah,EulerE,926,939,8/8/8/K7/Pp1k2P1/1P5P/8/8 w - - 0 48,d5d4
30,BudJoelDah,EulerE,926,939,8/8/8/8/PK1k2P1/1P5P/8/8 b - - 0 48,a5b4
30,BudJoelDah,EulerE,926,939,8/8/8/3k4/PK4P1/1P5P/8/8 w - - 1 49,d4d5
30,BudJoelDah,EulerE,926,939,8/8/8/P2k4/1K4P1/1P5P/8/8 b - - 0 49,a4a5
31,EulerE,JojoB87,948,960,rnbqkbnr/pppppppp/8/8/3P4/8/PPP1PPPP/RNBQKBNR b KQkq - 0 1,d2d4
31,EulerE,JojoB87,948,960,rnbqkbnr/ppp1pppp/8/3p4/3P4/8/PPP1PPPP/RNBQKBNR w KQkq - 0 2,d7d5
31,EulerE,JojoB87,948,960,rnbqkbnr/ppp1pppp/8/3p4/2PP4/8/PP2PPPP/RNBQKBNR b KQkq - 0 2,c2c4
31,EulerE,JojoB87,948,960,rnbqkbnr/ppp2ppp/4p3/3p4/2PP4/8/PP2PPPP/RNBQKBNR w KQkq - 0 3,e7e6
31,EulerE,JojoB87,948,960,rnbqkbnr/ppp2ppp/4p3/3p4/2PP4/2N5/PP2PPPP/R1BQKBNR b KQkq - 1 3,b1c3
31,EulerE,JojoB87,948,960,rnbqkbnr/ppp2ppp/4p3/8/2pP4/2N5/PP2PPPP/R1BQKBNR w KQkq - 0 4,d5c4
31,EulerE,JojoB87,948,960,rnbqkbnr/ppp2ppp/4p3/8/2pPP3/2N5/PP3PPP/R1BQKBNR b KQkq - 0 4,e2e4
31,EulerE,JojoB87,948,960,r1bqkbnr/ppp2ppp/2n1p3/8/2pPP3/2N5/PP3PPP/R1BQKBNR w KQkq - 1 5,b8c6
31,EulerE,JojoB87,948,960,r1bqkbnr/ppp2ppp/2n1p3/8/2pPP3/2N2N2/PP3PPP/R1BQKB1R b KQkq - 2 5,g1f3
31,EulerE,JojoB87,948,960,r1bqk1nr/ppp2ppp/2n1p3/8/1bpPP3/2N2N2/PP3PPP/R1BQKB1R w KQkq - 3 6,f8b4
31,EulerE,JojoB87,948,960,r1bqk1nr/ppp2ppp/2n1p3/3P4/1bp1P3/2N2N2/PP3PPP/R1BQKB1R b KQkq - 0 6,d4d5
31,EulerE,JojoB87,948,960,r1bqk1nr/ppp2ppp/2n5/3p4/1bp1P3/2N2N2/PP3PPP/R1BQKB1R w KQkq - 0 7,e6d5
31,EulerE,JojoB87,948,960,r1bqk1nr/ppp2ppp/2n5/3P4/1bp5/2N2N2/PP3PPP/R1BQKB1R b KQkq - 0 7,e4d5
31,EulerE,JojoB87,948,960,r1bqk1nr/ppp2ppp/8/n2P4/1bp5/2N2N2/PP3PPP/R1BQKB1R w KQkq - 1 8,c6a5
31,EulerE,JojoB87,948,960,r1bqk1nr/ppp2ppp/8/n2P4/Qbp5/2N2N2/PP3PPP/R1B1KB1R b KQkq - 2 8,d1a4
31,EulerE,JojoB87,948,960,r2qk1nr/pppb1ppp/8/n2P4/Qbp5/2N2N2/PP3PPP/R1B1KB1R w KQkq - 3 9,c8d7
31,EulerE,JojoB87,948,960,r2qk1nr/pppb1ppp/8/n2P4/1Qp5/2N2N2/PP3PPP/R1B1KB1R b KQkq - 0 9,a4b4
31,EulerE,JojoB87,948,960,r2qk1nr/p1pb1ppp/1p6/n2P4/1Qp5/2N2N2/PP3PPP/R1B1KB1R w KQkq - 0 10,b7b6
31,EulerE,JojoB87,948,960,r2qk1nr/p1pb1ppp/1p6/n2P4/1Qp5/1PN2N2/P4PPP/R1B1KB1R b KQkq - 0 10,b2b3
31,EulerE,JojoB87,948,960,r2qk1nr/p1pb1ppp/1p6/n2P4/1Q6/1pN2N2/P4PPP/R1B1KB1R w KQkq - 0 11,c4b3
31,EulerE,JojoB87,948,960,r2qk1nr/p1pb1ppp/1p6/n2P4/1Q6/1PN2N2/5PPP/R1B1KB1R b KQkq - 0 11,a2b3
31,EulerE,JojoB87,948,960,r2qk2r/p1pbnppp/1p6/n2P4/1Q6/1PN2N2/5PPP/R1B1KB1R w KQkq - 1 12,g8e7
31,EulerE,JojoB87,948,960,r2qk2r/p1pbnppp/1p6/nB1P4/1Q6/1PN2N2/5PPP/R1B1K2R b KQkq - 2 12,f1b5
31,EulerE,JojoB87,948,960,r2q1rk1/p1pbnppp/1p6/nB1P4/1Q6/1PN2N2/5PPP/R1B1K2R w KQ - 3 13,e8g8
31,EulerE,JojoB87,948,960,r2q1rk1/p1pbnppp/1p6/nB1P2B1/1Q6/1PN2N2/5PPP/R3K2R b KQ - 4 13,c1g5
31,EulerE,JojoB87,948,960,r2q1rk1/p1pbn1pp/1p3p2/nB1P2B1/1Q6/1PN2N2/5PPP/R3K2R w KQ - 0 14,f7f6
31,EulerE,JojoB87,948,960,r2q1rk1/p1pBn1pp/1p3p2/n2P2B1/1Q6/1PN2N2/5PPP/R3K2R b KQ - 0 14,b5d7
31,EulerE,JojoB87,948,960,r4rk1/p1pqn1pp/1p3p2/n2P2B1/1Q6/1PN2N2/5PPP/R3K2R w KQ - 0 15,d8d7
31,EulerE,JojoB87,948,960,r4rk1/p1pqn1pp/1p3p2/n2PN1B1/1Q6/1PN5/5PPP/R3K2R b KQ - 1 15,f3e5
31,EulerE,JojoB87,948,960,r2q1rk1/p1p1n1pp/1p3p2/n2PN1B1/1Q6/1PN5/5PPP/R3K2R w KQ - 2 16,d7d8
31,EulerE,JojoB87,948,960,r2q1rk1/p1p1n1pp/1p3B2/n2PN3/1Q6/1PN5/5PPP/R3K2R b KQ - 0 16,g5f6
31,EulerE,JojoB87,948,960,r2q2k1/p1p1n1pp/1p3r2/n2PN3/1Q6/1PN5/5PPP/R3K2R w KQ - 0 17,f8f6
31,EulerE,JojoB87,948,960,r2q2k1/p1p1n1pp/1p3r2/n2PN3/1Q6/1PN5/5PPP/2KR3R b - - 1 17,e1c1
31,EulerE,JojoB87,948,960,r2q2k1/p1p1n1pp/1p6/n2PN3/1Q6/1PN5/5rPP/2KR3R w - - 0 18,f6f2
31,EulerE,JojoB87,948,960,r2q2k1/p1p1n1pp/1p1P4/n3N3/1Q6/1PN5/5rPP/2KR3R b - - 0 18,d5d6
31,EulerE,JojoB87,948,960,r2q2k1/p3n1pp/1p1p4/n3N3/1Q6/1PN5/5rPP/2KR3R w - - 0 19,c7d6
31,EulerE,JojoB87,948,960,r2q2k1/p3n1pp/1p1R4/n3N3/1Q6/1PN5/5rPP/2K4R b - - 0 19,d1d6
31,EulerE,JojoB87,948,960,r5k1/p1q1n1pp/1p1R4/n3N3/1Q6/1PN5/5rPP/2K4R w - - 1 20,d8c7
31,EulerE,JojoB87,948,960,r5k1/p1q1n1pp/1p2R3/n3N3/1Q6/1PN5/5rPP/2K4R b - - 2 20,d6e6
31,EulerE,JojoB87,948,960,4r1k1/p1q1n1pp/1p2R3/n3N3/1Q6/1PN5/5rPP/2K4R w - - 3 21,a8e8
31,EulerE,JojoB87,948,960,4r1k1/p1q1n1pp/1p2R3/n3N3/1Q6/1PN5/5rPP/1K5R b - - 4 21,c1b1
31,EulerE,JojoB87,948,960,4r1k1/p1q1n1pp/1p2R3/n3Nr2/1Q6/1PN5/6PP/1K5R w - - 5 22,f2f5
31,EulerE,JojoB87,948,960,4r1k1/p1q1n1pp/1p2R3/n2NNr2/1Q6/1P6/6PP/1K5R b - - 6 22,c3d5
31,EulerE,JojoB87,948,960,4r1k1/p1q1n1pp/1pn1R3/3NNr2/1Q6/1P6/6PP/1K5R w - - 7 23,a5c6
31,EulerE,JojoB87,948,960,4r1k1/p1N1n1pp/1pn1R3/4Nr2/1Q6/1P6/6PP/1K5R b - - 0 23,d5c7
31,EulerE,JojoB87,948,960,4r1k1/p1N1n1pp/1p2R3/4Nr2/1n6/1P6/6PP/1K5R w - - 0 24,c6b4
31,EulerE,JojoB87,948,960,4N1k1/p3n1pp/1p2R3/4Nr2/1n6/1P6/6PP/1K5R b - - 0 24,c7e8
31,EulerE,JojoB87,948,960,4Nk2/p3n1pp/1p2R3/4Nr2/1n6/1P6/6PP/1K5R w - - 1 25,g8f8
31,EulerE,JojoB87,948,960,5k2/p3n1pp/1p1NR3/4Nr2/1n6/1P6/6PP/1K5R b - - 2 25,e8d6
31,EulerE,JojoB87,948,960,5k2/p5pp/1p1NR3/3nNr2/1n6/1P6/6PP/1K5R w - - 3 26,e7d5
31,EulerE,JojoB87,948,960,5k2/p2N2pp/1p1NR3/3n1r2/1n6/1P6/6PP/1K5R b - - 4 26,e5d7
32,EulerE,ACEHokie21,955,903,rnbqkbnr/pppppppp/8/8/3P4/8/PPP1PPPP/RNBQKBNR b KQkq - 0 1,d2d4
32,EulerE,ACEHokie21,955,903,rnbqkbnr/ppp1pppp/8/3p4/3P4/8/PPP1PPPP/RNBQKBNR w KQkq - 0 2,d7d5
32,EulerE,ACEHokie21,955,903,rnbqkbnr/ppp1pppp/8/3p4/2PP4/8/PP2PPPP/RNBQKBNR b KQkq - 0 2,c2c4
32,EulerE,ACEHokie21,955,903,rnbqkbnr/ppp2ppp/4p3/3p4/2PP4/8/PP2PPPP/RNBQKBNR w KQkq - 0 3,e7e6
32,EulerE,ACEHokie21,955,903,rnbqkbnr/ppp2ppp/4p3/3p4/2PP4/2N5/PP2PPPP/R1BQKBNR b KQkq - 1 3,b1c3
32,EulerE,ACEHokie21,955,903,rnbqkb1r/ppp2ppp/4pn2/3p4/2PP4/2N5/PP2PPPP/R1BQKBNR w KQkq - 2 4,g8f6
32,EulerE,ACEHokie21,955,903,rnbqkb1r/ppp2ppp/4pn2/3p2B1/2PP4/2N5/PP2PPPP/R2QKBNR b KQkq - 3 4,c1g5
32,EulerE,ACEHokie21,955,903,rnbqkb1r/pp3ppp/4pn2/2pp2B1/2PP4/2N5/PP2PPPP/R2QKBNR w KQkq - 0 5,c7c5
32,EulerE,ACEHokie21,955,903,rnbqkb1r/pp3ppp/4pB2/2pp4/2PP4/2N5/PP2PPPP/R2QKBNR b KQkq - 0 5,g5f6
32,EulerE,ACEHokie21,955,903,rnb1kb1r/pp3ppp/4pq2/2pp4/2PP4/2N5/PP2PPPP/R2QKBNR w KQkq - 0 6,d8f6
32,EulerE,ACEHokie21,955,903,rnb1kb1r/pp3ppp/4pq2/2pP4/3P4/2N5/PP2PPPP/R2QKBNR b KQkq - 0 6,c4d5
32,EulerE,ACEHokie21,955,903,rnb1kb1r/pp3ppp/4pq2/3P4/3p4/2N5/PP2PPPP/R2QKBNR w KQkq - 0 7,c5d4
32,EulerE,ACEHokie21,955,903,rnb1kb1r/pp3ppp/4pq2/1N1P4/3p4/8/PP2PPPP/R2QKBNR b KQkq - 1 7,c3b5
32,EulerE,ACEHokie21,955,903,rnb1kb1r/pp3ppp/5q2/1N1p4/3p4/8/PP2PPPP/R2QKBNR w KQkq - 0 8,e6d5
32,EulerE,ACEHokie21,955,903,rnb1kb1r/ppN2ppp/5q2/3p4/3p4/8/PP2PPPP/R2QKBNR b KQkq - 1 8,b5c7
32,EulerE,ACEHokie21,955,903,rnbk1b1r/ppN2ppp/5q2/3p4/3p4/8/PP2PPPP/R2QKBNR w KQ - 2 9,e8d8
32,EulerE,ACEHokie21,955,903,Nnbk1b1r/pp3ppp/5q2/3p4/3p4/8/PP2PPPP/R2QKBNR b KQ - 0 9,c7a8
32,EulerE,ACEHokie21,955,903,Nnbk1b1r/pp3ppp/8/3p2q1/3p4/8/PP2PPPP/R2QKBNR w KQ - 1 10,f6g5
32,EulerE,ACEHokie21,955,903,Nnbk1b1r/pp3ppp/8/3p2q1/3p4/8/PPQ1PPPP/R3KBNR b KQ - 2 10,d1c2
32,EulerE,ACEHokie21,955,903,N1bk1b1r/pp3ppp/2n5/3p2q1/3p4/8/PPQ1PPPP/R3KBNR w KQ - 3 11,b8c6
32,EulerE,ACEHokie21,955,903,N1bk1b1r/pp3ppp/2n5/3p2q1/3p4/5N2/PPQ1PPPP/R3KB1R b KQ - 4 11,g1f3
32,EulerE,ACEHokie21,955,903,N1bk1b1r/pp3ppp/8/3p2q1/1n1p4/5N2/PPQ1PPPP/R3KB1R w KQ - 5 12,c6b4
32,EulerE,ACEHokie21,955,903,N1bk1b1r/ppQ2ppp/8/3p2q1/1n1p4/5N2/PP2PPPP/R3KB1R b KQ - 6 12,c2c7
32,EulerE,ACEHokie21,955,903,N1b1kb1r/ppQ2ppp/8/3p2q1/1n1p4/5N2/PP2PPPP/R3KB1R w KQ - 7 13,d8e8
32,EulerE,ACEHokie21,955,903,N1Q1kb1r/pp3ppp/8/3p2q1/1n1p4/5N2/PP2PPPP/R3KB1R b KQ - 0 13,c7c8
32,EulerE,ACEHokie21,955,903,N1Qqkb1r/pp3ppp/8/3p4/1n1p4/5N2/PP2PPPP/R3KB1R w KQ - 1 14,g5d8
32,EulerE,ACEHokie21,955,903,2Qqkb1r/ppN2ppp/8/3p4/1n1p4/5N2/PP2PPPP/R3KB1R b KQ - 2 14,a8c7
32,EulerE,ACEHokie21,955,903,2Qq1b1r/ppN1kppp/8/3p4/1n1p4/5N2/PP2PPPP/R3KB1R w KQ - 3 15,e8e7
32,EulerE,ACEHokie21,955,903,2Qq1b1r/pp2kppp/8/3N4/1n1p4/5N2/PP2PPPP/R3KB1R b KQ - 0 15,c7d5
32,EulerE,ACEHokie21,955,903,2Qqkb1r/pp3ppp/8/3N4/1n1p4/5N2/PP2PPPP/R3KB1R w KQ - 1 16,e7e8
32,EulerE,ACEHokie21,955,903,3Qkb1r/pp3ppp/8/3N4/1n1p4/5N2/PP2PPPP/R3KB1R b KQ - 0 16,c8d8
32,EulerE,ACEHokie21,955,903,3k1b1r/pp3ppp/8/3N4/1n1p4/5N2/PP2PPPP/R3KB1R w KQ - 0 17,e8d8
32,EulerE,ACEHokie21,955,903,3k1b1r/pp3ppp/8/8/1N1p4/5N2/PP2PPPP/R3KB1R b KQ - 0 17,d5b4
32,EulerE,ACEHokie21,955,903,3k3r/pp3ppp/8/8/1b1p4/5N2/PP2PPPP/R3KB1R w KQ - 0 18,f8b4
32,EulerE,ACEHokie21,955,903,3k3r/pp3ppp/8/8/1b1p4/5N2/PP2PPPP/R2K1B1R b - - 1 18,e1d1
32,EulerE,ACEHokie21,955,903,3kr3/pp3ppp/8/8/1b1p4/5N2/PP2PPPP/R2K1B1R w - - 2 19,h8e8
32,EulerE,ACEHokie21,955,903,3kr3/pp3ppp/8/8/1b1N4/8/PP2PPPP/R2K1B1R b - - 0 19,f3d4
32,EulerE,ACEHokie21,955,903,3k4/pp3ppp/8/8/1b1Nr3/8/PP2PPPP/R2K1B1R w - - 1 20,e8e4
32,EulerE,ACEHokie21,955,903,3k4/pp3ppp/8/8/1b2r3/8/PPN1PPPP/R2K1B1R b - - 2 20,d4c2
32,EulerE,ACEHokie21,955,903,3k4/pp3ppp/8/2b5/4r3/8/PPN1PPPP/R2K1B1R w - - 3 21,b4c5
32,EulerE,ACEHokie21,955,903,3k4/pp3ppp/8/2b5/4r3/5P2/PPN1P1PP/R2K1B1R b - - 0 21,f2f3
32,EulerE,ACEHokie21,955,903,3k4/pp3ppp/8/2b1r3/8/5P2/PPN1P1PP/R2K1B1R w - - 1 22,e4e5
32,EulerE,ACEHokie21,955,903,3k4/pp3ppp/8/2b1r3/5P2/8/PPN1P1PP/R2K1B1R b - - 0 22,f3f4
32,EulerE,ACEHokie21,955,903,3k4/pp3ppp/8/2br4/5P2/8/PPN1P1PP/R2K1B1R w - - 1 23,e5d5
32,EulerE,ACEHokie21,955,903,3k4/pp3ppp/8/2br4/5P2/8/PPN1P1PP/R3KB1R b - - 2 23,d1e1
32,EulerE,ACEHokie21,955,903,3k4/pp4pp/8/2br1p2/5P2/8/PPN1P1PP/R3KB1R w - - 0 24,f7f5
32,EulerE,ACEHokie21,955,903,3k4/pp4pp/8/2br1p2/5P2/8/PPN1P1PP/3RKB1R b - - 1 24,a1d1
32,EulerE,ACEHokie21,955,903,3k4/pp4pp/8/2b2p2/5P2/8/PPN1P1PP/3rKB1R w - - 0 25,d5d1
32,EulerE,ACEHokie21,955,903,3k4/pp4pp/8/2b2p2/5P2/8/PPN1P1PP/3K1B1R b - - 0 25,e1d1
32,EulerE,ACEHokie21,955,903,3k4/pp4pp/3b4/5p2/5P2/8/PPN1P1PP/3K1B1R w - - 1 26,c5d6
32,EulerE,ACEHokie21,955,903,3k4/pp4pp/3b4/5p2/5P2/4P3/PPN3PP/3K1B1R b - - 0 26,e2e3
32,EulerE,ACEHokie21,955,903,3k4/pp5p/3b2p1/5p2/5P2/4P3/PPN3PP/3K1B1R w - - 0 27,g7g6
32,EulerE,ACEHokie21,955,903,3k4/pp5p/3b2p1/5p2/5PP1/4P3/PPN4P/3K1B1R b - - 0 27,g2g4
32,EulerE,ACEHokie21,955,903,3k4/pp5p/3b2p1/8/5Pp1/4P3/PPN4P/3K1B1R w - - 0 28,f5g4
32,EulerE,ACEHokie21,955,903,3k4/pp5p/3b2p1/8/5Pp1/4P3/PPN4P/3K1BR1 b - - 1 28,h1g1
32,EulerE,ACEHokie21,955,903,3k4/pp6/3b2p1/7p/5Pp1/4P3/PPN4P/3K1BR1 w - - 0 29,h7h5
32,EulerE,ACEHokie21,955,903,3k4/pp6/3b2p1/7p/5Pp1/4P2P/PPN5/3K1BR1 b - - 0 29,h2h3
32,EulerE,ACEHokie21,955,903,3k4/pp6/6p1/2b4p/5Pp1/4P2P/PPN5/3K1BR1 w - - 1 30,d6c5
32,EulerE,ACEHokie21,955,903,3k4/pp6/6p1/2b4p/5PP1/4P3/PPN5/3K1BR1 b - - 0 30,h3g4
32,EulerE,ACEHokie21,955,903,3k4/pp6/6p1/2b5/5PPp/4P3/PPN5/3K1BR1 w - - 0 31,h5h4
32,EulerE,ACEHokie21,955,903,3k4/pp6/6p1/2b5/5PPp/4P3/PPN5/3K1B1R b - - 1 31,g1h1
32,EulerE,ACEHokie21,955,903,3k4/pp2b3/6p1/8/5PPp/4P3/PPN5/3K1B1R w - - 2 32,c5e7
32,EulerE,ACEHokie21,955,903,3k4/pp2b3/6p1/6P1/5P1p/4P3/PPN5/3K1B1R b - - 0 32,g4g5
32,EulerE,ACEHokie21,955,903,3k4/p3b3/6p1/1p4P1/5P1p/4P3/PPN5/3K1B1R w - - 0 33,b7b5
32,EulerE,ACEHokie21,955,903,3k4/p3b3/6p1/1p4P1/5P1R/4P3/PPN5/3K1B2 b - - 0 33,h1h4
32,EulerE,ACEHokie21,955,903,3k4/4b3/6p1/pp4P1/5P1R/4P3/PPN5/3K1B2 w - - 0 34,a7a5
32,EulerE,ACEHokie21,955,903,3k3R/4b3/6p1/pp4P1/5P2/4P3/PPN5/3K1B2 b - - 1 34,h4h8
32,EulerE,ACEHokie21,955,903,7R/3kb3/6p1/pp4P1/5P2/4P3/PPN5/3K1B2 w - - 2 35,d8d7
32,EulerE,ACEHokie21,955,903,7R/3kb3/6p1/pB4P1/5P2/4P3/PPN5/3K4 b - - 0 35,f1b5
32,EulerE,ACEHokie21,955,903,7R/4b3/3k2p1/pB4P1/5P2/4P3/PPN5/3K4 w - - 1 36,d7d6
32,EulerE,ACEHokie21,955,903,7R/4b3/3k2p1/pB4P1/4PP2/8/PPN5/3K4 b - - 0 36,e3e4
32,EulerE,ACEHokie21,955,903,7R/4b3/6p1/pBk3P1/4PP2/8/PPN5/3K4 w - - 1 37,d6c5
32,EulerE,ACEHokie21,955,903,7R/4b3/6p1/pBk2PP1/4P3/8/PPN5/3K4 b - - 0 37,f4f5
32,EulerE,ACEHokie21,955,903,7R/4b3/6p1/pk3PP1/4P3/8/PPN5/3K4 w - - 0 38,c5b5
32,EulerE,ACEHokie21,955,903,7R/4b3/6P1/pk4P1/4P3/8/PPN5/3K4 b - - 0 38,f5g6
32,EulerE,ACEHokie21,955,903,7R/8/6P1/pk4b1/4P3/8/PPN5/3K4 w - - 0 39,e7g5
32,EulerE,ACEHokie21,955,903,7R/6P1/8/pk4b1/4P3/8/PPN5/3K4 b - - 0 39,g6g7
32,EulerE,ACEHokie21,955,903,7R/6P1/5b2/pk6/4P3/8/PPN5/3K4 w - - 1 40,g5f6
32,EulerE,ACEHokie21,955,903,6QR/8/5b2/pk6/4P3/8/PPN5/3K4 b - - 0 40,g7g8q
32,EulerE,ACEHokie21,955,903,6Qb/8/8/pk6/4P3/8/PPN5/3K4 w - - 0 41,f6h8
32,EulerE,ACEHokie21,955,903,7Q/8/8/pk6/4P3/8/PPN5/3K4 b - - 0 41,g8h8
32,EulerE,ACEHokie21,955,903,7Q/8/8/p7/k3P3/8/PPN5/3K4 w - - 1 42,b5a4
32,EulerE,ACEHokie21,955,903,8/8/8/p7/k2QP3/8/PPN5/3K4 b - - 2 42,h8d4
32,EulerE,ACEHokie21,955,903,8/8/8/pk6/3QP3/8/PPN5/3K4 w - - 3 43,a4b5
32,EulerE,ACEHokie21,955,903,8/8/8/pk6/3QP3/N7/PP6/3K4 b - - 4 43,c2a3
32,EulerE,ACEHokie21,955,903,8/8/2k5/p7/3QP3/N7/PP6/3K4 w - - 5 44,b5c6
32,EulerE,ACEHokie21,955,903,8/8/2k5/p7/2Q1P3/N7/PP6/3K4 b - - 6 44,d4c4
32,EulerE,ACEHokie21,955,903,8/8/1k6/p7/2Q1P3/N7/PP6/3K4 w - - 7 45,c6b6
32,EulerE,ACEHokie21,955,903,8/8/1k6/pQ6/4P3/N7/PP6/3K4 b - - 8 45,c4b5
32,EulerE,ACEHokie21,955,903,8/2k5/8/pQ6/4P3/N7/PP6/3K4 w - - 9 46,b6c7
32,EulerE,ACEHokie21,955,903,8/2k5/8/pQ6/4P3/N7/PPK5/8 b - - 10 46,d1c2
32,EulerE,ACEHokie21,955,903,8/8/3k4/pQ6/4P3/N7/PPK5/8 w - - 11 47,c7d6
32,EulerE,ACEHokie21,955,903,8/8/3k4/pQ6/4P3/N2K4/PP6/8 b - - 12 47,c2d3
32,EulerE,ACEHokie21,955,903,8/8/4k3/pQ6/4P3/N2K4/PP6/8 w - - 13 48,d6e6
32,EulerE,ACEHokie21,955,903,8/8/4k3/p1Q5/4P3/N2K4/PP6/8 b - - 14 48,b5c5
32,EulerE,ACEHokie21,955,903,8/8/5k2/p1Q5/4P3/N2K4/PP6/8 w - - 15 49,e6f6
32,EulerE,ACEHokie21,955,903,8/8/5k2/p2Q4/4P3/N2K4/PP6/8 b - - 16 49,c5d5
32,EulerE,ACEHokie21,955,903,8/6k1/8/p2Q4/4P3/N2K4/PP6/8 w - - 17 50,f6g7
32,EulerE,ACEHokie21,955,903,8/6k1/4Q3/p7/4P3/N2K4/PP6/8 b - - 18 50,d5e6
32,EulerE,ACEHokie21,955,903,8/7k/4Q3/p7/4P3/N2K4/PP6/8 w - - 19 51,g7h7
32,EulerE,ACEHokie21,955,903,8/7k/5Q2/p7/4P3/N2K4/PP6/8 b - - 20 51,e6f6
32,EulerE,ACEHokie21,955,903,6k1/8/5Q2/p7/4P3/N2K4/PP6/8 w - - 21 52,h7g8
32,EulerE,ACEHokie21,955,903,6k1/8/5Q2/p7/3KP3/N7/PP6/8 b - - 22 52,d3d4
32,EulerE,ACEHokie21,955,903,8/7k/5Q2/p7/3KP3/N7/PP6/8 w - - 23 53,g8h7
32,EulerE,ACEHokie21,955,903,8/7k/5Q2/p3K3/4P3/N7/PP6/8 b - - 24 53,d4e5
32,EulerE,ACEHokie21,955,903,6k1/8/5Q2/p3K3/4P3/N7/PP6/8 w - - 25 54,h7g8
32,EulerE,ACEHokie21,955,903,6k1/8/5Q2/p4K2/4P3/N7/PP6/8 b - - 26 54,e5f5
32,EulerE,ACEHokie21,955,903,8/7k/5Q2/p4K2/4P3/N7/PP6/8 w - - 27 55,g8h7
32,EulerE,ACEHokie21,955,903,8/7k/5Q2/p3PK2/8/N7/PP6/8 b - - 0 55,e4e5
32,EulerE,ACEHokie21,955,903,6k1/8/5Q2/p3PK2/8/N7/PP6/8 w - - 1 56,h7g8
32,EulerE,ACEHokie21,955,903,6k1/8/5QK1/p3P3/8/N7/PP6/8 b - - 2 56,f5g6
32,EulerE,ACEHokie21,955,903,6k1/8/5QK1/4P3/p7/N7/PP6/8 w - - 0 57,a5a4
32,EulerE,ACEHokie21,955,903,6k1/6Q1/6K1/4P3/p7/N7/PP6/8 b - - 1 57,f6g7
33,TravelingTT,EulerE,956,947,rnbqkbnr/pppppppp/8/8/4P3/8/PPPP1PPP/RNBQKBNR b KQkq - 0 1,e2e4
33,TravelingTT,EulerE,956,947,rnbqkbnr/pppp1ppp/8/4p3/4P3/8/PPPP1PPP/RNBQKBNR w KQkq - 0 2,e7e5
33,TravelingTT,EulerE,956,947,rnbqkbnr/pppp1ppp/8/4p3/4P3/5N2/PPPP1PPP/RNBQKB1R b KQkq - 1 2,g1f3
33,TravelingTT,EulerE,956,947,r1bqkbnr/pppp1ppp/2n5/4p3/4P3/5N2/PPPP1PPP/RNBQKB1R w KQkq - 2 3,b8c6
33,TravelingTT,EulerE,956,947,r1bqkbnr/pppp1ppp/2n5/4p3/2B1P3/5N2/PPPP1PPP/RNBQK2R b KQkq - 3 3,f1c4
33,TravelingTT,EulerE,956,947,r1bqkb1r/pppp1ppp/2n2n2/4p3/2B1P3/5N2/PPPP1PPP/RNBQK2R w KQkq - 4 4,g8f6
33,TravelingTT,EulerE,956,947,r1bqkb1r/pppp1ppp/2n2n2/4p3/2B1P3/3P1N2/PPP2PPP/RNBQK2R b KQkq - 0 4,d2d3
33,TravelingTT,EulerE,956,947,r1bqkb1r/ppp2ppp/2n2n2/3pp3/2B1P3/3P1N2/PPP2PPP/RNBQK2R w KQkq - 0 5,d7d5
33,TravelingTT,EulerE,956,947,r1bqkb1r/ppp2ppp/2n2n2/1B1pp3/4P3/3P1N2/PPP2PPP/RNBQK2R b KQkq - 1 5,c4b5
33,TravelingTT,EulerE,956,947,r1bqk2r/ppp2ppp/2nb1n2/1B1pp3/4P3/3P1N2/PPP2PPP/RNBQK2R w KQkq - 2 6,f8d6
33,TravelingTT,EulerE,956,947,r1bqk2r/ppp2ppp/2nb1n2/1B1pp1B1/4P3/3P1N2/PPP2PPP/RN1QK2R b KQkq - 3 6,c1g5
33,TravelingTT,EulerE,956,947,r1bqk2r/1pp2ppp/p1nb1n2/1B1pp1B1/4P3/3P1N2/PPP2PPP/RN1QK2R w KQkq - 0 7,a7a6
33,TravelingTT,EulerE,956,947,r1bqk2r/1pp2ppp/p1Bb1n2/3pp1B1/4P3/3P1N2/PPP2PPP/RN1QK2R b KQkq - 0 7,b5c6
33,TravelingTT,EulerE,956,947,r1bqk2r/2p2ppp/p1pb1n2/3pp1B1/4P3/3P1N2/PPP2PPP/RN1QK2R w KQkq - 0 8,b7c6
33,TravelingTT,EulerE,956,947,r1bqk2r/2p2ppp/p1pb1n2/3pp1B1/4P3/3P1N2/PPP2PPP/RN1Q1RK1 b kq - 1 8,e1g1
33,TravelingTT,EulerE,956,947,r1bqk2r/2p2ppp/p1pb1n2/4p1B1/4p3/3P1N2/PPP2PPP/RN1Q1RK1 w kq - 0 9,d5e4
33,TravelingTT,EulerE,956,947,r1bqk2r/2p2ppp/p1pb1n2/4p1B1/4P3/5N2/PPP2PPP/RN1Q1RK1 b kq - 0 9,d3e4
33,TravelingTT,EulerE,956,947,r2qk2r/2p2ppp/p1pb1n2/4p1B1/4P1b1/5N2/PPP2PPP/RN1Q1RK1 w kq - 1 10,c8g4
33,TravelingTT,EulerE,956,947,r2qk2r/2p2ppp/p1pb1n2/4p1B1/4P1b1/5N1P/PPP2PP1/RN1Q1RK1 b kq - 0 10,h2h3
33,TravelingTT,EulerE,956,947,r2qk2r/2p2ppp/p1pb1n2/4p1B1/4P3/5b1P/PPP2PP1/RN1Q1RK1 w kq - 0 11,g4f3
33,TravelingTT,EulerE,956,947,r2qk2r/2p2ppp/p1pb1n2/4p1B1/4P3/5Q1P/PPP2PP1/RN3RK1 b kq - 0 11,d1f3
33,TravelingTT,EulerE,956,947,r2q1rk1/2p2ppp/p1pb1n2/4p1B1/4P3/5Q1P/PPP2PP1/RN3RK1 w - - 1 12,e8g8
33,TravelingTT,EulerE,956,947,r2q1rk1/2p2ppp/p1pb1n2/4p1B1/4P3/2N2Q1P/PPP2PP1/R4RK1 b - - 2 12,b1c3
33,TravelingTT,EulerE,956,947,r2q1rk1/2p1bppp/p1p2n2/4p1B1/4P3/2N2Q1P/PPP2PP1/R4RK1 w - - 3 13,d6e7
33,TravelingTT,EulerE,956,947,r2q1rk1/2p1bppp/p1p2n2/4p1B1/4P3/2N2Q1P/PPP2PP1/3R1RK1 b - - 4 13,a1d1
33,TravelingTT,EulerE,956,947,rq3rk1/2p1bppp/p1p2n2/4p1B1/4P3/2N2Q1P/PPP2PP1/3R1RK1 w - - 5 14,d8b8
33,TravelingTT,EulerE,956,947,rq3rk1/2p1bppp/p1p2n2/4p1B1/4P3/1PN2Q1P/P1P2PP1/3R1RK1 b - - 0 14,b2b3
33,TravelingTT,EulerE,956,947,rq3rk1/2p1bpp1/p1p2n1p/4p1B1/4P3/1PN2Q1P/P1P2PP1/3R1RK1 w - - 0 15,h7h6
33,TravelingTT,EulerE,956,947,rq3rk1/2p1bpp1/p1p2n1p/4p3/4P2B/1PN2Q1P/P1P2PP1/3R1RK1 b - - 1 15,g5h4
33,TravelingTT,EulerE,956,947,rq1r2k1/2p1bpp1/p1p2n1p/4p3/4P2B/1PN2Q1P/P1P2PP1/3R1RK1 w - - 2 16,f8d8
33,TravelingTT,EulerE,956,947,rq1r2k1/2p1bpp1/p1p2n1p/4p3/4P2B/1PN3QP/P1P2PP1/3R1RK1 b - - 3 16,f3g3
33,TravelingTT,EulerE,956,947,r2r2k1/2p1bpp1/p1p2n1p/4p3/1q2P2B/1PN3QP/P1P2PP1/3R1RK1 w - - 4 17,b8b4
33,TravelingTT,EulerE,956,947,r2r2k1/2p1bpp1/p1p2n1p/4Q3/1q2P2B/1PN4P/P1P2PP1/3R1RK1 b - - 0 17,g3e5
33,TravelingTT,EulerE,956,947,r5k1/2p1bpp1/p1p2n1p/4Q3/1q2P2B/1PN4P/P1P2PP1/3r1RK1 w - - 0 18,d8d1
33,TravelingTT,EulerE,956,947,r5k1/2p1bpp1/p1p2n1p/4Q3/1q2P2B/1PN4P/P1P2PP1/3R2K1 b - - 0 18,f1d1
34,EulerE,raf2388,955,923,rnbqkbnr/pppppppp/8/8/3P4/8/PPP1PPPP/RNBQKBNR b KQkq - 0 1,d2d4
34,EulerE,raf2388,955,923,rnbqkbnr/ppp1pppp/8/3p4/3P4/8/PPP1PPPP/RNBQKBNR w KQkq - 0 2,d7d5
34,EulerE,raf2388,955,923,rnbqkbnr/ppp1pppp/8/3p4/2PP4/8/PP2PPPP/RNBQKBNR b KQkq - 0 2,c2c4
34,EulerE,raf2388,955,923,rn1qkbnr/ppp1pppp/8/3p1b2/2PP4/8/PP2PPPP/RNBQKBNR w KQkq - 1 3,c8f5
34,EulerE,raf2388,955,923,rn1qkbnr/ppp1pppp/8/3p1b2/2PP4/2N5/PP2PPPP/R1BQKBNR b KQkq - 2 3,b1c3
34,EulerE,raf2388,955,923,rn1qkb1r/ppp1pppp/5n2/3p1b2/2PP4/2N5/PP2PPPP/R1BQKBNR w KQkq - 3 4,g8f6
34,EulerE,raf2388,955,923,rn1qkb1r/ppp1pppp/5n2/3p1b2/2PP4/2N2P2/PP2P1PP/R1BQKBNR b KQkq - 0 4,f2f3
34,EulerE,raf2388,955,923,rn1qkb1r/ppp1pppp/5nb1/3p4/2PP4/2N2P2/PP2P1PP/R1BQKBNR w KQkq - 1 5,f5g6
34,EulerE,raf2388,955,923,rn1qkb1r/ppp1pppp/5nb1/3p4/2PPP3/2N2P2/PP4PP/R1BQKBNR b KQkq - 0 5,e2e4
34,EulerE,raf2388,955,923,rn1qkb1r/ppp1pppp/5nb1/8/2PPp3/2N2P2/PP4PP/R1BQKBNR w KQkq - 0 6,d5e4
34,EulerE,raf2388,955,923,rn1qkb1r/ppp1pppp/5nb1/8/2PPP3/2N5/PP4PP/R1BQKBNR b KQkq - 0 6,f3e4
34,EulerE,raf2388,955,923,rn1qkb1r/ppp1pppp/5n2/7b/2PPP3/2N5/PP4PP/R1BQKBNR w KQkq - 1 7,g6h5
34,EulerE,raf2388,955,923,rn1qkb1r/ppp1pppp/5n2/7b/2PPP3/2N5/PP2B1PP/R1BQK1NR b KQkq - 2 7,f1e2
34,EulerE,raf2388,955,923,rn1qkb1r/ppp1pppp/5n2/8/2PPP3/2N5/PP2b1PP/R1BQK1NR w KQkq - 0 8,h5e2
34,EulerE,raf2388,955,923,rn1qkb1r/ppp1pppp/5n2/8/2PPP3/2N5/PP2N1PP/R1BQK2R b KQkq - 0 8,g1e2
34,EulerE,raf2388,955,923,rn1qkb1r/ppp2ppp/4pn2/8/2PPP3/2N5/PP2N1PP/R1BQK2R w KQkq - 0 9,e7e6
34,EulerE,raf2388,955,923,rn1qkb1r/ppp2ppp/4pn2/4P3/2PP4/2N5/PP2N1PP/R1BQK2R b KQkq - 0 9,e4e5
34,EulerE,raf2388,955,923,rn1qkb1r/pppn1ppp/4p3/4P3/2PP4/2N5/PP2N1PP/R1BQK2R w KQkq - 1 10,f6d7
34,EulerE,raf2388,955,923,rn1qkb1r/pppn1ppp/4p3/4P3/2PP4/2N5/PP2N1PP/R1BQ1RK1 b kq - 2 10,e1g1
34,EulerE,raf2388,955,923,rn1qk2r/pppn1ppp/4p3/4P3/1bPP4/2N5/PP2N1PP/R1BQ1RK1 w kq - 3 11,f8b4
34,EulerE,raf2388,955,923,rn1qk2r/pppn1ppp/4p3/4P3/1bPP4/P1N5/1P2N1PP/R1BQ1RK1 b kq - 0 11,a2a3
34,EulerE,raf2388,955,923,rn1qk2r/pppn1ppp/4p3/4P3/2PP4/P1b5/1P2N1PP/R1BQ1RK1 w kq - 0 12,b4c3
34,EulerE,raf2388,955,923,rn1qk2r/pppn1ppp/4p3/4P3/2PP4/P1N5/1P4PP/R1BQ1RK1 b kq - 0 12,e2c3
34,EulerE,raf2388,955,923,rn1q1rk1/pppn1ppp/4p3/4P3/2PP4/P1N5/1P4PP/R1BQ1RK1 w - - 1 13,e8g8
34,EulerE,raf2388,955,923,rn1q1rk1/pppn1ppp/4p3/2P1P3/3P4/P1N5/1P4PP/R1BQ1RK1 b - - 0 13,c4c5
34,EulerE,raf2388,955,923,rn1q1rk1/pp1n1ppp/2p1p3/2P1P3/3P4/P1N5/1P4PP/R1BQ1RK1 w - - 0 14,c7c6
34,EulerE,raf2388,955,923,rn1q1rk1/pp1n1ppp/2p1p3/2P1P3/3P4/P1N2R2/1P4PP/R1BQ2K1 b - - 1 14,f1f3
34,EulerE,raf2388,955,923,rn1q1rk1/pp1n1pp1/2p1p2p/2P1P3/3P4/P1N2R2/1P4PP/R1BQ2K1 w - - 0 15,h7h6
34,EulerE,raf2388,955,923,rn1q1rk1/pp1n1pp1/2p1p2p/2P1P3/3P4/P1N3R1/1P4PP/R1BQ2K1 b - - 1 15,f3g3
34,EulerE,raf2388,955,923,rn3rk1/pp1n1pp1/2p1p2p/2P1P3/3P3q/P1N3R1/1P4PP/R1BQ2K1 w - - 2 16,d8h4
34,EulerE,raf2388,955,923,rn3rk1/pp1n1pp1/2p1p2p/2P1P3/3P2Qq/P1N3R1/1P4PP/R1B3K1 b - - 3 16,d1g4
34,EulerE,raf2388,955,923,rn3rk1/pp1n1pp1/2p1p2p/2P1P3/3P2q1/P1N3R1/1P4PP/R1B3K1 w - - 0 17,h4g4
34,EulerE,raf2388,955,923,rn3rk1/pp1n1pp1/2p1p2p/2P1P3/3P2R1/P1N5/1P4PP/R1B3K1 b - - 0 17,g3g4
34,EulerE,raf2388,955,923,rn3rk1/pp1n1p2/2p1p2p/2P1P1p1/3P2R1/P1N5/1P4PP/R1B3K1 w - - 0 18,g7g5
34,EulerE,raf2388,955,923,rn3rk1/pp1n1p2/2p1p2p/2P1P1B1/3P2R1/P1N5/1P4PP/R5K1 b - - 0 18,c1g5
34,EulerE,raf2388,955,923,rn3rk1/pp1n1p2/2p1p3/2P1P1p1/3P2R1/P1N5/1P4PP/R5K1 w - - 0 19,h6g5
34,EulerE,raf2388,955,923,rn3rk1/pp1n1p2/2p1p3/2P1P1R1/3P4/P1N5/1P4PP/R5K1 b - - 0 19,g4g5
34,EulerE,raf2388,955,923,rn3r1k/pp1n1p2/2p1p3/2P1P1R1/3P4/P1N5/1P4PP/R5K1 w - - 1 20,g8h8
34,EulerE,raf2388,955,923,rn3r1k/pp1n1p2/2p1p3/2P1P1R1/3P4/P1N5/1P4PP/5RK1 b - - 2 20,a1f1
34,EulerE,raf2388,955,923,r4r1k/pp1n1p2/n1p1p3/2P1P1R1/3P4/P1N5/1P4PP/5RK1 w - - 3 21,b8a6
34,EulerE,raf2388,955,923,r4r1k/pp1n1p2/n1p1p3/2P1P1R1/3P4/P1N2R2/1P4PP/6K1 b - - 4 21,f1f3
34,EulerE,raf2388,955,923,r5rk/pp1n1p2/n1p1p3/2P1P1R1/3P4/P1N2R2/1P4PP/6K1 w - - 5 22,f8g8
34,EulerE,raf2388,955,923,r5rk/pp1n1p2/n1p1p3/2P1P1R1/3P4/P1N4R/1P4PP/6K1 b - - 6 22,f3h3
35,FZ092014,EulerE,907,962,rnbqkbnr/pppppppp/8/8/4P3/8/PPPP1PPP/RNBQKBNR b KQkq - 0 1,e2e4
35,FZ092014,EulerE,907,962,rnbqkbnr/pppp1ppp/8/4p3/4P3/8/PPPP1PPP/RNBQKBNR w KQkq - 0 2,e7e5
35,FZ092014,EulerE,907,962,rnbqkbnr/pppp1ppp/8/4p2Q/4P3/8/PPPP1PPP/RNB1KBNR b KQkq - 1 2,d1h5
35,FZ092014,EulerE,907,962,r1bqkbnr/pppp1ppp/2n5/4p2Q/4P3/8/PPPP1PPP/RNB1KBNR w KQkq - 2 3,b8c6
35,FZ092014,EulerE,907,962,r1bqkbnr/pppp1ppp/2n5/4p2Q/2B1P3/8/PPPP1PPP/RNB1K1NR b KQkq - 3 3,f1c4
35,FZ092014,EulerE,907,962,r1bqkbnr/pppp1p1p/2n3p1/4p2Q/2B1P3/8/PPPP1PPP/RNB1K1NR w KQkq - 0 4,g7g6
35,FZ092014,EulerE,907,962,r1bqkbnr/pppp1p1p/2n3p1/4p3/2B1P3/5Q2/PPPP1PPP/RNB1K1NR b KQkq - 1 4,h5f3
35,FZ092014,EulerE,907,962,r1bqkb1r/pppp1p1p/2n2np1/4p3/2B1P3/5Q2/PPPP1PPP/RNB1K1NR w KQkq - 2 5,g8f6
35,FZ092014,EulerE,907,962,r1bqkb1r/pppp1p1p/2n2np1/4p3/2B1P3/5Q2/PPPPNPPP/RNB1K2R b KQkq - 3 5,g1e2
35,FZ092014,EulerE,907,962,r1bqk2r/pppp1p1p/2nb1np1/4p3/2B1P3/5Q2/PPPPNPPP/RNB1K2R w KQkq - 4 6,f8d6
35,FZ092014,EulerE,907,962,r1bqk2r/pppp1p1p/2nb1np1/4p3/2B1P3/3P1Q2/PPP1NPPP/RNB1K2R b KQkq - 0 6,d2d3
35,FZ092014,EulerE,907,962,r1bq1rk1/pppp1p1p/2nb1np1/4p3/2B1P3/3P1Q2/PPP1NPPP/RNB1K2R w KQ - 1 7,e8g8
35,FZ092014,EulerE,907,962,r1bq1rk1/pppp1p1p/2nb1np1/4p3/2B1P3/3P1Q2/PPP1NPPP/RNB2RK1 b - - 2 7,e1g1
35,FZ092014,EulerE,907,962,r1bq1r2/pppp1pkp/2nb1np1/4p3/2B1P3/3P1Q2/PPP1NPPP/RNB2RK1 w - - 3 8,g8g7
35,FZ092014,EulerE,907,962,r1bq1r2/pppp1pkp/2nb1np1/4p1B1/2B1P3/3P1Q2/PPP1NPPP/RN3RK1 b - - 4 8,c1g5
35,FZ092014,EulerE,907,962,r1bq1r2/pppp1pkp/3b1np1/4p1B1/2BnP3/3P1Q2/PPP1NPPP/RN3RK1 w - - 5 9,c6d4
35,FZ092014,EulerE,907,962,r1bq1r2/pppp1pkp/3b1np1/4p1B1/2BNP3/3P1Q2/PPP2PPP/RN3RK1 b - - 0 9,e2d4
35,FZ092014,EulerE,907,962,r1bq1r2/pppp1pkp/3b1np1/6B1/2BpP3/3P1Q2/PPP2PPP/RN3RK1 w - - 0 10,e5d4
35,FZ092014,EulerE,907,962,r1bq1r2/pppp1pkp/3b1np1/6B1/2BpP2P/3P1Q2/PPP2PP1/RN3RK1 b - - 0 10,h2h4
35,FZ092014,EulerE,907,962,r1bq1r2/pppp1pk1/3b1npp/6B1/2BpP2P/3P1Q2/PPP2PP1/RN3RK1 w - - 0 11,h7h6
35,FZ092014,EulerE,907,962,r1bq1r2/pppp1pk1/3b1npp/8/2BpP2P/3P1Q2/PPPB1PP1/RN3RK1 b - - 1 11,g5d2
35,FZ092014,EulerE,907,962,r1bq1r2/pppp1pk1/5npp/4b3/2BpP2P/3P1Q2/PPPB1PP1/RN3RK1 w - - 2 12,d6e5
35,FZ092014,EulerE,907,962,r1bq1r2/pppp1pk1/5npp/4b3/2BpP2P/2PP1Q2/PP1B1PP1/RN3RK1 b - - 0 12,c2c3
35,FZ092014,EulerE,907,962,r1bq1r2/pppp1pk1/5npp/4b3/2B1P2P/2pP1Q2/PP1B1PP1/RN3RK1 w - - 0 13,d4c3
35,FZ092014,EulerE,907,962,r1bq1r2/pppp1pk1/5npp/4b3/2B1P2P/2NP1Q2/PP1B1PP1/R4RK1 b - - 0 13,b1c3
35,FZ092014,EulerE,907,962,r1bq1r2/pp1p1pk1/2p2npp/4b3/2B1P2P/2NP1Q2/PP1B1PP1/R4RK1 w - - 0 14,c7c6
35,FZ092014,EulerE,907,962,r1bq1r2/pp1p1pk1/2p2npp/4b3/1PB1P2P/2NP1Q2/P2B1PP1/R4RK1 b - - 0 14,b2b4
35,FZ092014,EulerE,907,962,r1bq1r2/p2p1pk1/2p2npp/1p2b3/1PB1P2P/2NP1Q2/P2B1PP1/R4RK1 w - - 0 15,b7b5
35,FZ092014,EulerE,907,962,r1bq1r2/p2p1pk1/2p2npp/1p2b3/1P2P2P/1BNP1Q2/P2B1PP1/R4RK1 b - - 1 15,c4b3
35,FZ092014,EulerE,907,962,r1b2r2/p1qp1pk1/2p2npp/1p2b3/1P2P2P/1BNP1Q2/P2B1PP1/R4RK1 w - - 2 16,d8c7
35,FZ092014,EulerE,907,962,r1b2r2/p1qp1pk1/2p2npp/1p2b3/1P2P1PP/1BNP1Q2/P2B1P2/R4RK1 b - - 0 16,g2g4
35,FZ092014,EulerE,907,962,r1b2r2/p1q2pk1/2pp1npp/1p2b3/1P2P1PP/1BNP1Q2/P2B1P2/R4RK1 w - - 0 17,d7d6
35,FZ092014,EulerE,907,962,r1b2r2/p1q2pk1/2pp1npp/1p2b1P1/1P2P2P/1BNP1Q2/P2B1P2/R4RK1 b - - 0 17,g4g5
35,FZ092014,EulerE,907,962,r1b2r2/p1q2pk1/2pp2pp/1p2b1P1/1P2P1nP/1BNP1Q2/P2B1P2/R4RK1 w - - 1 18,f6g4
35,FZ092014,EulerE,907,962,r1b2r2/p1q2pk1/2pp2pP/1p2b3/1P2P1nP/1BNP1Q2/P2B1P2/R4RK1 b - - 0 18,g5h6
35,FZ092014,EulerE,907,962,r1b2r2/p1q2pk1/2pp2pn/1p2b3/1P2P2P/1BNP1Q2/P2B1P2/R4RK1 w - - 0 19,g4h6
35,FZ092014,EulerE,907,962,r1b2r2/p1q2pk1/2pp2pn/1p2b3/1P2P2P/1BNP4/P2B1PQ1/R4RK1 b - - 1 19,f3g2
35,FZ092014,EulerE,907,962,r1b2r2/p2q1pk1/2pp2pn/1p2b3/1P2P2P/1BNP4/P2B1PQ1/R4RK1 w - - 2 20,c7d7
35,FZ092014,EulerE,907,962,r1b2r2/p2q1pk1/2pp2pn/1p2b3/1P2PP1P/1BNP4/P2B2Q1/R4RK1 b - - 0 20,f2f4
35,FZ092014,EulerE,907,962,r1b2r2/p2q1pk1/2pp1bpn/1p6/1P2PP1P/1BNP4/P2B2Q1/R4RK1 w - - 1 21,e5f6
35,FZ092014,EulerE,907,962,r1b2r2/p2q1pk1/2pp1bpn/1p5P/1P2PP2/1BNP4/P2B2Q1/R4RK1 b - - 0 21,h4h5
35,FZ092014,EulerE,907,962,r1b2r2/p4pk1/2pp1bpn/1p5P/1P2PPq1/1BNP4/P2B2Q1/R4RK1 w - - 1 22,d7g4
35,FZ092014,EulerE,907,962,r1b2r2/p4pk1/2pp1bpn/1p5P/1P2PPQ1/1BNP4/P2B4/R4RK1 b - - 0 22,g2g4
35,FZ092014,EulerE,907,962,r1b2r2/p4pk1/2pp1bp1/1p5P/1P2PPn1/1BNP4/P2B4/R4RK1 w - - 0 23,h6g4
35,FZ092014,EulerE,907,962,r1b2r2/p4pk1/2pp1bp1/1p3P1P/1P2P1n1/1BNP4/P2B4/R4RK1 b - - 0 23,f4f5
35,FZ092014,EulerE,907,962,r1b2r2/p4pk1/2pp1b2/1p3p1P/1P2P1n1/1BNP4/P2B4/R4RK1 w - - 0 24,g6f5
35,FZ092014,EulerE,907,962,r1b2r2/p4pk1/2pp1b1P/1p3p2/1P2P1n1/1BNP4/P2B4/R4RK1 b - - 0 24,h5h6
35,FZ092014,EulerE,907,962,r1b2r2/p4pk1/2pp1b1n/1p3p2/1P2P3/1BNP4/P2B4/R4RK1 w - - 0 25,g4h6
35,FZ092014,EulerE,907,962,r1b2r2/p4pk1/2pp1b1n/1p3p2/1P2P3/1BNP4/P2B4/R4R1K b - - 1 25,g1h1
35,FZ092014,EulerE,907,962,r1b4r/p4pk1/2pp1b1n/1p3p2/1P2P3/1BNP4/P2B4/R4R1K w - - 2 26,f8h8
35,FZ092014,EulerE,907,962,r1b4r/p4pk1/2pp1b1n/1p3p2/1P2P3/1BNP4/P2B4/R5RK b - - 3 26,f1g1
35,FZ092014,EulerE,907,962,r1b2k1r/p4p2/2pp1b1n/1p3p2/1P2P3/1BNP4/P2B4/R5RK w - - 4 27,g7f8
35,FZ092014,EulerE,907,962,r1b2k1r/p4p2/2pp1b1n/1p3p2/1P2P3/1BNP4/P2B2R1/R6K b - - 5 27,g1g2
35,FZ092014,EulerE,907,962,r1b2k1r/p4p2/2pp3n/1p3p2/1P2P3/1BbP4/P2B2R1/R6K w - - 0 28,f6c3
35,FZ092014,EulerE,907,962,r1b2k1r/p4p2/2pp3n/1p3p2/1P2P3/1BBP4/P5R1/R6K b - - 0 28,d2c3
35,FZ092014,EulerE,907,962,r1b2kr1/p4p2/2pp3n/1p3p2/1P2P3/1BBP4/P5R1/R6K w - - 1 29,h8g8
35,FZ092014,EulerE,907,962,r1b2kr1/p4p2/2pp3n/1p3p2/1P2P3/1BBP4/P4R2/R6K b - - 2 29,g2f2
35,FZ092014,EulerE,907,962,r4kr1/p4p2/2ppb2n/1p3p2/1P2P3/1BBP4/P4R2/R6K w - - 3 30,c8e6
35,FZ092014,EulerE,907,962,r4kr1/p4p2/2ppB2n/1p3p2/1P2P3/2BP4/P4R2/R6K b - - 0 30,b3e6
35,FZ092014,EulerE,907,962,r4kr1/p7/2ppp2n/1p3p2/1P2P3/2BP4/P4R2/R6K w - - 0 31,f7e6
35,FZ092014,EulerE,907,962,r4kr1/p7/2ppp2n/1p3P2/1P6/2BP4/P4R2/R6K b - - 0 31,e4f5
35,FZ092014,EulerE,907,962,r4kr1/p7/2ppp3/1p3n2/1P6/2BP4/P4R2/R6K w - - 0 32,h6f5
35,FZ092014,EulerE,907,962,r4kr1/p7/2ppp3/1p3n2/1P6/2BP4/P4R2/5R1K b - - 1 32,a1f1
35,FZ092014,EulerE,907,962,r5r1/p3k3/2ppp3/1p3n2/1P6/2BP4/P4R2/5R1K w - - 2 33,f8e7
35,FZ092014,EulerE,907,962,r5r1/p3k3/2ppp3/1p3n2/1P1P4/2B5/P4R2/5R1K b - - 0 33,d3d4
35,FZ092014,EulerE,907,962,r5r1/p3k3/2ppp3/1p6/1P1P4/2B3n1/P4R2/5R1K w - - 1 34,f5g3
35,FZ092014,EulerE,907,962,r5r1/p3k3/2ppp3/1p6/1P1P4/2B3n1/P4RK1/5R2 b - - 2 34,h1g2
35,FZ092014,EulerE,907,962,r5r1/p3k3/2ppp3/1p6/1P1P4/2B5/P4RK1/5n2 w - - 0 35,g3f1
35,FZ092014,EulerE,907,962,r5r1/p3k3/2ppp3/1p6/1P1P4/2B5/P4R2/5K2 b - - 0 35,g2f1
35,FZ092014,EulerE,907,962,r4r2/p3k3/2ppp3/1p6/1P1P4/2B5/P4R2/5K2 w - - 1 36,g8f8
35,FZ092014,EulerE,907,962,r4r2/p3k3/2ppp3/1p1P4/1P6/2B5/P4R2/5K2 b - - 0 36,d4d5
35,FZ092014,EulerE,907,962,r7/p3k3/2ppp3/1p1P4/1P6/2B5/P4r2/5K2 w - - 0 37,f8f2
35,FZ092014,EulerE,907,962,r7/p3k3/2ppp3/1p1P4/1P6/2B5/P4K2/8 b - - 0 37,f1f2
35,FZ092014,EulerE,907,962,r7/p3k3/2pp4/1p1p4/1P6/2B5/P4K2/8 w - - 0 38,e6d5
35,FZ092014,EulerE,907,962,r7/p3k3/2pp4/1p1p4/1P6/2B2K2/P7/8 b - - 1 38,f2f3
35,FZ092014,EulerE,907,962,r7/p3k3/3p4/1ppp4/1P6/2B2K2/P7/8 w - - 0 39,c6c5
35,FZ092014,EulerE,907,962,r7/p3k3/3p4/1pPp4/8/2B2K2/P7/8 b - - 0 39,b4c5
35,FZ092014,EulerE,907,962,r7/p3k3/8/1ppp4/8/2B2K2/P7/8 w - - 0 40,d6c5
35,FZ092014,EulerE,907,962,r7/p3k3/8/1ppp4/P7/2B2K2/8/8 b - - 0 40,a2a4
35,FZ092014,EulerE,907,962,r7/p3k3/8/2pp4/p7/2B2K2/8/8 w - - 0 41,b5a4
35,FZ092014,EulerE,907,962,r7/p3k3/8/B1pp4/p7/5K2/8/8 b - - 1 41,c3a5
35,FZ092014,EulerE,907,962,r7/p3k3/8/B1pp4/8/p4K2/8/8 w - - 0 42,a4a3
35,FZ092014,EulerE,907,962,r7/p3k3/8/2pp4/8/p1B2K2/8/8 b - - 1 42,a5c3
35,FZ092014,EulerE,907,962,r7/p3k3/8/2p5/3p4/p1B2K2/8/8 w - - 0 43,d5d4
35,FZ092014,EulerE,907,962,r7/p3k3/8/2p5/3B4/p4K2/8/8 b - - 0 43,c3d4
35,FZ092014,EulerE,907,962,r7/p3k3/8/8/3p4/p4K2/8/8 w - - 0 44,c5d4
35,FZ092014,EulerE,907,962,r7/p3k3/8/8/3pK3/p7/8/8 b - - 1 44,f3e4
35,FZ092014,EulerE,907,962,r7/p3k3/8/8/3pK3/8/p7/8 w - - 0 45,a3a2
35,FZ092014,EulerE,907,962,r7/p3k3/8/8/3K4/8/p7/8 b - - 0 45,e4d4
35,FZ092014,EulerE,907,962,r7/p3k3/8/8/3K4/8/8/q7 w - - 0 46,a2a1q
35,FZ092014,EulerE,907,962,r7/p3k3/8/3K4/8/8/8/q7 b - - 1 46,d4d5
35,FZ092014,EulerE,907,962,3r4/p3k3/8/3K4/8/8/8/q7 w - - 2 47,a8d8
35,FZ092014,EulerE,907,962,3r4/p3k3/8/8/4K3/8/8/q7 b - - 3 47,d5e4
35,FZ092014,EulerE,907,962,3r4/p3k3/8/8/4K3/8/8/4q3 w - - 4 48,a1e1
35,FZ092014,EulerE,907,962,3r4/p3k3/8/5K2/8/8/8/4q3 b - - 5 48,e4f5
35,FZ092014,EulerE,907,962,5r2/p3k3/8/5K2/8/8/8/4q3 w - - 6 49,d8f8
35,FZ092014,EulerE,907,962,5r2/p3k3/8/6K1/8/8/8/4q3 b - - 7 49,f5g5
35,FZ092014,EulerE,907,962,5r2/p3k3/8/6K1/8/8/8/6q1 w - - 8 50,e1g1
35,FZ092014,EulerE,907,962,5r2/p3k3/7K/8/8/8/8/6q1 b - - 9 50,g5h6
35,FZ092014,EulerE,907,962,7r/p3k3/7K/8/8/8/8/6q1 w - - 10 51,f8h8
36,AwfulzerG,EulerE,951,970,rnbqkbnr/pppppppp/8/8/4P3/8/PPPP1PPP/RNBQKBNR b KQkq - 0 1,e2e4
36,AwfulzerG,EulerE,951,970,rnbqkbnr/pppp1ppp/8/4p3/4P3/8/PPPP1PPP/RNBQKBNR w KQkq - 0 2,e7e5
36,AwfulzerG,EulerE,951,970,rnbqkbnr/pppp1ppp/8/4p3/3PP3/8/PPP2PPP/RNBQKBNR b KQkq - 0 2,d2d4
36,AwfulzerG,EulerE,951,970,rnbqkbnr/ppp2ppp/3p4/4p3/3PP3/8/PPP2PPP/RNBQKBNR w KQkq - 0 3,d7d6
36,AwfulzerG,EulerE,951,970,rnbqkbnr/ppp2ppp/3p4/3Pp3/4P3/8/PPP2PPP/RNBQKBNR b KQkq - 0 3,d4d5
36,AwfulzerG,EulerE,951,970,rnbqkb1r/ppp2ppp/3p1n2/3Pp3/4P3/8/PPP2PPP/RNBQKBNR w KQkq - 1 4,g8f6
36,AwfulzerG,EulerE,951,970,rnbqkb1r/ppp2ppp/3p1n2/3Pp3/4P3/2N5/PPP2PPP/R1BQKBNR b KQkq - 2 4,b1c3
36,AwfulzerG,EulerE,951,970,rnbqkb1r/ppp2pp1/3p1n1p/3Pp3/4P3/2N5/PPP2PPP/R1BQKBNR w KQkq - 0 5,h7h6
36,AwfulzerG,EulerE,951,970,rnbqkb1r/ppp2pp1/3p1n1p/3Pp3/4P3/2NB4/PPP2PPP/R1BQK1NR b KQkq - 1 5,f1d3
36,AwfulzerG,EulerE,951,970,rnbqkb1r/pp3pp1/2pp1n1p/3Pp3/4P3/2NB4/PPP2PPP/R1BQK1NR w KQkq - 0 6,c7c6
36,AwfulzerG,EulerE,951,970,rnbqkb1r/pp3pp1/2pp1n1p/3Pp3/4P3/2NB1N2/PPP2PPP/R1BQK2R b KQkq - 1 6,g1f3
36,AwfulzerG,EulerE,951,970,rnbqk2r/pp2bpp1/2pp1n1p/3Pp3/4P3/2NB1N2/PPP2PPP/R1BQK2R w KQkq - 2 7,f8e7
36,AwfulzerG,EulerE,951,970,rnbqk2r/pp2bpp1/2pp1n1p/3Pp3/4P3/2NB1N2/PPP2PPP/R1BQ1RK1 b kq - 3 7,e1g1
36,AwfulzerG,EulerE,951,970,rnbq1rk1/pp2bpp1/2pp1n1p/3Pp3/4P3/2NB1N2/PPP2PPP/R1BQ1RK1 w - - 4 8,e8g8
36,AwfulzerG,EulerE,951,970,rnbq1rk1/pp2bpp1/2pp1n1p/3Pp3/4P3/2NB1N2/PPP2PPP/R1BQR1K1 b - - 5 8,f1e1
36,AwfulzerG,EulerE,951,970,rnbq1rk1/pp2bpp1/3p1n1p/3pp3/4P3/2NB1N2/PPP2PPP/R1BQR1K1 w - - 0 9,c6d5
36,AwfulzerG,EulerE,951,970,rnbq1rk1/pp2bpp1/3p1n1p/3Pp3/8/2NB1N2/PPP2PPP/R1BQR1K1 b - - 0 9,e4d5
36,AwfulzerG,EulerE,951,970,r1bq1rk1/pp1nbpp1/3p1n1p/3Pp3/8/2NB1N2/PPP2PPP/R1BQR1K1 w - - 1 10,b8d7
36,AwfulzerG,EulerE,951,970,r1bq1rk1/pp1nbpp1/3p1n1p/3Pp3/8/1PNB1N2/P1P2PPP/R1BQR1K1 b - - 0 10,b2b3
36,AwfulzerG,EulerE,951,970,r1bq1rk1/pp2bpp1/3p1n1p/2nPp3/8/1PNB1N2/P1P2PPP/R1BQR1K1 w - - 1 11,d7c5
36,AwfulzerG,EulerE,951,970,r1bq1rk1/pp2bpp1/3p1n1p/2nPp3/8/BPNB1N2/P1P2PPP/R2QR1K1 b - - 2 11,c1a3
36,AwfulzerG,EulerE,951,970,r1bq1rk1/pp2bpp1/3p1n1p/3Pp3/8/BPNn1N2/P1P2PPP/R2QR1K1 w - - 0 12,c5d3
36,AwfulzerG,EulerE,951,970,r1bq1rk1/pp2bpp1/3p1n1p/3Pp3/8/BPNQ1N2/P1P2PPP/R3R1K1 b - - 0 12,d1d3
36,AwfulzerG,EulerE,951,970,r1b2rk1/pp2bpp1/3p1n1p/q2Pp3/8/BPNQ1N2/P1P2PPP/R3R1K1 w - - 1 13,d8a5
36,AwfulzerG,EulerE,951,970,r1b2rk1/pp2bpp1/3p1n1p/q2Pp3/6P1/BPNQ1N2/P1P2P1P/R3R1K1 b - - 0 13,g2g4
36,AwfulzerG,EulerE,951,970,r1b2rk1/pp2bpp1/3p3p/q2Pp3/6n1/BPNQ1N2/P1P2P1P/R3R1K1 w - - 0 14,f6g4
36,AwfulzerG,EulerE,951,970,r1b2rk1/pp2bpp1/3p3p/q2Pp3/1P4n1/B1NQ1N2/P1P2P1P/R3R1K1 b - - 0 14,b3b4
36,AwfulzerG,EulerE,951,970,r1b2rk1/pp2bpp1/3p3p/3Pp3/1P4n1/q1NQ1N2/P1P2P1P/R3R1K1 w - - 0 15,a5a3
36,AwfulzerG,EulerE,951,970,r1b2rk1/pp2bpp1/3p3p/1N1Pp3/1P4n1/q2Q1N2/P1P2P1P/R3R1K1 b - - 1 15,c3b5
36,AwfulzerG,EulerE,951,970,r1b2rk1/pp2bpp1/3p3p/1N1Pp3/1P4n1/3q1N2/P1P2P1P/R3R1K1 w - - 0 16,a3d3
37,Vladislav2609,EulerE,948,978,rnbqkbnr/pppppppp/8/8/4P3/8/PPPP1PPP/RNBQKBNR b KQkq - 0 1,e2e4
37,Vladislav2609,EulerE,948,978,rnbqkbnr/pppp1ppp/8/4p3/4P3/8/PPPP1PPP/RNBQKBNR w KQkq - 0 2,e7e5
37,Vladislav2609,EulerE,948,978,rnbqkbnr/pppp1ppp/8/4p3/3PP3/8/PPP2PPP/RNBQKBNR b KQkq - 0 2,d2d4
37,Vladislav2609,EulerE,948,978,r1bqkbnr/pppp1ppp/2n5/4p3/3PP3/8/PPP2PPP/RNBQKBNR w KQkq - 1 3,b8c6
37,Vladislav2609,EulerE,948,978,r1bqkbnr/pppp1ppp/2n5/3Pp3/4P3/8/PPP2PPP/RNBQKBNR b KQkq - 0 3,d4d5
37,Vladislav2609,EulerE,948,978,r1bqkbnr/ppppnppp/8/3Pp3/4P3/8/PPP2PPP/RNBQKBNR w KQkq - 1 4,c6e7
37,Vladislav2609,EulerE,948,978,r1bqkbnr/ppppnppp/8/3Pp3/4P3/1P6/P1P2PPP/RNBQKBNR b KQkq - 0 4,b2b3
37,Vladislav2609,EulerE,948,978,r1bqkb1r/ppppnppp/5n2/3Pp3/4P3/1P6/P1P2PPP/RNBQKBNR w KQkq - 1 5,g8f6
37,Vladislav2609,EulerE,948,978,r1bqkb1r/ppppnppp/5n2/3Pp3/4P3/1PN5/P1P2PPP/R1BQKBNR b KQkq - 2 5,b1c3
37,Vladislav2609,EulerE,948,978,r1bqkb1r/pp1pnppp/2p2n2/3Pp3/4P3/1PN5/P1P2PPP/R1BQKBNR w KQkq - 0 6,c7c6
37,Vladislav2609,EulerE,948,978,r1bqkb1r/pp1pnppp/2p2n2/3Pp1B1/4P3/1PN5/P1P2PPP/R2QKBNR b KQkq - 1 6,c1g5
37,Vladislav2609,EulerE,948,978,r1bqkb1r/pp1pnppp/5n2/3pp1B1/4P3/1PN5/P1P2PPP/R2QKBNR w KQkq - 0 7,c6d5
37,Vladislav2609,EulerE,948,978,r1bqkb1r/pp1pnppp/5B2/3pp3/4P3/1PN5/P1P2PPP/R2QKBNR b KQkq - 0 7,g5f6
37,Vladislav2609,EulerE,948,978,r1bqkb1r/pp1pnp1p/5p2/3pp3/4P3/1PN5/P1P2PPP/R2QKBNR w KQkq - 0 8,g7f6
37,Vladislav2609,EulerE,948,978,r1bqkb1r/pp1pnp1p/5p2/3Pp3/8/1PN5/P1P2PPP/R2QKBNR b KQkq - 0 8,e4d5
37,Vladislav2609,EulerE,948,978,r1b1kb1r/ppqpnp1p/5p2/3Pp3/8/1PN5/P1P2PPP/R2QKBNR w KQkq - 1 9,d8c7
37,Vladislav2609,EulerE,948,978,r1b1kb1r/ppqpnp1p/5p2/3Pp3/8/1PN5/P1PQ1PPP/R3KBNR b KQkq - 2 9,d1d2
37,Vladislav2609,EulerE,948,978,r1b1kb1r/ppqp1p1p/5pn1/3Pp3/8/1PN5/P1PQ1PPP/R3KBNR w KQkq - 3 10,e7g6
37,Vladislav2609,EulerE,948,978,r1b1kb1r/ppqp1p1p/5pn1/3Pp3/8/PPN5/2PQ1PPP/R3KBNR b KQkq - 0 10,a2a3
37,Vladislav2609,EulerE,948,978,r1b1kb1r/1pqp1p1p/p4pn1/3Pp3/8/PPN5/2PQ1PPP/R3KBNR w KQkq - 0 11,a7a6
37,Vladislav2609,EulerE,948,978,r1b1kb1r/1pqp1p1p/p4pn1/3Pp3/8/PPN2N2/2PQ1PPP/R3KB1R b KQkq - 1 11,g1f3
37,Vladislav2609,EulerE,948,978,r1b1kb1r/2qp1p1p/p4pn1/1p1Pp3/8/PPN2N2/2PQ1PPP/R3KB1R w KQkq - 0 12,b7b5
37,Vladislav2609,EulerE,948,978,r1b1kb1r/2qp1p1p/p4pn1/1p1Pp3/1P6/P1N2N2/2PQ1PPP/R3KB1R b KQkq - 0 12,b3b4
37,Vladislav2609,EulerE,948,978,r3kb1r/1bqp1p1p/p4pn1/1p1Pp3/1P6/P1N2N2/2PQ1PPP/R3KB1R w KQkq - 1 13,c8b7
37,Vladislav2609,EulerE,948,978,r3kb1r/1bqp1p1p/p4pn1/1p1Pp3/1P6/P1NB1N2/2PQ1PPP/R3K2R b KQkq - 2 13,f1d3
37,Vladislav2609,EulerE,948,978,r3k2r/1bqp1p1p/p4pnb/1p1Pp3/1P6/P1NB1N2/2PQ1PPP/R3K2R w KQkq - 3 14,f8h6
37,Vladislav2609,EulerE,948,978,r3k2r/1bqp1p1p/p4pnb/1p1Pp3/1P6/P1NB1N2/2P2PPP/R2QK2R b KQkq - 4 14,d2d1
37,Vladislav2609,EulerE,948,978,r3k2r/1b1p1p1p/p4pnb/1p1Pp3/1P6/P1qB1N2/2P2PPP/R2QK2R w KQkq - 0 15,c7c3
37,Vladislav2609,EulerE,948,978,r3k2r/1b1p1p1p/p4pnb/1p1Pp3/1P6/P1qB4/2PN1PPP/R2QK2R b KQkq - 1 15,f3d2
37,Vladislav2609,EulerE,948,978,r3k2r/3p1p1p/p4pnb/1p1bp3/1P6/P1qB4/2PN1PPP/R2QK2R w KQkq - 0 16,b7d5
37,Vladislav2609,EulerE,948,978,r3k2r/3p1p1p/p4pnb/1p1bp3/1P6/P1qB4/2PNKPPP/R2Q3R b kq - 1 16,e1e2
37,Vladislav2609,EulerE,948,978,r3k2r/3p1p1p/p4p1b/1p1bp3/1P3n2/P1qB4/2PNKPPP/R2Q3R w kq - 2 17,g6f4
37,Vladislav2609,EulerE,948,978,r3k2r/3p1p1p/p4p1b/1p1bp3/1P3n2/P1qBK3/2PN1PPP/R2Q3R b kq - 3 17,e2e3
37,Vladislav2609,EulerE,948,978,r3k2r/3p1p1p/p4p1b/1p1bp3/1P6/P1qBK3/2PN1PnP/R2Q3R w kq - 0 18,f4g2
37,Vladislav2609,EulerE,948,978,r3k2r/3p1p1p/p4p1b/1p1bp3/1P6/P1qB4/2PNKPnP/R2Q3R b kq - 1 18,e3e2
37,Vladislav2609,EulerE,948,978,r3k2r/3p1p1p/p4p1b/1p1bp3/1P3n2/P1qB4/2PNKP1P/R2Q3R w kq - 2 19,g2f4
37,Vladislav2609,EulerE,948,978,r3k2r/3p1p1p/p4p1b/1p1bp3/1P3n2/P1qB4/2PN1P1P/R2QK2R b kq - 3 19,e2e1
37,Vladislav2609,EulerE,948,978,r3k2r/3p1p1p/p4p1b/1p2p3/1P3n2/P1qB4/2PN1P1P/R2QK2b w kq - 0 20,d5h1
37,Vladislav2609,EulerE,948,978,r3k2r/3p1p1p/p4p1b/1p2p3/1P3n2/P1qB1P2/2PN3P/R2QK2b b kq - 0 20,f2f3
37,Vladislav2609,EulerE,948,978,r3k2r/3p1p1p/p4p1b/1p2p3/1P3n2/P1qB1b2/2PN3P/R2QK3 w kq - 0 21,h1f3
37,Vladislav2609,EulerE,948,978,r3k2r/3p1p1p/p4p1b/1p2p3/1P3n2/P1qB1Q2/2PN3P/R3K3 b kq - 0 21,d1f3
37,Vladislav2609,EulerE,948,978,r3k2r/3p1p1p/p4p1b/1p2p3/1P3n2/P2B1Q2/2PN3P/q3K3 w kq - 0 22,c3a1
37,Vladislav2609,EulerE,948,978,r3k2r/3p1p1p/p4p1b/1p2p3/1P3n2/P2B1Q2/2PN1K1P/q7 b kq - 1 22,e1f2
37,Vladislav2609,EulerE,948,978,r3k2r/3p1p1p/p4p1b/1p2p3/1P6/P2n1Q2/2PN1K1P/q7 w kq - 0 23,f4d3
37,Vladislav2609,EulerE,948,978,r3k2r/3p1p1p/p4p1b/1p2p3/1P6/P2n1Q2/2PNK2P/q7 b kq - 1 23,f2e2
37,Vladislav2609,EulerE,948,978,r3k2r/3p1p1p/p4p2/1p2p3/1P6/P2n1Q2/2PbK2P/q7 w kq - 0 24,h6d2
37,Vladislav2609,EulerE,948,978,Q3k2r/3p1p1p/p4p2/1p2p3/1P6/P2n4/2PbK2P/q7 b k - 0 24,f3a8
37,Vladislav2609,EulerE,948,978,Q6r/3pkp1p/p4p2/1p2p3/1P6/P2n4/2PbK2P/q7 w - - 1 25,e8e7
37,Vladislav2609,EulerE,948,978,7Q/3pkp1p/p4p2/1p2p3/1P6/P2n4/2PbK2P/q7 b - - 0 25,a8h8
37,Vladislav2609,EulerE,948,978,7Q/3pkp1p/p4p2/1p2p3/1P3n2/P7/2PbK2P/q7 w - - 1 26,d3f4
37,Vladislav2609,EulerE,948,978,7Q/3pkp1p/p4p2/1p2p3/1P3n2/P7/2PK3P/q7 b - - 0 26,e2d2
37,Vladislav2609,EulerE,948,978,7Q/3pkp1p/p4p2/1p2p3/1P1q1n2/P7/2PK3P/8 w - - 1 27,a1d4
37,Vladislav2609,EulerE,948,978,7Q/3pkp1p/p4p2/1p2p3/1P1q1n2/P7/2P4P/4K3 b - - 2 27,d2e1
37,Vladislav2609,EulerE,948,978,7Q/3pkp1p/p4p2/1p2p3/1P2qn2/P7/2P4P/4K3 w - - 3 28,d4e4
37,Vladislav2609,EulerE,948,978,7Q/3pkp1p/p4p2/1p2p3/1P2qn2/P7/2PK3P/8 b - - 4 28,e1d2
37,Vladislav2609,EulerE,948,978,7Q/3pkp1p/p4p2/1p2p3/1P3n2/P7/2PKq2P/8 w - - 5 29,e4e2
37,Vladislav2609,EulerE,948,978,7Q/3pkp1p/p4p2/1p2p3/1P3n2/P1K5/2P1q2P/8 b - - 6 29,d2c3
37,Vladislav2609,EulerE,948,978,7Q/3pkp1p/p4p2/1p2p3/1Pq2n2/P1K5/2P4P/8 w - - 7 30,e2c4
37,Vladislav2609,EulerE,948,978,7Q/3pkp1p/p4p2/1p2p3/1Pq2n2/P7/2PK3P/8 b - - 8 30,c3d2
37,Vladislav2609,EulerE,948,978,7Q/3pkp1p/p4p2/1p2p3/1P1q1n2/P7/2PK3P/8 w - - 9 31,c4d4
37,Vladislav2609,EulerE,948,978,7Q/3pkp1p/p4p2/1p2p3/1P1q1n2/P7/2P4P/2K5 b - - 10 31,d2c1
37,Vladislav2609,EulerE,948,978,7Q/3pkp1p/p4p2/1p2p3/1P1q4/P7/2P1n2P/2K5 w - - 11 32,f4e2
37,Vladislav2609,EulerE,948,978,7Q/3pkp1p/p4p2/1p2p3/1P1q4/P7/2P1n2P/1K6 b - - 12 32,c1b1
37,Vladislav2609,EulerE,948,978,7Q/3pkp1p/p4p2/1p2p3/1P1q4/P1n5/2P4P/1K6 w - - 13 33,e2c3
37,Vladislav2609,EulerE,948,978,7Q/3pkp1p/p4p2/1p2p3/1P1q4/P1n5/2P4P/2K5 b - - 14 33,b1c1
37,Vladislav2609,EulerE,948,978,7Q/3pkp1p/p4p2/1p2p3/1P6/P1n5/2P4P/2Kq4 w - - 15 34,d4d1
37,Vladislav2609,EulerE,948,978,7Q/3pkp1p/p4p2/1p2p3/1P6/P1n5/1KP4P/3q4 b - - 16 34,c1b2
37,Vladislav2609,EulerE,948,978,7Q/3pkp1p/p4p2/1p2p3/nP6/P7/1KP4P/3q4 w - - 17 35,c3a4
37,Vladislav2609,EulerE,948,978,7Q/3pkp1p/p4p2/1p2p3/nP6/PK6/2P4P/3q4 b - - 18 35,b2b3
37,Vladislav2609,EulerE,948,978,7Q/3pkp1p/p4p2/1p2p3/nP6/PK6/2P4P/1q6 w - - 19 36,d1b1
38,EulerE,00twhite24,985,943,rnbqkbnr/pppppppp/8/8/3P4/8/PPP1PPPP/RNBQKBNR b KQkq - 0 1,d2d4
38,EulerE,00twhite24,985,943,rnbqkbnr/ppp1pppp/8/3p4/3P4/8/PPP1PPPP/RNBQKBNR w KQkq - 0 2,d7d5
38,EulerE,00twhite24,985,943,rnbqkbnr/ppp1pppp/8/3p4/2PP4/8/PP2PPPP/RNBQKBNR b KQkq - 0 2,c2c4
38,EulerE,00twhite24,985,943,rnbqkbnr/ppp2ppp/4p3/3p4/2PP4/8/PP2PPPP/RNBQKBNR w KQkq - 0 3,e7e6
38,EulerE,00twhite24,985,943,rnbqkbnr/ppp2ppp/4p3/3p4/2PP4/2N5/PP2PPPP/R1BQKBNR b KQkq - 1 3,b1c3
38,EulerE,00twhite24,985,943,rnbqkb1r/ppp2ppp/4pn2/3p4/2PP4/2N5/PP2PPPP/R1BQKBNR w KQkq - 2 4,g8f6
38,EulerE,00twhite24,985,943,rnbqkb1r/ppp2ppp/4pn2/3p2B1/2PP4/2N5/PP2PPPP/R2QKBNR b KQkq - 3 4,c1g5
38,EulerE,00twhite24,985,943,rnbqk2r/ppp1bppp/4pn2/3p2B1/2PP4/2N5/PP2PPPP/R2QKBNR w KQkq - 4 5,f8e7
38,EulerE,00twhite24,985,943,rnbqk2r/ppp1bppp/4pB2/3p4/2PP4/2N5/PP2PPPP/R2QKBNR b KQkq - 0 5,g5f6
38,EulerE,00twhite24,985,943,rnbqk2r/ppp2ppp/4pb2/3p4/2PP4/2N5/PP2PPPP/R2QKBNR w KQkq - 0 6,e7f6
38,EulerE,00twhite24,985,943,rnbqk2r/ppp2ppp/4pb2/3p4/2PPP3/2N5/PP3PPP/R2QKBNR b KQkq - 0 6,e2e4
38,EulerE,00twhite24,985,943,rnbqk2r/ppp2ppp/5b2/3pp3/2PPP3/2N5/PP3PPP/R2QKBNR w KQkq - 0 7,e6e5
38,EulerE,00twhite24,985,943,rnbqk2r/ppp2ppp/5b2/3pP3/2P1P3/2N5/PP3PPP/R2QKBNR b KQkq - 0 7,d4e5
38,EulerE,00twhite24,985,943,rnbqk2r/ppp2ppp/8/3pb3/2P1P3/2N5/PP3PPP/R2QKBNR w KQkq - 0 8,f6e5
38,EulerE,00twhite24,985,943,rnbqk2r/ppp2ppp/8/3pb3/2P1P3/2N2N2/PP3PPP/R2QKB1R b KQkq - 1 8,g1f3
38,EulerE,00twhite24,985,943,rnbqk2r/ppp2ppp/8/3p4/2P1P3/2b2N2/PP3PPP/R2QKB1R w KQkq - 0 9,e5c3
38,EulerE,00twhite24,985,943,rnbqk2r/ppp2ppp/8/3p4/2P1P3/2P2N2/P4PPP/R2QKB1R b KQkq - 0 9,b2c3
38,EulerE,00twhite24,985,943,rnbqk2r/ppp2ppp/8/8/2P1p3/2P2N2/P4PPP/R2QKB1R w KQkq - 0 10,d5e4
38,EulerE,00twhite24,985,943,rnbQk2r/ppp2ppp/8/8/2P1p3/2P2N2/P4PPP/R3KB1R b KQkq - 0 10,d1d8
38,EulerE,00twhite24,985,943,rnbk3r/ppp2ppp/8/8/2P1p3/2P2N2/P4PPP/R3KB1R w KQ - 0 11,e8d8
38,EulerE,00twhite24,985,943,rnbk3r/ppp2ppp/8/8/2P1p3/2P5/P2N1PPP/R3KB1R b KQ - 1 11,f3d2
38,EulerE,00twhite24,985,943,rnbkr3/ppp2ppp/8/8/2P1p3/2P5/P2N1PPP/R3KB1R w KQ - 2 12,h8e8
38,EulerE,00twhite24,985,943,rnbkr3/ppp2ppp/8/8/2P1p3/2P5/P2N1PPP/2KR1B1R b - - 3 12,e1c1
38,EulerE,00twhite24,985,943,rnbk4/ppp1rppp/8/8/2P1p3/2P5/P2N1PPP/2KR1B1R w - - 4 13,e8e7
38,EulerE,00twhite24,985,943,rnbk4/ppp1rppp/8/8/2P1p3/2P5/P2N1PPP/2K1RB1R b - - 5 13,d1e1
38,EulerE,00twhite24,985,943,rn1k4/ppp1rppp/8/5b2/2P1p3/2P5/P2N1PPP/2K1RB1R w - - 6 14,c8f5
38,EulerE,00twhite24,985,943,rn1k4/ppp1rppp/8/5b2/2P1p3/2P2P2/P2N2PP/2K1RB1R b - - 0 14,f2f3
38,EulerE,00twhite24,985,943,rn1k4/ppp1rppp/8/5b2/2P5/2P1pP2/P2N2PP/2K1RB1R w - - 0 15,e4e3
38,EulerE,00twhite24,985,943,rn1k4/ppp1rppp/8/5b2/2P5/2P1pP2/P5PP/1NK1RB1R b - - 1 15,d2b1
38,EulerE,00twhite24,985,943,rn1k4/ppp1rppp/8/8/2P5/2P1pP2/P5PP/1bK1RB1R w - - 0 16,f5b1
38,EulerE,00twhite24,985,943,rn1k4/ppp1rppp/8/8/2P5/2P1pP2/P5PP/1K2RB1R b - - 0 16,c1b1
38,EulerE,00twhite24,985,943,rn2k3/ppp1rppp/8/8/2P5/2P1pP2/P5PP/1K2RB1R w - - 1 17,d8e8
38,EulerE,00twhite24,985,943,rn2k3/ppp1rppp/8/8/2P5/2PBpP2/P5PP/1K2R2R b - - 2 17,f1d3
38,EulerE,00twhite24,985,943,rn2k3/ppp1rpp1/7p/8/2P5/2PBpP2/P5PP/1K2R2R w - - 0 18,h7h6
38,EulerE,00twhite24,985,943,rn2k3/ppp1rpp1/7p/8/2P5/2PBpP2/P3R1PP/1K5R b - - 1 18,e1e2
38,EulerE,00twhite24,985,943,rn3k2/ppp1rpp1/7p/8/2P5/2PBpP2/P3R1PP/1K5R w - - 2 19,e8f8
38,EulerE,00twhite24,985,943,rn3k2/ppp1rpp1/7p/8/2P5/2PBpP2/P3R1PP/1K2R3 b - - 3 19,h1e1
38,EulerE,00twhite24,985,943,r4k2/ppp1rpp1/2n4p/8/2P5/2PBpP2/P3R1PP/1K2R3 w - - 4 20,b8c6
38,EulerE,00twhite24,985,943,r4k2/ppp1rpp1/2n4p/8/2P5/2PBRP2/P5PP/1K2R3 b - - 0 20,e2e3
38,EulerE,00twhite24,985,943,r4k2/ppp2pp1/2n4p/8/2P5/2PBrP2/P5PP/1K2R3 w - - 0 21,e7e3
38,EulerE,00twhite24,985,943,r4k2/ppp2pp1/2n4p/8/2P5/2PBRP2/P5PP/1K6 b - - 0 21,e1e3
38,EulerE,00twhite24,985,943,4rk2/ppp2pp1/2n4p/8/2P5/2PBRP2/P5PP/1K6 w - - 1 22,a8e8
38,EulerE,00twhite24,985,943,4Rk2/ppp2pp1/2n4p/8/2P5/2PB1P2/P5PP/1K6 b - - 0 22,e3e8
38,EulerE,00twhite24,985,943,4k3/ppp2pp1/2n4p/8/2P5/2PB1P2/P5PP/1K6 w - - 0 23,f8e8
38,EulerE,00twhite24,985,943,4k3/ppp2pp1/2n4p/8/2P1B3/2P2P2/P5PP/1K6 b - - 1 23,d3e4
38,EulerE,00twhite24,985,943,4k3/1pp2pp1/2n4p/p7/2P1B3/2P2P2/P5PP/1K6 w - - 0 24,a7a5
38,EulerE,00twhite24,985,943,4k3/1pp2pp1/2n4p/p7/2P1B3/2P2P2/PK4PP/8 b - - 1 24,b1b2
38,EulerE,00twhite24,985,943,4k3/2p2pp1/1pn4p/p7/2P1B3/2P2P2/PK4PP/8 w - - 0 25,b7b6
38,EulerE,00twhite24,985,943,4k3/2p2pp1/1pB4p/p7/2P5/2P2P2/PK4PP/8 b - - 0 25,e4c6
38,EulerE,00twhite24,985,943,8/2p1kpp1/1pB4p/p7/2P5/2P2P2/PK4PP/8 w - - 1 26,e8e7
38,EulerE,00twhite24,985,943,8/2p1kpp1/1pB4p/p7/2P5/1KP2P2/P5PP/8 b - - 2 26,b2b3
38,EulerE,00twhite24,985,943,8/2p1kp2/1pB4p/p5p1/2P5/1KP2P2/P5PP/8 w - - 0 27,g7g5
38,EulerE,00twhite24,985,943,8/2p1kp2/1pB4p/p5p1/K1P5/2P2P2/P5PP/8 b - - 1 27,b3a4
38,EulerE,00twhite24,985,943,8/2p1k3/1pB4p/p4pp1/K1P5/2P2P2/P5PP/8 w - - 0 28,f7f5
38,EulerE,00twhite24,985,943,8/2p1k3/1pB4p/pK3pp1/2P5/2P2P2/P5PP/8 b - - 1 28,a4b5
38,EulerE,00twhite24,985,943,8/2p5/1pB1k2p/pK3pp1/2P5/2P2P2/P5PP/8 w - - 2 29,e7e6
38,EulerE,00twhite24,985,943,8/2p5/KpB1k2p/p4pp1/2P5/2P2P2/P5PP/8 b - - 3 29,b5a6
38,EulerE,00twhite24,985,943,8/2p5/KpBk3p/p4pp1/2P5/2P2P2/P5PP/8 w - - 4 30,e6d6
38,EulerE,00twhite24,985,943,8/1Kp5/1pBk3p/p4pp1/2P5/2P2P2/P5PP/8 b - - 5 30,a6b7
38,EulerE,00twhite24,985,943,8/1Kp5/1pBk3p/p4p2/2P3p1/2P2P2/P5PP/8 w - - 0 31,g5g4
38,EulerE,00twhite24,985,943,8/1Kp5/1pBk3p/p4p2/2P3P1/2P5/P5PP/8 b - - 0 31,f3g4
38,EulerE,00twhite24,985,943,8/1Kp5/1pBk3p/p7/2P3p1/2P5/P5PP/8 w - - 0 32,f5g4
38,EulerE,00twhite24,985,943,8/1Kp5/1pBk3p/p7/2P3p1/2P4P/P5P1/8 b - - 0 32,h2h3
38,EulerE,00twhite24,985,943,8/1Kp5/1pBk3p/p7/2P5/2P3pP/P5P1/8 w - - 0 33,g4g3
38,EulerE,00twhite24,985,943,8/1Kp5/1pBk3p/p7/2P4P/2P3p1/P5P1/8 b - - 0 33,h3h4
38,EulerE,00twhite24,985,943,8/1Kp5/1pBk4/p6p/2P4P/2P3p1/P5P1/8 w - - 0 34,h6h5
38,EulerE,00twhite24,985,943,8/1Kp5/1p1k4/p6p/2P4P/2P2Bp1/P5P1/8 b - - 1 34,c6f3
38,EulerE,00twhite24,985,943,8/1Kp5/1p6/p1k4p/2P4P/2P2Bp1/P5P1/8 w - - 2 35,d6c5
38,EulerE,00twhite24,985,943,8/2K5/1p6/p1k4p/2P4P/2P2Bp1/P5P1/8 b - - 0 35,b7c7
38,EulerE,00twhite24,985,943,8/2K5/1p6/2k4p/p1P4P/2P2Bp1/P5P1/8 w - - 0 36,a5a4
38,EulerE,00twhite24,985,943,8/2K5/1p6/2k4B/p1P4P/2P3p1/P5P1/8 b - - 0 36,f3h5
38,EulerE,00twhite24,985,943,8/2K5/1p6/7B/p1k4P/2P3p1/P5P1/8 w - - 0 37,c5c4
38,EulerE,00twhite24,985,943,8/2K2B2/1p6/8/p1k4P/2P3p1/P5P1/8 b - - 1 37,h5f7
38,EulerE,00twhite24,985,943,8/2K2B2/1p6/8/p6P/2k3p1/P5P1/8 w - - 0 38,c4c3
38,EulerE,00twhite24,985,943,8/5B2/1K6/8/p6P/2k3p1/P5P1/8 b - - 0 38,c7b6
38,EulerE,00twhite24,985,943,8/5B2/1K6/8/7P/p1k3p1/P5P1/8 w - - 0 39,a4a3
38,EulerE,00twhite24,985,943,8/5B2/1K6/7P/8/p1k3p1/P5P1/8 b - - 0 39,h4h5
38,EulerE,00twhite24,985,943,8/5B2/1K6/7P/8/p5p1/P2k2P1/8 w - - 1 40,c3d2
38,EulerE,00twhite24,985,943,8/5B2/1K5P/8/8/p5p1/P2k2P1/8 b - - 0 40,h5h6
38,EulerE,00twhite24,985,943,8/5B2/1K5P/8/8/p5p1/P3k1P1/8 w - - 1 41,d2e2
38,EulerE,00twhite24,985,943,8/8/1K5P/3B4/8/p5p1/P3k1P1/8 b - - 2 41,f7d5
38,EulerE,00twhite24,985,943,8/8/1K5P/3B4/8/p5p1/P4kP1/8 w - - 3 42,e2f2
38,EulerE,00twhite24,985,943,8/8/2K4P/3B4/8/p5p1/P4kP1/8 b - - 4 42,b6c6
38,EulerE,00twhite24,985,943,8/8/2K4P/3B4/8/p3k1p1/P5P1/8 w - - 5 43,f2e3
38,EulerE,00twhite24,985,943,8/7P/2K5/3B4/8/p3k1p1/P5P1/8 b - - 0 43,h6h7
38,EulerE,00twhite24,985,943,8/7P/2K5/3B4/5k2/p5p1/P5P1/8 w - - 1 44,e3f4
38,EulerE,00twhite24,985,943,7Q/8/2K5/3B4/5k2/p5p1/P5P1/8 b - - 0 44,h7h8q
38,EulerE,00twhite24,985,943,7Q/8/2K5/3B1k2/8/p5p1/P5P1/8 w - - 1 45,f4f5
38,EulerE,00twhite24,985,943,8/8/2K5/3B1k2/8/p1Q3p1/P5P1/8 b - - 2 45,h8c3
38,EulerE,00twhite24,985,943,8/8/2K5/3B4/5k2/p1Q3p1/P5P1/8 w - - 3 46,f5f4
38,EulerE,00twhite24,985,943,8/8/2K5/3B4/5k2/Q5p1/P5P1/8 b - - 0 46,c3a3
38,EulerE,00twhite24,985,943,8/8/2K5/3Bk3/8/Q5p1/P5P1/8 w - - 1 47,f4e5
38,EulerE,00twhite24,985,943,8/8/2K5/3Bk3/8/2Q3p1/P5P1/8 b - - 2 47,a3c3
38,EulerE,00twhite24,985,943,8/8/2K5/3B1k2/8/2Q3p1/P5P1/8 w - - 3 48,e5f5
38,EulerE,00twhite24,985,943,8/8/3K4/3B1k2/8/2Q3p1/P5P1/8 b - - 4 48,c6d6
38,EulerE,00twhite24,985,943,8/8/3K4/3B4/5k2/2Q3p1/P5P1/8 w - - 5 49,f5f4
38,EulerE,00twhite24,985,943,8/8/3K4/3BQ3/5k2/6p1/P5P1/8 b - - 6 49,c3e5
38,EulerE,00twhite24,985,943,8/8/3K4/3BQ3/6k1/6p1/P5P1/8 w - - 7 50,f4g4
38,EulerE,00twhite24,985,943,8/8/3KB3/4Q3/6k1/6p1/P5P1/8 b - - 8 50,d5e6
38,EulerE,00twhite24,985,943,8/8/3KB3/4Q3/7k/6p1/P5P1/8 w - - 9 51,g4h4
38,EulerE,00twhite24,985,943,8/6Q1/3KB3/8/7k/6p1/P5P1/8 b - - 10 51,e5g7
38,EulerE,00twhite24,985,943,8/6Q1/3KB3/7k/8/6p1/P5P1/8 w - - 11 52,h4h5
38,EulerE,00twhite24,985,943,8/5BQ1/3K4/7k/8/6p1/P5P1/8 b - - 12 52,e6f7
38,EulerE,00twhite24,985,943,8/5BQ1/3K4/8/7k/6p1/P5P1/8 w - - 13 53,h5h4
38,EulerE,00twhite24,985,943,8/5B2/3K1Q2/8/7k/6p1/P5P1/8 b - - 14 53,g7f6
38,EulerE,00twhite24,985,943,8/5B2/3K1Q2/8/6k1/6p1/P5P1/8 w - - 15 54,h4g4
38,EulerE,00twhite24,985,943,8/5B2/3K4/8/6k1/5Qp1/P5P1/8 b - - 16 54,f6f3
38,EulerE,00twhite24,985,943,8/5B2/3K4/8/7k/5Qp1/P5P1/8 w - - 17 55,g4h4
38,EulerE,00twhite24,985,943,8/5B2/3K4/8/5Q1k/6p1/P5P1/8 b - - 18 55,f3f4
39,EulerE,Dave6962,992,927,rnbqkbnr/pppppppp/8/8/3P4/8/PPP1PPPP/RNBQKBNR b KQkq - 0 1,d2d4
39,EulerE,Dave6962,992,927,rnbqkbnr/ppp1pppp/8/3p4/3P4/8/PPP1PPPP/RNBQKBNR w KQkq - 0 2,d7d5
39,EulerE,Dave6962,992,927,rnbqkbnr/ppp1pppp/8/3p4/2PP4/8/PP2PPPP/RNBQKBNR b KQkq - 0 2,c2c4
39,EulerE,Dave6962,992,927,r1bqkbnr/ppp1pppp/2n5/3p4/2PP4/8/PP2PPPP/RNBQKBNR w KQkq - 1 3,b8c6
39,EulerE,Dave6962,992,927,r1bqkbnr/ppp1pppp/2n5/3p4/2PP4/2N5/PP2PPPP/R1BQKBNR b KQkq - 2 3,b1c3
39,EulerE,Dave6962,992,927,r1bqkbnr/ppp2ppp/2n5/3pp3/2PP4/2N5/PP2PPPP/R1BQKBNR w KQkq - 0 4,e7e5
39,EulerE,Dave6962,992,927,r1bqkbnr/ppp2ppp/2n5/3Pp3/3P4/2N5/PP2PPPP/R1BQKBNR b KQkq - 0 4,c4d5
39,EulerE,Dave6962,992,927,r1bqkbnr/ppp2ppp/8/3Pp3/3n4/2N5/PP2PPPP/R1BQKBNR w KQkq - 0 5,c6d4
39,EulerE,Dave6962,992,927,r1bqkbnr/ppp2ppp/8/3Pp3/3n4/2N1P3/PP3PPP/R1BQKBNR b KQkq - 0 5,e2e3
39,EulerE,Dave6962,992,927,r1bqkbnr/ppp2ppp/8/3Ppn2/8/2N1P3/PP3PPP/R1BQKBNR w KQkq - 1 6,d4f5
39,EulerE,Dave6962,992,927,r1bqkbnr/ppp2ppp/8/3Ppn2/8/2N1PN2/PP3PPP/R1BQKB1R b KQkq - 2 6,g1f3
39,EulerE,Dave6962,992,927,r1bqkbnr/ppp3pp/5p2/3Ppn2/8/2N1PN2/PP3PPP/R1BQKB1R w KQkq - 0 7,f7f6
39,EulerE,Dave6962,992,927,r1bqkbnr/ppp3pp/5p2/1B1Ppn2/8/2N1PN2/PP3PPP/R1BQK2R b KQkq - 1 7,f1b5
39,EulerE,Dave6962,992,927,r2qkbnr/pppb2pp/5p2/1B1Ppn2/8/2N1PN2/PP3PPP/R1BQK2R w KQkq - 2 8,c8d7
39,EulerE,Dave6962,992,927,r2qkbnr/pppb2pp/5p2/1B1Ppn2/Q7/2N1PN2/PP3PPP/R1B1K2R b KQkq - 3 8,d1a4
39,EulerE,Dave6962,992,927,r2qkbnr/pp1b2pp/2p2p2/1B1Ppn2/Q7/2N1PN2/PP3PPP/R1B1K2R w KQkq - 0 9,c7c6
39,EulerE,Dave6962,992,927,r2qkbnr/pp1b2pp/2P2p2/1B2pn2/Q7/2N1PN2/PP3PPP/R1B1K2R b KQkq - 0 9,d5c6
39,EulerE,Dave6962,992,927,r2qkbnr/p2b2pp/2p2p2/1B2pn2/Q7/2N1PN2/PP3PPP/R1B1K2R w KQkq - 0 10,b7c6
39,EulerE,Dave6962,992,927,r2qkbnr/p2b2pp/2B2p2/4pn2/Q7/2N1PN2/PP3PPP/R1B1K2R b KQkq - 0 10,b5c6
39,EulerE,Dave6962,992,927,2rqkbnr/p2b2pp/2B2p2/4pn2/Q7/2N1PN2/PP3PPP/R1B1K2R w KQk - 1 11,a8c8
39,EulerE,Dave6962,992,927,2rqkbnr/p2B2pp/5p2/4pn2/Q7/2N1PN2/PP3PPP/R1B1K2R b KQk - 0 11,c6d7
39,EulerE,Dave6962,992,927,2r1kbnr/p2q2pp/5p2/4pn2/Q7/2N1PN2/PP3PPP/R1B1K2R w KQk - 0 12,d8d7
39,EulerE,Dave6962,992,927,2r1kbnr/p2Q2pp/5p2/4pn2/8/2N1PN2/PP3PPP/R1B1K2R b KQk - 0 12,a4d7
39,EulerE,Dave6962,992,927,2r2bnr/p2k2pp/5p2/4pn2/8/2N1PN2/PP3PPP/R1B1K2R w KQ - 0 13,e8d7
39,EulerE,Dave6962,992,927,2r2bnr/p2k2pp/5p2/4pn2/6P1/2N1PN2/PP3P1P/R1B1K2R b KQ - 0 13,g2g4
39,EulerE,Dave6962,992,927,2r2bnr/p2k2pp/3n1p2/4p3/6P1/2N1PN2/PP3P1P/R1B1K2R w KQ - 1 14,f5d6
39,EulerE,Dave6962,992,927,2r2bnr/p2k2pp/3n1p2/4p1P1/8/2N1PN2/PP3P1P/R1B1K2R b KQ - 0 14,g4g5
39,EulerE,Dave6962,992,927,2r2bnr/p2k2pp/5p2/4p1P1/2n5/2N1PN2/PP3P1P/R1B1K2R w KQ - 1 15,d6c4
39,EulerE,Dave6962,992,927,2r2bnr/p2k2pp/5P2/4p3/2n5/2N1PN2/PP3P1P/R1B1K2R b KQ - 0 15,g5f6
39,EulerE,Dave6962,992,927,2r2bnr/p2k3p/5p2/4p3/2n5/2N1PN2/PP3P1P/R1B1K2R w KQ - 0 16,g7f6
39,EulerE,Dave6962,992,927,2r2bnr/p2k3p/5p2/4p3/2n5/2N1P3/PP1N1P1P/R1B1K2R b KQ - 1 16,f3d2
39,EulerE,Dave6962,992,927,2r2b1r/p2kn2p/5p2/4p3/2n5/2N1P3/PP1N1P1P/R1B1K2R w KQ - 2 17,g8e7
39,EulerE,Dave6962,992,927,2r2b1r/p2kn2p/5p2/1N2p3/2n5/4P3/PP1N1P1P/R1B1K2R b KQ - 3 17,c3b5
39,EulerE,Dave6962,992,927,2r2b1r/p2kn2p/5p2/1N2p3/8/4P3/PP1n1P1P/R1B1K2R w KQ - 0 18,c4d2
39,EulerE,Dave6962,992,927,2r2b1r/p2kn2p/5p2/1N2p3/8/4P3/PP1B1P1P/R3K2R b KQ - 0 18,c1d2
39,EulerE,Dave6962,992,927,2r2b1r/3kn2p/p4p2/1N2p3/8/4P3/PP1B1P1P/R3K2R w KQ - 0 19,a7a6
39,EulerE,Dave6962,992,927,2r2b1r/3kn2p/p4p2/4p3/8/N3P3/PP1B1P1P/R3K2R b KQ - 1 19,b5a3
39,EulerE,Dave6962,992,927,2r2b1r/3k3p/p4p2/3np3/8/N3P3/PP1B1P1P/R3K2R w KQ - 2 20,e7d5
39,EulerE,Dave6962,992,927,2r2b1r/3k3p/p4p2/3np3/8/4P3/PPNB1P1P/R3K2R b KQ - 3 20,a3c2
39,EulerE,Dave6962,992,927,5b1r/3k3p/p4p2/3np3/8/4P3/PPrB1P1P/R3K2R w KQ - 0 21,c8c2
39,EulerE,Dave6962,992,927,5b1r/3k3p/p4p2/3np3/8/1P2P3/P1rB1P1P/R3K2R b KQ - 0 21,b2b3
39,EulerE,Dave6962,992,927,7r/3k3p/p4p2/3np3/1b6/1P2P3/P1rB1P1P/R3K2R w KQ - 1 22,f8b4
39,EulerE,Dave6962,992,927,7r/3k3p/p4p2/3np3/1B6/1P2P3/P1r2P1P/R3K2R b KQ - 0 22,d2b4
39,EulerE,Dave6962,992,927,7r/3k3p/p4p2/4p3/1n6/1P2P3/P1r2P1P/R3K2R w KQ - 0 23,d5b4
39,EulerE,Dave6962,992,927,7r/3k3p/p4p2/4p3/1n6/1P2P3/P1r2P1P/R2K3R b - - 1 23,e1d1
39,EulerE,Dave6962,992,927,2r5/3k3p/p4p2/4p3/1n6/1P2P3/P1r2P1P/R2K3R w - - 2 24,h8c8
39,EulerE,Dave6962,992,927,2r5/3k3p/p4p2/4p3/1n6/1P2P3/P1r2P1P/R3K2R b - - 3 24,d1e1
39,EulerE,Dave6962,992,927,2r5/3k3p/p4p2/4p3/8/1P1nP3/P1r2P1P/R3K2R w - - 4 25,b4d3
39,EulerE,Dave6962,992,927,2r5/3k3p/p4p2/4p3/8/1P1nP3/P1r2P1P/R2K3R b - - 5 25,e1d1
39,EulerE,Dave6962,992,927,2r5/3k3p/p4p2/4p3/8/1P1nP3/P4P1P/R1rK3R w - - 6 26,c2c1
39,EulerE,Dave6962,992,927,2r5/3k3p/p4p2/4p3/8/1P1nP3/P2K1P1P/R1r4R b - - 7 26,d1d2
39,EulerE,Dave6962,992,927,2r5/3k3p/p4p2/4p3/8/1P1nP3/P2K1P1P/R6r w - - 0 27,c1h1
39,EulerE,Dave6962,992,927,2r5/3k3p/p4p2/4p3/8/1P1nP3/P2K1P1P/7R b - - 0 27,a1h1
39,EulerE,Dave6962,992,927,2r5/3k3p/p4p2/4p3/8/1P2P3/P2K1n1P/7R w - - 0 28,d3f2
39,EulerE,Dave6962,992,927,2r5/3k3p/p4p2/4p3/8/1P2P3/P2K1n1P/5R2 b - - 1 28,h1f1
39,EulerE,Dave6962,992,927,2r5/3k3p/p4p2/4p3/4n3/1P2P3/P2K3P/5R2 w - - 2 29,f2e4
39,EulerE,Dave6962,992,927,2r5/3k3p/p4p2/4p3/4n3/1P2P3/P6P/3K1R2 b - - 3 29,d2d1
39,EulerE,Dave6962,992,927,2r5/3k3p/p4p2/4p3/8/1Pn1P3/P6P/3K1R2 w - - 4 30,e4c3
39,EulerE,Dave6962,992,927,2r5/3k3p/p4p2/4p3/8/1Pn1P3/P6P/4KR2 b - - 5 30,d1e1
39,EulerE,Dave6962,992,927,2r5/3k3p/p4p2/4p3/8/1P2P3/n6P/4KR2 w - - 0 31,c3a2
39,EulerE,Dave6962,992,927,2r5/3k3p/p4R2/4p3/8/1P2P3/n6P/4K3 b - - 0 31,f1f6
39,EulerE,Dave6962,992,927,8/3k3p/p4R2/4p3/8/1P2P3/n6P/2r1K3 w - - 1 32,c8c1
39,EulerE,Dave6962,992,927,8/3k3p/p4R2/4p3/8/1P2P3/n2K3P/2r5 b - - 2 32,e1d2
39,EulerE,Dave6962,992,927,8/3k3p/p4R2/4p3/8/1P2P3/n2K3P/7r w - - 3 33,c1h1
39,EulerE,Dave6962,992,927,8/3k3p/p6R/4p3/8/1P2P3/n2K3P/7r b - - 4 33,f6h6
39,EulerE,Dave6962,992,927,8/3k3p/7R/p3p3/8/1P2P3/n2K3P/7r w - - 0 34,a6a5
39,EulerE,Dave6962,992,927,8/3k3R/8/p3p3/8/1P2P3/n2K3P/7r b - - 0 34,h6h7
39,EulerE,Dave6962,992,927,8/7R/3k4/p3p3/8/1P2P3/n2K3P/7r w - - 1 35,d7d6
39,EulerE,Dave6962,992,927,8/8/3k3R/p3p3/8/1P2P3/n2K3P/7r b - - 2 35,h7h6
39,EulerE,Dave6962,992,927,8/8/7R/p2kp3/8/1P2P3/n2K3P/7r w - - 3 36,d6d5
39,EulerE,Dave6962,992,927,8/8/7R/p2kp3/8/1P1KP3/n6P/7r b - - 4 36,d2d3
39,EulerE,Dave6962,992,927,8/8/7R/p2kp3/8/1P1KP3/7P/2n4r w - - 5 37,a2c1
39,EulerE,Dave6962,992,927,8/8/7R/p2kp3/8/1P2P3/2K4P/2n4r b - - 6 37,d3c2
39,EulerE,Dave6962,992,927,8/8/7R/p3p3/4k3/1P2P3/2K4P/2n4r w - - 7 38,d5e4
39,EulerE,Dave6962,992,927,8/8/7R/p3p3/4k3/1P2P3/3K3P/2n4r b - - 8 38,c2d2
39,EulerE,Dave6962,992,927,8/8/7R/p3p3/4k3/1n2P3/3K3P/7r w - - 0 39,c1b3
39,EulerE,Dave6962,992,927,8/8/7R/p3p3/4k3/1n2P3/4K2P/7r b - - 1 39,d2e2
39,EulerE,Dave6962,992,927,8/8/7R/4p3/p3k3/1n2P3/4K2P/7r w - - 0 40,a5a4
39,EulerE,Dave6962,992,927,8/8/1R6/4p3/p3k3/1n2P3/4K2P/7r b - - 1 40,h6b6
39,EulerE,Dave6962,992,927,8/8/1R6/4p3/p3k3/1n2P3/4K2r/8 w - - 0 41,h1h2
39,EulerE,Dave6962,992,927,8/8/1R6/4p3/p3k3/1n2P3/7r/5K2 b - - 1 41,e2f1
39,EulerE,Dave6962,992,927,8/8/1R6/2n1p3/p3k3/4P3/7r/5K2 w - - 2 42,b3c5
39,EulerE,Dave6962,992,927,8/8/1R6/2n1p3/p3k3/4P3/7r/6K1 b - - 3 42,f1g1
39,EulerE,Dave6962,992,927,8/8/1R6/2n1p3/p3k3/4P3/4r3/6K1 w - - 4 43,h2e2
39,EulerE,Dave6962,992,927,8/8/8/1Rn1p3/p3k3/4P3/4r3/6K1 b - - 5 43,b6b5
39,EulerE,Dave6962,992,927,8/8/8/1Rnkp3/p7/4P3/4r3/6K1 w - - 6 44,e4d5
39,EulerE,Dave6962,992,927,1R6/8/8/2nkp3/p7/4P3/4r3/6K1 b - - 7 44,b5b8
39,EulerE,Dave6962,992,927,1R6/8/8/2nkp3/p7/4r3/8/6K1 w - - 0 45,e2e3
39,EulerE,Dave6962,992,927,3R4/8/8/2nkp3/p7/4r3/8/6K1 b - - 1 45,b8d8
39,EulerE,Dave6962,992,927,3R4/8/8/2n1p3/p3k3/4r3/8/6K1 w - - 2 46,d5e4
39,EulerE,Dave6962,992,927,1R6/8/8/2n1p3/p3k3/4r3/8/6K1 b - - 3 46,d8b8
39,EulerE,Dave6962,992,927,1R6/8/8/2n1p3/4k3/p3r3/8/6K1 w - - 0 47,a4a3
39,EulerE,Dave6962,992,927,8/8/8/1Rn1p3/4k3/p3r3/8/6K1 b - - 1 47,b8b5
39,EulerE,Dave6962,992,927,8/8/8/1Rnkp3/8/p3r3/8/6K1 w - - 2 48,e4d5
39,EulerE,Dave6962,992,927,8/8/8/1Rnkp3/8/p3r3/5K2/8 b - - 3 48,g1f2
39,EulerE,Dave6962,992,927,8/8/8/1Rnkp3/8/pr6/5K2/8 w - - 4 49,e3b3
39,EulerE,Dave6962,992,927,8/8/8/R1nkp3/8/pr6/5K2/8 b - - 5 49,b5a5
39,EulerE,Dave6962,992,927,8/8/8/R1n1p3/3k4/pr6/5K2/8 w - - 6 50,d5d4
39,EulerE,Dave6962,992,927,8/8/8/R1n1p3/3k4/pr6/4K3/8 b - - 7 50,f2e2
39,EulerE,Dave6962,992,927,8/8/8/R1n1p3/2k5/pr6/4K3/8 w - - 8 51,d4c4
39,EulerE,Dave6962,992,927,8/8/8/R1n1p3/2k5/pr6/3K4/8 b - - 9 51,e2d2
39,EulerE,Dave6962,992,927,8/8/8/R1n1p3/2k5/p7/1r1K4/8 w - - 10 52,b3b2
39,EulerE,Dave6962,992,927,8/8/8/R1n1p3/2k5/p7/1r6/2K5 b - - 11 52,d2c1
39,EulerE,Dave6962,992,927,8/8/8/R3p3/2k5/p2n4/1r6/2K5 w - - 12 53,c5d3
39,EulerE,Dave6962,992,927,8/8/8/R3p3/2k5/p2n4/1r6/3K4 b - - 13 53,c1d1
39,EulerE,Dave6962,992,927,8/8/8/R3p3/2k5/3n4/pr6/3K4 w - - 0 54,a3a2
39,EulerE,Dave6962,992,927,8/8/8/4p3/R1k5/3n4/pr6/3K4 b - - 1 54,a5a4
39,EulerE,Dave6962,992,927,8/8/8/4p3/R7/1k1n4/pr6/3K4 w - - 2 55,c4b3
39,EulerE,Dave6962,992,927,R7/8/8/4p3/8/1k1n4/pr6/3K4 b - - 3 55,a4a8
40,Andre0003,EulerE,1020,984,rnbqkbnr/pppppppp/8/8/4P3/8/PPPP1PPP/RNBQKBNR b KQkq - 0 1,e2e4
40,Andre0003,EulerE,1020,984,rnbqkbnr/pppp1ppp/8/4p3/4P3/8/PPPP1PPP/RNBQKBNR w KQkq - 0 2,e7e5
40,Andre0003,EulerE,1020,984,rnbqkbnr/pppp1ppp/8/4p3/4PP2/8/PPPP2PP/RNBQKBNR b KQkq - 0 2,f2f4
40,Andre0003,EulerE,1020,984,r1bqkbnr/pppp1ppp/2n5/4p3/4PP2/8/PPPP2PP/RNBQKBNR w KQkq - 1 3,b8c6
40,Andre0003,EulerE,1020,984,r1bqkbnr/pppp1ppp/2n5/4p3/4PP2/5N2/PPPP2PP/RNBQKB1R b KQkq - 2 3,g1f3
40,Andre0003,EulerE,1020,984,r1bqkbnr/ppp2ppp/2np4/4p3/4PP2/5N2/PPPP2PP/RNBQKB1R w KQkq - 0 4,d7d6
40,Andre0003,EulerE,1020,984,r1bqkbnr/ppp2ppp/2np4/4p3/2B1PP2/5N2/PPPP2PP/RNBQK2R b KQkq - 1 4,f1c4
40,Andre0003,EulerE,1020,984,r2qkbnr/ppp2ppp/2np4/4p3/2B1PPb1/5N2/PPPP2PP/RNBQK2R w KQkq - 2 5,c8g4
40,Andre0003,EulerE,1020,984,r2qkbnr/ppp2ppp/2np4/4p3/2B1PPb1/5N2/PPPP2PP/RNBQ1RK1 b kq - 3 5,e1g1
40,Andre0003,EulerE,1020,984,r2qkbnr/ppp2pp1/2np3p/4p3/2B1PPb1/5N2/PPPP2PP/RNBQ1RK1 w kq - 0 6,h7h6
40,Andre0003,EulerE,1020,984,r2qkbnr/ppp2pp1/2np3p/4p3/2B1PPb1/5N1P/PPPP2P1/RNBQ1RK1 b kq - 0 6,h2h3
40,Andre0003,EulerE,1020,984,r2qkbnr/ppp2pp1/2np3p/4p3/2B1PP2/5b1P/PPPP2P1/RNBQ1RK1 w kq - 0 7,g4f3
40,Andre0003,EulerE,1020,984,r2qkbnr/ppp2pp1/2np3p/4p3/2B1PP2/5Q1P/PPPP2P1/RNB2RK1 b kq - 0 7,d1f3
40,Andre0003,EulerE,1020,984,r2qkb1r/ppp2pp1/2np1n1p/4p3/2B1PP2/5Q1P/PPPP2P1/RNB2RK1 w kq - 1 8,g8f6
40,Andre0003,EulerE,1020,984,r2qkb1r/ppp2pp1/2np1n1p/4p3/2B1PP2/3P1Q1P/PPP3P1/RNB2RK1 b kq - 0 8,d2d3
40,Andre0003,EulerE,1020,984,r2qk2r/ppp1bpp1/2np1n1p/4p3/2B1PP2/3P1Q1P/PPP3P1/RNB2RK1 w kq - 1 9,f8e7
40,Andre0003,EulerE,1020,984,r2qk2r/ppp1bpp1/2np1n1p/4P3/2B1P3/3P1Q1P/PPP3P1/RNB2RK1 b kq - 0 9,f4e5
40,Andre0003,EulerE,1020,984,r2qk2r/ppp1bpp1/3p1n1p/4n3/2B1P3/3P1Q1P/PPP3P1/RNB2RK1 w kq - 0 10,c6e5
40,Andre0003,EulerE,1020,984,r2qk2r/ppp1bBp1/3p1n1p/4n3/4P3/3P1Q1P/PPP3P1/RNB2RK1 b kq - 0 10,c4f7
40,Andre0003,EulerE,1020,984,r2q3r/ppp1bkp1/3p1n1p/4n3/4P3/3P1Q1P/PPP3P1/RNB2RK1 w - - 0 11,e8f7
40,Andre0003,EulerE,1020,984,r2q3r/ppp1bkp1/3p1n1p/4n3/4PQ2/3P3P/PPP3P1/RNB2RK1 b - - 1 11,f3f4
40,Andre0003,EulerE,1020,984,r2q3r/ppp1bk2/3p1n1p/4n1p1/4PQ2/3P3P/PPP3P1/RNB2RK1 w - - 0 12,g7g5
40,Andre0003,EulerE,1020,984,r2q3r/ppp1bk2/3p1n1p/4n1p1/4P3/3P3P/PPP2QP1/RNB2RK1 b - - 1 12,f4f2
40,Andre0003,EulerE,1020,984,r2q1r2/ppp1bk2/3p1n1p/4n1p1/4P3/3P3P/PPP2QP1/RNB2RK1 w - - 2 13,h8f8
40,Andre0003,EulerE,1020,984,r2q1r2/ppp1bk2/3p1n1p/4n1p1/4P3/2NP3P/PPP2QP1/R1B2RK1 b - - 3 13,b1c3
40,Andre0003,EulerE,1020,984,r2q1rk1/ppp1b3/3p1n1p/4n1p1/4P3/2NP3P/PPP2QP1/R1B2RK1 w - - 4 14,f7g8
40,Andre0003,EulerE,1020,984,r2q1rk1/ppp1b3/3p1n1p/4n1B1/4P3/2NP3P/PPP2QP1/R4RK1 b - - 0 14,c1g5
40,Andre0003,EulerE,1020,984,r2q1rk1/ppp1b3/3p3p/4n1Bn/4P3/2NP3P/PPP2QP1/R4RK1 w - - 1 15,f6h5
40,Andre0003,EulerE,1020,984,r2q1rk1/ppp1b3/3p3p/4n1Bn/4P2Q/2NP3P/PPP3P1/R4RK1 b - - 2 15,f2h4
40,Andre0003,EulerE,1020,984,r2q2k1/ppp1b3/3p3p/4n1Bn/4P2Q/2NP3P/PPP3P1/R4rK1 w - - 0 16,f8f1
40,Andre0003,EulerE,1020,984,r2q2k1/ppp1b3/3p3p/4n1Bn/4P2Q/2NP3P/PPP3P1/5RK1 b - - 0 16,a1f1
40,Andre0003,EulerE,1020,984,r2q2k1/ppp5/3p3p/4n1bn/4P2Q/2NP3P/PPP3P1/5RK1 w - - 0 17,e7g5
40,Andre0003,EulerE,1020,984,r2q2k1/ppp5/3p3p/4n1bQ/4P3/2NP3P/PPP3P1/5RK1 b - - 0 17,h4h5
40,Andre0003,EulerE,1020,984,r2q2k1/ppp5/3p3p/4n2Q/4P3/2NPb2P/PPP3P1/5RK1 w - - 1 18,g5e3
40,Andre0003,EulerE,1020,984,r2q2k1/ppp5/3p3p/4n2Q/4P3/2NPb2P/PPP3P1/5R1K b - - 2 18,g1h1
40,Andre0003,EulerE,1020,984,r5k1/ppp5/3p3p/4n1qQ/4P3/2NPb2P/PPP3P1/5R1K w - - 3 19,d8g5
40,Andre0003,EulerE,1020,984,r5k1/ppp5/3p3p/4n1q1/4P3/2NPb2P/PPP1Q1P1/5R1K b - - 4 19,h5e2
40,Andre0003,EulerE,1020,984,r5k1/pp6/2pp3p/4n1q1/4P3/2NPb2P/PPP1Q1P1/5R1K w - - 0 20,c7c6
40,Andre0003,EulerE,1020,984,r5k1/pp6/2pp3p/4n1q1/4P3/3Pb2P/PPP1Q1P1/3N1R1K b - - 1 20,c3d1
40,Andre0003,EulerE,1020,984,r5k1/pp6/2pp3p/4n1q1/3bP3/3P3P/PPP1Q1P1/3N1R1K w - - 2 21,e3d4
40,Andre0003,EulerE,1020,984,r5k1/pp6/2pp3p/4n1q1/3bP3/2PP3P/PP2Q1P1/3N1R1K b - - 0 21,c2c3
40,Andre0003,EulerE,1020,984,r5k1/pp6/1bpp3p/4n1q1/4P3/2PP3P/PP2Q1P1/3N1R1K w - - 1 22,d4b6
40,Andre0003,EulerE,1020,984,r5k1/pp6/1bpp3p/4n1q1/3PP3/2P4P/PP2Q1P1/3N1R1K b - - 0 22,d3d4
40,Andre0003,EulerE,1020,984,r5k1/pp6/1bpp3p/6q1/2nPP3/2P4P/PP2Q1P1/3N1R1K w - - 1 23,e5c4
40,Andre0003,EulerE,1020,984,r5k1/pp6/1bpp3p/6q1/2QPP3/2P4P/PP4P1/3N1R1K b - - 0 23,e2c4
40,Andre0003,EulerE,1020,984,r7/pp5k/1bpp3p/6q1/2QPP3/2P4P/PP4P1/3N1R1K w - - 1 24,g8h7
40,Andre0003,EulerE,1020,984,r7/pp3Q1k/1bpp3p/6q1/3PP3/2P4P/PP4P1/3N1R1K b - - 2 24,c4f7
40,Andre0003,EulerE,1020,984,r7/pp3Qqk/1bpp3p/8/3PP3/2P4P/PP4P1/3N1R1K w - - 3 25,g5g7
40,Andre0003,EulerE,1020,984,r7/pp4qk/1bpp3p/5Q2/3PP3/2P4P/PP4P1/3N1R1K b - - 4 25,f7f5
40,Andre0003,EulerE,1020,984,r7/pp5k/1bpp2qp/5Q2/3PP3/2P4P/PP4P1/3N1R1K w - - 5 26,g7g6
40,Andre0003,EulerE,1020,984,r7/pp1Q3k/1bpp2qp/8/3PP3/2P4P/PP4P1/3N1R1K b - - 6 26,f5d7
40,Andre0003,EulerE,1020,984,r7/pp1Q2qk/1bpp3p/8/3PP3/2P4P/PP4P1/3N1R1K w - - 7 27,g6g7
40,Andre0003,EulerE,1020,984,r7/pp1Q1Rqk/1bpp3p/8/3PP3/2P4P/PP4P1/3N3K b - - 8 27,f1f7
40,Andre0003,EulerE,1020,984,r7/pp1Q1q1k/1bpp3p/8/3PP3/2P4P/PP4P1/3N3K w - - 0 28,g7f7
40,Andre0003,EulerE,1020,984,r7/pp3Q1k/1bpp3p/8/3PP3/2P4P/PP4P1/3N3K b - - 0 28,d7f7
41,EulerE,deep91221,991,941,rnbqkbnr/pppppppp/8/8/3P4/8/PPP1PPPP/RNBQKBNR b KQkq - 0 1,d2d4
41,EulerE,deep91221,991,941,rnbqkbnr/ppp1pppp/8/3p4/3P4/8/PPP1PPPP/RNBQKBNR w KQkq - 0 2,d7d5
41,EulerE,deep91221,991,941,rnbqkbnr/ppp1pppp/8/3p4/2PP4/8/PP2PPPP/RNBQKBNR b KQkq - 0 2,c2c4
41,EulerE,deep91221,991,941,rnbqkbnr/ppp1pppp/8/8/2pP4/8/PP2PPPP/RNBQKBNR w KQkq - 0 3,d5c4
41,EulerE,deep91221,991,941,rnbqkbnr/ppp1pppp/8/8/2pPP3/8/PP3PPP/RNBQKBNR b KQkq - 0 3,e2e4
41,EulerE,deep91221,991,941,rnbqkbnr/p1p1pppp/8/1p6/2pPP3/8/PP3PPP/RNBQKBNR w KQkq - 0 4,b7b5
41,EulerE,deep91221,991,941,rnbqkbnr/p1p1pppp/8/1p6/P1pPP3/8/1P3PPP/RNBQKBNR b KQkq - 0 4,a2a4
41,EulerE,deep91221,991,941,rnbqkbnr/p3pppp/2p5/1p6/P1pPP3/8/1P3PPP/RNBQKBNR w KQkq - 0 5,c7c6
41,EulerE,deep91221,991,941,rnbqkbnr/p3pppp/2p5/1P6/2pPP3/8/1P3PPP/RNBQKBNR b KQkq - 0 5,a4b5
41,EulerE,deep91221,991,941,rnb1kbnr/p3pppp/2p5/qP6/2pPP3/8/1P3PPP/RNBQKBNR w KQkq - 1 6,d8a5
41,EulerE,deep91221,991,941,rnb1kbnr/p3pppp/2p5/RP6/2pPP3/8/1P3PPP/1NBQKBNR b Kkq - 0 6,a1a5
41,EulerE,deep91221,991,941,rnb1kbnr/p3pppp/8/Rp6/2pPP3/8/1P3PPP/1NBQKBNR w Kkq - 0 7,c6b5
41,EulerE,deep91221,991,941,rnb1kbnr/p3pppp/8/1R6/2pPP3/8/1P3PPP/1NBQKBNR b Kkq - 0 7,a5b5
41,EulerE,deep91221,991,941,rnb1kbnr/4pppp/p7/1R6/2pPP3/8/1P3PPP/1NBQKBNR w Kkq - 0 8,a7a6
41,EulerE,deep91221,991,941,rnb1kbnr/4pppp/p7/2R5/2pPP3/8/1P3PPP/1NBQKBNR b Kkq - 1 8,b5c5
41,EulerE,deep91221,991,941,r1b1kbnr/3npppp/p7/2R5/2pPP3/8/1P3PPP/1NBQKBNR w Kkq - 2 9,b8d7
41,EulerE,deep91221,991,941,r1b1kbnr/3npppp/p7/8/2RPP3/8/1P3PPP/1NBQKBNR b Kkq - 0 9,c5c4
41,EulerE,deep91221,991,941,1rb1kbnr/3npppp/p7/8/2RPP3/8/1P3PPP/1NBQKBNR w Kk - 1 10,a8b8
41,EulerE,deep91221,991,941,1rb1kbnr/3npppp/p7/8/2RPP3/2N5/1P3PPP/2BQKBNR b Kk - 2 10,b1c3
41,EulerE,deep91221,991,941,1rb1kbnr/4pppp/pn6/8/2RPP3/2N5/1P3PPP/2BQKBNR w Kk - 3 11,d7b6
41,EulerE,deep91221,991,941,1rb1kbnr/4pppp/pn6/8/1R1PP3/2N5/1P3PPP/2BQKBNR b Kk - 4 11,c4b4
41,EulerE,deep91221,991,941,1rb1kbnr/4pppp/1n6/p7/1R1PP3/2N5/1P3PPP/2BQKBNR w Kk - 0 12,a6a5
41,EulerE,deep91221,991,941,1rb1kbnr/4pppp/1n6/pR6/3PP3/2N5/1P3PPP/2BQKBNR b Kk - 1 12,b4b5
41,EulerE,deep91221,991,941,1rb1kb1r/4pppp/1n3n2/pR6/3PP3/2N5/1P3PPP/2BQKBNR w Kk - 2 13,g8f6
41,EulerE,deep91221,991,941,1rb1kb1r/4pppp/1n3n2/pR4B1/3PP3/2N5/1P3PPP/3QKBNR b Kk - 3 13,c1g5
41,EulerE,deep91221,991,941,1r2kb1r/4pppp/1n3n2/pR4B1/3PP1b1/2N5/1P3PPP/3QKBNR w Kk - 4 14,c8g4
41,EulerE,deep91221,991,941,1r2kb1r/4pppp/1n3n2/pR4B1/3PP1b1/2N2P2/1P4PP/3QKBNR b Kk - 0 14,f2f3
41,EulerE,deep91221,991,941,1r2kb1r/3bpppp/1n3n2/pR4B1/3PP3/2N2P2/1P4PP/3QKBNR w Kk - 1 15,g4d7
41,EulerE,deep91221,991,941,1r2kb1r/3bpppp/1n3n2/R5B1/3PP3/2N2P2/1P4PP/3QKBNR b Kk - 0 15,b5a5
41,EulerE,deep91221,991,941,1r2kb1r/4pppp/1n2bn2/R5B1/3PP3/2N2P2/1P4PP/3QKBNR w Kk - 1 16,d7e6
41,EulerE,deep91221,991,941,1r2kb1r/4pppp/1n2bB2/R7/3PP3/2N2P2/1P4PP/3QKBNR b Kk - 0 16,g5f6
41,EulerE,deep91221,991,941,1r2kb1r/5ppp/1n2bp2/R7/3PP3/2N2P2/1P4PP/3QKBNR w Kk - 0 17,e7f6
41,EulerE,deep91221,991,941,1r2kb1r/5ppp/1n2bp2/R2P4/4P3/2N2P2/1P4PP/3QKBNR b Kk - 0 17,d4d5
41,EulerE,deep91221,991,941,1r2kb1r/3b1ppp/1n3p2/R2P4/4P3/2N2P2/1P4PP/3QKBNR w Kk - 1 18,e6d7
41,EulerE,deep91221,991,941,1r2kb1r/3b1ppp/1n3p2/RB1P4/4P3/2N2P2/1P4PP/3QK1NR b Kk - 2 18,f1b5
41,EulerE,deep91221,991,941,1r2kb1r/5ppp/1n3p2/Rb1P4/4P3/2N2P2/1P4PP/3QK1NR w Kk - 0 19,d7b5
41,EulerE,deep91221,991,941,1r2kb1r/5ppp/1n3p2/1R1P4/4P3/2N2P2/1P4PP/3QK1NR b Kk - 0 19,a5b5
41,EulerE,deep91221,991,941,1r2k2r/5ppp/1n3p2/1R1P4/1b2P3/2N2P2/1P4PP/3QK1NR w Kk - 1 20,f8b4
41,EulerE,deep91221,991,941,1r2k2r/5ppp/1n3p2/3P4/1R2P3/2N2P2/1P4PP/3QK1NR b Kk - 0 20,b5b4
41,EulerE,deep91221,991,941,1r3rk1/5ppp/1n3p2/3P4/1R2P3/2N2P2/1P4PP/3QK1NR w K - 1 21,e8g8
41,EulerE,deep91221,991,941,1r3rk1/5ppp/1n3p2/3P4/1R2P3/2N2P2/1P2N1PP/3QK2R b K - 2 21,g1e2
41,EulerE,deep91221,991,941,2r2rk1/5ppp/1n3p2/3P4/1R2P3/2N2P2/1P2N1PP/3QK2R w K - 3 22,b8c8
41,EulerE,deep91221,991,941,2r2rk1/5ppp/1n3p2/3P4/1R2P3/2N2P2/1P2N1PP/3Q1RK1 b - - 4 22,e1g1
41,EulerE,deep91221,991,941,2r2rk1/5ppp/5p2/3P4/1Rn1P3/2N2P2/1P2N1PP/3Q1RK1 w - - 5 23,b6c4
41,EulerE,deep91221,991,941,2r2rk1/5ppp/5p2/3P4/2R1P3/2N2P2/1P2N1PP/3Q1RK1 b - - 0 23,b4c4
41,EulerE,deep91221,991,941,5rk1/5ppp/5p2/3P4/2r1P3/2N2P2/1P2N1PP/3Q1RK1 w - - 0 24,c8c4
41,EulerE,deep91221,991,941,5rk1/5ppp/5p2/3P4/Q1r1P3/2N2P2/1P2N1PP/5RK1 b - - 1 24,d1a4
41,EulerE,deep91221,991,941,5rk1/5ppp/5p2/3P4/r3P3/2N2P2/1P2N1PP/5RK1 w - - 0 25,c4a4
41,EulerE,deep91221,991,941,5rk1/5ppp/5p2/3P4/N3P3/5P2/1P2N1PP/5RK1 b - - 0 25,c3a4
41,EulerE,deep91221,991,941,r5k1/5ppp/5p2/3P4/N3P3/5P2/1P2N1PP/5RK1 w - - 1 26,f8a8
41,EulerE,deep91221,991,941,r5k1/5ppp/5p2/3P4/N3P3/2N2P2/1P4PP/5RK1 b - - 2 26,e2c3
41,EulerE,deep91221,991,941,r5k1/5p1p/5pp1/3P4/N3P3/2N2P2/1P4PP/5RK1 w - - 0 27,g7g6
41,EulerE,deep91221,991,941,r5k1/5p1p/3P1pp1/8/N3P3/2N2P2/1P4PP/5RK1 b - - 0 27,d5d6
41,EulerE,deep91221,991,941,3r2k1/5p1p/3P1pp1/8/N3P3/2N2P2/1P4PP/5RK1 w - - 1 28,a8d8
41,EulerE,deep91221,991,941,3r2k1/5p1p/3P1pp1/8/N3P3/2N2P2/1P4PP/3R2K1 b - - 2 28,f1d1
41,EulerE,deep91221,991,941,3r1k2/5p1p/3P1pp1/8/N3P3/2N2P2/1P4PP/3R2K1 w - - 3 29,g8f8
41,EulerE,deep91221,991,941,3r1k2/5p1p/1N1P1pp1/8/4P3/2N2P2/1P4PP/3R2K1 b - - 4 29,a4b6
41,EulerE,deep91221,991,941,3rk3/5p1p/1N1P1pp1/8/4P3/2N2P2/1P4PP/3R2K1 w - - 5 30,f8e8
41,EulerE,deep91221,991,941,3rk3/5p1p/1N1P1pp1/1N6/4P3/5P2/1P4PP/3R2K1 b - - 6 30,c3b5
41,EulerE,deep91221,991,941,1r2k3/5p1p/1N1P1pp1/1N6/4P3/5P2/1P4PP/3R2K1 w - - 7 31,d8b8
41,EulerE,deep91221,991,941,1r2k3/3P1p1p/1N3pp1/1N6/4P3/5P2/1P4PP/3R2K1 b - - 0 31,d6d7
41,EulerE,deep91221,991,941,1r1k4/3P1p1p/1N3pp1/1N6/4P3/5P2/1P4PP/3R2K1 w - - 1 32,e8d8
41,EulerE,deep91221,991,941,1r1k4/3P1p1p/1N1N1pp1/8/4P3/5P2/1P4PP/3R2K1 b - - 2 32,b5d6
41,EulerE,deep91221,991,941,3k4/3P1p1p/1r1N1pp1/8/4P3/5P2/1P4PP/3R2K1 w - - 0 33,b8b6
41,EulerE,deep91221,991,941,3k4/3P1N1p/1r3pp1/8/4P3/5P2/1P4PP/3R2K1 b - - 0 33,d6f7
41,EulerE,deep91221,991,941,8/3PkN1p/1r3pp1/8/4P3/5P2/1P4PP/3R2K1 w - - 1 34,d8e7
41,EulerE,deep91221,991,941,3Q4/4kN1p/1r3pp1/8/4P3/5P2/1P4PP/3R2K1 b - - 0 34,d7d8q
41,EulerE,deep91221,991,941,3Q4/5k1p/1r3pp1/8/4P3/5P2/1P4PP/3R2K1 w - - 0 35,e7f7
41,EulerE,deep91221,991,941,8/3Q1k1p/1r3pp1/8/4P3/5P2/1P4PP/3R2K1 b - - 1 35,d8d7
41,EulerE,deep91221,991,941,5k2/3Q3p/1r3pp1/8/4P3/5P2/1P4PP/3R2K1 w - - 2 36,f7f8
41,EulerE,deep91221,991,941,5k2/3Q3p/1r3pp1/8/4P3/5P2/1P4PP/2R3K1 b - - 3 36,d1c1
41,EulerE,deep91221,991,941,1r3k2/3Q3p/5pp1/8/4P3/5P2/1P4PP/2R3K1 w - - 4 37,b6b8
41,EulerE,deep91221,991,941,1rR2k2/3Q3p/5pp1/8/4P3/5P2/1P4PP/6K1 b - - 5 37,c1c8
41,EulerE,deep91221,991,941,2r2k2/3Q3p/5pp1/8/4P3/5P2/1P4PP/6K1 w - - 0 38,b8c8
41,EulerE,deep91221,991,941,2Q2k2/7p/5pp1/8/4P3/5P2/1P4PP/6K1 b - - 0 38,d7c8
41,EulerE,deep91221,991,941,2Q5/6kp/5pp1/8/4P3/5P2/1P4PP/6K1 w - - 1 39,f8g7
41,EulerE,deep91221,991,941,2Q5/6kp/5pp1/8/1P2P3/5P2/6PP/6K1 b - - 0 39,b2b4
41,EulerE,deep91221,991,941,2Q5/7p/5ppk/8/1P2P3/5P2/6PP/6K1 w - - 1 40,g7h6
41,EulerE,deep91221,991,941,2Q5/7p/5ppk/1P6/4P3/5P2/6PP/6K1 b - - 0 40,b4b5
41,EulerE,deep91221,991,941,2Q5/7p/5p1k/1P4p1/4P3/5P2/6PP/6K1 w - - 0 41,g6g5
41,EulerE,deep91221,991,941,2Q5/7p/1P3p1k/6p1/4P3/5P2/6PP/6K1 b - - 0 41,b5b6
41,EulerE,deep91221,991,941,2Q5/7p/1P3p2/6pk/4P3/5P2/6PP/6K1 w - - 1 42,h6h5
41,EulerE,deep91221,991,941,2Q5/1P5p/5p2/6pk/4P3/5P2/6PP/6K1 b - - 0 42,b6b7
41,EulerE,deep91221,991,941,2Q5/1P5p/8/5ppk/4P3/5P2/6PP/6K1 w - - 0 43,f6f5
41,EulerE,deep91221,991,941,8/1P5p/8/5Qpk/4P3/5P2/6PP/6K1 b - - 0 43,c8f5
41,EulerE,deep91221,991,941,8/1P6/7p/5Qpk/4P3/5P2/6PP/6K1 w - - 0 44,h7h6
41,EulerE,deep91221,991,941,1Q6/8/7p/5Qpk/4P3/5P2/6PP/6K1 b - - 0 44,b7b8q
41,EulerE,deep91221,991,941,1Q6/8/7p/5Qp1/4P2k/5P2/6PP/6K1 w - - 1 45,h5h4
41,EulerE,deep91221,991,941,8/8/7p/5Qp1/4P2k/5PQ1/6PP/6K1 b - - 2 45,b8g3
41,EulerE,deep91221,991,941,8/8/7p/5Qpk/4P3/5PQ1/6PP/6K1 w - - 3 46,h4h5
41,EulerE,deep91221,991,941,8/8/7p/5Qpk/4P1Q1/5P2/6PP/6K1 b - - 4 46,g3g4
42,EulerE,BizonFut,1000,1024,rnbqkbnr/pppppppp/8/8/3P4/8/PPP1PPPP/RNBQKBNR b KQkq - 0 1,d2d4
42,EulerE,BizonFut,1000,1024,rnbqkbnr/ppp1pppp/8/3p4/3P4/8/PPP1PPPP/RNBQKBNR w KQkq - 0 2,d7d5
42,EulerE,BizonFut,1000,1024,rnbqkbnr/ppp1pppp/8/3p4/2PP4/8/PP2PPPP/RNBQKBNR b KQkq - 0 2,c2c4
42,EulerE,BizonFut,1000,1024,rnbqkb1r/ppp1pppp/5n2/3p4/2PP4/8/PP2PPPP/RNBQKBNR w KQkq - 1 3,g8f6
42,EulerE,BizonFut,1000,1024,rnbqkb1r/ppp1pppp/5n2/3p4/2PP4/5N2/PP2PPPP/RNBQKB1R b KQkq - 2 3,g1f3
42,EulerE,BizonFut,1000,1024,rnbqkb1r/ppp1pppp/5n2/8/2pP4/5N2/PP2PPPP/RNBQKB1R w KQkq - 0 4,d5c4
42,EulerE,BizonFut,1000,1024,rnbqkb1r/ppp1pppp/5n2/8/2pP4/2N2N2/PP2PPPP/R1BQKB1R b KQkq - 1 4,b1c3
42,EulerE,BizonFut,1000,1024,rnbqkb1r/p1p1pppp/1p3n2/8/2pP4/2N2N2/PP2PPPP/R1BQKB1R w KQkq - 0 5,b7b6
42,EulerE,BizonFut,1000,1024,rnbqkb1r/p1p1pppp/1p3n2/6B1/2pP4/2N2N2/PP2PPPP/R2QKB1R b KQkq - 1 5,c1g5
42,EulerE,BizonFut,1000,1024,rn1qkb1r/pbp1pppp/1p3n2/6B1/2pP4/2N2N2/PP2PPPP/R2QKB1R w KQkq - 2 6,c8b7
42,EulerE,BizonFut,1000,1024,rn1qkb1r/pbp1pppp/1p3B2/8/2pP4/2N2N2/PP2PPPP/R2QKB1R b KQkq - 0 6,g5f6
42,EulerE,BizonFut,1000,1024,rn1qkb1r/pbp2ppp/1p3p2/8/2pP4/2N2N2/PP2PPPP/R2QKB1R w KQkq - 0 7,e7f6
42,EulerE,BizonFut,1000,1024,rn1qkb1r/pbp2ppp/1p3p2/8/2pPP3/2N2N2/PP3PPP/R2QKB1R b KQkq - 0 7,e2e4
42,EulerE,BizonFut,1000,1024,rn1qk2r/pbp2ppp/1p1b1p2/8/2pPP3/2N2N2/PP3PPP/R2QKB1R w KQkq - 1 8,f8d6
42,EulerE,BizonFut,1000,1024,rn1qk2r/pbp2ppp/1p1b1p2/4P3/2pP4/2N2N2/PP3PPP/R2QKB1R b KQkq - 0 8,e4e5
42,EulerE,BizonFut,1000,1024,rn1qk2r/pbp2ppp/1p1b4/4p3/2pP4/2N2N2/PP3PPP/R2QKB1R w KQkq - 0 9,f6e5
42,EulerE,BizonFut,1000,1024,rn1qk2r/pbp2ppp/1p1b4/4P3/2p5/2N2N2/PP3PPP/R2QKB1R b KQkq - 0 9,d4e5
42,EulerE,BizonFut,1000,1024,rn1qk2r/p1p2ppp/1p1b4/4P3/2p5/2N2b2/PP3PPP/R2QKB1R w KQkq - 0 10,b7f3
42,EulerE,BizonFut,1000,1024,rn1qk2r/p1p2ppp/1p1b4/4P3/2p5/2N2P2/PP3P1P/R2QKB1R b KQkq - 0 10,g2f3
42,EulerE,BizonFut,1000,1024,rn1qk2r/p1p2ppp/1p6/4b3/2p5/2N2P2/PP3P1P/R2QKB1R w KQkq - 0 11,d6e5
42,EulerE,BizonFut,1000,1024,rn1Qk2r/p1p2ppp/1p6/4b3/2p5/2N2P2/PP3P1P/R3KB1R b KQkq - 0 11,d1d8
42,EulerE,BizonFut,1000,1024,rn1k3r/p1p2ppp/1p6/4b3/2p5/2N2P2/PP3P1P/R3KB1R w KQ - 0 12,e8d8
42,EulerE,BizonFut,1000,1024,rn1k3r/p1p2ppp/1p6/4b3/2p5/2N2P2/PP3P1P/2KR1B1R b - - 1 12,e1c1
42,EulerE,BizonFut,1000,1024,r2k3r/p1pn1ppp/1p6/4b3/2p5/2N2P2/PP3P1P/2KR1B1R w - - 2 13,b8d7
42,EulerE,BizonFut,1000,1024,r2k3r/p1pn1ppp/1p6/4b3/2B5/2N2P2/PP3P1P/2KR3R b - - 0 13,f1c4
42,EulerE,BizonFut,1000,1024,r1k4r/p1pn1ppp/1p6/4b3/2B5/2N2P2/PP3P1P/2KR3R w - - 1 14,d8c8
42,EulerE,BizonFut,1000,1024,r1k4r/p1pn1ppp/Bp6/4b3/8/2N2P2/PP3P1P/2KR3R b - - 2 14,c4a6
42,EulerE,BizonFut,1000,1024,rk5r/p1pn1ppp/Bp6/4b3/8/2N2P2/PP3P1P/2KR3R w - - 3 15,c8b8
42,EulerE,BizonFut,1000,1024,rk5r/p1pR1ppp/Bp6/4b3/8/2N2P2/PP3P1P/2K4R b - - 0 15,d1d7
42,EulerE,BizonFut,1000,1024,rk2r3/p1pR1ppp/Bp6/4b3/8/2N2P2/PP3P1P/2K4R w - - 1 16,h8e8
42,EulerE,BizonFut,1000,1024,rk2r3/p1pR1ppp/Bp6/4b3/8/2N2P2/PP3P1P/2KR4 b - - 2 16,h1d1
42,EulerE,BizonFut,1000,1024,rk2r3/p1pR1ppp/Bp6/8/5b2/2N2P2/PP3P1P/2KR4 w - - 3 17,e5f4
42,EulerE,BizonFut,1000,1024,rk2r3/p1pR1ppp/Bp6/8/5b2/2N2P2/PP3P1P/1K1R4 b - - 4 17,c1b1
42,EulerE,BizonFut,1000,1024,rk2r3/p2R1ppp/Bp6/2p5/5b2/2N2P2/PP3P1P/1K1R4 w - - 0 18,c7c5
42,EulerE,BizonFut,1000,1024,rk2r3/pR3ppp/Bp6/2p5/5b2/2N2P2/PP3P1P/1K1R4 b - - 1 18,d7b7
42,EulerE,BizonFut,1000,1024,r1k1r3/pR3ppp/Bp6/2p5/5b2/2N2P2/PP3P1P/1K1R4 w - - 2 19,b8c8
42,EulerE,BizonFut,1000,1024,r1k1r3/p3Rppp/Bp6/2p5/5b2/2N2P2/PP3P1P/1K1R4 b - - 3 19,b7e7
42,EulerE,BizonFut,1000,1024,rk2r3/p3Rppp/Bp6/2p5/5b2/2N2P2/PP3P1P/1K1R4 w - - 4 20,c8b8
42,EulerE,BizonFut,1000,1024,rk2R3/p4ppp/Bp6/2p5/5b2/2N2P2/PP3P1P/1K1R4 b - - 0 20,e7e8
42,EulerE,BizonFut,1000,1024,r3R3/p1k2ppp/Bp6/2p5/5b2/2N2P2/PP3P1P/1K1R4 w - - 1 21,b8c7
42,EulerE,BizonFut,1000,1024,R7/p1k2ppp/Bp6/2p5/5b2/2N2P2/PP3P1P/1K1R4 b - - 0 21,e8a8
43,EulerE,Lahian,1009,1041,rnbqkbnr/pppppppp/8/8/3P4/8/PPP1PPPP/RNBQKBNR b KQkq - 0 1,d2d4
43,EulerE,Lahian,1009,1041,rnbqkbnr/ppp1pppp/8/3p4/3P4/8/PPP1PPPP/RNBQKBNR w KQkq - 0 2,d7d5
43,EulerE,Lahian,1009,1041,rnbqkbnr/ppp1pppp/8/3p4/2PP4/8/PP2PPPP/RNBQKBNR b KQkq - 0 2,c2c4
43,EulerE,Lahian,1009,1041,rnbqkbnr/pp2pppp/2p5/3p4/2PP4/8/PP2PPPP/RNBQKBNR w KQkq - 0 3,c7c6
43,EulerE,Lahian,1009,1041,rnbqkbnr/pp2pppp/2p5/3p4/2PP4/2N5/PP2PPPP/R1BQKBNR b KQkq - 1 3,b1c3
43,EulerE,Lahian,1009,1041,rnbqkb1r/pp2pppp/2p2n2/3p4/2PP4/2N5/PP2PPPP/R1BQKBNR w KQkq - 2 4,g8f6
43,EulerE,Lahian,1009,1041,rnbqkb1r/pp2pppp/2p2n2/3p2B1/2PP4/2N5/PP2PPPP/R2QKBNR b KQkq - 3 4,c1g5
43,EulerE,Lahian,1009,1041,rnbqkb1r/pp2pppp/2p2n2/6B1/2pP4/2N5/PP2PPPP/R2QKBNR w KQkq - 0 5,d5c4
43,EulerE,Lahian,1009,1041,rnbqkb1r/pp2pppp/2p2n2/6B1/2pPP3/2N5/PP3PPP/R2QKBNR b KQkq - 0 5,e2e4
43,EulerE,Lahian,1009,1041,rnbqkb1r/pp2ppp1/2p2n1p/6B1/2pPP3/2N5/PP3PPP/R2QKBNR w KQkq - 0 6,h7h6
43,EulerE,Lahian,1009,1041,rnbqkb1r/pp2ppp1/2p2n1p/8/2pPP3/2N1B3/PP3PPP/R2QKBNR b KQkq - 1 6,g5e3
43,EulerE,Lahian,1009,1041,rnbqkb1r/pp3pp1/2p1pn1p/8/2pPP3/2N1B3/PP3PPP/R2QKBNR w KQkq - 0 7,e7e6
43,EulerE,Lahian,1009,1041,rnbqkb1r/pp3pp1/2p1pn1p/8/2pPP3/2N1BN2/PP3PPP/R2QKB1R b KQkq - 1 7,g1f3
43,EulerE,Lahian,1009,1041,rnbqk2r/pp3pp1/2p1pn1p/8/1bpPP3/2N1BN2/PP3PPP/R2QKB1R w KQkq - 2 8,f8b4
43,EulerE,Lahian,1009,1041,rnbqk2r/pp3pp1/2p1pn1p/8/1bBPP3/2N1BN2/PP3PPP/R2QK2R b KQkq - 0 8,f1c4
43,EulerE,Lahian,1009,1041,rnbqk2r/pp3pp1/2p1p2p/8/1bBPn3/2N1BN2/PP3PPP/R2QK2R w KQkq - 0 9,f6e4
43,EulerE,Lahian,1009,1041,rnbqk2r/pp3pp1/2p1p2p/8/1bBPn3/2N2N2/PP1B1PPP/R2QK2R b KQkq - 1 9,e3d2
43,EulerE,Lahian,1009,1041,rnbqk2r/pp3pp1/2p1p2p/8/1bBP4/2n2N2/PP1B1PPP/R2QK2R w KQkq - 0 10,e4c3
43,EulerE,Lahian,1009,1041,rnbqk2r/pp3pp1/2p1p2p/8/1bBP4/2B2N2/PP3PPP/R2QK2R b KQkq - 0 10,d2c3
43,EulerE,Lahian,1009,1041,rnbqk2r/pp3pp1/2p1p2p/8/2BP4/2b2N2/PP3PPP/R2QK2R w KQkq - 0 11,b4c3
43,EulerE,Lahian,1009,1041,rnbqk2r/pp3pp1/2p1p2p/8/2BP4/2P2N2/P4PPP/R2QK2R b KQkq - 0 11,b2c3
43,EulerE,Lahian,1009,1041,rnbq1rk1/pp3pp1/2p1p2p/8/2BP4/2P2N2/P4PPP/R2QK2R w KQ - 1 12,e8g8
43,EulerE,Lahian,1009,1041,rnbq1rk1/pp3pp1/2p1p2p/8/2BP4/2P2N2/P4PPP/R2Q1RK1 b - - 2 12,e1g1
43,EulerE,Lahian,1009,1041,r1bq1rk1/pp1n1pp1/2p1p2p/8/2BP4/2P2N2/P4PPP/R2Q1RK1 w - - 3 13,b8d7
43,EulerE,Lahian,1009,1041,r1bq1rk1/pp1n1pp1/2p1p2p/8/2BP4/2P2N2/P4PPP/1R1Q1RK1 b - - 4 13,a1b1
43,EulerE,Lahian,1009,1041,r1bq1rk1/pp3pp1/2p1pn1p/8/2BP4/2P2N2/P4PPP/1R1Q1RK1 w - - 5 14,d7f6
43,EulerE,Lahian,1009,1041,r1bq1rk1/pp3pp1/2p1pn1p/8/2BP4/2PQ1N2/P4PPP/1R3RK1 b - - 6 14,d1d3
43,EulerE,Lahian,1009,1041,r1bq1rk1/p4pp1/2p1pn1p/1p6/2BP4/2PQ1N2/P4PPP/1R3RK1 w - - 0 15,b7b5
43,EulerE,Lahian,1009,1041,r1bq1rk1/p4pp1/2p1pn1p/1p6/3P4/1BPQ1N2/P4PPP/1R3RK1 b - - 1 15,c4b3
43,EulerE,Lahian,1009,1041,r2q1rk1/pb3pp1/2p1pn1p/1p6/3P4/1BPQ1N2/P4PPP/1R3RK1 w - - 2 16,c8b7
43,EulerE,Lahian,1009,1041,r2q1rk1/pb3pp1/2p1pn1p/1p6/3P4/2PQ1N2/P1B2PPP/1R3RK1 b - - 3 16,b3c2
43,EulerE,Lahian,1009,1041,r2q1rk1/pb3pp1/4pn1p/1pp5/3P4/2PQ1N2/P1B2PPP/1R3RK1 w - - 0 17,c6c5
43,EulerE,Lahian,1009,1041,r2q1rk1/pb3pp1/4pn1p/1pP5/8/2PQ1N2/P1B2PPP/1R3RK1 b - - 0 17,d4c5
43,EulerE,Lahian,1009,1041,r4rk1/pb3pp1/4pn1p/1pP5/8/2Pq1N2/P1B2PPP/1R3RK1 w - - 0 18,d8d3
43,EulerE,Lahian,1009,1041,r4rk1/pb3pp1/4pn1p/1pP5/8/2PB1N2/P4PPP/1R3RK1 b - - 0 18,c2d3
43,EulerE,Lahian,1009,1041,r4rk1/p4pp1/4pn1p/1pP5/4b3/2PB1N2/P4PPP/1R3RK1 w - - 1 19,b7e4
43,EulerE,Lahian,1009,1041,r4rk1/p4pp1/4pn1p/1pP5/4B3/2P2N2/P4PPP/1R3RK1 b - - 0 19,d3e4
43,EulerE,Lahian,1009,1041,r4rk1/p4pp1/4p2p/1pP5/4n3/2P2N2/P4PPP/1R3RK1 w - - 0 20,f6e4
43,EulerE,Lahian,1009,1041,r4rk1/p4pp1/4p2p/1pP5/4n3/2P2N2/P4PPP/1RR3K1 b - - 1 20,f1c1
43,EulerE,Lahian,1009,1041,r4rk1/p4pp1/4p2p/1pn5/8/2P2N2/P4PPP/1RR3K1 w - - 0 21,e4c5
43,EulerE,Lahian,1009,1041,r4rk1/p4pp1/4p2p/1Rn5/8/2P2N2/P4PPP/2R3K1 b - - 0 21,b1b5
43,EulerE,Lahian,1009,1041,r4rk1/p4pp1/4p2p/1R6/8/2Pn1N2/P4PPP/2R3K1 w - - 1 22,c5d3
43,EulerE,Lahian,1009,1041,r4rk1/p4pp1/4p2p/1R6/8/2Pn1N2/P4PPP/1R4K1 b - - 2 22,c1b1
43,EulerE,Lahian,1009,1041,r2r2k1/p4pp1/4p2p/1R6/8/2Pn1N2/P4PPP/1R4K1 w - - 3 23,f8d8
43,EulerE,Lahian,1009,1041,r2r2k1/p4pp1/4p2p/1R2N3/8/2Pn4/P4PPP/1R4K1 b - - 4 23,f3e5
43,EulerE,Lahian,1009,1041,r2r2k1/p4pp1/4p2p/1R2n3/8/2P5/P4PPP/1R4K1 w - - 0 24,d3e5
43,EulerE,Lahian,1009,1041,r2r2k1/p4pp1/4p2p/4R3/8/2P5/P4PPP/1R4K1 b - - 0 24,b5e5
43,EulerE,Lahian,1009,1041,1r1r2k1/p4pp1/4p2p/4R3/8/2P5/P4PPP/1R4K1 w - - 1 25,a8b8
43,EulerE,Lahian,1009,1041,1R1r2k1/p4pp1/4p2p/4R3/8/2P5/P4PPP/6K1 b - - 0 25,b1b8
43,EulerE,Lahian,1009,1041,1r4k1/p4pp1/4p2p/4R3/8/2P5/P4PPP/6K1 w - - 0 26,d8b8
43,EulerE,Lahian,1009,1041,1r4k1/p4pp1/4p2p/4R3/8/2P2P2/P5PP/6K1 b - - 0 26,f2f3
43,EulerE,Lahian,1009,1041,6k1/p4pp1/4p2p/4R3/8/2P2P2/Pr4PP/6K1 w - - 1 27,b8b2
43,EulerE,Lahian,1009,1041,6k1/p4pp1/4p2p/R7/8/2P2P2/Pr4PP/6K1 b - - 2 27,e5a5
43,EulerE,Lahian,1009,1041,6k1/p4pp1/4p2p/R7/8/2P2P2/P1r3PP/6K1 w - - 3 28,b2c2
43,EulerE,Lahian,1009,1041,6k1/p4pp1/4p2p/8/8/R1P2P2/P1r3PP/6K1 b - - 4 28,a5a3
43,EulerE,Lahian,1009,1041,6k1/5pp1/p3p2p/8/8/R1P2P2/P1r3PP/6K1 w - - 0 29,a7a6
43,EulerE,Lahian,1009,1041,6k1/5pp1/R3p2p/8/8/2P2P2/P1r3PP/6K1 b - - 0 29,a3a6
43,EulerE,Lahian,1009,1041,6k1/5pp1/R3p2p/8/8/2r2P2/P5PP/6K1 w - - 0 30,c2c3
43,EulerE,Lahian,1009,1041,R5k1/5pp1/4p2p/8/8/2r2P2/P5PP/6K1 b - - 1 30,a6a8
43,EulerE,Lahian,1009,1041,R7/5ppk/4p2p/8/8/2r2P2/P5PP/6K1 w - - 2 31,g8h7
43,EulerE,Lahian,1009,1041,R7/5ppk/4p2p/8/8/P1r2P2/6PP/6K1 b - - 0 31,a2a3
43,EulerE,Lahian,1009,1041,R7/5ppk/4p2p/8/8/P4P2/6PP/2r3K1 w - - 1 32,c3c1
43,EulerE,Lahian,1009,1041,R7/5ppk/4p2p/8/8/P4P2/5KPP/2r5 b - - 2 32,g1f2
43,EulerE,Lahian,1009,1041,R7/5ppk/4p2p/8/8/P4P2/2r2KPP/8 w - - 3 33,c1c2
43,EulerE,Lahian,1009,1041,R7/5ppk/4p2p/8/8/P4PK1/2r3PP/8 b - - 4 33,f2g3
43,EulerE,Lahian,1009,1041,R7/5ppk/4p2p/2r5/8/P4PK1/6PP/8 w - - 5 34,c2c5
43,EulerE,Lahian,1009,1041,R7/5ppk/4p2p/2r5/7P/P4PK1/6P1/8 b - - 0 34,h2h4
43,EulerE,Lahian,1009,1041,R7/5p1k/4p2p/2r3p1/7P/P4PK1/6P1/8 w - - 0 35,g7g5
43,EulerE,Lahian,1009,1041,R7/5p1k/4p2p/2r3p1/P6P/5PK1/6P1/8 b - - 0 35,a3a4
43,EulerE,Lahian,1009,1041,R7/5p1k/4p2p/2r5/P6p/5PK1/6P1/8 w - - 0 36,g5h4
43,EulerE,Lahian,1009,1041,R7/5p1k/4p2p/2r5/P6K/5P2/6P1/8 b - - 0 36,g3h4
43,EulerE,Lahian,1009,1041,R7/5p1k/4p2p/6r1/P6K/5P2/6P1/8 w - - 1 37,c5g5
43,EulerE,Lahian,1009,1041,R7/5p1k/4p2p/6r1/P5PK/5P2/8/8 b - - 0 37,g2g4
43,EulerE,Lahian,1009,1041,R7/7k/4p2p/5pr1/P5PK/5P2/8/8 w - - 0 38,f7f5
43,EulerE,Lahian,1009,1041,R7/7k/4p2p/5Pr1/P6K/5P2/8/8 b - - 0 38,g4f5
43,EulerE,Lahian,1009,1041,R7/7k/7p/5pr1/P6K/5P2/8/8 w - - 0 39,e6f5
43,EulerE,Lahian,1009,1041,R7/7k/7p/P4pr1/7K/5P2/8/8 b - - 0 39,a4a5
43,EulerE,Lahian,1009,1041,R7/7k/7p/P5r1/5p1K/5P2/8/8 w - - 0 40,f5f4
43,EulerE,Lahian,1009,1041,R7/7k/P6p/6r1/5p1K/5P2/8/8 b - - 0 40,a5a6
43,EulerE,Lahian,1009,1041,R7/7k/P6p/r7/5p1K/5P2/8/8 w - - 1 41,g5a5
43,EulerE,Lahian,1009,1041,R7/7k/P6p/r7/5pK1/5P2/8/8 b - - 2 41,h4g4
43,EulerE,Lahian,1009,1041,R7/7k/P6p/8/r4pK1/5P2/8/8 w - - 3 42,a5a4
43,EulerE,Lahian,1009,1041,R7/P6k/7p/8/r4pK1/5P2/8/8 b - - 0 42,a6a7
43,EulerE,Lahian,1009,1041,R7/P7/6kp/8/r4pK1/5P2/8/8 w - - 1 43,h7g6
43,EulerE,Lahian,1009,1041,6R1/P7/6kp/8/r4pK1/5P2/8/8 b - - 2 43,a8g8
43,EulerE,Lahian,1009,1041,6R1/P6k/7p/8/r4pK1/5P2/8/8 w - - 3 44,g6h7
43,EulerE,Lahian,1009,1041,Q5R1/7k/7p/8/r4pK1/5P2/8/8 b - - 0 44,a7a8q
43,EulerE,Lahian,1009,1041,r5R1/7k/7p/8/5pK1/5P2/8/8 w - - 0 45,a4a8
43,EulerE,Lahian,1009,1041,R7/7k/7p/8/5pK1/5P2/8/8 b - - 0 45,g8a8
43,EulerE,Lahian,1009,1041,R7/8/6kp/8/5pK1/5P2/8/8 w - - 1 46,h7g6
43,EulerE,Lahian,1009,1041,8/8/6kp/R7/5pK1/5P2/8/8 b - - 2 46,a8a5
43,EulerE,Lahian,1009,1041,8/7k/7p/R7/5pK1/5P2/8/8 w - - 3 47,g6h7
43,EulerE,Lahian,1009,1041,8/7k/7p/R4K2/5p2/5P2/8/8 b - - 4 47,g4f5
43,EulerE,Lahian,1009,1041,8/7k/8/R4K1p/5p2/5P2/8/8 w - - 0 48,h6h5
43,EulerE,Lahian,1009,1041,8/7k/8/R5Kp/5p2/5P2/8/8 b - - 1 48,f5g5
43,EulerE,Lahian,1009,1041,8/7k/8/R5K1/5p1p/5P2/8/8 w - - 0 49,h5h4
43,EulerE,Lahian,1009,1041,8/R6k/8/6K1/5p1p/5P2/8/8 b - - 1 49,a5a7
43,EulerE,Lahian,1009,1041,6k1/R7/8/6K1/5p1p/5P2/8/8 w - - 2 50,h7g8
43,EulerE,Lahian,1009,1041,6k1/R7/5K2/8/5p1p/5P2/8/8 b - - 3 50,g5f6
43,EulerE,Lahian,1009,1041,7k/R7/5K2/8/5p1p/5P2/8/8 w - - 4 51,g8h8
43,EulerE,Lahian,1009,1041,7k/R7/6K1/8/5p1p/5P2/8/8 b - - 5 51,f6g6
43,EulerE,Lahian,1009,1041,6k1/R7/6K1/8/5p1p/5P2/8/8 w - - 6 52,h8g8
43,EulerE,Lahian,1009,1041,R5k1/8/6K1/8/5p1p/5P2/8/8 b - - 7 52,a7a8
44,jimmy413,EulerE,1023,1001,rnbqkbnr/pppppppp/8/8/4P3/8/PPPP1PPP/RNBQKBNR b KQkq - 0 1,e2e4
44,jimmy413,EulerE,1023,1001,rnbqkbnr/pppp1ppp/8/4p3/4P3/8/PPPP1PPP/RNBQKBNR w KQkq - 0 2,e7e5
44,jimmy413,EulerE,1023,1001,rnbqkbnr/pppp1ppp/8/4p3/3PP3/8/PPP2PPP/RNBQKBNR b KQkq - 0 2,d2d4
44,jimmy413,EulerE,1023,1001,rnbqkbnr/ppp2ppp/3p4/4p3/3PP3/8/PPP2PPP/RNBQKBNR w KQkq - 0 3,d7d6
44,jimmy413,EulerE,1023,1001,rnbqkbnr/ppp2ppp/3p4/4P3/4P3/8/PPP2PPP/RNBQKBNR b KQkq - 0 3,d4e5
44,jimmy413,EulerE,1023,1001,rnbqkbnr/ppp2ppp/8/4p3/4P3/8/PPP2PPP/RNBQKBNR w KQkq - 0 4,d6e5
44,jimmy413,EulerE,1023,1001,rnbQkbnr/ppp2ppp/8/4p3/4P3/8/PPP2PPP/RNB1KBNR b KQkq - 0 4,d1d8
44,jimmy413,EulerE,1023,1001,rnbk1bnr/ppp2ppp/8/4p3/4P3/8/PPP2PPP/RNB1KBNR w KQ - 0 5,e8d8
44,jimmy413,EulerE,1023,1001,rnbk1bnr/ppp2ppp/8/4p3/4P3/5N2/PPP2PPP/RNB1KB1R b KQ - 1 5,g1f3
44,jimmy413,EulerE,1023,1001,r1bk1bnr/ppp2ppp/2n5/4p3/4P3/5N2/PPP2PPP/RNB1KB1R w KQ - 2 6,b8c6
44,jimmy413,EulerE,1023,1001,r1bk1bnr/ppp2ppp/2n5/1B2p3/4P3/5N2/PPP2PPP/RNB1K2R b KQ - 3 6,f1b5
44,jimmy413,EulerE,1023,1001,r2k1bnr/ppp2ppp/2n5/1B2p3/4P1b1/5N2/PPP2PPP/RNB1K2R w KQ - 4 7,c8g4
44,jimmy413,EulerE,1023,1001,r2k1bnr/ppp2ppp/2B5/4p3/4P1b1/5N2/PPP2PPP/RNB1K2R b KQ - 0 7,b5c6
44,jimmy413,EulerE,1023,1001,r2k1bnr/ppp2ppp/2B5/4p3/4P3/5b2/PPP2PPP/RNB1K2R w KQ - 0 8,g4f3
44,jimmy413,EulerE,1023,1001,r2k1bnr/pBp2ppp/8/4p3/4P3/5b2/PPP2PPP/RNB1K2R b KQ - 0 8,c6b7
44,jimmy413,EulerE,1023,1001,1r1k1bnr/pBp2ppp/8/4p3/4P3/5b2/PPP2PPP/RNB1K2R w KQ - 1 9,a8b8
44,jimmy413,EulerE,1023,1001,1r1k1bnr/pBp2ppp/8/4p3/4P3/5b2/PPP2PPP/RNB2RK1 b - - 2 9,e1g1
44,jimmy413,EulerE,1023,1001,3k1bnr/prp2ppp/8/4p3/4P3/5b2/PPP2PPP/RNB2RK1 w - - 0 10,b8b7
44,jimmy413,EulerE,1023,1001,3k1bnr/prp2ppp/8/4p3/4P3/5P2/PPP2P1P/RNB2RK1 b - - 0 10,g2f3
44,jimmy413,EulerE,1023,1001,3k1b1r/prp1nppp/8/4p3/4P3/5P2/PPP2P1P/RNB2RK1 w - - 1 11,g8e7
44,jimmy413,EulerE,1023,1001,3k1b1r/prp1nppp/8/4p1B1/4P3/5P2/PPP2P1P/RN3RK1 b - - 2 11,c1g5
44,jimmy413,EulerE,1023,1001,3k1b1r/prp1n1pp/5p2/4p1B1/4P3/5P2/PPP2P1P/RN3RK1 w - - 0 12,f7f6
44,jimmy413,EulerE,1023,1001,3k1b1r/prp1n1pp/5p2/4p3/4P3/4BP2/PPP2P1P/RN3RK1 b - - 1 12,g5e3
44,jimmy413,EulerE,1023,1001,3k1b1r/prp3pp/2n2p2/4p3/4P3/4BP2/PPP2P1P/RN3RK1 w - - 2 13,e7c6
44,jimmy413,EulerE,1023,1001,3k1b1r/prp3pp/2n2p2/4p3/4P3/2N1BP2/PPP2P1P/R4RK1 b - - 3 13,b1c3
44,jimmy413,EulerE,1023,1001,3k1b1r/prp3pp/5p2/4p3/3nP3/2N1BP2/PPP2P1P/R4RK1 w - - 4 14,c6d4
44,jimmy413,EulerE,1023,1001,3k1b1r/prp3pp/5p2/4p3/3nP3/2N1BP2/PPP2P1P/3R1RK1 b - - 5 14,a1d1
44,jimmy413,EulerE,1023,1001,3k1b1r/p1p3pp/5p2/4p3/3nP3/2N1BP2/PrP2P1P/3R1RK1 w - - 0 15,b7b2
44,jimmy413,EulerE,1023,1001,3k1b1r/p1p3pp/5p2/4p3/N2nP3/4BP2/PrP2P1P/3R1RK1 b - - 1 15,c3a4
44,jimmy413,EulerE,1023,1001,3k1b1r/p1p3pp/5p2/4p3/N2nP3/4BP2/P1r2P1P/3R1RK1 w - - 0 16,b2c2
44,jimmy413,EulerE,1023,1001,3k1b1r/p1p3pp/5p2/4p3/N2BP3/5P2/P1r2P1P/3R1RK1 b - - 0 16,e3d4
44,jimmy413,EulerE,1023,1001,3k1b1r/p1p3pp/5p2/8/N2pP3/5P2/P1r2P1P/3R1RK1 w - - 0 17,e5d4
44,jimmy413,EulerE,1023,1001,3k1b1r/p1p3pp/5p2/8/N2RP3/5P2/P1r2P1P/5RK1 b - - 0 17,d1d4
44,jimmy413,EulerE,1023,1001,3k3r/p1p3pp/3b1p2/8/N2RP3/5P2/P1r2P1P/5RK1 w - - 1 18,f8d6
44,jimmy413,EulerE,1023,1001,3k3r/p1p3pp/3b1p2/8/N2RP3/5P2/P1r2P1P/1R4K1 b - - 2 18,f1b1
44,jimmy413,EulerE,1023,1001,3k3r/p1p3pp/3b1p2/8/N2RP3/5P2/r4P1P/1R4K1 w - - 0 19,c2a2
44,jimmy413,EulerE,1023,1001,3k3r/p1p3pp/3b1p2/2N5/3RP3/5P2/r4P1P/1R4K1 b - - 1 19,a4c5
44,jimmy413,EulerE,1023,1001,2k4r/p1p3pp/3b1p2/2N5/3RP3/5P2/r4P1P/1R4K1 w - - 2 20,d8c8
44,jimmy413,EulerE,1023,1001,2k4r/p1p3pp/3bNp2/8/3RP3/5P2/r4P1P/1R4K1 b - - 3 20,c5e6
44,jimmy413,EulerE,1023,1001,2k4r/p1p3pp/4Np2/2b5/3RP3/5P2/r4P1P/1R4K1 w - - 4 21,d6c5
45,EulerE,DesolateEden,993,1015,rnbqkbnr/pppppppp/8/8/3P4/8/PPP1PPPP/RNBQKBNR b KQkq - 0 1,d2d4
45,EulerE,DesolateEden,993,1015,rnbqkbnr/pppppp1p/6p1/8/3P4/8/PPP1PPPP/RNBQKBNR w KQkq - 0 2,g7g6
45,EulerE,DesolateEden,993,1015,rnbqkbnr/pppppp1p/6p1/8/3PP3/8/PPP2PPP/RNBQKBNR b KQkq - 0 2,e2e4
45,EulerE,DesolateEden,993,1015,rnbqk1nr/ppppppbp/6p1/8/3PP3/8/PPP2PPP/RNBQKBNR w KQkq - 1 3,f8g7
45,EulerE,DesolateEden,993,1015,rnbqk1nr/ppppppbp/6p1/8/3PP3/5N2/PPP2PPP/RNBQKB1R b KQkq - 2 3,g1f3
45,EulerE,DesolateEden,993,1015,rnbqk1nr/pppp1pbp/4p1p1/8/3PP3/5N2/PPP2PPP/RNBQKB1R w KQkq - 0 4,e7e6
45,EulerE,DesolateEden,993,1015,rnbqk1nr/pppp1pbp/4p1p1/6B1/3PP3/5N2/PPP2PPP/RN1QKB1R b KQkq - 1 4,c1g5
45,EulerE,DesolateEden,993,1015,rnbqk2r/ppppnpbp/4p1p1/6B1/3PP3/5N2/PPP2PPP/RN1QKB1R w KQkq - 2 5,g8e7
45,EulerE,DesolateEden,993,1015,rnbqk2r/ppppnpbp/4p1p1/6B1/3PP3/2N2N2/PPP2PPP/R2QKB1R b KQkq - 3 5,b1c3
45,EulerE,DesolateEden,993,1015,rnbqk2r/ppp1npbp/3pp1p1/6B1/3PP3/2N2N2/PPP2PPP/R2QKB1R w KQkq - 0 6,d7d6
45,EulerE,DesolateEden,993,1015,rnbqk2r/ppp1npbp/3pp1p1/4P1B1/3P4/2N2N2/PPP2PPP/R2QKB1R b KQkq - 0 6,e4e5
45,EulerE,DesolateEden,993,1015,rnbqk2r/ppp1npbp/4p1p1/4p1B1/3P4/2N2N2/PPP2PPP/R2QKB1R w KQkq - 0 7,d6e5
45,EulerE,DesolateEden,993,1015,rnbqk2r/ppp1npbp/4p1p1/4P1B1/8/2N2N2/PPP2PPP/R2QKB1R b KQkq - 0 7,d4e5
45,EulerE,DesolateEden,993,1015,rnb1k2r/ppp1npbp/4p1p1/4P1B1/8/2N2N2/PPP2PPP/R2qKB1R w KQkq - 0 8,d8d1
45,EulerE,DesolateEden,993,1015,rnb1k2r/ppp1npbp/4p1p1/4P1B1/8/2N2N2/PPP2PPP/3RKB1R b Kkq - 0 8,a1d1
45,EulerE,DesolateEden,993,1015,rnb2rk1/ppp1npbp/4p1p1/4P1B1/8/2N2N2/PPP2PPP/3RKB1R w K - 1 9,e8g8
45,EulerE,DesolateEden,993,1015,rnb2rk1/ppp1Bpbp/4p1p1/4P3/8/2N2N2/PPP2PPP/3RKB1R b K - 0 9,g5e7
45,EulerE,DesolateEden,993,1015,r1b2rk1/ppp1Bpbp/2n1p1p1/4P3/8/2N2N2/PPP2PPP/3RKB1R w K - 1 10,b8c6
45,EulerE,DesolateEden,993,1015,r1b2rk1/ppp2pbp/2n1pBp1/4P3/8/2N2N2/PPP2PPP/3RKB1R b K - 2 10,e7f6
45,EulerE,DesolateEden,993,1015,r1b2rk1/ppp2p1p/2n1pBpb/4P3/8/2N2N2/PPP2PPP/3RKB1R w K - 3 11,g7h6
45,EulerE,DesolateEden,993,1015,r1b2rk1/ppp2p1p/2n1pBpb/4P3/8/P1N2N2/1PP2PPP/3RKB1R b K - 0 11,a2a3
45,EulerE,DesolateEden,993,1015,r1b2rk1/p1p2p1p/1pn1pBpb/4P3/8/P1N2N2/1PP2PPP/3RKB1R w K - 0 12,b7b6
45,EulerE,DesolateEden,993,1015,r1b2rk1/p1p2p1p/1pn1pBpb/1B2P3/8/P1N2N2/1PP2PPP/3RK2R b K - 1 12,f1b5
45,EulerE,DesolateEden,993,1015,r1b2rk1/p1p2p1p/1p2pBpb/nB2P3/8/P1N2N2/1PP2PPP/3RK2R w K - 2 13,c6a5
45,EulerE,DesolateEden,993,1015,r1b2rk1/p1p2p1p/1p2pBpb/nB2P3/1P6/P1N2N2/2P2PPP/3RK2R b K - 0 13,b2b4
45,EulerE,DesolateEden,993,1015,r1b2rk1/2p2p1p/pp2pBpb/nB2P3/1P6/P1N2N2/2P2PPP/3RK2R w K - 0 14,a7a6
45,EulerE,DesolateEden,993,1015,r1b2rk1/2p2p1p/pp2pBpb/n3P3/1P6/P1NB1N2/2P2PPP/3RK2R b K - 1 14,b5d3
45,EulerE,DesolateEden,993,1015,r1b2rk1/2p2p1p/ppn1pBpb/4P3/1P6/P1NB1N2/2P2PPP/3RK2R w K - 2 15,a5c6
45,EulerE,DesolateEden,993,1015,r1b2rk1/2p2p1p/ppn1pBpb/4P3/1P2B3/P1N2N2/2P2PPP/3RK2R b K - 3 15,d3e4
45,EulerE,DesolateEden,993,1015,r4rk1/1bp2p1p/ppn1pBpb/4P3/1P2B3/P1N2N2/2P2PPP/3RK2R w K - 4 16,c8b7
45,EulerE,DesolateEden,993,1015,r4rk1/1bpR1p1p/ppn1pBpb/4P3/1P2B3/P1N2N2/2P2PPP/4K2R b K - 5 16,d1d7
45,EulerE,DesolateEden,993,1015,2r2rk1/1bpR1p1p/ppn1pBpb/4P3/1P2B3/P1N2N2/2P2PPP/4K2R w K - 6 17,a8c8
45,EulerE,DesolateEden,993,1015,2r2rk1/1bpR1p1p/ppB1pBpb/4P3/1P6/P1N2N2/2P2PPP/4K2R b K - 0 17,e4c6
45,EulerE,DesolateEden,993,1015,2r2rk1/2pR1p1p/ppb1pBpb/4P3/1P6/P1N2N2/2P2PPP/4K2R w K - 0 18,b7c6
45,EulerE,DesolateEden,993,1015,2r2rk1/2p2p1p/ppb1pBpb/4P3/1P6/P1N2N2/2PR1PPP/4K2R b K - 1 18,d7d2
45,EulerE,DesolateEden,993,1015,2r2rk1/2p2p1p/1pb1pBpb/p3P3/1P6/P1N2N2/2PR1PPP/4K2R w K - 0 19,a6a5
45,EulerE,DesolateEden,993,1015,2r2rk1/2p2p1p/1pb1pBpb/p3P1N1/1P6/P1N5/2PR1PPP/4K2R b K - 1 19,f3g5
45,EulerE,DesolateEden,993,1015,2r2rk1/2p2p1p/1p2pBpb/p3P1N1/1P6/P1N5/2PR1PbP/4K2R w K - 0 20,c6g2
45,EulerE,DesolateEden,993,1015,2r2rk1/2p2p1p/1p2pBpb/p3P1N1/1P6/P1N5/2PR1PbP/4K1R1 b - - 1 20,h1g1
45,EulerE,DesolateEden,993,1015,2r2rk1/2p2p1p/1pb1pBpb/p3P1N1/1P6/P1N5/2PR1P1P/4K1R1 w - - 2 21,g2c6
45,EulerE,DesolateEden,993,1015,2r2rk1/2p1Bp1p/1pb1p1pb/p3P1N1/1P6/P1N5/2PR1P1P/4K1R1 b - - 3 21,f6e7
45,EulerE,DesolateEden,993,1015,2r1r1k1/2p1Bp1p/1pb1p1pb/p3P1N1/1P6/P1N5/2PR1P1P/4K1R1 w - - 4 22,f8e8
45,EulerE,DesolateEden,993,1015,2r1r1k1/2p2p1p/1pb1pBpb/p3P1N1/1P6/P1N5/2PR1P1P/4K1R1 b - - 5 22,e7f6
45,EulerE,DesolateEden,993,1015,2r1r1k1/2p2p1p/1pb1pBpb/4P1N1/1p6/P1N5/2PR1P1P/4K1R1 w - - 0 23,a5b4
45,EulerE,DesolateEden,993,1015,2r1r1k1/2p2p1p/1pb1pBpb/4P1N1/1P6/2N5/2PR1P1P/4K1R1 b - - 0 23,a3b4
45,EulerE,DesolateEden,993,1015,r3r1k1/2p2p1p/1pb1pBpb/4P1N1/1P6/2N5/2PR1P1P/4K1R1 w - - 1 24,c8a8
45,EulerE,DesolateEden,993,1015,r3r1k1/2p2p1p/1pb1pBpb/4P1N1/1P6/2N5/2P1RP1P/4K1R1 b - - 2 24,d2e2
45,EulerE,DesolateEden,993,1015,4r1k1/2p2p1p/1pb1pBpb/4P1N1/1P6/2N5/2P1RP1P/r3K1R1 w - - 3 25,a8a1
45,EulerE,DesolateEden,993,1015,4r1k1/2p2p1p/1pb1pBpb/4P1N1/1P6/8/2P1RP1P/r2NK1R1 b - - 4 25,c3d1
45,EulerE,DesolateEden,993,1015,4r1k1/2p2p1p/1p2pBpb/4P1N1/bP6/8/2P1RP1P/r2NK1R1 w - - 5 26,c6a4
45,EulerE,DesolateEden,993,1015,4r1k1/2p2p1p/1p2pBpb/4P3/bP6/7N/2P1RP1P/r2NK1R1 b - - 6 26,g5h3
45,EulerE,DesolateEden,993,1015,3r2k1/2p2p1p/1p2pBpb/4P3/bP6/7N/2P1RP1P/r2NK1R1 w - - 7 27,e8d8
45,EulerE,DesolateEden,993,1015,3r2k1/2p2p1p/1p2pBpb/4P3/bP6/7N/2PR1P1P/r2NK1R1 b - - 8 27,e2d2
45,EulerE,DesolateEden,993,1015,6k1/2p2p1p/1p2pBpb/4P3/bP6/7N/2Pr1P1P/r2NK1R1 w - - 0 28,d8d2
45,EulerE,DesolateEden,993,1015,6k1/2p2p1p/1p2p1pb/4P1B1/bP6/7N/2Pr1P1P/r2NK1R1 b - - 1 28,f6g5
45,EulerE,DesolateEden,993,1015,6k1/2p2p1p/1p2p1pb/4P1B1/bP6/7N/2Pr1P1P/3rK1R1 w - - 0 29,a1d1
46,RealLonelyOtaku,EulerE,1032,994,rnbqkbnr/pppppppp/8/8/4P3/8/PPPP1PPP/RNBQKBNR b KQkq - 0 1,e2e4
46,RealLonelyOtaku,EulerE,1032,994,rnbqkbnr/pppp1ppp/8/4p3/4P3/8/PPPP1PPP/RNBQKBNR w KQkq - 0 2,e7e5
46,RealLonelyOtaku,EulerE,1032,994,rnbqkbnr/pppp1ppp/8/4p3/4P3/2N5/PPPP1PPP/R1BQKBNR b KQkq - 1 2,b1c3
46,RealLonelyOtaku,EulerE,1032,994,rnbqkbnr/pppp1p1p/6p1/4p3/4P3/2N5/PPPP1PPP/R1BQKBNR w KQkq - 0 3,g7g6
46,RealLonelyOtaku,EulerE,1032,994,rnbqkbnr/pppp1p1p/6p1/4p3/4P3/2N2N2/PPPP1PPP/R1BQKB1R b KQkq - 1 3,g1f3
46,RealLonelyOtaku,EulerE,1032,994,rnbqk1nr/pppp1pbp/6p1/4p3/4P3/2N2N2/PPPP1PPP/R1BQKB1R w KQkq - 2 4,f8g7
46,RealLonelyOtaku,EulerE,1032,994,rnbqk1nr/pppp1pbp/6p1/4p3/2B1P3/2N2N2/PPPP1PPP/R1BQK2R b KQkq - 3 4,f1c4
46,RealLonelyOtaku,EulerE,1032,994,rnbqk2r/ppppnpbp/6p1/4p3/2B1P3/2N2N2/PPPP1PPP/R1BQK2R w KQkq - 4 5,g8e7
46,RealLonelyOtaku,EulerE,1032,994,rnbqk2r/ppppnpbp/6p1/4p3/2B1P3/2NP1N2/PPP2PPP/R1BQK2R b KQkq - 0 5,d2d3
46,RealLonelyOtaku,EulerE,1032,994,rnbqk2r/pp1pnpbp/2p3p1/4p3/2B1P3/2NP1N2/PPP2PPP/R1BQK2R w KQkq - 0 6,c7c6
46,RealLonelyOtaku,EulerE,1032,994,rnbqk2r/pp1pnpbp/2p3p1/4p3/2B1P3/2NP1N2/PPP2PPP/R1BQ1RK1 b kq - 1 6,e1g1
46,RealLonelyOtaku,EulerE,1032,994,rnbqk2r/pp2npbp/2p3p1/3pp3/2B1P3/2NP1N2/PPP2PPP/R1BQ1RK1 w kq - 0 7,d7d5
46,RealLonelyOtaku,EulerE,1032,994,rnbqk2r/pp2npbp/2p3p1/3Pp3/2B5/2NP1N2/PPP2PPP/R1BQ1RK1 b kq - 0 7,e4d5
46,RealLonelyOtaku,EulerE,1032,994,rnbqk2r/pp2npbp/6p1/3pp3/2B5/2NP1N2/PPP2PPP/R1BQ1RK1 w kq - 0 8,c6d5
46,RealLonelyOtaku,EulerE,1032,994,rnbqk2r/pp2npbp/6p1/3Np3/2B5/3P1N2/PPP2PPP/R1BQ1RK1 b kq - 0 8,c3d5
46,RealLonelyOtaku,EulerE,1032,994,rnbqk2r/pp3pbp/6p1/3np3/2B5/3P1N2/PPP2PPP/R1BQ1RK1 w kq - 0 9,e7d5
46,RealLonelyOtaku,EulerE,1032,994,rnbqk2r/pp3pbp/6p1/3Bp3/8/3P1N2/PPP2PPP/R1BQ1RK1 b kq - 0 9,c4d5
46,RealLonelyOtaku,EulerE,1032,994,rnb1k2r/pp3pbp/6p1/3qp3/8/3P1N2/PPP2PPP/R1BQ1RK1 w kq - 0 10,d8d5
46,RealLonelyOtaku,EulerE,1032,994,rnb1k2r/pp3pbp/6p1/3qp3/2P5/3P1N2/PP3PPP/R1BQ1RK1 b kq - 0 10,c2c4
46,RealLonelyOtaku,EulerE,1032,994,rnbqk2r/pp3pbp/6p1/4p3/2P5/3P1N2/PP3PPP/R1BQ1RK1 w kq - 1 11,d5d8
46,RealLonelyOtaku,EulerE,1032,994,rnbqk2r/pp3pbp/6p1/4p3/2P5/3P1N2/PP3PPP/R1BQR1K1 b kq - 2 11,f1e1
46,RealLonelyOtaku,EulerE,1032,994,rn1qk2r/pp3pbp/6p1/4p3/2P3b1/3P1N2/PP3PPP/R1BQR1K1 w kq - 3 12,c8g4
46,RealLonelyOtaku,EulerE,1032,994,rn1qk2r/pp3pbp/6p1/4p3/2P3b1/3P1N1P/PP3PP1/R1BQR1K1 b kq - 0 12,h2h3
46,RealLonelyOtaku,EulerE,1032,994,rn1qk2r/pp3pbp/6p1/4p3/2P5/3P1b1P/PP3PP1/R1BQR1K1 w kq - 0 13,g4f3
46,RealLonelyOtaku,EulerE,1032,994,rn1qk2r/pp3pbp/6p1/4p3/2P5/3P1Q1P/PP3PP1/R1B1R1K1 b kq - 0 13,d1f3
46,RealLonelyOtaku,EulerE,1032,994,rn1q1rk1/pp3pbp/6p1/4p3/2P5/3P1Q1P/PP3PP1/R1B1R1K1 w - - 1 14,e8g8
46,RealLonelyOtaku,EulerE,1032,994,rn1q1rk1/pQ3pbp/6p1/4p3/2P5/3P3P/PP3PP1/R1B1R1K1 b - - 0 14,f3b7
46,RealLonelyOtaku,EulerE,1032,994,r2q1rk1/pQ1n1pbp/6p1/4p3/2P5/3P3P/PP3PP1/R1B1R1K1 w - - 1 15,b8d7
46,RealLonelyOtaku,EulerE,1032,994,r2q1rk1/pQ1n1pbp/6p1/4p3/2P5/3P3P/PP3PP1/R1BR2K1 b - - 2 15,e1d1
46,RealLonelyOtaku,EulerE,1032,994,r2q1rk1/pQ3pbp/6p1/2n1p3/2P5/3P3P/PP3PP1/R1BR2K1 w - - 3 16,d7c5
46,RealLonelyOtaku,EulerE,1032,994,r2q1rk1/p4pbp/2Q3p1/2n1p3/2P5/3P3P/PP3PP1/R1BR2K1 b - - 4 16,b7c6
46,RealLonelyOtaku,EulerE,1032,994,r2q1rk1/p4pbp/2Q3p1/4p3/2P5/3n3P/PP3PP1/R1BR2K1 w - - 0 17,c5d3
46,RealLonelyOtaku,EulerE,1032,994,r2q1rk1/p4pbp/6p1/4p3/2P1Q3/3n3P/PP3PP1/R1BR2K1 b - - 1 17,c6e4
46,RealLonelyOtaku,EulerE,1032,994,r2q1rk1/p4pbp/6p1/2n1p3/2P1Q3/7P/PP3PP1/R1BR2K1 w - - 2 18,d3c5
46,RealLonelyOtaku,EulerE,1032,994,r2R1rk1/p4pbp/6p1/2n1p3/2P1Q3/7P/PP3PP1/R1B3K1 b - - 0 18,d1d8
46,RealLonelyOtaku,EulerE,1032,994,r2R1rk1/p4pbp/6p1/4p3/2P1n3/7P/PP3PP1/R1B3K1 w - - 0 19,c5e4
46,RealLonelyOtaku,EulerE,1032,994,r4Rk1/p4pbp/6p1/4p3/2P1n3/7P/PP3PP1/R1B3K1 b - - 0 19,d8f8
46,RealLonelyOtaku,EulerE,1032,994,5rk1/p4pbp/6p1/4p3/2P1n3/7P/PP3PP1/R1B3K1 w - - 0 20,a8f8
46,RealLonelyOtaku,EulerE,1032,994,5rk1/p4pbp/6p1/4p3/2P1n3/5P1P/PP4P1/R1B3K1 b - - 0 20,f2f3
46,RealLonelyOtaku,EulerE,1032,994,5rk1/p4pbp/6p1/2n1p3/2P5/5P1P/PP4P1/R1B3K1 w - - 1 21,e4c5
46,RealLonelyOtaku,EulerE,1032,994,5rk1/p4pbp/6p1/2n1p3/2P5/4BP1P/PP4P1/R5K1 b - - 2 21,c1e3
46,RealLonelyOtaku,EulerE,1032,994,2r3k1/p4pbp/6p1/2n1p3/2P5/4BP1P/PP4P1/R5K1 w - - 3 22,f8c8
46,RealLonelyOtaku,EulerE,1032,994,2r3k1/p4pbp/6p1/2n1p3/1PP5/4BP1P/P5P1/R5K1 b - - 0 22,b2b4
46,RealLonelyOtaku,EulerE,1032,994,2r3k1/p4pbp/6p1/4p3/1PP5/3nBP1P/P5P1/R5K1 w - - 1 23,c5d3
46,RealLonelyOtaku,EulerE,1032,994,2r3k1/p4pbp/6p1/2P1p3/1P6/3nBP1P/P5P1/R5K1 b - - 0 23,c4c5
46,RealLonelyOtaku,EulerE,1032,994,2r3k1/p4pbp/6p1/2P1p3/1n6/4BP1P/P5P1/R5K1 w - - 0 24,d3b4
46,RealLonelyOtaku,EulerE,1032,994,2r3k1/p4pbp/6p1/2P1p3/1n6/4BP1P/P5P1/1R4K1 b - - 1 24,a1b1
46,RealLonelyOtaku,EulerE,1032,994,2r3k1/p4pbp/6p1/2P1p3/8/3nBP1P/P5P1/1R4K1 w - - 2 25,b4d3
46,RealLonelyOtaku,EulerE,1032,994,2r3k1/pR3pbp/6p1/2P1p3/8/3nBP1P/P5P1/6K1 b - - 3 25,b1b7
46,RealLonelyOtaku,EulerE,1032,994,2r3k1/pR3pbp/6p1/2n1p3/8/4BP1P/P5P1/6K1 w - - 0 26,d3c5
46,RealLonelyOtaku,EulerE,1032,994,2r3k1/pR3pbp/6p1/2B1p3/8/5P1P/P5P1/6K1 b - - 0 26,e3c5
46,RealLonelyOtaku,EulerE,1032,994,6k1/pR3pbp/6p1/2r1p3/8/5P1P/P5P1/6K1 w - - 0 27,c8c5
46,RealLonelyOtaku,EulerE,1032,994,6k1/R4pbp/6p1/2r1p3/8/5P1P/P5P1/6K1 b - - 0 27,b7a7
46,RealLonelyOtaku,EulerE,1032,994,6k1/R4pbp/6p1/4p3/8/5P1P/P5P1/2r3K1 w - - 1 28,c5c1
46,RealLonelyOtaku,EulerE,1032,994,6k1/R4pbp/6p1/4p3/8/5P1P/P4KP1/2r5 b - - 2 28,g1f2
46,RealLonelyOtaku,EulerE,1032,994,6k1/R4pbp/6p1/4p3/8/5P1P/P4KP1/r7 w - - 3 29,c1a1
46,RealLonelyOtaku,EulerE,1032,994,6k1/R4pbp/6p1/4p3/P7/5P1P/5KP1/r7 b - - 0 29,a2a4
46,RealLonelyOtaku,EulerE,1032,994,5bk1/R4p1p/6p1/4p3/P7/5P1P/5KP1/r7 w - - 1 30,g7f8
46,RealLonelyOtaku,EulerE,1032,994,5bk1/R4p1p/6p1/4p3/P7/5P1P/4K1P1/r7 b - - 2 30,f2e2
46,RealLonelyOtaku,EulerE,1032,994,6k1/R4p1p/6p1/2b1p3/P7/5P1P/4K1P1/r7 w - - 3 31,f8c5
46,RealLonelyOtaku,EulerE,1032,994,R5k1/5p1p/6p1/2b1p3/P7/5P1P/4K1P1/r7 b - - 4 31,a7a8
46,RealLonelyOtaku,EulerE,1032,994,R4bk1/5p1p/6p1/4p3/P7/5P1P/4K1P1/r7 w - - 5 32,c5f8
46,RealLonelyOtaku,EulerE,1032,994,R4bk1/5p1p/6p1/P3p3/8/5P1P/4K1P1/r7 b - - 0 32,a4a5
46,RealLonelyOtaku,EulerE,1032,994,R4b2/5pkp/6p1/P3p3/8/5P1P/4K1P1/r7 w - - 1 33,g8g7
46,RealLonelyOtaku,EulerE,1032,994,R4b2/5pkp/P5p1/4p3/8/5P1P/4K1P1/r7 b - - 0 33,a5a6
46,RealLonelyOtaku,EulerE,1032,994,R7/5pkp/P5p1/2b1p3/8/5P1P/4K1P1/r7 w - - 1 34,f8c5
46,RealLonelyOtaku,EulerE,1032,994,R7/5pkp/P5p1/2b1p3/8/3K1P1P/6P1/r7 b - - 2 34,e2d3
46,RealLonelyOtaku,EulerE,1032,994,R7/5p1p/P4kp1/2b1p3/8/3K1P1P/6P1/r7 w - - 3 35,g7f6
46,RealLonelyOtaku,EulerE,1032,994,R7/5p1p/P4kp1/2b1p3/4K3/5P1P/6P1/r7 b - - 4 35,d3e4
46,RealLonelyOtaku,EulerE,1032,994,R7/5p1p/P3k1p1/2b1p3/4K3/5P1P/6P1/r7 w - - 5 36,f6e6
46,RealLonelyOtaku,EulerE,1032,994,R7/5p1p/P3k1p1/2b1p3/4K3/5PPP/8/r7 b - - 0 36,g2g3
46,RealLonelyOtaku,EulerE,1032,994,R7/7p/P3k1p1/2b1pp2/4K3/5PPP/8/r7 w - - 0 37,f7f5
46,RealLonelyOtaku,EulerE,1032,994,R7/7p/P3k1p1/2b1pp2/8/3K1PPP/8/r7 b - - 1 37,e4d3
46,RealLonelyOtaku,EulerE,1032,994,R7/7p/P3k1p1/2b1pp2/8/r2K1PPP/8/8 w - - 2 38,a1a3
46,RealLonelyOtaku,EulerE,1032,994,R7/7p/P3k1p1/2b1pp2/8/r4PPP/4K3/8 b - - 3 38,d3e2
46,RealLonelyOtaku,EulerE,1032,994,R7/7p/P3k1p1/2b1pp2/8/4rPPP/4K3/8 w - - 4 39,a3e3
46,RealLonelyOtaku,EulerE,1032,994,R7/7p/P3k1p1/2b1pp2/8/4rPPP/5K2/8 b - - 5 39,e2f2
46,RealLonelyOtaku,EulerE,1032,994,R7/3k3p/P5p1/2b1pp2/8/4rPPP/5K2/8 w - - 6 40,e6d7
46,RealLonelyOtaku,EulerE,1032,994,R7/3k3p/P5p1/2b1pp2/5P2/4r1PP/5K2/8 b - - 0 40,f3f4
46,RealLonelyOtaku,EulerE,1032,994,R7/3k3p/P5p1/2b2p2/5p2/4r1PP/5K2/8 w - - 0 41,e5f4
46,RealLonelyOtaku,EulerE,1032,994,R7/3k3p/P5p1/2b2p2/5P2/4r2P/5K2/8 b - - 0 41,g3f4
46,RealLonelyOtaku,EulerE,1032,994,R7/3k3p/P5p1/2b2p2/5P2/7r/5K2/8 w - - 0 42,e3h3
46,RealLonelyOtaku,EulerE,1032,994,R7/3k3p/P5p1/2b2p2/5P2/7r/6K1/8 b - - 1 42,f2g2
46,RealLonelyOtaku,EulerE,1032,994,R7/3k3p/P5p1/2b2p2/5P1r/8/6K1/8 w - - 2 43,h3h4
46,RealLonelyOtaku,EulerE,1032,994,R7/3k3p/P5p1/2b2p2/5P1r/6K1/8/8 b - - 3 43,g2g3
46,RealLonelyOtaku,EulerE,1032,994,R7/3k3p/P5p1/2b2p2/5Pr1/6K1/8/8 w - - 4 44,h4g4
46,RealLonelyOtaku,EulerE,1032,994,R7/3k3p/P5p1/2b2p2/5Pr1/5K2/8/8 b - - 5 44,g3f3
46,RealLonelyOtaku,EulerE,1032,994,R7/2k4p/P5p1/2b2p2/5Pr1/5K2/8/8 w - - 6 45,d7c7
46,RealLonelyOtaku,EulerE,1032,994,7R/2k4p/P5p1/2b2p2/5Pr1/5K2/8/8 b - - 7 45,a8h8
46,RealLonelyOtaku,EulerE,1032,994,7R/7p/Pk4p1/2b2p2/5Pr1/5K2/8/8 w - - 8 46,c7b6
46,RealLonelyOtaku,EulerE,1032,994,8/7R/Pk4p1/2b2p2/5Pr1/5K2/8/8 b - - 0 46,h8h7
46,RealLonelyOtaku,EulerE,1032,994,8/7R/k5p1/2b2p2/5Pr1/5K2/8/8 w - - 0 47,b6a6
46,RealLonelyOtaku,EulerE,1032,994,8/8/k5pR/2b2p2/5Pr1/5K2/8/8 b - - 1 47,h7h6
46,RealLonelyOtaku,EulerE,1032,994,8/8/6pR/1kb2p2/5Pr1/5K2/8/8 w - - 2 48,a6b5
46,RealLonelyOtaku,EulerE,1032,994,8/8/6p1/1kb2p2/5Pr1/5K1R/8/8 b - - 3 48,h6h3
46,RealLonelyOtaku,EulerE,1032,994,8/8/3b2p1/1k3p2/5Pr1/5K1R/8/8 w - - 4 49,c5d6
46,RealLonelyOtaku,EulerE,1032,994,8/8/3b2p1/1k3p2/5Pr1/5KR1/8/8 b - - 5 49,h3g3
46,RealLonelyOtaku,EulerE,1032,994,8/8/6p1/1k3p2/5br1/5KR1/8/8 w - - 0 50,d6f4
46,RealLonelyOtaku,EulerE,1032,994,8/8/6p1/1k3p2/5bR1/5K2/8/8 b - - 0 50,g3g4
46,RealLonelyOtaku,EulerE,1032,994,8/8/6p1/1k6/5bp1/5K2/8/8 w - - 0 51,f5g4
46,RealLonelyOtaku,EulerE,1032,994,8/8/6p1/1k6/5Kp1/8/8/8 b - - 0 51,f3f4
46,RealLonelyOtaku,EulerE,1032,994,8/8/6p1/2k5/5Kp1/8/8/8 w - - 1 52,b5c5
46,RealLonelyOtaku,EulerE,1032,994,8/8/6p1/2k5/6K1/8/8/8 b - - 0 52,f4g4
46,RealLonelyOtaku,EulerE,1032,994,8/8/3k2p1/8/6K1/8/8/8 w - - 1 53,c5d6
46,RealLonelyOtaku,EulerE,1032,994,8/8/3k2p1/6K1/8/8/8/8 b - - 2 53,g4g5
46,RealLonelyOtaku,EulerE,1032,994,8/4k3/6p1/6K1/8/8/8/8 w - - 3 54,d6e7
46,RealLonelyOtaku,EulerE,1032,994,8/4k3/6K1/8/8/8/8/8 b - - 0 54,g5g6
47,ZacharyMilj,EulerE,1020,1003,rnbqkbnr/pppppppp/8/8/4P3/8/PPPP1PPP/RNBQKBNR b KQkq - 0 1,e2e4
47,ZacharyMilj,EulerE,1020,1003,rnbqkbnr/pppp1ppp/8/4p3/4P3/8/PPPP1PPP/RNBQKBNR w KQkq - 0 2,e7e5
47,ZacharyMilj,EulerE,1020,1003,rnbqkbnr/pppp1ppp/8/4p3/4P3/5N2/PPPP1PPP/RNBQKB1R b KQkq - 1 2,g1f3
47,ZacharyMilj,EulerE,1020,1003,r1bqkbnr/pppp1ppp/2n5/4p3/4P3/5N2/PPPP1PPP/RNBQKB1R w KQkq - 2 3,b8c6
47,ZacharyMilj,EulerE,1020,1003,r1bqkbnr/pppp1ppp/2n5/4p3/2B1P3/5N2/PPPP1PPP/RNBQK2R b KQkq - 3 3,f1c4
47,ZacharyMilj,EulerE,1020,1003,r1bqkbnr/ppp2ppp/2np4/4p3/2B1P3/5N2/PPPP1PPP/RNBQK2R w KQkq - 0 4,d7d6
47,ZacharyMilj,EulerE,1020,1003,r1bqkbnr/ppp2ppp/2np4/4p3/2B1P3/3P1N2/PPP2PPP/RNBQK2R b KQkq - 0 4,d2d3
47,ZacharyMilj,EulerE,1020,1003,r1bqkbnr/ppp2pp1/2np3p/4p3/2B1P3/3P1N2/PPP2PPP/RNBQK2R w KQkq - 0 5,h7h6
47,ZacharyMilj,EulerE,1020,1003,r1bqkbnr/ppp2pp1/2np3p/4p3/2B1P3/3P1N1P/PPP2PP1/RNBQK2R b KQkq - 0 5,h2h3
47,ZacharyMilj,EulerE,1020,1003,r1bqk1nr/ppp1bpp1/2np3p/4p3/2B1P3/3P1N1P/PPP2PP1/RNBQK2R w KQkq - 1 6,f8e7
47,ZacharyMilj,EulerE,1020,1003,r1bqk1nr/ppp1bpp1/2np3p/4p3/2B1P3/3P1N1P/PPP2PP1/RNBQ1RK1 b kq - 2 6,e1g1
47,ZacharyMilj,EulerE,1020,1003,r1bqk1nr/ppp1bp2/2np3p/4p1p1/2B1P3/3P1N1P/PPP2PP1/RNBQ1RK1 w kq - 0 7,g7g5
47,ZacharyMilj,EulerE,1020,1003,r1bqk1nr/ppp1bp2/2np3p/4p1p1/2B1P2P/3P1N2/PPP2PP1/RNBQ1RK1 b kq - 0 7,h3h4
47,ZacharyMilj,EulerE,1020,1003,r1bqk1nr/ppp1bp2/2np3p/4p3/2B1P1pP/3P1N2/PPP2PP1/RNBQ1RK1 w kq - 0 8,g5g4
47,ZacharyMilj,EulerE,1020,1003,r1bqk1nr/ppp1bp2/2np3p/4p2P/2B1P1p1/3P1N2/PPP2PP1/RNBQ1RK1 b kq - 0 8,h4h5
47,ZacharyMilj,EulerE,1020,1003,r1bqk1nr/ppp1bp2/2np3p/4p2P/2B1P3/3P1p2/PPP2PP1/RNBQ1RK1 w kq - 0 9,g4f3
47,ZacharyMilj,EulerE,1020,1003,r1bqk1nr/ppp1bp2/2np3p/4p2P/2B1P3/3P1Q2/PPP2PP1/RNB2RK1 b kq - 0 9,d1f3
47,ZacharyMilj,EulerE,1020,1003,r1bqk2r/ppp1bp2/2np1n1p/4p2P/2B1P3/3P1Q2/PPP2PP1/RNB2RK1 w kq - 1 10,g8f6
47,ZacharyMilj,EulerE,1020,1003,r1bqk2r/ppp1bp2/2np1n1p/4p2P/2B1P3/3P2Q1/PPP2PP1/RNB2RK1 b kq - 2 10,f3g3
47,ZacharyMilj,EulerE,1020,1003,r1bqk2r/ppp1bp2/2np3p/4p2n/2B1P3/3P2Q1/PPP2PP1/RNB2RK1 w kq - 0 11,f6h5
47,ZacharyMilj,EulerE,1020,1003,r1bqk2r/ppp1bp2/2np3p/4p2n/2B1P3/3PQ3/PPP2PP1/RNB2RK1 b kq - 1 11,g3e3
47,ZacharyMilj,EulerE,1020,1003,r1bqk2r/ppp2p2/2np3p/4p1bn/2B1P3/3PQ3/PPP2PP1/RNB2RK1 w kq - 2 12,e7g5
47,ZacharyMilj,EulerE,1020,1003,r1bqk2r/ppp2p2/2np3p/4p1bn/2B1P3/3P1Q2/PPP2PP1/RNB2RK1 b kq - 3 12,e3f3
47,ZacharyMilj,EulerE,1020,1003,r1bq1rk1/ppp2p2/2np3p/4p1bn/2B1P3/3P1Q2/PPP2PP1/RNB2RK1 w - - 4 13,e8g8
47,ZacharyMilj,EulerE,1020,1003,r1bq1rk1/ppp2p2/2np3p/4p1bQ/2B1P3/3P4/PPP2PP1/RNB2RK1 b - - 0 13,f3h5
47,ZacharyMilj,EulerE,1020,1003,r1bq1rk1/ppp2p2/2np3p/4p2Q/2B1P3/3P4/PPP2PP1/RNb2RK1 w - - 0 14,g5c1
47,ZacharyMilj,EulerE,1020,1003,r1bq1rk1/ppp2p2/2np3p/4p2Q/2B1P3/3P4/PPP2PP1/RNR3K1 b - - 0 14,f1c1
47,ZacharyMilj,EulerE,1020,1003,r1bq1rk1/ppp2p2/3p3p/4p2Q/2BnP3/3P4/PPP2PP1/RNR3K1 w - - 1 15,c6d4
47,ZacharyMilj,EulerE,1020,1003,r1bq1rk1/ppp2p2/3p3p/4p2Q/2BnP3/3P4/PPP2PP1/RN2R1K1 b - - 2 15,c1e1
47,ZacharyMilj,EulerE,1020,1003,r1bq1rk1/ppp2p2/3p3p/4p2Q/2B1P3/3P4/PPn2PP1/RN2R1K1 w - - 0 16,d4c2
47,ZacharyMilj,EulerE,1020,1003,r1bq1rk1/ppp2p2/3p3p/4p2Q/2B1P3/3P4/PPn1RPP1/RN4K1 b - - 1 16,e1e2
47,ZacharyMilj,EulerE,1020,1003,r1bq1rk1/ppp2p2/3p3p/4p2Q/2B1P3/3P4/PP2RPP1/nN4K1 w - - 0 17,c2a1
47,ZacharyMilj,EulerE,1020,1003,r1bq1rk1/ppp2p2/3p3p/4p2Q/2B1P3/3PR3/PP3PP1/nN4K1 b - - 1 17,e2e3
47,ZacharyMilj,EulerE,1020,1003,r1b2rk1/ppp2p2/3p3p/4p1qQ/2B1P3/3PR3/PP3PP1/nN4K1 w - - 2 18,d8g5
47,ZacharyMilj,EulerE,1020,1003,r1b2rk1/ppp2p2/3p3p/4p1qQ/2B1P3/3P2R1/PP3PP1/nN4K1 b - - 3 18,e3g3
47,ZacharyMilj,EulerE,1020,1003,r1b2rk1/ppp2p2/3p3p/4p2Q/2B1P3/3P2q1/PP3PP1/nN4K1 w - - 0 19,g5g3
47,ZacharyMilj,EulerE,1020,1003,r1b2rk1/ppp2p2/3p3p/4p2Q/2B1P3/3P2P1/PP4P1/nN4K1 b - - 0 19,f2g3
47,ZacharyMilj,EulerE,1020,1003,r4rk1/ppp2p2/3pb2p/4p2Q/2B1P3/3P2P1/PP4P1/nN4K1 w - - 1 20,c8e6
47,ZacharyMilj,EulerE,1020,1003,r4rk1/ppp2p2/3pb2Q/4p3/2B1P3/3P2P1/PP4P1/nN4K1 b - - 0 20,h5h6
47,ZacharyMilj,EulerE,1020,1003,r4rk1/ppp2p2/3p3Q/4p3/2b1P3/3P2P1/PP4P1/nN4K1 w - - 0 21,e6c4
47,ZacharyMilj,EulerE,1020,1003,r4rk1/ppp2p2/3p3Q/4p3/2P1P3/6P1/PP4P1/nN4K1 b - - 0 21,d3c4
47,ZacharyMilj,EulerE,1020,1003,r4rk1/ppp2p2/3p3Q/4p3/2P1P3/6P1/PPn3P1/1N4K1 w - - 1 22,a1c2
47,ZacharyMilj,EulerE,1020,1003,r4rk1/ppp2p2/3p4/4p1Q1/2P1P3/6P1/PPn3P1/1N4K1 b - - 2 22,h6g5
47,ZacharyMilj,EulerE,1020,1003,r4r1k/ppp2p2/3p4/4p1Q1/2P1P3/6P1/PPn3P1/1N4K1 w - - 3 23,g8h8
47,ZacharyMilj,EulerE,1020,1003,r4r1k/ppp2p2/3p3Q/4p3/2P1P3/6P1/PPn3P1/1N4K1 b - - 4 23,g5h6
47,ZacharyMilj,EulerE,1020,1003,r4rk1/ppp2p2/3p3Q/4p3/2P1P3/6P1/PPn3P1/1N4K1 w - - 5 24,h8g8
47,ZacharyMilj,EulerE,1020,1003,r4rk1/ppp2p2/3p3Q/4p3/2P1P3/6P1/PPnN2P1/6K1 b - - 6 24,b1d2
47,ZacharyMilj,EulerE,1020,1003,4rrk1/ppp2p2/3p3Q/4p3/2P1P3/6P1/PPnN2P1/6K1 w - - 7 25,a8e8
47,ZacharyMilj,EulerE,1020,1003,4rrk1/ppp2p2/3p3Q/4p3/2P1P3/5NP1/PPn3P1/6K1 b - - 8 25,d2f3
47,ZacharyMilj,EulerE,1020,1003,5rk1/ppp2p2/3pr2Q/4p3/2P1P3/5NP1/PPn3P1/6K1 w - - 9 26,e8e6
47,ZacharyMilj,EulerE,1020,1003,5rk1/ppp2p2/3pr3/4p1Q1/2P1P3/5NP1/PPn3P1/6K1 b - - 10 26,h6g5
47,ZacharyMilj,EulerE,1020,1003,5rk1/ppp2p2/3p2r1/4p1Q1/2P1P3/5NP1/PPn3P1/6K1 w - - 11 27,e6g6
47,ZacharyMilj,EulerE,1020,1003,5rk1/ppp2p2/3p2r1/4p3/2P1P2Q/5NP1/PPn3P1/6K1 b - - 12 27,g5h4
47,ZacharyMilj,EulerE,1020,1003,5rk1/ppp2p2/3p2r1/4p3/2PnP2Q/5NP1/PP4P1/6K1 w - - 13 28,c2d4
47,ZacharyMilj,EulerE,1020,1003,5rk1/ppp2p2/3p2r1/4p1N1/2PnP2Q/6P1/PP4P1/6K1 b - - 14 28,f3g5
47,ZacharyMilj,EulerE,1020,1003,5rk1/ppp2pr1/3p4/4p1N1/2PnP2Q/6P1/PP4P1/6K1 w - - 15 29,g6g7
47,ZacharyMilj,EulerE,1020,1003,5rk1/ppp2pr1/3p4/4p1N1/P1PnP2Q/6P1/1P4P1/6K1 b - - 0 29,a2a4
47,ZacharyMilj,EulerE,1020,1003,5rk1/ppp3r1/3p1p2/4p1N1/P1PnP2Q/6P1/1P4P1/6K1 w - - 0 30,f7f6
47,ZacharyMilj,EulerE,1020,1003,5rk1/ppp3r1/3p1p2/4p1N1/P1PnP1PQ/8/1P4P1/6K1 b - - 0 30,g3g4
47,ZacharyMilj,EulerE,1020,1003,5rk1/ppp3r1/3p4/4p1p1/P1PnP1PQ/8/1P4P1/6K1 w - - 0 31,f6g5
47,ZacharyMilj,EulerE,1020,1003,5rk1/ppp3r1/3p3Q/4p1p1/P1PnP1P1/8/1P4P1/6K1 b - - 1 31,h4h6
47,ZacharyMilj,EulerE,1020,1003,5rk1/ppp3r1/3p3Q/4p1p1/P1P1P1P1/8/1P2n1P1/6K1 w - - 2 32,d4e2
47,ZacharyMilj,EulerE,1020,1003,5rk1/ppp3r1/3p3Q/4p1p1/P1P1P1P1/8/1P2n1PK/8 b - - 3 32,g1h2
47,ZacharyMilj,EulerE,1020,1003,5rk1/ppp4r/3p3Q/4p1p1/P1P1P1P1/8/1P2n1PK/8 w - - 4 33,g7h7
47,ZacharyMilj,EulerE,1020,1003,5rk1/ppp4Q/3p4/4p1p1/P1P1P1P1/8/1P2n1PK/8 b - - 0 33,h6h7
47,ZacharyMilj,EulerE,1020,1003,5r2/ppp4k/3p4/4p1p1/P1P1P1P1/8/1P2n1PK/8 w - - 0 34,g8h7
48,EulerE,ZacharyMilj,1011,1012,rnbqkbnr/pppppppp/8/8/3P4/8/PPP1PPPP/RNBQKBNR b KQkq - 0 1,d2d4
48,EulerE,ZacharyMilj,1011,1012,rnbqkbnr/ppp1pppp/8/3p4/3P4/8/PPP1PPPP/RNBQKBNR w KQkq - 0 2,d7d5
48,EulerE,ZacharyMilj,1011,1012,rnbqkbnr/ppp1pppp/8/3p4/2PP4/8/PP2PPPP/RNBQKBNR b KQkq - 0 2,c2c4
48,EulerE,ZacharyMilj,1011,1012,rnbqkbnr/ppp1pppp/8/8/2pP4/8/PP2PPPP/RNBQKBNR w KQkq - 0 3,d5c4
48,EulerE,ZacharyMilj,1011,1012,rnbqkbnr/ppp1pppp/8/8/2pPP3/8/PP3PPP/RNBQKBNR b KQkq - 0 3,e2e4
48,EulerE,ZacharyMilj,1011,1012,rnbqkbnr/ppp2ppp/8/4p3/2pPP3/8/PP3PPP/RNBQKBNR w KQkq - 0 4,e7e5
48,EulerE,ZacharyMilj,1011,1012,rnbqkbnr/ppp2ppp/8/4p3/2pPP3/5N2/PP3PPP/RNBQKB1R b KQkq - 1 4,g1f3
48,EulerE,ZacharyMilj,1011,1012,rnbqkbnr/ppp2ppp/8/8/2ppP3/5N2/PP3PPP/RNBQKB1R w KQkq - 0 5,e5d4
48,EulerE,ZacharyMilj,1011,1012,rnbqkbnr/ppp2ppp/8/8/2pNP3/8/PP3PPP/RNBQKB1R b KQkq - 0 5,f3d4
48,EulerE,ZacharyMilj,1011,1012,r1bqkbnr/ppp2ppp/2n5/8/2pNP3/8/PP3PPP/RNBQKB1R w KQkq - 1 6,b8c6
48,EulerE,ZacharyMilj,1011,1012,r1bqkbnr/ppp2ppp/2N5/8/2p1P3/8/PP3PPP/RNBQKB1R b KQkq - 0 6,d4c6
48,EulerE,ZacharyMilj,1011,1012,r1b1kbnr/ppp2ppp/2N5/8/2p1P3/8/PP3PPP/RNBqKB1R w KQkq - 0 7,d8d1
48,EulerE,ZacharyMilj,1011,1012,r1b1kbnr/ppp2ppp/2N5/8/2p1P3/8/PP3PPP/RNBK1B1R b kq - 0 7,e1d1
48,EulerE,ZacharyMilj,1011,1012,r1b1kbnr/p1p2ppp/2p5/8/2p1P3/8/PP3PPP/RNBK1B1R w kq - 0 8,b7c6
48,EulerE,ZacharyMilj,1011,1012,r1b1kbnr/p1p2ppp/2p5/8/2B1P3/8/PP3PPP/RNBK3R b kq - 0 8,f1c4
48,EulerE,ZacharyMilj,1011,1012,r3kbnr/pbp2ppp/2p5/8/2B1P3/8/PP3PPP/RNBK3R w kq - 1 9,c8b7
48,EulerE,ZacharyMilj,1011,1012,r3kbnr/pbp2ppp/2p5/8/2B1P3/8/PP3PPP/RNBKR3 b kq - 2 9,h1e1
48,EulerE,ZacharyMilj,1011,1012,3rkbnr/pbp2ppp/2p5/8/2B1P3/8/PP3PPP/RNBKR3 w k - 3 10,a8d8
48,EulerE,ZacharyMilj,1011,1012,3rkbnr/pbp2ppp/2p5/8/2B1P3/8/PPK2PPP/RNB1R3 b k - 4 10,d1c2
48,EulerE,ZacharyMilj,1011,1012,3rk1nr/pbp2ppp/2p5/2b5/2B1P3/8/PPK2PPP/RNB1R3 w k - 5 11,f8c5
48,EulerE,ZacharyMilj,1011,1012,3rk1nr/pbp2ppp/2p5/2b5/2B1P3/4B3/PPK2PPP/RN2R3 b k - 6 11,c1e3
48,EulerE,ZacharyMilj,1011,1012,3rk1nr/pbp2ppp/2p5/8/2B1P3/4b3/PPK2PPP/RN2R3 w k - 0 12,c5e3
48,EulerE,ZacharyMilj,1011,1012,3rk1nr/pbp2ppp/2p5/8/2B1P3/4R3/PPK2PPP/RN6 b k - 0 12,e1e3
48,EulerE,ZacharyMilj,1011,1012,3rk2r/pbp1nppp/2p5/8/2B1P3/4R3/PPK2PPP/RN6 w k - 1 13,g8e7
48,EulerE,ZacharyMilj,1011,1012,3rk2r/pbp1nppp/2p5/8/2B1P3/2N1R3/PPK2PPP/R7 b k - 2 13,b1c3
48,EulerE,ZacharyMilj,1011,1012,3r1rk1/pbp1nppp/2p5/8/2B1P3/2N1R3/PPK2PPP/R7 w - - 3 14,e8g8
48,EulerE,ZacharyMilj,1011,1012,3r1rk1/pbp1nppp/2p5/8/2B1P3/2N1R3/PPK2PPP/3R4 b - - 4 14,a1d1
48,EulerE,ZacharyMilj,1011,1012,5rk1/pbp1nppp/2p5/8/2B1P3/2N1R3/PPK2PPP/3r4 w - - 0 15,d8d1
48,EulerE,ZacharyMilj,1011,1012,5rk1/pbp1nppp/2p5/8/2B1P3/4R3/PPK2PPP/3N4 b - - 0 15,c3d1
48,EulerE,ZacharyMilj,1011,1012,4r1k1/pbp1nppp/2p5/8/2B1P3/4R3/PPK2PPP/3N4 w - - 1 16,f8e8
48,EulerE,ZacharyMilj,1011,1012,4r1k1/pbp1nppp/2p5/8/2B1P3/5R2/PPK2PPP/3N4 b - - 2 16,e3f3
48,EulerE,ZacharyMilj,1011,1012,4r2k/pbp1nppp/2p5/8/2B1P3/5R2/PPK2PPP/3N4 w - - 3 17,g8h8
48,EulerE,ZacharyMilj,1011,1012,4r2k/pbp1nRpp/2p5/8/2B1P3/8/PPK2PPP/3N4 b - - 0 17,f3f7
48,EulerE,ZacharyMilj,1011,1012,4r2k/pbp2Rpp/2p3n1/8/2B1P3/8/PPK2PPP/3N4 w - - 1 18,e7g6
48,EulerE,ZacharyMilj,1011,1012,4r2k/pbR3pp/2p3n1/8/2B1P3/8/PPK2PPP/3N4 b - - 0 18,f7c7
48,EulerE,ZacharyMilj,1011,1012,7k/pbR3pp/2p3n1/8/2B1r3/8/PPK2PPP/3N4 w - - 0 19,e8e4
48,EulerE,ZacharyMilj,1011,1012,7k/pR4pp/2p3n1/8/2B1r3/8/PPK2PPP/3N4 b - - 0 19,c7b7
48,EulerE,ZacharyMilj,1011,1012,7k/pR4pp/2p3n1/8/2r5/8/PPK2PPP/3N4 w - - 0 20,e4c4
48,EulerE,ZacharyMilj,1011,1012,7k/pR4pp/2p3n1/8/2r5/2N5/PPK2PPP/8 b - - 1 20,d1c3
48,EulerE,ZacharyMilj,1011,1012,7k/pR4pp/2p5/8/2r2n2/2N5/PPK2PPP/8 w - - 2 21,g6f4
48,EulerE,ZacharyMilj,1011,1012,1R5k/p5pp/2p5/8/2r2n2/2N5/PPK2PPP/8 b - - 3 21,b7b8
49,sracettinchess,EulerE,1024,1019,rnbqkbnr/pppppppp/8/8/4P3/8/PPPP1PPP/RNBQKBNR b KQkq - 0 1,e2e4
49,sracettinchess,EulerE,1024,1019,rnbqkbnr/pppp1ppp/8/4p3/4P3/8/PPPP1PPP/RNBQKBNR w KQkq - 0 2,e7e5
49,sracettinchess,EulerE,1024,1019,rnbqkbnr/pppp1ppp/8/4p3/2B1P3/8/PPPP1PPP/RNBQK1NR b KQkq - 1 2,f1c4
49,sracettinchess,EulerE,1024,1019,r1bqkbnr/pppp1ppp/2n5/4p3/2B1P3/8/PPPP1PPP/RNBQK1NR w KQkq - 2 3,b8c6
49,sracettinchess,EulerE,1024,1019,r1bqkbnr/pppp1ppp/2n5/4p3/2B1P3/2N5/PPPP1PPP/R1BQK1NR b KQkq - 3 3,b1c3
49,sracettinchess,EulerE,1024,1019,r1bqkb1r/pppp1ppp/2n2n2/4p3/2B1P3/2N5/PPPP1PPP/R1BQK1NR w KQkq - 4 4,g8f6
49,sracettinchess,EulerE,1024,1019,r1bqkb1r/pppp1ppp/2n2n2/4p3/2B1P3/2NP4/PPP2PPP/R1BQK1NR b KQkq - 0 4,d2d3
49,sracettinchess,EulerE,1024,1019,r1bqk2r/pppp1ppp/2n2n2/4p3/1bB1P3/2NP4/PPP2PPP/R1BQK1NR w KQkq - 1 5,f8b4
49,sracettinchess,EulerE,1024,1019,r1bqk2r/pppp1ppp/2n2n2/4p1B1/1bB1P3/2NP4/PPP2PPP/R2QK1NR b KQkq - 2 5,c1g5
49,sracettinchess,EulerE,1024,1019,r1bqk2r/pppp1ppp/2n2n2/4p1B1/2B1P3/2bP4/PPP2PPP/R2QK1NR w KQkq - 0 6,b4c3
49,sracettinchess,EulerE,1024,1019,r1bqk2r/pppp1ppp/2n2n2/4p1B1/2B1P3/2PP4/P1P2PPP/R2QK1NR b KQkq - 0 6,b2c3
49,sracettinchess,EulerE,1024,1019,r1bqk2r/pppp1pp1/2n2n1p/4p1B1/2B1P3/2PP4/P1P2PPP/R2QK1NR w KQkq - 0 7,h7h6
49,sracettinchess,EulerE,1024,1019,r1bqk2r/pppp1pp1/2n2n1p/4p3/2B1P2B/2PP4/P1P2PPP/R2QK1NR b KQkq - 1 7,g5h4
49,sracettinchess,EulerE,1024,1019,r1bq1rk1/pppp1pp1/2n2n1p/4p3/2B1P2B/2PP4/P1P2PPP/R2QK1NR w KQ - 2 8,e8g8
49,sracettinchess,EulerE,1024,1019,r1bq1rk1/pppp1pp1/2n2n1p/4p3/2B1P2B/2PP1N2/P1P2PPP/R2QK2R b KQ - 3 8,g1f3
49,sracettinchess,EulerE,1024,1019,r1bq1rk1/ppp2pp1/2n2n1p/3pp3/2B1P2B/2PP1N2/P1P2PPP/R2QK2R w KQ - 0 9,d7d5
49,sracettinchess,EulerE,1024,1019,r1bq1rk1/ppp2pp1/2n2n1p/3Pp3/2B4B/2PP1N2/P1P2PPP/R2QK2R b KQ - 0 9,e4d5
49,sracettinchess,EulerE,1024,1019,r1bq1rk1/ppp1npp1/5n1p/3Pp3/2B4B/2PP1N2/P1P2PPP/R2QK2R w KQ - 1 10,c6e7
49,sracettinchess,EulerE,1024,1019,r1bq1rk1/ppp1npp1/5n1p/3PN3/2B4B/2PP4/P1P2PPP/R2QK2R b KQ - 0 10,f3e5
49,sracettinchess,EulerE,1024,1019,r1bq1rk1/ppp2pp1/5n1p/3nN3/2B4B/2PP4/P1P2PPP/R2QK2R w KQ - 0 11,e7d5
49,sracettinchess,EulerE,1024,1019,r1bq1rk1/ppp2pp1/5n1p/3BN3/7B/2PP4/P1P2PPP/R2QK2R b KQ - 0 11,c4d5
49,sracettinchess,EulerE,1024,1019,r1b2rk1/ppp2pp1/5n1p/3qN3/7B/2PP4/P1P2PPP/R2QK2R w KQ - 0 12,d8d5
49,sracettinchess,EulerE,1024,1019,r1b2rk1/ppp2pp1/5n1p/3q4/2N4B/2PP4/P1P2PPP/R2QK2R b KQ - 1 12,e5c4
49,sracettinchess,EulerE,1024,1019,r1b2rk1/ppp2pp1/5n1p/8/2N4B/2PP4/P1P2PqP/R2QK2R w KQ - 0 13,d5g2
49,sracettinchess,EulerE,1024,1019,r1b2rk1/ppp2pp1/5n1p/8/2N4B/2PP4/P1PK1PqP/R2Q3R b - - 1 13,e1d2
49,sracettinchess,EulerE,1024,1019,r1b2rk1/ppp2pp1/7p/8/2N3nB/2PP4/P1PK1PqP/R2Q3R w - - 2 14,f6g4
49,sracettinchess,EulerE,1024,1019,r1b2rk1/ppp2pp1/7p/8/2N3n1/2PP2B1/P1PK1PqP/R2Q3R b - - 3 14,h4g3
49,sracettinchess,EulerE,1024,1019,r1b2rk1/ppp2pp1/7p/8/2N5/2PP2B1/P1PK1nqP/R2Q3R w - - 0 15,g4f2
49,sracettinchess,EulerE,1024,1019,r1b2rk1/ppp2pp1/7p/8/2N5/2PP4/P1PK1BqP/R2Q3R b - - 0 15,g3f2
49,sracettinchess,EulerE,1024,1019,r1b2rk1/ppp2pp1/7p/8/2N5/2PP4/P1PK1q1P/R2Q3R w - - 0 16,g2f2
49,sracettinchess,EulerE,1024,1019,r1b2rk1/ppp2pp1/7p/8/2N5/2PP4/P1P2q1P/R1KQ3R b - - 1 16,d2c1
49,sracettinchess,EulerE,1024,1019,r4rk1/ppp2pp1/7p/8/2N5/2PP3b/P1P2q1P/R1KQ3R w - - 2 17,c8h3
49,sracettinchess,EulerE,1024,1019,r4rk1/ppp2pp1/7p/8/2N5/2PP3b/P1P2q1P/R1KQR3 b - - 3 17,h1e1
49,sracettinchess,EulerE,1024,1019,r3r1k1/ppp2pp1/7p/8/2N5/2PP3b/P1P2q1P/R1KQR3 w - - 4 18,f8e8
49,sracettinchess,EulerE,1024,1019,r3r1k1/ppp2pp1/7p/8/2N5/2PP3b/PKP2q1P/R2QR3 b - - 5 18,c1b2
49,sracettinchess,EulerE,1024,1019,r3r1k1/ppp2pp1/7p/8/2N3b1/2PP4/PKP2q1P/R2QR3 w - - 6 19,h3g4
49,sracettinchess,EulerE,1024,1019,r3R1k1/ppp2pp1/7p/8/2N3b1/2PP4/PKP2q1P/R2Q4 b - - 0 19,e1e8
49,sracettinchess,EulerE,1024,1019,4r1k1/ppp2pp1/7p/8/2N3b1/2PP4/PKP2q1P/R2Q4 w - - 0 20,a8e8
49,sracettinchess,EulerE,1024,1019,4r1k1/ppp2pp1/7p/8/2N3b1/2PP4/PKPQ1q1P/R7 b - - 1 20,d1d2
49,sracettinchess,EulerE,1024,1019,6k1/ppp2pp1/7p/8/2N3b1/2PP4/PKPQrq1P/R7 w - - 2 21,e8e2
49,sracettinchess,EulerE,1024,1019,6k1/ppp2pp1/7p/8/2N3b1/2PP4/PKP1rq1P/R1Q5 b - - 3 21,d2c1
49,sracettinchess,EulerE,1024,1019,6k1/ppp2pp1/4b2p/8/2N5/2PP4/PKP1rq1P/R1Q5 w - - 4 22,g4e6
49,sracettinchess,EulerE,1024,1019,6k1/ppp2pp1/4b2p/N7/8/2PP4/PKP1rq1P/R1Q5 b - - 5 22,c4a5
49,sracettinchess,EulerE,1024,1019,6k1/ppp2pp1/1q2b2p/N7/8/2PP4/PKP1r2P/R1Q5 w - - 6 23,f2b6
49,sracettinchess,EulerE,1024,1019,6k1/ppp2pp1/1q2b2p/8/8/1NPP4/PKP1r2P/R1Q5 b - - 7 23,a5b3
49,sracettinchess,EulerE,1024,1019,6k1/ppp2pp1/1q5p/8/8/1bPP4/PKP1r2P/R1Q5 w - - 0 24,e6b3
49,sracettinchess,EulerE,1024,1019,6k1/ppp2pp1/1q5p/8/8/1PPP4/1KP1r2P/R1Q5 b - - 0 24,a2b3
49,sracettinchess,EulerE,1024,1019,6k1/ppp2pp1/1q5p/8/8/1PPP4/1KP4r/R1Q5 w - - 0 25,e2h2
49,sracettinchess,EulerE,1024,1019,6k1/ppp2pp1/1q5p/8/2P5/1P1P4/1KP4r/R1Q5 b - - 0 25,c3c4
49,sracettinchess,EulerE,1024,1019,6k1/ppp2pp1/7p/8/2Pq4/1P1P4/1KP4r/R1Q5 w - - 1 26,b6d4
49,sracettinchess,EulerE,1024,1019,6k1/ppp2pp1/7p/8/2Pq4/1P1P4/2P4r/RKQ5 b - - 2 26,b2b1
49,sracettinchess,EulerE,1024,1019,6k1/ppp2pp1/7p/8/2Pq4/1P1P4/2P3r1/RKQ5 w - - 3 27,h2g2
49,sracettinchess,EulerE,1024,1019,6k1/ppp2pp1/7p/8/2Pq4/1P1P4/2P3r1/RK2Q3 b - - 4 27,c1e1
49,sracettinchess,EulerE,1024,1019,6k1/ppp2pp1/7p/8/2Pq4/1P1P4/2P5/RK2Q1r1 w - - 5 28,g2g1
49,sracettinchess,EulerE,1024,1019,6k1/ppp2pp1/7p/8/2Pq4/1P1P4/2P5/RK4Q1 b - - 0 28,e1g1
49,sracettinchess,EulerE,1024,1019,6k1/ppp2pp1/7p/8/2P5/1P1P4/2P5/RK4q1 w - - 0 29,d4g1
49,sracettinchess,EulerE,1024,1019,6k1/ppp2pp1/7p/8/2P5/1P1P4/1KP5/R5q1 b - - 1 29,b1b2
49,sracettinchess,EulerE,1024,1019,6k1/ppp2pp1/1q5p/8/2P5/1P1P4/1KP5/R7 w - - 2 30,g1b6
49,sracettinchess,EulerE,1024,1019,6k1/ppp2pp1/1q5p/8/2P5/1P1P4/1KP5/4R3 b - - 3 30,a1e1
49,sracettinchess,EulerE,1024,1019,6k1/ppp2p2/1q5p/6p1/2P5/1P1P4/1KP5/4R3 w - - 0 31,g7g5
49,sracettinchess,EulerE,1024,1019,4R1k1/ppp2p2/1q5p/6p1/2P5/1P1P4/1KP5/8 b - - 1 31,e1e8
49,sracettinchess,EulerE,1024,1019,4R3/ppp2pk1/1q5p/6p1/2P5/1P1P4/1KP5/8 w - - 2 32,g8g7
49,sracettinchess,EulerE,1024,1019,4R3/ppp2pk1/1q5p/6p1/2P5/1PPP4/1K6/8 b - - 0 32,c2c3
49,sracettinchess,EulerE,1024,1019,4R3/ppp2pk1/1q5p/8/2P3p1/1PPP4/1K6/8 w - - 0 33,g5g4
49,sracettinchess,EulerE,1024,1019,4R3/ppp2pk1/1q5p/8/2PP2p1/1PP5/1K6/8 b - - 0 33,d3d4
49,sracettinchess,EulerE,1024,1019,4R3/ppp2pk1/1q5p/8/2PP4/1PP3p1/1K6/8 w - - 0 34,g4g3
49,sracettinchess,EulerE,1024,1019,8/ppp2pk1/1q5p/8/2PP4/1PP1R1p1/1K6/8 b - - 1 34,e8e3
49,sracettinchess,EulerE,1024,1019,8/ppp2pk1/1q5p/8/2PP4/1PP1R3/1K4p1/8 w - - 0 35,g3g2
49,sracettinchess,EulerE,1024,1019,8/ppp2pk1/1q5p/8/2PP4/1PP3R1/1K4p1/8 b - - 1 35,e3g3
49,sracettinchess,EulerE,1024,1019,8/ppp2pk1/6qp/8/2PP4/1PP3R1/1K4p1/8 w - - 2 36,b6g6
49,sracettinchess,EulerE,1024,1019,8/ppp2pk1/6Rp/8/2PP4/1PP5/1K4p1/8 b - - 0 36,g3g6
49,sracettinchess,EulerE,1024,1019,8/ppp2p2/6kp/8/2PP4/1PP5/1K4p1/8 w - - 0 37,g7g6
49,sracettinchess,EulerE,1024,1019,8/ppp2p2/6kp/3P4/2P5/1PP5/1K4p1/8 b - - 0 37,d4d5
49,sracettinchess,EulerE,1024,1019,8/ppp2p2/6kp/3P4/2P5/1PP5/1K6/6q1 w - - 0 38,g2g1q
49,sracettinchess,EulerE,1024,1019,8/ppp2p2/6kp/2PP4/8/1PP5/1K6/6q1 b - - 0 38,c4c5
49,sracettinchess,EulerE,1024,1019,8/ppp2p2/6kp/2qP4/8/1PP5/1K6/8 w - - 0 39,g1c5
49,sracettinchess,EulerE,1024,1019,8/ppp2p2/6kp/2qP4/2P5/1P6/1K6/8 b - - 0 39,c3c4
49,sracettinchess,EulerE,1024,1019,8/p1p2p2/6kp/1pqP4/2P5/1P6/1K6/8 w - - 0 40,b7b5
49,sracettinchess,EulerE,1024,1019,8/p1p2p2/6kp/1pqP4/2P5/1PK5/8/8 b - - 1 40,b2c3
49,sracettinchess,EulerE,1024,1019,8/p1p2p2/6kp/2qP4/2p5/1PK5/8/8 w - - 0 41,b5c4
49,sracettinchess,EulerE,1024,1019,8/p1p2p2/6kp/2qP4/2P5/2K5/8/8 b - - 0 41,b3c4
49,sracettinchess,EulerE,1024,1019,8/p1p2p2/7p/2qP1k2/2P5/2K5/8/8 w - - 1 42,g6f5
49,sracettinchess,EulerE,1024,1019,8/p1p2p2/7p/2qP1k2/2P5/3K4/8/8 b - - 2 42,c3d3
49,sracettinchess,EulerE,1024,1019,8/p1p2p2/7p/2qPk3/2P5/3K4/8/8 w - - 3 43,f5e5
49,sracettinchess,EulerE,1024,1019,8/p1p2p2/7p/2qPk3/2P5/2K5/8/8 b - - 4 43,d3c3
49,sracettinchess,EulerE,1024,1019,8/p1p2p2/7p/3Pk3/2Pq4/2K5/8/8 w - - 5 44,c5d4
49,sracettinchess,EulerE,1024,1019,8/p1p2p2/7p/3Pk3/2Pq4/1K6/8/8 b - - 6 44,c3b3
49,sracettinchess,EulerE,1024,1019,8/p1p2p2/7p/3qk3/2P5/1K6/8/8 w - - 0 45,d4d5
49,sracettinchess,EulerE,1024,1019,8/p1p2p2/7p/3Pk3/8/1K6/8/8 b - - 0 45,c4d5
49,sracettinchess,EulerE,1024,1019,8/p1p2p2/7p/3k4/8/1K6/8/8 w - - 0 46,e5d5
49,sracettinchess,EulerE,1024,1019,8/p1p2p2/7p/3k4/1K6/8/8/8 b - - 1 46,b3b4
49,sracettinchess,EulerE,1024,1019,8/p1p5/7p/3k1p2/1K6/8/8/8 w - - 0 47,f7f5
49,sracettinchess,EulerE,1024,1019,8/p1p5/7p/1K1k1p2/8/8/8/8 b - - 1 47,b4b5
49,sracettinchess,EulerE,1024,1019,8/p1p5/7p/1K1k4/5p2/8/8/8 w - - 0 48,f5f4
49,sracettinchess,EulerE,1024,1019,8/p1p5/K6p/3k4/5p2/8/8/8 b - - 1 48,b5a6
49,sracettinchess,EulerE,1024,1019,8/p1p5/K6p/3k4/8/5p2/8/8 w - - 0 49,f4f3
49,sracettinchess,EulerE,1024,1019,8/K1p5/7p/3k4/8/5p2/8/8 b - - 0 49,a6a7
49,sracettinchess,EulerE,1024,1019,8/K1p5/7p/3k4/8/8/5p2/8 w - - 0 50,f3f2
49,sracettinchess,EulerE,1024,1019,8/1Kp5/7p/3k4/8/8/5p2/8 b - - 1 50,a7b7
49,sracettinchess,EulerE,1024,1019,8/1Kp5/7p/3k4/8/8/8/5q2 w - - 0 51,f2f1q
49,sracettinchess,EulerE,1024,1019,8/2K5/7p/3k4/8/8/8/5q2 b - - 0 51,b7c7
49,sracettinchess,EulerE,1024,1019,8/2K5/7p/3k1q2/8/8/8/8 w - - 1 52,f1f5
49,sracettinchess,EulerE,1024,1019,8/8/1K5p/3k1q2/8/8/8/8 b - - 2 52,c7b6
49,sracettinchess,EulerE,1024,1019,8/8/1K5p/3k4/8/8/5q2/8 w - - 3 53,f5f2
49,sracettinchess,EulerE,1024,1019,8/2K5/7p/3k4/8/8/5q2/8 b - - 4 53,b6c7
49,sracettinchess,EulerE,1024,1019,8/2K5/7p/2k5/8/8/5q2/8 w - - 5 54,d5c5
49,sracettinchess,EulerE,1024,1019,8/3K4/7p/2k5/8/8/5q2/8 b - - 6 54,c7d7
49,sracettinchess,EulerE,1024,1019,8/3K1q2/7p/2k5/8/8/8/8 w - - 7 55,f2f7
49,sracettinchess,EulerE,1024,1019,3K4/5q2/7p/2k5/8/8/8/8 b - - 8 55,d7d8
49,sracettinchess,EulerE,1024,1019,3K4/5q2/3k3p/8/8/8/8/8 w - - 9 56,c5d6
49,sracettinchess,EulerE,1024,1019,2K5/5q2/3k3p/8/8/8/8/8 b - - 10 56,d8c8
49,sracettinchess,EulerE,1024,1019,2K5/2q5/3k3p/8/8/8/8/8 w - - 11 57,f7c7
50,EulerE,sracettinchess,1011,1032,rnbqkbnr/pppppppp/8/8/3P4/8/PPP1PPPP/RNBQKBNR b KQkq - 0 1,d2d4
50,EulerE,sracettinchess,1011,1032,rnbqkbnr/ppp1pppp/8/3p4/3P4/8/PPP1PPPP/RNBQKBNR w KQkq - 0 2,d7d5
50,EulerE,sracettinchess,1011,1032,rnbqkbnr/ppp1pppp/8/3p4/2PP4/8/PP2PPPP/RNBQKBNR b KQkq - 0 2,c2c4
50,EulerE,sracettinchess,1011,1032,rnbqkbnr/ppp1pppp/8/8/2pP4/8/PP2PPPP/RNBQKBNR w KQkq - 0 3,d5c4
50,EulerE,sracettinchess,1011,1032,rnbqkbnr/ppp1pppp/8/8/2pPP3/8/PP3PPP/RNBQKBNR b KQkq - 0 3,e2e4
50,EulerE,sracettinchess,1011,1032,r1bqkbnr/ppp1pppp/2n5/8/2pPP3/8/PP3PPP/RNBQKBNR w KQkq - 1 4,b8c6
50,EulerE,sracettinchess,1011,1032,r1bqkbnr/ppp1pppp/2n5/8/2pPP3/5N2/PP3PPP/RNBQKB1R b KQkq - 2 4,g1f3
50,EulerE,sracettinchess,1011,1032,r2qkbnr/ppp1pppp/2n5/8/2pPP1b1/5N2/PP3PPP/RNBQKB1R w KQkq - 3 5,c8g4
50,EulerE,sracettinchess,1011,1032,r2qkbnr/ppp1pppp/2n5/3P4/2p1P1b1/5N2/PP3PPP/RNBQKB1R b KQkq - 0 5,d4d5
50,EulerE,sracettinchess,1011,1032,r2qkbnr/ppp1pppp/2n5/3P4/2p1P3/5b2/PP3PPP/RNBQKB1R w KQkq - 0 6,g4f3
50,EulerE,sracettinchess,1011,1032,r2qkbnr/ppp1pppp/2n5/3P4/2p1P3/5Q2/PP3PPP/RNB1KB1R b KQkq - 0 6,d1f3
50,EulerE,sracettinchess,1011,1032,r2qkbnr/ppp1pppp/8/3Pn3/2p1P3/5Q2/PP3PPP/RNB1KB1R w KQkq - 1 7,c6e5
50,EulerE,sracettinchess,1011,1032,r2qkbnr/ppp1pppp/8/3Pn3/2B1P3/5Q2/PP3PPP/RNB1K2R b KQkq - 0 7,f1c4
50,EulerE,sracettinchess,1011,1032,r2qkbnr/ppp1pppp/8/3P4/2n1P3/5Q2/PP3PPP/RNB1K2R w KQkq - 0 8,e5c4
