game_id,white,black,white_elo,black_elo,chess_fen,move_made
1,EulerE,vahid5304178,1205,1093,rnbqkbnr/pppppppp/8/8/3P4/8/PPP1PPPP/RNBQKBNR b KQkq - 0 1,d2d4
1,EulerE,vahid5304178,1205,1093,rnbqkbnr/ppp1pppp/8/3p4/3P4/8/PPP1PPPP/RNBQKBNR w KQkq - 0 2,d7d5
1,EulerE,vahid5304178,1205,1093,rnbqkbnr/ppp1pppp/8/3p4/2PP4/8/PP2PPPP/RNBQKBNR b KQkq - 0 2,c2c4
1,EulerE,vahid5304178,1205,1093,rnbqkb1r/ppp1pppp/5n2/3p4/2PP4/8/PP2PPPP/RNBQKBNR w KQkq - 1 3,g8f6
1,EulerE,vahid5304178,1205,1093,rnbqkb1r/ppp1pppp/5n2/3p4/2PP4/2N5/PP2PPPP/R1BQKBNR b KQkq - 2 3,b1c3
1,EulerE,vahid5304178,1205,1093,rnbqkb1r/ppp1pppp/5n2/8/2pP4/2N5/PP2PPPP/R1BQKBNR w KQkq - 0 4,d5c4
1,EulerE,vahid5304178,1205,1093,rnbqkb1r/ppp1pppp/5n2/8/2pPP3/2N5/PP3PPP/R1BQKBNR b KQkq - 0 4,e2e4
1,EulerE,vahid5304178,1205,1093,r1bqkb1r/ppp1pppp/2n2n2/8/2pPP3/2N5/PP3PPP/R1BQKBNR w KQkq - 1 5,b8c6
1,EulerE,vahid5304178,1205,1093,r1bqkb1r/ppp1pppp/2n2n2/8/2pPP3/2N2N2/PP3PPP/R1BQKB1R b KQkq - 2 5,g1f3
1,EulerE,vahid5304178,1205,1093,r1bqkb1r/ppp2ppp/2n1pn2/8/2pPP3/2N2N2/PP3PPP/R1BQKB1R w KQkq - 0 6,e7e6
1,EulerE,vahid5304178,1205,1093,r1bqkb1r/ppp2ppp/2n1pn2/8/2BPP3/2N2N2/PP3PPP/R1BQK2R b KQkq - 0 6,f1c4
1,EulerE,vahid5304178,1205,1093,r1bqk2r/ppp2ppp/2n1pn2/8/1bBPP3/2N2N2/PP3PPP/R1BQK2R w KQkq - 1 7,f8b4
1,EulerE,vahid5304178,1205,1093,r1bqk2r/ppp2ppp/2n1pn2/8/1bBPP3/P1N2N2/1P3PPP/R1BQK2R b KQkq - 0 7,a2a3
1,EulerE,vahid5304178,1205,1093,r1bqk2r/ppp2ppp/2n1pn2/8/2BPP3/P1b2N2/1P3PPP/R1BQK2R w KQkq - 0 8,b4c3
1,EulerE,vahid5304178,1205,1093,r1bqk2r/ppp2ppp/2n1pn2/8/2BPP3/P1P2N2/5PPP/R1BQK2R b KQkq - 0 8,b2c3
1,EulerE,vahid5304178,1205,1093,r1bqk2r/1pp2ppp/2n1pn2/p7/2BPP3/P1P2N2/5PPP/R1BQK2R w KQkq - 0 9,a7a5
1,EulerE,vahid5304178,1205,1093,r1bqk2r/1pp2ppp/2n1pn2/p2P4/2B1P3/P1P2N2/5PPP/R1BQK2R b KQkq - 0 9,d4d5
1,EulerE,vahid5304178,1205,1093,r1bqk2r/1pp2ppp/2n2n2/p2p4/2B1P3/P1P2N2/5PPP/R1BQK2R w KQkq - 0 10,e6d5
1,EulerE,vahid5304178,1205,1093,r1bqk2r/1pp2ppp/2n2n2/p2P4/2B5/P1P2N2/5PPP/R1BQK2R b KQkq - 0 10,e4d5
1,EulerE,vahid5304178,1205,1093,r1bqk2r/1pp2ppp/5n2/p2Pn3/2B5/P1P2N2/5PPP/R1BQK2R w KQkq - 1 11,c6e5
1,EulerE,vahid5304178,1205,1093,r1bqk2r/1pp2ppp/5n2/p2PN3/2B5/P1P5/5PPP/R1BQK2R b KQkq - 0 11,f3e5
1,EulerE,vahid5304178,1205,1093,r1bq1rk1/1pp2ppp/5n2/p2PN3/2B5/P1P5/5PPP/R1BQK2R w KQ - 1 12,e8g8
1,EulerE,vahid5304178,1205,1093,r1bq1rk1/1pp2ppp/5n2/p2PN1B1/2B5/P1P5/5PPP/R2QK2R b KQ - 2 12,c1g5
1,EulerE,vahid5304178,1205,1093,r1bqr1k1/1pp2ppp/5n2/p2PN1B1/2B5/P1P5/5PPP/R2QK2R w KQ - 3 13,f8e8
1,EulerE,vahid5304178,1205,1093,r1bqr1k1/1pp2ppp/5n2/p2PN1B1/2B5/P1P5/4QPPP/R3K2R b KQ - 4 13,d1e2
1,EulerE,vahid5304178,1205,1093,r1bqr1k1/1pp2pp1/5n1p/p2PN1B1/2B5/P1P5/4QPPP/R3K2R w KQ - 0 14,h7h6
1,EulerE,vahid5304178,1205,1093,r1bqr1k1/1pp2pp1/5n1p/p2PN3/2B4B/P1P5/4QPPP/R3K2R b KQ - 1 14,g5h4
1,EulerE,vahid5304178,1205,1093,r1bqr1k1/1pp2p2/5n1p/p2PN1p1/2B4B/P1P5/4QPPP/R3K2R w KQ - 0 15,g7g5
1,EulerE,vahid5304178,1205,1093,r1bqr1k1/1pp2p2/5n1p/p2PN1p1/2B5/P1P3B1/4QPPP/R3K2R b KQ - 1 15,h4g3
1,EulerE,vahid5304178,1205,1093,r1bqr1k1/1pp2p2/5n2/p2PN1pp/2B5/P1P3B1/4QPPP/R3K2R w KQ - 0 16,h6h5
1,EulerE,vahid5304178,1205,1093,r1bqr1k1/1pp2p2/5n2/p2PN1pp/2B5/P1P3BP/4QPP1/R3K2R b KQ - 0 16,h2h3
1,EulerE,vahid5304178,1205,1093,r1bqr1k1/1pp2p2/5n2/p2PN1p1/2B4p/P1P3BP/4QPP1/R3K2R w KQ - 0 17,h5h4
1,EulerE,vahid5304178,1205,1093,r1bqr1k1/1pp2p2/5n2/p2PN1p1/2B4p/P1P4P/4QPPB/R3K2R b KQ - 1 17,g3h2
1,EulerE,vahid5304178,1205,1093,r1b1r1k1/1pp2p2/3q1n2/p2PN1p1/2B4p/P1P4P/4QPPB/R3K2R w KQ - 2 18,d8d6
1,EulerE,vahid5304178,1205,1093,r1b1r1k1/1pp2p2/3q1n2/p2PN1p1/2B4p/P1P4P/4QPPB/R4RK1 b - - 3 18,e1g1
1,EulerE,vahid5304178,1205,1093,r1b1r1k1/1pp2p2/5n2/p1qPN1p1/2B4p/P1P4P/4QPPB/R4RK1 w - - 4 19,d6c5
1,EulerE,vahid5304178,1205,1093,r1b1r1k1/1pp2p2/5n2/p1qPN1p1/7p/PBP4P/4QPPB/R4RK1 b - - 5 19,c4b3
1,EulerE,vahid5304178,1205,1093,r1b1r1k1/1pp2p2/5n2/p2PN1p1/7p/PBq4P/4QPPB/R4RK1 w - - 0 20,c5c3
1,EulerE,vahid5304178,1205,1093,r1b1r1k1/1pp2p2/5n2/p2PN1p1/7p/PBq4P/4QPPB/R3R1K1 b - - 1 20,f1e1
1,EulerE,vahid5304178,1205,1093,r1b1r1k1/1pp2p2/5n2/p2PN1p1/7p/Pq5P/4QPPB/R3R1K1 w - - 0 21,c3b3
1,EulerE,vahid5304178,1205,1093,r1b1r1k1/1pp2p2/5n2/p2PN1p1/7p/Pq3Q1P/5PPB/R3R1K1 b - - 1 21,e2f3
1,EulerE,vahid5304178,1205,1093,r1b1r1k1/1pp2p2/5n2/p2PN1p1/7p/P4q1P/5PPB/R3R1K1 w - - 0 22,b3f3
1,EulerE,vahid5304178,1205,1093,r1b1r1k1/1pp2p2/5n2/p2P2p1/7p/P4N1P/5PPB/R3R1K1 b - - 0 22,e5f3
1,EulerE,vahid5304178,1205,1093,r1b3k1/1pp2p2/5n2/p2P2p1/7p/P4N1P/5PPB/R3r1K1 w - - 0 23,e8e1
1,EulerE,vahid5304178,1205,1093,r1b3k1/1pp2p2/5n2/p2P2p1/7p/P4N1P/5PPB/4R1K1 b - - 0 23,a1e1
1,EulerE,vahid5304178,1205,1093,r1b3k1/1pp2p2/8/p2n2p1/7p/P4N1P/5PPB/4R1K1 w - - 0 24,f6d5
1,EulerE,vahid5304178,1205,1093,r1b3k1/1pp2p2/8/p2n2N1/7p/P6P/5PPB/4R1K1 b - - 0 24,f3g5
1,EulerE,vahid5304178,1205,1093,r1b3k1/1p3p2/8/p1pn2N1/7p/P6P/5PPB/4R1K1 w - - 0 25,c7c5
1,EulerE,vahid5304178,1205,1093,r1b3k1/1p3p2/8/p1pnB1N1/7p/P6P/5PP1/4R1K1 b - - 1 25,h2e5
1,EulerE,vahid5304178,1205,1093,r1b3k1/5p2/8/pppnB1N1/7p/P6P/5PP1/4R1K1 w - - 0 26,b7b5
1,EulerE,vahid5304178,1205,1093,r1b3k1/5p2/8/pppn2N1/7p/P6P/1B3PP1/4R1K1 b - - 1 26,e5b2
1,EulerE,vahid5304178,1205,1093,r1b3k1/5p2/8/p1pn2N1/1p5p/P6P/1B3PP1/4R1K1 w - - 0 27,b5b4
1,EulerE,vahid5304178,1205,1093,r1b1R1k1/5p2/8/p1pn2N1/1p5p/P6P/1B3PP1/6K1 b - - 1 27,e1e8
2,EulerE,mohamad13852,1196,1165,rnbqkbnr/pppppppp/8/8/3P4/8/PPP1PPPP/RNBQKBNR b KQkq - 0 1,d2d4
2,EulerE,mohamad13852,1196,1165,rnbqkbnr/ppp1pppp/8/3p4/3P4/8/PPP1PPPP/RNBQKBNR w KQkq - 0 2,d7d5
2,EulerE,mohamad13852,1196,1165,rnbqkbnr/ppp1pppp/8/3p4/2PP4/8/PP2PPPP/RNBQKBNR b KQkq - 0 2,c2c4
2,EulerE,mohamad13852,1196,1165,rnbqkb1r/ppp1pppp/5n2/3p4/2PP4/8/PP2PPPP/RNBQKBNR w KQkq - 1 3,g8f6
2,EulerE,mohamad13852,1196,1165,rnbqkb1r/ppp1pppp/5n2/3p4/2PP4/2N5/PP2PPPP/R1BQKBNR b KQkq - 2 3,b1c3
2,EulerE,mohamad13852,1196,1165,rnbqkb1r/pp2pppp/2p2n2/3p4/2PP4/2N5/PP2PPPP/R1BQKBNR w KQkq - 0 4,c7c6
2,EulerE,mohamad13852,1196,1165,rnbqkb1r/pp2pppp/2p2n2/3p4/2PP1B2/2N5/PP2PPPP/R2QKBNR b KQkq - 1 4,c1f4
2,EulerE,mohamad13852,1196,1165,rn1qkb1r/pp2pppp/2p2n2/3p1b2/2PP1B2/2N5/PP2PPPP/R2QKBNR w KQkq - 2 5,c8f5
2,EulerE,mohamad13852,1196,1165,rn1qkb1r/pp2pppp/2p2n2/3p1b2/2PP1B2/2N2N2/PP2PPPP/R2QKB1R b KQkq - 3 5,g1f3
2,EulerE,mohamad13852,1196,1165,rn1qkb1r/pp3ppp/2p1pn2/3p1b2/2PP1B2/2N2N2/PP2PPPP/R2QKB1R w KQkq - 0 6,e7e6
2,EulerE,mohamad13852,1196,1165,rn1qkb1r/pp3ppp/2p1pn2/3p1b2/2PP1B2/2N1PN2/PP3PPP/R2QKB1R b KQkq - 0 6,e2e3
2,EulerE,mohamad13852,1196,1165,rn1qk2r/pp3ppp/2p1pn2/3p1b2/1bPP1B2/2N1PN2/PP3PPP/R2QKB1R w KQkq - 1 7,f8b4
2,EulerE,mohamad13852,1196,1165,rn1qk2r/pp3ppp/2p1pn2/3p1b2/1bPP1B2/P1N1PN2/1P3PPP/R2QKB1R b KQkq - 0 7,a2a3
2,EulerE,mohamad13852,1196,1165,rn1qk2r/pp3ppp/2p1pn2/3p1b2/2PP1B2/P1b1PN2/1P3PPP/R2QKB1R w KQkq - 0 8,b4c3
2,EulerE,mohamad13852,1196,1165,rn1qk2r/pp3ppp/2p1pn2/3p1b2/2PP1B2/P1P1PN2/5PPP/R2QKB1R b KQkq - 0 8,b2c3
2,EulerE,mohamad13852,1196,1165,rn1qk2r/pp3ppp/2p1p3/3p1b2/2PPnB2/P1P1PN2/5PPP/R2QKB1R w KQkq - 1 9,f6e4
2,EulerE,mohamad13852,1196,1165,rn1qk2r/pp3ppp/2p1p3/3p1b2/2PPnB2/P1P1PN2/2Q2PPP/R3KB1R b KQkq - 2 9,d1c2
2,EulerE,mohamad13852,1196,1165,rn2k2r/pp3ppp/2p1p3/q2p1b2/2PPnB2/P1P1PN2/2Q2PPP/R3KB1R w KQkq - 3 10,d8a5
2,EulerE,mohamad13852,1196,1165,rn2k2r/pp3ppp/2p1p3/q2p1b2/2PPnB2/P1P1PN2/2Q2PPP/2R1KB1R b Kkq - 4 10,a1c1
2,EulerE,mohamad13852,1196,1165,rn2k2r/pp3ppp/2p1p3/q2p1b2/2PP1B2/P1P1PN2/2Q2nPP/2R1KB1R w Kkq - 0 11,e4f2
2,EulerE,mohamad13852,1196,1165,rn2k2r/pp3ppp/2p1p3/q2p1b2/2PP1B2/P1P1PN2/5QPP/2R1KB1R b Kkq - 0 11,c2f2
2,EulerE,mohamad13852,1196,1165,rn2k2r/pp3ppp/2p1p3/3p1b2/2PP1B2/q1P1PN2/5QPP/2R1KB1R w Kkq - 0 12,a5a3
2,EulerE,mohamad13852,1196,1165,rn2k2r/pp3ppp/2p1p3/3P1b2/3P1B2/q1P1PN2/5QPP/2R1KB1R b Kkq - 0 12,c4d5
2,EulerE,mohamad13852,1196,1165,rn2k2r/pp3ppp/2p1p3/3P1b2/3P1B2/2P1PN2/5QPP/2q1KB1R w Kkq - 0 13,a3c1
2,EulerE,mohamad13852,1196,1165,rn2k2r/pp3ppp/2p1p3/3P1b2/3P1B2/2P1PN2/4KQPP/2q2B1R b kq - 1 13,e1e2
2,EulerE,mohamad13852,1196,1165,rn2k2r/pp3ppp/2p1p3/3P1b2/3P1B2/2P1PN2/2q1KQPP/5B1R w kq - 2 14,c1c2
2,EulerE,mohamad13852,1196,1165,rn2k2r/pp3ppp/2p1p3/3P1b2/3P1B2/2P1PN2/2q2QPP/4KB1R b kq - 3 14,e2e1
2,EulerE,mohamad13852,1196,1165,rn2k2r/pp3ppp/2p1p3/3P1b2/3P1B2/2P1PN2/5qPP/4KB1R w kq - 0 15,c2f2
2,EulerE,mohamad13852,1196,1165,rn2k2r/pp3ppp/2p1p3/3P1b2/3P1B2/2P1PN2/5KPP/5B1R b kq - 0 15,e1f2
2,EulerE,mohamad13852,1196,1165,rn2k2r/pp3ppp/4p3/3p1b2/3P1B2/2P1PN2/5KPP/5B1R w kq - 0 16,c6d5
2,EulerE,mohamad13852,1196,1165,rn2k2r/pp3ppp/4p3/1B1p1b2/3P1B2/2P1PN2/5KPP/7R b kq - 1 16,f1b5
2,EulerE,mohamad13852,1196,1165,rn5r/pp2kppp/4p3/1B1p1b2/3P1B2/2P1PN2/5KPP/7R w - - 2 17,e8e7
2,EulerE,mohamad13852,1196,1165,rn5r/pp2kppp/4p3/1B1p1bB1/3P4/2P1PN2/5KPP/7R b - - 3 17,f4g5
2,EulerE,mohamad13852,1196,1165,rn5r/pp2k1pp/4pp2/1B1p1bB1/3P4/2P1PN2/5KPP/7R w - - 0 18,f7f6
2,EulerE,mohamad13852,1196,1165,rn5r/pp2k1pp/4pp2/1B1p1b2/3P1B2/2P1PN2/5KPP/7R b - - 1 18,g5f4
2,EulerE,mohamad13852,1196,1165,rn5r/1p2k1pp/p3pp2/1B1p1b2/3P1B2/2P1PN2/5KPP/7R w - - 0 19,a7a6
2,EulerE,mohamad13852,1196,1165,rn5r/1p2k1pp/p3pp2/3p1b2/B2P1B2/2P1PN2/5KPP/7R b - - 1 19,b5a4
2,EulerE,mohamad13852,1196,1165,rn5r/4k1pp/p3pp2/1p1p1b2/B2P1B2/2P1PN2/5KPP/7R w - - 0 20,b7b5
2,EulerE,mohamad13852,1196,1165,rn5r/4k1pp/p3pp2/1p1p1b2/3P1B2/1BP1PN2/5KPP/7R b - - 1 20,a4b3
2,EulerE,mohamad13852,1196,1165,r6r/4k1pp/p1n1pp2/1p1p1b2/3P1B2/1BP1PN2/5KPP/7R w - - 2 21,b8c6
2,EulerE,mohamad13852,1196,1165,r6r/4k1pp/p1n1pp2/1p1p1b2/3P1B2/1BP1PN2/5KPP/3R4 b - - 3 21,h1d1
2,EulerE,mohamad13852,1196,1165,r6r/4k1pp/p3pp2/np1p1b2/3P1B2/1BP1PN2/5KPP/3R4 w - - 4 22,c6a5
2,EulerE,mohamad13852,1196,1165,r6r/4k1pp/p3pp2/np1p1b2/3P1B2/2P1PN2/B4KPP/3R4 b - - 5 22,b3a2
2,EulerE,mohamad13852,1196,1165,2r4r/4k1pp/p3pp2/np1p1b2/3P1B2/2P1PN2/B4KPP/3R4 w - - 6 23,a8c8
2,EulerE,mohamad13852,1196,1165,2r4r/4k1pp/p3pp2/np1p1b2/3P1B2/2P1PN2/B4KPP/2R5 b - - 7 23,d1c1
2,EulerE,mohamad13852,1196,1165,2r4r/4k1pp/p3pp2/1p1p1b2/2nP1B2/2P1PN2/B4KPP/2R5 w - - 8 24,a5c4
2,EulerE,mohamad13852,1196,1165,2r4r/4k1pp/p3pp2/1p1p1b2/2BP1B2/2P1PN2/5KPP/2R5 b - - 0 24,a2c4
2,EulerE,mohamad13852,1196,1165,2r4r/4k1pp/p3pp2/3p1b2/2pP1B2/2P1PN2/5KPP/2R5 w - - 0 25,b5c4
2,EulerE,mohamad13852,1196,1165,2r4r/4k1pp/p3pp2/3p1b2/2pP1B2/2P1PN2/5KPP/R7 b - - 1 25,c1a1
2,EulerE,mohamad13852,1196,1165,r6r/4k1pp/p3pp2/3p1b2/2pP1B2/2P1PN2/5KPP/R7 w - - 2 26,c8a8
2,EulerE,mohamad13852,1196,1165,r6r/4k1pp/p3pp2/3p1b2/2pP1B2/2P1PN1P/5KP1/R7 b - - 0 26,h2h3
2,EulerE,mohamad13852,1196,1165,r6r/4k1p1/p3pp1p/3p1b2/2pP1B2/2P1PN1P/5KP1/R7 w - - 0 27,h7h6
2,EulerE,mohamad13852,1196,1165,r6r/4k1p1/p3pp1p/3p1b2/2pP1BP1/2P1PN1P/5K2/R7 b - - 0 27,g2g4
2,EulerE,mohamad13852,1196,1165,r6r/4k1p1/p3pp1p/3p4/2pP1BP1/2PbPN1P/5K2/R7 w - - 1 28,f5d3
2,EulerE,mohamad13852,1196,1165,r6r/4k1p1/p3pp1p/3p4/2pP1BP1/2PbP2P/5K2/R3N3 b - - 2 28,f3e1
2,EulerE,mohamad13852,1196,1165,r6r/4k3/p3pp1p/3p2p1/2pP1BP1/2PbP2P/5K2/R3N3 w - - 0 29,g7g5
2,EulerE,mohamad13852,1196,1165,r6r/4k3/p3pp1p/3p2p1/2pP1BP1/2PNP2P/5K2/R7 b - - 0 29,e1d3
2,EulerE,mohamad13852,1196,1165,r6r/4k3/p3pp1p/3p2p1/3P1BP1/2PpP2P/5K2/R7 w - - 0 30,c4d3
2,EulerE,mohamad13852,1196,1165,r6r/4k3/p3pp1p/3p2p1/3P2P1/2PpP1BP/5K2/R7 b - - 1 30,f4g3
2,EulerE,mohamad13852,1196,1165,r6r/4k3/p3pp2/3p2pp/3P2P1/2PpP1BP/5K2/R7 w - - 0 31,h6h5
2,EulerE,mohamad13852,1196,1165,r6r/4k3/p3pp2/3p2pP/3P4/2PpP1BP/5K2/R7 b - - 0 31,g4h5
2,EulerE,mohamad13852,1196,1165,r7/4k3/p3pp2/3p2pr/3P4/2PpP1BP/5K2/R7 w - - 0 32,h8h5
2,EulerE,mohamad13852,1196,1165,r7/4k3/p3pp2/3p2pr/3P4/2PpP1BP/6K1/R7 b - - 1 32,f2g2
2,EulerE,mohamad13852,1196,1165,r7/4k3/p3p3/3p1ppr/3P4/2PpP1BP/6K1/R7 w - - 0 33,f6f5
2,EulerE,mohamad13852,1196,1165,r7/4k3/p3p3/3p1ppr/3P4/2PpP1BP/6K1/3R4 b - - 1 33,a1d1
2,EulerE,mohamad13852,1196,1165,r7/4k3/4p3/p2p1ppr/3P4/2PpP1BP/6K1/3R4 w - - 0 34,a6a5
2,EulerE,mohamad13852,1196,1165,r7/4k3/4p3/p2p1ppr/3P4/2PRP1BP/6K1/8 b - - 0 34,d1d3
2,EulerE,mohamad13852,1196,1165,r7/4k3/4p3/3p1ppr/p2P4/2PRP1BP/6K1/8 w - - 0 35,a5a4
2,EulerE,mohamad13852,1196,1165,r7/4k3/4p3/3p1ppr/p2P4/2P1P1BP/6K1/3R4 b - - 1 35,d3d1
2,EulerE,mohamad13852,1196,1165,8/r3k3/4p3/3p1ppr/p2P4/2P1P1BP/6K1/3R4 w - - 2 36,a8a7
2,EulerE,mohamad13852,1196,1165,8/r3k3/4p3/3p1ppr/p2P4/2P1P1BP/6K1/7R b - - 3 36,d1h1
2,EulerE,mohamad13852,1196,1165,8/2r1k3/4p3/3p1ppr/p2P4/2P1P1BP/6K1/7R w - - 4 37,a7c7
2,EulerE,mohamad13852,1196,1165,8/2r1k3/4p3/3p1ppr/p2P4/2P1P2P/6K1/4B2R b - - 5 37,g3e1
2,EulerE,mohamad13852,1196,1165,8/2r1k3/4p3/3p1p1r/p2P2p1/2P1P2P/6K1/4B2R w - - 0 38,g5g4
2,EulerE,mohamad13852,1196,1165,8/2r1k3/4p3/3p1p1r/p2P2pP/2P1P3/6K1/4B2R b - - 0 38,h3h4
2,EulerE,mohamad13852,1196,1165,8/r3k3/4p3/3p1p1r/p2P2pP/2P1P3/6K1/4B2R w - - 1 39,c7a7
2,EulerE,mohamad13852,1196,1165,8/r3k3/4p3/3p1p1r/p2P2pP/2P1P1B1/6K1/7R b - - 2 39,e1g3
2,EulerE,mohamad13852,1196,1165,8/r3k3/4p3/3p1p1r/3P2pP/p1P1P1B1/6K1/7R w - - 0 40,a4a3
2,EulerE,mohamad13852,1196,1165,8/r3k3/4p3/3p1p1r/3P2pP/p1P1P1B1/6K1/R7 b - - 1 40,h1a1
2,EulerE,mohamad13852,1196,1165,8/4k3/4p3/3p1p1r/r2P2pP/p1P1P1B1/6K1/R7 w - - 2 41,a7a4
2,EulerE,mohamad13852,1196,1165,8/4k3/4p3/3p1p1r/r2P2pP/p1P1P1B1/7K/R7 b - - 3 41,g2h2
2,EulerE,mohamad13852,1196,1165,8/8/4pk2/3p1p1r/r2P2pP/p1P1P1B1/7K/R7 w - - 4 42,e7f6
2,EulerE,mohamad13852,1196,1165,8/8/4pk2/3p1p1r/r2P2pP/p1P1P1B1/6K1/R7 b - - 5 42,h2g2
2,EulerE,mohamad13852,1196,1165,8/7r/4pk2/3p1p2/r2P2pP/p1P1P1B1/6K1/R7 w - - 6 43,h5h7
2,EulerE,mohamad13852,1196,1165,8/7r/4pk2/3p1p2/r2P2pP/p1P1P3/5BK1/R7 b - - 7 43,g3f2
2,EulerE,mohamad13852,1196,1165,8/1r6/4pk2/3p1p2/r2P2pP/p1P1P3/5BK1/R7 w - - 8 44,h7b7
2,EulerE,mohamad13852,1196,1165,8/1r6/4pk2/3p1p2/r2P2pP/p1P1P1B1/6K1/R7 b - - 9 44,f2g3
2,EulerE,mohamad13852,1196,1165,8/8/4pk2/3p1p2/r2P2pP/prP1P1B1/6K1/R7 w - - 10 45,b7b3
2,EulerE,mohamad13852,1196,1165,8/8/4pk2/3pBp2/r2P2pP/prP1P3/6K1/R7 b - - 11 45,g3e5
2,EulerE,mohamad13852,1196,1165,8/8/4p1k1/3pBp2/r2P2pP/prP1P3/6K1/R7 w - - 12 46,f6g6
2,EulerE,mohamad13852,1196,1165,8/8/4p1k1/3pBp2/r2P2pP/prP1P3/6K1/7R b - - 13 46,a1h1
2,EulerE,mohamad13852,1196,1165,8/8/4p1k1/3pBp2/r2P2pP/p1r1P3/6K1/7R w - - 0 47,b3c3
2,EulerE,mohamad13852,1196,1165,8/8/4p1k1/3pBp1P/r2P2p1/p1r1P3/6K1/7R b - - 0 47,h4h5
2,EulerE,mohamad13852,1196,1165,8/7k/4p3/3pBp1P/r2P2p1/p1r1P3/6K1/7R w - - 1 48,g6h7
2,EulerE,mohamad13852,1196,1165,8/7k/4p3/3p1p1P/r2P1Bp1/p1r1P3/6K1/7R b - - 2 48,e5f4
2,EulerE,mohamad13852,1196,1165,8/7k/4p3/3p1p1P/r2P1Bp1/2r1P3/p5K1/7R w - - 0 49,a3a2
2,EulerE,mohamad13852,1196,1165,8/7k/4p3/3p1p1P/r2P1Bp1/2r1P3/p5K1/R7 b - - 1 49,h1a1
2,EulerE,mohamad13852,1196,1165,8/7k/4p3/3p1p1P/r2P1Bp1/4P3/p1r3K1/R7 w - - 2 50,c3c2
2,EulerE,mohamad13852,1196,1165,8/7k/4p3/3p1p1P/r2P1Bp1/4P1K1/p1r5/R7 b - - 3 50,g2g3
2,EulerE,mohamad13852,1196,1165,8/7k/4p3/3p1p1P/1r1P1Bp1/4P1K1/p1r5/R7 w - - 4 51,a4b4
2,EulerE,mohamad13852,1196,1165,8/7k/4p3/3p1p1P/1r1P1BpK/4P3/p1r5/R7 b - - 5 51,g3h4
2,EulerE,mohamad13852,1196,1165,8/7k/4p3/3p1p1P/3P1BpK/4P3/p1r5/Rr6 w - - 6 52,b4b1
2,EulerE,mohamad13852,1196,1165,8/7k/4p3/3p1p1P/3P1BpK/4P3/R1r5/1r6 b - - 0 52,a1a2
2,EulerE,mohamad13852,1196,1165,8/7k/4p3/3p1p1P/3P1BpK/4P3/r7/1r6 w - - 0 53,c2a2
2,EulerE,mohamad13852,1196,1165,8/7k/4p3/3p1pKP/3P1Bp1/4P3/r7/1r6 b - - 1 53,h4g5
2,EulerE,mohamad13852,1196,1165,8/7k/4p3/3p1pKP/3P1Bp1/4P3/r7/7r w - - 2 54,b1h1
2,EulerE,mohamad13852,1196,1165,8/7k/4pK2/3p1p1P/3P1Bp1/4P3/r7/7r b - - 3 54,g5f6
2,EulerE,mohamad13852,1196,1165,8/7k/r3pK2/3p1p1P/3P1Bp1/4P3/8/7r w - - 4 55,a2a6
2,EulerE,mohamad13852,1196,1165,8/7k/r3pK1P/3p1p2/3P1Bp1/4P3/8/7r b - - 0 55,h5h6
2,EulerE,mohamad13852,1196,1165,8/7k/r4K1P/3ppp2/3P1Bp1/4P3/8/7r w - - 0 56,e6e5
2,EulerE,mohamad13852,1196,1165,8/7k/r6P/3pKp2/3P1Bp1/4P3/8/7r b - - 0 56,f6e5
2,EulerE,mohamad13852,1196,1165,8/7k/7P/r2pKp2/3P1Bp1/4P3/8/7r w - - 1 57,a6a5
2,EulerE,mohamad13852,1196,1165,8/7k/7P/r2p1K2/3P1Bp1/4P3/8/7r b - - 0 57,e5f5
2,EulerE,mohamad13852,1196,1165,8/7k/7P/r2p1K1r/3P1Bp1/4P3/8/8 w - - 1 58,h1h5
2,EulerE,mohamad13852,1196,1165,8/7k/7P/r2p3r/3P1BK1/4P3/8/8 b - - 0 58,f5g4
2,EulerE,mohamad13852,1196,1165,8/7k/7P/r2p4/3P1BK1/4P3/8/7r w - - 1 59,h5h1
2,EulerE,mohamad13852,1196,1165,8/7k/7P/r2p1K2/3P1B2/4P3/8/7r b - - 2 59,g4f5
2,EulerE,mohamad13852,1196,1165,8/7k/7P/r2p1K1r/3P1B2/4P3/8/8 w - - 3 60,h1h5
2,EulerE,mohamad13852,1196,1165,8/7k/7P/r2p3r/3P1BK1/4P3/8/8 b - - 4 60,f5g4
2,EulerE,mohamad13852,1196,1165,8/7k/7P/r2p4/3P1BK1/4P3/8/7r w - - 5 61,h5h1
2,EulerE,mohamad13852,1196,1165,8/7k/7P/r2p1K2/3P1B2/4P3/8/7r b - - 6 61,g4f5
2,EulerE,mohamad13852,1196,1165,8/7k/r6P/3p1K2/3P1B2/4P3/8/7r w - - 7 62,a5a6
2,EulerE,mohamad13852,1196,1165,8/7k/r6P/3pK3/3P1B2/4P3/8/7r b - - 8 62,f5e5
2,EulerE,mohamad13852,1196,1165,8/7k/r6P/3pK2r/3P1B2/4P3/8/8 w - - 9 63,h1h5
2,EulerE,mohamad13852,1196,1165,8/7k/r6P/3pK1Br/3P4/4P3/8/8 b - - 10 63,f4g5
2,EulerE,mohamad13852,1196,1165,8/7k/r6P/3pK1r1/3P4/4P3/8/8 w - - 0 64,h5g5
2,EulerE,mohamad13852,1196,1165,8/7k/r6P/3p2r1/3P1K2/4P3/8/8 b - - 1 64,e5f4
2,EulerE,mohamad13852,1196,1165,8/7k/r6P/3p3r/3P1K2/4P3/8/8 w - - 2 65,g5h5
2,EulerE,mohamad13852,1196,1165,8/7k/r6P/3p3r/3PPK2/8/8/8 b - - 0 65,e3e4
2,EulerE,mohamad13852,1196,1165,8/7k/r6P/3p4/3PPK1r/8/8/8 w - - 1 66,h5h4
2,EulerE,mohamad13852,1196,1165,8/7k/r6P/3pK3/3PP2r/8/8/8 b - - 2 66,f4e5
2,EulerE,mohamad13852,1196,1165,8/7k/7P/r2pK3/3PP2r/8/8/8 w - - 3 67,a6a5
2,EulerE,mohamad13852,1196,1165,8/7k/7P/r2PK3/3P3r/8/8/8 b - - 0 67,e4d5
2,EulerE,mohamad13852,1196,1165,8/7k/7r/r2PK3/3P4/8/8/8 w - - 0 68,h4h6
2,EulerE,mohamad13852,1196,1165,8/7k/7r/r2P1K2/3P4/8/8/8 b - - 1 68,e5f5
2,EulerE,mohamad13852,1196,1165,8/6k1/7r/r2P1K2/3P4/8/8/8 w - - 2 69,h7g7
2,EulerE,mohamad13852,1196,1165,8/6k1/7r/r2PK3/3P4/8/8/8 b - - 3 69,f5e5
2,EulerE,mohamad13852,1196,1165,8/5k2/7r/r2PK3/3P4/8/8/8 w - - 4 70,g7f7
2,EulerE,mohamad13852,1196,1165,8/5k2/7r/r2P4/3PK3/8/8/8 b - - 5 70,e5e4
2,EulerE,mohamad13852,1196,1165,8/5k2/8/r2P4/3PK2r/8/8/8 w - - 6 71,h6h4
2,EulerE,mohamad13852,1196,1165,8/5k2/8/r2PK3/3P3r/8/8/8 b - - 7 71,e4e5
2,EulerE,mohamad13852,1196,1165,8/5k2/8/r2PK2r/3P4/8/8/8 w - - 8 72,h4h5
2,EulerE,mohamad13852,1196,1165,8/5k2/8/r2P3r/3PK3/8/8/8 b - - 9 72,e5e4
2,EulerE,mohamad13852,1196,1165,8/4k3/8/r2P3r/3PK3/8/8/8 w - - 10 73,f7e7
2,EulerE,mohamad13852,1196,1165,8/4k3/8/r2P3r/3P1K2/8/8/8 b - - 11 73,e4f4
2,EulerE,mohamad13852,1196,1165,8/4k3/8/r2r4/3P1K2/8/8/8 w - - 0 74,h5d5
2,EulerE,mohamad13852,1196,1165,8/4k3/8/r2r4/3PK3/8/8/8 b - - 1 74,f4e4
2,EulerE,mohamad13852,1196,1165,8/8/3k4/r2r4/3PK3/8/8/8 w - - 2 75,e7d6
2,EulerE,mohamad13852,1196,1165,8/8/3k4/r2r4/3P1K2/8/8/8 b - - 3 75,e4f4
2,EulerE,mohamad13852,1196,1165,8/8/3k4/r7/3r1K2/8/8/8 w - - 0 76,d5d4
2,EulerE,mohamad13852,1196,1165,8/8/3k4/r7/3r4/4K3/8/8 b - - 1 76,f4e3
2,EulerE,mohamad13852,1196,1165,8/8/8/r2k4/3r4/4K3/8/8 w - - 2 77,d6d5
2,EulerE,mohamad13852,1196,1165,8/8/8/r2k4/3r4/8/4K3/8 b - - 3 77,e3e2
2,EulerE,mohamad13852,1196,1165,8/8/8/3k4/3r4/r7/4K3/8 w - - 4 78,a5a3
2,EulerE,mohamad13852,1196,1165,8/8/8/3k4/3r4/r7/8/4K3 b - - 5 78,e2e1
2,EulerE,mohamad13852,1196,1165,8/8/8/3k4/7r/r7/8/4K3 w - - 6 79,d4h4
2,EulerE,mohamad13852,1196,1165,8/8/8/3k4/7r/r7/5K2/8 b - - 7 79,e1f2
2,EulerE,mohamad13852,1196,1165,8/8/8/3k4/8/r7/5K1r/8 w - - 8 80,h4h2
2,EulerE,mohamad13852,1196,1165,8/8/8/3k4/8/r7/7r/6K1 b - - 9 80,f2g1
2,EulerE,mohamad13852,1196,1165,8/8/8/3k4/8/r7/1r6/6K1 w - - 10 81,h2b2
2,EulerE,mohamad13852,1196,1165,8/8/8/3k4/8/r7/1r6/7K b - - 11 81,g1h1
2,EulerE,mohamad13852,1196,1165,8/8/8/3k4/8/8/1r6/r6K w - - 12 82,a3a1
3,EulerE,ahmadmujahidin2021,1205,1213,rnbqkbnr/pppppppp/8/8/3P4/8/PPP1PPPP/RNBQKBNR b KQkq - 0 1,d2d4
3,EulerE,ahmadmujahidin2021,1205,1213,rnbqkbnr/pppp1ppp/4p3/8/3P4/8/PPP1PPPP/RNBQKBNR w KQkq - 0 2,e7e6
3,EulerE,ahmadmujahidin2021,1205,1213,rnbqkbnr/pppp1ppp/4p3/8/3PP3/8/PPP2PPP/RNBQKBNR b KQkq - 0 2,e2e4
3,EulerE,ahmadmujahidin2021,1205,1213,rnbqkbnr/ppp2ppp/4p3/3p4/3PP3/8/PPP2PPP/RNBQKBNR w KQkq - 0 3,d7d5
3,EulerE,ahmadmujahidin2021,1205,1213,rnbqkbnr/ppp2ppp/4p3/3pP3/3P4/8/PPP2PPP/RNBQKBNR b KQkq - 0 3,e4e5
3,EulerE,ahmadmujahidin2021,1205,1213,r1bqkbnr/ppp2ppp/2n1p3/3pP3/3P4/8/PPP2PPP/RNBQKBNR w KQkq - 1 4,b8c6
3,EulerE,ahmadmujahidin2021,1205,1213,r1bqkbnr/ppp2ppp/2n1p3/3pP3/3P4/5N2/PPP2PPP/RNBQKB1R b KQkq - 2 4,g1f3
3,EulerE,ahmadmujahidin2021,1205,1213,r1bqkbnr/ppp2pp1/2n1p2p/3pP3/3P4/5N2/PPP2PPP/RNBQKB1R w KQkq - 0 5,h7h6
3,EulerE,ahmadmujahidin2021,1205,1213,r1bqkbnr/ppp2pp1/2n1p2p/1B1pP3/3P4/5N2/PPP2PPP/RNBQK2R b KQkq - 1 5,f1b5
3,EulerE,ahmadmujahidin2021,1205,1213,r2qkbnr/pppb1pp1/2n1p2p/1B1pP3/3P4/5N2/PPP2PPP/RNBQK2R w KQkq - 2 6,c8d7
3,EulerE,ahmadmujahidin2021,1205,1213,r2qkbnr/pppb1pp1/2n1p2p/1B1pP3/3P4/2N2N2/PPP2PPP/R1BQK2R b KQkq - 3 6,b1c3
3,EulerE,ahmadmujahidin2021,1205,1213,r2qkbnr/1ppb1pp1/p1n1p2p/1B1pP3/3P4/2N2N2/PPP2PPP/R1BQK2R w KQkq - 0 7,a7a6
3,EulerE,ahmadmujahidin2021,1205,1213,r2qkbnr/1ppb1pp1/p1n1p2p/3pP3/B2P4/2N2N2/PPP2PPP/R1BQK2R b KQkq - 1 7,b5a4
3,EulerE,ahmadmujahidin2021,1205,1213,r2qkbnr/2pb1pp1/p1n1p2p/1p1pP3/B2P4/2N2N2/PPP2PPP/R1BQK2R w KQkq - 0 8,b7b5
3,EulerE,ahmadmujahidin2021,1205,1213,r2qkbnr/2pb1pp1/p1n1p2p/1p1pP3/3P4/1BN2N2/PPP2PPP/R1BQK2R b KQkq - 1 8,a4b3
3,EulerE,ahmadmujahidin2021,1205,1213,r2qkbnr/2pb1pp1/p3p2p/np1pP3/3P4/1BN2N2/PPP2PPP/R1BQK2R w KQkq - 2 9,c6a5
3,EulerE,ahmadmujahidin2021,1205,1213,r2qkbnr/2pb1pp1/p3p2p/np1pP3/3P4/PBN2N2/1PP2PPP/R1BQK2R b KQkq - 0 9,a2a3
3,EulerE,ahmadmujahidin2021,1205,1213,r2qkbnr/2pb1pp1/p3p2p/1p1pP3/3P4/PnN2N2/1PP2PPP/R1BQK2R w KQkq - 0 10,a5b3
3,EulerE,ahmadmujahidin2021,1205,1213,r2qkbnr/2pb1pp1/p3p2p/1p1pP3/3P4/PPN2N2/1P3PPP/R1BQK2R b KQkq - 0 10,c2b3
3,EulerE,ahmadmujahidin2021,1205,1213,r2qkbnr/2pb1pp1/p3p2p/3pP3/1p1P4/PPN2N2/1P3PPP/R1BQK2R w KQkq - 0 11,b5b4
3,EulerE,ahmadmujahidin2021,1205,1213,r2qkbnr/2pb1pp1/p3p2p/3pP3/1P1P4/1PN2N2/1P3PPP/R1BQK2R b KQkq - 0 11,a3b4
3,EulerE,ahmadmujahidin2021,1205,1213,r2qk1nr/2pb1pp1/p3p2p/3pP3/1b1P4/1PN2N2/1P3PPP/R1BQK2R w KQkq - 0 12,f8b4
3,EulerE,ahmadmujahidin2021,1205,1213,r2qk1nr/2pb1pp1/p3p2p/3pP3/1b1P4/1PN2N2/1P1B1PPP/R2QK2R b KQkq - 1 12,c1d2
3,EulerE,ahmadmujahidin2021,1205,1213,r2qk2r/2pbnpp1/p3p2p/3pP3/1b1P4/1PN2N2/1P1B1PPP/R2QK2R w KQkq - 2 13,g8e7
3,EulerE,ahmadmujahidin2021,1205,1213,r2qk2r/2pbnpp1/p3p2p/3pP3/1b1P4/1PN2N2/1P1B1PPP/R2Q1RK1 b kq - 3 13,e1g1
3,EulerE,ahmadmujahidin2021,1205,1213,r2qk2r/2pbnpp1/p3p2p/3pP3/3P4/1Pb2N2/1P1B1PPP/R2Q1RK1 w kq - 0 14,b4c3
3,EulerE,ahmadmujahidin2021,1205,1213,r2qk2r/2pbnpp1/p3p2p/3pP3/3P4/1PB2N2/1P3PPP/R2Q1RK1 b kq - 0 14,d2c3
3,EulerE,ahmadmujahidin2021,1205,1213,r2qk2r/2p1npp1/p3p2p/1b1pP3/3P4/1PB2N2/1P3PPP/R2Q1RK1 w kq - 1 15,d7b5
3,EulerE,ahmadmujahidin2021,1205,1213,r2qk2r/2p1npp1/p3p2p/1b1pP3/3P4/1PB2N2/1P3PPP/R2QR1K1 b kq - 2 15,f1e1
3,EulerE,ahmadmujahidin2021,1205,1213,r2qk2r/2p2pp1/p1n1p2p/1b1pP3/3P4/1PB2N2/1P3PPP/R2QR1K1 w kq - 3 16,e7c6
3,EulerE,ahmadmujahidin2021,1205,1213,r2qk2r/2p2pp1/p1n1p2p/1b1pP3/1P1P4/2B2N2/1P3PPP/R2QR1K1 b kq - 0 16,b3b4
3,EulerE,ahmadmujahidin2021,1205,1213,r2qk2r/2p2p2/p1n1p2p/1b1pP1p1/1P1P4/2B2N2/1P3PPP/R2QR1K1 w kq - 0 17,g7g5
3,EulerE,ahmadmujahidin2021,1205,1213,r2qk2r/2p2p2/p1n1p2p/1b1pP1p1/1P1P4/2B2N1P/1P3PP1/R2QR1K1 b kq - 0 17,h2h3
3,EulerE,ahmadmujahidin2021,1205,1213,r2qk2r/2p2p2/p1n1p3/1b1pP1pp/1P1P4/2B2N1P/1P3PP1/R2QR1K1 w kq - 0 18,h6h5
3,EulerE,ahmadmujahidin2021,1205,1213,r2qk2r/2p2p2/p1n1p3/1b1pP1pp/1P1P4/2B4P/1P3PPN/R2QR1K1 b kq - 1 18,f3h2
3,EulerE,ahmadmujahidin2021,1205,1213,r2qk2r/2p2p2/p1n1p3/1b1pP1p1/1P1P3p/2B4P/1P3PPN/R2QR1K1 w kq - 0 19,h5h4
3,EulerE,ahmadmujahidin2021,1205,1213,r2qk2r/2p2p2/p1n1p3/1b1pP1p1/1P1P2Qp/2B4P/1P3PPN/R3R1K1 b kq - 1 19,d1g4
3,EulerE,ahmadmujahidin2021,1205,1213,r2qk2r/2p2p2/p1n1p3/3pP1p1/1P1P2Qp/2Bb3P/1P3PPN/R3R1K1 w kq - 2 20,b5d3
3,EulerE,ahmadmujahidin2021,1205,1213,r2qk2r/2p2p2/p1n1p3/3pP1p1/1P1P2Qp/2Bb1N1P/1P3PP1/R3R1K1 b kq - 3 20,h2f3
3,EulerE,ahmadmujahidin2021,1205,1213,r2qk1r1/2p2p2/p1n1p3/3pP1p1/1P1P2Qp/2Bb1N1P/1P3PP1/R3R1K1 w q - 4 21,h8g8
3,EulerE,ahmadmujahidin2021,1205,1213,r2qk1r1/2p2p2/p1n1p3/3pP1p1/1P1P2Qp/2Bb1NPP/1P3P2/R3R1K1 b q - 0 21,g2g3
3,EulerE,ahmadmujahidin2021,1205,1213,r2qk1r1/2p2p2/p1n1p3/3pPbp1/1P1P2Qp/2B2NPP/1P3P2/R3R1K1 w q - 1 22,d3f5
3,EulerE,ahmadmujahidin2021,1205,1213,r2qk1r1/2p2p2/p1n1p3/3pPbpQ/1P1P3p/2B2NPP/1P3P2/R3R1K1 b q - 2 22,g4h5
3,EulerE,ahmadmujahidin2021,1205,1213,r2qk1r1/2p2p2/p1n1p3/3pP1pQ/1P1P3p/2B2NPb/1P3P2/R3R1K1 w q - 0 23,f5h3
3,EulerE,ahmadmujahidin2021,1205,1213,r2qk1r1/2p2p1Q/p1n1p3/3pP1p1/1P1P3p/2B2NPb/1P3P2/R3R1K1 b q - 1 23,h5h7
3,EulerE,ahmadmujahidin2021,1205,1213,r2qk1r1/2p1np1Q/p3p3/3pP1p1/1P1P3p/2B2NPb/1P3P2/R3R1K1 w q - 2 24,c6e7
3,EulerE,ahmadmujahidin2021,1205,1213,r2qk1r1/2p1np1Q/p3p3/3pP1N1/1P1P3p/2B3Pb/1P3P2/R3R1K1 b q - 0 24,f3g5
3,EulerE,ahmadmujahidin2021,1205,1213,r2qk3/2p1np1Q/p3p3/3pP1r1/1P1P3p/2B3Pb/1P3P2/R3R1K1 w q - 0 25,g8g5
3,EulerE,ahmadmujahidin2021,1205,1213,r2qk3/2p1np1Q/p3p3/3pP1r1/1P1P3p/6Pb/1P1B1P2/R3R1K1 b q - 1 25,c3d2
3,EulerE,ahmadmujahidin2021,1205,1213,r2qk3/2p1np1Q/p3p3/3pP3/1P1P2rp/6Pb/1P1B1P2/R3R1K1 w q - 2 26,g5g4
3,EulerE,ahmadmujahidin2021,1205,1213,r2qk2Q/2p1np2/p3p3/3pP3/1P1P2rp/6Pb/1P1B1P2/R3R1K1 b q - 3 26,h7h8
3,EulerE,ahmadmujahidin2021,1205,1213,r2qk1nQ/2p2p2/p3p3/3pP3/1P1P2rp/6Pb/1P1B1P2/R3R1K1 w q - 4 27,e7g8
3,EulerE,ahmadmujahidin2021,1205,1213,r2qk1nQ/2p2p2/p3p3/3pP3/1P1P2rp/6Pb/1P1B1P1K/R3R3 b q - 5 27,g1h2
3,EulerE,ahmadmujahidin2021,1205,1213,r2qk1nQ/2p2p2/p3p3/3pP3/1P1P2r1/6pb/1P1B1P1K/R3R3 w q - 0 28,h4g3
3,EulerE,ahmadmujahidin2021,1205,1213,r2qk1nQ/2p2p2/p3p3/3pP3/1P1P2r1/6pK/1P1B1P2/R3R3 b q - 0 28,h2h3
3,EulerE,ahmadmujahidin2021,1205,1213,r2qk1nQ/2p2p2/p3p3/3pP3/1P1P3r/6pK/1P1B1P2/R3R3 w q - 1 29,g4h4
3,EulerE,ahmadmujahidin2021,1205,1213,r2qk1n1/2p2p2/p3p3/3pP3/1P1P3Q/6pK/1P1B1P2/R3R3 b q - 0 29,h8h4
3,EulerE,ahmadmujahidin2021,1205,1213,r3k1n1/2p2p2/p3p3/3pP3/1P1P3q/6pK/1P1B1P2/R3R3 w q - 0 30,d8h4
3,EulerE,ahmadmujahidin2021,1205,1213,r3k1n1/2p2p2/p3p3/3pP3/1P1P3K/6p1/1P1B1P2/R3R3 b q - 0 30,h3h4
3,EulerE,ahmadmujahidin2021,1205,1213,r3k1n1/2p2p2/p3p3/3pP3/1P1P3K/8/1P1B1p2/R3R3 w q - 0 31,g3f2
3,EulerE,ahmadmujahidin2021,1205,1213,r3k1n1/2p2p2/p3p3/3pP3/1P1P3K/8/1P1B1p2/R4R2 b q - 1 31,e1f1
3,EulerE,ahmadmujahidin2021,1205,1213,2kr2n1/2p2p2/p3p3/3pP3/1P1P3K/8/1P1B1p2/R4R2 w - - 2 32,e8c8
3,EulerE,ahmadmujahidin2021,1205,1213,2kr2n1/2p2p2/p3p3/3pP3/1P1P3K/8/1P1B1R2/R7 b - - 0 32,f1f2
3,EulerE,ahmadmujahidin2021,1205,1213,3r2n1/1kp2p2/p3p3/3pP3/1P1P3K/8/1P1B1R2/R7 w - - 1 33,c8b7
3,EulerE,ahmadmujahidin2021,1205,1213,3r2n1/1kp2R2/p3p3/3pP3/1P1P3K/8/1P1B4/R7 b - - 0 33,f2f7
3,EulerE,ahmadmujahidin2021,1205,1213,3r4/1kp2R2/p3p2n/3pP3/1P1P3K/8/1P1B4/R7 w - - 1 34,g8h6
3,EulerE,ahmadmujahidin2021,1205,1213,3r4/1kp2R2/p3p2B/3pP3/1P1P3K/8/1P6/R7 b - - 0 34,d2h6
3,EulerE,ahmadmujahidin2021,1205,1213,7r/1kp2R2/p3p2B/3pP3/1P1P3K/8/1P6/R7 w - - 1 35,d8h8
3,EulerE,ahmadmujahidin2021,1205,1213,7r/1kp2R2/p3p2B/3pP2K/1P1P4/8/1P6/R7 b - - 2 35,h4h5
4,IyanPicks,EulerE,1102,1211,rnbqkbnr/pppppppp/8/8/3P4/8/PPP1PPPP/RNBQKBNR b KQkq - 0 1,d2d4
4,IyanPicks,EulerE,1102,1211,rnbqkbnr/ppp1pppp/8/3p4/3P4/8/PPP1PPPP/RNBQKBNR w KQkq - 0 2,d7d5
4,IyanPicks,EulerE,1102,1211,rnbqkbnr/ppp1pppp/8/3p4/3P4/4P3/PPP2PPP/RNBQKBNR b KQkq - 0 2,e2e3
4,IyanPicks,EulerE,1102,1211,rn1qkbnr/ppp1pppp/8/3p1b2/3P4/4P3/PPP2PPP/RNBQKBNR w KQkq - 1 3,c8f5
4,IyanPicks,EulerE,1102,1211,rn1qkbnr/ppp1pppp/8/3p1b2/3P4/P3P3/1PP2PPP/RNBQKBNR b KQkq - 0 3,a2a3
4,IyanPicks,EulerE,1102,1211,rn1qkb1r/ppp1pppp/5n2/3p1b2/3P4/P3P3/1PP2PPP/RNBQKBNR w KQkq - 1 4,g8f6
4,IyanPicks,EulerE,1102,1211,rn1qkb1r/ppp1pppp/5n2/3p1b2/3P4/P3P2P/1PP2PP1/RNBQKBNR b KQkq - 0 4,h2h3
4,IyanPicks,EulerE,1102,1211,r2qkb1r/ppp1pppp/2n2n2/3p1b2/3P4/P3P2P/1PP2PP1/RNBQKBNR w KQkq - 1 5,b8c6
4,IyanPicks,EulerE,1102,1211,r2qkb1r/ppp1pppp/2n2n2/3p1b2/3P4/P3PN1P/1PP2PP1/RNBQKB1R b KQkq - 2 5,g1f3
4,IyanPicks,EulerE,1102,1211,r2qkb1r/ppp2ppp/2n1pn2/3p1b2/3P4/P3PN1P/1PP2PP1/RNBQKB1R w KQkq - 0 6,e7e6
4,IyanPicks,EulerE,1102,1211,r2qkb1r/ppp2ppp/2n1pn2/3p1b2/2PP4/P3PN1P/1P3PP1/RNBQKB1R b KQkq - 0 6,c2c4
4,IyanPicks,EulerE,1102,1211,r2qk2r/ppp2ppp/2nbpn2/3p1b2/2PP4/P3PN1P/1P3PP1/RNBQKB1R w KQkq - 1 7,f8d6
4,IyanPicks,EulerE,1102,1211,r2qk2r/ppp2ppp/2nbpn2/3p1b2/2PP4/P1N1PN1P/1P3PP1/R1BQKB1R b KQkq - 2 7,b1c3
4,IyanPicks,EulerE,1102,1211,r2qk2r/ppp1nppp/3bpn2/3p1b2/2PP4/P1N1PN1P/1P3PP1/R1BQKB1R w KQkq - 3 8,c6e7
4,IyanPicks,EulerE,1102,1211,r2qk2r/ppp1nppp/3bpn2/3p1b2/2PP4/P1N1PN1P/1P1B1PP1/R2QKB1R b KQkq - 4 8,c1d2
4,IyanPicks,EulerE,1102,1211,r2q1rk1/ppp1nppp/3bpn2/3p1b2/2PP4/P1N1PN1P/1P1B1PP1/R2QKB1R w KQ - 5 9,e8g8
4,IyanPicks,EulerE,1102,1211,r2q1rk1/ppp1nppp/3bpn2/1N1p1b2/2PP4/P3PN1P/1P1B1PP1/R2QKB1R b KQ - 6 9,c3b5
4,IyanPicks,EulerE,1102,1211,r2q1rk1/ppp1nppp/3bp3/1N1p1b2/2PPn3/P3PN1P/1P1B1PP1/R2QKB1R w KQ - 7 10,f6e4
4,IyanPicks,EulerE,1102,1211,r2q1rk1/ppp1nppp/3bp3/1N1P1b2/3Pn3/P3PN1P/1P1B1PP1/R2QKB1R b KQ - 0 10,c4d5
4,IyanPicks,EulerE,1102,1211,r2q1rk1/ppp2ppp/3bp3/1N1n1b2/3Pn3/P3PN1P/1P1B1PP1/R2QKB1R w KQ - 0 11,e7d5
4,IyanPicks,EulerE,1102,1211,r2q1rk1/ppp2ppp/3bp3/1N1n1b2/3Pn3/P3PN1P/1P1B1PP1/2RQKB1R b K - 1 11,a1c1
4,IyanPicks,EulerE,1102,1211,r2q1rk1/1pp2ppp/p2bp3/1N1n1b2/3Pn3/P3PN1P/1P1B1PP1/2RQKB1R w K - 0 12,a7a6
4,IyanPicks,EulerE,1102,1211,r2q1rk1/1pp2ppp/p2Np3/3n1b2/3Pn3/P3PN1P/1P1B1PP1/2RQKB1R b K - 0 12,b5d6
4,IyanPicks,EulerE,1102,1211,r4rk1/1pp2ppp/p2qp3/3n1b2/3Pn3/P3PN1P/1P1B1PP1/2RQKB1R w K - 0 13,d8d6
4,IyanPicks,EulerE,1102,1211,r4rk1/1pp2ppp/p2qp3/3n1b2/1B1Pn3/P3PN1P/1P3PP1/2RQKB1R b K - 1 13,d2b4
4,IyanPicks,EulerE,1102,1211,r4rk1/1pp2ppp/p2qp3/5b2/1n1Pn3/P3PN1P/1P3PP1/2RQKB1R w K - 0 14,d5b4
4,IyanPicks,EulerE,1102,1211,r4rk1/1pp2ppp/p2qp3/5b2/1P1Pn3/4PN1P/1P3PP1/2RQKB1R b K - 0 14,a3b4
4,IyanPicks,EulerE,1102,1211,r4rk1/1pp2ppp/p3p3/5b2/1q1Pn3/4PN1P/1P3PP1/2RQKB1R w K - 0 15,d6b4
4,IyanPicks,EulerE,1102,1211,r4rk1/1pp2ppp/p3p3/5b2/1q1Pn3/4P2P/1P1N1PP1/2RQKB1R b K - 1 15,f3d2
4,IyanPicks,EulerE,1102,1211,r4rk1/1pp2ppp/p3p3/5b2/3Pn3/4P2P/1q1N1PP1/2RQKB1R w K - 0 16,b4b2
4,IyanPicks,EulerE,1102,1211,r4rk1/1pp2ppp/p3p3/5b2/3PN3/4P2P/1q3PP1/2RQKB1R b K - 0 16,d2e4
4,IyanPicks,EulerE,1102,1211,r4rk1/1pp2ppp/p3p3/8/3Pb3/4P2P/1q3PP1/2RQKB1R w K - 0 17,f5e4
4,IyanPicks,EulerE,1102,1211,r4rk1/1pR2ppp/p3p3/8/3Pb3/4P2P/1q3PP1/3QKB1R b K - 0 17,c1c7
4,IyanPicks,EulerE,1102,1211,r4rk1/1pR2ppp/p3p3/8/1q1Pb3/4P2P/5PP1/3QKB1R w K - 1 18,b2b4
4,IyanPicks,EulerE,1102,1211,r4rk1/1pR2ppp/p3p3/8/1q1Pb3/4P2P/4KPP1/3Q1B1R b - - 2 18,e1e2
4,IyanPicks,EulerE,1102,1211,r4rk1/1pR2ppp/p3p3/1q6/3Pb3/4P2P/4KPP1/3Q1B1R w - - 3 19,b4b5
5,EulerE,syamal10,1216,1069,rnbqkbnr/pppppppp/8/8/3P4/8/PPP1PPPP/RNBQKBNR b KQkq - 0 1,d2d4
5,EulerE,syamal10,1216,1069,rnbqkbnr/ppp1pppp/8/3p4/3P4/8/PPP1PPPP/RNBQKBNR w KQkq - 0 2,d7d5
5,EulerE,syamal10,1216,1069,rnbqkbnr/ppp1pppp/8/3p4/2PP4/8/PP2PPPP/RNBQKBNR b KQkq - 0 2,c2c4
5,EulerE,syamal10,1216,1069,rnbqkbnr/pp2pppp/2p5/3p4/2PP4/8/PP2PPPP/RNBQKBNR w KQkq - 0 3,c7c6
5,EulerE,syamal10,1216,1069,rnbqkbnr/pp2pppp/2p5/3p4/2PP4/2N5/PP2PPPP/R1BQKBNR b KQkq - 1 3,b1c3
5,EulerE,syamal10,1216,1069,rnbqkb1r/pp2pppp/2p2n2/3p4/2PP4/2N5/PP2PPPP/R1BQKBNR w KQkq - 2 4,g8f6
5,EulerE,syamal10,1216,1069,rnbqkb1r/pp2pppp/2p2n2/3p4/2PP4/2N2N2/PP2PPPP/R1BQKB1R b KQkq - 3 4,g1f3
5,EulerE,syamal10,1216,1069,rnbqkb1r/pp3ppp/2p1pn2/3p4/2PP4/2N2N2/PP2PPPP/R1BQKB1R w KQkq - 0 5,e7e6
5,EulerE,syamal10,1216,1069,rnbqkb1r/pp3ppp/2p1pn2/3p2B1/2PP4/2N2N2/PP2PPPP/R2QKB1R b KQkq - 1 5,c1g5
5,EulerE,syamal10,1216,1069,rnbqk2r/pp2bppp/2p1pn2/3p2B1/2PP4/2N2N2/PP2PPPP/R2QKB1R w KQkq - 2 6,f8e7
5,EulerE,syamal10,1216,1069,rnbqk2r/pp2bppp/2p1pn2/3p2B1/2PP4/2N1PN2/PP3PPP/R2QKB1R b KQkq - 0 6,e2e3
5,EulerE,syamal10,1216,1069,rnbqk2r/pp2bppp/4pn2/2pp2B1/2PP4/2N1PN2/PP3PPP/R2QKB1R w KQkq - 0 7,c6c5
5,EulerE,syamal10,1216,1069,rnbqk2r/pp2bppp/4pn2/2pP2B1/3P4/2N1PN2/PP3PPP/R2QKB1R b KQkq - 0 7,c4d5
5,EulerE,syamal10,1216,1069,rnbqk2r/pp2bppp/4p3/2pn2B1/3P4/2N1PN2/PP3PPP/R2QKB1R w KQkq - 0 8,f6d5
5,EulerE,syamal10,1216,1069,rnbqk2r/pp2bppp/4p3/2pN2B1/3P4/4PN2/PP3PPP/R2QKB1R b KQkq - 0 8,c3d5
5,EulerE,syamal10,1216,1069,rnb1k2r/pp2bppp/4p3/2pq2B1/3P4/4PN2/PP3PPP/R2QKB1R w KQkq - 0 9,d8d5
5,EulerE,syamal10,1216,1069,rnb1k2r/pp2Bppp/4p3/2pq4/3P4/4PN2/PP3PPP/R2QKB1R b KQkq - 0 9,g5e7
5,EulerE,syamal10,1216,1069,rnb4r/pp2kppp/4p3/2pq4/3P4/4PN2/PP3PPP/R2QKB1R w KQ - 0 10,e8e7
5,EulerE,syamal10,1216,1069,rnb4r/pp2kppp/4p3/2pq4/3P4/3BPN2/PP3PPP/R2QK2R b KQ - 1 10,f1d3
5,EulerE,syamal10,1216,1069,rnb4r/pp2kppp/4p3/3q4/3p4/3BPN2/PP3PPP/R2QK2R w KQ - 0 11,c5d4
5,EulerE,syamal10,1216,1069,rnb4r/pp2kppp/4p3/3q4/3P4/3B1N2/PP3PPP/R2QK2R b KQ - 0 11,e3d4
5,EulerE,syamal10,1216,1069,rnbr4/pp2kppp/4p3/3q4/3P4/3B1N2/PP3PPP/R2QK2R w KQ - 1 12,h8d8
5,EulerE,syamal10,1216,1069,rnbr4/pp2kppp/4p3/3q4/3P4/3B1N2/PP3PPP/R2Q1RK1 b - - 2 12,e1g1
5,EulerE,syamal10,1216,1069,rnbr4/pp2kp1p/4p1p1/3q4/3P4/3B1N2/PP3PPP/R2Q1RK1 w - - 0 13,g7g6
5,EulerE,syamal10,1216,1069,rnbr4/pp2kp1p/4p1p1/3q4/3P4/5N2/PPB2PPP/R2Q1RK1 b - - 1 13,d3c2
5,EulerE,syamal10,1216,1069,rnbr1k2/pp3p1p/4p1p1/3q4/3P4/5N2/PPB2PPP/R2Q1RK1 w - - 2 14,e7f8
5,EulerE,syamal10,1216,1069,rnbr1k2/pp3p1p/4p1p1/3q4/3P4/1B3N2/PP3PPP/R2Q1RK1 b - - 3 14,c2b3
5,EulerE,syamal10,1216,1069,rnbr1k2/pp3p1p/4p1p1/1q6/3P4/1B3N2/PP3PPP/R2Q1RK1 w - - 4 15,d5b5
5,EulerE,syamal10,1216,1069,rnbr1k2/pp3p1p/4p1p1/1q6/3P4/1B3N2/PP3PPP/2RQ1RK1 b - - 5 15,a1c1
5,EulerE,syamal10,1216,1069,r1br1k2/pp3p1p/2n1p1p1/1q6/3P4/1B3N2/PP3PPP/2RQ1RK1 w - - 6 16,b8c6
5,EulerE,syamal10,1216,1069,r1br1k2/pp3p1p/2n1p1p1/1q6/3P4/1B3N2/PP1Q1PPP/2R2RK1 b - - 7 16,d1d2
5,EulerE,syamal10,1216,1069,r1br4/pp3pkp/2n1p1p1/1q6/3P4/1B3N2/PP1Q1PPP/2R2RK1 w - - 8 17,f8g7
5,EulerE,syamal10,1216,1069,r1br4/pp3pkp/2n1p1p1/1q6/3P4/1BQ2N2/PP3PPP/2R2RK1 b - - 9 17,d2c3
5,EulerE,syamal10,1216,1069,r1br2k1/pp3p1p/2n1p1p1/1q6/3P4/1BQ2N2/PP3PPP/2R2RK1 w - - 10 18,g7g8
5,EulerE,syamal10,1216,1069,r1br2k1/pp3p1p/2n1p1p1/1q6/3P4/1BQ2N2/PP3PPP/2RR2K1 b - - 11 18,f1d1
5,EulerE,syamal10,1216,1069,r1br2k1/p4p1p/1pn1p1p1/1q6/3P4/1BQ2N2/PP3PPP/2RR2K1 w - - 0 19,b7b6
5,EulerE,syamal10,1216,1069,r1br2k1/p4p1p/1pn1p1p1/1q6/B2P4/2Q2N2/PP3PPP/2RR2K1 b - - 1 19,b3a4
5,EulerE,syamal10,1216,1069,r1br2k1/p4p1p/1pn1p1p1/8/q2P4/2Q2N2/PP3PPP/2RR2K1 w - - 0 20,b5a4
5,EulerE,syamal10,1216,1069,r1br2k1/p4p1p/1pQ1p1p1/8/q2P4/5N2/PP3PPP/2RR2K1 b - - 0 20,c3c6
5,EulerE,syamal10,1216,1069,r1br2k1/p4p1p/1pq1p1p1/8/3P4/5N2/PP3PPP/2RR2K1 w - - 0 21,a4c6
5,EulerE,syamal10,1216,1069,r1br2k1/p4p1p/1pR1p1p1/8/3P4/5N2/PP3PPP/3R2K1 b - - 0 21,c1c6
5,EulerE,syamal10,1216,1069,r2r2k1/pb3p1p/1pR1p1p1/8/3P4/5N2/PP3PPP/3R2K1 w - - 1 22,c8b7
5,EulerE,syamal10,1216,1069,r2r2k1/pbR2p1p/1p2p1p1/8/3P4/5N2/PP3PPP/3R2K1 b - - 2 22,c6c7
5,EulerE,syamal10,1216,1069,1r1r2k1/pbR2p1p/1p2p1p1/8/3P4/5N2/PP3PPP/3R2K1 w - - 3 23,a8b8
5,EulerE,syamal10,1216,1069,1r1r2k1/pbR2p1p/1p2p1p1/4N3/3P4/8/PP3PPP/3R2K1 b - - 4 23,f3e5
5,EulerE,syamal10,1216,1069,1r3rk1/pbR2p1p/1p2p1p1/4N3/3P4/8/PP3PPP/3R2K1 w - - 5 24,d8f8
5,EulerE,syamal10,1216,1069,1r3rk1/pbRN1p1p/1p2p1p1/8/3P4/8/PP3PPP/3R2K1 b - - 6 24,e5d7
5,EulerE,syamal10,1216,1069,1r3rk1/p1RN1p1p/1p2p1p1/3b4/3P4/8/PP3PPP/3R2K1 w - - 7 25,b7d5
5,EulerE,syamal10,1216,1069,1r3Nk1/p1R2p1p/1p2p1p1/3b4/3P4/8/PP3PPP/3R2K1 b - - 0 25,d7f8
5,EulerE,syamal10,1216,1069,5rk1/p1R2p1p/1p2p1p1/3b4/3P4/8/PP3PPP/3R2K1 w - - 0 26,b8f8
5,EulerE,syamal10,1216,1069,5rk1/R4p1p/1p2p1p1/3b4/3P4/8/PP3PPP/3R2K1 b - - 0 26,c7a7
6,Johnmg20,EulerE,1307,1210,rnbqkbnr/pppppppp/8/8/8/1P6/P1PPPPPP/RNBQKBNR b KQkq - 0 1,b2b3
6,Johnmg20,EulerE,1307,1210,rnbqkbnr/pppp1ppp/8/4p3/8/1P6/P1PPPPPP/RNBQKBNR w KQkq - 0 2,e7e5
6,Johnmg20,EulerE,1307,1210,rnbqkbnr/pppp1ppp/8/4p3/8/1P6/PBPPPPPP/RN1QKBNR b KQkq - 1 2,c1b2
6,Johnmg20,EulerE,1307,1210,r1bqkbnr/pppp1ppp/2n5/4p3/8/1P6/PBPPPPPP/RN1QKBNR w KQkq - 2 3,b8c6
6,Johnmg20,EulerE,1307,1210,r1bqkbnr/pppp1ppp/2n5/4p3/8/1P4P1/PBPPPP1P/RN1QKBNR b KQkq - 0 3,g2g3
6,Johnmg20,EulerE,1307,1210,r1bqk1nr/pppp1ppp/2n5/2b1p3/8/1P4P1/PBPPPP1P/RN1QKBNR w KQkq - 1 4,f8c5
6,Johnmg20,EulerE,1307,1210,r1bqk1nr/pppp1ppp/2n5/2b1p3/8/1P4P1/PBPPPPBP/RN1QK1NR b KQkq - 2 4,f1g2
6,Johnmg20,EulerE,1307,1210,r1bqk1nr/ppp2ppp/2np4/2b1p3/8/1P4P1/PBPPPPBP/RN1QK1NR w KQkq - 0 5,d7d6
6,Johnmg20,EulerE,1307,1210,r1bqk1nr/ppp2ppp/2Bp4/2b1p3/8/1P4P1/PBPPPP1P/RN1QK1NR b KQkq - 0 5,g2c6
6,Johnmg20,EulerE,1307,1210,r1bqk1nr/p1p2ppp/2pp4/2b1p3/8/1P4P1/PBPPPP1P/RN1QK1NR w KQkq - 0 6,b7c6
6,Johnmg20,EulerE,1307,1210,r1bqk1nr/p1p2ppp/2pp4/2b1p3/8/1P3NP1/PBPPPP1P/RN1QK2R b KQkq - 1 6,g1f3
6,Johnmg20,EulerE,1307,1210,r1bqk2r/p1p2ppp/2pp1n2/2b1p3/8/1P3NP1/PBPPPP1P/RN1QK2R w KQkq - 2 7,g8f6
6,Johnmg20,EulerE,1307,1210,r1bqk2r/p1p2ppp/2pp1n2/2b1p3/8/1P3NP1/PBPPPP1P/RN1Q1RK1 b kq - 3 7,e1g1
6,Johnmg20,EulerE,1307,1210,r2qk2r/p1p2ppp/2pp1n2/2b1p3/6b1/1P3NP1/PBPPPP1P/RN1Q1RK1 w kq - 4 8,c8g4
6,Johnmg20,EulerE,1307,1210,r2qk2r/p1p2ppp/2pp1n2/2b1p3/6b1/1PP2NP1/PB1PPP1P/RN1Q1RK1 b kq - 0 8,c2c3
6,Johnmg20,EulerE,1307,1210,r3k2r/p1p1qppp/2pp1n2/2b1p3/6b1/1PP2NP1/PB1PPP1P/RN1Q1RK1 w kq - 1 9,d8e7
6,Johnmg20,EulerE,1307,1210,r3k2r/p1p1qppp/2pp1n2/2b1p3/3P2b1/1PP2NP1/PB2PP1P/RN1Q1RK1 b kq - 0 9,d2d4
6,Johnmg20,EulerE,1307,1210,r3k2r/p1p1qppp/2pp1n2/2b5/3p2b1/1PP2NP1/PB2PP1P/RN1Q1RK1 w kq - 0 10,e5d4
6,Johnmg20,EulerE,1307,1210,r3k2r/p1p1qppp/2pp1n2/2b5/3P2b1/1P3NP1/PB2PP1P/RN1Q1RK1 b kq - 0 10,c3d4
6,Johnmg20,EulerE,1307,1210,r3k2r/p1p1qppp/1bpp1n2/8/3P2b1/1P3NP1/PB2PP1P/RN1Q1RK1 w kq - 1 11,c5b6
6,Johnmg20,EulerE,1307,1210,r3k2r/p1p1qppp/1bpp1n2/8/1P1P2b1/5NP1/PB2PP1P/RN1Q1RK1 b kq - 0 11,b3b4
6,Johnmg20,EulerE,1307,1210,r4rk1/p1p1qppp/1bpp1n2/8/1P1P2b1/5NP1/PB2PP1P/RN1Q1RK1 w - - 1 12,e8g8
6,Johnmg20,EulerE,1307,1210,r4rk1/p1p1qppp/1bpp1n2/8/PP1P2b1/5NP1/1B2PP1P/RN1Q1RK1 b - - 0 12,a2a4
6,Johnmg20,EulerE,1307,1210,r4rk1/2p1qppp/1bpp1n2/p7/PP1P2b1/5NP1/1B2PP1P/RN1Q1RK1 w - - 0 13,a7a5
6,Johnmg20,EulerE,1307,1210,r4rk1/2p1qppp/1bpp1n2/P7/P2P2b1/5NP1/1B2PP1P/RN1Q1RK1 b - - 0 13,b4a5
6,Johnmg20,EulerE,1307,1210,r4rk1/2p1qppp/2pp1n2/b7/P2P2b1/5NP1/1B2PP1P/RN1Q1RK1 w - - 0 14,b6a5
6,Johnmg20,EulerE,1307,1210,r4rk1/2p1qppp/2pp1n2/b7/P2P2b1/2B2NP1/4PP1P/RN1Q1RK1 b - - 1 14,b2c3
6,Johnmg20,EulerE,1307,1210,r4rk1/2p1qppp/2pp1n2/8/P2P2b1/2b2NP1/4PP1P/RN1Q1RK1 w - - 0 15,a5c3
6,Johnmg20,EulerE,1307,1210,r4rk1/2p1qppp/2pp1n2/8/P2P2b1/2N2NP1/4PP1P/R2Q1RK1 b - - 0 15,b1c3
6,Johnmg20,EulerE,1307,1210,r4rk1/2p1qppp/2pp1n2/8/P2P4/2N2bP1/4PP1P/R2Q1RK1 w - - 0 16,g4f3
6,Johnmg20,EulerE,1307,1210,r4rk1/2p1qppp/2pp1n2/8/P2P4/2N2PP1/5P1P/R2Q1RK1 b - - 0 16,e2f3
6,Johnmg20,EulerE,1307,1210,r3r1k1/2p1qppp/2pp1n2/8/P2P4/2N2PP1/5P1P/R2Q1RK1 w - - 1 17,f8e8
6,Johnmg20,EulerE,1307,1210,r3r1k1/2p1qppp/2pp1n2/8/P2P4/2N2PP1/5P1P/R2QR1K1 b - - 2 17,f1e1
6,Johnmg20,EulerE,1307,1210,r3r1k1/2pq1ppp/2pp1n2/8/P2P4/2N2PP1/5P1P/R2QR1K1 w - - 3 18,e7d7
6,Johnmg20,EulerE,1307,1210,r3R1k1/2pq1ppp/2pp1n2/8/P2P4/2N2PP1/5P1P/R2Q2K1 b - - 0 18,e1e8
6,Johnmg20,EulerE,1307,1210,4r1k1/2pq1ppp/2pp1n2/8/P2P4/2N2PP1/5P1P/R2Q2K1 w - - 0 19,a8e8
6,Johnmg20,EulerE,1307,1210,4r1k1/2pq1ppp/2pp1n2/P7/3P4/2N2PP1/5P1P/R2Q2K1 b - - 0 19,a4a5
6,Johnmg20,EulerE,1307,1210,4r1k1/2pq1ppp/2pp4/P2n4/3P4/2N2PP1/5P1P/R2Q2K1 w - - 1 20,f6d5
6,Johnmg20,EulerE,1307,1210,4r1k1/2pq1ppp/2pp4/P2N4/3P4/5PP1/5P1P/R2Q2K1 b - - 0 20,c3d5
6,Johnmg20,EulerE,1307,1210,4r1k1/2pq1ppp/3p4/P2p4/3P4/5PP1/5P1P/R2Q2K1 w - - 0 21,c6d5
6,Johnmg20,EulerE,1307,1210,4r1k1/2pq1ppp/P2p4/3p4/3P4/5PP1/5P1P/R2Q2K1 b - - 0 21,a5a6
6,Johnmg20,EulerE,1307,1210,4r1k1/3q1ppp/P1pp4/3p4/3P4/5PP1/5P1P/R2Q2K1 w - - 0 22,c7c6
6,Johnmg20,EulerE,1307,1210,4r1k1/P2q1ppp/2pp4/3p4/3P4/5PP1/5P1P/R2Q2K1 b - - 0 22,a6a7
6,Johnmg20,EulerE,1307,1210,r5k1/P2q1ppp/2pp4/3p4/3P4/5PP1/5P1P/R2Q2K1 w - - 1 23,e8a8
6,Johnmg20,EulerE,1307,1210,r5k1/P2q1ppp/2pp4/3p4/Q2P4/5PP1/5P1P/R5K1 b - - 2 23,d1a4
6,Johnmg20,EulerE,1307,1210,r5k1/P1q2ppp/2pp4/3p4/Q2P4/5PP1/5P1P/R5K1 w - - 3 24,d7c7
6,Johnmg20,EulerE,1307,1210,r5k1/P1q2ppp/2pp4/3p4/Q2P4/5PP1/5PKP/R7 b - - 4 24,g1g2
6,Johnmg20,EulerE,1307,1210,r5k1/P1q2ppp/3p4/2pp4/Q2P4/5PP1/5PKP/R7 w - - 0 25,c6c5
6,Johnmg20,EulerE,1307,1210,r5k1/P1q2ppp/3p4/2Pp4/Q7/5PP1/5PKP/R7 b - - 0 25,d4c5
6,Johnmg20,EulerE,1307,1210,r5k1/P1q2ppp/8/2pp4/Q7/5PP1/5PKP/R7 w - - 0 26,d6c5
6,Johnmg20,EulerE,1307,1210,r5k1/P1q2ppp/8/Q1pp4/8/5PP1/5PKP/R7 b - - 1 26,a4a5
6,Johnmg20,EulerE,1307,1210,r5k1/P3qppp/8/Q1pp4/8/5PP1/5PKP/R7 w - - 2 27,c7e7
6,Johnmg20,EulerE,1307,1210,r5k1/P3qppp/8/Q1pp4/5P2/6P1/5PKP/R7 b - - 0 27,f3f4
6,Johnmg20,EulerE,1307,1210,r5k1/P3qppp/8/Q1p5/3p1P2/6P1/5PKP/R7 w - - 0 28,d5d4
6,Johnmg20,EulerE,1307,1210,r5k1/P3qppp/8/Q1p5/3p1P2/R5P1/5PKP/8 b - - 1 28,a1a3
6,Johnmg20,EulerE,1307,1210,r5k1/P4ppp/8/Q1p5/3pqP2/R5P1/5PKP/8 w - - 2 29,e7e4
6,Johnmg20,EulerE,1307,1210,r5k1/P4ppp/8/Q1p5/3pqP2/R4PP1/6KP/8 b - - 0 29,f2f3
6,Johnmg20,EulerE,1307,1210,r5k1/P4ppp/8/Q1p5/3p1P2/R4PP1/4q1KP/8 w - - 1 30,e4e2
6,Johnmg20,EulerE,1307,1210,r5k1/P4ppp/8/Q1p5/3p1P2/R4PPK/4q2P/8 b - - 2 30,g2h3
6,Johnmg20,EulerE,1307,1210,r5k1/P5pp/8/Q1p2p2/3p1P2/R4PPK/4q2P/8 w - - 0 31,f7f5
6,Johnmg20,EulerE,1307,1210,r5k1/P5pp/8/2Q2p2/3p1P2/R4PPK/4q2P/8 b - - 0 31,a5c5
6,Johnmg20,EulerE,1307,1210,r5k1/P5pp/8/2Q2p2/3p1P2/R4PPK/7P/5q2 w - - 1 32,e2f1
6,Johnmg20,EulerE,1307,1210,r5k1/P5pp/8/2Q2p2/3p1P1K/R4PP1/7P/5q2 b - - 2 32,h3h4
6,Johnmg20,EulerE,1307,1210,r5k1/P5pp/8/2Q2p2/3p1P1K/R4PP1/6qP/8 w - - 3 33,f1g2
6,Johnmg20,EulerE,1307,1210,r5k1/P5pp/8/3Q1p2/3p1P1K/R4PP1/6qP/8 b - - 4 33,c5d5
6,Johnmg20,EulerE,1307,1210,r4k2/P5pp/8/3Q1p2/3p1P1K/R4PP1/6qP/8 w - - 5 34,g8f8
6,Johnmg20,EulerE,1307,1210,Q4k2/P5pp/8/5p2/3p1P1K/R4PP1/6qP/8 b - - 0 34,d5a8
6,Johnmg20,EulerE,1307,1210,Q7/P3k1pp/8/5p2/3p1P1K/R4PP1/6qP/8 w - - 1 35,f8e7
6,Johnmg20,EulerE,1307,1210,8/PQ2k1pp/8/5p2/3p1P1K/R4PP1/6qP/8 b - - 2 35,a8b7
6,Johnmg20,EulerE,1307,1210,8/PQ4pp/5k2/5p2/3p1P1K/R4PP1/6qP/8 w - - 3 36,e7f6
6,Johnmg20,EulerE,1307,1210,8/P5pp/2Q2k2/5p2/3p1P1K/R4PP1/6qP/8 b - - 4 36,b7c6
6,Johnmg20,EulerE,1307,1210,8/P4kpp/2Q5/5p2/3p1P1K/R4PP1/6qP/8 w - - 5 37,f6f7
6,Johnmg20,EulerE,1307,1210,8/P2Q1kpp/8/5p2/3p1P1K/R4PP1/6qP/8 b - - 6 37,c6d7
6,Johnmg20,EulerE,1307,1210,8/P2Q2pp/6k1/5p2/3p1P1K/R4PP1/6qP/8 w - - 7 38,f7g6
6,Johnmg20,EulerE,1307,1210,8/P2Q2pp/R5k1/5p2/3p1P1K/5PP1/6qP/8 b - - 8 38,a3a6
7,bigshad26,EulerE,1306,1220,rnbqkbnr/pppppppp/8/8/4P3/8/PPPP1PPP/RNBQKBNR b KQkq - 0 1,e2e4
7,bigshad26,EulerE,1306,1220,rnbqkbnr/pppp1ppp/8/4p3/4P3/8/PPPP1PPP/RNBQKBNR w KQkq - 0 2,e7e5
7,bigshad26,EulerE,1306,1220,rnbqkbnr/pppp1ppp/8/4p3/4P3/5N2/PPPP1PPP/RNBQKB1R b KQkq - 1 2,g1f3
7,bigshad26,EulerE,1306,1220,r1bqkbnr/pppp1ppp/2n5/4p3/4P3/5N2/PPPP1PPP/RNBQKB1R w KQkq - 2 3,b8c6
7,bigshad26,EulerE,1306,1220,r1bqkbnr/pppp1ppp/2n5/4p3/4P3/2N2N2/PPPP1PPP/R1BQKB1R b KQkq - 3 3,b1c3
7,bigshad26,EulerE,1306,1220,r1bqk1nr/pppp1ppp/2n5/4p3/1b2P3/2N2N2/PPPP1PPP/R1BQKB1R w KQkq - 4 4,f8b4
7,bigshad26,EulerE,1306,1220,r1bqk1nr/pppp1ppp/2n5/4p3/1bB1P3/2N2N2/PPPP1PPP/R1BQK2R b KQkq - 5 4,f1c4
7,bigshad26,EulerE,1306,1220,r1bqk2r/pppp1ppp/2n2n2/4p3/1bB1P3/2N2N2/PPPP1PPP/R1BQK2R w KQkq - 6 5,g8f6
7,bigshad26,EulerE,1306,1220,r1bqk2r/pppp1ppp/2n2n2/4p3/1bB1P3/P1N2N2/1PPP1PPP/R1BQK2R b KQkq - 0 5,a2a3
7,bigshad26,EulerE,1306,1220,r1bqk2r/pppp1ppp/2n2n2/b3p3/2B1P3/P1N2N2/1PPP1PPP/R1BQK2R w KQkq - 1 6,b4a5
7,bigshad26,EulerE,1306,1220,r1bqk2r/pppp1ppp/2n2n2/b3p3/1PB1P3/P1N2N2/2PP1PPP/R1BQK2R b KQkq - 0 6,b2b4
7,bigshad26,EulerE,1306,1220,r1bqk2r/pppp1ppp/1bn2n2/4p3/1PB1P3/P1N2N2/2PP1PPP/R1BQK2R w KQkq - 1 7,a5b6
7,bigshad26,EulerE,1306,1220,r1bqk2r/pppp1ppp/1bn2n2/4p3/1PB1P3/P1N2N2/2PP1PPP/R1BQ1RK1 b kq - 2 7,e1g1
7,bigshad26,EulerE,1306,1220,r1bq1rk1/pppp1ppp/1bn2n2/4p3/1PB1P3/P1N2N2/2PP1PPP/R1BQ1RK1 w - - 3 8,e8g8
7,bigshad26,EulerE,1306,1220,r1bq1rk1/pppp1ppp/1bn2n2/4p3/1PB1P3/P1N2N2/1BPP1PPP/R2Q1RK1 b - - 4 8,c1b2
7,bigshad26,EulerE,1306,1220,r1bq1rk1/ppp2ppp/1bnp1n2/4p3/1PB1P3/P1N2N2/1BPP1PPP/R2Q1RK1 w - - 0 9,d7d6
7,bigshad26,EulerE,1306,1220,r1bq1rk1/ppp2ppp/1bnp1n2/1B2p3/1P2P3/P1N2N2/1BPP1PPP/R2Q1RK1 b - - 1 9,c4b5
7,bigshad26,EulerE,1306,1220,r2q1rk1/pppb1ppp/1bnp1n2/1B2p3/1P2P3/P1N2N2/1BPP1PPP/R2Q1RK1 w - - 2 10,c8d7
7,bigshad26,EulerE,1306,1220,r2q1rk1/pppb1ppp/1bnp1n2/1B2p3/1P2P3/P1NP1N2/1BP2PPP/R2Q1RK1 b - - 0 10,d2d3
7,bigshad26,EulerE,1306,1220,r2q1rk1/1ppb1ppp/pbnp1n2/1B2p3/1P2P3/P1NP1N2/1BP2PPP/R2Q1RK1 w - - 0 11,a7a6
7,bigshad26,EulerE,1306,1220,r2q1rk1/1ppb1ppp/pbnp1n2/4p3/BP2P3/P1NP1N2/1BP2PPP/R2Q1RK1 b - - 1 11,b5a4
7,bigshad26,EulerE,1306,1220,r2q1rk1/1ppb1ppp/p1np1n2/4p3/BP1bP3/P1NP1N2/1BP2PPP/R2Q1RK1 w - - 2 12,b6d4
7,bigshad26,EulerE,1306,1220,r2q1rk1/1ppb1ppp/p1np1n2/4p3/BP1NP3/P1NP4/1BP2PPP/R2Q1RK1 b - - 0 12,f3d4
7,bigshad26,EulerE,1306,1220,r2q1rk1/1ppb1ppp/p1np1n2/8/BP1pP3/P1NP4/1BP2PPP/R2Q1RK1 w - - 0 13,e5d4
7,bigshad26,EulerE,1306,1220,r2q1rk1/1ppb1ppp/p1np1n2/3N4/BP1pP3/P2P4/1BP2PPP/R2Q1RK1 b - - 1 13,c3d5
7,bigshad26,EulerE,1306,1220,r2q1rk1/1ppb1ppp/p1np4/3n4/BP1pP3/P2P4/1BP2PPP/R2Q1RK1 w - - 0 14,f6d5
7,bigshad26,EulerE,1306,1220,r2q1rk1/1ppb1ppp/p1np4/3P4/BP1p4/P2P4/1BP2PPP/R2Q1RK1 b - - 0 14,e4d5
7,bigshad26,EulerE,1306,1220,r2q1rk1/1ppbnppp/p2p4/3P4/BP1p4/P2P4/1BP2PPP/R2Q1RK1 w - - 1 15,c6e7
7,bigshad26,EulerE,1306,1220,r2q1rk1/1ppBnppp/p2p4/3P4/1P1p4/P2P4/1BP2PPP/R2Q1RK1 b - - 0 15,a4d7
7,bigshad26,EulerE,1306,1220,r4rk1/1ppqnppp/p2p4/3P4/1P1p4/P2P4/1BP2PPP/R2Q1RK1 w - - 0 16,d8d7
7,bigshad26,EulerE,1306,1220,r4rk1/1ppqnppp/p2p4/3P4/1PPp4/P2P4/1B3PPP/R2Q1RK1 b - c3 0 16,c2c4
7,bigshad26,EulerE,1306,1220,r4rk1/1ppq1ppp/p2p4/3P1n2/1PPp4/P2P4/1B3PPP/R2Q1RK1 w - - 1 17,e7f5
7,bigshad26,EulerE,1306,1220,r4rk1/1ppq1ppp/p2p4/3P1n2/1PPp4/P2P4/5PPP/R1BQ1RK1 b - - 2 17,b2c1
7,bigshad26,EulerE,1306,1220,r4rk1/1p1q1ppp/p1pp4/3P1n2/1PPp4/P2P4/5PPP/R1BQ1RK1 w - - 0 18,c7c6
7,bigshad26,EulerE,1306,1220,r4rk1/1p1q1ppp/p1pp4/3P1n2/1PPp2Q1/P2P4/5PPP/R1B2RK1 b - - 1 18,d1g4
7,bigshad26,EulerE,1306,1220,r4rk1/1p1q1ppp/p2p4/2pP1n2/1PPp2Q1/P2P4/5PPP/R1B2RK1 w - - 0 19,c6c5
7,bigshad26,EulerE,1306,1220,r4rk1/1p1q1ppp/p2p4/2pP1n2/1PPp2Q1/P2P4/3B1PPP/R4RK1 b - - 1 19,c1d2
7,bigshad26,EulerE,1306,1220,3r1rk1/1p1q1ppp/p2p4/2pP1n2/1PPp2Q1/P2P4/3B1PPP/R4RK1 w - - 2 20,a8d8
7,bigshad26,EulerE,1306,1220,3r1rk1/1p1q1ppp/p2p4/2pP1n2/1PPp4/P2P4/3B1PPP/R2Q1RK1 b - - 3 20,g4d1
7,bigshad26,EulerE,1306,1220,3r1rk1/3q1ppp/p2p4/1ppP1n2/1PPp4/P2P4/3B1PPP/R2Q1RK1 w - - 0 21,b7b5
7,bigshad26,EulerE,1306,1220,3r1rk1/3q1ppp/p2p4/1pPP1n2/2Pp4/P2P4/3B1PPP/R2Q1RK1 b - - 0 21,b4c5
7,bigshad26,EulerE,1306,1220,3r1rk1/3q1ppp/p7/1ppP1n2/2Pp4/P2P4/3B1PPP/R2Q1RK1 w - - 0 22,d6c5
7,bigshad26,EulerE,1306,1220,3r1rk1/3q1ppp/p7/BppP1n2/2Pp4/P2P4/5PPP/R2Q1RK1 b - - 1 22,d2a5
7,bigshad26,EulerE,1306,1220,4rrk1/3q1ppp/p7/BppP1n2/2Pp4/P2P4/5PPP/R2Q1RK1 w - - 2 23,d8e8
7,bigshad26,EulerE,1306,1220,4rrk1/3q1ppp/p7/BPpP1n2/3p4/P2P4/5PPP/R2Q1RK1 b - - 0 23,c4b5
7,bigshad26,EulerE,1306,1220,4rrk1/5ppp/p7/BqpP1n2/3p4/P2P4/5PPP/R2Q1RK1 w - - 0 24,d7b5
7,bigshad26,EulerE,1306,1220,4rrk1/2B2ppp/p7/1qpP1n2/3p4/P2P4/5PPP/R2Q1RK1 b - - 1 24,a5c7
7,bigshad26,EulerE,1306,1220,4rrk1/2Bq1ppp/p7/2pP1n2/3p4/P2P4/5PPP/R2Q1RK1 w - - 2 25,b5d7
7,bigshad26,EulerE,1306,1220,4rrk1/2Bq1ppp/p2P4/2p2n2/3p4/P2P4/5PPP/R2Q1RK1 b - - 0 25,d5d6
7,bigshad26,EulerE,1306,1220,4rrk1/2Bq1ppp/p2n4/2p5/3p4/P2P4/5PPP/R2Q1RK1 w - - 0 26,f5d6
7,bigshad26,EulerE,1306,1220,4rrk1/3q1ppp/p2B4/2p5/3p4/P2P4/5PPP/R2Q1RK1 b - - 0 26,c7d6
7,bigshad26,EulerE,1306,1220,4rrk1/5ppp/p2q4/2p5/3p4/P2P4/5PPP/R2Q1RK1 w - - 0 27,d7d6
7,bigshad26,EulerE,1306,1220,4rrk1/5ppp/p2q4/2p5/P2p4/3P4/5PPP/R2Q1RK1 b - - 0 27,a3a4
7,bigshad26,EulerE,1306,1220,2r2rk1/5ppp/p2q4/2p5/P2p4/3P4/5PPP/R2Q1RK1 w - - 1 28,e8c8
7,bigshad26,EulerE,1306,1220,2r2rk1/5ppp/p2q4/2p5/P2p1P2/3P4/6PP/R2Q1RK1 b - - 0 28,f2f4
7,bigshad26,EulerE,1306,1220,2r2rk1/5ppp/p2q4/8/P1pp1P2/3P4/6PP/R2Q1RK1 w - - 0 29,c5c4
7,bigshad26,EulerE,1306,1220,2r2rk1/5ppp/p2q4/8/P1Pp1P2/8/6PP/R2Q1RK1 b - - 0 29,d3c4
7,bigshad26,EulerE,1306,1220,5rk1/5ppp/p2q4/8/P1rp1P2/8/6PP/R2Q1RK1 w - - 0 30,c8c4
7,bigshad26,EulerE,1306,1220,5rk1/5ppp/p2q4/5P2/P1rp4/8/6PP/R2Q1RK1 b - - 0 30,f4f5
7,bigshad26,EulerE,1306,1220,5rk1/6pp/p2q1p2/5P2/P1rp4/8/6PP/R2Q1RK1 w - - 0 31,f7f6
7,bigshad26,EulerE,1306,1220,5rk1/6pp/p2q1p2/5P2/P1rp2P1/8/7P/R2Q1RK1 b - - 0 31,g2g4
7,bigshad26,EulerE,1306,1220,5rk1/6pp/p2q1p2/5P2/P1r3P1/3p4/7P/R2Q1RK1 w - - 0 32,d4d3
7,bigshad26,EulerE,1306,1220,5rk1/6pp/p2q1p2/5P2/P1r3P1/1Q1p4/7P/R4RK1 b - - 1 32,d1b3
7,bigshad26,EulerE,1306,1220,5rk1/6pp/p4p2/3q1P2/P1r3P1/1Q1p4/7P/R4RK1 w - - 2 33,d6d5
7,bigshad26,EulerE,1306,1220,5rk1/6pp/p4p2/3q1P2/P1r2RP1/1Q1p4/7P/R5K1 b - - 3 33,f1f4
7,bigshad26,EulerE,1306,1220,5rk1/6pp/p4p2/2rq1P2/P4RP1/1Q1p4/7P/R5K1 w - - 4 34,c4c5
7,bigshad26,EulerE,1306,1220,5rk1/6pp/p4p2/2rQ1P2/P4RP1/3p4/7P/R5K1 b - - 0 34,b3d5
7,bigshad26,EulerE,1306,1220,5rk1/6pp/p4p2/3r1P2/P4RP1/3p4/7P/R5K1 w - - 0 35,c5d5
7,bigshad26,EulerE,1306,1220,5rk1/6pp/p4p2/3r1PP1/P4R2/3p4/7P/R5K1 b - - 0 35,g4g5
7,bigshad26,EulerE,1306,1220,5rk1/6pp/p7/3r1Pp1/P4R2/3p4/7P/R5K1 w - - 0 36,f6g5
7,bigshad26,EulerE,1306,1220,5rk1/6pp/p7/3r1Pp1/P3R3/3p4/7P/R5K1 b - - 1 36,f4e4
7,bigshad26,EulerE,1306,1220,5rk1/6pp/p7/3r1Pp1/P3R3/8/3p3P/R5K1 w - - 0 37,d3d2
7,bigshad26,EulerE,1306,1220,5rk1/6pp/p7/3r1Pp1/P3R3/8/3p3P/3R2K1 b - - 1 37,a1d1
7,bigshad26,EulerE,1306,1220,2r3k1/6pp/p7/3r1Pp1/P3R3/8/3p3P/3R2K1 w - - 2 38,f8c8
7,bigshad26,EulerE,1306,1220,2r3k1/6pp/p7/3r1Pp1/P3R3/8/3p2KP/3R4 b - - 3 38,g1g2
7,bigshad26,EulerE,1306,1220,6k1/6pp/p7/3r1Pp1/P3R3/8/3p2KP/2rR4 w - - 4 39,c8c1
7,bigshad26,EulerE,1306,1220,6k1/6pp/p7/3r1Pp1/P3R3/8/3R2KP/2r5 b - - 0 39,d1d2
7,bigshad26,EulerE,1306,1220,6k1/6pp/p7/5Pp1/P3R3/8/3r2KP/2r5 w - - 0 40,d5d2
7,bigshad26,EulerE,1306,1220,6k1/6pp/p7/5Pp1/P3R3/5K2/3r3P/2r5 b - - 1 40,g2f3
7,bigshad26,EulerE,1306,1220,3r2k1/6pp/p7/5Pp1/P3R3/5K2/7P/2r5 w - - 2 41,d2d8
7,bigshad26,EulerE,1306,1220,3r2k1/6pp/p7/5Pp1/P3R2P/5K2/8/2r5 b - - 0 41,h2h4
7,bigshad26,EulerE,1306,1220,3r2k1/6pp/p7/5P2/P3R2p/5K2/8/2r5 w - - 0 42,g5h4
7,bigshad26,EulerE,1306,1220,3r2k1/6pp/p7/5P2/P6R/5K2/8/2r5 b - - 0 42,e4h4
7,bigshad26,EulerE,1306,1220,3r2k1/6pp/p7/5P2/P6R/2r2K2/8/8 w - - 1 43,c1c3
7,bigshad26,EulerE,1306,1220,3r2k1/6pp/p7/5P2/P6R/2r5/4K3/8 b - - 2 43,f3e2
7,bigshad26,EulerE,1306,1220,3r2k1/6pp/p7/5P2/P6R/8/2r1K3/8 w - - 3 44,c3c2
7,bigshad26,EulerE,1306,1220,3r2k1/6pp/p7/5P2/P6R/4K3/2r5/8 b - - 4 44,e2e3
7,bigshad26,EulerE,1306,1220,3r2k1/7p/p5p1/5P2/P6R/4K3/2r5/8 w - - 0 45,g7g6
7,bigshad26,EulerE,1306,1220,3r2k1/7p/p5p1/5P2/P5R1/4K3/2r5/8 b - - 1 45,h4g4
7,bigshad26,EulerE,1306,1220,3r4/5k1p/p5p1/5P2/P5R1/4K3/2r5/8 w - - 2 46,g8f7
7,bigshad26,EulerE,1306,1220,3r4/5k1p/p5P1/8/P5R1/4K3/2r5/8 b - - 0 46,f5g6
7,bigshad26,EulerE,1306,1220,3r4/5k2/p5p1/8/P5R1/4K3/2r5/8 w - - 0 47,h7g6
7,bigshad26,EulerE,1306,1220,3r4/5k2/p5p1/8/P4R2/4K3/2r5/8 b - - 1 47,g4f4
7,bigshad26,EulerE,1306,1220,3r4/6k1/p5p1/8/P4R2/4K3/2r5/8 w - - 2 48,f7g7
7,bigshad26,EulerE,1306,1220,3r4/6k1/p5p1/8/P3R3/4K3/2r5/8 b - - 3 48,f4e4
7,bigshad26,EulerE,1306,1220,8/3r2k1/p5p1/8/P3R3/4K3/2r5/8 w - - 4 49,d8d7
7,bigshad26,EulerE,1306,1220,8/3r2k1/p5p1/P7/4R3/4K3/2r5/8 b - - 0 49,a4a5
7,bigshad26,EulerE,1306,1220,8/3r2k1/p5p1/P7/4R3/2r1K3/8/8 w - - 1 50,c2c3
7,bigshad26,EulerE,1306,1220,8/3r2k1/p5p1/P7/4R3/2r5/4K3/8 b - - 2 50,e3e2
7,bigshad26,EulerE,1306,1220,8/3r2k1/p5p1/P7/4R3/r7/4K3/8 w - - 3 51,c3a3
7,bigshad26,EulerE,1306,1220,8/3r2k1/p5p1/P3R3/8/r7/4K3/8 b - - 4 51,e4e5
7,bigshad26,EulerE,1306,1220,8/3r1k2/p5p1/P3R3/8/r7/4K3/8 w - - 5 52,g7f7
7,bigshad26,EulerE,1306,1220,8/3r1k2/p5p1/P1R5/8/r7/4K3/8 b - - 6 52,e5c5
7,bigshad26,EulerE,1306,1220,8/4rk2/p5p1/P1R5/8/r7/4K3/8 w - - 7 53,d7e7
7,bigshad26,EulerE,1306,1220,8/4rk2/p5p1/P1R5/8/r7/8/3K4 b - - 8 53,e2d1
7,bigshad26,EulerE,1306,1220,8/4r3/p4kp1/P1R5/8/r7/8/3K4 w - - 9 54,f7f6
7,bigshad26,EulerE,1306,1220,8/4r3/p1R2kp1/P7/8/r7/8/3K4 b - - 10 54,c5c6
7,bigshad26,EulerE,1306,1220,8/8/p1R1rkp1/P7/8/r7/8/3K4 w - - 11 55,e7e6
7,bigshad26,EulerE,1306,1220,8/8/p3rkp1/P1R5/8/r7/8/3K4 b - - 12 55,c6c5
7,bigshad26,EulerE,1306,1220,8/8/p2r1kp1/P1R5/8/r7/8/3K4 w - - 13 56,e6d6
7,bigshad26,EulerE,1306,1220,8/8/p2r1kp1/P1R5/8/r7/2K5/8 b - - 14 56,d1c2
7,bigshad26,EulerE,1306,1220,8/8/p2r1k2/P1R3p1/8/r7/2K5/8 w - - 0 57,g6g5
7,bigshad26,EulerE,1306,1220,8/8/p2r1k2/P5p1/8/r1R5/2K5/8 b - - 1 57,c5c3
7,bigshad26,EulerE,1306,1220,8/8/p2r1k2/P7/6p1/r1R5/2K5/8 w - - 0 58,g5g4
7,bigshad26,EulerE,1306,1220,8/8/p2r1k2/P7/6p1/R7/2K5/8 b - - 0 58,c3a3
7,bigshad26,EulerE,1306,1220,8/8/p1r2k2/P7/6p1/R7/2K5/8 w - - 1 59,d6c6
7,bigshad26,EulerE,1306,1220,8/8/p1r2k2/P7/6p1/2R5/2K5/8 b - - 2 59,a3c3
7,bigshad26,EulerE,1306,1220,8/8/p1r2k2/P7/8/2R3p1/2K5/8 w - - 0 60,g4g3
7,bigshad26,EulerE,1306,1220,8/8/p1R2k2/P7/8/6p1/2K5/8 b - - 0 60,c3c6
7,bigshad26,EulerE,1306,1220,8/8/p1R5/P3k3/8/6p1/2K5/8 w - - 1 61,f6e5
8,cadipukhadgi,EulerE,1221,1212,rnbqkbnr/pppppppp/8/8/4P3/8/PPPP1PPP/RNBQKBNR b KQkq - 0 1,e2e4
8,cadipukhadgi,EulerE,1221,1212,rnbqkbnr/pppp1ppp/8/4p3/4P3/8/PPPP1PPP/RNBQKBNR w KQkq - 0 2,e7e5
8,cadipukhadgi,EulerE,1221,1212,rnbqkbnr/pppp1ppp/8/4p3/4P3/5N2/PPPP1PPP/RNBQKB1R b KQkq - 1 2,g1f3
8,cadipukhadgi,EulerE,1221,1212,r1bqkbnr/pppp1ppp/2n5/4p3/4P3/5N2/PPPP1PPP/RNBQKB1R w KQkq - 2 3,b8c6
8,cadipukhadgi,EulerE,1221,1212,r1bqkbnr/pppp1ppp/2n5/4p3/4P3/2N2N2/PPPP1PPP/R1BQKB1R b KQkq - 3 3,b1c3
8,cadipukhadgi,EulerE,1221,1212,r1bqkb1r/pppp1ppp/2n2n2/4p3/4P3/2N2N2/PPPP1PPP/R1BQKB1R w KQkq - 4 4,g8f6
8,cadipukhadgi,EulerE,1221,1212,r1bqkb1r/pppp1ppp/2n2n2/4p3/4P3/2NB1N2/PPPP1PPP/R1BQK2R b KQkq - 5 4,f1d3
8,cadipukhadgi,EulerE,1221,1212,r1bqk2r/pppp1ppp/2n2n2/4p3/1b2P3/2NB1N2/PPPP1PPP/R1BQK2R w KQkq - 6 5,f8b4
8,cadipukhadgi,EulerE,1221,1212,r1bqk2r/pppp1ppp/2n2n2/4p3/1b2P3/2NB1N2/PPPP1PPP/R1BQ1RK1 b kq - 7 5,e1g1
8,cadipukhadgi,EulerE,1221,1212,r1bq1rk1/pppp1ppp/2n2n2/4p3/1b2P3/2NB1N2/PPPP1PPP/R1BQ1RK1 w - - 8 6,e8g8
8,cadipukhadgi,EulerE,1221,1212,r1bq1rk1/pppp1ppp/2n2n2/4p3/1b2P3/P1NB1N2/1PPP1PPP/R1BQ1RK1 b - - 0 6,a2a3
8,cadipukhadgi,EulerE,1221,1212,r1bq1rk1/pppp1ppp/2n2n2/2b1p3/4P3/P1NB1N2/1PPP1PPP/R1BQ1RK1 w - - 1 7,b4c5
8,cadipukhadgi,EulerE,1221,1212,r1bq1rk1/pppp1ppp/2n2n2/2b1p3/4P3/PPNB1N2/2PP1PPP/R1BQ1RK1 b - - 0 7,b2b3
8,cadipukhadgi,EulerE,1221,1212,r1bq1rk1/ppp2ppp/2np1n2/2b1p3/4P3/PPNB1N2/2PP1PPP/R1BQ1RK1 w - - 0 8,d7d6
8,cadipukhadgi,EulerE,1221,1212,r1bq1rk1/ppp2ppp/2np1n2/2b1p3/1P2P3/P1NB1N2/2PP1PPP/R1BQ1RK1 b - - 0 8,b3b4
8,cadipukhadgi,EulerE,1221,1212,r1bq1rk1/ppp2ppp/2np1n2/4p3/1P1bP3/P1NB1N2/2PP1PPP/R1BQ1RK1 w - - 1 9,c5d4
8,cadipukhadgi,EulerE,1221,1212,r1bq1rk1/ppp2ppp/2np1n2/4p3/1P1bP3/P1NB1N2/1BPP1PPP/R2Q1RK1 b - - 2 9,c1b2
8,cadipukhadgi,EulerE,1221,1212,r2q1rk1/ppp2ppp/2npbn2/4p3/1P1bP3/P1NB1N2/1BPP1PPP/R2Q1RK1 w - - 3 10,c8e6
8,cadipukhadgi,EulerE,1221,1212,r2q1rk1/ppp2ppp/2npbn2/1P2p3/3bP3/P1NB1N2/1BPP1PPP/R2Q1RK1 b - - 0 10,b4b5
8,cadipukhadgi,EulerE,1221,1212,r2q1rk1/ppp1nppp/3pbn2/1P2p3/3bP3/P1NB1N2/1BPP1PPP/R2Q1RK1 w - - 1 11,c6e7
8,cadipukhadgi,EulerE,1221,1212,r2q1rk1/ppp1nppp/3pbn2/1P2p3/3NP3/P1NB4/1BPP1PPP/R2Q1RK1 b - - 0 11,f3d4
8,cadipukhadgi,EulerE,1221,1212,r2q1rk1/ppp1nppp/3pbn2/1P6/3pP3/P1NB4/1BPP1PPP/R2Q1RK1 w - - 0 12,e5d4
8,cadipukhadgi,EulerE,1221,1212,r2q1rk1/ppp1nppp/3pbn2/1P6/3pP3/P2B4/1BPPNPPP/R2Q1RK1 b - - 1 12,c3e2
8,cadipukhadgi,EulerE,1221,1212,r2q1rk1/ppp1nppp/3p1n2/1P6/3pP1b1/P2B4/1BPPNPPP/R2Q1RK1 w - - 2 13,e6g4
8,cadipukhadgi,EulerE,1221,1212,r2q1rk1/ppp1nppp/3p1n2/1P6/3BP1b1/P2B4/2PPNPPP/R2Q1RK1 b - - 0 13,b2d4
8,cadipukhadgi,EulerE,1221,1212,r2q1rk1/ppp1nppp/3p1n2/1P6/3BP3/P2B4/2PPbPPP/R2Q1RK1 w - - 0 14,g4e2
8,cadipukhadgi,EulerE,1221,1212,r2q1rk1/ppp1nppp/3p1n2/1P6/3BP3/P7/2PPBPPP/R2Q1RK1 b - - 0 14,d3e2
8,cadipukhadgi,EulerE,1221,1212,r2q1rk1/ppp1nppp/3p4/1P6/3Bn3/P7/2PPBPPP/R2Q1RK1 w - - 0 15,f6e4
8,cadipukhadgi,EulerE,1221,1212,r2q1rk1/ppp1nppp/3p4/1P6/3Bn3/P4B2/2PP1PPP/R2Q1RK1 b - - 1 15,e2f3
8,cadipukhadgi,EulerE,1221,1212,r2q1rk1/ppp1nppp/8/1P1p4/3Bn3/P4B2/2PP1PPP/R2Q1RK1 w - - 0 16,d6d5
8,cadipukhadgi,EulerE,1221,1212,r2q1rk1/ppp1nppp/8/1P1p4/3Bn3/P4B2/2PP1PPP/R2QR1K1 b - - 1 16,f1e1
8,cadipukhadgi,EulerE,1221,1212,r2q1rk1/ppp2ppp/8/1P1p1n2/3Bn3/P4B2/2PP1PPP/R2QR1K1 w - - 2 17,e7f5
8,cadipukhadgi,EulerE,1221,1212,r2q1rk1/ppp2ppp/8/1P1p1n2/3Bn3/P1P2B2/3P1PPP/R2QR1K1 b - - 0 17,c2c3
8,cadipukhadgi,EulerE,1221,1212,r2q1rk1/ppp2ppp/3n4/1P1p4/3Bn3/P1P2B2/3P1PPP/R2QR1K1 w - - 1 18,f5d6
8,cadipukhadgi,EulerE,1221,1212,r2q1rk1/ppp2ppp/3n4/1P1p4/P2Bn3/2P2B2/3P1PPP/R2QR1K1 b - - 0 18,a3a4
8,cadipukhadgi,EulerE,1221,1212,r2qr1k1/ppp2ppp/3n4/1P1p4/P2Bn3/2P2B2/3P1PPP/R2QR1K1 w - - 1 19,f8e8
8,cadipukhadgi,EulerE,1221,1212,r2qr1k1/ppp2ppp/3n4/1P1p4/P2Bn3/2PP1B2/5PPP/R2QR1K1 b - - 0 19,d2d3
8,cadipukhadgi,EulerE,1221,1212,r2qr1k1/ppp2ppp/3n4/1P1p4/P2B4/2nP1B2/5PPP/R2QR1K1 w - - 0 20,e4c3
8,cadipukhadgi,EulerE,1221,1212,r2qr1k1/ppp2ppp/3n4/1P1p4/P7/2BP1B2/5PPP/R2QR1K1 b - - 0 20,d4c3
8,cadipukhadgi,EulerE,1221,1212,r2q2k1/ppp2ppp/3n4/1P1p4/P7/2BP1B2/5PPP/R2Qr1K1 w - - 0 21,e8e1
8,cadipukhadgi,EulerE,1221,1212,r2q2k1/ppp2ppp/3n4/1P1p4/P7/2BP1B2/5PPP/R3Q1K1 b - - 0 21,d1e1
8,cadipukhadgi,EulerE,1221,1212,r5k1/ppp2ppp/3n4/1P1p2q1/P7/2BP1B2/5PPP/R3Q1K1 w - - 1 22,d8g5
8,cadipukhadgi,EulerE,1221,1212,r5k1/ppp2ppp/3n4/1P1p2q1/P7/2BP1B1P/5PP1/R3Q1K1 b - - 0 22,h2h3
8,cadipukhadgi,EulerE,1221,1212,4r1k1/ppp2ppp/3n4/1P1p2q1/P7/2BP1B1P/5PP1/R3Q1K1 w - - 1 23,a8e8
8,cadipukhadgi,EulerE,1221,1212,4r1k1/ppp2ppp/3n4/1P1p2q1/P7/2BP1B1P/3Q1PP1/R5K1 b - - 2 23,e1d2
8,cadipukhadgi,EulerE,1221,1212,4r1k1/ppp2ppp/3n4/1P1p1q2/P7/2BP1B1P/3Q1PP1/R5K1 w - - 3 24,g5f5
8,cadipukhadgi,EulerE,1221,1212,4r1k1/ppp2ppp/3n4/1P1p1q2/P5B1/2BP3P/3Q1PP1/R5K1 b - - 4 24,f3g4
8,cadipukhadgi,EulerE,1221,1212,4r1k1/ppp2ppp/3n2q1/1P1p4/P5B1/2BP3P/3Q1PP1/R5K1 w - - 5 25,f5g6
8,cadipukhadgi,EulerE,1221,1212,4r1k1/ppp2ppp/3n2q1/1P1p4/P5B1/2BP3P/3Q1PP1/4R1K1 b - - 6 25,a1e1
8,cadipukhadgi,EulerE,1221,1212,6k1/ppp2ppp/3n2q1/1P1p4/P5B1/2BP3P/3Q1PP1/4r1K1 w - - 0 26,e8e1
8,cadipukhadgi,EulerE,1221,1212,6k1/ppp2ppp/3n2q1/1P1p4/P5B1/2BP3P/5PP1/4Q1K1 b - - 0 26,d2e1
8,cadipukhadgi,EulerE,1221,1212,6k1/ppp2ppp/3n4/1P1p4/P5B1/2Bq3P/5PP1/4Q1K1 w - - 0 27,g6d3
8,cadipukhadgi,EulerE,1221,1212,6k1/ppp2ppp/3n4/1P1p4/PB4B1/3q3P/5PP1/4Q1K1 b - - 1 27,c3b4
8,cadipukhadgi,EulerE,1221,1212,6k1/ppp2ppp/3n4/1P1p4/PBq3B1/7P/5PP1/4Q1K1 w - - 2 28,d3c4
8,cadipukhadgi,EulerE,1221,1212,6k1/ppp2ppp/3B4/1P1p4/P1q3B1/7P/5PP1/4Q1K1 b - - 0 28,b4d6
8,cadipukhadgi,EulerE,1221,1212,6k1/pp3ppp/3p4/1P1p4/P1q3B1/7P/5PP1/4Q1K1 w - - 0 29,c7d6
8,cadipukhadgi,EulerE,1221,1212,6k1/pp2Qppp/3p4/1P1p4/P1q3B1/7P/5PP1/6K1 b - - 1 29,e1e7
8,cadipukhadgi,EulerE,1221,1212,2q3k1/pp2Qppp/3p4/1P1p4/P5B1/7P/5PP1/6K1 w - - 2 30,c4c8
8,cadipukhadgi,EulerE,1221,1212,2B3k1/pp2Qppp/3p4/1P1p4/P7/7P/5PP1/6K1 b - - 0 30,g4c8
9,EulerE,Estebanqj,1204,1209,rnbqkbnr/pppppppp/8/8/3P4/8/PPP1PPPP/RNBQKBNR b KQkq - 0 1,d2d4
9,EulerE,Estebanqj,1204,1209,rnbqkbnr/ppp1pppp/8/3p4/3P4/8/PPP1PPPP/RNBQKBNR w KQkq - 0 2,d7d5
9,EulerE,Estebanqj,1204,1209,rnbqkbnr/ppp1pppp/8/3p4/2PP4/8/PP2PPPP/RNBQKBNR b KQkq - 0 2,c2c4
9,EulerE,Estebanqj,1204,1209,rnbqkbnr/ppp1pppp/8/8/2pP4/8/PP2PPPP/RNBQKBNR w KQkq - 0 3,d5c4
9,EulerE,Estebanqj,1204,1209,rnbqkbnr/ppp1pppp/8/8/2pPP3/8/PP3PPP/RNBQKBNR b KQkq - 0 3,e2e4
9,EulerE,Estebanqj,1204,1209,rnbqkbnr/pp2pppp/8/2p5/2pPP3/8/PP3PPP/RNBQKBNR w KQkq - 0 4,c7c5
9,EulerE,Estebanqj,1204,1209,rnbqkbnr/pp2pppp/8/2p5/2pPP3/5N2/PP3PPP/RNBQKB1R b KQkq - 1 4,g1f3
9,EulerE,Estebanqj,1204,1209,rnbqkbnr/pp2pppp/8/8/2ppP3/5N2/PP3PPP/RNBQKB1R w KQkq - 0 5,c5d4
9,EulerE,Estebanqj,1204,1209,rnbqkbnr/pp2pppp/8/8/2pNP3/8/PP3PPP/RNBQKB1R b KQkq - 0 5,f3d4
9,EulerE,Estebanqj,1204,1209,rnbqkbnr/pp3ppp/8/4p3/2pNP3/8/PP3PPP/RNBQKB1R w KQkq - 0 6,e7e5
9,EulerE,Estebanqj,1204,1209,rnbqkbnr/pp3ppp/8/4p3/2p1P3/5N2/PP3PPP/RNBQKB1R b KQkq - 1 6,d4f3
9,EulerE,Estebanqj,1204,1209,rnb1kbnr/pp3ppp/8/4p3/2p1P3/5N2/PP3PPP/RNBqKB1R w KQkq - 0 7,d8d1
9,EulerE,Estebanqj,1204,1209,rnb1kbnr/pp3ppp/8/4p3/2p1P3/5N2/PP3PPP/RNBK1B1R b kq - 0 7,e1d1
9,EulerE,Estebanqj,1204,1209,rnb1kbnr/pp4pp/5p2/4p3/2p1P3/5N2/PP3PPP/RNBK1B1R w kq - 0 8,f7f6
9,EulerE,Estebanqj,1204,1209,rnb1kbnr/pp4pp/5p2/4p3/2B1P3/5N2/PP3PPP/RNBK3R b kq - 0 8,f1c4
9,EulerE,Estebanqj,1204,1209,rnb1k1nr/pp4pp/5p2/2b1p3/2B1P3/5N2/PP3PPP/RNBK3R w kq - 1 9,f8c5
9,EulerE,Estebanqj,1204,1209,rnb1k1nr/pp4pp/5p2/2b1p3/2B1P3/5N2/PP2KPPP/RNB4R b kq - 2 9,d1e2
9,EulerE,Estebanqj,1204,1209,r1b1k1nr/pp4pp/2n2p2/2b1p3/2B1P3/5N2/PP2KPPP/RNB4R w kq - 3 10,b8c6
9,EulerE,Estebanqj,1204,1209,r1b1k1nr/pp4pp/2n2p2/2b1p3/2B1P3/5N2/PP2KPPP/RNBR4 b kq - 4 10,h1d1
9,EulerE,Estebanqj,1204,1209,r1b1k1nr/pp4pp/5p2/n1b1p3/2B1P3/5N2/PP2KPPP/RNBR4 w kq - 5 11,c6a5
9,EulerE,Estebanqj,1204,1209,r1b1k1nr/pp4pp/5p2/nBb1p3/4P3/5N2/PP2KPPP/RNBR4 b kq - 6 11,c4b5
9,EulerE,Estebanqj,1204,1209,r1b1k1nr/pp4pp/2n2p2/1Bb1p3/4P3/5N2/PP2KPPP/RNBR4 w kq - 7 12,a5c6
9,EulerE,Estebanqj,1204,1209,r1b1k1nr/pp4pp/2n2p2/1Bb1p3/4P3/5N2/PP3PPP/RNBR1K2 b kq - 8 12,e2f1
9,EulerE,Estebanqj,1204,1209,r1b1k2r/pp2n1pp/2n2p2/1Bb1p3/4P3/5N2/PP3PPP/RNBR1K2 w kq - 9 13,g8e7
9,EulerE,Estebanqj,1204,1209,r1b1k2r/pp2n1pp/2n2p2/1Bb1p3/4P3/2N2N2/PP3PPP/R1BR1K2 b kq - 10 13,b1c3
9,EulerE,Estebanqj,1204,1209,r1b2rk1/pp2n1pp/2n2p2/1Bb1p3/4P3/2N2N2/PP3PPP/R1BR1K2 w - - 11 14,e8g8
9,EulerE,Estebanqj,1204,1209,r1b2rk1/pp2n1pp/2n2p2/1Bb1p3/N3P3/5N2/PP3PPP/R1BR1K2 b - - 12 14,c3a4
9,EulerE,Estebanqj,1204,1209,r1b2rk1/pp2n1pp/2n2p2/1B2p3/N2bP3/5N2/PP3PPP/R1BR1K2 w - - 13 15,c5d4
9,EulerE,Estebanqj,1204,1209,r1b2rk1/pp2n1pp/2B2p2/4p3/N2bP3/5N2/PP3PPP/R1BR1K2 b - - 0 15,b5c6
9,EulerE,Estebanqj,1204,1209,r1b2rk1/pp4pp/2n2p2/4p3/N2bP3/5N2/PP3PPP/R1BR1K2 w - - 0 16,e7c6
9,EulerE,Estebanqj,1204,1209,r1b2rk1/pp4pp/2n2p2/4p3/N2NP3/8/PP3PPP/R1BR1K2 b - - 0 16,f3d4
9,EulerE,Estebanqj,1204,1209,r1b2rk1/pp4pp/5p2/4p3/N2nP3/8/PP3PPP/R1BR1K2 w - - 0 17,c6d4
9,EulerE,Estebanqj,1204,1209,r1b2rk1/pp4pp/5p2/4p3/N2RP3/8/PP3PPP/R1B2K2 b - - 0 17,d1d4
9,EulerE,Estebanqj,1204,1209,r1b2rk1/pp4pp/5p2/8/N2pP3/8/PP3PPP/R1B2K2 w - - 0 18,e5d4
9,EulerE,Estebanqj,1204,1209,r1b2rk1/pp4pp/5p2/8/N2pPB2/8/PP3PPP/R4K2 b - - 1 18,c1f4
9,EulerE,Estebanqj,1204,1209,r1b2rk1/pp4pp/5p2/8/N3PB2/3p4/PP3PPP/R4K2 w - - 0 19,d4d3
9,EulerE,Estebanqj,1204,1209,r1b2rk1/pp4pp/5p2/8/N3PB2/3p1P2/PP4PP/R4K2 b - - 0 19,f2f3
9,EulerE,Estebanqj,1204,1209,r1br2k1/pp4pp/5p2/8/N3PB2/3p1P2/PP4PP/R4K2 w - - 1 20,f8d8
9,EulerE,Estebanqj,1204,1209,r1br2k1/pp4pp/5p2/8/N3PB2/3p1P2/PP4PP/3R1K2 b - - 2 20,a1d1
9,EulerE,Estebanqj,1204,1209,r1br2k1/p5pp/5p2/1p6/N3PB2/3p1P2/PP4PP/3R1K2 w - - 0 21,b7b5
9,EulerE,Estebanqj,1204,1209,r1br2k1/p5pp/5p2/1pN5/4PB2/3p1P2/PP4PP/3R1K2 b - - 1 21,a4c5
9,EulerE,Estebanqj,1204,1209,r1br2k1/6pp/5p2/ppN5/4PB2/3p1P2/PP4PP/3R1K2 w - - 0 22,a7a5
9,EulerE,Estebanqj,1204,1209,r1br2k1/6pp/5p2/ppN5/4PB2/3R1P2/PP4PP/5K2 b - - 0 22,d1d3
9,EulerE,Estebanqj,1204,1209,r1b3k1/6pp/5p2/ppN5/4PB2/3r1P2/PP4PP/5K2 w - - 0 23,d8d3
9,EulerE,Estebanqj,1204,1209,r1b3k1/6pp/5p2/pp6/4PB2/3N1P2/PP4PP/5K2 b - - 0 23,c5d3
9,EulerE,Estebanqj,1204,1209,r1b3k1/6pp/5p2/p7/1p2PB2/3N1P2/PP4PP/5K2 w - - 0 24,b5b4
9,EulerE,Estebanqj,1204,1209,r1b3k1/6pp/5p2/p7/1p2PB2/P2N1P2/1P4PP/5K2 b - - 0 24,a2a3
9,EulerE,Estebanqj,1204,1209,r5k1/6pp/b4p2/p7/1p2PB2/P2N1P2/1P4PP/5K2 w - - 1 25,c8a6
9,EulerE,Estebanqj,1204,1209,r5k1/6pp/b4p2/p7/1p2PB2/P2N1P2/1P2K1PP/8 b - - 2 25,f1e2
9,EulerE,Estebanqj,1204,1209,r5k1/6pp/b4p2/p7/4PB2/p2N1P2/1P2K1PP/8 w - - 0 26,b4a3
9,EulerE,Estebanqj,1204,1209,r5k1/6pp/b4p2/p7/4PB2/P2N1P2/4K1PP/8 b - - 0 26,b2a3
9,EulerE,Estebanqj,1204,1209,1r4k1/6pp/b4p2/p7/4PB2/P2N1P2/4K1PP/8 w - - 1 27,a8b8
9,EulerE,Estebanqj,1204,1209,1r4k1/6pp/b2B1p2/p7/4P3/P2N1P2/4K1PP/8 b - - 2 27,f4d6
9,EulerE,Estebanqj,1204,1209,6k1/6pp/b2B1p2/p7/4P3/Pr1N1P2/4K1PP/8 w - - 3 28,b8b3
10,EulerE,SabrilSa,1213,1232,rnbqkbnr/pppppppp/8/8/3P4/8/PPP1PPPP/RNBQKBNR b KQkq - 0 1,d2d4
10,EulerE,SabrilSa,1213,1232,rnbqkbnr/ppp1pppp/8/3p4/3P4/8/PPP1PPPP/RNBQKBNR w KQkq - 0 2,d7d5
10,EulerE,SabrilSa,1213,1232,rnbqkbnr/ppp1pppp/8/3p4/2PP4/8/PP2PPPP/RNBQKBNR b KQkq - 0 2,c2c4
10,EulerE,SabrilSa,1213,1232,rnbqkbnr/ppp1pppp/8/8/2pP4/8/PP2PPPP/RNBQKBNR w KQkq - 0 3,d5c4
10,EulerE,SabrilSa,1213,1232,rnbqkbnr/ppp1pppp/8/8/2pPP3/8/PP3PPP/RNBQKBNR b KQkq - 0 3,e2e4
10,EulerE,SabrilSa,1213,1232,r1bqkbnr/ppp1pppp/2n5/8/2pPP3/8/PP3PPP/RNBQKBNR w KQkq - 1 4,b8c6
10,EulerE,SabrilSa,1213,1232,r1bqkbnr/ppp1pppp/2n5/8/2pPP3/5N2/PP3PPP/RNBQKB1R b KQkq - 2 4,g1f3
10,EulerE,SabrilSa,1213,1232,r1bqkbnr/ppp2ppp/2n5/4p3/2pPP3/5N2/PP3PPP/RNBQKB1R w KQkq - 0 5,e7e5
10,EulerE,SabrilSa,1213,1232,r1bqkbnr/ppp2ppp/2n5/4p3/2BPP3/5N2/PP3PPP/RNBQK2R b KQkq - 0 5,f1c4
10,EulerE,SabrilSa,1213,1232,r1bqkbnr/ppp2ppp/8/4p3/2BnP3/5N2/PP3PPP/RNBQK2R w KQkq - 0 6,c6d4
10,EulerE,SabrilSa,1213,1232,r1bqkbnr/ppp2ppp/8/4p3/2BNP3/8/PP3PPP/RNBQK2R b KQkq - 0 6,f3d4
10,EulerE,SabrilSa,1213,1232,r1bqkbnr/ppp2ppp/8/8/2BpP3/8/PP3PPP/RNBQK2R w KQkq - 0 7,e5d4
10,EulerE,SabrilSa,1213,1232,r1bqkbnr/ppp2ppp/8/8/2BpP3/8/PP3PPP/RNBQ1RK1 b kq - 1 7,e1g1
10,EulerE,SabrilSa,1213,1232,r1bqkb1r/ppp2ppp/5n2/8/2BpP3/8/PP3PPP/RNBQ1RK1 w kq - 2 8,g8f6
10,EulerE,SabrilSa,1213,1232,r1bqkb1r/ppp2ppp/5n2/8/2BpP3/5Q2/PP3PPP/RNB2RK1 b kq - 3 8,d1f3
10,EulerE,SabrilSa,1213,1232,r2qkb1r/ppp2ppp/5n2/8/2BpP1b1/5Q2/PP3PPP/RNB2RK1 w kq - 4 9,c8g4
10,EulerE,SabrilSa,1213,1232,r2qkb1r/ppp2ppp/5n2/8/2BpP1b1/6Q1/PP3PPP/RNB2RK1 b kq - 5 9,f3g3
10,EulerE,SabrilSa,1213,1232,r2qk2r/ppp2ppp/3b1n2/8/2BpP1b1/6Q1/PP3PPP/RNB2RK1 w kq - 6 10,f8d6
10,EulerE,SabrilSa,1213,1232,r2qk2r/ppp2ppp/3b1n2/8/2BpP1bQ/8/PP3PPP/RNB2RK1 b kq - 7 10,g3h4
10,EulerE,SabrilSa,1213,1232,r2qk2r/ppp2pp1/3b1n1p/8/2BpP1bQ/8/PP3PPP/RNB2RK1 w kq - 0 11,h7h6
10,EulerE,SabrilSa,1213,1232,r2qk2r/ppp2pp1/3b1n1p/8/2BpP1bQ/5P2/PP4PP/RNB2RK1 b kq - 0 11,f2f3
10,EulerE,SabrilSa,1213,1232,r2qk2r/ppp2p2/3b1n1p/6p1/2BpP1bQ/5P2/PP4PP/RNB2RK1 w kq - 0 12,g7g5
10,EulerE,SabrilSa,1213,1232,r2qk2r/ppp2p2/3b1n1p/6p1/2BpP1b1/5P2/PP4PP/RNB1QRK1 b kq - 1 12,h4e1
10,EulerE,SabrilSa,1213,1232,r2qk2r/ppp2p2/3bbn1p/6p1/2BpP3/5P2/PP4PP/RNB1QRK1 w kq - 2 13,g4e6
10,EulerE,SabrilSa,1213,1232,r2qk2r/ppp2p2/3bBn1p/6p1/3pP3/5P2/PP4PP/RNB1QRK1 b kq - 0 13,c4e6
10,EulerE,SabrilSa,1213,1232,r2qk2r/ppp5/3bpn1p/6p1/3pP3/5P2/PP4PP/RNB1QRK1 w kq - 0 14,f7e6
10,EulerE,SabrilSa,1213,1232,r2qk2r/ppp5/3bpn1p/4P1p1/3p4/5P2/PP4PP/RNB1QRK1 b kq - 0 14,e4e5
10,EulerE,SabrilSa,1213,1232,r2qk2r/ppp5/4pn1p/4P1p1/1b1p4/5P2/PP4PP/RNB1QRK1 w kq - 1 15,d6b4
10,EulerE,SabrilSa,1213,1232,r2qk2r/ppp5/4pn1p/4P1p1/1Q1p4/5P2/PP4PP/RNB2RK1 b kq - 0 15,e1b4
10,EulerE,SabrilSa,1213,1232,r2qk2r/ppp5/4p2p/3nP1p1/1Q1p4/5P2/PP4PP/RNB2RK1 w kq - 1 16,f6d5
10,EulerE,SabrilSa,1213,1232,r2qk2r/pQp5/4p2p/3nP1p1/3p4/5P2/PP4PP/RNB2RK1 b kq - 0 16,b4b7
10,EulerE,SabrilSa,1213,1232,r2qk2r/pQp5/4p2p/4P1p1/3p4/4nP2/PP4PP/RNB2RK1 w kq - 1 17,d5e3
10,EulerE,SabrilSa,1213,1232,r2qk2r/pQp5/4p2p/4P1p1/3p4/4BP2/PP4PP/RN3RK1 b kq - 0 17,c1e3
10,EulerE,SabrilSa,1213,1232,r2qk2r/pQp5/4p2p/4P1p1/8/4pP2/PP4PP/RN3RK1 w kq - 0 18,d4e3
10,EulerE,SabrilSa,1213,1232,r2qk2r/p1p5/2Q1p2p/4P1p1/8/4pP2/PP4PP/RN3RK1 b kq - 1 18,b7c6
10,EulerE,SabrilSa,1213,1232,r2q1k1r/p1p5/2Q1p2p/4P1p1/8/4pP2/PP4PP/RN3RK1 w - - 2 19,e8f8
10,EulerE,SabrilSa,1213,1232,r2q1k1r/p1p5/4Q2p/4P1p1/8/4pP2/PP4PP/RN3RK1 b - - 0 19,c6e6
10,EulerE,SabrilSa,1213,1232,1r1q1k1r/p1p5/4Q2p/4P1p1/8/4pP2/PP4PP/RN3RK1 w - - 1 20,a8b8
10,EulerE,SabrilSa,1213,1232,1r1q1k1r/p1p5/4Q2p/4P1p1/8/1P2pP2/P5PP/RN3RK1 b - - 0 20,b2b3
10,EulerE,SabrilSa,1213,1232,3q1k1r/p1p5/1r2Q2p/4P1p1/8/1P2pP2/P5PP/RN3RK1 w - - 1 21,b8b6
10,EulerE,SabrilSa,1213,1232,3q1k1r/p1p5/1r5p/4PQp1/8/1P2pP2/P5PP/RN3RK1 b - - 2 21,e6f5
10,EulerE,SabrilSa,1213,1232,3qk2r/p1p5/1r5p/4PQp1/8/1P2pP2/P5PP/RN3RK1 w - - 3 22,f8e8
10,EulerE,SabrilSa,1213,1232,3qk2r/p1p5/1r5p/4PQp1/8/1PN1pP2/P5PP/R4RK1 b - - 4 22,b1c3
10,EulerE,SabrilSa,1213,1232,3qkr2/p1p5/1r5p/4PQp1/8/1PN1pP2/P5PP/R4RK1 w - - 5 23,h8f8
10,EulerE,SabrilSa,1213,1232,3qkr2/p1p5/1r5p/4P1p1/4Q3/1PN1pP2/P5PP/R4RK1 b - - 6 23,f5e4
10,EulerE,SabrilSa,1213,1232,4kr2/p1p5/1r5p/4P1p1/4Q3/1PN1pP2/P2q2PP/R4RK1 w - - 7 24,d8d2
10,EulerE,SabrilSa,1213,1232,4kr2/p1p5/1r5p/4P1p1/4Q3/1P2pP2/P2qN1PP/R4RK1 b - - 8 24,c3e2
10,EulerE,SabrilSa,1213,1232,4k3/p1p5/1r5p/4P1p1/4Qr2/1P2pP2/P2qN1PP/R4RK1 w - - 9 25,f8f4
10,EulerE,SabrilSa,1213,1232,Q3k3/p1p5/1r5p/4P1p1/5r2/1P2pP2/P2qN1PP/R4RK1 b - - 10 25,e4a8
10,EulerE,SabrilSa,1213,1232,Q7/p1pk4/1r5p/4P1p1/5r2/1P2pP2/P2qN1PP/R4RK1 w - - 11 26,e8d7
10,EulerE,SabrilSa,1213,1232,Q7/p1pk4/1r5p/4P1p1/5N2/1P2pP2/P2q2PP/R4RK1 b - - 0 26,e2f4
12,EulerE,julianingram101,1212,1238,rnbqkbnr/pppppppp/8/8/3P4/8/PPP1PPPP/RNBQKBNR b KQkq - 0 1,d2d4
12,EulerE,julianingram101,1212,1238,rnbqkbnr/pppp1ppp/8/4p3/3P4/8/PPP1PPPP/RNBQKBNR w KQkq - 0 2,e7e5
12,EulerE,julianingram101,1212,1238,rnbqkbnr/pppp1ppp/8/4P3/8/8/PPP1PPPP/RNBQKBNR b KQkq - 0 2,d4e5
12,EulerE,julianingram101,1212,1238,rnb1kbnr/ppppqppp/8/4P3/8/8/PPP1PPPP/RNBQKBNR w KQkq - 1 3,d8e7
12,EulerE,julianingram101,1212,1238,rnb1kbnr/ppppqppp/8/4P3/8/5N2/PPP1PPPP/RNBQKB1R b KQkq - 2 3,g1f3
12,EulerE,julianingram101,1212,1238,r1b1kbnr/ppppqppp/2n5/4P3/8/5N2/PPP1PPPP/RNBQKB1R w KQkq - 3 4,b8c6
12,EulerE,julianingram101,1212,1238,r1b1kbnr/ppppqppp/2n5/4P3/5B2/5N2/PPP1PPPP/RN1QKB1R b KQkq - 4 4,c1f4
12,EulerE,julianingram101,1212,1238,r1b1kbnr/pppp1ppp/2n5/4P3/1q3B2/5N2/PPP1PPPP/RN1QKB1R w KQkq - 5 5,e7b4
12,EulerE,julianingram101,1212,1238,r1b1kbnr/pppp1ppp/2n5/4P3/1q3B2/8/PPPNPPPP/RN1QKB1R b KQkq - 6 5,f3d2
12,EulerE,julianingram101,1212,1238,r1b1kbnr/pppp1ppp/2n5/4P3/5q2/8/PPPNPPPP/RN1QKB1R w KQkq - 0 6,b4f4
13,EulerE,ceyceyo,1200,1059,rnbqkbnr/pppppppp/8/8/3P4/8/PPP1PPPP/RNBQKBNR b KQkq - 0 1,d2d4
13,EulerE,ceyceyo,1200,1059,rnbqkbnr/p1pppppp/1p6/8/3P4/8/PPP1PPPP/RNBQKBNR w KQkq - 0 2,b7b6
13,EulerE,ceyceyo,1200,1059,rnbqkbnr/p1pppppp/1p6/8/3PP3/8/PPP2PPP/RNBQKBNR b KQkq - 0 2,e2e4
13,EulerE,ceyceyo,1200,1059,rn1qkbnr/pbpppppp/1p6/8/3PP3/8/PPP2PPP/RNBQKBNR w KQkq - 1 3,c8b7
13,EulerE,ceyceyo,1200,1059,rn1qkbnr/pbpppppp/1p6/8/3PP3/2N5/PPP2PPP/R1BQKBNR b KQkq - 2 3,b1c3
13,EulerE,ceyceyo,1200,1059,r2qkbnr/pbpppppp/np6/8/3PP3/2N5/PPP2PPP/R1BQKBNR w KQkq - 3 4,b8a6
13,EulerE,ceyceyo,1200,1059,r2qkbnr/pbpppppp/np6/8/3PPB2/2N5/PPP2PPP/R2QKBNR b KQkq - 4 4,c1f4
13,EulerE,ceyceyo,1200,1059,r2qkb1r/pbpppppp/np5n/8/3PPB2/2N5/PPP2PPP/R2QKBNR w KQkq - 5 5,g8h6
13,EulerE,ceyceyo,1200,1059,r2qkb1r/pbpppppp/np5n/8/3PPB2/2N2N2/PPP2PPP/R2QKB1R b KQkq - 6 5,g1f3
13,EulerE,ceyceyo,1200,1059,r2qkb1r/pbpp1ppp/np2p2n/8/3PPB2/2N2N2/PPP2PPP/R2QKB1R w KQkq - 0 6,e7e6
13,EulerE,ceyceyo,1200,1059,r2qkb1r/pbpp1ppp/np2p2n/3P4/4PB2/2N2N2/PPP2PPP/R2QKB1R b KQkq - 0 6,d4d5
13,EulerE,ceyceyo,1200,1059,r2qk2r/pbpp1ppp/np1bp2n/3P4/4PB2/2N2N2/PPP2PPP/R2QKB1R w KQkq - 1 7,f8d6
13,EulerE,ceyceyo,1200,1059,r2qk2r/pbpp1ppp/np1Bp2n/3P4/4P3/2N2N2/PPP2PPP/R2QKB1R b KQkq - 0 7,f4d6
13,EulerE,ceyceyo,1200,1059,r2qk2r/pb1p1ppp/np1pp2n/3P4/4P3/2N2N2/PPP2PPP/R2QKB1R w KQkq - 0 8,c7d6
13,EulerE,ceyceyo,1200,1059,r2qk2r/pb1p1ppp/np1pp2n/3P4/4P3/2NB1N2/PPP2PPP/R2QK2R b KQkq - 1 8,f1d3
13,EulerE,ceyceyo,1200,1059,r2qk2r/pb1p1ppp/np1p3n/3p4/4P3/2NB1N2/PPP2PPP/R2QK2R w KQkq - 0 9,e6d5
13,EulerE,ceyceyo,1200,1059,r2qk2r/pb1p1ppp/np1p3n/3P4/8/2NB1N2/PPP2PPP/R2QK2R b KQkq - 0 9,e4d5
13,EulerE,ceyceyo,1200,1059,r2q1rk1/pb1p1ppp/np1p3n/3P4/8/2NB1N2/PPP2PPP/R2QK2R w KQ - 1 10,e8g8
13,EulerE,ceyceyo,1200,1059,r2q1rk1/pb1p1ppp/np1p3n/3P4/8/2NB1N2/PPP2PPP/R2Q1RK1 b - - 2 10,e1g1
13,EulerE,ceyceyo,1200,1059,r2q1rk1/pb1p1ppp/1p1p3n/3P4/1n6/2NB1N2/PPP2PPP/R2Q1RK1 w - - 3 11,a6b4
13,EulerE,ceyceyo,1200,1059,r2q1rk1/pb1p1ppp/1p1p3n/3P4/1n2B3/2N2N2/PPP2PPP/R2Q1RK1 b - - 4 11,d3e4
13,EulerE,ceyceyo,1200,1059,2rq1rk1/pb1p1ppp/1p1p3n/3P4/1n2B3/2N2N2/PPP2PPP/R2Q1RK1 w - - 5 12,a8c8
13,EulerE,ceyceyo,1200,1059,2rq1rk1/pb1p1ppp/1p1p3n/3P4/1n2B3/P1N2N2/1PP2PPP/R2Q1RK1 b - - 0 12,a2a3
13,EulerE,ceyceyo,1200,1059,2rq1rk1/pb1p1ppp/np1p3n/3P4/4B3/P1N2N2/1PP2PPP/R2Q1RK1 w - - 1 13,b4a6
13,EulerE,ceyceyo,1200,1059,2rq1rk1/pb1p1ppp/np1p3n/3P4/4B3/P1N2N2/1PPQ1PPP/R4RK1 b - - 2 13,d1d2
13,EulerE,ceyceyo,1200,1059,2rqr1k1/pb1p1ppp/np1p3n/3P4/4B3/P1N2N2/1PPQ1PPP/R4RK1 w - - 3 14,f8e8
13,EulerE,ceyceyo,1200,1059,2rqr1k1/pb1p1ppp/np1p3n/3P4/4B3/P1N2N2/1PPQ1PPP/R3R1K1 b - - 4 14,f1e1
13,EulerE,ceyceyo,1200,1059,2rqr1k1/pb1p1ppp/np1p4/3P4/4B1n1/P1N2N2/1PPQ1PPP/R3R1K1 w - - 5 15,h6g4
13,EulerE,ceyceyo,1200,1059,2rqr1k1/pb1p1ppp/np1p4/3P4/4B1n1/P1N2N1P/1PPQ1PP1/R3R1K1 b - - 0 15,h2h3
13,EulerE,ceyceyo,1200,1059,2rqr1k1/pb1p1ppp/np1p4/3Pn3/4B3/P1N2N1P/1PPQ1PP1/R3R1K1 w - - 1 16,g4e5
13,EulerE,ceyceyo,1200,1059,2rqr1k1/pb1p1ppp/np1p4/3PN3/4B3/P1N4P/1PPQ1PP1/R3R1K1 b - - 0 16,f3e5
13,EulerE,ceyceyo,1200,1059,2rq2k1/pb1p1ppp/np1p4/3Pr3/4B3/P1N4P/1PPQ1PP1/R3R1K1 w - - 0 17,e8e5
13,EulerE,ceyceyo,1200,1059,2rq2k1/pb1p1ppp/np1p4/3Pr3/3QB3/P1N4P/1PP2PP1/R3R1K1 b - - 1 17,d2d4
13,EulerE,ceyceyo,1200,1059,2rq2k1/pb1p1ppp/1p1p4/2nPr3/3QB3/P1N4P/1PP2PP1/R3R1K1 w - - 2 18,a6c5
13,EulerE,ceyceyo,1200,1059,2rq2k1/pb1p1ppp/1p1p4/2nPr3/3QBP2/P1N4P/1PP3P1/R3R1K1 b - - 0 18,f2f4
13,EulerE,ceyceyo,1200,1059,2rq2k1/pb1p1ppp/1p1p4/2nP3r/3QBP2/P1N4P/1PP3P1/R3R1K1 w - - 1 19,e5h5
13,EulerE,ceyceyo,1200,1059,2rq2k1/pb1p1ppp/1p1p4/2nP3r/1P1QBP2/P1N4P/2P3P1/R3R1K1 b - - 0 19,b2b4
13,EulerE,ceyceyo,1200,1059,2rq2k1/pb1p1ppp/1p1p4/3P3r/1P1QnP2/P1N4P/2P3P1/R3R1K1 w - - 0 20,c5e4
13,EulerE,ceyceyo,1200,1059,2rq2k1/pb1p1ppp/1p1p4/3P3r/1P2QP2/P1N4P/2P3P1/R3R1K1 b - - 0 20,d4e4
13,EulerE,ceyceyo,1200,1059,2rq2k1/pb1p1p1p/1p1p2p1/3P3r/1P2QP2/P1N4P/2P3P1/R3R1K1 w - - 0 21,g7g6
13,EulerE,ceyceyo,1200,1059,2rq2k1/pb1pQp1p/1p1p2p1/3P3r/1P3P2/P1N4P/2P3P1/R3R1K1 b - - 1 21,e4e7
13,EulerE,ceyceyo,1200,1059,2r3k1/pb1pqp1p/1p1p2p1/3P3r/1P3P2/P1N4P/2P3P1/R3R1K1 w - - 0 22,d8e7
13,EulerE,ceyceyo,1200,1059,2r3k1/pb1pRp1p/1p1p2p1/3P3r/1P3P2/P1N4P/2P3P1/R5K1 b - - 0 22,e1e7
13,EulerE,ceyceyo,1200,1059,6k1/pb1pRp1p/1p1p2p1/3P3r/1P3P2/P1r4P/2P3P1/R5K1 w - - 0 23,c8c3
13,EulerE,ceyceyo,1200,1059,6k1/pb1R1p1p/1p1p2p1/3P3r/1P3P2/P1r4P/2P3P1/R5K1 b - - 0 23,e7d7
13,EulerE,ceyceyo,1200,1059,6k1/p2R1p1p/1p1p2p1/3b3r/1P3P2/P1r4P/2P3P1/R5K1 w - - 0 24,b7d5
13,EulerE,ceyceyo,1200,1059,3R2k1/p4p1p/1p1p2p1/3b3r/1P3P2/P1r4P/2P3P1/R5K1 b - - 1 24,d7d8
13,EulerE,ceyceyo,1200,1059,3R4/p4pkp/1p1p2p1/3b3r/1P3P2/P1r4P/2P3P1/R5K1 w - - 2 25,g8g7
13,EulerE,ceyceyo,1200,1059,8/p4pkp/1p1R2p1/3b3r/1P3P2/P1r4P/2P3P1/R5K1 b - - 0 25,d8d6
13,EulerE,ceyceyo,1200,1059,8/p4pkp/1p1R2p1/3b3r/1P3P2/P6P/2r3P1/R5K1 w - - 0 26,c3c2
13,EulerE,ceyceyo,1200,1059,8/p4pkp/1p4p1/3R3r/1P3P2/P6P/2r3P1/R5K1 b - - 0 26,d6d5
13,EulerE,ceyceyo,1200,1059,8/p4pkp/1p4p1/3r4/1P3P2/P6P/2r3P1/R5K1 w - - 0 27,h5d5
13,EulerE,ceyceyo,1200,1059,8/p4pkp/1p4p1/3r4/1P3P2/P6P/2r3P1/4R1K1 b - - 1 27,a1e1
13,EulerE,ceyceyo,1200,1059,8/5pkp/1p4p1/p2r4/1P3P2/P6P/2r3P1/4R1K1 w - - 0 28,a7a5
13,EulerE,ceyceyo,1200,1059,8/5pkp/1p4p1/P2r4/5P2/P6P/2r3P1/4R1K1 b - - 0 28,b4a5
13,EulerE,ceyceyo,1200,1059,8/5pkp/6p1/p2r4/5P2/P6P/2r3P1/4R1K1 w - - 0 29,b6a5
13,EulerE,ceyceyo,1200,1059,8/5pkp/6p1/p2r4/5P2/P6P/2r3PK/4R3 b - - 1 29,g1h2
13,EulerE,ceyceyo,1200,1059,8/5pkp/6p1/p2r4/5P2/P1r4P/6PK/4R3 w - - 2 30,c2c3
13,EulerE,ceyceyo,1200,1059,8/5pkp/6p1/p2r4/P4P2/2r4P/6PK/4R3 b - - 0 30,a3a4
13,EulerE,ceyceyo,1200,1059,8/5pkp/6p1/p7/P2r1P2/2r4P/6PK/4R3 w - - 1 31,d5d4
13,EulerE,ceyceyo,1200,1059,8/5pkp/6p1/p7/P2r1P2/2r4P/6PK/R7 b - - 2 31,e1a1
13,EulerE,ceyceyo,1200,1059,8/5pkp/6p1/p7/P4r2/2r4P/6PK/R7 w - - 0 32,d4f4
14,ajho02,EulerE,1288,1194,rnbqkbnr/pppppppp/8/8/4P3/8/PPPP1PPP/RNBQKBNR b KQkq - 0 1,e2e4
14,ajho02,EulerE,1288,1194,rnbqkbnr/pppppp1p/6p1/8/4P3/8/PPPP1PPP/RNBQKBNR w KQkq - 0 2,g7g6
14,ajho02,EulerE,1288,1194,rnbqkbnr/pppppp1p/6p1/8/4P3/2N5/PPPP1PPP/R1BQKBNR b KQkq - 1 2,b1c3
14,ajho02,EulerE,1288,1194,rnbqk1nr/ppppppbp/6p1/8/4P3/2N5/PPPP1PPP/R1BQKBNR w KQkq - 2 3,f8g7
14,ajho02,EulerE,1288,1194,rnbqk1nr/ppppppbp/6p1/8/4PP2/2N5/PPPP2PP/R1BQKBNR b KQkq - 0 3,f2f4
14,ajho02,EulerE,1288,1194,rnbqk2r/ppppppbp/5np1/8/4PP2/2N5/PPPP2PP/R1BQKBNR w KQkq - 1 4,g8f6
14,ajho02,EulerE,1288,1194,rnbqk2r/ppppppbp/5np1/8/4PP2/1PN5/P1PP2PP/R1BQKBNR b KQkq - 0 4,b2b3
14,ajho02,EulerE,1288,1194,rnbqk2r/ppp1ppbp/5np1/3p4/4PP2/1PN5/P1PP2PP/R1BQKBNR w KQkq - 0 5,d7d5
14,ajho02,EulerE,1288,1194,rnbqk2r/ppp1ppbp/5np1/3p4/4PP2/1PNB4/P1PP2PP/R1BQK1NR b KQkq - 1 5,f1d3
14,ajho02,EulerE,1288,1194,rnbqk2r/ppp1ppbp/5np1/8/3pPP2/1PNB4/P1PP2PP/R1BQK1NR w KQkq - 0 6,d5d4
14,ajho02,EulerE,1288,1194,rnbqk2r/ppp1ppbp/5np1/8/3pPP2/1P1B4/P1PPN1PP/R1BQK1NR b KQkq - 1 6,c3e2
14,ajho02,EulerE,1288,1194,rnbq1rk1/ppp1ppbp/5np1/8/3pPP2/1P1B4/P1PPN1PP/R1BQK1NR w KQ - 2 7,e8g8
14,ajho02,EulerE,1288,1194,rnbq1rk1/ppp1ppbp/5np1/8/3pPP2/1P1B1N2/P1PPN1PP/R1BQK2R b KQ - 3 7,g1f3
14,ajho02,EulerE,1288,1194,r1bq1rk1/ppp1ppbp/2n2np1/8/3pPP2/1P1B1N2/P1PPN1PP/R1BQK2R w KQ - 4 8,b8c6
14,ajho02,EulerE,1288,1194,r1bq1rk1/ppp1ppbp/2n2np1/8/3pPP2/1P1B1N2/P1PPN1PP/R1BQ1RK1 b - - 5 8,e1g1
14,ajho02,EulerE,1288,1194,r2q1rk1/ppp1ppbp/2n2np1/8/3pPPb1/1P1B1N2/P1PPN1PP/R1BQ1RK1 w - - 6 9,c8g4
14,ajho02,EulerE,1288,1194,r2q1rk1/ppp1ppbp/2n2np1/8/3pPPb1/1P1B1N2/PBPPN1PP/R2Q1RK1 b - - 7 9,c1b2
14,ajho02,EulerE,1288,1194,r2q1rk1/ppp1ppbp/2n2np1/8/3pPP2/1P1B1b2/PBPPN1PP/R2Q1RK1 w - - 0 10,g4f3
14,ajho02,EulerE,1288,1194,r2q1rk1/ppp1ppbp/2n2np1/8/3pPP2/1P1B1P2/PBPPN2P/R2Q1RK1 b - - 0 10,g2f3
14,ajho02,EulerE,1288,1194,r4rk1/pppqppbp/2n2np1/8/3pPP2/1P1B1P2/PBPPN2P/R2Q1RK1 w - - 1 11,d8d7
14,ajho02,EulerE,1288,1194,r4rk1/pppqppbp/2n2np1/8/3pPP2/1P1B1P2/PBPPN1KP/R2Q1R2 b - - 2 11,g1g2
14,ajho02,EulerE,1288,1194,r2r2k1/pppqppbp/2n2np1/8/3pPP2/1P1B1P2/PBPPN1KP/R2Q1R2 w - - 3 12,f8d8
14,ajho02,EulerE,1288,1194,r2r2k1/pppqppbp/2n2np1/8/P2pPP2/1P1B1P2/1BPPN1KP/R2Q1R2 b - - 0 12,a2a4
14,ajho02,EulerE,1288,1194,r2r2k1/pppqppbp/5np1/8/Pn1pPP2/1P1B1P2/1BPPN1KP/R2Q1R2 w - - 1 13,c6b4
14,ajho02,EulerE,1288,1194,r2r2k1/pppqppbp/5np1/1B6/Pn1pPP2/1P3P2/1BPPN1KP/R2Q1R2 b - - 2 13,d3b5
14,ajho02,EulerE,1288,1194,r2r2k1/pp1qppbp/2p2np1/1B6/Pn1pPP2/1P3P2/1BPPN1KP/R2Q1R2 w - - 0 14,c7c6
14,ajho02,EulerE,1288,1194,r2r2k1/pp1qppbp/2p2np1/8/PnBpPP2/1P3P2/1BPPN1KP/R2Q1R2 b - - 1 14,b5c4
14,ajho02,EulerE,1288,1194,r2r2k1/pp1qppbp/2p2np1/8/PnB1PP2/1P1p1P2/1BPPN1KP/R2Q1R2 w - - 0 15,d4d3
14,ajho02,EulerE,1288,1194,r2r2k1/pp1qppbp/2p2np1/8/PnB1PP2/1P1P1P2/1B1PN1KP/R2Q1R2 b - - 0 15,c2d3
14,ajho02,EulerE,1288,1194,r2r2k1/pp1qppbp/2p2np1/8/P1B1PP2/1P1n1P2/1B1PN1KP/R2Q1R2 w - - 0 16,b4d3
14,ajho02,EulerE,1288,1194,r2r2k1/pp1qppbp/2p2np1/8/P1B1PP2/1PBn1P2/3PN1KP/R2Q1R2 b - - 1 16,b2c3
14,ajho02,EulerE,1288,1194,r2rn1k1/pp1qppbp/2p3p1/8/P1B1PP2/1PBn1P2/3PN1KP/R2Q1R2 w - - 2 17,f6e8
14,ajho02,EulerE,1288,1194,r2rn1k1/pp1qppbp/2p3p1/8/P1B1PP2/1PBn1P2/2QPN1KP/R4R2 b - - 3 17,d1c2
14,ajho02,EulerE,1288,1194,r2rn1k1/pp1qpp1p/2p3p1/8/P1B1PP2/1Pbn1P2/2QPN1KP/R4R2 w - - 0 18,g7c3
14,ajho02,EulerE,1288,1194,r2rn1k1/pp1qpp1p/2p3p1/8/P1B1PP2/1PNn1P2/2QP2KP/R4R2 b - - 0 18,e2c3
14,ajho02,EulerE,1288,1194,r2rn1k1/pp1qpp1p/2p3p1/8/P1B1Pn2/1PN2P2/2QP2KP/R4R2 w - - 0 19,d3f4
14,ajho02,EulerE,1288,1194,r2rn1k1/pp1qpp1p/2p3p1/8/P1B1Pn2/1PN2P2/2QP3P/R4R1K b - - 1 19,g2h1
14,ajho02,EulerE,1288,1194,r2rn1k1/pp2pp1p/2p3p1/8/P1B1Pn2/1PN2P2/2Qq3P/R4R1K w - - 0 20,d7d2
14,ajho02,EulerE,1288,1194,r2rn1k1/pp2pp1p/2p3p1/8/P1B1Pn2/1PN2P2/3Q3P/R4R1K b - - 0 20,c2d2
14,ajho02,EulerE,1288,1194,r3n1k1/pp2pp1p/2p3p1/8/P1B1Pn2/1PN2P2/3r3P/R4R1K w - - 0 21,d8d2
14,ajho02,EulerE,1288,1194,r3n1k1/pp2pp1p/2p3p1/8/P1B1Pn2/1PN2P2/3r3P/3R1R1K b - - 1 21,a1d1
14,ajho02,EulerE,1288,1194,r2rn1k1/pp2pp1p/2p3p1/8/P1B1Pn2/1PN2P2/7P/3R1R1K w - - 2 22,d2d8
14,ajho02,EulerE,1288,1194,r2Rn1k1/pp2pp1p/2p3p1/8/P1B1Pn2/1PN2P2/7P/5R1K b - - 0 22,d1d8
14,ajho02,EulerE,1288,1194,2rRn1k1/pp2pp1p/2p3p1/8/P1B1Pn2/1PN2P2/7P/5R1K w - - 1 23,a8c8
15,ErikGoatmela,EulerE,1270,1185,rnbqkbnr/pppppppp/8/8/4P3/8/PPPP1PPP/RNBQKBNR b KQkq - 0 1,e2e4
15,ErikGoatmela,EulerE,1270,1185,rnbqkbnr/pppp1ppp/8/4p3/4P3/8/PPPP1PPP/RNBQKBNR w KQkq - 0 2,e7e5
15,ErikGoatmela,EulerE,1270,1185,rnbqkbnr/pppp1ppp/8/4p3/4P3/5N2/PPPP1PPP/RNBQKB1R b KQkq - 1 2,g1f3
15,ErikGoatmela,EulerE,1270,1185,r1bqkbnr/pppp1ppp/2n5/4p3/4P3/5N2/PPPP1PPP/RNBQKB1R w KQkq - 2 3,b8c6
15,ErikGoatmela,EulerE,1270,1185,r1bqkbnr/pppp1ppp/2n5/4p3/2B1P3/5N2/PPPP1PPP/RNBQK2R b KQkq - 3 3,f1c4
15,ErikGoatmela,EulerE,1270,1185,r1bqkb1r/pppp1ppp/2n2n2/4p3/2B1P3/5N2/PPPP1PPP/RNBQK2R w KQkq - 4 4,g8f6
15,ErikGoatmela,EulerE,1270,1185,r1bqkb1r/pppp1ppp/2n2n2/4p1N1/2B1P3/8/PPPP1PPP/RNBQK2R b KQkq - 5 4,f3g5
15,ErikGoatmela,EulerE,1270,1185,r1bqkb1r/ppp2ppp/2n2n2/3pp1N1/2B1P3/8/PPPP1PPP/RNBQK2R w KQkq - 0 5,d7d5
15,ErikGoatmela,EulerE,1270,1185,r1bqkb1r/ppp2ppp/2n2n2/3Pp1N1/2B5/8/PPPP1PPP/RNBQK2R b KQkq - 0 5,e4d5
15,ErikGoatmela,EulerE,1270,1185,r1bqkb1r/ppp2ppp/2n5/3np1N1/2B5/8/PPPP1PPP/RNBQK2R w KQkq - 0 6,f6d5
15,ErikGoatmela,EulerE,1270,1185,r1bqkb1r/ppp2Npp/2n5/3np3/2B5/8/PPPP1PPP/RNBQK2R b KQkq - 0 6,g5f7
15,ErikGoatmela,EulerE,1270,1185,r1bq1b1r/ppp2kpp/2n5/3np3/2B5/8/PPPP1PPP/RNBQK2R w KQ - 0 7,e8f7
15,ErikGoatmela,EulerE,1270,1185,r1bq1b1r/ppp2kpp/2n5/3np3/2B5/5Q2/PPPP1PPP/RNB1K2R b KQ - 1 7,d1f3
15,ErikGoatmela,EulerE,1270,1185,r1bqkb1r/ppp3pp/2n5/3np3/2B5/5Q2/PPPP1PPP/RNB1K2R w KQ - 2 8,f7e8
15,ErikGoatmela,EulerE,1270,1185,r1bqkb1r/ppp3pp/2n5/3Bp3/8/5Q2/PPPP1PPP/RNB1K2R b KQ - 0 8,c4d5
15,ErikGoatmela,EulerE,1270,1185,r1b1kb1r/pppq2pp/2n5/3Bp3/8/5Q2/PPPP1PPP/RNB1K2R w KQ - 1 9,d8d7
15,ErikGoatmela,EulerE,1270,1185,r1b1kb1r/pppq2pp/2n5/3Bp3/8/5Q2/PPPP1PPP/RNB2RK1 b - - 2 9,e1g1
15,ErikGoatmela,EulerE,1270,1185,r1b1k2r/pppq2pp/2n5/2bBp3/8/5Q2/PPPP1PPP/RNB2RK1 w - - 3 10,f8c5
15,ErikGoatmela,EulerE,1270,1185,r1b1k2r/pppq2pp/2n5/2bBp3/8/5Q2/PPPP1PPP/RNB1R1K1 b - - 4 10,f1e1
15,ErikGoatmela,EulerE,1270,1185,r1b1kr2/pppq2pp/2n5/2bBp3/8/5Q2/PPPP1PPP/RNB1R1K1 w - - 5 11,h8f8
15,ErikGoatmela,EulerE,1270,1185,r1b1kr2/pppq2pp/2n5/2bBp2Q/8/8/PPPP1PPP/RNB1R1K1 b - - 6 11,f3h5
15,ErikGoatmela,EulerE,1270,1185,r1b1kr2/pppq3p/2n3p1/2bBp2Q/8/8/PPPP1PPP/RNB1R1K1 w - - 0 12,g7g6
15,ErikGoatmela,EulerE,1270,1185,r1b1kr2/pppq3p/2n3pQ/2bBp3/8/8/PPPP1PPP/RNB1R1K1 b - - 1 12,h5h6
15,ErikGoatmela,EulerE,1270,1185,r1b1kr2/ppp4p/2n3pQ/2bqp3/8/8/PPPP1PPP/RNB1R1K1 w - - 0 13,d7d5
15,ErikGoatmela,EulerE,1270,1185,r1b1kr2/ppp4p/2n3pQ/2bqp3/8/8/PPPPRPPP/RNB3K1 b - - 1 13,e1e2
15,ErikGoatmela,EulerE,1270,1185,r1b1k2r/ppp4p/2n3pQ/2bqp3/8/8/PPPPRPPP/RNB3K1 w - - 2 14,f8h8
15,ErikGoatmela,EulerE,1270,1185,r1b1k2r/ppp3Qp/2n3p1/2bqp3/8/8/PPPPRPPP/RNB3K1 b - - 3 14,h6g7
15,ErikGoatmela,EulerE,1270,1185,r1b1k1qr/ppp3Qp/2n3p1/2b1p3/8/8/PPPPRPPP/RNB3K1 w - - 4 15,d5g8
15,ErikGoatmela,EulerE,1270,1185,r1b1k1qr/ppp3Qp/2n3p1/2b1R3/8/8/PPPP1PPP/RNB3K1 b - - 0 15,e2e5
15,ErikGoatmela,EulerE,1270,1185,r1b1k1qr/ppp3Qp/6p1/2b1n3/8/8/PPPP1PPP/RNB3K1 w - - 0 16,c6e5
15,ErikGoatmela,EulerE,1270,1185,r1b1k1qr/ppp4p/6p1/2b1Q3/8/8/PPPP1PPP/RNB3K1 b - - 0 16,g7e5
15,ErikGoatmela,EulerE,1270,1185,r1b1k1qr/ppp1b2p/6p1/4Q3/8/8/PPPP1PPP/RNB3K1 w - - 1 17,c5e7
15,ErikGoatmela,EulerE,1270,1185,r1b1k1qr/ppp1b2p/6p1/4Q3/8/3P4/PPP2PPP/RNB3K1 b - - 0 17,d2d3
15,ErikGoatmela,EulerE,1270,1185,r3k1qr/ppp1b2p/4b1p1/4Q3/8/3P4/PPP2PPP/RNB3K1 w - - 1 18,c8e6
15,ErikGoatmela,EulerE,1270,1185,r3k1qr/ppp1b2p/4b1p1/4Q3/3P4/8/PPP2PPP/RNB3K1 b - - 0 18,d3d4
15,ErikGoatmela,EulerE,1270,1185,r3k1qr/ppp4p/3bb1p1/4Q3/3P4/8/PPP2PPP/RNB3K1 w - - 1 19,e7d6
15,ErikGoatmela,EulerE,1270,1185,r3k1qr/ppp4p/3bb1p1/1Q6/3P4/8/PPP2PPP/RNB3K1 b - - 2 19,e5b5
15,ErikGoatmela,EulerE,1270,1185,r5qr/ppp1k2p/3bb1p1/1Q6/3P4/8/PPP2PPP/RNB3K1 w - - 3 20,e8e7
15,ErikGoatmela,EulerE,1270,1185,r5qr/ppp1k2p/3bb1p1/1Q4B1/3P4/8/PPP2PPP/RN4K1 b - - 4 20,c1g5
15,ErikGoatmela,EulerE,1270,1185,r5qr/ppp2k1p/3bb1p1/1Q4B1/3P4/8/PPP2PPP/RN4K1 w - - 5 21,e7f7
15,ErikGoatmela,EulerE,1270,1185,r5qr/pQp2k1p/3bb1p1/6B1/3P4/8/PPP2PPP/RN4K1 b - - 0 21,b5b7
15,ErikGoatmela,EulerE,1270,1185,r6r/pQp2kqp/3bb1p1/6B1/3P4/8/PPP2PPP/RN4K1 w - - 1 22,g8g7
15,ErikGoatmela,EulerE,1270,1185,r6r/p1p2kqp/3bb1p1/6B1/3P4/5Q2/PPP2PPP/RN4K1 b - - 2 22,b7f3
15,ErikGoatmela,EulerE,1270,1185,r3k2r/p1p3qp/3bb1p1/6B1/3P4/5Q2/PPP2PPP/RN4K1 w - - 3 23,f7e8
15,ErikGoatmela,EulerE,1270,1185,r3k2r/p1p3qp/3bbBp1/8/3P4/5Q2/PPP2PPP/RN4K1 b - - 4 23,g5f6
15,ErikGoatmela,EulerE,1270,1185,r3kq1r/p1p4p/3bbBp1/8/3P4/5Q2/PPP2PPP/RN4K1 w - - 5 24,g7f8
15,ErikGoatmela,EulerE,1270,1185,r3kq1B/p1p4p/3bb1p1/8/3P4/5Q2/PPP2PPP/RN4K1 b - - 0 24,f6h8
15,ErikGoatmela,EulerE,1270,1185,r3k2q/p1p4p/3bb1p1/8/3P4/5Q2/PPP2PPP/RN4K1 w - - 0 25,f8h8
15,ErikGoatmela,EulerE,1270,1185,Q3k2q/p1p4p/3bb1p1/8/3P4/8/PPP2PPP/RN4K1 b - - 0 25,f3a8
16,EulerE,bongkeng1,1178,1245,rnbqkbnr/pppppppp/8/8/3P4/8/PPP1PPPP/RNBQKBNR b KQkq - 0 1,d2d4
16,EulerE,bongkeng1,1178,1245,rnbqkbnr/ppp1pppp/8/3p4/3P4/8/PPP1PPPP/RNBQKBNR w KQkq - 0 2,d7d5
16,EulerE,bongkeng1,1178,1245,rnbqkbnr/ppp1pppp/8/3p4/2PP4/8/PP2PPPP/RNBQKBNR b KQkq - 0 2,c2c4
16,EulerE,bongkeng1,1178,1245,rnbqkb1r/ppp1pppp/5n2/3p4/2PP4/8/PP2PPPP/RNBQKBNR w KQkq - 1 3,g8f6
16,EulerE,bongkeng1,1178,1245,rnbqkb1r/ppp1pppp/5n2/3p4/2PP4/2N5/PP2PPPP/R1BQKBNR b KQkq - 2 3,b1c3
16,EulerE,bongkeng1,1178,1245,rnbqkb1r/ppp2ppp/4pn2/3p4/2PP4/2N5/PP2PPPP/R1BQKBNR w KQkq - 0 4,e7e6
16,EulerE,bongkeng1,1178,1245,rnbqkb1r/ppp2ppp/4pn2/3p4/2PP1B2/2N5/PP2PPPP/R2QKBNR b KQkq - 1 4,c1f4
16,EulerE,bongkeng1,1178,1245,rnbqk2r/ppp2ppp/4pn2/3p4/1bPP1B2/2N5/PP2PPPP/R2QKBNR w KQkq - 2 5,f8b4
16,EulerE,bongkeng1,1178,1245,rnbqk2r/ppp2ppp/4pn2/3p4/1bPP1B2/P1N5/1P2PPPP/R2QKBNR b KQkq - 0 5,a2a3
16,EulerE,bongkeng1,1178,1245,rnbqk2r/ppp2ppp/4pn2/3p4/2PP1B2/P1b5/1P2PPPP/R2QKBNR w KQkq - 0 6,b4c3
16,EulerE,bongkeng1,1178,1245,rnbqk2r/ppp2ppp/4pn2/3p4/2PP1B2/P1P5/4PPPP/R2QKBNR b KQkq - 0 6,b2c3
16,EulerE,bongkeng1,1178,1245,rnbqk2r/ppp2ppp/4p3/3p4/2PPnB2/P1P5/4PPPP/R2QKBNR w KQkq - 1 7,f6e4
16,EulerE,bongkeng1,1178,1245,rnbqk2r/ppp2ppp/4p3/3p4/2PPnB2/P1P5/2Q1PPPP/R3KBNR b KQkq - 2 7,d1c2
16,EulerE,bongkeng1,1178,1245,rnbqk2r/ppp2pp1/4p2p/3p4/2PPnB2/P1P5/2Q1PPPP/R3KBNR w KQkq - 0 8,h7h6
16,EulerE,bongkeng1,1178,1245,rnbqk2r/ppp2pp1/4p2p/3p4/2PPnB2/P1P2P2/2Q1P1PP/R3KBNR b KQkq - 0 8,f2f3
16,EulerE,bongkeng1,1178,1245,rnbqk2r/ppp2pp1/4pn1p/3p4/2PP1B2/P1P2P2/2Q1P1PP/R3KBNR w KQkq - 1 9,e4f6
16,EulerE,bongkeng1,1178,1245,rnbqk2r/ppp2pp1/4pn1p/3P4/3P1B2/P1P2P2/2Q1P1PP/R3KBNR b KQkq - 0 9,c4d5
16,EulerE,bongkeng1,1178,1245,rnbqk2r/ppp2pp1/4p2p/3n4/3P1B2/P1P2P2/2Q1P1PP/R3KBNR w KQkq - 0 10,f6d5
16,EulerE,bongkeng1,1178,1245,rnbqk2r/ppp2pp1/4p2p/3n4/Q2P1B2/P1P2P2/4P1PP/R3KBNR b KQkq - 1 10,c2a4
16,EulerE,bongkeng1,1178,1245,rn1qk2r/pppb1pp1/4p2p/3n4/Q2P1B2/P1P2P2/4P1PP/R3KBNR w KQkq - 2 11,c8d7
16,EulerE,bongkeng1,1178,1245,rn1qk2r/ppBb1pp1/4p2p/3n4/Q2P4/P1P2P2/4P1PP/R3KBNR b KQkq - 0 11,f4c7
16,EulerE,bongkeng1,1178,1245,rn2k2r/ppqb1pp1/4p2p/3n4/Q2P4/P1P2P2/4P1PP/R3KBNR w KQkq - 0 12,d8c7
16,EulerE,bongkeng1,1178,1245,rn2k2r/ppqb1pp1/4p2p/3n4/3P4/PQP2P2/4P1PP/R3KBNR b KQkq - 1 12,a4b3
16,EulerE,bongkeng1,1178,1245,rn2k2r/pp1b1pp1/4p2p/3n4/3P4/PQq2P2/4P1PP/R3KBNR w KQkq - 0 13,c7c3
16,EulerE,bongkeng1,1178,1245,rn2k2r/pp1b1pp1/4p2p/3n4/3P4/P1Q2P2/4P1PP/R3KBNR b KQkq - 0 13,b3c3
16,EulerE,bongkeng1,1178,1245,rn2k2r/pp1b1pp1/4p2p/8/3P4/P1n2P2/4P1PP/R3KBNR w KQkq - 0 14,d5c3
16,EulerE,bongkeng1,1178,1245,rn2k2r/pp1b1pp1/4p2p/8/3PP3/P1n2P2/6PP/R3KBNR b KQkq - 0 14,e2e4
16,EulerE,bongkeng1,1178,1245,rn2k2r/1p1b1pp1/p3p2p/8/3PP3/P1n2P2/6PP/R3KBNR w KQkq - 0 15,a7a6
16,EulerE,bongkeng1,1178,1245,rn2k2r/1p1b1pp1/p3p2p/8/3PP3/P1n2P2/6PP/2R1KBNR b Kkq - 1 15,a1c1
16,EulerE,bongkeng1,1178,1245,rn2k2r/1p1b1pp1/p3p2p/1n6/3PP3/P4P2/6PP/2R1KBNR w Kkq - 2 16,c3b5
16,EulerE,bongkeng1,1178,1245,rn2k2r/1p1b1pp1/p3p2p/1B6/3PP3/P4P2/6PP/2R1K1NR b Kkq - 0 16,f1b5
16,EulerE,bongkeng1,1178,1245,rn2k2r/1p1b1pp1/4p2p/1p6/3PP3/P4P2/6PP/2R1K1NR w Kkq - 0 17,a6b5
16,EulerE,bongkeng1,1178,1245,rn2k2r/1p1b1pp1/4p2p/1p6/3PP3/P4P2/6PP/R3K1NR b Kkq - 1 17,c1a1
16,EulerE,bongkeng1,1178,1245,rn2k2r/1p1b1pp1/4p2p/8/1p1PP3/P4P2/6PP/R3K1NR w Kkq - 0 18,b5b4
16,EulerE,bongkeng1,1178,1245,rn2k2r/1p1b1pp1/4p2p/8/1p1PP3/P4P2/3K2PP/R5NR b kq - 1 18,e1d2
16,EulerE,bongkeng1,1178,1245,1n2k2r/1p1b1pp1/4p2p/8/1p1PP3/r4P2/3K2PP/R5NR w k - 0 19,a8a3
16,EulerE,bongkeng1,1178,1245,1n2k2r/1p1b1pp1/4p2p/8/1p1PP3/R4P2/3K2PP/6NR b k - 0 19,a1a3
16,EulerE,bongkeng1,1178,1245,1n2k2r/1p1b1pp1/4p2p/8/3PP3/p4P2/3K2PP/6NR w k - 0 20,b4a3
16,EulerE,bongkeng1,1178,1245,1n2k2r/1p1b1pp1/4p2p/8/3PP3/p4P2/3KN1PP/7R b k - 1 20,g1e2
16,EulerE,bongkeng1,1178,1245,1n3rk1/1p1b1pp1/4p2p/8/3PP3/p4P2/3KN1PP/7R w - - 2 21,e8g8
16,EulerE,bongkeng1,1178,1245,1n3rk1/1p1b1pp1/4p2p/8/3PP3/p4P2/3KN1PP/R7 b - - 3 21,h1a1
16,EulerE,bongkeng1,1178,1245,1n3rk1/3b1pp1/4p2p/1p6/3PP3/p4P2/3KN1PP/R7 w - - 0 22,b7b5
16,EulerE,bongkeng1,1178,1245,1n3rk1/3b1pp1/4p2p/1p6/3PP3/R4P2/3KN1PP/8 b - - 0 22,a1a3
16,EulerE,bongkeng1,1178,1245,1n3rk1/5pp1/2b1p2p/1p6/3PP3/R4P2/3KN1PP/8 w - - 1 23,d7c6
16,EulerE,bongkeng1,1178,1245,1n3rk1/5pp1/2b1p2p/1p6/3PP3/1R3P2/3KN1PP/8 b - - 2 23,a3b3
16,EulerE,bongkeng1,1178,1245,1nr3k1/5pp1/2b1p2p/1p6/3PP3/1R3P2/3KN1PP/8 w - - 3 24,f8c8
16,EulerE,bongkeng1,1178,1245,1nr3k1/5pp1/2b1p2p/1p1P4/4P3/1R3P2/3KN1PP/8 b - - 0 24,d4d5
16,EulerE,bongkeng1,1178,1245,1nr3k1/5pp1/2b4p/1p1p4/4P3/1R3P2/3KN1PP/8 w - - 0 25,e6d5
16,EulerE,bongkeng1,1178,1245,1nr3k1/5pp1/2b4p/1p1P4/8/1R3P2/3KN1PP/8 b - - 0 25,e4d5
16,EulerE,bongkeng1,1178,1245,1nr1b1k1/5pp1/7p/1p1P4/8/1R3P2/3KN1PP/8 w - - 1 26,c6e8
16,EulerE,bongkeng1,1178,1245,1nr1b1k1/5pp1/3P3p/1p6/8/1R3P2/3KN1PP/8 b - - 0 26,d5d6
16,EulerE,bongkeng1,1178,1245,1n2b1k1/5pp1/3P3p/1pr5/8/1R3P2/3KN1PP/8 w - - 1 27,c8c5
16,EulerE,bongkeng1,1178,1245,1n2b1k1/5pp1/3P3p/1pr5/8/3R1P2/3KN1PP/8 b - - 2 27,b3d3
16,EulerE,bongkeng1,1178,1245,1n2b1k1/5pp1/3P3p/2r5/1p6/3R1P2/3KN1PP/8 w - - 0 28,b5b4
16,EulerE,bongkeng1,1178,1245,1n2b1k1/5pp1/3P3p/2r5/1p6/3R1P2/3K2PP/2N5 b - - 1 28,e2c1
16,EulerE,bongkeng1,1178,1245,1n2b1k1/5pp1/3P3p/1r6/1p6/3R1P2/3K2PP/2N5 w - - 2 29,c5b5
16,EulerE,bongkeng1,1178,1245,1n2b1k1/5pp1/3P3p/1r6/1p6/3R1P2/2K3PP/2N5 b - - 3 29,d2c2
16,EulerE,bongkeng1,1178,1245,4b1k1/5pp1/2nP3p/1r6/1p6/3R1P2/2K3PP/2N5 w - - 4 30,b8c6
16,EulerE,bongkeng1,1178,1245,4b1k1/3P1pp1/2n4p/1r6/1p6/3R1P2/2K3PP/2N5 b - - 0 30,d6d7
16,EulerE,bongkeng1,1178,1245,6k1/3b1pp1/2n4p/1r6/1p6/3R1P2/2K3PP/2N5 w - - 0 31,e8d7
16,EulerE,bongkeng1,1178,1245,6k1/3R1pp1/2n4p/1r6/1p6/5P2/2K3PP/2N5 b - - 0 31,d3d7
16,EulerE,bongkeng1,1178,1245,6k1/3R1pp1/7p/nr6/1p6/5P2/2K3PP/2N5 w - - 1 32,c6a5
16,EulerE,bongkeng1,1178,1245,6k1/5pp1/7p/nr6/1p6/3R1P2/2K3PP/2N5 b - - 2 32,d7d3
16,EulerE,bongkeng1,1178,1245,6k1/5pp1/7p/n1r5/1p6/3R1P2/2K3PP/2N5 w - - 3 33,b5c5
16,EulerE,bongkeng1,1178,1245,6k1/5pp1/7p/n1r5/1p6/3R1P2/1K4PP/2N5 b - - 4 33,c2b2
16,EulerE,bongkeng1,1178,1245,6k1/5pp1/7p/2r5/1pn5/3R1P2/1K4PP/2N5 w - - 5 34,a5c4
16,EulerE,bongkeng1,1178,1245,6k1/5pp1/7p/2r5/1pn5/1K1R1P2/6PP/2N5 b - - 6 34,b2b3
16,EulerE,bongkeng1,1178,1245,6k1/5pp1/7p/2r1n3/1p6/1K1R1P2/6PP/2N5 w - - 7 35,c4e5
16,EulerE,bongkeng1,1178,1245,3R2k1/5pp1/7p/2r1n3/1p6/1K3P2/6PP/2N5 b - - 8 35,d3d8
16,EulerE,bongkeng1,1178,1245,3R4/5ppk/7p/2r1n3/1p6/1K3P2/6PP/2N5 w - - 9 36,g8h7
16,EulerE,bongkeng1,1178,1245,3R4/5ppk/7p/2r1n3/1K6/5P2/6PP/2N5 b - - 0 36,b3b4
16,EulerE,bongkeng1,1178,1245,3R4/5ppk/7p/4n3/1K6/5P2/6PP/2r5 w - - 0 37,c5c1
16,EulerE,bongkeng1,1178,1245,8/5ppk/3R3p/4n3/1K6/5P2/6PP/2r5 b - - 1 37,d8d6
16,EulerE,bongkeng1,1178,1245,8/6pk/3R1p1p/4n3/1K6/5P2/6PP/2r5 w - - 0 38,f7f6
16,EulerE,bongkeng1,1178,1245,8/6pk/3R1p1p/4n3/1K3P2/8/6PP/2r5 b - - 0 38,f3f4
16,EulerE,bongkeng1,1178,1245,8/6pk/3R1p1p/8/1K3Pn1/8/6PP/2r5 w - - 1 39,e5g4
16,EulerE,bongkeng1,1178,1245,8/6pk/5p1p/8/1K3Pn1/3R4/6PP/2r5 b - - 2 39,d6d3
16,EulerE,bongkeng1,1178,1245,8/6pk/5p1p/8/1K3P2/3R4/6Pn/2r5 w - - 0 40,g4h2
16,EulerE,bongkeng1,1178,1245,8/6pk/5p1p/5P2/1K6/3R4/6Pn/2r5 b - - 0 40,f4f5
16,EulerE,bongkeng1,1178,1245,8/6pk/5p1p/5P2/1K6/3R4/6Pn/5r2 w - - 1 41,c1f1
16,EulerE,bongkeng1,1178,1245,8/6pk/5p1p/3R1P2/1K6/8/6Pn/5r2 b - - 2 41,d3d5
16,EulerE,bongkeng1,1178,1245,8/6pk/5p1p/3R1P2/1K4n1/8/6P1/5r2 w - - 3 42,h2g4
16,EulerE,bongkeng1,1178,1245,8/6pk/5p1p/R4P2/1K4n1/8/6P1/5r2 b - - 4 42,d5a5
16,EulerE,bongkeng1,1178,1245,8/6pk/5p1p/R4P2/1K6/4n3/6P1/5r2 w - - 5 43,g4e3
16,EulerE,bongkeng1,1178,1245,8/6pk/5p1p/R4P2/8/2K1n3/6P1/5r2 b - - 6 43,b4c3
16,EulerE,bongkeng1,1178,1245,8/6pk/5p1p/R4P2/8/2K5/6n1/5r2 w - - 0 44,e3g2
16,EulerE,bongkeng1,1178,1245,8/6pk/5p1p/R4P2/8/3K4/6n1/5r2 b - - 1 44,c3d3
16,EulerE,bongkeng1,1178,1245,8/6pk/5p1p/R4P2/7n/3K4/8/5r2 w - - 2 45,g2h4
16,EulerE,bongkeng1,1178,1245,8/6pk/5p1p/R4P2/7n/4K3/8/5r2 b - - 3 45,d3e3
16,EulerE,bongkeng1,1178,1245,8/6pk/5p1p/R4r2/7n/4K3/8/8 w - - 0 46,f1f5
16,EulerE,bongkeng1,1178,1245,8/6pk/5p1p/5R2/7n/4K3/8/8 b - - 0 46,a5f5
16,EulerE,bongkeng1,1178,1245,8/6pk/5p1p/5n2/8/4K3/8/8 w - - 0 47,h4f5
16,EulerE,bongkeng1,1178,1245,8/6pk/5p1p/5n2/5K2/8/8/8 b - - 1 47,e3f4
16,EulerE,bongkeng1,1178,1245,8/6p1/5pkp/5n2/5K2/8/8/8 w - - 2 48,h7g6
16,EulerE,bongkeng1,1178,1245,8/6p1/5pkp/5n2/6K1/8/8/8 b - - 3 48,f4g4
16,EulerE,bongkeng1,1178,1245,8/6p1/5pk1/5n1p/6K1/8/8/8 w - - 0 49,h6h5
16,EulerE,bongkeng1,1178,1245,8/6p1/5pk1/5n1p/8/7K/8/8 b - - 1 49,g4h3
16,EulerE,bongkeng1,1178,1245,8/6p1/5pkn/7p/8/7K/8/8 w - - 2 50,f5h6
16,EulerE,bongkeng1,1178,1245,8/6p1/5pkn/7p/7K/8/8/8 b - - 3 50,h3h4
16,EulerE,bongkeng1,1178,1245,8/6p1/6kn/5p1p/7K/8/8/8 w - - 0 51,f6f5
16,EulerE,bongkeng1,1178,1245,8/6p1/6kn/5p1p/8/6K1/8/8 b - - 1 51,h4g3
16,EulerE,bongkeng1,1178,1245,8/6p1/7n/5pkp/8/6K1/8/8 w - - 2 52,g6g5
16,EulerE,bongkeng1,1178,1245,8/6p1/7n/5pkp/8/8/7K/8 b - - 3 52,g3h2
16,EulerE,bongkeng1,1178,1245,8/6p1/7n/5p1p/6k1/8/7K/8 w - - 4 53,g5g4
16,EulerE,bongkeng1,1178,1245,8/6p1/7n/5p1p/6k1/8/6K1/8 b - - 5 53,h2g2
16,EulerE,bongkeng1,1178,1245,8/6p1/7n/5p2/6kp/8/6K1/8 w - - 0 54,h5h4
16,EulerE,bongkeng1,1178,1245,8/6p1/7n/5p2/6kp/8/7K/8 b - - 1 54,g2h2
16,EulerE,bongkeng1,1178,1245,8/6p1/7n/8/5pkp/8/7K/8 w - - 0 55,f5f4
16,EulerE,bongkeng1,1178,1245,8/6p1/7n/8/5pkp/8/6K1/8 b - - 1 55,h2g2
16,EulerE,bongkeng1,1178,1245,8/6p1/7n/8/5pk1/7p/6K1/8 w - - 0 56,h4h3
16,EulerE,bongkeng1,1178,1245,8/6p1/7n/8/5pk1/7p/8/7K b - - 1 56,g2h1
16,EulerE,bongkeng1,1178,1245,8/6p1/7n/8/5p2/6kp/8/7K w - - 2 57,g4g3
16,EulerE,bongkeng1,1178,1245,8/6p1/7n/8/5p2/6kp/8/6K1 b - - 3 57,h1g1
16,EulerE,bongkeng1,1178,1245,8/6p1/7n/8/8/5pkp/8/6K1 w - - 0 58,f4f3
16,EulerE,bongkeng1,1178,1245,8/6p1/7n/8/8/5pkp/8/7K b - - 1 58,g1h1
16,EulerE,bongkeng1,1178,1245,8/6p1/8/8/6n1/5pkp/8/7K w - - 2 59,h6g4
16,EulerE,bongkeng1,1178,1245,8/6p1/8/8/6n1/5pkp/8/6K1 b - - 3 59,h1g1
16,EulerE,bongkeng1,1178,1245,8/6p1/8/8/6n1/5pk1/7p/6K1 w - - 0 60,h3h2
16,EulerE,bongkeng1,1178,1245,8/6p1/8/8/6n1/5pk1/7p/7K b - - 1 60,g1h1
16,EulerE,bongkeng1,1178,1245,8/6p1/8/8/8/5pk1/5n1p/7K w - - 2 61,g4f2
17,EulerE,brainstorm05,1170,1176,rnbqkbnr/pppppppp/8/8/3P4/8/PPP1PPPP/RNBQKBNR b KQkq - 0 1,d2d4
17,EulerE,brainstorm05,1170,1176,rnbqkbnr/ppp1pppp/8/3p4/3P4/8/PPP1PPPP/RNBQKBNR w KQkq - 0 2,d7d5
17,EulerE,brainstorm05,1170,1176,rnbqkbnr/ppp1pppp/8/3p4/2PP4/8/PP2PPPP/RNBQKBNR b KQkq - 0 2,c2c4
17,EulerE,brainstorm05,1170,1176,rnbqkbnr/ppp1pppp/8/8/2pP4/8/PP2PPPP/RNBQKBNR w KQkq - 0 3,d5c4
17,EulerE,brainstorm05,1170,1176,rnbqkbnr/ppp1pppp/8/8/2pPP3/8/PP3PPP/RNBQKBNR b KQkq - 0 3,e2e4
17,EulerE,brainstorm05,1170,1176,rnbqkbnr/p1p1pppp/8/1p6/2pPP3/8/PP3PPP/RNBQKBNR w KQkq - 0 4,b7b5
17,EulerE,brainstorm05,1170,1176,rnbqkbnr/p1p1pppp/8/1p6/P1pPP3/8/1P3PPP/RNBQKBNR b KQkq - 0 4,a2a4
17,EulerE,brainstorm05,1170,1176,rnbqkbnr/p3pppp/2p5/1p6/P1pPP3/8/1P3PPP/RNBQKBNR w KQkq - 0 5,c7c6
17,EulerE,brainstorm05,1170,1176,rnbqkbnr/p3pppp/2p5/1P6/2pPP3/8/1P3PPP/RNBQKBNR b KQkq - 0 5,a4b5
17,EulerE,brainstorm05,1170,1176,rnbqkbnr/p3pppp/8/1p6/2pPP3/8/1P3PPP/RNBQKBNR w KQkq - 0 6,c6b5
17,EulerE,brainstorm05,1170,1176,rnbqkbnr/p3pppp/8/1p6/2pPP3/2N5/1P3PPP/R1BQKBNR b KQkq - 1 6,b1c3
17,EulerE,brainstorm05,1170,1176,rnbqkbnr/4pppp/p7/1p6/2pPP3/2N5/1P3PPP/R1BQKBNR w KQkq - 0 7,a7a6
17,EulerE,brainstorm05,1170,1176,rnbqkbnr/4pppp/p7/1N6/2pPP3/8/1P3PPP/R1BQKBNR b KQkq - 0 7,c3b5
17,EulerE,brainstorm05,1170,1176,rn1qkbnr/1b2pppp/p7/1N6/2pPP3/8/1P3PPP/R1BQKBNR w KQkq - 1 8,c8b7
17,EulerE,brainstorm05,1170,1176,rn1qkbnr/1b2pppp/p7/1N6/2pPPB2/8/1P3PPP/R2QKBNR b KQkq - 2 8,c1f4
17,EulerE,brainstorm05,1170,1176,rn1qkbnr/1b2pppp/8/1p6/2pPPB2/8/1P3PPP/R2QKBNR w KQkq - 0 9,a6b5
17,EulerE,brainstorm05,1170,1176,Rn1qkbnr/1b2pppp/8/1p6/2pPPB2/8/1P3PPP/3QKBNR b Kk - 0 9,a1a8
17,EulerE,brainstorm05,1170,1176,bn1qkbnr/4pppp/8/1p6/2pPPB2/8/1P3PPP/3QKBNR w Kk - 0 10,b7a8
17,EulerE,brainstorm05,1170,1176,bn1qkbnr/4pppp/8/1p1P4/2p1PB2/8/1P3PPP/3QKBNR b Kk - 0 10,d4d5
17,EulerE,brainstorm05,1170,1176,b2qkbnr/4pppp/n7/1p1P4/2p1PB2/8/1P3PPP/3QKBNR w Kk - 1 11,b8a6
17,EulerE,brainstorm05,1170,1176,b2qkbnr/4pppp/n7/1p1P4/2p1PB2/5N2/1P3PPP/3QKB1R b Kk - 2 11,g1f3
17,EulerE,brainstorm05,1170,1176,b2qkbnr/4ppp1/n6p/1p1P4/2p1PB2/5N2/1P3PPP/3QKB1R w Kk - 0 12,h7h6
17,EulerE,brainstorm05,1170,1176,b2qkbnr/4ppp1/n6p/1p1P4/2p1PB2/5N2/1P2BPPP/3QK2R b Kk - 1 12,f1e2
17,EulerE,brainstorm05,1170,1176,b2qkb1r/4ppp1/n4n1p/1p1P4/2p1PB2/5N2/1P2BPPP/3QK2R w Kk - 2 13,g8f6
17,EulerE,brainstorm05,1170,1176,b2qkb1r/4ppp1/n4n1p/1p1PP3/2p2B2/5N2/1P2BPPP/3QK2R b Kk - 0 13,e4e5
17,EulerE,brainstorm05,1170,1176,b2qkb1r/4ppp1/n6p/1p1PP3/2p1nB2/5N2/1P2BPPP/3QK2R w Kk - 1 14,f6e4
17,EulerE,brainstorm05,1170,1176,b2qkb1r/4ppp1/n2P3p/1p2P3/2p1nB2/5N2/1P2BPPP/3QK2R b Kk - 0 14,d5d6
17,EulerE,brainstorm05,1170,1176,b2qkb1r/5pp1/n2p3p/1p2P3/2p1nB2/5N2/1P2BPPP/3QK2R w Kk - 0 15,e7d6
17,EulerE,brainstorm05,1170,1176,b2qkb1r/5pp1/n2P3p/1p6/2p1nB2/5N2/1P2BPPP/3QK2R b Kk - 0 15,e5d6
17,EulerE,brainstorm05,1170,1176,b2qk2r/5pp1/n2b3p/1p6/2p1nB2/5N2/1P2BPPP/3QK2R w Kk - 0 16,f8d6
17,EulerE,brainstorm05,1170,1176,b2qk2r/5pp1/n2B3p/1p6/2p1n3/5N2/1P2BPPP/3QK2R b Kk - 0 16,f4d6
17,EulerE,brainstorm05,1170,1176,b3k2r/5pp1/n2q3p/1p6/2p1n3/5N2/1P2BPPP/3QK2R w Kk - 0 17,d8d6
17,EulerE,brainstorm05,1170,1176,b3k2r/5pp1/n2Q3p/1p6/2p1n3/5N2/1P2BPPP/4K2R b Kk - 0 17,d1d6
17,EulerE,brainstorm05,1170,1176,b3k2r/5pp1/n2n3p/1p6/2p5/5N2/1P2BPPP/4K2R w Kk - 0 18,e4d6
17,EulerE,brainstorm05,1170,1176,b3k2r/5pp1/n2n3p/1p6/2p5/5N2/1P2BPPP/5RK1 b k - 1 18,e1g1
17,EulerE,brainstorm05,1170,1176,4k2r/5pp1/n2n3p/1p6/2p5/5b2/1P2BPPP/5RK1 w k - 0 19,a8f3
17,EulerE,brainstorm05,1170,1176,4k2r/5pp1/n2n3p/1p6/2p5/5B2/1P3PPP/5RK1 b k - 0 19,e2f3
17,EulerE,brainstorm05,1170,1176,5rk1/5pp1/n2n3p/1p6/2p5/5B2/1P3PPP/5RK1 w - - 1 20,e8g8
17,EulerE,brainstorm05,1170,1176,5rk1/5pp1/n2n3p/1p6/2p5/5B2/1P3PPP/3R2K1 b - - 2 20,f1d1
17,EulerE,brainstorm05,1170,1176,5rk1/5pp1/n6p/1p3n2/2p5/5B2/1P3PPP/3R2K1 w - - 3 21,d6f5
17,EulerE,brainstorm05,1170,1176,5rk1/5pp1/n6p/1p3n2/2p1B3/8/1P3PPP/3R2K1 b - - 4 21,f3e4
17,EulerE,brainstorm05,1170,1176,5rk1/4npp1/n6p/1p6/2p1B3/8/1P3PPP/3R2K1 w - - 5 22,f5e7
18,hwy1918,EulerE,1172,1162,rnbqkbnr/pppppppp/8/8/4P3/8/PPPP1PPP/RNBQKBNR b KQkq - 0 1,e2e4
18,hwy1918,EulerE,1172,1162,rnbqkbnr/pppp1ppp/8/4p3/4P3/8/PPPP1PPP/RNBQKBNR w KQkq - 0 2,e7e5
18,hwy1918,EulerE,1172,1162,rnbqkbnr/pppp1ppp/8/4p3/4P3/2N5/PPPP1PPP/R1BQKBNR b KQkq - 1 2,b1c3
18,hwy1918,EulerE,1172,1162,rnbqk1nr/pppp1ppp/8/2b1p3/4P3/2N5/PPPP1PPP/R1BQKBNR w KQkq - 2 3,f8c5
18,hwy1918,EulerE,1172,1162,rnbqk1nr/pppp1ppp/8/2b1p3/4PP2/2N5/PPPP2PP/R1BQKBNR b KQkq - 0 3,f2f4
18,hwy1918,EulerE,1172,1162,rnbqk1nr/ppp2ppp/3p4/2b1p3/4PP2/2N5/PPPP2PP/R1BQKBNR w KQkq - 0 4,d7d6
18,hwy1918,EulerE,1172,1162,rnbqk1nr/ppp2ppp/3p4/2b1p3/4PP2/2N4P/PPPP2P1/R1BQKBNR b KQkq - 0 4,h2h3
18,hwy1918,EulerE,1172,1162,rnbqk1nr/ppp2ppp/3p4/2b5/4Pp2/2N4P/PPPP2P1/R1BQKBNR w KQkq - 0 5,e5f4
18,hwy1918,EulerE,1172,1162,rnbqk1nr/ppp2ppp/3p4/2b5/4Pp2/2N2N1P/PPPP2P1/R1BQKB1R b KQkq - 1 5,g1f3
18,hwy1918,EulerE,1172,1162,r1bqk1nr/ppp2ppp/2np4/2b5/4Pp2/2N2N1P/PPPP2P1/R1BQKB1R w KQkq - 2 6,b8c6
18,hwy1918,EulerE,1172,1162,r1bqk1nr/ppp2ppp/2np4/1Bb5/4Pp2/2N2N1P/PPPP2P1/R1BQK2R b KQkq - 3 6,f1b5
18,hwy1918,EulerE,1172,1162,r2qk1nr/pppb1ppp/2np4/1Bb5/4Pp2/2N2N1P/PPPP2P1/R1BQK2R w KQkq - 4 7,c8d7
18,hwy1918,EulerE,1172,1162,r2qk1nr/pppb1ppp/2np4/1Bb5/3PPp2/2N2N1P/PPP3P1/R1BQK2R b KQkq - 0 7,d2d4
18,hwy1918,EulerE,1172,1162,r2qk1nr/pppb1ppp/2np4/1B6/1b1PPp2/2N2N1P/PPP3P1/R1BQK2R w KQkq - 1 8,c5b4
18,hwy1918,EulerE,1172,1162,r2qk1nr/pppb1ppp/2np4/1B6/1b1PPB2/2N2N1P/PPP3P1/R2QK2R b KQkq - 0 8,c1f4
18,hwy1918,EulerE,1172,1162,r2qk1nr/1ppb1ppp/p1np4/1B6/1b1PPB2/2N2N1P/PPP3P1/R2QK2R w KQkq - 0 9,a7a6
18,hwy1918,EulerE,1172,1162,r2qk1nr/1ppb1ppp/p1Bp4/8/1b1PPB2/2N2N1P/PPP3P1/R2QK2R b KQkq - 0 9,b5c6
18,hwy1918,EulerE,1172,1162,r2qk1nr/1ppb1ppp/p1Bp4/8/3PPB2/2b2N1P/PPP3P1/R2QK2R w KQkq - 0 10,b4c3
18,hwy1918,EulerE,1172,1162,r2qk1nr/1ppb1ppp/p1Bp4/8/3PPB2/2P2N1P/P1P3P1/R2QK2R b KQkq - 0 10,b2c3
18,hwy1918,EulerE,1172,1162,r2qk1nr/1pp2ppp/p1bp4/8/3PPB2/2P2N1P/P1P3P1/R2QK2R w KQkq - 0 11,d7c6
18,hwy1918,EulerE,1172,1162,r2qk1nr/1pp2ppp/p1bp4/3P4/4PB2/2P2N1P/P1P3P1/R2QK2R b KQkq - 0 11,d4d5
18,hwy1918,EulerE,1172,1162,r2qk1nr/1pp2ppp/p2p4/1b1P4/4PB2/2P2N1P/P1P3P1/R2QK2R w KQkq - 1 12,c6b5
18,hwy1918,EulerE,1172,1162,r2qk1nr/1pp2ppp/p2p4/1b1P4/3NPB2/2P4P/P1P3P1/R2QK2R b KQkq - 2 12,f3d4
18,hwy1918,EulerE,1172,1162,r3k1nr/1pp2ppp/p2p1q2/1b1P4/3NPB2/2P4P/P1P3P1/R2QK2R w KQkq - 3 13,d8f6
18,hwy1918,EulerE,1172,1162,r3k1nr/1pp2ppp/p2p1q2/1b1P4/3NPB2/2P4P/P1PQ2P1/R3K2R b KQkq - 4 13,d1d2
18,hwy1918,EulerE,1172,1162,2kr2nr/1pp2ppp/p2p1q2/1b1P4/3NPB2/2P4P/P1PQ2P1/R3K2R w KQ - 5 14,e8c8
18,hwy1918,EulerE,1172,1162,2kr2nr/1pp2ppp/p2p1q2/1N1P4/4PB2/2P4P/P1PQ2P1/R3K2R b KQ - 0 14,d4b5
18,hwy1918,EulerE,1172,1162,2kr2nr/1pp2ppp/3p1q2/1p1P4/4PB2/2P4P/P1PQ2P1/R3K2R w KQ - 0 15,a6b5
18,hwy1918,EulerE,1172,1162,2kr2nr/1pp2ppp/3p1q2/1p1P4/4PB2/2P4P/P1PQ2P1/R4RK1 b - - 1 15,e1g1
18,hwy1918,EulerE,1172,1162,2kr2nr/1pp2ppp/3p2q1/1p1P4/4PB2/2P4P/P1PQ2P1/R4RK1 w - - 2 16,f6g6
18,hwy1918,EulerE,1172,1162,2kr2nr/1pp2ppp/3p2q1/1p1P4/P3PB2/2P4P/2PQ2P1/R4RK1 b - - 0 16,a2a4
18,hwy1918,EulerE,1172,1162,2kr2nr/1pp2ppp/3p2q1/3P4/Pp2PB2/2P4P/2PQ2P1/R4RK1 w - - 0 17,b5b4
18,hwy1918,EulerE,1172,1162,2kr2nr/1pp2ppp/3p2q1/3P4/PpP1PB2/7P/2PQ2P1/R4RK1 b - - 0 17,c3c4
18,hwy1918,EulerE,1172,1162,2kr2nr/1pp2ppp/3p4/3P4/PpP1qB2/7P/2PQ2P1/R4RK1 w - - 0 18,g6e4
18,hwy1918,EulerE,1172,1162,2kr2nr/1pp2ppp/3p4/3P4/PQP1qB2/7P/2P3P1/R4RK1 b - - 0 18,d2b4
18,hwy1918,EulerE,1172,1162,2kr3r/1pp2ppp/3p1n2/3P4/PQP1qB2/7P/2P3P1/R4RK1 w - - 1 19,g8f6
18,hwy1918,EulerE,1172,1162,2kr3r/1pp2ppp/3p1n2/3P4/PQP1qB2/7P/2P3P1/1R3RK1 b - - 2 19,a1b1
18,hwy1918,EulerE,1172,1162,2kr3r/1pp2ppp/3p1n2/3P4/PQPq1B2/7P/2P3P1/1R3RK1 w - - 3 20,e4d4
18,hwy1918,EulerE,1172,1162,2kr3r/1pp2ppp/3p1n2/3P4/PQPq1B2/7P/2P3PK/1R3R2 b - - 4 20,g1h2
18,hwy1918,EulerE,1172,1162,2kr3r/qpp2ppp/3p1n2/3P4/PQP2B2/7P/2P3PK/1R3R2 w - - 5 21,d4a7
18,hwy1918,EulerE,1172,1162,2kr3r/qpp2ppp/3p1n2/2PP4/PQ3B2/7P/2P3PK/1R3R2 b - - 0 21,c4c5
18,hwy1918,EulerE,1172,1162,2kr3r/qpp2ppp/5n2/2pP4/PQ3B2/7P/2P3PK/1R3R2 w - - 0 22,d6c5
18,hwy1918,EulerE,1172,1162,2kr3r/qpp2ppp/5n2/2pP4/P1Q2B2/7P/2P3PK/1R3R2 b - - 1 22,b4c4
18,hwy1918,EulerE,1172,1162,2kr1r2/qpp2ppp/5n2/2pP4/P1Q2B2/7P/2P3PK/1R3R2 w - - 2 23,h8f8
18,hwy1918,EulerE,1172,1162,2kr1r2/qpp2ppp/3P1n2/2p5/P1Q2B2/7P/2P3PK/1R3R2 b - - 0 23,d5d6
18,hwy1918,EulerE,1172,1162,2kr1r2/qp3ppp/3p1n2/2p5/P1Q2B2/7P/2P3PK/1R3R2 w - - 0 24,c7d6
18,hwy1918,EulerE,1172,1162,2kr1r2/qp3ppp/3p1n2/2p5/P1Q5/4B2P/2P3PK/1R3R2 b - - 1 24,f4e3
18,hwy1918,EulerE,1172,1162,2kr1r2/1p3ppp/q2p1n2/2p5/P1Q5/4B2P/2P3PK/1R3R2 w - - 2 25,a7a6
18,hwy1918,EulerE,1172,1162,2kr1r2/1p3ppp/q2p1n2/2p5/P7/1Q2B2P/2P3PK/1R3R2 b - - 3 25,c4b3
18,hwy1918,EulerE,1172,1162,2k1rr2/1p3ppp/q2p1n2/2p5/P7/1Q2B2P/2P3PK/1R3R2 w - - 4 26,d8e8
18,hwy1918,EulerE,1172,1162,2k1rr2/1p3ppp/q2p1n2/P1p5/8/1Q2B2P/2P3PK/1R3R2 b - - 0 26,a4a5
18,hwy1918,EulerE,1172,1162,2k2r2/1p2rppp/q2p1n2/P1p5/8/1Q2B2P/2P3PK/1R3R2 w - - 1 27,e8e7
18,hwy1918,EulerE,1172,1162,2k2r2/1p2rppp/q2p1n2/P1p5/8/1Q5P/2PB2PK/1R3R2 b - - 2 27,e3d2
18,hwy1918,EulerE,1172,1162,2k2r2/1p3ppp/q2p1n2/P1p5/8/1Q5P/2PBr1PK/1R3R2 w - - 3 28,e7e2
18,hwy1918,EulerE,1172,1162,2k2r2/1p3ppp/q2p1n2/P1p5/5B2/1Q5P/2P1r1PK/1R3R2 b - - 4 28,d2f4
18,hwy1918,EulerE,1172,1162,1k3r2/1p3ppp/q2p1n2/P1p5/5B2/1Q5P/2P1r1PK/1R3R2 w - - 5 29,c8b8
18,hwy1918,EulerE,1172,1162,1k3r2/1p3ppp/q2B1n2/P1p5/8/1Q5P/2P1r1PK/1R3R2 b - - 0 29,f4d6
18,hwy1918,EulerE,1172,1162,1k3r2/1p3ppp/3q1n2/P1p5/8/1Q5P/2P1r1PK/1R3R2 w - - 0 30,a6d6
18,hwy1918,EulerE,1172,1162,1k3r2/1p3ppp/3q1n2/P1p5/8/1Q5P/2P1r1P1/1R3R1K b - - 1 30,h2h1
18,hwy1918,EulerE,1172,1162,1k3r2/1p3ppp/q4n2/P1p5/8/1Q5P/2P1r1P1/1R3R1K w - - 2 31,d6a6
18,hwy1918,EulerE,1172,1162,1k3r2/1p3ppp/q4n2/P1p5/8/6QP/2P1r1P1/1R3R1K b - - 3 31,b3g3
18,hwy1918,EulerE,1172,1162,5r2/kp3ppp/q4n2/P1p5/8/6QP/2P1r1P1/1R3R1K w - - 4 32,b8a7
18,hwy1918,EulerE,1172,1162,5r2/kp3ppp/q4n2/P1p5/8/5Q1P/2P1r1P1/1R3R1K b - - 5 32,g3f3
18,hwy1918,EulerE,1172,1162,5r2/kp3ppp/q4n2/P1p5/8/5Q1P/2r3P1/1R3R1K w - - 0 33,e2c2
18,hwy1918,EulerE,1172,1162,5r2/kp3ppp/qR3n2/P1p5/8/5Q1P/2r3P1/5R1K b - - 1 33,b1b6
18,hwy1918,EulerE,1172,1162,5r2/kp3ppp/1q3n2/P1p5/8/5Q1P/2r3P1/5R1K w - - 0 34,a6b6
18,hwy1918,EulerE,1172,1162,5r2/kp3ppp/1P3n2/2p5/8/5Q1P/2r3P1/5R1K b - - 0 34,a5b6
18,hwy1918,EulerE,1172,1162,5r2/1p3ppp/1k3n2/2p5/8/5Q1P/2r3P1/5R1K w - - 0 35,a7b6
18,hwy1918,EulerE,1172,1162,5r2/1p3ppp/1k3n2/2p5/8/1Q5P/2r3P1/5R1K b - - 1 35,f3b3
18,hwy1918,EulerE,1172,1162,5r2/1p3ppp/2k2n2/2p5/8/1Q5P/2r3P1/5R1K w - - 2 36,b6c6
18,hwy1918,EulerE,1172,1162,5r2/1p3ppp/2k2n2/2p5/8/7P/2Q3P1/5R1K b - - 0 36,b3c2
19,SATJPN,EulerE,1146,1170,rnbqkbnr/pppppppp/8/8/3P4/8/PPP1PPPP/RNBQKBNR b KQkq - 0 1,d2d4
19,SATJPN,EulerE,1146,1170,rnbqkbnr/ppp1pppp/8/3p4/3P4/8/PPP1PPPP/RNBQKBNR w KQkq - 0 2,d7d5
19,SATJPN,EulerE,1146,1170,rnbqkbnr/ppp1pppp/8/3p4/3P4/2N5/PPP1PPPP/R1BQKBNR b KQkq - 1 2,b1c3
19,SATJPN,EulerE,1146,1170,rnbqkb1r/ppp1pppp/5n2/3p4/3P4/2N5/PPP1PPPP/R1BQKBNR w KQkq - 2 3,g8f6
19,SATJPN,EulerE,1146,1170,rnbqkb1r/ppp1pppp/5n2/3p2B1/3P4/2N5/PPP1PPPP/R2QKBNR b KQkq - 3 3,c1g5
19,SATJPN,EulerE,1146,1170,rnbqkb1r/ppp2ppp/4pn2/3p2B1/3P4/2N5/PPP1PPPP/R2QKBNR w KQkq - 0 4,e7e6
19,SATJPN,EulerE,1146,1170,rnbqkb1r/ppp2ppp/4pn2/3p2B1/3P4/2N2N2/PPP1PPPP/R2QKB1R b KQkq - 1 4,g1f3
19,SATJPN,EulerE,1146,1170,rnbqkb1r/ppp2pp1/4pn1p/3p2B1/3P4/2N2N2/PPP1PPPP/R2QKB1R w KQkq - 0 5,h7h6
19,SATJPN,EulerE,1146,1170,rnbqkb1r/ppp2pp1/4pn1p/3p4/3P3B/2N2N2/PPP1PPPP/R2QKB1R b KQkq - 1 5,g5h4
19,SATJPN,EulerE,1146,1170,rnbqk2r/ppp1bpp1/4pn1p/3p4/3P3B/2N2N2/PPP1PPPP/R2QKB1R w KQkq - 2 6,f8e7
19,SATJPN,EulerE,1146,1170,rnbqk2r/ppp1bpp1/4pn1p/3pN3/3P3B/2N5/PPP1PPPP/R2QKB1R b KQkq - 3 6,f3e5
19,SATJPN,EulerE,1146,1170,rn1qk2r/pppbbpp1/4pn1p/3pN3/3P3B/2N5/PPP1PPPP/R2QKB1R w KQkq - 4 7,c8d7
19,SATJPN,EulerE,1146,1170,rn1qk2r/pppbbpp1/4pn1p/3pN3/3PP2B/2N5/PPP2PPP/R2QKB1R b KQkq - 0 7,e2e4
19,SATJPN,EulerE,1146,1170,rn1qk2r/pppbbpp1/4pn1p/4N3/3Pp2B/2N5/PPP2PPP/R2QKB1R w KQkq - 0 8,d5e4
19,SATJPN,EulerE,1146,1170,rn1qk2r/pppbbpp1/4pn1p/3PN3/4p2B/2N5/PPP2PPP/R2QKB1R b KQkq - 0 8,d4d5
19,SATJPN,EulerE,1146,1170,rn1qk2r/pp1bbpp1/2p1pn1p/3PN3/4p2B/2N5/PPP2PPP/R2QKB1R w KQkq - 0 9,c7c6
19,SATJPN,EulerE,1146,1170,rn1qk2r/pp1bbpp1/2P1pn1p/4N3/4p2B/2N5/PPP2PPP/R2QKB1R b KQkq - 0 9,d5c6
19,SATJPN,EulerE,1146,1170,r2qk2r/pp1bbpp1/2n1pn1p/4N3/4p2B/2N5/PPP2PPP/R2QKB1R w KQkq - 0 10,b8c6
19,SATJPN,EulerE,1146,1170,r2qk2r/pp1bbpp1/2N1pn1p/8/4p2B/2N5/PPP2PPP/R2QKB1R b KQkq - 0 10,e5c6
19,SATJPN,EulerE,1146,1170,r2qk2r/pp2bpp1/2b1pn1p/8/4p2B/2N5/PPP2PPP/R2QKB1R w KQkq - 0 11,d7c6
19,SATJPN,EulerE,1146,1170,r2Qk2r/pp2bpp1/2b1pn1p/8/4p2B/2N5/PPP2PPP/R3KB1R b KQkq - 0 11,d1d8
19,SATJPN,EulerE,1146,1170,r2bk2r/pp3pp1/2b1pn1p/8/4p2B/2N5/PPP2PPP/R3KB1R w KQkq - 0 12,e7d8
19,SATJPN,EulerE,1146,1170,r2bk2r/pp3pp1/2b1pn1p/1B6/4p2B/2N5/PPP2PPP/R3K2R b KQkq - 1 12,f1b5
19,SATJPN,EulerE,1146,1170,r2bk2r/pp1b1pp1/4pn1p/1B6/4p2B/2N5/PPP2PPP/R3K2R w KQkq - 2 13,c6d7
19,SATJPN,EulerE,1146,1170,r2bk2r/pp1b1pp1/4pn1p/1B6/4p2B/2N5/PPP1KPPP/R6R b kq - 3 13,e1e2
19,SATJPN,EulerE,1146,1170,r2bk2r/1p1b1pp1/p3pn1p/1B6/4p2B/2N5/PPP1KPPP/R6R w kq - 0 14,a7a6
19,SATJPN,EulerE,1146,1170,r2bk2r/1p1b1pp1/p3pn1p/1B6/4p2B/2N5/PPP1KPPP/3R3R b kq - 1 14,a1d1
19,SATJPN,EulerE,1146,1170,r2bk2r/1p1b1pp1/4pn1p/1p6/4p2B/2N5/PPP1KPPP/3R3R w kq - 0 15,a6b5
19,SATJPN,EulerE,1146,1170,r2bk2r/1p1b1pp1/4pn1p/1p6/4p2B/2N5/PPPRKPPP/7R b kq - 1 15,d1d2
19,SATJPN,EulerE,1146,1170,r2bk2r/1p1b1pp1/4pn1p/8/1p2p2B/2N5/PPPRKPPP/7R w kq - 0 16,b5b4
19,SATJPN,EulerE,1146,1170,r2bk2r/1p1b1pp1/4pn1p/8/1p2p2B/2N5/PPPRKPPP/3R4 b kq - 1 16,h1d1
19,SATJPN,EulerE,1146,1170,r2bk2r/1p1b1p2/4pn1p/6p1/1p2p2B/2N5/PPPRKPPP/3R4 w kq - 0 17,g7g5
19,SATJPN,EulerE,1146,1170,r2bk2r/1p1R1p2/4pn1p/6p1/1p2p2B/2N5/PPP1KPPP/3R4 b kq - 0 17,d2d7
19,SATJPN,EulerE,1146,1170,r2bk2r/1p1n1p2/4p2p/6p1/1p2p2B/2N5/PPP1KPPP/3R4 w kq - 0 18,f6d7
19,SATJPN,EulerE,1146,1170,r2bk2r/1p1R1p2/4p2p/6p1/1p2p2B/2N5/PPP1KPPP/8 b kq - 0 18,d1d7
19,SATJPN,EulerE,1146,1170,r2b3r/1p1k1p2/4p2p/6p1/1p2p2B/2N5/PPP1KPPP/8 w - - 0 19,e8d7
19,SATJPN,EulerE,1146,1170,r2b3r/1p1k1p2/4p2p/6p1/1p2p3/2N3B1/PPP1KPPP/8 b - - 1 19,h4g3
19,SATJPN,EulerE,1146,1170,r2b3r/1p1k1p2/4p2p/6p1/4p3/2p3B1/PPP1KPPP/8 w - - 0 20,b4c3
19,SATJPN,EulerE,1146,1170,r2b3r/1p1k1p2/4p2p/6p1/4p3/2P3B1/P1P1KPPP/8 b - - 0 20,b2c3
19,SATJPN,EulerE,1146,1170,r6r/1pbk1p2/4p2p/6p1/4p3/2P3B1/P1P1KPPP/8 w - - 1 21,d8c7
19,SATJPN,EulerE,1146,1170,r6r/1pBk1p2/4p2p/6p1/4p3/2P5/P1P1KPPP/8 b - - 0 21,g3c7
19,SATJPN,EulerE,1146,1170,r6r/1pk2p2/4p2p/6p1/4p3/2P5/P1P1KPPP/8 w - - 0 22,d7c7
19,SATJPN,EulerE,1146,1170,r6r/1pk2p2/4p2p/6p1/P3p3/2P5/2P1KPPP/8 b - - 0 22,a2a4
19,SATJPN,EulerE,1146,1170,r6r/1pk5/4p2p/5pp1/P3p3/2P5/2P1KPPP/8 w - - 0 23,f7f5
19,SATJPN,EulerE,1146,1170,r6r/1pk5/4p2p/5pp1/P1P1p3/8/2P1KPPP/8 b - - 0 23,c3c4
19,SATJPN,EulerE,1146,1170,7r/1pk5/4p2p/5pp1/r1P1p3/8/2P1KPPP/8 w - - 0 24,a8a4
19,SATJPN,EulerE,1146,1170,7r/1pk5/4p2p/5pp1/r1P1p3/2P5/4KPPP/8 b - - 0 24,c2c3
19,SATJPN,EulerE,1146,1170,7r/1pk5/4p2p/5pp1/2r1p3/2P5/4KPPP/8 w - - 0 25,a4c4
19,SATJPN,EulerE,1146,1170,7r/1pk5/4p2p/5pp1/2r1p3/2P5/3K1PPP/8 b - - 1 25,e2d2
19,SATJPN,EulerE,1146,1170,3r4/1pk5/4p2p/5pp1/2r1p3/2P5/3K1PPP/8 w - - 2 26,h8d8
19,SATJPN,EulerE,1146,1170,3r4/1pk5/4p2p/5pp1/2r1p3/2P5/2K2PPP/8 b - - 3 26,d2c2
19,SATJPN,EulerE,1146,1170,3r4/1pk5/4p2p/6p1/2r1pp2/2P5/2K2PPP/8 w - - 0 27,f5f4
19,SATJPN,EulerE,1146,1170,3r4/1pk5/4p2p/6p1/2r1pp2/1KP5/5PPP/8 b - - 1 27,c2b3
19,SATJPN,EulerE,1146,1170,3r4/1p6/2k1p2p/6p1/2r1pp2/1KP5/5PPP/8 w - - 2 28,c7c6
19,SATJPN,EulerE,1146,1170,3r4/1p6/2k1p2p/6p1/2K1pp2/2P5/5PPP/8 b - - 0 28,b3c4
19,SATJPN,EulerE,1146,1170,3r4/1p6/2k1p2p/6p1/2K2p2/2P1p3/5PPP/8 w - - 0 29,e4e3
19,SATJPN,EulerE,1146,1170,3r4/1p6/2k1p2p/6p1/2K2p2/2P1P3/6PP/8 b - - 0 29,f2e3
19,SATJPN,EulerE,1146,1170,3r4/1p6/2k1p2p/6p1/2K5/2P1p3/6PP/8 w - - 0 30,f4e3
19,SATJPN,EulerE,1146,1170,3r4/1p6/2k1p2p/6p1/8/1KP1p3/6PP/8 b - - 1 30,c4b3
19,SATJPN,EulerE,1146,1170,3r4/1p6/2k1p2p/6p1/8/1KP5/4p1PP/8 w - - 0 31,e3e2
19,SATJPN,EulerE,1146,1170,3r4/1p6/2k1p2p/6p1/8/2P5/2K1p1PP/8 b - - 1 31,b3c2
19,SATJPN,EulerE,1146,1170,3r4/1p6/2k1p2p/6p1/8/2P5/2K3PP/4q3 w - - 0 32,e2e1q
19,SATJPN,EulerE,1146,1170,3r4/1p6/2k1p2p/6p1/7P/2P5/2K3P1/4q3 b - - 0 32,h2h4
19,SATJPN,EulerE,1146,1170,3r4/1p6/2k1p2p/6p1/7P/2P5/2Kq2P1/8 w - - 1 33,e1d2
19,SATJPN,EulerE,1146,1170,3r4/1p6/2k1p2p/6p1/7P/1KP5/3q2P1/8 b - - 2 33,c2b3
19,SATJPN,EulerE,1146,1170,3r4/1p6/2k1p2p/6p1/7P/1KP5/6q1/8 w - - 0 34,d2g2
19,SATJPN,EulerE,1146,1170,3r4/1p6/2k1p2p/6P1/8/1KP5/6q1/8 b - - 0 34,h4g5
19,SATJPN,EulerE,1146,1170,3r4/1p6/2k1p2p/6q1/8/1KP5/8/8 w - - 0 35,g2g5
19,SATJPN,EulerE,1146,1170,3r4/1p6/2k1p2p/6q1/2P5/1K6/8/8 b - - 0 35,c3c4
19,SATJPN,EulerE,1146,1170,3r4/1p6/2k1p2p/3q4/2P5/1K6/8/8 w - - 1 36,g5d5
19,SATJPN,EulerE,1146,1170,3r4/1p6/2k1p2p/3q4/1KP5/8/8/8 b - - 2 36,b3b4
19,SATJPN,EulerE,1146,1170,3r4/1p6/2k1p2p/8/1Kq5/8/8/8 w - - 0 37,d5c4
19,SATJPN,EulerE,1146,1170,3r4/1p6/2k1p2p/8/2K5/8/8/8 b - - 0 37,b4c4
19,SATJPN,EulerE,1146,1170,3r4/1p6/2k1p3/7p/2K5/8/8/8 w - - 0 38,h6h5
19,SATJPN,EulerE,1146,1170,3r4/1p6/2k1p3/7p/8/2K5/8/8 b - - 1 38,c4c3
19,SATJPN,EulerE,1146,1170,3r4/1p6/2k1p3/8/7p/2K5/8/8 w - - 0 39,h5h4
19,SATJPN,EulerE,1146,1170,3r4/1p6/2k1p3/8/2K4p/8/8/8 b - - 1 39,c3c4
19,SATJPN,EulerE,1146,1170,3r4/1p6/2k1p3/8/2K5/7p/8/8 w - - 0 40,h4h3
19,SATJPN,EulerE,1146,1170,3r4/1p6/2k1p3/8/1K6/7p/8/8 b - - 1 40,c4b4
19,SATJPN,EulerE,1146,1170,3r4/1p6/2k1p3/8/1K6/8/7p/8 w - - 0 41,h3h2
19,SATJPN,EulerE,1146,1170,3r4/1p6/2k1p3/K7/8/8/7p/8 b - - 1 41,b4a5
19,SATJPN,EulerE,1146,1170,3r4/1p6/2k1p3/K7/8/8/8/7q w - - 0 42,h2h1q
19,SATJPN,EulerE,1146,1170,3r4/1p6/2k1p3/8/1K6/8/8/7q b - - 1 42,a5b4
19,SATJPN,EulerE,1146,1170,8/1p6/2k1p3/8/1K1r4/8/8/7q w - - 2 43,d8d4
19,SATJPN,EulerE,1146,1170,8/1p6/2k1p3/K7/3r4/8/8/7q b - - 3 43,b4a5
19,SATJPN,EulerE,1146,1170,8/1p6/2k1p3/K6q/3r4/8/8/8 w - - 4 44,h1h5
20,EulerE,SATJPN,1177,1127,rnbqkbnr/pppppppp/8/8/3P4/8/PPP1PPPP/RNBQKBNR b KQkq - 0 1,d2d4
21,EulerE,hoangnamsphh,1178,1234,rnbqkbnr/pppppppp/8/8/3P4/8/PPP1PPPP/RNBQKBNR b KQkq - 0 1,d2d4
21,EulerE,hoangnamsphh,1178,1234,rnbqkbnr/ppp1pppp/8/3p4/3P4/8/PPP1PPPP/RNBQKBNR w KQkq - 0 2,d7d5
21,EulerE,hoangnamsphh,1178,1234,rnbqkbnr/ppp1pppp/8/3p4/2PP4/8/PP2PPPP/RNBQKBNR b KQkq - 0 2,c2c4
21,EulerE,hoangnamsphh,1178,1234,rnbqkbnr/ppp1pppp/8/8/2pP4/8/PP2PPPP/RNBQKBNR w KQkq - 0 3,d5c4
21,EulerE,hoangnamsphh,1178,1234,rnbqkbnr/ppp1pppp/8/8/2pPP3/8/PP3PPP/RNBQKBNR b KQkq - 0 3,e2e4
21,EulerE,hoangnamsphh,1178,1234,rnbqkbnr/ppp2ppp/8/4p3/2pPP3/8/PP3PPP/RNBQKBNR w KQkq - 0 4,e7e5
21,EulerE,hoangnamsphh,1178,1234,rnbqkbnr/ppp2ppp/8/4p3/2pPP3/5N2/PP3PPP/RNBQKB1R b KQkq - 1 4,g1f3
21,EulerE,hoangnamsphh,1178,1234,rnbqkbnr/ppp2ppp/8/8/2ppP3/5N2/PP3PPP/RNBQKB1R w KQkq - 0 5,e5d4
21,EulerE,hoangnamsphh,1178,1234,rnbqkbnr/ppp2ppp/8/8/2pQP3/5N2/PP3PPP/RNB1KB1R b KQkq - 0 5,d1d4
21,EulerE,hoangnamsphh,1178,1234,rnb1kbnr/ppp2ppp/8/8/2pqP3/5N2/PP3PPP/RNB1KB1R w KQkq - 0 6,d8d4
21,EulerE,hoangnamsphh,1178,1234,rnb1kbnr/ppp2ppp/8/8/2pNP3/8/PP3PPP/RNB1KB1R b KQkq - 0 6,f3d4
21,EulerE,hoangnamsphh,1178,1234,rnb1k1nr/ppp2ppp/8/8/1bpNP3/8/PP3PPP/RNB1KB1R w KQkq - 1 7,f8b4
21,EulerE,hoangnamsphh,1178,1234,rnb1k1nr/ppp2ppp/8/8/1bpNP3/8/PP1B1PPP/RN2KB1R b KQkq - 2 7,c1d2
21,EulerE,hoangnamsphh,1178,1234,rnb1k1nr/ppp2ppp/8/8/2pNP3/8/PP1b1PPP/RN2KB1R w KQkq - 0 8,b4d2
21,EulerE,hoangnamsphh,1178,1234,rnb1k1nr/ppp2ppp/8/8/2pNP3/8/PP1N1PPP/R3KB1R b KQkq - 0 8,b1d2
21,EulerE,hoangnamsphh,1178,1234,rnb1k2r/ppp2ppp/5n2/8/2pNP3/8/PP1N1PPP/R3KB1R w KQkq - 1 9,g8f6
21,EulerE,hoangnamsphh,1178,1234,rnb1k2r/ppp2ppp/5n2/8/2BNP3/8/PP1N1PPP/R3K2R b KQkq - 0 9,f1c4
21,EulerE,hoangnamsphh,1178,1234,rnb2rk1/ppp2ppp/5n2/8/2BNP3/8/PP1N1PPP/R3K2R w KQ - 1 10,e8g8
21,EulerE,hoangnamsphh,1178,1234,rnb2rk1/ppp2ppp/5n2/8/2BNP3/8/PP1N1PPP/R4RK1 b - - 2 10,e1g1
21,EulerE,hoangnamsphh,1178,1234,rn3rk1/ppp2ppp/4bn2/8/2BNP3/8/PP1N1PPP/R4RK1 w - - 3 11,c8e6
21,EulerE,hoangnamsphh,1178,1234,rn3rk1/ppp2ppp/4bn2/8/2BNPP2/8/PP1N2PP/R4RK1 b - - 0 11,f2f4
21,EulerE,hoangnamsphh,1178,1234,rn3rk1/ppp2ppp/5n2/8/2bNPP2/8/PP1N2PP/R4RK1 w - - 0 12,e6c4
21,EulerE,hoangnamsphh,1178,1234,rn3rk1/ppp2ppp/5n2/4P3/2bN1P2/8/PP1N2PP/R4RK1 b - - 0 12,e4e5
21,EulerE,hoangnamsphh,1178,1234,rn3rk1/ppp2ppp/8/3nP3/2bN1P2/8/PP1N2PP/R4RK1 w - - 1 13,f6d5
21,EulerE,hoangnamsphh,1178,1234,rn3rk1/ppp2ppp/8/3nP3/2NN1P2/8/PP4PP/R4RK1 b - - 0 13,d2c4
21,EulerE,hoangnamsphh,1178,1234,rn3rk1/pp3ppp/8/2pnP3/2NN1P2/8/PP4PP/R4RK1 w - - 0 14,c7c5
21,EulerE,hoangnamsphh,1178,1234,rn3rk1/pp3ppp/8/2pnP3/2N2P2/5N2/PP4PP/R4RK1 b - - 1 14,d4f3
21,EulerE,hoangnamsphh,1178,1234,rn3rk1/pp3ppp/8/2p1P3/2N2n2/5N2/PP4PP/R4RK1 w - - 0 15,d5f4
21,EulerE,hoangnamsphh,1178,1234,rn3rk1/pp3ppp/8/2p1P1N1/2N2n2/8/PP4PP/R4RK1 b - - 1 15,f3g5
21,EulerE,hoangnamsphh,1178,1234,rn3rk1/pp3ppp/8/2p1P1N1/2N5/3n4/PP4PP/R4RK1 w - - 2 16,f4d3
21,EulerE,hoangnamsphh,1178,1234,rn3rk1/pp3ppp/4P3/2p3N1/2N5/3n4/PP4PP/R4RK1 b - - 0 16,e5e6
21,EulerE,hoangnamsphh,1178,1234,rn3rk1/pp4pp/4Pp2/2p3N1/2N5/3n4/PP4PP/R4RK1 w - - 0 17,f7f6
21,EulerE,hoangnamsphh,1178,1234,rn3rk1/pp4pp/4Pp2/2p3N1/2N5/3n4/PP4PP/3R1RK1 b - - 1 17,a1d1
21,EulerE,hoangnamsphh,1178,1234,rn3rk1/pp4pp/4P3/2p3p1/2N5/3n4/PP4PP/3R1RK1 w - - 0 18,f6g5
21,EulerE,hoangnamsphh,1178,1234,rn3Rk1/pp4pp/4P3/2p3p1/2N5/3n4/PP4PP/3R2K1 b - - 0 18,f1f8
21,EulerE,hoangnamsphh,1178,1234,rn3k2/pp4pp/4P3/2p3p1/2N5/3n4/PP4PP/3R2K1 w - - 0 19,g8f8
21,EulerE,hoangnamsphh,1178,1234,rn3k2/pp4pp/4P3/2p3p1/2N5/3R4/PP4PP/6K1 b - - 0 19,d1d3
21,EulerE,hoangnamsphh,1178,1234,rn6/pp2k1pp/4P3/2p3p1/2N5/3R4/PP4PP/6K1 w - - 1 20,f8e7
21,EulerE,hoangnamsphh,1178,1234,rn6/pp2k1pp/4P3/2p3p1/2N5/4R3/PP4PP/6K1 b - - 2 20,d3e3
21,EulerE,hoangnamsphh,1178,1234,r7/pp2k1pp/2n1P3/2p3p1/2N5/4R3/PP4PP/6K1 w - - 3 21,b8c6
21,EulerE,hoangnamsphh,1178,1234,r7/pp2k1pp/2n1P3/2p1N1p1/8/4R3/PP4PP/6K1 b - - 4 21,c4e5
21,EulerE,hoangnamsphh,1178,1234,r7/pp2k1pp/4P3/2p1N1p1/3n4/4R3/PP4PP/6K1 w - - 5 22,c6d4
21,EulerE,hoangnamsphh,1178,1234,r7/pp2k1pp/4P3/2p3p1/3n2N1/4R3/PP4PP/6K1 b - - 6 22,e5g4
21,EulerE,hoangnamsphh,1178,1234,r7/pp2k1pp/4n3/2p3p1/6N1/4R3/PP4PP/6K1 w - - 0 23,d4e6
21,EulerE,hoangnamsphh,1178,1234,r7/pp2k1pp/4n3/2p3p1/6N1/4R3/PP3KPP/8 b - - 1 23,g1f2
21,EulerE,hoangnamsphh,1178,1234,5r2/pp2k1pp/4n3/2p3p1/6N1/4R3/PP3KPP/8 w - - 2 24,a8f8
21,EulerE,hoangnamsphh,1178,1234,5r2/pp2k1pp/4n3/2p3p1/6N1/4R3/PP2K1PP/8 b - - 3 24,f2e2
21,EulerE,hoangnamsphh,1178,1234,5r2/pp1k2pp/4n3/2p3p1/6N1/4R3/PP2K1PP/8 w - - 4 25,e7d7
21,EulerE,hoangnamsphh,1178,1234,5r2/pp1k2pp/4n3/2p1N1p1/8/4R3/PP2K1PP/8 b - - 5 25,g4e5
21,EulerE,hoangnamsphh,1178,1234,5r2/pp4pp/3kn3/2p1N1p1/8/4R3/PP2K1PP/8 w - - 6 26,d7d6
21,EulerE,hoangnamsphh,1178,1234,5r2/pp4pp/3kn3/2p3p1/2N5/4R3/PP2K1PP/8 b - - 7 26,e5c4
21,EulerE,hoangnamsphh,1178,1234,5r2/pp1k2pp/4n3/2p3p1/2N5/4R3/PP2K1PP/8 w - - 8 27,d6d7
21,EulerE,hoangnamsphh,1178,1234,5r2/pp1k2pp/4n3/2p1N1p1/8/4R3/PP2K1PP/8 b - - 9 27,c4e5
21,EulerE,hoangnamsphh,1178,1234,5r2/ppk3pp/4n3/2p1N1p1/8/4R3/PP2K1PP/8 w - - 10 28,d7c7
21,EulerE,hoangnamsphh,1178,1234,5r2/ppk3pp/4n1N1/2p3p1/8/4R3/PP2K1PP/8 b - - 11 28,e5g6
21,EulerE,hoangnamsphh,1178,1234,5r2/ppk3pp/6N1/2p3p1/3n4/4R3/PP2K1PP/8 w - - 12 29,e6d4
21,EulerE,hoangnamsphh,1178,1234,5r2/ppk3pp/6N1/2p3p1/3n4/3KR3/PP4PP/8 b - - 13 29,e2d3
21,EulerE,hoangnamsphh,1178,1234,3r4/ppk3pp/6N1/2p3p1/3n4/3KR3/PP4PP/8 w - - 14 30,f8d8
21,EulerE,hoangnamsphh,1178,1234,3r4/ppk1R1pp/6N1/2p3p1/3n4/3K4/PP4PP/8 b - - 15 30,e3e7
21,EulerE,hoangnamsphh,1178,1234,3r4/pp2R1pp/1k4N1/2p3p1/3n4/3K4/PP4PP/8 w - - 16 31,c7b6
21,EulerE,hoangnamsphh,1178,1234,3r4/pp2R1pp/1k4N1/2p3p1/2Kn4/8/PP4PP/8 b - - 17 31,d3c4
21,EulerE,hoangnamsphh,1178,1234,3r4/pp2R1pp/1k4N1/2p2np1/2K5/8/PP4PP/8 w - - 18 32,d4f5
21,EulerE,hoangnamsphh,1178,1234,3r4/pp4pp/1k2R1N1/2p2np1/2K5/8/PP4PP/8 b - - 19 32,e7e6
21,EulerE,hoangnamsphh,1178,1234,3r4/pp4pp/1k1nR1N1/2p3p1/2K5/8/PP4PP/8 w - - 20 33,f5d6
21,EulerE,hoangnamsphh,1178,1234,3r4/pp4pp/1k1nR1N1/2pK2p1/8/8/PP4PP/8 b - - 21 33,c4d5
21,EulerE,hoangnamsphh,1178,1234,3r4/ppk3pp/3nR1N1/2pK2p1/8/8/PP4PP/8 w - - 22 34,b6c7
21,EulerE,hoangnamsphh,1178,1234,3r4/ppk1R1pp/3n2N1/2pK2p1/8/8/PP4PP/8 b - - 23 34,e6e7
21,EulerE,hoangnamsphh,1178,1234,3r4/pp2R1pp/1k1n2N1/2pK2p1/8/8/PP4PP/8 w - - 24 35,c7b6
21,EulerE,hoangnamsphh,1178,1234,3r4/pp4pp/1k1nR1N1/2pK2p1/8/8/PP4PP/8 b - - 25 35,e7e6
21,EulerE,hoangnamsphh,1178,1234,3r4/ppk3pp/3nR1N1/2pK2p1/8/8/PP4PP/8 w - - 26 36,b6c7
21,EulerE,hoangnamsphh,1178,1234,3r4/ppk1R1pp/3n2N1/2pK2p1/8/8/PP4PP/8 b - - 27 36,e6e7
21,EulerE,hoangnamsphh,1178,1234,3r4/pp2R1pp/1k1n2N1/2pK2p1/8/8/PP4PP/8 w - - 28 37,c7b6
21,EulerE,hoangnamsphh,1178,1234,3r4/pp4pp/1k1nR1N1/2pK2p1/8/8/PP4PP/8 b - - 29 37,e7e6
22,rommyarmando,EulerE,1290,1172,rnbqkbnr/pppppppp/8/8/8/5N2/PPPPPPPP/RNBQKB1R b KQkq - 1 1,g1f3
22,rommyarmando,EulerE,1290,1172,rnbqkbnr/ppp1pppp/8/3p4/8/5N2/PPPPPPPP/RNBQKB1R w KQkq - 0 2,d7d5
22,rommyarmando,EulerE,1290,1172,rnbqkbnr/ppp1pppp/8/3p4/4P3/5N2/PPPP1PPP/RNBQKB1R b KQkq - 0 2,e2e4
22,rommyarmando,EulerE,1290,1172,rnbqkbnr/ppp1pppp/8/8/4p3/5N2/PPPP1PPP/RNBQKB1R w KQkq - 0 3,d5e4
22,rommyarmando,EulerE,1290,1172,rnbqkbnr/ppp1pppp/8/6N1/4p3/8/PPPP1PPP/RNBQKB1R b KQkq - 1 3,f3g5
22,rommyarmando,EulerE,1290,1172,rnbqkb1r/ppp1pppp/5n2/6N1/4p3/8/PPPP1PPP/RNBQKB1R w KQkq - 2 4,g8f6
22,rommyarmando,EulerE,1290,1172,rnbqkb1r/ppp1pppp/5n2/6N1/4p3/3P4/PPP2PPP/RNBQKB1R b KQkq - 0 4,d2d3
22,rommyarmando,EulerE,1290,1172,rnbqkb1r/ppp1pppp/5n2/6N1/8/3p4/PPP2PPP/RNBQKB1R w KQkq - 0 5,e4d3
22,rommyarmando,EulerE,1290,1172,rnbqkb1r/ppp1pppp/5n2/6N1/8/3B4/PPP2PPP/RNBQK2R b KQkq - 0 5,f1d3
22,rommyarmando,EulerE,1290,1172,rnbqkb1r/ppp1ppp1/5n1p/6N1/8/3B4/PPP2PPP/RNBQK2R w KQkq - 0 6,h7h6
22,rommyarmando,EulerE,1290,1172,rnbqkb1r/ppp1pNp1/5n1p/8/8/3B4/PPP2PPP/RNBQK2R b KQkq - 0 6,g5f7
22,rommyarmando,EulerE,1290,1172,rnbq1b1r/ppp1pkp1/5n1p/8/8/3B4/PPP2PPP/RNBQK2R w KQ - 0 7,e8f7
22,rommyarmando,EulerE,1290,1172,rnbq1b1r/ppp1pkp1/5nBp/8/8/8/PPP2PPP/RNBQK2R b KQ - 1 7,d3g6
22,rommyarmando,EulerE,1290,1172,rnbq1b1r/ppp1p1p1/5nkp/8/8/8/PPP2PPP/RNBQK2R w KQ - 0 8,f7g6
22,rommyarmando,EulerE,1290,1172,rnbQ1b1r/ppp1p1p1/5nkp/8/8/8/PPP2PPP/RNB1K2R b KQ - 0 8,d1d8
23,Pro_gamer69,EulerE,1197,1164,rnbqkbnr/pppppppp/8/8/4P3/8/PPPP1PPP/RNBQKBNR b KQkq - 0 1,e2e4
23,Pro_gamer69,EulerE,1197,1164,rnbqkbnr/ppp1pppp/8/3p4/4P3/8/PPPP1PPP/RNBQKBNR w KQkq - 0 2,d7d5
23,Pro_gamer69,EulerE,1197,1164,rnbqkbnr/ppp1pppp/8/3p4/4P3/5Q2/PPPP1PPP/RNB1KBNR b KQkq - 1 2,d1f3
23,Pro_gamer69,EulerE,1197,1164,rnbqkbnr/ppp1pppp/8/8/4p3/5Q2/PPPP1PPP/RNB1KBNR w KQkq - 0 3,d5e4
23,Pro_gamer69,EulerE,1197,1164,rnbqkbnr/ppp1pppp/8/8/4Q3/8/PPPP1PPP/RNB1KBNR b KQkq - 0 3,f3e4
23,Pro_gamer69,EulerE,1197,1164,rnbqkb1r/ppp1pppp/5n2/8/4Q3/8/PPPP1PPP/RNB1KBNR w KQkq - 1 4,g8f6
23,Pro_gamer69,EulerE,1197,1164,rnbqkb1r/ppp1pppp/5n2/8/8/5Q2/PPPP1PPP/RNB1KBNR b KQkq - 2 4,e4f3
23,Pro_gamer69,EulerE,1197,1164,rn1qkb1r/ppp1pppp/5n2/8/6b1/5Q2/PPPP1PPP/RNB1KBNR w KQkq - 3 5,c8g4
23,Pro_gamer69,EulerE,1197,1164,rn1qkb1r/pQp1pppp/5n2/8/6b1/8/PPPP1PPP/RNB1KBNR b KQkq - 0 5,f3b7
24,EulerE,gims_garage,1173,1214,rnbqkbnr/pppppppp/8/8/3P4/8/PPP1PPPP/RNBQKBNR b KQkq - 0 1,d2d4
24,EulerE,gims_garage,1173,1214,rnbqkbnr/ppp1pppp/8/3p4/3P4/8/PPP1PPPP/RNBQKBNR w KQkq - 0 2,d7d5
24,EulerE,gims_garage,1173,1214,rnbqkbnr/ppp1pppp/8/3p4/2PP4/8/PP2PPPP/RNBQKBNR b KQkq - 0 2,c2c4
24,EulerE,gims_garage,1173,1214,rnbqkb1r/ppp1pppp/5n2/3p4/2PP4/8/PP2PPPP/RNBQKBNR w KQkq - 1 3,g8f6
24,EulerE,gims_garage,1173,1214,rnbqkb1r/ppp1pppp/5n2/3p4/2PP4/5N2/PP2PPPP/RNBQKB1R b KQkq - 2 3,g1f3
24,EulerE,gims_garage,1173,1214,rnbqkb1r/ppp1ppp1/5n1p/3p4/2PP4/5N2/PP2PPPP/RNBQKB1R w KQkq - 0 4,h7h6
24,EulerE,gims_garage,1173,1214,rnbqkb1r/ppp1ppp1/5n1p/3p4/2PP1B2/5N2/PP2PPPP/RN1QKB1R b KQkq - 1 4,c1f4
24,EulerE,gims_garage,1173,1214,r1bqkb1r/pppnppp1/5n1p/3p4/2PP1B2/5N2/PP2PPPP/RN1QKB1R w KQkq - 2 5,b8d7
24,EulerE,gims_garage,1173,1214,r1bqkb1r/pppnppp1/5n1p/3pB3/2PP4/5N2/PP2PPPP/RN1QKB1R b KQkq - 3 5,f4e5
24,EulerE,gims_garage,1173,1214,r1bqkb1r/ppp1ppp1/5n1p/3pn3/2PP4/5N2/PP2PPPP/RN1QKB1R w KQkq - 0 6,d7e5
24,EulerE,gims_garage,1173,1214,r1bqkb1r/ppp1ppp1/5n1p/3pP3/2P5/5N2/PP2PPPP/RN1QKB1R b KQkq - 0 6,d4e5
24,EulerE,gims_garage,1173,1214,r1bqkb1r/ppp1ppp1/7p/3pP3/2P1n3/5N2/PP2PPPP/RN1QKB1R w KQkq - 1 7,f6e4
24,EulerE,gims_garage,1173,1214,r1bqkb1r/ppp1ppp1/7p/3PP3/4n3/5N2/PP2PPPP/RN1QKB1R b KQkq - 0 7,c4d5
24,EulerE,gims_garage,1173,1214,r1bqkb1r/ppp2pp1/4p2p/3PP3/4n3/5N2/PP2PPPP/RN1QKB1R w KQkq - 0 8,e7e6
24,EulerE,gims_garage,1173,1214,r1bqkb1r/ppp2pp1/4p2p/3PP3/Q3n3/5N2/PP2PPPP/RN2KB1R b KQkq - 1 8,d1a4
24,EulerE,gims_garage,1173,1214,r2qkb1r/pppb1pp1/4p2p/3PP3/Q3n3/5N2/PP2PPPP/RN2KB1R w KQkq - 2 9,c8d7
24,EulerE,gims_garage,1173,1214,r2qkb1r/pppb1pp1/4p2p/3PP3/4Q3/5N2/PP2PPPP/RN2KB1R b KQkq - 0 9,a4e4
24,EulerE,gims_garage,1173,1214,r2qkb1r/pppb1pp1/7p/3pP3/4Q3/5N2/PP2PPPP/RN2KB1R w KQkq - 0 10,e6d5
24,EulerE,gims_garage,1173,1214,r2qkb1r/pppb1pp1/7p/3QP3/8/5N2/PP2PPPP/RN2KB1R b KQkq - 0 10,e4d5
24,EulerE,gims_garage,1173,1214,r3kb1r/pppbqpp1/7p/3QP3/8/5N2/PP2PPPP/RN2KB1R w KQkq - 1 11,d8e7
24,EulerE,gims_garage,1173,1214,r3kb1r/pppbqpp1/7p/3QP3/8/P4N2/1P2PPPP/RN2KB1R b KQkq - 0 11,a2a3
24,EulerE,gims_garage,1173,1214,2kr1b1r/pppbqpp1/7p/3QP3/8/P4N2/1P2PPPP/RN2KB1R w KQ - 1 12,e8c8
24,EulerE,gims_garage,1173,1214,2kr1b1r/pppbqpp1/7p/3QP3/8/P3PN2/1P3PPP/RN2KB1R b KQ - 0 12,e2e3
24,EulerE,gims_garage,1173,1214,2kr1b1r/ppp1qpp1/7p/3QP3/6b1/P3PN2/1P3PPP/RN2KB1R w KQ - 1 13,d7g4
24,EulerE,gims_garage,1173,1214,2kr1b1r/ppp1qpp1/7p/4P3/4Q1b1/P3PN2/1P3PPP/RN2KB1R b KQ - 2 13,d5e4
24,EulerE,gims_garage,1173,1214,2kr1b1r/pppbqpp1/7p/4P3/4Q3/P3PN2/1P3PPP/RN2KB1R w KQ - 3 14,g4d7
24,EulerE,gims_garage,1173,1214,2kr1b1r/pppbqpp1/B6p/4P3/4Q3/P3PN2/1P3PPP/RN2K2R b KQ - 4 14,f1a6
24,EulerE,gims_garage,1173,1214,2kr1b1r/pppb1pp1/B6p/2q1P3/4Q3/P3PN2/1P3PPP/RN2K2R w KQ - 5 15,e7c5
24,EulerE,gims_garage,1173,1214,2kr1b1r/pQpb1pp1/B6p/2q1P3/8/P3PN2/1P3PPP/RN2K2R b KQ - 0 15,e4b7
25,EulerE,DeyC,1183,1236,rnbqkbnr/pppppppp/8/8/3P4/8/PPP1PPPP/RNBQKBNR b KQkq - 0 1,d2d4
25,EulerE,DeyC,1183,1236,rnbqkb1r/pppppppp/5n2/8/3P4/8/PPP1PPPP/RNBQKBNR w KQkq - 1 2,g8f6
25,EulerE,DeyC,1183,1236,rnbqkb1r/pppppppp/5n2/8/2PP4/8/PP2PPPP/RNBQKBNR b KQkq - 0 2,c2c4
25,EulerE,DeyC,1183,1236,rnbqkb1r/ppp1pppp/5n2/3p4/2PP4/8/PP2PPPP/RNBQKBNR w KQkq - 0 3,d7d5
25,EulerE,DeyC,1183,1236,rnbqkb1r/ppp1pppp/5n2/3p2B1/2PP4/8/PP2PPPP/RN1QKBNR b KQkq - 1 3,c1g5
25,EulerE,DeyC,1183,1236,rnbqkb1r/ppp2ppp/4pn2/3p2B1/2PP4/8/PP2PPPP/RN1QKBNR w KQkq - 0 4,e7e6
25,EulerE,DeyC,1183,1236,rnbqkb1r/ppp2ppp/4pn2/3p2B1/2PP4/2N5/PP2PPPP/R2QKBNR b KQkq - 1 4,b1c3
25,EulerE,DeyC,1183,1236,rnbqk2r/ppp2ppp/4pn2/3p2B1/1bPP4/2N5/PP2PPPP/R2QKBNR w KQkq - 2 5,f8b4
25,EulerE,DeyC,1183,1236,rnbqk2r/ppp2ppp/4pn2/3P2B1/1b1P4/2N5/PP2PPPP/R2QKBNR b KQkq - 0 5,c4d5
25,EulerE,DeyC,1183,1236,rnbqk2r/ppp2ppp/4pn2/3P2B1/3P4/2b5/PP2PPPP/R2QKBNR w KQkq - 0 6,b4c3
25,EulerE,DeyC,1183,1236,rnbqk2r/ppp2ppp/4pn2/3P2B1/3P4/2P5/P3PPPP/R2QKBNR b KQkq - 0 6,b2c3
25,EulerE,DeyC,1183,1236,rnb1k2r/ppp2ppp/4pn2/3q2B1/3P4/2P5/P3PPPP/R2QKBNR w KQkq - 0 7,d8d5
25,EulerE,DeyC,1183,1236,rnb1k2r/ppp2ppp/4pB2/3q4/3P4/2P5/P3PPPP/R2QKBNR b KQkq - 0 7,g5f6
25,EulerE,DeyC,1183,1236,rnb1k2r/ppp2p1p/4pp2/3q4/3P4/2P5/P3PPPP/R2QKBNR w KQkq - 0 8,g7f6
25,EulerE,DeyC,1183,1236,rnb1k2r/ppp2p1p/4pp2/3q4/3P4/2P2N2/P3PPPP/R2QKB1R b KQkq - 1 8,g1f3
25,EulerE,DeyC,1183,1236,r1b1k2r/ppp2p1p/2n1pp2/3q4/3P4/2P2N2/P3PPPP/R2QKB1R w KQkq - 2 9,b8c6
25,EulerE,DeyC,1183,1236,r1b1k2r/ppp2p1p/2n1pp2/3q4/3P4/2P1PN2/P4PPP/R2QKB1R b KQkq - 0 9,e2e3
25,EulerE,DeyC,1183,1236,r1b1k1r1/ppp2p1p/2n1pp2/3q4/3P4/2P1PN2/P4PPP/R2QKB1R w KQq - 1 10,h8g8
25,EulerE,DeyC,1183,1236,r1b1k1r1/ppp2p1p/2n1pp2/3q4/3P4/1QP1PN2/P4PPP/R3KB1R b KQq - 2 10,d1b3
25,EulerE,DeyC,1183,1236,r1b1k1r1/ppp2p1p/2n1pp2/5q2/3P4/1QP1PN2/P4PPP/R3KB1R w KQq - 3 11,d5f5
25,EulerE,DeyC,1183,1236,r1b1k1r1/ppp2p1p/2n1pp2/5q2/3P3N/1QP1P3/P4PPP/R3KB1R b KQq - 4 11,f3h4
25,EulerE,DeyC,1183,1236,r1b1k1r1/ppp2p1p/2n1pp2/7q/3P3N/1QP1P3/P4PPP/R3KB1R w KQq - 5 12,f5h5
25,EulerE,DeyC,1183,1236,r1b1k1r1/ppp2p1p/2n1pp2/7q/3P3N/1QP1P1P1/P4P1P/R3KB1R b KQq - 0 12,g2g3
25,EulerE,DeyC,1183,1236,r3k1r1/pppb1p1p/2n1pp2/7q/3P3N/1QP1P1P1/P4P1P/R3KB1R w KQq - 1 13,c8d7
25,EulerE,DeyC,1183,1236,r3k1r1/pppb1p1p/2n1pp2/7q/3P3N/1QP1P1P1/P3BP1P/R3K2R b KQq - 2 13,f1e2
25,EulerE,DeyC,1183,1236,r3k1r1/pppb1p1p/2n1pp2/6q1/3P3N/1QP1P1P1/P3BP1P/R3K2R w KQq - 3 14,h5g5
25,EulerE,DeyC,1183,1236,r3k1r1/pQpb1p1p/2n1pp2/6q1/3P3N/2P1P1P1/P3BP1P/R3K2R b KQq - 0 14,b3b7
25,EulerE,DeyC,1183,1236,2r1k1r1/pQpb1p1p/2n1pp2/6q1/3P3N/2P1P1P1/P3BP1P/R3K2R w KQ - 1 15,a8c8
25,EulerE,DeyC,1183,1236,2r1k1r1/pQpb1p1p/2n1pp2/1B4q1/3P3N/2P1P1P1/P4P1P/R3K2R b KQ - 2 15,e2b5
25,EulerE,DeyC,1183,1236,2r1k1r1/pQpb1p1p/2n1pp2/1B1q4/3P3N/2P1P1P1/P4P1P/R3K2R w KQ - 3 16,g5d5
25,EulerE,DeyC,1183,1236,2r1k1r1/pQpb1p1p/2B1pp2/3q4/3P3N/2P1P1P1/P4P1P/R3K2R b KQ - 0 16,b5c6
25,EulerE,DeyC,1183,1236,2r1k1r1/pQp2p1p/2b1pp2/3q4/3P3N/2P1P1P1/P4P1P/R3K2R w KQ - 0 17,d7c6
25,EulerE,DeyC,1183,1236,2Q1k1r1/p1p2p1p/2b1pp2/3q4/3P3N/2P1P1P1/P4P1P/R3K2R b KQ - 0 17,b7c8
25,EulerE,DeyC,1183,1236,2Qqk1r1/p1p2p1p/2b1pp2/8/3P3N/2P1P1P1/P4P1P/R3K2R w KQ - 1 18,d5d8
25,EulerE,DeyC,1183,1236,3Qk1r1/p1p2p1p/2b1pp2/8/3P3N/2P1P1P1/P4P1P/R3K2R b KQ - 0 18,c8d8
25,EulerE,DeyC,1183,1236,3k2r1/p1p2p1p/2b1pp2/8/3P3N/2P1P1P1/P4P1P/R3K2R w KQ - 0 19,e8d8
25,EulerE,DeyC,1183,1236,3k2r1/p1p2p1p/2b1pp2/8/3P3N/2P1P1P1/P4P1P/R4RK1 b - - 1 19,e1g1
25,EulerE,DeyC,1183,1236,6r1/p1pk1p1p/2b1pp2/8/3P3N/2P1P1P1/P4P1P/R4RK1 w - - 2 20,d8d7
25,EulerE,DeyC,1183,1236,6r1/p1pk1p1p/2b1pp2/8/3P3N/2P1PPP1/P6P/R4RK1 b - - 0 20,f2f3
25,EulerE,DeyC,1183,1236,6r1/p1pk1p1p/2b2p2/4p3/3P3N/2P1PPP1/P6P/R4RK1 w - - 0 21,e6e5
25,EulerE,DeyC,1183,1236,6r1/p1pk1p1p/2b2p2/4P3/7N/2P1PPP1/P6P/R4RK1 b - - 0 21,d4e5
25,EulerE,DeyC,1183,1236,6r1/p1pk1p1p/2b5/4p3/7N/2P1PPP1/P6P/R4RK1 w - - 0 22,f6e5
25,EulerE,DeyC,1183,1236,6r1/p1pk1p1p/2b5/4p3/7N/2P1PPP1/P6P/3R1RK1 b - - 1 22,a1d1
25,EulerE,DeyC,1183,1236,6r1/p1p2p1p/2b1k3/4p3/7N/2P1PPP1/P6P/3R1RK1 w - - 2 23,d7e6
25,EulerE,DeyC,1183,1236,6r1/p1p2p1p/2b1k3/4p3/4P2N/2P2PP1/P6P/3R1RK1 b - - 0 23,e3e4
25,EulerE,DeyC,1183,1236,6r1/p1p2p1p/4k3/1b2p3/4P2N/2P2PP1/P6P/3R1RK1 w - - 1 24,c6b5
25,EulerE,DeyC,1183,1236,6r1/p1p2p1p/4k3/1b2p3/4P2N/2P2PP1/P6P/1R3RK1 b - - 2 24,d1b1
25,EulerE,DeyC,1183,1236,6r1/p1p2p1p/4k3/4p3/4P2N/2Pb1PP1/P6P/1R3RK1 w - - 3 25,b5d3
25,EulerE,DeyC,1183,1236,6r1/p1p2p1p/4k3/4p3/4P2N/2Pb1PP1/P6P/3R1RK1 b - - 4 25,b1d1
25,EulerE,DeyC,1183,1236,6r1/p1p2p1p/4k3/4p3/4P2N/2P2PP1/P3b2P/3R1RK1 w - - 5 26,d3e2
25,EulerE,DeyC,1183,1236,6r1/p1p2p1p/4k3/4p3/4P2N/2P2PP1/P3b2P/4RRK1 b - - 6 26,d1e1
25,EulerE,DeyC,1183,1236,6r1/p1p2p1p/4k3/4p3/4P2N/2P2PP1/P6P/4RbK1 w - - 0 27,e2f1
25,EulerE,DeyC,1183,1236,6r1/p1p2p1p/4k3/4p3/4P2N/2P2PP1/P6P/5RK1 b - - 0 27,e1f1
25,EulerE,DeyC,1183,1236,6r1/p4p1p/4k3/2p1p3/4P2N/2P2PP1/P6P/5RK1 w - - 0 28,c7c5
25,EulerE,DeyC,1183,1236,6r1/p4p1p/4k3/2p1p3/4PP1N/2P3P1/P6P/5RK1 b - - 0 28,f3f4
25,EulerE,DeyC,1183,1236,6r1/p4p1p/4k3/2p5/4Pp1N/2P3P1/P6P/5RK1 w - - 0 29,e5f4
25,EulerE,DeyC,1183,1236,6r1/p4p1p/4k3/2p5/4PR1N/2P3P1/P6P/6K1 b - - 0 29,f1f4
25,EulerE,DeyC,1183,1236,6r1/p4p1p/8/2p1k3/4PR1N/2P3P1/P6P/6K1 w - - 1 30,e6e5
25,EulerE,DeyC,1183,1236,6r1/p4p1p/8/2p1k3/4PR2/2P2NP1/P6P/6K1 b - - 2 30,h4f3
25,EulerE,DeyC,1183,1236,6r1/p4p1p/4k3/2p5/4PR2/2P2NP1/P6P/6K1 w - - 3 31,e5e6
25,EulerE,DeyC,1183,1236,6r1/p4p1p/4k3/2p2R2/4P3/2P2NP1/P6P/6K1 b - - 4 31,f4f5
25,EulerE,DeyC,1183,1236,2r5/p4p1p/4k3/2p2R2/4P3/2P2NP1/P6P/6K1 w - - 5 32,g8c8
25,EulerE,DeyC,1183,1236,2r5/p4p1p/4k3/2p2RN1/4P3/2P3P1/P6P/6K1 b - - 6 32,f3g5
25,EulerE,DeyC,1183,1236,2r5/p3kp1p/8/2p2RN1/4P3/2P3P1/P6P/6K1 w - - 7 33,e6e7
25,EulerE,DeyC,1183,1236,2r5/p3kR1p/8/2p3N1/4P3/2P3P1/P6P/6K1 b - - 0 33,f5f7
25,EulerE,DeyC,1183,1236,2r1k3/p4R1p/8/2p3N1/4P3/2P3P1/P6P/6K1 w - - 1 34,e7e8
25,EulerE,DeyC,1183,1236,2r1k3/p6R/8/2p3N1/4P3/2P3P1/P6P/6K1 b - - 0 34,f7h7
25,EulerE,DeyC,1183,1236,3rk3/p6R/8/2p3N1/4P3/2P3P1/P6P/6K1 w - - 1 35,c8d8
25,EulerE,DeyC,1183,1236,3rk2R/p7/8/2p3N1/4P3/2P3P1/P6P/6K1 b - - 2 35,h7h8
25,EulerE,DeyC,1183,1236,3r3R/p2k4/8/2p3N1/4P3/2P3P1/P6P/6K1 w - - 3 36,e8d7
25,EulerE,DeyC,1183,1236,3R4/p2k4/8/2p3N1/4P3/2P3P1/P6P/6K1 b - - 0 36,h8d8
25,EulerE,DeyC,1183,1236,3k4/p7/8/2p3N1/4P3/2P3P1/P6P/6K1 w - - 0 37,d7d8
25,EulerE,DeyC,1183,1236,3k4/p7/4N3/2p5/4P3/2P3P1/P6P/6K1 b - - 1 37,g5e6
25,EulerE,DeyC,1183,1236,8/p3k3/4N3/2p5/4P3/2P3P1/P6P/6K1 w - - 2 38,d8e7
25,EulerE,DeyC,1183,1236,8/p3k3/8/2N5/4P3/2P3P1/P6P/6K1 b - - 0 38,e6c5
25,EulerE,DeyC,1183,1236,8/p7/3k4/2N5/4P3/2P3P1/P6P/6K1 w - - 1 39,e7d6
25,EulerE,DeyC,1183,1236,8/p7/3k4/2N5/4P2P/2P3P1/P7/6K1 b - - 0 39,h2h4
25,EulerE,DeyC,1183,1236,8/p7/8/2k5/4P2P/2P3P1/P7/6K1 w - - 0 40,d6c5
25,EulerE,DeyC,1183,1236,8/p7/8/2k4P/4P3/2P3P1/P7/6K1 b - - 0 40,h4h5
25,EulerE,DeyC,1183,1236,8/p7/3k4/7P/4P3/2P3P1/P7/6K1 w - - 1 41,c5d6
25,EulerE,DeyC,1183,1236,8/p7/3k3P/8/4P3/2P3P1/P7/6K1 b - - 0 41,h5h6
25,EulerE,DeyC,1183,1236,8/p3k3/7P/8/4P3/2P3P1/P7/6K1 w - - 1 42,d6e7
25,EulerE,DeyC,1183,1236,8/p3k2P/8/8/4P3/2P3P1/P7/6K1 b - - 0 42,h6h7
25,EulerE,DeyC,1183,1236,8/p6P/4k3/8/4P3/2P3P1/P7/6K1 w - - 1 43,e7e6
25,EulerE,DeyC,1183,1236,7Q/p7/4k3/8/4P3/2P3P1/P7/6K1 b - - 0 43,h7h8q
25,EulerE,DeyC,1183,1236,7Q/p7/3k4/8/4P3/2P3P1/P7/6K1 w - - 1 44,e6d6
25,EulerE,DeyC,1183,1236,7Q/p7/3k4/4P3/8/2P3P1/P7/6K1 b - - 0 44,e4e5
25,EulerE,DeyC,1183,1236,7Q/p7/8/3kP3/8/2P3P1/P7/6K1 w - - 1 45,d6d5
25,EulerE,DeyC,1183,1236,7Q/p7/4P3/3k4/8/2P3P1/P7/6K1 b - - 0 45,e5e6
25,EulerE,DeyC,1183,1236,7Q/p7/4k3/8/8/2P3P1/P7/6K1 w - - 0 46,d5e6
25,EulerE,DeyC,1183,1236,7Q/p7/4k3/8/6P1/2P5/P7/6K1 b - - 0 46,g3g4
25,EulerE,DeyC,1183,1236,7Q/p4k2/8/8/6P1/2P5/P7/6K1 w - - 1 47,e6f7
25,EulerE,DeyC,1183,1236,7Q/p4k2/8/6P1/8/2P5/P7/6K1 b - - 0 47,g4g5
25,EulerE,DeyC,1183,1236,7Q/p7/6k1/6P1/8/2P5/P7/6K1 w - - 1 48,f7g6
25,EulerE,DeyC,1183,1236,8/p7/6kQ/6P1/8/2P5/P7/6K1 b - - 2 48,h8h6
25,EulerE,DeyC,1183,1236,8/p7/7Q/5kP1/8/2P5/P7/6K1 w - - 3 49,g6f5
25,EulerE,DeyC,1183,1236,8/p7/6PQ/5k2/8/2P5/P7/6K1 b - - 0 49,g5g6
25,EulerE,DeyC,1183,1236,8/p7/5kPQ/8/8/2P5/P7/6K1 w - - 1 50,f5f6
25,EulerE,DeyC,1183,1236,8/p5P1/5k1Q/8/8/2P5/P7/6K1 b - - 0 50,g6g7
25,EulerE,DeyC,1183,1236,8/p4kP1/7Q/8/8/2P5/P7/6K1 w - - 1 51,f6f7
25,EulerE,DeyC,1183,1236,7Q/p4kP1/8/8/8/2P5/P7/6K1 b - - 2 51,h6h8
25,EulerE,DeyC,1183,1236,7Q/5kP1/8/p7/8/2P5/P7/6K1 w - - 0 52,a7a5
25,EulerE,DeyC,1183,1236,6QQ/5k2/8/p7/8/2P5/P7/6K1 b - - 0 52,g7g8q
25,EulerE,DeyC,1183,1236,6QQ/4k3/8/p7/8/2P5/P7/6K1 w - - 1 53,f7e7
25,EulerE,DeyC,1183,1236,6Q1/4k2Q/8/p7/8/2P5/P7/6K1 b - - 2 53,h8h7
25,EulerE,DeyC,1183,1236,6Q1/7Q/3k4/p7/8/2P5/P7/6K1 w - - 3 54,e7d6
25,EulerE,DeyC,1183,1236,8/7Q/3k2Q1/p7/8/2P5/P7/6K1 b - - 4 54,g8g6
25,EulerE,DeyC,1183,1236,8/7Q/6Q1/p1k5/8/2P5/P7/6K1 w - - 5 55,d6c5
25,EulerE,DeyC,1183,1236,8/8/6Q1/p1k4Q/8/2P5/P7/6K1 b - - 6 55,h7h5
25,EulerE,DeyC,1183,1236,8/8/6Q1/p6Q/2k5/2P5/P7/6K1 w - - 7 56,c5c4
25,EulerE,DeyC,1183,1236,8/8/8/p6Q/2k3Q1/2P5/P7/6K1 b - - 8 56,g6g4
25,EulerE,DeyC,1183,1236,8/8/8/p6Q/6Q1/2k5/P7/6K1 w - - 0 57,c4c3
25,EulerE,DeyC,1183,1236,8/8/8/p7/6Q1/2k4Q/P7/6K1 b - - 1 57,h5h3
25,EulerE,DeyC,1183,1236,8/8/8/p7/6Q1/7Q/P2k4/6K1 w - - 2 58,c3d2
25,EulerE,DeyC,1183,1236,8/8/8/p7/8/7Q/P2k2Q1/6K1 b - - 3 58,g4g2
25,EulerE,DeyC,1183,1236,8/8/8/p7/8/7Q/P5Q1/4k1K1 w - - 4 59,d2e1
25,EulerE,DeyC,1183,1236,8/8/8/p7/8/4Q3/P5Q1/4k1K1 b - - 5 59,h3e3
26,barosanu77,EulerE,1231,1175,rnbqkbnr/pppppppp/8/8/2P5/8/PP1PPPPP/RNBQKBNR b KQkq - 0 1,c2c4
26,barosanu77,EulerE,1231,1175,rnbqkbnr/ppp1pppp/8/3p4/2P5/8/PP1PPPPP/RNBQKBNR w KQkq - 0 2,d7d5
26,barosanu77,EulerE,1231,1175,rnbqkbnr/ppp1pppp/8/3p4/2P5/1Q6/PP1PPPPP/RNB1KBNR b KQkq - 1 2,d1b3
26,barosanu77,EulerE,1231,1175,rnbqkb1r/ppp1pppp/5n2/3p4/2P5/1Q6/PP1PPPPP/RNB1KBNR w KQkq - 2 3,g8f6
26,barosanu77,EulerE,1231,1175,rnbqkb1r/ppp1pppp/5n2/3p4/2P5/1Q5P/PP1PPPP1/RNB1KBNR b KQkq - 0 3,h2h3
26,barosanu77,EulerE,1231,1175,rn1qkb1r/ppp1pppp/5n2/3p1b2/2P5/1Q5P/PP1PPPP1/RNB1KBNR w KQkq - 1 4,c8f5
26,barosanu77,EulerE,1231,1175,rn1qkb1r/ppp1pppp/5n2/3p1b2/2P3P1/1Q5P/PP1PPP2/RNB1KBNR b KQkq - 0 4,g2g4
26,barosanu77,EulerE,1231,1175,rn1qkb1r/ppp1pppp/5n2/3p4/2P1b1P1/1Q5P/PP1PPP2/RNB1KBNR w KQkq - 1 5,f5e4
26,barosanu77,EulerE,1231,1175,rn1qkb1r/ppp1pppp/5n2/3p4/2P1b1P1/1Q3P1P/PP1PP3/RNB1KBNR b KQkq - 0 5,f2f3
26,barosanu77,EulerE,1231,1175,rn1qkb1r/ppp1pppp/5n2/3p4/2P3P1/1Q3P1P/PP1PP3/RbB1KBNR w KQkq - 0 6,e4b1
26,barosanu77,EulerE,1231,1175,rn1qkb1r/ppp1pppp/5n2/3p4/2P3P1/1Q3P1P/PP1PP3/1RB1KBNR b Kkq - 0 6,a1b1
26,barosanu77,EulerE,1231,1175,rn1qkb1r/ppp2ppp/4pn2/3p4/2P3P1/1Q3P1P/PP1PP3/1RB1KBNR w Kkq - 0 7,e7e6
26,barosanu77,EulerE,1231,1175,rn1qkb1r/ppp2ppp/4pn2/3p4/2P3P1/1Q1P1P1P/PP2P3/1RB1KBNR b Kkq - 0 7,d2d3
26,barosanu77,EulerE,1231,1175,rn1qkb1r/p1p2ppp/1p2pn2/3p4/2P3P1/1Q1P1P1P/PP2P3/1RB1KBNR w Kkq - 0 8,b7b6
26,barosanu77,EulerE,1231,1175,rn1qkb1r/p1p2ppp/1p2pn2/3p2B1/2P3P1/1Q1P1P1P/PP2P3/1R2KBNR b Kkq - 1 8,c1g5
26,barosanu77,EulerE,1231,1175,rn1qk2r/p1p1bppp/1p2pn2/3p2B1/2P3P1/1Q1P1P1P/PP2P3/1R2KBNR w Kkq - 2 9,f8e7
26,barosanu77,EulerE,1231,1175,rn1qk2r/p1p1bppp/1p2pn2/1Q1p2B1/2P3P1/3P1P1P/PP2P3/1R2KBNR b Kkq - 3 9,b3b5
26,barosanu77,EulerE,1231,1175,rn1qk2r/p3bppp/1pp1pn2/1Q1p2B1/2P3P1/3P1P1P/PP2P3/1R2KBNR w Kkq - 0 10,c7c6
26,barosanu77,EulerE,1231,1175,rn1qk2r/p3bppp/1pp1pn2/3p2B1/Q1P3P1/3P1P1P/PP2P3/1R2KBNR b Kkq - 1 10,b5a4
26,barosanu77,EulerE,1231,1175,rn1qk2r/p3bpp1/1pp1pn1p/3p2B1/Q1P3P1/3P1P1P/PP2P3/1R2KBNR w Kkq - 0 11,h7h6
26,barosanu77,EulerE,1231,1175,rn1qk2r/p3bpp1/1pp1pB1p/3p4/Q1P3P1/3P1P1P/PP2P3/1R2KBNR b Kkq - 0 11,g5f6
26,barosanu77,EulerE,1231,1175,rn1qk2r/p4pp1/1pp1pb1p/3p4/Q1P3P1/3P1P1P/PP2P3/1R2KBNR w Kkq - 0 12,e7f6
26,barosanu77,EulerE,1231,1175,rn1qk2r/p4pp1/1pp1pb1p/3p4/Q1P1P1P1/3P1P1P/PP6/1R2KBNR b Kkq - 0 12,e2e4
26,barosanu77,EulerE,1231,1175,rn1qk2r/p4pp1/1pp1pb1p/8/Q1PpP1P1/3P1P1P/PP6/1R2KBNR w Kkq - 0 13,d5d4
26,barosanu77,EulerE,1231,1175,rn1qk2r/p4pp1/1pp1pb1p/8/Q1PpP1P1/3P1P1P/PP2K3/1R3BNR b kq - 1 13,e1e2
26,barosanu77,EulerE,1231,1175,rn2k2r/p4pp1/1ppqpb1p/8/Q1PpP1P1/3P1P1P/PP2K3/1R3BNR w kq - 2 14,d8d6
26,barosanu77,EulerE,1231,1175,rn2k2r/p4pp1/1ppqpb1p/8/Q1PpP1PP/3P1P2/PP2K3/1R3BNR b kq - 0 14,h3h4
26,barosanu77,EulerE,1231,1175,rn3rk1/p4pp1/1ppqpb1p/8/Q1PpP1PP/3P1P2/PP2K3/1R3BNR w - - 1 15,e8g8
26,barosanu77,EulerE,1231,1175,rn3rk1/p4pp1/1ppqpb1p/8/Q1PpP1PP/3P1P1R/PP2K3/1R3BN1 b - - 2 15,h1h3
26,barosanu77,EulerE,1231,1175,r4rk1/p2n1pp1/1ppqpb1p/8/Q1PpP1PP/3P1P1R/PP2K3/1R3BN1 w - - 3 16,b8d7
26,barosanu77,EulerE,1231,1175,r4rk1/p2n1pp1/1ppqpb1p/8/Q1PpP1PP/3P1P1R/PP1K4/1R3BN1 b - - 4 16,e2d2
26,barosanu77,EulerE,1231,1175,1r3rk1/p2n1pp1/1ppqpb1p/8/Q1PpP1PP/3P1P1R/PP1K4/1R3BN1 w - - 5 17,a8b8
26,barosanu77,EulerE,1231,1175,1r3rk1/p2n1pp1/1ppqpb1p/8/Q1PpP1PP/3P1P1R/PP1KN3/1R3B2 b - - 6 17,g1e2
26,barosanu77,EulerE,1231,1175,1r3rk1/3n1pp1/1ppqpb1p/p7/Q1PpP1PP/3P1P1R/PP1KN3/1R3B2 w - - 0 18,a7a5
26,barosanu77,EulerE,1231,1175,1r3rk1/3n1pp1/1ppqpb1p/p7/Q1PpP1PP/3P1P1R/PP1KN3/2R2B2 b - - 1 18,b1c1
26,barosanu77,EulerE,1231,1175,1r3rk1/3n1pp1/1pp1pb1p/p7/QqPpP1PP/3P1P1R/PP1KN3/2R2B2 w - - 2 19,d6b4
26,barosanu77,EulerE,1231,1175,1r3rk1/3n1pp1/1pp1pb1p/p7/1QPpP1PP/3P1P1R/PP1KN3/2R2B2 b - - 0 19,a4b4
26,barosanu77,EulerE,1231,1175,1r3rk1/3n1pp1/1pp1pb1p/8/1pPpP1PP/3P1P1R/PP1KN3/2R2B2 w - - 0 20,a5b4
26,barosanu77,EulerE,1231,1175,1r3rk1/3n1pp1/1pp1pb1p/8/1pPpPNPP/3P1P1R/PP1K4/2R2B2 b - - 1 20,e2f4
26,barosanu77,EulerE,1231,1175,1r3rk1/3n1pp1/1pp2b1p/4p3/1pPpPNPP/3P1P1R/PP1K4/2R2B2 w - - 0 21,e6e5
26,barosanu77,EulerE,1231,1175,1r3rk1/3n1pp1/1pp2b1p/4p2N/1pPpP1PP/3P1P1R/PP1K4/2R2B2 b - - 1 21,f4h5
26,barosanu77,EulerE,1231,1175,1r3rk1/3n1p2/1pp2bpp/4p2N/1pPpP1PP/3P1P1R/PP1K4/2R2B2 w - - 0 22,g7g6
26,barosanu77,EulerE,1231,1175,1r3rk1/3n1p2/1pp2bpp/4p3/1pPpP1PP/3P1PNR/PP1K4/2R2B2 b - - 1 22,h5g3
26,barosanu77,EulerE,1231,1175,1r3rk1/3n1p2/1pp2b1p/4p1p1/1pPpP1PP/3P1PNR/PP1K4/2R2B2 w - - 0 23,g6g5
26,barosanu77,EulerE,1231,1175,1r3rk1/3n1p2/1pp2b1p/4p1P1/1pPpP1P1/3P1PNR/PP1K4/2R2B2 b - - 0 23,h4g5
26,barosanu77,EulerE,1231,1175,1r3rk1/3n1p2/1pp4p/4p1b1/1pPpP1P1/3P1PNR/PP1K4/2R2B2 w - - 0 24,f6g5
26,barosanu77,EulerE,1231,1175,1r3rk1/3n1p2/1pp4p/4p1b1/1pPpP1P1/3P1PNR/PP6/2RK1B2 b - - 1 24,d2d1
26,barosanu77,EulerE,1231,1175,1r3rk1/3n1p2/1pp4p/4p3/1pPpP1P1/3P1PNR/PP6/2bK1B2 w - - 0 25,g5c1
26,barosanu77,EulerE,1231,1175,1r3rk1/3n1p2/1pp4p/4p3/1pPpP1P1/3P1PNR/PP6/2K2B2 b - - 0 25,d1c1
26,barosanu77,EulerE,1231,1175,1r3r2/3n1p1k/1pp4p/4p3/1pPpP1P1/3P1PNR/PP6/2K2B2 w - - 1 26,g8h7
26,barosanu77,EulerE,1231,1175,1r3r2/3n1p1k/1pp4p/4pN2/1pPpP1P1/3P1P1R/PP6/2K2B2 b - - 2 26,g3f5
26,barosanu77,EulerE,1231,1175,1r3rk1/3n1p2/1pp4p/4pN2/1pPpP1P1/3P1P1R/PP6/2K2B2 w - - 3 27,h7g8
26,barosanu77,EulerE,1231,1175,1r3rk1/3n1p2/1pp4R/4pN2/1pPpP1P1/3P1P2/PP6/2K2B2 b - - 0 27,h3h6
26,barosanu77,EulerE,1231,1175,1r3rk1/3n4/1pp2p1R/4pN2/1pPpP1P1/3P1P2/PP6/2K2B2 w - - 0 28,f7f6
26,barosanu77,EulerE,1231,1175,1r3rk1/3n4/1pp2p1R/4pN2/1pPpP1P1/3P1P1B/PP6/2K5 b - - 1 28,f1h3
26,barosanu77,EulerE,1231,1175,5rk1/1r1n4/1pp2p1R/4pN2/1pPpP1P1/3P1P1B/PP6/2K5 w - - 2 29,b8b7
26,barosanu77,EulerE,1231,1175,5rk1/1r1nN3/1pp2p1R/4p3/1pPpP1P1/3P1P1B/PP6/2K5 b - - 3 29,f5e7
26,barosanu77,EulerE,1231,1175,5r2/1r1nNk2/1pp2p1R/4p3/1pPpP1P1/3P1P1B/PP6/2K5 w - - 4 30,g8f7
26,barosanu77,EulerE,1231,1175,5r2/1r1nNk1R/1pp2p2/4p3/1pPpP1P1/3P1P1B/PP6/2K5 b - - 5 30,h6h7
26,barosanu77,EulerE,1231,1175,4kr2/1r1nN2R/1pp2p2/4p3/1pPpP1P1/3P1P1B/PP6/2K5 w - - 6 31,f7e8
26,barosanu77,EulerE,1231,1175,4kr2/1r1nN2R/1pp2p2/4p1P1/1pPpP3/3P1P1B/PP6/2K5 b - - 0 31,g4g5
26,barosanu77,EulerE,1231,1175,4k3/1r1nNr1R/1pp2p2/4p1P1/1pPpP3/3P1P1B/PP6/2K5 w - - 1 32,f8f7
26,barosanu77,EulerE,1231,1175,4k3/1r1BNr1R/1pp2p2/4p1P1/1pPpP3/3P1P2/PP6/2K5 b - - 0 32,h3d7
26,barosanu77,EulerE,1231,1175,4k3/3rNr1R/1pp2p2/4p1P1/1pPpP3/3P1P2/PP6/2K5 w - - 0 33,b7d7
26,barosanu77,EulerE,1231,1175,4k3/3rNR2/1pp2p2/4p1P1/1pPpP3/3P1P2/PP6/2K5 b - - 0 33,h7f7
26,barosanu77,EulerE,1231,1175,8/3rNk2/1pp2p2/4p1P1/1pPpP3/3P1P2/PP6/2K5 w - - 0 34,e8f7
26,barosanu77,EulerE,1231,1175,8/3r1k2/1pN2p2/4p1P1/1pPpP3/3P1P2/PP6/2K5 b - - 0 34,e7c6
26,barosanu77,EulerE,1231,1175,8/3r4/1pN2pk1/4p1P1/1pPpP3/3P1P2/PP6/2K5 w - - 1 35,f7g6
26,barosanu77,EulerE,1231,1175,8/3r4/1pN2Pk1/4p3/1pPpP3/3P1P2/PP6/2K5 b - - 0 35,g5f6
26,barosanu77,EulerE,1231,1175,8/3r4/1pN2k2/4p3/1pPpP3/3P1P2/PP6/2K5 w - - 0 36,g6f6
26,barosanu77,EulerE,1231,1175,8/3r4/1pN2k2/4p3/1pPpP3/3P1P2/PPK5/8 b - - 1 36,c1c2
26,barosanu77,EulerE,1231,1175,8/2r5/1pN2k2/4p3/1pPpP3/3P1P2/PPK5/8 w - - 2 37,d7c7
26,barosanu77,EulerE,1231,1175,8/2r5/1p3k2/4p3/1NPpP3/3P1P2/PPK5/8 b - - 0 37,c6b4
26,barosanu77,EulerE,1231,1175,8/2r5/5k2/1p2p3/1NPpP3/3P1P2/PPK5/8 w - - 0 38,b6b5
26,barosanu77,EulerE,1231,1175,8/2r5/5k2/1p2p3/1NPpP3/1K1P1P2/PP6/8 b - - 1 38,c2b3
26,barosanu77,EulerE,1231,1175,8/2r5/5k2/4p3/1NppP3/1K1P1P2/PP6/8 w - - 0 39,b5c4
26,barosanu77,EulerE,1231,1175,8/2r5/5k2/4p3/1NPpP3/1K3P2/PP6/8 b - - 0 39,d3c4
26,barosanu77,EulerE,1231,1175,8/2r5/8/4p1k1/1NPpP3/1K3P2/PP6/8 w - - 1 40,f6g5
26,barosanu77,EulerE,1231,1175,8/2r5/8/4p1k1/PNPpP3/1K3P2/1P6/8 b - - 0 40,a2a4
26,barosanu77,EulerE,1231,1175,8/2r5/8/4p3/PNPpPk2/1K3P2/1P6/8 w - - 1 41,g5f4
26,barosanu77,EulerE,1231,1175,8/2r5/8/P3p3/1NPpPk2/1K3P2/1P6/8 b - - 0 41,a4a5
26,barosanu77,EulerE,1231,1175,8/2r5/8/P3p3/1NPpP3/1K3k2/1P6/8 w - - 0 42,f4f3
26,barosanu77,EulerE,1231,1175,8/2r5/8/P3p3/2PpP3/1K1N1k2/1P6/8 b - - 1 42,b4d3
26,barosanu77,EulerE,1231,1175,8/2r5/8/P3p3/2Ppk3/1K1N4/1P6/8 w - - 0 43,f3e4
26,barosanu77,EulerE,1231,1175,8/2r5/8/P3p3/1NPpk3/1K6/1P6/8 b - - 1 43,d3b4
26,barosanu77,EulerE,1231,1175,8/2r5/8/P3p3/1NP1k3/1K1p4/1P6/8 w - - 0 44,d4d3
26,barosanu77,EulerE,1231,1175,8/2r5/8/P2Np3/2P1k3/1K1p4/1P6/8 b - - 1 44,b4d5
26,barosanu77,EulerE,1231,1175,8/2r5/8/P2Np3/2P1k3/1K6/1P1p4/8 w - - 0 45,d3d2
26,barosanu77,EulerE,1231,1175,8/2r5/8/P2Np3/2P1k3/8/1PKp4/8 b - - 1 45,b3c2
26,barosanu77,EulerE,1231,1175,8/2r5/8/P2Np3/2Pk4/8/1PKp4/8 w - - 2 46,e4d4
26,barosanu77,EulerE,1231,1175,8/2N5/8/P3p3/2Pk4/8/1PKp4/8 b - - 0 46,d5c7
26,barosanu77,EulerE,1231,1175,8/2N5/8/P3p3/2k5/8/1PKp4/8 w - - 0 47,d4c4
26,barosanu77,EulerE,1231,1175,8/2N5/8/P3p3/2k5/8/1P1K4/8 b - - 0 47,c2d2
26,barosanu77,EulerE,1231,1175,8/2N5/8/P7/2k1p3/8/1P1K4/8 w - - 0 48,e5e4
26,barosanu77,EulerE,1231,1175,8/2N5/8/P7/2k1p3/4K3/1P6/8 b - - 1 48,d2e3
26,barosanu77,EulerE,1231,1175,8/2N5/8/P7/1k2p3/4K3/1P6/8 w - - 2 49,c4b4
26,barosanu77,EulerE,1231,1175,8/2N5/P7/8/1k2p3/4K3/1P6/8 b - - 0 49,a5a6
26,barosanu77,EulerE,1231,1175,8/2N5/P7/k7/4p3/4K3/1P6/8 w - - 1 50,b4a5
26,barosanu77,EulerE,1231,1175,8/P1N5/8/k7/4p3/4K3/1P6/8 b - - 0 50,a6a7
26,barosanu77,EulerE,1231,1175,8/P1N5/1k6/8/4p3/4K3/1P6/8 w - - 1 51,a5b6
26,barosanu77,EulerE,1231,1175,Q7/2N5/1k6/8/4p3/4K3/1P6/8 b - - 0 51,a7a8q
26,barosanu77,EulerE,1231,1175,Q7/2k5/8/8/4p3/4K3/1P6/8 w - - 0 52,b6c7
26,barosanu77,EulerE,1231,1175,Q7/2k5/8/8/4K3/8/1P6/8 b - - 0 52,e3e4
26,barosanu77,EulerE,1231,1175,Q7/8/1k6/8/4K3/8/1P6/8 w - - 1 53,c7b6
26,barosanu77,EulerE,1231,1175,Q7/8/1k6/3K4/8/8/1P6/8 b - - 2 53,e4d5
26,barosanu77,EulerE,1231,1175,Q7/2k5/8/3K4/8/8/1P6/8 w - - 3 54,b6c7
26,barosanu77,EulerE,1231,1175,Q7/2k5/8/3K4/8/1P6/8/8 b - - 0 54,b2b3
26,barosanu77,EulerE,1231,1175,Q7/8/1k6/3K4/8/1P6/8/8 w - - 1 55,c7b6
26,barosanu77,EulerE,1231,1175,8/8/1kQ5/3K4/8/1P6/8/8 b - - 2 55,a8c6
26,barosanu77,EulerE,1231,1175,8/k7/2Q5/3K4/8/1P6/8/8 w - - 3 56,b6a7
26,barosanu77,EulerE,1231,1175,8/k7/2Q5/3K4/1P6/8/8/8 b - - 0 56,b3b4
26,barosanu77,EulerE,1231,1175,1k6/8/2Q5/3K4/1P6/8/8/8 w - - 1 57,a7b8
26,barosanu77,EulerE,1231,1175,1k6/8/2Q5/1P1K4/8/8/8/8 b - - 0 57,b4b5
26,barosanu77,EulerE,1231,1175,8/k7/2Q5/1P1K4/8/8/8/8 w - - 1 58,b8a7
26,barosanu77,EulerE,1231,1175,8/k7/1PQ5/3K4/8/8/8/8 b - - 0 58,b5b6
26,barosanu77,EulerE,1231,1175,1k6/8/1PQ5/3K4/8/8/8/8 w - - 1 59,a7b8
26,barosanu77,EulerE,1231,1175,1k6/2Q5/1P6/3K4/8/8/8/8 b - - 2 59,c6c7
26,barosanu77,EulerE,1231,1175,k7/2Q5/1P6/3K4/8/8/8/8 w - - 3 60,b8a8
26,barosanu77,EulerE,1231,1175,k1Q5/8/1P6/3K4/8/8/8/8 b - - 4 60,c7c8
27,EulerE,apav23,1185,1241,rnbqkbnr/pppppppp/8/8/3P4/8/PPP1PPPP/RNBQKBNR b KQkq - 0 1,d2d4
27,EulerE,apav23,1185,1241,rnbqkbnr/pppp1ppp/8/4p3/3P4/8/PPP1PPPP/RNBQKBNR w KQkq - 0 2,e7e5
27,EulerE,apav23,1185,1241,rnbqkbnr/pppp1ppp/8/4P3/8/8/PPP1PPPP/RNBQKBNR b KQkq - 0 2,d4e5
27,EulerE,apav23,1185,1241,rnbqk1nr/pppp1ppp/8/2b1P3/8/8/PPP1PPPP/RNBQKBNR w KQkq - 1 3,f8c5
27,EulerE,apav23,1185,1241,rnbqk1nr/pppp1ppp/8/2b1P3/8/2N5/PPP1PPPP/R1BQKBNR b KQkq - 2 3,b1c3
27,EulerE,apav23,1185,1241,rnbqk1nr/pppp1ppp/8/4P3/1b6/2N5/PPP1PPPP/R1BQKBNR w KQkq - 3 4,c5b4
27,EulerE,apav23,1185,1241,rnbqk1nr/pppp1ppp/8/4P3/1b6/2N5/PPPBPPPP/R2QKBNR b KQkq - 4 4,c1d2
27,EulerE,apav23,1185,1241,rnbqk1nr/pppp1ppp/8/4P3/8/2b5/PPPBPPPP/R2QKBNR w KQkq - 0 5,b4c3
27,EulerE,apav23,1185,1241,rnbqk1nr/pppp1ppp/8/4P3/8/2B5/PPP1PPPP/R2QKBNR b KQkq - 0 5,d2c3
27,EulerE,apav23,1185,1241,rnbqk1nr/ppp2ppp/3p4/4P3/8/2B5/PPP1PPPP/R2QKBNR w KQkq - 0 6,d7d6
27,EulerE,apav23,1185,1241,rnbqk1nr/ppp2ppp/3p4/4P3/8/2B2N2/PPP1PPPP/R2QKB1R b KQkq - 1 6,g1f3
27,EulerE,apav23,1185,1241,r1bqk1nr/ppp2ppp/2np4/4P3/8/2B2N2/PPP1PPPP/R2QKB1R w KQkq - 2 7,b8c6
27,EulerE,apav23,1185,1241,r1bqk1nr/ppp2ppp/2np4/4P3/8/2B1PN2/PPP2PPP/R2QKB1R b KQkq - 0 7,e2e3
27,EulerE,apav23,1185,1241,r1bqk1nr/ppp2ppp/2n5/4p3/8/2B1PN2/PPP2PPP/R2QKB1R w KQkq - 0 8,d6e5
27,EulerE,apav23,1185,1241,r1bQk1nr/ppp2ppp/2n5/4p3/8/2B1PN2/PPP2PPP/R3KB1R b KQkq - 0 8,d1d8
27,EulerE,apav23,1185,1241,r1bnk1nr/ppp2ppp/8/4p3/8/2B1PN2/PPP2PPP/R3KB1R w KQkq - 0 9,c6d8
27,EulerE,apav23,1185,1241,r1bnk1nr/ppp2ppp/8/4B3/8/4PN2/PPP2PPP/R3KB1R b KQkq - 0 9,c3e5
27,EulerE,apav23,1185,1241,r1bnk2r/ppp2ppp/5n2/4B3/8/4PN2/PPP2PPP/R3KB1R w KQkq - 1 10,g8f6
27,EulerE,apav23,1185,1241,r1bnk2r/ppB2ppp/5n2/8/8/4PN2/PPP2PPP/R3KB1R b KQkq - 0 10,e5c7
27,EulerE,apav23,1185,1241,r1bn1rk1/ppB2ppp/5n2/8/8/4PN2/PPP2PPP/R3KB1R w KQ - 1 11,e8g8
27,EulerE,apav23,1185,1241,r1bn1rk1/ppB2ppp/5n2/8/8/4PN2/PPP2PPP/2KR1B1R b - - 2 11,e1c1
27,EulerE,apav23,1185,1241,r1bn1rk1/ppB2ppp/8/8/4n3/4PN2/PPP2PPP/2KR1B1R w - - 3 12,f6e4
27,EulerE,apav23,1185,1241,r1bR1rk1/ppB2ppp/8/8/4n3/4PN2/PPP2PPP/2K2B1R b - - 0 12,d1d8
28,EulerE,chetanmittal19,1177,1215,rnbqkbnr/pppppppp/8/8/3P4/8/PPP1PPPP/RNBQKBNR b KQkq - 0 1,d2d4
28,EulerE,chetanmittal19,1177,1215,rnbqkbnr/ppp1pppp/8/3p4/3P4/8/PPP1PPPP/RNBQKBNR w KQkq - 0 2,d7d5
28,EulerE,chetanmittal19,1177,1215,rnbqkbnr/ppp1pppp/8/3p4/2PP4/8/PP2PPPP/RNBQKBNR b KQkq - 0 2,c2c4
28,EulerE,chetanmittal19,1177,1215,rnbqkbnr/ppp1pppp/8/8/2pP4/8/PP2PPPP/RNBQKBNR w KQkq - 0 3,d5c4
28,EulerE,chetanmittal19,1177,1215,rnbqkbnr/ppp1pppp/8/8/2pPP3/8/PP3PPP/RNBQKBNR b KQkq - 0 3,e2e4
28,EulerE,chetanmittal19,1177,1215,rnbqkbnr/ppp2ppp/8/4p3/2pPP3/8/PP3PPP/RNBQKBNR w KQkq - 0 4,e7e5
28,EulerE,chetanmittal19,1177,1215,rnbqkbnr/ppp2ppp/8/3Pp3/2p1P3/8/PP3PPP/RNBQKBNR b KQkq - 0 4,d4d5
28,EulerE,chetanmittal19,1177,1215,rnbqkbnr/p1p2ppp/8/1p1Pp3/2p1P3/8/PP3PPP/RNBQKBNR w KQkq - 0 5,b7b5
28,EulerE,chetanmittal19,1177,1215,rnbqkbnr/p1p2ppp/8/1p1Pp3/P1p1P3/8/1P3PPP/RNBQKBNR b KQkq - 0 5,a2a4
28,EulerE,chetanmittal19,1177,1215,rnbqkbnr/p4ppp/2p5/1p1Pp3/P1p1P3/8/1P3PPP/RNBQKBNR w KQkq - 0 6,c7c6
28,EulerE,chetanmittal19,1177,1215,rnbqkbnr/p4ppp/2p5/1P1Pp3/2p1P3/8/1P3PPP/RNBQKBNR b KQkq - 0 6,a4b5
28,EulerE,chetanmittal19,1177,1215,rnbqkbnr/p4ppp/8/1p1Pp3/2p1P3/8/1P3PPP/RNBQKBNR w KQkq - 0 7,c6b5
28,EulerE,chetanmittal19,1177,1215,rnbqkbnr/p4ppp/8/1p1Pp3/2p1P3/2N5/1P3PPP/R1BQKBNR b KQkq - 1 7,b1c3
28,EulerE,chetanmittal19,1177,1215,rnbqk1nr/p4ppp/8/1p1Pp3/1bp1P3/2N5/1P3PPP/R1BQKBNR w KQkq - 2 8,f8b4
28,EulerE,chetanmittal19,1177,1215,rnbqk1nr/p4ppp/8/1p1Pp3/1bp1P3/2N5/1P1B1PPP/R2QKBNR b KQkq - 3 8,c1d2
28,EulerE,chetanmittal19,1177,1215,rnbqk1nr/p4ppp/8/1p1Pp3/2p1P3/2b5/1P1B1PPP/R2QKBNR w KQkq - 0 9,b4c3
28,EulerE,chetanmittal19,1177,1215,rnbqk1nr/p4ppp/8/1p1Pp3/2p1P3/2B5/1P3PPP/R2QKBNR b KQkq - 0 9,d2c3
28,EulerE,chetanmittal19,1177,1215,r1bqk1nr/p2n1ppp/8/1p1Pp3/2p1P3/2B5/1P3PPP/R2QKBNR w KQkq - 1 10,b8d7
28,EulerE,chetanmittal19,1177,1215,r1bqk1nr/p2n1ppp/8/Rp1Pp3/2p1P3/2B5/1P3PPP/3QKBNR b Kkq - 2 10,a1a5
28,EulerE,chetanmittal19,1177,1215,r1bqk1nr/3n1ppp/p7/Rp1Pp3/2p1P3/2B5/1P3PPP/3QKBNR w Kkq - 0 11,a7a6
28,EulerE,chetanmittal19,1177,1215,r1bqk1nr/3n1ppp/p7/Rp1Pp3/2p1P3/2B2N2/1P3PPP/3QKB1R b Kkq - 1 11,g1f3
28,EulerE,chetanmittal19,1177,1215,r1bqk1nr/3n2pp/p4p2/Rp1Pp3/2p1P3/2B2N2/1P3PPP/3QKB1R w Kkq - 0 12,f7f6
28,EulerE,chetanmittal19,1177,1215,r1bqk1nr/3n2pp/p4p2/Rp1Pp3/1Pp1P3/2B2N2/5PPP/3QKB1R b Kkq b3 0 12,b2b4
28,EulerE,chetanmittal19,1177,1215,r1bqk1nr/3n2pp/p4p2/Rp1Pp3/4P3/1pB2N2/5PPP/3QKB1R w Kkq - 0 13,c4b3
28,EulerE,chetanmittal19,1177,1215,r1bqk1nr/3n2pp/p4p2/RB1Pp3/4P3/1pB2N2/5PPP/3QK2R b Kkq - 0 13,f1b5
28,EulerE,chetanmittal19,1177,1215,r1bqk2r/3nn1pp/p4p2/RB1Pp3/4P3/1pB2N2/5PPP/3QK2R w Kkq - 1 14,g8e7
28,EulerE,chetanmittal19,1177,1215,r1bqk2r/3nn1pp/p4p2/RB1Pp3/4P3/1QB2N2/5PPP/4K2R b Kkq - 0 14,d1b3
28,EulerE,chetanmittal19,1177,1215,1rbqk2r/3nn1pp/p4p2/RB1Pp3/4P3/1QB2N2/5PPP/4K2R w Kk - 1 15,a8b8
28,EulerE,chetanmittal19,1177,1215,1rbqk2r/3Bn1pp/p4p2/R2Pp3/4P3/1QB2N2/5PPP/4K2R b Kk - 0 15,b5d7
28,EulerE,chetanmittal19,1177,1215,1r1qk2r/3bn1pp/p4p2/R2Pp3/4P3/1QB2N2/5PPP/4K2R w Kk - 0 16,c8d7
28,EulerE,chetanmittal19,1177,1215,1r1qk2r/3bn1pp/p4p2/R2Pp3/4P3/Q1B2N2/5PPP/4K2R b Kk - 1 16,b3a3
28,EulerE,chetanmittal19,1177,1215,1r1qk2r/4n1pp/p4p2/Rb1Pp3/4P3/Q1B2N2/5PPP/4K2R w Kk - 2 17,d7b5
28,EulerE,chetanmittal19,1177,1215,1r1qk2r/4n1pp/p2P1p2/Rb2p3/4P3/Q1B2N2/5PPP/4K2R b Kk - 0 17,d5d6
28,EulerE,chetanmittal19,1177,1215,1r1qk2r/6pp/p1nP1p2/Rb2p3/4P3/Q1B2N2/5PPP/4K2R w Kk - 1 18,e7c6
28,EulerE,chetanmittal19,1177,1215,1r1qk2r/6pp/p1nP1p2/1R2p3/4P3/Q1B2N2/5PPP/4K2R b Kk - 0 18,a5b5
28,EulerE,chetanmittal19,1177,1215,3qk2r/6pp/p1nP1p2/1r2p3/4P3/Q1B2N2/5PPP/4K2R w Kk - 0 19,b8b5
28,EulerE,chetanmittal19,1177,1215,3qk2r/6pp/Q1nP1p2/1r2p3/4P3/2B2N2/5PPP/4K2R b Kk - 0 19,a3a6
28,EulerE,chetanmittal19,1177,1215,3qk2r/6pp/Q1nP1p2/4p3/4P3/2B2N2/5PPP/1r2K2R w Kk - 1 20,b5b1
28,EulerE,chetanmittal19,1177,1215,3qk2r/6pp/Q1nP1p2/4p3/4P3/2B2N2/4KPPP/1r5R b k - 2 20,e1e2
28,EulerE,chetanmittal19,1177,1215,3qk2r/6pp/Q1nP1p2/4p3/4P3/2B2N2/4KPPP/7r w k - 0 21,b1h1
28,EulerE,chetanmittal19,1177,1215,3qk2r/6pp/2QP1p2/4p3/4P3/2B2N2/4KPPP/7r b k - 0 21,a6c6
28,EulerE,chetanmittal19,1177,1215,4k2r/3q2pp/2QP1p2/4p3/4P3/2B2N2/4KPPP/7r w k - 1 22,d8d7
28,EulerE,chetanmittal19,1177,1215,Q3k2r/3q2pp/3P1p2/4p3/4P3/2B2N2/4KPPP/7r b k - 2 22,c6a8
28,EulerE,chetanmittal19,1177,1215,Q2qk2r/6pp/3P1p2/4p3/4P3/2B2N2/4KPPP/7r w k - 3 23,d7d8
28,EulerE,chetanmittal19,1177,1215,3qk2r/6pp/3P1p2/4p3/Q3P3/2B2N2/4KPPP/7r b k - 4 23,a8a4
28,EulerE,chetanmittal19,1177,1215,3q3r/5kpp/3P1p2/4p3/Q3P3/2B2N2/4KPPP/7r w - - 5 24,e8f7
28,EulerE,chetanmittal19,1177,1215,3q3r/Q4kpp/3P1p2/4p3/4P3/2B2N2/4KPPP/7r b - - 6 24,a4a7
28,EulerE,chetanmittal19,1177,1215,3q3r/Q5pp/3P1pk1/4p3/4P3/2B2N2/4KPPP/7r w - - 7 25,f7g6
28,EulerE,chetanmittal19,1177,1215,3q3r/Q5pp/3P1pk1/4p3/4P3/5N2/3BKPPP/7r b - - 8 25,c3d2
28,EulerE,chetanmittal19,1177,1215,7r/Q5pp/3q1pk1/4p3/4P3/5N2/3BKPPP/7r w - - 0 26,d8d6
28,EulerE,chetanmittal19,1177,1215,7r/Q5pp/3q1pk1/4p3/4P2N/8/3BKPPP/7r b - - 1 26,f3h4
28,EulerE,chetanmittal19,1177,1215,7r/Q5pp/3q1p2/4p2k/4P2N/8/3BKPPP/7r w - - 2 27,g6h5
28,EulerE,chetanmittal19,1177,1215,7r/5Qpp/3q1p2/4p2k/4P2N/8/3BKPPP/7r b - - 3 27,a7f7
28,EulerE,chetanmittal19,1177,1215,7r/5Q1p/3q1pp1/4p2k/4P2N/8/3BKPPP/7r w - - 0 28,g7g6
28,EulerE,chetanmittal19,1177,1215,7r/5Q1p/3q1pp1/4pN1k/4P3/8/3BKPPP/7r b - - 1 28,h4f5
28,EulerE,chetanmittal19,1177,1215,7r/5Q1p/q4pp1/4pN1k/4P3/8/3BKPPP/7r w - - 2 29,d6a6
28,EulerE,chetanmittal19,1177,1215,7r/5Q1p/q4pp1/4pN1k/4P3/5K2/3B1PPP/7r b - - 3 29,e2f3
28,EulerE,chetanmittal19,1177,1215,7r/5Q1p/5pp1/4pN1k/4P3/3q1K2/3B1PPP/7r w - - 4 30,a6d3
28,EulerE,chetanmittal19,1177,1215,7r/5Q1p/5pp1/4pN1k/4P3/3qBK2/5PPP/7r b - - 5 30,d2e3
28,EulerE,chetanmittal19,1177,1215,7r/5Q1p/5pp1/4pN1k/4P3/4BK2/5PPP/3q3r w - - 6 31,d3d1
28,EulerE,chetanmittal19,1177,1215,7r/5Q1p/5pp1/4pN1k/4P3/4B1K1/5PPP/3q3r b - - 7 31,f3g3
28,EulerE,chetanmittal19,1177,1215,7r/5Q1p/5pp1/4pN1k/4P1q1/4B1K1/5PPP/7r w - - 8 32,d1g4
29,heppera,EulerE,1172,1169,rnbqkbnr/pppppppp/8/8/4P3/8/PPPP1PPP/RNBQKBNR b KQkq - 0 1,e2e4
29,heppera,EulerE,1172,1169,rnbqkbnr/pppp1ppp/8/4p3/4P3/8/PPPP1PPP/RNBQKBNR w KQkq - 0 2,e7e5
29,heppera,EulerE,1172,1169,rnbqkbnr/pppp1ppp/8/4p3/2B1P3/8/PPPP1PPP/RNBQK1NR b KQkq - 1 2,f1c4
29,heppera,EulerE,1172,1169,r1bqkbnr/pppp1ppp/2n5/4p3/2B1P3/8/PPPP1PPP/RNBQK1NR w KQkq - 2 3,b8c6
29,heppera,EulerE,1172,1169,r1bqkbnr/pppp1ppp/2n5/4p3/2B1P3/7N/PPPP1PPP/RNBQK2R b KQkq - 3 3,g1h3
29,heppera,EulerE,1172,1169,r1bqkb1r/pppp1ppp/2n2n2/4p3/2B1P3/7N/PPPP1PPP/RNBQK2R w KQkq - 4 4,g8f6
29,heppera,EulerE,1172,1169,r1bqkb1r/pppp1ppp/2n2n2/4p3/2B1P3/5Q1N/PPPP1PPP/RNB1K2R b KQkq - 5 4,d1f3
29,heppera,EulerE,1172,1169,r1bqkb1r/pppp1ppp/5n2/n3p3/2B1P3/5Q1N/PPPP1PPP/RNB1K2R w KQkq - 6 5,c6a5
29,heppera,EulerE,1172,1169,r1bqkb1r/pppp1Bpp/5n2/n3p3/4P3/5Q1N/PPPP1PPP/RNB1K2R b KQkq - 0 5,c4f7
29,heppera,EulerE,1172,1169,r1bq1b1r/pppp1kpp/5n2/n3p3/4P3/5Q1N/PPPP1PPP/RNB1K2R w KQ - 0 6,e8f7
29,heppera,EulerE,1172,1169,r1bq1b1r/pppp1kpp/5n2/n3p1N1/4P3/5Q2/PPPP1PPP/RNB1K2R b KQ - 1 6,h3g5
29,heppera,EulerE,1172,1169,r1bqkb1r/pppp2pp/5n2/n3p1N1/4P3/5Q2/PPPP1PPP/RNB1K2R w KQ - 2 7,f7e8
29,heppera,EulerE,1172,1169,r1bqkb1r/pppp2pp/5n2/n3pQN1/4P3/8/PPPP1PPP/RNB1K2R b KQ - 3 7,f3f5
29,heppera,EulerE,1172,1169,r1bqkb1r/ppp3pp/3p1n2/n3pQN1/4P3/8/PPPP1PPP/RNB1K2R w KQ - 0 8,d7d6
29,heppera,EulerE,1172,1169,r1bqkb1r/ppp3pp/3p1n2/n3p1N1/4P3/5Q2/PPPP1PPP/RNB1K2R b KQ - 1 8,f5f3
29,heppera,EulerE,1172,1169,r1bqkb1r/ppp3p1/3p1n1p/n3p1N1/4P3/5Q2/PPPP1PPP/RNB1K2R w KQ - 0 9,h7h6
29,heppera,EulerE,1172,1169,r1bqkb1r/ppp3p1/3p1n1p/n3p3/4P3/5Q1N/PPPP1PPP/RNB1K2R b KQ - 1 9,g5h3
29,heppera,EulerE,1172,1169,r2qkb1r/ppp3p1/3p1n1p/n3p3/4P3/5Q1b/PPPP1PPP/RNB1K2R w KQ - 0 10,c8h3
29,heppera,EulerE,1172,1169,r2qkb1r/ppp3p1/3p1n1p/n3p3/4P3/7Q/PPPP1PPP/RNB1K2R b KQ - 0 10,f3h3
29,heppera,EulerE,1172,1169,r3kb1r/pppq2p1/3p1n1p/n3p3/4P3/7Q/PPPP1PPP/RNB1K2R w KQ - 1 11,d8d7
29,heppera,EulerE,1172,1169,r3kb1r/pppq2p1/3p1n1p/n3p3/4P3/3P3Q/PPP2PPP/RNB1K2R b KQ - 0 11,d2d3
29,heppera,EulerE,1172,1169,r3kb1r/ppp3p1/3p1n1p/n3p3/4P3/3P3q/PPP2PPP/RNB1K2R w KQ - 0 12,d7h3
29,heppera,EulerE,1172,1169,r3kb1r/ppp3p1/3p1n1p/n3p3/4P3/3P3P/PPP2P1P/RNB1K2R b KQ - 0 12,g2h3
29,heppera,EulerE,1172,1169,r4b1r/pppk2p1/3p1n1p/n3p3/4P3/3P3P/PPP2P1P/RNB1K2R w KQ - 1 13,e8d7
29,heppera,EulerE,1172,1169,r4b1r/pppk2p1/3p1n1p/n3p3/4P3/2NP3P/PPP2P1P/R1B1K2R b KQ - 2 13,b1c3
29,heppera,EulerE,1172,1169,r6r/pppkb1p1/3p1n1p/n3p3/4P3/2NP3P/PPP2P1P/R1B1K2R w KQ - 3 14,f8e7
29,heppera,EulerE,1172,1169,r6r/pppkb1p1/3p1n1p/n3p3/4P3/2NP3P/PPPB1P1P/R3K2R b KQ - 4 14,c1d2
29,heppera,EulerE,1172,1169,r6r/pp1kb1p1/2pp1n1p/n3p3/4P3/2NP3P/PPPB1P1P/R3K2R w KQ - 0 15,c7c6
29,heppera,EulerE,1172,1169,r6r/pp1kb1p1/2pp1n1p/n3p3/4PP2/2NP3P/PPPB3P/R3K2R b KQ - 0 15,f2f4
29,heppera,EulerE,1172,1169,r6r/pp1kb1p1/2p2n1p/n2pp3/4PP2/2NP3P/PPPB3P/R3K2R w KQ - 0 16,d6d5
29,heppera,EulerE,1172,1169,r6r/pp1kb1p1/2p2n1p/n2pP3/4P3/2NP3P/PPPB3P/R3K2R b KQ - 0 16,f4e5
29,heppera,EulerE,1172,1169,r6r/pp1kb1p1/2p2n1p/n3P3/3pP3/2NP3P/PPPB3P/R3K2R w KQ - 0 17,d5d4
29,heppera,EulerE,1172,1169,r6r/pp1kb1p1/2p2P1p/n7/3pP3/2NP3P/PPPB3P/R3K2R b KQ - 0 17,e5f6
29,heppera,EulerE,1172,1169,r6r/pp1kb1p1/2p2P1p/n7/4P3/2pP3P/PPPB3P/R3K2R w KQ - 0 18,d4c3
29,heppera,EulerE,1172,1169,r6r/pp1kb1p1/2p2P1p/n7/4P3/2BP3P/PPP4P/R3K2R b KQ - 0 18,d2c3
29,heppera,EulerE,1172,1169,r2b3r/pp1k2p1/2p2P1p/n7/4P3/2BP3P/PPP4P/R3K2R w KQ - 1 19,e7d8
29,heppera,EulerE,1172,1169,r2b3r/pp1k2P1/2p4p/n7/4P3/2BP3P/PPP4P/R3K2R b KQ - 0 19,f6g7
29,heppera,EulerE,1172,1169,r2b2r1/pp1k2P1/2p4p/n7/4P3/2BP3P/PPP4P/R3K2R w KQ - 1 20,h8g8
29,heppera,EulerE,1172,1169,r2b2r1/pp1k2P1/2p4p/n7/4P3/2BP3P/PPP4P/2KR3R b - - 2 20,e1c1
29,heppera,EulerE,1172,1169,r5r1/pp1k2P1/2p4p/n5b1/4P3/2BP3P/PPP4P/2KR3R w - - 3 21,d8g5
29,heppera,EulerE,1172,1169,r5r1/pp1k2P1/2p4p/n5b1/4P3/2BP3P/PPP4P/1K1R3R b - - 4 21,c1b1
29,heppera,EulerE,1172,1169,r5r1/pp4P1/2p1k2p/n5b1/4P3/2BP3P/PPP4P/1K1R3R w - - 5 22,d7e6
29,heppera,EulerE,1172,1169,r5r1/pp4P1/2p1k2p/B5b1/4P3/3P3P/PPP4P/1K1R3R b - - 0 22,c3a5
29,heppera,EulerE,1172,1169,r5r1/pp4P1/2p4p/B3k1b1/4P3/3P3P/PPP4P/1K1R3R w - - 1 23,e6e5
29,heppera,EulerE,1172,1169,r5r1/pp4P1/2p4p/4k1b1/4P3/2BP3P/PPP4P/1K1R3R b - - 2 23,a5c3
29,heppera,EulerE,1172,1169,r5r1/pp4P1/2p4p/6b1/4Pk2/2BP3P/PPP4P/1K1R3R w - - 3 24,e5f4
29,heppera,EulerE,1172,1169,r5r1/pp4P1/2p4p/6b1/4Pk2/2BP3P/PPP4P/1K3R1R b - - 4 24,d1f1
29,heppera,EulerE,1172,1169,r5r1/pp4P1/2p4p/6b1/4P3/2BPk2P/PPP4P/1K3R1R w - - 5 25,f4e3
29,heppera,EulerE,1172,1169,r5r1/pp4P1/2p4p/6b1/4P3/P1BPk2P/1PP4P/1K3R1R b - - 0 25,a2a3
29,heppera,EulerE,1172,1169,r5r1/pp4P1/2p4p/6b1/4P3/P1BP3P/1PP1k2P/1K3R1R w - - 1 26,e3e2
29,heppera,EulerE,1172,1169,r5r1/pp3RP1/2p4p/6b1/4P3/P1BP3P/1PP1k2P/1K5R b - - 2 26,f1f7
29,heppera,EulerE,1172,1169,r5r1/pp3RP1/2p4p/8/4P3/P1BP3P/1PPbk2P/1K5R w - - 3 27,g5d2
29,heppera,EulerE,1172,1169,r5r1/pp3RP1/2p4p/4B3/4P3/P2P3P/1PPbk2P/1K5R b - - 4 27,c3e5
29,heppera,EulerE,1172,1169,r5r1/pp3RP1/2p4p/4B3/4P3/P2Pk2P/1PPb3P/1K5R w - - 5 28,e2e3
29,heppera,EulerE,1172,1169,r5r1/pp3RP1/2p4p/4B3/4P3/P2Pk2P/1PPb3P/1K3R2 b - - 6 28,h1f1
29,heppera,EulerE,1172,1169,r5r1/pp3RP1/2p4p/4B3/4P3/P2P3P/1PPbk2P/1K3R2 w - - 7 29,e3e2
29,heppera,EulerE,1172,1169,r5r1/pp3RP1/2p4p/4B3/4P3/P2P3P/1PPbkR1P/1K6 b - - 8 29,f1f2
29,heppera,EulerE,1172,1169,r5r1/pp3RP1/2p4p/4B3/4P3/P2Pk2P/1PPb1R1P/1K6 w - - 9 30,e2e3
29,heppera,EulerE,1172,1169,r5r1/pp3RP1/2p4p/4B3/4P3/P2PkR1P/1PPb3P/1K6 b - - 10 30,f2f3
29,heppera,EulerE,1172,1169,r5r1/pp3RP1/2p4p/4B3/4P3/P2P1R1P/1PPbk2P/1K6 w - - 11 31,e3e2
29,heppera,EulerE,1172,1169,r5r1/pp3RP1/2p4p/4BR2/4P3/P2P3P/1PPbk2P/1K6 b - - 12 31,f3f5
29,heppera,EulerE,1172,1169,r3r3/pp3RP1/2p4p/4BR2/4P3/P2P3P/1PPbk2P/1K6 w - - 13 32,g8e8
29,heppera,EulerE,1172,1169,r3r3/pp3RP1/2p4p/5R2/3BP3/P2P3P/1PPbk2P/1K6 b - - 14 32,e5d4
29,heppera,EulerE,1172,1169,r7/pp3RP1/2p4p/5R2/3Br3/P2P3P/1PPbk2P/1K6 w - - 0 33,e8e4
29,heppera,EulerE,1172,1169,r7/pp3RP1/2p4p/8/3Br3/P2P3P/1PPbkR1P/1K6 b - - 1 33,f5f2
29,heppera,EulerE,1172,1169,r7/pp3RP1/2p4p/8/3Br3/P2P3P/1PPb1R1P/1K2k3 w - - 2 34,e2e1
29,heppera,EulerE,1172,1169,r7/pp3RP1/2p4p/8/3Br3/P2P3P/1PPb3P/1K2kR2 b - - 3 34,f2f1
29,heppera,EulerE,1172,1169,r7/pp3RP1/2p4p/8/3Br3/P2P3P/1PPbk2P/1K3R2 w - - 4 35,e1e2
29,heppera,EulerE,1172,1169,r7/pp4P1/2p4p/8/3Br3/P2P3P/1PPbkR1P/1K3R2 b - - 5 35,f7f2
30,johnd198,EulerE,1094,1175,rnbqkbnr/pppppppp/8/8/4P3/8/PPPP1PPP/RNBQKBNR b KQkq - 0 1,e2e4
30,johnd198,EulerE,1094,1175,rnbqkbnr/pppp1ppp/8/4p3/4P3/8/PPPP1PPP/RNBQKBNR w KQkq - 0 2,e7e5
30,johnd198,EulerE,1094,1175,rnbqkbnr/pppp1ppp/8/4p3/2B1P3/8/PPPP1PPP/RNBQK1NR b KQkq - 1 2,f1c4
30,johnd198,EulerE,1094,1175,r1bqkbnr/pppp1ppp/2n5/4p3/2B1P3/8/PPPP1PPP/RNBQK1NR w KQkq - 2 3,b8c6
30,johnd198,EulerE,1094,1175,r1bqkbnr/pppp1ppp/2n5/4p3/2B1P3/5N2/PPPP1PPP/RNBQK2R b KQkq - 3 3,g1f3
30,johnd198,EulerE,1094,1175,r1bqkb1r/pppp1ppp/2n2n2/4p3/2B1P3/5N2/PPPP1PPP/RNBQK2R w KQkq - 4 4,g8f6
30,johnd198,EulerE,1094,1175,r1bqkb1r/pppp1ppp/2n2n2/4p3/2B1P3/3P1N2/PPP2PPP/RNBQK2R b KQkq - 0 4,d2d3
30,johnd198,EulerE,1094,1175,r1bqk2r/pppp1ppp/2n2n2/4p3/1bB1P3/3P1N2/PPP2PPP/RNBQK2R w KQkq - 1 5,f8b4
30,johnd198,EulerE,1094,1175,r1bqk2r/pppp1ppp/2n2n2/4p3/1bB1P3/3P1N2/PPPB1PPP/RN1QK2R b KQkq - 2 5,c1d2
30,johnd198,EulerE,1094,1175,r1bqk2r/pppp1ppp/2n2n2/4p3/2B1P3/3P1N2/PPPb1PPP/RN1QK2R w KQkq - 0 6,b4d2
30,johnd198,EulerE,1094,1175,r1bqk2r/pppp1ppp/2n2n2/4p3/2B1P3/3P4/PPPN1PPP/RN1QK2R b KQkq - 0 6,f3d2
30,johnd198,EulerE,1094,1175,r1bqk2r/ppp2ppp/2n2n2/3pp3/2B1P3/3P4/PPPN1PPP/RN1QK2R w KQkq - 0 7,d7d5
30,johnd198,EulerE,1094,1175,r1bqk2r/ppp2ppp/2n2n2/3Pp3/2B5/3P4/PPPN1PPP/RN1QK2R b KQkq - 0 7,e4d5
30,johnd198,EulerE,1094,1175,r1bqk2r/ppp2ppp/5n2/n2Pp3/2B5/3P4/PPPN1PPP/RN1QK2R w KQkq - 1 8,c6a5
30,johnd198,EulerE,1094,1175,r1bqk2r/ppp2ppp/5n2/n2Pp3/2B5/3P4/PPPN1PPP/RN1Q1RK1 b kq - 2 8,e1g1
30,johnd198,EulerE,1094,1175,r1bqk2r/ppp2ppp/5n2/3Pp3/2n5/3P4/PPPN1PPP/RN1Q1RK1 w kq - 0 9,a5c4
30,johnd198,EulerE,1094,1175,r1bqk2r/ppp2ppp/5n2/3Pp3/2P5/8/PPPN1PPP/RN1Q1RK1 b kq - 0 9,d3c4
30,johnd198,EulerE,1094,1175,r2qk2r/ppp2ppp/5n2/3Pp3/2P3b1/8/PPPN1PPP/RN1Q1RK1 w kq - 1 10,c8g4
30,johnd198,EulerE,1094,1175,r2qk2r/ppp2ppp/5n2/3Pp3/2P3b1/5P2/PPPN2PP/RN1Q1RK1 b kq - 0 10,f2f3
30,johnd198,EulerE,1094,1175,r2qk2r/ppp2ppp/5n2/3Pp2b/2P5/5P2/PPPN2PP/RN1Q1RK1 w kq - 1 11,g4h5
30,johnd198,EulerE,1094,1175,r2qk2r/ppp2ppp/5n2/3Pp2b/2P5/5P2/PPPNQ1PP/RN3RK1 b kq - 2 11,d1e2
30,johnd198,EulerE,1094,1175,r3k2r/ppp1qppp/5n2/3Pp2b/2P5/5P2/PPPNQ1PP/RN3RK1 w kq - 3 12,d8e7
30,johnd198,EulerE,1094,1175,r3k2r/ppp1qppp/5n2/3Pp2b/2P5/2N2P2/PPPNQ1PP/R4RK1 b kq - 4 12,b1c3
30,johnd198,EulerE,1094,1175,r3k2r/ppp2ppp/5n2/2qPp2b/2P5/2N2P2/PPPNQ1PP/R4RK1 w kq - 5 13,e7c5
30,johnd198,EulerE,1094,1175,r3k2r/ppp2ppp/5n2/2qPp2b/2P5/2N2P2/PPPNQ1PP/R4R1K b kq - 6 13,g1h1
30,johnd198,EulerE,1094,1175,r3k2r/ppp2ppp/5n2/3Pp2b/2Pq4/2N2P2/PPPNQ1PP/R4R1K w kq - 7 14,c5d4
30,johnd198,EulerE,1094,1175,r3k2r/ppp2ppp/5n2/3Pp2b/2Pq4/1NN2P2/PPP1Q1PP/R4R1K b kq - 8 14,d2b3
30,johnd198,EulerE,1094,1175,r3k2r/ppp2ppp/5n2/3Pp2b/2P2q2/1NN2P2/PPP1Q1PP/R4R1K w kq - 9 15,d4f4
30,johnd198,EulerE,1094,1175,r3k2r/ppp2ppp/5n2/3Pp2b/2P2qP1/1NN2P2/PPP1Q2P/R4R1K b kq - 0 15,g2g4
30,johnd198,EulerE,1094,1175,r3k2r/ppp2ppp/5nb1/3Pp3/2P2qP1/1NN2P2/PPP1Q2P/R4R1K w kq - 1 16,h5g6
30,johnd198,EulerE,1094,1175,r3k2r/ppp2ppp/5nb1/3Pp3/2P1NqP1/1N3P2/PPP1Q2P/R4R1K b kq - 2 16,c3e4
30,johnd198,EulerE,1094,1175,2kr3r/ppp2ppp/5nb1/3Pp3/2P1NqP1/1N3P2/PPP1Q2P/R4R1K w - - 3 17,e8c8
30,johnd198,EulerE,1094,1175,2kr3r/ppp2ppp/5Nb1/3Pp3/2P2qP1/1N3P2/PPP1Q2P/R4R1K b - - 0 17,e4f6
30,johnd198,EulerE,1094,1175,2kr3r/ppp2ppp/5qb1/3Pp3/2P3P1/1N3P2/PPP1Q2P/R4R1K w - - 0 18,f4f6
30,johnd198,EulerE,1094,1175,2kr3r/ppp2ppp/5qb1/3Pp3/2P3P1/1N2QP2/PPP4P/R4R1K b - - 1 18,e2e3
30,johnd198,EulerE,1094,1175,2kr3r/p1p2ppp/1p3qb1/3Pp3/2P3P1/1N2QP2/PPP4P/R4R1K w - - 0 19,b7b6
30,johnd198,EulerE,1094,1175,2kr3r/p1p2ppp/1p3qb1/3Pp1P1/2P5/1N2QP2/PPP4P/R4R1K b - - 0 19,g4g5
30,johnd198,EulerE,1094,1175,2kr3r/p1p2ppp/1p4b1/3Pp1P1/2P2q2/1N2QP2/PPP4P/R4R1K w - - 1 20,f6f4
30,johnd198,EulerE,1094,1175,2kr3r/p1p2ppp/1p4b1/3Pp1P1/2P2Q2/1N3P2/PPP4P/R4R1K b - - 0 20,e3f4
30,johnd198,EulerE,1094,1175,2kr3r/p1p2ppp/1p4b1/3P2P1/2P2p2/1N3P2/PPP4P/R4R1K w - - 0 21,e5f4
30,johnd198,EulerE,1094,1175,2kr3r/p1p2ppp/1p4b1/3P2P1/2PN1p2/5P2/PPP4P/R4R1K b - - 1 21,b3d4
30,johnd198,EulerE,1094,1175,3r3r/pkp2ppp/1p4b1/3P2P1/2PN1p2/5P2/PPP4P/R4R1K w - - 2 22,c8b7
30,johnd198,EulerE,1094,1175,3r3r/pkp2ppp/1pN3b1/3P2P1/2P2p2/5P2/PPP4P/R4R1K b - - 3 22,d4c6
30,johnd198,EulerE,1094,1175,7r/pkp2ppp/1pNr2b1/3P2P1/2P2p2/5P2/PPP4P/R4R1K w - - 4 23,d8d6
30,johnd198,EulerE,1094,1175,7r/pkp2ppp/1pNr2b1/3P2P1/P1P2p2/5P2/1PP4P/R4R1K b - - 0 23,a2a4
30,johnd198,EulerE,1094,1175,7r/1kp2ppp/1pNr2b1/p2P2P1/P1P2p2/5P2/1PP4P/R4R1K w - - 0 24,a7a5
30,johnd198,EulerE,1094,1175,7r/1kp2ppp/1pNr2b1/p2P2P1/P1P2p2/2P2P2/1P5P/R4R1K b - - 0 24,c2c3
30,johnd198,EulerE,1094,1175,7r/1kp2ppp/1pNr4/p2P2P1/P1P2p2/2Pb1P2/1P5P/R4R1K w - - 1 25,g6d3
30,johnd198,EulerE,1094,1175,7r/1kp2ppp/1p1r4/p2PN1P1/P1P2p2/2Pb1P2/1P5P/R4R1K b - - 2 25,c6e5
30,johnd198,EulerE,1094,1175,7r/1kp2ppp/1p1r4/p2PN1P1/P1P2p2/2P2P2/1P5P/R4b1K w - - 0 26,d3f1
30,johnd198,EulerE,1094,1175,7r/1kp2Npp/1p1r4/p2P2P1/P1P2p2/2P2P2/1P5P/R4b1K b - - 0 26,e5f7
30,johnd198,EulerE,1094,1175,7r/1kp2Npp/1p1r4/p2P2P1/P1b2p2/2P2P2/1P5P/R6K w - - 0 27,f1c4
30,johnd198,EulerE,1094,1175,7N/1kp3pp/1p1r4/p2P2P1/P1b2p2/2P2P2/1P5P/R6K b - - 0 27,f7h8
30,johnd198,EulerE,1094,1175,7N/1kp3pp/1p1r4/p2b2P1/P4p2/2P2P2/1P5P/R6K w - - 0 28,c4d5
30,johnd198,EulerE,1094,1175,7N/1kp3pp/1p1r4/p2b2P1/P4p2/2P2P2/1P5P/3R3K b - - 1 28,a1d1
30,johnd198,EulerE,1094,1175,7N/1kp3pp/1p1r4/p5P1/P4p2/2P2b2/1P5P/3R3K w - - 0 29,d5f3
31,EulerE,mega_guci,1185,1241,rnbqkbnr/pppppppp/8/8/3P4/8/PPP1PPPP/RNBQKBNR b KQkq - 0 1,d2d4
31,EulerE,mega_guci,1185,1241,rnbqkb1r/pppppppp/5n2/8/3P4/8/PPP1PPPP/RNBQKBNR w KQkq - 1 2,g8f6
31,EulerE,mega_guci,1185,1241,rnbqkb1r/pppppppp/5n2/8/2PP4/8/PP2PPPP/RNBQKBNR b KQkq - 0 2,c2c4
31,EulerE,mega_guci,1185,1241,rnbqkb1r/pppp1ppp/4pn2/8/2PP4/8/PP2PPPP/RNBQKBNR w KQkq - 0 3,e7e6
31,EulerE,mega_guci,1185,1241,rnbqkb1r/pppp1ppp/4pn2/8/2PP4/2N5/PP2PPPP/R1BQKBNR b KQkq - 1 3,b1c3
31,EulerE,mega_guci,1185,1241,rnbqkb1r/ppp2ppp/4pn2/3p4/2PP4/2N5/PP2PPPP/R1BQKBNR w KQkq - 0 4,d7d5
31,EulerE,mega_guci,1185,1241,rnbqkb1r/ppp2ppp/4pn2/3p2B1/2PP4/2N5/PP2PPPP/R2QKBNR b KQkq - 1 4,c1g5
31,EulerE,mega_guci,1185,1241,rnbqkb1r/ppp2ppp/4pn2/6B1/2pP4/2N5/PP2PPPP/R2QKBNR w KQkq - 0 5,d5c4
31,EulerE,mega_guci,1185,1241,rnbqkb1r/ppp2ppp/4pn2/6B1/2pPP3/2N5/PP3PPP/R2QKBNR b KQkq - 0 5,e2e4
31,EulerE,mega_guci,1185,1241,rnbqk2r/ppp2ppp/4pn2/6B1/1bpPP3/2N5/PP3PPP/R2QKBNR w KQkq - 1 6,f8b4
31,EulerE,mega_guci,1185,1241,rnbqk2r/ppp2ppp/4pn2/4P1B1/1bpP4/2N5/PP3PPP/R2QKBNR b KQkq - 0 6,e4e5
31,EulerE,mega_guci,1185,1241,rnbqk2r/ppp2pp1/4pn1p/4P1B1/1bpP4/2N5/PP3PPP/R2QKBNR w KQkq - 0 7,h7h6
31,EulerE,mega_guci,1185,1241,rnbqk2r/ppp2pp1/4pn1p/4P3/1bpP3B/2N5/PP3PPP/R2QKBNR b KQkq - 1 7,g5h4
31,EulerE,mega_guci,1185,1241,rnbqk2r/ppp2p2/4pn1p/4P1p1/1bpP3B/2N5/PP3PPP/R2QKBNR w KQkq - 0 8,g7g5
31,EulerE,mega_guci,1185,1241,rnbqk2r/ppp2p2/4pP1p/6p1/1bpP3B/2N5/PP3PPP/R2QKBNR b KQkq - 0 8,e5f6
31,EulerE,mega_guci,1185,1241,rnbqk2r/ppp2p2/4pP1p/8/1bpP3p/2N5/PP3PPP/R2QKBNR w KQkq - 0 9,g5h4
31,EulerE,mega_guci,1185,1241,rnbqk2r/ppp2p2/4pP1p/8/1bpP3p/2N2Q2/PP3PPP/R3KBNR b KQkq - 1 9,d1f3
31,EulerE,mega_guci,1185,1241,r1bqk2r/ppp2p2/2n1pP1p/8/1bpP3p/2N2Q2/PP3PPP/R3KBNR w KQkq - 2 10,b8c6
31,EulerE,mega_guci,1185,1241,r1bqk2r/ppp2p2/2n1pP1p/8/1bBP3p/2N2Q2/PP3PPP/R3K1NR b KQkq - 0 10,f1c4
31,EulerE,mega_guci,1185,1241,r1b1k2r/ppp2p2/2n1pP1p/8/1bBq3p/2N2Q2/PP3PPP/R3K1NR w KQkq - 0 11,d8d4
31,EulerE,mega_guci,1185,1241,r1b1k2r/ppp2p2/2n1pP1p/8/1bBq3p/2NQ4/PP3PPP/R3K1NR b KQkq - 1 11,f3d3
31,EulerE,mega_guci,1185,1241,r1b1k2r/ppp2p2/2n1pP1p/2q5/1bB4p/2NQ4/PP3PPP/R3K1NR w KQkq - 2 12,d4c5
31,EulerE,mega_guci,1185,1241,r1b1k2r/ppp2p2/2n1pP1p/2q5/1bB4p/P1NQ4/1P3PPP/R3K1NR b KQkq - 0 12,a2a3
31,EulerE,mega_guci,1185,1241,r1b1k2r/ppp2p2/2n1pP1p/2q5/2B4p/P1bQ4/1P3PPP/R3K1NR w KQkq - 0 13,b4c3
31,EulerE,mega_guci,1185,1241,r1b1k2r/ppp2p2/2n1pP1p/2q5/2B4p/P1Q5/1P3PPP/R3K1NR b KQkq - 0 13,d3c3
31,EulerE,mega_guci,1185,1241,r1b1k2r/ppp2p2/2n2P1p/2q1p3/2B4p/P1Q5/1P3PPP/R3K1NR w KQkq - 0 14,e6e5
31,EulerE,mega_guci,1185,1241,r1b1k2r/ppp2p2/2n2P1p/2q1p3/2B4p/P1Q2N2/1P3PPP/R3K2R b KQkq - 1 14,g1f3
31,EulerE,mega_guci,1185,1241,r3k2r/ppp2p2/2n2P1p/2q1pb2/2B4p/P1Q2N2/1P3PPP/R3K2R w KQkq - 2 15,c8f5
31,EulerE,mega_guci,1185,1241,r3k2r/ppp2p2/2n2P1p/2q1pb2/2B4N/P1Q5/1P3PPP/R3K2R b KQkq - 0 15,f3h4
31,EulerE,mega_guci,1185,1241,r3k2r/ppp2p1b/2n2P1p/2q1p3/2B4N/P1Q5/1P3PPP/R3K2R w KQkq - 1 16,f5h7
31,EulerE,mega_guci,1185,1241,r3k2r/ppp2p1b/2n2P1p/2q1p3/2B4N/P1Q5/1P3PPP/R4RK1 b kq - 2 16,e1g1
31,EulerE,mega_guci,1185,1241,r3k2r/ppp2p1b/1qn2P1p/4p3/2B4N/P1Q5/1P3PPP/R4RK1 w kq - 3 17,c5b6
31,EulerE,mega_guci,1185,1241,r3k2r/ppp2p1b/1qn2P1p/4p3/2B5/P1Q2N2/1P3PPP/R4RK1 b kq - 4 17,h4f3
31,EulerE,mega_guci,1185,1241,2kr3r/ppp2p1b/1qn2P1p/4p3/2B5/P1Q2N2/1P3PPP/R4RK1 w - - 5 18,e8c8
31,EulerE,mega_guci,1185,1241,2kr3r/ppp2p1b/1qn2P1p/4p3/2B5/P1Q2N2/1P3PPP/R2R2K1 b - - 6 18,f1d1
31,EulerE,mega_guci,1185,1241,2k4r/ppp2p1b/1qn2P1p/4p3/2B5/P1Q2N2/1P3PPP/R2r2K1 w - - 0 19,d8d1
31,EulerE,mega_guci,1185,1241,2k4r/ppp2p1b/1qn2P1p/4p3/2B5/P1Q2N2/1P3PPP/3R2K1 b - - 0 19,a1d1
31,EulerE,mega_guci,1185,1241,2k3r1/ppp2p1b/1qn2P1p/4p3/2B5/P1Q2N2/1P3PPP/3R2K1 w - - 1 20,h8g8
31,EulerE,mega_guci,1185,1241,2k3r1/ppp2B1b/1qn2P1p/4p3/8/P1Q2N2/1P3PPP/3R2K1 b - - 0 20,c4f7
31,EulerE,mega_guci,1185,1241,2k2r2/ppp2B1b/1qn2P1p/4p3/8/P1Q2N2/1P3PPP/3R2K1 w - - 1 21,g8f8
31,EulerE,mega_guci,1185,1241,2k2r2/ppp4b/1qn1BP1p/4p3/8/P1Q2N2/1P3PPP/3R2K1 b - - 2 21,f7e6
31,EulerE,mega_guci,1185,1241,1k3r2/ppp4b/1qn1BP1p/4p3/8/P1Q2N2/1P3PPP/3R2K1 w - - 3 22,c8b8
31,EulerE,mega_guci,1185,1241,1k3r2/ppp4b/1qn1BP1p/4N3/8/P1Q5/1P3PPP/3R2K1 b - - 0 22,f3e5
31,EulerE,mega_guci,1185,1241,1k3r2/ppp4b/1q2BP1p/4n3/8/P1Q5/1P3PPP/3R2K1 w - - 0 23,c6e5
31,EulerE,mega_guci,1185,1241,1k3r2/ppp4b/1q2BP1p/4Q3/8/P7/1P3PPP/3R2K1 b - - 0 23,c3e5
31,EulerE,mega_guci,1185,1241,1k3r2/1pp4b/pq2BP1p/4Q3/8/P7/1P3PPP/3R2K1 w - - 0 24,a7a6
31,EulerE,mega_guci,1185,1241,1k3r2/1pp2P1b/pq2B2p/4Q3/8/P7/1P3PPP/3R2K1 b - - 0 24,f6f7
31,EulerE,mega_guci,1185,1241,1k3r2/1pp2P2/pq2B1bp/4Q3/8/P7/1P3PPP/3R2K1 w - - 1 25,h7g6
31,EulerE,mega_guci,1185,1241,1k3r2/1pp2PQ1/pq2B1bp/8/8/P7/1P3PPP/3R2K1 b - - 2 25,e5g7
31,EulerE,mega_guci,1185,1241,1k3r2/1pp2PQ1/p3q1bp/8/8/P7/1P3PPP/3R2K1 w - - 0 26,b6e6
31,EulerE,mega_guci,1185,1241,1k3Q2/1pp2P2/p3q1bp/8/8/P7/1P3PPP/3R2K1 b - - 0 26,g7f8
31,EulerE,mega_guci,1185,1241,5Q2/kpp2P2/p3q1bp/8/8/P7/1P3PPP/3R2K1 w - - 1 27,b8a7
31,EulerE,mega_guci,1185,1241,8/kpp2P2/p3q1bp/2Q5/8/P7/1P3PPP/3R2K1 b - - 2 27,f8c5
31,EulerE,mega_guci,1185,1241,8/k1p2P2/pp2q1bp/2Q5/8/P7/1P3PPP/3R2K1 w - - 0 28,b7b6
31,EulerE,mega_guci,1185,1241,8/k1Q2P2/pp2q1bp/8/8/P7/1P3PPP/3R2K1 b - - 0 28,c5c7
31,EulerE,mega_guci,1185,1241,k7/2Q2P2/pp2q1bp/8/8/P7/1P3PPP/3R2K1 w - - 1 29,a7a8
31,EulerE,mega_guci,1185,1241,k4Q2/2Q5/pp2q1bp/8/8/P7/1P3PPP/3R2K1 b - - 0 29,f7f8q
31,EulerE,mega_guci,1185,1241,k3bQ2/2Q5/pp2q2p/8/8/P7/1P3PPP/3R2K1 w - - 1 30,g6e8
31,EulerE,mega_guci,1185,1241,k2RbQ2/2Q5/pp2q2p/8/8/P7/1P3PPP/6K1 b - - 2 30,d1d8
31,EulerE,mega_guci,1185,1241,k1qRbQ2/2Q5/pp5p/8/8/P7/1P3PPP/6K1 w - - 3 31,e6c8
31,EulerE,mega_guci,1185,1241,k1R1bQ2/2Q5/pp5p/8/8/P7/1P3PPP/6K1 b - - 0 31,d8c8
32,EulerE,RahimVafaei,1194,1207,rnbqkbnr/pppppppp/8/8/3P4/8/PPP1PPPP/RNBQKBNR b KQkq - 0 1,d2d4
32,EulerE,RahimVafaei,1194,1207,rnbqkbnr/ppp1pppp/8/3p4/3P4/8/PPP1PPPP/RNBQKBNR w KQkq - 0 2,d7d5
32,EulerE,RahimVafaei,1194,1207,rnbqkbnr/ppp1pppp/8/3p4/2PP4/8/PP2PPPP/RNBQKBNR b KQkq - 0 2,c2c4
32,EulerE,RahimVafaei,1194,1207,rnbqkbnr/ppp1pppp/8/8/2pP4/8/PP2PPPP/RNBQKBNR w KQkq - 0 3,d5c4
32,EulerE,RahimVafaei,1194,1207,rnbqkbnr/ppp1pppp/8/8/2pPP3/8/PP3PPP/RNBQKBNR b KQkq - 0 3,e2e4
32,EulerE,RahimVafaei,1194,1207,rnbqkbnr/pp2pppp/8/2p5/2pPP3/8/PP3PPP/RNBQKBNR w KQkq - 0 4,c7c5
32,EulerE,RahimVafaei,1194,1207,rnbqkbnr/pp2pppp/8/2p5/2pPP3/5N2/PP3PPP/RNBQKB1R b KQkq - 1 4,g1f3
32,EulerE,RahimVafaei,1194,1207,rnbqkbnr/pp2pppp/8/8/2ppP3/5N2/PP3PPP/RNBQKB1R w KQkq - 0 5,c5d4
32,EulerE,RahimVafaei,1194,1207,rnbqkbnr/pp2pppp/8/8/2pNP3/8/PP3PPP/RNBQKB1R b KQkq - 0 5,f3d4
32,EulerE,RahimVafaei,1194,1207,rnbqkbnr/pp3ppp/8/4p3/2pNP3/8/PP3PPP/RNBQKB1R w KQkq - 0 6,e7e5
32,EulerE,RahimVafaei,1194,1207,rnbqkbnr/pp3ppp/8/4p3/2p1P3/5N2/PP3PPP/RNBQKB1R b KQkq - 1 6,d4f3
32,EulerE,RahimVafaei,1194,1207,rnb1kbnr/pp3ppp/8/4p3/2p1P3/5N2/PP3PPP/RNBqKB1R w KQkq - 0 7,d8d1
32,EulerE,RahimVafaei,1194,1207,rnb1kbnr/pp3ppp/8/4p3/2p1P3/5N2/PP3PPP/RNBK1B1R b kq - 0 7,e1d1
32,EulerE,RahimVafaei,1194,1207,rnb1kbnr/p4ppp/8/1p2p3/2p1P3/5N2/PP3PPP/RNBK1B1R w kq - 0 8,b7b5
32,EulerE,RahimVafaei,1194,1207,rnb1kbnr/p4ppp/8/1p2p3/2p1P3/2N2N2/PP3PPP/R1BK1B1R b kq - 1 8,b1c3
32,EulerE,RahimVafaei,1194,1207,rn2kbnr/p4ppp/8/1p2p3/2p1P1b1/2N2N2/PP3PPP/R1BK1B1R w kq - 2 9,c8g4
32,EulerE,RahimVafaei,1194,1207,rn2kbnr/p4ppp/8/1p2p3/2p1P1b1/2N2N2/PP2BPPP/R1BK3R b kq - 3 9,f1e2
32,EulerE,RahimVafaei,1194,1207,rn2kbnr/p4ppp/8/1p2p3/2p1P3/2N2b2/PP2BPPP/R1BK3R w kq - 0 10,g4f3
32,EulerE,RahimVafaei,1194,1207,rn2kbnr/p4ppp/8/1p2p3/2p1P3/2N2B2/PP3PPP/R1BK3R b kq - 0 10,e2f3
32,EulerE,RahimVafaei,1194,1207,rn2kbnr/5ppp/p7/1p2p3/2p1P3/2N2B2/PP3PPP/R1BK3R w kq - 0 11,a7a6
32,EulerE,RahimVafaei,1194,1207,rn2kbnr/5ppp/p7/1p2p3/2p1P3/2N2B2/PP2KPPP/R1B4R b kq - 1 11,d1e2
32,EulerE,RahimVafaei,1194,1207,rn2k1nr/5ppp/p7/1pb1p3/2p1P3/2N2B2/PP2KPPP/R1B4R w kq - 2 12,f8c5
32,EulerE,RahimVafaei,1194,1207,rn2k1nr/5ppp/p7/1pb1p3/2p1P3/2N2B2/PP2KPPP/R1BR4 b kq - 3 12,h1d1
32,EulerE,RahimVafaei,1194,1207,rn2k2r/4nppp/p7/1pb1p3/2p1P3/2N2B2/PP2KPPP/R1BR4 w kq - 4 13,g8e7
32,EulerE,RahimVafaei,1194,1207,rn2k2r/4nppp/p7/1pbNp3/2p1P3/5B2/PP2KPPP/R1BR4 b kq - 5 13,c3d5
32,EulerE,RahimVafaei,1194,1207,rn2k2r/5ppp/p7/1pbnp3/2p1P3/5B2/PP2KPPP/R1BR4 w kq - 0 14,e7d5
32,EulerE,RahimVafaei,1194,1207,rn2k2r/5ppp/p7/1pbPp3/2p5/5B2/PP2KPPP/R1BR4 b kq - 0 14,e4d5
32,EulerE,RahimVafaei,1194,1207,rn3rk1/5ppp/p7/1pbPp3/2p5/5B2/PP2KPPP/R1BR4 w - - 1 15,e8g8
32,EulerE,RahimVafaei,1194,1207,rn3rk1/5ppp/p7/1pbPp3/2p5/5B2/PP1BKPPP/R2R4 b - - 2 15,c1d2
32,EulerE,RahimVafaei,1194,1207,rn2r1k1/5ppp/p7/1pbPp3/2p5/5B2/PP1BKPPP/R2R4 w - - 3 16,f8e8
32,EulerE,RahimVafaei,1194,1207,rn2r1k1/5ppp/p7/1pbPp3/2p5/5B2/PP1B1PPP/R2R1K2 b - - 4 16,e2f1
32,EulerE,RahimVafaei,1194,1207,r3r1k1/3n1ppp/p7/1pbPp3/2p5/5B2/PP1B1PPP/R2R1K2 w - - 5 17,b8d7
32,EulerE,RahimVafaei,1194,1207,r3r1k1/3n1ppp/p7/1pbPp3/1Pp5/5B2/P2B1PPP/R2R1K2 b - b3 0 17,b2b4
32,EulerE,RahimVafaei,1194,1207,r3r1k1/3n1ppp/p7/1p1Pp3/1Ppb4/5B2/P2B1PPP/R2R1K2 w - - 1 18,c5d4
32,EulerE,RahimVafaei,1194,1207,r3r1k1/3n1ppp/p7/1p1Pp3/1Ppb4/5B2/P2B1PPP/1R1R1K2 b - - 2 18,a1b1
32,EulerE,RahimVafaei,1194,1207,r3r1k1/3n1ppp/8/pp1Pp3/1Ppb4/5B2/P2B1PPP/1R1R1K2 w - - 0 19,a6a5
32,EulerE,RahimVafaei,1194,1207,r3r1k1/3n1ppp/8/Pp1Pp3/2pb4/5B2/P2B1PPP/1R1R1K2 b - - 0 19,b4a5
32,EulerE,RahimVafaei,1194,1207,4r1k1/3n1ppp/8/rp1Pp3/2pb4/5B2/P2B1PPP/1R1R1K2 w - - 0 20,a8a5
32,EulerE,RahimVafaei,1194,1207,4r1k1/3n1ppp/8/Bp1Pp3/2pb4/5B2/P4PPP/1R1R1K2 b - - 0 20,d2a5
32,EulerE,RahimVafaei,1194,1207,r5k1/3n1ppp/8/Bp1Pp3/2pb4/5B2/P4PPP/1R1R1K2 w - - 1 21,e8a8
32,EulerE,RahimVafaei,1194,1207,r5k1/3n1ppp/8/Bp1Pp3/2pR4/5B2/P4PPP/1R3K2 b - - 0 21,d1d4
32,EulerE,RahimVafaei,1194,1207,r5k1/3n1ppp/8/Bp1P4/2pp4/5B2/P4PPP/1R3K2 w - - 0 22,e5d4
32,EulerE,RahimVafaei,1194,1207,r5k1/3n1ppp/8/Bp1P4/2pp4/5B2/P4PPP/4RK2 b - - 1 22,b1e1
32,EulerE,RahimVafaei,1194,1207,r5k1/3n1p1p/6p1/Bp1P4/2pp4/5B2/P4PPP/4RK2 w - - 0 23,g7g6
32,EulerE,RahimVafaei,1194,1207,r5k1/3n1p1p/6p1/1p1P4/1Bpp4/5B2/P4PPP/4RK2 b - - 1 23,a5b4
32,EulerE,RahimVafaei,1194,1207,6k1/3n1p1p/6p1/1p1P4/1Bpp4/5B2/r4PPP/4RK2 w - - 0 24,a8a2
32,EulerE,RahimVafaei,1194,1207,6k1/3n1p1p/6p1/1p1P4/1Bpp2B1/8/r4PPP/4RK2 b - - 1 24,f3g4
32,EulerE,RahimVafaei,1194,1207,6k1/5p1p/5np1/1p1P4/1Bpp2B1/8/r4PPP/4RK2 w - - 2 25,d7f6
32,EulerE,RahimVafaei,1194,1207,6k1/5p1p/5np1/1p1P4/1Bpp4/5B2/r4PPP/4RK2 b - - 3 25,g4f3
32,EulerE,RahimVafaei,1194,1207,6k1/5p1p/5np1/1p1P4/1B1p4/2p2B2/r4PPP/4RK2 w - - 0 26,c4c3
32,EulerE,RahimVafaei,1194,1207,6k1/5p1p/5np1/1p1P4/1B1p4/2p2B2/r4PPP/3R1K2 b - - 1 26,e1d1
32,EulerE,RahimVafaei,1194,1207,6k1/5p1p/5np1/1p1P4/1B1p4/5B2/r1p2PPP/3R1K2 w - - 0 27,c3c2
32,EulerE,RahimVafaei,1194,1207,6k1/5p1p/5np1/1p1P4/1B1p4/5B2/r1p2PPP/2R2K2 b - - 1 27,d1c1
32,EulerE,RahimVafaei,1194,1207,6k1/5p1p/5np1/1p1P4/1B1p4/5B2/1rp2PPP/2R2K2 w - - 2 28,a2b2
32,EulerE,RahimVafaei,1194,1207,6k1/5p1p/5np1/1p1P4/3p4/5B2/1rpB1PPP/2R2K2 b - - 3 28,b4d2
32,EulerE,RahimVafaei,1194,1207,6k1/5p1p/5np1/1p1P4/3p4/5B2/2pB1PPP/1rR2K2 w - - 4 29,b2b1
32,EulerE,RahimVafaei,1194,1207,6k1/5p1p/5np1/1p1P4/3p4/5B2/2pBKPPP/1rR5 b - - 5 29,f1e2
32,EulerE,RahimVafaei,1194,1207,6k1/5p1p/5np1/1p1P4/3p4/5B2/2pBKPPP/2r5 w - - 0 30,b1c1
32,EulerE,RahimVafaei,1194,1207,6k1/5p1p/5np1/1p1P4/3p4/5B2/2p1KPPP/2B5 b - - 0 30,d2c1
32,EulerE,RahimVafaei,1194,1207,6k1/5p1p/5np1/3P4/1p1p4/5B2/2p1KPPP/2B5 w - - 0 31,b5b4
32,EulerE,RahimVafaei,1194,1207,6k1/5p1p/5np1/3P4/1p1p4/3K1B2/2p2PPP/2B5 b - - 1 31,e2d3
32,EulerE,RahimVafaei,1194,1207,6k1/5p1p/5np1/3P4/3p4/1p1K1B2/2p2PPP/2B5 w - - 0 32,b4b3
32,EulerE,RahimVafaei,1194,1207,6k1/5p1p/5np1/3P4/3K4/1p3B2/2p2PPP/2B5 b - - 0 32,d3d4
32,EulerE,RahimVafaei,1194,1207,6k1/5p1p/5np1/3P4/3K4/5B2/1pp2PPP/2B5 w - - 0 33,b3b2
32,EulerE,RahimVafaei,1194,1207,6k1/5p1p/5np1/3P4/3K4/5B2/1Bp2PPP/8 b - - 0 33,c1b2
32,EulerE,RahimVafaei,1194,1207,6k1/5p1p/5n2/3P2p1/3K4/5B2/1Bp2PPP/8 w - - 0 34,g6g5
32,EulerE,RahimVafaei,1194,1207,6k1/5p1p/5n2/3P2p1/8/2K2B2/1Bp2PPP/8 b - - 1 34,d4c3
32,EulerE,RahimVafaei,1194,1207,6k1/5p1p/5n2/3P4/6p1/2K2B2/1Bp2PPP/8 w - - 0 35,g5g4
32,EulerE,RahimVafaei,1194,1207,6k1/5p1p/5n2/3P4/6p1/2K5/1Bp1BPPP/8 b - - 1 35,f3e2
32,EulerE,RahimVafaei,1194,1207,6k1/5p1p/8/3n4/6p1/2K5/1Bp1BPPP/8 w - - 0 36,f6d5
32,EulerE,RahimVafaei,1194,1207,6k1/5p1p/8/3n4/6p1/8/1BK1BPPP/8 b - - 0 36,c3c2
32,EulerE,RahimVafaei,1194,1207,6k1/7p/8/3n1p2/6p1/8/1BK1BPPP/8 w - - 0 37,f7f5
32,EulerE,RahimVafaei,1194,1207,6k1/7p/8/3n1p2/2B3p1/8/1BK2PPP/8 b - - 1 37,e2c4
32,EulerE,RahimVafaei,1194,1207,8/5k1p/8/3n1p2/2B3p1/8/1BK2PPP/8 w - - 2 38,g8f7
32,EulerE,RahimVafaei,1194,1207,8/5k1p/8/3B1p2/6p1/8/1BK2PPP/8 b - - 0 38,c4d5
32,EulerE,RahimVafaei,1194,1207,8/4k2p/8/3B1p2/6p1/8/1BK2PPP/8 w - - 1 39,f7e7
32,EulerE,RahimVafaei,1194,1207,8/4k2p/8/3B1p2/6p1/3K4/1B3PPP/8 b - - 2 39,c2d3
32,EulerE,RahimVafaei,1194,1207,8/7p/3k4/3B1p2/6p1/3K4/1B3PPP/8 w - - 3 40,e7d6
32,EulerE,RahimVafaei,1194,1207,6B1/7p/3k4/5p2/6p1/3K4/1B3PPP/8 b - - 4 40,d5g8
32,EulerE,RahimVafaei,1194,1207,6B1/8/3k4/5p1p/6p1/3K4/1B3PPP/8 w - - 0 41,h7h5
32,EulerE,RahimVafaei,1194,1207,6B1/8/3k4/5p1p/6p1/4K3/1B3PPP/8 b - - 1 41,d3e3
32,EulerE,RahimVafaei,1194,1207,6B1/8/8/2k2p1p/6p1/4K3/1B3PPP/8 w - - 2 42,d6c5
32,EulerE,RahimVafaei,1194,1207,6B1/8/8/2k2p1p/5Kp1/8/1B3PPP/8 b - - 3 42,e3f4
32,EulerE,RahimVafaei,1194,1207,6B1/8/8/2k2p2/5Kpp/8/1B3PPP/8 w - - 0 43,h5h4
32,EulerE,RahimVafaei,1194,1207,6B1/8/8/2k2K2/6pp/8/1B3PPP/8 b - - 0 43,f4f5
32,EulerE,RahimVafaei,1194,1207,6B1/8/3k4/5K2/6pp/8/1B3PPP/8 w - - 1 44,c5d6
32,EulerE,RahimVafaei,1194,1207,6B1/8/3k4/8/6Kp/8/1B3PPP/8 b - - 0 44,f5g4
32,EulerE,RahimVafaei,1194,1207,6B1/8/3k4/8/6K1/7p/1B3PPP/8 w - - 0 45,h4h3
32,EulerE,RahimVafaei,1194,1207,6B1/8/3k4/8/8/7K/1B3PPP/8 b - - 0 45,g4h3
32,EulerE,RahimVafaei,1194,1207,6B1/8/8/2k5/8/7K/1B3PPP/8 w - - 1 46,d6c5
32,EulerE,RahimVafaei,1194,1207,6B1/8/8/2k5/6P1/7K/1B3P1P/8 b - - 0 46,g2g4
32,EulerE,RahimVafaei,1194,1207,6B1/8/8/8/1k4P1/7K/1B3P1P/8 w - - 1 47,c5b4
32,EulerE,RahimVafaei,1194,1207,6B1/8/8/8/1k3PP1/7K/1B5P/8 b - - 0 47,f2f4
32,EulerE,RahimVafaei,1194,1207,6B1/8/8/2k5/5PP1/7K/1B5P/8 w - - 1 48,b4c5
32,EulerE,RahimVafaei,1194,1207,6B1/8/8/2k2P2/6P1/7K/1B5P/8 b - - 0 48,f4f5
32,EulerE,RahimVafaei,1194,1207,6B1/8/3k4/5P2/6P1/7K/1B5P/8 w - - 1 49,c5d6
32,EulerE,RahimVafaei,1194,1207,6B1/8/3k1P2/8/6P1/7K/1B5P/8 b - - 0 49,f5f6
32,EulerE,RahimVafaei,1194,1207,6B1/3k4/5P2/8/6P1/7K/1B5P/8 w - - 1 50,d6d7
32,EulerE,RahimVafaei,1194,1207,6B1/3k1P2/8/8/6P1/7K/1B5P/8 b - - 0 50,f6f7
32,EulerE,RahimVafaei,1194,1207,6B1/2k2P2/8/8/6P1/7K/1B5P/8 w - - 1 51,d7c7
32,EulerE,RahimVafaei,1194,1207,5QB1/2k5/8/8/6P1/7K/1B5P/8 b - - 0 51,f7f8q
32,EulerE,RahimVafaei,1194,1207,5QB1/8/2k5/8/6P1/7K/1B5P/8 w - - 1 52,c7c6
32,EulerE,RahimVafaei,1194,1207,6B1/8/2k2Q2/8/6P1/7K/1B5P/8 b - - 2 52,f8f6
32,EulerE,RahimVafaei,1194,1207,6B1/8/5Q2/2k5/6P1/7K/1B5P/8 w - - 3 53,c6c5
32,EulerE,RahimVafaei,1194,1207,6B1/8/8/2k5/3Q2P1/7K/1B5P/8 b - - 4 53,f6d4
32,EulerE,RahimVafaei,1194,1207,6B1/8/2k5/8/3Q2P1/7K/1B5P/8 w - - 5 54,c5c6
32,EulerE,RahimVafaei,1194,1207,8/8/2k5/3B4/3Q2P1/7K/1B5P/8 b - - 6 54,g8d5
32,EulerE,RahimVafaei,1194,1207,8/8/8/1k1B4/3Q2P1/7K/1B5P/8 w - - 7 55,c6b5
32,EulerE,RahimVafaei,1194,1207,8/8/8/1k1B2P1/3Q4/7K/1B5P/8 b - - 0 55,g4g5
32,EulerE,RahimVafaei,1194,1207,8/8/8/k2B2P1/3Q4/7K/1B5P/8 w - - 1 56,b5a5
32,EulerE,RahimVafaei,1194,1207,8/8/6P1/k2B4/3Q4/7K/1B5P/8 b - - 0 56,g5g6
32,EulerE,RahimVafaei,1194,1207,8/8/k5P1/3B4/3Q4/7K/1B5P/8 w - - 1 57,a5a6
32,EulerE,RahimVafaei,1194,1207,8/6P1/k7/3B4/3Q4/7K/1B5P/8 b - - 0 57,g6g7
32,EulerE,RahimVafaei,1194,1207,8/6P1/8/1k1B4/3Q4/7K/1B5P/8 w - - 1 58,a6b5
32,EulerE,RahimVafaei,1194,1207,6Q1/8/8/1k1B4/3Q4/7K/1B5P/8 b - - 0 58,g7g8q
32,EulerE,RahimVafaei,1194,1207,6Q1/8/8/k2B4/3Q4/7K/1B5P/8 w - - 1 59,b5a5
32,EulerE,RahimVafaei,1194,1207,Q7/8/8/k2B4/3Q4/7K/1B5P/8 b - - 2 59,g8a8
32,EulerE,RahimVafaei,1194,1207,Q7/8/8/1k1B4/3Q4/7K/1B5P/8 w - - 3 60,a5b5
32,EulerE,RahimVafaei,1194,1207,Q7/8/8/1k1B4/Q7/7K/1B5P/8 b - - 4 60,d4a4
32,EulerE,RahimVafaei,1194,1207,Q7/8/8/2kB4/Q7/7K/1B5P/8 w - - 5 61,b5c5
32,EulerE,RahimVafaei,1194,1207,8/8/8/Q1kB4/Q7/7K/1B5P/8 b - - 6 61,a8a5
32,EulerE,RahimVafaei,1194,1207,8/8/3k4/Q2B4/Q7/7K/1B5P/8 w - - 7 62,c5d6
32,EulerE,RahimVafaei,1194,1207,8/8/2Qk4/Q2B4/8/7K/1B5P/8 b - - 8 62,a4c6
32,EulerE,RahimVafaei,1194,1207,8/4k3/2Q5/Q2B4/8/7K/1B5P/8 w - - 9 63,d6e7
32,EulerE,RahimVafaei,1194,1207,8/Q3k3/2Q5/3B4/8/7K/1B5P/8 b - - 10 63,a5a7
32,EulerE,RahimVafaei,1194,1207,3k4/Q7/2Q5/3B4/8/7K/1B5P/8 w - - 11 64,e7d8
32,EulerE,RahimVafaei,1194,1207,Q2k4/Q7/8/3B4/8/7K/1B5P/8 b - - 12 64,c6a8
33,khaldoon5555,EulerE,1107,1184,rnbqkbnr/pppppppp/8/8/8/1P6/P1PPPPPP/RNBQKBNR b KQkq - 0 1,b2b3
33,khaldoon5555,EulerE,1107,1184,rnbqkbnr/ppp1pppp/8/3p4/8/1P6/P1PPPPPP/RNBQKBNR w KQkq - 0 2,d7d5
33,khaldoon5555,EulerE,1107,1184,rnbqkbnr/ppp1pppp/8/3p4/8/1P6/PBPPPPPP/RN1QKBNR b KQkq - 1 2,c1b2
33,khaldoon5555,EulerE,1107,1184,r1bqkbnr/ppp1pppp/2n5/3p4/8/1P6/PBPPPPPP/RN1QKBNR w KQkq - 2 3,b8c6
33,khaldoon5555,EulerE,1107,1184,r1bqkbnr/ppp1pppp/2n5/3p4/8/1P4P1/PBPPPP1P/RN1QKBNR b KQkq - 0 3,g2g3
33,khaldoon5555,EulerE,1107,1184,r1bqkbnr/ppp2ppp/2n5/3pp3/8/1P4P1/PBPPPP1P/RN1QKBNR w KQkq - 0 4,e7e5
33,khaldoon5555,EulerE,1107,1184,r1bqkbnr/ppp2ppp/2n5/3pp3/8/1P4P1/PBPPPPBP/RN1QK1NR b KQkq - 1 4,f1g2
33,khaldoon5555,EulerE,1107,1184,r2qkbnr/ppp2ppp/2n5/3ppb2/8/1P4P1/PBPPPPBP/RN1QK1NR w KQkq - 2 5,c8f5
33,khaldoon5555,EulerE,1107,1184,r2qkbnr/ppp2ppp/2n5/3ppb2/8/1P2P1P1/PBPP1PBP/RN1QK1NR b KQkq - 0 5,e2e3
33,khaldoon5555,EulerE,1107,1184,r2qkbnr/ppp2ppp/2n5/3p1b2/4p3/1P2P1P1/PBPP1PBP/RN1QK1NR w KQkq - 0 6,e5e4
33,khaldoon5555,EulerE,1107,1184,r2qkbnr/ppp2ppp/2n5/3p1b2/4p3/1P2P1P1/PBPPNPBP/RN1QK2R b KQkq - 1 6,g1e2
33,khaldoon5555,EulerE,1107,1184,r2qk1nr/ppp2ppp/2nb4/3p1b2/4p3/1P2P1P1/PBPPNPBP/RN1QK2R w KQkq - 2 7,f8d6
33,khaldoon5555,EulerE,1107,1184,r2qk1nr/ppp2pBp/2nb4/3p1b2/4p3/1P2P1P1/P1PPNPBP/RN1QK2R b KQkq - 0 7,b2g7
34,Lequangminh2703,EulerE,1260,1178,rnbqkbnr/pppppppp/8/8/3P4/8/PPP1PPPP/RNBQKBNR b KQkq - 0 1,d2d4
34,Lequangminh2703,EulerE,1260,1178,rnbqkbnr/ppp1pppp/8/3p4/3P4/8/PPP1PPPP/RNBQKBNR w KQkq - 0 2,d7d5
34,Lequangminh2703,EulerE,1260,1178,rnbqkbnr/ppp1pppp/8/3p4/2PP4/8/PP2PPPP/RNBQKBNR b KQkq - 0 2,c2c4
34,Lequangminh2703,EulerE,1260,1178,rnbqkb1r/ppp1pppp/5n2/3p4/2PP4/8/PP2PPPP/RNBQKBNR w KQkq - 1 3,g8f6
34,Lequangminh2703,EulerE,1260,1178,rnbqkb1r/ppp1pppp/5n2/3p4/2PP4/2N5/PP2PPPP/R1BQKBNR b KQkq - 2 3,b1c3
34,Lequangminh2703,EulerE,1260,1178,rnbqkb1r/ppp2ppp/4pn2/3p4/2PP4/2N5/PP2PPPP/R1BQKBNR w KQkq - 0 4,e7e6
34,Lequangminh2703,EulerE,1260,1178,rnbqkb1r/ppp2ppp/4pn2/3p4/2PP4/P1N5/1P2PPPP/R1BQKBNR b KQkq - 0 4,a2a3
34,Lequangminh2703,EulerE,1260,1178,r1bqkb1r/ppp2ppp/2n1pn2/3p4/2PP4/P1N5/1P2PPPP/R1BQKBNR w KQkq - 1 5,b8c6
34,Lequangminh2703,EulerE,1260,1178,r1bqkb1r/ppp2ppp/2n1pn2/3p4/2PP4/P1N2N2/1P2PPPP/R1BQKB1R b KQkq - 2 5,g1f3
34,Lequangminh2703,EulerE,1260,1178,r1bqkb1r/p1p2ppp/1pn1pn2/3p4/2PP4/P1N2N2/1P2PPPP/R1BQKB1R w KQkq - 0 6,b7b6
34,Lequangminh2703,EulerE,1260,1178,r1bqkb1r/p1p2ppp/1pn1pn2/3p4/2PP1B2/P1N2N2/1P2PPPP/R2QKB1R b KQkq - 1 6,c1f4
34,Lequangminh2703,EulerE,1260,1178,r2qkb1r/pbp2ppp/1pn1pn2/3p4/2PP1B2/P1N2N2/1P2PPPP/R2QKB1R w KQkq - 2 7,c8b7
34,Lequangminh2703,EulerE,1260,1178,r2qkb1r/pbp2ppp/1pn1pn2/1N1p4/2PP1B2/P4N2/1P2PPPP/R2QKB1R b KQkq - 3 7,c3b5
34,Lequangminh2703,EulerE,1260,1178,r2qk2r/pbp2ppp/1pnbpn2/1N1p4/2PP1B2/P4N2/1P2PPPP/R2QKB1R w KQkq - 4 8,f8d6
34,Lequangminh2703,EulerE,1260,1178,r2qk2r/pbp2ppp/1pnNpn2/3p4/2PP1B2/P4N2/1P2PPPP/R2QKB1R b KQkq - 0 8,b5d6
34,Lequangminh2703,EulerE,1260,1178,r2qk2r/pb3ppp/1pnppn2/3p4/2PP1B2/P4N2/1P2PPPP/R2QKB1R w KQkq - 0 9,c7d6
34,Lequangminh2703,EulerE,1260,1178,r2qk2r/pb3ppp/1pnppn2/3p4/2PP1B2/P3PN2/1P3PPP/R2QKB1R b KQkq - 0 9,e2e3
34,Lequangminh2703,EulerE,1260,1178,r2qk2r/pb3ppp/1pnpp3/3p4/2PP1Bn1/P3PN2/1P3PPP/R2QKB1R w KQkq - 1 10,f6g4
34,Lequangminh2703,EulerE,1260,1178,r2qk2r/pb3ppp/1pnpp3/3p4/2PP1Bn1/P3PN1P/1P3PP1/R2QKB1R b KQkq - 0 10,h2h3
34,Lequangminh2703,EulerE,1260,1178,r2qk2r/pb3ppp/1pnp4/3pp3/2PP1Bn1/P3PN1P/1P3PP1/R2QKB1R w KQkq - 0 11,e6e5
34,Lequangminh2703,EulerE,1260,1178,r2qk2r/pb3ppp/1pnp4/3pP3/2P2Bn1/P3PN1P/1P3PP1/R2QKB1R b KQkq - 0 11,d4e5
34,Lequangminh2703,EulerE,1260,1178,r2qk2r/pb3ppp/1pn5/3pp3/2P2Bn1/P3PN1P/1P3PP1/R2QKB1R w KQkq - 0 12,d6e5
34,Lequangminh2703,EulerE,1260,1178,r2qk2r/pb3ppp/1pn5/3Pp3/5Bn1/P3PN1P/1P3PP1/R2QKB1R b KQkq - 0 12,c4d5
34,Lequangminh2703,EulerE,1260,1178,r2qk2r/pb3ppp/1pn5/3P4/5pn1/P3PN1P/1P3PP1/R2QKB1R w KQkq - 0 13,e5f4
34,Lequangminh2703,EulerE,1260,1178,r2qk2r/pb3ppp/1pP5/8/5pn1/P3PN1P/1P3PP1/R2QKB1R b KQkq - 0 13,d5c6
34,Lequangminh2703,EulerE,1260,1178,r3k2r/pb3ppp/1pP5/8/5pn1/P3PN1P/1P3PP1/R2qKB1R w KQkq - 0 14,d8d1
34,Lequangminh2703,EulerE,1260,1178,r3k2r/pb3ppp/1pP5/8/5pn1/P3PN1P/1P3PP1/3RKB1R b Kkq - 0 14,a1d1
34,Lequangminh2703,EulerE,1260,1178,r3k2r/p4ppp/1pb5/8/5pn1/P3PN1P/1P3PP1/3RKB1R w Kkq - 0 15,b7c6
34,Lequangminh2703,EulerE,1260,1178,r3k2r/p4ppp/1pb5/8/5pP1/P3PN2/1P3PP1/3RKB1R b Kkq - 0 15,h3g4
34,Lequangminh2703,EulerE,1260,1178,r3k2r/p4ppp/1pb5/8/6P1/P3pN2/1P3PP1/3RKB1R w Kkq - 0 16,f4e3
34,Lequangminh2703,EulerE,1260,1178,r3k2r/p4ppp/1pb5/8/6P1/P3PN2/1P4P1/3RKB1R b Kkq - 0 16,f2e3
34,Lequangminh2703,EulerE,1260,1178,r4rk1/p4ppp/1pb5/8/6P1/P3PN2/1P4P1/3RKB1R w K - 1 17,e8g8
34,Lequangminh2703,EulerE,1260,1178,r4rk1/p4ppp/1pb5/8/2B3P1/P3PN2/1P4P1/3RK2R b K - 2 17,f1c4
34,Lequangminh2703,EulerE,1260,1178,r4rk1/p4ppp/2b5/1p6/2B3P1/P3PN2/1P4P1/3RK2R w K - 0 18,b6b5
34,Lequangminh2703,EulerE,1260,1178,r4rk1/p4ppp/2b5/1p6/6P1/PB2PN2/1P4P1/3RK2R b K - 1 18,c4b3
34,Lequangminh2703,EulerE,1260,1178,r4r1k/p4ppp/2b5/1p6/6P1/PB2PN2/1P4P1/3RK2R w K - 2 19,g8h8
34,Lequangminh2703,EulerE,1260,1178,r4r1k/p4ppp/2b5/1p6/6P1/PB2PN2/1P4P1/3R1RK1 b - - 3 19,e1g1
34,Lequangminh2703,EulerE,1260,1178,r4r1k/p5pp/2b5/1p3p2/6P1/PB2PN2/1P4P1/3R1RK1 w - - 0 20,f7f5
34,Lequangminh2703,EulerE,1260,1178,r4r1k/p5pp/2b5/1p3P2/8/PB2PN2/1P4P1/3R1RK1 b - - 0 20,g4f5
34,Lequangminh2703,EulerE,1260,1178,r6k/p5pp/2b5/1p3r2/8/PB2PN2/1P4P1/3R1RK1 w - - 0 21,f8f5
34,Lequangminh2703,EulerE,1260,1178,r6k/p5pp/2b5/1p2Nr2/8/PB2P3/1P4P1/3R1RK1 b - - 1 21,f3e5
34,Lequangminh2703,EulerE,1260,1178,r6k/p5pp/2b5/1p2r3/8/PB2P3/1P4P1/3R1RK1 w - - 0 22,f5e5
34,Lequangminh2703,EulerE,1260,1178,r6k/p5pp/2bR4/1p2r3/8/PB2P3/1P4P1/5RK1 b - - 1 22,d1d6
34,Lequangminh2703,EulerE,1260,1178,r6k/pb4pp/3R4/1p2r3/8/PB2P3/1P4P1/5RK1 w - - 2 23,c6b7
34,Lequangminh2703,EulerE,1260,1178,r6k/pb4pp/3R4/1p2r3/8/PB2P3/1P4P1/3R2K1 b - - 3 23,f1d1
34,Lequangminh2703,EulerE,1260,1178,r3r2k/pb4pp/3R4/1p6/8/PB2P3/1P4P1/3R2K1 w - - 4 24,e5e8
34,Lequangminh2703,EulerE,1260,1178,r3r2k/pb3Bpp/3R4/1p6/8/P3P3/1P4P1/3R2K1 b - - 5 24,b3f7
34,Lequangminh2703,EulerE,1260,1178,r4r1k/pb3Bpp/3R4/1p6/8/P3P3/1P4P1/3R2K1 w - - 6 25,e8f8
34,Lequangminh2703,EulerE,1260,1178,r4r1k/pb4pp/3R4/1p1B4/8/P3P3/1P4P1/3R2K1 b - - 7 25,f7d5
34,Lequangminh2703,EulerE,1260,1178,r4r1k/p5pp/3R4/1p1b4/8/P3P3/1P4P1/3R2K1 w - - 0 26,b7d5
34,Lequangminh2703,EulerE,1260,1178,r4r1k/p5pp/3R4/1p1R4/8/P3P3/1P4P1/6K1 b - - 0 26,d1d5
34,Lequangminh2703,EulerE,1260,1178,r4r1k/6pp/p2R4/1p1R4/8/P3P3/1P4P1/6K1 w - - 0 27,a7a6
34,Lequangminh2703,EulerE,1260,1178,r4r1k/6pp/p2R4/1p1R4/4P3/P7/1P4P1/6K1 b - - 0 27,e3e4
34,Lequangminh2703,EulerE,1260,1178,r4r1k/6p1/p2R3p/1p1R4/4P3/P7/1P4P1/6K1 w - - 0 28,h7h6
34,Lequangminh2703,EulerE,1260,1178,r4r1k/6p1/p2R3p/1p1RP3/8/P7/1P4P1/6K1 b - - 0 28,e4e5
34,Lequangminh2703,EulerE,1260,1178,r1r4k/6p1/p2R3p/1p1RP3/8/P7/1P4P1/6K1 w - - 1 29,f8c8
34,Lequangminh2703,EulerE,1260,1178,r1r4k/6p1/p2RP2p/1p1R4/8/P7/1P4P1/6K1 b - - 0 29,e5e6
34,Lequangminh2703,EulerE,1260,1178,r6k/6p1/p2RP2p/1p1R4/8/P7/1P4P1/2r3K1 w - - 1 30,c8c1
34,Lequangminh2703,EulerE,1260,1178,r6k/6p1/p2RP2p/1p1R4/8/P7/1P4PK/2r5 b - - 2 30,g1h2
34,Lequangminh2703,EulerE,1260,1178,r6k/6p1/p2RP2p/1p1R4/8/P7/1P4PK/4r3 w - - 3 31,c1e1
34,Lequangminh2703,EulerE,1260,1178,r6k/6p1/p2RP2p/1p1R4/8/P5K1/1P4P1/4r3 b - - 4 31,h2g3
34,Lequangminh2703,EulerE,1260,1178,4r2k/6p1/p2RP2p/1p1R4/8/P5K1/1P4P1/4r3 w - - 5 32,a8e8
34,Lequangminh2703,EulerE,1260,1178,4r2k/6p1/R3P2p/1p1R4/8/P5K1/1P4P1/4r3 b - - 0 32,d6a6
34,Lequangminh2703,EulerE,1260,1178,4r2k/6p1/R3r2p/1p1R4/8/P5K1/1P4P1/8 w - - 0 33,e1e6
34,Lequangminh2703,EulerE,1260,1178,4r2k/6p1/4R2p/1p1R4/8/P5K1/1P4P1/8 b - - 0 33,a6e6
34,Lequangminh2703,EulerE,1260,1178,7k/6p1/4r2p/1p1R4/8/P5K1/1P4P1/8 w - - 0 34,e8e6
34,Lequangminh2703,EulerE,1260,1178,7k/6p1/4r2p/1p1R4/5K2/P7/1P4P1/8 b - - 1 34,g3f4
34,Lequangminh2703,EulerE,1260,1178,7k/6p1/1r5p/1p1R4/5K2/P7/1P4P1/8 w - - 2 35,e6b6
34,Lequangminh2703,EulerE,1260,1178,7k/6p1/1r5p/1p1R4/1P3K2/P7/6P1/8 b - - 0 35,b2b4
34,Lequangminh2703,EulerE,1260,1178,6k1/6p1/1r5p/1p1R4/1P3K2/P7/6P1/8 w - - 1 36,h8g8
34,Lequangminh2703,EulerE,1260,1178,6k1/6p1/1r5p/1p1R1K2/1P6/P7/6P1/8 b - - 2 36,f4f5
34,Lequangminh2703,EulerE,1260,1178,8/5kp1/1r5p/1p1R1K2/1P6/P7/6P1/8 w - - 3 37,g8f7
34,Lequangminh2703,EulerE,1260,1178,8/3R1kp1/1r5p/1p3K2/1P6/P7/6P1/8 b - - 4 37,d5d7
34,Lequangminh2703,EulerE,1260,1178,4k3/3R2p1/1r5p/1p3K2/1P6/P7/6P1/8 w - - 5 38,f7e8
34,Lequangminh2703,EulerE,1260,1178,4k3/6R1/1r5p/1p3K2/1P6/P7/6P1/8 b - - 0 38,d7g7
34,Lequangminh2703,EulerE,1260,1178,3k4/6R1/1r5p/1p3K2/1P6/P7/6P1/8 w - - 1 39,e8d8
34,Lequangminh2703,EulerE,1260,1178,3k4/8/1r4Rp/1p3K2/1P6/P7/6P1/8 b - - 2 39,g7g6
34,Lequangminh2703,EulerE,1260,1178,3k4/8/6rp/1p3K2/1P6/P7/6P1/8 w - - 0 40,b6g6
34,Lequangminh2703,EulerE,1260,1178,3k4/8/6Kp/1p6/1P6/P7/6P1/8 b - - 0 40,f5g6
34,Lequangminh2703,EulerE,1260,1178,8/2k5/6Kp/1p6/1P6/P7/6P1/8 w - - 1 41,d8c7
34,Lequangminh2703,EulerE,1260,1178,8/2k5/7K/1p6/1P6/P7/6P1/8 b - - 0 41,g6h6
34,Lequangminh2703,EulerE,1260,1178,8/8/3k3K/1p6/1P6/P7/6P1/8 w - - 1 42,c7d6
34,Lequangminh2703,EulerE,1260,1178,8/8/3k3K/1p6/1P4P1/P7/8/8 b - - 0 42,g2g4
34,Lequangminh2703,EulerE,1260,1178,8/8/4k2K/1p6/1P4P1/P7/8/8 w - - 1 43,d6e6
34,Lequangminh2703,EulerE,1260,1178,8/8/4k2K/1p4P1/1P6/P7/8/8 b - - 0 43,g4g5
34,Lequangminh2703,EulerE,1260,1178,8/5k2/7K/1p4P1/1P6/P7/8/8 w - - 1 44,e6f7
34,Lequangminh2703,EulerE,1260,1178,8/5k1K/8/1p4P1/1P6/P7/8/8 b - - 2 44,h6h7
34,Lequangminh2703,EulerE,1260,1178,5k2/7K/8/1p4P1/1P6/P7/8/8 w - - 3 45,f7f8
34,Lequangminh2703,EulerE,1260,1178,5k2/7K/6P1/1p6/1P6/P7/8/8 b - - 0 45,g5g6
34,Lequangminh2703,EulerE,1260,1178,8/4k2K/6P1/1p6/1P6/P7/8/8 w - - 1 46,f8e7
34,Lequangminh2703,EulerE,1260,1178,8/4k1PK/8/1p6/1P6/P7/8/8 b - - 0 46,g6g7
34,Lequangminh2703,EulerE,1260,1178,8/6PK/3k4/1p6/1P6/P7/8/8 w - - 1 47,e7d6
34,Lequangminh2703,EulerE,1260,1178,6Q1/7K/3k4/1p6/1P6/P7/8/8 b - - 0 47,g7g8q
34,Lequangminh2703,EulerE,1260,1178,6Q1/7K/8/1p2k3/1P6/P7/8/8 w - - 1 48,d6e5
34,Lequangminh2703,EulerE,1260,1178,8/7K/8/1p2k1Q1/1P6/P7/8/8 b - - 2 48,g8g5
34,Lequangminh2703,EulerE,1260,1178,8/7K/8/1p4Q1/1P1k4/P7/8/8 w - - 3 49,e5d4
34,Lequangminh2703,EulerE,1260,1178,8/7K/8/1Q6/1P1k4/P7/8/8 b - - 0 49,g5b5
34,Lequangminh2703,EulerE,1260,1178,8/7K/8/1Q6/1P6/P1k5/8/8 w - - 1 50,d4c3
34,Lequangminh2703,EulerE,1260,1178,8/7K/8/3Q4/1P6/P1k5/8/8 b - - 2 50,b5d5
34,Lequangminh2703,EulerE,1260,1178,8/7K/8/3Q4/1P6/P7/1k6/8 w - - 3 51,c3b2
34,Lequangminh2703,EulerE,1260,1178,8/7K/8/8/1PQ5/P7/1k6/8 b - - 4 51,d5c4
34,Lequangminh2703,EulerE,1260,1178,8/7K/8/8/1PQ5/P7/8/k7 w - - 5 52,b2a1
34,Lequangminh2703,EulerE,1260,1178,8/8/6K1/8/1PQ5/P7/8/k7 b - - 6 52,h7g6
34,Lequangminh2703,EulerE,1260,1178,8/8/6K1/8/1PQ5/P7/1k6/8 w - - 7 53,a1b2
34,Lequangminh2703,EulerE,1260,1178,8/8/6K1/8/PPQ5/8/1k6/8 b - - 0 53,a3a4
34,Lequangminh2703,EulerE,1260,1178,8/8/6K1/8/PPQ5/k7/8/8 w - - 1 54,b2a3
34,Lequangminh2703,EulerE,1260,1178,8/8/6K1/1P6/P1Q5/k7/8/8 b - - 0 54,b4b5
34,Lequangminh2703,EulerE,1260,1178,8/8/6K1/1P6/P1Q5/8/1k6/8 w - - 1 55,a3b2
34,Lequangminh2703,EulerE,1260,1178,8/8/1P4K1/8/P1Q5/8/1k6/8 b - - 0 55,b5b6
34,Lequangminh2703,EulerE,1260,1178,8/8/1P4K1/8/P1Q5/k7/8/8 w - - 1 56,b2a3
34,Lequangminh2703,EulerE,1260,1178,8/1P6/6K1/8/P1Q5/k7/8/8 b - - 0 56,b6b7
34,Lequangminh2703,EulerE,1260,1178,8/1P6/6K1/8/P1Q5/8/1k6/8 w - - 1 57,a3b2
34,Lequangminh2703,EulerE,1260,1178,1R6/8/6K1/8/P1Q5/8/1k6/8 b - - 0 57,b7b8r
34,Lequangminh2703,EulerE,1260,1178,1R6/8/6K1/8/P1Q5/k7/8/8 w - - 1 58,b2a3
34,Lequangminh2703,EulerE,1260,1178,1R6/8/6K1/8/P7/kQ6/8/8 b - - 2 58,c4b3
35,Makwanadhruvraj,EulerE,1254,1172,rnbqkbnr/pppppppp/8/8/4P3/8/PPPP1PPP/RNBQKBNR b KQkq - 0 1,e2e4
35,Makwanadhruvraj,EulerE,1254,1172,rnbqkbnr/pppp1ppp/8/4p3/4P3/8/PPPP1PPP/RNBQKBNR w KQkq - 0 2,e7e5
35,Makwanadhruvraj,EulerE,1254,1172,rnbqkbnr/pppp1ppp/8/4p3/4P3/5N2/PPPP1PPP/RNBQKB1R b KQkq - 1 2,g1f3
35,Makwanadhruvraj,EulerE,1254,1172,r1bqkbnr/pppp1ppp/2n5/4p3/4P3/5N2/PPPP1PPP/RNBQKB1R w KQkq - 2 3,b8c6
35,Makwanadhruvraj,EulerE,1254,1172,r1bqkbnr/pppp1ppp/2n5/4p3/2B1P3/5N2/PPPP1PPP/RNBQK2R b KQkq - 3 3,f1c4
35,Makwanadhruvraj,EulerE,1254,1172,r1bqk1nr/pppp1ppp/2n5/2b1p3/2B1P3/5N2/PPPP1PPP/RNBQK2R w KQkq - 4 4,f8c5
35,Makwanadhruvraj,EulerE,1254,1172,r1bqk1nr/pppp1ppp/2n5/2b1p3/2B1P3/3P1N2/PPP2PPP/RNBQK2R b KQkq - 0 4,d2d3
35,Makwanadhruvraj,EulerE,1254,1172,r1bqk2r/pppp1ppp/2n2n2/2b1p3/2B1P3/3P1N2/PPP2PPP/RNBQK2R w KQkq - 1 5,g8f6
35,Makwanadhruvraj,EulerE,1254,1172,r1bqk2r/pppp1ppp/2n2n2/2b1p3/2B1P3/3P1N1P/PPP2PP1/RNBQK2R b KQkq - 0 5,h2h3
35,Makwanadhruvraj,EulerE,1254,1172,r1bq1rk1/pppp1ppp/2n2n2/2b1p3/2B1P3/3P1N1P/PPP2PP1/RNBQK2R w KQ - 1 6,e8g8
35,Makwanadhruvraj,EulerE,1254,1172,r1bq1rk1/pppp1ppp/2n2n2/2b1p3/2B1P3/3PBN1P/PPP2PP1/RN1QK2R b KQ - 2 6,c1e3
35,Makwanadhruvraj,EulerE,1254,1172,r1bq1rk1/pppp1ppp/2n2n2/4p3/2B1P3/3PbN1P/PPP2PP1/RN1QK2R w KQ - 0 7,c5e3
35,Makwanadhruvraj,EulerE,1254,1172,r1bq1rk1/pppp1ppp/2n2n2/4p3/2B1P3/3PPN1P/PPP3P1/RN1QK2R b KQ - 0 7,f2e3
35,Makwanadhruvraj,EulerE,1254,1172,r1bq1rk1/ppp2ppp/2np1n2/4p3/2B1P3/3PPN1P/PPP3P1/RN1QK2R w KQ - 0 8,d7d6
35,Makwanadhruvraj,EulerE,1254,1172,r1bq1rk1/ppp2ppp/2np1n2/4p3/P1B1P3/3PPN1P/1PP3P1/RN1QK2R b KQ - 0 8,a2a4
35,Makwanadhruvraj,EulerE,1254,1172,r2q1rk1/ppp2ppp/2npbn2/4p3/P1B1P3/3PPN1P/1PP3P1/RN1QK2R w KQ - 1 9,c8e6
35,Makwanadhruvraj,EulerE,1254,1172,r2q1rk1/ppp2ppp/2npbn2/4p3/P3P3/3PPN1P/BPP3P1/RN1QK2R b KQ - 2 9,c4a2
35,Makwanadhruvraj,EulerE,1254,1172,r2q1rk1/ppp2ppp/3pbn2/4p3/Pn2P3/3PPN1P/BPP3P1/RN1QK2R w KQ - 3 10,c6b4
35,Makwanadhruvraj,EulerE,1254,1172,r2q1rk1/ppp2ppp/3pbn2/4p3/Pn2P3/1B1PPN1P/1PP3P1/RN1QK2R b KQ - 4 10,a2b3
35,Makwanadhruvraj,EulerE,1254,1172,r2q1rk1/ppp2ppp/3p1n2/4p3/Pn2P3/1b1PPN1P/1PP3P1/RN1QK2R w KQ - 0 11,e6b3
35,Makwanadhruvraj,EulerE,1254,1172,r2q1rk1/ppp2ppp/3p1n2/4p3/Pn2P3/1P1PPN1P/1P4P1/RN1QK2R b KQ - 0 11,c2b3
35,Makwanadhruvraj,EulerE,1254,1172,r2q1rk1/ppp2ppp/5n2/3pp3/Pn2P3/1P1PPN1P/1P4P1/RN1QK2R w KQ - 0 12,d6d5
35,Makwanadhruvraj,EulerE,1254,1172,r2q1rk1/ppp2ppp/5n2/3pN3/Pn2P3/1P1PP2P/1P4P1/RN1QK2R b KQ - 0 12,f3e5
35,Makwanadhruvraj,EulerE,1254,1172,r2q1rk1/ppp2ppp/5n2/4N3/Pn2p3/1P1PP2P/1P4P1/RN1QK2R w KQ - 0 13,d5e4
35,Makwanadhruvraj,EulerE,1254,1172,r2q1rk1/ppp2ppp/5n2/4N3/Pn1Pp3/1P2P2P/1P4P1/RN1QK2R b KQ - 0 13,d3d4
35,Makwanadhruvraj,EulerE,1254,1172,r2q1rk1/pppn1ppp/8/4N3/Pn1Pp3/1P2P2P/1P4P1/RN1QK2R w KQ - 1 14,f6d7
35,Makwanadhruvraj,EulerE,1254,1172,r2q1rk1/pppn1ppp/8/8/Pn1Pp1N1/1P2P2P/1P4P1/RN1QK2R b KQ - 2 14,e5g4
35,Makwanadhruvraj,EulerE,1254,1172,r2q1rk1/pppn1ppp/8/8/P2Pp1N1/1P1nP2P/1P4P1/RN1QK2R w KQ - 3 15,b4d3
35,Makwanadhruvraj,EulerE,1254,1172,r2q1rk1/pppn1ppp/8/8/P2Pp1N1/1P1nP2P/1P2K1P1/RN1Q3R b - - 4 15,e1e2
35,Makwanadhruvraj,EulerE,1254,1172,r2q1rk1/ppp2ppp/5n2/8/P2Pp1N1/1P1nP2P/1P2K1P1/RN1Q3R w - - 5 16,d7f6
35,Makwanadhruvraj,EulerE,1254,1172,r2q1rk1/ppp2ppp/5n2/8/P2Pp1N1/1P1nP2P/1P1QK1P1/RN5R b - - 6 16,d1d2
35,Makwanadhruvraj,EulerE,1254,1172,r4rk1/pppq1ppp/5n2/8/P2Pp1N1/1P1nP2P/1P1QK1P1/RN5R w - - 7 17,d8d7
35,Makwanadhruvraj,EulerE,1254,1172,r4rk1/pppq1ppp/5N2/8/P2Pp3/1P1nP2P/1P1QK1P1/RN5R b - - 0 17,g4f6
35,Makwanadhruvraj,EulerE,1254,1172,r4rk1/pppq1p1p/5p2/8/P2Pp3/1P1nP2P/1P1QK1P1/RN5R w - - 0 18,g7f6
35,Makwanadhruvraj,EulerE,1254,1172,r4rk1/pppq1p1p/5p2/8/P2Pp3/1PNnP2P/1P1QK1P1/R6R b - - 1 18,b1c3
35,Makwanadhruvraj,EulerE,1254,1172,r4rk1/pppq1p1p/8/5p2/P2Pp3/1PNnP2P/1P1QK1P1/R6R w - - 0 19,f6f5
35,Makwanadhruvraj,EulerE,1254,1172,r4rk1/pppq1p1p/8/5p2/P2Pp3/1PNnP2P/1P1QK1P1/R4R2 b - - 1 19,h1f1
35,Makwanadhruvraj,EulerE,1254,1172,r4r1k/pppq1p1p/8/5p2/P2Pp3/1PNnP2P/1P1QK1P1/R4R2 w - - 2 20,g8h8
35,Makwanadhruvraj,EulerE,1254,1172,r4r1k/pppq1p1p/8/5p2/P2Pp3/1P1nP2P/NP1QK1P1/R4R2 b - - 3 20,c3a2
35,Makwanadhruvraj,EulerE,1254,1172,r3r2k/pppq1p1p/8/5p2/P2Pp3/1P1nP2P/NP1QK1P1/R4R2 w - - 4 21,f8e8
35,Makwanadhruvraj,EulerE,1254,1172,r3r2k/pppq1p1p/8/5p2/PN1Pp3/1P1nP2P/1P1QK1P1/R4R2 b - - 5 21,a2b4
35,Makwanadhruvraj,EulerE,1254,1172,r3r2k/pppq1p1p/8/5p2/Pn1Pp3/1P2P2P/1P1QK1P1/R4R2 w - - 0 22,d3b4
35,Makwanadhruvraj,EulerE,1254,1172,r3r2k/pppq1p1p/8/5p2/PQ1Pp3/1P2P2P/1P2K1P1/R4R2 b - - 0 22,d2b4
35,Makwanadhruvraj,EulerE,1254,1172,r3r2k/1ppq1p1p/8/p4p2/PQ1Pp3/1P2P2P/1P2K1P1/R4R2 w - - 0 23,a7a5
35,Makwanadhruvraj,EulerE,1254,1172,r3r2k/1ppq1p1p/8/p4p2/P2Pp3/1PQ1P2P/1P2K1P1/R4R2 b - - 1 23,b4c3
35,Makwanadhruvraj,EulerE,1254,1172,r3r2k/2pq1p1p/8/pp3p2/P2Pp3/1PQ1P2P/1P2K1P1/R4R2 w - - 0 24,b7b5
35,Makwanadhruvraj,EulerE,1254,1172,r3r2k/2pq1p1p/8/pp1P1p2/P3p3/1PQ1P2P/1P2K1P1/R4R2 b - - 0 24,d4d5
35,Makwanadhruvraj,EulerE,1254,1172,r3r1k1/2pq1p1p/8/pp1P1p2/P3p3/1PQ1P2P/1P2K1P1/R4R2 w - - 1 25,h8g8
35,Makwanadhruvraj,EulerE,1254,1172,r3r1k1/2pq1p1p/8/pp1P1p2/P2Qp3/1P2P2P/1P2K1P1/R4R2 b - - 2 25,c3d4
35,Makwanadhruvraj,EulerE,1254,1172,r3r1k1/2pq1p1p/8/p2P1p2/p2Qp3/1P2P2P/1P2K1P1/R4R2 w - - 0 26,b5a4
35,Makwanadhruvraj,EulerE,1254,1172,r3r1k1/2pq1p1p/8/p2P1p2/R2Qp3/1P2P2P/1P2K1P1/5R2 b - - 0 26,a1a4
35,Makwanadhruvraj,EulerE,1254,1172,r2r2k1/2pq1p1p/8/p2P1p2/R2Qp3/1P2P2P/1P2K1P1/5R2 w - - 1 27,e8d8
35,Makwanadhruvraj,EulerE,1254,1172,r2r2k1/2pq1p1p/5Q2/p2P1p2/R3p3/1P2P2P/1P2K1P1/5R2 b - - 2 27,d4f6
35,Makwanadhruvraj,EulerE,1254,1172,r2r2k1/2p2p1p/5Q2/p2q1p2/R3p3/1P2P2P/1P2K1P1/5R2 w - - 0 28,d7d5
35,Makwanadhruvraj,EulerE,1254,1172,r2r2k1/2p2p1p/5Q2/p2q1R2/R3p3/1P2P2P/1P2K1P1/8 b - - 0 28,f1f5
35,Makwanadhruvraj,EulerE,1254,1172,r2r2k1/2p2p1p/5Q2/p4R2/R3p3/1P1qP2P/1P2K1P1/8 w - - 1 29,d5d3
35,Makwanadhruvraj,EulerE,1254,1172,r2r2k1/2p2p1p/5Q2/p4R2/R3p3/1P1qP2P/1P3KP1/8 b - - 2 29,e2f2
35,Makwanadhruvraj,EulerE,1254,1172,r2r2k1/2p2p1p/5Q2/p4R2/R3p3/1P2P2P/1P1q1KP1/8 w - - 3 30,d3d2
35,Makwanadhruvraj,EulerE,1254,1172,r2r2k1/2p2p1p/5Q2/p4R2/R3p3/1P2P1KP/1P1q2P1/8 b - - 4 30,f2g3
35,Makwanadhruvraj,EulerE,1254,1172,r2r2k1/2p2p1p/5Q2/p4R2/R3p3/1P2P1KP/1P4P1/4q3 w - - 5 31,d2e1
35,Makwanadhruvraj,EulerE,1254,1172,r2r2k1/2p2p1p/5Q2/p4R2/R3pK2/1P2P2P/1P4P1/4q3 b - - 6 31,g3f4
35,Makwanadhruvraj,EulerE,1254,1172,r2r2k1/2p2p1p/5Q2/p4R2/R3pK2/1P2P2P/1P3qP1/8 w - - 7 32,e1f2
35,Makwanadhruvraj,EulerE,1254,1172,r2r2k1/2p2p1p/5Q2/p4R2/R3p1K1/1P2P2P/1P3qP1/8 b - - 8 32,f4g4
35,Makwanadhruvraj,EulerE,1254,1172,r2r2k1/2p2p1p/5Q2/p4R2/R3p1K1/1P2P2P/1P4q1/8 w - - 0 33,f2g2
35,Makwanadhruvraj,EulerE,1254,1172,r2r2k1/2p2p1p/5Q2/p4R2/R3p2K/1P2P2P/1P4q1/8 b - - 1 33,g4h4
35,Makwanadhruvraj,EulerE,1254,1172,r5k1/2pr1p1p/5Q2/p4R2/R3p2K/1P2P2P/1P4q1/8 w - - 2 34,d8d7
35,Makwanadhruvraj,EulerE,1254,1172,r5k1/2pr1p1p/5Q2/p5R1/R3p2K/1P2P2P/1P4q1/8 b - - 3 34,f5g5
35,Makwanadhruvraj,EulerE,1254,1172,r5k1/2pr1p1p/5Q2/p5q1/R3p2K/1P2P2P/1P6/8 w - - 0 35,g2g5
35,Makwanadhruvraj,EulerE,1254,1172,r5k1/2pr1p1p/8/p5Q1/R3p2K/1P2P2P/1P6/8 b - - 0 35,f6g5
35,Makwanadhruvraj,EulerE,1254,1172,r4k2/2pr1p1p/8/p5Q1/R3p2K/1P2P2P/1P6/8 w - - 1 36,g8f8
35,Makwanadhruvraj,EulerE,1254,1172,r4k2/2pr1p1p/7Q/p7/R3p2K/1P2P2P/1P6/8 b - - 2 36,g5h6
35,Makwanadhruvraj,EulerE,1254,1172,r3k3/2pr1p1p/7Q/p7/R3p2K/1P2P2P/1P6/8 w - - 3 37,f8e8
35,Makwanadhruvraj,EulerE,1254,1172,r3k3/2pr1p1p/7Q/p7/4R2K/1P2P2P/1P6/8 b - - 0 37,a4e4
35,Makwanadhruvraj,EulerE,1254,1172,r2k4/2pr1p1p/7Q/p7/4R2K/1P2P2P/1P6/8 w - - 1 38,e8d8
35,Makwanadhruvraj,EulerE,1254,1172,r2k1Q2/2pr1p1p/8/p7/4R2K/1P2P2P/1P6/8 b - - 2 38,h6f8
36,EulerE,Mingoph,1180,1152,rnbqkbnr/pppppppp/8/8/3P4/8/PPP1PPPP/RNBQKBNR b KQkq - 0 1,d2d4
36,EulerE,Mingoph,1180,1152,rnbqkbnr/ppp1pppp/8/3p4/3P4/8/PPP1PPPP/RNBQKBNR w KQkq - 0 2,d7d5
36,EulerE,Mingoph,1180,1152,rnbqkbnr/ppp1pppp/8/3p4/2PP4/8/PP2PPPP/RNBQKBNR b KQkq - 0 2,c2c4
36,EulerE,Mingoph,1180,1152,rnbqkbnr/ppp1pppp/8/8/2pP4/8/PP2PPPP/RNBQKBNR w KQkq - 0 3,d5c4
36,EulerE,Mingoph,1180,1152,rnbqkbnr/ppp1pppp/8/8/2pPP3/8/PP3PPP/RNBQKBNR b KQkq - 0 3,e2e4
36,EulerE,Mingoph,1180,1152,rnbqkbnr/p1p1pppp/8/1p6/2pPP3/8/PP3PPP/RNBQKBNR w KQkq - 0 4,b7b5
36,EulerE,Mingoph,1180,1152,rnbqkbnr/p1p1pppp/8/1p6/P1pPP3/8/1P3PPP/RNBQKBNR b KQkq - 0 4,a2a4
36,EulerE,Mingoph,1180,1152,rnb1kbnr/p1pqpppp/8/1p6/P1pPP3/8/1P3PPP/RNBQKBNR w KQkq - 1 5,d8d7
36,EulerE,Mingoph,1180,1152,rnb1kbnr/p1pqpppp/8/1P6/2pPP3/8/1P3PPP/RNBQKBNR b KQkq - 0 5,a4b5
36,EulerE,Mingoph,1180,1152,rnb1kbnr/p1p1pppp/8/1q6/2pPP3/8/1P3PPP/RNBQKBNR w KQkq - 0 6,d7b5
36,EulerE,Mingoph,1180,1152,rnb1kbnr/p1p1pppp/8/1q6/2pPP3/2N5/1P3PPP/R1BQKBNR b KQkq - 1 6,b1c3
36,EulerE,Mingoph,1180,1152,rnb1kbnr/p1p1pppp/2q5/8/2pPP3/2N5/1P3PPP/R1BQKBNR w KQkq - 2 7,b5c6
36,EulerE,Mingoph,1180,1152,rnb1kbnr/p1p1pppp/2q5/8/2pPP3/2N2N2/1P3PPP/R1BQKB1R b KQkq - 3 7,g1f3
36,EulerE,Mingoph,1180,1152,rnb1kbnr/p1p1p1pp/2q2p2/8/2pPP3/2N2N2/1P3PPP/R1BQKB1R w KQkq - 0 8,f7f6
36,EulerE,Mingoph,1180,1152,rnb1kbnr/p1p1p1pp/2q2p2/3P4/2p1P3/2N2N2/1P3PPP/R1BQKB1R b KQkq - 0 8,d4d5
36,EulerE,Mingoph,1180,1152,rnb1kbnr/p1p1p1pp/5p2/2qP4/2p1P3/2N2N2/1P3PPP/R1BQKB1R w KQkq - 1 9,c6c5
36,EulerE,Mingoph,1180,1152,rnb1kbnr/p1p1p1pp/5p2/2qP4/2p1P3/2N1BN2/1P3PPP/R2QKB1R b KQkq - 2 9,c1e3
36,EulerE,Mingoph,1180,1152,rnb1kbnr/p1p1p1pp/5p2/3P4/1qp1P3/2N1BN2/1P3PPP/R2QKB1R w KQkq - 3 10,c5b4
36,EulerE,Mingoph,1180,1152,rnb1kbnr/p1p1p1pp/5p2/3P4/Qqp1P3/2N1BN2/1P3PPP/R3KB1R b KQkq - 4 10,d1a4
36,EulerE,Mingoph,1180,1152,rnb1kbnr/p1p1p1pp/5p2/3P4/q1p1P3/2N1BN2/1P3PPP/R3KB1R w KQkq - 0 11,b4a4
36,EulerE,Mingoph,1180,1152,rnb1kbnr/p1p1p1pp/5p2/3P4/R1p1P3/2N1BN2/1P3PPP/4KB1R b Kkq - 0 11,a1a4
36,EulerE,Mingoph,1180,1152,rn2kbnr/p1p1p1pp/b4p2/3P4/R1p1P3/2N1BN2/1P3PPP/4KB1R w Kkq - 1 12,c8a6
36,EulerE,Mingoph,1180,1152,rn2kbnr/p1p1p1pp/b4p2/3P4/R1B1P3/2N1BN2/1P3PPP/4K2R b Kkq - 0 12,f1c4
36,EulerE,Mingoph,1180,1152,rn2kbnr/p1p1p1pp/5p2/3P4/R1b1P3/2N1BN2/1P3PPP/4K2R w Kkq - 0 13,a6c4
36,EulerE,Mingoph,1180,1152,rn2kbnr/p1p1p1pp/5p2/3P4/2R1P3/2N1BN2/1P3PPP/4K2R b Kkq - 0 13,a4c4
36,EulerE,Mingoph,1180,1152,r3kbnr/p1p1p1pp/n4p2/3P4/2R1P3/2N1BN2/1P3PPP/4K2R w Kkq - 1 14,b8a6
36,EulerE,Mingoph,1180,1152,r3kbnr/p1p1p1pp/n4p2/3P4/2R1P3/2N1BN2/1P3PPP/5RK1 b kq - 2 14,e1g1
36,EulerE,Mingoph,1180,1152,r3kbnr/p1p3pp/n4p2/3Pp3/2R1P3/2N1BN2/1P3PPP/5RK1 w kq e6 0 15,e7e5
36,EulerE,Mingoph,1180,1152,r3kbnr/p1p3pp/n3Pp2/8/2R1P3/2N1BN2/1P3PPP/5RK1 b kq - 0 15,d5e6
36,EulerE,Mingoph,1180,1152,r3k1nr/p1p1b1pp/n3Pp2/8/2R1P3/2N1BN2/1P3PPP/5RK1 w kq - 1 16,f8e7
36,EulerE,Mingoph,1180,1152,r3k1nr/p1p1b1pp/n3Pp2/3N4/2R1P3/4BN2/1P3PPP/5RK1 b kq - 2 16,c3d5
36,EulerE,Mingoph,1180,1152,r3k1nr/p3b1pp/n3Pp2/2pN4/2R1P3/4BN2/1P3PPP/5RK1 w kq - 0 17,c7c5
36,EulerE,Mingoph,1180,1152,r3k1nr/p3N1pp/n3Pp2/2p5/2R1P3/4BN2/1P3PPP/5RK1 b kq - 0 17,d5e7
36,EulerE,Mingoph,1180,1152,r5nr/p3k1pp/n3Pp2/2p5/2R1P3/4BN2/1P3PPP/5RK1 w - - 0 18,e8e7
36,EulerE,Mingoph,1180,1152,r5nr/p3k1pp/n3Pp2/2B5/2R1P3/5N2/1P3PPP/5RK1 b - - 0 18,e3c5
36,EulerE,Mingoph,1180,1152,r5nr/p5pp/n3kp2/2B5/2R1P3/5N2/1P3PPP/5RK1 w - - 0 19,e7e6
36,EulerE,Mingoph,1180,1152,r5nr/p5pp/n3kp2/2B5/2R1P3/5N2/1P3PPP/R5K1 b - - 1 19,f1a1
36,EulerE,Mingoph,1180,1152,r6r/p5pp/n3kp1n/2B5/2R1P3/5N2/1P3PPP/R5K1 w - - 2 20,g8h6
36,EulerE,Mingoph,1180,1152,r6r/p5pp/R3kp1n/2B5/2R1P3/5N2/1P3PPP/6K1 b - - 0 20,a1a6
36,EulerE,Mingoph,1180,1152,r6r/p4kpp/R4p1n/2B5/2R1P3/5N2/1P3PPP/6K1 w - - 1 21,e6f7
36,EulerE,Mingoph,1180,1152,r6r/R4kpp/5p1n/2B5/2R1P3/5N2/1P3PPP/6K1 b - - 0 21,a6a7
36,EulerE,Mingoph,1180,1152,7r/r4kpp/5p1n/2B5/2R1P3/5N2/1P3PPP/6K1 w - - 0 22,a8a7
36,EulerE,Mingoph,1180,1152,7r/B4kpp/5p1n/8/2R1P3/5N2/1P3PPP/6K1 b - - 0 22,c5a7
36,EulerE,Mingoph,1180,1152,7r/B5pp/5pkn/8/2R1P3/5N2/1P3PPP/6K1 w - - 1 23,f7g6
36,EulerE,Mingoph,1180,1152,7r/B5pp/5pkn/8/2R1P3/5N1P/1P3PP1/6K1 b - - 0 23,h2h3
36,EulerE,Mingoph,1180,1152,r7/B5pp/5pkn/8/2R1P3/5N1P/1P3PP1/6K1 w - - 1 24,h8a8
36,EulerE,Mingoph,1180,1152,r7/6pp/5pkn/8/2RBP3/5N1P/1P3PP1/6K1 b - - 2 24,a7d4
36,EulerE,Mingoph,1180,1152,8/6pp/5pkn/8/2RBP3/5N1P/1P3PP1/r5K1 w - - 3 25,a8a1
36,EulerE,Mingoph,1180,1152,8/6pp/5pkn/8/2RBP3/5N1P/1P3PPK/r7 b - - 4 25,g1h2
36,EulerE,Mingoph,1180,1152,8/6pp/5pkn/8/2RBP3/5N1P/1P3PPK/5r2 w - - 5 26,a1f1
36,EulerE,Mingoph,1180,1152,8/2R3pp/5pkn/8/3BP3/5N1P/1P3PPK/5r2 b - - 6 26,c4c7
36,EulerE,Mingoph,1180,1152,8/2R2npp/5pk1/8/3BP3/5N1P/1P3PPK/5r2 w - - 7 27,h6f7
36,EulerE,Mingoph,1180,1152,8/2R2npp/5pk1/8/4P3/4BN1P/1P3PPK/5r2 b - - 8 27,d4e3
36,EulerE,Mingoph,1180,1152,8/2R3pp/3n1pk1/8/4P3/4BN1P/1P3PPK/5r2 w - - 9 28,f7d6
36,EulerE,Mingoph,1180,1152,8/2R3pp/3n1pk1/8/4P1P1/4BN1P/1P3P1K/5r2 b - - 0 28,g2g4
36,EulerE,Mingoph,1180,1152,8/2R3pp/5pk1/8/4n1P1/4BN1P/1P3P1K/5r2 w - - 0 29,d6e4
36,EulerE,Mingoph,1180,1152,8/2R3pp/5pk1/8/4n1PN/4B2P/1P3P1K/5r2 b - - 1 29,f3h4
37,3RICK11,EulerE,1249,1179,rnbqkbnr/pppppppp/8/8/4P3/8/PPPP1PPP/RNBQKBNR b KQkq - 0 1,e2e4
37,3RICK11,EulerE,1249,1179,rnbqkbnr/pppp1ppp/8/4p3/4P3/8/PPPP1PPP/RNBQKBNR w KQkq - 0 2,e7e5
37,3RICK11,EulerE,1249,1179,rnbqkbnr/pppp1ppp/8/4p3/4P3/5N2/PPPP1PPP/RNBQKB1R b KQkq - 1 2,g1f3
37,3RICK11,EulerE,1249,1179,r1bqkbnr/pppp1ppp/2n5/4p3/4P3/5N2/PPPP1PPP/RNBQKB1R w KQkq - 2 3,b8c6
37,3RICK11,EulerE,1249,1179,r1bqkbnr/pppp1ppp/2n5/4p3/4P3/2N2N2/PPPP1PPP/R1BQKB1R b KQkq - 3 3,b1c3
37,3RICK11,EulerE,1249,1179,r1bqk1nr/pppp1ppp/2n5/4p3/1b2P3/2N2N2/PPPP1PPP/R1BQKB1R w KQkq - 4 4,f8b4
37,3RICK11,EulerE,1249,1179,r1bqk1nr/pppp1ppp/2n5/4p3/1b2P3/P1N2N2/1PPP1PPP/R1BQKB1R b KQkq - 0 4,a2a3
37,3RICK11,EulerE,1249,1179,r1bqk1nr/pppp1ppp/2n5/b3p3/4P3/P1N2N2/1PPP1PPP/R1BQKB1R w KQkq - 1 5,b4a5
37,3RICK11,EulerE,1249,1179,r1bqk1nr/pppp1ppp/2n5/b3p3/1P2P3/P1N2N2/2PP1PPP/R1BQKB1R b KQkq - 0 5,b2b4
37,3RICK11,EulerE,1249,1179,r1bqk1nr/pppp1ppp/1bn5/4p3/1P2P3/P1N2N2/2PP1PPP/R1BQKB1R w KQkq - 1 6,a5b6
37,3RICK11,EulerE,1249,1179,r1bqk1nr/pppp1ppp/1bn5/4p3/1P2P3/P1N2N2/2PPBPPP/R1BQK2R b KQkq - 2 6,f1e2
37,3RICK11,EulerE,1249,1179,r1bqk1nr/ppp2ppp/1bnp4/4p3/1P2P3/P1N2N2/2PPBPPP/R1BQK2R w KQkq - 0 7,d7d6
37,3RICK11,EulerE,1249,1179,r1bqk1nr/ppp2ppp/1bnp4/4p3/1P2P3/P1N2N2/2PPBPPP/R1BQ1RK1 b kq - 1 7,e1g1
37,3RICK11,EulerE,1249,1179,r1bqk2r/ppp2ppp/1bnp1n2/4p3/1P2P3/P1N2N2/2PPBPPP/R1BQ1RK1 w kq - 2 8,g8f6
37,3RICK11,EulerE,1249,1179,r1bqk2r/ppp2ppp/1bnp1n2/4p3/1P2P3/P1N2N1P/2PPBPP1/R1BQ1RK1 b kq - 0 8,h2h3
37,3RICK11,EulerE,1249,1179,r1bq1rk1/ppp2ppp/1bnp1n2/4p3/1P2P3/P1N2N1P/2PPBPP1/R1BQ1RK1 w - - 1 9,e8g8
37,3RICK11,EulerE,1249,1179,r1bq1rk1/ppp2ppp/1bnp1n2/4p3/1P2P3/P1NP1N1P/2P1BPP1/R1BQ1RK1 b - - 0 9,d2d3
37,3RICK11,EulerE,1249,1179,r1bq1rk1/1pp2ppp/pbnp1n2/4p3/1P2P3/P1NP1N1P/2P1BPP1/R1BQ1RK1 w - - 0 10,a7a6
37,3RICK11,EulerE,1249,1179,r1bq1rk1/1pp2ppp/pbnp1n2/4p1B1/1P2P3/P1NP1N1P/2P1BPP1/R2Q1RK1 b - - 1 10,c1g5
37,3RICK11,EulerE,1249,1179,r1bq1rk1/1pp2pp1/pbnp1n1p/4p1B1/1P2P3/P1NP1N1P/2P1BPP1/R2Q1RK1 w - - 0 11,h7h6
37,3RICK11,EulerE,1249,1179,r1bq1rk1/1pp2pp1/pbnp1n1p/4p3/1P2P2B/P1NP1N1P/2P1BPP1/R2Q1RK1 b - - 1 11,g5h4
37,3RICK11,EulerE,1249,1179,r1bq1rk1/bpp2pp1/p1np1n1p/4p3/1P2P2B/P1NP1N1P/2P1BPP1/R2Q1RK1 w - - 2 12,b6a7
37,3RICK11,EulerE,1249,1179,r1bq1rk1/bpp2pp1/p1np1n1p/3Np3/1P2P2B/P2P1N1P/2P1BPP1/R2Q1RK1 b - - 3 12,c3d5
37,3RICK11,EulerE,1249,1179,r1bq1rk1/bpp2p2/p1np1n1p/3Np1p1/1P2P2B/P2P1N1P/2P1BPP1/R2Q1RK1 w - - 0 13,g7g5
37,3RICK11,EulerE,1249,1179,r1bq1rk1/bpp2p2/p1np1n1p/3Np1N1/1P2P2B/P2P3P/2P1BPP1/R2Q1RK1 b - - 0 13,f3g5
37,3RICK11,EulerE,1249,1179,r1bq1rk1/bpp2p2/p1np1n2/3Np1p1/1P2P2B/P2P3P/2P1BPP1/R2Q1RK1 w - - 0 14,h6g5
37,3RICK11,EulerE,1249,1179,r1bq1rk1/bpp2p2/p1np1n2/3Np1B1/1P2P3/P2P3P/2P1BPP1/R2Q1RK1 b - - 0 14,h4g5
37,3RICK11,EulerE,1249,1179,r2q1rk1/bpp2p2/p1npbn2/3Np1B1/1P2P3/P2P3P/2P1BPP1/R2Q1RK1 w - - 1 15,c8e6
37,3RICK11,EulerE,1249,1179,r2q1rk1/bpp2p2/p1npbN2/4p1B1/1P2P3/P2P3P/2P1BPP1/R2Q1RK1 b - - 0 15,d5f6
37,3RICK11,EulerE,1249,1179,r2q1r1k/bpp2p2/p1npbN2/4p1B1/1P2P3/P2P3P/2P1BPP1/R2Q1RK1 w - - 1 16,g8h8
37,3RICK11,EulerE,1249,1179,r2q1r1k/bpp2p2/p1npbN2/4p1B1/1P2P1B1/P2P3P/2P2PP1/R2Q1RK1 b - - 2 16,e2g4
37,3RICK11,EulerE,1249,1179,r4r1k/bpp1qp2/p1npbN2/4p1B1/1P2P1B1/P2P3P/2P2PP1/R2Q1RK1 w - - 3 17,d8e7
37,3RICK11,EulerE,1249,1179,r4r1k/bpp1qp1N/p1npb3/4p1B1/1P2P1B1/P2P3P/2P2PP1/R2Q1RK1 b - - 4 17,f6h7
37,3RICK11,EulerE,1249,1179,r4r1k/bppq1p1N/p1npb3/4p1B1/1P2P1B1/P2P3P/2P2PP1/R2Q1RK1 w - - 5 18,e7d7
37,3RICK11,EulerE,1249,1179,r4N1k/bppq1p2/p1npb3/4p1B1/1P2P1B1/P2P3P/2P2PP1/R2Q1RK1 b - - 0 18,h7f8
38,EulerE,Ezmo72613,1171,1177,rnbqkbnr/pppppppp/8/8/3P4/8/PPP1PPPP/RNBQKBNR b KQkq - 0 1,d2d4
38,EulerE,Ezmo72613,1171,1177,rnbqkbnr/ppp1pppp/8/3p4/3P4/8/PPP1PPPP/RNBQKBNR w KQkq - 0 2,d7d5
38,EulerE,Ezmo72613,1171,1177,rnbqkbnr/ppp1pppp/8/3p4/2PP4/8/PP2PPPP/RNBQKBNR b KQkq - 0 2,c2c4
38,EulerE,Ezmo72613,1171,1177,rn1qkbnr/ppp1pppp/8/3p1b2/2PP4/8/PP2PPPP/RNBQKBNR w KQkq - 1 3,c8f5
38,EulerE,Ezmo72613,1171,1177,rn1qkbnr/ppp1pppp/8/3p1b2/2PP4/2N5/PP2PPPP/R1BQKBNR b KQkq - 2 3,b1c3
38,EulerE,Ezmo72613,1171,1177,rn1qkbnr/ppp1pppp/8/5b2/2pP4/2N5/PP2PPPP/R1BQKBNR w KQkq - 0 4,d5c4
38,EulerE,Ezmo72613,1171,1177,rn1qkbnr/ppp1pppp/8/5b2/2pPP3/2N5/PP3PPP/R1BQKBNR b KQkq - 0 4,e2e4
38,EulerE,Ezmo72613,1171,1177,rn1qkbnr/ppp1pppp/6b1/8/2pPP3/2N5/PP3PPP/R1BQKBNR w KQkq - 1 5,f5g6
38,EulerE,Ezmo72613,1171,1177,rn1qkbnr/ppp1pppp/6b1/8/2BPP3/2N5/PP3PPP/R1BQK1NR b KQkq - 0 5,f1c4
38,EulerE,Ezmo72613,1171,1177,r2qkbnr/ppp1pppp/2n3b1/8/2BPP3/2N5/PP3PPP/R1BQK1NR w KQkq - 1 6,b8c6
38,EulerE,Ezmo72613,1171,1177,r2qkbnr/ppp1pppp/2n3b1/3P4/2B1P3/2N5/PP3PPP/R1BQK1NR b KQkq - 0 6,d4d5
38,EulerE,Ezmo72613,1171,1177,r2qkbnr/ppp1pppp/6b1/3Pn3/2B1P3/2N5/PP3PPP/R1BQK1NR w KQkq - 1 7,c6e5
38,EulerE,Ezmo72613,1171,1177,r2qkbnr/ppp1pppp/6b1/1B1Pn3/4P3/2N5/PP3PPP/R1BQK1NR b KQkq - 2 7,c4b5
38,EulerE,Ezmo72613,1171,1177,r2qkbnr/pp2pppp/2p3b1/1B1Pn3/4P3/2N5/PP3PPP/R1BQK1NR w KQkq - 0 8,c7c6
38,EulerE,Ezmo72613,1171,1177,r2qkbnr/pp2pppp/2P3b1/1B2n3/4P3/2N5/PP3PPP/R1BQK1NR b KQkq - 0 8,d5c6
38,EulerE,Ezmo72613,1171,1177,r2qkbnr/p3pppp/2p3b1/1B2n3/4P3/2N5/PP3PPP/R1BQK1NR w KQkq - 0 9,b7c6
38,EulerE,Ezmo72613,1171,1177,r2Qkbnr/p3pppp/2p3b1/1B2n3/4P3/2N5/PP3PPP/R1B1K1NR b KQkq - 0 9,d1d8
38,EulerE,Ezmo72613,1171,1177,3rkbnr/p3pppp/2p3b1/1B2n3/4P3/2N5/PP3PPP/R1B1K1NR w KQk - 0 10,a8d8
38,EulerE,Ezmo72613,1171,1177,3rkbnr/p3pppp/2p3b1/4n3/B3P3/2N5/PP3PPP/R1B1K1NR b KQk - 1 10,b5a4
38,EulerE,Ezmo72613,1171,1177,3rkbnr/p3pppp/2p3b1/8/B3P3/2Nn4/PP3PPP/R1B1K1NR w KQk - 2 11,e5d3
39,Aadyant12,EulerE,1143,1162,rnbqkbnr/pppppppp/8/8/4P3/8/PPPP1PPP/RNBQKBNR b KQkq - 0 1,e2e4
39,Aadyant12,EulerE,1143,1162,rnbqkbnr/pppp1ppp/8/4p3/4P3/8/PPPP1PPP/RNBQKBNR w KQkq - 0 2,e7e5
39,Aadyant12,EulerE,1143,1162,rnbqkbnr/pppp1ppp/8/4p3/4P3/5N2/PPPP1PPP/RNBQKB1R b KQkq - 1 2,g1f3
39,Aadyant12,EulerE,1143,1162,r1bqkbnr/pppp1ppp/2n5/4p3/4P3/5N2/PPPP1PPP/RNBQKB1R w KQkq - 2 3,b8c6
39,Aadyant12,EulerE,1143,1162,r1bqkbnr/pppp1ppp/2n5/4p3/3PP3/5N2/PPP2PPP/RNBQKB1R b KQkq - 0 3,d2d4
39,Aadyant12,EulerE,1143,1162,r1bqkbnr/pppp1ppp/2n5/8/3pP3/5N2/PPP2PPP/RNBQKB1R w KQkq - 0 4,e5d4
39,Aadyant12,EulerE,1143,1162,r1bqkbnr/pppp1ppp/2n5/8/3NP3/8/PPP2PPP/RNBQKB1R b KQkq - 0 4,f3d4
39,Aadyant12,EulerE,1143,1162,r1bqkbnr/pppp1ppp/8/8/3nP3/8/PPP2PPP/RNBQKB1R w KQkq - 0 5,c6d4
39,Aadyant12,EulerE,1143,1162,r1bqkbnr/pppp1ppp/8/8/3nP3/3Q4/PPP2PPP/RNB1KB1R b KQkq - 1 5,d1d3
39,Aadyant12,EulerE,1143,1162,r1bqkbnr/pppp1ppp/2n5/8/4P3/3Q4/PPP2PPP/RNB1KB1R w KQkq - 2 6,d4c6
39,Aadyant12,EulerE,1143,1162,r1bqkbnr/pppp1ppp/2n5/8/4PB2/3Q4/PPP2PPP/RN2KB1R b KQkq - 3 6,c1f4
39,Aadyant12,EulerE,1143,1162,r1bqk1nr/pppp1ppp/2n5/2b5/4PB2/3Q4/PPP2PPP/RN2KB1R w KQkq - 4 7,f8c5
39,Aadyant12,EulerE,1143,1162,r1bqk1nr/pppp1ppp/2n5/2b5/4PB2/2NQ4/PPP2PPP/R3KB1R b KQkq - 5 7,b1c3
39,Aadyant12,EulerE,1143,1162,r1bqk2r/pppp1ppp/2n2n2/2b5/4PB2/2NQ4/PPP2PPP/R3KB1R w KQkq - 6 8,g8f6
39,Aadyant12,EulerE,1143,1162,r1bqk2r/pppp1ppp/2n2n2/2bN4/4PB2/3Q4/PPP2PPP/R3KB1R b KQkq - 7 8,c3d5
39,Aadyant12,EulerE,1143,1162,r1bqk2r/ppp2ppp/2np1n2/2bN4/4PB2/3Q4/PPP2PPP/R3KB1R w KQkq - 0 9,d7d6
39,Aadyant12,EulerE,1143,1162,r1bqk2r/ppp2ppp/2np1n2/2bN2B1/4P3/3Q4/PPP2PPP/R3KB1R b KQkq - 1 9,f4g5
39,Aadyant12,EulerE,1143,1162,r1bqk2r/ppp2ppp/3p1n2/2bNn1B1/4P3/3Q4/PPP2PPP/R3KB1R w KQkq - 2 10,c6e5
39,Aadyant12,EulerE,1143,1162,r1bqk2r/ppp2ppp/3p1n2/2bNn1B1/4P3/2Q5/PPP2PPP/R3KB1R b KQkq - 3 10,d3c3
39,Aadyant12,EulerE,1143,1162,r1bqk2r/1pp2ppp/3p1n2/p1bNn1B1/4P3/2Q5/PPP2PPP/R3KB1R w KQkq - 0 11,a7a5
39,Aadyant12,EulerE,1143,1162,r1bqk2r/1pp2ppp/3p1n2/p1bNn1B1/4P3/2Q2P2/PPP3PP/R3KB1R b KQkq - 0 11,f2f3
39,Aadyant12,EulerE,1143,1162,r1bqk2r/1pp2pp1/3p1n1p/p1bNn1B1/4P3/2Q2P2/PPP3PP/R3KB1R w KQkq - 0 12,h7h6
39,Aadyant12,EulerE,1143,1162,r1bqk2r/1pp2pp1/3p1n1p/p1bNn3/4P2B/2Q2P2/PPP3PP/R3KB1R b KQkq - 1 12,g5h4
39,Aadyant12,EulerE,1143,1162,r1bqk2r/1pp2p2/3p1n1p/p1bNn1p1/4P2B/2Q2P2/PPP3PP/R3KB1R w KQkq - 0 13,g7g5
39,Aadyant12,EulerE,1143,1162,r1bqk2r/1pp2p2/3p1n1p/p1bNn1p1/4P3/2Q2PB1/PPP3PP/R3KB1R b KQkq - 1 13,h4g3
39,Aadyant12,EulerE,1143,1162,r1bqk2r/1pp2p2/3p1n1p/p2Nn1p1/1b2P3/2Q2PB1/PPP3PP/R3KB1R w KQkq - 2 14,c5b4
39,Aadyant12,EulerE,1143,1162,r1bqk2r/1pp2p2/3p1n1p/p3n1p1/1N2P3/2Q2PB1/PPP3PP/R3KB1R b KQkq - 0 14,d5b4
39,Aadyant12,EulerE,1143,1162,r1bqk2r/1pp2p2/3p1n1p/4n1p1/1p2P3/2Q2PB1/PPP3PP/R3KB1R w KQkq - 0 15,a5b4
39,Aadyant12,EulerE,1143,1162,r1bqk2r/1pp2p2/3p1n1p/4n1p1/1Q2P3/5PB1/PPP3PP/R3KB1R b KQkq - 0 15,c3b4
39,Aadyant12,EulerE,1143,1162,r2qk2r/1pp2p2/3pbn1p/4n1p1/1Q2P3/5PB1/PPP3PP/R3KB1R w KQkq - 1 16,c8e6
39,Aadyant12,EulerE,1143,1162,r2qk2r/1Qp2p2/3pbn1p/4n1p1/4P3/5PB1/PPP3PP/R3KB1R b KQkq - 0 16,b4b7
39,Aadyant12,EulerE,1143,1162,1r1qk2r/1Qp2p2/3pbn1p/4n1p1/4P3/5PB1/PPP3PP/R3KB1R w KQk - 1 17,a8b8
39,Aadyant12,EulerE,1143,1162,1r1qk2r/2p2p2/Q2pbn1p/4n1p1/4P3/5PB1/PPP3PP/R3KB1R b KQk - 2 17,b7a6
39,Aadyant12,EulerE,1143,1162,3qk2r/2p2p2/Q2pbn1p/4n1p1/4P3/5PB1/PrP3PP/R3KB1R w KQk - 0 18,b8b2
39,Aadyant12,EulerE,1143,1162,3qk2r/2p2p2/3pbn1p/4n1p1/Q3P3/5PB1/PrP3PP/R3KB1R b KQk - 1 18,a6a4
39,Aadyant12,EulerE,1143,1162,3qk2r/2pb1p2/3p1n1p/4n1p1/Q3P3/5PB1/PrP3PP/R3KB1R w KQk - 2 19,e6d7
39,Aadyant12,EulerE,1143,1162,3qk2r/2pb1p2/3p1n1p/4n1p1/3QP3/5PB1/PrP3PP/R3KB1R b KQk - 3 19,a4d4
39,Aadyant12,EulerE,1143,1162,3qk2r/2pb1p2/3p1n1p/1r2n1p1/3QP3/5PB1/P1P3PP/R3KB1R w KQk - 4 20,b2b5
39,Aadyant12,EulerE,1143,1162,3qk2r/2pb1p2/3p1n1p/1B2n1p1/3QP3/5PB1/P1P3PP/R3K2R b KQk - 0 20,f1b5
39,Aadyant12,EulerE,1143,1162,3qk2r/2p2p2/3p1n1p/1b2n1p1/3QP3/5PB1/P1P3PP/R3K2R w KQk - 0 21,d7b5
39,Aadyant12,EulerE,1143,1162,3qk2r/2p2p2/3p1n1p/1b2B1p1/3QP3/5P2/P1P3PP/R3K2R b KQk - 0 21,g3e5
39,Aadyant12,EulerE,1143,1162,3qk2r/2p2p2/5n1p/1b2p1p1/3QP3/5P2/P1P3PP/R3K2R w KQk - 0 22,d6e5
39,Aadyant12,EulerE,1143,1162,3qk2r/2p2p2/5n1p/1b2Q1p1/4P3/5P2/P1P3PP/R3K2R b KQk - 0 22,d4e5
40,EulerE,Maestrinna,1169,1128,rnbqkbnr/pppppppp/8/8/3P4/8/PPP1PPPP/RNBQKBNR b KQkq - 0 1,d2d4
40,EulerE,Maestrinna,1169,1128,rnbqkbnr/ppp1pppp/8/3p4/3P4/8/PPP1PPPP/RNBQKBNR w KQkq - 0 2,d7d5
40,EulerE,Maestrinna,1169,1128,rnbqkbnr/ppp1pppp/8/3p4/2PP4/8/PP2PPPP/RNBQKBNR b KQkq - 0 2,c2c4
40,EulerE,Maestrinna,1169,1128,rnbqkbnr/ppp1pppp/8/8/2pP4/8/PP2PPPP/RNBQKBNR w KQkq - 0 3,d5c4
40,EulerE,Maestrinna,1169,1128,rnbqkbnr/ppp1pppp/8/8/2pPP3/8/PP3PPP/RNBQKBNR b KQkq - 0 3,e2e4
40,EulerE,Maestrinna,1169,1128,rnbqkbnr/ppp2ppp/4p3/8/2pPP3/8/PP3PPP/RNBQKBNR w KQkq - 0 4,e7e6
40,EulerE,Maestrinna,1169,1128,rnbqkbnr/ppp2ppp/4p3/8/2pPP3/2N5/PP3PPP/R1BQKBNR b KQkq - 1 4,b1c3
40,EulerE,Maestrinna,1169,1128,rnbqk1nr/ppp2ppp/4p3/8/1bpPP3/2N5/PP3PPP/R1BQKBNR w KQkq - 2 5,f8b4
40,EulerE,Maestrinna,1169,1128,rnbqk1nr/ppp2ppp/4p3/3P4/1bp1P3/2N5/PP3PPP/R1BQKBNR b KQkq - 0 5,d4d5
40,EulerE,Maestrinna,1169,1128,rnbqk1nr/ppp2ppp/8/3Pp3/1bp1P3/2N5/PP3PPP/R1BQKBNR w KQkq - 0 6,e6e5
40,EulerE,Maestrinna,1169,1128,rnbqk1nr/ppp2ppp/8/3Pp3/Qbp1P3/2N5/PP3PPP/R1B1KBNR b KQkq - 1 6,d1a4
40,EulerE,Maestrinna,1169,1128,rnbqk1nr/pp3ppp/2p5/3Pp3/Qbp1P3/2N5/PP3PPP/R1B1KBNR w KQkq - 0 7,c7c6
40,EulerE,Maestrinna,1169,1128,rnbqk1nr/pp3ppp/2p5/3Pp3/1Qp1P3/2N5/PP3PPP/R1B1KBNR b KQkq - 0 7,a4b4
40,EulerE,Maestrinna,1169,1128,rnbqk1nr/pp3ppp/8/3pp3/1Qp1P3/2N5/PP3PPP/R1B1KBNR w KQkq - 0 8,c6d5
40,EulerE,Maestrinna,1169,1128,rnbqk1nr/pp3ppp/8/3Pp3/1Qp5/2N5/PP3PPP/R1B1KBNR b KQkq - 0 8,e4d5
40,EulerE,Maestrinna,1169,1128,r1bqk1nr/pp3ppp/n7/3Pp3/1Qp5/2N5/PP3PPP/R1B1KBNR w KQkq - 1 9,b8a6
40,EulerE,Maestrinna,1169,1128,r1bqk1nr/pp3ppp/n7/3Pp3/2Q5/2N5/PP3PPP/R1B1KBNR b KQkq - 0 9,b4c4
40,EulerE,Maestrinna,1169,1128,r1bqk2r/pp3ppp/n4n2/3Pp3/2Q5/2N5/PP3PPP/R1B1KBNR w KQkq - 1 10,g8f6
40,EulerE,Maestrinna,1169,1128,r1bqk2r/pp3ppp/n4n2/1Q1Pp3/8/2N5/PP3PPP/R1B1KBNR b KQkq - 2 10,c4b5
40,EulerE,Maestrinna,1169,1128,r1bqk2r/pp1n1ppp/n7/1Q1Pp3/8/2N5/PP3PPP/R1B1KBNR w KQkq - 3 11,f6d7
40,EulerE,Maestrinna,1169,1128,r1bqk2r/pp1n1ppp/n7/1Q1Pp3/8/2N2N2/PP3PPP/R1B1KB1R b KQkq - 4 11,g1f3
40,EulerE,Maestrinna,1169,1128,r1bqk2r/pp1n2pp/n4p2/1Q1Pp3/8/2N2N2/PP3PPP/R1B1KB1R w KQkq - 0 12,f7f6
40,EulerE,Maestrinna,1169,1128,r1bqk2r/pp1n2pp/n4p2/1Q1Pp3/8/2NB1N2/PP3PPP/R1B1K2R b KQkq - 1 12,f1d3
40,EulerE,Maestrinna,1169,1128,r1bq1rk1/pp1n2pp/n4p2/1Q1Pp3/8/2NB1N2/PP3PPP/R1B1K2R w KQ - 2 13,e8g8
40,EulerE,Maestrinna,1169,1128,r1bq1rk1/pp1n2pp/n4p2/1Q1Pp3/8/2NB1N2/PP3PPP/R1B2RK1 b - - 3 13,e1g1
40,EulerE,Maestrinna,1169,1128,r1bq1rk1/pp1n2pp/n7/1Q1Ppp2/8/2NB1N2/PP3PPP/R1B2RK1 w - - 0 14,f6f5
40,EulerE,Maestrinna,1169,1128,r1bq1rk1/pp1n2pp/n7/1Q1Ppp2/8/2NB4/PP1N1PPP/R1B2RK1 b - - 1 14,f3d2
40,EulerE,Maestrinna,1169,1128,r1bq1rk1/pp1n2pp/n7/1Q1P1p2/4p3/2NB4/PP1N1PPP/R1B2RK1 w - - 0 15,e5e4
40,EulerE,Maestrinna,1169,1128,r1bq1rk1/pp1n2pp/n7/1Q1P1p2/2B1p3/2N5/PP1N1PPP/R1B2RK1 b - - 1 15,d3c4
40,EulerE,Maestrinna,1169,1128,r1bq1rk1/pp4pp/n7/1Q1Pnp2/2B1p3/2N5/PP1N1PPP/R1B2RK1 w - - 2 16,d7e5
40,EulerE,Maestrinna,1169,1128,r1bq1rk1/pp4pp/n7/1Q1Pnp2/2B1pP2/2N5/PP1N2PP/R1B2RK1 b - f3 0 16,f2f4
40,EulerE,Maestrinna,1169,1128,r1bq1rk1/pp4pp/n7/1Q1P1p2/2n1pP2/2N5/PP1N2PP/R1B2RK1 w - - 0 17,e5c4
40,EulerE,Maestrinna,1169,1128,r1bq1rk1/pp4pp/n7/3P1p2/2Q1pP2/2N5/PP1N2PP/R1B2RK1 b - - 0 17,b5c4
40,EulerE,Maestrinna,1169,1128,r2q1rk1/pp1b2pp/n7/3P1p2/2Q1pP2/2N5/PP1N2PP/R1B2RK1 w - - 1 18,c8d7
40,EulerE,Maestrinna,1169,1128,r2q1rk1/pp1b2pp/n7/3P1p2/P1Q1pP2/2N5/1P1N2PP/R1B2RK1 b - - 0 18,a2a4
40,EulerE,Maestrinna,1169,1128,r2q1rk1/ppnb2pp/8/3P1p2/P1Q1pP2/2N5/1P1N2PP/R1B2RK1 w - - 1 19,a6c7
40,EulerE,Maestrinna,1169,1128,r2q1rk1/ppnb2pp/3P4/5p2/P1Q1pP2/2N5/1P1N2PP/R1B2RK1 b - - 0 19,d5d6
40,EulerE,Maestrinna,1169,1128,r2q1rk1/pp1b2pp/3Pn3/5p2/P1Q1pP2/2N5/1P1N2PP/R1B2RK1 w - - 1 20,c7e6
40,EulerE,Maestrinna,1169,1128,r2q1rk1/pp1b2pp/3Pn3/5p2/P1Q1pPP1/2N5/1P1N3P/R1B2RK1 b - - 0 20,g2g4
40,EulerE,Maestrinna,1169,1128,r2q1r1k/pp1b2pp/3Pn3/5p2/P1Q1pPP1/2N5/1P1N3P/R1B2RK1 w - - 1 21,g8h8
40,EulerE,Maestrinna,1169,1128,r2q1r1k/pp1b2pp/3Pn3/5p2/P1Q1pPP1/1NN5/1P5P/R1B2RK1 b - - 2 21,d2b3
40,EulerE,Maestrinna,1169,1128,r4r1k/pp1b2pp/3Pn3/5p2/P1Q1pPPq/1NN5/1P5P/R1B2RK1 w - - 3 22,d8h4
40,EulerE,Maestrinna,1169,1128,r4r1k/pp1b2pp/3Pn3/5pP1/P1Q1pP1q/1NN5/1P5P/R1B2RK1 b - - 0 22,g4g5
40,EulerE,Maestrinna,1169,1128,r4r1k/pp1b2pp/3P4/5pP1/P1Q1pn1q/1NN5/1P5P/R1B2RK1 w - - 0 23,e6f4
40,EulerE,Maestrinna,1169,1128,r4r1k/pp1b2pp/3P4/5pP1/P1Q1pR1q/1NN5/1P5P/R1B3K1 b - - 0 23,f1f4
40,EulerE,Maestrinna,1169,1128,r4r1k/pp1b2pp/3P4/5pq1/P1Q1pR2/1NN5/1P5P/R1B3K1 w - - 0 24,h4g5
40,EulerE,Maestrinna,1169,1128,r4r1k/pp1b2pp/3P4/5pq1/P1Q1pR2/1NN5/1P5P/R1B4K b - - 1 24,g1h1
40,EulerE,Maestrinna,1169,1128,2r2r1k/pp1b2pp/3P4/5pq1/P1Q1pR2/1NN5/1P5P/R1B4K w - - 2 25,a8c8
40,EulerE,Maestrinna,1169,1128,2r2r1k/pp1b2pp/3P4/5pq1/P1Q1R3/1NN5/1P5P/R1B4K b - - 0 25,f4e4
40,EulerE,Maestrinna,1169,1128,5r1k/pp1b2pp/3P4/5pq1/P1r1R3/1NN5/1P5P/R1B4K w - - 0 26,c8c4
40,EulerE,Maestrinna,1169,1128,5r1k/pp1b2pp/3P4/5pB1/P1r1R3/1NN5/1P5P/R6K b - - 0 26,c1g5
40,EulerE,Maestrinna,1169,1128,5r1k/pp1b2pp/3P4/6B1/P1r1p3/1NN5/1P5P/R6K w - - 0 27,f5e4
40,EulerE,Maestrinna,1169,1128,5r1k/pp1bB1pp/3P4/8/P1r1p3/1NN5/1P5P/R6K b - - 1 27,g5e7
40,EulerE,Maestrinna,1169,1128,4r2k/pp1bB1pp/3P4/8/P1r1p3/1NN5/1P5P/R6K w - - 2 28,f8e8
40,EulerE,Maestrinna,1169,1128,4r2k/pp1bB1pp/3P4/8/P1r1p3/2N5/1P1N3P/R6K b - - 3 28,b3d2
40,EulerE,Maestrinna,1169,1128,4r2k/pp1bB1pp/3P4/8/P2rp3/2N5/1P1N3P/R6K w - - 4 29,c4d4
40,EulerE,Maestrinna,1169,1128,4r2k/pp1bB1pp/3P4/8/P2rN3/2N5/1P5P/R6K b - - 0 29,d2e4
40,EulerE,Maestrinna,1169,1128,4r2k/pp2B1pp/2bP4/8/P2rN3/2N5/1P5P/R6K w - - 1 30,d7c6
40,EulerE,Maestrinna,1169,1128,4r2k/pp2B1pp/2bP4/8/P2rN3/2N5/1P5P/4R2K b - - 2 30,a1e1
40,EulerE,Maestrinna,1169,1128,4r2k/pp2B1pp/3P4/8/P2rb3/2N5/1P5P/4R2K w - - 0 31,c6e4
40,EulerE,Maestrinna,1169,1128,4r2k/pp2B1pp/3P4/8/P2rR3/2N5/1P5P/7K b - - 0 31,e1e4
40,EulerE,Maestrinna,1169,1128,4r2k/pp2B1pp/3P4/8/P3R3/2N5/1P1r3P/7K w - - 1 32,d4d2
40,EulerE,Maestrinna,1169,1128,4r2k/pp1PB1pp/8/8/P3R3/2N5/1P1r3P/7K b - - 0 32,d6d7
40,EulerE,Maestrinna,1169,1128,4r2k/pp1rB1pp/8/8/P3R3/2N5/1P5P/7K w - - 0 33,d2d7
40,EulerE,Maestrinna,1169,1128,4r2k/pp1r2pp/8/2B5/P3R3/2N5/1P5P/7K b - - 1 33,e7c5
40,EulerE,Maestrinna,1169,1128,7k/pp1r2pp/8/2B5/P3r3/2N5/1P5P/7K w - - 0 34,e8e4
40,EulerE,Maestrinna,1169,1128,7k/pp1r2pp/8/2B5/P3N3/8/1P5P/7K b - - 0 34,c3e4
40,EulerE,Maestrinna,1169,1128,7k/p2r2pp/1p6/2B5/P3N3/8/1P5P/7K w - - 0 35,b7b6
40,EulerE,Maestrinna,1169,1128,7k/p2r2pp/1p6/8/P3N3/B7/1P5P/7K b - - 1 35,c5a3
40,EulerE,Maestrinna,1169,1128,7k/p5pp/1p6/8/P2rN3/B7/1P5P/7K w - - 2 36,d7d4
40,EulerE,Maestrinna,1169,1128,7k/p5pp/1p6/8/P2r4/B7/1P3N1P/7K b - - 3 36,e4f2
40,EulerE,Maestrinna,1169,1128,7k/p5pp/1p6/8/r7/B7/1P3N1P/7K w - - 0 37,d4a4
40,EulerE,Maestrinna,1169,1128,7k/p5pp/1p6/8/r7/B7/1P3NKP/8 b - - 1 37,h1g2
40,EulerE,Maestrinna,1169,1128,7k/p6p/1p6/6p1/r7/B7/1P3NKP/8 w - - 0 38,g7g5
40,EulerE,Maestrinna,1169,1128,7k/p6p/1p6/6p1/r7/B4K2/1P3N1P/8 b - - 1 38,g2f3
40,EulerE,Maestrinna,1169,1128,7k/p7/1p5p/6p1/r7/B4K2/1P3N1P/8 w - - 0 39,h7h6
40,EulerE,Maestrinna,1169,1128,7k/p7/1p5p/6p1/r7/B3K3/1P3N1P/8 b - - 1 39,f3e3
40,EulerE,Maestrinna,1169,1128,7k/p7/1p5p/6p1/5r2/B3K3/1P3N1P/8 w - - 2 40,a4f4
40,EulerE,Maestrinna,1169,1128,7k/p7/1p5p/6p1/5r2/BP2K3/5N1P/8 b - - 0 40,b2b3
40,EulerE,Maestrinna,1169,1128,7k/8/1p5p/p5p1/5r2/BP2K3/5N1P/8 w - - 0 41,a7a5
40,EulerE,Maestrinna,1169,1128,7k/8/1p5p/p5p1/5r2/BP1NK3/7P/8 b - - 1 41,f2d3
40,EulerE,Maestrinna,1169,1128,7k/8/1p5p/p5p1/7r/BP1NK3/7P/8 w - - 2 42,f4h4
40,EulerE,Maestrinna,1169,1128,7k/8/1p5p/p5p1/7r/1P1NK3/1B5P/8 b - - 3 42,a3b2
40,EulerE,Maestrinna,1169,1128,6k1/8/1p5p/p5p1/7r/1P1NK3/1B5P/8 w - - 4 43,h8g8
40,EulerE,Maestrinna,1169,1128,6k1/8/1p5p/p3B1p1/7r/1P1NK3/7P/8 b - - 5 43,b2e5
40,EulerE,Maestrinna,1169,1128,8/5k2/1p5p/p3B1p1/7r/1P1NK3/7P/8 w - - 6 44,g8f7
40,EulerE,Maestrinna,1169,1128,8/5k2/1p5p/p5p1/7r/1P1NK1B1/7P/8 b - - 7 44,e5g3
40,EulerE,Maestrinna,1169,1128,8/5k2/1p5p/p5p1/6r1/1P1NK1B1/7P/8 w - - 8 45,h4g4
40,EulerE,Maestrinna,1169,1128,8/5k2/1p5p/p3N1p1/6r1/1P2K1B1/7P/8 b - - 9 45,d3e5
40,EulerE,Maestrinna,1169,1128,8/8/1p3k1p/p3N1p1/6r1/1P2K1B1/7P/8 w - - 10 46,f7f6
40,EulerE,Maestrinna,1169,1128,8/8/1p3k1p/p5p1/6N1/1P2K1B1/7P/8 b - - 0 46,e5g4
40,EulerE,Maestrinna,1169,1128,8/8/1p4kp/p5p1/6N1/1P2K1B1/7P/8 w - - 1 47,f6g6
40,EulerE,Maestrinna,1169,1128,8/8/1p4kp/p3N1p1/8/1P2K1B1/7P/8 b - - 2 47,g4e5
40,EulerE,Maestrinna,1169,1128,8/8/1p5p/p3Nkp1/8/1P2K1B1/7P/8 w - - 3 48,g6f5
40,EulerE,Maestrinna,1169,1128,8/8/1p5p/p4kp1/2N5/1P2K1B1/7P/8 b - - 4 48,e5c4
40,EulerE,Maestrinna,1169,1128,8/8/7p/pp3kp1/2N5/1P2K1B1/7P/8 w - - 0 49,b6b5
40,EulerE,Maestrinna,1169,1128,8/8/7p/Np3kp1/8/1P2K1B1/7P/8 b - - 0 49,c4a5
40,EulerE,Maestrinna,1169,1128,8/8/8/Np3kpp/8/1P2K1B1/7P/8 w - - 0 50,h6h5
40,EulerE,Maestrinna,1169,1128,8/8/8/Np3kpp/7P/1P2K1B1/8/8 b - - 0 50,h2h4
40,EulerE,Maestrinna,1169,1128,8/8/8/Np4pp/6kP/1P2K1B1/8/8 w - - 1 51,f5g4
40,EulerE,Maestrinna,1169,1128,8/8/8/Np4Pp/6k1/1P2K1B1/8/8 b - - 0 51,h4g5
40,EulerE,Maestrinna,1169,1128,8/8/8/Np4Pp/8/1P2K1k1/8/8 w - - 0 52,g4g3
40,EulerE,Maestrinna,1169,1128,8/8/6P1/Np5p/8/1P2K1k1/8/8 b - - 0 52,g5g6
40,EulerE,Maestrinna,1169,1128,8/8/6P1/Np6/7p/1P2K1k1/8/8 w - - 0 53,h5h4
40,EulerE,Maestrinna,1169,1128,8/6P1/8/Np6/7p/1P2K1k1/8/8 b - - 0 53,g6g7
40,EulerE,Maestrinna,1169,1128,8/6P1/8/Np6/8/1P2K1kp/8/8 w - - 0 54,h4h3
40,EulerE,Maestrinna,1169,1128,6Q1/8/8/Np6/8/1P2K1kp/8/8 b - - 0 54,g7g8q
40,EulerE,Maestrinna,1169,1128,6Q1/8/8/Np6/7k/1P2K2p/8/8 w - - 1 55,g3h4
40,EulerE,Maestrinna,1169,1128,3Q4/8/8/Np6/7k/1P2K2p/8/8 b - - 2 55,g8d8
40,EulerE,Maestrinna,1169,1128,3Q4/8/8/Np6/8/1P2K1kp/8/8 w - - 3 56,h4g3
40,EulerE,Maestrinna,1169,1128,8/8/8/Np4Q1/8/1P2K1kp/8/8 b - - 4 56,d8g5
40,EulerE,Maestrinna,1169,1128,8/8/8/Np4Q1/8/1P2K2p/7k/8 w - - 5 57,g3h2
40,EulerE,Maestrinna,1169,1128,8/8/8/Np4Q1/8/1P3K1p/7k/8 b - - 6 57,e3f3
40,EulerE,Maestrinna,1169,1128,8/8/8/N5Q1/1p6/1P3K1p/7k/8 w - - 0 58,b5b4
40,EulerE,Maestrinna,1169,1128,8/8/8/N7/1p6/1P3KQp/7k/8 b - - 1 58,g5g3
40,EulerE,Maestrinna,1169,1128,8/8/8/N7/1p6/1P3KQp/8/7k w - - 2 59,h2h1
40,EulerE,Maestrinna,1169,1128,8/8/8/N7/1p6/1P4Qp/5K2/7k b - - 3 59,f3f2
41,EulerE,Schopenhauer1788,1160,1122,rnbqkbnr/pppppppp/8/8/3P4/8/PPP1PPPP/RNBQKBNR b KQkq - 0 1,d2d4
41,EulerE,Schopenhauer1788,1160,1122,rnbqkb1r/pppppppp/5n2/8/3P4/8/PPP1PPPP/RNBQKBNR w KQkq - 1 2,g8f6
41,EulerE,Schopenhauer1788,1160,1122,rnbqkb1r/pppppppp/5n2/8/2PP4/8/PP2PPPP/RNBQKBNR b KQkq - 0 2,c2c4
41,EulerE,Schopenhauer1788,1160,1122,rnbqkb1r/pppppp1p/5np1/8/2PP4/8/PP2PPPP/RNBQKBNR w KQkq - 0 3,g7g6
41,EulerE,Schopenhauer1788,1160,1122,rnbqkb1r/pppppp1p/5np1/6B1/2PP4/8/PP2PPPP/RN1QKBNR b KQkq - 1 3,c1g5
41,EulerE,Schopenhauer1788,1160,1122,rnbqk2r/ppppppbp/5np1/6B1/2PP4/8/PP2PPPP/RN1QKBNR w KQkq - 2 4,f8g7
41,EulerE,Schopenhauer1788,1160,1122,rnbqk2r/ppppppbp/5np1/6B1/2PP4/5N2/PP2PPPP/RN1QKB1R b KQkq - 3 4,g1f3
41,EulerE,Schopenhauer1788,1160,1122,rnbq1rk1/ppppppbp/5np1/6B1/2PP4/5N2/PP2PPPP/RN1QKB1R w KQ - 4 5,e8g8
41,EulerE,Schopenhauer1788,1160,1122,rnbq1rk1/ppppppbp/5np1/6B1/2PP4/2N2N2/PP2PPPP/R2QKB1R b KQ - 5 5,b1c3
41,EulerE,Schopenhauer1788,1160,1122,rnbq1rk1/ppp1ppbp/5np1/3p2B1/2PP4/2N2N2/PP2PPPP/R2QKB1R w KQ - 0 6,d7d5
41,EulerE,Schopenhauer1788,1160,1122,rnbq1rk1/ppp1ppbp/5Bp1/3p4/2PP4/2N2N2/PP2PPPP/R2QKB1R b KQ - 0 6,g5f6
41,EulerE,Schopenhauer1788,1160,1122,rnbq1rk1/ppp1pp1p/5bp1/3p4/2PP4/2N2N2/PP2PPPP/R2QKB1R w KQ - 0 7,g7f6
41,EulerE,Schopenhauer1788,1160,1122,rnbq1rk1/ppp1pp1p/5bp1/3p4/2PPP3/2N2N2/PP3PPP/R2QKB1R b KQ - 0 7,e2e4
41,EulerE,Schopenhauer1788,1160,1122,rnbq1rk1/ppp1pp1p/5bp1/8/2PPp3/2N2N2/PP3PPP/R2QKB1R w KQ - 0 8,d5e4
41,EulerE,Schopenhauer1788,1160,1122,rnbq1rk1/ppp1pp1p/5bp1/8/2PPN3/5N2/PP3PPP/R2QKB1R b KQ - 0 8,c3e4
41,EulerE,Schopenhauer1788,1160,1122,rnbq1rk1/ppp1ppbp/6p1/8/2PPN3/5N2/PP3PPP/R2QKB1R w KQ - 1 9,f6g7
41,EulerE,Schopenhauer1788,1160,1122,rnbq1rk1/ppp1ppbp/6p1/8/2PPN3/5N2/PP2BPPP/R2QK2R b KQ - 2 9,f1e2
41,EulerE,Schopenhauer1788,1160,1122,r1bq1rk1/pppnppbp/6p1/8/2PPN3/5N2/PP2BPPP/R2QK2R w KQ - 3 10,b8d7
41,EulerE,Schopenhauer1788,1160,1122,r1bq1rk1/pppnppbp/6p1/8/2PPN3/5N2/PP2BPPP/R2Q1RK1 b - - 4 10,e1g1
41,EulerE,Schopenhauer1788,1160,1122,r1bq1rk1/ppp1ppbp/5np1/8/2PPN3/5N2/PP2BPPP/R2Q1RK1 w - - 5 11,d7f6
41,EulerE,Schopenhauer1788,1160,1122,r1bq1rk1/ppp1ppbp/5np1/6N1/2PPN3/8/PP2BPPP/R2Q1RK1 b - - 6 11,f3g5
41,EulerE,Schopenhauer1788,1160,1122,r1bq1rk1/ppp1ppb1/5npp/6N1/2PPN3/8/PP2BPPP/R2Q1RK1 w - - 0 12,h7h6
41,EulerE,Schopenhauer1788,1160,1122,r1bq1rk1/ppp1ppb1/5Npp/6N1/2PP4/8/PP2BPPP/R2Q1RK1 b - - 0 12,e4f6
41,EulerE,Schopenhauer1788,1160,1122,r1bq1rk1/ppp2pb1/5ppp/6N1/2PP4/8/PP2BPPP/R2Q1RK1 w - - 0 13,e7f6
41,EulerE,Schopenhauer1788,1160,1122,r1bq1rk1/ppp2pb1/5ppp/8/2PP4/5N2/PP2BPPP/R2Q1RK1 b - - 1 13,g5f3
41,EulerE,Schopenhauer1788,1160,1122,r2q1rk1/ppp2pb1/5ppp/8/2PP2b1/5N2/PP2BPPP/R2Q1RK1 w - - 2 14,c8g4
41,EulerE,Schopenhauer1788,1160,1122,r2q1rk1/ppp2pb1/5ppp/3P4/2P3b1/5N2/PP2BPPP/R2Q1RK1 b - - 0 14,d4d5
41,EulerE,Schopenhauer1788,1160,1122,r2q1rk1/ppp2pb1/5ppp/3P4/2P5/5b2/PP2BPPP/R2Q1RK1 w - - 0 15,g4f3
41,EulerE,Schopenhauer1788,1160,1122,r2q1rk1/ppp2pb1/5ppp/3P4/2P5/5B2/PP3PPP/R2Q1RK1 b - - 0 15,e2f3
41,EulerE,Schopenhauer1788,1160,1122,r2q1rk1/ppp2pb1/6pp/3P1p2/2P5/5B2/PP3PPP/R2Q1RK1 w - - 0 16,f6f5
41,EulerE,Schopenhauer1788,1160,1122,r2q1rk1/ppp2pb1/6pp/3P1p2/2P5/5B2/PP3PPP/2RQ1RK1 b - - 1 16,a1c1
41,EulerE,Schopenhauer1788,1160,1122,r2q1rk1/ppp2p2/6pp/3P1p2/2P5/5B2/Pb3PPP/2RQ1RK1 w - - 0 17,g7b2
41,EulerE,Schopenhauer1788,1160,1122,r2q1rk1/ppp2p2/6pp/3P1p2/2P5/5B2/PbR2PPP/3Q1RK1 b - - 1 17,c1c2
41,EulerE,Schopenhauer1788,1160,1122,r2q1rk1/ppp2pb1/6pp/3P1p2/2P5/5B2/P1R2PPP/3Q1RK1 w - - 2 18,b2g7
41,EulerE,Schopenhauer1788,1160,1122,r2q1rk1/ppp2pb1/3P2pp/5p2/2P5/5B2/P1R2PPP/3Q1RK1 b - - 0 18,d5d6
41,EulerE,Schopenhauer1788,1160,1122,r4rk1/ppp2pb1/3q2pp/5p2/2P5/5B2/P1R2PPP/3Q1RK1 w - - 0 19,d8d6
41,EulerE,Schopenhauer1788,1160,1122,r4rk1/ppp2pb1/3Q2pp/5p2/2P5/5B2/P1R2PPP/5RK1 b - - 0 19,d1d6
41,EulerE,Schopenhauer1788,1160,1122,r4rk1/pp3pb1/3p2pp/5p2/2P5/5B2/P1R2PPP/5RK1 w - - 0 20,c7d6
41,EulerE,Schopenhauer1788,1160,1122,r4rk1/pB3pb1/3p2pp/5p2/2P5/8/P1R2PPP/5RK1 b - - 0 20,f3b7
41,EulerE,Schopenhauer1788,1160,1122,1r3rk1/pB3pb1/3p2pp/5p2/2P5/8/P1R2PPP/5RK1 w - - 1 21,a8b8
41,EulerE,Schopenhauer1788,1160,1122,1r3rk1/p4pb1/3p2pp/3B1p2/2P5/8/P1R2PPP/5RK1 b - - 2 21,b7d5
41,EulerE,Schopenhauer1788,1160,1122,2r2rk1/p4pb1/3p2pp/3B1p2/2P5/8/P1R2PPP/5RK1 w - - 3 22,b8c8
41,EulerE,Schopenhauer1788,1160,1122,2r2rk1/p4pb1/3p2pp/3B1p2/2P5/8/PR3PPP/5RK1 b - - 4 22,c2b2
41,EulerE,Schopenhauer1788,1160,1122,2r2rk1/p4p2/3p2pp/3B1p2/2Pb4/8/PR3PPP/5RK1 w - - 5 23,g7d4
42,kristofferrevve,EulerE,1139,1168,rnbqkbnr/pppppppp/8/8/4P3/8/PPPP1PPP/RNBQKBNR b KQkq - 0 1,e2e4
42,kristofferrevve,EulerE,1139,1168,r1bqkbnr/pppppppp/2n5/8/4P3/8/PPPP1PPP/RNBQKBNR w KQkq - 1 2,b8c6
42,kristofferrevve,EulerE,1139,1168,r1bqkbnr/pppppppp/2n5/8/3PP3/8/PPP2PPP/RNBQKBNR b KQkq - 0 2,d2d4
42,kristofferrevve,EulerE,1139,1168,r1bqkbnr/ppp1pppp/2n5/3p4/3PP3/8/PPP2PPP/RNBQKBNR w KQkq - 0 3,d7d5
42,kristofferrevve,EulerE,1139,1168,r1bqkbnr/ppp1pppp/2n5/3pP3/3P4/8/PPP2PPP/RNBQKBNR b KQkq - 0 3,e4e5
42,kristofferrevve,EulerE,1139,1168,r2qkbnr/ppp1pppp/2n5/3pPb2/3P4/8/PPP2PPP/RNBQKBNR w KQkq - 1 4,c8f5
42,kristofferrevve,EulerE,1139,1168,r2qkbnr/ppp1pppp/2n5/3pPb2/3P4/5N2/PPP2PPP/RNBQKB1R b KQkq - 2 4,g1f3
42,kristofferrevve,EulerE,1139,1168,r2qkbnr/ppp1p1pp/2n2p2/3pPb2/3P4/5N2/PPP2PPP/RNBQKB1R w KQkq - 0 5,f7f6
42,kristofferrevve,EulerE,1139,1168,r2qkbnr/ppp1p1pp/2n2p2/3pPb2/3P4/P4N2/1PP2PPP/RNBQKB1R b KQkq - 0 5,a2a3
42,kristofferrevve,EulerE,1139,1168,r2qkbnr/ppp3pp/2n1pp2/3pPb2/3P4/P4N2/1PP2PPP/RNBQKB1R w KQkq - 0 6,e7e6
42,kristofferrevve,EulerE,1139,1168,r2qkbnr/ppp3pp/2n1pp2/1B1pPb2/3P4/P4N2/1PP2PPP/RNBQK2R b KQkq - 1 6,f1b5
42,kristofferrevve,EulerE,1139,1168,r3kbnr/pppq2pp/2n1pp2/1B1pPb2/3P4/P4N2/1PP2PPP/RNBQK2R w KQkq - 2 7,d8d7
42,kristofferrevve,EulerE,1139,1168,r3kbnr/pppq2pp/2n1pp2/1B1pPb2/3P4/P1N2N2/1PP2PPP/R1BQK2R b KQkq - 3 7,b1c3
42,kristofferrevve,EulerE,1139,1168,r3kbnr/1ppq2pp/p1n1pp2/1B1pPb2/3P4/P1N2N2/1PP2PPP/R1BQK2R w KQkq - 0 8,a7a6
42,kristofferrevve,EulerE,1139,1168,r3kbnr/1ppq2pp/p1B1pp2/3pPb2/3P4/P1N2N2/1PP2PPP/R1BQK2R b KQkq - 0 8,b5c6
42,kristofferrevve,EulerE,1139,1168,r3kbnr/1pp3pp/p1q1pp2/3pPb2/3P4/P1N2N2/1PP2PPP/R1BQK2R w KQkq - 0 9,d7c6
42,kristofferrevve,EulerE,1139,1168,r3kbnr/1pp3pp/p1q1pp2/3pPb2/3P4/P1N1BN2/1PP2PPP/R2QK2R b KQkq - 1 9,c1e3
42,kristofferrevve,EulerE,1139,1168,r3kb1r/1pp3pp/p1q1pp1n/3pPb2/3P4/P1N1BN2/1PP2PPP/R2QK2R w KQkq - 2 10,g8h6
42,kristofferrevve,EulerE,1139,1168,r3kb1r/1pp3pp/p1q1pp1n/3pPb2/3P4/P1N1BN1P/1PP2PP1/R2QK2R b KQkq - 0 10,h2h3
42,kristofferrevve,EulerE,1139,1168,r3k2r/1pp1b1pp/p1q1pp1n/3pPb2/3P4/P1N1BN1P/1PP2PP1/R2QK2R w KQkq - 1 11,f8e7
42,kristofferrevve,EulerE,1139,1168,r3k2r/1pp1b1pp/p1q1pp1n/3pPb2/3P4/P1N1BN1P/1PPQ1PP1/R3K2R b KQkq - 2 11,d1d2
42,kristofferrevve,EulerE,1139,1168,r3k2r/1pp1b2p/p1q1pp1n/3pPbp1/3P4/P1N1BN1P/1PPQ1PP1/R3K2R w KQkq - 0 12,g7g5
42,kristofferrevve,EulerE,1139,1168,r3k2r/1pp1b2p/p1q1pp1n/3pPbp1/3P3P/P1N1BN2/1PPQ1PP1/R3K2R b KQkq - 0 12,h3h4
42,kristofferrevve,EulerE,1139,1168,r3k2r/1pp1b2p/p1q1pp1n/3pPb2/3P2pP/P1N1BN2/1PPQ1PP1/R3K2R w KQkq - 0 13,g5g4
42,kristofferrevve,EulerE,1139,1168,r3k2r/1pp1b2p/p1q1pp1B/3pPb2/3P2pP/P1N2N2/1PPQ1PP1/R3K2R b KQkq - 0 13,e3h6
42,kristofferrevve,EulerE,1139,1168,r3k2r/1pp1b2p/p1q1pp1B/3pPb2/3P3P/P1N2p2/1PPQ1PP1/R3K2R w KQkq - 0 14,g4f3
42,kristofferrevve,EulerE,1139,1168,r3k2r/1pp1b2p/p1q1pp1B/3pPb2/3P3P/P1N2P2/1PPQ1P2/R3K2R b KQkq - 0 14,g2f3
42,kristofferrevve,EulerE,1139,1168,2kr3r/1pp1b2p/p1q1pp1B/3pPb2/3P3P/P1N2P2/1PPQ1P2/R3K2R w KQ - 1 15,e8c8
42,kristofferrevve,EulerE,1139,1168,2kr3r/1pp1b1Bp/p1q1pp2/3pPb2/3P3P/P1N2P2/1PPQ1P2/R3K2R b KQ - 2 15,h6g7
42,kristofferrevve,EulerE,1139,1168,2kr2r1/1pp1b1Bp/p1q1pp2/3pPb2/3P3P/P1N2P2/1PPQ1P2/R3K2R w KQ - 3 16,h8g8
42,kristofferrevve,EulerE,1139,1168,2kr2r1/1pp1b1Bp/p1q1pp1Q/3pPb2/3P3P/P1N2P2/1PP2P2/R3K2R b KQ - 4 16,d2h6
42,kristofferrevve,EulerE,1139,1168,2kr2r1/1pp1b1Bp/p1q1p2Q/3ppb2/3P3P/P1N2P2/1PP2P2/R3K2R w KQ - 0 17,f6e5
42,kristofferrevve,EulerE,1139,1168,2kr2r1/1pp1b1Bp/p1q1p2Q/3pPb2/7P/P1N2P2/1PP2P2/R3K2R b KQ - 0 17,d4e5
42,kristofferrevve,EulerE,1139,1168,2kr1br1/1pp3Bp/p1q1p2Q/3pPb2/7P/P1N2P2/1PP2P2/R3K2R w KQ - 1 18,e7f8
42,kristofferrevve,EulerE,1139,1168,2kr1br1/1pp3Bp/p1q1p2Q/3pPb2/7P/P1N2P2/1PP2P2/R3K1R1 b Q - 2 18,h1g1
42,kristofferrevve,EulerE,1139,1168,2kr2r1/1pp3bp/p1q1p2Q/3pPb2/7P/P1N2P2/1PP2P2/R3K1R1 w Q - 0 19,f8g7
42,kristofferrevve,EulerE,1139,1168,2kr2r1/1pp3Rp/p1q1p2Q/3pPb2/7P/P1N2P2/1PP2P2/R3K3 b Q - 0 19,g1g7
42,kristofferrevve,EulerE,1139,1168,2kr4/1pp3rp/p1q1p2Q/3pPb2/7P/P1N2P2/1PP2P2/R3K3 w Q - 0 20,g8g7
42,kristofferrevve,EulerE,1139,1168,2kr4/1pp3Qp/p1q1p3/3pPb2/7P/P1N2P2/1PP2P2/R3K3 b Q - 0 20,h6g7
42,kristofferrevve,EulerE,1139,1168,2kr4/1pp3Qp/p1q1p3/4Pb2/3p3P/P1N2P2/1PP2P2/R3K3 w Q - 0 21,d5d4
42,kristofferrevve,EulerE,1139,1168,2kr4/1pp3Qp/p1q1p3/4Pb2/3p3P/P1N2P2/1PP2P2/2KR4 b - - 1 21,e1c1
42,kristofferrevve,EulerE,1139,1168,2k5/1ppr2Qp/p1q1p3/4Pb2/3p3P/P1N2P2/1PP2P2/2KR4 w - - 2 22,d8d7
42,kristofferrevve,EulerE,1139,1168,2k2Q2/1ppr3p/p1q1p3/4Pb2/3p3P/P1N2P2/1PP2P2/2KR4 b - - 3 22,g7f8
42,kristofferrevve,EulerE,1139,1168,2kr1Q2/1pp4p/p1q1p3/4Pb2/3p3P/P1N2P2/1PP2P2/2KR4 w - - 4 23,d7d8
42,kristofferrevve,EulerE,1139,1168,2kr4/1pp1Q2p/p1q1p3/4Pb2/3p3P/P1N2P2/1PP2P2/2KR4 b - - 5 23,f8e7
42,kristofferrevve,EulerE,1139,1168,2k1r3/1pp1Q2p/p1q1p3/4Pb2/3p3P/P1N2P2/1PP2P2/2KR4 w - - 6 24,d8e8
42,kristofferrevve,EulerE,1139,1168,2k1r3/1pp4p/p1q1pQ2/4Pb2/3p3P/P1N2P2/1PP2P2/2KR4 b - - 7 24,e7f6
42,kristofferrevve,EulerE,1139,1168,2k1r3/1pp4p/p1q1pQ2/4Pb2/7P/P1p2P2/1PP2P2/2KR4 w - - 0 25,d4c3
42,kristofferrevve,EulerE,1139,1168,2kRr3/1pp4p/p1q1pQ2/4Pb2/7P/P1p2P2/1PP2P2/2K5 b - - 1 25,d1d8
42,kristofferrevve,EulerE,1139,1168,2kr4/1pp4p/p1q1pQ2/4Pb2/7P/P1p2P2/1PP2P2/2K5 w - - 0 26,e8d8
42,kristofferrevve,EulerE,1139,1168,2kQ4/1pp4p/p1q1p3/4Pb2/7P/P1p2P2/1PP2P2/2K5 b - - 0 26,f6d8
42,kristofferrevve,EulerE,1139,1168,3k4/1pp4p/p1q1p3/4Pb2/7P/P1p2P2/1PP2P2/2K5 w - - 0 27,c8d8
43,EulerE,joseapariciopepe,1178,1244,rnbqkbnr/pppppppp/8/8/3P4/8/PPP1PPPP/RNBQKBNR b KQkq - 0 1,d2d4
43,EulerE,joseapariciopepe,1178,1244,rnbqkb1r/pppppppp/5n2/8/3P4/8/PPP1PPPP/RNBQKBNR w KQkq - 1 2,g8f6
43,EulerE,joseapariciopepe,1178,1244,rnbqkb1r/pppppppp/5n2/8/2PP4/8/PP2PPPP/RNBQKBNR b KQkq - 0 2,c2c4
43,EulerE,joseapariciopepe,1178,1244,rnbqkb1r/pppp1ppp/4pn2/8/2PP4/8/PP2PPPP/RNBQKBNR w KQkq - 0 3,e7e6
43,EulerE,joseapariciopepe,1178,1244,rnbqkb1r/pppp1ppp/4pn2/8/2PP4/2N5/PP2PPPP/R1BQKBNR b KQkq - 1 3,b1c3
43,EulerE,joseapariciopepe,1178,1244,rnbqkb1r/pp1p1ppp/2p1pn2/8/2PP4/2N5/PP2PPPP/R1BQKBNR w KQkq - 0 4,c7c6
43,EulerE,joseapariciopepe,1178,1244,rnbqkb1r/pp1p1ppp/2p1pn2/8/2PPP3/2N5/PP3PPP/R1BQKBNR b KQkq - 0 4,e2e4
43,EulerE,joseapariciopepe,1178,1244,rnbqk2r/pp1p1ppp/2p1pn2/8/1bPPP3/2N5/PP3PPP/R1BQKBNR w KQkq - 1 5,f8b4
43,EulerE,joseapariciopepe,1178,1244,rnbqk2r/pp1p1ppp/2p1pn2/8/1bPPP3/2N5/PP1B1PPP/R2QKBNR b KQkq - 2 5,c1d2
43,EulerE,joseapariciopepe,1178,1244,rnbqk2r/pp1p1ppp/2p1pn2/8/2PPP3/2b5/PP1B1PPP/R2QKBNR w KQkq - 0 6,b4c3
43,EulerE,joseapariciopepe,1178,1244,rnbqk2r/pp1p1ppp/2p1pn2/8/2PPP3/2B5/PP3PPP/R2QKBNR b KQkq - 0 6,d2c3
43,EulerE,joseapariciopepe,1178,1244,rnbqk2r/pp1p1ppp/2p1p3/8/2PPn3/2B5/PP3PPP/R2QKBNR w KQkq - 0 7,f6e4
43,EulerE,joseapariciopepe,1178,1244,rnbqk2r/pp1p1ppp/2p1p3/8/2PPn3/2B5/PPQ2PPP/R3KBNR b KQkq - 1 7,d1c2
43,EulerE,joseapariciopepe,1178,1244,rnbqk2r/pp1p1ppp/2p1p3/8/2PP4/2n5/PPQ2PPP/R3KBNR w KQkq - 0 8,e4c3
43,EulerE,joseapariciopepe,1178,1244,rnbqk2r/pp1p1ppp/2p1p3/8/2PP4/2Q5/PP3PPP/R3KBNR b KQkq - 0 8,c2c3
43,EulerE,joseapariciopepe,1178,1244,rnb1k2r/pp1p1ppp/2p1p3/6q1/2PP4/2Q5/PP3PPP/R3KBNR w KQkq - 1 9,d8g5
43,EulerE,joseapariciopepe,1178,1244,rnb1k2r/pp1p1ppp/2p1p3/6q1/2PP4/2Q2N2/PP3PPP/R3KB1R b KQkq - 2 9,g1f3
43,EulerE,joseapariciopepe,1178,1244,rnb1k2r/pp1p1ppp/2p1p1q1/8/2PP4/2Q2N2/PP3PPP/R3KB1R w KQkq - 3 10,g5g6
43,EulerE,joseapariciopepe,1178,1244,rnb1k2r/pp1p1ppp/2p1p1q1/4N3/2PP4/2Q5/PP3PPP/R3KB1R b KQkq - 4 10,f3e5
43,EulerE,joseapariciopepe,1178,1244,rnb1k2r/pp1p1ppp/2p1p3/4N1q1/2PP4/2Q5/PP3PPP/R3KB1R w KQkq - 5 11,g6g5
43,EulerE,joseapariciopepe,1178,1244,rnb1k2r/pp1p1ppp/2p1p3/6q1/2PP4/2Q2N2/PP3PPP/R3KB1R b KQkq - 6 11,e5f3
43,EulerE,joseapariciopepe,1178,1244,rnb1k2r/pp1p1ppp/2p1p2q/8/2PP4/2Q2N2/PP3PPP/R3KB1R w KQkq - 7 12,g5h6
43,EulerE,joseapariciopepe,1178,1244,rnb1k2r/pp1p1ppp/2p1p2q/8/2PP4/2QB1N2/PP3PPP/R3K2R b KQkq - 8 12,f1d3
43,EulerE,joseapariciopepe,1178,1244,rnb2rk1/pp1p1ppp/2p1p2q/8/2PP4/2QB1N2/PP3PPP/R3K2R w KQ - 9 13,e8g8
43,EulerE,joseapariciopepe,1178,1244,rnb2rk1/pp1p1ppp/2p1p2q/8/2PP4/2QB1N2/PP3PPP/R4RK1 b - - 10 13,e1g1
43,EulerE,joseapariciopepe,1178,1244,rnb2rk1/pp3ppp/2p1p2q/3p4/2PP4/2QB1N2/PP3PPP/R4RK1 w - - 0 14,d7d5
43,EulerE,joseapariciopepe,1178,1244,rnb2rk1/pp3ppp/2p1p2q/2Pp4/3P4/2QB1N2/PP3PPP/R4RK1 b - - 0 14,c4c5
43,EulerE,joseapariciopepe,1178,1244,rnb2rk1/p4ppp/2p1p2q/1pPp4/3P4/2QB1N2/PP3PPP/R4RK1 w - b6 0 15,b7b5
43,EulerE,joseapariciopepe,1178,1244,rnb2rk1/p4ppp/2p1p2q/1pPp4/1P1P4/2QB1N2/P4PPP/R4RK1 b - - 0 15,b2b4
43,EulerE,joseapariciopepe,1178,1244,r1b2rk1/p2n1ppp/2p1p2q/1pPp4/1P1P4/2QB1N2/P4PPP/R4RK1 w - - 1 16,b8d7
43,EulerE,joseapariciopepe,1178,1244,r1b2rk1/p2n1ppp/2p1p2q/1pPpN3/1P1P4/2QB4/P4PPP/R4RK1 b - - 2 16,f3e5
43,EulerE,joseapariciopepe,1178,1244,r4rk1/pb1n1ppp/2p1p2q/1pPpN3/1P1P4/2QB4/P4PPP/R4RK1 w - - 3 17,c8b7
43,EulerE,joseapariciopepe,1178,1244,r4rk1/pb1N1ppp/2p1p2q/1pPp4/1P1P4/2QB4/P4PPP/R4RK1 b - - 0 17,e5d7
43,EulerE,joseapariciopepe,1178,1244,r4rk1/pb1N2pp/2p1p2q/1pPp1p2/1P1P4/2QB4/P4PPP/R4RK1 w - - 0 18,f7f5
43,EulerE,joseapariciopepe,1178,1244,r4rk1/pb1N2pp/2p1p2q/1pPp1p2/1P1P4/3B4/P4PPP/R1Q2RK1 b - - 1 18,c3c1
43,EulerE,joseapariciopepe,1178,1244,r4rk1/pb1N2pp/2p1p2q/1pPp4/1P1P1p2/3B4/P4PPP/R1Q2RK1 w - - 0 19,f5f4
43,EulerE,joseapariciopepe,1178,1244,r4rk1/pb4pp/2p1p2q/1pPpN3/1P1P1p2/3B4/P4PPP/R1Q2RK1 b - - 1 19,d7e5
43,EulerE,joseapariciopepe,1178,1244,r4rk1/1b4pp/2p1p2q/ppPpN3/1P1P1p2/3B4/P4PPP/R1Q2RK1 w - - 0 20,a7a5
43,EulerE,joseapariciopepe,1178,1244,r4rk1/1b4pp/2p1p2q/ppPpN3/1P1P1p2/P2B4/5PPP/R1Q2RK1 b - - 0 20,a2a3
43,EulerE,joseapariciopepe,1178,1244,r4rk1/1b4pp/2p1p2q/1pPpN3/1p1P1p2/P2B4/5PPP/R1Q2RK1 w - - 0 21,a5b4
43,EulerE,joseapariciopepe,1178,1244,r4rk1/1b4pp/2p1p2q/1pPpN3/1P1P1p2/3B4/5PPP/R1Q2RK1 b - - 0 21,a3b4
43,EulerE,joseapariciopepe,1178,1244,5rk1/1b4pp/2p1p2q/1pPpN3/1P1P1p2/3B4/5PPP/r1Q2RK1 w - - 0 22,a8a1
43,EulerE,joseapariciopepe,1178,1244,5rk1/1b4pp/2p1p2q/1pPpN3/1P1P1p2/3B4/5PPP/Q4RK1 b - - 0 22,c1a1
43,EulerE,joseapariciopepe,1178,1244,r5k1/1b4pp/2p1p2q/1pPpN3/1P1P1p2/3B4/5PPP/Q4RK1 w - - 1 23,f8a8
43,EulerE,joseapariciopepe,1178,1244,r5k1/1b4pp/2p1p2q/1pPpN3/1P1P1p2/3B4/5PPP/2Q2RK1 b - - 2 23,a1c1
43,EulerE,joseapariciopepe,1178,1244,r1b3k1/6pp/2p1p2q/1pPpN3/1P1P1p2/3B4/5PPP/2Q2RK1 w - - 3 24,b7c8
43,EulerE,joseapariciopepe,1178,1244,r1b3k1/6pp/2N1p2q/1pPp4/1P1P1p2/3B4/5PPP/2Q2RK1 b - - 0 24,e5c6
43,EulerE,joseapariciopepe,1178,1244,r5k1/3b2pp/2N1p2q/1pPp4/1P1P1p2/3B4/5PPP/2Q2RK1 w - - 1 25,c8d7
43,EulerE,joseapariciopepe,1178,1244,r5k1/3b2pp/4p2q/1pPpN3/1P1P1p2/3B4/5PPP/2Q2RK1 b - - 2 25,c6e5
43,EulerE,joseapariciopepe,1178,1244,r3b1k1/6pp/4p2q/1pPpN3/1P1P1p2/3B4/5PPP/2Q2RK1 w - - 3 26,d7e8
43,EulerE,joseapariciopepe,1178,1244,r3b1k1/6pp/4p2q/1pPpN3/1P1P1p2/3B2P1/5P1P/2Q2RK1 b - - 0 26,g2g3
43,EulerE,joseapariciopepe,1178,1244,r3b1k1/6pp/4p3/1pPpN1q1/1P1P1p2/3B2P1/5P1P/2Q2RK1 w - - 1 27,h6g5
43,EulerE,joseapariciopepe,1178,1244,r3b1k1/6pp/4p3/1pPpN1q1/1P1P1p1P/3B2P1/5P2/2Q2RK1 b - - 0 27,h2h4
43,EulerE,joseapariciopepe,1178,1244,r3b1k1/6pp/4p2q/1pPpN3/1P1P1p1P/3B2P1/5P2/2Q2RK1 w - - 1 28,g5h6
43,EulerE,joseapariciopepe,1178,1244,r3b1k1/6pp/4p2q/1pPpN3/1P1P1Q1P/3B2P1/5P2/5RK1 b - - 0 28,c1f4
43,EulerE,joseapariciopepe,1178,1244,r3b1k1/6pp/4p3/1pPpN3/1P1P1q1P/3B2P1/5P2/5RK1 w - - 0 29,h6f4
43,EulerE,joseapariciopepe,1178,1244,r3b1k1/6pp/4p3/1pPpN3/1P1P1P1P/3B4/5P2/5RK1 b - - 0 29,g3f4
43,EulerE,joseapariciopepe,1178,1244,r5k1/6pp/4p3/1pPpN2b/1P1P1P1P/3B4/5P2/5RK1 w - - 1 30,e8h5
43,EulerE,joseapariciopepe,1178,1244,r5k1/6pp/4p3/1pPpNP1b/1P1P3P/3B4/5P2/5RK1 b - - 0 30,f4f5
43,EulerE,joseapariciopepe,1178,1244,r5k1/6pp/8/1pPpNp1b/1P1P3P/3B4/5P2/5RK1 w - - 0 31,e6f5
43,EulerE,joseapariciopepe,1178,1244,r5k1/6pp/8/1pPpNB1b/1P1P3P/8/5P2/5RK1 b - - 0 31,d3f5
43,EulerE,joseapariciopepe,1178,1244,6k1/6pp/8/1pPpNB1b/rP1P3P/8/5P2/5RK1 w - - 1 32,a8a4
43,EulerE,joseapariciopepe,1178,1244,6k1/6pp/2P5/1p1pNB1b/rP1P3P/8/5P2/5RK1 b - - 0 32,c5c6
43,EulerE,joseapariciopepe,1178,1244,4b1k1/6pp/2P5/1p1pNB2/rP1P3P/8/5P2/5RK1 w - - 1 33,h5e8
43,EulerE,joseapariciopepe,1178,1244,4b1k1/2P3pp/8/1p1pNB2/rP1P3P/8/5P2/5RK1 b - - 0 33,c6c7
43,EulerE,joseapariciopepe,1178,1244,r3b1k1/2P3pp/8/1p1pNB2/1P1P3P/8/5P2/5RK1 w - - 1 34,a4a8
43,EulerE,joseapariciopepe,1178,1244,r1Q1b1k1/6pp/8/1p1pNB2/1P1P3P/8/5P2/5RK1 b - - 0 34,c7c8q
44,toureto,EulerE,1057,1167,rnbqkbnr/pppppppp/8/8/4P3/8/PPPP1PPP/RNBQKBNR b KQkq - 0 1,e2e4
44,toureto,EulerE,1057,1167,rnbqkbnr/pppp1ppp/8/4p3/4P3/8/PPPP1PPP/RNBQKBNR w KQkq - 0 2,e7e5
44,toureto,EulerE,1057,1167,rnbqkbnr/pppp1ppp/8/4p3/4P3/5Q2/PPPP1PPP/RNB1KBNR b KQkq - 1 2,d1f3
44,toureto,EulerE,1057,1167,r1bqkbnr/pppp1ppp/2n5/4p3/4P3/5Q2/PPPP1PPP/RNB1KBNR w KQkq - 2 3,b8c6
44,toureto,EulerE,1057,1167,r1bqkbnr/pppp1ppp/2n5/4p3/2B1P3/5Q2/PPPP1PPP/RNB1K1NR b KQkq - 3 3,f1c4
44,toureto,EulerE,1057,1167,r1bqkb1r/pppp1ppp/2n2n2/4p3/2B1P3/5Q2/PPPP1PPP/RNB1K1NR w KQkq - 4 4,g8f6
44,toureto,EulerE,1057,1167,r1bqkb1r/pppp1ppp/2n2n2/4p3/2B1P3/2P2Q2/PP1P1PPP/RNB1K1NR b KQkq - 0 4,c2c3
44,toureto,EulerE,1057,1167,r1bqk2r/pppp1ppp/2n2n2/2b1p3/2B1P3/2P2Q2/PP1P1PPP/RNB1K1NR w KQkq - 1 5,f8c5
44,toureto,EulerE,1057,1167,r1bqk2r/pppp1ppp/2n2n2/2b1p3/2B1P3/2PP1Q2/PP3PPP/RNB1K1NR b KQkq - 0 5,d2d3
44,toureto,EulerE,1057,1167,r1bqk2r/pppp1pp1/2n2n1p/2b1p3/2B1P3/2PP1Q2/PP3PPP/RNB1K1NR w KQkq - 0 6,h7h6
44,toureto,EulerE,1057,1167,r1bqk2r/pppp1pp1/2n2n1p/2b1p3/2B1P1P1/2PP1Q2/PP3P1P/RNB1K1NR b KQkq - 0 6,g2g4
44,toureto,EulerE,1057,1167,r1bq1rk1/pppp1pp1/2n2n1p/2b1p3/2B1P1P1/2PP1Q2/PP3P1P/RNB1K1NR w KQ - 1 7,e8g8
44,toureto,EulerE,1057,1167,r1bq1rk1/pppp1pp1/2n2n1p/2b1p1P1/2B1P3/2PP1Q2/PP3P1P/RNB1K1NR b KQ - 0 7,g4g5
44,toureto,EulerE,1057,1167,r1bq1rk1/pppp1ppn/2n4p/2b1p1P1/2B1P3/2PP1Q2/PP3P1P/RNB1K1NR w KQ - 1 8,f6h7
44,toureto,EulerE,1057,1167,r1bq1rk1/pppp1ppn/2n3Pp/2b1p3/2B1P3/2PP1Q2/PP3P1P/RNB1K1NR b KQ - 0 8,g5g6
44,toureto,EulerE,1057,1167,r1b2rk1/pppp1ppn/2n2qPp/2b1p3/2B1P3/2PP1Q2/PP3P1P/RNB1K1NR w KQ - 1 9,d8f6
44,toureto,EulerE,1057,1167,r1b2rk1/pppp1ppP/2n2q1p/2b1p3/2B1P3/2PP1Q2/PP3P1P/RNB1K1NR b KQ - 0 9,g6h7
44,toureto,EulerE,1057,1167,r1b2r2/pppp1ppk/2n2q1p/2b1p3/2B1P3/2PP1Q2/PP3P1P/RNB1K1NR w KQ - 0 10,g8h7
44,toureto,EulerE,1057,1167,r1b2r2/pppp1ppk/2n2q1p/2b1p3/2B1P3/2PP2Q1/PP3P1P/RNB1K1NR b KQ - 1 10,f3g3
44,toureto,EulerE,1057,1167,r1b2r2/1ppp1ppk/p1n2q1p/2b1p3/2B1P3/2PP2Q1/PP3P1P/RNB1K1NR w KQ - 0 11,a7a6
44,toureto,EulerE,1057,1167,r1b2r2/1ppp1ppk/p1n2q1p/2b1p3/2B1P3/2PP1NQ1/PP3P1P/RNB1K2R b KQ - 1 11,g1f3
44,toureto,EulerE,1057,1167,r1b2r2/1pp2ppk/p1np1q1p/2b1p3/2B1P3/2PP1NQ1/PP3P1P/RNB1K2R w KQ - 0 12,d7d6
44,toureto,EulerE,1057,1167,r1b2r2/1pp2ppk/p1np1q1p/2b1p3/1PB1P3/2PP1NQ1/P4P1P/RNB1K2R b KQ - 0 12,b2b4
44,toureto,EulerE,1057,1167,r1b2r2/1pp2ppk/pbnp1q1p/4p3/1PB1P3/2PP1NQ1/P4P1P/RNB1K2R w KQ - 1 13,c5b6
44,toureto,EulerE,1057,1167,r1b2r2/1pp2ppk/pbnp1q1p/1P2p3/2B1P3/2PP1NQ1/P4P1P/RNB1K2R b KQ - 0 13,b4b5
44,toureto,EulerE,1057,1167,r1b2r2/npp2ppk/pb1p1q1p/1P2p3/2B1P3/2PP1NQ1/P4P1P/RNB1K2R w KQ - 1 14,c6a7
44,toureto,EulerE,1057,1167,r1b2r2/npp2ppk/Pb1p1q1p/4p3/2B1P3/2PP1NQ1/P4P1P/RNB1K2R b KQ - 0 14,b5a6
44,toureto,EulerE,1057,1167,r4r2/npp2ppk/Pb1pbq1p/4p3/2B1P3/2PP1NQ1/P4P1P/RNB1K2R w KQ - 1 15,c8e6
44,toureto,EulerE,1057,1167,r4r2/nPp2ppk/1b1pbq1p/4p3/2B1P3/2PP1NQ1/P4P1P/RNB1K2R b KQ - 0 15,a6b7
44,toureto,EulerE,1057,1167,1r3r2/nPp2ppk/1b1pbq1p/4p3/2B1P3/2PP1NQ1/P4P1P/RNB1K2R w KQ - 1 16,a8b8
44,toureto,EulerE,1057,1167,1r3r2/nPp2ppk/Bb1pbq1p/4p3/4P3/2PP1NQ1/P4P1P/RNB1K2R b KQ - 2 16,c4a6
44,toureto,EulerE,1057,1167,1r3r2/nPp2p1k/Bb1pbq1p/4p1p1/4P3/2PP1NQ1/P4P1P/RNB1K2R w KQ - 0 17,g7g5
44,toureto,EulerE,1057,1167,1r3r2/nPp2p1k/Bb1pbq1p/4p1p1/4P2P/2PP1NQ1/P4P2/RNB1K2R b KQ - 0 17,h2h4
44,toureto,EulerE,1057,1167,1r3r2/nPp2p1k/Bb1pbq1p/4p3/4P1pP/2PP1NQ1/P4P2/RNB1K2R w KQ - 0 18,g5g4
44,toureto,EulerE,1057,1167,1r3r2/nPp2p1k/Bb1pbq1p/4p3/4P1pP/2PP2Q1/P2N1P2/RNB1K2R b KQ - 1 18,f3d2
44,toureto,EulerE,1057,1167,1r3r2/nPp2p1k/Bb1pb2p/4p3/4PqpP/2PP2Q1/P2N1P2/RNB1K2R w KQ - 2 19,f6f4
44,toureto,EulerE,1057,1167,1r3r2/nPp2p1k/Bb1pb2p/4p3/4PqpP/2PP4/P2N1PQ1/RNB1K2R b KQ - 3 19,g3g2
44,toureto,EulerE,1057,1167,1r3r2/nPp4k/Bb1pb2p/4pp2/4PqpP/2PP4/P2N1PQ1/RNB1K2R w KQ - 0 20,f7f5
44,toureto,EulerE,1057,1167,1r3r2/nPp4k/Bb1pb2p/4pp2/4PqpP/1NPP4/P4PQ1/RNB1K2R b KQ - 1 20,d2b3
44,toureto,EulerE,1057,1167,1r3r2/nPp4k/Bb1pb2p/4ppq1/4P1pP/1NPP4/P4PQ1/RNB1K2R w KQ - 2 21,f4g5
44,toureto,EulerE,1057,1167,1r3r2/nPp4k/Bb1pb2p/4ppB1/4P1pP/1NPP4/P4PQ1/RN2K2R b KQ - 0 21,c1g5
44,toureto,EulerE,1057,1167,1r3r2/nPp4k/Bb1pb3/4ppp1/4P1pP/1NPP4/P4PQ1/RN2K2R w KQ - 0 22,h6g5
44,toureto,EulerE,1057,1167,1r3r2/nPp4k/Bb1pb3/4ppP1/4P1p1/1NPP4/P4PQ1/RN2K2R b KQ - 0 22,h4g5
45,bessi07,EulerE,1184,1159,rnbqkbnr/pppppppp/8/8/8/4P3/PPPP1PPP/RNBQKBNR b KQkq - 0 1,e2e3
45,bessi07,EulerE,1184,1159,rnbqkbnr/pppp1ppp/8/4p3/8/4P3/PPPP1PPP/RNBQKBNR w KQkq - 0 2,e7e5
45,bessi07,EulerE,1184,1159,rnbqkbnr/pppp1ppp/8/4p3/6Q1/4P3/PPPP1PPP/RNB1KBNR b KQkq - 1 2,d1g4
45,bessi07,EulerE,1184,1159,rnbqkbnr/ppp2ppp/8/3pp3/6Q1/4P3/PPPP1PPP/RNB1KBNR w KQkq - 0 3,d7d5
45,bessi07,EulerE,1184,1159,rnbqkbnr/ppp2ppp/8/3pp2Q/8/4P3/PPPP1PPP/RNB1KBNR b KQkq - 1 3,g4h5
45,bessi07,EulerE,1184,1159,r1bqkbnr/ppp2ppp/2n5/3pp2Q/8/4P3/PPPP1PPP/RNB1KBNR w KQkq - 2 4,b8c6
45,bessi07,EulerE,1184,1159,r1bqkbnr/ppp2ppp/2n5/1B1pp2Q/8/4P3/PPPP1PPP/RNB1K1NR b KQkq - 3 4,f1b5
45,bessi07,EulerE,1184,1159,r2qkbnr/pppb1ppp/2n5/1B1pp2Q/8/4P3/PPPP1PPP/RNB1K1NR w KQkq - 4 5,c8d7
45,bessi07,EulerE,1184,1159,r2qkbnr/pppb1ppp/2B5/3pp2Q/8/4P3/PPPP1PPP/RNB1K1NR b KQkq - 0 5,b5c6
45,bessi07,EulerE,1184,1159,r2qkbnr/pppb1p1p/2B3p1/3pp2Q/8/4P3/PPPP1PPP/RNB1K1NR w KQkq - 0 6,g7g6
45,bessi07,EulerE,1184,1159,r2qkbnr/pppB1p1p/6p1/3pp2Q/8/4P3/PPPP1PPP/RNB1K1NR b KQkq - 0 6,c6d7
45,bessi07,EulerE,1184,1159,r3kbnr/pppq1p1p/6p1/3pp2Q/8/4P3/PPPP1PPP/RNB1K1NR w KQkq - 0 7,d8d7
45,bessi07,EulerE,1184,1159,r3kbnr/pppq1p1p/6p1/3pQ3/8/4P3/PPPP1PPP/RNB1K1NR b KQkq - 0 7,h5e5
46,JoeCastles,EulerE,1158,1151,rnbqkbnr/pppppppp/8/8/8/6P1/PPPPPP1P/RNBQKBNR b KQkq - 0 1,g2g3
47,EulerE,barba_georgios,1162,1289,rnbqkbnr/pppppppp/8/8/3P4/8/PPP1PPPP/RNBQKBNR b KQkq - 0 1,d2d4
47,EulerE,barba_georgios,1162,1289,rnbqkbnr/ppp1pppp/8/3p4/3P4/8/PPP1PPPP/RNBQKBNR w KQkq - 0 2,d7d5
47,EulerE,barba_georgios,1162,1289,rnbqkbnr/ppp1pppp/8/3p4/2PP4/8/PP2PPPP/RNBQKBNR b KQkq - 0 2,c2c4
47,EulerE,barba_georgios,1162,1289,rnbqkb1r/ppp1pppp/5n2/3p4/2PP4/8/PP2PPPP/RNBQKBNR w KQkq - 1 3,g8f6
47,EulerE,barba_georgios,1162,1289,rnbqkb1r/ppp1pppp/5n2/3p4/2PP4/2N5/PP2PPPP/R1BQKBNR b KQkq - 2 3,b1c3
47,EulerE,barba_georgios,1162,1289,rnbqkb1r/pp2pppp/2p2n2/3p4/2PP4/2N5/PP2PPPP/R1BQKBNR w KQkq - 0 4,c7c6
47,EulerE,barba_georgios,1162,1289,rnbqkb1r/pp2pppp/2p2n2/3p2B1/2PP4/2N5/PP2PPPP/R2QKBNR b KQkq - 1 4,c1g5
47,EulerE,barba_georgios,1162,1289,rnbqkb1r/pp3ppp/2p1pn2/3p2B1/2PP4/2N5/PP2PPPP/R2QKBNR w KQkq - 0 5,e7e6
47,EulerE,barba_georgios,1162,1289,rnbqkb1r/pp3ppp/2p1pn2/3p2B1/2PP4/2N2N2/PP2PPPP/R2QKB1R b KQkq - 1 5,g1f3
47,EulerE,barba_georgios,1162,1289,rnbqk2r/pp2bppp/2p1pn2/3p2B1/2PP4/2N2N2/PP2PPPP/R2QKB1R w KQkq - 2 6,f8e7
47,EulerE,barba_georgios,1162,1289,rnbqk2r/pp2bppp/2p1pn2/3p2B1/2PP4/2N1PN2/PP3PPP/R2QKB1R b KQkq - 0 6,e2e3
47,EulerE,barba_georgios,1162,1289,r1bqk2r/pp1nbppp/2p1pn2/3p2B1/2PP4/2N1PN2/PP3PPP/R2QKB1R w KQkq - 1 7,b8d7
47,EulerE,barba_georgios,1162,1289,r1bqk2r/pp1nbppp/2p1pn2/3p2B1/2PP4/2NBPN2/PP3PPP/R2QK2R b KQkq - 2 7,f1d3
47,EulerE,barba_georgios,1162,1289,r1bq1rk1/pp1nbppp/2p1pn2/3p2B1/2PP4/2NBPN2/PP3PPP/R2QK2R w KQ - 3 8,e8g8
47,EulerE,barba_georgios,1162,1289,r1bq1rk1/pp1nbppp/2p1pn2/3p2B1/2PP4/2NBPN2/PP3PPP/R2Q1RK1 b - - 4 8,e1g1
47,EulerE,barba_georgios,1162,1289,r1bq1rk1/pp1nbpp1/2p1pn1p/3p2B1/2PP4/2NBPN2/PP3PPP/R2Q1RK1 w - - 0 9,h7h6
47,EulerE,barba_georgios,1162,1289,r1bq1rk1/pp1nbpp1/2p1pn1p/3p4/2PP3B/2NBPN2/PP3PPP/R2Q1RK1 b - - 1 9,g5h4
47,EulerE,barba_georgios,1162,1289,r1bq1rk1/pp1nbp2/2p1pn1p/3p2p1/2PP3B/2NBPN2/PP3PPP/R2Q1RK1 w - - 0 10,g7g5
47,EulerE,barba_georgios,1162,1289,r1bq1rk1/pp1nbp2/2p1pn1p/3p2p1/2PP4/2NBPNB1/PP3PPP/R2Q1RK1 b - - 1 10,h4g3
47,EulerE,barba_georgios,1162,1289,r1bq1rk1/pp1nbp2/2p1p2p/3p2pn/2PP4/2NBPNB1/PP3PPP/R2Q1RK1 w - - 2 11,f6h5
47,EulerE,barba_georgios,1162,1289,r1bq1rk1/pp1nbp2/2p1p2p/3pB1pn/2PP4/2NBPN2/PP3PPP/R2Q1RK1 b - - 3 11,g3e5
47,EulerE,barba_georgios,1162,1289,r1bq1rk1/pp2bp2/2p1p2p/3pn1pn/2PP4/2NBPN2/PP3PPP/R2Q1RK1 w - - 0 12,d7e5
47,EulerE,barba_georgios,1162,1289,r1bq1rk1/pp2bp2/2p1p2p/3pN1pn/2PP4/2NBP3/PP3PPP/R2Q1RK1 b - - 0 12,f3e5
47,EulerE,barba_georgios,1162,1289,r1bq1rk1/pp2bp2/2p1pn1p/3pN1p1/2PP4/2NBP3/PP3PPP/R2Q1RK1 w - - 1 13,h5f6
47,EulerE,barba_georgios,1162,1289,r1bq1rk1/pp2bp2/2p1pn1p/3p2p1/2PP2N1/2NBP3/PP3PPP/R2Q1RK1 b - - 2 13,e5g4
47,EulerE,barba_georgios,1162,1289,r1bq1r2/pp2bpk1/2p1pn1p/3p2p1/2PP2N1/2NBP3/PP3PPP/R2Q1RK1 w - - 3 14,g8g7
47,EulerE,barba_georgios,1162,1289,r1bq1r2/pp2bpk1/2p1pN1p/3p2p1/2PP4/2NBP3/PP3PPP/R2Q1RK1 b - - 0 14,g4f6
47,EulerE,barba_georgios,1162,1289,r1bq1r2/pp3pk1/2p1pb1p/3p2p1/2PP4/2NBP3/PP3PPP/R2Q1RK1 w - - 0 15,e7f6
47,EulerE,barba_georgios,1162,1289,r1bq1r2/pp3pk1/2p1pb1p/3p2pQ/2PP4/2NBP3/PP3PPP/R4RK1 b - - 1 15,d1h5
47,EulerE,barba_georgios,1162,1289,r1bq1r2/pp3pk1/2p2b1p/3pp1pQ/2PP4/2NBP3/PP3PPP/R4RK1 w - - 0 16,e6e5
47,EulerE,barba_georgios,1162,1289,r1bq1r2/pp3pk1/2p2b1p/3pp1pQ/2PP1P2/2NBP3/PP4PP/R4RK1 b - - 0 16,f2f4
47,EulerE,barba_georgios,1162,1289,r1bq1r2/pp3pk1/2p2b1p/3p2pQ/2PPpP2/2NBP3/PP4PP/R4RK1 w - - 0 17,e5e4
47,EulerE,barba_georgios,1162,1289,r1bq1r2/pp3pk1/2p2b1p/3p2pQ/2PPpP2/2N1P3/PPB3PP/R4RK1 b - - 1 17,d3c2
47,EulerE,barba_georgios,1162,1289,r1bq1r2/pp3pk1/2p2b1p/3p3Q/2PPpPp1/2N1P3/PPB3PP/R4RK1 w - - 0 18,g5g4
47,EulerE,barba_georgios,1162,1289,r1bq1r2/pp3pk1/2p2b1p/3p3Q/2PPpPp1/4P3/PPB1N1PP/R4RK1 b - - 1 18,c3e2
47,EulerE,barba_georgios,1162,1289,r2q1r2/pp3pk1/2p2b1p/3p1b1Q/2PPpPp1/4P3/PPB1N1PP/R4RK1 w - - 2 19,c8f5
47,EulerE,barba_georgios,1162,1289,r2q1r2/pp3pk1/2p2b1p/3p1b1Q/2PPpPp1/4P1N1/PPB3PP/R4RK1 b - - 3 19,e2g3
47,EulerE,barba_georgios,1162,1289,r2q1r2/pp3pk1/2p2bbp/3p3Q/2PPpPp1/4P1N1/PPB3PP/R4RK1 w - - 4 20,f5g6
47,EulerE,barba_georgios,1162,1289,r2q1r2/pp3pk1/2p2bbp/3p4/2PPpPQ1/4P1N1/PPB3PP/R4RK1 b - - 0 20,h5g4
47,EulerE,barba_georgios,1162,1289,r2q1r2/pp3p1k/2p2bbp/3p4/2PPpPQ1/4P1N1/PPB3PP/R4RK1 w - - 1 21,g7h7
47,EulerE,barba_georgios,1162,1289,r2q1r2/pp3p1k/2p2bbp/3p4/2PPpPQP/4P1N1/PPB3P1/R4RK1 b - - 0 21,h2h4
47,EulerE,barba_georgios,1162,1289,r2q1r2/pp3p1k/2p3bp/3p4/2PPpPQb/4P1N1/PPB3P1/R4RK1 w - - 0 22,f6h4
47,EulerE,barba_georgios,1162,1289,r2q1r2/pp3p1k/2p3bp/3p1N2/2PPpPQb/4P3/PPB3P1/R4RK1 b - - 1 22,g3f5
47,EulerE,barba_georgios,1162,1289,r2q2r1/pp3p1k/2p3bp/3p1N2/2PPpPQb/4P3/PPB3P1/R4RK1 w - - 2 23,f8g8
47,EulerE,barba_georgios,1162,1289,r2q2r1/pp3p1k/2p3bp/3p4/2PPpPQN/4P3/PPB3P1/R4RK1 b - - 0 23,f5h4
47,EulerE,barba_georgios,1162,1289,r5r1/pp3p1k/2p2qbp/3p4/2PPpPQN/4P3/PPB3P1/R4RK1 w - - 1 24,d8f6
47,EulerE,barba_georgios,1162,1289,r5r1/pp3p1k/2p2qNp/3p4/2PPpPQ1/4P3/PPB3P1/R4RK1 b - - 0 24,h4g6
47,EulerE,barba_georgios,1162,1289,r7/pp3p1k/2p2qrp/3p4/2PPpPQ1/4P3/PPB3P1/R4RK1 w - - 0 25,g8g6
47,EulerE,barba_georgios,1162,1289,r7/pp3p1k/2p2qrp/3p4/2PPpP2/4P3/PPB1Q1P1/R4RK1 b - - 1 25,g4e2
47,EulerE,barba_georgios,1162,1289,3r4/pp3p1k/2p2qrp/3p4/2PPpP2/4P3/PPB1Q1P1/R4RK1 w - - 2 26,a8d8
47,EulerE,barba_georgios,1162,1289,3r4/pp3p1k/2p2qrp/2Pp4/3PpP2/4P3/PPB1Q1P1/R4RK1 b - - 0 26,c4c5
47,EulerE,barba_georgios,1162,1289,3r4/1p3p1k/p1p2qrp/2Pp4/3PpP2/4P3/PPB1Q1P1/R4RK1 w - - 0 27,a7a6
47,EulerE,barba_georgios,1162,1289,3r4/1p3p1k/p1p2qrp/2Pp1P2/3Pp3/4P3/PPB1Q1P1/R4RK1 b - - 0 27,f4f5
47,EulerE,barba_georgios,1162,1289,3r4/1p3p1k/p1p2q1p/2Pp1Pr1/3Pp3/4P3/PPB1Q1P1/R4RK1 w - - 1 28,g6g5
47,EulerE,barba_georgios,1162,1289,3r4/1p3p1k/p1p2q1p/2Pp1Pr1/3Pp1P1/4P3/PPB1Q3/R4RK1 b - - 0 28,g2g4
47,EulerE,barba_georgios,1162,1289,6r1/1p3p1k/p1p2q1p/2Pp1Pr1/3Pp1P1/4P3/PPB1Q3/R4RK1 w - - 1 29,d8g8
47,EulerE,barba_georgios,1162,1289,6r1/1p3p1k/p1p2q1p/2Pp1Pr1/3PpRP1/4P3/PPB1Q3/R5K1 b - - 2 29,f1f4
47,EulerE,barba_georgios,1162,1289,6r1/1p3pqk/p1p4p/2Pp1Pr1/3PpRP1/4P3/PPB1Q3/R5K1 w - - 3 30,f6g7
47,EulerE,barba_georgios,1162,1289,6r1/1p3pqk/p1p4p/2Pp1Pr1/3PpRP1/4P3/PP2Q3/R2B2K1 b - - 4 30,c2d1
47,EulerE,barba_georgios,1162,1289,6r1/1p3pqk/p1p5/2Pp1Prp/3PpRP1/4P3/PP2Q3/R2B2K1 w - - 0 31,h6h5
47,EulerE,barba_georgios,1162,1289,6r1/1p3pqk/p1p2P2/2Pp2rp/3PpRP1/4P3/PP2Q3/R2B2K1 b - - 0 31,f5f6
47,EulerE,barba_georgios,1162,1289,6r1/1p3p1k/p1p2Pq1/2Pp2rp/3PpRP1/4P3/PP2Q3/R2B2K1 w - - 1 32,g7g6
47,EulerE,barba_georgios,1162,1289,6r1/1p3p1k/p1p2Pq1/2Pp2rp/3PpRP1/4P3/PP2Q2K/R2B4 b - - 2 32,g1h2
47,EulerE,barba_georgios,1162,1289,6r1/1p3p1k/p1p2Pq1/2Pp2r1/3PpRp1/4P3/PP2Q2K/R2B4 w - - 0 33,h5g4
47,EulerE,barba_georgios,1162,1289,6r1/1p3p1k/p1p2Pq1/2Pp2r1/3PpRp1/4P1K1/PP2Q3/R2B4 b - - 1 33,h2g3
47,EulerE,barba_georgios,1162,1289,6r1/1p3p1k/p1p2P1q/2Pp2r1/3PpRp1/4P1K1/PP2Q3/R2B4 w - - 2 34,g6h6
47,EulerE,barba_georgios,1162,1289,6r1/1p3p1k/p1p2P1q/2Pp2r1/3PpRp1/4P1K1/PP5Q/R2B4 b - - 3 34,e2h2
47,EulerE,barba_georgios,1162,1289,8/1p3p1k/p1p2Prq/2Pp2r1/3PpRp1/4P1K1/PP5Q/R2B4 w - - 4 35,g8g6
47,EulerE,barba_georgios,1162,1289,8/1p3p1k/p1p2PrQ/2Pp2r1/3PpRp1/4P1K1/PP6/R2B4 b - - 0 35,h2h6
47,EulerE,barba_georgios,1162,1289,8/1p3p1k/p1p2P1r/2Pp2r1/3PpRp1/4P1K1/PP6/R2B4 w - - 0 36,g6h6
47,EulerE,barba_georgios,1162,1289,8/1p3p1k/p1p2P1r/2Pp2r1/3Pp1R1/4P1K1/PP6/R2B4 b - - 0 36,f4g4
47,EulerE,barba_georgios,1162,1289,8/1p3p1k/p1p2Pr1/2Pp2r1/3Pp1R1/4P1K1/PP6/R2B4 w - - 1 37,h6g6
47,EulerE,barba_georgios,1162,1289,8/1p3p1k/p1p2Pr1/2Pp2r1/1P1Pp1R1/4P1K1/P7/R2B4 b - - 0 37,b2b4
47,EulerE,barba_georgios,1162,1289,8/1p3p2/p1p2Prk/2Pp2r1/1P1Pp1R1/4P1K1/P7/R2B4 w - - 1 38,h7h6
47,EulerE,barba_georgios,1162,1289,8/1p3p2/p1p2Prk/2Pp2R1/1P1Pp3/4P1K1/P7/R2B4 b - - 0 38,g4g5
47,EulerE,barba_georgios,1162,1289,8/1p3p2/p1p2P1k/2Pp2r1/1P1Pp3/4P1K1/P7/R2B4 w - - 0 39,g6g5
47,EulerE,barba_georgios,1162,1289,8/1p3p2/p1p2P1k/2Pp2r1/1P1PpK2/4P3/P7/R2B4 b - - 1 39,g3f4
47,EulerE,barba_georgios,1162,1289,8/1p3p2/p1p2Pk1/2Pp2r1/1P1PpK2/4P3/P7/R2B4 w - - 2 40,h6g6
47,EulerE,barba_georgios,1162,1289,8/1p3p2/p1p2Pk1/2Pp2r1/1P1PpKB1/4P3/P7/R7 b - - 3 40,d1g4
47,EulerE,barba_georgios,1162,1289,8/1p3p2/p1p2k2/2Pp2r1/1P1PpKB1/4P3/P7/R7 w - - 0 41,g6f6
47,EulerE,barba_georgios,1162,1289,8/1p3p2/p1p2k2/2Pp2r1/1P1PpKB1/4P3/P7/5R2 b - - 1 41,a1f1
47,EulerE,barba_georgios,1162,1289,8/1p3p2/p1p2kr1/2Pp4/1P1PpKB1/4P3/P7/5R2 w - - 2 42,g5g6
47,EulerE,barba_georgios,1162,1289,2B5/1p3p2/p1p2kr1/2Pp4/1P1PpK2/4P3/P7/5R2 b - - 3 42,g4c8
47,EulerE,barba_georgios,1162,1289,2B5/5p2/p1p2kr1/1pPp4/1P1PpK2/4P3/P7/5R2 w - b6 0 43,b7b5
47,EulerE,barba_georgios,1162,1289,2B5/5p2/pPp2kr1/3p4/1P1PpK2/4P3/P7/5R2 b - - 0 43,c5b6
47,EulerE,barba_georgios,1162,1289,2B5/4kp2/pPp3r1/3p4/1P1PpK2/4P3/P7/5R2 w - - 1 44,f6e7
47,EulerE,barba_georgios,1162,1289,2B5/1P2kp2/p1p3r1/3p4/1P1PpK2/4P3/P7/5R2 b - - 0 44,b6b7
47,EulerE,barba_georgios,1162,1289,2B5/1P2kp2/p1p2r2/3p4/1P1PpK2/4P3/P7/5R2 w - - 1 45,g6f6
47,EulerE,barba_georgios,1162,1289,8/1P2kp2/p1p2r2/3p1B2/1P1PpK2/4P3/P7/5R2 b - - 2 45,c8f5
47,EulerE,barba_georgios,1162,1289,8/1P2kp2/p1p5/3p1r2/1P1PpK2/4P3/P7/5R2 w - - 0 46,f6f5
47,EulerE,barba_georgios,1162,1289,8/1P2kp2/p1p5/3p1K2/1P1Pp3/4P3/P7/5R2 b - - 0 46,f4f5
47,EulerE,barba_georgios,1162,1289,8/1P2k3/p1p2p2/3p1K2/1P1Pp3/4P3/P7/5R2 w - - 0 47,f7f6
47,EulerE,barba_georgios,1162,1289,1Q6/4k3/p1p2p2/3p1K2/1P1Pp3/4P3/P7/5R2 b - - 0 47,b7b8q
47,EulerE,barba_georgios,1162,1289,1Q6/5k2/p1p2p2/3p1K2/1P1Pp3/4P3/P7/5R2 w - - 1 48,e7f7
47,EulerE,barba_georgios,1162,1289,8/1Q3k2/p1p2p2/3p1K2/1P1Pp3/4P3/P7/5R2 b - - 2 48,b8b7
47,EulerE,barba_georgios,1162,1289,5k2/1Q6/p1p2p2/3p1K2/1P1Pp3/4P3/P7/5R2 w - - 3 49,f7f8
47,EulerE,barba_georgios,1162,1289,5k2/8/p1Q2p2/3p1K2/1P1Pp3/4P3/P7/5R2 b - - 0 49,b7c6
49,EulerE,Kijan1234,1164,1202,rnbqkbnr/pppppppp/8/8/3P4/8/PPP1PPPP/RNBQKBNR b KQkq - 0 1,d2d4
49,EulerE,Kijan1234,1164,1202,rnbqkbnr/ppp1pppp/8/3p4/3P4/8/PPP1PPPP/RNBQKBNR w KQkq - 0 2,d7d5
49,EulerE,Kijan1234,1164,1202,rnbqkbnr/ppp1pppp/8/3p4/2PP4/8/PP2PPPP/RNBQKBNR b KQkq - 0 2,c2c4
49,EulerE,Kijan1234,1164,1202,rnbqkbnr/ppp1pppp/8/8/2pP4/8/PP2PPPP/RNBQKBNR w KQkq - 0 3,d5c4
49,EulerE,Kijan1234,1164,1202,rnbqkbnr/ppp1pppp/8/8/2pPP3/8/PP3PPP/RNBQKBNR b KQkq - 0 3,e2e4
49,EulerE,Kijan1234,1164,1202,rnbqkbnr/ppp2ppp/8/4p3/2pPP3/8/PP3PPP/RNBQKBNR w KQkq - 0 4,e7e5
49,EulerE,Kijan1234,1164,1202,rnbqkbnr/ppp2ppp/8/3Pp3/2p1P3/8/PP3PPP/RNBQKBNR b KQkq - 0 4,d4d5
49,EulerE,Kijan1234,1164,1202,rnbqkbnr/pp3ppp/2p5/3Pp3/2p1P3/8/PP3PPP/RNBQKBNR w KQkq - 0 5,c7c6
49,EulerE,Kijan1234,1164,1202,rnbqkbnr/pp3ppp/2p5/3Pp3/2B1P3/8/PP3PPP/RNBQK1NR b KQkq - 0 5,f1c4
49,EulerE,Kijan1234,1164,1202,rnbqk1nr/pp3ppp/2p5/3Pp3/1bB1P3/8/PP3PPP/RNBQK1NR w KQkq - 1 6,f8b4
49,EulerE,Kijan1234,1164,1202,rnbqk1nr/pp3ppp/2p5/3Pp3/1bB1P3/8/PP1B1PPP/RN1QK1NR b KQkq - 2 6,c1d2
49,EulerE,Kijan1234,1164,1202,rnb1k1nr/pp3ppp/2p5/q2Pp3/1bB1P3/8/PP1B1PPP/RN1QK1NR w KQkq - 3 7,d8a5
49,EulerE,Kijan1234,1164,1202,rnb1k1nr/pp3ppp/2P5/q3p3/1bB1P3/8/PP1B1PPP/RN1QK1NR b KQkq - 0 7,d5c6
49,EulerE,Kijan1234,1164,1202,r1b1k1nr/pp3ppp/2n5/q3p3/1bB1P3/8/PP1B1PPP/RN1QK1NR w KQkq - 0 8,b8c6
49,EulerE,Kijan1234,1164,1202,r1b1k1nr/pp3ppp/2n5/q3p3/1BB1P3/8/PP3PPP/RN1QK1NR b KQkq - 0 8,d2b4
49,EulerE,Kijan1234,1164,1202,r1b1k1nr/pp3ppp/2n5/4p3/1qB1P3/8/PP3PPP/RN1QK1NR w KQkq - 0 9,a5b4
49,EulerE,Kijan1234,1164,1202,r1b1k1nr/pp3ppp/2n5/4p3/1qB1P3/8/PP1Q1PPP/RN2K1NR b KQkq - 1 9,d1d2
50,RayllonCezar0,EulerE,1099,1163,rnbqkbnr/pppppppp/8/8/4P3/8/PPPP1PPP/RNBQKBNR b KQkq - 0 1,e2e4
50,RayllonCezar0,EulerE,1099,1163,rnbqkbnr/pppp1ppp/8/4p3/4P3/8/PPPP1PPP/RNBQKBNR w KQkq - 0 2,e7e5
50,RayllonCezar0,EulerE,1099,1163,rnbqkbnr/pppp1ppp/8/4p3/2B1P3/8/PPPP1PPP/RNBQK1NR b KQkq - 1 2,f1c4
50,RayllonCezar0,EulerE,1099,1163,r1bqkbnr/pppp1ppp/2n5/4p3/2B1P3/8/PPPP1PPP/RNBQK1NR w KQkq - 2 3,b8c6
50,RayllonCezar0,EulerE,1099,1163,r1bqkbnr/pppp1ppp/2n5/4p3/2B1P3/8/PPPPQPPP/RNB1K1NR b KQkq - 3 3,d1e2
50,RayllonCezar0,EulerE,1099,1163,r1bqk1nr/pppp1ppp/2n5/2b1p3/2B1P3/8/PPPPQPPP/RNB1K1NR w KQkq - 4 4,f8c5
50,RayllonCezar0,EulerE,1099,1163,r1bqk1nr/pppp1ppp/2n5/2b1p3/4P3/1B6/PPPPQPPP/RNB1K1NR b KQkq - 5 4,c4b3
50,RayllonCezar0,EulerE,1099,1163,r1bqk1nr/ppp2ppp/2np4/2b1p3/4P3/1B6/PPPPQPPP/RNB1K1NR w KQkq - 0 5,d7d6
50,RayllonCezar0,EulerE,1099,1163,r1bqk1nr/ppp2ppp/2np4/2b1p3/2Q1P3/1B6/PPPP1PPP/RNB1K1NR b KQkq - 1 5,e2c4
50,RayllonCezar0,EulerE,1099,1163,r2qk1nr/ppp2ppp/2npb3/2b1p3/2Q1P3/1B6/PPPP1PPP/RNB1K1NR w KQkq - 2 6,c8e6
50,RayllonCezar0,EulerE,1099,1163,r2qk1nr/ppp2ppp/2npb3/1Qb1p3/4P3/1B6/PPPP1PPP/RNB1K1NR b KQkq - 3 6,c4b5
50,RayllonCezar0,EulerE,1099,1163,r2qk1nr/ppp2ppp/2np4/1Qb1p3/4P3/1b6/PPPP1PPP/RNB1K1NR w KQkq - 0 7,e6b3
50,RayllonCezar0,EulerE,1099,1163,r2qk1nr/ppp2ppp/2np4/2b1p3/4P3/1Q6/PPPP1PPP/RNB1K1NR b KQkq - 0 7,b5b3
50,RayllonCezar0,EulerE,1099,1163,r2qk1nr/ppp2ppp/3p4/n1b1p3/4P3/1Q6/PPPP1PPP/RNB1K1NR w KQkq - 1 8,c6a5
50,RayllonCezar0,EulerE,1099,1163,r2qk1nr/ppp2ppp/3p4/nQb1p3/4P3/8/PPPP1PPP/RNB1K1NR b KQkq - 2 8,b3b5
50,RayllonCezar0,EulerE,1099,1163,r2qk1nr/pp3ppp/2pp4/nQb1p3/4P3/8/PPPP1PPP/RNB1K1NR w KQkq - 0 9,c7c6
50,RayllonCezar0,EulerE,1099,1163,r2qk1nr/pp3ppp/2pp4/n1b1p3/4P3/8/PPPPQPPP/RNB1K1NR b KQkq - 1 9,b5e2
50,RayllonCezar0,EulerE,1099,1163,r2qk2r/pp3ppp/2pp1n2/n1b1p3/4P3/8/PPPPQPPP/RNB1K1NR w KQkq - 2 10,g8f6
50,RayllonCezar0,EulerE,1099,1163,r2qk2r/pp3ppp/2pp1n2/n1b1p3/4P3/3P4/PPP1QPPP/RNB1K1NR b KQkq - 0 10,d2d3
50,RayllonCezar0,EulerE,1099,1163,r2q1rk1/pp3ppp/2pp1n2/n1b1p3/4P3/3P4/PPP1QPPP/RNB1K1NR w KQ - 1 11,e8g8
50,RayllonCezar0,EulerE,1099,1163,r2q1rk1/pp3ppp/2pp1n2/n1b1p3/4P3/P2P4/1PP1QPPP/RNB1K1NR b KQ - 0 11,a2a3
50,RayllonCezar0,EulerE,1099,1163,r2q1rk1/pp3ppp/2pp1n2/n3p3/3bP3/P2P4/1PP1QPPP/RNB1K1NR w KQ - 1 12,c5d4
50,RayllonCezar0,EulerE,1099,1163,r2q1rk1/pp3ppp/2pp1n2/n3p3/3bP3/P2PB3/1PP1QPPP/RN2K1NR b KQ - 2 12,c1e3
50,RayllonCezar0,EulerE,1099,1163,r2q1rk1/pp3ppp/2pp1n2/n3p3/4P3/P2PB3/1bP1QPPP/RN2K1NR w KQ - 0 13,d4b2
50,RayllonCezar0,EulerE,1099,1163,r2q1rk1/pp3ppp/2pp1n2/n3p3/4P3/P2PB3/RbP1QPPP/1N2K1NR b K - 1 13,a1a2
50,RayllonCezar0,EulerE,1099,1163,r2q1rk1/pp3ppp/2pp1n2/n3p3/3bP3/P2PB3/R1P1QPPP/1N2K1NR w K - 2 14,b2d4
50,RayllonCezar0,EulerE,1099,1163,r2q1rk1/pp3ppp/2pp1n2/n3p3/3BP3/P2P4/R1P1QPPP/1N2K1NR b K - 0 14,e3d4
50,RayllonCezar0,EulerE,1099,1163,r2q1rk1/pp3ppp/2pp1n2/n7/3pP3/P2P4/R1P1QPPP/1N2K1NR w K - 0 15,e5d4
50,RayllonCezar0,EulerE,1099,1163,r2q1rk1/pp3ppp/2pp1n2/n7/3pP3/P2P1N2/R1P1QPPP/1N2K2R b K - 1 15,g1f3
50,RayllonCezar0,EulerE,1099,1163,r2q1rk1/pp3ppp/3p1n2/n1p5/3pP3/P2P1N2/R1P1QPPP/1N2K2R w K - 0 16,c6c5
50,RayllonCezar0,EulerE,1099,1163,r2q1rk1/pp3ppp/3p1n2/n1p5/3pP3/P2P1N2/R1P1QPPP/1N3RK1 b - - 1 16,e1g1
50,RayllonCezar0,EulerE,1099,1163,r2q1rk1/pp3pp1/3p1n1p/n1p5/3pP3/P2P1N2/R1P1QPPP/1N3RK1 w - - 0 17,h7h6
50,RayllonCezar0,EulerE,1099,1163,r2q1rk1/pp3pp1/3p1n1p/n1p5/3pP3/P2P1N2/1RP1QPPP/1N3RK1 b - - 1 17,a2b2
50,RayllonCezar0,EulerE,1099,1163,r2qr1k1/pp3pp1/3p1n1p/n1p5/3pP3/P2P1N2/1RP1QPPP/1N3RK1 w - - 2 18,f8e8
50,RayllonCezar0,EulerE,1099,1163,r2qr1k1/pp3pp1/3p1n1p/n1p5/3pP3/P2P1N2/1RPQ1PPP/1N3RK1 b - - 3 18,e2d2
50,RayllonCezar0,EulerE,1099,1163,r2qr1k1/p4pp1/1p1p1n1p/n1p5/3pP3/P2P1N2/1RPQ1PPP/1N3RK1 w - - 0 19,b7b6
50,RayllonCezar0,EulerE,1099,1163,r2qr1k1/p4pp1/1p1p1n1p/n1p5/3pPQ2/P2P1N2/1RP2PPP/1N3RK1 b - - 1 19,d2f4
50,RayllonCezar0,EulerE,1099,1163,r2qr1k1/p4pp1/1p1p3p/n1p4n/3pPQ2/P2P1N2/1RP2PPP/1N3RK1 w - - 2 20,f6h5
50,RayllonCezar0,EulerE,1099,1163,r2qr1k1/p4pp1/1p1p3p/n1p2Q1n/3pP3/P2P1N2/1RP2PPP/1N3RK1 b - - 3 20,f4f5
50,RayllonCezar0,EulerE,1099,1163,r2qr1k1/p4p2/1p1p2pp/n1p2Q1n/3pP3/P2P1N2/1RP2PPP/1N3RK1 w - - 0 21,g7g6
50,RayllonCezar0,EulerE,1099,1163,r2qr1k1/p4p2/1p1p2pp/n1p4n/3pP3/P2P1N1Q/1RP2PPP/1N3RK1 b - - 1 21,f5h3
50,RayllonCezar0,EulerE,1099,1163,r1q1r1k1/p4p2/1p1p2pp/n1p4n/3pP3/P2P1N1Q/1RP2PPP/1N3RK1 w - - 2 22,d8c8
50,RayllonCezar0,EulerE,1099,1163,r1Q1r1k1/p4p2/1p1p2pp/n1p4n/3pP3/P2P1N2/1RP2PPP/1N3RK1 b - - 0 22,h3c8
50,RayllonCezar0,EulerE,1099,1163,2r1r1k1/p4p2/1p1p2pp/n1p4n/3pP3/P2P1N2/1RP2PPP/1N3RK1 w - - 0 23,a8c8
50,RayllonCezar0,EulerE,1099,1163,2r1r1k1/p4p2/1p1p2pp/n1p4n/3pP3/P2P1N2/1RPN1PPP/5RK1 b - - 1 23,b1d2
50,RayllonCezar0,EulerE,1099,1163,2r1r1k1/p7/1p1p1ppp/n1p4n/3pP3/P2P1N2/1RPN1PPP/5RK1 w - - 0 24,f7f6
50,RayllonCezar0,EulerE,1099,1163,2r1r1k1/p7/1p1p1ppp/n1p4n/3pP3/P2P1NP1/1RPN1P1P/5RK1 b - - 0 24,g2g3
50,RayllonCezar0,EulerE,1099,1163,2r1r1k1/p5n1/1p1p1ppp/n1p5/3pP3/P2P1NP1/1RPN1P1P/5RK1 w - - 1 25,h5g7
50,RayllonCezar0,EulerE,1099,1163,2r1r1k1/p5n1/1p1p1ppp/n1p5/3pP2N/P2P2P1/1RPN1P1P/5RK1 b - - 2 25,f3h4
50,RayllonCezar0,EulerE,1099,1163,2r1r3/p4kn1/1p1p1ppp/n1p5/3pP2N/P2P2P1/1RPN1P1P/5RK1 w - - 3 26,g8f7
50,RayllonCezar0,EulerE,1099,1163,2r1r3/p4kn1/1p1p1ppp/n1p5/3pP2N/P2P1NP1/1RP2P1P/5RK1 b - - 4 26,d2f3
50,RayllonCezar0,EulerE,1099,1163,2r1r3/p4kn1/1pnp1ppp/2p5/3pP2N/P2P1NP1/1RP2P1P/5RK1 w - - 5 27,a5c6
50,RayllonCezar0,EulerE,1099,1163,2r1r3/p4kn1/1pnp1ppp/2p5/P2pP2N/3P1NP1/1RP2P1P/5RK1 b - - 0 27,a3a4
50,RayllonCezar0,EulerE,1099,1163,2r1r3/p3nkn1/1p1p1ppp/2p5/P2pP2N/3P1NP1/1RP2P1P/5RK1 w - - 1 28,c6e7
50,RayllonCezar0,EulerE,1099,1163,2r1r3/p3nkn1/1p1p1ppp/2p5/P2pP2N/3P2P1/1RPN1P1P/5RK1 b - - 2 28,f3d2
50,RayllonCezar0,EulerE,1099,1163,2r1r3/p3nkn1/1p1p2pp/2p2p2/P2pP2N/3P2P1/1RPN1P1P/5RK1 w - - 0 29,f6f5
50,RayllonCezar0,EulerE,1099,1163,2r1r3/p3nkn1/1p1p2pp/2p2P2/P2p3N/3P2P1/1RPN1P1P/5RK1 b - - 0 29,e4f5
50,RayllonCezar0,EulerE,1099,1163,2r1r3/p4kn1/1p1p2pp/2p2n2/P2p3N/3P2P1/1RPN1P1P/5RK1 w - - 0 30,e7f5
50,RayllonCezar0,EulerE,1099,1163,2r1r3/p4kn1/1p1p2pp/2p2N2/P2p4/3P2P1/1RPN1P1P/5RK1 b - - 0 30,h4f5
50,RayllonCezar0,EulerE,1099,1163,2r1r3/p4k2/1p1p2pp/2p2n2/P2p4/3P2P1/1RPN1P1P/5RK1 w - - 0 31,g7f5
50,RayllonCezar0,EulerE,1099,1163,2r1r3/p4k2/1p1p2pp/2p2n2/P1Np4/3P2P1/1RP2P1P/5RK1 b - - 1 31,d2c4
50,RayllonCezar0,EulerE,1099,1163,1r2r3/p4k2/1p1p2pp/2p2n2/P1Np4/3P2P1/1RP2P1P/5RK1 w - - 2 32,c8b8
50,RayllonCezar0,EulerE,1099,1163,1r2r3/p4k2/1p1p2pp/2p2n2/P1Np4/3P2P1/R1P2P1P/5RK1 b - - 3 32,b2a2
50,RayllonCezar0,EulerE,1099,1163,1r2r3/p4k2/1p4pp/2pp1n2/P1Np4/3P2P1/R1P2P1P/5RK1 w - - 0 33,d6d5
50,RayllonCezar0,EulerE,1099,1163,1r2r3/p4k2/1p4pp/2pp1n2/P2p4/3P2P1/R1PN1P1P/5RK1 b - - 1 33,c4d2
50,RayllonCezar0,EulerE,1099,1163,1r6/p4k2/1p4pp/2pp1n2/P2p4/3P2P1/R1PNrP1P/5RK1 w - - 2 34,e8e2
50,RayllonCezar0,EulerE,1099,1163,1r6/p4k2/1p4pp/2pp1n2/P2p4/3P1NP1/R1P1rP1P/5RK1 b - - 3 34,d2f3
50,RayllonCezar0,EulerE,1099,1163,4r3/p4k2/1p4pp/2pp1n2/P2p4/3P1NP1/R1P1rP1P/5RK1 w - - 4 35,b8e8
