game_id,white,black,white_elo,black_elo,chess_fen,move_made
1,okcool11,EulerE,657,632,rnbqkbnr/pppppppp/8/8/4P3/8/PPPP1PPP/RNBQKBNR b KQkq - 0 1,e2e4
1,okcool11,EulerE,657,632,rnbqkbnr/pppp1ppp/8/4p3/4P3/8/PPPP1PPP/RNBQKBNR w KQkq - 0 2,e7e5
1,okcool11,EulerE,657,632,rnbqkbnr/pppp1ppp/8/4p3/4P3/5N2/PPPP1PPP/RNBQKB1R b KQkq - 1 2,g1f3
1,okcool11,EulerE,657,632,rnbqkbnr/pppp2pp/5p2/4p3/4P3/5N2/PPPP1PPP/RNBQKB1R w KQkq - 0 3,f7f6
1,okcool11,EulerE,657,632,rnbqkbnr/pppp2pp/5p2/4p3/3PP3/5N2/PPP2PPP/RNBQKB1R b KQkq - 0 3,d2d4
1,okcool11,EulerE,657,632,rnbqkbnr/ppp3pp/3p1p2/4p3/3PP3/5N2/PPP2PPP/RNBQKB1R w KQkq - 0 4,d7d6
1,okcool11,EulerE,657,632,rnbqkbnr/ppp3pp/3p1p2/4p3/2PPP3/5N2/PP3PPP/RNBQKB1R b KQkq - 0 4,c2c4
1,okcool11,EulerE,657,632,rnbqk1nr/ppp1b1pp/3p1p2/4p3/2PPP3/5N2/PP3PPP/RNBQKB1R w KQkq - 1 5,f8e7
1,okcool11,EulerE,657,632,rnbqk1nr/ppp1b1pp/3p1p2/3Pp3/2P1P3/5N2/PP3PPP/RNBQKB1R b KQkq - 0 5,d4d5
1,okcool11,EulerE,657,632,rnbqk1nr/pp2b1pp/2pp1p2/3Pp3/2P1P3/5N2/PP3PPP/RNBQKB1R w KQkq - 0 6,c7c6
1,okcool11,EulerE,657,632,rnbqk1nr/pp2b1pp/2pp1p2/3Pp3/2P1P3/1P3N2/P4PPP/RNBQKB1R b KQkq - 0 6,b2b3
1,okcool11,EulerE,657,632,rnb1k1nr/pp2b1pp/2pp1p2/q2Pp3/2P1P3/1P3N2/P4PPP/RNBQKB1R w KQkq - 1 7,d8a5
1,okcool11,EulerE,657,632,rnb1k1nr/pp2b1pp/2pp1p2/q2Pp3/2P1P3/1P3N2/P3KPPP/RNBQ1B1R b kq - 2 7,e1e2
1,okcool11,EulerE,657,632,rnb1k1nr/pp2b1pp/3p1p2/q1pPp3/2P1P3/1P3N2/P3KPPP/RNBQ1B1R w kq - 0 8,c6c5
1,okcool11,EulerE,657,632,rnb1k1nr/pp2b1pp/3p1p2/q1pPp3/P1P1P3/1P3N2/4KPPP/RNBQ1B1R b kq - 0 8,a2a4
1,okcool11,EulerE,657,632,rn2k1nr/pp1bb1pp/3p1p2/q1pPp3/P1P1P3/1P3N2/4KPPP/RNBQ1B1R w kq - 1 9,c8d7
1,okcool11,EulerE,657,632,rn2k1nr/pp1bb1pp/3p1p2/q1pPp3/PPP1P3/5N2/4KPPP/RNBQ1B1R b kq - 0 9,b3b4
1,okcool11,EulerE,657,632,rn2k1nr/pp1bb1pp/3p1p2/2pPp3/PqP1P3/5N2/4KPPP/RNBQ1B1R w kq - 0 10,a5b4
1,okcool11,EulerE,657,632,rn2k1nr/pp1bb1pp/3p1p2/2pPp3/PqP1P3/5N2/3NKPPP/R1BQ1B1R b kq - 1 10,b1d2
1,okcool11,EulerE,657,632,r3k1nr/pp1bb1pp/n2p1p2/2pPp3/PqP1P3/5N2/3NKPPP/R1BQ1B1R w kq - 2 11,b8a6
1,okcool11,EulerE,657,632,r3k1nr/pp1bb1pp/n2p1p2/2pPp3/PqP1P2P/5N2/3NKPP1/R1BQ1B1R b kq - 0 11,h2h4
1,okcool11,EulerE,657,632,r3k1nr/pp1bb2p/n2p1pp1/2pPp3/PqP1P2P/5N2/3NKPP1/R1BQ1B1R w kq - 0 12,g7g6
1,okcool11,EulerE,657,632,r3k1nr/pp1bb2p/n2p1pp1/2pPp3/PqP1P2P/5N1R/3NKPP1/R1BQ1B2 b kq - 1 12,h1h3
1,okcool11,EulerE,657,632,r3k1nr/pp2b2p/n2p1pp1/2pPp3/PqP1P2P/5N1b/3NKPP1/R1BQ1B2 w kq - 0 13,d7h3
1,okcool11,EulerE,657,632,r3k1nr/pp2b2p/n2p1pp1/2pPp3/PqP1P2P/5N1P/3NKP2/R1BQ1B2 b kq - 0 13,g2h3
1,okcool11,EulerE,657,632,r3k1nr/p3b2p/n2p1pp1/1ppPp3/PqP1P2P/5N1P/3NKP2/R1BQ1B2 w kq - 0 14,b7b5
1,okcool11,EulerE,657,632,r3k1nr/p3b2p/n2p1pp1/1PpPp3/Pq2P2P/5N1P/3NKP2/R1BQ1B2 b kq - 0 14,c4b5
1,okcool11,EulerE,657,632,1r2k1nr/p3b2p/n2p1pp1/1PpPp3/Pq2P2P/5N1P/3NKP2/R1BQ1B2 w k - 1 15,a8b8
1,okcool11,EulerE,657,632,1r2k1nr/p3b2p/P2p1pp1/2pPp3/Pq2P2P/5N1P/3NKP2/R1BQ1B2 b k - 0 15,b5a6
1,okcool11,EulerE,657,632,1r2k1nr/p3b2p/Pq1p1pp1/2pPp3/P3P2P/5N1P/3NKP2/R1BQ1B2 w k - 1 16,b4b6
1,okcool11,EulerE,657,632,1r2k1nr/p3b2p/Pq1p1pp1/P1pPp3/4P2P/5N1P/3NKP2/R1BQ1B2 b k - 0 16,a4a5
1,okcool11,EulerE,657,632,1r2k1nr/p3b2p/q2p1pp1/P1pPp3/4P2P/5N1P/3NKP2/R1BQ1B2 w k - 0 17,b6a6
1,okcool11,EulerE,657,632,1r2k1nr/p3b2p/q2p1pp1/P1pPp3/4P2P/5N1P/3N1P2/R1BQKB2 b k - 1 17,e2e1
1,okcool11,EulerE,657,632,1r2k1nr/p3b2p/q2p2p1/P1pPpp2/4P2P/5N1P/3N1P2/R1BQKB2 w k - 0 18,f6f5
1,okcool11,EulerE,657,632,1r2k1nr/p3b2p/B2p2p1/P1pPpp2/4P2P/5N1P/3N1P2/R1BQK3 b k - 0 18,f1a6
1,okcool11,EulerE,657,632,4k1nr/p3b2p/Br1p2p1/P1pPpp2/4P2P/5N1P/3N1P2/R1BQK3 w k - 1 19,b8b6
1,okcool11,EulerE,657,632,4k1nr/p3b2p/BP1p2p1/2pPpp2/4P2P/5N1P/3N1P2/R1BQK3 b k - 0 19,a5b6
1,okcool11,EulerE,657,632,4k1nr/4b2p/Bp1p2p1/2pPpp2/4P2P/5N1P/3N1P2/R1BQK3 w k - 0 20,a7b6
1,okcool11,EulerE,657,632,4k1nr/4b2p/1p1p2p1/1BpPpp2/4P2P/5N1P/3N1P2/R1BQK3 b k - 1 20,a6b5
1,okcool11,EulerE,657,632,3k2nr/4b2p/1p1p2p1/1BpPpp2/4P2P/5N1P/3N1P2/R1BQK3 w - - 2 21,e8d8
1,okcool11,EulerE,657,632,3k2nr/4b2p/1p1p2p1/1BpPpP2/7P/5N1P/3N1P2/R1BQK3 b - - 0 21,e4f5
1,okcool11,EulerE,657,632,3k3r/4b2p/1p1p1np1/1BpPpP2/7P/5N1P/3N1P2/R1BQK3 w - - 1 22,g8f6
1,okcool11,EulerE,657,632,3k3r/4b2p/1p1p1nP1/1BpPp3/7P/5N1P/3N1P2/R1BQK3 b - - 0 22,f5g6
1,okcool11,EulerE,657,632,3k3r/4b3/1p1p1nPp/1BpPp3/7P/5N1P/3N1P2/R1BQK3 w - - 0 23,h7h6
1,okcool11,EulerE,657,632,3k3r/4b1P1/1p1p1n1p/1BpPp3/7P/5N1P/3N1P2/R1BQK3 b - - 0 23,g6g7
1,okcool11,EulerE,657,632,3k3r/4b1P1/1p1p3p/1BpPp2n/7P/5N1P/3N1P2/R1BQK3 w - - 1 24,f6h5
1,okcool11,EulerE,657,632,3k3Q/4b3/1p1p3p/1BpPp2n/7P/5N1P/3N1P2/R1BQK3 b - - 0 24,g7h8q
2,EulerE,JPfeife,598,669,rnbqkbnr/pppppppp/8/8/5P2/8/PPPPP1PP/RNBQKBNR b KQkq - 0 1,f2f4
2,EulerE,JPfeife,598,669,rnbqkbnr/ppppp1pp/8/5p2/5P2/8/PPPPP1PP/RNBQKBNR w KQkq - 0 2,f7f5
2,EulerE,JPfeife,598,669,rnbqkbnr/ppppp1pp/8/5p2/5P2/6P1/PPPPP2P/RNBQKBNR b KQkq - 0 2,g2g3
2,EulerE,JPfeife,598,669,rnbqkbnr/ppp1p1pp/3p4/5p2/5P2/6P1/PPPPP2P/RNBQKBNR w KQkq - 0 3,d7d6
2,EulerE,JPfeife,598,669,rnbqkbnr/ppp1p1pp/3p4/5p2/5P2/4P1P1/PPPP3P/RNBQKBNR b KQkq - 0 3,e2e3
2,EulerE,JPfeife,598,669,rnbqkbnr/ppp1p2p/3p2p1/5p2/5P2/4P1P1/PPPP3P/RNBQKBNR w KQkq - 0 4,g7g6
2,EulerE,JPfeife,598,669,rnbqkbnr/ppp1p2p/3p2p1/5p2/2P2P2/4P1P1/PP1P3P/RNBQKBNR b KQkq - 0 4,c2c4
2,EulerE,JPfeife,598,669,rn1qkbnr/ppp1p2p/3pb1p1/5p2/2P2P2/4P1P1/PP1P3P/RNBQKBNR w KQkq - 1 5,c8e6
2,EulerE,JPfeife,598,669,rn1qkbnr/ppp1p2p/3pb1p1/5p2/2P2P2/3PP1P1/PP5P/RNBQKBNR b KQkq - 0 5,d2d3
2,EulerE,JPfeife,598,669,rn1qkbnr/ppp1p2p/4b1p1/3p1p2/2P2P2/3PP1P1/PP5P/RNBQKBNR w KQkq - 0 6,d6d5
2,EulerE,JPfeife,598,669,rn1qkbnr/ppp1p2p/4b1p1/3p1p2/2P2P2/3PP1P1/PP2Q2P/RNB1KBNR b KQkq - 1 6,d1e2
2,EulerE,JPfeife,598,669,rn1qkb1r/ppp1p2p/4bnp1/3p1p2/2P2P2/3PP1P1/PP2Q2P/RNB1KBNR w KQkq - 2 7,g8f6
2,EulerE,JPfeife,598,669,rn1qkb1r/ppp1p2p/4bnp1/3p1p2/1PP2P2/3PP1P1/P3Q2P/RNB1KBNR b KQkq - 0 7,b2b4
2,EulerE,JPfeife,598,669,r2qkb1r/ppp1p2p/2n1bnp1/3p1p2/1PP2P2/3PP1P1/P3Q2P/RNB1KBNR w KQkq - 1 8,b8c6
2,EulerE,JPfeife,598,669,r2qkb1r/ppp1p2p/2n1bnp1/3p1p2/1PP2P2/3PP1P1/PB2Q2P/RN2KBNR b KQkq - 2 8,c1b2
2,EulerE,JPfeife,598,669,r2qkb1r/p1p1p2p/1pn1bnp1/3p1p2/1PP2P2/3PP1P1/PB2Q2P/RN2KBNR w KQkq - 0 9,b7b6
2,EulerE,JPfeife,598,669,r2qkb1r/p1p1p2p/1pn1bnp1/3p1p2/1PP2P2/2NPP1P1/PB2Q2P/R3KBNR b KQkq - 1 9,b1c3
2,EulerE,JPfeife,598,669,r2qkb1r/2p1p2p/1pn1bnp1/p2p1p2/1PP2P2/2NPP1P1/PB2Q2P/R3KBNR w KQkq - 0 10,a7a5
2,EulerE,JPfeife,598,669,r2qkb1r/2p1p2p/1pn1bnp1/p2P1p2/1P3P2/2NPP1P1/PB2Q2P/R3KBNR b KQkq - 0 10,c4d5
2,EulerE,JPfeife,598,669,r2qkb1r/2p1p2p/1pn1b1p1/p2n1p2/1P3P2/2NPP1P1/PB2Q2P/R3KBNR w KQkq - 0 11,f6d5
2,EulerE,JPfeife,598,669,r2qkb1r/2p1p2p/1pn1b1p1/p2n1p2/1P3P2/2NPP1P1/PBQ4P/R3KBNR b KQkq - 1 11,e2c2
2,EulerE,JPfeife,598,669,r2qkb1r/2p1p2p/1pn1b1p1/p4p2/1P3P2/2NPn1P1/PBQ4P/R3KBNR w KQkq - 0 12,d5e3
2,EulerE,JPfeife,598,669,r2qkb1r/2p1p2p/1pn1b1p1/p4p2/1P3P2/2NPn1P1/PB2Q2P/R3KBNR b KQkq - 1 12,c2e2
2,EulerE,JPfeife,598,669,r2qkb1r/2p1p2p/1pn3p1/p2b1p2/1P3P2/2NPn1P1/PB2Q2P/R3KBNR w KQkq - 2 13,e6d5
2,EulerE,JPfeife,598,669,r2qkb1r/2p1p2p/1pn3p1/p2b1p2/1P3P2/2NPn1P1/PB2Q1BP/R3K1NR b KQkq - 3 13,f1g2
2,EulerE,JPfeife,598,669,r2qkb1r/2p1p2p/1pn3p1/p2b1p2/1P3P2/2NP2P1/PB2Q1nP/R3K1NR w KQkq - 0 14,e3g2
2,EulerE,JPfeife,598,669,r2qkb1r/2p1p2p/1pn3p1/p2b1p2/1P3P2/2NP2P1/PB2QKnP/R5NR b kq - 1 14,e1f2
2,EulerE,JPfeife,598,669,r2qkb1r/2p1p2p/1pn3p1/p2b1p2/1P3n2/2NP2P1/PB2QK1P/R5NR w kq - 0 15,g2f4
2,EulerE,JPfeife,598,669,r2qkb1r/2p1p2p/1pn3p1/p2b1p2/1P3n2/2NPQ1P1/PB3K1P/R5NR b kq - 1 15,e2e3
2,EulerE,JPfeife,598,669,r2qkb1r/2p1p2p/1pn3p1/p4p2/1P3n2/2NPQ1P1/PB3K1P/R5Nb w kq - 0 16,d5h1
2,EulerE,JPfeife,598,669,r2qkb1r/2p1p2p/1pn1Q1p1/p4p2/1P3n2/2NP2P1/PB3K1P/R5Nb b kq - 1 16,e3e6
2,EulerE,JPfeife,598,669,r2qkb1r/2p1p2p/1pn1n1p1/p4p2/1P6/2NP2P1/PB3K1P/R5Nb w kq - 0 17,f4e6
2,EulerE,JPfeife,598,669,r2qkb1r/2p1p2p/1pn1n1p1/p2N1p2/1P6/3P2P1/PB3K1P/R5Nb b kq - 1 17,c3d5
2,EulerE,JPfeife,598,669,r3kb1r/2p1p2p/1pn1n1p1/p2q1p2/1P6/3P2P1/PB3K1P/R5Nb w kq - 0 18,d8d5
2,EulerE,JPfeife,598,669,r3kb1B/2p1p2p/1pn1n1p1/p2q1p2/1P6/3P2P1/P4K1P/R5Nb b q - 0 18,b2h8
2,EulerE,JPfeife,598,669,r3kb1B/2p1p2p/1pn1n1p1/p4p2/1P6/3q2P1/P4K1P/R5Nb w q - 0 19,d5d3
2,EulerE,JPfeife,598,669,r3kb1B/2p1p2p/1pn1n1p1/p4p2/1P6/3q2P1/P6P/R3K1Nb b q - 1 19,f2e1
2,EulerE,JPfeife,598,669,3rkb1B/2p1p2p/1pn1n1p1/p4p2/1P6/3q2P1/P6P/R3K1Nb w - - 2 20,a8d8
2,EulerE,JPfeife,598,669,3rkb1B/2p1p2p/1pn1n1p1/p4p2/1P6/3q2P1/P6P/3RK1Nb b - - 3 20,a1d1
2,EulerE,JPfeife,598,669,3rkb1B/2p1p2p/1pn1n1p1/p4p2/1P6/6P1/P1q4P/3RK1Nb w - - 4 21,d3c2
2,EulerE,JPfeife,598,669,3rkb1B/2p1p2p/1pn1n1p1/p4p2/1P6/6P1/P1qR3P/4K1Nb b - - 5 21,d1d2
2,EulerE,JPfeife,598,669,3rkb1B/2p1p2p/1pn1n1p1/p4p2/1P2q3/6P1/P2R3P/4K1Nb w - - 6 22,c2e4
2,EulerE,JPfeife,598,669,3rkb1B/2p1p2p/1pn1n1p1/p4p2/1P2q3/6P1/P2R1K1P/6Nb b - - 7 22,e1f2
2,EulerE,JPfeife,598,669,3rkb1B/2p1p2p/1pn3p1/p4p2/1P1nq3/6P1/P2R1K1P/6Nb w - - 8 23,e6d4
2,EulerE,JPfeife,598,669,3rkb1B/2p1p2p/1pn3p1/p4p2/1P1Rq3/6P1/P4K1P/6Nb b - - 0 23,d2d4
2,EulerE,JPfeife,598,669,3rkb1B/2p1p2p/1p4p1/p4p2/1P1nq3/6P1/P4K1P/6Nb w - - 0 24,c6d4
2,EulerE,JPfeife,598,669,3rkb1B/2p1p2p/1p4p1/p4p2/1P1nq3/6P1/P6P/5KNb b - - 1 24,f2f1
2,EulerE,JPfeife,598,669,3rkb1B/2p1p2p/1p4p1/p4p2/1P2q3/6P1/P3n2P/5KNb w - - 2 25,d4e2
2,EulerE,JPfeife,598,669,3rkb1B/2p1p2p/1p4p1/p4p2/1P2q3/6P1/P3N2P/5K1b b - - 0 25,g1e2
2,EulerE,JPfeife,598,669,4kb1B/2p1p2p/1p4p1/p4p2/1P2q3/6P1/P2rN2P/5K1b w - - 1 26,d8d2
2,EulerE,JPfeife,598,669,4kb1B/2p1p2p/1p4p1/p4p2/1P2q3/6P1/P2rN2P/4K2b b - - 2 26,f1e1
2,EulerE,JPfeife,598,669,4kb1B/2p1p2p/1p4p1/p4p2/1P2q3/6P1/P3r2P/4K2b w - - 0 27,d2e2
2,EulerE,JPfeife,598,669,4kb1B/2p1p2p/1p4p1/p4p2/1P2q3/6P1/P3r2P/3K3b b - - 1 27,e1d1
2,EulerE,JPfeife,598,669,4kb1B/2p1p2p/1p4p1/p4p2/1P6/6P1/P1q1r2P/3K3b w - - 2 28,e4c2
3,Christo89600,EulerE,691,573,rnbqkbnr/pppppppp/8/8/3P4/8/PPP1PPPP/RNBQKBNR b KQkq - 0 1,d2d4
3,Christo89600,EulerE,691,573,rnbqkbnr/ppp1pppp/8/3p4/3P4/8/PPP1PPPP/RNBQKBNR w KQkq - 0 2,d7d5
3,Christo89600,EulerE,691,573,rnbqkbnr/ppp1pppp/8/3p4/3P4/4P3/PPP2PPP/RNBQKBNR b KQkq - 0 2,e2e3
3,Christo89600,EulerE,691,573,rnbqkbnr/ppp2ppp/4p3/3p4/3P4/4P3/PPP2PPP/RNBQKBNR w KQkq - 0 3,e7e6
3,Christo89600,EulerE,691,573,rnbqkbnr/ppp2ppp/4p3/3p4/3P4/4P3/PPPB1PPP/RN1QKBNR b KQkq - 1 3,c1d2
3,Christo89600,EulerE,691,573,rn1qkbnr/pppb1ppp/4p3/3p4/3P4/4P3/PPPB1PPP/RN1QKBNR w KQkq - 2 4,c8d7
3,Christo89600,EulerE,691,573,rn1qkbnr/pppb1ppp/4p3/3p4/3P4/1P2P3/P1PB1PPP/RN1QKBNR b KQkq - 0 4,b2b3
3,Christo89600,EulerE,691,573,rn1qkbnr/pp1b1ppp/2p1p3/3p4/3P4/1P2P3/P1PB1PPP/RN1QKBNR w KQkq - 0 5,c7c6
3,Christo89600,EulerE,691,573,rn1qkbnr/pp1b1ppp/2p1p3/3p4/P2P4/1P2P3/2PB1PPP/RN1QKBNR b KQkq - 0 5,a2a4
3,Christo89600,EulerE,691,573,rn1qkbnr/p2b1ppp/2p1p3/1p1p4/P2P4/1P2P3/2PB1PPP/RN1QKBNR w KQkq - 0 6,b7b5
3,Christo89600,EulerE,691,573,rn1qkbnr/p2b1ppp/2p1p3/1p1p4/P2P4/1P2PN2/2PB1PPP/RN1QKB1R b KQkq - 1 6,g1f3
3,Christo89600,EulerE,691,573,rn1qk1nr/p2bbppp/2p1p3/1p1p4/P2P4/1P2PN2/2PB1PPP/RN1QKB1R w KQkq - 2 7,f8e7
3,Christo89600,EulerE,691,573,rn1qk1nr/p2bbppp/2p1p3/1p1p4/P2P4/1PN1PN2/2PB1PPP/R2QKB1R b KQkq - 3 7,b1c3
3,Christo89600,EulerE,691,573,r2qk1nr/p2bbppp/n1p1p3/1p1p4/P2P4/1PN1PN2/2PB1PPP/R2QKB1R w KQkq - 4 8,b8a6
3,Christo89600,EulerE,691,573,r2qk1nr/p2bbppp/n1p1p3/1p1pN3/P2P4/1PN1P3/2PB1PPP/R2QKB1R b KQkq - 5 8,f3e5
3,Christo89600,EulerE,691,573,r2qk1nr/p2b1ppp/n1p1pb2/1p1pN3/P2P4/1PN1P3/2PB1PPP/R2QKB1R w KQkq - 6 9,e7f6
3,Christo89600,EulerE,691,573,r2qk1nr/p2b1ppp/n1p1pb2/1p1pN3/P2P4/1PN1P3/2PBBPPP/R2QK2R b KQkq - 7 9,f1e2
3,Christo89600,EulerE,691,573,r2qk1nr/p2b1ppp/n3pb2/1pppN3/P2P4/1PN1P3/2PBBPPP/R2QK2R w KQkq - 0 10,c6c5
3,Christo89600,EulerE,691,573,r2qk1nr/p2b1ppp/n3pb2/1pppN2B/P2P4/1PN1P3/2PB1PPP/R2QK2R b KQkq - 1 10,e2h5
3,Christo89600,EulerE,691,573,r2qk1nr/p2b1ppp/n3p3/1pppb2B/P2P4/1PN1P3/2PB1PPP/R2QK2R w KQkq - 0 11,f6e5
3,Christo89600,EulerE,691,573,r2qk1nr/p2b1ppp/n3p3/1pppP2B/P7/1PN1P3/2PB1PPP/R2QK2R b KQkq - 0 11,d4e5
3,Christo89600,EulerE,691,573,r3k1nr/p2b1ppp/n3p3/1pppP1qB/P7/1PN1P3/2PB1PPP/R2QK2R w KQkq - 1 12,d8g5
3,Christo89600,EulerE,691,573,r3k1nr/p2b1ppp/n3p3/1pppP1qB/P7/1PN1P1P1/2PB1P1P/R2QK2R b KQkq - 0 12,g2g3
3,Christo89600,EulerE,691,573,r3k1nr/p2b1ppp/n3p3/1pppq2B/P7/1PN1P1P1/2PB1P1P/R2QK2R w KQkq - 0 13,g5e5
3,Christo89600,EulerE,691,573,r3k1nr/p2b1ppp/n3p3/1pppq2B/P6P/1PN1P1P1/2PB1P2/R2QK2R b KQkq - 0 13,h2h4
3,Christo89600,EulerE,691,573,r3k2r/p2b1ppp/n3pn2/1pppq2B/P6P/1PN1P1P1/2PB1P2/R2QK2R w KQkq - 1 14,g8f6
3,Christo89600,EulerE,691,573,r3k2r/p2b1ppp/n3pn2/1pppq3/P6P/1PN1PBP1/2PB1P2/R2QK2R b KQkq - 2 14,h5f3
3,Christo89600,EulerE,691,573,r4rk1/p2b1ppp/n3pn2/1pppq3/P6P/1PN1PBP1/2PB1P2/R2QK2R w KQ - 3 15,e8g8
3,Christo89600,EulerE,691,573,r4rk1/p2b1ppp/n3pn2/1Pppq3/7P/1PN1PBP1/2PB1P2/R2QK2R b KQ - 0 15,a4b5
3,Christo89600,EulerE,691,573,r4rk1/p2b1ppp/4pn2/1Pppq3/1n5P/1PN1PBP1/2PB1P2/R2QK2R w KQ - 1 16,a6b4
3,Christo89600,EulerE,691,573,r4rk1/p2b1ppp/4pn2/1Pppq3/1n5P/1PN1PBP1/R1PB1P2/3QK2R b K - 2 16,a1a2
3,Christo89600,EulerE,691,573,r4rk1/p2b1ppp/4pn2/1Pppq3/7P/1PNnPBP1/R1PB1P2/3QK2R w K - 3 17,b4d3
3,Christo89600,EulerE,691,573,r4rk1/p2b1ppp/4pn2/1Pppq3/7P/1PNPPBP1/R2B1P2/3QK2R b K - 0 17,c2d3
3,Christo89600,EulerE,691,573,r4rk1/p2b1ppp/4pn2/1Ppp1q2/7P/1PNPPBP1/R2B1P2/3QK2R w K - 1 18,e5f5
3,Christo89600,EulerE,691,573,r4rk1/p2b1ppp/4pn2/1Ppp1q2/4P2P/1PNP1BP1/R2B1P2/3QK2R b K - 0 18,e3e4
3,Christo89600,EulerE,691,573,r4rk1/p2b1ppp/4p3/1Ppp1q2/4n2P/1PNP1BP1/R2B1P2/3QK2R w K - 0 19,f6e4
3,Christo89600,EulerE,691,573,r4rk1/p2b1ppp/4p3/1Ppp1q2/4N2P/1P1P1BP1/R2B1P2/3QK2R b K - 0 19,c3e4
3,Christo89600,EulerE,691,573,r4rk1/p2b1ppp/4p3/1Ppp3q/4N2P/1P1P1BP1/R2B1P2/3QK2R w K - 1 20,f5h5
3,Christo89600,EulerE,691,573,r4rk1/p2b1ppp/4p3/1Ppp3B/4N2P/1P1P2P1/R2B1P2/3QK2R b K - 0 20,f3h5
3,Christo89600,EulerE,691,573,r4rk1/p2b1ppp/8/1Pppp2B/4N2P/1P1P2P1/R2B1P2/3QK2R w K - 0 21,e6e5
3,Christo89600,EulerE,691,573,r4rk1/p2b1ppp/8/1PNpp2B/7P/1P1P2P1/R2B1P2/3QK2R b K - 0 21,e4c5
3,Christo89600,EulerE,691,573,r4rk1/p4ppp/8/1bNpp2B/7P/1P1P2P1/R2B1P2/3QK2R w K - 0 22,d7b5
3,Christo89600,EulerE,691,573,r4rk1/p4ppp/8/1bNpp2B/1B5P/1P1P2P1/R4P2/3QK2R b K - 1 22,d2b4
3,Christo89600,EulerE,691,573,2r2rk1/p4ppp/8/1bNpp2B/1B5P/1P1P2P1/R4P2/3QK2R w K - 2 23,a8c8
3,Christo89600,EulerE,691,573,2r2rk1/R4ppp/8/1bNpp2B/1B5P/1P1P2P1/5P2/3QK2R b K - 0 23,a2a7
3,Christo89600,EulerE,691,573,2r1r1k1/R4ppp/8/1bNpp2B/1B5P/1P1P2P1/5P2/3QK2R w K - 1 24,f8e8
3,Christo89600,EulerE,691,573,2r1r1k1/5Rpp/8/1bNpp2B/1B5P/1P1P2P1/5P2/3QK2R b K - 0 24,a7f7
3,Christo89600,EulerE,691,573,2r1r2k/5Rpp/8/1bNpp2B/1B5P/1P1P2P1/5P2/3QK2R w K - 1 25,g8h8
3,Christo89600,EulerE,691,573,2r1r2k/5Rpp/8/1bNpp2B/1B4QP/1P1P2P1/5P2/4K2R b K - 2 25,d1g4
3,Christo89600,EulerE,691,573,4r2k/5Rpp/2r5/1bNpp2B/1B4QP/1P1P2P1/5P2/4K2R w K - 3 26,c8c6
3,Christo89600,EulerE,691,573,4r2k/5RQp/2r5/1bNpp2B/1B5P/1P1P2P1/5P2/4K2R b K - 0 26,g4g7
4,EulerE,kabirpandya,543,577,rnbqkbnr/pppppppp/8/8/4P3/8/PPPP1PPP/RNBQKBNR b KQkq - 0 1,e2e4
4,EulerE,kabirpandya,543,577,rnbqkbnr/pp1ppppp/8/2p5/4P3/8/PPPP1PPP/RNBQKBNR w KQkq - 0 2,c7c5
4,EulerE,kabirpandya,543,577,rnbqkbnr/pp1ppppp/8/2p5/4P3/2N5/PPPP1PPP/R1BQKBNR b KQkq - 1 2,b1c3
4,EulerE,kabirpandya,543,577,rnbqkbnr/pp1p1ppp/8/2p1p3/4P3/2N5/PPPP1PPP/R1BQKBNR w KQkq - 0 3,e7e5
4,EulerE,kabirpandya,543,577,rnbqkbnr/pp1p1ppp/8/2p1p3/4P3/2N2P2/PPPP2PP/R1BQKBNR b KQkq - 0 3,f2f3
4,EulerE,kabirpandya,543,577,rnbqkbnr/pp3ppp/3p4/2p1p3/4P3/2N2P2/PPPP2PP/R1BQKBNR w KQkq - 0 4,d7d6
4,EulerE,kabirpandya,543,577,rnbqkbnr/pp3ppp/3p4/2p1p3/4P3/2N2P2/PPPPQ1PP/R1B1KBNR b KQkq - 1 4,d1e2
4,EulerE,kabirpandya,543,577,rnbqkb1r/pp3ppp/3p1n2/2p1p3/4P3/2N2P2/PPPPQ1PP/R1B1KBNR w KQkq - 2 5,g8f6
4,EulerE,kabirpandya,543,577,rnbqkb1r/pp3ppp/3p1n2/2p1p3/4P3/2N2P1N/PPPPQ1PP/R1B1KB1R b KQkq - 3 5,g1h3
4,EulerE,kabirpandya,543,577,r1bqkb1r/pp3ppp/2np1n2/2p1p3/4P3/2N2P1N/PPPPQ1PP/R1B1KB1R w KQkq - 4 6,b8c6
4,EulerE,kabirpandya,543,577,r1bqkb1r/pp3ppp/2np1n2/2p1p1N1/4P3/2N2P2/PPPPQ1PP/R1B1KB1R b KQkq - 5 6,h3g5
4,EulerE,kabirpandya,543,577,r1b1kb1r/pp2qppp/2np1n2/2p1p1N1/4P3/2N2P2/PPPPQ1PP/R1B1KB1R w KQkq - 6 7,d8e7
4,EulerE,kabirpandya,543,577,r1b1kb1r/pp2qppp/2np1n2/2pNp1N1/4P3/5P2/PPPPQ1PP/R1B1KB1R b KQkq - 7 7,c3d5
4,EulerE,kabirpandya,543,577,r1b1kb1r/pp2qppp/2np4/2pnp1N1/4P3/5P2/PPPPQ1PP/R1B1KB1R w KQkq - 0 8,f6d5
4,EulerE,kabirpandya,543,577,r1b1kb1r/pp2qppp/2np4/2pPp1N1/8/5P2/PPPPQ1PP/R1B1KB1R b KQkq - 0 8,e4d5
4,EulerE,kabirpandya,543,577,r1b1kb1r/pp3ppp/2np4/2pPp1q1/8/5P2/PPPPQ1PP/R1B1KB1R w KQkq - 0 9,e7g5
4,EulerE,kabirpandya,543,577,r1b1kb1r/pp3ppp/2Pp4/2p1p1q1/8/5P2/PPPPQ1PP/R1B1KB1R b KQkq - 0 9,d5c6
4,EulerE,kabirpandya,543,577,r1b1kb1r/p4ppp/2pp4/2p1p1q1/8/5P2/PPPPQ1PP/R1B1KB1R w KQkq - 0 10,b7c6
4,EulerE,kabirpandya,543,577,r1b1kb1r/p4ppp/2pp4/2p1p1q1/6P1/5P2/PPPPQ2P/R1B1KB1R b KQkq - 0 10,g2g4
4,EulerE,kabirpandya,543,577,r1b1kb1r/p4ppp/2pp4/2p1p3/6Pq/5P2/PPPPQ2P/R1B1KB1R w KQkq - 1 11,g5h4
4,EulerE,kabirpandya,543,577,r1b1kb1r/p4ppp/2pp4/2p1p3/6Pq/5P2/PPPPQ2P/R1BK1B1R b kq - 2 11,e1d1
4,EulerE,kabirpandya,543,577,r1b1kb1r/p5pp/2pp4/2p1pp2/6Pq/5P2/PPPPQ2P/R1BK1B1R w kq - 0 12,f7f5
4,EulerE,kabirpandya,543,577,r1b1kb1r/p5pp/2pp4/2p1pp2/6Pq/5P2/PPPP3P/R1BKQB1R b kq - 1 12,e2e1
4,EulerE,kabirpandya,543,577,r1b1kb1r/p5pp/2pp3q/2p1pp2/6P1/5P2/PPPP3P/R1BKQB1R w kq - 2 13,h4h6
4,EulerE,kabirpandya,543,577,r1b1kb1r/p5pp/2pp3q/2p1pP2/8/5P2/PPPP3P/R1BKQB1R b kq - 0 13,g4f5
4,EulerE,kabirpandya,543,577,r3kb1r/p5pp/2pp3q/2p1pb2/8/5P2/PPPP3P/R1BKQB1R w kq - 0 14,c8f5
4,EulerE,kabirpandya,543,577,r3kb1r/p5pp/2pp3q/2p1pb2/7P/5P2/PPPP4/R1BKQB1R b kq - 0 14,h2h4
4,EulerE,kabirpandya,543,577,r3kb1r/p5pp/2pp3q/2p2b2/4p2P/5P2/PPPP4/R1BKQB1R w kq - 0 15,e5e4
4,EulerE,kabirpandya,543,577,r3kb1r/p5pp/2pp3q/2p2b2/4P2P/8/PPPP4/R1BKQB1R b kq - 0 15,f3e4
4,EulerE,kabirpandya,543,577,r3kb1r/p5pp/2pp3q/2p5/4P1bP/8/PPPP4/R1BKQB1R w kq - 1 16,f5g4
4,EulerE,kabirpandya,543,577,r3kb1r/p5pp/2pp3q/2p5/4P1bP/8/PPPPB3/R1BKQ2R b kq - 2 16,f1e2
4,EulerE,kabirpandya,543,577,r3kb1r/p5pp/2pp3q/2p5/4P2P/8/PPPPb3/R1BKQ2R w kq - 0 17,g4e2
4,EulerE,kabirpandya,543,577,r3kb1r/p5pp/2pp3q/2p5/4P2P/8/PPPPQ3/R1BK3R b kq - 0 17,e1e2
4,EulerE,kabirpandya,543,577,2kr1b1r/p5pp/2pp3q/2p5/4P2P/8/PPPPQ3/R1BK3R w - - 1 18,e8c8
4,EulerE,kabirpandya,543,577,2kr1b1r/p5pp/2pp3q/2p4P/4P3/8/PPPPQ3/R1BK3R b - - 0 18,h4h5
4,EulerE,kabirpandya,543,577,2kr1b1r/p6p/2pp2pq/2p4P/4P3/8/PPPPQ3/R1BK3R w - - 0 19,g7g6
4,EulerE,kabirpandya,543,577,2kr1b1r/p6p/2pp2Pq/2p5/4P3/8/PPPPQ3/R1BK3R b - - 0 19,h5g6
4,EulerE,kabirpandya,543,577,2kr1b1r/p6p/2pp2P1/2p5/4P3/8/PPPPQ3/R1BK3q w - - 0 20,h6h1
4,EulerE,kabirpandya,543,577,2kr1b1r/p6p/2pp2P1/2p5/4P3/8/PPPP4/R1BKQ2q b - - 1 20,e2e1
4,EulerE,kabirpandya,543,577,2kr1b1r/p6p/2pp2P1/2p4q/4P3/8/PPPP4/R1BKQ3 w - - 2 21,h1h5
4,EulerE,kabirpandya,543,577,2kr1b1r/p6p/2pp2P1/2p4q/4P3/8/PPPPQ3/R1BK4 b - - 3 21,e1e2
4,EulerE,kabirpandya,543,577,2kr1b1r/p6p/2pp2q1/2p5/4P3/8/PPPPQ3/R1BK4 w - - 0 22,h5g6
4,EulerE,kabirpandya,543,577,2kr1b1r/p6p/2pp2q1/2p5/4P3/3P4/PPP1Q3/R1BK4 b - - 0 22,d2d3
4,EulerE,kabirpandya,543,577,2kr1b1r/p7/2pp2q1/2p4p/4P3/3P4/PPP1Q3/R1BK4 w - - 0 23,h7h5
4,EulerE,kabirpandya,543,577,2kr1b1r/p7/2pp2q1/2p4p/4P3/3P4/PPP4Q/R1BK4 b - - 1 23,e2h2
4,EulerE,kabirpandya,543,577,2kr1b1r/p7/2pp2q1/2p5/4P2p/3P4/PPP4Q/R1BK4 w - - 0 24,h5h4
4,EulerE,kabirpandya,543,577,2kr1b1r/p7/2pp2q1/2p5/4P2p/3PB3/PPP4Q/R2K4 b - - 1 24,c1e3
4,EulerE,kabirpandya,543,577,2kr1b1r/p7/2p3q1/2pp4/4P2p/3PB3/PPP4Q/R2K4 w - - 0 25,d6d5
4,EulerE,kabirpandya,543,577,2kr1b1r/p7/2p3q1/2pp4/1P2P2p/3PB3/P1P4Q/R2K4 b - - 0 25,b2b4
4,EulerE,kabirpandya,543,577,2kr1b1r/p7/2p3q1/2p5/1P2p2p/3PB3/P1P4Q/R2K4 w - - 0 26,d5e4
4,EulerE,kabirpandya,543,577,2kr1b1r/p7/2p3q1/2p5/1P2pQ1p/3PB3/P1P5/R2K4 b - - 1 26,h2f4
4,EulerE,kabirpandya,543,577,2kr1b1r/p7/2p3q1/2p5/1P3Q1p/3pB3/P1P5/R2K4 w - - 0 27,e4d3
4,EulerE,kabirpandya,543,577,2kr1b1r/p7/2p3q1/2p5/1P3Q1p/3PB3/P7/R2K4 b - - 0 27,c2d3
4,EulerE,kabirpandya,543,577,2kr1b1r/p7/2p3q1/8/1p3Q1p/3PB3/P7/R2K4 w - - 0 28,c5b4
4,EulerE,kabirpandya,543,577,2kr1b1r/p7/2p3q1/8/1p1Q3p/3PB3/P7/R2K4 b - - 1 28,f4d4
4,EulerE,kabirpandya,543,577,2kr1b1r/p7/2p3q1/8/1p1Q4/3PB2p/P7/R2K4 w - - 0 29,h4h3
4,EulerE,kabirpandya,543,577,2kr1b1r/p7/2p3q1/8/1p1Q4/3P3p/P7/R2K2B1 b - - 1 29,e3g1
4,EulerE,kabirpandya,543,577,2kr1br1/p7/2p3q1/8/1p1Q4/3P3p/P7/R2K2B1 w - - 2 30,h8g8
4,EulerE,kabirpandya,543,577,2kQ1br1/p7/2p3q1/8/1p6/3P3p/P7/R2K2B1 b - - 0 30,d4d8
4,EulerE,kabirpandya,543,577,3k1br1/p7/2p3q1/8/1p6/3P3p/P7/R2K2B1 w - - 0 31,c8d8
4,EulerE,kabirpandya,543,577,3k1br1/p7/2p3q1/8/1p6/3P3p/P7/2RK2B1 b - - 1 31,a1c1
4,EulerE,kabirpandya,543,577,3k1br1/p7/2p5/8/1p6/3P3p/P7/2RK2q1 w - - 0 32,g6g1
4,EulerE,kabirpandya,543,577,3k1br1/p7/2p5/8/1p6/3P3p/P3K3/2R3q1 b - - 1 32,d1e2
4,EulerE,kabirpandya,543,577,3k1br1/p7/2p5/8/1p6/3P3p/P3K3/2q5 w - - 0 33,g1c1
4,EulerE,kabirpandya,543,577,3k1br1/p7/2p5/8/1p6/3P3p/P4K2/2q5 b - - 1 33,e2f2
4,EulerE,kabirpandya,543,577,3k1br1/p7/2p5/8/1p6/3P4/P4K1p/2q5 w - - 0 34,h3h2
4,EulerE,kabirpandya,543,577,3k1br1/p7/2p5/8/1p6/3P1K2/P6p/2q5 b - - 1 34,f2f3
4,EulerE,kabirpandya,543,577,3k1br1/p7/2p5/8/1p6/3P1K2/P7/2q4q w - - 0 35,h2h1q
5,EulerE,Bha5kar,571,538,rnbqkbnr/pppppppp/8/8/4P3/8/PPPP1PPP/RNBQKBNR b KQkq - 0 1,e2e4
5,EulerE,Bha5kar,571,538,rnbqkbnr/pppp1ppp/8/4p3/4P3/8/PPPP1PPP/RNBQKBNR w KQkq - 0 2,e7e5
5,EulerE,Bha5kar,571,538,rnbqkbnr/pppp1ppp/8/4p3/4P3/3P4/PPP2PPP/RNBQKBNR b KQkq - 0 2,d2d3
5,EulerE,Bha5kar,571,538,rnbqk1nr/pppp1ppp/8/4p3/1b2P3/3P4/PPP2PPP/RNBQKBNR w KQkq - 1 3,f8b4
5,EulerE,Bha5kar,571,538,rnbqk1nr/pppp1ppp/8/4p3/1b2P3/2NP4/PPP2PPP/R1BQKBNR b KQkq - 2 3,b1c3
5,EulerE,Bha5kar,571,538,rnbqk1nr/ppp2ppp/3p4/4p3/1b2P3/2NP4/PPP2PPP/R1BQKBNR w KQkq - 0 4,d7d6
5,EulerE,Bha5kar,571,538,rnbqk1nr/ppp2ppp/3p4/4p3/1b2P3/P1NP4/1PP2PPP/R1BQKBNR b KQkq - 0 4,a2a3
5,EulerE,Bha5kar,571,538,rnbqk1nr/ppp2ppp/3p4/b3p3/4P3/P1NP4/1PP2PPP/R1BQKBNR w KQkq - 1 5,b4a5
5,EulerE,Bha5kar,571,538,rnbqk1nr/ppp2ppp/3p4/b3p3/1P2P3/P1NP4/2P2PPP/R1BQKBNR b KQkq - 0 5,b2b4
5,EulerE,Bha5kar,571,538,rnbqk1nr/ppp2ppp/1b1p4/4p3/1P2P3/P1NP4/2P2PPP/R1BQKBNR w KQkq - 1 6,a5b6
5,EulerE,Bha5kar,571,538,rnbqk1nr/ppp2ppp/1b1p4/4p3/1P2P3/P1NP4/1BP2PPP/R2QKBNR b KQkq - 2 6,c1b2
5,EulerE,Bha5kar,571,538,rnb1k1nr/ppp2ppp/1b1p1q2/4p3/1P2P3/P1NP4/1BP2PPP/R2QKBNR w KQkq - 3 7,d8f6
5,EulerE,Bha5kar,571,538,rnb1k1nr/ppp2ppp/1b1p1q2/3Np3/1P2P3/P2P4/1BP2PPP/R2QKBNR b KQkq - 4 7,c3d5
5,EulerE,Bha5kar,571,538,rnb1k1nr/ppp2ppp/3p1q2/3Np3/1P2P3/P2P4/1BP2bPP/R2QKBNR w KQkq - 0 8,b6f2
5,EulerE,Bha5kar,571,538,rnb1k1nr/ppp2ppp/3p1q2/3Np3/1P2P3/P2P4/1BP1KbPP/R2Q1BNR b kq - 1 8,e1e2
5,EulerE,Bha5kar,571,538,rnb1k1nr/ppp2ppp/3p4/3Np3/1P2Pq2/P2P4/1BP1KbPP/R2Q1BNR w kq - 2 9,f6f4
5,EulerE,Bha5kar,571,538,rnb1k1nr/ppp2ppp/3p4/4p3/1P2PN2/P2P4/1BP1KbPP/R2Q1BNR b kq - 0 9,d5f4
5,EulerE,Bha5kar,571,538,rnb1k1nr/ppp2ppp/3p4/4p3/1P2PN2/P2P4/1BP1K1PP/R2Q1BbR w kq - 0 10,f2g1
5,EulerE,Bha5kar,571,538,rnb1k1nr/ppp2ppp/3p4/4p3/1P2PN2/P2P4/1BP1K1PP/R2Q1BR1 b kq - 0 10,h1g1
5,EulerE,Bha5kar,571,538,rnb1k1nr/ppp2ppp/3p4/8/1P2Pp2/P2P4/1BP1K1PP/R2Q1BR1 w kq - 0 11,e5f4
5,EulerE,Bha5kar,571,538,rnb1k1nr/ppp2ppp/3p4/8/1P2Pp2/P2P2P1/1BP1K2P/R2Q1BR1 b kq - 0 11,g2g3
5,EulerE,Bha5kar,571,538,rn2k1nr/ppp2ppp/3p4/8/1P2Ppb1/P2P2P1/1BP1K2P/R2Q1BR1 w kq - 1 12,c8g4
5,EulerE,Bha5kar,571,538,rn2k1nr/ppp2ppp/3p4/8/1P2Ppb1/P2P2P1/1BP2K1P/R2Q1BR1 b kq - 2 12,e2f2
5,EulerE,Bha5kar,571,538,rn2k1nr/ppp2ppp/3p4/8/1P2Pp2/P2P2P1/1BP2K1P/R2b1BR1 w kq - 0 13,g4d1
5,EulerE,Bha5kar,571,538,rn2k1nr/ppp2ppp/3p4/8/1P2Pp2/P2P2P1/1BP2K1P/3R1BR1 b kq - 0 13,a1d1
5,EulerE,Bha5kar,571,538,r3k1nr/ppp2ppp/2np4/8/1P2Pp2/P2P2P1/1BP2K1P/3R1BR1 w kq - 1 14,b8c6
5,EulerE,Bha5kar,571,538,r3k1nr/ppp2ppp/2np4/8/1P2Pp2/P2P2P1/1BP2KBP/3R2R1 b kq - 2 14,f1g2
5,EulerE,Bha5kar,571,538,2kr2nr/ppp2ppp/2np4/8/1P2Pp2/P2P2P1/1BP2KBP/3R2R1 w - - 3 15,e8c8
5,EulerE,Bha5kar,571,538,2kr2nr/ppp2ppp/2np4/8/1P2PP2/P2P4/1BP2KBP/3R2R1 b - - 0 15,g3f4
5,EulerE,Bha5kar,571,538,2kr3r/ppp2ppp/2np3n/8/1P2PP2/P2P4/1BP2KBP/3R2R1 w - - 1 16,g8h6
5,EulerE,Bha5kar,571,538,2kr3r/ppp2ppp/2np3n/4P3/1P3P2/P2P4/1BP2KBP/3R2R1 b - - 0 16,e4e5
5,EulerE,Bha5kar,571,538,2kr3r/ppp2ppp/2n4n/4p3/1P3P2/P2P4/1BP2KBP/3R2R1 w - - 0 17,d6e5
5,EulerE,Bha5kar,571,538,2kr3r/ppp2ppp/2n4n/4P3/1P6/P2P4/1BP2KBP/3R2R1 b - - 0 17,f4e5
5,EulerE,Bha5kar,571,538,2kr3r/ppp3pp/2n2p1n/4P3/1P6/P2P4/1BP2KBP/3R2R1 w - - 0 18,f7f6
5,EulerE,Bha5kar,571,538,2kr3r/ppp3pp/2n2P1n/8/1P6/P2P4/1BP2KBP/3R2R1 b - - 0 18,e5f6
5,EulerE,Bha5kar,571,538,2kr3r/ppp4p/2n2p1n/8/1P6/P2P4/1BP2KBP/3R2R1 w - - 0 19,g7f6
5,EulerE,Bha5kar,571,538,2kr3r/ppp4p/2n2B1n/8/1P6/P2P4/2P2KBP/3R2R1 b - - 0 19,b2f6
5,EulerE,Bha5kar,571,538,2kr2r1/ppp4p/2n2B1n/8/1P6/P2P4/2P2KBP/3R2R1 w - - 1 20,h8g8
5,EulerE,Bha5kar,571,538,2kr2r1/ppp4p/2B2B1n/8/1P6/P2P4/2P2K1P/3R2R1 b - - 0 20,g2c6
5,EulerE,Bha5kar,571,538,2kr2r1/p1p4p/2p2B1n/8/1P6/P2P4/2P2K1P/3R2R1 w - - 0 21,b7c6
5,EulerE,Bha5kar,571,538,2kB2r1/p1p4p/2p4n/8/1P6/P2P4/2P2K1P/3R2R1 b - - 0 21,f6d8
5,EulerE,Bha5kar,571,538,2kr4/p1p4p/2p4n/8/1P6/P2P4/2P2K1P/3R2R1 w - - 0 22,g8d8
5,EulerE,Bha5kar,571,538,2kr4/p1p4p/2p4n/8/1P6/P2P4/2PR1K1P/6R1 b - - 1 22,d1d2
5,EulerE,Bha5kar,571,538,2kr4/p1p4p/2p5/8/1P4n1/P2P4/2PR1K1P/6R1 w - - 2 23,h6g4
5,EulerE,Bha5kar,571,538,2kr4/p1p4p/2p5/8/1P4R1/P2P4/2PR1K1P/8 b - - 0 23,g1g4
5,EulerE,Bha5kar,571,538,2kr4/p1p5/2p5/7p/1P4R1/P2P4/2PR1K1P/8 w - - 0 24,h7h5
5,EulerE,Bha5kar,571,538,2kr4/p1p5/2p5/7p/1P5R/P2P4/2PR1K1P/8 b - - 1 24,g4h4
5,EulerE,Bha5kar,571,538,2k5/p1p5/2p5/3r3p/1P5R/P2P4/2PR1K1P/8 w - - 2 25,d8d5
5,EulerE,Bha5kar,571,538,2k5/p1p5/2p5/3r3p/1P1P3R/P7/2PR1K1P/8 b - - 0 25,d3d4
5,EulerE,Bha5kar,571,538,2k5/p1p5/8/2pr3p/1P1P3R/P7/2PR1K1P/8 w - - 0 26,c6c5
5,EulerE,Bha5kar,571,538,2k5/p1p5/8/2pr3p/1P1P3R/P3K3/2PR3P/8 b - - 1 26,f2e3
5,EulerE,Bha5kar,571,538,2k5/p7/2p5/2pr3p/1P1P3R/P3K3/2PR3P/8 w - - 0 27,c7c6
5,EulerE,Bha5kar,571,538,2k5/p7/2p5/2Pr3p/3P3R/P3K3/2PR3P/8 b - - 0 27,b4c5
5,EulerE,Bha5kar,571,538,2k5/8/2p5/p1Pr3p/3P3R/P3K3/2PR3P/8 w - - 0 28,a7a5
5,EulerE,Bha5kar,571,538,2k5/8/2p5/p1Pr3p/3PK2R/P7/2PR3P/8 b - - 1 28,e3e4
5,EulerE,Bha5kar,571,538,2k5/8/2p5/2Pr3p/p2PK2R/P7/2PR3P/8 w - - 0 29,a5a4
5,EulerE,Bha5kar,571,538,2k5/8/2p5/2Pr3p/p2PK2R/P7/2P3RP/8 b - - 1 29,d2g2
5,EulerE,Bha5kar,571,538,8/1k6/2p5/2Pr3p/p2PK2R/P7/2P3RP/8 w - - 2 30,c8b7
5,EulerE,Bha5kar,571,538,8/1k6/2p5/2Pr3p/p2PK2R/P5R1/2P4P/8 b - - 3 30,g2g3
5,EulerE,Bha5kar,571,538,8/8/k1p5/2Pr3p/p2PK2R/P5R1/2P4P/8 w - - 4 31,b7a6
5,EulerE,Bha5kar,571,538,8/8/k1p5/2Pr3p/p2PK2R/P6R/2P4P/8 b - - 5 31,g3h3
5,EulerE,Bha5kar,571,538,8/8/2p5/1kPr3p/p2PK2R/P6R/2P4P/8 w - - 6 32,a6b5
5,EulerE,Bha5kar,571,538,8/8/2p5/1kPr3R/p2PK3/P6R/2P4P/8 b - - 0 32,h4h5
5,EulerE,Bha5kar,571,538,8/8/2p5/1kP4r/p2PK3/P6R/2P4P/8 w - - 0 33,d5h5
5,EulerE,Bha5kar,571,538,8/8/2p5/1kP4R/p2PK3/P7/2P4P/8 b - - 0 33,h3h5
5,EulerE,Bha5kar,571,538,8/8/2p5/2P4R/p1kPK3/P7/2P4P/8 w - - 1 34,b5c4
5,EulerE,Bha5kar,571,538,8/8/2p5/2P4R/p1kPK3/P6P/2P5/8 b - - 0 34,h2h3
5,EulerE,Bha5kar,571,538,8/8/2p5/2P4R/p2PK3/P1k4P/2P5/8 w - - 1 35,c4c3
5,EulerE,Bha5kar,571,538,8/8/2p5/2PP3R/p3K3/P1k4P/2P5/8 b - - 0 35,d4d5
5,EulerE,Bha5kar,571,538,8/8/8/2Pp3R/p3K3/P1k4P/2P5/8 w - - 0 36,c6d5
5,EulerE,Bha5kar,571,538,8/8/8/2PK3R/p7/P1k4P/2P5/8 b - - 0 36,e4d5
5,EulerE,Bha5kar,571,538,8/8/8/2PK3R/p7/P6P/2k5/8 w - - 0 37,c3c2
5,EulerE,Bha5kar,571,538,8/8/2P5/3K3R/p7/P6P/2k5/8 b - - 0 37,c5c6
5,EulerE,Bha5kar,571,538,8/8/2P5/3K3R/p7/Pk5P/8/8 w - - 1 38,c2b3
5,EulerE,Bha5kar,571,538,8/2P5/8/3K3R/p7/Pk5P/8/8 b - - 0 38,c6c7
5,EulerE,Bha5kar,571,538,8/2P5/8/3K3R/p7/k6P/8/8 w - - 0 39,b3a3
5,EulerE,Bha5kar,571,538,2Q5/8/8/3K3R/p7/k6P/8/8 b - - 0 39,c7c8q
5,EulerE,Bha5kar,571,538,2Q5/8/8/3K3R/p7/1k5P/8/8 w - - 1 40,a3b3
5,EulerE,Bha5kar,571,538,2Q5/8/8/3K1R2/p7/1k5P/8/8 b - - 2 40,h5f5
5,EulerE,Bha5kar,571,538,2Q5/8/8/3K1R2/8/pk5P/8/8 w - - 0 41,a4a3
5,EulerE,Bha5kar,571,538,2Q5/8/8/3K4/8/pk5P/8/5R2 b - - 1 41,f5f1
5,EulerE,Bha5kar,571,538,2Q5/8/8/3K4/8/1k5P/p7/5R2 w - - 0 42,a3a2
5,EulerE,Bha5kar,571,538,8/8/8/3K4/8/1k5P/p7/2Q2R2 b - - 1 42,c8c1
5,EulerE,Bha5kar,571,538,8/8/8/3K4/k7/7P/p7/2Q2R2 w - - 2 43,b3a4
5,EulerE,Bha5kar,571,538,8/8/8/3K4/k7/7P/p4R2/2Q5 b - - 3 43,f1f2
5,EulerE,Bha5kar,571,538,8/8/8/3K4/8/1k5P/p4R2/2Q5 w - - 4 44,a4b3
5,EulerE,Bha5kar,571,538,8/8/8/3K4/7P/1k6/p4R2/2Q5 b - - 0 44,h3h4
5,EulerE,Bha5kar,571,538,8/8/8/3K4/7P/1k6/5R2/q1Q5 w - - 0 45,a2a1q
5,EulerE,Bha5kar,571,538,8/8/8/3K4/7P/1k6/5R2/Q7 b - - 0 45,c1a1
5,EulerE,Bha5kar,571,538,8/8/8/3K4/1k5P/8/5R2/Q7 w - - 1 46,b3b4
5,EulerE,Bha5kar,571,538,8/8/8/3K4/1k5P/8/2R5/Q7 b - - 2 46,f2c2
5,EulerE,Bha5kar,571,538,8/8/8/3K4/7P/1k6/2R5/Q7 w - - 3 47,b4b3
5,EulerE,Bha5kar,571,538,8/8/8/3K4/7P/1k6/2R5/2Q5 b - - 4 47,a1c1
5,EulerE,Bha5kar,571,538,8/8/8/3K4/1k5P/8/2R5/2Q5 w - - 5 48,b3b4
5,EulerE,Bha5kar,571,538,8/8/8/3K3P/1k6/8/2R5/2Q5 b - - 0 48,h4h5
5,EulerE,Bha5kar,571,538,8/8/8/3K3P/8/1k6/2R5/2Q5 w - - 1 49,b4b3
5,EulerE,Bha5kar,571,538,8/8/7P/3K4/8/1k6/2R5/2Q5 b - - 0 49,h5h6
5,EulerE,Bha5kar,571,538,8/8/7P/3K4/1k6/8/2R5/2Q5 w - - 1 50,b3b4
5,EulerE,Bha5kar,571,538,8/7P/8/3K4/1k6/8/2R5/2Q5 b - - 0 50,h6h7
5,EulerE,Bha5kar,571,538,8/7P/8/1k1K4/8/8/2R5/2Q5 w - - 1 51,b4b5
5,EulerE,Bha5kar,571,538,7Q/8/8/1k1K4/8/8/2R5/2Q5 b - - 0 51,h7h8q
5,EulerE,Bha5kar,571,538,7Q/8/1k6/3K4/8/8/2R5/2Q5 w - - 1 52,b5b6
5,EulerE,Bha5kar,571,538,7Q/8/1k6/3K4/8/8/2R5/7Q b - - 2 52,c1h1
5,EulerE,Bha5kar,571,538,7Q/1k6/8/3K4/8/8/2R5/7Q w - - 3 53,b6b7
5,EulerE,Bha5kar,571,538,7Q/1k6/7Q/3K4/8/8/2R5/8 b - - 4 53,h1h6
5,EulerE,Bha5kar,571,538,7Q/k7/7Q/3K4/8/8/2R5/8 w - - 5 54,b7a7
5,EulerE,Bha5kar,571,538,7Q/k7/7Q/3K4/8/8/6R1/8 b - - 6 54,c2g2
5,EulerE,Bha5kar,571,538,7Q/1k6/7Q/3K4/8/8/6R1/8 w - - 7 55,a7b7
5,EulerE,Bha5kar,571,538,7Q/1k4R1/7Q/3K4/8/8/8/8 b - - 8 55,g2g7
6,EulerE,murilo945,591,437,rnbqkbnr/pppppppp/8/8/4P3/8/PPPP1PPP/RNBQKBNR b KQkq - 0 1,e2e4
6,EulerE,murilo945,591,437,rnbqkbnr/pppp1ppp/8/4p3/4P3/8/PPPP1PPP/RNBQKBNR w KQkq - 0 2,e7e5
6,EulerE,murilo945,591,437,rnbqkbnr/pppp1ppp/8/4p3/4P3/2N5/PPPP1PPP/R1BQKBNR b KQkq - 1 2,b1c3
6,EulerE,murilo945,591,437,rnbqkb1r/pppp1ppp/5n2/4p3/4P3/2N5/PPPP1PPP/R1BQKBNR w KQkq - 2 3,g8f6
6,EulerE,murilo945,591,437,rnbqkb1r/pppp1ppp/5n2/3Np3/4P3/8/PPPP1PPP/R1BQKBNR b KQkq - 3 3,c3d5
6,EulerE,murilo945,591,437,r1bqkb1r/pppp1ppp/2n2n2/3Np3/4P3/8/PPPP1PPP/R1BQKBNR w KQkq - 4 4,b8c6
6,EulerE,murilo945,591,437,r1bqkb1r/pppp1ppp/2n2n2/3Np3/4P3/5N2/PPPP1PPP/R1BQKB1R b KQkq - 5 4,g1f3
6,EulerE,murilo945,591,437,r1bqkb1r/pppp1ppp/2n5/3Np3/4n3/5N2/PPPP1PPP/R1BQKB1R w KQkq - 0 5,f6e4
6,EulerE,murilo945,591,437,r1bqkb1r/pppp1ppp/2n5/3Np3/4n3/5N2/PPPPQPPP/R1B1KB1R b KQkq - 1 5,d1e2
6,EulerE,murilo945,591,437,r1bqkb1r/pppp1ppp/2n5/3Np1n1/8/5N2/PPPPQPPP/R1B1KB1R w KQkq - 2 6,e4g5
6,EulerE,murilo945,591,437,r1bqkb1r/pppp1ppp/2n5/3Np1N1/8/8/PPPPQPPP/R1B1KB1R b KQkq - 0 6,f3g5
6,EulerE,murilo945,591,437,r1b1kb1r/pppp1ppp/2n5/3Np1q1/8/8/PPPPQPPP/R1B1KB1R w KQkq - 0 7,d8g5
6,EulerE,murilo945,591,437,r1b1kb1r/pppp1ppp/2n5/3Np1q1/5P2/8/PPPPQ1PP/R1B1KB1R b KQkq - 0 7,f2f4
6,EulerE,murilo945,591,437,r1bqkb1r/pppp1ppp/2n5/3Np3/5P2/8/PPPPQ1PP/R1B1KB1R w KQkq - 1 8,g5d8
6,EulerE,murilo945,591,437,r1bqkb1r/pppp1ppp/2n5/3NP3/8/8/PPPPQ1PP/R1B1KB1R b KQkq - 0 8,f4e5
6,EulerE,murilo945,591,437,r1bqkb1r/ppp2ppp/2np4/3NP3/8/8/PPPPQ1PP/R1B1KB1R w KQkq - 0 9,d7d6
6,EulerE,murilo945,591,437,r1bqkb1r/ppp2ppp/2nP4/3N4/8/8/PPPPQ1PP/R1B1KB1R b KQkq - 0 9,e5d6
6,EulerE,murilo945,591,437,r1bqkb1r/ppp1nppp/3P4/3N4/8/8/PPPPQ1PP/R1B1KB1R w KQkq - 1 10,c6e7
6,EulerE,murilo945,591,437,r1bqkb1r/ppp1Nppp/3P4/8/8/8/PPPPQ1PP/R1B1KB1R b KQkq - 0 10,d5e7
6,EulerE,murilo945,591,437,r1bqk2r/ppp1bppp/3P4/8/8/8/PPPPQ1PP/R1B1KB1R w KQkq - 0 11,f8e7
6,EulerE,murilo945,591,437,r1bqk2r/ppp1Pppp/8/8/8/8/PPPPQ1PP/R1B1KB1R b KQkq - 0 11,d6e7
6,EulerE,murilo945,591,437,r1b1k2r/ppp1qppp/8/8/8/8/PPPPQ1PP/R1B1KB1R w KQkq - 0 12,d8e7
6,EulerE,murilo945,591,437,r1b1k2r/ppp1Qppp/8/8/8/8/PPPP2PP/R1B1KB1R b KQkq - 0 12,e2e7
6,EulerE,murilo945,591,437,r1b4r/ppp1kppp/8/8/8/8/PPPP2PP/R1B1KB1R w KQ - 0 13,e8e7
6,EulerE,murilo945,591,437,r1b4r/ppp1kppp/8/8/8/8/PPPPB1PP/R1B1K2R b KQ - 1 13,f1e2
6,EulerE,murilo945,591,437,r1b4r/1pp1kppp/8/p7/8/8/PPPPB1PP/R1B1K2R w KQ - 0 14,a7a5
6,EulerE,murilo945,591,437,r1b4r/1pp1kppp/8/p7/8/8/PPPPB1PP/R1B2RK1 b - - 1 14,e1g1
6,EulerE,murilo945,591,437,r1b4r/1pp1kpp1/8/p6p/8/8/PPPPB1PP/R1B2RK1 w - - 0 15,h7h5
6,EulerE,murilo945,591,437,r1b4r/1pp1kpp1/8/p6p/8/5R2/PPPPB1PP/R1B3K1 b - - 1 15,f1f3
6,EulerE,murilo945,591,437,r1b4r/1pp1kp2/8/p5pp/8/5R2/PPPPB1PP/R1B3K1 w - - 0 16,g7g5
6,EulerE,murilo945,591,437,r1b4r/1pp1kp2/8/p5pp/8/4R3/PPPPB1PP/R1B3K1 b - - 1 16,f3e3
6,EulerE,murilo945,591,437,r6r/1pp1kp2/4b3/p5pp/8/4R3/PPPPB1PP/R1B3K1 w - - 2 17,c8e6
6,EulerE,murilo945,591,437,r6r/1pp1kp2/4R3/p5pp/8/8/PPPPB1PP/R1B3K1 b - - 0 17,e3e6
6,EulerE,murilo945,591,437,r6r/1pp2p2/4k3/p5pp/8/8/PPPPB1PP/R1B3K1 w - - 0 18,e7e6
6,EulerE,murilo945,591,437,r6r/1pp2p2/4k3/p5pp/8/5B2/PPPP2PP/R1B3K1 b - - 1 18,e2f3
6,EulerE,murilo945,591,437,r6r/1p3p2/2p1k3/p5pp/8/5B2/PPPP2PP/R1B3K1 w - - 0 19,c7c6
6,EulerE,murilo945,591,437,r6r/1p3p2/2p1k3/p5pp/2P5/5B2/PP1P2PP/R1B3K1 b - - 0 19,c2c4
6,EulerE,murilo945,591,437,4r2r/1p3p2/2p1k3/p5pp/2P5/5B2/PP1P2PP/R1B3K1 w - - 1 20,a8e8
6,EulerE,murilo945,591,437,4r2r/1p3p2/2p1k3/p5pp/2P5/3P1B2/PP4PP/R1B3K1 b - - 0 20,d2d3
6,EulerE,murilo945,591,437,4r2r/1p6/2p1kp2/p5pp/2P5/3P1B2/PP4PP/R1B3K1 w - - 0 21,f7f6
6,EulerE,murilo945,591,437,4r2r/1p6/2p1kp2/p5pp/2P5/1P1P1B2/P5PP/R1B3K1 b - - 0 21,b2b3
6,EulerE,murilo945,591,437,4r3/1p5r/2p1kp2/p5pp/2P5/1P1P1B2/P5PP/R1B3K1 w - - 1 22,h8h7
6,EulerE,murilo945,591,437,4r3/1p5r/2p1kp2/p5pp/1PP5/3P1B2/P5PP/R1B3K1 b - - 0 22,b3b4
6,EulerE,murilo945,591,437,4r3/1p2r3/2p1kp2/p5pp/1PP5/3P1B2/P5PP/R1B3K1 w - - 1 23,h7e7
6,EulerE,murilo945,591,437,4r3/1p2r3/2p1kp2/P5pp/2P5/3P1B2/P5PP/R1B3K1 b - - 0 23,b4a5
6,EulerE,murilo945,591,437,4r3/1p2rk2/2p2p2/P5pp/2P5/3P1B2/P5PP/R1B3K1 w - - 1 24,e6f7
6,EulerE,murilo945,591,437,4r3/1p2rk2/2p2p2/P5pp/2P5/3P1B2/P5PP/1RB3K1 b - - 2 24,a1b1
6,EulerE,murilo945,591,437,4r3/1p3k2/2p2p2/P5pp/2P5/3P1B2/P5PP/1RB1r1K1 w - - 3 25,e7e1
6,EulerE,murilo945,591,437,4r3/1p3k2/2p2p2/P5pp/2P5/3P1B2/P4KPP/1RB1r3 b - - 4 25,g1f2
6,EulerE,murilo945,591,437,4r3/1p3k2/2p2p2/P5pp/2P5/3PrB2/P4KPP/1RB5 w - - 5 26,e1e3
6,EulerE,murilo945,591,437,4r3/1p3k2/2p2p2/P5pp/2P5/3PBB2/P4KPP/1R6 b - - 0 26,c1e3
6,EulerE,murilo945,591,437,4r3/1p3k2/2p2p2/P6p/2P3p1/3PBB2/P4KPP/1R6 w - - 0 27,g5g4
6,EulerE,murilo945,591,437,4r3/1R3k2/2p2p2/P6p/2P3p1/3PBB2/P4KPP/8 b - - 0 27,b1b7
6,EulerE,murilo945,591,437,8/1R2rk2/2p2p2/P6p/2P3p1/3PBB2/P4KPP/8 w - - 1 28,e8e7
6,EulerE,murilo945,591,437,8/4Rk2/2p2p2/P6p/2P3p1/3PBB2/P4KPP/8 b - - 0 28,b7e7
6,EulerE,murilo945,591,437,8/4k3/2p2p2/P6p/2P3p1/3PBB2/P4KPP/8 w - - 0 29,f7e7
6,EulerE,murilo945,591,437,8/4k3/P1p2p2/7p/2P3p1/3PBB2/P4KPP/8 b - - 0 29,a5a6
6,EulerE,murilo945,591,437,8/4k3/P1p2p2/7p/2P5/3PBp2/P4KPP/8 w - - 0 30,g4f3
6,EulerE,murilo945,591,437,8/P3k3/2p2p2/7p/2P5/3PBp2/P4KPP/8 b - - 0 30,a6a7
6,EulerE,murilo945,591,437,8/P3k3/2p2p2/7p/2P5/3PB3/P4KpP/8 w - - 0 31,f3g2
6,EulerE,murilo945,591,437,8/P3k3/2p2p2/7p/2P5/3PB3/P5KP/8 b - - 0 31,f2g2
7,Flupy0,EulerE,701,573,rnbqkbnr/pppppppp/8/8/4P3/8/PPPP1PPP/RNBQKBNR b KQkq - 0 1,e2e4
7,Flupy0,EulerE,701,573,rnbqkbnr/pppp1ppp/8/4p3/4P3/8/PPPP1PPP/RNBQKBNR w KQkq - 0 2,e7e5
7,Flupy0,EulerE,701,573,rnbqkbnr/pppp1ppp/8/4p3/4P3/5N2/PPPP1PPP/RNBQKB1R b KQkq - 1 2,g1f3
7,Flupy0,EulerE,701,573,rnbqkb1r/pppp1ppp/5n2/4p3/4P3/5N2/PPPP1PPP/RNBQKB1R w KQkq - 2 3,g8f6
7,Flupy0,EulerE,701,573,rnbqkb1r/pppp1ppp/5n2/4p3/4P3/3P1N2/PPP2PPP/RNBQKB1R b KQkq - 0 3,d2d3
7,Flupy0,EulerE,701,573,rnbqkb1r/ppp2ppp/3p1n2/4p3/4P3/3P1N2/PPP2PPP/RNBQKB1R w KQkq - 0 4,d7d6
7,Flupy0,EulerE,701,573,rnbqkb1r/ppp2ppp/3p1n2/4p3/4P3/2NP1N2/PPP2PPP/R1BQKB1R b KQkq - 1 4,b1c3
7,Flupy0,EulerE,701,573,rnb1kb1r/pppq1ppp/3p1n2/4p3/4P3/2NP1N2/PPP2PPP/R1BQKB1R w KQkq - 2 5,d8d7
7,Flupy0,EulerE,701,573,rnb1kb1r/pppq1ppp/3p1n2/4p3/3PP3/2N2N2/PPP2PPP/R1BQKB1R b KQkq - 0 5,d3d4
7,Flupy0,EulerE,701,573,rnb1kb1r/p1pq1ppp/1p1p1n2/4p3/3PP3/2N2N2/PPP2PPP/R1BQKB1R w KQkq - 0 6,b7b6
7,Flupy0,EulerE,701,573,rnb1kb1r/p1pq1ppp/1p1p1n2/1B2p3/3PP3/2N2N2/PPP2PPP/R1BQK2R b KQkq - 1 6,f1b5
7,Flupy0,EulerE,701,573,rnb1kb1r/2pq1ppp/pp1p1n2/1B2p3/3PP3/2N2N2/PPP2PPP/R1BQK2R w KQkq - 0 7,a7a6
7,Flupy0,EulerE,701,573,rnb1kb1r/2pB1ppp/pp1p1n2/4p3/3PP3/2N2N2/PPP2PPP/R1BQK2R b KQkq - 0 7,b5d7
7,Flupy0,EulerE,701,573,r1b1kb1r/2pn1ppp/pp1p1n2/4p3/3PP3/2N2N2/PPP2PPP/R1BQK2R w KQkq - 0 8,b8d7
7,Flupy0,EulerE,701,573,r1b1kb1r/2pn1ppp/pp1p1n2/4p3/3PP3/2N2N2/PPP2PPP/R1BQ1RK1 b kq - 1 8,e1g1
7,Flupy0,EulerE,701,573,r3kb1r/1bpn1ppp/pp1p1n2/4p3/3PP3/2N2N2/PPP2PPP/R1BQ1RK1 w kq - 2 9,c8b7
7,Flupy0,EulerE,701,573,r3kb1r/1bpn1ppp/pp1p1n2/4p3/1P1PP3/2N2N2/P1P2PPP/R1BQ1RK1 b kq - 0 9,b2b4
7,Flupy0,EulerE,701,573,r3kb1r/2pn1ppp/pp1p1n2/4p3/1P1Pb3/2N2N2/P1P2PPP/R1BQ1RK1 w kq - 0 10,b7e4
7,Flupy0,EulerE,701,573,r3kb1r/2pn1ppp/pp1p1n2/4p3/1P1PN3/5N2/P1P2PPP/R1BQ1RK1 b kq - 0 10,c3e4
7,Flupy0,EulerE,701,573,r3kb1r/2pn1ppp/pp1p4/4p3/1P1Pn3/5N2/P1P2PPP/R1BQ1RK1 w kq - 0 11,f6e4
7,Flupy0,EulerE,701,573,r3kb1r/2pn1ppp/pp1p4/4p3/1P1Pn3/5N2/P1P2PPP/R1B1QRK1 b kq - 1 11,d1e1
7,Flupy0,EulerE,701,573,r3kb1r/2pn1ppp/pp1p1n2/4p3/1P1P4/5N2/P1P2PPP/R1B1QRK1 w kq - 2 12,e4f6
7,Flupy0,EulerE,701,573,r3kb1r/2pn1ppp/pp1p1n2/4p3/PP1P4/5N2/2P2PPP/R1B1QRK1 b kq - 0 12,a2a4
7,Flupy0,EulerE,701,573,r3kb1r/2pn1ppp/p2p1n2/1p2p3/PP1P4/5N2/2P2PPP/R1B1QRK1 w kq - 0 13,b6b5
7,Flupy0,EulerE,701,573,r3kb1r/2pn1ppp/p2p1n2/1p2p3/PP1P4/5N2/2PB1PPP/R3QRK1 b kq - 1 13,c1d2
7,Flupy0,EulerE,701,573,r3kb1r/2pn1ppp/p4n2/1p1pp3/PP1P4/5N2/2PB1PPP/R3QRK1 w kq - 0 14,d6d5
7,Flupy0,EulerE,701,573,r3kb1r/2pn1ppp/p4n2/1P1pp3/1P1P4/5N2/2PB1PPP/R3QRK1 b kq - 0 14,a4b5
7,Flupy0,EulerE,701,573,rn2kb1r/2p2ppp/p4n2/1P1pp3/1P1P4/5N2/2PB1PPP/R3QRK1 w kq - 1 15,d7b8
7,Flupy0,EulerE,701,573,rn2kb1r/2p2ppp/p4n2/1P1pp3/1P1P4/5N2/2PBQPPP/R4RK1 b kq - 2 15,e1e2
7,Flupy0,EulerE,701,573,rn2kb1r/2p2ppp/p7/1P1pp3/1P1Pn3/5N2/2PBQPPP/R4RK1 w kq - 3 16,f6e4
7,Flupy0,EulerE,701,573,rn2kb1r/2p2ppp/p7/1P1pp3/1P1Pn3/5N2/2P1QPPP/R1B2RK1 b kq - 4 16,d2c1
7,Flupy0,EulerE,701,573,rn2k2r/2p2ppp/p7/1P1pp3/1b1Pn3/5N2/2P1QPPP/R1B2RK1 w kq - 0 17,f8b4
7,Flupy0,EulerE,701,573,rn2k2r/2p2ppp/P7/3pp3/1b1Pn3/5N2/2P1QPPP/R1B2RK1 b kq - 0 17,b5a6
7,Flupy0,EulerE,701,573,r3k2r/2p2ppp/n7/3pp3/1b1Pn3/5N2/2P1QPPP/R1B2RK1 w kq - 0 18,b8a6
7,Flupy0,EulerE,701,573,r3k2r/2p2ppp/R7/3pp3/1b1Pn3/5N2/2P1QPPP/2B2RK1 b kq - 0 18,a1a6
7,Flupy0,EulerE,701,573,2kr3r/2p2ppp/R7/3pp3/1b1Pn3/5N2/2P1QPPP/2B2RK1 w - - 1 19,e8c8
7,Flupy0,EulerE,701,573,R1kr3r/2p2ppp/8/3pp3/1b1Pn3/5N2/2P1QPPP/2B2RK1 b - - 2 19,a6a8
7,Flupy0,EulerE,701,573,R2r3r/2pk1ppp/8/3pp3/1b1Pn3/5N2/2P1QPPP/2B2RK1 w - - 3 20,c8d7
7,Flupy0,EulerE,701,573,R2r3r/2pk1ppp/8/1Q1pp3/1b1Pn3/5N2/2P2PPP/2B2RK1 b - - 4 20,e2b5
7,Flupy0,EulerE,701,573,R2r3r/2p2ppp/3k4/1Q1pp3/1b1Pn3/5N2/2P2PPP/2B2RK1 w - - 5 21,d7d6
7,Flupy0,EulerE,701,573,3r3r/2p2ppp/R2k4/1Q1pp3/1b1Pn3/5N2/2P2PPP/2B2RK1 b - - 6 21,a8a6
7,Flupy0,EulerE,701,573,3r3r/2p1kppp/R7/1Q1pp3/1b1Pn3/5N2/2P2PPP/2B2RK1 w - - 7 22,d6e7
7,Flupy0,EulerE,701,573,3r3r/2p1kppp/R7/3pp3/1Q1Pn3/5N2/2P2PPP/2B2RK1 b - - 0 22,b5b4
7,Flupy0,EulerE,701,573,7r/2p1kppp/R2r4/3pp3/1Q1Pn3/5N2/2P2PPP/2B2RK1 w - - 1 23,d8d6
7,Flupy0,EulerE,701,573,7r/2p1kppp/R2r4/3pp1B1/1Q1Pn3/5N2/2P2PPP/5RK1 b - - 2 23,c1g5
7,Flupy0,EulerE,701,573,7r/2pk1ppp/R2r4/3pp1B1/1Q1Pn3/5N2/2P2PPP/5RK1 w - - 3 24,e7d7
7,Flupy0,EulerE,701,573,7r/2pk1ppp/R2r4/3pp3/1Q1Pn2B/5N2/2P2PPP/5RK1 b - - 4 24,g5h4
7,Flupy0,EulerE,701,573,7r/2pk1ppp/r7/3pp3/1Q1Pn2B/5N2/2P2PPP/5RK1 w - - 0 25,d6a6
7,Flupy0,EulerE,701,573,7r/2pk1ppp/r7/1Q1pp3/3Pn2B/5N2/2P2PPP/5RK1 b - - 1 25,b4b5
7,Flupy0,EulerE,701,573,2k4r/2p2ppp/r7/1Q1pp3/3Pn2B/5N2/2P2PPP/5RK1 w - - 2 26,d7c8
7,Flupy0,EulerE,701,573,2k4r/2p2ppp/Q7/3pp3/3Pn2B/5N2/2P2PPP/5RK1 b - - 0 26,b5a6
7,Flupy0,EulerE,701,573,1k5r/2p2ppp/Q7/3pp3/3Pn2B/5N2/2P2PPP/5RK1 w - - 1 27,c8b8
7,Flupy0,EulerE,701,573,1k5r/2p2ppp/Q7/3pp3/3Pn2B/5N2/2P2PPP/1R4K1 b - - 2 27,f1b1
8,pl0ut69,EulerE,606,552,rnbqkbnr/pppppppp/8/8/4P3/8/PPPP1PPP/RNBQKBNR b KQkq - 0 1,e2e4
8,pl0ut69,EulerE,606,552,rnbqkbnr/pppp1ppp/8/4p3/4P3/8/PPPP1PPP/RNBQKBNR w KQkq - 0 2,e7e5
8,pl0ut69,EulerE,606,552,rnbqkbnr/pppp1ppp/8/4p2Q/4P3/8/PPPP1PPP/RNB1KBNR b KQkq - 1 2,d1h5
8,pl0ut69,EulerE,606,552,r1bqkbnr/pppp1ppp/2n5/4p2Q/4P3/8/PPPP1PPP/RNB1KBNR w KQkq - 2 3,b8c6
8,pl0ut69,EulerE,606,552,r1bqkbnr/pppp1ppp/2n5/4p2Q/4P3/5N2/PPPP1PPP/RNB1KB1R b KQkq - 3 3,g1f3
8,pl0ut69,EulerE,606,552,r1b1kbnr/pppp1ppp/2n2q2/4p2Q/4P3/5N2/PPPP1PPP/RNB1KB1R w KQkq - 4 4,d8f6
8,pl0ut69,EulerE,606,552,r1b1kbnr/pppp1ppp/2n2q2/4p2Q/2B1P3/5N2/PPPP1PPP/RNB1K2R b KQkq - 5 4,f1c4
8,pl0ut69,EulerE,606,552,r1b1kbnr/pppp1ppp/2n5/4p2Q/2B1Pq2/5N2/PPPP1PPP/RNB1K2R w KQkq - 6 5,f6f4
8,pl0ut69,EulerE,606,552,r1b1kbnr/pppp1Bpp/2n5/4p2Q/4Pq2/5N2/PPPP1PPP/RNB1K2R b KQkq - 0 5,c4f7
8,pl0ut69,EulerE,606,552,r1bk1bnr/pppp1Bpp/2n5/4p2Q/4Pq2/5N2/PPPP1PPP/RNB1K2R w KQ - 1 6,e8d8
8,pl0ut69,EulerE,606,552,r1bk1bnr/pppp1Bpp/2n5/4p2Q/4Pq2/3P1N2/PPP2PPP/RNB1K2R b KQ - 0 6,d2d3
8,pl0ut69,EulerE,606,552,r1bk2nr/ppppbBpp/2n5/4p2Q/4Pq2/3P1N2/PPP2PPP/RNB1K2R w KQ - 1 7,f8e7
8,pl0ut69,EulerE,606,552,r1bk2nr/ppppbBpp/2n5/4p2Q/4PB2/3P1N2/PPP2PPP/RN2K2R b KQ - 0 7,c1f4
8,pl0ut69,EulerE,606,552,r1bk2nr/ppppbBpp/2n5/7Q/4Pp2/3P1N2/PPP2PPP/RN2K2R w KQ - 0 8,e5f4
8,pl0ut69,EulerE,606,552,r1bk2Br/ppppb1pp/2n5/7Q/4Pp2/3P1N2/PPP2PPP/RN2K2R b KQ - 0 8,f7g8
8,pl0ut69,EulerE,606,552,r1bk2Br/ppppb1pp/8/7Q/3nPp2/3P1N2/PPP2PPP/RN2K2R w KQ - 1 9,c6d4
8,pl0ut69,EulerE,606,552,r1bk2Br/ppppb1pp/8/7Q/3nPp2/N2P1N2/PPP2PPP/R3K2R b KQ - 2 9,b1a3
8,pl0ut69,EulerE,606,552,r1bk2r1/ppppb1pp/8/7Q/3nPp2/N2P1N2/PPP2PPP/R3K2R w KQ - 0 10,h8g8
8,pl0ut69,EulerE,606,552,r1bk2r1/ppppb1pQ/8/8/3nPp2/N2P1N2/PPP2PPP/R3K2R b KQ - 0 10,h5h7
8,pl0ut69,EulerE,606,552,r1bk2r1/1pppb1pQ/8/p7/3nPp2/N2P1N2/PPP2PPP/R3K2R w KQ - 0 11,a7a5
8,pl0ut69,EulerE,606,552,r1bk2Q1/1pppb1p1/8/p7/3nPp2/N2P1N2/PPP2PPP/R3K2R b KQ - 0 11,h7g8
8,pl0ut69,EulerE,606,552,r1bk1bQ1/1ppp2p1/8/p7/3nPp2/N2P1N2/PPP2PPP/R3K2R w KQ - 1 12,e7f8
8,pl0ut69,EulerE,606,552,r1bk1Q2/1ppp2p1/8/p7/3nPp2/N2P1N2/PPP2PPP/R3K2R b KQ - 0 12,g8f8
9,irys96,EulerE,550,530,rnbqkbnr/pppppppp/8/8/3P4/8/PPP1PPPP/RNBQKBNR b KQkq - 0 1,d2d4
9,irys96,EulerE,550,530,rnbqkbnr/ppp1pppp/8/3p4/3P4/8/PPP1PPPP/RNBQKBNR w KQkq - 0 2,d7d5
9,irys96,EulerE,550,530,rnbqkbnr/ppp1pppp/8/3p4/3P4/4P3/PPP2PPP/RNBQKBNR b KQkq - 0 2,e2e3
9,irys96,EulerE,550,530,rnbqkbnr/pp2pppp/2p5/3p4/3P4/4P3/PPP2PPP/RNBQKBNR w KQkq - 0 3,c7c6
9,irys96,EulerE,550,530,rnbqkbnr/pp2pppp/2p5/3p3Q/3P4/4P3/PPP2PPP/RNB1KBNR b KQkq - 1 3,d1h5
9,irys96,EulerE,550,530,rnbqkbnr/pp2pp1p/2p3p1/3p3Q/3P4/4P3/PPP2PPP/RNB1KBNR w KQkq - 0 4,g7g6
9,irys96,EulerE,550,530,rnbqkbnr/pp2pp1p/2p3p1/3pQ3/3P4/4P3/PPP2PPP/RNB1KBNR b KQkq - 1 4,h5e5
9,irys96,EulerE,550,530,rnbqkbnr/pp3p1p/2p1p1p1/3pQ3/3P4/4P3/PPP2PPP/RNB1KBNR w KQkq - 0 5,e7e6
9,irys96,EulerE,550,530,rnbqkbnQ/pp3p1p/2p1p1p1/3p4/3P4/4P3/PPP2PPP/RNB1KBNR b KQq - 0 5,e5h8
9,irys96,EulerE,550,530,rnbqkb1Q/pp3p1p/2p1p1pn/3p4/3P4/4P3/PPP2PPP/RNB1KBNR w KQq - 1 6,g8h6
9,irys96,EulerE,550,530,rnbqkb1Q/pp3p1p/2p1p1pn/3p4/3PP3/8/PPP2PPP/RNB1KBNR b KQq - 0 6,e3e4
9,irys96,EulerE,550,530,rnbq1b1Q/pp2kp1p/2p1p1pn/3p4/3PP3/8/PPP2PPP/RNB1KBNR w KQ - 1 7,e8e7
9,irys96,EulerE,550,530,rnbq1b1Q/pp2kp1p/2p1p1pB/3p4/3PP3/8/PPP2PPP/RN2KBNR b KQ - 0 7,c1h6
9,irys96,EulerE,550,530,rnbq3Q/pp2kp1p/2p1p1pb/3p4/3PP3/8/PPP2PPP/RN2KBNR w KQ - 0 8,f8h6
9,irys96,EulerE,550,530,rnbq4/pp2kp1Q/2p1p1pb/3p4/3PP3/8/PPP2PPP/RN2KBNR b KQ - 0 8,h8h7
9,irys96,EulerE,550,530,rnbq4/pp3p1Q/2pkp1pb/3p4/3PP3/8/PPP2PPP/RN2KBNR w KQ - 1 9,e7d6
9,irys96,EulerE,550,530,rnbq4/pp3p2/2pkp1pQ/3p4/3PP3/8/PPP2PPP/RN2KBNR b KQ - 0 9,h7h6
9,irys96,EulerE,550,530,rnb5/pp3p2/2pkpqpQ/3p4/3PP3/8/PPP2PPP/RN2KBNR w KQ - 1 10,d8f6
9,irys96,EulerE,550,530,rnb5/pp3p2/2pkpqpQ/3p4/3PP3/5P2/PPP3PP/RN2KBNR b KQ - 0 10,f2f3
9,irys96,EulerE,550,530,r1b5/pp3p2/n1pkpqpQ/3p4/3PP3/5P2/PPP3PP/RN2KBNR w KQ - 1 11,b8a6
9,irys96,EulerE,550,530,r1b5/pp3p2/n1pkpqpQ/3P4/3P4/5P2/PPP3PP/RN2KBNR b KQ - 0 11,e4d5
9,irys96,EulerE,550,530,r1b5/pp3p2/n1p1pqpQ/3k4/3P4/5P2/PPP3PP/RN2KBNR w KQ - 0 12,d6d5
9,irys96,EulerE,550,530,r1b5/pp3p2/n1p1pqp1/3k4/3P4/4QP2/PPP3PP/RN2KBNR b KQ - 1 12,h6e3
9,irys96,EulerE,550,530,r1b5/pp3p2/n1p1p1p1/3k4/3q4/4QP2/PPP3PP/RN2KBNR w KQ - 0 13,f6d4
9,irys96,EulerE,550,530,r1b5/pp3p2/n1p1p1p1/3k2Q1/3q4/5P2/PPP3PP/RN2KBNR b KQ - 1 13,e3g5
9,irys96,EulerE,550,530,r1b5/pp3p2/n1p3p1/3kp1Q1/3q4/5P2/PPP3PP/RN2KBNR w KQ - 0 14,e6e5
9,irys96,EulerE,550,530,r1b5/pp2Qp2/n1p3p1/3kp3/3q4/5P2/PPP3PP/RN2KBNR b KQ - 1 14,g5e7
9,irys96,EulerE,550,530,r1b5/ppn1Qp2/2p3p1/3kp3/3q4/5P2/PPP3PP/RN2KBNR w KQ - 2 15,a6c7
9,irys96,EulerE,550,530,r1b5/ppQ2p2/2p3p1/3kp3/3q4/5P2/PPP3PP/RN2KBNR b KQ - 0 15,e7c7
9,irys96,EulerE,550,530,r1b5/ppQ2p2/2p3p1/3kp3/5q2/5P2/PPP3PP/RN2KBNR w KQ - 1 16,d4f4
9,irys96,EulerE,550,530,r1b5/ppQ2p2/2p3p1/3kp3/5q2/5PP1/PPP4P/RN2KBNR b KQ - 0 16,g2g3
9,irys96,EulerE,550,530,r1b5/ppQ2p2/2p3p1/3kp3/1q6/5PP1/PPP4P/RN2KBNR w KQ - 1 17,f4b4
9,irys96,EulerE,550,530,r1b5/ppQ2p2/2p3p1/3kp3/1q6/2P2PP1/PP5P/RN2KBNR b KQ - 0 17,c2c3
9,irys96,EulerE,550,530,r1b5/ppQ2p2/2p3p1/3kp3/8/2P2PP1/Pq5P/RN2KBNR w KQ - 0 18,b4b2
9,irys96,EulerE,550,530,r1b5/pp3Q2/2p3p1/3kp3/8/2P2PP1/Pq5P/RN2KBNR b KQ - 0 18,c7f7
9,irys96,EulerE,550,530,r1b5/pp3Q2/2pk2p1/4p3/8/2P2PP1/Pq5P/RN2KBNR w KQ - 1 19,d5d6
9,irys96,EulerE,550,530,r1b5/pp6/2pk2Q1/4p3/8/2P2PP1/Pq5P/RN2KBNR b KQ - 0 19,f7g6
9,irys96,EulerE,550,530,r1b5/pp6/2p3Q1/3kp3/8/2P2PP1/Pq5P/RN2KBNR w KQ - 1 20,d6d5
9,irys96,EulerE,550,530,r1b5/pp6/2p5/3kp3/6Q1/2P2PP1/Pq5P/RN2KBNR b KQ - 2 20,g6g4
9,irys96,EulerE,550,530,r1b5/pp6/2p5/3kp3/6Q1/2P2PP1/P6P/qN2KBNR w K - 0 21,b2a1
9,irys96,EulerE,550,530,r1b5/pp6/2p5/3kp3/7Q/2P2PP1/P6P/qN2KBNR b K - 1 21,g4h4
9,irys96,EulerE,550,530,r1b5/pp6/2p5/3kp3/7Q/2P2PP1/P6P/1q2KBNR w K - 0 22,a1b1
9,irys96,EulerE,550,530,r1b5/pp6/2p5/3kp3/7Q/2P2PP1/P3K2P/1q3BNR b - - 1 22,e1e2
9,irys96,EulerE,550,530,r1b5/p7/2p5/1p1kp3/7Q/2P2PP1/P3K2P/1q3BNR w - - 0 23,b7b5
9,irys96,EulerE,550,530,r1b4Q/p7/2p5/1p1kp3/8/2P2PP1/P3K2P/1q3BNR b - - 1 23,h4h8
9,irys96,EulerE,550,530,r6Q/pb6/2p5/1p1kp3/8/2P2PP1/P3K2P/1q3BNR w - - 2 24,c8b7
9,irys96,EulerE,550,530,r7/pb6/2p5/1p1kp3/7Q/2P2PP1/P3K2P/1q3BNR b - - 3 24,h8h4
9,irys96,EulerE,550,530,6r1/pb6/2p5/1p1kp3/7Q/2P2PP1/P3K2P/1q3BNR w - - 4 25,a8g8
9,irys96,EulerE,550,530,6r1/pb6/2p5/1p1kp3/1Q6/2P2PP1/P3K2P/1q3BNR b - - 5 25,h4b4
9,irys96,EulerE,550,530,6r1/pb6/2p5/1p1kp3/1Q6/2P2PP1/Pq2K2P/5BNR w - - 6 26,b1b2
9,irys96,EulerE,550,530,6r1/pb6/2p5/1p1kp3/8/2P2PP1/PQ2K2P/5BNR b - - 0 26,b4b2
9,irys96,EulerE,550,530,7r/pb6/2p5/1p1kp3/8/2P2PP1/PQ2K2P/5BNR w - - 1 27,g8h8
9,irys96,EulerE,550,530,7r/pb6/2p5/1p1kp3/8/2P2PPN/PQ2K2P/5B1R b - - 2 27,g1h3
10,EulerE,Wereone,509,562,rnbqkbnr/pppppppp/8/8/4P3/8/PPPP1PPP/RNBQKBNR b KQkq - 0 1,e2e4
10,EulerE,Wereone,509,562,rnbqkbnr/pppp1ppp/8/4p3/4P3/8/PPPP1PPP/RNBQKBNR w KQkq - 0 2,e7e5
10,EulerE,Wereone,509,562,rnbqkbnr/pppp1ppp/8/4p3/4P3/3P4/PPP2PPP/RNBQKBNR b KQkq - 0 2,d2d3
10,EulerE,Wereone,509,562,rnbqkbnr/pppp1p1p/8/4p1p1/4P3/3P4/PPP2PPP/RNBQKBNR w KQkq - 0 3,g7g5
10,EulerE,Wereone,509,562,rnbqkbnr/pppp1p1p/8/4p1p1/4P3/3P1N2/PPP2PPP/RNBQKB1R b KQkq - 1 3,g1f3
10,EulerE,Wereone,509,562,rnbqkbnr/pppp3p/5p2/4p1p1/4P3/3P1N2/PPP2PPP/RNBQKB1R w KQkq - 0 4,f7f6
10,EulerE,Wereone,509,562,rnbqkbnr/pppp3p/5p2/4p1p1/4P1P1/3P1N2/PPP2P1P/RNBQKB1R b KQkq - 0 4,g2g4
10,EulerE,Wereone,509,562,rnbqkb1r/pppp3p/5p1n/4p1p1/4P1P1/3P1N2/PPP2P1P/RNBQKB1R w KQkq - 1 5,g8h6
10,EulerE,Wereone,509,562,rnbqkb1r/pppp3p/5p1n/4p1p1/2P1P1P1/3P1N2/PP3P1P/RNBQKB1R b KQkq - 0 5,c2c4
10,EulerE,Wereone,509,562,rnbqkb1r/pppp3p/5p2/4p1p1/2P1P1n1/3P1N2/PP3P1P/RNBQKB1R w KQkq - 0 6,h6g4
10,EulerE,Wereone,509,562,rnbqkb1r/pppp3p/5p2/4p1p1/2PPP1n1/5N2/PP3P1P/RNBQKB1R b KQkq - 0 6,d3d4
10,EulerE,Wereone,509,562,r1bqkb1r/pppp3p/2n2p2/4p1p1/2PPP1n1/5N2/PP3P1P/RNBQKB1R w KQkq - 1 7,b8c6
10,EulerE,Wereone,509,562,r1bqkb1r/pppp3p/2n2p2/4P1p1/2P1P1n1/5N2/PP3P1P/RNBQKB1R b KQkq - 0 7,d4e5
10,EulerE,Wereone,509,562,r1bqkb1r/pppp3p/2n5/4p1p1/2P1P1n1/5N2/PP3P1P/RNBQKB1R w KQkq - 0 8,f6e5
10,EulerE,Wereone,509,562,r1bqkb1r/pppp3p/2n5/3Qp1p1/2P1P1n1/5N2/PP3P1P/RNB1KB1R b KQkq - 1 8,d1d5
10,EulerE,Wereone,509,562,r1bqkb1r/pppp3p/2n2n2/3Qp1p1/2P1P3/5N2/PP3P1P/RNB1KB1R w KQkq - 2 9,g4f6
10,EulerE,Wereone,509,562,r1bqkb1r/pppp3p/2n2n2/1Q2p1p1/2P1P3/5N2/PP3P1P/RNB1KB1R b KQkq - 3 9,d5b5
10,EulerE,Wereone,509,562,r1bqkb1r/pppp3p/2n5/1Q2p1p1/2P1n3/5N2/PP3P1P/RNB1KB1R w KQkq - 0 10,f6e4
10,EulerE,Wereone,509,562,r1bqkb1r/pppp3p/2n5/1Q2N1p1/2P1n3/8/PP3P1P/RNB1KB1R b KQkq - 0 10,f3e5
10,EulerE,Wereone,509,562,r1bqk2r/pppp3p/2n5/1Q2N1p1/1bP1n3/8/PP3P1P/RNB1KB1R w KQkq - 1 11,f8b4
10,EulerE,Wereone,509,562,r1bqk2r/pppp3p/2n5/1Q2N1p1/1bP1n3/8/PP1B1P1P/RN2KB1R b KQkq - 2 11,c1d2
10,EulerE,Wereone,509,562,r1bqk2r/pppp3p/2n5/1Q2N1p1/2P1n3/8/PP1b1P1P/RN2KB1R w KQkq - 0 12,b4d2
10,EulerE,Wereone,509,562,r1bqk2r/pppp3p/2n5/1Q2N1p1/2P1n3/8/PP1N1P1P/R3KB1R b KQkq - 0 12,b1d2
10,EulerE,Wereone,509,562,r1bqk2r/pppp3p/2nn4/1Q2N1p1/2P5/8/PP1N1P1P/R3KB1R w KQkq - 1 13,e4d6
10,EulerE,Wereone,509,562,r1bqk2r/pppp1N1p/2nn4/1Q4p1/2P5/8/PP1N1P1P/R3KB1R b KQkq - 2 13,e5f7
10,EulerE,Wereone,509,562,r1bqk2r/pppp1n1p/2n5/1Q4p1/2P5/8/PP1N1P1P/R3KB1R w KQkq - 0 14,d6f7
10,EulerE,Wereone,509,562,r1bqk2r/pppp1n1p/2n5/5Qp1/2P5/8/PP1N1P1P/R3KB1R b KQkq - 1 14,b5f5
10,EulerE,Wereone,509,562,r1bqk2r/ppp2n1p/2np4/5Qp1/2P5/8/PP1N1P1P/R3KB1R w KQkq - 0 15,d7d6
10,EulerE,Wereone,509,562,r1bqk2r/ppp2n1p/2np4/5Qp1/2P5/8/PP1N1PBP/R3K2R b KQkq - 1 15,f1g2
10,EulerE,Wereone,509,562,r2qk2r/ppp2n1p/2np4/5bp1/2P5/8/PP1N1PBP/R3K2R w KQkq - 0 16,c8f5
10,EulerE,Wereone,509,562,r2qk2r/ppp2n1p/2np4/5bp1/2P1N3/8/PP3PBP/R3K2R b KQkq - 1 16,d2e4
10,EulerE,Wereone,509,562,r3k2r/ppp2n1p/2np1q2/5bp1/2P1N3/8/PP3PBP/R3K2R w KQkq - 2 17,d8f6
10,EulerE,Wereone,509,562,r3k2r/ppp2n1p/2np1N2/5bp1/2P5/8/PP3PBP/R3K2R b KQkq - 0 17,e4f6
10,EulerE,Wereone,509,562,r6r/ppp1kn1p/2np1N2/5bp1/2P5/8/PP3PBP/R3K2R w KQ - 1 18,e8e7
10,EulerE,Wereone,509,562,r6r/ppp1kn1p/2np4/5bp1/2P1N3/8/PP3PBP/R3K2R b KQ - 2 18,f6e4
10,EulerE,Wereone,509,562,r6r/ppp1k2p/2np4/4nbp1/2P1N3/8/PP3PBP/R3K2R w KQ - 3 19,f7e5
10,EulerE,Wereone,509,562,r6r/ppp1k2p/2np4/4nbN1/2P5/8/PP3PBP/R3K2R b KQ - 0 19,e4g5
10,EulerE,Wereone,509,562,r6r/1pp1k2p/2np4/p3nbN1/2P5/8/PP3PBP/R3K2R w KQ - 0 20,a7a5
10,EulerE,Wereone,509,562,r6r/1pp1k2p/2np4/p3nbN1/2P5/1P6/P4PBP/R3K2R b KQ - 0 20,b2b3
10,EulerE,Wereone,509,562,r5r1/1pp1k2p/2np4/p3nbN1/2P5/1P6/P4PBP/R3K2R w KQ - 1 21,h8g8
10,EulerE,Wereone,509,562,r5r1/1pp1k2p/2np4/p3nbN1/2P5/1P6/P4PBP/2KR3R b - - 2 21,e1c1
10,EulerE,Wereone,509,562,r7/1pp1k2p/2np4/p3nbr1/2P5/1P6/P4PBP/2KR3R w - - 0 22,g8g5
10,EulerE,Wereone,509,562,r7/1pp1k2p/2Bp4/p3nbr1/2P5/1P6/P4P1P/2KR3R b - - 0 22,g2c6
10,EulerE,Wereone,509,562,r7/2p1k2p/2pp4/p3nbr1/2P5/1P6/P4P1P/2KR3R w - - 0 23,b7c6
10,EulerE,Wereone,509,562,r7/2p1k2p/2pp4/p3nbr1/2P5/1P6/P4P1P/2KR2R1 b - - 1 23,h1g1
10,EulerE,Wereone,509,562,r7/2p4p/2pp1k2/p3nbr1/2P5/1P6/P4P1P/2KR2R1 w - - 2 24,e7f6
10,EulerE,Wereone,509,562,r7/2p4p/2pp1k2/p3nbr1/2P5/1P6/PK3P1P/3R2R1 b - - 3 24,c1b2
10,EulerE,Wereone,509,562,r7/2p4p/2pp1k2/p4br1/2P5/1P3n2/PK3P1P/3R2R1 w - - 4 25,e5f3
10,EulerE,Wereone,509,562,r7/2p4p/2pp1k2/p4br1/2P5/1P3nR1/PK3P1P/3R4 b - - 5 25,g1g3
10,EulerE,Wereone,509,562,r7/2p4p/2pp1k2/p4br1/2P5/1P4R1/PK3P1n/3R4 w - - 0 26,f3h2
10,EulerE,Wereone,509,562,r7/2p4p/2pp1k2/p4br1/1PP5/6R1/PK3P1n/3R4 b - - 0 26,b3b4
10,EulerE,Wereone,509,562,r7/2p4p/3p1k2/p1p2br1/1PP5/6R1/PK3P1n/3R4 w - - 0 27,c6c5
10,EulerE,Wereone,509,562,r7/2p4p/3p1k2/p1P2br1/2P5/6R1/PK3P1n/3R4 b - - 0 27,b4c5
10,EulerE,Wereone,509,562,r7/2p4p/5k2/p1p2br1/2P5/6R1/PK3P1n/3R4 w - - 0 28,d6c5
10,EulerE,Wereone,509,562,r7/2p4p/5k2/p1pR1br1/2P5/6R1/PK3P1n/8 b - - 1 28,d1d5
10,EulerE,Wereone,509,562,1r6/2p4p/5k2/p1pR1br1/2P5/6R1/PK3P1n/8 w - - 2 29,a8b8
10,EulerE,Wereone,509,562,1r6/2p4p/5k2/p1pR1br1/2P5/2K3R1/P4P1n/8 b - - 3 29,b2c3
10,EulerE,Wereone,509,562,1r6/2p5/5k2/p1pR1brp/2P5/2K3R1/P4P1n/8 w - - 0 30,h7h5
10,EulerE,Wereone,509,562,1r6/2pR4/5k2/p1p2brp/2P5/2K3R1/P4P1n/8 b - - 1 30,d5d7
10,EulerE,Wereone,509,562,1r6/2pb4/5k2/p1p3rp/2P5/2K3R1/P4P1n/8 w - - 0 31,f5d7
10,EulerE,Wereone,509,562,1r6/2pb4/5k2/p1p3rp/2P5/2K2R2/P4P1n/8 b - - 1 31,g3f3
10,EulerE,Wereone,509,562,1r6/2pb4/6k1/p1p3rp/2P5/2K2R2/P4P1n/8 w - - 2 32,f6g6
10,EulerE,Wereone,509,562,1r6/2pb4/6k1/p1p3rp/2P5/2K1R3/P4P1n/8 b - - 3 32,f3e3
10,EulerE,Wereone,509,562,1r6/2pb4/6k1/p1p3r1/2P4p/2K1R3/P4P1n/8 w - - 0 33,h5h4
10,EulerE,Wereone,509,562,1r6/2pb4/6k1/p1p3r1/2P4p/P1K1R3/5P1n/8 b - - 0 33,a2a3
10,EulerE,Wereone,509,562,1r6/2pb4/6k1/p1p3r1/2P5/P1K1R2p/5P1n/8 w - - 0 34,h4h3
10,EulerE,Wereone,509,562,1r6/2pb4/6k1/p1p3r1/P1P5/2K1R2p/5P1n/8 b - - 0 34,a3a4
10,EulerE,Wereone,509,562,1r6/2pb4/6k1/p1p3r1/P1P3n1/2K1R2p/5P2/8 w - - 1 35,h2g4
10,EulerE,Wereone,509,562,1r6/2pb4/6k1/p1p3r1/P1P3n1/2K4R/5P2/8 b - - 0 35,e3h3
10,EulerE,Wereone,509,562,1r6/2p5/6k1/p1p3r1/b1P3n1/2K4R/5P2/8 w - - 0 36,d7a4
10,EulerE,Wereone,509,562,1r6/2p5/6k1/p1p3r1/b1P3n1/3K3R/5P2/8 b - - 1 36,c3d3
10,EulerE,Wereone,509,562,1r6/2p5/6k1/p1p3r1/b1P5/3K3R/5n2/8 w - - 0 37,g4f2
10,EulerE,Wereone,509,562,1r6/2p5/6k1/p1p3r1/b1P5/4K2R/5n2/8 b - - 1 37,d3e3
10,EulerE,Wereone,509,562,1r6/2p5/6k1/p1p3r1/b1P5/4K2n/8/8 w - - 0 38,f2h3
10,EulerE,Wereone,509,562,1r6/2p5/6k1/p1p3r1/b1P1K3/7n/8/8 b - - 1 38,e3e4
10,EulerE,Wereone,509,562,1r6/2p5/6k1/p1p3r1/2P1K3/7n/2b5/8 w - - 2 39,a4c2
10,EulerE,Wereone,509,562,1r6/2p5/6k1/p1p3r1/2P5/4K2n/2b5/8 b - - 3 39,e4e3
10,EulerE,Wereone,509,562,1r6/2p5/6k1/2p3r1/p1P5/4K2n/2b5/8 w - - 0 40,a5a4
10,EulerE,Wereone,509,562,1r6/2p5/6k1/2p3r1/p1P5/7n/2b1K3/8 b - - 1 40,e3e2
10,EulerE,Wereone,509,562,1r6/2p5/6k1/2p3r1/2P5/p6n/2b1K3/8 w - - 0 41,a4a3
10,EulerE,Wereone,509,562,1r6/2p5/6k1/2p3r1/2P5/p4K1n/2b5/8 b - - 1 41,e2f3
10,EulerE,Wereone,509,562,1r6/2p5/6k1/2p3r1/2P5/5K1n/p1b5/8 w - - 0 42,a3a2
10,EulerE,Wereone,509,562,1r6/2p5/6k1/2p3r1/2P5/4K2n/p1b5/8 b - - 1 42,f3e3
10,EulerE,Wereone,509,562,1r6/2p5/6k1/2p3r1/2P5/4K2n/2b5/q7 w - - 0 43,a2a1q
10,EulerE,Wereone,509,562,1r6/2p5/6k1/2p3r1/2P5/7n/2b1K3/q7 b - - 1 43,e3e2
10,EulerE,Wereone,509,562,1r6/2p5/6k1/2p3r1/2P5/7n/2b1K3/3q4 w - - 2 44,a1d1
10,EulerE,Wereone,509,562,1r6/2p5/6k1/2p3r1/2P5/4K2n/2b5/3q4 b - - 3 44,e2e3
10,EulerE,Wereone,509,562,1r6/2p5/6k1/2p1r3/2P5/4K2n/2b5/3q4 w - - 4 45,g5e5
11,darsess,EulerE,559,491,rnbqkbnr/pppppppp/8/8/4P3/8/PPPP1PPP/RNBQKBNR b KQkq - 0 1,e2e4
11,darsess,EulerE,559,491,rnbqkbnr/pppp1ppp/8/4p3/4P3/8/PPPP1PPP/RNBQKBNR w KQkq - 0 2,e7e5
11,darsess,EulerE,559,491,rnbqkbnr/pppp1ppp/8/4p3/4P3/5N2/PPPP1PPP/RNBQKB1R b KQkq - 1 2,g1f3
11,darsess,EulerE,559,491,r1bqkbnr/pppp1ppp/2n5/4p3/4P3/5N2/PPPP1PPP/RNBQKB1R w KQkq - 2 3,b8c6
11,darsess,EulerE,559,491,r1bqkbnr/pppp1ppp/2n5/4p3/4P3/1P3N2/P1PP1PPP/RNBQKB1R b KQkq - 0 3,b2b3
11,darsess,EulerE,559,491,r1bqkbnr/ppp2ppp/2np4/4p3/4P3/1P3N2/P1PP1PPP/RNBQKB1R w KQkq - 0 4,d7d6
11,darsess,EulerE,559,491,r1bqkbnr/ppp2ppp/2np4/4p3/4P3/BP3N2/P1PP1PPP/RN1QKB1R b KQkq - 1 4,c1a3
11,darsess,EulerE,559,491,r1bqkbnr/p1p2ppp/1pnp4/4p3/4P3/BP3N2/P1PP1PPP/RN1QKB1R w KQkq - 0 5,b7b6
11,darsess,EulerE,559,491,r1bqkbnr/p1p2ppp/1pnp4/4p3/4P3/BPN2N2/P1PP1PPP/R2QKB1R b KQkq - 1 5,b1c3
11,darsess,EulerE,559,491,r1bqkbnr/p1p2ppp/1p1p4/4p3/3nP3/BPN2N2/P1PP1PPP/R2QKB1R w KQkq - 2 6,c6d4
11,darsess,EulerE,559,491,r1bqkbnr/p1p2ppp/1p1p4/4p3/1P1nP3/B1N2N2/P1PP1PPP/R2QKB1R b KQkq - 0 6,b3b4
11,darsess,EulerE,559,491,r1bqkbnr/p1p2ppp/1p1p4/4p3/1P2P3/BnN2N2/P1PP1PPP/R2QKB1R w KQkq - 1 7,d4b3
11,darsess,EulerE,559,491,r1bqkbnr/p1p2ppp/1p1p4/4p3/1P2P3/BPN2N2/2PP1PPP/R2QKB1R b KQkq - 0 7,a2b3
11,darsess,EulerE,559,491,r1b1kbnr/p1pq1ppp/1p1p4/4p3/1P2P3/BPN2N2/2PP1PPP/R2QKB1R w KQkq - 1 8,d8d7
11,darsess,EulerE,559,491,r1b1kbnr/p1pq1ppp/1p1p4/1B2p3/1P2P3/BPN2N2/2PP1PPP/R2QK2R b KQkq - 2 8,f1b5
11,darsess,EulerE,559,491,r1b1kbnr/p2q1ppp/1ppp4/1B2p3/1P2P3/BPN2N2/2PP1PPP/R2QK2R w KQkq - 0 9,c7c6
11,darsess,EulerE,559,491,r1b1kbnr/p2q1ppp/1ppp4/4p3/1PB1P3/BPN2N2/2PP1PPP/R2QK2R b KQkq - 1 9,b5c4
11,darsess,EulerE,559,491,r1b1kbnr/p4ppp/1ppp4/4p3/1PB1P1q1/BPN2N2/2PP1PPP/R2QK2R w KQkq - 2 10,d7g4
11,darsess,EulerE,559,491,r1b1kbnr/p4ppp/1ppp4/4p3/1PB1P1q1/BPN2N2/2PP1PPP/R2Q1K1R b kq - 3 10,e1f1
11,darsess,EulerE,559,491,r3kbnr/p4ppp/1pppb3/4p3/1PB1P1q1/BPN2N2/2PP1PPP/R2Q1K1R w kq - 4 11,c8e6
11,darsess,EulerE,559,491,r3kbnr/p4ppp/1pppb3/4p3/NPB1P1q1/BP3N2/2PP1PPP/R2Q1K1R b kq - 5 11,c3a4
11,darsess,EulerE,559,491,r3kb1r/p4ppp/1pppbn2/4p3/NPB1P1q1/BP3N2/2PP1PPP/R2Q1K1R w kq - 6 12,g8f6
11,darsess,EulerE,559,491,r3kb1r/p4ppp/Bpppbn2/4p3/NP2P1q1/BP3N2/2PP1PPP/R2Q1K1R b kq - 7 12,c4a6
11,darsess,EulerE,559,491,r3kb1r/p4ppp/Bpppb3/4p3/NP2n1q1/BP3N2/2PP1PPP/R2Q1K1R w kq - 0 13,f6e4
11,darsess,EulerE,559,491,r3kb1r/p4ppp/Bpppb3/4p3/NP2n1q1/BP3N2/2PPQPPP/R4K1R b kq - 1 13,d1e2
11,darsess,EulerE,559,491,r3kb1r/p4ppp/Bpppbn2/4p3/NP4q1/BP3N2/2PPQPPP/R4K1R w kq - 2 14,e4f6
11,darsess,EulerE,559,491,r3kb1r/p4ppp/Bpppbn2/4p3/NP4q1/BP3N1P/2PPQPP1/R4K1R b kq - 0 14,h2h3
11,darsess,EulerE,559,491,r3kb1r/p4ppp/Bpppbnq1/4p3/NP6/BP3N1P/2PPQPP1/R4K1R w kq - 1 15,g4g6
11,darsess,EulerE,559,491,r3kb1r/p4ppp/Bpppbnq1/4p3/NP4P1/BP3N1P/2PPQP2/R4K1R b kq - 0 15,g2g4
11,darsess,EulerE,559,491,r3kb1r/p4ppp/Bpppb1q1/4p3/NP4n1/BP3N1P/2PPQP2/R4K1R w kq - 0 16,f6g4
11,darsess,EulerE,559,491,r3kb1r/p4ppp/Bpppb1q1/4p3/NP4P1/BP3N2/2PPQP2/R4K1R b kq - 0 16,h3g4
11,darsess,EulerE,559,491,r3kb1r/p4ppp/Bpppb3/4p3/NP4q1/BP3N2/2PPQP2/R4K1R w kq - 0 17,g6g4
11,darsess,EulerE,559,491,r3kb1r/p4ppp/Bpppb3/4p3/NP4q1/BP3N2/2PPQP2/R4KR1 b kq - 1 17,h1g1
11,darsess,EulerE,559,491,r3kb1r/p4ppp/Bpppb3/4pq2/NP6/BP3N2/2PPQP2/R4KR1 w kq - 2 18,g4f5
11,darsess,EulerE,559,491,r3kb1r/p4ppp/Bpppb3/4pqR1/NP6/BP3N2/2PPQP2/R4K2 b kq - 3 18,g1g5
11,darsess,EulerE,559,491,r3kb1r/p4ppp/Bpppb3/4p1R1/NP6/BP3N2/2qPQP2/R4K2 w kq - 0 19,f5c2
11,darsess,EulerE,559,491,r3kb1r/p4ppp/Bpppb3/4p1R1/NP6/BP3N2/2qPQP2/3R1K2 b kq - 1 19,a1d1
11,darsess,EulerE,559,491,r3kb1r/p4ppp/Bpppb3/4p1R1/NP6/Bq3N2/3PQP2/3R1K2 w kq - 0 20,c2b3
11,darsess,EulerE,559,491,r3kb1r/p4ppp/Bpppb3/4p1R1/NP6/Bq6/3PQP2/3RNK2 b kq - 1 20,f3e1
11,darsess,EulerE,559,491,r3kb1r/p4ppp/Bpppb3/4p1R1/NP6/q7/3PQP2/3RNK2 w kq - 0 21,b3a3
11,darsess,EulerE,559,491,r3kb1r/p4ppp/Bpppb3/4p1R1/NP2Q3/q7/3P1P2/3RNK2 b kq - 1 21,e2e4
11,darsess,EulerE,559,491,r3kb1r/p4ppp/Bpppb3/4p1R1/qP2Q3/8/3P1P2/3RNK2 w kq - 0 22,a3a4
11,darsess,EulerE,559,491,r3kb1r/p4ppp/BpQpb3/4p1R1/qP6/8/3P1P2/3RNK2 b kq - 0 22,e4c6
11,darsess,EulerE,559,491,r2k1b1r/p4ppp/BpQpb3/4p1R1/qP6/8/3P1P2/3RNK2 w - - 1 23,e8d8
11,darsess,EulerE,559,491,Q2k1b1r/p4ppp/Bp1pb3/4p1R1/qP6/8/3P1P2/3RNK2 b - - 0 23,c6a8
11,darsess,EulerE,559,491,Q4b1r/p1k2ppp/Bp1pb3/4p1R1/qP6/8/3P1P2/3RNK2 w - - 1 24,d8c7
11,darsess,EulerE,559,491,5b1r/Q1k2ppp/Bp1pb3/4p1R1/qP6/8/3P1P2/3RNK2 b - - 0 24,a8a7
11,darsess,EulerE,559,491,5b1r/Q4ppp/Bpkpb3/4p1R1/qP6/8/3P1P2/3RNK2 w - - 1 25,c7c6
11,darsess,EulerE,559,491,5b1r/Q4ppp/Bpkpb3/4p1R1/qP6/8/3P1P2/2R1NK2 b - - 2 25,d1c1
11,darsess,EulerE,559,491,5b1r/Q4ppp/Bp1pb3/3kp1R1/qP6/8/3P1P2/2R1NK2 w - - 3 26,c6d5
11,darsess,EulerE,559,491,5b1r/5ppp/BQ1pb3/3kp1R1/qP6/8/3P1P2/2R1NK2 b - - 0 26,a7b6
11,darsess,EulerE,559,491,7r/4bppp/BQ1pb3/3kp1R1/qP6/8/3P1P2/2R1NK2 w - - 1 27,f8e7
11,darsess,EulerE,559,491,7r/4bppp/BQ1pb3/3kp1R1/qPR5/8/3P1P2/4NK2 b - - 2 27,c1c4
11,darsess,EulerE,559,491,2b4r/4bppp/BQ1p4/3kp1R1/qPR5/8/3P1P2/4NK2 w - - 3 28,e6c8
11,darsess,EulerE,559,491,2B4r/4bppp/1Q1p4/3kp1R1/qPR5/8/3P1P2/4NK2 b - - 0 28,a6c8
11,darsess,EulerE,559,491,2r5/4bppp/1Q1p4/3kp1R1/qPR5/8/3P1P2/4NK2 w - - 0 29,h8c8
11,darsess,EulerE,559,491,2R5/4bppp/1Q1p4/3kp1R1/qP6/8/3P1P2/4NK2 b - - 0 29,c4c8
11,darsess,EulerE,559,491,2R5/4bppp/1Q1p4/3kp1R1/1q6/8/3P1P2/4NK2 w - - 0 30,a4b4
11,darsess,EulerE,559,491,2R5/4bppp/3p4/3kp1R1/1Q6/8/3P1P2/4NK2 b - - 0 30,b6b4
11,darsess,EulerE,559,491,2R5/4bppp/3pk3/4p1R1/1Q6/8/3P1P2/4NK2 w - - 1 31,d5e6
11,darsess,EulerE,559,491,2R5/4bpRp/3pk3/4p3/1Q6/8/3P1P2/4NK2 b - - 0 31,g5g7
11,darsess,EulerE,559,491,2R5/4bpRp/3pk3/8/1Q2p3/8/3P1P2/4NK2 w - - 0 32,e5e4
11,darsess,EulerE,559,491,2R5/4bpRp/3pk3/8/4Q3/8/3P1P2/4NK2 b - - 0 32,b4e4
11,darsess,EulerE,559,491,2R5/4bpRp/3p1k2/8/4Q3/8/3P1P2/4NK2 w - - 1 33,e6f6
11,darsess,EulerE,559,491,2R5/4bp1R/3p1k2/8/4Q3/8/3P1P2/4NK2 b - - 0 33,g7h7
11,darsess,EulerE,559,491,2R5/4bp1R/3p4/6k1/4Q3/8/3P1P2/4NK2 w - - 1 34,f6g5
11,darsess,EulerE,559,491,2R5/4Qp1R/3p4/6k1/8/8/3P1P2/4NK2 b - - 0 34,e4e7
11,darsess,EulerE,559,491,2R5/4Qp1R/3p4/5k2/8/8/3P1P2/4NK2 w - - 1 35,g5f5
11,darsess,EulerE,559,491,2R5/5Q1R/3p4/5k2/8/8/3P1P2/4NK2 b - - 0 35,e7f7
11,darsess,EulerE,559,491,2R5/5Q1R/3p4/6k1/8/8/3P1P2/4NK2 w - - 1 36,f5g5
11,darsess,EulerE,559,491,6R1/5Q1R/3p4/6k1/8/8/3P1P2/4NK2 b - - 2 36,c8g8
12,Max_Grin,EulerE,481,471,rnbqkbnr/pppppppp/8/8/4P3/8/PPPP1PPP/RNBQKBNR b KQkq - 0 1,e2e4
12,Max_Grin,EulerE,481,471,rnbqkbnr/ppp1pppp/8/3p4/4P3/8/PPPP1PPP/RNBQKBNR w KQkq - 0 2,d7d5
12,Max_Grin,EulerE,481,471,rnbqkbnr/ppp1pppp/8/3p4/4P3/2N5/PPPP1PPP/R1BQKBNR b KQkq - 1 2,b1c3
12,Max_Grin,EulerE,481,471,rnbqkbnr/ppp2ppp/4p3/3p4/4P3/2N5/PPPP1PPP/R1BQKBNR w KQkq - 0 3,e7e6
12,Max_Grin,EulerE,481,471,rnbqkbnr/ppp2ppp/4p3/3p4/3PP3/2N5/PPP2PPP/R1BQKBNR b KQkq - 0 3,d2d4
12,Max_Grin,EulerE,481,471,rnbqkbnr/pp3ppp/2p1p3/3p4/3PP3/2N5/PPP2PPP/R1BQKBNR w KQkq - 0 4,c7c6
12,Max_Grin,EulerE,481,471,rnbqkbnr/pp3ppp/2p1p3/3p4/3PP3/2N2N2/PPP2PPP/R1BQKB1R b KQkq - 1 4,g1f3
12,Max_Grin,EulerE,481,471,rnbqkb1r/pp3ppp/2p1pn2/3p4/3PP3/2N2N2/PPP2PPP/R1BQKB1R w KQkq - 2 5,g8f6
12,Max_Grin,EulerE,481,471,rnbqkb1r/pp3ppp/2p1pn2/3p2B1/3PP3/2N2N2/PPP2PPP/R2QKB1R b KQkq - 3 5,c1g5
12,Max_Grin,EulerE,481,471,rnbqk2r/pp2bppp/2p1pn2/3p2B1/3PP3/2N2N2/PPP2PPP/R2QKB1R w KQkq - 4 6,f8e7
12,Max_Grin,EulerE,481,471,rnbqk2r/pp2bppp/2p1pn2/3pN1B1/3PP3/2N5/PPP2PPP/R2QKB1R b KQkq - 5 6,f3e5
12,Max_Grin,EulerE,481,471,rnbqk2r/pp2bppp/2p1p3/3pN1B1/3Pn3/2N5/PPP2PPP/R2QKB1R w KQkq - 0 7,f6e4
12,Max_Grin,EulerE,481,471,rnbqk2r/pp2bppp/2p1p3/3pN1B1/3PN3/8/PPP2PPP/R2QKB1R b KQkq - 0 7,c3e4
12,Max_Grin,EulerE,481,471,rnbqk2r/pp2bppp/2p1p3/4N1B1/3Pp3/8/PPP2PPP/R2QKB1R w KQkq - 0 8,d5e4
12,Max_Grin,EulerE,481,471,rnbqk2r/pp2bppp/2p1p3/4N1BQ/3Pp3/8/PPP2PPP/R3KB1R b KQkq - 1 8,d1h5
12,Max_Grin,EulerE,481,471,rnbqk2r/pp3ppp/2p1p3/4N1bQ/3Pp3/8/PPP2PPP/R3KB1R w KQkq - 0 9,e7g5
12,Max_Grin,EulerE,481,471,rnbqk2r/pp3Qpp/2p1p3/4N1b1/3Pp3/8/PPP2PPP/R3KB1R b KQkq - 0 9,h5f7
13,EulerE,QueenTrang,452,467,rnbqkbnr/pppppppp/8/8/4P3/8/PPPP1PPP/RNBQKBNR b KQkq - 0 1,e2e4
13,EulerE,QueenTrang,452,467,rnbqkbnr/pppp1ppp/8/4p3/4P3/8/PPPP1PPP/RNBQKBNR w KQkq - 0 2,e7e5
13,EulerE,QueenTrang,452,467,rnbqkbnr/pppp1ppp/8/4p3/4P3/5P2/PPPP2PP/RNBQKBNR b KQkq - 0 2,f2f3
13,EulerE,QueenTrang,452,467,r1bqkbnr/pppp1ppp/2n5/4p3/4P3/5P2/PPPP2PP/RNBQKBNR w KQkq - 1 3,b8c6
13,EulerE,QueenTrang,452,467,r1bqkbnr/pppp1ppp/2n5/4p3/4P3/2N2P2/PPPP2PP/R1BQKBNR b KQkq - 2 3,b1c3
13,EulerE,QueenTrang,452,467,r1bqk1nr/pppp1ppp/2n5/4p3/1b2P3/2N2P2/PPPP2PP/R1BQKBNR w KQkq - 3 4,f8b4
13,EulerE,QueenTrang,452,467,r1bqk1nr/pppp1ppp/2n5/4p3/1b2P3/2N2P2/PPPPQ1PP/R1B1KBNR b KQkq - 4 4,d1e2
13,EulerE,QueenTrang,452,467,r1bqk1nr/pppp1ppp/8/4p3/1b1nP3/2N2P2/PPPPQ1PP/R1B1KBNR w KQkq - 5 5,c6d4
13,EulerE,QueenTrang,452,467,r1bqk1nr/pppp1ppp/8/4p3/1bQnP3/2N2P2/PPPP2PP/R1B1KBNR b KQkq - 6 5,e2c4
13,EulerE,QueenTrang,452,467,r1bqk1nr/pppp1ppp/8/4p3/1bQ1P3/2N2P2/PPnP2PP/R1B1KBNR w KQkq - 0 6,d4c2
13,EulerE,QueenTrang,452,467,r1bqk1nr/pppp1ppp/8/4p3/1bQ1P3/2N2P2/PPnP2PP/R1BK1BNR b kq - 1 6,e1d1
13,EulerE,QueenTrang,452,467,r1bqk1nr/pppp1ppp/8/4p3/1bQ1P3/2N2P2/PP1P2PP/n1BK1BNR w kq - 0 7,c2a1
13,EulerE,QueenTrang,452,467,r1bqk1nr/pppp1ppp/8/4p3/1Q2P3/2N2P2/PP1P2PP/n1BK1BNR b kq - 0 7,c4b4
13,EulerE,QueenTrang,452,467,r1bqk1nr/ppp2ppp/8/3pp3/1Q2P3/2N2P2/PP1P2PP/n1BK1BNR w kq - 0 8,d7d5
13,EulerE,QueenTrang,452,467,r1bqk1nr/ppp2ppp/8/3Pp3/1Q6/2N2P2/PP1P2PP/n1BK1BNR b kq - 0 8,e4d5
13,EulerE,QueenTrang,452,467,r1b1k1nr/ppp2ppp/5q2/3Pp3/1Q6/2N2P2/PP1P2PP/n1BK1BNR w kq - 1 9,d8f6
13,EulerE,QueenTrang,452,467,r1b1k1nr/ppp2ppp/5q2/3Pp3/2Q5/2N2P2/PP1P2PP/n1BK1BNR b kq - 2 9,b4c4
13,EulerE,QueenTrang,452,467,r3k1nr/pppb1ppp/5q2/3Pp3/2Q5/2N2P2/PP1P2PP/n1BK1BNR w kq - 3 10,c8d7
13,EulerE,QueenTrang,452,467,r3k1nr/ppQb1ppp/5q2/3Pp3/8/2N2P2/PP1P2PP/n1BK1BNR b kq - 0 10,c4c7
13,EulerE,QueenTrang,452,467,r3k1nr/ppQb1ppp/8/3Ppq2/8/2N2P2/PP1P2PP/n1BK1BNR w kq - 1 11,f6f5
13,EulerE,QueenTrang,452,467,r3k1nr/pQ1b1ppp/8/3Ppq2/8/2N2P2/PP1P2PP/n1BK1BNR b kq - 0 11,c7b7
13,EulerE,QueenTrang,452,467,2r1k1nr/pQ1b1ppp/8/3Ppq2/8/2N2P2/PP1P2PP/n1BK1BNR w k - 1 12,a8c8
13,EulerE,QueenTrang,452,467,2r1k1nr/Q2b1ppp/8/3Ppq2/8/2N2P2/PP1P2PP/n1BK1BNR b k - 0 12,b7a7
13,EulerE,QueenTrang,452,467,2r1k1nr/Q2b1ppp/8/3Ppq2/8/2N2P2/PPnP2PP/2BK1BNR w k - 1 13,a1c2
13,EulerE,QueenTrang,452,467,2r1k1nr/Q2b1ppp/8/3Ppq2/8/2N2P2/PPnPN1PP/2BK1B1R b k - 2 13,g1e2
13,EulerE,QueenTrang,452,467,2r1k2r/Q2b1ppp/5n2/3Ppq2/8/2N2P2/PPnPN1PP/2BK1B1R w k - 3 14,g8f6
13,EulerE,QueenTrang,452,467,2r1k2r/Q2b1ppp/5n2/3Ppq2/1P6/2N2P2/P1nPN1PP/2BK1B1R b k - 0 14,b2b4
13,EulerE,QueenTrang,452,467,2r1k2r/Q2b1ppp/5n2/3Ppq2/1n6/2N2P2/P2PN1PP/2BK1B1R w k - 0 15,c2b4
13,EulerE,QueenTrang,452,467,2r1k2r/3b1ppp/Q4n2/3Ppq2/1n6/2N2P2/P2PN1PP/2BK1B1R b k - 1 15,a7a6
14,keepitwrong,EulerE,420,468,rnbqkbnr/pppppppp/8/8/8/2P5/PP1PPPPP/RNBQKBNR b KQkq - 0 1,c2c3
14,keepitwrong,EulerE,420,468,rnbqkbnr/ppp1pppp/8/3p4/8/2P5/PP1PPPPP/RNBQKBNR w KQkq - 0 2,d7d5
14,keepitwrong,EulerE,420,468,rnbqkbnr/ppp1pppp/8/3p4/8/2P2N2/PP1PPPPP/RNBQKB1R b KQkq - 1 2,g1f3
14,keepitwrong,EulerE,420,468,rnbqkbnr/pp2pppp/2p5/3p4/8/2P2N2/PP1PPPPP/RNBQKB1R w KQkq - 0 3,c7c6
14,keepitwrong,EulerE,420,468,rnbqkbnr/pp2pppp/2p5/3p4/6P1/2P2N2/PP1PPP1P/RNBQKB1R b KQkq - 0 3,g2g4
14,keepitwrong,EulerE,420,468,rnbqkb1r/pp2pppp/2p2n2/3p4/6P1/2P2N2/PP1PPP1P/RNBQKB1R w KQkq - 1 4,g8f6
14,keepitwrong,EulerE,420,468,rnbqkb1r/pp2pppp/2p2n2/3p4/6P1/2P1PN2/PP1P1P1P/RNBQKB1R b KQkq - 0 4,e2e3
14,keepitwrong,EulerE,420,468,rnbqkb1r/pp2pppp/2p5/3p4/6n1/2P1PN2/PP1P1P1P/RNBQKB1R w KQkq - 0 5,f6g4
14,keepitwrong,EulerE,420,468,rnbqkb1r/pp2pppp/2p5/3p4/6n1/2P1PN1B/PP1P1P1P/RNBQK2R b KQkq - 1 5,f1h3
14,keepitwrong,EulerE,420,468,rnbqkb1r/pp2pppp/2p2n2/3p4/8/2P1PN1B/PP1P1P1P/RNBQK2R w KQkq - 2 6,g4f6
14,keepitwrong,EulerE,420,468,rnbqkb1r/pp2pppp/2p2n2/3p4/8/2P1PN1B/PP1P1P1P/RNBQ1RK1 b kq - 3 6,e1g1
14,keepitwrong,EulerE,420,468,rn1qkb1r/pp2pppp/2p2n2/3p4/8/2P1PN1b/PP1P1P1P/RNBQ1RK1 w kq - 0 7,c8h3
14,keepitwrong,EulerE,420,468,rn1qkb1r/pp2pppp/2p2n2/3p4/8/2P1PN1b/PP1P1P1P/RNBQR1K1 b kq - 1 7,f1e1
14,keepitwrong,EulerE,420,468,rn1qkb1r/pp2pppp/2p2n2/3p4/6b1/2P1PN2/PP1P1P1P/RNBQR1K1 w kq - 2 8,h3g4
14,keepitwrong,EulerE,420,468,rn1qkb1r/pp2pppp/2p2n2/3pN3/6b1/2P1P3/PP1P1P1P/RNBQR1K1 b kq - 3 8,f3e5
14,keepitwrong,EulerE,420,468,rn1qkb1r/pp2pppp/2p2n2/3pN3/8/2P1P3/PP1P1P1P/RNBbR1K1 w kq - 0 9,g4d1
14,keepitwrong,EulerE,420,468,rn1qkb1r/pp2pppp/2p2n2/3pN3/8/2P1P3/PP1P1P1P/RNBR2K1 b kq - 0 9,e1d1
14,keepitwrong,EulerE,420,468,rn1qkb1r/pp3ppp/2p1pn2/3pN3/8/2P1P3/PP1P1P1P/RNBR2K1 w kq - 0 10,e7e6
14,keepitwrong,EulerE,420,468,rn1qkb1r/pp3ppp/2p1pn2/3pN3/3P4/2P1P3/PP3P1P/RNBR2K1 b kq - 0 10,d2d4
14,keepitwrong,EulerE,420,468,rn1qk2r/pp3ppp/2pbpn2/3pN3/3P4/2P1P3/PP3P1P/RNBR2K1 w kq - 1 11,f8d6
14,keepitwrong,EulerE,420,468,rn1qk2r/pp3ppp/2pbpn2/3p4/3P2N1/2P1P3/PP3P1P/RNBR2K1 b kq - 2 11,e5g4
14,keepitwrong,EulerE,420,468,rn1qk2r/pp3ppp/2pbp3/3p4/3P2n1/2P1P3/PP3P1P/RNBR2K1 w kq - 0 12,f6g4
14,keepitwrong,EulerE,420,468,rn1qk2r/pp3ppp/2pbp3/3p4/3P2n1/2P1PP2/PP5P/RNBR2K1 b kq - 0 12,f2f3
14,keepitwrong,EulerE,420,468,rn1qk2r/pp3ppp/2pbpn2/3p4/3P4/2P1PP2/PP5P/RNBR2K1 w kq - 1 13,g4f6
14,keepitwrong,EulerE,420,468,rn1qk2r/pp3ppp/2pbpn2/3p4/3PP3/2P2P2/PP5P/RNBR2K1 b kq - 0 13,e3e4
14,keepitwrong,EulerE,420,468,rn1qk2r/pp3ppp/2pbpn2/8/3Pp3/2P2P2/PP5P/RNBR2K1 w kq - 0 14,d5e4
14,keepitwrong,EulerE,420,468,rn1qk2r/pp3ppp/2pbpn2/8/3PP3/2P5/PP5P/RNBR2K1 b kq - 0 14,f3e4
14,keepitwrong,EulerE,420,468,rn1qk2r/pp3ppp/2pbp3/8/3Pn3/2P5/PP5P/RNBR2K1 w kq - 0 15,f6e4
14,keepitwrong,EulerE,420,468,rn1qk2r/pp3ppp/2pbp3/8/3Pn3/2P5/PP5P/RNB2RK1 b kq - 1 15,d1f1
14,keepitwrong,EulerE,420,468,rn1qk2r/pp3ppp/2pbp3/8/3P4/2P3n1/PP5P/RNB2RK1 w kq - 2 16,e4g3
14,keepitwrong,EulerE,420,468,rn1qk2r/pp3ppp/2pbp3/8/3P4/2P3P1/PP6/RNB2RK1 b kq - 0 16,h2g3
14,keepitwrong,EulerE,420,468,rn1qk2r/pp3ppp/2p1p3/8/3P4/2P3b1/PP6/RNB2RK1 w kq - 0 17,d6g3
14,keepitwrong,EulerE,420,468,rn1qk2r/pp3ppp/2p1p3/8/3P4/2P2Rb1/PP6/RNB3K1 b kq - 1 17,f1f3
14,keepitwrong,EulerE,420,468,rn1qk2r/pp3ppp/2p1p3/8/3P4/2P2R2/PP6/RNB1b1K1 w kq - 2 18,g3e1
14,keepitwrong,EulerE,420,468,rn1qk2r/pp3ppp/2p1p3/8/3P1B2/2P2R2/PP6/RN2b1K1 b kq - 3 18,c1f4
14,keepitwrong,EulerE,420,468,rn1qk2r/pp4pp/2p1pp2/8/3P1B2/2P2R2/PP6/RN2b1K1 w kq - 0 19,f7f6
14,keepitwrong,EulerE,420,468,rn1qk2r/pp4pp/2p1pp2/8/3P1B2/2P1R3/PP6/RN2b1K1 b kq - 1 19,f3e3
14,keepitwrong,EulerE,420,468,rn1qk2r/pp4pp/2p1pp2/8/3P1B1b/2P1R3/PP6/RN4K1 w kq - 2 20,e1h4
14,keepitwrong,EulerE,420,468,rn1qk2r/pp4pp/2p1Rp2/8/3P1B1b/2P5/PP6/RN4K1 b kq - 0 20,e3e6
14,keepitwrong,EulerE,420,468,rn1q3r/pp3kpp/2p1Rp2/8/3P1B1b/2P5/PP6/RN4K1 w - - 1 21,e8f7
14,keepitwrong,EulerE,420,468,rn1q3r/pp3kpp/2p2p2/8/3PRB1b/2P5/PP6/RN4K1 b - - 2 21,e6e4
14,keepitwrong,EulerE,420,468,rn1q3r/pp3kpp/2p2p2/6b1/3PRB2/2P5/PP6/RN4K1 w - - 3 22,h4g5
14,keepitwrong,EulerE,420,468,rn1q3r/pp3kpp/2p2p2/6B1/3PR3/2P5/PP6/RN4K1 b - - 0 22,f4g5
14,keepitwrong,EulerE,420,468,rn1q3r/pp3kpp/2p5/6p1/3PR3/2P5/PP6/RN4K1 w - - 0 23,f6g5
14,keepitwrong,EulerE,420,468,rn1q3r/pp3kpp/2p5/6p1/3PR3/N1P5/PP6/R5K1 b - - 1 23,b1a3
14,keepitwrong,EulerE,420,468,rn1q1k1r/pp4pp/2p5/6p1/3PR3/N1P5/PP6/R5K1 w - - 2 24,f7f8
14,keepitwrong,EulerE,420,468,rn1q1k1r/pp4pp/2p5/6p1/3PR3/N1P5/PP6/5RK1 b - - 3 24,a1f1
14,keepitwrong,EulerE,420,468,rn1q2kr/pp4pp/2p5/6p1/3PR3/N1P5/PP6/5RK1 w - - 4 25,f8g8
14,keepitwrong,EulerE,420,468,rn1q2kr/pp4pp/2p5/6p1/2NPR3/2P5/PP6/5RK1 b - - 5 25,a3c4
14,keepitwrong,EulerE,420,468,r2q2kr/pp1n2pp/2p5/6p1/2NPR3/2P5/PP6/5RK1 w - - 6 26,b8d7
14,keepitwrong,EulerE,420,468,r2q2kr/pp1n2pp/2p5/5Rp1/2NPR3/2P5/PP6/6K1 b - - 7 26,f1f5
14,keepitwrong,EulerE,420,468,2rq2kr/pp1n2pp/2p5/5Rp1/2NPR3/2P5/PP6/6K1 w - - 8 27,a8c8
14,keepitwrong,EulerE,420,468,2rq2kr/pp1n2pp/2p5/5Rp1/2NP1R2/2P5/PP6/6K1 b - - 9 27,e4f4
14,keepitwrong,EulerE,420,468,2r2qkr/pp1n2pp/2p5/5Rp1/2NP1R2/2P5/PP6/6K1 w - - 10 28,d8f8
14,keepitwrong,EulerE,420,468,2r2qkr/pp1n2pp/2p5/6R1/2NP1R2/2P5/PP6/6K1 b - - 0 28,f5g5
14,keepitwrong,EulerE,420,468,2r3kr/pp1n2pp/2p5/6R1/2NP1q2/2P5/PP6/6K1 w - - 0 29,f8f4
14,keepitwrong,EulerE,420,468,2r3kr/pp1n2pp/2pN4/6R1/3P1q2/2P5/PP6/6K1 b - - 1 29,c4d6
14,keepitwrong,EulerE,420,468,1r4kr/pp1n2pp/2pN4/6R1/3P1q2/2P5/PP6/6K1 w - - 2 30,c8b8
14,keepitwrong,EulerE,420,468,1r4kr/pp1n2pp/2pN4/6R1/1P1P1q2/2P5/P7/6K1 b - - 0 30,b2b4
14,keepitwrong,EulerE,420,468,1r4kr/pp1n2pp/2pN4/6q1/1P1P4/2P5/P7/6K1 w - - 0 31,f4g5
14,keepitwrong,EulerE,420,468,1r4kr/pp1n2pp/2pN4/6q1/1P1P4/2P5/P7/7K b - - 1 31,g1h1
14,keepitwrong,EulerE,420,468,1r3k1r/pp1n2pp/2pN4/6q1/1P1P4/2P5/P7/7K w - - 2 32,g8f8
14,keepitwrong,EulerE,420,468,1r3k1r/pN1n2pp/2p5/6q1/1P1P4/2P5/P7/7K b - - 0 32,d6b7
14,keepitwrong,EulerE,420,468,5k1r/pr1n2pp/2p5/6q1/1P1P4/2P5/P7/7K w - - 0 33,b8b7
14,keepitwrong,EulerE,420,468,5k1r/pr1n2pp/2p5/1P4q1/3P4/2P5/P7/7K b - - 0 33,b4b5
14,keepitwrong,EulerE,420,468,4k2r/pr1n2pp/2p5/1P4q1/3P4/2P5/P7/7K w - - 1 34,f8e8
14,keepitwrong,EulerE,420,468,4k2r/pr1n2pp/2P5/6q1/3P4/2P5/P7/7K b - - 0 34,b5c6
14,keepitwrong,EulerE,420,468,3k3r/pr1n2pp/2P5/6q1/3P4/2P5/P7/7K w - - 1 35,e8d8
14,keepitwrong,EulerE,420,468,3k3r/pP1n2pp/8/6q1/3P4/2P5/P7/7K b - - 0 35,c6b7
14,keepitwrong,EulerE,420,468,7r/pP1nk1pp/8/6q1/3P4/2P5/P7/7K w - - 1 36,d8e7
14,keepitwrong,EulerE,420,468,7r/pP1nk1pp/8/6q1/2PP4/8/P7/7K b - - 0 36,c3c4
14,keepitwrong,EulerE,420,468,5r2/pP1nk1pp/8/6q1/2PP4/8/P7/7K w - - 1 37,h8f8
14,keepitwrong,EulerE,420,468,5r2/pP1nk1pp/8/2P3q1/3P4/8/P7/7K b - - 0 37,c4c5
14,keepitwrong,EulerE,420,468,5r2/pP2k1pp/8/2n3q1/3P4/8/P7/7K w - - 0 38,d7c5
14,keepitwrong,EulerE,420,468,1Q3r2/p3k1pp/8/2n3q1/3P4/8/P7/7K b - - 0 38,b7b8q
14,keepitwrong,EulerE,420,468,1r6/p3k1pp/8/2n3q1/3P4/8/P7/7K w - - 0 39,f8b8
14,keepitwrong,EulerE,420,468,1r6/p3k1pp/8/2nP2q1/8/8/P7/7K b - - 0 39,d4d5
14,keepitwrong,EulerE,420,468,8/p3k1pp/1r6/2nP2q1/8/8/P7/7K w - - 1 40,b8b6
14,keepitwrong,EulerE,420,468,8/p3k1pp/1r1P4/2n3q1/8/8/P7/7K b - - 0 40,d5d6
14,keepitwrong,EulerE,420,468,8/p3k1pp/3r4/2n3q1/8/8/P7/7K w - - 0 41,b6d6
14,keepitwrong,EulerE,420,468,8/p3k1pp/3r4/2n3q1/P7/8/8/7K b - - 0 41,a2a4
14,keepitwrong,EulerE,420,468,8/p3k1pp/7r/2n3q1/P7/8/8/7K w - - 1 42,d6h6
15,EulerE,Beatdapeeps,451,453,rnbqkbnr/pppppppp/8/8/4P3/8/PPPP1PPP/RNBQKBNR b KQkq - 0 1,e2e4
15,EulerE,Beatdapeeps,451,453,rnbqkbnr/ppp1pppp/8/3p4/4P3/8/PPPP1PPP/RNBQKBNR w KQkq - 0 2,d7d5
15,EulerE,Beatdapeeps,451,453,rnbqkbnr/ppp1pppp/8/3p4/4P3/5P2/PPPP2PP/RNBQKBNR b KQkq - 0 2,f2f3
15,EulerE,Beatdapeeps,451,453,rnbqkbnr/ppp2ppp/4p3/3p4/4P3/5P2/PPPP2PP/RNBQKBNR w KQkq - 0 3,e7e6
15,EulerE,Beatdapeeps,451,453,rnbqkbnr/ppp2ppp/4p3/1B1p4/4P3/5P2/PPPP2PP/RNBQK1NR b KQkq - 1 3,f1b5
15,EulerE,Beatdapeeps,451,453,rnbqkbnr/pp3ppp/2p1p3/1B1p4/4P3/5P2/PPPP2PP/RNBQK1NR w KQkq - 0 4,c7c6
15,EulerE,Beatdapeeps,451,453,rnbqkbnr/pp3ppp/2p1p3/3p4/B3P3/5P2/PPPP2PP/RNBQK1NR b KQkq - 1 4,b5a4
15,EulerE,Beatdapeeps,451,453,rnbqkbnr/p4ppp/2p1p3/1p1p4/B3P3/5P2/PPPP2PP/RNBQK1NR w KQkq - 0 5,b7b5
15,EulerE,Beatdapeeps,451,453,rnbqkbnr/p4ppp/2p1p3/1p1p4/4P3/1B3P2/PPPP2PP/RNBQK1NR b KQkq - 1 5,a4b3
15,EulerE,Beatdapeeps,451,453,rnbqk1nr/p4ppp/2p1p3/1pbp4/4P3/1B3P2/PPPP2PP/RNBQK1NR w KQkq - 2 6,f8c5
15,EulerE,Beatdapeeps,451,453,rnbqk1nr/p4ppp/2p1p3/1pbp4/4P3/1B3P1N/PPPP2PP/RNBQK2R b KQkq - 3 6,g1h3
15,EulerE,Beatdapeeps,451,453,rnbqk1nr/p3bppp/2p1p3/1p1p4/4P3/1B3P1N/PPPP2PP/RNBQK2R w KQkq - 4 7,c5e7
15,EulerE,Beatdapeeps,451,453,rnbqk1nr/p3bppp/2p1p3/1p1p4/4PN2/1B3P2/PPPP2PP/RNBQK2R b KQkq - 5 7,h3f4
15,EulerE,Beatdapeeps,451,453,rnbqk1nr/p3bppp/2p5/1p1pp3/4PN2/1B3P2/PPPP2PP/RNBQK2R w KQkq - 0 8,e6e5
15,EulerE,Beatdapeeps,451,453,rnbqk1nr/p3bppp/2p5/1p1pp3/4P3/1B1N1P2/PPPP2PP/RNBQK2R b KQkq - 1 8,f4d3
15,EulerE,Beatdapeeps,451,453,rnbqk1nr/p3bppp/2p5/1p2p3/4p3/1B1N1P2/PPPP2PP/RNBQK2R w KQkq - 0 9,d5e4
15,EulerE,Beatdapeeps,451,453,rnbqk1nr/p3bppp/2p5/1p2N3/4p3/1B3P2/PPPP2PP/RNBQK2R b KQkq - 0 9,d3e5
15,EulerE,Beatdapeeps,451,453,rnbqk1nr/p3b1pp/2p2p2/1p2N3/4p3/1B3P2/PPPP2PP/RNBQK2R w KQkq - 0 10,f7f6
15,EulerE,Beatdapeeps,451,453,rnbqk1nr/p3b1pp/2p2p2/1p6/4p1N1/1B3P2/PPPP2PP/RNBQK2R b KQkq - 1 10,e5g4
15,EulerE,Beatdapeeps,451,453,rn1qk1nr/p3b1pp/2p2p2/1p6/4p1b1/1B3P2/PPPP2PP/RNBQK2R w KQkq - 0 11,c8g4
15,EulerE,Beatdapeeps,451,453,rn1qk1nr/p3b1pp/2p2p2/1p6/4p1P1/1B6/PPPP2PP/RNBQK2R b KQkq - 0 11,f3g4
15,EulerE,Beatdapeeps,451,453,rn1qk1nr/p3b1pp/2p2p2/1p6/6P1/1B2p3/PPPP2PP/RNBQK2R w KQkq - 0 12,e4e3
15,EulerE,Beatdapeeps,451,453,rn1qk1nr/p3b1pp/2p2p2/1p6/6P1/1B2P3/PPP3PP/RNBQK2R b KQkq - 0 12,d2e3
15,EulerE,Beatdapeeps,451,453,rn2k1nr/p3b1pp/2p2p2/1p6/6P1/1B2P3/PPP3PP/RNBqK2R w KQkq - 0 13,d8d1
15,EulerE,Beatdapeeps,451,453,rn2k1nr/p3b1pp/2p2p2/1p6/6P1/1B2P3/PPP3PP/RNBK3R b kq - 0 13,e1d1
15,EulerE,Beatdapeeps,451,453,r3k1nr/p3b1pp/n1p2p2/1p6/6P1/1B2P3/PPP3PP/RNBK3R w kq - 1 14,b8a6
15,EulerE,Beatdapeeps,451,453,r3k1Br/p3b1pp/n1p2p2/1p6/6P1/4P3/PPP3PP/RNBK3R b kq - 0 14,b3g8
15,EulerE,Beatdapeeps,451,453,2kr2Br/p3b1pp/n1p2p2/1p6/6P1/4P3/PPP3PP/RNBK3R w - - 1 15,e8c8
15,EulerE,Beatdapeeps,451,453,2kr2Br/p3b1pp/n1p2p2/1p6/6P1/4P3/PPP1K1PP/RNB4R b - - 2 15,d1e2
15,EulerE,Beatdapeeps,451,453,2kr2r1/p3b1pp/n1p2p2/1p6/6P1/4P3/PPP1K1PP/RNB4R w - - 0 16,h8g8
15,EulerE,Beatdapeeps,451,453,2kr2r1/p3b1pp/n1p2p2/1p6/6P1/4P3/PPP1K1PP/RNBR4 b - - 1 16,h1d1
15,EulerE,Beatdapeeps,451,453,2k3r1/p3b1pp/n1p2p2/1p6/6P1/4P3/PPP1K1PP/RNBr4 w - - 0 17,d8d1
15,EulerE,Beatdapeeps,451,453,2k3r1/p3b1pp/n1p2p2/1p6/6P1/4P3/PPP3PP/RNBK4 b - - 0 17,e2d1
15,EulerE,Beatdapeeps,451,453,2kr4/p3b1pp/n1p2p2/1p6/6P1/4P3/PPP3PP/RNBK4 w - - 1 18,g8d8
15,EulerE,Beatdapeeps,451,453,2kr4/p3b1pp/n1p2p2/1p6/6P1/4P3/PPP1K1PP/RNB5 b - - 2 18,d1e2
15,EulerE,Beatdapeeps,451,453,2kr4/p3b1pp/2p2p2/1pn5/6P1/4P3/PPP1K1PP/RNB5 w - - 3 19,a6c5
15,EulerE,Beatdapeeps,451,453,2kr4/p3b1pp/2p2p2/1pn5/6P1/N3P3/PPP1K1PP/R1B5 b - - 4 19,b1a3
15,EulerE,Beatdapeeps,451,453,2kr4/p3b1pp/2p2p2/1p6/4n1P1/N3P3/PPP1K1PP/R1B5 w - - 5 20,c5e4
15,EulerE,Beatdapeeps,451,453,2kr4/p3b1pp/2p2p2/1p6/4n1P1/NP2P3/P1P1K1PP/R1B5 b - - 0 20,b2b3
15,EulerE,Beatdapeeps,451,453,2kr4/p3b1pp/2p2p2/1p6/6P1/NPn1P3/P1P1K1PP/R1B5 w - - 1 21,e4c3
15,EulerE,Beatdapeeps,451,453,2kr4/p3b1pp/2p2p2/1p6/6P1/NPn1PK2/P1P3PP/R1B5 b - - 2 21,e2f3
15,EulerE,Beatdapeeps,451,453,2k5/p3b1pp/2p2p2/1p6/6P1/NPn1PK2/P1P3PP/R1Br4 w - - 3 22,d8d1
15,EulerE,Beatdapeeps,451,453,2k5/p3b1pp/2p2p2/1p6/6P1/NPn1PK1P/P1P3P1/R1Br4 b - - 0 22,h2h3
15,EulerE,Beatdapeeps,451,453,2k5/p5pp/2p2p2/1p6/6P1/bPn1PK1P/P1P3P1/R1Br4 w - - 0 23,e7a3
15,EulerE,Beatdapeeps,451,453,2k5/p5pp/2p2p2/1p6/6P1/bPn1PK1P/PBP3P1/R2r4 b - - 1 23,c1b2
15,EulerE,Beatdapeeps,451,453,2k5/p5pp/2p2p2/1p6/6P1/1Pn1PK1P/PbP3P1/R2r4 w - - 0 24,a3b2
15,EulerE,Beatdapeeps,451,453,2k5/p5pp/2p2p2/1p6/6P1/1Pn1PK1P/PbP3P1/3R4 b - - 0 24,a1d1
15,EulerE,Beatdapeeps,451,453,2k5/p5pp/2p2p2/1p6/6P1/1P2PK1P/PbP3P1/3n4 w - - 0 25,c3d1
15,EulerE,Beatdapeeps,451,453,2k5/p5pp/2p2p2/1p6/6PP/1P2PK2/PbP3P1/3n4 b - - 0 25,h3h4
15,EulerE,Beatdapeeps,451,453,2k5/p5pp/5p2/1pp5/6PP/1P2PK2/PbP3P1/3n4 w - - 0 26,c6c5
15,EulerE,Beatdapeeps,451,453,2k5/p5pp/5p2/1pp5/4P1PP/1P3K2/PbP3P1/3n4 b - - 0 26,e3e4
15,EulerE,Beatdapeeps,451,453,2k5/p5pp/5p2/1p6/2p1P1PP/1P3K2/PbP3P1/3n4 w - - 0 27,c5c4
15,EulerE,Beatdapeeps,451,453,2k5/p5pp/5p2/1p6/2p1PKPP/1P6/PbP3P1/3n4 b - - 1 27,f3f4
15,EulerE,Beatdapeeps,451,453,2k5/p5pp/5p2/1p6/4PKPP/1p6/PbP3P1/3n4 w - - 0 28,c4b3
15,EulerE,Beatdapeeps,451,453,2k5/p5pp/5p2/1p6/4PKPP/1P6/Pb4P1/3n4 b - - 0 28,c2b3
15,EulerE,Beatdapeeps,451,453,2k5/p5pp/5p2/1p2b3/4PKPP/1P6/P5P1/3n4 w - - 1 29,b2e5
15,EulerE,Beatdapeeps,451,453,2k5/p5pp/5p2/1p2b3/4P1PP/1P3K2/P5P1/3n4 b - - 2 29,f4f3
15,EulerE,Beatdapeeps,451,453,2k5/p6p/5p2/1p2b1p1/4P1PP/1P3K2/P5P1/3n4 w - - 0 30,g7g5
15,EulerE,Beatdapeeps,451,453,2k5/p6p/5p2/1p2b1P1/4P1P1/1P3K2/P5P1/3n4 b - - 0 30,h4g5
15,EulerE,Beatdapeeps,451,453,2k5/p6p/8/1p2b1p1/4P1P1/1P3K2/P5P1/3n4 w - - 0 31,f6g5
15,EulerE,Beatdapeeps,451,453,2k5/p6p/8/1p2b1p1/4P1P1/PP3K2/6P1/3n4 b - - 0 31,a2a3
15,EulerE,Beatdapeeps,451,453,2k5/p6p/8/1p4p1/4PbP1/PP3K2/6P1/3n4 w - - 1 32,e5f4
15,EulerE,Beatdapeeps,451,453,2k5/p6p/8/1p4p1/P3PbP1/1P3K2/6P1/3n4 b - - 0 32,a3a4
15,EulerE,Beatdapeeps,451,453,2k5/p6p/8/6p1/Pp2PbP1/1P3K2/6P1/3n4 w - - 0 33,b5b4
15,EulerE,Beatdapeeps,451,453,2k5/p6p/8/6p1/Pp2PbP1/1P3KP1/8/3n4 b - - 0 33,g2g3
15,EulerE,Beatdapeeps,451,453,2k5/p6p/8/6p1/Pp2P1P1/1P3KP1/3b4/3n4 w - - 1 34,f4d2
15,EulerE,Beatdapeeps,451,453,2k5/p6p/8/4P1p1/Pp4P1/1P3KP1/3b4/3n4 b - - 0 34,e4e5
15,EulerE,Beatdapeeps,451,453,2k5/p6p/8/4P1p1/Pp4P1/1Pn2KP1/3b4/8 w - - 1 35,d1c3
15,EulerE,Beatdapeeps,451,453,2k5/p6p/4P3/6p1/Pp4P1/1Pn2KP1/3b4/8 b - - 0 35,e5e6
15,EulerE,Beatdapeeps,451,453,2k5/p6p/4P3/3n2p1/Pp4P1/1P3KP1/3b4/8 w - - 1 36,c3d5
15,EulerE,Beatdapeeps,451,453,2k5/p6p/4P3/3n2p1/Pp2K1P1/1P4P1/3b4/8 b - - 2 36,f3e4
15,EulerE,Beatdapeeps,451,453,2k5/p1n4p/4P3/6p1/Pp2K1P1/1P4P1/3b4/8 w - - 3 37,d5c7
15,EulerE,Beatdapeeps,451,453,2k5/p1n4p/4P3/4K1p1/Pp4P1/1P4P1/3b4/8 b - - 4 37,e4e5
15,EulerE,Beatdapeeps,451,453,2k5/p1n4p/4P3/4K1p1/Pp4P1/1P4P1/8/4b3 w - - 5 38,d2e1
15,EulerE,Beatdapeeps,451,453,2k5/p1n1P2p/8/4K1p1/Pp4P1/1P4P1/8/4b3 b - - 0 38,e6e7
15,EulerE,Beatdapeeps,451,453,2k5/p1n1P2p/8/4K1p1/Pp4P1/1P4b1/8/8 w - - 0 39,e1g3
15,EulerE,Beatdapeeps,451,453,2k5/p1n1P2p/5K2/6p1/Pp4P1/1P4b1/8/8 b - - 1 39,e5f6
15,EulerE,Beatdapeeps,451,453,2k5/p1n1P3/5K2/6pp/Pp4P1/1P4b1/8/8 w - - 0 40,h7h5
15,EulerE,Beatdapeeps,451,453,2k5/p1n1P3/5K2/6pP/Pp6/1P4b1/8/8 b - - 0 40,g4h5
15,EulerE,Beatdapeeps,451,453,2k5/p1n1P3/5K2/7P/Pp4p1/1P4b1/8/8 w - - 0 41,g5g4
15,EulerE,Beatdapeeps,451,453,2k5/p1n1PK2/8/7P/Pp4p1/1P4b1/8/8 b - - 1 41,f6f7
15,EulerE,Beatdapeeps,451,453,2k5/p1n1PK2/3b4/7P/Pp4p1/1P6/8/8 w - - 2 42,g3d6
15,EulerE,Beatdapeeps,451,453,2k5/p1n1PK2/3b3P/8/Pp4p1/1P6/8/8 b - - 0 42,h5h6
15,EulerE,Beatdapeeps,451,453,8/p1nkPK2/3b3P/8/Pp4p1/1P6/8/8 w - - 1 43,c8d7
15,EulerE,Beatdapeeps,451,453,8/p1nkPK1P/3b4/8/Pp4p1/1P6/8/8 b - - 0 43,h6h7
15,EulerE,Beatdapeeps,451,453,8/p1nkPK1P/8/4b3/Pp4p1/1P6/8/8 w - - 1 44,d6e5
15,EulerE,Beatdapeeps,451,453,8/p1nkP2P/6K1/4b3/Pp4p1/1P6/8/8 b - - 2 44,f7g6
15,EulerE,Beatdapeeps,451,453,8/p1n1k2P/6K1/4b3/Pp4p1/1P6/8/8 w - - 0 45,d7e7
15,EulerE,Beatdapeeps,451,453,8/p1n1k2P/7K/4b3/Pp4p1/1P6/8/8 b - - 1 45,g6h6
15,EulerE,Beatdapeeps,451,453,8/p1n1k2P/7K/4b3/Pp6/1P4p1/8/8 w - - 0 46,g4g3
15,EulerE,Beatdapeeps,451,453,8/p1n1k2P/7K/P3b3/1p6/1P4p1/8/8 b - - 0 46,a4a5
15,EulerE,Beatdapeeps,451,453,8/p1n1k2P/7K/P3b3/1p6/1P6/6p1/8 w - - 0 47,g3g2
15,EulerE,Beatdapeeps,451,453,7Q/p1n1k3/7K/P3b3/1p6/1P6/6p1/8 b - - 0 47,h7h8q
15,EulerE,Beatdapeeps,451,453,7b/p1n1k3/7K/P7/1p6/1P6/6p1/8 w - - 0 48,e5h8
15,EulerE,Beatdapeeps,451,453,7b/p1n1k2K/8/P7/1p6/1P6/6p1/8 b - - 1 48,h6h7
15,EulerE,Beatdapeeps,451,453,8/p1n1k2K/8/P7/1p1b4/1P6/6p1/8 w - - 2 49,h8d4
15,EulerE,Beatdapeeps,451,453,8/p1n1k2K/P7/8/1p1b4/1P6/6p1/8 b - - 0 49,a5a6
15,EulerE,Beatdapeeps,451,453,8/p1n1k2K/P7/8/1p1b4/1P6/8/6q1 w - - 0 50,g2g1q
15,EulerE,Beatdapeeps,451,453,8/p1n1k3/P6K/8/1p1b4/1P6/8/6q1 b - - 1 50,h7h6
15,EulerE,Beatdapeeps,451,453,8/p1n1k3/P6K/8/1p6/1P2b3/8/6q1 w - - 2 51,d4e3
15,EulerE,Beatdapeeps,451,453,8/p1n1k3/P7/7K/1p6/1P2b3/8/6q1 b - - 3 51,h6h5
15,EulerE,Beatdapeeps,451,453,8/p1n1k3/P7/6qK/1p6/1P2b3/8/8 w - - 4 52,g1g5
16,EulerE,ArumisZ,435,444,rnbqkbnr/pppppppp/8/8/4P3/8/PPPP1PPP/RNBQKBNR b KQkq - 0 1,e2e4
16,EulerE,ArumisZ,435,444,rnbqkb1r/pppppppp/5n2/8/4P3/8/PPPP1PPP/RNBQKBNR w KQkq - 1 2,g8f6
16,EulerE,ArumisZ,435,444,rnbqkb1r/pppppppp/5n2/8/4P3/2N5/PPPP1PPP/R1BQKBNR b KQkq - 2 2,b1c3
16,EulerE,ArumisZ,435,444,rnbqkb1r/pppp1ppp/5n2/4p3/4P3/2N5/PPPP1PPP/R1BQKBNR w KQkq - 0 3,e7e5
16,EulerE,ArumisZ,435,444,rnbqkb1r/pppp1ppp/5n2/4p3/4P3/2NP4/PPP2PPP/R1BQKBNR b KQkq - 0 3,d2d3
16,EulerE,ArumisZ,435,444,rnbqkb1r/ppp2ppp/3p1n2/4p3/4P3/2NP4/PPP2PPP/R1BQKBNR w KQkq - 0 4,d7d6
16,EulerE,ArumisZ,435,444,rnbqkb1r/ppp2ppp/3p1n2/4p1B1/4P3/2NP4/PPP2PPP/R2QKBNR b KQkq - 1 4,c1g5
16,EulerE,ArumisZ,435,444,rnbqkb1r/ppp2pp1/3p1n1p/4p1B1/4P3/2NP4/PPP2PPP/R2QKBNR w KQkq - 0 5,h7h6
16,EulerE,ArumisZ,435,444,rnbqkb1r/ppp2pp1/3p1n1p/4p3/4P2B/2NP4/PPP2PPP/R2QKBNR b KQkq - 1 5,g5h4
16,EulerE,ArumisZ,435,444,rnbqkb1r/ppp2p2/3p1n1p/4p1p1/4P2B/2NP4/PPP2PPP/R2QKBNR w KQkq - 0 6,g7g5
16,EulerE,ArumisZ,435,444,rnbqkb1r/ppp2p2/3p1n1p/4p1p1/4P3/2NP2B1/PPP2PPP/R2QKBNR b KQkq - 1 6,h4g3
16,EulerE,ArumisZ,435,444,rnbqkb1r/pp3p2/2pp1n1p/4p1p1/4P3/2NP2B1/PPP2PPP/R2QKBNR w KQkq - 0 7,c7c6
16,EulerE,ArumisZ,435,444,rnbqkb1r/pp3p2/2pp1n1p/4p1p1/4P3/2NP2B1/PPP1QPPP/R3KBNR b KQkq - 1 7,d1e2
16,EulerE,ArumisZ,435,444,rnbqk2r/pp2bp2/2pp1n1p/4p1p1/4P3/2NP2B1/PPP1QPPP/R3KBNR w KQkq - 2 8,f8e7
16,EulerE,ArumisZ,435,444,rnbqk2r/pp2bp2/2pp1n1p/4p1p1/4P3/2NP2B1/PPP1QPPP/2KR1BNR b kq - 3 8,e1c1
16,EulerE,ArumisZ,435,444,r1bqk2r/pp1nbp2/2pp1n1p/4p1p1/4P3/2NP2B1/PPP1QPPP/2KR1BNR w kq - 4 9,b8d7
16,EulerE,ArumisZ,435,444,r1bqk2r/pp1nbp2/2pp1n1p/4p1p1/4P3/2NP1QB1/PPP2PPP/2KR1BNR b kq - 5 9,e2f3
16,EulerE,ArumisZ,435,444,r1bq1rk1/pp1nbp2/2pp1n1p/4p1p1/4P3/2NP1QB1/PPP2PPP/2KR1BNR w - - 6 10,e8g8
16,EulerE,ArumisZ,435,444,r1bq1rk1/pp1nbp2/2pp1n1p/4p1p1/1P2P3/2NP1QB1/P1P2PPP/2KR1BNR b - - 0 10,b2b4
16,EulerE,ArumisZ,435,444,r1bq1rk1/pp1nbp2/2p2n1p/3pp1p1/1P2P3/2NP1QB1/P1P2PPP/2KR1BNR w - - 0 11,d6d5
16,EulerE,ArumisZ,435,444,r1bq1rk1/pp1nbp2/2p2n1p/3pp1p1/PP2P3/2NP1QB1/2P2PPP/2KR1BNR b - - 0 11,a2a4
16,EulerE,ArumisZ,435,444,r1bq1rk1/pp1nbp2/5n1p/2ppp1p1/PP2P3/2NP1QB1/2P2PPP/2KR1BNR w - - 0 12,c6c5
16,EulerE,ArumisZ,435,444,r1bq1rk1/pp1nbp2/5n1p/1Pppp1p1/P3P3/2NP1QB1/2P2PPP/2KR1BNR b - - 0 12,b4b5
16,EulerE,ArumisZ,435,444,r1bq1rk1/1p1nbp2/p4n1p/1Pppp1p1/P3P3/2NP1QB1/2P2PPP/2KR1BNR w - - 0 13,a7a6
16,EulerE,ArumisZ,435,444,r1bq1rk1/1p1nbp2/p4n1p/PPppp1p1/4P3/2NP1QB1/2P2PPP/2KR1BNR b - - 0 13,a4a5
16,EulerE,ArumisZ,435,444,r1bq1rk1/1p1nbp2/5n1p/Ppppp1p1/4P3/2NP1QB1/2P2PPP/2KR1BNR w - - 0 14,a6b5
16,EulerE,ArumisZ,435,444,r1bq1rk1/1p1nbp2/5n1p/PNppp1p1/4P3/3P1QB1/2P2PPP/2KR1BNR b - - 0 14,c3b5
16,EulerE,ArumisZ,435,444,r1b2rk1/1p1nbp2/5n1p/qNppp1p1/4P3/3P1QB1/2P2PPP/2KR1BNR w - - 0 15,d8a5
16,EulerE,ArumisZ,435,444,r1b2rk1/1p1nbp2/5n1p/qNppp1p1/4P3/3PQ1B1/2P2PPP/2KR1BNR b - - 1 15,f3e3
16,EulerE,ArumisZ,435,444,r1b2rk1/1p1nbp2/5n1p/qNp1p1p1/3pP3/3PQ1B1/2P2PPP/2KR1BNR w - - 0 16,d5d4
16,EulerE,ArumisZ,435,444,r1b2rk1/1p1nbp2/5n1p/qNp1p1p1/3pP3/3P2B1/2PQ1PPP/2KR1BNR b - - 1 16,e3d2
16,EulerE,ArumisZ,435,444,r1b2rk1/1p1nbp2/5n1p/1qp1p1p1/3pP3/3P2B1/2PQ1PPP/2KR1BNR w - - 0 17,a5b5
16,EulerE,ArumisZ,435,444,r1b2rk1/1p1nbp2/5n1p/1qp1p1p1/3pP3/2PP2B1/3Q1PPP/2KR1BNR b - - 0 17,c2c3
16,EulerE,ArumisZ,435,444,r1b2rk1/1p1nbp2/5n1p/1qp1p1p1/4P3/2pP2B1/3Q1PPP/2KR1BNR w - - 0 18,d4c3
16,EulerE,ArumisZ,435,444,r1b2rk1/1p1nbp2/5n1p/1qp1p1p1/4P3/2QP2B1/5PPP/2KR1BNR b - - 0 18,d2c3
16,EulerE,ArumisZ,435,444,r1b2rk1/1p1nbp2/5n1p/1qp1p3/4P1p1/2QP2B1/5PPP/2KR1BNR w - - 0 19,g5g4
16,EulerE,ArumisZ,435,444,r1b2rk1/1p1nbp2/5n1p/1qp1p3/4P1p1/2QP1NB1/5PPP/2KR1B1R b - - 1 19,g1f3
16,EulerE,ArumisZ,435,444,r1b2rk1/1p1nbp2/5n1p/1qp1p3/4P3/2QP1pB1/5PPP/2KR1B1R w - - 0 20,g4f3
16,EulerE,ArumisZ,435,444,r1b2rk1/1p1nbp2/5n1p/1qp1p3/4P3/2QP1PB1/5P1P/2KR1B1R b - - 0 20,g2f3
16,EulerE,ArumisZ,435,444,r1b2rk1/1p2bp2/1n3n1p/1qp1p3/4P3/2QP1PB1/5P1P/2KR1B1R w - - 1 21,d7b6
16,EulerE,ArumisZ,435,444,r1b2rk1/1p2bp2/1n3n1p/1qp1p3/3PP3/2Q2PB1/5P1P/2KR1B1R b - - 0 21,d3d4
16,EulerE,ArumisZ,435,444,r1b2rk1/1p2bp2/1n3n1p/1q2p3/3pP3/2Q2PB1/5P1P/2KR1B1R w - - 0 22,c5d4
16,EulerE,ArumisZ,435,444,r1b2rk1/1p2bp2/1n3n1p/1B2p3/3pP3/2Q2PB1/5P1P/2KR3R b - - 0 22,f1b5
16,EulerE,ArumisZ,435,444,r1b2rk1/1p2bp2/1n3n1p/1B2p3/4P3/2p2PB1/5P1P/2KR3R w - - 0 23,d4c3
16,EulerE,ArumisZ,435,444,r1b2rk1/1p2bp2/1n3n1p/1B2B3/4P3/2p2P2/5P1P/2KR3R b - - 0 23,g3e5
16,EulerE,ArumisZ,435,444,r1br2k1/1p2bp2/1n3n1p/1B2B3/4P3/2p2P2/5P1P/2KR3R w - - 1 24,f8d8
16,EulerE,ArumisZ,435,444,r1bR2k1/1p2bp2/1n3n1p/1B2B3/4P3/2p2P2/5P1P/2K4R b - - 0 24,d1d8
16,EulerE,ArumisZ,435,444,r1bb2k1/1p3p2/1n3n1p/1B2B3/4P3/2p2P2/5P1P/2K4R w - - 0 25,e7d8
16,EulerE,ArumisZ,435,444,r1bb2k1/1p3p2/1n3n1p/1B2B3/4P3/2p2P2/5P1P/2KR4 b - - 1 25,h1d1
16,EulerE,ArumisZ,435,444,r2b2k1/1p3p2/1n2bn1p/1B2B3/4P3/2p2P2/5P1P/2KR4 w - - 2 26,c8e6
16,EulerE,ArumisZ,435,444,r2b2k1/1p3p2/1n2bn1p/1B6/4P3/2B2P2/5P1P/2KR4 b - - 0 26,e5c3
16,EulerE,ArumisZ,435,444,2rb2k1/1p3p2/1n2bn1p/1B6/4P3/2B2P2/5P1P/2KR4 w - - 1 27,a8c8
16,EulerE,ArumisZ,435,444,2rb2k1/1p3p2/1n2bn1p/1B6/4PP2/2B5/5P1P/2KR4 b - - 0 27,f3f4
16,EulerE,ArumisZ,435,444,2rb2k1/1p3p2/1n2b2p/1B6/4nP2/2B5/5P1P/2KR4 w - - 0 28,f6e4
16,EulerE,ArumisZ,435,444,2rb2k1/1p3p2/1n2b2p/1B6/4nP2/2B5/5P1P/1K1R4 b - - 1 28,c1b1
16,EulerE,ArumisZ,435,444,2rb2k1/1p3p2/1n2b2p/1B6/5P2/2n5/5P1P/1K1R4 w - - 0 29,e4c3
16,EulerE,ArumisZ,435,444,2rb2k1/1p3p2/1n2b2p/1B6/5P2/2n5/2K2P1P/3R4 b - - 1 29,b1c2
16,EulerE,ArumisZ,435,444,2rb2k1/1p3p2/1n2b2p/1B6/5P2/8/2K2P1P/3n4 w - - 0 30,c3d1
16,EulerE,ArumisZ,435,444,2rb2k1/1p3p2/1n2b2p/1B6/5P2/8/5P1P/3K4 b - - 0 30,c2d1
16,EulerE,ArumisZ,435,444,3b2k1/1p3p2/1n2b2p/1B6/5P2/2r5/5P1P/3K4 w - - 1 31,c8c3
16,EulerE,ArumisZ,435,444,3b2k1/1p3p2/1n2b2p/1B6/5P1P/2r5/5P2/3K4 b - - 0 31,h2h4
16,EulerE,ArumisZ,435,444,6k1/1p3p2/1n2b2p/1B6/5P1b/2r5/5P2/3K4 w - - 0 32,d8h4
16,EulerE,ArumisZ,435,444,6k1/1p3p2/1n2b2p/1B6/5P1b/2r5/3K1P2/8 b - - 1 32,d1d2
16,EulerE,ArumisZ,435,444,6k1/1p3p2/1n2b2p/1B6/5P1b/r7/3K1P2/8 w - - 2 33,c3a3
16,EulerE,ArumisZ,435,444,6k1/1p3p2/1n2b2p/1B6/5P1b/r7/2K2P2/8 b - - 3 33,d2c2
16,EulerE,ArumisZ,435,444,6k1/1p3p2/1n2b2p/1B6/5P2/r7/2K2b2/8 w - - 0 34,h4f2
16,EulerE,ArumisZ,435,444,6k1/1p3p2/1n2b2p/1B6/5P2/r7/1K3b2/8 b - - 1 34,c2b2
16,EulerE,ArumisZ,435,444,6k1/1p3p2/1n2b2p/1B6/5P2/5r2/1K3b2/8 w - - 2 35,a3f3
16,EulerE,ArumisZ,435,444,6k1/1p3p2/1n2b2p/1B6/5P2/5r2/2K2b2/8 b - - 3 35,b2c2
16,EulerE,ArumisZ,435,444,6k1/1p3p2/1n2b3/1B5p/5P2/5r2/2K2b2/8 w - - 0 36,h6h5
16,EulerE,ArumisZ,435,444,6k1/1p3p2/1n2b3/1B5p/5P2/5r2/3K1b2/8 b - - 1 36,c2d2
16,EulerE,ArumisZ,435,444,6k1/1p3p2/1n2b3/1B5p/5r2/8/3K1b2/8 w - - 0 37,f3f4
16,EulerE,ArumisZ,435,444,6k1/1p3p2/1n2b3/1B5p/5r2/8/4Kb2/8 b - - 1 37,d2e2
16,EulerE,ArumisZ,435,444,6k1/1p3p2/1n2b3/1Bb4p/5r2/8/4K3/8 w - - 2 38,f2c5
16,EulerE,ArumisZ,435,444,6k1/1p3p2/Bn2b3/2b4p/5r2/8/4K3/8 b - - 3 38,b5a6
16,EulerE,ArumisZ,435,444,6k1/1p3p2/Bn2b3/2b5/5r1p/8/4K3/8 w - - 0 39,h5h4
16,EulerE,ArumisZ,435,444,6k1/1B3p2/1n2b3/2b5/5r1p/8/4K3/8 b - - 0 39,a6b7
16,EulerE,ArumisZ,435,444,6k1/1B3p2/1n2b3/2b5/5r2/7p/4K3/8 w - - 0 40,h4h3
16,EulerE,ArumisZ,435,444,6k1/1B3p2/1n2b3/2b5/5r2/3K3p/8/8 b - - 1 40,e2d3
16,EulerE,ArumisZ,435,444,6k1/1B3p2/1n6/2bb4/5r2/3K3p/8/8 w - - 2 41,e6d5
16,EulerE,ArumisZ,435,444,6k1/5p2/Bn6/2bb4/5r2/3K3p/8/8 b - - 3 41,b7a6
16,EulerE,ArumisZ,435,444,6k1/5p2/Bn6/2bb4/5r2/3K4/7p/8 w - - 0 42,h3h2
16,EulerE,ArumisZ,435,444,6k1/5p2/Bn6/2bb4/5r2/8/4K2p/8 b - - 1 42,d3e2
16,EulerE,ArumisZ,435,444,6k1/5p2/Bn6/2bb4/5r2/8/4K3/7q w - - 0 43,h2h1q
16,EulerE,ArumisZ,435,444,6k1/5p2/Bn6/2bb4/5r2/3K4/8/7q b - - 1 43,e2d3
16,EulerE,ArumisZ,435,444,6k1/5p2/Bn6/2bb4/5r2/3K3q/8/8 w - - 2 44,h1h3
16,EulerE,ArumisZ,435,444,6k1/5p2/Bn6/2bb4/5r2/7q/4K3/8 b - - 3 44,d3e2
16,EulerE,ArumisZ,435,444,6k1/5p2/Bn6/2bb4/5r2/q7/4K3/8 w - - 4 45,h3a3
16,EulerE,ArumisZ,435,444,6k1/5p2/Bn6/2bb4/5r2/q7/3K4/8 b - - 5 45,e2d2
16,EulerE,ArumisZ,435,444,6k1/5p2/Bn6/2bb4/8/q7/3K1r2/8 w - - 6 46,f4f2
16,EulerE,ArumisZ,435,444,6k1/5p2/Bn6/2bb4/8/q7/5r2/3K4 b - - 7 46,d2d1
16,EulerE,ArumisZ,435,444,6k1/5p2/Bn6/2bb4/8/8/5r2/q2K4 w - - 8 47,a3a1
17,EulerE,rugburns12,449,405,rnbqkbnr/pppppppp/8/8/8/3P4/PPP1PPPP/RNBQKBNR b KQkq - 0 1,d2d3
17,EulerE,rugburns12,449,405,rnbqkbnr/pppp1ppp/8/4p3/8/3P4/PPP1PPPP/RNBQKBNR w KQkq - 0 2,e7e5
17,EulerE,rugburns12,449,405,rnbqkbnr/pppp1ppp/8/4p3/4P3/3P4/PPP2PPP/RNBQKBNR b KQkq - 0 2,e2e4
17,EulerE,rugburns12,449,405,rnb1kbnr/pppp1ppp/8/4p3/4P2q/3P4/PPP2PPP/RNBQKBNR w KQkq - 1 3,d8h4
17,EulerE,rugburns12,449,405,rnb1kbnr/pppp1ppp/8/4p3/4P2q/3P4/PPPQ1PPP/RNB1KBNR b KQkq - 2 3,d1d2
17,EulerE,rugburns12,449,405,rnb1k1nr/pppp1ppp/8/2b1p3/4P2q/3P4/PPPQ1PPP/RNB1KBNR w KQkq - 3 4,f8c5
17,EulerE,rugburns12,449,405,rnb1k1nr/pppp1ppp/8/2b1p3/4P2q/2NP4/PPPQ1PPP/R1B1KBNR b KQkq - 4 4,b1c3
17,EulerE,rugburns12,449,405,rnb1k1nr/pppp1ppp/8/2b1p3/4P3/2NP4/PPPQ1qPP/R1B1KBNR w KQkq - 0 5,h4f2
17,EulerE,rugburns12,449,405,rnb1k1nr/pppp1ppp/8/2b1p3/4P3/2NP4/PPP2QPP/R1B1KBNR b KQkq - 0 5,d2f2
17,EulerE,rugburns12,449,405,rnb1k1nr/pppp1ppp/8/4p3/4P3/2NP4/PPP2bPP/R1B1KBNR w KQkq - 0 6,c5f2
17,EulerE,rugburns12,449,405,rnb1k1nr/pppp1ppp/8/4p3/4P3/2NP4/PPP2KPP/R1B2BNR b kq - 0 6,e1f2
17,EulerE,rugburns12,449,405,rnb1k2r/pppp1ppp/5n2/4p3/4P3/2NP4/PPP2KPP/R1B2BNR w kq - 1 7,g8f6
17,EulerE,rugburns12,449,405,rnb1k2r/pppp1ppp/5n2/4p3/4P3/2NP1N2/PPP2KPP/R1B2B1R b kq - 2 7,g1f3
17,EulerE,rugburns12,449,405,rnb1k2r/ppp2ppp/5n2/3pp3/4P3/2NP1N2/PPP2KPP/R1B2B1R w kq - 0 8,d7d5
17,EulerE,rugburns12,449,405,rnb1k2r/ppp2ppp/5n2/3pN3/4P3/2NP4/PPP2KPP/R1B2B1R b kq - 0 8,f3e5
17,EulerE,rugburns12,449,405,rnb1k2r/ppp2ppp/5n2/4N3/4p3/2NP4/PPP2KPP/R1B2B1R w kq - 0 9,d5e4
17,EulerE,rugburns12,449,405,rnb1k2r/ppp2ppp/5n2/4N3/4P3/2N5/PPP2KPP/R1B2B1R b kq - 0 9,d3e4
17,EulerE,rugburns12,449,405,r1b1k2r/ppp2ppp/2n2n2/4N3/4P3/2N5/PPP2KPP/R1B2B1R w kq - 1 10,b8c6
17,EulerE,rugburns12,449,405,r1b1k2r/ppp2ppp/2N2n2/8/4P3/2N5/PPP2KPP/R1B2B1R b kq - 0 10,e5c6
17,EulerE,rugburns12,449,405,r1b1k2r/p1p2ppp/2p2n2/8/4P3/2N5/PPP2KPP/R1B2B1R w kq - 0 11,b7c6
17,EulerE,rugburns12,449,405,r1b1k2r/p1p2ppp/2p2n2/8/4P3/2N5/PPP1BKPP/R1B4R b kq - 1 11,f1e2
17,EulerE,rugburns12,449,405,r1b1k2r/p1p2pp1/2p2n2/7p/4P3/2N5/PPP1BKPP/R1B4R w kq - 0 12,h7h5
17,EulerE,rugburns12,449,405,r1b1k2r/p1p2pp1/2p2n2/7p/4P3/2N5/PPP1B1PP/R1B1K2R b kq - 1 12,f2e1
17,EulerE,rugburns12,449,405,r1b1k3/p1p2pp1/2p2n1r/7p/4P3/2N5/PPP1B1PP/R1B1K2R w q - 2 13,h8h6
17,EulerE,rugburns12,449,405,r1b1k3/p1p2pp1/2p2n1r/7p/4P3/2N5/PPP1B1PP/R1B2K1R b q - 3 13,e1f1
17,EulerE,rugburns12,449,405,r1b1k3/2p2pp1/2p2n1r/p6p/4P3/2N5/PPP1B1PP/R1B2K1R w q - 0 14,a7a5
17,EulerE,rugburns12,449,405,r1b1k3/2p2pp1/2p2n1B/p6p/4P3/2N5/PPP1B1PP/R4K1R b q - 0 14,c1h6
17,EulerE,rugburns12,449,405,r1b1k3/2p2p2/2p2n1p/p6p/4P3/2N5/PPP1B1PP/R4K1R w q - 0 15,g7h6
17,EulerE,rugburns12,449,405,r1b1k3/2p2p2/2p2n1p/p3P2p/8/2N5/PPP1B1PP/R4K1R b q - 0 15,e4e5
17,EulerE,rugburns12,449,405,r1b1k3/2p2p2/2p4p/p2nP2p/8/2N5/PPP1B1PP/R4K1R w q - 1 16,f6d5
17,EulerE,rugburns12,449,405,r1b1k3/2p2p2/2p4p/p2nP2p/8/2N5/PPP1B1PP/3R1K1R b q - 2 16,a1d1
17,EulerE,rugburns12,449,405,1rb1k3/2p2p2/2p4p/p2nP2p/8/2N5/PPP1B1PP/3R1K1R w - - 3 17,a8b8
17,EulerE,rugburns12,449,405,1rb1k3/2p2p2/2p4p/p2nP2p/8/2N5/PPP1B1PP/1R3K1R b - - 4 17,d1b1
17,EulerE,rugburns12,449,405,1rb1k3/2p2p2/2p4p/3nP2p/p7/2N5/PPP1B1PP/1R3K1R w - - 0 18,a5a4
17,EulerE,rugburns12,449,405,1rb1k3/2p2p2/2p4p/3nP2p/N7/8/PPP1B1PP/1R3K1R b - - 0 18,c3a4
17,EulerE,rugburns12,449,405,2b1k3/2p2p2/2p4p/3nP2p/Nr6/8/PPP1B1PP/1R3K1R w - - 1 19,b8b4
17,EulerE,rugburns12,449,405,2b1k3/2p2p2/2p4p/3nP2p/1r6/2N5/PPP1B1PP/1R3K1R b - - 2 19,a4c3
17,EulerE,rugburns12,449,405,2b1k3/2p2p2/2p4p/4P2p/1r6/2n5/PPP1B1PP/1R3K1R w - - 0 20,d5c3
17,EulerE,rugburns12,449,405,2b1k3/2p2p2/2p4p/4P2p/1r6/2n5/PPP1B1PP/1R2K2R b - - 1 20,f1e1
17,EulerE,rugburns12,449,405,2b1k3/2p2p2/2p4p/4P2p/1r6/8/PPP1B1PP/1n2K2R w - - 0 21,c3b1
17,EulerE,rugburns12,449,405,2b1k3/2p2p2/2p4p/4P2p/1r6/8/PPP1B1PP/1n1K3R b - - 1 21,e1d1
17,EulerE,rugburns12,449,405,2b1k3/2p2p2/2p4p/4P2p/8/8/PrP1B1PP/1n1K3R w - - 0 22,b4b2
17,EulerE,rugburns12,449,405,2b1k3/2p2p2/2p4p/4P2p/8/8/PrP1B1PP/1n2K2R b - - 1 22,d1e1
17,EulerE,rugburns12,449,405,2b1k3/2p2p2/2p4p/4P2p/8/8/P1r1B1PP/1n2K2R w - - 0 23,b2c2
17,EulerE,rugburns12,449,405,2b1k3/2p2p2/2p4p/4P2p/8/8/P1r1B1PP/1n1K3R b - - 1 23,e1d1
17,EulerE,rugburns12,449,405,2b1k3/2p2p2/2p4p/4P2p/8/8/r3B1PP/1n1K3R w - - 0 24,c2a2
17,EulerE,rugburns12,449,405,2b1k3/2p2p2/2p4p/4P2p/8/8/r3B1PP/1nK4R b - - 1 24,d1c1
17,EulerE,rugburns12,449,405,2b1k3/2p2p2/2p4p/4P2p/8/2n5/r3B1PP/2K4R w - - 2 25,b1c3
17,EulerE,rugburns12,449,405,2b1k3/2p2p2/2p4p/4P2B/8/2n5/r5PP/2K4R b - - 0 25,e2h5
17,EulerE,rugburns12,449,405,2b1k3/2p2p2/2p4p/4P2B/8/8/r3n1PP/2K4R w - - 1 26,c3e2
17,EulerE,rugburns12,449,405,2b1k3/2p2p2/2p4p/4P2B/8/8/r3n1PP/1K5R b - - 2 26,c1b1
17,EulerE,rugburns12,449,405,2b1k3/2p2p2/2p4p/r3P2B/8/8/4n1PP/1K5R w - - 3 27,a2a5
17,EulerE,rugburns12,449,405,2b1k3/2p2p2/2p4p/r3P2B/8/8/4n1PP/1K2R3 b - - 4 27,h1e1
17,EulerE,rugburns12,449,405,2b1k3/2p2p2/2p4p/4r2B/8/8/4n1PP/1K2R3 w - - 0 28,a5e5
17,EulerE,rugburns12,449,405,2b1k3/2p2p2/2p4p/4r3/8/8/4B1PP/1K2R3 b - - 0 28,h5e2
17,EulerE,rugburns12,449,405,2b1k3/2p2p2/2p4p/6r1/8/8/4B1PP/1K2R3 w - - 1 29,e5g5
17,EulerE,rugburns12,449,405,2b1k3/2p2p2/2p4p/6r1/8/8/4B1PP/1K4R1 b - - 2 29,e1g1
17,EulerE,rugburns12,449,405,2b1k3/2p2p2/7p/2p3r1/8/8/4B1PP/1K4R1 w - - 0 30,c6c5
17,EulerE,rugburns12,449,405,2b1k3/2p2p2/7p/2p3r1/8/8/4B1PP/1KR5 b - - 1 30,g1c1
17,EulerE,rugburns12,449,405,4k3/2p2p2/7p/2p2br1/8/8/4B1PP/1KR5 w - - 2 31,c8f5
17,EulerE,rugburns12,449,405,4k3/2p2p2/7p/2p2br1/8/8/1K2B1PP/2R5 b - - 3 31,b1b2
17,EulerE,rugburns12,449,405,4k3/2p2p2/7p/2p3r1/4b3/8/1K2B1PP/2R5 w - - 4 32,f5e4
17,EulerE,rugburns12,449,405,4k3/2p2p2/7p/2p3r1/4b3/6P1/1K2B2P/2R5 b - - 0 32,g2g3
17,EulerE,rugburns12,449,405,4k3/2p2p2/8/2p3rp/4b3/6P1/1K2B2P/2R5 w - - 0 33,h6h5
17,EulerE,rugburns12,449,405,4k3/2p2p2/8/2p3rp/2R1b3/6P1/1K2B2P/8 b - - 1 33,c1c4
17,EulerE,rugburns12,449,405,4k3/5p2/2p5/2p3rp/2R1b3/6P1/1K2B2P/8 w - - 0 34,c7c6
17,EulerE,rugburns12,449,405,4k3/5p2/2p5/2p3rp/4R3/6P1/1K2B2P/8 b - - 0 34,c4e4
17,EulerE,rugburns12,449,405,8/3k1p2/2p5/2p3rp/4R3/6P1/1K2B2P/8 w - - 1 35,e8d7
17,EulerE,rugburns12,449,405,8/3k1p2/2p5/2p3rp/4R2P/6P1/1K2B3/8 b - - 0 35,h2h4
17,EulerE,rugburns12,449,405,8/3k1p2/2p5/2p4p/4R2P/6r1/1K2B3/8 w - - 0 36,g5g3
17,EulerE,rugburns12,449,405,8/3k1p2/2p5/2p4p/2R4P/6r1/1K2B3/8 b - - 1 36,e4c4
17,EulerE,rugburns12,449,405,8/5p2/2pk4/2p4p/2R4P/6r1/1K2B3/8 w - - 2 37,d7d6
17,EulerE,rugburns12,449,405,8/5p2/2pk4/2p4p/7P/2R3r1/1K2B3/8 b - - 3 37,c4c3
17,EulerE,rugburns12,449,405,8/5p2/2pk4/2p4p/7P/2R5/1K2B1r1/8 w - - 4 38,g3g2
17,EulerE,rugburns12,449,405,8/5p2/2pk4/2p4p/7P/8/1KR1B1r1/8 b - - 5 38,c3c2
17,EulerE,rugburns12,449,405,8/8/2pk4/2p2p1p/7P/8/1KR1B1r1/8 w - - 0 39,f7f5
17,EulerE,rugburns12,449,405,8/8/2pk4/2p2p1B/7P/8/1KR3r1/8 b - - 0 39,e2h5
17,EulerE,rugburns12,449,405,8/8/2pk4/2p2p1B/6rP/8/1KR5/8 w - - 1 40,g2g4
17,EulerE,rugburns12,449,405,8/8/2pk4/2p2p2/6BP/8/1KR5/8 b - - 0 40,h5g4
17,EulerE,rugburns12,449,405,8/8/2pk4/2p5/6pP/8/1KR5/8 w - - 0 41,f5g4
17,EulerE,rugburns12,449,405,8/8/2pk4/2p4P/6p1/8/1KR5/8 b - - 0 41,h4h5
17,EulerE,rugburns12,449,405,8/4k3/2p5/2p4P/6p1/8/1KR5/8 w - - 1 42,d6e7
17,EulerE,rugburns12,449,405,8/4k3/2p4P/2p5/6p1/8/1KR5/8 b - - 0 42,h5h6
17,EulerE,rugburns12,449,405,8/8/2pk3P/2p5/6p1/8/1KR5/8 w - - 1 43,e7d6
17,EulerE,rugburns12,449,405,8/7P/2pk4/2p5/6p1/8/1KR5/8 b - - 0 43,h6h7
17,EulerE,rugburns12,449,405,8/7P/2pk4/2p5/8/6p1/1KR5/8 w - - 0 44,g4g3
17,EulerE,rugburns12,449,405,7Q/8/2pk4/2p5/8/6p1/1KR5/8 b - - 0 44,h7h8q
17,EulerE,rugburns12,449,405,7Q/8/2pk4/2p5/8/8/1KR3p1/8 w - - 0 45,g3g2
17,EulerE,rugburns12,449,405,7Q/8/2pk4/2p5/8/8/1K4R1/8 b - - 0 45,c2g2
17,EulerE,rugburns12,449,405,7Q/8/2pk4/8/2p5/8/1K4R1/8 w - - 0 46,c5c4
17,EulerE,rugburns12,449,405,8/8/2pk4/7Q/2p5/8/1K4R1/8 b - - 1 46,h8h5
18,EulerE,Dankmemes7612,464,451,rnbqkbnr/pppppppp/8/8/4P3/8/PPPP1PPP/RNBQKBNR b KQkq - 0 1,e2e4
18,EulerE,Dankmemes7612,464,451,rnbqkbnr/pppp1ppp/8/4p3/4P3/8/PPPP1PPP/RNBQKBNR w KQkq - 0 2,e7e5
18,EulerE,Dankmemes7612,464,451,rnbqkbnr/pppp1ppp/8/4p3/4P3/3P4/PPP2PPP/RNBQKBNR b KQkq - 0 2,d2d3
18,EulerE,Dankmemes7612,464,451,rnbqkbnr/pppp2pp/5p2/4p3/4P3/3P4/PPP2PPP/RNBQKBNR w KQkq - 0 3,f7f6
18,EulerE,Dankmemes7612,464,451,rnbqkbnr/pppp2pp/5p2/4p3/4P3/3P1N2/PPP2PPP/RNBQKB1R b KQkq - 1 3,g1f3
18,EulerE,Dankmemes7612,464,451,rnbqkb1r/ppppn1pp/5p2/4p3/4P3/3P1N2/PPP2PPP/RNBQKB1R w KQkq - 2 4,g8e7
18,EulerE,Dankmemes7612,464,451,rnbqkb1r/ppppn1pp/5p2/4p3/4P3/2NP1N2/PPP2PPP/R1BQKB1R b KQkq - 3 4,b1c3
18,EulerE,Dankmemes7612,464,451,rnbqkb1r/pp1pn1pp/2p2p2/4p3/4P3/2NP1N2/PPP2PPP/R1BQKB1R w KQkq - 0 5,c7c6
18,EulerE,Dankmemes7612,464,451,rnbqkb1r/pp1pn1pp/2p2p2/4p3/1P2P3/2NP1N2/P1P2PPP/R1BQKB1R b KQkq - 0 5,b2b4
18,EulerE,Dankmemes7612,464,451,rnb1kb1r/pp1pn1pp/1qp2p2/4p3/1P2P3/2NP1N2/P1P2PPP/R1BQKB1R w KQkq - 1 6,d8b6
18,EulerE,Dankmemes7612,464,451,rnb1kb1r/pp1pn1pp/1qp2p2/4p3/1P2P3/2NP1N2/P1P2PPP/1RBQKB1R b Kkq - 2 6,a1b1
18,EulerE,Dankmemes7612,464,451,rnb1kb1r/pp1p2pp/1qp2pn1/4p3/1P2P3/2NP1N2/P1P2PPP/1RBQKB1R w Kkq - 3 7,e7g6
18,EulerE,Dankmemes7612,464,451,rnb1kb1r/pp1p2pp/1qp2pn1/4p3/1P2P3/2NP1N2/P1P1QPPP/1RB1KB1R b Kkq - 4 7,d1e2
18,EulerE,Dankmemes7612,464,451,r1b1kb1r/pp1p2pp/nqp2pn1/4p3/1P2P3/2NP1N2/P1P1QPPP/1RB1KB1R w Kkq - 5 8,b8a6
18,EulerE,Dankmemes7612,464,451,r1b1kb1r/pp1p2pp/nqp2pn1/4p3/1P2P3/P1NP1N2/2P1QPPP/1RB1KB1R b Kkq - 0 8,a2a3
18,EulerE,Dankmemes7612,464,451,r1b1kb1r/pp4pp/nqpp1pn1/4p3/1P2P3/P1NP1N2/2P1QPPP/1RB1KB1R w Kkq - 0 9,d7d6
18,EulerE,Dankmemes7612,464,451,r1b1kb1r/pp4pp/nqpp1pn1/4p3/1P2P1P1/P1NP1N2/2P1QP1P/1RB1KB1R b Kkq - 0 9,g2g4
18,EulerE,Dankmemes7612,464,451,r1b1kb1r/pp4pp/nqpp1p2/4p3/1P2PnP1/P1NP1N2/2P1QP1P/1RB1KB1R w Kkq - 1 10,g6f4
18,EulerE,Dankmemes7612,464,451,r1b1kb1r/pp4pp/nqpp1p2/4p3/1P2PnP1/P1NP1N2/2PQ1P1P/1RB1KB1R b Kkq - 2 10,e2d2
18,EulerE,Dankmemes7612,464,451,r3kb1r/pp4pp/nqpp1p2/4p3/1P2Pnb1/P1NP1N2/2PQ1P1P/1RB1KB1R w Kkq - 0 11,c8g4
18,EulerE,Dankmemes7612,464,451,r3kb1r/pp4pp/nqpp1p2/4p3/1P2Pnb1/P1NP1N2/2PQBP1P/1RB1K2R b Kkq - 1 11,f1e2
18,EulerE,Dankmemes7612,464,451,r3kb1r/pp4pp/nqpp1p2/4p3/1P2P1b1/P1NP1N2/2PQnP1P/1RB1K2R w Kkq - 0 12,f4e2
18,EulerE,Dankmemes7612,464,451,r3kb1r/pp4pp/nqpp1p2/4p3/1P2P1b1/P1NP1N2/2P1QP1P/1RB1K2R b Kkq - 0 12,d2e2
18,EulerE,Dankmemes7612,464,451,r3kb1r/pp4pp/nqpp1p2/4p3/1P2P3/P1NP1b2/2P1QP1P/1RB1K2R w Kkq - 0 13,g4f3
18,EulerE,Dankmemes7612,464,451,r3kb1r/pp4pp/nqpp1p2/4p3/1P2P3/P1NP1Q2/2P2P1P/1RB1K2R b Kkq - 0 13,e2f3
18,EulerE,Dankmemes7612,464,451,r3k2r/pp2b1pp/nqpp1p2/4p3/1P2P3/P1NP1Q2/2P2P1P/1RB1K2R w Kkq - 1 14,f8e7
18,EulerE,Dankmemes7612,464,451,r3k2r/pp2b1pp/nqpp1p2/4p3/1P2P3/P1NPBQ2/2P2P1P/1R2K2R b Kkq - 2 14,c1e3
18,EulerE,Dankmemes7612,464,451,2kr3r/pp2b1pp/nqpp1p2/4p3/1P2P3/P1NPBQ2/2P2P1P/1R2K2R w K - 3 15,e8c8
18,EulerE,Dankmemes7612,464,451,2kr3r/pp2b1pp/nBpp1p2/4p3/1P2P3/P1NP1Q2/2P2P1P/1R2K2R b K - 0 15,e3b6
18,EulerE,Dankmemes7612,464,451,2kr3r/1p2b1pp/nppp1p2/4p3/1P2P3/P1NP1Q2/2P2P1P/1R2K2R w K - 0 16,a7b6
19,JoseLuizobomnoxadr,EulerE,409,476,rnbqkbnr/pppppppp/8/8/4P3/8/PPPP1PPP/RNBQKBNR b KQkq - 0 1,e2e4
19,JoseLuizobomnoxadr,EulerE,409,476,rnbqkbnr/pppp1ppp/8/4p3/4P3/8/PPPP1PPP/RNBQKBNR w KQkq - 0 2,e7e5
19,JoseLuizobomnoxadr,EulerE,409,476,rnbqkbnr/pppp1ppp/8/4p3/4P3/5N2/PPPP1PPP/RNBQKB1R b KQkq - 1 2,g1f3
19,JoseLuizobomnoxadr,EulerE,409,476,rnbqkbnr/ppp2ppp/3p4/4p3/4P3/5N2/PPPP1PPP/RNBQKB1R w KQkq - 0 3,d7d6
19,JoseLuizobomnoxadr,EulerE,409,476,rnbqkbnr/ppp2ppp/3p4/4p3/3PP3/5N2/PPP2PPP/RNBQKB1R b KQkq - 0 3,d2d4
19,JoseLuizobomnoxadr,EulerE,409,476,rn1qkbnr/ppp2ppp/3p4/4p3/3PP1b1/5N2/PPP2PPP/RNBQKB1R w KQkq - 1 4,c8g4
19,JoseLuizobomnoxadr,EulerE,409,476,rn1qkbnr/ppp2ppp/3p4/4p3/3PP1b1/2N2N2/PPP2PPP/R1BQKB1R b KQkq - 2 4,b1c3
19,JoseLuizobomnoxadr,EulerE,409,476,r2qkbnr/ppp2ppp/2np4/4p3/3PP1b1/2N2N2/PPP2PPP/R1BQKB1R w KQkq - 3 5,b8c6
19,JoseLuizobomnoxadr,EulerE,409,476,r2qkbnr/ppp2ppp/2np4/4p3/3PP1b1/2NQ1N2/PPP2PPP/R1B1KB1R b KQkq - 4 5,d1d3
19,JoseLuizobomnoxadr,EulerE,409,476,r2qkbnr/ppp3pp/2np1p2/4p3/3PP1b1/2NQ1N2/PPP2PPP/R1B1KB1R w KQkq - 0 6,f7f6
19,JoseLuizobomnoxadr,EulerE,409,476,r2qkbnr/ppp3pp/2np1p2/4p3/3PP1b1/2NQBN2/PPP2PPP/R3KB1R b KQkq - 1 6,c1e3
19,JoseLuizobomnoxadr,EulerE,409,476,r2qkb1r/ppp3pp/2np1p1n/4p3/3PP1b1/2NQBN2/PPP2PPP/R3KB1R w KQkq - 2 7,g8h6
19,JoseLuizobomnoxadr,EulerE,409,476,r2qkb1r/ppp3pp/2np1p1n/4p3/3PP1b1/2NQBN2/PPP2PPP/2KR1B1R b kq - 3 7,e1c1
19,JoseLuizobomnoxadr,EulerE,409,476,r2qk2r/ppp1b1pp/2np1p1n/4p3/3PP1b1/2NQBN2/PPP2PPP/2KR1B1R w kq - 4 8,f8e7
19,JoseLuizobomnoxadr,EulerE,409,476,r2qk2r/ppp1b1pp/2np1p1n/1Q2p3/3PP1b1/2N1BN2/PPP2PPP/2KR1B1R b kq - 5 8,d3b5
19,JoseLuizobomnoxadr,EulerE,409,476,r2qk2r/ppp1b2p/2np1ppn/1Q2p3/3PP1b1/2N1BN2/PPP2PPP/2KR1B1R w kq - 0 9,g7g6
19,JoseLuizobomnoxadr,EulerE,409,476,r2qk2r/ppp1b2p/2np1ppn/1Q2P3/4P1b1/2N1BN2/PPP2PPP/2KR1B1R b kq - 0 9,d4e5
19,JoseLuizobomnoxadr,EulerE,409,476,r2qk2r/1pp1b2p/p1np1ppn/1Q2P3/4P1b1/2N1BN2/PPP2PPP/2KR1B1R w kq - 0 10,a7a6
19,JoseLuizobomnoxadr,EulerE,409,476,r2qk2r/1Qp1b2p/p1np1ppn/4P3/4P1b1/2N1BN2/PPP2PPP/2KR1B1R b kq - 0 10,b5b7
19,JoseLuizobomnoxadr,EulerE,409,476,1r1qk2r/1Qp1b2p/p1np1ppn/4P3/4P1b1/2N1BN2/PPP2PPP/2KR1B1R w k - 1 11,a8b8
19,JoseLuizobomnoxadr,EulerE,409,476,1r1qk2r/2p1b2p/p1Qp1ppn/4P3/4P1b1/2N1BN2/PPP2PPP/2KR1B1R b k - 0 11,b7c6
19,JoseLuizobomnoxadr,EulerE,409,476,1r1q1k1r/2p1b2p/p1Qp1ppn/4P3/4P1b1/2N1BN2/PPP2PPP/2KR1B1R w - - 1 12,e8f8
19,JoseLuizobomnoxadr,EulerE,409,476,1r1q1k1r/2p1b2p/Q2p1ppn/4P3/4P1b1/2N1BN2/PPP2PPP/2KR1B1R b - - 0 12,c6a6
19,JoseLuizobomnoxadr,EulerE,409,476,1r1qk2r/2p1b2p/Q2p1ppn/4P3/4P1b1/2N1BN2/PPP2PPP/2KR1B1R w - - 1 13,f8e8
19,JoseLuizobomnoxadr,EulerE,409,476,1r1qk2r/2p1b2p/Q2P1ppn/8/4P1b1/2N1BN2/PPP2PPP/2KR1B1R b - - 0 13,e5d6
19,JoseLuizobomnoxadr,EulerE,409,476,1r1qk2r/2p4p/Q2b1ppn/8/4P1b1/2N1BN2/PPP2PPP/2KR1B1R w - - 0 14,e7d6
19,JoseLuizobomnoxadr,EulerE,409,476,1r1qk2r/B1p4p/Q2b1ppn/8/4P1b1/2N2N2/PPP2PPP/2KR1B1R b - - 1 14,e3a7
19,JoseLuizobomnoxadr,EulerE,409,476,r2qk2r/B1p4p/Q2b1ppn/8/4P1b1/2N2N2/PPP2PPP/2KR1B1R w - - 2 15,b8a8
19,JoseLuizobomnoxadr,EulerE,409,476,r2qk2r/BQp4p/3b1ppn/8/4P1b1/2N2N2/PPP2PPP/2KR1B1R b - - 3 15,a6b7
19,JoseLuizobomnoxadr,EulerE,409,476,2rqk2r/BQp4p/3b1ppn/8/4P1b1/2N2N2/PPP2PPP/2KR1B1R w - - 4 16,a8c8
19,JoseLuizobomnoxadr,EulerE,409,476,2rqk2r/BQp4p/3b1ppn/8/4P1b1/2N2N2/PPP2PPP/2K1RB1R b - - 5 16,d1e1
19,JoseLuizobomnoxadr,EulerE,409,476,2rqk2r/BQp4p/5ppn/2b5/4P1b1/2N2N2/PPP2PPP/2K1RB1R w - - 6 17,d6c5
19,JoseLuizobomnoxadr,EulerE,409,476,2rqk2r/1Qp4p/5ppn/2B5/4P1b1/2N2N2/PPP2PPP/2K1RB1R b - - 0 17,a7c5
19,JoseLuizobomnoxadr,EulerE,409,476,1r1qk2r/1Qp4p/5ppn/2B5/4P1b1/2N2N2/PPP2PPP/2K1RB1R w - - 1 18,c8b8
19,JoseLuizobomnoxadr,EulerE,409,476,1r1qk2r/2p4p/5ppn/2B5/1Q2P1b1/2N2N2/PPP2PPP/2K1RB1R b - - 2 18,b7b4
19,JoseLuizobomnoxadr,EulerE,409,476,3qk2r/2p4p/5ppn/2B5/1r2P1b1/2N2N2/PPP2PPP/2K1RB1R w - - 0 19,b8b4
19,JoseLuizobomnoxadr,EulerE,409,476,3qk2r/2p4p/5ppn/8/1B2P1b1/2N2N2/PPP2PPP/2K1RB1R b - - 0 19,c5b4
19,JoseLuizobomnoxadr,EulerE,409,476,1q2k2r/2p4p/5ppn/8/1B2P1b1/2N2N2/PPP2PPP/2K1RB1R w - - 1 20,d8b8
19,JoseLuizobomnoxadr,EulerE,409,476,1q2k2r/2p4p/5ppn/1B6/1B2P1b1/2N2N2/PPP2PPP/2K1R2R b - - 2 20,f1b5
19,JoseLuizobomnoxadr,EulerE,409,476,1q1k3r/2p4p/5ppn/1B6/1B2P1b1/2N2N2/PPP2PPP/2K1R2R w - - 3 21,e8d8
19,JoseLuizobomnoxadr,EulerE,409,476,1q1k3r/2p4p/5ppn/1B6/1B2P1b1/2N2N2/PPP2PPP/2KR3R b - - 4 21,e1d1
19,JoseLuizobomnoxadr,EulerE,409,476,1qk4r/2p4p/5ppn/1B6/1B2P1b1/2N2N2/PPP2PPP/2KR3R w - - 5 22,d8c8
19,JoseLuizobomnoxadr,EulerE,409,476,1qk4r/2p1B2p/5ppn/1B6/4P1b1/2N2N2/PPP2PPP/2KR3R b - - 6 22,b4e7
19,JoseLuizobomnoxadr,EulerE,409,476,q1k4r/2p1B2p/5ppn/1B6/4P1b1/2N2N2/PPP2PPP/2KR3R w - - 7 23,b8a8
19,JoseLuizobomnoxadr,EulerE,409,476,q1k4r/2p1B2p/5ppn/1B6/4P1b1/2N2N1P/PPP2PP1/2KR3R b - - 0 23,h2h3
19,JoseLuizobomnoxadr,EulerE,409,476,q1k4r/2p1B2p/4bppn/1B6/4P3/2N2N1P/PPP2PP1/2KR3R w - - 1 24,g4e6
19,JoseLuizobomnoxadr,EulerE,409,476,q1k4r/2p4p/4bBpn/1B6/4P3/2N2N1P/PPP2PP1/2KR3R b - - 0 24,e7f6
19,JoseLuizobomnoxadr,EulerE,409,476,2k4r/q1p4p/4bBpn/1B6/4P3/2N2N1P/PPP2PP1/2KR3R w - - 1 25,a8a7
19,JoseLuizobomnoxadr,EulerE,409,476,2k4r/q1p4p/4b1pn/1B6/3BP3/2N2N1P/PPP2PP1/2KR3R b - - 2 25,f6d4
19,JoseLuizobomnoxadr,EulerE,409,476,2k4r/1qp4p/4b1pn/1B6/3BP3/2N2N1P/PPP2PP1/2KR3R w - - 3 26,a7b7
19,JoseLuizobomnoxadr,EulerE,409,476,2k4B/1qp4p/4b1pn/1B6/4P3/2N2N1P/PPP2PP1/2KR3R b - - 0 26,d4h8
19,JoseLuizobomnoxadr,EulerE,409,476,2k4B/1q5p/2p1b1pn/1B6/4P3/2N2N1P/PPP2PP1/2KR3R w - - 0 27,c7c6
19,JoseLuizobomnoxadr,EulerE,409,476,2k4B/1q5p/2p1b1pn/1B6/3NP3/2N4P/PPP2PP1/2KR3R b - - 1 27,f3d4
19,JoseLuizobomnoxadr,EulerE,409,476,2k4B/1q5p/4b1pn/1p6/3NP3/2N4P/PPP2PP1/2KR3R w - - 0 28,c6b5
19,JoseLuizobomnoxadr,EulerE,409,476,2k4B/1q5p/4N1pn/1p6/4P3/2N4P/PPP2PP1/2KR3R b - - 0 28,d4e6
19,JoseLuizobomnoxadr,EulerE,409,476,2k4B/1q5p/4N1pn/8/1p2P3/2N4P/PPP2PP1/2KR3R w - - 0 29,b5b4
19,JoseLuizobomnoxadr,EulerE,409,476,2k4B/1q5p/4N1pn/3N4/1p2P3/7P/PPP2PP1/2KR3R b - - 1 29,c3d5
19,JoseLuizobomnoxadr,EulerE,409,476,2k4B/7p/4N1pn/1q1N4/1p2P3/7P/PPP2PP1/2KR3R w - - 2 30,b7b5
19,JoseLuizobomnoxadr,EulerE,409,476,2k4B/7p/4N1pn/1q1N4/1p2PP2/7P/PPP3P1/2KR3R b - - 0 30,f2f4
19,JoseLuizobomnoxadr,EulerE,409,476,2k4B/7p/4N2n/1q1N2p1/1p2PP2/7P/PPP3P1/2KR3R w - - 0 31,g6g5
19,JoseLuizobomnoxadr,EulerE,409,476,2k4B/7p/4N2n/1q1N2P1/1p2P3/7P/PPP3P1/2KR3R b - - 0 31,f4g5
19,JoseLuizobomnoxadr,EulerE,409,476,2k3nB/7p/4N3/1q1N2P1/1p2P3/7P/PPP3P1/2KR3R w - - 1 32,h6g8
19,JoseLuizobomnoxadr,EulerE,409,476,2k3nB/7p/4N1P1/1q1N4/1p2P3/7P/PPP3P1/2KR3R b - - 0 32,g5g6
19,JoseLuizobomnoxadr,EulerE,409,476,2k3nB/8/4N1p1/1q1N4/1p2P3/7P/PPP3P1/2KR3R w - - 0 33,h7g6
19,JoseLuizobomnoxadr,EulerE,409,476,2k3nB/8/4N1p1/1q1N4/1p2P3/7P/PPP3P1/2KR1R2 b - - 1 33,h1f1
19,JoseLuizobomnoxadr,EulerE,409,476,2k3nB/8/1q2N1p1/3N4/1p2P3/7P/PPP3P1/2KR1R2 w - - 2 34,b5b6
19,JoseLuizobomnoxadr,EulerE,409,476,2k2RnB/8/1q2N1p1/3N4/1p2P3/7P/PPP3P1/2KR4 b - - 3 34,f1f8
19,JoseLuizobomnoxadr,EulerE,409,476,5RnB/1k6/1q2N1p1/3N4/1p2P3/7P/PPP3P1/2KR4 w - - 4 35,c8b7
19,JoseLuizobomnoxadr,EulerE,409,476,6RB/1k6/1q2N1p1/3N4/1p2P3/7P/PPP3P1/2KR4 b - - 0 35,f8g8
19,JoseLuizobomnoxadr,EulerE,409,476,6RB/1k6/4q1p1/3N4/1p2P3/7P/PPP3P1/2KR4 w - - 0 36,b6e6
19,JoseLuizobomnoxadr,EulerE,409,476,6RB/1k6/4q1p1/8/1N2P3/7P/PPP3P1/2KR4 b - - 0 36,d5b4
19,JoseLuizobomnoxadr,EulerE,409,476,6RB/1k6/6p1/8/1N2P3/7P/qPP3P1/2KR4 w - - 0 37,e6a2
20,Shakib35,EulerE,448,489,rnbqkbnr/pppppppp/8/8/4P3/8/PPPP1PPP/RNBQKBNR b KQkq - 0 1,e2e4
20,Shakib35,EulerE,448,489,rnbqkbnr/pppp1ppp/8/4p3/4P3/8/PPPP1PPP/RNBQKBNR w KQkq - 0 2,e7e5
20,Shakib35,EulerE,448,489,rnbqkbnr/pppp1ppp/8/4p3/4P3/2N5/PPPP1PPP/R1BQKBNR b KQkq - 1 2,b1c3
20,Shakib35,EulerE,448,489,rnbqkbnr/ppp2ppp/3p4/4p3/4P3/2N5/PPPP1PPP/R1BQKBNR w KQkq - 0 3,d7d6
20,Shakib35,EulerE,448,489,rnbqkbnr/ppp2ppp/3p4/4p3/4P3/2N2N2/PPPP1PPP/R1BQKB1R b KQkq - 1 3,g1f3
20,Shakib35,EulerE,448,489,rnbqkb1r/ppp2ppp/3p1n2/4p3/4P3/2N2N2/PPPP1PPP/R1BQKB1R w KQkq - 2 4,g8f6
20,Shakib35,EulerE,448,489,rnbqkb1r/ppp2ppp/3p1n2/1B2p3/4P3/2N2N2/PPPP1PPP/R1BQK2R b KQkq - 3 4,f1b5
20,Shakib35,EulerE,448,489,rnbq1b1r/ppp1kppp/3p1n2/1B2p3/4P3/2N2N2/PPPP1PPP/R1BQK2R w KQ - 4 5,e8e7
20,Shakib35,EulerE,448,489,rnbq1b1r/ppp1kppp/3p1n2/1B2p3/3PP3/2N2N2/PPP2PPP/R1BQK2R b KQ - 0 5,d2d4
20,Shakib35,EulerE,448,489,r1bq1b1r/pppnkppp/3p1n2/1B2p3/3PP3/2N2N2/PPP2PPP/R1BQK2R w KQ - 1 6,b8d7
20,Shakib35,EulerE,448,489,r1bq1b1r/pppnkppp/3p1n2/1B2P3/4P3/2N2N2/PPP2PPP/R1BQK2R b KQ - 0 6,d4e5
20,Shakib35,EulerE,448,489,r1bq1b1r/pppnkppp/5n2/1B2p3/4P3/2N2N2/PPP2PPP/R1BQK2R w KQ - 0 7,d6e5
20,Shakib35,EulerE,448,489,r1bq1b1r/pppnkppp/5n2/1B2p1B1/4P3/2N2N2/PPP2PPP/R2QK2R b KQ - 1 7,c1g5
20,Shakib35,EulerE,448,489,r1bq1b1r/pp1nkppp/2p2n2/1B2p1B1/4P3/2N2N2/PPP2PPP/R2QK2R w KQ - 0 8,c7c6
20,Shakib35,EulerE,448,489,r1bq1b1r/pp1nkppp/2p2n2/4p1B1/B3P3/2N2N2/PPP2PPP/R2QK2R b KQ - 1 8,b5a4
20,Shakib35,EulerE,448,489,r1b2b1r/ppqnkppp/2p2n2/4p1B1/B3P3/2N2N2/PPP2PPP/R2QK2R w KQ - 2 9,d8c7
20,Shakib35,EulerE,448,489,r1b2b1r/ppqnkppp/2p2n2/4p3/B3P3/2N1BN2/PPP2PPP/R2QK2R b KQ - 3 9,g5e3
20,Shakib35,EulerE,448,489,r1b2b1r/ppqnkp1p/2p2np1/4p3/B3P3/2N1BN2/PPP2PPP/R2QK2R w KQ - 0 10,g7g6
20,Shakib35,EulerE,448,489,r1b2b1r/ppqnkp1p/2p2np1/3Np3/B3P3/4BN2/PPP2PPP/R2QK2R b KQ - 1 10,c3d5
20,Shakib35,EulerE,448,489,r1b2b1r/ppqnkp1p/2p3p1/3np3/B3P3/4BN2/PPP2PPP/R2QK2R w KQ - 0 11,f6d5
20,Shakib35,EulerE,448,489,r1b2b1r/ppqnkp1p/2p3p1/3Pp3/B7/4BN2/PPP2PPP/R2QK2R b KQ - 0 11,e4d5
20,Shakib35,EulerE,448,489,r1b2b1r/ppqnkp1p/6p1/3pp3/B7/4BN2/PPP2PPP/R2QK2R w KQ - 0 12,c6d5
20,Shakib35,EulerE,448,489,r1b2b1r/ppqnkp1p/6p1/3pp1B1/B7/5N2/PPP2PPP/R2QK2R b KQ - 1 12,e3g5
20,Shakib35,EulerE,448,489,r1b2b1r/ppqnk2p/5pp1/3pp1B1/B7/5N2/PPP2PPP/R2QK2R w KQ - 0 13,f7f6
20,Shakib35,EulerE,448,489,r1b2b1r/ppqnk2p/5pp1/3pp3/B6B/5N2/PPP2PPP/R2QK2R b KQ - 1 13,g5h4
20,Shakib35,EulerE,448,489,r1b2b1r/pp1nk2p/3q1pp1/3pp3/B6B/5N2/PPP2PPP/R2QK2R w KQ - 2 14,c7d6
20,Shakib35,EulerE,448,489,r1b2b1r/pp1nk2p/3q1pp1/3pp3/B7/5NB1/PPP2PPP/R2QK2R b KQ - 3 14,h4g3
20,Shakib35,EulerE,448,489,r1b2b1r/pp1nk2p/5pp1/3pp3/Bq6/5NB1/PPP2PPP/R2QK2R w KQ - 4 15,d6b4
20,Shakib35,EulerE,448,489,r1b2b1r/pp1nk2p/5pp1/3pp3/Bq6/2P2NB1/PP3PPP/R2QK2R b KQ - 0 15,c2c3
20,Shakib35,EulerE,448,489,r1b2b1r/pp1nk2p/3q1pp1/3pp3/B7/2P2NB1/PP3PPP/R2QK2R w KQ - 1 16,b4d6
20,Shakib35,EulerE,448,489,r1b2b1r/pp1nk2p/3q1pp1/3pp3/B7/2P2NB1/PP3PPP/R2Q1RK1 b - - 2 16,e1g1
20,Shakib35,EulerE,448,489,r1b4r/pp1nk2p/3q1ppb/3pp3/B7/2P2NB1/PP3PPP/R2Q1RK1 w - - 3 17,f8h6
20,Shakib35,EulerE,448,489,r1b4r/pp1nk2p/3q1ppb/3pN3/B7/2P3B1/PP3PPP/R2Q1RK1 b - - 0 17,f3e5
20,Shakib35,EulerE,448,489,r1b4r/pp1nk2p/3q2pb/3pp3/B7/2P3B1/PP3PPP/R2Q1RK1 w - - 0 18,f6e5
20,Shakib35,EulerE,448,489,r1b4r/pp1nk2p/3q2pb/3pp3/B1P5/6B1/PP3PPP/R2Q1RK1 b - - 0 18,c3c4
20,Shakib35,EulerE,448,489,r1b4r/pp1nk2p/3q2pb/4p3/B1p5/6B1/PP3PPP/R2Q1RK1 w - - 0 19,d5c4
20,Shakib35,EulerE,448,489,r1b4r/pp1nk2p/3q2pb/4p3/B1p5/6B1/PP3PPP/R1Q2RK1 b - - 1 19,d1c1
20,Shakib35,EulerE,448,489,r1b4r/pp2k2p/3q2pb/2n1p3/B1p5/6B1/PP3PPP/R1Q2RK1 w - - 2 20,d7c5
20,Shakib35,EulerE,448,489,r1b4r/pp2k2p/3q2pb/2n1p3/2p5/6B1/PP3PPP/R1QB1RK1 b - - 3 20,a4d1
20,Shakib35,EulerE,448,489,r1b4r/pp2k2p/3q2p1/2n1p3/2p5/6B1/PP3PPP/R1bB1RK1 w - - 0 21,h6c1
20,Shakib35,EulerE,448,489,r1b4r/pp2k2p/3q2p1/2n1p3/2p5/6B1/PP3PPP/2RB1RK1 b - - 0 21,a1c1
20,Shakib35,EulerE,448,489,r1b2r2/pp2k2p/3q2p1/2n1p3/2p5/6B1/PP3PPP/2RB1RK1 w - - 1 22,h8f8
20,Shakib35,EulerE,448,489,r1b2r2/pp2k2p/3q2p1/2n1p3/2R5/6B1/PP3PPP/3B1RK1 b - - 0 22,c1c4
20,Shakib35,EulerE,448,489,r4r2/pp2k2p/3qb1p1/2n1p3/2R5/6B1/PP3PPP/3B1RK1 w - - 1 23,c8e6
20,Shakib35,EulerE,448,489,r4r2/pp2k2p/3qb1p1/2n1p3/2R4B/8/PP3PPP/3B1RK1 b - - 2 23,g3h4
20,Shakib35,EulerE,448,489,r4r2/pp1k3p/3qb1p1/2n1p3/2R4B/8/PP3PPP/3B1RK1 w - - 3 24,e7d7
20,Shakib35,EulerE,448,489,r4r2/pp1k3p/3qb1p1/2n1p3/6RB/8/PP3PPP/3B1RK1 b - - 4 24,c4g4
20,Shakib35,EulerE,448,489,r4r2/pp1k3p/3q2p1/2n1p3/6bB/8/PP3PPP/3B1RK1 w - - 0 25,e6g4
20,Shakib35,EulerE,448,489,r4r2/pp1k3p/3q2p1/2n1p3/6BB/8/PP3PPP/5RK1 b - - 0 25,d1g4
20,Shakib35,EulerE,448,489,r4r2/ppk4p/3q2p1/2n1p3/6BB/8/PP3PPP/5RK1 w - - 1 26,d7c7
20,Shakib35,EulerE,448,489,r4r2/ppk4p/3q2p1/2n1p3/6BB/8/PP3PPP/3R2K1 b - - 2 26,f1d1
20,Shakib35,EulerE,448,489,r4r2/ppk4p/6p1/2n1p3/6BB/8/PP3PPP/3q2K1 w - - 0 27,d6d1
20,Shakib35,EulerE,448,489,r4r2/ppk4p/6p1/2n1p3/7B/8/PP3PPP/3B2K1 b - - 0 27,g4d1
20,Shakib35,EulerE,448,489,r4r2/ppk4p/4n1p1/4p3/7B/8/PP3PPP/3B2K1 w - - 1 28,c5e6
20,Shakib35,EulerE,448,489,r4r2/ppk4p/4n1p1/4p3/8/6B1/PP3PPP/3B2K1 b - - 2 28,h4g3
20,Shakib35,EulerE,448,489,r2k1r2/pp5p/4n1p1/4p3/8/6B1/PP3PPP/3B2K1 w - - 3 29,c7d8
20,Shakib35,EulerE,448,489,r2k1r2/pp5p/4n1p1/4p3/7B/8/PP3PPP/3B2K1 b - - 4 29,g3h4
20,Shakib35,EulerE,448,489,r4r2/ppk4p/4n1p1/4p3/7B/8/PP3PPP/3B2K1 w - - 5 30,d8c7
20,Shakib35,EulerE,448,489,r4r2/ppk4p/4n1p1/4p3/7B/1B6/PP3PPP/6K1 b - - 6 30,d1b3
20,Shakib35,EulerE,448,489,3r1r2/ppk4p/4n1p1/4p3/7B/1B6/PP3PPP/6K1 w - - 7 31,a8d8
20,Shakib35,EulerE,448,489,3r1r2/ppk4p/4B1p1/4p3/7B/8/PP3PPP/6K1 b - - 0 31,b3e6
20,Shakib35,EulerE,448,489,3r1r2/pp5p/3kB1p1/4p3/7B/8/PP3PPP/6K1 w - - 1 32,c7d6
20,Shakib35,EulerE,448,489,3r1r2/pp5p/3k2p1/4p3/7B/1B6/PP3PPP/6K1 b - - 2 32,e6b3
20,Shakib35,EulerE,448,489,3r4/pp5p/3k2p1/4p3/5r1B/1B6/PP3PPP/6K1 w - - 3 33,f8f4
20,Shakib35,EulerE,448,489,3r4/pp5p/3k2p1/4p3/5r1B/1B4P1/PP3P1P/6K1 b - - 0 33,g2g3
20,Shakib35,EulerE,448,489,3r4/pp5p/3k2p1/4p3/1r5B/1B4P1/PP3P1P/6K1 w - - 1 34,f4b4
20,Shakib35,EulerE,448,489,3r4/pp5p/3k2p1/4p3/1r5B/6P1/PPB2P1P/6K1 b - - 2 34,b3c2
20,Shakib35,EulerE,448,489,3r4/pp5p/3k2p1/4p3/7r/6P1/PPB2P1P/6K1 w - - 0 35,b4h4
20,Shakib35,EulerE,448,489,3r4/pp5p/3k2p1/4p3/7P/8/PPB2P1P/6K1 b - - 0 35,g3h4
20,Shakib35,EulerE,448,489,2r5/pp5p/3k2p1/4p3/7P/8/PPB2P1P/6K1 w - - 1 36,d8c8
20,Shakib35,EulerE,448,489,2r5/pp5p/3k2p1/4p3/4B2P/8/PP3P1P/6K1 b - - 2 36,c2e4
20,Shakib35,EulerE,448,489,8/pp5p/3k2p1/2r1p3/4B2P/8/PP3P1P/6K1 w - - 3 37,c8c5
20,Shakib35,EulerE,448,489,8/pB5p/3k2p1/2r1p3/7P/8/PP3P1P/6K1 b - - 0 37,e4b7
20,Shakib35,EulerE,448,489,8/pB5p/3k2p1/4p3/2r4P/8/PP3P1P/6K1 w - - 1 38,c5c4
20,Shakib35,EulerE,448,489,8/pB5p/3k2p1/4p3/2r4P/1P6/P4P1P/6K1 b - - 0 38,b2b3
20,Shakib35,EulerE,448,489,8/pB5p/3k2p1/4p3/7P/1Pr5/P4P1P/6K1 w - - 1 39,c4c3
20,Shakib35,EulerE,448,489,8/p6p/3k2p1/4p3/4B2P/1Pr5/P4P1P/6K1 b - - 2 39,b7e4
20,Shakib35,EulerE,448,489,8/p6p/6p1/2k1p3/4B2P/1Pr5/P4P1P/6K1 w - - 3 40,d6c5
20,Shakib35,EulerE,448,489,8/p6p/6p1/2k1p3/1P2B2P/2r5/P4P1P/6K1 b - - 0 40,b3b4
20,Shakib35,EulerE,448,489,8/p6p/6p1/4p3/1P1kB2P/2r5/P4P1P/6K1 w - - 1 41,c5d4
20,Shakib35,EulerE,448,489,8/pB5p/6p1/4p3/1P1k3P/2r5/P4P1P/6K1 b - - 2 41,e4b7
20,Shakib35,EulerE,448,489,8/pB5p/6p1/8/1P1kp2P/2r5/P4P1P/6K1 w - - 0 42,e5e4
20,Shakib35,EulerE,448,489,8/pB5p/6p1/1P6/3kp2P/2r5/P4P1P/6K1 b - - 0 42,b4b5
20,Shakib35,EulerE,448,489,8/pB5p/6p1/1P6/4p2P/2rk4/P4P1P/6K1 w - - 1 43,d4d3
20,Shakib35,EulerE,448,489,8/pB5p/6p1/1P6/P3p2P/2rk4/5P1P/6K1 b - - 0 43,a2a4
20,Shakib35,EulerE,448,489,8/pB5p/6p1/1P6/P1r1p2P/3k4/5P1P/6K1 w - - 1 44,c3c4
20,Shakib35,EulerE,448,489,8/pB5p/6p1/PP6/2r1p2P/3k4/5P1P/6K1 b - - 0 44,a4a5
20,Shakib35,EulerE,448,489,8/pBr4p/6p1/PP6/4p2P/3k4/5P1P/6K1 w - - 1 45,c4c7
20,Shakib35,EulerE,448,489,8/p1r4p/6p1/PP1B4/4p2P/3k4/5P1P/6K1 b - - 2 45,b7d5
20,Shakib35,EulerE,448,489,8/p1r4p/6p1/PP1B4/4p2P/8/3k1P1P/6K1 w - - 3 46,d3d2
20,Shakib35,EulerE,448,489,8/p1r4p/6p1/PP6/4B2P/8/3k1P1P/6K1 b - - 0 46,d5e4
20,Shakib35,EulerE,448,489,8/p1r4p/6p1/PP6/4B2P/8/4kP1P/6K1 w - - 1 47,d2e2
20,Shakib35,EulerE,448,489,8/p1r4p/1P4p1/P7/4B2P/8/4kP1P/6K1 b - - 0 47,b5b6
20,Shakib35,EulerE,448,489,8/2r4p/1p4p1/P7/4B2P/8/4kP1P/6K1 w - - 0 48,a7b6
20,Shakib35,EulerE,448,489,8/2r4p/1P4p1/8/4B2P/8/4kP1P/6K1 b - - 0 48,a5b6
20,Shakib35,EulerE,448,489,2r5/7p/1P4p1/8/4B2P/8/4kP1P/6K1 w - - 1 49,c7c8
20,Shakib35,EulerE,448,489,2r5/7p/1P4p1/8/4BP1P/8/4k2P/6K1 b - - 0 49,f2f4
20,Shakib35,EulerE,448,489,1r6/7p/1P4p1/8/4BP1P/8/4k2P/6K1 w - - 1 50,c8b8
20,Shakib35,EulerE,448,489,1r6/1P5p/6p1/8/4BP1P/8/4k2P/6K1 b - - 0 50,b6b7
20,Shakib35,EulerE,448,489,3r4/1P5p/6p1/8/4BP1P/8/4k2P/6K1 w - - 1 51,b8d8
20,Shakib35,EulerE,448,489,3r4/1P5p/6p1/7P/4BP2/8/4k2P/6K1 b - - 0 51,h4h5
20,Shakib35,EulerE,448,489,3r4/1P5p/8/7p/4BP2/8/4k2P/6K1 w - - 0 52,g6h5
20,Shakib35,EulerE,448,489,3r4/1P5B/8/7p/5P2/8/4k2P/6K1 b - - 0 52,e4h7
20,Shakib35,EulerE,448,489,3r4/1P5B/8/7p/5P2/4k3/7P/6K1 w - - 1 53,e2e3
20,Shakib35,EulerE,448,489,3r4/1P5B/8/5P1p/8/4k3/7P/6K1 b - - 0 53,f4f5
20,Shakib35,EulerE,448,489,3r4/1P5B/8/5P1p/4k3/8/7P/6K1 w - - 1 54,e3e4
20,Shakib35,EulerE,448,489,3r4/1P5B/5P2/7p/4k3/8/7P/6K1 b - - 0 54,f5f6
20,Shakib35,EulerE,448,489,3r4/1P5B/5P2/4k2p/8/8/7P/6K1 w - - 1 55,e4e5
20,Shakib35,EulerE,448,489,3r4/1P3P1B/8/4k2p/8/8/7P/6K1 b - - 0 55,f6f7
20,Shakib35,EulerE,448,489,3r4/1P3P1B/4k3/7p/8/8/7P/6K1 w - - 1 56,e5e6
20,Shakib35,EulerE,448,489,3r1Q2/1P5B/4k3/7p/8/8/7P/6K1 b - - 0 56,f7f8q
20,Shakib35,EulerE,448,489,5r2/1P5B/4k3/7p/8/8/7P/6K1 w - - 0 57,d8f8
20,Shakib35,EulerE,448,489,5r2/1P6/4k3/7p/4B3/8/7P/6K1 b - - 1 57,h7e4
20,Shakib35,EulerE,448,489,5r2/1P6/8/4k2p/4B3/8/7P/6K1 w - - 2 58,e6e5
20,Shakib35,EulerE,448,489,5r2/1P6/8/4k2p/8/5B2/7P/6K1 b - - 3 58,e4f3
20,Shakib35,EulerE,448,489,5r2/1P6/8/4k3/7p/5B2/7P/6K1 w - - 0 59,h5h4
20,Shakib35,EulerE,448,489,5r2/1P6/8/4k3/7p/5B1P/8/6K1 b - - 0 59,h2h3
20,Shakib35,EulerE,448,489,5r2/1P6/8/8/5k1p/5B1P/8/6K1 w - - 1 60,e5f4
20,Shakib35,EulerE,448,489,5r2/1P6/8/3B4/5k1p/7P/8/6K1 b - - 2 60,f3d5
20,Shakib35,EulerE,448,489,5r2/1P6/8/3B4/7p/6kP/8/6K1 w - - 3 61,f4g3
20,Shakib35,EulerE,448,489,5r2/1P6/4B3/8/7p/6kP/8/6K1 b - - 4 61,d5e6
20,Shakib35,EulerE,448,489,5r2/1P6/4B3/8/5k1p/7P/8/6K1 w - - 5 62,g3f4
20,Shakib35,EulerE,448,489,5r2/1P6/8/3B4/5k1p/7P/8/6K1 b - - 6 62,e6d5
20,Shakib35,EulerE,448,489,5r2/1P6/8/3B2k1/7p/7P/8/6K1 w - - 7 63,f4g5
20,Shakib35,EulerE,448,489,5r2/1P6/8/6k1/4B2p/7P/8/6K1 b - - 8 63,d5e4
20,Shakib35,EulerE,448,489,5r2/1P6/5k2/8/4B2p/7P/8/6K1 w - - 9 64,g5f6
20,Shakib35,EulerE,448,489,5r2/1P5B/5k2/8/7p/7P/8/6K1 b - - 10 64,e4h7
20,Shakib35,EulerE,448,489,5r2/1P5B/8/6k1/7p/7P/8/6K1 w - - 11 65,f6g5
20,Shakib35,EulerE,448,489,5r2/1P6/8/6k1/4B2p/7P/8/6K1 b - - 12 65,h7e4
20,Shakib35,EulerE,448,489,5r2/1P6/5k2/8/4B2p/7P/8/6K1 w - - 13 66,g5f6
20,Shakib35,EulerE,448,489,5r2/1P6/2B2k2/8/7p/7P/8/6K1 b - - 14 66,e4c6
20,Shakib35,EulerE,448,489,5r2/1P6/2B5/6k1/7p/7P/8/6K1 w - - 15 67,f6g5
21,EulerE,namreged,501,462,rnbqkbnr/pppppppp/8/8/3P4/8/PPP1PPPP/RNBQKBNR b KQkq - 0 1,d2d4
21,EulerE,namreged,501,462,rnbqkbnr/ppppp1pp/8/5p2/3P4/8/PPP1PPPP/RNBQKBNR w KQkq - 0 2,f7f5
21,EulerE,namreged,501,462,rnbqkbnr/ppppp1pp/8/5p2/3P4/5N2/PPP1PPPP/RNBQKB1R b KQkq - 1 2,g1f3
21,EulerE,namreged,501,462,rnbqkb1r/ppppp1pp/5n2/5p2/3P4/5N2/PPP1PPPP/RNBQKB1R w KQkq - 2 3,g8f6
21,EulerE,namreged,501,462,rnbqkb1r/ppppp1pp/5n2/5p2/3P4/4PN2/PPP2PPP/RNBQKB1R b KQkq - 0 3,e2e3
21,EulerE,namreged,501,462,rnbqkb1r/p1ppp1pp/1p3n2/5p2/3P4/4PN2/PPP2PPP/RNBQKB1R w KQkq - 0 4,b7b6
21,EulerE,namreged,501,462,rnbqkb1r/p1ppp1pp/1p3n2/5p2/3P4/2N1PN2/PPP2PPP/R1BQKB1R b KQkq - 1 4,b1c3
21,EulerE,namreged,501,462,rn1qkb1r/pbppp1pp/1p3n2/5p2/3P4/2N1PN2/PPP2PPP/R1BQKB1R w KQkq - 2 5,c8b7
21,EulerE,namreged,501,462,rn1qkb1r/pbppp1pp/1p3n2/5p2/3P4/2N1PN2/PPPB1PPP/R2QKB1R b KQkq - 3 5,c1d2
21,EulerE,namreged,501,462,rn1qkb1r/pbp1p1pp/1p1p1n2/5p2/3P4/2N1PN2/PPPB1PPP/R2QKB1R w KQkq - 0 6,d7d6
21,EulerE,namreged,501,462,rn1qkb1r/pbp1p1pp/1p1p1n2/5p2/3P4/2NBPN2/PPPB1PPP/R2QK2R b KQkq - 1 6,f1d3
21,EulerE,namreged,501,462,r2qkb1r/pbpnp1pp/1p1p1n2/5p2/3P4/2NBPN2/PPPB1PPP/R2QK2R w KQkq - 2 7,b8d7
21,EulerE,namreged,501,462,r2qkb1r/pbpnp1pp/1p1p1n2/5B2/3P4/2N1PN2/PPPB1PPP/R2QK2R b KQkq - 0 7,d3f5
21,EulerE,namreged,501,462,r2qkb1r/pbpn2pp/1p1ppn2/5B2/3P4/2N1PN2/PPPB1PPP/R2QK2R w KQkq - 0 8,e7e6
21,EulerE,namreged,501,462,r2qkb1r/pbpn2pp/1p1pBn2/8/3P4/2N1PN2/PPPB1PPP/R2QK2R b KQkq - 0 8,f5e6
22,boise_native,EulerE,456,499,rnbqkbnr/pppppppp/8/8/8/4P3/PPPP1PPP/RNBQKBNR b KQkq - 0 1,e2e3
22,boise_native,EulerE,456,499,rnbqkbnr/pppp1ppp/8/4p3/8/4P3/PPPP1PPP/RNBQKBNR w KQkq - 0 2,e7e5
22,boise_native,EulerE,456,499,rnbqkbnr/pppp1ppp/8/4p3/2B5/4P3/PPPP1PPP/RNBQK1NR b KQkq - 1 2,f1c4
22,boise_native,EulerE,456,499,rnbqkbnr/ppp2ppp/3p4/4p3/2B5/4P3/PPPP1PPP/RNBQK1NR w KQkq - 0 3,d7d6
22,boise_native,EulerE,456,499,rnbqkbnr/ppp2ppp/3p4/4p2Q/2B5/4P3/PPPP1PPP/RNB1K1NR b KQkq - 1 3,d1h5
22,boise_native,EulerE,456,499,rnbqkb1r/ppp2ppp/3p1n2/4p2Q/2B5/4P3/PPPP1PPP/RNB1K1NR w KQkq - 2 4,g8f6
22,boise_native,EulerE,456,499,rnbqkb1r/ppp2ppp/3p1n2/4p3/2B4Q/4P3/PPPP1PPP/RNB1K1NR b KQkq - 3 4,h5h4
22,boise_native,EulerE,456,499,rnb1kb1r/ppp1qppp/3p1n2/4p3/2B4Q/4P3/PPPP1PPP/RNB1K1NR w KQkq - 4 5,d8e7
22,boise_native,EulerE,456,499,rnb1kb1r/ppp1qppp/3p1n2/1B2p3/7Q/4P3/PPPP1PPP/RNB1K1NR b KQkq - 5 5,c4b5
22,boise_native,EulerE,456,499,rn2kb1r/pppbqppp/3p1n2/1B2p3/7Q/4P3/PPPP1PPP/RNB1K1NR w KQkq - 6 6,c8d7
22,boise_native,EulerE,456,499,rn2kb1r/pppbqppp/3p1n2/4p3/2B4Q/4P3/PPPP1PPP/RNB1K1NR b KQkq - 7 6,b5c4
22,boise_native,EulerE,456,499,r3kb1r/pppbqppp/2np1n2/4p3/2B4Q/4P3/PPPP1PPP/RNB1K1NR w KQkq - 8 7,b8c6
22,boise_native,EulerE,456,499,r3kb1r/pppbqppp/2np1n2/4p3/2B1P2Q/8/PPPP1PPP/RNB1K1NR b KQkq - 0 7,e3e4
22,boise_native,EulerE,456,499,2kr1b1r/pppbqppp/2np1n2/4p3/2B1P2Q/8/PPPP1PPP/RNB1K1NR w KQ - 1 8,e8c8
22,boise_native,EulerE,456,499,2kr1b1r/pppbqppp/2np1n2/4p3/2B1P2Q/3P4/PPP2PPP/RNB1K1NR b KQ - 0 8,d2d3
22,boise_native,EulerE,456,499,2kr1b1r/p1pbqppp/1pnp1n2/4p3/2B1P2Q/3P4/PPP2PPP/RNB1K1NR w KQ - 0 9,b7b6
22,boise_native,EulerE,456,499,2kr1b1r/p1pbqppp/1pnp1n2/4p1B1/2B1P2Q/3P4/PPP2PPP/RN2K1NR b KQ - 1 9,c1g5
22,boise_native,EulerE,456,499,2kr1b1r/p1pbqpp1/1pnp1n1p/4p1B1/2B1P2Q/3P4/PPP2PPP/RN2K1NR w KQ - 0 10,h7h6
22,boise_native,EulerE,456,499,2kr1b1r/p1pbqpp1/1pnp1B1p/4p3/2B1P2Q/3P4/PPP2PPP/RN2K1NR b KQ - 0 10,g5f6
22,boise_native,EulerE,456,499,2kr1b1r/p1pbqp2/1pnp1p1p/4p3/2B1P2Q/3P4/PPP2PPP/RN2K1NR w KQ - 0 11,g7f6
22,boise_native,EulerE,456,499,2kr1b1r/p1pbqp2/Bpnp1p1p/4p3/4P2Q/3P4/PPP2PPP/RN2K1NR b KQ - 1 11,c4a6
22,boise_native,EulerE,456,499,1k1r1b1r/p1pbqp2/Bpnp1p1p/4p3/4P2Q/3P4/PPP2PPP/RN2K1NR w KQ - 2 12,c8b8
22,boise_native,EulerE,456,499,1k1r1b1r/p1pbqp2/Bpnp1p1p/4p3/4P2Q/2NP4/PPP2PPP/R3K1NR b KQ - 3 12,b1c3
22,boise_native,EulerE,456,499,1k1r1b1r/p1pbqp2/Bpnp3p/4pp2/4P2Q/2NP4/PPP2PPP/R3K1NR w KQ - 0 13,f6f5
22,boise_native,EulerE,456,499,1k1r1b1r/p1pbqp2/Bpnp3p/4pp2/4P3/2NP2Q1/PPP2PPP/R3K1NR b KQ - 1 13,h4g3
22,boise_native,EulerE,456,499,1k1r1b1r/p1pbqp2/Bpnp3p/4p3/4p3/2NP2Q1/PPP2PPP/R3K1NR w KQ - 0 14,f5e4
22,boise_native,EulerE,456,499,1k1r1b1r/p1pbqp2/Bpnp3p/4p3/4P3/2N3Q1/PPP2PPP/R3K1NR b KQ - 0 14,d3e4
22,boise_native,EulerE,456,499,1k1r1b1r/p1pbqp2/Bp1p3p/4p3/3nP3/2N3Q1/PPP2PPP/R3K1NR w KQ - 1 15,c6d4
22,boise_native,EulerE,456,499,1k1r1b1r/p1pbqp2/Bp1p3p/3Np3/3nP3/6Q1/PPP2PPP/R3K1NR b KQ - 2 15,c3d5
22,boise_native,EulerE,456,499,1k1r1b1r/p1pb1p2/Bp1p3p/3Np1q1/3nP3/6Q1/PPP2PPP/R3K1NR w KQ - 3 16,e7g5
22,boise_native,EulerE,456,499,1k1r1b1r/p1pb1p2/Bp1p3p/3Np1q1/3nP3/2Q5/PPP2PPP/R3K1NR b KQ - 4 16,g3c3
22,boise_native,EulerE,456,499,1k1r1b1r/p1p2p2/Bp1pb2p/3Np1q1/3nP3/2Q5/PPP2PPP/R3K1NR w KQ - 5 17,d7e6
22,boise_native,EulerE,456,499,1k1r1b1r/p1N2p2/Bp1pb2p/4p1q1/3nP3/2Q5/PPP2PPP/R3K1NR b KQ - 0 17,d5c7
22,boise_native,EulerE,456,499,1kr2b1r/p1N2p2/Bp1pb2p/4p1q1/3nP3/2Q5/PPP2PPP/R3K1NR w KQ - 1 18,d8c8
22,boise_native,EulerE,456,499,1kr2b1r/p1N2p2/Bp1pb2p/4p1q1/3nP3/2Q2N2/PPP2PPP/R3K2R b KQ - 2 18,g1f3
22,boise_native,EulerE,456,499,1k3b1r/p1r2p2/Bp1pb2p/4p1q1/3nP3/2Q2N2/PPP2PPP/R3K2R w KQ - 0 19,c8c7
22,boise_native,EulerE,456,499,1k3b1r/p1r2p2/Bp1pb2p/4p1q1/1Q1nP3/5N2/PPP2PPP/R3K2R b KQ - 1 19,c3b4
22,boise_native,EulerE,456,499,1k3b1r/p1r2p2/Bp1pb2p/4p1q1/1Q2P3/5n2/PPP2PPP/R3K2R w KQ - 0 20,d4f3
22,boise_native,EulerE,456,499,1k3b1r/p1r2p2/Bp1pb2p/4p1q1/1Q2P3/5P2/PPP2P1P/R3K2R b KQ - 0 20,g2f3
22,boise_native,EulerE,456,499,1k3b1r/p1r2p2/Bp1pb2p/4p3/1Q2P3/5P2/PPP2PqP/R3K2R w KQ - 1 21,g5g2
22,boise_native,EulerE,456,499,1k3b1r/p1r2p2/Bp1pb2p/4p3/1Q2P3/5P2/PPP2PqP/R3KR2 b Q - 2 21,h1f1
22,boise_native,EulerE,456,499,1k3b1r/p1r2p2/Bp1pb2p/4p3/1Q2P3/5q2/PPP2P1P/R3KR2 w Q - 0 22,g2f3
22,boise_native,EulerE,456,499,1k3b1r/p1r2p2/Bp1pb2p/4p3/1QP1P3/5q2/PP3P1P/R3KR2 b Q - 0 22,c2c4
22,boise_native,EulerE,456,499,1k3b1r/p1r2p2/Bp1pb2p/4p3/1QP1q3/8/PP3P1P/R3KR2 w Q - 0 23,f3e4
22,boise_native,EulerE,456,499,1k3b1r/p1r2p2/Bp1pb2p/4p3/1QP1q3/8/PP1K1P1P/R4R2 b - - 1 23,e1d2
22,boise_native,EulerE,456,499,1k3b1r/p1r2p2/Bp1p3p/4p3/1Qb1q3/8/PP1K1P1P/R4R2 w - - 0 24,e6c4
22,boise_native,EulerE,456,499,1k3b1r/p1r2p2/Bp1p3p/4p3/1Qb1q3/8/PP1K1P1P/R3R3 b - - 1 24,f1e1
22,boise_native,EulerE,456,499,1k3b1r/p1r2p2/Bp5p/3pp3/1Qb1q3/8/PP1K1P1P/R3R3 w - - 0 25,d6d5
22,boise_native,EulerE,456,499,1k3b1r/p1r2p2/Bp5p/3pp3/Q1b1q3/8/PP1K1P1P/R3R3 b - - 1 25,b4a4
22,boise_native,EulerE,456,499,1k3b1r/p1r2p2/Bp5p/3pp3/Q1bq4/8/PP1K1P1P/R3R3 w - - 2 26,e4d4
22,boise_native,EulerE,456,499,1k3b1r/p1r2p2/Bp5p/3pp3/Q1bq4/8/PPK2P1P/R3R3 b - - 3 26,d2c2
22,boise_native,EulerE,456,499,1k3b1r/p1r2p2/bp5p/3pp3/Q2q4/8/PPK2P1P/R3R3 w - - 0 27,c4a6
22,boise_native,EulerE,456,499,1k3b1r/p1r2p2/bp5p/3pp3/Q2q4/1K6/PP3P1P/R3R3 b - - 1 27,c2b3
22,boise_native,EulerE,456,499,1k3b1r/p1r2p2/bp5p/3pp3/q7/1K6/PP3P1P/R3R3 w - - 0 28,d4a4
22,boise_native,EulerE,456,499,1k3b1r/p1r2p2/bp5p/3pp3/K7/8/PP3P1P/R3R3 b - - 0 28,b3a4
22,boise_native,EulerE,456,499,1k3b1r/p4p2/bp5p/3pp3/K1r5/8/PP3P1P/R3R3 w - - 1 29,c7c4
22,boise_native,EulerE,456,499,1k3b1r/p4p2/bp5p/3pp3/2r5/1K6/PP3P1P/R3R3 b - - 2 29,a4b3
22,boise_native,EulerE,456,499,1k5r/p4p2/bp5p/3pp3/1br5/1K6/PP3P1P/R3R3 w - - 3 30,f8b4
22,boise_native,EulerE,456,499,1k5r/p4p2/bp5p/3pR3/1br5/1K6/PP3P1P/R7 b - - 0 30,e1e5
22,boise_native,EulerE,456,499,2k4r/p4p2/bp5p/3pR3/1br5/1K6/PP3P1P/R7 w - - 1 31,b8c8
22,boise_native,EulerE,456,499,2k4r/p4p2/bp5p/3R4/1br5/1K6/PP3P1P/R7 b - - 0 31,e5d5
22,boise_native,EulerE,456,499,2kr4/p4p2/bp5p/3R4/1br5/1K6/PP3P1P/R7 w - - 1 32,h8d8
22,boise_native,EulerE,456,499,2kR4/p4p2/bp5p/8/1br5/1K6/PP3P1P/R7 b - - 0 32,d5d8
22,boise_native,EulerE,456,499,3k4/p4p2/bp5p/8/1br5/1K6/PP3P1P/R7 w - - 0 33,c8d8
22,boise_native,EulerE,456,499,3k4/p4p2/bp5p/8/1br5/1K6/PP3P1P/6R1 b - - 1 33,a1g1
22,boise_native,EulerE,456,499,3k4/p7/bp3p1p/8/1br5/1K6/PP3P1P/6R1 w - - 0 34,f7f6
22,boise_native,EulerE,456,499,3k2R1/p7/bp3p1p/8/1br5/1K6/PP3P1P/8 b - - 1 34,g1g8
22,boise_native,EulerE,456,499,6R1/p1k5/bp3p1p/8/1br5/1K6/PP3P1P/8 w - - 2 35,d8c7
22,boise_native,EulerE,456,499,R7/p1k5/bp3p1p/8/1br5/1K6/PP3P1P/8 b - - 3 35,g8a8
22,boise_native,EulerE,456,499,R7/pk6/bp3p1p/8/1br5/1K6/PP3P1P/8 w - - 4 36,c7b7
22,boise_native,EulerE,456,499,7R/pk6/bp3p1p/8/1br5/1K6/PP3P1P/8 b - - 5 36,a8h8
22,boise_native,EulerE,456,499,7R/pk6/bp5p/5p2/1br5/1K6/PP3P1P/8 w - - 0 37,f6f5
22,boise_native,EulerE,456,499,8/pk6/bp5R/5p2/1br5/1K6/PP3P1P/8 b - - 0 37,h8h6
22,boise_native,EulerE,456,499,8/pk6/bp5R/8/1br2p2/1K6/PP3P1P/8 w - - 0 38,f5f4
22,boise_native,EulerE,456,499,8/pk6/bp5R/8/1br2p1P/1K6/PP3P2/8 b - - 0 38,h2h4
22,boise_native,EulerE,456,499,8/pk6/bp5R/8/2r2p1P/1K6/PP1b1P2/8 w - - 1 39,b4d2
22,boise_native,EulerE,456,499,8/pk6/bp1R4/8/2r2p1P/1K6/PP1b1P2/8 b - - 2 39,h6d6
22,boise_native,EulerE,456,499,8/pk6/bp1R4/8/2r4P/1K3p2/PP1b1P2/8 w - - 0 40,f4f3
22,boise_native,EulerE,456,499,8/pk6/bp6/8/2r4P/1K3p2/PP1R1P2/8 b - - 0 40,d6d2
22,boise_native,EulerE,456,499,8/pk6/bp6/8/4r2P/1K3p2/PP1R1P2/8 w - - 1 41,c4e4
22,boise_native,EulerE,456,499,8/pk6/bp6/7P/4r3/1K3p2/PP1R1P2/8 b - - 0 41,h4h5
22,boise_native,EulerE,456,499,4r3/pk6/bp6/7P/8/1K3p2/PP1R1P2/8 w - - 1 42,e4e8
22,boise_native,EulerE,456,499,4r3/pk1R4/bp6/7P/8/1K3p2/PP3P2/8 b - - 2 42,d2d7
22,boise_native,EulerE,456,499,2k1r3/p2R4/bp6/7P/8/1K3p2/PP3P2/8 w - - 3 43,b7c8
22,boise_native,EulerE,456,499,2k1r3/R7/bp6/7P/8/1K3p2/PP3P2/8 b - - 0 43,d7a7
22,boise_native,EulerE,456,499,2k1r3/R7/1p6/7P/8/1K1b1p2/PP3P2/8 w - - 1 44,a6d3
22,boise_native,EulerE,456,499,2k1r3/5R2/1p6/7P/8/1K1b1p2/PP3P2/8 b - - 2 44,a7f7
22,boise_native,EulerE,456,499,3kr3/5R2/1p6/7P/8/1K1b1p2/PP3P2/8 w - - 3 45,c8d8
22,boise_native,EulerE,456,499,3kr3/8/1p6/7P/8/1K1b1R2/PP3P2/8 b - - 0 45,f7f3
22,boise_native,EulerE,456,499,4r3/4k3/1p6/7P/8/1K1b1R2/PP3P2/8 w - - 1 46,d8e7
22,boise_native,EulerE,456,499,4r3/4k3/1p6/7P/8/1K1R4/PP3P2/8 b - - 0 46,f3d3
22,boise_native,EulerE,456,499,4r3/8/1p3k2/7P/8/1K1R4/PP3P2/8 w - - 1 47,e7f6
22,boise_native,EulerE,456,499,4r3/8/1p3k2/7P/8/1K4R1/PP3P2/8 b - - 2 47,d3g3
22,boise_native,EulerE,456,499,4r3/5k2/1p6/7P/8/1K4R1/PP3P2/8 w - - 3 48,f6f7
22,boise_native,EulerE,456,499,4r3/5k2/1p5P/8/8/1K4R1/PP3P2/8 b - - 0 48,h5h6
22,boise_native,EulerE,456,499,4r3/4k3/1p5P/8/8/1K4R1/PP3P2/8 w - - 1 49,f7e7
22,boise_native,EulerE,456,499,4r3/4k2P/1p6/8/8/1K4R1/PP3P2/8 b - - 0 49,h6h7
22,boise_native,EulerE,456,499,4r3/5k1P/1p6/8/8/1K4R1/PP3P2/8 w - - 1 50,e7f7
22,boise_native,EulerE,456,499,4r3/5k1P/1p6/8/5P2/1K4R1/PP6/8 b - - 0 50,f2f4
22,boise_native,EulerE,456,499,4r3/5k1P/8/1p6/5P2/1K4R1/PP6/8 w - - 0 51,b6b5
22,boise_native,EulerE,456,499,4r3/5k1P/8/1p4R1/5P2/1K6/PP6/8 b - - 1 51,g3g5
22,boise_native,EulerE,456,499,4r3/4k2P/8/1p4R1/5P2/1K6/PP6/8 w - - 2 52,f7e7
22,boise_native,EulerE,456,499,4r3/4k2P/8/1R6/5P2/1K6/PP6/8 b - - 0 52,g5b5
22,boise_native,EulerE,456,499,4r3/3k3P/8/1R6/5P2/1K6/PP6/8 w - - 1 53,e7d7
22,boise_native,EulerE,456,499,4r3/3k3P/8/1R3P2/8/1K6/PP6/8 b - - 0 53,f4f5
22,boise_native,EulerE,456,499,4r3/2k4P/8/1R3P2/8/1K6/PP6/8 w - - 1 54,d7c7
22,boise_native,EulerE,456,499,4r3/2k4P/5P2/1R6/8/1K6/PP6/8 b - - 0 54,f5f6
22,boise_native,EulerE,456,499,4r3/3k3P/5P2/1R6/8/1K6/PP6/8 w - - 1 55,c7d7
22,boise_native,EulerE,456,499,4r3/3k1P1P/8/1R6/8/1K6/PP6/8 b - - 0 55,f6f7
22,boise_native,EulerE,456,499,3r4/3k1P1P/8/1R6/8/1K6/PP6/8 w - - 1 56,e8d8
22,boise_native,EulerE,456,499,3r4/3k1P1P/8/5R2/8/1K6/PP6/8 b - - 2 56,b5f5
22,boise_native,EulerE,456,499,3r4/4kP1P/8/5R2/8/1K6/PP6/8 w - - 3 57,d7e7
22,boise_native,EulerE,456,499,3r1Q2/4k2P/8/5R2/8/1K6/PP6/8 b - - 0 57,f7f8q
22,boise_native,EulerE,456,499,5r2/4k2P/8/5R2/8/1K6/PP6/8 w - - 0 58,d8f8
22,boise_native,EulerE,456,499,5R2/4k2P/8/8/8/1K6/PP6/8 b - - 0 58,f5f8
22,boise_native,EulerE,456,499,5k2/7P/8/8/8/1K6/PP6/8 w - - 0 59,e7f8
22,boise_native,EulerE,456,499,5k1Q/8/8/8/8/1K6/PP6/8 b - - 0 59,h7h8q
22,boise_native,EulerE,456,499,7Q/4k3/8/8/8/1K6/PP6/8 w - - 1 60,f8e7
22,boise_native,EulerE,456,499,7Q/4k3/8/8/P7/1K6/1P6/8 b - - 0 60,a2a4
22,boise_native,EulerE,456,499,7Q/8/3k4/8/P7/1K6/1P6/8 w - - 1 61,e7d6
22,boise_native,EulerE,456,499,8/8/3k4/7Q/P7/1K6/1P6/8 b - - 2 61,h8h5
22,boise_native,EulerE,456,499,8/2k5/8/7Q/P7/1K6/1P6/8 w - - 3 62,d6c7
22,boise_native,EulerE,456,499,8/2k5/8/P6Q/8/1K6/1P6/8 b - - 0 62,a4a5
22,boise_native,EulerE,456,499,8/1k6/8/P6Q/8/1K6/1P6/8 w - - 1 63,c7b7
22,boise_native,EulerE,456,499,8/1k6/7Q/P7/8/1K6/1P6/8 b - - 2 63,h5h6
22,boise_native,EulerE,456,499,8/k7/7Q/P7/8/1K6/1P6/8 w - - 3 64,b7a7
22,boise_native,EulerE,456,499,8/k7/2Q5/P7/8/1K6/1P6/8 b - - 4 64,h6c6
22,boise_native,EulerE,456,499,1k6/8/2Q5/P7/8/1K6/1P6/8 w - - 5 65,a7b8
22,boise_native,EulerE,456,499,1k6/8/P1Q5/8/8/1K6/1P6/8 b - - 0 65,a5a6
22,boise_native,EulerE,456,499,8/k7/P1Q5/8/8/1K6/1P6/8 w - - 1 66,b8a7
22,boise_native,EulerE,456,499,8/k7/P1Q5/8/1K6/8/1P6/8 b - - 2 66,b3b4
22,boise_native,EulerE,456,499,1k6/8/P1Q5/8/1K6/8/1P6/8 w - - 3 67,a7b8
22,boise_native,EulerE,456,499,1k6/8/PQ6/8/1K6/8/1P6/8 b - - 4 67,c6b6
22,boise_native,EulerE,456,499,k7/8/PQ6/8/1K6/8/1P6/8 w - - 5 68,b8a8
22,boise_native,EulerE,456,499,k7/P7/1Q6/8/1K6/8/1P6/8 b - - 0 68,a6a7
23,DanBons,EulerE,529,487,rnbqkbnr/pppppppp/8/8/3P4/8/PPP1PPPP/RNBQKBNR b KQkq - 0 1,d2d4
23,DanBons,EulerE,529,487,rnbqkbnr/ppp1pppp/8/3p4/3P4/8/PPP1PPPP/RNBQKBNR w KQkq - 0 2,d7d5
23,DanBons,EulerE,529,487,rnbqkbnr/ppp1pppp/8/3p4/3P4/4P3/PPP2PPP/RNBQKBNR b KQkq - 0 2,e2e3
23,DanBons,EulerE,529,487,rnbqkbnr/ppp2ppp/4p3/3p4/3P4/4P3/PPP2PPP/RNBQKBNR w KQkq - 0 3,e7e6
23,DanBons,EulerE,529,487,rnbqkbnr/ppp2ppp/4p3/3p4/3P4/2N1P3/PPP2PPP/R1BQKBNR b KQkq - 1 3,b1c3
23,DanBons,EulerE,529,487,r1bqkbnr/ppp2ppp/2n1p3/3p4/3P4/2N1P3/PPP2PPP/R1BQKBNR w KQkq - 2 4,b8c6
23,DanBons,EulerE,529,487,r1bqkbnr/ppp2ppp/2n1p3/3p4/3P4/2N1PN2/PPP2PPP/R1BQKB1R b KQkq - 3 4,g1f3
23,DanBons,EulerE,529,487,r1bqk1nr/ppp2ppp/2n1p3/3p4/1b1P4/2N1PN2/PPP2PPP/R1BQKB1R w KQkq - 4 5,f8b4
23,DanBons,EulerE,529,487,r1bqk1nr/ppp2ppp/2n1p3/3p4/1b1P4/2N1PN2/PPPB1PPP/R2QKB1R b KQkq - 5 5,c1d2
23,DanBons,EulerE,529,487,r1bqk2r/ppp2ppp/2n1pn2/3p4/1b1P4/2N1PN2/PPPB1PPP/R2QKB1R w KQkq - 6 6,g8f6
23,DanBons,EulerE,529,487,r1bqk2r/ppp2ppp/2n1pn2/1B1p4/1b1P4/2N1PN2/PPPB1PPP/R2QK2R b KQkq - 7 6,f1b5
23,DanBons,EulerE,529,487,r2qk2r/pppb1ppp/2n1pn2/1B1p4/1b1P4/2N1PN2/PPPB1PPP/R2QK2R w KQkq - 8 7,c8d7
23,DanBons,EulerE,529,487,r2qk2r/pppb1ppp/2B1pn2/3p4/1b1P4/2N1PN2/PPPB1PPP/R2QK2R b KQkq - 0 7,b5c6
23,DanBons,EulerE,529,487,r2qk2r/ppp2ppp/2b1pn2/3p4/1b1P4/2N1PN2/PPPB1PPP/R2QK2R w KQkq - 0 8,d7c6
23,DanBons,EulerE,529,487,r2qk2r/ppp2ppp/2b1pn2/3pN3/1b1P4/2N1P3/PPPB1PPP/R2QK2R b KQkq - 1 8,f3e5
23,DanBons,EulerE,529,487,r2qk2r/ppp2ppp/4pn2/1b1pN3/1b1P4/2N1P3/PPPB1PPP/R2QK2R w KQkq - 2 9,c6b5
23,DanBons,EulerE,529,487,r2qk2r/ppp2ppp/4pn2/1N1pN3/1b1P4/4P3/PPPB1PPP/R2QK2R b KQkq - 0 9,c3b5
23,DanBons,EulerE,529,487,r2qk2r/1pp2ppp/p3pn2/1N1pN3/1b1P4/4P3/PPPB1PPP/R2QK2R w KQkq - 0 10,a7a6
23,DanBons,EulerE,529,487,r2qk2r/1pp2ppp/p3pn2/3pN3/1b1P4/2N1P3/PPPB1PPP/R2QK2R b KQkq - 1 10,b5c3
23,DanBons,EulerE,529,487,r2qk2r/1pp2ppp/p3pn2/3pN3/3P4/2b1P3/PPPB1PPP/R2QK2R w KQkq - 0 11,b4c3
23,DanBons,EulerE,529,487,r2qk2r/1pp2ppp/p3pn2/3pN3/3P4/2B1P3/PPP2PPP/R2QK2R b KQkq - 0 11,d2c3
23,DanBons,EulerE,529,487,r2qk2r/1pp2ppp/p3p3/3pN3/3Pn3/2B1P3/PPP2PPP/R2QK2R w KQkq - 1 12,f6e4
23,DanBons,EulerE,529,487,r2qk2r/1pp2ppp/p3p3/3pN3/3Pn3/2BQP3/PPP2PPP/R3K2R b KQkq - 2 12,d1d3
23,DanBons,EulerE,529,487,r2qk2r/1pp2ppp/p3pn2/3pN3/3P4/2BQP3/PPP2PPP/R3K2R w KQkq - 3 13,e4f6
23,DanBons,EulerE,529,487,r2qk2r/1pp2ppp/p3pn2/B2pN3/3P4/3QP3/PPP2PPP/R3K2R b KQkq - 4 13,c3a5
23,DanBons,EulerE,529,487,r2qk2r/2p2ppp/pp2pn2/B2pN3/3P4/3QP3/PPP2PPP/R3K2R w KQkq - 0 14,b7b6
23,DanBons,EulerE,529,487,r2qk2r/2p2ppp/pp2pn2/3pN3/1B1P4/3QP3/PPP2PPP/R3K2R b KQkq - 1 14,a5b4
23,DanBons,EulerE,529,487,r2qk2r/2p2p1p/pp2pn2/3pN1p1/1B1P4/3QP3/PPP2PPP/R3K2R w KQkq - 0 15,g7g5
23,DanBons,EulerE,529,487,r2qk2r/2p2p1p/ppN1pn2/3p2p1/1B1P4/3QP3/PPP2PPP/R3K2R b KQkq - 1 15,e5c6
23,DanBons,EulerE,529,487,r3k2r/2pq1p1p/ppN1pn2/3p2p1/1B1P4/3QP3/PPP2PPP/R3K2R w KQkq - 2 16,d8d7
23,DanBons,EulerE,529,487,r3k2r/2pq1p1p/pp2pn2/3pN1p1/1B1P4/3QP3/PPP2PPP/R3K2R b KQkq - 3 16,c6e5
23,DanBons,EulerE,529,487,r3k1r1/2pq1p1p/pp2pn2/3pN1p1/1B1P4/3QP3/PPP2PPP/R3K2R w KQq - 4 17,h8g8
23,DanBons,EulerE,529,487,r3k1r1/2pN1p1p/pp2pn2/3p2p1/1B1P4/3QP3/PPP2PPP/R3K2R b KQq - 0 17,e5d7
23,DanBons,EulerE,529,487,r5r1/2pk1p1p/pp2pn2/3p2p1/1B1P4/3QP3/PPP2PPP/R3K2R w KQ - 0 18,e8d7
23,DanBons,EulerE,529,487,r5r1/2pk1p1p/pp2pn2/3p2p1/1B1P1P2/3QP3/PPP3PP/R3K2R b KQ - 0 18,f2f4
23,DanBons,EulerE,529,487,r5r1/2pk1p1p/pp2pn2/3p4/1B1P1p2/3QP3/PPP3PP/R3K2R w KQ - 0 19,g5f4
23,DanBons,EulerE,529,487,r5r1/2pk1p1p/pp2pn2/3p4/1B1P1P2/3Q4/PPP3PP/R3K2R b KQ - 0 19,e3f4
23,DanBons,EulerE,529,487,r7/2pk1p1p/pp2pn2/3p4/1B1P1Pr1/3Q4/PPP3PP/R3K2R w KQ - 1 20,g8g4
23,DanBons,EulerE,529,487,r7/2pk1p1p/pp2pn2/3p4/1B1P1Pr1/3Q4/PPP3PP/R3K1R1 b Q - 2 20,h1g1
23,DanBons,EulerE,529,487,r7/2pk1p1p/pp2pn2/3p4/1B1P1r2/3Q4/PPP3PP/R3K1R1 w Q - 0 21,g4f4
23,DanBons,EulerE,529,487,r7/2pk1p1p/pp2pn2/3p4/1B1P1r2/4Q3/PPP3PP/R3K1R1 b Q - 1 21,d3e3
23,DanBons,EulerE,529,487,r7/2pk1p1p/pp2pn2/3p1r2/1B1P4/4Q3/PPP3PP/R3K1R1 w Q - 2 22,f4f5
23,DanBons,EulerE,529,487,r7/2pk1p1p/pp2pn2/3p1r2/1B1P4/4Q3/PPP3PP/R3KR2 b Q - 3 22,g1f1
23,DanBons,EulerE,529,487,r7/2pk1p1p/pp2pn2/3p4/1B1P4/4Q3/PPP3PP/R3Kr2 w Q - 0 23,f5f1
23,DanBons,EulerE,529,487,r7/2pk1p1p/pp2pn2/3p4/1B1P4/4Q3/PPP3PP/R4K2 b - - 0 23,e1f1
23,DanBons,EulerE,529,487,6r1/2pk1p1p/pp2pn2/3p4/1B1P4/4Q3/PPP3PP/R4K2 w - - 1 24,a8g8
23,DanBons,EulerE,529,487,6r1/2pk1p1p/pp2pn2/3p4/1B1P4/4Q1P1/PPP4P/R4K2 b - - 0 24,g2g3
23,DanBons,EulerE,529,487,6r1/2pk1p2/pp2pn2/3p3p/1B1P4/4Q1P1/PPP4P/R4K2 w - - 0 25,h7h5
23,DanBons,EulerE,529,487,6r1/2pk1p2/pp2pn1Q/3p3p/1B1P4/6P1/PPP4P/R4K2 b - - 1 25,e3h6
23,DanBons,EulerE,529,487,6r1/2pk1p2/pp2p2Q/3p3p/1B1P2n1/6P1/PPP4P/R4K2 w - - 2 26,f6g4
23,DanBons,EulerE,529,487,6r1/2pk1p2/pp2p3/3p3p/1B1P2n1/6P1/PPPQ3P/R4K2 b - - 3 26,h6d2
23,DanBons,EulerE,529,487,6r1/2pk1p2/1p2p3/p2p3p/1B1P2n1/6P1/PPPQ3P/R4K2 w - - 0 27,a6a5
23,DanBons,EulerE,529,487,6r1/2pk1p2/1p2p3/B2p3p/3P2n1/6P1/PPPQ3P/R4K2 b - - 0 27,b4a5
23,DanBons,EulerE,529,487,6r1/2pk1p2/4p3/p2p3p/3P2n1/6P1/PPPQ3P/R4K2 w - - 0 28,b6a5
23,DanBons,EulerE,529,487,6r1/2pk1p2/4p3/Q2p3p/3P2n1/6P1/PPP4P/R4K2 b - - 0 28,d2a5
23,DanBons,EulerE,529,487,3r4/2pk1p2/4p3/Q2p3p/3P2n1/6P1/PPP4P/R4K2 w - - 1 29,g8d8
23,DanBons,EulerE,529,487,3r4/2pk1p2/4p3/1Q1p3p/3P2n1/6P1/PPP4P/R4K2 b - - 2 29,a5b5
23,DanBons,EulerE,529,487,3r4/3k1p2/2p1p3/1Q1p3p/3P2n1/6P1/PPP4P/R4K2 w - - 0 30,c7c6
23,DanBons,EulerE,529,487,3r4/1Q1k1p2/2p1p3/3p3p/3P2n1/6P1/PPP4P/R4K2 b - - 1 30,b5b7
23,DanBons,EulerE,529,487,3rk3/1Q3p2/2p1p3/3p3p/3P2n1/6P1/PPP4P/R4K2 w - - 2 31,d7e8
23,DanBons,EulerE,529,487,3rk3/5p2/2Q1p3/3p3p/3P2n1/6P1/PPP4P/R4K2 b - - 0 31,b7c6
23,DanBons,EulerE,529,487,4k3/3r1p2/2Q1p3/3p3p/3P2n1/6P1/PPP4P/R4K2 w - - 1 32,d8d7
23,DanBons,EulerE,529,487,2Q1k3/3r1p2/4p3/3p3p/3P2n1/6P1/PPP4P/R4K2 b - - 2 32,c6c8
23,DanBons,EulerE,529,487,2Qrk3/5p2/4p3/3p3p/3P2n1/6P1/PPP4P/R4K2 w - - 3 33,d7d8
23,DanBons,EulerE,529,487,3rk3/5p2/2Q1p3/3p3p/3P2n1/6P1/PPP4P/R4K2 b - - 4 33,c8c6
23,DanBons,EulerE,529,487,4k3/3r1p2/2Q1p3/3p3p/3P2n1/6P1/PPP4P/R4K2 w - - 5 34,d8d7
23,DanBons,EulerE,529,487,4k3/3r1p2/2Q1p3/3p3p/P2P2n1/6P1/1PP4P/R4K2 b - - 0 34,a2a4
23,DanBons,EulerE,529,487,3k4/3r1p2/2Q1p3/3p3p/P2P2n1/6P1/1PP4P/R4K2 w - - 1 35,e8d8
23,DanBons,EulerE,529,487,3k4/3r1p2/1Q2p3/3p3p/P2P2n1/6P1/1PP4P/R4K2 b - - 2 35,c6b6
23,DanBons,EulerE,529,487,2k5/3r1p2/1Q2p3/3p3p/P2P2n1/6P1/1PP4P/R4K2 w - - 3 36,d8c8
23,DanBons,EulerE,529,487,2k5/3r1p2/2Q1p3/3p3p/P2P2n1/6P1/1PP4P/R4K2 b - - 4 36,b6c6
23,DanBons,EulerE,529,487,1k6/3r1p2/2Q1p3/3p3p/P2P2n1/6P1/1PP4P/R4K2 w - - 5 37,c8b8
23,DanBons,EulerE,529,487,1k6/3Q1p2/4p3/3p3p/P2P2n1/6P1/1PP4P/R4K2 b - - 0 37,c6d7
23,DanBons,EulerE,529,487,1k6/3Q1p2/4p3/3p3p/P2P4/6P1/1PP4n/R4K2 w - - 0 38,g4h2
23,DanBons,EulerE,529,487,1k6/3Q1p2/4p3/3p3p/P2P4/6P1/1PP3Kn/R7 b - - 1 38,f1g2
23,DanBons,EulerE,529,487,1k6/3Q1p2/4p3/3p3p/P2P2n1/6P1/1PP3K1/R7 w - - 2 39,h2g4
23,DanBons,EulerE,529,487,1k2Q3/5p2/4p3/3p3p/P2P2n1/6P1/1PP3K1/R7 b - - 3 39,d7e8
23,DanBons,EulerE,529,487,4Q3/k4p2/4p3/3p3p/P2P2n1/6P1/1PP3K1/R7 w - - 4 40,b8a7
23,DanBons,EulerE,529,487,8/k4Q2/4p3/3p3p/P2P2n1/6P1/1PP3K1/R7 b - - 0 40,e8f7
23,DanBons,EulerE,529,487,8/5Q2/1k2p3/3p3p/P2P2n1/6P1/1PP3K1/R7 w - - 1 41,a7b6
23,DanBons,EulerE,529,487,8/8/1k2Q3/3p3p/P2P2n1/6P1/1PP3K1/R7 b - - 0 41,f7e6
23,DanBons,EulerE,529,487,8/8/4Q3/k2p3p/P2P2n1/6P1/1PP3K1/R7 w - - 1 42,b6a5
23,DanBons,EulerE,529,487,8/8/8/k2Q3p/P2P2n1/6P1/1PP3K1/R7 b - - 0 42,e6d5
23,DanBons,EulerE,529,487,8/8/k7/3Q3p/P2P2n1/6P1/1PP3K1/R7 w - - 1 43,a5a6
23,DanBons,EulerE,529,487,8/8/k7/7Q/P2P2n1/6P1/1PP3K1/R7 b - - 0 43,d5h5
23,DanBons,EulerE,529,487,8/8/k7/7Q/P2P4/4n1P1/1PP3K1/R7 w - - 1 44,g4e3
23,DanBons,EulerE,529,487,8/8/k7/7Q/P2P4/4nKP1/1PP5/R7 b - - 2 44,g2f3
23,DanBons,EulerE,529,487,8/8/k7/7Q/P2P4/5KP1/1Pn5/R7 w - - 0 45,e3c2
23,DanBons,EulerE,529,487,8/8/k7/7Q/P2P4/5KP1/1Pn5/2R5 b - - 1 45,a1c1
23,DanBons,EulerE,529,487,8/8/k7/7Q/P2n4/5KP1/1P6/2R5 w - - 0 46,c2d4
23,DanBons,EulerE,529,487,8/8/k7/7Q/P2nK3/6P1/1P6/2R5 b - - 1 46,f3e4
23,DanBons,EulerE,529,487,8/8/k3n3/7Q/P3K3/6P1/1P6/2R5 w - - 2 47,d4e6
23,DanBons,EulerE,529,487,8/8/k3n2Q/8/P3K3/6P1/1P6/2R5 b - - 3 47,h5h6
23,DanBons,EulerE,529,487,8/8/1k2n2Q/8/P3K3/6P1/1P6/2R5 w - - 4 48,a6b6
23,DanBons,EulerE,529,487,8/8/1k2Q3/8/P3K3/6P1/1P6/2R5 b - - 0 48,h6e6
23,DanBons,EulerE,529,487,8/1k6/4Q3/8/P3K3/6P1/1P6/2R5 w - - 1 49,b6b7
23,DanBons,EulerE,529,487,8/1k6/4Q3/8/PP2K3/6P1/8/2R5 b - - 0 49,b2b4
24,EulerE,mylifer,474,462,rnbqkbnr/pppppppp/8/8/3P4/8/PPP1PPPP/RNBQKBNR b KQkq - 0 1,d2d4
24,EulerE,mylifer,474,462,rnbqkbnr/ppp1pppp/8/3p4/3P4/8/PPP1PPPP/RNBQKBNR w KQkq - 0 2,d7d5
24,EulerE,mylifer,474,462,rnbqkbnr/ppp1pppp/8/3p4/3P4/4P3/PPP2PPP/RNBQKBNR b KQkq - 0 2,e2e3
24,EulerE,mylifer,474,462,rnbqkb1r/ppp1pppp/5n2/3p4/3P4/4P3/PPP2PPP/RNBQKBNR w KQkq - 1 3,g8f6
24,EulerE,mylifer,474,462,rnbqkb1r/ppp1pppp/5n2/3p4/3P4/2N1P3/PPP2PPP/R1BQKBNR b KQkq - 2 3,b1c3
24,EulerE,mylifer,474,462,rnbqkb1r/ppp2ppp/4pn2/3p4/3P4/2N1P3/PPP2PPP/R1BQKBNR w KQkq - 0 4,e7e6
24,EulerE,mylifer,474,462,rnbqkb1r/ppp2ppp/4pn2/3p4/3P4/2N1P3/PPPB1PPP/R2QKBNR b KQkq - 1 4,c1d2
24,EulerE,mylifer,474,462,r1bqkb1r/ppp2ppp/2n1pn2/3p4/3P4/2N1P3/PPPB1PPP/R2QKBNR w KQkq - 2 5,b8c6
24,EulerE,mylifer,474,462,r1bqkb1r/ppp2ppp/2n1pn2/3p4/3P4/P1N1P3/1PPB1PPP/R2QKBNR b KQkq - 0 5,a2a3
24,EulerE,mylifer,474,462,r1bqkb1r/1pp2ppp/p1n1pn2/3p4/3P4/P1N1P3/1PPB1PPP/R2QKBNR w KQkq - 0 6,a7a6
24,EulerE,mylifer,474,462,r1bqkb1r/1pp2ppp/p1n1pn2/3p4/3P4/P1N1PN2/1PPB1PPP/R2QKB1R b KQkq - 1 6,g1f3
24,EulerE,mylifer,474,462,r1bqkb1r/2p2ppp/p1n1pn2/1p1p4/3P4/P1N1PN2/1PPB1PPP/R2QKB1R w KQkq - 0 7,b7b5
24,EulerE,mylifer,474,462,r1bqkb1r/2p2ppp/p1n1pn2/1p1p4/3P4/P1N1PN2/1PPBQPPP/R3KB1R b KQkq - 1 7,d1e2
24,EulerE,mylifer,474,462,r1bqkb1r/2p2ppp/p3pn2/np1p4/3P4/P1N1PN2/1PPBQPPP/R3KB1R w KQkq - 2 8,c6a5
24,EulerE,mylifer,474,462,r1bqkb1r/2p2ppp/p3pn2/np1p4/3P4/P1N1PN2/1PPB1PPP/R2QKB1R b KQkq - 3 8,e2d1
24,EulerE,mylifer,474,462,r1bqkb1r/2p2ppp/p3pn2/1p1p4/3P4/PnN1PN2/1PPB1PPP/R2QKB1R w KQkq - 4 9,a5b3
24,EulerE,mylifer,474,462,r1bqkb1r/2p2ppp/p3pn2/1p1p4/3P4/PPN1PN2/1P1B1PPP/R2QKB1R b KQkq - 0 9,c2b3
24,EulerE,mylifer,474,462,r1b1kb1r/2p2ppp/p2qpn2/1p1p4/3P4/PPN1PN2/1P1B1PPP/R2QKB1R w KQkq - 1 10,d8d6
24,EulerE,mylifer,474,462,r1b1kb1r/2p2ppp/p2qpn2/1p1p4/3P4/PPN1PN2/1PQB1PPP/R3KB1R b KQkq - 2 10,d1c2
24,EulerE,mylifer,474,462,r1b1kb1r/5ppp/p2qpn2/1ppp4/3P4/PPN1PN2/1PQB1PPP/R3KB1R w KQkq - 0 11,c7c5
24,EulerE,mylifer,474,462,r1b1kb1r/5ppp/p2qpn2/1ppp4/3P4/PPN1PN2/1PQB1PPP/2KR1B1R b kq - 1 11,e1c1
24,EulerE,mylifer,474,462,r3kb1r/1b3ppp/p2qpn2/1ppp4/3P4/PPN1PN2/1PQB1PPP/2KR1B1R w kq - 2 12,c8b7
24,EulerE,mylifer,474,462,r3kb1r/1b3ppp/p2qpn2/1ppp4/3P4/PPN1PN2/1PQB1PPP/2K1RB1R b kq - 3 12,d1e1
24,EulerE,mylifer,474,462,2r1kb1r/1b3ppp/p2qpn2/1ppp4/3P4/PPN1PN2/1PQB1PPP/2K1RB1R w k - 4 13,a8c8
24,EulerE,mylifer,474,462,2r1kb1r/1b3ppp/p2qpn2/1Npp4/3P4/PP2PN2/1PQB1PPP/2K1RB1R b k - 0 13,c3b5
24,EulerE,mylifer,474,462,2r1kb1r/1b3ppp/3qpn2/1ppp4/3P4/PP2PN2/1PQB1PPP/2K1RB1R w k - 0 14,a6b5
24,EulerE,mylifer,474,462,2r1kb1r/1b3ppp/3qpn2/1Bpp4/3P4/PP2PN2/1PQB1PPP/2K1R2R b k - 0 14,f1b5
24,EulerE,mylifer,474,462,2r1kb1r/1b1n1ppp/3qp3/1Bpp4/3P4/PP2PN2/1PQB1PPP/2K1R2R w k - 1 15,f6d7
24,EulerE,mylifer,474,462,2r1kb1r/1b1n1ppp/3qp3/1Bpp4/1P1P4/P3PN2/1PQB1PPP/2K1R2R b k - 0 15,b3b4
24,EulerE,mylifer,474,462,2r1kb1r/1b1n1ppp/3qp3/1B1p4/1P1p4/P3PN2/1PQB1PPP/2K1R2R w k - 0 16,c5d4
24,EulerE,mylifer,474,462,2r1kb1r/1b1n1ppp/3qp3/1B1p4/1P1p4/P1B1PN2/1PQ2PPP/2K1R2R b k - 1 16,d2c3
24,EulerE,mylifer,474,462,2r1kb1r/1b1n1ppp/3qp3/1B1p4/1P6/P1p1PN2/1PQ2PPP/2K1R2R w k - 0 17,d4c3
24,EulerE,mylifer,474,462,2r1kb1r/1b1n1ppp/3qp3/1B1p4/1P6/P1P1PN2/2Q2PPP/2K1R2R b k - 0 17,b2c3
24,EulerE,mylifer,474,462,2r1kb1r/1b1n2pp/3qp3/1B1p1p2/1P6/P1P1PN2/2Q2PPP/2K1R2R w k - 0 18,f7f5
24,EulerE,mylifer,474,462,2r1kb1r/1b1B2pp/3qp3/3p1p2/1P6/P1P1PN2/2Q2PPP/2K1R2R b k - 0 18,b5d7
24,EulerE,mylifer,474,462,2r1kb1r/1b1q2pp/4p3/3p1p2/1P6/P1P1PN2/2Q2PPP/2K1R2R w k - 0 19,d6d7
24,EulerE,mylifer,474,462,2r1kb1r/1b1q2pp/4p3/3p1p2/1P6/P1P1PN2/2Q2PPP/2KR3R b k - 1 19,e1d1
24,EulerE,mylifer,474,462,2r1k2r/1b1q2pp/3bp3/3p1p2/1P6/P1P1PN2/2Q2PPP/2KR3R w k - 2 20,f8d6
24,EulerE,mylifer,474,462,2r1k2r/1b1q2pp/3bp3/3p1pN1/1P6/P1P1P3/2Q2PPP/2KR3R b k - 3 20,f3g5
24,EulerE,mylifer,474,462,2r2rk1/1b1q2pp/3bp3/3p1pN1/1P6/P1P1P3/2Q2PPP/2KR3R w - - 4 21,e8g8
24,EulerE,mylifer,474,462,2r2rk1/1b1q2pp/3bp3/3p1pN1/PP6/2P1P3/2Q2PPP/2KR3R b - - 0 21,a3a4
24,EulerE,mylifer,474,462,2r2rk1/1b1q2p1/3bp2p/3p1pN1/PP6/2P1P3/2Q2PPP/2KR3R w - - 0 22,h7h6
24,EulerE,mylifer,474,462,2r2rk1/1b1q2p1/3bp2p/3p1p2/PP6/2P1PN2/2Q2PPP/2KR3R b - - 1 22,g5f3
24,EulerE,mylifer,474,462,2r2rk1/1b1q2p1/3bp2p/3p4/PP3p2/2P1PN2/2Q2PPP/2KR3R w - - 0 23,f5f4
24,EulerE,mylifer,474,462,2r2rk1/1b1q2p1/3bp2p/3p4/PP3P2/2P2N2/2Q2PPP/2KR3R b - - 0 23,e3f4
24,EulerE,mylifer,474,462,2r2rk1/1b1q2p1/4p2p/3p4/PP3b2/2P2N2/2Q2PPP/2KR3R w - - 0 24,d6f4
24,EulerE,mylifer,474,462,2r2rk1/1b1q2p1/4p2p/3p4/PP3b2/2P2N2/2Q2PPP/1K1R3R b - - 1 24,c1b1
24,EulerE,mylifer,474,462,2r2rk1/1b1q2p1/7p/3pp3/PP3b2/2P2N2/2Q2PPP/1K1R3R w - - 0 25,e6e5
24,EulerE,mylifer,474,462,2r2rk1/1b1q2p1/7p/3pp3/PP3b2/2P2N2/2Q2PPP/1K2R2R b - - 1 25,d1e1
24,EulerE,mylifer,474,462,2r2rk1/1b1q2p1/7p/4p3/PP1p1b2/2P2N2/2Q2PPP/1K2R2R w - - 0 26,d5d4
24,EulerE,mylifer,474,462,2r2rk1/1b1q2p1/7p/4p3/PP1N1b2/2P5/2Q2PPP/1K2R2R b - - 0 26,f3d4
24,EulerE,mylifer,474,462,2r2rk1/1b1q2p1/7p/8/PP1p1b2/2P5/2Q2PPP/1K2R2R w - - 0 27,e5d4
24,EulerE,mylifer,474,462,2r2rk1/1b1q2p1/7p/8/PP1P1b2/8/2Q2PPP/1K2R2R b - - 0 27,c3d4
24,EulerE,mylifer,474,462,2r2rk1/1b4p1/7p/8/PP1q1b2/8/2Q2PPP/1K2R2R w - - 0 28,d7d4
24,EulerE,mylifer,474,462,2r2rk1/1b4p1/7p/8/PP1q1b2/8/2Q2PPP/1KR4R b - - 1 28,e1c1
24,EulerE,mylifer,474,462,5rk1/1b4p1/7p/8/PP1q1b2/8/2r2PPP/1KR4R w - - 0 29,c8c2
24,EulerE,mylifer,474,462,5rk1/1b4p1/7p/8/PP1q1b2/8/2R2PPP/1K5R b - - 0 29,c1c2
24,EulerE,mylifer,474,462,5rk1/1b4p1/7p/8/Pq3b2/8/2R2PPP/1K5R w - - 0 30,d4b4
24,EulerE,mylifer,474,462,5rk1/1b4p1/7p/8/Pq3b2/8/1R3PPP/1K5R b - - 1 30,c2b2
24,EulerE,mylifer,474,462,5rk1/1b4p1/7p/8/q4b2/8/1R3PPP/1K5R w - - 0 31,b4a4
24,EulerE,mylifer,474,462,5rk1/1b4p1/7p/8/q4b2/8/R4PPP/1K5R b - - 1 31,b2a2
24,EulerE,mylifer,474,462,5rk1/1b4p1/7p/8/3q1b2/8/R4PPP/1K5R w - - 2 32,a4d4
24,EulerE,mylifer,474,462,5rk1/Rb4p1/7p/8/3q1b2/8/5PPP/1K5R b - - 3 32,a2a7
24,EulerE,mylifer,474,462,5rk1/R5p1/7p/8/3q1b2/8/5PbP/1K5R w - - 0 33,b7g2
24,EulerE,mylifer,474,462,5rk1/R5p1/7p/8/3q1b2/8/5PbP/1K4R1 b - - 1 33,h1g1
24,EulerE,mylifer,474,462,5rk1/R5p1/7p/8/5b2/3q4/5PbP/1K4R1 w - - 2 34,d4d3
24,EulerE,mylifer,474,462,5rk1/R5p1/7p/8/5b2/3q4/1K3PbP/6R1 b - - 3 34,b1b2
24,EulerE,mylifer,474,462,5rk1/R5p1/7p/4b3/8/3q4/1K3PbP/6R1 w - - 4 35,f4e5
24,EulerE,mylifer,474,462,5rk1/R5p1/7p/4b3/8/3q4/5PbP/2K3R1 b - - 5 35,b2c1
24,EulerE,mylifer,474,462,5rk1/R5p1/7p/8/5b2/3q4/5PbP/2K3R1 w - - 6 36,e5f4
24,EulerE,mylifer,474,462,5rk1/R5p1/7p/8/5b2/3q4/1K3PbP/6R1 b - - 7 36,c1b2
24,EulerE,mylifer,474,462,5rk1/R5p1/7p/8/5b2/8/1K1q1PbP/6R1 w - - 8 37,d3d2
24,EulerE,mylifer,474,462,5rk1/R5p1/7p/8/5b2/8/3q1PbP/K5R1 b - - 9 37,b2a1
24,EulerE,mylifer,474,462,5rk1/R5p1/7p/4b3/8/8/3q1PbP/K5R1 w - - 10 38,f4e5
24,EulerE,mylifer,474,462,5rk1/R5p1/7p/4b3/8/8/3q1PbP/1K4R1 b - - 11 38,a1b1
24,EulerE,mylifer,474,462,5rk1/R5p1/7p/4b3/4b3/8/3q1P1P/1K4R1 w - - 12 39,g2e4
25,pedragulho,EulerE,485,486,rnbqkbnr/pppppppp/8/8/4P3/8/PPPP1PPP/RNBQKBNR b KQkq - 0 1,e2e4
25,pedragulho,EulerE,485,486,rnbqkbnr/pppp1ppp/8/4p3/4P3/8/PPPP1PPP/RNBQKBNR w KQkq - 0 2,e7e5
25,pedragulho,EulerE,485,486,rnbqkbnr/pppp1ppp/8/4p3/3PP3/8/PPP2PPP/RNBQKBNR b KQkq - 0 2,d2d4
25,pedragulho,EulerE,485,486,rnbqkbnr/ppp2ppp/3p4/4p3/3PP3/8/PPP2PPP/RNBQKBNR w KQkq - 0 3,d7d6
25,pedragulho,EulerE,485,486,rnbqkbnr/ppp2ppp/3p4/4p3/3PP3/5N2/PPP2PPP/RNBQKB1R b KQkq - 1 3,g1f3
25,pedragulho,EulerE,485,486,rn1qkbnr/ppp2ppp/3p4/4p3/3PP1b1/5N2/PPP2PPP/RNBQKB1R w KQkq - 2 4,c8g4
25,pedragulho,EulerE,485,486,rn1qkbnr/ppp2ppp/3p4/4p1N1/3PP1b1/8/PPP2PPP/RNBQKB1R b KQkq - 3 4,f3g5
25,pedragulho,EulerE,485,486,rn1qkbnr/ppp2ppp/3p4/4p1N1/3PP3/8/PPP2PPP/RNBbKB1R w KQkq - 0 5,g4d1
25,pedragulho,EulerE,485,486,rn1qkbnr/ppp2ppp/3p4/4p1N1/3PP3/8/PPP2PPP/RNBK1B1R b kq - 0 5,e1d1
25,pedragulho,EulerE,485,486,rn1qkbnr/ppp3pp/3p1p2/4p1N1/3PP3/8/PPP2PPP/RNBK1B1R w kq - 0 6,f7f6
25,pedragulho,EulerE,485,486,rn1qkbnr/ppp3pp/3pNp2/4p3/3PP3/8/PPP2PPP/RNBK1B1R b kq - 1 6,g5e6
25,pedragulho,EulerE,485,486,rn2kbnr/pppq2pp/3pNp2/4p3/3PP3/8/PPP2PPP/RNBK1B1R w kq - 2 7,d8d7
25,pedragulho,EulerE,485,486,rn2kbnr/pppq2pp/3pNp2/4p3/2BPP3/8/PPP2PPP/RNBK3R b kq - 3 7,f1c4
25,pedragulho,EulerE,485,486,rn3bnr/pppqk1pp/3pNp2/4p3/2BPP3/8/PPP2PPP/RNBK3R w - - 4 8,e8e7
25,pedragulho,EulerE,485,486,rn3bnr/pppqk1pp/3pNp2/4p3/2BPP3/2N5/PPP2PPP/R1BK3R b - - 5 8,b1c3
25,pedragulho,EulerE,485,486,rn3bnr/pppqk2p/3pNpp1/4p3/2BPP3/2N5/PPP2PPP/R1BK3R w - - 0 9,g7g6
25,pedragulho,EulerE,485,486,rn3bnr/pppqk2p/3pNpp1/3Np3/2BPP3/8/PPP2PPP/R1BK3R b - - 1 9,c3d5
25,pedragulho,EulerE,485,486,rn3bnr/pppq3p/3pkpp1/3Np3/2BPP3/8/PPP2PPP/R1BK3R w - - 0 10,e7e6
25,pedragulho,EulerE,485,486,rn3bnr/pppq3p/3pkpp1/3NP3/2B1P3/8/PPP2PPP/R1BK3R b - - 0 10,d4e5
25,pedragulho,EulerE,485,486,rn3bnr/pppq3p/3pk1p1/3Np3/2B1P3/8/PPP2PPP/R1BK3R w - - 0 11,f6e5
25,pedragulho,EulerE,485,486,rn3bnr/pppq3p/3pk1p1/3Np1B1/2B1P3/8/PPP2PPP/R2K3R b - - 1 11,c1g5
25,pedragulho,EulerE,485,486,rn4nr/pppq3p/3pk1pb/3Np1B1/2B1P3/8/PPP2PPP/R2K3R w - - 2 12,f8h6
25,pedragulho,EulerE,485,486,rn4nr/pppq3p/3pkNpb/4p1B1/2B1P3/8/PPP2PPP/R2K3R b - - 3 12,d5f6
25,pedragulho,EulerE,485,486,rn4nr/pppqk2p/3p1Npb/4p1B1/2B1P3/8/PPP2PPP/R2K3R w - - 4 13,e6e7
25,pedragulho,EulerE,485,486,rn4nr/pppNk2p/3p2pb/4p1B1/2B1P3/8/PPP2PPP/R2K3R b - - 0 13,f6d7
25,pedragulho,EulerE,485,486,rn4nr/pppk3p/3p2pb/4p1B1/2B1P3/8/PPP2PPP/R2K3R w - - 0 14,e7d7
25,pedragulho,EulerE,485,486,rn4nr/pppk3p/3p2pb/4p3/2B1P2B/8/PPP2PPP/R2K3R b - - 1 14,g5h4
25,pedragulho,EulerE,485,486,rn4nr/pppk3p/3p3b/4p1p1/2B1P2B/8/PPP2PPP/R2K3R w - - 0 15,g6g5
25,pedragulho,EulerE,485,486,rn4nr/pppk3p/3p3b/4p1p1/2B1P3/6B1/PPP2PPP/R2K3R b - - 1 15,h4g3
25,pedragulho,EulerE,485,486,rn4nr/pppk3p/3p3b/4p3/2B1P1p1/6B1/PPP2PPP/R2K3R w - - 0 16,g5g4
25,pedragulho,EulerE,485,486,rn4nr/pppk3p/3p3b/4p3/2B1P1p1/6B1/PPP1KPPP/R6R b - - 1 16,d1e2
25,pedragulho,EulerE,485,486,r5nr/pppk3p/2np3b/4p3/2B1P1p1/6B1/PPP1KPPP/R6R w - - 2 17,b8c6
25,pedragulho,EulerE,485,486,r5nr/pppk3p/2np3b/4p3/2B1P1p1/5PB1/PPP1K1PP/R6R b - - 0 17,f2f3
25,pedragulho,EulerE,485,486,r5nr/pppk3p/2np3b/4p3/2B1P3/5pB1/PPP1K1PP/R6R w - - 0 18,g4f3
25,pedragulho,EulerE,485,486,r5nr/pppk3p/2np3b/4p3/2B1P3/5PB1/PPP1K2P/R6R b - - 0 18,g2f3
25,pedragulho,EulerE,485,486,r5nr/pppk3p/3p3b/4p3/2BnP3/5PB1/PPP1K2P/R6R w - - 1 19,c6d4
25,pedragulho,EulerE,485,486,r5nr/pppk3p/3p3b/4p3/2BnP3/5PB1/PPP2K1P/R6R b - - 2 19,e2f2
25,pedragulho,EulerE,485,486,r5nr/pppk3p/3p3b/4p3/2B1P3/5PB1/PPn2K1P/R6R w - - 0 20,d4c2
25,pedragulho,EulerE,485,486,r5nr/pppk3p/3p3b/4p3/2B1P3/5PB1/PPn2K1P/3R3R b - - 1 20,a1d1
25,pedragulho,EulerE,485,486,r5nr/pppk3p/3p3b/4p3/1nB1P3/5PB1/PP3K1P/3R3R w - - 2 21,c2b4
25,pedragulho,EulerE,485,486,r5nr/pppk3p/3p3b/4p3/1nB1P3/P4PB1/1P3K1P/3R3R b - - 0 21,a2a3
25,pedragulho,EulerE,485,486,r5nr/pppk3p/2np3b/4p3/2B1P3/P4PB1/1P3K1P/3R3R w - - 1 22,b4c6
25,pedragulho,EulerE,485,486,r5nr/pppk3p/2np3b/4p3/2B1P3/P4PB1/1P3K1P/3RR3 b - - 2 22,h1e1
25,pedragulho,EulerE,485,486,r6r/pppk3p/2np1n1b/4p3/2B1P3/P4PB1/1P3K1P/3RR3 w - - 3 23,g8f6
25,pedragulho,EulerE,485,486,r6r/pppk3p/2np1n1b/4p3/2B1P3/P4PB1/1P5P/3RR1K1 b - - 4 23,f2g1
25,pedragulho,EulerE,485,486,r6r/pppk3p/2n2n1b/3pp3/2B1P3/P4PB1/1P5P/3RR1K1 w - - 0 24,d6d5
25,pedragulho,EulerE,485,486,r6r/pppk3p/2n2n1b/3Pp3/2B5/P4PB1/1P5P/3RR1K1 b - - 0 24,e4d5
25,pedragulho,EulerE,485,486,r6r/pppk3p/5n1b/3Pp3/2Bn4/P4PB1/1P5P/3RR1K1 w - - 1 25,c6d4
25,pedragulho,EulerE,485,486,r6r/pppk3p/5n1b/3Pp3/2Bn1P2/P5B1/1P5P/3RR1K1 b - - 0 25,f3f4
25,pedragulho,EulerE,485,486,r6r/pppk3p/5n2/3Pp3/2Bn1b2/P5B1/1P5P/3RR1K1 w - - 0 26,h6f4
25,pedragulho,EulerE,485,486,r6r/pppk3p/5n2/3Pp3/2Bn1B2/P7/1P5P/3RR1K1 b - - 0 26,g3f4
25,pedragulho,EulerE,485,486,r6r/pppk3p/5n2/3P4/2Bn1p2/P7/1P5P/3RR1K1 w - - 0 27,e5f4
25,pedragulho,EulerE,485,486,r6r/pppk3p/5n2/3P4/2BR1p2/P7/1P5P/4R1K1 b - - 0 27,d1d4
25,pedragulho,EulerE,485,486,r6r/pp1k3p/2p2n2/3P4/2BR1p2/P7/1P5P/4R1K1 w - - 0 28,c7c6
25,pedragulho,EulerE,485,486,r6r/pp1k3p/2p2n2/3P4/2B2R2/P7/1P5P/4R1K1 b - - 0 28,d4f4
25,pedragulho,EulerE,485,486,r6r/pp1k3p/2p5/3n4/2B2R2/P7/1P5P/4R1K1 w - - 0 29,f6d5
25,pedragulho,EulerE,485,486,r6r/pp1k3p/2p5/3B4/5R2/P7/1P5P/4R1K1 b - - 0 29,c4d5
25,pedragulho,EulerE,485,486,r6r/pp1k3p/8/3p4/5R2/P7/1P5P/4R1K1 w - - 0 30,c6d5
25,pedragulho,EulerE,485,486,r6r/pp1k3p/8/3p1R2/8/P7/1P5P/4R1K1 b - - 1 30,f4f5
25,pedragulho,EulerE,485,486,r3r3/pp1k3p/8/3p1R2/8/P7/1P5P/4R1K1 w - - 2 31,h8e8
25,pedragulho,EulerE,485,486,r3r3/pp1k3p/8/3R4/8/P7/1P5P/4R1K1 b - - 0 31,f5d5
25,pedragulho,EulerE,485,486,r3r3/ppk4p/8/3R4/8/P7/1P5P/4R1K1 w - - 1 32,d7c7
25,pedragulho,EulerE,485,486,r3r3/ppk4p/8/3R4/8/P7/1P5P/3R2K1 b - - 2 32,e1d1
25,pedragulho,EulerE,485,486,r3r3/pp5p/2k5/3R4/8/P7/1P5P/3R2K1 w - - 3 33,c7c6
25,pedragulho,EulerE,485,486,r3r3/pp5p/2kR4/8/8/P7/1P5P/3R2K1 b - - 4 33,d5d6
25,pedragulho,EulerE,485,486,r3r3/ppk4p/3R4/8/8/P7/1P5P/3R2K1 w - - 5 34,c6c7
25,pedragulho,EulerE,485,486,r3r3/ppkR3p/8/8/8/P7/1P5P/3R2K1 b - - 6 34,d6d7
25,pedragulho,EulerE,485,486,rk2r3/pp1R3p/8/8/8/P7/1P5P/3R2K1 w - - 7 35,c7b8
25,pedragulho,EulerE,485,486,rk2r3/pp5R/8/8/8/P7/1P5P/3R2K1 b - - 0 35,d7h7
25,pedragulho,EulerE,485,486,r1k1r3/pp5R/8/8/8/P7/1P5P/3R2K1 w - - 1 36,b8c8
25,pedragulho,EulerE,485,486,r1k1r3/pp1R3R/8/8/8/P7/1P5P/6K1 b - - 2 36,d1d7
25,pedragulho,EulerE,485,486,r1k1r3/p2R3R/1p6/8/8/P7/1P5P/6K1 w - - 0 37,b7b6
25,pedragulho,EulerE,485,486,r1k1r3/p2R3R/1p6/8/7P/P7/1P6/6K1 b - - 0 37,h2h4
25,pedragulho,EulerE,485,486,r1kr4/p2R3R/1p6/8/7P/P7/1P6/6K1 w - - 1 38,e8d8
25,pedragulho,EulerE,485,486,r1kr4/p2R3R/1p6/7P/8/P7/1P6/6K1 b - - 0 38,h4h5
25,pedragulho,EulerE,485,486,r1k5/p2r3R/1p6/7P/8/P7/1P6/6K1 w - - 0 39,d8d7
25,pedragulho,EulerE,485,486,r1k5/p2R4/1p6/7P/8/P7/1P6/6K1 b - - 0 39,h7d7
25,pedragulho,EulerE,485,486,r7/p2k4/1p6/7P/8/P7/1P6/6K1 w - - 0 40,c8d7
25,pedragulho,EulerE,485,486,r7/p2k4/1p5P/8/8/P7/1P6/6K1 b - - 0 40,h5h6
25,pedragulho,EulerE,485,486,r7/p7/1p1k3P/8/8/P7/1P6/6K1 w - - 1 41,d7d6
25,pedragulho,EulerE,485,486,r7/p7/1p1k3P/8/8/P7/1P3K2/8 b - - 2 41,g1f2
25,pedragulho,EulerE,485,486,r7/8/pp1k3P/8/8/P7/1P3K2/8 w - - 0 42,a7a6
25,pedragulho,EulerE,485,486,r7/8/pp1k3P/8/8/P3K3/1P6/8 b - - 1 42,f2e3
25,pedragulho,EulerE,485,486,r7/8/pp5P/2k5/8/P3K3/1P6/8 w - - 2 43,d6c5
25,pedragulho,EulerE,485,486,r7/8/pp5P/2k5/8/P2K4/1P6/8 b - - 3 43,e3d3
25,pedragulho,EulerE,485,486,8/r7/pp5P/2k5/8/P2K4/1P6/8 w - - 4 44,a8a7
25,pedragulho,EulerE,485,486,8/r7/pp5P/2k5/4K3/P7/1P6/8 b - - 5 44,d3e4
25,pedragulho,EulerE,485,486,8/r7/p6P/1pk5/4K3/P7/1P6/8 w - - 0 45,b6b5
25,pedragulho,EulerE,485,486,8/r7/p6P/1pk2K2/8/P7/1P6/8 b - - 1 45,e4f5
25,pedragulho,EulerE,485,486,8/1r6/p6P/1pk2K2/8/P7/1P6/8 w - - 2 46,a7b7
25,pedragulho,EulerE,485,486,8/1r6/p5KP/1pk5/8/P7/1P6/8 b - - 3 46,f5g6
25,pedragulho,EulerE,485,486,8/8/pr4KP/1pk5/8/P7/1P6/8 w - - 4 47,b7b6
25,pedragulho,EulerE,485,486,8/6K1/pr5P/1pk5/8/P7/1P6/8 b - - 5 47,g6g7
25,pedragulho,EulerE,485,486,8/1r4K1/p6P/1pk5/8/P7/1P6/8 w - - 6 48,b6b7
25,pedragulho,EulerE,485,486,6K1/1r6/p6P/1pk5/8/P7/1P6/8 b - - 7 48,g7g8
25,pedragulho,EulerE,485,486,6K1/1r6/p6P/1p6/2k5/P7/1P6/8 w - - 8 49,c5c4
26,EulerE,farhanmrizvi,475,491,rnbqkbnr/pppppppp/8/8/3P4/8/PPP1PPPP/RNBQKBNR b KQkq - 0 1,d2d4
26,EulerE,farhanmrizvi,475,491,rnbqkbnr/ppppp1pp/5p2/8/3P4/8/PPP1PPPP/RNBQKBNR w KQkq - 0 2,f7f6
26,EulerE,farhanmrizvi,475,491,rnbqkbnr/ppppp1pp/5p2/8/3P4/4P3/PPP2PPP/RNBQKBNR b KQkq - 0 2,e2e3
26,EulerE,farhanmrizvi,475,491,rnbqkbnr/pppp2pp/5p2/4p3/3P4/4P3/PPP2PPP/RNBQKBNR w KQkq - 0 3,e7e5
26,EulerE,farhanmrizvi,475,491,rnbqkbnr/pppp2pp/5p2/4p3/3P4/2P1P3/PP3PPP/RNBQKBNR b KQkq - 0 3,c2c3
26,EulerE,farhanmrizvi,475,491,r1bqkbnr/pppp2pp/2n2p2/4p3/3P4/2P1P3/PP3PPP/RNBQKBNR w KQkq - 1 4,b8c6
26,EulerE,farhanmrizvi,475,491,r1bqkbnr/pppp2pp/2n2p2/1B2p3/3P4/2P1P3/PP3PPP/RNBQK1NR b KQkq - 2 4,f1b5
26,EulerE,farhanmrizvi,475,491,r1bqkbnr/ppp3pp/2n2p2/1B1pp3/3P4/2P1P3/PP3PPP/RNBQK1NR w KQkq - 0 5,d7d5
26,EulerE,farhanmrizvi,475,491,r1bqkbnr/ppp3pp/2n2p2/1B1pp3/3P4/2P1PP2/PP4PP/RNBQK1NR b KQkq - 0 5,f2f3
26,EulerE,farhanmrizvi,475,491,r1bqkbnr/1pp3pp/p1n2p2/1B1pp3/3P4/2P1PP2/PP4PP/RNBQK1NR w KQkq - 0 6,a7a6
26,EulerE,farhanmrizvi,475,491,r1bqkbnr/1pp3pp/p1n2p2/3pp3/3P4/2PBPP2/PP4PP/RNBQK1NR b KQkq - 1 6,b5d3
26,EulerE,farhanmrizvi,475,491,r1bqkb1r/1pp1n1pp/p1n2p2/3pp3/3P4/2PBPP2/PP4PP/RNBQK1NR w KQkq - 2 7,g8e7
26,EulerE,farhanmrizvi,475,491,r1bqkb1r/1pp1n1pp/p1n2p2/3pp3/3PP3/2PB1P2/PP4PP/RNBQK1NR b KQkq - 0 7,e3e4
26,EulerE,farhanmrizvi,475,491,r1bqkb1r/1pp3pp/p1n2pn1/3pp3/3PP3/2PB1P2/PP4PP/RNBQK1NR w KQkq - 1 8,e7g6
26,EulerE,farhanmrizvi,475,491,r1bqkb1r/1pp3pp/p1n2pn1/3Pp3/3P4/2PB1P2/PP4PP/RNBQK1NR b KQkq - 0 8,e4d5
26,EulerE,farhanmrizvi,475,491,r1b1kb1r/1pp3pp/p1n2pn1/3qp3/3P4/2PB1P2/PP4PP/RNBQK1NR w KQkq - 0 9,d8d5
26,EulerE,farhanmrizvi,475,491,r1b1kb1r/1pp3pp/p1n2pn1/3qp3/2PP4/3B1P2/PP4PP/RNBQK1NR b KQkq - 0 9,c3c4
26,EulerE,farhanmrizvi,475,491,r1b1kb1r/1pp3pp/p1n1qpn1/4p3/2PP4/3B1P2/PP4PP/RNBQK1NR w KQkq - 1 10,d5e6
26,EulerE,farhanmrizvi,475,491,r1b1kb1r/1pp3pp/p1n1qpn1/3Pp3/2P5/3B1P2/PP4PP/RNBQK1NR b KQkq - 0 10,d4d5
26,EulerE,farhanmrizvi,475,491,r1b1kb1r/1pp2qpp/p1n2pn1/3Pp3/2P5/3B1P2/PP4PP/RNBQK1NR w KQkq - 1 11,e6f7
26,EulerE,farhanmrizvi,475,491,r1b1kb1r/1pp2qpp/p1P2pn1/4p3/2P5/3B1P2/PP4PP/RNBQK1NR b KQkq - 0 11,d5c6
26,EulerE,farhanmrizvi,475,491,r1b1kb1r/2p2qpp/p1p2pn1/4p3/2P5/3B1P2/PP4PP/RNBQK1NR w KQkq - 0 12,b7c6
26,EulerE,farhanmrizvi,475,491,r1b1kb1r/2p2qpp/p1p2pn1/4p3/2P5/2NB1P2/PP4PP/R1BQK1NR b KQkq - 1 12,b1c3
26,EulerE,farhanmrizvi,475,491,r3kb1r/2p2qpp/p1p1bpn1/4p3/2P5/2NB1P2/PP4PP/R1BQK1NR w KQkq - 2 13,c8e6
26,EulerE,farhanmrizvi,475,491,r3kb1r/2p2qpp/p1p1bpn1/4p3/2P5/1QNB1P2/PP4PP/R1B1K1NR b KQkq - 3 13,d1b3
26,EulerE,farhanmrizvi,475,491,r3k2r/2p2qpp/p1pbbpn1/4p3/2P5/1QNB1P2/PP4PP/R1B1K1NR w KQkq - 4 14,f8d6
26,EulerE,farhanmrizvi,475,491,r3k2r/2p2qpp/p1pbbpn1/4p3/2P5/1QNB1P2/PP2N1PP/R1B1K2R b KQkq - 5 14,g1e2
26,EulerE,farhanmrizvi,475,491,r4rk1/2p2qpp/p1pbbpn1/4p3/2P5/1QNB1P2/PP2N1PP/R1B1K2R w KQ - 6 15,e8g8
26,EulerE,farhanmrizvi,475,491,r4rk1/2p2qpp/p1pbbpn1/4p3/2P5/1QNB1P2/PP2N1PP/R1B2RK1 b - - 7 15,e1g1
26,EulerE,farhanmrizvi,475,491,1r3rk1/2p2qpp/p1pbbpn1/4p3/2P5/1QNB1P2/PP2N1PP/R1B2RK1 w - - 8 16,a8b8
26,EulerE,farhanmrizvi,475,491,1r3rk1/2p2qpp/p1pbbpn1/4p3/2P5/Q1NB1P2/PP2N1PP/R1B2RK1 b - - 9 16,b3a3
26,EulerE,farhanmrizvi,475,491,1r3rk1/2p2qpp/p1p1bpn1/4p3/2P5/b1NB1P2/PP2N1PP/R1B2RK1 w - - 0 17,d6a3
26,EulerE,farhanmrizvi,475,491,1r3rk1/2p2qpp/p1p1bpn1/4p3/2P5/P1NB1P2/P3N1PP/R1B2RK1 b - - 0 17,b2a3
26,EulerE,farhanmrizvi,475,491,1r1r2k1/2p2qpp/p1p1bpn1/4p3/2P5/P1NB1P2/P3N1PP/R1B2RK1 w - - 1 18,f8d8
26,EulerE,farhanmrizvi,475,491,1r1r2k1/2p2qpp/p1p1bpn1/4p3/2P5/P1NB1P2/P3N1PP/1RB2RK1 b - - 2 18,a1b1
26,EulerE,farhanmrizvi,475,491,1r4k1/2p2qpp/p1p1bpn1/4p3/2P5/P1Nr1P2/P3N1PP/1RB2RK1 w - - 0 19,d8d3
26,EulerE,farhanmrizvi,475,491,1R4k1/2p2qpp/p1p1bpn1/4p3/2P5/P1Nr1P2/P3N1PP/2B2RK1 b - - 0 19,b1b8
26,EulerE,farhanmrizvi,475,491,1R3qk1/2p3pp/p1p1bpn1/4p3/2P5/P1Nr1P2/P3N1PP/2B2RK1 w - - 1 20,f7f8
26,EulerE,farhanmrizvi,475,491,5Rk1/2p3pp/p1p1bpn1/4p3/2P5/P1Nr1P2/P3N1PP/2B2RK1 b - - 0 20,b8f8
26,EulerE,farhanmrizvi,475,491,5k2/2p3pp/p1p1bpn1/4p3/2P5/P1Nr1P2/P3N1PP/2B2RK1 w - - 0 21,g8f8
26,EulerE,farhanmrizvi,475,491,5k2/2p3pp/p1p1bpn1/4p3/2P5/P1Nr1P2/P3N1PP/2B1R1K1 b - - 1 21,f1e1
26,EulerE,farhanmrizvi,475,491,5k2/2p3pp/p1p2pn1/4p3/2b5/P1Nr1P2/P3N1PP/2B1R1K1 w - - 0 22,e6c4
26,EulerE,farhanmrizvi,475,491,5k2/2p3pp/p1p2pn1/4p3/2b5/P1Nr1P2/P3NKPP/2B1R3 b - - 1 22,g1f2
26,EulerE,farhanmrizvi,475,491,5k2/2p3pp/p1p2pn1/4p3/8/P1Nr1P2/b3NKPP/2B1R3 w - - 0 23,c4a2
26,EulerE,farhanmrizvi,475,491,5k2/2p3pp/p1p2pn1/4p3/8/P1Nr1P2/b4KPP/2B1R1N1 b - - 1 23,e2g1
26,EulerE,farhanmrizvi,475,491,5k2/2p3pp/p1p2pn1/4p3/8/P1r2P2/b4KPP/2B1R1N1 w - - 0 24,d3c3
26,EulerE,farhanmrizvi,475,491,5k2/2p3pp/p1p2pn1/4p3/8/P1r1RP2/b4KPP/2B3N1 b - - 1 24,e1e3
26,EulerE,farhanmrizvi,475,491,5k2/2p3pp/p1p2pn1/4p3/8/P3RP2/b4KPP/2r3N1 w - - 0 25,c3c1
26,EulerE,farhanmrizvi,475,491,5k2/2p3pp/p1p2pn1/4p3/8/P4P2/b4KPP/2r1R1N1 b - - 1 25,e3e1
26,EulerE,farhanmrizvi,475,491,5k2/2p3pp/p1p2pn1/4p3/8/P1r2P2/b4KPP/4R1N1 w - - 2 26,c1c3
26,EulerE,farhanmrizvi,475,491,5k2/2p3pp/p1p2pn1/4p3/8/P1r2P2/b3RKPP/6N1 b - - 3 26,e1e2
26,EulerE,farhanmrizvi,475,491,5k2/2p3pp/p1p2pn1/4p3/8/r4P2/b3RKPP/6N1 w - - 0 27,c3a3
26,EulerE,farhanmrizvi,475,491,5k2/2p3pp/p1p2pn1/4p3/8/r4P1N/b3RKPP/8 b - - 1 27,g1h3
26,EulerE,farhanmrizvi,475,491,5k2/2p3pp/p1p2p2/4p3/5n2/r4P1N/b3RKPP/8 w - - 2 28,g6f4
26,EulerE,farhanmrizvi,475,491,5k2/2p3pp/p1p2p2/4p3/5N2/r4P2/b3RKPP/8 b - - 0 28,h3f4
26,EulerE,farhanmrizvi,475,491,5k2/2p3pp/p1p2p2/8/5p2/r4P2/b3RKPP/8 w - - 0 29,e5f4
26,EulerE,farhanmrizvi,475,491,5k2/2p3pp/p1p2p2/8/5p2/r4P2/b3R1PP/4K3 b - - 1 29,f2e1
26,EulerE,farhanmrizvi,475,491,5k2/2p3pp/p1p2p2/8/2b2p2/r4P2/4R1PP/4K3 w - - 2 30,a2c4
26,EulerE,farhanmrizvi,475,491,5k2/2p3pp/p1p2p2/8/2b2p2/r4P2/3KR1PP/8 b - - 3 30,e1d2
26,EulerE,farhanmrizvi,475,491,5k2/2p3pp/p1p2p2/8/5p2/r4P2/3Kb1PP/8 w - - 0 31,c4e2
26,EulerE,farhanmrizvi,475,491,5k2/2p3pp/p1p2p2/8/5p2/r4P2/4K1PP/8 b - - 0 31,d2e2
26,EulerE,farhanmrizvi,475,491,5k2/2p3pp/p1p2p2/8/5p2/5P2/r3K1PP/8 w - - 1 32,a3a2
26,EulerE,farhanmrizvi,475,491,5k2/2p3pp/p1p2p2/8/5p2/5P2/r5PP/5K2 b - - 2 32,e2f1
26,EulerE,farhanmrizvi,475,491,5k2/2p3pp/2p2p2/p7/5p2/5P2/r5PP/5K2 w - - 0 33,a6a5
26,EulerE,farhanmrizvi,475,491,5k2/2p3pp/2p2p2/p7/5p2/5PP1/r6P/5K2 b - - 0 33,g2g3
26,EulerE,farhanmrizvi,475,491,5k2/2p3pp/2p2p2/8/p4p2/5PP1/r6P/5K2 w - - 0 34,a5a4
26,EulerE,farhanmrizvi,475,491,5k2/2p3pp/2p2p2/8/p4p2/5PP1/r6P/4K3 b - - 1 34,f1e1
26,EulerE,farhanmrizvi,475,491,5k2/2p3pp/2p2p2/8/p7/5Pp1/r6P/4K3 w - - 0 35,f4g3
26,EulerE,farhanmrizvi,475,491,5k2/2p3pp/2p2p2/8/p7/5PP1/r7/4K3 b - - 0 35,h2g3
26,EulerE,farhanmrizvi,475,491,5k2/2p3pp/2p2p2/8/8/p4PP1/r7/4K3 w - - 0 36,a4a3
26,EulerE,farhanmrizvi,475,491,5k2/2p3pp/2p2p2/8/8/p4PP1/r7/3K4 b - - 1 36,e1d1
26,EulerE,farhanmrizvi,475,491,5k2/2p3pp/2p2p2/8/8/p4PP1/8/r2K4 w - - 2 37,a2a1
26,EulerE,farhanmrizvi,475,491,5k2/2p3pp/2p2p2/8/8/p4PP1/2K5/r7 b - - 3 37,d1c2
26,EulerE,farhanmrizvi,475,491,5k2/2p3pp/5p2/2p5/8/p4PP1/2K5/r7 w - - 0 38,c6c5
26,EulerE,farhanmrizvi,475,491,5k2/2p3pp/5p2/2p5/8/p1K2PP1/8/r7 b - - 1 38,c2c3
26,EulerE,farhanmrizvi,475,491,5k2/2p3pp/5p2/2p5/8/2K2PP1/p7/r7 w - - 0 39,a3a2
26,EulerE,farhanmrizvi,475,491,5k2/2p3pp/5p2/2p5/8/5PP1/p1K5/r7 b - - 1 39,c3c2
26,EulerE,farhanmrizvi,475,491,5k2/2p3pp/5p2/2p5/8/5PP1/p1K5/7r w - - 2 40,a1h1
26,EulerE,farhanmrizvi,475,491,5k2/2p3pp/5p2/2p5/8/5PP1/pK6/7r b - - 3 40,c2b2
26,EulerE,farhanmrizvi,475,491,5k2/2p3pp/5p2/2p5/8/5PP1/1K6/q6r w - - 0 41,a2a1q
26,EulerE,farhanmrizvi,475,491,5k2/2p3pp/5p2/2p5/8/1K3PP1/8/q6r b - - 1 41,b2b3
26,EulerE,farhanmrizvi,475,491,5k2/2p3pp/5p2/2p5/8/1K3PPr/8/q7 w - - 2 42,h1h3
27,EulerE,Rizkiz,465,527,rnbqkbnr/pppppppp/8/8/3P4/8/PPP1PPPP/RNBQKBNR b KQkq - 0 1,d2d4
27,EulerE,Rizkiz,465,527,rnbqkbnr/ppp1pppp/8/3p4/3P4/8/PPP1PPPP/RNBQKBNR w KQkq - 0 2,d7d5
27,EulerE,Rizkiz,465,527,rnbqkbnr/ppp1pppp/8/3p4/3P4/4P3/PPP2PPP/RNBQKBNR b KQkq - 0 2,e2e3
27,EulerE,Rizkiz,465,527,rnbqkb1r/ppp1pppp/5n2/3p4/3P4/4P3/PPP2PPP/RNBQKBNR w KQkq - 1 3,g8f6
27,EulerE,Rizkiz,465,527,rnbqkb1r/ppp1pppp/5n2/3p4/3P4/4PP2/PPP3PP/RNBQKBNR b KQkq - 0 3,f2f3
27,EulerE,Rizkiz,465,527,rn1qkb1r/ppp1pppp/5n2/3p1b2/3P4/4PP2/PPP3PP/RNBQKBNR w KQkq - 1 4,c8f5
27,EulerE,Rizkiz,465,527,rn1qkb1r/ppp1pppp/5n2/3p1b2/3P4/2P1PP2/PP4PP/RNBQKBNR b KQkq - 0 4,c2c3
27,EulerE,Rizkiz,465,527,rn1qkb1r/ppp2ppp/4pn2/3p1b2/3P4/2P1PP2/PP4PP/RNBQKBNR w KQkq - 0 5,e7e6
27,EulerE,Rizkiz,465,527,rn1qkb1r/ppp2ppp/4pn2/3p1b2/3PP3/2P2P2/PP4PP/RNBQKBNR b KQkq - 0 5,e3e4
27,EulerE,Rizkiz,465,527,rn1qkb1r/ppp2ppp/4pn2/5b2/3Pp3/2P2P2/PP4PP/RNBQKBNR w KQkq - 0 6,d5e4
27,EulerE,Rizkiz,465,527,rn1qkb1r/ppp2ppp/4pn2/5b2/3Pp3/2P2P2/PP2B1PP/RNBQK1NR b KQkq - 1 6,f1e2
27,EulerE,Rizkiz,465,527,rn1qkb1r/ppp2ppp/4p3/3n1b2/3Pp3/2P2P2/PP2B1PP/RNBQK1NR w KQkq - 2 7,f6d5
27,EulerE,Rizkiz,465,527,rn1qkb1r/ppp2ppp/4p3/3n1b2/2BPp3/2P2P2/PP4PP/RNBQK1NR b KQkq - 3 7,e2c4
27,EulerE,Rizkiz,465,527,rn2kb1r/ppp2ppp/4p3/3n1b2/2BPp2q/2P2P2/PP4PP/RNBQK1NR w KQkq - 4 8,d8h4
27,EulerE,Rizkiz,465,527,rn2kb1r/ppp2ppp/4p3/3n1b2/2BPp2q/2P2P2/PP4PP/RNBQ1KNR b kq - 5 8,e1f1
27,EulerE,Rizkiz,465,527,rn2kb1r/pp3ppp/4p3/2pn1b2/2BPp2q/2P2P2/PP4PP/RNBQ1KNR w kq - 0 9,c7c5
27,EulerE,Rizkiz,465,527,rn2kb1r/pp3ppp/4p3/1Bpn1b2/3Pp2q/2P2P2/PP4PP/RNBQ1KNR b kq - 1 9,c4b5
27,EulerE,Rizkiz,465,527,rn1k1b1r/pp3ppp/4p3/1Bpn1b2/3Pp2q/2P2P2/PP4PP/RNBQ1KNR w - - 2 10,e8d8
27,EulerE,Rizkiz,465,527,rn1k1b1r/pp3ppp/4p3/2pn1b2/2BPp2q/2P2P2/PP4PP/RNBQ1KNR b - - 3 10,b5c4
27,EulerE,Rizkiz,465,527,r2k1b1r/pp3ppp/2n1p3/2pn1b2/2BPp2q/2P2P2/PP4PP/RNBQ1KNR w - - 4 11,b8c6
27,EulerE,Rizkiz,465,527,r2k1b1r/pp3ppp/2n1p3/2pB1b2/3Pp2q/2P2P2/PP4PP/RNBQ1KNR b - - 0 11,c4d5
27,EulerE,Rizkiz,465,527,r2k1b1r/pp3ppp/2n5/2pp1b2/3Pp2q/2P2P2/PP4PP/RNBQ1KNR w - - 0 12,e6d5
27,EulerE,Rizkiz,465,527,r2k1b1r/pp3ppp/2n5/2pp1b2/3Pp2q/2P2P2/PP4PP/RNB1QKNR b - - 1 12,d1e1
27,EulerE,Rizkiz,465,527,r2k1b1r/pp3ppp/2n5/2pp1b1q/3Pp3/2P2P2/PP4PP/RNB1QKNR w - - 2 13,h4h5
27,EulerE,Rizkiz,465,527,r2k1b1r/pp3ppp/2n5/2pp1b1q/3Pp3/2P2P1P/PP4P1/RNB1QKNR b - - 0 13,h2h3
27,EulerE,Rizkiz,465,527,r2k1b1r/pp3ppp/2n5/3p1b1q/3pp3/2P2P1P/PP4P1/RNB1QKNR w - - 0 14,c5d4
27,EulerE,Rizkiz,465,527,r2k1b1r/pp3ppp/2n5/3p1b1q/3pp3/2P2P1P/PP2N1P1/RNB1QK1R b - - 1 14,g1e2
27,EulerE,Rizkiz,465,527,r2k1b1r/pp3ppp/2n5/3p1b1q/4p3/2Pp1P1P/PP2N1P1/RNB1QK1R w - - 0 15,d4d3
27,EulerE,Rizkiz,465,527,r2k1b1r/pp3ppp/2n5/3p1b1q/3Np3/2Pp1P1P/PP4P1/RNB1QK1R b - - 1 15,e2d4
27,EulerE,Rizkiz,465,527,r2k1b1r/pp3ppp/8/3pnb1q/3Np3/2Pp1P1P/PP4P1/RNB1QK1R w - - 2 16,c6e5
27,EulerE,Rizkiz,465,527,r2k1b1r/pp3ppp/8/3pnb1q/3Np3/2Pp1P1P/PP4P1/RNBQ1K1R b - - 3 16,e1d1
27,EulerE,Rizkiz,465,527,r2k1b1r/pp3ppp/8/3pnb1q/3N4/2Pp1p1P/PP4P1/RNBQ1K1R w - - 0 17,e4f3
27,EulerE,Rizkiz,465,527,r2k1b1r/pp3ppp/8/3pnb1q/8/2Pp1N1P/PP4P1/RNBQ1K1R b - - 0 17,d4f3
27,EulerE,Rizkiz,465,527,r2k1b1r/pp3ppp/8/3p1b1q/8/2Pp1n1P/PP4P1/RNBQ1K1R w - - 0 18,e5f3
27,EulerE,Rizkiz,465,527,r2k1b1r/pp3ppp/8/3p1b1q/8/2Pp1n1P/PP3KP1/RNBQ3R b - - 1 18,f1f2
27,EulerE,Rizkiz,465,527,r2k1b1r/pp3ppp/8/3p1b2/7q/2Pp1n1P/PP3KP1/RNBQ3R w - - 2 19,h5h4
27,EulerE,Rizkiz,465,527,r2k1b1r/pp3ppp/8/3p1b2/7q/2Pp1K1P/PP4P1/RNBQ3R b - - 0 19,f2f3
27,EulerE,Rizkiz,465,527,r2k3r/pp3ppp/8/2bp1b2/7q/2Pp1K1P/PP4P1/RNBQ3R w - - 1 20,f8c5
27,EulerE,Rizkiz,465,527,r2k3r/pp3ppp/8/2bp1b2/7q/2Pp1KPP/PP6/RNBQ3R b - - 0 20,g2g3
27,EulerE,Rizkiz,465,527,r2k3r/pp3ppp/8/2bp1b2/4q3/2Pp1KPP/PP6/RNBQ3R w - - 1 21,h4e4
28,EulerE,havardul,476,475,rnbqkbnr/pppppppp/8/8/3P4/8/PPP1PPPP/RNBQKBNR b KQkq - 0 1,d2d4
28,EulerE,havardul,476,475,rnbqkbnr/pppp1ppp/8/4p3/3P4/8/PPP1PPPP/RNBQKBNR w KQkq - 0 2,e7e5
28,EulerE,havardul,476,475,rnbqkbnr/pppp1ppp/8/4p3/3P4/4P3/PPP2PPP/RNBQKBNR b KQkq - 0 2,e2e3
28,EulerE,havardul,476,475,rnbqkbnr/ppp2ppp/8/3pp3/3P4/4P3/PPP2PPP/RNBQKBNR w KQkq - 0 3,d7d5
28,EulerE,havardul,476,475,rnbqkbnr/ppp2ppp/8/3pp3/3P4/2P1P3/PP3PPP/RNBQKBNR b KQkq - 0 3,c2c3
28,EulerE,havardul,476,475,rnbqkb1r/ppp2ppp/5n2/3pp3/3P4/2P1P3/PP3PPP/RNBQKBNR w KQkq - 1 4,g8f6
28,EulerE,havardul,476,475,rnbqkb1r/ppp2ppp/5n2/3pp3/3P4/2P1PN2/PP3PPP/RNBQKB1R b KQkq - 2 4,g1f3
28,EulerE,havardul,476,475,rnbqkb1r/ppp2ppp/8/3pp3/3Pn3/2P1PN2/PP3PPP/RNBQKB1R w KQkq - 3 5,f6e4
28,EulerE,havardul,476,475,rnbqkb1r/ppp2ppp/8/3pp3/3Pn3/1QP1PN2/PP3PPP/RNB1KB1R b KQkq - 4 5,d1b3
28,EulerE,havardul,476,475,r1bqkb1r/ppp2ppp/2n5/3pp3/3Pn3/1QP1PN2/PP3PPP/RNB1KB1R w KQkq - 5 6,b8c6
28,EulerE,havardul,476,475,r1bqkb1r/ppp2ppp/2n5/1B1pp3/3Pn3/1QP1PN2/PP3PPP/RNB1K2R b KQkq - 6 6,f1b5
28,EulerE,havardul,476,475,r1bqkb1r/1pp2ppp/p1n5/1B1pp3/3Pn3/1QP1PN2/PP3PPP/RNB1K2R w KQkq - 0 7,a7a6
28,EulerE,havardul,476,475,r1bqkb1r/1pp2ppp/p1B5/3pp3/3Pn3/1QP1PN2/PP3PPP/RNB1K2R b KQkq - 0 7,b5c6
28,EulerE,havardul,476,475,r1bqkb1r/2p2ppp/p1p5/3pp3/3Pn3/1QP1PN2/PP3PPP/RNB1K2R w KQkq - 0 8,b7c6
28,EulerE,havardul,476,475,r1bqkb1r/2p2ppp/p1p5/3pp3/3Pn3/2P1PN2/PPQ2PPP/RNB1K2R b KQkq - 1 8,b3c2
28,EulerE,havardul,476,475,1rbqkb1r/2p2ppp/p1p5/3pp3/3Pn3/2P1PN2/PPQ2PPP/RNB1K2R w KQk - 2 9,a8b8
28,EulerE,havardul,476,475,1rbqkb1r/2p2ppp/p1p5/3pp3/3Pn3/2P1PN2/PPQN1PPP/R1B1K2R b KQk - 3 9,b1d2
28,EulerE,havardul,476,475,1rbqk2r/2p2ppp/p1p5/3pp3/1b1Pn3/2P1PN2/PPQN1PPP/R1B1K2R w KQk - 4 10,f8b4
28,EulerE,havardul,476,475,1rbqk2r/2p2ppp/p1p5/3pp3/1b1PN3/2P1PN2/PPQ2PPP/R1B1K2R b KQk - 0 10,d2e4
28,EulerE,havardul,476,475,1rbqk2r/2p2ppp/p1p5/4p3/1b1Pp3/2P1PN2/PPQ2PPP/R1B1K2R w KQk - 0 11,d5e4
28,EulerE,havardul,476,475,1rbqk2r/2p2ppp/p1p5/4p3/1b1PQ3/2P1PN2/PP3PPP/R1B1K2R b KQk - 0 11,c2e4
28,EulerE,havardul,476,475,1r1qk2r/1bp2ppp/p1p5/4p3/1b1PQ3/2P1PN2/PP3PPP/R1B1K2R w KQk - 1 12,c8b7
28,EulerE,havardul,476,475,1r1qk2r/1bp2ppp/p1p5/4p3/1P1PQ3/4PN2/PP3PPP/R1B1K2R b KQk - 0 12,c3b4
28,EulerE,havardul,476,475,1r2k2r/1bpq1ppp/p1p5/4p3/1P1PQ3/4PN2/PP3PPP/R1B1K2R w KQk - 1 13,d8d7
28,EulerE,havardul,476,475,1r2k2r/1bpq1ppp/p1p5/4N3/1P1PQ3/4P3/PP3PPP/R1B1K2R b KQk - 0 13,f3e5
28,EulerE,havardul,476,475,1r2k2r/1bpq2pp/p1p2p2/4N3/1P1PQ3/4P3/PP3PPP/R1B1K2R w KQk - 0 14,f7f6
28,EulerE,havardul,476,475,1r2k2r/1bpN2pp/p1p2p2/8/1P1PQ3/4P3/PP3PPP/R1B1K2R b KQk - 0 14,e5d7
28,EulerE,havardul,476,475,1r5r/1bpk2pp/p1p2p2/8/1P1PQ3/4P3/PP3PPP/R1B1K2R w KQ - 0 15,e8d7
28,EulerE,havardul,476,475,1r5r/1bpk2pp/p1p2p2/8/1P1PQ3/4P3/PP3PPP/R1B2RK1 b - - 1 15,e1g1
29,Owinaldo,EulerE,440,464,rnbqkbnr/pppppppp/8/8/4P3/8/PPPP1PPP/RNBQKBNR b KQkq - 0 1,e2e4
29,Owinaldo,EulerE,440,464,rnbqkbnr/pppp1ppp/8/4p3/4P3/8/PPPP1PPP/RNBQKBNR w KQkq - 0 2,e7e5
29,Owinaldo,EulerE,440,464,rnbqkbnr/pppp1ppp/8/4p3/3PP3/8/PPP2PPP/RNBQKBNR b KQkq - 0 2,d2d4
29,Owinaldo,EulerE,440,464,rnbqkbnr/ppp2ppp/3p4/4p3/3PP3/8/PPP2PPP/RNBQKBNR w KQkq - 0 3,d7d6
29,Owinaldo,EulerE,440,464,rnbqkbnr/ppp2ppp/3p4/4p3/3PP3/5N2/PPP2PPP/RNBQKB1R b KQkq - 1 3,g1f3
29,Owinaldo,EulerE,440,464,rnbqkb1r/ppp2ppp/3p1n2/4p3/3PP3/5N2/PPP2PPP/RNBQKB1R w KQkq - 2 4,g8f6
29,Owinaldo,EulerE,440,464,rnbqkb1r/ppp2ppp/3p1n2/4P3/4P3/5N2/PPP2PPP/RNBQKB1R b KQkq - 0 4,d4e5
29,Owinaldo,EulerE,440,464,rnbqkb1r/ppp2ppp/5n2/4p3/4P3/5N2/PPP2PPP/RNBQKB1R w KQkq - 0 5,d6e5
29,Owinaldo,EulerE,440,464,rnbqkb1r/ppp2ppp/5n2/4N3/4P3/8/PPP2PPP/RNBQKB1R b KQkq - 0 5,f3e5
29,Owinaldo,EulerE,440,464,rn1qkb1r/ppp2ppp/5n2/4N3/4P1b1/8/PPP2PPP/RNBQKB1R w KQkq - 1 6,c8g4
29,Owinaldo,EulerE,440,464,rn1qkb1r/ppp2ppp/5n2/8/4P1N1/8/PPP2PPP/RNBQKB1R b KQkq - 0 6,e5g4
29,Owinaldo,EulerE,440,464,rn1qkb1r/ppp2ppp/8/8/4P1n1/8/PPP2PPP/RNBQKB1R w KQkq - 0 7,f6g4
29,Owinaldo,EulerE,440,464,rn1qkb1r/ppp2ppp/8/8/4P1n1/5P2/PPP3PP/RNBQKB1R b KQkq - 0 7,f2f3
29,Owinaldo,EulerE,440,464,rn1qkb1r/ppp2ppp/8/8/4P3/4nP2/PPP3PP/RNBQKB1R w KQkq - 1 8,g4e3
29,Owinaldo,EulerE,440,464,rn1qkb1r/ppp2ppp/8/8/4P3/4BP2/PPP3PP/RN1QKB1R b KQkq - 0 8,c1e3
29,Owinaldo,EulerE,440,464,rn2kb1r/ppp2ppp/8/8/4P3/4BP2/PPP3PP/RN1qKB1R w KQkq - 0 9,d8d1
29,Owinaldo,EulerE,440,464,rn2kb1r/ppp2ppp/8/8/4P3/4BP2/PPP3PP/RN1K1B1R b kq - 0 9,e1d1
29,Owinaldo,EulerE,440,464,r3kb1r/ppp2ppp/2n5/8/4P3/4BP2/PPP3PP/RN1K1B1R w kq - 1 10,b8c6
29,Owinaldo,EulerE,440,464,r3kb1r/ppp2ppp/2n5/1B6/4P3/4BP2/PPP3PP/RN1K3R b kq - 2 10,f1b5
29,Owinaldo,EulerE,440,464,r3k2r/ppp2ppp/2nb4/1B6/4P3/4BP2/PPP3PP/RN1K3R w kq - 3 11,f8d6
29,Owinaldo,EulerE,440,464,r3k2r/ppp2ppp/2Bb4/8/4P3/4BP2/PPP3PP/RN1K3R b kq - 0 11,b5c6
29,Owinaldo,EulerE,440,464,r3k2r/p1p2ppp/2pb4/8/4P3/4BP2/PPP3PP/RN1K3R w kq - 0 12,b7c6
29,Owinaldo,EulerE,440,464,r3k2r/p1p2ppp/2pb4/8/4P3/P3BP2/1PP3PP/RN1K3R b kq - 0 12,a2a3
29,Owinaldo,EulerE,440,464,2kr3r/p1p2ppp/2pb4/8/4P3/P3BP2/1PP3PP/RN1K3R w - - 1 13,e8c8
29,Owinaldo,EulerE,440,464,2kr3r/p1p2ppp/2pb4/8/4P3/P1N1BP2/1PP3PP/R2K3R b - - 2 13,b1c3
29,Owinaldo,EulerE,440,464,2k1r2r/p1p2ppp/2pb4/8/4P3/P1N1BP2/1PP3PP/R2K3R w - - 3 14,d8e8
29,Owinaldo,EulerE,440,464,2k1r2r/B1p2ppp/2pb4/8/4P3/P1N2P2/1PP3PP/R2K3R b - - 0 14,e3a7
29,Owinaldo,EulerE,440,464,2k1r2r/B1p2ppp/2p5/4b3/4P3/P1N2P2/1PP3PP/R2K3R w - - 1 15,d6e5
29,Owinaldo,EulerE,440,464,2k1r2r/B1p2ppp/2p5/4b3/4P3/P1N2PP1/1PP4P/R2K3R b - - 0 15,g2g3
29,Owinaldo,EulerE,440,464,2k1r2r/B1p2ppp/2p5/8/4P3/P1b2PP1/1PP4P/R2K3R w - - 0 16,e5c3
29,Owinaldo,EulerE,440,464,2k1r2r/B1p2ppp/2p5/8/4P3/P1P2PP1/2P4P/R2K3R b - - 0 16,b2c3
29,Owinaldo,EulerE,440,464,4r2r/Bkp2ppp/2p5/8/4P3/P1P2PP1/2P4P/R2K3R w - - 1 17,c8b7
29,Owinaldo,EulerE,440,464,4r2r/1kp2ppp/2p5/2B5/4P3/P1P2PP1/2P4P/R2K3R b - - 2 17,a7c5
29,Owinaldo,EulerE,440,464,4r2r/1kp3pp/2p2p2/2B5/4P3/P1P2PP1/2P4P/R2K3R w - - 0 18,f7f6
29,Owinaldo,EulerE,440,464,4r2r/1kp3pp/2p2p2/2B5/4P3/P1P2PP1/2P4P/1R1K3R b - - 1 18,a1b1
29,Owinaldo,EulerE,440,464,4r2r/2p3pp/k1p2p2/2B5/4P3/P1P2PP1/2P4P/1R1K3R w - - 2 19,b7a6
29,Owinaldo,EulerE,440,464,4r2r/2p3pp/k1p2p2/2B5/4P3/P1P2PP1/2P4P/1R1KR3 b - - 3 19,h1e1
29,Owinaldo,EulerE,440,464,7r/2p3pp/k1p2p2/2B1r3/4P3/P1P2PP1/2P4P/1R1KR3 w - - 4 20,e8e5
29,Owinaldo,EulerE,440,464,7r/2p3pp/k1p2p2/2B1r3/4PP2/P1P3P1/2P4P/1R1KR3 b - - 0 20,f3f4
29,Owinaldo,EulerE,440,464,7r/2p3pp/k1p2p2/2r5/4PP2/P1P3P1/2P4P/1R1KR3 w - - 0 21,e5c5
29,Owinaldo,EulerE,440,464,7r/2p3pp/k1p2p2/2r2P2/4P3/P1P3P1/2P4P/1R1KR3 b - - 0 21,f4f5
29,Owinaldo,EulerE,440,464,7r/2p3pp/k1p2p2/1r3P2/4P3/P1P3P1/2P4P/1R1KR3 w - - 1 22,c5b5
29,Owinaldo,EulerE,440,464,7r/2p3pp/k1p2p2/1R3P2/4P3/P1P3P1/2P4P/3KR3 b - - 0 22,b1b5
29,Owinaldo,EulerE,440,464,7r/2p3pp/2p2p2/1k3P2/4P3/P1P3P1/2P4P/3KR3 w - - 0 23,a6b5
29,Owinaldo,EulerE,440,464,7r/2p3pp/2p2p2/1k2PP2/8/P1P3P1/2P4P/3KR3 b - - 0 23,e4e5
29,Owinaldo,EulerE,440,464,7r/2p3pp/5p2/1kp1PP2/8/P1P3P1/2P4P/3KR3 w - - 0 24,c6c5
29,Owinaldo,EulerE,440,464,7r/2p3pp/5P2/1kp2P2/8/P1P3P1/2P4P/3KR3 b - - 0 24,e5f6
29,Owinaldo,EulerE,440,464,7r/2p4p/5p2/1kp2P2/8/P1P3P1/2P4P/3KR3 w - - 0 25,g7f6
29,Owinaldo,EulerE,440,464,7r/2p4p/4Rp2/1kp2P2/8/P1P3P1/2P4P/3K4 b - - 1 25,e1e6
29,Owinaldo,EulerE,440,464,7r/2p4p/4Rp2/2p2P2/2k5/P1P3P1/2P4P/3K4 w - - 2 26,b5c4
29,Owinaldo,EulerE,440,464,7r/2p4p/4Rp2/2p2P2/2k5/P1P3P1/2PK3P/8 b - - 3 26,d1d2
29,Owinaldo,EulerE,440,464,7r/2p4p/4Rp2/2pk1P2/8/P1P3P1/2PK3P/8 w - - 4 27,c4d5
29,Owinaldo,EulerE,440,464,7r/2p4p/5R2/2pk1P2/8/P1P3P1/2PK3P/8 b - - 0 27,e6f6
29,Owinaldo,EulerE,440,464,7r/2p4p/5R2/2p1kP2/8/P1P3P1/2PK3P/8 w - - 1 28,d5e5
29,Owinaldo,EulerE,440,464,7r/2p4p/2R5/2p1kP2/8/P1P3P1/2PK3P/8 b - - 2 28,f6c6
29,Owinaldo,EulerE,440,464,7r/2p4p/2R5/2p2k2/8/P1P3P1/2PK3P/8 w - - 0 29,e5f5
29,Owinaldo,EulerE,440,464,7r/2R4p/8/2p2k2/8/P1P3P1/2PK3P/8 b - - 0 29,c6c7
29,Owinaldo,EulerE,440,464,7r/2R4p/4k3/2p5/8/P1P3P1/2PK3P/8 w - - 1 30,f5e6
29,Owinaldo,EulerE,440,464,7r/7p/4k3/2R5/8/P1P3P1/2PK3P/8 b - - 0 30,c7c5
29,Owinaldo,EulerE,440,464,7r/3k3p/8/2R5/8/P1P3P1/2PK3P/8 w - - 1 31,e6d7
29,Owinaldo,EulerE,440,464,7r/3k3p/8/2R5/2P5/P5P1/2PK3P/8 b - - 0 31,c3c4
29,Owinaldo,EulerE,440,464,2r5/3k3p/8/2R5/2P5/P5P1/2PK3P/8 w - - 1 32,h8c8
29,Owinaldo,EulerE,440,464,2R5/3k3p/8/8/2P5/P5P1/2PK3P/8 b - - 0 32,c5c8
29,Owinaldo,EulerE,440,464,2k5/7p/8/8/2P5/P5P1/2PK3P/8 w - - 0 33,d7c8
29,Owinaldo,EulerE,440,464,2k5/7p/8/8/2P5/P2K2P1/2P4P/8 b - - 1 33,d2d3
29,Owinaldo,EulerE,440,464,8/2k4p/8/8/2P5/P2K2P1/2P4P/8 w - - 2 34,c8c7
29,Owinaldo,EulerE,440,464,8/2k4p/8/8/2P5/P1K3P1/2P4P/8 b - - 3 34,d3c3
29,Owinaldo,EulerE,440,464,8/2k5/7p/8/2P5/P1K3P1/2P4P/8 w - - 0 35,h7h6
29,Owinaldo,EulerE,440,464,8/2k5/7p/8/2P3P1/P1K5/2P4P/8 b - - 0 35,g3g4
29,Owinaldo,EulerE,440,464,8/8/2k4p/8/2P3P1/P1K5/2P4P/8 w - - 1 36,c7c6
29,Owinaldo,EulerE,440,464,8/8/2k4p/8/1KP3P1/P7/2P4P/8 b - - 2 36,c3b4
29,Owinaldo,EulerE,440,464,8/8/1k5p/8/1KP3P1/P7/2P4P/8 w - - 3 37,c6b6
29,Owinaldo,EulerE,440,464,8/8/1k5p/8/PKP3P1/8/2P4P/8 b - - 0 37,a3a4
29,Owinaldo,EulerE,440,464,8/k7/7p/8/PKP3P1/8/2P4P/8 w - - 1 38,b6a7
29,Owinaldo,EulerE,440,464,8/k7/7p/P7/1KP3P1/8/2P4P/8 b - - 0 38,a4a5
29,Owinaldo,EulerE,440,464,8/1k6/7p/P7/1KP3P1/8/2P4P/8 w - - 1 39,a7b7
29,Owinaldo,EulerE,440,464,8/1k6/7p/PK6/2P3P1/8/2P4P/8 b - - 2 39,b4b5
29,Owinaldo,EulerE,440,464,k7/8/7p/PK6/2P3P1/8/2P4P/8 w - - 3 40,b7a8
29,Owinaldo,EulerE,440,464,k7/8/7p/PKP5/6P1/8/2P4P/8 b - - 0 40,c4c5
29,Owinaldo,EulerE,440,464,8/k7/7p/PKP5/6P1/8/2P4P/8 w - - 1 41,a8a7
29,Owinaldo,EulerE,440,464,8/k7/P6p/1KP5/6P1/8/2P4P/8 b - - 0 41,a5a6
29,Owinaldo,EulerE,440,464,8/k7/P7/1KP4p/6P1/8/2P4P/8 w - - 0 42,h6h5
29,Owinaldo,EulerE,440,464,8/k7/P7/1KP4P/8/8/2P4P/8 b - - 0 42,g4h5
29,Owinaldo,EulerE,440,464,1k6/8/P7/1KP4P/8/8/2P4P/8 w - - 1 43,a7b8
29,Owinaldo,EulerE,440,464,1k6/8/PK6/2P4P/8/8/2P4P/8 b - - 2 43,b5b6
29,Owinaldo,EulerE,440,464,k7/8/PK6/2P4P/8/8/2P4P/8 w - - 3 44,b8a8
29,Owinaldo,EulerE,440,464,k7/8/PKP5/7P/8/8/2P4P/8 b - - 0 44,c5c6
29,Owinaldo,EulerE,440,464,1k6/8/PKP5/7P/8/8/2P4P/8 w - - 1 45,a8b8
29,Owinaldo,EulerE,440,464,1k6/2P5/PK6/7P/8/8/2P4P/8 b - - 0 45,c6c7
29,Owinaldo,EulerE,440,464,2k5/2P5/PK6/7P/8/8/2P4P/8 w - - 1 46,b8c8
29,Owinaldo,EulerE,440,464,2k5/P1P5/1K6/7P/8/8/2P4P/8 b - - 0 46,a6a7
30,chadwickvanbarren,EulerE,432,453,rnbqkbnr/pppppppp/8/8/4P3/8/PPPP1PPP/RNBQKBNR b KQkq - 0 1,e2e4
30,chadwickvanbarren,EulerE,432,453,rnbqkbnr/pppp1ppp/8/4p3/4P3/8/PPPP1PPP/RNBQKBNR w KQkq - 0 2,e7e5
30,chadwickvanbarren,EulerE,432,453,rnbqkbnr/pppp1ppp/8/4p3/4P3/5N2/PPPP1PPP/RNBQKB1R b KQkq - 1 2,g1f3
30,chadwickvanbarren,EulerE,432,453,rnbqkbnr/ppp2ppp/3p4/4p3/4P3/5N2/PPPP1PPP/RNBQKB1R w KQkq - 0 3,d7d6
30,chadwickvanbarren,EulerE,432,453,rnbqkbnr/ppp2ppp/3p4/4p3/4P3/3P1N2/PPP2PPP/RNBQKB1R b KQkq - 0 3,d2d3
30,chadwickvanbarren,EulerE,432,453,rn1qkbnr/ppp2ppp/3p4/4p3/4P1b1/3P1N2/PPP2PPP/RNBQKB1R w KQkq - 1 4,c8g4
30,chadwickvanbarren,EulerE,432,453,rn1qkbnr/ppp2ppp/3p4/4p3/4P1b1/3P1N1P/PPP2PP1/RNBQKB1R b KQkq - 0 4,h2h3
30,chadwickvanbarren,EulerE,432,453,rn1qkbnr/ppp2ppp/3pb3/4p3/4P3/3P1N1P/PPP2PP1/RNBQKB1R w KQkq - 1 5,g4e6
30,chadwickvanbarren,EulerE,432,453,rn1qkbnr/ppp2ppp/3pb3/4p1N1/4P3/3P3P/PPP2PP1/RNBQKB1R b KQkq - 2 5,f3g5
30,chadwickvanbarren,EulerE,432,453,rn2kbnr/ppp1qppp/3pb3/4p1N1/4P3/3P3P/PPP2PP1/RNBQKB1R w KQkq - 3 6,d8e7
30,chadwickvanbarren,EulerE,432,453,rn2kbnr/ppp1qppp/3pb3/4p1N1/4P3/2PP3P/PP3PP1/RNBQKB1R b KQkq - 0 6,c2c3
30,chadwickvanbarren,EulerE,432,453,rn2kbnr/ppp1qpp1/3pb2p/4p1N1/4P3/2PP3P/PP3PP1/RNBQKB1R w KQkq - 0 7,h7h6
30,chadwickvanbarren,EulerE,432,453,rn2kbnr/ppp1qpp1/3pb2p/4p3/4P3/2PP1N1P/PP3PP1/RNBQKB1R b KQkq - 1 7,g5f3
30,chadwickvanbarren,EulerE,432,453,r3kbnr/ppp1qpp1/2npb2p/4p3/4P3/2PP1N1P/PP3PP1/RNBQKB1R w KQkq - 2 8,b8c6
30,chadwickvanbarren,EulerE,432,453,r3kbnr/ppp1qpp1/2npb2p/4p3/4P3/2PP1N1P/PP1N1PP1/R1BQKB1R b KQkq - 3 8,b1d2
30,chadwickvanbarren,EulerE,432,453,2kr1bnr/ppp1qpp1/2npb2p/4p3/4P3/2PP1N1P/PP1N1PP1/R1BQKB1R w KQ - 4 9,e8c8
30,chadwickvanbarren,EulerE,432,453,2kr1bnr/ppp1qpp1/2npb2p/4p3/3PP3/2P2N1P/PP1N1PP1/R1BQKB1R b KQ - 0 9,d3d4
30,chadwickvanbarren,EulerE,432,453,2kr1bnr/ppp1qpp1/2npb2p/8/3pP3/2P2N1P/PP1N1PP1/R1BQKB1R w KQ - 0 10,e5d4
30,chadwickvanbarren,EulerE,432,453,2kr1bnr/ppp1qpp1/2npb2p/8/3PP3/5N1P/PP1N1PP1/R1BQKB1R b KQ - 0 10,c3d4
30,chadwickvanbarren,EulerE,432,453,2kr1bnr/ppp1qpp1/2n1b2p/3p4/3PP3/5N1P/PP1N1PP1/R1BQKB1R w KQ - 0 11,d6d5
30,chadwickvanbarren,EulerE,432,453,2kr1bnr/ppp1qpp1/2n1b2p/3pP3/3P4/5N1P/PP1N1PP1/R1BQKB1R b KQ - 0 11,e4e5
30,chadwickvanbarren,EulerE,432,453,2kr1bnr/p1p1qpp1/1pn1b2p/3pP3/3P4/5N1P/PP1N1PP1/R1BQKB1R w KQ - 0 12,b7b6
30,chadwickvanbarren,EulerE,432,453,2kr1bnr/p1p1qpp1/1pn1b2p/1B1pP3/3P4/5N1P/PP1N1PP1/R1BQK2R b KQ - 1 12,f1b5
30,chadwickvanbarren,EulerE,432,453,2kr1bnr/p1pq1pp1/1pn1b2p/1B1pP3/3P4/5N1P/PP1N1PP1/R1BQK2R w KQ - 2 13,e7d7
30,chadwickvanbarren,EulerE,432,453,2kr1bnr/p1pq1pp1/1pn1b2p/1B1pP3/Q2P4/5N1P/PP1N1PP1/R1B1K2R b KQ - 3 13,d1a4
30,chadwickvanbarren,EulerE,432,453,3r1bnr/pkpq1pp1/1pn1b2p/1B1pP3/Q2P4/5N1P/PP1N1PP1/R1B1K2R w KQ - 4 14,c8b7
30,chadwickvanbarren,EulerE,432,453,3r1bnr/pkpq1pp1/1pn1b2p/1B1pP3/Q2P4/5N1P/PP1N1PP1/R1B2RK1 b - - 5 14,e1g1
30,chadwickvanbarren,EulerE,432,453,3r1bnr/1kpq1pp1/ppn1b2p/1B1pP3/Q2P4/5N1P/PP1N1PP1/R1B2RK1 w - - 0 15,a7a6
30,chadwickvanbarren,EulerE,432,453,3r1bnr/1kpq1pp1/Bpn1b2p/3pP3/Q2P4/5N1P/PP1N1PP1/R1B2RK1 b - - 0 15,b5a6
30,chadwickvanbarren,EulerE,432,453,3r1bnr/k1pq1pp1/Bpn1b2p/3pP3/Q2P4/5N1P/PP1N1PP1/R1B2RK1 w - - 1 16,b7a7
30,chadwickvanbarren,EulerE,432,453,3r1bnr/k1pq1pp1/1pn1b2p/1B1pP3/Q2P4/5N1P/PP1N1PP1/R1B2RK1 b - - 2 16,a6b5
30,chadwickvanbarren,EulerE,432,453,3r1bnr/1kpq1pp1/1pn1b2p/1B1pP3/Q2P4/5N1P/PP1N1PP1/R1B2RK1 w - - 3 17,a7b7
30,chadwickvanbarren,EulerE,432,453,3r1bnr/1kpq1pp1/1pn1b2p/1B1pP3/Q2P4/1N3N1P/PP3PP1/R1B2RK1 b - - 4 17,d2b3
30,chadwickvanbarren,EulerE,432,453,r4bnr/1kpq1pp1/1pn1b2p/1B1pP3/Q2P4/1N3N1P/PP3PP1/R1B2RK1 w - - 5 18,d8a8
30,chadwickvanbarren,EulerE,432,453,r4bnr/1kpq1pp1/1pn1b2p/NB1pP3/Q2P4/5N1P/PP3PP1/R1B2RK1 b - - 6 18,b3a5
30,chadwickvanbarren,EulerE,432,453,r4bnr/1kpq1pp1/2n1b2p/pB1pP3/Q2P4/5N1P/PP3PP1/R1B2RK1 w - - 0 19,b6a5
30,chadwickvanbarren,EulerE,432,453,r4bnr/1kpq1pp1/2n1b2p/pB1pP3/Q2P4/5N1P/PP1B1PP1/R4RK1 b - - 1 19,c1d2
30,chadwickvanbarren,EulerE,432,453,r5nr/1kpqbpp1/2n1b2p/pB1pP3/Q2P4/5N1P/PP1B1PP1/R4RK1 w - - 2 20,f8e7
30,chadwickvanbarren,EulerE,432,453,r5nr/1kpqbpp1/2n1b2p/BB1pP3/Q2P4/5N1P/PP3PP1/R4RK1 b - - 0 20,d2a5
30,chadwickvanbarren,EulerE,432,453,r5nr/1kpqbpp1/4b2p/nB1pP3/Q2P4/5N1P/PP3PP1/R4RK1 w - - 0 21,c6a5
30,chadwickvanbarren,EulerE,432,453,r5nr/1kpBbpp1/4b2p/n2pP3/Q2P4/5N1P/PP3PP1/R4RK1 b - - 0 21,b5d7
30,chadwickvanbarren,EulerE,432,453,r5nr/1kpbbpp1/7p/n2pP3/Q2P4/5N1P/PP3PP1/R4RK1 w - - 0 22,e6d7
30,chadwickvanbarren,EulerE,432,453,r5nr/1kpQbpp1/7p/n2pP3/3P4/5N1P/PP3PP1/R4RK1 b - - 0 22,a4d7
30,chadwickvanbarren,EulerE,432,453,3r2nr/1kpQbpp1/7p/n2pP3/3P4/5N1P/PP3PP1/R4RK1 w - - 1 23,a8d8
30,chadwickvanbarren,EulerE,432,453,3r2nr/1kp1bpp1/7p/nQ1pP3/3P4/5N1P/PP3PP1/R4RK1 b - - 2 23,d7b5
30,chadwickvanbarren,EulerE,432,453,3r2nr/k1p1bpp1/7p/nQ1pP3/3P4/5N1P/PP3PP1/R4RK1 w - - 3 24,b7a7
30,chadwickvanbarren,EulerE,432,453,3r2nr/k1p1bpp1/7p/Q2pP3/3P4/5N1P/PP3PP1/R4RK1 b - - 0 24,b5a5
30,chadwickvanbarren,EulerE,432,453,1k1r2nr/2p1bpp1/7p/Q2pP3/3P4/5N1P/PP3PP1/R4RK1 w - - 1 25,a7b8
30,chadwickvanbarren,EulerE,432,453,1k1r2nr/2p1bpp1/7p/Q2pP3/3P4/5N1P/PP3PP1/2R2RK1 b - - 2 25,a1c1
30,chadwickvanbarren,EulerE,432,453,1k1r2nr/4bpp1/2p4p/Q2pP3/3P4/5N1P/PP3PP1/2R2RK1 w - - 0 26,c7c6
30,chadwickvanbarren,EulerE,432,453,1k1r2nr/4bpp1/2R4p/Q2pP3/3P4/5N1P/PP3PP1/5RK1 b - - 0 26,c1c6
30,chadwickvanbarren,EulerE,432,453,3r2nr/1k2bpp1/2R4p/Q2pP3/3P4/5N1P/PP3PP1/5RK1 w - - 1 27,b8b7
30,chadwickvanbarren,EulerE,432,453,3r2nr/1k2bpp1/2R4p/Q2pP3/3P4/5N1P/PP3PP1/2R3K1 b - - 2 27,f1c1
30,chadwickvanbarren,EulerE,432,453,2r3nr/1k2bpp1/2R4p/Q2pP3/3P4/5N1P/PP3PP1/2R3K1 w - - 3 28,d8c8
31,EulerE,UTRASHBOY,443,468,rnbqkbnr/pppppppp/8/8/4P3/8/PPPP1PPP/RNBQKBNR b KQkq - 0 1,e2e4
31,EulerE,UTRASHBOY,443,468,rnbqkb1r/pppppppp/5n2/8/4P3/8/PPPP1PPP/RNBQKBNR w KQkq - 1 2,g8f6
31,EulerE,UTRASHBOY,443,468,rnbqkb1r/pppppppp/5n2/8/4P3/5P2/PPPP2PP/RNBQKBNR b KQkq - 0 2,f2f3
31,EulerE,UTRASHBOY,443,468,rnbqkb1r/ppp1pppp/5n2/3p4/4P3/5P2/PPPP2PP/RNBQKBNR w KQkq - 0 3,d7d5
31,EulerE,UTRASHBOY,443,468,rnbqkb1r/ppp1pppp/5n2/3p4/4P3/3P1P2/PPP3PP/RNBQKBNR b KQkq - 0 3,d2d3
31,EulerE,UTRASHBOY,443,468,r1bqkb1r/ppp1pppp/2n2n2/3p4/4P3/3P1P2/PPP3PP/RNBQKBNR w KQkq - 1 4,b8c6
31,EulerE,UTRASHBOY,443,468,r1bqkb1r/ppp1pppp/2n2n2/3p4/4P3/2NP1P2/PPP3PP/R1BQKBNR b KQkq - 2 4,b1c3
31,EulerE,UTRASHBOY,443,468,r1bqkb1r/ppp2ppp/2n2n2/3pp3/4P3/2NP1P2/PPP3PP/R1BQKBNR w KQkq - 0 5,e7e5
31,EulerE,UTRASHBOY,443,468,r1bqkb1r/ppp2ppp/2n2n2/3Np3/4P3/3P1P2/PPP3PP/R1BQKBNR b KQkq - 0 5,c3d5
31,EulerE,UTRASHBOY,443,468,r1bqkb1r/ppp2ppp/2n5/3np3/4P3/3P1P2/PPP3PP/R1BQKBNR w KQkq - 0 6,f6d5
31,EulerE,UTRASHBOY,443,468,r1bqkb1r/ppp2ppp/2n5/3Pp3/8/3P1P2/PPP3PP/R1BQKBNR b KQkq - 0 6,e4d5
31,EulerE,UTRASHBOY,443,468,r1b1kb1r/ppp2ppp/2n5/3qp3/8/3P1P2/PPP3PP/R1BQKBNR w KQkq - 0 7,d8d5
31,EulerE,UTRASHBOY,443,468,r1b1kb1r/ppp2ppp/2n5/3qp3/8/1P1P1P2/P1P3PP/R1BQKBNR b KQkq - 0 7,b2b3
31,EulerE,UTRASHBOY,443,468,r1b1k2r/ppp2ppp/2n5/3qp3/1b6/1P1P1P2/P1P3PP/R1BQKBNR w KQkq - 1 8,f8b4
31,EulerE,UTRASHBOY,443,468,r1b1k2r/ppp2ppp/2n5/3qp3/1b6/1P1P1P2/P1PB2PP/R2QKBNR b KQkq - 2 8,c1d2
31,EulerE,UTRASHBOY,443,468,r1b1k2r/ppp2ppp/2n5/3qp3/8/bP1P1P2/P1PB2PP/R2QKBNR w KQkq - 3 9,b4a3
31,EulerE,UTRASHBOY,443,468,r1b1k2r/ppp2ppp/2n5/3qp3/8/bPBP1P2/P1P3PP/R2QKBNR b KQkq - 4 9,d2c3
31,EulerE,UTRASHBOY,443,468,r1b1k2r/ppp2ppp/8/3qp3/1n6/bPBP1P2/P1P3PP/R2QKBNR w KQkq - 5 10,c6b4
31,EulerE,UTRASHBOY,443,468,r1b1k2r/ppp2ppp/8/3qp3/1B6/bP1P1P2/P1P3PP/R2QKBNR b KQkq - 0 10,c3b4
31,EulerE,UTRASHBOY,443,468,r1b1k2r/ppp2ppp/8/3qp3/1b6/1P1P1P2/P1P3PP/R2QKBNR w KQkq - 0 11,a3b4
31,EulerE,UTRASHBOY,443,468,r1b1k2r/ppp2ppp/8/3qp3/1b6/1P1P1P2/P1P1K1PP/R2Q1BNR b kq - 1 11,e1e2
31,EulerE,UTRASHBOY,443,468,r1b2rk1/ppp2ppp/8/3qp3/1b6/1P1P1P2/P1P1K1PP/R2Q1BNR w - - 2 12,e8g8
31,EulerE,UTRASHBOY,443,468,r1b2rk1/ppp2ppp/8/3qp3/1b1P4/1P3P2/P1P1K1PP/R2Q1BNR b - - 0 12,d3d4
31,EulerE,UTRASHBOY,443,468,r1b2rk1/ppp2ppp/8/4p3/1b1q4/1P3P2/P1P1K1PP/R2Q1BNR w - - 0 13,d5d4
31,EulerE,UTRASHBOY,443,468,r1b2rk1/ppp2ppp/8/4p3/1b1Q4/1P3P2/P1P1K1PP/R4BNR b - - 0 13,d1d4
31,EulerE,UTRASHBOY,443,468,r1b2rk1/ppp2ppp/8/8/1b1p4/1P3P2/P1P1K1PP/R4BNR w - - 0 14,e5d4
31,EulerE,UTRASHBOY,443,468,r1b2rk1/ppp2ppp/8/8/1b1p4/1P1K1P2/P1P3PP/R4BNR b - - 1 14,e2d3
31,EulerE,UTRASHBOY,443,468,r1b2rk1/ppp2ppp/8/2b5/3p4/1P1K1P2/P1P3PP/R4BNR w - - 2 15,b4c5
31,EulerE,UTRASHBOY,443,468,r1b2rk1/ppp2ppp/8/2b5/3p4/1PPK1P2/P5PP/R4BNR b - - 0 15,c2c3
31,EulerE,UTRASHBOY,443,468,r4rk1/ppp2ppp/8/2b2b2/3p4/1PPK1P2/P5PP/R4BNR w - - 1 16,c8f5
31,EulerE,UTRASHBOY,443,468,r4rk1/ppp2ppp/8/2b2b2/2Kp4/1PP2P2/P5PP/R4BNR b - - 2 16,d3c4
31,EulerE,UTRASHBOY,443,468,r4rk1/p1p2ppp/1p6/2b2b2/2Kp4/1PP2P2/P5PP/R4BNR w - - 0 17,b7b6
31,EulerE,UTRASHBOY,443,468,r4rk1/p1p2ppp/1p6/2b2b2/2Kp4/1PP2P2/P5PP/3R1BNR b - - 1 17,a1d1
31,EulerE,UTRASHBOY,443,468,r2r2k1/p1p2ppp/1p6/2b2b2/2Kp4/1PP2P2/P5PP/3R1BNR w - - 2 18,f8d8
31,EulerE,UTRASHBOY,443,468,r2r2k1/p1p2ppp/1p6/2b2b2/2KR4/1PP2P2/P5PP/5BNR b - - 0 18,d1d4
31,EulerE,UTRASHBOY,443,468,r2r2k1/p1p2ppp/1p6/5b2/2Kb4/1PP2P2/P5PP/5BNR w - - 0 19,c5d4
31,EulerE,UTRASHBOY,443,468,r2r2k1/p1p2ppp/1p6/5b2/2KP4/1P3P2/P5PP/5BNR b - - 0 19,c3d4
31,EulerE,UTRASHBOY,443,468,r2r2k1/p1p2ppp/1p2b3/8/2KP4/1P3P2/P5PP/5BNR w - - 1 20,f5e6
31,EulerE,UTRASHBOY,443,468,r2r2k1/p1p2ppp/1p2b3/8/1K1P4/1P3P2/P5PP/5BNR b - - 2 20,c4b4
31,EulerE,UTRASHBOY,443,468,r5k1/p1p2ppp/1p2b3/8/1K1r4/1P3P2/P5PP/5BNR w - - 0 21,d8d4
31,EulerE,UTRASHBOY,443,468,r5k1/p1p2ppp/1p2b3/8/1KBr4/1P3P2/P5PP/6NR b - - 1 21,f1c4
31,EulerE,UTRASHBOY,443,468,r5k1/p1p2ppp/1p6/8/1Kbr4/1P3P2/P5PP/6NR w - - 0 22,e6c4
31,EulerE,UTRASHBOY,443,468,r5k1/p1p2ppp/1p6/8/1KPr4/5P2/P5PP/6NR b - - 0 22,b3c4
31,EulerE,UTRASHBOY,443,468,r5k1/p1p2ppp/8/1p6/1KPr4/5P2/P5PP/6NR w - - 0 23,b6b5
31,EulerE,UTRASHBOY,443,468,r5k1/p1p2ppp/8/1K6/2Pr4/5P2/P5PP/6NR b - - 0 23,b4b5
31,EulerE,UTRASHBOY,443,468,r5k1/p1p2ppp/8/1K6/2P5/5P2/P5PP/3r2NR w - - 1 24,d4d1
31,EulerE,UTRASHBOY,443,468,r5k1/p1p2ppp/8/1K6/2P5/5PP1/P6P/3r2NR b - - 0 24,g2g3
31,EulerE,UTRASHBOY,443,468,r5k1/p1p2ppp/8/1K6/2P5/5PP1/P6P/r5NR w - - 1 25,d1a1
31,EulerE,UTRASHBOY,443,468,r5k1/p1p2ppp/8/1K6/2P2P2/6P1/P6P/r5NR b - - 0 25,f3f4
31,EulerE,UTRASHBOY,443,468,r5k1/p1p2ppp/8/1K6/2P2P2/6P1/r6P/6NR w - - 0 26,a1a2
31,EulerE,UTRASHBOY,443,468,r5k1/p1p2ppp/8/1K6/2P2P2/5NP1/r6P/7R b - - 1 26,g1f3
31,EulerE,UTRASHBOY,443,468,1r4k1/p1p2ppp/8/1K6/2P2P2/5NP1/r6P/7R w - - 2 27,a8b8
31,EulerE,UTRASHBOY,443,468,1r4k1/p1p2ppp/8/2K5/2P2P2/5NP1/r6P/7R b - - 3 27,b5c5
31,EulerE,UTRASHBOY,443,468,1r4k1/p1p2ppp/8/r1K5/2P2P2/5NP1/7P/7R w - - 4 28,a2a5
31,EulerE,UTRASHBOY,443,468,1r4k1/p1p2ppp/8/r7/2PK1P2/5NP1/7P/7R b - - 5 28,c5d4
31,EulerE,UTRASHBOY,443,468,6k1/p1p2ppp/8/r7/1rPK1P2/5NP1/7P/7R w - - 6 29,b8b4
31,EulerE,UTRASHBOY,443,468,6k1/p1p2ppp/8/r7/1rPK1P2/5NP1/7P/2R5 b - - 7 29,h1c1
31,EulerE,UTRASHBOY,443,468,6k1/p4ppp/8/r1p5/1rPK1P2/5NP1/7P/2R5 w - - 0 30,c7c5
31,EulerE,UTRASHBOY,443,468,6k1/p4ppp/8/r1pK4/1rP2P2/5NP1/7P/2R5 b - - 1 30,d4d5
31,EulerE,UTRASHBOY,443,468,6k1/5ppp/p7/r1pK4/1rP2P2/5NP1/7P/2R5 w - - 0 31,a7a6
31,EulerE,UTRASHBOY,443,468,6k1/5ppp/p7/r1pK4/1rP2P2/6P1/3N3P/2R5 b - - 1 31,f3d2
31,EulerE,UTRASHBOY,443,468,6k1/5ppp/p7/2pK4/1rP2P2/6P1/r2N3P/2R5 w - - 2 32,a5a2
31,EulerE,UTRASHBOY,443,468,6k1/5ppp/p7/2K5/1rP2P2/6P1/r2N3P/2R5 b - - 0 32,d5c5
31,EulerE,UTRASHBOY,443,468,1r4k1/5ppp/p7/2K5/2P2P2/6P1/r2N3P/2R5 w - - 1 33,b4b8
31,EulerE,UTRASHBOY,443,468,1r4k1/5ppp/p7/2K5/2P2P2/1N4P1/r6P/2R5 b - - 2 33,d2b3
31,EulerE,UTRASHBOY,443,468,6k1/5ppp/p7/2K5/2P2P2/1r4P1/r6P/2R5 w - - 0 34,b8b3
31,EulerE,UTRASHBOY,443,468,6k1/5ppp/p7/2K5/2P2P2/1r4P1/r6P/3R4 b - - 1 34,c1d1
31,EulerE,UTRASHBOY,443,468,6k1/5ppp/8/p1K5/2P2P2/1r4P1/r6P/3R4 w - - 0 35,a6a5
31,EulerE,UTRASHBOY,443,468,6k1/5ppp/8/p7/2PK1P2/1r4P1/r6P/3R4 b - - 1 35,c5d4
31,EulerE,UTRASHBOY,443,468,6k1/5ppp/8/p7/2PK1P2/6P1/rr5P/3R4 w - - 2 36,b3b2
31,EulerE,UTRASHBOY,443,468,6k1/5ppp/8/p7/2P2P2/2K3P1/rr5P/3R4 b - - 3 36,d4c3
31,EulerE,UTRASHBOY,443,468,6k1/5ppp/8/p7/2P2P2/2K3P1/r6r/3R4 w - - 0 37,b2h2
31,EulerE,UTRASHBOY,443,468,6k1/5ppp/8/p7/2P2P2/1K4P1/r6r/3R4 b - - 1 37,c3b3
31,EulerE,UTRASHBOY,443,468,6k1/5ppp/8/p7/2P2P2/1K4P1/3r3r/3R4 w - - 2 38,a2d2
31,EulerE,UTRASHBOY,443,468,6k1/5ppp/8/p7/2P2P2/1K4P1/3r3r/1R6 b - - 3 38,d1b1
31,EulerE,UTRASHBOY,443,468,6k1/5ppp/8/p7/2P2P2/1K4P1/1r5r/1R6 w - - 4 39,d2b2
31,EulerE,UTRASHBOY,443,468,6k1/5ppp/8/p7/2P2P2/1K4P1/1R5r/8 b - - 0 39,b1b2
31,EulerE,UTRASHBOY,443,468,6k1/5ppp/8/p7/2P2P2/1K4P1/1r6/8 w - - 0 40,h2b2
31,EulerE,UTRASHBOY,443,468,6k1/5ppp/8/p7/2P2P2/6P1/1K6/8 b - - 0 40,b3b2
31,EulerE,UTRASHBOY,443,468,6k1/5pp1/8/p6p/2P2P2/6P1/1K6/8 w - - 0 41,h7h5
31,EulerE,UTRASHBOY,443,468,6k1/5pp1/8/p1P4p/5P2/6P1/1K6/8 b - - 0 41,c4c5
31,EulerE,UTRASHBOY,443,468,5k2/5pp1/8/p1P4p/5P2/6P1/1K6/8 w - - 1 42,g8f8
31,EulerE,UTRASHBOY,443,468,5k2/5pp1/2P5/p6p/5P2/6P1/1K6/8 b - - 0 42,c5c6
31,EulerE,UTRASHBOY,443,468,4k3/5pp1/2P5/p6p/5P2/6P1/1K6/8 w - - 1 43,f8e8
31,EulerE,UTRASHBOY,443,468,4k3/2P2pp1/8/p6p/5P2/6P1/1K6/8 b - - 0 43,c6c7
31,EulerE,UTRASHBOY,443,468,8/2Pk1pp1/8/p6p/5P2/6P1/1K6/8 w - - 1 44,e8d7
31,EulerE,UTRASHBOY,443,468,2Q5/3k1pp1/8/p6p/5P2/6P1/1K6/8 b - - 0 44,c7c8q
31,EulerE,UTRASHBOY,443,468,2k5/5pp1/8/p6p/5P2/6P1/1K6/8 w - - 0 45,d7c8
31,EulerE,UTRASHBOY,443,468,2k5/5pp1/8/p4P1p/8/6P1/1K6/8 b - - 0 45,f4f5
31,EulerE,UTRASHBOY,443,468,2k5/5pp1/8/5P1p/p7/6P1/1K6/8 w - - 0 46,a5a4
31,EulerE,UTRASHBOY,443,468,2k5/5pp1/8/5P1p/p7/6P1/K7/8 b - - 1 46,b2a2
31,EulerE,UTRASHBOY,443,468,8/3k1pp1/8/5P1p/p7/6P1/K7/8 w - - 2 47,c8d7
31,EulerE,UTRASHBOY,443,468,8/3k1pp1/8/5P1p/p7/6P1/1K6/8 b - - 3 47,a2b2
31,EulerE,UTRASHBOY,443,468,8/5pp1/3k4/5P1p/p7/6P1/1K6/8 w - - 4 48,d7d6
31,EulerE,UTRASHBOY,443,468,8/5pp1/3k4/5P1p/p7/K5P1/8/8 b - - 5 48,b2a3
31,EulerE,UTRASHBOY,443,468,8/5pp1/8/4kP1p/p7/K5P1/8/8 w - - 6 49,d6e5
31,EulerE,UTRASHBOY,443,468,8/5pp1/8/4kP1p/K7/6P1/8/8 b - - 0 49,a3a4
31,EulerE,UTRASHBOY,443,468,8/5pp1/8/5k1p/K7/6P1/8/8 w - - 0 50,e5f5
31,EulerE,UTRASHBOY,443,468,8/5pp1/8/5k1p/8/1K4P1/8/8 b - - 1 50,a4b3
31,EulerE,UTRASHBOY,443,468,8/5pp1/8/7p/6k1/1K4P1/8/8 w - - 2 51,f5g4
31,EulerE,UTRASHBOY,443,468,8/5pp1/8/7p/6k1/6P1/2K5/8 b - - 3 51,b3c2
31,EulerE,UTRASHBOY,443,468,8/5pp1/8/7p/8/6k1/2K5/8 w - - 0 52,g4g3
31,EulerE,UTRASHBOY,443,468,8/5pp1/8/7p/8/6k1/3K4/8 b - - 1 52,c2d2
31,EulerE,UTRASHBOY,443,468,8/5pp1/8/8/7p/6k1/3K4/8 w - - 0 53,h5h4
31,EulerE,UTRASHBOY,443,468,8/5pp1/8/8/7p/6k1/8/4K3 b - - 1 53,d2e1
31,EulerE,UTRASHBOY,443,468,8/5pp1/8/8/8/6kp/8/4K3 w - - 0 54,h4h3
31,EulerE,UTRASHBOY,443,468,8/5pp1/8/8/8/6kp/8/5K2 b - - 1 54,e1f1
31,EulerE,UTRASHBOY,443,468,8/5pp1/8/8/8/6k1/7p/5K2 w - - 0 55,h3h2
31,EulerE,UTRASHBOY,443,468,8/5pp1/8/8/8/6k1/4K2p/8 b - - 1 55,f1e2
31,EulerE,UTRASHBOY,443,468,8/6p1/8/5p2/8/6k1/4K2p/8 w - - 0 56,f7f5
31,EulerE,UTRASHBOY,443,468,8/6p1/8/5p2/8/6k1/7p/5K2 b - - 1 56,e2f1
31,EulerE,UTRASHBOY,443,468,8/6p1/8/8/5p2/6k1/7p/5K2 w - - 0 57,f5f4
31,EulerE,UTRASHBOY,443,468,8/6p1/8/8/5p2/6k1/4K2p/8 b - - 1 57,f1e2
31,EulerE,UTRASHBOY,443,468,8/6p1/8/8/8/5pk1/4K2p/8 w - - 0 58,f4f3
31,EulerE,UTRASHBOY,443,468,8/6p1/8/8/8/5pk1/7p/4K3 b - - 1 58,e2e1
31,EulerE,UTRASHBOY,443,468,8/6p1/8/8/8/6k1/5p1p/4K3 w - - 0 59,f3f2
31,EulerE,UTRASHBOY,443,468,8/6p1/8/8/8/6k1/5p1p/5K2 b - - 1 59,e1f1
31,EulerE,UTRASHBOY,443,468,8/6p1/8/8/8/6k1/5p2/5K1q w - - 0 60,h2h1q
31,EulerE,UTRASHBOY,443,468,8/6p1/8/8/8/6k1/4Kp2/7q b - - 1 60,f1e2
31,EulerE,UTRASHBOY,443,468,8/6p1/8/8/8/6k1/4K3/5q1q w - - 0 61,f2f1q
31,EulerE,UTRASHBOY,443,468,8/6p1/8/8/8/4K1k1/8/5q1q b - - 1 61,e2e3
31,EulerE,UTRASHBOY,443,468,8/6p1/8/8/7k/4K3/8/5q1q w - - 2 62,g3h4
32,Octavedoux,EulerE,438,453,rnbqkbnr/pppppppp/8/8/4P3/8/PPPP1PPP/RNBQKBNR b KQkq - 0 1,e2e4
32,Octavedoux,EulerE,438,453,rnbqkbnr/pppp1ppp/8/4p3/4P3/8/PPPP1PPP/RNBQKBNR w KQkq - 0 2,e7e5
32,Octavedoux,EulerE,438,453,rnbqkbnr/pppp1ppp/8/4p3/4P3/2P5/PP1P1PPP/RNBQKBNR b KQkq - 0 2,c2c3
32,Octavedoux,EulerE,438,453,rnbqkb1r/pppp1ppp/5n2/4p3/4P3/2P5/PP1P1PPP/RNBQKBNR w KQkq - 1 3,g8f6
32,Octavedoux,EulerE,438,453,rnbqkb1r/pppp1ppp/5n2/4p3/4P3/2P2N2/PP1P1PPP/RNBQKB1R b KQkq - 2 3,g1f3
32,Octavedoux,EulerE,438,453,rnbqkb1r/pppp1ppp/8/4p3/4n3/2P2N2/PP1P1PPP/RNBQKB1R w KQkq - 0 4,f6e4
32,Octavedoux,EulerE,438,453,rnbqkb1r/pppp1ppp/8/4p3/4n3/2PP1N2/PP3PPP/RNBQKB1R b KQkq - 0 4,d2d3
32,Octavedoux,EulerE,438,453,rnbqkb1r/pppp1ppp/5n2/4p3/8/2PP1N2/PP3PPP/RNBQKB1R w KQkq - 1 5,e4f6
32,Octavedoux,EulerE,438,453,rnbqkb1r/pppp1ppp/5n2/4N3/8/2PP4/PP3PPP/RNBQKB1R b KQkq - 0 5,f3e5
32,Octavedoux,EulerE,438,453,rnbqkb1r/ppp2ppp/3p1n2/4N3/8/2PP4/PP3PPP/RNBQKB1R w KQkq - 0 6,d7d6
32,Octavedoux,EulerE,438,453,rnbqkb1r/ppp2ppp/3p1n2/8/2N5/2PP4/PP3PPP/RNBQKB1R b KQkq - 1 6,e5c4
32,Octavedoux,EulerE,438,453,rn1qkb1r/ppp2ppp/3pbn2/8/2N5/2PP4/PP3PPP/RNBQKB1R w KQkq - 2 7,c8e6
32,Octavedoux,EulerE,438,453,rn1qkb1r/ppp2ppp/3pbn2/6B1/2N5/2PP4/PP3PPP/RN1QKB1R b KQkq - 3 7,c1g5
32,Octavedoux,EulerE,438,453,rn1qkb1r/ppp2ppp/3p1n2/6B1/2N3b1/2PP4/PP3PPP/RN1QKB1R w KQkq - 4 8,e6g4
32,Octavedoux,EulerE,438,453,rn1qkb1r/ppp2ppp/3p1n2/6B1/2N3b1/2PP1P2/PP4PP/RN1QKB1R b KQkq - 0 8,f2f3
32,Octavedoux,EulerE,438,453,rn1qkb1r/ppp2ppp/3p1n2/5bB1/2N5/2PP1P2/PP4PP/RN1QKB1R w KQkq - 1 9,g4f5
32,Octavedoux,EulerE,438,453,rn1qkb1r/ppp2ppp/3p1n2/5bB1/2N5/2PP1P2/PP2Q1PP/RN2KB1R b KQkq - 2 9,d1e2
32,Octavedoux,EulerE,438,453,rn1qk2r/ppp1bppp/3p1n2/5bB1/2N5/2PP1P2/PP2Q1PP/RN2KB1R w KQkq - 3 10,f8e7
32,Octavedoux,EulerE,438,453,rn1qk2r/ppp1bppp/3p1n2/5bB1/2N5/2PP1P2/PP1NQ1PP/R3KB1R b KQkq - 4 10,b1d2
32,Octavedoux,EulerE,438,453,rn1qk2r/ppp1bppp/5n2/3p1bB1/2N5/2PP1P2/PP1NQ1PP/R3KB1R w KQkq - 0 11,d6d5
32,Octavedoux,EulerE,438,453,rn1qk2r/ppp1bppp/5n2/3pNbB1/8/2PP1P2/PP1NQ1PP/R3KB1R b KQkq - 1 11,c4e5
32,Octavedoux,EulerE,438,453,rn1q1k1r/ppp1bppp/5n2/3pNbB1/8/2PP1P2/PP1NQ1PP/R3KB1R w KQ - 2 12,e8f8
32,Octavedoux,EulerE,438,453,rn1q1k1r/ppp1bppp/5n2/3pNbB1/5P2/2PP4/PP1NQ1PP/R3KB1R b KQ - 0 12,f3f4
32,Octavedoux,EulerE,438,453,rn1q1k1r/ppp2ppp/3b1n2/3pNbB1/5P2/2PP4/PP1NQ1PP/R3KB1R w KQ - 1 13,e7d6
32,Octavedoux,EulerE,438,453,rn1q1k1r/ppp2ppp/3b1B2/3pNb2/5P2/2PP4/PP1NQ1PP/R3KB1R b KQ - 0 13,g5f6
32,Octavedoux,EulerE,438,453,rn3k1r/ppp2ppp/3b1q2/3pNb2/5P2/2PP4/PP1NQ1PP/R3KB1R w KQ - 0 14,d8f6
32,Octavedoux,EulerE,438,453,rn3k1r/ppp2ppp/3b1q2/3p1b2/5P2/2PP1N2/PP1NQ1PP/R3KB1R b KQ - 1 14,e5f3
32,Octavedoux,EulerE,438,453,r4k1r/pppn1ppp/3b1q2/3p1b2/5P2/2PP1N2/PP1NQ1PP/R3KB1R w KQ - 2 15,b8d7
32,Octavedoux,EulerE,438,453,r4k1r/pppn1ppp/3b1q2/3p1b2/3P1P2/2P2N2/PP1NQ1PP/R3KB1R b KQ - 0 15,d3d4
32,Octavedoux,EulerE,438,453,r4k1r/pppn1ppp/5q2/3p1b2/3P1b2/2P2N2/PP1NQ1PP/R3KB1R w KQ - 0 16,d6f4
32,Octavedoux,EulerE,438,453,r4k1r/pppn1ppp/5q2/3p1b2/3P1b2/1NP2N2/PP2Q1PP/R3KB1R b KQ - 1 16,d2b3
32,Octavedoux,EulerE,438,453,r4k1r/pppn1ppp/5q2/3p4/3P1bb1/1NP2N2/PP2Q1PP/R3KB1R w KQ - 2 17,f5g4
32,Octavedoux,EulerE,438,453,r4k1r/pppn1ppp/5q2/3p4/2PP1bb1/1N3N2/PP2Q1PP/R3KB1R b KQ - 0 17,c3c4
32,Octavedoux,EulerE,438,453,r4k1r/pppn1ppp/4q3/3p4/2PP1bb1/1N3N2/PP2Q1PP/R3KB1R w KQ - 1 18,f6e6
32,Octavedoux,EulerE,438,453,r4k1r/pppn1ppp/4q3/3pN3/2PP1bb1/1N6/PP2Q1PP/R3KB1R b KQ - 2 18,f3e5
32,Octavedoux,EulerE,438,453,r4k1r/ppp2ppp/4q3/3pn3/2PP1bb1/1N6/PP2Q1PP/R3KB1R w KQ - 0 19,d7e5
32,Octavedoux,EulerE,438,453,r4k1r/ppp2ppp/4q3/3pn3/2PP1bb1/1N6/PP3QPP/R3KB1R b KQ - 1 19,e2f2
32,Octavedoux,EulerE,438,453,r4k1r/ppp2ppp/8/3pnq2/2PP1bb1/1N6/PP3QPP/R3KB1R w KQ - 2 20,e6f5
32,Octavedoux,EulerE,438,453,r4k1r/ppp2ppp/8/3pnq2/2PP1bb1/1N1B4/PP3QPP/R3K2R b KQ - 3 20,f1d3
32,Octavedoux,EulerE,438,453,r4k1r/ppp2ppp/8/3pn3/2PP1bb1/1N1q4/PP3QPP/R3K2R w KQ - 0 21,f5d3
32,Octavedoux,EulerE,438,453,r4k1r/ppp2ppp/8/3pn3/2PP1Qb1/1N1q4/PP4PP/R3K2R b KQ - 0 21,f2f4
32,Octavedoux,EulerE,438,453,r4k1r/ppp3pp/5p2/3pn3/2PP1Qb1/1N1q4/PP4PP/R3K2R w KQ - 0 22,f7f6
32,Octavedoux,EulerE,438,453,r4k1r/ppp3pp/5p2/3pn3/2PP1Qb1/1N1q4/PP4PP/3RK2R b K - 1 22,a1d1
32,Octavedoux,EulerE,438,453,r4k1r/ppp3pp/5p2/3pn3/2qP1Qb1/1N6/PP4PP/3RK2R w K - 0 23,d3c4
32,Octavedoux,EulerE,438,453,r4k1r/ppp3pp/5p2/3pn3/2qP1Qb1/1N6/PP4PP/2R1K2R b K - 1 23,d1c1
32,Octavedoux,EulerE,438,453,r4k1r/ppp3pp/5p2/3pn3/3P1Qb1/1q6/PP4PP/2R1K2R w K - 0 24,c4b3
32,Octavedoux,EulerE,438,453,r4k1r/ppp3pp/5p2/3pP3/5Qb1/1q6/PP4PP/2R1K2R b K - 0 24,d4e5
32,Octavedoux,EulerE,438,453,r4k1r/ppp3pp/1q3p2/3pP3/5Qb1/8/PP4PP/2R1K2R w K - 1 25,b3b6
32,Octavedoux,EulerE,438,453,r4k1r/ppp3pp/1q3p2/3pP3/6Q1/8/PP4PP/2R1K2R b K - 0 25,f4g4
32,Octavedoux,EulerE,438,453,r4k1r/ppp3pp/1q6/3pp3/6Q1/8/PP4PP/2R1K2R w K - 0 26,f6e5
32,Octavedoux,EulerE,438,453,r4k1r/ppp3pp/1q6/3pp3/6Q1/8/PP4PP/3RK2R b K - 1 26,c1d1
32,Octavedoux,EulerE,438,453,r4k1r/ppp3pp/8/3pp3/6Q1/8/Pq4PP/3RK2R w K - 0 27,b6b2
32,Octavedoux,EulerE,438,453,r4k1r/ppp3pp/8/3pp3/6Q1/8/Pq4PP/3R1RK1 b - - 1 27,e1g1
32,Octavedoux,EulerE,438,453,r5kr/ppp3pp/8/3pp3/6Q1/8/Pq4PP/3R1RK1 w - - 2 28,f8g8
32,Octavedoux,EulerE,438,453,r5kr/ppp3pp/8/3Rp3/6Q1/8/Pq4PP/5RK1 b - - 0 28,d1d5
32,Octavedoux,EulerE,438,453,5rkr/ppp3pp/8/3Rp3/6Q1/8/Pq4PP/5RK1 w - - 1 29,a8f8
32,Octavedoux,EulerE,438,453,5Rkr/ppp3pp/8/3Rp3/6Q1/8/Pq4PP/6K1 b - - 0 29,f1f8
32,Octavedoux,EulerE,438,453,5k1r/ppp3pp/8/3Rp3/6Q1/8/Pq4PP/6K1 w - - 0 30,g8f8
32,Octavedoux,EulerE,438,453,3R1k1r/ppp3pp/8/4p3/6Q1/8/Pq4PP/6K1 b - - 1 30,d5d8
32,Octavedoux,EulerE,438,453,3R3r/ppp1k1pp/8/4p3/6Q1/8/Pq4PP/6K1 w - - 2 31,f8e7
32,Octavedoux,EulerE,438,453,3R3r/ppp1k1pp/8/4p1Q1/8/8/Pq4PP/6K1 b - - 3 31,g4g5
32,Octavedoux,EulerE,438,453,3R3r/ppp3pp/4k3/4p1Q1/8/8/Pq4PP/6K1 w - - 4 32,e7e6
32,Octavedoux,EulerE,438,453,3R3r/ppp3Qp/4k3/4p3/8/8/Pq4PP/6K1 b - - 0 32,g5g7
32,Octavedoux,EulerE,438,453,3R1r2/ppp3Qp/4k3/4p3/8/8/Pq4PP/6K1 w - - 1 33,h8f8
32,Octavedoux,EulerE,438,453,3R1Q2/ppp4p/4k3/4p3/8/8/Pq4PP/6K1 b - - 0 33,g7f8
32,Octavedoux,EulerE,438,453,3R1Q2/ppp4p/4k3/4p3/8/8/q5PP/6K1 w - - 0 34,b2a2
32,Octavedoux,EulerE,438,453,3RQ3/ppp4p/4k3/4p3/8/8/q5PP/6K1 b - - 1 34,f8e8
32,Octavedoux,EulerE,438,453,3RQ3/ppp4p/8/4pk2/8/8/q5PP/6K1 w - - 2 35,e6f5
32,Octavedoux,EulerE,438,453,3R4/ppp2Q1p/8/4pk2/8/8/q5PP/6K1 b - - 3 35,e8f7
32,Octavedoux,EulerE,438,453,3R4/ppp2q1p/8/4pk2/8/8/6PP/6K1 w - - 0 36,a2f7
32,Octavedoux,EulerE,438,453,8/ppp2q1p/8/4pk2/8/3R4/6PP/6K1 b - - 1 36,d8d3
32,Octavedoux,EulerE,438,453,8/p1p2q1p/1p6/4pk2/8/3R4/6PP/6K1 w - - 0 37,b7b6
32,Octavedoux,EulerE,438,453,8/p1p2q1p/1p6/4pk2/7P/3R4/6P1/6K1 b - - 0 37,h2h4
32,Octavedoux,EulerE,438,453,8/p1p2q1p/8/1p2pk2/7P/3R4/6P1/6K1 w - - 0 38,b6b5
32,Octavedoux,EulerE,438,453,8/p1p2q1p/8/1p2pk2/7P/6R1/6P1/6K1 b - - 1 38,d3g3
32,Octavedoux,EulerE,438,453,8/p1p2q1p/8/4pk2/1p5P/6R1/6P1/6K1 w - - 0 39,b5b4
32,Octavedoux,EulerE,438,453,8/p1p2q1p/8/4pkR1/1p5P/8/6P1/6K1 b - - 1 39,g3g5
32,Octavedoux,EulerE,438,453,8/p1p2q1p/5k2/4p1R1/1p5P/8/6P1/6K1 w - - 2 40,f5f6
32,Octavedoux,EulerE,438,453,8/p1p2q1p/5k2/4p1R1/1p4PP/8/8/6K1 b - - 0 40,g2g4
32,Octavedoux,EulerE,438,453,8/p1p2q1p/5k2/4p1R1/6PP/1p6/8/6K1 w - - 0 41,b4b3
32,Octavedoux,EulerE,438,453,8/p1p2q1p/5k2/4p1RP/6P1/1p6/8/6K1 b - - 0 41,h4h5
32,Octavedoux,EulerE,438,453,8/p1p2q1p/8/4p1kP/6P1/1p6/8/6K1 w - - 0 42,f6g5
32,Octavedoux,EulerE,438,453,8/p1p2q1p/8/4p1kP/6P1/1p6/6K1/8 b - - 1 42,g1g2
32,Octavedoux,EulerE,438,453,8/p1p2q1p/8/4p1kP/6P1/8/1p4K1/8 w - - 0 43,b3b2
32,Octavedoux,EulerE,438,453,8/p1p2q1p/8/4p1kP/6P1/6K1/1p6/8 b - - 1 43,g2g3
32,Octavedoux,EulerE,438,453,8/p1p2q1p/8/4p1kP/6P1/6K1/8/1q6 w - - 0 44,b2b1q
32,Octavedoux,EulerE,438,453,8/p1p2q1p/7P/4p1k1/6P1/6K1/8/1q6 b - - 0 44,h5h6
32,Octavedoux,EulerE,438,453,8/p1p4p/7P/4p1k1/5qP1/6K1/8/1q6 w - - 1 45,f7f4
32,Octavedoux,EulerE,438,453,8/p1p4p/7P/4p1k1/5qP1/7K/8/1q6 b - - 2 45,g3h3
32,Octavedoux,EulerE,438,453,8/p1p4p/7P/4p1k1/6q1/7K/8/1q6 w - - 0 46,f4g4
32,Octavedoux,EulerE,438,453,8/p1p4p/7P/4p1k1/6q1/8/7K/1q6 b - - 1 46,h3h2
32,Octavedoux,EulerE,438,453,8/p1p4p/7P/4p1k1/6q1/8/7K/6q1 w - - 2 47,b1g1
33,MassoudYounes,EulerE,430,443,rnbqkbnr/pppppppp/8/8/3P4/8/PPP1PPPP/RNBQKBNR b KQkq - 0 1,d2d4
33,MassoudYounes,EulerE,430,443,rnbqkbnr/ppp1pppp/8/3p4/3P4/8/PPP1PPPP/RNBQKBNR w KQkq - 0 2,d7d5
33,MassoudYounes,EulerE,430,443,rnbqkbnr/ppp1pppp/8/3p4/3P4/2N5/PPP1PPPP/R1BQKBNR b KQkq - 1 2,b1c3
33,MassoudYounes,EulerE,430,443,rnbqkbnr/ppp2ppp/4p3/3p4/3P4/2N5/PPP1PPPP/R1BQKBNR w KQkq - 0 3,e7e6
33,MassoudYounes,EulerE,430,443,rnbqkbnr/ppp2ppp/4p3/3p4/3P4/2N2N2/PPP1PPPP/R1BQKB1R b KQkq - 1 3,g1f3
33,MassoudYounes,EulerE,430,443,r1bqkbnr/ppp2ppp/2n1p3/3p4/3P4/2N2N2/PPP1PPPP/R1BQKB1R w KQkq - 2 4,b8c6
33,MassoudYounes,EulerE,430,443,r1bqkbnr/ppp2ppp/2n1p3/3p4/3PP3/2N2N2/PPP2PPP/R1BQKB1R b KQkq - 0 4,e2e4
33,MassoudYounes,EulerE,430,443,r1bqkbnr/ppp2ppp/2n1p3/8/3Pp3/2N2N2/PPP2PPP/R1BQKB1R w KQkq - 0 5,d5e4
33,MassoudYounes,EulerE,430,443,r1bqkbnr/ppp2ppp/2n1p3/8/3Pp3/2N5/PPPN1PPP/R1BQKB1R b KQkq - 1 5,f3d2
33,MassoudYounes,EulerE,430,443,r1bqkbnr/ppp2ppp/4p3/8/3np3/2N5/PPPN1PPP/R1BQKB1R w KQkq - 0 6,c6d4
33,MassoudYounes,EulerE,430,443,r1bqkbnr/ppp2ppp/4p3/8/3nN3/2N5/PPP2PPP/R1BQKB1R b KQkq - 0 6,d2e4
33,MassoudYounes,EulerE,430,443,r1bqkbnr/ppp3pp/4p3/5p2/3nN3/2N5/PPP2PPP/R1BQKB1R w KQkq - 0 7,f7f5
33,MassoudYounes,EulerE,430,443,r1bqkbnr/ppp3pp/4p3/5p2/3n4/2N3N1/PPP2PPP/R1BQKB1R b KQkq - 1 7,e4g3
33,MassoudYounes,EulerE,430,443,r1bqk1nr/ppp3pp/4p3/5p2/1b1n4/2N3N1/PPP2PPP/R1BQKB1R w KQkq - 2 8,f8b4
33,MassoudYounes,EulerE,430,443,r1bqk1nr/ppp3pp/4p3/5p2/1b1n4/2N3N1/PPPB1PPP/R2QKB1R b KQkq - 3 8,c1d2
33,MassoudYounes,EulerE,430,443,r1bqk1nr/ppp3pp/3bp3/5p2/3n4/2N3N1/PPPB1PPP/R2QKB1R w KQkq - 4 9,b4d6
33,MassoudYounes,EulerE,430,443,r1bqk1nr/ppp3pp/3bp3/1N3p2/3n4/6N1/PPPB1PPP/R2QKB1R b KQkq - 5 9,c3b5
33,MassoudYounes,EulerE,430,443,r1bqk1nr/ppp3pp/4p3/1N3p2/3n4/6b1/PPPB1PPP/R2QKB1R w KQkq - 0 10,d6g3
33,MassoudYounes,EulerE,430,443,r1bqk1nr/ppp3pp/4p3/1N3p2/3n4/6P1/PPPB2PP/R2QKB1R b KQkq - 0 10,f2g3
33,MassoudYounes,EulerE,430,443,r1bqk2r/ppp1n1pp/4p3/1N3p2/3n4/6P1/PPPB2PP/R2QKB1R w KQkq - 1 11,g8e7
33,MassoudYounes,EulerE,430,443,r1bqk2r/ppp1n1pp/4p3/5p2/3N4/6P1/PPPB2PP/R2QKB1R b KQkq - 0 11,b5d4
33,MassoudYounes,EulerE,430,443,r1bqk2r/ppp1n1pp/8/4pp2/3N4/6P1/PPPB2PP/R2QKB1R w KQkq - 0 12,e6e5
33,MassoudYounes,EulerE,430,443,r1bqk2r/ppp1n1pp/8/4pp2/8/5NP1/PPPB2PP/R2QKB1R b KQkq - 1 12,d4f3
33,MassoudYounes,EulerE,430,443,r1bqk2r/pp2n1pp/2p5/4pp2/8/5NP1/PPPB2PP/R2QKB1R w KQkq - 0 13,c7c6
33,MassoudYounes,EulerE,430,443,r1bqk2r/pp2n1pp/2p5/4pp2/7P/5NP1/PPPB2P1/R2QKB1R b KQkq - 0 13,h2h4
33,MassoudYounes,EulerE,430,443,r1b1k2r/pp2n1pp/2p5/3qpp2/7P/5NP1/PPPB2P1/R2QKB1R w KQkq - 1 14,d8d5
33,MassoudYounes,EulerE,430,443,r1b1k2r/pp2n1pp/2p5/3qpp2/6PP/5N2/PPPB2P1/R2QKB1R b KQkq - 0 14,g3g4
33,MassoudYounes,EulerE,430,443,r1b1k2r/pp2n1pp/2p5/3qp3/6pP/5N2/PPPB2P1/R2QKB1R w KQkq - 0 15,f5g4
33,MassoudYounes,EulerE,430,443,r1b1k2r/pp2n1pp/2p5/3qp1N1/6pP/8/PPPB2P1/R2QKB1R b KQkq - 1 15,f3g5
33,MassoudYounes,EulerE,430,443,r1b1k2r/pp2n1pp/2pq4/4p1N1/6pP/8/PPPB2P1/R2QKB1R w KQkq - 2 16,d5d6
33,MassoudYounes,EulerE,430,443,r1b1k2r/pp2n1pp/2pq4/4p1N1/2B3pP/8/PPPB2P1/R2QK2R b KQkq - 3 16,f1c4
33,MassoudYounes,EulerE,430,443,r1b1k2r/pp2n1pp/2p3q1/4p1N1/2B3pP/8/PPPB2P1/R2QK2R w KQkq - 4 17,d6g6
33,MassoudYounes,EulerE,430,443,r1b1k2r/pp2n1pp/2p3q1/4p1NP/2B3p1/8/PPPB2P1/R2QK2R b KQkq - 0 17,h4h5
33,MassoudYounes,EulerE,430,443,r1b1k2r/pp2n1pp/2p5/4p1Nq/2B3p1/8/PPPB2P1/R2QK2R w KQkq - 0 18,g6h5
33,MassoudYounes,EulerE,430,443,r1b1k2r/pp2n1pp/2p5/4p1NR/2B3p1/8/PPPB2P1/R2QK3 b Qkq - 0 18,h1h5
33,MassoudYounes,EulerE,430,443,r1b1k2r/pp2n1p1/2p4p/4p1NR/2B3p1/8/PPPB2P1/R2QK3 w Qkq - 0 19,h7h6
33,MassoudYounes,EulerE,430,443,r1b1k2r/pp2n1p1/2p4p/4p1NR/2B3Q1/8/PPPB2P1/R3K3 b Qkq - 0 19,d1g4
33,MassoudYounes,EulerE,430,443,r1b1k2r/pp2n3/2p3pp/4p1NR/2B3Q1/8/PPPB2P1/R3K3 w Qkq - 0 20,g7g6
33,MassoudYounes,EulerE,430,443,r1b1k2r/pp2n3/2p3pp/4p1NR/2B5/5Q2/PPPB2P1/R3K3 b Qkq - 1 20,g4f3
33,MassoudYounes,EulerE,430,443,r1b1k2r/pp2n3/2p3p1/4p1pR/2B5/5Q2/PPPB2P1/R3K3 w Qkq - 0 21,h6g5
34,player809,EulerE,453,453,rnbqkbnr/pppppppp/8/8/4P3/8/PPPP1PPP/RNBQKBNR b KQkq - 0 1,e2e4
34,player809,EulerE,453,453,rnbqkbnr/pppp1ppp/8/4p3/4P3/8/PPPP1PPP/RNBQKBNR w KQkq - 0 2,e7e5
34,player809,EulerE,453,453,rnbqkbnr/pppp1ppp/8/4p3/4P3/3P4/PPP2PPP/RNBQKBNR b KQkq - 0 2,d2d3
34,player809,EulerE,453,453,rnbqkb1r/pppp1ppp/5n2/4p3/4P3/3P4/PPP2PPP/RNBQKBNR w KQkq - 1 3,g8f6
34,player809,EulerE,453,453,rnbqkb1r/pppp1ppp/5n2/4p3/4P3/3P1N2/PPP2PPP/RNBQKB1R b KQkq - 2 3,g1f3
34,player809,EulerE,453,453,rnbqkb1r/ppp2ppp/3p1n2/4p3/4P3/3P1N2/PPP2PPP/RNBQKB1R w KQkq - 0 4,d7d6
34,player809,EulerE,453,453,rnbqkb1r/ppp2ppp/3p1n2/4p1B1/4P3/3P1N2/PPP2PPP/RN1QKB1R b KQkq - 1 4,c1g5
34,player809,EulerE,453,453,rnbqkb1r/ppp2pp1/3p1n1p/4p1B1/4P3/3P1N2/PPP2PPP/RN1QKB1R w KQkq - 0 5,h7h6
34,player809,EulerE,453,453,rnbqkb1r/ppp2pp1/3p1n1p/4p3/4P2B/3P1N2/PPP2PPP/RN1QKB1R b KQkq - 1 5,g5h4
34,player809,EulerE,453,453,rnbqkb1r/ppp2p2/3p1n1p/4p1p1/4P2B/3P1N2/PPP2PPP/RN1QKB1R w KQkq - 0 6,g7g5
34,player809,EulerE,453,453,rnbqkb1r/ppp2p2/3p1n1p/4p1p1/4P2B/3P1NP1/PPP2P1P/RN1QKB1R b KQkq - 0 6,g2g3
34,player809,EulerE,453,453,rnbqkb1r/ppp2p2/3p1n1p/4p3/4P2p/3P1NP1/PPP2P1P/RN1QKB1R w KQkq - 0 7,g5h4
34,player809,EulerE,453,453,rnbqkb1r/ppp2p2/3p1n1p/4p3/4P2P/3P1N2/PPP2P1P/RN1QKB1R b KQkq - 0 7,g3h4
34,player809,EulerE,453,453,rn1qkb1r/ppp2p2/3p1n1p/4p3/4P1bP/3P1N2/PPP2P1P/RN1QKB1R w KQkq - 1 8,c8g4
34,player809,EulerE,453,453,rn1qkb1r/ppp2p2/3p1n1p/4p3/4P1bP/3P1N2/PPP2P1P/RN1QKBR1 b Qkq - 2 8,h1g1
34,player809,EulerE,453,453,rn1qkb1r/ppp2p2/3p1n1p/4p2b/4P2P/3P1N2/PPP2P1P/RN1QKBR1 w Qkq - 3 9,g4h5
34,player809,EulerE,453,453,rn1qkb1r/ppp2p2/3p1n1p/4p2b/4P2P/2NP1N2/PPP2P1P/R2QKBR1 b Qkq - 4 9,b1c3
34,player809,EulerE,453,453,rn1qkbr1/ppp2p2/3p1n1p/4p2b/4P2P/2NP1N2/PPP2P1P/R2QKBR1 w Qq - 5 10,h8g8
34,player809,EulerE,453,453,rn1qkbR1/ppp2p2/3p1n1p/4p2b/4P2P/2NP1N2/PPP2P1P/R2QKB2 b Qq - 0 10,g1g8
34,player809,EulerE,453,453,rn1qkbn1/ppp2p2/3p3p/4p2b/4P2P/2NP1N2/PPP2P1P/R2QKB2 w Qq - 0 11,f6g8
34,player809,EulerE,453,453,rn1qkbn1/ppp2p2/3p3p/4p2b/4P2P/2NP1N1B/PPP2P1P/R2QK3 b Qq - 1 11,f1h3
34,player809,EulerE,453,453,rn1qkb2/ppp2p2/3p1n1p/4p2b/4P2P/2NP1N1B/PPP2P1P/R2QK3 w Qq - 2 12,g8f6
34,player809,EulerE,453,453,rn1qkb2/ppp2p2/3p1n1p/4p2b/3PP2P/2N2N1B/PPP2P1P/R2QK3 b Qq - 0 12,d3d4
34,player809,EulerE,453,453,rn1qkb2/ppp2p2/3p1n1p/4p3/3PP1bP/2N2N1B/PPP2P1P/R2QK3 w Qq - 1 13,h5g4
34,player809,EulerE,453,453,rn1qkb2/ppp2p2/3p1n1p/4p3/3PP1BP/2N2N2/PPP2P1P/R2QK3 b Qq - 0 13,h3g4
34,player809,EulerE,453,453,rn1qkb2/ppp2p2/3p3p/4p3/3PP1nP/2N2N2/PPP2P1P/R2QK3 w Qq - 0 14,f6g4
34,player809,EulerE,453,453,rn1qkb2/ppp2p2/3p3p/4P3/4P1nP/2N2N2/PPP2P1P/R2QK3 b Qq - 0 14,d4e5
34,player809,EulerE,453,453,rn1qkb2/ppp2p2/3p3p/4n3/4P2P/2N2N2/PPP2P1P/R2QK3 w Qq - 0 15,g4e5
34,player809,EulerE,453,453,rn1qkb2/ppp2p2/3p3p/4n3/3NP2P/2N5/PPP2P1P/R2QK3 b Qq - 1 15,f3d4
35,EulerE,PsychicznyKapi,445,511,rnbqkbnr/pppppppp/8/8/4P3/8/PPPP1PPP/RNBQKBNR b KQkq - 0 1,e2e4
35,EulerE,PsychicznyKapi,445,511,rnbqkbnr/pp1ppppp/8/2p5/4P3/8/PPPP1PPP/RNBQKBNR w KQkq - 0 2,c7c5
35,EulerE,PsychicznyKapi,445,511,rnbqkbnr/pp1ppppp/8/2p5/4P3/5N2/PPPP1PPP/RNBQKB1R b KQkq - 1 2,g1f3
35,EulerE,PsychicznyKapi,445,511,rnbqkbnr/pp2pppp/3p4/2p5/4P3/5N2/PPPP1PPP/RNBQKB1R w KQkq - 0 3,d7d6
35,EulerE,PsychicznyKapi,445,511,rnbqkbnr/pp2pppp/3p4/1Bp5/4P3/5N2/PPPP1PPP/RNBQK2R b KQkq - 1 3,f1b5
35,EulerE,PsychicznyKapi,445,511,r1bqkbnr/pp1npppp/3p4/1Bp5/4P3/5N2/PPPP1PPP/RNBQK2R w KQkq - 2 4,b8d7
35,EulerE,PsychicznyKapi,445,511,r1bqkbnr/pp1npppp/3p4/2p5/2B1P3/5N2/PPPP1PPP/RNBQK2R b KQkq - 3 4,b5c4
35,EulerE,PsychicznyKapi,445,511,r1bqkb1r/pp1npppp/3p1n2/2p5/2B1P3/5N2/PPPP1PPP/RNBQK2R w KQkq - 4 5,g8f6
35,EulerE,PsychicznyKapi,445,511,r1bqkb1r/pp1npppp/3p1n2/2p5/2B1P3/5N2/PPPPQPPP/RNB1K2R b KQkq - 5 5,d1e2
35,EulerE,PsychicznyKapi,445,511,r1bqkb1r/1p1npppp/3p1n2/p1p5/2B1P3/5N2/PPPPQPPP/RNB1K2R w KQkq - 0 6,a7a5
35,EulerE,PsychicznyKapi,445,511,r1bqkb1r/1p1npppp/3p1n2/p1p5/2B1P3/2N2N2/PPPPQPPP/R1B1K2R b KQkq - 1 6,b1c3
35,EulerE,PsychicznyKapi,445,511,r1bqkb1r/3npppp/1p1p1n2/p1p5/2B1P3/2N2N2/PPPPQPPP/R1B1K2R w KQkq - 0 7,b7b6
35,EulerE,PsychicznyKapi,445,511,r1bqkb1r/3npppp/1p1p1n2/p1pN4/2B1P3/5N2/PPPPQPPP/R1B1K2R b KQkq - 1 7,c3d5
35,EulerE,PsychicznyKapi,445,511,r2qkb1r/1b1npppp/1p1p1n2/p1pN4/2B1P3/5N2/PPPPQPPP/R1B1K2R w KQkq - 2 8,c8b7
35,EulerE,PsychicznyKapi,445,511,r2qkb1r/1b1npppp/1p1p1n2/p1pN4/2B1P3/3Q1N2/PPPP1PPP/R1B1K2R b KQkq - 3 8,e2d3
35,EulerE,PsychicznyKapi,445,511,r2qkb1r/1b1nppp1/1p1p1n1p/p1pN4/2B1P3/3Q1N2/PPPP1PPP/R1B1K2R w KQkq - 0 9,h7h6
35,EulerE,PsychicznyKapi,445,511,r2qkb1r/1b1nppp1/1p1p1n1p/p1pN4/2B1P3/1P1Q1N2/P1PP1PPP/R1B1K2R b KQkq - 0 9,b2b3
35,EulerE,PsychicznyKapi,445,511,2rqkb1r/1b1nppp1/1p1p1n1p/p1pN4/2B1P3/1P1Q1N2/P1PP1PPP/R1B1K2R w KQk - 1 10,a8c8
35,EulerE,PsychicznyKapi,445,511,2rqkb1r/1b1nppp1/1p1p1n1p/p1pN4/2B1P3/1P1Q1N2/PBPP1PPP/R3K2R b KQk - 2 10,c1b2
35,EulerE,PsychicznyKapi,445,511,2rqkb1r/1b1npp2/1p1p1n1p/p1pN2p1/2B1P3/1P1Q1N2/PBPP1PPP/R3K2R w KQk - 0 11,g7g5
35,EulerE,PsychicznyKapi,445,511,2rqkb1r/1b1npp2/1p1p1n1p/p1pN2p1/2B1P1P1/1P1Q1N2/PBPP1P1P/R3K2R b KQk - 0 11,g2g4
35,EulerE,PsychicznyKapi,445,511,2rqk2r/1b1nppb1/1p1p1n1p/p1pN2p1/2B1P1P1/1P1Q1N2/PBPP1P1P/R3K2R w KQk - 1 12,f8g7
35,EulerE,PsychicznyKapi,445,511,2rqk2r/1b1nppb1/1p1p1n1p/p1pN2p1/2B1P1P1/1P1Q1N1P/PBPP1P2/R3K2R b KQk - 0 12,h2h3
35,EulerE,PsychicznyKapi,445,511,2rq1rk1/1b1nppb1/1p1p1n1p/p1pN2p1/2B1P1P1/1P1Q1N1P/PBPP1P2/R3K2R w KQ - 1 13,e8g8
35,EulerE,PsychicznyKapi,445,511,2rq1rk1/1b1nppb1/1p1p1n1p/p1pN2p1/P1B1P1P1/1P1Q1N1P/1BPP1P2/R3K2R b KQ - 0 13,a2a4
35,EulerE,PsychicznyKapi,445,511,2rq1rk1/1b1n1pb1/1p1ppn1p/p1pN2p1/P1B1P1P1/1P1Q1N1P/1BPP1P2/R3K2R w KQ - 0 14,e7e6
35,EulerE,PsychicznyKapi,445,511,2rq1rk1/1b1n1pb1/1p1ppn1p/p1p3p1/P1B1P1P1/1P1QNN1P/1BPP1P2/R3K2R b KQ - 1 14,d5e3
35,EulerE,PsychicznyKapi,445,511,2rq1rk1/3n1pb1/1p1ppn1p/p1p3p1/P1B1b1P1/1P1QNN1P/1BPP1P2/R3K2R w KQ - 0 15,b7e4
35,EulerE,PsychicznyKapi,445,511,2rq1rk1/3n1pb1/1p1ppn1p/p1p3p1/P1BQb1P1/1P2NN1P/1BPP1P2/R3K2R b KQ - 1 15,d3d4
35,EulerE,PsychicznyKapi,445,511,2rq1rk1/3n1pb1/1p1ppn1p/p1p3p1/P1BQ2P1/1P2Nb1P/1BPP1P2/R3K2R w KQ - 0 16,e4f3
36,Maxda2000,EulerE,443,454,rnbqkbnr/pppppppp/8/8/4P3/8/PPPP1PPP/RNBQKBNR b KQkq - 0 1,e2e4
36,Maxda2000,EulerE,443,454,rnbqkbnr/pppp1ppp/8/4p3/4P3/8/PPPP1PPP/RNBQKBNR w KQkq - 0 2,e7e5
36,Maxda2000,EulerE,443,454,rnbqkbnr/pppp1ppp/8/4p3/4P3/5N2/PPPP1PPP/RNBQKB1R b KQkq - 1 2,g1f3
36,Maxda2000,EulerE,443,454,r1bqkbnr/pppp1ppp/2n5/4p3/4P3/5N2/PPPP1PPP/RNBQKB1R w KQkq - 2 3,b8c6
36,Maxda2000,EulerE,443,454,r1bqkbnr/pppp1ppp/2n5/4p3/4P3/3P1N2/PPP2PPP/RNBQKB1R b KQkq - 0 3,d2d3
36,Maxda2000,EulerE,443,454,r1bqkbnr/pppp2pp/2n2p2/4p3/4P3/3P1N2/PPP2PPP/RNBQKB1R w KQkq - 0 4,f7f6
36,Maxda2000,EulerE,443,454,r1bqkbnr/pppp2pp/2n2p2/4p3/4P3/2NP1N2/PPP2PPP/R1BQKB1R b KQkq - 1 4,b1c3
36,Maxda2000,EulerE,443,454,r1bqk1nr/pppp2pp/2n2p2/4p3/1b2P3/2NP1N2/PPP2PPP/R1BQKB1R w KQkq - 2 5,f8b4
36,Maxda2000,EulerE,443,454,r1bqk1nr/pppp2pp/2n2p2/4p3/1b2P3/P1NP1N2/1PP2PPP/R1BQKB1R b KQkq - 0 5,a2a3
36,Maxda2000,EulerE,443,454,r1bqk1nr/pppp2pp/2n2p2/b3p3/4P3/P1NP1N2/1PP2PPP/R1BQKB1R w KQkq - 1 6,b4a5
36,Maxda2000,EulerE,443,454,r1bqk1nr/pppp2pp/2n2p2/b3p3/4P3/P1NP1N2/1PP1BPPP/R1BQK2R b KQkq - 2 6,f1e2
36,Maxda2000,EulerE,443,454,r1b1k1nr/ppppq1pp/2n2p2/b3p3/4P3/P1NP1N2/1PP1BPPP/R1BQK2R w KQkq - 3 7,d8e7
36,Maxda2000,EulerE,443,454,r1b1k1nr/ppppq1pp/2n2p2/b3p3/4P3/P1NP1N2/1PP1BPPP/R1BQ1RK1 b kq - 4 7,e1g1
36,Maxda2000,EulerE,443,454,r1b1k1nr/ppp1q1pp/2np1p2/b3p3/4P3/P1NP1N2/1PP1BPPP/R1BQ1RK1 w kq - 0 8,d7d6
36,Maxda2000,EulerE,443,454,r1b1k1nr/ppp1q1pp/2np1p2/b3p3/1P2P3/P1NP1N2/2P1BPPP/R1BQ1RK1 b kq - 0 8,b2b4
36,Maxda2000,EulerE,443,454,r1b1k1nr/ppp1q1pp/1bnp1p2/4p3/1P2P3/P1NP1N2/2P1BPPP/R1BQ1RK1 w kq - 1 9,a5b6
36,Maxda2000,EulerE,443,454,r1b1k1nr/ppp1q1pp/1bnp1p2/4p3/1P2P3/P1NP1N2/2P1BPPP/1RBQ1RK1 b kq - 2 9,a1b1
36,Maxda2000,EulerE,443,454,r3k1nr/ppp1q1pp/1bnp1p2/4p3/1P2P1b1/P1NP1N2/2P1BPPP/1RBQ1RK1 w kq - 3 10,c8g4
36,Maxda2000,EulerE,443,454,r3k1nr/ppp1q1pp/1bnp1p2/4p3/1P2P1b1/P1NP1N1P/2P1BPP1/1RBQ1RK1 b kq - 0 10,h2h3
36,Maxda2000,EulerE,443,454,r3k1nr/ppp1q1pp/1bnp1p2/4p2b/1P2P3/P1NP1N1P/2P1BPP1/1RBQ1RK1 w kq - 1 11,g4h5
36,Maxda2000,EulerE,443,454,r3k1nr/ppp1q1pp/1bnp1p2/4p2b/1P2P1P1/P1NP1N1P/2P1BP2/1RBQ1RK1 b kq - 0 11,g2g4
36,Maxda2000,EulerE,443,454,r3k1nr/ppp1q1pp/1bnp1pb1/4p3/1P2P1P1/P1NP1N1P/2P1BP2/1RBQ1RK1 w kq - 1 12,h5g6
36,Maxda2000,EulerE,443,454,r3k1nr/ppp1q1pp/1bnp1pb1/4p3/1P2P1PN/P1NP3P/2P1BP2/1RBQ1RK1 b kq - 2 12,f3h4
36,Maxda2000,EulerE,443,454,r3k1nr/ppp1qbpp/1bnp1p2/4p3/1P2P1PN/P1NP3P/2P1BP2/1RBQ1RK1 w kq - 3 13,g6f7
36,Maxda2000,EulerE,443,454,r3k1nr/ppp1qbpp/1bnp1p2/4p3/1P2P1PN/P1NP1B1P/2P2P2/1RBQ1RK1 b kq - 4 13,e2f3
36,Maxda2000,EulerE,443,454,2kr2nr/ppp1qbpp/1bnp1p2/4p3/1P2P1PN/P1NP1B1P/2P2P2/1RBQ1RK1 w - - 5 14,e8c8
36,Maxda2000,EulerE,443,454,2kr2nr/ppp1qbpp/1bnp1p2/1N2p3/1P2P1PN/P2P1B1P/2P2P2/1RBQ1RK1 b - - 6 14,c3b5
36,Maxda2000,EulerE,443,454,1k1r2nr/ppp1qbpp/1bnp1p2/1N2p3/1P2P1PN/P2P1B1P/2P2P2/1RBQ1RK1 w - - 7 15,c8b8
36,Maxda2000,EulerE,443,454,1k1r2nr/ppp1qbpp/1bnp1p2/1N2p3/1P2P1PN/P2P1B1P/2PQ1P2/1RB2RK1 b - - 8 15,d1d2
36,Maxda2000,EulerE,443,454,1k1r2nr/ppp1qbpp/1b1p1p2/1N2p3/1P1nP1PN/P2P1B1P/2PQ1P2/1RB2RK1 w - - 9 16,c6d4
36,Maxda2000,EulerE,443,454,1k1r2nr/ppp1qbpp/1b1p1p2/1N2p3/1P1nP1PN/P1PP1B1P/3Q1P2/1RB2RK1 b - - 0 16,c2c3
36,Maxda2000,EulerE,443,454,1k1r2nr/ppp1qbpp/1b1p1p2/1N2p3/1P2P1PN/P1PP1n1P/3Q1P2/1RB2RK1 w - - 0 17,d4f3
36,Maxda2000,EulerE,443,454,1k1r2nr/ppp1qbpp/1b1p1p2/1N2p3/1P2P1P1/P1PP1N1P/3Q1P2/1RB2RK1 b - - 0 17,h4f3
36,Maxda2000,EulerE,443,454,1k1r2nr/ppp1qbpp/1b3p2/1N1pp3/1P2P1P1/P1PP1N1P/3Q1P2/1RB2RK1 w - - 0 18,d6d5
36,Maxda2000,EulerE,443,454,1k1r2nr/ppp1qbpp/1b3p2/1N1Pp3/1P4P1/P1PP1N1P/3Q1P2/1RB2RK1 b - - 0 18,e4d5
36,Maxda2000,EulerE,443,454,1k1r2nr/ppp1q1pp/1b3p2/1N1bp3/1P4P1/P1PP1N1P/3Q1P2/1RB2RK1 w - - 0 19,f7d5
36,Maxda2000,EulerE,443,454,1k1r2nr/ppp1q1pp/1b3p2/1N1bN3/1P4P1/P1PP3P/3Q1P2/1RB2RK1 b - - 0 19,f3e5
36,Maxda2000,EulerE,443,454,1k1r2nr/ppp1q1pp/1b6/1N1bp3/1P4P1/P1PP3P/3Q1P2/1RB2RK1 w - - 0 20,f6e5
36,Maxda2000,EulerE,443,454,1k1r2nr/ppp1q1pp/1b6/1N1bp3/1PP3P1/P2P3P/3Q1P2/1RB2RK1 b - - 0 20,c3c4
36,Maxda2000,EulerE,443,454,1k1r2nr/ppp1q1pp/1bb5/1N2p3/1PP3P1/P2P3P/3Q1P2/1RB2RK1 w - - 1 21,d5c6
36,Maxda2000,EulerE,443,454,1k1r2nr/ppp1q1pp/1bb5/1NP1p3/1P4P1/P2P3P/3Q1P2/1RB2RK1 b - - 0 21,c4c5
36,Maxda2000,EulerE,443,454,1k1r2nr/pppq2pp/1bb5/1NP1p3/1P4P1/P2P3P/3Q1P2/1RB2RK1 w - - 1 22,e7d7
36,Maxda2000,EulerE,443,454,1k1r2nr/pppq2pp/1bb5/1NP1p3/1P3QP1/P2P3P/5P2/1RB2RK1 b - - 2 22,d2f4
36,Maxda2000,EulerE,443,454,1k1r2nr/ppp3pp/1bb5/1NP1p3/1P3QP1/P2q3P/5P2/1RB2RK1 w - - 0 23,d7d3
36,Maxda2000,EulerE,443,454,1k1r2nr/ppp3pp/1bb5/1NP1Q3/1P4P1/P2q3P/5P2/1RB2RK1 b - - 0 23,f4e5
36,Maxda2000,EulerE,443,454,1k1r2nr/ppp3pp/1bb5/1NP1Q3/1P4P1/P6P/5P2/1qB2RK1 w - - 0 24,d3b1
36,Maxda2000,EulerE,443,454,1k1r2nr/ppp3pp/1bb5/1NP1Q1B1/1P4P1/P6P/5P2/1q3RK1 b - - 1 24,c1g5
36,Maxda2000,EulerE,443,454,1k1r2nr/ppp3pp/1bb5/1NP1Q1B1/1P4P1/P2q3P/5P2/5RK1 w - - 2 25,b1d3
36,Maxda2000,EulerE,443,454,1k1r2nr/ppp3pp/1bb5/1NP1Q3/1P3BP1/P2q3P/5P2/5RK1 b - - 3 25,g5f4
36,Maxda2000,EulerE,443,454,1k1r2nr/ppp3pp/1bb5/1NPqQ3/1P3BP1/P6P/5P2/5RK1 w - - 4 26,d3d5
36,Maxda2000,EulerE,443,454,1k1r2nr/ppQ3pp/1bb5/1NPq4/1P3BP1/P6P/5P2/5RK1 b - - 0 26,e5c7
36,Maxda2000,EulerE,443,454,k2r2nr/ppQ3pp/1bb5/1NPq4/1P3BP1/P6P/5P2/5RK1 w - - 1 27,b8a8
36,Maxda2000,EulerE,443,454,k2r2nr/pp4Qp/1bb5/1NPq4/1P3BP1/P6P/5P2/5RK1 b - - 0 27,c7g7
36,Maxda2000,EulerE,443,454,k2r2nr/pp1q2Qp/1bb5/1NP5/1P3BP1/P6P/5P2/5RK1 w - - 1 28,d5d7
36,Maxda2000,EulerE,443,454,k2r2nr/pp1q2Qp/1bb4B/1NP5/1P4P1/P6P/5P2/5RK1 b - - 2 28,f4h6
36,Maxda2000,EulerE,443,454,k2r2nr/pp4qp/1bb4B/1NP5/1P4P1/P6P/5P2/5RK1 w - - 0 29,d7g7
36,Maxda2000,EulerE,443,454,k2r2nr/pp4Bp/1bb5/1NP5/1P4P1/P6P/5P2/5RK1 b - - 0 29,h6g7
36,Maxda2000,EulerE,443,454,k2r3r/pp2n1Bp/1bb5/1NP5/1P4P1/P6P/5P2/5RK1 w - - 1 30,g8e7
36,Maxda2000,EulerE,443,454,k2r3r/pp2n1Bp/1bb5/1NP5/1P4P1/P6P/5P2/4R1K1 b - - 2 30,f1e1
36,Maxda2000,EulerE,443,454,k2r3r/pp2n1Bp/1b6/1bP5/1P4P1/P6P/5P2/4R1K1 w - - 0 31,c6b5
36,Maxda2000,EulerE,443,454,k2r3r/pp2n1Bp/1P6/1b6/1P4P1/P6P/5P2/4R1K1 b - - 0 31,c5b6
36,Maxda2000,EulerE,443,454,k2r2r1/pp2n1Bp/1P6/1b6/1P4P1/P6P/5P2/4R1K1 w - - 1 32,h8g8
36,Maxda2000,EulerE,443,454,k2r2r1/pp2R1Bp/1P6/1b6/1P4P1/P6P/5P2/6K1 b - - 0 32,e1e7
36,Maxda2000,EulerE,443,454,k2rr3/pp2R1Bp/1P6/1b6/1P4P1/P6P/5P2/6K1 w - - 1 33,g8e8
36,Maxda2000,EulerE,443,454,k2rrB2/pp2R2p/1P6/1b6/1P4P1/P6P/5P2/6K1 b - - 2 33,g7f8
36,Maxda2000,EulerE,443,454,k2r1r2/pp2R2p/1P6/1b6/1P4P1/P6P/5P2/6K1 w - - 0 34,e8f8
36,Maxda2000,EulerE,443,454,k2r1r2/pp5p/1P6/1b2R3/1P4P1/P6P/5P2/6K1 b - - 1 34,e7e5
36,Maxda2000,EulerE,443,454,k3rr2/pp5p/1P6/1b2R3/1P4P1/P6P/5P2/6K1 w - - 2 35,d8e8
36,Maxda2000,EulerE,443,454,k3rr2/pp5p/1P6/1R6/1P4P1/P6P/5P2/6K1 b - - 0 35,e5b5
36,Maxda2000,EulerE,443,454,k3rr2/1p5p/pP6/1R6/1P4P1/P6P/5P2/6K1 w - - 0 36,a7a6
36,Maxda2000,EulerE,443,454,k3rr2/1p5p/pP6/1R6/PP4P1/7P/5P2/6K1 b - - 0 36,a3a4
36,Maxda2000,EulerE,443,454,k3rr2/1p5p/1P6/1p6/PP4P1/7P/5P2/6K1 w - - 0 37,a6b5
36,Maxda2000,EulerE,443,454,k3rr2/1p5p/1P6/1P6/1P4P1/7P/5P2/6K1 b - - 0 37,a4b5
36,Maxda2000,EulerE,443,454,k2r1r2/1p5p/1P6/1P6/1P4P1/7P/5P2/6K1 w - - 1 38,e8d8
36,Maxda2000,EulerE,443,454,k2r1r2/1p5p/1P6/1P6/1P4PP/8/5P2/6K1 b - - 0 38,h3h4
36,Maxda2000,EulerE,443,454,k4r2/1p5p/1P6/1P6/1P4PP/8/3r1P2/6K1 w - - 1 39,d8d2
36,Maxda2000,EulerE,443,454,k4r2/1p5p/1P6/1P4P1/1P5P/8/3r1P2/6K1 b - - 0 39,g4g5
36,Maxda2000,EulerE,443,454,k4r2/1p5p/1P6/1P4P1/1P5P/8/5P2/3r2K1 w - - 1 40,d2d1
36,Maxda2000,EulerE,443,454,k4r2/1p5p/1P6/1P4P1/1P5P/8/5PK1/3r4 b - - 2 40,g1g2
36,Maxda2000,EulerE,443,454,k4r2/1p5p/1P6/1P4P1/1P5P/8/3r1PK1/8 w - - 3 41,d1d2
36,Maxda2000,EulerE,443,454,k4r2/1p5p/1P6/1P4PP/1P6/8/3r1PK1/8 b - - 0 41,h4h5
36,Maxda2000,EulerE,443,454,k4r2/1p5p/1P6/1P4PP/1P6/8/5rK1/8 w - - 0 42,d2f2
36,Maxda2000,EulerE,443,454,k4r2/1p5p/1P6/1P4PP/1P6/6K1/5r2/8 b - - 1 42,g2g3
36,Maxda2000,EulerE,443,454,k7/1p5p/1P6/1P4PP/1P3r2/6K1/5r2/8 w - - 2 43,f8f4
36,Maxda2000,EulerE,443,454,k7/1p5p/1P4P1/1P5P/1P3r2/6K1/5r2/8 b - - 0 43,g5g6
36,Maxda2000,EulerE,443,454,k7/1p6/1P4p1/1P5P/1P3r2/6K1/5r2/8 w - - 0 44,h7g6
36,Maxda2000,EulerE,443,454,k7/1p6/1P4P1/1P6/1P3r2/6K1/5r2/8 b - - 0 44,h5g6
36,Maxda2000,EulerE,443,454,k7/1p3r2/1P4P1/1P6/1P6/6K1/5r2/8 w - - 1 45,f4f7
37,EulerE,617Anthony,463,449,rnbqkbnr/pppppppp/8/8/4P3/8/PPPP1PPP/RNBQKBNR b KQkq - 0 1,e2e4
37,EulerE,617Anthony,463,449,rnbqkbnr/pppp1ppp/8/4p3/4P3/8/PPPP1PPP/RNBQKBNR w KQkq - 0 2,e7e5
37,EulerE,617Anthony,463,449,rnbqkbnr/pppp1ppp/8/4p3/4P3/5N2/PPPP1PPP/RNBQKB1R b KQkq - 1 2,g1f3
37,EulerE,617Anthony,463,449,rnbqkb1r/pppp1ppp/5n2/4p3/4P3/5N2/PPPP1PPP/RNBQKB1R w KQkq - 2 3,g8f6
37,EulerE,617Anthony,463,449,rnbqkb1r/pppp1ppp/5n2/4p3/4P3/3P1N2/PPP2PPP/RNBQKB1R b KQkq - 0 3,d2d3
37,EulerE,617Anthony,463,449,rnbqk2r/pppp1ppp/5n2/4p3/1b2P3/3P1N2/PPP2PPP/RNBQKB1R w KQkq - 1 4,f8b4
37,EulerE,617Anthony,463,449,rnbqk2r/pppp1ppp/5n2/4p3/1b2P3/3P1N2/PPPB1PPP/RN1QKB1R b KQkq - 2 4,c1d2
37,EulerE,617Anthony,463,449,r1bqk2r/pppp1ppp/2n2n2/4p3/1b2P3/3P1N2/PPPB1PPP/RN1QKB1R w KQkq - 3 5,b8c6
37,EulerE,617Anthony,463,449,r1bqk2r/pppp1ppp/2n2n2/4p3/1b2P3/2PP1N2/PP1B1PPP/RN1QKB1R b KQkq - 0 5,c2c3
37,EulerE,617Anthony,463,449,r1bqk2r/pppp1ppp/2n2n2/b3p3/4P3/2PP1N2/PP1B1PPP/RN1QKB1R w KQkq - 1 6,b4a5
37,EulerE,617Anthony,463,449,r1bqk2r/pppp1ppp/2n2n2/b3p3/3PP3/2P2N2/PP1B1PPP/RN1QKB1R b KQkq - 0 6,d3d4
37,EulerE,617Anthony,463,449,r1bq1rk1/pppp1ppp/2n2n2/b3p3/3PP3/2P2N2/PP1B1PPP/RN1QKB1R w KQ - 1 7,e8g8
37,EulerE,617Anthony,463,449,r1bq1rk1/pppp1ppp/2n2n2/b3P3/4P3/2P2N2/PP1B1PPP/RN1QKB1R b KQ - 0 7,d4e5
37,EulerE,617Anthony,463,449,r1bq1rk1/pppp1ppp/2n5/b3P3/4n3/2P2N2/PP1B1PPP/RN1QKB1R w KQ - 0 8,f6e4
37,EulerE,617Anthony,463,449,r1bq1rk1/pppp1ppp/2n5/b3P3/3Nn3/2P5/PP1B1PPP/RN1QKB1R b KQ - 1 8,f3d4
37,EulerE,617Anthony,463,449,r1bq1rk1/pppp1ppp/8/b3P3/3nn3/2P5/PP1B1PPP/RN1QKB1R w KQ - 0 9,c6d4
37,EulerE,617Anthony,463,449,r1bq1rk1/pppp1ppp/8/b3P3/3Pn3/8/PP1B1PPP/RN1QKB1R b KQ - 0 9,c3d4
37,EulerE,617Anthony,463,449,r1bq1rk1/pppp1ppp/8/b3P3/3P4/8/PP1n1PPP/RN1QKB1R w KQ - 0 10,e4d2
37,EulerE,617Anthony,463,449,r1bq1rk1/pppp1ppp/8/b3P3/3P4/8/PP1N1PPP/R2QKB1R b KQ - 0 10,b1d2
37,EulerE,617Anthony,463,449,r1b2rk1/pppp1ppp/8/b3P1q1/3P4/8/PP1N1PPP/R2QKB1R w KQ - 1 11,d8g5
37,EulerE,617Anthony,463,449,r1b2rk1/pppp1ppp/8/b3P1q1/3P4/8/PP1NQPPP/R3KB1R b KQ - 2 11,d1e2
37,EulerE,617Anthony,463,449,r1b2rk1/pppp1ppp/8/4P1q1/3P4/8/PP1bQPPP/R3KB1R w KQ - 0 12,a5d2
37,EulerE,617Anthony,463,449,r1b2rk1/pppp1ppp/8/4P1q1/3P4/8/PP1Q1PPP/R3KB1R b KQ - 0 12,e2d2
37,EulerE,617Anthony,463,449,r1b2rk1/pppp1ppp/8/4q3/3P4/8/PP1Q1PPP/R3KB1R w KQ - 0 13,g5e5
37,EulerE,617Anthony,463,449,r1b2rk1/pppp1ppp/8/4q3/3P4/8/PP1QBPPP/R3K2R b KQ - 1 13,f1e2
37,EulerE,617Anthony,463,449,r1b2rk1/pppp1ppp/8/3q4/3P4/8/PP1QBPPP/R3K2R w KQ - 2 14,e5d5
37,EulerE,617Anthony,463,449,r1b2rk1/pppp1ppp/8/3q4/3P4/1P6/P2QBPPP/R3K2R b KQ - 0 14,b2b3
37,EulerE,617Anthony,463,449,r1b2rk1/pp1p1ppp/8/2pq4/3P4/1P6/P2QBPPP/R3K2R w KQ - 0 15,c7c5
37,EulerE,617Anthony,463,449,r1b2rk1/pp1p1ppp/8/2pq4/2BP4/1P6/P2Q1PPP/R3K2R b KQ - 1 15,e2c4
37,EulerE,617Anthony,463,449,r1b2rk1/pp1p1ppp/8/2p5/2Bq4/1P6/P2Q1PPP/R3K2R w KQ - 0 16,d5d4
37,EulerE,617Anthony,463,449,r1b2rk1/pp1p1ppp/8/2p5/2BQ4/1P6/P4PPP/R3K2R b KQ - 0 16,d2d4
37,EulerE,617Anthony,463,449,r1b2rk1/pp1p1ppp/8/8/2Bp4/1P6/P4PPP/R3K2R w KQ - 0 17,c5d4
37,EulerE,617Anthony,463,449,r1b2rk1/pp1p1ppp/8/8/2Bp4/1P6/P4PPP/3RK2R b K - 1 17,a1d1
37,EulerE,617Anthony,463,449,r1b2rk1/pp3ppp/3p4/8/2Bp4/1P6/P4PPP/3RK2R w K - 0 18,d7d6
37,EulerE,617Anthony,463,449,r1b2rk1/pp3ppp/3p4/8/2BR4/1P6/P4PPP/4K2R b K - 0 18,d1d4
37,EulerE,617Anthony,463,449,r1b2rk1/p4ppp/3p4/1p6/2BR4/1P6/P4PPP/4K2R w K - 0 19,b7b5
37,EulerE,617Anthony,463,449,r1b2rk1/p4ppp/3p4/1B6/3R4/1P6/P4PPP/4K2R b K - 0 19,c4b5
37,EulerE,617Anthony,463,449,r1b2rk1/5ppp/p2p4/1B6/3R4/1P6/P4PPP/4K2R w K - 0 20,a7a6
37,EulerE,617Anthony,463,449,r1b2rk1/5ppp/p2p4/1B6/3R4/1P6/P4PPP/5RK1 b - - 1 20,e1g1
37,EulerE,617Anthony,463,449,r1b2rk1/5ppp/3p4/1p6/3R4/1P6/P4PPP/5RK1 w - - 0 21,a6b5
37,EulerE,617Anthony,463,449,r1b2rk1/5ppp/3R4/1p6/8/1P6/P4PPP/5RK1 b - - 0 21,d4d6
37,EulerE,617Anthony,463,449,r4rk1/5ppp/3R4/1p3b2/8/1P6/P4PPP/5RK1 w - - 1 22,c8f5
37,EulerE,617Anthony,463,449,r4rk1/5ppp/8/1p1R1b2/8/1P6/P4PPP/5RK1 b - - 2 22,d6d5
37,EulerE,617Anthony,463,449,5rk1/5ppp/8/1p1R1b2/8/1P6/r4PPP/5RK1 w - - 0 23,a8a2
37,EulerE,617Anthony,463,449,5rk1/5ppp/8/1p3R2/8/1P6/r4PPP/5RK1 b - - 0 23,d5f5
37,EulerE,617Anthony,463,449,5rk1/6pp/5p2/1p3R2/8/1P6/r4PPP/5RK1 w - - 0 24,f7f6
37,EulerE,617Anthony,463,449,5rk1/6pp/5p2/1p6/8/1P3R2/r4PPP/5RK1 b - - 1 24,f5f3
37,EulerE,617Anthony,463,449,5rk1/6pp/5p2/1p6/8/1P3R2/1r3PPP/5RK1 w - - 2 25,a2b2
37,EulerE,617Anthony,463,449,5rk1/6pp/5p2/1p6/8/1P3R2/1r3PPP/4R1K1 b - - 3 25,f1e1
37,EulerE,617Anthony,463,449,5rk1/6pp/5p2/1p6/8/1P3R2/2r2PPP/4R1K1 w - - 4 26,b2c2
37,EulerE,617Anthony,463,449,5rk1/6pp/5p2/1p6/8/1P3R2/2r2PPP/4RK2 b - - 5 26,g1f1
37,EulerE,617Anthony,463,449,5rk1/6pp/5p2/1p6/8/1P3R2/1r3PPP/4RK2 w - - 6 27,c2b2
37,EulerE,617Anthony,463,449,5rk1/6pp/5p2/1p6/8/1P3R2/1r2RPPP/5K2 b - - 7 27,e1e2
37,EulerE,617Anthony,463,449,5rk1/6pp/5p2/1p6/8/1P3R2/4RPPP/1r3K2 w - - 8 28,b2b1
37,EulerE,617Anthony,463,449,5rk1/6pp/5p2/1p6/8/1P3R2/5PPP/1r2RK2 b - - 9 28,e2e1
37,EulerE,617Anthony,463,449,5rk1/6pp/5p2/1p6/8/1P3R2/1r3PPP/4RK2 w - - 10 29,b1b2
37,EulerE,617Anthony,463,449,5rk1/6pp/5p2/1p6/8/1P3R2/1r2RPPP/5K2 b - - 11 29,e1e2
37,EulerE,617Anthony,463,449,5rk1/6pp/5p2/1p6/8/1P3R2/4RPPP/1r3K2 w - - 12 30,b2b1
37,EulerE,617Anthony,463,449,5rk1/6pp/5p2/1p6/8/1P3R2/5PPP/1r2RK2 b - - 13 30,e2e1
37,EulerE,617Anthony,463,449,5rk1/6pp/5p2/1p6/8/1P3R2/5PPP/4rK2 w - - 0 31,b1e1
37,EulerE,617Anthony,463,449,5rk1/6pp/5p2/1p6/8/1P3R2/5PPP/4K3 b - - 0 31,f1e1
37,EulerE,617Anthony,463,449,4r1k1/6pp/5p2/1p6/8/1P3R2/5PPP/4K3 w - - 1 32,f8e8
37,EulerE,617Anthony,463,449,4r1k1/6pp/5p2/1p6/8/1P2R3/5PPP/4K3 b - - 2 32,f3e3
37,EulerE,617Anthony,463,449,2r3k1/6pp/5p2/1p6/8/1P2R3/5PPP/4K3 w - - 3 33,e8c8
37,EulerE,617Anthony,463,449,2r3k1/6pp/5p2/1p6/8/1P2R1P1/5P1P/4K3 b - - 0 33,g2g3
37,EulerE,617Anthony,463,449,2r3k1/6pp/8/1p3p2/8/1P2R1P1/5P1P/4K3 w - - 0 34,f6f5
37,EulerE,617Anthony,463,449,2r3k1/6pp/8/1p3p2/8/1P3RP1/5P1P/4K3 b - - 1 34,e3f3
37,EulerE,617Anthony,463,449,2r3k1/7p/6p1/1p3p2/8/1P3RP1/5P1P/4K3 w - - 0 35,g7g6
37,EulerE,617Anthony,463,449,2r3k1/7p/6p1/1p3p2/8/1P3RPP/5P2/4K3 b - - 0 35,h2h3
37,EulerE,617Anthony,463,449,6k1/7p/6p1/1p3p2/8/1P3RPP/5P2/2r1K3 w - - 1 36,c8c1
37,EulerE,617Anthony,463,449,6k1/7p/6p1/1p3p2/8/1P3RPP/3K1P2/2r5 b - - 2 36,e1d2
37,EulerE,617Anthony,463,449,6k1/7p/6p1/1p3p2/8/1P3RPP/3K1P2/5r2 w - - 3 37,c1f1
37,EulerE,617Anthony,463,449,6k1/7p/6p1/1p3p2/8/1P3RPP/4KP2/5r2 b - - 4 37,d2e2
37,EulerE,617Anthony,463,449,6k1/7p/6p1/1p3p2/8/1P3RPP/4KP2/7r w - - 5 38,f1h1
37,EulerE,617Anthony,463,449,6k1/7p/6p1/1p3p2/6P1/1P3R1P/4KP2/7r b - - 0 38,g3g4
37,EulerE,617Anthony,463,449,6k1/7p/6p1/1p3p2/6P1/1P3R1P/4KP1r/8 w - - 1 39,h1h2
37,EulerE,617Anthony,463,449,6k1/7p/6p1/1p3P2/8/1P3R1P/4KP1r/8 b - - 0 39,g4f5
37,EulerE,617Anthony,463,449,6k1/7p/8/1p3Pp1/8/1P3R1P/4KP1r/8 w - - 0 40,g6g5
37,EulerE,617Anthony,463,449,6k1/7p/8/1p3Pp1/8/1P2KR1P/5P1r/8 b - - 1 40,e2e3
37,EulerE,617Anthony,463,449,6k1/8/8/1p3Ppp/8/1P2KR1P/5P1r/8 w - - 0 41,h7h5
37,EulerE,617Anthony,463,449,6k1/8/8/1p3Ppp/8/1P2K1RP/5P1r/8 b - - 1 41,f3g3
37,EulerE,617Anthony,463,449,6k1/8/8/1p3P1p/6p1/1P2K1RP/5P1r/8 w - - 0 42,g5g4
37,EulerE,617Anthony,463,449,6k1/8/8/1p3P1p/6P1/1P2K1R1/5P1r/8 b - - 0 42,h3g4
37,EulerE,617Anthony,463,449,6k1/8/8/1p3P2/6p1/1P2K1R1/5P1r/8 w - - 0 43,h5g4
37,EulerE,617Anthony,463,449,6k1/8/8/1p3P2/6R1/1P2K3/5P1r/8 b - - 0 43,g3g4
37,EulerE,617Anthony,463,449,5k2/8/8/1p3P2/6R1/1P2K3/5P1r/8 w - - 1 44,g8f8
37,EulerE,617Anthony,463,449,5k2/8/5P2/1p6/6R1/1P2K3/5P1r/8 b - - 0 44,f5f6
37,EulerE,617Anthony,463,449,8/5k2/5P2/1p6/6R1/1P2K3/5P1r/8 w - - 1 45,f8f7
37,EulerE,617Anthony,463,449,8/5k2/5P2/1p6/5R2/1P2K3/5P1r/8 b - - 2 45,g4f4
37,EulerE,617Anthony,463,449,8/8/4kP2/1p6/5R2/1P2K3/5P1r/8 w - - 3 46,f7e6
37,EulerE,617Anthony,463,449,8/8/4kP2/1p6/4KR2/1P6/5P1r/8 b - - 4 46,e3e4
37,EulerE,617Anthony,463,449,8/8/4kP2/1p6/4KR2/1P6/5P2/7r w - - 5 47,h2h1
37,EulerE,617Anthony,463,449,8/5P2/4k3/1p6/4KR2/1P6/5P2/7r b - - 0 47,f6f7
37,EulerE,617Anthony,463,449,7r/5P2/4k3/1p6/4KR2/1P6/5P2/8 w - - 1 48,h1h8
37,EulerE,617Anthony,463,449,5Q1r/8/4k3/1p6/4KR2/1P6/5P2/8 b - - 0 48,f7f8q
37,EulerE,617Anthony,463,449,5r2/8/4k3/1p6/4KR2/1P6/5P2/8 w - - 0 49,h8f8
37,EulerE,617Anthony,463,449,5R2/8/4k3/1p6/4K3/1P6/5P2/8 b - - 0 49,f4f8
37,EulerE,617Anthony,463,449,5R2/8/3k4/1p6/4K3/1P6/5P2/8 w - - 1 50,e6d6
37,EulerE,617Anthony,463,449,8/8/3k4/1p3R2/4K3/1P6/5P2/8 b - - 2 50,f8f5
37,EulerE,617Anthony,463,449,8/8/2k5/1p3R2/4K3/1P6/5P2/8 w - - 3 51,d6c6
37,EulerE,617Anthony,463,449,8/8/2k5/1p3R2/3K4/1P6/5P2/8 b - - 4 51,e4d4
37,EulerE,617Anthony,463,449,8/8/2k5/5R2/1p1K4/1P6/5P2/8 w - - 0 52,b5b4
37,EulerE,617Anthony,463,449,8/8/2k5/5R2/1p1K4/1P3P2/8/8 b - - 0 52,f2f3
37,EulerE,617Anthony,463,449,8/1k6/8/5R2/1p1K4/1P3P2/8/8 w - - 1 53,c6b7
37,EulerE,617Anthony,463,449,8/1k6/5R2/8/1p1K4/1P3P2/8/8 b - - 2 53,f5f6
37,EulerE,617Anthony,463,449,8/k7/5R2/8/1p1K4/1P3P2/8/8 w - - 3 54,b7a7
37,EulerE,617Anthony,463,449,8/k7/5R2/8/1p1K1P2/1P6/8/8 b - - 0 54,f3f4
37,EulerE,617Anthony,463,449,8/1k6/5R2/8/1p1K1P2/1P6/8/8 w - - 1 55,a7b7
37,EulerE,617Anthony,463,449,8/1k6/5R2/5P2/1p1K4/1P6/8/8 b - - 0 55,f4f5
37,EulerE,617Anthony,463,449,8/2k5/5R2/5P2/1p1K4/1P6/8/8 w - - 1 56,b7c7
37,EulerE,617Anthony,463,449,8/2k2R2/8/5P2/1p1K4/1P6/8/8 b - - 2 56,f6f7
37,EulerE,617Anthony,463,449,8/5R2/1k6/5P2/1p1K4/1P6/8/8 w - - 3 57,c7b6
37,EulerE,617Anthony,463,449,8/5R2/1k3P2/8/1p1K4/1P6/8/8 b - - 0 57,f5f6
37,EulerE,617Anthony,463,449,8/5R2/5P2/k7/1p1K4/1P6/8/8 w - - 1 58,b6a5
37,EulerE,617Anthony,463,449,8/4R3/5P2/k7/1p1K4/1P6/8/8 b - - 2 58,f7e7
37,EulerE,617Anthony,463,449,8/4R3/5P2/1k6/1p1K4/1P6/8/8 w - - 3 59,a5b5
37,EulerE,617Anthony,463,449,8/4RP2/8/1k6/1p1K4/1P6/8/8 b - - 0 59,f6f7
37,EulerE,617Anthony,463,449,8/4RP2/8/k7/1p1K4/1P6/8/8 w - - 1 60,b5a5
37,EulerE,617Anthony,463,449,5Q2/4R3/8/k7/1p1K4/1P6/8/8 b - - 0 60,f7f8q
37,EulerE,617Anthony,463,449,5Q2/4R3/8/1k6/1p1K4/1P6/8/8 w - - 1 61,a5b5
37,EulerE,617Anthony,463,449,8/4R3/8/1k3Q2/1p1K4/1P6/8/8 b - - 2 61,f8f5
37,EulerE,617Anthony,463,449,8/4R3/k7/5Q2/1p1K4/1P6/8/8 w - - 3 62,b5a6
37,EulerE,617Anthony,463,449,8/4R3/k7/5Q2/1pK5/1P6/8/8 b - - 4 62,d4c4
37,EulerE,617Anthony,463,449,8/4R3/1k6/5Q2/1pK5/1P6/8/8 w - - 5 63,a6b6
37,EulerE,617Anthony,463,449,8/4R3/1k6/5Q2/1K6/1P6/8/8 b - - 0 63,c4b4
37,EulerE,617Anthony,463,449,8/4R3/2k5/5Q2/1K6/1P6/8/8 w - - 1 64,b6c6
37,EulerE,617Anthony,463,449,8/8/2k1R3/5Q2/1K6/1P6/8/8 b - - 2 64,e7e6
37,EulerE,617Anthony,463,449,8/3k4/4R3/5Q2/1K6/1P6/8/8 w - - 3 65,c6d7
37,EulerE,617Anthony,463,449,8/3k1Q2/4R3/8/1K6/1P6/8/8 b - - 4 65,f5f7
37,EulerE,617Anthony,463,449,2k5/5Q2/4R3/8/1K6/1P6/8/8 w - - 5 66,d7c8
37,EulerE,617Anthony,463,449,2k1R3/5Q2/8/8/1K6/1P6/8/8 b - - 6 66,e6e8
38,EulerE,EldarSafarovChess,456,506,rnbqkbnr/pppppppp/8/8/4P3/8/PPPP1PPP/RNBQKBNR b KQkq - 0 1,e2e4
38,EulerE,EldarSafarovChess,456,506,rnbqkb1r/pppppppp/5n2/8/4P3/8/PPPP1PPP/RNBQKBNR w KQkq - 1 2,g8f6
38,EulerE,EldarSafarovChess,456,506,rnbqkb1r/pppppppp/5n2/8/4P3/3P4/PPP2PPP/RNBQKBNR b KQkq - 0 2,d2d3
38,EulerE,EldarSafarovChess,456,506,r1bqkb1r/pppppppp/2n2n2/8/4P3/3P4/PPP2PPP/RNBQKBNR w KQkq - 1 3,b8c6
38,EulerE,EldarSafarovChess,456,506,r1bqkb1r/pppppppp/2n2n2/8/4P3/3P1N2/PPP2PPP/RNBQKB1R b KQkq - 2 3,g1f3
38,EulerE,EldarSafarovChess,456,506,r1bqkb1r/pppp1ppp/2n2n2/4p3/4P3/3P1N2/PPP2PPP/RNBQKB1R w KQkq - 0 4,e7e5
38,EulerE,EldarSafarovChess,456,506,r1bqkb1r/pppp1ppp/2n2n2/4p3/4P3/3P1N2/PPPN1PPP/R1BQKB1R b KQkq - 1 4,b1d2
38,EulerE,EldarSafarovChess,456,506,r1bqkb1r/pppp1ppp/2n5/4p3/4P1n1/3P1N2/PPPN1PPP/R1BQKB1R w KQkq - 2 5,f6g4
38,EulerE,EldarSafarovChess,456,506,r1bqkb1r/pppp1ppp/2n5/4p3/4P1n1/3P1N1P/PPPN1PP1/R1BQKB1R b KQkq - 0 5,h2h3
38,EulerE,EldarSafarovChess,456,506,r1bqkb1r/pppp1ppp/2n4n/4p3/4P3/3P1N1P/PPPN1PP1/R1BQKB1R w KQkq - 1 6,g4h6
38,EulerE,EldarSafarovChess,456,506,r1bqkb1r/pppp1ppp/2n4n/4p3/3PP3/5N1P/PPPN1PP1/R1BQKB1R b KQkq - 0 6,d3d4
38,EulerE,EldarSafarovChess,456,506,r1bqk2r/pppp1ppp/2n4n/4p3/1b1PP3/5N1P/PPPN1PP1/R1BQKB1R w KQkq - 1 7,f8b4
38,EulerE,EldarSafarovChess,456,506,r1bqk2r/pppp1ppp/2n4n/4P3/1b2P3/5N1P/PPPN1PP1/R1BQKB1R b KQkq - 0 7,d4e5
38,EulerE,EldarSafarovChess,456,506,r1bq1rk1/pppp1ppp/2n4n/4P3/1b2P3/5N1P/PPPN1PP1/R1BQKB1R w KQ - 1 8,e8g8
38,EulerE,EldarSafarovChess,456,506,r1bq1rk1/pppp1ppp/2n4n/1B2P3/1b2P3/5N1P/PPPN1PP1/R1BQK2R b KQ - 2 8,f1b5
38,EulerE,EldarSafarovChess,456,506,r1bq1rk1/ppp2ppp/2np3n/1B2P3/1b2P3/5N1P/PPPN1PP1/R1BQK2R w KQ - 0 9,d7d6
38,EulerE,EldarSafarovChess,456,506,r1bq1rk1/ppp2ppp/2nP3n/1B6/1b2P3/5N1P/PPPN1PP1/R1BQK2R b KQ - 0 9,e5d6
38,EulerE,EldarSafarovChess,456,506,r1bq1rk1/pp3ppp/2np3n/1B6/1b2P3/5N1P/PPPN1PP1/R1BQK2R w KQ - 0 10,c7d6
38,EulerE,EldarSafarovChess,456,506,r1bq1rk1/pp3ppp/2np3n/1B6/1b2P3/5N1P/PPPN1PP1/R1BQ1RK1 b - - 1 10,e1g1
38,EulerE,EldarSafarovChess,456,506,r2q1rk1/pp3ppp/2npb2n/1B6/1b2P3/5N1P/PPPN1PP1/R1BQ1RK1 w - - 2 11,c8e6
38,EulerE,EldarSafarovChess,456,506,r2q1rk1/pp3ppp/2npb2n/8/1bB1P3/5N1P/PPPN1PP1/R1BQ1RK1 b - - 3 11,b5c4
38,EulerE,EldarSafarovChess,456,506,r2q1rk1/pp3ppp/2n1b2n/3p4/1bB1P3/5N1P/PPPN1PP1/R1BQ1RK1 w - - 0 12,d6d5
38,EulerE,EldarSafarovChess,456,506,r2q1rk1/pp3ppp/2n1b2n/3P4/1bB5/5N1P/PPPN1PP1/R1BQ1RK1 b - - 0 12,e4d5
38,EulerE,EldarSafarovChess,456,506,r2q1rk1/pp3ppp/2n4n/3b4/1bB5/5N1P/PPPN1PP1/R1BQ1RK1 w - - 0 13,e6d5
38,EulerE,EldarSafarovChess,456,506,r2q1rk1/pp3ppp/2n4n/3B4/1b6/5N1P/PPPN1PP1/R1BQ1RK1 b - - 0 13,c4d5
38,EulerE,EldarSafarovChess,456,506,r4rk1/pp3ppp/2n4n/3q4/1b6/5N1P/PPPN1PP1/R1BQ1RK1 w - - 0 14,d8d5
38,EulerE,EldarSafarovChess,456,506,r4rk1/pp3ppp/2n4n/3q4/1b6/P4N1P/1PPN1PP1/R1BQ1RK1 b - - 0 14,a2a3
38,EulerE,EldarSafarovChess,456,506,r4rk1/pp3ppp/2nb3n/3q4/8/P4N1P/1PPN1PP1/R1BQ1RK1 w - - 1 15,b4d6
38,EulerE,EldarSafarovChess,456,506,r4rk1/pp3ppp/2nb3n/3q4/8/PN3N1P/1PP2PP1/R1BQ1RK1 b - - 2 15,d2b3
38,EulerE,EldarSafarovChess,456,506,rr4k1/pp3ppp/2nb3n/3q4/8/PN3N1P/1PP2PP1/R1BQ1RK1 w - - 3 16,f8b8
38,EulerE,EldarSafarovChess,456,506,rr4k1/pp3ppp/2nb3n/3q4/8/PN3NPP/1PP2P2/R1BQ1RK1 b - - 0 16,g2g3
38,EulerE,EldarSafarovChess,456,506,r4rk1/pp3ppp/2nb3n/3q4/8/PN3NPP/1PP2P2/R1BQ1RK1 w - - 1 17,b8f8
38,EulerE,EldarSafarovChess,456,506,r4rk1/pp3ppp/2nb3n/3Q4/8/PN3NPP/1PP2P2/R1B2RK1 b - - 0 17,d1d5
38,EulerE,EldarSafarovChess,456,506,3r1rk1/pp3ppp/2nb3n/3Q4/8/PN3NPP/1PP2P2/R1B2RK1 w - - 1 18,a8d8
38,EulerE,EldarSafarovChess,456,506,3r1rk1/pp3ppp/2nb3n/8/8/PN3NPP/1PPQ1P2/R1B2RK1 b - - 2 18,d5d2
38,EulerE,EldarSafarovChess,456,506,3r1rk1/pp3ppp/2nb4/5n2/8/PN3NPP/1PPQ1P2/R1B2RK1 w - - 3 19,h6f5
38,EulerE,EldarSafarovChess,456,506,3r1rk1/pp3ppp/2nb4/5n2/8/PN3NPP/1PPQ1P2/R1BR2K1 b - - 4 19,f1d1
38,EulerE,EldarSafarovChess,456,506,3r1rk1/pp3ppp/2n5/5n2/1b6/PN3NPP/1PPQ1P2/R1BR2K1 w - - 5 20,d6b4
38,EulerE,EldarSafarovChess,456,506,3r1rk1/pp3ppp/2n5/5n2/1P6/1N3NPP/1PPQ1P2/R1BR2K1 b - - 0 20,a3b4
38,EulerE,EldarSafarovChess,456,506,5rk1/pp3ppp/2n5/5n2/1P6/1N3NPP/1PPr1P2/R1BR2K1 w - - 0 21,d8d2
38,EulerE,EldarSafarovChess,456,506,5rk1/pp3ppp/2n5/5n2/1P6/1N3NPP/1PPR1P2/R1B3K1 b - - 0 21,d1d2
38,EulerE,EldarSafarovChess,456,506,5rk1/pp3ppp/8/5n2/1n6/1N3NPP/1PPR1P2/R1B3K1 w - - 0 22,c6b4
38,EulerE,EldarSafarovChess,456,506,5rk1/pp3ppp/8/5n2/1n6/1NP2NPP/1P1R1P2/R1B3K1 b - - 0 22,c2c3
38,EulerE,EldarSafarovChess,456,506,5rk1/pp3ppp/n7/5n2/8/1NP2NPP/1P1R1P2/R1B3K1 w - - 1 23,b4a6
38,EulerE,EldarSafarovChess,456,506,5rk1/pp3ppp/n7/3R1n2/8/1NP2NPP/1P3P2/R1B3K1 b - - 2 23,d2d5
38,EulerE,EldarSafarovChess,456,506,5rk1/pp2nppp/n7/3R4/8/1NP2NPP/1P3P2/R1B3K1 w - - 3 24,f5e7
38,EulerE,EldarSafarovChess,456,506,5rk1/pp2nppp/n7/8/3R4/1NP2NPP/1P3P2/R1B3K1 b - - 4 24,d5d4
38,EulerE,EldarSafarovChess,456,506,5rk1/pp2n1pp/n7/5p2/3R4/1NP2NPP/1P3P2/R1B3K1 w - - 0 25,f7f5
38,EulerE,EldarSafarovChess,456,506,5rk1/pp2n1pp/n2R4/5p2/8/1NP2NPP/1P3P2/R1B3K1 b - - 1 25,d4d6
38,EulerE,EldarSafarovChess,456,506,2n2rk1/pp4pp/n2R4/5p2/8/1NP2NPP/1P3P2/R1B3K1 w - - 2 26,e7c8
38,EulerE,EldarSafarovChess,456,506,2n2rk1/pp4pp/R7/5p2/8/1NP2NPP/1P3P2/R1B3K1 b - - 0 26,d6a6
38,EulerE,EldarSafarovChess,456,506,2n2rk1/p5pp/p7/5p2/8/1NP2NPP/1P3P2/R1B3K1 w - - 0 27,b7a6
38,EulerE,EldarSafarovChess,456,506,2n2rk1/p5pp/R7/5p2/8/1NP2NPP/1P3P2/2B3K1 b - - 0 27,a1a6
38,EulerE,EldarSafarovChess,456,506,2nr2k1/p5pp/R7/5p2/8/1NP2NPP/1P3P2/2B3K1 w - - 1 28,f8d8
38,EulerE,EldarSafarovChess,456,506,2nr2k1/p5pp/R7/N4p2/8/2P2NPP/1P3P2/2B3K1 b - - 2 28,b3a5
38,EulerE,EldarSafarovChess,456,506,2n3k1/p5pp/R7/N4p2/8/2P2NPP/1P3P2/2Br2K1 w - - 3 29,d8d1
38,EulerE,EldarSafarovChess,456,506,2n3k1/p5pp/R7/N4p2/8/2P2NPP/1P3PK1/2Br4 b - - 4 29,g1g2
38,EulerE,EldarSafarovChess,456,506,2n3k1/p5pp/R7/N4p2/8/2P2NPP/1P3PK1/2r5 w - - 0 30,d1c1
38,EulerE,EldarSafarovChess,456,506,2n3k1/p5pp/R7/N3Np2/8/2P3PP/1P3PK1/2r5 b - - 1 30,f3e5
38,EulerE,EldarSafarovChess,456,506,2n3k1/p5pp/R7/N3Np2/8/2P3PP/1P3PK1/1r6 w - - 2 31,c1b1
38,EulerE,EldarSafarovChess,456,506,2n3k1/p5pp/2R5/N3Np2/8/2P3PP/1P3PK1/1r6 b - - 3 31,a6c6
38,EulerE,EldarSafarovChess,456,506,6k1/p3n1pp/2R5/N3Np2/8/2P3PP/1P3PK1/1r6 w - - 4 32,c8e7
38,EulerE,EldarSafarovChess,456,506,6k1/p3n1pp/2R5/N3Np2/6P1/2P4P/1P3PK1/1r6 b - - 0 32,g3g4
38,EulerE,EldarSafarovChess,456,506,6k1/p5pp/2n5/N3Np2/6P1/2P4P/1P3PK1/1r6 w - - 0 33,e7c6
38,EulerE,EldarSafarovChess,456,506,6k1/p5pp/2N5/N4p2/6P1/2P4P/1P3PK1/1r6 b - - 0 33,e5c6
38,EulerE,EldarSafarovChess,456,506,6k1/p5pp/2N5/N4p2/6P1/2P4P/1r3PK1/8 w - - 0 34,b1b2
38,EulerE,EldarSafarovChess,456,506,6k1/N5pp/8/N4p2/6P1/2P4P/1r3PK1/8 b - - 0 34,c6a7
38,EulerE,EldarSafarovChess,456,506,6k1/N5pp/8/N4p2/6P1/2P4P/r4PK1/8 w - - 1 35,b2a2
38,EulerE,EldarSafarovChess,456,506,6k1/6pp/2N5/N4p2/6P1/2P4P/r4PK1/8 b - - 2 35,a7c6
38,EulerE,EldarSafarovChess,456,506,8/5kpp/2N5/N4p2/6P1/2P4P/r4PK1/8 w - - 3 36,g8f7
38,EulerE,EldarSafarovChess,456,506,8/5kpp/2N5/N4P2/8/2P4P/r4PK1/8 b - - 0 36,g4f5
38,EulerE,EldarSafarovChess,456,506,8/5k1p/2N3p1/N4P2/8/2P4P/r4PK1/8 w - - 0 37,g7g6
38,EulerE,EldarSafarovChess,456,506,8/5k1p/2N3P1/N7/8/2P4P/r4PK1/8 b - - 0 37,f5g6
38,EulerE,EldarSafarovChess,456,506,8/5k2/2N3p1/N7/8/2P4P/r4PK1/8 w - - 0 38,h7g6
38,EulerE,EldarSafarovChess,456,506,8/5k2/2N3p1/N7/8/2P3KP/r4P2/8 b - - 1 38,g2g3
38,EulerE,EldarSafarovChess,456,506,8/8/2N1k1p1/N7/8/2P3KP/r4P2/8 w - - 2 39,f7e6
38,EulerE,EldarSafarovChess,456,506,8/8/2N1k1p1/N7/7P/2P3K1/r4P2/8 b - - 0 39,h3h4
38,EulerE,EldarSafarovChess,456,506,8/8/2Nk2p1/N7/7P/2P3K1/r4P2/8 w - - 1 40,e6d6
38,EulerE,EldarSafarovChess,456,506,8/8/2Nk2p1/N7/6KP/2P5/r4P2/8 b - - 2 40,g3g4
38,EulerE,EldarSafarovChess,456,506,8/8/2Nk2p1/N7/6KP/2P5/5r2/8 w - - 0 41,a2f2
38,EulerE,EldarSafarovChess,456,506,8/8/2Nk2p1/N5K1/7P/2P5/5r2/8 b - - 1 41,g4g5
38,EulerE,EldarSafarovChess,456,506,8/8/2Nk2p1/N5K1/7P/2P5/6r1/8 w - - 2 42,f2g2
38,EulerE,EldarSafarovChess,456,506,8/8/2Nk2pK/N7/7P/2P5/6r1/8 b - - 3 42,g5h6
38,EulerE,EldarSafarovChess,456,506,8/8/2N1k1pK/N7/7P/2P5/6r1/8 w - - 4 43,d6e6
38,EulerE,EldarSafarovChess,456,506,8/8/2N1k1pK/N6P/8/2P5/6r1/8 b - - 0 43,h4h5
38,EulerE,EldarSafarovChess,456,506,8/8/2N3pK/N4k1P/8/2P5/6r1/8 w - - 1 44,e6f5
38,EulerE,EldarSafarovChess,456,506,8/8/2N3PK/N4k2/8/2P5/6r1/8 b - - 0 44,h5g6
38,EulerE,EldarSafarovChess,456,506,8/8/2N2kPK/N7/8/2P5/6r1/8 w - - 1 45,f5f6
38,EulerE,EldarSafarovChess,456,506,8/8/2N2kPK/8/2N5/2P5/6r1/8 b - - 2 45,a5c4
38,EulerE,EldarSafarovChess,456,506,8/8/2N2kPK/8/2N5/2P5/7r/8 w - - 3 46,g2h2
39,EulerE,hachipuzzler,447,420,rnbqkbnr/pppppppp/8/8/4P3/8/PPPP1PPP/RNBQKBNR b KQkq - 0 1,e2e4
39,EulerE,hachipuzzler,447,420,rnbqkbnr/pppp1ppp/8/4p3/4P3/8/PPPP1PPP/RNBQKBNR w KQkq - 0 2,e7e5
39,EulerE,hachipuzzler,447,420,rnbqkbnr/pppp1ppp/8/4p3/4P3/5P2/PPPP2PP/RNBQKBNR b KQkq - 0 2,f2f3
39,EulerE,hachipuzzler,447,420,rnbqkbnr/ppp2ppp/8/3pp3/4P3/5P2/PPPP2PP/RNBQKBNR w KQkq - 0 3,d7d5
39,EulerE,hachipuzzler,447,420,rnbqkbnr/ppp2ppp/8/3pp3/4P3/2N2P2/PPPP2PP/R1BQKBNR b KQkq - 1 3,b1c3
39,EulerE,hachipuzzler,447,420,rnbqkbnr/ppp2ppp/8/4p3/4p3/2N2P2/PPPP2PP/R1BQKBNR w KQkq - 0 4,d5e4
39,EulerE,hachipuzzler,447,420,rnbqkbnr/ppp2ppp/8/4p3/4N3/5P2/PPPP2PP/R1BQKBNR b KQkq - 0 4,c3e4
39,EulerE,hachipuzzler,447,420,rnb1kbnr/ppp1qppp/8/4p3/4N3/5P2/PPPP2PP/R1BQKBNR w KQkq - 1 5,d8e7
39,EulerE,hachipuzzler,447,420,rnb1kbnr/ppp1qppp/8/4p3/4N3/3B1P2/PPPP2PP/R1BQK1NR b KQkq - 2 5,f1d3
39,EulerE,hachipuzzler,447,420,rnb1kbnr/ppp2ppp/4q3/4p3/4N3/3B1P2/PPPP2PP/R1BQK1NR w KQkq - 3 6,e7e6
39,EulerE,hachipuzzler,447,420,rnb1kbnr/ppp2ppp/4q3/4p3/2P1N3/3B1P2/PP1P2PP/R1BQK1NR b KQkq - 0 6,c2c4
39,EulerE,hachipuzzler,447,420,rn2kbnr/pppb1ppp/4q3/4p3/2P1N3/3B1P2/PP1P2PP/R1BQK1NR w KQkq - 1 7,c8d7
39,EulerE,hachipuzzler,447,420,rn2kbnr/pppb1ppp/4q3/4p3/2P1N3/1P1B1P2/P2P2PP/R1BQK1NR b KQkq - 0 7,b2b3
39,EulerE,hachipuzzler,447,420,rn2kbnr/1ppb1ppp/4q3/p3p3/2P1N3/1P1B1P2/P2P2PP/R1BQK1NR w KQkq - 0 8,a7a5
39,EulerE,hachipuzzler,447,420,rn2kbnr/1ppb1ppp/4q3/p3p3/2P1N3/1P1B1P2/P2PN1PP/R1BQK2R b KQkq - 1 8,g1e2
39,EulerE,hachipuzzler,447,420,rn2kbnr/1ppb1ppp/4q3/4p3/p1P1N3/1P1B1P2/P2PN1PP/R1BQK2R w KQkq - 0 9,a5a4
39,EulerE,hachipuzzler,447,420,rn2kbnr/1ppb1ppp/4q3/4p3/p1P1NP2/1P1B4/P2PN1PP/R1BQK2R b KQkq - 0 9,f3f4
39,EulerE,hachipuzzler,447,420,rn2kbnr/1ppb1ppp/4q3/8/p1P1Np2/1P1B4/P2PN1PP/R1BQK2R w KQkq - 0 10,e5f4
39,EulerE,hachipuzzler,447,420,rn2kbnr/1ppb1ppp/4q3/8/p1P1NN2/1P1B4/P2P2PP/R1BQK2R b KQkq - 0 10,e2f4
39,EulerE,hachipuzzler,447,420,rn2kbnr/1ppb1ppp/8/4q3/p1P1NN2/1P1B4/P2P2PP/R1BQK2R w KQkq - 1 11,e6e5
39,EulerE,hachipuzzler,447,420,rn2kbnr/1ppb1ppp/8/4q3/p1P1NN2/1P1B2P1/P2P3P/R1BQK2R b KQkq - 0 11,g2g3
39,EulerE,hachipuzzler,447,420,rn2kbnr/1ppb1ppp/8/8/p1P1NN2/1P1B2P1/P2P3P/q1BQK2R w Kkq - 0 12,e5a1
39,EulerE,hachipuzzler,447,420,rn2kbnr/1ppb1ppp/8/2N5/p1P2N2/1P1B2P1/P2P3P/q1BQK2R b Kkq - 1 12,e4c5
39,EulerE,hachipuzzler,447,420,rn2kbnr/1pp2ppp/8/2N5/p1P2Nb1/1P1B2P1/P2P3P/q1BQK2R w Kkq - 2 13,d7g4
39,EulerE,hachipuzzler,447,420,rn2kbnr/1pp2ppp/8/2N5/p1P2Nb1/1P4P1/P2PB2P/q1BQK2R b Kkq - 3 13,d3e2
39,EulerE,hachipuzzler,447,420,rn2kbnr/1pp2ppp/8/2N5/p1P2N2/1P4P1/P2Pb2P/q1BQK2R w Kkq - 0 14,g4e2
39,EulerE,hachipuzzler,447,420,rn2kbnr/1pp2ppp/8/2N5/p1P2N2/1P4P1/P2PK2P/q1BQ3R b kq - 0 14,e1e2
39,EulerE,hachipuzzler,447,420,1n2kbnr/1pp2ppp/8/r1N5/p1P2N2/1P4P1/P2PK2P/q1BQ3R w k - 1 15,a8a5
39,EulerE,hachipuzzler,447,420,1n2kbnr/1pp2ppp/8/r1N5/p1P5/1P1N2P1/P2PK2P/q1BQ3R b k - 2 15,f4d3
39,EulerE,hachipuzzler,447,420,1n2k1nr/1pp2ppp/8/r1b5/p1P5/1P1N2P1/P2PK2P/q1BQ3R w k - 0 16,f8c5
39,EulerE,hachipuzzler,447,420,1n2k1nr/1pp2ppp/8/r1b5/p1P5/1P1N2P1/PB1PK2P/q2Q3R b k - 1 16,c1b2
39,EulerE,hachipuzzler,447,420,1n2k1nr/1pp2ppp/8/r1b5/p1P5/1P1N2P1/qB1PK2P/3Q3R w k - 0 17,a1a2
39,EulerE,hachipuzzler,447,420,1n2k1nr/1pp2ppp/8/r1b5/pPP5/3N2P1/qB1PK2P/3Q3R b k - 0 17,b3b4
39,EulerE,hachipuzzler,447,420,1n2k1nr/1pp2ppp/8/r1b5/pPq5/3N2P1/1B1PK2P/3Q3R w k - 0 18,a2c4
39,EulerE,hachipuzzler,447,420,1n2k1nr/1pp2ppp/8/P1b5/p1q5/3N2P1/1B1PK2P/3Q3R b k - 0 18,b4a5
39,EulerE,hachipuzzler,447,420,1n2k1nr/2p2ppp/1p6/P1b5/p1q5/3N2P1/1B1PK2P/3Q3R w k - 0 19,b7b6
39,EulerE,hachipuzzler,447,420,1n2k1nr/2p2ppp/1p6/P1b5/p1q5/3N2P1/1B1PK2P/2Q4R b k - 1 19,d1c1
39,EulerE,hachipuzzler,447,420,1n2k1nr/2p2ppp/1p6/P1bq4/p7/3N2P1/1B1PK2P/2Q4R w k - 2 20,c4d5
39,EulerE,hachipuzzler,447,420,1n2k1nr/2p2ppp/1p6/P1bq4/p7/3N2P1/1B1P3P/2QK3R b k - 3 20,e2d1
39,EulerE,hachipuzzler,447,420,1n2k1nr/2p2ppp/1p6/P1b5/p7/3N2P1/1B1P3P/2QK3q w k - 0 21,d5h1
39,EulerE,hachipuzzler,447,420,1n2k1nr/2p2ppp/1p6/P1b5/p7/3N2P1/1BKP3P/2Q4q b k - 1 21,d1c2
39,EulerE,hachipuzzler,447,420,1n2k1nr/2p2ppp/1p6/P1bq4/p7/3N2P1/1BKP3P/2Q5 w k - 2 22,h1d5
39,EulerE,hachipuzzler,447,420,1n2k1nr/2p2ppp/1p6/P1Nq4/p7/6P1/1BKP3P/2Q5 b k - 0 22,d3c5
39,EulerE,hachipuzzler,447,420,1n2k1nr/2p2ppp/8/P1pq4/p7/6P1/1BKP3P/2Q5 w k - 0 23,b6c5
39,EulerE,hachipuzzler,447,420,1n2k1nr/2p2ppp/8/P1pq4/p7/6P1/1BKP3P/Q7 b k - 1 23,c1a1
39,EulerE,hachipuzzler,447,420,4k1nr/2p2ppp/2n5/P1pq4/p7/6P1/1BKP3P/Q7 w k - 2 24,b8c6
39,EulerE,hachipuzzler,447,420,4k1nr/2p2ppp/P1n5/2pq4/p7/6P1/1BKP3P/Q7 b k - 0 24,a5a6
39,EulerE,hachipuzzler,447,420,4k2r/2p2ppp/P1n2n2/2pq4/p7/6P1/1BKP3P/Q7 w k - 1 25,g8f6
39,EulerE,hachipuzzler,447,420,4k2r/2p2ppp/P1n2n2/2pq4/Q7/6P1/1BKP3P/8 b k - 0 25,a1a4
39,EulerE,hachipuzzler,447,420,7r/2p1kppp/P1n2n2/2pq4/Q7/6P1/1BKP3P/8 w - - 1 26,e8e7
39,EulerE,hachipuzzler,447,420,7r/P1p1kppp/2n2n2/2pq4/Q7/6P1/1BKP3P/8 b - - 0 26,a6a7
39,EulerE,hachipuzzler,447,420,r7/P1p1kppp/2n2n2/2pq4/Q7/6P1/1BKP3P/8 w - - 1 27,h8a8
39,EulerE,hachipuzzler,447,420,r7/P1p1kppp/2n2n2/2pq4/Q7/2B3P1/2KP3P/8 b - - 2 27,b2c3
39,EulerE,hachipuzzler,447,420,8/r1p1kppp/2n2n2/2pq4/Q7/2B3P1/2KP3P/8 w - - 0 28,a8a7
39,EulerE,hachipuzzler,447,420,8/r1p1kppp/2n2n2/2pq4/8/1QB3P1/2KP3P/8 b - - 1 28,a4b3
39,EulerE,hachipuzzler,447,420,8/r1p1kppp/2n1qn2/2p5/8/1QB3P1/2KP3P/8 w - - 2 29,d5e6
39,EulerE,hachipuzzler,447,420,8/r1p1kppp/2n1Qn2/2p5/8/2B3P1/2KP3P/8 b - - 0 29,b3e6
39,EulerE,hachipuzzler,447,420,8/r1p1k1pp/2n1pn2/2p5/8/2B3P1/2KP3P/8 w - - 0 30,f7e6
39,EulerE,hachipuzzler,447,420,8/r1p1k1pp/2n1pn2/2p5/8/2BP2P1/2K4P/8 b - - 0 30,d2d3
39,EulerE,hachipuzzler,447,420,8/r1p1k1pp/2n1p3/2pn4/8/2BP2P1/2K4P/8 w - - 1 31,f6d5
39,EulerE,hachipuzzler,447,420,8/r1p1k1pp/2n1p3/2pn4/8/3P2P1/1BK4P/8 b - - 2 31,c3b2
39,EulerE,hachipuzzler,447,420,8/r1p1k1pp/2n1p3/2p5/8/3Pn1P1/1BK4P/8 w - - 3 32,d5e3
39,EulerE,hachipuzzler,447,420,8/r1p1k1pp/2n1p3/2p5/8/3Pn1P1/1B1K3P/8 b - - 4 32,c2d2
39,EulerE,hachipuzzler,447,420,8/r1p1k1pp/2n1p3/2p5/8/3P2P1/1B1K3P/5n2 w - - 5 33,e3f1
39,EulerE,hachipuzzler,447,420,8/r1p1k1pp/2n1p3/2p5/8/3P2P1/1B2K2P/5n2 b - - 6 33,d2e2
39,EulerE,hachipuzzler,447,420,8/r1p1k1pp/2n1p3/2p5/8/3P2P1/1B2K2n/8 w - - 0 34,f1h2
39,EulerE,hachipuzzler,447,420,8/r1p1k1pp/2n1p3/2p5/8/3P2P1/4K2n/2B5 b - - 1 34,b2c1
39,EulerE,hachipuzzler,447,420,8/r1p1k1pp/4p3/2p5/1n6/3P2P1/4K2n/2B5 w - - 2 35,c6b4
39,EulerE,hachipuzzler,447,420,8/r1p1k1pp/4p3/2p3B1/1n6/3P2P1/4K2n/8 b - - 3 35,c1g5
39,EulerE,hachipuzzler,447,420,8/r1p3pp/3kp3/2p3B1/1n6/3P2P1/4K2n/8 w - - 4 36,e7d6
39,EulerE,hachipuzzler,447,420,8/r1p3pp/3kp3/2p5/1n3B2/3P2P1/4K2n/8 b - - 5 36,g5f4
39,EulerE,hachipuzzler,447,420,8/r1p3pp/2k1p3/2p5/1n3B2/3P2P1/4K2n/8 w - - 6 37,d6c6
39,EulerE,hachipuzzler,447,420,8/r1p3pp/2k1p3/2p5/1n3B2/3PK1P1/7n/8 b - - 7 37,e2e3
39,EulerE,hachipuzzler,447,420,8/r1p3pp/2k1p3/2p5/5B2/3PK1P1/2n4n/8 w - - 8 38,b4c2
39,EulerE,hachipuzzler,447,420,8/r1p3pp/2k1p3/2p5/4KB2/3P2P1/2n4n/8 b - - 9 38,e3e4
39,EulerE,hachipuzzler,447,420,8/2p3pp/2k1p3/2p5/r3KB2/3P2P1/2n4n/8 w - - 10 39,a7a4
39,EulerE,hachipuzzler,447,420,8/2p3pp/2k1p3/2p1K3/r4B2/3P2P1/2n4n/8 b - - 11 39,e4e5
39,EulerE,hachipuzzler,447,420,8/2p3pp/2k1p3/2p1K3/r4Bn1/3P2P1/2n5/8 w - - 12 40,h2g4
39,EulerE,hachipuzzler,447,420,8/2p3pp/2k1K3/2p5/r4Bn1/3P2P1/2n5/8 b - - 0 40,e5e6
39,EulerE,hachipuzzler,447,420,8/2p3pp/2k1K3/2p5/r2n1Bn1/3P2P1/8/8 w - - 1 41,c2d4
39,EulerE,hachipuzzler,447,420,8/2p2Kpp/2k5/2p5/r2n1Bn1/3P2P1/8/8 b - - 2 41,e6f7
39,EulerE,hachipuzzler,447,420,8/2p2Kpp/2k5/2p5/r4Bn1/3P2P1/2n5/8 w - - 3 42,d4c2
39,EulerE,hachipuzzler,447,420,8/2p3Kp/2k5/2p5/r4Bn1/3P2P1/2n5/8 b - - 0 42,f7g7
39,EulerE,hachipuzzler,447,420,r7/2p3Kp/2k5/2p5/5Bn1/3P2P1/2n5/8 w - - 1 43,a4a8
39,EulerE,hachipuzzler,447,420,r7/2p4K/2k5/2p5/5Bn1/3P2P1/2n5/8 b - - 0 43,g7h7
39,EulerE,hachipuzzler,447,420,5r2/2p4K/2k5/2p5/5Bn1/3P2P1/2n5/8 w - - 1 44,a8f8
39,EulerE,hachipuzzler,447,420,5r2/2p5/2k3K1/2p5/5Bn1/3P2P1/2n5/8 b - - 2 44,h7g6
39,EulerE,hachipuzzler,447,420,5r2/2p5/2k3K1/2p1n3/5B2/3P2P1/2n5/8 w - - 3 45,g4e5
39,EulerE,hachipuzzler,447,420,5r2/2p5/2k3K1/2p1B3/8/3P2P1/2n5/8 b - - 0 45,f4e5
39,EulerE,hachipuzzler,447,420,6r1/2p5/2k3K1/2p1B3/8/3P2P1/2n5/8 w - - 1 46,f8g8
39,EulerE,hachipuzzler,447,420,6r1/2p5/2k5/2p1BK2/8/3P2P1/2n5/8 b - - 2 46,g6f5
39,EulerE,hachipuzzler,447,420,5r2/2p5/2k5/2p1BK2/8/3P2P1/2n5/8 w - - 3 47,g8f8
39,EulerE,hachipuzzler,447,420,5r2/2p5/2k1K3/2p1B3/8/3P2P1/2n5/8 b - - 4 47,f5e6
39,EulerE,hachipuzzler,447,420,4r3/2p5/2k1K3/2p1B3/8/3P2P1/2n5/8 w - - 5 48,f8e8
39,EulerE,hachipuzzler,447,420,4r3/2p2K2/2k5/2p1B3/8/3P2P1/2n5/8 b - - 6 48,e6f7
39,EulerE,hachipuzzler,447,420,8/2p2K2/2k5/2p1r3/8/3P2P1/2n5/8 w - - 0 49,e8e5
39,EulerE,hachipuzzler,447,420,8/2p2K2/2k5/2p1r3/6P1/3P4/2n5/8 b - - 0 49,g3g4
39,EulerE,hachipuzzler,447,420,8/2p2K2/2k5/2p3r1/6P1/3P4/2n5/8 w - - 1 50,e5g5
39,EulerE,hachipuzzler,447,420,8/2p5/2k2K2/2p3r1/6P1/3P4/2n5/8 b - - 2 50,f7f6
39,EulerE,hachipuzzler,447,420,8/2p5/2k2K2/2p5/6r1/3P4/2n5/8 w - - 0 51,g5g4
39,EulerE,hachipuzzler,447,420,8/2p5/2k5/2p2K2/6r1/3P4/2n5/8 b - - 1 51,f6f5
39,EulerE,hachipuzzler,447,420,8/2p5/2k5/2p2K2/3r4/3P4/2n5/8 w - - 2 52,g4d4
39,EulerE,hachipuzzler,447,420,8/2p5/2k5/2p1K3/3r4/3P4/2n5/8 b - - 3 52,f5e5
39,EulerE,hachipuzzler,447,420,8/2p5/2k5/2p1K3/8/3r4/2n5/8 w - - 0 53,d4d3
39,EulerE,hachipuzzler,447,420,8/2p5/2k1K3/2p5/8/3r4/2n5/8 b - - 1 53,e5e6
39,EulerE,hachipuzzler,447,420,8/2p5/2k1K3/8/2p5/3r4/2n5/8 w - - 0 54,c5c4
40,sprinter1998,EulerE,456,456,rnbqkbnr/pppppppp/8/8/2P5/8/PP1PPPPP/RNBQKBNR b KQkq - 0 1,c2c4
40,sprinter1998,EulerE,456,456,rnbqkbnr/pppp1ppp/8/4p3/2P5/8/PP1PPPPP/RNBQKBNR w KQkq - 0 2,e7e5
40,sprinter1998,EulerE,456,456,rnbqkbnr/pppp1ppp/8/4p3/2P5/2N5/PP1PPPPP/R1BQKBNR b KQkq - 1 2,b1c3
40,sprinter1998,EulerE,456,456,rnbqkbnr/ppp2ppp/3p4/4p3/2P5/2N5/PP1PPPPP/R1BQKBNR w KQkq - 0 3,d7d6
40,sprinter1998,EulerE,456,456,rnbqkbnr/ppp2ppp/3p4/4p3/2P5/1PN5/P2PPPPP/R1BQKBNR b KQkq - 0 3,b2b3
40,sprinter1998,EulerE,456,456,rnbqkb1r/ppp2ppp/3p1n2/4p3/2P5/1PN5/P2PPPPP/R1BQKBNR w KQkq - 1 4,g8f6
40,sprinter1998,EulerE,456,456,rnbqkb1r/ppp2ppp/3p1n2/4p3/2P5/1PN2P2/P2PP1PP/R1BQKBNR b KQkq - 0 4,f2f3
40,sprinter1998,EulerE,456,456,rn1qkb1r/ppp2ppp/3p1n2/4pb2/2P5/1PN2P2/P2PP1PP/R1BQKBNR w KQkq - 1 5,c8f5
40,sprinter1998,EulerE,456,456,rn1qkb1r/ppp2ppp/3p1n2/4pb2/2P1P3/1PN2P2/P2P2PP/R1BQKBNR b KQkq - 0 5,e2e4
40,sprinter1998,EulerE,456,456,rn1qkb1r/ppp2ppp/3pbn2/4p3/2P1P3/1PN2P2/P2P2PP/R1BQKBNR w KQkq - 1 6,f5e6
40,sprinter1998,EulerE,456,456,rn1qkb1r/ppp2ppp/3pbn2/4p3/2P1P3/1PNP1P2/P5PP/R1BQKBNR b KQkq - 0 6,d2d3
40,sprinter1998,EulerE,456,456,rn1qkb1r/pp3ppp/3pbn2/2p1p3/2P1P3/1PNP1P2/P5PP/R1BQKBNR w KQkq - 0 7,c7c5
40,sprinter1998,EulerE,456,456,rn1qkb1r/pp3ppp/3pbn2/2p1p3/2P1P1P1/1PNP1P2/P6P/R1BQKBNR b KQkq - 0 7,g2g4
40,sprinter1998,EulerE,456,456,rn1qkb1r/pp3pp1/3pbn1p/2p1p3/2P1P1P1/1PNP1P2/P6P/R1BQKBNR w KQkq - 0 8,h7h6
40,sprinter1998,EulerE,456,456,rn1qkb1r/pp3pp1/3pbn1p/2p1p3/2P1P1P1/1PNP1P2/P3N2P/R1BQKB1R b KQkq - 1 8,g1e2
40,sprinter1998,EulerE,456,456,rn1qkb1r/pp3p2/3pbnpp/2p1p3/2P1P1P1/1PNP1P2/P3N2P/R1BQKB1R w KQkq - 0 9,g7g6
40,sprinter1998,EulerE,456,456,rn1qkb1r/pp3p2/3pbnpp/2p1p3/2P1P1P1/1PNP1P1P/P3N3/R1BQKB1R b KQkq - 0 9,h2h3
40,sprinter1998,EulerE,456,456,rn1qkb1r/pp3p2/3pbnp1/2p1p2p/2P1P1P1/1PNP1P1P/P3N3/R1BQKB1R w KQkq - 0 10,h6h5
40,sprinter1998,EulerE,456,456,rn1qkb1r/pp3p2/3pbnp1/1Np1p2p/2P1P1P1/1P1P1P1P/P3N3/R1BQKB1R b KQkq - 1 10,c3b5
40,sprinter1998,EulerE,456,456,rn1qkb1r/1p3p2/p2pbnp1/1Np1p2p/2P1P1P1/1P1P1P1P/P3N3/R1BQKB1R w KQkq - 0 11,a7a6
40,sprinter1998,EulerE,456,456,rn1qkb1r/1p3p2/p2pbnp1/2p1p2p/2P1P1P1/1PNP1P1P/P3N3/R1BQKB1R b KQkq - 1 11,b5c3
40,sprinter1998,EulerE,456,456,rn1qkb1r/1p3p2/p2pbnp1/2p1p3/2P1P1p1/1PNP1P1P/P3N3/R1BQKB1R w KQkq - 0 12,h5g4
40,sprinter1998,EulerE,456,456,rn1qkb1r/1p3p2/p2pbnp1/2p1p3/2P1P1P1/1PNP3P/P3N3/R1BQKB1R b KQkq - 0 12,f3g4
40,sprinter1998,EulerE,456,456,rn1qkb1r/1p3p2/p2pbn2/2p1p1p1/2P1P1P1/1PNP3P/P3N3/R1BQKB1R w KQkq - 0 13,g6g5
40,sprinter1998,EulerE,456,456,rn1qkb1r/1p3p2/p2pbn2/2p1p1p1/2P1P1P1/1PNP2NP/P7/R1BQKB1R b KQkq - 1 13,e2g3
40,sprinter1998,EulerE,456,456,rn1qkb2/1p3p2/p2pbn2/2p1p1p1/2P1P1Pr/1PNP2NP/P7/R1BQKB1R w KQq - 2 14,h8h4
40,sprinter1998,EulerE,456,456,rn1qkb2/1p3p2/p2pbn2/2p1p1p1/2P1P1Pr/1PNP2NP/P5B1/R1BQK2R b KQq - 3 14,f1g2
40,sprinter1998,EulerE,456,456,rn1qkb2/1p3p2/p2pbn2/2p1p1p1/2P1P1r1/1PNP2NP/P5B1/R1BQK2R w KQq - 0 15,h4g4
40,sprinter1998,EulerE,456,456,rn1qkb2/1p3p2/p2pbn2/2p1p1p1/2P1P1P1/1PNP2N1/P5B1/R1BQK2R b KQq - 0 15,h3g4
40,sprinter1998,EulerE,456,456,rn1qkb2/1p3p2/p2p1n2/2p1p1p1/2P1P1b1/1PNP2N1/P5B1/R1BQK2R w KQq - 0 16,e6g4
40,sprinter1998,EulerE,456,456,rn1qkb2/1p3p2/p2p1n2/2p1p1p1/2P1P1b1/1PNP2N1/P2Q2B1/R1B1K2R b KQq - 1 16,d1d2
40,sprinter1998,EulerE,456,456,rn1qk3/1p3p2/p2p1n1b/2p1p1p1/2P1P1b1/1PNP2N1/P2Q2B1/R1B1K2R w KQq - 2 17,f8h6
40,sprinter1998,EulerE,456,456,rn1qk3/1p3p2/p2p1n1b/2p1p1p1/2P1P1b1/1PNP2N1/P2Q2B1/R1B2RK1 b q - 3 17,e1g1
40,sprinter1998,EulerE,456,456,rn2k3/1pq2p2/p2p1n1b/2p1p1p1/2P1P1b1/1PNP2N1/P2Q2B1/R1B2RK1 w q - 4 18,d8c7
40,sprinter1998,EulerE,456,456,rn2k3/1pq2p2/p2p1R1b/2p1p1p1/2P1P1b1/1PNP2N1/P2Q2B1/R1B3K1 b q - 0 18,f1f6
40,sprinter1998,EulerE,456,456,rn2k3/1pq2pb1/p2p1R2/2p1p1p1/2P1P1b1/1PNP2N1/P2Q2B1/R1B3K1 w q - 1 19,h6g7
40,sprinter1998,EulerE,456,456,rn2k3/1pq2pb1/p2p4/2p1p1p1/2P1P1b1/1PNP2N1/P2Q2B1/R1B2RK1 b q - 2 19,f6f1
40,sprinter1998,EulerE,456,456,rn2k3/1p1q1pb1/p2p4/2p1p1p1/2P1P1b1/1PNP2N1/P2Q2B1/R1B2RK1 w q - 3 20,c7d7
40,sprinter1998,EulerE,456,456,rn2k3/1p1q1pb1/p2p4/2p1p1Q1/2P1P1b1/1PNP2N1/P5B1/R1B2RK1 b q - 0 20,d2g5
40,sprinter1998,EulerE,456,456,rn3k2/1p1q1pb1/p2p4/2p1p1Q1/2P1P1b1/1PNP2N1/P5B1/R1B2RK1 w - - 1 21,e8f8
40,sprinter1998,EulerE,456,456,rn3k2/1p1q1pb1/p2p4/2pNp1Q1/2P1P1b1/1P1P2N1/P5B1/R1B2RK1 b - - 2 21,c3d5
40,sprinter1998,EulerE,456,456,rn3k2/3q1pb1/p2p4/1ppNp1Q1/2P1P1b1/1P1P2N1/P5B1/R1B2RK1 w - - 0 22,b7b5
40,sprinter1998,EulerE,456,456,rn3k2/3q1pb1/pN1p4/1pp1p1Q1/2P1P1b1/1P1P2N1/P5B1/R1B2RK1 b - - 1 22,d5b6
40,sprinter1998,EulerE,456,456,1n3k2/r2q1pb1/pN1p4/1pp1p1Q1/2P1P1b1/1P1P2N1/P5B1/R1B2RK1 w - - 2 23,a8a7
40,sprinter1998,EulerE,456,456,1n3k2/r2N1pb1/p2p4/1pp1p1Q1/2P1P1b1/1P1P2N1/P5B1/R1B2RK1 b - - 0 23,b6d7
40,sprinter1998,EulerE,456,456,5k2/r2n1pb1/p2p4/1pp1p1Q1/2P1P1b1/1P1P2N1/P5B1/R1B2RK1 w - - 0 24,b8d7
40,sprinter1998,EulerE,456,456,5k2/r2n1pb1/p2p4/1pp1p3/2P1P1Q1/1P1P2N1/P5B1/R1B2RK1 b - - 0 24,g5g4
40,sprinter1998,EulerE,456,456,5k2/r2n1pb1/p7/1pppp3/2P1P1Q1/1P1P2N1/P5B1/R1B2RK1 w - - 0 25,d6d5
40,sprinter1998,EulerE,456,456,5k2/r2n1pb1/p7/1ppPp3/4P1Q1/1P1P2N1/P5B1/R1B2RK1 b - - 0 25,c4d5
40,sprinter1998,EulerE,456,456,5k2/r4pb1/p4n2/1ppPp3/4P1Q1/1P1P2N1/P5B1/R1B2RK1 w - - 1 26,d7f6
40,sprinter1998,EulerE,456,456,2Q2k2/r4pb1/p4n2/1ppPp3/4P3/1P1P2N1/P5B1/R1B2RK1 b - - 2 26,g4c8
40,sprinter1998,EulerE,456,456,2Q1nk2/r4pb1/p7/1ppPp3/4P3/1P1P2N1/P5B1/R1B2RK1 w - - 3 27,f6e8
40,sprinter1998,EulerE,456,456,4nk2/r4pb1/p7/1pQPp3/4P3/1P1P2N1/P5B1/R1B2RK1 b - - 0 27,c8c5
40,sprinter1998,EulerE,456,456,4nk2/4rpb1/p7/1pQPp3/4P3/1P1P2N1/P5B1/R1B2RK1 w - - 1 28,a7e7
40,sprinter1998,EulerE,456,456,4nk2/4rRb1/p7/1pQPp3/4P3/1P1P2N1/P5B1/R1B3K1 b - - 0 28,f1f7
40,sprinter1998,EulerE,456,456,4n3/4rkb1/p7/1pQPp3/4P3/1P1P2N1/P5B1/R1B3K1 w - - 0 29,f8f7
40,sprinter1998,EulerE,456,456,4n3/4rkb1/p7/1pQPp3/4P3/1P1P1BN1/P7/R1B3K1 b - - 1 29,g2f3
40,sprinter1998,EulerE,456,456,4nb2/4rk2/p7/1pQPp3/4P3/1P1P1BN1/P7/R1B3K1 w - - 2 30,g7f8
40,sprinter1998,EulerE,456,456,4nb2/4rk2/p7/1pQPp1B1/4P3/1P1P1BN1/P7/R5K1 b - - 3 30,c1g5
40,sprinter1998,EulerE,456,456,4nb2/3r1k2/p7/1pQPp1B1/4P3/1P1P1BN1/P7/R5K1 w - - 4 31,e7d7
40,sprinter1998,EulerE,456,456,4nb2/3r1k2/p7/1pQPp1B1/4P3/1P1P1BN1/P7/5RK1 b - - 5 31,a1f1
40,sprinter1998,EulerE,456,456,4n3/3r1k2/p7/1pbPp1B1/4P3/1P1P1BN1/P7/5RK1 w - - 0 32,f8c5
40,sprinter1998,EulerE,456,456,4n3/3r1k2/p7/1pbPp1B1/4P3/1P1P1BN1/P5K1/5R2 b - - 1 32,g1g2
40,sprinter1998,EulerE,456,456,4n3/3rbk2/p7/1p1Pp1B1/4P3/1P1P1BN1/P5K1/5R2 w - - 2 33,c5e7
40,sprinter1998,EulerE,456,456,4n3/3rbk2/p7/1p1Pp1BB/4P3/1P1P2N1/P5K1/5R2 b - - 3 33,f3h5
40,sprinter1998,EulerE,456,456,4n3/3rb1k1/p7/1p1Pp1BB/4P3/1P1P2N1/P5K1/5R2 w - - 4 34,f7g7
40,sprinter1998,EulerE,456,456,4B3/3rb1k1/p7/1p1Pp1B1/4P3/1P1P2N1/P5K1/5R2 b - - 0 34,h5e8
40,sprinter1998,EulerE,456,456,4B3/3r2k1/p7/1p1Pp1b1/4P3/1P1P2N1/P5K1/5R2 w - - 0 35,e7g5
40,sprinter1998,EulerE,456,456,4B3/3r1Rk1/p7/1p1Pp1b1/4P3/1P1P2N1/P5K1/8 b - - 1 35,f1f7
40,sprinter1998,EulerE,456,456,4B3/5rk1/p7/1p1Pp1b1/4P3/1P1P2N1/P5K1/8 w - - 0 36,d7f7
40,sprinter1998,EulerE,456,456,8/5Bk1/p7/1p1Pp1b1/4P3/1P1P2N1/P5K1/8 b - - 0 36,e8f7
40,sprinter1998,EulerE,456,456,8/5k2/p7/1p1Pp1b1/4P3/1P1P2N1/P5K1/8 w - - 0 37,g7f7
40,sprinter1998,EulerE,456,456,8/5k2/p7/1p1PpNb1/4P3/1P1P4/P5K1/8 b - - 1 37,g3f5
40,sprinter1998,EulerE,456,456,8/8/p4k2/1p1PpNb1/4P3/1P1P4/P5K1/8 w - - 2 38,f7f6
40,sprinter1998,EulerE,456,456,8/8/p2P1k2/1p2pNb1/4P3/1P1P4/P5K1/8 b - - 0 38,d5d6
40,sprinter1998,EulerE,456,456,8/5k2/p2P4/1p2pNb1/4P3/1P1P4/P5K1/8 w - - 1 39,f6f7
40,sprinter1998,EulerE,456,456,8/3P1k2/p7/1p2pNb1/4P3/1P1P4/P5K1/8 b - - 0 39,d6d7
40,sprinter1998,EulerE,456,456,8/3P4/p5k1/1p2pNb1/4P3/1P1P4/P5K1/8 w - - 1 40,f7g6
40,sprinter1998,EulerE,456,456,8/3P4/p5k1/1p2pNb1/1P2P3/3P4/P5K1/8 b - - 0 40,b3b4
40,sprinter1998,EulerE,456,456,8/3P4/p7/1p2pNbk/1P2P3/3P4/P5K1/8 w - - 1 41,g6h5
40,sprinter1998,EulerE,456,456,8/3P4/p7/1p2pNbk/1P2P3/3P1K2/P7/8 b - - 2 41,g2f3
40,sprinter1998,EulerE,456,456,8/3P4/p5k1/1p2pNb1/1P2P3/3P1K2/P7/8 w - - 3 42,h5g6
40,sprinter1998,EulerE,456,456,8/3P4/p5k1/1p2pNb1/1P1PP3/5K2/P7/8 b - - 0 42,d3d4
40,sprinter1998,EulerE,456,456,8/3P4/p5k1/1p3Nb1/1P1pP3/5K2/P7/8 w - - 0 43,e5d4
40,sprinter1998,EulerE,456,456,8/3P4/p5k1/1p3Nb1/1P1pP1K1/8/P7/8 b - - 1 43,f3g4
40,sprinter1998,EulerE,456,456,8/3P4/p5k1/1p3Nb1/1P2P1K1/3p4/P7/8 w - - 0 44,d4d3
40,sprinter1998,EulerE,456,456,8/3P4/p5k1/1p2PNb1/1P4K1/3p4/P7/8 b - - 0 44,e4e5
40,sprinter1998,EulerE,456,456,8/3P4/p5k1/1p2PNb1/1P4K1/8/P2p4/8 w - - 0 45,d3d2
40,sprinter1998,EulerE,456,456,8/3P4/p3P1k1/1p3Nb1/1P4K1/8/P2p4/8 b - - 0 45,e5e6
40,sprinter1998,EulerE,456,456,8/3P4/p3P1k1/1p3Nb1/1P4K1/8/P7/3q4 w - - 0 46,d2d1q
40,sprinter1998,EulerE,456,456,8/3P4/p3P1k1/1p3Nb1/1P6/6K1/P7/3q4 b - - 1 46,g4g3
41,guiguisurf,EulerE,478,457,rnbqkbnr/pppppppp/8/8/5P2/8/PPPPP1PP/RNBQKBNR b KQkq - 0 1,f2f4
41,guiguisurf,EulerE,478,457,rnbqkbnr/ppp1pppp/8/3p4/5P2/8/PPPPP1PP/RNBQKBNR w KQkq - 0 2,d7d5
41,guiguisurf,EulerE,478,457,rnbqkbnr/ppp1pppp/8/3p4/5P2/4P3/PPPP2PP/RNBQKBNR b KQkq - 0 2,e2e3
41,guiguisurf,EulerE,478,457,rnbqkbnr/pp2pppp/2p5/3p4/5P2/4P3/PPPP2PP/RNBQKBNR w KQkq - 0 3,c7c6
41,guiguisurf,EulerE,478,457,rnbqkbnr/pp2pppp/2p5/3p4/5P2/2N1P3/PPPP2PP/R1BQKBNR b KQkq - 1 3,b1c3
41,guiguisurf,EulerE,478,457,rnbqkb1r/pp2pppp/2p2n2/3p4/5P2/2N1P3/PPPP2PP/R1BQKBNR w KQkq - 2 4,g8f6
41,guiguisurf,EulerE,478,457,rnbqkb1r/pp2pppp/2p2n2/3p4/5P2/2NBP3/PPPP2PP/R1BQK1NR b KQkq - 3 4,f1d3
41,guiguisurf,EulerE,478,457,rn1qkb1r/pp2pppp/2p2n2/3p4/5Pb1/2NBP3/PPPP2PP/R1BQK1NR w KQkq - 4 5,c8g4
41,guiguisurf,EulerE,478,457,rn1qkb1r/pp2pppp/2p2n2/3p4/5Pb1/2N1P3/PPPPB1PP/R1BQK1NR b KQkq - 5 5,d3e2
41,guiguisurf,EulerE,478,457,r2qkb1r/pp1npppp/2p2n2/3p4/5Pb1/2N1P3/PPPPB1PP/R1BQK1NR w KQkq - 6 6,b8d7
41,guiguisurf,EulerE,478,457,r2qkb1r/pp1npppp/2p2n2/3p4/5Pb1/2N1P2P/PPPPB1P1/R1BQK1NR b KQkq - 0 6,h2h3
41,guiguisurf,EulerE,478,457,r2qkb1r/pp1npppp/2p2n2/3p3b/5P2/2N1P2P/PPPPB1P1/R1BQK1NR w KQkq - 1 7,g4h5
41,guiguisurf,EulerE,478,457,r2qkb1r/pp1npppp/2p2n2/3p3b/5PP1/2N1P2P/PPPPB3/R1BQK1NR b KQkq - 0 7,g2g4
41,guiguisurf,EulerE,478,457,r2qkb1r/pp1npppp/2p2nb1/3p4/5PP1/2N1P2P/PPPPB3/R1BQK1NR w KQkq - 1 8,h5g6
41,guiguisurf,EulerE,478,457,r2qkb1r/pp1npppp/2p2nb1/3p1P2/6P1/2N1P2P/PPPPB3/R1BQK1NR b KQkq - 0 8,f4f5
41,guiguisurf,EulerE,478,457,r2qkb1r/pp1npppp/2p2n2/3p1b2/6P1/2N1P2P/PPPPB3/R1BQK1NR w KQkq - 0 9,g6f5
41,guiguisurf,EulerE,478,457,r2qkb1r/pp1npppp/2p2n2/3p1P2/8/2N1P2P/PPPPB3/R1BQK1NR b KQkq - 0 9,g4f5
41,guiguisurf,EulerE,478,457,r3kb1r/ppqnpppp/2p2n2/3p1P2/8/2N1P2P/PPPPB3/R1BQK1NR w KQkq - 1 10,d8c7
41,guiguisurf,EulerE,478,457,r3kb1r/ppqnpppp/2p2n2/3p1P2/3P4/2N1P2P/PPP1B3/R1BQK1NR b KQkq - 0 10,d2d4
41,guiguisurf,EulerE,478,457,r3kb1r/ppqnpp1p/2p2n2/3p1Pp1/3P4/2N1P2P/PPP1B3/R1BQK1NR w KQkq g6 0 11,g7g5
41,guiguisurf,EulerE,478,457,r3kb1r/ppqnpp1p/2p2nP1/3p4/3P4/2N1P2P/PPP1B3/R1BQK1NR b KQkq - 0 11,f5g6
41,guiguisurf,EulerE,478,457,r3kb1r/ppqnp2p/2p2np1/3p4/3P4/2N1P2P/PPP1B3/R1BQK1NR w KQkq - 0 12,f7g6
41,guiguisurf,EulerE,478,457,r3kb1r/ppqnp2p/2p2np1/3p4/3P4/2N1PB1P/PPP5/R1BQK1NR b KQkq - 1 12,e2f3
41,guiguisurf,EulerE,478,457,r3kb1r/pp1np2p/2p2np1/3p4/3P4/2N1PBqP/PPP5/R1BQK1NR w KQkq - 2 13,c7g3
41,guiguisurf,EulerE,478,457,r3kb1r/pp1np2p/2p2np1/3p4/3P4/2N1PBqP/PPPK4/R1BQ2NR b kq - 3 13,e1d2
41,guiguisurf,EulerE,478,457,r3kb1r/pp1np2p/2p3p1/3p4/3Pn3/2N1PBqP/PPPK4/R1BQ2NR w kq - 4 14,f6e4
41,guiguisurf,EulerE,478,457,r3kb1r/pp1np2p/2p3p1/3p4/3Pn3/2NKPBqP/PPP5/R1BQ2NR b kq - 5 14,d2d3
41,guiguisurf,EulerE,478,457,r3kb1r/pp1np2p/2p3p1/3p4/3P4/2nKPBqP/PPP5/R1BQ2NR w kq - 0 15,e4c3
41,guiguisurf,EulerE,478,457,r3kb1r/pp1np2p/2p3p1/3p4/3P4/2nKPBqP/PPPQ4/R1B3NR b kq - 1 15,d1d2
41,guiguisurf,EulerE,478,457,r3kb1r/pp1np2p/2p3p1/3p4/3P4/3KPBqP/nPPQ4/R1B3NR w kq - 0 16,c3a2
41,guiguisurf,EulerE,478,457,r3kb1r/pp1np2p/2p3p1/3p4/3P4/3KPBqP/RPPQ4/2B3NR b kq - 0 16,a1a2
41,guiguisurf,EulerE,478,457,2kr1b1r/pp1np2p/2p3p1/3p4/3P4/3KPBqP/RPPQ4/2B3NR w - - 1 17,e8c8
41,guiguisurf,EulerE,478,457,2kr1b1r/Rp1np2p/2p3p1/3p4/3P4/3KPBqP/1PPQ4/2B3NR b - - 0 17,a2a7
41,guiguisurf,EulerE,478,457,2kr3r/Rp1np1bp/2p3p1/3p4/3P4/3KPBqP/1PPQ4/2B3NR w - - 1 18,f8g7
41,guiguisurf,EulerE,478,457,2kr3r/Rp1np1bp/2p3p1/3p4/1Q1P4/3KPBqP/1PP5/2B3NR b - - 2 18,d2b4
41,guiguisurf,EulerE,478,457,2k1r2r/Rp1np1bp/2p3p1/3p4/1Q1P4/3KPBqP/1PP5/2B3NR w - - 3 19,d8e8
41,guiguisurf,EulerE,478,457,2k1r2r/1R1np1bp/2p3p1/3p4/1Q1P4/3KPBqP/1PP5/2B3NR b - - 0 19,a7b7
41,guiguisurf,EulerE,478,457,2k1r2r/1R1np2p/2p3p1/3p4/1Q1b4/3KPBqP/1PP5/2B3NR w - - 0 20,g7d4
41,guiguisurf,EulerE,478,457,1Rk1r2r/3np2p/2p3p1/3p4/1Q1b4/3KPBqP/1PP5/2B3NR b - - 1 20,b7b8
41,guiguisurf,EulerE,478,457,1nk1r2r/4p2p/2p3p1/3p4/1Q1b4/3KPBqP/1PP5/2B3NR w - - 0 21,d7b8
41,guiguisurf,EulerE,478,457,1nk1r2r/4p2p/2p3p1/3p4/3Q4/3KPBqP/1PP5/2B3NR b - - 0 21,b4d4
41,guiguisurf,EulerE,478,457,1nk1r2r/7p/2p1p1p1/3p4/3Q4/3KPBqP/1PP5/2B3NR w - - 0 22,e7e6
41,guiguisurf,EulerE,478,457,1nk1r2r/7p/2p1p1p1/3p4/1P1Q4/3KPBqP/2P5/2B3NR b - - 0 22,b2b4
41,guiguisurf,EulerE,478,457,1nk1r2r/7p/2pqp1p1/3p4/1P1Q4/3KPB1P/2P5/2B3NR w - - 1 23,g3d6
41,guiguisurf,EulerE,478,457,1nk1r2r/7p/2pqp1p1/3p4/1P1Q4/3KPB1P/1BP5/6NR b - - 2 23,c1b2
41,guiguisurf,EulerE,478,457,1nk1r2r/7p/2pq2p1/3pp3/1P1Q4/3KPB1P/1BP5/6NR w - - 0 24,e6e5
41,guiguisurf,EulerE,478,457,1nk1r2r/7p/1Qpq2p1/3pp3/1P6/3KPB1P/1BP5/6NR b - - 1 24,d4b6
41,guiguisurf,EulerE,478,457,1nkr3r/7p/1Qpq2p1/3pp3/1P6/3KPB1P/1BP5/6NR w - - 2 25,e8d8
41,guiguisurf,EulerE,478,457,1nkr3r/7p/1Qpq2p1/3pp3/1P6/3KPB1P/1BP1N3/7R b - - 3 25,g1e2
41,guiguisurf,EulerE,478,457,1nkr3r/7p/1Qp2qp1/3pp3/1P6/3KPB1P/1BP1N3/7R w - - 4 26,d6f6
41,guiguisurf,EulerE,478,457,1nkr3r/7p/1Qp2qp1/3pp3/1P6/3KPB1P/1BP1N3/5R2 b - - 5 26,h1f1
41,guiguisurf,EulerE,478,457,1nkr1r2/7p/1Qp2qp1/3pp3/1P6/3KPB1P/1BP1N3/5R2 w - - 6 27,h8f8
41,guiguisurf,EulerE,478,457,1nkr1r2/7p/1Qp2qp1/1P1pp3/8/3KPB1P/1BP1N3/5R2 b - - 0 27,b4b5
41,guiguisurf,EulerE,478,457,1nkr1r2/7p/1Qp3p1/1P1pp3/8/3KPq1P/1BP1N3/5R2 w - - 0 28,f6f3
41,guiguisurf,EulerE,478,457,1nkr1r2/7p/2Q3p1/1P1pp3/8/3KPq1P/1BP1N3/5R2 b - - 0 28,b6c6
41,guiguisurf,EulerE,478,457,2kr1r2/7p/2n3p1/1P1pp3/8/3KPq1P/1BP1N3/5R2 w - - 0 29,b8c6
41,guiguisurf,EulerE,478,457,2kr1r2/7p/2n3p1/1P1pp3/8/3KPR1P/1BP1N3/8 b - - 0 29,f1f3
41,guiguisurf,EulerE,478,457,2kr4/7p/2n3p1/1P1pp3/8/3KPr1P/1BP1N3/8 w - - 0 30,f8f3
41,guiguisurf,EulerE,478,457,2kr4/7p/2P3p1/3pp3/8/3KPr1P/1BP1N3/8 b - - 0 30,b5c6
41,guiguisurf,EulerE,478,457,3r4/2k4p/2P3p1/3pp3/8/3KPr1P/1BP1N3/8 w - - 1 31,c8c7
41,guiguisurf,EulerE,478,457,3r4/2k4p/2P3p1/3pB3/8/3KPr1P/2P1N3/8 b - - 0 31,b2e5
41,guiguisurf,EulerE,478,457,3r4/7p/2k3p1/3pB3/8/3KPr1P/2P1N3/8 w - - 0 32,c7c6
41,guiguisurf,EulerE,478,457,3r4/7p/2k3p1/3pB3/2P5/3KPr1P/4N3/8 b - - 0 32,c2c4
41,guiguisurf,EulerE,478,457,3r4/7p/2k3p1/4B3/2p5/3KPr1P/4N3/8 w - - 0 33,d5c4
41,guiguisurf,EulerE,478,457,3r4/7p/2k3p1/4B3/2K5/4Pr1P/4N3/8 b - - 0 33,d3c4
41,guiguisurf,EulerE,478,457,3r4/7p/2k3p1/4B3/2K5/4r2P/4N3/8 w - - 0 34,f3e3
41,guiguisurf,EulerE,478,457,3r4/7p/2k3p1/4B3/2KN4/4r2P/8/8 b - - 1 34,e2d4
41,guiguisurf,EulerE,478,457,8/7p/2k3p1/4B3/2Kr4/4r2P/8/8 w - - 0 35,d8d4
41,guiguisurf,EulerE,478,457,8/7p/2k3p1/8/2KB4/4r2P/8/8 b - - 0 35,e5d4
41,guiguisurf,EulerE,478,457,8/7p/2k3p1/8/2KBr3/7P/8/8 w - - 1 36,e3e4
41,guiguisurf,EulerE,478,457,8/7p/2k3p1/8/3Br3/3K3P/8/8 b - - 2 36,c4d3
41,guiguisurf,EulerE,478,457,8/7p/2k3p1/8/3r4/3K3P/8/8 w - - 0 37,e4d4
41,guiguisurf,EulerE,478,457,8/7p/2k3p1/8/3K4/7P/8/8 b - - 0 37,d3d4
41,guiguisurf,EulerE,478,457,8/8/2k3p1/7p/3K4/7P/8/8 w - - 0 38,h7h5
41,guiguisurf,EulerE,478,457,8/8/2k3p1/7p/4K3/7P/8/8 b - - 1 38,d4e4
41,guiguisurf,EulerE,478,457,8/8/2k5/6pp/4K3/7P/8/8 w - - 0 39,g6g5
41,guiguisurf,EulerE,478,457,8/8/2k5/5Kpp/8/7P/8/8 b - - 1 39,e4f5
41,guiguisurf,EulerE,478,457,8/8/2k5/5K1p/6p1/7P/8/8 w - - 0 40,g5g4
41,guiguisurf,EulerE,478,457,8/8/2k5/5K1p/6P1/8/8/8 b - - 0 40,h3g4
41,guiguisurf,EulerE,478,457,8/8/2k5/5K2/6p1/8/8/8 w - - 0 41,h5g4
41,guiguisurf,EulerE,478,457,8/8/2k5/8/6K1/8/8/8 b - - 0 41,f5g4
42,EulerE,pkm01,465,467,rnbqkbnr/pppppppp/8/8/4P3/8/PPPP1PPP/RNBQKBNR b KQkq - 0 1,e2e4
42,EulerE,pkm01,465,467,rnbqkbnr/pppp1ppp/8/4p3/4P3/8/PPPP1PPP/RNBQKBNR w KQkq - 0 2,e7e5
42,EulerE,pkm01,465,467,rnbqkbnr/pppp1ppp/8/4p3/4P3/5N2/PPPP1PPP/RNBQKB1R b KQkq - 1 2,g1f3
42,EulerE,pkm01,465,467,rnbqkbnr/ppp2ppp/3p4/4p3/4P3/5N2/PPPP1PPP/RNBQKB1R w KQkq - 0 3,d7d6
42,EulerE,pkm01,465,467,rnbqkbnr/ppp2ppp/3p4/4p3/4P3/3P1N2/PPP2PPP/RNBQKB1R b KQkq - 0 3,d2d3
42,EulerE,pkm01,465,467,r1bqkbnr/ppp2ppp/2np4/4p3/4P3/3P1N2/PPP2PPP/RNBQKB1R w KQkq - 1 4,b8c6
42,EulerE,pkm01,465,467,r1bqkbnr/ppp2ppp/2np4/4p3/4P3/3P1N2/PPPQ1PPP/RNB1KB1R b KQkq - 2 4,d1d2
42,EulerE,pkm01,465,467,r1bqkb1r/ppp2ppp/2np1n2/4p3/4P3/3P1N2/PPPQ1PPP/RNB1KB1R w KQkq - 3 5,g8f6
42,EulerE,pkm01,465,467,r1bqkb1r/ppp2ppp/2np1n2/4p3/4P1P1/3P1N2/PPPQ1P1P/RNB1KB1R b KQkq - 0 5,g2g4
42,EulerE,pkm01,465,467,r1bqkb1r/ppp2ppp/2np4/4p3/4P1n1/3P1N2/PPPQ1P1P/RNB1KB1R w KQkq - 0 6,f6g4
42,EulerE,pkm01,465,467,r1bqkb1r/ppp2ppp/2np4/4p3/4P1nN/3P4/PPPQ1P1P/RNB1KB1R b KQkq - 1 6,f3h4
42,EulerE,pkm01,465,467,r1bqkb1r/ppp2ppp/3p4/4p3/3nP1nN/3P4/PPPQ1P1P/RNB1KB1R w KQkq - 2 7,c6d4
42,EulerE,pkm01,465,467,r1bqkb1r/ppp2ppp/3p4/4p3/3nP1nN/3P4/PPPQBP1P/RNB1K2R b KQkq - 3 7,f1e2
42,EulerE,pkm01,465,467,r1bqkb1r/ppp2ppp/3p4/4p3/4P1nN/3P4/PPPQnP1P/RNB1K2R w KQkq - 0 8,d4e2
42,EulerE,pkm01,465,467,r1bqkb1r/ppp2ppp/3p4/4p3/4P1nN/3P4/PPP1QP1P/RNB1K2R b KQkq - 0 8,d2e2
42,EulerE,pkm01,465,467,r1bqkb1r/ppp3pp/3p1p2/4p3/4P1nN/3P4/PPP1QP1P/RNB1K2R w KQkq - 0 9,f7f6
42,EulerE,pkm01,465,467,r1bqkb1r/ppp3pp/3p1p2/4p3/4P1nN/3P3P/PPP1QP2/RNB1K2R b KQkq - 0 9,h2h3
42,EulerE,pkm01,465,467,r1bqkb1r/ppp3pp/3p1p1n/4p3/4P2N/3P3P/PPP1QP2/RNB1K2R w KQkq - 1 10,g4h6
42,EulerE,pkm01,465,467,r1bqkb1r/ppp3pp/3p1p1n/4p3/4P2N/3P3P/PPP1QP2/RNB1K1R1 b Qkq - 2 10,h1g1
42,EulerE,pkm01,465,467,r1bqkb1r/ppp4p/3p1ppn/4p3/4P2N/3P3P/PPP1QP2/RNB1K1R1 w Qkq - 0 11,g7g6
42,EulerE,pkm01,465,467,r1bqkb1r/ppp4p/3p1pNn/4p3/4P3/3P3P/PPP1QP2/RNB1K1R1 b Qkq - 0 11,h4g6
42,EulerE,pkm01,465,467,r1bqkb1r/ppp5/3p1ppn/4p3/4P3/3P3P/PPP1QP2/RNB1K1R1 w Qkq - 0 12,h7g6
42,EulerE,pkm01,465,467,r1bqkb1r/ppp5/3p1pRn/4p3/4P3/3P3P/PPP1QP2/RNB1K3 b Qkq - 0 12,g1g6
42,EulerE,pkm01,465,467,r1b1kb1r/ppp1q3/3p1pRn/4p3/4P3/3P3P/PPP1QP2/RNB1K3 w Qkq - 1 13,d8e7
42,EulerE,pkm01,465,467,r1b1kb1r/ppp1q3/3p1p1n/4p3/4P3/3P3P/PPP1QP2/RNB1K1R1 b Qkq - 2 13,g6g1
42,EulerE,pkm01,465,467,r1b1kb1r/1pp1q3/3p1p1n/p3p3/4P3/3P3P/PPP1QP2/RNB1K1R1 w Qkq - 0 14,a7a5
42,EulerE,pkm01,465,467,r1b1kb1r/1pp1q3/3p1p1n/p3p3/4P3/3PB2P/PPP1QP2/RN2K1R1 b Qkq - 1 14,c1e3
42,EulerE,pkm01,465,467,r1b1kb1r/2p1q3/1p1p1p1n/p3p3/4P3/3PB2P/PPP1QP2/RN2K1R1 w Qkq - 0 15,b7b6
42,EulerE,pkm01,465,467,r1b1kb1r/2p1q3/1p1p1p1n/p3p3/4P3/1P1PB2P/P1P1QP2/RN2K1R1 b Qkq - 0 15,b2b3
42,EulerE,pkm01,465,467,r3kb1r/2p1q3/bp1p1p1n/p3p3/4P3/1P1PB2P/P1P1QP2/RN2K1R1 w Qkq - 1 16,c8a6
42,EulerE,pkm01,465,467,r3kb1r/2p1q3/bp1p1p1n/p3p3/4P3/1PNPB2P/P1P1QP2/R3K1R1 b Qkq - 2 16,b1c3
42,EulerE,pkm01,465,467,r3kb1r/2p5/bp1pqp1n/p3p3/4P3/1PNPB2P/P1P1QP2/R3K1R1 w Qkq - 3 17,e7e6
42,EulerE,pkm01,465,467,r3kb1r/2p5/bp1pqp1n/p3p3/4P3/1PNPB2P/P1P1QP2/R3K2R b Qkq - 4 17,g1h1
42,EulerE,pkm01,465,467,r3kb1r/8/bp1pqp1n/p1p1p3/4P3/1PNPB2P/P1P1QP2/R3K2R w Qkq - 0 18,c7c5
42,EulerE,pkm01,465,467,r3kb1r/8/bp1pqp1n/p1pNp3/4P3/1P1PB2P/P1P1QP2/R3K2R b Qkq - 1 18,c3d5
42,EulerE,pkm01,465,467,1r2kb1r/8/bp1pqp1n/p1pNp3/4P3/1P1PB2P/P1P1QP2/R3K2R w Qk - 2 19,a8b8
42,EulerE,pkm01,465,467,1r2kb1r/2N5/bp1pqp1n/p1p1p3/4P3/1P1PB2P/P1P1QP2/R3K2R b Qk - 3 19,d5c7
42,EulerE,pkm01,465,467,1r3b1r/2Nk4/bp1pqp1n/p1p1p3/4P3/1P1PB2P/P1P1QP2/R3K2R w Q - 4 20,e8d7
42,EulerE,pkm01,465,467,1r3b1r/3k4/bp1pNp1n/p1p1p3/4P3/1P1PB2P/P1P1QP2/R3K2R b Q - 0 20,c7e6
42,EulerE,pkm01,465,467,1r3b1r/8/bp1pkp1n/p1p1p3/4P3/1P1PB2P/P1P1QP2/R3K2R w Q - 0 21,d7e6
42,EulerE,pkm01,465,467,1r3b1r/8/bp1pkp1n/p1p1p3/4P3/1P1PB2P/P1P1QP2/2KR3R b - - 1 21,e1c1
42,EulerE,pkm01,465,467,1r3br1/8/bp1pkp1n/p1p1p3/4P3/1P1PB2P/P1P1QP2/2KR3R w - - 2 22,h8g8
42,EulerE,pkm01,465,467,1r3br1/8/bp1pkp1n/p1p1p3/4P3/1P1PBQ1P/P1P2P2/2KR3R b - - 3 22,e2f3
42,EulerE,pkm01,465,467,1r3br1/5n2/bp1pkp2/p1p1p3/4P3/1P1PBQ1P/P1P2P2/2KR3R w - - 4 23,h6f7
42,EulerE,pkm01,465,467,1r3br1/5n2/bp1pkp2/p1p1p3/4P3/1P1PBQ1P/P1P2P2/2KR2R1 b - - 5 23,h1g1
42,EulerE,pkm01,465,467,1r3b2/5n2/bp1pkp2/p1p1p3/4P3/1P1PBQ1P/P1P2P2/2KR2r1 w - - 0 24,g8g1
42,EulerE,pkm01,465,467,1r3b2/5n2/bp1pkp2/p1p1p3/4P3/1P1PBQ1P/P1P2P2/2K3R1 b - - 0 24,d1g1
42,EulerE,pkm01,465,467,1r3b2/8/bp1pkp2/p1p1p1n1/4P3/1P1PBQ1P/P1P2P2/2K3R1 w - - 1 25,f7g5
42,EulerE,pkm01,465,467,1r3b2/8/bp1pkp2/p1p1p1B1/4P3/1P1P1Q1P/P1P2P2/2K3R1 b - - 0 25,e3g5
42,EulerE,pkm01,465,467,1r3b2/8/bp1pk3/p1p1p1p1/4P3/1P1P1Q1P/P1P2P2/2K3R1 w - - 0 26,f6g5
42,EulerE,pkm01,465,467,1r3b2/8/bp1pk3/p1p1p1R1/4P3/1P1P1Q1P/P1P2P2/2K5 b - - 0 26,g1g5
42,EulerE,pkm01,465,467,1r6/4b3/bp1pk3/p1p1p1R1/4P3/1P1P1Q1P/P1P2P2/2K5 w - - 1 27,f8e7
42,EulerE,pkm01,465,467,1r6/4b3/bp1pk1R1/p1p1p3/4P3/1P1P1Q1P/P1P2P2/2K5 b - - 2 27,g5g6
42,EulerE,pkm01,465,467,1r6/3kb3/bp1p2R1/p1p1p3/4P3/1P1P1Q1P/P1P2P2/2K5 w - - 3 28,e6d7
42,EulerE,pkm01,465,467,1r6/3kbQ2/bp1p2R1/p1p1p3/4P3/1P1P3P/P1P2P2/2K5 b - - 4 28,f3f7
42,EulerE,pkm01,465,467,5r2/3kbQ2/bp1p2R1/p1p1p3/4P3/1P1P3P/P1P2P2/2K5 w - - 5 29,b8f8
42,EulerE,pkm01,465,467,5r2/3kb1Q1/bp1p2R1/p1p1p3/4P3/1P1P3P/P1P2P2/2K5 b - - 6 29,f7g7
42,EulerE,pkm01,465,467,2b2r2/3kb1Q1/1p1p2R1/p1p1p3/4P3/1P1P3P/P1P2P2/2K5 w - - 7 30,a6c8
42,EulerE,pkm01,465,467,2b2r2/3kb2Q/1p1p2R1/p1p1p3/4P3/1P1P3P/P1P2P2/2K5 b - - 8 30,g7h7
42,EulerE,pkm01,465,467,2b2r2/4b2Q/1pkp2R1/p1p1p3/4P3/1P1P3P/P1P2P2/2K5 w - - 9 31,d7c6
42,EulerE,pkm01,465,467,2b2r2/4Q3/1pkp2R1/p1p1p3/4P3/1P1P3P/P1P2P2/2K5 b - - 0 31,h7e7
42,EulerE,pkm01,465,467,5r2/3bQ3/1pkp2R1/p1p1p3/4P3/1P1P3P/P1P2P2/2K5 w - - 1 32,c8d7
42,EulerE,pkm01,465,467,5Q2/3b4/1pkp2R1/p1p1p3/4P3/1P1P3P/P1P2P2/2K5 b - - 0 32,e7f8
42,EulerE,pkm01,465,467,5Q2/3b4/1pkp2R1/p3p3/2p1P3/1P1P3P/P1P2P2/2K5 w - - 0 33,c5c4
42,EulerE,pkm01,465,467,5Q2/3b4/1pkp2R1/p3p3/2P1P3/1P5P/P1P2P2/2K5 b - - 0 33,d3c4
42,EulerE,pkm01,465,467,5Q2/3b4/2kp2R1/pp2p3/2P1P3/1P5P/P1P2P2/2K5 w - - 0 34,b6b5
42,EulerE,pkm01,465,467,5Q2/3b4/2kR4/pp2p3/2P1P3/1P5P/P1P2P2/2K5 b - - 0 34,g6d6
42,EulerE,pkm01,465,467,5Q2/2kb4/3R4/pp2p3/2P1P3/1P5P/P1P2P2/2K5 w - - 1 35,c6c7
42,EulerE,pkm01,465,467,8/2kbQ3/3R4/pp2p3/2P1P3/1P5P/P1P2P2/2K5 b - - 2 35,f8e7
43,flaflonder,EulerE,360,471,rnbqkbnr/pppppppp/8/8/4P3/8/PPPP1PPP/RNBQKBNR b KQkq - 0 1,e2e4
43,flaflonder,EulerE,360,471,rnbqkbnr/pppp1ppp/8/4p3/4P3/8/PPPP1PPP/RNBQKBNR w KQkq - 0 2,e7e5
43,flaflonder,EulerE,360,471,rnbqkbnr/pppp1ppp/8/4p3/4P3/5N2/PPPP1PPP/RNBQKB1R b KQkq - 1 2,g1f3
43,flaflonder,EulerE,360,471,rnbqkbnr/ppp2ppp/3p4/4p3/4P3/5N2/PPPP1PPP/RNBQKB1R w KQkq - 0 3,d7d6
43,flaflonder,EulerE,360,471,rnbqkbnr/ppp2ppp/3p4/4p3/3PP3/5N2/PPP2PPP/RNBQKB1R b KQkq - 0 3,d2d4
43,flaflonder,EulerE,360,471,rnbqkbnr/ppp3pp/3p1p2/4p3/3PP3/5N2/PPP2PPP/RNBQKB1R w KQkq - 0 4,f7f6
43,flaflonder,EulerE,360,471,rnbqkbnr/ppp3pp/3p1p2/4P3/4P3/5N2/PPP2PPP/RNBQKB1R b KQkq - 0 4,d4e5
43,flaflonder,EulerE,360,471,rnbqkbnr/ppp3pp/3p4/4p3/4P3/5N2/PPP2PPP/RNBQKB1R w KQkq - 0 5,f6e5
43,flaflonder,EulerE,360,471,rnbqkbnr/ppp3pp/3p4/4p3/4P3/2N2N2/PPP2PPP/R1BQKB1R b KQkq - 1 5,b1c3
43,flaflonder,EulerE,360,471,rn1qkbnr/ppp3pp/3p4/4p3/4P1b1/2N2N2/PPP2PPP/R1BQKB1R w KQkq - 2 6,c8g4
43,flaflonder,EulerE,360,471,rn1qkbnr/ppp3pp/3p4/4p1B1/4P1b1/2N2N2/PPP2PPP/R2QKB1R b KQkq - 3 6,c1g5
43,flaflonder,EulerE,360,471,rn1qk1nr/ppp1b1pp/3p4/4p1B1/4P1b1/2N2N2/PPP2PPP/R2QKB1R w KQkq - 4 7,f8e7
43,flaflonder,EulerE,360,471,rn1qk1nr/ppp1b1pp/3p4/3Qp1B1/4P1b1/2N2N2/PPP2PPP/R3KB1R b KQkq - 5 7,d1d5
43,flaflonder,EulerE,360,471,rn1qk1nr/ppp3pp/3p4/3Qp1b1/4P1b1/2N2N2/PPP2PPP/R3KB1R w KQkq - 0 8,e7g5
43,flaflonder,EulerE,360,471,rn1qk1nr/ppp3pp/3p4/3Qp1N1/4P1b1/2N5/PPP2PPP/R3KB1R b KQkq - 0 8,f3g5
43,flaflonder,EulerE,360,471,rn1qk1nr/pp4pp/2pp4/3Qp1N1/4P1b1/2N5/PPP2PPP/R3KB1R w KQkq - 0 9,c7c6
43,flaflonder,EulerE,360,471,rn1qk1nr/pp4pp/2ppQ3/4p1N1/4P1b1/2N5/PPP2PPP/R3KB1R b KQkq - 1 9,d5e6
43,flaflonder,EulerE,360,471,rn1qk2r/pp2n1pp/2ppQ3/4p1N1/4P1b1/2N5/PPP2PPP/R3KB1R w KQkq - 2 10,g8e7
43,flaflonder,EulerE,360,471,rn1qk2r/pp2n1pp/2ppQ3/4p1N1/4P1b1/2N5/PPP2PPP/3RKB1R b Kkq - 3 10,a1d1
43,flaflonder,EulerE,360,471,rn1qk2r/pp2n1pp/2ppb3/4p1N1/4P3/2N5/PPP2PPP/3RKB1R w Kkq - 0 11,g4e6
43,flaflonder,EulerE,360,471,rn1qk2r/pp2n1pp/2ppN3/4p3/4P3/2N5/PPP2PPP/3RKB1R b Kkq - 0 11,g5e6
43,flaflonder,EulerE,360,471,rn2k2r/pp1qn1pp/2ppN3/4p3/4P3/2N5/PPP2PPP/3RKB1R w Kkq - 1 12,d8d7
43,flaflonder,EulerE,360,471,rn2k2r/pp1qn1pp/2ppN3/4p3/2B1P3/2N5/PPP2PPP/3RK2R b Kkq - 2 12,f1c4
43,flaflonder,EulerE,360,471,rn5r/pp1qnkpp/2ppN3/4p3/2B1P3/2N5/PPP2PPP/3RK2R w K - 3 13,e8f7
43,flaflonder,EulerE,360,471,rn5r/pp1qnkpp/2ppN3/4p3/2B1P3/2NR4/PPP2PPP/4K2R b K - 4 13,d1d3
43,flaflonder,EulerE,360,471,rn5r/p2qnkpp/2ppN3/1p2p3/2B1P3/2NR4/PPP2PPP/4K2R w K - 0 14,b7b5
43,flaflonder,EulerE,360,471,rn5r/p2qnkpp/2ppN3/1p2p3/2B1P3/2N2R2/PPP2PPP/4K2R b K - 1 14,d3f3
43,flaflonder,EulerE,360,471,rn4kr/p2qn1pp/2ppN3/1p2p3/2B1P3/2N2R2/PPP2PPP/4K2R w K - 2 15,f7g8
43,flaflonder,EulerE,360,471,rn3Nkr/p2qn1pp/2pp4/1p2p3/2B1P3/2N2R2/PPP2PPP/4K2R b K - 3 15,e6f8
43,flaflonder,EulerE,360,471,rn3Nkr/p2qn1pp/2pp4/4p3/2p1P3/2N2R2/PPP2PPP/4K2R w K - 0 16,b5c4
43,flaflonder,EulerE,360,471,rn3Nkr/p2qn1pp/2pp4/4p3/2p1P1P1/2N2R2/PPP2P1P/4K2R b K - 0 16,g2g4
43,flaflonder,EulerE,360,471,rn2qNkr/p3n1pp/2pp4/4p3/2p1P1P1/2N2R2/PPP2P1P/4K2R w K - 1 17,d7e8
43,flaflonder,EulerE,360,471,rn2qNkr/p3n1pp/2pp4/4p3/2p1P1P1/1PN2R2/P1P2P1P/4K2R b K - 0 17,b2b3
43,flaflonder,EulerE,360,471,r3qNkr/p2nn1pp/2pp4/4p3/2p1P1P1/1PN2R2/P1P2P1P/4K2R w K - 1 18,b8d7
43,flaflonder,EulerE,360,471,r3qNkr/p2nn1pp/2pp4/4p3/2P1P1P1/2N2R2/P1P2P1P/4K2R b K - 0 18,b3c4
43,flaflonder,EulerE,360,471,r3qnkr/p3n1pp/2pp4/4p3/2P1P1P1/2N2R2/P1P2P1P/4K2R w K - 0 19,d7f8
43,flaflonder,EulerE,360,471,r3qnkr/p3n1pp/2pp4/2P1p3/4P1P1/2N2R2/P1P2P1P/4K2R b K - 0 19,c4c5
43,flaflonder,EulerE,360,471,r3qnkr/p3n1pp/2p5/2p1p3/4P1P1/2N2R2/P1P2P1P/4K2R w K - 0 20,d6c5
43,flaflonder,EulerE,360,471,r3qnkr/p3n1pp/2p5/2p1p3/4P1PP/2N2R2/P1P2P2/4K2R b K - 0 20,h2h4
43,flaflonder,EulerE,360,471,3rqnkr/p3n1pp/2p5/2p1p3/4P1PP/2N2R2/P1P2P2/4K2R w K - 1 21,a8d8
43,flaflonder,EulerE,360,471,3rqnkr/p3n1pp/2p5/2p1p2P/4P1P1/2N2R2/P1P2P2/4K2R b K - 0 21,h4h5
43,flaflonder,EulerE,360,471,3r1nkr/p2qn1pp/2p5/2p1p2P/4P1P1/2N2R2/P1P2P2/4K2R w K - 1 22,e8d7
43,flaflonder,EulerE,360,471,3r1nkr/p2qn1pp/2p4P/2p1p3/4P1P1/2N2R2/P1P2P2/4K2R b K - 0 22,h5h6
43,flaflonder,EulerE,360,471,3r1nkr/p3n1pp/2p4P/2p1p3/4P1P1/2N2R2/P1Pq1P2/4K2R w K - 1 23,d7d2
43,flaflonder,EulerE,360,471,3r1nkr/p3n1pp/2p4P/2p1p3/4P1P1/2N2R2/P1Pq1P2/5K1R b - - 2 23,e1f1
43,flaflonder,EulerE,360,471,3r1nkr/p3n2p/2p4p/2p1p3/4P1P1/2N2R2/P1Pq1P2/5K1R w - - 0 24,g7h6
43,flaflonder,EulerE,360,471,3r1nkr/p3n2p/2p4R/2p1p3/4P1P1/2N2R2/P1Pq1P2/5K2 b - - 0 24,h1h6
43,flaflonder,EulerE,360,471,5nkr/p3n2p/2p4R/2p1p3/4P1P1/2Nr1R2/P1Pq1P2/5K2 w - - 1 25,d8d3
43,flaflonder,EulerE,360,471,5nkr/p3n2p/2p4R/2p1p3/4P1P1/2NR4/P1Pq1P2/5K2 b - - 0 25,f3d3
43,flaflonder,EulerE,360,471,5nkr/p3n2p/2p4R/2p1p3/4P1P1/2NR4/P1q2P2/5K2 w - - 0 26,d2c2
43,flaflonder,EulerE,360,471,5nkr/p3n2p/2p4R/2p1p3/4P1P1/2N2R2/P1q2P2/5K2 b - - 1 26,d3f3
43,flaflonder,EulerE,360,471,5n1r/p3n1kp/2p4R/2p1p3/4P1P1/2N2R2/P1q2P2/5K2 w - - 2 27,g8g7
43,flaflonder,EulerE,360,471,5n1r/p3n1kp/2p4R/2p1p3/4P1P1/2N4R/P1q2P2/5K2 b - - 3 27,f3h3
43,flaflonder,EulerE,360,471,5nr1/p3n1kp/2p4R/2p1p3/4P1P1/2N4R/P1q2P2/5K2 w - - 4 28,h8g8
43,flaflonder,EulerE,360,471,5nr1/p3n1kp/2p4R/2p1p3/4P1P1/7R/P1q1NP2/5K2 b - - 5 28,c3e2
43,flaflonder,EulerE,360,471,5nr1/p3n1kp/2p4R/4p3/2p1P1P1/7R/P1q1NP2/5K2 w - - 0 29,c5c4
43,flaflonder,EulerE,360,471,5nr1/p3n1kp/2p4R/4p3/2p1P1P1/6NR/P1q2P2/5K2 b - - 1 29,e2g3
43,flaflonder,EulerE,360,471,5nr1/p5kp/2p3nR/4p3/2p1P1P1/6NR/P1q2P2/5K2 w - - 2 30,e7g6
43,flaflonder,EulerE,360,471,5nr1/p5kp/2p3nR/4pN2/2p1P1P1/7R/P1q2P2/5K2 b - - 3 30,g3f5
43,flaflonder,EulerE,360,471,5nr1/p6p/2p2knR/4pN2/2p1P1P1/7R/P1q2P2/5K2 w - - 4 31,g7f6
43,flaflonder,EulerE,360,471,5nr1/p6R/2p2kn1/4pN2/2p1P1P1/7R/P1q2P2/5K2 b - - 0 31,h6h7
43,flaflonder,EulerE,360,471,6r1/p6n/2p2kn1/4pN2/2p1P1P1/7R/P1q2P2/5K2 w - - 0 32,f8h7
43,flaflonder,EulerE,360,471,6r1/p6R/2p2kn1/4pN2/2p1P1P1/8/P1q2P2/5K2 b - - 0 32,h3h7
43,flaflonder,EulerE,360,471,8/p5rR/2p2kn1/4pN2/2p1P1P1/8/P1q2P2/5K2 w - - 1 33,g8g7
43,flaflonder,EulerE,360,471,8/p5NR/2p2kn1/4p3/2p1P1P1/8/P1q2P2/5K2 b - - 0 33,f5g7
43,flaflonder,EulerE,360,471,8/p5NR/2p2k2/4p3/2p1PnP1/8/P1q2P2/5K2 w - - 1 34,g6f4
43,flaflonder,EulerE,360,471,4N3/p6R/2p2k2/4p3/2p1PnP1/8/P1q2P2/5K2 b - - 2 34,g7e8
43,flaflonder,EulerE,360,471,4N3/p6R/2p1k3/4p3/2p1PnP1/8/P1q2P2/5K2 w - - 3 35,f6e6
43,flaflonder,EulerE,360,471,8/p1N4R/2p1k3/4p3/2p1PnP1/8/P1q2P2/5K2 b - - 4 35,e8c7
43,flaflonder,EulerE,360,471,8/p1N4R/2pk4/4p3/2p1PnP1/8/P1q2P2/5K2 w - - 5 36,e6d6
43,flaflonder,EulerE,360,471,4N3/p6R/2pk4/4p3/2p1PnP1/8/P1q2P2/5K2 b - - 6 36,c7e8
43,flaflonder,EulerE,360,471,4N3/p6R/2p5/2k1p3/2p1PnP1/8/P1q2P2/5K2 w - - 7 37,d6c5
43,flaflonder,EulerE,360,471,4N3/p7/2p5/2k1p2R/2p1PnP1/8/P1q2P2/5K2 b - - 8 37,h7h5
43,flaflonder,EulerE,360,471,4N3/p7/2p5/2k1p2R/2p1PnP1/8/P4P2/2q2K2 w - - 9 38,c2c1
44,EulerE,jackyT123,462,453,rnbqkbnr/pppppppp/8/8/4P3/8/PPPP1PPP/RNBQKBNR b KQkq - 0 1,e2e4
44,EulerE,jackyT123,462,453,rnbqkbnr/ppp1pppp/8/3p4/4P3/8/PPPP1PPP/RNBQKBNR w KQkq - 0 2,d7d5
44,EulerE,jackyT123,462,453,rnbqkbnr/ppp1pppp/8/3p4/4P3/5P2/PPPP2PP/RNBQKBNR b KQkq - 0 2,f2f3
44,EulerE,jackyT123,462,453,rnbqkb1r/ppp1pppp/5n2/3p4/4P3/5P2/PPPP2PP/RNBQKBNR w KQkq - 1 3,g8f6
44,EulerE,jackyT123,462,453,rnbqkb1r/ppp1pppp/5n2/3p4/4P3/3P1P2/PPP3PP/RNBQKBNR b KQkq - 0 3,d2d3
44,EulerE,jackyT123,462,453,rnbqkb1r/ppp2ppp/5n2/3pp3/4P3/3P1P2/PPP3PP/RNBQKBNR w KQkq - 0 4,e7e5
44,EulerE,jackyT123,462,453,rnbqkb1r/ppp2ppp/5n2/3pp3/4P3/2NP1P2/PPP3PP/R1BQKBNR b KQkq - 1 4,b1c3
44,EulerE,jackyT123,462,453,rnbqkb1r/pp3ppp/2p2n2/3pp3/4P3/2NP1P2/PPP3PP/R1BQKBNR w KQkq - 0 5,c7c6
44,EulerE,jackyT123,462,453,rnbqkb1r/pp3ppp/2p2n2/3Pp3/8/2NP1P2/PPP3PP/R1BQKBNR b KQkq - 0 5,e4d5
44,EulerE,jackyT123,462,453,rnbqkb1r/pp3ppp/5n2/3pp3/8/2NP1P2/PPP3PP/R1BQKBNR w KQkq - 0 6,c6d5
44,EulerE,jackyT123,462,453,rnbqkb1r/pp3ppp/5n2/3pp3/8/2NP1P2/PPP1N1PP/R1BQKB1R b KQkq - 1 6,g1e2
44,EulerE,jackyT123,462,453,rnbqkb1r/pp3ppp/5n2/4p3/3p4/2NP1P2/PPP1N1PP/R1BQKB1R w KQkq - 0 7,d5d4
44,EulerE,jackyT123,462,453,rnbqkb1r/pp3ppp/5n2/4p3/N2p4/3P1P2/PPP1N1PP/R1BQKB1R b KQkq - 1 7,c3a4
44,EulerE,jackyT123,462,453,rn1qkb1r/pp1b1ppp/5n2/4p3/N2p4/3P1P2/PPP1N1PP/R1BQKB1R w KQkq - 2 8,c8d7
44,EulerE,jackyT123,462,453,rn1qkb1r/pp1b1ppp/5n2/2N1p3/3p4/3P1P2/PPP1N1PP/R1BQKB1R b KQkq - 3 8,a4c5
44,EulerE,jackyT123,462,453,rn1qkb1r/p2b1ppp/1p3n2/2N1p3/3p4/3P1P2/PPP1N1PP/R1BQKB1R w KQkq - 0 9,b7b6
44,EulerE,jackyT123,462,453,rn1qkb1r/p2N1ppp/1p3n2/4p3/3p4/3P1P2/PPP1N1PP/R1BQKB1R b KQkq - 0 9,c5d7
44,EulerE,jackyT123,462,453,rn2kb1r/p2q1ppp/1p3n2/4p3/3p4/3P1P2/PPP1N1PP/R1BQKB1R w KQkq - 0 10,d8d7
44,EulerE,jackyT123,462,453,rn2kb1r/p2q1ppp/1p3n2/4p3/3p4/2PP1P2/PP2N1PP/R1BQKB1R b KQkq - 0 10,c2c3
44,EulerE,jackyT123,462,453,r3kb1r/p2q1ppp/np3n2/4p3/3p4/2PP1P2/PP2N1PP/R1BQKB1R w KQkq - 1 11,b8a6
44,EulerE,jackyT123,462,453,r3kb1r/p2q1ppp/np3n2/4p3/3P4/3P1P2/PP2N1PP/R1BQKB1R b KQkq - 0 11,c3d4
44,EulerE,jackyT123,462,453,r3kb1r/p2q1ppp/np3n2/8/3p4/3P1P2/PP2N1PP/R1BQKB1R w KQkq - 0 12,e5d4
44,EulerE,jackyT123,462,453,r3kb1r/p2q1ppp/np3n2/8/3p1P2/3P4/PP2N1PP/R1BQKB1R b KQkq - 0 12,f3f4
44,EulerE,jackyT123,462,453,2r1kb1r/p2q1ppp/np3n2/8/3p1P2/3P4/PP2N1PP/R1BQKB1R w KQk - 1 13,a8c8
44,EulerE,jackyT123,462,453,2r1kb1r/p2q1ppp/np3n2/8/3N1P2/3P4/PP4PP/R1BQKB1R b KQk - 0 13,e2d4
44,EulerE,jackyT123,462,453,2r1kb1r/p4ppp/np3n2/8/3q1P2/3P4/PP4PP/R1BQKB1R w KQk - 0 14,d7d4
44,EulerE,jackyT123,462,453,2r1kb1r/p4ppp/np3n2/8/3q1P2/3P4/PP1Q2PP/R1B1KB1R b KQk - 1 14,d1d2
44,EulerE,jackyT123,462,453,2r1kb1r/p4ppp/1p3n2/2n5/3q1P2/3P4/PP1Q2PP/R1B1KB1R w KQk - 2 15,a6c5
44,EulerE,jackyT123,462,453,2r1kb1r/p4ppp/1p3n2/2n5/1P1q1P2/3P4/P2Q2PP/R1B1KB1R b KQk - 0 15,b2b4
44,EulerE,jackyT123,462,453,2r1kb1r/p4ppp/1p3n2/8/1P1q1P2/3n4/P2Q2PP/R1B1KB1R w KQk - 0 16,c5d3
44,EulerE,jackyT123,462,453,2r1kb1r/p4ppp/1p3n2/8/1P1q1P2/3B4/P2Q2PP/R1B1K2R b KQk - 0 16,f1d3
44,EulerE,jackyT123,462,453,2r1kb1r/p4ppp/1p3n2/8/1P3P2/3B4/P2Q2PP/q1B1K2R w Kk - 0 17,d4a1
44,EulerE,jackyT123,462,453,2r1kb1r/p4ppp/1p3n2/8/1P3P2/3B4/PQ4PP/q1B1K2R b Kk - 1 17,d2b2
44,EulerE,jackyT123,462,453,2r1kb1r/p4ppp/1p3n2/8/1P3P2/3B4/PQ4PP/2q1K2R w Kk - 0 18,a1c1
44,EulerE,jackyT123,462,453,2r1kb1r/p4ppp/1p3n2/8/1P3P2/3B4/P5PP/2Q1K2R b Kk - 0 18,b2c1
44,EulerE,jackyT123,462,453,4kb1r/p4ppp/1p3n2/8/1P3P2/3B4/P5PP/2r1K2R w Kk - 0 19,c8c1
44,EulerE,jackyT123,462,453,4kb1r/p4ppp/1p3n2/8/1P3P2/3B4/P4KPP/2r4R b k - 1 19,e1f2
44,EulerE,jackyT123,462,453,4kb1r/p4ppp/1p3n2/8/1P3P2/3B4/P4KPP/7r w k - 0 20,c1h1
44,EulerE,jackyT123,462,453,4kb1r/p4ppp/1p3n2/8/1P3P2/3B2P1/P4K1P/7r b k - 0 20,g2g3
44,EulerE,jackyT123,462,453,4kb1r/p4ppp/1p3n2/8/1P3P2/3B2P1/P4K1r/8 w k - 0 21,h1h2
44,EulerE,jackyT123,462,453,4kb1r/p4ppp/1p3n2/8/1P3P2/3B1KP1/P6r/8 b k - 1 21,f2f3
44,EulerE,jackyT123,462,453,4k2r/p4ppp/1p3n2/8/1b3P2/3B1KP1/P6r/8 w k - 0 22,f8b4
44,EulerE,jackyT123,462,453,4k2r/p4ppp/1p3n2/8/1b3PP1/3B1K2/P6r/8 b k - 0 22,g3g4
44,EulerE,jackyT123,462,453,4k2r/p4ppp/1p3n2/8/1b3PP1/3B1K2/r7/8 w k - 0 23,h2a2
44,EulerE,jackyT123,462,453,4k2r/p4ppp/1p3n2/6P1/1b3P2/3B1K2/r7/8 b k - 0 23,g4g5
44,EulerE,jackyT123,462,453,4k2r/p2n1ppp/1p6/6P1/1b3P2/3B1K2/r7/8 w k - 1 24,f6d7
44,EulerE,jackyT123,462,453,4k2r/p2n1ppp/1p6/5PP1/1b6/3B1K2/r7/8 b k - 0 24,f4f5
44,EulerE,jackyT123,462,453,4k2r/p2n1p1p/1p4p1/5PP1/1b6/3B1K2/r7/8 w k - 0 25,g7g6
44,EulerE,jackyT123,462,453,4k2r/p2n1p1p/1p4P1/6P1/1b6/3B1K2/r7/8 b k - 0 25,f5g6
44,EulerE,jackyT123,462,453,4k2r/p2n3p/1p4p1/6P1/1b6/3B1K2/r7/8 w k - 0 26,f7g6
44,EulerE,jackyT123,462,453,4k2r/p2n3p/1p4p1/6P1/1b3K2/3B4/r7/8 b k - 1 26,f3f4
44,EulerE,jackyT123,462,453,4k2r/p2n3p/1p4p1/6P1/1b3K2/3B4/3r4/8 w k - 2 27,a2d2
44,EulerE,jackyT123,462,453,4k2r/p2n3p/1p4p1/6P1/1b4K1/3B4/3r4/8 b k - 3 27,f4g4
44,EulerE,jackyT123,462,453,4k2r/p2n3p/1p4p1/6P1/1b4K1/3r4/8/8 w k - 0 28,d2d3
44,EulerE,jackyT123,462,453,4k2r/p2n3p/1p4p1/6P1/1b3K2/3r4/8/8 b k - 1 28,g4f4
44,EulerE,jackyT123,462,453,4k2r/p2n3p/1p4p1/6P1/1b1r1K2/8/8/8 w k - 2 29,d3d4
44,EulerE,jackyT123,462,453,4k2r/p2n3p/1p4p1/6P1/1b1r4/5K2/8/8 b k - 3 29,f4f3
44,EulerE,jackyT123,462,453,4k2r/p2n3p/1p4p1/6P1/1b6/3r1K2/8/8 w k - 4 30,d4d3
44,EulerE,jackyT123,462,453,4k2r/p2n3p/1p4p1/6P1/1b2K3/3r4/8/8 b k - 5 30,f3e4
44,EulerE,jackyT123,462,453,4k2r/p2n3p/1p4p1/6P1/1b2K3/1r6/8/8 w k - 6 31,d3b3
44,EulerE,jackyT123,462,453,4k2r/p2n3p/1p4p1/3K2P1/1b6/1r6/8/8 b k - 7 31,e4d5
44,EulerE,jackyT123,462,453,4kr2/p2n3p/1p4p1/3K2P1/1b6/1r6/8/8 w - - 8 32,h8f8
44,EulerE,jackyT123,462,453,4kr2/p2n3p/1pK3p1/6P1/1b6/1r6/8/8 b - - 9 32,d5c6
44,EulerE,jackyT123,462,453,4kr2/p2n3p/1pK3p1/6P1/1b6/2r5/8/8 w - - 10 33,b3c3
44,EulerE,jackyT123,462,453,4kr2/pK1n3p/1p4p1/6P1/1b6/2r5/8/8 b - - 11 33,c6b7
44,EulerE,jackyT123,462,453,4kr2/pK1n3p/1p4p1/6P1/1b6/r7/8/8 w - - 12 34,c3a3
44,EulerE,jackyT123,462,453,4kr2/p2n3p/1pK3p1/6P1/1b6/r7/8/8 b - - 13 34,b7c6
44,EulerE,jackyT123,462,453,5r2/p2nk2p/1pK3p1/6P1/1b6/r7/8/8 w - - 14 35,e8e7
44,EulerE,jackyT123,462,453,5r2/p2nk2p/1p4p1/1K4P1/1b6/r7/8/8 b - - 15 35,c6b5
44,EulerE,jackyT123,462,453,5r2/p2nk2p/1p4p1/1K4P1/1b6/1r6/8/8 w - - 16 36,a3b3
44,EulerE,jackyT123,462,453,5r2/p2nk2p/1p4p1/6P1/Kb6/1r6/8/8 b - - 17 36,b5a4
44,EulerE,jackyT123,462,453,2r5/p2nk2p/1p4p1/6P1/Kb6/1r6/8/8 w - - 18 37,f8c8
44,EulerE,jackyT123,462,453,2r5/p2nk2p/1p4p1/6P1/1b6/1K6/8/8 b - - 0 37,a4b3
44,EulerE,jackyT123,462,453,2r5/p2nk2p/1p1b2p1/6P1/8/1K6/8/8 w - - 1 38,b4d6
44,EulerE,jackyT123,462,453,2r5/p2nk2p/1p1b2p1/6P1/K7/8/8/8 b - - 2 38,b3a4
44,EulerE,jackyT123,462,453,2r5/p2nk2p/1p4p1/6P1/K4b2/8/8/8 w - - 3 39,d6f4
44,EulerE,jackyT123,462,453,2r5/p2nk2p/1p4p1/1K4P1/5b2/8/8/8 b - - 4 39,a4b5
44,EulerE,jackyT123,462,453,2r5/p2nk2p/1p4p1/1K4b1/8/8/8/8 w - - 0 40,f4g5
44,EulerE,jackyT123,462,453,2r5/p2nk2p/Kp4p1/6b1/8/8/8/8 b - - 1 40,b5a6
44,EulerE,jackyT123,462,453,r7/p2nk2p/Kp4p1/6b1/8/8/8/8 w - - 2 41,c8a8
44,EulerE,jackyT123,462,453,r7/pK1nk2p/1p4p1/6b1/8/8/8/8 b - - 3 41,a6b7
44,EulerE,jackyT123,462,453,3r4/pK1nk2p/1p4p1/6b1/8/8/8/8 w - - 4 42,a8d8
44,EulerE,jackyT123,462,453,3r4/K2nk2p/1p4p1/6b1/8/8/8/8 b - - 0 42,b7a7
44,EulerE,jackyT123,462,453,3r4/K2nk2p/1p4p1/8/5b2/8/8/8 w - - 1 43,g5f4
44,EulerE,jackyT123,462,453,3r4/1K1nk2p/1p4p1/8/5b2/8/8/8 b - - 2 43,a7b7
44,EulerE,jackyT123,462,453,3r4/1K1nk2p/1p6/6p1/5b2/8/8/8 w - - 0 44,g6g5
44,EulerE,jackyT123,462,453,3r4/3nk2p/1pK5/6p1/5b2/8/8/8 b - - 1 44,b7c6
44,EulerE,jackyT123,462,453,3r4/3nk2p/1pK5/8/5bp1/8/8/8 w - - 0 45,g5g4
45,isoare,EulerE,510,463,rnbqkbnr/pppppppp/8/8/8/4P3/PPPP1PPP/RNBQKBNR b KQkq - 0 1,e2e3
45,isoare,EulerE,510,463,rnbqkbnr/pppp1ppp/4p3/8/8/4P3/PPPP1PPP/RNBQKBNR w KQkq - 0 2,e7e6
45,isoare,EulerE,510,463,rnbqkbnr/pppp1ppp/4p3/8/8/2N1P3/PPPP1PPP/R1BQKBNR b KQkq - 1 2,b1c3
45,isoare,EulerE,510,463,r1bqkbnr/pppp1ppp/2n1p3/8/8/2N1P3/PPPP1PPP/R1BQKBNR w KQkq - 2 3,b8c6
45,isoare,EulerE,510,463,r1bqkbnr/pppp1ppp/2n1p3/8/3P4/2N1P3/PPP2PPP/R1BQKBNR b KQkq - 0 3,d2d4
45,isoare,EulerE,510,463,r1b1kbnr/ppppqppp/2n1p3/8/3P4/2N1P3/PPP2PPP/R1BQKBNR w KQkq - 1 4,d8e7
45,isoare,EulerE,510,463,r1b1kbnr/ppppqppp/2n1p3/8/3PP3/2N5/PPP2PPP/R1BQKBNR b KQkq - 0 4,e3e4
45,isoare,EulerE,510,463,r1b1kb1r/ppppqppp/2n1pn2/8/3PP3/2N5/PPP2PPP/R1BQKBNR w KQkq - 1 5,g8f6
45,isoare,EulerE,510,463,r1b1kb1r/ppppqppp/2n1pn2/8/3PPB2/2N5/PPP2PPP/R2QKBNR b KQkq - 2 5,c1f4
45,isoare,EulerE,510,463,r1b1kb1r/ppp1qppp/2nppn2/8/3PPB2/2N5/PPP2PPP/R2QKBNR w KQkq - 0 6,d7d6
45,isoare,EulerE,510,463,r1b1kb1r/ppp1qppp/2nppn2/8/3PPB2/2N2N2/PPP2PPP/R2QKB1R b KQkq - 1 6,g1f3
45,isoare,EulerE,510,463,r1b1kb1r/ppp1qppp/2np1n2/4p3/3PPB2/2N2N2/PPP2PPP/R2QKB1R w KQkq - 0 7,e6e5
45,isoare,EulerE,510,463,r1b1kb1r/ppp1qppp/2np1n2/4P3/4PB2/2N2N2/PPP2PPP/R2QKB1R b KQkq - 0 7,d4e5
45,isoare,EulerE,510,463,r1b1kb1r/ppp1qppp/2n2n2/4p3/4PB2/2N2N2/PPP2PPP/R2QKB1R w KQkq - 0 8,d6e5
45,isoare,EulerE,510,463,r1b1kb1r/ppp1qppp/2n2n2/4B3/4P3/2N2N2/PPP2PPP/R2QKB1R b KQkq - 0 8,f4e5
45,isoare,EulerE,510,463,r1b1kb1r/ppp1qppp/2n5/4B3/4n3/2N2N2/PPP2PPP/R2QKB1R w KQkq - 0 9,f6e4
45,isoare,EulerE,510,463,r1b1kb1r/ppp1qppp/2n5/4B3/4N3/5N2/PPP2PPP/R2QKB1R b KQkq - 0 9,c3e4
45,isoare,EulerE,510,463,r1b1kb1r/ppp1qppp/8/4n3/4N3/5N2/PPP2PPP/R2QKB1R w KQkq - 0 10,c6e5
45,isoare,EulerE,510,463,r1b1kb1r/ppp1qppp/8/4N3/4N3/8/PPP2PPP/R2QKB1R b KQkq - 0 10,f3e5
45,isoare,EulerE,510,463,r1b1kb1r/ppp2ppp/8/4q3/4N3/8/PPP2PPP/R2QKB1R w KQkq - 0 11,e7e5
45,isoare,EulerE,510,463,r1b1kb1r/ppp2ppp/8/4q3/4N3/5P2/PPP3PP/R2QKB1R b KQkq - 0 11,f2f3
45,isoare,EulerE,510,463,r3kb1r/ppp2ppp/8/4qb2/4N3/5P2/PPP3PP/R2QKB1R w KQkq - 1 12,c8f5
45,isoare,EulerE,510,463,r3kb1r/ppp2ppp/8/4qb2/P3N3/5P2/1PP3PP/R2QKB1R b KQkq - 0 12,a2a4
45,isoare,EulerE,510,463,r3kb1r/ppp2ppp/8/5b2/P3N3/5P2/1qP3PP/R2QKB1R w KQkq - 0 13,e5b2
45,isoare,EulerE,510,463,r3kb1r/ppp2ppp/3N4/5b2/P7/5P2/1qP3PP/R2QKB1R b KQkq - 1 13,e4d6
45,isoare,EulerE,510,463,r3kb1r/pp3ppp/3p4/5b2/P7/5P2/1qP3PP/R2QKB1R w KQkq - 0 14,c7d6
45,isoare,EulerE,510,463,r3kb1r/pp3ppp/3p4/1B3b2/P7/5P2/1qP3PP/R2QK2R b KQkq - 1 14,f1b5
45,isoare,EulerE,510,463,r2k1b1r/pp3ppp/3p4/1B3b2/P7/5P2/1qP3PP/R2QK2R w KQ - 2 15,e8d8
45,isoare,EulerE,510,463,r2k1b1r/pp3ppp/3p4/1B3b2/P5P1/5P2/1qP4P/R2QK2R b KQ - 0 15,g2g4
45,isoare,EulerE,510,463,r2k1b1r/1p3ppp/p2p4/1B3b2/P5P1/5P2/1qP4P/R2QK2R w KQ - 0 16,a7a6
45,isoare,EulerE,510,463,r2k1b1r/1p3ppp/p2p4/5b2/P5P1/3B1P2/1qP4P/R2QK2R b KQ - 1 16,b5d3
45,isoare,EulerE,510,463,r2k1b1r/1p3ppp/p2p4/8/P5P1/3b1P2/1qP4P/R2QK2R w KQ - 0 17,f5d3
45,isoare,EulerE,510,463,r2k1b1r/1p3ppp/p2p4/8/P5P1/3P1P2/1q5P/R2QK2R b KQ - 0 17,c2d3
45,isoare,EulerE,510,463,2rk1b1r/1p3ppp/p2p4/8/P5P1/3P1P2/1q5P/R2QK2R w KQ - 1 18,a8c8
45,isoare,EulerE,510,463,2rk1b1r/1p3ppp/p2p4/8/P5P1/3P1P2/1q5P/2RQK2R b K - 2 18,a1c1
45,isoare,EulerE,510,463,2rk1b1r/1p3ppp/p2p4/4q3/P5P1/3P1P2/7P/2RQK2R w K - 3 19,b2e5
45,isoare,EulerE,510,463,2rk1b1r/1p3ppp/p2p4/4q3/P5P1/3P1P2/7P/2RQ1K1R b - - 4 19,e1f1
45,isoare,EulerE,510,463,3k1b1r/1p3ppp/p2p4/4q3/P5P1/3P1P2/7P/2rQ1K1R w - - 0 20,c8c1
45,isoare,EulerE,510,463,3k1b1r/1p3ppp/p2p4/4q3/P5P1/3P1P2/7P/2Q2K1R b - - 0 20,d1c1
45,isoare,EulerE,510,463,3k1b1r/1p3ppp/p2p4/2q5/P5P1/3P1P2/7P/2Q2K1R w - - 1 21,e5c5
45,isoare,EulerE,510,463,3k1b1r/1p3ppp/p2p4/2q5/P4QP1/3P1P2/7P/5K1R b - - 2 21,c1f4
45,isoare,EulerE,510,463,3k1b1r/1p4pp/p2p1p2/2q5/P4QP1/3P1P2/7P/5K1R w - - 0 22,f7f6
45,isoare,EulerE,510,463,3k1b1r/1p4pp/p2p1p2/2q3P1/P4Q2/3P1P2/7P/5K1R b - - 0 22,g4g5
45,isoare,EulerE,510,463,3k1b1r/1p4pp/p2p4/2q3p1/P4Q2/3P1P2/7P/5K1R w - - 0 23,f6g5
45,isoare,EulerE,510,463,3k1b1r/1p4pp/p2p4/2q3p1/P1Q5/3P1P2/7P/5K1R b - - 1 23,f4c4
45,isoare,EulerE,510,463,3k1b1r/1p4pp/p2p4/6p1/P1q5/3P1P2/7P/5K1R w - - 0 24,c5c4
45,isoare,EulerE,510,463,3k1b1r/1p4pp/p2p4/6p1/P1P5/5P2/7P/5K1R b - - 0 24,d3c4
45,isoare,EulerE,510,463,3k1b1r/6pp/pp1p4/6p1/P1P5/5P2/7P/5K1R w - - 0 25,b7b6
45,isoare,EulerE,510,463,3k1b1r/6pp/pp1p4/6p1/P1P5/5P1P/8/5K1R b - - 0 25,h2h3
45,isoare,EulerE,510,463,3k3r/4b1pp/pp1p4/6p1/P1P5/5P1P/8/5K1R w - - 1 26,f8e7
45,isoare,EulerE,510,463,3k3r/4b1pp/pp1p4/6p1/P1P5/5P1P/7R/5K2 b - - 2 26,h1h2
45,isoare,EulerE,510,463,3k1r2/4b1pp/pp1p4/6p1/P1P5/5P1P/7R/5K2 w - - 3 27,h8f8
45,isoare,EulerE,510,463,3k1r2/4b1pp/pp1p4/6p1/P1P5/5P1P/5K1R/8 b - - 4 27,f1f2
45,isoare,EulerE,510,463,3k4/4b1pp/pp1p4/6p1/P1P2r2/5P1P/5K1R/8 w - - 5 28,f8f4
45,isoare,EulerE,510,463,3k4/4b1pp/pp1p4/6p1/P1P2r2/5P1P/6KR/8 b - - 6 28,f2g2
45,isoare,EulerE,510,463,3k4/4b1pp/pp1p4/6p1/P1r5/5P1P/6KR/8 w - - 0 29,f4c4
45,isoare,EulerE,510,463,3k4/4b1pp/pp1p4/6p1/P1r2P2/7P/6KR/8 b - - 0 29,f3f4
45,isoare,EulerE,510,463,3k4/4b1pp/pp1p4/8/P1r2p2/7P/6KR/8 w - - 0 30,g5f4
45,isoare,EulerE,510,463,3k4/4b1pp/pp1p4/8/P1r2p1P/8/6KR/8 b - - 0 30,h3h4
45,isoare,EulerE,510,463,3k4/4b1pp/p2p4/1p6/P1r2p1P/8/6KR/8 w - - 0 31,b6b5
45,isoare,EulerE,510,463,3k4/4b1pp/p2p4/1P6/2r2p1P/8/6KR/8 b - - 0 31,a4b5
45,isoare,EulerE,510,463,3k4/4b1pp/3p4/1p6/2r2p1P/8/6KR/8 w - - 0 32,a6b5
45,isoare,EulerE,510,463,3k4/4b1pp/3p4/1p5P/2r2p2/8/6KR/8 b - - 0 32,h4h5
45,isoare,EulerE,510,463,3k4/4b1pp/3p4/7P/1pr2p2/8/6KR/8 w - - 0 33,b5b4
45,isoare,EulerE,510,463,3k4/4b1pp/3p4/7P/1pr2p2/8/6K1/7R b - - 1 33,h2h1
45,isoare,EulerE,510,463,3k4/4b1pp/3p4/7P/2r2p2/1p6/6K1/7R w - - 0 34,b4b3
45,isoare,EulerE,510,463,3k4/4b1pp/3p4/7P/2r2p2/1p3K2/8/7R b - - 1 34,g2f3
45,isoare,EulerE,510,463,3k4/4b1pp/3p4/7P/5p2/1pr2K2/8/7R w - - 2 35,c4c3
45,isoare,EulerE,510,463,3k4/4b1pp/3p4/7P/5K2/1pr5/8/7R b - - 0 35,f3f4
45,isoare,EulerE,510,463,3k4/4b1pp/3p4/7P/5K2/2r5/1p6/7R w - - 0 36,b3b2
45,isoare,EulerE,510,463,3k4/4b1pp/3p4/7P/6K1/2r5/1p6/7R b - - 1 36,f4g4
45,isoare,EulerE,510,463,3k4/4b1pp/3p4/7P/6K1/8/1p6/2r4R w - - 2 37,c3c1
45,isoare,EulerE,510,463,3k4/4b1pp/3p4/7P/6K1/8/1p6/2R5 b - - 0 37,h1c1
45,isoare,EulerE,510,463,3k4/4b1pp/3p4/7P/6K1/8/8/2q5 w - - 0 38,b2c1q
45,isoare,EulerE,510,463,3k4/4b1pp/3p3P/8/6K1/8/8/2q5 b - - 0 38,h5h6
45,isoare,EulerE,510,463,3k4/4b2p/3p3p/8/6K1/8/8/2q5 w - - 0 39,g7h6
45,isoare,EulerE,510,463,3k4/4b2p/3p3p/8/8/6K1/8/2q5 b - - 1 39,g4g3
45,isoare,EulerE,510,463,3k4/4b2p/7p/3p4/8/6K1/8/2q5 w - - 0 40,d6d5
45,isoare,EulerE,510,463,3k4/4b2p/7p/3p4/8/5K2/8/2q5 b - - 1 40,g3f3
45,isoare,EulerE,510,463,3k4/4b2p/7p/8/3p4/5K2/8/2q5 w - - 0 41,d5d4
45,isoare,EulerE,510,463,3k4/4b2p/7p/8/3pK3/8/8/2q5 b - - 1 41,f3e4
45,isoare,EulerE,510,463,3k4/4b2p/7p/8/3pK3/2q5/8/8 w - - 2 42,c1c3
45,isoare,EulerE,510,463,3k4/4b2p/7p/4K3/3p4/2q5/8/8 b - - 3 42,e4e5
45,isoare,EulerE,510,463,3k4/4b2p/7p/4K3/8/2qp4/8/8 w - - 0 43,d4d3
45,isoare,EulerE,510,463,3k4/4b2p/7p/8/4K3/2qp4/8/8 b - - 1 43,e5e4
45,isoare,EulerE,510,463,3k4/4b2p/7p/8/4K3/2q5/3p4/8 w - - 0 44,d3d2
45,isoare,EulerE,510,463,3k4/4b2p/7p/3K4/8/2q5/3p4/8 b - - 1 44,e4d5
45,isoare,EulerE,510,463,3k4/4b2p/7p/3K4/8/2q5/8/3q4 w - - 0 45,d2d1q
45,isoare,EulerE,510,463,3k4/4b2p/7p/8/4K3/2q5/8/3q4 b - - 1 45,d5e4
45,isoare,EulerE,510,463,3k4/4b2p/7p/8/3qK3/2q5/8/8 w - - 2 46,d1d4
45,isoare,EulerE,510,463,3k4/4b2p/7p/5K2/3q4/2q5/8/8 b - - 3 46,e4f5
45,isoare,EulerE,510,463,3k4/4b2p/2q4p/5K2/3q4/8/8/8 w - - 4 47,c3c6
46,EulerE,bushybrows433,454,609,rnbqkbnr/pppppppp/8/8/4P3/8/PPPP1PPP/RNBQKBNR b KQkq - 0 1,e2e4
46,EulerE,bushybrows433,454,609,rnbqkbnr/pppp1ppp/8/4p3/4P3/8/PPPP1PPP/RNBQKBNR w KQkq - 0 2,e7e5
46,EulerE,bushybrows433,454,609,rnbqkbnr/pppp1ppp/8/4p3/4P3/5N2/PPPP1PPP/RNBQKB1R b KQkq - 1 2,g1f3
46,EulerE,bushybrows433,454,609,rnbqkb1r/pppp1ppp/5n2/4p3/4P3/5N2/PPPP1PPP/RNBQKB1R w KQkq - 2 3,g8f6
46,EulerE,bushybrows433,454,609,rnbqkb1r/pppp1ppp/5n2/4p3/4P3/3P1N2/PPP2PPP/RNBQKB1R b KQkq - 0 3,d2d3
46,EulerE,bushybrows433,454,609,rnbqkb1r/ppp2ppp/3p1n2/4p3/4P3/3P1N2/PPP2PPP/RNBQKB1R w KQkq - 0 4,d7d6
46,EulerE,bushybrows433,454,609,rnbqkb1r/ppp2ppp/3p1n2/4p1B1/4P3/3P1N2/PPP2PPP/RN1QKB1R b KQkq - 1 4,c1g5
46,EulerE,bushybrows433,454,609,rnbqkb1r/pppn1ppp/3p4/4p1B1/4P3/3P1N2/PPP2PPP/RN1QKB1R w KQkq - 2 5,f6d7
46,EulerE,bushybrows433,454,609,rnbBkb1r/pppn1ppp/3p4/4p3/4P3/3P1N2/PPP2PPP/RN1QKB1R b KQkq - 0 5,g5d8
46,EulerE,bushybrows433,454,609,rnbk1b1r/pppn1ppp/3p4/4p3/4P3/3P1N2/PPP2PPP/RN1QKB1R w KQ - 0 6,e8d8
46,EulerE,bushybrows433,454,609,rnbk1b1r/pppn1ppp/3p4/4p3/4P3/3P1N2/PPPN1PPP/R2QKB1R b KQ - 1 6,b1d2
46,EulerE,bushybrows433,454,609,rnbk1b1r/ppp2ppp/1n1p4/4p3/4P3/3P1N2/PPPN1PPP/R2QKB1R w KQ - 2 7,d7b6
46,EulerE,bushybrows433,454,609,rnbk1b1r/ppp2ppp/1n1p4/4p3/4P3/1P1P1N2/P1PN1PPP/R2QKB1R b KQ - 0 7,b2b3
46,EulerE,bushybrows433,454,609,rnbk1b1r/1pp2ppp/pn1p4/4p3/4P3/1P1P1N2/P1PN1PPP/R2QKB1R w KQ - 0 8,a7a6
46,EulerE,bushybrows433,454,609,rnbk1b1r/1pp2ppp/pn1p4/4p3/P3P3/1P1P1N2/2PN1PPP/R2QKB1R b KQ - 0 8,a2a4
46,EulerE,bushybrows433,454,609,rnbk1b1r/1pp2ppp/1n1p4/p3p3/P3P3/1P1P1N2/2PN1PPP/R2QKB1R w KQ - 0 9,a6a5
46,EulerE,bushybrows433,454,609,rnbk1b1r/1pp2ppp/1n1p4/p3p3/P1N1P3/1P1P1N2/2P2PPP/R2QKB1R b KQ - 1 9,d2c4
47,Tanamorbar,EulerE,457,462,rnbqkbnr/pppppppp/8/8/4P3/8/PPPP1PPP/RNBQKBNR b KQkq - 0 1,e2e4
47,Tanamorbar,EulerE,457,462,rnbqkbnr/pppp1ppp/8/4p3/4P3/8/PPPP1PPP/RNBQKBNR w KQkq - 0 2,e7e5
47,Tanamorbar,EulerE,457,462,rnbqkbnr/pppp1ppp/8/4p3/4P3/5N2/PPPP1PPP/RNBQKB1R b KQkq - 1 2,g1f3
47,Tanamorbar,EulerE,457,462,rnbqkbnr/ppp2ppp/3p4/4p3/4P3/5N2/PPPP1PPP/RNBQKB1R w KQkq - 0 3,d7d6
47,Tanamorbar,EulerE,457,462,rnbqkbnr/ppp2ppp/3p4/4p3/2B1P3/5N2/PPPP1PPP/RNBQK2R b KQkq - 1 3,f1c4
47,Tanamorbar,EulerE,457,462,rnbqkb1r/ppp2ppp/3p1n2/4p3/2B1P3/5N2/PPPP1PPP/RNBQK2R w KQkq - 2 4,g8f6
47,Tanamorbar,EulerE,457,462,rnbqkb1r/ppp2ppp/3p1n2/4p3/2B1P3/3P1N2/PPP2PPP/RNBQK2R b KQkq - 0 4,d2d3
47,Tanamorbar,EulerE,457,462,rn1qkb1r/ppp2ppp/3p1n2/4p3/2B1P1b1/3P1N2/PPP2PPP/RNBQK2R w KQkq - 1 5,c8g4
47,Tanamorbar,EulerE,457,462,rn1qkb1r/ppp2ppp/3p1n2/4p3/2B1P1b1/3P1N1P/PPP2PP1/RNBQK2R b KQkq - 0 5,h2h3
47,Tanamorbar,EulerE,457,462,rn1qkb1r/ppp2ppp/3pbn2/4p3/2B1P3/3P1N1P/PPP2PP1/RNBQK2R w KQkq - 1 6,g4e6
47,Tanamorbar,EulerE,457,462,rn1qkb1r/ppp2ppp/3pbn2/4p3/2B1P3/2NP1N1P/PPP2PP1/R1BQK2R b KQkq - 2 6,b1c3
47,Tanamorbar,EulerE,457,462,rn1qkb1r/ppp2ppp/3p1n2/4p3/2b1P3/2NP1N1P/PPP2PP1/R1BQK2R w KQkq - 0 7,e6c4
47,Tanamorbar,EulerE,457,462,rn1qkb1r/ppp2ppp/3p1n2/4p3/2P1P3/2N2N1P/PPP2PP1/R1BQK2R b KQkq - 0 7,d3c4
47,Tanamorbar,EulerE,457,462,rn1qkb1r/1pp2ppp/p2p1n2/4p3/2P1P3/2N2N1P/PPP2PP1/R1BQK2R w KQkq - 0 8,a7a6
47,Tanamorbar,EulerE,457,462,rn1qkb1r/1pp2ppp/p2p1n2/4p3/2P1P3/1PN2N1P/P1P2PP1/R1BQK2R b KQkq - 0 8,b2b3
47,Tanamorbar,EulerE,457,462,rn1qkb1r/2p2ppp/p2p1n2/1p2p3/2P1P3/1PN2N1P/P1P2PP1/R1BQK2R w KQkq - 0 9,b7b5
47,Tanamorbar,EulerE,457,462,rn1qkb1r/2p2ppp/p2p1n2/1p2p3/2P1P3/BPN2N1P/P1P2PP1/R2QK2R b KQkq - 1 9,c1a3
47,Tanamorbar,EulerE,457,462,rn1qkb1r/2p2ppp/p2p1n2/4p3/2p1P3/BPN2N1P/P1P2PP1/R2QK2R w KQkq - 0 10,b5c4
47,Tanamorbar,EulerE,457,462,rn1qkb1r/2p2ppp/p2p1n2/4p3/2P1P3/B1N2N1P/P1P2PP1/R2QK2R b KQkq - 0 10,b3c4
47,Tanamorbar,EulerE,457,462,rn1qkb1r/2p2ppp/p4n2/3pp3/2P1P3/B1N2N1P/P1P2PP1/R2QK2R w KQkq - 0 11,d6d5
47,Tanamorbar,EulerE,457,462,rn1qkB1r/2p2ppp/p4n2/3pp3/2P1P3/2N2N1P/P1P2PP1/R2QK2R b KQkq - 0 11,a3f8
47,Tanamorbar,EulerE,457,462,rn1qkr2/2p2ppp/p4n2/3pp3/2P1P3/2N2N1P/P1P2PP1/R2QK2R w KQq - 0 12,h8f8
47,Tanamorbar,EulerE,457,462,rn1qkr2/2p2ppp/p4n2/3pN3/2P1P3/2N4P/P1P2PP1/R2QK2R b KQq - 0 12,f3e5
47,Tanamorbar,EulerE,457,462,rn1qkr2/2p2ppp/p4n2/4N3/2P1p3/2N4P/P1P2PP1/R2QK2R w KQq - 0 13,d5e4
47,Tanamorbar,EulerE,457,462,rn1Qkr2/2p2ppp/p4n2/4N3/2P1p3/2N4P/P1P2PP1/R3K2R b KQq - 0 13,d1d8
47,Tanamorbar,EulerE,457,462,rn1k1r2/2p2ppp/p4n2/4N3/2P1p3/2N4P/P1P2PP1/R3K2R w KQ - 0 14,e8d8
47,Tanamorbar,EulerE,457,462,rn1k1r2/2p2ppp/p4n2/4N3/2P1p1P1/2N4P/P1P2P2/R3K2R b KQ - 0 14,g2g4
47,Tanamorbar,EulerE,457,462,rn1kr3/2p2ppp/p4n2/4N3/2P1p1P1/2N4P/P1P2P2/R3K2R w KQ - 1 15,f8e8
47,Tanamorbar,EulerE,457,462,rn1kr3/2p2ppp/p4n2/4N3/2P1pPP1/2N4P/P1P5/R3K2R b KQ f3 0 15,f2f4
47,Tanamorbar,EulerE,457,462,r2kr3/2pn1ppp/p4n2/4N3/2P1pPP1/2N4P/P1P5/R3K2R w KQ - 1 16,b8d7
47,Tanamorbar,EulerE,457,462,r2kr3/2pn1Npp/p4n2/8/2P1pPP1/2N4P/P1P5/R3K2R b KQ - 0 16,e5f7
47,Tanamorbar,EulerE,457,462,r3r3/2pnkNpp/p4n2/8/2P1pPP1/2N4P/P1P5/R3K2R w KQ - 1 17,d8e7
47,Tanamorbar,EulerE,457,462,r3r3/2pnk1pp/p4n2/6N1/2P1pPP1/2N4P/P1P5/R3K2R b KQ - 2 17,f7g5
47,Tanamorbar,EulerE,457,462,r3r3/2pnk1p1/p4n1p/6N1/2P1pPP1/2N4P/P1P5/R3K2R w KQ - 0 18,h7h6
47,Tanamorbar,EulerE,457,462,r3r3/2pnk1pN/p4n1p/8/2P1pPP1/2N4P/P1P5/R3K2R b KQ - 1 18,g5h7
47,Tanamorbar,EulerE,457,462,r3r3/2pnk1pn/p6p/8/2P1pPP1/2N4P/P1P5/R3K2R w KQ - 0 19,f6h7
47,Tanamorbar,EulerE,457,462,r3r3/2pnk1pn/p6p/8/2P1pPP1/2N4P/P1P5/1R2K2R b K - 1 19,a1b1
47,Tanamorbar,EulerE,457,462,rr6/2pnk1pn/p6p/8/2P1pPP1/2N4P/P1P5/1R2K2R w K - 2 20,e8b8
47,Tanamorbar,EulerE,457,462,rr6/2pnk1pn/p6p/8/2P1pPP1/2N4P/P1P5/3RK2R b K - 3 20,b1d1
47,Tanamorbar,EulerE,457,462,rr6/2p1k1pn/pn5p/8/2P1pPP1/2N4P/P1P5/3RK2R w K - 4 21,d7b6
47,Tanamorbar,EulerE,457,462,rr6/2p1k1pn/pn5p/8/2P1NPP1/7P/P1P5/3RK2R b K - 0 21,c3e4
47,Tanamorbar,EulerE,457,462,rr6/2p1k1pn/p6p/8/2n1NPP1/7P/P1P5/3RK2R w K - 0 22,b6c4
47,Tanamorbar,EulerE,457,462,rr6/2p1k1pn/p6p/2N5/2n2PP1/7P/P1P5/3RK2R b K - 1 22,e4c5
47,Tanamorbar,EulerE,457,462,rr6/2p1k1pn/p6p/2N5/5PP1/7P/PnP5/3RK2R w K - 2 23,c4b2
47,Tanamorbar,EulerE,457,462,rr6/2pRk1pn/p6p/2N5/5PP1/7P/PnP5/4K2R b K - 3 23,d1d7
47,Tanamorbar,EulerE,457,462,rr2k3/2pR2pn/p6p/2N5/5PP1/7P/PnP5/4K2R w K - 4 24,e7e8
47,Tanamorbar,EulerE,457,462,rr2k3/2pR2pn/p6p/2N5/5PP1/7P/PnP5/5RK1 b - - 5 24,e1g1
47,Tanamorbar,EulerE,457,462,rr2kn2/2pR2p1/p6p/2N5/5PP1/7P/PnP5/5RK1 w - - 6 25,h7f8
47,Tanamorbar,EulerE,457,462,rr2kn2/2pR2p1/p6p/2N5/5PP1/7P/PnP5/4R1K1 b - - 7 25,f1e1
47,Tanamorbar,EulerE,457,462,rr2k3/2pR2p1/p3n2p/2N5/5PP1/7P/PnP5/4R1K1 w - - 8 26,f8e6
47,Tanamorbar,EulerE,457,462,rr2k3/2pR2p1/p3R2p/2N5/5PP1/7P/PnP5/6K1 b - - 0 26,e1e6
47,Tanamorbar,EulerE,457,462,rr3k2/2pR2p1/p3R2p/2N5/5PP1/7P/PnP5/6K1 w - - 1 27,e8f8
47,Tanamorbar,EulerE,457,462,rr3k2/2pRR1p1/p6p/2N5/5PP1/7P/PnP5/6K1 b - - 2 27,e6e7
47,Tanamorbar,EulerE,457,462,rr3k2/2pRR1p1/p6p/2N5/2n2PP1/7P/P1P5/6K1 w - - 3 28,b2c4
47,Tanamorbar,EulerE,457,462,rr3k2/2pRR1p1/p6p/2N3P1/2n2P2/7P/P1P5/6K1 b - - 0 28,g4g5
47,Tanamorbar,EulerE,457,462,rr3k2/2pRR1p1/p7/2N3p1/2n2P2/7P/P1P5/6K1 w - - 0 29,h6g5
47,Tanamorbar,EulerE,457,462,rr3k2/2pRR1p1/p7/2N3P1/2n5/7P/P1P5/6K1 b - - 0 29,f4g5
47,Tanamorbar,EulerE,457,462,r2r1k2/2pRR1p1/p7/2N3P1/2n5/7P/P1P5/6K1 w - - 1 30,b8d8
47,Tanamorbar,EulerE,457,462,r2r1k2/2pRR1p1/p7/2N3P1/2n4P/8/P1P5/6K1 b - - 0 30,h3h4
47,Tanamorbar,EulerE,457,462,r2r1k2/2pRR1p1/p7/2N1n1P1/7P/8/P1P5/6K1 w - - 1 31,c4e5
47,Tanamorbar,EulerE,457,462,r2r1k2/2pR2p1/p7/2N1R1P1/7P/8/P1P5/6K1 b - - 0 31,e7e5
47,Tanamorbar,EulerE,457,462,r3rk2/2pR2p1/p7/2N1R1P1/7P/8/P1P5/6K1 w - - 1 32,d8e8
47,Tanamorbar,EulerE,457,462,r3rk2/2pR2p1/p7/2N2RP1/7P/8/P1P5/6K1 b - - 2 32,e5f5
47,Tanamorbar,EulerE,457,462,r3r1k1/2pR2p1/p7/2N2RP1/7P/8/P1P5/6K1 w - - 3 33,f8g8
47,Tanamorbar,EulerE,457,462,r3r1k1/2pR2p1/p7/2N2RPP/8/8/P1P5/6K1 b - - 0 33,h4h5
47,Tanamorbar,EulerE,457,462,r3r3/2pR2pk/p7/2N2RPP/8/8/P1P5/6K1 w - - 1 34,g8h7
47,Tanamorbar,EulerE,457,462,r3r3/2pR2pk/p5P1/2N2R1P/8/8/P1P5/6K1 b - - 0 34,g5g6
47,Tanamorbar,EulerE,457,462,r3r2k/2pR2p1/p5P1/2N2R1P/8/8/P1P5/6K1 w - - 1 35,h7h8
47,Tanamorbar,EulerE,457,462,r3r2k/2pR2p1/p5P1/2N2R1P/8/2P5/P7/6K1 b - - 0 35,c2c3
47,Tanamorbar,EulerE,457,462,1r2r2k/2pR2p1/p5P1/2N2R1P/8/2P5/P7/6K1 w - - 1 36,a8b8
47,Tanamorbar,EulerE,457,462,1r2r2k/2pR2p1/p5P1/2N2R1P/2P5/8/P7/6K1 b - - 0 36,c3c4
47,Tanamorbar,EulerE,457,462,1r5k/2pR2p1/p5P1/2N2R1P/2P5/8/P3r3/6K1 w - - 1 37,e8e2
47,Tanamorbar,EulerE,457,462,1r5k/2R3p1/p5P1/2N2R1P/2P5/8/P3r3/6K1 b - - 0 37,d7c7
47,Tanamorbar,EulerE,457,462,7k/2R3p1/p5P1/2N2R1P/2P5/8/P3r3/1r4K1 w - - 1 38,b8b1
47,Tanamorbar,EulerE,457,462,7k/2R3p1/p5P1/2N4P/2P5/8/P3r3/1r3RK1 b - - 2 38,f5f1
47,Tanamorbar,EulerE,457,462,7k/2R3p1/p5P1/2N4P/2P5/8/P3r3/5rK1 w - - 0 39,b1f1
47,Tanamorbar,EulerE,457,462,7k/2R3p1/p5P1/2N4P/2P5/8/P3r3/5K2 b - - 0 39,g1f1
47,Tanamorbar,EulerE,457,462,7k/2R3p1/p5P1/2N1r2P/2P5/8/P7/5K2 w - - 1 40,e2e5
47,Tanamorbar,EulerE,457,462,7k/2RN2p1/p5P1/4r2P/2P5/8/P7/5K2 b - - 2 40,c5d7
47,Tanamorbar,EulerE,457,462,7k/2RNr1p1/p5P1/7P/2P5/8/P7/5K2 w - - 3 41,e5e7
47,Tanamorbar,EulerE,457,462,7k/2R1r1p1/p5P1/2N4P/2P5/8/P7/5K2 b - - 4 41,d7c5
47,Tanamorbar,EulerE,457,462,7k/2r3p1/p5P1/2N4P/2P5/8/P7/5K2 w - - 0 42,e7c7
47,Tanamorbar,EulerE,457,462,7k/2r3p1/p3N1P1/7P/2P5/8/P7/5K2 b - - 1 42,c5e6
47,Tanamorbar,EulerE,457,462,7k/6p1/p3N1P1/7P/2r5/8/P7/5K2 w - - 0 43,c7c4
47,Tanamorbar,EulerE,457,462,5N1k/6p1/p5P1/7P/2r5/8/P7/5K2 b - - 1 43,e6f8
47,Tanamorbar,EulerE,457,462,5N1k/6p1/6P1/p6P/2r5/8/P7/5K2 w - - 0 44,a6a5
47,Tanamorbar,EulerE,457,462,5N1k/6p1/6PP/p7/2r5/8/P7/5K2 b - - 0 44,h5h6
47,Tanamorbar,EulerE,457,462,5N1k/8/6Pp/p7/2r5/8/P7/5K2 w - - 0 45,g7h6
47,Tanamorbar,EulerE,457,462,7k/8/4N1Pp/p7/2r5/8/P7/5K2 b - - 1 45,f8e6
47,Tanamorbar,EulerE,457,462,7k/8/2r1N1Pp/p7/8/8/P7/5K2 w - - 2 46,c4c6
47,Tanamorbar,EulerE,457,462,5N1k/8/2r3Pp/p7/8/8/P7/5K2 b - - 3 46,e6f8
47,Tanamorbar,EulerE,457,462,5Nk1/8/2r3Pp/p7/8/8/P7/5K2 w - - 4 47,h8g8
47,Tanamorbar,EulerE,457,462,6k1/7N/2r3Pp/p7/8/8/P7/5K2 b - - 5 47,f8h7
47,Tanamorbar,EulerE,457,462,6k1/7N/6rp/p7/8/8/P7/5K2 w - - 0 48,c6g6
47,Tanamorbar,EulerE,457,462,6k1/7N/6rp/p7/8/P7/8/5K2 b - - 0 48,a2a3
47,Tanamorbar,EulerE,457,462,8/7k/6rp/p7/8/P7/8/5K2 w - - 0 49,g8h7
48,bushybrows433,EulerE,435,473,rnbqkbnr/pppppppp/8/8/3P4/8/PPP1PPPP/RNBQKBNR b KQkq - 0 1,d2d4
48,bushybrows433,EulerE,435,473,rnbqkbnr/ppp1pppp/8/3p4/3P4/8/PPP1PPPP/RNBQKBNR w KQkq - 0 2,d7d5
48,bushybrows433,EulerE,435,473,rnbqkbnr/ppp1pppp/8/3p4/2PP4/8/PP2PPPP/RNBQKBNR b KQkq - 0 2,c2c4
48,bushybrows433,EulerE,435,473,rnbqkbnr/pp2pppp/2p5/3p4/2PP4/8/PP2PPPP/RNBQKBNR w KQkq - 0 3,c7c6
48,bushybrows433,EulerE,435,473,rnbqkbnr/pp2pppp/2p5/3p4/2PP4/4P3/PP3PPP/RNBQKBNR b KQkq - 0 3,e2e3
48,bushybrows433,EulerE,435,473,rnbqkbnr/pp2pppp/2p5/8/2pP4/4P3/PP3PPP/RNBQKBNR w KQkq - 0 4,d5c4
48,bushybrows433,EulerE,435,473,rnbqkbnr/pp2pppp/2p5/8/2BP4/4P3/PP3PPP/RNBQK1NR b KQkq - 0 4,f1c4
48,bushybrows433,EulerE,435,473,rn1qkbnr/pp2pppp/2p5/5b2/2BP4/4P3/PP3PPP/RNBQK1NR w KQkq - 1 5,c8f5
48,bushybrows433,EulerE,435,473,rn1qkbnr/pp2pppp/2p5/5b2/2BP4/4P3/PP1N1PPP/R1BQK1NR b KQkq - 2 5,b1d2
48,bushybrows433,EulerE,435,473,rn1qkb1r/pp2pppp/2p2n2/5b2/2BP4/4P3/PP1N1PPP/R1BQK1NR w KQkq - 3 6,g8f6
48,bushybrows433,EulerE,435,473,rn1qkb1r/pp2pBpp/2p2n2/5b2/3P4/4P3/PP1N1PPP/R1BQK1NR b KQkq - 0 6,c4f7
48,bushybrows433,EulerE,435,473,rn1q1b1r/pp2pkpp/2p2n2/5b2/3P4/4P3/PP1N1PPP/R1BQK1NR w KQ - 0 7,e8f7
48,bushybrows433,EulerE,435,473,rn1q1b1r/pp2pkpp/2p2n2/5b2/3P4/4P2P/PP1N1PP1/R1BQK1NR b KQ - 0 7,h2h3
48,bushybrows433,EulerE,435,473,rn1q1b1r/pp2pk1p/2p2n2/5bp1/3P4/4P2P/PP1N1PP1/R1BQK1NR w KQ - 0 8,g7g5
48,bushybrows433,EulerE,435,473,rn1q1b1r/pp2pk1p/2p2n2/5bp1/3P4/4P1PP/PP1N1P2/R1BQK1NR b KQ - 0 8,g2g3
48,bushybrows433,EulerE,435,473,rn1q1b1r/pp2pk1p/2p2n2/5b2/3P2p1/4P1PP/PP1N1P2/R1BQK1NR w KQ - 0 9,g5g4
48,bushybrows433,EulerE,435,473,rn1q1b1r/pp2pk1p/2p2n2/5b2/3P2P1/4P1P1/PP1N1P2/R1BQK1NR b KQ - 0 9,h3g4
48,bushybrows433,EulerE,435,473,rn1q1b1r/pp2pk1p/2p2n2/8/3P2b1/4P1P1/PP1N1P2/R1BQK1NR w KQ - 0 10,f5g4
48,bushybrows433,EulerE,435,473,rn1q1b1r/pp2pk1p/2p2n2/8/3P2Q1/4P1P1/PP1N1P2/R1B1K1NR b KQ - 0 10,d1g4
48,bushybrows433,EulerE,435,473,rn1q1b1r/pp2pk1p/2p5/8/3P2n1/4P1P1/PP1N1P2/R1B1K1NR w KQ - 0 11,f6g4
48,bushybrows433,EulerE,435,473,rn1q1b1r/pp2pk1p/2p5/8/3P2n1/4PPP1/PP1N4/R1B1K1NR b KQ - 0 11,f2f3
48,bushybrows433,EulerE,435,473,rn1q1b1r/pp2pk1p/2p5/8/3P4/4nPP1/PP1N4/R1B1K1NR w KQ - 0 12,g4e3
48,bushybrows433,EulerE,435,473,rn1q1b1r/pp2pk1p/2p5/8/3P4/4nPP1/PP1N1K2/R1B3NR b - - 1 12,e1f2
48,bushybrows433,EulerE,435,473,rn1q1b1r/pp2pk1p/2p5/8/3P4/5PP1/PPnN1K2/R1B3NR w - - 2 13,e3c2
48,bushybrows433,EulerE,435,473,rn1q1b1r/pp2pk1p/2p5/8/3P4/5PP1/PPnN1K1R/R1B3N1 b - - 3 13,h1h2
48,bushybrows433,EulerE,435,473,rn1q1b1r/pp2pk1p/2p5/8/3P4/5PP1/PP1N1K1R/n1B3N1 w - - 0 14,c2a1
48,bushybrows433,EulerE,435,473,rn1q1b1r/pp2pk1p/2p5/8/3P4/5PP1/PP1N1K2/n1B3NR b - - 1 14,h2h1
48,bushybrows433,EulerE,435,473,rn1q1b1r/pp3k1p/2p1p3/8/3P4/5PP1/PP1N1K2/n1B3NR w - - 0 15,e7e6
48,bushybrows433,EulerE,435,473,rn1q1b1r/pp3k1p/2p1p3/8/3P4/5PP1/PP1N1K1R/n1B3N1 b - - 1 15,h1h2
48,bushybrows433,EulerE,435,473,rn3b1r/ppq2k1p/2p1p3/8/3P4/5PP1/PP1N1K1R/n1B3N1 w - - 2 16,d8c7
48,bushybrows433,EulerE,435,473,rn3b1r/ppq2k1p/2p1p3/8/3P4/5PP1/PP1N1K2/n1B3NR b - - 3 16,h2h1
48,bushybrows433,EulerE,435,473,rn3br1/ppq2k1p/2p1p3/8/3P4/5PP1/PP1N1K2/n1B3NR w - - 4 17,h8g8
48,bushybrows433,EulerE,435,473,rn3br1/ppq2k1p/2p1p3/8/3P4/5PPR/PP1N1K2/n1B3N1 b - - 5 17,h1h3
48,bushybrows433,EulerE,435,473,rn3br1/ppq3kp/2p1p3/8/3P4/5PPR/PP1N1K2/n1B3N1 w - - 6 18,f7g7
48,bushybrows433,EulerE,435,473,rn3br1/ppq3kp/2p1p3/8/3P4/5PP1/PP1N1K2/n1B3NR b - - 7 18,h3h1
48,bushybrows433,EulerE,435,473,rn3br1/ppq3kp/2p1p3/8/3P4/5PP1/PPnN1K2/2B3NR w - - 8 19,a1c2
48,bushybrows433,EulerE,435,473,rn3br1/ppq3kp/2p1p3/8/3P4/5PP1/PPnN4/2B2KNR b - - 9 19,f2f1
48,bushybrows433,EulerE,435,473,rn3brk/ppq4p/2p1p3/8/3P4/5PP1/PPnN4/2B2KNR w - - 10 20,g7h8
48,bushybrows433,EulerE,435,473,rn3brk/ppq4p/2p1p3/8/3P4/5PP1/PPnN3R/2B2KN1 b - - 11 20,h1h2
48,bushybrows433,EulerE,435,473,rn3b1k/ppq4p/2p1p3/8/3P4/5Pr1/PPnN3R/2B2KN1 w - - 0 21,g8g3
48,bushybrows433,EulerE,435,473,rn3b1k/ppq4p/2p1p3/8/3P4/5Pr1/PPnN4/2B2KNR b - - 1 21,h2h1
48,bushybrows433,EulerE,435,473,rn3b1k/ppq4p/2p1p3/8/3P4/4nPr1/PP1N4/2B2KNR w - - 2 22,c2e3
48,bushybrows433,EulerE,435,473,rn3b1k/ppq4p/2p1p3/8/3P4/4nPr1/PP1NK3/2B3NR b - - 3 22,f1e2
48,bushybrows433,EulerE,435,473,rn3b1k/ppq4p/2p1p3/5n2/3P4/5Pr1/PP1NK3/2B3NR w - - 4 23,e3f5
48,bushybrows433,EulerE,435,473,rn3b1k/ppq4p/2p1p3/5n2/3P4/5Pr1/PP1N4/2B2KNR b - - 5 23,e2f1
48,bushybrows433,EulerE,435,473,rn5k/ppq4p/2p1p2b/5n2/3P4/5Pr1/PP1N4/2B2KNR w - - 6 24,f8h6
48,bushybrows433,EulerE,435,473,rn5k/ppq4p/2p1p2b/5n2/3P1P2/6r1/PP1N4/2B2KNR b - - 0 24,f3f4
48,bushybrows433,EulerE,435,473,rn5k/ppq4p/2p1p3/5n2/3P1b2/6r1/PP1N4/2B2KNR w - - 0 25,h6f4
48,bushybrows433,EulerE,435,473,rn5k/ppq4p/2p1p3/5n2/3P1b2/6r1/PP1N3R/2B2KN1 b - - 1 25,h1h2
48,bushybrows433,EulerE,435,473,rn5k/ppq4p/2p1p2b/5n2/3P4/6r1/PP1N3R/2B2KN1 w - - 2 26,f4h6
48,bushybrows433,EulerE,435,473,rn5k/ppq4p/2p1p2b/5n2/3P4/6r1/PP1N4/2B2KNR b - - 3 26,h2h1
48,bushybrows433,EulerE,435,473,r6k/ppqn3p/2p1p2b/5n2/3P4/6r1/PP1N4/2B2KNR w - - 4 27,b8d7
48,bushybrows433,EulerE,435,473,r6k/ppqn3p/2p1p2b/5n1R/3P4/6r1/PP1N4/2B2KN1 b - - 5 27,h1h5
48,bushybrows433,EulerE,435,473,5r1k/ppqn3p/2p1p2b/5n1R/3P4/6r1/PP1N4/2B2KN1 w - - 6 28,a8f8
48,bushybrows433,EulerE,435,473,5r1k/ppqn3p/2p1p2b/5n2/3P4/6r1/PP1N4/2B2KNR b - - 7 28,h5h1
48,bushybrows433,EulerE,435,473,5r1k/ppqn3p/4p2b/2p2n2/3P4/6r1/PP1N4/2B2KNR w - - 0 29,c6c5
48,bushybrows433,EulerE,435,473,5r1k/ppqn3p/4p2b/2p2n2/3P4/6r1/PP1N3R/2B2KN1 b - - 1 29,h1h2
48,bushybrows433,EulerE,435,473,5r1k/ppqn3p/4p2b/5n2/3p4/6r1/PP1N3R/2B2KN1 w - - 0 30,c5d4
48,bushybrows433,EulerE,435,473,5r1k/ppqn3p/4p2b/5n2/3p4/6r1/PP1N4/2B2KNR b - - 1 30,h2h1
48,bushybrows433,EulerE,435,473,6rk/ppqn3p/4p2b/5n2/3p4/6r1/PP1N4/2B2KNR w - - 2 31,f8g8
48,bushybrows433,EulerE,435,473,6rk/ppqn3p/4p2b/5n1R/3p4/6r1/PP1N4/2B2KN1 b - - 3 31,h1h5
48,bushybrows433,EulerE,435,473,6rk/ppqn3p/4p2b/5n1R/8/3p2r1/PP1N4/2B2KN1 w - - 0 32,d4d3
48,bushybrows433,EulerE,435,473,6rk/ppqn3p/4p2b/5R2/8/3p2r1/PP1N4/2B2KN1 b - - 0 32,h5f5
48,bushybrows433,EulerE,435,473,6rk/ppqn3p/7b/5p2/8/3p2r1/PP1N4/2B2KN1 w - - 0 33,e6f5
49,EulerE,bushybrows433,472,445,rnbqkbnr/pppppppp/8/8/4P3/8/PPPP1PPP/RNBQKBNR b KQkq - 0 1,e2e4
49,EulerE,bushybrows433,472,445,rnbqkbnr/pppp1ppp/8/4p3/4P3/8/PPPP1PPP/RNBQKBNR w KQkq - 0 2,e7e5
49,EulerE,bushybrows433,472,445,rnbqkbnr/pppp1ppp/8/4p3/4P3/5N2/PPPP1PPP/RNBQKB1R b KQkq - 1 2,g1f3
49,EulerE,bushybrows433,472,445,rnbqkb1r/pppp1ppp/5n2/4p3/4P3/5N2/PPPP1PPP/RNBQKB1R w KQkq - 2 3,g8f6
49,EulerE,bushybrows433,472,445,rnbqkb1r/pppp1ppp/5n2/4p3/4P3/3P1N2/PPP2PPP/RNBQKB1R b KQkq - 0 3,d2d3
49,EulerE,bushybrows433,472,445,rnbqkb1r/ppp2ppp/3p1n2/4p3/4P3/3P1N2/PPP2PPP/RNBQKB1R w KQkq - 0 4,d7d6
49,EulerE,bushybrows433,472,445,rnbqkb1r/ppp2ppp/3p1n2/4p1B1/4P3/3P1N2/PPP2PPP/RN1QKB1R b KQkq - 1 4,c1g5
49,EulerE,bushybrows433,472,445,rn1qkb1r/ppp2ppp/3p1n2/4p1B1/4P1b1/3P1N2/PPP2PPP/RN1QKB1R w KQkq - 2 5,c8g4
49,EulerE,bushybrows433,472,445,rn1qkb1r/ppp2ppp/3p1n2/4p1B1/4P1b1/3P1N1P/PPP2PP1/RN1QKB1R b KQkq - 0 5,h2h3
49,EulerE,bushybrows433,472,445,rn1qkb1r/ppp2pp1/3p1n1p/4p1B1/4P1b1/3P1N1P/PPP2PP1/RN1QKB1R w KQkq - 0 6,h7h6
49,EulerE,bushybrows433,472,445,rn1qkb1r/ppp2pp1/3p1n1p/4p1B1/4P1P1/3P1N2/PPP2PP1/RN1QKB1R b KQkq - 0 6,h3g4
49,EulerE,bushybrows433,472,445,rn1qkb1r/ppp2pp1/3p1n2/4p1p1/4P1P1/3P1N2/PPP2PP1/RN1QKB1R w KQkq - 0 7,h6g5
49,EulerE,bushybrows433,472,445,rn1qkb1r/ppp2pp1/3p1n2/4p1N1/4P1P1/3P4/PPP2PP1/RN1QKB1R b KQkq - 0 7,f3g5
49,EulerE,bushybrows433,472,445,rn1qkb1r/ppp2pp1/3p4/4p1N1/4P1n1/3P4/PPP2PP1/RN1QKB1R w KQkq - 0 8,f6g4
49,EulerE,bushybrows433,472,445,rn1qkb1r/ppp2pp1/3p4/4p1N1/4P1n1/3P1P2/PPP3P1/RN1QKB1R b KQkq - 0 8,f2f3
49,EulerE,bushybrows433,472,445,rn1qkb1r/ppp3p1/3p1p2/4p1N1/4P1n1/3P1P2/PPP3P1/RN1QKB1R w KQkq - 0 9,f7f6
49,EulerE,bushybrows433,472,445,rn1qkb1r/ppp3p1/3pNp2/4p3/4P1n1/3P1P2/PPP3P1/RN1QKB1R b KQkq - 1 9,g5e6
49,EulerE,bushybrows433,472,445,rn1qk2r/ppp1b1p1/3pNp2/4p3/4P1n1/3P1P2/PPP3P1/RN1QKB1R w KQkq - 2 10,f8e7
49,EulerE,bushybrows433,472,445,rn1Nk2r/ppp1b1p1/3p1p2/4p3/4P1n1/3P1P2/PPP3P1/RN1QKB1R b KQkq - 0 10,e6d8
49,EulerE,bushybrows433,472,445,rn1Nk2r/ppp1b1p1/3p1p2/4p3/4P3/3PnP2/PPP3P1/RN1QKB1R w KQkq - 1 11,g4e3
49,EulerE,bushybrows433,472,445,rn1Nk2r/ppp1b1p1/3p1p2/4p3/4P3/3PnP2/PPP1Q1P1/RN2KB1R b KQkq - 2 11,d1e2
49,EulerE,bushybrows433,472,445,rn1Nk2r/ppp1b1p1/3p1p2/4p3/4P3/3P1P2/PPP1Q1P1/RN1nKB1R w KQkq - 3 12,e3d1
49,EulerE,bushybrows433,472,445,rn1Nk2r/ppp1b1p1/3p1p2/4p3/4P3/3P1P2/PPP3P1/RN1QKB1R b KQkq - 0 12,e2d1
49,EulerE,bushybrows433,472,445,rn1bk2r/ppp3p1/3p1p2/4p3/4P3/3P1P2/PPP3P1/RN1QKB1R w KQkq - 0 13,e7d8
49,EulerE,bushybrows433,472,445,rn1bk2R/ppp3p1/3p1p2/4p3/4P3/3P1P2/PPP3P1/RN1QKB2 b Qq - 0 13,h1h8
49,EulerE,bushybrows433,472,445,rn1b3R/pppk2p1/3p1p2/4p3/4P3/3P1P2/PPP3P1/RN1QKB2 w Q - 1 14,e8d7
49,EulerE,bushybrows433,472,445,rn1b3R/pppk2p1/3p1p2/4p3/3PP3/5P2/PPP3P1/RN1QKB2 b Q - 0 14,d3d4
49,EulerE,bushybrows433,472,445,rn1b3R/pppk2p1/5p2/3pp3/3PP3/5P2/PPP3P1/RN1QKB2 w Q - 0 15,d6d5
49,EulerE,bushybrows433,472,445,rn1b3R/pppk2p1/5p2/3pp3/3PP3/5PP1/PPP5/RN1QKB2 b Q - 0 15,g2g3
49,EulerE,bushybrows433,472,445,rn1b3R/pppk4/5pp1/3pp3/3PP3/5PP1/PPP5/RN1QKB2 w Q - 0 16,g7g6
49,EulerE,bushybrows433,472,445,rn1b3R/pppk4/5pp1/3pP3/4P3/5PP1/PPP5/RN1QKB2 b Q - 0 16,d4e5
49,EulerE,bushybrows433,472,445,rn1b3R/pppk4/6p1/3pp3/4P3/5PP1/PPP5/RN1QKB2 w Q - 0 17,f6e5
49,EulerE,bushybrows433,472,445,rn1b3R/pppk4/6p1/3Pp3/8/5PP1/PPP5/RN1QKB2 b Q - 0 17,e4d5
49,EulerE,bushybrows433,472,445,rn1b3R/pp1k4/2p3p1/3Pp3/8/5PP1/PPP5/RN1QKB2 w Q - 0 18,c7c6
49,EulerE,bushybrows433,472,445,rn1b3R/pp1k4/2P3p1/4p3/8/5PP1/PPP5/RN1QKB2 b Q - 0 18,d5c6
49,EulerE,bushybrows433,472,445,rn1b3R/pp6/2k3p1/4p3/8/5PP1/PPP5/RN1QKB2 w Q - 0 19,d7c6
49,EulerE,bushybrows433,472,445,rn1b3R/pp6/2k3p1/4p3/8/5PP1/PPP1Q3/RN2KB2 b Q - 1 19,d1e2
49,EulerE,bushybrows433,472,445,r2b3R/pp1n4/2k3p1/4p3/8/5PP1/PPP1Q3/RN2KB2 w Q - 2 20,b8d7
49,EulerE,bushybrows433,472,445,r2b3R/pp1n4/2k3p1/4p3/8/5PP1/PPPQ4/RN2KB2 b Q - 3 20,e2d2
49,EulerE,bushybrows433,472,445,r2b1n1R/pp6/2k3p1/4p3/8/5PP1/PPPQ4/RN2KB2 w Q - 4 21,d7f8
49,EulerE,bushybrows433,472,445,r2b1R2/pp6/2k3p1/4p3/8/5PP1/PPPQ4/RN2KB2 b Q - 0 21,h8f8
49,EulerE,bushybrows433,472,445,2rb1R2/pp6/2k3p1/4p3/8/5PP1/PPPQ4/RN2KB2 w Q - 1 22,a8c8
49,EulerE,bushybrows433,472,445,2rR4/pp6/2k3p1/4p3/8/5PP1/PPPQ4/RN2KB2 b Q - 0 22,f8d8
49,EulerE,bushybrows433,472,445,3r4/pp6/2k3p1/4p3/8/5PP1/PPPQ4/RN2KB2 w Q - 0 23,c8d8
49,EulerE,bushybrows433,472,445,3Q4/pp6/2k3p1/4p3/8/5PP1/PPP5/RN2KB2 b Q - 0 23,d2d8
49,EulerE,bushybrows433,472,445,3Q4/1p6/p1k3p1/4p3/8/5PP1/PPP5/RN2KB2 w Q - 0 24,a7a6
49,EulerE,bushybrows433,472,445,3Q4/1p6/p1k3p1/4p3/8/2N2PP1/PPP5/R3KB2 b Q - 1 24,b1c3
49,EulerE,bushybrows433,472,445,3Q4/1p6/p1k5/4p1p1/8/2N2PP1/PPP5/R3KB2 w Q - 0 25,g6g5
49,EulerE,bushybrows433,472,445,6Q1/1p6/p1k5/4p1p1/8/2N2PP1/PPP5/R3KB2 b Q - 1 25,d8g8
49,EulerE,bushybrows433,472,445,6Q1/1p6/p7/2k1p1p1/8/2N2PP1/PPP5/R3KB2 w Q - 2 26,c6c5
49,EulerE,bushybrows433,472,445,8/1p6/p7/2k1p1Q1/8/2N2PP1/PPP5/R3KB2 b Q - 0 26,g8g5
49,EulerE,bushybrows433,472,445,8/1p6/p1k5/4p1Q1/8/2N2PP1/PPP5/R3KB2 w Q - 1 27,c5c6
49,EulerE,bushybrows433,472,445,8/1p6/p1k5/4Q3/8/2N2PP1/PPP5/R3KB2 b Q - 0 27,g5e5
49,EulerE,bushybrows433,472,445,8/1p1k4/p7/4Q3/8/2N2PP1/PPP5/R3KB2 w Q - 1 28,c6d7
49,EulerE,bushybrows433,472,445,8/1p1k4/p7/4Q3/5P2/2N3P1/PPP5/R3KB2 b Q - 0 28,f3f4
49,EulerE,bushybrows433,472,445,8/1p6/p1k5/4Q3/5P2/2N3P1/PPP5/R3KB2 w Q - 1 29,d7c6
49,EulerE,bushybrows433,472,445,8/1p6/p1k5/4QP2/8/2N3P1/PPP5/R3KB2 b Q - 0 29,f4f5
49,EulerE,bushybrows433,472,445,8/1p1k4/p7/4QP2/8/2N3P1/PPP5/R3KB2 w Q - 1 30,c6d7
49,EulerE,bushybrows433,472,445,8/1p1k4/p4P2/4Q3/8/2N3P1/PPP5/R3KB2 b Q - 0 30,f5f6
49,EulerE,bushybrows433,472,445,3k4/1p6/p4P2/4Q3/8/2N3P1/PPP5/R3KB2 w Q - 1 31,d7d8
49,EulerE,bushybrows433,472,445,3k4/1p6/p4P2/4Q3/6P1/2N5/PPP5/R3KB2 b Q - 0 31,g3g4
49,EulerE,bushybrows433,472,445,8/1p1k4/p4P2/4Q3/6P1/2N5/PPP5/R3KB2 w Q - 1 32,d8d7
49,EulerE,bushybrows433,472,445,8/1p1k4/p4P2/4Q1P1/8/2N5/PPP5/R3KB2 b Q - 0 32,g4g5
49,EulerE,bushybrows433,472,445,3k4/1p6/p4P2/4Q1P1/8/2N5/PPP5/R3KB2 w Q - 1 33,d7d8
49,EulerE,bushybrows433,472,445,3k4/1p6/p4PP1/4Q3/8/2N5/PPP5/R3KB2 b Q - 0 33,g5g6
49,EulerE,bushybrows433,472,445,8/1p1k4/p4PP1/4Q3/8/2N5/PPP5/R3KB2 w Q - 1 34,d8d7
49,EulerE,bushybrows433,472,445,8/1p1k1P2/p5P1/4Q3/8/2N5/PPP5/R3KB2 b Q - 0 34,f6f7
49,EulerE,bushybrows433,472,445,3k4/1p3P2/p5P1/4Q3/8/2N5/PPP5/R3KB2 w Q - 1 35,d7d8
49,EulerE,bushybrows433,472,445,3k1Q2/1p6/p5P1/4Q3/8/2N5/PPP5/R3KB2 b Q - 0 35,f7f8q
49,EulerE,bushybrows433,472,445,5Q2/1p1k4/p5P1/4Q3/8/2N5/PPP5/R3KB2 w Q - 1 36,d8d7
49,EulerE,bushybrows433,472,445,5Q2/1p1k2P1/p7/4Q3/8/2N5/PPP5/R3KB2 b Q - 0 36,g6g7
49,EulerE,bushybrows433,472,445,5Q2/1p4P1/p1k5/4Q3/8/2N5/PPP5/R3KB2 w Q - 1 37,d7c6
49,EulerE,bushybrows433,472,445,5QQ1/1p6/p1k5/4Q3/8/2N5/PPP5/R3KB2 b Q - 0 37,g7g8q
49,EulerE,bushybrows433,472,445,5QQ1/1p1k4/p7/4Q3/8/2N5/PPP5/R3KB2 w Q - 1 38,c6d7
49,EulerE,bushybrows433,472,445,5QQ1/1p1k4/p7/Q7/8/2N5/PPP5/R3KB2 b Q - 2 38,e5a5
49,EulerE,bushybrows433,472,445,5QQ1/1p6/p1k5/Q7/8/2N5/PPP5/R3KB2 w Q - 3 39,d7c6
49,EulerE,bushybrows433,472,445,1Q4Q1/1p6/p1k5/Q7/8/2N5/PPP5/R3KB2 b Q - 4 39,f8b8
49,EulerE,bushybrows433,472,445,1Q4Q1/1p1k4/p7/Q7/8/2N5/PPP5/R3KB2 w Q - 5 40,c6d7
49,EulerE,bushybrows433,472,445,6Q1/1Q1k4/p7/Q7/8/2N5/PPP5/R3KB2 b Q - 0 40,b8b7
49,EulerE,bushybrows433,472,445,6Q1/1Q6/p2k4/Q7/8/2N5/PPP5/R3KB2 w Q - 1 41,d7d6
49,EulerE,bushybrows433,472,445,6Q1/8/Q2k4/Q7/8/2N5/PPP5/R3KB2 b Q - 0 41,b7a6
49,EulerE,bushybrows433,472,445,6Q1/4k3/Q7/Q7/8/2N5/PPP5/R3KB2 w Q - 1 42,d6e7
49,EulerE,bushybrows433,472,445,6Q1/4k3/Q7/Q7/8/1PN5/P1P5/R3KB2 b Q - 0 42,b2b3
49,EulerE,bushybrows433,472,445,6Q1/3k4/Q7/Q7/8/1PN5/P1P5/R3KB2 w Q - 1 43,e7d7
49,EulerE,bushybrows433,472,445,6Q1/3k4/Q7/Q7/1P6/2N5/P1P5/R3KB2 b Q - 0 43,b3b4
49,EulerE,bushybrows433,472,445,6Q1/4k3/Q7/Q7/1P6/2N5/P1P5/R3KB2 w Q - 1 44,d7e7
49,EulerE,bushybrows433,472,445,6Q1/4k3/Q7/QP6/8/2N5/P1P5/R3KB2 b Q - 0 44,b4b5
49,EulerE,bushybrows433,472,445,6Q1/3k4/Q7/QP6/8/2N5/P1P5/R3KB2 w Q - 1 45,e7d7
49,EulerE,bushybrows433,472,445,6Q1/3k4/Q7/1P6/1Q6/2N5/P1P5/R3KB2 b Q - 2 45,a5b4
49,EulerE,bushybrows433,472,445,6Q1/2k5/Q7/1P6/1Q6/2N5/P1P5/R3KB2 w Q - 3 46,d7c7
49,EulerE,bushybrows433,472,445,6Q1/2k5/Q7/1P6/6Q1/2N5/P1P5/R3KB2 b Q - 4 46,b4g4
50,bushybrows433,EulerE,377,479,rnbqkbnr/pppppppp/8/8/3P4/8/PPP1PPPP/RNBQKBNR b KQkq - 0 1,d2d4
50,bushybrows433,EulerE,377,479,rnbqkbnr/ppp1pppp/8/3p4/3P4/8/PPP1PPPP/RNBQKBNR w KQkq - 0 2,d7d5
50,bushybrows433,EulerE,377,479,rnbqkbnr/ppp1pppp/8/3p4/3PP3/8/PPP2PPP/RNBQKBNR b KQkq - 0 2,e2e4
50,bushybrows433,EulerE,377,479,rnbqkb1r/ppp1pppp/5n2/3p4/3PP3/8/PPP2PPP/RNBQKBNR w KQkq - 1 3,g8f6
50,bushybrows433,EulerE,377,479,rnbqkb1r/ppp1pppp/5n2/3p4/3PP3/2N5/PPP2PPP/R1BQKBNR b KQkq - 2 3,b1c3
50,bushybrows433,EulerE,377,479,rn1qkb1r/ppp1pppp/5n2/3p4/3PP1b1/2N5/PPP2PPP/R1BQKBNR w KQkq - 3 4,c8g4
50,bushybrows433,EulerE,377,479,rn1qkb1r/ppp1pppp/5n2/3p4/3PP1Q1/2N5/PPP2PPP/R1B1KBNR b KQkq - 0 4,d1g4
50,bushybrows433,EulerE,377,479,rn1qkb1r/ppp1pppp/8/3p4/3PP1n1/2N5/PPP2PPP/R1B1KBNR w KQkq - 0 5,f6g4
50,bushybrows433,EulerE,377,479,rn1qkb1r/ppp1pppp/8/3P4/3P2n1/2N5/PPP2PPP/R1B1KBNR b KQkq - 0 5,e4d5
50,bushybrows433,EulerE,377,479,rn2kb1r/pppqpppp/8/3P4/3P2n1/2N5/PPP2PPP/R1B1KBNR w KQkq - 1 6,d8d7
50,bushybrows433,EulerE,377,479,rn2kb1r/pppqpppp/8/3P4/3P2n1/2N2P2/PPP3PP/R1B1KBNR b KQkq - 0 6,f2f3
50,bushybrows433,EulerE,377,479,rn2kb1r/pp1qpppp/2p5/3P4/3P2n1/2N2P2/PPP3PP/R1B1KBNR w KQkq - 0 7,c7c6
50,bushybrows433,EulerE,377,479,rn2kb1r/pp1qpppp/2p5/3P4/3P2n1/2N2PP1/PPP4P/R1B1KBNR b KQkq - 0 7,g2g3
50,bushybrows433,EulerE,377,479,rn2kb1r/pp1qpppp/8/3p4/3P2n1/2N2PP1/PPP4P/R1B1KBNR w KQkq - 0 8,c6d5
50,bushybrows433,EulerE,377,479,rn2kb1r/pp1qpppp/8/3p4/3P2P1/2N3P1/PPP4P/R1B1KBNR b KQkq - 0 8,f3g4
50,bushybrows433,EulerE,377,479,rn2kb1r/pp2pppp/8/3p4/3P2q1/2N3P1/PPP4P/R1B1KBNR w KQkq - 0 9,d7g4
50,bushybrows433,EulerE,377,479,rn2kb1r/pp2pppp/8/3p4/3P2q1/2N3P1/PPP2K1P/R1B2BNR b kq - 1 9,e1f2
50,bushybrows433,EulerE,377,479,rn2kb1r/pp2pppp/8/3p4/3q4/2N3P1/PPP2K1P/R1B2BNR w kq - 0 10,g4d4
50,bushybrows433,EulerE,377,479,rn2kb1r/pp2pppp/8/3p4/3q4/2N3P1/PPP3KP/R1B2BNR b kq - 1 10,f2g2
50,bushybrows433,EulerE,377,479,r3kb1r/pp1npppp/8/3p4/3q4/2N3P1/PPP3KP/R1B2BNR w kq - 2 11,b8d7
50,bushybrows433,EulerE,377,479,r3kb1r/pp1npppp/8/3p2B1/3q4/2N3P1/PPP3KP/R4BNR b kq - 3 11,c1g5
50,bushybrows433,EulerE,377,479,r3kb1r/pp1np1pp/5p2/3p2B1/3q4/2N3P1/PPP3KP/R4BNR w kq - 0 12,f7f6
50,bushybrows433,EulerE,377,479,r3kb1r/pp1np1pp/5p2/3p4/3q4/2N3P1/PPP3KP/R1B2BNR b kq - 1 12,g5c1
50,bushybrows433,EulerE,377,479,2kr1b1r/pp1np1pp/5p2/3p4/3q4/2N3P1/PPP3KP/R1B2BNR w - - 2 13,e8c8
50,bushybrows433,EulerE,377,479,2kr1b1r/pp1np1pp/5p2/1B1p4/3q4/2N3P1/PPP3KP/R1B3NR b - - 3 13,f1b5
50,bushybrows433,EulerE,377,479,2kr1b1r/1p1np1pp/p4p2/1B1p4/3q4/2N3P1/PPP3KP/R1B3NR w - - 0 14,a7a6
50,bushybrows433,EulerE,377,479,2kr1b1r/1p1Bp1pp/p4p2/3p4/3q4/2N3P1/PPP3KP/R1B3NR b - - 0 14,b5d7
50,bushybrows433,EulerE,377,479,2k2b1r/1p1rp1pp/p4p2/3p4/3q4/2N3P1/PPP3KP/R1B3NR w - - 0 15,d8d7
50,bushybrows433,EulerE,377,479,2k2b1r/1p1rp1pp/p4p2/3p4/3q4/P1N3P1/1PP3KP/R1B3NR b - - 0 15,a2a3
50,bushybrows433,EulerE,377,479,2k2b1r/1p2p1pp/p2r1p2/3p4/3q4/P1N3P1/1PP3KP/R1B3NR w - - 1 16,d7d6
50,bushybrows433,EulerE,377,479,2k2b1r/1p2p1pp/p2r1p2/3p4/1P1q4/P1N3P1/2P3KP/R1B3NR b - - 0 16,b2b4
50,bushybrows433,EulerE,377,479,2k2b1r/1p2p2p/p2r1p2/3p2p1/1P1q4/P1N3P1/2P3KP/R1B3NR w - - 0 17,g7g5
50,bushybrows433,EulerE,377,479,2k2b1r/1p2p2p/p2r1p2/3p2p1/1P1q2P1/P1N5/2P3KP/R1B3NR b - - 0 17,g3g4
50,bushybrows433,EulerE,377,479,2k2b1r/1p2p2p/p2r1p2/3p2p1/1P4q1/P1N5/2P3KP/R1B3NR w - - 0 18,d4g4
50,bushybrows433,EulerE,377,479,2k2b1r/1p2p2p/p2r1p2/3p2p1/1P4q1/P1N5/2P4P/R1B2KNR b - - 1 18,g2f1
50,bushybrows433,EulerE,377,479,2k2b1r/1p2p2p/p3rp2/3p2p1/1P4q1/P1N5/2P4P/R1B2KNR w - - 2 19,d6e6
50,bushybrows433,EulerE,377,479,2k2b1r/1p2p2p/p3rp2/3N2p1/1P4q1/P7/2P4P/R1B2KNR b - - 0 19,c3d5
50,bushybrows433,EulerE,377,479,2k2b1r/1p2p2p/p3r3/3N1pp1/1P4q1/P7/2P4P/R1B2KNR w - - 0 20,f6f5
50,bushybrows433,EulerE,377,479,2k2b1r/1p2p2p/p3r3/3N1pp1/1P4q1/P7/R1P4P/2B2KNR b - - 1 20,a1a2
50,bushybrows433,EulerE,377,479,2k2b1r/1p2p2p/p3r3/3N2p1/1P3pq1/P7/R1P4P/2B2KNR w - - 0 21,f5f4
50,bushybrows433,EulerE,377,479,2k2b1r/1p2p2p/p3r3/3N2p1/1P3pq1/P7/1RP4P/2B2KNR b - - 1 21,a2b2
50,bushybrows433,EulerE,377,479,2k2b1r/1p2p2p/p3r3/3N2p1/1P4q1/P4p2/1RP4P/2B2KNR w - - 0 22,f4f3
50,bushybrows433,EulerE,377,479,2k2b1r/1p2p2p/p3r3/3N2p1/1P4q1/P1P2p2/1R5P/2B2KNR b - - 0 22,c2c3
50,bushybrows433,EulerE,377,479,2k2b1r/1p2p2p/p3r3/3N2p1/1P4q1/P1P5/1R3p1P/2B2KNR w - - 0 23,f3f2
50,bushybrows433,EulerE,377,479,2k2b1r/1p2p2p/p3r3/3N2p1/1P4q1/P1P5/5R1P/2B2KNR b - - 0 23,b2f2
50,bushybrows433,EulerE,377,479,2k4r/1p2p1bp/p3r3/3N2p1/1P4q1/P1P5/5R1P/2B2KNR w - - 1 24,f8g7
50,bushybrows433,EulerE,377,479,2k4r/1p2p1bp/p3r3/3N2p1/1PP3q1/P7/5R1P/2B2KNR b - - 0 24,c3c4
50,bushybrows433,EulerE,377,479,2k4r/1p2p1bp/p3r3/3N2p1/1Pq5/P7/5R1P/2B2KNR w - - 0 25,g4c4
50,bushybrows433,EulerE,377,479,2k4r/1p2p1bp/p3r3/3N2p1/1Pq5/P7/5RKP/2B3NR b - - 1 25,f1g2
50,bushybrows433,EulerE,377,479,2k4r/1p2p1bp/p3r3/3q2p1/1P6/P7/5RKP/2B3NR w - - 0 26,c4d5
50,bushybrows433,EulerE,377,479,2k4r/1p2p1bp/p3r3/3q2p1/1P6/P7/5R1P/2B2KNR b - - 1 26,g2f1
50,bushybrows433,EulerE,377,479,2k4r/1p2p1bp/p4r2/3q2p1/1P6/P7/5R1P/2B2KNR w - - 2 27,e6f6
50,bushybrows433,EulerE,377,479,2k4r/1p2p1bp/p4r2/3q2p1/1P6/P3B3/5R1P/5KNR b - - 3 27,c1e3
50,bushybrows433,EulerE,377,479,2k4r/1p2p1bp/p4r2/6p1/1P6/P3B3/5R1P/5KNq w - - 0 28,d5h1
50,bushybrows433,EulerE,377,479,2k4r/1p2p1bp/p4r2/6B1/1P6/P7/5R1P/5KNq b - - 0 28,e3g5
50,bushybrows433,EulerE,377,479,2k4r/1p2p1bp/p7/6B1/1P6/P7/5r1P/5KNq w - - 0 29,f6f2
50,bushybrows433,EulerE,377,479,2k4r/1p2p1bp/p7/6B1/1P6/P7/5r1P/4K1Nq b - - 1 29,f1e1
50,bushybrows433,EulerE,377,479,2k4r/1p2p1bp/p7/6B1/1P6/P7/5r1P/4K1q1 w - - 0 30,h1g1
