game_id,white,black,white_elo,black_elo,chess_fen,move_made
1,EulerE,jwadlow96,479,459,rnbqkbnr/pppppppp/8/8/4P3/8/PPPP1PPP/RNBQKBNR b KQkq - 0 1,e2e4
1,EulerE,jwadlow96,479,459,rnbqkbnr/pppp1ppp/8/4p3/4P3/8/PPPP1PPP/RNBQKBNR w KQkq - 0 2,e7e5
1,EulerE,jwadlow96,479,459,rnbqkbnr/pppp1ppp/8/4p3/4P3/3P4/PPP2PPP/RNBQKBNR b KQkq - 0 2,d2d3
1,EulerE,jwadlow96,479,459,rnbqkb1r/pppp1ppp/5n2/4p3/4P3/3P4/PPP2PPP/RNBQKBNR w KQkq - 1 3,g8f6
1,EulerE,jwadlow96,479,459,rnbqkb1r/pppp1ppp/5n2/4p3/4P3/3P1N2/PPP2PPP/RNBQKB1R b KQkq - 2 3,g1f3
1,EulerE,jwadlow96,479,459,rnbqkb1r/ppp2ppp/3p1n2/4p3/4P3/3P1N2/PPP2PPP/RNBQKB1R w KQkq - 0 4,d7d6
1,EulerE,jwadlow96,479,459,rnbqkb1r/ppp2ppp/3p1n2/4p1B1/4P3/3P1N2/PPP2PPP/RN1QKB1R b KQkq - 1 4,c1g5
1,EulerE,jwadlow96,479,459,rnbqk2r/ppp1bppp/3p1n2/4p1B1/4P3/3P1N2/PPP2PPP/RN1QKB1R w KQkq - 2 5,f8e7
1,EulerE,jwadlow96,479,459,rnbqk2r/ppp1bppp/3p1n2/4p1B1/4P2P/3P1N2/PPP2PP1/RN1QKB1R b KQkq - 0 5,h2h4
1,EulerE,jwadlow96,479,459,rnbqk2r/ppp1bpp1/3p1n1p/4p1B1/4P2P/3P1N2/PPP2PP1/RN1QKB1R w KQkq - 0 6,h7h6
1,EulerE,jwadlow96,479,459,rnbqk2r/ppp1bpp1/3p1n1p/4p3/4P2P/3PBN2/PPP2PP1/RN1QKB1R b KQkq - 1 6,g5e3
1,EulerE,jwadlow96,479,459,rnbqk2r/pp2bpp1/2pp1n1p/4p3/4P2P/3PBN2/PPP2PP1/RN1QKB1R w KQkq - 0 7,c7c6
1,EulerE,jwadlow96,479,459,rnbqk2r/pp2bpp1/2pp1n1p/4p3/4P2P/2NPBN2/PPP2PP1/R2QKB1R b KQkq - 1 7,b1c3
1,EulerE,jwadlow96,479,459,r1bqk2r/pp2bpp1/n1pp1n1p/4p3/4P2P/2NPBN2/PPP2PP1/R2QKB1R w KQkq - 2 8,b8a6
1,EulerE,jwadlow96,479,459,r1bqk2r/pp2bpp1/n1pp1n1p/4p3/3PP2P/2N1BN2/PPP2PP1/R2QKB1R b KQkq - 0 8,d3d4
1,EulerE,jwadlow96,479,459,r2qk2r/pp2bpp1/n1pp1n1p/4p3/3PP1bP/2N1BN2/PPP2PP1/R2QKB1R w KQkq - 1 9,c8g4
1,EulerE,jwadlow96,479,459,r2qk2r/pp2bpp1/B1pp1n1p/4p3/3PP1bP/2N1BN2/PPP2PP1/R2QK2R b KQkq - 0 9,f1a6
1,EulerE,jwadlow96,479,459,r2qk2r/p3bpp1/p1pp1n1p/4p3/3PP1bP/2N1BN2/PPP2PP1/R2QK2R w KQkq - 0 10,b7a6
1,EulerE,jwadlow96,479,459,r2qk2r/p3bpp1/p1pp1n1p/3Np3/3PP1bP/4BN2/PPP2PP1/R2QK2R b KQkq - 1 10,c3d5
1,EulerE,jwadlow96,479,459,r2qk2r/p3bpp1/p2p1n1p/3pp3/3PP1bP/4BN2/PPP2PP1/R2QK2R w KQkq - 0 11,c6d5
1,EulerE,jwadlow96,479,459,r2qk2r/p3bpp1/p2p1n1p/3Pp3/3P2bP/4BN2/PPP2PP1/R2QK2R b KQkq - 0 11,e4d5
1,EulerE,jwadlow96,479,459,r2qk2r/p3bpp1/p2p3p/3np3/3P2bP/4BN2/PPP2PP1/R2QK2R w KQkq - 0 12,f6d5
1,EulerE,jwadlow96,479,459,r2qk2r/p3bpp1/p2p3p/3np1B1/3P2bP/5N2/PPP2PP1/R2QK2R b KQkq - 1 12,e3g5
1,EulerE,jwadlow96,479,459,r2qk2r/p3bpp1/p2p4/3np1p1/3P2bP/5N2/PPP2PP1/R2QK2R w KQkq - 0 13,h6g5
1,EulerE,jwadlow96,479,459,r2qk2r/p3bpp1/p2p4/3np1P1/3P2b1/5N2/PPP2PP1/R2QK2R b KQkq - 0 13,h4g5
1,EulerE,jwadlow96,479,459,1r1qk2r/p3bpp1/p2p4/3np1P1/3P2b1/5N2/PPP2PP1/R2QK2R w KQk - 1 14,a8b8
1,EulerE,jwadlow96,479,459,1r1qk2r/p3bpp1/p2p4/3np1P1/3P2b1/5N2/PPP2PP1/RQ2K2R b KQk - 2 14,d1b1
1,EulerE,jwadlow96,479,459,1r1qk3/p3bpp1/p2p3r/3np1P1/3P2b1/5N2/PPP2PP1/RQ2K2R w KQ - 3 15,h8h6
1,EulerE,jwadlow96,479,459,1r1qk3/p3bpp1/p2p3P/3np3/3P2b1/5N2/PPP2PP1/RQ2K2R b KQ - 0 15,g5h6
1,EulerE,jwadlow96,479,459,1r1qk3/p3bp2/p2p3p/3np3/3P2b1/5N2/PPP2PP1/RQ2K2R w KQ - 0 16,g7h6
1,EulerE,jwadlow96,479,459,1r1qk3/p3bp2/p2p3p/3nP3/6b1/5N2/PPP2PP1/RQ2K2R b KQ - 0 16,d4e5
1,EulerE,jwadlow96,479,459,1r1qk3/p3bp2/p6p/3np3/6b1/5N2/PPP2PP1/RQ2K2R w KQ - 0 17,d6e5
1,EulerE,jwadlow96,479,459,1r1qk3/p3bp2/p6p/3nN3/6b1/8/PPP2PP1/RQ2K2R b KQ - 0 17,f3e5
1,EulerE,jwadlow96,479,459,1r1qk3/p4p2/p4b1p/3nN3/6b1/8/PPP2PP1/RQ2K2R w KQ - 1 18,e7f6
1,EulerE,jwadlow96,479,459,1r1qk3/p4p2/p4b1p/3n4/6N1/8/PPP2PP1/RQ2K2R b KQ - 0 18,e5g4
1,EulerE,jwadlow96,479,459,1r1qk3/p3bp2/p6p/3n4/6N1/8/PPP2PP1/RQ2K2R w KQ - 1 19,f6e7
1,EulerE,jwadlow96,479,459,1r1qk3/p3bp2/p6p/3n4/2P3N1/8/PP3PP1/RQ2K2R b KQ - 0 19,c2c4
1,EulerE,jwadlow96,479,459,1r1qk3/p3bp2/p6p/8/2P2nN1/8/PP3PP1/RQ2K2R w KQ - 1 20,d5f4
1,EulerE,jwadlow96,479,459,1r1qk3/p3bp2/p6p/8/2P2nN1/8/PP3PP1/R2QK2R b KQ - 2 20,b1d1
1,EulerE,jwadlow96,479,459,1r1qk3/p3bp2/p6p/8/2P3N1/8/PP3Pn1/R2QK2R w KQ - 0 21,f4g2
1,EulerE,jwadlow96,479,459,1r1qk3/p3bp2/p6p/8/2P3N1/8/PP2KPn1/R2Q3R b - - 1 21,e1e2
1,EulerE,jwadlow96,479,459,1r1qk3/p4p2/p2b3p/8/2P3N1/8/PP2KPn1/R2Q3R w - - 2 22,e7d6
1,EulerE,jwadlow96,479,459,1r1qk3/p4p2/p2b3p/8/2P3N1/8/PP2KPn1/R2Q2R1 b - - 3 22,h1g1
1,EulerE,jwadlow96,479,459,1r1qk3/p4p2/p2b3p/8/2P2nN1/8/PP2KP2/R2Q2R1 w - - 4 23,g2f4
1,EulerE,jwadlow96,479,459,1r1qk3/p4p2/p2b3p/8/2P2nN1/5K2/PP3P2/R2Q2R1 b - - 5 23,e2f3
1,EulerE,jwadlow96,479,459,2rqk3/p4p2/p2b3p/8/2P2nN1/5K2/PP3P2/R2Q2R1 w - - 6 24,b8c8
1,EulerE,jwadlow96,479,459,2rqk3/p4p2/p2b3p/8/2P2nN1/5K2/PP3P2/R1Q3R1 b - - 7 24,d1c1
1,EulerE,jwadlow96,479,459,2rqk3/p4p2/p2b4/7p/2P2nN1/5K2/PP3P2/R1Q3R1 w - - 0 25,h6h5
1,EulerE,jwadlow96,479,459,2rqk3/p4p2/p2b4/7p/2P2QN1/5K2/PP3P2/R5R1 b - - 0 25,c1f4
1,EulerE,jwadlow96,479,459,2rqk3/p4p2/p7/7p/2P2bN1/5K2/PP3P2/R5R1 w - - 0 26,d6f4
1,EulerE,jwadlow96,479,459,2rqk3/p4p2/p7/7p/2P2KN1/8/PP3P2/R5R1 b - - 0 26,f3f4
1,EulerE,jwadlow96,479,459,2rqk3/p4p2/p7/8/2P2Kp1/8/PP3P2/R5R1 w - - 0 27,h5g4
1,EulerE,jwadlow96,479,459,2rqk3/p4p2/p7/8/2P3K1/8/PP3P2/R5R1 b - - 0 27,f4g4
1,EulerE,jwadlow96,479,459,3qk3/p4p2/p7/8/2r3K1/8/PP3P2/R5R1 w - - 0 28,c8c4
1,EulerE,jwadlow96,479,459,3qk3/p4p2/p7/8/2r5/5K2/PP3P2/R5R1 b - - 1 28,g4f3
1,EulerE,jwadlow96,479,459,4k3/p4p2/p7/3q4/2r5/5K2/PP3P2/R5R1 w - - 2 29,d8d5
1,EulerE,jwadlow96,479,459,4k3/p4p2/p7/3q4/2r5/8/PP2KP2/R5R1 b - - 3 29,f3e2
1,EulerE,jwadlow96,479,459,4k3/p4p2/p7/4q3/2r5/8/PP2KP2/R5R1 w - - 4 30,d5e5
1,EulerE,jwadlow96,479,459,4k3/p4p2/p7/4q3/2r5/8/PP1K1P2/R5R1 b - - 5 30,e2d2
1,EulerE,jwadlow96,479,459,4k3/p4p2/p7/8/2r2q2/8/PP1K1P2/R5R1 w - - 6 31,e5f4
1,EulerE,jwadlow96,479,459,4k3/p4p2/p7/8/2r2q2/3K4/PP3P2/R5R1 b - - 7 31,d2d3
1,EulerE,jwadlow96,479,459,4k3/p4p2/p7/8/3r1q2/3K4/PP3P2/R5R1 w - - 8 32,c4d4
1,EulerE,jwadlow96,479,459,4k3/p4p2/p7/8/3r1q2/2K5/PP3P2/R5R1 b - - 9 32,d3c3
1,EulerE,jwadlow96,479,459,4k3/p7/p4p2/8/3r1q2/2K5/PP3P2/R5R1 w - - 0 33,f7f6
1,EulerE,jwadlow96,479,459,4k3/p7/p4p2/8/3r1q2/2K5/PP3P2/R2R4 b - - 1 33,g1d1
1,EulerE,jwadlow96,479,459,4k3/p7/p4p2/8/2r2q2/2K5/PP3P2/R2R4 w - - 2 34,d4c4
1,EulerE,jwadlow96,479,459,4k3/p7/p4p2/8/2r2q2/3K4/PP3P2/R2R4 b - - 3 34,c3d3
1,EulerE,jwadlow96,479,459,8/p3k3/p4p2/8/2r2q2/3K4/PP3P2/R2R4 w - - 4 35,e8e7
1,EulerE,jwadlow96,479,459,8/p3k3/p4p2/8/2r2q2/3K4/PP3P2/R1R5 b - - 5 35,d1c1
1,EulerE,jwadlow96,479,459,8/p3k3/p4p2/8/3r1q2/3K4/PP3P2/R1R5 w - - 6 36,c4d4
1,EulerE,jwadlow96,479,459,8/p3k3/p4p2/8/3r1q2/8/PPK2P2/R1R5 b - - 7 36,d3c2
1,EulerE,jwadlow96,479,459,8/p7/p3kp2/8/3r1q2/8/PPK2P2/R1R5 w - - 8 37,e7e6
1,EulerE,jwadlow96,479,459,8/p7/p3kp2/8/3r1q2/2K5/PP3P2/R1R5 b - - 9 37,c2c3
1,EulerE,jwadlow96,479,459,8/p7/p4p2/4k3/3r1q2/2K5/PP3P2/R1R5 w - - 10 38,e6e5
1,EulerE,jwadlow96,479,459,8/p7/p4p2/4k3/3r1q2/2K5/PP3P2/R2R4 b - - 11 38,c1d1
1,EulerE,jwadlow96,479,459,8/p7/p4p2/4k3/2r2q2/2K5/PP3P2/R2R4 w - - 12 39,d4c4
1,EulerE,jwadlow96,479,459,8/p7/p4p2/4k3/2r2q2/1K6/PP3P2/R2R4 b - - 13 39,c3b3
1,EulerE,jwadlow96,479,459,8/p7/5p2/p3k3/2r2q2/1K6/PP3P2/R2R4 w - - 0 40,a6a5
1,EulerE,jwadlow96,479,459,8/p7/5p2/p3k3/2r2q2/1K6/PP3P2/R3R3 b - - 1 40,d1e1
1,EulerE,jwadlow96,479,459,8/p7/5p2/p7/2rk1q2/1K6/PP3P2/R3R3 w - - 2 41,e5d4
1,EulerE,jwadlow96,479,459,8/p7/5p2/p7/2rk1q2/1K6/PP3P2/3RR3 b - - 3 41,a1d1
1,EulerE,jwadlow96,479,459,8/p7/5p2/p1k5/2r2q2/1K6/PP3P2/3RR3 w - - 4 42,d4c5
1,EulerE,jwadlow96,479,459,8/p7/5p2/p1k5/2r2q2/1K6/PP3P2/2R1R3 b - - 5 42,d1c1
1,EulerE,jwadlow96,479,459,8/p7/5p2/2k5/p1r2q2/1K6/PP3P2/2R1R3 w - - 0 43,a5a4
1,EulerE,jwadlow96,479,459,8/p7/5p2/2k5/p1r2q2/K7/PP3P2/2R1R3 b - - 1 43,b3a3
1,EulerE,jwadlow96,479,459,8/p7/5p2/1k6/p1r2q2/K7/PP3P2/2R1R3 w - - 2 44,c5b5
1,EulerE,jwadlow96,479,459,8/p7/5p2/1k6/p1r2q2/KP6/P4P2/2R1R3 b - - 0 44,b2b3
1,EulerE,jwadlow96,479,459,8/p7/5p2/1k6/2r2q2/Kp6/P4P2/2R1R3 w - - 0 45,a4b3
1,EulerE,jwadlow96,479,459,8/p7/5p2/1k6/2R2q2/Kp6/P4P2/4R3 b - - 0 45,c1c4
1,EulerE,jwadlow96,479,459,8/p7/5p2/8/2k2q2/Kp6/P4P2/4R3 w - - 0 46,b5c4
1,EulerE,jwadlow96,479,459,8/p7/5p2/8/2k2q2/KP6/5P2/4R3 b - - 0 46,a2b3
1,EulerE,jwadlow96,479,459,8/p7/5p2/8/5q2/KP1k4/5P2/4R3 w - - 1 47,c4d3
1,EulerE,jwadlow96,479,459,8/p7/5p2/8/5q2/KP1k4/5P2/3R4 b - - 2 47,e1d1
1,EulerE,jwadlow96,479,459,8/p7/5p2/8/5q2/KP6/4kP2/3R4 w - - 3 48,d3e2
1,EulerE,jwadlow96,479,459,8/p7/5p2/8/5q2/KP6/4kP2/1R6 b - - 4 48,d1b1
1,EulerE,jwadlow96,479,459,8/p7/5p2/8/5q2/KP6/5k2/1R6 w - - 0 49,e2f2
1,EulerE,jwadlow96,479,459,8/p7/5p2/8/1P3q2/K7/5k2/1R6 b - - 0 49,b3b4
1,EulerE,jwadlow96,479,459,8/p7/5p2/8/1P3q2/K7/4k3/1R6 w - - 1 50,f2e2
1,EulerE,jwadlow96,479,459,8/p7/5p2/8/KP3q2/8/4k3/1R6 b - - 2 50,a3a4
1,EulerE,jwadlow96,479,459,8/8/p4p2/8/KP3q2/8/4k3/1R6 w - - 0 51,a7a6
1,EulerE,jwadlow96,479,459,8/8/p4p2/K7/1P3q2/8/4k3/1R6 b - - 1 51,a4a5
1,EulerE,jwadlow96,479,459,8/2q5/p4p2/K7/1P6/8/4k3/1R6 w - - 2 52,f4c7
1,EulerE,jwadlow96,479,459,8/2q5/K4p2/8/1P6/8/4k3/1R6 b - - 0 52,a5a6
1,EulerE,jwadlow96,479,459,8/2q5/K7/5p2/1P6/8/4k3/1R6 w - - 0 53,f6f5
1,EulerE,jwadlow96,479,459,8/2q5/8/1K3p2/1P6/8/4k3/1R6 b - - 1 53,a6b5
1,EulerE,jwadlow96,479,459,8/2q5/8/1K6/1P3p2/8/4k3/1R6 w - - 0 54,f5f4
1,EulerE,jwadlow96,479,459,8/2q5/8/1K6/1P3p2/1R6/4k3/8 b - - 1 54,b1b3
1,EulerE,jwadlow96,479,459,8/3q4/8/1K6/1P3p2/1R6/4k3/8 w - - 2 55,c7d7
1,EulerE,jwadlow96,479,459,8/3q4/8/2K5/1P3p2/1R6/4k3/8 b - - 3 55,b5c5
1,EulerE,jwadlow96,479,459,8/8/4q3/2K5/1P3p2/1R6/4k3/8 w - - 4 56,d7e6
1,EulerE,jwadlow96,479,459,8/8/4q3/2K5/1P3p2/2R5/4k3/8 b - - 5 56,b3c3
1,EulerE,jwadlow96,479,459,8/8/5q2/2K5/1P3p2/2R5/4k3/8 w - - 6 57,e6f6
1,EulerE,jwadlow96,479,459,8/8/5q2/2K5/1PR2p2/8/4k3/8 b - - 7 57,c3c4
1,EulerE,jwadlow96,479,459,8/8/5q2/2K5/1PR5/5p2/4k3/8 w - - 0 58,f4f3
1,EulerE,jwadlow96,479,459,8/8/5q2/1PK5/2R5/5p2/4k3/8 b - - 0 58,b4b5
1,EulerE,jwadlow96,479,459,8/8/5q2/1PK5/2R5/8/4kp2/8 w - - 0 59,f3f2
1,EulerE,jwadlow96,479,459,8/8/5q2/1PK5/8/8/4kp2/2R5 b - - 1 59,c4c1
1,EulerE,jwadlow96,479,459,8/8/8/1PK2q2/8/8/4kp2/2R5 w - - 2 60,f6f5
1,EulerE,jwadlow96,479,459,8/8/2K5/1P3q2/8/8/4kp2/2R5 b - - 3 60,c5c6
1,EulerE,jwadlow96,479,459,8/8/2K5/1P3q2/8/8/4k3/2R2q2 w - - 0 61,f2f1q
1,EulerE,jwadlow96,479,459,8/8/2K5/1P3q2/8/8/4k3/5R2 b - - 0 61,c1f1
1,EulerE,jwadlow96,479,459,8/8/2K5/1P3q2/8/8/8/5k2 w - - 0 62,e2f1
1,EulerE,jwadlow96,479,459,8/8/1PK5/5q2/8/8/8/5k2 b - - 0 62,b5b6
1,EulerE,jwadlow96,479,459,8/8/1PK2q2/8/8/8/8/5k2 w - - 1 63,f5f6
1,EulerE,jwadlow96,479,459,8/2K5/1P3q2/8/8/8/8/5k2 b - - 2 63,c6c7
1,EulerE,jwadlow96,479,459,8/2K2q2/1P6/8/8/8/8/5k2 w - - 3 64,f6f7
1,EulerE,jwadlow96,479,459,8/5q2/1PK5/8/8/8/8/5k2 b - - 4 64,c7c6
1,EulerE,jwadlow96,479,459,4q3/8/1PK5/8/8/8/8/5k2 w - - 5 65,f7e8
1,EulerE,jwadlow96,479,459,4q3/2K5/1P6/8/8/8/8/5k2 b - - 6 65,c6c7
1,EulerE,jwadlow96,479,459,8/2K1q3/1P6/8/8/8/8/5k2 w - - 7 66,e8e7
1,EulerE,jwadlow96,479,459,8/4q3/1PK5/8/8/8/8/5k2 b - - 8 66,c7c6
1,EulerE,jwadlow96,479,459,8/4q3/1PK5/8/8/8/4k3/8 w - - 9 67,f1e2
1,EulerE,jwadlow96,479,459,8/1P2q3/2K5/8/8/8/4k3/8 b - - 0 67,b6b7
1,EulerE,jwadlow96,479,459,4q3/1P6/2K5/8/8/8/4k3/8 w - - 1 68,e7e8
1,EulerE,jwadlow96,479,459,4q3/1PK5/8/8/8/8/4k3/8 b - - 2 68,c6c7
1,EulerE,jwadlow96,479,459,4q3/1PK5/8/8/8/3k4/8/8 w - - 3 69,e2d3
1,EulerE,jwadlow96,479,459,1Q2q3/2K5/8/8/8/3k4/8/8 b - - 0 69,b7b8q
1,EulerE,jwadlow96,479,459,1q6/2K5/8/8/8/3k4/8/8 w - - 0 70,e8b8
1,EulerE,jwadlow96,479,459,1K6/8/8/8/8/3k4/8/8 b - - 0 70,c7b8
2,EulerE,abuchaim,479,471,rnbqkbnr/pppppppp/8/8/8/5P2/PPPPP1PP/RNBQKBNR b KQkq - 0 1,f2f3
2,EulerE,abuchaim,479,471,rnbqkbnr/pppp1ppp/4p3/8/8/5P2/PPPPP1PP/RNBQKBNR w KQkq - 0 2,e7e6
2,EulerE,abuchaim,479,471,rnbqkbnr/pppp1ppp/4p3/8/4P3/5P2/PPPP2PP/RNBQKBNR b KQkq - 0 2,e2e4
2,EulerE,abuchaim,479,471,rnbqkb1r/pppp1ppp/4pn2/8/4P3/5P2/PPPP2PP/RNBQKBNR w KQkq - 1 3,g8f6
2,EulerE,abuchaim,479,471,rnbqkb1r/pppp1ppp/4pn2/8/4P3/3P1P2/PPP3PP/RNBQKBNR b KQkq - 0 3,d2d3
2,EulerE,abuchaim,479,471,rnbqkb1r/ppp2ppp/4pn2/3p4/4P3/3P1P2/PPP3PP/RNBQKBNR w KQkq - 0 4,d7d5
2,EulerE,abuchaim,479,471,rnbqkb1r/ppp2ppp/4pn2/3p4/4PP2/3P4/PPP3PP/RNBQKBNR b KQkq - 0 4,f3f4
2,EulerE,abuchaim,479,471,rnbqk2r/ppp2ppp/4pn2/2bp4/4PP2/3P4/PPP3PP/RNBQKBNR w KQkq - 1 5,f8c5
2,EulerE,abuchaim,479,471,rnbqk2r/ppp2ppp/4pn2/2bp4/3PPP2/8/PPP3PP/RNBQKBNR b KQkq - 0 5,d3d4
2,EulerE,abuchaim,479,471,rnbqk2r/ppp2ppp/1b2pn2/3p4/3PPP2/8/PPP3PP/RNBQKBNR w KQkq - 1 6,c5b6
2,EulerE,abuchaim,479,471,rnbqk2r/ppp2ppp/1b2pn2/1B1p4/3PPP2/8/PPP3PP/RNBQK1NR b KQkq - 2 6,f1b5
2,EulerE,abuchaim,479,471,rn1qk2r/pppb1ppp/1b2pn2/1B1p4/3PPP2/8/PPP3PP/RNBQK1NR w KQkq - 3 7,c8d7
2,EulerE,abuchaim,479,471,rn1qk2r/pppb1ppp/1b2pn2/1B1pP3/3P1P2/8/PPP3PP/RNBQK1NR b KQkq - 0 7,e4e5
2,EulerE,abuchaim,479,471,rn1qk2r/pppb1ppp/1b2p3/1B1pP3/3PnP2/8/PPP3PP/RNBQK1NR w KQkq - 1 8,f6e4
2,EulerE,abuchaim,479,471,rn1qk2r/pppB1ppp/1b2p3/3pP3/3PnP2/8/PPP3PP/RNBQK1NR b KQkq - 0 8,b5d7
2,EulerE,abuchaim,479,471,r2qk2r/pppn1ppp/1b2p3/3pP3/3PnP2/8/PPP3PP/RNBQK1NR w KQkq - 0 9,b8d7
2,EulerE,abuchaim,479,471,r2qk2r/pppn1ppp/1b2p3/3pP3/3PnP2/8/PPP1Q1PP/RNB1K1NR b KQkq - 1 9,d1e2
2,EulerE,abuchaim,479,471,r2qk2r/pppn2pp/1b2pp2/3pP3/3PnP2/8/PPP1Q1PP/RNB1K1NR w KQkq - 0 10,f7f6
2,EulerE,abuchaim,479,471,r2qk2r/pppn2pp/1b2pp2/3pP3/3PnP2/2N5/PPP1Q1PP/R1B1K1NR b KQkq - 1 10,b1c3
2,EulerE,abuchaim,479,471,r2qk2r/pppn2pp/1b2p3/3pp3/3PnP2/2N5/PPP1Q1PP/R1B1K1NR w KQkq - 0 11,f6e5
2,EulerE,abuchaim,479,471,r2qk2r/pppn2pp/1b2p3/3pP3/3Pn3/2N5/PPP1Q1PP/R1B1K1NR b KQkq - 0 11,f4e5
2,EulerE,abuchaim,479,471,r2qk2r/pp1n2pp/1b2p3/2ppP3/3Pn3/2N5/PPP1Q1PP/R1B1K1NR w KQkq - 0 12,c7c5
2,EulerE,abuchaim,479,471,r2qk2r/pp1n2pp/1b2p3/2ppP3/3PN3/8/PPP1Q1PP/R1B1K1NR b KQkq - 0 12,c3e4
2,EulerE,abuchaim,479,471,r2qk2r/pp1n2pp/1b2p3/2p1P3/3Pp3/8/PPP1Q1PP/R1B1K1NR w KQkq - 0 13,d5e4
2,EulerE,abuchaim,479,471,r2qk2r/pp1n2pp/1b2p3/2p1P3/3PQ3/8/PPP3PP/R1B1K1NR b KQkq - 0 13,e2e4
2,EulerE,abuchaim,479,471,r2qk2r/pp1n2pp/1b2p3/4P3/3pQ3/8/PPP3PP/R1B1K1NR w KQkq - 0 14,c5d4
2,EulerE,abuchaim,479,471,r2qk2r/pp1n2pp/1b2p3/4P3/3pQ3/8/PPP1N1PP/R1B1K2R b KQkq - 1 14,g1e2
2,EulerE,abuchaim,479,471,r2q1rk1/pp1n2pp/1b2p3/4P3/3pQ3/8/PPP1N1PP/R1B1K2R w KQ - 2 15,e8g8
2,EulerE,abuchaim,479,471,r2q1rk1/pp1n2pp/1b2p3/4P3/3NQ3/8/PPP3PP/R1B1K2R b KQ - 0 15,e2d4
2,EulerE,abuchaim,479,471,r3qrk1/pp1n2pp/1b2p3/4P3/3NQ3/8/PPP3PP/R1B1K2R w KQ - 1 16,d8e8
2,EulerE,abuchaim,479,471,r3qrk1/pQ1n2pp/1b2p3/4P3/3N4/8/PPP3PP/R1B1K2R b KQ - 0 16,e4b7
2,EulerE,abuchaim,479,471,1r2qrk1/pQ1n2pp/1b2p3/4P3/3N4/8/PPP3PP/R1B1K2R w KQ - 1 17,a8b8
2,EulerE,abuchaim,479,471,1r2qrk1/p2n2pp/1b2p3/4P3/3NQ3/8/PPP3PP/R1B1K2R b KQ - 2 17,b7e4
2,EulerE,abuchaim,479,471,1r3rk1/p2n2pp/1b2p1q1/4P3/3NQ3/8/PPP3PP/R1B1K2R w KQ - 3 18,e8g6
2,EulerE,abuchaim,479,471,1r3rk1/p2n2pp/1b2p1Q1/4P3/3N4/8/PPP3PP/R1B1K2R b KQ - 0 18,e4g6
2,EulerE,abuchaim,479,471,1r3rk1/p2n2p1/1b2p1p1/4P3/3N4/8/PPP3PP/R1B1K2R w KQ - 0 19,h7g6
2,EulerE,abuchaim,479,471,1r3rk1/p2n2p1/1b2p1p1/4P3/3N1B2/8/PPP3PP/R3K2R b KQ - 1 19,c1f4
2,EulerE,abuchaim,479,471,1r3rk1/p2n2p1/4p1p1/4P3/3b1B2/8/PPP3PP/R3K2R w KQ - 0 20,b6d4
2,EulerE,abuchaim,479,471,1r3rk1/p2n2p1/4p1p1/4P3/3b1B2/8/PPP3PP/3RK2R b K - 1 20,a1d1
2,EulerE,abuchaim,479,471,1r4k1/p2n2p1/4p1p1/4P3/3b1r2/8/PPP3PP/3RK2R w K - 0 21,f8f4
2,EulerE,abuchaim,479,471,1r4k1/p2n2p1/4p1p1/4P3/3b1r2/2P5/PP4PP/3RK2R b K - 0 21,c2c3
2,EulerE,abuchaim,479,471,1r4k1/p2n2p1/4p1p1/4b3/5r2/2P5/PP4PP/3RK2R w K - 0 22,d4e5
2,EulerE,abuchaim,479,471,1r4k1/p2R2p1/4p1p1/4b3/5r2/2P5/PP4PP/4K2R b K - 0 22,d1d7
2,EulerE,abuchaim,479,471,1r4k1/p2R2p1/4p1p1/4b3/4r3/2P5/PP4PP/4K2R w K - 1 23,f4e4
2,EulerE,abuchaim,479,471,1r4k1/p2R2p1/4p1p1/4b3/4r3/2P5/PP3KPP/7R b - - 2 23,e1f2
2,EulerE,abuchaim,479,471,1r4k1/p2R2p1/4pbp1/8/4r3/2P5/PP3KPP/7R w - - 3 24,e5f6
2,EulerE,abuchaim,479,471,1r4k1/p2R2p1/4pbp1/8/4r3/2P5/PP3KPP/4R3 b - - 4 24,h1e1
2,EulerE,abuchaim,479,471,1r4k1/p2R2p1/4pbp1/8/8/2P5/PP3KPP/4r3 w - - 0 25,e4e1
2,EulerE,abuchaim,479,471,1r4k1/p2R2p1/4pbp1/8/8/2P5/PP4PP/4K3 b - - 0 25,f2e1
2,EulerE,abuchaim,479,471,6k1/p2R2p1/4pbp1/8/8/2P5/Pr4PP/4K3 w - - 0 26,b8b2
2,EulerE,abuchaim,479,471,6k1/p5p1/3Rpbp1/8/8/2P5/Pr4PP/4K3 b - - 1 26,d7d6
2,EulerE,abuchaim,479,471,6k1/p3b1p1/3Rp1p1/8/8/2P5/Pr4PP/4K3 w - - 2 27,f6e7
2,EulerE,abuchaim,479,471,6k1/p3b1p1/4R1p1/8/8/2P5/Pr4PP/4K3 b - - 0 27,d6e6
2,EulerE,abuchaim,479,471,6k1/p3b1p1/4R1p1/8/8/2P5/P5PP/1r2K3 w - - 1 28,b2b1
2,EulerE,abuchaim,479,471,6k1/p3b1p1/4R1p1/8/8/2P5/P2K2PP/1r6 b - - 2 28,e1d2
2,EulerE,abuchaim,479,471,6k1/p3b1p1/4R1p1/8/8/2P5/Pr1K2PP/8 w - - 3 29,b1b2
2,EulerE,abuchaim,479,471,6k1/p3b1p1/4R1p1/8/8/2P5/Pr4PP/2K5 b - - 4 29,d2c1
2,EulerE,abuchaim,479,471,6k1/p3b1p1/4R1p1/8/8/2P5/r5PP/2K5 w - - 0 30,b2a2
2,EulerE,abuchaim,479,471,6k1/p3R1p1/6p1/8/8/2P5/r5PP/2K5 b - - 0 30,e6e7
2,EulerE,abuchaim,479,471,5k2/p3R1p1/6p1/8/8/2P5/r5PP/2K5 w - - 1 31,g8f8
2,EulerE,abuchaim,479,471,5k2/p5p1/4R1p1/8/8/2P5/r5PP/2K5 b - - 2 31,e7e6
2,EulerE,abuchaim,479,471,8/p4kp1/4R1p1/8/8/2P5/r5PP/2K5 w - - 3 32,f8f7
2,EulerE,abuchaim,479,471,8/p4kp1/6p1/4R3/8/2P5/r5PP/2K5 b - - 4 32,e6e5
2,EulerE,abuchaim,479,471,8/p5p1/5kp1/4R3/8/2P5/r5PP/2K5 w - - 5 33,f7f6
2,EulerE,abuchaim,479,471,8/p5p1/5kp1/8/4R3/2P5/r5PP/2K5 b - - 6 33,e5e4
2,EulerE,abuchaim,479,471,8/p5p1/5kp1/8/4R3/2P5/6rP/2K5 w - - 0 34,a2g2
2,EulerE,abuchaim,479,471,8/p5p1/5kp1/8/2P1R3/8/6rP/2K5 b - - 0 34,c3c4
2,EulerE,abuchaim,479,471,8/p5p1/5kp1/8/2P1R3/8/7r/2K5 w - - 0 35,g2h2
2,EulerE,abuchaim,479,471,8/p5p1/5kp1/2P5/4R3/8/7r/2K5 b - - 0 35,c4c5
2,EulerE,abuchaim,479,471,7r/p5p1/5kp1/2P5/4R3/8/8/2K5 w - - 1 36,h2h8
2,EulerE,abuchaim,479,471,7r/p5p1/2P2kp1/8/4R3/8/8/2K5 b - - 0 36,c5c6
2,EulerE,abuchaim,479,471,2r5/p5p1/2P2kp1/8/4R3/8/8/2K5 w - - 1 37,h8c8
2,EulerE,abuchaim,479,471,2r5/p5p1/2P2kp1/8/2R5/8/8/2K5 b - - 2 37,e4c4
2,EulerE,abuchaim,479,471,2r5/6p1/2P2kp1/p7/2R5/8/8/2K5 w - - 0 38,a7a5
2,EulerE,abuchaim,479,471,2r5/2P3p1/5kp1/p7/2R5/8/8/2K5 b - - 0 38,c6c7
2,EulerE,abuchaim,479,471,2r5/2P3p1/5kp1/8/p1R5/8/8/2K5 w - - 0 39,a5a4
2,EulerE,abuchaim,479,471,2r5/2P3p1/5kp1/8/p1R5/8/1K6/8 b - - 1 39,c1b2
2,EulerE,abuchaim,479,471,2r5/2P3p1/5k2/6p1/p1R5/8/1K6/8 w - - 0 40,g6g5
2,EulerE,abuchaim,479,471,2r5/2P3p1/5k2/6p1/p1R5/K7/8/8 b - - 1 40,b2a3
2,EulerE,abuchaim,479,471,2r5/2P3p1/5k2/8/p1R3p1/K7/8/8 w - - 0 41,g5g4
2,EulerE,abuchaim,479,471,2r5/2P3p1/5k2/8/p5R1/K7/8/8 b - - 0 41,c4g4
2,EulerE,abuchaim,479,471,8/2r3p1/5k2/8/p5R1/K7/8/8 w - - 0 42,c8c7
2,EulerE,abuchaim,479,471,8/2r3p1/5k2/8/R7/K7/8/8 b - - 0 42,g4a4
2,EulerE,abuchaim,479,471,8/4r1p1/5k2/8/R7/K7/8/8 w - - 1 43,c7e7
2,EulerE,abuchaim,479,471,8/4r1p1/5k2/8/R7/8/K7/8 b - - 2 43,a3a2
2,EulerE,abuchaim,479,471,8/4r3/5kp1/8/R7/8/K7/8 w - - 0 44,g7g6
2,EulerE,abuchaim,479,471,8/4r3/5kp1/8/R7/K7/8/8 b - - 1 44,a2a3
2,EulerE,abuchaim,479,471,8/4r3/5k2/6p1/R7/K7/8/8 w - - 0 45,g6g5
2,EulerE,abuchaim,479,471,8/4r3/5k2/6p1/R7/8/K7/8 b - - 1 45,a3a2
2,EulerE,abuchaim,479,471,8/4r3/8/5kp1/R7/8/K7/8 w - - 2 46,f6f5
2,EulerE,abuchaim,479,471,8/4r3/8/5kp1/R7/K7/8/8 b - - 3 46,a2a3
2,EulerE,abuchaim,479,471,8/8/8/4rkp1/R7/K7/8/8 w - - 4 47,e7e5
2,EulerE,abuchaim,479,471,8/8/8/4rkp1/R7/8/K7/8 b - - 5 47,a3a2
2,EulerE,abuchaim,479,471,8/8/8/4rk2/R5p1/8/K7/8 w - - 0 48,g5g4
2,EulerE,abuchaim,479,471,8/8/8/4rk2/6p1/R7/K7/8 b - - 1 48,a4a3
2,EulerE,abuchaim,479,471,8/8/8/4r3/5kp1/R7/K7/8 w - - 2 49,f5f4
2,EulerE,abuchaim,479,471,8/8/8/4r3/5kp1/RK6/8/8 b - - 3 49,a2b3
2,EulerE,abuchaim,479,471,8/8/8/8/4rkp1/RK6/8/8 w - - 4 50,e5e4
2,EulerE,abuchaim,479,471,8/8/8/8/4rkp1/R1K5/8/8 b - - 5 50,b3c3
2,EulerE,abuchaim,479,471,8/8/8/8/4rk2/R1K3p1/8/8 w - - 0 51,g4g3
2,EulerE,abuchaim,479,471,8/8/8/8/4rk2/2K3p1/R7/8 b - - 1 51,a3a2
2,EulerE,abuchaim,479,471,8/8/8/8/4r3/2K2kp1/R7/8 w - - 2 52,f4f3
2,EulerE,abuchaim,479,471,8/8/8/8/4r3/1K3kp1/R7/8 b - - 3 52,c3b3
2,EulerE,abuchaim,479,471,8/8/8/8/8/1K2rkp1/R7/8 w - - 4 53,e4e3
2,EulerE,abuchaim,479,471,8/8/8/8/1K6/4rkp1/R7/8 b - - 5 53,b3b4
2,EulerE,abuchaim,479,471,8/8/8/8/1K6/4rk2/R5p1/8 w - - 0 54,g3g2
2,EulerE,abuchaim,479,471,8/8/8/8/1K6/4rk2/6R1/8 b - - 0 54,a2g2
2,EulerE,abuchaim,479,471,8/8/8/8/1K6/4r3/6k1/8 w - - 0 55,f3g2
2,EulerE,abuchaim,479,471,8/8/8/2K5/8/4r3/6k1/8 b - - 1 55,b4c5
2,EulerE,abuchaim,479,471,8/8/8/2K5/8/2r5/6k1/8 w - - 2 56,e3c3
2,EulerE,abuchaim,479,471,8/8/8/3K4/8/2r5/6k1/8 b - - 3 56,c5d5
2,EulerE,abuchaim,479,471,8/8/8/3K4/8/2r2k2/8/8 w - - 4 57,g2f3
2,EulerE,abuchaim,479,471,8/8/3K4/8/8/2r2k2/8/8 b - - 5 57,d5d6
2,EulerE,abuchaim,479,471,8/8/3K4/8/4k3/2r5/8/8 w - - 6 58,f3e4
2,EulerE,abuchaim,479,471,8/8/4K3/8/4k3/2r5/8/8 b - - 7 58,d6e6
2,EulerE,abuchaim,479,471,8/8/2r1K3/8/4k3/8/8/8 w - - 8 59,c3c6
2,EulerE,abuchaim,479,471,8/4K3/2r5/8/4k3/8/8/8 b - - 9 59,e6e7
2,EulerE,abuchaim,479,471,8/4K3/2r5/4k3/8/8/8/8 w - - 10 60,e4e5
2,EulerE,abuchaim,479,471,8/3K4/2r5/4k3/8/8/8/8 b - - 11 60,e7d7
2,EulerE,abuchaim,479,471,8/3K4/2r5/3k4/8/8/8/8 w - - 12 61,e5d5
2,EulerE,abuchaim,479,471,8/4K3/2r5/3k4/8/8/8/8 b - - 13 61,d7e7
2,EulerE,abuchaim,479,471,8/2r1K3/8/3k4/8/8/8/8 w - - 14 62,c6c7
2,EulerE,abuchaim,479,471,8/2r5/5K2/3k4/8/8/8/8 b - - 15 62,e7f6
2,EulerE,abuchaim,479,471,8/8/2r2K2/3k4/8/8/8/8 w - - 16 63,c7c6
2,EulerE,abuchaim,479,471,8/8/2r5/3k1K2/8/8/8/8 b - - 17 63,f6f5
2,EulerE,abuchaim,479,471,8/8/2r5/5K2/3k4/8/8/8 w - - 18 64,d5d4
2,EulerE,abuchaim,479,471,8/8/2r5/8/3k1K2/8/8/8 b - - 19 64,f5f4
2,EulerE,abuchaim,479,471,8/8/5r2/8/3k1K2/8/8/8 w - - 20 65,c6f6
2,EulerE,abuchaim,479,471,8/8/5r2/8/3k2K1/8/8/8 b - - 21 65,f4g4
2,EulerE,abuchaim,479,471,8/8/6r1/8/3k2K1/8/8/8 w - - 22 66,f6g6
2,EulerE,abuchaim,479,471,8/8/6r1/7K/3k4/8/8/8 b - - 23 66,g4h5
2,EulerE,abuchaim,479,471,8/8/5r2/7K/3k4/8/8/8 w - - 24 67,g6f6
2,EulerE,abuchaim,479,471,8/8/5r2/6K1/3k4/8/8/8 b - - 25 67,h5g5
2,EulerE,abuchaim,479,471,8/8/4r3/6K1/3k4/8/8/8 w - - 26 68,f6e6
2,EulerE,abuchaim,479,471,8/8/4r3/7K/3k4/8/8/8 b - - 27 68,g5h5
2,EulerE,abuchaim,479,471,8/8/4r3/3k3K/8/8/8/8 w - - 28 69,d4d5
2,EulerE,abuchaim,479,471,8/8/4r3/3k2K1/8/8/8/8 b - - 29 69,h5g5
2,EulerE,abuchaim,479,471,8/8/4r3/4k1K1/8/8/8/8 w - - 30 70,d5e5
2,EulerE,abuchaim,479,471,8/8/4r3/4k3/6K1/8/8/8 b - - 31 70,g5g4
2,EulerE,abuchaim,479,471,8/8/6r1/4k3/6K1/8/8/8 w - - 32 71,e6g6
2,EulerE,abuchaim,479,471,8/8/6r1/4k2K/8/8/8/8 b - - 33 71,g4h5
2,EulerE,abuchaim,479,471,8/8/6r1/5k1K/8/8/8/8 w - - 34 72,e5f5
2,EulerE,abuchaim,479,471,8/8/6r1/5k2/7K/8/8/8 b - - 35 72,h5h4
2,EulerE,abuchaim,479,471,8/8/8/5kr1/7K/8/8/8 w - - 36 73,g6g5
2,EulerE,abuchaim,479,471,8/8/8/5kr1/8/7K/8/8 b - - 37 73,h4h3
2,EulerE,abuchaim,479,471,8/8/8/6r1/5k2/7K/8/8 w - - 38 74,f5f4
2,EulerE,abuchaim,479,471,8/8/8/6r1/5k1K/8/8/8 b - - 39 74,h3h4
2,EulerE,abuchaim,479,471,8/8/8/8/5krK/8/8/8 w - - 40 75,g5g4
2,EulerE,abuchaim,479,471,8/8/8/7K/5kr1/8/8/8 b - - 41 75,h4h5
2,EulerE,abuchaim,479,471,8/8/8/6rK/5k2/8/8/8 w - - 42 76,g4g5
2,EulerE,abuchaim,479,471,8/8/8/6r1/5k1K/8/8/8 b - - 43 76,h5h4
2,EulerE,abuchaim,479,471,8/8/8/5kr1/7K/8/8/8 w - - 44 77,f4f5
2,EulerE,abuchaim,479,471,8/8/8/5kr1/8/7K/8/8 b - - 45 77,h4h3
2,EulerE,abuchaim,479,471,8/8/8/5k2/6r1/7K/8/8 w - - 46 78,g5g4
2,EulerE,abuchaim,479,471,8/8/8/5k2/6r1/8/7K/8 b - - 47 78,h3h2
2,EulerE,abuchaim,479,471,8/8/8/8/5kr1/8/7K/8 w - - 48 79,f5f4
2,EulerE,abuchaim,479,471,8/8/8/8/5kr1/7K/8/8 b - - 49 79,h2h3
2,EulerE,abuchaim,479,471,8/8/8/8/6r1/5k1K/8/8 w - - 50 80,f4f3
2,EulerE,abuchaim,479,471,8/8/8/8/6r1/5k2/7K/8 b - - 51 80,h3h2
2,EulerE,abuchaim,479,471,8/8/8/8/8/5kr1/7K/8 w - - 52 81,g4g3
2,EulerE,abuchaim,479,471,8/8/8/8/8/5kr1/8/7K b - - 53 81,h2h1
2,EulerE,abuchaim,479,471,8/8/8/8/8/6r1/5k2/7K w - - 54 82,f3f2
2,EulerE,abuchaim,479,471,8/8/8/8/8/6r1/5k1K/8 b - - 55 82,h1h2
2,EulerE,abuchaim,479,471,8/8/8/8/6r1/8/5k1K/8 w - - 56 83,g3g4
2,EulerE,abuchaim,479,471,8/8/8/8/6r1/7K/5k2/8 b - - 57 83,h2h3
2,EulerE,abuchaim,479,471,8/8/8/8/6r1/5k1K/8/8 w - - 58 84,f2f3
2,EulerE,abuchaim,479,471,8/8/8/8/6r1/5k2/7K/8 b - - 59 84,h3h2
2,EulerE,abuchaim,479,471,8/8/8/8/8/5kr1/7K/8 w - - 60 85,g4g3
2,EulerE,abuchaim,479,471,8/8/8/8/8/5kr1/8/7K b - - 61 85,h2h1
2,EulerE,abuchaim,479,471,8/8/8/8/8/6r1/5k2/7K w - - 62 86,f3f2
2,EulerE,abuchaim,479,471,8/8/8/8/8/6r1/5k1K/8 b - - 63 86,h1h2
2,EulerE,abuchaim,479,471,8/8/8/8/8/8/5krK/8 w - - 64 87,g3g2
2,EulerE,abuchaim,479,471,8/8/8/8/8/7K/5kr1/8 b - - 65 87,h2h3
2,EulerE,abuchaim,479,471,8/8/8/8/8/6rK/5k2/8 w - - 66 88,g2g3
2,EulerE,abuchaim,479,471,8/8/8/8/7K/6r1/5k2/8 b - - 67 88,h3h4
2,EulerE,abuchaim,479,471,8/8/8/8/7K/5kr1/8/8 w - - 68 89,f2f3
2,EulerE,abuchaim,479,471,8/8/8/7K/8/5kr1/8/8 b - - 69 89,h4h5
2,EulerE,abuchaim,479,471,8/8/8/7K/6r1/5k2/8/8 w - - 70 90,g3g4
2,EulerE,abuchaim,479,471,8/8/7K/8/6r1/5k2/8/8 b - - 71 90,h5h6
2,EulerE,abuchaim,479,471,8/8/7K/8/5r2/5k2/8/8 w - - 72 91,g4f4
2,EulerE,abuchaim,479,471,8/8/6K1/8/5r2/5k2/8/8 b - - 73 91,h6g6
2,EulerE,abuchaim,479,471,8/8/6K1/8/4kr2/8/8/8 w - - 74 92,f3e4
2,EulerE,abuchaim,479,471,8/8/8/6K1/4kr2/8/8/8 b - - 75 92,g6g5
2,EulerE,abuchaim,479,471,8/8/8/4k1K1/5r2/8/8/8 w - - 76 93,e4e5
2,EulerE,abuchaim,479,471,8/8/6K1/4k3/5r2/8/8/8 b - - 77 93,g5g6
2,EulerE,abuchaim,479,471,8/8/6K1/4kr2/8/8/8/8 w - - 78 94,f4f5
2,EulerE,abuchaim,479,471,8/6K1/8/4kr2/8/8/8/8 b - - 79 94,g6g7
2,EulerE,abuchaim,479,471,8/6K1/5r2/4k3/8/8/8/8 w - - 80 95,f5f6
2,EulerE,abuchaim,479,471,8/7K/5r2/4k3/8/8/8/8 b - - 81 95,g7h7
2,EulerE,abuchaim,479,471,8/7K/4kr2/8/8/8/8/8 w - - 82 96,e5e6
2,EulerE,abuchaim,479,471,8/6K1/4kr2/8/8/8/8/8 b - - 83 96,h7g7
2,EulerE,abuchaim,479,471,8/5rK1/4k3/8/8/8/8/8 w - - 84 97,f6f7
2,EulerE,abuchaim,479,471,8/5r2/4k2K/8/8/8/8/8 b - - 85 97,g7h6
2,EulerE,abuchaim,479,471,8/8/4k2K/5r2/8/8/8/8 w - - 86 98,f7f5
2,EulerE,abuchaim,479,471,8/8/4k1K1/5r2/8/8/8/8 b - - 87 98,h6g6
2,EulerE,abuchaim,479,471,8/8/6K1/4kr2/8/8/8/8 w - - 88 99,e6e5
2,EulerE,abuchaim,479,471,8/8/7K/4kr2/8/8/8/8 b - - 89 99,g6h6
2,EulerE,abuchaim,479,471,8/8/5r1K/4k3/8/8/8/8 w - - 90 100,f5f6
2,EulerE,abuchaim,479,471,8/8/5r2/4k1K1/8/8/8/8 b - - 91 100,h6g5
2,EulerE,abuchaim,479,471,8/8/8/4krK1/8/8/8/8 w - - 92 101,f6f5
2,EulerE,abuchaim,479,471,8/8/8/4kr2/6K1/8/8/8 b - - 93 101,g5g4
2,EulerE,abuchaim,479,471,8/8/8/4k3/5rK1/8/8/8 w - - 94 102,f5f4
2,EulerE,abuchaim,479,471,8/8/8/4k3/5r2/6K1/8/8 b - - 95 102,g4g3
2,EulerE,abuchaim,479,471,8/8/8/8/4kr2/6K1/8/8 w - - 96 103,e5e4
2,EulerE,abuchaim,479,471,8/8/8/8/4kr2/8/7K/8 b - - 97 103,g3h2
2,EulerE,abuchaim,479,471,8/8/8/8/4k3/5r2/7K/8 w - - 98 104,f4f3
2,EulerE,abuchaim,479,471,8/8/8/8/4k3/5r2/6K1/8 b - - 99 104,h2g2
2,EulerE,abuchaim,479,471,8/8/8/8/8/4kr2/6K1/8 w - - 100 105,e4e3
3,TrieuQuy,EulerE,519,480,rnbqkbnr/pppppppp/8/8/4P3/8/PPPP1PPP/RNBQKBNR b KQkq - 0 1,e2e4
3,TrieuQuy,EulerE,519,480,rnbqkbnr/pppp1ppp/4p3/8/4P3/8/PPPP1PPP/RNBQKBNR w KQkq - 0 2,e7e6
3,TrieuQuy,EulerE,519,480,rnbqkbnr/pppp1ppp/4p3/8/4P3/3P4/PPP2PPP/RNBQKBNR b KQkq - 0 2,d2d3
3,TrieuQuy,EulerE,519,480,r1bqkbnr/pppp1ppp/2n1p3/8/4P3/3P4/PPP2PPP/RNBQKBNR w KQkq - 1 3,b8c6
3,TrieuQuy,EulerE,519,480,r1bqkbnr/pppp1ppp/2n1p3/8/4PP2/3P4/PPP3PP/RNBQKBNR b KQkq - 0 3,f2f4
3,TrieuQuy,EulerE,519,480,r1bqkbnr/ppp2ppp/2n1p3/3p4/4PP2/3P4/PPP3PP/RNBQKBNR w KQkq - 0 4,d7d5
3,TrieuQuy,EulerE,519,480,r1bqkbnr/ppp2ppp/2n1p3/3P4/5P2/3P4/PPP3PP/RNBQKBNR b KQkq - 0 4,e4d5
3,TrieuQuy,EulerE,519,480,r1bqkbnr/ppp2ppp/2n5/3p4/5P2/3P4/PPP3PP/RNBQKBNR w KQkq - 0 5,e6d5
3,TrieuQuy,EulerE,519,480,r1bqkbnr/ppp2ppp/2n5/3p4/5PP1/3P4/PPP4P/RNBQKBNR b KQkq - 0 5,g2g4
3,TrieuQuy,EulerE,519,480,r1b1kbnr/ppp1qppp/2n5/3p4/5PP1/3P4/PPP4P/RNBQKBNR w KQkq - 1 6,d8e7
3,TrieuQuy,EulerE,519,480,r1b1kbnr/ppp1qppp/2n5/3p4/5PP1/3P4/PPP2K1P/RNBQ1BNR b kq - 2 6,e1f2
3,TrieuQuy,EulerE,519,480,r1b1kb1r/ppp1qppp/2n2n2/3p4/5PP1/3P4/PPP2K1P/RNBQ1BNR w kq - 3 7,g8f6
3,TrieuQuy,EulerE,519,480,r1b1kb1r/ppp1qppp/2n2n2/3p4/5PP1/3P4/PPP2KBP/RNBQ2NR b kq - 4 7,f1g2
3,TrieuQuy,EulerE,519,480,r3kb1r/ppp1qppp/2n2n2/3p4/5Pb1/3P4/PPP2KBP/RNBQ2NR w kq - 0 8,c8g4
3,TrieuQuy,EulerE,519,480,r3kb1r/ppp1qppp/2n2n2/3p4/5Pb1/3P4/PPP2KBP/RNB1Q1NR b kq - 1 8,d1e1
3,TrieuQuy,EulerE,519,480,r3kb1r/ppp2ppp/2n2n2/3p4/5Pb1/3P4/PPP2KBP/RNB1q1NR w kq - 0 9,e7e1
3,TrieuQuy,EulerE,519,480,r3kb1r/ppp2ppp/2n2n2/3p4/5Pb1/3P4/PPP3BP/RNB1K1NR b kq - 0 9,f2e1
3,TrieuQuy,EulerE,519,480,r3kb1r/ppp2ppp/5n2/3p4/3n1Pb1/3P4/PPP3BP/RNB1K1NR w kq - 1 10,c6d4
3,TrieuQuy,EulerE,519,480,r3kb1r/ppp2ppp/5n2/3p4/3n1Pb1/2PP4/PP4BP/RNB1K1NR b kq - 0 10,c2c3
3,TrieuQuy,EulerE,519,480,r3kb1r/ppp2ppp/5n2/3p4/5Pb1/2PP4/PPn3BP/RNB1K1NR w kq - 1 11,d4c2
3,TrieuQuy,EulerE,519,480,r3kb1r/ppp2ppp/5n2/3p4/5Pb1/2PP4/PPnK2BP/RNB3NR b kq - 2 11,e1d2
3,TrieuQuy,EulerE,519,480,r3kb1r/ppp2ppp/5n2/3p4/5Pb1/2PP4/PP1K2BP/nNB3NR w kq - 0 12,c2a1
3,TrieuQuy,EulerE,519,480,r3kb1r/ppp2ppp/5n2/3p4/1P3Pb1/2PP4/P2K2BP/nNB3NR b kq - 0 12,b2b4
3,TrieuQuy,EulerE,519,480,2kr1b1r/ppp2ppp/5n2/3p4/1P3Pb1/2PP4/P2K2BP/nNB3NR w - - 1 13,e8c8
3,TrieuQuy,EulerE,519,480,2kr1b1r/ppp2ppp/5n2/3p4/1P3Pb1/2PP3P/P2K2B1/nNB3NR b - - 0 13,h2h3
3,TrieuQuy,EulerE,519,480,2k1rb1r/ppp2ppp/5n2/3p4/1P3Pb1/2PP3P/P2K2B1/nNB3NR w - - 1 14,d8e8
3,TrieuQuy,EulerE,519,480,2k1rb1r/ppp2ppp/5n2/3p4/1P3PP1/2PP4/P2K2B1/nNB3NR b - - 0 14,h3g4
3,TrieuQuy,EulerE,519,480,2k1rb1r/ppp2ppp/8/3p4/1P3Pn1/2PP4/P2K2B1/nNB3NR w - - 0 15,f6g4
3,TrieuQuy,EulerE,519,480,2k1rb1r/ppp2ppp/8/3p4/1P3Pn1/2PP3B/P2K4/nNB3NR b - - 1 15,g2h3
3,TrieuQuy,EulerE,519,480,2k1rb1r/ppp3pp/8/3p1p2/1P3Pn1/2PP3B/P2K4/nNB3NR w - - 0 16,f7f5
3,TrieuQuy,EulerE,519,480,2k1rb1r/ppp3pp/8/3p1p2/1P3Pn1/2PP3B/PB1K4/nN4NR b - - 1 16,c1b2
3,TrieuQuy,EulerE,519,480,2k1rb1r/ppp3pp/8/3p1p2/1P3P2/2PP3B/PB1K1n2/nN4NR w - - 2 17,g4f2
3,TrieuQuy,EulerE,519,480,2k1rb1r/ppp3pp/8/3p1p2/1P3P2/2PP3B/PB1K1n1R/nN4N1 b - - 3 17,h1h2
3,TrieuQuy,EulerE,519,480,2k1rb1r/ppp3pp/8/3p1p2/1P3P2/2PP3n/PB1K3R/nN4N1 w - - 0 18,f2h3
3,TrieuQuy,EulerE,519,480,2k1rb1r/ppp3pp/8/3p1p2/1P3P2/2PP3R/PB1K4/nN4N1 b - - 0 18,h2h3
3,TrieuQuy,EulerE,519,480,2k1r2r/ppp1b1pp/8/3p1p2/1P3P2/2PP3R/PB1K4/nN4N1 w - - 1 19,f8e7
3,TrieuQuy,EulerE,519,480,2k1r2r/ppp1b1pp/8/3p1p2/1P3P2/2PP3R/P2K4/BN4N1 b - - 0 19,b2a1
3,TrieuQuy,EulerE,519,480,2k1r2r/ppp3pp/5b2/3p1p2/1P3P2/2PP3R/P2K4/BN4N1 w - - 1 20,e7f6
3,TrieuQuy,EulerE,519,480,2k1r2r/ppp3pp/5b2/3p1p2/1P1P1P2/2P4R/P2K4/BN4N1 b - - 0 20,d3d4
3,TrieuQuy,EulerE,519,480,2k4r/ppp1r1pp/5b2/3p1p2/1P1P1P2/2P4R/P2K4/BN4N1 w - - 1 21,e8e7
3,TrieuQuy,EulerE,519,480,2k4r/ppp1r1pp/5b2/3p1p2/1P1P1P2/2P2N1R/P2K4/BN6 b - - 2 21,g1f3
3,TrieuQuy,EulerE,519,480,2k1r3/ppp1r1pp/5b2/3p1p2/1P1P1P2/2P2N1R/P2K4/BN6 w - - 3 22,h8e8
3,TrieuQuy,EulerE,519,480,2k1r3/ppp1r1pp/5b2/3p1p2/1P1P1P2/N1P2N1R/P2K4/B7 b - - 4 22,b1a3
3,TrieuQuy,EulerE,519,480,2k1r3/ppp3pp/5b2/3p1p2/1P1P1P2/N1P2N1R/P2Kr3/B7 w - - 5 23,e7e2
3,TrieuQuy,EulerE,519,480,2k1r3/ppp3pp/5b2/3p1p2/1P1P1P2/N1P2N1R/P3r3/B2K4 b - - 6 23,d2d1
3,TrieuQuy,EulerE,519,480,2k1r3/p1p3pp/5b2/1p1p1p2/1P1P1P2/N1P2N1R/P3r3/B2K4 w - - 0 24,b7b5
3,TrieuQuy,EulerE,519,480,2k1r3/p1p3pp/5b2/1N1p1p2/1P1P1P2/2P2N1R/P3r3/B2K4 b - - 0 24,a3b5
3,TrieuQuy,EulerE,519,480,2k1r3/p5pp/2p2b2/1N1p1p2/1P1P1P2/2P2N1R/P3r3/B2K4 w - - 0 25,c7c6
3,TrieuQuy,EulerE,519,480,2k1r3/p5pp/2pN1b2/3p1p2/1P1P1P2/2P2N1R/P3r3/B2K4 b - - 1 25,b5d6
3,TrieuQuy,EulerE,519,480,3kr3/p5pp/2pN1b2/3p1p2/1P1P1P2/2P2N1R/P3r3/B2K4 w - - 2 26,c8d8
3,TrieuQuy,EulerE,519,480,3kr3/p5pR/2pN1b2/3p1p2/1P1P1P2/2P2N2/P3r3/B2K4 b - - 0 26,h3h7
3,TrieuQuy,EulerE,519,480,3kr3/p5pR/2pN1b2/3p1p2/1P1P1P2/2P2N2/r7/B2K4 w - - 0 27,e2a2
3,TrieuQuy,EulerE,519,480,3kr3/p5pR/2p2b2/3p1N2/1P1P1P2/2P2N2/r7/B2K4 b - - 0 27,d6f5
3,TrieuQuy,EulerE,519,480,3kr3/p5pR/2p2b2/3p1N2/1P1P1P2/2P2N2/8/r2K4 w - - 0 28,a2a1
3,TrieuQuy,EulerE,519,480,3kr3/p5pR/2p2b2/3p1N2/1P1P1P2/2P2N2/3K4/r7 b - - 1 28,d1d2
3,TrieuQuy,EulerE,519,480,3kr3/p5pR/5b2/2pp1N2/1P1P1P2/2P2N2/3K4/r7 w - - 0 29,c6c5
3,TrieuQuy,EulerE,519,480,3kr3/p5pR/3N1b2/2pp4/1P1P1P2/2P2N2/3K4/r7 b - - 1 29,f5d6
3,TrieuQuy,EulerE,519,480,3kr3/p5pR/3N1b2/3p4/1P1p1P2/2P2N2/3K4/r7 w - - 0 30,c5d4
3,TrieuQuy,EulerE,519,480,3kr3/p5pR/3N1b2/3p4/1P1P1P2/5N2/3K4/r7 b - - 0 30,c3d4
3,TrieuQuy,EulerE,519,480,3kr3/p5pR/3N1b2/3p4/1P1P1P2/r4N2/3K4/8 w - - 1 31,a1a3
3,TrieuQuy,EulerE,519,480,3kr3/p5pR/3N1b2/3p4/1P1P1P2/r7/3K4/4N3 b - - 2 31,f3e1
3,TrieuQuy,EulerE,519,480,3k4/p5pR/3N1b2/3p4/1P1P1P2/r3r3/3K4/4N3 w - - 3 32,e8e3
3,TrieuQuy,EulerE,519,480,3k4/p5pR/3N1b2/3p4/1P1P1P2/r3r3/2NK4/8 b - - 4 32,e1c2
3,TrieuQuy,EulerE,519,480,3k4/p5pR/3N1b2/3p4/1P1P1P2/r1r5/2NK4/8 w - - 5 33,e3c3
3,TrieuQuy,EulerE,519,480,3k4/p5pR/3N1b2/3p4/1P1P1P2/N1r5/3K4/8 b - - 0 33,c2a3
3,TrieuQuy,EulerE,519,480,3k4/p5pR/3N4/3p4/1P1b1P2/N1r5/3K4/8 w - - 0 34,f6d4
3,TrieuQuy,EulerE,519,480,3k3R/p5p1/3N4/3p4/1P1b1P2/N1r5/3K4/8 b - - 1 34,h7h8
3,TrieuQuy,EulerE,519,480,7R/p2k2p1/3N4/3p4/1P1b1P2/N1r5/3K4/8 w - - 2 35,d8d7
3,TrieuQuy,EulerE,519,480,7R/p2k2p1/8/3p4/1P1bNP2/N1r5/3K4/8 b - - 3 35,d6e4
3,TrieuQuy,EulerE,519,480,7R/p2k2p1/8/3p4/1P1bNP2/r7/3K4/8 w - - 0 36,c3a3
3,TrieuQuy,EulerE,519,480,7R/p2k2p1/8/3p2N1/1P1b1P2/r7/3K4/8 b - - 1 36,e4g5
3,TrieuQuy,EulerE,519,480,7R/3k2p1/p7/3p2N1/1P1b1P2/r7/3K4/8 w - - 0 37,a7a6
3,TrieuQuy,EulerE,519,480,7R/3k2p1/p7/3p1PN1/1P1b4/r7/3K4/8 b - - 0 37,f4f5
3,TrieuQuy,EulerE,519,480,7R/3k2p1/p7/3p1PN1/rP1b4/8/3K4/8 w - - 1 38,a3a4
3,TrieuQuy,EulerE,519,480,7R/3k2p1/p7/1P1p1PN1/r2b4/8/3K4/8 b - - 0 38,b4b5
3,TrieuQuy,EulerE,519,480,7R/3k2p1/8/1p1p1PN1/r2b4/8/3K4/8 w - - 0 39,a6b5
3,TrieuQuy,EulerE,519,480,1R6/3k2p1/8/1p1p1PN1/r2b4/8/3K4/8 b - - 1 39,h8b8
3,TrieuQuy,EulerE,519,480,1R6/3k2p1/8/3p1PN1/rp1b4/8/3K4/8 w - - 0 40,b5b4
3,TrieuQuy,EulerE,519,480,1R6/3k2p1/8/3p1P2/rp1b4/5N2/3K4/8 b - - 1 40,g5f3
3,TrieuQuy,EulerE,519,480,1R6/3k2p1/5b2/3p1P2/rp6/5N2/3K4/8 w - - 2 41,d4f6
3,TrieuQuy,EulerE,519,480,8/1R1k2p1/5b2/3p1P2/rp6/5N2/3K4/8 b - - 3 41,b8b7
3,TrieuQuy,EulerE,519,480,8/1R4p1/3k1b2/3p1P2/rp6/5N2/3K4/8 w - - 4 42,d7d6
3,TrieuQuy,EulerE,519,480,8/6p1/1R1k1b2/3p1P2/rp6/5N2/3K4/8 b - - 5 42,b7b6
3,TrieuQuy,EulerE,519,480,8/6p1/1R3b2/2kp1P2/rp6/5N2/3K4/8 w - - 6 43,d6c5
3,TrieuQuy,EulerE,519,480,8/1R4p1/5b2/2kp1P2/rp6/5N2/3K4/8 b - - 7 43,b6b7
3,TrieuQuy,EulerE,519,480,8/1R4p1/5b2/2k2P2/rp1p4/5N2/3K4/8 w - - 0 44,d5d4
3,TrieuQuy,EulerE,519,480,8/2R3p1/5b2/2k2P2/rp1p4/5N2/3K4/8 b - - 1 44,b7c7
3,TrieuQuy,EulerE,519,480,8/2R3p1/5b2/1k3P2/rp1p4/5N2/3K4/8 w - - 2 45,c5b5
3,TrieuQuy,EulerE,519,480,8/1R4p1/5b2/1k3P2/rp1p4/5N2/3K4/8 b - - 3 45,c7b7
3,TrieuQuy,EulerE,519,480,8/1R4p1/5b2/5P2/rpkp4/5N2/3K4/8 w - - 4 46,b5c4
3,TrieuQuy,EulerE,519,480,8/2R3p1/5b2/5P2/rpkp4/5N2/3K4/8 b - - 5 46,b7c7
3,TrieuQuy,EulerE,519,480,8/2R3p1/5b2/1k3P2/rp1p4/5N2/3K4/8 w - - 6 47,c4b5
3,TrieuQuy,EulerE,519,480,8/1R4p1/5b2/1k3P2/rp1p4/5N2/3K4/8 b - - 7 47,c7b7
3,TrieuQuy,EulerE,519,480,8/1R4p1/5b2/5P2/rpkp4/5N2/3K4/8 w - - 8 48,b5c4
3,TrieuQuy,EulerE,519,480,8/2R3p1/5b2/5P2/rpkp4/5N2/3K4/8 b - - 9 48,b7c7
3,TrieuQuy,EulerE,519,480,8/2R3p1/5b2/1k3P2/rp1p4/5N2/3K4/8 w - - 10 49,c4b5
4,EulerE,beanieweenie,473,513,rnbqkbnr/pppppppp/8/8/8/4P3/PPPP1PPP/RNBQKBNR b KQkq - 0 1,e2e3
4,EulerE,beanieweenie,473,513,rnbqkbnr/pppp1ppp/8/4p3/8/4P3/PPPP1PPP/RNBQKBNR w KQkq - 0 2,e7e5
4,EulerE,beanieweenie,473,513,rnbqkbnr/pppp1ppp/8/4p3/8/4PP2/PPPP2PP/RNBQKBNR b KQkq - 0 2,f2f3
4,EulerE,beanieweenie,473,513,rnbqkbnr/ppp2ppp/8/3pp3/8/4PP2/PPPP2PP/RNBQKBNR w KQkq - 0 3,d7d5
4,EulerE,beanieweenie,473,513,rnbqkbnr/ppp2ppp/8/3pp3/8/4PP2/PPPPN1PP/RNBQKB1R b KQkq - 1 3,g1e2
4,EulerE,beanieweenie,473,513,rnbqkbnr/ppp2ppp/8/3p4/4p3/4PP2/PPPPN1PP/RNBQKB1R w KQkq - 0 4,e5e4
4,EulerE,beanieweenie,473,513,rnbqkbnr/ppp2ppp/8/3p4/4P3/4P3/PPPPN1PP/RNBQKB1R b KQkq - 0 4,f3e4
4,EulerE,beanieweenie,473,513,rnbqkbnr/ppp2ppp/8/8/4p3/4P3/PPPPN1PP/RNBQKB1R w KQkq - 0 5,d5e4
4,EulerE,beanieweenie,473,513,rnbqkbnr/ppp2ppp/8/8/4p3/2N1P3/PPPP2PP/RNBQKB1R b KQkq - 1 5,e2c3
4,EulerE,beanieweenie,473,513,rnbqkb1r/ppp2ppp/5n2/8/4p3/2N1P3/PPPP2PP/RNBQKB1R w KQkq - 2 6,g8f6
4,EulerE,beanieweenie,473,513,rnbqkb1r/ppp2ppp/5n2/8/2B1p3/2N1P3/PPPP2PP/RNBQK2R b KQkq - 3 6,f1c4
4,EulerE,beanieweenie,473,513,rn1qkb1r/ppp2ppp/5n2/8/2B1p1b1/2N1P3/PPPP2PP/RNBQK2R w KQkq - 4 7,c8g4
4,EulerE,beanieweenie,473,513,rn1qkb1r/ppp2ppp/5n2/8/2B1p1b1/4P3/PPPPN1PP/RNBQK2R b KQkq - 5 7,c3e2
4,EulerE,beanieweenie,473,513,rn1qkb1r/ppp2ppp/5n2/8/2B1p3/4P3/PPPPb1PP/RNBQK2R w KQkq - 0 8,g4e2
4,EulerE,beanieweenie,473,513,rn1qkb1r/ppp2ppp/5n2/8/2B1p3/4P3/PPPPQ1PP/RNB1K2R b KQkq - 0 8,d1e2
4,EulerE,beanieweenie,473,513,rn1qk2r/ppp2ppp/5n2/8/1bB1p3/4P3/PPPPQ1PP/RNB1K2R w KQkq - 1 9,f8b4
4,EulerE,beanieweenie,473,513,rn1qk2r/ppp2ppp/5n2/8/1b2p3/1B2P3/PPPPQ1PP/RNB1K2R b KQkq - 2 9,c4b3
4,EulerE,beanieweenie,473,513,rn1q1rk1/ppp2ppp/5n2/8/1b2p3/1B2P3/PPPPQ1PP/RNB1K2R w KQ - 3 10,e8g8
4,EulerE,beanieweenie,473,513,rn1q1rk1/ppp2ppp/5n2/8/1b2p3/1B2P3/PPPPQ1PP/RNB2RK1 b - - 4 10,e1g1
4,EulerE,beanieweenie,473,513,rn1q1rk1/ppp2ppp/8/3n4/1b2p3/1B2P3/PPPPQ1PP/RNB2RK1 w - - 5 11,f6d5
4,EulerE,beanieweenie,473,513,rn1q1rk1/ppp2ppp/8/3n4/1b2p3/1B1PP3/PPP1Q1PP/RNB2RK1 b - - 0 11,d2d3
4,EulerE,beanieweenie,473,513,rn3rk1/ppp2ppp/8/3n2q1/1b2p3/1B1PP3/PPP1Q1PP/RNB2RK1 w - - 1 12,d8g5
4,EulerE,beanieweenie,473,513,rn3rk1/ppp2ppp/8/3n2q1/1b2p3/1B1PP3/PPP1Q1PP/RNBR2K1 b - - 2 12,f1d1
4,EulerE,beanieweenie,473,513,rn3rk1/ppp2ppp/8/3n2q1/1b6/1B1pP3/PPP1Q1PP/RNBR2K1 w - - 0 13,e4d3
4,EulerE,beanieweenie,473,513,rn3rk1/ppp2ppp/8/3n2q1/1b6/1B1QP3/PPP3PP/RNBR2K1 b - - 0 13,e2d3
4,EulerE,beanieweenie,473,513,rn3rk1/ppp2ppp/8/6q1/1b3n2/1B1QP3/PPP3PP/RNBR2K1 w - - 1 14,d5f4
4,EulerE,beanieweenie,473,513,rn3rk1/ppp2ppp/8/6q1/1b3n2/1B1QP3/PPP3PP/RNB2RK1 b - - 2 14,d1f1
4,EulerE,beanieweenie,473,513,rn3rk1/ppp2ppp/8/8/1b3n2/1B1QP3/PPP3qP/RNB2RK1 w - - 0 15,g5g2
5,EulerE,ayush675,465,476,rnbqkbnr/pppppppp/8/8/4P3/8/PPPP1PPP/RNBQKBNR b KQkq - 0 1,e2e4
5,EulerE,ayush675,465,476,rnbqkbnr/ppp1pppp/8/3p4/4P3/8/PPPP1PPP/RNBQKBNR w KQkq - 0 2,d7d5
5,EulerE,ayush675,465,476,rnbqkbnr/ppp1pppp/8/3p4/4P3/3B4/PPPP1PPP/RNBQK1NR b KQkq - 1 2,f1d3
5,EulerE,ayush675,465,476,rnbqkb1r/ppp1pppp/5n2/3p4/4P3/3B4/PPPP1PPP/RNBQK1NR w KQkq - 2 3,g8f6
5,EulerE,ayush675,465,476,rnbqkb1r/ppp1pppp/5n2/3p4/4P3/3B1P2/PPPP2PP/RNBQK1NR b KQkq - 0 3,f2f3
5,EulerE,ayush675,465,476,rnbqkb1r/ppp2ppp/5n2/3pp3/4P3/3B1P2/PPPP2PP/RNBQK1NR w KQkq - 0 4,e7e5
5,EulerE,ayush675,465,476,rnbqkb1r/ppp2ppp/5n2/3pp3/4P3/2NB1P2/PPPP2PP/R1BQK1NR b KQkq - 1 4,b1c3
5,EulerE,ayush675,465,476,r1bqkb1r/ppp2ppp/2n2n2/3pp3/4P3/2NB1P2/PPPP2PP/R1BQK1NR w KQkq - 2 5,b8c6
5,EulerE,ayush675,465,476,r1bqkb1r/ppp2ppp/2n2n2/3Np3/4P3/3B1P2/PPPP2PP/R1BQK1NR b KQkq - 0 5,c3d5
5,EulerE,ayush675,465,476,r1bqkb1r/ppp2ppp/2n5/3np3/4P3/3B1P2/PPPP2PP/R1BQK1NR w KQkq - 0 6,f6d5
5,EulerE,ayush675,465,476,r1bqkb1r/ppp2ppp/2n5/3np3/4P3/3B1P1N/PPPP2PP/R1BQK2R b KQkq - 1 6,g1h3
5,EulerE,ayush675,465,476,r1bqkb1r/ppp2ppp/2n2n2/4p3/4P3/3B1P1N/PPPP2PP/R1BQK2R w KQkq - 2 7,d5f6
5,EulerE,ayush675,465,476,r1bqkb1r/ppp2ppp/2n2n2/4p3/2B1P3/5P1N/PPPP2PP/R1BQK2R b KQkq - 3 7,d3c4
5,EulerE,ayush675,465,476,r1bqkb1r/ppp2pp1/2n2n1p/4p3/2B1P3/5P1N/PPPP2PP/R1BQK2R w KQkq - 0 8,h7h6
5,EulerE,ayush675,465,476,r1bqkb1r/ppp2pp1/2n2n1p/4p3/2B1P3/5P1N/PPPPQ1PP/R1B1K2R b KQkq - 1 8,d1e2
5,EulerE,ayush675,465,476,r1bqk2r/ppp2pp1/2n2n1p/2b1p3/2B1P3/5P1N/PPPPQ1PP/R1B1K2R w KQkq - 2 9,f8c5
5,EulerE,ayush675,465,476,r1bqk2r/ppp2pp1/2n2n1p/2b1p3/4P3/1B3P1N/PPPPQ1PP/R1B1K2R b KQkq - 3 9,c4b3
5,EulerE,ayush675,465,476,r1bq1rk1/ppp2pp1/2n2n1p/2b1p3/4P3/1B3P1N/PPPPQ1PP/R1B1K2R w KQ - 4 10,e8g8
5,EulerE,ayush675,465,476,r1bq1rk1/ppp2pp1/2n2n1p/2b1p3/2Q1P3/1B3P1N/PPPP2PP/R1B1K2R b KQ - 5 10,e2c4
5,EulerE,ayush675,465,476,r1b2rk1/pppq1pp1/2n2n1p/2b1p3/2Q1P3/1B3P1N/PPPP2PP/R1B1K2R w KQ - 6 11,d8d7
5,EulerE,ayush675,465,476,r1b2rk1/pppq1pp1/2n2n1p/2Q1p3/4P3/1B3P1N/PPPP2PP/R1B1K2R b KQ - 0 11,c4c5
5,EulerE,ayush675,465,476,r1b2rk1/p1pq1pp1/1pn2n1p/2Q1p3/4P3/1B3P1N/PPPP2PP/R1B1K2R w KQ - 0 12,b7b6
5,EulerE,ayush675,465,476,r1b2rk1/p1pq1pp1/1pn2n1p/4p3/4P3/1BQ2P1N/PPPP2PP/R1B1K2R b KQ - 1 12,c5c3
5,EulerE,ayush675,465,476,r4rk1/pbpq1pp1/1pn2n1p/4p3/4P3/1BQ2P1N/PPPP2PP/R1B1K2R w KQ - 2 13,c8b7
5,EulerE,ayush675,465,476,r4rk1/pbpq1pp1/1pn2n1p/4p3/4P3/1BQ2P1N/PPPP2PP/R1B2RK1 b - - 3 13,e1g1
5,EulerE,ayush675,465,476,r4rk1/pbp2pp1/1pn2n1p/4p3/3qP3/1BQ2P1N/PPPP2PP/R1B2RK1 w - - 4 14,d7d4
5,EulerE,ayush675,465,476,r4rk1/pbp2pp1/1pn2n1p/4p3/3qP3/1BQ2P1N/PPPP2PP/R1B2R1K b - - 5 14,g1h1
5,EulerE,ayush675,465,476,r4rk1/pbp2pp1/1pnq1n1p/4p3/4P3/1BQ2P1N/PPPP2PP/R1B2R1K w - - 6 15,d4d6
5,EulerE,ayush675,465,476,r4rk1/pbp2pp1/1pnq1n1p/4p3/4P3/1BQP1P1N/PPP3PP/R1B2R1K b - - 0 15,d2d3
5,EulerE,ayush675,465,476,r4rk1/pbp2pp1/1p1q1n1p/4p3/3nP3/1BQP1P1N/PPP3PP/R1B2R1K w - - 1 16,c6d4
5,EulerE,ayush675,465,476,r4rk1/pbp2pp1/1p1q1n1p/4p3/3nP3/1BQP1P1N/PPPB2PP/R4R1K b - - 2 16,c1d2
5,EulerE,ayush675,465,476,3r1rk1/pbp2pp1/1p1q1n1p/4p3/3nP3/1BQP1P1N/PPPB2PP/R4R1K w - - 3 17,a8d8
5,EulerE,ayush675,465,476,3r1rk1/pbp2pp1/1p1q1n1p/4p3/1Q1nP3/1B1P1P1N/PPPB2PP/R4R1K b - - 4 17,c3b4
5,EulerE,ayush675,465,476,3r1rk1/pbp2pp1/1p3n1p/4p3/1q1nP3/1B1P1P1N/PPPB2PP/R4R1K w - - 0 18,d6b4
5,EulerE,ayush675,465,476,3r1rk1/pbp2pp1/1p3n1p/4p3/1B1nP3/1B1P1P1N/PPP3PP/R4R1K b - - 0 18,d2b4
5,EulerE,ayush675,465,476,3rr1k1/pbp2pp1/1p3n1p/4p3/1B1nP3/1B1P1P1N/PPP3PP/R4R1K w - - 1 19,f8e8
5,EulerE,ayush675,465,476,3rr1k1/pbp2pp1/1p3n1p/4p3/1B1nP3/1B1P1P1N/PPP3PP/R2R3K b - - 2 19,f1d1
5,EulerE,ayush675,465,476,3rr1k1/1bp2pp1/1p3n1p/p3p3/1B1nP3/1B1P1P1N/PPP3PP/R2R3K w - - 0 20,a7a5
5,EulerE,ayush675,465,476,3rr1k1/1bp2pp1/1p3n1p/p3p3/3nP3/1BBP1P1N/PPP3PP/R2R3K b - - 1 20,b4c3
5,EulerE,ayush675,465,476,3rr1k1/1bp2pp1/5n1p/pp2p3/3nP3/1BBP1P1N/PPP3PP/R2R3K w - - 0 21,b6b5
5,EulerE,ayush675,465,476,3rr1k1/1bp2pp1/5n1p/Bp2p3/3nP3/1B1P1P1N/PPP3PP/R2R3K b - - 0 21,c3a5
5,EulerE,ayush675,465,476,3rr1k1/1bp2pp1/7p/Bp2p2n/3nP3/1B1P1P1N/PPP3PP/R2R3K w - - 1 22,f6h5
5,EulerE,ayush675,465,476,3rr1k1/1bB2pp1/7p/1p2p2n/3nP3/1B1P1P1N/PPP3PP/R2R3K b - - 0 22,a5c7
5,EulerE,ayush675,465,476,2r1r1k1/1bB2pp1/7p/1p2p2n/3nP3/1B1P1P1N/PPP3PP/R2R3K w - - 1 23,d8c8
5,EulerE,ayush675,465,476,2r1r1k1/1b3pp1/7p/Bp2p2n/3nP3/1B1P1P1N/PPP3PP/R2R3K b - - 2 23,c7a5
5,EulerE,ayush675,465,476,2r1r1k1/1b3pp1/7p/Bp2p2n/4P3/1B1P1P1N/PPn3PP/R2R3K w - - 0 24,d4c2
5,EulerE,ayush675,465,476,2r1r1k1/1b3pp1/7p/Bp2p2n/4P3/3P1P1N/PPB3PP/R2R3K b - - 0 24,b3c2
5,EulerE,ayush675,465,476,4r1k1/1b3pp1/7p/Bp2p2n/4P3/3P1P1N/PPr3PP/R2R3K w - - 0 25,c8c2
5,EulerE,ayush675,465,476,4r1k1/1b3pp1/7p/Bp2p2n/4P3/3P1P1N/PPr3PP/R5RK b - - 1 25,d1g1
5,EulerE,ayush675,465,476,4r1k1/1b3pp1/7p/Bp2p2n/4P3/3P1P1N/Pr4PP/R5RK w - - 0 26,c2b2
5,EulerE,ayush675,465,476,4r1k1/1b3pp1/7p/Bp2p2n/4PP2/3P3N/Pr4PP/R5RK b - - 0 26,f3f4
5,EulerE,ayush675,465,476,4r1k1/1b3pp1/7p/Bp5n/4Pp2/3P3N/Pr4PP/R5RK w - - 0 27,e5f4
5,EulerE,ayush675,465,476,4r1k1/1b3pp1/7p/Bp5n/4Pp2/3P3N/Pr4PP/R4R1K b - - 1 27,g1f1
5,EulerE,ayush675,465,476,4r1k1/1b3p2/7p/Bp4pn/4Pp2/3P3N/Pr4PP/R4R1K w - - 0 28,g7g5
5,EulerE,ayush675,465,476,4r1k1/1b3p2/7p/Bp4pn/4Pp2/3P3N/Pr3RPP/R6K b - - 1 28,f1f2
5,EulerE,ayush675,465,476,4r1k1/1b3p2/7p/Bp4pn/4Pp2/3P3N/P4rPP/R6K w - - 0 29,b2f2
5,EulerE,ayush675,465,476,4r1k1/1b3p2/7p/Bp4pn/4Pp2/3P4/P4NPP/R6K b - - 0 29,h3f2
5,EulerE,ayush675,465,476,4r1k1/1b3p2/5n1p/Bp4p1/4Pp2/3P4/P4NPP/R6K w - - 1 30,h5f6
5,EulerE,ayush675,465,476,4r1k1/1b3p2/5n1p/Bp4p1/4Pp2/3P4/P4NPP/2R4K b - - 2 30,a1c1
5,EulerE,ayush675,465,476,5rk1/1b3p2/5n1p/Bp4p1/4Pp2/3P4/P4NPP/2R4K w - - 3 31,e8f8
5,EulerE,ayush675,465,476,5rk1/1bR2p2/5n1p/Bp4p1/4Pp2/3P4/P4NPP/7K b - - 4 31,c1c7
5,EulerE,ayush675,465,476,5rk1/2R2p2/b4n1p/Bp4p1/4Pp2/3P4/P4NPP/7K w - - 5 32,b7a6
5,EulerE,ayush675,465,476,5rk1/2R2p2/b4n1p/Bp4p1/4Pp2/3P3N/P5PP/7K b - - 6 32,f2h3
5,EulerE,ayush675,465,476,3r2k1/2R2p2/b4n1p/Bp4p1/4Pp2/3P3N/P5PP/7K w - - 7 33,f8d8
5,EulerE,ayush675,465,476,3r2k1/2R2p2/b4n1p/Bp4N1/4Pp2/3P4/P5PP/7K b - - 0 33,h3g5
5,EulerE,ayush675,465,476,6k1/2R2p2/b4n1p/Bp4N1/4Pp2/3r4/P5PP/7K w - - 0 34,d8d3
5,EulerE,ayush675,465,476,6k1/2R2p2/b4n1p/Bp4N1/4Pp2/3r4/P5PP/6K1 b - - 1 34,h1g1
5,EulerE,ayush675,465,476,6k1/2R2p2/b4n2/Bp4p1/4Pp2/3r4/P5PP/6K1 w - - 0 35,h6g5
5,EulerE,ayush675,465,476,6k1/5p2/b1R2n2/Bp4p1/4Pp2/3r4/P5PP/6K1 b - - 1 35,c7c6
5,EulerE,ayush675,465,476,6k1/5p2/b1R5/Bp4p1/4np2/3r4/P5PP/6K1 w - - 0 36,f6e4
5,EulerE,ayush675,465,476,6k1/5p2/R7/Bp4p1/4np2/3r4/P5PP/6K1 b - - 0 36,c6a6
5,EulerE,ayush675,465,476,6k1/5p2/R7/Bp4p1/4np2/8/P5PP/3r2K1 w - - 1 37,d3d1
5,EulerE,ayush675,465,476,6k1/5p2/R7/1p4p1/4np2/8/P5PP/3rB1K1 b - - 2 37,a5e1
5,EulerE,ayush675,465,476,6k1/5p2/R7/1p4p1/4np2/8/P5PP/4r1K1 w - - 0 38,d1e1
6,EulerE,archilevani,466,495,rnbqkbnr/pppppppp/8/8/8/4P3/PPPP1PPP/RNBQKBNR b KQkq - 0 1,e2e3
6,EulerE,archilevani,466,495,rnbqkbnr/pppp1ppp/8/4p3/8/4P3/PPPP1PPP/RNBQKBNR w KQkq - 0 2,e7e5
6,EulerE,archilevani,466,495,rnbqkbnr/pppp1ppp/8/4p3/3P4/4P3/PPP2PPP/RNBQKBNR b KQkq - 0 2,d2d4
6,EulerE,archilevani,466,495,rnb1kbnr/pppp1ppp/5q2/4p3/3P4/4P3/PPP2PPP/RNBQKBNR w KQkq - 1 3,d8f6
6,EulerE,archilevani,466,495,rnb1kbnr/pppp1ppp/5q2/4p3/3P4/4PN2/PPP2PPP/RNBQKB1R b KQkq - 2 3,g1f3
6,EulerE,archilevani,466,495,rnb1kbnr/pppp1ppp/5q2/8/3p4/4PN2/PPP2PPP/RNBQKB1R w KQkq - 0 4,e5d4
6,EulerE,archilevani,466,495,rnb1kbnr/pppp1ppp/5q2/8/3P4/5N2/PPP2PPP/RNBQKB1R b KQkq - 0 4,e3d4
6,EulerE,archilevani,466,495,rnb1kb1r/ppppnppp/5q2/8/3P4/5N2/PPP2PPP/RNBQKB1R w KQkq - 1 5,g8e7
6,EulerE,archilevani,466,495,rnb1kb1r/ppppnppp/5q2/8/3P4/5N2/PPP1QPPP/RNB1KB1R b KQkq - 2 5,d1e2
6,EulerE,archilevani,466,495,r1b1kb1r/ppppnppp/2n2q2/8/3P4/5N2/PPP1QPPP/RNB1KB1R w KQkq - 3 6,b8c6
6,EulerE,archilevani,466,495,r1b1kb1r/ppppnppp/2n2q2/8/3P4/5N2/PPPNQPPP/R1B1KB1R b KQkq - 4 6,b1d2
6,EulerE,archilevani,466,495,r1b1kb1r/ppppnppp/5q2/8/3n4/5N2/PPPNQPPP/R1B1KB1R w KQkq - 0 7,c6d4
6,EulerE,archilevani,466,495,r1b1kb1r/ppppnppp/5q2/8/3N4/8/PPPNQPPP/R1B1KB1R b KQkq - 0 7,f3d4
6,EulerE,archilevani,466,495,r1b1kb1r/ppppnppp/8/8/3q4/8/PPPNQPPP/R1B1KB1R w KQkq - 0 8,f6d4
6,EulerE,archilevani,466,495,r1b1kb1r/ppppnppp/8/8/3q4/2P5/PP1NQPPP/R1B1KB1R b KQkq - 0 8,c2c3
6,EulerE,archilevani,466,495,r1b1kb1r/ppppnppp/5q2/8/8/2P5/PP1NQPPP/R1B1KB1R w KQkq - 1 9,d4f6
6,EulerE,archilevani,466,495,r1b1kb1r/ppppnppp/5q2/8/4N3/2P5/PP2QPPP/R1B1KB1R b KQkq - 2 9,d2e4
6,EulerE,archilevani,466,495,r1b1kb1r/ppppnppp/q7/8/4N3/2P5/PP2QPPP/R1B1KB1R w KQkq - 3 10,f6a6
6,EulerE,archilevani,466,495,r1b1kb1r/ppppnppp/Q7/8/4N3/2P5/PP3PPP/R1B1KB1R b KQkq - 0 10,e2a6
6,EulerE,archilevani,466,495,r1b1kb1r/p1ppnppp/p7/8/4N3/2P5/PP3PPP/R1B1KB1R w KQkq - 0 11,b7a6
6,EulerE,archilevani,466,495,r1b1kb1r/p1ppnppp/p7/8/2P1N3/8/PP3PPP/R1B1KB1R b KQkq - 0 11,c3c4
6,EulerE,archilevani,466,495,r1b1kb1r/p1pp1ppp/p1n5/8/2P1N3/8/PP3PPP/R1B1KB1R w KQkq - 1 12,e7c6
6,EulerE,archilevani,466,495,r1b1kb1r/p1pp1ppp/p1n5/8/2P5/2N5/PP3PPP/R1B1KB1R b KQkq - 2 12,e4c3
6,EulerE,archilevani,466,495,r1b1kb1r/p1pp1ppp/p7/8/1nP5/2N5/PP3PPP/R1B1KB1R w KQkq - 3 13,c6b4
6,EulerE,archilevani,466,495,r1b1kb1r/p1pp1ppp/p7/8/1nP5/2N5/PP1K1PPP/R1B2B1R b kq - 4 13,e1d2
6,EulerE,archilevani,466,495,r3kb1r/pbpp1ppp/p7/8/1nP5/2N5/PP1K1PPP/R1B2B1R w kq - 5 14,c8b7
6,EulerE,archilevani,466,495,r3kb1r/pbpp1ppp/p7/8/1nP5/P1N5/1P1K1PPP/R1B2B1R b kq - 0 14,a2a3
6,EulerE,archilevani,466,495,r3kb1r/pbpp1ppp/p1n5/8/2P5/P1N5/1P1K1PPP/R1B2B1R w kq - 1 15,b4c6
6,EulerE,archilevani,466,495,r3kb1r/pbpp1ppp/p1n5/3N4/2P5/P7/1P1K1PPP/R1B2B1R b kq - 2 15,c3d5
6,EulerE,archilevani,466,495,2kr1b1r/pbpp1ppp/p1n5/3N4/2P5/P7/1P1K1PPP/R1B2B1R w - - 3 16,e8c8
6,EulerE,archilevani,466,495,2kr1b1r/pbpp1ppp/p1n5/3N4/2P5/P5P1/1P1K1P1P/R1B2B1R b - - 0 16,g2g3
6,EulerE,archilevani,466,495,2k1rb1r/pbpp1ppp/p1n5/3N4/2P5/P5P1/1P1K1P1P/R1B2B1R w - - 1 17,d8e8
6,EulerE,archilevani,466,495,2k1rb1r/pbpp1ppp/p1n5/3N4/2P5/P5P1/1P1K1PBP/R1B4R b - - 2 17,f1g2
6,EulerE,archilevani,466,495,2k1rb1r/pbpp1ppp/p7/3N4/2Pn4/P5P1/1P1K1PBP/R1B4R w - - 3 18,c6d4
6,EulerE,archilevani,466,495,2k1rb1r/pbpp1ppp/p7/3N4/2Pn4/P1K3P1/1P3PBP/R1B4R b - - 4 18,d2c3
6,EulerE,archilevani,466,495,2k1rb1r/pbpp1ppp/p7/3N1n2/2P5/P1K3P1/1P3PBP/R1B4R w - - 5 19,d4f5
6,EulerE,archilevani,466,495,2k1rb1r/pbpp1ppp/p7/3N1n2/2P5/P1K3P1/1P1B1PBP/R6R b - - 6 19,c1d2
6,EulerE,archilevani,466,495,2k2b1r/pbpp1ppp/p7/3N1n2/2P5/P1K3P1/1P1BrPBP/R6R w - - 7 20,e8e2
6,EulerE,archilevani,466,495,2k2b1r/pbpp1ppp/p7/5n2/2P2N2/P1K3P1/1P1BrPBP/R6R b - - 8 20,d5f4
6,EulerE,archilevani,466,495,2k2b1r/pbpp1ppp/p7/5n2/2P2N2/P1K3P1/1P1B1rBP/R6R w - - 0 21,e2f2
6,EulerE,archilevani,466,495,2k2b1r/pbpp1ppp/p7/5n2/2P2N2/P1K3P1/1P1B1rBP/R3R3 b - - 1 21,h1e1
6,EulerE,archilevani,466,495,2k2b1r/p1pp1ppp/p7/5n2/2P2N2/P1K3P1/1P1B1rbP/R3R3 w - - 0 22,b7g2
6,EulerE,archilevani,466,495,2k1Rb1r/p1pp1ppp/p7/5n2/2P2N2/P1K3P1/1P1B1rbP/R7 b - - 1 22,e1e8
6,EulerE,archilevani,466,495,4Rb1r/pkpp1ppp/p7/5n2/2P2N2/P1K3P1/1P1B1rbP/R7 w - - 2 23,c8b7
6,EulerE,archilevani,466,495,4Rb1r/pkpp1ppp/p7/5n2/2P2N2/P1K1B1P1/1P3rbP/R7 b - - 3 23,d2e3
6,EulerE,archilevani,466,495,4Rb1r/pkpp1ppp/p7/8/2P2N2/P1K1n1P1/1P3rbP/R7 w - - 0 24,f5e3
6,EulerE,archilevani,466,495,4Rb1r/pkpp1ppp/p7/3N4/2P5/P1K1n1P1/1P3rbP/R7 b - - 1 24,f4d5
6,EulerE,archilevani,466,495,4Rb1r/pk1p1ppp/p1p5/3N4/2P5/P1K1n1P1/1P3rbP/R7 w - - 0 25,c7c6
6,EulerE,archilevani,466,495,4Rb1r/pk1p1ppp/p1p5/8/2P5/P1K1N1P1/1P3rbP/R7 b - - 0 25,d5e3
6,EulerE,archilevani,466,495,4Rb1r/pk1p1ppp/p1p5/8/2P5/P1K1NrP1/1P4bP/R7 w - - 1 26,f2f3
6,EulerE,archilevani,466,495,4Rb1r/pk1p1ppp/p1p5/8/2P5/P2KNrP1/1P4bP/R7 b - - 2 26,c3d3
6,EulerE,archilevani,466,495,4Rb1r/pk1p1p1p/p1p5/6p1/2P5/P2KNrP1/1P4bP/R7 w - - 0 27,g7g5
6,EulerE,archilevani,466,495,4Rb1r/pk1p1p1p/p1p5/6p1/2P5/P2KNrP1/1P4bP/6R1 b - - 1 27,a1g1
6,EulerE,archilevani,466,495,4Rb1r/pk1p1p1p/p1p5/6p1/2P5/P2KNrPb/1P5P/6R1 w - - 2 28,g2h3
6,EulerE,archilevani,466,495,4Rb1r/pk1p1p1p/p1p5/6p1/2P5/P1K1NrPb/1P5P/6R1 b - - 3 28,d3c3
6,EulerE,archilevani,466,495,4Rb1r/pk3p1p/p1p5/3p2p1/2P5/P1K1NrPb/1P5P/6R1 w - - 0 29,d7d5
6,EulerE,archilevani,466,495,4Rb1r/pk3p1p/p1p5/3P2p1/8/P1K1NrPb/1P5P/6R1 b - - 0 29,c4d5
6,EulerE,archilevani,466,495,4Rb1r/pk3p1p/p7/3p2p1/8/P1K1NrPb/1P5P/6R1 w - - 0 30,c6d5
6,EulerE,archilevani,466,495,4Rb1r/pk3p1p/p7/3p2p1/8/P1K1NrPb/1P5P/3R4 b - - 1 30,g1d1
6,EulerE,archilevani,466,495,4Rb1r/pk1b1p1p/p7/3p2p1/8/P1K1NrP1/1P5P/3R4 w - - 2 31,h3d7
6,EulerE,archilevani,466,495,5b1r/pk1b1p1p/p7/3pR1p1/8/P1K1NrP1/1P5P/3R4 b - - 3 31,e8e5
6,EulerE,archilevani,466,495,5b1r/pk3p1p/p1b5/3pR1p1/8/P1K1NrP1/1P5P/3R4 w - - 4 32,d7c6
6,EulerE,archilevani,466,495,5b1r/pk3p1p/p1b5/3pR1p1/8/P1KRNrP1/1P5P/8 b - - 5 32,d1d3
6,EulerE,archilevani,466,495,5b1r/pk3p1p/p1b5/3pR3/6p1/P1KRNrP1/1P5P/8 w - - 0 33,g5g4
6,EulerE,archilevani,466,495,5b1r/pk3p1p/p1b5/3NR3/6p1/P1KR1rP1/1P5P/8 b - - 0 33,e3d5
6,EulerE,archilevani,466,495,5b1r/pk3p1p/p1b5/3NR3/6p1/P1Kr2P1/1P5P/8 w - - 0 34,f3d3
6,EulerE,archilevani,466,495,5b1r/pk3p1p/p1b5/3NR3/6p1/P2K2P1/1P5P/8 b - - 0 34,c3d3
6,EulerE,archilevani,466,495,5b1r/pk3p1p/p7/1b1NR3/6p1/P2K2P1/1P5P/8 w - - 1 35,c6b5
6,EulerE,archilevani,466,495,5b1r/pk3p1p/p7/1b1NR3/6p1/P1K3P1/1P5P/8 b - - 2 35,d3c3
6,EulerE,archilevani,466,495,7r/pk3p1p/p2b4/1b1NR3/6p1/P1K3P1/1P5P/8 w - - 3 36,f8d6
6,EulerE,archilevani,466,495,7r/pk3p1p/p2b4/1b1N4/4R1p1/P1K3P1/1P5P/8 b - - 4 36,e5e4
6,EulerE,archilevani,466,495,2r5/pk3p1p/p2b4/1b1N4/4R1p1/P1K3P1/1P5P/8 w - - 5 37,h8c8
6,EulerE,archilevani,466,495,2r5/pk3p1p/p2b4/1b1N4/4R1p1/PK4P1/1P5P/8 b - - 6 37,c3b3
6,EulerE,archilevani,466,495,2r5/pk1b1p1p/p2b4/3N4/4R1p1/PK4P1/1P5P/8 w - - 7 38,b5d7
6,EulerE,archilevani,466,495,2r5/pk1b1p1p/p2b4/3N4/1R4p1/PK4P1/1P5P/8 b - - 8 38,e4b4
6,EulerE,archilevani,466,495,2r5/pk1b1p1p/p7/3N4/1b4p1/PK4P1/1P5P/8 w - - 0 39,d6b4
6,EulerE,archilevani,466,495,2r5/pk1b1p1p/p7/3N4/1K4p1/P5P1/1P5P/8 b - - 0 39,b3b4
6,EulerE,archilevani,466,495,k1r5/p2b1p1p/p7/3N4/1K4p1/P5P1/1P5P/8 w - - 1 40,b7a8
6,EulerE,archilevani,466,495,k1r5/p2b1p1p/p7/3N4/PK4p1/6P1/1P5P/8 b - - 0 40,a3a4
6,EulerE,archilevani,466,495,k1r5/p4p1p/p1b5/3N4/PK4p1/6P1/1P5P/8 w - - 1 41,d7c6
6,EulerE,archilevani,466,495,k1r5/p3Np1p/p1b5/8/PK4p1/6P1/1P5P/8 b - - 2 41,d5e7
6,EulerE,archilevani,466,495,k7/p1r1Np1p/p1b5/8/PK4p1/6P1/1P5P/8 w - - 3 42,c8c7
6,EulerE,archilevani,466,495,k7/p1r2p1p/p1N5/8/PK4p1/6P1/1P5P/8 b - - 0 42,e7c6
6,EulerE,archilevani,466,495,k7/p4p1p/p1r5/8/PK4p1/6P1/1P5P/8 w - - 0 43,c7c6
6,EulerE,archilevani,466,495,k7/p4p1p/p1r5/K7/P5p1/6P1/1P5P/8 b - - 1 43,b4a5
6,EulerE,archilevani,466,495,k7/p6p/p1r2p2/K7/P5p1/6P1/1P5P/8 w - - 0 44,f7f6
6,EulerE,archilevani,466,495,k7/p6p/p1r2p2/8/PK4p1/6P1/1P5P/8 b - - 1 44,a5b4
6,EulerE,archilevani,466,495,k7/p6p/p1r5/5p2/PK4p1/6P1/1P5P/8 w - - 0 45,f6f5
6,EulerE,archilevani,466,495,k7/p6p/p1r5/5p2/P5p1/1K4P1/1P5P/8 b - - 1 45,b4b3
6,EulerE,archilevani,466,495,k7/p6p/p2r4/5p2/P5p1/1K4P1/1P5P/8 w - - 2 46,c6d6
6,EulerE,archilevani,466,495,k7/p6p/p2r4/5p2/P5pP/1K4P1/1P6/8 b - h3 0 46,h2h4
6,EulerE,archilevani,466,495,k7/p6p/p7/5p2/P5pP/1K1r2P1/1P6/8 w - - 1 47,d6d3
6,EulerE,archilevani,466,495,k7/p6p/p7/5p2/P5pP/3r2P1/1PK5/8 b - - 2 47,b3c2
6,EulerE,archilevani,466,495,k7/p6p/p7/5p2/P5pP/6r1/1PK5/8 w - - 0 48,d3g3
6,EulerE,archilevani,466,495,k7/p6p/p7/5p2/P5pP/6r1/1P1K4/8 b - - 1 48,c2d2
6,EulerE,archilevani,466,495,k7/p6p/p7/5p2/P5pP/7r/1P1K4/8 w - - 2 49,g3h3
6,EulerE,archilevani,466,495,k7/p6p/p7/5p2/P5pP/7r/1P2K3/8 b - - 3 49,d2e2
6,EulerE,archilevani,466,495,k7/p6p/p7/5p2/P5pr/8/1P2K3/8 w - - 0 50,h3h4
6,EulerE,archilevani,466,495,k7/p6p/p7/5p2/P5pr/4K3/1P6/8 b - - 1 50,e2e3
6,EulerE,archilevani,466,495,k7/p6p/p7/5p2/P6r/4K1p1/1P6/8 w - - 0 51,g4g3
6,EulerE,archilevani,466,495,k7/p6p/p7/5p2/P6r/5Kp1/1P6/8 b - - 1 51,e3f3
6,EulerE,archilevani,466,495,k7/p6p/p7/5p2/r7/5Kp1/1P6/8 w - - 0 52,h4a4
6,EulerE,archilevani,466,495,k7/p6p/p7/5p2/r7/6K1/1P6/8 b - - 0 52,f3g3
6,EulerE,archilevani,466,495,k7/p6p/p7/5p2/8/r5K1/1P6/8 w - - 1 53,a4a3
6,EulerE,archilevani,466,495,k7/p6p/p7/5p2/8/P5K1/8/8 b - - 0 53,b2a3
6,EulerE,archilevani,466,495,k7/p6p/8/p4p2/8/P5K1/8/8 w - - 0 54,a6a5
6,EulerE,archilevani,466,495,k7/p6p/8/p4p2/5K2/P7/8/8 b - - 1 54,g3f4
6,EulerE,archilevani,466,495,1k6/p6p/8/p4p2/5K2/P7/8/8 w - - 2 55,a8b8
6,EulerE,archilevani,466,495,1k6/p6p/8/p4K2/8/P7/8/8 b - - 0 55,f4f5
6,EulerE,archilevani,466,495,8/pk5p/8/p4K2/8/P7/8/8 w - - 1 56,b8b7
6,EulerE,archilevani,466,495,8/pk5p/8/p7/6K1/P7/8/8 b - - 2 56,f5g4
6,EulerE,archilevani,466,495,8/p6p/1k6/p7/6K1/P7/8/8 w - - 3 57,b7b6
6,EulerE,archilevani,466,495,8/p6p/1k6/p7/5K2/P7/8/8 b - - 4 57,g4f4
6,EulerE,archilevani,466,495,8/p6p/2k5/p7/5K2/P7/8/8 w - - 5 58,b6c6
6,EulerE,archilevani,466,495,8/p6p/2k5/p7/8/P3K3/8/8 b - - 6 58,f4e3
6,EulerE,archilevani,466,495,8/p7/2k4p/p7/8/P3K3/8/8 w - - 0 59,h7h6
6,EulerE,archilevani,466,495,8/p7/2k4p/p7/P7/4K3/8/8 b - - 0 59,a3a4
6,EulerE,archilevani,466,495,8/p7/3k3p/p7/P7/4K3/8/8 w - - 1 60,c6d6
6,EulerE,archilevani,466,495,8/p7/3k3p/p7/P7/5K2/8/8 b - - 2 60,e3f3
6,EulerE,archilevani,466,495,8/p7/3k4/p6p/P7/5K2/8/8 w - - 0 61,h6h5
6,EulerE,archilevani,466,495,8/p7/3k4/p6p/P7/6K1/8/8 b - - 1 61,f3g3
6,EulerE,archilevani,466,495,8/p7/8/p3k2p/P7/6K1/8/8 w - - 2 62,d6e5
6,EulerE,archilevani,466,495,8/p7/8/p3k2p/P6K/8/8/8 b - - 3 62,g3h4
6,EulerE,archilevani,466,495,8/p7/8/p6p/P2k3K/8/8/8 w - - 4 63,e5d4
6,EulerE,archilevani,466,495,8/p7/8/p6K/P2k4/8/8/8 b - - 0 63,h4h5
6,EulerE,archilevani,466,495,8/p7/8/p6K/P1k5/8/8/8 w - - 1 64,d4c4
6,EulerE,archilevani,466,495,8/p7/8/p7/P1k3K1/8/8/8 b - - 2 64,h5g4
6,EulerE,archilevani,466,495,8/p7/8/p7/Pk4K1/8/8/8 w - - 3 65,c4b4
6,EulerE,archilevani,466,495,8/p7/8/p7/Pk6/5K2/8/8 b - - 4 65,g4f3
6,EulerE,archilevani,466,495,8/p7/8/p7/k7/5K2/8/8 w - - 0 66,b4a4
6,EulerE,archilevani,466,495,8/p7/8/p7/k7/4K3/8/8 b - - 1 66,f3e3
6,EulerE,archilevani,466,495,8/p7/8/p7/1k6/4K3/8/8 w - - 2 67,a4b4
6,EulerE,archilevani,466,495,8/p7/8/p7/1k6/3K4/8/8 b - - 3 67,e3d3
6,EulerE,archilevani,466,495,8/p7/8/8/pk6/3K4/8/8 w - - 0 68,a5a4
6,EulerE,archilevani,466,495,8/p7/8/8/pk6/8/3K4/8 b - - 1 68,d3d2
6,EulerE,archilevani,466,495,8/p7/8/8/p7/1k6/3K4/8 w - - 2 69,b4b3
6,EulerE,archilevani,466,495,8/p7/8/8/p7/1k6/8/2K5 b - - 3 69,d2c1
6,EulerE,archilevani,466,495,8/p7/8/8/8/pk6/8/2K5 w - - 0 70,a4a3
6,EulerE,archilevani,466,495,8/p7/8/8/8/pk6/8/1K6 b - - 1 70,c1b1
6,EulerE,archilevani,466,495,8/p7/8/8/8/1k6/p7/1K6 w - - 0 71,a3a2
6,EulerE,archilevani,466,495,8/p7/8/8/8/1k6/p7/K7 b - - 1 71,b1a1
6,EulerE,archilevani,466,495,8/p7/8/8/8/k7/p7/K7 w - - 2 72,b3a3
7,Tahjdavis313,EulerE,465,474,rnbqkbnr/pppppppp/8/8/4P3/8/PPPP1PPP/RNBQKBNR b KQkq - 0 1,e2e4
7,Tahjdavis313,EulerE,465,474,rnbqkbnr/pppp1ppp/8/4p3/4P3/8/PPPP1PPP/RNBQKBNR w KQkq - 0 2,e7e5
7,Tahjdavis313,EulerE,465,474,rnbqkbnr/pppp1ppp/8/4p3/4P3/5N2/PPPP1PPP/RNBQKB1R b KQkq - 1 2,g1f3
7,Tahjdavis313,EulerE,465,474,rnbqkbnr/ppp2ppp/3p4/4p3/4P3/5N2/PPPP1PPP/RNBQKB1R w KQkq - 0 3,d7d6
7,Tahjdavis313,EulerE,465,474,rnbqkbnr/ppp2ppp/3p4/4p3/3PP3/5N2/PPP2PPP/RNBQKB1R b KQkq - 0 3,d2d4
7,Tahjdavis313,EulerE,465,474,rn1qkbnr/ppp2ppp/3p4/4p3/3PP1b1/5N2/PPP2PPP/RNBQKB1R w KQkq - 1 4,c8g4
7,Tahjdavis313,EulerE,465,474,rn1qkbnr/ppp2ppp/3p4/4p3/3PP1b1/5N2/PPP1BPPP/RNBQK2R b KQkq - 2 4,f1e2
7,Tahjdavis313,EulerE,465,474,rn1qkbnr/pp3ppp/3p4/2p1p3/3PP1b1/5N2/PPP1BPPP/RNBQK2R w KQkq - 0 5,c7c5
7,Tahjdavis313,EulerE,465,474,rn1qkbnr/pp3ppp/3p4/2pPp3/4P1b1/5N2/PPP1BPPP/RNBQK2R b KQkq - 0 5,d4d5
7,Tahjdavis313,EulerE,465,474,rn2kbnr/pp3ppp/3p4/q1pPp3/4P1b1/5N2/PPP1BPPP/RNBQK2R w KQkq - 1 6,d8a5
7,Tahjdavis313,EulerE,465,474,rn2kbnr/pp3ppp/3p4/q1pPp3/4P1b1/2N2N2/PPP1BPPP/R1BQK2R b KQkq - 2 6,b1c3
7,Tahjdavis313,EulerE,465,474,r3kbnr/pp1n1ppp/3p4/q1pPp3/4P1b1/2N2N2/PPP1BPPP/R1BQK2R w KQkq - 3 7,b8d7
7,Tahjdavis313,EulerE,465,474,r3kbnr/pp1n1ppp/3p4/q1pPp3/4P1b1/2N2N2/PPPBBPPP/R2QK2R b KQkq - 4 7,c1d2
7,Tahjdavis313,EulerE,465,474,2kr1bnr/pp1n1ppp/3p4/q1pPp3/4P1b1/2N2N2/PPPBBPPP/R2QK2R w KQ - 5 8,e8c8
7,Tahjdavis313,EulerE,465,474,2kr1bnr/pp1n1ppp/3p4/q1pPp3/4P1b1/5N2/PPPBBPPP/RN1QK2R b KQ - 6 8,c3b1
7,Tahjdavis313,EulerE,465,474,2kr1bnr/ppqn1ppp/3p4/2pPp3/4P1b1/5N2/PPPBBPPP/RN1QK2R w KQ - 7 9,a5c7
7,Tahjdavis313,EulerE,465,474,2kr1bnr/ppqn1ppp/3p4/2pPp3/4P1b1/2N2N2/PPPBBPPP/R2QK2R b KQ - 8 9,b1c3
7,Tahjdavis313,EulerE,465,474,2kr1bnr/ppq2ppp/3p1n2/2pPp3/4P1b1/2N2N2/PPPBBPPP/R2QK2R w KQ - 9 10,d7f6
7,Tahjdavis313,EulerE,465,474,2kr1bnr/ppq2ppp/3p1n2/2pPp1B1/4P1b1/2N2N2/PPP1BPPP/R2QK2R b KQ - 10 10,d2g5
7,Tahjdavis313,EulerE,465,474,2kr1bnr/ppq2pp1/3p1n1p/2pPp1B1/4P1b1/2N2N2/PPP1BPPP/R2QK2R w KQ - 0 11,h7h6
7,Tahjdavis313,EulerE,465,474,2kr1bnr/ppq2pp1/3p1B1p/2pPp3/4P1b1/2N2N2/PPP1BPPP/R2QK2R b KQ - 0 11,g5f6
7,Tahjdavis313,EulerE,465,474,2kr1bnr/ppq2p2/3p1p1p/2pPp3/4P1b1/2N2N2/PPP1BPPP/R2QK2R w KQ - 0 12,g7f6
7,Tahjdavis313,EulerE,465,474,2kr1bnr/ppq2p2/3p1p1p/2pPp3/4P1b1/2NQ1N2/PPP1BPPP/R3K2R b KQ - 1 12,d1d3
7,Tahjdavis313,EulerE,465,474,2kr1bnr/ppq2p2/3p1p1p/2pPp3/4P3/2NQ1b2/PPP1BPPP/R3K2R w KQ - 0 13,g4f3
7,Tahjdavis313,EulerE,465,474,2kr1bnr/ppq2p2/3p1p1p/2pPp3/4P3/2NQ1P2/PPP1BP1P/R3K2R b KQ - 0 13,g2f3
7,Tahjdavis313,EulerE,465,474,2kr1b1r/ppq1np2/3p1p1p/2pPp3/4P3/2NQ1P2/PPP1BP1P/R3K2R w KQ - 1 14,g8e7
7,Tahjdavis313,EulerE,465,474,2kr1b1r/ppq1np2/3p1p1p/1NpPp3/4P3/3Q1P2/PPP1BP1P/R3K2R b KQ - 2 14,c3b5
7,Tahjdavis313,EulerE,465,474,2kr1b1r/pp1qnp2/3p1p1p/1NpPp3/4P3/3Q1P2/PPP1BP1P/R3K2R w KQ - 3 15,c7d7
7,Tahjdavis313,EulerE,465,474,2kr1b1r/Np1qnp2/3p1p1p/2pPp3/4P3/3Q1P2/PPP1BP1P/R3K2R b KQ - 0 15,b5a7
7,Tahjdavis313,EulerE,465,474,1k1r1b1r/Np1qnp2/3p1p1p/2pPp3/4P3/3Q1P2/PPP1BP1P/R3K2R w KQ - 1 16,c8b8
7,Tahjdavis313,EulerE,465,474,1k1r1b1r/Np1qnp2/3p1p1p/1QpPp3/4P3/5P2/PPP1BP1P/R3K2R b KQ - 2 16,d3b5
7,Tahjdavis313,EulerE,465,474,3r1b1r/kp1qnp2/3p1p1p/1QpPp3/4P3/5P2/PPP1BP1P/R3K2R w KQ - 0 17,b8a7
7,Tahjdavis313,EulerE,465,474,3r1b1r/kp1Qnp2/3p1p1p/2pPp3/4P3/5P2/PPP1BP1P/R3K2R b KQ - 0 17,b5d7
7,Tahjdavis313,EulerE,465,474,5b1r/kp1rnp2/3p1p1p/2pPp3/4P3/5P2/PPP1BP1P/R3K2R w KQ - 0 18,d8d7
7,Tahjdavis313,EulerE,465,474,5b1r/kp1rnp2/3p1p1p/1BpPp3/4P3/5P2/PPP2P1P/R3K2R b KQ - 1 18,e2b5
7,Tahjdavis313,EulerE,465,474,5b1r/kpr1np2/3p1p1p/1BpPp3/4P3/5P2/PPP2P1P/R3K2R w KQ - 2 19,d7c7
7,Tahjdavis313,EulerE,465,474,5b1r/kpr1np2/3p1p1p/1BpPp3/4P3/5P2/PPP2P1P/2KR3R b - - 3 19,e1c1
7,Tahjdavis313,EulerE,465,474,5b1r/1pr1np2/1k1p1p1p/1BpPp3/4P3/5P2/PPP2P1P/2KR3R w - - 4 20,a7b6
7,Tahjdavis313,EulerE,465,474,5b1r/1pr1np2/1k1p1p1p/1BpPp3/P3P3/5P2/1PP2P1P/2KR3R b - - 0 20,a2a4
7,Tahjdavis313,EulerE,465,474,5b1r/1pr2p2/1k1p1p1p/1Bpnp3/P3P3/5P2/1PP2P1P/2KR3R w - - 0 21,e7d5
7,Tahjdavis313,EulerE,465,474,5b1r/1pr2p2/1k1p1p1p/1Bpnp3/P1P1P3/5P2/1P3P1P/2KR3R b - - 0 21,c2c4
7,Tahjdavis313,EulerE,465,474,5b1r/1pr2p2/1k1p1p1p/1Bp1p3/PnP1P3/5P2/1P3P1P/2KR3R w - - 1 22,d5b4
7,Tahjdavis313,EulerE,465,474,5b1r/1pr2p2/1k1p1p1p/1Bp1p3/PnP1P3/1P3P2/5P1P/2KR3R b - - 0 22,b2b3
7,Tahjdavis313,EulerE,465,474,5b1r/kpr2p2/3p1p1p/1Bp1p3/PnP1P3/1P3P2/5P1P/2KR3R w - - 1 23,b6a7
7,Tahjdavis313,EulerE,465,474,5b1r/kpr2p2/3p1p1p/PBp1p3/1nP1P3/1P3P2/5P1P/2KR3R b - - 0 23,a4a5
7,Tahjdavis313,EulerE,465,474,7r/kpr1bp2/3p1p1p/PBp1p3/1nP1P3/1P3P2/5P1P/2KR3R w - - 1 24,f8e7
7,Tahjdavis313,EulerE,465,474,7r/kpr1bp2/3p1p1p/PBp1p3/1nP1P3/1P3P2/3K1P1P/3R3R b - - 2 24,c1d2
7,Tahjdavis313,EulerE,465,474,r7/kpr1bp2/3p1p1p/PBp1p3/1nP1P3/1P3P2/3K1P1P/3R3R w - - 3 25,h8a8
7,Tahjdavis313,EulerE,465,474,r7/kpr1bp2/3p1p1p/PBp1p3/1nP1P3/1P3P2/3K1P1P/R6R b - - 4 25,d1a1
7,Tahjdavis313,EulerE,465,474,rk6/1pr1bp2/3p1p1p/PBp1p3/1nP1P3/1P3P2/3K1P1P/R6R w - - 5 26,a7b8
7,Tahjdavis313,EulerE,465,474,rk6/1pr1bp2/3p1p1p/PBp1p3/RnP1P3/1P3P2/3K1P1P/7R b - - 6 26,a1a4
7,Tahjdavis313,EulerE,465,474,rk6/1pr1bp2/2np1p1p/PBp1p3/R1P1P3/1P3P2/3K1P1P/7R w - - 7 27,b4c6
7,Tahjdavis313,EulerE,465,474,rk6/1pr1bp2/P1np1p1p/1Bp1p3/R1P1P3/1P3P2/3K1P1P/7R b - - 0 27,a5a6
7,Tahjdavis313,EulerE,465,474,rk6/2r1bp2/p1np1p1p/1Bp1p3/R1P1P3/1P3P2/3K1P1P/7R w - - 0 28,b7a6
7,Tahjdavis313,EulerE,465,474,rk6/2r1bp2/B1np1p1p/2p1p3/R1P1P3/1P3P2/3K1P1P/7R b - - 0 28,b5a6
7,Tahjdavis313,EulerE,465,474,rk6/r3bp2/B1np1p1p/2p1p3/R1P1P3/1P3P2/3K1P1P/7R w - - 1 29,c7a7
7,Tahjdavis313,EulerE,465,474,rk6/r3bp2/B1np1p1p/2p1p3/R1P1P3/1P3P2/3K1P1P/R7 b - - 2 29,h1a1
7,Tahjdavis313,EulerE,465,474,rk1b4/r4p2/B1np1p1p/2p1p3/R1P1P3/1P3P2/3K1P1P/R7 w - - 3 30,e7d8
7,Tahjdavis313,EulerE,465,474,rk1b4/r4p2/2np1p1p/1Bp1p3/R1P1P3/1P3P2/3K1P1P/R7 b - - 4 30,a6b5
7,Tahjdavis313,EulerE,465,474,rk1b4/r4p2/3p1p1p/nBp1p3/R1P1P3/1P3P2/3K1P1P/R7 w - - 5 31,c6a5
7,Tahjdavis313,EulerE,465,474,rk1b4/r4p2/3p1p1p/nBp1p3/RPP1P3/5P2/3K1P1P/R7 b - - 0 31,b3b4
7,Tahjdavis313,EulerE,465,474,rk1b4/r4p2/3p1p1p/1Bp1p3/RPP1P3/1n3P2/3K1P1P/R7 w - - 1 32,a5b3
7,Tahjdavis313,EulerE,465,474,rk1b4/r4p2/3p1p1p/1Bp1p3/RPP1P3/1n3P2/2K2P1P/R7 b - - 2 32,d2c2
7,Tahjdavis313,EulerE,465,474,rk1b4/r4p2/3p1p1p/1Bp1p3/RPP1P3/5P2/2K2P1P/n7 w - - 0 33,b3a1
7,Tahjdavis313,EulerE,465,474,rk1b4/r4p2/3p1p1p/1Bp1p3/1PP1P3/5P2/2K2P1P/R7 b - - 0 33,a4a1
7,Tahjdavis313,EulerE,465,474,rk1b4/5p2/3p1p1p/1Bp1p3/1PP1P3/5P2/2K2P1P/r7 w - - 0 34,a7a1
7,Tahjdavis313,EulerE,465,474,rk1b4/5p2/3p1p1p/1BP1p3/2P1P3/5P2/2K2P1P/r7 b - - 0 34,b4c5
7,Tahjdavis313,EulerE,465,474,rk1b4/5p2/5p1p/1Bp1p3/2P1P3/5P2/2K2P1P/r7 w - - 0 35,d6c5
7,Tahjdavis313,EulerE,465,474,rk1b4/5p2/2B2p1p/2p1p3/2P1P3/5P2/2K2P1P/r7 b - - 1 35,b5c6
7,Tahjdavis313,EulerE,465,474,1k1b4/r4p2/2B2p1p/2p1p3/2P1P3/5P2/2K2P1P/r7 w - - 2 36,a8a7
7,Tahjdavis313,EulerE,465,474,1k1b4/r4p2/5p1p/2pBp3/2P1P3/5P2/2K2P1P/r7 b - - 3 36,c6d5
7,Tahjdavis313,EulerE,465,474,1k1b4/r4p2/5p1p/2pBp3/2P1P3/5P2/2K2P1P/5r2 w - - 4 37,a1f1
7,Tahjdavis313,EulerE,465,474,1k1b4/r4B2/5p1p/2p1p3/2P1P3/5P2/2K2P1P/5r2 b - - 0 37,d5f7
7,Tahjdavis313,EulerE,465,474,1k1b4/r4B2/5p1p/2p1p3/2P1P3/5P2/2K2r1P/8 w - - 0 38,f1f2
7,Tahjdavis313,EulerE,465,474,1k1b4/r4B2/5p1p/2p1p3/2P1P3/3K1P2/5r1P/8 b - - 1 38,c2d3
7,Tahjdavis313,EulerE,465,474,1k1b4/r4B2/5p1p/2p1p3/2P1P3/3K1P2/7r/8 w - - 0 39,f2h2
7,Tahjdavis313,EulerE,465,474,1k1b4/r4B2/5p1p/2p1p3/2P1P3/4KP2/7r/8 b - - 1 39,d3e3
7,Tahjdavis313,EulerE,465,474,1k1b4/5B2/5p1p/2p1p3/2P1P3/r3KP2/7r/8 w - - 2 40,a7a3
8,aysdnmz,EulerE,482,482,rnbqkbnr/pppppppp/8/8/4P3/8/PPPP1PPP/RNBQKBNR b KQkq - 0 1,e2e4
8,aysdnmz,EulerE,482,482,rnbqkbnr/pppp1ppp/8/4p3/4P3/8/PPPP1PPP/RNBQKBNR w KQkq - 0 2,e7e5
8,aysdnmz,EulerE,482,482,rnbqkbnr/pppp1ppp/8/4p2Q/4P3/8/PPPP1PPP/RNB1KBNR b KQkq - 1 2,d1h5
8,aysdnmz,EulerE,482,482,rnbqkbnr/pppp1p1p/6p1/4p2Q/4P3/8/PPPP1PPP/RNB1KBNR w KQkq - 0 3,g7g6
8,aysdnmz,EulerE,482,482,rnbqkbnr/pppp1p1p/6p1/4Q3/4P3/8/PPPP1PPP/RNB1KBNR b KQkq - 0 3,h5e5
8,aysdnmz,EulerE,482,482,rnb1kbnr/ppppqp1p/6p1/4Q3/4P3/8/PPPP1PPP/RNB1KBNR w KQkq - 1 4,d8e7
8,aysdnmz,EulerE,482,482,rnb1kbnQ/ppppqp1p/6p1/8/4P3/8/PPPP1PPP/RNB1KBNR b KQq - 0 4,e5h8
8,aysdnmz,EulerE,482,482,rnb1kbnQ/pppp1p1p/5qp1/8/4P3/8/PPPP1PPP/RNB1KBNR w KQq - 1 5,e7f6
8,aysdnmz,EulerE,482,482,rnb1kbQ1/pppp1p1p/5qp1/8/4P3/8/PPPP1PPP/RNB1KBNR b KQq - 0 5,h8g8
8,aysdnmz,EulerE,482,482,rnb1kbQ1/pppp1pqp/6p1/8/4P3/8/PPPP1PPP/RNB1KBNR w KQq - 1 6,f6g7
8,aysdnmz,EulerE,482,482,rnb1kb2/pppp1pQp/6p1/8/4P3/8/PPPP1PPP/RNB1KBNR b KQq - 0 6,g8g7
8,aysdnmz,EulerE,482,482,rnb1k3/pppp1pbp/6p1/8/4P3/8/PPPP1PPP/RNB1KBNR w KQq - 0 7,f8g7
8,aysdnmz,EulerE,482,482,rnb1k3/pppp1pbp/6p1/8/2B1P3/8/PPPP1PPP/RNB1K1NR b KQq - 1 7,f1c4
8,aysdnmz,EulerE,482,482,rnb1k3/pp1p1pbp/2p3p1/8/2B1P3/8/PPPP1PPP/RNB1K1NR w KQq - 0 8,c7c6
8,aysdnmz,EulerE,482,482,rnb1k3/pp1p1pbp/2p3p1/8/2B1P3/5N2/PPPP1PPP/RNB1K2R b KQq - 1 8,g1f3
8,aysdnmz,EulerE,482,482,rnb1k3/p2p1pbp/2p3p1/1p6/2B1P3/5N2/PPPP1PPP/RNB1K2R w KQq - 0 9,b7b5
8,aysdnmz,EulerE,482,482,rnb1k3/p2p1pbp/2p3p1/1p6/4P3/1B3N2/PPPP1PPP/RNB1K2R b KQq - 1 9,c4b3
8,aysdnmz,EulerE,482,482,rn2k3/p2p1pbp/b1p3p1/1p6/4P3/1B3N2/PPPP1PPP/RNB1K2R w KQq - 2 10,c8a6
8,aysdnmz,EulerE,482,482,rn2k3/p2p1pbp/b1p3p1/1p4N1/4P3/1B6/PPPP1PPP/RNB1K2R b KQq - 3 10,f3g5
8,aysdnmz,EulerE,482,482,rn2k3/p2p1p1p/b1p3pb/1p4N1/4P3/1B6/PPPP1PPP/RNB1K2R w KQq - 4 11,g7h6
8,aysdnmz,EulerE,482,482,rn2k3/p2p1p1N/b1p3pb/1p6/4P3/1B6/PPPP1PPP/RNB1K2R b KQq - 0 11,g5h7
8,aysdnmz,EulerE,482,482,rn2k3/p4p1N/b1pp2pb/1p6/4P3/1B6/PPPP1PPP/RNB1K2R w KQq - 0 12,d7d6
8,aysdnmz,EulerE,482,482,rn2k3/p4p1N/b1pp2pb/1p6/4P3/1BN5/PPPP1PPP/R1B1K2R b KQq - 1 12,b1c3
8,aysdnmz,EulerE,482,482,r3k3/p2n1p1N/b1pp2pb/1p6/4P3/1BN5/PPPP1PPP/R1B1K2R w KQq - 2 13,b8d7
8,aysdnmz,EulerE,482,482,r3k3/p2n1p1N/b1pp2pb/1p6/4P1P1/1BN5/PPPP1P1P/R1B1K2R b KQq - 0 13,g2g4
8,aysdnmz,EulerE,482,482,2kr4/p2n1p1N/b1pp2pb/1p6/4P1P1/1BN5/PPPP1P1P/R1B1K2R w KQ - 1 14,e8c8
8,aysdnmz,EulerE,482,482,2kr4/p2n1p1N/b1pp2pb/1p6/4P1P1/1BN2P2/PPPP3P/R1B1K2R b KQ - 0 14,f2f3
8,aysdnmz,EulerE,482,482,2kr4/p4p1N/b1pp2pb/1p2n3/4P1P1/1BN2P2/PPPP3P/R1B1K2R w KQ - 1 15,d7e5
8,aysdnmz,EulerE,482,482,2kr4/p4p1N/b1pp2pb/1p2n3/3PP1P1/1BN2P2/PPP4P/R1B1K2R b KQ - 0 15,d2d4
8,aysdnmz,EulerE,482,482,2kr4/p4p1N/b1pp2pb/1p6/3PP1P1/1BN2n2/PPP4P/R1B1K2R w KQ - 0 16,e5f3
8,aysdnmz,EulerE,482,482,2kr4/p4p1N/b1pp2pb/1p6/3PP1P1/1BN2n2/PPP4P/R1B2K1R b - - 1 16,e1f1
8,aysdnmz,EulerE,482,482,2kr4/p4p1N/b1pp2pb/8/1p1PP1P1/1BN2n2/PPP4P/R1B2K1R w - - 0 17,b5b4
8,aysdnmz,EulerE,482,482,2kr4/p4p1N/b1pp2pb/8/1p1PP1P1/1BN2n2/PPP3KP/R1B4R b - - 1 17,f1g2
8,aysdnmz,EulerE,482,482,2kr4/p4p1N/b1pp2pb/8/3PP1P1/1Bp2n2/PPP3KP/R1B4R w - - 0 18,b4c3
8,aysdnmz,EulerE,482,482,2kr4/p4p2/b1pp1Npb/8/3PP1P1/1Bp2n2/PPP3KP/R1B4R b - - 1 18,h7f6
8,aysdnmz,EulerE,482,482,2kr4/p4p2/b1pp1Npb/8/3nP1P1/1Bp5/PPP3KP/R1B4R w - - 0 19,f3d4
8,aysdnmz,EulerE,482,482,2kr4/p4B2/b1pp1Npb/8/3nP1P1/2p5/PPP3KP/R1B4R b - - 0 19,b3f7
8,aysdnmz,EulerE,482,482,2kr4/p4B2/b1pp1Npb/8/4P1P1/2p5/PPn3KP/R1B4R w - - 0 20,d4c2
8,aysdnmz,EulerE,482,482,2kr4/p4B2/b1pp1NpB/8/4P1P1/2p5/PPn3KP/R6R b - - 0 20,c1h6
8,aysdnmz,EulerE,482,482,2k4r/p4B2/b1pp1NpB/8/4P1P1/2p5/PPn3KP/R6R w - - 1 21,d8h8
8,aysdnmz,EulerE,482,482,2k4r/p4B2/b1pp1Np1/8/4PBP1/2p5/PPn3KP/R6R b - - 2 21,h6f4
8,aysdnmz,EulerE,482,482,2k4r/p4B2/b1pp1Np1/8/4PBP1/2p5/PP4KP/n6R w - - 0 22,c2a1
8,aysdnmz,EulerE,482,482,2k4r/p4B2/b1pp1Np1/8/4PBP1/2p5/PP4KP/R7 b - - 0 22,h1a1
8,aysdnmz,EulerE,482,482,2k4r/p4B2/b1pp1Np1/8/4PBP1/8/Pp4KP/R7 w - - 0 23,c3b2
8,aysdnmz,EulerE,482,482,2k4r/p4B2/b1pp1Np1/8/4PBP1/8/Pp4KP/3R4 b - - 1 23,a1d1
8,aysdnmz,EulerE,482,482,2k4r/p4B2/2pp1Np1/1b6/4PBP1/8/Pp4KP/3R4 w - - 2 24,a6b5
8,aysdnmz,EulerE,482,482,2k4r/p4B2/2pB1Np1/1b6/4P1P1/8/Pp4KP/3R4 b - - 0 24,f4d6
8,aysdnmz,EulerE,482,482,2k4r/p4B2/2pB1Np1/8/4P1P1/3b4/Pp4KP/3R4 w - - 1 25,b5d3
8,aysdnmz,EulerE,482,482,2k4r/p7/2pBBNp1/8/4P1P1/3b4/Pp4KP/3R4 b - - 2 25,f7e6
8,aysdnmz,EulerE,482,482,7r/pk6/2pBBNp1/8/4P1P1/3b4/Pp4KP/3R4 w - - 3 26,c8b7
8,aysdnmz,EulerE,482,482,7r/pk6/2p1BNp1/8/4P1P1/B2b4/Pp4KP/3R4 b - - 4 26,d6a3
8,aysdnmz,EulerE,482,482,7r/pk6/2p1BNp1/8/4P1P1/B2b4/P5KP/1q1R4 w - - 0 27,b2b1q
8,aysdnmz,EulerE,482,482,7r/pk6/2p1BNp1/8/4P1P1/B2b4/P5KP/1R6 b - - 0 27,d1b1
8,aysdnmz,EulerE,482,482,7r/pk6/2p1BNp1/8/4P1P1/B7/P5KP/1b6 w - - 0 28,d3b1
8,aysdnmz,EulerE,482,482,7r/pk6/2p1BNp1/4P3/6P1/B7/P5KP/1b6 b - - 0 28,e4e5
8,aysdnmz,EulerE,482,482,7r/1k6/2p1BNp1/p3P3/6P1/B7/P5KP/1b6 w - - 0 29,a7a5
8,aysdnmz,EulerE,482,482,7r/1k6/2p1BNp1/p1B1P3/6P1/8/P5KP/1b6 b - - 1 29,a3c5
8,aysdnmz,EulerE,482,482,7r/8/k1p1BNp1/p1B1P3/6P1/8/P5KP/1b6 w - - 2 30,b7a6
8,aysdnmz,EulerE,482,482,2B4r/8/k1p2Np1/p1B1P3/6P1/8/P5KP/1b6 b - - 3 30,e6c8
8,aysdnmz,EulerE,482,482,2B4r/8/2p2Np1/pkB1P3/6P1/8/P5KP/1b6 w - - 4 31,a6b5
8,aysdnmz,EulerE,482,482,2B4r/8/2p2Np1/pk2P3/6P1/B7/P5KP/1b6 b - - 5 31,c5a3
8,aysdnmz,EulerE,482,482,2B4r/8/2p2Np1/pk2P3/6P1/B7/b5KP/8 w - - 0 32,b1a2
8,aysdnmz,EulerE,482,482,7r/1B6/2p2Np1/pk2P3/6P1/B7/b5KP/8 b - - 1 32,c8b7
8,aysdnmz,EulerE,482,482,7r/1B6/2p2Np1/p3P3/k5P1/B7/b5KP/8 w - - 2 33,b5a4
8,aysdnmz,EulerE,482,482,7r/1B6/2p2Np1/p1B1P3/k5P1/8/b5KP/8 b - - 3 33,a3c5
8,aysdnmz,EulerE,482,482,7r/1B6/2p2Np1/pkB1P3/6P1/8/b5KP/8 w - - 4 34,a4b5
8,aysdnmz,EulerE,482,482,7r/1B6/2p2Np1/pk2P3/3B2P1/8/b5KP/8 b - - 5 34,c5d4
8,aysdnmz,EulerE,482,482,7r/1B6/2p2Np1/1k2P3/p2B2P1/8/b5KP/8 w - - 0 35,a5a4
8,aysdnmz,EulerE,482,482,7r/1B1N4/2p3p1/1k2P3/p2B2P1/8/b5KP/8 b - - 1 35,f6d7
8,aysdnmz,EulerE,482,482,7r/1B1N4/2p3p1/4P3/pk1B2P1/8/b5KP/8 w - - 2 36,b5b4
8,aysdnmz,EulerE,482,482,7r/1B6/1Np3p1/4P3/pk1B2P1/8/b5KP/8 b - - 3 36,d7b6
8,aysdnmz,EulerE,482,482,7r/1B6/1Np3p1/4P3/1k1B2P1/p7/b5KP/8 w - - 0 37,a4a3
8,aysdnmz,EulerE,482,482,7r/8/1NB3p1/4P3/1k1B2P1/p7/b5KP/8 b - - 0 37,b7c6
8,aysdnmz,EulerE,482,482,7r/8/1NB3p1/4P3/1k1B2P1/pb6/6KP/8 w - - 1 38,a2b3
8,aysdnmz,EulerE,482,482,7r/8/2B3p1/3NP3/1k1B2P1/pb6/6KP/8 b - - 2 38,b6d5
8,aysdnmz,EulerE,482,482,7r/8/2B3p1/3NP3/2kB2P1/pb6/6KP/8 w - - 3 39,b4c4
8,aysdnmz,EulerE,482,482,7r/8/2B3p1/4P3/1NkB2P1/pb6/6KP/8 b - - 4 39,d5b4
8,aysdnmz,EulerE,482,482,7r/8/2B3p1/4P3/1N1k2P1/pb6/6KP/8 w - - 0 40,c4d4
8,aysdnmz,EulerE,482,482,7r/8/2B1P1p1/8/1N1k2P1/pb6/6KP/8 b - - 0 40,e5e6
8,aysdnmz,EulerE,482,482,7r/8/2B1b1p1/8/1N1k2P1/p7/6KP/8 w - - 0 41,b3e6
9,vined1650,EulerE,435,473,rnbqkbnr/pppppppp/8/8/8/6P1/PPPPPP1P/RNBQKBNR b KQkq - 0 1,g2g3
9,vined1650,EulerE,435,473,rnbqkbnr/ppp1pppp/8/3p4/8/6P1/PPPPPP1P/RNBQKBNR w KQkq - 0 2,d7d5
9,vined1650,EulerE,435,473,rnbqkbnr/ppp1pppp/8/3p4/8/5NP1/PPPPPP1P/RNBQKB1R b KQkq - 1 2,g1f3
9,vined1650,EulerE,435,473,rnbqkbnr/ppp1pppp/8/8/3p4/5NP1/PPPPPP1P/RNBQKB1R w KQkq - 0 3,d5d4
9,vined1650,EulerE,435,473,rnbqkbnr/ppp1pppp/8/8/3p4/2P2NP1/PP1PPP1P/RNBQKB1R b KQkq - 0 3,c2c3
9,vined1650,EulerE,435,473,rnbqkbnr/ppp1pppp/8/8/8/2p2NP1/PP1PPP1P/RNBQKB1R w KQkq - 0 4,d4c3
9,vined1650,EulerE,435,473,rnbqkbnr/ppp1pppp/8/8/8/2P2NP1/P2PPP1P/RNBQKB1R b KQkq - 0 4,b2c3
9,vined1650,EulerE,435,473,rn1qkbnr/ppp1pppp/8/5b2/8/2P2NP1/P2PPP1P/RNBQKB1R w KQkq - 1 5,c8f5
9,vined1650,EulerE,435,473,rn1qkbnr/ppp1pppp/8/5b2/8/2P2NP1/P2PPP1P/RNBQKBR1 b Qkq - 2 5,h1g1
9,vined1650,EulerE,435,473,r2qkbnr/ppp1pppp/2n5/5b2/8/2P2NP1/P2PPP1P/RNBQKBR1 w Qkq - 3 6,b8c6
9,vined1650,EulerE,435,473,r2qkbnr/ppp1pppp/2n5/5b2/3P4/2P2NP1/P3PP1P/RNBQKBR1 b Qkq - 0 6,d2d4
9,vined1650,EulerE,435,473,r2qkbnr/ppp2ppp/2n1p3/5b2/3P4/2P2NP1/P3PP1P/RNBQKBR1 w Qkq - 0 7,e7e6
9,vined1650,EulerE,435,473,r2qkbnr/ppp2ppp/2n1p3/5b2/3P4/2P2NP1/P2QPP1P/RNB1KBR1 b Qkq - 1 7,d1d2
9,vined1650,EulerE,435,473,r2qk1nr/ppp2ppp/2nbp3/5b2/3P4/2P2NP1/P2QPP1P/RNB1KBR1 w Qkq - 2 8,f8d6
9,vined1650,EulerE,435,473,r2qk1nr/ppp2ppp/2nbp3/5bN1/3P4/2P3P1/P2QPP1P/RNB1KBR1 b Qkq - 3 8,f3g5
9,vined1650,EulerE,435,473,r2qk1nr/ppp2ppp/2nbp3/6N1/3P4/2P3P1/P2QPP1P/RbB1KBR1 w Qkq - 0 9,f5b1
9,vined1650,EulerE,435,473,r2qk1nr/ppp2ppp/2nbp3/6N1/3P4/2P3P1/P2QPP1P/1RB1KBR1 b kq - 0 9,a1b1
9,vined1650,EulerE,435,473,r2qk1nr/ppp2pp1/2nbp2p/6N1/3P4/2P3P1/P2QPP1P/1RB1KBR1 w kq - 0 10,h7h6
9,vined1650,EulerE,435,473,r2qk1nr/ppp2pp1/2nbp2p/8/3PN3/2P3P1/P2QPP1P/1RB1KBR1 b kq - 1 10,g5e4
9,vined1650,EulerE,435,473,r2qk1nr/ppp1bpp1/2n1p2p/8/3PN3/2P3P1/P2QPP1P/1RB1KBR1 w kq - 2 11,d6e7
9,vined1650,EulerE,435,473,r2qk1nr/pRp1bpp1/2n1p2p/8/3PN3/2P3P1/P2QPP1P/2B1KBR1 b kq - 0 11,b1b7
9,vined1650,EulerE,435,473,r2qk1nr/pRp2pp1/2n1p2p/6b1/3PN3/2P3P1/P2QPP1P/2B1KBR1 w kq - 1 12,e7g5
9,vined1650,EulerE,435,473,r2qk1nr/pRp2pp1/2n1p2p/6b1/3PNP2/2P3P1/P2QP2P/2B1KBR1 b kq - 0 12,f2f4
9,vined1650,EulerE,435,473,r2qk1nr/pRp1bpp1/2n1p2p/8/3PNP2/2P3P1/P2QP2P/2B1KBR1 w kq - 1 13,g5e7
9,vined1650,EulerE,435,473,r2qk1nr/pRp1bpp1/2n1p2p/8/3PNP2/2P3P1/P2QP1BP/2B1K1R1 b kq - 2 13,f1g2
9,vined1650,EulerE,435,473,r2qk2r/pRp1bpp1/2n1pn1p/8/3PNP2/2P3P1/P2QP1BP/2B1K1R1 w kq - 3 14,g8f6
9,vined1650,EulerE,435,473,r2qk2r/pRp1bpp1/2n1pn1p/2N5/3P1P2/2P3P1/P2QP1BP/2B1K1R1 b kq - 4 14,e4c5
9,vined1650,EulerE,435,473,1r1qk2r/pRp1bpp1/2n1pn1p/2N5/3P1P2/2P3P1/P2QP1BP/2B1K1R1 w k - 5 15,a8b8
9,vined1650,EulerE,435,473,1r1qk2r/pRp1bpp1/2B1pn1p/2N5/3P1P2/2P3P1/P2QP2P/2B1K1R1 b k - 0 15,g2c6
9,vined1650,EulerE,435,473,1r1q1k1r/pRp1bpp1/2B1pn1p/2N5/3P1P2/2P3P1/P2QP2P/2B1K1R1 w - - 1 16,e8f8
9,vined1650,EulerE,435,473,1r1q1k1r/pRp1bpp1/2B1pn1p/2N5/3P1P2/2P3P1/PQ2P2P/2B1K1R1 b - - 2 16,d2b2
9,vined1650,EulerE,435,473,3q1k1r/prp1bpp1/2B1pn1p/2N5/3P1P2/2P3P1/PQ2P2P/2B1K1R1 w - - 0 17,b8b7
9,vined1650,EulerE,435,473,3q1k1r/pNp1bpp1/2B1pn1p/8/3P1P2/2P3P1/PQ2P2P/2B1K1R1 b - - 0 17,c5b7
9,vined1650,EulerE,435,473,5k1r/pNp1bpp1/2Bqpn1p/8/3P1P2/2P3P1/PQ2P2P/2B1K1R1 w - - 1 18,d8d6
9,vined1650,EulerE,435,473,5k1r/p1p1bpp1/2BNpn1p/8/3P1P2/2P3P1/PQ2P2P/2B1K1R1 b - - 0 18,b7d6
9,vined1650,EulerE,435,473,5k1r/p1p2pp1/2Bbpn1p/8/3P1P2/2P3P1/PQ2P2P/2B1K1R1 w - - 0 19,e7d6
9,vined1650,EulerE,435,473,1Q3k1r/p1p2pp1/2Bbpn1p/8/3P1P2/2P3P1/P3P2P/2B1K1R1 b - - 1 19,b2b8
9,vined1650,EulerE,435,473,1Q2nk1r/p1p2pp1/2Bbp2p/8/3P1P2/2P3P1/P3P2P/2B1K1R1 w - - 2 20,f6e8
9,vined1650,EulerE,435,473,1Q2nk1r/p1p2pp1/2Bbp2p/3P4/5P2/2P3P1/P3P2P/2B1K1R1 b - - 0 20,d4d5
9,vined1650,EulerE,435,473,1Q2nk2/p1p2ppr/2Bbp2p/3P4/5P2/2P3P1/P3P2P/2B1K1R1 w - - 1 21,h8h7
9,vined1650,EulerE,435,473,1Q2nk2/p1p2ppr/2BbP2p/8/5P2/2P3P1/P3P2P/2B1K1R1 b - - 0 21,d5e6
9,vined1650,EulerE,435,473,1Q2nk2/p1p3pr/2Bbp2p/8/5P2/2P3P1/P3P2P/2B1K1R1 w - - 0 22,f7e6
9,vined1650,EulerE,435,473,1Q2Bk2/p1p3pr/3bp2p/8/5P2/2P3P1/P3P2P/2B1K1R1 b - - 0 22,c6e8
9,vined1650,EulerE,435,473,1Q2B3/p1p1k1pr/3bp2p/8/5P2/2P3P1/P3P2P/2B1K1R1 w - - 1 23,f8e7
9,vined1650,EulerE,435,473,1Q6/p1p1k1pr/3bp1Bp/8/5P2/2P3P1/P3P2P/2B1K1R1 b - - 2 23,e8g6
9,vined1650,EulerE,435,473,1Q5r/p1p1k1p1/3bp1Bp/8/5P2/2P3P1/P3P2P/2B1K1R1 w - - 3 24,h7h8
9,vined1650,EulerE,435,473,7Q/p1p1k1p1/3bp1Bp/8/5P2/2P3P1/P3P2P/2B1K1R1 b - - 0 24,b8h8
10,EulerE,GuiDeagle,479,392,rnbqkbnr/pppppppp/8/8/4P3/8/PPPP1PPP/RNBQKBNR b KQkq - 0 1,e2e4
10,EulerE,GuiDeagle,479,392,rnbqkbnr/ppp1pppp/8/3p4/4P3/8/PPPP1PPP/RNBQKBNR w KQkq - 0 2,d7d5
10,EulerE,GuiDeagle,479,392,rnbqkbnr/ppp1pppp/8/3p4/4P3/5P2/PPPP2PP/RNBQKBNR b KQkq - 0 2,f2f3
10,EulerE,GuiDeagle,479,392,rnbqkb1r/ppp1pppp/5n2/3p4/4P3/5P2/PPPP2PP/RNBQKBNR w KQkq - 1 3,g8f6
10,EulerE,GuiDeagle,479,392,rnbqkb1r/ppp1pppp/5n2/3p4/4P3/2N2P2/PPPP2PP/R1BQKBNR b KQkq - 2 3,b1c3
10,EulerE,GuiDeagle,479,392,rnbqkb1r/pp2pppp/2p2n2/3p4/4P3/2N2P2/PPPP2PP/R1BQKBNR w KQkq - 0 4,c7c6
10,EulerE,GuiDeagle,479,392,rnbqkb1r/pp2pppp/2p2n2/3p4/4P3/2N2P2/PPPPN1PP/R1BQKB1R b KQkq - 1 4,g1e2
10,EulerE,GuiDeagle,479,392,rnbqkb1r/pp3ppp/2p2n2/3pp3/4P3/2N2P2/PPPPN1PP/R1BQKB1R w KQkq - 0 5,e7e5
10,EulerE,GuiDeagle,479,392,rnbqkb1r/pp3ppp/2p2n2/3pp3/4P3/2NP1P2/PPP1N1PP/R1BQKB1R b KQkq - 0 5,d2d3
10,EulerE,GuiDeagle,479,392,rnbqk2r/pp2bppp/2p2n2/3pp3/4P3/2NP1P2/PPP1N1PP/R1BQKB1R w KQkq - 1 6,f8e7
10,EulerE,GuiDeagle,479,392,rnbqk2r/pp2bppp/2p2n2/3pp3/4P3/2NP1PN1/PPP3PP/R1BQKB1R b KQkq - 2 6,e2g3
10,EulerE,GuiDeagle,479,392,rnbq1rk1/pp2bppp/2p2n2/3pp3/4P3/2NP1PN1/PPP3PP/R1BQKB1R w KQ - 3 7,e8g8
10,EulerE,GuiDeagle,479,392,rnbq1rk1/pp2bppp/2p2n2/3pp3/4PP2/2NP2N1/PPP3PP/R1BQKB1R b KQ - 0 7,f3f4
10,EulerE,GuiDeagle,479,392,rnbq1rk1/pp2bppp/2p2n2/3p4/4Pp2/2NP2N1/PPP3PP/R1BQKB1R w KQ - 0 8,e5f4
10,EulerE,GuiDeagle,479,392,rnbq1rk1/pp2bppp/2p2n2/3p1N2/4Pp2/2NP4/PPP3PP/R1BQKB1R b KQ - 1 8,g3f5
10,EulerE,GuiDeagle,479,392,rnbq1rk1/pp3ppp/2pb1n2/3p1N2/4Pp2/2NP4/PPP3PP/R1BQKB1R w KQ - 2 9,e7d6
10,EulerE,GuiDeagle,479,392,rnbq1rk1/pp3ppp/2pN1n2/3p4/4Pp2/2NP4/PPP3PP/R1BQKB1R b KQ - 0 9,f5d6
10,EulerE,GuiDeagle,479,392,rnb2rk1/pp3ppp/2pq1n2/3p4/4Pp2/2NP4/PPP3PP/R1BQKB1R w KQ - 0 10,d8d6
10,EulerE,GuiDeagle,479,392,rnb2rk1/pp3ppp/2pq1n2/3P4/5p2/2NP4/PPP3PP/R1BQKB1R b KQ - 0 10,e4d5
10,EulerE,GuiDeagle,479,392,rnb2rk1/pp3ppp/3q1n2/3p4/5p2/2NP4/PPP3PP/R1BQKB1R w KQ - 0 11,c6d5
10,EulerE,GuiDeagle,479,392,rnb2rk1/pp3ppp/3q1n2/3p4/3P1p2/2N5/PPP3PP/R1BQKB1R b KQ - 0 11,d3d4
10,EulerE,GuiDeagle,479,392,r1b2rk1/pp3ppp/2nq1n2/3p4/3P1p2/2N5/PPP3PP/R1BQKB1R w KQ - 1 12,b8c6
10,EulerE,GuiDeagle,479,392,r1b2rk1/pp3ppp/2nq1n2/3p4/3P1p2/2NB4/PPP3PP/R1BQK2R b KQ - 2 12,f1d3
10,EulerE,GuiDeagle,479,392,r1b1r1k1/pp3ppp/2nq1n2/3p4/3P1p2/2NB4/PPP3PP/R1BQK2R w KQ - 3 13,f8e8
10,EulerE,GuiDeagle,479,392,r1b1r1k1/pp3ppp/2nq1n2/3p4/3P1p2/3B4/PPP1N1PP/R1BQK2R b KQ - 4 13,c3e2
10,EulerE,GuiDeagle,479,392,r1b1r1k1/pp3ppp/2nq4/3p4/3Pnp2/3B4/PPP1N1PP/R1BQK2R w KQ - 5 14,f6e4
10,EulerE,GuiDeagle,479,392,r1b1r1k1/pp3ppp/2nq4/3p4/3Pnp2/3B4/PPP1N1PP/R1BQ1RK1 b - - 6 14,e1g1
10,EulerE,GuiDeagle,479,392,r3r1k1/pp3ppp/2nq4/3p4/3Pnpb1/3B4/PPP1N1PP/R1BQ1RK1 w - - 7 15,c8g4
10,EulerE,GuiDeagle,479,392,r3r1k1/pp3ppp/2nq4/3p4/3PBpb1/8/PPP1N1PP/R1BQ1RK1 b - - 0 15,d3e4
10,EulerE,GuiDeagle,479,392,r5k1/pp3ppp/2nq4/3p4/3Prpb1/8/PPP1N1PP/R1BQ1RK1 w - - 0 16,e8e4
10,EulerE,GuiDeagle,479,392,r5k1/pp3ppp/2nq4/3p4/3Prpb1/3Q4/PPP1N1PP/R1B2RK1 b - - 1 16,d1d3
10,EulerE,GuiDeagle,479,392,4r1k1/pp3ppp/2nq4/3p4/3Prpb1/3Q4/PPP1N1PP/R1B2RK1 w - - 2 17,a8e8
10,EulerE,GuiDeagle,479,392,4r1k1/pp3ppp/2nq4/3p4/3PrBb1/3Q4/PPP1N1PP/R4RK1 b - - 0 17,c1f4
10,EulerE,GuiDeagle,479,392,4r1k1/pp3ppp/2nq4/3p4/3P1rb1/3Q4/PPP1N1PP/R4RK1 w - - 0 18,e4f4
10,EulerE,GuiDeagle,479,392,4r1k1/pp3ppp/2nq4/3p4/3P1Nb1/3Q4/PPP3PP/R4RK1 b - - 0 18,e2f4
10,EulerE,GuiDeagle,479,392,4r1k1/pp3p1p/2nq4/3p2p1/3P1Nb1/3Q4/PPP3PP/R4RK1 w - - 0 19,g7g5
10,EulerE,GuiDeagle,479,392,4r1k1/pp3p1p/2nq4/3p2p1/2PP1Nb1/3Q4/PP4PP/R4RK1 b - - 0 19,c2c4
10,EulerE,GuiDeagle,479,392,4r1k1/pp3p1p/2nq4/6p1/2pP1Nb1/3Q4/PP4PP/R4RK1 w - - 0 20,d5c4
10,EulerE,GuiDeagle,479,392,4r1k1/pp3p1p/2nq4/6p1/2QP1Nb1/8/PP4PP/R4RK1 b - - 0 20,d3c4
10,EulerE,GuiDeagle,479,392,4r1k1/pp3p1p/3q4/6p1/2Qn1Nb1/8/PP4PP/R4RK1 w - - 0 21,c6d4
10,EulerE,GuiDeagle,479,392,4r1k1/pp3p1p/3q4/6p1/2Qn1Nb1/8/PP4PP/4RRK1 b - - 1 21,a1e1
10,EulerE,GuiDeagle,479,392,3r2k1/pp3p1p/3q4/6p1/2Qn1Nb1/8/PP4PP/4RRK1 w - - 2 22,e8d8
10,EulerE,GuiDeagle,479,392,3r2k1/pp3p1p/3q4/6p1/2Qn1Nb1/8/PP3KPP/4RR2 b - - 3 22,g1f2
10,EulerE,GuiDeagle,479,392,3r2k1/pp3p1p/8/6p1/2Qn1qb1/8/PP3KPP/4RR2 w - - 0 23,d6f4
10,EulerE,GuiDeagle,479,392,3r2k1/pp3p1p/8/6p1/2Qn1qb1/8/PP4PP/4RRK1 b - - 1 23,f2g1
10,EulerE,GuiDeagle,479,392,3r2k1/pp3p1p/3q4/6p1/2Qn2b1/8/PP4PP/4RRK1 w - - 2 24,f4d6
10,EulerE,GuiDeagle,479,392,3r2k1/pp3Q1p/3q4/6p1/3n2b1/8/PP4PP/4RRK1 b - - 0 24,c4f7
10,EulerE,GuiDeagle,479,392,3r3k/pp3Q1p/3q4/6p1/3n2b1/8/PP4PP/4RRK1 w - - 1 25,g8h8
10,EulerE,GuiDeagle,479,392,3rR2k/pp3Q1p/3q4/6p1/3n2b1/8/PP4PP/5RK1 b - - 2 25,e1e8
10,EulerE,GuiDeagle,479,392,4r2k/pp3Q1p/3q4/6p1/3n2b1/8/PP4PP/5RK1 w - - 0 26,d8e8
10,EulerE,GuiDeagle,479,392,4Q2k/pp5p/3q4/6p1/3n2b1/8/PP4PP/5RK1 b - - 0 26,f7e8
10,EulerE,GuiDeagle,479,392,4Q3/pp4kp/3q4/6p1/3n2b1/8/PP4PP/5RK1 w - - 1 27,h8g7
10,EulerE,GuiDeagle,479,392,4Q3/pp4kp/3q4/6p1/3n2b1/7P/PP4P1/5RK1 b - - 0 27,h2h3
10,EulerE,GuiDeagle,479,392,4Q3/pp4kp/3q4/6p1/3n4/7P/PP2b1P1/5RK1 w - - 1 28,g4e2
10,EulerE,GuiDeagle,479,392,4Q3/pp4kp/3q4/6p1/3n4/7P/PP2b1P1/4R1K1 b - - 2 28,f1e1
10,EulerE,GuiDeagle,479,392,4Q3/pp4kp/3q4/6p1/2bn4/7P/PP4P1/4R1K1 w - - 3 29,e2c4
10,EulerE,GuiDeagle,479,392,4Q3/pp2R1kp/3q4/6p1/2bn4/7P/PP4P1/6K1 b - - 4 29,e1e7
10,EulerE,GuiDeagle,479,392,4Q3/pp2R2p/3q1k2/6p1/2bn4/7P/PP4P1/6K1 w - - 5 30,g7f6
10,EulerE,GuiDeagle,479,392,4Q3/pp2R2p/3q1k2/6p1/2bn4/1P5P/P5P1/6K1 b - - 0 30,b2b3
10,EulerE,GuiDeagle,479,392,4Q3/pp2R2p/3q1k2/6p1/2b5/1n5P/P5P1/6K1 w - - 0 31,d4b3
10,EulerE,GuiDeagle,479,392,4Q3/pp2R2p/3q1k2/6p1/2b5/1P5P/6P1/6K1 b - - 0 31,a2b3
10,EulerE,GuiDeagle,479,392,4Q3/pp2R2p/3q1k2/6p1/8/1b5P/6P1/6K1 w - - 0 32,c4b3
10,EulerE,GuiDeagle,479,392,4Q3/pp5p/3q1k2/6p1/8/1b2R2P/6P1/6K1 b - - 1 32,e7e3
10,EulerE,GuiDeagle,479,392,4Q3/pp3b1p/3q1k2/6p1/8/4R2P/6P1/6K1 w - - 2 33,b3f7
10,EulerE,GuiDeagle,479,392,8/pp3b1p/3q1k2/6p1/4Q3/4R2P/6P1/6K1 b - - 3 33,e8e4
10,EulerE,GuiDeagle,479,392,8/pp5p/3q1kb1/6p1/4Q3/4R2P/6P1/6K1 w - - 4 34,f7g6
10,EulerE,GuiDeagle,479,392,8/pp5p/3q1kb1/6p1/8/4RQ1P/6P1/6K1 b - - 5 34,e4f3
10,EulerE,GuiDeagle,479,392,8/pp4kp/3q2b1/6p1/8/4RQ1P/6P1/6K1 w - - 6 35,f6g7
10,EulerE,GuiDeagle,479,392,8/pp4kp/3q2b1/6p1/8/4R2P/4Q1P1/6K1 b - - 7 35,f3e2
10,EulerE,GuiDeagle,479,392,8/1p4kp/p2q2b1/6p1/8/4R2P/4Q1P1/6K1 w - - 0 36,a7a6
10,EulerE,GuiDeagle,479,392,8/1p2R1kp/p2q2b1/6p1/8/7P/4Q1P1/6K1 b - - 1 36,e3e7
10,EulerE,GuiDeagle,479,392,8/1p2R2p/p2q1kb1/6p1/8/7P/4Q1P1/6K1 w - - 2 37,g7f6
10,EulerE,GuiDeagle,479,392,8/1R5p/p2q1kb1/6p1/8/7P/4Q1P1/6K1 b - - 0 37,e7b7
10,EulerE,GuiDeagle,479,392,8/1R5p/p1q2kb1/6p1/8/7P/4Q1P1/6K1 w - - 1 38,d6c6
10,EulerE,GuiDeagle,479,392,8/1R5p/p1q2kb1/6p1/8/7P/1Q4P1/6K1 b - - 2 38,e2b2
10,EulerE,GuiDeagle,479,392,8/1R5p/p1q3b1/5kp1/8/7P/1Q4P1/6K1 w - - 3 39,f6f5
10,EulerE,GuiDeagle,479,392,8/7p/pRq3b1/5kp1/8/7P/1Q4P1/6K1 b - - 4 39,b7b6
10,EulerE,GuiDeagle,479,392,8/7p/pR4b1/5kp1/4q3/7P/1Q4P1/6K1 w - - 5 40,c6e4
10,EulerE,GuiDeagle,479,392,8/7p/R5b1/5kp1/4q3/7P/1Q4P1/6K1 b - - 0 40,b6a6
10,EulerE,GuiDeagle,479,392,8/7p/R5b1/5kp1/8/7P/1Q4P1/4q1K1 w - - 1 41,e4e1
10,EulerE,GuiDeagle,479,392,8/7p/R5b1/5kp1/8/7P/1Q4PK/4q3 b - - 2 41,g1h2
10,EulerE,GuiDeagle,479,392,8/7p/R7/5kpb/8/7P/1Q4PK/4q3 w - - 3 42,g6h5
10,EulerE,GuiDeagle,479,392,8/7p/5R2/5kpb/8/7P/1Q4PK/4q3 b - - 4 42,a6f6
10,EulerE,GuiDeagle,479,392,8/7p/5R2/6pb/4k3/7P/1Q4PK/4q3 w - - 5 43,f5e4
10,EulerE,GuiDeagle,479,392,8/7p/5R2/6pb/4k3/7P/5QPK/4q3 b - - 6 43,b2f2
10,EulerE,GuiDeagle,479,392,8/7p/5R2/6p1/4k3/5b1P/5QPK/4q3 w - - 7 44,h5f3
10,EulerE,GuiDeagle,479,392,8/7p/5R2/6p1/4k3/5P1P/5Q1K/4q3 b - - 0 44,g2f3
10,EulerE,GuiDeagle,479,392,8/7p/5R2/6p1/8/3k1P1P/5Q1K/4q3 w - - 1 45,e4d3
10,EulerE,GuiDeagle,479,392,8/7p/5R2/6p1/8/3k1P1P/7K/4Q3 b - - 0 45,f2e1
11,WitchKraftE4,EulerE,498,488,rnbqkbnr/pppppppp/8/8/8/5N2/PPPPPPPP/RNBQKB1R b KQkq - 1 1,g1f3
11,WitchKraftE4,EulerE,498,488,rnbqkbnr/pppp1ppp/8/4p3/8/5N2/PPPPPPPP/RNBQKB1R w KQkq - 0 2,e7e5
11,WitchKraftE4,EulerE,498,488,rnbqkbnr/pppp1ppp/8/4p3/8/5NP1/PPPPPP1P/RNBQKB1R b KQkq - 0 2,g2g3
11,WitchKraftE4,EulerE,498,488,rnbqkbnr/ppp2ppp/3p4/4p3/8/5NP1/PPPPPP1P/RNBQKB1R w KQkq - 0 3,d7d6
11,WitchKraftE4,EulerE,498,488,rnbqkbnr/ppp2ppp/3p4/4p3/8/5NP1/PPPPPPBP/RNBQK2R b KQkq - 1 3,f1g2
11,WitchKraftE4,EulerE,498,488,rnbqkb1r/ppp2ppp/3p1n2/4p3/8/5NP1/PPPPPPBP/RNBQK2R w KQkq - 2 4,g8f6
11,WitchKraftE4,EulerE,498,488,rnbqkb1r/ppp2ppp/3p1n2/4p3/8/5NP1/PPPPPPBP/RNBQ1RK1 b kq - 3 4,e1g1
11,WitchKraftE4,EulerE,498,488,rnbqkb1r/pp3ppp/3p1n2/2p1p3/8/5NP1/PPPPPPBP/RNBQ1RK1 w kq - 0 5,c7c5
11,WitchKraftE4,EulerE,498,488,rnbqkb1r/pp3ppp/3p1n2/2p1p3/8/3P1NP1/PPP1PPBP/RNBQ1RK1 b kq - 0 5,d2d3
11,WitchKraftE4,EulerE,498,488,rnbqkb1r/p4ppp/1p1p1n2/2p1p3/8/3P1NP1/PPP1PPBP/RNBQ1RK1 w kq - 0 6,b7b6
11,WitchKraftE4,EulerE,498,488,rnbqkb1r/p4ppp/1p1p1n2/2p1p3/8/2NP1NP1/PPP1PPBP/R1BQ1RK1 b kq - 1 6,b1c3
11,WitchKraftE4,EulerE,498,488,rnb1kb1r/p3qppp/1p1p1n2/2p1p3/8/2NP1NP1/PPP1PPBP/R1BQ1RK1 w kq - 2 7,d8e7
11,WitchKraftE4,EulerE,498,488,rnb1kb1r/p3qppp/1p1p1n2/2p1p1B1/8/2NP1NP1/PPP1PPBP/R2Q1RK1 b kq - 3 7,c1g5
11,WitchKraftE4,EulerE,498,488,rnb1kb1r/p3qpp1/1p1p1n1p/2p1p1B1/8/2NP1NP1/PPP1PPBP/R2Q1RK1 w kq - 0 8,h7h6
11,WitchKraftE4,EulerE,498,488,rnb1kb1r/p3qpp1/1p1p1B1p/2p1p3/8/2NP1NP1/PPP1PPBP/R2Q1RK1 b kq - 0 8,g5f6
11,WitchKraftE4,EulerE,498,488,rnb1kb1r/p4pp1/1p1p1q1p/2p1p3/8/2NP1NP1/PPP1PPBP/R2Q1RK1 w kq - 0 9,e7f6
11,WitchKraftE4,EulerE,498,488,rnb1kb1r/p4pp1/1p1p1q1p/2p1p3/4P3/2NP1NP1/PPP2PBP/R2Q1RK1 b kq - 0 9,e2e4
11,WitchKraftE4,EulerE,498,488,rnb1k2r/p3bpp1/1p1p1q1p/2p1p3/4P3/2NP1NP1/PPP2PBP/R2Q1RK1 w kq - 1 10,f8e7
11,WitchKraftE4,EulerE,498,488,rnb1k2r/p3bpp1/1p1p1q1p/2p1p3/4P3/P1NP1NP1/1PP2PBP/R2Q1RK1 b kq - 0 10,a2a3
11,WitchKraftE4,EulerE,498,488,rnb2rk1/p3bpp1/1p1p1q1p/2p1p3/4P3/P1NP1NP1/1PP2PBP/R2Q1RK1 w - - 1 11,e8g8
11,WitchKraftE4,EulerE,498,488,rnb2rk1/p3bpp1/1p1p1q1p/2p1p3/1P2P3/P1NP1NP1/2P2PBP/R2Q1RK1 b - - 0 11,b2b4
11,WitchKraftE4,EulerE,498,488,rnb2rk1/p3bpp1/1p1p1q1p/4p3/1p2P3/P1NP1NP1/2P2PBP/R2Q1RK1 w - - 0 12,c5b4
11,WitchKraftE4,EulerE,498,488,rnb2rk1/p3bpp1/1p1p1q1p/4p3/1P2P3/2NP1NP1/2P2PBP/R2Q1RK1 b - - 0 12,a3b4
11,WitchKraftE4,EulerE,498,488,r1b2rk1/p3bpp1/1pnp1q1p/4p3/1P2P3/2NP1NP1/2P2PBP/R2Q1RK1 w - - 1 13,b8c6
11,WitchKraftE4,EulerE,498,488,r1b2rk1/p3bpp1/1pnp1q1p/4p3/1P2P2N/2NP2P1/2P2PBP/R2Q1RK1 b - - 2 13,f3h4
11,WitchKraftE4,EulerE,498,488,r1b2rk1/p3bp2/1pnp1q1p/4p1p1/1P2P2N/2NP2P1/2P2PBP/R2Q1RK1 w - - 0 14,g7g5
11,WitchKraftE4,EulerE,498,488,r1b2rk1/p3bp2/1pnp1q1p/4pNp1/1P2P3/2NP2P1/2P2PBP/R2Q1RK1 b - - 1 14,h4f5
11,WitchKraftE4,EulerE,498,488,r4rk1/p3bp2/bpnp1q1p/4pNp1/1P2P3/2NP2P1/2P2PBP/R2Q1RK1 w - - 2 15,c8a6
11,WitchKraftE4,EulerE,498,488,r4rk1/p3Np2/bpnp1q1p/4p1p1/1P2P3/2NP2P1/2P2PBP/R2Q1RK1 b - - 0 15,f5e7
11,WitchKraftE4,EulerE,498,488,r4rk1/p3qp2/bpnp3p/4p1p1/1P2P3/2NP2P1/2P2PBP/R2Q1RK1 w - - 0 16,f6e7
11,WitchKraftE4,EulerE,498,488,r4rk1/p3qp2/bpnp3p/3Np1p1/1P2P3/3P2P1/2P2PBP/R2Q1RK1 b - - 1 16,c3d5
11,WitchKraftE4,EulerE,498,488,r4rk1/p4p2/bpnpq2p/3Np1p1/1P2P3/3P2P1/2P2PBP/R2Q1RK1 w - - 2 17,e7e6
11,WitchKraftE4,EulerE,498,488,r4rk1/p4p2/Rpnpq2p/3Np1p1/1P2P3/3P2P1/2P2PBP/3Q1RK1 b - - 0 17,a1a6
11,WitchKraftE4,EulerE,498,488,4rrk1/p4p2/Rpnpq2p/3Np1p1/1P2P3/3P2P1/2P2PBP/3Q1RK1 w - - 1 18,a8e8
11,WitchKraftE4,EulerE,498,488,4rrk1/p4p2/Rpnpq2p/3Np1pQ/1P2P3/3P2P1/2P2PBP/5RK1 b - - 2 18,d1h5
11,WitchKraftE4,EulerE,498,488,4rrk1/p4p2/Rpnp2qp/3Np1pQ/1P2P3/3P2P1/2P2PBP/5RK1 w - - 3 19,e6g6
11,WitchKraftE4,EulerE,498,488,4rrk1/p4p2/Rpnp1Nqp/4p1pQ/1P2P3/3P2P1/2P2PBP/5RK1 b - - 4 19,d5f6
11,WitchKraftE4,EulerE,498,488,4rr2/p4pk1/Rpnp1Nqp/4p1pQ/1P2P3/3P2P1/2P2PBP/5RK1 w - - 5 20,g8g7
11,WitchKraftE4,EulerE,498,488,4rr2/p4pk1/Rpnp1Nqp/4p1pQ/1P2P1P1/3P4/2P2PBP/5RK1 b - - 0 20,g3g4
11,WitchKraftE4,EulerE,498,488,4rr2/p4p2/Rpnp1kqp/4p1pQ/1P2P1P1/3P4/2P2PBP/5RK1 w - - 0 21,g7f6
11,WitchKraftE4,EulerE,498,488,4rr2/p4p2/Rpnp1kqp/4p1pQ/1P2PPP1/3P4/2P3BP/5RK1 b - - 0 21,f2f4
11,WitchKraftE4,EulerE,498,488,4rr2/p4p2/Rpnp1k1p/4p1pq/1P2PPP1/3P4/2P3BP/5RK1 w - - 0 22,g6h5
11,WitchKraftE4,EulerE,498,488,4rr2/p4p2/Rpnp1k1p/4p1pP/1P2PP2/3P4/2P3BP/5RK1 b - - 0 22,g4h5
11,WitchKraftE4,EulerE,498,488,4rr2/p4pk1/Rpnp3p/4p1pP/1P2PP2/3P4/2P3BP/5RK1 w - - 1 23,f6g7
11,WitchKraftE4,EulerE,498,488,4rr2/p4pk1/Rpnp3p/4p1PP/1P2P3/3P4/2P3BP/5RK1 b - - 0 23,f4g5
11,WitchKraftE4,EulerE,498,488,4rr2/p4pk1/Rpnp4/4p1pP/1P2P3/3P4/2P3BP/5RK1 w - - 0 24,h6g5
11,WitchKraftE4,EulerE,498,488,4rr2/p4pk1/Rpnp4/4p1pP/1P2P3/2PP4/6BP/5RK1 b - - 0 24,c2c3
11,WitchKraftE4,EulerE,498,488,4rr2/p4p2/Rpnp3k/4p1pP/1P2P3/2PP4/6BP/5RK1 w - - 1 25,g7h6
11,WitchKraftE4,EulerE,498,488,4rr2/p4p2/Rpnp3k/4p1pP/1P2P3/2PP1B2/7P/5RK1 b - - 2 25,g2f3
12,EulerE,volto4,487,443,rnbqkbnr/pppppppp/8/8/4P3/8/PPPP1PPP/RNBQKBNR b KQkq - 0 1,e2e4
12,EulerE,volto4,487,443,rnbqkbnr/pppp1ppp/8/4p3/4P3/8/PPPP1PPP/RNBQKBNR w KQkq - 0 2,e7e5
12,EulerE,volto4,487,443,rnbqkbnr/pppp1ppp/8/4p3/4P3/5N2/PPPP1PPP/RNBQKB1R b KQkq - 1 2,g1f3
12,EulerE,volto4,487,443,rnbqkb1r/pppp1ppp/5n2/4p3/4P3/5N2/PPPP1PPP/RNBQKB1R w KQkq - 2 3,g8f6
12,EulerE,volto4,487,443,rnbqkb1r/pppp1ppp/5n2/4p3/4P3/3P1N2/PPP2PPP/RNBQKB1R b KQkq - 0 3,d2d3
12,EulerE,volto4,487,443,r1bqkb1r/pppp1ppp/2n2n2/4p3/4P3/3P1N2/PPP2PPP/RNBQKB1R w KQkq - 1 4,b8c6
12,EulerE,volto4,487,443,r1bqkb1r/pppp1ppp/2n2n2/4p3/4P3/3P1N2/PPP1BPPP/RNBQK2R b KQkq - 2 4,f1e2
12,EulerE,volto4,487,443,r1bqk2r/pppp1ppp/2n2n2/4p3/1b2P3/3P1N2/PPP1BPPP/RNBQK2R w KQkq - 3 5,f8b4
12,EulerE,volto4,487,443,r1bqk2r/pppp1ppp/2n2n2/4p3/1b2P3/3P1N2/PPPBBPPP/RN1QK2R b KQkq - 4 5,c1d2
12,EulerE,volto4,487,443,r1bqk2r/pppp1ppp/2n2n2/4p3/4P3/3P1N2/PPPbBPPP/RN1QK2R w KQkq - 0 6,b4d2
12,EulerE,volto4,487,443,r1bqk2r/pppp1ppp/2n2n2/4p3/4P3/3P1N2/PPPNBPPP/R2QK2R b KQkq - 0 6,b1d2
12,EulerE,volto4,487,443,r1bqk2r/pppp1pp1/2n2n2/4p2p/4P3/3P1N2/PPPNBPPP/R2QK2R w KQkq - 0 7,h7h5
12,EulerE,volto4,487,443,r1bqk2r/pppp1pp1/2n2n2/4p2p/4P3/3P1N2/PPPNBPPP/R2Q1RK1 b kq - 1 7,e1g1
12,EulerE,volto4,487,443,r1bqk2r/1ppp1pp1/2n2n2/p3p2p/4P3/3P1N2/PPPNBPPP/R2Q1RK1 w kq - 0 8,a7a5
12,EulerE,volto4,487,443,r1bqk2r/1ppp1pp1/2n2n2/p3p2p/4P3/3P1N2/PPPNBPPP/RQ3RK1 b kq - 1 8,d1b1
12,EulerE,volto4,487,443,r1bqk2r/2pp1pp1/2n2n2/pp2p2p/4P3/3P1N2/PPPNBPPP/RQ3RK1 w kq - 0 9,b7b5
12,EulerE,volto4,487,443,r1bqk2r/2pp1pp1/2n2n2/pp2p2p/2P1P3/3P1N2/PP1NBPPP/RQ3RK1 b kq - 0 9,c2c4
12,EulerE,volto4,487,443,r1bqk2r/2pp1pp1/2n2n2/p3p2p/2p1P3/3P1N2/PP1NBPPP/RQ3RK1 w kq - 0 10,b5c4
12,EulerE,volto4,487,443,r1bqk2r/2pp1pp1/2n2n2/p3p2p/2P1P3/5N2/PP1NBPPP/RQ3RK1 b kq - 0 10,d3c4
12,EulerE,volto4,487,443,r1bqk2r/2pp1pp1/2n5/p3p2p/2P1n3/5N2/PP1NBPPP/RQ3RK1 w kq - 0 11,f6e4
12,EulerE,volto4,487,443,r1bqk2r/2pp1pp1/2n5/p3p2p/2P1N3/5N2/PP2BPPP/RQ3RK1 b kq - 0 11,d2e4
12,EulerE,volto4,487,443,r1bqk2r/2pp2p1/2n5/p3pp1p/2P1N3/5N2/PP2BPPP/RQ3RK1 w kq - 0 12,f7f5
12,EulerE,volto4,487,443,r1bqk2r/2pp2p1/2n5/p3pp1p/2P5/2N2N2/PP2BPPP/RQ3RK1 b kq - 1 12,e4c3
12,EulerE,volto4,487,443,r1bqk2r/2pp2p1/2n5/p4p1p/2P1p3/2N2N2/PP2BPPP/RQ3RK1 w kq - 0 13,e5e4
12,EulerE,volto4,487,443,r1bqk2r/2pp2p1/2n5/p4p1p/2P1p3/2N5/PP1NBPPP/RQ3RK1 b kq - 1 13,f3d2
12,EulerE,volto4,487,443,r1bqk2r/2pp2p1/8/p4p1p/2Pnp3/2N5/PP1NBPPP/RQ3RK1 w kq - 2 14,c6d4
12,EulerE,volto4,487,443,r1bqk2r/2pp2p1/8/p1P2p1p/3np3/2N5/PP1NBPPP/RQ3RK1 b kq - 0 14,c4c5
12,EulerE,volto4,487,443,r1bqk2r/2p3p1/3p4/p1P2p1p/3np3/2N5/PP1NBPPP/RQ3RK1 w kq - 0 15,d7d6
12,EulerE,volto4,487,443,r1bqk2r/2p3p1/3p4/p1P2p1p/3np3/1NN5/PP2BPPP/RQ3RK1 b kq - 1 15,d2b3
12,EulerE,volto4,487,443,r1bqk2r/2p3p1/8/p1p2p1p/3np3/1NN5/PP2BPPP/RQ3RK1 w kq - 0 16,d6c5
12,EulerE,volto4,487,443,r1bqk2r/2p3p1/8/p1p2p1p/3Np3/2N5/PP2BPPP/RQ3RK1 b kq - 0 16,b3d4
12,EulerE,volto4,487,443,r1bqk2r/2p3p1/8/p4p1p/3pp3/2N5/PP2BPPP/RQ3RK1 w kq - 0 17,c5d4
12,EulerE,volto4,487,443,r1bqk2r/2p3p1/8/pN3p1p/3pp3/8/PP2BPPP/RQ3RK1 b kq - 1 17,c3b5
12,EulerE,volto4,487,443,r1bqk2r/2p3p1/8/pN3p1p/4p3/3p4/PP2BPPP/RQ3RK1 w kq - 0 18,d4d3
12,EulerE,volto4,487,443,r1bqk2r/2p3p1/8/pN3p1p/4p3/3p4/PP3PPP/RQ1B1RK1 b kq - 1 18,e2d1
12,EulerE,volto4,487,443,r1bqk2r/2p3p1/8/pN5p/4pp2/3p4/PP3PPP/RQ1B1RK1 w kq - 0 19,f5f4
12,EulerE,volto4,487,443,r1bqk2r/2p3p1/8/pN5p/4pp2/3p2P1/PP3P1P/RQ1B1RK1 b kq - 0 19,g2g3
12,EulerE,volto4,487,443,r1bqk2r/2p3p1/8/pN5p/4p3/3p2p1/PP3P1P/RQ1B1RK1 w kq - 0 20,f4g3
12,EulerE,volto4,487,443,r1bqk2r/2p3p1/8/pN5p/4p3/3p2P1/PP3P2/RQ1B1RK1 b kq - 0 20,h2g3
12,EulerE,volto4,487,443,r1bqk2r/2p3p1/8/pN6/4p2p/3p2P1/PP3P2/RQ1B1RK1 w kq - 0 21,h5h4
12,EulerE,volto4,487,443,r1bqk2r/2p3p1/8/p7/4p2p/2Np2P1/PP3P2/RQ1B1RK1 b kq - 1 21,b5c3
12,EulerE,volto4,487,443,r1bqk2r/6p1/2p5/p7/4p2p/2Np2P1/PP3P2/RQ1B1RK1 w kq - 0 22,c7c6
12,EulerE,volto4,487,443,r1bqk2r/6p1/2p5/p7/4N2p/3p2P1/PP3P2/RQ1B1RK1 b kq - 0 22,c3e4
12,EulerE,volto4,487,443,r1bqk2r/6p1/2p5/p7/4N3/3p2p1/PP3P2/RQ1B1RK1 w kq - 0 23,h4g3
12,EulerE,volto4,487,443,r1bqk2r/6p1/2p5/p7/4N3/3p2P1/PP6/RQ1B1RK1 b kq - 0 23,f2g3
12,EulerE,volto4,487,443,r2qk2r/6p1/2p5/p7/4N3/3p2Pb/PP6/RQ1B1RK1 w kq - 1 24,c8h3
12,EulerE,volto4,487,443,r2qk2r/6p1/2p5/p7/4N3/3p2Pb/PP6/RQ1BR1K1 b kq - 2 24,f1e1
12,EulerE,volto4,487,443,r2qk2r/6p1/2p5/8/p3N3/3p2Pb/PP6/RQ1BR1K1 w kq - 0 25,a5a4
12,EulerE,volto4,487,443,r2qk2r/6p1/2p5/8/p7/3p2Pb/PP3N2/RQ1BR1K1 b kq - 1 25,e4f2
12,EulerE,volto4,487,443,r2q3r/3k2p1/2p5/8/p7/3p2Pb/PP3N2/RQ1BR1K1 w - - 2 26,e8d7
12,EulerE,volto4,487,443,r2q3r/3k2p1/2p5/8/p7/3N2Pb/PP6/RQ1BR1K1 b - - 0 26,f2d3
12,EulerE,volto4,487,443,r2qr3/3k2p1/2p5/8/p7/3N2Pb/PP6/RQ1BR1K1 w - - 1 27,h8e8
12,EulerE,volto4,487,443,r2qr3/3k2p1/2p5/2N5/p7/6Pb/PP6/RQ1BR1K1 b - - 2 27,d3c5
12,EulerE,volto4,487,443,r2qr3/6p1/2pk4/2N5/p7/6Pb/PP6/RQ1BR1K1 w - - 3 28,d7d6
12,EulerE,volto4,487,443,r2qr3/1N4p1/2pk4/8/p7/6Pb/PP6/RQ1BR1K1 b - - 4 28,c5b7
12,EulerE,volto4,487,443,r2qr3/1Nk3p1/2p5/8/p7/6Pb/PP6/RQ1BR1K1 w - - 5 29,d6c7
12,EulerE,volto4,487,443,r2Nr3/2k3p1/2p5/8/p7/6Pb/PP6/RQ1BR1K1 b - - 0 29,b7d8
12,EulerE,volto4,487,443,r2N4/2k3p1/2p5/8/p7/6Pb/PP6/RQ1Br1K1 w - - 0 30,e8e1
12,EulerE,volto4,487,443,r2N4/2k3p1/2p5/8/p7/6Pb/PP3K2/RQ1Br3 b - - 1 30,g1f2
12,EulerE,volto4,487,443,r2k4/6p1/2p5/8/p7/6Pb/PP3K2/RQ1Br3 w - - 0 31,c7d8
12,EulerE,volto4,487,443,r2k4/6p1/2p5/8/p7/6Pb/PP6/RQ1BK3 b - - 0 31,f2e1
12,EulerE,volto4,487,443,r2k4/8/2p5/6p1/p7/6Pb/PP6/RQ1BK3 w - - 0 32,g7g5
12,EulerE,volto4,487,443,r2k4/8/2p5/6p1/p7/6Pb/PP3K2/RQ1B4 b - - 1 32,e1f2
12,EulerE,volto4,487,443,r2k4/8/2p5/8/p5p1/6Pb/PP3K2/RQ1B4 w - - 0 33,g5g4
12,EulerE,volto4,487,443,r2k4/8/2p5/8/p5p1/1P4Pb/P4K2/RQ1B4 b - - 0 33,b2b3
12,EulerE,volto4,487,443,r2k4/8/2p5/8/6p1/1p4Pb/P4K2/RQ1B4 w - - 0 34,a4b3
12,EulerE,volto4,487,443,r2k4/8/2p5/8/6p1/1P4Pb/5K2/RQ1B4 b - - 0 34,a2b3
12,EulerE,volto4,487,443,3k4/8/2p5/8/6p1/1P4Pb/5K2/rQ1B4 w - - 0 35,a8a1
12,EulerE,volto4,487,443,3k4/8/2p5/8/6p1/1P4Pb/5K2/Q2B4 b - - 0 35,b1a1
12,EulerE,volto4,487,443,3k4/8/8/2p5/6p1/1P4Pb/5K2/Q2B4 w - - 0 36,c6c5
12,EulerE,volto4,487,443,3k4/8/8/2p5/6p1/1P4Pb/8/Q2B2K1 b - - 1 36,f2g1
12,EulerE,volto4,487,443,8/3k4/8/2p5/6p1/1P4Pb/8/Q2B2K1 w - - 2 37,d8d7
12,EulerE,volto4,487,443,8/3k4/8/2p5/6p1/1P4Pb/7K/Q2B4 b - - 3 37,g1h2
12,EulerE,volto4,487,443,8/3k4/8/2p5/6p1/1P4P1/7K/Q2B1b2 w - - 4 38,h3f1
12,EulerE,volto4,487,443,8/3k4/8/2p5/6B1/1P4P1/7K/Q4b2 b - - 0 38,d1g4
12,EulerE,volto4,487,443,8/4k3/8/2p5/6B1/1P4P1/7K/Q4b2 w - - 1 39,d7e7
12,EulerE,volto4,487,443,8/4k3/8/2p5/6B1/1P4P1/7K/5Q2 b - - 0 39,a1f1
12,EulerE,volto4,487,443,8/8/3k4/2p5/6B1/1P4P1/7K/5Q2 w - - 1 40,e7d6
12,EulerE,volto4,487,443,8/8/3k4/2p5/8/1P3BP1/7K/5Q2 b - - 2 40,g4f3
12,EulerE,volto4,487,443,8/8/4k3/2p5/8/1P3BP1/7K/5Q2 w - - 3 41,d6e6
12,EulerE,volto4,487,443,8/8/4k3/2p5/6P1/1P3B2/7K/5Q2 b - - 0 41,g3g4
12,EulerE,volto4,487,443,8/8/5k2/2p5/6P1/1P3B2/7K/5Q2 w - - 1 42,e6f6
12,EulerE,volto4,487,443,8/8/5k2/2p5/6P1/1P3B1Q/7K/8 b - - 2 42,f1h3
12,EulerE,volto4,487,443,8/8/8/2p3k1/6P1/1P3B1Q/7K/8 w - - 3 43,f6g5
12,EulerE,volto4,487,443,8/8/8/2p3k1/6P1/1P3BKQ/8/8 b - - 4 43,h2g3
12,EulerE,volto4,487,443,8/8/6k1/2p5/6P1/1P3BKQ/8/8 w - - 5 44,g5g6
12,EulerE,volto4,487,443,8/8/6k1/2p5/6PQ/1P3BK1/8/8 b - - 6 44,h3h4
12,EulerE,volto4,487,443,8/6k1/8/2p5/6PQ/1P3BK1/8/8 w - - 7 45,g6g7
12,EulerE,volto4,487,443,8/6k1/8/2p3P1/7Q/1P3BK1/8/8 b - - 0 45,g4g5
12,EulerE,volto4,487,443,8/8/6k1/2p3P1/7Q/1P3BK1/8/8 w - - 1 46,g7g6
12,EulerE,volto4,487,443,8/8/6k1/2p3P1/6KQ/1P3B2/8/8 b - - 2 46,g3g4
12,EulerE,volto4,487,443,8/6k1/8/2p3P1/6KQ/1P3B2/8/8 w - - 3 47,g6g7
12,EulerE,volto4,487,443,8/6k1/8/2p3PQ/6K1/1P3B2/8/8 b - - 4 47,h4h5
12,EulerE,volto4,487,443,6k1/8/8/2p3PQ/6K1/1P3B2/8/8 w - - 5 48,g7g8
12,EulerE,volto4,487,443,6k1/8/6P1/2p4Q/6K1/1P3B2/8/8 b - - 0 48,g5g6
12,EulerE,volto4,487,443,8/6k1/6P1/2p4Q/6K1/1P3B2/8/8 w - - 1 49,g8g7
12,EulerE,volto4,487,443,8/6k1/6P1/2p3KQ/8/1P3B2/8/8 b - - 2 49,g4g5
12,EulerE,volto4,487,443,6k1/8/6P1/2p3KQ/8/1P3B2/8/8 w - - 3 50,g7g8
12,EulerE,volto4,487,443,6k1/8/6PQ/2p3K1/8/1P3B2/8/8 b - - 4 50,h5h6
12,EulerE,volto4,487,443,6k1/8/6PQ/6K1/2p5/1P3B2/8/8 w - - 0 51,c5c4
12,EulerE,volto4,487,443,6k1/8/6PQ/6K1/2P5/5B2/8/8 b - - 0 51,b3c4
13,macienty1,EulerE,517,488,rnbqkbnr/pppppppp/8/8/3P4/8/PPP1PPPP/RNBQKBNR b KQkq - 0 1,d2d4
13,macienty1,EulerE,517,488,rnbqkbnr/ppp1pppp/8/3p4/3P4/8/PPP1PPPP/RNBQKBNR w KQkq - 0 2,d7d5
13,macienty1,EulerE,517,488,rnbqkbnr/ppp1pppp/8/3p4/3P4/2N5/PPP1PPPP/R1BQKBNR b KQkq - 1 2,b1c3
13,macienty1,EulerE,517,488,rnbqkbnr/ppp2ppp/4p3/3p4/3P4/2N5/PPP1PPPP/R1BQKBNR w KQkq - 0 3,e7e6
13,macienty1,EulerE,517,488,rnbqkbnr/ppp2ppp/4p3/3p4/3PP3/2N5/PPP2PPP/R1BQKBNR b KQkq - 0 3,e2e4
13,macienty1,EulerE,517,488,r1bqkbnr/ppp2ppp/2n1p3/3p4/3PP3/2N5/PPP2PPP/R1BQKBNR w KQkq - 1 4,b8c6
13,macienty1,EulerE,517,488,r1bqkbnr/ppp2ppp/2n1p3/3P4/3P4/2N5/PPP2PPP/R1BQKBNR b KQkq - 0 4,e4d5
13,macienty1,EulerE,517,488,r1bqkbnr/ppp2ppp/2n5/3p4/3P4/2N5/PPP2PPP/R1BQKBNR w KQkq - 0 5,e6d5
13,macienty1,EulerE,517,488,r1bqkbnr/ppp2ppp/2n5/3N4/3P4/8/PPP2PPP/R1BQKBNR b KQkq - 0 5,c3d5
13,macienty1,EulerE,517,488,r1b1kbnr/ppp2ppp/2n5/3q4/3P4/8/PPP2PPP/R1BQKBNR w KQkq - 0 6,d8d5
13,macienty1,EulerE,517,488,r1b1kbnr/ppp2ppp/2n5/3q4/3P4/2P5/PP3PPP/R1BQKBNR b KQkq - 0 6,c2c3
13,macienty1,EulerE,517,488,r1b1kb1r/ppp2ppp/2n2n2/3q4/3P4/2P5/PP3PPP/R1BQKBNR w KQkq - 1 7,g8f6
13,macienty1,EulerE,517,488,r1b1kb1r/ppp2ppp/2n2n2/3q4/3P4/2P2N2/PP3PPP/R1BQKB1R b KQkq - 2 7,g1f3
13,macienty1,EulerE,517,488,r1b1kb1r/pppq1ppp/2n2n2/8/3P4/2P2N2/PP3PPP/R1BQKB1R w KQkq - 3 8,d5d7
13,macienty1,EulerE,517,488,r1b1kb1r/pppq1ppp/2n2n2/8/2BP4/2P2N2/PP3PPP/R1BQK2R b KQkq - 4 8,f1c4
13,macienty1,EulerE,517,488,r1b1kb1r/ppp1qppp/2n2n2/8/2BP4/2P2N2/PP3PPP/R1BQK2R w KQkq - 5 9,d7e7
13,macienty1,EulerE,517,488,r1b1kb1r/ppp1qppp/2n2n2/4N3/2BP4/2P5/PP3PPP/R1BQK2R b KQkq - 6 9,f3e5
13,macienty1,EulerE,517,488,r1b1kb1r/ppp1qppp/5n2/4n3/2BP4/2P5/PP3PPP/R1BQK2R w KQkq - 0 10,c6e5
13,macienty1,EulerE,517,488,r1b1kb1r/ppp1qppp/5n2/4P3/2B5/2P5/PP3PPP/R1BQK2R b KQkq - 0 10,d4e5
13,macienty1,EulerE,517,488,r1b1kb1r/ppp2ppp/5n2/4q3/2B5/2P5/PP3PPP/R1BQK2R w KQkq - 0 11,e7e5
13,macienty1,EulerE,517,488,r1b1kb1r/ppp2ppp/5n2/4q3/2B5/2P1B3/PP3PPP/R2QK2R b KQkq - 1 11,c1e3
13,macienty1,EulerE,517,488,r1b1kb1r/pppn1ppp/8/4q3/2B5/2P1B3/PP3PPP/R2QK2R w KQkq - 2 12,f6d7
13,macienty1,EulerE,517,488,r1b1kb1r/pppn1ppp/8/4q3/2B5/2P1B3/PP2QPPP/R3K2R b KQkq - 3 12,d1e2
13,macienty1,EulerE,517,488,r1b1k2r/pppn1ppp/8/2b1q3/2B5/2P1B3/PP2QPPP/R3K2R w KQkq - 4 13,f8c5
13,macienty1,EulerE,517,488,r1b1k2r/pppn1ppp/8/2b1q3/2B2P2/2P1B3/PP2Q1PP/R3K2R b KQkq - 0 13,f2f4
13,macienty1,EulerE,517,488,r1b1k2r/pppn1ppp/4q3/2b5/2B2P2/2P1B3/PP2Q1PP/R3K2R w KQkq - 1 14,e5e6
13,macienty1,EulerE,517,488,r1b1k2r/pppn1ppp/4B3/2b5/5P2/2P1B3/PP2Q1PP/R3K2R b KQkq - 0 14,c4e6
13,macienty1,EulerE,517,488,r1b1k2r/pppn2pp/4p3/2b5/5P2/2P1B3/PP2Q1PP/R3K2R w KQkq - 0 15,f7e6
13,macienty1,EulerE,517,488,r1b1k2r/pppn2pp/4p3/2b5/5P2/2P1B3/PP2Q1PP/3RK2R b Kkq - 1 15,a1d1
13,macienty1,EulerE,517,488,r1b2rk1/pppn2pp/4p3/2b5/5P2/2P1B3/PP2Q1PP/3RK2R w K - 2 16,e8g8
13,macienty1,EulerE,517,488,r1b2rk1/pppn2pp/4p3/2b5/5PP1/2P1B3/PP2Q2P/3RK2R b K - 0 16,g2g4
13,macienty1,EulerE,517,488,r1b2rk1/p1pn2pp/1p2p3/2b5/5PP1/2P1B3/PP2Q2P/3RK2R w K - 0 17,b7b6
13,macienty1,EulerE,517,488,r1b2rk1/p1pn2pp/1p2p3/2b5/1P3PP1/2P1B3/P3Q2P/3RK2R b K - 0 17,b2b4
13,macienty1,EulerE,517,488,r1b2rk1/p1pn2pp/1p2p3/8/1P3PP1/2P1b3/P3Q2P/3RK2R w K - 0 18,c5e3
13,macienty1,EulerE,517,488,r1b2rk1/p1pn2pp/1p2p3/8/1P3PP1/2P1Q3/P6P/3RK2R b K - 0 18,e2e3
13,macienty1,EulerE,517,488,r1b1r1k1/p1pn2pp/1p2p3/8/1P3PP1/2P1Q3/P6P/3RK2R w K - 1 19,f8e8
13,macienty1,EulerE,517,488,r1b1r1k1/p1pn2pp/1p2p3/8/1PP2PP1/4Q3/P6P/3RK2R b K - 0 19,c3c4
13,macienty1,EulerE,517,488,r1b1r1k1/2pn2pp/1p2p3/p7/1PP2PP1/4Q3/P6P/3RK2R w K - 0 20,a7a5
13,macienty1,EulerE,517,488,r1b1r1k1/2pn2pp/1p2p3/P7/2P2PP1/4Q3/P6P/3RK2R b K - 0 20,b4a5
13,macienty1,EulerE,517,488,r1b1r1k1/2pn2pp/4p3/p7/2P2PP1/4Q3/P6P/3RK2R w K - 0 21,b6a5
13,macienty1,EulerE,517,488,r1b1r1k1/2pn2pp/4p3/p7/2P2PPP/4Q3/P7/3RK2R b K - 0 21,h2h4
13,macienty1,EulerE,517,488,r3r1k1/1bpn2pp/4p3/p7/2P2PPP/4Q3/P7/3RK2R w K - 1 22,c8b7
13,macienty1,EulerE,517,488,r3r1k1/1bpn2pp/4p3/p7/2P2PPP/4Q3/P6R/3RK3 b - - 2 22,h1h2
13,macienty1,EulerE,517,488,3rr1k1/1bpn2pp/4p3/p7/2P2PPP/4Q3/P6R/3RK3 w - - 3 23,a8d8
13,macienty1,EulerE,517,488,3rr1k1/1bpn2pp/4p3/p6P/2P2PP1/4Q3/P6R/3RK3 b - - 0 23,h4h5
13,macienty1,EulerE,517,488,3rr1k1/2pn2pp/b3p3/p6P/2P2PP1/4Q3/P6R/3RK3 w - - 1 24,b7a6
13,macienty1,EulerE,517,488,3rr1k1/2pn2pp/b3p3/p1P4P/5PP1/4Q3/P6R/3RK3 b - - 0 24,c4c5
13,macienty1,EulerE,517,488,3rr1k1/2p3pp/b3pn2/p1P4P/5PP1/4Q3/P6R/3RK3 w - - 1 25,d7f6
13,macienty1,EulerE,517,488,3Rr1k1/2p3pp/b3pn2/p1P4P/5PP1/4Q3/P6R/4K3 b - - 0 25,d1d8
13,macienty1,EulerE,517,488,3r2k1/2p3pp/b3pn2/p1P4P/5PP1/4Q3/P6R/4K3 w - - 0 26,e8d8
13,macienty1,EulerE,517,488,3r2k1/2p3pp/b3Qn2/p1P4P/5PP1/8/P6R/4K3 b - - 0 26,e3e6
13,macienty1,EulerE,517,488,3r1k2/2p3pp/b3Qn2/p1P4P/5PP1/8/P6R/4K3 w - - 1 27,g8f8
13,macienty1,EulerE,517,488,3r1k2/2p3pp/Q4n2/p1P4P/5PP1/8/P6R/4K3 b - - 0 27,e6a6
13,macienty1,EulerE,517,488,3r1k2/2p3pp/Q7/p1P4P/5Pn1/8/P6R/4K3 w - - 0 28,f6g4
13,macienty1,EulerE,517,488,3r1k2/2p3pp/Q7/p1P4P/5Pn1/7R/P7/4K3 b - - 1 28,h2h3
13,macienty1,EulerE,517,488,3r1k2/2p3pp/Q4n2/p1P4P/5P2/7R/P7/4K3 w - - 2 29,g4f6
13,macienty1,EulerE,517,488,3r1k2/2p3pp/5n2/Q1P4P/5P2/7R/P7/4K3 b - - 0 29,a6a5
13,macienty1,EulerE,517,488,3r1k2/2p3pp/8/Q1P4P/4nP2/7R/P7/4K3 w - - 1 30,f6e4
13,macienty1,EulerE,517,488,3r1k2/2p3pp/8/Q1P4P/4nP2/4R3/P7/4K3 b - - 2 30,h3e3
13,macienty1,EulerE,517,488,4rk2/2p3pp/8/Q1P4P/4nP2/4R3/P7/4K3 w - - 3 31,d8e8
13,macienty1,EulerE,517,488,4rk2/2Q3pp/8/2P4P/4nP2/4R3/P7/4K3 b - - 0 31,a5c7
13,macienty1,EulerE,517,488,4rk2/2Q4p/6p1/2P4P/4nP2/4R3/P7/4K3 w - - 0 32,g7g6
13,macienty1,EulerE,517,488,4rk2/2Q4p/6P1/2P5/4nP2/4R3/P7/4K3 b - - 0 32,h5g6
13,macienty1,EulerE,517,488,4rk2/2Q5/6p1/2P5/4nP2/4R3/P7/4K3 w - - 0 33,h7g6
13,macienty1,EulerE,517,488,4rk2/2Q5/2P3p1/8/4nP2/4R3/P7/4K3 b - - 0 33,c5c6
13,macienty1,EulerE,517,488,4rk2/2Q5/2P5/6p1/4nP2/4R3/P7/4K3 w - - 0 34,g6g5
13,macienty1,EulerE,517,488,4rk2/2Q5/2P5/6P1/4n3/4R3/P7/4K3 b - - 0 34,f4g5
13,macienty1,EulerE,517,488,4rk2/2Q5/2P5/6n1/8/4R3/P7/4K3 w - - 0 35,e4g5
13,macienty1,EulerE,517,488,4Rk2/2Q5/2P5/6n1/8/8/P7/4K3 b - - 0 35,e3e8
13,macienty1,EulerE,517,488,4k3/2Q5/2P5/6n1/8/8/P7/4K3 w - - 0 36,f8e8
13,macienty1,EulerE,517,488,4k3/1Q6/2P5/6n1/8/8/P7/4K3 b - - 1 36,c7b7
13,macienty1,EulerE,517,488,4k3/1Q6/2P1n3/8/8/8/P7/4K3 w - - 2 37,g5e6
13,macienty1,EulerE,517,488,4k3/1Q6/2P1n3/8/P7/8/8/4K3 b - - 0 37,a2a4
13,macienty1,EulerE,517,488,3k4/1Q6/2P1n3/8/P7/8/8/4K3 w - - 1 38,e8d8
13,macienty1,EulerE,517,488,3k4/1Q6/2P1n3/P7/8/8/8/4K3 b - - 0 38,a4a5
13,macienty1,EulerE,517,488,3k4/1Q6/2P5/P1n5/8/8/8/4K3 w - - 1 39,e6c5
13,macienty1,EulerE,517,488,3k4/1Q6/P1P5/2n5/8/8/8/4K3 b - - 0 39,a5a6
13,macienty1,EulerE,517,488,3k4/1n6/P1P5/8/8/8/8/4K3 w - - 0 40,c5b7
13,macienty1,EulerE,517,488,3k4/1P6/2P5/8/8/8/8/4K3 b - - 0 40,a6b7
13,macienty1,EulerE,517,488,8/1Pk5/2P5/8/8/8/8/4K3 w - - 1 41,d8c7
13,macienty1,EulerE,517,488,1Q6/2k5/2P5/8/8/8/8/4K3 b - - 0 41,b7b8q
13,macienty1,EulerE,517,488,1k6/8/2P5/8/8/8/8/4K3 w - - 0 42,c7b8
13,macienty1,EulerE,517,488,1k6/2P5/8/8/8/8/8/4K3 b - - 0 42,c6c7
13,macienty1,EulerE,517,488,8/2k5/8/8/8/8/8/4K3 w - - 0 43,b8c7
14,EulerE,KingZardarys,488,487,rnbqkbnr/pppppppp/8/8/4P3/8/PPPP1PPP/RNBQKBNR b KQkq - 0 1,e2e4
14,EulerE,KingZardarys,488,487,rnbqkbnr/pppp1ppp/4p3/8/4P3/8/PPPP1PPP/RNBQKBNR w KQkq - 0 2,e7e6
14,EulerE,KingZardarys,488,487,rnbqkbnr/pppp1ppp/4p3/8/4P3/5N2/PPPP1PPP/RNBQKB1R b KQkq - 1 2,g1f3
14,EulerE,KingZardarys,488,487,rnbqkbnr/ppp2ppp/4p3/3p4/4P3/5N2/PPPP1PPP/RNBQKB1R w KQkq - 0 3,d7d5
14,EulerE,KingZardarys,488,487,rnbqkbnr/ppp2ppp/4p3/3p4/4P3/5N2/PPPPBPPP/RNBQK2R b KQkq - 1 3,f1e2
14,EulerE,KingZardarys,488,487,rnbqkbnr/ppp2ppp/4p3/8/4p3/5N2/PPPPBPPP/RNBQK2R w KQkq - 0 4,d5e4
14,EulerE,KingZardarys,488,487,rnbqkbnr/ppp2ppp/4p3/4N3/4p3/8/PPPPBPPP/RNBQK2R b KQkq - 1 4,f3e5
15,EulerE,Athanasios1990,481,533,rnbqkbnr/pppppppp/8/8/4P3/8/PPPP1PPP/RNBQKBNR b KQkq - 0 1,e2e4
15,EulerE,Athanasios1990,481,533,rnbqkbnr/pppp1ppp/8/4p3/4P3/8/PPPP1PPP/RNBQKBNR w KQkq - 0 2,e7e5
15,EulerE,Athanasios1990,481,533,rnbqkbnr/pppp1ppp/8/4p3/4P3/2N5/PPPP1PPP/R1BQKBNR b KQkq - 1 2,b1c3
15,EulerE,Athanasios1990,481,533,rnbqkb1r/pppp1ppp/5n2/4p3/4P3/2N5/PPPP1PPP/R1BQKBNR w KQkq - 2 3,g8f6
15,EulerE,Athanasios1990,481,533,rnbqkb1r/pppp1ppp/5n2/4p3/4P3/2N2N2/PPPP1PPP/R1BQKB1R b KQkq - 3 3,g1f3
15,EulerE,Athanasios1990,481,533,rnbqkb1r/1ppp1ppp/p4n2/4p3/4P3/2N2N2/PPPP1PPP/R1BQKB1R w KQkq - 0 4,a7a6
15,EulerE,Athanasios1990,481,533,rnbqkb1r/1ppp1ppp/p4n2/4p3/4P3/2N2NP1/PPPP1P1P/R1BQKB1R b KQkq - 0 4,g2g3
15,EulerE,Athanasios1990,481,533,rnbqkb1r/1pp2ppp/p2p1n2/4p3/4P3/2N2NP1/PPPP1P1P/R1BQKB1R w KQkq - 0 5,d7d6
15,EulerE,Athanasios1990,481,533,rnbqkb1r/1pp2ppp/p2p1n2/4p3/4P3/2N3P1/PPPP1P1P/R1BQKBNR b KQkq - 1 5,f3g1
15,EulerE,Athanasios1990,481,533,r1bqkb1r/1pp2ppp/p1np1n2/4p3/4P3/2N3P1/PPPP1P1P/R1BQKBNR w KQkq - 2 6,b8c6
15,EulerE,Athanasios1990,481,533,r1bqkb1r/1pp2ppp/p1np1n2/4p3/4P3/2N3PB/PPPP1P1P/R1BQK1NR b KQkq - 3 6,f1h3
15,EulerE,Athanasios1990,481,533,r2qkb1r/1pp2ppp/p1np1n2/4p3/4P3/2N3Pb/PPPP1P1P/R1BQK1NR w KQkq - 0 7,c8h3
15,EulerE,Athanasios1990,481,533,r2qkb1r/1pp2ppp/p1np1n2/4p3/4P3/2N3PN/PPPP1P1P/R1BQK2R b KQkq - 0 7,g1h3
15,EulerE,Athanasios1990,481,533,r2qkb1r/1pp2ppp/p2p1n2/4p3/3nP3/2N3PN/PPPP1P1P/R1BQK2R w KQkq - 1 8,c6d4
15,EulerE,Athanasios1990,481,533,r2qkb1r/1pp2ppp/p2p1n2/4p1N1/3nP3/2N3P1/PPPP1P1P/R1BQK2R b KQkq - 2 8,h3g5
15,EulerE,Athanasios1990,481,533,r2qkb1r/1pp2pp1/p2p1n1p/4p1N1/3nP3/2N3P1/PPPP1P1P/R1BQK2R w KQkq - 0 9,h7h6
15,EulerE,Athanasios1990,481,533,r2qkb1r/1pp2pp1/p2p1n1p/4p3/3nP3/2N2NP1/PPPP1P1P/R1BQK2R b KQkq - 1 9,g5f3
15,EulerE,Athanasios1990,481,533,r2qkb1r/1pp2pp1/p2p1n1p/4p3/4P3/2N2nP1/PPPP1P1P/R1BQK2R w KQkq - 0 10,d4f3
15,EulerE,Athanasios1990,481,533,r2qkb1r/1pp2pp1/p2p1n1p/4p3/4P3/2N2QP1/PPPP1P1P/R1B1K2R b KQkq - 0 10,d1f3
15,EulerE,Athanasios1990,481,533,r3kb1r/1ppq1pp1/p2p1n1p/4p3/4P3/2N2QP1/PPPP1P1P/R1B1K2R w KQkq - 1 11,d8d7
15,EulerE,Athanasios1990,481,533,r3kb1r/1ppq1pp1/p2p1n1p/4p3/4P3/2NP1QP1/PPP2P1P/R1B1K2R b KQkq - 0 11,d2d3
15,EulerE,Athanasios1990,481,533,r3kb1r/1pp2pp1/p1qp1n1p/4p3/4P3/2NP1QP1/PPP2P1P/R1B1K2R w KQkq - 1 12,d7c6
15,EulerE,Athanasios1990,481,533,r3kb1r/1pp2pp1/p1qp1n1p/4p3/4P3/2NP1QP1/PPP2P1P/R1B2RK1 b kq - 2 12,e1g1
15,EulerE,Athanasios1990,481,533,r3kb1r/1pp2pp1/p1q2n1p/3pp3/4P3/2NP1QP1/PPP2P1P/R1B2RK1 w kq - 0 13,d6d5
15,EulerE,Athanasios1990,481,533,r3kb1r/1pp2pp1/p1q2n1p/3Pp3/8/2NP1QP1/PPP2P1P/R1B2RK1 b kq - 0 13,e4d5
15,EulerE,Athanasios1990,481,533,r3kb1r/1pp2pp1/p1q4p/3np3/8/2NP1QP1/PPP2P1P/R1B2RK1 w kq - 0 14,f6d5
15,EulerE,Athanasios1990,481,533,r3kb1r/1pp2pp1/p1q4p/3Np3/8/3P1QP1/PPP2P1P/R1B2RK1 b kq - 0 14,c3d5
15,EulerE,Athanasios1990,481,533,3rkb1r/1pp2pp1/p1q4p/3Np3/8/3P1QP1/PPP2P1P/R1B2RK1 w k - 1 15,a8d8
15,EulerE,Athanasios1990,481,533,3rkb1r/1pp2pp1/p1q4p/3Np3/8/3P1QP1/PPP2PKP/R1B2R2 b k - 2 15,g1g2
15,EulerE,Athanasios1990,481,533,3rkb1r/1pp2pp1/p6p/3qp3/8/3P1QP1/PPP2PKP/R1B2R2 w k - 0 16,c6d5
15,EulerE,Athanasios1990,481,533,3rkb1r/1pp2pp1/p6p/3Qp3/8/3P2P1/PPP2PKP/R1B2R2 b k - 0 16,f3d5
15,EulerE,Athanasios1990,481,533,4kb1r/1pp2pp1/p6p/3rp3/8/3P2P1/PPP2PKP/R1B2R2 w k - 0 17,d8d5
15,EulerE,Athanasios1990,481,533,4kb1r/1pp2pp1/p6p/3rp3/8/3P2P1/PPP2P1P/R1B2RK1 b k - 1 17,g2g1
15,EulerE,Athanasios1990,481,533,4k2r/1pp2pp1/p6p/2brp3/8/3P2P1/PPP2P1P/R1B2RK1 w k - 2 18,f8c5
15,EulerE,Athanasios1990,481,533,4k2r/1pp2pp1/p6p/2brp3/8/2PP2P1/PP3P1P/R1B2RK1 b k - 0 18,c2c3
15,EulerE,Athanasios1990,481,533,5rk1/1pp2pp1/p6p/2brp3/8/2PP2P1/PP3P1P/R1B2RK1 w - - 1 19,e8g8
15,EulerE,Athanasios1990,481,533,5rk1/1pp2pp1/p6p/2brp3/3P4/2P3P1/PP3P1P/R1B2RK1 b - - 0 19,d3d4
15,EulerE,Athanasios1990,481,533,5rk1/1pp2pp1/p6p/2br4/3p4/2P3P1/PP3P1P/R1B2RK1 w - - 0 20,e5d4
15,EulerE,Athanasios1990,481,533,5rk1/1pp2pp1/p6p/2br4/3P4/6P1/PP3P1P/R1B2RK1 b - - 0 20,c3d4
15,EulerE,Athanasios1990,481,533,5rk1/1pp2pp1/p6p/2b5/3r4/6P1/PP3P1P/R1B2RK1 w - - 0 21,d5d4
15,EulerE,Athanasios1990,481,533,5rk1/1pp2pp1/p6p/2b5/3r4/4B1P1/PP3P1P/R4RK1 b - - 1 21,c1e3
15,EulerE,Athanasios1990,481,533,5rk1/1pp2pp1/p6p/2br4/8/4B1P1/PP3P1P/R4RK1 w - - 2 22,d4d5
15,EulerE,Athanasios1990,481,533,5rk1/1pp2pp1/p6p/2br4/8/4B1P1/PP3P1P/R2R2K1 b - - 3 22,f1d1
15,EulerE,Athanasios1990,481,533,3r2k1/1pp2pp1/p6p/2br4/8/4B1P1/PP3P1P/R2R2K1 w - - 4 23,f8d8
15,EulerE,Athanasios1990,481,533,3r2k1/1pp2pp1/p6p/2Br4/8/6P1/PP3P1P/R2R2K1 b - - 0 23,e3c5
15,EulerE,Athanasios1990,481,533,3r2k1/1pp2pp1/p6p/2B5/8/6P1/PP3P1P/R2r2K1 w - - 0 24,d5d1
15,EulerE,Athanasios1990,481,533,3r2k1/1pp2pp1/p6p/2B5/8/6P1/PP3P1P/3R2K1 b - - 0 24,a1d1
15,EulerE,Athanasios1990,481,533,6k1/1pp2pp1/p6p/2B5/8/6P1/PP3P1P/3r2K1 w - - 0 25,d8d1
15,EulerE,Athanasios1990,481,533,6k1/1pp2pp1/p6p/2B5/8/6P1/PP3PKP/3r4 b - - 1 25,g1g2
15,EulerE,Athanasios1990,481,533,6k1/1pp2pp1/p6p/2B5/8/6P1/PP3PKP/2r5 w - - 2 26,d1c1
15,EulerE,Athanasios1990,481,533,6k1/1pp2pp1/p6p/8/8/4B1P1/PP3PKP/2r5 b - - 3 26,c5e3
15,EulerE,Athanasios1990,481,533,6k1/1pp2pp1/p6p/8/8/4B1P1/PPr2PKP/8 w - - 4 27,c1c2
15,EulerE,Athanasios1990,481,533,6k1/1pp2pp1/p6p/8/6P1/4B3/PPr2PKP/8 b - - 0 27,g3g4
15,EulerE,Athanasios1990,481,533,6k1/1pp2pp1/p6p/8/6P1/4B3/Pr3PKP/8 w - - 0 28,c2b2
15,EulerE,Athanasios1990,481,533,6k1/1pp2pp1/p6p/8/6P1/4B2P/Pr3PK1/8 b - - 0 28,h2h3
15,EulerE,Athanasios1990,481,533,6k1/1pp2pp1/p6p/8/6P1/4B2P/P1r2PK1/8 w - - 1 29,b2c2
15,EulerE,Athanasios1990,481,533,6k1/1pp2pp1/p6p/8/6P1/4B1KP/P1r2P2/8 b - - 2 29,g2g3
15,EulerE,Athanasios1990,481,533,6k1/1pp2pp1/p6p/8/6P1/4B1KP/r4P2/8 w - - 0 30,c2a2
15,EulerE,Athanasios1990,481,533,6k1/1pp2pp1/p6p/8/6P1/4BPKP/r7/8 b - - 0 30,f2f3
15,EulerE,Athanasios1990,481,533,6k1/1pp2pp1/p6p/8/6P1/r3BPKP/8/8 w - - 1 31,a2a3
15,EulerE,Athanasios1990,481,533,6k1/1pp2pp1/p6p/8/5BP1/r4PKP/8/8 b - - 2 31,e3f4
15,EulerE,Athanasios1990,481,533,6k1/1pp2pp1/p6p/8/5BP1/2r2PKP/8/8 w - - 3 32,a3c3
15,EulerE,Athanasios1990,481,533,6k1/1pp2pp1/p6p/8/5BPP/2r2PK1/8/8 b - - 0 32,h3h4
15,EulerE,Athanasios1990,481,533,6k1/1pp2pp1/7p/p7/5BPP/2r2PK1/8/8 w - - 0 33,a6a5
15,EulerE,Athanasios1990,481,533,6k1/1pp2pp1/7p/p5P1/5B1P/2r2PK1/8/8 b - - 0 33,g4g5
15,EulerE,Athanasios1990,481,533,6k1/1pp2pp1/8/p5p1/5B1P/2r2PK1/8/8 w - - 0 34,h6g5
15,EulerE,Athanasios1990,481,533,6k1/1pp2pp1/8/p5P1/5B2/2r2PK1/8/8 b - - 0 34,h4g5
15,EulerE,Athanasios1990,481,533,6k1/1pp2pp1/8/6P1/p4B2/2r2PK1/8/8 w - - 0 35,a5a4
15,EulerE,Athanasios1990,481,533,6k1/1pp2pp1/8/4B1P1/p7/2r2PK1/8/8 b - - 1 35,f4e5
15,EulerE,Athanasios1990,481,533,6k1/1pp2pp1/8/4B1P1/8/p1r2PK1/8/8 w - - 0 36,a4a3
15,EulerE,Athanasios1990,481,533,6k1/1pp2pp1/8/6P1/8/p1B2PK1/8/8 b - - 0 36,e5c3
15,EulerE,Athanasios1990,481,533,6k1/1pp2pp1/8/6P1/8/2B2PK1/p7/8 w - - 0 37,a3a2
15,EulerE,Athanasios1990,481,533,6k1/1pp2pp1/8/6P1/5P2/2B3K1/p7/8 b - - 0 37,f3f4
15,EulerE,Athanasios1990,481,533,6k1/1p3pp1/2p5/6P1/5P2/2B3K1/p7/8 w - - 0 38,c7c6
15,EulerE,Athanasios1990,481,533,6k1/1p3pp1/2p5/6P1/5PK1/2B5/p7/8 b - - 1 38,g3g4
15,EulerE,Athanasios1990,481,533,6k1/5pp1/2p5/1p4P1/5PK1/2B5/p7/8 w - - 0 39,b7b5
15,EulerE,Athanasios1990,481,533,6k1/5pp1/2p5/1p4P1/5P2/2B2K2/p7/8 b - - 1 39,g4f3
15,EulerE,Athanasios1990,481,533,6k1/5p2/2p3p1/1p4P1/5P2/2B2K2/p7/8 w - - 0 40,g7g6
15,EulerE,Athanasios1990,481,533,6k1/5p2/2p3p1/1p4P1/5P2/2B1K3/p7/8 b - - 1 40,f3e3
15,EulerE,Athanasios1990,481,533,5k2/5p2/2p3p1/1p4P1/5P2/2B1K3/p7/8 w - - 2 41,g8f8
15,EulerE,Athanasios1990,481,533,5k2/5p2/2p3p1/1p4P1/3K1P2/2B5/p7/8 b - - 3 41,e3d4
15,EulerE,Athanasios1990,481,533,8/4kp2/2p3p1/1p4P1/3K1P2/2B5/p7/8 w - - 4 42,f8e7
15,EulerE,Athanasios1990,481,533,8/4kp2/2p3p1/1pK3P1/5P2/2B5/p7/8 b - - 5 42,d4c5
15,EulerE,Athanasios1990,481,533,8/3k1p2/2p3p1/1pK3P1/5P2/2B5/p7/8 w - - 6 43,e7d7
15,EulerE,Athanasios1990,481,533,8/3k1p2/2p3p1/1pK3P1/5P2/8/p7/B7 b - - 7 43,c3a1
15,EulerE,Athanasios1990,481,533,8/2k2p2/2p3p1/1pK3P1/5P2/8/p7/B7 w - - 8 44,d7c7
15,EulerE,Athanasios1990,481,533,8/2k2p2/2p3p1/1p4P1/1K3P2/8/p7/B7 b - - 9 44,c5b4
15,EulerE,Athanasios1990,481,533,8/5p2/2pk2p1/1p4P1/1K3P2/8/p7/B7 w - - 10 45,c7d6
15,EulerE,Athanasios1990,481,533,8/5p2/2pk2p1/1p4P1/5P2/1K6/p7/B7 b - - 11 45,b4b3
15,EulerE,Athanasios1990,481,533,8/5p2/2p3p1/1p1k2P1/5P2/1K6/p7/B7 w - - 12 46,d6d5
15,EulerE,Athanasios1990,481,533,8/5p2/2p3p1/1p1k2P1/5P2/8/K7/B7 b - - 0 46,b3a2
15,EulerE,Athanasios1990,481,533,8/5p2/2p3p1/1p4P1/4kP2/8/K7/B7 w - - 1 47,d5e4
15,EulerE,Athanasios1990,481,533,8/5p2/2p3p1/1p4P1/4kP2/8/KB6/8 b - - 2 47,a1b2
15,EulerE,Athanasios1990,481,533,8/5p2/2p3p1/1p4P1/5k2/8/KB6/8 w - - 0 48,e4f4
15,EulerE,Athanasios1990,481,533,8/5p2/2p3p1/1p4P1/5k2/8/K7/2B5 b - - 1 48,b2c1
15,EulerE,Athanasios1990,481,533,8/5p2/2p3p1/1p3kP1/8/8/K7/2B5 w - - 2 49,f4f5
15,EulerE,Athanasios1990,481,533,8/5p2/2p3p1/1p3kP1/8/8/K2B4/8 b - - 3 49,c1d2
15,EulerE,Athanasios1990,481,533,8/8/2p2pp1/1p3kP1/8/8/K2B4/8 w - - 0 50,f7f6
15,EulerE,Athanasios1990,481,533,8/8/2p2Pp1/1p3k2/8/8/K2B4/8 b - - 0 50,g5f6
15,EulerE,Athanasios1990,481,533,8/8/2p2kp1/1p6/8/8/K2B4/8 w - - 0 51,f5f6
15,EulerE,Athanasios1990,481,533,8/8/2p2kp1/1p6/8/K7/3B4/8 b - - 1 51,a2a3
15,EulerE,Athanasios1990,481,533,8/8/2p1k1p1/1p6/8/K7/3B4/8 w - - 2 52,f6e6
15,EulerE,Athanasios1990,481,533,8/8/2p1k1p1/1p6/1K6/8/3B4/8 b - - 3 52,a3b4
15,EulerE,Athanasios1990,481,533,8/8/2pk2p1/1p6/1K6/8/3B4/8 w - - 4 53,e6d6
15,EulerE,Athanasios1990,481,533,8/8/2pk2p1/Kp6/8/8/3B4/8 b - - 5 53,b4a5
15,EulerE,Athanasios1990,481,533,8/2k5/2p3p1/Kp6/8/8/3B4/8 w - - 6 54,d6c7
15,EulerE,Athanasios1990,481,533,8/2k5/2p3p1/Kp4B1/8/8/8/8 b - - 7 54,d2g5
15,EulerE,Athanasios1990,481,533,8/8/2pk2p1/Kp4B1/8/8/8/8 w - - 8 55,c7d6
15,EulerE,Athanasios1990,481,533,8/8/2pk2p1/Kp6/5B2/8/8/8 b - - 9 55,g5f4
15,EulerE,Athanasios1990,481,533,8/8/2p3p1/Kpk5/5B2/8/8/8 w - - 10 56,d6c5
15,EulerE,Athanasios1990,481,533,8/8/2p3p1/Kpk5/8/4B3/8/8 b - - 11 56,f4e3
15,EulerE,Athanasios1990,481,533,8/8/2p3p1/Kp1k4/8/4B3/8/8 w - - 12 57,c5d5
15,EulerE,Athanasios1990,481,533,8/8/1Kp3p1/1p1k4/8/4B3/8/8 b - - 13 57,a5b6
15,EulerE,Athanasios1990,481,533,8/8/1Kpk2p1/1p6/8/4B3/8/8 w - - 14 58,d5d6
15,EulerE,Athanasios1990,481,533,8/8/1Kpk2p1/1p6/5B2/8/8/8 b - - 15 58,e3f4
15,EulerE,Athanasios1990,481,533,8/3k4/1Kp3p1/1p6/5B2/8/8/8 w - - 16 59,d6d7
15,EulerE,Athanasios1990,481,533,8/3k4/2p3p1/1pK5/5B2/8/8/8 b - - 17 59,b6c5
15,EulerE,Athanasios1990,481,533,8/8/2p1k1p1/1pK5/5B2/8/8/8 w - - 18 60,d7e6
15,EulerE,Athanasios1990,481,533,8/8/2K1k1p1/1p6/5B2/8/8/8 b - - 0 60,c5c6
15,EulerE,Athanasios1990,481,533,8/8/2K1k1p1/8/1p3B2/8/8/8 w - - 0 61,b5b4
15,EulerE,Athanasios1990,481,533,8/8/4k1p1/2K5/1p3B2/8/8/8 b - - 1 61,c6c5
15,EulerE,Athanasios1990,481,533,8/8/4k1p1/2K5/5B2/1p6/8/8 w - - 0 62,b4b3
15,EulerE,Athanasios1990,481,533,8/8/4k1p1/8/2K2B2/1p6/8/8 b - - 1 62,c5c4
15,EulerE,Athanasios1990,481,533,8/8/4k1p1/8/2K2B2/8/1p6/8 w - - 0 63,b3b2
15,EulerE,Athanasios1990,481,533,8/8/4k1p1/8/5B2/1K6/1p6/8 b - - 1 63,c4b3
15,EulerE,Athanasios1990,481,533,8/8/4k1p1/8/5B2/1K6/8/1q6 w - - 0 64,b2b1q
15,EulerE,Athanasios1990,481,533,8/8/4k1p1/8/5B2/2K5/8/1q6 b - - 1 64,b3c3
15,EulerE,Athanasios1990,481,533,8/8/4k1p1/1q6/5B2/2K5/8/8 w - - 2 65,b1b5
15,EulerE,Athanasios1990,481,533,8/8/4k1p1/1q6/5B2/8/3K4/8 b - - 3 65,c3d2
15,EulerE,Athanasios1990,481,533,8/8/4k1p1/5q2/5B2/8/3K4/8 w - - 4 66,b5f5
15,EulerE,Athanasios1990,481,533,8/8/4k1p1/5q2/8/4B3/3K4/8 b - - 5 66,f4e3
15,EulerE,Athanasios1990,481,533,8/8/4k3/5qp1/8/4B3/3K4/8 w - - 0 67,g6g5
15,EulerE,Athanasios1990,481,533,8/8/4k3/5qB1/8/8/3K4/8 b - - 0 67,e3g5
15,EulerE,Athanasios1990,481,533,8/8/4k3/6q1/8/8/3K4/8 w - - 0 68,f5g5
15,EulerE,Athanasios1990,481,533,8/8/4k3/6q1/8/2K5/8/8 b - - 1 68,d2c3
15,EulerE,Athanasios1990,481,533,8/8/8/3k2q1/8/2K5/8/8 w - - 2 69,e6d5
15,EulerE,Athanasios1990,481,533,8/8/8/3k2q1/8/3K4/8/8 b - - 3 69,c3d3
15,EulerE,Athanasios1990,481,533,8/8/8/3k4/8/3K2q1/8/8 w - - 4 70,g5g3
15,EulerE,Athanasios1990,481,533,8/8/8/3k4/8/6q1/4K3/8 b - - 5 70,d3e2
15,EulerE,Athanasios1990,481,533,8/8/8/8/3k4/6q1/4K3/8 w - - 6 71,d5d4
15,EulerE,Athanasios1990,481,533,8/8/8/8/3k4/6q1/3K4/8 b - - 7 71,e2d2
15,EulerE,Athanasios1990,481,533,8/8/8/8/3k4/8/3K2q1/8 w - - 8 72,g3g2
15,EulerE,Athanasios1990,481,533,8/8/8/8/3k4/8/6q1/4K3 b - - 9 72,d2e1
15,EulerE,Athanasios1990,481,533,8/8/8/8/8/3k4/6q1/4K3 w - - 10 73,d4d3
15,EulerE,Athanasios1990,481,533,8/8/8/8/8/3k4/6q1/3K4 b - - 11 73,e1d1
15,EulerE,Athanasios1990,481,533,8/8/8/8/8/3k4/8/3K2q1 w - - 12 74,g2g1
16,EulerE,BezNazwyGaming,489,464,rnbqkbnr/pppppppp/8/8/4P3/8/PPPP1PPP/RNBQKBNR b KQkq - 0 1,e2e4
16,EulerE,BezNazwyGaming,489,464,rnbqkbnr/pppp1ppp/8/4p3/4P3/8/PPPP1PPP/RNBQKBNR w KQkq - 0 2,e7e5
16,EulerE,BezNazwyGaming,489,464,rnbqkbnr/pppp1ppp/8/4p3/4P3/5N2/PPPP1PPP/RNBQKB1R b KQkq - 1 2,g1f3
16,EulerE,BezNazwyGaming,489,464,rnbqkb1r/pppp1ppp/5n2/4p3/4P3/5N2/PPPP1PPP/RNBQKB1R w KQkq - 2 3,g8f6
16,EulerE,BezNazwyGaming,489,464,rnbqkb1r/pppp1ppp/5n2/4p3/4P3/3P1N2/PPP2PPP/RNBQKB1R b KQkq - 0 3,d2d3
16,EulerE,BezNazwyGaming,489,464,rnbqkb1r/ppp2ppp/5n2/3pp3/4P3/3P1N2/PPP2PPP/RNBQKB1R w KQkq - 0 4,d7d5
16,EulerE,BezNazwyGaming,489,464,rnbqkb1r/ppp2ppp/5n2/3Pp3/8/3P1N2/PPP2PPP/RNBQKB1R b KQkq - 0 4,e4d5
16,EulerE,BezNazwyGaming,489,464,rnb1kb1r/ppp2ppp/5n2/3qp3/8/3P1N2/PPP2PPP/RNBQKB1R w KQkq - 0 5,d8d5
16,EulerE,BezNazwyGaming,489,464,rnb1kb1r/ppp2ppp/5n2/3qp3/3P4/5N2/PPP2PPP/RNBQKB1R b KQkq - 0 5,d3d4
16,EulerE,BezNazwyGaming,489,464,rn2kb1r/pppb1ppp/5n2/3qp3/3P4/5N2/PPP2PPP/RNBQKB1R w KQkq - 1 6,c8d7
16,EulerE,BezNazwyGaming,489,464,rn2kb1r/pppb1ppp/5n2/3qN3/3P4/8/PPP2PPP/RNBQKB1R b KQkq - 0 6,f3e5
16,EulerE,BezNazwyGaming,489,464,rn2kb1r/ppp2ppp/5n2/1b1qN3/3P4/8/PPP2PPP/RNBQKB1R w KQkq - 1 7,d7b5
16,EulerE,BezNazwyGaming,489,464,rn2kb1r/ppp2ppp/5n2/1B1qN3/3P4/8/PPP2PPP/RNBQK2R b KQkq - 0 7,f1b5
16,EulerE,BezNazwyGaming,489,464,rn2kb1r/ppp2ppp/5n2/1q2N3/3P4/8/PPP2PPP/RNBQK2R w KQkq - 0 8,d5b5
16,EulerE,BezNazwyGaming,489,464,rn2kb1r/ppp2ppp/5n2/1q2N3/3P4/1P6/P1P2PPP/RNBQK2R b KQkq - 0 8,b2b3
16,EulerE,BezNazwyGaming,489,464,rn2k2r/ppp2ppp/5n2/1q2N3/1b1P4/1P6/P1P2PPP/RNBQK2R w KQkq - 1 9,f8b4
16,EulerE,BezNazwyGaming,489,464,rn2k2r/ppp2ppp/5n2/1q2N3/1b1P4/1P6/P1PB1PPP/RN1QK2R b KQkq - 2 9,c1d2
16,EulerE,BezNazwyGaming,489,464,rn2k2r/ppp2ppp/8/1q2N3/1b1Pn3/1P6/P1PB1PPP/RN1QK2R w KQkq - 3 10,f6e4
16,EulerE,BezNazwyGaming,489,464,rn2k2r/ppp2ppp/8/1q2N3/1B1Pn3/1P6/P1P2PPP/RN1QK2R b KQkq - 0 10,d2b4
16,EulerE,BezNazwyGaming,489,464,rn2k2r/ppp2ppp/8/4N3/1q1Pn3/1P6/P1P2PPP/RN1QK2R w KQkq - 0 11,b5b4
16,EulerE,BezNazwyGaming,489,464,rn2k2r/ppp2ppp/8/4N3/1q1Pn3/1P6/P1PN1PPP/R2QK2R b KQkq - 1 11,b1d2
16,EulerE,BezNazwyGaming,489,464,rn2k2r/ppp2ppp/8/4N3/1q1P4/1P6/P1Pn1PPP/R2QK2R w KQkq - 0 12,e4d2
16,EulerE,BezNazwyGaming,489,464,rn2k2r/ppp2ppp/8/4N3/1q1P4/1P6/P1PQ1PPP/R3K2R b KQkq - 0 12,d1d2
16,EulerE,BezNazwyGaming,489,464,rn2k2r/ppp2ppp/8/4N3/3P4/1P6/P1Pq1PPP/R3K2R w KQkq - 0 13,b4d2
16,EulerE,BezNazwyGaming,489,464,rn2k2r/ppp2ppp/8/4N3/3P4/1P6/P1PK1PPP/R6R b kq - 0 13,e1d2
16,EulerE,BezNazwyGaming,489,464,rn2k2r/ppp3pp/5p2/4N3/3P4/1P6/P1PK1PPP/R6R w kq - 0 14,f7f6
16,EulerE,BezNazwyGaming,489,464,rn2k2r/ppp3pp/5p2/8/3P2N1/1P6/P1PK1PPP/R6R b kq - 1 14,e5g4
16,EulerE,BezNazwyGaming,489,464,rn3rk1/ppp3pp/5p2/8/3P2N1/1P6/P1PK1PPP/R6R w - - 2 15,e8g8
16,EulerE,BezNazwyGaming,489,464,rn3rk1/ppp3pp/5p2/8/3P2N1/1P5P/P1PK1PP1/R6R b - - 0 15,h2h3
16,EulerE,BezNazwyGaming,489,464,rn2r1k1/ppp3pp/5p2/8/3P2N1/1P5P/P1PK1PP1/R6R w - - 1 16,f8e8
16,EulerE,BezNazwyGaming,489,464,rn2r1k1/ppp3pp/5p2/8/3P2N1/1PP4P/P2K1PP1/R6R b - - 0 16,c2c3
16,EulerE,BezNazwyGaming,489,464,r3r1k1/ppp3pp/2n2p2/8/3P2N1/1PP4P/P2K1PP1/R6R w - - 1 17,b8c6
16,EulerE,BezNazwyGaming,489,464,r3r1k1/ppp3pp/2n2p2/8/1P1P2N1/2P4P/P2K1PP1/R6R b - - 0 17,b3b4
16,EulerE,BezNazwyGaming,489,464,3rr1k1/ppp3pp/2n2p2/8/1P1P2N1/2P4P/P2K1PP1/R6R w - - 1 18,a8d8
16,EulerE,BezNazwyGaming,489,464,3rr1k1/ppp3pp/2n2p2/8/1P1P2N1/P1P4P/3K1PP1/R6R b - - 0 18,a2a3
16,EulerE,BezNazwyGaming,489,464,3rr1k1/ppp3p1/2n2p1p/8/1P1P2N1/P1P4P/3K1PP1/R6R w - - 0 19,h7h6
16,EulerE,BezNazwyGaming,489,464,3rr1k1/ppp3p1/2n2p1p/8/1P1P2N1/P1P2P1P/3K2P1/R6R b - - 0 19,f2f3
16,EulerE,BezNazwyGaming,489,464,3rr1k1/ppp5/2n2ppp/8/1P1P2N1/P1P2P1P/3K2P1/R6R w - - 0 20,g7g6
16,EulerE,BezNazwyGaming,489,464,3rr1k1/ppp5/2n2ppN/8/1P1P4/P1P2P1P/3K2P1/R6R b - - 0 20,g4h6
16,EulerE,BezNazwyGaming,489,464,3rr3/ppp4k/2n2ppN/8/1P1P4/P1P2P1P/3K2P1/R6R w - - 1 21,g8h7
16,EulerE,BezNazwyGaming,489,464,3rr3/ppp4k/2n2pp1/8/1P1P2N1/P1P2P1P/3K2P1/R6R b - - 2 21,h6g4
16,EulerE,BezNazwyGaming,489,464,4r3/pppr3k/2n2pp1/8/1P1P2N1/P1P2P1P/3K2P1/R6R w - - 3 22,d8d7
16,EulerE,BezNazwyGaming,489,464,4r3/pppr3k/2n2Np1/8/1P1P4/P1P2P1P/3K2P1/R6R b - - 0 22,g4f6
16,EulerE,BezNazwyGaming,489,464,4r3/pppr2k1/2n2Np1/8/1P1P4/P1P2P1P/3K2P1/R6R w - - 1 23,h7g7
16,EulerE,BezNazwyGaming,489,464,4N3/pppr2k1/2n3p1/8/1P1P4/P1P2P1P/3K2P1/R6R b - - 0 23,f6e8
16,EulerE,BezNazwyGaming,489,464,4N3/pppr1k2/2n3p1/8/1P1P4/P1P2P1P/3K2P1/R6R w - - 1 24,g7f7
16,EulerE,BezNazwyGaming,489,464,8/pppr1k2/2nN2p1/8/1P1P4/P1P2P1P/3K2P1/R6R b - - 2 24,e8d6
16,EulerE,BezNazwyGaming,489,464,8/ppp2k2/2nr2p1/8/1P1P4/P1P2P1P/3K2P1/R6R w - - 0 25,d7d6
16,EulerE,BezNazwyGaming,489,464,8/ppp2k2/2nr2p1/8/1P1P4/P1P2P1P/3K2P1/R3R3 b - - 1 25,h1e1
16,EulerE,BezNazwyGaming,489,464,8/ppp2k2/2n3p1/3r4/1P1P4/P1P2P1P/3K2P1/R3R3 w - - 2 26,d6d5
16,EulerE,BezNazwyGaming,489,464,8/ppp2k2/2n3p1/3r4/1P1P4/P1P2P1P/3KR1P1/R7 b - - 3 26,e1e2
16,EulerE,BezNazwyGaming,489,464,8/ppp2k2/2n3p1/6r1/1P1P4/P1P2P1P/3KR1P1/R7 w - - 4 27,d5g5
16,EulerE,BezNazwyGaming,489,464,8/ppp2k2/2n3p1/6r1/1P1P4/P1P2P1P/3KR1P1/4R3 b - - 5 27,a1e1
16,EulerE,BezNazwyGaming,489,464,8/p1p2k2/1pn3p1/6r1/1P1P4/P1P2P1P/3KR1P1/4R3 w - - 0 28,b7b6
16,EulerE,BezNazwyGaming,489,464,8/p1p2k2/1pn1R1p1/6r1/1P1P4/P1P2P1P/3K2P1/4R3 b - - 1 28,e2e6
16,EulerE,BezNazwyGaming,489,464,3n4/p1p2k2/1p2R1p1/6r1/1P1P4/P1P2P1P/3K2P1/4R3 w - - 2 29,c6d8
16,EulerE,BezNazwyGaming,489,464,3n4/p1p2k2/1p4p1/4R1r1/1P1P4/P1P2P1P/3K2P1/4R3 b - - 3 29,e6e5
16,EulerE,BezNazwyGaming,489,464,3n4/p1p3k1/1p4p1/4R1r1/1P1P4/P1P2P1P/3K2P1/4R3 w - - 4 30,f7g7
16,EulerE,BezNazwyGaming,489,464,3n4/p1p3k1/1p4p1/6R1/1P1P4/P1P2P1P/3K2P1/4R3 b - - 0 30,e5g5
16,EulerE,BezNazwyGaming,489,464,8/p1p2nk1/1p4p1/6R1/1P1P4/P1P2P1P/3K2P1/4R3 w - - 1 31,d8f7
16,EulerE,BezNazwyGaming,489,464,8/p1p2nk1/1p4p1/8/1P1P2R1/P1P2P1P/3K2P1/4R3 b - - 2 31,g5g4
16,EulerE,BezNazwyGaming,489,464,8/p1p2nk1/1p6/6p1/1P1P2R1/P1P2P1P/3K2P1/4R3 w - - 0 32,g6g5
16,EulerE,BezNazwyGaming,489,464,8/p1p2nk1/1p6/6p1/1P1PR3/P1P2P1P/3K2P1/4R3 b - - 1 32,g4e4
16,EulerE,BezNazwyGaming,489,464,8/p1p2nk1/1p6/8/1P1PR1p1/P1P2P1P/3K2P1/4R3 w - - 0 33,g5g4
16,EulerE,BezNazwyGaming,489,464,8/p1p2nk1/1p6/8/1P1PR1P1/P1P4P/3K2P1/4R3 b - - 0 33,f3g4
16,EulerE,BezNazwyGaming,489,464,8/p1p3k1/1p6/6n1/1P1PR1P1/P1P4P/3K2P1/4R3 w - - 1 34,f7g5
16,EulerE,BezNazwyGaming,489,464,8/p1p3k1/1p6/6n1/1P1PR1PP/P1P5/3K2P1/4R3 b - - 0 34,h3h4
16,EulerE,BezNazwyGaming,489,464,8/p1p3k1/1p6/8/1P1Pn1PP/P1P5/3K2P1/4R3 w - - 0 35,g5e4
16,EulerE,BezNazwyGaming,489,464,8/p1p3k1/1p6/8/1P1PR1PP/P1P5/3K2P1/8 b - - 0 35,e1e4
16,EulerE,BezNazwyGaming,489,464,8/p1p2k2/1p6/8/1P1PR1PP/P1P5/3K2P1/8 w - - 1 36,g7f7
16,EulerE,BezNazwyGaming,489,464,8/p1p2k2/1p6/8/1PPPR1PP/P7/3K2P1/8 b - - 0 36,c3c4
16,EulerE,BezNazwyGaming,489,464,8/p1p3k1/1p6/8/1PPPR1PP/P7/3K2P1/8 w - - 1 37,f7g7
16,EulerE,BezNazwyGaming,489,464,8/p1p3k1/1p6/2P5/1P1PR1PP/P7/3K2P1/8 b - - 0 37,c4c5
16,EulerE,BezNazwyGaming,489,464,8/p1p4k/1p6/2P5/1P1PR1PP/P7/3K2P1/8 w - - 1 38,g7h7
16,EulerE,BezNazwyGaming,489,464,8/p1p4k/1P6/8/1P1PR1PP/P7/3K2P1/8 b - - 0 38,c5b6
16,EulerE,BezNazwyGaming,489,464,8/2p4k/1p6/8/1P1PR1PP/P7/3K2P1/8 w - - 0 39,a7b6
16,EulerE,BezNazwyGaming,489,464,8/2p1R2k/1p6/8/1P1P2PP/P7/3K2P1/8 b - - 1 39,e4e7
16,EulerE,BezNazwyGaming,489,464,8/2p1R3/1p5k/8/1P1P2PP/P7/3K2P1/8 w - - 2 40,h7h6
16,EulerE,BezNazwyGaming,489,464,8/2R5/1p5k/8/1P1P2PP/P7/3K2P1/8 b - - 0 40,e7c7
16,EulerE,BezNazwyGaming,489,464,8/2R5/1p4k1/8/1P1P2PP/P7/3K2P1/8 w - - 1 41,h6g6
16,EulerE,BezNazwyGaming,489,464,8/8/1pR3k1/8/1P1P2PP/P7/3K2P1/8 b - - 2 41,c7c6
16,EulerE,BezNazwyGaming,489,464,8/5k2/1pR5/8/1P1P2PP/P7/3K2P1/8 w - - 3 42,g6f7
16,EulerE,BezNazwyGaming,489,464,8/5k2/1R6/8/1P1P2PP/P7/3K2P1/8 b - - 0 42,c6b6
16,EulerE,BezNazwyGaming,489,464,8/4k3/1R6/8/1P1P2PP/P7/3K2P1/8 w - - 1 43,f7e7
16,EulerE,BezNazwyGaming,489,464,8/4k3/1R6/1P6/3P2PP/P7/3K2P1/8 b - - 0 43,b4b5
16,EulerE,BezNazwyGaming,489,464,8/3k4/1R6/1P6/3P2PP/P7/3K2P1/8 w - - 1 44,e7d7
16,EulerE,BezNazwyGaming,489,464,8/3k4/1R6/1P6/P2P2PP/8/3K2P1/8 b - - 0 44,a3a4
16,EulerE,BezNazwyGaming,489,464,8/2k5/1R6/1P6/P2P2PP/8/3K2P1/8 w - - 1 45,d7c7
16,EulerE,BezNazwyGaming,489,464,8/2k5/R7/1P6/P2P2PP/8/3K2P1/8 b - - 2 45,b6a6
16,EulerE,BezNazwyGaming,489,464,8/1k6/R7/1P6/P2P2PP/8/3K2P1/8 w - - 3 46,c7b7
16,EulerE,BezNazwyGaming,489,464,8/1k6/R7/1P4P1/P2P3P/8/3K2P1/8 b - - 0 46,g4g5
16,EulerE,BezNazwyGaming,489,464,8/2k5/R7/1P4P1/P2P3P/8/3K2P1/8 w - - 1 47,b7c7
16,EulerE,BezNazwyGaming,489,464,8/2k5/R7/1P4PP/P2P4/8/3K2P1/8 b - - 0 47,h4h5
16,EulerE,BezNazwyGaming,489,464,8/3k4/R7/1P4PP/P2P4/8/3K2P1/8 w - - 1 48,c7d7
16,EulerE,BezNazwyGaming,489,464,8/3k4/R6P/1P4P1/P2P4/8/3K2P1/8 b - - 0 48,h5h6
16,EulerE,BezNazwyGaming,489,464,8/4k3/R6P/1P4P1/P2P4/8/3K2P1/8 w - - 1 49,d7e7
16,EulerE,BezNazwyGaming,489,464,8/4k2P/R7/1P4P1/P2P4/8/3K2P1/8 b - - 0 49,h6h7
16,EulerE,BezNazwyGaming,489,464,8/5k1P/R7/1P4P1/P2P4/8/3K2P1/8 w - - 1 50,e7f7
16,EulerE,BezNazwyGaming,489,464,7Q/5k2/R7/1P4P1/P2P4/8/3K2P1/8 b - - 0 50,h7h8q
16,EulerE,BezNazwyGaming,489,464,7Q/4k3/R7/1P4P1/P2P4/8/3K2P1/8 w - - 1 51,f7e7
16,EulerE,BezNazwyGaming,489,464,8/4k3/R6Q/1P4P1/P2P4/8/3K2P1/8 b - - 2 51,h8h6
16,EulerE,BezNazwyGaming,489,464,8/3k4/R6Q/1P4P1/P2P4/8/3K2P1/8 w - - 3 52,e7d7
16,EulerE,BezNazwyGaming,489,464,8/R2k4/7Q/1P4P1/P2P4/8/3K2P1/8 b - - 4 52,a6a7
16,EulerE,BezNazwyGaming,489,464,2k5/R7/7Q/1P4P1/P2P4/8/3K2P1/8 w - - 5 53,d7c8
16,EulerE,BezNazwyGaming,489,464,2k4Q/R7/8/1P4P1/P2P4/8/3K2P1/8 b - - 6 53,h6h8
17,LACAB,EulerE,538,482,rnbqkbnr/pppppppp/8/8/4P3/8/PPPP1PPP/RNBQKBNR b KQkq - 0 1,e2e4
17,LACAB,EulerE,538,482,rnbqkbnr/pppp1ppp/8/4p3/4P3/8/PPPP1PPP/RNBQKBNR w KQkq - 0 2,e7e5
17,LACAB,EulerE,538,482,rnbqkbnr/pppp1ppp/8/4p3/4P1P1/8/PPPP1P1P/RNBQKBNR b KQkq - 0 2,g2g4
17,LACAB,EulerE,538,482,r1bqkbnr/pppp1ppp/2n5/4p3/4P1P1/8/PPPP1P1P/RNBQKBNR w KQkq - 1 3,b8c6
17,LACAB,EulerE,538,482,r1bqkbnr/pppp1ppp/2n5/4p3/4P1P1/2P5/PP1P1P1P/RNBQKBNR b KQkq - 0 3,c2c3
17,LACAB,EulerE,538,482,r1bqkbnr/pppp2pp/2n2p2/4p3/4P1P1/2P5/PP1P1P1P/RNBQKBNR w KQkq - 0 4,f7f6
17,LACAB,EulerE,538,482,r1bqkbnr/pppp2pp/2n2p2/4p3/4P1PP/2P5/PP1P1P2/RNBQKBNR b KQkq - 0 4,h2h4
17,LACAB,EulerE,538,482,r1bqkb1r/pppp2pp/2n2p1n/4p3/4P1PP/2P5/PP1P1P2/RNBQKBNR w KQkq - 1 5,g8h6
17,LACAB,EulerE,538,482,r1bqkb1r/pppp2pp/2n2p1n/4p3/4P1PP/2P2Q2/PP1P1P2/RNB1KBNR b KQkq - 2 5,d1f3
17,LACAB,EulerE,538,482,r1bqkb1r/pppp2pp/2n4n/4pp2/4P1PP/2P2Q2/PP1P1P2/RNB1KBNR w KQkq - 0 6,f6f5
17,LACAB,EulerE,538,482,r1bqkb1r/pppp2pp/2n4n/4pp2/2B1P1PP/2P2Q2/PP1P1P2/RNB1K1NR b KQkq - 1 6,f1c4
17,LACAB,EulerE,538,482,r1bqkb1r/pppp2pp/2n4n/4p3/2B1P1pP/2P2Q2/PP1P1P2/RNB1K1NR w KQkq - 0 7,f5g4
17,LACAB,EulerE,538,482,r1bqkb1r/pppp2pp/2n4n/4p3/2B1P1pP/2P3Q1/PP1P1P2/RNB1K1NR b KQkq - 1 7,f3g3
17,LACAB,EulerE,538,482,r1bqkb1r/pppp2pp/7n/n3p3/2B1P1pP/2P3Q1/PP1P1P2/RNB1K1NR w KQkq - 2 8,c6a5
17,LACAB,EulerE,538,482,r1bqkb1r/pppp2pp/7n/n2Bp3/4P1pP/2P3Q1/PP1P1P2/RNB1K1NR b KQkq - 3 8,c4d5
17,LACAB,EulerE,538,482,r1bqkb1r/pp1p2pp/2p4n/n2Bp3/4P1pP/2P3Q1/PP1P1P2/RNB1K1NR w KQkq - 0 9,c7c6
17,LACAB,EulerE,538,482,r1bqkb1r/pp1p2pp/2p4n/n2BQ3/4P1pP/2P5/PP1P1P2/RNB1K1NR b KQkq - 0 9,g3e5
17,LACAB,EulerE,538,482,r1b1kb1r/pp1pq1pp/2p4n/n2BQ3/4P1pP/2P5/PP1P1P2/RNB1K1NR w KQkq - 1 10,d8e7
17,LACAB,EulerE,538,482,r1b1kb1r/pp1pqBpp/2p4n/n3Q3/4P1pP/2P5/PP1P1P2/RNB1K1NR b KQkq - 2 10,d5f7
17,LACAB,EulerE,538,482,r1b1kb1r/pp1pqnpp/2p5/n3Q3/4P1pP/2P5/PP1P1P2/RNB1K1NR w KQkq - 0 11,h6f7
17,LACAB,EulerE,538,482,r1b1kb1r/pp1pQnpp/2p5/n7/4P1pP/2P5/PP1P1P2/RNB1K1NR b KQkq - 0 11,e5e7
17,LACAB,EulerE,538,482,r1b1k2r/pp1pbnpp/2p5/n7/4P1pP/2P5/PP1P1P2/RNB1K1NR w KQkq - 0 12,f8e7
17,LACAB,EulerE,538,482,r1b1k2r/pp1pbnpp/2p5/n7/1P2P1pP/2P5/P2P1P2/RNB1K1NR b KQkq - 0 12,b2b4
17,LACAB,EulerE,538,482,r1b1k2r/pp1pbnpp/2p5/8/1Pn1P1pP/2P5/P2P1P2/RNB1K1NR w KQkq - 1 13,a5c4
17,LACAB,EulerE,538,482,r1b1k2r/pp1pbnpp/2p5/8/1Pn1P1pP/2P2P2/P2P4/RNB1K1NR b KQkq - 0 13,f2f3
17,LACAB,EulerE,538,482,r1b1k2r/pp1pbnpp/2p5/8/1Pn1P2P/2P2p2/P2P4/RNB1K1NR w KQkq - 0 14,g4f3
17,LACAB,EulerE,538,482,r1b1k2r/pp1pbnpp/2p5/8/1Pn1P2P/2P2N2/P2P4/RNB1K2R b KQkq - 0 14,g1f3
17,LACAB,EulerE,538,482,r1b2rk1/pp1pbnpp/2p5/8/1Pn1P2P/2P2N2/P2P4/RNB1K2R w KQ - 1 15,e8g8
17,LACAB,EulerE,538,482,r1b2rk1/pp1pbnpp/2p5/8/1Pn1P2P/2P2N2/P2P4/RNB1K1R1 b Q - 2 15,h1g1
17,LACAB,EulerE,538,482,r1b2rk1/pp1pb1pp/2p4n/8/1Pn1P2P/2P2N2/P2P4/RNB1K1R1 w Q - 3 16,f7h6
17,LACAB,EulerE,538,482,r1b2rk1/pp1pb1pp/2p4n/6N1/1Pn1P2P/2P5/P2P4/RNB1K1R1 b Q - 4 16,f3g5
17,LACAB,EulerE,538,482,r1b2rk1/pp1p2pp/2p4n/6b1/1Pn1P2P/2P5/P2P4/RNB1K1R1 w Q - 0 17,e7g5
17,LACAB,EulerE,538,482,r1b2rk1/pp1p2pp/2p4n/6P1/1Pn1P3/2P5/P2P4/RNB1K1R1 b Q - 0 17,h4g5
17,LACAB,EulerE,538,482,r1b2rk1/pp1p1npp/2p5/6P1/1Pn1P3/2P5/P2P4/RNB1K1R1 w Q - 1 18,h6f7
17,LACAB,EulerE,538,482,r1b2rk1/pp1p1npp/2p5/6P1/1Pn1P3/2PP4/P7/RNB1K1R1 b Q - 0 18,d2d3
17,LACAB,EulerE,538,482,r1b2rk1/pp1p1npp/2p5/6P1/1P2P3/2PPn3/P7/RNB1K1R1 w Q - 1 19,c4e3
17,LACAB,EulerE,538,482,r1b2rk1/pp1p1npp/2p5/6P1/1P2P3/2PPB3/P7/RN2K1R1 b Q - 0 19,c1e3
17,LACAB,EulerE,538,482,r1b2rk1/pp1p1np1/2p4p/6P1/1P2P3/2PPB3/P7/RN2K1R1 w Q - 0 20,h7h6
17,LACAB,EulerE,538,482,r1b2rk1/pp1p1np1/2p4P/8/1P2P3/2PPB3/P7/RN2K1R1 b Q - 0 20,g5h6
17,LACAB,EulerE,538,482,r1b2rk1/pp1p2p1/2p4n/8/1P2P3/2PPB3/P7/RN2K1R1 w Q - 0 21,f7h6
17,LACAB,EulerE,538,482,r1b2rk1/pp1p2p1/2p4B/8/1P2P3/2PP4/P7/RN2K1R1 b Q - 0 21,e3h6
17,LACAB,EulerE,538,482,r1b3k1/pp1p2p1/2p2r1B/8/1P2P3/2PP4/P7/RN2K1R1 w Q - 1 22,f8f6
17,LACAB,EulerE,538,482,r1b3k1/pp1p2B1/2p2r2/8/1P2P3/2PP4/P7/RN2K1R1 b Q - 0 22,h6g7
17,LACAB,EulerE,538,482,r1b3k1/pp4B1/2pp1r2/8/1P2P3/2PP4/P7/RN2K1R1 w Q - 0 23,d7d6
17,LACAB,EulerE,538,482,r1b3k1/pp6/2pp1B2/8/1P2P3/2PP4/P7/RN2K1R1 b Q - 0 23,g7f6
17,LACAB,EulerE,538,482,r1b2k2/pp6/2pp1B2/8/1P2P3/2PP4/P7/RN2K1R1 w Q - 1 24,g8f8
17,LACAB,EulerE,538,482,r1b2k2/pp6/2pp1B2/8/1P2P3/2PP4/P2N4/R3K1R1 b Q - 2 24,b1d2
17,LACAB,EulerE,538,482,r4k2/pp6/2pp1B2/8/1P2P1b1/2PP4/P2N4/R3K1R1 w Q - 3 25,c8g4
18,EulerE,StalkingSavage,490,488,rnbqkbnr/pppppppp/8/8/3P4/8/PPP1PPPP/RNBQKBNR b KQkq - 0 1,d2d4
18,EulerE,StalkingSavage,490,488,rnbqkbnr/ppppp1pp/8/5p2/3P4/8/PPP1PPPP/RNBQKBNR w KQkq - 0 2,f7f5
18,EulerE,StalkingSavage,490,488,rnbqkbnr/ppppp1pp/8/5p2/3P4/5N2/PPP1PPPP/RNBQKB1R b KQkq - 1 2,g1f3
18,EulerE,StalkingSavage,490,488,rnbqkbnr/ppp1p1pp/8/3p1p2/3P4/5N2/PPP1PPPP/RNBQKB1R w KQkq - 0 3,d7d5
18,EulerE,StalkingSavage,490,488,rnbqkbnr/ppp1p1pp/8/3p1p2/3P4/4PN2/PPP2PPP/RNBQKB1R b KQkq - 0 3,e2e3
18,EulerE,StalkingSavage,490,488,rnbqkb1r/ppp1p1pp/5n2/3p1p2/3P4/4PN2/PPP2PPP/RNBQKB1R w KQkq - 1 4,g8f6
18,EulerE,StalkingSavage,490,488,rnbqkb1r/ppp1p1pp/5n2/3p1p2/3P4/2N1PN2/PPP2PPP/R1BQKB1R b KQkq - 2 4,b1c3
18,EulerE,StalkingSavage,490,488,rnbqkb1r/1pp1p1pp/p4n2/3p1p2/3P4/2N1PN2/PPP2PPP/R1BQKB1R w KQkq - 0 5,a7a6
18,EulerE,StalkingSavage,490,488,rnbqkb1r/1pp1p1pp/p4n2/3p1p2/3P4/2N1PNP1/PPP2P1P/R1BQKB1R b KQkq - 0 5,g2g3
18,EulerE,StalkingSavage,490,488,rnbqkb1r/2p1p1pp/p4n2/1p1p1p2/3P4/2N1PNP1/PPP2P1P/R1BQKB1R w KQkq - 0 6,b7b5
18,EulerE,StalkingSavage,490,488,rnbqkb1r/2p1p1pp/p4n2/1p1p1p2/1P1P4/2N1PNP1/P1P2P1P/R1BQKB1R b KQkq - 0 6,b2b4
18,EulerE,StalkingSavage,490,488,r1bqkb1r/2p1p1pp/p1n2n2/1p1p1p2/1P1P4/2N1PNP1/P1P2P1P/R1BQKB1R w KQkq - 1 7,b8c6
18,EulerE,StalkingSavage,490,488,r1bqkb1r/2p1p1pp/p1n2n2/1p1p1p2/1P1P4/P1N1PNP1/2P2P1P/R1BQKB1R b KQkq - 0 7,a2a3
18,EulerE,StalkingSavage,490,488,r1bqkb1r/2p1p1p1/p1n2n1p/1p1p1p2/1P1P4/P1N1PNP1/2P2P1P/R1BQKB1R w KQkq - 0 8,h7h6
18,EulerE,StalkingSavage,490,488,r1bqkb1r/2p1p1p1/p1n2n1p/1p1p1p2/1P1P3N/P1N1P1P1/2P2P1P/R1BQKB1R b KQkq - 1 8,f3h4
18,EulerE,StalkingSavage,490,488,r1bqkb1r/2p3p1/p1n2n1p/1p1ppp2/1P1P3N/P1N1P1P1/2P2P1P/R1BQKB1R w KQkq - 0 9,e7e5
18,EulerE,StalkingSavage,490,488,r1bqkb1r/2p3p1/p1n2n1p/1p1pPp2/1P5N/P1N1P1P1/2P2P1P/R1BQKB1R b KQkq - 0 9,d4e5
18,EulerE,StalkingSavage,490,488,r1bqkb1r/2p3p1/p4n1p/1p1pnp2/1P5N/P1N1P1P1/2P2P1P/R1BQKB1R w KQkq - 0 10,c6e5
18,EulerE,StalkingSavage,490,488,r1bqkb1r/2p3p1/p4n1p/1p1pnp2/1P5N/P1N1P1PB/2P2P1P/R1BQK2R b KQkq - 1 10,f1h3
18,EulerE,StalkingSavage,490,488,r1bqk2r/2p3p1/p4n1p/1pbpnp2/1P5N/P1N1P1PB/2P2P1P/R1BQK2R w KQkq - 2 11,f8c5
18,EulerE,StalkingSavage,490,488,r1bqk2r/2p3p1/p4n1p/1pPpnp2/7N/P1N1P1PB/2P2P1P/R1BQK2R b KQkq - 0 11,b4c5
18,EulerE,StalkingSavage,490,488,r1bqk2r/6p1/p1p2n1p/1pPpnp2/7N/P1N1P1PB/2P2P1P/R1BQK2R w KQkq - 0 12,c7c6
18,EulerE,StalkingSavage,490,488,r1bqk2r/6p1/p1p2n1p/1pPpnB2/7N/P1N1P1P1/2P2P1P/R1BQK2R b KQkq - 0 12,h3f5
18,EulerE,StalkingSavage,490,488,r1bqk2r/6p1/2p2n1p/ppPpnB2/7N/P1N1P1P1/2P2P1P/R1BQK2R w KQkq - 0 13,a6a5
18,EulerE,StalkingSavage,490,488,r1Bqk2r/6p1/2p2n1p/ppPpn3/7N/P1N1P1P1/2P2P1P/R1BQK2R b KQkq - 0 13,f5c8
18,EulerE,StalkingSavage,490,488,r1q1k2r/6p1/2p2n1p/ppPpn3/7N/P1N1P1P1/2P2P1P/R1BQK2R w KQkq - 0 14,d8c8
18,EulerE,StalkingSavage,490,488,r1q1k2r/6p1/2p2n1p/ppPpn3/7N/P1N1P1P1/2P2P1P/R1BQ1RK1 b kq - 1 14,e1g1
18,EulerE,StalkingSavage,490,488,r3k2r/6p1/2p2n1p/ppPpn3/6qN/P1N1P1P1/2P2P1P/R1BQ1RK1 w kq - 2 15,c8g4
18,EulerE,StalkingSavage,490,488,r3k2r/6p1/2p2n1p/ppPpn3/6qN/P1N1P1P1/2P2P1P/R1B1QRK1 b kq - 3 15,d1e1
18,EulerE,StalkingSavage,490,488,r3k2r/6p1/2p2n1p/ppPp4/6qN/P1N1PnP1/2P2P1P/R1B1QRK1 w kq - 4 16,e5f3
18,EulerE,StalkingSavage,490,488,r3k2r/6p1/2p2n1p/ppPp4/6qN/P1N1PnP1/2P2PKP/R1B1QR2 b kq - 5 16,g1g2
18,EulerE,StalkingSavage,490,488,r3k2r/6p1/2p2n1p/ppPp4/6qN/P1N1P1P1/2P2PKP/R1B1nR2 w kq - 0 17,f3e1
18,EulerE,StalkingSavage,490,488,r3k2r/6p1/2p2n1p/ppPp4/6qN/P1N1P1P1/2P2PKP/R1B1R3 b kq - 0 17,f1e1
18,EulerE,StalkingSavage,490,488,r3k2r/6p1/2p2n1p/ppPp4/2q4N/P1N1P1P1/2P2PKP/R1B1R3 w kq - 1 18,g4c4
18,EulerE,StalkingSavage,490,488,r3k2r/6p1/2p2n1p/ppPp4/2q4N/P1N1P1P1/2PB1PKP/R3R3 b kq - 2 18,c1d2
18,EulerE,StalkingSavage,490,488,r3k2r/6p1/2p2n1p/p1Pp4/1pq4N/P1N1P1P1/2PB1PKP/R3R3 w kq - 0 19,b5b4
18,EulerE,StalkingSavage,490,488,r3k2r/6p1/2p2n1p/p1Pp4/1pq4N/P3P1P1/2PBNPKP/R3R3 b kq - 1 19,c3e2
18,EulerE,StalkingSavage,490,488,r3k2r/6p1/2p2n1p/p1Pp4/1p5N/P3P1P1/2qBNPKP/R3R3 w kq - 0 20,c4c2
18,EulerE,StalkingSavage,490,488,r3k2r/6p1/2p2n1p/p1Pp4/1P5N/4P1P1/2qBNPKP/R3R3 b kq - 0 20,a3b4
18,EulerE,StalkingSavage,490,488,r3k2r/6p1/2p2n1p/p1Pp4/1P5N/4P1P1/3qNPKP/R3R3 w kq - 0 21,c2d2
18,EulerE,StalkingSavage,490,488,r3k2r/6p1/2p2n1p/R1Pp4/1P5N/4P1P1/3qNPKP/4R3 b kq - 0 21,a1a5
18,EulerE,StalkingSavage,490,488,r3k2r/6p1/2p2n1p/R1Pp4/1P5N/4P1P1/q3NPKP/4R3 w kq - 1 22,d2a2
18,EulerE,StalkingSavage,490,488,r3k2r/6p1/2p2n1p/R1Pp4/1P5N/4P1P1/q3NPKP/R7 b kq - 2 22,e1a1
18,EulerE,StalkingSavage,490,488,r3k2r/6p1/2p2n1p/R1Pp4/1P5N/4P1P1/4qPKP/R7 w kq - 0 23,a2e2
18,EulerE,StalkingSavage,490,488,R3k2r/6p1/2p2n1p/2Pp4/1P5N/4P1P1/4qPKP/R7 b k - 0 23,a5a8
18,EulerE,StalkingSavage,490,488,R6r/5kp1/2p2n1p/2Pp4/1P5N/4P1P1/4qPKP/R7 w - - 1 24,e8f7
18,EulerE,StalkingSavage,490,488,7R/5kp1/2p2n1p/2Pp4/1P5N/4P1P1/4qPKP/R7 b - - 0 24,a8h8
18,EulerE,StalkingSavage,490,488,7R/5kp1/2p2n1p/2Pp4/1P5N/4P1P1/1q3PKP/R7 w - - 1 25,e2b2
18,EulerE,StalkingSavage,490,488,7R/5kp1/2p2n1p/2Pp4/1P5N/4P1P1/1q3PKP/4R3 b - - 2 25,a1e1
18,EulerE,StalkingSavage,490,488,7R/5kp1/2p2n1p/2Pp4/1P5N/4P1P1/3q1PKP/4R3 w - - 3 26,b2d2
18,EulerE,StalkingSavage,490,488,7R/5kp1/2p2n1p/2Pp4/1P6/4PNP1/3q1PKP/4R3 b - - 4 26,h4f3
18,EulerE,StalkingSavage,490,488,7R/5kp1/2p2n1p/2Pp4/1P6/4PNP1/2q2PKP/4R3 w - - 5 27,d2c2
18,EulerE,StalkingSavage,490,488,7R/5kp1/2p2n1p/1PPp4/8/4PNP1/2q2PKP/4R3 b - - 0 27,b4b5
18,EulerE,StalkingSavage,490,488,7R/5kp1/2p2n1p/1PPp4/8/4PNP1/1q3PKP/4R3 w - - 1 28,c2b2
18,EulerE,StalkingSavage,490,488,7R/5kp1/2P2n1p/2Pp4/8/4PNP1/1q3PKP/4R3 b - - 0 28,b5c6
18,EulerE,StalkingSavage,490,488,7R/5k2/2P2n1p/2Pp2p1/8/4PNP1/1q3PKP/4R3 w - - 0 29,g7g5
18,EulerE,StalkingSavage,490,488,7R/2P2k2/5n1p/2Pp2p1/8/4PNP1/1q3PKP/4R3 b - - 0 29,c6c7
18,EulerE,StalkingSavage,490,488,7R/2P2k2/7p/2Pp2p1/4n3/4PNP1/1q3PKP/4R3 w - - 1 30,f6e4
18,EulerE,StalkingSavage,490,488,2Q4R/5k2/7p/2Pp2p1/4n3/4PNP1/1q3PKP/4R3 b - - 0 30,c7c8q
18,EulerE,StalkingSavage,490,488,2Q4R/5k2/7p/2Pp4/4n1p1/4PNP1/1q3PKP/4R3 w - - 0 31,g5g4
18,EulerE,StalkingSavage,490,488,7R/2Q2k2/7p/2Pp4/4n1p1/4PNP1/1q3PKP/4R3 b - - 1 31,c8c7
18,EulerE,StalkingSavage,490,488,7R/2Q5/6kp/2Pp4/4n1p1/4PNP1/1q3PKP/4R3 w - - 2 32,f7g6
18,EulerE,StalkingSavage,490,488,7R/2Q5/2P3kp/3p4/4n1p1/4PNP1/1q3PKP/4R3 b - - 0 32,c5c6
18,EulerE,StalkingSavage,490,488,7R/2Q5/2P3kp/3p4/4n3/4PpP1/1q3PKP/4R3 w - - 0 33,g4f3
18,EulerE,StalkingSavage,490,488,7R/2Q5/2P3kp/3p4/4n3/4PKP1/1q3P1P/4R3 b - - 0 33,g2f3
18,EulerE,StalkingSavage,490,488,7R/2Q5/2P3kp/3p2n1/8/4PKP1/1q3P1P/4R3 w - - 1 34,e4g5
18,EulerE,StalkingSavage,490,488,7R/2Q5/2P3kp/3p2n1/8/4P1P1/1q3PKP/4R3 b - - 2 34,f3g2
18,EulerE,StalkingSavage,490,488,7q/2Q5/2P3kp/3p2n1/8/4P1P1/5PKP/4R3 w - - 0 35,b2h8
18,EulerE,StalkingSavage,490,488,7q/1Q6/2P3kp/3p2n1/8/4P1P1/5PKP/4R3 b - - 1 35,c7b7
18,EulerE,StalkingSavage,490,488,7q/1Q6/2P1n1kp/3p4/8/4P1P1/5PKP/4R3 w - - 2 36,g5e6
18,EulerE,StalkingSavage,490,488,7q/1QP5/4n1kp/3p4/8/4P1P1/5PKP/4R3 b - - 0 36,c6c7
18,EulerE,StalkingSavage,490,488,7q/1QP5/4n1k1/3p3p/8/4P1P1/5PKP/4R3 w - - 0 37,h6h5
18,EulerE,StalkingSavage,490,488,2Q4q/1Q6/4n1k1/3p3p/8/4P1P1/5PKP/4R3 b - - 0 37,c7c8q
19,alexpatel69420,EulerE,531,483,rnbqkbnr/pppppppp/8/8/3P4/8/PPP1PPPP/RNBQKBNR b KQkq - 0 1,d2d4
19,alexpatel69420,EulerE,531,483,rnbqkbnr/ppp1pppp/8/3p4/3P4/8/PPP1PPPP/RNBQKBNR w KQkq - 0 2,d7d5
19,alexpatel69420,EulerE,531,483,rnbqkbnr/ppp1pppp/8/3p4/3P4/4P3/PPP2PPP/RNBQKBNR b KQkq - 0 2,e2e3
19,alexpatel69420,EulerE,531,483,r1bqkbnr/ppp1pppp/2n5/3p4/3P4/4P3/PPP2PPP/RNBQKBNR w KQkq - 1 3,b8c6
19,alexpatel69420,EulerE,531,483,r1bqkbnr/ppp1pppp/2n5/3p4/3P4/4PN2/PPP2PPP/RNBQKB1R b KQkq - 2 3,g1f3
19,alexpatel69420,EulerE,531,483,r1bqkb1r/ppp1pppp/2n2n2/3p4/3P4/4PN2/PPP2PPP/RNBQKB1R w KQkq - 3 4,g8f6
19,alexpatel69420,EulerE,531,483,r1bqkb1r/ppp1pppp/2n2n2/3p4/3P4/2N1PN2/PPP2PPP/R1BQKB1R b KQkq - 4 4,b1c3
19,alexpatel69420,EulerE,531,483,r1bqkb1r/ppp1ppp1/2n2n1p/3p4/3P4/2N1PN2/PPP2PPP/R1BQKB1R w KQkq - 0 5,h7h6
19,alexpatel69420,EulerE,531,483,r1bqkb1r/ppp1ppp1/2n2n1p/3p4/3P4/2NBPN2/PPP2PPP/R1BQK2R b KQkq - 1 5,f1d3
19,alexpatel69420,EulerE,531,483,r1bqkb1r/1pp1ppp1/p1n2n1p/3p4/3P4/2NBPN2/PPP2PPP/R1BQK2R w KQkq - 0 6,a7a6
19,alexpatel69420,EulerE,531,483,r1bqkb1r/1pp1ppp1/p1n2n1p/3p4/3P4/2NBPN2/PPP2PPP/R1BQ1RK1 b kq - 1 6,e1g1
19,alexpatel69420,EulerE,531,483,r2qkb1r/1pp1ppp1/p1n2n1p/3p4/3P2b1/2NBPN2/PPP2PPP/R1BQ1RK1 w kq - 2 7,c8g4
19,alexpatel69420,EulerE,531,483,r2qkb1r/1pp1ppp1/p1n2n1p/3p4/3P2b1/2NBPN2/PPP2PPP/R1BQR1K1 b kq - 3 7,f1e1
19,alexpatel69420,EulerE,531,483,r3kb1r/1ppqppp1/p1n2n1p/3p4/3P2b1/2NBPN2/PPP2PPP/R1BQR1K1 w kq - 4 8,d8d7
19,alexpatel69420,EulerE,531,483,r3kb1r/1ppqppp1/p1n2n1p/3p4/3P2b1/2NBPN1P/PPP2PP1/R1BQR1K1 b kq - 0 8,h2h3
19,alexpatel69420,EulerE,531,483,r3kb1r/1ppqppp1/p1n2n1p/3p4/3P4/2NBPb1P/PPP2PP1/R1BQR1K1 w kq - 0 9,g4f3
19,alexpatel69420,EulerE,531,483,r3kb1r/1ppqppp1/p1n2n1p/3p4/3P4/2NBPQ1P/PPP2PP1/R1B1R1K1 b kq - 0 9,d1f3
19,alexpatel69420,EulerE,531,483,r3kb1r/1ppq1pp1/p1n1pn1p/3p4/3P4/2NBPQ1P/PPP2PP1/R1B1R1K1 w kq - 0 10,e7e6
19,alexpatel69420,EulerE,531,483,r3kb1r/1ppq1pp1/p1n1pn1p/3p4/3P4/2N1PQ1P/PPP1BPP1/R1B1R1K1 b kq - 1 10,d3e2
19,alexpatel69420,EulerE,531,483,r3kb1r/1ppq1pp1/p3pn1p/3p4/1n1P4/2N1PQ1P/PPP1BPP1/R1B1R1K1 w kq - 2 11,c6b4
19,alexpatel69420,EulerE,531,483,r3kb1r/1ppq1pp1/p3pn1p/3p4/1n1P4/2N1PQ1P/PPP2PP1/R1BBR1K1 b kq - 3 11,e2d1
19,alexpatel69420,EulerE,531,483,2kr1b1r/1ppq1pp1/p3pn1p/3p4/1n1P4/2N1PQ1P/PPP2PP1/R1BBR1K1 w - - 4 12,e8c8
19,alexpatel69420,EulerE,531,483,2kr1b1r/1ppq1pp1/p3pn1p/3p4/1n1P4/P1N1PQ1P/1PP2PP1/R1BBR1K1 b - - 0 12,a2a3
19,alexpatel69420,EulerE,531,483,2kr1b1r/1ppq1pp1/p1n1pn1p/3p4/3P4/P1N1PQ1P/1PP2PP1/R1BBR1K1 w - - 1 13,b4c6
19,alexpatel69420,EulerE,531,483,2kr1b1r/1ppq1pp1/p1n1pn1p/3p4/3PP3/P1N2Q1P/1PP2PP1/R1BBR1K1 b - - 0 13,e3e4
19,alexpatel69420,EulerE,531,483,2kr1b1r/1ppq1pp1/p1n1pn1p/8/3Pp3/P1N2Q1P/1PP2PP1/R1BBR1K1 w - - 0 14,d5e4
19,alexpatel69420,EulerE,531,483,2kr1b1r/1ppq1pp1/p1n1pn1p/8/3Pp3/P1N1Q2P/1PP2PP1/R1BBR1K1 b - - 1 14,f3e3
19,alexpatel69420,EulerE,531,483,2kr1b1r/1ppq1pp1/p3pn1p/8/3np3/P1N1Q2P/1PP2PP1/R1BBR1K1 w - - 0 15,c6d4
19,alexpatel69420,EulerE,531,483,2kr1b1r/1ppq1pp1/p3pn1p/8/3nN3/P3Q2P/1PP2PP1/R1BBR1K1 b - - 0 15,c3e4
19,alexpatel69420,EulerE,531,483,2kr1b1r/1ppq1pp1/p3p2p/3n4/3nN3/P3Q2P/1PP2PP1/R1BBR1K1 w - - 1 16,f6d5
19,alexpatel69420,EulerE,531,483,2kr1b1r/1ppq1pp1/p3p2p/3n4/3QN3/P6P/1PP2PP1/R1BBR1K1 b - - 0 16,e3d4
19,alexpatel69420,EulerE,531,483,2kr1b1r/1ppq2p1/p3p2p/3n1p2/3QN3/P6P/1PP2PP1/R1BBR1K1 w - - 0 17,f7f5
19,alexpatel69420,EulerE,531,483,2kr1b1r/1ppq2p1/p3p2p/2Nn1p2/3Q4/P6P/1PP2PP1/R1BBR1K1 b - - 1 17,e4c5
19,alexpatel69420,EulerE,531,483,2kr1b1r/1pp3p1/p1q1p2p/2Nn1p2/3Q4/P6P/1PP2PP1/R1BBR1K1 w - - 2 18,d7c6
19,alexpatel69420,EulerE,531,483,2kr1b1r/1pp3p1/p1q1p2p/2Nn1p2/1P1Q4/P6P/2P2PP1/R1BBR1K1 b - - 0 18,b2b4
19,alexpatel69420,EulerE,531,483,2kr1b1r/2p3p1/ppq1p2p/2Nn1p2/1P1Q4/P6P/2P2PP1/R1BBR1K1 w - - 0 19,b7b6
19,alexpatel69420,EulerE,531,483,2kr1b1r/2p3p1/ppq1N2p/3n1p2/1P1Q4/P6P/2P2PP1/R1BBR1K1 b - - 0 19,c5e6
19,alexpatel69420,EulerE,531,483,2k1rb1r/2p3p1/ppq1N2p/3n1p2/1P1Q4/P6P/2P2PP1/R1BBR1K1 w - - 1 20,d8e8
19,alexpatel69420,EulerE,531,483,2k1rb1r/2p3p1/ppq1N2p/3n1p2/1P1Q4/P4B1P/2P2PP1/R1B1R1K1 b - - 2 20,d1f3
19,alexpatel69420,EulerE,531,483,2k2b1r/2p3p1/ppq1r2p/3n1p2/1P1Q4/P4B1P/2P2PP1/R1B1R1K1 w - - 0 21,e8e6
19,alexpatel69420,EulerE,531,483,2k2b1r/2p3p1/ppq1R2p/3n1p2/1P1Q4/P4B1P/2P2PP1/R1B3K1 b - - 0 21,e1e6
19,alexpatel69420,EulerE,531,483,2k2b1r/2p3p1/pp2q2p/3n1p2/1P1Q4/P4B1P/2P2PP1/R1B3K1 w - - 0 22,c6e6
19,alexpatel69420,EulerE,531,483,2k2b1r/2p3p1/pp2q2p/3n1p2/1P1Q4/P3BB1P/2P2PP1/R5K1 b - - 1 22,c1e3
19,alexpatel69420,EulerE,531,483,2k2b1r/2p3p1/pp5p/3n1p2/1P1Q4/P3qB1P/2P2PP1/R5K1 w - - 0 23,e6e3
19,alexpatel69420,EulerE,531,483,2k2b1r/2p3p1/pp5p/3n1p2/1P1Q4/P3PB1P/2P3P1/R5K1 b - - 0 23,f2e3
19,alexpatel69420,EulerE,531,483,2k2b1r/2p3p1/pp5p/5p2/1P1Q4/P3nB1P/2P3P1/R5K1 w - - 0 24,d5e3
19,alexpatel69420,EulerE,531,483,2k2b1r/2p3p1/pp5p/5p2/1P6/P3QB1P/2P3P1/R5K1 b - - 0 24,d4e3
19,alexpatel69420,EulerE,531,483,2k4r/2p1b1p1/pp5p/5p2/1P6/P3QB1P/2P3P1/R5K1 w - - 1 25,f8e7
19,alexpatel69420,EulerE,531,483,2k4r/2p1Q1p1/pp5p/5p2/1P6/P4B1P/2P3P1/R5K1 b - - 0 25,e3e7
19,alexpatel69420,EulerE,531,483,2kr4/2p1Q1p1/pp5p/5p2/1P6/P4B1P/2P3P1/R5K1 w - - 1 26,h8d8
20,Alonsov01,EulerE,424,490,rnbqkbnr/pppppppp/8/8/3P4/8/PPP1PPPP/RNBQKBNR b KQkq - 0 1,d2d4
20,Alonsov01,EulerE,424,490,rnbqkbnr/ppp1pppp/8/3p4/3P4/8/PPP1PPPP/RNBQKBNR w KQkq - 0 2,d7d5
20,Alonsov01,EulerE,424,490,rnbqkbnr/ppp1pppp/8/3p4/3P4/4P3/PPP2PPP/RNBQKBNR b KQkq - 0 2,e2e3
20,Alonsov01,EulerE,424,490,r1bqkbnr/ppp1pppp/2n5/3p4/3P4/4P3/PPP2PPP/RNBQKBNR w KQkq - 1 3,b8c6
20,Alonsov01,EulerE,424,490,r1bqkbnr/ppp1pppp/2n5/3p4/3P4/2P1P3/PP3PPP/RNBQKBNR b KQkq - 0 3,c2c3
20,Alonsov01,EulerE,424,490,r2qkbnr/ppp1pppp/2n5/3p1b2/3P4/2P1P3/PP3PPP/RNBQKBNR w KQkq - 1 4,c8f5
20,Alonsov01,EulerE,424,490,r2qkbnr/ppp1pppp/2n5/3p1b2/3P4/2P1PN2/PP3PPP/RNBQKB1R b KQkq - 2 4,g1f3
20,Alonsov01,EulerE,424,490,r2qkb1r/ppp1pppp/2n4n/3p1b2/3P4/2P1PN2/PP3PPP/RNBQKB1R w KQkq - 3 5,g8h6
20,Alonsov01,EulerE,424,490,r2qkb1r/ppp1pppp/2n4n/1B1p1b2/3P4/2P1PN2/PP3PPP/RNBQK2R b KQkq - 4 5,f1b5
20,Alonsov01,EulerE,424,490,r2qkb1r/1pp1pppp/p1n4n/1B1p1b2/3P4/2P1PN2/PP3PPP/RNBQK2R w KQkq - 0 6,a7a6
20,Alonsov01,EulerE,424,490,r2qkb1r/1pp1pppp/p1B4n/3p1b2/3P4/2P1PN2/PP3PPP/RNBQK2R b KQkq - 0 6,b5c6
20,Alonsov01,EulerE,424,490,r2qkb1r/2p1pppp/p1p4n/3p1b2/3P4/2P1PN2/PP3PPP/RNBQK2R w KQkq - 0 7,b7c6
20,Alonsov01,EulerE,424,490,r2qkb1r/2p1pppp/p1p4n/3p1b2/3P4/2P1PN2/PP3PPP/RNBQ1RK1 b kq - 1 7,e1g1
20,Alonsov01,EulerE,424,490,r2qkb1r/2p2ppp/p1p1p2n/3p1b2/3P4/2P1PN2/PP3PPP/RNBQ1RK1 w kq - 0 8,e7e6
20,Alonsov01,EulerE,424,490,r2qkb1r/2p2ppp/p1p1p2n/3pNb2/3P4/2P1P3/PP3PPP/RNBQ1RK1 b kq - 1 8,f3e5
20,Alonsov01,EulerE,424,490,r2qkb1r/2p2ppp/p1p1p2n/3pN3/3P2b1/2P1P3/PP3PPP/RNBQ1RK1 w kq - 2 9,f5g4
20,Alonsov01,EulerE,424,490,r2qkb1r/2p2ppp/p1p1p2n/3p4/3P2N1/2P1P3/PP3PPP/RNBQ1RK1 b kq - 0 9,e5g4
20,Alonsov01,EulerE,424,490,r2qkbnr/2p2ppp/p1p1p3/3p4/3P2N1/2P1P3/PP3PPP/RNBQ1RK1 w kq - 1 10,h6g8
20,Alonsov01,EulerE,424,490,r2qkbnr/2p2ppp/p1p1p3/3pN3/3P4/2P1P3/PP3PPP/RNBQ1RK1 b kq - 2 10,g4e5
20,Alonsov01,EulerE,424,490,r2qkb1r/2p1nppp/p1p1p3/3pN3/3P4/2P1P3/PP3PPP/RNBQ1RK1 w kq - 3 11,g8e7
20,Alonsov01,EulerE,424,490,r2qkb1r/2p1nppp/p1p1p3/3pN3/3P4/N1P1P3/PP3PPP/R1BQ1RK1 b kq - 4 11,b1a3
20,Alonsov01,EulerE,424,490,rq2kb1r/2p1nppp/p1p1p3/3pN3/3P4/N1P1P3/PP3PPP/R1BQ1RK1 w kq - 5 12,d8b8
20,Alonsov01,EulerE,424,490,rq2kb1r/2p1nppp/p1p1p3/3pN3/3P2Q1/N1P1P3/PP3PPP/R1B2RK1 b kq - 6 12,d1g4
20,Alonsov01,EulerE,424,490,rq2kb1r/2p1n1pp/p1p1p3/3pNp2/3P2Q1/N1P1P3/PP3PPP/R1B2RK1 w kq - 0 13,f7f5
20,Alonsov01,EulerE,424,490,rq2kb1r/2p1n1pp/p1p1p3/3pNp1Q/3P4/N1P1P3/PP3PPP/R1B2RK1 b kq - 1 13,g4h5
20,Alonsov01,EulerE,424,490,rq2kb1r/2p1n2p/p1p1p1p1/3pNp1Q/3P4/N1P1P3/PP3PPP/R1B2RK1 w kq - 0 14,g7g6
20,Alonsov01,EulerE,424,490,rq2kb1r/2p1n2p/p1p1p1p1/3pNp2/3P4/N1P1P2Q/PP3PPP/R1B2RK1 b kq - 1 14,h5h3
20,Alonsov01,EulerE,424,490,rq2k2r/2p1n1bp/p1p1p1p1/3pNp2/3P4/N1P1P2Q/PP3PPP/R1B2RK1 w kq - 2 15,f8g7
20,Alonsov01,EulerE,424,490,rq2k2r/2p1n1bp/p1p1p1p1/3pNp2/3P4/N1P1P2Q/PP3PPP/R1B1R1K1 b kq - 3 15,f1e1
20,Alonsov01,EulerE,424,490,rq2k2r/2p1n2p/p1p1p1p1/3pbp2/3P4/N1P1P2Q/PP3PPP/R1B1R1K1 w kq - 0 16,g7e5
20,Alonsov01,EulerE,424,490,rq2k2r/2p1n2p/p1p1p1p1/3pPp2/8/N1P1P2Q/PP3PPP/R1B1R1K1 b kq - 0 16,d4e5
20,Alonsov01,EulerE,424,490,r3k2r/q1p1n2p/p1p1p1p1/3pPp2/8/N1P1P2Q/PP3PPP/R1B1R1K1 w kq - 1 17,b8a7
20,Alonsov01,EulerE,424,490,r3k2r/q1p1n2p/p1p1p1p1/3pPp2/4P3/N1P4Q/PP3PPP/R1B1R1K1 b kq - 0 17,e3e4
20,Alonsov01,EulerE,424,490,r3k2r/q1p1n2p/p1p1p1p1/4Pp2/4p3/N1P4Q/PP3PPP/R1B1R1K1 w kq - 0 18,d5e4
20,Alonsov01,EulerE,424,490,r3k2r/q1p1n2p/p1p1p1p1/4PpB1/4p3/N1P4Q/PP3PPP/R3R1K1 b kq - 1 18,c1g5
20,Alonsov01,EulerE,424,490,r3k2r/q1p4p/p1p1p1p1/3nPpB1/4p3/N1P4Q/PP3PPP/R3R1K1 w kq - 2 19,e7d5
20,Alonsov01,EulerE,424,490,r3k2r/q1p4p/p1p1p1p1/3nPpB1/2P1p3/N6Q/PP3PPP/R3R1K1 b kq - 0 19,c3c4
20,Alonsov01,EulerE,424,490,r3k2r/q1p4p/pnp1p1p1/4PpB1/2P1p3/N6Q/PP3PPP/R3R1K1 w kq - 1 20,d5b6
20,Alonsov01,EulerE,424,490,r3k2r/q1p4p/pnp1p1p1/4PpB1/2P1p3/N6Q/PP3PPP/3RR1K1 b kq - 2 20,a1d1
20,Alonsov01,EulerE,424,490,r3k2r/q1pn3p/p1p1p1p1/4PpB1/2P1p3/N6Q/PP3PPP/3RR1K1 w kq - 3 21,b6d7
20,Alonsov01,EulerE,424,490,r3k2r/q1pn3p/p1p1p1p1/4PpB1/2P1p3/N6Q/PP3PPP/2R1R1K1 b kq - 4 21,d1c1
20,Alonsov01,EulerE,424,490,r3k2r/q1p4p/p1p1p1p1/4npB1/2P1p3/N6Q/PP3PPP/2R1R1K1 w kq - 0 22,d7e5
20,Alonsov01,EulerE,424,490,r3k2r/q1p4p/p1p1p1p1/4npB1/1PP1p3/N6Q/P4PPP/2R1R1K1 b kq - 0 22,b2b4
20,Alonsov01,EulerE,424,490,r3k2r/q1p4p/p1p1p1p1/5pB1/1PP1p3/N2n3Q/P4PPP/2R1R1K1 w kq - 1 23,e5d3
20,Alonsov01,EulerE,424,490,r3k2r/q1p4p/p1p1p1p1/5pB1/1PP1p3/N2nR2Q/P4PPP/2R3K1 b kq - 2 23,e1e3
20,Alonsov01,EulerE,424,490,r3k2r/q1p4p/p1p1p1p1/5pB1/1PP1p3/N3R2Q/P4PPP/2n3K1 w kq - 0 24,d3c1
20,Alonsov01,EulerE,424,490,r3k2r/q1p4p/p1p1p1p1/5pB1/1PP1p3/N6Q/P4PPP/2n1R1K1 b kq - 1 24,e3e1
20,Alonsov01,EulerE,424,490,r3k2r/q1p4p/p1p1p1p1/5pB1/1PP1p3/N2n3Q/P4PPP/4R1K1 w kq - 2 25,c1d3
20,Alonsov01,EulerE,424,490,r3k2r/q1p4p/p1p1p1p1/5pB1/1PP1p3/N2nR2Q/P4PPP/6K1 b kq - 3 25,e1e3
20,Alonsov01,EulerE,424,490,r3k2r/q1p4p/p1p1p1p1/5pB1/1nP1p3/N3R2Q/P4PPP/6K1 w kq - 0 26,d3b4
20,Alonsov01,EulerE,424,490,r3k2r/q1p4p/p1p1p1p1/5pB1/1nP1p3/N3RP1Q/P5PP/6K1 b kq - 0 26,f2f3
20,Alonsov01,EulerE,424,490,r3k2r/q1p4p/p1p1p1p1/5pB1/2P1p3/N3RP1Q/n5PP/6K1 w kq - 0 27,b4a2
20,Alonsov01,EulerE,424,490,r3k2r/q1p4p/p1p1p1p1/5pB1/2P1P3/N3R2Q/n5PP/6K1 b kq - 0 27,f3e4
20,Alonsov01,EulerE,424,490,r3k2r/q1p4p/p1p1p1p1/5pB1/2P1P3/N1n1R2Q/6PP/6K1 w kq - 1 28,a2c3
20,Alonsov01,EulerE,424,490,r3k2r/q1p4p/p1p1p1p1/2P2pB1/4P3/N1n1R2Q/6PP/6K1 b kq - 0 28,c4c5
20,Alonsov01,EulerE,424,490,r3k2r/2p4p/p1p1p1p1/2q2pB1/4P3/N1n1R2Q/6PP/6K1 w kq - 0 29,a7c5
20,Alonsov01,EulerE,424,490,r3k2r/2p4p/p1p1p1p1/2q2p2/4PB2/N1n1R2Q/6PP/6K1 b kq - 1 29,g5f4
20,Alonsov01,EulerE,424,490,r3k2r/2p4p/p1p1p1p1/5p2/4PB2/q1n1R2Q/6PP/6K1 w kq - 0 30,c5a3
20,Alonsov01,EulerE,424,490,r3k2r/2p4p/p1p1p1p1/5p2/4PB2/q1R4Q/6PP/6K1 b kq - 0 30,e3c3
20,Alonsov01,EulerE,424,490,r3k2r/2p4p/p1p1p1p1/5p2/1q2PB2/2R4Q/6PP/6K1 w kq - 1 31,a3b4
20,Alonsov01,EulerE,424,490,r3k2r/2B4p/p1p1p1p1/5p2/1q2P3/2R4Q/6PP/6K1 b kq - 0 31,f4c7
20,Alonsov01,EulerE,424,490,2r1k2r/2B4p/p1p1p1p1/5p2/1q2P3/2R4Q/6PP/6K1 w k - 1 32,a8c8
20,Alonsov01,EulerE,424,490,2r1k2r/7p/p1p1p1p1/4Bp2/1q2P3/2R4Q/6PP/6K1 b k - 2 32,c7e5
20,Alonsov01,EulerE,424,490,2r1k2r/7p/2p1p1p1/p3Bp2/1q2P3/2R4Q/6PP/6K1 w k - 0 33,a6a5
20,Alonsov01,EulerE,424,490,2r1k2B/7p/2p1p1p1/p4p2/1q2P3/2R4Q/6PP/6K1 b - - 0 33,e5h8
20,Alonsov01,EulerE,424,490,2r1k2B/7p/2p1p1p1/5p2/pq2P3/2R4Q/6PP/6K1 w - - 0 34,a5a4
20,Alonsov01,EulerE,424,490,2r1k3/7p/2p1p1p1/4Bp2/pq2P3/2R4Q/6PP/6K1 b - - 1 34,h8e5
20,Alonsov01,EulerE,424,490,r3k3/7p/2p1p1p1/4Bp2/pq2P3/2R4Q/6PP/6K1 w - - 2 35,c8a8
20,Alonsov01,EulerE,424,490,r3k3/7p/2p1p1p1/4BP2/pq6/2R4Q/6PP/6K1 b - - 0 35,e4f5
20,Alonsov01,EulerE,424,490,r3k3/7p/2p3p1/4Bp2/pq6/2R4Q/6PP/6K1 w - - 0 36,e6f5
20,Alonsov01,EulerE,424,490,r3k3/2B4p/2p3p1/5p2/pq6/2R4Q/6PP/6K1 b - - 1 36,e5c7
20,Alonsov01,EulerE,424,490,r3k3/2B4p/2p3p1/5p2/1q6/p1R4Q/6PP/6K1 w - - 0 37,a4a3
20,Alonsov01,EulerE,424,490,r3k3/2B4p/2p3p1/5p2/1q6/R6Q/6PP/6K1 b - - 0 37,c3a3
20,Alonsov01,EulerE,424,490,4k3/2B4p/2p3p1/5p2/1q6/r6Q/6PP/6K1 w - - 0 38,a8a3
20,Alonsov01,EulerE,424,490,4k3/2B4p/2p3pQ/5p2/1q6/r7/6PP/6K1 b - - 1 38,h3h6
20,Alonsov01,EulerE,424,490,4k3/2B4p/2p3pQ/5p2/1q6/8/r5PP/6K1 w - - 2 39,a3a2
20,Alonsov01,EulerE,424,490,4k3/2B4Q/2p3p1/5p2/1q6/8/r5PP/6K1 b - - 0 39,h6h7
20,Alonsov01,EulerE,424,490,4k3/2B4Q/2p3p1/5p2/8/8/r5PP/1q4K1 w - - 1 40,b4b1
21,EulerE,HeathcliffCatherine,498,486,rnbqkbnr/pppppppp/8/8/4P3/8/PPPP1PPP/RNBQKBNR b KQkq - 0 1,e2e4
21,EulerE,HeathcliffCatherine,498,486,rnbqkbnr/pppp1ppp/8/4p3/4P3/8/PPPP1PPP/RNBQKBNR w KQkq - 0 2,e7e5
21,EulerE,HeathcliffCatherine,498,486,rnbqkbnr/pppp1ppp/8/4p3/4P3/5P2/PPPP2PP/RNBQKBNR b KQkq - 0 2,f2f3
21,EulerE,HeathcliffCatherine,498,486,rnbqkb1r/pppp1ppp/5n2/4p3/4P3/5P2/PPPP2PP/RNBQKBNR w KQkq - 1 3,g8f6
21,EulerE,HeathcliffCatherine,498,486,rnbqkb1r/pppp1ppp/5n2/4p3/4P3/2N2P2/PPPP2PP/R1BQKBNR b KQkq - 2 3,b1c3
21,EulerE,HeathcliffCatherine,498,486,rnbqkb1r/ppp2ppp/5n2/3pp3/4P3/2N2P2/PPPP2PP/R1BQKBNR w KQkq - 0 4,d7d5
21,EulerE,HeathcliffCatherine,498,486,rnbqkb1r/ppp2ppp/5n2/3pp3/1P2P3/2N2P2/P1PP2PP/R1BQKBNR b KQkq - 0 4,b2b4
21,EulerE,HeathcliffCatherine,498,486,rnbqkb1r/ppp2ppp/5n2/4p3/1P1pP3/2N2P2/P1PP2PP/R1BQKBNR w KQkq - 0 5,d5d4
21,EulerE,HeathcliffCatherine,498,486,rnbqkb1r/ppp2ppp/5n2/4p3/1P1pP3/5P2/P1PPN1PP/R1BQKBNR b KQkq - 1 5,c3e2
21,EulerE,HeathcliffCatherine,498,486,rnbqk2r/ppp2ppp/5n2/4p3/1b1pP3/5P2/P1PPN1PP/R1BQKBNR w KQkq - 0 6,f8b4
21,EulerE,HeathcliffCatherine,498,486,rnbqk2r/ppp2ppp/5n2/4p3/1b1pP3/2P2P2/P2PN1PP/R1BQKBNR b KQkq - 0 6,c2c3
21,EulerE,HeathcliffCatherine,498,486,rnbqk2r/ppp2ppp/5n2/2b1p3/3pP3/2P2P2/P2PN1PP/R1BQKBNR w KQkq - 1 7,b4c5
21,EulerE,HeathcliffCatherine,498,486,rnbqk2r/ppp2ppp/5n2/2b1p3/3pP3/2P2PN1/P2P2PP/R1BQKBNR b KQkq - 2 7,e2g3
21,EulerE,HeathcliffCatherine,498,486,rn1qk2r/ppp2ppp/5n2/2b1p3/3pP1b1/2P2PN1/P2P2PP/R1BQKBNR w KQkq - 3 8,c8g4
21,EulerE,HeathcliffCatherine,498,486,rn1qk2r/ppp2ppp/5n2/2b1p3/3pP1P1/2P3N1/P2P2PP/R1BQKBNR b KQkq - 0 8,f3g4
21,EulerE,HeathcliffCatherine,498,486,rn1qk2r/ppp2ppp/5n2/2b1p3/4P1P1/2p3N1/P2P2PP/R1BQKBNR w KQkq - 0 9,d4c3
21,EulerE,HeathcliffCatherine,498,486,rn1qk2r/ppp2ppp/5n2/2b1p3/4P1P1/2P3N1/P5PP/R1BQKBNR b KQkq - 0 9,d2c3
21,EulerE,HeathcliffCatherine,498,486,rn2k2r/ppp2ppp/5n2/2b1p3/4P1P1/2P3N1/P5PP/R1BqKBNR w KQkq - 0 10,d8d1
21,EulerE,HeathcliffCatherine,498,486,rn2k2r/ppp2ppp/5n2/2b1p3/4P1P1/2P3N1/P5PP/R1BK1BNR b kq - 0 10,e1d1
21,EulerE,HeathcliffCatherine,498,486,rn3rk1/ppp2ppp/5n2/2b1p3/4P1P1/2P3N1/P5PP/R1BK1BNR w - - 1 11,e8g8
21,EulerE,HeathcliffCatherine,498,486,rn3rk1/ppp2ppp/5n2/2b1p3/2B1P1P1/2P3N1/P5PP/R1BK2NR b - - 2 11,f1c4
21,EulerE,HeathcliffCatherine,498,486,r4rk1/ppp2ppp/2n2n2/2b1p3/2B1P1P1/2P3N1/P5PP/R1BK2NR w - - 3 12,b8c6
21,EulerE,HeathcliffCatherine,498,486,r4rk1/ppp2ppp/2n2n2/2b1p3/2B1P1P1/2P2NN1/P5PP/R1BK3R b - - 4 12,g1f3
21,EulerE,HeathcliffCatherine,498,486,r4rk1/ppp2ppp/2n5/2b1p3/2B1P1n1/2P2NN1/P5PP/R1BK3R w - - 0 13,f6g4
21,EulerE,HeathcliffCatherine,498,486,r4rk1/ppp2ppp/2n5/2b1p3/2B1P1n1/2P2NN1/P5PP/R1BK1R2 b - - 1 13,h1f1
21,EulerE,HeathcliffCatherine,498,486,3r1rk1/ppp2ppp/2n5/2b1p3/2B1P1n1/2P2NN1/P5PP/R1BK1R2 w - - 2 14,a8d8
21,EulerE,HeathcliffCatherine,498,486,3r1rk1/ppp2ppp/2n5/2b1p3/2B1P1n1/2P2NN1/P5PP/R1B1KR2 b - - 3 14,d1e1
21,EulerE,HeathcliffCatherine,498,486,3r1rk1/ppp2ppp/2n5/4p3/2B1P1n1/2P2NN1/P4bPP/R1B1KR2 w - - 4 15,c5f2
21,EulerE,HeathcliffCatherine,498,486,3r1rk1/ppp2ppp/2n5/4p3/2B1P1n1/2P2NN1/P3KbPP/R1B2R2 b - - 5 15,e1e2
21,EulerE,HeathcliffCatherine,498,486,3r1rk1/ppp2ppp/2n5/4p3/2B1P1n1/2P2Nb1/P3K1PP/R1B2R2 w - - 0 16,f2g3
21,EulerE,HeathcliffCatherine,498,486,3r1rk1/ppp2ppp/2n5/4p3/2B1P1n1/2P2NP1/P3K1P1/R1B2R2 b - - 0 16,h2g3
21,EulerE,HeathcliffCatherine,498,486,3r1rk1/ppp2ppp/8/n3p3/2B1P1n1/2P2NP1/P3K1P1/R1B2R2 w - - 1 17,c6a5
21,EulerE,HeathcliffCatherine,498,486,3r1rk1/ppp2ppp/8/n3p3/2B1P1n1/2P3P1/P2NK1P1/R1B2R2 b - - 2 17,f3d2
21,EulerE,HeathcliffCatherine,498,486,3r1rk1/ppp2ppp/8/n3p3/2B1P3/2P3P1/P2NK1Pn/R1B2R2 w - - 3 18,g4h2
21,EulerE,HeathcliffCatherine,498,486,3r1rk1/ppp2ppp/8/n3p3/2B1P3/B1P3P1/P2NK1Pn/R4R2 b - - 4 18,c1a3
21,EulerE,HeathcliffCatherine,498,486,3r1rk1/ppp2ppp/8/n3p3/2B1P3/B1P3P1/P2NK1P1/R4n2 w - - 0 19,h2f1
21,EulerE,HeathcliffCatherine,498,486,3r1Bk1/ppp2ppp/8/n3p3/2B1P3/2P3P1/P2NK1P1/R4n2 b - - 0 19,a3f8
21,EulerE,HeathcliffCatherine,498,486,3r1Bk1/ppp2ppp/8/n3p3/2B1P3/2P3n1/P2NK1P1/R7 w - - 0 20,f1g3
21,EulerE,HeathcliffCatherine,498,486,3r1Bk1/ppp2ppp/8/n3p3/2B1P3/2P2Kn1/P2N2P1/R7 b - - 1 20,e2f3
21,EulerE,HeathcliffCatherine,498,486,5Bk1/ppp2ppp/8/n3p3/2B1P3/2P2Kn1/P2r2P1/R7 w - - 0 21,d8d2
21,EulerE,HeathcliffCatherine,498,486,5Bk1/ppp2ppp/8/n3p3/4P3/2P2Kn1/P2rB1P1/R7 b - - 1 21,c4e2
21,EulerE,HeathcliffCatherine,498,486,3r1Bk1/ppp2ppp/8/n3p3/4P3/2P2Kn1/P3B1P1/R7 w - - 2 22,d2d8
21,EulerE,HeathcliffCatherine,498,486,3r1Bk1/ppp2ppp/8/n3p3/4P3/2P3K1/P3B1P1/R7 b - - 0 22,f3g3
21,EulerE,HeathcliffCatherine,498,486,5rk1/ppp2ppp/8/n3p3/4P3/2P3K1/P3B1P1/R7 w - - 0 23,d8f8
21,EulerE,HeathcliffCatherine,498,486,5rk1/ppp2ppp/8/n3p3/2P1P3/6K1/P3B1P1/R7 b - - 0 23,c3c4
21,EulerE,HeathcliffCatherine,498,486,5rk1/ppp2pp1/8/n3p2p/2P1P3/6K1/P3B1P1/R7 w - - 0 24,h7h5
21,EulerE,HeathcliffCatherine,498,486,5rk1/ppp2pp1/8/n3p2p/2P1P3/6K1/P3B1P1/2R5 b - - 1 24,a1c1
21,EulerE,HeathcliffCatherine,498,486,5rk1/p1p2pp1/1p6/n3p2p/2P1P3/6K1/P3B1P1/2R5 w - - 0 25,b7b6
21,EulerE,HeathcliffCatherine,498,486,5rk1/p1p2pp1/1p6/n3p2B/2P1P3/6K1/P5P1/2R5 b - - 0 25,e2h5
21,EulerE,HeathcliffCatherine,498,486,5rk1/p1p2p2/1p4p1/n3p2B/2P1P3/6K1/P5P1/2R5 w - - 0 26,g7g6
21,EulerE,HeathcliffCatherine,498,486,5rk1/p1p2p2/1p4p1/n3p3/2P1P3/6K1/P3B1P1/2R5 b - - 1 26,h5e2
21,EulerE,HeathcliffCatherine,498,486,5rk1/pnp2p2/1p4p1/4p3/2P1P3/6K1/P3B1P1/2R5 w - - 2 27,a5b7
21,EulerE,HeathcliffCatherine,498,486,5rk1/pnp2p2/1p4p1/2P1p3/4P3/6K1/P3B1P1/2R5 b - - 0 27,c4c5
21,EulerE,HeathcliffCatherine,498,486,5rk1/pnp2p2/6p1/2p1p3/4P3/6K1/P3B1P1/2R5 w - - 0 28,b6c5
21,EulerE,HeathcliffCatherine,498,486,5rk1/pnp2p2/6p1/2p1p3/4P3/6K1/P3B1P1/5R2 b - - 1 28,c1f1
22,CarolinaD95,EulerE,469,506,rnbqkbnr/pppppppp/8/8/4P3/8/PPPP1PPP/RNBQKBNR b KQkq - 0 1,e2e4
22,CarolinaD95,EulerE,469,506,rnbqkbnr/pppp1ppp/8/4p3/4P3/8/PPPP1PPP/RNBQKBNR w KQkq - 0 2,e7e5
22,CarolinaD95,EulerE,469,506,rnbqkbnr/pppp1ppp/8/4p3/4P3/5N2/PPPP1PPP/RNBQKB1R b KQkq - 1 2,g1f3
22,CarolinaD95,EulerE,469,506,rnbqkbnr/ppp2ppp/3p4/4p3/4P3/5N2/PPPP1PPP/RNBQKB1R w KQkq - 0 3,d7d6
22,CarolinaD95,EulerE,469,506,rnbqkbnr/ppp2ppp/3p4/4p3/2P1P3/5N2/PP1P1PPP/RNBQKB1R b KQkq - 0 3,c2c4
22,CarolinaD95,EulerE,469,506,rnbqkb1r/ppp2ppp/3p1n2/4p3/2P1P3/5N2/PP1P1PPP/RNBQKB1R w KQkq - 1 4,g8f6
22,CarolinaD95,EulerE,469,506,rnbqkb1r/ppp2ppp/3p1n2/4p3/2P1P3/3P1N2/PP3PPP/RNBQKB1R b KQkq - 0 4,d2d3
22,CarolinaD95,EulerE,469,506,rn1qkb1r/ppp2ppp/3p1n2/4p3/2P1P1b1/3P1N2/PP3PPP/RNBQKB1R w KQkq - 1 5,c8g4
22,CarolinaD95,EulerE,469,506,rn1qkb1r/ppp2ppp/3p1n2/4p3/2P1P1bN/3P4/PP3PPP/RNBQKB1R b KQkq - 2 5,f3h4
22,CarolinaD95,EulerE,469,506,rn1qkb1r/ppp2ppp/3p1n2/4p3/2P1P2N/3P4/PP3PPP/RNBbKB1R w KQkq - 0 6,g4d1
22,CarolinaD95,EulerE,469,506,rn1qkb1r/ppp2ppp/3p1n2/4p3/2P1P2N/3P4/PP3PPP/RNBK1B1R b kq - 0 6,e1d1
22,CarolinaD95,EulerE,469,506,rn1qkb1r/ppp2ppp/3p4/4p3/2P1P1nN/3P4/PP3PPP/RNBK1B1R w kq - 1 7,f6g4
22,CarolinaD95,EulerE,469,506,rn1qkb1r/ppp2ppp/3p4/4p3/2P1P1nN/3P4/PP3PPP/RNB1KB1R b kq - 2 7,d1e1
22,CarolinaD95,EulerE,469,506,rn1qkb1r/ppp2ppp/3p1n2/4p3/2P1P2N/3P4/PP3PPP/RNB1KB1R w kq - 3 8,g4f6
22,CarolinaD95,EulerE,469,506,rn1qkb1r/ppp2ppp/3p1n2/4p1B1/2P1P2N/3P4/PP3PPP/RN2KB1R b kq - 4 8,c1g5
22,CarolinaD95,EulerE,469,506,rn1qkb1r/ppp2pp1/3p1n1p/4p1B1/2P1P2N/3P4/PP3PPP/RN2KB1R w kq - 0 9,h7h6
22,CarolinaD95,EulerE,469,506,rn1qkb1r/ppp2pp1/3p1B1p/4p3/2P1P2N/3P4/PP3PPP/RN2KB1R b kq - 0 9,g5f6
22,CarolinaD95,EulerE,469,506,rn1qkb1r/ppp2p2/3p1p1p/4p3/2P1P2N/3P4/PP3PPP/RN2KB1R w kq - 0 10,g7f6
22,CarolinaD95,EulerE,469,506,rn1qkb1r/ppp2p2/3p1p1p/4p3/2P1P2N/2NP4/PP3PPP/R3KB1R b kq - 1 10,b1c3
22,CarolinaD95,EulerE,469,506,rn1qkb1r/ppp2p2/3p3p/4pp2/2P1P2N/2NP4/PP3PPP/R3KB1R w kq - 0 11,f6f5
22,CarolinaD95,EulerE,469,506,rn1qkb1r/ppp2p2/3p3p/4pP2/2P4N/2NP4/PP3PPP/R3KB1R b kq - 0 11,e4f5
22,CarolinaD95,EulerE,469,506,rn2kb1r/ppp2p2/3p3p/4pP2/2P4q/2NP4/PP3PPP/R3KB1R w kq - 0 12,d8h4
23,EulerE,Eoin191,498,532,rnbqkbnr/pppppppp/8/8/3P4/8/PPP1PPPP/RNBQKBNR b KQkq - 0 1,d2d4
23,EulerE,Eoin191,498,532,rnbqkbnr/pppp1ppp/8/4p3/3P4/8/PPP1PPPP/RNBQKBNR w KQkq - 0 2,e7e5
23,EulerE,Eoin191,498,532,rnbqkbnr/pppp1ppp/8/4p3/3P4/5N2/PPP1PPPP/RNBQKB1R b KQkq - 1 2,g1f3
23,EulerE,Eoin191,498,532,rnbqkbnr/ppp2ppp/3p4/4p3/3P4/5N2/PPP1PPPP/RNBQKB1R w KQkq - 0 3,d7d6
23,EulerE,Eoin191,498,532,rnbqkbnr/ppp2ppp/3p4/4p3/3P4/2P2N2/PP2PPPP/RNBQKB1R b KQkq - 0 3,c2c3
23,EulerE,Eoin191,498,532,r1bqkbnr/ppp2ppp/2np4/4p3/3P4/2P2N2/PP2PPPP/RNBQKB1R w KQkq - 1 4,b8c6
23,EulerE,Eoin191,498,532,r1bqkbnr/ppp2ppp/2np4/4p1B1/3P4/2P2N2/PP2PPPP/RN1QKB1R b KQkq - 2 4,c1g5
23,EulerE,Eoin191,498,532,r1bqkbnr/ppp3pp/2np1p2/4p1B1/3P4/2P2N2/PP2PPPP/RN1QKB1R w KQkq - 0 5,f7f6
23,EulerE,Eoin191,498,532,r1bqkbnr/ppp3pp/2np1p2/4p3/3P3B/2P2N2/PP2PPPP/RN1QKB1R b KQkq - 1 5,g5h4
23,EulerE,Eoin191,498,532,r1bqkbnr/ppp4p/2np1p2/4p1p1/3P3B/2P2N2/PP2PPPP/RN1QKB1R w KQkq - 0 6,g7g5
23,EulerE,Eoin191,498,532,r1bqkbnr/ppp4p/2np1p2/4p1p1/3P4/2P2NB1/PP2PPPP/RN1QKB1R b KQkq - 1 6,h4g3
23,EulerE,Eoin191,498,532,r1bqkb1r/ppp4p/2np1p1n/4p1p1/3P4/2P2NB1/PP2PPPP/RN1QKB1R w KQkq - 2 7,g8h6
23,EulerE,Eoin191,498,532,r1bqkb1r/ppp4p/2np1p1n/4p1p1/1P1P4/2P2NB1/P3PPPP/RN1QKB1R b KQkq - 0 7,b2b4
23,EulerE,Eoin191,498,532,r1bqkb1r/ppp4p/2np1p1n/6p1/1P1Pp3/2P2NB1/P3PPPP/RN1QKB1R w KQkq - 0 8,e5e4
23,EulerE,Eoin191,498,532,r1bqkb1r/ppp4p/2np1p1n/6p1/1P1Pp3/2P3B1/P2NPPPP/RN1QKB1R b KQkq - 1 8,f3d2
23,EulerE,Eoin191,498,532,r1bqkbr1/ppp4p/2np1p1n/6p1/1P1Pp3/2P3B1/P2NPPPP/RN1QKB1R w KQq - 2 9,h8g8
23,EulerE,Eoin191,498,532,r1bqkbr1/ppp4p/2np1p1n/6p1/1PPPp3/6B1/P2NPPPP/RN1QKB1R b KQq - 0 9,c3c4
23,EulerE,Eoin191,498,532,r1bqkbr1/ppp4p/3p1p1n/6p1/1nPPp3/6B1/P2NPPPP/RN1QKB1R w KQq - 0 10,c6b4
23,EulerE,Eoin191,498,532,r1bqkbr1/ppp4p/3p1p1n/6p1/1nPPp3/P5B1/3NPPPP/RN1QKB1R b KQq - 0 10,a2a3
23,EulerE,Eoin191,498,532,r1bqkbr1/ppp4p/2np1p1n/6p1/2PPp3/P5B1/3NPPPP/RN1QKB1R w KQq - 1 11,b4c6
23,EulerE,Eoin191,498,532,r1bqkbr1/ppp4p/2np1p1n/3P2p1/2P1p3/P5B1/3NPPPP/RN1QKB1R b KQq - 0 11,d4d5
23,EulerE,Eoin191,498,532,r1bqkbr1/ppp4p/3p1p1n/3P2p1/2Pnp3/P5B1/3NPPPP/RN1QKB1R w KQq - 1 12,c6d4
23,EulerE,Eoin191,498,532,r1bqkbr1/ppp4p/3p1p1n/3P2p1/2PnN3/P5B1/4PPPP/RN1QKB1R b KQq - 0 12,d2e4
23,EulerE,Eoin191,498,532,r2qkbr1/ppp4p/3p1p1n/3P1bp1/2PnN3/P5B1/4PPPP/RN1QKB1R w KQq - 1 13,c8f5
23,EulerE,Eoin191,498,532,r2qkbr1/ppp4p/3p1p1n/3P1bp1/2PnN3/P4PB1/4P1PP/RN1QKB1R b KQq - 0 13,f2f3
23,EulerE,Eoin191,498,532,r2qkbr1/ppp4p/3p1p1n/3P1b2/2PnN1p1/P4PB1/4P1PP/RN1QKB1R w KQq - 0 14,g5g4
23,EulerE,Eoin191,498,532,r2qkbr1/ppp4p/3p1p1n/2PP1b2/3nN1p1/P4PB1/4P1PP/RN1QKB1R b KQq - 0 14,c4c5
23,EulerE,Eoin191,498,532,r2qkbr1/ppp4p/5p1n/2pP1b2/3nN1p1/P4PB1/4P1PP/RN1QKB1R w KQq - 0 15,d6c5
23,EulerE,Eoin191,498,532,r2qkbr1/ppp4p/5N1n/2pP1b2/3n2p1/P4PB1/4P1PP/RN1QKB1R b KQq - 0 15,e4f6
23,EulerE,Eoin191,498,532,r3kbr1/ppp4p/5q1n/2pP1b2/3n2p1/P4PB1/4P1PP/RN1QKB1R w KQq - 0 16,d8f6
23,EulerE,Eoin191,498,532,r3kbr1/ppB4p/5q1n/2pP1b2/3n2p1/P4P2/4P1PP/RN1QKB1R b KQq - 0 16,g3c7
23,EulerE,Eoin191,498,532,r3kbr1/ppB4p/5q1n/2pP1b2/6p1/P4P2/2n1P1PP/RN1QKB1R w KQq - 1 17,d4c2
23,EulerE,Eoin191,498,532,r3kbr1/ppB4p/5q1n/2pP1b2/6p1/P4P2/2nKP1PP/RN1Q1B1R b q - 2 17,e1d2
23,EulerE,Eoin191,498,532,r3kbr1/ppB4p/5q1n/2pP1b2/6p1/P4P2/3KP1PP/nN1Q1B1R w q - 0 18,c2a1
23,EulerE,Eoin191,498,532,r3kbr1/ppB4p/5q1n/2pP1b2/6p1/P1N2P2/3KP1PP/n2Q1B1R b q - 1 18,b1c3
23,EulerE,Eoin191,498,532,r3kbr1/ppB4p/7n/2pP1b2/3q2p1/P1N2P2/3KP1PP/n2Q1B1R w q - 2 19,f6d4
23,EulerE,Eoin191,498,532,r3kbr1/ppB4p/7n/2pP1b2/3q2p1/P1N2P2/4P1PP/n1KQ1B1R b q - 3 19,d2c1
23,EulerE,Eoin191,498,532,r3kbr1/ppB4p/7n/2pP1b2/6p1/P1q2P2/4P1PP/n1KQ1B1R w q - 0 20,d4c3
23,EulerE,Eoin191,498,532,r3kbr1/ppB4p/7n/2pP1b2/6p1/P1q2P2/2Q1P1PP/n1K2B1R b q - 1 20,d1c2
23,EulerE,Eoin191,498,532,r3kbr1/ppB4p/7n/2pP1b2/6p1/P1q2P2/2n1P1PP/2K2B1R w q - 0 21,a1c2
23,EulerE,Eoin191,498,532,r3kbr1/ppB4p/7n/2pP1b2/6p1/P1q1PP2/2n3PP/2K2B1R b q - 0 21,e2e3
23,EulerE,Eoin191,498,532,r3kbr1/ppB4p/7n/2pP1b2/6p1/q3PP2/2n3PP/2K2B1R w q - 0 22,c3a3
23,EulerE,Eoin191,498,532,r3kbr1/ppB4p/7n/2pP1b2/6p1/q3PP2/2nK2PP/5B1R b q - 1 22,c1d2
23,EulerE,Eoin191,498,532,r3kbr1/ppB4p/7n/3P1b2/2p3p1/q3PP2/2nK2PP/5B1R w q - 0 23,c5c4
23,EulerE,Eoin191,498,532,r3kbr1/ppB4p/7n/3P1b2/2B3p1/q3PP2/2nK2PP/7R b q - 0 23,f1c4
23,EulerE,Eoin191,498,532,r3k1r1/ppB4p/7n/3P1b2/1bB3p1/q3PP2/2nK2PP/7R w q - 1 24,f8b4
23,EulerE,Eoin191,498,532,r3k1r1/ppB4p/7n/3P1b2/1bB3p1/q3PP2/2n1K1PP/7R b q - 2 24,d2e2
23,EulerE,Eoin191,498,532,r3k1r1/ppB4p/7n/2bP1b2/2B3p1/q3PP2/2n1K1PP/7R w q - 3 25,b4c5
23,EulerE,Eoin191,498,532,r3k1r1/ppB4p/3P3n/2b2b2/2B3p1/q3PP2/2n1K1PP/7R b q - 0 25,d5d6
23,EulerE,Eoin191,498,532,r3k1r1/ppB4p/3P3n/5b2/2B3p1/q3bP2/2n1K1PP/7R w q - 0 26,c5e3
23,EulerE,Eoin191,498,532,r3k1r1/ppB4p/3P3n/1B3b2/6p1/q3bP2/2n1K1PP/7R b q - 1 26,c4b5
23,EulerE,Eoin191,498,532,r5r1/ppB2k1p/3P3n/1B3b2/6p1/q3bP2/2n1K1PP/7R w - - 2 27,e8f7
23,EulerE,Eoin191,498,532,r5r1/ppBP1k1p/7n/1B3b2/6p1/q3bP2/2n1K1PP/7R b - - 0 27,d6d7
23,EulerE,Eoin191,498,532,2r3r1/ppBP1k1p/7n/1B3b2/6p1/q3bP2/2n1K1PP/7R w - - 1 28,a8c8
23,EulerE,Eoin191,498,532,2r3r1/ppBP1k1p/7n/5b2/2B3p1/q3bP2/2n1K1PP/7R b - - 2 28,b5c4
23,EulerE,Eoin191,498,532,2r3r1/ppBP1k1p/4b2n/8/2B3p1/q3bP2/2n1K1PP/7R w - - 3 29,f5e6
23,EulerE,Eoin191,498,532,2r3r1/ppBP1k1p/4b2n/8/2B3p1/q3bP2/2n1K1PP/3R4 b - - 4 29,h1d1
23,EulerE,Eoin191,498,532,6r1/pprP1k1p/4b2n/8/2B3p1/q3bP2/2n1K1PP/3R4 w - - 0 30,c8c7
23,EulerE,Eoin191,498,532,6r1/pprP1k1p/4B2n/8/6p1/q3bP2/2n1K1PP/3R4 b - - 0 30,c4e6
23,EulerE,Eoin191,498,532,6r1/pprP3p/4k2n/8/6p1/q3bP2/2n1K1PP/3R4 w - - 0 31,f7e6
23,EulerE,Eoin191,498,532,3Q2r1/ppr4p/4k2n/8/6p1/q3bP2/2n1K1PP/3R4 b - - 0 31,d7d8q
23,EulerE,Eoin191,498,532,3r4/ppr4p/4k2n/8/6p1/q3bP2/2n1K1PP/3R4 w - - 0 32,g8d8
23,EulerE,Eoin191,498,532,3R4/ppr4p/4k2n/8/6p1/q3bP2/2n1K1PP/8 b - - 0 32,d1d8
23,EulerE,Eoin191,498,532,3R4/pp1r3p/4k2n/8/6p1/q3bP2/2n1K1PP/8 w - - 1 33,c7d7
23,EulerE,Eoin191,498,532,2R5/pp1r3p/4k2n/8/6p1/q3bP2/2n1K1PP/8 b - - 2 33,d8c8
23,EulerE,Eoin191,498,532,2R5/pp5p/4k2n/8/6p1/q3bP2/2nrK1PP/8 w - - 3 34,d7d2
23,EulerE,Eoin191,498,532,2R5/pp5p/4k2n/8/6p1/q3bP2/2nr2PP/5K2 b - - 4 34,e2f1
23,EulerE,Eoin191,498,532,2R5/pp5p/4k2n/8/6p1/4bP2/2nr2PP/2q2K2 w - - 5 35,a3c1
24,EulerE,Kitsuney0,490,517,rnbqkbnr/pppppppp/8/8/4P3/8/PPPP1PPP/RNBQKBNR b KQkq - 0 1,e2e4
24,EulerE,Kitsuney0,490,517,r1bqkbnr/pppppppp/2n5/8/4P3/8/PPPP1PPP/RNBQKBNR w KQkq - 1 2,b8c6
24,EulerE,Kitsuney0,490,517,r1bqkbnr/pppppppp/2n5/8/4P3/5N2/PPPP1PPP/RNBQKB1R b KQkq - 2 2,g1f3
24,EulerE,Kitsuney0,490,517,r1bqkbnr/ppp1pppp/2n5/3p4/4P3/5N2/PPPP1PPP/RNBQKB1R w KQkq - 0 3,d7d5
24,EulerE,Kitsuney0,490,517,r1bqkbnr/ppp1pppp/2n5/3p4/4P3/5N2/PPPPQPPP/RNB1KB1R b KQkq - 1 3,d1e2
24,EulerE,Kitsuney0,490,517,r1bqkb1r/ppp1pppp/2n2n2/3p4/4P3/5N2/PPPPQPPP/RNB1KB1R w KQkq - 2 4,g8f6
24,EulerE,Kitsuney0,490,517,r1bqkb1r/ppp1pppp/2n2n2/3p4/4P3/4QN2/PPPP1PPP/RNB1KB1R b KQkq - 3 4,e2e3
24,EulerE,Kitsuney0,490,517,r1bqkb1r/ppp1pppp/2n2n2/8/4p3/4QN2/PPPP1PPP/RNB1KB1R w KQkq - 0 5,d5e4
24,EulerE,Kitsuney0,490,517,r1bqkb1r/ppp1pppp/2n2n2/8/4p3/2Q2N2/PPPP1PPP/RNB1KB1R b KQkq - 1 5,e3c3
24,EulerE,Kitsuney0,490,517,r1bqkb1r/ppp1pppp/2n2n2/8/8/2Q2p2/PPPP1PPP/RNB1KB1R w KQkq - 0 6,e4f3
24,EulerE,Kitsuney0,490,517,r1bqkb1r/ppp1pppp/2n2n2/8/8/2Q2P2/PPPP1P1P/RNB1KB1R b KQkq - 0 6,g2f3
24,EulerE,Kitsuney0,490,517,r1b1kb1r/ppp1pppp/2n2n2/3q4/8/2Q2P2/PPPP1P1P/RNB1KB1R w KQkq - 1 7,d8d5
24,EulerE,Kitsuney0,490,517,r1b1kb1r/ppp1pppp/2n2n2/3q4/8/2QP1P2/PPP2P1P/RNB1KB1R b KQkq - 0 7,d2d3
24,EulerE,Kitsuney0,490,517,r1b1kb1r/ppp1pp1p/2n2n2/3q2p1/8/2QP1P2/PPP2P1P/RNB1KB1R w KQkq - 0 8,g7g5
24,EulerE,Kitsuney0,490,517,r1b1kb1r/ppp1pp1p/2n2n2/3q2p1/8/2QP1P2/PPPB1P1P/RN2KB1R b KQkq - 1 8,c1d2
24,EulerE,Kitsuney0,490,517,r1b1kb1r/ppp1pp1p/2n2n2/3q4/6p1/2QP1P2/PPPB1P1P/RN2KB1R w KQkq - 0 9,g5g4
24,EulerE,Kitsuney0,490,517,r1b1kb1r/ppp1pp1p/2n2n2/3q4/6P1/2QP4/PPPB1P1P/RN2KB1R b KQkq - 0 9,f3g4
24,EulerE,Kitsuney0,490,517,r1b1kb1r/ppp1pp1p/2n2n2/8/6P1/2QP4/PPPB1P1P/RN2KB1q w Qkq - 0 10,d5h1
24,EulerE,Kitsuney0,490,517,r1b1kb1r/ppp1pp1p/2n2n2/8/6P1/2QPB3/PPP2P1P/RN2KB1q b Qkq - 1 10,d2e3
24,EulerE,Kitsuney0,490,517,r1b1kb1r/ppp2p1p/2n1pn2/8/6P1/2QPB3/PPP2P1P/RN2KB1q w Qkq - 0 11,e7e6
24,EulerE,Kitsuney0,490,517,r1b1kb1r/ppp2p1p/2n1pn2/8/6P1/2QPB3/PPP2P1P/RN1K1B1q b kq - 1 11,e1d1
24,EulerE,Kitsuney0,490,517,r1b1k2r/ppp2p1p/2n1pn2/8/1b4P1/2QPB3/PPP2P1P/RN1K1B1q w kq - 2 12,f8b4
24,EulerE,Kitsuney0,490,517,r1b1k2r/ppp2p1p/2n1pn2/8/1Q4P1/3PB3/PPP2P1P/RN1K1B1q b kq - 0 12,c3b4
24,EulerE,Kitsuney0,490,517,r1b1k2r/ppp2p1p/4pn2/8/1n4P1/3PB3/PPP2P1P/RN1K1B1q w kq - 0 13,c6b4
24,EulerE,Kitsuney0,490,517,r1b1k2r/ppp2p1p/4pn2/8/1n4P1/2PPB3/PP3P1P/RN1K1B1q b kq - 0 13,c2c3
24,EulerE,Kitsuney0,490,517,r1b1k2r/ppp2p1p/4pn2/8/6P1/2PnB3/PP3P1P/RN1K1B1q w kq - 0 14,b4d3
25,LeonardGross2,EulerE,506,482,rnbqkbnr/pppppppp/8/8/5P2/8/PPPPP1PP/RNBQKBNR b KQkq - 0 1,f2f4
25,LeonardGross2,EulerE,506,482,rnbqkbnr/ppp1pppp/8/3p4/5P2/8/PPPPP1PP/RNBQKBNR w KQkq - 0 2,d7d5
25,LeonardGross2,EulerE,506,482,rnbqkbnr/ppp1pppp/8/3p4/5P2/4P3/PPPP2PP/RNBQKBNR b KQkq - 0 2,e2e3
25,LeonardGross2,EulerE,506,482,rnbqkb1r/ppp1pppp/5n2/3p4/5P2/4P3/PPPP2PP/RNBQKBNR w KQkq - 1 3,g8f6
25,LeonardGross2,EulerE,506,482,rnbqkb1r/ppp1pppp/5n2/3p4/5P2/2N1P3/PPPP2PP/R1BQKBNR b KQkq - 2 3,b1c3
25,LeonardGross2,EulerE,506,482,rn1qkb1r/ppp1pppp/5n2/3p4/5Pb1/2N1P3/PPPP2PP/R1BQKBNR w KQkq - 3 4,c8g4
25,LeonardGross2,EulerE,506,482,rn1qkb1r/ppp1pppp/5n2/3p4/5Pb1/2N1P3/PPPPB1PP/R1BQK1NR b KQkq - 4 4,f1e2
25,LeonardGross2,EulerE,506,482,rn1qkb1r/ppp1ppp1/5n2/3p3p/5Pb1/2N1P3/PPPPB1PP/R1BQK1NR w KQkq - 0 5,h7h5
25,LeonardGross2,EulerE,506,482,rn1qkb1r/ppp1ppp1/5n2/3p3p/5Pb1/2N1P2P/PPPPB1P1/R1BQK1NR b KQkq - 0 5,h2h3
25,LeonardGross2,EulerE,506,482,rn1qkb1r/ppp1ppp1/5n2/3p3p/5P2/2N1P2P/PPPPb1P1/R1BQK1NR w KQkq - 0 6,g4e2
25,LeonardGross2,EulerE,506,482,rn1qkb1r/ppp1ppp1/5n2/3p3p/5P2/2N1P2P/PPPPQ1P1/R1B1K1NR b KQkq - 0 6,d1e2
25,LeonardGross2,EulerE,506,482,rn1qkb1r/pp2ppp1/2p2n2/3p3p/5P2/2N1P2P/PPPPQ1P1/R1B1K1NR w KQkq - 0 7,c7c6
25,LeonardGross2,EulerE,506,482,rn1qkb1r/pp2ppp1/2p2n2/3p3p/5P2/2N1PN1P/PPPPQ1P1/R1B1K2R b KQkq - 1 7,g1f3
25,LeonardGross2,EulerE,506,482,r2qkb1r/pp2ppp1/n1p2n2/3p3p/5P2/2N1PN1P/PPPPQ1P1/R1B1K2R w KQkq - 2 8,b8a6
25,LeonardGross2,EulerE,506,482,r2qkb1r/pp2ppp1/n1p2n2/3p3p/4PP2/2N2N1P/PPPPQ1P1/R1B1K2R b KQkq - 0 8,e3e4
25,LeonardGross2,EulerE,506,482,r2qkb1r/pp2ppp1/2p2n2/3p3p/1n2PP2/2N2N1P/PPPPQ1P1/R1B1K2R w KQkq - 1 9,a6b4
25,LeonardGross2,EulerE,506,482,r2qkb1r/pp2ppp1/2p2n2/3p3p/1n2PP2/2N2N1P/PPPPQ1P1/1RB1K2R b Kkq - 2 9,a1b1
25,LeonardGross2,EulerE,506,482,r2qkb1r/pp2ppp1/2p2n2/3p3p/4PP2/2N2N1P/PPnPQ1P1/1RB1K2R w Kkq - 0 10,b4c2
25,LeonardGross2,EulerE,506,482,r2qkb1r/pp2ppp1/2p2n2/3p3p/4PP2/2N2N1P/PPnPQ1P1/1RB2K1R b kq - 1 10,e1f1
25,LeonardGross2,EulerE,506,482,r2qkb1r/pp2pp2/2p2n2/3p2pp/4PP2/2N2N1P/PPnPQ1P1/1RB2K1R w kq - 0 11,g7g5
25,LeonardGross2,EulerE,506,482,r2qkb1r/pp2pp2/2p2n2/3p2Pp/4P3/2N2N1P/PPnPQ1P1/1RB2K1R b kq - 0 11,f4g5
25,LeonardGross2,EulerE,506,482,r2qkb1r/pp2pp1n/2p5/3p2Pp/4P3/2N2N1P/PPnPQ1P1/1RB2K1R w kq - 1 12,f6h7
25,LeonardGross2,EulerE,506,482,r2qkb1r/pp2pp1n/2p5/3P2Pp/8/2N2N1P/PPnPQ1P1/1RB2K1R b kq - 0 12,e4d5
25,LeonardGross2,EulerE,506,482,r2qkb1r/pp2pp1n/8/3p2Pp/8/2N2N1P/PPnPQ1P1/1RB2K1R w kq - 0 13,c6d5
25,LeonardGross2,EulerE,506,482,r2qkb1r/pp2pp1n/8/3p2Pp/8/2NQ1N1P/PPnP2P1/1RB2K1R b kq - 1 13,e2d3
25,LeonardGross2,EulerE,506,482,r2qkb1r/pp2pp1n/8/3p2Pp/1n6/2NQ1N1P/PP1P2P1/1RB2K1R w kq - 2 14,c2b4
25,LeonardGross2,EulerE,506,482,r2qkb1r/pp2pp1n/8/3p1QPp/1n6/2N2N1P/PP1P2P1/1RB2K1R b kq - 3 14,d3f5
25,LeonardGross2,EulerE,506,482,r2qkb1r/pp3p1n/4p3/3p1QPp/1n6/2N2N1P/PP1P2P1/1RB2K1R w kq - 0 15,e7e6
25,LeonardGross2,EulerE,506,482,r2qkb1r/pp3p1n/4p3/3pQ1Pp/1n6/2N2N1P/PP1P2P1/1RB2K1R b kq - 1 15,f5e5
25,LeonardGross2,EulerE,506,482,r3kb1r/pp3p1n/3qp3/3pQ1Pp/1n6/2N2N1P/PP1P2P1/1RB2K1R w kq - 2 16,d8d6
25,LeonardGross2,EulerE,506,482,r3kb1Q/pp3p1n/3qp3/3p2Pp/1n6/2N2N1P/PP1P2P1/1RB2K1R b q - 0 16,e5h8
25,LeonardGross2,EulerE,506,482,r3kb1Q/pp3p1n/3qp3/3p2Pp/8/2Nn1N1P/PP1P2P1/1RB2K1R w q - 1 17,b4d3
25,LeonardGross2,EulerE,506,482,r3kb1Q/pp3p1n/3qp3/3p2Pp/8/2Nn1N1P/PP1PK1P1/1RB4R b q - 2 17,f1e2
25,LeonardGross2,EulerE,506,482,r3kb1Q/pp3p1n/3qp3/3p2Pp/5n2/2N2N1P/PP1PK1P1/1RB4R w q - 3 18,d3f4
25,LeonardGross2,EulerE,506,482,r3kb1Q/pp3p1n/3qp3/3p2Pp/5n2/2N2N1P/PP1P1KP1/1RB4R b q - 4 18,e2f2
25,LeonardGross2,EulerE,506,482,r3kb1Q/pp3p2/3qp3/3p2np/5n2/2N2N1P/PP1P1KP1/1RB4R w q - 0 19,h7g5
25,LeonardGross2,EulerE,506,482,r3kb1Q/pp3p2/3qp3/3p2Np/5n2/2N4P/PP1P1KP1/1RB4R b q - 0 19,f3g5
25,LeonardGross2,EulerE,506,482,r3kb1Q/pp3p2/3qp1n1/3p2Np/8/2N4P/PP1P1KP1/1RB4R w q - 1 20,f4g6
25,LeonardGross2,EulerE,506,482,r3kb2/pp3p1Q/3qp1n1/3p2Np/8/2N4P/PP1P1KP1/1RB4R b q - 2 20,h8h7
25,LeonardGross2,EulerE,506,482,r3kb2/pp3p1Q/4p1n1/3p2Np/5q2/2N4P/PP1P1KP1/1RB4R w q - 3 21,d6f4
25,LeonardGross2,EulerE,506,482,r3kb2/pp3p1Q/4p1n1/3p3p/5q2/2N2N1P/PP1P1KP1/1RB4R b q - 4 21,g5f3
25,LeonardGross2,EulerE,506,482,2r1kb2/pp3p1Q/4p1n1/3p3p/5q2/2N2N1P/PP1P1KP1/1RB4R w - - 5 22,a8c8
25,LeonardGross2,EulerE,506,482,2r1kb2/pp3p1Q/4p1n1/3p3p/5q2/2NP1N1P/PP3KP1/1RB4R b - - 0 22,d2d3
25,LeonardGross2,EulerE,506,482,2r1kb2/p4p1Q/1p2p1n1/3p3p/5q2/2NP1N1P/PP3KP1/1RB4R w - - 0 23,b7b6
25,LeonardGross2,EulerE,506,482,2r1kb2/p4p1Q/1p2p1n1/3p3p/5B2/2NP1N1P/PP3KP1/1R5R b - - 0 23,c1f4
25,LeonardGross2,EulerE,506,482,2r1kb2/p4p1Q/1p2p3/3p3p/5n2/2NP1N1P/PP3KP1/1R5R w - - 0 24,g6f4
25,LeonardGross2,EulerE,506,482,2r1kb2/p4p1Q/1p2p3/3p3p/5n2/2NP1N1P/PP3KP1/1R2R3 b - - 1 24,h1e1
25,LeonardGross2,EulerE,506,482,2r1kb2/p4p1Q/1p2p3/3p3p/8/2Nn1N1P/PP3KP1/1R2R3 w - - 0 25,f4d3
25,LeonardGross2,EulerE,506,482,2r1kb2/p4p1Q/1p2p3/3p3p/8/2Nn1N1P/PP4P1/1R2RK2 b - - 1 25,f2f1
25,LeonardGross2,EulerE,506,482,2r1kb2/p4p1Q/1p2p3/3p3p/8/2N2N1P/PP4P1/1R2nK2 w - - 0 26,d3e1
25,LeonardGross2,EulerE,506,482,2r1kb2/p4p1Q/1p2p3/3p3p/8/2N2N1P/PP4P1/4RK2 b - - 0 26,b1e1
25,LeonardGross2,EulerE,506,482,2r1kb2/5p1Q/1p2p3/p2p3p/8/2N2N1P/PP4P1/4RK2 w - - 0 27,a7a5
25,LeonardGross2,EulerE,506,482,2r1kb2/5p1Q/1p2p3/p2pN2p/8/2N4P/PP4P1/4RK2 b - - 1 27,f3e5
25,LeonardGross2,EulerE,506,482,2r1k3/5p1Q/1p2p3/p2pN2p/1b6/2N4P/PP4P1/4RK2 w - - 2 28,f8b4
25,LeonardGross2,EulerE,506,482,2r1k1Q1/5p2/1p2p3/p2pN2p/1b6/2N4P/PP4P1/4RK2 b - - 3 28,h7g8
25,LeonardGross2,EulerE,506,482,2r1kbQ1/5p2/1p2p3/p2pN2p/8/2N4P/PP4P1/4RK2 w - - 4 29,b4f8
25,LeonardGross2,EulerE,506,482,2r1kbQ1/5N2/1p2p3/p2p3p/8/2N4P/PP4P1/4RK2 b - - 0 29,e5f7
25,LeonardGross2,EulerE,506,482,4kbQ1/2r2N2/1p2p3/p2p3p/8/2N4P/PP4P1/4RK2 w - - 1 30,c8c7
25,LeonardGross2,EulerE,506,482,4kbQ1/2r2N2/1p2R3/p2p3p/8/2N4P/PP4P1/5K2 b - - 0 30,e1e6
25,LeonardGross2,EulerE,506,482,5bQ1/2rk1N2/1p2R3/p2p3p/8/2N4P/PP4P1/5K2 w - - 1 31,e8d7
25,LeonardGross2,EulerE,506,482,5bQ1/2rk4/1p2R3/p2p2Np/8/2N4P/PP4P1/5K2 b - - 2 31,f7g5
25,LeonardGross2,EulerE,506,482,3k1bQ1/2r5/1p2R3/p2p2Np/8/2N4P/PP4P1/5K2 w - - 3 32,d7d8
25,LeonardGross2,EulerE,506,482,3k1Q2/2r5/1p2R3/p2p2Np/8/2N4P/PP4P1/5K2 b - - 0 32,g8f8
25,LeonardGross2,EulerE,506,482,5Q2/2rk4/1p2R3/p2p2Np/8/2N4P/PP4P1/5K2 w - - 1 33,d8d7
25,LeonardGross2,EulerE,506,482,8/2rkQ3/1p2R3/p2p2Np/8/2N4P/PP4P1/5K2 b - - 2 33,f8e7
25,LeonardGross2,EulerE,506,482,2k5/2r1Q3/1p2R3/p2p2Np/8/2N4P/PP4P1/5K2 w - - 3 34,d7c8
25,LeonardGross2,EulerE,506,482,2k1Q3/2r5/1p2R3/p2p2Np/8/2N4P/PP4P1/5K2 b - - 4 34,e7e8
25,LeonardGross2,EulerE,506,482,4Q3/1kr5/1p2R3/p2p2Np/8/2N4P/PP4P1/5K2 w - - 5 35,c8b7
25,LeonardGross2,EulerE,506,482,4Q3/1kr5/1p2R3/pN1p2Np/8/7P/PP4P1/5K2 b - - 6 35,c3b5
25,LeonardGross2,EulerE,506,482,4Q3/1k4r1/1p2R3/pN1p2Np/8/7P/PP4P1/5K2 w - - 7 36,c7g7
25,LeonardGross2,EulerE,506,482,8/1k4r1/1pQ1R3/pN1p2Np/8/7P/PP4P1/5K2 b - - 8 36,e8c6
25,LeonardGross2,EulerE,506,482,8/6r1/kpQ1R3/pN1p2Np/8/7P/PP4P1/5K2 w - - 9 37,b7a6
25,LeonardGross2,EulerE,506,482,8/2N3r1/kpQ1R3/p2p2Np/8/7P/PP4P1/5K2 b - - 10 37,b5c7
25,LeonardGross2,EulerE,506,482,8/k1N3r1/1pQ1R3/p2p2Np/8/7P/PP4P1/5K2 w - - 11 38,a6a7
25,LeonardGross2,EulerE,506,482,8/k1N3r1/1pQ1R3/p2p3p/4N3/7P/PP4P1/5K2 b - - 12 38,g5e4
25,LeonardGross2,EulerE,506,482,8/k1N3r1/1pQ1R3/p6p/4p3/7P/PP4P1/5K2 w - - 0 39,d5e4
25,LeonardGross2,EulerE,506,482,8/k1N3r1/1p2R3/pQ5p/4p3/7P/PP4P1/5K2 b - - 1 39,c6b5
25,LeonardGross2,EulerE,506,482,8/k1r5/1p2R3/pQ5p/4p3/7P/PP4P1/5K2 w - - 0 40,g7c7
25,LeonardGross2,EulerE,506,482,8/k1r5/1Q2R3/p6p/4p3/7P/PP4P1/5K2 b - - 0 40,b5b6
25,LeonardGross2,EulerE,506,482,k7/2r5/1Q2R3/p6p/4p3/7P/PP4P1/5K2 w - - 1 41,a7a8
25,LeonardGross2,EulerE,506,482,k7/2Q5/4R3/p6p/4p3/7P/PP4P1/5K2 b - - 0 41,b6c7
25,LeonardGross2,EulerE,506,482,k7/2Q5/4R3/7p/p3p3/7P/PP4P1/5K2 w - - 0 42,a5a4
25,LeonardGross2,EulerE,506,482,k7/2Q5/R7/7p/p3p3/7P/PP4P1/5K2 b - - 1 42,e6a6
26,EulerE,Curseofdarkness,482,485,rnbqkbnr/pppppppp/8/8/4P3/8/PPPP1PPP/RNBQKBNR b KQkq - 0 1,e2e4
26,EulerE,Curseofdarkness,482,485,rnbqkbnr/pppp1ppp/8/4p3/4P3/8/PPPP1PPP/RNBQKBNR w KQkq - 0 2,e7e5
26,EulerE,Curseofdarkness,482,485,rnbqkbnr/pppp1ppp/8/4p3/4P3/5P2/PPPP2PP/RNBQKBNR b KQkq - 0 2,f2f3
26,EulerE,Curseofdarkness,482,485,rnbqkbnr/ppp2ppp/8/3pp3/4P3/5P2/PPPP2PP/RNBQKBNR w KQkq - 0 3,d7d5
26,EulerE,Curseofdarkness,482,485,rnbqkbnr/ppp2ppp/8/3pp3/4P3/2N2P2/PPPP2PP/R1BQKBNR b KQkq - 1 3,b1c3
26,EulerE,Curseofdarkness,482,485,rnbqkbnr/ppp2ppp/8/4p3/4p3/2N2P2/PPPP2PP/R1BQKBNR w KQkq - 0 4,d5e4
26,EulerE,Curseofdarkness,482,485,rnbqkbnr/ppp2ppp/8/4p3/4P3/2N5/PPPP2PP/R1BQKBNR b KQkq - 0 4,f3e4
26,EulerE,Curseofdarkness,482,485,rnb1kbnr/ppp2ppp/5q2/4p3/4P3/2N5/PPPP2PP/R1BQKBNR w KQkq - 1 5,d8f6
26,EulerE,Curseofdarkness,482,485,rnb1kbnr/ppp2ppp/5q2/3Np3/4P3/8/PPPP2PP/R1BQKBNR b KQkq - 2 5,c3d5
26,EulerE,Curseofdarkness,482,485,rnb1kbnr/ppp2ppp/3q4/3Np3/4P3/8/PPPP2PP/R1BQKBNR w KQkq - 3 6,f6d6
26,EulerE,Curseofdarkness,482,485,rnb1kbnr/ppp2ppp/3q4/3Np3/4P3/5N2/PPPP2PP/R1BQKB1R b KQkq - 4 6,g1f3
26,EulerE,Curseofdarkness,482,485,rnb1kb1r/ppp2ppp/3q1n2/3Np3/4P3/5N2/PPPP2PP/R1BQKB1R w KQkq - 5 7,g8f6
26,EulerE,Curseofdarkness,482,485,rnb1kb1r/ppp2ppp/3q1n2/3Np3/3PP3/5N2/PPP3PP/R1BQKB1R b KQkq - 0 7,d2d4
26,EulerE,Curseofdarkness,482,485,rnb1kb1r/ppp2ppp/3q1n2/3N4/3pP3/5N2/PPP3PP/R1BQKB1R w KQkq - 0 8,e5d4
26,EulerE,Curseofdarkness,482,485,rnb1kb1r/ppp2ppp/3q1n2/3N4/3pP3/5NP1/PPP4P/R1BQKB1R b KQkq - 0 8,g2g3
26,EulerE,Curseofdarkness,482,485,rn2kb1r/ppp2ppp/3q1n2/3N4/3pP1b1/5NP1/PPP4P/R1BQKB1R w KQkq - 1 9,c8g4
26,EulerE,Curseofdarkness,482,485,rn2kb1r/ppp2ppp/3q1n2/3N4/3pPBb1/5NP1/PPP4P/R2QKB1R b KQkq - 2 9,c1f4
26,EulerE,Curseofdarkness,482,485,rn2kb1r/ppp2ppp/5n2/2qN4/3pPBb1/5NP1/PPP4P/R2QKB1R w KQkq - 3 10,d6c5
26,EulerE,Curseofdarkness,482,485,rn2kb1r/ppN2ppp/5n2/2q5/3pPBb1/5NP1/PPP4P/R2QKB1R b KQkq - 0 10,d5c7
26,EulerE,Curseofdarkness,482,485,rn3b1r/ppNk1ppp/5n2/2q5/3pPBb1/5NP1/PPP4P/R2QKB1R w KQ - 1 11,e8d7
26,EulerE,Curseofdarkness,482,485,Nn3b1r/pp1k1ppp/5n2/2q5/3pPBb1/5NP1/PPP4P/R2QKB1R b KQ - 0 11,c7a8
26,EulerE,Curseofdarkness,482,485,Nn3b1r/pp1k1ppp/5n2/2q5/3pPB2/5bP1/PPP4P/R2QKB1R w KQ - 0 12,g4f3
26,EulerE,Curseofdarkness,482,485,Nn3b1r/pp1k1ppp/5n2/2q5/3pPB2/5QP1/PPP4P/R3KB1R b KQ - 0 12,d1f3
26,EulerE,Curseofdarkness,482,485,Nn3b1r/pp1k1ppp/5n2/8/3pPB2/5QP1/PPq4P/R3KB1R w KQ - 0 13,c5c2
26,EulerE,Curseofdarkness,482,485,Nn3b1r/pp1k1ppp/5n2/8/3pPB2/6P1/PPq4P/R2QKB1R b KQ - 1 13,f3d1
26,EulerE,Curseofdarkness,482,485,Nn3b1r/pp1k1ppp/5n2/8/3pqB2/6P1/PP5P/R2QKB1R w KQ - 0 14,c2e4
26,EulerE,Curseofdarkness,482,485,Nn3b1r/pp1k1ppp/5n2/8/3pqB2/6P1/PP2Q2P/R3KB1R b KQ - 1 14,d1e2
26,EulerE,Curseofdarkness,482,485,Nn5r/pp1k1ppp/5n2/8/1b1pqB2/6P1/PP2Q2P/R3KB1R w KQ - 2 15,f8b4
26,EulerE,Curseofdarkness,482,485,Nn5r/pp1k1ppp/5n2/8/1b1pqB2/6P1/PP2Q2P/R2K1B1R b - - 3 15,e1d1
26,EulerE,Curseofdarkness,482,485,Nn5r/pp1k1ppp/2q2n2/8/1b1p1B2/6P1/PP2Q2P/R2K1B1R w - - 4 16,e4c6
26,EulerE,Curseofdarkness,482,485,Nn5r/pp1k1ppp/2q2n2/1Q6/1b1p1B2/6P1/PP5P/R2K1B1R b - - 5 16,e2b5
26,EulerE,Curseofdarkness,482,485,Nn5r/pp1k1ppp/2q2n2/1Q6/1b3B2/3p2P1/PP5P/R2K1B1R w - - 0 17,d4d3
26,EulerE,Curseofdarkness,482,485,NB5r/pp1k1ppp/2q2n2/1Q6/1b6/3p2P1/PP5P/R2K1B1R b - - 0 17,f4b8
26,EulerE,Curseofdarkness,482,485,NB5r/pp1k1ppp/2q5/1Q6/1b2n3/3p2P1/PP5P/R2K1B1R w - - 1 18,f6e4
26,EulerE,Curseofdarkness,482,485,NB5r/pp1k1ppp/2Q5/8/1b2n3/3p2P1/PP5P/R2K1B1R b - - 0 18,b5c6
26,EulerE,Curseofdarkness,482,485,NB5r/pp3ppp/2k5/8/1b2n3/3p2P1/PP5P/R2K1B1R w - - 0 19,d7c6
26,EulerE,Curseofdarkness,482,485,1B5r/ppN2ppp/2k5/8/1b2n3/3p2P1/PP5P/R2K1B1R b - - 1 19,a8c7
26,EulerE,Curseofdarkness,482,485,1B5r/ppN2ppp/2k5/8/1b6/3p2P1/PP3n1P/R2K1B1R w - - 2 20,e4f2
26,EulerE,Curseofdarkness,482,485,1B5r/ppN2ppp/2k5/8/1b6/3p2P1/PP3n1P/R1K2B1R b - - 3 20,d1c1
26,EulerE,Curseofdarkness,482,485,1B5r/ppN2ppp/2k5/8/1b6/3p2P1/PP5P/R1K2B1n w - - 0 21,f2h1
26,EulerE,Curseofdarkness,482,485,1B5r/ppN2ppp/2k5/8/1b6/3B2P1/PP5P/R1K4n b - - 0 21,f1d3
26,EulerE,Curseofdarkness,482,485,1r6/ppN2ppp/2k5/8/1b6/3B2P1/PP5P/R1K4n w - - 0 22,h8b8
26,EulerE,Curseofdarkness,482,485,1r6/pp3ppp/2k5/1N6/1b6/3B2P1/PP5P/R1K4n b - - 1 22,c7b5
26,EulerE,Curseofdarkness,482,485,1r6/pp4pp/2k5/1N3p2/1b6/3B2P1/PP5P/R1K4n w - - 0 23,f7f5
26,EulerE,Curseofdarkness,482,485,1r6/pp4pp/2k5/1N3p2/1b6/3B2P1/PPK4P/R6n b - - 1 23,c1c2
26,EulerE,Curseofdarkness,482,485,1r6/pp4pp/2k5/1N3p2/1b6/3B2P1/PPK2n1P/R7 w - - 2 24,h1f2
26,EulerE,Curseofdarkness,482,485,1r6/pp4pp/2k5/1N3p2/1b6/P2B2P1/1PK2n1P/R7 b - - 0 24,a2a3
26,EulerE,Curseofdarkness,482,485,1r6/pp2b1pp/2k5/1N3p2/8/P2B2P1/1PK2n1P/R7 w - - 1 25,b4e7
26,EulerE,Curseofdarkness,482,485,1r6/pp2b1pp/2k5/1N3p2/8/P2B2P1/1PK2n1P/3R4 b - - 2 25,a1d1
26,EulerE,Curseofdarkness,482,485,3r4/pp2b1pp/2k5/1N3p2/8/P2B2P1/1PK2n1P/3R4 w - - 3 26,b8d8
26,EulerE,Curseofdarkness,482,485,3r4/pp2b1pp/2k5/1N3p2/8/P2B2P1/1PKR1n1P/8 b - - 4 26,d1d2
26,EulerE,Curseofdarkness,482,485,3r4/1p2b1pp/p1k5/1N3p2/8/P2B2P1/1PKR1n1P/8 w - - 0 27,a7a6
26,EulerE,Curseofdarkness,482,485,3r4/1p2b1pp/p1k5/1N3p2/8/P2B2P1/1PK2R1P/8 b - - 0 27,d2f2
26,EulerE,Curseofdarkness,482,485,3r4/1p2b1pp/2k5/1p3p2/8/P2B2P1/1PK2R1P/8 w - - 0 28,a6b5
26,EulerE,Curseofdarkness,482,485,3r4/1p2b1pp/2k5/1p3p2/P7/3B2P1/1PK2R1P/8 b - - 0 28,a3a4
26,EulerE,Curseofdarkness,482,485,3r4/1p2b1pp/2k5/5p2/p7/3B2P1/1PK2R1P/8 w - - 0 29,b5a4
26,EulerE,Curseofdarkness,482,485,3r4/1p2b1pp/2k5/5B2/p7/6P1/1PK2R1P/8 b - - 0 29,d3f5
26,EulerE,Curseofdarkness,482,485,3r4/1p2b1pp/2k5/5B2/8/p5P1/1PK2R1P/8 w - - 0 30,a4a3
26,EulerE,Curseofdarkness,482,485,3r4/1p2b1pB/2k5/8/8/p5P1/1PK2R1P/8 b - - 0 30,f5h7
26,EulerE,Curseofdarkness,482,485,3r4/4b1pB/2k5/1p6/8/p5P1/1PK2R1P/8 w - - 0 31,b7b5
26,EulerE,Curseofdarkness,482,485,3r4/4bRpB/2k5/1p6/8/p5P1/1PK4P/8 b - - 1 31,f2f7
26,EulerE,Curseofdarkness,482,485,3r4/5RpB/2k5/1pb5/8/p5P1/1PK4P/8 w - - 2 32,e7c5
26,EulerE,Curseofdarkness,482,485,3r4/6pB/2k5/1pb2R2/8/p5P1/1PK4P/8 b - - 3 32,f7f5
26,EulerE,Curseofdarkness,482,485,3r4/6pB/2k5/1p3R2/3b4/p5P1/1PK4P/8 w - - 4 33,c5d4
26,EulerE,Curseofdarkness,482,485,3r4/6pB/2k5/1p3R2/3b4/P5P1/2K4P/8 b - - 0 33,b2a3
26,EulerE,Curseofdarkness,482,485,3r4/6pB/2k5/5R2/1p1b4/P5P1/2K4P/8 w - - 0 34,b5b4
26,EulerE,Curseofdarkness,482,485,3r4/6pB/2k5/5R2/1P1b4/6P1/2K4P/8 b - - 0 34,a3b4
26,EulerE,Curseofdarkness,482,485,1r6/6pB/2k5/5R2/1P1b4/6P1/2K4P/8 w - - 1 35,d8b8
26,EulerE,Curseofdarkness,482,485,1r6/6pB/2k5/5R2/1P1b3P/6P1/2K5/8 b - - 0 35,h2h4
26,EulerE,Curseofdarkness,482,485,8/6pB/2k5/5R2/1r1b3P/6P1/2K5/8 w - - 0 36,b8b4
26,EulerE,Curseofdarkness,482,485,8/6pB/2k5/6R1/1r1b3P/6P1/2K5/8 b - - 1 36,f5g5
26,EulerE,Curseofdarkness,482,485,8/6pB/2k5/6R1/3b3P/6P1/1rK5/8 w - - 2 37,b4b2
26,EulerE,Curseofdarkness,482,485,8/6pB/2k5/6R1/3b3P/3K2P1/1r6/8 b - - 3 37,c2d3
26,EulerE,Curseofdarkness,482,485,8/6pB/2k5/6R1/1r1b3P/3K2P1/8/8 w - - 4 38,b2b4
26,EulerE,Curseofdarkness,482,485,8/6RB/2k5/8/1r1b3P/3K2P1/8/8 b - - 0 38,g5g7
26,EulerE,Curseofdarkness,482,485,8/6bB/2k5/8/1r5P/3K2P1/8/8 w - - 0 39,d4g7
26,EulerE,Curseofdarkness,482,485,8/6bB/2k5/8/1r4PP/3K4/8/8 b - - 0 39,g3g4
26,EulerE,Curseofdarkness,482,485,8/6bB/2k5/8/3r2PP/3K4/8/8 w - - 1 40,b4d4
26,EulerE,Curseofdarkness,482,485,8/6bB/2k5/8/3r2PP/4K3/8/8 b - - 2 40,d3e3
26,EulerE,Curseofdarkness,482,485,8/6bB/8/3k4/3r2PP/4K3/8/8 w - - 3 41,c6d5
26,EulerE,Curseofdarkness,482,485,8/6bB/8/3k4/3r2PP/5K2/8/8 b - - 4 41,e3f3
26,EulerE,Curseofdarkness,482,485,8/6bB/8/3k4/6PP/3r1K2/8/8 w - - 5 42,d4d3
26,EulerE,Curseofdarkness,482,485,8/6bB/8/3k4/5KPP/3r4/8/8 b - - 6 42,f3f4
26,EulerE,Curseofdarkness,482,485,8/7B/8/3kb3/5KPP/3r4/8/8 w - - 7 43,g7e5
26,EulerE,Curseofdarkness,482,485,8/7B/8/3kb1K1/6PP/3r4/8/8 b - - 8 43,f4g5
26,EulerE,Curseofdarkness,482,485,8/7B/8/3kb1K1/6PP/5r2/8/8 w - - 9 44,d3f3
26,EulerE,Curseofdarkness,482,485,8/7B/8/3kb1KP/6P1/5r2/8/8 b - - 0 44,h4h5
26,EulerE,Curseofdarkness,482,485,8/7B/5b2/3k2KP/6P1/5r2/8/8 w - - 1 45,e5f6
26,EulerE,Curseofdarkness,482,485,8/7B/5bK1/3k3P/6P1/5r2/8/8 b - - 2 45,g5g6
26,EulerE,Curseofdarkness,482,485,8/7B/5bK1/4k2P/6P1/5r2/8/8 w - - 3 46,d5e5
26,EulerE,Curseofdarkness,482,485,8/7B/5bKP/4k3/6P1/5r2/8/8 b - - 0 46,h5h6
26,EulerE,Curseofdarkness,482,485,8/7B/5bKP/4k3/6P1/6r1/8/8 w - - 1 47,f3g3
26,EulerE,Curseofdarkness,482,485,6B1/8/5bKP/4k3/6P1/6r1/8/8 b - - 2 47,h7g8
26,EulerE,Curseofdarkness,482,485,6B1/8/5bKP/4k3/6r1/8/8/8 w - - 0 48,g3g4
26,EulerE,Curseofdarkness,482,485,6B1/5K2/5b1P/4k3/6r1/8/8/8 b - - 1 48,g6f7
26,EulerE,Curseofdarkness,482,485,6B1/5K2/5b1P/4k3/7r/8/8/8 w - - 2 49,g4h4
26,EulerE,Curseofdarkness,482,485,6B1/5K1P/5b2/4k3/7r/8/8/8 b - - 0 49,h6h7
26,EulerE,Curseofdarkness,482,485,6B1/5K1P/5b2/5k2/7r/8/8/8 w - - 1 50,e5f5
26,EulerE,Curseofdarkness,482,485,5KB1/7P/5b2/5k2/7r/8/8/8 b - - 2 50,f7f8
26,EulerE,Curseofdarkness,482,485,5KB1/7P/5bk1/8/7r/8/8/8 w - - 3 51,f5g6
26,EulerE,Curseofdarkness,482,485,4K1B1/7P/5bk1/8/7r/8/8/8 b - - 4 51,f8e8
26,EulerE,Curseofdarkness,482,485,4K1B1/6kP/5b2/8/7r/8/8/8 w - - 5 52,g6g7
26,EulerE,Curseofdarkness,482,485,6B1/3K2kP/5b2/8/7r/8/8/8 b - - 6 52,e8d7
26,EulerE,Curseofdarkness,482,485,6B1/3K2kP/5b2/8/3r4/8/8/8 w - - 7 53,h4d4
26,EulerE,Curseofdarkness,482,485,6B1/6kP/4Kb2/8/3r4/8/8/8 b - - 8 53,d7e6
26,EulerE,Curseofdarkness,482,485,6B1/6kP/4Kb2/8/4r3/8/8/8 w - - 9 54,d4e4
26,EulerE,Curseofdarkness,482,485,6B1/6kP/5b2/5K2/4r3/8/8/8 b - - 10 54,e6f5
26,EulerE,Curseofdarkness,482,485,6B1/6kP/5b2/4rK2/8/8/8/8 w - - 11 55,e4e5
26,EulerE,Curseofdarkness,482,485,6B1/6kP/5b2/4r3/5K2/8/8/8 b - - 12 55,f5f4
26,EulerE,Curseofdarkness,482,485,6B1/6kP/8/4r1b1/5K2/8/8/8 w - - 13 56,f6g5
26,EulerE,Curseofdarkness,482,485,6B1/6kP/8/4K1b1/8/8/8/8 b - - 0 56,f4e5
26,EulerE,Curseofdarkness,482,485,6Bk/7P/8/4K1b1/8/8/8/8 w - - 1 57,g7h8
26,EulerE,Curseofdarkness,482,485,6Bk/7P/4K3/6b1/8/8/8/8 b - - 2 57,e5e6
26,EulerE,Curseofdarkness,482,485,6Bk/7P/4K3/8/5b2/8/8/8 w - - 3 58,g5f4
26,EulerE,Curseofdarkness,482,485,6Bk/5K1P/8/8/5b2/8/8/8 b - - 4 58,e6f7
26,EulerE,Curseofdarkness,482,485,6Bk/5K1P/8/4b3/8/8/8/8 w - - 5 59,f4e5
26,EulerE,Curseofdarkness,482,485,5KBk/7P/8/4b3/8/8/8/8 b - - 6 59,f7f8
26,EulerE,Curseofdarkness,482,485,5KBk/7P/8/8/3b4/8/8/8 w - - 7 60,e5d4
26,EulerE,Curseofdarkness,482,485,6Bk/5K1P/8/8/3b4/8/8/8 b - - 8 60,f8f7
26,EulerE,Curseofdarkness,482,485,6Bk/5K1P/8/8/8/4b3/8/8 w - - 9 61,d4e3
26,EulerE,Curseofdarkness,482,485,6Bk/7P/6K1/8/8/4b3/8/8 b - - 10 61,f7g6
26,EulerE,Curseofdarkness,482,485,6Bk/7P/6K1/8/3b4/8/8/8 w - - 11 62,e3d4
26,EulerE,Curseofdarkness,482,485,7k/5B1P/6K1/8/3b4/8/8/8 b - - 12 62,g8f7
26,EulerE,Curseofdarkness,482,485,7k/5B1P/6K1/8/8/2b5/8/8 w - - 13 63,d4c3
26,EulerE,Curseofdarkness,482,485,7k/5B1P/7K/8/8/2b5/8/8 b - - 14 63,g6h6
26,EulerE,Curseofdarkness,482,485,7k/5B1P/7K/8/8/8/3b4/8 w - - 15 64,c3d2
26,EulerE,Curseofdarkness,482,485,7k/5B1P/6K1/8/8/8/3b4/8 b - - 16 64,h6g6
26,EulerE,Curseofdarkness,482,485,7k/5B1P/6K1/8/8/2b5/8/8 w - - 17 65,d2c3
26,EulerE,Curseofdarkness,482,485,6Bk/7P/6K1/8/8/2b5/8/8 b - - 18 65,f7g8
26,EulerE,Curseofdarkness,482,485,6Bk/7P/6K1/8/8/8/3b4/8 w - - 19 66,c3d2
26,EulerE,Curseofdarkness,482,485,7k/5B1P/6K1/8/8/8/3b4/8 b - - 20 66,g8f7
26,EulerE,Curseofdarkness,482,485,7k/5B1P/6K1/8/8/4b3/8/8 w - - 21 67,d2e3
26,EulerE,Curseofdarkness,482,485,7k/5B1P/5K2/8/8/4b3/8/8 b - - 22 67,g6f6
26,EulerE,Curseofdarkness,482,485,8/5B1k/5K2/8/8/4b3/8/8 w - - 0 68,h8h7
27,italianer,EulerE,459,490,rnbqkbnr/pppppppp/8/8/3P4/8/PPP1PPPP/RNBQKBNR b KQkq - 0 1,d2d4
27,italianer,EulerE,459,490,rnbqkbnr/ppp1pppp/8/3p4/3P4/8/PPP1PPPP/RNBQKBNR w KQkq - 0 2,d7d5
27,italianer,EulerE,459,490,rnbqkbnr/ppp1pppp/8/3p4/3P4/2N5/PPP1PPPP/R1BQKBNR b KQkq - 1 2,b1c3
27,italianer,EulerE,459,490,rnbqkbnr/ppp2ppp/4p3/3p4/3P4/2N5/PPP1PPPP/R1BQKBNR w KQkq - 0 3,e7e6
27,italianer,EulerE,459,490,rnbqkbnr/ppp2ppp/4p3/3p4/3P1B2/2N5/PPP1PPPP/R2QKBNR b KQkq - 1 3,c1f4
27,italianer,EulerE,459,490,rnbqk1nr/ppp2ppp/3bp3/3p4/3P1B2/2N5/PPP1PPPP/R2QKBNR w KQkq - 2 4,f8d6
27,italianer,EulerE,459,490,rnbqk1nr/ppp2ppp/3bp3/3p4/3P1B2/2N1P3/PPP2PPP/R2QKBNR b KQkq - 0 4,e2e3
27,italianer,EulerE,459,490,rnbqk1nr/ppp2ppp/4p3/3p4/3P1b2/2N1P3/PPP2PPP/R2QKBNR w KQkq - 0 5,d6f4
27,italianer,EulerE,459,490,rnbqk1nr/ppp2ppp/4p3/3p4/3P1P2/2N5/PPP2PPP/R2QKBNR b KQkq - 0 5,e3f4
27,italianer,EulerE,459,490,r1bqk1nr/ppp2ppp/2n1p3/3p4/3P1P2/2N5/PPP2PPP/R2QKBNR w KQkq - 1 6,b8c6
27,italianer,EulerE,459,490,r1bqk1nr/ppp2ppp/2n1p3/3p4/3P1P2/2N2N2/PPP2PPP/R2QKB1R b KQkq - 2 6,g1f3
27,italianer,EulerE,459,490,r1bqk1nr/ppp3pp/2n1p3/3p1p2/3P1P2/2N2N2/PPP2PPP/R2QKB1R w KQkq - 0 7,f7f5
27,italianer,EulerE,459,490,r1bqk1nr/ppp3pp/2n1p3/1B1p1p2/3P1P2/2N2N2/PPP2PPP/R2QK2R b KQkq - 1 7,f1b5
27,italianer,EulerE,459,490,r1bqk1nr/1pp3pp/p1n1p3/1B1p1p2/3P1P2/2N2N2/PPP2PPP/R2QK2R w KQkq - 0 8,a7a6
27,italianer,EulerE,459,490,r1bqk1nr/1pp3pp/p1n1p3/3p1p2/B2P1P2/2N2N2/PPP2PPP/R2QK2R b KQkq - 1 8,b5a4
27,italianer,EulerE,459,490,r1bqk1nr/2p3pp/p1n1p3/1p1p1p2/B2P1P2/2N2N2/PPP2PPP/R2QK2R w KQkq - 0 9,b7b5
27,italianer,EulerE,459,490,r1bqk1nr/2p3pp/p1n1p3/1N1p1p2/B2P1P2/5N2/PPP2PPP/R2QK2R b KQkq - 0 9,c3b5
27,italianer,EulerE,459,490,r1bqk1nr/2p3pp/2n1p3/1p1p1p2/B2P1P2/5N2/PPP2PPP/R2QK2R w KQkq - 0 10,a6b5
27,italianer,EulerE,459,490,r1bqk1nr/2p3pp/2n1p3/1B1p1p2/3P1P2/5N2/PPP2PPP/R2QK2R b KQkq - 0 10,a4b5
27,italianer,EulerE,459,490,r2qk1nr/2pb2pp/2n1p3/1B1p1p2/3P1P2/5N2/PPP2PPP/R2QK2R w KQkq - 1 11,c8d7
27,italianer,EulerE,459,490,r2qk1nr/2pb2pp/2n1p3/1B1pNp2/3P1P2/8/PPP2PPP/R2QK2R b KQkq - 2 11,f3e5
27,italianer,EulerE,459,490,rn1qk1nr/2pb2pp/4p3/1B1pNp2/3P1P2/8/PPP2PPP/R2QK2R w KQkq - 3 12,c6b8
27,italianer,EulerE,459,490,rn1qk1nr/2pN2pp/4p3/1B1p1p2/3P1P2/8/PPP2PPP/R2QK2R b KQkq - 0 12,e5d7
27,italianer,EulerE,459,490,r2qk1nr/2pn2pp/4p3/1B1p1p2/3P1P2/8/PPP2PPP/R2QK2R w KQkq - 0 13,b8d7
27,italianer,EulerE,459,490,r2qk1nr/2pB2pp/4p3/3p1p2/3P1P2/8/PPP2PPP/R2QK2R b KQkq - 0 13,b5d7
27,italianer,EulerE,459,490,r3k1nr/2pq2pp/4p3/3p1p2/3P1P2/8/PPP2PPP/R2QK2R w KQkq - 0 14,d8d7
27,italianer,EulerE,459,490,r3k1nr/2pq2pp/4p3/3p1p2/2PP1P2/8/PP3PPP/R2QK2R b KQkq - 0 14,c2c4
27,italianer,EulerE,459,490,r3k1nr/2pq2pp/4p3/5p2/2pP1P2/8/PP3PPP/R2QK2R w KQkq - 0 15,d5c4
27,italianer,EulerE,459,490,r3k1nr/2pq2pp/4p3/5p2/2pP1P2/8/PP3PPP/R1Q1K2R b KQkq - 1 15,d1c1
27,italianer,EulerE,459,490,2kr2nr/2pq2pp/4p3/5p2/2pP1P2/8/PP3PPP/R1Q1K2R w KQ - 2 16,e8c8
27,italianer,EulerE,459,490,2kr2nr/2pq2pp/4p3/5p2/2QP1P2/8/PP3PPP/R3K2R b KQ - 0 16,c1c4
27,italianer,EulerE,459,490,2kr3r/2pq2pp/4pn2/5p2/2QP1P2/8/PP3PPP/R3K2R w KQ - 1 17,g8f6
27,italianer,EulerE,459,490,2kr3r/2pq2pp/Q3pn2/5p2/3P1P2/8/PP3PPP/R3K2R b KQ - 2 17,c4a6
27,italianer,EulerE,459,490,1k1r3r/2pq2pp/Q3pn2/5p2/3P1P2/8/PP3PPP/R3K2R w KQ - 3 18,c8b8
27,italianer,EulerE,459,490,1k1r3r/2pq2pp/Q3pn2/5p2/3P1P2/8/PP3PPP/2R1K2R b K - 4 18,a1c1
27,italianer,EulerE,459,490,1k1rn2r/2pq2pp/Q3p3/5p2/3P1P2/8/PP3PPP/2R1K2R w K - 5 19,f6e8
27,italianer,EulerE,459,490,1k1rn2r/2pq2pp/Q3p3/5p2/1P1P1P2/8/P4PPP/2R1K2R b K - 0 19,b2b4
27,italianer,EulerE,459,490,1k1rn2r/2p3pp/Q2qp3/5p2/1P1P1P2/8/P4PPP/2R1K2R w K - 1 20,d7d6
27,italianer,EulerE,459,490,1k1rn2r/2p3pp/Q2qp3/1P3p2/3P1P2/8/P4PPP/2R1K2R b K - 0 20,b4b5
27,italianer,EulerE,459,490,1k1rn2r/2p3pp/q3p3/1P3p2/3P1P2/8/P4PPP/2R1K2R w K - 0 21,d6a6
27,italianer,EulerE,459,490,1k1rn2r/2p3pp/q3p3/1P3p2/P2P1P2/8/5PPP/2R1K2R b K - 0 21,a2a4
27,italianer,EulerE,459,490,1k1rn2r/2p3pp/4p3/qP3p2/P2P1P2/8/5PPP/2R1K2R w K - 1 22,a6a5
27,italianer,EulerE,459,490,1k1rn2r/2p3pp/4p3/qP3p2/P2P1P2/8/5PPP/2R2K1R b - - 2 22,e1f1
27,italianer,EulerE,459,490,1k1r3r/2p3pp/3np3/qP3p2/P2P1P2/8/5PPP/2R2K1R w - - 3 23,e8d6
27,italianer,EulerE,459,490,1k1r3r/2p3pp/2Rnp3/qP3p2/P2P1P2/8/5PPP/5K1R b - - 4 23,c1c6
27,italianer,EulerE,459,490,1k1r3r/2p3pp/2Rn4/qP2pp2/P2P1P2/8/5PPP/5K1R w - - 0 24,e6e5
27,italianer,EulerE,459,490,1k1r3r/2p3pp/2Rn4/qP2Pp2/P4P2/8/5PPP/5K1R b - - 0 24,d4e5
27,italianer,EulerE,459,490,1k1r3r/2p3pp/2R5/qP2Pp2/P3nP2/8/5PPP/5K1R w - - 1 25,d6e4
27,italianer,EulerE,459,490,1k1r3r/2p3pp/8/qP2Pp2/P1R1nP2/8/5PPP/5K1R b - - 2 25,c6c4
27,italianer,EulerE,459,490,1k1r3r/2p3pp/8/qP2Pp2/P1R2P2/8/3n1PPP/5K1R w - - 3 26,e4d2
27,italianer,EulerE,459,490,1k1r3r/2p3pp/8/qP2Pp2/P1R2P2/8/3nKPPP/7R b - - 4 26,f1e2
27,italianer,EulerE,459,490,1k1r3r/2p3pp/8/qP2Pp2/P1n2P2/8/4KPPP/7R w - - 0 27,d2c4
27,italianer,EulerE,459,490,1k1r3r/2p3pp/4P3/qP3p2/P1n2P2/8/4KPPP/7R b - - 0 27,e5e6
27,italianer,EulerE,459,490,1k1rr3/2p3pp/4P3/qP3p2/P1n2P2/8/4KPPP/7R w - - 1 28,h8e8
27,italianer,EulerE,459,490,1k1rr3/2p3pp/4P3/qP3p2/P1n2P2/8/4KPPP/2R5 b - - 2 28,h1c1
27,italianer,EulerE,459,490,1k1rr3/2p3pp/4P3/1P3p2/q1n2P2/8/4KPPP/2R5 w - - 0 29,a5a4
27,italianer,EulerE,459,490,1k1rr3/2p3pp/4P3/1P3p2/q1n2P1P/8/4KPP1/2R5 b - - 0 29,h2h4
27,italianer,EulerE,459,490,1k1rr3/2p4p/4P1p1/1P3p2/q1n2P1P/8/4KPP1/2R5 w - - 0 30,g7g6
27,italianer,EulerE,459,490,1k1rr3/2p4p/4P1p1/1P3p1P/q1n2P2/8/4KPP1/2R5 b - - 0 30,h4h5
27,italianer,EulerE,459,490,1k1rr3/2p4p/4P3/1P3p1p/q1n2P2/8/4KPP1/2R5 w - - 0 31,g6h5
27,italianer,EulerE,459,490,1k1rr3/2p4p/4P3/1P3p1p/q1n2P2/5K2/5PP1/2R5 b - - 1 31,e2f3
27,italianer,EulerE,459,490,1k1r4/2p4p/4r3/1P3p1p/q1n2P2/5K2/5PP1/2R5 w - - 0 32,e8e6
27,italianer,EulerE,459,490,1k1r4/2p4p/4r3/1P3p1p/q1n2PP1/5K2/5P2/2R5 b - - 0 32,g2g4
27,italianer,EulerE,459,490,1k1r4/2p4p/4r3/1P5p/q1n2Pp1/5K2/5P2/2R5 w - - 0 33,f5g4
27,italianer,EulerE,459,490,1k1r4/2p4p/4r3/1P5p/q1n2Pp1/6K1/5P2/2R5 b - - 1 33,f3g3
27,italianer,EulerE,459,490,1k1r4/2p4p/5r2/1P5p/q1n2Pp1/6K1/5P2/2R5 w - - 2 34,e6f6
27,italianer,EulerE,459,490,1k1r4/2p4p/5r2/1P5p/q1n2Pp1/6K1/5P2/4R3 b - - 3 34,c1e1
27,italianer,EulerE,459,490,1k6/2p4p/5r2/1P5p/q1n2Pp1/6K1/3r1P2/4R3 w - - 4 35,d8d2
27,italianer,EulerE,459,490,1k6/2p1R2p/5r2/1P5p/q1n2Pp1/6K1/3r1P2/8 b - - 5 35,e1e7
27,italianer,EulerE,459,490,1k6/2p1R2p/5r2/1q5p/2n2Pp1/6K1/3r1P2/8 w - - 0 36,a4b5
27,italianer,EulerE,459,490,1k6/2p4R/5r2/1q5p/2n2Pp1/6K1/3r1P2/8 b - - 0 36,e7h7
27,italianer,EulerE,459,490,1k6/2p4R/5r2/5q1p/2n2Pp1/6K1/3r1P2/8 w - - 1 37,b5f5
27,italianer,EulerE,459,490,1k6/2p4R/5r2/5q1p/2n2Pp1/5PK1/3r4/8 b - - 0 37,f2f3
27,italianer,EulerE,459,490,1k6/2p4R/5r2/7p/2n2qp1/5PK1/3r4/8 w - - 0 38,f5f4
27,italianer,EulerE,459,490,1k6/2p4R/5r2/7p/2n2qpK/5P2/3r4/8 b - - 1 38,g3h4
27,italianer,EulerE,459,490,1k6/2p4R/5r2/7p/2n3pK/5q2/3r4/8 w - - 0 39,f4f3
27,italianer,EulerE,459,490,1k6/2p5/5r2/7R/2n3pK/5q2/3r4/8 b - - 0 39,h7h5
27,italianer,EulerE,459,490,1k6/2p5/5r2/5q1R/2n3pK/8/3r4/8 w - - 1 40,f3f5
27,italianer,EulerE,459,490,1k6/2p5/5r2/5R2/2n3pK/8/3r4/8 b - - 0 40,h5f5
27,italianer,EulerE,459,490,1k6/2p5/8/5r2/2n3pK/8/3r4/8 w - - 0 41,f6f5
27,italianer,EulerE,459,490,1k6/2p5/8/5r2/2n3K1/8/3r4/8 b - - 0 41,h4g4
27,italianer,EulerE,459,490,1k6/2p5/3n4/5r2/6K1/8/3r4/8 w - - 1 42,c4d6
27,italianer,EulerE,459,490,1k6/2p5/3n4/5r2/8/6K1/3r4/8 b - - 2 42,g4g3
27,italianer,EulerE,459,490,1k6/2p5/3n4/2r5/8/6K1/3r4/8 w - - 3 43,f5c5
27,italianer,EulerE,459,490,1k6/2p5/3n4/2r5/8/5K2/3r4/8 b - - 4 43,g3f3
27,italianer,EulerE,459,490,1k6/2p5/3n4/2r5/3r4/5K2/8/8 w - - 5 44,d2d4
27,italianer,EulerE,459,490,1k6/2p5/3n4/2r5/3r4/4K3/8/8 b - - 6 44,f3e3
27,italianer,EulerE,459,490,1k6/2p5/8/1nr5/3r4/4K3/8/8 w - - 7 45,d6b5
27,italianer,EulerE,459,490,1k6/2p5/8/1nr5/3r4/8/4K3/8 b - - 8 45,e3e2
27,italianer,EulerE,459,490,1k6/2p5/8/1n6/3r4/2r5/4K3/8 w - - 9 46,c5c3
27,italianer,EulerE,459,490,1k6/2p5/8/1n6/3r4/2r5/8/4K3 b - - 10 46,e2e1
27,italianer,EulerE,459,490,1k6/2p5/8/1n6/8/2rr4/8/4K3 w - - 11 47,d4d3
27,italianer,EulerE,459,490,1k6/2p5/8/1n6/8/2rr4/4K3/8 b - - 12 47,e1e2
27,italianer,EulerE,459,490,1k6/2p5/8/8/3n4/2rr4/4K3/8 w - - 13 48,b5d4
27,italianer,EulerE,459,490,1k6/2p5/8/8/3n4/2rr4/8/4K3 b - - 14 48,e2e1
27,italianer,EulerE,459,490,1k6/2p5/8/8/3n4/1r1r4/8/4K3 w - - 15 49,c3b3
27,italianer,EulerE,459,490,1k6/2p5/8/8/3n4/1r1r4/5K2/8 b - - 16 49,e1f2
27,italianer,EulerE,459,490,1k6/2p5/8/8/3n4/1r3r2/5K2/8 w - - 17 50,d3f3
27,italianer,EulerE,459,490,1k6/2p5/8/8/3n4/1r3r2/6K1/8 b - - 18 50,f2g2
27,italianer,EulerE,459,490,1k6/2p5/8/8/3n4/5r2/1r4K1/8 w - - 19 51,b3b2
27,italianer,EulerE,459,490,1k6/2p5/8/8/3n4/5r2/1r6/6K1 b - - 20 51,g2g1
27,italianer,EulerE,459,490,1k6/2p5/8/8/3n4/4r3/1r6/6K1 w - - 21 52,f3e3
27,italianer,EulerE,459,490,1k6/2p5/8/8/3n4/4r3/1r6/5K2 b - - 22 52,g1f1
27,italianer,EulerE,459,490,1k6/2p5/8/8/3n4/2r5/1r6/5K2 w - - 23 53,e3c3
27,italianer,EulerE,459,490,1k6/2p5/8/8/3n4/2r5/1r6/6K1 b - - 24 53,f1g1
27,italianer,EulerE,459,490,1k6/2p5/8/8/3n4/8/1r6/2r3K1 w - - 25 54,c3c1
28,EulerE,mbkk94,481,471,rnbqkbnr/pppppppp/8/8/4P3/8/PPPP1PPP/RNBQKBNR b KQkq - 0 1,e2e4
28,EulerE,mbkk94,481,471,rnbqkbnr/ppp1pppp/8/3p4/4P3/8/PPPP1PPP/RNBQKBNR w KQkq - 0 2,d7d5
28,EulerE,mbkk94,481,471,rnbqkbnr/ppp1pppp/8/3p4/4P3/2N5/PPPP1PPP/R1BQKBNR b KQkq - 1 2,b1c3
28,EulerE,mbkk94,481,471,rnbqkbnr/ppp1pppp/8/8/4p3/2N5/PPPP1PPP/R1BQKBNR w KQkq - 0 3,d5e4
28,EulerE,mbkk94,481,471,rnbqkbnr/ppp1pppp/8/8/4N3/8/PPPP1PPP/R1BQKBNR b KQkq - 0 3,c3e4
28,EulerE,mbkk94,481,471,rnb1kbnr/ppp1pppp/8/8/3qN3/8/PPPP1PPP/R1BQKBNR w KQkq - 1 4,d8d4
28,EulerE,mbkk94,481,471,rnb1kbnr/ppp1pppp/8/8/3qN3/5P2/PPPP2PP/R1BQKBNR b KQkq - 0 4,f2f3
28,EulerE,mbkk94,481,471,rnb1kbnr/ppp1p1pp/8/5p2/3qN3/5P2/PPPP2PP/R1BQKBNR w KQkq - 0 5,f7f5
28,EulerE,mbkk94,481,471,rnb1kbnr/ppp1p1pp/8/5p2/3qN3/2P2P2/PP1P2PP/R1BQKBNR b KQkq - 0 5,c2c3
28,EulerE,mbkk94,481,471,rnb1kbnr/ppp1p1pp/8/4qp2/4N3/2P2P2/PP1P2PP/R1BQKBNR w KQkq - 1 6,d4e5
28,EulerE,mbkk94,481,471,rnb1kbnr/ppp1p1pp/8/4qp2/4N3/2PP1P2/PP4PP/R1BQKBNR b KQkq - 0 6,d2d3
28,EulerE,mbkk94,481,471,rnb1kbnr/ppp1p1pp/8/4q3/4p3/2PP1P2/PP4PP/R1BQKBNR w KQkq - 0 7,f5e4
28,EulerE,mbkk94,481,471,rnb1kbnr/ppp1p1pp/8/4q3/4P3/2P2P2/PP4PP/R1BQKBNR b KQkq - 0 7,d3e4
28,EulerE,mbkk94,481,471,rnb1kbnr/ppp3pp/4p3/4q3/4P3/2P2P2/PP4PP/R1BQKBNR w KQkq - 0 8,e7e6
28,EulerE,mbkk94,481,471,rnb1kbnr/ppp3pp/4p3/4q3/2B1P3/2P2P2/PP4PP/R1BQK1NR b KQkq - 1 8,f1c4
28,EulerE,mbkk94,481,471,rnb1kbnr/ppp3pp/4p3/6q1/2B1P3/2P2P2/PP4PP/R1BQK1NR w KQkq - 2 9,e5g5
28,EulerE,mbkk94,481,471,rnb1kbnr/ppp3pp/4p3/6q1/P1B1P3/2P2P2/1P4PP/R1BQK1NR b KQkq - 0 9,a2a4
28,EulerE,mbkk94,481,471,rnb1kbnr/ppp3pp/4p3/8/P1B1P3/2P2P2/1P4qP/R1BQK1NR w KQkq - 0 10,g5g2
28,EulerE,mbkk94,481,471,rnb1kbnr/ppp3pp/4p3/1B6/P3P3/2P2P2/1P4qP/R1BQK1NR b KQkq - 1 10,c4b5
28,EulerE,mbkk94,481,471,r1b1kbnr/pppn2pp/4p3/1B6/P3P3/2P2P2/1P4qP/R1BQK1NR w KQkq - 2 11,b8d7
28,EulerE,mbkk94,481,471,r1b1kbnr/pppB2pp/4p3/8/P3P3/2P2P2/1P4qP/R1BQK1NR b KQkq - 0 11,b5d7
28,EulerE,mbkk94,481,471,r3kbnr/pppb2pp/4p3/8/P3P3/2P2P2/1P4qP/R1BQK1NR w KQkq - 0 12,c8d7
28,EulerE,mbkk94,481,471,r3kbnr/pppb2pp/4p3/8/P3P3/2P2P2/1P2Q1qP/R1B1K1NR b KQkq - 1 12,d1e2
28,EulerE,mbkk94,481,471,r3kbnr/pppb2pp/4p3/8/P3P3/2P2P2/1P2Q2P/R1B1K1Nq w Qkq - 0 13,g2h1
28,EulerE,mbkk94,481,471,r3kbnr/pppb2pp/4p3/8/P3P3/2P2P2/1P2Q2P/R1B2KNq b kq - 1 13,e1f1
28,EulerE,mbkk94,481,471,r3kbnr/p1pb2pp/4p3/1p6/P3P3/2P2P2/1P2Q2P/R1B2KNq w kq - 0 14,b7b5
28,EulerE,mbkk94,481,471,r3kbnr/p1pb2pp/4p3/1P6/4P3/2P2P2/1P2Q2P/R1B2KNq b kq - 0 14,a4b5
28,EulerE,mbkk94,481,471,r3k1nr/p1pb2pp/4p3/1Pb5/4P3/2P2P2/1P2Q2P/R1B2KNq w kq - 1 15,f8c5
28,EulerE,mbkk94,481,471,r3k1nr/p1pb2pp/4p3/1Pb5/4P3/2P1BP2/1P2Q2P/R4KNq b kq - 2 15,c1e3
28,EulerE,mbkk94,481,471,r3k1nr/p1pb2pp/3bp3/1P6/4P3/2P1BP2/1P2Q2P/R4KNq w kq - 3 16,c5d6
28,EulerE,mbkk94,481,471,r3k1nr/p1pb2pp/3bp3/1P6/4P3/2P1BP2/1P1Q3P/R4KNq b kq - 4 16,e2d2
28,EulerE,mbkk94,481,471,r5nr/p1pbk1pp/3bp3/1P6/4P3/2P1BP2/1P1Q3P/R4KNq w - - 5 17,e8e7
28,EulerE,mbkk94,481,471,r5nr/p1pbk1pp/3bp3/1P6/4P3/2P1BP2/1P1Q3P/3R1KNq b - - 6 17,a1d1
28,EulerE,mbkk94,481,471,1r4nr/p1pbk1pp/3bp3/1P6/4P3/2P1BP2/1P1Q3P/3R1KNq w - - 7 18,a8b8
28,EulerE,mbkk94,481,471,1r4nr/p1pbk1pp/3bp3/1PB5/4P3/2P2P2/1P1Q3P/3R1KNq b - - 8 18,e3c5
28,EulerE,mbkk94,481,471,1r4nr/p1p1k1pp/3bp3/1bB5/4P3/2P2P2/1P1Q3P/3R1KNq w - - 0 19,d7b5
28,EulerE,mbkk94,481,471,1r4nr/p1p1k1pp/3bp3/1bB5/4P3/2P2P2/1P1Q1K1P/3R2Nq b - - 1 19,f1f2
28,EulerE,mbkk94,481,471,1r4nr/p1p1k1pp/4p3/1bb5/4P3/2P2P2/1P1Q1K1P/3R2Nq w - - 0 20,d6c5
28,EulerE,mbkk94,481,471,1r4nr/p1p1k1pp/4p3/1bb5/4P3/2P2P2/1P1Q3P/3RK1Nq b - - 1 20,f2e1
28,EulerE,mbkk94,481,471,1r4nr/p1p1k1pp/4p3/1bb5/4P3/2P2P2/1P1Q3P/3RK1q1 w - - 0 21,h1g1
29,EulerE,toto7100,488,430,rnbqkbnr/pppppppp/8/8/4P3/8/PPPP1PPP/RNBQKBNR b KQkq - 0 1,e2e4
29,EulerE,toto7100,488,430,r1bqkbnr/pppppppp/2n5/8/4P3/8/PPPP1PPP/RNBQKBNR w KQkq - 1 2,b8c6
29,EulerE,toto7100,488,430,r1bqkbnr/pppppppp/2n5/8/4P3/5N2/PPPP1PPP/RNBQKB1R b KQkq - 2 2,g1f3
29,EulerE,toto7100,488,430,r1bqkbnr/pppppppp/8/8/1n2P3/5N2/PPPP1PPP/RNBQKB1R w KQkq - 3 3,c6b4
29,EulerE,toto7100,488,430,r1bqkbnr/pppppppp/8/8/1n2P3/2P2N2/PP1P1PPP/RNBQKB1R b KQkq - 0 3,c2c3
29,EulerE,toto7100,488,430,r1bqkbnr/pppp1ppp/4p3/8/1n2P3/2P2N2/PP1P1PPP/RNBQKB1R w KQkq - 0 4,e7e6
29,EulerE,toto7100,488,430,r1bqkbnr/pppp1ppp/4p3/8/1n2P3/P1P2N2/1P1P1PPP/RNBQKB1R b KQkq - 0 4,a2a3
29,EulerE,toto7100,488,430,r1bqkbnr/pppp1ppp/4p3/8/4P3/P1Pn1N2/1P1P1PPP/RNBQKB1R w KQkq - 1 5,b4d3
29,EulerE,toto7100,488,430,r1bqkbnr/pppp1ppp/4p3/8/4P3/P1PB1N2/1P1P1PPP/RNBQK2R b KQkq - 0 5,f1d3
29,EulerE,toto7100,488,430,r1bqk1nr/pppp1ppp/4p3/2b5/4P3/P1PB1N2/1P1P1PPP/RNBQK2R w KQkq - 1 6,f8c5
29,EulerE,toto7100,488,430,r1bqk1nr/pppp1ppp/4p3/2b5/4P3/P1PB1N2/1P1P1PPP/RNBQ1RK1 b kq - 2 6,e1g1
29,EulerE,toto7100,488,430,r1b1k1nr/pppp1ppp/4pq2/2b5/4P3/P1PB1N2/1P1P1PPP/RNBQ1RK1 w kq - 3 7,d8f6
29,EulerE,toto7100,488,430,r1b1k1nr/pppp1ppp/4pq2/2b5/1P2P3/P1PB1N2/3P1PPP/RNBQ1RK1 b kq - 0 7,b2b4
29,EulerE,toto7100,488,430,r1b1k1nr/pppp1ppp/3bpq2/8/1P2P3/P1PB1N2/3P1PPP/RNBQ1RK1 w kq - 1 8,c5d6
29,EulerE,toto7100,488,430,r1b1k1nr/pppp1ppp/3bpq2/8/1P2P3/P1PB1N2/1B1P1PPP/RN1Q1RK1 b kq - 2 8,c1b2
29,EulerE,toto7100,488,430,r1b1k1nr/pppp1ppp/3bp3/8/1P2Pq2/P1PB1N2/1B1P1PPP/RN1Q1RK1 w kq - 3 9,f6f4
29,EulerE,toto7100,488,430,r1b1k1nr/pppp1ppp/3bp3/8/1PP1Pq2/P2B1N2/1B1P1PPP/RN1Q1RK1 b kq - 0 9,c3c4
29,EulerE,toto7100,488,430,r1b1k1nr/pppp1ppp/3bp3/8/1PP1P3/P2B1N2/1B1P1PPq/RN1Q1RK1 w kq - 0 10,f4h2
29,EulerE,toto7100,488,430,r1b1k1nr/pppp1ppp/3bp3/8/1PP1P3/P2B4/1B1P1PPN/RN1Q1RK1 b kq - 0 10,f3h2
29,EulerE,toto7100,488,430,r1b1k1nr/pppp1ppp/4p3/8/1PP1P3/P2B4/1B1P1PPb/RN1Q1RK1 w kq - 0 11,d6h2
29,EulerE,toto7100,488,430,r1b1k1nr/pppp1ppp/4p3/8/1PP1P3/P2B4/1B1P1PPK/RN1Q1R2 b kq - 0 11,g1h2
29,EulerE,toto7100,488,430,r1b1k2r/pppp1ppp/4pn2/8/1PP1P3/P2B4/1B1P1PPK/RN1Q1R2 w kq - 1 12,g8f6
29,EulerE,toto7100,488,430,r1b1k2r/pppp1ppp/4pn2/8/1PP1P3/P2B4/1B1P1PPK/RN1QR3 b kq - 2 12,f1e1
29,EulerE,toto7100,488,430,r1b1k2r/pppp1pp1/4pn2/7p/1PP1P3/P2B4/1B1P1PPK/RN1QR3 w kq - 0 13,h7h5
29,EulerE,toto7100,488,430,r1b1k2r/pppp1pp1/4pn2/4P2p/1PP5/P2B4/1B1P1PPK/RN1QR3 b kq - 0 13,e4e5
29,EulerE,toto7100,488,430,r1b1k2r/pppp1pp1/4p3/4P2p/1PP3n1/P2B4/1B1P1PPK/RN1QR3 w kq - 1 14,f6g4
29,EulerE,toto7100,488,430,r1b1k2r/pppp1pp1/4p3/4P2p/1PP3n1/P2B4/1B1P1PP1/RN1QR1K1 b kq - 2 14,h2g1
29,EulerE,toto7100,488,430,r1b1k2r/pppp2p1/4p3/4Pp1p/1PP3n1/P2B4/1B1P1PP1/RN1QR1K1 w kq f6 0 15,f7f5
29,EulerE,toto7100,488,430,r1b1k2r/pppp2p1/4p3/4Pp1p/1PP3n1/P2B1P2/1B1P2P1/RN1QR1K1 b kq - 0 15,f2f3
29,EulerE,toto7100,488,430,r1b1k2r/pppp2p1/4p2n/4Pp1p/1PP5/P2B1P2/1B1P2P1/RN1QR1K1 w kq - 1 16,g4h6
29,EulerE,toto7100,488,430,r1b1k2r/pppp2p1/4p2n/4Pp1p/1PP5/P1NB1P2/1B1P2P1/R2QR1K1 b kq - 2 16,b1c3
29,EulerE,toto7100,488,430,r1b1k2r/pppp4/4p1pn/4Pp1p/1PP5/P1NB1P2/1B1P2P1/R2QR1K1 w kq - 0 17,g7g6
29,EulerE,toto7100,488,430,r1b1k2r/pppp4/4p1pn/1N2Pp1p/1PP5/P2B1P2/1B1P2P1/R2QR1K1 b kq - 1 17,c3b5
29,EulerE,toto7100,488,430,r1b1k2r/pp1p4/2p1p1pn/1N2Pp1p/1PP5/P2B1P2/1B1P2P1/R2QR1K1 w kq - 0 18,c7c6
29,EulerE,toto7100,488,430,r1b1k2r/ppNp4/2p1p1pn/4Pp1p/1PP5/P2B1P2/1B1P2P1/R2QR1K1 b kq - 1 18,b5c7
29,EulerE,toto7100,488,430,r1bk3r/ppNp4/2p1p1pn/4Pp1p/1PP5/P2B1P2/1B1P2P1/R2QR1K1 w - - 2 19,e8d8
29,EulerE,toto7100,488,430,N1bk3r/pp1p4/2p1p1pn/4Pp1p/1PP5/P2B1P2/1B1P2P1/R2QR1K1 b - - 0 19,c7a8
29,EulerE,toto7100,488,430,N1bk3r/p2p4/1pp1p1pn/4Pp1p/1PP5/P2B1P2/1B1P2P1/R2QR1K1 w - - 0 20,b7b6
29,EulerE,toto7100,488,430,N1bk3r/p2p4/1pp1p1pn/4Pp1p/1PP5/P4P2/1BBP2P1/R2QR1K1 b - - 1 20,d3c2
29,EulerE,toto7100,488,430,N2k3r/pb1p4/1pp1p1pn/4Pp1p/1PP5/P4P2/1BBP2P1/R2QR1K1 w - - 2 21,c8b7
29,EulerE,toto7100,488,430,N2k3r/pb1p4/1pp1p1pn/4Pp1p/1PP5/P2P1P2/1BB3P1/R2QR1K1 b - - 0 21,d2d3
29,EulerE,toto7100,488,430,b2k3r/p2p4/1pp1p1pn/4Pp1p/1PP5/P2P1P2/1BB3P1/R2QR1K1 w - - 0 22,b7a8
29,EulerE,toto7100,488,430,b2k3r/p2p4/1pp1p1pn/4Pp1p/1PP5/P2P1P2/2B3P1/R1BQR1K1 b - - 1 22,b2c1
29,EulerE,toto7100,488,430,b2k3r/p2p1n2/1pp1p1p1/4Pp1p/1PP5/P2P1P2/2B3P1/R1BQR1K1 w - - 2 23,h6f7
29,EulerE,toto7100,488,430,b2k3r/p2p1n2/1pp1p1p1/2P1Pp1p/1P6/P2P1P2/2B3P1/R1BQR1K1 b - - 0 23,c4c5
29,EulerE,toto7100,488,430,b2k3r/p2p1n2/2p1p1p1/2p1Pp1p/1P6/P2P1P2/2B3P1/R1BQR1K1 w - - 0 24,b6c5
29,EulerE,toto7100,488,430,b2k3r/p2p1n2/2p1p1p1/1Pp1Pp1p/8/P2P1P2/2B3P1/R1BQR1K1 b - - 0 24,b4b5
29,EulerE,toto7100,488,430,b2k3r/p2p1n2/4p1p1/1pp1Pp1p/8/P2P1P2/2B3P1/R1BQR1K1 w - - 0 25,c6b5
29,EulerE,toto7100,488,430,b2k3r/p2p1n2/4p1p1/1pp1Pp1p/8/P2P1P2/2B3P1/1RBQR1K1 b - - 1 25,a1b1
29,EulerE,toto7100,488,430,b2k3r/3p1n2/p3p1p1/1pp1Pp1p/8/P2P1P2/2B3P1/1RBQR1K1 w - - 0 26,a7a6
29,EulerE,toto7100,488,430,b2k3r/3p1n2/p3p1p1/1pp1Pp1p/P7/3P1P2/2B3P1/1RBQR1K1 b - - 0 26,a3a4
29,EulerE,toto7100,488,430,b6r/3pkn2/p3p1p1/1pp1Pp1p/P7/3P1P2/2B3P1/1RBQR1K1 w - - 1 27,d8e7
29,EulerE,toto7100,488,430,b6r/3pkn2/p3p1p1/1Pp1Pp1p/8/3P1P2/2B3P1/1RBQR1K1 b - - 0 27,a4b5
29,EulerE,toto7100,488,430,b6r/3pkn2/4p1p1/1pp1Pp1p/8/3P1P2/2B3P1/1RBQR1K1 w - - 0 28,a6b5
29,EulerE,toto7100,488,430,b6r/3pkn2/4p1p1/1Rp1Pp1p/8/3P1P2/2B3P1/2BQR1K1 b - - 0 28,b1b5
29,EulerE,toto7100,488,430,b6r/4kn2/3pp1p1/1Rp1Pp1p/8/3P1P2/2B3P1/2BQR1K1 w - - 0 29,d7d6
29,EulerE,toto7100,488,430,b6r/4kn2/3pp1p1/R1p1Pp1p/8/3P1P2/2B3P1/2BQR1K1 b - - 1 29,b5a5
29,EulerE,toto7100,488,430,b6r/4kn2/4p1p1/R1p1pp1p/8/3P1P2/2B3P1/2BQR1K1 w - - 0 30,d6e5
29,EulerE,toto7100,488,430,b6r/4kn2/4p1p1/R1p1pp1p/8/3P1P2/6P1/1BBQR1K1 b - - 1 30,c2b1
29,EulerE,toto7100,488,430,b1r5/4kn2/4p1p1/R1p1pp1p/8/3P1P2/6P1/1BBQR1K1 w - - 2 31,h8c8
29,EulerE,toto7100,488,430,b1r5/4kn2/4p1p1/R1p1pp1p/Q7/3P1P2/6P1/1BB1R1K1 b - - 3 31,d1a4
29,EulerE,toto7100,488,430,2r5/4kn2/4p1p1/R1pbpp1p/Q7/3P1P2/6P1/1BB1R1K1 w - - 4 32,a8d5
29,EulerE,toto7100,488,430,R1r5/4kn2/4p1p1/2pbpp1p/Q7/3P1P2/6P1/1BB1R1K1 b - - 5 32,a5a8
29,EulerE,toto7100,488,430,r7/4kn2/4p1p1/2pbpp1p/Q7/3P1P2/6P1/1BB1R1K1 w - - 0 33,c8a8
29,EulerE,toto7100,488,430,r7/4kn2/4p1p1/1Qpbpp1p/8/3P1P2/6P1/1BB1R1K1 b - - 1 33,a4b5
29,EulerE,toto7100,488,430,8/4kn2/4p1p1/1Qpbpp1p/8/3P1P2/6P1/rBB1R1K1 w - - 2 34,a8a1
29,EulerE,toto7100,488,430,8/4kn2/4p1p1/2Qbpp1p/8/3P1P2/6P1/rBB1R1K1 b - - 0 34,b5c5
29,EulerE,toto7100,488,430,8/5n2/4pkp1/2Qbpp1p/8/3P1P2/6P1/rBB1R1K1 w - - 1 35,e7f6
29,EulerE,toto7100,488,430,8/5n2/4pkp1/2Qbpp1p/8/3P1P2/1B4P1/rB2R1K1 b - - 2 35,c1b2
29,EulerE,toto7100,488,430,r7/5n2/4pkp1/2Qbpp1p/8/3P1P2/1B4P1/1B2R1K1 w - - 3 36,a1a8
29,EulerE,toto7100,488,430,r7/2Q2n2/4pkp1/3bpp1p/8/3P1P2/1B4P1/1B2R1K1 b - - 4 36,c5c7
29,EulerE,toto7100,488,430,8/2Q2n2/4pkp1/3bpp1p/r7/3P1P2/1B4P1/1B2R1K1 w - - 5 37,a8a4
29,EulerE,toto7100,488,430,8/2Q2n2/4pkp1/3bRp1p/r7/3P1P2/1B4P1/1B4K1 b - - 0 37,e1e5
29,EulerE,toto7100,488,430,8/2Q2nk1/4p1p1/3bRp1p/r7/3P1P2/1B4P1/1B4K1 w - - 1 38,f6g7
29,EulerE,toto7100,488,430,8/2Q2nk1/4p1p1/3R1p1p/r7/3P1P2/1B4P1/1B4K1 b - - 0 38,e5d5
30,PedroShow99,EulerE,433,495,rnbqkbnr/pppppppp/8/8/3P4/8/PPP1PPPP/RNBQKBNR b KQkq - 0 1,d2d4
30,PedroShow99,EulerE,433,495,rnbqkbnr/ppp1pppp/8/3p4/3P4/8/PPP1PPPP/RNBQKBNR w KQkq - 0 2,d7d5
30,PedroShow99,EulerE,433,495,rnbqkbnr/ppp1pppp/8/3p4/3P4/5N2/PPP1PPPP/RNBQKB1R b KQkq - 1 2,g1f3
30,PedroShow99,EulerE,433,495,r1bqkbnr/ppp1pppp/2n5/3p4/3P4/5N2/PPP1PPPP/RNBQKB1R w KQkq - 2 3,b8c6
30,PedroShow99,EulerE,433,495,r1bqkbnr/ppp1pppp/2n5/3p4/3P4/2N2N2/PPP1PPPP/R1BQKB1R b KQkq - 3 3,b1c3
30,PedroShow99,EulerE,433,495,r2qkbnr/ppp1pppp/2n1b3/3p4/3P4/2N2N2/PPP1PPPP/R1BQKB1R w KQkq - 4 4,c8e6
30,PedroShow99,EulerE,433,495,r2qkbnr/ppp1pppp/2n1b3/3p4/3P4/2N1BN2/PPP1PPPP/R2QKB1R b KQkq - 5 4,c1e3
30,PedroShow99,EulerE,433,495,r2qkbnr/ppp1p1pp/2n1b3/3p1p2/3P4/2N1BN2/PPP1PPPP/R2QKB1R w KQkq - 0 5,f7f5
30,PedroShow99,EulerE,433,495,r2qkbnr/ppp1p1pp/2n1b3/3p1p2/3P3P/2N1BN2/PPP1PPP1/R2QKB1R b KQkq - 0 5,h2h4
30,PedroShow99,EulerE,433,495,r2qkbnr/ppp1pbpp/2n5/3p1p2/3P3P/2N1BN2/PPP1PPP1/R2QKB1R w KQkq - 1 6,e6f7
30,PedroShow99,EulerE,433,495,r2qkbnr/ppp1pbpp/2n5/3p1p2/3P3P/2N1BNP1/PPP1PP2/R2QKB1R b KQkq - 0 6,g2g3
30,PedroShow99,EulerE,433,495,r2qkbnr/ppp2bpp/2n1p3/3p1p2/3P3P/2N1BNP1/PPP1PP2/R2QKB1R w KQkq - 0 7,e7e6
30,PedroShow99,EulerE,433,495,r2qkbnr/ppp2bpp/2n1p3/3p1p2/3P3P/2N1BNPB/PPP1PP2/R2QK2R b KQkq - 1 7,f1h3
30,PedroShow99,EulerE,433,495,r2qkb1r/ppp2bpp/2n1p2n/3p1p2/3P3P/2N1BNPB/PPP1PP2/R2QK2R w KQkq - 2 8,g8h6
30,PedroShow99,EulerE,433,495,r2qkb1r/ppp2bpp/2n1p2n/3p1p2/3P2PP/2N1BN1B/PPP1PP2/R2QK2R b KQkq - 0 8,g3g4
30,PedroShow99,EulerE,433,495,r2qkb1r/ppp2bpp/2n1p2n/3p4/3P2pP/2N1BN1B/PPP1PP2/R2QK2R w KQkq - 0 9,f5g4
30,PedroShow99,EulerE,433,495,r2qkb1r/ppp2bpp/2n1p2n/3p2B1/3P2pP/2N2N1B/PPP1PP2/R2QK2R b KQkq - 1 9,e3g5
30,PedroShow99,EulerE,433,495,r2qkb1r/ppp2bpp/2n1p2n/3p2B1/3P3P/2N2p1B/PPP1PP2/R2QK2R w KQkq - 0 10,g4f3
30,PedroShow99,EulerE,433,495,r2Bkb1r/ppp2bpp/2n1p2n/3p4/3P3P/2N2p1B/PPP1PP2/R2QK2R b KQkq - 0 10,g5d8
30,PedroShow99,EulerE,433,495,r2k1b1r/ppp2bpp/2n1p2n/3p4/3P3P/2N2p1B/PPP1PP2/R2QK2R w KQ - 0 11,e8d8
30,PedroShow99,EulerE,433,495,r2k1b1r/ppp2bpp/2n1p2n/3p4/3P3P/2N2P1B/PPP2P2/R2QK2R b KQ - 0 11,e2f3
30,PedroShow99,EulerE,433,495,r2k3r/ppp1bbpp/2n1p2n/3p4/3P3P/2N2P1B/PPP2P2/R2QK2R w KQ - 1 12,f8e7
30,PedroShow99,EulerE,433,495,r2k3r/ppp1bbpp/2n1p2n/3p4/3P3P/2N2P1B/PPP1KP2/R2Q3R b - - 2 12,e1e2
30,PedroShow99,EulerE,433,495,r2k3r/ppp2bpp/2n1p2n/3p4/3P3b/2N2P1B/PPP1KP2/R2Q3R w - - 0 13,e7h4
30,PedroShow99,EulerE,433,495,r2k3r/ppp2bpp/2n1p2n/3p4/3P3b/2N2P1B/PPP1KP2/R2Q2R1 b - - 1 13,h1g1
30,PedroShow99,EulerE,433,495,r2k3r/ppp2bpp/2n1p3/3p1n2/3P3b/2N2P1B/PPP1KP2/R2Q2R1 w - - 2 14,h6f5
30,PedroShow99,EulerE,433,495,r2k3r/ppp2bpp/2n1p3/3p1n2/3P1P1b/2N4B/PPP1KP2/R2Q2R1 b - - 0 14,f3f4
30,PedroShow99,EulerE,433,495,r2k3r/ppp2b1p/2n1p1p1/3p1n2/3P1P1b/2N4B/PPP1KP2/R2Q2R1 w - - 0 15,g7g6
30,PedroShow99,EulerE,433,495,r2k3r/ppp2b1p/2n1p1p1/3p1n2/3P1P1b/2N2P1B/PPP1K3/R2Q2R1 b - - 0 15,f2f3
30,PedroShow99,EulerE,433,495,r2k2r1/ppp2b1p/2n1p1p1/3p1n2/3P1P1b/2N2P1B/PPP1K3/R2Q2R1 w - - 1 16,h8g8
30,PedroShow99,EulerE,433,495,r2k2r1/ppp2b1p/2n1p1p1/3p1n2/3P1PRb/2N2P1B/PPP1K3/R2Q4 b - - 2 16,g1g4
30,PedroShow99,EulerE,433,495,r2k2r1/ppp2b1p/4p1p1/3p1n2/1n1P1PRb/2N2P1B/PPP1K3/R2Q4 w - - 3 17,c6b4
30,PedroShow99,EulerE,433,495,r2k2r1/ppp2b1p/4p1p1/3p1n2/1n1P1P1R/2N2P1B/PPP1K3/R2Q4 b - - 0 17,g4h4
30,PedroShow99,EulerE,433,495,r2k2r1/ppp2b1p/4p1p1/3p4/1n1P1P1n/2N2P1B/PPP1K3/R2Q4 w - - 0 18,f5h4
30,PedroShow99,EulerE,433,495,r2k2r1/ppp2b1p/4p1p1/1N1p4/1n1P1P1n/5P1B/PPP1K3/R2Q4 b - - 1 18,c3b5
30,PedroShow99,EulerE,433,495,r2k2r1/p1p2b1p/1p2p1p1/1N1p4/1n1P1P1n/5P1B/PPP1K3/R2Q4 w - - 0 19,b7b6
30,PedroShow99,EulerE,433,495,r2k2r1/p1p2b1p/1p2p1p1/1N1p4/1n1P1P1n/2P2P1B/PP2K3/R2Q4 b - - 0 19,c2c3
30,PedroShow99,EulerE,433,495,r2k2r1/p1p2b1p/1pn1p1p1/1N1p4/3P1P1n/2P2P1B/PP2K3/R2Q4 w - - 1 20,b4c6
30,PedroShow99,EulerE,433,495,r2k2r1/p1p2b1p/1pn1p1p1/1N1p4/2PP1P1n/5P1B/PP2K3/R2Q4 b - - 0 20,c3c4
30,PedroShow99,EulerE,433,495,r2k2r1/p1p2b1p/1pn1p1p1/1N1p1n2/2PP1P2/5P1B/PP2K3/R2Q4 w - - 1 21,h4f5
30,PedroShow99,EulerE,433,495,r2k2r1/p1p2b1p/1pn1p1p1/1N1P1n2/3P1P2/5P1B/PP2K3/R2Q4 b - - 0 21,c4d5
30,PedroShow99,EulerE,433,495,r2k2r1/p1p2b1p/1pn3p1/1N1p1n2/3P1P2/5P1B/PP2K3/R2Q4 w - - 0 22,e6d5
30,PedroShow99,EulerE,433,495,r2k2r1/p1p2b1p/1pn3p1/1N1p1n2/3P1P2/5P1B/PP2K3/2RQ4 b - - 1 22,a1c1
30,PedroShow99,EulerE,433,495,r2kb1r1/p1p4p/1pn3p1/1N1p1n2/3P1P2/5P1B/PP2K3/2RQ4 w - - 2 23,f7e8
30,PedroShow99,EulerE,433,495,r2kb1r1/p1p4p/1pn3p1/1N1p1n2/P2P1P2/5P1B/1P2K3/2RQ4 b - - 0 23,a2a4
30,PedroShow99,EulerE,433,495,r2kb1r1/p1p4p/1pn3p1/1N1p4/P2n1P2/5P1B/1P2K3/2RQ4 w - - 0 24,f5d4
30,PedroShow99,EulerE,433,495,r2kb1r1/p1p4p/1pn3p1/3p4/P2N1P2/5P1B/1P2K3/2RQ4 b - - 0 24,b5d4
30,PedroShow99,EulerE,433,495,r2kb1r1/p1p4p/1p4p1/3p4/P2n1P2/5P1B/1P2K3/2RQ4 w - - 0 25,c6d4
30,PedroShow99,EulerE,433,495,r2kb1r1/p1p4p/1p4p1/3p4/P2Q1P2/5P1B/1P2K3/2R5 b - - 0 25,d1d4
30,PedroShow99,EulerE,433,495,r2kb1r1/p6p/1pp3p1/3p4/P2Q1P2/5P1B/1P2K3/2R5 w - - 0 26,c7c6
30,PedroShow99,EulerE,433,495,r2kb1r1/p6p/1pR3p1/3p4/P2Q1P2/5P1B/1P2K3/8 b - - 0 26,c1c6
30,PedroShow99,EulerE,433,495,r2k2r1/p6p/1pb3p1/3p4/P2Q1P2/5P1B/1P2K3/8 w - - 0 27,e8c6
30,PedroShow99,EulerE,433,495,r2k2r1/p6p/1pb2Qp1/3p4/P4P2/5P1B/1P2K3/8 b - - 1 27,d4f6
30,PedroShow99,EulerE,433,495,r5r1/p1k4p/1pb2Qp1/3p4/P4P2/5P1B/1P2K3/8 w - - 2 28,d8c7
30,PedroShow99,EulerE,433,495,r5r1/p1k4p/1pb1Q1p1/3p4/P4P2/5P1B/1P2K3/8 b - - 3 28,f6e6
30,PedroShow99,EulerE,433,495,r3r3/p1k4p/1pb1Q1p1/3p4/P4P2/5P1B/1P2K3/8 w - - 4 29,g8e8
30,PedroShow99,EulerE,433,495,r3r3/p1k4p/1pb3p1/3p4/P4P2/4QP1B/1P2K3/8 b - - 5 29,e6e3
30,PedroShow99,EulerE,433,495,r3r3/p1k4p/1p4p1/3p4/b4P2/4QP1B/1P2K3/8 w - - 0 30,c6a4
30,PedroShow99,EulerE,433,495,r3r3/p1k4p/1p2B1p1/3p4/b4P2/4QP2/1P2K3/8 b - - 1 30,h3e6
30,PedroShow99,EulerE,433,495,r3r3/p1k4p/1p2B1p1/1b1p4/5P2/4QP2/1P2K3/8 w - - 2 31,a4b5
30,PedroShow99,EulerE,433,495,r3r3/p1k4p/1p2B1p1/1b1p4/5P2/4QP2/1P3K2/8 b - - 3 31,e2f2
30,PedroShow99,EulerE,433,495,r3r3/p6p/1p1kB1p1/1b1p4/5P2/4QP2/1P3K2/8 w - - 4 32,c7d6
30,PedroShow99,EulerE,433,495,r3r3/p6p/1p1kB1p1/1b1p1P2/8/4QP2/1P3K2/8 b - - 0 32,f4f5
30,PedroShow99,EulerE,433,495,r3r3/p6p/1p1kB3/1b1p1p2/8/4QP2/1P3K2/8 w - - 0 33,g6f5
30,PedroShow99,EulerE,433,495,r3r3/p6p/1p1kB3/1b1p1p2/5Q2/5P2/1P3K2/8 b - - 1 33,e3f4
30,PedroShow99,EulerE,433,495,r3r3/p6p/1p2k3/1b1p1p2/5Q2/5P2/1P3K2/8 w - - 0 34,d6e6
30,PedroShow99,EulerE,433,495,r3r3/p6p/1p2k3/1b1p1p2/8/4QP2/1P3K2/8 b - - 1 34,f4e3
30,PedroShow99,EulerE,433,495,r3r3/p6p/1p1k4/1b1p1p2/8/4QP2/1P3K2/8 w - - 2 35,e6d6
30,PedroShow99,EulerE,433,495,r3r3/p6p/1p1k4/1b1p1p2/5P2/4Q3/1P3K2/8 b - - 0 35,f3f4
30,PedroShow99,EulerE,433,495,r7/p6p/1p1k4/1b1p1p2/5P2/4r3/1P3K2/8 w - - 0 36,e8e3
30,PedroShow99,EulerE,433,495,r7/p6p/1p1k4/1b1p1p2/5P2/4K3/1P6/8 b - - 0 36,f2e3
30,PedroShow99,EulerE,433,495,4r3/p6p/1p1k4/1b1p1p2/5P2/4K3/1P6/8 w - - 1 37,a8e8
30,PedroShow99,EulerE,433,495,4r3/p6p/1p1k4/1b1p1p2/5P2/5K2/1P6/8 b - - 2 37,e3f3
30,PedroShow99,EulerE,433,495,4r3/p7/1p1k4/1b1p1p1p/5P2/5K2/1P6/8 w - - 0 38,h7h5
30,PedroShow99,EulerE,433,495,4r3/p7/1p1k4/1b1p1p1p/5P2/6K1/1P6/8 b - - 1 38,f3g3
30,PedroShow99,EulerE,433,495,7r/p7/1p1k4/1b1p1p1p/5P2/6K1/1P6/8 w - - 2 39,e8h8
30,PedroShow99,EulerE,433,495,7r/p7/1p1k4/1b1p1p1p/5P1K/8/1P6/8 b - - 3 39,g3h4
30,PedroShow99,EulerE,433,495,7r/8/1p1k4/pb1p1p1p/5P1K/8/1P6/8 w - - 0 40,a7a5
30,PedroShow99,EulerE,433,495,7r/8/1p1k4/pb1p1pKp/5P2/8/1P6/8 b - - 1 40,h4g5
30,PedroShow99,EulerE,433,495,7r/8/1p1k4/pb3pKp/3p1P2/8/1P6/8 w - - 0 41,d5d4
30,PedroShow99,EulerE,433,495,7r/8/1p1k4/pb3K1p/3p1P2/8/1P6/8 b - - 0 41,g5f5
30,PedroShow99,EulerE,433,495,7r/8/1p1k4/pb3K1p/5P2/3p4/1P6/8 w - - 0 42,d4d3
30,PedroShow99,EulerE,433,495,7r/8/1p1k4/pb5p/4KP2/3p4/1P6/8 b - - 1 42,f5e4
30,PedroShow99,EulerE,433,495,7r/8/1p1k4/pb5p/4KP2/8/1P1p4/8 w - - 0 43,d3d2
30,PedroShow99,EulerE,433,495,7r/8/1p1k4/pb5p/5P2/4K3/1P1p4/8 b - - 1 43,e4e3
30,PedroShow99,EulerE,433,495,7r/8/1p1k4/pb5p/5P2/4K3/1P6/3q4 w - - 0 44,d2d1q
30,PedroShow99,EulerE,433,495,7r/8/1p1k4/pb5p/1P3P2/4K3/8/3q4 b - - 0 44,b2b4
30,PedroShow99,EulerE,433,495,7r/8/1p1k4/1b5p/1p3P2/4K3/8/3q4 w - - 0 45,a5b4
30,PedroShow99,EulerE,433,495,7r/8/1p1k4/1b3P1p/1p6/4K3/8/3q4 b - - 0 45,f4f5
30,PedroShow99,EulerE,433,495,5r2/8/1p1k4/1b3P1p/1p6/4K3/8/3q4 w - - 1 46,h8f8
30,PedroShow99,EulerE,433,495,5r2/8/1p1k4/1b3P1p/1p3K2/8/8/3q4 b - - 2 46,e3f4
30,PedroShow99,EulerE,433,495,5r2/8/1p1k4/1b3P1p/5K2/1p6/8/3q4 w - - 0 47,b4b3
30,PedroShow99,EulerE,433,495,5r2/8/1p1k4/1b3PKp/8/1p6/8/3q4 b - - 1 47,f4g5
30,PedroShow99,EulerE,433,495,8/8/1p1k4/1b3rKp/8/1p6/8/3q4 w - - 0 48,f8f5
30,PedroShow99,EulerE,433,495,8/8/1p1k4/1b3K1p/8/1p6/8/3q4 b - - 0 48,g5f5
30,PedroShow99,EulerE,433,495,8/8/1p1k4/1b3K1p/8/8/1p6/3q4 w - - 0 49,b3b2
30,PedroShow99,EulerE,433,495,8/8/1p1k4/1b4Kp/8/8/1p6/3q4 b - - 1 49,f5g5
30,PedroShow99,EulerE,433,495,8/8/1p1k4/1b1q2Kp/8/8/1p6/8 w - - 2 50,d1d5
30,PedroShow99,EulerE,433,495,8/8/1p1k4/1b1q3p/7K/8/1p6/8 b - - 3 50,g5h4
30,PedroShow99,EulerE,433,495,8/8/1p1k4/1b1q3p/7K/8/8/1q6 w - - 0 51,b2b1q
30,PedroShow99,EulerE,433,495,8/8/1p1k4/1b1q3p/8/7K/8/1q6 b - - 1 51,h4h3
30,PedroShow99,EulerE,433,495,8/8/1p1k4/1b5p/3q4/7K/8/1q6 w - - 2 52,d5d4
30,PedroShow99,EulerE,433,495,8/8/1p1k4/1b5p/3q4/8/6K1/1q6 b - - 3 52,h3g2
30,PedroShow99,EulerE,433,495,8/8/1p1k4/1b5p/3q4/1q6/6K1/8 w - - 4 53,b1b3
30,PedroShow99,EulerE,433,495,8/8/1p1k4/1b5p/3q4/1q6/8/7K b - - 5 53,g2h1
30,PedroShow99,EulerE,433,495,8/8/1p1k4/1b5p/8/1q6/3q4/7K w - - 6 54,d4d2
30,PedroShow99,EulerE,433,495,8/8/1p1k4/1b5p/8/1q6/3q4/6K1 b - - 7 54,h1g1
30,PedroShow99,EulerE,433,495,8/8/1p1k4/1b5p/8/8/3q4/1q4K1 w - - 8 55,b3b1
31,jomamafat3,EulerE,485,503,rnbqkbnr/pppppppp/8/8/3P4/8/PPP1PPPP/RNBQKBNR b KQkq - 0 1,d2d4
31,jomamafat3,EulerE,485,503,rnbqkbnr/ppp1pppp/8/3p4/3P4/8/PPP1PPPP/RNBQKBNR w KQkq - 0 2,d7d5
31,jomamafat3,EulerE,485,503,rnbqkbnr/ppp1pppp/8/3p4/3PP3/8/PPP2PPP/RNBQKBNR b KQkq - 0 2,e2e4
31,jomamafat3,EulerE,485,503,rnbqkbnr/ppp1pppp/8/8/3Pp3/8/PPP2PPP/RNBQKBNR w KQkq - 0 3,d5e4
31,jomamafat3,EulerE,485,503,rnbqkbnr/ppp1pppp/8/8/3Pp3/5P2/PPP3PP/RNBQKBNR b KQkq - 0 3,f2f3
31,jomamafat3,EulerE,485,503,rnbqkbnr/ppp1pppp/8/8/3P4/5p2/PPP3PP/RNBQKBNR w KQkq - 0 4,e4f3
31,jomamafat3,EulerE,485,503,rnbqkbnr/ppp1pppp/8/8/3P4/5N2/PPP3PP/RNBQKB1R b KQkq - 0 4,g1f3
31,jomamafat3,EulerE,485,503,rn1qkbnr/ppp1pppp/8/8/3P2b1/5N2/PPP3PP/RNBQKB1R w KQkq - 1 5,c8g4
31,jomamafat3,EulerE,485,503,rn1qkbnr/ppp1pppp/8/8/3P2b1/5N2/PPP1Q1PP/RNB1KB1R b KQkq - 2 5,d1e2
31,jomamafat3,EulerE,485,503,rn1qkbnr/ppp1p1pp/8/5p2/3P2b1/5N2/PPP1Q1PP/RNB1KB1R w KQkq - 0 6,f7f5
31,jomamafat3,EulerE,485,503,rn1qkbnr/ppp1p1pp/8/5p2/3P2b1/5N1P/PPP1Q1P1/RNB1KB1R b KQkq - 0 6,h2h3
31,jomamafat3,EulerE,485,503,rn1qkbnr/ppp1p1pp/8/5p1b/3P4/5N1P/PPP1Q1P1/RNB1KB1R w KQkq - 1 7,g4h5
31,jomamafat3,EulerE,485,503,rn1qkbnr/ppp1p1pp/8/5p1b/3P4/2N2N1P/PPP1Q1P1/R1B1KB1R b KQkq - 2 7,b1c3
31,jomamafat3,EulerE,485,503,rn1qkb1r/ppp1p1pp/5n2/5p1b/3P4/2N2N1P/PPP1Q1P1/R1B1KB1R w KQkq - 3 8,g8f6
31,jomamafat3,EulerE,485,503,rn1qkb1r/ppp1p1pp/5n2/5p1b/3P2P1/2N2N1P/PPP1Q3/R1B1KB1R b KQkq - 0 8,g2g4
31,jomamafat3,EulerE,485,503,rn1qkb1r/ppp1p1pp/5n2/7b/3P2p1/2N2N1P/PPP1Q3/R1B1KB1R w KQkq - 0 9,f5g4
31,jomamafat3,EulerE,485,503,rn1qkb1r/ppp1p1pp/5n2/7b/3P2P1/2N2N2/PPP1Q3/R1B1KB1R b KQkq - 0 9,h3g4
31,jomamafat3,EulerE,485,503,rn1qkb1r/ppp1p1pp/5n2/8/3P2b1/2N2N2/PPP1Q3/R1B1KB1R w KQkq - 0 10,h5g4
31,jomamafat3,EulerE,485,503,rn1qkb1r/ppp1p1pp/5n2/8/3P2b1/2N2N2/PPP1Q3/R1B1KBR1 b Qkq - 1 10,h1g1
31,jomamafat3,EulerE,485,503,r2qkb1r/ppp1p1pp/2n2n2/8/3P2b1/2N2N2/PPP1Q3/R1B1KBR1 w Qkq - 2 11,b8c6
31,jomamafat3,EulerE,485,503,r2qkb1r/ppp1p1pp/2n2n2/8/3P2b1/1PN2N2/P1P1Q3/R1B1KBR1 b Qkq - 0 11,b2b3
31,jomamafat3,EulerE,485,503,r2qkb1r/ppp1p1pp/5n2/8/3n2b1/1PN2N2/P1P1Q3/R1B1KBR1 w Qkq - 0 12,c6d4
31,jomamafat3,EulerE,485,503,r2qkb1r/ppp1p1pp/5n2/8/3n2b1/1PN2NR1/P1P1Q3/R1B1KB2 b Qkq - 1 12,g1g3
31,jomamafat3,EulerE,485,503,r2qkb1r/ppp1p1pp/5n2/8/3n4/1PN2bR1/P1P1Q3/R1B1KB2 w Qkq - 0 13,g4f3
31,jomamafat3,EulerE,485,503,r2qkb1r/ppp1p1pp/5n2/8/2Qn4/1PN2bR1/P1P5/R1B1KB2 b Qkq - 1 13,e2c4
31,jomamafat3,EulerE,485,503,r2qkb1r/ppp1p1pp/5n2/8/2Q5/1PN2bR1/P1n5/R1B1KB2 w Qkq - 0 14,d4c2
31,jomamafat3,EulerE,485,503,r2qkb1r/ppp1p1pp/5n2/8/2Q5/1PN2bR1/P1n2K2/R1B2B2 b kq - 1 14,e1f2
31,jomamafat3,EulerE,485,503,r2qkb1r/ppp1p1pp/5n2/8/2Q5/1PN2bR1/P4K2/n1B2B2 w kq - 0 15,c2a1
31,jomamafat3,EulerE,485,503,r2qkb1r/ppp1p1pp/5n2/1Q6/8/1PN2bR1/P4K2/n1B2B2 b kq - 1 15,c4b5
31,jomamafat3,EulerE,485,503,r2qkb1r/ppp1p1pp/2b2n2/1Q6/8/1PN3R1/P4K2/n1B2B2 w kq - 2 16,f3c6
31,jomamafat3,EulerE,485,503,r2qkb1r/ppp1p1pp/2b2n2/1Q6/8/1PNR4/P4K2/n1B2B2 b kq - 3 16,g3d3
31,jomamafat3,EulerE,485,503,r2qkb1r/pppnp1pp/2b5/1Q6/8/1PNR4/P4K2/n1B2B2 w kq - 4 17,f6d7
31,jomamafat3,EulerE,485,503,r2qkb1r/pppnp1pp/2b5/7Q/8/1PNR4/P4K2/n1B2B2 b kq - 5 17,b5h5
31,jomamafat3,EulerE,485,503,r2qkb1r/pppnp2p/2b3p1/7Q/8/1PNR4/P4K2/n1B2B2 w kq - 0 18,g7g6
31,jomamafat3,EulerE,485,503,r2qkb1r/pppnp2p/2b3p1/8/7Q/1PNR4/P4K2/n1B2B2 b kq - 1 18,h5h4
31,jomamafat3,EulerE,485,503,r2qk2r/pppnp1bp/2b3p1/8/7Q/1PNR4/P4K2/n1B2B2 w kq - 2 19,f8g7
31,jomamafat3,EulerE,485,503,r2qk2r/pppnp1bp/2b3p1/8/7Q/1PN2R2/P4K2/n1B2B2 b kq - 3 19,d3f3
31,jomamafat3,EulerE,485,503,r2qkr2/pppnp1bp/2b3p1/8/7Q/1PN2R2/P4K2/n1B2B2 w q - 4 20,h8f8
31,jomamafat3,EulerE,485,503,r2qkr2/pppnp1bQ/2b3p1/8/8/1PN2R2/P4K2/n1B2B2 b q - 0 20,h4h7
31,jomamafat3,EulerE,485,503,r2qkr2/ppp1p1bQ/2b2np1/8/8/1PN2R2/P4K2/n1B2B2 w q - 1 21,d7f6
31,jomamafat3,EulerE,485,503,r2qkr2/ppp1p1Q1/2b2np1/8/8/1PN2R2/P4K2/n1B2B2 b q - 0 21,h7g7
31,jomamafat3,EulerE,485,503,r2qkr2/ppp1p1Q1/5np1/8/8/1PN2b2/P4K2/n1B2B2 w q - 0 22,c6f3
31,jomamafat3,EulerE,485,503,r2qkr2/ppp1p1Q1/5np1/8/8/1PN2K2/P7/n1B2B2 b q - 0 22,f2f3
31,jomamafat3,EulerE,485,503,r2qk3/ppp1prQ1/5np1/8/8/1PN2K2/P7/n1B2B2 w q - 1 23,f8f7
31,jomamafat3,EulerE,485,503,r2qk3/ppp1prQ1/5npB/8/8/1PN2K2/P7/n4B2 b q - 2 23,c1h6
31,jomamafat3,EulerE,485,503,r2qk3/ppp1p1r1/5npB/8/8/1PN2K2/P7/n4B2 w q - 0 24,f7g7
31,jomamafat3,EulerE,485,503,r2qk3/ppp1p1B1/5np1/8/8/1PN2K2/P7/n4B2 b q - 0 24,h6g7
31,jomamafat3,EulerE,485,503,r3k3/ppp1p1B1/5np1/8/8/1PN2K2/P2q4/n4B2 w q - 1 25,d8d2
31,jomamafat3,EulerE,485,503,r3k3/ppp1p1B1/5np1/1N6/8/1P3K2/P2q4/n4B2 b q - 2 25,c3b5
31,jomamafat3,EulerE,485,503,r7/ppp1pkB1/5np1/1N6/8/1P3K2/P2q4/n4B2 w - - 3 26,e8f7
31,jomamafat3,EulerE,485,503,r6B/ppp1pk2/5np1/1N6/8/1P3K2/P2q4/n4B2 b - - 4 26,g7h8
31,jomamafat3,EulerE,485,503,7r/ppp1pk2/5np1/1N6/8/1P3K2/P2q4/n4B2 w - - 0 27,a8h8
31,jomamafat3,EulerE,485,503,7r/ppN1pk2/5np1/8/8/1P3K2/P2q4/n4B2 b - - 0 27,b5c7
31,jomamafat3,EulerE,485,503,8/ppN1pk2/5np1/8/7r/1P3K2/P2q4/n4B2 w - - 1 28,h8h4
31,jomamafat3,EulerE,485,503,8/ppN1pk2/5np1/8/1P5r/5K2/P2q4/n4B2 b - - 0 28,b3b4
31,jomamafat3,EulerE,485,503,8/ppN1pk2/5np1/8/1P5r/3q1K2/P7/n4B2 w - - 1 29,d2d3
31,jomamafat3,EulerE,485,503,8/ppN1pk2/5np1/8/1P5r/3q4/P4K2/n4B2 b - - 2 29,f3f2
31,jomamafat3,EulerE,485,503,8/ppN1pk2/5np1/8/1P5r/7q/P4K2/n4B2 w - - 3 30,d3h3
31,jomamafat3,EulerE,485,503,8/ppN1pk2/5np1/8/1P5r/7B/P4K2/n7 b - - 0 30,f1h3
31,jomamafat3,EulerE,485,503,8/ppN1pk2/5np1/8/1P6/7r/P4K2/n7 w - - 0 31,h4h3
31,jomamafat3,EulerE,485,503,8/ppN1pk2/5np1/8/1P6/7r/P5K1/n7 b - - 1 31,f2g2
31,jomamafat3,EulerE,485,503,8/ppN1pk2/5np1/7r/1P6/8/P5K1/n7 w - - 2 32,h3h5
31,jomamafat3,EulerE,485,503,8/pp2pk2/5np1/1N5r/1P6/8/P5K1/n7 b - - 3 32,c7b5
31,jomamafat3,EulerE,485,503,8/pp2pk2/6p1/1N1n3r/1P6/8/P5K1/n7 w - - 4 33,f6d5
31,jomamafat3,EulerE,485,503,8/Np2pk2/6p1/3n3r/1P6/8/P5K1/n7 b - - 0 33,b5a7
31,jomamafat3,EulerE,485,503,8/Np2pk2/6p1/7r/1n6/8/P5K1/n7 w - - 0 34,d5b4
31,jomamafat3,EulerE,485,503,2N5/1p2pk2/6p1/7r/1n6/8/P5K1/n7 b - - 1 34,a7c8
31,jomamafat3,EulerE,485,503,2N5/1p3k2/4p1p1/7r/1n6/8/P5K1/n7 w - - 0 35,e7e6
31,jomamafat3,EulerE,485,503,8/1p3k2/3Np1p1/7r/1n6/8/P5K1/n7 b - - 1 35,c8d6
31,jomamafat3,EulerE,485,503,8/1p2k3/3Np1p1/7r/1n6/8/P5K1/n7 w - - 2 36,f7e7
31,jomamafat3,EulerE,485,503,2N5/1p2k3/4p1p1/7r/1n6/8/P5K1/n7 b - - 3 36,d6c8
31,jomamafat3,EulerE,485,503,2N5/1p1k4/4p1p1/7r/1n6/8/P5K1/n7 w - - 4 37,e7d7
31,jomamafat3,EulerE,485,503,8/1p1k4/1N2p1p1/7r/1n6/8/P5K1/n7 b - - 5 37,c8b6
31,jomamafat3,EulerE,485,503,8/1p6/1Nk1p1p1/7r/1n6/8/P5K1/n7 w - - 6 38,d7c6
31,jomamafat3,EulerE,485,503,8/1p6/2k1p1p1/7r/1nN5/8/P5K1/n7 b - - 7 38,b6c4
31,jomamafat3,EulerE,485,503,8/1p6/2k1p1p1/7r/2N5/8/n5K1/n7 w - - 0 39,b4a2
31,jomamafat3,EulerE,485,503,8/1p6/2k1p1p1/N6r/8/8/n5K1/n7 b - - 1 39,c4a5
31,jomamafat3,EulerE,485,503,8/1p6/1k2p1p1/N6r/8/8/n5K1/n7 w - - 2 40,c6b6
31,jomamafat3,EulerE,485,503,8/1p6/1k2p1p1/7r/2N5/8/n5K1/n7 b - - 3 40,a5c4
31,jomamafat3,EulerE,485,503,8/1p6/2k1p1p1/7r/2N5/8/n5K1/n7 w - - 4 41,b6c6
31,jomamafat3,EulerE,485,503,8/1p6/2k1p1p1/7r/2N5/6K1/n7/n7 b - - 5 41,g2g3
31,jomamafat3,EulerE,485,503,8/8/2k1p1p1/1p5r/2N5/6K1/n7/n7 w - - 0 42,b7b5
31,jomamafat3,EulerE,485,503,8/8/2k1p1p1/1p5r/8/4N1K1/n7/n7 b - - 1 42,c4e3
31,jomamafat3,EulerE,485,503,8/8/4p1p1/1pk4r/8/4N1K1/n7/n7 w - - 2 43,c6c5
31,jomamafat3,EulerE,485,503,8/8/4p1p1/1pk4r/8/6K1/n7/n2N4 b - - 3 43,e3d1
31,jomamafat3,EulerE,485,503,8/8/4p1p1/2k4r/1p6/6K1/n7/n2N4 w - - 0 44,b5b4
31,jomamafat3,EulerE,485,503,8/8/4p1p1/2k4r/1p6/8/n4K2/n2N4 b - - 1 44,g3f2
31,jomamafat3,EulerE,485,503,8/8/4p1p1/7r/1pk5/8/n4K2/n2N4 w - - 2 45,c5c4
31,jomamafat3,EulerE,485,503,8/8/4p1p1/7r/1pk5/8/n5K1/n2N4 b - - 3 45,f2g2
31,jomamafat3,EulerE,485,503,8/8/4p1p1/7r/2k5/1p6/n5K1/n2N4 w - - 0 46,b4b3
31,jomamafat3,EulerE,485,503,8/8/4p1p1/7r/2k5/1p6/n4K2/n2N4 b - - 1 46,g2f2
31,jomamafat3,EulerE,485,503,8/8/4p1p1/7r/2k5/1pn5/5K2/n2N4 w - - 2 47,a2c3
31,jomamafat3,EulerE,485,503,8/8/4p1p1/7r/2k5/1pn5/1N3K2/n7 b - - 3 47,d1b2
31,jomamafat3,EulerE,485,503,8/8/4p1p1/7r/1k6/1pn5/1N3K2/n7 w - - 4 48,c4b4
31,jomamafat3,EulerE,485,503,8/8/4p1p1/7r/1k6/1pnN4/5K2/n7 b - - 5 48,b2d3
31,jomamafat3,EulerE,485,503,8/8/4p1p1/7r/8/kpnN4/5K2/n7 w - - 6 49,b4a3
32,GOKHAN3459,EulerE,475,494,rnbqkbnr/pppppppp/8/8/4P3/8/PPPP1PPP/RNBQKBNR b KQkq - 0 1,e2e4
32,GOKHAN3459,EulerE,475,494,rnbqkbnr/pppp1ppp/8/4p3/4P3/8/PPPP1PPP/RNBQKBNR w KQkq - 0 2,e7e5
32,GOKHAN3459,EulerE,475,494,rnbqkbnr/pppp1ppp/8/4p2Q/4P3/8/PPPP1PPP/RNB1KBNR b KQkq - 1 2,d1h5
32,GOKHAN3459,EulerE,475,494,r1bqkbnr/pppp1ppp/2n5/4p2Q/4P3/8/PPPP1PPP/RNB1KBNR w KQkq - 2 3,b8c6
32,GOKHAN3459,EulerE,475,494,r1bqkbnr/pppp1ppp/2n5/4p2Q/1P2P3/8/P1PP1PPP/RNB1KBNR b KQkq - 0 3,b2b4
32,GOKHAN3459,EulerE,475,494,r1bqkbnr/pppp1p1p/2n3p1/4p2Q/1P2P3/8/P1PP1PPP/RNB1KBNR w KQkq - 0 4,g7g6
32,GOKHAN3459,EulerE,475,494,r1bqkbnr/pppp1p1p/2n3p1/4p3/1P2P3/7Q/P1PP1PPP/RNB1KBNR b KQkq - 1 4,h5h3
32,GOKHAN3459,EulerE,475,494,r1bqkbnr/p1pp1p1p/2n3p1/1p2p3/1P2P3/7Q/P1PP1PPP/RNB1KBNR w KQkq - 0 5,b7b5
32,GOKHAN3459,EulerE,475,494,r1bqkbnr/p1pp1p1p/2n3p1/1p2p3/1P2P3/2P4Q/P2P1PPP/RNB1KBNR b KQkq - 0 5,c2c3
32,GOKHAN3459,EulerE,475,494,r2qkbnr/p1pp1p1p/b1n3p1/1p2p3/1P2P3/2P4Q/P2P1PPP/RNB1KBNR w KQkq - 1 6,c8a6
32,GOKHAN3459,EulerE,475,494,r2qkbnr/p1pp1p1p/b1n3p1/1p2p3/1P2P3/P1P4Q/3P1PPP/RNB1KBNR b KQkq - 0 6,a2a3
32,GOKHAN3459,EulerE,475,494,r3kbnr/p1pp1p1p/b1n3p1/1p2p1q1/1P2P3/P1P4Q/3P1PPP/RNB1KBNR w KQkq - 1 7,d8g5
32,GOKHAN3459,EulerE,475,494,r3kbnr/p1pp1p1p/b1n3p1/1p2p1q1/1P2P3/P1P2N1Q/3P1PPP/RNB1KB1R b KQkq - 2 7,g1f3
32,GOKHAN3459,EulerE,475,494,r3kbnr/p1ppqp1p/b1n3p1/1p2p3/1P2P3/P1P2N1Q/3P1PPP/RNB1KB1R w KQkq - 3 8,g5e7
32,GOKHAN3459,EulerE,475,494,r3kbnr/p1ppqp1p/b1n3p1/1p2p3/1P2P3/P1PP1N1Q/5PPP/RNB1KB1R b KQkq - 0 8,d2d3
32,GOKHAN3459,EulerE,475,494,2kr1bnr/p1ppqp1p/b1n3p1/1p2p3/1P2P3/P1PP1N1Q/5PPP/RNB1KB1R w KQ - 1 9,e8c8
32,GOKHAN3459,EulerE,475,494,2kr1bnr/p1ppqp1p/b1n3p1/1p2p3/1P2P3/P1PP1NPQ/5P1P/RNB1KB1R b KQ - 0 9,g2g3
32,GOKHAN3459,EulerE,475,494,2kr1b1r/p1ppqp1p/b1n2np1/1p2p3/1P2P3/P1PP1NPQ/5P1P/RNB1KB1R w KQ - 1 10,g8f6
32,GOKHAN3459,EulerE,475,494,2kr1b1r/p1ppqp1p/b1n2np1/1p2p1B1/1P2P3/P1PP1NPQ/5P1P/RN2KB1R b KQ - 2 10,c1g5
32,GOKHAN3459,EulerE,475,494,2kr3r/p1ppqpbp/b1n2np1/1p2p1B1/1P2P3/P1PP1NPQ/5P1P/RN2KB1R w KQ - 3 11,f8g7
32,GOKHAN3459,EulerE,475,494,2kr3r/p1ppqpbp/b1n2np1/1p2p1B1/1P2P3/P1PP2PQ/3N1P1P/RN2KB1R b KQ - 4 11,f3d2
32,GOKHAN3459,EulerE,475,494,2k3rr/p1ppqpbp/b1n2np1/1p2p1B1/1P2P3/P1PP2PQ/3N1P1P/RN2KB1R w KQ - 5 12,d8g8
32,GOKHAN3459,EulerE,475,494,2k3rr/p1ppqpbp/b1n2np1/1p2p1B1/1P2P3/P1PP1NPQ/5P1P/RN2KB1R b KQ - 6 12,d2f3
32,GOKHAN3459,EulerE,475,494,2k3rr/p1ppqpbp/b4np1/1p2p1B1/1P1nP3/P1PP1NPQ/5P1P/RN2KB1R w KQ - 7 13,c6d4
32,GOKHAN3459,EulerE,475,494,2k3rr/p1ppqpbp/b4np1/1p2p1B1/1P1NP3/P1PP2PQ/5P1P/RN2KB1R b KQ - 0 13,f3d4
32,GOKHAN3459,EulerE,475,494,2k3rr/p2pqpbp/b4np1/1pp1p1B1/1P1NP3/P1PP2PQ/5P1P/RN2KB1R w KQ - 0 14,c7c5
32,GOKHAN3459,EulerE,475,494,2k3rr/p2pqpbp/b4np1/1pp1p1B1/1P2P3/P1PP1NPQ/5P1P/RN2KB1R b KQ - 1 14,d4f3
32,GOKHAN3459,EulerE,475,494,2k3rr/p2pqpbp/b4np1/1p2p1B1/1Pp1P3/P1PP1NPQ/5P1P/RN2KB1R w KQ - 0 15,c5c4
32,GOKHAN3459,EulerE,475,494,2k3rr/p2pqpbp/b4np1/1p2p1B1/1PP1P3/P1P2NPQ/5P1P/RN2KB1R b KQ - 0 15,d3c4
32,GOKHAN3459,EulerE,475,494,2k3rr/p2pqpbp/b4np1/4p1B1/1Pp1P3/P1P2NPQ/5P1P/RN2KB1R w KQ - 0 16,b5c4
32,GOKHAN3459,EulerE,475,494,2k3rr/p2pqpbp/b4np1/4p1B1/1Pp1P3/P1P2NPQ/3N1P1P/R3KB1R b KQ - 1 16,b1d2
32,GOKHAN3459,EulerE,475,494,1k4rr/p2pqpbp/b4np1/4p1B1/1Pp1P3/P1P2NPQ/3N1P1P/R3KB1R w KQ - 2 17,c8b8
32,GOKHAN3459,EulerE,475,494,1k4rr/p2pqpbp/b4np1/4p1B1/1PB1P3/P1P2NPQ/3N1P1P/R3K2R b KQ - 0 17,f1c4
32,GOKHAN3459,EulerE,475,494,1k4rr/p2pqpbp/5np1/4p1B1/1Pb1P3/P1P2NPQ/3N1P1P/R3K2R w KQ - 0 18,a6c4
32,GOKHAN3459,EulerE,475,494,1k4rr/p2pqpbp/5np1/4p1B1/1PN1P3/P1P2NPQ/5P1P/R3K2R b KQ - 0 18,d2c4
32,GOKHAN3459,EulerE,475,494,1kr4r/p2pqpbp/5np1/4p1B1/1PN1P3/P1P2NPQ/5P1P/R3K2R w KQ - 1 19,g8c8
32,GOKHAN3459,EulerE,475,494,1kr4r/p2pqpbp/5np1/4p1B1/PPN1P3/2P2NPQ/5P1P/R3K2R b KQ - 0 19,a3a4
32,GOKHAN3459,EulerE,475,494,1k5r/p2pqpbp/5np1/4p1B1/PPr1P3/2P2NPQ/5P1P/R3K2R w KQ - 0 20,c8c4
32,GOKHAN3459,EulerE,475,494,1k5r/p2pqpbp/5np1/4p1B1/PPr1P3/2P2NPQ/5P1P/2R1K2R b K - 1 20,a1c1
32,GOKHAN3459,EulerE,475,494,1k5r/p2pqpbp/5np1/4p1B1/PP2r3/2P2NPQ/5P1P/2R1K2R w K - 0 21,c4e4
32,GOKHAN3459,EulerE,475,494,1k5r/p2pqpbp/5np1/4p1B1/PP2r3/2P2NPQ/3K1P1P/2R4R b - - 1 21,e1d2
32,GOKHAN3459,EulerE,475,494,1k5r/p2p1pbp/3q1np1/4p1B1/PP2r3/2P2NPQ/3K1P1P/2R4R w - - 2 22,e7d6
32,GOKHAN3459,EulerE,475,494,1k5r/p2p1pbp/3q1np1/4p1B1/PP2r3/2P2NPQ/2K2P1P/2R4R b - - 3 22,d2c2
32,GOKHAN3459,EulerE,475,494,1kr5/p2p1pbp/3q1np1/4p1B1/PP2r3/2P2NPQ/2K2P1P/2R4R w - - 4 23,h8c8
32,GOKHAN3459,EulerE,475,494,1kr5/p2p1pbp/3q1np1/4p1B1/PP2r3/2P2NPQ/2K2P1P/3R3R b - - 5 23,c1d1
32,GOKHAN3459,EulerE,475,494,1kr5/p2p1pbp/3q2p1/3np1B1/PP2r3/2P2NPQ/2K2P1P/3R3R w - - 6 24,f6d5
32,GOKHAN3459,EulerE,475,494,1kr5/p2p1pbp/3q2p1/P2np1B1/1P2r3/2P2NPQ/2K2P1P/3R3R b - - 0 24,a4a5
32,GOKHAN3459,EulerE,475,494,1kr5/p2p1pbp/3q2p1/P3p1B1/1P2r3/2n2NPQ/2K2P1P/3R3R w - - 0 25,d5c3
32,GOKHAN3459,EulerE,475,494,1kr5/p2p1pbp/3R2p1/P3p1B1/1P2r3/2n2NPQ/2K2P1P/7R b - - 0 25,d1d6
32,GOKHAN3459,EulerE,475,494,1kr5/p2p1pbp/3R2p1/P3p1B1/1P6/2n2NPQ/2K1rP1P/7R w - - 1 26,e4e2
32,GOKHAN3459,EulerE,475,494,1kr5/p2p1pbp/3R2p1/P3p1B1/1P6/1Kn2NPQ/4rP1P/7R b - - 2 26,c2b3
32,GOKHAN3459,EulerE,475,494,1kr5/p2p1pbp/3R2p1/P3p1B1/1P2n3/1K3NPQ/4rP1P/7R w - - 3 27,c3e4
32,GOKHAN3459,EulerE,475,494,1kr5/p2Q1pbp/3R2p1/P3p1B1/1P2n3/1K3NP1/4rP1P/7R b - - 0 27,h3d7
32,GOKHAN3459,EulerE,475,494,1kr5/p2Q1pbp/3n2p1/P3p1B1/1P6/1K3NP1/4rP1P/7R w - - 0 28,e4d6
32,GOKHAN3459,EulerE,475,494,1kr5/p4pbp/3Q2p1/P3p1B1/1P6/1K3NP1/4rP1P/7R b - - 0 28,d7d6
32,GOKHAN3459,EulerE,475,494,k1r5/p4pbp/3Q2p1/P3p1B1/1P6/1K3NP1/4rP1P/7R w - - 1 29,b8a8
32,GOKHAN3459,EulerE,475,494,k1r5/p4pbp/3Q2p1/P3p1B1/1P6/1K3NP1/4rP1P/4R3 b - - 2 29,h1e1
32,GOKHAN3459,EulerE,475,494,k1r5/p4pbp/3Q2p1/P3p1B1/1P6/1K3NP1/5P1P/4r3 w - - 0 30,e2e1
32,GOKHAN3459,EulerE,475,494,k1r5/p4pbp/3Q2p1/P3p1B1/1P6/1K4P1/5P1P/4N3 b - - 0 30,f3e1
32,GOKHAN3459,EulerE,475,494,k1r5/p4pb1/3Q2pp/P3p1B1/1P6/1K4P1/5P1P/4N3 w - - 0 31,h7h6
32,GOKHAN3459,EulerE,475,494,k1r5/p4pb1/3Q2pp/P3p3/1P6/1K2B1P1/5P1P/4N3 b - - 1 31,g5e3
32,GOKHAN3459,EulerE,475,494,k1r5/p4pb1/3Q2pp/P7/1P2p3/1K2B1P1/5P1P/4N3 w - - 0 32,e5e4
32,GOKHAN3459,EulerE,475,494,k1r5/p4pb1/3Q2pp/P7/1P2p3/1K2B1P1/2N2P1P/8 b - - 1 32,e1c2
32,GOKHAN3459,EulerE,475,494,k7/p4pb1/3Q2pp/P7/1P2p3/1Kr1B1P1/2N2P1P/8 w - - 2 33,c8c3
32,GOKHAN3459,EulerE,475,494,k7/p4pb1/3Q2pp/P7/1P2p3/2r1B1P1/1KN2P1P/8 b - - 3 33,b3b2
32,GOKHAN3459,EulerE,475,494,k7/p4pb1/3Q2pp/P7/1P2p3/4r1P1/1KN2P1P/8 w - - 0 34,c3e3
32,GOKHAN3459,EulerE,475,494,k7/p4pb1/3Q2pp/P7/1P2p3/4r1P1/2N2P1P/2K5 b - - 1 34,b2c1
32,GOKHAN3459,EulerE,475,494,k7/p4pb1/3Q2pp/P7/1P2p3/5rP1/2N2P1P/2K5 w - - 2 35,e3f3
32,GOKHAN3459,EulerE,475,494,k7/p4pb1/2Q3pp/P7/1P2p3/5rP1/2N2P1P/2K5 b - - 3 35,d6c6
32,GOKHAN3459,EulerE,475,494,1k6/p4pb1/2Q3pp/P7/1P2p3/5rP1/2N2P1P/2K5 w - - 4 36,a8b8
32,GOKHAN3459,EulerE,475,494,1k6/p4pb1/6pp/P7/1P2Q3/5rP1/2N2P1P/2K5 b - - 0 36,c6e4
32,GOKHAN3459,EulerE,475,494,1k6/p4pb1/6pp/P7/1P2Q3/6P1/2N2r1P/2K5 w - - 0 37,f3f2
32,GOKHAN3459,EulerE,475,494,1k6/p4pb1/6pp/P7/1P6/3Q2P1/2N2r1P/2K5 b - - 1 37,e4d3
32,GOKHAN3459,EulerE,475,494,1k6/p4pb1/6pp/P7/1P6/3Q2P1/2N4r/2K5 w - - 0 38,f2h2
32,GOKHAN3459,EulerE,475,494,1k1Q4/p4pb1/6pp/P7/1P6/6P1/2N4r/2K5 b - - 1 38,d3d8
32,GOKHAN3459,EulerE,475,494,3Q4/pk3pb1/6pp/P7/1P6/6P1/2N4r/2K5 w - - 2 39,b8b7
32,GOKHAN3459,EulerE,475,494,3Q4/pk3pb1/6pp/P7/1P1N4/6P1/7r/2K5 b - - 3 39,c2d4
32,GOKHAN3459,EulerE,475,494,3Q4/pk3p2/6pp/P7/1P1b4/6P1/7r/2K5 w - - 0 40,g7d4
32,GOKHAN3459,EulerE,475,494,8/pk3p2/6pp/P7/1P1Q4/6P1/7r/2K5 b - - 0 40,d8d4
32,GOKHAN3459,EulerE,475,494,8/pk3p2/6pp/P7/1P1Q4/6Pr/8/2K5 w - - 1 41,h2h3
32,GOKHAN3459,EulerE,475,494,8/pk3p2/6pp/P7/1P2Q3/6Pr/8/2K5 b - - 2 41,d4e4
32,GOKHAN3459,EulerE,475,494,8/p1k2p2/6pp/P7/1P2Q3/6Pr/8/2K5 w - - 3 42,b7c7
32,GOKHAN3459,EulerE,475,494,8/p1k2p2/6pp/P7/1P3Q2/6Pr/8/2K5 b - - 4 42,e4f4
32,GOKHAN3459,EulerE,475,494,8/p2k1p2/6pp/P7/1P3Q2/6Pr/8/2K5 w - - 5 43,c7d7
32,GOKHAN3459,EulerE,475,494,8/p2k1p2/6pp/P7/1P4Q1/6Pr/8/2K5 b - - 6 43,f4g4
32,GOKHAN3459,EulerE,475,494,8/p2k4/6pp/P4p2/1P4Q1/6Pr/8/2K5 w - - 0 44,f7f5
32,GOKHAN3459,EulerE,475,494,8/p2k4/6pp/P4p2/1P6/6PQ/8/2K5 b - - 0 44,g4h3
32,GOKHAN3459,EulerE,475,494,8/p2k4/7p/P4pp1/1P6/6PQ/8/2K5 w - - 0 45,g6g5
32,GOKHAN3459,EulerE,475,494,8/p2k4/7Q/P4pp1/1P6/6P1/8/2K5 b - - 0 45,h3h6
32,GOKHAN3459,EulerE,475,494,8/p2k4/7Q/P5p1/1P3p2/6P1/8/2K5 w - - 0 46,f5f4
32,GOKHAN3459,EulerE,475,494,8/p2k4/8/P5Q1/1P3p2/6P1/8/2K5 b - - 0 46,h6g5
32,GOKHAN3459,EulerE,475,494,8/p2k4/8/P5Q1/1P6/6p1/8/2K5 w - - 0 47,f4g3
32,GOKHAN3459,EulerE,475,494,8/p2k4/8/P7/1P6/6Q1/8/2K5 b - - 0 47,g5g3
32,GOKHAN3459,EulerE,475,494,8/p7/2k5/P7/1P6/6Q1/8/2K5 w - - 1 48,d7c6
32,GOKHAN3459,EulerE,475,494,8/p7/2k3Q1/P7/1P6/8/8/2K5 b - - 2 48,g3g6
32,GOKHAN3459,EulerE,475,494,8/p7/6Q1/Pk6/1P6/8/8/2K5 w - - 3 49,c6b5
32,GOKHAN3459,EulerE,475,494,8/p7/5Q2/Pk6/1P6/8/8/2K5 b - - 4 49,g6f6
32,GOKHAN3459,EulerE,475,494,8/p7/5Q2/P7/1k6/8/8/2K5 w - - 0 50,b5b4
32,GOKHAN3459,EulerE,475,494,8/p7/P4Q2/8/1k6/8/8/2K5 b - - 0 50,a5a6
32,GOKHAN3459,EulerE,475,494,8/p7/P4Q2/k7/8/8/8/2K5 w - - 1 51,b4a5
32,GOKHAN3459,EulerE,475,494,8/p7/P4Q2/k7/8/8/3K4/8 b - - 2 51,c1d2
32,GOKHAN3459,EulerE,475,494,8/p7/P4Q2/1k6/8/8/3K4/8 w - - 3 52,a5b5
32,GOKHAN3459,EulerE,475,494,8/p7/P4Q2/1k6/8/3K4/8/8 b - - 4 52,d2d3
32,GOKHAN3459,EulerE,475,494,8/p7/P4Q2/k7/8/3K4/8/8 w - - 5 53,b5a5
32,GOKHAN3459,EulerE,475,494,8/p7/P4Q2/k7/2K5/8/8/8 b - - 6 53,d3c4
32,GOKHAN3459,EulerE,475,494,8/p7/P4Q2/8/k1K5/8/8/8 w - - 7 54,a5a4
32,GOKHAN3459,EulerE,475,494,8/p4Q2/P7/8/k1K5/8/8/8 b - - 8 54,f6f7
32,GOKHAN3459,EulerE,475,494,8/p4Q2/P7/k7/2K5/8/8/8 w - - 9 55,a4a5
32,GOKHAN3459,EulerE,475,494,8/Q7/P7/k7/2K5/8/8/8 b - - 0 55,f7a7
32,GOKHAN3459,EulerE,475,494,8/Q7/P7/8/k1K5/8/8/8 w - - 1 56,a5a4
32,GOKHAN3459,EulerE,475,494,8/1Q6/P7/8/k1K5/8/8/8 b - - 2 56,a7b7
32,GOKHAN3459,EulerE,475,494,8/1Q6/P7/8/2K5/k7/8/8 w - - 3 57,a4a3
32,GOKHAN3459,EulerE,475,494,8/PQ6/8/8/2K5/k7/8/8 b - - 0 57,a6a7
32,GOKHAN3459,EulerE,475,494,8/PQ6/8/8/2K5/8/k7/8 w - - 1 58,a3a2
32,GOKHAN3459,EulerE,475,494,Q7/1Q6/8/8/2K5/8/k7/8 b - - 0 58,a7a8q
33,EulerE,Potpotpatipot,486,516,rnbqkbnr/pppppppp/8/8/4P3/8/PPPP1PPP/RNBQKBNR b KQkq - 0 1,e2e4
33,EulerE,Potpotpatipot,486,516,rnbqkbnr/pp1ppppp/8/2p5/4P3/8/PPPP1PPP/RNBQKBNR w KQkq - 0 2,c7c5
33,EulerE,Potpotpatipot,486,516,rnbqkbnr/pp1ppppp/8/2p5/4P3/5N2/PPPP1PPP/RNBQKB1R b KQkq - 1 2,g1f3
33,EulerE,Potpotpatipot,486,516,rnbqkb1r/pp1ppppp/5n2/2p5/4P3/5N2/PPPP1PPP/RNBQKB1R w KQkq - 2 3,g8f6
33,EulerE,Potpotpatipot,486,516,rnbqkb1r/pp1ppppp/5n2/2p5/4P1P1/5N2/PPPP1P1P/RNBQKB1R b KQkq - 0 3,g2g4
33,EulerE,Potpotpatipot,486,516,rnbqkb1r/pp2pppp/3p1n2/2p5/4P1P1/5N2/PPPP1P1P/RNBQKB1R w KQkq - 0 4,d7d6
33,EulerE,Potpotpatipot,486,516,rnbqkb1r/pp2pppp/3p1n2/2p5/4P1P1/5N1B/PPPP1P1P/RNBQK2R b KQkq - 1 4,f1h3
33,EulerE,Potpotpatipot,486,516,rnbqkb1r/pp2pp1p/3p1np1/2p5/4P1P1/5N1B/PPPP1P1P/RNBQK2R w KQkq - 0 5,g7g6
33,EulerE,Potpotpatipot,486,516,rnbqkb1r/pp2pp1p/3p1np1/2p5/2P1P1P1/5N1B/PP1P1P1P/RNBQK2R b KQkq - 0 5,c2c4
33,EulerE,Potpotpatipot,486,516,rnbqk2r/pp2ppbp/3p1np1/2p5/2P1P1P1/5N1B/PP1P1P1P/RNBQK2R w KQkq - 1 6,f8g7
33,EulerE,Potpotpatipot,486,516,rnbqk2r/pp2ppbp/3p1np1/2p5/2P1P1P1/2N2N1B/PP1P1P1P/R1BQK2R b KQkq - 2 6,b1c3
33,EulerE,Potpotpatipot,486,516,rnbq1rk1/pp2ppbp/3p1np1/2p5/2P1P1P1/2N2N1B/PP1P1P1P/R1BQK2R w KQ - 3 7,e8g8
33,EulerE,Potpotpatipot,486,516,rnbq1rk1/pp2ppbp/3p1np1/2p5/2P1P1P1/2N2N1B/PP1P1P1P/R1BQ1RK1 b - - 4 7,e1g1
33,EulerE,Potpotpatipot,486,516,rn1q1rk1/pp2ppbp/3p1np1/2p5/2P1P1b1/2N2N1B/PP1P1P1P/R1BQ1RK1 w - - 0 8,c8g4
33,EulerE,Potpotpatipot,486,516,rn1q1rk1/pp2ppbp/3p1np1/2p1P3/2P3b1/2N2N1B/PP1P1P1P/R1BQ1RK1 b - - 0 8,e4e5
33,EulerE,Potpotpatipot,486,516,rn1q1rk1/pp2ppbp/3p1np1/2p1P3/2P5/2N2N1b/PP1P1P1P/R1BQ1RK1 w - - 0 9,g4h3
33,EulerE,Potpotpatipot,486,516,rn1q1rk1/pp2ppbp/3p1np1/2p1P3/2P5/2N2N1b/PP1P1P1P/R1BQR1K1 b - - 1 9,f1e1
33,EulerE,Potpotpatipot,486,516,rn1q1rk1/pp2ppbp/3p2p1/2p1P3/2P3n1/2N2N1b/PP1P1P1P/R1BQR1K1 w - - 2 10,f6g4
33,EulerE,Potpotpatipot,486,516,rn1q1rk1/pp2ppbp/3P2p1/2p5/2P3n1/2N2N1b/PP1P1P1P/R1BQR1K1 b - - 0 10,e5d6
33,EulerE,Potpotpatipot,486,516,rn3rk1/pp2ppbp/3q2p1/2p5/2P3n1/2N2N1b/PP1P1P1P/R1BQR1K1 w - - 0 11,d8d6
33,EulerE,Potpotpatipot,486,516,rn3rk1/pp2ppbp/3q2p1/2p5/1PP3n1/2N2N1b/P2P1P1P/R1BQR1K1 b - - 0 11,b2b4
33,EulerE,Potpotpatipot,486,516,rn3rk1/pp2ppbp/3q2p1/8/1pP3n1/2N2N1b/P2P1P1P/R1BQR1K1 w - - 0 12,c5b4
33,EulerE,Potpotpatipot,486,516,rn3rk1/pp2ppbp/3q2p1/1N6/1pP3n1/5N1b/P2P1P1P/R1BQR1K1 b - - 1 12,c3b5
33,EulerE,Potpotpatipot,486,516,rn3rk1/pp2ppbp/5qp1/1N6/1pP3n1/5N1b/P2P1P1P/R1BQR1K1 w - - 2 13,d6f6
33,EulerE,Potpotpatipot,486,516,rn3rk1/pp2ppbp/5qp1/1N6/1pPN2n1/7b/P2P1P1P/R1BQR1K1 b - - 3 13,f3d4
33,EulerE,Potpotpatipot,486,516,rn3rk1/pp2ppbp/6p1/1N6/1pPN2n1/7b/P2P1q1P/R1BQR1K1 w - - 0 14,f6f2
33,EulerE,Potpotpatipot,486,516,rn3rk1/pp2ppbp/6p1/1N6/1pPN2n1/7b/P2P1q1P/R1BQR2K b - - 1 14,g1h1
33,EulerE,Potpotpatipot,486,516,rn3rk1/pp2ppbp/6p1/1N6/1pPN2n1/7b/P2P3q/R1BQR2K w - - 0 15,f2h2
34,ErMassimopazzo,EulerE,444,493,rnbqkbnr/pppppppp/8/8/4P3/8/PPPP1PPP/RNBQKBNR b KQkq - 0 1,e2e4
34,ErMassimopazzo,EulerE,444,493,rnbqkbnr/pppp1ppp/8/4p3/4P3/8/PPPP1PPP/RNBQKBNR w KQkq - 0 2,e7e5
34,ErMassimopazzo,EulerE,444,493,rnbqkbnr/pppp1ppp/8/4p3/3PP3/8/PPP2PPP/RNBQKBNR b KQkq - 0 2,d2d4
34,ErMassimopazzo,EulerE,444,493,rnbqkbnr/pppp1ppp/8/8/3pP3/8/PPP2PPP/RNBQKBNR w KQkq - 0 3,e5d4
34,ErMassimopazzo,EulerE,444,493,rnbqkbnr/pppp1ppp/8/8/3QP3/8/PPP2PPP/RNB1KBNR b KQkq - 0 3,d1d4
34,ErMassimopazzo,EulerE,444,493,rnbqkbnr/p1pp1ppp/1p6/8/3QP3/8/PPP2PPP/RNB1KBNR w KQkq - 0 4,b7b6
34,ErMassimopazzo,EulerE,444,493,rnbqkbnr/p1pp1ppp/1p6/8/4P3/8/PPP2PPP/RNBQKBNR b KQkq - 1 4,d4d1
34,ErMassimopazzo,EulerE,444,493,r1bqkbnr/p1pp1ppp/1pn5/8/4P3/8/PPP2PPP/RNBQKBNR w KQkq - 2 5,b8c6
34,ErMassimopazzo,EulerE,444,493,r1bqkbnr/p1pp1ppp/1pn5/1B6/4P3/8/PPP2PPP/RNBQK1NR b KQkq - 3 5,f1b5
34,ErMassimopazzo,EulerE,444,493,r1bqkbnr/p1pp1ppp/1p6/nB6/4P3/8/PPP2PPP/RNBQK1NR w KQkq - 4 6,c6a5
34,ErMassimopazzo,EulerE,444,493,r1bqkbnr/p1pp1ppp/1p6/nB2P3/8/8/PPP2PPP/RNBQK1NR b KQkq - 0 6,e4e5
34,ErMassimopazzo,EulerE,444,493,r1b1kbnr/p1ppqppp/1p6/nB2P3/8/8/PPP2PPP/RNBQK1NR w KQkq - 1 7,d8e7
34,ErMassimopazzo,EulerE,444,493,r1b1kbnr/p1ppqppp/1p2P3/nB6/8/8/PPP2PPP/RNBQK1NR b KQkq - 0 7,e5e6
34,ErMassimopazzo,EulerE,444,493,r1b1kbnr/p1pp1ppp/1p2q3/nB6/8/8/PPP2PPP/RNBQK1NR w KQkq - 0 8,e7e6
34,ErMassimopazzo,EulerE,444,493,r1b1kbnr/p1pp1ppp/1p2q3/nB6/8/8/PPP1NPPP/RNBQK2R b KQkq - 1 8,g1e2
34,ErMassimopazzo,EulerE,444,493,r1b1k1nr/p1pp1ppp/1p2q3/nBb5/8/8/PPP1NPPP/RNBQK2R w KQkq - 2 9,f8c5
34,ErMassimopazzo,EulerE,444,493,r1b1k1nr/p1pp1ppp/1p2q3/nBb5/8/8/PPP1NPPP/RNBQ1RK1 b kq - 3 9,e1g1
34,ErMassimopazzo,EulerE,444,493,r1b1k1nr/p2p1ppp/1pp1q3/nBb5/8/8/PPP1NPPP/RNBQ1RK1 w kq - 0 10,c7c6
34,ErMassimopazzo,EulerE,444,493,r1b1k1nr/p2p1ppp/1pp1q3/n1b5/8/3B4/PPP1NPPP/RNBQ1RK1 b kq - 1 10,b5d3
34,ErMassimopazzo,EulerE,444,493,r1b1k1nr/p2p1ppp/2p1q3/npb5/8/3B4/PPP1NPPP/RNBQ1RK1 w kq - 0 11,b6b5
34,ErMassimopazzo,EulerE,444,493,r1b1k1nr/p2p1ppp/2p1q3/npb5/8/3B4/PPP1NPPP/RNB1QRK1 b kq - 1 11,d1e1
34,ErMassimopazzo,EulerE,444,493,r1b1k1nr/p2p1ppp/2p2q2/npb5/8/3B4/PPP1NPPP/RNB1QRK1 w kq - 2 12,e6f6
34,ErMassimopazzo,EulerE,444,493,r1b1k1nr/p2p1ppp/2p2q2/npb5/5N2/3B4/PPP2PPP/RNB1QRK1 b kq - 3 12,e2f4
34,ErMassimopazzo,EulerE,444,493,r1b1k2r/p2pnppp/2p2q2/npb5/5N2/3B4/PPP2PPP/RNB1QRK1 w kq - 4 13,g8e7
34,ErMassimopazzo,EulerE,444,493,r1b1k2r/p2pnppp/2p2q2/npb4N/8/3B4/PPP2PPP/RNB1QRK1 b kq - 5 13,f4h5
34,ErMassimopazzo,EulerE,444,493,r1b1k2r/p2pnppp/2p2q2/np5N/8/3B4/PPP2bPP/RNB1QRK1 w kq - 0 14,c5f2
34,ErMassimopazzo,EulerE,444,493,r1b1k2r/p2pnppp/2p2q2/np5N/8/3B4/PPP2RPP/RNB1Q1K1 b kq - 0 14,f1f2
34,ErMassimopazzo,EulerE,444,493,r1b1k2r/p2pnppp/2p5/np5N/7q/3B4/PPP2RPP/RNB1Q1K1 w kq - 1 15,f6h4
34,ErMassimopazzo,EulerE,444,493,r1b1k2r/p2pnppp/2p5/np5N/7q/3B1R2/PPP3PP/RNB1Q1K1 b kq - 2 15,f2f3
34,ErMassimopazzo,EulerE,444,493,r1b1k2r/p2pnppp/2p5/np5N/8/3B1R2/PPP3PP/RNB1q1K1 w kq - 0 16,h4e1
34,ErMassimopazzo,EulerE,444,493,r1b1k2r/p2pnppp/2p5/np5N/8/3B4/PPP3PP/RNB1qRK1 b kq - 1 16,f3f1
35,EulerE,michelangeloarsi,501,495,rnbqkbnr/pppppppp/8/8/4P3/8/PPPP1PPP/RNBQKBNR b KQkq - 0 1,e2e4
35,EulerE,michelangeloarsi,501,495,rnbqkbnr/pppp1ppp/8/4p3/4P3/8/PPPP1PPP/RNBQKBNR w KQkq - 0 2,e7e5
35,EulerE,michelangeloarsi,501,495,rnbqkbnr/pppp1ppp/8/4p3/4P3/5N2/PPPP1PPP/RNBQKB1R b KQkq - 1 2,g1f3
35,EulerE,michelangeloarsi,501,495,rnbqkb1r/pppp1ppp/5n2/4p3/4P3/5N2/PPPP1PPP/RNBQKB1R w KQkq - 2 3,g8f6
35,EulerE,michelangeloarsi,501,495,rnbqkb1r/pppp1ppp/5n2/4p3/4P3/3P1N2/PPP2PPP/RNBQKB1R b KQkq - 0 3,d2d3
35,EulerE,michelangeloarsi,501,495,r1bqkb1r/pppp1ppp/2n2n2/4p3/4P3/3P1N2/PPP2PPP/RNBQKB1R w KQkq - 1 4,b8c6
35,EulerE,michelangeloarsi,501,495,r1bqkb1r/pppp1ppp/2n2n2/4p3/4P3/3P1N2/PPPQ1PPP/RNB1KB1R b KQkq - 2 4,d1d2
35,EulerE,michelangeloarsi,501,495,r1bqkb1r/pppp1ppp/5n2/4p3/1n2P3/3P1N2/PPPQ1PPP/RNB1KB1R w KQkq - 3 5,c6b4
35,EulerE,michelangeloarsi,501,495,r1bqkb1r/pppp1ppp/5n2/4p3/1n2P3/P2P1N2/1PPQ1PPP/RNB1KB1R b KQkq - 0 5,a2a3
35,EulerE,michelangeloarsi,501,495,r1bqkb1r/pppp1ppp/2n2n2/4p3/4P3/P2P1N2/1PPQ1PPP/RNB1KB1R w KQkq - 1 6,b4c6
35,EulerE,michelangeloarsi,501,495,r1bqkb1r/pppp1ppp/2n2n2/4p3/1P2P3/P2P1N2/2PQ1PPP/RNB1KB1R b KQkq - 0 6,b2b4
35,EulerE,michelangeloarsi,501,495,r1bqkb1r/p1pp1ppp/2n2n2/1p2p3/1P2P3/P2P1N2/2PQ1PPP/RNB1KB1R w KQkq - 0 7,b7b5
35,EulerE,michelangeloarsi,501,495,r1bqkb1r/p1pp1ppp/2n2n2/1p2p3/1P2P3/P2P1N1P/2PQ1PP1/RNB1KB1R b KQkq - 0 7,h2h3
35,EulerE,michelangeloarsi,501,495,r1bqkb1r/2pp1ppp/2n2n2/pp2p3/1P2P3/P2P1N1P/2PQ1PP1/RNB1KB1R w KQkq - 0 8,a7a5
35,EulerE,michelangeloarsi,501,495,r1bqkb1r/2pp1ppp/2n2n2/pp2p3/1P2P3/P2P1N1P/1BPQ1PP1/RN2KB1R b KQkq - 1 8,c1b2
35,EulerE,michelangeloarsi,501,495,r1bqkb1r/2pp1ppp/2n2n2/1p2p3/1p2P3/P2P1N1P/1BPQ1PP1/RN2KB1R w KQkq - 0 9,a5b4
35,EulerE,michelangeloarsi,501,495,r1bqkb1r/2pp1ppp/2n2n2/1p2p3/1P2P3/3P1N1P/1BPQ1PP1/RN2KB1R b KQkq - 0 9,a3b4
35,EulerE,michelangeloarsi,501,495,2bqkb1r/2pp1ppp/2n2n2/1p2p3/1P2P3/3P1N1P/1BPQ1PP1/rN2KB1R w Kk - 0 10,a8a1
35,EulerE,michelangeloarsi,501,495,2bqkb1r/2pp1ppp/2n2n2/1p2p3/1P2P3/3P1N1P/2PQ1PP1/BN2KB1R b Kk - 0 10,b2a1
35,EulerE,michelangeloarsi,501,495,2bqkb1r/2pp1ppp/5n2/1p2p3/1n2P3/3P1N1P/2PQ1PP1/BN2KB1R w Kk - 0 11,c6b4
35,EulerE,michelangeloarsi,501,495,2bqkb1r/2pp1ppp/5n2/1p2B3/1n2P3/3P1N1P/2PQ1PP1/1N2KB1R b Kk - 0 11,a1e5
35,EulerE,michelangeloarsi,501,495,2bqkb1r/2pp1ppp/2n2n2/1p2B3/4P3/3P1N1P/2PQ1PP1/1N2KB1R w Kk - 1 12,b4c6
35,EulerE,michelangeloarsi,501,495,2bqkb1r/2pp1ppp/2n2n2/1p2B3/3PP3/5N1P/2PQ1PP1/1N2KB1R b Kk - 0 12,d3d4
35,EulerE,michelangeloarsi,501,495,2bqkb1r/2pp1ppp/2n2n2/4B3/1p1PP3/5N1P/2PQ1PP1/1N2KB1R w Kk - 0 13,b5b4
35,EulerE,michelangeloarsi,501,495,2bqkb1r/2pp1ppp/2n2n2/1B2B3/1p1PP3/5N1P/2PQ1PP1/1N2K2R b Kk - 1 13,f1b5
35,EulerE,michelangeloarsi,501,495,3qkb1r/1bpp1ppp/2n2n2/1B2B3/1p1PP3/5N1P/2PQ1PP1/1N2K2R w Kk - 2 14,c8b7
35,EulerE,michelangeloarsi,501,495,3qkb1r/1bpp1ppp/2n2n2/1B2B3/1p1PP3/5N1P/2PQ1PP1/1N3RK1 b k - 3 14,e1g1
35,EulerE,michelangeloarsi,501,495,q3kb1r/1bpp1ppp/2n2n2/1B2B3/1p1PP3/5N1P/2PQ1PP1/1N3RK1 w k - 4 15,d8a8
35,EulerE,michelangeloarsi,501,495,q3kb1r/1bpp1ppp/2n2n2/1B1PB3/1p2P3/5N1P/2PQ1PP1/1N3RK1 b k - 0 15,d4d5
35,EulerE,michelangeloarsi,501,495,q3kb1r/1bpp1ppp/5n2/nB1PB3/1p2P3/5N1P/2PQ1PP1/1N3RK1 w k - 1 16,c6a5
35,EulerE,michelangeloarsi,501,495,q3kb1r/1bpp1ppp/3P1n2/nB2B3/1p2P3/5N1P/2PQ1PP1/1N3RK1 b k - 0 16,d5d6
35,EulerE,michelangeloarsi,501,495,q3kb1r/1b1p1ppp/3p1n2/nB2B3/1p2P3/5N1P/2PQ1PP1/1N3RK1 w k - 0 17,c7d6
35,EulerE,michelangeloarsi,501,495,q3kb1r/1b1p1ppp/3B1n2/nB6/1p2P3/5N1P/2PQ1PP1/1N3RK1 b k - 0 17,e5d6
35,EulerE,michelangeloarsi,501,495,q3k2r/1b1p1ppp/3b1n2/nB6/1p2P3/5N1P/2PQ1PP1/1N3RK1 w k - 0 18,f8d6
35,EulerE,michelangeloarsi,501,495,q3k2r/1b1p1ppp/3Q1n2/nB6/1p2P3/5N1P/2P2PP1/1N3RK1 b k - 0 18,d2d6
35,EulerE,michelangeloarsi,501,495,q3k2r/1b1p1ppp/3Q4/nB6/1p2n3/5N1P/2P2PP1/1N3RK1 w k - 0 19,f6e4
35,EulerE,michelangeloarsi,501,495,q3k2r/1b1p1ppp/3Q4/nB6/1p2n3/5N1P/2P2PP1/1N2R1K1 b k - 1 19,f1e1
35,EulerE,michelangeloarsi,501,495,3qk2r/1b1p1ppp/3Q4/nB6/1p2n3/5N1P/2P2PP1/1N2R1K1 w k - 2 20,a8d8
35,EulerE,michelangeloarsi,501,495,3qk2r/1b1B1ppp/3Q4/n7/1p2n3/5N1P/2P2PP1/1N2R1K1 b k - 0 20,b5d7
35,EulerE,michelangeloarsi,501,495,4k2r/1b1q1ppp/3Q4/n7/1p2n3/5N1P/2P2PP1/1N2R1K1 w k - 0 21,d8d7
35,EulerE,michelangeloarsi,501,495,4k2r/1b1Q1ppp/8/n7/1p2n3/5N1P/2P2PP1/1N2R1K1 b k - 0 21,d6d7
35,EulerE,michelangeloarsi,501,495,7r/1b1k1ppp/8/n7/1p2n3/5N1P/2P2PP1/1N2R1K1 w - - 0 22,e8d7
35,EulerE,michelangeloarsi,501,495,7r/1b1k1ppp/8/n7/1p2n3/5N1P/2P2PP1/1N1R2K1 b - - 1 22,e1d1
35,EulerE,michelangeloarsi,501,495,2k4r/1b3ppp/8/n7/1p2n3/5N1P/2P2PP1/1N1R2K1 w - - 2 23,d7c8
35,EulerE,michelangeloarsi,501,495,2k4r/1b3ppp/8/n3N3/1p2n3/7P/2P2PP1/1N1R2K1 b - - 3 23,f3e5
35,EulerE,michelangeloarsi,501,495,2kr4/1b3ppp/8/n3N3/1p2n3/7P/2P2PP1/1N1R2K1 w - - 4 24,h8d8
35,EulerE,michelangeloarsi,501,495,2kr4/1b3ppp/8/n3N3/1p2n3/7P/2P2PP1/1N2R1K1 b - - 5 24,d1e1
35,EulerE,michelangeloarsi,501,495,2kr4/1b4pp/5p2/n3N3/1p2n3/7P/2P2PP1/1N2R1K1 w - - 0 25,f7f6
35,EulerE,michelangeloarsi,501,495,2kr4/1b3Npp/5p2/n7/1p2n3/7P/2P2PP1/1N2R1K1 b - - 1 25,e5f7
35,EulerE,michelangeloarsi,501,495,2k1r3/1b3Npp/5p2/n7/1p2n3/7P/2P2PP1/1N2R1K1 w - - 2 26,d8e8
35,EulerE,michelangeloarsi,501,495,2k1r3/1b3Npp/5p2/n7/1p2n3/5P1P/2P3P1/1N2R1K1 b - - 0 26,f2f3
35,EulerE,michelangeloarsi,501,495,2k1r3/1b3Npp/8/n4p2/1p2n3/5P1P/2P3P1/1N2R1K1 w - - 0 27,f6f5
35,EulerE,michelangeloarsi,501,495,2k1r3/1b3Npp/8/n4p2/1p2P3/7P/2P3P1/1N2R1K1 b - - 0 27,f3e4
35,EulerE,michelangeloarsi,501,495,2k1r3/5Npp/8/n4p2/1p2b3/7P/2P3P1/1N2R1K1 w - - 0 28,b7e4
35,EulerE,michelangeloarsi,501,495,2k1r3/6pp/3N4/n4p2/1p2b3/7P/2P3P1/1N2R1K1 b - - 1 28,f7d6
35,EulerE,michelangeloarsi,501,495,4r3/3k2pp/3N4/n4p2/1p2b3/7P/2P3P1/1N2R1K1 w - - 2 29,c8d7
35,EulerE,michelangeloarsi,501,495,4N3/3k2pp/8/n4p2/1p2b3/7P/2P3P1/1N2R1K1 b - - 0 29,d6e8
35,EulerE,michelangeloarsi,501,495,4k3/6pp/8/n4p2/1p2b3/7P/2P3P1/1N2R1K1 w - - 0 30,d7e8
35,EulerE,michelangeloarsi,501,495,4k3/6pp/8/n4p2/1p2b1P1/7P/2P5/1N2R1K1 b - - 0 30,g2g4
35,EulerE,michelangeloarsi,501,495,4k3/6pp/8/n7/1p2b1p1/7P/2P5/1N2R1K1 w - - 0 31,f5g4
35,EulerE,michelangeloarsi,501,495,4k3/6pp/8/n7/1p2R1p1/7P/2P5/1N4K1 b - - 0 31,e1e4
36,lucassalles3698,EulerE,497,501,rnbqkbnr/pppppppp/8/8/4P3/8/PPPP1PPP/RNBQKBNR b KQkq - 0 1,e2e4
36,lucassalles3698,EulerE,497,501,rnbqkbnr/pppp1ppp/8/4p3/4P3/8/PPPP1PPP/RNBQKBNR w KQkq - 0 2,e7e5
36,lucassalles3698,EulerE,497,501,rnbqkbnr/pppp1ppp/8/4p3/4P3/5N2/PPPP1PPP/RNBQKB1R b KQkq - 1 2,g1f3
36,lucassalles3698,EulerE,497,501,r1bqkbnr/pppp1ppp/2n5/4p3/4P3/5N2/PPPP1PPP/RNBQKB1R w KQkq - 2 3,b8c6
36,lucassalles3698,EulerE,497,501,r1bqkbnr/pppp1ppp/2n5/1B2p3/4P3/5N2/PPPP1PPP/RNBQK2R b KQkq - 3 3,f1b5
36,lucassalles3698,EulerE,497,501,r1bqkb1r/pppp1ppp/2n2n2/1B2p3/4P3/5N2/PPPP1PPP/RNBQK2R w KQkq - 4 4,g8f6
36,lucassalles3698,EulerE,497,501,r1bqkb1r/pppp1ppp/2B2n2/4p3/4P3/5N2/PPPP1PPP/RNBQK2R b KQkq - 0 4,b5c6
36,lucassalles3698,EulerE,497,501,r1bqkb1r/ppp2ppp/2p2n2/4p3/4P3/5N2/PPPP1PPP/RNBQK2R w KQkq - 0 5,d7c6
36,lucassalles3698,EulerE,497,501,r1bqkb1r/ppp2ppp/2p2n2/4p3/3PP3/5N2/PPP2PPP/RNBQK2R b KQkq - 0 5,d2d4
36,lucassalles3698,EulerE,497,501,r1bqkb1r/ppp2ppp/2p2n2/8/3pP3/5N2/PPP2PPP/RNBQK2R w KQkq - 0 6,e5d4
36,lucassalles3698,EulerE,497,501,r1bqkb1r/ppp2ppp/2p2n2/8/3NP3/8/PPP2PPP/RNBQK2R b KQkq - 0 6,f3d4
36,lucassalles3698,EulerE,497,501,r1bqkb1r/ppp2ppp/5n2/2p5/3NP3/8/PPP2PPP/RNBQK2R w KQkq - 0 7,c6c5
36,lucassalles3698,EulerE,497,501,r1bqkb1r/ppp2ppp/5n2/2p2N2/4P3/8/PPP2PPP/RNBQK2R b KQkq - 1 7,d4f5
36,lucassalles3698,EulerE,497,501,r1b1kb1r/ppp2ppp/5n2/2p2N2/4P3/8/PPP2PPP/RNBqK2R w KQkq - 0 8,d8d1
36,lucassalles3698,EulerE,497,501,r1b1kb1r/ppp2ppp/5n2/2p2N2/4P3/8/PPP2PPP/RNBK3R b kq - 0 8,e1d1
36,lucassalles3698,EulerE,497,501,r1b1kb1r/ppp2p1p/5np1/2p2N2/4P3/8/PPP2PPP/RNBK3R w kq - 0 9,g7g6
36,lucassalles3698,EulerE,497,501,r1b1kb1r/ppp2p1p/5np1/2p2NB1/4P3/8/PPP2PPP/RN1K3R b kq - 1 9,c1g5
36,lucassalles3698,EulerE,497,501,r1b1kb1r/ppp2p1p/6p1/2p2NB1/4n3/8/PPP2PPP/RN1K3R w kq - 0 10,f6e4
36,lucassalles3698,EulerE,497,501,r1b1kb1r/ppp2p1p/5Bp1/2p2N2/4n3/8/PPP2PPP/RN1K3R b kq - 1 10,g5f6
36,lucassalles3698,EulerE,497,501,r1b1kb1r/ppp2p1p/5Bp1/2p2N2/8/8/PPP2nPP/RN1K3R w kq - 0 11,e4f2
36,lucassalles3698,EulerE,497,501,r1b1kb1r/ppp2p1p/5Bp1/2p2N2/8/8/PPP2nPP/RN2K2R b kq - 1 11,d1e1
36,lucassalles3698,EulerE,497,501,r1b1kb1r/ppp2p1p/5Bp1/2p2N2/8/8/PPP3PP/RN2K2n w kq - 0 12,f2h1
36,lucassalles3698,EulerE,497,501,r1b1kb1B/ppp2p1p/6p1/2p2N2/8/8/PPP3PP/RN2K2n b q - 0 12,f6h8
36,lucassalles3698,EulerE,497,501,r1b1k2B/ppp2p1p/3b2p1/2p2N2/8/8/PPP3PP/RN2K2n w q - 1 13,f8d6
36,lucassalles3698,EulerE,497,501,r1b1k2B/ppp2p1p/3b2p1/2p2N2/8/8/PPP1K1PP/RN5n b q - 2 13,e1e2
36,lucassalles3698,EulerE,497,501,r3k2B/ppp2p1p/3b2p1/2p2b2/8/8/PPP1K1PP/RN5n w q - 0 14,c8f5
36,lucassalles3698,EulerE,497,501,r3k2B/ppp2p1p/3b2p1/2p2b2/8/2N5/PPP1K1PP/R6n b q - 1 14,b1c3
36,lucassalles3698,EulerE,497,501,r3k2B/ppp2p1p/6p1/2p2b2/8/2N5/PPP1K1Pb/R6n w q - 0 15,d6h2
36,lucassalles3698,EulerE,497,501,r3k2B/ppp2p1p/6p1/2p2b2/8/2N5/PPP1K1Pb/7R b q - 0 15,a1h1
36,lucassalles3698,EulerE,497,501,r3k2B/ppp2p1p/6p1/2p1bb2/8/2N5/PPP1K1P1/7R w q - 1 16,h2e5
36,lucassalles3698,EulerE,497,501,r3k2B/ppp2p1p/6p1/1Np1bb2/8/8/PPP1K1P1/7R b q - 2 16,c3b5
36,lucassalles3698,EulerE,497,501,r3k2B/ppp4p/5pp1/1Np1bb2/8/8/PPP1K1P1/7R w q - 0 17,f7f6
36,lucassalles3698,EulerE,497,501,r3k2B/ppp4R/5pp1/1Np1bb2/8/8/PPP1K1P1/8 b q - 0 17,h1h7
36,lucassalles3698,EulerE,497,501,r3k2B/1pp4R/p4pp1/1Np1bb2/8/8/PPP1K1P1/8 w q - 0 18,a7a6
36,lucassalles3698,EulerE,497,501,r3k2B/1pp4R/p4pp1/2p1bb2/8/2N5/PPP1K1P1/8 b q - 1 18,b5c3
36,lucassalles3698,EulerE,497,501,2kr3B/1pp4R/p4pp1/2p1bb2/8/2N5/PPP1K1P1/8 w - - 2 19,e8c8
36,lucassalles3698,EulerE,497,501,2kr3B/1pp4R/p4pp1/2p1bb2/8/2N2K2/PPP3P1/8 b - - 3 19,e2f3
36,lucassalles3698,EulerE,497,501,2kr3B/1pp4R/p4pp1/2p2b2/8/2b2K2/PPP3P1/8 w - - 0 20,e5c3
36,lucassalles3698,EulerE,497,501,2kr3B/1pp4R/p4pp1/2p2b2/8/2P2K2/P1P3P1/8 b - - 0 20,b2c3
36,lucassalles3698,EulerE,497,501,2kr3B/2p4R/p4pp1/1pp2b2/8/2P2K2/P1P3P1/8 w - - 0 21,b7b5
36,lucassalles3698,EulerE,497,501,2kr3B/2p4R/p4pp1/1pp2b2/6P1/2P2K2/P1P5/8 b - - 0 21,g2g4
36,lucassalles3698,EulerE,497,501,2kr3B/2p4R/p3bpp1/1pp5/6P1/2P2K2/P1P5/8 w - - 1 22,f5e6
36,lucassalles3698,EulerE,497,501,2kr3B/2p4R/p3bpp1/1pp5/5KP1/2P5/P1P5/8 b - - 2 22,f3f4
36,lucassalles3698,EulerE,497,501,2kr3B/2p4R/p3bp2/1pp3p1/5KP1/2P5/P1P5/8 w - - 0 23,g6g5
36,lucassalles3698,EulerE,497,501,2kr3B/2p4R/p3bp2/1pp3p1/6P1/2P3K1/P1P5/8 b - - 1 23,f4g3
36,lucassalles3698,EulerE,497,501,2kr3B/2p4R/p3b3/1pp2pp1/6P1/2P3K1/P1P5/8 w - - 0 24,f6f5
36,lucassalles3698,EulerE,497,501,2kr3B/2p5/p3b2R/1pp2pp1/6P1/2P3K1/P1P5/8 b - - 1 24,h7h6
36,lucassalles3698,EulerE,497,501,2kr3B/2p5/p3b2R/1pp3p1/6p1/2P3K1/P1P5/8 w - - 0 25,f5g4
36,lucassalles3698,EulerE,497,501,2kr3B/2p5/p3R3/1pp3p1/6p1/2P3K1/P1P5/8 b - - 0 25,h6e6
36,lucassalles3698,EulerE,497,501,2kr3B/2p5/p3R3/2p3p1/1p4p1/2P3K1/P1P5/8 w - - 0 26,b5b4
36,lucassalles3698,EulerE,497,501,2kr3B/2p5/R7/2p3p1/1p4p1/2P3K1/P1P5/8 b - - 0 26,e6a6
36,lucassalles3698,EulerE,497,501,2kr3B/2p5/R7/2p3p1/6p1/2p3K1/P1P5/8 w - - 0 27,b4c3
36,lucassalles3698,EulerE,497,501,2kr4/2p5/R7/2p3p1/6p1/2B3K1/P1P5/8 b - - 0 27,h8c3
36,lucassalles3698,EulerE,497,501,2k1r3/2p5/R7/2p3p1/6p1/2B3K1/P1P5/8 w - - 1 28,d8e8
36,lucassalles3698,EulerE,497,501,2k1r3/2p5/8/R1p3p1/6p1/2B3K1/P1P5/8 b - - 2 28,a6a5
36,lucassalles3698,EulerE,497,501,2k5/2p5/8/R1p3p1/6p1/2B1r1K1/P1P5/8 w - - 3 29,e8e3
36,lucassalles3698,EulerE,497,501,2k5/2p5/8/R1p3p1/6K1/2B1r3/P1P5/8 b - - 0 29,g3g4
36,lucassalles3698,EulerE,497,501,2k5/2p5/8/R1p3p1/6K1/2r5/P1P5/8 w - - 0 30,e3c3
36,lucassalles3698,EulerE,497,501,2k5/2p5/8/R1p3K1/8/2r5/P1P5/8 b - - 0 30,g4g5
36,lucassalles3698,EulerE,497,501,2k5/2p5/8/R1p3K1/8/8/P1r5/8 w - - 0 31,c3c2
36,lucassalles3698,EulerE,497,501,2k5/2p5/8/R1p3K1/P7/8/2r5/8 b - - 0 31,a2a4
36,lucassalles3698,EulerE,497,501,2k5/2p5/8/R5K1/P1p5/8/2r5/8 w - - 0 32,c5c4
36,lucassalles3698,EulerE,497,501,2k5/2p5/8/2R3K1/P1p5/8/2r5/8 b - - 1 32,a5c5
36,lucassalles3698,EulerE,497,501,2k5/2p5/8/2R3K1/P7/2p5/2r5/8 w - - 0 33,c4c3
36,lucassalles3698,EulerE,497,501,2k5/2p5/8/2R5/P4K2/2p5/2r5/8 b - - 1 33,g5f4
36,lucassalles3698,EulerE,497,501,2k5/2p5/8/2R5/P4K2/2p5/r7/8 w - - 2 34,c2a2
36,lucassalles3698,EulerE,497,501,2k5/2p5/8/P1R5/5K2/2p5/r7/8 b - - 0 34,a4a5
36,lucassalles3698,EulerE,497,501,2k5/2p5/8/P1R5/5K2/8/r1p5/8 w - - 0 35,c3c2
36,lucassalles3698,EulerE,497,501,2k5/2p5/8/P1R5/8/4K3/r1p5/8 b - - 1 35,f4e3
36,lucassalles3698,EulerE,497,501,2k5/2p5/8/P1R5/8/r3K3/2p5/8 w - - 2 36,a2a3
36,lucassalles3698,EulerE,497,501,2k5/2p5/8/P1R5/8/r7/2pK4/8 b - - 3 36,e3d2
36,lucassalles3698,EulerE,497,501,2k5/2p5/8/P1R5/8/8/2pK4/r7 w - - 4 37,a3a1
36,lucassalles3698,EulerE,497,501,2k5/2p5/8/P1R5/8/8/2K5/r7 b - - 0 37,d2c2
36,lucassalles3698,EulerE,497,501,2k5/8/2p5/P1R5/8/8/2K5/r7 w - - 0 38,c7c6
36,lucassalles3698,EulerE,497,501,2k5/8/2R5/P7/8/8/2K5/r7 b - - 0 38,c5c6
36,lucassalles3698,EulerE,497,501,8/1k6/2R5/P7/8/8/2K5/r7 w - - 1 39,c8b7
36,lucassalles3698,EulerE,497,501,8/1k6/8/P1R5/8/8/2K5/r7 b - - 2 39,c6c5
36,lucassalles3698,EulerE,497,501,8/8/k7/P1R5/8/8/2K5/r7 w - - 3 40,b7a6
36,lucassalles3698,EulerE,497,501,8/8/k7/P6R/8/8/2K5/r7 b - - 4 40,c5h5
36,lucassalles3698,EulerE,497,501,8/8/k7/r6R/8/8/2K5/8 w - - 0 41,a1a5
36,lucassalles3698,EulerE,497,501,8/8/k6R/r7/8/8/2K5/8 b - - 1 41,h5h6
36,lucassalles3698,EulerE,497,501,8/8/7R/rk6/8/8/2K5/8 w - - 2 42,a6b5
36,lucassalles3698,EulerE,497,501,8/8/7R/rk6/8/2K5/8/8 b - - 3 42,c2c3
36,lucassalles3698,EulerE,497,501,8/8/7R/1k6/r7/2K5/8/8 w - - 4 43,a5a4
36,lucassalles3698,EulerE,497,501,8/8/8/1k5R/r7/2K5/8/8 b - - 5 43,h6h5
36,lucassalles3698,EulerE,497,501,8/8/1k6/7R/r7/2K5/8/8 w - - 6 44,b5b6
36,lucassalles3698,EulerE,497,501,8/8/1k5R/8/r7/2K5/8/8 b - - 7 44,h5h6
36,lucassalles3698,EulerE,497,501,8/8/7R/1k6/r7/2K5/8/8 w - - 8 45,b6b5
36,lucassalles3698,EulerE,497,501,8/8/8/1k5R/r7/2K5/8/8 b - - 9 45,h6h5
36,lucassalles3698,EulerE,497,501,8/8/1k6/7R/r7/2K5/8/8 w - - 10 46,b5b6
36,lucassalles3698,EulerE,497,501,8/8/1k6/7R/r7/3K4/8/8 b - - 11 46,c3d3
36,lucassalles3698,EulerE,497,501,8/8/1k6/7R/8/r2K4/8/8 w - - 12 47,a4a3
36,lucassalles3698,EulerE,497,501,8/8/1k6/7R/4K3/r7/8/8 b - - 13 47,d3e4
36,lucassalles3698,EulerE,497,501,8/8/1k6/7R/r3K3/8/8/8 w - - 14 48,a3a4
36,lucassalles3698,EulerE,497,501,8/8/1k6/5K1R/r7/8/8/8 b - - 15 48,e4f5
36,lucassalles3698,EulerE,497,501,8/8/1k6/r4K1R/8/8/8/8 w - - 16 49,a4a5
36,lucassalles3698,EulerE,497,501,8/8/1k6/r6R/6K1/8/8/8 b - - 17 49,f5g4
36,lucassalles3698,EulerE,497,501,8/8/1k6/7r/6K1/8/8/8 w - - 0 50,a5h5
36,lucassalles3698,EulerE,497,501,8/8/1k6/7K/8/8/8/8 b - - 0 50,g4h5
37,EulerE,lucassalles3698,509,489,rnbqkbnr/pppppppp/8/8/4P3/8/PPPP1PPP/RNBQKBNR b KQkq - 0 1,e2e4
37,EulerE,lucassalles3698,509,489,rnbqkbnr/pppp1ppp/8/4p3/4P3/8/PPPP1PPP/RNBQKBNR w KQkq - 0 2,e7e5
37,EulerE,lucassalles3698,509,489,rnbqkbnr/pppp1ppp/8/4p3/4P3/5N2/PPPP1PPP/RNBQKB1R b KQkq - 1 2,g1f3
37,EulerE,lucassalles3698,509,489,r1bqkbnr/pppp1ppp/2n5/4p3/4P3/5N2/PPPP1PPP/RNBQKB1R w KQkq - 2 3,b8c6
37,EulerE,lucassalles3698,509,489,r1bqkbnr/pppp1ppp/2n5/4p3/4P3/3P1N2/PPP2PPP/RNBQKB1R b KQkq - 0 3,d2d3
37,EulerE,lucassalles3698,509,489,r1bqkbnr/ppp2ppp/2np4/4p3/4P3/3P1N2/PPP2PPP/RNBQKB1R w KQkq - 0 4,d7d6
37,EulerE,lucassalles3698,509,489,r1bqkbnr/ppp2ppp/2np4/4p1B1/4P3/3P1N2/PPP2PPP/RN1QKB1R b KQkq - 1 4,c1g5
37,EulerE,lucassalles3698,509,489,r2qkbnr/ppp2ppp/2np4/4p1B1/4P1b1/3P1N2/PPP2PPP/RN1QKB1R w KQkq - 2 5,c8g4
37,EulerE,lucassalles3698,509,489,r2Bkbnr/ppp2ppp/2np4/4p3/4P1b1/3P1N2/PPP2PPP/RN1QKB1R b KQkq - 0 5,g5d8
38,EulerE,Rhia03,517,495,rnbqkbnr/pppppppp/8/8/4P3/8/PPPP1PPP/RNBQKBNR b KQkq - 0 1,e2e4
38,EulerE,Rhia03,517,495,r1bqkbnr/pppppppp/2n5/8/4P3/8/PPPP1PPP/RNBQKBNR w KQkq - 1 2,b8c6
38,EulerE,Rhia03,517,495,r1bqkbnr/pppppppp/2n5/8/4P3/5N2/PPPP1PPP/RNBQKB1R b KQkq - 2 2,g1f3
38,EulerE,Rhia03,517,495,r1bqkb1r/pppppppp/2n2n2/8/4P3/5N2/PPPP1PPP/RNBQKB1R w KQkq - 3 3,g8f6
38,EulerE,Rhia03,517,495,r1bqkb1r/pppppppp/2n2n2/8/3PP3/5N2/PPP2PPP/RNBQKB1R b KQkq - 0 3,d2d4
38,EulerE,Rhia03,517,495,r1bqkb1r/pppppppp/2n5/8/3Pn3/5N2/PPP2PPP/RNBQKB1R w KQkq - 0 4,f6e4
38,EulerE,Rhia03,517,495,r1bqkb1r/pppppppp/2n5/8/3Pn3/3B1N2/PPP2PPP/RNBQK2R b KQkq - 1 4,f1d3
38,EulerE,Rhia03,517,495,r1bqkb1r/pppppppp/2nn4/8/3P4/3B1N2/PPP2PPP/RNBQK2R w KQkq - 2 5,e4d6
38,EulerE,Rhia03,517,495,r1bqkb1r/pppppppp/2nn4/8/3PB3/5N2/PPP2PPP/RNBQK2R b KQkq - 3 5,d3e4
38,EulerE,Rhia03,517,495,r1bqkb1r/pppppppp/3n4/8/1n1PB3/5N2/PPP2PPP/RNBQK2R w KQkq - 4 6,c6b4
38,EulerE,Rhia03,517,495,r1bqkb1r/pppppppp/3n4/8/1n1PB3/2P2N2/PP3PPP/RNBQK2R b KQkq - 0 6,c2c3
38,EulerE,Rhia03,517,495,r1bqkb1r/pppppppp/n2n4/8/3PB3/2P2N2/PP3PPP/RNBQK2R w KQkq - 1 7,b4a6
38,EulerE,Rhia03,517,495,r1bqkb1r/pppppppp/n2n4/8/3PB1P1/2P2N2/PP3P1P/RNBQK2R b KQkq - 0 7,g2g4
38,EulerE,Rhia03,517,495,r1bqkb1r/pppppppp/n7/8/3Pn1P1/2P2N2/PP3P1P/RNBQK2R w KQkq - 0 8,d6e4
38,EulerE,Rhia03,517,495,r1bqkb1r/pppppppp/n7/8/3Pn1P1/2P2N2/PP3P1P/RNBQ1RK1 b kq - 1 8,e1g1
38,EulerE,Rhia03,517,495,r1bqkb1r/ppp1pppp/n7/3p4/3Pn1P1/2P2N2/PP3P1P/RNBQ1RK1 w kq - 0 9,d7d5
38,EulerE,Rhia03,517,495,r1bqkb1r/ppp1pppp/n7/3p4/3Pn1P1/2P2N2/PP3P1P/RNB1QRK1 b kq - 1 9,d1e1
38,EulerE,Rhia03,517,495,r1b1kb1r/ppp1pppp/n2q4/3p4/3Pn1P1/2P2N2/PP3P1P/RNB1QRK1 w kq - 2 10,d8d6
38,EulerE,Rhia03,517,495,r1b1kb1r/ppp1pppp/n2q4/3p4/2PPn1P1/5N2/PP3P1P/RNB1QRK1 b kq - 0 10,c3c4
38,EulerE,Rhia03,517,495,r1b1kb1r/ppp1pppp/n2q4/8/2pPn1P1/5N2/PP3P1P/RNB1QRK1 w kq - 0 11,d5c4
38,EulerE,Rhia03,517,495,r1b1kb1r/ppp1pppp/n2q4/8/2pPQ1P1/5N2/PP3P1P/RNB2RK1 b kq - 0 11,e1e4
38,EulerE,Rhia03,517,495,r1b1kb1r/ppp1pppp/n7/8/2pPQ1P1/5Nq1/PP3P1P/RNB2RK1 w kq - 1 12,d6g3
38,EulerE,Rhia03,517,495,r1b1kb1r/ppp1pppp/n7/8/2pPQ1P1/5NP1/PP3P2/RNB2RK1 b kq - 0 12,h2g3
39,miki12302,EulerE,519,525,rnbqkbnr/pppppppp/8/8/4P3/8/PPPP1PPP/RNBQKBNR b KQkq - 0 1,e2e4
39,miki12302,EulerE,519,525,rnbqkbnr/pppp1ppp/8/4p3/4P3/8/PPPP1PPP/RNBQKBNR w KQkq - 0 2,e7e5
39,miki12302,EulerE,519,525,rnbqkbnr/pppp1ppp/8/4p3/2B1P3/8/PPPP1PPP/RNBQK1NR b KQkq - 1 2,f1c4
39,miki12302,EulerE,519,525,rnbqkbnr/ppp2ppp/3p4/4p3/2B1P3/8/PPPP1PPP/RNBQK1NR w KQkq - 0 3,d7d6
39,miki12302,EulerE,519,525,rnbqkbnr/ppp2ppp/3p4/4p3/2B1P3/3P4/PPP2PPP/RNBQK1NR b KQkq - 0 3,d2d3
39,miki12302,EulerE,519,525,rnbqkb1r/ppp2ppp/3p1n2/4p3/2B1P3/3P4/PPP2PPP/RNBQK1NR w KQkq - 1 4,g8f6
39,miki12302,EulerE,519,525,rnbqkb1r/ppp2ppp/3p1n2/4p3/2B1P3/2NP4/PPP2PPP/R1BQK1NR b KQkq - 2 4,b1c3
39,miki12302,EulerE,519,525,rn1qkb1r/ppp2ppp/3p1n2/4p3/2B1P1b1/2NP4/PPP2PPP/R1BQK1NR w KQkq - 3 5,c8g4
39,miki12302,EulerE,519,525,rn1qkb1r/ppp2ppp/3p1n2/4p3/2B1P1b1/2NP1N2/PPP2PPP/R1BQK2R b KQkq - 4 5,g1f3
39,miki12302,EulerE,519,525,rn1qkb1r/ppp2ppp/3p1n2/4p2b/2B1P3/2NP1N2/PPP2PPP/R1BQK2R w KQkq - 5 6,g4h5
39,miki12302,EulerE,519,525,rn1qkb1r/ppp2ppp/3p1n2/3Np2b/2B1P3/3P1N2/PPP2PPP/R1BQK2R b KQkq - 6 6,c3d5
39,miki12302,EulerE,519,525,rn1qkb1r/ppp2pp1/3p1n1p/3Np2b/2B1P3/3P1N2/PPP2PPP/R1BQK2R w KQkq - 0 7,h7h6
39,miki12302,EulerE,519,525,rn1qkb1r/ppp2pp1/3p1n1p/1B1Np2b/4P3/3P1N2/PPP2PPP/R1BQK2R b KQkq - 1 7,c4b5
39,miki12302,EulerE,519,525,r2qkb1r/ppp2pp1/2np1n1p/1B1Np2b/4P3/3P1N2/PPP2PPP/R1BQK2R w KQkq - 2 8,b8c6
39,miki12302,EulerE,519,525,r2qkb1r/ppp2pp1/2np1n1p/3Np2b/2B1P3/3P1N2/PPP2PPP/R1BQK2R b KQkq - 3 8,b5c4
39,miki12302,EulerE,519,525,r2qkb1r/ppp2pp1/3p1n1p/3Np2b/2BnP3/3P1N2/PPP2PPP/R1BQK2R w KQkq - 4 9,c6d4
39,miki12302,EulerE,519,525,r2qkb1r/ppp2pp1/3p1N1p/4p2b/2BnP3/3P1N2/PPP2PPP/R1BQK2R b KQkq - 0 9,d5f6
39,miki12302,EulerE,519,525,r3kb1r/ppp2pp1/3p1q1p/4p2b/2BnP3/3P1N2/PPP2PPP/R1BQK2R w KQkq - 0 10,d8f6
39,miki12302,EulerE,519,525,r3kb1r/ppp2pp1/3p1q1p/4p2b/2BnP1P1/3P1N2/PPP2P1P/R1BQK2R b KQkq - 0 10,g2g4
39,miki12302,EulerE,519,525,r3kb1r/ppp2pp1/3p1q1p/4p3/2BnP1b1/3P1N2/PPP2P1P/R1BQK2R w KQkq - 0 11,h5g4
39,miki12302,EulerE,519,525,r3kb1r/ppp2Bp1/3p1q1p/4p3/3nP1b1/3P1N2/PPP2P1P/R1BQK2R b KQkq - 0 11,c4f7
39,miki12302,EulerE,519,525,r4b1r/ppp2kp1/3p1q1p/4p3/3nP1b1/3P1N2/PPP2P1P/R1BQK2R w KQ - 0 12,e8f7
39,miki12302,EulerE,519,525,r4b1r/ppp2kp1/3p1q1p/4p1B1/3nP1b1/3P1N2/PPP2P1P/R2QK2R b KQ - 1 12,c1g5
39,miki12302,EulerE,519,525,r4b1r/ppp2kp1/3p1q2/4p1p1/3nP1b1/3P1N2/PPP2P1P/R2QK2R w KQ - 0 13,h6g5
39,miki12302,EulerE,519,525,r4b1r/ppp2kp1/3p1q2/4p1p1/3nP1b1/3P1N2/PPP1QP1P/R3K2R b KQ - 1 13,d1e2
39,miki12302,EulerE,519,525,r4b1r/ppp2kp1/3p1q2/4p1p1/3nP3/3P1b2/PPP1QP1P/R3K2R w KQ - 0 14,g4f3
39,miki12302,EulerE,519,525,r4b1r/ppp2kp1/3p1q2/4p1p1/3nP3/3PQb2/PPP2P1P/R3K2R b KQ - 1 14,e2e3
39,miki12302,EulerE,519,525,r4b1r/ppp2kp1/3p1q2/4p1p1/3nP3/3PQ3/PPP2P1P/R3K2b w Q - 0 15,f3h1
39,miki12302,EulerE,519,525,r4b1r/ppp2kp1/3p1q2/4p1Q1/3nP3/3P4/PPP2P1P/R3K2b b Q - 0 15,e3g5
39,miki12302,EulerE,519,525,r4b1r/ppp2kp1/3p4/4p1q1/3nP3/3P4/PPP2P1P/R3K2b w Q - 0 16,f6g5
40,EulerE,Vendettanchi,534,553,rnbqkbnr/pppppppp/8/8/4P3/8/PPPP1PPP/RNBQKBNR b KQkq - 0 1,e2e4
40,EulerE,Vendettanchi,534,553,rnbqkbnr/pppp1ppp/8/4p3/4P3/8/PPPP1PPP/RNBQKBNR w KQkq - 0 2,e7e5
40,EulerE,Vendettanchi,534,553,rnbqkbnr/pppp1ppp/8/4p3/4P3/5N2/PPPP1PPP/RNBQKB1R b KQkq - 1 2,g1f3
40,EulerE,Vendettanchi,534,553,rnbqkb1r/pppp1ppp/5n2/4p3/4P3/5N2/PPPP1PPP/RNBQKB1R w KQkq - 2 3,g8f6
40,EulerE,Vendettanchi,534,553,rnbqkb1r/pppp1ppp/5n2/4p3/4P3/3P1N2/PPP2PPP/RNBQKB1R b KQkq - 0 3,d2d3
40,EulerE,Vendettanchi,534,553,rnbqkb1r/ppp2ppp/5n2/3pp3/4P3/3P1N2/PPP2PPP/RNBQKB1R w KQkq - 0 4,d7d5
40,EulerE,Vendettanchi,534,553,rnbqkb1r/ppp2ppp/5n2/3pp3/2P1P3/3P1N2/PP3PPP/RNBQKB1R b KQkq - 0 4,c2c4
40,EulerE,Vendettanchi,534,553,r1bqkb1r/ppp2ppp/2n2n2/3pp3/2P1P3/3P1N2/PP3PPP/RNBQKB1R w KQkq - 1 5,b8c6
40,EulerE,Vendettanchi,534,553,r1bqkb1r/ppp2ppp/2n2n2/3Pp3/4P3/3P1N2/PP3PPP/RNBQKB1R b KQkq - 0 5,c4d5
40,EulerE,Vendettanchi,534,553,r1bqk2r/ppp2ppp/2n2n2/3Pp3/1b2P3/3P1N2/PP3PPP/RNBQKB1R w KQkq - 1 6,f8b4
40,EulerE,Vendettanchi,534,553,r1bqk2r/ppp2ppp/2n2n2/3Pp3/1b2P3/3P1N2/PP1B1PPP/RN1QKB1R b KQkq - 2 6,c1d2
40,EulerE,Vendettanchi,534,553,r2qk2r/ppp2ppp/2n2n2/3Pp3/1b2P1b1/3P1N2/PP1B1PPP/RN1QKB1R w KQkq - 3 7,c8g4
40,EulerE,Vendettanchi,534,553,r2qk2r/ppp2ppp/2P2n2/4p3/1b2P1b1/3P1N2/PP1B1PPP/RN1QKB1R b KQkq - 0 7,d5c6
40,EulerE,Vendettanchi,534,553,r2qk2r/p1p2ppp/2p2n2/4p3/1b2P1b1/3P1N2/PP1B1PPP/RN1QKB1R w KQkq - 0 8,b7c6
40,EulerE,Vendettanchi,534,553,r2qk2r/p1p2ppp/2p2n2/4p3/1B2P1b1/3P1N2/PP3PPP/RN1QKB1R b KQkq - 0 8,d2b4
40,EulerE,Vendettanchi,534,553,r3k2r/p1p2ppp/2p2n2/4p3/1B1qP1b1/3P1N2/PP3PPP/RN1QKB1R w KQkq - 1 9,d8d4
40,EulerE,Vendettanchi,534,553,r3k2r/p1p2ppp/2p2n2/4p3/1B1NP1b1/3P4/PP3PPP/RN1QKB1R b KQkq - 0 9,f3d4
41,LAKidRun22,EulerE,540,542,rnbqkbnr/pppppppp/8/8/3P4/8/PPP1PPPP/RNBQKBNR b KQkq - 0 1,d2d4
41,LAKidRun22,EulerE,540,542,rnbqkbnr/ppp1pppp/8/3p4/3P4/8/PPP1PPPP/RNBQKBNR w KQkq - 0 2,d7d5
41,LAKidRun22,EulerE,540,542,rnbqkbnr/ppp1pppp/8/3p4/3PP3/8/PPP2PPP/RNBQKBNR b KQkq - 0 2,e2e4
41,LAKidRun22,EulerE,540,542,rnbqkbnr/ppp1pppp/8/8/3Pp3/8/PPP2PPP/RNBQKBNR w KQkq - 0 3,d5e4
41,LAKidRun22,EulerE,540,542,rnbqkbnr/ppp1pppp/8/8/3Pp3/2P5/PP3PPP/RNBQKBNR b KQkq - 0 3,c2c3
41,LAKidRun22,EulerE,540,542,r1bqkbnr/ppp1pppp/2n5/8/3Pp3/2P5/PP3PPP/RNBQKBNR w KQkq - 1 4,b8c6
41,LAKidRun22,EulerE,540,542,r1bqkbnr/ppp1pppp/2n5/1B6/3Pp3/2P5/PP3PPP/RNBQK1NR b KQkq - 2 4,f1b5
41,LAKidRun22,EulerE,540,542,r1bqkb1r/ppp1pppp/2n2n2/1B6/3Pp3/2P5/PP3PPP/RNBQK1NR w KQkq - 3 5,g8f6
41,LAKidRun22,EulerE,540,542,r1bqkb1r/ppp1pppp/2B2n2/8/3Pp3/2P5/PP3PPP/RNBQK1NR b KQkq - 0 5,b5c6
41,LAKidRun22,EulerE,540,542,r1bqkb1r/p1p1pppp/2p2n2/8/3Pp3/2P5/PP3PPP/RNBQK1NR w KQkq - 0 6,b7c6
41,LAKidRun22,EulerE,540,542,r1bqkb1r/p1p1pppp/2p2n2/8/3Pp3/2P5/PP2NPPP/RNBQK2R b KQkq - 1 6,g1e2
41,LAKidRun22,EulerE,540,542,r1bqkb1r/p1p1pppp/5n2/2p5/3Pp3/2P5/PP2NPPP/RNBQK2R w KQkq - 0 7,c6c5
41,LAKidRun22,EulerE,540,542,r1bqkb1r/p1p1pppp/5n2/2p5/3PpN2/2P5/PP3PPP/RNBQK2R b KQkq - 1 7,e2f4
41,LAKidRun22,EulerE,540,542,r1bqkb1r/p1p1pppp/5n2/8/3ppN2/2P5/PP3PPP/RNBQK2R w KQkq - 0 8,c5d4
41,LAKidRun22,EulerE,540,542,r1bqkb1r/p1p1pppp/5n2/8/3PpN2/8/PP3PPP/RNBQK2R b KQkq - 0 8,c3d4
41,LAKidRun22,EulerE,540,542,r2qkb1r/p1p1pppp/5n2/8/3PpNb1/8/PP3PPP/RNBQK2R w KQkq - 1 9,c8g4
41,LAKidRun22,EulerE,540,542,r2qkb1r/p1p1pppp/5n2/8/3PpNb1/5P2/PP4PP/RNBQK2R b KQkq - 0 9,f2f3
41,LAKidRun22,EulerE,540,542,r2qkb1r/p1p1pppp/5n2/5b2/3PpN2/5P2/PP4PP/RNBQK2R w KQkq - 1 10,g4f5
41,LAKidRun22,EulerE,540,542,r2qkb1r/p1p1pppp/5n2/5b2/3PPN2/8/PP4PP/RNBQK2R b KQkq - 0 10,f3e4
41,LAKidRun22,EulerE,540,542,r2qkb1r/p1p1pppp/5n2/8/3PbN2/8/PP4PP/RNBQK2R w KQkq - 0 11,f5e4
41,LAKidRun22,EulerE,540,542,r2qkb1r/p1p1pppp/5n2/8/3PbN2/2N5/PP4PP/R1BQK2R b KQkq - 1 11,b1c3
41,LAKidRun22,EulerE,540,542,r3kb1r/p1pqpppp/5n2/8/3PbN2/2N5/PP4PP/R1BQK2R w KQkq - 2 12,d8d7
41,LAKidRun22,EulerE,540,542,r3kb1r/p1pqpppp/5n2/8/3PNN2/8/PP4PP/R1BQK2R b KQkq - 0 12,c3e4
41,LAKidRun22,EulerE,540,542,r3kb1r/p1pqpppp/8/8/3PnN2/8/PP4PP/R1BQK2R w KQkq - 0 13,f6e4
41,LAKidRun22,EulerE,540,542,r3kb1r/p1pqpppp/8/8/3PnN2/3Q4/PP4PP/R1B1K2R b KQkq - 1 13,d1d3
41,LAKidRun22,EulerE,540,542,3rkb1r/p1pqpppp/8/8/3PnN2/3Q4/PP4PP/R1B1K2R w KQk - 2 14,a8d8
41,LAKidRun22,EulerE,540,542,3rkb1r/p1pqpppp/8/8/3PQN2/8/PP4PP/R1B1K2R b KQk - 0 14,d3e4
41,LAKidRun22,EulerE,540,542,3rkb1r/p1pqp1pp/8/5p2/3PQN2/8/PP4PP/R1B1K2R w KQk - 0 15,f7f5
41,LAKidRun22,EulerE,540,542,3rkb1r/p1pqp1pp/8/3Q1p2/3P1N2/8/PP4PP/R1B1K2R b KQk - 1 15,e4d5
41,LAKidRun22,EulerE,540,542,3rkb1r/p1p1p1pp/8/3q1p2/3P1N2/8/PP4PP/R1B1K2R w KQk - 0 16,d7d5
41,LAKidRun22,EulerE,540,542,3rkb1r/p1p1p1pp/8/3N1p2/3P4/8/PP4PP/R1B1K2R b KQk - 0 16,f4d5
41,LAKidRun22,EulerE,540,542,4kb1r/p1p1p1pp/8/3r1p2/3P4/8/PP4PP/R1B1K2R w KQk - 0 17,d8d5
41,LAKidRun22,EulerE,540,542,4kb1r/p1p1p1pp/8/3r1pB1/3P4/8/PP4PP/R3K2R b KQk - 1 17,c1g5
41,LAKidRun22,EulerE,540,542,4kb1r/p1p1p2p/6p1/3r1pB1/3P4/8/PP4PP/R3K2R w KQk - 0 18,g7g6
41,LAKidRun22,EulerE,540,542,4kb1r/p1p1p2p/6p1/3r1pB1/3P4/8/PP3KPP/R6R b k - 1 18,e1f2
41,LAKidRun22,EulerE,540,542,4k2r/p1p1p1bp/6p1/3r1pB1/3P4/8/PP3KPP/R6R w k - 2 19,f8g7
41,LAKidRun22,EulerE,540,542,4k2r/p1p1p1bp/6p1/3r1pB1/3P4/8/PP3KPP/R3R3 b k - 3 19,h1e1
41,LAKidRun22,EulerE,540,542,4kb1r/p1p1p2p/6p1/3r1pB1/3P4/8/PP3KPP/R3R3 w k - 4 20,g7f8
41,LAKidRun22,EulerE,540,542,4kb1r/p1p1p2p/6p1/3r1pB1/3P4/8/PP3KPP/2R1R3 b k - 5 20,a1c1
41,LAKidRun22,EulerE,540,542,4kb1r/p1p1p2p/6p1/3r2B1/3P1p2/8/PP3KPP/2R1R3 w k - 0 21,f5f4
41,LAKidRun22,EulerE,540,542,4kb1r/p1R1p2p/6p1/3r2B1/3P1p2/8/PP3KPP/4R3 b k - 0 21,c1c7
41,LAKidRun22,EulerE,540,542,4kb1r/p1R1p2p/6p1/6r1/3P1p2/8/PP3KPP/4R3 w k - 0 22,d5g5
41,LAKidRun22,EulerE,540,542,2R1kb1r/p3p2p/6p1/6r1/3P1p2/8/PP3KPP/4R3 b k - 1 22,c7c8
41,LAKidRun22,EulerE,540,542,2R2b1r/p3pk1p/6p1/6r1/3P1p2/8/PP3KPP/4R3 w - - 2 23,e8f7
41,LAKidRun22,EulerE,540,542,2R2b1r/p3pk1p/6p1/6r1/3P1p2/8/PP3KPP/2R5 b - - 3 23,e1c1
41,LAKidRun22,EulerE,540,542,2R2b1r/p3pk2/6p1/6rp/3P1p2/8/PP3KPP/2R5 w - - 0 24,h7h5
41,LAKidRun22,EulerE,540,542,5b1r/p1R1pk2/6p1/6rp/3P1p2/8/PP3KPP/2R5 b - - 1 24,c8c7
41,LAKidRun22,EulerE,540,542,7r/p1R1pkb1/6p1/6rp/3P1p2/8/PP3KPP/2R5 w - - 2 25,f8g7
41,LAKidRun22,EulerE,540,542,7r/p1R1pkb1/6p1/6rp/3P1p2/8/PP3KPP/4R3 b - - 3 25,c1e1
41,LAKidRun22,EulerE,540,542,7r/p1R1pk2/6p1/6rp/3b1p2/8/PP3KPP/4R3 w - - 0 26,g7d4
41,LAKidRun22,EulerE,540,542,7r/p1R1pk2/6p1/6rp/3b1p2/5K2/PP4PP/4R3 b - - 1 26,f2f3
41,LAKidRun22,EulerE,540,542,4r3/p1R1pk2/6p1/6rp/3b1p2/5K2/PP4PP/4R3 w - - 2 27,h8e8
41,LAKidRun22,EulerE,540,542,4r3/p1R1pk2/6p1/6rp/3b1p2/5K2/PP4PP/3R4 b - - 3 27,e1d1
41,LAKidRun22,EulerE,540,542,4r3/p1R1pk2/6p1/3r3p/3b1p2/5K2/PP4PP/3R4 w - - 4 28,g5d5
41,LAKidRun22,EulerE,540,542,4r3/p1R1pk2/6p1/3r3p/3b1K2/8/PP4PP/3R4 b - - 0 28,f3f4
41,LAKidRun22,EulerE,540,542,4r3/p1R1pk2/6p1/3rb2p/5K2/8/PP4PP/3R4 w - - 1 29,d4e5
41,LAKidRun22,EulerE,540,542,4r3/p1R1pk2/6p1/3rb1Kp/8/8/PP4PP/3R4 b - - 2 29,f4g5
41,LAKidRun22,EulerE,540,542,4r3/p1R1pk2/6p1/4b1Kp/8/8/PP4PP/3r4 w - - 0 30,d5d1
41,LAKidRun22,EulerE,540,542,4r3/p1R1pk2/6p1/4b1Kp/1P6/8/P5PP/3r4 b - - 0 30,b2b4
41,LAKidRun22,EulerE,540,542,4r3/p1b1pk2/6p1/6Kp/1P6/8/P5PP/3r4 w - - 0 31,e5c7
41,LAKidRun22,EulerE,540,542,4r3/p1b1pk2/6p1/6Kp/PP6/8/6PP/3r4 b - - 0 31,a2a4
42,EulerE,Pas_89,550,535,rnbqkbnr/pppppppp/8/8/5P2/8/PPPPP1PP/RNBQKBNR b KQkq - 0 1,f2f4
42,EulerE,Pas_89,550,535,rnbqkbnr/ppp1pppp/8/3p4/5P2/8/PPPPP1PP/RNBQKBNR w KQkq - 0 2,d7d5
42,EulerE,Pas_89,550,535,rnbqkbnr/ppp1pppp/8/3p4/3P1P2/8/PPP1P1PP/RNBQKBNR b KQkq - 0 2,d2d4
42,EulerE,Pas_89,550,535,rnbqkbnr/ppp2ppp/4p3/3p4/3P1P2/8/PPP1P1PP/RNBQKBNR w KQkq - 0 3,e7e6
42,EulerE,Pas_89,550,535,rnbqkbnr/ppp2ppp/4p3/3p4/3P1P2/4P3/PPP3PP/RNBQKBNR b KQkq - 0 3,e2e3
42,EulerE,Pas_89,550,535,r1bqkbnr/ppp2ppp/2n1p3/3p4/3P1P2/4P3/PPP3PP/RNBQKBNR w KQkq - 1 4,b8c6
42,EulerE,Pas_89,550,535,r1bqkbnr/ppp2ppp/2n1p3/1B1p4/3P1P2/4P3/PPP3PP/RNBQK1NR b KQkq - 2 4,f1b5
42,EulerE,Pas_89,550,535,r1bqk1nr/ppp2ppp/2n1p3/1B1p4/1b1P1P2/4P3/PPP3PP/RNBQK1NR w KQkq - 3 5,f8b4
42,EulerE,Pas_89,550,535,r1bqk1nr/ppp2ppp/2n1p3/1B1p4/1b1P1P2/2P1P3/PP4PP/RNBQK1NR b KQkq - 0 5,c2c3
42,EulerE,Pas_89,550,535,r1bqk1nr/ppp2ppp/2nbp3/1B1p4/3P1P2/2P1P3/PP4PP/RNBQK1NR w KQkq - 1 6,b4d6
42,EulerE,Pas_89,550,535,r1bqk1nr/ppp2ppp/2nbp3/1B1p4/3P1P2/2P1PN2/PP4PP/RNBQK2R b KQkq - 2 6,g1f3
42,EulerE,Pas_89,550,535,r2qk1nr/pppb1ppp/2nbp3/1B1p4/3P1P2/2P1PN2/PP4PP/RNBQK2R w KQkq - 3 7,c8d7
42,EulerE,Pas_89,550,535,r2qk1nr/pppb1ppp/2nbp3/1B1p4/P2P1P2/2P1PN2/1P4PP/RNBQK2R b KQkq - 0 7,a2a4
42,EulerE,Pas_89,550,535,r3k1nr/pppbqppp/2nbp3/1B1p4/P2P1P2/2P1PN2/1P4PP/RNBQK2R w KQkq - 1 8,d8e7
42,EulerE,Pas_89,550,535,r3k1nr/pppbqppp/2nbp3/1B1p4/P2P1P2/1PP1PN2/6PP/RNBQK2R b KQkq - 0 8,b2b3
42,EulerE,Pas_89,550,535,2kr2nr/pppbqppp/2nbp3/1B1p4/P2P1P2/1PP1PN2/6PP/RNBQK2R w KQ - 1 9,e8c8
42,EulerE,Pas_89,550,535,2kr2nr/pppbqppp/2nbp3/1B1p4/P2P1P2/1PP1PN2/6PP/RNBQ1RK1 b - - 2 9,e1g1
42,EulerE,Pas_89,550,535,2kr3r/pppbqppp/2nbpn2/1B1p4/P2P1P2/1PP1PN2/6PP/RNBQ1RK1 w - - 3 10,g8f6
42,EulerE,Pas_89,550,535,2kr3r/pppbqppp/2nbpn2/1B1p4/P2P1P2/1PP1PNP1/7P/RNBQ1RK1 b - - 0 10,g2g3
42,EulerE,Pas_89,550,535,2kr3r/pppbqppp/2nbp3/1B1p4/P2PnP2/1PP1PNP1/7P/RNBQ1RK1 w - - 1 11,f6e4
42,EulerE,Pas_89,550,535,2kr3r/pppbqppp/2nbp3/1B1p4/P2PnP2/1PP1PNP1/1B5P/RN1Q1RK1 b - - 2 11,c1b2
42,EulerE,Pas_89,550,535,2kr3r/pppbq1pp/2nbpp2/1B1p4/P2PnP2/1PP1PNP1/1B5P/RN1Q1RK1 w - - 0 12,f7f6
42,EulerE,Pas_89,550,535,2kr3r/pppbq1pp/2nbpp2/1B1p4/P2PnP2/1PP1PNP1/1B1N3P/R2Q1RK1 b - - 1 12,b1d2
42,EulerE,Pas_89,550,535,2kr3r/pppbq1pp/3bpp2/nB1p4/P2PnP2/1PP1PNP1/1B1N3P/R2Q1RK1 w - - 2 13,c6a5
42,EulerE,Pas_89,550,535,2kr3r/pppbq1pp/3bpp2/nB1p4/P2PNP2/1PP1PNP1/1B5P/R2Q1RK1 b - - 0 13,d2e4
42,EulerE,Pas_89,550,535,2kr3r/pppbq1pp/3bpp2/nB6/P2PpP2/1PP1PNP1/1B5P/R2Q1RK1 w - - 0 14,d5e4
42,EulerE,Pas_89,550,535,2kr3r/pppbq1pp/3bpp2/nB6/P2PpP2/1PP1P1P1/1B1N3P/R2Q1RK1 b - - 1 14,f3d2
42,EulerE,Pas_89,550,535,2kr3r/pppbq1pp/3b1p2/nB2p3/P2PpP2/1PP1P1P1/1B1N3P/R2Q1RK1 w - - 0 15,e6e5
42,EulerE,Pas_89,550,535,2kr3r/pppbq1pp/3b1p2/nB2p3/P2PNP2/1PP1P1P1/1B5P/R2Q1RK1 b - - 0 15,d2e4
42,EulerE,Pas_89,550,535,2kr3r/pppbq1pp/3b1p2/nB6/P2pNP2/1PP1P1P1/1B5P/R2Q1RK1 w - - 0 16,e5d4
42,EulerE,Pas_89,550,535,2kr3r/pppBq1pp/3b1p2/n7/P2pNP2/1PP1P1P1/1B5P/R2Q1RK1 b - - 0 16,b5d7
42,EulerE,Pas_89,550,535,3r3r/pppkq1pp/3b1p2/n7/P2pNP2/1PP1P1P1/1B5P/R2Q1RK1 w - - 0 17,c8d7
42,EulerE,Pas_89,550,535,3r3r/pppkq1pp/3b1p2/n7/P2PNP2/1PP3P1/1B5P/R2Q1RK1 b - - 0 17,e3d4
42,EulerE,Pas_89,550,535,3r3r/pppkq1pp/3b1p2/8/P2PNP2/1nP3P1/1B5P/R2Q1RK1 w - - 0 18,a5b3
42,EulerE,Pas_89,550,535,3r3r/pppkq1pp/3b1p2/8/P2PNP2/1QP3P1/1B5P/R4RK1 b - - 0 18,d1b3
42,EulerE,Pas_89,550,535,3r3r/pppk2pp/3b1p2/8/P2PqP2/1QP3P1/1B5P/R4RK1 w - - 0 19,e7e4
42,EulerE,Pas_89,550,535,3r3r/pppk2pp/3b1p2/8/P2PqP2/1QP3P1/1B5P/R3R1K1 b - - 1 19,f1e1
42,EulerE,Pas_89,550,535,3r3r/pppk2pp/3b1p2/8/P2P1P2/1QPq2P1/1B5P/R3R1K1 w - - 2 20,e4d3
42,EulerE,Pas_89,550,535,3r3r/pppk1Qpp/3b1p2/8/P2P1P2/2Pq2P1/1B5P/R3R1K1 b - - 3 20,b3f7
42,EulerE,Pas_89,550,535,3r3r/pppkbQpp/5p2/8/P2P1P2/2Pq2P1/1B5P/R3R1K1 w - - 4 21,d6e7
42,EulerE,Pas_89,550,535,3r3r/pppkb1Qp/5p2/8/P2P1P2/2Pq2P1/1B5P/R3R1K1 b - - 0 21,f7g7
42,EulerE,Pas_89,550,535,3r3r/pppkb1Qp/5p2/8/P2P1P2/2P3P1/1Bq4P/R3R1K1 w - - 1 22,d3c2
42,EulerE,Pas_89,550,535,3r3r/pppkb1Qp/5p2/8/P2P1P2/2P3P1/1Bq4P/1R2R1K1 b - - 2 22,a1b1
42,EulerE,Pas_89,550,535,3r3r/pppkb1Qp/5p2/8/q2P1P2/2P3P1/1B5P/1R2R1K1 w - - 0 23,c2a4
42,EulerE,Pas_89,550,535,3r3r/pppkb1Qp/5p2/8/q2P1P1P/2P3P1/1B6/1R2R1K1 b - - 0 23,h2h4
42,EulerE,Pas_89,550,535,6rr/pppkb1Qp/5p2/8/q2P1P1P/2P3P1/1B6/1R2R1K1 w - - 1 24,d8g8
42,EulerE,Pas_89,550,535,6rr/pppkR1Qp/5p2/8/q2P1P1P/2P3P1/1B6/1R4K1 b - - 0 24,e1e7
42,EulerE,Pas_89,550,535,6rr/ppp1R1Qp/2k2p2/8/q2P1P1P/2P3P1/1B6/1R4K1 w - - 1 25,d7c6
42,EulerE,Pas_89,550,535,6rr/ppp1RQ1p/2k2p2/8/q2P1P1P/2P3P1/1B6/1R4K1 b - - 2 25,g7f7
42,EulerE,Pas_89,550,535,6rr/ppp1RQ1p/2k2p2/8/3P1P1P/2P3P1/qB6/1R4K1 w - - 3 26,a4a2
42,EulerE,Pas_89,550,535,6rr/ppR2Q1p/2k2p2/8/3P1P1P/2P3P1/qB6/1R4K1 b - - 0 26,e7c7
42,EulerE,Pas_89,550,535,6rr/ppR2Q1p/1k3p2/8/3P1P1P/2P3P1/qB6/1R4K1 w - - 1 27,c6b6
42,EulerE,Pas_89,550,535,6rr/pR3Q1p/1k3p2/8/3P1P1P/2P3P1/qB6/1R4K1 b - - 0 27,c7b7
42,EulerE,Pas_89,550,535,6rr/pR3Q1p/2k2p2/8/3P1P1P/2P3P1/qB6/1R4K1 w - - 1 28,b6c6
42,EulerE,Pas_89,550,535,6rr/pR5p/2k2p2/8/3P1P1P/2P3P1/QB6/1R4K1 b - - 0 28,f7a2
42,EulerE,Pas_89,550,535,6rr/pk5p/5p2/8/3P1P1P/2P3P1/QB6/1R4K1 w - - 0 29,c6b7
42,EulerE,Pas_89,550,535,6rr/pk5p/5p2/8/3P1P1P/2P3P1/QB6/4R1K1 b - - 1 29,b1e1
42,EulerE,Pas_89,550,535,7r/pk5p/5p2/8/3P1P1P/2P3r1/QB6/4R1K1 w - - 0 30,g8g3
42,EulerE,Pas_89,550,535,7r/pk5p/5p2/8/3P1P1P/2P3r1/QB3K2/4R3 b - - 1 30,g1f2
42,EulerE,Pas_89,550,535,7r/pk5p/5p2/8/3P1PrP/2P5/QB3K2/4R3 w - - 2 31,g3g4
42,EulerE,Pas_89,550,535,7r/pk2R2p/5p2/8/3P1PrP/2P5/QB3K2/8 b - - 3 31,e1e7
42,EulerE,Pas_89,550,535,1k5r/p3R2p/5p2/8/3P1PrP/2P5/QB3K2/8 w - - 4 32,b7b8
42,EulerE,Pas_89,550,535,1k5r/Q3R2p/5p2/8/3P1PrP/2P5/1B3K2/8 b - - 0 32,a2a7
42,EulerE,Pas_89,550,535,2k4r/Q3R2p/5p2/8/3P1PrP/2P5/1B3K2/8 w - - 1 33,b8c8
42,EulerE,Pas_89,550,535,Q1k4r/4R2p/5p2/8/3P1PrP/2P5/1B3K2/8 b - - 2 33,a7a8
43,doraemon300,EulerE,568,542,rnbqkbnr/pppppppp/8/8/4P3/8/PPPP1PPP/RNBQKBNR b KQkq - 0 1,e2e4
43,doraemon300,EulerE,568,542,rnbqkbnr/pppp1ppp/8/4p3/4P3/8/PPPP1PPP/RNBQKBNR w KQkq - 0 2,e7e5
43,doraemon300,EulerE,568,542,rnbqkbnr/pppp1ppp/8/4p3/2B1P3/8/PPPP1PPP/RNBQK1NR b KQkq - 1 2,f1c4
43,doraemon300,EulerE,568,542,rnbqkbnr/ppp2ppp/3p4/4p3/2B1P3/8/PPPP1PPP/RNBQK1NR w KQkq - 0 3,d7d6
43,doraemon300,EulerE,568,542,rnbqkbnr/ppp2ppp/3p4/4p3/2B1P3/5Q2/PPPP1PPP/RNB1K1NR b KQkq - 1 3,d1f3
43,doraemon300,EulerE,568,542,rnbqkbnr/1pp2ppp/p2p4/4p3/2B1P3/5Q2/PPPP1PPP/RNB1K1NR w KQkq - 0 4,a7a6
43,doraemon300,EulerE,568,542,rnbqkbnr/1pp2Qpp/p2p4/4p3/2B1P3/8/PPPP1PPP/RNB1K1NR b KQkq - 0 4,f3f7
44,Mr_42,EulerE,555,550,rnbqkbnr/pppppppp/8/8/3P4/8/PPP1PPPP/RNBQKBNR b KQkq - 0 1,d2d4
44,Mr_42,EulerE,555,550,rnbqkbnr/ppp1pppp/8/3p4/3P4/8/PPP1PPPP/RNBQKBNR w KQkq - 0 2,d7d5
44,Mr_42,EulerE,555,550,rnbqkbnr/ppp1pppp/8/3p4/3P1B2/8/PPP1PPPP/RN1QKBNR b KQkq - 1 2,c1f4
44,Mr_42,EulerE,555,550,rnbqkbnr/ppp2ppp/4p3/3p4/3P1B2/8/PPP1PPPP/RN1QKBNR w KQkq - 0 3,e7e6
44,Mr_42,EulerE,555,550,rnbqkbnr/ppp2ppp/4p3/3p4/3P1B2/4P3/PPP2PPP/RN1QKBNR b KQkq - 0 3,e2e3
44,Mr_42,EulerE,555,550,rnbqkbnr/ppp3pp/4pp2/3p4/3P1B2/4P3/PPP2PPP/RN1QKBNR w KQkq - 0 4,f7f6
44,Mr_42,EulerE,555,550,rnbqkbnr/ppp3pp/4pp2/3p4/3P1B2/3BP3/PPP2PPP/RN1QK1NR b KQkq - 1 4,f1d3
44,Mr_42,EulerE,555,550,rnbqkbnr/ppp3pp/5p2/3pp3/3P1B2/3BP3/PPP2PPP/RN1QK1NR w KQkq - 0 5,e6e5
44,Mr_42,EulerE,555,550,rnbqkbnr/ppp3pp/5p2/3pp3/3P4/3BP1B1/PPP2PPP/RN1QK1NR b KQkq - 1 5,f4g3
44,Mr_42,EulerE,555,550,rnbqkbnr/ppp3pp/5p2/3p4/3p4/3BP1B1/PPP2PPP/RN1QK1NR w KQkq - 0 6,e5d4
44,Mr_42,EulerE,555,550,rnbqkbnr/ppp3pp/5p2/3p4/3P4/3B2B1/PPP2PPP/RN1QK1NR b KQkq - 0 6,e3d4
44,Mr_42,EulerE,555,550,rnbqk1nr/ppp3pp/3b1p2/3p4/3P4/3B2B1/PPP2PPP/RN1QK1NR w KQkq - 1 7,f8d6
44,Mr_42,EulerE,555,550,rnbqk1nr/ppp3pp/3b1p2/3p4/3P4/3B2B1/PPPN1PPP/R2QK1NR b KQkq - 2 7,b1d2
44,Mr_42,EulerE,555,550,rnbqk1nr/ppp3pp/5p2/3p4/3P4/3B2b1/PPPN1PPP/R2QK1NR w KQkq - 0 8,d6g3
44,Mr_42,EulerE,555,550,rnbqk1nr/ppp3pp/5p2/3p4/3P4/3B2P1/PPPN1PP1/R2QK1NR b KQkq - 0 8,h2g3
44,Mr_42,EulerE,555,550,rnbqk2r/ppp3pp/5p1n/3p4/3P4/3B2P1/PPPN1PP1/R2QK1NR w KQkq - 1 9,g8h6
44,Mr_42,EulerE,555,550,rnbqk2r/ppp3pp/5p1n/3p3Q/3P4/3B2P1/PPPN1PP1/R3K1NR b KQkq - 2 9,d1h5
44,Mr_42,EulerE,555,550,rnbqk2r/ppp2npp/5p2/3p3Q/3P4/3B2P1/PPPN1PP1/R3K1NR w KQkq - 3 10,h6f7
44,Mr_42,EulerE,555,550,rnbqk2r/ppp2npp/5p2/3p3Q/3P4/3B2P1/PPPN1PP1/2KR2NR b kq - 4 10,e1c1
44,Mr_42,EulerE,555,550,rnbqk2r/ppp2n1p/5pp1/3p3Q/3P4/3B2P1/PPPN1PP1/2KR2NR w kq - 0 11,g7g6
44,Mr_42,EulerE,555,550,rnbqk2r/ppp2n1p/5pp1/3p4/3P4/3B2P1/PPPNQPP1/2KR2NR b kq - 1 11,h5e2
44,Mr_42,EulerE,555,550,rnbq1k1r/ppp2n1p/5pp1/3p4/3P4/3B2P1/PPPNQPP1/2KR2NR w - - 2 12,e8f8
44,Mr_42,EulerE,555,550,rnbq1k1r/ppp2n1p/5pp1/3p4/3P1P2/3B2P1/PPPNQ1P1/2KR2NR b - - 0 12,f2f4
44,Mr_42,EulerE,555,550,rn1q1k1r/ppp2n1p/5pp1/3p1b2/3P1P2/3B2P1/PPPNQ1P1/2KR2NR w - - 1 13,c8f5
44,Mr_42,EulerE,555,550,rn1q1k1r/ppp2n1p/5pp1/3p1b2/3P1P2/3B2P1/PPPNQ1P1/2K1R1NR b - - 2 13,d1e1
44,Mr_42,EulerE,555,550,r2q1k1r/pppn1n1p/5pp1/3p1b2/3P1P2/3B2P1/PPPNQ1P1/2K1R1NR w - - 3 14,b8d7
44,Mr_42,EulerE,555,550,r2q1k1r/pppn1n1p/5pp1/3p1B2/3P1P2/6P1/PPPNQ1P1/2K1R1NR b - - 0 14,d3f5
44,Mr_42,EulerE,555,550,r2q1k1r/pppn1n1p/5p2/3p1p2/3P1P2/6P1/PPPNQ1P1/2K1R1NR w - - 0 15,g6f5
44,Mr_42,EulerE,555,550,r2q1k1r/pppn1n1p/5p2/3p1p1R/3P1P2/6P1/PPPNQ1P1/2K1R1N1 b - - 1 15,h1h5
44,Mr_42,EulerE,555,550,r2q1k1r/pp1n1n1p/2p2p2/3p1p1R/3P1P2/6P1/PPPNQ1P1/2K1R1N1 w - - 0 16,c7c6
44,Mr_42,EulerE,555,550,r2q1k1r/pp1n1n1p/2p2p2/3p1R2/3P1P2/6P1/PPPNQ1P1/2K1R1N1 b - - 0 16,h5f5
44,Mr_42,EulerE,555,550,r2q1k1r/pp1n3p/2p2p1n/3p1R2/3P1P2/6P1/PPPNQ1P1/2K1R1N1 w - - 1 17,f7h6
44,Mr_42,EulerE,555,550,r2q1k1r/pp1n3p/2p2p1n/3p3R/3P1P2/6P1/PPPNQ1P1/2K1R1N1 b - - 2 17,f5h5
44,Mr_42,EulerE,555,550,r2q3r/pp1n2kp/2p2p1n/3p3R/3P1P2/6P1/PPPNQ1P1/2K1R1N1 w - - 3 18,f8g7
44,Mr_42,EulerE,555,550,r2q3r/pp1nQ1kp/2p2p1n/3p3R/3P1P2/6P1/PPPN2P1/2K1R1N1 b - - 4 18,e2e7
44,Mr_42,EulerE,555,550,r6r/pp1nq1kp/2p2p1n/3p3R/3P1P2/6P1/PPPN2P1/2K1R1N1 w - - 0 19,d8e7
44,Mr_42,EulerE,555,550,r6r/pp1nR1kp/2p2p1n/3p3R/3P1P2/6P1/PPPN2P1/2K3N1 b - - 0 19,e1e7
44,Mr_42,EulerE,555,550,r6r/pp1nR2p/2p2pkn/3p3R/3P1P2/6P1/PPPN2P1/2K3N1 w - - 1 20,g7g6
44,Mr_42,EulerE,555,550,r6r/pp1nR2p/2p2pkn/3p3R/3P1PP1/8/PPPN2P1/2K3N1 b - - 0 20,g3g4
44,Mr_42,EulerE,555,550,r6r/pp1nR2p/2p2pk1/3p3R/3P1Pn1/8/PPPN2P1/2K3N1 w - - 0 21,h6g4
44,Mr_42,EulerE,555,550,r6r/pp1n3R/2p2pk1/3p3R/3P1Pn1/8/PPPN2P1/2K3N1 b - - 0 21,e7h7
44,Mr_42,EulerE,555,550,r3r3/pp1n3R/2p2pk1/3p3R/3P1Pn1/8/PPPN2P1/2K3N1 w - - 1 22,h8e8
44,Mr_42,EulerE,555,550,r3r3/pp1n3R/2p2pk1/3p3R/3P1Pn1/5N2/PPPN2P1/2K5 b - - 2 22,g1f3
44,Mr_42,EulerE,555,550,r7/pp1n3R/2p2pk1/3p3R/3P1Pn1/5N2/PPPN2P1/2K1r3 w - - 3 23,e8e1
44,Mr_42,EulerE,555,550,r7/pp1n3R/2p2pk1/3p3R/3P1Pn1/8/PPPN2P1/2K1N3 b - - 0 23,f3e1
44,Mr_42,EulerE,555,550,r7/pp1n3R/2p3k1/3p1p1R/3P1Pn1/8/PPPN2P1/2K1N3 w - - 0 24,f6f5
44,Mr_42,EulerE,555,550,r7/pp1n4/2p3kR/3p1p1R/3P1Pn1/8/PPPN2P1/2K1N3 b - - 1 24,h7h6
44,Mr_42,EulerE,555,550,r7/pp1n2k1/2p4R/3p1p1R/3P1Pn1/8/PPPN2P1/2K1N3 w - - 2 25,g6g7
44,Mr_42,EulerE,555,550,r7/pp1n2k1/2p4R/3p1pR1/3P1Pn1/8/PPPN2P1/2K1N3 b - - 3 25,h5g5
44,Mr_42,EulerE,555,550,r7/pp1n4/2p4k/3p1pR1/3P1Pn1/8/PPPN2P1/2K1N3 w - - 0 26,g7h6
44,Mr_42,EulerE,555,550,r7/pp1n4/2p4k/3p1R2/3P1Pn1/8/PPPN2P1/2K1N3 b - - 0 26,g5f5
44,Mr_42,EulerE,555,550,4r3/pp1n4/2p4k/3p1R2/3P1Pn1/8/PPPN2P1/2K1N3 w - - 1 27,a8e8
44,Mr_42,EulerE,555,550,4r3/pp1n4/2p4k/3p1R2/3P1Pn1/5N2/PPP3P1/2K1N3 b - - 2 27,d2f3
44,Mr_42,EulerE,555,550,4r3/pp1n4/2p3k1/3p1R2/3P1Pn1/5N2/PPP3P1/2K1N3 w - - 3 28,h6g6
44,Mr_42,EulerE,555,550,4r3/pp1n4/2p3k1/3p2R1/3P1Pn1/5N2/PPP3P1/2K1N3 b - - 4 28,f5g5
44,Mr_42,EulerE,555,550,4r3/pp1n4/2p2k2/3p2R1/3P1Pn1/5N2/PPP3P1/2K1N3 w - - 5 29,g6f6
44,Mr_42,EulerE,555,550,4r3/pp1n4/2p2k2/3p4/3P1PR1/5N2/PPP3P1/2K1N3 b - - 0 29,g5g4
44,Mr_42,EulerE,555,550,4r3/pp1n4/2p5/3p1k2/3P1PR1/5N2/PPP3P1/2K1N3 w - - 1 30,f6f5
44,Mr_42,EulerE,555,550,4r3/pp1n2R1/2p5/3p1k2/3P1P2/5N2/PPP3P1/2K1N3 b - - 2 30,g4g7
44,Mr_42,EulerE,555,550,4r3/pp4R1/2p2n2/3p1k2/3P1P2/5N2/PPP3P1/2K1N3 w - - 3 31,d7f6
44,Mr_42,EulerE,555,550,4r3/pp3R2/2p2n2/3p1k2/3P1P2/5N2/PPP3P1/2K1N3 b - - 4 31,g7f7
44,Mr_42,EulerE,555,550,4r3/pp3R2/2p2n2/3p4/3P1k2/5N2/PPP3P1/2K1N3 w - - 0 32,f5f4
44,Mr_42,EulerE,555,550,4r3/pp6/2p2R2/3p4/3P1k2/5N2/PPP3P1/2K1N3 b - - 0 32,f7f6
44,Mr_42,EulerE,555,550,4r3/pp6/2p2R2/3p4/3P4/5Nk1/PPP3P1/2K1N3 w - - 1 33,f4g3
44,Mr_42,EulerE,555,550,4r3/pp6/2p3R1/3p4/3P4/5Nk1/PPP3P1/2K1N3 b - - 2 33,f6g6
44,Mr_42,EulerE,555,550,4r3/pp6/2p3R1/3p4/3P1k2/5N2/PPP3P1/2K1N3 w - - 3 34,g3f4
44,Mr_42,EulerE,555,550,4r3/pp6/2p3R1/3p4/3P1k2/5NP1/PPP5/2K1N3 b - - 0 34,g2g3
44,Mr_42,EulerE,555,550,4r3/pp6/2p3R1/3p4/3P4/4kNP1/PPP5/2K1N3 w - - 1 35,f4e3
44,Mr_42,EulerE,555,550,4r3/pp6/2p3R1/3p4/3P4/2P1kNP1/PP6/2K1N3 b - - 0 35,c2c3
44,Mr_42,EulerE,555,550,4r3/pp6/2p3R1/3p4/3P4/2P2NP1/PP3k2/2K1N3 w - - 1 36,e3f2
44,Mr_42,EulerE,555,550,4r3/pp6/2p3R1/3p4/3P2P1/2P2N2/PP3k2/2K1N3 b - - 0 36,g3g4
44,Mr_42,EulerE,555,550,4r3/p7/2p3R1/1p1p4/3P2P1/2P2N2/PP3k2/2K1N3 w - - 0 37,b7b5
44,Mr_42,EulerE,555,550,4r3/p7/2p3R1/1p1p2P1/3P4/2P2N2/PP3k2/2K1N3 b - - 0 37,g4g5
44,Mr_42,EulerE,555,550,4r3/p7/6R1/1ppp2P1/3P4/2P2N2/PP3k2/2K1N3 w - - 0 38,c6c5
44,Mr_42,EulerE,555,550,4r3/p7/6R1/1pPp2P1/8/2P2N2/PP3k2/2K1N3 b - - 0 38,d4c5
44,Mr_42,EulerE,555,550,2r5/p7/6R1/1pPp2P1/8/2P2N2/PP3k2/2K1N3 w - - 1 39,e8c8
44,Mr_42,EulerE,555,550,2r5/p7/5R2/1pPp2P1/8/2P2N2/PP3k2/2K1N3 b - - 2 39,g6f6
44,Mr_42,EulerE,555,550,6r1/p7/5R2/1pPp2P1/8/2P2N2/PP3k2/2K1N3 w - - 3 40,c8g8
44,Mr_42,EulerE,555,550,6r1/p7/5RP1/1pPp4/8/2P2N2/PP3k2/2K1N3 b - - 0 40,g5g6
44,Mr_42,EulerE,555,550,6r1/8/p4RP1/1pPp4/8/2P2N2/PP3k2/2K1N3 w - - 0 41,a7a6
44,Mr_42,EulerE,555,550,6r1/8/p1P2RP1/1p1p4/8/2P2N2/PP3k2/2K1N3 b - - 0 41,c5c6
44,Mr_42,EulerE,555,550,4r3/8/p1P2RP1/1p1p4/8/2P2N2/PP3k2/2K1N3 w - - 1 42,g8e8
44,Mr_42,EulerE,555,550,4r3/8/p1P2RP1/1p1p4/8/2P2N2/PP3k2/3KN3 b - - 2 42,c1d1
44,Mr_42,EulerE,555,550,8/8/p1P2RP1/1p1p4/8/2P1rN2/PP3k2/3KN3 w - - 3 43,e8e3
44,Mr_42,EulerE,555,550,8/8/p1P2RP1/1p1p4/7N/2P1r3/PP3k2/3KN3 b - - 4 43,f3h4
44,Mr_42,EulerE,555,550,8/8/p1P2RP1/1p1p4/7N/2P1r1k1/PP6/3KN3 w - - 5 44,f2g3
44,Mr_42,EulerE,555,550,8/8/p1P2RP1/1p1p1N2/8/2P1r1k1/PP6/3KN3 b - - 6 44,h4f5
44,Mr_42,EulerE,555,550,8/8/p1P2RP1/1p1p1N2/8/2P1r3/PP3k2/3KN3 w - - 7 45,g3f2
44,Mr_42,EulerE,555,550,8/8/p1P2RP1/1p1p4/8/2P1N3/PP3k2/3KN3 b - - 0 45,f5e3
44,Mr_42,EulerE,555,550,8/8/p1P2RP1/1p1p4/8/2P1k3/PP6/3KN3 w - - 0 46,f2e3
44,Mr_42,EulerE,555,550,8/6P1/p1P2R2/1p1p4/8/2P1k3/PP6/3KN3 b - - 0 46,g6g7
44,Mr_42,EulerE,555,550,8/6P1/2P2R2/pp1p4/8/2P1k3/PP6/3KN3 w - - 0 47,a6a5
44,Mr_42,EulerE,555,550,6Q1/8/2P2R2/pp1p4/8/2P1k3/PP6/3KN3 b - - 0 47,g7g8q
44,Mr_42,EulerE,555,550,6Q1/8/2P2R2/1p1p4/p7/2P1k3/PP6/3KN3 w - - 0 48,a5a4
44,Mr_42,EulerE,555,550,8/8/2P2R2/1p1p4/p7/2P1k3/PP6/3KN1Q1 b - - 1 48,g8g1
44,Mr_42,EulerE,555,550,8/8/2P2R2/1p1p4/p3k3/2P5/PP6/3KN1Q1 w - - 2 49,e3e4
44,Mr_42,EulerE,555,550,8/8/2P1R3/1p1p4/p3k3/2P5/PP6/3KN1Q1 b - - 3 49,f6e6
44,Mr_42,EulerE,555,550,8/8/2P1R3/1p1p4/p4k2/2P5/PP6/3KN1Q1 w - - 4 50,e4f4
44,Mr_42,EulerE,555,550,8/8/2P1R3/1p1p4/p4k2/2P1Q3/PP6/3KN3 b - - 5 50,g1e3
44,Mr_42,EulerE,555,550,8/8/2P1R3/1p1p4/p5k1/2P1Q3/PP6/3KN3 w - - 6 51,f4g4
45,EulerE,AyaanAbaan,542,553,rnbqkbnr/pppppppp/8/8/4P3/8/PPPP1PPP/RNBQKBNR b KQkq - 0 1,e2e4
45,EulerE,AyaanAbaan,542,553,rnbqkbnr/ppp1pppp/8/3p4/4P3/8/PPPP1PPP/RNBQKBNR w KQkq - 0 2,d7d5
45,EulerE,AyaanAbaan,542,553,rnbqkbnr/ppp1pppp/8/3P4/8/8/PPPP1PPP/RNBQKBNR b KQkq - 0 2,e4d5
45,EulerE,AyaanAbaan,542,553,rnb1kbnr/ppp1pppp/8/3q4/8/8/PPPP1PPP/RNBQKBNR w KQkq - 0 3,d8d5
45,EulerE,AyaanAbaan,542,553,rnb1kbnr/ppp1pppp/8/3q4/8/5P2/PPPP2PP/RNBQKBNR b KQkq - 0 3,f2f3
45,EulerE,AyaanAbaan,542,553,rnb1kbnr/ppp2ppp/8/3qp3/8/5P2/PPPP2PP/RNBQKBNR w KQkq - 0 4,e7e5
45,EulerE,AyaanAbaan,542,553,rnb1kbnr/ppp2ppp/8/3qp3/8/1P3P2/P1PP2PP/RNBQKBNR b KQkq - 0 4,b2b3
45,EulerE,AyaanAbaan,542,553,rnb1kbnr/ppp2ppp/8/3q4/4p3/1P3P2/P1PP2PP/RNBQKBNR w KQkq - 0 5,e5e4
45,EulerE,AyaanAbaan,542,553,rnb1kbnr/ppp2ppp/8/3q4/2B1p3/1P3P2/P1PP2PP/RNBQK1NR b KQkq - 1 5,f1c4
45,EulerE,AyaanAbaan,542,553,rnb1kbnr/ppp2ppp/8/4q3/2B1p3/1P3P2/P1PP2PP/RNBQK1NR w KQkq - 2 6,d5e5
45,EulerE,AyaanAbaan,542,553,rnb1kbnr/ppp2ppp/8/4q3/2B1p3/1PN2P2/P1PP2PP/R1BQK1NR b KQkq - 3 6,b1c3
45,EulerE,AyaanAbaan,542,553,rnb1kbnr/ppp2ppp/8/4q3/2B5/1PN2p2/P1PP2PP/R1BQK1NR w KQkq - 0 7,e4f3
45,EulerE,AyaanAbaan,542,553,rnb1kbnr/ppp2ppp/8/4q3/2B5/1PN2p2/P1PPN1PP/R1BQK2R b KQkq - 1 7,g1e2
45,EulerE,AyaanAbaan,542,553,rnb1kbnr/ppp2ppp/8/4q3/2B5/1PN5/P1PPN1pP/R1BQK2R w KQkq - 0 8,f3g2
45,EulerE,AyaanAbaan,542,553,rnb1kbnr/ppp2ppp/8/4q3/2B5/1PN5/P1PPN1pP/R1BQK1R1 b Qkq - 1 8,h1g1
45,EulerE,AyaanAbaan,542,553,rnb1kbnr/ppp2ppp/8/8/2B5/1PN5/P1PPN1pq/R1BQK1R1 w Qkq - 0 9,e5h2
45,EulerE,AyaanAbaan,542,553,rnb1kbnr/ppp2ppp/8/8/2B5/1PN5/P1PPN1Rq/R1BQK3 b Qkq - 0 9,g1g2
45,EulerE,AyaanAbaan,542,553,rnb1kbnr/ppp2ppp/8/8/2B5/1PN5/P1PPN1q1/R1BQK3 w Qkq - 0 10,h2g2
45,EulerE,AyaanAbaan,542,553,rnb1kbnr/ppp2ppp/8/8/2BP4/1PN5/P1P1N1q1/R1BQK3 b Qkq - 0 10,d2d4
45,EulerE,AyaanAbaan,542,553,rnb1kb1r/ppp2ppp/5n2/8/2BP4/1PN5/P1P1N1q1/R1BQK3 w Qkq - 1 11,g8f6
45,EulerE,AyaanAbaan,542,553,rnb1kb1r/ppp2ppp/5n2/3P4/2B5/1PN5/P1P1N1q1/R1BQK3 b Qkq - 0 11,d4d5
45,EulerE,AyaanAbaan,542,553,rnb1kb1r/pp3ppp/2p2n2/3P4/2B5/1PN5/P1P1N1q1/R1BQK3 w Qkq - 0 12,c7c6
45,EulerE,AyaanAbaan,542,553,rnb1kb1r/pp3ppp/2P2n2/8/2B5/1PN5/P1P1N1q1/R1BQK3 b Qkq - 0 12,d5c6
45,EulerE,AyaanAbaan,542,553,r1b1kb1r/pp3ppp/2n2n2/8/2B5/1PN5/P1P1N1q1/R1BQK3 w Qkq - 0 13,b8c6
45,EulerE,AyaanAbaan,542,553,r1b1kb1r/pp3ppp/2n2n2/3Q4/2B5/1PN5/P1P1N1q1/R1B1K3 b Qkq - 1 13,d1d5
45,EulerE,AyaanAbaan,542,553,r3kb1r/pp3ppp/2n2n2/3Q4/2B3b1/1PN5/P1P1N1q1/R1B1K3 w Qkq - 2 14,c8g4
45,EulerE,AyaanAbaan,542,553,r3kb1r/pp3Qpp/2n2n2/8/2B3b1/1PN5/P1P1N1q1/R1B1K3 b Qkq - 0 14,d5f7
45,EulerE,AyaanAbaan,542,553,r2k1b1r/pp3Qpp/2n2n2/8/2B3b1/1PN5/P1P1N1q1/R1B1K3 w Q - 1 15,e8d8
45,EulerE,AyaanAbaan,542,553,r2k1b1r/pQ4pp/2n2n2/8/2B3b1/1PN5/P1P1N1q1/R1B1K3 b Q - 0 15,f7b7
45,EulerE,AyaanAbaan,542,553,1r1k1b1r/pQ4pp/2n2n2/8/2B3b1/1PN5/P1P1N1q1/R1B1K3 w Q - 1 16,a8b8
45,EulerE,AyaanAbaan,542,553,1r1k1b1r/p5pp/Q1n2n2/8/2B3b1/1PN5/P1P1N1q1/R1B1K3 b Q - 2 16,b7a6
45,EulerE,AyaanAbaan,542,553,1r1k1b1r/p5pp/Q4n2/8/1nB3b1/1PN5/P1P1N1q1/R1B1K3 w Q - 3 17,c6b4
45,EulerE,AyaanAbaan,542,553,1r1k1b1r/Q5pp/5n2/8/1nB3b1/1PN5/P1P1N1q1/R1B1K3 b Q - 0 17,a6a7
45,EulerE,AyaanAbaan,542,553,1r1k1b1r/Q5pp/5n2/8/2B3b1/1PN5/P1n1N1q1/R1B1K3 w Q - 0 18,b4c2
45,EulerE,AyaanAbaan,542,553,1r1k1b1r/Q5pp/5n2/8/2B3b1/1PN5/P1n1N1q1/R1BK4 b - - 1 18,e1d1
45,EulerE,AyaanAbaan,542,553,1r1k1b1r/Q5pp/5n2/8/2B3b1/1PN5/P3N1q1/n1BK4 w - - 0 19,c2a1
45,EulerE,AyaanAbaan,542,553,1Q1k1b1r/6pp/5n2/8/2B3b1/1PN5/P3N1q1/n1BK4 b - - 0 19,a7b8
45,EulerE,AyaanAbaan,542,553,1Q3b1r/3k2pp/5n2/8/2B3b1/1PN5/P3N1q1/n1BK4 w - - 1 20,d8d7
45,EulerE,AyaanAbaan,542,553,1Q3b1r/3k2pp/5n2/6B1/2B3b1/1PN5/P3N1q1/n2K4 b - - 2 20,c1g5
45,EulerE,AyaanAbaan,542,553,1Q3b1r/3k2pp/8/6B1/2B1n1b1/1PN5/P3N1q1/n2K4 w - - 3 21,f6e4
45,EulerE,AyaanAbaan,542,553,1Q3b1r/3k2pp/8/6B1/2B1N1b1/1P6/P3N1q1/n2K4 b - - 0 21,c3e4
45,EulerE,AyaanAbaan,542,553,1Q3b1r/3k2pp/8/6B1/2B1N1b1/1P6/P3q3/n2K4 w - - 0 22,g2e2
45,EulerE,AyaanAbaan,542,553,1Q3b1r/3k2pp/8/6B1/2B1N1b1/1P6/P3q3/n1K5 b - - 1 22,d1c1
45,EulerE,AyaanAbaan,542,553,1Q3b1r/3k2pp/8/6B1/2B1q1b1/1P6/P7/n1K5 w - - 0 23,e2e4
45,EulerE,AyaanAbaan,542,553,1Q3b1r/3k2pp/8/6B1/4q1b1/1P6/P3B3/n1K5 b - - 1 23,c4e2
45,EulerE,AyaanAbaan,542,553,1Q3b1r/3k2pp/8/6B1/4q3/1P6/P3b3/n1K5 w - - 0 24,g4e2
45,EulerE,AyaanAbaan,542,553,1Q3b1r/3k2pp/8/6B1/4q3/1P6/P2Kb3/n7 b - - 1 24,c1d2
45,EulerE,AyaanAbaan,542,553,1Q3b1r/3k2pp/8/6B1/8/1P1q4/P2Kb3/n7 w - - 2 25,e4d3
45,EulerE,AyaanAbaan,542,553,1Q3b1r/3k2pp/8/6B1/8/1P1q4/P3b3/n1K5 b - - 3 25,d2c1
45,EulerE,AyaanAbaan,542,553,1Q3b1r/3k2pp/8/6B1/8/1P6/P1q1b3/n1K5 w - - 4 26,d3c2
46,gilabi1000,EulerE,541,534,rnbqkbnr/pppppppp/8/8/3P4/8/PPP1PPPP/RNBQKBNR b KQkq - 0 1,d2d4
46,gilabi1000,EulerE,541,534,rnbqkbnr/ppp1pppp/8/3p4/3P4/8/PPP1PPPP/RNBQKBNR w KQkq - 0 2,d7d5
46,gilabi1000,EulerE,541,534,rnbqkbnr/ppp1pppp/8/3p4/3P1B2/8/PPP1PPPP/RN1QKBNR b KQkq - 1 2,c1f4
46,gilabi1000,EulerE,541,534,rnbqkbnr/ppp2ppp/4p3/3p4/3P1B2/8/PPP1PPPP/RN1QKBNR w KQkq - 0 3,e7e6
46,gilabi1000,EulerE,541,534,rnbqkbnr/ppp2ppp/4p3/3p4/3P1B2/4P3/PPP2PPP/RN1QKBNR b KQkq - 0 3,e2e3
46,gilabi1000,EulerE,541,534,rnbqkbnr/pp3ppp/2p1p3/3p4/3P1B2/4P3/PPP2PPP/RN1QKBNR w KQkq - 0 4,c7c6
46,gilabi1000,EulerE,541,534,rnbqkbnr/pp3ppp/2p1p3/3p4/3P1B2/2P1P3/PP3PPP/RN1QKBNR b KQkq - 0 4,c2c3
46,gilabi1000,EulerE,541,534,r1bqkbnr/pp1n1ppp/2p1p3/3p4/3P1B2/2P1P3/PP3PPP/RN1QKBNR w KQkq - 1 5,b8d7
46,gilabi1000,EulerE,541,534,r1bqkbnr/pp1n1ppp/2p1p3/3p4/3P1B2/2P1P3/PPQ2PPP/RN2KBNR b KQkq - 2 5,d1c2
46,gilabi1000,EulerE,541,534,r1bqkb1r/pp1n1ppp/2p1pn2/3p4/3P1B2/2P1P3/PPQ2PPP/RN2KBNR w KQkq - 3 6,g8f6
46,gilabi1000,EulerE,541,534,r1bqkb1r/pp1n1ppp/2p1pn2/3p4/3P1B2/2P1P3/PPQN1PPP/R3KBNR b KQkq - 4 6,b1d2
47,EulerE,GDKBenjamin,543,553,rnbqkbnr/pppppppp/8/8/4P3/8/PPPP1PPP/RNBQKBNR b KQkq - 0 1,e2e4
47,EulerE,GDKBenjamin,543,553,rnbqkbnr/pppp1ppp/8/4p3/4P3/8/PPPP1PPP/RNBQKBNR w KQkq - 0 2,e7e5
47,EulerE,GDKBenjamin,543,553,rnbqkbnr/pppp1ppp/8/4p3/4P3/5P2/PPPP2PP/RNBQKBNR b KQkq - 0 2,f2f3
47,EulerE,GDKBenjamin,543,553,rnbqk1nr/pppp1ppp/8/2b1p3/4P3/5P2/PPPP2PP/RNBQKBNR w KQkq - 1 3,f8c5
47,EulerE,GDKBenjamin,543,553,rnbqk1nr/pppp1ppp/8/2b1p3/4P3/2P2P2/PP1P2PP/RNBQKBNR b KQkq - 0 3,c2c3
47,EulerE,GDKBenjamin,543,553,r1bqk1nr/pppp1ppp/n7/2b1p3/4P3/2P2P2/PP1P2PP/RNBQKBNR w KQkq - 1 4,b8a6
47,EulerE,GDKBenjamin,543,553,r1bqk1nr/pppp1ppp/n7/2b1p3/3PP3/2P2P2/PP4PP/RNBQKBNR b KQkq - 0 4,d2d4
47,EulerE,GDKBenjamin,543,553,r1bqk1nr/pppp1ppp/nb6/4p3/3PP3/2P2P2/PP4PP/RNBQKBNR w KQkq - 1 5,c5b6
47,EulerE,GDKBenjamin,543,553,r1bqk1nr/pppp1ppp/nb6/4p3/3PPP2/2P5/PP4PP/RNBQKBNR b KQkq - 0 5,f3f4
47,EulerE,GDKBenjamin,543,553,r1bqk1nr/pppp1ppp/nb6/8/3PPp2/2P5/PP4PP/RNBQKBNR w KQkq - 0 6,e5f4
47,EulerE,GDKBenjamin,543,553,r1bqk1nr/pppp1ppp/nb6/8/3PPp2/2P2N2/PP4PP/RNBQKB1R b KQkq - 1 6,g1f3
47,EulerE,GDKBenjamin,543,553,r1bqk1nr/pppp1p1p/nb6/6p1/3PPp2/2P2N2/PP4PP/RNBQKB1R w KQkq - 0 7,g7g5
47,EulerE,GDKBenjamin,543,553,r1bqk1nr/pppp1p1p/nb6/6p1/3PPp1P/2P2N2/PP4P1/RNBQKB1R b KQkq - 0 7,h2h4
47,EulerE,GDKBenjamin,543,553,r1bqk1nr/pppp1p2/nb5p/6p1/3PPp1P/2P2N2/PP4P1/RNBQKB1R w KQkq - 0 8,h7h6
47,EulerE,GDKBenjamin,543,553,r1bqk1nr/pppp1p2/nb5p/6P1/3PPp2/2P2N2/PP4P1/RNBQKB1R b KQkq - 0 8,h4g5
47,EulerE,GDKBenjamin,543,553,r1bq2nr/ppppkp2/nb5p/6P1/3PPp2/2P2N2/PP4P1/RNBQKB1R w KQ - 1 9,e8e7
47,EulerE,GDKBenjamin,543,553,r1bq2nr/ppppkp2/nb5P/8/3PPp2/2P2N2/PP4P1/RNBQKB1R b KQ - 0 9,g5h6
47,EulerE,GDKBenjamin,543,553,r1bq3r/ppppkp2/nb5n/8/3PPp2/2P2N2/PP4P1/RNBQKB1R w KQ - 0 10,g8h6
47,EulerE,GDKBenjamin,543,553,r1bq3r/ppppkp2/nb5n/8/3PPB2/2P2N2/PP4P1/RN1QKB1R b KQ - 0 10,c1f4
47,EulerE,GDKBenjamin,543,553,r1b2q1r/ppppkp2/nb5n/8/3PPB2/2P2N2/PP4P1/RN1QKB1R w KQ - 1 11,d8f8
47,EulerE,GDKBenjamin,543,553,r1b2q1r/ppppkp2/nb5n/8/3PPB2/2P2N2/PP1Q2P1/RN2KB1R b KQ - 2 11,d1d2
47,EulerE,GDKBenjamin,543,553,r1b2q1r/pp1pkp2/nb5n/2p5/3PPB2/2P2N2/PP1Q2P1/RN2KB1R w KQ - 0 12,c7c5
47,EulerE,GDKBenjamin,543,553,r1b2q1r/pp1pkp2/nb5B/2p5/3PP3/2P2N2/PP1Q2P1/RN2KB1R b KQ - 0 12,f4h6
47,EulerE,GDKBenjamin,543,553,r1b2q2/pp1pkp2/nb5r/2p5/3PP3/2P2N2/PP1Q2P1/RN2KB1R w KQ - 0 13,h8h6
47,EulerE,GDKBenjamin,543,553,r1b2q2/pp1pkp2/nb5R/2p5/3PP3/2P2N2/PP1Q2P1/RN2KB2 b Q - 0 13,h1h6
47,EulerE,GDKBenjamin,543,553,r1b2q2/pp1pkp2/nb5R/8/3pP3/2P2N2/PP1Q2P1/RN2KB2 w Q - 0 14,c5d4
47,EulerE,GDKBenjamin,543,553,r1b2q2/pp1pkp2/nb5R/8/3PP3/5N2/PP1Q2P1/RN2KB2 b Q - 0 14,c3d4
47,EulerE,GDKBenjamin,543,553,r1b2q2/pp1pkp2/n6R/b7/3PP3/5N2/PP1Q2P1/RN2KB2 w Q - 1 15,b6a5
47,EulerE,GDKBenjamin,543,553,r1b2q2/pp1pkp2/n6R/b7/3PP3/2N2N2/PP1Q2P1/R3KB2 b Q - 2 15,b1c3
47,EulerE,GDKBenjamin,543,553,r1b2q2/pp1pkp2/n6R/8/3PP3/2b2N2/PP1Q2P1/R3KB2 w Q - 0 16,a5c3
47,EulerE,GDKBenjamin,543,553,r1b2q2/pp1pkp2/n6R/8/3PP3/2P2N2/P2Q2P1/R3KB2 b Q - 0 16,b2c3
47,EulerE,GDKBenjamin,543,553,r1b2q2/ppnpkp2/7R/8/3PP3/2P2N2/P2Q2P1/R3KB2 w Q - 1 17,a6c7
47,EulerE,GDKBenjamin,543,553,r1b2q2/ppnpkp2/7R/3P4/4P3/2P2N2/P2Q2P1/R3KB2 b Q - 0 17,d4d5
47,EulerE,GDKBenjamin,543,553,r1b2q2/ppn1kp2/3p3R/3P4/4P3/2P2N2/P2Q2P1/R3KB2 w Q - 0 18,d7d6
47,EulerE,GDKBenjamin,543,553,r1b2q2/ppn1kp2/3p3R/3P4/3NP3/2P5/P2Q2P1/R3KB2 b Q - 1 18,f3d4
47,EulerE,GDKBenjamin,543,553,r1b2q2/1pn1kp2/3p3R/p2P4/3NP3/2P5/P2Q2P1/R3KB2 w Q - 0 19,a7a5
47,EulerE,GDKBenjamin,543,553,r1b2q2/1pn1kp2/3p3R/p2P2Q1/3NP3/2P5/P5P1/R3KB2 b Q - 1 19,d2g5
47,EulerE,GDKBenjamin,543,553,r1b2q2/1pn1k3/3p1p1R/p2P2Q1/3NP3/2P5/P5P1/R3KB2 w Q - 0 20,f7f6
47,EulerE,GDKBenjamin,543,553,r1b2q2/1pn1k3/3p1p1R/p2P4/3NPQ2/2P5/P5P1/R3KB2 b Q - 1 20,g5f4
47,EulerE,GDKBenjamin,543,553,2b2q2/1pn1k3/r2p1p1R/p2P4/3NPQ2/2P5/P5P1/R3KB2 w Q - 2 21,a8a6
47,EulerE,GDKBenjamin,543,553,2b2q2/1pn1k3/r2p1p1R/p2P1N2/4PQ2/2P5/P5P1/R3KB2 b Q - 3 21,d4f5
47,EulerE,GDKBenjamin,543,553,5q2/1pn1k3/r2p1p1R/p2P1b2/4PQ2/2P5/P5P1/R3KB2 w Q - 0 22,c8f5
47,EulerE,GDKBenjamin,543,553,5q2/1pn1k3/r2p1p1R/p2P1P2/5Q2/2P5/P5P1/R3KB2 b Q - 0 22,e4f5
47,EulerE,GDKBenjamin,543,553,5q2/1pnk4/r2p1p1R/p2P1P2/5Q2/2P5/P5P1/R3KB2 w Q - 1 23,e7d7
47,EulerE,GDKBenjamin,543,553,5q2/1pnk4/r2p1p1R/p2P1P2/5Q2/2P5/P5P1/1R2KB2 b - - 2 23,a1b1
47,EulerE,GDKBenjamin,543,553,5q2/1p1k4/r2p1p1R/p2n1P2/5Q2/2P5/P5P1/1R2KB2 w - - 0 24,c7d5
47,EulerE,GDKBenjamin,543,553,5q2/1R1k4/r2p1p1R/p2n1P2/5Q2/2P5/P5P1/4KB2 b - - 0 24,b1b7
47,EulerE,GDKBenjamin,543,553,5q2/1R6/r1kp1p1R/p2n1P2/5Q2/2P5/P5P1/4KB2 w - - 1 25,d7c6
47,EulerE,GDKBenjamin,543,553,5q2/5R2/r1kp1p1R/p2n1P2/5Q2/2P5/P5P1/4KB2 b - - 2 25,b7f7
47,EulerE,GDKBenjamin,543,553,8/5q2/r1kp1p1R/p2n1P2/5Q2/2P5/P5P1/4KB2 w - - 0 26,f8f7
47,EulerE,GDKBenjamin,543,553,8/5q2/r1kp1p1R/p2n1P2/7Q/2P5/P5P1/4KB2 b - - 1 26,f4h4
47,EulerE,GDKBenjamin,543,553,8/5q2/r1kp1p1R/p4P2/7Q/2n5/P5P1/4KB2 w - - 0 27,d5c3
47,EulerE,GDKBenjamin,543,553,8/5q2/B1kp1p1R/p4P2/7Q/2n5/P5P1/4K3 b - - 0 27,f1a6
47,EulerE,GDKBenjamin,543,553,8/5q2/B1kp1p1R/p4P2/7Q/8/n5P1/4K3 w - - 0 28,c3a2
47,EulerE,GDKBenjamin,543,553,8/5q1R/B1kp1p2/p4P2/7Q/8/n5P1/4K3 b - - 1 28,h6h7
47,EulerE,GDKBenjamin,543,553,8/7R/B1kp1p2/p4P2/7Q/1q6/n5P1/4K3 w - - 2 29,f7b3
47,EulerE,GDKBenjamin,543,553,8/7R/B1kp1Q2/p4P2/8/1q6/n5P1/4K3 b - - 0 29,h4f6
47,EulerE,GDKBenjamin,543,553,8/7R/B1kp1Q2/5P2/p7/1q6/n5P1/4K3 w - - 0 30,a5a4
47,EulerE,GDKBenjamin,543,553,8/4Q2R/B1kp4/5P2/p7/1q6/n5P1/4K3 b - - 1 30,f6e7
47,EulerE,GDKBenjamin,543,553,8/4Q2R/B1kp4/5P2/p7/1qn5/6P1/4K3 w - - 2 31,a2c3
47,EulerE,GDKBenjamin,543,553,8/4Q2R/B1kp1P2/8/p7/1qn5/6P1/4K3 b - - 0 31,f5f6
47,EulerE,GDKBenjamin,543,553,8/4Q2R/B1kp1P2/3n4/p7/1q6/6P1/4K3 w - - 1 32,c3d5
47,EulerE,GDKBenjamin,543,553,8/4QP1R/B1kp4/3n4/p7/1q6/6P1/4K3 b - - 0 32,f6f7
47,EulerE,GDKBenjamin,543,553,8/4nP1R/B1kp4/8/p7/1q6/6P1/4K3 w - - 0 33,d5e7
47,EulerE,GDKBenjamin,543,553,5Q2/4n2R/B1kp4/8/p7/1q6/6P1/4K3 b - - 0 33,f7f8q
47,EulerE,GDKBenjamin,543,553,5Q2/4n2R/B1kp4/8/p7/2q5/6P1/4K3 w - - 1 34,b3c3
47,EulerE,GDKBenjamin,543,553,5Q2/4n2R/B1kp4/8/p7/2q5/6P1/3K4 b - - 2 34,e1d1
47,EulerE,GDKBenjamin,543,553,5Q2/4n2R/B1kp4/8/p7/3q4/6P1/3K4 w - - 3 35,c3d3
47,EulerE,GDKBenjamin,543,553,5Q2/4n2R/2kp4/8/p7/3B4/6P1/3K4 b - - 0 35,a6d3
48,gustavogalodf,EulerE,536,551,rnbqkbnr/pppppppp/8/8/4P3/8/PPPP1PPP/RNBQKBNR b KQkq - 0 1,e2e4
48,gustavogalodf,EulerE,536,551,rnbqkbnr/pppp1ppp/8/4p3/4P3/8/PPPP1PPP/RNBQKBNR w KQkq - 0 2,e7e5
48,gustavogalodf,EulerE,536,551,rnbqkbnr/pppp1ppp/8/4p3/4P3/5N2/PPPP1PPP/RNBQKB1R b KQkq - 1 2,g1f3
48,gustavogalodf,EulerE,536,551,rnbqkbnr/ppp2ppp/3p4/4p3/4P3/5N2/PPPP1PPP/RNBQKB1R w KQkq - 0 3,d7d6
48,gustavogalodf,EulerE,536,551,rnbqkbnr/ppp2ppp/3p4/4p3/4P2P/5N2/PPPP1PP1/RNBQKB1R b KQkq - 0 3,h2h4
48,gustavogalodf,EulerE,536,551,rn1qkbnr/ppp2ppp/3p4/4p3/4P1bP/5N2/PPPP1PP1/RNBQKB1R w KQkq - 1 4,c8g4
48,gustavogalodf,EulerE,536,551,rn1qkbnr/ppp2ppp/3p4/4p1N1/4P1bP/8/PPPP1PP1/RNBQKB1R b KQkq - 2 4,f3g5
48,gustavogalodf,EulerE,536,551,rn1qkbnr/ppp2ppp/3p4/4p1N1/4P2P/8/PPPP1PP1/RNBbKB1R w KQkq - 0 5,g4d1
48,gustavogalodf,EulerE,536,551,rn1qkbnr/ppp2ppp/3p4/4p1N1/4P2P/8/PPPP1PP1/RNBK1B1R b kq - 0 5,e1d1
48,gustavogalodf,EulerE,536,551,rn1qkbnr/ppp3pp/3p1p2/4p1N1/4P2P/8/PPPP1PP1/RNBK1B1R w kq - 0 6,f7f6
48,gustavogalodf,EulerE,536,551,rn1qkbnr/ppp2Npp/3p1p2/4p3/4P2P/8/PPPP1PP1/RNBK1B1R b kq - 1 6,g5f7
48,gustavogalodf,EulerE,536,551,rn1q1bnr/ppp2kpp/3p1p2/4p3/4P2P/8/PPPP1PP1/RNBK1B1R w - - 0 7,e8f7
48,gustavogalodf,EulerE,536,551,rn1q1bnr/ppp2kpp/3p1p2/4p3/2B1P2P/8/PPPP1PP1/RNBK3R b - - 1 7,f1c4
48,gustavogalodf,EulerE,536,551,rn1qkbnr/ppp3pp/3p1p2/4p3/2B1P2P/8/PPPP1PP1/RNBK3R w - - 2 8,f7e8
49,EulerE,oco3,558,512,rnbqkbnr/pppppppp/8/8/4P3/8/PPPP1PPP/RNBQKBNR b KQkq - 0 1,e2e4
49,EulerE,oco3,558,512,rnbqkbnr/pppppp1p/6p1/8/4P3/8/PPPP1PPP/RNBQKBNR w KQkq - 0 2,g7g6
49,EulerE,oco3,558,512,rnbqkbnr/pppppp1p/6p1/8/4P3/5P2/PPPP2PP/RNBQKBNR b KQkq - 0 2,f2f3
49,EulerE,oco3,558,512,rnbqkbnr/pppp1p1p/6p1/4p3/4P3/5P2/PPPP2PP/RNBQKBNR w KQkq - 0 3,e7e5
49,EulerE,oco3,558,512,rnbqkbnr/pppp1p1p/6p1/4p3/4P3/3P1P2/PPP3PP/RNBQKBNR b KQkq - 0 3,d2d3
49,EulerE,oco3,558,512,r1bqkbnr/pppp1p1p/2n3p1/4p3/4P3/3P1P2/PPP3PP/RNBQKBNR w KQkq - 1 4,b8c6
49,EulerE,oco3,558,512,r1bqkbnr/pppp1p1p/2n3p1/4p3/4P3/3P1P1N/PPP3PP/RNBQKB1R b KQkq - 2 4,g1h3
49,EulerE,oco3,558,512,r1bqk1nr/pppp1p1p/2n3p1/4p3/1b2P3/3P1P1N/PPP3PP/RNBQKB1R w KQkq - 3 5,f8b4
49,EulerE,oco3,558,512,r1bqk1nr/pppp1p1p/2n3p1/4p3/1b2P3/2PP1P1N/PP4PP/RNBQKB1R b KQkq - 0 5,c2c3
49,EulerE,oco3,558,512,r1bqk1nr/pppp1p1p/2n3p1/b3p3/4P3/2PP1P1N/PP4PP/RNBQKB1R w KQkq - 1 6,b4a5
49,EulerE,oco3,558,512,r1bqk1nr/pppp1p1p/2n3p1/b3p1B1/4P3/2PP1P1N/PP4PP/RN1QKB1R b KQkq - 2 6,c1g5
49,EulerE,oco3,558,512,r1bqk1nr/pppp1p2/2n3pp/b3p1B1/4P3/2PP1P1N/PP4PP/RN1QKB1R w KQkq - 0 7,h7h6
49,EulerE,oco3,558,512,r1bBk1nr/pppp1p2/2n3pp/b3p3/4P3/2PP1P1N/PP4PP/RN1QKB1R b KQkq - 0 7,g5d8
49,EulerE,oco3,558,512,r1bk2nr/pppp1p2/2n3pp/b3p3/4P3/2PP1P1N/PP4PP/RN1QKB1R w KQ - 0 8,e8d8
49,EulerE,oco3,558,512,r1bk2nr/pppp1p2/2n3pp/b3p3/1P2P3/2PP1P1N/P5PP/RN1QKB1R b KQ - 0 8,b2b4
49,EulerE,oco3,558,512,r1bk2nr/pppp1p2/1bn3pp/4p3/1P2P3/2PP1P1N/P5PP/RN1QKB1R w KQ - 1 9,a5b6
49,EulerE,oco3,558,512,r1bk2nr/pppp1p2/1bn3pp/4p3/PP2P3/2PP1P1N/6PP/RN1QKB1R b KQ - 0 9,a2a4
49,EulerE,oco3,558,512,r1bk2nr/1ppp1p2/pbn3pp/4p3/PP2P3/2PP1P1N/6PP/RN1QKB1R w KQ - 0 10,a7a6
49,EulerE,oco3,558,512,r1bk2nr/1ppp1p2/pbn3pp/P3p3/1P2P3/2PP1P1N/6PP/RN1QKB1R b KQ - 0 10,a4a5
49,EulerE,oco3,558,512,r1bk2nr/1ppp1p2/pb4pp/n3p3/1P2P3/2PP1P1N/6PP/RN1QKB1R w KQ - 0 11,c6a5
49,EulerE,oco3,558,512,r1bk2nr/1ppp1p2/pb4pp/P3p3/4P3/2PP1P1N/6PP/RN1QKB1R b KQ - 0 11,b4a5
49,EulerE,oco3,558,512,r1bk2nr/1ppp1p2/p5pp/b3p3/4P3/2PP1P1N/6PP/RN1QKB1R w KQ - 0 12,b6a5
49,EulerE,oco3,558,512,r1bk2nr/1ppp1p2/p5pp/R3p3/4P3/2PP1P1N/6PP/1N1QKB1R b K - 0 12,a1a5
49,EulerE,oco3,558,512,r1bk2nr/2pp1p2/pp4pp/R3p3/4P3/2PP1P1N/6PP/1N1QKB1R w K - 0 13,b7b6
49,EulerE,oco3,558,512,r1bk2nr/2pp1p2/pp4pp/3Rp3/4P3/2PP1P1N/6PP/1N1QKB1R b K - 1 13,a5d5
49,EulerE,oco3,558,512,r1bk2nr/3p1p2/ppp3pp/3Rp3/4P3/2PP1P1N/6PP/1N1QKB1R w K - 0 14,c7c6
49,EulerE,oco3,558,512,r1bk2nr/3p1p2/pppR2pp/4p3/4P3/2PP1P1N/6PP/1N1QKB1R b K - 1 14,d5d6
49,EulerE,oco3,558,512,r1b3nr/3pkp2/pppR2pp/4p3/4P3/2PP1P1N/6PP/1N1QKB1R w K - 2 15,d8e7
49,EulerE,oco3,558,512,r1b3nr/3pkp2/pppR2pp/4p3/3PP3/2P2P1N/6PP/1N1QKB1R b K - 0 15,d3d4
49,EulerE,oco3,558,512,r1b3nr/3p1p2/pppk2pp/4p3/3PP3/2P2P1N/6PP/1N1QKB1R w K - 0 16,e7d6
49,EulerE,oco3,558,512,r1b3nr/3p1p2/pppk2pp/3Pp3/4P3/2P2P1N/6PP/1N1QKB1R b K - 0 16,d4d5
49,EulerE,oco3,558,512,r1b3nr/3p1p2/pp1k2pp/2pPp3/4P3/2P2P1N/6PP/1N1QKB1R w K - 0 17,c6c5
49,EulerE,oco3,558,512,r1b3nr/3p1p2/pp1k2pp/2pPp3/4P3/2P2P1N/4Q1PP/1N2KB1R b K - 1 17,d1e2
49,EulerE,oco3,558,512,r1b3nr/3p1p2/1p1k2pp/p1pPp3/4P3/2P2P1N/4Q1PP/1N2KB1R w K - 0 18,a6a5
49,EulerE,oco3,558,512,r1b3nr/3p1p2/1p1k2pp/p1pPp3/4P3/N1P2P1N/4Q1PP/4KB1R b K - 1 18,b1a3
49,EulerE,oco3,558,512,r5nr/3p1p2/bp1k2pp/p1pPp3/4P3/N1P2P1N/4Q1PP/4KB1R w K - 2 19,c8a6
49,EulerE,oco3,558,512,r5nr/3p1p2/bp1k2pp/p1pPp3/4P3/N1P2P1N/5QPP/4KB1R b K - 3 19,e2f2
49,EulerE,oco3,558,512,r6r/3pnp2/bp1k2pp/p1pPp3/4P3/N1P2P1N/5QPP/4KB1R w K - 4 20,g8e7
49,EulerE,oco3,558,512,r6r/3pnp2/Bp1k2pp/p1pPp3/4P3/N1P2P1N/5QPP/4K2R b K - 0 20,f1a6
49,EulerE,oco3,558,512,7r/3pnp2/rp1k2pp/p1pPp3/4P3/N1P2P1N/5QPP/4K2R w K - 0 21,a8a6
49,EulerE,oco3,558,512,7r/3pnp2/rp1k2pp/pNpPp3/4P3/2P2P1N/5QPP/4K2R b K - 1 21,a3b5
50,Jmaner7,EulerE,518,566,rnbqkbnr/pppppppp/8/8/4P3/8/PPPP1PPP/RNBQKBNR b KQkq - 0 1,e2e4
50,Jmaner7,EulerE,518,566,rnbqkbnr/pppp1ppp/8/4p3/4P3/8/PPPP1PPP/RNBQKBNR w KQkq - 0 2,e7e5
50,Jmaner7,EulerE,518,566,rnbqkbnr/pppp1ppp/8/4p3/4P3/5N2/PPPP1PPP/RNBQKB1R b KQkq - 1 2,g1f3
50,Jmaner7,EulerE,518,566,r1bqkbnr/pppp1ppp/2n5/4p3/4P3/5N2/PPPP1PPP/RNBQKB1R w KQkq - 2 3,b8c6
50,Jmaner7,EulerE,518,566,r1bqkbnr/pppp1ppp/2n5/4p3/2B1P3/5N2/PPPP1PPP/RNBQK2R b KQkq - 3 3,f1c4
50,Jmaner7,EulerE,518,566,r1bqkbnr/1ppp1ppp/p1n5/4p3/2B1P3/5N2/PPPP1PPP/RNBQK2R w KQkq - 0 4,a7a6
50,Jmaner7,EulerE,518,566,r1bqkbnr/1ppp1ppp/p1n5/4p3/2B1P3/3P1N2/PPP2PPP/RNBQK2R b KQkq - 0 4,d2d3
50,Jmaner7,EulerE,518,566,r1bqkbnr/2pp1ppp/p1n5/1p2p3/2B1P3/3P1N2/PPP2PPP/RNBQK2R w KQkq - 0 5,b7b5
50,Jmaner7,EulerE,518,566,r1bqkbnr/2pp1ppp/p1n5/1p2p3/4P3/1B1P1N2/PPP2PPP/RNBQK2R b KQkq - 1 5,c4b3
50,Jmaner7,EulerE,518,566,r1bqk1nr/2pp1ppp/p1n5/1p2p3/1b2P3/1B1P1N2/PPP2PPP/RNBQK2R w KQkq - 2 6,f8b4
50,Jmaner7,EulerE,518,566,r1bqk1nr/2pp1ppp/p1n5/1p2p3/1b2P3/1BPP1N2/PP3PPP/RNBQK2R b KQkq - 0 6,c2c3
50,Jmaner7,EulerE,518,566,r1bqk1nr/2pp1ppp/p1n5/1pb1p3/4P3/1BPP1N2/PP3PPP/RNBQK2R w KQkq - 1 7,b4c5
50,Jmaner7,EulerE,518,566,r1bqk1nr/2pp1ppp/p1n5/1pb1p3/2P1P3/1B1P1N2/PP3PPP/RNBQK2R b KQkq - 0 7,c3c4
50,Jmaner7,EulerE,518,566,r2qk1nr/1bpp1ppp/p1n5/1pb1p3/2P1P3/1B1P1N2/PP3PPP/RNBQK2R w KQkq - 1 8,c8b7
50,Jmaner7,EulerE,518,566,r2qk1nr/1bpp1ppp/p1n5/1pb1p1B1/2P1P3/1B1P1N2/PP3PPP/RN1QK2R b KQkq - 2 8,c1g5
50,Jmaner7,EulerE,518,566,r2qk1nr/1bpp2pp/p1n2p2/1pb1p1B1/2P1P3/1B1P1N2/PP3PPP/RN1QK2R w KQkq - 0 9,f7f6
50,Jmaner7,EulerE,518,566,r2qk1nr/1bpp2pp/p1n2p2/1pb1p3/2P1P3/1B1PBN2/PP3PPP/RN1QK2R b KQkq - 1 9,g5e3
50,Jmaner7,EulerE,518,566,r3k1nr/1bppq1pp/p1n2p2/1pb1p3/2P1P3/1B1PBN2/PP3PPP/RN1QK2R w KQkq - 2 10,d8e7
50,Jmaner7,EulerE,518,566,r3k1nr/1bppq1pp/p1n2p2/1pb1p3/2P1P3/1B1PBN2/PP3PPP/RN1Q1RK1 b kq - 3 10,e1g1
50,Jmaner7,EulerE,518,566,2kr2nr/1bppq1pp/p1n2p2/1pb1p3/2P1P3/1B1PBN2/PP3PPP/RN1Q1RK1 w - - 4 11,e8c8
50,Jmaner7,EulerE,518,566,2kr2nr/1bppq1pp/p1n2p2/1pb1p3/2P1P3/1B1PBN2/PP3PPP/RN1QR1K1 b - - 5 11,f1e1
50,Jmaner7,EulerE,518,566,2kr2nr/1bppq1pp/p1n2p2/1p2p3/2P1P3/1B1PbN2/PP3PPP/RN1QR1K1 w - - 0 12,c5e3
50,Jmaner7,EulerE,518,566,2kr2nr/1bppq1pp/p1n2p2/1p2p3/2P1P3/1B1PRN2/PP3PPP/RN1Q2K1 b - - 0 12,e1e3
50,Jmaner7,EulerE,518,566,2kr2nr/1bppq1pp/p4p2/1p2p3/2PnP3/1B1PRN2/PP3PPP/RN1Q2K1 w - - 1 13,c6d4
50,Jmaner7,EulerE,518,566,2kr2nr/1bppq1pp/p4p2/1p2p3/2PnP3/1BNPRN2/PP3PPP/R2Q2K1 b - - 2 13,b1c3
50,Jmaner7,EulerE,518,566,2kr2nr/1bppq1pp/p4p2/1p2p3/2P1P3/1BNPRn2/PP3PPP/R2Q2K1 w - - 0 14,d4f3
50,Jmaner7,EulerE,518,566,2kr2nr/1bppq1pp/p4p2/1p2p3/2P1P3/1BNPRP2/PP3P1P/R2Q2K1 b - - 0 14,g2f3
50,Jmaner7,EulerE,518,566,2kr3r/1bppq1pp/p4p1n/1p2p3/2P1P3/1BNPRP2/PP3P1P/R2Q2K1 w - - 1 15,g8h6
50,Jmaner7,EulerE,518,566,2kr3r/1bppq1pp/p4p1n/1p2p3/2PPP3/1BN1RP2/PP3P1P/R2Q2K1 b - - 0 15,d3d4
50,Jmaner7,EulerE,518,566,2kr3r/1bppq1pp/p4p1n/1p6/2PpP3/1BN1RP2/PP3P1P/R2Q2K1 w - - 0 16,e5d4
50,Jmaner7,EulerE,518,566,2kr3r/1bppq1pp/p4p1n/1p6/2PQP3/1BN1RP2/PP3P1P/R5K1 b - - 0 16,d1d4
50,Jmaner7,EulerE,518,566,2k3rr/1bppq1pp/p4p1n/1p6/2PQP3/1BN1RP2/PP3P1P/R5K1 w - - 1 17,d8g8
50,Jmaner7,EulerE,518,566,2k3rr/1bppq1pp/p4p1n/1p6/2PQP3/1BNR1P2/PP3P1P/R5K1 b - - 2 17,e3d3
50,Jmaner7,EulerE,518,566,2k3rr/1bppq2p/p4p1n/1p4p1/2PQP3/1BNR1P2/PP3P1P/R5K1 w - - 0 18,g7g5
50,Jmaner7,EulerE,518,566,2k3rr/1bppq2p/p4p1n/1p4p1/2PQP3/1BNR1P2/PP3P1P/3R2K1 b - - 1 18,a1d1
50,Jmaner7,EulerE,518,566,2k3rr/1bppq2p/p4p1n/1p6/2PQP1p1/1BNR1P2/PP3P1P/3R2K1 w - - 0 19,g5g4
50,Jmaner7,EulerE,518,566,2k3rr/1bpQq2p/p4p1n/1p6/2P1P1p1/1BNR1P2/PP3P1P/3R2K1 b - - 0 19,d4d7
50,Jmaner7,EulerE,518,566,2k3rr/1bpq3p/p4p1n/1p6/2P1P1p1/1BNR1P2/PP3P1P/3R2K1 w - - 0 20,e7d7
50,Jmaner7,EulerE,518,566,2k3rr/1bpR3p/p4p1n/1p6/2P1P1p1/1BN2P2/PP3P1P/3R2K1 b - - 0 20,d3d7
50,Jmaner7,EulerE,518,566,2k3rr/1bpR3p/p4p1n/1p6/2P1P3/1BN2Pp1/PP3P1P/3R2K1 w - - 0 21,g4g3
50,Jmaner7,EulerE,518,566,2k3rr/1bpR3p/p4p1n/1p6/2P1P3/1BN2PP1/PP5P/3R2K1 b - - 0 21,f2g3
50,Jmaner7,EulerE,518,566,2k3rr/2pR3p/p1b2p1n/1p6/2P1P3/1BN2PP1/PP5P/3R2K1 w - - 1 22,b7c6
50,Jmaner7,EulerE,518,566,2k3rr/2pR3p/p1b2p1n/1P6/4P3/1BN2PP1/PP5P/3R2K1 b - - 0 22,c4b5
50,Jmaner7,EulerE,518,566,2k3rr/2pb3p/p4p1n/1P6/4P3/1BN2PP1/PP5P/3R2K1 w - - 0 23,c6d7
50,Jmaner7,EulerE,518,566,2k3rr/2pb3p/p4p1n/1P6/4P2P/1BN2PP1/PP6/3R2K1 b - - 0 23,h2h4
50,Jmaner7,EulerE,518,566,2k4r/2pb3p/p4p1n/1P6/4P2P/1BN2Pr1/PP6/3R2K1 w - - 0 24,g8g3
50,Jmaner7,EulerE,518,566,2k4r/2pb3p/p4p1n/1P6/4P2P/1BN2Pr1/PP3K2/3R4 b - - 1 24,g1f2
50,Jmaner7,EulerE,518,566,2k4r/2pb2rp/p4p1n/1P6/4P2P/1BN2P2/PP3K2/3R4 w - - 2 25,g3g7
50,Jmaner7,EulerE,518,566,2k4r/2pb2rp/p4p1n/1P6/4P2P/1BN2P2/PP3K2/6R1 b - - 3 25,d1g1
50,Jmaner7,EulerE,518,566,2k4r/2pb3p/p4p1n/1P6/4P2P/1BN2P2/PP3K2/6r1 w - - 0 26,g7g1
50,Jmaner7,EulerE,518,566,2k4r/2pb3p/p4p1n/1P6/4P2P/1BN2P2/PP6/6K1 b - - 0 26,f2g1
50,Jmaner7,EulerE,518,566,2k4r/2p4p/p4p1n/1b6/4P2P/1BN2P2/PP6/6K1 w - - 0 27,d7b5
50,Jmaner7,EulerE,518,566,2k4r/2p4p/p4p1n/1b6/4P2P/1BN2P2/PP3K2/8 b - - 1 27,g1f2
50,Jmaner7,EulerE,518,566,2k4r/2p4p/p6n/1b3p2/4P2P/1BN2P2/PP3K2/8 w - - 0 28,f6f5
50,Jmaner7,EulerE,518,566,2k4r/2p4p/p6n/1b2Pp2/7P/1BN2P2/PP3K2/8 b - - 0 28,e4e5
50,Jmaner7,EulerE,518,566,2k1r3/2p4p/p6n/1b2Pp2/7P/1BN2P2/PP3K2/8 w - - 1 29,h8e8
50,Jmaner7,EulerE,518,566,2k1r3/2p4p/p6n/1b2Pp2/5P1P/1BN5/PP3K2/8 b - - 0 29,f3f4
50,Jmaner7,EulerE,518,566,2k1r3/2p4p/p7/1b2Pp2/5PnP/1BN5/PP3K2/8 w - - 1 30,h6g4
50,Jmaner7,EulerE,518,566,2k1r3/2p4p/p7/1b2Pp2/5PnP/1BN2K2/PP6/8 b - - 2 30,f2f3
50,Jmaner7,EulerE,518,566,2k1r3/2p4p/p7/1b2np2/5P1P/1BN2K2/PP6/8 w - - 0 31,g4e5
50,Jmaner7,EulerE,518,566,2k1r3/2p4p/p7/1b2np2/5P1P/1BN1K3/PP6/8 b - - 1 31,f3e3
50,Jmaner7,EulerE,518,566,2k1r3/2p4p/p7/1b3p2/2n2P1P/1BN1K3/PP6/8 w - - 2 32,e5c4
50,Jmaner7,EulerE,518,566,2k1r3/2p4p/p7/1b3p2/2n2P1P/1BN5/PP3K2/8 b - - 3 32,e3f2
50,Jmaner7,EulerE,518,566,2k5/2p4p/p7/1b3p2/2n2P1P/1BN1r3/PP3K2/8 w - - 4 33,e8e3
50,Jmaner7,EulerE,518,566,2k5/2p4p/p7/1b3p2/2B2P1P/2N1r3/PP3K2/8 b - - 0 33,b3c4
50,Jmaner7,EulerE,518,566,2k5/2p1r2p/p7/1b3p2/2B2P1P/2N5/PP3K2/8 w - - 1 34,e3e7
50,Jmaner7,EulerE,518,566,2k5/2p1r2p/p7/1b3p2/5P1P/2NB4/PP3K2/8 b - - 2 34,c4d3
50,Jmaner7,EulerE,518,566,2k5/2p1r2p/p7/5p2/5P1P/2Nb4/PP3K2/8 w - - 0 35,b5d3
50,Jmaner7,EulerE,518,566,2k5/2p1r2p/p7/5p2/5P1P/2Nb1K2/PP6/8 b - - 1 35,f2f3
50,Jmaner7,EulerE,518,566,2k5/2p1r2p/p7/5p2/2b2P1P/2N2K2/PP6/8 w - - 2 36,d3c4
50,Jmaner7,EulerE,518,566,2k5/2p1r2p/p7/5p2/2b2P1P/1PN2K2/P7/8 b - - 0 36,b2b3
50,Jmaner7,EulerE,518,566,2k5/2p1r2p/p7/5p2/5P1P/1bN2K2/P7/8 w - - 0 37,c4b3
50,Jmaner7,EulerE,518,566,2k5/2p1r2p/p7/5p2/5P1P/1PN2K2/8/8 b - - 0 37,a2b3
50,Jmaner7,EulerE,518,566,2k5/4r2p/p7/2p2p2/5P1P/1PN2K2/8/8 w - - 0 38,c7c5
50,Jmaner7,EulerE,518,566,2k5/4r2p/p7/2p2p2/5P1P/1P3K2/4N3/8 b - - 1 38,c3e2
50,Jmaner7,EulerE,518,566,2k5/4r2p/8/p1p2p2/5P1P/1P3K2/4N3/8 w - - 0 39,a6a5
50,Jmaner7,EulerE,518,566,2k5/4r2p/8/p1p2p2/5P1P/1P3K2/8/2N5 b - - 1 39,e2c1
50,Jmaner7,EulerE,518,566,2k5/4r2p/8/p4p2/2p2P1P/1P3K2/8/2N5 w - - 0 40,c5c4
50,Jmaner7,EulerE,518,566,2k5/4r2p/8/p4p2/2P2P1P/5K2/8/2N5 b - - 0 40,b3c4
50,Jmaner7,EulerE,518,566,2k5/2r4p/8/p4p2/2P2P1P/5K2/8/2N5 w - - 1 41,e7c7
50,Jmaner7,EulerE,518,566,2k5/2r4p/8/p4p1P/2P2P2/5K2/8/2N5 b - - 0 41,h4h5
50,Jmaner7,EulerE,518,566,2k5/7p/8/p4p1P/2r2P2/5K2/8/2N5 w - - 0 42,c7c4
50,Jmaner7,EulerE,518,566,2k5/7p/8/p4p1P/2r2P2/3N1K2/8/8 b - - 1 42,c1d3
50,Jmaner7,EulerE,518,566,2k5/7p/8/5p1P/p1r2P2/3N1K2/8/8 w - - 0 43,a5a4
50,Jmaner7,EulerE,518,566,2k5/7p/8/5p1P/p1r2P2/3N4/4K3/8 b - - 1 43,f3e2
50,Jmaner7,EulerE,518,566,2k5/7p/8/5p1P/2r2P2/p2N4/4K3/8 w - - 0 44,a4a3
50,Jmaner7,EulerE,518,566,2k5/7p/8/5p1P/2r2P2/p2N4/3K4/8 b - - 1 44,e2d2
50,Jmaner7,EulerE,518,566,2k5/7p/8/5p1P/2r2P2/3N4/p2K4/8 w - - 0 45,a3a2
50,Jmaner7,EulerE,518,566,2k5/7p/7P/5p2/2r2P2/3N4/p2K4/8 b - - 0 45,h5h6
50,Jmaner7,EulerE,518,566,2k5/7p/7P/5p2/2r2P2/3N4/3K4/q7 w - - 0 46,a2a1q
50,Jmaner7,EulerE,518,566,2k5/7p/7P/5p2/2r2P2/8/3K4/q3N3 b - - 1 46,d3e1
50,Jmaner7,EulerE,518,566,2k5/7p/7P/5p2/r4P2/8/3K4/q3N3 w - - 2 47,c4a4
50,Jmaner7,EulerE,518,566,2k5/7p/7P/5p2/r4P2/8/2K5/q3N3 b - - 3 47,d2c2
50,Jmaner7,EulerE,518,566,2k5/7p/7P/5p2/5P2/r7/2K5/q3N3 w - - 4 48,a4a3
50,Jmaner7,EulerE,518,566,2k5/7p/7P/5p2/5P2/r7/3K4/q3N3 b - - 5 48,c2d2
50,Jmaner7,EulerE,518,566,2k5/7p/7P/5p2/5P2/r7/3K4/1q2N3 w - - 6 49,a1b1
50,Jmaner7,EulerE,518,566,2k5/7p/7P/5p2/5P2/r7/4K3/1q2N3 b - - 7 49,d2e2
50,Jmaner7,EulerE,518,566,2k5/7p/7P/5p2/5P2/r7/1q2K3/4N3 w - - 8 50,b1b2
50,Jmaner7,EulerE,518,566,2k5/7p/7P/5p2/5P2/r7/1q6/4NK2 b - - 9 50,e2f1
50,Jmaner7,EulerE,518,566,2k5/7p/7P/5p2/5P2/r7/3q4/4NK2 w - - 10 51,b2d2
