game_id,white,black,white_elo,black_elo,chess_fen,move_made
1,XxLemonsxX,EulerE,951,926,rnbqkbnr/pppppppp/8/8/4P3/8/PPPP1PPP/RNBQKBNR b KQkq - 0 1,e2e4
1,XxLemonsxX,EulerE,951,926,rnbqkbnr/pppp1ppp/8/4p3/4P3/8/PPPP1PPP/RNBQKBNR w KQkq - 0 2,e7e5
1,XxLemonsxX,EulerE,951,926,rnbqkbnr/pppp1ppp/8/4p3/2B1P3/8/PPPP1PPP/RNBQK1NR b KQkq - 1 2,f1c4
1,XxLemonsxX,EulerE,951,926,rnbqkb1r/pppp1ppp/5n2/4p3/2B1P3/8/PPPP1PPP/RNBQK1NR w KQkq - 2 3,g8f6
1,XxLemonsxX,EulerE,951,926,rnbqkb1r/pppp1ppp/5n2/4p3/2B1P3/3P4/PPP2PPP/RNBQK1NR b KQkq - 0 3,d2d3
1,XxLemonsxX,EulerE,951,926,r1bqkb1r/pppp1ppp/2n2n2/4p3/2B1P3/3P4/PPP2PPP/RNBQK1NR w KQkq - 1 4,b8c6
1,XxLemonsxX,EulerE,951,926,r1bqkb1r/pppp1ppp/2n2n2/4p3/2B1P3/3P1N2/PPP2PPP/RNBQK2R b KQkq - 2 4,g1f3
1,XxLemonsxX,EulerE,951,926,r1bqkb1r/1ppp1ppp/p1n2n2/4p3/2B1P3/3P1N2/PPP2PPP/RNBQK2R w KQkq - 0 5,a7a6
1,XxLemonsxX,EulerE,951,926,r1bqkb1r/1ppp1ppp/p1n2n2/4p3/P1B1P3/3P1N2/1PP2PPP/RNBQK2R b KQkq - 0 5,a2a4
1,XxLemonsxX,EulerE,951,926,r1bqkb1r/2pp1ppp/p1n2n2/1p2p3/P1B1P3/3P1N2/1PP2PPP/RNBQK2R w KQkq - 0 6,b7b5
1,XxLemonsxX,EulerE,951,926,r1bqkb1r/2pp1ppp/p1n2n2/1P2p3/2B1P3/3P1N2/1PP2PPP/RNBQK2R b KQkq - 0 6,a4b5
1,XxLemonsxX,EulerE,951,926,r1bqkb1r/2pp1ppp/2n2n2/1p2p3/2B1P3/3P1N2/1PP2PPP/RNBQK2R w KQkq - 0 7,a6b5
1,XxLemonsxX,EulerE,951,926,R1bqkb1r/2pp1ppp/2n2n2/1p2p3/2B1P3/3P1N2/1PP2PPP/1NBQK2R b Kk - 0 7,a1a8
1,XxLemonsxX,EulerE,951,926,R1bqkb1r/2pp1ppp/2n2n2/4p3/2p1P3/3P1N2/1PP2PPP/1NBQK2R w Kk - 0 8,b5c4
1,XxLemonsxX,EulerE,951,926,R1bqkb1r/2pp1ppp/2n2n2/4p3/2P1P3/5N2/1PP2PPP/1NBQK2R b Kk - 0 8,d3c4
1,XxLemonsxX,EulerE,951,926,R1bqk2r/2pp1ppp/2n2n2/2b1p3/2P1P3/5N2/1PP2PPP/1NBQK2R w Kk - 1 9,f8c5
1,XxLemonsxX,EulerE,951,926,R1bqk2r/2pp1ppp/2n2n2/2b1p3/2P1P3/5N2/1PP1QPPP/1NB1K2R b Kk - 2 9,d1e2
1,XxLemonsxX,EulerE,951,926,R1bq1rk1/2pp1ppp/2n2n2/2b1p3/2P1P3/5N2/1PP1QPPP/1NB1K2R w K - 3 10,e8g8
1,XxLemonsxX,EulerE,951,926,R1bq1rk1/2pp1ppp/2n2n2/2b1p3/2P1P3/4BN2/1PP1QPPP/1N2K2R b K - 4 10,c1e3
1,XxLemonsxX,EulerE,951,926,R1b2rk1/2ppqppp/2n2n2/2b1p3/2P1P3/4BN2/1PP1QPPP/1N2K2R w K - 5 11,d8e7
1,XxLemonsxX,EulerE,951,926,R1b2rk1/2ppqppp/2n2n2/2B1p3/2P1P3/5N2/1PP1QPPP/1N2K2R b K - 0 11,e3c5
1,XxLemonsxX,EulerE,951,926,R1b2rk1/2pp1ppp/2n2n2/2q1p3/2P1P3/5N2/1PP1QPPP/1N2K2R w K - 0 12,e7c5
1,XxLemonsxX,EulerE,951,926,R1b2rk1/2pp1ppp/2n2n2/2q1p3/2P1P3/5N2/1PP1QPPP/1N3RK1 b - - 1 12,e1g1
1,XxLemonsxX,EulerE,951,926,R4rk1/1bpp1ppp/2n2n2/2q1p3/2P1P3/5N2/1PP1QPPP/1N3RK1 w - - 2 13,c8b7
1,XxLemonsxX,EulerE,951,926,5Rk1/1bpp1ppp/2n2n2/2q1p3/2P1P3/5N2/1PP1QPPP/1N3RK1 b - - 0 13,a8f8
1,XxLemonsxX,EulerE,951,926,5k2/1bpp1ppp/2n2n2/2q1p3/2P1P3/5N2/1PP1QPPP/1N3RK1 w - - 0 14,g8f8
1,XxLemonsxX,EulerE,951,926,5k2/1bpp1ppp/2n2n2/2q1p3/2P1P3/1P3N2/2P1QPPP/1N3RK1 b - - 0 14,b2b3
1,XxLemonsxX,EulerE,951,926,5k2/1bpp1ppp/5n2/2q1p3/2PnP3/1P3N2/2P1QPPP/1N3RK1 w - - 1 15,c6d4
1,XxLemonsxX,EulerE,951,926,5k2/1bpp1ppp/5n2/2q1p3/2PNP3/1P6/2P1QPPP/1N3RK1 b - - 0 15,f3d4
1,XxLemonsxX,EulerE,951,926,5k2/1bpp1ppp/5n2/4p3/2PqP3/1P6/2P1QPPP/1N3RK1 w - - 0 16,c5d4
1,XxLemonsxX,EulerE,951,926,5k2/1bpp1ppp/5n2/4p3/2PqP3/1P6/2PNQPPP/5RK1 b - - 1 16,b1d2
1,XxLemonsxX,EulerE,951,926,5k2/2pp1ppp/5n2/4p3/2Pqb3/1P6/2PNQPPP/5RK1 w - - 0 17,b7e4
1,XxLemonsxX,EulerE,951,926,5k2/2pp1ppp/5n2/4p3/2PqN3/1P6/2P1QPPP/5RK1 b - - 0 17,d2e4
1,XxLemonsxX,EulerE,951,926,5k2/2pp1ppp/8/4p3/2Pqn3/1P6/2P1QPPP/5RK1 w - - 0 18,f6e4
1,XxLemonsxX,EulerE,951,926,5k2/2pp1ppp/8/4p3/2Pqn3/1P6/2P1QPPP/3R2K1 b - - 1 18,f1d1
1,XxLemonsxX,EulerE,951,926,5k2/2pp1ppp/8/4p3/2Pq4/1Pn5/2P1QPPP/3R2K1 w - - 2 19,e4c3
1,XxLemonsxX,EulerE,951,926,5k2/2pp1ppp/8/4p3/2PR4/1Pn5/2P1QPPP/6K1 b - - 0 19,d1d4
1,XxLemonsxX,EulerE,951,926,5k2/2pp1ppp/8/4p3/2PR4/1P6/2P1nPPP/6K1 w - - 0 20,c3e2
1,XxLemonsxX,EulerE,951,926,5k2/2pp1ppp/8/4p3/2PR4/1P6/2P1nPPP/5K2 b - - 1 20,g1f1
1,XxLemonsxX,EulerE,951,926,5k2/2pp1ppp/8/4p3/2Pn4/1P6/2P2PPP/5K2 w - - 0 21,e2d4
1,XxLemonsxX,EulerE,951,926,5k2/2pp1ppp/8/4p3/2Pn4/1PP5/5PPP/5K2 b - - 0 21,c2c3
1,XxLemonsxX,EulerE,951,926,5k2/2pp1ppp/8/4p3/2P5/1nP5/5PPP/5K2 w - - 0 22,d4b3
1,XxLemonsxX,EulerE,951,926,5k2/2pp1ppp/8/4p3/2P5/1nP5/4KPPP/8 b - - 1 22,f1e2
1,XxLemonsxX,EulerE,951,926,8/2ppkppp/8/4p3/2P5/1nP5/4KPPP/8 w - - 2 23,f8e7
1,XxLemonsxX,EulerE,951,926,8/2ppkppp/8/4p3/2P5/1nPK4/5PPP/8 b - - 3 23,e2d3
1,XxLemonsxX,EulerE,951,926,8/2ppk1pp/8/4pp2/2P5/1nPK4/5PPP/8 w - - 0 24,f7f5
1,XxLemonsxX,EulerE,951,926,8/2ppk1pp/8/4pp2/2P5/1nPK1P2/6PP/8 b - - 0 24,f2f3
1,XxLemonsxX,EulerE,951,926,8/2pp2pp/4k3/4pp2/2P5/1nPK1P2/6PP/8 w - - 1 25,e7e6
1,XxLemonsxX,EulerE,951,926,8/2pp2pp/4k3/4pp2/2P5/1nPK1PP1/7P/8 b - - 0 25,g2g3
1,XxLemonsxX,EulerE,951,926,8/2pp2pp/4k3/2n1pp2/2P5/2PK1PP1/7P/8 w - - 1 26,b3c5
1,XxLemonsxX,EulerE,951,926,8/2pp2pp/4k3/2n1pp2/2P5/2P2PP1/2K4P/8 b - - 2 26,d3c2
1,XxLemonsxX,EulerE,951,926,8/2p3pp/4k3/2nppp2/2P5/2P2PP1/2K4P/8 w - - 0 27,d7d5
1,XxLemonsxX,EulerE,951,926,8/2p3pp/4k3/2nPpp2/8/2P2PP1/2K4P/8 b - - 0 27,c4d5
1,XxLemonsxX,EulerE,951,926,8/2p3pp/8/2nkpp2/8/2P2PP1/2K4P/8 w - - 0 28,e6d5
1,XxLemonsxX,EulerE,951,926,8/2p3pp/8/2nkpp2/8/2P2PP1/3K3P/8 b - - 1 28,c2d2
1,XxLemonsxX,EulerE,951,926,8/2p4p/8/2nkppp1/8/2P2PP1/3K3P/8 w - - 0 29,g7g5
1,XxLemonsxX,EulerE,951,926,8/2p4p/8/2nkppp1/8/2P2PPP/3K4/8 b - - 0 29,h2h3
1,XxLemonsxX,EulerE,951,926,8/2p5/8/2nkpppp/8/2P2PPP/3K4/8 w - - 0 30,h7h5
1,XxLemonsxX,EulerE,951,926,8/2p5/8/2nkpppp/8/2P1KPPP/8/8 b - - 1 30,d2e3
1,XxLemonsxX,EulerE,951,926,8/2p5/8/2nkp1pp/5p2/2P1KPPP/8/8 w - - 0 31,f5f4
1,XxLemonsxX,EulerE,951,926,8/2p5/8/2nkp1pp/5P2/2P1KP1P/8/8 b - - 0 31,g3f4
1,XxLemonsxX,EulerE,951,926,8/2p5/8/2nk2pp/5p2/2P1KP1P/8/8 w - - 0 32,e5f4
1,XxLemonsxX,EulerE,951,926,8/2p5/8/2nk2pp/5p2/2P2P1P/5K2/8 b - - 1 32,e3f2
1,XxLemonsxX,EulerE,951,926,8/2p5/4n3/3k2pp/5p2/2P2P1P/5K2/8 w - - 2 33,c5e6
1,XxLemonsxX,EulerE,951,926,8/2p5/4n3/3k2pp/5p2/2P2P1P/4K3/8 b - - 3 33,f2e2
1,XxLemonsxX,EulerE,951,926,8/2p3n1/8/3k2pp/5p2/2P2P1P/4K3/8 w - - 4 34,e6g7
1,XxLemonsxX,EulerE,951,926,8/2p3n1/8/3k2pp/5p2/2PK1P1P/8/8 b - - 5 34,e2d3
1,XxLemonsxX,EulerE,951,926,8/2p5/8/3k1npp/5p2/2PK1P1P/8/8 w - - 6 35,g7f5
1,XxLemonsxX,EulerE,951,926,8/2p5/8/3k1npp/2P2p2/3K1P1P/8/8 b - - 0 35,c3c4
1,XxLemonsxX,EulerE,951,926,8/2p5/8/2k2npp/2P2p2/3K1P1P/8/8 w - - 1 36,d5c5
1,XxLemonsxX,EulerE,951,926,8/2p5/8/2k2npp/2P1Kp2/5P1P/8/8 b - - 2 36,d3e4
1,XxLemonsxX,EulerE,951,926,8/2p5/8/5npp/2k1Kp2/5P1P/8/8 w - - 0 37,c5c4
1,XxLemonsxX,EulerE,951,926,8/2p5/8/5Kpp/2k2p2/5P1P/8/8 b - - 0 37,e4f5
1,XxLemonsxX,EulerE,951,926,8/8/8/2p2Kpp/2k2p2/5P1P/8/8 w - - 0 38,c7c5
1,XxLemonsxX,EulerE,951,926,8/8/8/2p3Kp/2k2p2/5P1P/8/8 b - - 0 38,f5g5
1,XxLemonsxX,EulerE,951,926,8/8/8/2p3Kp/5p2/3k1P1P/8/8 w - - 1 39,c4d3
1,XxLemonsxX,EulerE,951,926,8/8/8/2p4p/5K2/3k1P1P/8/8 b - - 0 39,g5f4
1,XxLemonsxX,EulerE,951,926,8/8/8/7p/2p2K2/3k1P1P/8/8 w - - 0 40,c5c4
1,XxLemonsxX,EulerE,951,926,8/8/8/6Kp/2p5/3k1P1P/8/8 b - - 1 40,f4g5
1,XxLemonsxX,EulerE,951,926,8/8/8/6Kp/8/2pk1P1P/8/8 w - - 0 41,c4c3
1,XxLemonsxX,EulerE,951,926,8/8/8/6Kp/5P2/2pk3P/8/8 b - - 0 41,f3f4
1,XxLemonsxX,EulerE,951,926,8/8/8/6Kp/5P2/3k3P/2p5/8 w - - 0 42,c3c2
1,XxLemonsxX,EulerE,951,926,8/8/8/5PKp/8/3k3P/2p5/8 b - - 0 42,f4f5
1,XxLemonsxX,EulerE,951,926,8/8/8/5PKp/8/3k3P/8/2q5 w - - 0 43,c2c1q
1,XxLemonsxX,EulerE,951,926,8/8/6K1/5P1p/8/3k3P/8/2q5 b - - 1 43,g5g6
1,XxLemonsxX,EulerE,951,926,8/8/6K1/5P1p/8/3k3P/8/6q1 w - - 2 44,c1g1
1,XxLemonsxX,EulerE,951,926,8/8/8/5P1K/8/3k3P/8/6q1 b - - 0 44,g6h5
1,XxLemonsxX,EulerE,951,926,8/8/8/5P1K/8/3k2qP/8/8 w - - 1 45,g1g3
1,XxLemonsxX,EulerE,951,926,8/8/5P2/7K/8/3k2qP/8/8 b - - 0 45,f5f6
1,XxLemonsxX,EulerE,951,926,8/8/5P2/7K/8/3k3q/8/8 w - - 0 46,g3h3
1,XxLemonsxX,EulerE,951,926,8/8/5PK1/8/8/3k3q/8/8 b - - 1 46,h5g6
1,XxLemonsxX,EulerE,951,926,8/8/5PK1/8/8/3k2q1/8/8 w - - 2 47,h3g3
1,XxLemonsxX,EulerE,951,926,8/5K2/5P2/8/8/3k2q1/8/8 b - - 3 47,g6f7
1,XxLemonsxX,EulerE,951,926,8/5K2/5P2/4q3/8/3k4/8/8 w - - 4 48,g3e5
1,XxLemonsxX,EulerE,951,926,8/6K1/5P2/4q3/8/3k4/8/8 b - - 5 48,f7g7
1,XxLemonsxX,EulerE,951,926,8/2q3K1/5P2/8/8/3k4/8/8 w - - 6 49,e5c7
1,XxLemonsxX,EulerE,951,926,8/2q2PK1/8/8/8/3k4/8/8 b - - 0 49,f6f7
1,XxLemonsxX,EulerE,951,926,8/2q2PK1/8/8/4k3/8/8/8 w - - 1 50,d3e4
1,XxLemonsxX,EulerE,951,926,6K1/2q2P2/8/8/4k3/8/8/8 b - - 2 50,g7g8
1,XxLemonsxX,EulerE,951,926,6K1/5P2/8/8/4k3/6q1/8/8 w - - 3 51,c7g3
1,XxLemonsxX,EulerE,951,926,5K2/5P2/8/8/4k3/6q1/8/8 b - - 4 51,g8f8
1,XxLemonsxX,EulerE,951,926,5K2/5P2/8/4k3/8/6q1/8/8 w - - 5 52,e4e5
1,XxLemonsxX,EulerE,951,926,4K3/5P2/8/4k3/8/6q1/8/8 b - - 6 52,f8e8
1,XxLemonsxX,EulerE,951,926,4K3/5P2/6q1/4k3/8/8/8/8 w - - 7 53,g3g6
1,XxLemonsxX,EulerE,951,926,8/4KP2/6q1/4k3/8/8/8/8 b - - 8 53,e8e7
1,XxLemonsxX,EulerE,951,926,8/4KP2/4q3/4k3/8/8/8/8 w - - 9 54,g6e6
1,XxLemonsxX,EulerE,951,926,5K2/5P2/4q3/4k3/8/8/8/8 b - - 10 54,e7f8
1,XxLemonsxX,EulerE,951,926,2q2K2/5P2/8/4k3/8/8/8/8 w - - 11 55,e6c8
1,XxLemonsxX,EulerE,951,926,2q5/5PK1/8/4k3/8/8/8/8 b - - 12 55,f8g7
1,XxLemonsxX,EulerE,951,926,8/5PK1/8/4k3/6q1/8/8/8 w - - 13 56,c8g4
1,XxLemonsxX,EulerE,951,926,5K2/5P2/8/4k3/6q1/8/8/8 b - - 14 56,g7f8
1,XxLemonsxX,EulerE,951,926,5K2/5P2/8/5k2/6q1/8/8/8 w - - 15 57,e5f5
1,XxLemonsxX,EulerE,951,926,8/4KP2/8/5k2/6q1/8/8/8 b - - 16 57,f8e7
1,XxLemonsxX,EulerE,951,926,8/4KP2/8/5k2/1q6/8/8/8 w - - 17 58,g4b4
1,XxLemonsxX,EulerE,951,926,4K3/5P2/8/5k2/1q6/8/8/8 b - - 18 58,e7e8
1,XxLemonsxX,EulerE,951,926,1q2K3/5P2/8/5k2/8/8/8/8 w - - 19 59,b4b8
1,XxLemonsxX,EulerE,951,926,1q6/4KP2/8/5k2/8/8/8/8 b - - 20 59,e8e7
1,XxLemonsxX,EulerE,951,926,8/2q1KP2/8/5k2/8/8/8/8 w - - 21 60,b8c7
1,XxLemonsxX,EulerE,951,926,4K3/2q2P2/8/5k2/8/8/8/8 b - - 22 60,e7e8
1,XxLemonsxX,EulerE,951,926,4K3/2q2P2/4k3/8/8/8/8/8 w - - 23 61,f5e6
1,XxLemonsxX,EulerE,951,926,4KQ2/2q5/4k3/8/8/8/8/8 b - - 0 61,f7f8q
1,XxLemonsxX,EulerE,951,926,4KQ2/3q4/4k3/8/8/8/8/8 w - - 1 62,c7d7
2,EulerE,MILO0823,916,915,rnbqkbnr/pppppppp/8/8/3P4/8/PPP1PPPP/RNBQKBNR b KQkq - 0 1,d2d4
2,EulerE,MILO0823,916,915,rnbqkbnr/ppp1pppp/8/3p4/3P4/8/PPP1PPPP/RNBQKBNR w KQkq - 0 2,d7d5
2,EulerE,MILO0823,916,915,rnbqkbnr/ppp1pppp/8/3p4/2PP4/8/PP2PPPP/RNBQKBNR b KQkq - 0 2,c2c4
2,EulerE,MILO0823,916,915,rnbqkbnr/ppp2ppp/4p3/3p4/2PP4/8/PP2PPPP/RNBQKBNR w KQkq - 0 3,e7e6
2,EulerE,MILO0823,916,915,rnbqkbnr/ppp2ppp/4p3/3p4/2PP4/2N5/PP2PPPP/R1BQKBNR b KQkq - 1 3,b1c3
2,EulerE,MILO0823,916,915,rnbqkb1r/ppp2ppp/4pn2/3p4/2PP4/2N5/PP2PPPP/R1BQKBNR w KQkq - 2 4,g8f6
2,EulerE,MILO0823,916,915,rnbqkb1r/ppp2ppp/4pn2/3p4/2PP4/2N2N2/PP2PPPP/R1BQKB1R b KQkq - 3 4,g1f3
2,EulerE,MILO0823,916,915,rnbqkb1r/pp3ppp/4pn2/2pp4/2PP4/2N2N2/PP2PPPP/R1BQKB1R w KQkq - 0 5,c7c5
2,EulerE,MILO0823,916,915,rnbqkb1r/pp3ppp/4pn2/2pP4/3P4/2N2N2/PP2PPPP/R1BQKB1R b KQkq - 0 5,c4d5
2,EulerE,MILO0823,916,915,rnbqkb1r/pp3ppp/5n2/2pp4/3P4/2N2N2/PP2PPPP/R1BQKB1R w KQkq - 0 6,e6d5
2,EulerE,MILO0823,916,915,rnbqkb1r/pp3ppp/5n2/2Pp4/8/2N2N2/PP2PPPP/R1BQKB1R b KQkq - 0 6,d4c5
2,EulerE,MILO0823,916,915,rnbqk2r/pp3ppp/5n2/2bp4/8/2N2N2/PP2PPPP/R1BQKB1R w KQkq - 0 7,f8c5
2,EulerE,MILO0823,916,915,rnbqk2r/pp3ppp/5n2/2bp4/5B2/2N2N2/PP2PPPP/R2QKB1R b KQkq - 1 7,c1f4
2,EulerE,MILO0823,916,915,rnbqk2r/pp3ppp/8/2bp4/5Bn1/2N2N2/PP2PPPP/R2QKB1R w KQkq - 2 8,f6g4
2,EulerE,MILO0823,916,915,rnbqk2r/pp3ppp/8/2bp4/5Bn1/2N1PN2/PP3PPP/R2QKB1R b KQkq - 0 8,e2e3
2,EulerE,MILO0823,916,915,rnbqk2r/pp3ppp/8/2b5/3p1Bn1/2N1PN2/PP3PPP/R2QKB1R w KQkq - 0 9,d5d4
2,EulerE,MILO0823,916,915,rnbqk2r/pp3ppp/8/2b5/3P1Bn1/2N2N2/PP3PPP/R2QKB1R b KQkq - 0 9,e3d4
2,EulerE,MILO0823,916,915,rnbqk2r/pp3ppp/8/8/1b1P1Bn1/2N2N2/PP3PPP/R2QKB1R w KQkq - 1 10,c5b4
2,EulerE,MILO0823,916,915,rnbqk2r/pp3ppp/8/8/1b1P1Bn1/2N2N1P/PP3PP1/R2QKB1R b KQkq - 0 10,h2h3
2,EulerE,MILO0823,916,915,rnbqk2r/pp3ppp/5n2/8/1b1P1B2/2N2N1P/PP3PP1/R2QKB1R w KQkq - 1 11,g4f6
2,EulerE,MILO0823,916,915,rnbqk2r/pp3ppp/5n2/8/Qb1P1B2/2N2N1P/PP3PP1/R3KB1R b KQkq - 2 11,d1a4
2,EulerE,MILO0823,916,915,r1bqk2r/pp3ppp/2n2n2/8/Qb1P1B2/2N2N1P/PP3PP1/R3KB1R w KQkq - 3 12,b8c6
2,EulerE,MILO0823,916,915,r1bqk2r/pp3ppp/2n2n2/1B6/Qb1P1B2/2N2N1P/PP3PP1/R3K2R b KQkq - 4 12,f1b5
2,EulerE,MILO0823,916,915,r2qk2r/pp1b1ppp/2n2n2/1B6/Qb1P1B2/2N2N1P/PP3PP1/R3K2R w KQkq - 5 13,c8d7
2,EulerE,MILO0823,916,915,r2qk2r/pp1b1ppp/2B2n2/8/Qb1P1B2/2N2N1P/PP3PP1/R3K2R b KQkq - 0 13,b5c6
2,EulerE,MILO0823,916,915,r2qk2r/pp1b1ppp/2B2n2/8/Q2P1B2/2b2N1P/PP3PP1/R3K2R w KQkq - 0 14,b4c3
2,EulerE,MILO0823,916,915,r2qk2r/pp1b1ppp/2B2n2/8/Q2P1B2/2P2N1P/P4PP1/R3K2R b KQkq - 0 14,b2c3
2,EulerE,MILO0823,916,915,r2qk2r/pp3ppp/2b2n2/8/Q2P1B2/2P2N1P/P4PP1/R3K2R w KQkq - 0 15,d7c6
2,EulerE,MILO0823,916,915,r2qk2r/pp3ppp/2b2n2/8/Q2P1B2/2P2N1P/P4PP1/2KR3R b kq - 1 15,e1c1
2,EulerE,MILO0823,916,915,r2q1rk1/pp3ppp/2b2n2/8/Q2P1B2/2P2N1P/P4PP1/2KR3R w - - 2 16,e8g8
2,EulerE,MILO0823,916,915,r2q1rk1/pp3ppp/2b2n2/3P4/Q4B2/2P2N1P/P4PP1/2KR3R b - - 0 16,d4d5
2,EulerE,MILO0823,916,915,r2q1rk1/pp3ppp/5n2/3P4/b4B2/2P2N1P/P4PP1/2KR3R w - - 0 17,c6a4
3,EulerE,ChristopherLanger,907,932,rnbqkbnr/pppppppp/8/8/3P4/8/PPP1PPPP/RNBQKBNR b KQkq - 0 1,d2d4
3,EulerE,ChristopherLanger,907,932,r1bqkbnr/pppppppp/2n5/8/3P4/8/PPP1PPPP/RNBQKBNR w KQkq - 1 2,b8c6
3,EulerE,ChristopherLanger,907,932,r1bqkbnr/pppppppp/2n5/8/2PP4/8/PP2PPPP/RNBQKBNR b KQkq - 0 2,c2c4
3,EulerE,ChristopherLanger,907,932,r1bqkbnr/pppp1ppp/2n1p3/8/2PP4/8/PP2PPPP/RNBQKBNR w KQkq - 0 3,e7e6
3,EulerE,ChristopherLanger,907,932,r1bqkbnr/pppp1ppp/2n1p3/8/2PP4/5N2/PP2PPPP/RNBQKB1R b KQkq - 1 3,g1f3
3,EulerE,ChristopherLanger,907,932,r1bqkbnr/ppp2ppp/2n1p3/3p4/2PP4/5N2/PP2PPPP/RNBQKB1R w KQkq - 0 4,d7d5
3,EulerE,ChristopherLanger,907,932,r1bqkbnr/ppp2ppp/2n1p3/2Pp4/3P4/5N2/PP2PPPP/RNBQKB1R b KQkq - 0 4,c4c5
3,EulerE,ChristopherLanger,907,932,r1bqkbnr/p1p2ppp/1pn1p3/2Pp4/3P4/5N2/PP2PPPP/RNBQKB1R w KQkq - 0 5,b7b6
3,EulerE,ChristopherLanger,907,932,r1bqkbnr/p1p2ppp/1pn1p3/2Pp4/3P4/2N2N2/PP2PPPP/R1BQKB1R b KQkq - 1 5,b1c3
3,EulerE,ChristopherLanger,907,932,r1bqkbnr/p1p2ppp/2n1p3/2pp4/3P4/2N2N2/PP2PPPP/R1BQKB1R w KQkq - 0 6,b6c5
3,EulerE,ChristopherLanger,907,932,r1bqkbnr/p1p2ppp/2n1p3/2pp4/3P1B2/2N2N2/PP2PPPP/R2QKB1R b KQkq - 1 6,c1f4
3,EulerE,ChristopherLanger,907,932,r1bqkbnr/p1p2ppp/2n1p3/3p4/3p1B2/2N2N2/PP2PPPP/R2QKB1R w KQkq - 0 7,c5d4
3,EulerE,ChristopherLanger,907,932,r1bqkbnr/p1p2ppp/2n1p3/3p4/3N1B2/2N5/PP2PPPP/R2QKB1R b KQkq - 0 7,f3d4
3,EulerE,ChristopherLanger,907,932,r1bqkbnr/p1p2ppp/4p3/3p4/3n1B2/2N5/PP2PPPP/R2QKB1R w KQkq - 0 8,c6d4
3,EulerE,ChristopherLanger,907,932,r1bqkbnr/p1p2ppp/4p3/3p4/3Q1B2/2N5/PP2PPPP/R3KB1R b KQkq - 0 8,d1d4
3,EulerE,ChristopherLanger,907,932,1rbqkbnr/p1p2ppp/4p3/3p4/3Q1B2/2N5/PP2PPPP/R3KB1R w KQk - 1 9,a8b8
3,EulerE,ChristopherLanger,907,932,1rbqkbnr/p1p2ppp/4p3/3p4/3Q1B2/2N1P3/PP3PPP/R3KB1R b KQk - 0 9,e2e3
3,EulerE,ChristopherLanger,907,932,1rbqk1nr/p1p2ppp/4p3/3p4/1b1Q1B2/2N1P3/PP3PPP/R3KB1R w KQk - 1 10,f8b4
3,EulerE,ChristopherLanger,907,932,1rbqk1nr/p1p2ppp/4p3/3p4/1b1Q1B2/P1N1P3/1P3PPP/R3KB1R b KQk - 0 10,a2a3
3,EulerE,ChristopherLanger,907,932,1rbqk1nr/p1p2ppp/4p3/3p4/3Q1B2/P1b1P3/1P3PPP/R3KB1R w KQk - 0 11,b4c3
3,EulerE,ChristopherLanger,907,932,1rbqk1nr/p1p2ppp/4p3/3p4/5B2/P1Q1P3/1P3PPP/R3KB1R b KQk - 0 11,d4c3
3,EulerE,ChristopherLanger,907,932,1rbqk2r/p1p2ppp/4pn2/3p4/5B2/P1Q1P3/1P3PPP/R3KB1R w KQk - 1 12,g8f6
3,EulerE,ChristopherLanger,907,932,1rbqk2r/p1p2ppp/4pn2/3p4/5B2/P1QBP3/1P3PPP/R3K2R b KQk - 2 12,f1d3
3,EulerE,ChristopherLanger,907,932,1rbqk2r/p1p2ppp/4p3/3p4/4nB2/P1QBP3/1P3PPP/R3K2R w KQk - 3 13,f6e4
3,EulerE,ChristopherLanger,907,932,1rbqk2r/p1p2ppp/4p3/3p4/4nB2/P1QBP3/1P3PPP/R4RK1 b k - 4 13,e1g1
3,EulerE,ChristopherLanger,907,932,1rbqk2r/p1p2ppp/4p3/3p4/5B2/P1nBP3/1P3PPP/R4RK1 w k - 0 14,e4c3
4,EulerE,marcelopinharari,898,906,rnbqkbnr/pppppppp/8/8/3P4/8/PPP1PPPP/RNBQKBNR b KQkq - 0 1,d2d4
4,EulerE,marcelopinharari,898,906,rnbqkbnr/ppp1pppp/8/3p4/3P4/8/PPP1PPPP/RNBQKBNR w KQkq - 0 2,d7d5
4,EulerE,marcelopinharari,898,906,rnbqkbnr/ppp1pppp/8/3p4/2PP4/8/PP2PPPP/RNBQKBNR b KQkq - 0 2,c2c4
4,EulerE,marcelopinharari,898,906,rnbqkbnr/ppp2ppp/4p3/3p4/2PP4/8/PP2PPPP/RNBQKBNR w KQkq - 0 3,e7e6
4,EulerE,marcelopinharari,898,906,rnbqkbnr/ppp2ppp/4p3/3p4/2PP4/5N2/PP2PPPP/RNBQKB1R b KQkq - 1 3,g1f3
4,EulerE,marcelopinharari,898,906,rnbqkbnr/ppp2ppp/4p3/8/2pP4/5N2/PP2PPPP/RNBQKB1R w KQkq - 0 4,d5c4
4,EulerE,marcelopinharari,898,906,rnbqkbnr/ppp2ppp/4p3/8/2pPP3/5N2/PP3PPP/RNBQKB1R b KQkq - 0 4,e2e4
4,EulerE,marcelopinharari,898,906,rnbqkbnr/pp3ppp/4p3/2p5/2pPP3/5N2/PP3PPP/RNBQKB1R w KQkq - 0 5,c7c5
4,EulerE,marcelopinharari,898,906,rnbqkbnr/pp3ppp/4p3/2pP4/2p1P3/5N2/PP3PPP/RNBQKB1R b KQkq - 0 5,d4d5
4,EulerE,marcelopinharari,898,906,rnbqkbnr/pp3ppp/8/2pp4/2p1P3/5N2/PP3PPP/RNBQKB1R w KQkq - 0 6,e6d5
4,EulerE,marcelopinharari,898,906,rnbqkbnr/pp3ppp/8/2pP4/2p5/5N2/PP3PPP/RNBQKB1R b KQkq - 0 6,e4d5
4,EulerE,marcelopinharari,898,906,rnbqkb1r/pp3ppp/5n2/2pP4/2p5/5N2/PP3PPP/RNBQKB1R w KQkq - 1 7,g8f6
4,EulerE,marcelopinharari,898,906,rnbqkb1r/pp3ppp/5n2/2pP4/2p5/2N2N2/PP3PPP/R1BQKB1R b KQkq - 2 7,b1c3
4,EulerE,marcelopinharari,898,906,rnbqk2r/pp3ppp/3b1n2/2pP4/2p5/2N2N2/PP3PPP/R1BQKB1R w KQkq - 3 8,f8d6
4,EulerE,marcelopinharari,898,906,rnbqk2r/pp3ppp/3b1n2/2pP4/2p5/2N2NP1/PP3P1P/R1BQKB1R b KQkq - 0 8,g2g3
4,EulerE,marcelopinharari,898,906,rnb1k2r/pp2qppp/3b1n2/2pP4/2p5/2N2NP1/PP3P1P/R1BQKB1R w KQkq - 1 9,d8e7
4,EulerE,marcelopinharari,898,906,rnb1k2r/pp2qppp/3b1n2/2pP4/2p5/2N1BNP1/PP3P1P/R2QKB1R b KQkq - 2 9,c1e3
4,EulerE,marcelopinharari,898,906,rnb2rk1/pp2qppp/3b1n2/2pP4/2p5/2N1BNP1/PP3P1P/R2QKB1R w KQ - 3 10,e8g8
4,EulerE,marcelopinharari,898,906,rnb2rk1/pp2qppp/3b1n2/2pP4/2p5/2N1BNP1/PP3PBP/R2QK2R b KQ - 4 10,f1g2
4,EulerE,marcelopinharari,898,906,rnb2rk1/pp2qppp/3b4/2pP4/2p3n1/2N1BNP1/PP3PBP/R2QK2R w KQ - 5 11,f6g4
4,EulerE,marcelopinharari,898,906,rnb2rk1/pp2qppp/3b4/2pP4/2p3n1/2N1BNP1/PP3PBP/R2Q1RK1 b - - 6 11,e1g1
4,EulerE,marcelopinharari,898,906,rnb2rk1/pp2qppp/3b4/2pP4/2p5/2N1nNP1/PP3PBP/R2Q1RK1 w - - 0 12,g4e3
4,EulerE,marcelopinharari,898,906,rnb2rk1/pp2qppp/3b4/2pP4/2p5/2N1PNP1/PP4BP/R2Q1RK1 b - - 0 12,f2e3
4,EulerE,marcelopinharari,898,906,rnb2rk1/pp3ppp/3b4/2pP4/2p5/2N1qNP1/PP4BP/R2Q1RK1 w - - 0 13,e7e3
4,EulerE,marcelopinharari,898,906,rnb2rk1/pp3ppp/3b4/2pP4/2p5/2N1qNP1/PP4BP/R2Q1R1K b - - 1 13,g1h1
4,EulerE,marcelopinharari,898,906,rnb2rk1/pp3ppp/3b3q/2pP4/2p5/2N2NP1/PP4BP/R2Q1R1K w - - 2 14,e3h6
4,EulerE,marcelopinharari,898,906,rnb2rk1/pp3ppp/3b3q/2pP4/2p1N3/5NP1/PP4BP/R2Q1R1K b - - 3 14,c3e4
4,EulerE,marcelopinharari,898,906,rn3rk1/pp3ppp/3b3q/2pP1b2/2p1N3/5NP1/PP4BP/R2Q1R1K w - - 4 15,c8f5
4,EulerE,marcelopinharari,898,906,rn3rk1/pp3ppp/3N3q/2pP1b2/2p5/5NP1/PP4BP/R2Q1R1K b - - 0 15,e4d6
4,EulerE,marcelopinharari,898,906,rn3rk1/pp3ppp/3N3q/2pP4/2p3b1/5NP1/PP4BP/R2Q1R1K w - - 1 16,f5g4
4,EulerE,marcelopinharari,898,906,rn3rk1/pp3ppp/3N3q/2pP4/2p3b1/5NP1/PPQ3BP/R4R1K b - - 2 16,d1c2
4,EulerE,marcelopinharari,898,906,r4rk1/pp1n1ppp/3N3q/2pP4/2p3b1/5NP1/PPQ3BP/R4R1K w - - 3 17,b8d7
4,EulerE,marcelopinharari,898,906,r4rk1/pp1n1ppp/3N3q/2pP4/2Q3b1/5NP1/PP4BP/R4R1K b - - 0 17,c2c4
4,EulerE,marcelopinharari,898,906,r4rk1/pp1n1ppp/3N3q/2pP4/2Q5/5bP1/PP4BP/R4R1K w - - 0 18,g4f3
4,EulerE,marcelopinharari,898,906,r4rk1/pp1n1ppp/3N3q/2pP4/2Q5/5BP1/PP5P/R4R1K b - - 0 18,g2f3
4,EulerE,marcelopinharari,898,906,r4rk1/pp3ppp/3N3q/2pPn3/2Q5/5BP1/PP5P/R4R1K w - - 1 19,d7e5
4,EulerE,marcelopinharari,898,906,r4rk1/pp3ppp/7q/2pPnN2/2Q5/5BP1/PP5P/R4R1K b - - 2 19,d6f5
4,EulerE,marcelopinharari,898,906,r4rk1/pp3ppp/7q/2pP1N2/2n5/5BP1/PP5P/R4R1K w - - 0 20,e5c4
4,EulerE,marcelopinharari,898,906,r4rk1/pp3ppp/7N/2pP4/2n5/5BP1/PP5P/R4R1K b - - 0 20,f5h6
4,EulerE,marcelopinharari,898,906,r4rk1/pp3p1p/7p/2pP4/2n5/5BP1/PP5P/R4R1K w - - 0 21,g7h6
4,EulerE,marcelopinharari,898,906,r4rk1/pp3p1p/7p/2pP4/2n5/5BP1/PP5P/2R2R1K b - - 1 21,a1c1
4,EulerE,marcelopinharari,898,906,r4rk1/pp3p1p/7p/2pP4/8/5BP1/PP1n3P/2R2R1K w - - 2 22,c4d2
4,EulerE,marcelopinharari,898,906,r4rk1/pp3p1p/7p/2pP4/8/5BP1/PP1n3P/2RR3K b - - 3 22,f1d1
4,EulerE,marcelopinharari,898,906,r4rk1/pp3p1p/7p/2pP4/8/5nP1/PP5P/2RR3K w - - 0 23,d2f3
4,EulerE,marcelopinharari,898,906,r4rk1/pp3p1p/7p/2pP4/8/5nP1/PP5P/2R2R1K b - - 1 23,d1f1
4,EulerE,marcelopinharari,898,906,r4rk1/pp3p1p/7p/2pP2n1/8/6P1/PP5P/2R2R1K w - - 2 24,f3g5
4,EulerE,marcelopinharari,898,906,r4rk1/pp3p1p/7p/2RP2n1/8/6P1/PP5P/5R1K b - - 0 24,c1c5
4,EulerE,marcelopinharari,898,906,r4r2/pp3pkp/7p/2RP2n1/8/6P1/PP5P/5R1K w - - 1 25,g8g7
4,EulerE,marcelopinharari,898,906,r4r2/pp3pkp/3P3p/2R3n1/8/6P1/PP5P/5R1K b - - 0 25,d5d6
4,EulerE,marcelopinharari,898,906,r2r4/pp3pkp/3P3p/2R3n1/8/6P1/PP5P/5R1K w - - 1 26,f8d8
4,EulerE,marcelopinharari,898,906,r2r4/pp3pkp/3P3p/2R3n1/8/6P1/PP5P/3R3K b - - 2 26,f1d1
4,EulerE,marcelopinharari,898,906,r7/pp1r1pkp/3P3p/2R3n1/8/6P1/PP5P/3R3K w - - 3 27,d8d7
4,EulerE,marcelopinharari,898,906,r7/pp1r1pkp/3P3p/4R1n1/8/6P1/PP5P/3R3K b - - 4 27,c5e5
4,EulerE,marcelopinharari,898,906,r7/pp1r1pkp/3Pn2p/4R3/8/6P1/PP5P/3R3K w - - 5 28,g5e6
4,EulerE,marcelopinharari,898,906,r7/pp1r1pkp/3Pn2p/4R3/8/6P1/PP4KP/3R4 b - - 6 28,h1g2
4,EulerE,marcelopinharari,898,906,2r5/pp1r1pkp/3Pn2p/4R3/8/6P1/PP4KP/3R4 w - - 7 29,a8c8
4,EulerE,marcelopinharari,898,906,2r5/pp1r1pkp/3Pn2p/4R3/8/5KP1/PP5P/3R4 b - - 8 29,g2f3
4,EulerE,marcelopinharari,898,906,8/pp1r1pkp/2rPn2p/4R3/8/5KP1/PP5P/3R4 w - - 9 30,c8c6
4,EulerE,marcelopinharari,898,906,8/pp1r1pkp/2rPn2p/3R4/8/5KP1/PP5P/3R4 b - - 10 30,e5d5
4,EulerE,marcelopinharari,898,906,8/pp1r1pkp/2rP3p/3R2n1/8/5KP1/PP5P/3R4 w - - 11 31,e6g5
4,EulerE,marcelopinharari,898,906,8/pp1r1pkp/2rP3p/3R2n1/5K2/6P1/PP5P/3R4 b - - 12 31,f3f4
4,EulerE,marcelopinharari,898,906,8/pp1r1pkp/2rPn2p/3R4/5K2/6P1/PP5P/3R4 w - - 13 32,g5e6
4,EulerE,marcelopinharari,898,906,8/pp1r1pkp/2rPn2p/3R1K2/8/6P1/PP5P/3R4 b - - 14 32,f4f5
4,EulerE,marcelopinharari,898,906,8/pp1r1pkp/3Pn2p/3R1K2/8/6P1/PPr4P/3R4 w - - 15 33,c6c2
4,EulerE,marcelopinharari,898,906,8/pp1r1pkp/3Pn2p/3R4/4K3/6P1/PPr4P/3R4 b - - 16 33,f5e4
4,EulerE,marcelopinharari,898,906,8/pp1r1pkp/3Pn2p/3R4/4K3/6P1/Pr5P/3R4 w - - 0 34,c2b2
4,EulerE,marcelopinharari,898,906,8/pp1r1pkp/3Pn2p/2R5/4K3/6P1/Pr5P/3R4 b - - 1 34,d5c5
5,Ragnar1911,EulerE,843,905,rnbqkbnr/pppppppp/8/8/4P3/8/PPPP1PPP/RNBQKBNR b KQkq - 0 1,e2e4
5,Ragnar1911,EulerE,843,905,rnbqkbnr/pppp1ppp/8/4p3/4P3/8/PPPP1PPP/RNBQKBNR w KQkq - 0 2,e7e5
5,Ragnar1911,EulerE,843,905,rnbqkbnr/pppp1ppp/8/4p3/4P3/2N5/PPPP1PPP/R1BQKBNR b KQkq - 1 2,b1c3
5,Ragnar1911,EulerE,843,905,r1bqkbnr/pppp1ppp/2n5/4p3/4P3/2N5/PPPP1PPP/R1BQKBNR w KQkq - 2 3,b8c6
5,Ragnar1911,EulerE,843,905,r1bqkbnr/pppp1ppp/2n5/4p3/4P3/2N2N2/PPPP1PPP/R1BQKB1R b KQkq - 3 3,g1f3
5,Ragnar1911,EulerE,843,905,r1bqkb1r/pppp1ppp/2n2n2/4p3/4P3/2N2N2/PPPP1PPP/R1BQKB1R w KQkq - 4 4,g8f6
5,Ragnar1911,EulerE,843,905,r1bqkb1r/pppp1ppp/2n2n2/4p3/4P3/2N2N1P/PPPP1PP1/R1BQKB1R b KQkq - 0 4,h2h3
5,Ragnar1911,EulerE,843,905,r1bqk2r/pppp1ppp/2n2n2/2b1p3/4P3/2N2N1P/PPPP1PP1/R1BQKB1R w KQkq - 1 5,f8c5
5,Ragnar1911,EulerE,843,905,r1bqk2r/pppp1ppp/2n2n2/2b1p3/2B1P3/2N2N1P/PPPP1PP1/R1BQK2R b KQkq - 2 5,f1c4
5,Ragnar1911,EulerE,843,905,r1bqk2r/1ppp1ppp/p1n2n2/2b1p3/2B1P3/2N2N1P/PPPP1PP1/R1BQK2R w KQkq - 0 6,a7a6
5,Ragnar1911,EulerE,843,905,r1bqk2r/1ppp1ppp/p1n2n2/2b1p3/2B1P3/2NP1N1P/PPP2PP1/R1BQK2R b KQkq - 0 6,d2d3
5,Ragnar1911,EulerE,843,905,r1bqk2r/2pp1ppp/p1n2n2/1pb1p3/2B1P3/2NP1N1P/PPP2PP1/R1BQK2R w KQkq - 0 7,b7b5
5,Ragnar1911,EulerE,843,905,r1bqk2r/2pp1ppp/p1n2n2/1pb1p3/4P3/1BNP1N1P/PPP2PP1/R1BQK2R b KQkq - 1 7,c4b3
5,Ragnar1911,EulerE,843,905,r1bqk2r/2pp1ppp/p4n2/npb1p3/4P3/1BNP1N1P/PPP2PP1/R1BQK2R w KQkq - 2 8,c6a5
5,Ragnar1911,EulerE,843,905,r1bqk2r/2pp1ppp/p4n2/npbBp3/4P3/2NP1N1P/PPP2PP1/R1BQK2R b KQkq - 3 8,b3d5
5,Ragnar1911,EulerE,843,905,r1bqk2r/2pp1ppp/p7/npbnp3/4P3/2NP1N1P/PPP2PP1/R1BQK2R w KQkq - 0 9,f6d5
5,Ragnar1911,EulerE,843,905,r1bqk2r/2pp1ppp/p7/npbNp3/4P3/3P1N1P/PPP2PP1/R1BQK2R b KQkq - 0 9,c3d5
5,Ragnar1911,EulerE,843,905,r1bqk2r/3p1ppp/p1p5/npbNp3/4P3/3P1N1P/PPP2PP1/R1BQK2R w KQkq - 0 10,c7c6
5,Ragnar1911,EulerE,843,905,r1bqk2r/3p1ppp/p1p5/npb1p3/4P3/2NP1N1P/PPP2PP1/R1BQK2R b KQkq - 1 10,d5c3
5,Ragnar1911,EulerE,843,905,r1bq1rk1/3p1ppp/p1p5/npb1p3/4P3/2NP1N1P/PPP2PP1/R1BQK2R w KQ - 2 11,e8g8
5,Ragnar1911,EulerE,843,905,r1bq1rk1/3p1ppp/p1p5/npb1N3/4P3/2NP3P/PPP2PP1/R1BQK2R b KQ - 0 11,f3e5
5,Ragnar1911,EulerE,843,905,r1bqr1k1/3p1ppp/p1p5/npb1N3/4P3/2NP3P/PPP2PP1/R1BQK2R w KQ - 1 12,f8e8
5,Ragnar1911,EulerE,843,905,r1bqr1k1/3p1ppp/p1p5/npb5/4P3/2NP1N1P/PPP2PP1/R1BQK2R b KQ - 2 12,e5f3
5,Ragnar1911,EulerE,843,905,r1bqr1k1/1n1p1ppp/p1p5/1pb5/4P3/2NP1N1P/PPP2PP1/R1BQK2R w KQ - 3 13,a5b7
5,Ragnar1911,EulerE,843,905,r1bqr1k1/1n1p1ppp/p1p5/1pb5/4P3/2NP1N1P/PPP2PP1/R1BQ1RK1 b - - 4 13,e1g1
5,Ragnar1911,EulerE,843,905,r1bqr1k1/3p1ppp/p1pn4/1pb5/4P3/2NP1N1P/PPP2PP1/R1BQ1RK1 w - - 5 14,b7d6
5,Ragnar1911,EulerE,843,905,r1bqr1k1/3p1ppp/p1pn4/1pb5/4P3/2NP1N1P/PPP2PP1/R1BQR1K1 b - - 6 14,f1e1
5,Ragnar1911,EulerE,843,905,r1bqr1k1/3p1ppp/p1pn4/2b5/1p2P3/2NP1N1P/PPP2PP1/R1BQR1K1 w - - 0 15,b5b4
5,Ragnar1911,EulerE,843,905,r1bqr1k1/3p1ppp/p1pn4/2b5/Np2P3/3P1N1P/PPP2PP1/R1BQR1K1 b - - 1 15,c3a4
5,Ragnar1911,EulerE,843,905,r1bqr1k1/b2p1ppp/p1pn4/8/Np2P3/3P1N1P/PPP2PP1/R1BQR1K1 w - - 2 16,c5a7
5,Ragnar1911,EulerE,843,905,r1bqr1k1/b2p1ppp/p1pn4/8/Np2P3/3PBN1P/PPP2PP1/R2QR1K1 b - - 3 16,c1e3
5,Ragnar1911,EulerE,843,905,r1bqr1k1/b2p1ppp/p1p5/1n6/Np2P3/3PBN1P/PPP2PP1/R2QR1K1 w - - 4 17,d6b5
5,Ragnar1911,EulerE,843,905,r1bqr1k1/B2p1ppp/p1p5/1n6/Np2P3/3P1N1P/PPP2PP1/R2QR1K1 b - - 0 17,e3a7
5,Ragnar1911,EulerE,843,905,2bqr1k1/r2p1ppp/p1p5/1n6/Np2P3/3P1N1P/PPP2PP1/R2QR1K1 w - - 0 18,a8a7
5,Ragnar1911,EulerE,843,905,2bqr1k1/r2p1ppp/p1p5/1n6/Np2P3/1P1P1N1P/P1P2PP1/R2QR1K1 b - - 0 18,b2b3
5,Ragnar1911,EulerE,843,905,3qr1k1/rb1p1ppp/p1p5/1n6/Np2P3/1P1P1N1P/P1P2PP1/R2QR1K1 w - - 1 19,c8b7
5,Ragnar1911,EulerE,843,905,3qr1k1/rb1p1ppp/p1p5/1n6/Np2P3/1P1P1N1P/P1PQ1PP1/R3R1K1 b - - 2 19,d1d2
5,Ragnar1911,EulerE,843,905,3qr1k1/rb1p1ppp/2p5/pn6/Np2P3/1P1P1N1P/P1PQ1PP1/R3R1K1 w - - 0 20,a6a5
5,Ragnar1911,EulerE,843,905,3qr1k1/rb1p1ppp/2p5/pn6/Np2P3/1P1PQN1P/P1P2PP1/R3R1K1 b - - 1 20,d2e3
5,Ragnar1911,EulerE,843,905,r2qr1k1/1b1p1ppp/2p5/pn6/Np2P3/1P1PQN1P/P1P2PP1/R3R1K1 w - - 2 21,a7a8
5,Ragnar1911,EulerE,843,905,r2qr1k1/1b1p1ppp/2p5/pn6/Np1NP3/1P1PQ2P/P1P2PP1/R3R1K1 b - - 3 21,f3d4
5,Ragnar1911,EulerE,843,905,r2qr1k1/1b1p1ppp/2p5/p7/Np1nP3/1P1PQ2P/P1P2PP1/R3R1K1 w - - 0 22,b5d4
5,Ragnar1911,EulerE,843,905,r2qr1k1/1b1p1ppp/2p5/p7/Np1QP3/1P1P3P/P1P2PP1/R3R1K1 b - - 0 22,e3d4
5,Ragnar1911,EulerE,843,905,r2qr1k1/1b3ppp/2p5/p2p4/Np1QP3/1P1P3P/P1P2PP1/R3R1K1 w - - 0 23,d7d5
5,Ragnar1911,EulerE,843,905,r2qr1k1/1b3ppp/2p5/p2P4/Np1Q4/1P1P3P/P1P2PP1/R3R1K1 b - - 0 23,e4d5
5,Ragnar1911,EulerE,843,905,r2q2k1/1b3ppp/2p5/p2P4/Np1Q4/1P1P3P/P1P2PP1/R3r1K1 w - - 0 24,e8e1
5,Ragnar1911,EulerE,843,905,r2q2k1/1b3ppp/2p5/p2P4/Np1Q4/1P1P3P/P1P2PP1/4R1K1 b - - 0 24,a1e1
5,Ragnar1911,EulerE,843,905,r2q2k1/1b3ppp/8/p2p4/Np1Q4/1P1P3P/P1P2PP1/4R1K1 w - - 0 25,c6d5
5,Ragnar1911,EulerE,843,905,r2q2k1/1b3ppp/8/p1Np4/1p1Q4/1P1P3P/P1P2PP1/4R1K1 b - - 1 25,a4c5
5,Ragnar1911,EulerE,843,905,r2q2k1/5ppp/b7/p1Np4/1p1Q4/1P1P3P/P1P2PP1/4R1K1 w - - 2 26,b7a6
5,Ragnar1911,EulerE,843,905,r2q2k1/5ppp/N7/p2p4/1p1Q4/1P1P3P/P1P2PP1/4R1K1 b - - 0 26,c5a6
5,Ragnar1911,EulerE,843,905,3q2k1/5ppp/r7/p2p4/1p1Q4/1P1P3P/P1P2PP1/4R1K1 w - - 0 27,a8a6
5,Ragnar1911,EulerE,843,905,3q2k1/5ppp/r7/p1Qp4/1p6/1P1P3P/P1P2PP1/4R1K1 b - - 1 27,d4c5
5,Ragnar1911,EulerE,843,905,3q2k1/5p1p/r5p1/p1Qp4/1p6/1P1P3P/P1P2PP1/4R1K1 w - - 0 28,g7g6
5,Ragnar1911,EulerE,843,905,3q2k1/5p1p/r5p1/pQ1p4/1p6/1P1P3P/P1P2PP1/4R1K1 b - - 1 28,c5b5
5,Ragnar1911,EulerE,843,905,r2q2k1/5p1p/6p1/pQ1p4/1p6/1P1P3P/P1P2PP1/4R1K1 w - - 2 29,a6a8
5,Ragnar1911,EulerE,843,905,r2q2k1/5p1p/6p1/pQ1pR3/1p6/1P1P3P/P1P2PP1/6K1 b - - 3 29,e1e5
5,Ragnar1911,EulerE,843,905,r5k1/2q2p1p/6p1/pQ1pR3/1p6/1P1P3P/P1P2PP1/6K1 w - - 4 30,d8c7
5,Ragnar1911,EulerE,843,905,r5k1/2q2p1p/6p1/p2QR3/1p6/1P1P3P/P1P2PP1/6K1 b - - 0 30,b5d5
5,Ragnar1911,EulerE,843,905,3r2k1/2q2p1p/6p1/p2QR3/1p6/1P1P3P/P1P2PP1/6K1 w - - 1 31,a8d8
5,Ragnar1911,EulerE,843,905,3r2k1/2q2p1p/6p1/p3R3/1pQ5/1P1P3P/P1P2PP1/6K1 b - - 2 31,d5c4
5,Ragnar1911,EulerE,843,905,3r2k1/5p1p/6p1/p3q3/1pQ5/1P1P3P/P1P2PP1/6K1 w - - 0 32,c7e5
5,Ragnar1911,EulerE,843,905,3r2k1/5p1p/6p1/p3q3/1pQ5/1P1P1P1P/P1P3P1/6K1 b - - 0 32,f2f3
5,Ragnar1911,EulerE,843,905,3r2k1/5p1p/6p1/p7/1pQ5/1P1PqP1P/P1P3P1/6K1 w - - 1 33,e5e3
5,Ragnar1911,EulerE,843,905,3r2k1/5p1p/6p1/p7/1pQ5/1P1PqP1P/P1P3PK/8 b - - 2 33,g1h2
5,Ragnar1911,EulerE,843,905,3r2k1/5p1p/6p1/p7/1pQ2q2/1P1P1P1P/P1P3PK/8 w - - 3 34,e3f4
5,Ragnar1911,EulerE,843,905,3r2k1/5p1p/6p1/p7/1pQ2q2/1P1P1P1P/P1P3P1/6K1 b - - 4 34,h2g1
5,Ragnar1911,EulerE,843,905,3r2k1/5p1p/6p1/p7/1pQ5/1P1PqP1P/P1P3P1/6K1 w - - 5 35,f4e3
5,Ragnar1911,EulerE,843,905,3r2k1/5p1p/6p1/p7/1pQ5/1P1PqP1P/P1P3PK/8 b - - 6 35,g1h2
5,Ragnar1911,EulerE,843,905,3r2k1/5p1p/6p1/p7/1pQ5/1P1P1P1P/P1P1q1PK/8 w - - 7 36,e3e2
5,Ragnar1911,EulerE,843,905,3r2k1/2Q2p1p/6p1/p7/1p6/1P1P1P1P/P1P1q1PK/8 b - - 8 36,c4c7
5,Ragnar1911,EulerE,843,905,5rk1/2Q2p1p/6p1/p7/1p6/1P1P1P1P/P1P1q1PK/8 w - - 9 37,d8f8
5,Ragnar1911,EulerE,843,905,5rk1/5p1p/6p1/Q7/1p6/1P1P1P1P/P1P1q1PK/8 b - - 0 37,c7a5
5,Ragnar1911,EulerE,843,905,5rk1/5p1p/6p1/Q7/1p6/1P1P1P1P/P1q3PK/8 w - - 0 38,e2c2
5,Ragnar1911,EulerE,843,905,5rk1/5p1p/6p1/8/1Q6/1P1P1P1P/P1q3PK/8 b - - 0 38,a5b4
5,Ragnar1911,EulerE,843,905,5rk1/5p1p/6p1/8/1Q6/1P1P1P1P/q5PK/8 w - - 0 39,c2a2
5,Ragnar1911,EulerE,843,905,5rk1/5p1p/6p1/8/2Q5/1P1P1P1P/q5PK/8 b - - 1 39,b4c4
5,Ragnar1911,EulerE,843,905,5rk1/q4p1p/6p1/8/2Q5/1P1P1P1P/6PK/8 w - - 2 40,a2a7
5,Ragnar1911,EulerE,843,905,5rk1/q4p1p/6p1/8/1PQ5/3P1P1P/6PK/8 b - - 0 40,b3b4
5,Ragnar1911,EulerE,843,905,1q3rk1/5p1p/6p1/8/1PQ5/3P1P1P/6PK/8 w - - 1 41,a7b8
5,Ragnar1911,EulerE,843,905,1q3rk1/5p1p/6p1/8/1PQ5/3P1P1P/6P1/7K b - - 2 41,h2h1
5,Ragnar1911,EulerE,843,905,1q2r1k1/5p1p/6p1/8/1PQ5/3P1P1P/6P1/7K w - - 3 42,f8e8
5,Ragnar1911,EulerE,843,905,1q2r1k1/5p1p/6p1/8/1P6/3P1P1P/6P1/2Q4K b - - 4 42,c4c1
5,Ragnar1911,EulerE,843,905,4r1k1/5p1p/6p1/8/1q6/3P1P1P/6P1/2Q4K w - - 0 43,b8b4
5,Ragnar1911,EulerE,843,905,4r1k1/5p1p/6p1/8/1q6/3P1P1P/3Q2P1/7K b - - 1 43,c1d2
5,Ragnar1911,EulerE,843,905,4r1k1/5p1p/6p1/8/8/3P1P1P/3q2P1/7K w - - 0 44,b4d2
5,Ragnar1911,EulerE,843,905,4r1k1/5p1p/6p1/8/8/3P1P1P/3q2PK/8 b - - 1 44,h1h2
5,Ragnar1911,EulerE,843,905,4r1k1/5p1p/6p1/8/8/3q1P1P/6PK/8 w - - 0 45,d2d3
5,Ragnar1911,EulerE,843,905,4r1k1/5p1p/6p1/8/8/3q1PKP/6P1/8 b - - 1 45,h2g3
5,Ragnar1911,EulerE,843,905,6k1/5p1p/6p1/4r3/8/3q1PKP/6P1/8 w - - 2 46,e8e5
5,Ragnar1911,EulerE,843,905,6k1/5p1p/6p1/4r3/7P/3q1PK1/6P1/8 b - - 0 46,h3h4
5,Ragnar1911,EulerE,843,905,6k1/5p2/6p1/4r2p/7P/3q1PK1/6P1/8 w - - 0 47,h7h5
5,Ragnar1911,EulerE,843,905,6k1/5p2/6p1/4r2p/7P/3q1P1K/6P1/8 b - - 1 47,g3h3
5,Ragnar1911,EulerE,843,905,6k1/8/6p1/4rp1p/7P/3q1P1K/6P1/8 w - - 0 48,f7f5
5,Ragnar1911,EulerE,843,905,6k1/8/6p1/4rp1p/7P/3q1PPK/8/8 b - - 0 48,g2g3
5,Ragnar1911,EulerE,843,905,6k1/8/6p1/4rp1p/7P/5qPK/8/8 w - - 0 49,d3f3
5,Ragnar1911,EulerE,843,905,6k1/8/6p1/4rp1p/7P/5qP1/7K/8 b - - 1 49,h3h2
5,Ragnar1911,EulerE,843,905,6k1/8/6p1/5p1p/7P/5qP1/4r2K/8 w - - 2 50,e5e2
5,Ragnar1911,EulerE,843,905,6k1/8/6p1/5p1p/7P/5qPK/4r3/8 b - - 3 50,h2h3
5,Ragnar1911,EulerE,843,905,6k1/8/6p1/5p1p/7P/6PK/4r3/7q w - - 4 51,f3h1
6,EulerE,Ragnar1911,912,836,rnbqkbnr/pppppppp/8/8/3P4/8/PPP1PPPP/RNBQKBNR b KQkq - 0 1,d2d4
6,EulerE,Ragnar1911,912,836,rnbqkbnr/ppp1pppp/8/3p4/3P4/8/PPP1PPPP/RNBQKBNR w KQkq - 0 2,d7d5
6,EulerE,Ragnar1911,912,836,rnbqkbnr/ppp1pppp/8/3p4/2PP4/8/PP2PPPP/RNBQKBNR b KQkq - 0 2,c2c4
6,EulerE,Ragnar1911,912,836,rnbqkb1r/ppp1pppp/5n2/3p4/2PP4/8/PP2PPPP/RNBQKBNR w KQkq - 1 3,g8f6
6,EulerE,Ragnar1911,912,836,rnbqkb1r/ppp1pppp/5n2/3p4/2PP4/2N5/PP2PPPP/R1BQKBNR b KQkq - 2 3,b1c3
6,EulerE,Ragnar1911,912,836,rnbqkb1r/ppp1pppp/5n2/8/2pP4/2N5/PP2PPPP/R1BQKBNR w KQkq - 0 4,d5c4
6,EulerE,Ragnar1911,912,836,rnbqkb1r/ppp1pppp/5n2/8/2pPP3/2N5/PP3PPP/R1BQKBNR b KQkq - 0 4,e2e4
6,EulerE,Ragnar1911,912,836,rnbqkb1r/1pp1pppp/p4n2/8/2pPP3/2N5/PP3PPP/R1BQKBNR w KQkq - 0 5,a7a6
6,EulerE,Ragnar1911,912,836,rnbqkb1r/1pp1pppp/p4n2/8/2pPP3/2N2N2/PP3PPP/R1BQKB1R b KQkq - 1 5,g1f3
6,EulerE,Ragnar1911,912,836,rnbqkb1r/2p1pppp/p4n2/1p6/2pPP3/2N2N2/PP3PPP/R1BQKB1R w KQkq - 0 6,b7b5
6,EulerE,Ragnar1911,912,836,rnbqkb1r/2p1pppp/p4n2/1p6/P1pPP3/2N2N2/1P3PPP/R1BQKB1R b KQkq - 0 6,a2a4
6,EulerE,Ragnar1911,912,836,rn1qkb1r/2p1pppp/p4n2/1p6/P1pPP1b1/2N2N2/1P3PPP/R1BQKB1R w KQkq - 1 7,c8g4
6,EulerE,Ragnar1911,912,836,rn1qkb1r/2p1pppp/p4n2/1P6/2pPP1b1/2N2N2/1P3PPP/R1BQKB1R b KQkq - 0 7,a4b5
6,EulerE,Ragnar1911,912,836,rn1qkb1r/2p1pppp/p4n2/1P6/2pPP3/2N2b2/1P3PPP/R1BQKB1R w KQkq - 0 8,g4f3
6,EulerE,Ragnar1911,912,836,rn1qkb1r/2p1pppp/p4n2/1P6/2pPP3/2N2Q2/1P3PPP/R1B1KB1R b KQkq - 0 8,d1f3
6,EulerE,Ragnar1911,912,836,rn1qkb1r/2p1pppp/5n2/pP6/2pPP3/2N2Q2/1P3PPP/R1B1KB1R w KQkq - 0 9,a6a5
6,EulerE,Ragnar1911,912,836,rn1qkb1r/2p1pppp/5n2/pP6/2pPPB2/2N2Q2/1P3PPP/R3KB1R b KQkq - 1 9,c1f4
6,EulerE,Ragnar1911,912,836,1n1qkb1r/r1p1pppp/5n2/pP6/2pPPB2/2N2Q2/1P3PPP/R3KB1R w KQk - 2 10,a8a7
6,EulerE,Ragnar1911,912,836,1n1qkb1r/r1p1pppp/5n2/pP2P3/2pP1B2/2N2Q2/1P3PPP/R3KB1R b KQk - 0 10,e4e5
6,EulerE,Ragnar1911,912,836,1n1qkb1r/r1pnpppp/8/pP2P3/2pP1B2/2N2Q2/1P3PPP/R3KB1R w KQk - 1 11,f6d7
6,EulerE,Ragnar1911,912,836,1n1qkb1r/r1pnpppp/8/pP2P3/2BP1B2/2N2Q2/1P3PPP/R3K2R b KQk - 0 11,f1c4
6,EulerE,Ragnar1911,912,836,1n1qkb1r/r1p1pppp/1n6/pP2P3/2BP1B2/2N2Q2/1P3PPP/R3K2R w KQk - 1 12,d7b6
6,EulerE,Ragnar1911,912,836,1n1qkb1r/r1p1pppp/1n6/pP2P3/3P1B2/1BN2Q2/1P3PPP/R3K2R b KQk - 2 12,c4b3
6,EulerE,Ragnar1911,912,836,1n1qkb1r/r1p2ppp/1n2p3/pP2P3/3P1B2/1BN2Q2/1P3PPP/R3K2R w KQk - 0 13,e7e6
6,EulerE,Ragnar1911,912,836,1n1qkb1r/r1p2ppp/1n2p3/pP2P3/3P1B2/1BN2Q2/1P3PPP/R4RK1 b k - 1 13,e1g1
6,EulerE,Ragnar1911,912,836,1n1qk2r/r1p2ppp/1n2p3/pP2P3/1b1P1B2/1BN2Q2/1P3PPP/R4RK1 w k - 2 14,f8b4
6,EulerE,Ragnar1911,912,836,1n1qk2r/r1p2ppp/1n2p3/pP1PP3/1b3B2/1BN2Q2/1P3PPP/R4RK1 b k - 0 14,d4d5
6,EulerE,Ragnar1911,912,836,1n1qk2r/r1p2ppp/4p3/pP1nP3/1b3B2/1BN2Q2/1P3PPP/R4RK1 w k - 0 15,b6d5
6,EulerE,Ragnar1911,912,836,1n1qk2r/r1p2ppp/4p3/pP1NP3/1b3B2/1B3Q2/1P3PPP/R4RK1 b k - 0 15,c3d5
6,EulerE,Ragnar1911,912,836,1n1qk2r/r1p2ppp/8/pP1pP3/1b3B2/1B3Q2/1P3PPP/R4RK1 w k - 0 16,e6d5
6,EulerE,Ragnar1911,912,836,1n1qk2r/r1p2ppp/8/pP1pP3/1b3B2/1B3Q2/1P3PPP/3R1RK1 b k - 1 16,a1d1
6,EulerE,Ragnar1911,912,836,1n1qk2r/r4ppp/2p5/pP1pP3/1b3B2/1B3Q2/1P3PPP/3R1RK1 w k - 0 17,c7c6
6,EulerE,Ragnar1911,912,836,1n1qk2r/r4ppp/2P5/p2pP3/1b3B2/1B3Q2/1P3PPP/3R1RK1 b k - 0 17,b5c6
6,EulerE,Ragnar1911,912,836,3qk2r/r4ppp/2n5/p2pP3/1b3B2/1B3Q2/1P3PPP/3R1RK1 w k - 0 18,b8c6
6,EulerE,Ragnar1911,912,836,3qk2r/r4ppp/2n5/p2BP3/1b3B2/5Q2/1P3PPP/3R1RK1 b k - 0 18,b3d5
6,EulerE,Ragnar1911,912,836,2q1k2r/r4ppp/2n5/p2BP3/1b3B2/5Q2/1P3PPP/3R1RK1 w k - 1 19,d8c8
6,EulerE,Ragnar1911,912,836,2q1k2r/r4ppp/2n5/p2BP2Q/1b3B2/8/1P3PPP/3R1RK1 b k - 2 19,f3h5
6,EulerE,Ragnar1911,912,836,2q2rk1/r4ppp/2n5/p2BP2Q/1b3B2/8/1P3PPP/3R1RK1 w - - 3 20,e8g8
6,EulerE,Ragnar1911,912,836,2q2rk1/r4ppp/2n4B/p2BP2Q/1b6/8/1P3PPP/3R1RK1 b - - 4 20,f4h6
6,EulerE,Ragnar1911,912,836,2q2rk1/r4p1p/2n4p/p2BP2Q/1b6/8/1P3PPP/3R1RK1 w - - 0 21,g7h6
6,EulerE,Ragnar1911,912,836,2q2rk1/r4p1p/2n4Q/p2BP3/1b6/8/1P3PPP/3R1RK1 b - - 0 21,h5h6
6,EulerE,Ragnar1911,912,836,2q2r1k/r4p1p/2n4Q/p2BP3/1b6/8/1P3PPP/3R1RK1 w - - 1 22,g8h8
6,EulerE,Ragnar1911,912,836,2q2r1k/r4p1p/2n4Q/p3P3/1b2B3/8/1P3PPP/3R1RK1 b - - 2 22,d5e4
6,EulerE,Ragnar1911,912,836,2q2r1k/r4p1p/7Q/p3n3/1b2B3/8/1P3PPP/3R1RK1 w - - 0 23,c6e5
6,EulerE,Ragnar1911,912,836,2q2r1k/r4p1Q/8/p3n3/1b2B3/8/1P3PPP/3R1RK1 b - - 0 23,h6h7
7,EulerE,EUus,920,893,rnbqkbnr/pppppppp/8/8/3P4/8/PPP1PPPP/RNBQKBNR b KQkq - 0 1,d2d4
7,EulerE,EUus,920,893,rnbqkbnr/pp1ppppp/2p5/8/3P4/8/PPP1PPPP/RNBQKBNR w KQkq - 0 2,c7c6
7,EulerE,EUus,920,893,rnbqkbnr/pp1ppppp/2p5/8/2PP4/8/PP2PPPP/RNBQKBNR b KQkq - 0 2,c2c4
7,EulerE,EUus,920,893,rnbqkbnr/pp2pppp/2p5/3p4/2PP4/8/PP2PPPP/RNBQKBNR w KQkq - 0 3,d7d5
7,EulerE,EUus,920,893,rnbqkbnr/pp2pppp/2p5/3p4/2PP4/5N2/PP2PPPP/RNBQKB1R b KQkq - 1 3,g1f3
7,EulerE,EUus,920,893,rnbqkb1r/pp2pppp/2p2n2/3p4/2PP4/5N2/PP2PPPP/RNBQKB1R w KQkq - 2 4,g8f6
7,EulerE,EUus,920,893,rnbqkb1r/pp2pppp/2p2n2/3p4/2PP4/2N2N2/PP2PPPP/R1BQKB1R b KQkq - 3 4,b1c3
7,EulerE,EUus,920,893,rnbqkb1r/p3pppp/1pp2n2/3p4/2PP4/2N2N2/PP2PPPP/R1BQKB1R w KQkq - 0 5,b7b6
7,EulerE,EUus,920,893,rnbqkb1r/p3pppp/1pp2n2/2Pp4/3P4/2N2N2/PP2PPPP/R1BQKB1R b KQkq - 0 5,c4c5
7,EulerE,EUus,920,893,rnbqkb1r/p3pppp/2p2n2/2pp4/3P4/2N2N2/PP2PPPP/R1BQKB1R w KQkq - 0 6,b6c5
7,EulerE,EUus,920,893,rnbqkb1r/p3pppp/2p2n2/2Pp4/8/2N2N2/PP2PPPP/R1BQKB1R b KQkq - 0 6,d4c5
7,EulerE,EUus,920,893,rnbqkb1r/p4ppp/2p1pn2/2Pp4/8/2N2N2/PP2PPPP/R1BQKB1R w KQkq - 0 7,e7e6
7,EulerE,EUus,920,893,rnbqkb1r/p4ppp/2p1pn2/2Pp4/1P6/2N2N2/P3PPPP/R1BQKB1R b KQkq - 0 7,b2b4
7,EulerE,EUus,920,893,r1bqkb1r/p4ppp/n1p1pn2/2Pp4/1P6/2N2N2/P3PPPP/R1BQKB1R w KQkq - 1 8,b8a6
7,EulerE,EUus,920,893,r1bqkb1r/p4ppp/n1p1pn2/2Pp4/QP6/2N2N2/P3PPPP/R1B1KB1R b KQkq - 2 8,d1a4
7,EulerE,EUus,920,893,r1bqk2r/p3bppp/n1p1pn2/2Pp4/QP6/2N2N2/P3PPPP/R1B1KB1R w KQkq - 3 9,f8e7
7,EulerE,EUus,920,893,r1bqk2r/p3bppp/n1Q1pn2/2Pp4/1P6/2N2N2/P3PPPP/R1B1KB1R b KQkq - 0 9,a4c6
7,EulerE,EUus,920,893,r2qk2r/p2bbppp/n1Q1pn2/2Pp4/1P6/2N2N2/P3PPPP/R1B1KB1R w KQkq - 1 10,c8d7
7,EulerE,EUus,920,893,r2qk2r/p2bbppp/Q3pn2/2Pp4/1P6/2N2N2/P3PPPP/R1B1KB1R b KQkq - 0 10,c6a6
7,EulerE,EUus,920,893,r2q1rk1/p2bbppp/Q3pn2/2Pp4/1P6/2N2N2/P3PPPP/R1B1KB1R w KQ - 1 11,e8g8
7,EulerE,EUus,920,893,r2q1rk1/p2bbppp/Q3pn2/2Pp2B1/1P6/2N2N2/P3PPPP/R3KB1R b KQ - 2 11,c1g5
7,EulerE,EUus,920,893,r2q1rk1/p2bbpp1/Q3pn1p/2Pp2B1/1P6/2N2N2/P3PPPP/R3KB1R w KQ - 0 12,h7h6
7,EulerE,EUus,920,893,r2q1rk1/p2bbpp1/Q3pn1p/2Pp4/1P6/2N2N2/P2BPPPP/R3KB1R b KQ - 1 12,g5d2
7,EulerE,EUus,920,893,rq3rk1/p2bbpp1/Q3pn1p/2Pp4/1P6/2N2N2/P2BPPPP/R3KB1R w KQ - 2 13,d8b8
7,EulerE,EUus,920,893,rq3rk1/p2bbpp1/Q3pn1p/2PpN3/1P6/2N5/P2BPPPP/R3KB1R b KQ - 3 13,f3e5
7,EulerE,EUus,920,893,rq3rk1/p3bpp1/Q3pn1p/1bPpN3/1P6/2N5/P2BPPPP/R3KB1R w KQ - 4 14,d7b5
7,EulerE,EUus,920,893,rq3rk1/p3bpp1/Q3pn1p/1NPpN3/1P6/8/P2BPPPP/R3KB1R b KQ - 0 14,c3b5
8,TheEyedOne,EulerE,955,913,rnbqkbnr/pppppppp/8/8/4P3/8/PPPP1PPP/RNBQKBNR b KQkq - 0 1,e2e4
8,TheEyedOne,EulerE,955,913,rnbqkbnr/pppp1ppp/8/4p3/4P3/8/PPPP1PPP/RNBQKBNR w KQkq - 0 2,e7e5
8,TheEyedOne,EulerE,955,913,rnbqkbnr/pppp1ppp/8/4p2Q/4P3/8/PPPP1PPP/RNB1KBNR b KQkq - 1 2,d1h5
8,TheEyedOne,EulerE,955,913,r1bqkbnr/pppp1ppp/2n5/4p2Q/4P3/8/PPPP1PPP/RNB1KBNR w KQkq - 2 3,b8c6
8,TheEyedOne,EulerE,955,913,r1bqkbnr/pppp1ppp/2n5/4p2Q/2B1P3/8/PPPP1PPP/RNB1K1NR b KQkq - 3 3,f1c4
8,TheEyedOne,EulerE,955,913,r1bqkbnr/pppp1p1p/2n3p1/4p2Q/2B1P3/8/PPPP1PPP/RNB1K1NR w KQkq - 0 4,g7g6
8,TheEyedOne,EulerE,955,913,r1bqkbnr/pppp1p1p/2n3p1/4p3/2B1P3/5Q2/PPPP1PPP/RNB1K1NR b KQkq - 1 4,h5f3
8,TheEyedOne,EulerE,955,913,r1bqkb1r/pppp1p1p/2n2np1/4p3/2B1P3/5Q2/PPPP1PPP/RNB1K1NR w KQkq - 2 5,g8f6
8,TheEyedOne,EulerE,955,913,r1bqkb1r/pppp1p1p/2n2np1/4p3/2B1P3/2P2Q2/PP1P1PPP/RNB1K1NR b KQkq - 0 5,c2c3
8,TheEyedOne,EulerE,955,913,r1bqkb1r/1ppp1p1p/p1n2np1/4p3/2B1P3/2P2Q2/PP1P1PPP/RNB1K1NR w KQkq - 0 6,a7a6
8,TheEyedOne,EulerE,955,913,r1bqkb1r/1ppp1p1p/p1n2np1/4p3/2B1P3/2PP1Q2/PP3PPP/RNB1K1NR b KQkq - 0 6,d2d3
8,TheEyedOne,EulerE,955,913,r1bqkb1r/2pp1p1p/p1n2np1/1p2p3/2B1P3/2PP1Q2/PP3PPP/RNB1K1NR w KQkq - 0 7,b7b5
8,TheEyedOne,EulerE,955,913,r1bqkb1r/2pp1p1p/p1n2np1/1p2p3/4P3/1BPP1Q2/PP3PPP/RNB1K1NR b KQkq - 1 7,c4b3
8,TheEyedOne,EulerE,955,913,r1bqk2r/2pp1p1p/p1n2np1/1pb1p3/4P3/1BPP1Q2/PP3PPP/RNB1K1NR w KQkq - 2 8,f8c5
8,TheEyedOne,EulerE,955,913,r1bqk2r/2pp1p1p/p1n2np1/1pb1p1B1/4P3/1BPP1Q2/PP3PPP/RN2K1NR b KQkq - 3 8,c1g5
8,TheEyedOne,EulerE,955,913,r1bqk2r/2ppbp1p/p1n2np1/1p2p1B1/4P3/1BPP1Q2/PP3PPP/RN2K1NR w KQkq - 4 9,c5e7
8,TheEyedOne,EulerE,955,913,r1bqk2r/2ppbp1p/p1n2np1/1p1Bp1B1/4P3/2PP1Q2/PP3PPP/RN2K1NR b KQkq - 5 9,b3d5
8,TheEyedOne,EulerE,955,913,r2qk2r/1bppbp1p/p1n2np1/1p1Bp1B1/4P3/2PP1Q2/PP3PPP/RN2K1NR w KQkq - 6 10,c8b7
8,TheEyedOne,EulerE,955,913,r2qk2r/1bppbp1p/p1B2np1/1p2p1B1/4P3/2PP1Q2/PP3PPP/RN2K1NR b KQkq - 0 10,d5c6
8,TheEyedOne,EulerE,955,913,r2qk2r/2ppbp1p/p1b2np1/1p2p1B1/4P3/2PP1Q2/PP3PPP/RN2K1NR w KQkq - 0 11,b7c6
8,TheEyedOne,EulerE,955,913,r2qk2r/2ppbp1p/p1b2np1/1p2p1B1/4P3/N1PP1Q2/PP3PPP/R3K1NR b KQkq - 1 11,b1a3
8,TheEyedOne,EulerE,955,913,r2q1rk1/2ppbp1p/p1b2np1/1p2p1B1/4P3/N1PP1Q2/PP3PPP/R3K1NR w KQ - 2 12,e8g8
8,TheEyedOne,EulerE,955,913,r2q1rk1/2ppbp1p/p1b2np1/1p2p1B1/2P1P3/N2P1Q2/PP3PPP/R3K1NR b KQ - 0 12,c3c4
8,TheEyedOne,EulerE,955,913,r2q1rk1/2pp1p1p/p1b2np1/1p2p1B1/2P1P3/b2P1Q2/PP3PPP/R3K1NR w KQ - 0 13,e7a3
8,TheEyedOne,EulerE,955,913,r2q1rk1/2pp1p1p/p1b2np1/1p2p1B1/2P1P3/P2P1Q2/P4PPP/R3K1NR b KQ - 0 13,b2a3
8,TheEyedOne,EulerE,955,913,r2q1rk1/2pp1p1p/p1b2np1/4p1B1/2p1P3/P2P1Q2/P4PPP/R3K1NR w KQ - 0 14,b5c4
8,TheEyedOne,EulerE,955,913,r2q1rk1/2pp1p1p/p1b2Bp1/4p3/2p1P3/P2P1Q2/P4PPP/R3K1NR b KQ - 0 14,g5f6
8,TheEyedOne,EulerE,955,913,r2q1rk1/2pp1p1p/p4Bp1/4p3/2p1b3/P2P1Q2/P4PPP/R3K1NR w KQ - 0 15,c6e4
8,TheEyedOne,EulerE,955,913,r2q1rk1/2pp1p1p/p4Bp1/4p3/2p1P3/P4Q2/P4PPP/R3K1NR b KQ - 0 15,d3e4
8,TheEyedOne,EulerE,955,913,rq3rk1/2pp1p1p/p4Bp1/4p3/2p1P3/P4Q2/P4PPP/R3K1NR w KQ - 1 16,d8b8
8,TheEyedOne,EulerE,955,913,rq3rk1/2pp1p1p/p4Bp1/4p3/2p1P3/P4Q2/P3NPPP/R3K2R b KQ - 2 16,g1e2
8,TheEyedOne,EulerE,955,913,r4rk1/2pp1p1p/p4Bp1/4p3/2p1P3/P4Q2/Pq2NPPP/R3K2R w KQ - 3 17,b8b2
8,TheEyedOne,EulerE,955,913,r4rk1/2pp1p1p/p4Bp1/4p3/2p1P3/P4Q2/Pq2NPPP/R4RK1 b - - 4 17,e1g1
8,TheEyedOne,EulerE,955,913,r4rk1/2pp1p1p/p4Bp1/4p3/4P3/P1p2Q2/Pq2NPPP/R4RK1 w - - 0 18,c4c3
8,TheEyedOne,EulerE,955,913,r4rk1/2pp1p1p/p5p1/4B3/4P3/P1p2Q2/Pq2NPPP/R4RK1 b - - 0 18,f6e5
8,TheEyedOne,EulerE,955,913,r4rk1/2p2p1p/p2p2p1/4B3/4P3/P1p2Q2/Pq2NPPP/R4RK1 w - - 0 19,d7d6
8,TheEyedOne,EulerE,955,913,r4rk1/2p2p1p/p2p2p1/8/4P3/P1B2Q2/Pq2NPPP/R4RK1 b - - 0 19,e5c3
9,EulerE,thiagoreis88,904,892,rnbqkbnr/pppppppp/8/8/3P4/8/PPP1PPPP/RNBQKBNR b KQkq - 0 1,d2d4
9,EulerE,thiagoreis88,904,892,rnbqkbnr/ppp1pppp/8/3p4/3P4/8/PPP1PPPP/RNBQKBNR w KQkq - 0 2,d7d5
9,EulerE,thiagoreis88,904,892,rnbqkbnr/ppp1pppp/8/3p4/2PP4/8/PP2PPPP/RNBQKBNR b KQkq - 0 2,c2c4
9,EulerE,thiagoreis88,904,892,rnbqkbnr/ppp1pppp/8/8/2pP4/8/PP2PPPP/RNBQKBNR w KQkq - 0 3,d5c4
9,EulerE,thiagoreis88,904,892,rnbqkbnr/ppp1pppp/8/8/2pPP3/8/PP3PPP/RNBQKBNR b KQkq - 0 3,e2e4
9,EulerE,thiagoreis88,904,892,rnbqkbnr/pp2pppp/8/2p5/2pPP3/8/PP3PPP/RNBQKBNR w KQkq - 0 4,c7c5
9,EulerE,thiagoreis88,904,892,rnbqkbnr/pp2pppp/8/2pP4/2p1P3/8/PP3PPP/RNBQKBNR b KQkq - 0 4,d4d5
9,EulerE,thiagoreis88,904,892,rnbqkbnr/p3pppp/8/1ppP4/2p1P3/8/PP3PPP/RNBQKBNR w KQkq - 0 5,b7b5
9,EulerE,thiagoreis88,904,892,rnbqkbnr/p3pppp/8/1ppP4/P1p1P3/8/1P3PPP/RNBQKBNR b KQkq - 0 5,a2a4
9,EulerE,thiagoreis88,904,892,rnbqkbnr/p4ppp/4p3/1ppP4/P1p1P3/8/1P3PPP/RNBQKBNR w KQkq - 0 6,e7e6
9,EulerE,thiagoreis88,904,892,rnbqkbnr/p4ppp/4p3/1PpP4/2p1P3/8/1P3PPP/RNBQKBNR b KQkq - 0 6,a4b5
9,EulerE,thiagoreis88,904,892,rnbqkbnr/p4ppp/8/1Ppp4/2p1P3/8/1P3PPP/RNBQKBNR w KQkq - 0 7,e6d5
9,EulerE,thiagoreis88,904,892,rnbqkbnr/p4ppp/8/1PpP4/2p5/8/1P3PPP/RNBQKBNR b KQkq - 0 7,e4d5
9,EulerE,thiagoreis88,904,892,rnb1kbnr/p3qppp/8/1PpP4/2p5/8/1P3PPP/RNBQKBNR w KQkq - 1 8,d8e7
9,EulerE,thiagoreis88,904,892,rnb1kbnr/p3qppp/8/1PpP4/2p5/8/1P2QPPP/RNB1KBNR b KQkq - 2 8,d1e2
9,EulerE,thiagoreis88,904,892,rnb1kbnr/p4ppp/8/1PpP4/2p5/8/1P2qPPP/RNB1KBNR w KQkq - 0 9,e7e2
9,EulerE,thiagoreis88,904,892,rnb1kbnr/p4ppp/8/1PpP4/2p5/8/1P2BPPP/RNB1K1NR b KQkq - 0 9,f1e2
9,EulerE,thiagoreis88,904,892,rnb1kbnr/5ppp/p7/1PpP4/2p5/8/1P2BPPP/RNB1K1NR w KQkq - 0 10,a7a6
9,EulerE,thiagoreis88,904,892,rnb1kbnr/5ppp/p7/1PpP4/2B5/8/1P3PPP/RNB1K1NR b KQkq - 0 10,e2c4
9,EulerE,thiagoreis88,904,892,rnb1kb1r/5ppp/p4n2/1PpP4/2B5/8/1P3PPP/RNB1K1NR w KQkq - 1 11,g8f6
9,EulerE,thiagoreis88,904,892,rnb1kb1r/5ppp/p4n2/1PpP4/2B5/2N5/1P3PPP/R1B1K1NR b KQkq - 2 11,b1c3
9,EulerE,thiagoreis88,904,892,rnb1k2r/5ppp/p2b1n2/1PpP4/2B5/2N5/1P3PPP/R1B1K1NR w KQkq - 3 12,f8d6
9,EulerE,thiagoreis88,904,892,rnb1k2r/5ppp/p2b1n2/1PpP4/2B5/2N2N2/1P3PPP/R1B1K2R b KQkq - 4 12,g1f3
9,EulerE,thiagoreis88,904,892,rn2k2r/5ppp/p2b1n2/1PpP4/2B3b1/2N2N2/1P3PPP/R1B1K2R w KQkq - 5 13,c8g4
9,EulerE,thiagoreis88,904,892,rn2k2r/5ppp/p2b1n2/1PpP4/6b1/2N2N2/1P2BPPP/R1B1K2R b KQkq - 6 13,c4e2
9,EulerE,thiagoreis88,904,892,rn3rk1/5ppp/p2b1n2/1PpP4/6b1/2N2N2/1P2BPPP/R1B1K2R w KQ - 7 14,e8g8
9,EulerE,thiagoreis88,904,892,rn3rk1/5ppp/p2b1n2/1PpP4/6b1/2N2N2/1P2BPPP/R1B2RK1 b - - 8 14,e1g1
9,EulerE,thiagoreis88,904,892,rn2r1k1/5ppp/p2b1n2/1PpP4/6b1/2N2N2/1P2BPPP/R1B2RK1 w - - 9 15,f8e8
9,EulerE,thiagoreis88,904,892,rn2r1k1/5ppp/p2b1n2/1PpP4/6b1/2N2N1P/1P2BPP1/R1B2RK1 b - - 0 15,h2h3
9,EulerE,thiagoreis88,904,892,rn2r1k1/5ppp/p2b1n2/1PpP3b/8/2N2N1P/1P2BPP1/R1B2RK1 w - - 1 16,g4h5
9,EulerE,thiagoreis88,904,892,rn2r1k1/5ppp/p2b1n2/1PpP3b/6P1/2N2N1P/1P2BP2/R1B2RK1 b - - 0 16,g2g4
9,EulerE,thiagoreis88,904,892,rn2r1k1/5ppp/p2b4/1PpP3b/6n1/2N2N1P/1P2BP2/R1B2RK1 w - - 0 17,f6g4
9,EulerE,thiagoreis88,904,892,rn2r1k1/5ppp/p2b4/1PpP3b/6P1/2N2N2/1P2BP2/R1B2RK1 b - - 0 17,h3g4
9,EulerE,thiagoreis88,904,892,rn2r1k1/5ppp/p2b4/1PpP4/6b1/2N2N2/1P2BP2/R1B2RK1 w - - 0 18,h5g4
9,EulerE,thiagoreis88,904,892,rn2r1k1/5ppp/p2b4/1PpP4/6b1/2N2N2/1P2BP2/R1B2R1K b - - 1 18,g1h1
9,EulerE,thiagoreis88,904,892,rn2r1k1/5ppp/p7/1PpPb3/6b1/2N2N2/1P2BP2/R1B2R1K w - - 2 19,d6e5
9,EulerE,thiagoreis88,904,892,rn2r1k1/5ppp/p7/1PpPb3/6b1/2N2N2/1P2BP2/R1B3RK b - - 3 19,f1g1
9,EulerE,thiagoreis88,904,892,rn2r1k1/5ppp/p7/1PpP4/6b1/2b2N2/1P2BP2/R1B3RK w - - 0 20,e5c3
9,EulerE,thiagoreis88,904,892,rn2r1k1/5ppp/p7/1PpP4/6b1/2P2N2/4BP2/R1B3RK b - - 0 20,b2c3
9,EulerE,thiagoreis88,904,892,rn4k1/5ppp/p7/1PpP4/6b1/2P2N2/4rP2/R1B3RK w - - 0 21,e8e2
9,EulerE,thiagoreis88,904,892,rn4k1/5ppp/p7/1PpP4/6R1/2P2N2/4rP2/R1B4K b - - 0 21,g1g4
9,EulerE,thiagoreis88,904,892,rn4k1/5ppp/p7/1PpP4/6R1/2P2N2/5r2/R1B4K w - - 0 22,e2f2
9,EulerE,thiagoreis88,904,892,rn4k1/5ppp/p7/1PpP4/6R1/2P5/5r1N/R1B4K b - - 1 22,f3h2
9,EulerE,thiagoreis88,904,892,rn4k1/5ppp/p7/1PpP4/6R1/2P5/2r4N/R1B4K w - - 2 23,f2c2
9,EulerE,thiagoreis88,904,892,rn4k1/5ppp/p6B/1PpP4/6R1/2P5/2r4N/R6K b - - 3 23,c1h6
9,EulerE,thiagoreis88,904,892,rn4k1/5p1p/p5pB/1PpP4/6R1/2P5/2r4N/R6K w - - 0 24,g7g6
9,EulerE,thiagoreis88,904,892,rn4k1/5p1p/p5pB/1PpP4/6R1/2P5/2r4N/4R2K b - - 1 24,a1e1
9,EulerE,thiagoreis88,904,892,r5k1/3n1p1p/p5pB/1PpP4/6R1/2P5/2r4N/4R2K w - - 2 25,b8d7
9,EulerE,thiagoreis88,904,892,r5k1/3n1p1p/p5pB/1PpP4/4R3/2P5/2r4N/4R2K b - - 3 25,g4e4
9,EulerE,thiagoreis88,904,892,r5k1/5p1p/p4npB/1PpP4/4R3/2P5/2r4N/4R2K w - - 4 26,d7f6
9,EulerE,thiagoreis88,904,892,r5k1/5p1p/p4npB/1PpP4/4R1N1/2P5/2r5/4R2K b - - 5 26,h2g4
9,EulerE,thiagoreis88,904,892,r5k1/5p1p/p5pB/1PpP4/4n1N1/2P5/2r5/4R2K w - - 0 27,f6e4
9,EulerE,thiagoreis88,904,892,r5k1/5p1p/p5pB/1PpP4/4R1N1/2P5/2r5/7K b - - 0 27,e1e4
9,EulerE,thiagoreis88,904,892,r5k1/5p1p/p5pB/1PpP4/4R1N1/2r5/8/7K w - - 0 28,c2c3
9,EulerE,thiagoreis88,904,892,r5k1/5p1p/p4NpB/1PpP4/4R3/2r5/8/7K b - - 1 28,g4f6
9,EulerE,thiagoreis88,904,892,r6k/5p1p/p4NpB/1PpP4/4R3/2r5/8/7K w - - 2 29,g8h8
9,EulerE,thiagoreis88,904,892,r6k/4Rp1p/p4NpB/1PpP4/8/2r5/8/7K b - - 3 29,e4e7
9,EulerE,thiagoreis88,904,892,r6k/4Rp1p/p4NpB/1PpP4/8/7r/8/7K w - - 4 30,c3h3
9,EulerE,thiagoreis88,904,892,r6k/4Rp1p/p4NpB/1PpP4/8/7r/6K1/8 b - - 5 30,h1g2
9,EulerE,thiagoreis88,904,892,r6k/4Rp1p/p4Npr/1PpP4/8/8/6K1/8 w - - 0 31,h3h6
9,EulerE,thiagoreis88,904,892,r6k/5R1p/p4Npr/1PpP4/8/8/6K1/8 b - - 0 31,e7f7
9,EulerE,thiagoreis88,904,892,5r1k/5R1p/p4Npr/1PpP4/8/8/6K1/8 w - - 1 32,a8f8
9,EulerE,thiagoreis88,904,892,5R1k/7p/p4Npr/1PpP4/8/8/6K1/8 b - - 0 32,f7f8
9,EulerE,thiagoreis88,904,892,5R2/6kp/p4Npr/1PpP4/8/8/6K1/8 w - - 1 33,h8g7
9,EulerE,thiagoreis88,904,892,5R2/3N2kp/p5pr/1PpP4/8/8/6K1/8 b - - 2 33,f6d7
9,EulerE,thiagoreis88,904,892,5R2/3N2kp/p5p1/1PpP3r/8/8/6K1/8 w - - 3 34,h6h5
9,EulerE,thiagoreis88,904,892,8/3N2kp/p5p1/1PpP3r/8/5R2/6K1/8 b - - 4 34,f8f3
9,EulerE,thiagoreis88,904,892,8/3N2kp/6p1/1ppP3r/8/5R2/6K1/8 w - - 0 35,a6b5
9,EulerE,thiagoreis88,904,892,8/6kp/6p1/1pNP3r/8/5R2/6K1/8 b - - 0 35,d7c5
9,EulerE,thiagoreis88,904,892,8/6kp/6p1/1pNP2r1/8/5R2/6K1/8 w - - 1 36,h5g5
10,EtienneLaurent,EulerE,891,912,rnbqkbnr/pppppppp/8/8/4P3/8/PPPP1PPP/RNBQKBNR b KQkq - 0 1,e2e4
10,EtienneLaurent,EulerE,891,912,rnbqkbnr/pppp1ppp/8/4p3/4P3/8/PPPP1PPP/RNBQKBNR w KQkq - 0 2,e7e5
10,EtienneLaurent,EulerE,891,912,rnbqkbnr/pppp1ppp/8/4p3/4P3/5N2/PPPP1PPP/RNBQKB1R b KQkq - 1 2,g1f3
10,EtienneLaurent,EulerE,891,912,r1bqkbnr/pppp1ppp/2n5/4p3/4P3/5N2/PPPP1PPP/RNBQKB1R w KQkq - 2 3,b8c6
10,EtienneLaurent,EulerE,891,912,r1bqkbnr/pppp1ppp/2n5/4p3/4P3/2N2N2/PPPP1PPP/R1BQKB1R b KQkq - 3 3,b1c3
10,EtienneLaurent,EulerE,891,912,r1bqkb1r/pppp1ppp/2n2n2/4p3/4P3/2N2N2/PPPP1PPP/R1BQKB1R w KQkq - 4 4,g8f6
10,EtienneLaurent,EulerE,891,912,r1bqkb1r/pppp1ppp/2n2n2/4p3/3PP3/2N2N2/PPP2PPP/R1BQKB1R b KQkq - 0 4,d2d4
10,EtienneLaurent,EulerE,891,912,r1bqkb1r/pppp1ppp/2n2n2/8/3pP3/2N2N2/PPP2PPP/R1BQKB1R w KQkq - 0 5,e5d4
10,EtienneLaurent,EulerE,891,912,r1bqkb1r/pppp1ppp/2n2n2/8/3NP3/2N5/PPP2PPP/R1BQKB1R b KQkq - 0 5,f3d4
10,EtienneLaurent,EulerE,891,912,r1bqk2r/pppp1ppp/2n2n2/2b5/3NP3/2N5/PPP2PPP/R1BQKB1R w KQkq - 1 6,f8c5
10,EtienneLaurent,EulerE,891,912,r1bqk2r/pppp1ppp/2n2n2/2b5/2BNP3/2N5/PPP2PPP/R1BQK2R b KQkq - 2 6,f1c4
10,EtienneLaurent,EulerE,891,912,r1bq1rk1/pppp1ppp/2n2n2/2b5/2BNP3/2N5/PPP2PPP/R1BQK2R w KQ - 3 7,e8g8
10,EtienneLaurent,EulerE,891,912,r1bq1rk1/pppp1ppp/2n2n2/2b5/2BNP3/2N1B3/PPP2PPP/R2QK2R b KQ - 4 7,c1e3
10,EtienneLaurent,EulerE,891,912,r1bq1rk1/pppp1ppp/2n2n2/8/2BbP3/2N1B3/PPP2PPP/R2QK2R w KQ - 0 8,c5d4
10,EtienneLaurent,EulerE,891,912,r1bq1rk1/pppp1ppp/2n2n2/8/2BBP3/2N5/PPP2PPP/R2QK2R b KQ - 0 8,e3d4
10,EtienneLaurent,EulerE,891,912,r1bq1rk1/1ppp1ppp/p1n2n2/8/2BBP3/2N5/PPP2PPP/R2QK2R w KQ - 0 9,a7a6
10,EtienneLaurent,EulerE,891,912,r1bq1rk1/1ppp1ppp/p1n2n2/4P3/2BB4/2N5/PPP2PPP/R2QK2R b KQ - 0 9,e4e5
10,EtienneLaurent,EulerE,891,912,r1bq1rk1/1ppp1ppp/p4n2/4P3/2Bn4/2N5/PPP2PPP/R2QK2R w KQ - 0 10,c6d4
10,EtienneLaurent,EulerE,891,912,r1bq1rk1/1ppp1ppp/p4n2/4P3/2BQ4/2N5/PPP2PPP/R3K2R b KQ - 0 10,d1d4
10,EtienneLaurent,EulerE,891,912,r1b2rk1/1pppqppp/p4n2/4P3/2BQ4/2N5/PPP2PPP/R3K2R w KQ - 1 11,d8e7
10,EtienneLaurent,EulerE,891,912,r1b2rk1/1pppqppp/p4n2/4P3/2BQ4/2N5/PPP2PPP/2KR3R b - - 2 11,e1c1
10,EtienneLaurent,EulerE,891,912,r1b2rk1/1p1pqppp/p4n2/2p1P3/2BQ4/2N5/PPP2PPP/2KR3R w - - 0 12,c7c5
10,EtienneLaurent,EulerE,891,912,r1b2rk1/1p1pqppp/p4n2/2p1P3/2B4Q/2N5/PPP2PPP/2KR3R b - - 1 12,d4h4
10,EtienneLaurent,EulerE,891,912,r1b2rk1/1p1p1ppp/p4n2/2p1q3/2B4Q/2N5/PPP2PPP/2KR3R w - - 0 13,e7e5
10,EtienneLaurent,EulerE,891,912,r1b2rk1/1p1p1ppp/p4n2/2p1q3/2B4Q/2N5/PPP2PPP/2KRR3 b - - 1 13,h1e1
10,EtienneLaurent,EulerE,891,912,r1b2rk1/1pqp1ppp/p4n2/2p5/2B4Q/2N5/PPP2PPP/2KRR3 w - - 2 14,e5c7
10,EtienneLaurent,EulerE,891,912,r1b2rk1/1pqp1ppp/p4n2/2p5/2B3PQ/2N5/PPP2P1P/2KRR3 b - - 0 14,g2g4
10,EtienneLaurent,EulerE,891,912,r1b2rk1/1pq2ppp/p2p1n2/2p5/2B3PQ/2N5/PPP2P1P/2KRR3 w - - 0 15,d7d6
10,EtienneLaurent,EulerE,891,912,r1b2rk1/1pq2ppp/p2p1n2/2p3P1/2B4Q/2N5/PPP2P1P/2KRR3 b - - 0 15,g4g5
10,EtienneLaurent,EulerE,891,912,r1b2rk1/1pqn1ppp/p2p4/2p3P1/2B4Q/2N5/PPP2P1P/2KRR3 w - - 1 16,f6d7
10,EtienneLaurent,EulerE,891,912,r1b2rk1/1pqn1ppp/p2p4/2p3P1/7Q/2NB4/PPP2P1P/2KRR3 b - - 2 16,c4d3
10,EtienneLaurent,EulerE,891,912,r1b2rk1/1pq2ppp/pn1p4/2p3P1/7Q/2NB4/PPP2P1P/2KRR3 w - - 3 17,d7b6
10,EtienneLaurent,EulerE,891,912,r1b2rk1/1pq2ppp/pn1p3Q/2p3P1/8/2NB4/PPP2P1P/2KRR3 b - - 4 17,h4h6
10,EtienneLaurent,EulerE,891,912,r1b2rk1/1pq2p1p/pn1p2pQ/2p3P1/8/2NB4/PPP2P1P/2KRR3 w - - 0 18,g7g6
10,EtienneLaurent,EulerE,891,912,r1b2rk1/1pq2p1p/pn1p2pQ/2p3P1/5P2/2NB4/PPP4P/2KRR3 b - - 0 18,f2f4
10,EtienneLaurent,EulerE,891,912,r1b2rk1/1pq2p1p/pn1p2pQ/6P1/2p2P2/2NB4/PPP4P/2KRR3 w - - 0 19,c5c4
10,EtienneLaurent,EulerE,891,912,r1b2rk1/1pq2p1p/pn1p2pQ/6P1/2p1BP2/2N5/PPP4P/2KRR3 b - - 1 19,d3e4
10,EtienneLaurent,EulerE,891,912,r1b2rk1/1pq2p1p/pn4pQ/3p2P1/2p1BP2/2N5/PPP4P/2KRR3 w - - 0 20,d6d5
10,EtienneLaurent,EulerE,891,912,r1b2rk1/1pq2p1p/pn4pQ/3N2P1/2p1BP2/8/PPP4P/2KRR3 b - - 0 20,c3d5
10,EtienneLaurent,EulerE,891,912,r1b2rk1/1pq2p1p/p5pQ/3n2P1/2p1BP2/8/PPP4P/2KRR3 w - - 0 21,b6d5
10,EtienneLaurent,EulerE,891,912,r1b2rk1/1pq2p1p/p5pQ/3B2P1/2p2P2/8/PPP4P/2KRR3 b - - 0 21,e4d5
10,EtienneLaurent,EulerE,891,912,r4rk1/1pq2p1p/p5pQ/3B1bP1/2p2P2/8/PPP4P/2KRR3 w - - 1 22,c8f5
10,EtienneLaurent,EulerE,891,912,r4rk1/1pq2p1p/p5pQ/3B1bP1/2p2P1P/8/PPP5/2KRR3 b - - 0 22,h2h4
10,EtienneLaurent,EulerE,891,912,3r1rk1/1pq2p1p/p5pQ/3B1bP1/2p2P1P/8/PPP5/2KRR3 w - - 1 23,a8d8
10,EtienneLaurent,EulerE,891,912,3r1rk1/1pq2p1p/p5pQ/3B1bPP/2p2P2/8/PPP5/2KRR3 b - - 0 23,h4h5
10,EtienneLaurent,EulerE,891,912,3rr1k1/1pq2p1p/p5pQ/3B1bPP/2p2P2/8/PPP5/2KRR3 w - - 1 24,f8e8
10,EtienneLaurent,EulerE,891,912,3rR1k1/1pq2p1p/p5pQ/3B1bPP/2p2P2/8/PPP5/2KR4 b - - 0 24,e1e8
10,EtienneLaurent,EulerE,891,912,4r1k1/1pq2p1p/p5pQ/3B1bPP/2p2P2/8/PPP5/2KR4 w - - 0 25,d8e8
10,EtienneLaurent,EulerE,891,912,4r1k1/1pq2p1p/p5PQ/3B1bP1/2p2P2/8/PPP5/2KR4 b - - 0 25,h5g6
10,EtienneLaurent,EulerE,891,912,4r1k1/1pq2p1p/p5bQ/3B2P1/2p2P2/8/PPP5/2KR4 w - - 0 26,f5g6
10,EtienneLaurent,EulerE,891,912,4r1k1/1pq2p1p/p5bQ/3B1PP1/2p5/8/PPP5/2KR4 b - - 0 26,f4f5
10,EtienneLaurent,EulerE,891,912,4r1k1/1pq2p1p/p6Q/3B1bP1/2p5/8/PPP5/2KR4 w - - 0 27,g6f5
10,EtienneLaurent,EulerE,891,912,4r1k1/1pq2B1p/p6Q/5bP1/2p5/8/PPP5/2KR4 b - - 0 27,d5f7
10,EtienneLaurent,EulerE,891,912,4r1k1/1p3q1p/p6Q/5bP1/2p5/8/PPP5/2KR4 w - - 0 28,c7f7
10,EtienneLaurent,EulerE,891,912,4r1k1/1p3q1p/p5PQ/5b2/2p5/8/PPP5/2KR4 b - - 0 28,g5g6
10,EtienneLaurent,EulerE,891,912,4r1k1/1p3q1p/p5bQ/8/2p5/8/PPP5/2KR4 w - - 0 29,f5g6
10,EtienneLaurent,EulerE,891,912,4r1k1/1p3q1p/p5bQ/8/2p5/8/PPP5/2K3R1 b - - 1 29,d1g1
10,EtienneLaurent,EulerE,891,912,6k1/1p3q1p/p3r1bQ/8/2p5/8/PPP5/2K3R1 w - - 2 30,e8e6
10,EtienneLaurent,EulerE,891,912,6k1/1p3q1p/p3r1b1/8/2p5/8/PPPQ4/2K3R1 b - - 3 30,h6d2
10,EtienneLaurent,EulerE,891,912,7k/1p3q1p/p3r1b1/8/2p5/8/PPPQ4/2K3R1 w - - 4 31,g8h8
10,EtienneLaurent,EulerE,891,912,3Q3k/1p3q1p/p3r1b1/8/2p5/8/PPP5/2K3R1 b - - 5 31,d2d8
10,EtienneLaurent,EulerE,891,912,3Qr2k/1p3q1p/p5b1/8/2p5/8/PPP5/2K3R1 w - - 6 32,e6e8
10,EtienneLaurent,EulerE,891,912,4r2k/1p3q1p/pQ4b1/8/2p5/8/PPP5/2K3R1 b - - 7 32,d8b6
10,EtienneLaurent,EulerE,891,912,4r2k/1p5p/pQ4b1/8/2p2q2/8/PPP5/2K3R1 w - - 8 33,f7f4
10,EtienneLaurent,EulerE,891,912,4r2k/1p5p/pQ4b1/8/2p2q2/8/PPP5/3K2R1 b - - 9 33,c1d1
10,EtienneLaurent,EulerE,891,912,3r3k/1p5p/pQ4b1/8/2p2q2/8/PPP5/3K2R1 w - - 10 34,e8d8
11,CampraDuki,EulerE,950,905,rnbqkbnr/pppppppp/8/8/4P3/8/PPPP1PPP/RNBQKBNR b KQkq - 0 1,e2e4
11,CampraDuki,EulerE,950,905,rnbqkbnr/pppp1ppp/8/4p3/4P3/8/PPPP1PPP/RNBQKBNR w KQkq - 0 2,e7e5
11,CampraDuki,EulerE,950,905,rnbqkbnr/pppp1ppp/8/4p3/2B1P3/8/PPPP1PPP/RNBQK1NR b KQkq - 1 2,f1c4
11,CampraDuki,EulerE,950,905,r1bqkbnr/pppp1ppp/2n5/4p3/2B1P3/8/PPPP1PPP/RNBQK1NR w KQkq - 2 3,b8c6
11,CampraDuki,EulerE,950,905,r1bqkbnr/pppp1ppp/2n5/4p3/2B1P3/5N2/PPPP1PPP/RNBQK2R b KQkq - 3 3,g1f3
11,CampraDuki,EulerE,950,905,r1bqk1nr/pppp1ppp/2n5/2b1p3/2B1P3/5N2/PPPP1PPP/RNBQK2R w KQkq - 4 4,f8c5
11,CampraDuki,EulerE,950,905,r1bqk1nr/pppp1ppp/2n5/2b1p3/2B1P3/3P1N2/PPP2PPP/RNBQK2R b KQkq - 0 4,d2d3
11,CampraDuki,EulerE,950,905,r1bqk1nr/1ppp1ppp/p1n5/2b1p3/2B1P3/3P1N2/PPP2PPP/RNBQK2R w KQkq - 0 5,a7a6
11,CampraDuki,EulerE,950,905,r1bqk1nr/1ppp1ppp/p1n5/2bBp3/4P3/3P1N2/PPP2PPP/RNBQK2R b KQkq - 1 5,c4d5
11,CampraDuki,EulerE,950,905,r1bqk2r/1ppp1ppp/p1n2n2/2bBp3/4P3/3P1N2/PPP2PPP/RNBQK2R w KQkq - 2 6,g8f6
11,CampraDuki,EulerE,950,905,r1bqk2r/1ppp1ppp/p1B2n2/2b1p3/4P3/3P1N2/PPP2PPP/RNBQK2R b KQkq - 0 6,d5c6
11,CampraDuki,EulerE,950,905,r1bqk2r/1pp2ppp/p1p2n2/2b1p3/4P3/3P1N2/PPP2PPP/RNBQK2R w KQkq - 0 7,d7c6
11,CampraDuki,EulerE,950,905,r1bqk2r/1pp2ppp/p1p2n2/2b1p3/4P3/2NP1N2/PPP2PPP/R1BQK2R b KQkq - 1 7,b1c3
11,CampraDuki,EulerE,950,905,r1bq1rk1/1pp2ppp/p1p2n2/2b1p3/4P3/2NP1N2/PPP2PPP/R1BQK2R w KQ - 2 8,e8g8
11,CampraDuki,EulerE,950,905,r1bq1rk1/1pp2ppp/p1p2n2/2b1N3/4P3/2NP4/PPP2PPP/R1BQK2R b KQ - 0 8,f3e5
11,CampraDuki,EulerE,950,905,r1bqr1k1/1pp2ppp/p1p2n2/2b1N3/4P3/2NP4/PPP2PPP/R1BQK2R w KQ - 1 9,f8e8
11,CampraDuki,EulerE,950,905,r1bqr1k1/1pp2ppp/p1p2n2/2b5/4P3/2NP1N2/PPP2PPP/R1BQK2R b KQ - 2 9,e5f3
11,CampraDuki,EulerE,950,905,r2qr1k1/1pp2ppp/p1p2n2/2b5/4P1b1/2NP1N2/PPP2PPP/R1BQK2R w KQ - 3 10,c8g4
11,CampraDuki,EulerE,950,905,r2qr1k1/1pp2ppp/p1p2n2/2b5/4P1b1/2NP1N1P/PPP2PP1/R1BQK2R b KQ - 0 10,h2h3
11,CampraDuki,EulerE,950,905,r2qr1k1/1pp2ppp/p1p2n2/2b5/4P3/2NP1b1P/PPP2PP1/R1BQK2R w KQ - 0 11,g4f3
11,CampraDuki,EulerE,950,905,r2qr1k1/1pp2ppp/p1p2n2/2b5/4P3/2NP1Q1P/PPP2PP1/R1B1K2R b KQ - 0 11,d1f3
11,CampraDuki,EulerE,950,905,r2qr1k1/1pp2pp1/p1p2n1p/2b5/4P3/2NP1Q1P/PPP2PP1/R1B1K2R w KQ - 0 12,h7h6
11,CampraDuki,EulerE,950,905,r2qr1k1/1pp2pp1/p1p2n1p/2b5/4PB2/2NP1Q1P/PPP2PP1/R3K2R b KQ - 1 12,c1f4
11,CampraDuki,EulerE,950,905,r2qr1k1/1pp2pp1/p1p4p/2bn4/4PB2/2NP1Q1P/PPP2PP1/R3K2R w KQ - 2 13,f6d5
11,CampraDuki,EulerE,950,905,r2qr1k1/1pp2pp1/p1p4p/2bN4/4PB2/3P1Q1P/PPP2PP1/R3K2R b KQ - 0 13,c3d5
11,CampraDuki,EulerE,950,905,r3r1k1/1pp2pp1/p1p4p/2bq4/4PB2/3P1Q1P/PPP2PP1/R3K2R w KQ - 0 14,d8d5
11,CampraDuki,EulerE,950,905,r3r1k1/1pp2pp1/p1p4p/2bq4/4PB2/3P1Q1P/PPP2PP1/2KR3R b - - 1 14,e1c1
11,CampraDuki,EulerE,950,905,r3r1k1/1pp2pp1/p1p4p/2b5/4PB2/3P1Q1P/qPP2PP1/2KR3R w - - 0 15,d5a2
11,CampraDuki,EulerE,950,905,r3r1k1/1pB2pp1/p1p4p/2b5/4P3/3P1Q1P/qPP2PP1/2KR3R b - - 0 15,f4c7
11,CampraDuki,EulerE,950,905,r3r1k1/1pB2pp1/p1p4p/8/1b2P3/3P1Q1P/qPP2PP1/2KR3R w - - 1 16,c5b4
11,CampraDuki,EulerE,950,905,r3r1k1/1pB2pp1/p1p4p/8/1b2P3/2PP1Q1P/qP3PP1/2KR3R b - - 0 16,c2c3
11,CampraDuki,EulerE,950,905,r3r1k1/1pB2pp1/p1p4p/8/4P3/2bP1Q1P/qP3PP1/2KR3R w - - 0 17,b4c3
11,CampraDuki,EulerE,950,905,r3r1k1/1pB2pp1/p1p4p/8/4P3/2PP1Q1P/q4PP1/2KR3R b - - 0 17,b2c3
11,CampraDuki,EulerE,950,905,r3r1k1/1pB2pp1/p1p4p/8/4P3/2PP1Q1P/5PP1/q1KR3R w - - 1 18,a2a1
11,CampraDuki,EulerE,950,905,r3r1k1/1pB2pp1/p1p4p/8/4P3/2PP1Q1P/3K1PP1/q2R3R b - - 2 18,c1d2
11,CampraDuki,EulerE,950,905,r3r1k1/1pB2pp1/p1p4p/8/4P3/2PP1Q1P/1q1K1PP1/3R3R w - - 3 19,a1b2
11,CampraDuki,EulerE,950,905,r3r1k1/1pB2pp1/p1p4p/8/4P3/2PPKQ1P/1q3PP1/3R3R b - - 4 19,d2e3
11,CampraDuki,EulerE,950,905,r3r1k1/1pB2pp1/p1p4p/8/4P3/2qPKQ1P/5PP1/3R3R w - - 0 20,b2c3
11,CampraDuki,EulerE,950,905,r3r1k1/1pB2pp1/p1p4p/8/4P3/2qPKQ1P/5PP1/2R4R b - - 1 20,d1c1
11,CampraDuki,EulerE,950,905,r3r1k1/1pB2pp1/p1p4p/8/4P3/1q1PKQ1P/5PP1/2R4R w - - 2 21,c3b3
11,CampraDuki,EulerE,950,905,r3r1k1/1pB2pp1/p1p4p/8/4P3/1q1PK1QP/5PP1/2R4R b - - 3 21,f3g3
11,CampraDuki,EulerE,950,905,2r1r1k1/1pB2pp1/p1p4p/8/4P3/1q1PK1QP/5PP1/2R4R w - - 4 22,a8c8
11,CampraDuki,EulerE,950,905,2r1r1k1/1p3pp1/p1p4p/4B3/4P3/1q1PK1QP/5PP1/2R4R b - - 5 22,c7e5
11,CampraDuki,EulerE,950,905,2r1r1k1/1p4p1/p1p2p1p/4B3/4P3/1q1PK1QP/5PP1/2R4R w - - 0 23,f7f6
11,CampraDuki,EulerE,950,905,2r1r1k1/1p4p1/p1p2B1p/8/4P3/1q1PK1QP/5PP1/2R4R b - - 0 23,e5f6
11,CampraDuki,EulerE,950,905,4r1k1/1pr3p1/p1p2B1p/8/4P3/1q1PK1QP/5PP1/2R4R w - - 1 24,c8c7
11,CampraDuki,EulerE,950,905,4r1k1/1pQ3p1/p1p2B1p/8/4P3/1q1PK2P/5PP1/2R4R b - - 0 24,g3c7
11,CampraDuki,EulerE,950,905,6k1/1pQ3p1/p1p2B1p/8/4r3/1q1PK2P/5PP1/2R4R w - - 0 25,e8e4
11,CampraDuki,EulerE,950,905,6k1/1pQ3p1/p1p2B1p/8/4K3/1q1P3P/5PP1/2R4R b - - 0 25,e3e4
11,CampraDuki,EulerE,950,905,6k1/1pQ3p1/p1p1qB1p/8/4K3/3P3P/5PP1/2R4R w - - 1 26,b3e6
11,CampraDuki,EulerE,950,905,6k1/1pQ3p1/p1p1q2p/4B3/4K3/3P3P/5PP1/2R4R b - - 2 26,f6e5
11,CampraDuki,EulerE,950,905,6k1/1pQ3p1/p1p3qp/4B3/4K3/3P3P/5PP1/2R4R w - - 3 27,e6g6
11,CampraDuki,EulerE,950,905,6k1/1pQ3p1/p1p3qp/4B3/3K4/3P3P/5PP1/2R4R b - - 4 27,e4d4
11,CampraDuki,EulerE,950,905,6k1/1pQ3p1/p1p1q2p/4B3/3K4/3P3P/5PP1/2R4R w - - 5 28,g6e6
11,CampraDuki,EulerE,950,905,6k1/1p4Q1/p1p1q2p/4B3/3K4/3P3P/5PP1/2R4R b - - 0 28,c7g7
12,ramtaparia,EulerE,910,897,rnbqkbnr/pppppppp/8/8/8/2P5/PP1PPPPP/RNBQKBNR b KQkq - 0 1,c2c3
12,ramtaparia,EulerE,910,897,rnbqkbnr/pppp1ppp/8/4p3/8/2P5/PP1PPPPP/RNBQKBNR w KQkq - 0 2,e7e5
12,ramtaparia,EulerE,910,897,rnbqkbnr/pppp1ppp/8/4p3/4P3/2P5/PP1P1PPP/RNBQKBNR b KQkq - 0 2,e2e4
12,ramtaparia,EulerE,910,897,rnbqkb1r/pppp1ppp/5n2/4p3/4P3/2P5/PP1P1PPP/RNBQKBNR w KQkq - 1 3,g8f6
12,ramtaparia,EulerE,910,897,rnbqkb1r/pppp1ppp/5n2/4p3/4P3/2P2N2/PP1P1PPP/RNBQKB1R b KQkq - 2 3,g1f3
12,ramtaparia,EulerE,910,897,r1bqkb1r/pppp1ppp/2n2n2/4p3/4P3/2P2N2/PP1P1PPP/RNBQKB1R w KQkq - 3 4,b8c6
12,ramtaparia,EulerE,910,897,r1bqkb1r/pppp1ppp/2n2n2/4p3/4P3/2PP1N2/PP3PPP/RNBQKB1R b KQkq - 0 4,d2d3
12,ramtaparia,EulerE,910,897,r1bqk2r/pppp1ppp/2n2n2/2b1p3/4P3/2PP1N2/PP3PPP/RNBQKB1R w KQkq - 1 5,f8c5
12,ramtaparia,EulerE,910,897,r1bqk2r/pppp1ppp/2n2n2/2b1p3/4P3/2PP1N2/PP2BPPP/RNBQK2R b KQkq - 2 5,f1e2
12,ramtaparia,EulerE,910,897,r1bq1rk1/pppp1ppp/2n2n2/2b1p3/4P3/2PP1N2/PP2BPPP/RNBQK2R w KQ - 3 6,e8g8
12,ramtaparia,EulerE,910,897,r1bq1rk1/pppp1ppp/2n2n2/2b1p3/4P3/2PP1N2/PP2BPPP/RNBQ1K1R b - - 4 6,e1f1
12,ramtaparia,EulerE,910,897,r1bq1rk1/ppp2ppp/2n2n2/2bpp3/4P3/2PP1N2/PP2BPPP/RNBQ1K1R w - - 0 7,d7d5
12,ramtaparia,EulerE,910,897,r1bq1rk1/ppp2ppp/2n2n2/2bpp3/4P3/2PPBN2/PP2BPPP/RN1Q1K1R b - - 1 7,c1e3
12,ramtaparia,EulerE,910,897,r1bq1rk1/ppp2ppp/2n2n2/2b1p3/3pP3/2PPBN2/PP2BPPP/RN1Q1K1R w - - 0 8,d5d4
12,ramtaparia,EulerE,910,897,r1bq1rk1/ppp2ppp/2n2n2/2b1p3/3PP3/3PBN2/PP2BPPP/RN1Q1K1R b - - 0 8,c3d4
12,ramtaparia,EulerE,910,897,r1bq1rk1/ppp2ppp/2n2n2/2b5/3pP3/3PBN2/PP2BPPP/RN1Q1K1R w - - 0 9,e5d4
12,ramtaparia,EulerE,910,897,r1bq1rk1/ppp2ppp/2n2n2/2b5/3BP3/3P1N2/PP2BPPP/RN1Q1K1R b - - 0 9,e3d4
12,ramtaparia,EulerE,910,897,r1bq1rk1/ppp2ppp/2n2n2/8/3bP3/3P1N2/PP2BPPP/RN1Q1K1R w - - 0 10,c5d4
12,ramtaparia,EulerE,910,897,r1bq1rk1/ppp2ppp/2n2n2/8/3NP3/3P4/PP2BPPP/RN1Q1K1R b - - 0 10,f3d4
12,ramtaparia,EulerE,910,897,r1b2rk1/ppp2ppp/2n2n2/8/3qP3/3P4/PP2BPPP/RN1Q1K1R w - - 0 11,d8d4
12,ramtaparia,EulerE,910,897,r1b2rk1/ppp2ppp/2n2n2/8/3qP3/2NP4/PP2BPPP/R2Q1K1R b - - 1 11,b1c3
12,ramtaparia,EulerE,910,897,r1br2k1/ppp2ppp/2n2n2/8/3qP3/2NP4/PP2BPPP/R2Q1K1R w - - 2 12,f8d8
12,ramtaparia,EulerE,910,897,r1br2k1/ppp2ppp/2n2n2/8/3qP3/2NP2P1/PP2BP1P/R2Q1K1R b - - 0 12,g2g3
12,ramtaparia,EulerE,910,897,r2r2k1/ppp2ppp/2n1bn2/8/3qP3/2NP2P1/PP2BP1P/R2Q1K1R w - - 1 13,c8e6
12,ramtaparia,EulerE,910,897,r2r2k1/ppp2ppp/2n1bn2/1N6/3qP3/3P2P1/PP2BP1P/R2Q1K1R b - - 2 13,c3b5
12,ramtaparia,EulerE,910,897,r2r2k1/ppp2ppp/2nqbn2/1N6/4P3/3P2P1/PP2BP1P/R2Q1K1R w - - 3 14,d4d6
13,EulerE,Rstrydom777,904,825,rnbqkbnr/pppppppp/8/8/3P4/8/PPP1PPPP/RNBQKBNR b KQkq - 0 1,d2d4
13,EulerE,Rstrydom777,904,825,rnbqkbnr/pppp1ppp/4p3/8/3P4/8/PPP1PPPP/RNBQKBNR w KQkq - 0 2,e7e6
13,EulerE,Rstrydom777,904,825,rnbqkbnr/pppp1ppp/4p3/8/2PP4/8/PP2PPPP/RNBQKBNR b KQkq - 0 2,c2c4
13,EulerE,Rstrydom777,904,825,rnbqkbnr/ppp2ppp/3pp3/8/2PP4/8/PP2PPPP/RNBQKBNR w KQkq - 0 3,d7d6
13,EulerE,Rstrydom777,904,825,rnbqkbnr/ppp2ppp/3pp3/8/2PP4/5N2/PP2PPPP/RNBQKB1R b KQkq - 1 3,g1f3
13,EulerE,Rstrydom777,904,825,rnbqkbnr/ppp2pp1/3pp2p/8/2PP4/5N2/PP2PPPP/RNBQKB1R w KQkq - 0 4,h7h6
13,EulerE,Rstrydom777,904,825,rnbqkbnr/ppp2pp1/3pp2p/8/2PP4/2N2N2/PP2PPPP/R1BQKB1R b KQkq - 1 4,b1c3
13,EulerE,Rstrydom777,904,825,rnbqkb1r/ppp1npp1/3pp2p/8/2PP4/2N2N2/PP2PPPP/R1BQKB1R w KQkq - 2 5,g8e7
13,EulerE,Rstrydom777,904,825,rnbqkb1r/ppp1npp1/3pp2p/8/2PP1B2/2N2N2/PP2PPPP/R2QKB1R b KQkq - 3 5,c1f4
13,EulerE,Rstrydom777,904,825,rnbqkb1r/ppp2pp1/3pp1np/8/2PP1B2/2N2N2/PP2PPPP/R2QKB1R w KQkq - 4 6,e7g6
13,EulerE,Rstrydom777,904,825,rnbqkb1r/ppp2pp1/3pp1np/8/2PPPB2/2N2N2/PP3PPP/R2QKB1R b KQkq - 0 6,e2e4
13,EulerE,Rstrydom777,904,825,rnbqkb1r/pp3pp1/2ppp1np/8/2PPPB2/2N2N2/PP3PPP/R2QKB1R w KQkq - 0 7,c7c6
13,EulerE,Rstrydom777,904,825,rnbqkb1r/pp3pp1/2ppp1np/8/2PPPB2/2N2NP1/PP3P1P/R2QKB1R b KQkq - 0 7,g2g3
13,EulerE,Rstrydom777,904,825,rnbqk2r/pp2bpp1/2ppp1np/8/2PPPB2/2N2NP1/PP3P1P/R2QKB1R w KQkq - 1 8,f8e7
13,EulerE,Rstrydom777,904,825,rnbqk2r/pp2bpp1/2ppp1np/8/2PPPB2/2N2NP1/PP1Q1P1P/R3KB1R b KQkq - 2 8,d1d2
13,EulerE,Rstrydom777,904,825,rnbq1rk1/pp2bpp1/2ppp1np/8/2PPPB2/2N2NP1/PP1Q1P1P/R3KB1R w KQ - 3 9,e8g8
13,EulerE,Rstrydom777,904,825,rnbq1rk1/pp2bpp1/2ppp1np/3P4/2P1PB2/2N2NP1/PP1Q1P1P/R3KB1R b KQ - 0 9,d4d5
13,EulerE,Rstrydom777,904,825,rnbq1rk1/pp2bpp1/2pp2np/3Pp3/2P1PB2/2N2NP1/PP1Q1P1P/R3KB1R w KQ - 0 10,e6e5
13,EulerE,Rstrydom777,904,825,rnbq1rk1/pp2bpp1/2pp2np/3Pp3/2P1P3/2N1BNP1/PP1Q1P1P/R3KB1R b KQ - 1 10,f4e3
13,EulerE,Rstrydom777,904,825,rn1q1rk1/pp2bpp1/2pp2np/3Pp3/2P1P1b1/2N1BNP1/PP1Q1P1P/R3KB1R w KQ - 2 11,c8g4
13,EulerE,Rstrydom777,904,825,rn1q1rk1/pp2bpp1/2pp2np/3Pp3/2P1P1b1/2N1BNP1/PP1Q1PBP/R3K2R b KQ - 3 11,f1g2
13,EulerE,Rstrydom777,904,825,rn3rk1/pp1qbpp1/2pp2np/3Pp3/2P1P1b1/2N1BNP1/PP1Q1PBP/R3K2R w KQ - 4 12,d8d7
13,EulerE,Rstrydom777,904,825,rn3rk1/pp1qbpp1/2pp2np/3Pp3/2P1P1b1/2N1BNP1/PP1Q1PBP/R4RK1 b - - 5 12,e1g1
13,EulerE,Rstrydom777,904,825,rn3rk1/pp1qbpp1/2pp2np/3Pp3/2P1P3/2N1BNPb/PP1Q1PBP/R4RK1 w - - 6 13,g4h3
13,EulerE,Rstrydom777,904,825,rn3rk1/pp1qbpp1/2pp2nB/3Pp3/2P1P3/2N2NPb/PP1Q1PBP/R4RK1 b - - 0 13,e3h6
13,EulerE,Rstrydom777,904,825,rn3rk1/pp1qbpp1/2pp2nB/3Pp3/2P1P3/2N2NP1/PP1Q1PbP/R4RK1 w - - 0 14,h3g2
13,EulerE,Rstrydom777,904,825,rn3rk1/pp1qbpp1/2pp2nB/3Pp3/2P1P3/2N2NP1/PP1Q1PKP/R4R2 b - - 0 14,g1g2
13,EulerE,Rstrydom777,904,825,rn3rk1/pp2bpp1/2pp2nB/3Pp3/2P1P1q1/2N2NP1/PP1Q1PKP/R4R2 w - - 1 15,d7g4
13,EulerE,Rstrydom777,904,825,rn3rk1/pp2bpp1/2pp2n1/3Pp3/2P1P1q1/2N1BNP1/PP1Q1PKP/R4R2 b - - 2 15,h6e3
13,EulerE,Rstrydom777,904,825,rn3rk1/pp2bpp1/2pp2n1/3Pp2q/2P1P3/2N1BNP1/PP1Q1PKP/R4R2 w - - 3 16,g4h5
13,EulerE,Rstrydom777,904,825,rn3rk1/pp2bpp1/2pp2n1/3Pp2q/2P1P3/2N1BNP1/PP1Q1PKP/R6R b - - 4 16,f1h1
13,EulerE,Rstrydom777,904,825,r4rk1/pp1nbpp1/2pp2n1/3Pp2q/2P1P3/2N1BNP1/PP1Q1PKP/R6R w - - 5 17,b8d7
13,EulerE,Rstrydom777,904,825,r4rk1/pp1nbpp1/2pp2n1/3Pp2q/2P1P3/2N1BNPP/PP1Q1PK1/R6R b - - 0 17,h2h3
13,EulerE,Rstrydom777,904,825,r4rk1/pp1n1pp1/2pp2n1/3Pp2q/2P1P2b/2N1BNPP/PP1Q1PK1/R6R w - - 1 18,e7h4
13,EulerE,Rstrydom777,904,825,r4rk1/pp1n1pp1/2pp2n1/3Pp2q/2P1P2P/2N1BN1P/PP1Q1PK1/R6R b - - 0 18,g3h4
13,EulerE,Rstrydom777,904,825,r4rk1/pp1n1pp1/2pp4/3Pp2q/2P1P2n/2N1BN1P/PP1Q1PK1/R6R w - - 0 19,g6h4
13,EulerE,Rstrydom777,904,825,r4rk1/pp1n1pp1/2pp4/3Pp2q/2P1P2N/2N1B2P/PP1Q1PK1/R6R b - - 0 19,f3h4
13,EulerE,Rstrydom777,904,825,r4rk1/pp1n1pp1/2pp4/3Pp3/2P1P2q/2N1B2P/PP1Q1PK1/R6R w - - 0 20,h5h4
13,EulerE,Rstrydom777,904,825,r4rk1/pp1n1pp1/2pp4/3Pp3/2P1P2q/2N1B2P/PP1Q1PK1/R5R1 b - - 1 20,h1g1
13,EulerE,Rstrydom777,904,825,r4rk1/pp3pp1/2pp1n2/3Pp3/2P1P2q/2N1B2P/PP1Q1PK1/R5R1 w - - 2 21,d7f6
13,EulerE,Rstrydom777,904,825,r4rk1/pp3pp1/2pp1n2/3Pp1B1/2P1P2q/2N4P/PP1Q1PK1/R5R1 b - - 3 21,e3g5
13,EulerE,Rstrydom777,904,825,r4rk1/pp3pp1/2pp1n2/3Pp1Bq/2P1P3/2N4P/PP1Q1PK1/R5R1 w - - 4 22,h4h5
13,EulerE,Rstrydom777,904,825,r4rk1/pp3pp1/2pp1n2/3Pp1Bq/2P1P3/2N4P/PP1Q1P1K/R5R1 b - - 5 22,g2h2
13,EulerE,Rstrydom777,904,825,r4r1k/pp3pp1/2pp1n2/3Pp1Bq/2P1P3/2N4P/PP1Q1P1K/R5R1 w - - 6 23,g8h8
13,EulerE,Rstrydom777,904,825,r4r1k/pp3pp1/2pp1B2/3Pp2q/2P1P3/2N4P/PP1Q1P1K/R5R1 b - - 0 23,g5f6
13,EulerE,Rstrydom777,904,825,r4r1k/pp3p2/2pp1p2/3Pp2q/2P1P3/2N4P/PP1Q1P1K/R5R1 w - - 0 24,g7f6
13,EulerE,Rstrydom777,904,825,r4r1k/pp3p2/2pp1p2/3Pp2q/2P1P1R1/2N4P/PP1Q1P1K/R7 b - - 1 24,g1g4
13,EulerE,Rstrydom777,904,825,r5rk/pp3p2/2pp1p2/3Pp2q/2P1P1R1/2N4P/PP1Q1P1K/R7 w - - 2 25,f8g8
13,EulerE,Rstrydom777,904,825,r5rk/pp3p2/2pp1p2/3Pp2q/2P1P1R1/2N4P/PP1Q1P1K/6R1 b - - 3 25,a1g1
13,EulerE,Rstrydom777,904,825,r5rk/1p3p2/p1pp1p2/3Pp2q/2P1P1R1/2N4P/PP1Q1P1K/6R1 w - - 0 26,a7a6
13,EulerE,Rstrydom777,904,825,r5rk/1p3p2/p1pp1p2/3Pp2q/2P1P1R1/2N4P/PP2QP1K/6R1 b - - 1 26,d2e2
13,EulerE,Rstrydom777,904,825,r5rk/1p3p2/p1pp1p1q/3Pp3/2P1P1R1/2N4P/PP2QP1K/6R1 w - - 2 27,h5h6
13,EulerE,Rstrydom777,904,825,r5rk/1p3p2/p1pp1p1q/3Pp3/2P1P1R1/2N2P1P/PP2Q2K/6R1 b - - 0 27,f2f3
13,EulerE,Rstrydom777,904,825,r6k/1p3p2/p1pp1prq/3Pp3/2P1P1R1/2N2P1P/PP2Q2K/6R1 w - - 1 28,g8g6
13,EulerE,Rstrydom777,904,825,r6k/1p3p2/p1pp1prq/3Pp3/2P1P1R1/2N2P1P/PP3Q1K/6R1 b - - 2 28,e2f2
13,EulerE,Rstrydom777,904,825,6rk/1p3p2/p1pp1prq/3Pp3/2P1P1R1/2N2P1P/PP3Q1K/6R1 w - - 3 29,a8g8
13,EulerE,Rstrydom777,904,825,6rk/1p3p2/p1pp1prq/3Pp3/2P1P1RQ/2N2P1P/PP5K/6R1 b - - 4 29,f2h4
13,EulerE,Rstrydom777,904,825,7k/1p3pr1/p1pp1prq/3Pp3/2P1P1RQ/2N2P1P/PP5K/6R1 w - - 5 30,g8g7
13,EulerE,Rstrydom777,904,825,7k/1p3pr1/p1pp1prQ/3Pp3/2P1P1R1/2N2P1P/PP5K/6R1 b - - 0 30,h4h6
13,EulerE,Rstrydom777,904,825,7k/1p3pr1/p1pp1p1r/3Pp3/2P1P1R1/2N2P1P/PP5K/6R1 w - - 0 31,g6h6
13,EulerE,Rstrydom777,904,825,7k/1p3pR1/p1pp1p1r/3Pp3/2P1P3/2N2P1P/PP5K/6R1 b - - 0 31,g4g7
13,EulerE,Rstrydom777,904,825,7k/1p3pR1/p1pp1pr1/3Pp3/2P1P3/2N2P1P/PP5K/6R1 w - - 1 32,h6g6
13,EulerE,Rstrydom777,904,825,7k/1p3p2/p1pp1pR1/3Pp3/2P1P3/2N2P1P/PP5K/6R1 b - - 0 32,g7g6
13,EulerE,Rstrydom777,904,825,7k/1p6/p1pp1pp1/3Pp3/2P1P3/2N2P1P/PP5K/6R1 w - - 0 33,f7g6
13,EulerE,Rstrydom777,904,825,7k/1p6/p1pp1pR1/3Pp3/2P1P3/2N2P1P/PP5K/8 b - - 0 33,g1g6
13,EulerE,Rstrydom777,904,825,8/1p5k/p1pp1pR1/3Pp3/2P1P3/2N2P1P/PP5K/8 w - - 1 34,h8h7
13,EulerE,Rstrydom777,904,825,8/1p5k/p1pp1R2/3Pp3/2P1P3/2N2P1P/PP5K/8 b - - 0 34,g6f6
13,EulerE,Rstrydom777,904,825,8/1p4k1/p1pp1R2/3Pp3/2P1P3/2N2P1P/PP5K/8 w - - 1 35,h7g7
13,EulerE,Rstrydom777,904,825,8/1p4k1/p1pR4/3Pp3/2P1P3/2N2P1P/PP5K/8 b - - 0 35,f6d6
13,EulerE,Rstrydom777,904,825,8/1p3k2/p1pR4/3Pp3/2P1P3/2N2P1P/PP5K/8 w - - 1 36,g7f7
13,EulerE,Rstrydom777,904,825,8/1p1R1k2/p1p5/3Pp3/2P1P3/2N2P1P/PP5K/8 b - - 2 36,d6d7
13,EulerE,Rstrydom777,904,825,4k3/1p1R4/p1p5/3Pp3/2P1P3/2N2P1P/PP5K/8 w - - 3 37,f7e8
13,EulerE,Rstrydom777,904,825,4k3/1R6/p1p5/3Pp3/2P1P3/2N2P1P/PP5K/8 b - - 0 37,d7b7
14,LifeInMiniature,EulerE,912,896,rnbqkbnr/pppppppp/8/8/4P3/8/PPPP1PPP/RNBQKBNR b KQkq - 0 1,e2e4
14,LifeInMiniature,EulerE,912,896,rnbqkbnr/pppp1ppp/8/4p3/4P3/8/PPPP1PPP/RNBQKBNR w KQkq - 0 2,e7e5
14,LifeInMiniature,EulerE,912,896,rnbqkbnr/pppp1ppp/8/4p3/4P3/5N2/PPPP1PPP/RNBQKB1R b KQkq - 1 2,g1f3
14,LifeInMiniature,EulerE,912,896,r1bqkbnr/pppp1ppp/2n5/4p3/4P3/5N2/PPPP1PPP/RNBQKB1R w KQkq - 2 3,b8c6
14,LifeInMiniature,EulerE,912,896,r1bqkbnr/pppp1ppp/2n5/4p3/2B1P3/5N2/PPPP1PPP/RNBQK2R b KQkq - 3 3,f1c4
14,LifeInMiniature,EulerE,912,896,r1bqk1nr/pppp1ppp/2n5/2b1p3/2B1P3/5N2/PPPP1PPP/RNBQK2R w KQkq - 4 4,f8c5
14,LifeInMiniature,EulerE,912,896,r1bqk1nr/pppp1ppp/2n5/2b1p3/1PB1P3/5N2/P1PP1PPP/RNBQK2R b KQkq - 0 4,b2b4
14,LifeInMiniature,EulerE,912,896,r1bqk1nr/pppp1ppp/2n5/4p3/1bB1P3/5N2/P1PP1PPP/RNBQK2R w KQkq - 0 5,c5b4
14,LifeInMiniature,EulerE,912,896,r1bqk1nr/pppp1ppp/2n5/4p3/1bB1P3/2P2N2/P2P1PPP/RNBQK2R b KQkq - 0 5,c2c3
14,LifeInMiniature,EulerE,912,896,r1bqk1nr/pppp1ppp/2n5/2b1p3/2B1P3/2P2N2/P2P1PPP/RNBQK2R w KQkq - 1 6,b4c5
14,LifeInMiniature,EulerE,912,896,r1bqk1nr/pppp1ppp/2n5/2b1p3/2BPP3/2P2N2/P4PPP/RNBQK2R b KQkq - 0 6,d2d4
14,LifeInMiniature,EulerE,912,896,r1bqk1nr/pppp1ppp/2n5/2b5/2BpP3/2P2N2/P4PPP/RNBQK2R w KQkq - 0 7,e5d4
14,LifeInMiniature,EulerE,912,896,r1bqk1nr/pppp1ppp/2n5/2b5/2BPP3/5N2/P4PPP/RNBQK2R b KQkq - 0 7,c3d4
14,LifeInMiniature,EulerE,912,896,r1bqk1nr/pppp1ppp/2n5/8/1bBPP3/5N2/P4PPP/RNBQK2R w KQkq - 1 8,c5b4
14,LifeInMiniature,EulerE,912,896,r1bqk1nr/pppp1ppp/2n5/8/1bBPP3/5N2/P2B1PPP/RN1QK2R b KQkq - 2 8,c1d2
14,LifeInMiniature,EulerE,912,896,r1bqk1nr/1ppp1ppp/p1n5/8/1bBPP3/5N2/P2B1PPP/RN1QK2R w KQkq - 0 9,a7a6
14,LifeInMiniature,EulerE,912,896,r1bqk1nr/1ppp1ppp/p1n5/3P4/1bB1P3/5N2/P2B1PPP/RN1QK2R b KQkq - 0 9,d4d5
14,LifeInMiniature,EulerE,912,896,r1bqk1nr/1ppp1ppp/p1n5/3P4/2B1P3/5N2/P2b1PPP/RN1QK2R w KQkq - 0 10,b4d2
14,LifeInMiniature,EulerE,912,896,r1bqk1nr/1ppp1ppp/p1n5/3P4/2B1P3/5N2/P2Q1PPP/RN2K2R b KQkq - 0 10,d1d2
14,LifeInMiniature,EulerE,912,896,r1bqk1nr/2pp1ppp/p1n5/1p1P4/2B1P3/5N2/P2Q1PPP/RN2K2R w KQkq - 0 11,b7b5
14,LifeInMiniature,EulerE,912,896,r1bqk1nr/2pp1ppp/p1n5/1p1P4/4P3/1B3N2/P2Q1PPP/RN2K2R b KQkq - 1 11,c4b3
14,LifeInMiniature,EulerE,912,896,r1bqk1nr/2ppnppp/p7/1p1P4/4P3/1B3N2/P2Q1PPP/RN2K2R w KQkq - 2 12,c6e7
14,LifeInMiniature,EulerE,912,896,r1bqk1nr/2ppnppp/p7/1p1P4/4P3/1B3N2/P2Q1PPP/RN3RK1 b kq - 3 12,e1g1
14,LifeInMiniature,EulerE,912,896,r1bqk1nr/2p1nppp/p2p4/1p1P4/4P3/1B3N2/P2Q1PPP/RN3RK1 w kq - 0 13,d7d6
14,LifeInMiniature,EulerE,912,896,r1bqk1nr/2p1nppp/p2p4/1p1P4/4P3/1B3N2/P2Q1PPP/RN2R1K1 b kq - 1 13,f1e1
14,LifeInMiniature,EulerE,912,896,r2qk1nr/1bp1nppp/p2p4/1p1P4/4P3/1B3N2/P2Q1PPP/RN2R1K1 w kq - 2 14,c8b7
14,LifeInMiniature,EulerE,912,896,r2qk1nr/1bp1nppp/p2p4/1p1PP3/8/1B3N2/P2Q1PPP/RN2R1K1 b kq - 0 14,e4e5
14,LifeInMiniature,EulerE,912,896,r2qk1nr/1bp1nppp/p7/1p1Pp3/8/1B3N2/P2Q1PPP/RN2R1K1 w kq - 0 15,d6e5
14,LifeInMiniature,EulerE,912,896,r2qk1nr/1bp1nppp/p7/1p1PN3/8/1B6/P2Q1PPP/RN2R1K1 b kq - 0 15,f3e5
14,LifeInMiniature,EulerE,912,896,r3k1nr/1bp1nppp/p2q4/1p1PN3/8/1B6/P2Q1PPP/RN2R1K1 w kq - 1 16,d8d6
14,LifeInMiniature,EulerE,912,896,r3k1nr/1bp1nppp/p2q4/1p1PN3/8/1BN5/P2Q1PPP/R3R1K1 b kq - 2 16,b1c3
14,LifeInMiniature,EulerE,912,896,r3k1nr/1bp1n1pp/p2q1p2/1p1PN3/8/1BN5/P2Q1PPP/R3R1K1 w kq - 0 17,f7f6
14,LifeInMiniature,EulerE,912,896,r3k1nr/1bp1n1pp/p1Nq1p2/1p1P4/8/1BN5/P2Q1PPP/R3R1K1 b kq - 1 17,e5c6
14,LifeInMiniature,EulerE,912,896,r3k1nr/2p1n1pp/p1bq1p2/1p1P4/8/1BN5/P2Q1PPP/R3R1K1 w kq - 0 18,b7c6
14,LifeInMiniature,EulerE,912,896,r3k1nr/2p1n1pp/p1bq1p2/1p1P4/8/1BN5/P2Q1PPP/3RR1K1 b kq - 1 18,a1d1
14,LifeInMiniature,EulerE,912,896,r3k1nr/1bp1n1pp/p2q1p2/1p1P4/8/1BN5/P2Q1PPP/3RR1K1 w kq - 2 19,c6b7
14,LifeInMiniature,EulerE,912,896,r3k1nr/1bp1n1pp/p2qRp2/1p1P4/8/1BN5/P2Q1PPP/3R2K1 b kq - 3 19,e1e6
14,LifeInMiniature,EulerE,912,896,r3k1nr/1bpqn1pp/p3Rp2/1p1P4/8/1BN5/P2Q1PPP/3R2K1 w kq - 4 20,d6d7
14,LifeInMiniature,EulerE,912,896,r3k1nr/1bpqn1pp/p3Rp2/1p1P4/8/1BN5/P2Q1PPP/4R1K1 b kq - 5 20,d1e1
14,LifeInMiniature,EulerE,912,896,2kr2nr/1bpqn1pp/p3Rp2/1p1P4/8/1BN5/P2Q1PPP/4R1K1 w - - 6 21,e8c8
14,LifeInMiniature,EulerE,912,896,2kr2nr/1bpqn1pp/p3Rp2/1p1P4/8/1BN1R3/P2Q1PPP/6K1 b - - 7 21,e1e3
14,LifeInMiniature,EulerE,912,896,2kr2nr/1bpq2pp/p3Rp2/1p1n4/8/1BN1R3/P2Q1PPP/6K1 w - - 0 22,e7d5
14,LifeInMiniature,EulerE,912,896,2kr2nr/1bpq2pp/p3Rp2/1p1N4/8/1B2R3/P2Q1PPP/6K1 b - - 0 22,c3d5
14,LifeInMiniature,EulerE,912,896,2kr2nr/2pq2pp/p3Rp2/1p1b4/8/1B2R3/P2Q1PPP/6K1 w - - 0 23,b7d5
14,LifeInMiniature,EulerE,912,896,2kr2nr/2pq2pp/p3Rp2/1p1B4/8/4R3/P2Q1PPP/6K1 b - - 0 23,b3d5
14,LifeInMiniature,EulerE,912,896,2kr2nr/2p3pp/p3Rp2/1p1q4/8/4R3/P2Q1PPP/6K1 w - - 0 24,d7d5
14,LifeInMiniature,EulerE,912,896,2kr2nr/2p3pp/p3Rp2/1p1Q4/8/4R3/P4PPP/6K1 b - - 0 24,d2d5
14,LifeInMiniature,EulerE,912,896,2k3nr/2p3pp/p3Rp2/1p1r4/8/4R3/P4PPP/6K1 w - - 0 25,d8d5
14,LifeInMiniature,EulerE,912,896,2k1R1nr/2p3pp/p4p2/1p1r4/8/4R3/P4PPP/6K1 b - - 1 25,e6e8
14,LifeInMiniature,EulerE,912,896,4R1nr/1kp3pp/p4p2/1p1r4/8/4R3/P4PPP/6K1 w - - 2 26,c8b7
14,LifeInMiniature,EulerE,912,896,4R1nr/1kp3pp/p4p2/1p1r4/8/4R2P/P4PP1/6K1 b - - 0 26,h2h3
14,LifeInMiniature,EulerE,912,896,4R1nr/1kp3pp/p4p2/1p6/8/4R2P/P4PP1/3r2K1 w - - 1 27,d5d1
14,LifeInMiniature,EulerE,912,896,4R1nr/1kp3pp/p4p2/1p6/8/4R2P/P4PPK/3r4 b - - 2 27,g1h2
14,LifeInMiniature,EulerE,912,896,4R1nr/1kp3pp/p7/1p3p2/8/4R2P/P4PPK/3r4 w - - 0 28,f6f5
14,LifeInMiniature,EulerE,912,896,5Rnr/1kp3pp/p7/1p3p2/8/4R2P/P4PPK/3r4 b - - 1 28,e8f8
14,LifeInMiniature,EulerE,912,896,5Rnr/2p3pp/pk6/1p3p2/8/4R2P/P4PPK/3r4 w - - 2 29,b7b6
14,LifeInMiniature,EulerE,912,896,6nr/2p3pp/pk6/1p3R2/8/4R2P/P4PPK/3r4 b - - 0 29,f8f5
14,LifeInMiniature,EulerE,912,896,7r/2p3pp/pk5n/1p3R2/8/4R2P/P4PPK/3r4 w - - 1 30,g8h6
14,LifeInMiniature,EulerE,912,896,7r/2p3pp/pk5n/1p2R3/8/4R2P/P4PPK/3r4 b - - 2 30,f5e5
14,LifeInMiniature,EulerE,912,896,5r2/2p3pp/pk5n/1p2R3/8/4R2P/P4PPK/3r4 w - - 3 31,h8f8
14,LifeInMiniature,EulerE,912,896,5r2/2p1R1pp/pk5n/1p6/8/4R2P/P4PPK/3r4 b - - 4 31,e5e7
14,LifeInMiniature,EulerE,912,896,8/2p1R1pp/pk5n/1p6/8/4R2P/P4rPK/3r4 w - - 0 32,f8f2
14,LifeInMiniature,EulerE,912,896,8/2p3Rp/pk5n/1p6/8/4R2P/P4rPK/3r4 b - - 0 32,e7g7
14,LifeInMiniature,EulerE,912,896,8/2p3Rp/pk5n/1p6/8/4R2P/r5PK/3r4 w - - 0 33,f2a2
14,LifeInMiniature,EulerE,912,896,8/2p4R/pk5n/1p6/8/4R2P/r5PK/3r4 b - - 0 33,g7h7
14,LifeInMiniature,EulerE,912,896,8/2p4R/pk6/1p3n2/8/4R2P/r5PK/3r4 w - - 1 34,h6f5
14,LifeInMiniature,EulerE,912,896,8/2p4R/pk2R3/1p3n2/8/7P/r5PK/3r4 b - - 2 34,e3e6
14,LifeInMiniature,EulerE,912,896,8/2p4R/pk1nR3/1p6/8/7P/r5PK/3r4 w - - 3 35,f5d6
14,LifeInMiniature,EulerE,912,896,8/2p5/pk1nR2R/1p6/8/7P/r5PK/3r4 b - - 4 35,h7h6
15,EulerE,longus7777,939,991,rnbqkbnr/pppppppp/8/8/3P4/8/PPP1PPPP/RNBQKBNR b KQkq - 0 1,d2d4
15,EulerE,longus7777,939,991,rnbqkbnr/ppp1pppp/8/3p4/3P4/8/PPP1PPPP/RNBQKBNR w KQkq - 0 2,d7d5
15,EulerE,longus7777,939,991,rnbqkbnr/ppp1pppp/8/3p4/2PP4/8/PP2PPPP/RNBQKBNR b KQkq - 0 2,c2c4
15,EulerE,longus7777,939,991,rnbqkb1r/ppp1pppp/5n2/3p4/2PP4/8/PP2PPPP/RNBQKBNR w KQkq - 1 3,g8f6
15,EulerE,longus7777,939,991,rnbqkb1r/ppp1pppp/5n2/3p4/2PP4/2N5/PP2PPPP/R1BQKBNR b KQkq - 2 3,b1c3
15,EulerE,longus7777,939,991,rnbqkb1r/pp2pppp/2p2n2/3p4/2PP4/2N5/PP2PPPP/R1BQKBNR w KQkq - 0 4,c7c6
15,EulerE,longus7777,939,991,rnbqkb1r/pp2pppp/2p2n2/3p4/2PP4/2N2N2/PP2PPPP/R1BQKB1R b KQkq - 1 4,g1f3
15,EulerE,longus7777,939,991,rn1qkb1r/pp2pppp/2p2n2/3p4/2PP2b1/2N2N2/PP2PPPP/R1BQKB1R w KQkq - 2 5,c8g4
15,EulerE,longus7777,939,991,rn1qkb1r/pp2pppp/2p2n2/3p4/2PP2b1/2N2N1P/PP2PPP1/R1BQKB1R b KQkq - 0 5,h2h3
15,EulerE,longus7777,939,991,rn1qkb1r/pp2pppp/2p2n2/3p4/2PP4/2N2b1P/PP2PPP1/R1BQKB1R w KQkq - 0 6,g4f3
15,EulerE,longus7777,939,991,rn1qkb1r/pp2pppp/2p2n2/3p4/2PP4/2N2P1P/PP3PP1/R1BQKB1R b KQkq - 0 6,e2f3
15,EulerE,longus7777,939,991,rn1qkb1r/pp3ppp/2p1pn2/3p4/2PP4/2N2P1P/PP3PP1/R1BQKB1R w KQkq - 0 7,e7e6
15,EulerE,longus7777,939,991,rn1qkb1r/pp3ppp/2p1pn2/3p4/2PP4/2NB1P1P/PP3PP1/R1BQK2R b KQkq - 1 7,f1d3
15,EulerE,longus7777,939,991,rn1qk2r/pp3ppp/2p1pn2/3p4/1bPP4/2NB1P1P/PP3PP1/R1BQK2R w KQkq - 2 8,f8b4
15,EulerE,longus7777,939,991,rn1qk2r/pp3ppp/2p1pn2/3p4/1bPP4/2NB1P1P/PP1B1PP1/R2QK2R b KQkq - 3 8,c1d2
15,EulerE,longus7777,939,991,rn1qk2r/pp3ppp/2p1pn2/8/1bpP4/2NB1P1P/PP1B1PP1/R2QK2R w KQkq - 0 9,d5c4
15,EulerE,longus7777,939,991,rn1qk2r/pp3ppp/2p1pn2/8/1bBP4/2N2P1P/PP1B1PP1/R2QK2R b KQkq - 0 9,d3c4
15,EulerE,longus7777,939,991,rn2k2r/pp3ppp/2p1pn2/8/1bBq4/2N2P1P/PP1B1PP1/R2QK2R w KQkq - 0 10,d8d4
15,EulerE,longus7777,939,991,rn2k2r/pp3ppp/2p1pn2/8/1bBq4/1QN2P1P/PP1B1PP1/R3K2R b KQkq - 1 10,d1b3
15,EulerE,longus7777,939,991,rn2k2r/pp3ppp/2p1pn2/4q3/1bB5/1QN2P1P/PP1B1PP1/R3K2R w KQkq - 2 11,d4e5
15,EulerE,longus7777,939,991,rn2k2r/pp3ppp/2p1pn2/4q3/1b6/1QN2P1P/PP1BBPP1/R3K2R b KQkq - 3 11,c4e2
15,EulerE,longus7777,939,991,rn2k2r/pp3ppp/2p1pn2/4q3/8/1Qb2P1P/PP1BBPP1/R3K2R w KQkq - 0 12,b4c3
15,EulerE,longus7777,939,991,rn2k2r/pp3ppp/2p1pn2/4q3/8/1QB2P1P/PP2BPP1/R3K2R b KQkq - 0 12,d2c3
15,EulerE,longus7777,939,991,rn2k2r/pp3ppp/2p1pn2/3q4/8/1QB2P1P/PP2BPP1/R3K2R w KQkq - 1 13,e5d5
15,EulerE,longus7777,939,991,rn2k2r/pp3ppp/2p1pn2/3q4/2B5/1QB2P1P/PP3PP1/R3K2R b KQkq - 2 13,e2c4
15,EulerE,longus7777,939,991,rn1qk2r/pp3ppp/2p1pn2/8/2B5/1QB2P1P/PP3PP1/R3K2R w KQkq - 3 14,d5d8
15,EulerE,longus7777,939,991,rn1qk2r/pp3ppp/2p1pn2/8/2B5/1QB2P1P/PP3PP1/3RK2R b Kkq - 4 14,a1d1
15,EulerE,longus7777,939,991,r2qk2r/pp1n1ppp/2p1pn2/8/2B5/1QB2P1P/PP3PP1/3RK2R w Kkq - 5 15,b8d7
15,EulerE,longus7777,939,991,r2qk2r/pp1n1ppp/2p1Bn2/8/8/1QB2P1P/PP3PP1/3RK2R b Kkq - 0 15,c4e6
15,EulerE,longus7777,939,991,r2qk2r/pp1n2pp/2p1pn2/8/8/1QB2P1P/PP3PP1/3RK2R w Kkq - 0 16,f7e6
15,EulerE,longus7777,939,991,r2qk2r/pp1n2pp/2p1Qn2/8/8/2B2P1P/PP3PP1/3RK2R b Kkq - 0 16,b3e6
15,EulerE,longus7777,939,991,r3k2r/pp1nq1pp/2p1Qn2/8/8/2B2P1P/PP3PP1/3RK2R w Kkq - 1 17,d8e7
15,EulerE,longus7777,939,991,r3k2r/pp1nQ1pp/2p2n2/8/8/2B2P1P/PP3PP1/3RK2R b Kkq - 0 17,e6e7
15,EulerE,longus7777,939,991,r6r/pp1nk1pp/2p2n2/8/8/2B2P1P/PP3PP1/3RK2R w K - 0 18,e8e7
15,EulerE,longus7777,939,991,r6r/pp1nk1pp/2p2n2/8/8/2B2P1P/PP3PP1/3R1RK1 b - - 1 18,e1g1
15,EulerE,longus7777,939,991,3r3r/pp1nk1pp/2p2n2/8/8/2B2P1P/PP3PP1/3R1RK1 w - - 2 19,a8d8
15,EulerE,longus7777,939,991,3r3r/pp1nk1pp/2p2n2/8/8/2B2P1P/PP3PP1/3RR1K1 b - - 3 19,f1e1
15,EulerE,longus7777,939,991,3r3r/pp1n1kpp/2p2n2/8/8/2B2P1P/PP3PP1/3RR1K1 w - - 4 20,e7f7
15,EulerE,longus7777,939,991,3r3r/pp1n1kpp/2p2n2/8/6P1/2B2P1P/PP3P2/3RR1K1 b - - 0 20,g2g4
15,EulerE,longus7777,939,991,3rr3/pp1n1kpp/2p2n2/8/6P1/2B2P1P/PP3P2/3RR1K1 w - - 1 21,h8e8
15,EulerE,longus7777,939,991,3rr3/pp1n1kpp/2p2n2/8/6P1/2B2P1P/PP3PK1/3RR3 b - - 2 21,g1g2
15,EulerE,longus7777,939,991,3r4/pp1n1kpp/2p2n2/8/6P1/2B2P1P/PP3PK1/3Rr3 w - - 0 22,e8e1
15,EulerE,longus7777,939,991,3r4/pp1n1kpp/2p2n2/8/6P1/2B2P1P/PP3PK1/4R3 b - - 0 22,d1e1
15,EulerE,longus7777,939,991,4r3/pp1n1kpp/2p2n2/8/6P1/2B2P1P/PP3PK1/4R3 w - - 1 23,d8e8
15,EulerE,longus7777,939,991,4r3/pp1n1kpp/2p2n2/8/6P1/2B2P1P/PP3PK1/3R4 b - - 2 23,e1d1
15,EulerE,longus7777,939,991,4r3/pp1n1kpp/2p5/3n4/6P1/2B2P1P/PP3PK1/3R4 w - - 3 24,f6d5
15,EulerE,longus7777,939,991,4r3/pp1n1kpp/2p5/3n4/3B2P1/5P1P/PP3PK1/3R4 b - - 4 24,c3d4
15,EulerE,longus7777,939,991,4r3/pp3kpp/1np5/3n4/3B2P1/5P1P/PP3PK1/3R4 w - - 5 25,d7b6
15,EulerE,longus7777,939,991,4r3/pp3kpp/1np5/3n4/3B2P1/5PKP/PP3P2/3R4 b - - 6 25,g2g3
15,EulerE,longus7777,939,991,4r3/pp3kpp/2p5/3n4/2nB2P1/5PKP/PP3P2/3R4 w - - 7 26,b6c4
15,EulerE,longus7777,939,991,4r3/pp3kpp/2p5/3n4/2nB2P1/1P3PKP/P4P2/3R4 b - - 0 26,b2b3
15,EulerE,longus7777,939,991,4r3/pp3kpp/1np5/3n4/3B2P1/1P3PKP/P4P2/3R4 w - - 1 27,c4b6
15,EulerE,longus7777,939,991,4r3/pp3kpp/1np5/3n4/3B1PP1/1P4KP/P4P2/3R4 b - - 0 27,f3f4
15,EulerE,longus7777,939,991,4r3/pp3k1p/1np3p1/3n4/3B1PP1/1P4KP/P4P2/3R4 w - - 0 28,g7g6
15,EulerE,longus7777,939,991,4r3/pp3k1p/1np3p1/3n4/3B1PPK/1P5P/P4P2/3R4 b - - 1 28,g3h4
15,EulerE,longus7777,939,991,4r3/pp3k2/1np3pp/3n4/3B1PPK/1P5P/P4P2/3R4 w - - 0 29,h7h6
15,EulerE,longus7777,939,991,4r3/pp3k2/1np3pp/3n2P1/3B1P1K/1P5P/P4P2/3R4 b - - 0 29,g4g5
15,EulerE,longus7777,939,991,4r3/pp3k2/1np3p1/3n2Pp/3B1P1K/1P5P/P4P2/3R4 w - - 0 30,h6h5
15,EulerE,longus7777,939,991,4r3/pp3k2/1np3p1/3nB1Pp/5P1K/1P5P/P4P2/3R4 b - - 1 30,d4e5
15,EulerE,longus7777,939,991,4r3/pp1n1k2/2p3p1/3nB1Pp/5P1K/1P5P/P4P2/3R4 w - - 2 31,b6d7
15,EulerE,longus7777,939,991,4r3/pp1n1k2/2p3p1/3nB1Pp/P4P1K/1P5P/5P2/3R4 b - - 0 31,a2a4
15,EulerE,longus7777,939,991,4r3/pp3k2/2p3p1/3nn1Pp/P4P1K/1P5P/5P2/3R4 w - - 0 32,d7e5
15,EulerE,longus7777,939,991,4r3/pp3k2/2p3p1/3nP1Pp/P6K/1P5P/5P2/3R4 b - - 0 32,f4e5
15,EulerE,longus7777,939,991,8/pp3k2/2p3p1/3nr1Pp/P6K/1P5P/5P2/3R4 w - - 0 33,e8e5
15,EulerE,longus7777,939,991,8/pp3k2/2p3p1/3nr1Pp/P4P1K/1P5P/8/3R4 b - - 0 33,f2f4
15,EulerE,longus7777,939,991,8/pp3k2/2p3p1/3n2Pp/P3rP1K/1P5P/8/3R4 w - - 1 34,e5e4
15,EulerE,longus7777,939,991,8/pp3k2/2p3p1/3n2Pp/P3rP2/1P4KP/8/3R4 b - - 2 34,h4g3
15,EulerE,longus7777,939,991,8/pp3k2/2p3p1/3n2Pp/P4r2/1P4KP/8/3R4 w - - 0 35,e4f4
15,EulerE,longus7777,939,991,8/pp3k2/2p3p1/3R2Pp/P4r2/1P4KP/8/8 b - - 0 35,d1d5
15,EulerE,longus7777,939,991,8/pp3k2/6p1/3p2Pp/P4r2/1P4KP/8/8 w - - 0 36,c6d5
15,EulerE,longus7777,939,991,8/pp3k2/6p1/3p2Pp/P4K2/1P5P/8/8 b - - 0 36,g3f4
15,EulerE,longus7777,939,991,8/pp6/4k1p1/3p2Pp/P4K2/1P5P/8/8 w - - 1 37,f7e6
15,EulerE,longus7777,939,991,8/pp6/4k1p1/3p2Pp/PP3K2/7P/8/8 b - - 0 37,b3b4
15,EulerE,longus7777,939,991,8/p7/1p2k1p1/3p2Pp/PP3K2/7P/8/8 w - - 0 38,b7b6
15,EulerE,longus7777,939,991,8/p7/1p2k1p1/P2p2Pp/1P3K2/7P/8/8 b - - 0 38,a4a5
15,EulerE,longus7777,939,991,8/p7/4k1p1/Pp1p2Pp/1P3K2/7P/8/8 w - - 0 39,b6b5
15,EulerE,longus7777,939,991,8/p7/4k1p1/Pp1p2Pp/1P3K1P/8/8/8 b - - 0 39,h3h4
15,EulerE,longus7777,939,991,8/8/p3k1p1/Pp1p2Pp/1P3K1P/8/8/8 w - - 0 40,a7a6
15,EulerE,longus7777,939,991,8/8/p3k1p1/Pp1p2Pp/1P5P/4K3/8/8 b - - 1 40,f4e3
15,EulerE,longus7777,939,991,8/8/p5p1/Pp1pk1Pp/1P5P/4K3/8/8 w - - 2 41,e6e5
15,EulerE,longus7777,939,991,8/8/p5p1/Pp1pk1Pp/1P5P/3K4/8/8 b - - 3 41,e3d3
15,EulerE,longus7777,939,991,8/8/p5p1/Pp2k1Pp/1P1p3P/3K4/8/8 w - - 0 42,d5d4
15,EulerE,longus7777,939,991,8/8/p5p1/Pp2k1Pp/1P1p3P/8/3K4/8 b - - 1 42,d3d2
15,EulerE,longus7777,939,991,8/8/p5p1/Pp4Pp/1P1pk2P/8/3K4/8 w - - 2 43,e5e4
15,EulerE,longus7777,939,991,8/8/p5p1/Pp4Pp/1P1pk2P/8/8/3K4 b - - 3 43,d2d1
15,EulerE,longus7777,939,991,8/8/p5p1/Pp4Pp/1P1p3P/4k3/8/3K4 w - - 4 44,e4e3
15,EulerE,longus7777,939,991,8/8/p5p1/Pp4Pp/1P1p3P/4k3/2K5/8 b - - 5 44,d1c2
15,EulerE,longus7777,939,991,8/8/p5p1/Pp4Pp/1P5P/3pk3/2K5/8 w - - 0 45,d4d3
15,EulerE,longus7777,939,991,8/8/p5p1/Pp4Pp/1P5P/3pk3/8/3K4 b - - 1 45,c2d1
15,EulerE,longus7777,939,991,8/8/p5p1/Pp4Pp/1P5P/4k3/3p4/3K4 w - - 0 46,d3d2
15,EulerE,longus7777,939,991,8/8/p5p1/Pp4Pp/1P5P/4k3/2Kp4/8 b - - 1 46,d1c2
15,EulerE,longus7777,939,991,8/8/p5p1/Pp4Pp/1P5P/8/2Kpk3/8 w - - 2 47,e3e2
16,Ivanskate,EulerE,924,947,rnbqkbnr/pppppppp/8/8/4P3/8/PPPP1PPP/RNBQKBNR b KQkq - 0 1,e2e4
16,Ivanskate,EulerE,924,947,rnbqkbnr/pppp1ppp/8/4p3/4P3/8/PPPP1PPP/RNBQKBNR w KQkq - 0 2,e7e5
16,Ivanskate,EulerE,924,947,rnbqkbnr/pppp1ppp/8/4p3/4P3/5N2/PPPP1PPP/RNBQKB1R b KQkq - 1 2,g1f3
16,Ivanskate,EulerE,924,947,r1bqkbnr/pppp1ppp/2n5/4p3/4P3/5N2/PPPP1PPP/RNBQKB1R w KQkq - 2 3,b8c6
16,Ivanskate,EulerE,924,947,r1bqkbnr/pppp1ppp/2n5/4p3/2B1P3/5N2/PPPP1PPP/RNBQK2R b KQkq - 3 3,f1c4
16,Ivanskate,EulerE,924,947,r1bqk1nr/pppp1ppp/2n5/2b1p3/2B1P3/5N2/PPPP1PPP/RNBQK2R w KQkq - 4 4,f8c5
16,Ivanskate,EulerE,924,947,r1bqk1nr/pppp1ppp/2n5/2b1p3/2BPP3/5N2/PPP2PPP/RNBQK2R b KQkq - 0 4,d2d4
16,Ivanskate,EulerE,924,947,r1bqk1nr/pppp1ppp/2n5/2b5/2BpP3/5N2/PPP2PPP/RNBQK2R w KQkq - 0 5,e5d4
16,Ivanskate,EulerE,924,947,r1bqk1nr/pppp1ppp/2n5/2b3N1/2BpP3/8/PPP2PPP/RNBQK2R b KQkq - 1 5,f3g5
16,Ivanskate,EulerE,924,947,r1bqk2r/pppp1ppp/2n2n2/2b3N1/2BpP3/8/PPP2PPP/RNBQK2R w KQkq - 2 6,g8f6
16,Ivanskate,EulerE,924,947,r1bqk2r/pppp1Npp/2n2n2/2b5/2BpP3/8/PPP2PPP/RNBQK2R b KQkq - 0 6,g5f7
16,Ivanskate,EulerE,924,947,r1b1k2r/ppppqNpp/2n2n2/2b5/2BpP3/8/PPP2PPP/RNBQK2R w KQkq - 1 7,d8e7
16,Ivanskate,EulerE,924,947,r1b1k2N/ppppq1pp/2n2n2/2b5/2BpP3/8/PPP2PPP/RNBQK2R b KQq - 0 7,f7h8
16,Ivanskate,EulerE,924,947,r1b1k2N/1pppq1pp/p1n2n2/2b5/2BpP3/8/PPP2PPP/RNBQK2R w KQq - 0 8,a7a6
16,Ivanskate,EulerE,924,947,r1b1k2N/1pppqBpp/p1n2n2/2b5/3pP3/8/PPP2PPP/RNBQK2R b KQq - 1 8,c4f7
16,Ivanskate,EulerE,924,947,r1b2k1N/1pppqBpp/p1n2n2/2b5/3pP3/8/PPP2PPP/RNBQK2R w KQ - 2 9,e8f8
16,Ivanskate,EulerE,924,947,r1b2k1N/1pppq1pp/p1n2n2/2b5/2BpP3/8/PPP2PPP/RNBQK2R b KQ - 3 9,f7c4
16,Ivanskate,EulerE,924,947,r1b2k1N/2ppq1pp/p1n2n2/1pb5/2BpP3/8/PPP2PPP/RNBQK2R w KQ - 0 10,b7b5
16,Ivanskate,EulerE,924,947,r1b2k1N/2ppq1pp/p1n2n2/1pbB4/3pP3/8/PPP2PPP/RNBQK2R b KQ - 1 10,c4d5
16,Ivanskate,EulerE,924,947,r1b2k1N/2ppq1pp/p1n5/1pbn4/3pP3/8/PPP2PPP/RNBQK2R w KQ - 0 11,f6d5
16,Ivanskate,EulerE,924,947,r1b2k1N/2ppq1pp/p1n5/1pbn4/3pP3/8/PPP2PPP/RNBQ1RK1 b - - 1 11,e1g1
16,Ivanskate,EulerE,924,947,r1b2k1N/2ppq1pp/p1n2n2/1pb5/3pP3/8/PPP2PPP/RNBQ1RK1 w - - 2 12,d5f6
16,Ivanskate,EulerE,924,947,r1b2k1N/2ppq1pp/p1n2n2/1pb3B1/3pP3/8/PPP2PPP/RN1Q1RK1 b - - 3 12,c1g5
16,Ivanskate,EulerE,924,947,r1b3kN/2ppq1pp/p1n2n2/1pb3B1/3pP3/8/PPP2PPP/RN1Q1RK1 w - - 4 13,f8g8
16,Ivanskate,EulerE,924,947,r1b3kN/2ppq1pp/p1n2n2/1pb1P1B1/3p4/8/PPP2PPP/RN1Q1RK1 b - - 0 13,e4e5
16,Ivanskate,EulerE,924,947,r1b4k/2ppq1pp/p1n2n2/1pb1P1B1/3p4/8/PPP2PPP/RN1Q1RK1 w - - 0 14,g8h8
16,Ivanskate,EulerE,924,947,r1b4k/2ppq1pp/p1n2P2/1pb3B1/3p4/8/PPP2PPP/RN1Q1RK1 b - - 0 14,e5f6
16,Ivanskate,EulerE,924,947,r1b4k/2ppq2p/p1n2p2/1pb3B1/3p4/8/PPP2PPP/RN1Q1RK1 w - - 0 15,g7f6
16,Ivanskate,EulerE,924,947,r1b4k/2ppq2p/p1n2p2/1pb3B1/3p4/8/PPP2PPP/RN1QR1K1 b - - 1 15,f1e1
16,Ivanskate,EulerE,924,947,r1b4k/2pp2qp/p1n2p2/1pb3B1/3p4/8/PPP2PPP/RN1QR1K1 w - - 2 16,e7g7
16,Ivanskate,EulerE,924,947,r1b1R2k/2pp2qp/p1n2p2/1pb3B1/3p4/8/PPP2PPP/RN1Q2K1 b - - 3 16,e1e8
16,Ivanskate,EulerE,924,947,r1b1Rb1k/2pp2qp/p1n2p2/1p4B1/3p4/8/PPP2PPP/RN1Q2K1 w - - 4 17,c5f8
16,Ivanskate,EulerE,924,947,r1b1Rb1k/2pp2qp/p1n2p2/1p6/3p1B2/8/PPP2PPP/RN1Q2K1 b - - 5 17,g5f4
16,Ivanskate,EulerE,924,947,r3Rb1k/1bpp2qp/p1n2p2/1p6/3p1B2/8/PPP2PPP/RN1Q2K1 w - - 6 18,c8b7
16,Ivanskate,EulerE,924,947,r3Rb1k/1bpp2qp/p1n2p2/1p6/3p1B2/8/PPPN1PPP/R2Q2K1 b - - 7 18,b1d2
16,Ivanskate,EulerE,924,947,4rb1k/1bpp2qp/p1n2p2/1p6/3p1B2/8/PPPN1PPP/R2Q2K1 w - - 0 19,a8e8
16,Ivanskate,EulerE,924,947,4rb1k/1bBp2qp/p1n2p2/1p6/3p4/8/PPPN1PPP/R2Q2K1 b - - 0 19,f4c7
16,Ivanskate,EulerE,924,947,2r2b1k/1bBp2qp/p1n2p2/1p6/3p4/8/PPPN1PPP/R2Q2K1 w - - 1 20,e8c8
16,Ivanskate,EulerE,924,947,2r2b1k/1b1p2qp/pBn2p2/1p6/3p4/8/PPPN1PPP/R2Q2K1 b - - 2 20,c7b6
16,Ivanskate,EulerE,924,947,2r4k/1b1p2qp/pBnb1p2/1p6/3p4/8/PPPN1PPP/R2Q2K1 w - - 3 21,f8d6
16,Ivanskate,EulerE,924,947,2r4k/1b1p2qp/pBnb1p2/1p6/3p4/6P1/PPPN1P1P/R2Q2K1 b - - 0 21,g2g3
16,Ivanskate,EulerE,924,947,6rk/1b1p2qp/pBnb1p2/1p6/3p4/6P1/PPPN1P1P/R2Q2K1 w - - 1 22,c8g8
16,Ivanskate,EulerE,924,947,6rk/1b1p2qp/pBnb1p2/1p6/3pN3/6P1/PPP2P1P/R2Q2K1 b - - 2 22,d2e4
16,Ivanskate,EulerE,924,947,1b4rk/1b1p2qp/pBn2p2/1p6/3pN3/6P1/PPP2P1P/R2Q2K1 w - - 3 23,d6b8
16,Ivanskate,EulerE,924,947,1b4rk/1b1p2qp/pBn2p2/1p6/P2pN3/6P1/1PP2P1P/R2Q2K1 b - - 0 23,a2a4
16,Ivanskate,EulerE,924,947,1b4rk/1b1p2qp/pB3p2/1p2n3/P2pN3/6P1/1PP2P1P/R2Q2K1 w - - 1 24,c6e5
16,Ivanskate,EulerE,924,947,1b4rk/1b1p2qp/p4p2/1p2n3/P2BN3/6P1/1PP2P1P/R2Q2K1 b - - 0 24,b6d4
16,Ivanskate,EulerE,924,947,1b4rk/3p2qp/p4p2/1p2n3/P2Bb3/6P1/1PP2P1P/R2Q2K1 w - - 0 25,b7e4
16,Ivanskate,EulerE,924,947,1b4rk/3p2qp/p4p2/1p2n3/P2Bb3/6P1/1PP2P1P/R3Q1K1 b - - 1 25,d1e1
16,Ivanskate,EulerE,924,947,1b4rk/3p2qp/p4p2/1p6/P2Bb3/5nP1/1PP2P1P/R3Q1K1 w - - 2 26,e5f3
16,Ivanskate,EulerE,924,947,1b4rk/3p2qp/p4p2/1p6/P2Bb3/5nP1/1PP2P1P/R3QK2 b - - 3 26,g1f1
16,Ivanskate,EulerE,924,947,1b4rk/3p2qp/p4p2/1p6/P2Bb3/6P1/1PP2P1P/R3nK2 w - - 0 27,f3e1
16,Ivanskate,EulerE,924,947,1b4rk/3p2qp/p4p2/1p6/P2Bb3/6P1/1PP2P1P/4RK2 b - - 0 27,a1e1
16,Ivanskate,EulerE,924,947,1b4rk/3p2qp/p1b2p2/1p6/P2B4/6P1/1PP2P1P/4RK2 w - - 1 28,e4c6
16,Ivanskate,EulerE,924,947,1b4rk/3p2qp/p1b2p2/1p6/P2B3P/6P1/1PP2P2/4RK2 b - - 0 28,h2h4
16,Ivanskate,EulerE,924,947,1b4rk/3p2qp/p1b2p2/8/p2B3P/6P1/1PP2P2/4RK2 w - - 0 29,b5a4
16,Ivanskate,EulerE,924,947,1b4rk/3p2qp/p1b2p2/8/p2B3P/1P4P1/2P2P2/4RK2 b - - 0 29,b2b3
16,Ivanskate,EulerE,924,947,1b4rk/3p2qp/p1b2p2/8/3B3P/1p4P1/2P2P2/4RK2 w - - 0 30,a4b3
16,Ivanskate,EulerE,924,947,1b4rk/3p2qp/p1b2p2/8/3B3P/1P4P1/5P2/4RK2 b - - 0 30,c2b3
16,Ivanskate,EulerE,924,947,1b4rk/3p2qp/p4p2/1b6/3B3P/1P4P1/5P2/4RK2 w - - 1 31,c6b5
16,Ivanskate,EulerE,924,947,1b4rk/3p2qp/p4p2/1b6/3B3P/1P4P1/5PK1/4R3 b - - 2 31,f1g2
16,Ivanskate,EulerE,924,947,1b4rk/3p3p/p4p2/1b6/3B2qP/1P4P1/5PK1/4R3 w - - 3 32,g7g4
16,Ivanskate,EulerE,924,947,1b4rk/3p3p/p4p2/1b6/6qP/1P2B1P1/5PK1/4R3 b - - 4 32,d4e3
16,Ivanskate,EulerE,924,947,1b4rk/3p3p/p4p2/1b6/4q2P/1P2B1P1/5PK1/4R3 w - - 5 33,g4e4
16,Ivanskate,EulerE,924,947,1b4rk/3p3p/p4p2/1b6/4q2P/1P2B1P1/5P1K/4R3 b - - 6 33,g2h2
16,Ivanskate,EulerE,924,947,1b4rk/3p3p/p1b2p2/8/4q2P/1P2B1P1/5P1K/4R3 w - - 7 34,b5c6
16,Ivanskate,EulerE,924,947,1b4rk/3p3p/p1b2p2/8/4q2P/1P2B1P1/5P1K/6R1 b - - 8 34,e1g1
16,Ivanskate,EulerE,924,947,6rk/3p3p/p1b2p2/8/4q2P/1P2B1b1/5P1K/6R1 w - - 0 35,b8g3
16,Ivanskate,EulerE,924,947,6rk/3p3p/p1b2p2/8/4q2P/1P2B1P1/7K/6R1 b - - 0 35,f2g3
16,Ivanskate,EulerE,924,947,6rk/3p3p/p1b2p2/8/7P/1P2q1P1/7K/6R1 w - - 0 36,e4e3
16,Ivanskate,EulerE,924,947,6rk/3p3p/p1b2p2/8/1P5P/4q1P1/7K/6R1 b - - 0 36,b3b4
16,Ivanskate,EulerE,924,947,6rk/3p3p/p1b2p2/8/1P5P/6P1/5q1K/6R1 w - - 1 37,e3f2
16,Ivanskate,EulerE,924,947,6rk/3p3p/p1b2p2/8/1P5P/6P1/5qRK/8 b - - 2 37,g1g2
16,Ivanskate,EulerE,924,947,6rk/3p3p/p1b2p2/8/1P5P/6P1/6qK/8 w - - 0 38,f2g2
17,EulerE,leozoni,939,961,rnbqkbnr/pppppppp/8/8/3P4/8/PPP1PPPP/RNBQKBNR b KQkq - 0 1,d2d4
17,EulerE,leozoni,939,961,rnbqkbnr/ppp1pppp/8/3p4/3P4/8/PPP1PPPP/RNBQKBNR w KQkq - 0 2,d7d5
17,EulerE,leozoni,939,961,rnbqkbnr/ppp1pppp/8/3p4/2PP4/8/PP2PPPP/RNBQKBNR b KQkq - 0 2,c2c4
17,EulerE,leozoni,939,961,rnbqkb1r/ppp1pppp/5n2/3p4/2PP4/8/PP2PPPP/RNBQKBNR w KQkq - 1 3,g8f6
17,EulerE,leozoni,939,961,rnbqkb1r/ppp1pppp/5n2/3p4/2PP4/2N5/PP2PPPP/R1BQKBNR b KQkq - 2 3,b1c3
17,EulerE,leozoni,939,961,rn1qkb1r/ppp1pppp/5n2/3p1b2/2PP4/2N5/PP2PPPP/R1BQKBNR w KQkq - 3 4,c8f5
17,EulerE,leozoni,939,961,rn1qkb1r/ppp1pppp/5n2/3p1b2/2PP4/2N2N2/PP2PPPP/R1BQKB1R b KQkq - 4 4,g1f3
17,EulerE,leozoni,939,961,rn1qkb1r/pp2pppp/2p2n2/3p1b2/2PP4/2N2N2/PP2PPPP/R1BQKB1R w KQkq - 0 5,c7c6
17,EulerE,leozoni,939,961,rn1qkb1r/pp2pppp/2p2n2/3p1b2/2PP4/2N2N1P/PP2PPP1/R1BQKB1R b KQkq - 0 5,h2h3
17,EulerE,leozoni,939,961,rn1qkb1r/pp2ppp1/2p2n1p/3p1b2/2PP4/2N2N1P/PP2PPP1/R1BQKB1R w KQkq - 0 6,h7h6
17,EulerE,leozoni,939,961,rn1qkb1r/pp2ppp1/2p2n1p/3p1b2/2PP2P1/2N2N1P/PP2PP2/R1BQKB1R b KQkq - 0 6,g2g4
17,EulerE,leozoni,939,961,rn1qkb1r/pp2ppp1/2p2nbp/3p4/2PP2P1/2N2N1P/PP2PP2/R1BQKB1R w KQkq - 1 7,f5g6
17,EulerE,leozoni,939,961,rn1qkb1r/pp2ppp1/2p2nbp/3p4/2PP2PN/2N4P/PP2PP2/R1BQKB1R b KQkq - 2 7,f3h4
17,EulerE,leozoni,939,961,rn1qkb1r/pp2pppb/2p2n1p/3p4/2PP2PN/2N4P/PP2PP2/R1BQKB1R w KQkq - 3 8,g6h7
17,EulerE,leozoni,939,961,rn1qkb1r/pp2pppb/2p2n1p/3p4/2PP2PN/2N4P/PP2PPB1/R1BQK2R b KQkq - 4 8,f1g2
17,EulerE,leozoni,939,961,rn1qkb1r/pp3ppb/2p1pn1p/3p4/2PP2PN/2N4P/PP2PPB1/R1BQK2R w KQkq - 0 9,e7e6
17,EulerE,leozoni,939,961,rn1qkb1r/pp3ppb/2p1pn1p/3p4/2PP2PN/2N4P/PP2PPB1/R1BQ1RK1 b kq - 1 9,e1g1
17,EulerE,leozoni,939,961,rn1qkb1r/pp3ppb/2p1p2p/3p4/2PP2nN/2N4P/PP2PPB1/R1BQ1RK1 w kq - 0 10,f6g4
17,EulerE,leozoni,939,961,rn1qkb1r/pp3ppb/2p1p2p/3p4/2PP2PN/2N5/PP2PPB1/R1BQ1RK1 b kq - 0 10,h3g4
17,EulerE,leozoni,939,961,rn2kb1r/pp3ppb/2p1p2p/3p4/2PP2Pq/2N5/PP2PPB1/R1BQ1RK1 w kq - 0 11,d8h4
17,EulerE,leozoni,939,961,rn2kb1r/pp3ppb/2p1p2p/2Pp4/3P2Pq/2N5/PP2PPB1/R1BQ1RK1 b kq - 0 11,c4c5
17,EulerE,leozoni,939,961,rn2kb1r/pp3ppb/2p1p2p/2Pp4/3P2q1/2N5/PP2PPB1/R1BQ1RK1 w kq - 0 12,h4g4
17,EulerE,leozoni,939,961,rn2kb1r/pp3ppb/2p1p2p/2Pp4/3P2q1/2N1P3/PP3PB1/R1BQ1RK1 b kq - 0 12,e2e3
17,EulerE,leozoni,939,961,rn2kb1r/pp3ppb/2p1p2p/2Pp4/3P3q/2N1P3/PP3PB1/R1BQ1RK1 w kq - 1 13,g4h4
17,EulerE,leozoni,939,961,rn2kb1r/pp3ppb/2p1p2p/2Pp4/3P3q/2N1PQ2/PP3PB1/R1B2RK1 b kq - 2 13,d1f3
17,EulerE,leozoni,939,961,rn2kb1r/pp3pp1/2p1p2p/2Pp4/3Pb2q/2N1PQ2/PP3PB1/R1B2RK1 w kq - 3 14,h7e4
17,EulerE,leozoni,939,961,rn2kb1r/pp3pp1/2p1p2p/2Pp4/3Pb2q/2N1P2Q/PP3PB1/R1B2RK1 b kq - 4 14,f3h3
17,EulerE,leozoni,939,961,rn2kb1r/pp3pp1/2p1p2p/2Pp2q1/3Pb3/2N1P2Q/PP3PB1/R1B2RK1 w kq - 5 15,h4g5
17,EulerE,leozoni,939,961,rn2kb1r/pp3pp1/2p1p2p/2Pp2q1/3PN3/4P2Q/PP3PB1/R1B2RK1 b kq - 0 15,c3e4
17,EulerE,leozoni,939,961,rn2kb1r/pp3pp1/2p1p2p/2P3q1/3Pp3/4P2Q/PP3PB1/R1B2RK1 w kq - 0 16,d5e4
17,EulerE,leozoni,939,961,rn2kb1r/pp3pp1/2p1p2p/2P3q1/3Pp3/4P2Q/PP3PB1/R1B2R1K b kq - 1 16,g1h1
17,EulerE,leozoni,939,961,r3kb1r/pp1n1pp1/2p1p2p/2P3q1/3Pp3/4P2Q/PP3PB1/R1B2R1K w kq - 2 17,b8d7
17,EulerE,leozoni,939,961,r3kb1r/pp1n1pp1/2p1p2p/2P3q1/3Pp3/4P2Q/PP3PB1/R1B3RK b kq - 3 17,f1g1
17,EulerE,leozoni,939,961,r3kb1r/pp1n1pp1/2p1p2p/2P2q2/3Pp3/4P2Q/PP3PB1/R1B3RK w kq - 4 18,g5f5
17,EulerE,leozoni,939,961,r3kb1r/pp1n1pp1/2p1p2p/2P2Q2/3Pp3/4P3/PP3PB1/R1B3RK b kq - 0 18,h3f5
17,EulerE,leozoni,939,961,r3kb1r/pp1n1pp1/2p4p/2P2p2/3Pp3/4P3/PP3PB1/R1B3RK w kq - 0 19,e6f5
17,EulerE,leozoni,939,961,r3kb1r/pp1n1pp1/2p4p/2P2p2/3Pp3/4PP2/PP4B1/R1B3RK b kq - 0 19,f2f3
17,EulerE,leozoni,939,961,r3kb1r/pp3pp1/2p2n1p/2P2p2/3Pp3/4PP2/PP4B1/R1B3RK w kq - 1 20,d7f6
17,EulerE,leozoni,939,961,r3kb1r/pp3pp1/2p2n1p/2P2p2/3Pp3/4PP1B/PP6/R1B3RK b kq - 2 20,g2h3
17,EulerE,leozoni,939,961,r3kb1r/pp3p2/2p2npp/2P2p2/3Pp3/4PP1B/PP6/R1B3RK w kq - 0 21,g7g6
17,EulerE,leozoni,939,961,r3kb1r/pp3p2/2p2npp/2P2p2/3PpP2/4P2B/PP6/R1B3RK b kq - 0 21,f3f4
17,EulerE,leozoni,939,961,r3k2r/pp2bp2/2p2npp/2P2p2/3PpP2/4P2B/PP6/R1B3RK w kq - 1 22,f8e7
17,EulerE,leozoni,939,961,r3k2r/pp2bp2/2p2npp/2P2p2/3PpP2/4P2B/PP1B4/R5RK b kq - 2 22,c1d2
17,EulerE,leozoni,939,961,r3k2r/pp2bp2/2p2np1/2P2p1p/3PpP2/4P2B/PP1B4/R5RK w kq - 0 23,h6h5
17,EulerE,leozoni,939,961,r3k2r/pp2bp2/2p2np1/2P2p1p/1P1PpP2/4P2B/P2B4/R5RK b kq - 0 23,b2b4
17,EulerE,leozoni,939,961,r3k2r/pp1nbp2/2p3p1/2P2p1p/1P1PpP2/4P2B/P2B4/R5RK w kq - 1 24,f6d7
17,EulerE,leozoni,939,961,r3k2r/pp1nbp2/2p3p1/2P2p1p/1P1PpP2/4P2B/P7/R3B1RK b kq - 2 24,d2e1
17,EulerE,leozoni,939,961,2kr3r/pp1nbp2/2p3p1/2P2p1p/1P1PpP2/4P2B/P7/R3B1RK w - - 3 25,e8c8
17,EulerE,leozoni,939,961,2kr3r/pp1nbp2/2p3p1/2P2p1p/PP1PpP2/4P2B/8/R3B1RK b - - 0 25,a2a4
17,EulerE,leozoni,939,961,2k3rr/pp1nbp2/2p3p1/2P2p1p/PP1PpP2/4P2B/8/R3B1RK w - - 1 26,d8g8
17,EulerE,leozoni,939,961,2k3rr/pp1nbp2/2p3p1/1PP2p1p/P2PpP2/4P2B/8/R3B1RK b - - 0 26,b4b5
17,EulerE,leozoni,939,961,1nk3rr/pp2bp2/2p3p1/1PP2p1p/P2PpP2/4P2B/8/R3B1RK w - - 1 27,d7b8
17,EulerE,leozoni,939,961,1nk3rr/pp2bp2/2p3p1/1PP2p1p/P2PpP2/4P2B/3B4/R5RK b - - 2 27,e1d2
17,EulerE,leozoni,939,961,1n4rr/ppk1bp2/2p3p1/1PP2p1p/P2PpP2/4P2B/3B4/R5RK w - - 3 28,c8c7
17,EulerE,leozoni,939,961,1n4rr/ppk1bp2/2p3p1/BPP2p1p/P2PpP2/4P2B/8/R5RK b - - 4 28,d2a5
17,EulerE,leozoni,939,961,1nk3rr/pp2bp2/2p3p1/BPP2p1p/P2PpP2/4P2B/8/R5RK w - - 5 29,c7c8
17,EulerE,leozoni,939,961,1nk3rr/pp2bp2/1Pp3p1/B1P2p1p/P2PpP2/4P2B/8/R5RK b - - 0 29,b5b6
17,EulerE,leozoni,939,961,1nk3rr/1p2bp2/pPp3p1/B1P2p1p/P2PpP2/4P2B/8/R5RK w - - 0 30,a7a6
17,EulerE,leozoni,939,961,1nk3rr/1p2bp2/pPp3p1/B1P2p1p/P2PpP2/4P2B/6R1/R6K b - - 1 30,g1g2
17,EulerE,leozoni,939,961,2k3rr/1p1nbp2/pPp3p1/B1P2p1p/P2PpP2/4P2B/6R1/R6K w - - 2 31,b8d7
17,EulerE,leozoni,939,961,2k3rr/1p1nbp2/pPp3p1/B1P2p1p/P2PpP2/4P2B/6R1/6RK b - - 3 31,a1g1
17,EulerE,leozoni,939,961,2k3r1/1p1nbp2/pPp3pr/B1P2p1p/P2PpP2/4P2B/6R1/6RK w - - 4 32,h8h6
17,EulerE,leozoni,939,961,2k3r1/1p1nbp2/pPp3pr/2P2p1p/P2PpP2/4P2B/3B2R1/6RK b - - 5 32,a5d2
17,EulerE,leozoni,939,961,2k3r1/1p2bp2/pPp2npr/2P2p1p/P2PpP2/4P2B/3B2R1/6RK w - - 6 33,d7f6
17,EulerE,leozoni,939,961,2k3r1/1p2bp2/pPp2npr/P1P2p1p/3PpP2/4P2B/3B2R1/6RK b - - 0 33,a4a5
17,EulerE,leozoni,939,961,2k3r1/1p2bp2/pPp3pr/P1Pn1p1p/3PpP2/4P2B/3B2R1/6RK w - - 1 34,f6d5
17,EulerE,leozoni,939,961,2k3r1/1p2bp2/pPp3pr/P1Pn1p1p/3PpP2/4P2B/6R1/2B3RK b - - 2 34,d2c1
17,EulerE,leozoni,939,961,2k3r1/1p2bp2/pPp3pr/P1P2p1p/3PpP2/2n1P2B/6R1/2B3RK w - - 3 35,d5c3
17,EulerE,leozoni,939,961,2k3r1/1p2bp2/pPp3pr/P1P2p1p/3PpP2/2n1P2B/3B2R1/6RK b - - 4 35,c1d2
17,EulerE,leozoni,939,961,2k3r1/1p2bp2/pPp3pr/PnP2p1p/3PpP2/4P2B/3B2R1/6RK w - - 5 36,c3b5
17,EulerE,leozoni,939,961,2k3r1/1p2bp2/pPp3pr/PnP2p1p/3PpP2/4P2B/6R1/2B3RK b - - 6 36,d2c1
17,EulerE,leozoni,939,961,2k3r1/1p2bp2/pPp4r/PnP2ppp/3PpP2/4P2B/6R1/2B3RK w - - 0 37,g6g5
17,EulerE,leozoni,939,961,2k3r1/1p2bp2/pPp4r/PnP2pPp/3Pp3/4P2B/6R1/2B3RK b - - 0 37,f4g5
17,EulerE,leozoni,939,961,2k3r1/1p2bp2/pPp3r1/PnP2pPp/3Pp3/4P2B/6R1/2B3RK w - - 1 38,h6g6
17,EulerE,leozoni,939,961,2k3r1/1p2bp2/pPp3r1/PnP2BPp/3Pp3/4P3/6R1/2B3RK b - - 0 38,h3f5
17,EulerE,leozoni,939,961,3k2r1/1p2bp2/pPp3r1/PnP2BPp/3Pp3/4P3/6R1/2B3RK w - - 1 39,c8d8
17,EulerE,leozoni,939,961,3k2r1/1p2bp2/pPp3B1/PnP3Pp/3Pp3/4P3/6R1/2B3RK b - - 0 39,f5g6
17,EulerE,leozoni,939,961,3k4/1p2bp2/pPp3r1/PnP3Pp/3Pp3/4P3/6R1/2B3RK w - - 0 40,g8g6
17,EulerE,leozoni,939,961,3k4/1p2bp2/pPp3r1/PnP3Pp/3Pp3/4P3/3B2R1/6RK b - - 1 40,c1d2
17,EulerE,leozoni,939,961,3k4/1p2bp2/pPp3r1/P1P3Pp/3Pp3/n3P3/3B2R1/6RK w - - 2 41,b5a3
17,EulerE,leozoni,939,961,3k4/1p2bp2/pPp3r1/P1P3Pp/1B1Pp3/n3P3/6R1/6RK b - - 3 41,d2b4
17,EulerE,leozoni,939,961,3k4/1p2bp2/pPp3r1/P1P3Pp/1B1Pp3/4P3/2n3R1/6RK w - - 4 42,a3c2
17,EulerE,leozoni,939,961,3k4/1p2bp2/pPp3r1/P1P3Pp/3Pp3/4P3/2nB2R1/6RK b - - 5 42,b4d2
17,EulerE,leozoni,939,961,3k4/1p2bp2/pPp5/P1P3rp/3Pp3/4P3/2nB2R1/6RK w - - 0 43,g6g5
17,EulerE,leozoni,939,961,3k4/1p2bp2/pPp5/P1P3Rp/3Pp3/4P3/2nB4/6RK b - - 0 43,g2g5
17,EulerE,leozoni,939,961,3k4/1p3p2/pPp5/P1P3bp/3Pp3/4P3/2nB4/6RK w - - 0 44,e7g5
17,EulerE,leozoni,939,961,3k4/1p3p2/pPp5/P1P3Rp/3Pp3/4P3/2nB4/7K b - - 0 44,g1g5
17,EulerE,leozoni,939,961,3k4/1p6/pPp2p2/P1P3Rp/3Pp3/4P3/2nB4/7K w - - 0 45,f7f6
17,EulerE,leozoni,939,961,3k2R1/1p6/pPp2p2/P1P4p/3Pp3/4P3/2nB4/7K b - - 1 45,g5g8
17,EulerE,leozoni,939,961,6R1/1p1k4/pPp2p2/P1P4p/3Pp3/4P3/2nB4/7K w - - 2 46,d8d7
17,EulerE,leozoni,939,961,8/1p1k2R1/pPp2p2/P1P4p/3Pp3/4P3/2nB4/7K b - - 3 46,g8g7
17,EulerE,leozoni,939,961,8/1p4R1/pPp1kp2/P1P4p/3Pp3/4P3/2nB4/7K w - - 4 47,d7e6
17,EulerE,leozoni,939,961,8/1R6/pPp1kp2/P1P4p/3Pp3/4P3/2nB4/7K b - - 0 47,g7b7
17,EulerE,leozoni,939,961,8/1R6/pPp2p2/P1Pk3p/3Pp3/4P3/2nB4/7K w - - 1 48,e6d5
17,EulerE,leozoni,939,961,8/1R6/pPp2p2/P1Pk3p/3Pp3/4P3/2n5/2B4K b - - 2 48,d2c1
17,EulerE,leozoni,939,961,8/1R6/pPp2p2/P1P4p/2kPp3/4P3/2n5/2B4K w - - 3 49,d5c4
17,EulerE,leozoni,939,961,8/1R6/pPp2p2/P1P4p/2kPp3/4P3/2nB4/7K b - - 4 49,c1d2
17,EulerE,leozoni,939,961,8/1R6/pPp2p2/P1P4p/3Pp3/3kP3/2nB4/7K w - - 5 50,c4d3
17,EulerE,leozoni,939,961,8/1R6/pPp2p2/P1P4p/3Pp3/3kP3/2n5/2B4K b - - 6 50,d2c1
17,EulerE,leozoni,939,961,8/1R6/pPp2p2/P1P4p/3Pp3/3kn3/8/2B4K w - - 0 51,c2e3
17,EulerE,leozoni,939,961,8/1R6/pPp2p2/P1P4p/3Pp3/3kB3/8/7K b - - 0 51,c1e3
17,EulerE,leozoni,939,961,8/1R6/pPp2p2/P1P4p/3Pp3/4k3/8/7K w - - 0 52,d3e3
17,EulerE,leozoni,939,961,8/5R2/pPp2p2/P1P4p/3Pp3/4k3/8/7K b - - 1 52,b7f7
17,EulerE,leozoni,939,961,8/5R2/pPp2p2/P1P4p/3kp3/8/8/7K w - - 0 53,e3d4
17,EulerE,leozoni,939,961,8/8/pPp2R2/P1P4p/3kp3/8/8/7K b - - 0 53,f7f6
17,EulerE,leozoni,939,961,8/8/pPp2R2/P1k4p/4p3/8/8/7K w - - 0 54,d4c5
17,EulerE,leozoni,939,961,8/8/pPp4R/P1k4p/4p3/8/8/7K b - - 1 54,f6h6
17,EulerE,leozoni,939,961,8/8/pPp4R/Pk5p/4p3/8/8/7K w - - 2 55,c5b5
17,EulerE,leozoni,939,961,8/8/pPp5/Pk5R/4p3/8/8/7K b - - 0 55,h6h5
17,EulerE,leozoni,939,961,8/8/pPp5/P6R/1k2p3/8/8/7K w - - 1 56,b5b4
17,EulerE,leozoni,939,961,8/8/pPp5/P7/1k2p2R/8/8/7K b - - 2 56,h5h4
17,EulerE,leozoni,939,961,8/8/pP6/P1p5/1k2p2R/8/8/7K w - - 0 57,c6c5
17,EulerE,leozoni,939,961,8/8/pP6/P1p5/1k2R3/8/8/7K b - - 0 57,h4e4
17,EulerE,leozoni,939,961,8/8/pP6/P7/1kp1R3/8/8/7K w - - 0 58,c5c4
17,EulerE,leozoni,939,961,8/8/pP6/P3R3/1kp5/8/8/7K b - - 1 58,e4e5
17,EulerE,leozoni,939,961,8/8/pP6/P3R3/2p5/1k6/8/7K w - - 2 59,b4b3
17,EulerE,leozoni,939,961,8/8/pP6/P7/2p5/1k2R3/8/7K b - - 3 59,e5e3
17,EulerE,leozoni,939,961,8/8/pP6/P7/8/1kp1R3/8/7K w - - 0 60,c4c3
17,EulerE,leozoni,939,961,8/8/pP6/P7/8/1kp2R2/8/7K b - - 1 60,e3f3
17,EulerE,leozoni,939,961,8/8/pP6/P7/8/2p2R2/1k6/7K w - - 2 61,b3b2
17,EulerE,leozoni,939,961,8/8/pP6/P7/8/2p5/1k3R2/7K b - - 3 61,f3f2
17,EulerE,leozoni,939,961,8/8/pP6/P7/8/8/1kp2R2/7K w - - 0 62,c3c2
17,EulerE,leozoni,939,961,8/8/pP6/P7/8/8/1kp3R1/7K b - - 1 62,f2g2
17,EulerE,leozoni,939,961,8/8/pP6/P7/8/8/2p3R1/1k5K w - - 2 63,b2b1
17,EulerE,leozoni,939,961,8/8/pP6/P7/8/8/2p2R2/1k5K b - - 3 63,g2f2
17,EulerE,leozoni,939,961,8/8/pP6/P7/8/8/5R2/1kq4K w - - 0 64,c2c1q
17,EulerE,leozoni,939,961,8/8/pP6/P7/8/8/5RK1/1kq5 b - - 1 64,h1g2
17,EulerE,leozoni,939,961,8/8/pP6/P5q1/8/8/5RK1/1k6 w - - 2 65,c1g5
18,EulerE,KingAlmasi,946,884,rnbqkbnr/pppppppp/8/8/3P4/8/PPP1PPPP/RNBQKBNR b KQkq - 0 1,d2d4
18,EulerE,KingAlmasi,946,884,rnbqkbnr/ppp1pppp/8/3p4/3P4/8/PPP1PPPP/RNBQKBNR w KQkq - 0 2,d7d5
18,EulerE,KingAlmasi,946,884,rnbqkbnr/ppp1pppp/8/3p4/2PP4/8/PP2PPPP/RNBQKBNR b KQkq - 0 2,c2c4
18,EulerE,KingAlmasi,946,884,rnbqkbnr/ppp1pppp/8/8/2pP4/8/PP2PPPP/RNBQKBNR w KQkq - 0 3,d5c4
18,EulerE,KingAlmasi,946,884,rnbqkbnr/ppp1pppp/8/8/2pPP3/8/PP3PPP/RNBQKBNR b KQkq - 0 3,e2e4
18,EulerE,KingAlmasi,946,884,rnbqkbnr/p1p1pppp/8/1p6/2pPP3/8/PP3PPP/RNBQKBNR w KQkq - 0 4,b7b5
18,EulerE,KingAlmasi,946,884,rnbqkbnr/p1p1pppp/8/1p6/P1pPP3/8/1P3PPP/RNBQKBNR b KQkq - 0 4,a2a4
18,EulerE,KingAlmasi,946,884,rnbqkbnr/p3pppp/2p5/1p6/P1pPP3/8/1P3PPP/RNBQKBNR w KQkq - 0 5,c7c6
18,EulerE,KingAlmasi,946,884,rnbqkbnr/p3pppp/2p5/1p6/P1pPP3/5N2/1P3PPP/RNBQKB1R b KQkq - 1 5,g1f3
18,EulerE,KingAlmasi,946,884,rnbqkbnr/p3p1pp/2p2p2/1p6/P1pPP3/5N2/1P3PPP/RNBQKB1R w KQkq - 0 6,f7f6
18,EulerE,KingAlmasi,946,884,rnbqkbnr/p3p1pp/2p2p2/1p6/P1pPP3/2N2N2/1P3PPP/R1BQKB1R b KQkq - 1 6,b1c3
18,EulerE,KingAlmasi,946,884,rnbqkbnr/p3p1pp/2p2p2/8/PppPP3/2N2N2/1P3PPP/R1BQKB1R w KQkq - 0 7,b5b4
18,EulerE,KingAlmasi,946,884,rnbqkbnr/p3p1pp/2p2p2/8/PppPP3/5N2/1P3PPP/RNBQKB1R b KQkq - 1 7,c3b1
18,EulerE,KingAlmasi,946,884,rnbqkbnr/p3p1pp/5p2/2p5/PppPP3/5N2/1P3PPP/RNBQKB1R w KQkq - 0 8,c6c5
18,EulerE,KingAlmasi,946,884,rnbqkbnr/p3p1pp/5p2/2pP4/Ppp1P3/5N2/1P3PPP/RNBQKB1R b KQkq - 0 8,d4d5
18,EulerE,KingAlmasi,946,884,rnbqkbnr/p5pp/5p2/2pPp3/Ppp1P3/5N2/1P3PPP/RNBQKB1R w KQkq e6 0 9,e7e5
18,EulerE,KingAlmasi,946,884,rnbqkbnr/p5pp/5p2/2pPp3/PpB1P3/5N2/1P3PPP/RNBQK2R b KQkq - 0 9,f1c4
18,EulerE,KingAlmasi,946,884,rnbqk1nr/p5pp/3b1p2/2pPp3/PpB1P3/5N2/1P3PPP/RNBQK2R w KQkq - 1 10,f8d6
18,EulerE,KingAlmasi,946,884,rnbqk1nr/p5pp/3b1p2/2pPp3/PpB1P3/5N2/1P3PPP/RNBQ1RK1 b kq - 2 10,e1g1
18,EulerE,KingAlmasi,946,884,rn1qk1nr/p5pp/b2b1p2/2pPp3/PpB1P3/5N2/1P3PPP/RNBQ1RK1 w kq - 3 11,c8a6
18,EulerE,KingAlmasi,946,884,rn1qk1nr/p5pp/b2b1p2/2pPp3/Pp2P3/3B1N2/1P3PPP/RNBQ1RK1 b kq - 4 11,c4d3
18,EulerE,KingAlmasi,946,884,rn1qk1nr/p5pp/3b1p2/2pPp3/Pp2P3/3b1N2/1P3PPP/RNBQ1RK1 w kq - 0 12,a6d3
18,EulerE,KingAlmasi,946,884,rn1qk1nr/p5pp/3b1p2/2pPp3/Pp2P3/3Q1N2/1P3PPP/RNB2RK1 b kq - 0 12,d1d3
18,EulerE,KingAlmasi,946,884,rn2k1nr/p5pp/1q1b1p2/2pPp3/Pp2P3/3Q1N2/1P3PPP/RNB2RK1 w kq - 1 13,d8b6
18,EulerE,KingAlmasi,946,884,rn2k1nr/p5pp/1q1b1p2/2pPp3/Pp2P3/3Q1N2/1P1N1PPP/R1B2RK1 b kq - 2 13,b1d2
18,EulerE,KingAlmasi,946,884,rn2k1nr/6pp/pq1b1p2/2pPp3/Pp2P3/3Q1N2/1P1N1PPP/R1B2RK1 w kq - 0 14,a7a6
18,EulerE,KingAlmasi,946,884,rn2k1nr/6pp/pq1b1p2/2pPp3/PpN1P3/3Q1N2/1P3PPP/R1B2RK1 b kq - 1 14,d2c4
18,EulerE,KingAlmasi,946,884,rn2k2r/4n1pp/pq1b1p2/2pPp3/PpN1P3/3Q1N2/1P3PPP/R1B2RK1 w kq - 2 15,g8e7
18,EulerE,KingAlmasi,946,884,rn2k2r/4n1pp/pN1b1p2/2pPp3/Pp2P3/3Q1N2/1P3PPP/R1B2RK1 b kq - 0 15,c4b6
18,EulerE,KingAlmasi,946,884,1n2k2r/r3n1pp/pN1b1p2/2pPp3/Pp2P3/3Q1N2/1P3PPP/R1B2RK1 w k - 1 16,a8a7
18,EulerE,KingAlmasi,946,884,1n2k2r/r3n1pp/p2b1p2/2pPp3/PpN1P3/3Q1N2/1P3PPP/R1B2RK1 b k - 2 16,b6c4
18,EulerE,KingAlmasi,946,884,1n2k2r/r1b1n1pp/p4p2/2pPp3/PpN1P3/3Q1N2/1P3PPP/R1B2RK1 w k - 3 17,d6c7
18,EulerE,KingAlmasi,946,884,1n2k2r/r1b1n1pp/p4p2/2pPp3/PpN1P3/3QBN2/1P3PPP/R4RK1 b k - 4 17,c1e3
18,EulerE,KingAlmasi,946,884,1n2k2r/r1b1n2p/p4pp1/2pPp3/PpN1P3/3QBN2/1P3PPP/R4RK1 w k - 0 18,g7g6
18,EulerE,KingAlmasi,946,884,1n2k2r/r1b1n2p/p4pp1/2pPp3/PpN1P3/3QBN2/1P3PPP/R1R3K1 b k - 1 18,f1c1
18,EulerE,KingAlmasi,946,884,1n2k2r/r1b1n2p/p5p1/2pPpp2/PpN1P3/3QBN2/1P3PPP/R1R3K1 w k - 0 19,f6f5
18,EulerE,KingAlmasi,946,884,1n2k2r/r1b1n2p/p5p1/2pPpP2/PpN5/3QBN2/1P3PPP/R1R3K1 b k - 0 19,e4f5
18,EulerE,KingAlmasi,946,884,1n2k2r/r1b4p/p5p1/2pPpn2/PpN5/3QBN2/1P3PPP/R1R3K1 w k - 0 20,e7f5
18,EulerE,KingAlmasi,946,884,1n2k2r/r1b4p/p5p1/2pPpn2/Pp6/3QBN2/1P1N1PPP/R1R3K1 b k - 1 20,c4d2
18,EulerE,KingAlmasi,946,884,1n2k2r/r1b4p/p5p1/2pPp3/Pp6/3QnN2/1P1N1PPP/R1R3K1 w k - 0 21,f5e3
18,EulerE,KingAlmasi,946,884,1n2k2r/r1b4p/p5p1/2pPp3/Pp6/4QN2/1P1N1PPP/R1R3K1 b k - 0 21,d3e3
18,EulerE,KingAlmasi,946,884,1n2k2r/r6p/pb4p1/2pPp3/Pp6/4QN2/1P1N1PPP/R1R3K1 w k - 1 22,c7b6
18,EulerE,KingAlmasi,946,884,1n2k2r/r6p/pb4p1/2pPQ3/Pp6/5N2/1P1N1PPP/R1R3K1 b k - 0 22,e3e5
18,EulerE,KingAlmasi,946,884,1n2k2r/4r2p/pb4p1/2pPQ3/Pp6/5N2/1P1N1PPP/R1R3K1 w k - 1 23,a7e7
18,EulerE,KingAlmasi,946,884,1Q2k2r/4r2p/pb4p1/2pP4/Pp6/5N2/1P1N1PPP/R1R3K1 b k - 0 23,e5b8
18,EulerE,KingAlmasi,946,884,1Q1bk2r/4r2p/p5p1/2pP4/Pp6/5N2/1P1N1PPP/R1R3K1 w k - 1 24,b6d8
18,EulerE,KingAlmasi,946,884,1Q1bk2r/4r2p/p5p1/2pP4/Pp6/5N2/1P1N1PPP/R3R1K1 b k - 2 24,c1e1
18,EulerE,KingAlmasi,946,884,1Q1bk2r/7p/p5p1/2pP4/Pp6/5N2/1P1N1PPP/R3r1K1 w k - 0 25,e7e1
18,EulerE,KingAlmasi,946,884,1Q1bk2r/7p/p5p1/2pP4/Pp6/5N2/1P1N1PPP/4R1K1 b k - 0 25,a1e1
18,EulerE,KingAlmasi,946,884,1Q1b3r/5k1p/p5p1/2pP4/Pp6/5N2/1P1N1PPP/4R1K1 w - - 1 26,e8f7
18,EulerE,KingAlmasi,946,884,3b3r/5k1p/p5p1/2pP4/Pp3Q2/5N2/1P1N1PPP/4R1K1 b - - 2 26,b8f4
18,EulerE,KingAlmasi,946,884,3b3r/6kp/p5p1/2pP4/Pp3Q2/5N2/1P1N1PPP/4R1K1 w - - 3 27,f7g7
18,EulerE,KingAlmasi,946,884,3b3r/6kp/p5p1/2pPQ3/Pp6/5N2/1P1N1PPP/4R1K1 b - - 4 27,f4e5
18,EulerE,KingAlmasi,946,884,3b2kr/7p/p5p1/2pPQ3/Pp6/5N2/1P1N1PPP/4R1K1 w - - 5 28,g7g8
18,EulerE,KingAlmasi,946,884,3bQ1kr/7p/p5p1/2pP4/Pp6/5N2/1P1N1PPP/4R1K1 b - - 6 28,e5e8
18,EulerE,KingAlmasi,946,884,3bQ2r/6kp/p5p1/2pP4/Pp6/5N2/1P1N1PPP/4R1K1 w - - 7 29,g8g7
18,EulerE,KingAlmasi,946,884,3b3r/6kp/p5p1/2pPQ3/Pp6/5N2/1P1N1PPP/4R1K1 b - - 8 29,e8e5
18,EulerE,KingAlmasi,946,884,3b2kr/7p/p5p1/2pPQ3/Pp6/5N2/1P1N1PPP/4R1K1 w - - 9 30,g7g8
18,EulerE,KingAlmasi,946,884,3b2kr/7p/p5p1/2pPQ1N1/Pp6/8/1P1N1PPP/4R1K1 b - - 10 30,f3g5
18,EulerE,KingAlmasi,946,884,3b2kr/8/p5pp/2pPQ1N1/Pp6/8/1P1N1PPP/4R1K1 w - - 0 31,h7h6
18,EulerE,KingAlmasi,946,884,3bQ1kr/8/p5pp/2pP2N1/Pp6/8/1P1N1PPP/4R1K1 b - - 1 31,e5e8
18,EulerE,KingAlmasi,946,884,3bQ2r/6k1/p5pp/2pP2N1/Pp6/8/1P1N1PPP/4R1K1 w - - 2 32,g8g7
18,EulerE,KingAlmasi,946,884,3b3r/5Qk1/p5pp/2pP2N1/Pp6/8/1P1N1PPP/4R1K1 b - - 3 32,e8f7
19,KingAlmasi,EulerE,877,953,rnbqkbnr/pppppppp/8/8/7P/8/PPPPPPP1/RNBQKBNR b KQkq - 0 1,h2h4
19,KingAlmasi,EulerE,877,953,rnbqkbnr/pppp1ppp/8/4p3/7P/8/PPPPPPP1/RNBQKBNR w KQkq - 0 2,e7e5
19,KingAlmasi,EulerE,877,953,rnbqkbnr/pppp1ppp/8/4p3/4P2P/8/PPPP1PP1/RNBQKBNR b KQkq - 0 2,e2e4
19,KingAlmasi,EulerE,877,953,r1bqkbnr/pppp1ppp/2n5/4p3/4P2P/8/PPPP1PP1/RNBQKBNR w KQkq - 1 3,b8c6
19,KingAlmasi,EulerE,877,953,r1bqkbnr/pppp1ppp/2n5/4p3/4P2P/2P5/PP1P1PP1/RNBQKBNR b KQkq - 0 3,c2c3
19,KingAlmasi,EulerE,877,953,r1bqkb1r/pppp1ppp/2n2n2/4p3/4P2P/2P5/PP1P1PP1/RNBQKBNR w KQkq - 1 4,g8f6
19,KingAlmasi,EulerE,877,953,r1bqkb1r/pppp1ppp/2n2n2/4p3/4P2P/2P2P2/PP1P2P1/RNBQKBNR b KQkq - 0 4,f2f3
19,KingAlmasi,EulerE,877,953,r1bqk2r/pppp1ppp/2n2n2/2b1p3/4P2P/2P2P2/PP1P2P1/RNBQKBNR w KQkq - 1 5,f8c5
19,KingAlmasi,EulerE,877,953,r1bqk2r/pppp1ppp/2n2n2/2b1p3/4P2P/2P2P2/PP1PN1P1/RNBQKB1R b KQkq - 2 5,g1e2
19,KingAlmasi,EulerE,877,953,r1bq1rk1/pppp1ppp/2n2n2/2b1p3/4P2P/2P2P2/PP1PN1P1/RNBQKB1R w KQ - 3 6,e8g8
19,KingAlmasi,EulerE,877,953,r1bq1rk1/pppp1ppp/2n2n2/2b1p3/1P2P2P/2P2P2/P2PN1P1/RNBQKB1R b KQ - 0 6,b2b4
19,KingAlmasi,EulerE,877,953,r1bq1rk1/pppp1ppp/1bn2n2/4p3/1P2P2P/2P2P2/P2PN1P1/RNBQKB1R w KQ - 1 7,c5b6
19,KingAlmasi,EulerE,877,953,r1bq1rk1/pppp1ppp/1bn2n2/4p3/PP2P2P/2P2P2/3PN1P1/RNBQKB1R b KQ - 0 7,a2a4
19,KingAlmasi,EulerE,877,953,r1bq1rk1/1ppp1ppp/pbn2n2/4p3/PP2P2P/2P2P2/3PN1P1/RNBQKB1R w KQ - 0 8,a7a6
19,KingAlmasi,EulerE,877,953,r1bq1rk1/1ppp1ppp/pbn2n2/P3p3/1P2P2P/2P2P2/3PN1P1/RNBQKB1R b KQ - 0 8,a4a5
19,KingAlmasi,EulerE,877,953,r1bq1rk1/bppp1ppp/p1n2n2/P3p3/1P2P2P/2P2P2/3PN1P1/RNBQKB1R w KQ - 1 9,b6a7
19,KingAlmasi,EulerE,877,953,r1bq1rk1/bppp1ppp/p1n2n2/P3p3/1P2P2P/2PP1P2/4N1P1/RNBQKB1R b KQ - 0 9,d2d3
19,KingAlmasi,EulerE,877,953,r1bq1rk1/b1pp1ppp/p1n2n2/Pp2p3/1P2P2P/2PP1P2/4N1P1/RNBQKB1R w KQ b6 0 10,b7b5
19,KingAlmasi,EulerE,877,953,r1bq1rk1/b1pp1ppp/pPn2n2/4p3/1P2P2P/2PP1P2/4N1P1/RNBQKB1R b KQ - 0 10,a5b6
19,KingAlmasi,EulerE,877,953,r1bq1rk1/2pp1ppp/pbn2n2/4p3/1P2P2P/2PP1P2/4N1P1/RNBQKB1R w KQ - 0 11,a7b6
19,KingAlmasi,EulerE,877,953,r1bq1rk1/2pp1ppp/pbn2n2/1P2p3/4P2P/2PP1P2/4N1P1/RNBQKB1R b KQ - 0 11,b4b5
19,KingAlmasi,EulerE,877,953,r1bq1rk1/2pp1ppp/pb3n2/nP2p3/4P2P/2PP1P2/4N1P1/RNBQKB1R w KQ - 1 12,c6a5
19,KingAlmasi,EulerE,877,953,r1bq1rk1/2pp1ppp/pb3n2/nP2p3/2P1P2P/3P1P2/4N1P1/RNBQKB1R b KQ - 0 12,c3c4
19,KingAlmasi,EulerE,877,953,r2q1rk1/1bpp1ppp/pb3n2/nP2p3/2P1P2P/3P1P2/4N1P1/RNBQKB1R w KQ - 1 13,c8b7
19,KingAlmasi,EulerE,877,953,r2q1rk1/1bpp1ppp/Pb3n2/n3p3/2P1P2P/3P1P2/4N1P1/RNBQKB1R b KQ - 0 13,b5a6
19,KingAlmasi,EulerE,877,953,r2q1rk1/2pp1ppp/bb3n2/n3p3/2P1P2P/3P1P2/4N1P1/RNBQKB1R w KQ - 0 14,b7a6
19,KingAlmasi,EulerE,877,953,r2q1rk1/2pp1ppp/bb3n2/n3p3/2P1P2P/2NP1P2/4N1P1/R1BQKB1R b KQ - 1 14,b1c3
19,KingAlmasi,EulerE,877,953,r2q1rk1/2pp1ppp/bbn2n2/4p3/2P1P2P/2NP1P2/4N1P1/R1BQKB1R w KQ - 2 15,a5c6
19,KingAlmasi,EulerE,877,953,r2q1rk1/2pp1ppp/bbn2n2/1N2p3/2P1P2P/3P1P2/4N1P1/R1BQKB1R b KQ - 3 15,c3b5
19,KingAlmasi,EulerE,877,953,r2q1rk1/2pp1ppp/1bn2n2/1b2p3/2P1P2P/3P1P2/4N1P1/R1BQKB1R w KQ - 0 16,a6b5
19,KingAlmasi,EulerE,877,953,R2q1rk1/2pp1ppp/1bn2n2/1b2p3/2P1P2P/3P1P2/4N1P1/2BQKB1R b K - 0 16,a1a8
19,KingAlmasi,EulerE,877,953,q4rk1/2pp1ppp/1bn2n2/1b2p3/2P1P2P/3P1P2/4N1P1/2BQKB1R w K - 0 17,d8a8
19,KingAlmasi,EulerE,877,953,q4rk1/2pp1ppp/1bn2n2/1P2p3/4P2P/3P1P2/4N1P1/2BQKB1R b K - 0 17,c4b5
19,KingAlmasi,EulerE,877,953,5rk1/2pp1ppp/1bn2n2/qP2p3/4P2P/3P1P2/4N1P1/2BQKB1R w K - 1 18,a8a5
19,KingAlmasi,EulerE,877,953,5rk1/2pp1ppp/1bn2n2/qP2p3/4P2P/3P1P2/3QN1P1/2B1KB1R b K - 2 18,d1d2
19,KingAlmasi,EulerE,877,953,5rk1/2pp1ppp/1bn2n2/1q2p3/4P2P/3P1P2/3QN1P1/2B1KB1R w K - 0 19,a5b5
19,KingAlmasi,EulerE,877,953,5rk1/2pp1ppp/1bn2n2/1q2p3/4P2P/2NP1P2/3Q2P1/2B1KB1R b K - 1 19,e2c3
19,KingAlmasi,EulerE,877,953,5rk1/2pp1ppp/1bn2n2/q3p3/4P2P/2NP1P2/3Q2P1/2B1KB1R w K - 2 20,b5a5
19,KingAlmasi,EulerE,877,953,5rk1/2pp1ppp/1bn2n2/q2Np3/4P2P/3P1P2/3Q2P1/2B1KB1R b K - 3 20,c3d5
19,KingAlmasi,EulerE,877,953,5rk1/2pp1ppp/1bn5/q2np3/4P2P/3P1P2/3Q2P1/2B1KB1R w K - 0 21,f6d5
19,KingAlmasi,EulerE,877,953,5rk1/2pp1ppp/1bn5/Q2np3/4P2P/3P1P2/6P1/2B1KB1R b K - 0 21,d2a5
19,KingAlmasi,EulerE,877,953,5rk1/2pp1ppp/2n5/b2np3/4P2P/3P1P2/6P1/2B1KB1R w K - 0 22,b6a5
19,KingAlmasi,EulerE,877,953,5rk1/2pp1ppp/2n5/b2np3/4P2P/3P1P2/3B2P1/4KB1R b K - 1 22,c1d2
19,KingAlmasi,EulerE,877,953,5rk1/2pp1ppp/2n5/3np3/4P2P/3P1P2/3b2P1/4KB1R w K - 0 23,a5d2
19,KingAlmasi,EulerE,877,953,5rk1/2pp1ppp/2n5/3np3/4P2P/3P1P2/3K2P1/5B1R b - - 0 23,e1d2
19,KingAlmasi,EulerE,877,953,5rk1/2pp1ppp/2n5/4p3/1n2P2P/3P1P2/3K2P1/5B1R w - - 1 24,d5b4
19,KingAlmasi,EulerE,877,953,5rk1/2pp1ppp/2n5/4p3/1n2P2P/2KP1P2/6P1/5B1R b - - 2 24,d2c3
19,KingAlmasi,EulerE,877,953,r5k1/2pp1ppp/2n5/4p3/1n2P2P/2KP1P2/6P1/5B1R w - - 3 25,f8a8
19,KingAlmasi,EulerE,877,953,r5k1/2pp1ppp/2n5/4p3/1nK1P2P/3P1P2/6P1/5B1R b - - 4 25,c3c4
19,KingAlmasi,EulerE,877,953,r5k1/2p2ppp/2np4/4p3/1nK1P2P/3P1P2/6P1/5B1R w - - 0 26,d7d6
19,KingAlmasi,EulerE,877,953,r5k1/2p2ppp/2np4/4p3/1nK1P2P/3P1P2/6PR/5B2 b - - 1 26,h1h2
19,KingAlmasi,EulerE,877,953,6k1/2p2ppp/2np4/4p3/rnK1P2P/3P1P2/6PR/5B2 w - - 2 27,a8a4
19,KingAlmasi,EulerE,877,953,6k1/2p2ppp/2np4/4p3/rnK1P1PP/3P1P2/7R/5B2 b - - 0 27,g2g4
19,KingAlmasi,EulerE,877,953,6k1/2p2ppp/n1np4/4p3/r1K1P1PP/3P1P2/7R/5B2 w - - 1 28,b4a6
19,KingAlmasi,EulerE,877,953,6k1/2p2ppp/n1np4/1K2p3/r3P1PP/3P1P2/7R/5B2 b - - 2 28,c4b5
19,KingAlmasi,EulerE,877,953,6k1/2p2ppp/n1np4/1K2p3/4P1PP/3P1P2/7R/r4B2 w - - 3 29,a4a1
19,KingAlmasi,EulerE,877,953,6k1/2p2ppp/n1np4/1K2p3/4P1PP/3P1P2/6BR/r7 b - - 4 29,f1g2
19,KingAlmasi,EulerE,877,953,6k1/2p2ppp/2np4/1K2p3/1n2P1PP/3P1P2/6BR/r7 w - - 5 30,a6b4
19,KingAlmasi,EulerE,877,953,6k1/2p2ppp/2np4/1K2p3/1n2P1PP/3P1P2/6B1/r6R b - - 6 30,h2h1
19,KingAlmasi,EulerE,877,953,6k1/2p2ppp/2np4/1K2p3/1n2P1PP/3P1P2/r5B1/7R w - - 7 31,a1a2
19,KingAlmasi,EulerE,877,953,6k1/2p2ppp/2np4/1K2p3/1n2P1PP/3P1P1B/r7/7R b - - 8 31,g2h3
19,KingAlmasi,EulerE,877,953,6k1/2p3pp/2np1p2/1K2p3/1n2P1PP/3P1P1B/r7/7R w - - 0 32,f7f6
19,KingAlmasi,EulerE,877,953,6k1/2p3pp/2np1p2/1K2p1P1/1n2P2P/3P1P1B/r7/7R b - - 0 32,g4g5
19,KingAlmasi,EulerE,877,953,8/2p2kpp/2np1p2/1K2p1P1/1n2P2P/3P1P1B/r7/7R w - - 1 33,g8f7
19,KingAlmasi,EulerE,877,953,8/2p2kpp/2np1P2/1K2p3/1n2P2P/3P1P1B/r7/7R b - - 0 33,g5f6
19,KingAlmasi,EulerE,877,953,8/2p2k1p/2np1p2/1K2p3/1n2P2P/3P1P1B/r7/7R w - - 0 34,g7f6
19,KingAlmasi,EulerE,877,953,8/2p2k1p/2np1p2/1K2p2P/1n2P3/3P1P1B/r7/7R b - - 0 34,h4h5
19,KingAlmasi,EulerE,877,953,8/2p2k2/2np1p1p/1K2p2P/1n2P3/3P1P1B/r7/7R w - - 0 35,h7h6
19,KingAlmasi,EulerE,877,953,8/2p2k2/2np1p1p/1K2pB1P/1n2P3/3P1P2/r7/7R b - - 1 35,h3f5
19,KingAlmasi,EulerE,877,953,r7/2p2k2/2np1p1p/1K2pB1P/1n2P3/3P1P2/8/7R w - - 2 36,a2a8
19,KingAlmasi,EulerE,877,953,r7/2p2k2/2np1pBp/1K2p2P/1n2P3/3P1P2/8/7R b - - 3 36,f5g6
19,KingAlmasi,EulerE,877,953,r7/2p3k1/2np1pBp/1K2p2P/1n2P3/3P1P2/8/7R w - - 4 37,f7g7
19,KingAlmasi,EulerE,877,953,r7/2p3k1/2np1pBp/1K2p2P/1n2P3/3P1P2/8/3R4 b - - 5 37,h1d1
19,KingAlmasi,EulerE,877,953,6r1/2p3k1/2np1pBp/1K2p2P/1n2P3/3P1P2/8/3R4 w - - 6 38,a8g8
19,KingAlmasi,EulerE,877,953,6r1/2p3k1/2np1pBp/1K2p2P/1n1PP3/5P2/8/3R4 b - - 0 38,d3d4
19,KingAlmasi,EulerE,877,953,6r1/2p3k1/2np1pBp/1K5P/1n1pP3/5P2/8/3R4 w - - 0 39,e5d4
19,KingAlmasi,EulerE,877,953,6r1/2p3k1/2np1pBp/1K5P/1n1RP3/5P2/8/8 b - - 0 39,d1d4
19,KingAlmasi,EulerE,877,953,6r1/2p3k1/3p1pBp/1K5P/1n1nP3/5P2/8/8 w - - 0 40,c6d4
19,KingAlmasi,EulerE,877,953,6r1/2p3k1/3p1pBp/7P/1K1nP3/5P2/8/8 b - - 0 40,b5b4
19,KingAlmasi,EulerE,877,953,6r1/2p3k1/3pnpBp/7P/1K2P3/5P2/8/8 w - - 1 41,d4e6
19,KingAlmasi,EulerE,877,953,6r1/2p3k1/3pnp1p/5B1P/1K2P3/5P2/8/8 b - - 2 41,g6f5
19,KingAlmasi,EulerE,877,953,6r1/2p3k1/3p1p1p/5B1P/1K1nP3/5P2/8/8 w - - 3 42,e6d4
19,KingAlmasi,EulerE,877,953,6r1/2pB2k1/3p1p1p/7P/1K1nP3/5P2/8/8 b - - 4 42,f5d7
19,KingAlmasi,EulerE,877,953,6r1/2pB2k1/3p1p1p/7P/1K2P3/5n2/8/8 w - - 0 43,d4f3
19,KingAlmasi,EulerE,877,953,6r1/2pB2k1/3p1p1p/1K5P/4P3/5n2/8/8 b - - 1 43,b4b5
19,KingAlmasi,EulerE,877,953,6r1/2pB2k1/3p1p1p/1K2n2P/4P3/8/8/8 w - - 2 44,f3e5
19,KingAlmasi,EulerE,877,953,6r1/2p3k1/3pBp1p/1K2n2P/4P3/8/8/8 b - - 3 44,d7e6
19,KingAlmasi,EulerE,877,953,4r3/2p3k1/3pBp1p/1K2n2P/4P3/8/8/8 w - - 4 45,g8e8
19,KingAlmasi,EulerE,877,953,4r3/2p3k1/3p1p1p/1K2nB1P/4P3/8/8/8 b - - 5 45,e6f5
19,KingAlmasi,EulerE,877,953,4r3/6k1/2pp1p1p/1K2nB1P/4P3/8/8/8 w - - 0 46,c7c6
19,KingAlmasi,EulerE,877,953,4r3/6k1/1Kpp1p1p/4nB1P/4P3/8/8/8 b - - 1 46,b5b6
19,KingAlmasi,EulerE,877,953,4r3/6k1/1K1p1p1p/2p1nB1P/4P3/8/8/8 w - - 0 47,c6c5
19,KingAlmasi,EulerE,877,953,4r3/2K3k1/3p1p1p/2p1nB1P/4P3/8/8/8 b - - 1 47,b6c7
19,KingAlmasi,EulerE,877,953,4r3/2K3k1/3p1p1p/4nB1P/2p1P3/8/8/8 w - - 0 48,c5c4
19,KingAlmasi,EulerE,877,953,4r3/6k1/3K1p1p/4nB1P/2p1P3/8/8/8 b - - 0 48,c7d6
19,KingAlmasi,EulerE,877,953,4r3/6k1/3K1p1p/4nB1P/4P3/2p5/8/8 w - - 0 49,c4c3
19,KingAlmasi,EulerE,877,953,4r3/6k1/3K1pBp/4n2P/4P3/2p5/8/8 b - - 1 49,f5g6
19,KingAlmasi,EulerE,877,953,3r4/6k1/3K1pBp/4n2P/4P3/2p5/8/8 w - - 2 50,e8d8
19,KingAlmasi,EulerE,877,953,3r4/4K1k1/5pBp/4n2P/4P3/2p5/8/8 b - - 3 50,d6e7
19,KingAlmasi,EulerE,877,953,2r5/4K1k1/5pBp/4n2P/4P3/2p5/8/8 w - - 4 51,d8c8
19,KingAlmasi,EulerE,877,953,2r1B3/4K1k1/5p1p/4n2P/4P3/2p5/8/8 b - - 5 51,g6e8
19,KingAlmasi,EulerE,877,953,4B3/2r1K1k1/5p1p/4n2P/4P3/2p5/8/8 w - - 6 52,c8c7
19,KingAlmasi,EulerE,877,953,4B3/2r3k1/3K1p1p/4n2P/4P3/2p5/8/8 b - - 7 52,e7d6
19,KingAlmasi,EulerE,877,953,2r1B3/6k1/3K1p1p/4n2P/4P3/2p5/8/8 w - - 8 53,c7c8
19,KingAlmasi,EulerE,877,953,2r5/6k1/3K1p1p/4n2P/B3P3/2p5/8/8 b - - 9 53,e8a4
19,KingAlmasi,EulerE,877,953,1r6/6k1/3K1p1p/4n2P/B3P3/2p5/8/8 w - - 10 54,c8b8
19,KingAlmasi,EulerE,877,953,1r6/6k1/5p1p/3Kn2P/B3P3/2p5/8/8 b - - 11 54,d6d5
19,KingAlmasi,EulerE,877,953,r7/6k1/5p1p/3Kn2P/B3P3/2p5/8/8 w - - 12 55,b8a8
19,KingAlmasi,EulerE,877,953,r7/6k1/5p1p/3Kn2P/4P3/2p5/2B5/8 b - - 13 55,a4c2
19,KingAlmasi,EulerE,877,953,1r6/6k1/5p1p/3Kn2P/4P3/2p5/2B5/8 w - - 14 56,a8b8
19,KingAlmasi,EulerE,877,953,1r6/6k1/5p1p/4n2P/3KP3/2p5/2B5/8 b - - 15 56,d5d4
19,KingAlmasi,EulerE,877,953,3r4/6k1/5p1p/4n2P/3KP3/2p5/2B5/8 w - - 16 57,b8d8
19,KingAlmasi,EulerE,877,953,3r4/6k1/5p1p/4n2P/4P3/2p1K3/2B5/8 b - - 17 57,d4e3
19,KingAlmasi,EulerE,877,953,2r5/6k1/5p1p/4n2P/4P3/2p1K3/2B5/8 w - - 18 58,d8c8
19,KingAlmasi,EulerE,877,953,2r5/6k1/5p1p/4n2P/3KP3/2p5/2B5/8 b - - 19 58,e3d4
19,KingAlmasi,EulerE,877,953,8/2r3k1/5p1p/4n2P/3KP3/2p5/2B5/8 w - - 20 59,c8c7
19,KingAlmasi,EulerE,877,953,8/2r3k1/5p1p/4n2P/4P3/2p1K3/2B5/8 b - - 21 59,d4e3
19,KingAlmasi,EulerE,877,953,2r5/6k1/5p1p/4n2P/4P3/2p1K3/2B5/8 w - - 22 60,c7c8
19,KingAlmasi,EulerE,877,953,2r5/6k1/5p1p/4n2P/4PK2/2p5/2B5/8 b - - 23 60,e3f4
19,KingAlmasi,EulerE,877,953,8/2r3k1/5p1p/4n2P/4PK2/2p5/2B5/8 w - - 24 61,c8c7
19,KingAlmasi,EulerE,877,953,8/2r3k1/5p1p/4nK1P/4P3/2p5/2B5/8 b - - 25 61,f4f5
19,KingAlmasi,EulerE,877,953,2r5/6k1/5p1p/4nK1P/4P3/2p5/2B5/8 w - - 26 62,c7c8
19,KingAlmasi,EulerE,877,953,2r5/6k1/4Kp1p/4n2P/4P3/2p5/2B5/8 b - - 27 62,f5e6
19,KingAlmasi,EulerE,877,953,8/2r3k1/4Kp1p/4n2P/4P3/2p5/2B5/8 w - - 28 63,c8c7
19,KingAlmasi,EulerE,877,953,8/2r3k1/5p1p/3Kn2P/4P3/2p5/2B5/8 b - - 29 63,e6d5
19,KingAlmasi,EulerE,877,953,2r5/6k1/5p1p/3Kn2P/4P3/2p5/2B5/8 w - - 30 64,c7c8
19,KingAlmasi,EulerE,877,953,2r5/6k1/3K1p1p/4n2P/4P3/2p5/2B5/8 b - - 31 64,d5d6
19,KingAlmasi,EulerE,877,953,8/6k1/3K1p1p/4n2P/2r1P3/2p5/2B5/8 w - - 32 65,c8c4
20,EulerE,KingAlmasi,959,871,rnbqkbnr/pppppppp/8/8/3P4/8/PPP1PPPP/RNBQKBNR b KQkq - 0 1,d2d4
20,EulerE,KingAlmasi,959,871,rnbqkbnr/ppp1pppp/8/3p4/3P4/8/PPP1PPPP/RNBQKBNR w KQkq - 0 2,d7d5
20,EulerE,KingAlmasi,959,871,rnbqkbnr/ppp1pppp/8/3p4/2PP4/8/PP2PPPP/RNBQKBNR b KQkq - 0 2,c2c4
20,EulerE,KingAlmasi,959,871,rnbqkbnr/ppp1pppp/8/8/2pP4/8/PP2PPPP/RNBQKBNR w KQkq - 0 3,d5c4
20,EulerE,KingAlmasi,959,871,rnbqkbnr/ppp1pppp/8/8/2pPP3/8/PP3PPP/RNBQKBNR b KQkq - 0 3,e2e4
20,EulerE,KingAlmasi,959,871,rnbqkbnr/ppp2ppp/8/4p3/2pPP3/8/PP3PPP/RNBQKBNR w KQkq - 0 4,e7e5
20,EulerE,KingAlmasi,959,871,rnbqkbnr/ppp2ppp/8/3Pp3/2p1P3/8/PP3PPP/RNBQKBNR b KQkq - 0 4,d4d5
20,EulerE,KingAlmasi,959,871,rnbqkbnr/pp3ppp/2p5/3Pp3/2p1P3/8/PP3PPP/RNBQKBNR w KQkq - 0 5,c7c6
20,EulerE,KingAlmasi,959,871,rnbqkbnr/pp3ppp/2p5/3Pp3/2B1P3/8/PP3PPP/RNBQK1NR b KQkq - 0 5,f1c4
20,EulerE,KingAlmasi,959,871,rnbqkbnr/pp3ppp/8/3pp3/2B1P3/8/PP3PPP/RNBQK1NR w KQkq - 0 6,c6d5
20,EulerE,KingAlmasi,959,871,rnbqkbnr/pp3ppp/8/3Pp3/2B5/8/PP3PPP/RNBQK1NR b KQkq - 0 6,e4d5
20,EulerE,KingAlmasi,959,871,rn1qkbnr/pp3ppp/4b3/3Pp3/2B5/8/PP3PPP/RNBQK1NR w KQkq - 1 7,c8e6
20,EulerE,KingAlmasi,959,871,rn1qkbnr/pp3ppp/4P3/4p3/2B5/8/PP3PPP/RNBQK1NR b KQkq - 0 7,d5e6
20,EulerE,KingAlmasi,959,871,rn2kbnr/pp3ppp/4P3/4p3/2B5/8/PP3PPP/RNBqK1NR w KQkq - 0 8,d8d1
20,EulerE,KingAlmasi,959,871,rn2kbnr/pp3ppp/4P3/4p3/2B5/8/PP3PPP/RNBK2NR b kq - 0 8,e1d1
20,EulerE,KingAlmasi,959,871,rn2kbnr/pp4pp/4p3/4p3/2B5/8/PP3PPP/RNBK2NR w kq - 0 9,f7e6
20,EulerE,KingAlmasi,959,871,rn2kbnr/pp4pp/4p3/4p3/2B5/2N5/PP3PPP/R1BK2NR b kq - 1 9,b1c3
20,EulerE,KingAlmasi,959,871,rn2kb1r/pp2n1pp/4p3/4p3/2B5/2N5/PP3PPP/R1BK2NR w kq - 2 10,g8e7
20,EulerE,KingAlmasi,959,871,rn2kb1r/pp2n1pp/4p3/4p3/2B5/2N1B3/PP3PPP/R2K2NR b kq - 3 10,c1e3
20,EulerE,KingAlmasi,959,871,rn2kb1r/pp4pp/4p3/3np3/2B5/2N1B3/PP3PPP/R2K2NR w kq - 4 11,e7d5
20,EulerE,KingAlmasi,959,871,rn2kb1r/pp4pp/4p3/3Bp3/8/2N1B3/PP3PPP/R2K2NR b kq - 0 11,c4d5
20,EulerE,KingAlmasi,959,871,rn2kb1r/pp4pp/8/3pp3/8/2N1B3/PP3PPP/R2K2NR w kq - 0 12,e6d5
20,EulerE,KingAlmasi,959,871,rn2kb1r/pp4pp/8/3Np3/8/4B3/PP3PPP/R2K2NR b kq - 0 12,c3d5
20,EulerE,KingAlmasi,959,871,r3kb1r/pp4pp/n7/3Np3/8/4B3/PP3PPP/R2K2NR w kq - 1 13,b8a6
20,EulerE,KingAlmasi,959,871,r3kb1r/pp4pp/n7/3Np3/5P2/4B3/PP4PP/R2K2NR b kq - 0 13,f2f4
20,EulerE,KingAlmasi,959,871,r3kb1r/pp4pp/n7/3N4/5p2/4B3/PP4PP/R2K2NR w kq - 0 14,e5f4
20,EulerE,KingAlmasi,959,871,r3kb1r/pp4pp/n7/3N4/5B2/8/PP4PP/R2K2NR b kq - 0 14,e3f4
20,EulerE,KingAlmasi,959,871,r3kb1r/p5pp/np6/3N4/5B2/8/PP4PP/R2K2NR w kq - 0 15,b7b6
20,EulerE,KingAlmasi,959,871,r3kb1r/p5pp/np6/3N4/5B2/8/PPK3PP/R5NR b kq - 1 15,d1c2
20,EulerE,KingAlmasi,959,871,2r1kb1r/p5pp/np6/3N4/5B2/8/PPK3PP/R5NR w k - 2 16,a8c8
20,EulerE,KingAlmasi,959,871,2r1kb1r/p5pp/np6/8/5B2/2N5/PPK3PP/R5NR b k - 3 16,d5c3
20,EulerE,KingAlmasi,959,871,2r1kb1r/p5pp/1p6/2n5/5B2/2N5/PPK3PP/R5NR w k - 4 17,a6c5
20,EulerE,KingAlmasi,959,871,2r1kb1r/p5pp/1p6/2n5/5B2/2N5/PPK3PP/4R1NR b k - 5 17,a1e1
20,EulerE,KingAlmasi,959,871,2r1k2r/p3b1pp/1p6/2n5/5B2/2N5/PPK3PP/4R1NR w k - 6 18,f8e7
20,EulerE,KingAlmasi,959,871,2r1k2r/p3b1pp/1p6/2n3B1/8/2N5/PPK3PP/4R1NR b k - 7 18,f4g5
20,EulerE,KingAlmasi,959,871,4k2r/p1r1b1pp/1p6/2n3B1/8/2N5/PPK3PP/4R1NR w k - 8 19,c8c7
20,EulerE,KingAlmasi,959,871,4k2r/p1r1b1pp/1p6/2n3B1/8/2N5/PP4PP/1K2R1NR b k - 9 19,c2b1
20,EulerE,KingAlmasi,959,871,7r/p1r1bkpp/1p6/2n3B1/8/2N5/PP4PP/1K2R1NR w - - 10 20,e8f7
20,EulerE,KingAlmasi,959,871,7r/p1r1bkpp/1p6/2n3B1/8/2N2N2/PP4PP/1K2R2R b - - 11 20,g1f3
20,EulerE,KingAlmasi,959,871,7r/p1r2kpp/1p6/2n3b1/8/2N2N2/PP4PP/1K2R2R w - - 0 21,e7g5
20,EulerE,KingAlmasi,959,871,7r/p1r2kpp/1p6/2n3N1/8/2N5/PP4PP/1K2R2R b - - 0 21,f3g5
20,EulerE,KingAlmasi,959,871,7r/p1r3pp/1p4k1/2n3N1/8/2N5/PP4PP/1K2R2R w - - 1 22,f7g6
20,EulerE,KingAlmasi,959,871,7r/p1r3pp/1p4k1/2n5/8/2N2N2/PP4PP/1K2R2R b - - 2 22,g5f3
20,EulerE,KingAlmasi,959,871,7r/p1r3pp/1p4k1/8/8/2Nn1N2/PP4PP/1K2R2R w - - 3 23,c5d3
20,EulerE,KingAlmasi,959,871,7r/p1r3pp/1p2R1k1/8/8/2Nn1N2/PP4PP/1K5R b - - 4 23,e1e6
20,EulerE,KingAlmasi,959,871,7r/p1r2kpp/1p2R3/8/8/2Nn1N2/PP4PP/1K5R w - - 5 24,g6f7
20,EulerE,KingAlmasi,959,871,7r/p1r2kpp/1p2R3/6N1/8/2Nn4/PP4PP/1K5R b - - 6 24,f3g5
20,EulerE,KingAlmasi,959,871,5k1r/p1r3pp/1p2R3/6N1/8/2Nn4/PP4PP/1K5R w - - 7 25,f7f8
20,EulerE,KingAlmasi,959,871,5k1r/p1r3pp/1p2R3/6N1/8/2Nn4/PP4PP/1K3R2 b - - 8 25,h1f1
20,EulerE,KingAlmasi,959,871,6kr/p1r3pp/1p2R3/6N1/8/2Nn4/PP4PP/1K3R2 w - - 9 26,f8g8
20,EulerE,KingAlmasi,959,871,4R1kr/p1r3pp/1p6/6N1/8/2Nn4/PP4PP/1K3R2 b - - 10 26,e6e8
21,EulerE,chessnoob659,952,1011,rnbqkbnr/pppppppp/8/8/3P4/8/PPP1PPPP/RNBQKBNR b KQkq - 0 1,d2d4
21,EulerE,chessnoob659,952,1011,rnbqkbnr/pppp1ppp/8/4p3/3P4/8/PPP1PPPP/RNBQKBNR w KQkq - 0 2,e7e5
21,EulerE,chessnoob659,952,1011,rnbqkbnr/pppp1ppp/8/4P3/8/8/PPP1PPPP/RNBQKBNR b KQkq - 0 2,d4e5
21,EulerE,chessnoob659,952,1011,r1bqkbnr/pppp1ppp/2n5/4P3/8/8/PPP1PPPP/RNBQKBNR w KQkq - 1 3,b8c6
21,EulerE,chessnoob659,952,1011,r1bqkbnr/pppp1ppp/2n5/4P3/8/5N2/PPP1PPPP/RNBQKB1R b KQkq - 2 3,g1f3
21,EulerE,chessnoob659,952,1011,r1b1kbnr/ppppqppp/2n5/4P3/8/5N2/PPP1PPPP/RNBQKB1R w KQkq - 3 4,d8e7
21,EulerE,chessnoob659,952,1011,r1b1kbnr/ppppqppp/2n5/4P3/5B2/5N2/PPP1PPPP/RN1QKB1R b KQkq - 4 4,c1f4
21,EulerE,chessnoob659,952,1011,r1b1kbnr/pppp1ppp/2n5/4P3/1q3B2/5N2/PPP1PPPP/RN1QKB1R w KQkq - 5 5,e7b4
21,EulerE,chessnoob659,952,1011,r1b1kbnr/pppp1ppp/2n5/4P3/1q6/5N2/PPPBPPPP/RN1QKB1R b KQkq - 6 5,f4d2
21,EulerE,chessnoob659,952,1011,r1b1kbnr/pppp1ppp/2n5/4P3/8/5N2/PqPBPPPP/RN1QKB1R w KQkq - 0 6,b4b2
21,EulerE,chessnoob659,952,1011,r1b1kbnr/pppp1ppp/2n5/4P3/8/2N2N2/PqPBPPPP/R2QKB1R b KQkq - 1 6,b1c3
21,EulerE,chessnoob659,952,1011,r1b1kbnr/pppp1ppp/8/4P3/1n6/2N2N2/PqPBPPPP/R2QKB1R w KQkq - 2 7,c6b4
21,EulerE,chessnoob659,952,1011,r1b1kbnr/pppp1ppp/8/4P3/1n6/2N2N2/PqPBPPPP/1R1QKB1R b Kkq - 3 7,a1b1
21,EulerE,chessnoob659,952,1011,r1b1kbnr/pppp1ppp/8/4P3/8/2N2N2/PqnBPPPP/1R1QKB1R w Kkq - 0 8,b4c2
21,EulerE,chessnoob659,952,1011,r1b1kbnr/pppp1ppp/8/4P3/8/2N2N2/PqQBPPPP/1R2KB1R b Kkq - 0 8,d1c2
21,EulerE,chessnoob659,952,1011,r1b1kbnr/pppp1ppp/8/4P3/8/2N2N2/P1qBPPPP/1R2KB1R w Kkq - 0 9,b2c2
22,EulerE,worldisuroyster,946,1061,rnbqkbnr/pppppppp/8/8/3P4/8/PPP1PPPP/RNBQKBNR b KQkq - 0 1,d2d4
22,EulerE,worldisuroyster,946,1061,rnbqkb1r/pppppppp/5n2/8/3P4/8/PPP1PPPP/RNBQKBNR w KQkq - 1 2,g8f6
22,EulerE,worldisuroyster,946,1061,rnbqkb1r/pppppppp/5n2/8/2PP4/8/PP2PPPP/RNBQKBNR b KQkq - 0 2,c2c4
22,EulerE,worldisuroyster,946,1061,rnbqkb1r/pp1ppppp/2p2n2/8/2PP4/8/PP2PPPP/RNBQKBNR w KQkq - 0 3,c7c6
22,EulerE,worldisuroyster,946,1061,rnbqkb1r/pp1ppppp/2p2n2/8/2PP4/2N5/PP2PPPP/R1BQKBNR b KQkq - 1 3,b1c3
22,EulerE,worldisuroyster,946,1061,rnbqkb1r/pp2pppp/2p2n2/3p4/2PP4/2N5/PP2PPPP/R1BQKBNR w KQkq - 0 4,d7d5
22,EulerE,worldisuroyster,946,1061,rnbqkb1r/pp2pppp/2p2n2/3P4/3P4/2N5/PP2PPPP/R1BQKBNR b KQkq - 0 4,c4d5
22,EulerE,worldisuroyster,946,1061,rnbqkb1r/pp2pppp/5n2/3p4/3P4/2N5/PP2PPPP/R1BQKBNR w KQkq - 0 5,c6d5
22,EulerE,worldisuroyster,946,1061,rnbqkb1r/pp2pppp/5n2/3p4/3P4/2N2N2/PP2PPPP/R1BQKB1R b KQkq - 1 5,g1f3
22,EulerE,worldisuroyster,946,1061,rn1qkb1r/pp2pppp/5n2/3p4/3P2b1/2N2N2/PP2PPPP/R1BQKB1R w KQkq - 2 6,c8g4
22,EulerE,worldisuroyster,946,1061,rn1qkb1r/pp2pppp/5n2/3p4/3P2b1/2N1PN2/PP3PPP/R1BQKB1R b KQkq - 0 6,e2e3
22,EulerE,worldisuroyster,946,1061,rn1qkb1r/pp3ppp/4pn2/3p4/3P2b1/2N1PN2/PP3PPP/R1BQKB1R w KQkq - 0 7,e7e6
22,EulerE,worldisuroyster,946,1061,rn1qkb1r/pp3ppp/4pn2/3p4/3P2b1/2N1PN2/PP2BPPP/R1BQK2R b KQkq - 1 7,f1e2
22,EulerE,worldisuroyster,946,1061,rn1qk2r/pp3ppp/3bpn2/3p4/3P2b1/2N1PN2/PP2BPPP/R1BQK2R w KQkq - 2 8,f8d6
22,EulerE,worldisuroyster,946,1061,rn1qk2r/pp3ppp/3bpn2/3p4/3P2b1/2N1PN1P/PP2BPP1/R1BQK2R b KQkq - 0 8,h2h3
22,EulerE,worldisuroyster,946,1061,rn1qk2r/pp3ppp/3bpn2/3p4/3P4/2N1Pb1P/PP2BPP1/R1BQK2R w KQkq - 0 9,g4f3
22,EulerE,worldisuroyster,946,1061,rn1qk2r/pp3ppp/3bpn2/3p4/3P4/2N1PB1P/PP3PP1/R1BQK2R b KQkq - 0 9,e2f3
22,EulerE,worldisuroyster,946,1061,rn1q1rk1/pp3ppp/3bpn2/3p4/3P4/2N1PB1P/PP3PP1/R1BQK2R w KQ - 1 10,e8g8
22,EulerE,worldisuroyster,946,1061,rn1q1rk1/pp3ppp/3bpn2/3p4/3P4/2N1PB1P/PP1B1PP1/R2QK2R b KQ - 2 10,c1d2
22,EulerE,worldisuroyster,946,1061,r2q1rk1/pp1n1ppp/3bpn2/3p4/3P4/2N1PB1P/PP1B1PP1/R2QK2R w KQ - 3 11,b8d7
22,EulerE,worldisuroyster,946,1061,r2q1rk1/pp1n1ppp/3bpn2/3p4/3P4/2N1PB1P/PP1B1PP1/R2Q1RK1 b - - 4 11,e1g1
22,EulerE,worldisuroyster,946,1061,2rq1rk1/pp1n1ppp/3bpn2/3p4/3P4/2N1PB1P/PP1B1PP1/R2Q1RK1 w - - 5 12,a8c8
22,EulerE,worldisuroyster,946,1061,2rq1rk1/pp1n1ppp/3bpn2/3p4/3P4/2N1PB1P/PP1B1PP1/R2QR1K1 b - - 6 12,f1e1
22,EulerE,worldisuroyster,946,1061,1brq1rk1/pp1n1ppp/4pn2/3p4/3P4/2N1PB1P/PP1B1PP1/R2QR1K1 w - - 7 13,d6b8
22,EulerE,worldisuroyster,946,1061,1brq1rk1/pp1n1ppp/4pn2/3p4/3PP3/2N2B1P/PP1B1PP1/R2QR1K1 b - - 0 13,e3e4
22,EulerE,worldisuroyster,946,1061,1brq1rk1/pp1n1ppp/5n2/3pp3/3PP3/2N2B1P/PP1B1PP1/R2QR1K1 w - - 0 14,e6e5
22,EulerE,worldisuroyster,946,1061,1brq1rk1/pp1n1ppp/5n2/3Pp3/3P4/2N2B1P/PP1B1PP1/R2QR1K1 b - - 0 14,e4d5
22,EulerE,worldisuroyster,946,1061,1brq1rk1/pp1n1ppp/5n2/3P4/3p4/2N2B1P/PP1B1PP1/R2QR1K1 w - - 0 15,e5d4
22,EulerE,worldisuroyster,946,1061,1brq1rk1/pp1n1ppp/5n2/3P4/3pN3/5B1P/PP1B1PP1/R2QR1K1 b - - 1 15,c3e4
22,EulerE,worldisuroyster,946,1061,1brq1rk1/pp1n1ppp/8/3n4/3pN3/5B1P/PP1B1PP1/R2QR1K1 w - - 0 16,f6d5
22,EulerE,worldisuroyster,946,1061,1brq1rk1/pp1n1ppp/8/3n4/3pN3/1Q3B1P/PP1B1PP1/R3R1K1 b - - 1 16,d1b3
22,EulerE,worldisuroyster,946,1061,1br2rk1/ppqn1ppp/8/3n4/3pN3/1Q3B1P/PP1B1PP1/R3R1K1 w - - 2 17,d8c7
22,EulerE,worldisuroyster,946,1061,1br2rk1/ppqn1ppp/8/3Q4/3pN3/5B1P/PP1B1PP1/R3R1K1 b - - 0 17,b3d5
22,EulerE,worldisuroyster,946,1061,1br2rk1/pp1n1ppp/8/3Q4/3pN3/5B1P/PP1B1PPq/R3R1K1 w - - 1 18,c7h2
22,EulerE,worldisuroyster,946,1061,1br2rk1/pp1n1ppp/8/3Q4/3pN3/5B1P/PP1B1PPq/R3RK2 b - - 2 18,g1f1
22,EulerE,worldisuroyster,946,1061,1br2rk1/pp3ppp/1n6/3Q4/3pN3/5B1P/PP1B1PPq/R3RK2 w - - 3 19,d7b6
22,EulerE,worldisuroyster,946,1061,1br2rk1/pp3ppp/1n6/8/3QN3/5B1P/PP1B1PPq/R3RK2 b - - 0 19,d5d4
22,EulerE,worldisuroyster,946,1061,1b3rk1/pp3ppp/1n6/8/3QN3/5B1P/PPrB1PPq/R3RK2 w - - 1 20,c8c2
22,EulerE,worldisuroyster,946,1061,1b3rk1/pp3ppp/1n5B/8/3QN3/5B1P/PPr2PPq/R3RK2 b - - 2 20,d2h6
22,EulerE,worldisuroyster,946,1061,1b3rk1/pp3ppp/1n5B/8/3QN3/5B1P/PPr2PP1/R3RK1q w - - 3 21,h2h1
23,Confused-Bewildered,EulerE,963,955,rnbqkbnr/pppppppp/8/8/4P3/8/PPPP1PPP/RNBQKBNR b KQkq - 0 1,e2e4
23,Confused-Bewildered,EulerE,963,955,rnbqkbnr/pppp1ppp/8/4p3/4P3/8/PPPP1PPP/RNBQKBNR w KQkq - 0 2,e7e5
23,Confused-Bewildered,EulerE,963,955,rnbqkbnr/pppp1ppp/8/4p3/3PP3/8/PPP2PPP/RNBQKBNR b KQkq - 0 2,d2d4
23,Confused-Bewildered,EulerE,963,955,rnbqkbnr/pppp1ppp/8/8/3pP3/8/PPP2PPP/RNBQKBNR w KQkq - 0 3,e5d4
23,Confused-Bewildered,EulerE,963,955,rnbqkbnr/pppp1ppp/8/8/3pP3/5N2/PPP2PPP/RNBQKB1R b KQkq - 1 3,g1f3
23,Confused-Bewildered,EulerE,963,955,rnbqkbnr/ppp2ppp/8/3p4/3pP3/5N2/PPP2PPP/RNBQKB1R w KQkq - 0 4,d7d5
23,Confused-Bewildered,EulerE,963,955,rnbqkbnr/ppp2ppp/8/3p4/3NP3/8/PPP2PPP/RNBQKB1R b KQkq - 0 4,f3d4
23,Confused-Bewildered,EulerE,963,955,rnbqkbnr/ppp2ppp/8/8/3Np3/8/PPP2PPP/RNBQKB1R w KQkq - 0 5,d5e4
23,Confused-Bewildered,EulerE,963,955,rnbqkbnr/ppp2ppp/8/8/3Np3/2N5/PPP2PPP/R1BQKB1R b KQkq - 1 5,b1c3
23,Confused-Bewildered,EulerE,963,955,rnbqkb1r/ppp2ppp/5n2/8/3Np3/2N5/PPP2PPP/R1BQKB1R w KQkq - 2 6,g8f6
23,Confused-Bewildered,EulerE,963,955,rnbqkb1r/ppp2ppp/5n2/8/3Np3/2N5/PPP1QPPP/R1B1KB1R b KQkq - 3 6,d1e2
23,Confused-Bewildered,EulerE,963,955,rnb1kb1r/ppp2ppp/5n2/8/3qp3/2N5/PPP1QPPP/R1B1KB1R w KQkq - 0 7,d8d4
23,Confused-Bewildered,EulerE,963,955,rnb1kb1r/ppp2ppp/5n2/8/3qp3/2N1B3/PPP1QPPP/R3KB1R b KQkq - 1 7,c1e3
23,Confused-Bewildered,EulerE,963,955,rnb1kb1r/ppp2ppp/5n2/8/1q2p3/2N1B3/PPP1QPPP/R3KB1R w KQkq - 2 8,d4b4
23,Confused-Bewildered,EulerE,963,955,rnb1kb1r/ppp2ppp/5n2/8/1q2p3/2N1B3/PPP1QPPP/2KR1B1R b kq - 3 8,e1c1
23,Confused-Bewildered,EulerE,963,955,rn2kb1r/ppp2ppp/4bn2/8/1q2p3/2N1B3/PPP1QPPP/2KR1B1R w kq - 4 9,c8e6
23,Confused-Bewildered,EulerE,963,955,rn2kb1r/ppp2ppp/4bn2/1N6/1q2p3/4B3/PPP1QPPP/2KR1B1R b kq - 5 9,c3b5
23,Confused-Bewildered,EulerE,963,955,rn2k2r/ppp2ppp/3bbn2/1N6/1q2p3/4B3/PPP1QPPP/2KR1B1R w kq - 6 10,f8d6
23,Confused-Bewildered,EulerE,963,955,rn2k2r/ppp2ppp/3Nbn2/8/1q2p3/4B3/PPP1QPPP/2KR1B1R b kq - 0 10,b5d6
23,Confused-Bewildered,EulerE,963,955,rn2k2r/pp3ppp/3pbn2/8/1q2p3/4B3/PPP1QPPP/2KR1B1R w kq - 0 11,c7d6
23,Confused-Bewildered,EulerE,963,955,rn2k2r/pp3ppp/3pbn2/8/1q2p3/4B3/PPPQ1PPP/2KR1B1R b kq - 1 11,e2d2
23,Confused-Bewildered,EulerE,963,955,r3k2r/pp3ppp/2npbn2/8/1q2p3/4B3/PPPQ1PPP/2KR1B1R w kq - 2 12,b8c6
23,Confused-Bewildered,EulerE,963,955,r3k2r/pp3ppp/2npbn2/8/1q2p3/P3B3/1PPQ1PPP/2KR1B1R b kq - 0 12,a2a3
23,Confused-Bewildered,EulerE,963,955,r3k2r/pp3ppp/2npbn2/8/4p3/P3B3/1PPq1PPP/2KR1B1R w kq - 0 13,b4d2
23,Confused-Bewildered,EulerE,963,955,r3k2r/pp3ppp/2npbn2/8/4p3/P3B3/1PPR1PPP/2K2B1R b kq - 0 13,d1d2
23,Confused-Bewildered,EulerE,963,955,r3k2r/pp3ppp/2n1bn2/3p4/4p3/P3B3/1PPR1PPP/2K2B1R w kq - 0 14,d6d5
23,Confused-Bewildered,EulerE,963,955,r3k2r/pp3ppp/2n1bn2/2Bp4/4p3/P7/1PPR1PPP/2K2B1R b kq - 1 14,e3c5
23,Confused-Bewildered,EulerE,963,955,2kr3r/pp3ppp/2n1bn2/2Bp4/4p3/P7/1PPR1PPP/2K2B1R w - - 2 15,e8c8
23,Confused-Bewildered,EulerE,963,955,2kr3r/pp3ppp/2n1bn2/1BBp4/4p3/P7/1PPR1PPP/2K4R b - - 3 15,f1b5
23,Confused-Bewildered,EulerE,963,955,2kr3r/pp1b1ppp/2n2n2/1BBp4/4p3/P7/1PPR1PPP/2K4R w - - 4 16,e6d7
23,Confused-Bewildered,EulerE,963,955,2kr3r/pp1b1ppp/2B2n2/2Bp4/4p3/P7/1PPR1PPP/2K4R b - - 0 16,b5c6
23,Confused-Bewildered,EulerE,963,955,2kr3r/p2b1ppp/2p2n2/2Bp4/4p3/P7/1PPR1PPP/2K4R w - - 0 17,b7c6
23,Confused-Bewildered,EulerE,963,955,2kr3r/B2b1ppp/2p2n2/3p4/4p3/P7/1PPR1PPP/2K4R b - - 0 17,c5a7
23,Confused-Bewildered,EulerE,963,955,2krr3/B2b1ppp/2p2n2/3p4/4p3/P7/1PPR1PPP/2K4R w - - 1 18,h8e8
23,Confused-Bewildered,EulerE,963,955,2krr3/B2b1ppp/2p2n2/3p4/3Rp3/P7/1PP2PPP/2K4R b - - 2 18,d2d4
23,Confused-Bewildered,EulerE,963,955,2krr3/B4ppp/2p2n2/3p1b2/3Rp3/P7/1PP2PPP/2K4R w - - 3 19,d7f5
23,Confused-Bewildered,EulerE,963,955,2krr3/5ppp/1Bp2n2/3p1b2/3Rp3/P7/1PP2PPP/2K4R b - - 4 19,a7b6
23,Confused-Bewildered,EulerE,963,955,2k1r3/3r1ppp/1Bp2n2/3p1b2/3Rp3/P7/1PP2PPP/2K4R w - - 5 20,d8d7
23,Confused-Bewildered,EulerE,963,955,2k1r3/3r1ppp/1Bp2n2/3p1b2/R3p3/P7/1PP2PPP/2K4R b - - 6 20,d4a4
23,Confused-Bewildered,EulerE,963,955,4r3/1k1r1ppp/1Bp2n2/3p1b2/R3p3/P7/1PP2PPP/2K4R w - - 7 21,c8b7
23,Confused-Bewildered,EulerE,963,955,4r3/1k1r1ppp/1Bp2n2/3p1b2/1R2p3/P7/1PP2PPP/2K4R b - - 8 21,a4b4
23,Confused-Bewildered,EulerE,963,955,2k1r3/3r1ppp/1Bp2n2/3p1b2/1R2p3/P7/1PP2PPP/2K4R w - - 9 22,b7c8
23,Confused-Bewildered,EulerE,963,955,2k1r3/3r1ppp/1Bp2n2/3p1b2/1R2p3/P7/1PP2PPP/2KR4 b - - 10 22,h1d1
23,Confused-Bewildered,EulerE,963,955,2k1r3/3r1ppp/1B3n2/2pp1b2/1R2p3/P7/1PP2PPP/2KR4 w - - 0 23,c6c5
23,Confused-Bewildered,EulerE,963,955,2k1r3/3r1ppp/5n2/2Bp1b2/1R2p3/P7/1PP2PPP/2KR4 b - - 0 23,b6c5
23,Confused-Bewildered,EulerE,963,955,2k1r3/1r3ppp/5n2/2Bp1b2/1R2p3/P7/1PP2PPP/2KR4 w - - 1 24,d7b7
23,Confused-Bewildered,EulerE,963,955,2k1r3/1r3ppp/5n2/2Bp1b2/R3p3/P7/1PP2PPP/2KR4 b - - 2 24,b4a4
23,Confused-Bewildered,EulerE,963,955,2k1r3/1r1b1ppp/5n2/2Bp4/R3p3/P7/1PP2PPP/2KR4 w - - 3 25,f5d7
23,Confused-Bewildered,EulerE,963,955,R1k1r3/1r1b1ppp/5n2/2Bp4/4p3/P7/1PP2PPP/2KR4 b - - 4 25,a4a8
23,Confused-Bewildered,EulerE,963,955,R3r3/1rkb1ppp/5n2/2Bp4/4p3/P7/1PP2PPP/2KR4 w - - 5 26,c8c7
23,Confused-Bewildered,EulerE,963,955,4r3/1rkb1ppp/5n2/R1Bp4/4p3/P7/1PP2PPP/2KR4 b - - 6 26,a8a5
23,Confused-Bewildered,EulerE,963,955,4r3/2kb1ppp/5n2/RrBp4/4p3/P7/1PP2PPP/2KR4 w - - 7 27,b7b5
23,Confused-Bewildered,EulerE,963,955,4r3/R1kb1ppp/5n2/1rBp4/4p3/P7/1PP2PPP/2KR4 b - - 8 27,a5a7
23,Confused-Bewildered,EulerE,963,955,4r3/Rrkb1ppp/5n2/2Bp4/4p3/P7/1PP2PPP/2KR4 w - - 9 28,b5b7
23,Confused-Bewildered,EulerE,963,955,4r3/1rkb1ppp/5n2/R1Bp4/4p3/P7/1PP2PPP/2KR4 b - - 10 28,a7a5
23,Confused-Bewildered,EulerE,963,955,4r3/2kb1ppp/5n2/RrBp4/4p3/P7/1PP2PPP/2KR4 w - - 11 29,b7b5
23,Confused-Bewildered,EulerE,963,955,4r3/R1kb1ppp/5n2/1rBp4/4p3/P7/1PP2PPP/2KR4 b - - 12 29,a5a7
23,Confused-Bewildered,EulerE,963,955,4r3/R2b1ppp/2k2n2/1rBp4/4p3/P7/1PP2PPP/2KR4 w - - 13 30,c7c6
23,Confused-Bewildered,EulerE,963,955,4r3/R2b1ppp/2k2n2/1r1p4/4p3/P3B3/1PP2PPP/2KR4 b - - 14 30,c5e3
23,Confused-Bewildered,EulerE,963,955,4r3/Rr1b1ppp/2k2n2/3p4/4p3/P3B3/1PP2PPP/2KR4 w - - 15 31,b5b7
23,Confused-Bewildered,EulerE,963,955,4r3/1r1b1ppp/2k2n2/R2p4/4p3/P3B3/1PP2PPP/2KR4 b - - 16 31,a7a5
23,Confused-Bewildered,EulerE,963,955,4r3/1rkb1ppp/5n2/R2p4/4p3/P3B3/1PP2PPP/2KR4 w - - 17 32,c6c7
23,Confused-Bewildered,EulerE,963,955,4r3/1rkb1ppp/5n2/2Rp4/4p3/P3B3/1PP2PPP/2KR4 b - - 18 32,a5c5
23,Confused-Bewildered,EulerE,963,955,4r3/1rk2ppp/2b2n2/2Rp4/4p3/P3B3/1PP2PPP/2KR4 w - - 19 33,d7c6
23,Confused-Bewildered,EulerE,963,955,4r3/1rk2ppp/2b2n2/2Rp4/3Rp3/P3B3/1PP2PPP/2K5 b - - 20 33,d1d4
23,Confused-Bewildered,EulerE,963,955,4r3/1r3ppp/2bk1n2/2Rp4/3Rp3/P3B3/1PP2PPP/2K5 w - - 21 34,c7d6
23,Confused-Bewildered,EulerE,963,955,4r3/1r3ppp/2bk1n2/R2p4/3Rp3/P3B3/1PP2PPP/2K5 b - - 22 34,c5a5
23,Confused-Bewildered,EulerE,963,955,4r3/1r3ppp/2bk4/R2p4/3Rp1n1/P3B3/1PP2PPP/2K5 w - - 23 35,f6g4
23,Confused-Bewildered,EulerE,963,955,4r3/1r3ppp/2bk4/R2p4/3RpBn1/P7/1PP2PPP/2K5 b - - 24 35,e3f4
23,Confused-Bewildered,EulerE,963,955,4r3/1r3ppp/2bk4/R2pn3/3RpB2/P7/1PP2PPP/2K5 w - - 25 36,g4e5
23,Confused-Bewildered,EulerE,963,955,4r3/1r3ppp/2bk4/R2pB3/3Rp3/P7/1PP2PPP/2K5 b - - 0 36,f4e5
23,Confused-Bewildered,EulerE,963,955,4r3/1r3ppp/2b5/R2pk3/3Rp3/P7/1PP2PPP/2K5 w - - 0 37,d6e5
23,Confused-Bewildered,EulerE,963,955,4r3/1r3ppp/2b5/R2pk3/4p3/P7/1PPR1PPP/2K5 b - - 1 37,d4d2
23,Confused-Bewildered,EulerE,963,955,4r3/5ppp/2b5/Rr1pk3/4p3/P7/1PPR1PPP/2K5 w - - 2 38,b7b5
23,Confused-Bewildered,EulerE,963,955,4r3/5ppp/R1b5/1r1pk3/4p3/P7/1PPR1PPP/2K5 b - - 3 38,a5a6
23,Confused-Bewildered,EulerE,963,955,8/5ppp/R1b1r3/1r1pk3/4p3/P7/1PPR1PPP/2K5 w - - 4 39,e8e6
23,Confused-Bewildered,EulerE,963,955,8/5ppp/R1b1r3/1r1pk3/4p3/P5P1/1PPR1P1P/2K5 b - - 0 39,g2g3
23,Confused-Bewildered,EulerE,963,955,8/3b1ppp/R3r3/1r1pk3/4p3/P5P1/1PPR1P1P/2K5 w - - 1 40,c6d7
23,Confused-Bewildered,EulerE,963,955,8/3b1ppp/R3r3/1r1pk3/4p3/P5PP/1PPR1P2/2K5 b - - 0 40,h2h3
23,Confused-Bewildered,EulerE,963,955,8/3b1ppp/r7/1r1pk3/4p3/P5PP/1PPR1P2/2K5 w - - 0 41,e6a6
23,Confused-Bewildered,EulerE,963,955,8/3b1ppp/r7/1r1pk3/4pP2/P5PP/1PPR4/2K5 b - f3 0 41,f2f4
23,Confused-Bewildered,EulerE,963,955,8/3b1ppp/r7/1r1p1k2/4pP2/P5PP/1PPR4/2K5 w - - 1 42,e5f5
23,Confused-Bewildered,EulerE,963,955,8/3b1ppp/r7/1r1p1k2/3RpP2/P5PP/1PP5/2K5 b - - 2 42,d2d4
23,Confused-Bewildered,EulerE,963,955,8/5ppp/r3b3/1r1p1k2/3RpP2/P5PP/1PP5/2K5 w - - 3 43,d7e6
23,Confused-Bewildered,EulerE,963,955,8/5ppp/r3b3/1r1p1k2/3RpPP1/P6P/1PP5/2K5 b - - 0 43,g3g4
23,Confused-Bewildered,EulerE,963,955,8/5ppp/r3bk2/1r1p4/3RpPP1/P6P/1PP5/2K5 w - - 1 44,f5f6
23,Confused-Bewildered,EulerE,963,955,8/5ppp/r3bk2/1r1p2P1/3RpP2/P6P/1PP5/2K5 b - - 0 44,g4g5
23,Confused-Bewildered,EulerE,963,955,8/5ppp/r3b3/1r1p1kP1/3RpP2/P6P/1PP5/2K5 w - - 1 45,f6f5
23,Confused-Bewildered,EulerE,963,955,8/5ppp/r3b3/1r1p1kP1/3RpP1P/P7/1PP5/2K5 b - - 0 45,h3h4
23,Confused-Bewildered,EulerE,963,955,8/5ppp/r3b3/1r1p2P1/3Rpk1P/P7/1PP5/2K5 w - - 0 46,f5f4
23,Confused-Bewildered,EulerE,963,955,8/5ppp/r3b1P1/1r1p4/3Rpk1P/P7/1PP5/2K5 b - - 0 46,g5g6
23,Confused-Bewildered,EulerE,963,955,8/5pp1/r3b1p1/1r1p4/3Rpk1P/P7/1PP5/2K5 w - - 0 47,h7g6
23,Confused-Bewildered,EulerE,963,955,8/5pp1/r3b1p1/1r1p4/4pk1P/P7/1PPR4/2K5 b - - 1 47,d4d2
23,Confused-Bewildered,EulerE,963,955,8/5pp1/r3b1p1/1r1p4/4p1kP/P7/1PPR4/2K5 w - - 2 48,f4g4
23,Confused-Bewildered,EulerE,963,955,8/5pp1/r3b1p1/1r1p4/4p1kP/P7/1PP2R2/2K5 b - - 3 48,d2f2
23,Confused-Bewildered,EulerE,963,955,8/5pp1/r3b1p1/1r1p4/4p2k/P7/1PP2R2/2K5 w - - 0 49,g4h4
23,Confused-Bewildered,EulerE,963,955,8/5pp1/r3b1p1/1r1p4/4pR1k/P7/1PP5/2K5 b - - 1 49,f2f4
23,Confused-Bewildered,EulerE,963,955,8/5pp1/r3b1p1/1r1p2k1/4pR2/P7/1PP5/2K5 w - - 2 50,h4g5
23,Confused-Bewildered,EulerE,963,955,8/5pp1/r3b1p1/1r1p2k1/4p3/P7/1PP2R2/2K5 b - - 3 50,f4f2
23,Confused-Bewildered,EulerE,963,955,8/5pp1/r3b1pk/1r1p4/4p3/P7/1PP2R2/2K5 w - - 4 51,g5h6
23,Confused-Bewildered,EulerE,963,955,8/5pp1/r3b1pk/1r1p4/4p3/P7/1PP4R/2K5 b - - 5 51,f2h2
23,Confused-Bewildered,EulerE,963,955,8/5pp1/r3b1p1/1r1p2k1/4p3/P7/1PP4R/2K5 w - - 6 52,h6g5
23,Confused-Bewildered,EulerE,963,955,8/5pp1/r3b1p1/1r1p2k1/4p3/P7/1PP3R1/2K5 b - - 7 52,h2g2
23,Confused-Bewildered,EulerE,963,955,8/5pp1/r3b1p1/1r1p4/4p2k/P7/1PP3R1/2K5 w - - 8 53,g5h4
23,Confused-Bewildered,EulerE,963,955,8/5pp1/r3b1p1/1r1p4/4p2k/P7/1PP4R/2K5 b - - 9 53,g2h2
23,Confused-Bewildered,EulerE,963,955,8/5pp1/r3b1p1/1r1p4/4p1k1/P7/1PP4R/2K5 w - - 10 54,h4g4
23,Confused-Bewildered,EulerE,963,955,8/5pp1/r3b1p1/1r1p4/4p1k1/P7/1PPR4/2K5 b - - 11 54,h2d2
23,Confused-Bewildered,EulerE,963,955,8/5pp1/r3b1p1/1r1p4/4p3/P4k2/1PPR4/2K5 w - - 12 55,g4f3
23,Confused-Bewildered,EulerE,963,955,8/5pp1/r3b1p1/1r1p4/4p3/P4k2/1PP4R/2K5 b - - 13 55,d2h2
23,Confused-Bewildered,EulerE,963,955,8/5pp1/r3b1p1/1r1p4/4p3/P5k1/1PP4R/2K5 w - - 14 56,f3g3
23,Confused-Bewildered,EulerE,963,955,8/5pp1/r3b1p1/1r1p4/4p3/P5k1/1PPR4/2K5 b - - 15 56,h2d2
23,Confused-Bewildered,EulerE,963,955,8/5pp1/r3b1p1/1r1p4/4p3/P4k2/1PPR4/2K5 w - - 16 57,g3f3
23,Confused-Bewildered,EulerE,963,955,8/5pp1/r3b1p1/1r1p4/3Rp3/P4k2/1PP5/2K5 b - - 17 57,d2d4
23,Confused-Bewildered,EulerE,963,955,8/5pp1/r3b1p1/1r1p4/3Rpk2/P7/1PP5/2K5 w - - 18 58,f3f4
23,Confused-Bewildered,EulerE,963,955,8/5pp1/r3b1p1/1r1p4/4pk2/P7/1PP5/2KR4 b - - 19 58,d4d1
23,Confused-Bewildered,EulerE,963,955,8/5pp1/r3b1p1/1r1p4/4p3/P5k1/1PP5/2KR4 w - - 20 59,f4g3
24,Damagehasbeendone,EulerE,961,947,rnbqkbnr/pppppppp/8/8/7P/8/PPPPPPP1/RNBQKBNR b KQkq - 0 1,h2h4
24,Damagehasbeendone,EulerE,961,947,rnbqkbnr/pppp1ppp/8/4p3/7P/8/PPPPPPP1/RNBQKBNR w KQkq - 0 2,e7e5
24,Damagehasbeendone,EulerE,961,947,rnbqkbnr/pppp1ppp/8/4p3/4P2P/8/PPPP1PP1/RNBQKBNR b KQkq - 0 2,e2e4
24,Damagehasbeendone,EulerE,961,947,rnbqkb1r/pppp1ppp/5n2/4p3/4P2P/8/PPPP1PP1/RNBQKBNR w KQkq - 1 3,g8f6
24,Damagehasbeendone,EulerE,961,947,rnbqkb1r/pppp1ppp/5n2/4p3/4P2P/3P4/PPP2PP1/RNBQKBNR b KQkq - 0 3,d2d3
24,Damagehasbeendone,EulerE,961,947,r1bqkb1r/pppp1ppp/2n2n2/4p3/4P2P/3P4/PPP2PP1/RNBQKBNR w KQkq - 1 4,b8c6
24,Damagehasbeendone,EulerE,961,947,r1bqkb1r/pppp1ppp/2n2n2/4p3/4P2P/P2P4/1PP2PP1/RNBQKBNR b KQkq - 0 4,a2a3
24,Damagehasbeendone,EulerE,961,947,r1bqk2r/pppp1ppp/2n2n2/2b1p3/4P2P/P2P4/1PP2PP1/RNBQKBNR w KQkq - 1 5,f8c5
24,Damagehasbeendone,EulerE,961,947,r1bqk2r/pppp1ppp/2n2n2/2b1p3/4P2P/P2P1N2/1PP2PP1/RNBQKB1R b KQkq - 2 5,g1f3
24,Damagehasbeendone,EulerE,961,947,r1bq1rk1/pppp1ppp/2n2n2/2b1p3/4P2P/P2P1N2/1PP2PP1/RNBQKB1R w KQ - 3 6,e8g8
24,Damagehasbeendone,EulerE,961,947,r1bq1rk1/pppp1ppp/2n2n2/2b1p3/4P2P/P1PP1N2/1P3PP1/RNBQKB1R b KQ - 0 6,c2c3
24,Damagehasbeendone,EulerE,961,947,r1bq1rk1/p1pp1ppp/2n2n2/1pb1p3/4P2P/P1PP1N2/1P3PP1/RNBQKB1R w KQ - 0 7,b7b5
24,Damagehasbeendone,EulerE,961,947,r1bq1rk1/p1pp1ppp/2n2n2/1pb1p3/P3P2P/2PP1N2/1P3PP1/RNBQKB1R b KQ - 0 7,a3a4
24,Damagehasbeendone,EulerE,961,947,r1bq1rk1/p1pp1ppp/2n2n2/2b1p3/Pp2P2P/2PP1N2/1P3PP1/RNBQKB1R w KQ - 0 8,b5b4
24,Damagehasbeendone,EulerE,961,947,r1bq1rk1/p1pp1ppp/2n2n2/2b1p3/PpP1P2P/3P1N2/1P3PP1/RNBQKB1R b KQ - 0 8,c3c4
24,Damagehasbeendone,EulerE,961,947,r1bq1rk1/2pp1ppp/2n2n2/p1b1p3/PpP1P2P/3P1N2/1P3PP1/RNBQKB1R w KQ - 0 9,a7a5
24,Damagehasbeendone,EulerE,961,947,r1bq1rk1/2pp1ppp/2n2n2/p1b1p3/PpP1P2P/1P1P1N2/5PP1/RNBQKB1R b KQ - 0 9,b2b3
24,Damagehasbeendone,EulerE,961,947,r1bq1rk1/2p2ppp/2np1n2/p1b1p3/PpP1P2P/1P1P1N2/5PP1/RNBQKB1R w KQ - 0 10,d7d6
24,Damagehasbeendone,EulerE,961,947,r1bq1rk1/2p2ppp/2np1n2/p1b1p2P/PpP1P3/1P1P1N2/5PP1/RNBQKB1R b KQ - 0 10,h4h5
24,Damagehasbeendone,EulerE,961,947,r1bq1rk1/2p2pp1/2np1n1p/p1b1p2P/PpP1P3/1P1P1N2/5PP1/RNBQKB1R w KQ - 0 11,h7h6
24,Damagehasbeendone,EulerE,961,947,r1bq1rk1/2p2pp1/2np1n1p/p1b1p2P/PpP1P3/1P1P1N2/3N1PP1/R1BQKB1R b KQ - 1 11,b1d2
24,Damagehasbeendone,EulerE,961,947,r2q1rk1/2p2pp1/2np1n1p/p1b1p2P/PpP1P1b1/1P1P1N2/3N1PP1/R1BQKB1R w KQ - 2 12,c8g4
24,Damagehasbeendone,EulerE,961,947,r2q1rk1/2p2pp1/2np1n1p/p1b1p2P/PpP1P1b1/1P1P1N2/3NBPP1/R1BQK2R b KQ - 3 12,f1e2
24,Damagehasbeendone,EulerE,961,947,r2q1rk1/2p2pp1/2np1n1p/p1b1p2b/PpP1P3/1P1P1N2/3NBPP1/R1BQK2R w KQ - 0 13,g4h5
24,Damagehasbeendone,EulerE,961,947,r2q1rk1/2p2pp1/2np1n1p/p1b1p2b/PpP1P2N/1P1P4/3NBPP1/R1BQK2R b KQ - 1 13,f3h4
24,Damagehasbeendone,EulerE,961,947,r2q1rk1/2p2pp1/2np1n1p/p1b1p3/PpP1P2N/1P1P4/3NbPP1/R1BQK2R w KQ - 0 14,h5e2
24,Damagehasbeendone,EulerE,961,947,r2q1rk1/2p2pp1/2np1n1p/p1b1p3/PpP1P2N/1P1P4/3NQPP1/R1B1K2R b KQ - 0 14,d1e2
24,Damagehasbeendone,EulerE,961,947,r2q1rk1/2p2p2/2np1n1p/p1b1p1p1/PpP1P2N/1P1P4/3NQPP1/R1B1K2R w KQ - 0 15,g7g5
24,Damagehasbeendone,EulerE,961,947,r2q1rk1/2p2p2/2np1n1p/p1b1pNp1/PpP1P3/1P1P4/3NQPP1/R1B1K2R b KQ - 1 15,h4f5
24,Damagehasbeendone,EulerE,961,947,r2q1rk1/2p2p1n/2np3p/p1b1pNp1/PpP1P3/1P1P4/3NQPP1/R1B1K2R w KQ - 2 16,f6h7
24,Damagehasbeendone,EulerE,961,947,r2q1rk1/2p2p1n/2np3R/p1b1pNp1/PpP1P3/1P1P4/3NQPP1/R1B1K3 b Q - 0 16,h1h6
24,Damagehasbeendone,EulerE,961,947,r2q1rk1/2p4n/2np1p1R/p1b1pNp1/PpP1P3/1P1P4/3NQPP1/R1B1K3 w Q - 0 17,f7f6
24,Damagehasbeendone,EulerE,961,947,r2q1rk1/2p4n/2np1p1R/p1b1pNp1/PpP1P3/1P1P1N2/4QPP1/R1B1K3 b Q - 1 17,d2f3
24,Damagehasbeendone,EulerE,961,947,r2q2k1/2p2r1n/2np1p1R/p1b1pNp1/PpP1P3/1P1P1N2/4QPP1/R1B1K3 w Q - 2 18,f8f7
24,Damagehasbeendone,EulerE,961,947,r2q2k1/2p2r1n/2np1pR1/p1b1pNp1/PpP1P3/1P1P1N2/4QPP1/R1B1K3 b Q - 3 18,h6g6
24,Damagehasbeendone,EulerE,961,947,r2q3k/2p2r1n/2np1pR1/p1b1pNp1/PpP1P3/1P1P1N2/4QPP1/R1B1K3 w Q - 4 19,g8h8
24,Damagehasbeendone,EulerE,961,947,r2q3k/2p2r1n/2np1p1R/p1b1pNp1/PpP1P3/1P1P1N2/4QPP1/R1B1K3 b Q - 5 19,g6h6
24,Damagehasbeendone,EulerE,961,947,r6k/2pq1r1n/2np1p1R/p1b1pNp1/PpP1P3/1P1P1N2/4QPP1/R1B1K3 w Q - 6 20,d8d7
24,Damagehasbeendone,EulerE,961,947,r6k/2pq1r1n/2np1p1R/p1b1pNp1/PpP1P1P1/1P1P1N2/4QP2/R1B1K3 b Q - 0 20,g2g4
24,Damagehasbeendone,EulerE,961,947,6rk/2pq1r1n/2np1p1R/p1b1pNp1/PpP1P1P1/1P1P1N2/4QP2/R1B1K3 w Q - 1 21,a8g8
24,Damagehasbeendone,EulerE,961,947,6rk/2pq1r1n/2np1p1R/p1b1pNp1/PpP1P1P1/1P1P1N2/3KQP2/R1B5 b - - 2 21,e1d2
24,Damagehasbeendone,EulerE,961,947,6rk/2pq1r1n/1bnp1p1R/p3pNp1/PpP1P1P1/1P1P1N2/3KQP2/R1B5 w - - 3 22,c5b6
24,Damagehasbeendone,EulerE,961,947,6rk/2pq1r1n/1bnp1p1R/p3pNp1/PpP1P1P1/1P1P1N2/1B1KQP2/R7 b - - 4 22,c1b2
24,Damagehasbeendone,EulerE,961,947,6rk/2pq1r1n/2np1p1R/p1b1pNp1/PpP1P1P1/1P1P1N2/1B1KQP2/R7 w - - 5 23,b6c5
24,Damagehasbeendone,EulerE,961,947,6rk/2pq1r1n/2np1p1R/p1b1pNp1/PpP1P1P1/1P1P1N2/1B1KQP2/7R b - - 6 23,a1h1
24,Damagehasbeendone,EulerE,961,947,6rk/2pq1r1n/1bnp1p1R/p3pNp1/PpP1P1P1/1P1P1N2/1B1KQP2/7R w - - 7 24,c5b6
24,Damagehasbeendone,EulerE,961,947,6rk/2pq1r1n/1bnp1p1R/p3pNp1/PpP1P1P1/1P1P1N1R/1B1KQP2/8 b - - 8 24,h1h3
24,Damagehasbeendone,EulerE,961,947,6rk/2pq1r1n/2np1p1R/p1b1pNp1/PpP1P1P1/1P1P1N1R/1B1KQP2/8 w - - 9 25,b6c5
24,Damagehasbeendone,EulerE,961,947,6rk/2pq1r1n/2np1p1R/p1b1pNp1/PpP1P1P1/1P1P1N1R/1B1K1P2/5Q2 b - - 10 25,e2f1
24,Damagehasbeendone,EulerE,961,947,6rk/2pq1r1n/2np1p1R/p3pNp1/PpPbP1P1/1P1P1N1R/1B1K1P2/5Q2 w - - 11 26,c5d4
24,Damagehasbeendone,EulerE,961,947,6rk/2pq1r1n/2np1p1R/p3pNp1/PpPBP1P1/1P1P1N1R/3K1P2/5Q2 b - - 0 26,b2d4
24,Damagehasbeendone,EulerE,961,947,6rk/2pq1r1n/3p1p1R/p3pNp1/PpPnP1P1/1P1P1N1R/3K1P2/5Q2 w - - 0 27,c6d4
24,Damagehasbeendone,EulerE,961,947,6rk/2pq1r1n/3p1p1R/p3pNp1/PpPNP1P1/1P1P3R/3K1P2/5Q2 b - - 0 27,f3d4
24,Damagehasbeendone,EulerE,961,947,6rk/2pq1r1n/3p1p1R/p4Np1/PpPpP1P1/1P1P3R/3K1P2/5Q2 w - - 0 28,e5d4
24,Damagehasbeendone,EulerE,961,947,6rk/2pq1r1n/3p1p1R/p4Np1/PpPpP1P1/1P1P3R/3K1P2/7Q b - - 1 28,f1h1
24,Damagehasbeendone,EulerE,961,947,7k/2pq1rrn/3p1p1R/p4Np1/PpPpP1P1/1P1P3R/3K1P2/7Q w - - 2 29,g8g7
24,Damagehasbeendone,EulerE,961,947,7k/2pq1rNn/3p1p1R/p5p1/PpPpP1P1/1P1P3R/3K1P2/7Q b - - 0 29,f5g7
24,Damagehasbeendone,EulerE,961,947,7k/2pq2rn/3p1p1R/p5p1/PpPpP1P1/1P1P3R/3K1P2/7Q w - - 0 30,f7g7
24,Damagehasbeendone,EulerE,961,947,7k/2pq2rR/3p1p2/p5p1/PpPpP1P1/1P1P3R/3K1P2/7Q b - - 0 30,h6h7
24,Damagehasbeendone,EulerE,961,947,7k/2pq3r/3p1p2/p5p1/PpPpP1P1/1P1P3R/3K1P2/7Q w - - 0 31,g7h7
24,Damagehasbeendone,EulerE,961,947,7k/2pq3R/3p1p2/p5p1/PpPpP1P1/1P1P4/3K1P2/7Q b - - 0 31,h3h7
24,Damagehasbeendone,EulerE,961,947,7k/2p4q/3p1p2/p5p1/PpPpP1P1/1P1P4/3K1P2/7Q w - - 0 32,d7h7
24,Damagehasbeendone,EulerE,961,947,7k/2p4Q/3p1p2/p5p1/PpPpP1P1/1P1P4/3K1P2/8 b - - 0 32,h1h7
24,Damagehasbeendone,EulerE,961,947,8/2p4k/3p1p2/p5p1/PpPpP1P1/1P1P4/3K1P2/8 w - - 0 33,h8h7
24,Damagehasbeendone,EulerE,961,947,8/2p4k/3p1p2/p5p1/PpPpP1P1/1P1P4/4KP2/8 b - - 1 33,d2e2
24,Damagehasbeendone,EulerE,961,947,8/2p5/3p1pk1/p5p1/PpPpP1P1/1P1P4/4KP2/8 w - - 2 34,h7g6
24,Damagehasbeendone,EulerE,961,947,8/2p5/3p1pk1/p5p1/PpPpP1P1/1P1P1P2/4K3/8 b - - 0 34,f2f3
24,Damagehasbeendone,EulerE,961,947,8/2p5/3p2k1/p4pp1/PpPpP1P1/1P1P1P2/4K3/8 w - - 0 35,f6f5
24,Damagehasbeendone,EulerE,961,947,8/2p5/3p2k1/p4Pp1/PpPpP3/1P1P1P2/4K3/8 b - - 0 35,g4f5
24,Damagehasbeendone,EulerE,961,947,8/2p5/3p1k2/p4Pp1/PpPpP3/1P1P1P2/4K3/8 w - - 1 36,g6f6
24,Damagehasbeendone,EulerE,961,947,8/2p5/3p1k2/p4Pp1/PpPpP3/1P1P1P2/5K2/8 b - - 2 36,e2f2
24,Damagehasbeendone,EulerE,961,947,8/2p2k2/3p4/p4Pp1/PpPpP3/1P1P1P2/5K2/8 w - - 3 37,f6f7
24,Damagehasbeendone,EulerE,961,947,8/2p2k2/3p4/p4Pp1/PpPpP3/1P1P1PK1/8/8 b - - 4 37,f2g3
24,Damagehasbeendone,EulerE,961,947,8/2p5/3p1k2/p4Pp1/PpPpP3/1P1P1PK1/8/8 w - - 5 38,f7f6
24,Damagehasbeendone,EulerE,961,947,8/2p5/3p1k2/p4Pp1/PpPpP1K1/1P1P1P2/8/8 b - - 6 38,g3g4
24,Damagehasbeendone,EulerE,961,947,8/2p2k2/3p4/p4Pp1/PpPpP1K1/1P1P1P2/8/8 w - - 7 39,f6f7
24,Damagehasbeendone,EulerE,961,947,8/2p2k2/3p4/p4PK1/PpPpP3/1P1P1P2/8/8 b - - 0 39,g4g5
25,MeyerLahat,EulerE,942,939,rnbqkbnr/pppppppp/8/8/4P3/8/PPPP1PPP/RNBQKBNR b KQkq - 0 1,e2e4
25,MeyerLahat,EulerE,942,939,rnbqkbnr/pppp1ppp/8/4p3/4P3/8/PPPP1PPP/RNBQKBNR w KQkq - 0 2,e7e5
25,MeyerLahat,EulerE,942,939,rnbqkbnr/pppp1ppp/8/4p3/4P3/2N5/PPPP1PPP/R1BQKBNR b KQkq - 1 2,b1c3
25,MeyerLahat,EulerE,942,939,rnbqkb1r/pppp1ppp/5n2/4p3/4P3/2N5/PPPP1PPP/R1BQKBNR w KQkq - 2 3,g8f6
25,MeyerLahat,EulerE,942,939,rnbqkb1r/pppp1ppp/5n2/4p3/4P3/2N2N2/PPPP1PPP/R1BQKB1R b KQkq - 3 3,g1f3
25,MeyerLahat,EulerE,942,939,r1bqkb1r/pppp1ppp/2n2n2/4p3/4P3/2N2N2/PPPP1PPP/R1BQKB1R w KQkq - 4 4,b8c6
25,MeyerLahat,EulerE,942,939,r1bqkb1r/pppp1ppp/2n2n2/4p3/2B1P3/2N2N2/PPPP1PPP/R1BQK2R b KQkq - 5 4,f1c4
25,MeyerLahat,EulerE,942,939,r1bqk2r/pppp1ppp/2n2n2/2b1p3/2B1P3/2N2N2/PPPP1PPP/R1BQK2R w KQkq - 6 5,f8c5
25,MeyerLahat,EulerE,942,939,r1bqk2r/pppp1ppp/2n2n2/2b1p1N1/2B1P3/2N5/PPPP1PPP/R1BQK2R b KQkq - 7 5,f3g5
25,MeyerLahat,EulerE,942,939,r1bq1rk1/pppp1ppp/2n2n2/2b1p1N1/2B1P3/2N5/PPPP1PPP/R1BQK2R w KQ - 8 6,e8g8
25,MeyerLahat,EulerE,942,939,r1bq1rk1/pppp1ppp/2n2n2/2b1p3/2B1P3/2N2N2/PPPP1PPP/R1BQK2R b KQ - 9 6,g5f3
25,MeyerLahat,EulerE,942,939,r1bq1rk1/1ppp1ppp/p1n2n2/2b1p3/2B1P3/2N2N2/PPPP1PPP/R1BQK2R w KQ - 0 7,a7a6
25,MeyerLahat,EulerE,942,939,r1bq1rk1/1ppp1ppp/p1n2n2/2b1p3/2B1P3/2N2N2/PPPP1PPP/R1BQ1RK1 b - - 1 7,e1g1
25,MeyerLahat,EulerE,942,939,r1bq1rk1/2pp1ppp/p1n2n2/1pb1p3/2B1P3/2N2N2/PPPP1PPP/R1BQ1RK1 w - - 0 8,b7b5
25,MeyerLahat,EulerE,942,939,r1bq1rk1/2pp1ppp/p1n2n2/1pb1p3/4P3/1BN2N2/PPPP1PPP/R1BQ1RK1 b - - 1 8,c4b3
25,MeyerLahat,EulerE,942,939,r1bq1rk1/2pp1ppp/p4n2/npb1p3/4P3/1BN2N2/PPPP1PPP/R1BQ1RK1 w - - 2 9,c6a5
25,MeyerLahat,EulerE,942,939,r1bq1rk1/2pp1ppp/p4n2/npb1p3/3PP3/1BN2N2/PPP2PPP/R1BQ1RK1 b - - 0 9,d2d4
25,MeyerLahat,EulerE,942,939,r1bq1rk1/2pp1ppp/p4n2/1pb1p3/3PP3/1nN2N2/PPP2PPP/R1BQ1RK1 w - - 0 10,a5b3
25,MeyerLahat,EulerE,942,939,r1bq1rk1/2pp1ppp/p4n2/1pb1p3/3PP3/1PN2N2/1PP2PPP/R1BQ1RK1 b - - 0 10,a2b3
25,MeyerLahat,EulerE,942,939,r1bq1rk1/2pp1ppp/pb3n2/1p2p3/3PP3/1PN2N2/1PP2PPP/R1BQ1RK1 w - - 1 11,c5b6
25,MeyerLahat,EulerE,942,939,r1bq1rk1/2pp1ppp/pb3n2/1p2N3/3PP3/1PN5/1PP2PPP/R1BQ1RK1 b - - 0 11,f3e5
25,MeyerLahat,EulerE,942,939,r1bqr1k1/2pp1ppp/pb3n2/1p2N3/3PP3/1PN5/1PP2PPP/R1BQ1RK1 w - - 1 12,f8e8
25,MeyerLahat,EulerE,942,939,r1bqr1k1/2pp1ppp/pb3n2/1p6/3PP3/1PN2N2/1PP2PPP/R1BQ1RK1 b - - 2 12,e5f3
25,MeyerLahat,EulerE,942,939,r1bqr1k1/2p2ppp/pb3n2/1p1p4/3PP3/1PN2N2/1PP2PPP/R1BQ1RK1 w - - 0 13,d7d5
25,MeyerLahat,EulerE,942,939,r1bqr1k1/2p2ppp/pb3n2/1p1pP3/3P4/1PN2N2/1PP2PPP/R1BQ1RK1 b - - 0 13,e4e5
25,MeyerLahat,EulerE,942,939,r1bqr1k1/2pn1ppp/pb6/1p1pP3/3P4/1PN2N2/1PP2PPP/R1BQ1RK1 w - - 1 14,f6d7
25,MeyerLahat,EulerE,942,939,r1bqr1k1/2pn1ppp/pb6/1p1pP1B1/3P4/1PN2N2/1PP2PPP/R2Q1RK1 b - - 2 14,c1g5
25,MeyerLahat,EulerE,942,939,r1bqr1k1/2pn2pp/pb3p2/1p1pP1B1/3P4/1PN2N2/1PP2PPP/R2Q1RK1 w - - 0 15,f7f6
25,MeyerLahat,EulerE,942,939,r1bqr1k1/2pn2pp/pb3p2/1p1pP3/3P3B/1PN2N2/1PP2PPP/R2Q1RK1 b - - 1 15,g5h4
25,MeyerLahat,EulerE,942,939,r1bqr1k1/2pn3p/pb3p2/1p1pP1p1/3P3B/1PN2N2/1PP2PPP/R2Q1RK1 w - - 0 16,g7g5
25,MeyerLahat,EulerE,942,939,r1bqr1k1/2pn3p/pb3p2/1p1pP1p1/3P4/1PN2NB1/1PP2PPP/R2Q1RK1 b - - 1 16,h4g3
25,MeyerLahat,EulerE,942,939,r1bqr1k1/2pn3p/pb6/1p1pp1p1/3P4/1PN2NB1/1PP2PPP/R2Q1RK1 w - - 0 17,f6e5
25,MeyerLahat,EulerE,942,939,r1bqr1k1/2pn3p/pb6/1p1pN1p1/3P4/1PN3B1/1PP2PPP/R2Q1RK1 b - - 0 17,f3e5
25,MeyerLahat,EulerE,942,939,r1bqr1k1/2p4p/pb6/1p1pn1p1/3P4/1PN3B1/1PP2PPP/R2Q1RK1 w - - 0 18,d7e5
25,MeyerLahat,EulerE,942,939,r1bqr1k1/2p4p/pb6/1p1pB1p1/3P4/1PN5/1PP2PPP/R2Q1RK1 b - - 0 18,g3e5
25,MeyerLahat,EulerE,942,939,r1b1r1k1/2p1q2p/pb6/1p1pB1p1/3P4/1PN5/1PP2PPP/R2Q1RK1 w - - 1 19,d8e7
25,MeyerLahat,EulerE,942,939,r1b1r1k1/2p1q2p/pb6/1p1pB1p1/3P4/1PN5/1PP2PPP/R2QR1K1 b - - 2 19,f1e1
25,MeyerLahat,EulerE,942,939,r3r1k1/2p1q2p/pb6/1p1pBbp1/3P4/1PN5/1PP2PPP/R2QR1K1 w - - 3 20,c8f5
25,MeyerLahat,EulerE,942,939,r3r1k1/2p1q2p/pb6/1p1NBbp1/3P4/1P6/1PP2PPP/R2QR1K1 b - - 0 20,c3d5
25,MeyerLahat,EulerE,942,939,r3r1k1/2pq3p/pb6/1p1NBbp1/3P4/1P6/1PP2PPP/R2QR1K1 w - - 1 21,e7d7
25,MeyerLahat,EulerE,942,939,r3r1k1/2pq3p/pN6/1p2Bbp1/3P4/1P6/1PP2PPP/R2QR1K1 b - - 0 21,d5b6
25,MeyerLahat,EulerE,942,939,r3r1k1/3q3p/pp6/1p2Bbp1/3P4/1P6/1PP2PPP/R2QR1K1 w - - 0 22,c7b6
25,MeyerLahat,EulerE,942,939,r3r1k1/3q3p/pp6/1p2BbpQ/3P4/1P6/1PP2PPP/R3R1K1 b - - 1 22,d1h5
25,MeyerLahat,EulerE,942,939,r3r1k1/7p/pp6/1p1qBbpQ/3P4/1P6/1PP2PPP/R3R1K1 w - - 2 23,d7d5
25,MeyerLahat,EulerE,942,939,r3r1k1/7p/pp6/1p1qBbQ1/3P4/1P6/1PP2PPP/R3R1K1 b - - 0 23,h5g5
25,MeyerLahat,EulerE,942,939,r3r1k1/7p/pp4b1/1p1qB1Q1/3P4/1P6/1PP2PPP/R3R1K1 w - - 1 24,f5g6
25,MeyerLahat,EulerE,942,939,r3r1k1/7p/pp4bQ/1p1qB3/3P4/1P6/1PP2PPP/R3R1K1 b - - 2 24,g5h6
25,MeyerLahat,EulerE,942,939,r5k1/4r2p/pp4bQ/1p1qB3/3P4/1P6/1PP2PPP/R3R1K1 w - - 3 25,e8e7
25,MeyerLahat,EulerE,942,939,r5k1/4r2p/pp3BbQ/1p1q4/3P4/1P6/1PP2PPP/R3R1K1 b - - 4 25,e5f6
25,MeyerLahat,EulerE,942,939,r5k1/5r1p/pp3BbQ/1p1q4/3P4/1P6/1PP2PPP/R3R1K1 w - - 5 26,e7f7
25,MeyerLahat,EulerE,942,939,r5k1/4Rr1p/pp3BbQ/1p1q4/3P4/1P6/1PP2PPP/R5K1 b - - 6 26,e1e7
25,MeyerLahat,EulerE,942,939,r5k1/4r2p/pp3BbQ/1p1q4/3P4/1P6/1PP2PPP/R5K1 w - - 0 27,f7e7
25,MeyerLahat,EulerE,942,939,r5k1/4B2p/pp4bQ/1p1q4/3P4/1P6/1PP2PPP/R5K1 b - - 0 27,f6e7
25,MeyerLahat,EulerE,942,939,6k1/r3B2p/pp4bQ/1p1q4/3P4/1P6/1PP2PPP/R5K1 w - - 1 28,a8a7
25,MeyerLahat,EulerE,942,939,5Qk1/r3B2p/pp4b1/1p1q4/3P4/1P6/1PP2PPP/R5K1 b - - 2 28,h6f8
26,OlegarioV,EulerE,970,932,rnbqkbnr/pppppppp/8/8/3P4/8/PPP1PPPP/RNBQKBNR b KQkq - 0 1,d2d4
26,OlegarioV,EulerE,970,932,rnbqkbnr/ppp1pppp/8/3p4/3P4/8/PPP1PPPP/RNBQKBNR w KQkq - 0 2,d7d5
26,OlegarioV,EulerE,970,932,rnbqkbnr/ppp1pppp/8/3p4/3P1B2/8/PPP1PPPP/RN1QKBNR b KQkq - 1 2,c1f4
26,OlegarioV,EulerE,970,932,r1bqkbnr/ppp1pppp/2n5/3p4/3P1B2/8/PPP1PPPP/RN1QKBNR w KQkq - 2 3,b8c6
26,OlegarioV,EulerE,970,932,r1bqkbnr/ppp1pppp/2n5/3p4/3P1B2/5N2/PPP1PPPP/RN1QKB1R b KQkq - 3 3,g1f3
26,OlegarioV,EulerE,970,932,r1bqkb1r/ppp1pppp/2n2n2/3p4/3P1B2/5N2/PPP1PPPP/RN1QKB1R w KQkq - 4 4,g8f6
26,OlegarioV,EulerE,970,932,r1bqkb1r/ppp1pppp/2n2n2/3p4/3P1B2/5N2/PPPNPPPP/R2QKB1R b KQkq - 5 4,b1d2
26,OlegarioV,EulerE,970,932,r1bqkb1r/ppp1pp1p/2n2np1/3p4/3P1B2/5N2/PPPNPPPP/R2QKB1R w KQkq - 0 5,g7g6
26,OlegarioV,EulerE,970,932,r1bqkb1r/ppp1pp1p/2n2np1/3p4/3P1B2/2P2N2/PP1NPPPP/R2QKB1R b KQkq - 0 5,c2c3
26,OlegarioV,EulerE,970,932,r1bqk2r/ppp1ppbp/2n2np1/3p4/3P1B2/2P2N2/PP1NPPPP/R2QKB1R w KQkq - 1 6,f8g7
26,OlegarioV,EulerE,970,932,r1bqk2r/ppp1ppbp/2n2np1/3p4/3P1B2/1QP2N2/PP1NPPPP/R3KB1R b KQkq - 2 6,d1b3
26,OlegarioV,EulerE,970,932,r1bq1rk1/ppp1ppbp/2n2np1/3p4/3P1B2/1QP2N2/PP1NPPPP/R3KB1R w KQ - 3 7,e8g8
26,OlegarioV,EulerE,970,932,r1bq1rk1/ppp1ppbp/2n2np1/3pN3/3P1B2/1QP5/PP1NPPPP/R3KB1R b KQ - 4 7,f3e5
26,OlegarioV,EulerE,970,932,r1bq1rk1/ppp1ppbp/5np1/3pn3/3P1B2/1QP5/PP1NPPPP/R3KB1R w KQ - 0 8,c6e5
26,OlegarioV,EulerE,970,932,r1bq1rk1/ppp1ppbp/5np1/3pB3/3P4/1QP5/PP1NPPPP/R3KB1R b KQ - 0 8,f4e5
26,OlegarioV,EulerE,970,932,r1bq1rk1/pp2ppbp/2p2np1/3pB3/3P4/1QP5/PP1NPPPP/R3KB1R w KQ - 0 9,c7c6
26,OlegarioV,EulerE,970,932,r1bq1rk1/pp2ppbp/2p2np1/3pB3/3P4/1QP1P3/PP1N1PPP/R3KB1R b KQ - 0 9,e2e3
26,OlegarioV,EulerE,970,932,r1b2rk1/pp1qppbp/2p2np1/3pB3/3P4/1QP1P3/PP1N1PPP/R3KB1R w KQ - 1 10,d8d7
26,OlegarioV,EulerE,970,932,r1b2rk1/pp1qppbp/2p2np1/3pB3/3P4/1QP1P3/PP1NBPPP/R3K2R b KQ - 2 10,f1e2
26,OlegarioV,EulerE,970,932,r1b2rk1/pp1qppbp/2p3p1/3pB3/3P2n1/1QP1P3/PP1NBPPP/R3K2R w KQ - 3 11,f6g4
26,OlegarioV,EulerE,970,932,r1b2rk1/pp1qppbp/2p3p1/3pB3/3P2B1/1QP1P3/PP1N1PPP/R3K2R b KQ - 0 11,e2g4
26,OlegarioV,EulerE,970,932,r1b2rk1/pp2ppbp/2p3p1/3pB3/3P2q1/1QP1P3/PP1N1PPP/R3K2R w KQ - 0 12,d7g4
26,OlegarioV,EulerE,970,932,r1b2rk1/pp2ppbp/2p3p1/3pB3/3P2q1/1QP1P3/PP1N1PPP/R4RK1 b - - 1 12,e1g1
26,OlegarioV,EulerE,970,932,r1b2rk1/pp2pp1p/2p3p1/3pb3/3P2q1/1QP1P3/PP1N1PPP/R4RK1 w - - 0 13,g7e5
26,OlegarioV,EulerE,970,932,r1b2rk1/pp2pp1p/2p3p1/3pP3/6q1/1QP1P3/PP1N1PPP/R4RK1 b - - 0 13,d4e5
26,OlegarioV,EulerE,970,932,r4rk1/pp2pp1p/2p1b1p1/3pP3/6q1/1QP1P3/PP1N1PPP/R4RK1 w - - 1 14,c8e6
26,OlegarioV,EulerE,970,932,r4rk1/pQ2pp1p/2p1b1p1/3pP3/6q1/2P1P3/PP1N1PPP/R4RK1 b - - 0 14,b3b7
26,OlegarioV,EulerE,970,932,r4rk1/pQ2pp1p/4b1p1/2ppP3/6q1/2P1P3/PP1N1PPP/R4RK1 w - - 0 15,c6c5
26,OlegarioV,EulerE,970,932,r4rk1/p3Qp1p/4b1p1/2ppP3/6q1/2P1P3/PP1N1PPP/R4RK1 b - - 0 15,b7e7
26,OlegarioV,EulerE,970,932,r3r1k1/p3Qp1p/4b1p1/2ppP3/6q1/2P1P3/PP1N1PPP/R4RK1 w - - 1 16,f8e8
26,OlegarioV,EulerE,970,932,r3r1k1/p4p1p/4bQp1/2ppP3/6q1/2P1P3/PP1N1PPP/R4RK1 b - - 2 16,e7f6
26,OlegarioV,EulerE,970,932,r3r1k1/p4p1p/4bQp1/3pP3/2p3q1/2P1P3/PP1N1PPP/R4RK1 w - - 0 17,c5c4
26,OlegarioV,EulerE,970,932,r3r1k1/p4p1p/4bQp1/3pP3/2p3q1/2P1PN2/PP3PPP/R4RK1 b - - 1 17,d2f3
26,OlegarioV,EulerE,970,932,r3r1k1/p4p1p/4bQp1/3pPq2/2p5/2P1PN2/PP3PPP/R4RK1 w - - 2 18,g4f5
26,OlegarioV,EulerE,970,932,r3r1k1/p4p1p/4b1p1/3pPQ2/2p5/2P1PN2/PP3PPP/R4RK1 b - - 0 18,f6f5
26,OlegarioV,EulerE,970,932,r3r1k1/p4p1p/6p1/3pPb2/2p5/2P1PN2/PP3PPP/R4RK1 w - - 0 19,e6f5
26,OlegarioV,EulerE,970,932,r3r1k1/p4p1p/6p1/3pPb2/2p5/2P1PN1P/PP3PP1/R4RK1 b - - 0 19,h2h3
26,OlegarioV,EulerE,970,932,r5k1/p4p1p/4r1p1/3pPb2/2p5/2P1PN1P/PP3PP1/R4RK1 w - - 1 20,e8e6
26,OlegarioV,EulerE,970,932,r5k1/p4p1p/4r1p1/3pPb2/2p5/2P1PN1P/PP3PP1/R2R2K1 b - - 2 20,f1d1
26,OlegarioV,EulerE,970,932,r5k1/p4p1p/4r1p1/3pP3/2p1b3/2P1PN1P/PP3PP1/R2R2K1 w - - 3 21,f5e4
26,OlegarioV,EulerE,970,932,r5k1/p4p1p/4r1p1/3pP1N1/2p1b3/2P1P2P/PP3PP1/R2R2K1 b - - 4 21,f3g5
26,OlegarioV,EulerE,970,932,4r1k1/p4p1p/4r1p1/3pP1N1/2p1b3/2P1P2P/PP3PP1/R2R2K1 w - - 5 22,a8e8
26,OlegarioV,EulerE,970,932,4r1k1/p4p1p/4N1p1/3pP3/2p1b3/2P1P2P/PP3PP1/R2R2K1 b - - 0 22,g5e6
26,OlegarioV,EulerE,970,932,6k1/p4p1p/4r1p1/3pP3/2p1b3/2P1P2P/PP3PP1/R2R2K1 w - - 0 23,e8e6
26,OlegarioV,EulerE,970,932,6k1/p4p1p/4r1p1/3pP3/2pRb3/2P1P2P/PP3PP1/R5K1 b - - 1 23,d1d4
26,OlegarioV,EulerE,970,932,6k1/p4p1p/6p1/3pr3/2pRb3/2P1P2P/PP3PP1/R5K1 w - - 0 24,e6e5
26,OlegarioV,EulerE,970,932,6k1/p4p1p/6p1/3pr3/2pRb3/2P1P2P/PP3PP1/3R2K1 b - - 1 24,a1d1
26,OlegarioV,EulerE,970,932,6k1/p6p/6p1/3prp2/2pRb3/2P1P2P/PP3PP1/3R2K1 w - - 0 25,f7f5
26,OlegarioV,EulerE,970,932,6k1/p6p/6p1/3prp2/2pRb3/2P1P2P/PP1R1PP1/6K1 b - - 1 25,d1d2
26,OlegarioV,EulerE,970,932,8/p4k1p/6p1/3prp2/2pRb3/2P1P2P/PP1R1PP1/6K1 w - - 2 26,g8f7
26,OlegarioV,EulerE,970,932,8/p4k1p/6p1/3prp2/2pRb3/1PP1P2P/P2R1PP1/6K1 b - - 0 26,b2b3
26,OlegarioV,EulerE,970,932,8/p6p/4k1p1/3prp2/2pRb3/1PP1P2P/P2R1PP1/6K1 w - - 1 27,f7e6
26,OlegarioV,EulerE,970,932,8/p6p/4k1p1/3prp2/2PRb3/2P1P2P/P2R1PP1/6K1 b - - 0 27,b3c4
26,OlegarioV,EulerE,970,932,8/p6p/4k1p1/4rp2/2pRb3/2P1P2P/P2R1PP1/6K1 w - - 0 28,d5c4
26,OlegarioV,EulerE,970,932,8/p6p/4k1p1/4rp2/2R1b3/2P1P2P/P2R1PP1/6K1 b - - 0 28,d4c4
26,OlegarioV,EulerE,970,932,8/p6p/4k1p1/3brp2/2R5/2P1P2P/P2R1PP1/6K1 w - - 1 29,e4d5
26,OlegarioV,EulerE,970,932,8/p1R4p/4k1p1/3brp2/8/2P1P2P/P2R1PP1/6K1 b - - 2 29,c4c7
26,OlegarioV,EulerE,970,932,8/p1R5/4k1p1/3brp1p/8/2P1P2P/P2R1PP1/6K1 w - - 0 30,h7h5
26,OlegarioV,EulerE,970,932,8/R7/4k1p1/3brp1p/8/2P1P2P/P2R1PP1/6K1 b - - 0 30,c7a7
26,OlegarioV,EulerE,970,932,8/R7/4k1p1/4rp1p/2b5/2P1P2P/P2R1PP1/6K1 w - - 1 31,d5c4
26,OlegarioV,EulerE,970,932,8/R7/4k1p1/4rp1p/P1b5/2P1P2P/3R1PP1/6K1 b - - 0 31,a2a4
26,OlegarioV,EulerE,970,932,8/R7/4k1p1/3r1p1p/P1b5/2P1P2P/3R1PP1/6K1 w - - 1 32,e5d5
26,OlegarioV,EulerE,970,932,8/R7/4k1p1/3R1p1p/P1b5/2P1P2P/5PP1/6K1 b - - 0 32,d2d5
26,OlegarioV,EulerE,970,932,8/R7/4k1p1/3b1p1p/P7/2P1P2P/5PP1/6K1 w - - 0 33,c4d5
26,OlegarioV,EulerE,970,932,8/R7/4k1p1/P2b1p1p/8/2P1P2P/5PP1/6K1 b - - 0 33,a4a5
26,OlegarioV,EulerE,970,932,8/R7/6p1/P2bkp1p/8/2P1P2P/5PP1/6K1 w - - 1 34,e6e5
26,OlegarioV,EulerE,970,932,8/R7/P5p1/3bkp1p/8/2P1P2P/5PP1/6K1 b - - 0 34,a5a6
26,OlegarioV,EulerE,970,932,8/R7/P5p1/3b1p1p/4k3/2P1P2P/5PP1/6K1 w - - 1 35,e5e4
26,OlegarioV,EulerE,970,932,8/4R3/P5p1/3b1p1p/4k3/2P1P2P/5PP1/6K1 b - - 2 35,a7e7
26,OlegarioV,EulerE,970,932,8/4R3/P3b1p1/5p1p/4k3/2P1P2P/5PP1/6K1 w - - 3 36,d5e6
26,OlegarioV,EulerE,970,932,8/P3R3/4b1p1/5p1p/4k3/2P1P2P/5PP1/6K1 b - - 0 36,a6a7
26,OlegarioV,EulerE,970,932,8/P3R3/4b1p1/5p1p/8/2PkP2P/5PP1/6K1 w - - 1 37,e4d3
26,OlegarioV,EulerE,970,932,Q7/4R3/4b1p1/5p1p/8/2PkP2P/5PP1/6K1 b - - 0 37,a7a8q
26,OlegarioV,EulerE,970,932,Q7/4R3/4b1p1/5p1p/8/2P1P2P/4kPP1/6K1 w - - 1 38,d3e2
26,OlegarioV,EulerE,970,932,Q7/8/4R1p1/5p1p/8/2P1P2P/4kPP1/6K1 b - - 0 38,e7e6
26,OlegarioV,EulerE,970,932,Q7/8/4R1p1/7p/5p2/2P1P2P/4kPP1/6K1 w - - 0 39,f5f4
26,OlegarioV,EulerE,970,932,Q7/8/3R2p1/7p/5p2/2P1P2P/4kPP1/6K1 b - - 1 39,e6d6
26,OlegarioV,EulerE,970,932,Q7/8/3R2p1/7p/8/2P1p2P/4kPP1/6K1 w - - 0 40,f4e3
26,OlegarioV,EulerE,970,932,8/8/3R2p1/7p/8/2P1p2P/Q3kPP1/6K1 b - - 1 40,a8a2
26,OlegarioV,EulerE,970,932,8/8/3R2p1/7p/8/2P1p2P/Q4PP1/4k1K1 w - - 2 41,e2e1
26,OlegarioV,EulerE,970,932,8/8/3R2p1/7p/8/2P1p2P/2Q2PP1/4k1K1 b - - 3 41,a2c2
26,OlegarioV,EulerE,970,932,8/8/3R2p1/7p/8/2P4P/2Q2pP1/4k1K1 w - - 0 42,e3f2
26,OlegarioV,EulerE,970,932,8/8/3R2p1/7p/8/2P4P/2Q2pPK/4k3 b - - 1 42,g1h2
26,OlegarioV,EulerE,970,932,8/8/3R2p1/7p/8/2P4P/2Q3PK/4kn2 w - - 0 43,f2f1n
26,OlegarioV,EulerE,970,932,8/8/3R2p1/7p/8/2P4P/2Q3P1/4kn1K b - - 1 43,h2h1
26,OlegarioV,EulerE,970,932,8/8/3R2p1/7p/8/2P3nP/2Q3P1/4k2K w - - 2 44,f1g3
26,OlegarioV,EulerE,970,932,8/8/3R2p1/7p/8/2P3nP/2Q3P1/4k1K1 b - - 3 44,h1g1
26,OlegarioV,EulerE,970,932,8/8/3R2p1/7p/8/2P4P/2Q1n1P1/4k1K1 w - - 4 45,g3e2
26,OlegarioV,EulerE,970,932,8/8/3R2p1/7p/8/2P4P/2Q1n1PK/4k3 b - - 5 45,g1h2
26,OlegarioV,EulerE,970,932,8/8/3R4/6pp/8/2P4P/2Q1n1PK/4k3 w - - 0 46,g6g5
26,OlegarioV,EulerE,970,932,8/8/8/6pp/8/2P4P/2QRn1PK/4k3 b - - 1 46,d6d2
26,OlegarioV,EulerE,970,932,8/8/8/6pp/5n2/2P4P/2QR2PK/4k3 w - - 2 47,e2f4
26,OlegarioV,EulerE,970,932,8/8/8/6pp/5n2/2P4P/2Q2RPK/4k3 b - - 3 47,d2f2
26,OlegarioV,EulerE,970,932,8/8/8/6p1/5n1p/2P4P/2Q2RPK/4k3 w - - 0 48,h5h4
26,OlegarioV,EulerE,970,932,8/8/8/6p1/5n1p/2P4P/3Q1RPK/4k3 b - - 1 48,c2d2
27,EulerE,EchoComplete,925,971,rnbqkbnr/pppppppp/8/8/3P4/8/PPP1PPPP/RNBQKBNR b KQkq - 0 1,d2d4
27,EulerE,EchoComplete,925,971,rnbqkbnr/ppp1pppp/8/3p4/3P4/8/PPP1PPPP/RNBQKBNR w KQkq - 0 2,d7d5
27,EulerE,EchoComplete,925,971,rnbqkbnr/ppp1pppp/8/3p4/2PP4/8/PP2PPPP/RNBQKBNR b KQkq - 0 2,c2c4
27,EulerE,EchoComplete,925,971,rnbqkb1r/ppp1pppp/5n2/3p4/2PP4/8/PP2PPPP/RNBQKBNR w KQkq - 1 3,g8f6
27,EulerE,EchoComplete,925,971,rnbqkb1r/ppp1pppp/5n2/3p4/2PP4/2N5/PP2PPPP/R1BQKBNR b KQkq - 2 3,b1c3
27,EulerE,EchoComplete,925,971,rnbqkb1r/ppp2ppp/4pn2/3p4/2PP4/2N5/PP2PPPP/R1BQKBNR w KQkq - 0 4,e7e6
27,EulerE,EchoComplete,925,971,rnbqkb1r/ppp2ppp/4pn2/3p4/2PP4/2N5/PP1BPPPP/R2QKBNR b KQkq - 1 4,c1d2
27,EulerE,EchoComplete,925,971,rnbqkb1r/pp3ppp/2p1pn2/3p4/2PP4/2N5/PP1BPPPP/R2QKBNR w KQkq - 0 5,c7c6
27,EulerE,EchoComplete,925,971,rnbqkb1r/pp3ppp/2p1pn2/2Pp4/3P4/2N5/PP1BPPPP/R2QKBNR b KQkq - 0 5,c4c5
27,EulerE,EchoComplete,925,971,rnbqkb1r/p4ppp/1pp1pn2/2Pp4/3P4/2N5/PP1BPPPP/R2QKBNR w KQkq - 0 6,b7b6
27,EulerE,EchoComplete,925,971,rnbqkb1r/p4ppp/1pp1pn2/2Pp4/3P4/1QN5/PP1BPPPP/R3KBNR b KQkq - 1 6,d1b3
27,EulerE,EchoComplete,925,971,rnbqkb1r/p4ppp/2p1pn2/2pp4/3P4/1QN5/PP1BPPPP/R3KBNR w KQkq - 0 7,b6c5
27,EulerE,EchoComplete,925,971,rnbqkb1r/p4ppp/2p1pn2/2Pp4/8/1QN5/PP1BPPPP/R3KBNR b KQkq - 0 7,d4c5
27,EulerE,EchoComplete,925,971,rnbqk2r/p4ppp/2p1pn2/2bp4/8/1QN5/PP1BPPPP/R3KBNR w KQkq - 0 8,f8c5
27,EulerE,EchoComplete,925,971,rnbqk2r/p4ppp/2p1pn2/2bp4/8/1QN2N2/PP1BPPPP/R3KB1R b KQkq - 1 8,g1f3
27,EulerE,EchoComplete,925,971,rnb1k2r/p4ppp/1qp1pn2/2bp4/8/1QN2N2/PP1BPPPP/R3KB1R w KQkq - 2 9,d8b6
27,EulerE,EchoComplete,925,971,rnb1k2r/p4ppp/1qp1pn2/2bp4/8/2N2N2/PPQBPPPP/R3KB1R b KQkq - 3 9,b3c2
27,EulerE,EchoComplete,925,971,rnb1k2r/p4ppp/1qp1pn2/3p4/8/2N2N2/PPQBPbPP/R3KB1R w KQkq - 0 10,c5f2
27,EulerE,EchoComplete,925,971,rnb1k2r/p4ppp/1qp1pn2/3p4/8/2N2N2/PPQBPbPP/R2K1B1R b kq - 1 10,e1d1
27,EulerE,EchoComplete,925,971,rnb1k2r/p4ppp/1qp1pn2/2bp4/8/2N2N2/PPQBP1PP/R2K1B1R w kq - 2 11,f2c5
27,EulerE,EchoComplete,925,971,rnb1k2r/p4ppp/1qp1pn2/2bp4/4P3/2N2N2/PPQB2PP/R2K1B1R b kq - 0 11,e2e4
27,EulerE,EchoComplete,925,971,rnb1k2r/p1q2ppp/2p1pn2/2bp4/4P3/2N2N2/PPQB2PP/R2K1B1R w kq - 1 12,b6c7
27,EulerE,EchoComplete,925,971,rnb1k2r/p1q2ppp/2p1pn2/2bpP3/8/2N2N2/PPQB2PP/R2K1B1R b kq - 0 12,e4e5
27,EulerE,EchoComplete,925,971,rnb1k2r/p1q2ppp/2p1p3/2bpP3/6n1/2N2N2/PPQB2PP/R2K1B1R w kq - 1 13,f6g4
28,raffobor,EulerE,940,934,rnbqkbnr/pppppppp/8/8/4P3/8/PPPP1PPP/RNBQKBNR b KQkq - 0 1,e2e4
28,raffobor,EulerE,940,934,rnbqkbnr/pppp1ppp/8/4p3/4P3/8/PPPP1PPP/RNBQKBNR w KQkq - 0 2,e7e5
28,raffobor,EulerE,940,934,rnbqkbnr/pppp1ppp/8/4p3/4P3/5N2/PPPP1PPP/RNBQKB1R b KQkq - 1 2,g1f3
28,raffobor,EulerE,940,934,r1bqkbnr/pppp1ppp/2n5/4p3/4P3/5N2/PPPP1PPP/RNBQKB1R w KQkq - 2 3,b8c6
28,raffobor,EulerE,940,934,r1bqkbnr/pppp1ppp/2n5/4p3/3PP3/5N2/PPP2PPP/RNBQKB1R b KQkq - 0 3,d2d4
28,raffobor,EulerE,940,934,r1bqkbnr/pppp1ppp/2n5/8/3pP3/5N2/PPP2PPP/RNBQKB1R w KQkq - 0 4,e5d4
28,raffobor,EulerE,940,934,r1bqkbnr/pppp1ppp/2n5/8/3NP3/8/PPP2PPP/RNBQKB1R b KQkq - 0 4,f3d4
28,raffobor,EulerE,940,934,r1bqk1nr/pppp1ppp/2n5/2b5/3NP3/8/PPP2PPP/RNBQKB1R w KQkq - 1 5,f8c5
28,raffobor,EulerE,940,934,r1bqk1nr/pppp1ppp/2N5/2b5/4P3/8/PPP2PPP/RNBQKB1R b KQkq - 0 5,d4c6
28,raffobor,EulerE,940,934,r1bqk1nr/ppp2ppp/2p5/2b5/4P3/8/PPP2PPP/RNBQKB1R w KQkq - 0 6,d7c6
28,raffobor,EulerE,940,934,r1bqk1nr/ppp2ppp/2p5/2b5/2B1P3/8/PPP2PPP/RNBQK2R b KQkq - 1 6,f1c4
28,raffobor,EulerE,940,934,r1b1k1nr/ppp2ppp/2p5/2b5/2B1P3/8/PPP2PPP/RNBqK2R w KQkq - 0 7,d8d1
28,raffobor,EulerE,940,934,r1b1k1nr/ppp2ppp/2p5/2b5/2B1P3/8/PPP2PPP/RNBK3R b kq - 0 7,e1d1
28,raffobor,EulerE,940,934,r1b1k2r/ppp1nppp/2p5/2b5/2B1P3/8/PPP2PPP/RNBK3R w kq - 1 8,g8e7
28,raffobor,EulerE,940,934,r1b1k2r/ppp1nppp/2p5/2b5/2B1P3/1P6/P1P2PPP/RNBK3R b kq - 0 8,b2b3
28,raffobor,EulerE,940,934,r1b2rk1/ppp1nppp/2p5/2b5/2B1P3/1P6/P1P2PPP/RNBK3R w - - 1 9,e8g8
28,raffobor,EulerE,940,934,r1b2rk1/ppp1nppp/2p5/2b5/2B1P3/1P3P2/P1P3PP/RNBK3R b - - 0 9,f2f3
28,raffobor,EulerE,940,934,r1b2rk1/p1p1nppp/2p5/1pb5/2B1P3/1P3P2/P1P3PP/RNBK3R w - - 0 10,b7b5
28,raffobor,EulerE,940,934,r1b2rk1/p1p1nppp/2p5/1pb5/4P3/1P1B1P2/P1P3PP/RNBK3R b - - 1 10,c4d3
28,raffobor,EulerE,940,934,r4rk1/p1p1nppp/2p1b3/1pb5/4P3/1P1B1P2/P1P3PP/RNBK3R w - - 2 11,c8e6
28,raffobor,EulerE,940,934,r4rk1/p1p1nppp/2p1b3/1pb5/4P3/1P1B1P2/PBP3PP/RN1K3R b - - 3 11,c1b2
28,raffobor,EulerE,940,934,r4rk1/p1p1n1pp/2p1b3/1pb2p2/4P3/1P1B1P2/PBP3PP/RN1K3R w - - 0 12,f7f5
28,raffobor,EulerE,940,934,r4rk1/p1p1n1pp/2p1b3/1pb2P2/8/1P1B1P2/PBP3PP/RN1K3R b - - 0 12,e4f5
28,raffobor,EulerE,940,934,r4rk1/p1p1n1pp/2p5/1pb2b2/8/1P1B1P2/PBP3PP/RN1K3R w - - 0 13,e6f5
28,raffobor,EulerE,940,934,r4rk1/p1p1n1pp/2p5/1pb2B2/8/1P3P2/PBP3PP/RN1K3R b - - 0 13,d3f5
28,raffobor,EulerE,940,934,r4rk1/p1p3pp/2p5/1pb2n2/8/1P3P2/PBP3PP/RN1K3R w - - 0 14,e7f5
28,raffobor,EulerE,940,934,r4rk1/p1p3pp/2p5/1pb2n2/8/1PN2P2/PBP3PP/R2K3R b - - 1 14,b1c3
28,raffobor,EulerE,940,934,r4rk1/p1p3pp/2p5/1pb5/8/1PN1nP2/PBP3PP/R2K3R w - - 2 15,f5e3
28,raffobor,EulerE,940,934,r4rk1/p1p3pp/2p5/1pb5/8/1PN1nP2/PBP1K1PP/R6R b - - 3 15,d1e2
28,raffobor,EulerE,940,934,r3r1k1/p1p3pp/2p5/1pb5/8/1PN1nP2/PBP1K1PP/R6R w - - 4 16,f8e8
28,raffobor,EulerE,940,934,r3r1k1/p1p3pp/2p5/1pb5/8/1PN1nP2/PBP2KPP/R6R b - - 5 16,e2f2
28,raffobor,EulerE,940,934,r3r1k1/p1p3pp/2p5/1pb5/8/1PN2P2/PBn2KPP/R6R w - - 0 17,e3c2
28,raffobor,EulerE,940,934,r3r1k1/p1p3pp/2p5/1pb5/8/1PN2PK1/PBn3PP/R6R b - - 1 17,f2g3
28,raffobor,EulerE,940,934,r3r1k1/p1p3pp/2p5/1pb5/8/1PN2PK1/PB4PP/n6R w - - 0 18,c2a1
28,raffobor,EulerE,940,934,r3r1k1/p1p3pp/2p5/1pb5/8/1PN2PK1/P5PP/B6R b - - 0 18,b2a1
28,raffobor,EulerE,940,934,r5k1/p1p3pp/2p1r3/1pb5/8/1PN2PK1/P5PP/B6R w - - 1 19,e8e6
28,raffobor,EulerE,940,934,r5k1/p1p3pp/2p1r3/1pb5/4N3/1P3PK1/P5PP/B6R b - - 2 19,c3e4
28,raffobor,EulerE,940,934,r5k1/p1p3pp/2pbr3/1p6/4N3/1P3PK1/P5PP/B6R w - - 3 20,c5d6
28,raffobor,EulerE,940,934,r5k1/p1p3pp/2pNr3/1p6/8/1P3PK1/P5PP/B6R b - - 0 20,e4d6
28,raffobor,EulerE,940,934,r5k1/p5pp/2ppr3/1p6/8/1P3PK1/P5PP/B6R w - - 0 21,c7d6
28,raffobor,EulerE,940,934,r5k1/p5pp/2ppr3/1p6/8/1P3PK1/P5PP/B1R5 b - - 1 21,h1c1
28,raffobor,EulerE,940,934,r5k1/p5pp/2pp2r1/1p6/8/1P3PK1/P5PP/B1R5 w - - 2 22,e6g6
28,raffobor,EulerE,940,934,r5k1/p5pp/2pp2r1/1p6/8/1P3P2/P4KPP/B1R5 b - - 3 22,g3f2
28,raffobor,EulerE,940,934,r5k1/p5pp/3p2r1/1pp5/8/1P3P2/P4KPP/B1R5 w - - 0 23,c6c5
28,raffobor,EulerE,940,934,r5k1/p5pp/3p2r1/1pp5/P7/1P3P2/5KPP/B1R5 b - - 0 23,a2a4
28,raffobor,EulerE,940,934,r5k1/6pp/p2p2r1/1pp5/P7/1P3P2/5KPP/B1R5 w - - 0 24,a7a6
28,raffobor,EulerE,940,934,r5k1/6pp/p2p2r1/1Pp5/8/1P3P2/5KPP/B1R5 b - - 0 24,a4b5
28,raffobor,EulerE,940,934,r5k1/6pp/3p2r1/1pp5/8/1P3P2/5KPP/B1R5 w - - 0 25,a6b5
28,raffobor,EulerE,940,934,r5k1/6pp/3p2r1/1pp5/8/1PB2P2/5KPP/2R5 b - - 1 25,a1c3
28,raffobor,EulerE,940,934,6k1/6pp/3p2r1/1pp5/8/1PB2P2/r4KPP/2R5 w - - 2 26,a8a2
28,raffobor,EulerE,940,934,6k1/6pp/3p2r1/1pp5/8/1PB2P2/r5PP/2R3K1 b - - 3 26,f2g1
28,raffobor,EulerE,940,934,6k1/6pp/3p2r1/1pp5/8/rPB2P2/6PP/2R3K1 w - - 4 27,a2a3
28,raffobor,EulerE,940,934,6k1/6pp/3p2r1/1pp5/8/rPB2PP1/7P/2R3K1 b - - 0 27,g2g3
28,raffobor,EulerE,940,934,6k1/6pp/3p2r1/1pp5/8/1rB2PP1/7P/2R3K1 w - - 0 28,a3b3
28,raffobor,EulerE,940,934,6k1/6pp/3p2r1/1pp5/8/1r3PP1/3B3P/2R3K1 b - - 1 28,c3d2
28,raffobor,EulerE,940,934,6k1/6pp/3p2r1/1p6/2p5/1r3PP1/3B3P/2R3K1 w - - 0 29,c5c4
28,raffobor,EulerE,940,934,6k1/6pp/3p2r1/1p6/2p5/1r3PP1/3B3P/R5K1 b - - 1 29,c1a1
28,raffobor,EulerE,940,934,6k1/6pp/3p2r1/8/1pp5/1r3PP1/3B3P/R5K1 w - - 0 30,b5b4
28,raffobor,EulerE,940,934,R5k1/6pp/3p2r1/8/1pp5/1r3PP1/3B3P/6K1 b - - 1 30,a1a8
28,raffobor,EulerE,940,934,R7/5kpp/3p2r1/8/1pp5/1r3PP1/3B3P/6K1 w - - 2 31,g8f7
28,raffobor,EulerE,940,934,8/R4kpp/3p2r1/8/1pp5/1r3PP1/3B3P/6K1 b - - 3 31,a8a7
28,raffobor,EulerE,940,934,8/R5pp/3pk1r1/8/1pp5/1r3PP1/3B3P/6K1 w - - 4 32,f7e6
28,raffobor,EulerE,940,934,8/R5pp/3pk1r1/8/1pp2P2/1r4P1/3B3P/6K1 b - - 0 32,f3f4
28,raffobor,EulerE,940,934,8/R5pp/3pk1r1/8/1p3P2/1rp3P1/3B3P/6K1 w - - 0 33,c4c3
28,raffobor,EulerE,940,934,8/R5pp/3pk1r1/8/1p3P2/1rp3P1/7P/2B3K1 b - - 1 33,d2c1
28,raffobor,EulerE,940,934,8/R5pp/3pk1r1/8/1p3P2/1r4P1/2p4P/2B3K1 w - - 0 34,c3c2
28,raffobor,EulerE,940,934,8/6pp/3pk1r1/R7/1p3P2/1r4P1/2p4P/2B3K1 b - - 1 34,a7a5
28,raffobor,EulerE,940,934,8/6pp/3pk1r1/R7/1p3P2/6P1/2p4P/1rB3K1 w - - 2 35,b3b1
28,raffobor,EulerE,940,934,8/6pp/3pk1r1/R4P2/1p6/6P1/2p4P/1rB3K1 b - - 0 35,f4f5
28,raffobor,EulerE,940,934,8/6pp/3p1kr1/R4P2/1p6/6P1/2p4P/1rB3K1 w - - 1 36,e6f6
28,raffobor,EulerE,940,934,8/6pp/3p1kP1/R7/1p6/6P1/2p4P/1rB3K1 b - - 0 36,f5g6
28,raffobor,EulerE,940,934,8/6pp/3p1kP1/R7/1p6/6P1/2p4P/2r3K1 w - - 0 37,b1c1
28,raffobor,EulerE,940,934,8/6pp/3p1kP1/R7/1p6/6P1/2p2K1P/2r5 b - - 1 37,g1f2
28,raffobor,EulerE,940,934,8/6pp/3p2k1/R7/1p6/6P1/2p2K1P/2r5 w - - 0 38,f6g6
28,raffobor,EulerE,940,934,8/6pp/3p2k1/R7/1p6/6P1/2p1K2P/2r5 b - - 1 38,f2e2
28,raffobor,EulerE,940,934,8/6pp/3p2k1/R7/1p6/6P1/2p1K2P/4r3 w - - 2 39,c1e1
28,raffobor,EulerE,940,934,8/6pp/3p2k1/R7/1p6/6P1/2pK3P/4r3 b - - 3 39,e2d2
28,raffobor,EulerE,940,934,8/6pp/3p2k1/R7/1p6/6P1/3K3P/2q1r3 w - - 0 40,c2c1q
28,raffobor,EulerE,940,934,8/6pp/3p2k1/R7/1p6/3K2P1/7P/2q1r3 b - - 1 40,d2d3
28,raffobor,EulerE,940,934,8/6pp/3p2k1/R7/1p6/2qK2P1/7P/4r3 w - - 2 41,c1c3
29,EulerE,TheNail3227,942,909,rnbqkbnr/pppppppp/8/8/3P4/8/PPP1PPPP/RNBQKBNR b KQkq - 0 1,d2d4
29,EulerE,TheNail3227,942,909,rnbqkbnr/ppp1pppp/8/3p4/3P4/8/PPP1PPPP/RNBQKBNR w KQkq - 0 2,d7d5
29,EulerE,TheNail3227,942,909,rnbqkbnr/ppp1pppp/8/3p4/2PP4/8/PP2PPPP/RNBQKBNR b KQkq - 0 2,c2c4
29,EulerE,TheNail3227,942,909,rnbqkbnr/ppp1pppp/8/8/2pP4/8/PP2PPPP/RNBQKBNR w KQkq - 0 3,d5c4
29,EulerE,TheNail3227,942,909,rnbqkbnr/ppp1pppp/8/8/2pPP3/8/PP3PPP/RNBQKBNR b KQkq - 0 3,e2e4
29,EulerE,TheNail3227,942,909,r1bqkbnr/ppp1pppp/2n5/8/2pPP3/8/PP3PPP/RNBQKBNR w KQkq - 1 4,b8c6
29,EulerE,TheNail3227,942,909,r1bqkbnr/ppp1pppp/2n5/8/2pPP3/5N2/PP3PPP/RNBQKB1R b KQkq - 2 4,g1f3
29,EulerE,TheNail3227,942,909,r2qkbnr/ppp1pppp/2n5/8/2pPP1b1/5N2/PP3PPP/RNBQKB1R w KQkq - 3 5,c8g4
29,EulerE,TheNail3227,942,909,r2qkbnr/ppp1pppp/2n5/3P4/2p1P1b1/5N2/PP3PPP/RNBQKB1R b KQkq - 0 5,d4d5
29,EulerE,TheNail3227,942,909,r2qkbnr/ppp1pppp/8/3P4/2pnP1b1/5N2/PP3PPP/RNBQKB1R w KQkq - 1 6,c6d4
29,EulerE,TheNail3227,942,909,r2qkbnr/ppp1pppp/8/3P4/2pQP1b1/5N2/PP3PPP/RNB1KB1R b KQkq - 0 6,d1d4
29,EulerE,TheNail3227,942,909,r2qkbnr/p1p1pppp/1p6/3P4/2pQP1b1/5N2/PP3PPP/RNB1KB1R w KQkq - 0 7,b7b6
29,EulerE,TheNail3227,942,909,r2qkbnr/p1p1pppp/1p6/3P4/2pQP1b1/5N2/PP2BPPP/RNB1K2R b KQkq - 1 7,f1e2
29,EulerE,TheNail3227,942,909,r2qkbnr/p3pppp/1p6/2pP4/2pQP1b1/5N2/PP2BPPP/RNB1K2R w KQkq c6 0 8,c7c5
29,EulerE,TheNail3227,942,909,r2qkbnr/p3pppp/1p6/2pP4/2Q1P1b1/5N2/PP2BPPP/RNB1K2R b KQkq - 0 8,d4c4
29,EulerE,TheNail3227,942,909,r2qkb1r/p3pppp/1p3n2/2pP4/2Q1P1b1/5N2/PP2BPPP/RNB1K2R w KQkq - 1 9,g8f6
29,EulerE,TheNail3227,942,909,r2qkb1r/p3pppp/1p3n2/2pP4/2Q1P1b1/5N2/PP2BPPP/RNB2RK1 b kq - 2 9,e1g1
29,EulerE,TheNail3227,942,909,r2qkb1r/p4ppp/1p2pn2/2pP4/2Q1P1b1/5N2/PP2BPPP/RNB2RK1 w kq - 0 10,e7e6
29,EulerE,TheNail3227,942,909,r2qkb1r/p4ppp/1p2pn2/2pP4/2Q1P1b1/5N1P/PP2BPP1/RNB2RK1 b kq - 0 10,h2h3
29,EulerE,TheNail3227,942,909,r2qkb1r/p4ppp/1p2pn2/2pP4/2Q1P3/5b1P/PP2BPP1/RNB2RK1 w kq - 0 11,g4f3
29,EulerE,TheNail3227,942,909,r2qkb1r/p4ppp/1p2pn2/2pP4/2Q1P3/5B1P/PP3PP1/RNB2RK1 b kq - 0 11,e2f3
29,EulerE,TheNail3227,942,909,r2qkb1r/p4ppp/1p3n2/2pp4/2Q1P3/5B1P/PP3PP1/RNB2RK1 w kq - 0 12,e6d5
29,EulerE,TheNail3227,942,909,r2qkb1r/p4ppp/1p3n2/2pP4/2Q5/5B1P/PP3PP1/RNB2RK1 b kq - 0 12,e4d5
29,EulerE,TheNail3227,942,909,r2qk2r/p4ppp/1p1b1n2/2pP4/2Q5/5B1P/PP3PP1/RNB2RK1 w kq - 1 13,f8d6
29,EulerE,TheNail3227,942,909,r2qk2r/p4ppp/1p1b1n2/2pP4/2Q5/5B1P/PP3PP1/RNB1R1K1 b kq - 2 13,f1e1
29,EulerE,TheNail3227,942,909,r2qk2r/p3bppp/1p3n2/2pP4/2Q5/5B1P/PP3PP1/RNB1R1K1 w kq - 3 14,d6e7
29,EulerE,TheNail3227,942,909,r2qk2r/p3bppp/1p3n2/1QpP4/8/5B1P/PP3PP1/RNB1R1K1 b kq - 4 14,c4b5
29,EulerE,TheNail3227,942,909,r2qk2r/p2nbppp/1p6/1QpP4/8/5B1P/PP3PP1/RNB1R1K1 w kq - 5 15,f6d7
29,EulerE,TheNail3227,942,909,r2qk2r/p2nbppp/1p1P4/1Qp5/8/5B1P/PP3PP1/RNB1R1K1 b kq - 0 15,d5d6
30,EulerE,Indianbustard,950,933,rnbqkbnr/pppppppp/8/8/3P4/8/PPP1PPPP/RNBQKBNR b KQkq - 0 1,d2d4
30,EulerE,Indianbustard,950,933,rnbqkbnr/ppp1pppp/8/3p4/3P4/8/PPP1PPPP/RNBQKBNR w KQkq - 0 2,d7d5
30,EulerE,Indianbustard,950,933,rnbqkbnr/ppp1pppp/8/3p4/2PP4/8/PP2PPPP/RNBQKBNR b KQkq - 0 2,c2c4
30,EulerE,Indianbustard,950,933,rnbqkbnr/ppp1pppp/8/8/2pP4/8/PP2PPPP/RNBQKBNR w KQkq - 0 3,d5c4
30,EulerE,Indianbustard,950,933,rnbqkbnr/ppp1pppp/8/8/2pPP3/8/PP3PPP/RNBQKBNR b KQkq - 0 3,e2e4
30,EulerE,Indianbustard,950,933,rnbqkbnr/ppp2ppp/4p3/8/2pPP3/8/PP3PPP/RNBQKBNR w KQkq - 0 4,e7e6
30,EulerE,Indianbustard,950,933,rnbqkbnr/ppp2ppp/4p3/8/2BPP3/8/PP3PPP/RNBQK1NR b KQkq - 0 4,f1c4
30,EulerE,Indianbustard,950,933,rnbqk1nr/ppp2ppp/4p3/8/1bBPP3/8/PP3PPP/RNBQK1NR w KQkq - 1 5,f8b4
30,EulerE,Indianbustard,950,933,rnbqk1nr/ppp2ppp/4p3/8/1bBPP3/8/PP1B1PPP/RN1QK1NR b KQkq - 2 5,c1d2
30,EulerE,Indianbustard,950,933,rnbqk1nr/ppp2ppp/4p3/8/2BPP3/8/PP1b1PPP/RN1QK1NR w KQkq - 0 6,b4d2
30,EulerE,Indianbustard,950,933,rnbqk1nr/ppp2ppp/4p3/8/2BPP3/8/PP1Q1PPP/RN2K1NR b KQkq - 0 6,d1d2
30,EulerE,Indianbustard,950,933,rnb1k1nr/ppp2ppp/4pq2/8/2BPP3/8/PP1Q1PPP/RN2K1NR w KQkq - 1 7,d8f6
30,EulerE,Indianbustard,950,933,rnb1k1nr/ppp2ppp/4pq2/8/2BPP3/2N5/PP1Q1PPP/R3K1NR b KQkq - 2 7,b1c3
30,EulerE,Indianbustard,950,933,rnb1k2r/ppp2ppp/4pq1n/8/2BPP3/2N5/PP1Q1PPP/R3K1NR w KQkq - 3 8,g8h6
30,EulerE,Indianbustard,950,933,rnb1k2r/ppp2ppp/4pq1n/8/2BPP3/2N2N2/PP1Q1PPP/R3K2R b KQkq - 4 8,g1f3
30,EulerE,Indianbustard,950,933,rnb1k2r/ppp2ppp/4pq2/8/2BPP1n1/2N2N2/PP1Q1PPP/R3K2R w KQkq - 5 9,h6g4
30,EulerE,Indianbustard,950,933,rnb1k2r/ppp2ppp/4pq2/8/2BPP1n1/2N2N1P/PP1Q1PP1/R3K2R b KQkq - 0 9,h2h3
30,EulerE,Indianbustard,950,933,rnb1k2r/ppp2ppp/4pq1n/8/2BPP3/2N2N1P/PP1Q1PP1/R3K2R w KQkq - 1 10,g4h6
30,EulerE,Indianbustard,950,933,rnb1k2r/ppp2ppp/4pq1n/8/2BPP3/2N2N1P/PP1Q1PP1/R4RK1 b kq - 2 10,e1g1
31,EulerE,BDC359,943,984,rnbqkbnr/pppppppp/8/8/3P4/8/PPP1PPPP/RNBQKBNR b KQkq - 0 1,d2d4
31,EulerE,BDC359,943,984,rnbqkbnr/ppp1pppp/3p4/8/3P4/8/PPP1PPPP/RNBQKBNR w KQkq - 0 2,d7d6
31,EulerE,BDC359,943,984,rnbqkbnr/ppp1pppp/3p4/8/2PP4/8/PP2PPPP/RNBQKBNR b KQkq - 0 2,c2c4
31,EulerE,BDC359,943,984,rnbqkb1r/ppp1pppp/3p1n2/8/2PP4/8/PP2PPPP/RNBQKBNR w KQkq - 1 3,g8f6
31,EulerE,BDC359,943,984,rnbqkb1r/ppp1pppp/3p1n2/8/2PP4/2N5/PP2PPPP/R1BQKBNR b KQkq - 2 3,b1c3
31,EulerE,BDC359,943,984,rnbqkb1r/pp2pppp/2pp1n2/8/2PP4/2N5/PP2PPPP/R1BQKBNR w KQkq - 0 4,c7c6
31,EulerE,BDC359,943,984,rnbqkb1r/pp2pppp/2pp1n2/8/2PP1B2/2N5/PP2PPPP/R2QKBNR b KQkq - 1 4,c1f4
31,EulerE,BDC359,943,984,rnb1kb1r/pp2pppp/2pp1n2/q7/2PP1B2/2N5/PP2PPPP/R2QKBNR w KQkq - 2 5,d8a5
31,EulerE,BDC359,943,984,rnb1kb1r/pp2pppp/2pp1n2/q7/2PP1B2/2N2N2/PP2PPPP/R2QKB1R b KQkq - 3 5,g1f3
31,EulerE,BDC359,943,984,rnb1kb1r/pp2pppp/2pp4/q7/2PPnB2/2N2N2/PP2PPPP/R2QKB1R w KQkq - 4 6,f6e4
31,EulerE,BDC359,943,984,rnb1kb1r/pp2pppp/2pp4/q7/2PPnB2/2N2N2/PPQ1PPPP/R3KB1R b KQkq - 5 6,d1c2
31,EulerE,BDC359,943,984,rnb1kb1r/pp2pppp/2pp4/q7/2PP1B2/2n2N2/PPQ1PPPP/R3KB1R w KQkq - 0 7,e4c3
31,EulerE,BDC359,943,984,rnb1kb1r/pp2pppp/2pp4/q7/2PP1B2/2Q2N2/PP2PPPP/R3KB1R b KQkq - 0 7,c2c3
31,EulerE,BDC359,943,984,rnb1kb1r/pp2pppp/2pp4/8/2PP1B2/2q2N2/PP2PPPP/R3KB1R w KQkq - 0 8,a5c3
31,EulerE,BDC359,943,984,rnb1kb1r/pp2pppp/2pp4/8/2PP1B2/2P2N2/P3PPPP/R3KB1R b KQkq - 0 8,b2c3
31,EulerE,BDC359,943,984,rn2kb1r/pp2pppp/2pp4/8/2PP1Bb1/2P2N2/P3PPPP/R3KB1R w KQkq - 1 9,c8g4
31,EulerE,BDC359,943,984,rn2kb1r/pp2pppp/2pp4/8/2PP1Bb1/2P2N1P/P3PPP1/R3KB1R b KQkq - 0 9,h2h3
31,EulerE,BDC359,943,984,rn2kb1r/pp2pppp/2pp4/7b/2PP1B2/2P2N1P/P3PPP1/R3KB1R w KQkq - 1 10,g4h5
31,EulerE,BDC359,943,984,rn2kb1r/pp2pppp/2pp4/7b/2PP1BP1/2P2N1P/P3PP2/R3KB1R b KQkq - 0 10,g2g4
31,EulerE,BDC359,943,984,rn2kb1r/pp2pppp/2pp2b1/8/2PP1BP1/2P2N1P/P3PP2/R3KB1R w KQkq - 1 11,h5g6
31,EulerE,BDC359,943,984,rn2kb1r/pp2pppp/2pp2b1/8/2PP1BP1/2P2N1P/P3PPB1/R3K2R b KQkq - 2 11,f1g2
31,EulerE,BDC359,943,984,rn2kb1r/pp2pppp/2pp4/8/2PPbBP1/2P2N1P/P3PPB1/R3K2R w KQkq - 3 12,g6e4
31,EulerE,BDC359,943,984,rn2kb1r/pp2pppp/2pp4/8/2PPbBP1/2P2N1P/P3PPB1/R4RK1 b kq - 4 12,e1g1
31,EulerE,BDC359,943,984,rn2kb1r/pp3ppp/2ppp3/8/2PPbBP1/2P2N1P/P3PPB1/R4RK1 w kq - 0 13,e7e6
31,EulerE,BDC359,943,984,rn2kb1r/pp3ppp/2ppp3/3P4/2P1bBP1/2P2N1P/P3PPB1/R4RK1 b kq - 0 13,d4d5
31,EulerE,BDC359,943,984,rn2k2r/pp2bppp/2ppp3/3P4/2P1bBP1/2P2N1P/P3PPB1/R4RK1 w kq - 1 14,f8e7
31,EulerE,BDC359,943,984,rn2k2r/pp2bppp/2ppP3/8/2P1bBP1/2P2N1P/P3PPB1/R4RK1 b kq - 0 14,d5e6
31,EulerE,BDC359,943,984,rn2k2r/pp2b1pp/2ppp3/8/2P1bBP1/2P2N1P/P3PPB1/R4RK1 w kq - 0 15,f7e6
31,EulerE,BDC359,943,984,rn2k2r/pp2b1pp/2ppp3/6N1/2P1bBP1/2P4P/P3PPB1/R4RK1 b kq - 1 15,f3g5
31,EulerE,BDC359,943,984,rn2k2r/pp4pp/2ppp3/6b1/2P1bBP1/2P4P/P3PPB1/R4RK1 w kq - 0 16,e7g5
31,EulerE,BDC359,943,984,rn2k2r/pp4pp/2ppp3/6B1/2P1b1P1/2P4P/P3PPB1/R4RK1 b kq - 0 16,f4g5
31,EulerE,BDC359,943,984,rn2k2r/pp4pp/2ppp3/6B1/2P3P1/2P4P/P3PPb1/R4RK1 w kq - 0 17,e4g2
31,EulerE,BDC359,943,984,rn2k2r/pp4pp/2ppp3/6B1/2P3P1/2P4P/P3PPK1/R4R2 b kq - 0 17,g1g2
31,EulerE,BDC359,943,984,rn3rk1/pp4pp/2ppp3/6B1/2P3P1/2P4P/P3PPK1/R4R2 w - - 1 18,e8g8
31,EulerE,BDC359,943,984,rn3rk1/pp4pp/2ppp3/6B1/2P2PP1/2P4P/P3P1K1/R4R2 b - - 0 18,f2f4
31,EulerE,BDC359,943,984,r4rk1/pp1n2pp/2ppp3/6B1/2P2PP1/2P4P/P3P1K1/R4R2 w - - 1 19,b8d7
31,EulerE,BDC359,943,984,r4rk1/pp1n2pp/2ppp3/6B1/2P2PP1/2P4P/P3P1K1/3R1R2 b - - 2 19,a1d1
31,EulerE,BDC359,943,984,r4rk1/pp1n2pp/2p1p3/3p2B1/2P2PP1/2P4P/P3P1K1/3R1R2 w - - 0 20,d6d5
31,EulerE,BDC359,943,984,r4rk1/pp1n2pp/2p1p3/3P2B1/5PP1/2P4P/P3P1K1/3R1R2 b - - 0 20,c4d5
31,EulerE,BDC359,943,984,r4rk1/pp1n2pp/2p5/3p2B1/5PP1/2P4P/P3P1K1/3R1R2 w - - 0 21,e6d5
31,EulerE,BDC359,943,984,r4rk1/pp1n2pp/2p5/3p2B1/2P2PP1/7P/P3P1K1/3R1R2 b - - 0 21,c3c4
31,EulerE,BDC359,943,984,r4rk1/pp4pp/2p2n2/3p2B1/2P2PP1/7P/P3P1K1/3R1R2 w - - 1 22,d7f6
31,EulerE,BDC359,943,984,r4rk1/pp4pp/2p2n2/3P2B1/5PP1/7P/P3P1K1/3R1R2 b - - 0 22,c4d5
31,EulerE,BDC359,943,984,r4rk1/pp4pp/2p5/3n2B1/5PP1/7P/P3P1K1/3R1R2 w - - 0 23,f6d5
31,EulerE,BDC359,943,984,r4rk1/pp4pp/2p5/3n2B1/4PPP1/7P/P5K1/3R1R2 b - - 0 23,e2e4
31,EulerE,BDC359,943,984,r4rk1/pp4pp/2p5/6B1/4PPP1/4n2P/P5K1/3R1R2 w - - 1 24,d5e3
31,EulerE,BDC359,943,984,r4rk1/pp4pp/2p5/6B1/4PPP1/4n2P/P4K2/3R1R2 b - - 2 24,g2f2
31,EulerE,BDC359,943,984,r4rk1/pp4pp/2p5/6B1/4PPP1/7P/P4K2/3R1n2 w - - 0 25,e3f1
31,EulerE,BDC359,943,984,r4rk1/pp4pp/2p5/6B1/4PPP1/7P/P4K2/5R2 b - - 0 25,d1f1
31,EulerE,BDC359,943,984,r4rk1/pp4p1/2p4p/6B1/4PPP1/7P/P4K2/5R2 w - - 0 26,h7h6
31,EulerE,BDC359,943,984,r4rk1/pp4p1/2p4p/8/4PPPB/7P/P4K2/5R2 b - - 1 26,g5h4
31,EulerE,BDC359,943,984,r3r1k1/pp4p1/2p4p/8/4PPPB/7P/P4K2/5R2 w - - 2 27,f8e8
31,EulerE,BDC359,943,984,r3r1k1/pp4p1/2p4p/8/4PPPB/5K1P/P7/5R2 b - - 3 27,f2f3
31,EulerE,BDC359,943,984,r5k1/pp4p1/2p1r2p/8/4PPPB/5K1P/P7/5R2 w - - 4 28,e8e6
31,EulerE,BDC359,943,984,r5k1/pp4p1/2p1r2p/5P2/4P1PB/5K1P/P7/5R2 b - - 0 28,f4f5
31,EulerE,BDC359,943,984,r5k1/pp4p1/2p4p/4rP2/4P1PB/5K1P/P7/5R2 w - - 1 29,e6e5
31,EulerE,BDC359,943,984,r5k1/pp4p1/2p4p/4rP2/4P1P1/5KBP/P7/5R2 b - - 2 29,h4g3
31,EulerE,BDC359,943,984,r5k1/pp2r1p1/2p4p/5P2/4P1P1/5KBP/P7/5R2 w - - 3 30,e5e7
31,EulerE,BDC359,943,984,r5k1/pp2r1p1/2p4p/5P2/4P1P1/5KBP/P7/3R4 b - - 4 30,f1d1
31,EulerE,BDC359,943,984,4r1k1/pp2r1p1/2p4p/5P2/4P1P1/5KBP/P7/3R4 w - - 5 31,a8e8
31,EulerE,BDC359,943,984,4r1k1/pp2r1p1/2p4p/5P2/4P1P1/5KBP/P7/4R3 b - - 6 31,d1e1
31,EulerE,BDC359,943,984,4r1k1/pp3rp1/2p4p/5P2/4P1P1/5KBP/P7/4R3 w - - 7 32,e7f7
31,EulerE,BDC359,943,984,4r1k1/pp3rp1/2p4p/5P2/4P1P1/5KBP/P7/3R4 b - - 8 32,e1d1
31,EulerE,BDC359,943,984,4r1k1/pp3r2/2p3pp/5P2/4P1P1/5KBP/P7/3R4 w - - 0 33,g7g6
31,EulerE,BDC359,943,984,4r1k1/pp3r2/2p3pp/5P2/4PBP1/5K1P/P7/3R4 b - - 1 33,g3f4
31,EulerE,BDC359,943,984,4r3/pp3rk1/2p3pp/5P2/4PBP1/5K1P/P7/3R4 w - - 2 34,g8g7
31,EulerE,BDC359,943,984,4r3/pp3rk1/2p3Pp/8/4PBP1/5K1P/P7/3R4 b - - 0 34,f5g6
31,EulerE,BDC359,943,984,4r3/pp3r2/2p3kp/8/4PBP1/5K1P/P7/3R4 w - - 0 35,g7g6
31,EulerE,BDC359,943,984,4r3/pp3r2/2p3kp/8/4PBPP/5K2/P7/3R4 b - - 0 35,h3h4
31,EulerE,BDC359,943,984,5r2/pp3r2/2p3kp/8/4PBPP/5K2/P7/3R4 w - - 1 36,e8f8
31,EulerE,BDC359,943,984,5r2/pp3r2/2p3kp/7P/4PBP1/5K2/P7/3R4 b - - 0 36,h4h5
31,EulerE,BDC359,943,984,5r2/pp3r1k/2p4p/7P/4PBP1/5K2/P7/3R4 w - - 1 37,g6h7
31,EulerE,BDC359,943,984,5r2/pp3r1k/2p4p/7P/4PBP1/4K3/P7/3R4 b - - 2 37,f3e3
31,EulerE,BDC359,943,984,5r2/pp5k/2p4p/7P/4PrP1/4K3/P7/3R4 w - - 0 38,f7f4
31,EulerE,BDC359,943,984,5r2/pp1R3k/2p4p/7P/4PrP1/4K3/P7/8 b - - 1 38,d1d7
31,EulerE,BDC359,943,984,8/pp1R1r1k/2p4p/7P/4PrP1/4K3/P7/8 w - - 2 39,f8f7
31,EulerE,BDC359,943,984,8/pp3R1k/2p4p/7P/4PrP1/4K3/P7/8 b - - 0 39,d7f7
31,EulerE,BDC359,943,984,8/pp3r1k/2p4p/7P/4P1P1/4K3/P7/8 w - - 0 40,f4f7
31,EulerE,BDC359,943,984,8/pp3r1k/2p4p/4P2P/6P1/4K3/P7/8 b - - 0 40,e4e5
31,EulerE,BDC359,943,984,8/pp2r2k/2p4p/4P2P/6P1/4K3/P7/8 w - - 1 41,f7e7
31,EulerE,BDC359,943,984,8/pp2r2k/2p4p/4P2P/5KP1/8/P7/8 b - - 2 41,e3f4
31,EulerE,BDC359,943,984,8/pp2r1k1/2p4p/4P2P/5KP1/8/P7/8 w - - 3 42,h7g7
31,EulerE,BDC359,943,984,8/pp2r1k1/2p4p/4PK1P/6P1/8/P7/8 b - - 4 42,f4f5
31,EulerE,BDC359,943,984,8/pp2rk2/2p4p/4PK1P/6P1/8/P7/8 w - - 5 43,g7f7
31,EulerE,BDC359,943,984,8/pp2rk2/2p4p/4PKPP/8/8/P7/8 b - - 0 43,g4g5
31,EulerE,BDC359,943,984,8/pp2rk2/2p5/4PKpP/8/8/P7/8 w - - 0 44,h6g5
31,EulerE,BDC359,943,984,8/pp2rk2/2p4P/4PKp1/8/8/P7/8 b - - 0 44,h5h6
31,EulerE,BDC359,943,984,6k1/pp2r3/2p4P/4PKp1/8/8/P7/8 w - - 1 45,f7g8
31,EulerE,BDC359,943,984,6k1/pp2r3/2p1P2P/5Kp1/8/8/P7/8 b - - 0 45,e5e6
31,EulerE,BDC359,943,984,6k1/pp2r3/2p1P2P/5K2/6p1/8/P7/8 w - - 0 46,g5g4
31,EulerE,BDC359,943,984,6k1/pp2r3/2p1PK1P/8/6p1/8/P7/8 b - - 1 46,f5f6
31,EulerE,BDC359,943,984,5k2/pp2r3/2p1PK1P/8/6p1/8/P7/8 w - - 2 47,g8f8
31,EulerE,BDC359,943,984,5k2/pp2r3/2p1PK1P/8/P5p1/8/8/8 b - - 0 47,a2a4
31,EulerE,BDC359,943,984,5k2/pp2r3/2p1PK1P/8/P7/6p1/8/8 w - - 0 48,g4g3
31,EulerE,BDC359,943,984,5k2/pp2r3/2p1P1KP/8/P7/6p1/8/8 b - - 1 48,f6g6
31,EulerE,BDC359,943,984,5k2/pp6/2p1r1KP/8/P7/6p1/8/8 w - - 0 49,e7e6
31,EulerE,BDC359,943,984,5k2/pp6/2p1r2P/5K2/P7/6p1/8/8 b - - 1 49,g6f5
31,EulerE,BDC359,943,984,5k2/pp2r3/2p4P/5K2/P7/6p1/8/8 w - - 2 50,e6e7
31,EulerE,BDC359,943,984,5k2/pp2r3/2p4P/8/P5K1/6p1/8/8 b - - 3 50,f5g4
31,EulerE,BDC359,943,984,5k2/pp2r3/2p4P/8/P5K1/8/6p1/8 w - - 0 51,g3g2
31,EulerE,BDC359,943,984,5k2/pp2r3/2p4P/8/P7/7K/6p1/8 b - - 1 51,g4h3
31,EulerE,BDC359,943,984,5k2/pp2r3/2p4P/8/P7/7K/8/6q1 w - - 0 52,g2g1q
31,EulerE,BDC359,943,984,5k2/pp2r2P/2p5/8/P7/7K/8/6q1 b - - 0 52,h6h7
31,EulerE,BDC359,943,984,5k2/pp5r/2p5/8/P7/7K/8/6q1 w - - 0 53,e7h7
32,OtroValdiviano,EulerE,939,951,rnbqkbnr/pppppppp/8/8/8/3P4/PPP1PPPP/RNBQKBNR b KQkq - 0 1,d2d3
32,OtroValdiviano,EulerE,939,951,rnbqkbnr/ppp1pppp/8/3p4/8/3P4/PPP1PPPP/RNBQKBNR w KQkq - 0 2,d7d5
32,OtroValdiviano,EulerE,939,951,rnbqkbnr/ppp1pppp/8/3p4/8/3P1N2/PPP1PPPP/RNBQKB1R b KQkq - 1 2,g1f3
32,OtroValdiviano,EulerE,939,951,rnbqkb1r/ppp1pppp/5n2/3p4/8/3P1N2/PPP1PPPP/RNBQKB1R w KQkq - 2 3,g8f6
32,OtroValdiviano,EulerE,939,951,rnbqkb1r/ppp1pppp/5n2/3p4/8/1P1P1N2/P1P1PPPP/RNBQKB1R b KQkq - 0 3,b2b3
32,OtroValdiviano,EulerE,939,951,r1bqkb1r/ppp1pppp/2n2n2/3p4/8/1P1P1N2/P1P1PPPP/RNBQKB1R w KQkq - 1 4,b8c6
32,OtroValdiviano,EulerE,939,951,r1bqkb1r/ppp1pppp/2n2n2/3p4/8/1P1P1N2/PBP1PPPP/RN1QKB1R b KQkq - 2 4,c1b2
32,OtroValdiviano,EulerE,939,951,r1bqkb1r/p1p1pppp/1pn2n2/3p4/8/1P1P1N2/PBP1PPPP/RN1QKB1R w KQkq - 0 5,b7b6
32,OtroValdiviano,EulerE,939,951,r1bqkb1r/p1p1pppp/1pn2n2/3p4/8/1P1P1NP1/PBP1PP1P/RN1QKB1R b KQkq - 0 5,g2g3
32,OtroValdiviano,EulerE,939,951,r2qkb1r/pbp1pppp/1pn2n2/3p4/8/1P1P1NP1/PBP1PP1P/RN1QKB1R w KQkq - 1 6,c8b7
32,OtroValdiviano,EulerE,939,951,r2qkb1r/pbp1pppp/1pn2n2/3p4/8/1P1P1NP1/PBP1PPBP/RN1QK2R b KQkq - 2 6,f1g2
32,OtroValdiviano,EulerE,939,951,r3kb1r/pbp1pppp/1pnq1n2/3p4/8/1P1P1NP1/PBP1PPBP/RN1QK2R w KQkq - 3 7,d8d6
32,OtroValdiviano,EulerE,939,951,r3kb1r/pbp1pppp/1pnq1n2/3p4/8/1P1P1NP1/PBP1PPBP/RN1Q1RK1 b kq - 4 7,e1g1
32,OtroValdiviano,EulerE,939,951,2kr1b1r/pbp1pppp/1pnq1n2/3p4/8/1P1P1NP1/PBP1PPBP/RN1Q1RK1 w - - 5 8,e8c8
32,OtroValdiviano,EulerE,939,951,2kr1b1r/pbp1pppp/1pnq1n2/3p4/8/1P1P1NP1/PBPNPPBP/R2Q1RK1 b - - 6 8,b1d2
32,OtroValdiviano,EulerE,939,951,2kr1b1r/pbp2ppp/1pnq1n2/3pp3/8/1P1P1NP1/PBPNPPBP/R2Q1RK1 w - - 0 9,e7e5
32,OtroValdiviano,EulerE,939,951,2kr1b1r/pbp2ppp/1pnq1n2/3pp3/3P4/1P3NP1/PBPNPPBP/R2Q1RK1 b - - 0 9,d3d4
32,OtroValdiviano,EulerE,939,951,2kr1b1r/pbp2ppp/1pnq1n2/3p4/3Pp3/1P3NP1/PBPNPPBP/R2Q1RK1 w - - 0 10,e5e4
32,OtroValdiviano,EulerE,939,951,2kr1b1r/pbp2ppp/1pnq1n2/3p4/3Pp3/1P4P1/PBPNPPBP/R2QNRK1 b - - 1 10,f3e1
32,OtroValdiviano,EulerE,939,951,2kr3r/pbp1bppp/1pnq1n2/3p4/3Pp3/1P4P1/PBPNPPBP/R2QNRK1 w - - 2 11,f8e7
32,OtroValdiviano,EulerE,939,951,2kr3r/pbp1bppp/1pnq1n2/3p4/3Pp3/1P2P1P1/PBPN1PBP/R2QNRK1 b - - 0 11,e2e3
32,OtroValdiviano,EulerE,939,951,2krr3/pbp1bppp/1pnq1n2/3p4/3Pp3/1P2P1P1/PBPN1PBP/R2QNRK1 w - - 1 12,h8e8
32,OtroValdiviano,EulerE,939,951,2krr3/pbp1bppp/1pnq1n2/3p4/3Pp3/1P2PPP1/PBPN2BP/R2QNRK1 b - - 0 12,f2f3
32,OtroValdiviano,EulerE,939,951,2krr3/pbp1bp1p/1pnq1np1/3p4/3Pp3/1P2PPP1/PBPN2BP/R2QNRK1 w - - 0 13,g7g6
32,OtroValdiviano,EulerE,939,951,2krr3/pbp1bp1p/1pnq1np1/3p4/3PP3/1P2P1P1/PBPN2BP/R2QNRK1 b - - 0 13,f3e4
32,OtroValdiviano,EulerE,939,951,2krr3/pbp1bp1p/1pnq1np1/8/3Pp3/1P2P1P1/PBPN2BP/R2QNRK1 w - - 0 14,d5e4
32,OtroValdiviano,EulerE,939,951,2krr3/pbp1bp1p/1pnq1np1/8/3PN3/1P2P1P1/PBP3BP/R2QNRK1 b - - 0 14,d2e4
32,OtroValdiviano,EulerE,939,951,2krr3/pbp1bp1p/1pnq2p1/8/3Pn3/1P2P1P1/PBP3BP/R2QNRK1 w - - 0 15,f6e4
32,OtroValdiviano,EulerE,939,951,2krr3/pbp1bp1p/1pnq2p1/8/3PB3/1P2P1P1/PBP4P/R2QNRK1 b - - 0 15,g2e4
32,OtroValdiviano,EulerE,939,951,2krr3/pbp1b2p/1pnq2p1/5p2/3PB3/1P2P1P1/PBP4P/R2QNRK1 w - - 0 16,f7f5
32,OtroValdiviano,EulerE,939,951,2krr3/pbp1b2p/1pnq2p1/5p2/3P4/1P2P1P1/PBP3BP/R2QNRK1 b - - 1 16,e4g2
32,OtroValdiviano,EulerE,939,951,2krr3/pbp4p/1pnq1bp1/5p2/3P4/1P2P1P1/PBP3BP/R2QNRK1 w - - 2 17,e7f6
32,OtroValdiviano,EulerE,939,951,2krr3/pbp4p/1pnq1bp1/5p2/3P4/PP2P1P1/1BP3BP/R2QNRK1 b - - 0 17,a2a3
32,OtroValdiviano,EulerE,939,951,2krrq2/pbp4p/1pn2bp1/5p2/3P4/PP2P1P1/1BP3BP/R2QNRK1 w - - 1 18,d6f8
32,OtroValdiviano,EulerE,939,951,2krrq2/pbp4p/1pn2bp1/5p2/1P1P4/P3P1P1/1BP3BP/R2QNRK1 b - - 0 18,b3b4
32,OtroValdiviano,EulerE,939,951,2krr3/pbp4p/1pn2bpq/5p2/1P1P4/P3P1P1/1BP3BP/R2QNRK1 w - - 1 19,f8h6
32,OtroValdiviano,EulerE,939,951,2krr3/pbp4p/1pn2bpq/5p2/1P1P4/P3PRP1/1BP3BP/R2QN1K1 b - - 2 19,f1f3
32,OtroValdiviano,EulerE,939,951,2kr4/pbp4p/1pn2bpq/5p2/1P1P4/P3rRP1/1BP3BP/R2QN1K1 w - - 0 20,e8e3
32,OtroValdiviano,EulerE,939,951,2kr4/pbp4p/1pn2bpq/5p2/1P1P4/P3R1P1/1BP3BP/R2QN1K1 b - - 0 20,f3e3
32,OtroValdiviano,EulerE,939,951,2kr4/pbp4p/1pn2bp1/5p2/1P1P4/P3q1P1/1BP3BP/R2QN1K1 w - - 0 21,h6e3
32,OtroValdiviano,EulerE,939,951,2kr4/pbp4p/1pn2bp1/5p2/1P1P4/P3q1P1/1BP3BP/R2QN2K b - - 1 21,g1h1
32,OtroValdiviano,EulerE,939,951,2kr4/pbp4p/1pn3p1/5p2/1P1b4/P3q1P1/1BP3BP/R2QN2K w - - 0 22,f6d4
32,OtroValdiviano,EulerE,939,951,2kr4/pbp4p/1pn3p1/5p2/1P1B4/P3q1P1/2P3BP/R2QN2K b - - 0 22,b2d4
32,OtroValdiviano,EulerE,939,951,2k5/pbp4p/1pn3p1/5p2/1P1r4/P3q1P1/2P3BP/R2QN2K w - - 0 23,d8d4
32,OtroValdiviano,EulerE,939,951,2k5/pbp4p/1pn3p1/5p2/1P1r4/P3qQP1/2P3BP/R3N2K b - - 1 23,d1f3
32,OtroValdiviano,EulerE,939,951,2k5/pbp4p/1pn3p1/5p2/1P1r4/P4qP1/2P3BP/R3N2K w - - 0 24,e3f3
32,OtroValdiviano,EulerE,939,951,2k5/pbp4p/1pn3p1/5p2/1P1r4/P4NP1/2P3BP/R6K b - - 0 24,e1f3
32,OtroValdiviano,EulerE,939,951,2k5/pbp4p/1pn3p1/5p2/1Pr5/P4NP1/2P3BP/R6K w - - 1 25,d4c4
32,OtroValdiviano,EulerE,939,951,2k5/pbp4p/1pn3p1/5p2/1Pr5/P4NP1/2P3BP/2R4K b - - 2 25,a1c1
32,OtroValdiviano,EulerE,939,951,2k5/pbp4p/1p4p1/5p2/1Prn4/P4NP1/2P3BP/2R4K w - - 3 26,c6d4
32,OtroValdiviano,EulerE,939,951,2k5/pbp4p/1p4p1/5p2/1PrN4/P5P1/2P3BP/2R4K b - - 0 26,f3d4
32,OtroValdiviano,EulerE,939,951,2k5/p1p4p/1p4p1/5p2/1PrN4/P5P1/2P3bP/2R4K w - - 0 27,b7g2
32,OtroValdiviano,EulerE,939,951,2k5/p1p4p/1p4p1/5p2/1PrN4/P5P1/2P3KP/2R5 b - - 0 27,h1g2
32,OtroValdiviano,EulerE,939,951,2k5/p1p4p/1p4p1/5p2/1P1r4/P5P1/2P3KP/2R5 w - - 0 28,c4d4
32,OtroValdiviano,EulerE,939,951,2k5/p1p4p/1p4p1/5p2/1P1r4/P1P3P1/6KP/2R5 b - - 0 28,c2c3
32,OtroValdiviano,EulerE,939,951,2k5/p1p4p/1p4p1/5p2/1P6/P1P3P1/3r2KP/2R5 w - - 1 29,d4d2
32,OtroValdiviano,EulerE,939,951,2k5/p1p4p/1p4p1/5p2/1P6/P1P2KP1/3r3P/2R5 b - - 2 29,g2f3
32,OtroValdiviano,EulerE,939,951,2k5/p1p4p/1p4p1/5p2/1P6/P1P2KP1/r6P/2R5 w - - 3 30,d2a2
32,OtroValdiviano,EulerE,939,951,2k5/p1p4p/1p4p1/5p2/1P5P/P1P2KP1/r7/2R5 b - - 0 30,h2h4
32,OtroValdiviano,EulerE,939,951,2k5/p1p4p/1p4p1/5p2/1P5P/r1P2KP1/8/2R5 w - - 0 31,a2a3
32,OtroValdiviano,EulerE,939,951,2k5/p1p4p/1p4p1/5p2/1P3K1P/r1P3P1/8/2R5 b - - 1 31,f3f4
32,OtroValdiviano,EulerE,939,951,3k4/p1p4p/1p4p1/5p2/1P3K1P/r1P3P1/8/2R5 w - - 2 32,c8d8
32,OtroValdiviano,EulerE,939,951,3k4/p1p4p/1p4p1/5pK1/1P5P/r1P3P1/8/2R5 b - - 3 32,f4g5
32,OtroValdiviano,EulerE,939,951,8/p1p1k2p/1p4p1/5pK1/1P5P/r1P3P1/8/2R5 w - - 4 33,d8e7
32,OtroValdiviano,EulerE,939,951,8/p1p1k2p/1p4pK/5p2/1P5P/r1P3P1/8/2R5 b - - 5 33,g5h6
32,OtroValdiviano,EulerE,939,951,8/2p1k2p/1p4pK/p4p2/1P5P/r1P3P1/8/2R5 w - - 0 34,a7a5
32,OtroValdiviano,EulerE,939,951,8/2p1k2K/1p4p1/p4p2/1P5P/r1P3P1/8/2R5 b - - 0 34,h6h7
32,OtroValdiviano,EulerE,939,951,8/2p4K/1p3kp1/p4p2/1P5P/r1P3P1/8/2R5 w - - 1 35,e7f6
32,OtroValdiviano,EulerE,939,951,8/2p4K/1p3kp1/P4p2/7P/r1P3P1/8/2R5 b - - 0 35,b4a5
32,OtroValdiviano,EulerE,939,951,8/2p4K/5kp1/p4p2/7P/r1P3P1/8/2R5 w - - 0 36,b6a5
32,OtroValdiviano,EulerE,939,951,8/2p5/5kpK/p4p2/7P/r1P3P1/8/2R5 b - - 1 36,h7h6
32,OtroValdiviano,EulerE,939,951,8/2p5/5kpK/p4p2/7P/2P3P1/r7/2R5 w - - 2 37,a3a2
32,OtroValdiviano,EulerE,939,951,8/2p5/5kpK/p4p2/6PP/2P5/r7/2R5 b - - 0 37,g3g4
32,OtroValdiviano,EulerE,939,951,8/2p5/5kpK/p4p2/6PP/2P5/7r/2R5 w - - 1 38,a2h2
32,OtroValdiviano,EulerE,939,951,8/2p5/5kpK/p4pP1/7P/2P5/7r/2R5 b - - 0 38,g4g5
32,OtroValdiviano,EulerE,939,951,8/2p2k2/6pK/p4pP1/7P/2P5/7r/2R5 w - - 1 39,f6f7
32,OtroValdiviano,EulerE,939,951,8/2p2k1K/6p1/p4pP1/7P/2P5/7r/2R5 b - - 2 39,h6h7
32,OtroValdiviano,EulerE,939,951,8/2p2k1K/6p1/p4pP1/7r/2P5/8/2R5 w - - 0 40,h2h4
33,Fnajam07,EulerE,925,950,rnbqkbnr/pppppppp/8/8/4P3/8/PPPP1PPP/RNBQKBNR b KQkq - 0 1,e2e4
33,Fnajam07,EulerE,925,950,rnbqkbnr/pppp1ppp/8/4p3/4P3/8/PPPP1PPP/RNBQKBNR w KQkq - 0 2,e7e5
33,Fnajam07,EulerE,925,950,rnbqkbnr/pppp1ppp/8/4p3/4P3/5N2/PPPP1PPP/RNBQKB1R b KQkq - 1 2,g1f3
33,Fnajam07,EulerE,925,950,r1bqkbnr/pppp1ppp/2n5/4p3/4P3/5N2/PPPP1PPP/RNBQKB1R w KQkq - 2 3,b8c6
33,Fnajam07,EulerE,925,950,r1bqkbnr/pppp1ppp/2n5/4p3/4P3/2P2N2/PP1P1PPP/RNBQKB1R b KQkq - 0 3,c2c3
33,Fnajam07,EulerE,925,950,r1bqkbnr/p1pp1ppp/1pn5/4p3/4P3/2P2N2/PP1P1PPP/RNBQKB1R w KQkq - 0 4,b7b6
33,Fnajam07,EulerE,925,950,r1bqkbnr/p1pp1ppp/1pn5/4p3/3PP3/2P2N2/PP3PPP/RNBQKB1R b KQkq - 0 4,d2d4
33,Fnajam07,EulerE,925,950,r1bqkbnr/p1pp1ppp/1pn5/8/3pP3/2P2N2/PP3PPP/RNBQKB1R w KQkq - 0 5,e5d4
33,Fnajam07,EulerE,925,950,r1bqkbnr/p1pp1ppp/1pn5/8/3PP3/5N2/PP3PPP/RNBQKB1R b KQkq - 0 5,c3d4
33,Fnajam07,EulerE,925,950,r2qkbnr/pbpp1ppp/1pn5/8/3PP3/5N2/PP3PPP/RNBQKB1R w KQkq - 1 6,c8b7
33,Fnajam07,EulerE,925,950,r2qkbnr/pbpp1ppp/1pn5/3P4/4P3/5N2/PP3PPP/RNBQKB1R b KQkq - 0 6,d4d5
33,Fnajam07,EulerE,925,950,r2qkbnr/pbpp1ppp/1p6/n2P4/4P3/5N2/PP3PPP/RNBQKB1R w KQkq - 1 7,c6a5
33,Fnajam07,EulerE,925,950,r2qkbnr/pbpp1ppp/1p6/n2P4/4P3/5N2/PP1B1PPP/RN1QKB1R b KQkq - 2 7,c1d2
33,Fnajam07,EulerE,925,950,r2qkbnr/pb1p1ppp/1pp5/n2P4/4P3/5N2/PP1B1PPP/RN1QKB1R w KQkq - 0 8,c7c6
33,Fnajam07,EulerE,925,950,r2qkbnr/pb1p1ppp/1pp5/B2P4/4P3/5N2/PP3PPP/RN1QKB1R b KQkq - 0 8,d2a5
33,Fnajam07,EulerE,925,950,r2qkbnr/pb1p1ppp/2p5/p2P4/4P3/5N2/PP3PPP/RN1QKB1R w KQkq - 0 9,b6a5
33,Fnajam07,EulerE,925,950,r2qkbnr/pb1p1ppp/2p5/p2P4/4P3/2N2N2/PP3PPP/R2QKB1R b KQkq - 1 9,b1c3
33,Fnajam07,EulerE,925,950,r2qk1nr/pb1p1ppp/2p5/p2P4/1b2P3/2N2N2/PP3PPP/R2QKB1R w KQkq - 2 10,f8b4
33,Fnajam07,EulerE,925,950,r2qk1nr/pb1p1ppp/2p5/p2P4/1b2P3/P1N2N2/1P3PPP/R2QKB1R b KQkq - 0 10,a2a3
33,Fnajam07,EulerE,925,950,r2qk1nr/pb1p1ppp/2p5/p2P4/4P3/P1b2N2/1P3PPP/R2QKB1R w KQkq - 0 11,b4c3
33,Fnajam07,EulerE,925,950,r2qk1nr/pb1p1ppp/2p5/p2P4/4P3/P1P2N2/5PPP/R2QKB1R b KQkq - 0 11,b2c3
33,Fnajam07,EulerE,925,950,r2qk1nr/pb1p1ppp/8/p2p4/4P3/P1P2N2/5PPP/R2QKB1R w KQkq - 0 12,c6d5
33,Fnajam07,EulerE,925,950,r2qk1nr/pb1p1ppp/8/p2P4/8/P1P2N2/5PPP/R2QKB1R b KQkq - 0 12,e4d5
33,Fnajam07,EulerE,925,950,r2qk1nr/pb3ppp/3p4/p2P4/8/P1P2N2/5PPP/R2QKB1R w KQkq - 0 13,d7d6
33,Fnajam07,EulerE,925,950,r2qk1nr/pb3ppp/3p4/pB1P4/8/P1P2N2/5PPP/R2QK2R b KQkq - 1 13,f1b5
33,Fnajam07,EulerE,925,950,r2q2nr/pb2kppp/3p4/pB1P4/8/P1P2N2/5PPP/R2QK2R w KQ - 2 14,e8e7
33,Fnajam07,EulerE,925,950,r2q2nr/pb2kppp/3p4/pB1P4/8/P1P2N2/4QPPP/R3K2R b KQ - 3 14,d1e2
33,Fnajam07,EulerE,925,950,r2q1knr/pb3ppp/3p4/pB1P4/8/P1P2N2/4QPPP/R3K2R w KQ - 4 15,e7f8
33,Fnajam07,EulerE,925,950,r2q1knr/pb3ppp/3p4/pB1P4/8/P1P2N2/4QPPP/R4RK1 b - - 5 15,e1g1
33,Fnajam07,EulerE,925,950,r2q1k1r/pb3ppp/3p1n2/pB1P4/8/P1P2N2/4QPPP/R4RK1 w - - 6 16,g8f6
33,Fnajam07,EulerE,925,950,r2q1k1r/pb3ppp/3p1n2/pB1P4/2P5/P4N2/4QPPP/R4RK1 b - - 0 16,c3c4
33,Fnajam07,EulerE,925,950,r2q1k1r/pb3p1p/3p1np1/pB1P4/2P5/P4N2/4QPPP/R4RK1 w - - 0 17,g7g6
33,Fnajam07,EulerE,925,950,r2q1k1r/pb3p1p/3p1np1/pB1P2N1/2P5/P7/4QPPP/R4RK1 b - - 1 17,f3g5
33,Fnajam07,EulerE,925,950,r2q3r/pb3pkp/3p1np1/pB1P2N1/2P5/P7/4QPPP/R4RK1 w - - 2 18,f8g7
33,Fnajam07,EulerE,925,950,r2q3r/pb3pkp/3p1np1/pB1P2N1/2P5/P7/1Q3PPP/R4RK1 b - - 3 18,e2b2
33,Fnajam07,EulerE,925,950,1r1q3r/pb3pkp/3p1np1/pB1P2N1/2P5/P7/1Q3PPP/R4RK1 w - - 4 19,a8b8
33,Fnajam07,EulerE,925,950,1r1q3r/pb3pkp/3p1np1/pB1P4/2P1N3/P7/1Q3PPP/R4RK1 b - - 5 19,g5e4
33,Fnajam07,EulerE,925,950,1r1q3r/p4pkp/b2p1np1/pB1P4/2P1N3/P7/1Q3PPP/R4RK1 w - - 6 20,b7a6
33,Fnajam07,EulerE,925,950,1r1q3r/p4pkp/b2p1Qp1/pB1P4/2P1N3/P7/5PPP/R4RK1 b - - 0 20,b2f6
33,Fnajam07,EulerE,925,950,1r5r/p4pkp/b2p1qp1/pB1P4/2P1N3/P7/5PPP/R4RK1 w - - 0 21,d8f6
33,Fnajam07,EulerE,925,950,1r5r/p4pkp/b2p1Np1/pB1P4/2P5/P7/5PPP/R4RK1 b - - 0 21,e4f6
33,Fnajam07,EulerE,925,950,1r5r/p4pkp/3p1Np1/pb1P4/2P5/P7/5PPP/R4RK1 w - - 0 22,a6b5
33,Fnajam07,EulerE,925,950,1r5r/p4pkp/3p1Np1/pP1P4/8/P7/5PPP/R4RK1 b - - 0 22,c4b5
33,Fnajam07,EulerE,925,950,1r5r/p4p1p/3p1kp1/pP1P4/8/P7/5PPP/R4RK1 w - - 0 23,g7f6
33,Fnajam07,EulerE,925,950,1r5r/p4p1p/3p1kp1/pP1P4/5P2/P7/6PP/R4RK1 b - - 0 23,f2f4
33,Fnajam07,EulerE,925,950,7r/p4p1p/3p1kp1/pr1P4/5P2/P7/6PP/R4RK1 w - - 0 24,b8b5
33,Fnajam07,EulerE,925,950,7r/p4p1p/3p1kp1/pr1P4/P4P2/8/6PP/R4RK1 b - - 0 24,a3a4
33,Fnajam07,EulerE,925,950,7r/p4p1p/3p1kp1/p2r4/P4P2/8/6PP/R4RK1 w - - 0 25,b5d5
33,Fnajam07,EulerE,925,950,7r/p4p1p/3p1kp1/p2r4/P4P2/8/6PP/3R1RK1 b - - 1 25,a1d1
33,Fnajam07,EulerE,925,950,7r/p4p1p/3p1kp1/p7/P4P2/8/6PP/3r1RK1 w - - 0 26,d5d1
33,Fnajam07,EulerE,925,950,7r/p4p1p/3p1kp1/p7/P4P2/8/6PP/3R2K1 b - - 0 26,f1d1
33,Fnajam07,EulerE,925,950,3r4/p4p1p/3p1kp1/p7/P4P2/8/6PP/3R2K1 w - - 1 27,h8d8
33,Fnajam07,EulerE,925,950,3r4/p4p1p/3p1kp1/p2R4/P4P2/8/6PP/6K1 b - - 2 27,d1d5
33,Fnajam07,EulerE,925,950,3r4/p4p2/3p1kpp/p2R4/P4P2/8/6PP/6K1 w - - 0 28,h7h6
33,Fnajam07,EulerE,925,950,3r4/p4p2/3p1kpp/p2R4/P4PP1/8/7P/6K1 b - - 0 28,g2g4
33,Fnajam07,EulerE,925,950,3r4/p4p2/3p1k1p/p2R2p1/P4PP1/8/7P/6K1 w - - 0 29,g6g5
33,Fnajam07,EulerE,925,950,3r4/p4p2/3p1k1p/p2R1Pp1/P5P1/8/7P/6K1 b - - 0 29,f4f5
33,Fnajam07,EulerE,925,950,3r4/p3kp2/3p3p/p2R1Pp1/P5P1/8/7P/6K1 w - - 1 30,f6e7
33,Fnajam07,EulerE,925,950,3r4/p3kp2/3p3p/R4Pp1/P5P1/8/7P/6K1 b - - 0 30,d5a5
33,Fnajam07,EulerE,925,950,3r4/p3kp2/7p/R2p1Pp1/P5P1/8/7P/6K1 w - - 0 31,d6d5
33,Fnajam07,EulerE,925,950,3r4/R3kp2/7p/3p1Pp1/P5P1/8/7P/6K1 b - - 0 31,a5a7
33,Fnajam07,EulerE,925,950,3r1k2/R4p2/7p/3p1Pp1/P5P1/8/7P/6K1 w - - 1 32,e7f8
33,Fnajam07,EulerE,925,950,3r1k2/R4p2/7p/3p1Pp1/P5P1/8/5K1P/8 b - - 2 32,g1f2
33,Fnajam07,EulerE,925,950,3r1k2/R4p2/7p/5Pp1/P2p2P1/8/5K1P/8 w - - 0 33,d5d4
33,Fnajam07,EulerE,925,950,3r1k2/R4p2/7p/5Pp1/P2p2P1/8/4K2P/8 b - - 1 33,f2e2
33,Fnajam07,EulerE,925,950,3r1k2/R4p2/7p/5Pp1/P5P1/3p4/4K2P/8 w - - 0 34,d4d3
33,Fnajam07,EulerE,925,950,3r1k2/R4p2/7p/5Pp1/P5P1/3p4/3K3P/8 b - - 1 34,e2d2
33,Fnajam07,EulerE,925,950,3r4/R4pk1/7p/5Pp1/P5P1/3p4/3K3P/8 w - - 2 35,f8g7
33,Fnajam07,EulerE,925,950,3r4/R4pk1/7p/5Pp1/P5P1/3p3P/3K4/8 b - - 0 35,h2h3
33,Fnajam07,EulerE,925,950,3r4/R4pk1/8/5Ppp/P5P1/3p3P/3K4/8 w - - 0 36,h6h5
33,Fnajam07,EulerE,925,950,3r4/1R3pk1/8/5Ppp/P5P1/3p3P/3K4/8 b - - 1 36,a7b7
33,Fnajam07,EulerE,925,950,3r4/1R3pk1/8/5Pp1/P5p1/3p3P/3K4/8 w - - 0 37,h5g4
33,Fnajam07,EulerE,925,950,3r4/1R3pk1/8/5Pp1/P5P1/3p4/3K4/8 b - - 0 37,h3g4
33,Fnajam07,EulerE,925,950,r7/1R3pk1/8/5Pp1/P5P1/3p4/3K4/8 w - - 1 38,d8a8
33,Fnajam07,EulerE,925,950,r7/5pk1/8/5Pp1/P5P1/1R1p4/3K4/8 b - - 2 38,b7b3
33,Fnajam07,EulerE,925,950,8/5pk1/8/5Pp1/r5P1/1R1p4/3K4/8 w - - 0 39,a8a4
33,Fnajam07,EulerE,925,950,8/5pk1/8/5Pp1/r5P1/3R4/3K4/8 b - - 0 39,b3d3
33,Fnajam07,EulerE,925,950,8/5pk1/8/5Pp1/6r1/3R4/3K4/8 w - - 0 40,a4g4
33,Fnajam07,EulerE,925,950,8/5pk1/3R4/5Pp1/6r1/8/3K4/8 b - - 1 40,d3d6
33,Fnajam07,EulerE,925,950,8/6k1/3R1p2/5Pp1/6r1/8/3K4/8 w - - 0 41,f7f6
33,Fnajam07,EulerE,925,950,8/6k1/3R1p2/5Pp1/6r1/4K3/8/8 b - - 1 41,d2e3
33,Fnajam07,EulerE,925,950,8/6k1/3R1p2/5Pp1/8/4K1r1/8/8 w - - 2 42,g4g3
33,Fnajam07,EulerE,925,950,8/6k1/3R1p2/5Pp1/8/6r1/5K2/8 b - - 3 42,e3f2
33,Fnajam07,EulerE,925,950,8/6k1/3R1p2/5Pp1/8/7r/5K2/8 w - - 4 43,g3h3
33,Fnajam07,EulerE,925,950,8/6k1/3R1p2/5Pp1/8/7r/6K1/8 b - - 5 43,f2g2
33,Fnajam07,EulerE,925,950,8/6k1/3R1p1r/5Pp1/8/8/6K1/8 w - - 6 44,h3h6
33,Fnajam07,EulerE,925,950,8/6k1/3R1p1r/5Pp1/8/6K1/8/8 b - - 7 44,g2g3
33,Fnajam07,EulerE,925,950,7k/8/3R1p1r/5Pp1/8/6K1/8/8 w - - 8 45,g7h8
33,Fnajam07,EulerE,925,950,3R3k/8/5p1r/5Pp1/8/6K1/8/8 b - - 9 45,d6d8
33,Fnajam07,EulerE,925,950,3R4/6k1/5p1r/5Pp1/8/6K1/8/8 w - - 10 46,h8g7
33,Fnajam07,EulerE,925,950,8/3R2k1/5p1r/5Pp1/8/6K1/8/8 b - - 11 46,d8d7
33,Fnajam07,EulerE,925,950,7k/3R4/5p1r/5Pp1/8/6K1/8/8 w - - 12 47,g7h8
33,Fnajam07,EulerE,925,950,3R3k/8/5p1r/5Pp1/8/6K1/8/8 b - - 13 47,d7d8
33,Fnajam07,EulerE,925,950,3R4/6k1/5p1r/5Pp1/8/6K1/8/8 w - - 14 48,h8g7
33,Fnajam07,EulerE,925,950,8/3R2k1/5p1r/5Pp1/8/6K1/8/8 b - - 15 48,d8d7
33,Fnajam07,EulerE,925,950,7k/3R4/5p1r/5Pp1/8/6K1/8/8 w - - 16 49,g7h8
33,Fnajam07,EulerE,925,950,7k/8/3R1p1r/5Pp1/8/6K1/8/8 b - - 17 49,d7d6
33,Fnajam07,EulerE,925,950,8/6k1/3R1p1r/5Pp1/8/6K1/8/8 w - - 18 50,h8g7
33,Fnajam07,EulerE,925,950,8/6k1/3R1p1r/5Pp1/6K1/8/8/8 b - - 19 50,g3g4
33,Fnajam07,EulerE,925,950,8/5k2/3R1p1r/5Pp1/6K1/8/8/8 w - - 20 51,g7f7
33,Fnajam07,EulerE,925,950,8/5k2/R4p1r/5Pp1/6K1/8/8/8 b - - 21 51,d6a6
33,Fnajam07,EulerE,925,950,8/6k1/R4p1r/5Pp1/6K1/8/8/8 w - - 22 52,f7g7
33,Fnajam07,EulerE,925,950,8/R5k1/5p1r/5Pp1/6K1/8/8/8 b - - 23 52,a6a7
33,Fnajam07,EulerE,925,950,7k/R7/5p1r/5Pp1/6K1/8/8/8 w - - 24 53,g7h8
33,Fnajam07,EulerE,925,950,7k/8/5p1r/5Pp1/6K1/R7/8/8 b - - 25 53,a7a3
33,Fnajam07,EulerE,925,950,8/6k1/5p1r/5Pp1/6K1/R7/8/8 w - - 26 54,h8g7
33,Fnajam07,EulerE,925,950,8/6k1/5p1r/5Pp1/6K1/6R1/8/8 b - - 27 54,a3g3
33,Fnajam07,EulerE,925,950,8/6k1/5p2/5Pp1/6Kr/6R1/8/8 w - - 28 55,h6h4
33,Fnajam07,EulerE,925,950,8/6k1/5p2/5Pp1/7r/5KR1/8/8 b - - 29 55,g4f3
33,Fnajam07,EulerE,925,950,8/5k2/5p2/5Pp1/7r/5KR1/8/8 w - - 30 56,g7f7
33,Fnajam07,EulerE,925,950,8/5k2/5p2/5Pp1/6Rr/5K2/8/8 b - - 31 56,g3g4
33,Fnajam07,EulerE,925,950,8/5k2/5p2/5Pp1/6r1/5K2/8/8 w - - 0 57,h4g4
33,Fnajam07,EulerE,925,950,8/5k2/5p2/5Pp1/6K1/8/8/8 b - - 0 57,f3g4
33,Fnajam07,EulerE,925,950,8/6k1/5p2/5Pp1/6K1/8/8/8 w - - 1 58,f7g7
33,Fnajam07,EulerE,925,950,8/6k1/5p2/5Pp1/8/5K2/8/8 b - - 2 58,g4f3
33,Fnajam07,EulerE,925,950,8/5k2/5p2/5Pp1/8/5K2/8/8 w - - 3 59,g7f7
33,Fnajam07,EulerE,925,950,8/5k2/5p2/5Pp1/6K1/8/8/8 b - - 4 59,f3g4
33,Fnajam07,EulerE,925,950,8/6k1/5p2/5Pp1/6K1/8/8/8 w - - 5 60,f7g7
33,Fnajam07,EulerE,925,950,8/6k1/5p2/5Pp1/8/5K2/8/8 b - - 6 60,g4f3
33,Fnajam07,EulerE,925,950,8/5k2/5p2/5Pp1/8/5K2/8/8 w - - 7 61,g7f7
33,Fnajam07,EulerE,925,950,8/5k2/5p2/5Pp1/6K1/8/8/8 b - - 8 61,f3g4
34,EulerE,I21181825,942,958,rnbqkbnr/pppppppp/8/8/3P4/8/PPP1PPPP/RNBQKBNR b KQkq - 0 1,d2d4
34,EulerE,I21181825,942,958,rnbqkbnr/ppp1pppp/8/3p4/3P4/8/PPP1PPPP/RNBQKBNR w KQkq - 0 2,d7d5
34,EulerE,I21181825,942,958,rnbqkbnr/ppp1pppp/8/3p4/2PP4/8/PP2PPPP/RNBQKBNR b KQkq - 0 2,c2c4
34,EulerE,I21181825,942,958,rnbqkbnr/pp2pppp/8/2pp4/2PP4/8/PP2PPPP/RNBQKBNR w KQkq - 0 3,c7c5
34,EulerE,I21181825,942,958,rnbqkbnr/pp2pppp/8/2Pp4/2P5/8/PP2PPPP/RNBQKBNR b KQkq - 0 3,d4c5
34,EulerE,I21181825,942,958,r1bqkbnr/pp2pppp/2n5/2Pp4/2P5/8/PP2PPPP/RNBQKBNR w KQkq - 1 4,b8c6
34,EulerE,I21181825,942,958,r1bqkbnr/pp2pppp/2n5/2PP4/8/8/PP2PPPP/RNBQKBNR b KQkq - 0 4,c4d5
34,EulerE,I21181825,942,958,r1b1kbnr/pp2pppp/2n5/q1PP4/8/8/PP2PPPP/RNBQKBNR w KQkq - 1 5,d8a5
34,EulerE,I21181825,942,958,r1b1kbnr/pp2pppp/2n5/q1PP4/8/8/PP1BPPPP/RN1QKBNR b KQkq - 2 5,c1d2
34,EulerE,I21181825,942,958,r1b1kbnr/pp2pppp/2n5/2qP4/8/8/PP1BPPPP/RN1QKBNR w KQkq - 0 6,a5c5
34,EulerE,I21181825,942,958,r1b1kbnr/pp2pppp/2n5/2qP4/8/2N5/PP1BPPPP/R2QKBNR b KQkq - 1 6,b1c3
34,EulerE,I21181825,942,958,r1b1kbnr/pp2pppp/8/2qP4/3n4/2N5/PP1BPPPP/R2QKBNR w KQkq - 2 7,c6d4
34,EulerE,I21181825,942,958,r1b1kbnr/pp2pppp/8/2qP4/3nP3/2N5/PP1B1PPP/R2QKBNR b KQkq - 0 7,e2e4
34,EulerE,I21181825,942,958,r3kbnr/pp2pppp/8/2qP4/3nP1b1/2N5/PP1B1PPP/R2QKBNR w KQkq - 1 8,c8g4
34,EulerE,I21181825,942,958,r3kbnr/pp2pppp/8/2qP4/3nP1b1/2N5/PP1BBPPP/R2QK1NR b KQkq - 2 8,f1e2
34,EulerE,I21181825,942,958,r3kbnr/pp2pppp/8/2qP4/3nP3/2N5/PP1BbPPP/R2QK1NR w KQkq - 0 9,g4e2
34,EulerE,I21181825,942,958,r3kbnr/pp2pppp/8/2qP4/3nP3/2N5/PP1BNPPP/R2QK2R b KQkq - 0 9,g1e2
34,EulerE,I21181825,942,958,r3kbnr/pp2pppp/8/2qP4/4P3/2N5/PP1BnPPP/R2QK2R w KQkq - 0 10,d4e2
34,EulerE,I21181825,942,958,r3kbnr/pp2pppp/8/2qP4/4P3/2N5/PP1BQPPP/R3K2R b KQkq - 0 10,d1e2
34,EulerE,I21181825,942,958,3rkbnr/pp2pppp/8/2qP4/4P3/2N5/PP1BQPPP/R3K2R w KQk - 1 11,a8d8
34,EulerE,I21181825,942,958,3rkbnr/pp2pppp/8/2qP4/4P3/2N5/PP1BQPPP/R4RK1 b k - 2 11,e1g1
34,EulerE,I21181825,942,958,3rkb1r/pp2pppp/5n2/2qP4/4P3/2N5/PP1BQPPP/R4RK1 w k - 3 12,g8f6
34,EulerE,I21181825,942,958,3rkb1r/pp2pppp/5n2/2qP4/4P3/2N5/PP1BQPPP/2R2RK1 b k - 4 12,a1c1
34,EulerE,I21181825,942,958,3rkb1r/pp2ppp1/5n1p/2qP4/4P3/2N5/PP1BQPPP/2R2RK1 w k - 0 13,h7h6
34,EulerE,I21181825,942,958,3rkb1r/pp2ppp1/5n1p/1QqP4/4P3/2N5/PP1B1PPP/2R2RK1 b k - 1 13,e2b5
34,EulerE,I21181825,942,958,3rkb1r/pp2ppp1/5n1p/1q1P4/4P3/2N5/PP1B1PPP/2R2RK1 w k - 0 14,c5b5
34,EulerE,I21181825,942,958,3rkb1r/pp2ppp1/5n1p/1N1P4/4P3/8/PP1B1PPP/2R2RK1 b k - 0 14,c3b5
34,EulerE,I21181825,942,958,3rkb1r/pp2ppp1/7p/1N1P4/4n3/8/PP1B1PPP/2R2RK1 w k - 0 15,f6e4
34,EulerE,I21181825,942,958,3rkb1r/pp2ppp1/7p/1N1P4/4n3/8/PP1B1PPP/2R1R1K1 b k - 1 15,f1e1
34,EulerE,I21181825,942,958,3rkb1r/pp2ppp1/7p/1N1P4/8/8/PP1n1PPP/2R1R1K1 w k - 0 16,e4d2
34,EulerE,I21181825,942,958,3rkb1r/pp2ppp1/3P3p/1N6/8/8/PP1n1PPP/2R1R1K1 b k - 0 16,d5d6
34,EulerE,I21181825,942,958,3rkb1r/pp3pp1/3Pp2p/1N6/8/8/PP1n1PPP/2R1R1K1 w k - 0 17,e7e6
34,EulerE,I21181825,942,958,3rkb1r/ppN2pp1/3Pp2p/8/8/8/PP1n1PPP/2R1R1K1 b k - 1 17,b5c7
34,EulerE,I21181825,942,958,3r1b1r/ppNk1pp1/3Pp2p/8/8/8/PP1n1PPP/2R1R1K1 w - - 2 18,e8d7
34,EulerE,I21181825,942,958,3r1b1r/pp1k1pp1/3Pp2p/1N6/8/8/PP1n1PPP/2R1R1K1 b - - 3 18,c7b5
34,EulerE,I21181825,942,958,3r1b1r/1p1k1pp1/p2Pp2p/1N6/8/8/PP1n1PPP/2R1R1K1 w - - 0 19,a7a6
34,EulerE,I21181825,942,958,3r1b1r/1pRk1pp1/p2Pp2p/1N6/8/8/PP1n1PPP/4R1K1 b - - 1 19,c1c7
34,EulerE,I21181825,942,958,3rkb1r/1pR2pp1/p2Pp2p/1N6/8/8/PP1n1PPP/4R1K1 w - - 2 20,d7e8
34,EulerE,I21181825,942,958,3rkb1r/1pR2pp1/p2Pp2p/8/3N4/8/PP1n1PPP/4R1K1 b - - 3 20,b5d4
34,EulerE,I21181825,942,958,3rk2r/1pR2pp1/p2bp2p/8/3N4/8/PP1n1PPP/4R1K1 w - - 0 21,f8d6
34,EulerE,I21181825,942,958,3rk2r/1pR2pp1/p2bN2p/8/8/8/PP1n1PPP/4R1K1 b - - 0 21,d4e6
34,EulerE,I21181825,942,958,3rk2r/1pb2pp1/p3N2p/8/8/8/PP1n1PPP/4R1K1 w - - 0 22,d6c7
34,EulerE,I21181825,942,958,3rk2r/1pN2pp1/p6p/8/8/8/PP1n1PPP/4R1K1 b - - 0 22,e6c7
34,EulerE,I21181825,942,958,3r3r/1pNk1pp1/p6p/8/8/8/PP1n1PPP/4R1K1 w - - 1 23,e8d7
34,EulerE,I21181825,942,958,3r3r/1p1k1pp1/p6p/3N4/8/8/PP1n1PPP/4R1K1 b - - 2 23,c7d5
34,EulerE,I21181825,942,958,3rr3/1p1k1pp1/p6p/3N4/8/8/PP1n1PPP/4R1K1 w - - 3 24,h8e8
34,EulerE,I21181825,942,958,3rr3/1p1k1pp1/pN5p/8/8/8/PP1n1PPP/4R1K1 b - - 4 24,d5b6
34,EulerE,I21181825,942,958,3rr3/1p3pp1/pNk4p/8/8/8/PP1n1PPP/4R1K1 w - - 5 25,d7c6
34,EulerE,I21181825,942,958,3rr3/1p3pp1/pNk4p/8/8/8/PP1n1PPP/2R3K1 b - - 6 25,e1c1
34,EulerE,I21181825,942,958,3rr3/1p3pp1/pk5p/8/8/8/PP1n1PPP/2R3K1 w - - 0 26,c6b6
35,EulerE,max3370,950,924,rnbqkbnr/pppppppp/8/8/3P4/8/PPP1PPPP/RNBQKBNR b KQkq - 0 1,d2d4
35,EulerE,max3370,950,924,rnbqkbnr/ppp1pppp/3p4/8/3P4/8/PPP1PPPP/RNBQKBNR w KQkq - 0 2,d7d6
35,EulerE,max3370,950,924,rnbqkbnr/ppp1pppp/3p4/8/2PP4/8/PP2PPPP/RNBQKBNR b KQkq - 0 2,c2c4
35,EulerE,max3370,950,924,rnbqkb1r/ppp1pppp/3p1n2/8/2PP4/8/PP2PPPP/RNBQKBNR w KQkq - 1 3,g8f6
35,EulerE,max3370,950,924,rnbqkb1r/ppp1pppp/3p1n2/8/2PP4/2N5/PP2PPPP/R1BQKBNR b KQkq - 2 3,b1c3
35,EulerE,max3370,950,924,r1bqkb1r/ppp1pppp/2np1n2/8/2PP4/2N5/PP2PPPP/R1BQKBNR w KQkq - 3 4,b8c6
35,EulerE,max3370,950,924,r1bqkb1r/ppp1pppp/2np1n2/8/2PPP3/2N5/PP3PPP/R1BQKBNR b KQkq - 0 4,e2e4
35,EulerE,max3370,950,924,r1bqkb1r/ppp1pp1p/2np1np1/8/2PPP3/2N5/PP3PPP/R1BQKBNR w KQkq - 0 5,g7g6
35,EulerE,max3370,950,924,r1bqkb1r/ppp1pp1p/2np1np1/3P4/2P1P3/2N5/PP3PPP/R1BQKBNR b KQkq - 0 5,d4d5
35,EulerE,max3370,950,924,r1bqkb1r/ppp1pp1p/3p1np1/3Pn3/2P1P3/2N5/PP3PPP/R1BQKBNR w KQkq - 1 6,c6e5
35,EulerE,max3370,950,924,r1bqkb1r/ppp1pp1p/3p1np1/3Pn3/2P1P3/2N2N2/PP3PPP/R1BQKB1R b KQkq - 2 6,g1f3
35,EulerE,max3370,950,924,r2qkb1r/ppp1pp1p/3p1np1/3Pn3/2P1P1b1/2N2N2/PP3PPP/R1BQKB1R w KQkq - 3 7,c8g4
35,EulerE,max3370,950,924,r2qkb1r/ppp1pp1p/3p1np1/3Pn3/2P1P1b1/2N2N2/PP2BPPP/R1BQK2R b KQkq - 4 7,f1e2
35,EulerE,max3370,950,924,r2qkb1r/ppp1pp1p/3p1np1/3P4/2P1P1b1/2N2n2/PP2BPPP/R1BQK2R w KQkq - 0 8,e5f3
35,EulerE,max3370,950,924,r2qkb1r/ppp1pp1p/3p1np1/3P4/2P1P1b1/2N2B2/PP3PPP/R1BQK2R b KQkq - 0 8,e2f3
35,EulerE,max3370,950,924,r2qkb1r/ppp1pp1p/3p1np1/3P4/2P1P3/2N2b2/PP3PPP/R1BQK2R w KQkq - 0 9,g4f3
35,EulerE,max3370,950,924,r2qkb1r/ppp1pp1p/3p1np1/3P4/2P1P3/2N2Q2/PP3PPP/R1B1K2R b KQkq - 0 9,d1f3
35,EulerE,max3370,950,924,r3kb1r/pppqpp1p/3p1np1/3P4/2P1P3/2N2Q2/PP3PPP/R1B1K2R w KQkq - 1 10,d8d7
35,EulerE,max3370,950,924,r3kb1r/pppqpp1p/3p1np1/3P4/2P1P3/2N2Q2/PP3PPP/R1B2RK1 b kq - 2 10,e1g1
35,EulerE,max3370,950,924,r3kb1r/pppqpp2/3p1np1/3P3p/2P1P3/2N2Q2/PP3PPP/R1B2RK1 w kq - 0 11,h7h5
35,EulerE,max3370,950,924,r3kb1r/pppqpp2/3p1np1/3P2Bp/2P1P3/2N2Q2/PP3PPP/R4RK1 b kq - 1 11,c1g5
35,EulerE,max3370,950,924,2kr1b1r/pppqpp2/3p1np1/3P2Bp/2P1P3/2N2Q2/PP3PPP/R4RK1 w - - 2 12,e8c8
35,EulerE,max3370,950,924,2kr1b1r/pppqpp2/3p1Bp1/3P3p/2P1P3/2N2Q2/PP3PPP/R4RK1 b - - 0 12,g5f6
35,EulerE,max3370,950,924,2kr1b1r/pppq1p2/3p1pp1/3P3p/2P1P3/2N2Q2/PP3PPP/R4RK1 w - - 0 13,e7f6
35,EulerE,max3370,950,924,2kr1b1r/pppq1p2/3p1Qp1/3P3p/2P1P3/2N5/PP3PPP/R4RK1 b - - 0 13,f3f6
35,EulerE,max3370,950,924,2kr3r/pppqbp2/3p1Qp1/3P3p/2P1P3/2N5/PP3PPP/R4RK1 w - - 1 14,f8e7
35,EulerE,max3370,950,924,2kr3r/pppqbQ2/3p2p1/3P3p/2P1P3/2N5/PP3PPP/R4RK1 b - - 0 14,f6f7
35,EulerE,max3370,950,924,2k2r1r/pppqbQ2/3p2p1/3P3p/2P1P3/2N5/PP3PPP/R4RK1 w - - 1 15,d8f8
35,EulerE,max3370,950,924,2k2r1r/pppqb3/3p2Q1/3P3p/2P1P3/2N5/PP3PPP/R4RK1 b - - 0 15,f7g6
35,EulerE,max3370,950,924,2k2r1r/pppqb3/3p2Q1/3P4/2P1P2p/2N5/PP3PPP/R4RK1 w - - 0 16,h5h4
35,EulerE,max3370,950,924,2k2r1r/pppqb3/3p2Q1/3P4/2P1P2p/2N4P/PP3PP1/R4RK1 b - - 0 16,h2h3
35,EulerE,max3370,950,924,2k2rr1/pppqb3/3p2Q1/3P4/2P1P2p/2N4P/PP3PP1/R4RK1 w - - 1 17,h8g8
35,EulerE,max3370,950,924,2k2rr1/pppqb3/3p4/3P3Q/2P1P2p/2N4P/PP3PP1/R4RK1 b - - 2 17,g6h5
35,EulerE,max3370,950,924,2k2rr1/ppp1b3/3p4/3P3Q/2P1P2p/2N4q/PP3PP1/R4RK1 w - - 0 18,d7h3
35,EulerE,max3370,950,924,2k2rr1/ppp1b3/3p4/3P3Q/2P1P2p/2N3Pq/PP3P2/R4RK1 b - - 0 18,g2g3
35,EulerE,max3370,950,924,2k2rr1/ppp1b3/3p4/3P3Q/2P1P3/2N3pq/PP3P2/R4RK1 w - - 0 19,h4g3
35,EulerE,max3370,950,924,2k2rr1/ppp1b3/3p4/3P4/2P1P3/2N3pQ/PP3P2/R4RK1 b - - 0 19,h5h3
35,EulerE,max3370,950,924,1k3rr1/ppp1b3/3p4/3P4/2P1P3/2N3pQ/PP3P2/R4RK1 w - - 1 20,c8b8
35,EulerE,max3370,950,924,1k3rr1/ppp1b3/3p4/3P4/2P1P3/2N3PQ/PP6/R4RK1 b - - 0 20,f2g3
36,AkshayAswani,EulerE,943,958,rnbqkbnr/pppppppp/8/8/8/2P5/PP1PPPPP/RNBQKBNR b KQkq - 0 1,c2c3
36,AkshayAswani,EulerE,943,958,rnbqkbnr/pppp1ppp/8/4p3/8/2P5/PP1PPPPP/RNBQKBNR w KQkq - 0 2,e7e5
36,AkshayAswani,EulerE,943,958,rnbqkbnr/pppp1ppp/8/4p3/8/2P1P3/PP1P1PPP/RNBQKBNR b KQkq - 0 2,e2e3
36,AkshayAswani,EulerE,943,958,rnbqkbnr/ppp2ppp/8/3pp3/8/2P1P3/PP1P1PPP/RNBQKBNR w KQkq - 0 3,d7d5
36,AkshayAswani,EulerE,943,958,rnbqkbnr/ppp2ppp/8/3pp3/8/1QP1P3/PP1P1PPP/RNB1KBNR b KQkq - 1 3,d1b3
36,AkshayAswani,EulerE,943,958,rnbqkb1r/ppp2ppp/5n2/3pp3/8/1QP1P3/PP1P1PPP/RNB1KBNR w KQkq - 2 4,g8f6
36,AkshayAswani,EulerE,943,958,rnbqkb1r/ppp2ppp/5n2/3pp3/8/1QP1PN2/PP1P1PPP/RNB1KB1R b KQkq - 3 4,g1f3
36,AkshayAswani,EulerE,943,958,r1bqkb1r/ppp2ppp/2n2n2/3pp3/8/1QP1PN2/PP1P1PPP/RNB1KB1R w KQkq - 4 5,b8c6
36,AkshayAswani,EulerE,943,958,r1bqkb1r/ppp2ppp/2n2n2/1B1pp3/8/1QP1PN2/PP1P1PPP/RNB1K2R b KQkq - 5 5,f1b5
36,AkshayAswani,EulerE,943,958,r2qkb1r/pppb1ppp/2n2n2/1B1pp3/8/1QP1PN2/PP1P1PPP/RNB1K2R w KQkq - 6 6,c8d7
36,AkshayAswani,EulerE,943,958,r2qkb1r/pppb1ppp/2n2n2/1B1pp1N1/8/1QP1P3/PP1P1PPP/RNB1K2R b KQkq - 7 6,f3g5
36,AkshayAswani,EulerE,943,958,r2qkb1r/pppb1pp1/2n2n1p/1B1pp1N1/8/1QP1P3/PP1P1PPP/RNB1K2R w KQkq - 0 7,h7h6
36,AkshayAswani,EulerE,943,958,r2qkb1r/pppb1pp1/2n2n1p/1B1pp3/8/1QP1PN2/PP1P1PPP/RNB1K2R b KQkq - 1 7,g5f3
36,AkshayAswani,EulerE,943,958,r2qkb1r/pppb1pp1/2n2n1p/1B1p4/4p3/1QP1PN2/PP1P1PPP/RNB1K2R w KQkq - 0 8,e5e4
36,AkshayAswani,EulerE,943,958,r2qkb1r/pppb1pp1/2n2n1p/1B1p4/4p3/1QP1P3/PP1P1PPP/RNB1K1NR b KQkq - 1 8,f3g1
36,AkshayAswani,EulerE,943,958,r2qkb1r/pppb1pp1/5n1p/nB1p4/4p3/1QP1P3/PP1P1PPP/RNB1K1NR w KQkq - 2 9,c6a5
36,AkshayAswani,EulerE,943,958,r2qkb1r/pppB1pp1/5n1p/n2p4/4p3/1QP1P3/PP1P1PPP/RNB1K1NR b KQkq - 0 9,b5d7
36,AkshayAswani,EulerE,943,958,r3kb1r/pppq1pp1/5n1p/n2p4/4p3/1QP1P3/PP1P1PPP/RNB1K1NR w KQkq - 0 10,d8d7
36,AkshayAswani,EulerE,943,958,r3kb1r/pppq1pp1/5n1p/n2p4/4p3/2P1P3/PPQP1PPP/RNB1K1NR b KQkq - 1 10,b3c2
36,AkshayAswani,EulerE,943,958,2kr1b1r/pppq1pp1/5n1p/n2p4/4p3/2P1P3/PPQP1PPP/RNB1K1NR w KQ - 2 11,e8c8
36,AkshayAswani,EulerE,943,958,2kr1b1r/pppq1pp1/5n1p/n2p4/3Pp3/2P1P3/PPQ2PPP/RNB1K1NR b KQ d3 0 11,d2d4
36,AkshayAswani,EulerE,943,958,2kr1b1r/pppq1pp1/5n1p/n2p4/8/2PpP3/PPQ2PPP/RNB1K1NR w KQ - 0 12,e4d3
36,AkshayAswani,EulerE,943,958,2kr1b1r/pppq1pp1/5n1p/n2p4/8/2PQP3/PP3PPP/RNB1K1NR b KQ - 0 12,c2d3
36,AkshayAswani,EulerE,943,958,2kr1b1r/pppq1pp1/2n2n1p/3p4/8/2PQP3/PP3PPP/RNB1K1NR w KQ - 1 13,a5c6
36,AkshayAswani,EulerE,943,958,2kr1b1r/pppq1pp1/2n2n1p/3p4/1P6/2PQP3/P4PPP/RNB1K1NR b KQ - 0 13,b2b4
36,AkshayAswani,EulerE,943,958,2kr1b1r/pppq1pp1/2n2n1p/8/1P1p4/2PQP3/P4PPP/RNB1K1NR w KQ - 0 14,d5d4
36,AkshayAswani,EulerE,943,958,2kr1b1r/pppq1pp1/2n2n1p/8/1P1P4/3QP3/P4PPP/RNB1K1NR b KQ - 0 14,c3d4
36,AkshayAswani,EulerE,943,958,2kr1b1r/pppq1pp1/5n1p/8/1n1P4/3QP3/P4PPP/RNB1K1NR w KQ - 0 15,c6b4
36,AkshayAswani,EulerE,943,958,2kr1b1r/pppq1pp1/5n1p/8/1n1P4/2NQP3/P4PPP/R1B1K1NR b KQ - 1 15,b1c3
36,AkshayAswani,EulerE,943,958,2kr1b1r/pppq1pp1/5n1p/8/3P4/2NnP3/P4PPP/R1B1K1NR w KQ - 0 16,b4d3
36,AkshayAswani,EulerE,943,958,2kr1b1r/pppq1pp1/5n1p/8/3P4/2NnP3/P3KPPP/R1B3NR b - - 1 16,e1e2
36,AkshayAswani,EulerE,943,958,2kr1b1r/pppq1pp1/5n1p/8/3P4/2N1P3/P3KPPP/R1n3NR w - - 0 17,d3c1
36,AkshayAswani,EulerE,943,958,2kr1b1r/pppq1pp1/5n1p/8/3P4/2N1P3/P3KPPP/2R3NR b - - 0 17,a1c1
36,AkshayAswani,EulerE,943,958,2kr1b1r/pppq1pp1/7p/3n4/3P4/2N1P3/P3KPPP/2R3NR w - - 1 18,f6d5
36,AkshayAswani,EulerE,943,958,2kr1b1r/pppq1pp1/7p/3n4/3PN3/4P3/P3KPPP/2R3NR b - - 2 18,c3e4
36,AkshayAswani,EulerE,943,958,2kr3r/pppq1pp1/3b3p/3n4/3PN3/4P3/P3KPPP/2R3NR w - - 3 19,f8d6
36,AkshayAswani,EulerE,943,958,2kr3r/pppq1pp1/3b3p/3n4/P2PN3/4P3/4KPPP/2R3NR b - - 0 19,a2a4
36,AkshayAswani,EulerE,943,958,2kr3r/ppp2pp1/3b3p/3n1q2/P2PN3/4P3/4KPPP/2R3NR w - - 1 20,d7f5
36,AkshayAswani,EulerE,943,958,2kr3r/ppp2pp1/3b3p/3n1q2/P2PN3/4PP2/4K1PP/2R3NR b - - 0 20,f2f3
36,AkshayAswani,EulerE,943,958,2krr3/ppp2pp1/3b3p/3n1q2/P2PN3/4PP2/4K1PP/2R3NR w - - 1 21,h8e8
36,AkshayAswani,EulerE,943,958,2krr3/ppp2pp1/3b3p/P2n1q2/3PN3/4PP2/4K1PP/2R3NR b - - 0 21,a4a5
36,AkshayAswani,EulerE,943,958,2krr3/1pp2pp1/p2b3p/P2n1q2/3PN3/4PP2/4K1PP/2R3NR w - - 0 22,a7a6
36,AkshayAswani,EulerE,943,958,2krr3/1pp2pp1/p2b3p/P2n1q2/3PN3/4PP2/4K1PP/1R4NR b - - 1 22,c1b1
36,AkshayAswani,EulerE,943,958,1k1rr3/1pp2pp1/p2b3p/P2n1q2/3PN3/4PP2/4K1PP/1R4NR w - - 2 23,c8b8
36,AkshayAswani,EulerE,943,958,1k1rr3/1pp2pp1/p2b3p/P2n1q2/3PN1P1/4PP2/4K2P/1R4NR b - - 0 23,g2g4
36,AkshayAswani,EulerE,943,958,1k1rr3/1pp2pp1/p2b2qp/P2n4/3PN1P1/4PP2/4K2P/1R4NR w - - 1 24,f5g6
36,AkshayAswani,EulerE,943,958,1k1rr3/1pp2pp1/p2b2qp/P2n4/3PN1P1/4PP1P/4K3/1R4NR b - - 0 24,h2h3
36,AkshayAswani,EulerE,943,958,1k1r4/1pp2pp1/p2b2qp/P2n4/3Pr1P1/4PP1P/4K3/1R4NR w - - 0 25,e8e4
36,AkshayAswani,EulerE,943,958,1k1r4/1pp2pp1/p2b2qp/P2n4/3PP1P1/4P2P/4K3/1R4NR b - - 0 25,f3e4
36,AkshayAswani,EulerE,943,958,1k1r4/1pp2pp1/p2b3p/P2n4/3Pq1P1/4P2P/4K3/1R4NR w - - 0 26,g6e4
36,AkshayAswani,EulerE,943,958,1k1r4/1pp2pp1/p2b3p/P2n4/3Pq1P1/4PN1P/4K3/1R5R b - - 1 26,g1f3
36,AkshayAswani,EulerE,943,958,1k1r4/1pp2pp1/p2b3p/P7/3Pq1P1/2n1PN1P/4K3/1R5R w - - 2 27,d5c3
36,AkshayAswani,EulerE,943,958,1k1r4/1pp2pp1/p2b3p/P7/3Pq1P1/2n1PN1P/5K2/1R5R b - - 3 27,e2f2
36,AkshayAswani,EulerE,943,958,1k1r4/1pp2pp1/p2b3p/P7/3Pq1P1/4PN1P/5K2/1n5R w - - 0 28,c3b1
36,AkshayAswani,EulerE,943,958,1k1r4/1pp2pp1/p2b3p/P7/3Pq1P1/4PN1P/5K2/1R6 b - - 0 28,h1b1
36,AkshayAswani,EulerE,943,958,1k1r4/1pp2pp1/p2b3p/P7/3P2P1/4PN1P/5K2/1q6 w - - 0 29,e4b1
36,AkshayAswani,EulerE,943,958,1k1r4/1pp2pp1/p2b3p/P7/3P2P1/4P2P/3N1K2/1q6 b - - 1 29,f3d2
36,AkshayAswani,EulerE,943,958,1k1r4/1pp2pp1/p2b3p/P7/3P2P1/4P2P/2qN1K2/8 w - - 2 30,b1c2
36,AkshayAswani,EulerE,943,958,1k1r4/1pp2pp1/p2b3p/P7/3P2P1/4P2P/2qNK3/8 b - - 3 30,f2e2
36,AkshayAswani,EulerE,943,958,1k1r4/1pp2pp1/p6p/P7/1b1P2P1/4P2P/2qNK3/8 w - - 4 31,d6b4
36,AkshayAswani,EulerE,943,958,1k1r4/1pp2pp1/p6p/P7/1b1P2P1/4PK1P/2qN4/8 b - - 5 31,e2f3
36,AkshayAswani,EulerE,943,958,1k1r4/1pp2pp1/p6p/P7/1b1P2P1/4PK1P/3q4/8 w - - 0 32,c2d2
36,AkshayAswani,EulerE,943,958,1k1r4/1pp2pp1/p6p/P7/1b1P2PP/4PK2/3q4/8 b - - 0 32,h3h4
36,AkshayAswani,EulerE,943,958,1k1r4/1p3pp1/p6p/P1p5/1b1P2PP/4PK2/3q4/8 w - - 0 33,c7c5
36,AkshayAswani,EulerE,943,958,1k1r4/1p3pp1/p6p/P1p4P/1b1P2P1/4PK2/3q4/8 b - - 0 33,h4h5
36,AkshayAswani,EulerE,943,958,1k1r4/1p3pp1/p6p/P6P/1bpP2P1/4PK2/3q4/8 w - - 0 34,c5c4
36,AkshayAswani,EulerE,943,958,1k1r4/1p3pp1/p6p/P2P3P/1bp3P1/4PK2/3q4/8 b - - 0 34,d4d5
36,AkshayAswani,EulerE,943,958,1k1r4/1p3pp1/p6p/P2P3P/1b4P1/2p1PK2/3q4/8 w - - 0 35,c4c3
36,AkshayAswani,EulerE,943,958,1k1r4/1p3pp1/p6p/P2P3P/1b2P1P1/2p2K2/3q4/8 b - - 0 35,e3e4
36,AkshayAswani,EulerE,943,958,1k1r4/1p3pp1/p6p/P2P3P/1b2P1P1/5K2/2pq4/8 w - - 0 36,c3c2
36,AkshayAswani,EulerE,943,958,1k1r4/1p3pp1/p6p/P2PP2P/1b4P1/5K2/2pq4/8 b - - 0 36,e4e5
36,AkshayAswani,EulerE,943,958,1k1r4/1p3pp1/p6p/P2PP2P/1b4P1/5K2/3q4/2q5 w - - 0 37,c2c1q
36,AkshayAswani,EulerE,943,958,1k1r4/1p3pp1/p2P3p/P3P2P/1b4P1/5K2/3q4/2q5 b - - 0 37,d5d6
36,AkshayAswani,EulerE,943,958,1k1r4/1p3pp1/p2P3p/P3P2P/1b4P1/2q2K2/3q4/8 w - - 1 38,c1c3
36,AkshayAswani,EulerE,943,958,1k1r4/1p3pp1/p2P3p/P3P2P/1b2K1P1/2q5/3q4/8 b - - 2 38,f3e4
36,AkshayAswani,EulerE,943,958,1k1r4/1p3pp1/p2P3p/P3P2P/1b1qK1P1/2q5/8/8 w - - 3 39,d2d4
36,AkshayAswani,EulerE,943,958,1k1r4/1p3pp1/p2P3p/P3PK1P/1b1q2P1/2q5/8/8 b - - 4 39,e4f5
36,AkshayAswani,EulerE,943,958,1k1r4/1p3pp1/p2P3p/P3PK1P/1b1q2P1/5q2/8/8 w - - 5 40,c3f3
37,Alamanth,EulerE,940,966,rnbqkbnr/pppppppp/8/8/4P3/8/PPPP1PPP/RNBQKBNR b KQkq - 0 1,e2e4
37,Alamanth,EulerE,940,966,rnbqkbnr/pppp1ppp/8/4p3/4P3/8/PPPP1PPP/RNBQKBNR w KQkq - 0 2,e7e5
37,Alamanth,EulerE,940,966,rnbqkbnr/pppp1ppp/8/4p3/4P3/5N2/PPPP1PPP/RNBQKB1R b KQkq - 1 2,g1f3
37,Alamanth,EulerE,940,966,r1bqkbnr/pppp1ppp/2n5/4p3/4P3/5N2/PPPP1PPP/RNBQKB1R w KQkq - 2 3,b8c6
37,Alamanth,EulerE,940,966,r1bqkbnr/pppp1ppp/2n5/4p3/2B1P3/5N2/PPPP1PPP/RNBQK2R b KQkq - 3 3,f1c4
37,Alamanth,EulerE,940,966,r1bqk1nr/pppp1ppp/2n5/2b1p3/2B1P3/5N2/PPPP1PPP/RNBQK2R w KQkq - 4 4,f8c5
37,Alamanth,EulerE,940,966,r1bqk1nr/pppp1ppp/2n5/2b1p1N1/2B1P3/8/PPPP1PPP/RNBQK2R b KQkq - 5 4,f3g5
37,Alamanth,EulerE,940,966,r1b1k1nr/pppp1ppp/2n5/2b1p1q1/2B1P3/8/PPPP1PPP/RNBQK2R w KQkq - 0 5,d8g5
37,Alamanth,EulerE,940,966,r1b1k1nr/pppp1ppp/2n5/2b1p1q1/2BPP3/8/PPP2PPP/RNBQK2R b KQkq - 0 5,d2d4
37,Alamanth,EulerE,940,966,r1b1k1nr/pppp1ppp/2n5/2b1p3/2BPP3/8/PPP2PqP/RNBQK2R w KQkq - 0 6,g5g2
37,Alamanth,EulerE,940,966,r1b1k1nr/pppp1ppp/2n5/2P1p3/2B1P3/8/PPP2PqP/RNBQK2R b KQkq - 0 6,d4c5
37,Alamanth,EulerE,940,966,r1b1k1nr/pppp1ppp/2n5/2P1p3/2B1P3/8/PPP2P1P/RNBQK2q w Qkq - 0 7,g2h1
37,Alamanth,EulerE,940,966,r1b1k1nr/pppp1ppp/2n5/2P1p3/2B1P3/8/PPPK1P1P/RNBQ3q b kq - 1 7,e1d2
37,Alamanth,EulerE,940,966,r1b1k1nr/pppp1ppp/2n5/2P1p3/2B1P3/8/PPPK1P1P/RNBq4 w kq - 0 8,h1d1
37,Alamanth,EulerE,940,966,r1b1k1nr/pppp1ppp/2n5/2P1p3/2B1P3/8/PPP2P1P/RNBK4 b kq - 0 8,d2d1
37,Alamanth,EulerE,940,966,r1b1k2r/pppp1ppp/2n2n2/2P1p3/2B1P3/8/PPP2P1P/RNBK4 w kq - 1 9,g8f6
37,Alamanth,EulerE,940,966,r1b1k2r/pppp1ppp/2n2n2/2P1p1B1/2B1P3/8/PPP2P1P/RN1K4 b kq - 2 9,c1g5
37,Alamanth,EulerE,940,966,r1b1k2r/pppp1ppp/2n5/2P1p1B1/2B1P1n1/8/PPP2P1P/RN1K4 w kq - 3 10,f6g4
37,Alamanth,EulerE,940,966,r1b1k2r/pppp1ppp/2n5/2P1p1B1/2B1P1n1/2N5/PPP2P1P/R2K4 b kq - 4 10,b1c3
37,Alamanth,EulerE,940,966,r1b1k2r/pppp1ppp/2n5/2P1p1B1/2B1P3/2N5/PPP2n1P/R2K4 w kq - 0 11,g4f2
37,Alamanth,EulerE,940,966,r1b1k2r/pppp1ppp/2n5/2P1p1B1/2B1P3/2N5/PPPK1n1P/R7 b kq - 1 11,d1d2
37,Alamanth,EulerE,940,966,r1b2rk1/pppp1ppp/2n5/2P1p1B1/2B1P3/2N5/PPPK1n1P/R7 w - - 2 12,e8g8
37,Alamanth,EulerE,940,966,r1b2rk1/pppp1ppp/2n5/2P1p1B1/2B1P3/2N5/PPPK1n1P/5R2 b - - 3 12,a1f1
37,Alamanth,EulerE,940,966,r1b2rk1/pppp1ppp/2n5/2P1p1B1/2B1P3/2N4n/PPPK3P/5R2 w - - 4 13,f2h3
37,Alamanth,EulerE,940,966,r1b2rk1/pppp1ppp/2n5/2P1p1B1/2B1P3/2N2R1n/PPPK3P/8 b - - 5 13,f1f3
37,Alamanth,EulerE,940,966,r1b2rk1/pppp1ppp/2n5/2P1p1n1/2B1P3/2N2R2/PPPK3P/8 w - - 0 14,h3g5
37,Alamanth,EulerE,940,966,r1b2rk1/pppp1ppp/2n5/2P1p1n1/2B1P3/2N3R1/PPPK3P/8 b - - 1 14,f3g3
37,Alamanth,EulerE,940,966,r1b2rk1/pppp1pp1/2n4p/2P1p1n1/2B1P3/2N3R1/PPPK3P/8 w - - 0 15,h7h6
37,Alamanth,EulerE,940,966,r1b2rk1/pppp1pp1/2n4p/2P1p1n1/2B1P2P/2N3R1/PPPK4/8 b - - 0 15,h2h4
37,Alamanth,EulerE,940,966,r1b2rk1/pppp1pp1/2n1n2p/2P1p3/2B1P2P/2N3R1/PPPK4/8 w - - 1 16,g5e6
37,Alamanth,EulerE,940,966,r1b2rk1/pppp1pp1/2n1n2p/2PNp3/2B1P2P/6R1/PPPK4/8 b - - 2 16,c3d5
37,Alamanth,EulerE,940,966,r1b2rk1/1ppp1pp1/p1n1n2p/2PNp3/2B1P2P/6R1/PPPK4/8 w - - 0 17,a7a6
37,Alamanth,EulerE,940,966,r1b2rk1/1ppp1pp1/p1n1n2p/2P1p3/2B1P2P/2N3R1/PPPK4/8 b - - 1 17,d5c3
37,Alamanth,EulerE,940,966,r1b2rk1/2pp1pp1/p1n1n2p/1pP1p3/2B1P2P/2N3R1/PPPK4/8 w - b6 0 18,b7b5
37,Alamanth,EulerE,940,966,r1b2rk1/2pp1pp1/p1n1B2p/1pP1p3/4P2P/2N3R1/PPPK4/8 b - - 0 18,c4e6
37,Alamanth,EulerE,940,966,r1b2rk1/2p2pp1/p1n1p2p/1pP1p3/4P2P/2N3R1/PPPK4/8 w - - 0 19,d7e6
37,Alamanth,EulerE,940,966,r1b2rk1/2p2pR1/p1n1p2p/1pP1p3/4P2P/2N5/PPPK4/8 b - - 0 19,g3g7
38,shams00,EulerE,1001,959,rnbqkbnr/pppppppp/8/8/4P3/8/PPPP1PPP/RNBQKBNR b KQkq - 0 1,e2e4
38,shams00,EulerE,1001,959,rnbqkbnr/pppp1ppp/8/4p3/4P3/8/PPPP1PPP/RNBQKBNR w KQkq - 0 2,e7e5
38,shams00,EulerE,1001,959,rnbqkbnr/pppp1ppp/8/4p3/4P3/3P4/PPP2PPP/RNBQKBNR b KQkq - 0 2,d2d3
38,shams00,EulerE,1001,959,rnbqkb1r/pppp1ppp/5n2/4p3/4P3/3P4/PPP2PPP/RNBQKBNR w KQkq - 1 3,g8f6
38,shams00,EulerE,1001,959,rnbqkb1r/pppp1ppp/5n2/4p3/4P3/3P3P/PPP2PP1/RNBQKBNR b KQkq - 0 3,h2h3
38,shams00,EulerE,1001,959,r1bqkb1r/pppp1ppp/2n2n2/4p3/4P3/3P3P/PPP2PP1/RNBQKBNR w KQkq - 1 4,b8c6
38,shams00,EulerE,1001,959,r1bqkb1r/pppp1ppp/2n2n2/4p3/4P3/P2P3P/1PP2PP1/RNBQKBNR b KQkq - 0 4,a2a3
38,shams00,EulerE,1001,959,r1bqk2r/pppp1ppp/2n2n2/2b1p3/4P3/P2P3P/1PP2PP1/RNBQKBNR w KQkq - 1 5,f8c5
38,shams00,EulerE,1001,959,r1bqk2r/pppp1ppp/2n2n2/2b1p3/4P3/P2P1N1P/1PP2PP1/RNBQKB1R b KQkq - 2 5,g1f3
38,shams00,EulerE,1001,959,r1bq1rk1/pppp1ppp/2n2n2/2b1p3/4P3/P2P1N1P/1PP2PP1/RNBQKB1R w KQ - 3 6,e8g8
38,shams00,EulerE,1001,959,r1bq1rk1/pppp1ppp/2n2n2/2b1p3/4P3/P1NP1N1P/1PP2PP1/R1BQKB1R b KQ - 4 6,b1c3
38,shams00,EulerE,1001,959,r1bq1rk1/ppp2ppp/2n2n2/2bpp3/4P3/P1NP1N1P/1PP2PP1/R1BQKB1R w KQ - 0 7,d7d5
38,shams00,EulerE,1001,959,r1bq1rk1/ppp2ppp/2n2n2/2bpp3/4P3/P1NP1N1P/1PP1BPP1/R1BQK2R b KQ - 1 7,f1e2
38,shams00,EulerE,1001,959,r1bq1rk1/ppp2ppp/2n2n2/2b1p3/3pP3/P1NP1N1P/1PP1BPP1/R1BQK2R w KQ - 0 8,d5d4
38,shams00,EulerE,1001,959,r1bq1rk1/ppp2ppp/2n2n2/2bNp3/3pP3/P2P1N1P/1PP1BPP1/R1BQK2R b KQ - 1 8,c3d5
38,shams00,EulerE,1001,959,r1bq1rk1/ppp2ppp/2n5/2bnp3/3pP3/P2P1N1P/1PP1BPP1/R1BQK2R w KQ - 0 9,f6d5
38,shams00,EulerE,1001,959,r1bq1rk1/ppp2ppp/2n5/2bPp3/3p4/P2P1N1P/1PP1BPP1/R1BQK2R b KQ - 0 9,e4d5
38,shams00,EulerE,1001,959,r1b2rk1/ppp2ppp/2n5/2bqp3/3p4/P2P1N1P/1PP1BPP1/R1BQK2R w KQ - 0 10,d8d5
38,shams00,EulerE,1001,959,r1b2rk1/ppp2ppp/2n5/2bqp3/3p4/P2P1N1P/1PP1BPP1/R1BQ1RK1 b - - 1 10,e1g1
38,shams00,EulerE,1001,959,r1b2rk1/ppp3pp/2n5/2bqpp2/3p4/P2P1N1P/1PP1BPP1/R1BQ1RK1 w - - 0 11,f7f5
38,shams00,EulerE,1001,959,r1b2rk1/ppp3pp/2n5/2bqpp2/2Pp4/P2P1N1P/1P2BPP1/R1BQ1RK1 b - c3 0 11,c2c4
38,shams00,EulerE,1001,959,r1b2rk1/ppp3pp/2n5/2bqpp2/8/P1pP1N1P/1P2BPP1/R1BQ1RK1 w - - 0 12,d4c3
38,shams00,EulerE,1001,959,r1b2rk1/ppp3pp/2n5/2bqpp2/8/P1PP1N1P/4BPP1/R1BQ1RK1 b - - 0 12,b2c3
38,shams00,EulerE,1001,959,r1b2rk1/ppp3pp/2n5/2bq1p2/4p3/P1PP1N1P/4BPP1/R1BQ1RK1 w - - 0 13,e5e4
38,shams00,EulerE,1001,959,r1b2rk1/ppp3pp/2n5/2bq1p2/4P3/P1P2N1P/4BPP1/R1BQ1RK1 b - - 0 13,d3e4
38,shams00,EulerE,1001,959,r1b2rk1/ppp3pp/2n5/2b2p2/4P3/P1P2N1P/4BPP1/R1Bq1RK1 w - - 0 14,d5d1
38,shams00,EulerE,1001,959,r1b2rk1/ppp3pp/2n5/2b2p2/4P3/P1P2N1P/4BPP1/R1BR2K1 b - - 0 14,f1d1
38,shams00,EulerE,1001,959,r1b2rk1/ppp3pp/2n5/2b5/4p3/P1P2N1P/4BPP1/R1BR2K1 w - - 0 15,f5e4
38,shams00,EulerE,1001,959,r1b2rk1/ppp3pp/2n5/2b3N1/4p3/P1P4P/4BPP1/R1BR2K1 b - - 1 15,f3g5
38,shams00,EulerE,1001,959,r1b2rk1/ppp3p1/2n4p/2b3N1/4p3/P1P4P/4BPP1/R1BR2K1 w - - 0 16,h7h6
38,shams00,EulerE,1001,959,r1b2rk1/ppp3p1/2n4p/2b5/4N3/P1P4P/4BPP1/R1BR2K1 b - - 0 16,g5e4
38,shams00,EulerE,1001,959,r4rk1/ppp3p1/2n4p/2b2b2/4N3/P1P4P/4BPP1/R1BR2K1 w - - 1 17,c8f5
38,shams00,EulerE,1001,959,r4rk1/ppp3p1/2n4p/2N2b2/8/P1P4P/4BPP1/R1BR2K1 b - - 0 17,e4c5
38,shams00,EulerE,1001,959,3r1rk1/ppp3p1/2n4p/2N2b2/8/P1P4P/4BPP1/R1BR2K1 w - - 1 18,a8d8
38,shams00,EulerE,1001,959,3R1rk1/ppp3p1/2n4p/2N2b2/8/P1P4P/4BPP1/R1B3K1 b - - 0 18,d1d8
38,shams00,EulerE,1001,959,3r2k1/ppp3p1/2n4p/2N2b2/8/P1P4P/4BPP1/R1B3K1 w - - 0 19,f8d8
38,shams00,EulerE,1001,959,3r2k1/ppp3p1/2n4p/2N2b2/5B2/P1P4P/4BPP1/R5K1 b - - 1 19,c1f4
38,shams00,EulerE,1001,959,3r2k1/ppp3p1/2n4p/2N5/5B2/P1Pb3P/4BPP1/R5K1 w - - 2 20,f5d3
39,EulerE,malickan,966,904,rnbqkbnr/pppppppp/8/8/3P4/8/PPP1PPPP/RNBQKBNR b KQkq - 0 1,d2d4
39,EulerE,malickan,966,904,rnbqkbnr/pppp1ppp/4p3/8/3P4/8/PPP1PPPP/RNBQKBNR w KQkq - 0 2,e7e6
39,EulerE,malickan,966,904,rnbqkbnr/pppp1ppp/4p3/8/2PP4/8/PP2PPPP/RNBQKBNR b KQkq - 0 2,c2c4
39,EulerE,malickan,966,904,rnbqkbnr/ppp2ppp/4p3/3p4/2PP4/8/PP2PPPP/RNBQKBNR w KQkq - 0 3,d7d5
39,EulerE,malickan,966,904,rnbqkbnr/ppp2ppp/4p3/3P4/3P4/8/PP2PPPP/RNBQKBNR b KQkq - 0 3,c4d5
39,EulerE,malickan,966,904,rnb1kbnr/ppp2ppp/4p3/3q4/3P4/8/PP2PPPP/RNBQKBNR w KQkq - 0 4,d8d5
39,EulerE,malickan,966,904,rnb1kbnr/ppp2ppp/4p3/3q4/3P4/2N5/PP2PPPP/R1BQKBNR b KQkq - 1 4,b1c3
39,EulerE,malickan,966,904,rnbqkbnr/ppp2ppp/4p3/8/3P4/2N5/PP2PPPP/R1BQKBNR w KQkq - 2 5,d5d8
39,EulerE,malickan,966,904,rnbqkbnr/ppp2ppp/4p3/8/3P4/1QN5/PP2PPPP/R1B1KBNR b KQkq - 3 5,d1b3
39,EulerE,malickan,966,904,r1bqkbnr/ppp2ppp/2n1p3/8/3P4/1QN5/PP2PPPP/R1B1KBNR w KQkq - 4 6,b8c6
39,EulerE,malickan,966,904,r1bqkbnr/ppp2ppp/2n1p3/8/3P4/1QN2N2/PP2PPPP/R1B1KB1R b KQkq - 5 6,g1f3
39,EulerE,malickan,966,904,r1bqkb1r/ppp2ppp/2n1pn2/8/3P4/1QN2N2/PP2PPPP/R1B1KB1R w KQkq - 6 7,g8f6
39,EulerE,malickan,966,904,r1bqkb1r/ppp2ppp/2n1pn2/8/3PP3/1QN2N2/PP3PPP/R1B1KB1R b KQkq - 0 7,e2e4
39,EulerE,malickan,966,904,r1bqk2r/ppp2ppp/2n1pn2/8/1b1PP3/1QN2N2/PP3PPP/R1B1KB1R w KQkq - 1 8,f8b4
39,EulerE,malickan,966,904,r1bqk2r/ppp2ppp/2n1pn2/1B6/1b1PP3/1QN2N2/PP3PPP/R1B1K2R b KQkq - 2 8,f1b5
39,EulerE,malickan,966,904,r1bqk2r/ppp2ppp/2n1pn2/1B6/3PP3/1Qb2N2/PP3PPP/R1B1K2R w KQkq - 0 9,b4c3
39,EulerE,malickan,966,904,r1bqk2r/ppp2ppp/2n1pn2/1B6/3PP3/1QP2N2/P4PPP/R1B1K2R b KQkq - 0 9,b2c3
39,EulerE,malickan,966,904,r2qk2r/pppb1ppp/2n1pn2/1B6/3PP3/1QP2N2/P4PPP/R1B1K2R w KQkq - 1 10,c8d7
39,EulerE,malickan,966,904,r2qk2r/pppb1ppp/2n1pn2/1B1P4/4P3/1QP2N2/P4PPP/R1B1K2R b KQkq - 0 10,d4d5
39,EulerE,malickan,966,904,r2qk2r/pppb1ppp/2n2n2/1B1p4/4P3/1QP2N2/P4PPP/R1B1K2R w KQkq - 0 11,e6d5
39,EulerE,malickan,966,904,r2qk2r/pppb1ppp/2n2n2/1B1P4/8/1QP2N2/P4PPP/R1B1K2R b KQkq - 0 11,e4d5
39,EulerE,malickan,966,904,r3k2r/pppbqppp/2n2n2/1B1P4/8/1QP2N2/P4PPP/R1B1K2R w KQkq - 1 12,d8e7
39,EulerE,malickan,966,904,r3k2r/pppbqppp/2n2n2/1B1P4/8/1QP1BN2/P4PPP/R3K2R b KQkq - 2 12,c1e3
39,EulerE,malickan,966,904,r2nk2r/pppbqppp/5n2/1B1P4/8/1QP1BN2/P4PPP/R3K2R w KQkq - 3 13,c6d8
39,EulerE,malickan,966,904,r2nk2r/pppbqppp/5n2/1B1P4/8/1QP1BN2/P4PPP/R4RK1 b kq - 4 13,e1g1
39,EulerE,malickan,966,904,r2nk2r/ppp1qppp/5n2/1b1P4/8/1QP1BN2/P4PPP/R4RK1 w kq - 0 14,d7b5
39,EulerE,malickan,966,904,r2nk2r/ppp1qppp/5n2/1Q1P4/8/2P1BN2/P4PPP/R4RK1 b kq - 0 14,b3b5
39,EulerE,malickan,966,904,r2nk2r/pppq1ppp/5n2/1Q1P4/8/2P1BN2/P4PPP/R4RK1 w kq - 1 15,e7d7
39,EulerE,malickan,966,904,r2nk2r/pppQ1ppp/5n2/3P4/8/2P1BN2/P4PPP/R4RK1 b kq - 0 15,b5d7
39,EulerE,malickan,966,904,r2nk2r/pppn1ppp/8/3P4/8/2P1BN2/P4PPP/R4RK1 w kq - 0 16,f6d7
39,EulerE,malickan,966,904,r2nk2r/pppn1ppp/8/3P4/8/2P1BN2/P4PPP/R3R1K1 b kq - 1 16,f1e1
39,EulerE,malickan,966,904,r2n1rk1/pppn1ppp/8/3P4/8/2P1BN2/P4PPP/R3R1K1 w - - 2 17,e8g8
39,EulerE,malickan,966,904,r2n1rk1/pppn1ppp/8/3P4/2P5/4BN2/P4PPP/R3R1K1 b - - 0 17,c3c4
39,EulerE,malickan,966,904,r2n1rk1/ppp2ppp/5n2/3P4/2P5/4BN2/P4PPP/R3R1K1 w - - 1 18,d7f6
39,EulerE,malickan,966,904,r2n1rk1/ppp2ppp/5n2/3P4/2PB4/5N2/P4PPP/R3R1K1 b - - 2 18,e3d4
39,EulerE,malickan,966,904,r2n1rk1/ppp2ppp/8/3P4/2PB2n1/5N2/P4PPP/R3R1K1 w - - 3 19,f6g4
39,EulerE,malickan,966,904,r2n1rk1/ppp2ppp/8/3P4/2PB2n1/5N1P/P4PP1/R3R1K1 b - - 0 19,h2h3
39,EulerE,malickan,966,904,r2n1rk1/ppp2ppp/7n/3P4/2PB4/5N1P/P4PP1/R3R1K1 w - - 1 20,g4h6
39,EulerE,malickan,966,904,r2n1rk1/ppp2ppp/7n/3P4/2PB2P1/5N1P/P4P2/R3R1K1 b - - 0 20,g2g4
39,EulerE,malickan,966,904,r2n1rk1/pp3ppp/2p4n/3P4/2PB2P1/5N1P/P4P2/R3R1K1 w - - 0 21,c7c6
39,EulerE,malickan,966,904,r2n1rk1/pp3ppp/2p4n/3P4/2P3P1/4BN1P/P4P2/R3R1K1 b - - 1 21,d4e3
39,EulerE,malickan,966,904,r2n1rk1/pp3ppp/7n/3p4/2P3P1/4BN1P/P4P2/R3R1K1 w - - 0 22,c6d5
39,EulerE,malickan,966,904,r2n1rk1/pp3ppp/7n/3P4/6P1/4BN1P/P4P2/R3R1K1 b - - 0 22,c4d5
39,EulerE,malickan,966,904,r2n1rk1/pp4pp/5p1n/3P4/6P1/4BN1P/P4P2/R3R1K1 w - - 0 23,f7f6
39,EulerE,malickan,966,904,r2n1rk1/pp4pp/5p1B/3P4/6P1/5N1P/P4P2/R3R1K1 b - - 0 23,e3h6
39,EulerE,malickan,966,904,r2n1rk1/pp5p/5p1p/3P4/6P1/5N1P/P4P2/R3R1K1 w - - 0 24,g7h6
39,EulerE,malickan,966,904,r2n1rk1/pp5p/5p1p/3P4/6P1/5N1P/P4P2/R2R2K1 b - - 1 24,e1d1
39,EulerE,malickan,966,904,r2n1r2/pp4kp/5p1p/3P4/6P1/5N1P/P4P2/R2R2K1 w - - 2 25,g8g7
39,EulerE,malickan,966,904,r2n1r2/pp4kp/5p1p/3P4/6PN/7P/P4P2/R2R2K1 b - - 3 25,f3h4
39,EulerE,malickan,966,904,r4r2/pp3nkp/5p1p/3P4/6PN/7P/P4P2/R2R2K1 w - - 4 26,d8f7
39,EulerE,malickan,966,904,r4r2/pp3nkp/5p1p/3P1N2/6P1/7P/P4P2/R2R2K1 b - - 5 26,h4f5
39,EulerE,malickan,966,904,r4rk1/pp3n1p/5p1p/3P1N2/6P1/7P/P4P2/R2R2K1 w - - 6 27,g7g8
39,EulerE,malickan,966,904,r4rk1/pp3n1p/5p1p/3P1N2/6PP/8/P4P2/R2R2K1 b - - 0 27,h3h4
39,EulerE,malickan,966,904,r3r1k1/pp3n1p/5p1p/3P1N2/6PP/8/P4P2/R2R2K1 w - - 1 28,f8e8
39,EulerE,malickan,966,904,r3r1k1/pp3n1p/5p1p/3P1N2/6PP/8/P4P2/R3R1K1 b - - 2 28,d1e1
39,EulerE,malickan,966,904,3rr1k1/pp3n1p/5p1p/3P1N2/6PP/8/P4P2/R3R1K1 w - - 3 29,a8d8
39,EulerE,malickan,966,904,3rR1k1/pp3n1p/5p1p/3P1N2/6PP/8/P4P2/R5K1 b - - 0 29,e1e8
39,EulerE,malickan,966,904,4r1k1/pp3n1p/5p1p/3P1N2/6PP/8/P4P2/R5K1 w - - 0 30,d8e8
39,EulerE,malickan,966,904,4r1k1/pp3n1p/5p1p/3P1N2/6PP/8/P4P2/R4K2 b - - 1 30,g1f1
39,EulerE,malickan,966,904,3r2k1/pp3n1p/5p1p/3P1N2/6PP/8/P4P2/R4K2 w - - 2 31,e8d8
39,EulerE,malickan,966,904,3r2k1/pp3n1p/5p1p/3P1N2/6PP/8/P4P2/3R1K2 b - - 3 31,a1d1
39,EulerE,malickan,966,904,3r2k1/pp5p/5p1p/3PnN2/6PP/8/P4P2/3R1K2 w - - 4 32,f7e5
39,EulerE,malickan,966,904,3r2k1/pp5p/5p1p/3PnN2/6PP/8/P3KP2/3R4 b - - 5 32,f1e2
39,EulerE,malickan,966,904,3r2k1/pp5p/5p1p/3P1N2/6nP/8/P3KP2/3R4 w - - 0 33,e5g4
39,EulerE,malickan,966,904,3r2k1/pp5p/5p1p/3P1N2/6nP/5P2/P3K3/3R4 b - - 0 33,f2f3
39,EulerE,malickan,966,904,3r2k1/pp5p/5p1p/3PnN2/7P/5P2/P3K3/3R4 w - - 1 34,g4e5
39,EulerE,malickan,966,904,3r2k1/pp2N2p/5p1p/3Pn3/7P/5P2/P3K3/3R4 b - - 2 34,f5e7
39,EulerE,malickan,966,904,3r4/pp2Nk1p/5p1p/3Pn3/7P/5P2/P3K3/3R4 w - - 3 35,g8f7
39,EulerE,malickan,966,904,3r4/pp3k1p/5p1p/3PnN2/7P/5P2/P3K3/3R4 b - - 4 35,e7f5
39,EulerE,malickan,966,904,3r4/pp3k1p/5p1p/3P1N2/2n4P/5P2/P3K3/3R4 w - - 5 36,e5c4
39,EulerE,malickan,966,904,3r4/pp3k1p/5p1N/3P4/2n4P/5P2/P3K3/3R4 b - - 0 36,f5h6
39,EulerE,malickan,966,904,3r4/pp5p/5pkN/3P4/2n4P/5P2/P3K3/3R4 w - - 1 37,f7g6
39,EulerE,malickan,966,904,3r4/pp5p/5pk1/3P4/2n3NP/5P2/P3K3/3R4 b - - 2 37,h6g4
39,EulerE,malickan,966,904,3r4/pp5p/5pk1/3P4/6NP/5P2/Pn2K3/3R4 w - - 3 38,c4b2
39,EulerE,malickan,966,904,3r4/pp5p/5pk1/3P4/6NP/5P2/Pn1RK3/8 b - - 4 38,d1d2
39,EulerE,malickan,966,904,3r4/pp5p/5pk1/3P4/n5NP/5P2/P2RK3/8 w - - 5 39,b2a4
39,EulerE,malickan,966,904,3r4/pp5p/5pk1/3P3P/n5N1/5P2/P2RK3/8 b - - 0 39,h4h5
39,EulerE,malickan,966,904,3r4/pp5p/5p2/3P3k/n5N1/5P2/P2RK3/8 w - - 0 40,g6h5
39,EulerE,malickan,966,904,3r4/pp5p/5N2/3P3k/n7/5P2/P2RK3/8 b - - 0 40,g4f6
39,EulerE,malickan,966,904,3r4/pp5p/5N1k/3P4/n7/5P2/P2RK3/8 w - - 1 41,h5h6
39,EulerE,malickan,966,904,3r4/pp5p/7k/3P4/n5N1/5P2/P2RK3/8 b - - 2 41,f6g4
39,EulerE,malickan,966,904,3r4/pp5p/8/3P3k/n5N1/5P2/P2RK3/8 w - - 3 42,h6h5
39,EulerE,malickan,966,904,3r4/pp5p/8/3PN2k/n7/5P2/P2RK3/8 b - - 4 42,g4e5
39,EulerE,malickan,966,904,3r4/pp5p/8/3PN2k/8/2n2P2/P2RK3/8 w - - 5 43,a4c3
39,EulerE,malickan,966,904,3r4/pp5p/8/3PN2k/8/2n2P2/P2R4/4K3 b - - 6 43,e2e1
39,EulerE,malickan,966,904,3r4/pp5p/8/3nN2k/8/5P2/P2R4/4K3 w - - 0 44,c3d5
39,EulerE,malickan,966,904,3r4/pp3N1p/8/3n3k/8/5P2/P2R4/4K3 b - - 1 44,e5f7
39,EulerE,malickan,966,904,8/pp1r1N1p/8/3n3k/8/5P2/P2R4/4K3 w - - 2 45,d8d7
39,EulerE,malickan,966,904,8/pp1r3p/8/3nN2k/8/5P2/P2R4/4K3 b - - 3 45,f7e5
39,EulerE,malickan,966,904,8/pp1r3p/8/4N2k/5n2/5P2/P2R4/4K3 w - - 4 46,d5f4
39,EulerE,malickan,966,904,8/pp1R3p/8/4N2k/5n2/5P2/P7/4K3 b - - 0 46,d2d7
39,EulerE,malickan,966,904,8/pp1R3p/8/4N2k/8/5P2/P5n1/4K3 w - - 1 47,f4g2
39,EulerE,malickan,966,904,8/pp1R3p/8/4N2k/8/5P2/P4Kn1/8 b - - 2 47,e1f2
39,EulerE,malickan,966,904,8/pp1R3p/8/4N2k/5n2/5P2/P4K2/8 w - - 3 48,g2f4
39,EulerE,malickan,966,904,8/pp1R1N1p/8/7k/5n2/5P2/P4K2/8 b - - 4 48,e5f7
39,EulerE,malickan,966,904,8/pp1R1N1p/4n3/7k/8/5P2/P4K2/8 w - - 5 49,f4e6
39,EulerE,malickan,966,904,8/pp3N1p/4n3/3R3k/8/5P2/P4K2/8 b - - 6 49,d7d5
39,EulerE,malickan,966,904,8/pp3N1p/4n1k1/3R4/8/5P2/P4K2/8 w - - 7 50,h5g6
39,EulerE,malickan,966,904,8/pp3N1p/4n1k1/3R4/8/4KP2/P7/8 b - - 8 50,f2e3
39,EulerE,malickan,966,904,8/pp3k1p/4n3/3R4/8/4KP2/P7/8 w - - 0 51,g6f7
39,EulerE,malickan,966,904,8/pp3k1p/4n3/1R6/8/4KP2/P7/8 b - - 1 51,d5b5
39,EulerE,malickan,966,904,8/ppn2k1p/8/1R6/8/4KP2/P7/8 w - - 2 52,e6c7
39,EulerE,malickan,966,904,8/pRn2k1p/8/8/8/4KP2/P7/8 b - - 0 52,b5b7
39,EulerE,malickan,966,904,8/pRn4p/4k3/8/8/4KP2/P7/8 w - - 1 53,f7e6
39,EulerE,malickan,966,904,8/p1R4p/4k3/8/8/4KP2/P7/8 b - - 0 53,b7c7
39,EulerE,malickan,966,904,8/p1R4p/8/3k4/8/4KP2/P7/8 w - - 1 54,e6d5
39,EulerE,malickan,966,904,8/p6R/8/3k4/8/4KP2/P7/8 b - - 0 54,c7h7
39,EulerE,malickan,966,904,8/p6R/8/8/2k5/4KP2/P7/8 w - - 1 55,d5c4
39,EulerE,malickan,966,904,8/R7/8/8/2k5/4KP2/P7/8 b - - 0 55,h7a7
39,EulerE,malickan,966,904,8/R7/8/8/1k6/4KP2/P7/8 w - - 1 56,c4b4
39,EulerE,malickan,966,904,8/R7/8/8/1k3P2/4K3/P7/8 b - - 0 56,f3f4
39,EulerE,malickan,966,904,8/R7/8/8/5P2/2k1K3/P7/8 w - - 1 57,b4c3
39,EulerE,malickan,966,904,8/R7/8/5P2/8/2k1K3/P7/8 b - - 0 57,f4f5
39,EulerE,malickan,966,904,8/R7/8/5P2/8/4K3/Pk6/8 w - - 1 58,c3b2
39,EulerE,malickan,966,904,8/R7/5P2/8/8/4K3/Pk6/8 b - - 0 58,f5f6
39,EulerE,malickan,966,904,8/R7/5P2/8/8/4K3/P7/k7 w - - 1 59,b2a1
39,EulerE,malickan,966,904,8/R4P2/8/8/8/4K3/P7/k7 b - - 0 59,f6f7
39,EulerE,malickan,966,904,8/R4P2/8/8/8/4K3/Pk6/8 w - - 1 60,a1b2
39,EulerE,malickan,966,904,5Q2/R7/8/8/8/4K3/Pk6/8 b - - 0 60,f7f8q
39,EulerE,malickan,966,904,5Q2/R7/8/8/8/2k1K3/P7/8 w - - 1 61,b2c3
39,EulerE,malickan,966,904,8/R7/8/8/8/2k1K3/P4Q2/8 b - - 2 61,f8f2
39,EulerE,malickan,966,904,8/R7/8/8/2k5/4K3/P4Q2/8 w - - 3 62,c3c4
39,EulerE,malickan,966,904,8/2R5/8/8/2k5/4K3/P4Q2/8 b - - 4 62,a7c7
39,EulerE,malickan,966,904,8/2R5/8/3k4/8/4K3/P4Q2/8 w - - 5 63,c4d5
39,EulerE,malickan,966,904,8/2R5/8/3k4/8/4K3/P2Q4/8 b - - 6 63,f2d2
40,EulerE,riyad84dm,975,991,rnbqkbnr/pppppppp/8/8/3P4/8/PPP1PPPP/RNBQKBNR b KQkq - 0 1,d2d4
40,EulerE,riyad84dm,975,991,rnbqkbnr/ppp1pppp/8/3p4/3P4/8/PPP1PPPP/RNBQKBNR w KQkq - 0 2,d7d5
40,EulerE,riyad84dm,975,991,rnbqkbnr/ppp1pppp/8/3p4/2PP4/8/PP2PPPP/RNBQKBNR b KQkq - 0 2,c2c4
40,EulerE,riyad84dm,975,991,r1bqkbnr/ppp1pppp/2n5/3p4/2PP4/8/PP2PPPP/RNBQKBNR w KQkq - 1 3,b8c6
40,EulerE,riyad84dm,975,991,r1bqkbnr/ppp1pppp/2n5/3P4/3P4/8/PP2PPPP/RNBQKBNR b KQkq - 0 3,c4d5
40,EulerE,riyad84dm,975,991,r1b1kbnr/ppp1pppp/2n5/3q4/3P4/8/PP2PPPP/RNBQKBNR w KQkq - 0 4,d8d5
40,EulerE,riyad84dm,975,991,r1b1kbnr/ppp1pppp/2n5/3q4/3P4/2N5/PP2PPPP/R1BQKBNR b KQkq - 1 4,b1c3
40,EulerE,riyad84dm,975,991,r1b1kbnr/ppp1pppp/2n5/8/3q4/2N5/PP2PPPP/R1BQKBNR w KQkq - 0 5,d5d4
40,EulerE,riyad84dm,975,991,r1b1kbnr/ppp1pppp/2n5/8/3Q4/2N5/PP2PPPP/R1B1KBNR b KQkq - 0 5,d1d4
40,EulerE,riyad84dm,975,991,r1b1kbnr/ppp1pppp/8/8/3n4/2N5/PP2PPPP/R1B1KBNR w KQkq - 0 6,c6d4
40,EulerE,riyad84dm,975,991,r1b1kbnr/ppp1pppp/8/8/3n4/2N1P3/PP3PPP/R1B1KBNR b KQkq - 0 6,e2e3
40,EulerE,riyad84dm,975,991,r1b1kbnr/ppp1pppp/8/8/8/2N1P3/PPn2PPP/R1B1KBNR w KQkq - 1 7,d4c2
40,EulerE,riyad84dm,975,991,r1b1kbnr/ppp1pppp/8/8/8/2N1P3/PPnK1PPP/R1B2BNR b kq - 2 7,e1d2
40,EulerE,riyad84dm,975,991,r1b1kbnr/ppp1pppp/8/8/8/2N1P3/PP1K1PPP/n1B2BNR w kq - 0 8,c2a1
40,EulerE,riyad84dm,975,991,r1b1kbnr/ppp1pppp/8/8/8/1PN1P3/P2K1PPP/n1B2BNR b kq - 0 8,b2b3
40,EulerE,riyad84dm,975,991,r1b1kb1r/ppp1pppp/5n2/8/8/1PN1P3/P2K1PPP/n1B2BNR w kq - 1 9,g8f6
40,EulerE,riyad84dm,975,991,r1b1kb1r/ppp1pppp/5n2/8/8/1PN1P3/PB1K1PPP/n4BNR b kq - 2 9,c1b2
40,EulerE,riyad84dm,975,991,r1b1kb1r/ppp1pppp/5n2/8/8/1nN1P3/PB1K1PPP/5BNR w kq - 0 10,a1b3
40,EulerE,riyad84dm,975,991,r1b1kb1r/ppp1pppp/5n2/8/8/1PN1P3/1B1K1PPP/5BNR b kq - 0 10,a2b3
40,EulerE,riyad84dm,975,991,r1b1kb1r/ppp2ppp/4pn2/8/8/1PN1P3/1B1K1PPP/5BNR w kq - 0 11,e7e6
40,EulerE,riyad84dm,975,991,r1b1kb1r/ppp2ppp/4pn2/8/2B5/1PN1P3/1B1K1PPP/6NR b kq - 1 11,f1c4
40,EulerE,riyad84dm,975,991,r1b1k2r/ppp2ppp/4pn2/8/1bB5/1PN1P3/1B1K1PPP/6NR w kq - 2 12,f8b4
40,EulerE,riyad84dm,975,991,r1b1k2r/ppp2ppp/4pn2/8/1bB5/1PN1PN2/1B1K1PPP/7R b kq - 3 12,g1f3
40,EulerE,riyad84dm,975,991,r1b1k2r/ppp2ppp/4pn2/8/2B5/1Pb1PN2/1B1K1PPP/7R w kq - 0 13,b4c3
40,EulerE,riyad84dm,975,991,r1b1k2r/ppp2ppp/4pn2/8/2B5/1PB1PN2/3K1PPP/7R b kq - 0 13,b2c3
40,EulerE,riyad84dm,975,991,r3k2r/pppb1ppp/4pn2/8/2B5/1PB1PN2/3K1PPP/7R w kq - 1 14,c8d7
40,EulerE,riyad84dm,975,991,r3k2r/pppb1ppp/4pn2/8/1BB5/1P2PN2/3K1PPP/7R b kq - 2 14,c3b4
40,EulerE,riyad84dm,975,991,r3k2r/p1pb1ppp/1p2pn2/8/1BB5/1P2PN2/3K1PPP/7R w kq - 0 15,b7b6
40,EulerE,riyad84dm,975,991,r3k2r/p1pb1ppp/1p2pn2/4N3/1BB5/1P2P3/3K1PPP/7R b kq - 1 15,f3e5
40,EulerE,riyad84dm,975,991,r3k2r/p2b1ppp/1p2pn2/2p1N3/1BB5/1P2P3/3K1PPP/7R w kq - 0 16,c7c5
40,EulerE,riyad84dm,975,991,r3k2r/p2N1ppp/1p2pn2/2p5/1BB5/1P2P3/3K1PPP/7R b kq - 0 16,e5d7
40,EulerE,riyad84dm,975,991,r3k2r/p2n1ppp/1p2p3/2p5/1BB5/1P2P3/3K1PPP/7R w kq - 0 17,f6d7
40,EulerE,riyad84dm,975,991,r3k2r/p2n1ppp/1p2p3/2p5/2B5/1PB1P3/3K1PPP/7R b kq - 1 17,b4c3
40,EulerE,riyad84dm,975,991,r4rk1/p2n1ppp/1p2p3/2p5/2B5/1PB1P3/3K1PPP/7R w - - 2 18,e8g8
40,EulerE,riyad84dm,975,991,r4rk1/p2n1ppp/1p2p3/2p5/2B5/1PB1P3/3K1PPP/3R4 b - - 3 18,h1d1
40,EulerE,riyad84dm,975,991,3r1rk1/p2n1ppp/1p2p3/2p5/2B5/1PB1P3/3K1PPP/3R4 w - - 4 19,a8d8
40,EulerE,riyad84dm,975,991,3r1rk1/p2n1ppp/1p2p3/2p5/2B5/1PB1P3/4KPPP/3R4 b - - 5 19,d2e2
40,EulerE,riyad84dm,975,991,3r1rk1/p4ppp/1p2p3/2p1n3/2B5/1PB1P3/4KPPP/3R4 w - - 6 20,d7e5
40,EulerE,riyad84dm,975,991,3R1rk1/p4ppp/1p2p3/2p1n3/2B5/1PB1P3/4KPPP/8 b - - 0 20,d1d8
40,EulerE,riyad84dm,975,991,3R1rk1/p4ppp/1p2p3/2p5/2n5/1PB1P3/4KPPP/8 w - - 0 21,e5c4
40,EulerE,riyad84dm,975,991,5Rk1/p4ppp/1p2p3/2p5/2n5/1PB1P3/4KPPP/8 b - - 0 21,d8f8
40,EulerE,riyad84dm,975,991,5k2/p4ppp/1p2p3/2p5/2n5/1PB1P3/4KPPP/8 w - - 0 22,g8f8
40,EulerE,riyad84dm,975,991,5k2/p4ppp/1p2p3/2p5/2P5/2B1P3/4KPPP/8 b - - 0 22,b3c4
40,EulerE,riyad84dm,975,991,5k2/5ppp/1p2p3/p1p5/2P5/2B1P3/4KPPP/8 w - - 0 23,a7a5
40,EulerE,riyad84dm,975,991,5k2/5ppp/1p2p3/p1p5/2P5/2B1P3/3K1PPP/8 b - - 1 23,e2d2
40,EulerE,riyad84dm,975,991,8/4kppp/1p2p3/p1p5/2P5/2B1P3/3K1PPP/8 w - - 2 24,f8e7
40,EulerE,riyad84dm,975,991,8/4kppp/1p2p3/p1p5/2P5/2B1P3/2K2PPP/8 b - - 3 24,d2c2
40,EulerE,riyad84dm,975,991,8/4k1pp/1p2pp2/p1p5/2P5/2B1P3/2K2PPP/8 w - - 0 25,f7f6
40,EulerE,riyad84dm,975,991,8/4k1pp/1p2pp2/p1p5/2P5/1KB1P3/5PPP/8 b - - 1 25,c2b3
40,EulerE,riyad84dm,975,991,8/6pp/1p1kpp2/p1p5/2P5/1KB1P3/5PPP/8 w - - 2 26,e7d6
40,EulerE,riyad84dm,975,991,8/6pp/1p1kpp2/p1p5/K1P5/2B1P3/5PPP/8 b - - 3 26,b3a4
40,EulerE,riyad84dm,975,991,8/6pp/1pk1pp2/p1p5/K1P5/2B1P3/5PPP/8 w - - 4 27,d6c6
40,EulerE,riyad84dm,975,991,8/6pp/1pk1pp2/p1p5/K1P2P2/2B1P3/6PP/8 b - - 0 27,f2f4
40,EulerE,riyad84dm,975,991,8/6p1/1pk1pp2/p1p4p/K1P2P2/2B1P3/6PP/8 w - - 0 28,h7h5
40,EulerE,riyad84dm,975,991,8/6p1/1pk1pp2/p1p4p/K1P2P2/2B1P1P1/7P/8 b - - 0 28,g2g3
40,EulerE,riyad84dm,975,991,8/6p1/1p1kpp2/p1p4p/K1P2P2/2B1P1P1/7P/8 w - - 1 29,c6d6
40,EulerE,riyad84dm,975,991,8/6p1/1p1kpp2/pKp4p/2P2P2/2B1P1P1/7P/8 b - - 2 29,a4b5
40,EulerE,riyad84dm,975,991,8/2k3p1/1p2pp2/pKp4p/2P2P2/2B1P1P1/7P/8 w - - 3 30,d6c7
40,EulerE,riyad84dm,975,991,8/2k3p1/1p2pp2/pKp4p/2P2P2/2B1P1PP/8/8 b - - 0 30,h2h3
40,EulerE,riyad84dm,975,991,8/6p1/1p1kpp2/pKp4p/2P2P2/2B1P1PP/8/8 w - - 1 31,c7d6
40,EulerE,riyad84dm,975,991,8/6p1/1K1kpp2/p1p4p/2P2P2/2B1P1PP/8/8 b - - 0 31,b5b6
40,EulerE,riyad84dm,975,991,8/6p1/1K1kpp2/2p4p/p1P2P2/2B1P1PP/8/8 w - - 0 32,a5a4
40,EulerE,riyad84dm,975,991,8/6p1/3kpp2/1Kp4p/p1P2P2/2B1P1PP/8/8 b - - 1 32,b6b5
40,EulerE,riyad84dm,975,991,8/6p1/3kpp2/1Kp4p/2P2P2/p1B1P1PP/8/8 w - - 0 33,a4a3
40,EulerE,riyad84dm,975,991,8/6p1/3kpp2/2p4p/K1P2P2/p1B1P1PP/8/8 b - - 1 33,b5a4
40,EulerE,riyad84dm,975,991,8/6p1/3k1p2/2p1p2p/K1P2P2/p1B1P1PP/8/8 w - - 0 34,e6e5
40,EulerE,riyad84dm,975,991,8/6p1/3k1p2/2p1P2p/K1P5/p1B1P1PP/8/8 b - - 0 34,f4e5
40,EulerE,riyad84dm,975,991,8/6p1/3k4/2p1p2p/K1P5/p1B1P1PP/8/8 w - - 0 35,f6e5
40,EulerE,riyad84dm,975,991,8/6p1/3k4/2p1p2p/2P5/K1B1P1PP/8/8 b - - 0 35,a4a3
40,EulerE,riyad84dm,975,991,8/8/3k2p1/2p1p2p/2P5/K1B1P1PP/8/8 w - - 0 36,g7g6
40,EulerE,riyad84dm,975,991,8/8/3k2p1/2p1p2p/2P1P3/K1B3PP/8/8 b - - 0 36,e3e4
40,EulerE,riyad84dm,975,991,8/8/3k4/2p1p1pp/2P1P3/K1B3PP/8/8 w - - 0 37,g6g5
40,EulerE,riyad84dm,975,991,8/8/3k4/2p1p1pp/K1P1P3/2B3PP/8/8 b - - 1 37,a3a4
40,EulerE,riyad84dm,975,991,8/8/3k4/2p1p2p/K1P1P1p1/2B3PP/8/8 w - - 0 38,g5g4
40,EulerE,riyad84dm,975,991,8/8/3k4/2p1p2p/K1P1P1pP/2B3P1/8/8 b - - 0 38,h3h4
40,EulerE,riyad84dm,975,991,8/8/2k5/2p1p2p/K1P1P1pP/2B3P1/8/8 w - - 1 39,d6c6
40,EulerE,riyad84dm,975,991,8/8/2k5/2p1p2p/K1P1P1pP/6P1/1B6/8 b - - 2 39,c3b2
40,EulerE,riyad84dm,975,991,8/8/3k4/2p1p2p/K1P1P1pP/6P1/1B6/8 w - - 3 40,c6d6
40,EulerE,riyad84dm,975,991,8/8/3k4/1Kp1p2p/2P1P1pP/6P1/1B6/8 b - - 4 40,a4b5
41,EulerE,frtttttttttttttttttt,967,992,rnbqkbnr/pppppppp/8/8/3P4/8/PPP1PPPP/RNBQKBNR b KQkq - 0 1,d2d4
41,EulerE,frtttttttttttttttttt,967,992,rnbqkbnr/pppp1ppp/8/4p3/3P4/8/PPP1PPPP/RNBQKBNR w KQkq - 0 2,e7e5
41,EulerE,frtttttttttttttttttt,967,992,rnbqkbnr/pppp1ppp/8/4p3/2PP4/8/PP2PPPP/RNBQKBNR b KQkq - 0 2,c2c4
41,EulerE,frtttttttttttttttttt,967,992,rnbqkbnr/pppp1ppp/8/8/2Pp4/8/PP2PPPP/RNBQKBNR w KQkq - 0 3,e5d4
41,EulerE,frtttttttttttttttttt,967,992,rnbqkbnr/pppp1ppp/8/8/2PQ4/8/PP2PPPP/RNB1KBNR b KQkq - 0 3,d1d4
41,EulerE,frtttttttttttttttttt,967,992,r1bqkbnr/pppp1ppp/2n5/8/2PQ4/8/PP2PPPP/RNB1KBNR w KQkq - 1 4,b8c6
41,EulerE,frtttttttttttttttttt,967,992,r1bqkbnr/pppp1ppp/2n5/8/2P5/8/PP1QPPPP/RNB1KBNR b KQkq - 2 4,d4d2
41,EulerE,frtttttttttttttttttt,967,992,r1bqk1nr/pppp1ppp/2n5/8/1bP5/8/PP1QPPPP/RNB1KBNR w KQkq - 3 5,f8b4
41,EulerE,frtttttttttttttttttt,967,992,r1bqk1nr/pppp1ppp/2n5/8/1bP5/2N5/PP1QPPPP/R1B1KBNR b KQkq - 4 5,b1c3
41,EulerE,frtttttttttttttttttt,967,992,r1bqk2r/pppp1ppp/2n2n2/8/1bP5/2N5/PP1QPPPP/R1B1KBNR w KQkq - 5 6,g8f6
41,EulerE,frtttttttttttttttttt,967,992,r1bqk2r/pppp1ppp/2n2n2/8/1bP5/P1N5/1P1QPPPP/R1B1KBNR b KQkq - 0 6,a2a3
41,EulerE,frtttttttttttttttttt,967,992,r1bqk2r/pppp1ppp/2n2n2/8/2P5/P1b5/1P1QPPPP/R1B1KBNR w KQkq - 0 7,b4c3
41,EulerE,frtttttttttttttttttt,967,992,r1bqk2r/pppp1ppp/2n2n2/8/2P5/P1Q5/1P2PPPP/R1B1KBNR b KQkq - 0 7,d2c3
41,EulerE,frtttttttttttttttttt,967,992,r1bq1rk1/pppp1ppp/2n2n2/8/2P5/P1Q5/1P2PPPP/R1B1KBNR w KQ - 1 8,e8g8
41,EulerE,frtttttttttttttttttt,967,992,r1bq1rk1/pppp1ppp/2n2n2/8/2P5/P1Q2N2/1P2PPPP/R1B1KB1R b KQ - 2 8,g1f3
41,EulerE,frtttttttttttttttttt,967,992,r1bqr1k1/pppp1ppp/2n2n2/8/2P5/P1Q2N2/1P2PPPP/R1B1KB1R w KQ - 3 9,f8e8
41,EulerE,frtttttttttttttttttt,967,992,r1bqr1k1/pppp1ppp/2n2n2/8/2P5/P1Q1PN2/1P3PPP/R1B1KB1R b KQ - 0 9,e2e3
41,EulerE,frtttttttttttttttttt,967,992,r1bqr1k1/ppp2ppp/2np1n2/8/2P5/P1Q1PN2/1P3PPP/R1B1KB1R w KQ - 0 10,d7d6
41,EulerE,frtttttttttttttttttt,967,992,r1bqr1k1/ppp2ppp/2np1n2/8/2P5/P1QBPN2/1P3PPP/R1B1K2R b KQ - 1 10,f1d3
41,EulerE,frtttttttttttttttttt,967,992,r2qr1k1/ppp2ppp/2np1n2/8/2P3b1/P1QBPN2/1P3PPP/R1B1K2R w KQ - 2 11,c8g4
41,EulerE,frtttttttttttttttttt,967,992,r2qr1k1/ppp2ppp/2np1n2/8/2P3b1/P1Q1PN2/1P2BPPP/R1B1K2R b KQ - 3 11,d3e2
41,EulerE,frtttttttttttttttttt,967,992,r2qr1k1/ppp2ppp/2np4/8/2P1n1b1/P1Q1PN2/1P2BPPP/R1B1K2R w KQ - 4 12,f6e4
41,EulerE,frtttttttttttttttttt,967,992,r2qr1k1/ppp2ppp/2np4/8/2P1n1b1/P3PN2/1PQ1BPPP/R1B1K2R b KQ - 5 12,c3c2
41,EulerE,frtttttttttttttttttt,967,992,r3r1k1/ppp2ppp/2np1q2/8/2P1n1b1/P3PN2/1PQ1BPPP/R1B1K2R w KQ - 6 13,d8f6
41,EulerE,frtttttttttttttttttt,967,992,r3r1k1/ppp2ppp/2np1q2/8/2P1n1b1/P3PN2/1PQ1BPPP/R1B2RK1 b - - 7 13,e1g1
41,EulerE,frtttttttttttttttttt,967,992,3rr1k1/ppp2ppp/2np1q2/8/2P1n1b1/P3PN2/1PQ1BPPP/R1B2RK1 w - - 8 14,a8d8
41,EulerE,frtttttttttttttttttt,967,992,3rr1k1/ppp2ppp/2np1q2/8/2P1n1b1/P3PN2/1PQBBPPP/R4RK1 b - - 9 14,c1d2
41,EulerE,frtttttttttttttttttt,967,992,3rr1k1/ppp2ppp/2n2q2/3p4/2P1n1b1/P3PN2/1PQBBPPP/R4RK1 w - - 0 15,d6d5
41,EulerE,frtttttttttttttttttt,967,992,3rr1k1/ppp2ppp/2n2q2/3p4/2P1n1b1/P1B1PN2/1PQ1BPPP/R4RK1 b - - 1 15,d2c3
41,EulerE,frtttttttttttttttttt,967,992,3rr1k1/ppp2ppp/2n4q/3p4/2P1n1b1/P1B1PN2/1PQ1BPPP/R4RK1 w - - 2 16,f6h6
41,EulerE,frtttttttttttttttttt,967,992,3rr1k1/ppp2ppp/2n4q/3P4/4n1b1/P1B1PN2/1PQ1BPPP/R4RK1 b - - 0 16,c4d5
41,EulerE,frtttttttttttttttttt,967,992,4r1k1/ppp2ppp/2n4q/3r4/4n1b1/P1B1PN2/1PQ1BPPP/R4RK1 w - - 0 17,d8d5
41,EulerE,frtttttttttttttttttt,967,992,4r1k1/ppp2ppp/2n4q/3r4/3Nn1b1/P1B1P3/1PQ1BPPP/R4RK1 b - - 1 17,f3d4
41,EulerE,frtttttttttttttttttt,967,992,4r1k1/ppp2ppp/2n4q/3r4/3Nn3/P1B1P3/1PQ1bPPP/R4RK1 w - - 0 18,g4e2
41,EulerE,frtttttttttttttttttt,967,992,4r1k1/ppp2ppp/2n4q/3r4/3Nn3/P1B1P3/1P2QPPP/R4RK1 b - - 0 18,c2e2
41,EulerE,frtttttttttttttttttt,967,992,4r1k1/ppp2ppp/7q/3r4/3nn3/P1B1P3/1P2QPPP/R4RK1 w - - 0 19,c6d4
41,EulerE,frtttttttttttttttttt,967,992,4r1k1/ppp2ppp/7q/3r4/3Bn3/P3P3/1P2QPPP/R4RK1 b - - 0 19,c3d4
41,EulerE,frtttttttttttttttttt,967,992,4r1k1/pp3ppp/7q/2pr4/3Bn3/P3P3/1P2QPPP/R4RK1 w - - 0 20,c7c5
41,EulerE,frtttttttttttttttttt,967,992,4r1k1/pp3ppp/7q/2pr4/3Bn3/P3PP2/1P2Q1PP/R4RK1 b - - 0 20,f2f3
41,EulerE,frtttttttttttttttttt,967,992,4r1k1/pp3ppp/7q/3r4/3pn3/P3PP2/1P2Q1PP/R4RK1 w - - 0 21,c5d4
41,EulerE,frtttttttttttttttttt,967,992,4r1k1/pp3ppp/7q/3r4/3pP3/P3P3/1P2Q1PP/R4RK1 b - - 0 21,f3e4
41,EulerE,frtttttttttttttttttt,967,992,6k1/pp3ppp/7q/3r4/3pr3/P3P3/1P2Q1PP/R4RK1 w - - 0 22,e8e4
41,EulerE,frtttttttttttttttttt,967,992,6k1/pp3ppp/7q/3r4/2Qpr3/P3P3/1P4PP/R4RK1 b - - 1 22,e2c4
41,EulerE,frtttttttttttttttttt,967,992,6k1/pp3ppp/8/3r4/2Qpr3/P3q3/1P4PP/R4RK1 w - - 0 23,h6e3
41,EulerE,frtttttttttttttttttt,967,992,6k1/pp3ppp/8/3r4/2Qpr3/P3q3/1P4PP/R4R1K b - - 1 23,g1h1
41,EulerE,frtttttttttttttttttt,967,992,6k1/pp3pp1/7p/3r4/2Qpr3/P3q3/1P4PP/R4R1K w - - 0 24,h7h6
41,EulerE,frtttttttttttttttttt,967,992,6k1/pp3pp1/7p/3Q4/3pr3/P3q3/1P4PP/R4R1K b - - 0 24,c4d5
41,EulerE,frtttttttttttttttttt,967,992,6k1/pp3pp1/7p/3Qr3/3p4/P3q3/1P4PP/R4R1K w - - 1 25,e4e5
41,EulerE,frtttttttttttttttttt,967,992,6k1/pp3pp1/7p/4r3/3p4/P3qQ2/1P4PP/R4R1K b - - 2 25,d5f3
41,EulerE,frtttttttttttttttttt,967,992,6k1/pp3pp1/7p/4r1q1/3p4/P4Q2/1P4PP/R4R1K w - - 3 26,e3g5
41,EulerE,frtttttttttttttttttt,967,992,6k1/pp3pp1/7p/4r1q1/3p4/P4Q2/1P4PP/3R1R1K b - - 4 26,a1d1
41,EulerE,frtttttttttttttttttt,967,992,8/pp3ppk/7p/4r1q1/3p4/P4Q2/1P4PP/3R1R1K w - - 5 27,g8h7
41,EulerE,frtttttttttttttttttt,967,992,8/pp3ppk/7p/4r1q1/3R4/P4Q2/1P4PP/5R1K b - - 0 27,d1d4
41,EulerE,frtttttttttttttttttt,967,992,8/pp3ppk/7p/1r4q1/3R4/P4Q2/1P4PP/5R1K w - - 1 28,e5b5
41,EulerE,frtttttttttttttttttt,967,992,8/pp3ppk/7p/1r4q1/1P1R4/P4Q2/6PP/5R1K b - - 0 28,b2b4
41,EulerE,frtttttttttttttttttt,967,992,8/pp3ppk/7p/5rq1/1P1R4/P4Q2/6PP/5R1K w - - 1 29,b5f5
41,EulerE,frtttttttttttttttttt,967,992,8/pp3ppk/7p/5rq1/1P1R4/P7/4Q1PP/5R1K b - - 2 29,f3e2
41,EulerE,frtttttttttttttttttt,967,992,8/pp3ppk/7p/6q1/1P1R4/P7/4Q1PP/5r1K w - - 0 30,f5f1
41,EulerE,frtttttttttttttttttt,967,992,8/pp3ppk/7p/6q1/1P1R4/P7/6PP/5Q1K b - - 0 30,e2f1
41,EulerE,frtttttttttttttttttt,967,992,8/1p3ppk/p6p/6q1/1P1R4/P7/6PP/5Q1K w - - 0 31,a7a6
41,EulerE,frtttttttttttttttttt,967,992,8/1p3Qpk/p6p/6q1/1P1R4/P7/6PP/7K b - - 0 31,f1f7
41,EulerE,frtttttttttttttttttt,967,992,8/1p3Qpk/p6p/8/1P1R4/P7/6PP/2q4K w - - 1 32,g5c1
42,vdweck,EulerE,951,975,rnbqkbnr/pppppppp/8/8/4P3/8/PPPP1PPP/RNBQKBNR b KQkq - 0 1,e2e4
42,vdweck,EulerE,951,975,rnbqkbnr/pppp1ppp/8/4p3/4P3/8/PPPP1PPP/RNBQKBNR w KQkq - 0 2,e7e5
42,vdweck,EulerE,951,975,rnbqkbnr/pppp1ppp/8/4p3/4PP2/8/PPPP2PP/RNBQKBNR b KQkq - 0 2,f2f4
42,vdweck,EulerE,951,975,rnbqkbnr/pppp1ppp/8/8/4Pp2/8/PPPP2PP/RNBQKBNR w KQkq - 0 3,e5f4
42,vdweck,EulerE,951,975,rnbqkbnr/pppp1ppp/8/8/4Pp2/5N2/PPPP2PP/RNBQKB1R b KQkq - 1 3,g1f3
42,vdweck,EulerE,951,975,r1bqkbnr/pppp1ppp/2n5/8/4Pp2/5N2/PPPP2PP/RNBQKB1R w KQkq - 2 4,b8c6
42,vdweck,EulerE,951,975,r1bqkbnr/pppp1ppp/2n5/8/3PPp2/5N2/PPP3PP/RNBQKB1R b KQkq - 0 4,d2d4
42,vdweck,EulerE,951,975,r1bqkbnr/ppp2ppp/2n5/3p4/3PPp2/5N2/PPP3PP/RNBQKB1R w KQkq - 0 5,d7d5
42,vdweck,EulerE,951,975,r1bqkbnr/ppp2ppp/2n5/3pP3/3P1p2/5N2/PPP3PP/RNBQKB1R b KQkq - 0 5,e4e5
42,vdweck,EulerE,951,975,r1bqkbnr/ppp2p1p/2n3p1/3pP3/3P1p2/5N2/PPP3PP/RNBQKB1R w KQkq - 0 6,g7g6
42,vdweck,EulerE,951,975,r1bqkbnr/ppp2p1p/2n3p1/3pP3/3P1B2/5N2/PPP3PP/RN1QKB1R b KQkq - 0 6,c1f4
42,vdweck,EulerE,951,975,r1bqk1nr/ppp2pbp/2n3p1/3pP3/3P1B2/5N2/PPP3PP/RN1QKB1R w KQkq - 1 7,f8g7
42,vdweck,EulerE,951,975,r1bqk1nr/ppp2pbp/2n3p1/3pP3/3P1B2/3B1N2/PPP3PP/RN1QK2R b KQkq - 2 7,f1d3
42,vdweck,EulerE,951,975,r1bqk2r/ppp1npbp/2n3p1/3pP3/3P1B2/3B1N2/PPP3PP/RN1QK2R w KQkq - 3 8,g8e7
42,vdweck,EulerE,951,975,r1bqk2r/ppp1npbp/2n3p1/3pP3/3P1B2/3B1N2/PPPN2PP/R2QK2R b KQkq - 4 8,b1d2
42,vdweck,EulerE,951,975,r1bq1rk1/ppp1npbp/2n3p1/3pP3/3P1B2/3B1N2/PPPN2PP/R2QK2R w KQ - 5 9,e8g8
42,vdweck,EulerE,951,975,r1bq1rk1/ppp1npbp/2n3p1/3pP3/3P1B2/3B1N2/PPPN2PP/R2Q1RK1 b - - 6 9,e1g1
42,vdweck,EulerE,951,975,r2q1rk1/ppp1npbp/2n3p1/3pPb2/3P1B2/3B1N2/PPPN2PP/R2Q1RK1 w - - 7 10,c8f5
42,vdweck,EulerE,951,975,r2q1rk1/ppp1npbp/2n3p1/3pPb2/3P1B2/5N2/PPPNB1PP/R2Q1RK1 b - - 8 10,d3e2
42,vdweck,EulerE,951,975,r2q1rk1/ppp1npbp/2n3p1/3pP3/3PbB2/5N2/PPPNB1PP/R2Q1RK1 w - - 9 11,f5e4
42,vdweck,EulerE,951,975,r2q1rk1/ppp1npbp/2n3p1/3pP3/3PbB2/2P2N2/PP1NB1PP/R2Q1RK1 b - - 0 11,c2c3
42,vdweck,EulerE,951,975,r4rk1/pppqnpbp/2n3p1/3pP3/3PbB2/2P2N2/PP1NB1PP/R2Q1RK1 w - - 1 12,d8d7
42,vdweck,EulerE,951,975,r4rk1/pppqnpbp/2n3p1/3pP3/3PbB2/2P2N2/PP1NB1PP/R3QRK1 b - - 2 12,d1e1
42,vdweck,EulerE,951,975,r4rk1/pppqn1bp/2n3p1/3pPp2/3PbB2/2P2N2/PP1NB1PP/R3QRK1 w - f6 0 13,f7f5
42,vdweck,EulerE,951,975,r4rk1/pppqn1bp/2n2Pp1/3p4/3PbB2/2P2N2/PP1NB1PP/R3QRK1 b - - 0 13,e5f6
42,vdweck,EulerE,951,975,r5k1/pppqn1bp/2n2rp1/3p4/3PbB2/2P2N2/PP1NB1PP/R3QRK1 w - - 0 14,f8f6
42,vdweck,EulerE,951,975,r5k1/pppqn1bp/2n2rp1/3p4/3PNB2/2P2N2/PP2B1PP/R3QRK1 b - - 0 14,d2e4
42,vdweck,EulerE,951,975,r5k1/pppqn1bp/2n2rp1/8/3PpB2/2P2N2/PP2B1PP/R3QRK1 w - - 0 15,d5e4
42,vdweck,EulerE,951,975,r5k1/pppqn1bp/2n2rp1/8/3PpB1N/2P5/PP2B1PP/R3QRK1 b - - 1 15,f3h4
42,vdweck,EulerE,951,975,5rk1/pppqn1bp/2n2rp1/8/3PpB1N/2P5/PP2B1PP/R3QRK1 w - - 2 16,a8f8
42,vdweck,EulerE,951,975,5rk1/pppqn1bp/2n2rp1/8/2BPpB1N/2P5/PP4PP/R3QRK1 b - - 3 16,e2c4
42,vdweck,EulerE,951,975,5r1k/pppqn1bp/2n2rp1/8/2BPpB1N/2P5/PP4PP/R3QRK1 w - - 4 17,g8h8
42,vdweck,EulerE,951,975,5r1k/pppqn1bp/2n2rp1/8/2BPpB1N/2P5/PP4PP/3RQRK1 b - - 5 17,a1d1
42,vdweck,EulerE,951,975,5r1k/pppqn1bp/2n3p1/8/2BPpr1N/2P5/PP4PP/3RQRK1 w - - 0 18,f6f4
42,vdweck,EulerE,951,975,5r1k/pppqn1bp/2n3p1/8/2BPpR1N/2P5/PP4PP/3RQ1K1 b - - 0 18,f1f4
42,vdweck,EulerE,951,975,7k/pppqn1bp/2n3p1/8/2BPpr1N/2P5/PP4PP/3RQ1K1 w - - 0 19,f8f4
42,vdweck,EulerE,951,975,7k/pppqn1bp/2n3N1/8/2BPpr2/2P5/PP4PP/3RQ1K1 b - - 0 19,h4g6
42,vdweck,EulerE,951,975,7k/pppq2bp/2n3n1/8/2BPpr2/2P5/PP4PP/3RQ1K1 w - - 0 20,e7g6
42,vdweck,EulerE,951,975,7k/pppq2bp/2n3n1/8/2BPpr2/2P5/PP2Q1PP/3R2K1 b - - 1 20,e1e2
42,vdweck,EulerE,951,975,7k/pppq2bp/6n1/n7/2BPpr2/2P5/PP2Q1PP/3R2K1 w - - 2 21,c6a5
42,vdweck,EulerE,951,975,7k/pppq2bp/6n1/n7/3Ppr2/1BP5/PP2Q1PP/3R2K1 b - - 3 21,c4b3
42,vdweck,EulerE,951,975,7k/pppq2bp/6n1/8/3Ppr2/1nP5/PP2Q1PP/3R2K1 w - - 0 22,a5b3
42,vdweck,EulerE,951,975,7k/pppq2bp/6n1/8/3Ppr2/1PP5/1P2Q1PP/3R2K1 b - - 0 22,a2b3
42,vdweck,EulerE,951,975,7k/pppq2bp/6n1/8/3P1r2/1PP1p3/1P2Q1PP/3R2K1 w - - 0 23,e4e3
42,vdweck,EulerE,951,975,7k/pppq2bp/6n1/8/3P1r2/1PP1Q3/1P4PP/3R2K1 b - - 0 23,e2e3
42,vdweck,EulerE,951,975,7k/ppp3bp/6n1/5q2/3P1r2/1PP1Q3/1P4PP/3R2K1 w - - 1 24,d7f5
42,vdweck,EulerE,951,975,7k/ppp3bp/6n1/5q2/1P1P1r2/2P1Q3/1P4PP/3R2K1 b - - 0 24,b3b4
42,vdweck,EulerE,951,975,7k/ppp3bp/6n1/8/1P1Pqr2/2P1Q3/1P4PP/3R2K1 w - - 1 25,f5e4
42,vdweck,EulerE,951,975,7k/ppp3bp/6n1/8/1P1Pqr2/2P5/1P1Q2PP/3R2K1 b - - 2 25,e3d2
42,vdweck,EulerE,951,975,7k/ppp4p/6nb/8/1P1Pqr2/2P5/1P1Q2PP/3R2K1 w - - 3 26,g7h6
42,vdweck,EulerE,951,975,7k/ppp4p/6nb/8/1P1Pqr2/2P5/1P2Q1PP/3R2K1 b - - 4 26,d2e2
42,vdweck,EulerE,951,975,7k/ppp4p/6nb/8/1P1P1r2/2P5/1P2q1PP/3R2K1 w - - 0 27,e4e2
43,jomasok66,EulerE,994,967,rnbqkbnr/pppppppp/8/8/3P4/8/PPP1PPPP/RNBQKBNR b KQkq - 0 1,d2d4
43,jomasok66,EulerE,994,967,rnbqkbnr/ppp1pppp/8/3p4/3P4/8/PPP1PPPP/RNBQKBNR w KQkq - 0 2,d7d5
43,jomasok66,EulerE,994,967,rnbqkbnr/ppp1pppp/8/3p4/3P4/4P3/PPP2PPP/RNBQKBNR b KQkq - 0 2,e2e3
43,jomasok66,EulerE,994,967,rnbqkb1r/ppp1pppp/5n2/3p4/3P4/4P3/PPP2PPP/RNBQKBNR w KQkq - 1 3,g8f6
43,jomasok66,EulerE,994,967,rnbqkb1r/ppp1pppp/5n2/3p4/3P4/2N1P3/PPP2PPP/R1BQKBNR b KQkq - 2 3,b1c3
43,jomasok66,EulerE,994,967,r1bqkb1r/ppp1pppp/2n2n2/3p4/3P4/2N1P3/PPP2PPP/R1BQKBNR w KQkq - 3 4,b8c6
43,jomasok66,EulerE,994,967,r1bqkb1r/ppp1pppp/2n2n2/3p4/3P4/2N1PN2/PPP2PPP/R1BQKB1R b KQkq - 4 4,g1f3
43,jomasok66,EulerE,994,967,r2qkb1r/ppp1pppp/2n2n2/3p1b2/3P4/2N1PN2/PPP2PPP/R1BQKB1R w KQkq - 5 5,c8f5
43,jomasok66,EulerE,994,967,r2qkb1r/ppp1pppp/2n2n2/1B1p1b2/3P4/2N1PN2/PPP2PPP/R1BQK2R b KQkq - 6 5,f1b5
43,jomasok66,EulerE,994,967,r2qkb1r/1pp1pppp/p1n2n2/1B1p1b2/3P4/2N1PN2/PPP2PPP/R1BQK2R w KQkq - 0 6,a7a6
43,jomasok66,EulerE,994,967,r2qkb1r/1pp1pppp/p1B2n2/3p1b2/3P4/2N1PN2/PPP2PPP/R1BQK2R b KQkq - 0 6,b5c6
43,jomasok66,EulerE,994,967,r2qkb1r/2p1pppp/p1p2n2/3p1b2/3P4/2N1PN2/PPP2PPP/R1BQK2R w KQkq - 0 7,b7c6
43,jomasok66,EulerE,994,967,r2qkb1r/2p1pppp/p1p2n2/3p1b2/3P4/2N1PN2/PPP2PPP/R1BQ1RK1 b kq - 1 7,e1g1
43,jomasok66,EulerE,994,967,r2qkb1r/2p2ppp/p1p1pn2/3p1b2/3P4/2N1PN2/PPP2PPP/R1BQ1RK1 w kq - 0 8,e7e6
43,jomasok66,EulerE,994,967,r2qkb1r/2p2ppp/p1p1pn2/3pNb2/3P4/2N1P3/PPP2PPP/R1BQ1RK1 b kq - 1 8,f3e5
43,jomasok66,EulerE,994,967,r2qkb1r/2p2ppp/p1p1p3/3pNb2/3Pn3/2N1P3/PPP2PPP/R1BQ1RK1 w kq - 2 9,f6e4
43,jomasok66,EulerE,994,967,r2qkb1r/2p2ppp/p1p1p3/3pNb2/3PN3/4P3/PPP2PPP/R1BQ1RK1 b kq - 0 9,c3e4
43,jomasok66,EulerE,994,967,r2qkb1r/2p2ppp/p1p1p3/3pN3/3Pb3/4P3/PPP2PPP/R1BQ1RK1 w kq - 0 10,f5e4
43,jomasok66,EulerE,994,967,r2qkb1r/2p2ppp/p1p1p3/3pN3/3Pb3/4PP2/PPP3PP/R1BQ1RK1 b kq - 0 10,f2f3
43,jomasok66,EulerE,994,967,r2qkb1r/2p2ppp/p1p1p3/3pNb2/3P4/4PP2/PPP3PP/R1BQ1RK1 w kq - 1 11,e4f5
43,jomasok66,EulerE,994,967,r2qkb1r/2p2ppp/p1N1p3/3p1b2/3P4/4PP2/PPP3PP/R1BQ1RK1 b kq - 0 11,e5c6
43,jomasok66,EulerE,994,967,r3kb1r/2p2ppp/p1N1p3/3p1bq1/3P4/4PP2/PPP3PP/R1BQ1RK1 w kq - 1 12,d8g5
43,jomasok66,EulerE,994,967,r3kb1r/2p2ppp/p1N1p3/3p1bq1/3PP3/5P2/PPP3PP/R1BQ1RK1 b kq - 0 12,e3e4
43,jomasok66,EulerE,994,967,r3kb1r/2p2ppp/p1N1pq2/3p1b2/3PP3/5P2/PPP3PP/R1BQ1RK1 w kq - 1 13,g5f6
43,jomasok66,EulerE,994,967,r3kb1r/2p2ppp/p1N1pq2/3p1P2/3P4/5P2/PPP3PP/R1BQ1RK1 b kq - 0 13,e4f5
43,jomasok66,EulerE,994,967,r3k2r/2p2ppp/p1Nbpq2/3p1P2/3P4/5P2/PPP3PP/R1BQ1RK1 w kq - 1 14,f8d6
43,jomasok66,EulerE,994,967,r3k2r/2p2ppp/p1NbPq2/3p4/3P4/5P2/PPP3PP/R1BQ1RK1 b kq - 0 14,f5e6
43,jomasok66,EulerE,994,967,r3k2r/2p3pp/p1Nbpq2/3p4/3P4/5P2/PPP3PP/R1BQ1RK1 w kq - 0 15,f7e6
43,jomasok66,EulerE,994,967,r3k2r/2p3pp/p2bpq2/3pN3/3P4/5P2/PPP3PP/R1BQ1RK1 b kq - 1 15,c6e5
43,jomasok66,EulerE,994,967,r4rk1/2p3pp/p2bpq2/3pN3/3P4/5P2/PPP3PP/R1BQ1RK1 w - - 2 16,e8g8
43,jomasok66,EulerE,994,967,r4rk1/2pN2pp/p2bpq2/3p4/3P4/5P2/PPP3PP/R1BQ1RK1 b - - 3 16,e5d7
43,jomasok66,EulerE,994,967,r4rk1/2pN2pp/p2bp3/3p4/3q4/5P2/PPP3PP/R1BQ1RK1 w - - 0 17,f6d4
43,jomasok66,EulerE,994,967,r4rk1/2pN2pp/p2bp3/3p4/3Q4/5P2/PPP3PP/R1B2RK1 b - - 0 17,d1d4
44,EulerE,jomasok66,976,985,rnbqkbnr/pppppppp/8/8/3P4/8/PPP1PPPP/RNBQKBNR b KQkq - 0 1,d2d4
44,EulerE,jomasok66,976,985,rnbqkbnr/ppp1pppp/8/3p4/3P4/8/PPP1PPPP/RNBQKBNR w KQkq - 0 2,d7d5
44,EulerE,jomasok66,976,985,rnbqkbnr/ppp1pppp/8/3p4/2PP4/8/PP2PPPP/RNBQKBNR b KQkq - 0 2,c2c4
44,EulerE,jomasok66,976,985,rnbqkbnr/ppp1pppp/8/8/2pP4/8/PP2PPPP/RNBQKBNR w KQkq - 0 3,d5c4
44,EulerE,jomasok66,976,985,rnbqkbnr/ppp1pppp/8/8/2pPP3/8/PP3PPP/RNBQKBNR b KQkq - 0 3,e2e4
44,EulerE,jomasok66,976,985,rnbqkbnr/pp2pppp/8/2p5/2pPP3/8/PP3PPP/RNBQKBNR w KQkq - 0 4,c7c5
44,EulerE,jomasok66,976,985,rnbqkbnr/pp2pppp/8/2pP4/2p1P3/8/PP3PPP/RNBQKBNR b KQkq - 0 4,d4d5
44,EulerE,jomasok66,976,985,rnbqkbnr/pp3ppp/4p3/2pP4/2p1P3/8/PP3PPP/RNBQKBNR w KQkq - 0 5,e7e6
44,EulerE,jomasok66,976,985,rnbqkbnr/pp3ppp/4p3/2pP4/2B1P3/8/PP3PPP/RNBQK1NR b KQkq - 0 5,f1c4
44,EulerE,jomasok66,976,985,rnbqkbnr/pp3ppp/8/2pp4/2B1P3/8/PP3PPP/RNBQK1NR w KQkq - 0 6,e6d5
44,EulerE,jomasok66,976,985,rnbqkbnr/pp3ppp/8/2pP4/2B5/8/PP3PPP/RNBQK1NR b KQkq - 0 6,e4d5
44,EulerE,jomasok66,976,985,rnbqkb1r/pp3ppp/5n2/2pP4/2B5/8/PP3PPP/RNBQK1NR w KQkq - 1 7,g8f6
44,EulerE,jomasok66,976,985,rnbqkb1r/pp3ppp/5n2/2pP4/2B5/2N5/PP3PPP/R1BQK1NR b KQkq - 2 7,b1c3
44,EulerE,jomasok66,976,985,rnbqk2r/pp3ppp/3b1n2/2pP4/2B5/2N5/PP3PPP/R1BQK1NR w KQkq - 3 8,f8d6
44,EulerE,jomasok66,976,985,rnbqk2r/pp3ppp/3b1n2/2pP4/2B5/2N5/PP2QPPP/R1B1K1NR b KQkq - 4 8,d1e2
44,EulerE,jomasok66,976,985,rnbqk2r/pp2bppp/5n2/2pP4/2B5/2N5/PP2QPPP/R1B1K1NR w KQkq - 5 9,d6e7
44,EulerE,jomasok66,976,985,rnbqk2r/pp2bppp/5n2/2pP4/2B5/2N2N2/PP2QPPP/R1B1K2R b KQkq - 6 9,g1f3
44,EulerE,jomasok66,976,985,rnbq1rk1/pp2bppp/5n2/2pP4/2B5/2N2N2/PP2QPPP/R1B1K2R w KQ - 7 10,e8g8
44,EulerE,jomasok66,976,985,rnbq1rk1/pp2bppp/5n2/2pP4/2B2B2/2N2N2/PP2QPPP/R3K2R b KQ - 8 10,c1f4
44,EulerE,jomasok66,976,985,rn1q1rk1/pp2bppp/5n2/2pP4/2B2Bb1/2N2N2/PP2QPPP/R3K2R w KQ - 9 11,c8g4
44,EulerE,jomasok66,976,985,rn1q1rk1/pp2bppp/5n2/2pP4/2B2Bb1/2N2N2/PP2QPPP/R4RK1 b - - 10 11,e1g1
44,EulerE,jomasok66,976,985,rn1q1rk1/pp2bppp/5n2/2pP4/2B2B2/2N2b2/PP2QPPP/R4RK1 w - - 0 12,g4f3
44,EulerE,jomasok66,976,985,rn1q1rk1/pp2bppp/5n2/2pP4/2B2B2/2N2Q2/PP3PPP/R4RK1 b - - 0 12,e2f3
44,EulerE,jomasok66,976,985,rn1q1rk1/pp3ppp/3b1n2/2pP4/2B2B2/2N2Q2/PP3PPP/R4RK1 w - - 1 13,e7d6
44,EulerE,jomasok66,976,985,rn1q1rk1/pp3ppp/3B1n2/2pP4/2B5/2N2Q2/PP3PPP/R4RK1 b - - 0 13,f4d6
44,EulerE,jomasok66,976,985,rn3rk1/pp3ppp/3q1n2/2pP4/2B5/2N2Q2/PP3PPP/R4RK1 w - - 0 14,d8d6
44,EulerE,jomasok66,976,985,rn3rk1/pp3ppp/3q1n2/2pP4/2B5/2N2Q2/PP3PPP/R3R1K1 b - - 1 14,f1e1
44,EulerE,jomasok66,976,985,r4rk1/pp1n1ppp/3q1n2/2pP4/2B5/2N2Q2/PP3PPP/R3R1K1 w - - 2 15,b8d7
44,EulerE,jomasok66,976,985,r4rk1/pp1n1ppp/3q1n2/2pP4/2B1N3/5Q2/PP3PPP/R3R1K1 b - - 3 15,c3e4
44,EulerE,jomasok66,976,985,r4rk1/pp1n1ppp/3q4/2pP4/2B1n3/5Q2/PP3PPP/R3R1K1 w - - 0 16,f6e4
44,EulerE,jomasok66,976,985,r4rk1/pp1n1ppp/3q4/2pP4/2B1Q3/8/PP3PPP/R3R1K1 b - - 0 16,f3e4
44,EulerE,jomasok66,976,985,r4rk1/pp3ppp/3q1n2/2pP4/2B1Q3/8/PP3PPP/R3R1K1 w - - 1 17,d7f6
44,EulerE,jomasok66,976,985,r4rk1/pp3ppp/3q1n2/2pP4/2B5/3Q4/PP3PPP/R3R1K1 b - - 2 17,e4d3
44,EulerE,jomasok66,976,985,4rrk1/pp3ppp/3q1n2/2pP4/2B5/3Q4/PP3PPP/R3R1K1 w - - 3 18,a8e8
44,EulerE,jomasok66,976,985,4rrk1/pp3ppp/3q1n2/2pP4/2B5/3Q4/PP3PPP/3RR1K1 b - - 4 18,a1d1
44,EulerE,jomasok66,976,985,5rk1/pp3ppp/3q1n2/2pP4/2B5/3Q4/PP3PPP/3Rr1K1 w - - 0 19,e8e1
44,EulerE,jomasok66,976,985,5rk1/pp3ppp/3q1n2/2pP4/2B5/3Q4/PP3PPP/4R1K1 b - - 0 19,d1e1
44,EulerE,jomasok66,976,985,5rk1/pp3ppp/5n2/2pP4/2B2q2/3Q4/PP3PPP/4R1K1 w - - 1 20,d6f4
44,EulerE,jomasok66,976,985,5rk1/pp3ppp/3P1n2/2p5/2B2q2/3Q4/PP3PPP/4R1K1 b - - 0 20,d5d6
44,EulerE,jomasok66,976,985,4r1k1/pp3ppp/3P1n2/2p5/2B2q2/3Q4/PP3PPP/4R1K1 w - - 1 21,f8e8
44,EulerE,jomasok66,976,985,4R1k1/pp3ppp/3P1n2/2p5/2B2q2/3Q4/PP3PPP/6K1 b - - 0 21,e1e8
44,EulerE,jomasok66,976,985,4n1k1/pp3ppp/3P4/2p5/2B2q2/3Q4/PP3PPP/6K1 w - - 0 22,f6e8
44,EulerE,jomasok66,976,985,4n1k1/pp1P1ppp/8/2p5/2B2q2/3Q4/PP3PPP/6K1 b - - 0 22,d6d7
44,EulerE,jomasok66,976,985,4n1k1/pp1P1ppp/8/2p1q3/2B5/3Q4/PP3PPP/6K1 w - - 1 23,f4e5
44,EulerE,jomasok66,976,985,4Q1k1/pp3ppp/8/2p1q3/2B5/3Q4/PP3PPP/6K1 b - - 0 23,d7e8q
44,EulerE,jomasok66,976,985,4q1k1/pp3ppp/8/2p5/2B5/3Q4/PP3PPP/6K1 w - - 0 24,e5e8
44,EulerE,jomasok66,976,985,4q1k1/pp3ppp/8/2p5/2B5/3Q2P1/PP3P1P/6K1 b - - 0 24,g2g3
44,EulerE,jomasok66,976,985,6k1/pp3ppp/8/2p5/2B5/3Q2P1/PP3P1P/4q1K1 w - - 1 25,e8e1
44,EulerE,jomasok66,976,985,6k1/pp3ppp/8/2p5/2B5/3Q2P1/PP3PKP/4q3 b - - 2 25,g1g2
44,EulerE,jomasok66,976,985,6k1/pp3ppp/8/2p5/2B5/3Q2P1/PP3PKP/2q5 w - - 3 26,e1c1
45,199aaaaaaaaaa,EulerE,957,984,rnbqkbnr/pppppppp/8/8/4P3/8/PPPP1PPP/RNBQKBNR b KQkq - 0 1,e2e4
45,199aaaaaaaaaa,EulerE,957,984,rnbqkbnr/pppp1ppp/8/4p3/4P3/8/PPPP1PPP/RNBQKBNR w KQkq - 0 2,e7e5
45,199aaaaaaaaaa,EulerE,957,984,rnbqkbnr/pppp1ppp/8/4p3/3PP3/8/PPP2PPP/RNBQKBNR b KQkq - 0 2,d2d4
45,199aaaaaaaaaa,EulerE,957,984,rnbqkbnr/pppp1ppp/8/8/3pP3/8/PPP2PPP/RNBQKBNR w KQkq - 0 3,e5d4
45,199aaaaaaaaaa,EulerE,957,984,rnbqkbnr/pppp1ppp/8/8/3QP3/8/PPP2PPP/RNB1KBNR b KQkq - 0 3,d1d4
45,199aaaaaaaaaa,EulerE,957,984,r1bqkbnr/pppp1ppp/2n5/8/3QP3/8/PPP2PPP/RNB1KBNR w KQkq - 1 4,b8c6
45,199aaaaaaaaaa,EulerE,957,984,r1bqkbnr/pppp1ppp/2n5/8/4P3/8/PPP2PPP/RNBQKBNR b KQkq - 2 4,d4d1
45,199aaaaaaaaaa,EulerE,957,984,r1bqkbnr/pppp1p1p/2n3p1/8/4P3/8/PPP2PPP/RNBQKBNR w KQkq - 0 5,g7g6
45,199aaaaaaaaaa,EulerE,957,984,r1bqkbnr/pppp1p1p/2n3p1/8/4P3/5N2/PPP2PPP/RNBQKB1R b KQkq - 1 5,g1f3
45,199aaaaaaaaaa,EulerE,957,984,r1bqk1nr/pppp1pbp/2n3p1/8/4P3/5N2/PPP2PPP/RNBQKB1R w KQkq - 2 6,f8g7
45,199aaaaaaaaaa,EulerE,957,984,r1bqk1nr/pppp1pbp/2n3p1/8/4P3/5N2/PPPB1PPP/RN1QKB1R b KQkq - 3 6,c1d2
45,199aaaaaaaaaa,EulerE,957,984,r1bqk1nr/ppp2pbp/2n3p1/3p4/4P3/5N2/PPPB1PPP/RN1QKB1R w KQkq - 0 7,d7d5
45,199aaaaaaaaaa,EulerE,957,984,r1bqk1nr/ppp2pbp/2n3p1/3p4/4P3/2B2N2/PPP2PPP/RN1QKB1R b KQkq - 1 7,d2c3
45,199aaaaaaaaaa,EulerE,957,984,r1bqk1nr/ppp2pbp/2n3p1/8/3pP3/2B2N2/PPP2PPP/RN1QKB1R w KQkq - 0 8,d5d4
45,199aaaaaaaaaa,EulerE,957,984,r1bqk1nr/ppp2pbp/2n3p1/8/3NP3/2B5/PPP2PPP/RN1QKB1R b KQkq - 0 8,f3d4
45,199aaaaaaaaaa,EulerE,957,984,r1bqk1nr/ppp2p1p/2n3p1/8/3bP3/2B5/PPP2PPP/RN1QKB1R w KQkq - 0 9,g7d4
45,199aaaaaaaaaa,EulerE,957,984,r1bqk1nr/ppp2p1p/2n3p1/8/2BbP3/2B5/PPP2PPP/RN1QK2R b KQkq - 1 9,f1c4
45,199aaaaaaaaaa,EulerE,957,984,r1bqk1nr/ppp2p1p/2n3p1/8/2B1P3/2b5/PPP2PPP/RN1QK2R w KQkq - 0 10,d4c3
45,199aaaaaaaaaa,EulerE,957,984,r1bqk1nr/ppp2p1p/2n3p1/8/2B1P3/2P5/P1P2PPP/RN1QK2R b KQkq - 0 10,b2c3
45,199aaaaaaaaaa,EulerE,957,984,r1b1k1nr/ppp2p1p/2n3p1/8/2B1P3/2P5/P1P2PPP/RN1qK2R w KQkq - 0 11,d8d1
45,199aaaaaaaaaa,EulerE,957,984,r1b1k1nr/ppp2p1p/2n3p1/8/2B1P3/2P5/P1P2PPP/RN1K3R b kq - 0 11,e1d1
45,199aaaaaaaaaa,EulerE,957,984,r1b1k2r/ppp1np1p/2n3p1/8/2B1P3/2P5/P1P2PPP/RN1K3R w kq - 1 12,g8e7
45,199aaaaaaaaaa,EulerE,957,984,r1b1k2r/ppp1np1p/2n3p1/8/2B1P3/2P5/P1PN1PPP/R2K3R b kq - 2 12,b1d2
45,199aaaaaaaaaa,EulerE,957,984,r1b2rk1/ppp1np1p/2n3p1/8/2B1P3/2P5/P1PN1PPP/R2K3R w - - 3 13,e8g8
45,199aaaaaaaaaa,EulerE,957,984,r1b2rk1/ppp1np1p/2n3p1/8/2B1P3/2P2N2/P1P2PPP/R2K3R b - - 4 13,d2f3
45,199aaaaaaaaaa,EulerE,957,984,r4rk1/ppp1np1p/2n3p1/8/2B1P1b1/2P2N2/P1P2PPP/R2K3R w - - 5 14,c8g4
45,199aaaaaaaaaa,EulerE,957,984,r4rk1/ppp1np1p/2n3p1/8/2B1P1b1/2P2N1P/P1P2PP1/R2K3R b - - 0 14,h2h3
45,199aaaaaaaaaa,EulerE,957,984,r4rk1/ppp1np1p/2n3p1/8/2B1P3/2P2b1P/P1P2PP1/R2K3R w - - 0 15,g4f3
45,199aaaaaaaaaa,EulerE,957,984,r4rk1/ppp1np1p/2n3p1/8/2B1P3/2P2P1P/P1P2P2/R2K3R b - - 0 15,g2f3
45,199aaaaaaaaaa,EulerE,957,984,3r1rk1/ppp1np1p/2n3p1/8/2B1P3/2P2P1P/P1P2P2/R2K3R w - - 1 16,a8d8
45,199aaaaaaaaaa,EulerE,957,984,3r1rk1/ppp1np1p/2n3p1/8/2B1P3/2P2P1P/P1P1KP2/R6R b - - 2 16,d1e2
45,199aaaaaaaaaa,EulerE,957,984,3r1rk1/ppp1np1p/6p1/n7/2B1P3/2P2P1P/P1P1KP2/R6R w - - 3 17,c6a5
45,199aaaaaaaaaa,EulerE,957,984,3r1rk1/ppp1np1p/6p1/nB6/4P3/2P2P1P/P1P1KP2/R6R b - - 4 17,c4b5
45,199aaaaaaaaaa,EulerE,957,984,3r1rk1/pp2np1p/2p3p1/nB6/4P3/2P2P1P/P1P1KP2/R6R w - - 0 18,c7c6
45,199aaaaaaaaaa,EulerE,957,984,3r1rk1/pp2np1p/2p3p1/n7/B3P3/2P2P1P/P1P1KP2/R6R b - - 1 18,b5a4
45,199aaaaaaaaaa,EulerE,957,984,3r1rk1/p3np1p/2p3p1/np6/B3P3/2P2P1P/P1P1KP2/R6R w - - 0 19,b7b5
45,199aaaaaaaaaa,EulerE,957,984,3r1rk1/p3np1p/2p3p1/np6/B3P3/2P2P1P/P1P1KP2/3R3R b - - 1 19,a1d1
45,199aaaaaaaaaa,EulerE,957,984,3r1rk1/p3np1p/2p3p1/n7/p3P3/2P2P1P/P1P1KP2/3R3R w - - 0 20,b5a4
45,199aaaaaaaaaa,EulerE,957,984,3R1rk1/p3np1p/2p3p1/n7/p3P3/2P2P1P/P1P1KP2/7R b - - 0 20,d1d8
45,199aaaaaaaaaa,EulerE,957,984,3r2k1/p3np1p/2p3p1/n7/p3P3/2P2P1P/P1P1KP2/7R w - - 0 21,f8d8
45,199aaaaaaaaaa,EulerE,957,984,3r2k1/p3np1p/2p3p1/n7/p1P1P3/5P1P/P1P1KP2/7R b - - 0 21,c3c4
45,199aaaaaaaaaa,EulerE,957,984,3r2k1/p3np1p/2p3p1/8/p1n1P3/5P1P/P1P1KP2/7R w - - 0 22,a5c4
45,199aaaaaaaaaa,EulerE,957,984,3r2k1/p3np1p/2p3p1/8/p1n1PP2/7P/P1P1KP2/7R b - - 0 22,f3f4
45,199aaaaaaaaaa,EulerE,957,984,3r2k1/p3np1p/2p3p1/8/p3PP2/n6P/P1P1KP2/7R w - - 1 23,c4a3
45,199aaaaaaaaaa,EulerE,957,984,3r2k1/p3np1p/2p3p1/5P2/p3P3/n6P/P1P1KP2/7R b - - 0 23,f4f5
45,199aaaaaaaaaa,EulerE,957,984,3r2k1/p3np1p/2p5/5p2/p3P3/n6P/P1P1KP2/7R w - - 0 24,g6f5
45,199aaaaaaaaaa,EulerE,957,984,3r2k1/p3np1p/2p5/5P2/p7/n6P/P1P1KP2/7R b - - 0 24,e4f5
45,199aaaaaaaaaa,EulerE,957,984,3r2k1/p4p1p/2p5/5n2/p7/n6P/P1P1KP2/7R w - - 0 25,e7f5
45,199aaaaaaaaaa,EulerE,957,984,3r2k1/p4p1p/2p5/5n2/p7/n6P/P1P1KP2/6R1 b - - 1 25,h1g1
45,199aaaaaaaaaa,EulerE,957,984,3r3k/p4p1p/2p5/5n2/p7/n6P/P1P1KP2/6R1 w - - 2 26,g8h8
45,199aaaaaaaaaa,EulerE,957,984,3r3k/p4p1p/2p5/5n2/p7/n4K1P/P1P2P2/6R1 b - - 3 26,e2f3
45,199aaaaaaaaaa,EulerE,957,984,3r3k/p4p1p/2p5/5n2/p7/5K1P/P1n2P2/6R1 w - - 0 27,a3c2
45,199aaaaaaaaaa,EulerE,957,984,3r3k/p4p1p/2p5/5n2/p4K2/7P/P1n2P2/6R1 b - - 1 27,f3f4
45,199aaaaaaaaaa,EulerE,957,984,3r3k/p4p1p/2p5/5n2/p2n1K2/7P/P4P2/6R1 w - - 2 28,c2d4
45,199aaaaaaaaaa,EulerE,957,984,3r3k/p4p1p/2p5/5n2/p2n1K1P/8/P4P2/6R1 b - - 0 28,h3h4
45,199aaaaaaaaaa,EulerE,957,984,6rk/p4p1p/2p5/5n2/p2n1K1P/8/P4P2/6R1 w - - 1 29,d8g8
45,199aaaaaaaaaa,EulerE,957,984,6rk/p4p1p/2p5/5n2/p2n1K1P/8/P4P2/1R6 b - - 2 29,g1b1
45,199aaaaaaaaaa,EulerE,957,984,6rk/p3np1p/2p5/8/p2n1K1P/8/P4P2/1R6 w - - 3 30,f5e7
45,199aaaaaaaaaa,EulerE,957,984,6rk/pR2np1p/2p5/8/p2n1K1P/8/P4P2/8 b - - 4 30,b1b7
45,199aaaaaaaaaa,EulerE,957,984,6rk/pR3p1p/2p5/3n4/p2n1K1P/8/P4P2/8 w - - 5 31,e7d5
45,199aaaaaaaaaa,EulerE,957,984,6rk/pR3p1p/2p5/3n4/p2nK2P/8/P4P2/8 b - - 6 31,f4e4
45,199aaaaaaaaaa,EulerE,957,984,6rk/pR3p1p/2p5/1n1n4/p3K2P/8/P4P2/8 w - - 7 32,d4b5
45,199aaaaaaaaaa,EulerE,957,984,6rk/p4R1p/2p5/1n1n4/p3K2P/8/P4P2/8 b - - 0 32,b7f7
45,199aaaaaaaaaa,EulerE,957,984,4r2k/p4R1p/2p5/1n1n4/p3K2P/8/P4P2/8 w - - 1 33,g8e8
45,199aaaaaaaaaa,EulerE,957,984,4r2k/p4R1p/2p5/1n1n4/p6P/5K2/P4P2/8 b - - 2 33,e4f3
45,199aaaaaaaaaa,EulerE,957,984,4r1k1/p4R1p/2p5/1n1n4/p6P/5K2/P4P2/8 w - - 3 34,h8g8
45,199aaaaaaaaaa,EulerE,957,984,4r1k1/p6p/2p5/1n1n1R2/p6P/5K2/P4P2/8 b - - 4 34,f7f5
45,199aaaaaaaaaa,EulerE,957,984,5rk1/p6p/2p5/1n1n1R2/p6P/5K2/P4P2/8 w - - 5 35,e8f8
45,199aaaaaaaaaa,EulerE,957,984,5rk1/p6p/2p5/1n1n1R2/p5KP/8/P4P2/8 b - - 6 35,f3g4
45,199aaaaaaaaaa,EulerE,957,984,6k1/p6p/2p5/1n1n1r2/p5KP/8/P4P2/8 w - - 0 36,f8f5
45,199aaaaaaaaaa,EulerE,957,984,6k1/p6p/2p5/1n1n1K2/p6P/8/P4P2/8 b - - 0 36,g4f5
45,199aaaaaaaaaa,EulerE,957,984,8/p4k1p/2p5/1n1n1K2/p6P/8/P4P2/8 w - - 1 37,g8f7
45,199aaaaaaaaaa,EulerE,957,984,8/p4k1p/2p5/1n1n1K1P/p7/8/P4P2/8 b - - 0 37,h4h5
45,199aaaaaaaaaa,EulerE,957,984,8/p4k2/2p4p/1n1n1K1P/p7/8/P4P2/8 w - - 0 38,h7h6
45,199aaaaaaaaaa,EulerE,957,984,8/p4k2/2p4p/1n1n1K1P/p4P2/8/P7/8 b - - 0 38,f2f4
45,199aaaaaaaaaa,EulerE,957,984,8/p4k2/7p/1npn1K1P/p4P2/8/P7/8 w - - 0 39,c6c5
45,199aaaaaaaaaa,EulerE,957,984,8/p4k2/7p/1npn1K1P/p4P2/P7/8/8 b - - 0 39,a2a3
45,199aaaaaaaaaa,EulerE,957,984,8/p4k2/7p/1n1n1K1P/p1p2P2/P7/8/8 w - - 0 40,c5c4
45,199aaaaaaaaaa,EulerE,957,984,8/p4k2/7p/1n1n3P/p1p1KP2/P7/8/8 b - - 1 40,f5e4
45,199aaaaaaaaaa,EulerE,957,984,8/p4k2/7p/1n1n3P/p3KP2/P1p5/8/8 w - - 0 41,c4c3
45,199aaaaaaaaaa,EulerE,957,984,8/p4k2/7p/1n1n3P/p4P2/P1pK4/8/8 b - - 1 41,e4d3
45,199aaaaaaaaaa,EulerE,957,984,8/p7/5k1p/1n1n3P/p4P2/P1pK4/8/8 w - - 2 42,f7f6
45,199aaaaaaaaaa,EulerE,957,984,8/p7/5k1p/1n1n3P/p4P2/P1p5/2K5/8 b - - 3 42,d3c2
45,199aaaaaaaaaa,EulerE,957,984,8/p7/7p/1n1n1k1P/p4P2/P1p5/2K5/8 w - - 4 43,f6f5
45,199aaaaaaaaaa,EulerE,957,984,8/p7/7p/1n1n1k1P/p4P2/P1p5/8/2K5 b - - 5 43,c2c1
45,199aaaaaaaaaa,EulerE,957,984,8/p7/7p/1n1n3P/p4k2/P1p5/8/2K5 w - - 0 44,f5f4
45,199aaaaaaaaaa,EulerE,957,984,8/p7/7p/1n1n3P/p4k2/P1p5/2K5/8 b - - 1 44,c1c2
45,199aaaaaaaaaa,EulerE,957,984,8/p7/7p/1n5P/p4k2/P1p1n3/2K5/8 w - - 2 45,d5e3
45,199aaaaaaaaaa,EulerE,957,984,8/p7/7p/1n5P/p4k2/P1pKn3/8/8 b - - 3 45,c2d3
45,199aaaaaaaaaa,EulerE,957,984,8/p7/7p/1n5P/p4k2/P2Kn3/2p5/8 w - - 0 46,c3c2
45,199aaaaaaaaaa,EulerE,957,984,8/p7/7p/1n5P/p4k2/P3n3/2pK4/8 b - - 1 46,d3d2
45,199aaaaaaaaaa,EulerE,957,984,8/p7/7p/7P/p2n1k2/P3n3/2pK4/8 w - - 2 47,b5d4
45,199aaaaaaaaaa,EulerE,957,984,8/p7/7p/7P/p2n1k2/P3n3/2p5/2K5 b - - 3 47,d2c1
45,199aaaaaaaaaa,EulerE,957,984,8/p7/7p/7P/p4k2/Pn2n3/2p5/2K5 w - - 4 48,d4b3
45,199aaaaaaaaaa,EulerE,957,984,8/p7/7p/7P/p4k2/Pn2n3/1Kp5/8 b - - 5 48,c1b2
45,199aaaaaaaaaa,EulerE,957,984,8/p7/7p/7P/p4k2/Pn2n3/1K6/2q5 w - - 0 49,c2c1q
45,199aaaaaaaaaa,EulerE,957,984,8/p7/7p/7P/p4k2/Pn2n3/K7/2q5 b - - 1 49,b2a2
45,199aaaaaaaaaa,EulerE,957,984,8/p7/7p/7P/p4k2/Pn2n3/K7/q7 w - - 2 50,c1a1
46,EulerE,aprikampret,977,1027,rnbqkbnr/pppppppp/8/8/3P4/8/PPP1PPPP/RNBQKBNR b KQkq - 0 1,d2d4
46,EulerE,aprikampret,977,1027,rnbqkbnr/pppp1ppp/4p3/8/3P4/8/PPP1PPPP/RNBQKBNR w KQkq - 0 2,e7e6
46,EulerE,aprikampret,977,1027,rnbqkbnr/pppp1ppp/4p3/8/2PP4/8/PP2PPPP/RNBQKBNR b KQkq - 0 2,c2c4
46,EulerE,aprikampret,977,1027,rnbqkbnr/pp1p1ppp/2p1p3/8/2PP4/8/PP2PPPP/RNBQKBNR w KQkq - 0 3,c7c6
46,EulerE,aprikampret,977,1027,rnbqkbnr/pp1p1ppp/2p1p3/8/2PP4/5N2/PP2PPPP/RNBQKB1R b KQkq - 1 3,g1f3
46,EulerE,aprikampret,977,1027,rnbqkbnr/pp3ppp/2p1p3/3p4/2PP4/5N2/PP2PPPP/RNBQKB1R w KQkq - 0 4,d7d5
46,EulerE,aprikampret,977,1027,rnbqkbnr/pp3ppp/2p1p3/2Pp4/3P4/5N2/PP2PPPP/RNBQKB1R b KQkq - 0 4,c4c5
46,EulerE,aprikampret,977,1027,rnbqkbnr/1p3ppp/p1p1p3/2Pp4/3P4/5N2/PP2PPPP/RNBQKB1R w KQkq - 0 5,a7a6
46,EulerE,aprikampret,977,1027,rnbqkbnr/1p3ppp/p1p1p3/2Pp4/3P4/5NP1/PP2PP1P/RNBQKB1R b KQkq - 0 5,g2g3
46,EulerE,aprikampret,977,1027,rnbqkb1r/1p2nppp/p1p1p3/2Pp4/3P4/5NP1/PP2PP1P/RNBQKB1R w KQkq - 1 6,g8e7
46,EulerE,aprikampret,977,1027,rnbqkb1r/1p2nppp/p1p1p3/2Pp4/3P4/5NP1/PP2PPBP/RNBQK2R b KQkq - 2 6,f1g2
46,EulerE,aprikampret,977,1027,rnbqkb1r/1p3ppp/p1p1p3/2Pp1n2/3P4/5NP1/PP2PPBP/RNBQK2R w KQkq - 3 7,e7f5
46,EulerE,aprikampret,977,1027,rnbqkb1r/1p3ppp/p1p1p3/2Pp1n2/3P1B2/5NP1/PP2PPBP/RN1QK2R b KQkq - 4 7,c1f4
46,EulerE,aprikampret,977,1027,r1bqkb1r/1p1n1ppp/p1p1p3/2Pp1n2/3P1B2/5NP1/PP2PPBP/RN1QK2R w KQkq - 5 8,b8d7
46,EulerE,aprikampret,977,1027,r1bqkb1r/1p1n1ppp/p1p1p3/2Pp1n2/3P1B2/4PNP1/PP3PBP/RN1QK2R b KQkq - 0 8,e2e3
46,EulerE,aprikampret,977,1027,r1bqk2r/1p1nbppp/p1p1p3/2Pp1n2/3P1B2/4PNP1/PP3PBP/RN1QK2R w KQkq - 1 9,f8e7
46,EulerE,aprikampret,977,1027,r1bqk2r/1p1nbppp/p1p1p3/2Pp1n2/3P1B2/4PNPB/PP3P1P/RN1QK2R b KQkq - 2 9,g2h3
46,EulerE,aprikampret,977,1027,r1bq1rk1/1p1nbppp/p1p1p3/2Pp1n2/3P1B2/4PNPB/PP3P1P/RN1QK2R w KQ - 3 10,e8g8
46,EulerE,aprikampret,977,1027,r1bq1rk1/1p1nbppp/p1p1p3/2Pp1B2/3P1B2/4PNP1/PP3P1P/RN1QK2R b KQ - 0 10,h3f5
46,EulerE,aprikampret,977,1027,r1bq1rk1/1p1nbppp/p1p5/2Pp1p2/3P1B2/4PNP1/PP3P1P/RN1QK2R w KQ - 0 11,e6f5
46,EulerE,aprikampret,977,1027,r1bq1rk1/1p1nbppp/p1p5/2Pp1p2/3P1B2/2N1PNP1/PP3P1P/R2QK2R b KQ - 1 11,b1c3
46,EulerE,aprikampret,977,1027,r1bq1rk1/1p1n1ppp/p1p2b2/2Pp1p2/3P1B2/2N1PNP1/PP3P1P/R2QK2R w KQ - 2 12,e7f6
46,EulerE,aprikampret,977,1027,r1bq1rk1/1p1n1ppp/p1p2b2/2Pp1p2/3P1B2/2NQPNP1/PP3P1P/R3K2R b KQ - 3 12,d1d3
46,EulerE,aprikampret,977,1027,rnbq1rk1/1p3ppp/p1p2b2/2Pp1p2/3P1B2/2NQPNP1/PP3P1P/R3K2R w KQ - 4 13,d7b8
46,EulerE,aprikampret,977,1027,rnbq1rk1/1p3ppp/p1p2b2/2Pp1p2/3P1B1P/2NQPNP1/PP3P2/R3K2R b KQ - 0 13,h2h4
46,EulerE,aprikampret,977,1027,rnbq1rk1/5ppp/ppp2b2/2Pp1p2/3P1B1P/2NQPNP1/PP3P2/R3K2R w KQ - 0 14,b7b6
46,EulerE,aprikampret,977,1027,rnbq1rk1/5ppp/ppp2b2/2Pp1p1P/3P1B2/2NQPNP1/PP3P2/R3K2R b KQ - 0 14,h4h5
46,EulerE,aprikampret,977,1027,rnbq1rk1/5ppp/p1p2b2/2pp1p1P/3P1B2/2NQPNP1/PP3P2/R3K2R w KQ - 0 15,b6c5
46,EulerE,aprikampret,977,1027,rnbq1rk1/5ppp/p1p2b1P/2pp1p2/3P1B2/2NQPNP1/PP3P2/R3K2R b KQ - 0 15,h5h6
46,EulerE,aprikampret,977,1027,rnbq1rk1/5p1p/p1p2bpP/2pp1p2/3P1B2/2NQPNP1/PP3P2/R3K2R w KQ - 0 16,g7g6
46,EulerE,aprikampret,977,1027,rnbq1rk1/5p1p/p1p2bpP/2ppBp2/3P4/2NQPNP1/PP3P2/R3K2R b KQ - 1 16,f4e5
46,EulerE,aprikampret,977,1027,rnbq1rk1/5p1p/p1p2bpP/3pBp2/3p4/2NQPNP1/PP3P2/R3K2R w KQ - 0 17,c5d4
46,EulerE,aprikampret,977,1027,rnbq1rk1/5p1p/p1p2bpP/3p1p2/3B4/2NQPNP1/PP3P2/R3K2R b KQ - 0 17,e5d4
46,EulerE,aprikampret,977,1027,rnbq1rk1/5p1p/p1p3pP/3p1p2/3b4/2NQPNP1/PP3P2/R3K2R w KQ - 0 18,f6d4
46,EulerE,aprikampret,977,1027,rnbq1rk1/5p1p/p1p3pP/3p1p2/3Q4/2N1PNP1/PP3P2/R3K2R b KQ - 0 18,d3d4
46,EulerE,aprikampret,977,1027,rnbq1rk1/7p/p1p2ppP/3p1p2/3Q4/2N1PNP1/PP3P2/R3K2R w KQ - 0 19,f7f6
46,EulerE,aprikampret,977,1027,rnbq1rk1/7p/p1p2ppP/3p1pN1/3Q4/2N1P1P1/PP3P2/R3K2R b KQ - 1 19,f3g5
46,EulerE,aprikampret,977,1027,r1bq1rk1/3n3p/p1p2ppP/3p1pN1/3Q4/2N1P1P1/PP3P2/R3K2R w KQ - 2 20,b8d7
46,EulerE,aprikampret,977,1027,r1bq1rk1/3n3p/p1p1NppP/3p1p2/3Q4/2N1P1P1/PP3P2/R3K2R b KQ - 3 20,g5e6
46,EulerE,aprikampret,977,1027,r1b2rk1/3nq2p/p1p1NppP/3p1p2/3Q4/2N1P1P1/PP3P2/R3K2R w KQ - 4 21,d8e7
46,EulerE,aprikampret,977,1027,r1b2Nk1/3nq2p/p1p2ppP/3p1p2/3Q4/2N1P1P1/PP3P2/R3K2R b KQ - 0 21,e6f8
46,EulerE,aprikampret,977,1027,r1b2nk1/4q2p/p1p2ppP/3p1p2/3Q4/2N1P1P1/PP3P2/R3K2R w KQ - 0 22,d7f8
46,EulerE,aprikampret,977,1027,r1b2nk1/4q2p/p1p2ppP/3N1p2/3Q4/4P1P1/PP3P2/R3K2R b KQ - 0 22,c3d5
46,EulerE,aprikampret,977,1027,r1b2nk1/4q2p/p4ppP/3p1p2/3Q4/4P1P1/PP3P2/R3K2R w KQ - 0 23,c6d5
46,EulerE,aprikampret,977,1027,r1b2nk1/4q2p/p4ppP/3Q1p2/8/4P1P1/PP3P2/R3K2R b KQ - 0 23,d4d5
46,EulerE,aprikampret,977,1027,r4nk1/4q2p/p3bppP/3Q1p2/8/4P1P1/PP3P2/R3K2R w KQ - 1 24,c8e6
46,EulerE,aprikampret,977,1027,Q4nk1/4q2p/p3bppP/5p2/8/4P1P1/PP3P2/R3K2R b KQ - 0 24,d5a8
46,EulerE,aprikampret,977,1027,Q4nk1/7p/p3bppP/5p2/1q6/4P1P1/PP3P2/R3K2R w KQ - 1 25,e7b4
46,EulerE,aprikampret,977,1027,Q4nk1/7p/p3bppP/5p2/1q6/4P1P1/PP3P2/R4K1R b - - 2 25,e1f1
46,EulerE,aprikampret,977,1027,Q4nk1/7p/p3bppP/5p2/8/4P1P1/Pq3P2/R4K1R w - - 0 26,b4b2
46,EulerE,aprikampret,977,1027,Q4nk1/7p/p3bppP/5p2/8/4P1P1/Pq3PK1/R6R b - - 1 26,f1g2
46,EulerE,aprikampret,977,1027,Q4nk1/7p/p3bppP/1q3p2/8/4P1P1/P4PK1/R6R w - - 2 27,b2b5
46,EulerE,aprikampret,977,1027,5nk1/Q6p/p3bppP/1q3p2/8/4P1P1/P4PK1/R6R b - - 3 27,a8a7
46,EulerE,aprikampret,977,1027,5nk1/Q6p/p3bppP/3q1p2/8/4P1P1/P4PK1/R6R w - - 4 28,b5d5
46,EulerE,aprikampret,977,1027,5nk1/Q6p/p3bppP/3q1p2/8/4P1P1/P4P2/R5KR b - - 5 28,g2g1
46,EulerE,aprikampret,977,1027,5nk1/Q4b1p/p4ppP/3q1p2/8/4P1P1/P4P2/R5KR w - - 6 29,e6f7
46,EulerE,aprikampret,977,1027,5nk1/5b1p/Q4ppP/3q1p2/8/4P1P1/P4P2/R5KR b - - 0 29,a7a6
46,EulerE,aprikampret,977,1027,5nk1/5b1p/Q4ppP/4qp2/8/4P1P1/P4P2/R5KR w - - 1 30,d5e5
46,EulerE,aprikampret,977,1027,5nk1/5b1p/Q4ppP/4qp2/8/4P1P1/P4PK1/R6R b - - 2 30,g1g2
46,EulerE,aprikampret,977,1027,5nk1/7p/Q4ppP/3bqp2/8/4P1P1/P4PK1/R6R w - - 3 31,f7d5
46,EulerE,aprikampret,977,1027,5nk1/7p/Q4ppP/3bqp2/8/4P1P1/P4P1K/R6R b - - 4 31,g2h2
46,EulerE,aprikampret,977,1027,5nk1/7p/Q4ppP/3b1p2/4q3/4P1P1/P4P1K/R6R w - - 5 32,e5e4
46,EulerE,aprikampret,977,1027,5nk1/Q6p/5ppP/3b1p2/4q3/4P1P1/P4P1K/R6R b - - 6 32,a6a7
46,EulerE,aprikampret,977,1027,5nk1/Q6p/5ppP/3b1p2/8/4P1P1/P4PqK/R6R w - - 7 33,e4g2
47,ericsmsp,EulerE,939,984,rnbqkbnr/pppppppp/8/8/3P4/8/PPP1PPPP/RNBQKBNR b KQkq - 0 1,d2d4
47,ericsmsp,EulerE,939,984,rnbqkbnr/ppp1pppp/8/3p4/3P4/8/PPP1PPPP/RNBQKBNR w KQkq - 0 2,d7d5
47,ericsmsp,EulerE,939,984,rnbqkbnr/ppp1pppp/8/3p4/3P4/2N5/PPP1PPPP/R1BQKBNR b KQkq - 1 2,b1c3
47,ericsmsp,EulerE,939,984,r1bqkbnr/ppp1pppp/2n5/3p4/3P4/2N5/PPP1PPPP/R1BQKBNR w KQkq - 2 3,b8c6
47,ericsmsp,EulerE,939,984,r1bqkbnr/ppp1pppp/2n5/3p4/3PP3/2N5/PPP2PPP/R1BQKBNR b KQkq - 0 3,e2e4
47,ericsmsp,EulerE,939,984,r1bqkbnr/ppp1pppp/2n5/8/3Pp3/2N5/PPP2PPP/R1BQKBNR w KQkq - 0 4,d5e4
47,ericsmsp,EulerE,939,984,r1bqkbnr/ppp1pppp/2n5/8/3PN3/8/PPP2PPP/R1BQKBNR b KQkq - 0 4,c3e4
47,ericsmsp,EulerE,939,984,r1bqkb1r/ppp1pppp/2n2n2/8/3PN3/8/PPP2PPP/R1BQKBNR w KQkq - 1 5,g8f6
47,ericsmsp,EulerE,939,984,r1bqkb1r/ppp1pppp/2n2n2/8/3P4/2N5/PPP2PPP/R1BQKBNR b KQkq - 2 5,e4c3
47,ericsmsp,EulerE,939,984,r1bqkb1r/p1p1pppp/1pn2n2/8/3P4/2N5/PPP2PPP/R1BQKBNR w KQkq - 0 6,b7b6
47,ericsmsp,EulerE,939,984,r1bqkb1r/p1p1pppp/1pn2n2/1B6/3P4/2N5/PPP2PPP/R1BQK1NR b KQkq - 1 6,f1b5
47,ericsmsp,EulerE,939,984,r2qkb1r/pbp1pppp/1pn2n2/1B6/3P4/2N5/PPP2PPP/R1BQK1NR w KQkq - 2 7,c8b7
47,ericsmsp,EulerE,939,984,r2qkb1r/pbp1pppp/1pB2n2/8/3P4/2N5/PPP2PPP/R1BQK1NR b KQkq - 0 7,b5c6
47,ericsmsp,EulerE,939,984,r2qkb1r/p1p1pppp/1pb2n2/8/3P4/2N5/PPP2PPP/R1BQK1NR w KQkq - 0 8,b7c6
47,ericsmsp,EulerE,939,984,r2qkb1r/p1p1pppp/1pb2n2/8/3P4/2N2P2/PPP3PP/R1BQK1NR b KQkq - 0 8,f2f3
47,ericsmsp,EulerE,939,984,r2qkb1r/p1p1pp1p/1pb2np1/8/3P4/2N2P2/PPP3PP/R1BQK1NR w KQkq - 0 9,g7g6
47,ericsmsp,EulerE,939,984,r2qkb1r/p1p1pp1p/1pb2np1/6B1/3P4/2N2P2/PPP3PP/R2QK1NR b KQkq - 1 9,c1g5
47,ericsmsp,EulerE,939,984,r2qk2r/p1p1ppbp/1pb2np1/6B1/3P4/2N2P2/PPP3PP/R2QK1NR w KQkq - 2 10,f8g7
47,ericsmsp,EulerE,939,984,r2qk2r/p1p1ppbp/1pb2Bp1/8/3P4/2N2P2/PPP3PP/R2QK1NR b KQkq - 0 10,g5f6
47,ericsmsp,EulerE,939,984,r2qk2r/p1p1pp1p/1pb2bp1/8/3P4/2N2P2/PPP3PP/R2QK1NR w KQkq - 0 11,g7f6
47,ericsmsp,EulerE,939,984,r2qk2r/p1p1pp1p/1pb2bp1/8/3P4/2N2P2/PPP1N1PP/R2QK2R b KQkq - 1 11,g1e2
47,ericsmsp,EulerE,939,984,r2q1rk1/p1p1pp1p/1pb2bp1/8/3P4/2N2P2/PPP1N1PP/R2QK2R w KQ - 2 12,e8g8
47,ericsmsp,EulerE,939,984,r2q1rk1/p1p1pp1p/1pb2bp1/8/3P1N2/2N2P2/PPP3PP/R2QK2R b KQ - 3 12,e2f4
47,ericsmsp,EulerE,939,984,r2q1rk1/p1p1pp1p/1pb3p1/8/3b1N2/2N2P2/PPP3PP/R2QK2R w KQ - 0 13,f6d4
47,ericsmsp,EulerE,939,984,r2q1rk1/p1p1pp1p/1pb3p1/8/3b1N2/2N2P2/PPPQ2PP/R3K2R b KQ - 1 13,d1d2
47,ericsmsp,EulerE,939,984,r2q1rk1/p1p1pp1p/1pb3p1/8/5N2/2N2P2/PPPQ1bPP/R3K2R w KQ - 2 14,d4f2
47,ericsmsp,EulerE,939,984,r2q1rk1/p1p1pp1p/1pb3p1/8/5N2/2N2P2/PPP2QPP/R3K2R b KQ - 0 14,d2f2
47,ericsmsp,EulerE,939,984,r2q1rk1/p1p2p1p/1pb3p1/4p3/5N2/2N2P2/PPP2QPP/R3K2R w KQ - 0 15,e7e5
47,ericsmsp,EulerE,939,984,r2q1rk1/p1p2p1p/1pb3p1/4p3/8/2NN1P2/PPP2QPP/R3K2R b KQ - 1 15,f4d3
47,ericsmsp,EulerE,939,984,r2q1rk1/p1p2p1p/1p4p1/1b2p3/8/2NN1P2/PPP2QPP/R3K2R w KQ - 2 16,c6b5
47,ericsmsp,EulerE,939,984,r2q1rk1/p1p2p1p/1p4p1/1b2p3/8/2NN1P2/PPP2QPP/2KR3R b - - 3 16,e1c1
47,ericsmsp,EulerE,939,984,r4rk1/p1p2p1p/1p4p1/1b2p1q1/8/2NN1P2/PPP2QPP/2KR3R w - - 4 17,d8g5
47,ericsmsp,EulerE,939,984,r4rk1/p1p2p1p/1p4p1/1b2p1q1/8/2NN1P2/PPP2QPP/1K1R3R b - - 5 17,c1b1
47,ericsmsp,EulerE,939,984,r2r2k1/p1p2p1p/1p4p1/1b2p1q1/8/2NN1P2/PPP2QPP/1K1R3R w - - 6 18,f8d8
47,ericsmsp,EulerE,939,984,r2r2k1/p1p2p1p/1p4p1/1b2p1q1/4N3/3N1P2/PPP2QPP/1K1R3R b - - 7 18,c3e4
47,ericsmsp,EulerE,939,984,r2r2k1/p1p1qp1p/1p4p1/1b2p3/4N3/3N1P2/PPP2QPP/1K1R3R w - - 8 19,g5e7
47,ericsmsp,EulerE,939,984,r2r2k1/p1p1qp1p/1p4p1/1b2p3/4N2P/3N1P2/PPP2QP1/1K1R3R b - - 0 19,h2h4
47,ericsmsp,EulerE,939,984,r2r2k1/p1p1q2p/1p4p1/1b2pp2/4N2P/3N1P2/PPP2QP1/1K1R3R w - - 0 20,f7f5
47,ericsmsp,EulerE,939,984,r2r2k1/p1p1q2p/1p4p1/1b2ppN1/7P/3N1P2/PPP2QP1/1K1R3R b - - 1 20,e4g5
47,ericsmsp,EulerE,939,984,r2r2k1/p1p1q3/1p4pp/1b2ppN1/7P/3N1P2/PPP2QP1/1K1R3R w - - 0 21,h7h6
47,ericsmsp,EulerE,939,984,r2r2k1/p1p1q3/1p4pp/1b2pp2/7P/3N1P1N/PPP2QP1/1K1R3R b - - 1 21,g5h3
47,ericsmsp,EulerE,939,984,r2r2k1/p1p1q3/1p4pp/1b3p2/4p2P/3N1P1N/PPP2QP1/1K1R3R w - - 0 22,e5e4
47,ericsmsp,EulerE,939,984,r2r2k1/p1p1q3/1p4pp/1b3p2/4P2P/3N3N/PPP2QP1/1K1R3R b - - 0 22,f3e4
47,ericsmsp,EulerE,939,984,r2r2k1/p1p1q3/1p4pp/1b6/4p2P/3N3N/PPP2QP1/1K1R3R w - - 0 23,f5e4
47,ericsmsp,EulerE,939,984,r2r2k1/p1p1q3/1p4pp/1b6/4pN1P/7N/PPP2QP1/1K1R3R b - - 1 23,d3f4
47,ericsmsp,EulerE,939,984,r5k1/p1p1q3/1p4pp/1b6/4pN1P/7N/PPP2QP1/1K1r3R w - - 0 24,d8d1
47,ericsmsp,EulerE,939,984,r5k1/p1p1q3/1p4pp/1b6/4pN1P/7N/PPP2QP1/1K1R4 b - - 0 24,h1d1
47,ericsmsp,EulerE,939,984,3r2k1/p1p1q3/1p4pp/1b6/4pN1P/7N/PPP2QP1/1K1R4 w - - 1 25,a8d8
47,ericsmsp,EulerE,939,984,3R2k1/p1p1q3/1p4pp/1b6/4pN1P/7N/PPP2QP1/1K6 b - - 0 25,d1d8
47,ericsmsp,EulerE,939,984,3q2k1/p1p5/1p4pp/1b6/4pN1P/7N/PPP2QP1/1K6 w - - 0 26,e7d8
47,ericsmsp,EulerE,939,984,3q2k1/p1p5/1p4pp/1b6/4pN1P/P6N/1PP2QP1/1K6 b - - 0 26,a2a3
47,ericsmsp,EulerE,939,984,6k1/p1p5/1p3qpp/1b6/4pN1P/P6N/1PP2QP1/1K6 w - - 1 27,d8f6
47,ericsmsp,EulerE,939,984,6k1/p1p5/1p3qpp/1b6/4pN1P/P3Q2N/1PP3P1/1K6 b - - 2 27,f2e3
47,ericsmsp,EulerE,939,984,6k1/p1p5/1p3q1p/1b4p1/4pN1P/P3Q2N/1PP3P1/1K6 w - - 0 28,g6g5
47,ericsmsp,EulerE,939,984,6k1/p1p5/1p3q1p/1b4p1/4pN1P/PQ5N/1PP3P1/1K6 b - - 1 28,e3b3
47,ericsmsp,EulerE,939,984,6k1/p1p2q2/1p5p/1b4p1/4pN1P/PQ5N/1PP3P1/1K6 w - - 2 29,f6f7
47,ericsmsp,EulerE,939,984,6k1/p1p2q2/1p5p/1Q4p1/4pN1P/P6N/1PP3P1/1K6 b - - 0 29,b3b5
47,ericsmsp,EulerE,939,984,6k1/p1p2q2/1p5p/1Q6/4pp1P/P6N/1PP3P1/1K6 w - - 0 30,g5f4
47,ericsmsp,EulerE,939,984,6k1/p1p2q2/1p5p/8/4pp1P/PQ5N/1PP3P1/1K6 b - - 1 30,b5b3
47,ericsmsp,EulerE,939,984,6k1/p1p5/1p5p/8/4pp1P/Pq5N/1PP3P1/1K6 w - - 0 31,f7b3
47,ericsmsp,EulerE,939,984,6k1/p1p5/1p5p/8/4pp1P/PP5N/1P4P1/1K6 b - - 0 31,c2b3
47,ericsmsp,EulerE,939,984,6k1/p1p5/1p5p/8/4p2P/PP3p1N/1P4P1/1K6 w - - 0 32,f4f3
47,ericsmsp,EulerE,939,984,6k1/p1p5/1p5p/8/4p2P/PP3P1N/1P6/1K6 b - - 0 32,g2f3
47,ericsmsp,EulerE,939,984,6k1/p1p5/1p5p/8/7P/PP3p1N/1P6/1K6 w - - 0 33,e4f3
47,ericsmsp,EulerE,939,984,6k1/p1p5/1p5p/8/5N1P/PP3p2/1P6/1K6 b - - 1 33,h3f4
47,ericsmsp,EulerE,939,984,8/p1p2k2/1p5p/8/5N1P/PP3p2/1P6/1K6 w - - 2 34,g8f7
47,ericsmsp,EulerE,939,984,8/p1p2k2/1p5p/8/7P/PP1N1p2/1P6/1K6 b - - 3 34,f4d3
47,ericsmsp,EulerE,939,984,8/p1p5/1p3k1p/8/7P/PP1N1p2/1P6/1K6 w - - 4 35,f7f6
47,ericsmsp,EulerE,939,984,8/p1p5/1p3k1p/8/7P/PP3p2/1P3N2/1K6 b - - 5 35,d3f2
47,ericsmsp,EulerE,939,984,8/p1p5/1p5p/5k2/7P/PP3p2/1P3N2/1K6 w - - 6 36,f6f5
47,ericsmsp,EulerE,939,984,8/p1p5/1p5p/5k2/7P/PP3p2/1P3N2/2K5 b - - 7 36,b1c1
47,ericsmsp,EulerE,939,984,8/p1p5/1p5p/8/5k1P/PP3p2/1P3N2/2K5 w - - 8 37,f5f4
47,ericsmsp,EulerE,939,984,8/p1p5/1p5p/8/5k1P/PP3p2/1P1K1N2/8 b - - 9 37,c1d2
47,ericsmsp,EulerE,939,984,8/p1p5/1p5p/8/7P/PP3pk1/1P1K1N2/8 w - - 10 38,f4g3
47,ericsmsp,EulerE,939,984,8/p1p5/1p5p/8/7P/PP2Kpk1/1P3N2/8 b - - 11 38,d2e3
47,ericsmsp,EulerE,939,984,8/p1p5/1p6/7p/7P/PP2Kpk1/1P3N2/8 w - - 0 39,h6h5
47,ericsmsp,EulerE,939,984,8/p1p5/1p6/7p/4N2P/PP2Kpk1/1P6/8 b - - 1 39,f2e4
47,ericsmsp,EulerE,939,984,8/p1p5/1p6/7p/4N2P/PP2Kp2/1P4k1/8 w - - 2 40,g3g2
47,ericsmsp,EulerE,939,984,8/p1p5/1p6/7p/P3N2P/1P2Kp2/1P4k1/8 b - - 0 40,a3a4
47,ericsmsp,EulerE,939,984,8/2p5/pp6/7p/P3N2P/1P2Kp2/1P4k1/8 w - - 0 41,a7a6
47,ericsmsp,EulerE,939,984,8/2p5/pp6/7p/PP2N2P/4Kp2/1P4k1/8 b - - 0 41,b3b4
47,ericsmsp,EulerE,939,984,8/8/ppp5/7p/PP2N2P/4Kp2/1P4k1/8 w - - 0 42,c7c6
47,ericsmsp,EulerE,939,984,8/8/ppp5/7p/PP2NK1P/5p2/1P4k1/8 b - - 1 42,e3f4
47,ericsmsp,EulerE,939,984,8/8/p1p5/1p5p/PP2NK1P/5p2/1P4k1/8 w - - 0 43,b6b5
47,ericsmsp,EulerE,939,984,8/8/p1p5/1p5p/PP2N2P/4Kp2/1P4k1/8 b - - 1 43,f4e3
47,ericsmsp,EulerE,939,984,8/8/p1p5/7p/pP2N2P/4Kp2/1P4k1/8 w - - 0 44,b5a4
47,ericsmsp,EulerE,939,984,8/8/p1p5/1P5p/p3N2P/4Kp2/1P4k1/8 b - - 0 44,b4b5
47,ericsmsp,EulerE,939,984,8/8/2p5/1p5p/p3N2P/4Kp2/1P4k1/8 w - - 0 45,a6b5
48,EulerE,MrTreeTurtle,976,993,rnbqkbnr/pppppppp/8/8/3P4/8/PPP1PPPP/RNBQKBNR b KQkq - 0 1,d2d4
48,EulerE,MrTreeTurtle,976,993,rnbqkbnr/ppp1pppp/3p4/8/3P4/8/PPP1PPPP/RNBQKBNR w KQkq - 0 2,d7d6
48,EulerE,MrTreeTurtle,976,993,rnbqkbnr/ppp1pppp/3p4/8/2PP4/8/PP2PPPP/RNBQKBNR b KQkq - 0 2,c2c4
48,EulerE,MrTreeTurtle,976,993,rnbqkb1r/ppp1pppp/3p1n2/8/2PP4/8/PP2PPPP/RNBQKBNR w KQkq - 1 3,g8f6
48,EulerE,MrTreeTurtle,976,993,rnbqkb1r/ppp1pppp/3p1n2/8/2PP4/5N2/PP2PPPP/RNBQKB1R b KQkq - 2 3,g1f3
48,EulerE,MrTreeTurtle,976,993,rnbqkb1r/ppp1pp1p/3p1np1/8/2PP4/5N2/PP2PPPP/RNBQKB1R w KQkq - 0 4,g7g6
48,EulerE,MrTreeTurtle,976,993,rnbqkb1r/ppp1pp1p/3p1np1/6B1/2PP4/5N2/PP2PPPP/RN1QKB1R b KQkq - 1 4,c1g5
48,EulerE,MrTreeTurtle,976,993,rnbqk2r/ppp1ppbp/3p1np1/6B1/2PP4/5N2/PP2PPPP/RN1QKB1R w KQkq - 2 5,f8g7
48,EulerE,MrTreeTurtle,976,993,rnbqk2r/ppp1ppbp/3p1np1/6B1/2PP4/2N2N2/PP2PPPP/R2QKB1R b KQkq - 3 5,b1c3
48,EulerE,MrTreeTurtle,976,993,rnbq1rk1/ppp1ppbp/3p1np1/6B1/2PP4/2N2N2/PP2PPPP/R2QKB1R w KQ - 4 6,e8g8
48,EulerE,MrTreeTurtle,976,993,rnbq1rk1/ppp1ppbp/3p1np1/6B1/2PP4/2N2N2/PPQ1PPPP/R3KB1R b KQ - 5 6,d1c2
48,EulerE,MrTreeTurtle,976,993,rn1q1rk1/ppp1ppbp/3p1np1/5bB1/2PP4/2N2N2/PPQ1PPPP/R3KB1R w KQ - 6 7,c8f5
48,EulerE,MrTreeTurtle,976,993,rn1q1rk1/ppp1ppbp/3p1np1/5bB1/2PPP3/2N2N2/PPQ2PPP/R3KB1R b KQ - 0 7,e2e4
48,EulerE,MrTreeTurtle,976,993,rn1q1rk1/ppp1ppbp/3p1np1/6B1/2PPP1b1/2N2N2/PPQ2PPP/R3KB1R w KQ - 1 8,f5g4
48,EulerE,MrTreeTurtle,976,993,rn1q1rk1/ppp1ppbp/3p1Bp1/8/2PPP1b1/2N2N2/PPQ2PPP/R3KB1R b KQ - 0 8,g5f6
48,EulerE,MrTreeTurtle,976,993,rn1q1rk1/ppp1pp1p/3p1bp1/8/2PPP1b1/2N2N2/PPQ2PPP/R3KB1R w KQ - 0 9,g7f6
48,EulerE,MrTreeTurtle,976,993,rn1q1rk1/ppp1pp1p/3p1bp1/8/2PPP1b1/2N2N2/PPQ1BPPP/R3K2R b KQ - 1 9,f1e2
48,EulerE,MrTreeTurtle,976,993,rn1q1rk1/ppp1pp1p/3p1bp1/8/2PPP3/2N2b2/PPQ1BPPP/R3K2R w KQ - 0 10,g4f3
48,EulerE,MrTreeTurtle,976,993,rn1q1rk1/ppp1pp1p/3p1bp1/8/2PPP3/2N2B2/PPQ2PPP/R3K2R b KQ - 0 10,e2f3
48,EulerE,MrTreeTurtle,976,993,rn1q1rk1/ppp1pp1p/3p2p1/8/2PbP3/2N2B2/PPQ2PPP/R3K2R w KQ - 0 11,f6d4
48,EulerE,MrTreeTurtle,976,993,rn1q1rk1/ppp1pp1p/3p2p1/8/2PbP3/2N2B2/PPQ2PPP/R4RK1 b - - 1 11,e1g1
48,EulerE,MrTreeTurtle,976,993,rn1q1rk1/ppp2p1p/3p2p1/4p3/2PbP3/2N2B2/PPQ2PPP/R4RK1 w - - 0 12,e7e5
48,EulerE,MrTreeTurtle,976,993,rn1q1rk1/ppp2p1p/3p2p1/4p3/2PbP3/2N2B2/PPQ2PPP/3R1RK1 b - - 1 12,a1d1
48,EulerE,MrTreeTurtle,976,993,r2q1rk1/ppp2p1p/2np2p1/4p3/2PbP3/2N2B2/PPQ2PPP/3R1RK1 w - - 2 13,b8c6
48,EulerE,MrTreeTurtle,976,993,r2q1rk1/ppp2p1p/2np2p1/4p3/2PbP3/P1N2B2/1PQ2PPP/3R1RK1 b - - 0 13,a2a3
48,EulerE,MrTreeTurtle,976,993,r2q1rk1/ppp2p1p/3p2p1/n3p3/2PbP3/P1N2B2/1PQ2PPP/3R1RK1 w - - 1 14,c6a5
48,EulerE,MrTreeTurtle,976,993,r2q1rk1/ppp2p1p/3p2p1/n3p3/Q1PbP3/P1N2B2/1P3PPP/3R1RK1 b - - 2 14,c2a4
48,EulerE,MrTreeTurtle,976,993,r2q1rk1/ppp2p1p/2np2p1/4p3/Q1PbP3/P1N2B2/1P3PPP/3R1RK1 w - - 3 15,a5c6
48,EulerE,MrTreeTurtle,976,993,r2q1rk1/ppp2p1p/2np2p1/4p3/2PbP3/P1N2B2/1PQ2PPP/3R1RK1 b - - 4 15,a4c2
48,EulerE,MrTreeTurtle,976,993,r2q1rk1/1pp2p1p/p1np2p1/4p3/2PbP3/P1N2B2/1PQ2PPP/3R1RK1 w - - 0 16,a7a6
48,EulerE,MrTreeTurtle,976,993,r2q1rk1/1pp2p1p/p1np2p1/4p3/1PPbP3/P1N2B2/2Q2PPP/3R1RK1 b - - 0 16,b2b4
48,EulerE,MrTreeTurtle,976,993,r2q1rk1/2p2p1p/p1np2p1/1p2p3/1PPbP3/P1N2B2/2Q2PPP/3R1RK1 w - - 0 17,b7b5
48,EulerE,MrTreeTurtle,976,993,r2q1rk1/2p2p1p/p1np2p1/1pP1p3/1P1bP3/P1N2B2/2Q2PPP/3R1RK1 b - - 0 17,c4c5
48,EulerE,MrTreeTurtle,976,993,r4rk1/2p1qp1p/p1np2p1/1pP1p3/1P1bP3/P1N2B2/2Q2PPP/3R1RK1 w - - 1 18,d8e7
48,EulerE,MrTreeTurtle,976,993,r4rk1/2p1qp1p/p1np2p1/1pP1p3/1P1bP3/P4B2/2Q1NPPP/3R1RK1 b - - 2 18,c3e2
48,EulerE,MrTreeTurtle,976,993,r4rk1/2p1qp1p/p1n3p1/1pp1p3/1P1bP3/P4B2/2Q1NPPP/3R1RK1 w - - 0 19,d6c5
48,EulerE,MrTreeTurtle,976,993,r4rk1/2p1qp1p/p1n3p1/1pp1p3/1P1NP3/P4B2/2Q2PPP/3R1RK1 b - - 0 19,e2d4
48,EulerE,MrTreeTurtle,976,993,r4rk1/2p1qp1p/p5p1/1pp1p3/1P1nP3/P4B2/2Q2PPP/3R1RK1 w - - 0 20,c6d4
48,EulerE,MrTreeTurtle,976,993,r4rk1/2p1qp1p/p5p1/1pQ1p3/1P1nP3/P4B2/5PPP/3R1RK1 b - - 0 20,c2c5
48,EulerE,MrTreeTurtle,976,993,r4rk1/2p2p1p/p5p1/1pq1p3/1P1nP3/P4B2/5PPP/3R1RK1 w - - 0 21,e7c5
48,EulerE,MrTreeTurtle,976,993,r4rk1/2p2p1p/p5p1/1pP1p3/3nP3/P4B2/5PPP/3R1RK1 b - - 0 21,b4c5
48,EulerE,MrTreeTurtle,976,993,r4rk1/2p2p1p/p5p1/1pP1p3/4P3/P4n2/5PPP/3R1RK1 w - - 0 22,d4f3
48,EulerE,MrTreeTurtle,976,993,r4rk1/2p2p1p/p5p1/1pP1p3/4P3/P4P2/5P1P/3R1RK1 b - - 0 22,g2f3
48,EulerE,MrTreeTurtle,976,993,r2r2k1/2p2p1p/p5p1/1pP1p3/4P3/P4P2/5P1P/3R1RK1 w - - 1 23,f8d8
48,EulerE,MrTreeTurtle,976,993,r2r2k1/2p2p1p/p5p1/1pPRp3/4P3/P4P2/5P1P/5RK1 b - - 2 23,d1d5
48,EulerE,MrTreeTurtle,976,993,r5k1/2p2p1p/p5p1/1pPrp3/4P3/P4P2/5P1P/5RK1 w - - 0 24,d8d5
48,EulerE,MrTreeTurtle,976,993,r5k1/2p2p1p/p5p1/1pPPp3/8/P4P2/5P1P/5RK1 b - - 0 24,e4d5
48,EulerE,MrTreeTurtle,976,993,3r2k1/2p2p1p/p5p1/1pPPp3/8/P4P2/5P1P/5RK1 w - - 1 25,a8d8
48,EulerE,MrTreeTurtle,976,993,3r2k1/2p2p1p/p5p1/1pPPp3/8/P4P2/5P1P/3R2K1 b - - 2 25,f1d1
48,EulerE,MrTreeTurtle,976,993,3r4/2p2pkp/p5p1/1pPPp3/8/P4P2/5P1P/3R2K1 w - - 3 26,g8g7
48,EulerE,MrTreeTurtle,976,993,3r4/2p2pkp/p2P2p1/1pP1p3/8/P4P2/5P1P/3R2K1 b - - 0 26,d5d6
48,EulerE,MrTreeTurtle,976,993,3r4/5pkp/p2p2p1/1pP1p3/8/P4P2/5P1P/3R2K1 w - - 0 27,c7d6
48,EulerE,MrTreeTurtle,976,993,3r4/5pkp/p2P2p1/1p2p3/8/P4P2/5P1P/3R2K1 b - - 0 27,c5d6
48,EulerE,MrTreeTurtle,976,993,3r4/5p1p/p2P1kp1/1p2p3/8/P4P2/5P1P/3R2K1 w - - 1 28,g7f6
48,EulerE,MrTreeTurtle,976,993,3r4/5p1p/p2P1kp1/1p2p3/8/P4P2/5PKP/3R4 b - - 2 28,g1g2
48,EulerE,MrTreeTurtle,976,993,3r4/5p1p/p2Pk1p1/1p2p3/8/P4P2/5PKP/3R4 w - - 3 29,f6e6
48,EulerE,MrTreeTurtle,976,993,3r4/5p1p/p2Pk1p1/1p2p3/8/P4PK1/5P1P/3R4 b - - 4 29,g2g3
48,EulerE,MrTreeTurtle,976,993,8/5p1p/p2rk1p1/1p2p3/8/P4PK1/5P1P/3R4 w - - 0 30,d8d6
48,EulerE,MrTreeTurtle,976,993,8/5p1p/p2Rk1p1/1p2p3/8/P4PK1/5P1P/8 b - - 0 30,d1d6
48,EulerE,MrTreeTurtle,976,993,8/5p1p/p2k2p1/1p2p3/8/P4PK1/5P1P/8 w - - 0 31,e6d6
48,EulerE,MrTreeTurtle,976,993,8/5p1p/p2k2p1/1p2p3/5P2/P5K1/5P1P/8 b - - 0 31,f3f4
48,EulerE,MrTreeTurtle,976,993,8/5p1p/p2k2p1/1p6/5p2/P5K1/5P1P/8 w - - 0 32,e5f4
48,EulerE,MrTreeTurtle,976,993,8/5p1p/p2k2p1/1p6/5K2/P7/5P1P/8 b - - 0 32,g3f4
48,EulerE,MrTreeTurtle,976,993,8/5p1p/p5p1/1p1k4/5K2/P7/5P1P/8 w - - 1 33,d6d5
48,EulerE,MrTreeTurtle,976,993,8/5p1p/p5p1/1p1k2K1/8/P7/5P1P/8 b - - 2 33,f4g5
48,EulerE,MrTreeTurtle,976,993,8/5p1p/p5p1/1p4K1/2k5/P7/5P1P/8 w - - 3 34,d5c4
48,EulerE,MrTreeTurtle,976,993,8/5p1p/p4Kp1/1p6/2k5/P7/5P1P/8 b - - 4 34,g5f6
48,EulerE,MrTreeTurtle,976,993,8/5p1p/p4Kp1/1p6/8/Pk6/5P1P/8 w - - 5 35,c4b3
48,EulerE,MrTreeTurtle,976,993,8/5K1p/p5p1/1p6/8/Pk6/5P1P/8 b - - 0 35,f6f7
48,EulerE,MrTreeTurtle,976,993,8/5K1p/p5p1/1p6/8/k7/5P1P/8 w - - 0 36,b3a3
48,EulerE,MrTreeTurtle,976,993,8/5K1p/p5p1/1p6/5P2/k7/7P/8 b - - 0 36,f2f4
48,EulerE,MrTreeTurtle,976,993,8/5K1p/p5p1/8/1p3P2/k7/7P/8 w - - 0 37,b5b4
48,EulerE,MrTreeTurtle,976,993,8/6Kp/p5p1/8/1p3P2/k7/7P/8 b - - 1 37,f7g7
48,EulerE,MrTreeTurtle,976,993,8/6Kp/p5p1/8/5P2/kp6/7P/8 w - - 0 38,b4b3
48,EulerE,MrTreeTurtle,976,993,8/7K/p5p1/8/5P2/kp6/7P/8 b - - 0 38,g7h7
48,EulerE,MrTreeTurtle,976,993,8/7K/p5p1/8/5P2/k7/1p5P/8 w - - 0 39,b3b2
48,EulerE,MrTreeTurtle,976,993,8/8/p5K1/8/5P2/k7/1p5P/8 b - - 0 39,h7g6
48,EulerE,MrTreeTurtle,976,993,8/8/p5K1/8/5P2/k7/7P/1q6 w - - 0 40,b2b1q
48,EulerE,MrTreeTurtle,976,993,8/8/p7/6K1/5P2/k7/7P/1q6 b - - 1 40,g6g5
48,EulerE,MrTreeTurtle,976,993,8/8/pq6/6K1/5P2/k7/7P/8 w - - 2 41,b1b6
48,EulerE,MrTreeTurtle,976,993,8/8/pq6/5PK1/8/k7/7P/8 b - - 0 41,f4f5
48,EulerE,MrTreeTurtle,976,993,8/8/p7/5PK1/8/k7/7P/6q1 w - - 1 42,b6g1
48,EulerE,MrTreeTurtle,976,993,8/8/p4K2/5P2/8/k7/7P/6q1 b - - 2 42,g5f6
48,EulerE,MrTreeTurtle,976,993,8/8/p4K2/5P2/8/k7/7q/8 w - - 0 43,g1h2
48,EulerE,MrTreeTurtle,976,993,8/8/p3K3/5P2/8/k7/7q/8 b - - 1 43,f6e6
48,EulerE,MrTreeTurtle,976,993,8/8/p3K2q/5P2/8/k7/8/8 w - - 2 44,h2h6
48,EulerE,MrTreeTurtle,976,993,8/8/p3KP1q/8/8/k7/8/8 b - - 0 44,f5f6
48,EulerE,MrTreeTurtle,976,993,8/8/p3Kq2/8/8/k7/8/8 w - - 0 45,h6f6
48,EulerE,MrTreeTurtle,976,993,8/8/p4K2/8/8/k7/8/8 b - - 0 45,e6f6
48,EulerE,MrTreeTurtle,976,993,8/8/p4K2/8/1k6/8/8/8 w - - 1 46,a3b4
48,EulerE,MrTreeTurtle,976,993,8/8/p7/4K3/1k6/8/8/8 b - - 2 46,f6e5
48,EulerE,MrTreeTurtle,976,993,8/8/8/p3K3/1k6/8/8/8 w - - 0 47,a6a5
48,EulerE,MrTreeTurtle,976,993,8/8/8/p7/1k2K3/8/8/8 b - - 1 47,e5e4
48,EulerE,MrTreeTurtle,976,993,8/8/8/8/pk2K3/8/8/8 w - - 0 48,a5a4
48,EulerE,MrTreeTurtle,976,993,8/8/8/8/pk6/3K4/8/8 b - - 1 48,e4d3
48,EulerE,MrTreeTurtle,976,993,8/8/8/8/p7/1k1K4/8/8 w - - 2 49,b4b3
48,EulerE,MrTreeTurtle,976,993,8/8/8/8/p7/1k6/3K4/8 b - - 3 49,d3d2
48,EulerE,MrTreeTurtle,976,993,8/8/8/8/p7/8/1k1K4/8 w - - 4 50,b3b2
48,EulerE,MrTreeTurtle,976,993,8/8/8/8/p7/8/1k6/3K4 b - - 5 50,d2d1
48,EulerE,MrTreeTurtle,976,993,8/8/8/8/8/p7/1k6/3K4 w - - 0 51,a4a3
48,EulerE,MrTreeTurtle,976,993,8/8/8/8/8/p7/1k1K4/8 b - - 1 51,d1d2
48,EulerE,MrTreeTurtle,976,993,8/8/8/8/8/8/pk1K4/8 w - - 0 52,a3a2
48,EulerE,MrTreeTurtle,976,993,8/8/8/8/8/3K4/pk6/8 b - - 1 52,d2d3
48,EulerE,MrTreeTurtle,976,993,8/8/8/8/8/3K4/1k6/q7 w - - 0 53,a2a1q
48,EulerE,MrTreeTurtle,976,993,8/8/8/8/2K5/8/1k6/q7 b - - 1 53,d3c4
48,EulerE,MrTreeTurtle,976,993,8/8/8/8/2K5/8/1k6/2q5 w - - 2 54,a1c1
48,EulerE,MrTreeTurtle,976,993,8/8/8/8/1K6/8/1k6/2q5 b - - 3 54,c4b4
48,EulerE,MrTreeTurtle,976,993,8/8/8/8/1K6/8/2k5/2q5 w - - 4 55,b2c2
48,EulerE,MrTreeTurtle,976,993,8/8/8/2K5/8/8/2k5/2q5 b - - 5 55,b4c5
48,EulerE,MrTreeTurtle,976,993,8/8/8/2K5/8/8/3k4/2q5 w - - 6 56,c2d2
48,EulerE,MrTreeTurtle,976,993,8/8/8/3K4/8/8/3k4/2q5 b - - 7 56,c5d5
48,EulerE,MrTreeTurtle,976,993,8/8/8/3K4/8/2q5/3k4/8 w - - 8 57,c1c3
48,EulerE,MrTreeTurtle,976,993,8/8/8/8/4K3/2q5/3k4/8 b - - 9 57,d5e4
48,EulerE,MrTreeTurtle,976,993,8/8/8/8/4K3/2q5/2k5/8 w - - 10 58,d2c2
48,EulerE,MrTreeTurtle,976,993,8/8/8/5K2/8/2q5/2k5/8 b - - 11 58,e4f5
48,EulerE,MrTreeTurtle,976,993,8/8/8/5K2/3q4/8/2k5/8 w - - 12 59,c3d4
48,EulerE,MrTreeTurtle,976,993,8/8/6K1/8/3q4/8/2k5/8 b - - 13 59,f5g6
48,EulerE,MrTreeTurtle,976,993,8/8/6K1/4q3/8/8/2k5/8 w - - 14 60,d4e5
48,EulerE,MrTreeTurtle,976,993,8/5K2/8/4q3/8/8/2k5/8 b - - 15 60,g6f7
48,EulerE,MrTreeTurtle,976,993,8/5K2/3q4/8/8/8/2k5/8 w - - 16 61,e5d6
48,EulerE,MrTreeTurtle,976,993,6K1/8/3q4/8/8/8/2k5/8 b - - 17 61,f7g8
48,EulerE,MrTreeTurtle,976,993,6K1/4q3/8/8/8/8/2k5/8 w - - 18 62,d6e7
49,EulerE,takeItEazyyy,968,972,rnbqkbnr/pppppppp/8/8/3P4/8/PPP1PPPP/RNBQKBNR b KQkq - 0 1,d2d4
49,EulerE,takeItEazyyy,968,972,rnbqkb1r/pppppppp/5n2/8/3P4/8/PPP1PPPP/RNBQKBNR w KQkq - 1 2,g8f6
49,EulerE,takeItEazyyy,968,972,rnbqkb1r/pppppppp/5n2/8/2PP4/8/PP2PPPP/RNBQKBNR b KQkq - 0 2,c2c4
49,EulerE,takeItEazyyy,968,972,rnbqkb1r/ppp1pppp/5n2/3p4/2PP4/8/PP2PPPP/RNBQKBNR w KQkq - 0 3,d7d5
49,EulerE,takeItEazyyy,968,972,rnbqkb1r/ppp1pppp/5n2/3p4/2PP4/2N5/PP2PPPP/R1BQKBNR b KQkq - 1 3,b1c3
49,EulerE,takeItEazyyy,968,972,rnbqkb1r/ppp1pppp/5n2/8/2pP4/2N5/PP2PPPP/R1BQKBNR w KQkq - 0 4,d5c4
49,EulerE,takeItEazyyy,968,972,rnbqkb1r/ppp1pppp/5n2/8/2pPP3/2N5/PP3PPP/R1BQKBNR b KQkq - 0 4,e2e4
49,EulerE,takeItEazyyy,968,972,r1bqkb1r/ppp1pppp/2n2n2/8/2pPP3/2N5/PP3PPP/R1BQKBNR w KQkq - 1 5,b8c6
49,EulerE,takeItEazyyy,968,972,r1bqkb1r/ppp1pppp/2n2n2/8/2pPP3/2N2N2/PP3PPP/R1BQKB1R b KQkq - 2 5,g1f3
49,EulerE,takeItEazyyy,968,972,r1bqkb1r/ppp2ppp/2n1pn2/8/2pPP3/2N2N2/PP3PPP/R1BQKB1R w KQkq - 0 6,e7e6
49,EulerE,takeItEazyyy,968,972,r1bqkb1r/ppp2ppp/2n1pn2/3P4/2p1P3/2N2N2/PP3PPP/R1BQKB1R b KQkq - 0 6,d4d5
49,EulerE,takeItEazyyy,968,972,r1bqkb1r/ppp2ppp/2n2n2/3p4/2p1P3/2N2N2/PP3PPP/R1BQKB1R w KQkq - 0 7,e6d5
49,EulerE,takeItEazyyy,968,972,r1bqkb1r/ppp2ppp/2n2n2/3P4/2p5/2N2N2/PP3PPP/R1BQKB1R b KQkq - 0 7,e4d5
49,EulerE,takeItEazyyy,968,972,r1bqkb1r/ppp2ppp/5n2/3P4/1np5/2N2N2/PP3PPP/R1BQKB1R w KQkq - 1 8,c6b4
49,EulerE,takeItEazyyy,968,972,r1bqkb1r/ppp2ppp/5n2/3P4/Qnp5/2N2N2/PP3PPP/R1B1KB1R b KQkq - 2 8,d1a4
49,EulerE,takeItEazyyy,968,972,r1bqkb1r/pp3ppp/2p2n2/3P4/Qnp5/2N2N2/PP3PPP/R1B1KB1R w KQkq - 0 9,c7c6
49,EulerE,takeItEazyyy,968,972,r1bqkb1r/pp3ppp/2P2n2/8/Qnp5/2N2N2/PP3PPP/R1B1KB1R b KQkq - 0 9,d5c6
49,EulerE,takeItEazyyy,968,972,r1bqkb1r/pp3ppp/2n2n2/8/Q1p5/2N2N2/PP3PPP/R1B1KB1R w KQkq - 0 10,b4c6
49,EulerE,takeItEazyyy,968,972,r1bqkb1r/pp3ppp/2n2n2/8/Q1B5/2N2N2/PP3PPP/R1B1K2R b KQkq - 0 10,f1c4
49,EulerE,takeItEazyyy,968,972,r1bqk2r/pp3ppp/2nb1n2/8/Q1B5/2N2N2/PP3PPP/R1B1K2R w KQkq - 1 11,f8d6
49,EulerE,takeItEazyyy,968,972,r1bqk2r/pp3ppp/2nb1n2/1B6/Q7/2N2N2/PP3PPP/R1B1K2R b KQkq - 2 11,c4b5
49,EulerE,takeItEazyyy,968,972,r2qk2r/pp1b1ppp/2nb1n2/1B6/Q7/2N2N2/PP3PPP/R1B1K2R w KQkq - 3 12,c8d7
49,EulerE,takeItEazyyy,968,972,r2qk2r/pp1b1ppp/2nb1n2/1B6/Q7/2N2N2/PP3PPP/R1B2RK1 b kq - 4 12,e1g1
49,EulerE,takeItEazyyy,968,972,r2q1rk1/pp1b1ppp/2nb1n2/1B6/Q7/2N2N2/PP3PPP/R1B2RK1 w - - 5 13,e8g8
49,EulerE,takeItEazyyy,968,972,r2q1rk1/pp1b1ppp/2nb1n2/1B6/Q7/2N1BN2/PP3PPP/R4RK1 b - - 6 13,c1e3
49,EulerE,takeItEazyyy,968,972,r2q1rk1/1p1b1ppp/p1nb1n2/1B6/Q7/2N1BN2/PP3PPP/R4RK1 w - - 0 14,a7a6
49,EulerE,takeItEazyyy,968,972,r2q1rk1/1p1b1ppp/p1Bb1n2/8/Q7/2N1BN2/PP3PPP/R4RK1 b - - 0 14,b5c6
49,EulerE,takeItEazyyy,968,972,r2q1rk1/1p3ppp/p1bb1n2/8/Q7/2N1BN2/PP3PPP/R4RK1 w - - 0 15,d7c6
49,EulerE,takeItEazyyy,968,972,r2q1rk1/1p3ppp/p1bb1n2/8/2Q5/2N1BN2/PP3PPP/R4RK1 b - - 1 15,a4c4
49,EulerE,takeItEazyyy,968,972,r2qr1k1/1p3ppp/p1bb1n2/8/2Q5/2N1BN2/PP3PPP/R4RK1 w - - 2 16,f8e8
49,EulerE,takeItEazyyy,968,972,r2qr1k1/1p3ppp/p1bb1n2/8/2QN4/2N1B3/PP3PPP/R4RK1 b - - 3 16,f3d4
49,EulerE,takeItEazyyy,968,972,2rqr1k1/1p3ppp/p1bb1n2/8/2QN4/2N1B3/PP3PPP/R4RK1 w - - 4 17,a8c8
49,EulerE,takeItEazyyy,968,972,2rqr1k1/1p3ppp/p1Nb1n2/8/2Q5/2N1B3/PP3PPP/R4RK1 b - - 0 17,d4c6
49,EulerE,takeItEazyyy,968,972,3qr1k1/1p3ppp/p1rb1n2/8/2Q5/2N1B3/PP3PPP/R4RK1 w - - 0 18,c8c6
49,EulerE,takeItEazyyy,968,972,3qr1k1/1p3ppp/p1rb1n2/8/8/1QN1B3/PP3PPP/R4RK1 b - - 1 18,c4b3
49,EulerE,takeItEazyyy,968,972,3qr1k1/1p3ppp/p1rb4/8/6n1/1QN1B3/PP3PPP/R4RK1 w - - 2 19,f6g4
49,EulerE,takeItEazyyy,968,972,3qr1k1/1Q3ppp/p1rb4/8/6n1/2N1B3/PP3PPP/R4RK1 b - - 0 19,b3b7
49,EulerE,takeItEazyyy,968,972,3qr1k1/1Qr2ppp/p2b4/8/6n1/2N1B3/PP3PPP/R4RK1 w - - 1 20,c6c7
49,EulerE,takeItEazyyy,968,972,3qr1k1/2r2ppp/Q2b4/8/6n1/2N1B3/PP3PPP/R4RK1 b - - 0 20,b7a6
49,EulerE,takeItEazyyy,968,972,3qr1k1/2r2ppp/Q7/8/6n1/2N1B3/PP3PPb/R4RK1 w - - 0 21,d6h2
49,EulerE,takeItEazyyy,968,972,3qr1k1/2r2ppp/Q7/8/6n1/2N1B3/PP3PPb/R4R1K b - - 1 21,g1h1
49,EulerE,takeItEazyyy,968,972,3qr1k1/2r2ppp/Q7/4b3/6n1/2N1B3/PP3PP1/R4R1K w - - 2 22,h2e5
49,EulerE,takeItEazyyy,968,972,3qr1k1/2r2ppp/8/4b3/6n1/2N1B3/PP2QPP1/R4R1K b - - 3 22,a6e2
49,EulerE,takeItEazyyy,968,972,4r1k1/2r2ppp/8/4b3/6nq/2N1B3/PP2QPP1/R4R1K w - - 4 23,d8h4
49,EulerE,takeItEazyyy,968,972,4r1k1/2r2ppp/8/4b3/6nq/2N1B3/PP2QPP1/R4RK1 b - - 5 23,h1g1
49,EulerE,takeItEazyyy,968,972,4r1k1/2r2ppp/8/4b3/6n1/2N1B3/PP2QPPq/R4RK1 w - - 6 24,h4h2
50,Tloza,EulerE,1063,962,rnbqkbnr/pppppppp/8/8/4P3/8/PPPP1PPP/RNBQKBNR b KQkq - 0 1,e2e4
50,Tloza,EulerE,1063,962,rnbqkbnr/pppp1ppp/8/4p3/4P3/8/PPPP1PPP/RNBQKBNR w KQkq - 0 2,e7e5
50,Tloza,EulerE,1063,962,rnbqkbnr/pppp1ppp/8/4p3/4P3/3P4/PPP2PPP/RNBQKBNR b KQkq - 0 2,d2d3
50,Tloza,EulerE,1063,962,r1bqkbnr/pppp1ppp/2n5/4p3/4P3/3P4/PPP2PPP/RNBQKBNR w KQkq - 1 3,b8c6
50,Tloza,EulerE,1063,962,r1bqkbnr/pppp1ppp/2n5/4p3/4P3/2NP4/PPP2PPP/R1BQKBNR b KQkq - 2 3,b1c3
50,Tloza,EulerE,1063,962,r1bqk1nr/pppp1ppp/2n5/2b1p3/4P3/2NP4/PPP2PPP/R1BQKBNR w KQkq - 3 4,f8c5
50,Tloza,EulerE,1063,962,r1bqk1nr/pppp1ppp/2n5/2b1p3/4P3/2NPB3/PPP2PPP/R2QKBNR b KQkq - 4 4,c1e3
50,Tloza,EulerE,1063,962,r1bqk1nr/pppp1ppp/2n5/4p3/4P3/2NPb3/PPP2PPP/R2QKBNR w KQkq - 0 5,c5e3
50,Tloza,EulerE,1063,962,r1bqk1nr/pppp1ppp/2n5/4p3/4P3/2NPP3/PPP3PP/R2QKBNR b KQkq - 0 5,f2e3
50,Tloza,EulerE,1063,962,r1bqk2r/pppp1ppp/2n2n2/4p3/4P3/2NPP3/PPP3PP/R2QKBNR w KQkq - 1 6,g8f6
50,Tloza,EulerE,1063,962,r1bqk2r/pppp1ppp/2n2n2/4p3/3PP3/2N1P3/PPP3PP/R2QKBNR b KQkq - 0 6,d3d4
50,Tloza,EulerE,1063,962,r1bqk2r/pppp1ppp/2n2n2/8/3pP3/2N1P3/PPP3PP/R2QKBNR w KQkq - 0 7,e5d4
50,Tloza,EulerE,1063,962,r1bqk2r/pppp1ppp/2n2n2/8/3PP3/2N5/PPP3PP/R2QKBNR b KQkq - 0 7,e3d4
50,Tloza,EulerE,1063,962,r1bqk2r/ppp2ppp/2n2n2/3p4/3PP3/2N5/PPP3PP/R2QKBNR w KQkq - 0 8,d7d5
50,Tloza,EulerE,1063,962,r1bqk2r/ppp2ppp/2n2n2/3pP3/3P4/2N5/PPP3PP/R2QKBNR b KQkq - 0 8,e4e5
50,Tloza,EulerE,1063,962,r1bqk2r/pppn1ppp/2n5/3pP3/3P4/2N5/PPP3PP/R2QKBNR w KQkq - 1 9,f6d7
50,Tloza,EulerE,1063,962,r1bqk2r/pppn1ppp/2n5/3pP3/3P4/2N5/PPP1Q1PP/R3KBNR b KQkq - 2 9,d1e2
50,Tloza,EulerE,1063,962,r1bq1rk1/pppn1ppp/2n5/3pP3/3P4/2N5/PPP1Q1PP/R3KBNR w KQ - 3 10,e8g8
50,Tloza,EulerE,1063,962,r1bq1rk1/pppn1ppp/2n5/3pP3/3P4/2N5/PPP1Q1PP/2KR1BNR b - - 4 10,e1c1
50,Tloza,EulerE,1063,962,r1bq1rk1/ppp2ppp/1nn5/3pP3/3P4/2N5/PPP1Q1PP/2KR1BNR w - - 5 11,d7b6
50,Tloza,EulerE,1063,962,r1bq1rk1/ppp2ppp/1nn5/3pP3/3P4/2N2N2/PPP1Q1PP/2KR1B1R b - - 6 11,g1f3
50,Tloza,EulerE,1063,962,r2q1rk1/ppp2ppp/1nn5/3pP3/3P2b1/2N2N2/PPP1Q1PP/2KR1B1R w - - 7 12,c8g4
50,Tloza,EulerE,1063,962,r2q1rk1/ppp2ppp/1nn5/3pP3/3P2b1/2N2N1P/PPP1Q1P1/2KR1B1R b - - 0 12,h2h3
50,Tloza,EulerE,1063,962,r2q1rk1/ppp2ppp/1nn5/3pP3/3P4/2N2b1P/PPP1Q1P1/2KR1B1R w - - 0 13,g4f3
50,Tloza,EulerE,1063,962,r2q1rk1/ppp2ppp/1nn5/3pP3/3P4/2N2Q1P/PPP3P1/2KR1B1R b - - 0 13,e2f3
50,Tloza,EulerE,1063,962,r4rk1/ppp2ppp/1nn5/3pP1q1/3P4/2N2Q1P/PPP3P1/2KR1B1R w - - 1 14,d8g5
50,Tloza,EulerE,1063,962,r4rk1/ppp2ppp/1nn5/3pP1q1/3P4/2N2Q1P/PPP3P1/1K1R1B1R b - - 2 14,c1b1
50,Tloza,EulerE,1063,962,r4rk1/ppp3pp/1nn5/3pPpq1/3P4/2N2Q1P/PPP3P1/1K1R1B1R w - f6 0 15,f7f5
50,Tloza,EulerE,1063,962,r4rk1/ppp3pp/1nn5/3pPpq1/3P4/2NB1Q1P/PPP3P1/1K1R3R b - - 1 15,f1d3
50,Tloza,EulerE,1063,962,r4rk1/ppp3pp/1nn5/3pP1q1/3P1p2/2NB1Q1P/PPP3P1/1K1R3R w - - 0 16,f5f4
50,Tloza,EulerE,1063,962,r4rk1/ppp3pp/1nn5/3pP1q1/3P1p2/2NB1Q1P/PPP3P1/1K1R2R1 b - - 1 16,h1g1
50,Tloza,EulerE,1063,962,3r1rk1/ppp3pp/1nn5/3pP1q1/3P1p2/2NB1Q1P/PPP3P1/1K1R2R1 w - - 2 17,a8d8
50,Tloza,EulerE,1063,962,3r1rk1/ppp3pp/1nn5/3pP1q1/3P1p2/2NB1QPP/PPP5/1K1R2R1 b - - 0 17,g2g3
50,Tloza,EulerE,1063,962,3r1rk1/ppp3pp/1nn5/3pP1q1/3P4/2NB1QpP/PPP5/1K1R2R1 w - - 0 18,f4g3
50,Tloza,EulerE,1063,962,3r1rk1/ppp3pp/1nn5/3pP1q1/3P4/2NB1QRP/PPP5/1K1R4 b - - 0 18,g1g3
50,Tloza,EulerE,1063,962,3r2k1/ppp3pp/1nn5/3pP1q1/3P4/2NB1rRP/PPP5/1K1R4 w - - 0 19,f8f3
50,Tloza,EulerE,1063,962,3r2k1/ppp3pp/1nn5/3pP1R1/3P4/2NB1r1P/PPP5/1K1R4 b - - 0 19,g3g5
50,Tloza,EulerE,1063,962,3r2k1/ppp3pp/1n6/3pP1R1/3n4/2NB1r1P/PPP5/1K1R4 w - - 0 20,c6d4
50,Tloza,EulerE,1063,962,3r2k1/ppp3pp/1n6/3pP1R1/3n4/2NB1r1P/PPP5/1K3R2 b - - 1 20,d1f1
50,Tloza,EulerE,1063,962,3r2k1/ppp3pp/1n6/3pP1R1/3n4/2NB3P/PPP5/1K3r2 w - - 0 21,f3f1
50,Tloza,EulerE,1063,962,3r2k1/ppp3pp/1n6/3pP1R1/3n4/2N4P/PPP5/1K3B2 b - - 0 21,d3f1
50,Tloza,EulerE,1063,962,3r2k1/ppp3pp/1n2n3/3pP1R1/8/2N4P/PPP5/1K3B2 w - - 1 22,d4e6
50,Tloza,EulerE,1063,962,3r2k1/ppp3pp/1n2n3/3pPR2/8/2N4P/PPP5/1K3B2 b - - 2 22,g5f5
50,Tloza,EulerE,1063,962,5rk1/ppp3pp/1n2n3/3pPR2/8/2N4P/PPP5/1K3B2 w - - 3 23,d8f8
50,Tloza,EulerE,1063,962,5Rk1/ppp3pp/1n2n3/3pP3/8/2N4P/PPP5/1K3B2 b - - 0 23,f5f8
50,Tloza,EulerE,1063,962,5nk1/ppp3pp/1n6/3pP3/8/2N4P/PPP5/1K3B2 w - - 0 24,e6f8
50,Tloza,EulerE,1063,962,5nk1/ppp3pp/1n6/3pP3/8/2N4P/PPP3B1/1K6 b - - 1 24,f1g2
50,Tloza,EulerE,1063,962,5nk1/pp4pp/1np5/3pP3/8/2N4P/PPP3B1/1K6 w - - 0 25,c7c6
50,Tloza,EulerE,1063,962,5nk1/pp4pp/1np5/3pP3/7P/2N5/PPP3B1/1K6 b - - 0 25,h3h4
50,Tloza,EulerE,1063,962,5n2/pp3kpp/1np5/3pP3/7P/2N5/PPP3B1/1K6 w - - 1 26,g8f7
50,Tloza,EulerE,1063,962,5n2/pp3kpp/1np5/3pP3/7P/2N4B/PPP5/1K6 b - - 2 26,g2h3
50,Tloza,EulerE,1063,962,5n2/pp4pp/1np3k1/3pP3/7P/2N4B/PPP5/1K6 w - - 3 27,f7g6
50,Tloza,EulerE,1063,962,5n2/pp4pp/1np3k1/3pP3/7P/7B/PPP1N3/1K6 b - - 4 27,c3e2
50,Tloza,EulerE,1063,962,5n2/pp4pp/1np5/3pP2k/7P/7B/PPP1N3/1K6 w - - 5 28,g6h5
50,Tloza,EulerE,1063,962,5n2/pp4pp/1np1P3/3p3k/7P/7B/PPP1N3/1K6 b - - 0 28,e5e6
50,Tloza,EulerE,1063,962,8/pp4pp/1np1P1n1/3p3k/7P/7B/PPP1N3/1K6 w - - 1 29,f8g6
50,Tloza,EulerE,1063,962,8/pp4pp/1np1P1n1/3p3k/5N1P/7B/PPP5/1K6 b - - 2 29,e2f4
50,Tloza,EulerE,1063,962,8/pp4pp/1np1P3/3p3k/5n1P/7B/PPP5/1K6 w - - 0 30,g6f4
50,Tloza,EulerE,1063,962,8/pp2P1pp/1np5/3p3k/5n1P/7B/PPP5/1K6 b - - 0 30,e6e7
50,Tloza,EulerE,1063,962,8/pp2P1pp/1np5/3p3k/7P/7n/PPP5/1K6 w - - 0 31,f4h3
50,Tloza,EulerE,1063,962,4Q3/pp4pp/1np5/3p3k/7P/7n/PPP5/1K6 b - - 0 31,e7e8q
50,Tloza,EulerE,1063,962,4Q3/pp4pp/1np4k/3p4/7P/7n/PPP5/1K6 w - - 1 32,h5h6
50,Tloza,EulerE,1063,962,8/pp4pp/1np4k/3p4/7P/4Q2n/PPP5/1K6 b - - 2 32,e8e3
50,Tloza,EulerE,1063,962,8/pp4pp/1np5/3p3k/7P/4Q2n/PPP5/1K6 w - - 3 33,h6h5
50,Tloza,EulerE,1063,962,8/pp4pp/1np5/3p3k/7P/7Q/PPP5/1K6 b - - 0 33,e3h3
50,Tloza,EulerE,1063,962,8/pp4p1/1np4p/3p3k/7P/7Q/PPP5/1K6 w - - 0 34,h7h6
50,Tloza,EulerE,1063,962,8/pp4p1/1np4p/3p3k/7P/6Q1/PPP5/1K6 b - - 1 34,h3g3
50,Tloza,EulerE,1063,962,8/pp6/1np4p/3p2pk/7P/6Q1/PPP5/1K6 w - - 0 35,g7g5
50,Tloza,EulerE,1063,962,8/pp6/1np4p/3p2Pk/8/6Q1/PPP5/1K6 b - - 0 35,h4g5
50,Tloza,EulerE,1063,962,8/pp6/1np5/3p2pk/8/6Q1/PPP5/1K6 w - - 0 36,h6g5
50,Tloza,EulerE,1063,962,8/pp6/1np5/3p2pk/8/7Q/PPP5/1K6 b - - 1 36,g3h3
50,Tloza,EulerE,1063,962,8/pp6/1np3k1/3p2p1/8/7Q/PPP5/1K6 w - - 2 37,h5g6
50,Tloza,EulerE,1063,962,8/pp6/1np1Q1k1/3p2p1/8/8/PPP5/1K6 b - - 3 37,h3e6
50,Tloza,EulerE,1063,962,8/pp6/1np1Q3/3p2pk/8/8/PPP5/1K6 w - - 4 38,g6h5
50,Tloza,EulerE,1063,962,8/pp3Q2/1np5/3p2pk/8/8/PPP5/1K6 b - - 5 38,e6f7
50,Tloza,EulerE,1063,962,8/pp3Q2/1np5/3p2p1/6k1/8/PPP5/1K6 w - - 6 39,h5g4
50,Tloza,EulerE,1063,962,8/pQ6/1np5/3p2p1/6k1/8/PPP5/1K6 b - - 0 39,f7b7
50,Tloza,EulerE,1063,962,8/pQ6/1np5/3p1kp1/8/8/PPP5/1K6 w - - 1 40,g4f5
50,Tloza,EulerE,1063,962,8/p7/1nQ5/3p1kp1/8/8/PPP5/1K6 b - - 0 40,b7c6
50,Tloza,EulerE,1063,962,8/p7/1nQ5/3p2p1/6k1/8/PPP5/1K6 w - - 1 41,f5g4
50,Tloza,EulerE,1063,962,8/p7/1n2Q3/3p2p1/6k1/8/PPP5/1K6 b - - 2 41,c6e6
50,Tloza,EulerE,1063,962,8/p7/1n2Q3/3p2pk/8/8/PPP5/1K6 w - - 3 42,g4h5
50,Tloza,EulerE,1063,962,8/p7/1n2Q3/3p2pk/P7/8/1PP5/1K6 b - - 0 42,a2a4
50,Tloza,EulerE,1063,962,8/p7/1n2Q3/3p2p1/P6k/8/1PP5/1K6 w - - 1 43,h5h4
50,Tloza,EulerE,1063,962,8/p7/1n2Q3/P2p2p1/7k/8/1PP5/1K6 b - - 0 43,a4a5
50,Tloza,EulerE,1063,962,8/p7/1n2Q3/P2p4/6pk/8/1PP5/1K6 w - - 0 44,g5g4
50,Tloza,EulerE,1063,962,8/p7/1P2Q3/3p4/6pk/8/1PP5/1K6 b - - 0 44,a5b6
50,Tloza,EulerE,1063,962,8/p7/1P2Q3/3p4/7k/6p1/1PP5/1K6 w - - 0 45,g4g3
50,Tloza,EulerE,1063,962,8/P7/4Q3/3p4/7k/6p1/1PP5/1K6 b - - 0 45,b6a7
50,Tloza,EulerE,1063,962,8/P7/4Q3/3p4/7k/8/1PP3p1/1K6 w - - 0 46,g3g2
50,Tloza,EulerE,1063,962,8/P7/6Q1/3p4/7k/8/1PP3p1/1K6 b - - 1 46,e6g6
50,Tloza,EulerE,1063,962,8/P7/6Q1/3p4/8/7k/1PP3p1/1K6 w - - 2 47,h4h3
50,Tloza,EulerE,1063,962,Q7/8/6Q1/3p4/8/7k/1PP3p1/1K6 b - - 0 47,a7a8q
50,Tloza,EulerE,1063,962,Q7/8/6Q1/3p4/8/8/1PP3pk/1K6 w - - 1 48,h3h2
50,Tloza,EulerE,1063,962,8/8/6Q1/3Q4/8/8/1PP3pk/1K6 b - - 0 48,a8d5
50,Tloza,EulerE,1063,962,8/8/6Q1/3Q4/8/8/1PP4k/1K4q1 w - - 0 49,g2g1q
50,Tloza,EulerE,1063,962,8/8/8/3Q4/8/8/1PP4k/1K4Q1 b - - 0 49,g6g1
50,Tloza,EulerE,1063,962,8/8/8/3Q4/8/8/1PP5/1K4k1 w - - 0 50,h2g1
50,Tloza,EulerE,1063,962,8/8/8/8/8/5Q2/1PP5/1K4k1 b - - 1 50,d5f3
50,Tloza,EulerE,1063,962,8/8/8/8/8/5Q2/1PP4k/1K6 w - - 2 51,g1h2
50,Tloza,EulerE,1063,962,8/8/8/8/8/5Q2/1PP4k/2K5 b - - 3 51,b1c1
50,Tloza,EulerE,1063,962,8/8/8/8/8/5Q2/1PP5/2K3k1 w - - 4 52,h2g1
50,Tloza,EulerE,1063,962,8/8/8/8/8/5Q2/1PP5/3K2k1 b - - 5 52,c1d1
50,Tloza,EulerE,1063,962,8/8/8/8/8/5Q2/1PP4k/3K4 w - - 6 53,g1h2
50,Tloza,EulerE,1063,962,8/8/8/8/8/5Q2/1PP1K2k/8 b - - 7 53,d1e2
50,Tloza,EulerE,1063,962,8/8/8/8/8/5Q2/1PP1K3/6k1 w - - 8 54,h2g1
50,Tloza,EulerE,1063,962,8/8/8/8/8/6Q1/1PP1K3/6k1 b - - 9 54,f3g3
50,Tloza,EulerE,1063,962,8/8/8/8/8/6Q1/1PP1K3/7k w - - 10 55,g1h1
50,Tloza,EulerE,1063,962,8/8/8/8/6Q1/8/1PP1K3/7k b - - 11 55,g3g4
50,Tloza,EulerE,1063,962,8/8/8/8/6Q1/8/1PP1K2k/8 w - - 12 56,h1h2
50,Tloza,EulerE,1063,962,8/8/8/8/6Q1/8/1PP2K1k/8 b - - 13 56,e2f2
50,Tloza,EulerE,1063,962,8/8/8/8/6Q1/8/1PP2K2/7k w - - 14 57,h2h1
50,Tloza,EulerE,1063,962,8/8/8/8/8/8/1PP2KQ1/7k b - - 15 57,g4g2
