game_id,white,black,white_elo,black_elo,chess_fen,move_made
1,EulerE,elnum5,1213,1178,rnbqkbnr/pppppppp/8/8/3P4/8/PPP1PPPP/RNBQKBNR b KQkq - 0 1,d2d4
1,EulerE,elnum5,1213,1178,rnbqkbnr/ppp1pppp/8/3p4/3P4/8/PPP1PPPP/RNBQKBNR w KQkq - 0 2,d7d5
1,EulerE,elnum5,1213,1178,rnbqkbnr/ppp1pppp/8/3p4/2PP4/8/PP2PPPP/RNBQKBNR b KQkq - 0 2,c2c4
1,EulerE,elnum5,1213,1178,rnbqkbnr/ppp1pppp/8/8/2pP4/8/PP2PPPP/RNBQKBNR w KQkq - 0 3,d5c4
1,EulerE,elnum5,1213,1178,rnbqkbnr/ppp1pppp/8/8/2pPP3/8/PP3PPP/RNBQKBNR b KQkq - 0 3,e2e4
1,EulerE,elnum5,1213,1178,rnbqkbnr/ppp2ppp/4p3/8/2pPP3/8/PP3PPP/RNBQKBNR w KQkq - 0 4,e7e6
1,EulerE,elnum5,1213,1178,rnbqkbnr/ppp2ppp/4p3/8/2BPP3/8/PP3PPP/RNBQK1NR b KQkq - 0 4,f1c4
1,EulerE,elnum5,1213,1178,rnbqk1nr/ppp2ppp/4p3/8/1bBPP3/8/PP3PPP/RNBQK1NR w KQkq - 1 5,f8b4
1,EulerE,elnum5,1213,1178,rnbqk1nr/ppp2ppp/4p3/8/1bBPP3/2N5/PP3PPP/R1BQK1NR b KQkq - 2 5,b1c3
1,EulerE,elnum5,1213,1178,r1bqk1nr/ppp2ppp/2n1p3/8/1bBPP3/2N5/PP3PPP/R1BQK1NR w KQkq - 3 6,b8c6
1,EulerE,elnum5,1213,1178,r1bqk1nr/ppp2ppp/2n1p3/3P4/1bB1P3/2N5/PP3PPP/R1BQK1NR b KQkq - 0 6,d4d5
1,EulerE,elnum5,1213,1178,r1bqk1nr/ppp2ppp/2n5/3p4/1bB1P3/2N5/PP3PPP/R1BQK1NR w KQkq - 0 7,e6d5
1,EulerE,elnum5,1213,1178,r1bqk1nr/ppp2ppp/2n5/3P4/1bB5/2N5/PP3PPP/R1BQK1NR b KQkq - 0 7,e4d5
1,EulerE,elnum5,1213,1178,r1bqk1nr/ppp2ppp/2n5/3P4/2B5/2b5/PP3PPP/R1BQK1NR w KQkq - 0 8,b4c3
1,EulerE,elnum5,1213,1178,r1bqk1nr/ppp2ppp/2n5/3P4/2B5/2P5/P4PPP/R1BQK1NR b KQkq - 0 8,b2c3
1,EulerE,elnum5,1213,1178,r1bqk1nr/ppp2ppp/8/3Pn3/2B5/2P5/P4PPP/R1BQK1NR w KQkq - 1 9,c6e5
1,EulerE,elnum5,1213,1178,r1bqk1nr/ppp2ppp/8/3Pn3/2BQ4/2P5/P4PPP/R1B1K1NR b KQkq - 2 9,d1d4
1,EulerE,elnum5,1213,1178,r1bqk1nr/ppp3pp/5p2/3Pn3/2BQ4/2P5/P4PPP/R1B1K1NR w KQkq - 0 10,f7f6
1,EulerE,elnum5,1213,1178,r1bqk1nr/ppp3pp/5p2/3Pn3/2BQ1B2/2P5/P4PPP/R3K1NR b KQkq - 1 10,c1f4
1,EulerE,elnum5,1213,1178,r1bqk1nr/ppp3pp/5p2/3P4/2nQ1B2/2P5/P4PPP/R3K1NR w KQkq - 0 11,e5c4
1,EulerE,elnum5,1213,1178,r1bqk1nr/ppp3pp/5p2/3P4/2Q2B2/2P5/P4PPP/R3K1NR b KQkq - 0 11,d4c4
1,EulerE,elnum5,1213,1178,r1bqk2r/ppp1n1pp/5p2/3P4/2Q2B2/2P5/P4PPP/R3K1NR w KQkq - 1 12,g8e7
1,EulerE,elnum5,1213,1178,r1bqk2r/ppp1n1pp/5p2/3P4/2Q2B2/2P2N2/P4PPP/R3K2R b KQkq - 2 12,g1f3
1,EulerE,elnum5,1213,1178,r1bqk2r/ppp3pp/5p2/3n4/2Q2B2/2P2N2/P4PPP/R3K2R w KQkq - 0 13,e7d5
1,EulerE,elnum5,1213,1178,r1bqk2r/ppp3pp/5p2/3n4/2Q2B2/2P2N2/P4PPP/R4RK1 b kq - 1 13,e1g1
1,EulerE,elnum5,1213,1178,r2qk2r/ppp3pp/5p2/3n4/2Q2Bb1/2P2N2/P4PPP/R4RK1 w kq - 2 14,c8g4
1,EulerE,elnum5,1213,1178,r2qk2r/ppp3pp/5p2/3n4/2Q2Bb1/2P2N2/P4PPP/R3R1K1 b kq - 3 14,f1e1
1,EulerE,elnum5,1213,1178,r2q1k1r/ppp3pp/5p2/3n4/2Q2Bb1/2P2N2/P4PPP/R3R1K1 w - - 4 15,e8f8
1,EulerE,elnum5,1213,1178,r2q1k1r/ppp3pp/5p2/3n4/2Q2Bb1/2P2N2/P4PPP/3RR1K1 b - - 5 15,a1d1
1,EulerE,elnum5,1213,1178,r2q1k1r/pp4pp/2p2p2/3n4/2Q2Bb1/2P2N2/P4PPP/3RR1K1 w - - 0 16,c7c6
1,EulerE,elnum5,1213,1178,r2q1k1r/pp4pp/2p2p2/2Qn4/5Bb1/2P2N2/P4PPP/3RR1K1 b - - 1 16,c4c5
1,EulerE,elnum5,1213,1178,r2q3r/pp3kpp/2p2p2/2Qn4/5Bb1/2P2N2/P4PPP/3RR1K1 w - - 2 17,f8f7
1,EulerE,elnum5,1213,1178,r2q3r/pp3kpp/2p2p2/3n4/2Q2Bb1/2P2N2/P4PPP/3RR1K1 b - - 3 17,c5c4
1,EulerE,elnum5,1213,1178,r2qr3/pp3kpp/2p2p2/3n4/2Q2Bb1/2P2N2/P4PPP/3RR1K1 w - - 4 18,h8e8
1,EulerE,elnum5,1213,1178,r2qR3/pp3kpp/2p2p2/3n4/2Q2Bb1/2P2N2/P4PPP/3R2K1 b - - 0 18,e1e8
1,EulerE,elnum5,1213,1178,r3q3/pp3kpp/2p2p2/3n4/2Q2Bb1/2P2N2/P4PPP/3R2K1 w - - 0 19,d8e8
1,EulerE,elnum5,1213,1178,r3q3/pp3kpp/2p2p2/3R4/2Q2Bb1/2P2N2/P4PPP/6K1 b - - 0 19,d1d5
1,EulerE,elnum5,1213,1178,r3q3/pp3kpp/2p2p2/3R4/2Q2B2/2P2b2/P4PPP/6K1 w - - 0 20,g4f3
1,EulerE,elnum5,1213,1178,r3q3/pp3kpp/2p2p2/4R3/2Q2B2/2P2b2/P4PPP/6K1 b - - 1 20,d5e5
1,EulerE,elnum5,1213,1178,r3q3/pp3kpp/2p2p2/3bR3/2Q2B2/2P5/P4PPP/6K1 w - - 2 21,f3d5
1,EulerE,elnum5,1213,1178,r3R3/pp3kpp/2p2p2/3b4/2Q2B2/2P5/P4PPP/6K1 b - - 0 21,e5e8
1,EulerE,elnum5,1213,1178,r3R3/pp3kpp/2p2p2/8/2b2B2/2P5/P4PPP/6K1 w - - 0 22,d5c4
1,EulerE,elnum5,1213,1178,R7/pp3kpp/2p2p2/8/2b2B2/2P5/P4PPP/6K1 b - - 0 22,e8a8
2,MagnusLer,EulerE,1170,1220,rnbqkbnr/pppppppp/8/8/3P4/8/PPP1PPPP/RNBQKBNR b KQkq - 0 1,d2d4
2,MagnusLer,EulerE,1170,1220,rnbqkbnr/ppp1pppp/8/3p4/3P4/8/PPP1PPPP/RNBQKBNR w KQkq - 0 2,d7d5
2,MagnusLer,EulerE,1170,1220,rnbqkbnr/ppp1pppp/8/3p4/3P4/5N2/PPP1PPPP/RNBQKB1R b KQkq - 1 2,g1f3
2,MagnusLer,EulerE,1170,1220,rnbqkb1r/ppp1pppp/5n2/3p4/3P4/5N2/PPP1PPPP/RNBQKB1R w KQkq - 2 3,g8f6
2,MagnusLer,EulerE,1170,1220,rnbqkb1r/ppp1pppp/5n2/3p4/3P1B2/5N2/PPP1PPPP/RN1QKB1R b KQkq - 3 3,c1f4
2,MagnusLer,EulerE,1170,1220,r1bqkb1r/ppp1pppp/2n2n2/3p4/3P1B2/5N2/PPP1PPPP/RN1QKB1R w KQkq - 4 4,b8c6
2,MagnusLer,EulerE,1170,1220,r1bqkb1r/ppp1pppp/2n2n2/3p4/3P1B2/4PN2/PPP2PPP/RN1QKB1R b KQkq - 0 4,e2e3
2,MagnusLer,EulerE,1170,1220,r1bqkb1r/ppp1pp1p/2n2np1/3p4/3P1B2/4PN2/PPP2PPP/RN1QKB1R w KQkq - 0 5,g7g6
2,MagnusLer,EulerE,1170,1220,r1bqkb1r/ppp1pp1p/2n2np1/1B1p4/3P1B2/4PN2/PPP2PPP/RN1QK2R b KQkq - 1 5,f1b5
2,MagnusLer,EulerE,1170,1220,r2qkb1r/pppbpp1p/2n2np1/1B1p4/3P1B2/4PN2/PPP2PPP/RN1QK2R w KQkq - 2 6,c8d7
2,MagnusLer,EulerE,1170,1220,r2qkb1r/pppbpp1p/2n2np1/1B1p4/3P1B2/2P1PN2/PP3PPP/RN1QK2R b KQkq - 0 6,c2c3
2,MagnusLer,EulerE,1170,1220,r2qkb1r/1ppbpp1p/p1n2np1/1B1p4/3P1B2/2P1PN2/PP3PPP/RN1QK2R w KQkq - 0 7,a7a6
2,MagnusLer,EulerE,1170,1220,r2qkb1r/1ppbpp1p/p1n2np1/3p4/3P1B2/2PBPN2/PP3PPP/RN1QK2R b KQkq - 1 7,b5d3
2,MagnusLer,EulerE,1170,1220,r2qk2r/1ppbppbp/p1n2np1/3p4/3P1B2/2PBPN2/PP3PPP/RN1QK2R w KQkq - 2 8,f8g7
2,MagnusLer,EulerE,1170,1220,r2qk2r/1ppbppbp/p1n2np1/3p4/3P1B2/1QPBPN2/PP3PPP/RN2K2R b KQkq - 3 8,d1b3
2,MagnusLer,EulerE,1170,1220,1r1qk2r/1ppbppbp/p1n2np1/3p4/3P1B2/1QPBPN2/PP3PPP/RN2K2R w KQk - 4 9,a8b8
2,MagnusLer,EulerE,1170,1220,1r1qk2r/1ppbppbp/p1n2np1/3p4/3P1B2/1QPBPN2/PP1N1PPP/R3K2R b KQk - 5 9,b1d2
2,MagnusLer,EulerE,1170,1220,1r1q1rk1/1ppbppbp/p1n2np1/3p4/3P1B2/1QPBPN2/PP1N1PPP/R3K2R w KQ - 6 10,e8g8
2,MagnusLer,EulerE,1170,1220,1r1q1rk1/1ppbppbp/p1n2np1/3pN3/3P1B2/1QPBP3/PP1N1PPP/R3K2R b KQ - 7 10,f3e5
2,MagnusLer,EulerE,1170,1220,1r1q1rk1/1ppbppbp/p4np1/3pn3/3P1B2/1QPBP3/PP1N1PPP/R3K2R w KQ - 0 11,c6e5
2,MagnusLer,EulerE,1170,1220,1r1q1rk1/1ppbppbp/p4np1/3pB3/3P4/1QPBP3/PP1N1PPP/R3K2R b KQ - 0 11,f4e5
2,MagnusLer,EulerE,1170,1220,1r1q1rk1/1ppbppbp/p5p1/3pB3/3P2n1/1QPBP3/PP1N1PPP/R3K2R w KQ - 1 12,f6g4
2,MagnusLer,EulerE,1170,1220,1r1q1rk1/1ppbppbp/p5p1/3p4/3P2n1/1QPBP1B1/PP1N1PPP/R3K2R b KQ - 2 12,e5g3
2,MagnusLer,EulerE,1170,1220,1r1qr1k1/1ppbppbp/p5p1/3p4/3P2n1/1QPBP1B1/PP1N1PPP/R3K2R w KQ - 3 13,f8e8
2,MagnusLer,EulerE,1170,1220,1r1qr1k1/1ppbppbp/p5p1/3p4/3P2n1/1QPBP1B1/PP1N1PPP/2KR3R b - - 4 13,e1c1
2,MagnusLer,EulerE,1170,1220,1r1qr1k1/1ppbppb1/p5p1/3p3p/3P2n1/1QPBP1B1/PP1N1PPP/2KR3R w - - 0 14,h7h5
2,MagnusLer,EulerE,1170,1220,1r1qr1k1/1ppbppb1/p5p1/3p3p/3P2n1/1QP1P1B1/PP1NBPPP/2KR3R b - - 1 14,d3e2
2,MagnusLer,EulerE,1170,1220,1r1qr1k1/1ppb1pb1/p5p1/3pp2p/3P2n1/1QP1P1B1/PP1NBPPP/2KR3R w - - 0 15,e7e5
2,MagnusLer,EulerE,1170,1220,1r1qr1k1/1ppb1pb1/p5p1/3pP2p/6n1/1QP1P1B1/PP1NBPPP/2KR3R b - - 0 15,d4e5
2,MagnusLer,EulerE,1170,1220,1r1qr1k1/1ppb1p2/p5p1/3pb2p/6n1/1QP1P1B1/PP1NBPPP/2KR3R w - - 0 16,g7e5
2,MagnusLer,EulerE,1170,1220,1r1qr1k1/1ppb1p2/p5p1/3pb2p/6n1/1QP1P1B1/PP1NBPPP/2K2R1R b - - 1 16,d1f1
2,MagnusLer,EulerE,1170,1220,1r1qr1k1/1ppb1p2/p5p1/3p3p/6n1/1QP1P1b1/PP1NBPPP/2K2R1R w - - 0 17,e5g3
2,MagnusLer,EulerE,1170,1220,1r1qr1k1/1ppb1p2/p5p1/3p3p/6n1/1QP1P1P1/PP1NB1PP/2K2R1R b - - 0 17,f2g3
2,MagnusLer,EulerE,1170,1220,1r2r1k1/1ppb1p2/p5p1/3p2qp/6n1/1QP1P1P1/PP1NB1PP/2K2R1R w - - 1 18,d8g5
2,MagnusLer,EulerE,1170,1220,1r2r1k1/1ppb1p2/p5p1/3p2qp/6n1/1QP1PRP1/PP1NB1PP/2K4R b - - 2 18,f1f3
2,MagnusLer,EulerE,1170,1220,1r2r1k1/1ppb1p2/p5p1/3p2qp/8/1QP1nRP1/PP1NB1PP/2K4R w - - 0 19,g4e3
2,MagnusLer,EulerE,1170,1220,1r2r1k1/1ppb1p2/p5p1/3p2qp/2P5/1Q2nRP1/PP1NB1PP/2K4R b - - 0 19,c3c4
2,MagnusLer,EulerE,1170,1220,1r2r1k1/1ppb1p2/p5p1/3p2qp/2P5/1Q3RP1/PP1NB1nP/2K4R w - - 0 20,e3g2
2,MagnusLer,EulerE,1170,1220,1r2r1k1/1ppb1p2/p5p1/3P2qp/8/1Q3RP1/PP1NB1nP/2K4R b - - 0 20,c4d5
2,MagnusLer,EulerE,1170,1220,1r4k1/1ppb1p2/p5p1/3P2qp/8/1Q3RP1/PP1Nr1nP/2K4R w - - 0 21,e8e2
2,MagnusLer,EulerE,1170,1220,1r4k1/1ppb1p2/p2P2p1/6qp/8/1Q3RP1/PP1Nr1nP/2K4R b - - 0 21,d5d6
2,MagnusLer,EulerE,1170,1220,1r4k1/1ppb1p2/p2P2p1/7p/8/1Q3RP1/PP1qr1nP/2K4R w - - 0 22,g5d2
2,MagnusLer,EulerE,1170,1220,1r4k1/1ppb1p2/p2P2p1/7p/8/1Q3RP1/PP1qr1nP/1K5R b - - 1 22,c1b1
2,MagnusLer,EulerE,1170,1220,1r4k1/1ppb1p2/p2P2p1/7p/8/1Q3RP1/PP1q2nP/1K2r2R w - - 2 23,e2e1
2,MagnusLer,EulerE,1170,1220,1r4k1/1ppb1p2/p2P2p1/7p/8/1Q3RP1/PP1q2nP/1K2R3 b - - 0 23,h1e1
2,MagnusLer,EulerE,1170,1220,1r4k1/1ppb1p2/p2P2p1/7p/8/1Q3RP1/PP4nP/1K2q3 w - - 0 24,d2e1
2,MagnusLer,EulerE,1170,1220,1r4k1/1ppb1p2/p2P2p1/7p/8/1Q3RP1/PPK3nP/4q3 b - - 1 24,b1c2
2,MagnusLer,EulerE,1170,1220,1r4k1/1pp2p2/p2P2p1/5b1p/8/1Q3RP1/PPK3nP/4q3 w - - 2 25,d7f5
3,EulerE,willthepeacemaker,1211,1187,rnbqkbnr/pppppppp/8/8/3P4/8/PPP1PPPP/RNBQKBNR b KQkq - 0 1,d2d4
3,EulerE,willthepeacemaker,1211,1187,rnbqkbnr/ppp1pppp/8/3p4/3P4/8/PPP1PPPP/RNBQKBNR w KQkq - 0 2,d7d5
3,EulerE,willthepeacemaker,1211,1187,rnbqkbnr/ppp1pppp/8/3p4/2PP4/8/PP2PPPP/RNBQKBNR b KQkq - 0 2,c2c4
3,EulerE,willthepeacemaker,1211,1187,rnbqkbnr/pp2pppp/8/2pp4/2PP4/8/PP2PPPP/RNBQKBNR w KQkq - 0 3,c7c5
3,EulerE,willthepeacemaker,1211,1187,rnbqkbnr/pp2pppp/8/2Pp4/2P5/8/PP2PPPP/RNBQKBNR b KQkq - 0 3,d4c5
3,EulerE,willthepeacemaker,1211,1187,rnbqkbnr/pp2pppp/8/2P5/2Pp4/8/PP2PPPP/RNBQKBNR w KQkq - 0 4,d5d4
3,EulerE,willthepeacemaker,1211,1187,rnbqkbnr/pp2pppp/8/2P5/2Pp4/5N2/PP2PPPP/RNBQKB1R b KQkq - 1 4,g1f3
3,EulerE,willthepeacemaker,1211,1187,r1bqkbnr/pp2pppp/2n5/2P5/2Pp4/5N2/PP2PPPP/RNBQKB1R w KQkq - 2 5,b8c6
3,EulerE,willthepeacemaker,1211,1187,r1bqkbnr/pp2pppp/2n5/2P5/2Pp4/4PN2/PP3PPP/RNBQKB1R b KQkq - 0 5,e2e3
3,EulerE,willthepeacemaker,1211,1187,r1bqkbnr/pp2pppp/2n5/2P5/2P5/4pN2/PP3PPP/RNBQKB1R w KQkq - 0 6,d4e3
3,EulerE,willthepeacemaker,1211,1187,r1bQkbnr/pp2pppp/2n5/2P5/2P5/4pN2/PP3PPP/RNB1KB1R b KQkq - 0 6,d1d8
3,EulerE,willthepeacemaker,1211,1187,r1bnkbnr/pp2pppp/8/2P5/2P5/4pN2/PP3PPP/RNB1KB1R w KQkq - 0 7,c6d8
3,EulerE,willthepeacemaker,1211,1187,r1bnkbnr/pp2pppp/8/2P5/2P5/4BN2/PP3PPP/RN2KB1R b KQkq - 0 7,c1e3
3,EulerE,willthepeacemaker,1211,1187,r1b1kbnr/pp2pppp/2n5/2P5/2P5/4BN2/PP3PPP/RN2KB1R w KQkq - 1 8,d8c6
3,EulerE,willthepeacemaker,1211,1187,r1b1kbnr/pp2pppp/2n5/2P5/2P5/2N1BN2/PP3PPP/R3KB1R b KQkq - 2 8,b1c3
3,EulerE,willthepeacemaker,1211,1187,r1b1kbnr/pp3ppp/2n1p3/2P5/2P5/2N1BN2/PP3PPP/R3KB1R w KQkq - 0 9,e7e6
3,EulerE,willthepeacemaker,1211,1187,r1b1kbnr/pp3ppp/2n1p3/2P5/2P5/2NBBN2/PP3PPP/R3K2R b KQkq - 1 9,f1d3
3,EulerE,willthepeacemaker,1211,1187,r1b1kb1r/pp3ppp/2n1pn2/2P5/2P5/2NBBN2/PP3PPP/R3K2R w KQkq - 2 10,g8f6
3,EulerE,willthepeacemaker,1211,1187,r1b1kb1r/pp3ppp/2n1pn2/2P5/2P5/2NBBN2/PP3PPP/R4RK1 b kq - 3 10,e1g1
3,EulerE,willthepeacemaker,1211,1187,r1b1kb1r/1p3ppp/p1n1pn2/2P5/2P5/2NBBN2/PP3PPP/R4RK1 w kq - 0 11,a7a6
3,EulerE,willthepeacemaker,1211,1187,r1b1kb1r/1p3ppp/p1n1pn2/2P5/2P5/2NBBN2/PP3PPP/3R1RK1 b kq - 1 11,a1d1
3,EulerE,willthepeacemaker,1211,1187,r1b1k2r/1p2bppp/p1n1pn2/2P5/2P5/2NBBN2/PP3PPP/3R1RK1 w kq - 2 12,f8e7
3,EulerE,willthepeacemaker,1211,1187,r1b1k2r/1p2bppp/p1n1pn2/2P5/2P1N3/3BBN2/PP3PPP/3R1RK1 b kq - 3 12,c3e4
3,EulerE,willthepeacemaker,1211,1187,r1b2rk1/1p2bppp/p1n1pn2/2P5/2P1N3/3BBN2/PP3PPP/3R1RK1 w - - 4 13,e8g8
3,EulerE,willthepeacemaker,1211,1187,r1b2rk1/1p2bppp/p1n1pn2/2P3B1/2P1N3/3B1N2/PP3PPP/3R1RK1 b - - 5 13,e3g5
3,EulerE,willthepeacemaker,1211,1187,r1b1r1k1/1p2bppp/p1n1pn2/2P3B1/2P1N3/3B1N2/PP3PPP/3R1RK1 w - - 6 14,f8e8
3,EulerE,willthepeacemaker,1211,1187,r1b1r1k1/1p2bppp/p1n1pN2/2P3B1/2P5/3B1N2/PP3PPP/3R1RK1 b - - 0 14,e4f6
3,EulerE,willthepeacemaker,1211,1187,r1b1r1k1/1p3ppp/p1n1pb2/2P3B1/2P5/3B1N2/PP3PPP/3R1RK1 w - - 0 15,e7f6
3,EulerE,willthepeacemaker,1211,1187,r1b1r1k1/1p3ppp/p1n1pB2/2P5/2P5/3B1N2/PP3PPP/3R1RK1 b - - 0 15,g5f6
3,EulerE,willthepeacemaker,1211,1187,r1b1r1k1/1p3p1p/p1n1pp2/2P5/2P5/3B1N2/PP3PPP/3R1RK1 w - - 0 16,g7f6
3,EulerE,willthepeacemaker,1211,1187,r1b1r1k1/1p3p1p/p1n1pp2/2P5/2P5/5N2/PPB2PPP/3R1RK1 b - - 1 16,d3c2
3,EulerE,willthepeacemaker,1211,1187,r1b1r1k1/1p3p1p/p1n2p2/2P1p3/2P5/5N2/PPB2PPP/3R1RK1 w - - 0 17,e6e5
3,EulerE,willthepeacemaker,1211,1187,r1b1r1k1/1p3p1p/p1n2p2/2P1p3/2P4P/5N2/PPB2PP1/3R1RK1 b - - 0 17,h2h4
3,EulerE,willthepeacemaker,1211,1187,r3r1k1/1p3p1p/p1n2p2/2P1p3/2P3bP/5N2/PPB2PP1/3R1RK1 w - - 1 18,c8g4
3,EulerE,willthepeacemaker,1211,1187,r3r1k1/1p3p1p/p1n2p2/2P1p3/2P1B1bP/5N2/PP3PP1/3R1RK1 b - - 2 18,c2e4
3,EulerE,willthepeacemaker,1211,1187,r3r1k1/1p3p1p/p1n5/2P1pp2/2P1B1bP/5N2/PP3PP1/3R1RK1 w - - 0 19,f6f5
3,EulerE,willthepeacemaker,1211,1187,r3r1k1/1p3p1p/p1B5/2P1pp2/2P3bP/5N2/PP3PP1/3R1RK1 b - - 0 19,e4c6
3,EulerE,willthepeacemaker,1211,1187,r3r1k1/5p1p/p1p5/2P1pp2/2P3bP/5N2/PP3PP1/3R1RK1 w - - 0 20,b7c6
3,EulerE,willthepeacemaker,1211,1187,r3r1k1/5p1p/p1p5/2P1pp2/2P3bP/3R1N2/PP3PP1/5RK1 b - - 1 20,d1d3
3,EulerE,willthepeacemaker,1211,1187,r3r1k1/5p1p/p1p5/2P2p2/2P1p1bP/3R1N2/PP3PP1/5RK1 w - - 0 21,e5e4
3,EulerE,willthepeacemaker,1211,1187,r3r1k1/5p1p/p1p5/2P2p2/2P1p1bP/3R4/PP3PPN/5RK1 b - - 1 21,f3h2
3,EulerE,willthepeacemaker,1211,1187,r3r1k1/5p1p/p1p5/2P2p2/2P3bP/3p4/PP3PPN/5RK1 w - - 0 22,e4d3
3,EulerE,willthepeacemaker,1211,1187,r3r1k1/5p1p/p1p5/2P2p2/2P3NP/3p4/PP3PP1/5RK1 b - - 0 22,h2g4
3,EulerE,willthepeacemaker,1211,1187,r3r1k1/5p1p/p1p5/2P5/2P3pP/3p4/PP3PP1/5RK1 w - - 0 23,f5g4
3,EulerE,willthepeacemaker,1211,1187,r3r1k1/5p1p/p1p5/2P5/2P3pP/3p2P1/PP3P2/5RK1 b - - 0 23,g2g3
4,lumpyspaceaaron,EulerE,1210,1203,rnbqkbnr/pppppppp/8/8/4P3/8/PPPP1PPP/RNBQKBNR b KQkq - 0 1,e2e4
4,lumpyspaceaaron,EulerE,1210,1203,rnbqkbnr/pppp1ppp/8/4p3/4P3/8/PPPP1PPP/RNBQKBNR w KQkq - 0 2,e7e5
4,lumpyspaceaaron,EulerE,1210,1203,rnbqkbnr/pppp1ppp/8/4p3/2B1P3/8/PPPP1PPP/RNBQK1NR b KQkq - 1 2,f1c4
4,lumpyspaceaaron,EulerE,1210,1203,rnbqkb1r/pppp1ppp/5n2/4p3/2B1P3/8/PPPP1PPP/RNBQK1NR w KQkq - 2 3,g8f6
4,lumpyspaceaaron,EulerE,1210,1203,rnbqkb1r/pppp1ppp/5n2/4p3/2B1P3/2N5/PPPP1PPP/R1BQK1NR b KQkq - 3 3,b1c3
4,lumpyspaceaaron,EulerE,1210,1203,r1bqkb1r/pppp1ppp/2n2n2/4p3/2B1P3/2N5/PPPP1PPP/R1BQK1NR w KQkq - 4 4,b8c6
4,lumpyspaceaaron,EulerE,1210,1203,r1bqkb1r/pppp1ppp/2n2n2/4p3/2B1P1P1/2N5/PPPP1P1P/R1BQK1NR b KQkq - 0 4,g2g4
4,lumpyspaceaaron,EulerE,1210,1203,r1bqkb1r/pppp1pp1/2n2n1p/4p3/2B1P1P1/2N5/PPPP1P1P/R1BQK1NR w KQkq - 0 5,h7h6
4,lumpyspaceaaron,EulerE,1210,1203,r1bqkb1r/pppp1pp1/2n2n1p/4p3/2B1P1PP/2N5/PPPP1P2/R1BQK1NR b KQkq - 0 5,h2h4
4,lumpyspaceaaron,EulerE,1210,1203,r1bqkb1r/pppp1p2/2n2n1p/4p1p1/2B1P1PP/2N5/PPPP1P2/R1BQK1NR w KQkq - 0 6,g7g5
4,lumpyspaceaaron,EulerE,1210,1203,r1bqkb1r/pppp1p2/2n2n1p/4p1P1/2B1P1P1/2N5/PPPP1P2/R1BQK1NR b KQkq - 0 6,h4g5
4,lumpyspaceaaron,EulerE,1210,1203,r1bqkb1r/pppp1p1n/2n4p/4p1P1/2B1P1P1/2N5/PPPP1P2/R1BQK1NR w KQkq - 1 7,f6h7
5,Epark928,EulerE,1184,1194,rnbqkbnr/pppppppp/8/8/4P3/8/PPPP1PPP/RNBQKBNR b KQkq - 0 1,e2e4
5,Epark928,EulerE,1184,1194,rnbqkbnr/pppp1ppp/4p3/8/4P3/8/PPPP1PPP/RNBQKBNR w KQkq - 0 2,e7e6
5,Epark928,EulerE,1184,1194,rnbqkbnr/pppp1ppp/4p3/8/2B1P3/8/PPPP1PPP/RNBQK1NR b KQkq - 1 2,f1c4
5,Epark928,EulerE,1184,1194,rnbqkbnr/ppp2ppp/4p3/3p4/2B1P3/8/PPPP1PPP/RNBQK1NR w KQkq - 0 3,d7d5
5,Epark928,EulerE,1184,1194,rnbqkbnr/ppp2ppp/4p3/3P4/2B5/8/PPPP1PPP/RNBQK1NR b KQkq - 0 3,e4d5
5,Epark928,EulerE,1184,1194,rnbqkbnr/ppp2ppp/8/3p4/2B5/8/PPPP1PPP/RNBQK1NR w KQkq - 0 4,e6d5
5,Epark928,EulerE,1184,1194,rnbqkbnr/ppp2ppp/8/1B1p4/8/8/PPPP1PPP/RNBQK1NR b KQkq - 1 4,c4b5
5,Epark928,EulerE,1184,1194,rnbqkbnr/pp3ppp/2p5/1B1p4/8/8/PPPP1PPP/RNBQK1NR w KQkq - 0 5,c7c6
5,Epark928,EulerE,1184,1194,rnbqkbnr/pp3ppp/2p5/3p4/8/3B4/PPPP1PPP/RNBQK1NR b KQkq - 1 5,b5d3
5,Epark928,EulerE,1184,1194,rnbqkb1r/pp3ppp/2p2n2/3p4/8/3B4/PPPP1PPP/RNBQK1NR w KQkq - 2 6,g8f6
5,Epark928,EulerE,1184,1194,rnbqkb1r/pp3ppp/2p2n2/3p4/8/3B1P2/PPPP2PP/RNBQK1NR b KQkq - 0 6,f2f3
5,Epark928,EulerE,1184,1194,r1bqkb1r/pp1n1ppp/2p2n2/3p4/8/3B1P2/PPPP2PP/RNBQK1NR w KQkq - 1 7,b8d7
5,Epark928,EulerE,1184,1194,r1bqkb1r/pp1n1ppp/2p2n2/3p4/8/3B1P2/PPPPN1PP/RNBQK2R b KQkq - 2 7,g1e2
5,Epark928,EulerE,1184,1194,r1bqkb1r/pp3ppp/2p2n2/2np4/8/3B1P2/PPPPN1PP/RNBQK2R w KQkq - 3 8,d7c5
5,Epark928,EulerE,1184,1194,r1bqkb1r/pp3ppp/2p2n2/2np4/8/3B1P2/PPPPN1PP/RNBQ1RK1 b kq - 4 8,e1g1
5,Epark928,EulerE,1184,1194,r1bqkb1r/pp3ppp/2p2n2/3p4/8/3n1P2/PPPPN1PP/RNBQ1RK1 w kq - 0 9,c5d3
5,Epark928,EulerE,1184,1194,r1bqkb1r/pp3ppp/2p2n2/3p4/8/3P1P2/PP1PN1PP/RNBQ1RK1 b kq - 0 9,c2d3
5,Epark928,EulerE,1184,1194,r1bqk2r/pp3ppp/2pb1n2/3p4/8/3P1P2/PP1PN1PP/RNBQ1RK1 w kq - 1 10,f8d6
5,Epark928,EulerE,1184,1194,r1bqk2r/pp3ppp/2pb1n2/3p4/8/2NP1P2/PP1PN1PP/R1BQ1RK1 b kq - 2 10,b1c3
5,Epark928,EulerE,1184,1194,r1bq1rk1/pp3ppp/2pb1n2/3p4/8/2NP1P2/PP1PN1PP/R1BQ1RK1 w - - 3 11,e8g8
5,Epark928,EulerE,1184,1194,r1bq1rk1/pp3ppp/2pb1n2/3p4/8/P1NP1P2/1P1PN1PP/R1BQ1RK1 b - - 0 11,a2a3
5,Epark928,EulerE,1184,1194,r2q1rk1/pp3ppp/2pb1n2/3p1b2/8/P1NP1P2/1P1PN1PP/R1BQ1RK1 w - - 1 12,c8f5
5,Epark928,EulerE,1184,1194,r2q1rk1/pp3ppp/2pb1n2/3p1b2/3P4/P1N2P2/1P1PN1PP/R1BQ1RK1 b - - 0 12,d3d4
5,Epark928,EulerE,1184,1194,r4rk1/ppq2ppp/2pb1n2/3p1b2/3P4/P1N2P2/1P1PN1PP/R1BQ1RK1 w - - 1 13,d8c7
5,Epark928,EulerE,1184,1194,r4rk1/ppq2ppp/2pb1n2/3p1b2/3P4/P1N2PP1/1P1PN2P/R1BQ1RK1 b - - 0 13,g2g3
5,Epark928,EulerE,1184,1194,r4rk1/ppq2ppp/2pb1n2/3p4/3P4/P1N2PPb/1P1PN2P/R1BQ1RK1 w - - 1 14,f5h3
5,Epark928,EulerE,1184,1194,r4rk1/ppq2ppp/2pb1n2/3p4/3P4/P1N2PPb/1P1PNR1P/R1BQ2K1 b - - 2 14,f1f2
5,Epark928,EulerE,1184,1194,r3r1k1/ppq2ppp/2pb1n2/3p4/3P4/P1N2PPb/1P1PNR1P/R1BQ2K1 w - - 3 15,f8e8
5,Epark928,EulerE,1184,1194,r3r1k1/ppq2ppp/2pb1n2/3p4/3P1P2/P1N3Pb/1P1PNR1P/R1BQ2K1 b - - 0 15,f3f4
5,Epark928,EulerE,1184,1194,r3r1k1/p1q2ppp/2pb1n2/1p1p4/3P1P2/P1N3Pb/1P1PNR1P/R1BQ2K1 w - - 0 16,b7b5
5,Epark928,EulerE,1184,1194,r3r1k1/p1q2ppp/2pb1n2/1p1p4/1P1P1P2/P1N3Pb/3PNR1P/R1BQ2K1 b - - 0 16,b2b4
5,Epark928,EulerE,1184,1194,r3r1k1/2q2ppp/2pb1n2/pp1p4/1P1P1P2/P1N3Pb/3PNR1P/R1BQ2K1 w - - 0 17,a7a5
5,Epark928,EulerE,1184,1194,r3r1k1/2q2ppp/2pb1n2/Pp1p4/3P1P2/P1N3Pb/3PNR1P/R1BQ2K1 b - - 0 17,b4a5
5,Epark928,EulerE,1184,1194,4r1k1/2q2ppp/2pb1n2/rp1p4/3P1P2/P1N3Pb/3PNR1P/R1BQ2K1 w - - 0 18,a8a5
5,Epark928,EulerE,1184,1194,4r1k1/2q2ppp/2pb1n2/rp1p4/3P1P2/P1N3Pb/1B1PNR1P/R2Q2K1 b - - 1 18,c1b2
5,Epark928,EulerE,1184,1194,4r1k1/2q2ppp/2pb4/rp1p4/3PnP2/P1N3Pb/1B1PNR1P/R2Q2K1 w - - 2 19,f6e4
5,Epark928,EulerE,1184,1194,4r1k1/2q2ppp/2pb4/rp1p4/3PNP2/P5Pb/1B1PNR1P/R2Q2K1 b - - 0 19,c3e4
5,Epark928,EulerE,1184,1194,6k1/2q2ppp/2pb4/rp1p4/3PrP2/P5Pb/1B1PNR1P/R2Q2K1 w - - 0 20,e8e4
5,Epark928,EulerE,1184,1194,6k1/2q2ppp/2pb4/rp1p4/3PrP2/P1N3Pb/1B1P1R1P/R2Q2K1 b - - 1 20,e2c3
5,Epark928,EulerE,1184,1194,4r1k1/2q2ppp/2pb4/rp1p4/3P1P2/P1N3Pb/1B1P1R1P/R2Q2K1 w - - 2 21,e4e8
5,Epark928,EulerE,1184,1194,4r1k1/2q2ppp/2pb4/rp1p4/3P1P2/P5Pb/1B1PNR1P/R2Q2K1 b - - 3 21,c3e2
5,Epark928,EulerE,1184,1194,4r1k1/2q2ppp/2pb4/r2p4/1p1P1P2/P5Pb/1B1PNR1P/R2Q2K1 w - - 0 22,b5b4
5,Epark928,EulerE,1184,1194,4r1k1/2q2ppp/2pb4/r2p4/1P1P1P2/6Pb/1B1PNR1P/R2Q2K1 b - - 0 22,a3b4
5,Epark928,EulerE,1184,1194,4r1k1/2q2ppp/2p5/r2p4/1b1P1P2/6Pb/1B1PNR1P/R2Q2K1 w - - 0 23,d6b4
5,Epark928,EulerE,1184,1194,4r1k1/2q2ppp/2p5/R2p4/1b1P1P2/6Pb/1B1PNR1P/3Q2K1 b - - 0 23,a1a5
5,Epark928,EulerE,1184,1194,4r1k1/2q2ppp/2p5/b2p4/3P1P2/6Pb/1B1PNR1P/3Q2K1 w - - 0 24,b4a5
5,Epark928,EulerE,1184,1194,4r1k1/2q2ppp/2p5/b2p4/3P1P2/2N3Pb/1B1P1R1P/3Q2K1 b - - 1 24,e2c3
5,Epark928,EulerE,1184,1194,1r4k1/2q2ppp/2p5/b2p4/3P1P2/2N3Pb/1B1P1R1P/3Q2K1 w - - 2 25,e8b8
5,Epark928,EulerE,1184,1194,1r4k1/2q2ppp/2p5/b2p4/3P1P2/2N3Pb/1B1P1R1P/2Q3K1 b - - 3 25,d1c1
5,Epark928,EulerE,1184,1194,1r4k1/4qppp/2p5/b2p4/3P1P2/2N3Pb/1B1P1R1P/2Q3K1 w - - 4 26,c7e7
5,Epark928,EulerE,1184,1194,1r4k1/4qppp/2p5/b2p4/3P1P2/2N3Pb/1B1PR2P/2Q3K1 b - - 5 26,f2e2
6,EulerE,PrimalJT,1204,1271,rnbqkbnr/pppppppp/8/8/3P4/8/PPP1PPPP/RNBQKBNR b KQkq - 0 1,d2d4
6,EulerE,PrimalJT,1204,1271,rnbqkb1r/pppppppp/5n2/8/3P4/8/PPP1PPPP/RNBQKBNR w KQkq - 1 2,g8f6
6,EulerE,PrimalJT,1204,1271,rnbqkb1r/pppppppp/5n2/8/2PP4/8/PP2PPPP/RNBQKBNR b KQkq - 0 2,c2c4
6,EulerE,PrimalJT,1204,1271,rnbqkb1r/pppppp1p/5np1/8/2PP4/8/PP2PPPP/RNBQKBNR w KQkq - 0 3,g7g6
6,EulerE,PrimalJT,1204,1271,rnbqkb1r/pppppp1p/5np1/8/2PP4/2N5/PP2PPPP/R1BQKBNR b KQkq - 1 3,b1c3
6,EulerE,PrimalJT,1204,1271,rnbqk2r/ppppppbp/5np1/8/2PP4/2N5/PP2PPPP/R1BQKBNR w KQkq - 2 4,f8g7
6,EulerE,PrimalJT,1204,1271,rnbqk2r/ppppppbp/5np1/8/2PPP3/2N5/PP3PPP/R1BQKBNR b KQkq - 0 4,e2e4
6,EulerE,PrimalJT,1204,1271,rnbq1rk1/ppppppbp/5np1/8/2PPP3/2N5/PP3PPP/R1BQKBNR w KQ - 1 5,e8g8
6,EulerE,PrimalJT,1204,1271,rnbq1rk1/ppppppbp/5np1/8/2PPP3/2N2N2/PP3PPP/R1BQKB1R b KQ - 2 5,g1f3
6,EulerE,PrimalJT,1204,1271,rnbq1rk1/ppp1ppbp/3p1np1/8/2PPP3/2N2N2/PP3PPP/R1BQKB1R w KQ - 0 6,d7d6
6,EulerE,PrimalJT,1204,1271,rnbq1rk1/ppp1ppbp/3p1np1/8/2PPP3/2NB1N2/PP3PPP/R1BQK2R b KQ - 1 6,f1d3
6,EulerE,PrimalJT,1204,1271,rn1q1rk1/ppp1ppbp/3p1np1/8/2PPP1b1/2NB1N2/PP3PPP/R1BQK2R w KQ - 2 7,c8g4
6,EulerE,PrimalJT,1204,1271,rn1q1rk1/ppp1ppbp/3p1np1/8/2PPP1b1/2NB1N2/PP3PPP/R1BQ1RK1 b - - 3 7,e1g1
6,EulerE,PrimalJT,1204,1271,r2q1rk1/pppnppbp/3p1np1/8/2PPP1b1/2NB1N2/PP3PPP/R1BQ1RK1 w - - 4 8,b8d7
6,EulerE,PrimalJT,1204,1271,r2q1rk1/pppnppbp/3p1np1/4P3/2PP2b1/2NB1N2/PP3PPP/R1BQ1RK1 b - - 0 8,e4e5
6,EulerE,PrimalJT,1204,1271,r2q1rk1/pppnppbp/5np1/4p3/2PP2b1/2NB1N2/PP3PPP/R1BQ1RK1 w - - 0 9,d6e5
6,EulerE,PrimalJT,1204,1271,r2q1rk1/pppnppbp/5np1/4P3/2P3b1/2NB1N2/PP3PPP/R1BQ1RK1 b - - 0 9,d4e5
6,EulerE,PrimalJT,1204,1271,r2q1rk1/ppp1ppbp/5np1/4n3/2P3b1/2NB1N2/PP3PPP/R1BQ1RK1 w - - 0 10,d7e5
6,EulerE,PrimalJT,1204,1271,r2q1rk1/ppp1ppbp/5np1/4n3/2P1B1b1/2N2N2/PP3PPP/R1BQ1RK1 b - - 1 10,d3e4
6,EulerE,PrimalJT,1204,1271,r2q1rk1/ppp1ppbp/6p1/4n3/2P1n1b1/2N2N2/PP3PPP/R1BQ1RK1 w - - 0 11,f6e4
6,EulerE,PrimalJT,1204,1271,r2q1rk1/ppp1ppbp/6p1/4n3/2P1N1b1/5N2/PP3PPP/R1BQ1RK1 b - - 0 11,c3e4
6,EulerE,PrimalJT,1204,1271,r2q1rk1/ppp1ppbp/6p1/8/2P1N1b1/5n2/PP3PPP/R1BQ1RK1 w - - 0 12,e5f3
6,EulerE,PrimalJT,1204,1271,r2q1rk1/ppp1ppbp/6p1/8/2P1N1b1/5P2/PP3P1P/R1BQ1RK1 b - - 0 12,g2f3
6,EulerE,PrimalJT,1204,1271,r2q1rk1/pppbppbp/6p1/8/2P1N3/5P2/PP3P1P/R1BQ1RK1 w - - 1 13,g4d7
6,EulerE,PrimalJT,1204,1271,r2q1rk1/pppbppbp/6p1/8/2P1NB2/5P2/PP3P1P/R2Q1RK1 b - - 2 13,c1f4
6,EulerE,PrimalJT,1204,1271,r2q1rk1/pppb1pbp/6p1/4p3/2P1NB2/5P2/PP3P1P/R2Q1RK1 w - - 0 14,e7e5
6,EulerE,PrimalJT,1204,1271,r2q1rk1/pppb1pbp/6p1/4p1B1/2P1N3/5P2/PP3P1P/R2Q1RK1 b - - 1 14,f4g5
6,EulerE,PrimalJT,1204,1271,r2q1rk1/pppb2bp/5pp1/4p1B1/2P1N3/5P2/PP3P1P/R2Q1RK1 w - - 0 15,f7f6
6,EulerE,PrimalJT,1204,1271,r2q1rk1/pppb2bp/5pp1/4p3/2P1N2B/5P2/PP3P1P/R2Q1RK1 b - - 1 15,g5h4
6,EulerE,PrimalJT,1204,1271,r3qrk1/pppb2bp/5pp1/4p3/2P1N2B/5P2/PP3P1P/R2Q1RK1 w - - 2 16,d8e8
6,EulerE,PrimalJT,1204,1271,r3qrk1/pppb2bp/5pp1/2N1p3/2P4B/5P2/PP3P1P/R2Q1RK1 b - - 3 16,e4c5
6,EulerE,PrimalJT,1204,1271,r3qrk1/ppp3bp/2b2pp1/2N1p3/2P4B/5P2/PP3P1P/R2Q1RK1 w - - 4 17,d7c6
6,EulerE,PrimalJT,1204,1271,r3qrk1/ppp3bp/2b2pp1/2N1p3/2P4B/1Q3P2/PP3P1P/R4RK1 b - - 5 17,d1b3
6,EulerE,PrimalJT,1204,1271,r3qrk1/p1p3bp/1pb2pp1/2N1p3/2P4B/1Q3P2/PP3P1P/R4RK1 w - - 0 18,b7b6
6,EulerE,PrimalJT,1204,1271,r3qrk1/p1p3bp/Npb2pp1/4p3/2P4B/1Q3P2/PP3P1P/R4RK1 b - - 1 18,c5a6
6,EulerE,PrimalJT,1204,1271,r4rk1/p1p2qbp/Npb2pp1/4p3/2P4B/1Q3P2/PP3P1P/R4RK1 w - - 2 19,e8f7
6,EulerE,PrimalJT,1204,1271,r4rk1/p1p2qbp/1pb2pp1/4p3/1NP4B/1Q3P2/PP3P1P/R4RK1 b - - 3 19,a6b4
6,EulerE,PrimalJT,1204,1271,r4rk1/pbp2qbp/1p3pp1/4p3/1NP4B/1Q3P2/PP3P1P/R4RK1 w - - 4 20,c6b7
6,EulerE,PrimalJT,1204,1271,r4rk1/pbp2qbp/1p3pp1/4p3/1NP4B/1Q3P2/PP3P1P/3R1RK1 b - - 5 20,a1d1
6,EulerE,PrimalJT,1204,1271,r4r1k/pbp2qbp/1p3pp1/4p3/1NP4B/1Q3P2/PP3P1P/3R1RK1 w - - 6 21,g8h8
6,EulerE,PrimalJT,1204,1271,r4r1k/pbp2qbp/1p3pp1/3Np3/2P4B/1Q3P2/PP3P1P/3R1RK1 b - - 7 21,b4d5
6,EulerE,PrimalJT,1204,1271,r4r1k/pbp2qbp/1p3p2/3Np1p1/2P4B/1Q3P2/PP3P1P/3R1RK1 w - - 0 22,g6g5
6,EulerE,PrimalJT,1204,1271,r4r1k/pbp2qbp/1p3p2/3Np1p1/2P5/1Q3PB1/PP3P1P/3R1RK1 b - - 1 22,h4g3
6,EulerE,PrimalJT,1204,1271,r4r1k/pbp3bp/1p3p2/3Np1pq/2P5/1Q3PB1/PP3P1P/3R1RK1 w - - 2 23,f7h5
6,EulerE,PrimalJT,1204,1271,r4r1k/pbN3bp/1p3p2/4p1pq/2P5/1Q3PB1/PP3P1P/3R1RK1 b - - 0 23,d5c7
6,EulerE,PrimalJT,1204,1271,2r2r1k/pbN3bp/1p3p2/4p1pq/2P5/1Q3PB1/PP3P1P/3R1RK1 w - - 1 24,a8c8
6,EulerE,PrimalJT,1204,1271,2r2r1k/pb4bp/1p2Np2/4p1pq/2P5/1Q3PB1/PP3P1P/3R1RK1 b - - 2 24,c7e6
6,EulerE,PrimalJT,1204,1271,2r1r2k/pb4bp/1p2Np2/4p1pq/2P5/1Q3PB1/PP3P1P/3R1RK1 w - - 3 25,f8e8
6,EulerE,PrimalJT,1204,1271,2r1r2k/pb4Np/1p3p2/4p1pq/2P5/1Q3PB1/PP3P1P/3R1RK1 b - - 0 25,e6g7
6,EulerE,PrimalJT,1204,1271,2r1r3/pb4kp/1p3p2/4p1pq/2P5/1Q3PB1/PP3P1P/3R1RK1 w - - 0 26,h8g7
6,EulerE,PrimalJT,1204,1271,2r1r3/pb4kp/1p3p2/4p1pq/2P5/1Q1R1PB1/PP3P1P/5RK1 b - - 1 26,d1d3
6,EulerE,PrimalJT,1204,1271,2r1r3/pb5p/1p3pk1/4p1pq/2P5/1Q1R1PB1/PP3P1P/5RK1 w - - 2 27,g7g6
6,EulerE,PrimalJT,1204,1271,2r1r3/pb5p/1p3pk1/4p1pq/2P5/3R1PB1/PPQ2P1P/5RK1 b - - 3 27,b3c2
6,EulerE,PrimalJT,1204,1271,2r1r3/pb5p/1p3p1k/4p1pq/2P5/3R1PB1/PPQ2P1P/5RK1 w - - 4 28,g6h6
6,EulerE,PrimalJT,1204,1271,2r1r3/pb1R3p/1p3p1k/4p1pq/2P5/5PB1/PPQ2P1P/5RK1 b - - 5 28,d3d7
6,EulerE,PrimalJT,1204,1271,2r1r3/p2R3p/1p3p1k/4p1pq/2P5/5bB1/PPQ2P1P/5RK1 w - - 0 29,b7f3
6,EulerE,PrimalJT,1204,1271,2r1r3/p2R3Q/1p3p1k/4p1pq/2P5/5bB1/PP3P1P/5RK1 b - - 0 29,c2h7
7,proffesorKOT,EulerE,1169,1211,rnbqkbnr/pppppppp/8/8/4P3/8/PPPP1PPP/RNBQKBNR b KQkq - 0 1,e2e4
7,proffesorKOT,EulerE,1169,1211,rnbqkbnr/pppp1ppp/8/4p3/4P3/8/PPPP1PPP/RNBQKBNR w KQkq - 0 2,e7e5
7,proffesorKOT,EulerE,1169,1211,rnbqkbnr/pppp1ppp/8/4p3/4P3/5N2/PPPP1PPP/RNBQKB1R b KQkq - 1 2,g1f3
7,proffesorKOT,EulerE,1169,1211,r1bqkbnr/pppp1ppp/2n5/4p3/4P3/5N2/PPPP1PPP/RNBQKB1R w KQkq - 2 3,b8c6
7,proffesorKOT,EulerE,1169,1211,r1bqkbnr/pppp1ppp/2n5/4p3/2B1P3/5N2/PPPP1PPP/RNBQK2R b KQkq - 3 3,f1c4
7,proffesorKOT,EulerE,1169,1211,r1bqk1nr/pppp1ppp/2n5/2b1p3/2B1P3/5N2/PPPP1PPP/RNBQK2R w KQkq - 4 4,f8c5
7,proffesorKOT,EulerE,1169,1211,r1bqk1nr/pppp1ppp/2n5/2b1p3/2B1P3/2N2N2/PPPP1PPP/R1BQK2R b KQkq - 5 4,b1c3
7,proffesorKOT,EulerE,1169,1211,r1bqk2r/pppp1ppp/2n2n2/2b1p3/2B1P3/2N2N2/PPPP1PPP/R1BQK2R w KQkq - 6 5,g8f6
7,proffesorKOT,EulerE,1169,1211,r1bqk2r/pppp1ppp/2n2n2/2b1p3/2B1P3/2NP1N2/PPP2PPP/R1BQK2R b KQkq - 0 5,d2d3
7,proffesorKOT,EulerE,1169,1211,r1bq1rk1/pppp1ppp/2n2n2/2b1p3/2B1P3/2NP1N2/PPP2PPP/R1BQK2R w KQ - 1 6,e8g8
7,proffesorKOT,EulerE,1169,1211,r1bq1rk1/pppp1ppp/2n2n2/2b1p1B1/2B1P3/2NP1N2/PPP2PPP/R2QK2R b KQ - 2 6,c1g5
7,proffesorKOT,EulerE,1169,1211,r1bq1rk1/1ppp1ppp/p1n2n2/2b1p1B1/2B1P3/2NP1N2/PPP2PPP/R2QK2R w KQ - 0 7,a7a6
7,proffesorKOT,EulerE,1169,1211,r1bq1rk1/1ppp1ppp/p1n2n2/2bNp1B1/2B1P3/3P1N2/PPP2PPP/R2QK2R b KQ - 1 7,c3d5
7,proffesorKOT,EulerE,1169,1211,r1bq1rk1/2pp1ppp/p1n2n2/1pbNp1B1/2B1P3/3P1N2/PPP2PPP/R2QK2R w KQ - 0 8,b7b5
7,proffesorKOT,EulerE,1169,1211,r1bq1rk1/2pp1ppp/p1n2n2/1pbNp1B1/4P3/1B1P1N2/PPP2PPP/R2QK2R b KQ - 1 8,c4b3
7,proffesorKOT,EulerE,1169,1211,r1bq1rk1/2ppbppp/p1n2n2/1p1Np1B1/4P3/1B1P1N2/PPP2PPP/R2QK2R w KQ - 2 9,c5e7
7,proffesorKOT,EulerE,1169,1211,r1bq1rk1/2ppbppp/p1n2n2/1p1Np1B1/3PP3/1B3N2/PPP2PPP/R2QK2R b KQ - 0 9,d3d4
7,proffesorKOT,EulerE,1169,1211,r1bq1rk1/2ppbppp/p1n5/1p1np1B1/3PP3/1B3N2/PPP2PPP/R2QK2R w KQ - 0 10,f6d5
7,proffesorKOT,EulerE,1169,1211,r1bq1rk1/2ppBppp/p1n5/1p1np3/3PP3/1B3N2/PPP2PPP/R2QK2R b KQ - 0 10,g5e7
7,proffesorKOT,EulerE,1169,1211,r1bq1rk1/2ppnppp/p1n5/1p2p3/3PP3/1B3N2/PPP2PPP/R2QK2R w KQ - 0 11,d5e7
7,proffesorKOT,EulerE,1169,1211,r1bq1rk1/2ppnppp/p1n5/1p2N3/3PP3/1B6/PPP2PPP/R2QK2R b KQ - 0 11,f3e5
7,proffesorKOT,EulerE,1169,1211,r1bq1rk1/2ppnppp/p7/1p2n3/3PP3/1B6/PPP2PPP/R2QK2R w KQ - 0 12,c6e5
7,proffesorKOT,EulerE,1169,1211,r1bq1rk1/2ppnppp/p7/1p2P3/4P3/1B6/PPP2PPP/R2QK2R b KQ - 0 12,d4e5
7,proffesorKOT,EulerE,1169,1211,r2q1rk1/1bppnppp/p7/1p2P3/4P3/1B6/PPP2PPP/R2QK2R w KQ - 1 13,c8b7
7,proffesorKOT,EulerE,1169,1211,r2q1rk1/1bppnppp/p7/1p2P3/4P3/1B3P2/PPP3PP/R2QK2R b KQ - 0 13,f2f3
7,proffesorKOT,EulerE,1169,1211,r2q1rk1/1bpp1ppp/p5n1/1p2P3/4P3/1B3P2/PPP3PP/R2QK2R w KQ - 1 14,e7g6
7,proffesorKOT,EulerE,1169,1211,r2q1rk1/1bpp1ppp/p5n1/1p2P3/4P3/1B3PP1/PPP4P/R2QK2R b KQ - 0 14,g2g3
7,proffesorKOT,EulerE,1169,1211,r2q1rk1/1bpp1ppp/p7/1p2n3/4P3/1B3PP1/PPP4P/R2QK2R w KQ - 0 15,g6e5
7,proffesorKOT,EulerE,1169,1211,r2q1rk1/1bpp1ppp/p7/1p2n3/4P3/1B3PP1/PPP1Q2P/R3K2R b KQ - 1 15,d1e2
7,proffesorKOT,EulerE,1169,1211,r2q1rk1/1b1p1ppp/p7/1pp1n3/4P3/1B3PP1/PPP1Q2P/R3K2R w KQ - 0 16,c7c5
7,proffesorKOT,EulerE,1169,1211,r2q1rk1/1b1p1ppp/p7/1pp1n3/4P3/1B3PP1/PPP1Q2P/2KR3R b - - 1 16,e1c1
7,proffesorKOT,EulerE,1169,1211,r2q1rk1/1b1p1ppp/p7/1p2n3/2p1P3/1B3PP1/PPP1Q2P/2KR3R w - - 0 17,c5c4
7,proffesorKOT,EulerE,1169,1211,r2q1rk1/1b1p1ppp/p7/1p2n3/2B1P3/5PP1/PPP1Q2P/2KR3R b - - 0 17,b3c4
7,proffesorKOT,EulerE,1169,1211,r2q1rk1/1b1p1ppp/p7/1p6/2n1P3/5PP1/PPP1Q2P/2KR3R w - - 0 18,e5c4
7,proffesorKOT,EulerE,1169,1211,r2q1rk1/1b1p1ppp/p7/1p6/2nRP3/5PP1/PPP1Q2P/2K4R b - - 1 18,d1d4
7,proffesorKOT,EulerE,1169,1211,r2q1rk1/1b1p1ppp/p7/1p2n3/3RP3/5PP1/PPP1Q2P/2K4R w - - 2 19,c4e5
7,proffesorKOT,EulerE,1169,1211,r2q1rk1/1b1p1ppp/p7/1p2n3/3RP3/5PP1/PPP1Q2P/2KR4 b - - 3 19,h1d1
7,proffesorKOT,EulerE,1169,1211,r2qr1k1/1b1p1ppp/p7/1p2n3/3RP3/5PP1/PPP1Q2P/2KR4 w - - 4 20,f8e8
7,proffesorKOT,EulerE,1169,1211,r2qr1k1/1b1p1ppp/p7/1p2n3/3RPP2/6P1/PPP1Q2P/2KR4 b - - 0 20,f3f4
7,proffesorKOT,EulerE,1169,1211,r2qr1k1/1b1p1ppp/p1n5/1p6/3RPP2/6P1/PPP1Q2P/2KR4 w - - 1 21,e5c6
7,proffesorKOT,EulerE,1169,1211,r2qr1k1/1b1R1ppp/p1n5/1p6/4PP2/6P1/PPP1Q2P/2KR4 b - - 0 21,d4d7
7,proffesorKOT,EulerE,1169,1211,r3r1k1/1b1R1ppp/pqn5/1p6/4PP2/6P1/PPP1Q2P/2KR4 w - - 1 22,d8b6
7,proffesorKOT,EulerE,1169,1211,r3r1k1/1b1R1ppp/pqn5/1p5Q/4PP2/6P1/PPP4P/2KR4 b - - 2 22,e2h5
7,proffesorKOT,EulerE,1169,1211,r5k1/1b1Rrppp/pqn5/1p5Q/4PP2/6P1/PPP4P/2KR4 w - - 3 23,e8e7
7,proffesorKOT,EulerE,1169,1211,r5k1/1b2Rppp/pqn5/1p5Q/4PP2/6P1/PPP4P/2KR4 b - - 0 23,d7e7
7,proffesorKOT,EulerE,1169,1211,r5k1/1b2nppp/pq6/1p5Q/4PP2/6P1/PPP4P/2KR4 w - - 0 24,c6e7
7,proffesorKOT,EulerE,1169,1211,r5k1/1b1Rnppp/pq6/1p5Q/4PP2/6P1/PPP4P/2K5 b - - 1 24,d1d7
7,proffesorKOT,EulerE,1169,1211,4r1k1/1b1Rnppp/pq6/1p5Q/4PP2/6P1/PPP4P/2K5 w - - 2 25,a8e8
7,proffesorKOT,EulerE,1169,1211,4r1k1/1b1Rnppp/pq6/1p2Q3/4PP2/6P1/PPP4P/2K5 b - - 3 25,h5e5
7,proffesorKOT,EulerE,1169,1211,4r1k1/1b1Rnppp/p7/1p2Q3/4PP2/4q1P1/PPP4P/2K5 w - - 4 26,b6e3
7,proffesorKOT,EulerE,1169,1211,4r1k1/1b1Rnppp/p7/1p2Q3/4PP2/4q1P1/PPP4P/3K4 b - - 5 26,c1d1
7,proffesorKOT,EulerE,1169,1211,4r1k1/1b1Rnppp/p7/1p2Q3/4PP2/5qP1/PPP4P/3K4 w - - 6 27,e3f3
7,proffesorKOT,EulerE,1169,1211,4r1k1/1b1Rnppp/p7/1p2Q3/4PP2/5qP1/PPPK3P/8 b - - 7 27,d1d2
7,proffesorKOT,EulerE,1169,1211,4r1k1/1b1Rnppp/p7/1p2Q3/4PP2/6P1/PPPK1q1P/8 w - - 8 28,f3f2
7,proffesorKOT,EulerE,1169,1211,4r1k1/1b1Rnppp/p7/1p2Q3/4PP2/2K3P1/PPP2q1P/8 b - - 9 28,d2c3
7,proffesorKOT,EulerE,1169,1211,2r3k1/1b1Rnppp/p7/1p2Q3/4PP2/2K3P1/PPP2q1P/8 w - - 10 29,e8c8
7,proffesorKOT,EulerE,1169,1211,2r3k1/1b1Rnppp/p7/1p2Q3/4PP2/1K4P1/PPP2q1P/8 b - - 11 29,c3b3
7,proffesorKOT,EulerE,1169,1211,2r3k1/1b1Rnppp/p7/1p2Q3/4PP2/1K3qP1/PPP4P/8 w - - 12 30,f2f3
7,proffesorKOT,EulerE,1169,1211,2r3k1/1b2nppp/p7/1p2Q3/4PP2/1K1R1qP1/PPP4P/8 b - - 13 30,d7d3
7,proffesorKOT,EulerE,1169,1211,2r3k1/1b2nppp/p7/1p2Q3/4qP2/1K1R2P1/PPP4P/8 w - - 0 31,f3e4
7,proffesorKOT,EulerE,1169,1211,2r3k1/1b2nppp/p7/1p6/4QP2/1K1R2P1/PPP4P/8 b - - 0 31,e5e4
7,proffesorKOT,EulerE,1169,1211,2r3k1/4nppp/p7/1p6/4bP2/1K1R2P1/PPP4P/8 w - - 0 32,b7e4
7,proffesorKOT,EulerE,1169,1211,2r3k1/4nppp/p7/1p6/4bP2/1K2R1P1/PPP4P/8 b - - 1 32,d3e3
7,proffesorKOT,EulerE,1169,1211,2r3k1/4nppp/p7/1p1b4/5P2/1K2R1P1/PPP4P/8 w - - 2 33,e4d5
7,proffesorKOT,EulerE,1169,1211,2r3k1/4nppp/p7/1p1b4/1K3P2/4R1P1/PPP4P/8 b - - 3 33,b3b4
7,proffesorKOT,EulerE,1169,1211,2r2k2/4nppp/p7/1p1b4/1K3P2/4R1P1/PPP4P/8 w - - 4 34,g8f8
7,proffesorKOT,EulerE,1169,1211,2r2k2/4nppp/p7/1p1b4/1K3P2/1P2R1P1/P1P4P/8 b - - 0 34,b2b3
7,proffesorKOT,EulerE,1169,1211,2r2k2/5ppp/p1n5/1p1b4/1K3P2/1P2R1P1/P1P4P/8 w - - 1 35,e7c6
7,proffesorKOT,EulerE,1169,1211,2r2k2/5ppp/p1n5/1pKb4/5P2/1P2R1P1/P1P4P/8 b - - 2 35,b4c5
7,proffesorKOT,EulerE,1169,1211,2r2k2/4nppp/p7/1pKb4/5P2/1P2R1P1/P1P4P/8 w - - 3 36,c6e7
7,proffesorKOT,EulerE,1169,1211,2r2k2/4nppp/p2K4/1p1b4/5P2/1P2R1P1/P1P4P/8 b - - 4 36,c5d6
7,proffesorKOT,EulerE,1169,1211,2r2k2/5ppp/p2K4/1p1b1n2/5P2/1P2R1P1/P1P4P/8 w - - 5 37,e7f5
7,proffesorKOT,EulerE,1169,1211,2r2k2/5ppp/p7/1p1K1n2/5P2/1P2R1P1/P1P4P/8 b - - 0 37,d6d5
7,proffesorKOT,EulerE,1169,1211,2r2k2/5ppp/p7/1p1K4/5P2/1P2n1P1/P1P4P/8 w - - 0 38,f5e3
7,proffesorKOT,EulerE,1169,1211,2r2k2/5ppp/p7/1p6/3K1P2/1P2n1P1/P1P4P/8 b - - 1 38,d5d4
7,proffesorKOT,EulerE,1169,1211,2r2k2/5ppp/p7/1p6/3K1P2/1P4P1/P1n4P/8 w - - 0 39,e3c2
8,EulerE,Misadventures56,1219,1186,rnbqkbnr/pppppppp/8/8/3P4/8/PPP1PPPP/RNBQKBNR b KQkq - 0 1,d2d4
8,EulerE,Misadventures56,1219,1186,rnbqkbnr/ppp1pppp/8/3p4/3P4/8/PPP1PPPP/RNBQKBNR w KQkq - 0 2,d7d5
8,EulerE,Misadventures56,1219,1186,rnbqkbnr/ppp1pppp/8/3p4/2PP4/8/PP2PPPP/RNBQKBNR b KQkq - 0 2,c2c4
8,EulerE,Misadventures56,1219,1186,rnbqkb1r/ppp1pppp/5n2/3p4/2PP4/8/PP2PPPP/RNBQKBNR w KQkq - 1 3,g8f6
8,EulerE,Misadventures56,1219,1186,rnbqkb1r/ppp1pppp/5n2/3p4/2PP4/5N2/PP2PPPP/RNBQKB1R b KQkq - 2 3,g1f3
8,EulerE,Misadventures56,1219,1186,rn1qkb1r/ppp1pppp/5n2/3p4/2PP2b1/5N2/PP2PPPP/RNBQKB1R w KQkq - 3 4,c8g4
8,EulerE,Misadventures56,1219,1186,rn1qkb1r/ppp1pppp/5n2/3p4/2PP2b1/2N2N2/PP2PPPP/R1BQKB1R b KQkq - 4 4,b1c3
8,EulerE,Misadventures56,1219,1186,rn1qkb1r/ppp2ppp/4pn2/3p4/2PP2b1/2N2N2/PP2PPPP/R1BQKB1R w KQkq - 0 5,e7e6
8,EulerE,Misadventures56,1219,1186,rn1qkb1r/ppp2ppp/4pn2/3p4/2PP2b1/2N1PN2/PP3PPP/R1BQKB1R b KQkq - 0 5,e2e3
8,EulerE,Misadventures56,1219,1186,rn1qk2r/ppp2ppp/4pn2/3p4/1bPP2b1/2N1PN2/PP3PPP/R1BQKB1R w KQkq - 1 6,f8b4
8,EulerE,Misadventures56,1219,1186,rn1qk2r/ppp2ppp/4pn2/3p4/1bPP2b1/2N1PN2/PP1B1PPP/R2QKB1R b KQkq - 2 6,c1d2
8,EulerE,Misadventures56,1219,1186,rn1q1rk1/ppp2ppp/4pn2/3p4/1bPP2b1/2N1PN2/PP1B1PPP/R2QKB1R w KQ - 3 7,e8g8
8,EulerE,Misadventures56,1219,1186,rn1q1rk1/ppp2ppp/4pn2/3p4/1bPP2b1/P1N1PN2/1P1B1PPP/R2QKB1R b KQ - 0 7,a2a3
8,EulerE,Misadventures56,1219,1186,rn1q1rk1/ppp2ppp/4pn2/3p4/2PP2b1/P1b1PN2/1P1B1PPP/R2QKB1R w KQ - 0 8,b4c3
8,EulerE,Misadventures56,1219,1186,rn1q1rk1/ppp2ppp/4pn2/3p4/2PP2b1/P1B1PN2/1P3PPP/R2QKB1R b KQ - 0 8,d2c3
8,EulerE,Misadventures56,1219,1186,rn1q1rk1/ppp2ppp/4pn2/8/2pP2b1/P1B1PN2/1P3PPP/R2QKB1R w KQ - 0 9,d5c4
8,EulerE,Misadventures56,1219,1186,rn1q1rk1/ppp2ppp/4pn2/8/2pP2b1/P1B1PN1P/1P3PP1/R2QKB1R b KQ - 0 9,h2h3
8,EulerE,Misadventures56,1219,1186,rn1q1rk1/ppp2ppp/4pn2/7b/2pP4/P1B1PN1P/1P3PP1/R2QKB1R w KQ - 1 10,g4h5
8,EulerE,Misadventures56,1219,1186,rn1q1rk1/ppp2ppp/4pn2/7b/2BP4/P1B1PN1P/1P3PP1/R2QK2R b KQ - 0 10,f1c4
8,EulerE,Misadventures56,1219,1186,r2q1rk1/ppp2ppp/2n1pn2/7b/2BP4/P1B1PN1P/1P3PP1/R2QK2R w KQ - 1 11,b8c6
8,EulerE,Misadventures56,1219,1186,r2q1rk1/ppp2ppp/2n1pn2/7b/2BP4/P1B1PN1P/1P3PP1/R2Q1RK1 b - - 2 11,e1g1
8,EulerE,Misadventures56,1219,1186,r2q1rk1/ppp2ppp/2n1p3/7b/2BPn3/P1B1PN1P/1P3PP1/R2Q1RK1 w - - 3 12,f6e4
8,EulerE,Misadventures56,1219,1186,r2q1rk1/ppp2ppp/2n1p3/7b/2BPn3/P1B1PN1P/1PQ2PP1/R4RK1 b - - 4 12,d1c2
8,EulerE,Misadventures56,1219,1186,r2q1rk1/ppp2ppp/2n1p3/7b/2BP4/P1n1PN1P/1PQ2PP1/R4RK1 w - - 0 13,e4c3
8,EulerE,Misadventures56,1219,1186,r2q1rk1/ppp2ppp/2n1p3/7b/2BP4/P1Q1PN1P/1P3PP1/R4RK1 b - - 0 13,c2c3
8,EulerE,Misadventures56,1219,1186,r2q1rk1/1pp2ppp/p1n1p3/7b/2BP4/P1Q1PN1P/1P3PP1/R4RK1 w - - 0 14,a7a6
8,EulerE,Misadventures56,1219,1186,r2q1rk1/1pp2ppp/p1n1p3/7b/1PBP4/P1Q1PN1P/5PP1/R4RK1 b - - 0 14,b2b4
8,EulerE,Misadventures56,1219,1186,r2q1rk1/2p2ppp/p1n1p3/1p5b/1PBP4/P1Q1PN1P/5PP1/R4RK1 w - - 0 15,b7b5
8,EulerE,Misadventures56,1219,1186,r2q1rk1/2p2ppp/p1n1p3/1p5b/1P1P4/P1Q1PN1P/4BPP1/R4RK1 b - - 1 15,c4e2
8,EulerE,Misadventures56,1219,1186,r2q1rk1/2p2p1p/p1n1p1p1/1p5b/1P1P4/P1Q1PN1P/4BPP1/R4RK1 w - - 0 16,g7g6
8,EulerE,Misadventures56,1219,1186,r2q1rk1/2p2p1p/p1Q1p1p1/1p5b/1P1P4/P3PN1P/4BPP1/R4RK1 b - - 0 16,c3c6
8,EulerE,Misadventures56,1219,1186,r4rk1/2p2p1p/p1Q1pqp1/1p5b/1P1P4/P3PN1P/4BPP1/R4RK1 w - - 1 17,d8f6
8,EulerE,Misadventures56,1219,1186,r4rk1/2p2p1p/p1Q1pqp1/1p5b/1P1P4/P3PN1P/4BPP1/2R2RK1 b - - 2 17,a1c1
8,EulerE,Misadventures56,1219,1186,2r2rk1/2p2p1p/p1Q1pqp1/1p5b/1P1P4/P3PN1P/4BPP1/2R2RK1 w - - 3 18,a8c8
8,EulerE,Misadventures56,1219,1186,2r2rk1/2p2p1p/p1Q1pqp1/1p5b/1P1P2P1/P3PN1P/4BP2/2R2RK1 b - - 0 18,g2g4
8,EulerE,Misadventures56,1219,1186,2r2rk1/2p2p1p/p1Q1pqp1/1p6/1P1P2b1/P3PN1P/4BP2/2R2RK1 w - - 0 19,h5g4
8,EulerE,Misadventures56,1219,1186,2r2rk1/2p2p1p/p1Q1pqp1/1p6/1P1P2P1/P3PN2/4BP2/2R2RK1 b - - 0 19,h3g4
8,EulerE,Misadventures56,1219,1186,2rr2k1/2p2p1p/p1Q1pqp1/1p6/1P1P2P1/P3PN2/4BP2/2R2RK1 w - - 1 20,f8d8
8,EulerE,Misadventures56,1219,1186,2rr2k1/2p2p1p/p1Q1pqp1/1p6/1P1P2P1/P3PN2/4BPK1/2R2R2 b - - 2 20,g1g2
8,EulerE,Misadventures56,1219,1186,2r3k1/2p2p1p/p1Q1pqp1/1p1r4/1P1P2P1/P3PN2/4BPK1/2R2R2 w - - 3 21,d8d5
8,EulerE,Misadventures56,1219,1186,2r3k1/2p2p1p/p1Q1pqp1/1p1r4/1P1P2P1/P3PN2/4BPK1/2R4R b - - 4 21,f1h1
8,EulerE,Misadventures56,1219,1186,2r3k1/2p2p1p/p1Qrpqp1/1p6/1P1P2P1/P3PN2/4BPK1/2R4R w - - 5 22,d5d6
8,EulerE,Misadventures56,1219,1186,2r3k1/1Qp2p1p/p2rpqp1/1p6/1P1P2P1/P3PN2/4BPK1/2R4R b - - 6 22,c6b7
8,EulerE,Misadventures56,1219,1186,3r2k1/1Qp2p1p/p2rpqp1/1p6/1P1P2P1/P3PN2/4BPK1/2R4R w - - 7 23,c8d8
8,EulerE,Misadventures56,1219,1186,3r2k1/1Qp2p1p/p2rpqp1/1p6/1P1PP1P1/P4N2/4BPK1/2R4R b - - 0 23,e3e4
8,EulerE,Misadventures56,1219,1186,3r2k1/1Qp2p1p/p2rp1p1/1p6/1P1PPqP1/P4N2/4BPK1/2R4R w - - 1 24,f6f4
8,EulerE,Misadventures56,1219,1186,3r2k1/1Qp2p1p/p2rp1p1/1p2P3/1P1P1qP1/P4N2/4BPK1/2R4R b - - 0 24,e4e5
8,EulerE,Misadventures56,1219,1186,3r2k1/1Qp2p1p/p2rp1p1/1p2P3/1P1P2q1/P4N2/4BPK1/2R4R w - - 0 25,f4g4
8,EulerE,Misadventures56,1219,1186,3r2k1/1Qp2p1p/p2rp1p1/1p2P3/1P1P2q1/P4N2/4BP2/2R2K1R b - - 1 25,g2f1
8,EulerE,Misadventures56,1219,1186,3r2k1/1Qp2p1p/p3p1p1/1p2P3/1P1r2q1/P4N2/4BP2/2R2K1R w - - 0 26,d6d4
8,EulerE,Misadventures56,1219,1186,3r2k1/1Qp2p1p/p3p1p1/1p2P3/1P1N2q1/P7/4BP2/2R2K1R b - - 0 26,f3d4
8,EulerE,Misadventures56,1219,1186,3r2k1/1Qp2p1p/p3p1p1/1p2P3/1P1q4/P7/4BP2/2R2K1R w - - 0 27,g4d4
8,EulerE,Misadventures56,1219,1186,3r2k1/1Qp2p1p/p3p1p1/1p2P3/1P1q4/P7/4BP2/3R1K1R b - - 1 27,c1d1
8,EulerE,Misadventures56,1219,1186,3r2k1/1Qp2p1p/p3p1p1/1p2P3/1P6/P7/4BP2/3q1K1R w - - 0 28,d4d1
8,EulerE,Misadventures56,1219,1186,3r2k1/1Qp2p1p/p3p1p1/1p2P3/1P6/P7/5P2/3B1K1R b - - 0 28,e2d1
8,EulerE,Misadventures56,1219,1186,6k1/1Qp2p1p/p3p1p1/1p2P3/1P6/P7/5P2/3r1K1R w - - 0 29,d8d1
8,EulerE,Misadventures56,1219,1186,6k1/1Qp2p1p/p3p1p1/1p2P3/1P6/P7/5PK1/3r3R b - - 1 29,f1g2
8,EulerE,Misadventures56,1219,1186,6k1/1Qp2p1p/p3p1p1/1p2P3/1P6/P7/3r1PK1/7R w - - 2 30,d1d2
8,EulerE,Misadventures56,1219,1186,6k1/2Q2p1p/p3p1p1/1p2P3/1P6/P7/3r1PK1/7R b - - 0 30,b7c7
8,EulerE,Misadventures56,1219,1186,6k1/2Q2p1p/p3p1p1/1p2P3/1P6/P7/r4PK1/7R w - - 1 31,d2a2
8,EulerE,Misadventures56,1219,1186,6k1/5p1p/p3p1p1/Qp2P3/1P6/P7/r4PK1/7R b - - 2 31,c7a5
8,EulerE,Misadventures56,1219,1186,6k1/5p1p/p3p1p1/Qp2P3/1P6/P7/4rPK1/7R w - - 3 32,a2e2
8,EulerE,Misadventures56,1219,1186,6k1/5p1p/pQ2p1p1/1p2P3/1P6/P7/4rPK1/7R b - - 4 32,a5b6
8,EulerE,Misadventures56,1219,1186,6k1/5p1p/pQ2p1p1/1p2r3/1P6/P7/5PK1/7R w - - 0 33,e2e5
8,EulerE,Misadventures56,1219,1186,1Q4k1/5p1p/p3p1p1/1p2r3/1P6/P7/5PK1/7R b - - 1 33,b6b8
8,EulerE,Misadventures56,1219,1186,1Q6/5pkp/p3p1p1/1p2r3/1P6/P7/5PK1/7R w - - 2 34,g8g7
8,EulerE,Misadventures56,1219,1186,8/5pkp/p3p1p1/1p2Q3/1P6/P7/5PK1/7R b - - 0 34,b8e5
8,EulerE,Misadventures56,1219,1186,8/6kp/p3ppp1/1p2Q3/1P6/P7/5PK1/7R w - - 0 35,f7f6
8,EulerE,Misadventures56,1219,1186,8/6kp/p3Qpp1/1p6/1P6/P7/5PK1/7R b - - 0 35,e5e6
8,EulerE,Misadventures56,1219,1186,8/6kp/p3Q1p1/1p3p2/1P6/P7/5PK1/7R w - - 0 36,f6f5
8,EulerE,Misadventures56,1219,1186,8/6kp/Q5p1/1p3p2/1P6/P7/5PK1/7R b - - 0 36,e6a6
9,EulerE,Lucifer19,1212,1268,rnbqkbnr/pppppppp/8/8/3P4/8/PPP1PPPP/RNBQKBNR b KQkq - 0 1,d2d4
9,EulerE,Lucifer19,1212,1268,rnbqkbnr/ppp1pppp/8/3p4/3P4/8/PPP1PPPP/RNBQKBNR w KQkq - 0 2,d7d5
9,EulerE,Lucifer19,1212,1268,rnbqkbnr/ppp1pppp/8/3p4/2PP4/8/PP2PPPP/RNBQKBNR b KQkq - 0 2,c2c4
9,EulerE,Lucifer19,1212,1268,rnbqkbnr/ppp1pppp/8/8/2pP4/8/PP2PPPP/RNBQKBNR w KQkq - 0 3,d5c4
9,EulerE,Lucifer19,1212,1268,rnbqkbnr/ppp1pppp/8/8/2pPP3/8/PP3PPP/RNBQKBNR b KQkq - 0 3,e2e4
9,EulerE,Lucifer19,1212,1268,rnbqkbnr/ppp2ppp/4p3/8/2pPP3/8/PP3PPP/RNBQKBNR w KQkq - 0 4,e7e6
9,EulerE,Lucifer19,1212,1268,rnbqkbnr/ppp2ppp/4p3/8/2pPP3/5N2/PP3PPP/RNBQKB1R b KQkq - 1 4,g1f3
9,EulerE,Lucifer19,1212,1268,rnbqk1nr/ppp2ppp/4p3/8/1bpPP3/5N2/PP3PPP/RNBQKB1R w KQkq - 2 5,f8b4
9,EulerE,Lucifer19,1212,1268,rnbqk1nr/ppp2ppp/4p3/8/1bpPP3/2N2N2/PP3PPP/R1BQKB1R b KQkq - 3 5,b1c3
9,EulerE,Lucifer19,1212,1268,rnbqk2r/ppp2ppp/4pn2/8/1bpPP3/2N2N2/PP3PPP/R1BQKB1R w KQkq - 4 6,g8f6
9,EulerE,Lucifer19,1212,1268,rnbqk2r/ppp2ppp/4pn2/8/1bpPP3/2N2N2/PP1B1PPP/R2QKB1R b KQkq - 5 6,c1d2
9,EulerE,Lucifer19,1212,1268,rnbqk2r/ppp2ppp/4pn2/8/2pPP3/2b2N2/PP1B1PPP/R2QKB1R w KQkq - 0 7,b4c3
9,EulerE,Lucifer19,1212,1268,rnbqk2r/ppp2ppp/4pn2/8/2pPP3/2B2N2/PP3PPP/R2QKB1R b KQkq - 0 7,d2c3
9,EulerE,Lucifer19,1212,1268,rnbqk2r/ppp2ppp/4p3/8/2pPn3/2B2N2/PP3PPP/R2QKB1R w KQkq - 0 8,f6e4
9,EulerE,Lucifer19,1212,1268,rnbqk2r/ppp2ppp/4p3/8/2BPn3/2B2N2/PP3PPP/R2QK2R b KQkq - 0 8,f1c4
9,EulerE,Lucifer19,1212,1268,rnbqk2r/ppp2ppp/4p3/8/2BP4/2n2N2/PP3PPP/R2QK2R w KQkq - 0 9,e4c3
9,EulerE,Lucifer19,1212,1268,rnbqk2r/ppp2ppp/4p3/8/2BP4/2P2N2/P4PPP/R2QK2R b KQkq - 0 9,b2c3
9,EulerE,Lucifer19,1212,1268,rnbq1rk1/ppp2ppp/4p3/8/2BP4/2P2N2/P4PPP/R2QK2R w KQ - 1 10,e8g8
9,EulerE,Lucifer19,1212,1268,rnbq1rk1/ppp2ppp/4p3/8/2BP4/2P2N2/P4PPP/R2Q1RK1 b - - 2 10,e1g1
9,EulerE,Lucifer19,1212,1268,r1bq1rk1/ppp2ppp/2n1p3/8/2BP4/2P2N2/P4PPP/R2Q1RK1 w - - 3 11,b8c6
9,EulerE,Lucifer19,1212,1268,r1bq1rk1/ppp2ppp/2n1p3/8/2BP3P/2P2N2/P4PP1/R2Q1RK1 b - - 0 11,h2h4
9,EulerE,Lucifer19,1212,1268,r1bq1rk1/1pp2ppp/p1n1p3/8/2BP3P/2P2N2/P4PP1/R2Q1RK1 w - - 0 12,a7a6
9,EulerE,Lucifer19,1212,1268,r1bq1rk1/1pp2ppp/p1n1p3/7P/2BP4/2P2N2/P4PP1/R2Q1RK1 b - - 0 12,h4h5
9,EulerE,Lucifer19,1212,1268,r1bq1rk1/1pp2pp1/p1n1p2p/7P/2BP4/2P2N2/P4PP1/R2Q1RK1 w - - 0 13,h7h6
9,EulerE,Lucifer19,1212,1268,r1bq1rk1/1pp2pp1/p1n1p2p/7P/2BP4/2PQ1N2/P4PP1/R4RK1 b - - 1 13,d1d3
9,EulerE,Lucifer19,1212,1268,r1bq1rk1/2p2pp1/p1n1p2p/1p5P/2BP4/2PQ1N2/P4PP1/R4RK1 w - - 0 14,b7b5
9,EulerE,Lucifer19,1212,1268,r1bq1rk1/2p2pp1/p1n1p2p/1p5P/3P4/1BPQ1N2/P4PP1/R4RK1 b - - 1 14,c4b3
9,EulerE,Lucifer19,1212,1268,r2q1rk1/1bp2pp1/p1n1p2p/1p5P/3P4/1BPQ1N2/P4PP1/R4RK1 w - - 2 15,c8b7
9,EulerE,Lucifer19,1212,1268,r2q1rk1/1bp2pp1/p1n1p2p/1p5P/3P4/2PQ1N2/P1B2PP1/R4RK1 b - - 3 15,b3c2
9,EulerE,Lucifer19,1212,1268,r2q1rk1/1bp2p2/p1n1p1pp/1p5P/3P4/2PQ1N2/P1B2PP1/R4RK1 w - - 0 16,g7g6
9,EulerE,Lucifer19,1212,1268,r2q1rk1/1bp2p2/p1n1p1Pp/1p6/3P4/2PQ1N2/P1B2PP1/R4RK1 b - - 0 16,h5g6
9,EulerE,Lucifer19,1212,1268,r4rk1/1bp2p2/p1n1pqPp/1p6/3P4/2PQ1N2/P1B2PP1/R4RK1 w - - 1 17,d8f6
9,EulerE,Lucifer19,1212,1268,r4rk1/1bp2p2/p1n1pqPp/1p6/3P4/2PQ1NP1/P1B2P2/R4RK1 b - - 0 17,g2g3
9,EulerE,Lucifer19,1212,1268,r4rk1/1bp5/p1n1pqpp/1p6/3P4/2PQ1NP1/P1B2P2/R4RK1 w - - 0 18,f7g6
9,EulerE,Lucifer19,1212,1268,r4rk1/1bp5/p1n1pqpp/1p6/3P4/2PQ1NP1/P1B2PK1/R4R2 b - - 1 18,g1g2
9,EulerE,Lucifer19,1212,1268,r4rk1/1bp1n3/p3pqpp/1p6/3P4/2PQ1NP1/P1B2PK1/R4R2 w - - 2 19,c6e7
9,EulerE,Lucifer19,1212,1268,r4rk1/1bp1n3/p3pqpp/1p6/3P4/2PQ1NP1/P1B2PK1/R6R b - - 3 19,f1h1
9,EulerE,Lucifer19,1212,1268,r4rk1/2p1n3/p3pqpp/1p6/3P4/2PQ1bP1/P1B2PK1/R6R w - - 0 20,b7f3
9,EulerE,Lucifer19,1212,1268,r4rk1/2p1n3/p3pqpp/1p6/3P4/2P2QP1/P1B2PK1/R6R b - - 0 20,d3f3
9,EulerE,Lucifer19,1212,1268,r4rk1/2p1n3/p3p1pp/1p6/3P4/2P2qP1/P1B2PK1/R6R w - - 0 21,f6f3
10,Vincenzoo89,EulerE,1176,1203,rnbqkbnr/pppppppp/8/8/4P3/8/PPPP1PPP/RNBQKBNR b KQkq - 0 1,e2e4
10,Vincenzoo89,EulerE,1176,1203,rnbqkbnr/pppp1ppp/8/4p3/4P3/8/PPPP1PPP/RNBQKBNR w KQkq - 0 2,e7e5
10,Vincenzoo89,EulerE,1176,1203,rnbqkbnr/pppp1ppp/8/4p3/4P3/5N2/PPPP1PPP/RNBQKB1R b KQkq - 1 2,g1f3
10,Vincenzoo89,EulerE,1176,1203,r1bqkbnr/pppp1ppp/2n5/4p3/4P3/5N2/PPPP1PPP/RNBQKB1R w KQkq - 2 3,b8c6
10,Vincenzoo89,EulerE,1176,1203,r1bqkbnr/pppp1ppp/2n5/4p3/4P3/2P2N2/PP1P1PPP/RNBQKB1R b KQkq - 0 3,c2c3
10,Vincenzoo89,EulerE,1176,1203,r1bqkbnr/pppp1p1p/2n3p1/4p3/4P3/2P2N2/PP1P1PPP/RNBQKB1R w KQkq - 0 4,g7g6
10,Vincenzoo89,EulerE,1176,1203,r1bqkbnr/pppp1p1p/2n3p1/4p3/3PP3/2P2N2/PP3PPP/RNBQKB1R b KQkq - 0 4,d2d4
10,Vincenzoo89,EulerE,1176,1203,r1bqkbnr/pppp1p1p/2n3p1/8/3pP3/2P2N2/PP3PPP/RNBQKB1R w KQkq - 0 5,e5d4
10,Vincenzoo89,EulerE,1176,1203,r1bqkbnr/pppp1p1p/2n3p1/8/3PP3/5N2/PP3PPP/RNBQKB1R b KQkq - 0 5,c3d4
10,Vincenzoo89,EulerE,1176,1203,r1bqk1nr/pppp1pbp/2n3p1/8/3PP3/5N2/PP3PPP/RNBQKB1R w KQkq - 1 6,f8g7
10,Vincenzoo89,EulerE,1176,1203,r1bqk1nr/pppp1pbp/2n3p1/3P4/4P3/5N2/PP3PPP/RNBQKB1R b KQkq - 0 6,d4d5
10,Vincenzoo89,EulerE,1176,1203,r1bqk1nr/pppp1pbp/6p1/3Pn3/4P3/5N2/PP3PPP/RNBQKB1R w KQkq - 1 7,c6e5
10,Vincenzoo89,EulerE,1176,1203,r1bqk1nr/pppp1pbp/6p1/3PN3/4P3/8/PP3PPP/RNBQKB1R b KQkq - 0 7,f3e5
10,Vincenzoo89,EulerE,1176,1203,r1bqk1nr/pppp1p1p/6p1/3Pb3/4P3/8/PP3PPP/RNBQKB1R w KQkq - 0 8,g7e5
10,Vincenzoo89,EulerE,1176,1203,r1bqk1nr/pppp1p1p/6p1/3Pb3/2B1P3/8/PP3PPP/RNBQK2R b KQkq - 1 8,f1c4
10,Vincenzoo89,EulerE,1176,1203,r1bqk1nr/ppp2p1p/3p2p1/3Pb3/2B1P3/8/PP3PPP/RNBQK2R w KQkq - 0 9,d7d6
10,Vincenzoo89,EulerE,1176,1203,r1bqk1nr/ppp2p1p/3p2p1/3Pb3/2B1P3/8/PP3PPP/RNBQ1RK1 b kq - 1 9,e1g1
10,Vincenzoo89,EulerE,1176,1203,r1bqk2r/ppp2p1p/3p1np1/3Pb3/2B1P3/8/PP3PPP/RNBQ1RK1 w kq - 2 10,g8f6
10,Vincenzoo89,EulerE,1176,1203,r1bqk2r/ppp2p1p/3p1np1/3Pb3/2B1PP2/8/PP4PP/RNBQ1RK1 b kq - 0 10,f2f4
11,Death_Crow,EulerE,1231,1195,rnbqkbnr/pppppppp/8/8/8/4P3/PPPP1PPP/RNBQKBNR b KQkq - 0 1,e2e3
11,Death_Crow,EulerE,1231,1195,rnbqkbnr/pppp1ppp/8/4p3/8/4P3/PPPP1PPP/RNBQKBNR w KQkq - 0 2,e7e5
11,Death_Crow,EulerE,1231,1195,rnbqkbnr/pppp1ppp/8/4p3/2B5/4P3/PPPP1PPP/RNBQK1NR b KQkq - 1 2,f1c4
11,Death_Crow,EulerE,1231,1195,r1bqkbnr/pppp1ppp/2n5/4p3/2B5/4P3/PPPP1PPP/RNBQK1NR w KQkq - 2 3,b8c6
11,Death_Crow,EulerE,1231,1195,r1bqkbnr/pppp1ppp/2n5/4p3/2B5/4PQ2/PPPP1PPP/RNB1K1NR b KQkq - 3 3,d1f3
11,Death_Crow,EulerE,1231,1195,r1bqkb1r/pppp1ppp/2n2n2/4p3/2B5/4PQ2/PPPP1PPP/RNB1K1NR w KQkq - 4 4,g8f6
11,Death_Crow,EulerE,1231,1195,r1bqkb1r/pppp1ppp/2n2n2/4p3/2B5/1P2PQ2/P1PP1PPP/RNB1K1NR b KQkq - 0 4,b2b3
11,Death_Crow,EulerE,1231,1195,r1bqkb1r/pppp1p1p/2n2np1/4p3/2B5/1P2PQ2/P1PP1PPP/RNB1K1NR w KQkq - 0 5,g7g6
11,Death_Crow,EulerE,1231,1195,r1bqkb1r/pppp1p1p/2n2np1/4p3/2B5/1P2PQ2/PBPP1PPP/RN2K1NR b KQkq - 1 5,c1b2
11,Death_Crow,EulerE,1231,1195,r1bqk2r/pppp1pbp/2n2np1/4p3/2B5/1P2PQ2/PBPP1PPP/RN2K1NR w KQkq - 2 6,f8g7
11,Death_Crow,EulerE,1231,1195,r1bqk2r/pppp1pbp/2n2np1/4p3/2B3P1/1P2PQ2/PBPP1P1P/RN2K1NR b KQkq - 0 6,g2g4
11,Death_Crow,EulerE,1231,1195,r1bqk2r/pppp1pbp/2n2np1/8/2B1p1P1/1P2PQ2/PBPP1P1P/RN2K1NR w KQkq - 0 7,e5e4
11,Death_Crow,EulerE,1231,1195,r1bqk2r/pppp1pbp/2n2np1/8/2B1pQP1/1P2P3/PBPP1P1P/RN2K1NR b KQkq - 1 7,f3f4
11,Death_Crow,EulerE,1231,1195,r1bqk2r/ppp2pbp/2n2np1/3p4/2B1pQP1/1P2P3/PBPP1P1P/RN2K1NR w KQkq - 0 8,d7d5
11,Death_Crow,EulerE,1231,1195,r1bqk2r/ppp2pbp/2n2np1/1B1p4/4pQP1/1P2P3/PBPP1P1P/RN2K1NR b KQkq - 1 8,c4b5
11,Death_Crow,EulerE,1231,1195,r2qk2r/pppb1pbp/2n2np1/1B1p4/4pQP1/1P2P3/PBPP1P1P/RN2K1NR w KQkq - 2 9,c8d7
11,Death_Crow,EulerE,1231,1195,r2qk2r/pppb1pbp/2n2np1/1B1p2P1/4pQ2/1P2P3/PBPP1P1P/RN2K1NR b KQkq - 0 9,g4g5
11,Death_Crow,EulerE,1231,1195,r2qk2r/pppb1pbp/2n3p1/1B1p2P1/4pQn1/1P2P3/PBPP1P1P/RN2K1NR w KQkq - 1 10,f6g4
11,Death_Crow,EulerE,1231,1195,r2qk2r/pppb1pBp/2n3p1/1B1p2P1/4pQn1/1P2P3/P1PP1P1P/RN2K1NR b KQkq - 0 10,b2g7
11,Death_Crow,EulerE,1231,1195,r2qk2r/pppb1pBp/6p1/1B1p2P1/1n2pQn1/1P2P3/P1PP1P1P/RN2K1NR w KQkq - 1 11,c6b4
11,Death_Crow,EulerE,1231,1195,r2qk2r/pppB1pBp/6p1/3p2P1/1n2pQn1/1P2P3/P1PP1P1P/RN2K1NR b KQkq - 0 11,b5d7
11,Death_Crow,EulerE,1231,1195,r3k2r/pppq1pBp/6p1/3p2P1/1n2pQn1/1P2P3/P1PP1P1P/RN2K1NR w KQkq - 0 12,d8d7
11,Death_Crow,EulerE,1231,1195,r3k2r/pppq1pBp/6p1/3p2P1/1n2pQn1/NP2P3/P1PP1P1P/R3K1NR b KQkq - 1 12,b1a3
11,Death_Crow,EulerE,1231,1195,r3k1r1/pppq1pBp/6p1/3p2P1/1n2pQn1/NP2P3/P1PP1P1P/R3K1NR w KQq - 2 13,h8g8
11,Death_Crow,EulerE,1231,1195,r3k1r1/pppq1p1p/6p1/3p2P1/1n2pQn1/NPB1P3/P1PP1P1P/R3K1NR b KQq - 3 13,g7c3
11,Death_Crow,EulerE,1231,1195,r3k1r1/1ppq1p1p/6p1/p2p2P1/1n2pQn1/NPB1P3/P1PP1P1P/R3K1NR w KQq - 0 14,a7a5
11,Death_Crow,EulerE,1231,1195,r3k1r1/1ppq1p1p/6p1/p2p2P1/1n2pQn1/NPB1P3/P1PPNP1P/R3K2R b KQq - 1 14,g1e2
11,Death_Crow,EulerE,1231,1195,2kr2r1/1ppq1p1p/6p1/p2p2P1/1n2pQn1/NPB1P3/P1PPNP1P/R3K2R w KQ - 2 15,e8c8
11,Death_Crow,EulerE,1231,1195,2kr2r1/1ppq1p1p/6p1/p2p2P1/1n2pQn1/NPB1P3/P1PPNP1P/R3K1R1 b Q - 3 15,h1g1
11,Death_Crow,EulerE,1231,1195,2kr2r1/1ppq1p2/6p1/p2p2Pp/1n2pQn1/NPB1P3/P1PPNP1P/R3K1R1 w Q h6 0 16,h7h5
11,Death_Crow,EulerE,1231,1195,2kr2r1/1ppq1p2/6pP/p2p4/1n2pQn1/NPB1P3/P1PPNP1P/R3K1R1 b Q - 0 16,g5h6
11,Death_Crow,EulerE,1231,1195,2kr2r1/1ppq4/6pP/p2p1p2/1n2pQn1/NPB1P3/P1PPNP1P/R3K1R1 w Q - 0 17,f7f5
11,Death_Crow,EulerE,1231,1195,2kr2r1/1ppq4/6pP/p2p1p2/1n2pQn1/NPB1P2P/P1PPNP2/R3K1R1 b Q - 0 17,h2h3
12,EulerE,aboozarshah,1187,1222,rnbqkbnr/pppppppp/8/8/3P4/8/PPP1PPPP/RNBQKBNR b KQkq - 0 1,d2d4
12,EulerE,aboozarshah,1187,1222,rnbqkbnr/pppp1ppp/4p3/8/3P4/8/PPP1PPPP/RNBQKBNR w KQkq - 0 2,e7e6
12,EulerE,aboozarshah,1187,1222,rnbqkbnr/pppp1ppp/4p3/8/2PP4/8/PP2PPPP/RNBQKBNR b KQkq - 0 2,c2c4
12,EulerE,aboozarshah,1187,1222,rnbqk1nr/pppp1ppp/4p3/8/1bPP4/8/PP2PPPP/RNBQKBNR w KQkq - 1 3,f8b4
12,EulerE,aboozarshah,1187,1222,rnbqk1nr/pppp1ppp/4p3/8/1bPP4/2N5/PP2PPPP/R1BQKBNR b KQkq - 2 3,b1c3
12,EulerE,aboozarshah,1187,1222,rnbqk1nr/pp1p1ppp/4p3/2p5/1bPP4/2N5/PP2PPPP/R1BQKBNR w KQkq - 0 4,c7c5
12,EulerE,aboozarshah,1187,1222,rnbqk1nr/pp1p1ppp/4p3/2pP4/1bP5/2N5/PP2PPPP/R1BQKBNR b KQkq - 0 4,d4d5
12,EulerE,aboozarshah,1187,1222,rnbqk1nr/pp1p1ppp/4p3/2pP4/2P5/2b5/PP2PPPP/R1BQKBNR w KQkq - 0 5,b4c3
12,EulerE,aboozarshah,1187,1222,rnbqk1nr/pp1p1ppp/4p3/2pP4/2P5/2P5/P3PPPP/R1BQKBNR b KQkq - 0 5,b2c3
12,EulerE,aboozarshah,1187,1222,rnbqk1nr/pp1p1ppp/8/2pp4/2P5/2P5/P3PPPP/R1BQKBNR w KQkq - 0 6,e6d5
12,EulerE,aboozarshah,1187,1222,rnbqk1nr/pp1p1ppp/8/2pP4/8/2P5/P3PPPP/R1BQKBNR b KQkq - 0 6,c4d5
12,EulerE,aboozarshah,1187,1222,rnbqk1nr/pp3ppp/3p4/2pP4/8/2P5/P3PPPP/R1BQKBNR w KQkq - 0 7,d7d6
12,EulerE,aboozarshah,1187,1222,rnbqk1nr/pp3ppp/3p4/2pP4/Q7/2P5/P3PPPP/R1B1KBNR b KQkq - 1 7,d1a4
12,EulerE,aboozarshah,1187,1222,r1bqk1nr/pp1n1ppp/3p4/2pP4/Q7/2P5/P3PPPP/R1B1KBNR w KQkq - 2 8,b8d7
12,EulerE,aboozarshah,1187,1222,r1bqk1nr/pp1n1ppp/3p4/2pP4/6Q1/2P5/P3PPPP/R1B1KBNR b KQkq - 3 8,a4g4
12,EulerE,aboozarshah,1187,1222,r1b1k1nr/pp1n1ppp/3p1q2/2pP4/6Q1/2P5/P3PPPP/R1B1KBNR w KQkq - 4 9,d8f6
12,EulerE,aboozarshah,1187,1222,r1b1k1nr/pp1n1ppp/3p1q2/2pP4/4Q3/2P5/P3PPPP/R1B1KBNR b KQkq - 5 9,g4e4
12,EulerE,aboozarshah,1187,1222,r1b1k1nr/pp3ppp/3p1q2/2pPn3/4Q3/2P5/P3PPPP/R1B1KBNR w KQkq - 6 10,d7e5
12,EulerE,aboozarshah,1187,1222,r1b1k1nr/pp3ppp/3p1q2/2pPn3/4QB2/2P5/P3PPPP/R3KBNR b KQkq - 7 10,c1f4
12,EulerE,aboozarshah,1187,1222,r1b1k2r/pp2nppp/3p1q2/2pPn3/4QB2/2P5/P3PPPP/R3KBNR w KQkq - 8 11,g8e7
12,EulerE,aboozarshah,1187,1222,r1b1k2r/pp2nppp/3p1q2/2pPn3/4QB2/2P2N2/P3PPPP/R3KB1R b KQkq - 9 11,g1f3
12,EulerE,aboozarshah,1187,1222,r1b1k2r/pp2nppp/3p1q2/2pP4/4QB2/2P2n2/P3PPPP/R3KB1R w KQkq - 0 12,e5f3
12,EulerE,aboozarshah,1187,1222,r1b1k2r/pp2nppp/3p1q2/2pP4/5B2/2P2Q2/P3PPPP/R3KB1R b KQkq - 0 12,e4f3
12,EulerE,aboozarshah,1187,1222,r1b2rk1/pp2nppp/3p1q2/2pP4/5B2/2P2Q2/P3PPPP/R3KB1R w KQ - 1 13,e8g8
12,EulerE,aboozarshah,1187,1222,r1b2rk1/pp2nppp/3p1q2/2pP4/5B2/2P1PQ2/P4PPP/R3KB1R b KQ - 0 13,e2e3
12,EulerE,aboozarshah,1187,1222,r1b2rk1/pp2nppp/3p4/2pP4/5B2/2q1PQ2/P4PPP/R3KB1R w KQ - 0 14,f6c3
13,HinjaKafa,EulerE,1216,1179,rnbqkbnr/pppppppp/8/8/3P4/8/PPP1PPPP/RNBQKBNR b KQkq - 0 1,d2d4
13,HinjaKafa,EulerE,1216,1179,rnbqkbnr/ppp1pppp/8/3p4/3P4/8/PPP1PPPP/RNBQKBNR w KQkq - 0 2,d7d5
13,HinjaKafa,EulerE,1216,1179,rnbqkbnr/ppp1pppp/8/3p4/2PP4/8/PP2PPPP/RNBQKBNR b KQkq - 0 2,c2c4
13,HinjaKafa,EulerE,1216,1179,rnbqkbnr/ppp2ppp/4p3/3p4/2PP4/8/PP2PPPP/RNBQKBNR w KQkq - 0 3,e7e6
13,HinjaKafa,EulerE,1216,1179,rnbqkbnr/ppp2ppp/4p3/3p4/2PP4/2N5/PP2PPPP/R1BQKBNR b KQkq - 1 3,b1c3
13,HinjaKafa,EulerE,1216,1179,rnbqkb1r/ppp2ppp/4pn2/3p4/2PP4/2N5/PP2PPPP/R1BQKBNR w KQkq - 2 4,g8f6
13,HinjaKafa,EulerE,1216,1179,rnbqkb1r/ppp2ppp/4pn2/3p2B1/2PP4/2N5/PP2PPPP/R2QKBNR b KQkq - 3 4,c1g5
13,HinjaKafa,EulerE,1216,1179,rnbqkb1r/ppp2pp1/4pn1p/3p2B1/2PP4/2N5/PP2PPPP/R2QKBNR w KQkq - 0 5,h7h6
13,HinjaKafa,EulerE,1216,1179,rnbqkb1r/ppp2pp1/4pn1p/3p4/2PP3B/2N5/PP2PPPP/R2QKBNR b KQkq - 1 5,g5h4
13,HinjaKafa,EulerE,1216,1179,rnbqk2r/ppp1bpp1/4pn1p/3p4/2PP3B/2N5/PP2PPPP/R2QKBNR w KQkq - 2 6,f8e7
13,HinjaKafa,EulerE,1216,1179,rnbqk2r/ppp1bpp1/4pn1p/3p4/2PP3B/2N2N2/PP2PPPP/R2QKB1R b KQkq - 3 6,g1f3
13,HinjaKafa,EulerE,1216,1179,r1bqk2r/ppp1bpp1/2n1pn1p/3p4/2PP3B/2N2N2/PP2PPPP/R2QKB1R w KQkq - 4 7,b8c6
13,HinjaKafa,EulerE,1216,1179,r1bqk2r/ppp1bpp1/2n1pn1p/3p4/2PP3B/2N1PN2/PP3PPP/R2QKB1R b KQkq - 0 7,e2e3
13,HinjaKafa,EulerE,1216,1179,r1bq1rk1/ppp1bpp1/2n1pn1p/3p4/2PP3B/2N1PN2/PP3PPP/R2QKB1R w KQ - 1 8,e8g8
13,HinjaKafa,EulerE,1216,1179,r1bq1rk1/ppp1bpp1/2n1pn1p/3p4/2PP3B/2NBPN2/PP3PPP/R2QK2R b KQ - 2 8,f1d3
13,HinjaKafa,EulerE,1216,1179,r1bq1rk1/ppp1bpp1/4pn1p/3p4/1nPP3B/2NBPN2/PP3PPP/R2QK2R w KQ - 3 9,c6b4
13,HinjaKafa,EulerE,1216,1179,r1bq1rk1/ppp1bpp1/4pn1p/3p4/1nPP3B/2N1PN2/PP3PPP/RB1QK2R b KQ - 4 9,d3b1
13,HinjaKafa,EulerE,1216,1179,r1bq1rk1/ppp1bpp1/4pn1p/8/1npP3B/2N1PN2/PP3PPP/RB1QK2R w KQ - 0 10,d5c4
13,HinjaKafa,EulerE,1216,1179,r1bq1rk1/ppp1bpp1/4pn1p/8/1npP3B/P1N1PN2/1P3PPP/RB1QK2R b KQ - 0 10,a2a3
13,HinjaKafa,EulerE,1216,1179,r1bq1rk1/ppp1bpp1/2n1pn1p/8/2pP3B/P1N1PN2/1P3PPP/RB1QK2R w KQ - 1 11,b4c6
13,HinjaKafa,EulerE,1216,1179,r1bq1rk1/ppp1bpp1/2n1pn1p/8/2pP3B/P1N1PN2/1PQ2PPP/RB2K2R b KQ - 2 11,d1c2
13,HinjaKafa,EulerE,1216,1179,r2q1rk1/pppbbpp1/2n1pn1p/8/2pP3B/P1N1PN2/1PQ2PPP/RB2K2R w KQ - 3 12,c8d7
13,HinjaKafa,EulerE,1216,1179,r2q1rk1/pppbbpp1/2n1pB1p/8/2pP4/P1N1PN2/1PQ2PPP/RB2K2R b KQ - 0 12,h4f6
13,HinjaKafa,EulerE,1216,1179,r2q1rk1/pppbbp2/2n1pBpp/8/2pP4/P1N1PN2/1PQ2PPP/RB2K2R w KQ - 0 13,g7g6
13,HinjaKafa,EulerE,1216,1179,r2q1rk1/pppbBp2/2n1p1pp/8/2pP4/P1N1PN2/1PQ2PPP/RB2K2R b KQ - 0 13,f6e7
13,HinjaKafa,EulerE,1216,1179,r4rk1/pppbqp2/2n1p1pp/8/2pP4/P1N1PN2/1PQ2PPP/RB2K2R w KQ - 0 14,d8e7
13,HinjaKafa,EulerE,1216,1179,r4rk1/pppbqp2/2n1p1pp/8/2pP4/P1N1PN2/1PQ2PPP/RB3RK1 b - - 1 14,e1g1
13,HinjaKafa,EulerE,1216,1179,r4rk1/pppbqp2/2n3pp/4p3/2pP4/P1N1PN2/1PQ2PPP/RB3RK1 w - - 0 15,e6e5
13,HinjaKafa,EulerE,1216,1179,r4rk1/pppbqp2/2n3pp/3Pp3/2p5/P1N1PN2/1PQ2PPP/RB3RK1 b - - 0 15,d4d5
13,HinjaKafa,EulerE,1216,1179,r4rk1/pppbqp2/6pp/n2Pp3/2p5/P1N1PN2/1PQ2PPP/RB3RK1 w - - 1 16,c6a5
13,HinjaKafa,EulerE,1216,1179,r4rk1/pppbqp2/6pp/n2Pp3/2p1P3/P1N2N2/1PQ2PPP/RB3RK1 b - - 0 16,e3e4
13,HinjaKafa,EulerE,1216,1179,r4rk1/pppbqp2/6pp/3Pp3/2p1P3/PnN2N2/1PQ2PPP/RB3RK1 w - - 1 17,a5b3
13,HinjaKafa,EulerE,1216,1179,r4rk1/pppbqp2/6pp/3Pp3/2p1P3/PnN2N2/RPQ2PPP/1B3RK1 b - - 2 17,a1a2
13,HinjaKafa,EulerE,1216,1179,r4rk1/ppp1qp2/6pp/3Pp3/b1p1P3/PnN2N2/RPQ2PPP/1B3RK1 w - - 3 18,d7a4
13,HinjaKafa,EulerE,1216,1179,r4rk1/ppp1qp2/6pp/3Pp3/b1p1P3/PnN2N2/RP2QPPP/1B3RK1 b - - 4 18,c2e2
14,EulerE,No_Plastic_Be_Fantastic,1188,1205,rnbqkbnr/pppppppp/8/8/3P4/8/PPP1PPPP/RNBQKBNR b KQkq - 0 1,d2d4
14,EulerE,No_Plastic_Be_Fantastic,1188,1205,rnbqkbnr/pppp1ppp/8/4p3/3P4/8/PPP1PPPP/RNBQKBNR w KQkq - 0 2,e7e5
14,EulerE,No_Plastic_Be_Fantastic,1188,1205,rnbqkbnr/pppp1ppp/8/4P3/8/8/PPP1PPPP/RNBQKBNR b KQkq - 0 2,d4e5
14,EulerE,No_Plastic_Be_Fantastic,1188,1205,rnbqk1nr/pppp1ppp/8/2b1P3/8/8/PPP1PPPP/RNBQKBNR w KQkq - 1 3,f8c5
14,EulerE,No_Plastic_Be_Fantastic,1188,1205,rnbqk1nr/pppp1ppp/8/2b1P3/8/5N2/PPP1PPPP/RNBQKB1R b KQkq - 2 3,g1f3
14,EulerE,No_Plastic_Be_Fantastic,1188,1205,rnbqk1nr/ppp2ppp/3p4/2b1P3/8/5N2/PPP1PPPP/RNBQKB1R w KQkq - 0 4,d7d6
14,EulerE,No_Plastic_Be_Fantastic,1188,1205,rnbqk1nr/ppp2ppp/3p4/2b1P3/4P3/5N2/PPP2PPP/RNBQKB1R b KQkq - 0 4,e2e4
14,EulerE,No_Plastic_Be_Fantastic,1188,1205,rnbqk2r/ppp1nppp/3p4/2b1P3/4P3/5N2/PPP2PPP/RNBQKB1R w KQkq - 1 5,g8e7
14,EulerE,No_Plastic_Be_Fantastic,1188,1205,rnbqk2r/ppp1nppp/3p4/2b1P3/2B1P3/5N2/PPP2PPP/RNBQK2R b KQkq - 2 5,f1c4
14,EulerE,No_Plastic_Be_Fantastic,1188,1205,rnbqk2r/ppp1nppp/8/2bpP3/2B1P3/5N2/PPP2PPP/RNBQK2R w KQkq - 0 6,d6d5
14,EulerE,No_Plastic_Be_Fantastic,1188,1205,rnbqk2r/ppp1nppp/8/2bPP3/2B5/5N2/PPP2PPP/RNBQK2R b KQkq - 0 6,e4d5
14,EulerE,No_Plastic_Be_Fantastic,1188,1205,rnbqk2r/pp2nppp/2p5/2bPP3/2B5/5N2/PPP2PPP/RNBQK2R w KQkq - 0 7,c7c6
14,EulerE,No_Plastic_Be_Fantastic,1188,1205,rnbqk2r/pp2nppp/2pP4/2b1P3/2B5/5N2/PPP2PPP/RNBQK2R b KQkq - 0 7,d5d6
14,EulerE,No_Plastic_Be_Fantastic,1188,1205,rnbqk2r/pp3ppp/2pP4/2b1Pn2/2B5/5N2/PPP2PPP/RNBQK2R w KQkq - 1 8,e7f5
14,EulerE,No_Plastic_Be_Fantastic,1188,1205,rnbqk2r/pp3ppp/2pP4/2b1Pn2/2B5/5N2/PPP2PPP/RNBQ1RK1 b kq - 2 8,e1g1
14,EulerE,No_Plastic_Be_Fantastic,1188,1205,rnbq1rk1/pp3ppp/2pP4/2b1Pn2/2B5/5N2/PPP2PPP/RNBQ1RK1 w - - 3 9,e8g8
14,EulerE,No_Plastic_Be_Fantastic,1188,1205,rnbq1rk1/pp3ppp/2pP4/2b1Pn2/2B5/2N2N2/PPP2PPP/R1BQ1RK1 b - - 4 9,b1c3
14,EulerE,No_Plastic_Be_Fantastic,1188,1205,r1bq1rk1/pp1n1ppp/2pP4/2b1Pn2/2B5/2N2N2/PPP2PPP/R1BQ1RK1 w - - 5 10,b8d7
14,EulerE,No_Plastic_Be_Fantastic,1188,1205,r1bq1rk1/pp1n1ppp/2pP4/2b1Pn2/2B1N3/5N2/PPP2PPP/R1BQ1RK1 b - - 6 10,c3e4
14,EulerE,No_Plastic_Be_Fantastic,1188,1205,r1bq1rk1/pp1n1ppp/1bpP4/4Pn2/2B1N3/5N2/PPP2PPP/R1BQ1RK1 w - - 7 11,c5b6
14,EulerE,No_Plastic_Be_Fantastic,1188,1205,r1bq1rk1/pp1n1ppp/1bpP4/4PnB1/2B1N3/5N2/PPP2PPP/R2Q1RK1 b - - 8 11,c1g5
14,EulerE,No_Plastic_Be_Fantastic,1188,1205,r1b1qrk1/pp1n1ppp/1bpP4/4PnB1/2B1N3/5N2/PPP2PPP/R2Q1RK1 w - - 9 12,d8e8
14,EulerE,No_Plastic_Be_Fantastic,1188,1205,r1b1qrk1/pp1n1ppp/1bpP4/4PnB1/P1B1N3/5N2/1PP2PPP/R2Q1RK1 b - - 0 12,a2a4
14,EulerE,No_Plastic_Be_Fantastic,1188,1205,r1bbqrk1/pp1n1ppp/2pP4/4PnB1/P1B1N3/5N2/1PP2PPP/R2Q1RK1 w - - 1 13,b6d8
14,EulerE,No_Plastic_Be_Fantastic,1188,1205,r1bbqrk1/pp1n1ppp/2pP4/4PnB1/P1B1N3/5N2/1PPQ1PPP/R4RK1 b - - 2 13,d1d2
14,EulerE,No_Plastic_Be_Fantastic,1188,1205,r1b1qrk1/pp1n1ppp/2pP4/4Pnb1/P1B1N3/5N2/1PPQ1PPP/R4RK1 w - - 0 14,d8g5
14,EulerE,No_Plastic_Be_Fantastic,1188,1205,r1b1qrk1/pp1n1ppp/2pP4/4PnQ1/P1B1N3/5N2/1PP2PPP/R4RK1 b - - 0 14,d2g5
14,EulerE,No_Plastic_Be_Fantastic,1188,1205,r1b1qrk1/pp1n1p1p/2pP2p1/4PnQ1/P1B1N3/5N2/1PP2PPP/R4RK1 w - - 0 15,g7g6
14,EulerE,No_Plastic_Be_Fantastic,1188,1205,r1b1qrk1/pp1n1p1p/2pP2p1/4PnQ1/P1B1N3/5N2/1PP2PPP/R3R1K1 b - - 1 15,f1e1
14,EulerE,No_Plastic_Be_Fantastic,1188,1205,r1b1qrk1/pp3p1p/1npP2p1/4PnQ1/P1B1N3/5N2/1PP2PPP/R3R1K1 w - - 2 16,d7b6
14,EulerE,No_Plastic_Be_Fantastic,1188,1205,r1b1qrk1/pp3p1p/1npP1Np1/4PnQ1/P1B5/5N2/1PP2PPP/R3R1K1 b - - 3 16,e4f6
14,EulerE,No_Plastic_Be_Fantastic,1188,1205,r1b1qr2/pp3pkp/1npP1Np1/4PnQ1/P1B5/5N2/1PP2PPP/R3R1K1 w - - 4 17,g8g7
14,EulerE,No_Plastic_Be_Fantastic,1188,1205,r1b1Nr2/pp3pkp/1npP2p1/4PnQ1/P1B5/5N2/1PP2PPP/R3R1K1 b - - 0 17,f6e8
14,EulerE,No_Plastic_Be_Fantastic,1188,1205,r1b1r3/pp3pkp/1npP2p1/4PnQ1/P1B5/5N2/1PP2PPP/R3R1K1 w - - 0 18,f8e8
14,EulerE,No_Plastic_Be_Fantastic,1188,1205,r1b1r3/pp3pkp/1npP1Qp1/4Pn2/P1B5/5N2/1PP2PPP/R3R1K1 b - - 1 18,g5f6
14,EulerE,No_Plastic_Be_Fantastic,1188,1205,r1b1r1k1/pp3p1p/1npP1Qp1/4Pn2/P1B5/5N2/1PP2PPP/R3R1K1 w - - 2 19,g7g8
14,EulerE,No_Plastic_Be_Fantastic,1188,1205,r1b1r1k1/pp3B1p/1npP1Qp1/4Pn2/P7/5N2/1PP2PPP/R3R1K1 b - - 0 19,c4f7
15,No_Plastic_Be_Fantastic,EulerE,1197,1196,rnbqkbnr/pppppppp/8/8/4P3/8/PPPP1PPP/RNBQKBNR b KQkq - 0 1,e2e4
15,No_Plastic_Be_Fantastic,EulerE,1197,1196,rnbqkbnr/pppp1ppp/8/4p3/4P3/8/PPPP1PPP/RNBQKBNR w KQkq - 0 2,e7e5
15,No_Plastic_Be_Fantastic,EulerE,1197,1196,rnbqkbnr/pppp1ppp/8/4p3/2B1P3/8/PPPP1PPP/RNBQK1NR b KQkq - 1 2,f1c4
15,No_Plastic_Be_Fantastic,EulerE,1197,1196,rnbqkb1r/pppp1ppp/5n2/4p3/2B1P3/8/PPPP1PPP/RNBQK1NR w KQkq - 2 3,g8f6
15,No_Plastic_Be_Fantastic,EulerE,1197,1196,rnbqkb1r/pppp1ppp/5n2/4p3/2B1P3/2N5/PPPP1PPP/R1BQK1NR b KQkq - 3 3,b1c3
15,No_Plastic_Be_Fantastic,EulerE,1197,1196,rnbqkb1r/pppp1p1p/5np1/4p3/2B1P3/2N5/PPPP1PPP/R1BQK1NR w KQkq - 0 4,g7g6
15,No_Plastic_Be_Fantastic,EulerE,1197,1196,rnbqkb1r/pppp1p1p/5np1/4p3/2B1P3/2N2N2/PPPP1PPP/R1BQK2R b KQkq - 1 4,g1f3
15,No_Plastic_Be_Fantastic,EulerE,1197,1196,rnbqkb1r/ppp2p1p/3p1np1/4p3/2B1P3/2N2N2/PPPP1PPP/R1BQK2R w KQkq - 0 5,d7d6
15,No_Plastic_Be_Fantastic,EulerE,1197,1196,rnbqkb1r/ppp2p1p/3p1np1/4p3/2B1P3/1PN2N2/P1PP1PPP/R1BQK2R b KQkq - 0 5,b2b3
15,No_Plastic_Be_Fantastic,EulerE,1197,1196,rnbqk2r/ppp2pbp/3p1np1/4p3/2B1P3/1PN2N2/P1PP1PPP/R1BQK2R w KQkq - 1 6,f8g7
15,No_Plastic_Be_Fantastic,EulerE,1197,1196,rnbqk2r/ppp2pbp/3p1np1/4p3/2B1P3/1PN2N2/PBPP1PPP/R2QK2R b KQkq - 2 6,c1b2
15,No_Plastic_Be_Fantastic,EulerE,1197,1196,rnbq1rk1/ppp2pbp/3p1np1/4p3/2B1P3/1PN2N2/PBPP1PPP/R2QK2R w KQ - 3 7,e8g8
15,No_Plastic_Be_Fantastic,EulerE,1197,1196,rnbq1rk1/ppp2pbp/3p1np1/4p3/2B1P3/1PN2N2/PBPPQPPP/R3K2R b KQ - 4 7,d1e2
15,No_Plastic_Be_Fantastic,EulerE,1197,1196,rn1q1rk1/ppp2pbp/3p1np1/4p3/2B1P1b1/1PN2N2/PBPPQPPP/R3K2R w KQ - 5 8,c8g4
15,No_Plastic_Be_Fantastic,EulerE,1197,1196,rn1q1rk1/ppp2pbp/3p1np1/4p3/2B1P1b1/1PN2N1P/PBPPQPP1/R3K2R b KQ - 0 8,h2h3
15,No_Plastic_Be_Fantastic,EulerE,1197,1196,rn1q1rk1/ppp2pbp/3pbnp1/4p3/2B1P3/1PN2N1P/PBPPQPP1/R3K2R w KQ - 1 9,g4e6
15,No_Plastic_Be_Fantastic,EulerE,1197,1196,rn1q1rk1/ppp2pbp/3pBnp1/4p3/4P3/1PN2N1P/PBPPQPP1/R3K2R b KQ - 0 9,c4e6
15,No_Plastic_Be_Fantastic,EulerE,1197,1196,rn1q1rk1/ppp3bp/3ppnp1/4p3/4P3/1PN2N1P/PBPPQPP1/R3K2R w KQ - 0 10,f7e6
15,No_Plastic_Be_Fantastic,EulerE,1197,1196,rn1q1rk1/ppp3bp/3ppnp1/4p1N1/4P3/1PN4P/PBPPQPP1/R3K2R b KQ - 1 10,f3g5
15,No_Plastic_Be_Fantastic,EulerE,1197,1196,rn3rk1/ppp1q1bp/3ppnp1/4p1N1/4P3/1PN4P/PBPPQPP1/R3K2R w KQ - 2 11,d8e7
15,No_Plastic_Be_Fantastic,EulerE,1197,1196,rn3rk1/ppp1q1bp/3ppnp1/4p1N1/4P3/1PN4P/PBPPQPP1/2KR3R b - - 3 11,e1c1
15,No_Plastic_Be_Fantastic,EulerE,1197,1196,rn3rk1/ppp1q2p/3ppnpb/4p1N1/4P3/1PN4P/PBPPQPP1/2KR3R w - - 4 12,g7h6
15,No_Plastic_Be_Fantastic,EulerE,1197,1196,rn3rk1/ppp1q2p/3ppnpb/4p1N1/4P2P/1PN5/PBPPQPP1/2KR3R b - - 0 12,h3h4
15,No_Plastic_Be_Fantastic,EulerE,1197,1196,rn3rk1/ppp1q2p/4pnpb/3pp1N1/4P2P/1PN5/PBPPQPP1/2KR3R w - - 0 13,d6d5
15,No_Plastic_Be_Fantastic,EulerE,1197,1196,rn3rk1/ppp1q2p/4pnpb/3Pp1N1/7P/1PN5/PBPPQPP1/2KR3R b - - 0 13,e4d5
15,No_Plastic_Be_Fantastic,EulerE,1197,1196,rn3rk1/ppp1q2p/5npb/3pp1N1/7P/1PN5/PBPPQPP1/2KR3R w - - 0 14,e6d5
15,No_Plastic_Be_Fantastic,EulerE,1197,1196,rn3rk1/ppp1q2p/5npb/3pp1N1/7P/1PN5/PBPPQPP1/2K1R2R b - - 1 14,d1e1
15,No_Plastic_Be_Fantastic,EulerE,1197,1196,rn3rk1/ppp1q2p/5npb/4p1N1/3p3P/1PN5/PBPPQPP1/2K1R2R w - - 0 15,d5d4
15,No_Plastic_Be_Fantastic,EulerE,1197,1196,rn3rk1/ppp1q2p/5npb/4p1N1/3pN2P/1P6/PBPPQPP1/2K1R2R b - - 1 15,c3e4
15,No_Plastic_Be_Fantastic,EulerE,1197,1196,rn3rk1/ppp1q2p/6pb/4p1N1/3pn2P/1P6/PBPPQPP1/2K1R2R w - - 0 16,f6e4
15,No_Plastic_Be_Fantastic,EulerE,1197,1196,rn3rk1/ppp1q2p/6pb/4p1N1/3pQ2P/1P6/PBPP1PP1/2K1R2R b - - 0 16,e2e4
15,No_Plastic_Be_Fantastic,EulerE,1197,1196,r4rk1/ppp1q2p/2n3pb/4p1N1/3pQ2P/1P6/PBPP1PP1/2K1R2R w - - 1 17,b8c6
15,No_Plastic_Be_Fantastic,EulerE,1197,1196,r4rk1/ppp1q2p/2n3pb/4p1N1/3pQP1P/1P6/PBPP2P1/2K1R2R b - - 0 17,f2f4
15,No_Plastic_Be_Fantastic,EulerE,1197,1196,r4rk1/ppp1q2p/2n3p1/4p1b1/3pQP1P/1P6/PBPP2P1/2K1R2R w - - 0 18,h6g5
15,No_Plastic_Be_Fantastic,EulerE,1197,1196,r4rk1/ppp1q2p/2n3p1/4p1P1/3pQ2P/1P6/PBPP2P1/2K1R2R b - - 0 18,f4g5
15,No_Plastic_Be_Fantastic,EulerE,1197,1196,r5k1/ppp1q2p/2n3p1/4p1P1/3pQr1P/1P6/PBPP2P1/2K1R2R w - - 1 19,f8f4
15,No_Plastic_Be_Fantastic,EulerE,1197,1196,r5k1/ppp1q2p/2n3p1/3Qp1P1/3p1r1P/1P6/PBPP2P1/2K1R2R b - - 2 19,e4d5
15,No_Plastic_Be_Fantastic,EulerE,1197,1196,r7/ppp1q1kp/2n3p1/3Qp1P1/3p1r1P/1P6/PBPP2P1/2K1R2R w - - 3 20,g8g7
15,No_Plastic_Be_Fantastic,EulerE,1197,1196,r7/ppp1q1kp/2n3p1/3Qp1PP/3p1r2/1P6/PBPP2P1/2K1R2R b - - 0 20,h4h5
15,No_Plastic_Be_Fantastic,EulerE,1197,1196,r7/ppp3kp/2n3p1/3Qp1qP/3p1r2/1P6/PBPP2P1/2K1R2R w - - 0 21,e7g5
15,No_Plastic_Be_Fantastic,EulerE,1197,1196,r7/ppp3kp/2n3pP/3Qp1q1/3p1r2/1P6/PBPP2P1/2K1R2R b - - 0 21,h5h6
15,No_Plastic_Be_Fantastic,EulerE,1197,1196,r6k/ppp4p/2n3pP/3Qp1q1/3p1r2/1P6/PBPP2P1/2K1R2R w - - 1 22,g7h8
15,No_Plastic_Be_Fantastic,EulerE,1197,1196,r6k/pppQ3p/2n3pP/4p1q1/3p1r2/1P6/PBPP2P1/2K1R2R b - - 2 22,d5d7
15,No_Plastic_Be_Fantastic,EulerE,1197,1196,r6k/pppQn2p/6pP/4p1q1/3p1r2/1P6/PBPP2P1/2K1R2R w - - 3 23,c6e7
15,No_Plastic_Be_Fantastic,EulerE,1197,1196,r6k/pppQn2p/6pP/4p1q1/3B1r2/1P6/P1PP2P1/2K1R2R b - - 0 23,b2d4
15,No_Plastic_Be_Fantastic,EulerE,1197,1196,r6k/pppQn2p/6pP/4p1q1/3r4/1P6/P1PP2P1/2K1R2R w - - 0 24,f4d4
15,No_Plastic_Be_Fantastic,EulerE,1197,1196,r6k/ppQ1n2p/6pP/4p1q1/3r4/1P6/P1PP2P1/2K1R2R b - - 0 24,d7c7
15,No_Plastic_Be_Fantastic,EulerE,1197,1196,r6k/ppQ1n2p/6pP/4p1q1/8/1P6/P1Pr2P1/2K1R2R w - - 0 25,d4d2
15,No_Plastic_Be_Fantastic,EulerE,1197,1196,r6k/ppQ1n2p/6pP/4p1q1/8/1P6/PKPr2P1/4R2R b - - 1 25,c1b2
15,No_Plastic_Be_Fantastic,EulerE,1197,1196,2r4k/ppQ1n2p/6pP/4p1q1/8/1P6/PKPr2P1/4R2R w - - 2 26,a8c8
15,No_Plastic_Be_Fantastic,EulerE,1197,1196,2r4k/pQ2n2p/6pP/4p1q1/8/1P6/PKPr2P1/4R2R b - - 0 26,c7b7
15,No_Plastic_Be_Fantastic,EulerE,1197,1196,7k/pQ2n2p/6pP/4p1q1/8/1P6/PKrr2P1/4R2R w - - 0 27,c8c2
15,No_Plastic_Be_Fantastic,EulerE,1197,1196,7k/pQ2n2p/6pP/4p1q1/8/KP6/P1rr2P1/4R2R b - - 1 27,b2a3
15,No_Plastic_Be_Fantastic,EulerE,1197,1196,7k/pQ2n2p/6pP/4p1q1/8/KP6/r2r2P1/4R2R w - - 0 28,c2a2
15,No_Plastic_Be_Fantastic,EulerE,1197,1196,7k/pQ2n2p/6pP/4p1q1/1K6/1P6/r2r2P1/4R2R b - - 1 28,a3b4
15,No_Plastic_Be_Fantastic,EulerE,1197,1196,7k/pQ2n2p/6pP/4p1q1/1K1r4/1P6/r5P1/4R2R w - - 2 29,d2d4
15,No_Plastic_Be_Fantastic,EulerE,1197,1196,7k/pQ2n2p/6pP/2K1p1q1/3r4/1P6/r5P1/4R2R b - - 3 29,b4c5
15,No_Plastic_Be_Fantastic,EulerE,1197,1196,7k/pQ2n2p/6pP/r1K1p1q1/3r4/1P6/6P1/4R2R w - - 4 30,a2a5
15,No_Plastic_Be_Fantastic,EulerE,1197,1196,7k/p3n2p/6pP/rQK1p1q1/3r4/1P6/6P1/4R2R b - - 5 30,b7b5
15,No_Plastic_Be_Fantastic,EulerE,1197,1196,7k/p3n2p/6pP/1rK1p1q1/3r4/1P6/6P1/4R2R w - - 0 31,a5b5
15,No_Plastic_Be_Fantastic,EulerE,1197,1196,7k/p3n2p/6pP/1K2p1q1/3r4/1P6/6P1/4R2R b - - 0 31,c5b5
15,No_Plastic_Be_Fantastic,EulerE,1197,1196,7k/p3n2p/6pP/1K4q1/3rp3/1P6/6P1/4R2R w - - 0 32,e5e4
15,No_Plastic_Be_Fantastic,EulerE,1197,1196,7k/p3n2p/K5pP/6q1/3rp3/1P6/6P1/4R2R b - - 1 32,b5a6
15,No_Plastic_Be_Fantastic,EulerE,1197,1196,7k/p3n2p/K4qpP/8/3rp3/1P6/6P1/4R2R w - - 2 33,g5f6
15,No_Plastic_Be_Fantastic,EulerE,1197,1196,7k/K3n2p/5qpP/8/3rp3/1P6/6P1/4R2R b - - 0 33,a6a7
15,No_Plastic_Be_Fantastic,EulerE,1197,1196,7k/K2rn2p/5qpP/8/4p3/1P6/6P1/4R2R w - - 1 34,d4d7
15,No_Plastic_Be_Fantastic,EulerE,1197,1196,1K5k/3rn2p/5qpP/8/4p3/1P6/6P1/4R2R b - - 2 34,a7b8
15,No_Plastic_Be_Fantastic,EulerE,1197,1196,1K3q1k/3rn2p/6pP/8/4p3/1P6/6P1/4R2R w - - 3 35,f6f8
16,jjw691,EulerE,940,951,rnbqkbnr/pppppppp/8/8/8/3P4/PPP1PPPP/RNBQKBNR b KQkq - 0 1,d2d3
16,jjw691,EulerE,940,951,rnbqkbnr/ppp1pppp/8/3p4/8/3P4/PPP1PPPP/RNBQKBNR w KQkq - 0 2,d7d5
16,jjw691,EulerE,940,951,rnbqkbnr/ppp1pppp/8/3p4/8/3PP3/PPP2PPP/RNBQKBNR b KQkq - 0 2,e2e3
16,jjw691,EulerE,940,951,rnbqkbnr/ppp2ppp/8/3pp3/8/3PP3/PPP2PPP/RNBQKBNR w KQkq - 0 3,e7e5
16,jjw691,EulerE,940,951,rnbqkbnr/ppp2ppp/8/3pp3/8/3PP1P1/PPP2P1P/RNBQKBNR b KQkq - 0 3,g2g3
16,jjw691,EulerE,940,951,r1bqkbnr/ppp2ppp/2n5/3pp3/8/3PP1P1/PPP2P1P/RNBQKBNR w KQkq - 1 4,b8c6
16,jjw691,EulerE,940,951,r1bqkbnr/ppp2ppp/2n5/3pp3/8/3PP1P1/PPP2PBP/RNBQK1NR b KQkq - 2 4,f1g2
16,jjw691,EulerE,940,951,r1bqkb1r/ppp2ppp/2n2n2/3pp3/8/3PP1P1/PPP2PBP/RNBQK1NR w KQkq - 3 5,g8f6
16,jjw691,EulerE,940,951,r1bqkb1r/ppp2ppp/2n2n2/3pp3/8/3PPNP1/PPP2PBP/RNBQK2R b KQkq - 4 5,g1f3
16,jjw691,EulerE,940,951,r1bqkb1r/ppp2ppp/2n2n2/3p4/4p3/3PPNP1/PPP2PBP/RNBQK2R w KQkq - 0 6,e5e4
16,jjw691,EulerE,940,951,r1bqkb1r/ppp2ppp/2n2n2/3p4/4p3/2PPPNP1/PP3PBP/RNBQK2R b KQkq - 0 6,c2c3
16,jjw691,EulerE,940,951,r1bqkb1r/ppp2ppp/2n2n2/3p4/8/2PPPpP1/PP3PBP/RNBQK2R w KQkq - 0 7,e4f3
16,jjw691,EulerE,940,951,r1bqkb1r/ppp2ppp/2n2n2/3p4/8/2PPPpP1/PP1N1PBP/R1BQK2R b KQkq - 1 7,b1d2
16,jjw691,EulerE,940,951,r1bqkb1r/ppp2ppp/2n2n2/3p4/8/2PPP1P1/PP1N1PpP/R1BQK2R w KQkq - 0 8,f3g2
16,jjw691,EulerE,940,951,r1bqkb1r/ppp2ppp/2n2n2/3p4/8/2PPP1P1/PP1N1PpP/R1BQK1R1 b Qkq - 1 8,h1g1
16,jjw691,EulerE,940,951,r1bqkb1r/ppp2ppp/2n5/3p4/6n1/2PPP1P1/PP1N1PpP/R1BQK1R1 w Qkq - 2 9,f6g4
16,jjw691,EulerE,940,951,r1bqkb1r/ppp2ppp/2n5/3p4/6n1/2PPP1P1/PP1N1PRP/R1BQK3 b Qkq - 0 9,g1g2
16,jjw691,EulerE,940,951,r1bqk2r/ppp2ppp/2nb4/3p4/6n1/2PPP1P1/PP1N1PRP/R1BQK3 w Qkq - 1 10,f8d6
16,jjw691,EulerE,940,951,r1bqk2r/ppp2ppp/2nb4/3p4/6n1/2PPPNP1/PP3PRP/R1BQK3 b Qkq - 2 10,d2f3
16,jjw691,EulerE,940,951,r1bq1rk1/ppp2ppp/2nb4/3p4/6n1/2PPPNP1/PP3PRP/R1BQK3 w Q - 3 11,e8g8
16,jjw691,EulerE,940,951,r1bq1rk1/ppp2ppp/2nb4/3p2N1/6n1/2PPP1P1/PP3PRP/R1BQK3 b Q - 4 11,f3g5
16,jjw691,EulerE,940,951,r1b2rk1/ppp2ppp/2nb4/3p2q1/6n1/2PPP1P1/PP3PRP/R1BQK3 w Q - 0 12,d8g5
16,jjw691,EulerE,940,951,r1b2rk1/ppp2ppp/2nb4/3p2q1/6nP/2PPP1P1/PP3PR1/R1BQK3 b Q - 0 12,h2h4
16,jjw691,EulerE,940,951,r1b2rk1/ppp2ppp/2nb1q2/3p4/6nP/2PPP1P1/PP3PR1/R1BQK3 w Q - 1 13,g5f6
16,jjw691,EulerE,940,951,r1b2rk1/ppp2ppp/2nb1q2/3p4/5PnP/2PPP1P1/PP4R1/R1BQK3 b Q - 0 13,f2f4
16,jjw691,EulerE,940,951,r1b1r1k1/ppp2ppp/2nb1q2/3p4/5PnP/2PPP1P1/PP4R1/R1BQK3 w Q - 1 14,f8e8
16,jjw691,EulerE,940,951,r1b1r1k1/ppp2ppp/2nb1q2/3p4/5PnP/2PPP1P1/PPQ3R1/R1B1K3 b Q - 2 14,d1c2
16,jjw691,EulerE,940,951,r1b1r1k1/ppp2ppp/2nb1q2/3p4/5P1P/2PPn1P1/PPQ3R1/R1B1K3 w Q - 0 15,g4e3
16,jjw691,EulerE,940,951,r1b1r1k1/ppp2ppp/2nb1q2/3p4/3P1P1P/2P1n1P1/PPQ3R1/R1B1K3 b Q - 0 15,d3d4
16,jjw691,EulerE,940,951,r1b1r1k1/ppp2ppp/2nb1q2/3p4/3P1P1P/2P3P1/PPn3R1/R1B1K3 w Q - 0 16,e3c2
16,jjw691,EulerE,940,951,r1b1r1k1/ppp2ppp/2nb1q2/3p4/3P1P1P/2P3P1/PPn3R1/R1BK4 b - - 1 16,e1d1
16,jjw691,EulerE,940,951,r1b1r1k1/ppp2ppp/2nb1q2/3p4/3P1P1P/2P1n1P1/PP4R1/R1BK4 w - - 2 17,c2e3
16,jjw691,EulerE,940,951,r1b1r1k1/ppp2ppp/2nb1q2/3p4/3P1P1P/2P1B1P1/PP4R1/R2K4 b - - 0 17,c1e3
16,jjw691,EulerE,940,951,r1b1r1k1/ppp2ppp/2nbq3/3p4/3P1P1P/2P1B1P1/PP4R1/R2K4 w - - 1 18,f6e6
16,jjw691,EulerE,940,951,r1b1r1k1/ppp2ppp/2nbq3/3p1P2/3P3P/2P1B1P1/PP4R1/R2K4 b - - 0 18,f4f5
16,jjw691,EulerE,940,951,r1b1r1k1/ppp2ppp/2nb4/3p1P2/3P3P/2P1q1P1/PP4R1/R2K4 w - - 0 19,e6e3
16,jjw691,EulerE,940,951,r1b1r1k1/ppp2ppp/2nb4/3p1P2/3P2PP/2P1q3/PP4R1/R2K4 b - - 0 19,g3g4
16,jjw691,EulerE,940,951,r1b1r1k1/ppp2ppp/2nb4/3p1P2/3P2PP/2P5/PP4R1/R2Kq3 w - - 1 20,e3e1
16,jjw691,EulerE,940,951,r1b1r1k1/ppp2ppp/2nb4/3p1P2/3P2PP/2P5/PPK3R1/R3q3 b - - 2 20,d1c2
16,jjw691,EulerE,940,951,r1b3k1/ppp2ppp/2nb4/3p1P2/3P2PP/2P5/PPK1r1R1/R3q3 w - - 3 21,e8e2
16,jjw691,EulerE,940,951,r1b3k1/ppp2ppp/2nb4/3p1P2/3P2PP/1KP5/PP2r1R1/R3q3 b - - 4 21,c2b3
16,jjw691,EulerE,940,951,r1b3k1/ppp2ppp/2nb4/3p1P2/3P2PP/1KP5/PP4r1/R3q3 w - - 0 22,e2g2
16,jjw691,EulerE,940,951,r1b3k1/ppp2ppp/2nb4/3p1P2/K2P2PP/2P5/PP4r1/R3q3 b - - 1 22,b3a4
16,jjw691,EulerE,940,951,r5k1/pppb1ppp/2nb4/3p1P2/K2P2PP/2P5/PP4r1/R3q3 w - - 2 23,c8d7
16,jjw691,EulerE,940,951,r5k1/pppb1ppp/2nb4/3p1P2/KP1P2PP/2P5/P5r1/R3q3 b - - 0 23,b2b4
16,jjw691,EulerE,940,951,r5k1/p1pb1ppp/2nb4/1p1p1P2/KP1P2PP/2P5/P5r1/R3q3 w - - 0 24,b7b5
16,jjw691,EulerE,940,951,r5k1/p1pb1ppp/2nb4/1p1p1P2/1P1P2PP/1KP5/P5r1/R3q3 b - - 1 24,a4b3
16,jjw691,EulerE,940,951,r5k1/p1pb1ppp/2nb4/1p1p1P2/1P1P2PP/1KP5/P2q2r1/R7 w - - 2 25,e1d2
16,jjw691,EulerE,940,951,r5k1/p1pb1ppp/2nb4/1p1p1P2/1P1P2PP/1KP5/P2q2r1/1R6 b - - 3 25,a1b1
16,jjw691,EulerE,940,951,r5k1/p1pb1ppp/2nb4/1p1p1P2/1P1P2PP/1KP5/P1q3r1/1R6 w - - 4 26,d2c2
16,jjw691,EulerE,940,951,r5k1/p1pb1ppp/2nb4/1p1p1P2/1P1P2PP/K1P5/P1q3r1/1R6 b - - 5 26,b3a3
16,jjw691,EulerE,940,951,r5k1/p1pb1ppp/2nb4/1p1p1P2/1P1P2PP/K1P5/P5r1/1q6 w - - 0 27,c2b1
16,jjw691,EulerE,940,951,r5k1/p1pb1ppp/2nb1P2/1p1p4/1P1P2PP/K1P5/P5r1/1q6 b - - 0 27,f5f6
16,jjw691,EulerE,940,951,r5k1/p1pb1ppp/2nb1P2/1p1p4/1P1P2PP/K1P5/Pq4r1/8 w - - 1 28,b1b2
17,EulerE,TheThirdEarl,982,985,rnbqkbnr/pppppppp/8/8/3P4/8/PPP1PPPP/RNBQKBNR b KQkq - 0 1,d2d4
17,EulerE,TheThirdEarl,982,985,rnbqkbnr/ppp1pppp/8/3p4/3P4/8/PPP1PPPP/RNBQKBNR w KQkq - 0 2,d7d5
17,EulerE,TheThirdEarl,982,985,rnbqkbnr/ppp1pppp/8/3p4/2PP4/8/PP2PPPP/RNBQKBNR b KQkq - 0 2,c2c4
17,EulerE,TheThirdEarl,982,985,rnbqkbnr/ppp1pppp/8/8/2pP4/8/PP2PPPP/RNBQKBNR w KQkq - 0 3,d5c4
17,EulerE,TheThirdEarl,982,985,rnbqkbnr/ppp1pppp/8/8/2pPP3/8/PP3PPP/RNBQKBNR b KQkq - 0 3,e2e4
17,EulerE,TheThirdEarl,982,985,rnbqkbnr/ppp2ppp/8/4p3/2pPP3/8/PP3PPP/RNBQKBNR w KQkq - 0 4,e7e5
17,EulerE,TheThirdEarl,982,985,rnbqkbnr/ppp2ppp/8/4p3/2pPP3/5N2/PP3PPP/RNBQKB1R b KQkq - 1 4,g1f3
17,EulerE,TheThirdEarl,982,985,r1bqkbnr/ppp2ppp/2n5/4p3/2pPP3/5N2/PP3PPP/RNBQKB1R w KQkq - 2 5,b8c6
17,EulerE,TheThirdEarl,982,985,r1bqkbnr/ppp2ppp/2n5/3Pp3/2p1P3/5N2/PP3PPP/RNBQKB1R b KQkq - 0 5,d4d5
17,EulerE,TheThirdEarl,982,985,r1bqkbnr/ppp2ppp/8/3Pp3/2pnP3/5N2/PP3PPP/RNBQKB1R w KQkq - 1 6,c6d4
17,EulerE,TheThirdEarl,982,985,r1bqkbnr/ppp2ppp/8/3Pp3/2pNP3/8/PP3PPP/RNBQKB1R b KQkq - 0 6,f3d4
17,EulerE,TheThirdEarl,982,985,r1bqkbnr/ppp2ppp/8/3P4/2ppP3/8/PP3PPP/RNBQKB1R w KQkq - 0 7,e5d4
17,EulerE,TheThirdEarl,982,985,r1bqkbnr/ppp2ppp/8/3P4/2BpP3/8/PP3PPP/RNBQK2R b KQkq - 0 7,f1c4
17,EulerE,TheThirdEarl,982,985,r1bqk1nr/ppp2ppp/8/2bP4/2BpP3/8/PP3PPP/RNBQK2R w KQkq - 1 8,f8c5
17,EulerE,TheThirdEarl,982,985,r1bqk1nr/ppp2ppp/8/2bP4/2BpP3/8/PP3PPP/RNBQ1RK1 b kq - 2 8,e1g1
17,EulerE,TheThirdEarl,982,985,r1bqk2r/ppp2ppp/5n2/2bP4/2BpP3/8/PP3PPP/RNBQ1RK1 w kq - 3 9,g8f6
17,EulerE,TheThirdEarl,982,985,r1bqk2r/ppp2ppp/5n2/2bP4/2BpP3/8/PP1N1PPP/R1BQ1RK1 b kq - 4 9,b1d2
17,EulerE,TheThirdEarl,982,985,r1bq1rk1/ppp2ppp/5n2/2bP4/2BpP3/8/PP1N1PPP/R1BQ1RK1 w - - 5 10,e8g8
17,EulerE,TheThirdEarl,982,985,r1bq1rk1/ppp2ppp/5n2/2bP4/2BpP3/8/PP1N1PPP/R1BQR1K1 b - - 6 10,f1e1
17,EulerE,TheThirdEarl,982,985,r1bqr1k1/ppp2ppp/5n2/2bP4/2BpP3/8/PP1N1PPP/R1BQR1K1 w - - 7 11,f8e8
17,EulerE,TheThirdEarl,982,985,r1bqr1k1/ppp2ppp/5n2/2bP4/2BpP3/5P2/PP1N2PP/R1BQR1K1 b - - 0 11,f2f3
17,EulerE,TheThirdEarl,982,985,r2qr1k1/pppb1ppp/5n2/2bP4/2BpP3/5P2/PP1N2PP/R1BQR1K1 w - - 1 12,c8d7
17,EulerE,TheThirdEarl,982,985,r2qr1k1/pppb1ppp/5n2/2bP4/2BpP3/1N3P2/PP4PP/R1BQR1K1 b - - 2 12,d2b3
17,EulerE,TheThirdEarl,982,985,r2qr1k1/pppb1ppp/3b1n2/3P4/2BpP3/1N3P2/PP4PP/R1BQR1K1 w - - 3 13,c5d6
17,EulerE,TheThirdEarl,982,985,r2qr1k1/pppb1ppp/3b1n2/3P4/2BQP3/1N3P2/PP4PP/R1B1R1K1 b - - 0 13,d1d4
17,EulerE,TheThirdEarl,982,985,r2qr1k1/p1pb1ppp/3b1n2/1p1P4/2BQP3/1N3P2/PP4PP/R1B1R1K1 w - - 0 14,b7b5
17,EulerE,TheThirdEarl,982,985,r2qr1k1/p1pb1ppp/3b1n2/1p1P4/3QP3/1N1B1P2/PP4PP/R1B1R1K1 b - - 1 14,c4d3
17,EulerE,TheThirdEarl,982,985,2rqr1k1/p1pb1ppp/3b1n2/1p1P4/3QP3/1N1B1P2/PP4PP/R1B1R1K1 w - - 2 15,a8c8
17,EulerE,TheThirdEarl,982,985,2rqr1k1/p1pb1ppp/3b1n2/1p1P2B1/3QP3/1N1B1P2/PP4PP/R3R1K1 b - - 3 15,c1g5
17,EulerE,TheThirdEarl,982,985,2rqr1k1/p1pbbppp/5n2/1p1P2B1/3QP3/1N1B1P2/PP4PP/R3R1K1 w - - 4 16,d6e7
17,EulerE,TheThirdEarl,982,985,2rqr1k1/p1pbbppp/5n2/1pNP2B1/3QP3/3B1P2/PP4PP/R3R1K1 b - - 5 16,b3c5
17,EulerE,TheThirdEarl,982,985,2rqr1k1/p1pb1ppp/5n2/1pbP2B1/3QP3/3B1P2/PP4PP/R3R1K1 w - - 0 17,e7c5
17,EulerE,TheThirdEarl,982,985,2rqr1k1/p1pb1ppp/5n2/1pQP2B1/4P3/3B1P2/PP4PP/R3R1K1 b - - 0 17,d4c5
17,EulerE,TheThirdEarl,982,985,2rqr1k1/p1pb1pp1/5n1p/1pQP2B1/4P3/3B1P2/PP4PP/R3R1K1 w - - 0 18,h7h6
17,EulerE,TheThirdEarl,982,985,2rqr1k1/p1pb1pp1/5B1p/1pQP4/4P3/3B1P2/PP4PP/R3R1K1 b - - 0 18,g5f6
17,EulerE,TheThirdEarl,982,985,2r1r1k1/p1pb1pp1/5q1p/1pQP4/4P3/3B1P2/PP4PP/R3R1K1 w - - 0 19,d8f6
17,EulerE,TheThirdEarl,982,985,2r1r1k1/p1pb1pp1/5q1p/1BQP4/4P3/5P2/PP4PP/R3R1K1 b - - 0 19,d3b5
17,EulerE,TheThirdEarl,982,985,2r1r1k1/p1p2pp1/5q1p/1bQP4/4P3/5P2/PP4PP/R3R1K1 w - - 0 20,d7b5
17,EulerE,TheThirdEarl,982,985,2r1r1k1/p1p2pp1/5q1p/1Q1P4/4P3/5P2/PP4PP/R3R1K1 b - - 0 20,c5b5
17,EulerE,TheThirdEarl,982,985,1r2r1k1/p1p2pp1/5q1p/1Q1P4/4P3/5P2/PP4PP/R3R1K1 w - - 1 21,c8b8
17,EulerE,TheThirdEarl,982,985,1r2r1k1/p1p2pp1/5q1p/3P4/4P3/5P2/PP2Q1PP/R3R1K1 b - - 2 21,b5e2
17,EulerE,TheThirdEarl,982,985,1r2r1k1/p1p2pp1/7p/3P4/4P3/5P2/Pq2Q1PP/R3R1K1 w - - 0 22,f6b2
17,EulerE,TheThirdEarl,982,985,1r2r1k1/p1p2pp1/7p/3P4/4P3/5P2/PQ4PP/R3R1K1 b - - 0 22,e2b2
17,EulerE,TheThirdEarl,982,985,4r1k1/p1p2pp1/7p/3P4/4P3/5P2/Pr4PP/R3R1K1 w - - 0 23,b8b2
17,EulerE,TheThirdEarl,982,985,4r1k1/p1p2pp1/7p/3P4/4P3/5P2/Pr4PP/R3R2K b - - 1 23,g1h1
17,EulerE,TheThirdEarl,982,985,1r4k1/p1p2pp1/7p/3P4/4P3/5P2/Pr4PP/R3R2K w - - 2 24,e8b8
17,EulerE,TheThirdEarl,982,985,1r4k1/p1p2pp1/7p/3P4/4P3/5P1P/Pr4P1/R3R2K b - - 0 24,h2h3
17,EulerE,TheThirdEarl,982,985,1r4k1/p1p2pp1/7p/3P4/4P3/5P1P/P4rP1/R3R2K w - - 1 25,b2f2
17,EulerE,TheThirdEarl,982,985,1r4k1/p1p2pp1/7p/3P4/4P3/5P1P/P4rPK/R3R3 b - - 2 25,h1h2
17,EulerE,TheThirdEarl,982,985,6k1/p1p2pp1/7p/3P4/4P3/5P1P/Pr3rPK/R3R3 w - - 3 26,b8b2
17,EulerE,TheThirdEarl,982,985,6k1/p1p2pp1/7p/3P4/4P3/5P1P/Pr3rPK/R5R1 b - - 4 26,e1g1
17,EulerE,TheThirdEarl,982,985,6k1/p1p2pp1/7p/3P4/4P3/5P1P/r4rPK/R5R1 w - - 0 27,b2a2
17,EulerE,TheThirdEarl,982,985,6k1/p1p2pp1/7p/3P4/4P3/5P1P/r4rPK/2R3R1 b - - 1 27,a1c1
17,EulerE,TheThirdEarl,982,985,6k1/p1p2pp1/7p/3P4/4P3/5P1P/2r2rPK/2R3R1 w - - 2 28,a2c2
17,EulerE,TheThirdEarl,982,985,6k1/p1p2pp1/7p/3P4/4P3/5P1P/2R2rPK/6R1 b - - 0 28,c1c2
17,EulerE,TheThirdEarl,982,985,6k1/p1p2pp1/7p/3P4/4P3/5P1P/2r3PK/6R1 w - - 0 29,f2c2
17,EulerE,TheThirdEarl,982,985,6k1/p1p2pp1/7p/3P4/4P3/5P1P/2r3PK/R7 b - - 1 29,g1a1
17,EulerE,TheThirdEarl,982,985,6k1/p1p3p1/7p/3P1p2/4P3/5P1P/2r3PK/R7 w - - 0 30,f7f5
17,EulerE,TheThirdEarl,982,985,6k1/R1p3p1/7p/3P1p2/4P3/5P1P/2r3PK/8 b - - 0 30,a1a7
17,EulerE,TheThirdEarl,982,985,8/R1p2kp1/7p/3P1p2/4P3/5P1P/2r3PK/8 w - - 1 31,g8f7
17,EulerE,TheThirdEarl,982,985,8/R1p2kp1/7p/3P1P2/8/5P1P/2r3PK/8 b - - 0 31,e4f5
17,EulerE,TheThirdEarl,982,985,8/R1p3p1/5k1p/3P1P2/8/5P1P/2r3PK/8 w - - 1 32,f7f6
17,EulerE,TheThirdEarl,982,985,R7/2p3p1/5k1p/3P1P2/8/5P1P/2r3PK/8 b - - 2 32,a7a8
17,EulerE,TheThirdEarl,982,985,R7/2p3p1/7p/3P1k2/8/5P1P/2r3PK/8 w - - 0 33,f6f5
17,EulerE,TheThirdEarl,982,985,6R1/2p3p1/7p/3P1k2/8/5P1P/2r3PK/8 b - - 1 33,a8g8
17,EulerE,TheThirdEarl,982,985,6R1/2p5/6pp/3P1k2/8/5P1P/2r3PK/8 w - - 0 34,g7g6
17,EulerE,TheThirdEarl,982,985,7R/2p5/6pp/3P1k2/8/5P1P/2r3PK/8 b - - 1 34,g8h8
17,EulerE,TheThirdEarl,982,985,7R/2p5/7p/3P1kp1/8/5P1P/2r3PK/8 w - - 0 35,g6g5
17,EulerE,TheThirdEarl,982,985,8/2p5/7R/3P1kp1/8/5P1P/2r3PK/8 b - - 0 35,h8h6
17,EulerE,TheThirdEarl,982,985,8/2p5/7R/3P2p1/5k2/5P1P/2r3PK/8 w - - 1 36,f5f4
17,EulerE,TheThirdEarl,982,985,8/2p5/3P3R/6p1/5k2/5P1P/2r3PK/8 b - - 0 36,d5d6
18,EulerE,FakeBeing,1010,1000,rnbqkbnr/pppppppp/8/8/3P4/8/PPP1PPPP/RNBQKBNR b KQkq - 0 1,d2d4
18,EulerE,FakeBeing,1010,1000,rnbqkbnr/ppp1pppp/8/3p4/3P4/8/PPP1PPPP/RNBQKBNR w KQkq - 0 2,d7d5
18,EulerE,FakeBeing,1010,1000,rnbqkbnr/ppp1pppp/8/3p4/2PP4/8/PP2PPPP/RNBQKBNR b KQkq - 0 2,c2c4
18,EulerE,FakeBeing,1010,1000,rnbqkbnr/ppp2ppp/8/3pp3/2PP4/8/PP2PPPP/RNBQKBNR w KQkq - 0 3,e7e5
18,EulerE,FakeBeing,1010,1000,rnbqkbnr/ppp2ppp/8/3pP3/2P5/8/PP2PPPP/RNBQKBNR b KQkq - 0 3,d4e5
18,EulerE,FakeBeing,1010,1000,rnbqkbnr/ppp2ppp/8/4P3/2p5/8/PP2PPPP/RNBQKBNR w KQkq - 0 4,d5c4
18,EulerE,FakeBeing,1010,1000,rnbQkbnr/ppp2ppp/8/4P3/2p5/8/PP2PPPP/RNB1KBNR b KQkq - 0 4,d1d8
18,EulerE,FakeBeing,1010,1000,rnbk1bnr/ppp2ppp/8/4P3/2p5/8/PP2PPPP/RNB1KBNR w KQ - 0 5,e8d8
18,EulerE,FakeBeing,1010,1000,rnbk1bnr/ppp2ppp/8/4P3/2p5/2N5/PP2PPPP/R1B1KBNR b KQ - 1 5,b1c3
18,EulerE,FakeBeing,1010,1000,rn1k1bnr/ppp2ppp/4b3/4P3/2p5/2N5/PP2PPPP/R1B1KBNR w KQ - 2 6,c8e6
18,EulerE,FakeBeing,1010,1000,rn1k1bnr/ppp2ppp/4b3/4P3/2p5/2N2N2/PP2PPPP/R1B1KB1R b KQ - 3 6,g1f3
18,EulerE,FakeBeing,1010,1000,rn1k1b1r/ppp2ppp/4b2n/4P3/2p5/2N2N2/PP2PPPP/R1B1KB1R w KQ - 4 7,g8h6
18,EulerE,FakeBeing,1010,1000,rn1k1b1r/ppp2ppp/4b2n/4P3/2p1P3/2N2N2/PP3PPP/R1B1KB1R b KQ - 0 7,e2e4
18,EulerE,FakeBeing,1010,1000,r2k1b1r/ppp2ppp/2n1b2n/4P3/2p1P3/2N2N2/PP3PPP/R1B1KB1R w KQ - 1 8,b8c6
18,EulerE,FakeBeing,1010,1000,r2k1b1r/ppp2ppp/2n1b2B/4P3/2p1P3/2N2N2/PP3PPP/R3KB1R b KQ - 0 8,c1h6
18,EulerE,FakeBeing,1010,1000,r2k1b1r/ppp2p1p/2n1b2p/4P3/2p1P3/2N2N2/PP3PPP/R3KB1R w KQ - 0 9,g7h6
18,EulerE,FakeBeing,1010,1000,r2k1b1r/ppp2p1p/2n1b2p/4P3/2p1P3/2N2N2/PP3PPP/2KR1B1R b - - 1 9,e1c1
18,EulerE,FakeBeing,1010,1000,r4b1r/ppp1kp1p/2n1b2p/4P3/2p1P3/2N2N2/PP3PPP/2KR1B1R w - - 2 10,d8e7
18,EulerE,FakeBeing,1010,1000,r4b1r/ppp1kp1p/2n1b2p/3NP3/2p1P3/5N2/PP3PPP/2KR1B1R b - - 3 10,c3d5
18,EulerE,FakeBeing,1010,1000,r4b1r/ppp1kp1p/2n4p/3bP3/2p1P3/5N2/PP3PPP/2KR1B1R w - - 0 11,e6d5
18,EulerE,FakeBeing,1010,1000,r4b1r/ppp1kp1p/2n4p/3PP3/2p5/5N2/PP3PPP/2KR1B1R b - - 0 11,e4d5
18,EulerE,FakeBeing,1010,1000,r4b1r/ppp1kp1p/7p/3PP3/1np5/5N2/PP3PPP/2KR1B1R w - - 1 12,c6b4
18,EulerE,FakeBeing,1010,1000,r4b1r/ppp1kp1p/7p/3PP3/1np5/P4N2/1P3PPP/2KR1B1R b - - 0 12,a2a3
18,EulerE,FakeBeing,1010,1000,r4b1r/ppp1kp1p/7p/3PP3/2p5/P4N2/nP3PPP/2KR1B1R w - - 1 13,b4a2
18,EulerE,FakeBeing,1010,1000,r4b1r/ppp1kp1p/7p/3PP3/2p5/P4N2/nP3PPP/1K1R1B1R b - - 2 13,c1b1
18,EulerE,FakeBeing,1010,1000,r4b1r/ppp1kp1p/7p/3PP3/2p5/P1n2N2/1P3PPP/1K1R1B1R w - - 3 14,a2c3
18,EulerE,FakeBeing,1010,1000,r4b1r/ppp1kp1p/7p/3PP3/2p5/P1P2N2/5PPP/1K1R1B1R b - - 0 14,b2c3
18,EulerE,FakeBeing,1010,1000,r4b1r/pp2kp1p/7p/2pPP3/2p5/P1P2N2/5PPP/1K1R1B1R w - c6 0 15,c7c5
18,EulerE,FakeBeing,1010,1000,r4b1r/pp2kp1p/7p/2pPP3/2B5/P1P2N2/5PPP/1K1R3R b - - 0 15,f1c4
18,EulerE,FakeBeing,1010,1000,r4b1r/p3kp1p/1p5p/2pPP3/2B5/P1P2N2/5PPP/1K1R3R w - - 0 16,b7b6
18,EulerE,FakeBeing,1010,1000,r4b1r/p3kp1p/1p1P3p/2p1P3/2B5/P1P2N2/5PPP/1K1R3R b - - 0 16,d5d6
18,EulerE,FakeBeing,1010,1000,r4b1r/p2k1p1p/1p1P3p/2p1P3/2B5/P1P2N2/5PPP/1K1R3R w - - 1 17,e7d7
18,EulerE,FakeBeing,1010,1000,r4b1r/p2k1p1p/1p1P3p/2p1P3/2B5/P1P2N2/5PPP/1K1RR3 b - - 2 17,h1e1
18,EulerE,FakeBeing,1010,1000,r6r/p2k1pbp/1p1P3p/2p1P3/2B5/P1P2N2/5PPP/1K1RR3 w - - 3 18,f8g7
18,EulerE,FakeBeing,1010,1000,r6r/p2k1pbp/1p1PP2p/2p5/2B5/P1P2N2/5PPP/1K1RR3 b - - 0 18,e5e6
18,EulerE,FakeBeing,1010,1000,r6r/p2k2bp/1p1Pp2p/2p5/2B5/P1P2N2/5PPP/1K1RR3 w - - 0 19,f7e6
18,EulerE,FakeBeing,1010,1000,r6r/p2k2bp/1p1PB2p/2p5/8/P1P2N2/5PPP/1K1RR3 b - - 0 19,c4e6
18,EulerE,FakeBeing,1010,1000,r6r/p5bp/1pkPB2p/2p5/8/P1P2N2/5PPP/1K1RR3 w - - 1 20,d7c6
18,EulerE,FakeBeing,1010,1000,r6r/p5bp/1pkPB2p/2p1N3/8/P1P5/5PPP/1K1RR3 b - - 2 20,f3e5
18,EulerE,FakeBeing,1010,1000,r6r/p6p/1pkPB2p/2p1b3/8/P1P5/5PPP/1K1RR3 w - - 0 21,g7e5
18,EulerE,FakeBeing,1010,1000,r6r/p6p/1pkPB2p/2p1R3/8/P1P5/5PPP/1K1R4 b - - 0 21,e1e5
18,EulerE,FakeBeing,1010,1000,r4r2/p6p/1pkPB2p/2p1R3/8/P1P5/5PPP/1K1R4 w - - 1 22,h8f8
18,EulerE,FakeBeing,1010,1000,r4r2/p6p/1pkP3p/2pBR3/8/P1P5/5PPP/1K1R4 b - - 2 22,e6d5
18,EulerE,FakeBeing,1010,1000,r4r2/p6p/1p1P3p/1kpBR3/8/P1P5/5PPP/1K1R4 w - - 3 23,c6b5
18,EulerE,FakeBeing,1010,1000,r4r2/p6p/1p1P3p/1kpBR3/8/P1P5/1K3PPP/3R4 b - - 4 23,b1b2
18,EulerE,FakeBeing,1010,1000,r7/p6p/1p1P3p/1kpBR3/8/P1P5/1K3rPP/3R4 w - - 0 24,f8f2
18,EulerE,FakeBeing,1010,1000,r7/p6p/1p1P3p/1kpBR3/8/PKP5/5rPP/3R4 b - - 1 24,b2b3
18,EulerE,FakeBeing,1010,1000,5r2/p6p/1p1P3p/1kpBR3/8/PKP5/5rPP/3R4 w - - 2 25,a8f8
18,EulerE,FakeBeing,1010,1000,5r2/p6p/1p1P3p/1kpBR3/P7/1KP5/5rPP/3R4 b - - 0 25,a3a4
18,EulerE,FakeBeing,1010,1000,5r2/p6p/1p1P3p/k1pBR3/P7/1KP5/5rPP/3R4 w - - 1 26,b5a5
18,EulerE,FakeBeing,1010,1000,5r2/p2P3p/1p5p/k1pBR3/P7/1KP5/5rPP/3R4 b - - 0 26,d6d7
18,EulerE,FakeBeing,1010,1000,3r4/p2P3p/1p5p/k1pBR3/P7/1KP5/5rPP/3R4 w - - 1 27,f8d8
18,EulerE,FakeBeing,1010,1000,3r4/p2P3p/1pB4p/k1p1R3/P7/1KP5/5rPP/3R4 b - - 2 27,d5c6
18,EulerE,FakeBeing,1010,1000,3r4/p2P3p/1pB4p/k1p1R3/P7/1KP5/6rP/3R4 w - - 0 28,f2g2
18,EulerE,FakeBeing,1010,1000,3rR3/p2P3p/1pB4p/k1p5/P7/1KP5/6rP/3R4 b - - 1 28,e5e8
18,EulerE,FakeBeing,1010,1000,4R3/p2r3p/1pB4p/k1p5/P7/1KP5/6rP/3R4 w - - 0 29,d8d7
18,EulerE,FakeBeing,1010,1000,4R3/p2B3p/1p5p/k1p5/P7/1KP5/6rP/3R4 b - - 0 29,c6d7
18,EulerE,FakeBeing,1010,1000,4R3/p2B3p/1p5p/k1p5/P7/1KP5/7r/3R4 w - - 0 30,g2h2
18,EulerE,FakeBeing,1010,1000,8/p2B3p/1p5p/k1p5/P3R3/1KP5/7r/3R4 b - - 1 30,e8e4
18,EulerE,FakeBeing,1010,1000,8/p2B3p/1p6/k1p4p/P3R3/1KP5/7r/3R4 w - - 0 31,h6h5
18,EulerE,FakeBeing,1010,1000,8/p6p/1p6/k1p2B1p/P3R3/1KP5/7r/3R4 b - - 1 31,d7f5
18,EulerE,FakeBeing,1010,1000,8/p6p/1p6/k1p2B2/P3R2p/1KP5/7r/3R4 w - - 0 32,h5h4
18,EulerE,FakeBeing,1010,1000,8/p2R3p/1p6/k1p2B2/P3R2p/1KP5/7r/8 b - - 1 32,d1d7
18,EulerE,FakeBeing,1010,1000,8/p2R3p/8/kpp2B2/P3R2p/1KP5/7r/8 w - - 0 33,b6b5
18,EulerE,FakeBeing,1010,1000,8/p6R/8/kpp2B2/P3R2p/1KP5/7r/8 b - - 0 33,d7h7
18,EulerE,FakeBeing,1010,1000,8/p6R/8/kpp2B2/P3R3/1KP4p/7r/8 w - - 0 34,h4h3
18,EulerE,FakeBeing,1010,1000,8/p7/8/kpp2B2/P3R3/1KP4R/7r/8 b - - 0 34,h7h3
19,EulerE,kumarchandan051,1034,1005,rnbqkbnr/pppppppp/8/8/3P4/8/PPP1PPPP/RNBQKBNR b KQkq - 0 1,d2d4
19,EulerE,kumarchandan051,1034,1005,rnbqkbnr/ppp1pppp/3p4/8/3P4/8/PPP1PPPP/RNBQKBNR w KQkq - 0 2,d7d6
19,EulerE,kumarchandan051,1034,1005,rnbqkbnr/ppp1pppp/3p4/8/2PP4/8/PP2PPPP/RNBQKBNR b KQkq - 0 2,c2c4
19,EulerE,kumarchandan051,1034,1005,rnbqkbnr/pp2pppp/2pp4/8/2PP4/8/PP2PPPP/RNBQKBNR w KQkq - 0 3,c7c6
19,EulerE,kumarchandan051,1034,1005,rnbqkbnr/pp2pppp/2pp4/8/2PP4/5N2/PP2PPPP/RNBQKB1R b KQkq - 1 3,g1f3
19,EulerE,kumarchandan051,1034,1005,rnbqkbnr/pp3ppp/2ppp3/8/2PP4/5N2/PP2PPPP/RNBQKB1R w KQkq - 0 4,e7e6
19,EulerE,kumarchandan051,1034,1005,rnbqkbnr/pp3ppp/2ppp3/8/2PP4/2N2N2/PP2PPPP/R1BQKB1R b KQkq - 1 4,b1c3
19,EulerE,kumarchandan051,1034,1005,rnb1kbnr/pp1q1ppp/2ppp3/8/2PP4/2N2N2/PP2PPPP/R1BQKB1R w KQkq - 2 5,d8d7
19,EulerE,kumarchandan051,1034,1005,rnb1kbnr/pp1q1ppp/2ppp3/8/2PPP3/2N2N2/PP3PPP/R1BQKB1R b KQkq - 0 5,e2e4
19,EulerE,kumarchandan051,1034,1005,rnb1kbnr/pp1q2pp/2pppp2/8/2PPP3/2N2N2/PP3PPP/R1BQKB1R w KQkq - 0 6,f7f6
19,EulerE,kumarchandan051,1034,1005,rnb1kbnr/pp1q2pp/2pppp2/8/2PPP3/2N2N2/PP2BPPP/R1BQK2R b KQkq - 1 6,f1e2
19,EulerE,kumarchandan051,1034,1005,rnb1kbnr/pp2q1pp/2pppp2/8/2PPP3/2N2N2/PP2BPPP/R1BQK2R w KQkq - 2 7,d7e7
19,EulerE,kumarchandan051,1034,1005,rnb1kbnr/pp2q1pp/2pppp2/8/2PPP3/2N2N2/PP2BPPP/R1BQ1RK1 b kq - 3 7,e1g1
19,EulerE,kumarchandan051,1034,1005,rnb1kbnr/pp2q2p/2pppp2/6p1/2PPP3/2N2N2/PP2BPPP/R1BQ1RK1 w kq - 0 8,g7g5
19,EulerE,kumarchandan051,1034,1005,rnb1kbnr/pp2q2p/2pppp2/3P2p1/2P1P3/2N2N2/PP2BPPP/R1BQ1RK1 b kq - 0 8,d4d5
19,EulerE,kumarchandan051,1034,1005,rnb1kbnr/pp2q3/2pppp1p/3P2p1/2P1P3/2N2N2/PP2BPPP/R1BQ1RK1 w kq - 0 9,h7h6
19,EulerE,kumarchandan051,1034,1005,rnb1kbnr/pp2q3/2ppPp1p/6p1/2P1P3/2N2N2/PP2BPPP/R1BQ1RK1 b kq - 0 9,d5e6
19,EulerE,kumarchandan051,1034,1005,rn2kbnr/pp2q3/2ppbp1p/6p1/2P1P3/2N2N2/PP2BPPP/R1BQ1RK1 w kq - 0 10,c8e6
19,EulerE,kumarchandan051,1034,1005,rn2kbnr/pp2q3/2ppbp1p/2P3p1/4P3/2N2N2/PP2BPPP/R1BQ1RK1 b kq - 0 10,c4c5
19,EulerE,kumarchandan051,1034,1005,rn2kbnr/pp2q3/2p1bp1p/2p3p1/4P3/2N2N2/PP2BPPP/R1BQ1RK1 w kq - 0 11,d6c5
19,EulerE,kumarchandan051,1034,1005,rn2kbnr/pp2q3/2p1bp1p/2p3p1/4P3/1PN2N2/P3BPPP/R1BQ1RK1 b kq - 0 11,b2b3
19,EulerE,kumarchandan051,1034,1005,r3kbnr/pp1nq3/2p1bp1p/2p3p1/4P3/1PN2N2/P3BPPP/R1BQ1RK1 w kq - 1 12,b8d7
19,EulerE,kumarchandan051,1034,1005,r3kbnr/pp1nq3/2p1bp1p/2p3p1/4P3/1PN1BN2/P3BPPP/R2Q1RK1 b kq - 2 12,c1e3
19,EulerE,kumarchandan051,1034,1005,3rkbnr/pp1nq3/2p1bp1p/2p3p1/4P3/1PN1BN2/P3BPPP/R2Q1RK1 w k - 3 13,a8d8
19,EulerE,kumarchandan051,1034,1005,3rkbnr/pp1nq3/2p1bp1p/2p1P1p1/8/1PN1BN2/P3BPPP/R2Q1RK1 b k - 0 13,e4e5
19,EulerE,kumarchandan051,1034,1005,3rkbnr/pp2q3/2p1bp1p/2p1n1p1/8/1PN1BN2/P3BPPP/R2Q1RK1 w k - 0 14,d7e5
19,EulerE,kumarchandan051,1034,1005,3rkbnr/pp2q3/2p1bp1p/2p1n1p1/8/1PN1BN2/P1Q1BPPP/R4RK1 b k - 1 14,d1c2
19,EulerE,kumarchandan051,1034,1005,3rkbnr/pp2q3/2p1bp1p/2p3p1/8/1PN1Bn2/P1Q1BPPP/R4RK1 w k - 0 15,e5f3
19,EulerE,kumarchandan051,1034,1005,3rkbnr/pp2q3/2p1bp1p/2p3p1/8/1PN1BB2/P1Q2PPP/R4RK1 b k - 0 15,e2f3
19,EulerE,kumarchandan051,1034,1005,3rkbnr/pp2q3/2p1bp1p/2p5/6p1/1PN1BB2/P1Q2PPP/R4RK1 w k - 0 16,g5g4
19,EulerE,kumarchandan051,1034,1005,3rkbnr/pp2q3/2p1bp1p/2p5/4B1p1/1PN1B3/P1Q2PPP/R4RK1 b k - 1 16,f3e4
19,EulerE,kumarchandan051,1034,1005,3rkbnr/pp2q3/2p1b2p/2p2p2/4B1p1/1PN1B3/P1Q2PPP/R4RK1 w k - 0 17,f6f5
19,EulerE,kumarchandan051,1034,1005,3rkbnr/pp2q3/2p1b2p/2p2B2/6p1/1PN1B3/P1Q2PPP/R4RK1 b k - 0 17,e4f5
19,EulerE,kumarchandan051,1034,1005,3rkbnr/pp2q3/2p4p/2p2b2/6p1/1PN1B3/P1Q2PPP/R4RK1 w k - 0 18,e6f5
19,EulerE,kumarchandan051,1034,1005,3rkbnr/pp2q3/2p4p/2p2Q2/6p1/1PN1B3/P4PPP/R4RK1 b k - 0 18,c2f5
19,EulerE,kumarchandan051,1034,1005,3rkb1r/pp2q3/2p2n1p/2p2Q2/6p1/1PN1B3/P4PPP/R4RK1 w k - 1 19,g8f6
19,EulerE,kumarchandan051,1034,1005,3rkb1r/pp2q3/2p2n1p/2p2Q2/6p1/1PN1B3/P4PPP/3R1RK1 b k - 2 19,a1d1
19,EulerE,kumarchandan051,1034,1005,3rkb1r/pp3q2/2p2n1p/2p2Q2/6p1/1PN1B3/P4PPP/3R1RK1 w k - 3 20,e7f7
19,EulerE,kumarchandan051,1034,1005,3Rkb1r/pp3q2/2p2n1p/2p2Q2/6p1/1PN1B3/P4PPP/5RK1 b k - 0 20,d1d8
19,EulerE,kumarchandan051,1034,1005,3k1b1r/pp3q2/2p2n1p/2p2Q2/6p1/1PN1B3/P4PPP/5RK1 w - - 0 21,e8d8
19,EulerE,kumarchandan051,1034,1005,3k1b1r/pp3q2/2p2n1p/2p5/6p1/1PNQB3/P4PPP/5RK1 b - - 1 21,f5d3
19,EulerE,kumarchandan051,1034,1005,3k1b1r/pp1q4/2p2n1p/2p5/6p1/1PNQB3/P4PPP/5RK1 w - - 2 22,f7d7
19,EulerE,kumarchandan051,1034,1005,3k1b1r/pp1Q4/2p2n1p/2p5/6p1/1PN1B3/P4PPP/5RK1 b - - 0 22,d3d7
19,EulerE,kumarchandan051,1034,1005,5b1r/pp1k4/2p2n1p/2p5/6p1/1PN1B3/P4PPP/5RK1 w - - 0 23,d8d7
19,EulerE,kumarchandan051,1034,1005,5b1r/pp1k4/2p2n1p/2p5/6p1/1PN1B3/P4PPP/3R2K1 b - - 1 23,f1d1
19,EulerE,kumarchandan051,1034,1005,5b1r/ppk5/2p2n1p/2p5/6p1/1PN1B3/P4PPP/3R2K1 w - - 2 24,d7c7
19,EulerE,kumarchandan051,1034,1005,5b1r/ppk5/2p2n1p/2p5/N5p1/1P2B3/P4PPP/3R2K1 b - - 3 24,c3a4
19,EulerE,kumarchandan051,1034,1005,7r/ppk3b1/2p2n1p/2p5/N5p1/1P2B3/P4PPP/3R2K1 w - - 4 25,f8g7
19,EulerE,kumarchandan051,1034,1005,7r/ppk3b1/2p2n1p/2N5/6p1/1P2B3/P4PPP/3R2K1 b - - 0 25,a4c5
19,EulerE,kumarchandan051,1034,1005,7r/ppk3b1/2p4p/2N4n/6p1/1P2B3/P4PPP/3R2K1 w - - 1 26,f6h5
19,EulerE,kumarchandan051,1034,1005,7r/ppk3b1/2p1N2p/7n/6p1/1P2B3/P4PPP/3R2K1 b - - 2 26,c5e6
19,EulerE,kumarchandan051,1034,1005,1k5r/pp4b1/2p1N2p/7n/6p1/1P2B3/P4PPP/3R2K1 w - - 3 27,c7b8
19,EulerE,kumarchandan051,1034,1005,1k5r/pp4b1/2p1N2p/7n/5Bp1/1P6/P4PPP/3R2K1 b - - 4 27,e3f4
19,EulerE,kumarchandan051,1034,1005,1k5r/pp4b1/2p1N2p/8/5np1/1P6/P4PPP/3R2K1 w - - 0 28,h5f4
19,EulerE,kumarchandan051,1034,1005,1k5r/pp4b1/2p4p/8/5Np1/1P6/P4PPP/3R2K1 b - - 0 28,e6f4
19,EulerE,kumarchandan051,1034,1005,1k5r/pp6/2p4p/4b3/5Np1/1P6/P4PPP/3R2K1 w - - 1 29,g7e5
19,EulerE,kumarchandan051,1034,1005,1k5r/pp6/2p3Np/4b3/6p1/1P6/P4PPP/3R2K1 b - - 2 29,f4g6
19,EulerE,kumarchandan051,1034,1005,1k5r/pp4b1/2p3Np/8/6p1/1P6/P4PPP/3R2K1 w - - 3 30,e5g7
19,EulerE,kumarchandan051,1034,1005,1k5N/pp4b1/2p4p/8/6p1/1P6/P4PPP/3R2K1 b - - 0 30,g6h8
19,EulerE,kumarchandan051,1034,1005,1k5b/pp6/2p4p/8/6p1/1P6/P4PPP/3R2K1 w - - 0 31,g7h8
19,EulerE,kumarchandan051,1034,1005,1k1R3b/pp6/2p4p/8/6p1/1P6/P4PPP/6K1 b - - 1 31,d1d8
19,EulerE,kumarchandan051,1034,1005,3R3b/ppk5/2p4p/8/6p1/1P6/P4PPP/6K1 w - - 2 32,b8c7
19,EulerE,kumarchandan051,1034,1005,7R/ppk5/2p4p/8/6p1/1P6/P4PPP/6K1 b - - 0 32,d8h8
19,EulerE,kumarchandan051,1034,1005,7R/pp6/1kp4p/8/6p1/1P6/P4PPP/6K1 w - - 1 33,c7b6
19,EulerE,kumarchandan051,1034,1005,8/pp6/1kp4R/8/6p1/1P6/P4PPP/6K1 b - - 0 33,h8h6
19,EulerE,kumarchandan051,1034,1005,8/1p6/1kp4R/p7/6p1/1P6/P4PPP/6K1 w - - 0 34,a7a5
19,EulerE,kumarchandan051,1034,1005,8/1p5R/1kp5/p7/6p1/1P6/P4PPP/6K1 b - - 1 34,h6h7
19,EulerE,kumarchandan051,1034,1005,8/1p5R/1k6/p1p5/6p1/1P6/P4PPP/6K1 w - - 0 35,c6c5
19,EulerE,kumarchandan051,1034,1005,8/1p5R/1k6/p1p5/6pP/1P6/P4PP1/6K1 b - h3 0 35,h2h4
19,EulerE,kumarchandan051,1034,1005,8/1p5R/8/pkp5/6pP/1P6/P4PP1/6K1 w - - 1 36,b6b5
19,EulerE,kumarchandan051,1034,1005,8/1p5R/8/pkp4P/6p1/1P6/P4PP1/6K1 b - - 0 36,h4h5
19,EulerE,kumarchandan051,1034,1005,8/7R/1p6/pkp4P/6p1/1P6/P4PP1/6K1 w - - 0 37,b7b6
19,EulerE,kumarchandan051,1034,1005,8/7R/1p6/pkp4P/6p1/1P6/P4PP1/5K2 b - - 1 37,g1f1
19,EulerE,kumarchandan051,1034,1005,8/7R/1p6/1kp4P/p5p1/1P6/P4PP1/5K2 w - - 0 38,a5a4
19,EulerE,kumarchandan051,1034,1005,8/7R/1p6/1kp4P/p5p1/1P6/P3KPP1/8 b - - 1 38,f1e2
19,EulerE,kumarchandan051,1034,1005,8/7R/1p6/1kp4P/6p1/1p6/P3KPP1/8 w - - 0 39,a4b3
19,EulerE,kumarchandan051,1034,1005,8/7R/1p6/1kp4P/6p1/1P6/4KPP1/8 b - - 0 39,a2b3
19,EulerE,kumarchandan051,1034,1005,8/7R/1p6/2p4P/1k4p1/1P6/4KPP1/8 w - - 1 40,b5b4
19,EulerE,kumarchandan051,1034,1005,8/1R6/1p6/2p4P/1k4p1/1P6/4KPP1/8 b - - 2 40,h7b7
19,EulerE,kumarchandan051,1034,1005,8/1R6/8/1pp4P/1k4p1/1P6/4KPP1/8 w - - 0 41,b6b5
19,EulerE,kumarchandan051,1034,1005,8/1R6/8/1pp4P/1k4p1/1P1K4/5PP1/8 b - - 1 41,e2d3
19,EulerE,kumarchandan051,1034,1005,8/1R6/8/1p5P/1kp3p1/1P1K4/5PP1/8 w - - 0 42,c5c4
19,EulerE,kumarchandan051,1034,1005,8/1R6/8/1p5P/1kP3p1/3K4/5PP1/8 b - - 0 42,b3c4
19,EulerE,kumarchandan051,1034,1005,8/1R6/8/kp5P/2P3p1/3K4/5PP1/8 w - - 1 43,b4a5
19,EulerE,kumarchandan051,1034,1005,8/8/8/kR5P/2P3p1/3K4/5PP1/8 b - - 0 43,b7b5
19,EulerE,kumarchandan051,1034,1005,8/8/8/1R5P/k1P3p1/3K4/5PP1/8 w - - 1 44,a5a4
19,EulerE,kumarchandan051,1034,1005,8/8/7P/1R6/k1P3p1/3K4/5PP1/8 b - - 0 44,h5h6
19,EulerE,kumarchandan051,1034,1005,8/8/7P/1R6/2P3p1/k2K4/5PP1/8 w - - 1 45,a4a3
19,EulerE,kumarchandan051,1034,1005,8/7P/8/1R6/2P3p1/k2K4/5PP1/8 b - - 0 45,h6h7
19,EulerE,kumarchandan051,1034,1005,8/7P/8/1R6/2P3p1/3K4/k4PP1/8 w - - 1 46,a3a2
19,EulerE,kumarchandan051,1034,1005,7Q/8/8/1R6/2P3p1/3K4/k4PP1/8 b - - 0 46,h7h8q
19,EulerE,kumarchandan051,1034,1005,7Q/8/8/1R6/2P5/3K2p1/k4PP1/8 w - - 0 47,g4g3
19,EulerE,kumarchandan051,1034,1005,Q7/8/8/1R6/2P5/3K2p1/k4PP1/8 b - - 1 47,h8a8
20,kumarchandan051,EulerE,1014,1010,rnbqkbnr/pppppppp/8/8/8/5P2/PPPPP1PP/RNBQKBNR b KQkq - 0 1,f2f3
20,kumarchandan051,EulerE,1014,1010,rnbqkbnr/pppp1ppp/8/4p3/8/5P2/PPPPP1PP/RNBQKBNR w KQkq - 0 2,e7e5
20,kumarchandan051,EulerE,1014,1010,rnbqkbnr/pppp1ppp/8/4p3/8/5PP1/PPPPP2P/RNBQKBNR b KQkq - 0 2,g2g3
20,kumarchandan051,EulerE,1014,1010,r1bqkbnr/pppp1ppp/2n5/4p3/8/5PP1/PPPPP2P/RNBQKBNR w KQkq - 1 3,b8c6
20,kumarchandan051,EulerE,1014,1010,r1bqkbnr/pppp1ppp/2n5/4p3/8/4PPP1/PPPP3P/RNBQKBNR b KQkq - 0 3,e2e3
20,kumarchandan051,EulerE,1014,1010,r1bqkb1r/pppp1ppp/2n2n2/4p3/8/4PPP1/PPPP3P/RNBQKBNR w KQkq - 1 4,g8f6
20,kumarchandan051,EulerE,1014,1010,r1bqkb1r/pppp1ppp/2n2n2/4p3/7P/4PPP1/PPPP4/RNBQKBNR b KQkq - 0 4,h2h4
20,kumarchandan051,EulerE,1014,1010,r1bqk2r/pppp1ppp/2n2n2/2b1p3/7P/4PPP1/PPPP4/RNBQKBNR w KQkq - 1 5,f8c5
20,kumarchandan051,EulerE,1014,1010,r1bqk2r/pppp1ppp/2n2n2/2b1p3/6PP/4PP2/PPPP4/RNBQKBNR b KQkq - 0 5,g3g4
20,kumarchandan051,EulerE,1014,1010,r1bqk2r/pppp1pp1/2n2n2/2b1p2p/6PP/4PP2/PPPP4/RNBQKBNR w KQkq - 0 6,h7h5
20,kumarchandan051,EulerE,1014,1010,r1bqk2r/pppp1pp1/2n2n2/2b1p1Pp/7P/4PP2/PPPP4/RNBQKBNR b KQkq - 0 6,g4g5
20,kumarchandan051,EulerE,1014,1010,r1bqk1nr/pppp1pp1/2n5/2b1p1Pp/7P/4PP2/PPPP4/RNBQKBNR w KQkq - 1 7,f6g8
20,kumarchandan051,EulerE,1014,1010,r1bqk1nr/pppp1pp1/2n3P1/2b1p2p/7P/4PP2/PPPP4/RNBQKBNR b KQkq - 0 7,g5g6
20,kumarchandan051,EulerE,1014,1010,r1bqk1nr/pppp2p1/2n3p1/2b1p2p/7P/4PP2/PPPP4/RNBQKBNR w KQkq - 0 8,f7g6
20,kumarchandan051,EulerE,1014,1010,r1bqk1nr/pppp2p1/2n3p1/2b1p2p/5P1P/4P3/PPPP4/RNBQKBNR b KQkq - 0 8,f3f4
20,kumarchandan051,EulerE,1014,1010,r1bqk1nr/pppp2p1/2n3p1/2b4p/5p1P/4P3/PPPP4/RNBQKBNR w KQkq - 0 9,e5f4
20,kumarchandan051,EulerE,1014,1010,r1bqk1nr/pppp2p1/2n3p1/2b4p/5p1P/4PQ2/PPPP4/RNB1KBNR b KQkq - 1 9,d1f3
20,kumarchandan051,EulerE,1014,1010,r1bqk1nr/pppp2p1/2n3p1/2b4p/7P/4pQ2/PPPP4/RNB1KBNR w KQkq - 0 10,f4e3
20,kumarchandan051,EulerE,1014,1010,r1bqk1nr/pppp2p1/2n3p1/2b4p/7P/4PQ2/PPP5/RNB1KBNR b KQkq - 0 10,d2e3
20,kumarchandan051,EulerE,1014,1010,r1bqk2r/pppp2p1/2n2np1/2b4p/7P/4PQ2/PPP5/RNB1KBNR w KQkq - 1 11,g8f6
20,kumarchandan051,EulerE,1014,1010,r1bqk2r/pppp2p1/2n2np1/2b4p/2B4P/4PQ2/PPP5/RNB1K1NR b KQkq - 2 11,f1c4
20,kumarchandan051,EulerE,1014,1010,r1b1k2r/ppppq1p1/2n2np1/2b4p/2B4P/4PQ2/PPP5/RNB1K1NR w KQkq - 3 12,d8e7
20,kumarchandan051,EulerE,1014,1010,r1b1k2r/ppppq1p1/2n2np1/2b4p/2B4P/4PQ2/PPP1N3/RNB1K2R b KQkq - 4 12,g1e2
20,kumarchandan051,EulerE,1014,1010,r1b1k2r/ppp1q1p1/2n2np1/2bp3p/2B4P/4PQ2/PPP1N3/RNB1K2R w KQkq - 0 13,d7d5
20,kumarchandan051,EulerE,1014,1010,r1b1k2r/ppp1q1p1/2n2np1/2bp3p/7P/1B2PQ2/PPP1N3/RNB1K2R b KQkq - 1 13,c4b3
20,kumarchandan051,EulerE,1014,1010,r3k2r/ppp1q1p1/2n2np1/2bp3p/6bP/1B2PQ2/PPP1N3/RNB1K2R w KQkq - 2 14,c8g4
20,kumarchandan051,EulerE,1014,1010,r3k2r/ppp1q1p1/2n2np1/2bp3p/6bP/1B2P3/PPP1NQ2/RNB1K2R b KQkq - 3 14,f3f2
20,kumarchandan051,EulerE,1014,1010,r3k2r/1pp1q1p1/2n2np1/p1bp3p/6bP/1B2P3/PPP1NQ2/RNB1K2R w KQkq - 0 15,a7a5
20,kumarchandan051,EulerE,1014,1010,r3k2r/1pp1q1p1/2n2np1/p1bp3p/6bP/1B2P3/PPP1NQ2/RNB1KR2 b Qkq - 1 15,h1f1
20,kumarchandan051,EulerE,1014,1010,r3k2r/1pp1q1p1/2n2np1/2bp3p/p5bP/1B2P3/PPP1NQ2/RNB1KR2 w Qkq - 0 16,a5a4
20,kumarchandan051,EulerE,1014,1010,r3k2r/1pp1q1p1/2n2np1/2bp3p/p5bP/1B2P1N1/PPP2Q2/RNB1KR2 b Qkq - 1 16,e2g3
20,kumarchandan051,EulerE,1014,1010,r3k2r/1pp1q1p1/2n2np1/2bp3p/6bP/1p2P1N1/PPP2Q2/RNB1KR2 w Qkq - 0 17,a4b3
20,kumarchandan051,EulerE,1014,1010,r3k2r/1pp1q1p1/2n2np1/2bp3p/6bP/1P2P1N1/PP3Q2/RNB1KR2 b Qkq - 0 17,c2b3
20,kumarchandan051,EulerE,1014,1010,r3k2r/1pp1q1p1/2n2np1/3p3p/1b4bP/1P2P1N1/PP3Q2/RNB1KR2 w Qkq - 1 18,c5b4
20,kumarchandan051,EulerE,1014,1010,r3k2r/1pp1q1p1/2n2np1/3p3p/1b4bP/1P2P1N1/PP1B1Q2/RN2KR2 b Qkq - 2 18,c1d2
20,kumarchandan051,EulerE,1014,1010,r3k2r/1pp1q1p1/2n2np1/3p3p/6bP/1P2P1N1/PP1b1Q2/RN2KR2 w Qkq - 0 19,b4d2
20,kumarchandan051,EulerE,1014,1010,r3k2r/1pp1q1p1/2n2np1/3p3p/6bP/1P2P1N1/PP1N1Q2/R3KR2 b Qkq - 0 19,b1d2
20,kumarchandan051,EulerE,1014,1010,r3k2r/1pp1q1p1/5np1/3p3p/3n2bP/1P2P1N1/PP1N1Q2/R3KR2 w Qkq - 1 20,c6d4
20,kumarchandan051,EulerE,1014,1010,r3k2r/1pp1q1p1/5np1/3p3p/3n2bP/1P2P1N1/PP1N1Q2/2R1KR2 b kq - 2 20,a1c1
20,kumarchandan051,EulerE,1014,1010,r3k2r/1p2q1p1/5np1/2pp3p/3n2bP/1P2P1N1/PP1N1Q2/2R1KR2 w kq - 0 21,c7c5
20,kumarchandan051,EulerE,1014,1010,r3k2r/1p2q1p1/5np1/2pp3p/3n2bP/1P2P3/PP1N1Q2/2R1KR1N b kq - 1 21,g3h1
20,kumarchandan051,EulerE,1014,1010,r3k2r/1p2q1p1/6p1/2pp3p/3nn1bP/1P2P3/PP1N1Q2/2R1KR1N w kq - 2 22,f6e4
20,kumarchandan051,EulerE,1014,1010,r3k2r/1p2q1p1/6p1/2pp3p/3nn1bP/1P2P3/PP1N2Q1/2R1KR1N b kq - 3 22,f2g2
20,kumarchandan051,EulerE,1014,1010,r3kr2/1p2q1p1/6p1/2pp3p/3nn1bP/1P2P3/PP1N2Q1/2R1KR1N w q - 4 23,h8f8
20,kumarchandan051,EulerE,1014,1010,r3kr2/1p2q1p1/6p1/2pp3p/3nN1bP/1P2P3/PP4Q1/2R1KR1N b q - 0 23,d2e4
20,kumarchandan051,EulerE,1014,1010,r3kr2/1p2q1p1/6p1/2p4p/3np1bP/1P2P3/PP4Q1/2R1KR1N w q - 0 24,d5e4
20,kumarchandan051,EulerE,1014,1010,r3kR2/1p2q1p1/6p1/2p4p/3np1bP/1P2P3/PP4Q1/2R1K2N b q - 0 24,f1f8
20,kumarchandan051,EulerE,1014,1010,r4k2/1p2q1p1/6p1/2p4p/3np1bP/1P2P3/PP4Q1/2R1K2N w - - 0 25,e8f8
20,kumarchandan051,EulerE,1014,1010,r4k2/1p2q1p1/6p1/2p4p/3np1bP/1P2P3/PP3NQ1/2R1K3 b - - 1 25,h1f2
20,kumarchandan051,EulerE,1014,1010,r4k2/1p2q1p1/6p1/2p4p/4p1bP/1P2Pn2/PP3NQ1/2R1K3 w - - 2 26,d4f3
20,kumarchandan051,EulerE,1014,1010,r4k2/1p2q1p1/6p1/2p4p/4p1bP/1P2Pn2/PP2KNQ1/2R5 b - - 3 26,e1e2
20,kumarchandan051,EulerE,1014,1010,3r1k2/1p2q1p1/6p1/2p4p/4p1bP/1P2Pn2/PP2KNQ1/2R5 w - - 4 27,a8d8
20,kumarchandan051,EulerE,1014,1010,3r1k2/1p2q1p1/6p1/2p4p/4p1bP/1P2Pn2/PP3NQ1/2R2K2 b - - 5 27,e2f1
20,kumarchandan051,EulerE,1014,1010,3r1k2/1p2q1p1/6p1/2p4p/4p1bP/1P2P3/PP1n1NQ1/2R2K2 w - - 6 28,f3d2
20,kumarchandan051,EulerE,1014,1010,3r1k2/1p2q1p1/6p1/2p4p/4p1bP/1P2P3/PP1n1NQ1/2R1K3 b - - 7 28,f1e1
20,kumarchandan051,EulerE,1014,1010,3r1k2/1p4p1/5qp1/2p4p/4p1bP/1P2P3/PP1n1NQ1/2R1K3 w - - 8 29,e7f6
20,kumarchandan051,EulerE,1014,1010,3r1k2/1p4p1/5qp1/2p4p/4p1bP/1P2P3/PPRn1NQ1/4K3 b - - 9 29,c1c2
20,kumarchandan051,EulerE,1014,1010,3r1k2/1p4p1/5qp1/2p4p/4p1bP/1P2Pn2/PPR2NQ1/4K3 w - - 10 30,d2f3
20,kumarchandan051,EulerE,1014,1010,3r1k2/1p4p1/5qp1/2p4p/4p1bP/1P2Pn2/PPR2NQ1/5K2 b - - 11 30,e1f1
20,kumarchandan051,EulerE,1014,1010,5k2/1p4p1/5qp1/2p4p/4p1bP/1P2Pn2/PPR2NQ1/3r1K2 w - - 12 31,d8d1
20,kumarchandan051,EulerE,1014,1010,5k2/1p4p1/5qp1/2p4p/4p1bP/1P2Pn2/PPR3Q1/3N1K2 b - - 0 31,f2d1
20,kumarchandan051,EulerE,1014,1010,5k2/1p4p1/5qp1/2p4p/4p1bn/1P2P3/PPR3Q1/3N1K2 w - - 0 32,f3h4
20,kumarchandan051,EulerE,1014,1010,5k2/1p4p1/5qp1/2p4p/4p1bn/1P2P3/PPR2NQ1/5K2 b - - 1 32,d1f2
20,kumarchandan051,EulerE,1014,1010,5k2/1p4p1/5qp1/2p4p/4p1b1/1P2P3/PPR2Nn1/5K2 w - - 0 33,h4g2
20,kumarchandan051,EulerE,1014,1010,5k2/1p4p1/5qp1/2p4p/4p1b1/1P2P3/PPR2NK1/8 b - - 0 33,f1g2
20,kumarchandan051,EulerE,1014,1010,5k2/1p4p1/6p1/2p4p/4p1b1/1P2Pq2/PPR2NK1/8 w - - 1 34,f6f3
20,kumarchandan051,EulerE,1014,1010,5k2/1p4p1/6p1/2p4p/4p1b1/1P2Pq2/PPR2N2/6K1 b - - 2 34,g2g1
20,kumarchandan051,EulerE,1014,1010,5k2/1p4p1/6p1/2p4p/4p1b1/1P2P3/PPR2q2/6K1 w - - 0 35,f3f2
20,kumarchandan051,EulerE,1014,1010,5k2/1p4p1/6p1/2p4p/4p1b1/1P2P3/PPR2K2/8 b - - 0 35,g1f2
21,arka10arpan,EulerE,1059,992,rnbqkbnr/pppppppp/8/8/3P4/8/PPP1PPPP/RNBQKBNR b KQkq - 0 1,d2d4
21,arka10arpan,EulerE,1059,992,rnbqkbnr/ppp1pppp/8/3p4/3P4/8/PPP1PPPP/RNBQKBNR w KQkq - 0 2,d7d5
21,arka10arpan,EulerE,1059,992,rnbqkbnr/ppp1pppp/8/3p4/2PP4/8/PP2PPPP/RNBQKBNR b KQkq - 0 2,c2c4
21,arka10arpan,EulerE,1059,992,rnbqkbnr/ppp1pppp/8/8/2pP4/8/PP2PPPP/RNBQKBNR w KQkq - 0 3,d5c4
21,arka10arpan,EulerE,1059,992,rnbqkbnr/ppp1pppp/8/8/2pPP3/8/PP3PPP/RNBQKBNR b KQkq - 0 3,e2e4
21,arka10arpan,EulerE,1059,992,r1bqkbnr/ppp1pppp/2n5/8/2pPP3/8/PP3PPP/RNBQKBNR w KQkq - 1 4,b8c6
21,arka10arpan,EulerE,1059,992,r1bqkbnr/ppp1pppp/2n5/3P4/2p1P3/8/PP3PPP/RNBQKBNR b KQkq - 0 4,d4d5
21,arka10arpan,EulerE,1059,992,r1bqkbnr/ppp1pppp/8/3Pn3/2p1P3/8/PP3PPP/RNBQKBNR w KQkq - 1 5,c6e5
21,arka10arpan,EulerE,1059,992,r1bqkbnr/ppp1pppp/8/3Pn3/2p1P3/2N5/PP3PPP/R1BQKBNR b KQkq - 2 5,b1c3
21,arka10arpan,EulerE,1059,992,r1bqkbnr/ppp2ppp/4p3/3Pn3/2p1P3/2N5/PP3PPP/R1BQKBNR w KQkq - 0 6,e7e6
21,arka10arpan,EulerE,1059,992,r1bqkbnr/ppp2ppp/4p3/3Pn3/2p1P3/2N2N2/PP3PPP/R1BQKB1R b KQkq - 1 6,g1f3
21,arka10arpan,EulerE,1059,992,r1bqkbnr/ppp2ppp/8/3pn3/2p1P3/2N2N2/PP3PPP/R1BQKB1R w KQkq - 0 7,e6d5
21,arka10arpan,EulerE,1059,992,r1bqkbnr/ppp2ppp/8/3Pn3/2p5/2N2N2/PP3PPP/R1BQKB1R b KQkq - 0 7,e4d5
21,arka10arpan,EulerE,1059,992,r1bqkb1r/ppp2ppp/5n2/3Pn3/2p5/2N2N2/PP3PPP/R1BQKB1R w KQkq - 1 8,g8f6
21,arka10arpan,EulerE,1059,992,r1bqkb1r/ppp2ppp/5n2/3PN3/2p5/2N5/PP3PPP/R1BQKB1R b KQkq - 0 8,f3e5
21,arka10arpan,EulerE,1059,992,r1b1kb1r/ppp2ppp/3q1n2/3PN3/2p5/2N5/PP3PPP/R1BQKB1R w KQkq - 1 9,d8d6
21,arka10arpan,EulerE,1059,992,r1b1kb1r/ppp2ppp/3q1n2/3P4/2p5/2N2N2/PP3PPP/R1BQKB1R b KQkq - 2 9,e5f3
21,arka10arpan,EulerE,1059,992,r1b1k2r/ppp1bppp/3q1n2/3P4/2p5/2N2N2/PP3PPP/R1BQKB1R w KQkq - 3 10,f8e7
21,arka10arpan,EulerE,1059,992,r1b1k2r/ppp1bppp/3q1n2/3P4/2B5/2N2N2/PP3PPP/R1BQK2R b KQkq - 0 10,f1c4
21,arka10arpan,EulerE,1059,992,r1b2rk1/ppp1bppp/3q1n2/3P4/2B5/2N2N2/PP3PPP/R1BQK2R w KQ - 1 11,e8g8
21,arka10arpan,EulerE,1059,992,r1b2rk1/ppp1bppp/3q1n2/3P4/2B5/2N2N2/PP3PPP/R1BQ1RK1 b - - 2 11,e1g1
21,arka10arpan,EulerE,1059,992,r1b2rk1/pp2bppp/2pq1n2/3P4/2B5/2N2N2/PP3PPP/R1BQ1RK1 w - - 0 12,c7c6
21,arka10arpan,EulerE,1059,992,r1b2rk1/pp2bppp/2Pq1n2/8/2B5/2N2N2/PP3PPP/R1BQ1RK1 b - - 0 12,d5c6
21,arka10arpan,EulerE,1059,992,r1b2rk1/pp2bppp/2q2n2/8/2B5/2N2N2/PP3PPP/R1BQ1RK1 w - - 0 13,d6c6
21,arka10arpan,EulerE,1059,992,r1b2rk1/pp2bppp/2q2n2/8/8/1BN2N2/PP3PPP/R1BQ1RK1 b - - 1 13,c4b3
21,arka10arpan,EulerE,1059,992,r4rk1/pp2bppp/2q2n2/5b2/8/1BN2N2/PP3PPP/R1BQ1RK1 w - - 2 14,c8f5
21,arka10arpan,EulerE,1059,992,r4rk1/pp2bppp/2q2n2/5b2/8/1BN2N2/PP3PPP/R1BQR1K1 b - - 3 14,f1e1
21,arka10arpan,EulerE,1059,992,r2r2k1/pp2bppp/2q2n2/5b2/8/1BN2N2/PP3PPP/R1BQR1K1 w - - 4 15,f8d8
21,arka10arpan,EulerE,1059,992,r2r2k1/pp2Rppp/2q2n2/5b2/8/1BN2N2/PP3PPP/R1BQ2K1 b - - 0 15,e1e7
21,arka10arpan,EulerE,1059,992,r5k1/pp2Rppp/2q2n2/5b2/8/1BN2N2/PP3PPP/R1Br2K1 w - - 0 16,d8d1
21,arka10arpan,EulerE,1059,992,r5k1/pp2Rppp/2q2n2/5b2/8/1B3N2/PP3PPP/R1BN2K1 b - - 0 16,c3d1
21,arka10arpan,EulerE,1059,992,r5k1/pp2Rppp/3q1n2/5b2/8/1B3N2/PP3PPP/R1BN2K1 w - - 1 17,c6d6
21,arka10arpan,EulerE,1059,992,r5k1/pp3Rpp/3q1n2/5b2/8/1B3N2/PP3PPP/R1BN2K1 b - - 0 17,e7f7
21,arka10arpan,EulerE,1059,992,r6k/pp3Rpp/3q1n2/5b2/8/1B3N2/PP3PPP/R1BN2K1 w - - 1 18,g8h8
21,arka10arpan,EulerE,1059,992,r6k/pp3Rpp/3q1n2/5bB1/8/1B3N2/PP3PPP/R2N2K1 b - - 2 18,c1g5
21,arka10arpan,EulerE,1059,992,3r3k/pp3Rpp/3q1n2/5bB1/8/1B3N2/PP3PPP/R2N2K1 w - - 3 19,a8d8
21,arka10arpan,EulerE,1059,992,3r3k/pp3Rpp/3q1B2/5b2/8/1B3N2/PP3PPP/R2N2K1 b - - 0 19,g5f6
21,arka10arpan,EulerE,1059,992,3r3k/pp3R1p/3q1p2/5b2/8/1B3N2/PP3PPP/R2N2K1 w - - 0 20,g7f6
21,arka10arpan,EulerE,1059,992,3r3k/pp3R1p/3q1p2/5b2/8/1BN2N2/PP3PPP/R5K1 b - - 1 20,d1c3
21,arka10arpan,EulerE,1059,992,3r3k/pp3R1p/3qbp2/8/8/1BN2N2/PP3PPP/R5K1 w - - 2 21,f5e6
21,arka10arpan,EulerE,1059,992,3r3k/pp3R1p/3qBp2/8/8/2N2N2/PP3PPP/R5K1 b - - 0 21,b3e6
21,arka10arpan,EulerE,1059,992,3r3k/pp3R1p/4qp2/8/8/2N2N2/PP3PPP/R5K1 w - - 0 22,d6e6
21,arka10arpan,EulerE,1059,992,3r3k/pR5p/4qp2/8/8/2N2N2/PP3PPP/R5K1 b - - 0 22,f7b7
21,arka10arpan,EulerE,1059,992,4r2k/pR5p/4qp2/8/8/2N2N2/PP3PPP/R5K1 w - - 1 23,d8e8
21,arka10arpan,EulerE,1059,992,4r2k/pR5p/4qp2/8/8/2N2N1P/PP3PP1/R5K1 b - - 0 23,h2h3
21,arka10arpan,EulerE,1059,992,2r4k/pR5p/4qp2/8/8/2N2N1P/PP3PP1/R5K1 w - - 1 24,e8c8
21,arka10arpan,EulerE,1059,992,2r4k/R6p/4qp2/8/8/2N2N1P/PP3PP1/R5K1 b - - 0 24,b7a7
21,arka10arpan,EulerE,1059,992,7k/R6p/4qp2/8/8/2r2N1P/PP3PP1/R5K1 w - - 0 25,c8c3
21,arka10arpan,EulerE,1059,992,7k/R6p/4qp2/8/8/2P2N1P/P4PP1/R5K1 b - - 0 25,b2c3
21,arka10arpan,EulerE,1059,992,7k/R6p/1q3p2/8/8/2P2N1P/P4PP1/R5K1 w - - 1 26,e6b6
21,arka10arpan,EulerE,1059,992,R6k/7p/1q3p2/8/8/2P2N1P/P4PP1/R5K1 b - - 2 26,a7a8
21,arka10arpan,EulerE,1059,992,R7/6kp/1q3p2/8/8/2P2N1P/P4PP1/R5K1 w - - 3 27,h8g7
21,arka10arpan,EulerE,1059,992,R7/6kp/1q3p2/8/8/2P2N1P/P4PP1/4R1K1 b - - 4 27,a1e1
21,arka10arpan,EulerE,1059,992,R7/7p/1q3p1k/8/8/2P2N1P/P4PP1/4R1K1 w - - 5 28,g7h6
21,arka10arpan,EulerE,1059,992,R7/7p/1q3p1k/8/4R3/2P2N1P/P4PP1/6K1 b - - 6 28,e1e4
21,arka10arpan,EulerE,1059,992,R7/7p/5p1k/8/4R3/2P2N1P/P4PP1/1q4K1 w - - 7 29,b6b1
21,arka10arpan,EulerE,1059,992,R7/7p/5p1k/8/4R3/2P2N1P/P4PPK/1q6 b - - 8 29,g1h2
21,arka10arpan,EulerE,1059,992,R7/7p/5p1k/8/4q3/2P2N1P/P4PPK/8 w - - 0 30,b1e4
21,arka10arpan,EulerE,1059,992,6R1/7p/5p1k/8/4q3/2P2N1P/P4PPK/8 b - - 1 30,a8g8
21,arka10arpan,EulerE,1059,992,6R1/7p/5p1k/5q2/8/2P2N1P/P4PPK/8 w - - 2 31,e4f5
21,arka10arpan,EulerE,1059,992,8/7p/5p1k/5q2/8/2P2NRP/P4PPK/8 b - - 3 31,g8g3
21,arka10arpan,EulerE,1059,992,8/7p/4qp1k/8/8/2P2NRP/P4PPK/8 w - - 4 32,f5e6
21,arka10arpan,EulerE,1059,992,8/7p/4qp1k/8/P7/2P2NRP/5PPK/8 b - - 0 32,a2a4
21,arka10arpan,EulerE,1059,992,8/7p/5p1k/8/P7/1qP2NRP/5PPK/8 w - - 1 33,e6b3
21,arka10arpan,EulerE,1059,992,8/7p/5p1k/P7/8/1qP2NRP/5PPK/8 b - - 0 33,a4a5
21,arka10arpan,EulerE,1059,992,8/7p/5p1k/P7/q7/2P2NRP/5PPK/8 w - - 1 34,b3a4
21,arka10arpan,EulerE,1059,992,8/7p/P4p1k/8/q7/2P2NRP/5PPK/8 b - - 0 34,a5a6
21,arka10arpan,EulerE,1059,992,8/7p/q4p1k/8/8/2P2NRP/5PPK/8 w - - 0 35,a4a6
21,arka10arpan,EulerE,1059,992,8/7p/q4p1k/8/2P5/5NRP/5PPK/8 b - - 0 35,c3c4
21,arka10arpan,EulerE,1059,992,8/7p/5p1k/8/2q5/5NRP/5PPK/8 w - - 0 36,a6c4
21,arka10arpan,EulerE,1059,992,8/7p/5p1k/8/2q5/6RP/3N1PPK/8 b - - 1 36,f3d2
21,arka10arpan,EulerE,1059,992,8/2q4p/5p1k/8/8/6RP/3N1PPK/8 w - - 2 37,c4c7
21,arka10arpan,EulerE,1059,992,8/2q4p/5p1k/8/4N3/6RP/5PPK/8 b - - 3 37,d2e4
21,arka10arpan,EulerE,1059,992,8/2q4p/7k/5p2/4N3/6RP/5PPK/8 w - - 0 38,f6f5
21,arka10arpan,EulerE,1059,992,8/2q4p/5N1k/5p2/8/6RP/5PPK/8 b - - 1 38,e4f6
21,arka10arpan,EulerE,1059,992,8/2q4p/5N1k/8/5p2/6RP/5PPK/8 w - - 0 39,f5f4
21,arka10arpan,EulerE,1059,992,8/2q4p/5N1k/8/5p2/5R1P/5PPK/8 b - - 1 39,g3f3
21,arka10arpan,EulerE,1059,992,8/5q1p/5N1k/8/5p2/5R1P/5PPK/8 w - - 2 40,c7f7
21,arka10arpan,EulerE,1059,992,8/5q1p/7k/8/4Np2/5R1P/5PPK/8 b - - 3 40,f6e4
21,arka10arpan,EulerE,1059,992,8/5q1p/6k1/8/4Np2/5R1P/5PPK/8 w - - 4 41,h6g6
21,arka10arpan,EulerE,1059,992,8/5q1p/6k1/8/4Np2/5RPP/5P1K/8 b - - 0 41,g2g3
21,arka10arpan,EulerE,1059,992,8/5q2/6k1/7p/4Np2/5RPP/5P1K/8 w - - 0 42,h7h5
21,arka10arpan,EulerE,1059,992,8/5q2/6k1/7p/4NP2/5R1P/5P1K/8 b - - 0 42,g3f4
22,ran2319,EulerE,992,972,rnbqkbnr/pppppppp/8/8/3P4/8/PPP1PPPP/RNBQKBNR b KQkq - 0 1,d2d4
22,ran2319,EulerE,992,972,rnbqkbnr/ppp1pppp/8/3p4/3P4/8/PPP1PPPP/RNBQKBNR w KQkq - 0 2,d7d5
22,ran2319,EulerE,992,972,rnbqkbnr/ppp1pppp/8/3p4/3P4/4P3/PPP2PPP/RNBQKBNR b KQkq - 0 2,e2e3
22,ran2319,EulerE,992,972,r1bqkbnr/ppp1pppp/2n5/3p4/3P4/4P3/PPP2PPP/RNBQKBNR w KQkq - 1 3,b8c6
22,ran2319,EulerE,992,972,r1bqkbnr/ppp1pppp/2n5/3p4/3P1P2/4P3/PPP3PP/RNBQKBNR b KQkq - 0 3,f2f4
22,ran2319,EulerE,992,972,r1bqkbnr/ppp2ppp/2n1p3/3p4/3P1P2/4P3/PPP3PP/RNBQKBNR w KQkq - 0 4,e7e6
22,ran2319,EulerE,992,972,r1bqkbnr/ppp2ppp/2n1p3/3p4/3P1P2/4PN2/PPP3PP/RNBQKB1R b KQkq - 1 4,g1f3
22,ran2319,EulerE,992,972,r1bqkb1r/ppp2ppp/2n1pn2/3p4/3P1P2/4PN2/PPP3PP/RNBQKB1R w KQkq - 2 5,g8f6
22,ran2319,EulerE,992,972,r1bqkb1r/ppp2ppp/2n1pn2/3p4/3P1P2/3BPN2/PPP3PP/RNBQK2R b KQkq - 3 5,f1d3
22,ran2319,EulerE,992,972,r1bqk2r/ppp2ppp/2nbpn2/3p4/3P1P2/3BPN2/PPP3PP/RNBQK2R w KQkq - 4 6,f8d6
22,ran2319,EulerE,992,972,r1bqk2r/ppp2ppp/2nbpn2/3p4/3P1P2/3BPN2/PPP3PP/RNBQ1RK1 b kq - 5 6,e1g1
22,ran2319,EulerE,992,972,r1bq1rk1/ppp2ppp/2nbpn2/3p4/3P1P2/3BPN2/PPP3PP/RNBQ1RK1 w - - 6 7,e8g8
22,ran2319,EulerE,992,972,r1bq1rk1/ppp2ppp/2nbpn2/3p4/3P1P2/2PBPN2/PP4PP/RNBQ1RK1 b - - 0 7,c2c3
22,ran2319,EulerE,992,972,r1bq1rk1/1pp2ppp/p1nbpn2/3p4/3P1P2/2PBPN2/PP4PP/RNBQ1RK1 w - - 0 8,a7a6
22,ran2319,EulerE,992,972,r1bq1rk1/1pp2ppp/p1nbpn2/3p4/3P1P2/2PBPN2/PP4PP/RNB1QRK1 b - - 1 8,d1e1
22,ran2319,EulerE,992,972,r1bq1rk1/2p2ppp/p1nbpn2/1p1p4/3P1P2/2PBPN2/PP4PP/RNB1QRK1 w - - 0 9,b7b5
22,ran2319,EulerE,992,972,r1bq1rk1/2p2ppp/p1nbpn2/1p1p4/3P1P2/2PBPN2/PP1N2PP/R1B1QRK1 b - - 1 9,b1d2
22,ran2319,EulerE,992,972,r2q1rk1/1bp2ppp/p1nbpn2/1p1p4/3P1P2/2PBPN2/PP1N2PP/R1B1QRK1 w - - 2 10,c8b7
22,ran2319,EulerE,992,972,r2q1rk1/1bp2ppp/p1nbpn2/1p1p4/3P1P2/2PBPNQ1/PP1N2PP/R1B2RK1 b - - 3 10,e1g3
22,ran2319,EulerE,992,972,r2q1rk1/1bp2ppp/p1nbpn2/3p4/1p1P1P2/2PBPNQ1/PP1N2PP/R1B2RK1 w - - 0 11,b5b4
22,ran2319,EulerE,992,972,r2q1rk1/1bp2ppp/p1nbpn2/3p4/1p1PPP2/2PB1NQ1/PP1N2PP/R1B2RK1 b - - 0 11,e3e4
22,ran2319,EulerE,992,972,r2q1rk1/1bp2ppp/p1nbp3/3p4/1p1PnP2/2PB1NQ1/PP1N2PP/R1B2RK1 w - - 0 12,f6e4
22,ran2319,EulerE,992,972,r2q1rk1/1bp2ppp/p1nbp3/3p4/1p1PNP2/2PB1NQ1/PP4PP/R1B2RK1 b - - 0 12,d2e4
22,ran2319,EulerE,992,972,r2q1rk1/1bp2ppp/p1nbp3/8/1p1PpP2/2PB1NQ1/PP4PP/R1B2RK1 w - - 0 13,d5e4
22,ran2319,EulerE,992,972,r2q1rk1/1bp2ppp/p1nbp3/8/1p1PBP2/2P2NQ1/PP4PP/R1B2RK1 b - - 0 13,d3e4
22,ran2319,EulerE,992,972,r2q1rk1/1bp3pp/p1nbp3/5p2/1p1PBP2/2P2NQ1/PP4PP/R1B2RK1 w - - 0 14,f7f5
22,ran2319,EulerE,992,972,r2q1rk1/1bp3pp/p1nbp3/5p2/1p1P1P2/2PB1NQ1/PP4PP/R1B2RK1 b - - 1 14,e4d3
22,ran2319,EulerE,992,972,r2q1rk1/1bp3pp/p1nbp3/5p2/3P1P2/2pB1NQ1/PP4PP/R1B2RK1 w - - 0 15,b4c3
22,ran2319,EulerE,992,972,r2q1rk1/1bp3pp/p1nbp3/5p2/3P1P2/2PB1NQ1/P5PP/R1B2RK1 b - - 0 15,b2c3
22,ran2319,EulerE,992,972,r2q1rk1/1bp3pp/p2bp3/n4p2/3P1P2/2PB1NQ1/P5PP/R1B2RK1 w - - 1 16,c6a5
22,ran2319,EulerE,992,972,r2q1rk1/1bp3pp/p2bp3/n3Np2/3P1P2/2PB2Q1/P5PP/R1B2RK1 b - - 2 16,f3e5
22,ran2319,EulerE,992,972,r2q1rk1/1bp3pp/p3p3/n3bp2/3P1P2/2PB2Q1/P5PP/R1B2RK1 w - - 0 17,d6e5
22,ran2319,EulerE,992,972,r2q1rk1/1bp3pp/p3p3/n3Pp2/3P4/2PB2Q1/P5PP/R1B2RK1 b - - 0 17,f4e5
22,ran2319,EulerE,992,972,r4rk1/1bp3pp/p3p3/n2qPp2/3P4/2PB2Q1/P5PP/R1B2RK1 w - - 1 18,d8d5
22,ran2319,EulerE,992,972,r4rk1/1bp3pp/p3p3/n2qPp2/3P4/2PB2Q1/P2B2PP/R4RK1 b - - 2 18,c1d2
22,ran2319,EulerE,992,972,r4rk1/1bp3pp/p1n1p3/3qPp2/3P4/2PB2Q1/P2B2PP/R4RK1 w - - 3 19,a5c6
22,ran2319,EulerE,992,972,r4rk1/1bp3pp/p1n1p3/3qPp2/3P4/2PB2Q1/P2B2PP/R4R1K b - - 4 19,g1h1
22,ran2319,EulerE,992,972,1r3rk1/1bp3pp/p1n1p3/3qPp2/3P4/2PB2Q1/P2B2PP/R4R1K w - - 5 20,a8b8
22,ran2319,EulerE,992,972,1r3rk1/1bp3pp/p1n1p3/3qPp2/3P4/2PB2Q1/P2B2PP/1R3R1K b - - 6 20,a1b1
22,ran2319,EulerE,992,972,1r3rk1/1bp1n1pp/p3p3/3qPp2/3P4/2PB2Q1/P2B2PP/1R3R1K w - - 7 21,c6e7
22,ran2319,EulerE,992,972,1r3rk1/1bp1n1pp/p3p3/3qPp2/3P4/2P3Q1/P2BB1PP/1R3R1K b - - 8 21,d3e2
22,ran2319,EulerE,992,972,1r3rk1/1bp3pp/p3p1n1/3qPp2/3P4/2P3Q1/P2BB1PP/1R3R1K w - - 9 22,e7g6
22,ran2319,EulerE,992,972,1r3rk1/1bp3pp/p3p1n1/3qPp2/3P4/2P2BQ1/P2B2PP/1R3R1K b - - 10 22,e2f3
22,ran2319,EulerE,992,972,1r3rk1/1bp3pp/p3p1n1/4Pp2/3P4/2P2BQ1/q2B2PP/1R3R1K w - - 0 23,d5a2
22,ran2319,EulerE,992,972,1r3rk1/1Rp3pp/p3p1n1/4Pp2/3P4/2P2BQ1/q2B2PP/5R1K b - - 0 23,b1b7
22,ran2319,EulerE,992,972,5rk1/1rp3pp/p3p1n1/4Pp2/3P4/2P2BQ1/q2B2PP/5R1K w - - 0 24,b8b7
22,ran2319,EulerE,992,972,5rk1/1Bp3pp/p3p1n1/4Pp2/3P4/2P3Q1/q2B2PP/5R1K b - - 0 24,f3b7
22,ran2319,EulerE,992,972,5rk1/1Bp3pp/p3p1n1/4Pp2/3P4/2P3Q1/3q2PP/5R1K w - - 0 25,a2d2
22,ran2319,EulerE,992,972,5rk1/1Bp3pp/p3p1n1/4Pp2/3P4/2P3QP/3q2P1/5R1K b - - 0 25,h2h3
22,ran2319,EulerE,992,972,5rk1/1B4pp/p3p1n1/2p1Pp2/3P4/2P3QP/3q2P1/5R1K w - - 0 26,c7c5
22,ran2319,EulerE,992,972,5rk1/1B4pp/p3p1n1/2P1Pp2/8/2P3QP/3q2P1/5R1K b - - 0 26,d4c5
22,ran2319,EulerE,992,972,5rk1/1B4pp/p3p1n1/2PqPp2/8/2P3QP/6P1/5R1K w - - 1 27,d2d5
22,ran2319,EulerE,992,972,5rk1/6pp/p3p1n1/2PBPp2/8/2P3QP/6P1/5R1K b - - 0 27,b7d5
23,EulerE,RyanG2322,1203,1141,rnbqkbnr/pppppppp/8/8/3P4/8/PPP1PPPP/RNBQKBNR b KQkq - 0 1,d2d4
23,EulerE,RyanG2322,1203,1141,rnbqkbnr/ppp1pppp/8/3p4/3P4/8/PPP1PPPP/RNBQKBNR w KQkq - 0 2,d7d5
23,EulerE,RyanG2322,1203,1141,rnbqkbnr/ppp1pppp/8/3p4/2PP4/8/PP2PPPP/RNBQKBNR b KQkq - 0 2,c2c4
23,EulerE,RyanG2322,1203,1141,rnbqkbnr/ppp1pppp/8/8/2pP4/8/PP2PPPP/RNBQKBNR w KQkq - 0 3,d5c4
23,EulerE,RyanG2322,1203,1141,rnbqkbnr/ppp1pppp/8/8/2pPP3/8/PP3PPP/RNBQKBNR b KQkq - 0 3,e2e4
23,EulerE,RyanG2322,1203,1141,rnbqkbnr/ppp2ppp/4p3/8/2pPP3/8/PP3PPP/RNBQKBNR w KQkq - 0 4,e7e6
23,EulerE,RyanG2322,1203,1141,rnbqkbnr/ppp2ppp/4p3/8/2BPP3/8/PP3PPP/RNBQK1NR b KQkq - 0 4,f1c4
23,EulerE,RyanG2322,1203,1141,rnbqkbnr/pp3ppp/4p3/2p5/2BPP3/8/PP3PPP/RNBQK1NR w KQkq - 0 5,c7c5
23,EulerE,RyanG2322,1203,1141,rnbqkbnr/pp3ppp/4p3/2p5/2BPP3/5N2/PP3PPP/RNBQK2R b KQkq - 1 5,g1f3
23,EulerE,RyanG2322,1203,1141,rnbqkbnr/pp3ppp/4p3/8/2BpP3/5N2/PP3PPP/RNBQK2R w KQkq - 0 6,c5d4
23,EulerE,RyanG2322,1203,1141,rnbqkbnr/pp3ppp/4p3/8/2BNP3/8/PP3PPP/RNBQK2R b KQkq - 0 6,f3d4
23,EulerE,RyanG2322,1203,1141,rnbqk1nr/pp3ppp/4p3/2b5/2BNP3/8/PP3PPP/RNBQK2R w KQkq - 1 7,f8c5
23,EulerE,RyanG2322,1203,1141,rnbqk1nr/pp3ppp/4p3/2b5/2B1P3/5N2/PP3PPP/RNBQK2R b KQkq - 2 7,d4f3
23,EulerE,RyanG2322,1203,1141,rnb1k1nr/pp3ppp/4p3/2b5/2B1P3/5N2/PP3PPP/RNBqK2R w KQkq - 0 8,d8d1
23,EulerE,RyanG2322,1203,1141,rnb1k1nr/pp3ppp/4p3/2b5/2B1P3/5N2/PP3PPP/RNBK3R b kq - 0 8,e1d1
23,EulerE,RyanG2322,1203,1141,rnb1k2r/pp3ppp/4pn2/2b5/2B1P3/5N2/PP3PPP/RNBK3R w kq - 1 9,g8f6
23,EulerE,RyanG2322,1203,1141,rnb1k2r/pp3ppp/4pn2/2b5/2B1P3/2N2N2/PP3PPP/R1BK3R b kq - 2 9,b1c3
23,EulerE,RyanG2322,1203,1141,rnb2rk1/pp3ppp/4pn2/2b5/2B1P3/2N2N2/PP3PPP/R1BK3R w - - 3 10,e8g8
23,EulerE,RyanG2322,1203,1141,rnb2rk1/pp3ppp/4pn2/2b1P3/2B5/2N2N2/PP3PPP/R1BK3R b - - 0 10,e4e5
23,EulerE,RyanG2322,1203,1141,rnb2rk1/pp1n1ppp/4p3/2b1P3/2B5/2N2N2/PP3PPP/R1BK3R w - - 1 11,f6d7
23,EulerE,RyanG2322,1203,1141,rnb2rk1/pp1n1ppp/4p3/2b1P3/2B5/P1N2N2/1P3PPP/R1BK3R b - - 0 11,a2a3
23,EulerE,RyanG2322,1203,1141,rnb2rk1/1p1n1ppp/p3p3/2b1P3/2B5/P1N2N2/1P3PPP/R1BK3R w - - 0 12,a7a6
23,EulerE,RyanG2322,1203,1141,rnb2rk1/1p1n1ppp/p3p3/2b1P3/1PB5/P1N2N2/5PPP/R1BK3R b - - 0 12,b2b4
23,EulerE,RyanG2322,1203,1141,rnb2rk1/bp1n1ppp/p3p3/4P3/1PB5/P1N2N2/5PPP/R1BK3R w - - 1 13,c5a7
23,EulerE,RyanG2322,1203,1141,rnb2rk1/bp1n1ppp/p3p3/4P3/1PB5/P1N2N2/1B3PPP/R2K3R b - - 2 13,c1b2
23,EulerE,RyanG2322,1203,1141,rnb2rk1/b2n1ppp/p3p3/1p2P3/1PB5/P1N2N2/1B3PPP/R2K3R w - - 0 14,b7b5
23,EulerE,RyanG2322,1203,1141,rnb2rk1/b2n1ppp/p3p3/1p2P3/1P6/PBN2N2/1B3PPP/R2K3R b - - 1 14,c4b3
23,EulerE,RyanG2322,1203,1141,rnb2rk1/3n1ppp/p3p3/1p2P3/1P6/PBN2N2/1B3bPP/R2K3R w - - 0 15,a7f2
23,EulerE,RyanG2322,1203,1141,rnb2rk1/3n1ppp/p3p3/1p2P3/1P6/PBN2N2/1BK2bPP/R6R b - - 1 15,d1c2
23,EulerE,RyanG2322,1203,1141,r1b2rk1/3n1ppp/p1n1p3/1p2P3/1P6/PBN2N2/1BK2bPP/R6R w - - 2 16,b8c6
23,EulerE,RyanG2322,1203,1141,r1b2rk1/3n1ppp/p1n1p3/1p2P3/1P6/PBN2N2/1BK2bPP/3R3R b - - 3 16,a1d1
23,EulerE,RyanG2322,1203,1141,r1b2rk1/5ppp/p1n1p3/1p2n3/1P6/PBN2N2/1BK2bPP/3R3R w - - 0 17,d7e5
23,EulerE,RyanG2322,1203,1141,r1b2rk1/5ppp/p1n1p3/1p2N3/1P6/PBN5/1BK2bPP/3R3R b - - 0 17,f3e5
23,EulerE,RyanG2322,1203,1141,r1b2rk1/5ppp/p3p3/1p2n3/1P6/PBN5/1BK2bPP/3R3R w - - 0 18,c6e5
23,EulerE,RyanG2322,1203,1141,r1b2rk1/5ppp/p3p3/1p2n3/1P2N3/PB6/1BK2bPP/3R3R b - - 1 18,c3e4
23,EulerE,RyanG2322,1203,1141,r1b2rk1/5ppp/pb2p3/1p2n3/1P2N3/PB6/1BK3PP/3R3R w - - 2 19,f2b6
23,EulerE,RyanG2322,1203,1141,r1b2rk1/5ppp/pb2p3/1p2B3/1P2N3/PB6/2K3PP/3R3R b - - 0 19,b2e5
23,EulerE,RyanG2322,1203,1141,r4rk1/1b3ppp/pb2p3/1p2B3/1P2N3/PB6/2K3PP/3R3R w - - 1 20,c8b7
23,EulerE,RyanG2322,1203,1141,r4rk1/1b3ppp/pb2p3/1p2B3/1P2N3/PB6/2K3PP/3RR3 b - - 2 20,h1e1
23,EulerE,RyanG2322,1203,1141,2r2rk1/1b3ppp/pb2p3/1p2B3/1P2N3/PB6/2K3PP/3RR3 w - - 3 21,a8c8
23,EulerE,RyanG2322,1203,1141,2r2rk1/1b3ppp/pb2p3/1p2B3/1P6/PBN5/2K3PP/3RR3 b - - 4 21,e4c3
23,EulerE,RyanG2322,1203,1141,2r2rk1/5ppp/pb2p3/1p2B3/1P6/PBN5/2K3bP/3RR3 w - - 0 22,b7g2
23,EulerE,RyanG2322,1203,1141,2r2rk1/5ppp/pb2p3/1p2B3/1P6/PBN5/2K1R1bP/3R4 b - - 1 22,e1e2
23,EulerE,RyanG2322,1203,1141,2r2rk1/5ppp/pb2p3/1p2B3/1P6/PBN2b2/2K1R2P/3R4 w - - 2 23,g2f3
23,EulerE,RyanG2322,1203,1141,2r2rk1/5ppp/pb2p3/1p2B3/1P6/PBN2b2/2KR3P/3R4 b - - 3 23,e2d2
23,EulerE,RyanG2322,1203,1141,2r2rk1/5ppp/pb2p3/1p2B3/1P6/PBN5/2KR3P/3b4 w - - 0 24,f3d1
23,EulerE,RyanG2322,1203,1141,2r2rk1/5ppp/pb2p3/1p2B3/1P6/PBN5/2K4P/3R4 b - - 0 24,d2d1
23,EulerE,RyanG2322,1203,1141,2r2rk1/5ppp/1b2p3/pp2B3/1P6/PBN5/2K4P/3R4 w - - 0 25,a6a5
23,EulerE,RyanG2322,1203,1141,2r2rk1/5ppp/1b1Rp3/pp2B3/1P6/PBN5/2K4P/8 b - - 1 25,d1d6
23,EulerE,RyanG2322,1203,1141,2r2rk1/2b2ppp/3Rp3/pp2B3/1P6/PBN5/2K4P/8 w - - 2 26,b6c7
23,EulerE,RyanG2322,1203,1141,2r2rk1/2b2ppp/3Rp3/Pp2B3/8/PBN5/2K4P/8 b - - 0 26,b4a5
23,EulerE,RyanG2322,1203,1141,2r2rk1/5ppp/3bp3/Pp2B3/8/PBN5/2K4P/8 w - - 0 27,c7d6
23,EulerE,RyanG2322,1203,1141,2r2rk1/5ppp/3Bp3/Pp6/8/PBN5/2K4P/8 b - - 0 27,e5d6
23,EulerE,RyanG2322,1203,1141,2rr2k1/5ppp/3Bp3/Pp6/8/PBN5/2K4P/8 w - - 1 28,f8d8
23,EulerE,RyanG2322,1203,1141,2rr2k1/5ppp/4p3/Pp6/1B6/PBN5/2K4P/8 b - - 2 28,d6b4
23,EulerE,RyanG2322,1203,1141,2rr2k1/6pp/4p3/Pp3p2/1B6/PBN5/2K4P/8 w - - 0 29,f7f5
23,EulerE,RyanG2322,1203,1141,2rr2k1/6pp/4p3/Pp3p2/1B6/PBN5/1K5P/8 b - - 1 29,c2b2
23,EulerE,RyanG2322,1203,1141,2rr4/5kpp/4p3/Pp3p2/1B6/PBN5/1K5P/8 w - - 2 30,g8f7
23,EulerE,RyanG2322,1203,1141,2rr4/5kpp/4p3/PN3p2/1B6/PB6/1K5P/8 b - - 0 30,c3b5
23,EulerE,RyanG2322,1203,1141,2rr4/5kpp/4p3/PN6/1B3p2/PB6/1K5P/8 w - - 0 31,f5f4
23,EulerE,RyanG2322,1203,1141,2rr4/5kpp/3Np3/P7/1B3p2/PB6/1K5P/8 b - - 1 31,b5d6
23,EulerE,RyanG2322,1203,1141,2rr4/6pp/3Npk2/P7/1B3p2/PB6/1K5P/8 w - - 2 32,f7f6
23,EulerE,RyanG2322,1203,1141,2Nr4/6pp/4pk2/P7/1B3p2/PB6/1K5P/8 b - - 0 32,d6c8
23,EulerE,RyanG2322,1203,1141,2r5/6pp/4pk2/P7/1B3p2/PB6/1K5P/8 w - - 0 33,d8c8
23,EulerE,RyanG2322,1203,1141,2r5/6pp/P3pk2/8/1B3p2/PB6/1K5P/8 b - - 0 33,a5a6
23,EulerE,RyanG2322,1203,1141,2r5/6pp/P3pk2/8/1B6/PB3p2/1K5P/8 w - - 0 34,f4f3
23,EulerE,RyanG2322,1203,1141,2r5/P5pp/4pk2/8/1B6/PB3p2/1K5P/8 b - - 0 34,a6a7
23,EulerE,RyanG2322,1203,1141,2r5/P5pp/4pk2/8/1B6/PB6/1K3p1P/8 w - - 0 35,f3f2
23,EulerE,RyanG2322,1203,1141,2r5/P5pp/4pk2/8/1BB5/P7/1K3p1P/8 b - - 1 35,b3c4
23,EulerE,RyanG2322,1203,1141,8/P5pp/4pk2/8/1Br5/P7/1K3p1P/8 w - - 0 36,c8c4
23,EulerE,RyanG2322,1203,1141,Q7/6pp/4pk2/8/1Br5/P7/1K3p1P/8 b - - 0 36,a7a8q
23,EulerE,RyanG2322,1203,1141,Q7/6pp/4pk2/8/1Br5/P7/1K5P/5q2 w - - 0 37,f2f1q
23,EulerE,RyanG2322,1203,1141,5Q2/6pp/4pk2/8/1Br5/P7/1K5P/5q2 b - - 1 37,a8f8
23,EulerE,RyanG2322,1203,1141,5Q2/6pp/4p1k1/8/1Br5/P7/1K5P/5q2 w - - 2 38,f6g6
23,EulerE,RyanG2322,1203,1141,8/6pp/4p1k1/8/1Br5/P7/1K5P/5Q2 b - - 0 38,f8f1
24,EulerE,manzcaster,1211,1178,rnbqkbnr/pppppppp/8/8/3P4/8/PPP1PPPP/RNBQKBNR b KQkq - 0 1,d2d4
24,EulerE,manzcaster,1211,1178,rnbqkbnr/pppp1ppp/8/4p3/3P4/8/PPP1PPPP/RNBQKBNR w KQkq - 0 2,e7e5
24,EulerE,manzcaster,1211,1178,rnbqkbnr/pppp1ppp/8/4P3/8/8/PPP1PPPP/RNBQKBNR b KQkq - 0 2,d4e5
24,EulerE,manzcaster,1211,1178,r1bqkbnr/pppp1ppp/2n5/4P3/8/8/PPP1PPPP/RNBQKBNR w KQkq - 1 3,b8c6
24,EulerE,manzcaster,1211,1178,r1bqkbnr/pppp1ppp/2n5/4P3/8/5N2/PPP1PPPP/RNBQKB1R b KQkq - 2 3,g1f3
24,EulerE,manzcaster,1211,1178,r1b1kbnr/ppppqppp/2n5/4P3/8/5N2/PPP1PPPP/RNBQKB1R w KQkq - 3 4,d8e7
24,EulerE,manzcaster,1211,1178,r1b1kbnr/ppppqppp/2n5/4P3/8/2N2N2/PPP1PPPP/R1BQKB1R b KQkq - 4 4,b1c3
24,EulerE,manzcaster,1211,1178,r1b1kbnr/ppppqppp/8/4n3/8/2N2N2/PPP1PPPP/R1BQKB1R w KQkq - 0 5,c6e5
24,EulerE,manzcaster,1211,1178,r1b1kbnr/ppppqppp/8/4N3/8/2N5/PPP1PPPP/R1BQKB1R b KQkq - 0 5,f3e5
24,EulerE,manzcaster,1211,1178,r1b1kbnr/pppp1ppp/8/4q3/8/2N5/PPP1PPPP/R1BQKB1R w KQkq - 0 6,e7e5
24,EulerE,manzcaster,1211,1178,r1b1kbnr/pppp1ppp/8/4q3/4P3/2N5/PPP2PPP/R1BQKB1R b KQkq - 0 6,e2e4
24,EulerE,manzcaster,1211,1178,r1b1kbnr/pppp2pp/8/4qp2/4P3/2N5/PPP2PPP/R1BQKB1R w KQkq - 0 7,f7f5
24,EulerE,manzcaster,1211,1178,r1b1kbnr/pppp2pp/8/4qp2/4P3/2N2P2/PPP3PP/R1BQKB1R b KQkq - 0 7,f2f3
24,EulerE,manzcaster,1211,1178,r1b1kbnr/p1pp2pp/1p6/4qp2/4P3/2N2P2/PPP3PP/R1BQKB1R w KQkq - 0 8,b7b6
24,EulerE,manzcaster,1211,1178,r1b1kbnr/p1pp2pp/1p6/4qp2/2B1P3/2N2P2/PPP3PP/R1BQK2R b KQkq - 1 8,f1c4
24,EulerE,manzcaster,1211,1178,r3kbnr/pbpp2pp/1p6/4qp2/2B1P3/2N2P2/PPP3PP/R1BQK2R w KQkq - 2 9,c8b7
24,EulerE,manzcaster,1211,1178,r3kbnr/pbpp2pp/1p6/4qp2/2B1P3/2N2P2/PPP3PP/R1BQ1RK1 b kq - 3 9,e1g1
24,EulerE,manzcaster,1211,1178,2kr1bnr/pbpp2pp/1p6/4qp2/2B1P3/2N2P2/PPP3PP/R1BQ1RK1 w - - 4 10,e8c8
24,EulerE,manzcaster,1211,1178,2kr1bnr/pbpp2pp/1p6/4qP2/2B5/2N2P2/PPP3PP/R1BQ1RK1 b - - 0 10,e4f5
24,EulerE,manzcaster,1211,1178,2kr2nr/pbpp2pp/1p6/2b1qP2/2B5/2N2P2/PPP3PP/R1BQ1RK1 w - - 1 11,f8c5
24,EulerE,manzcaster,1211,1178,2kr2nr/pbpp2pp/1p6/2b1qP2/2B5/2N2P2/PPP3PP/R1BQ1R1K b - - 2 11,g1h1
24,EulerE,manzcaster,1211,1178,2kr2nr/pbpp2pp/1p6/2b2q2/2B5/2N2P2/PPP3PP/R1BQ1R1K w - - 0 12,e5f5
24,EulerE,manzcaster,1211,1178,2kr2nr/pbpp2pp/1p6/2b2q2/8/2NB1P2/PPP3PP/R1BQ1R1K b - - 1 12,c4d3
24,EulerE,manzcaster,1211,1178,2kr2nr/pbpp2pp/1p6/2b4q/8/2NB1P2/PPP3PP/R1BQ1R1K w - - 2 13,f5h5
24,EulerE,manzcaster,1211,1178,2kr2nr/pbpp2pp/1p6/2b4q/8/1PNB1P2/P1P3PP/R1BQ1R1K b - - 0 13,b2b3
24,EulerE,manzcaster,1211,1178,2kr2nr/pbpp2pp/1p1b4/7q/8/1PNB1P2/P1P3PP/R1BQ1R1K w - - 1 14,c5d6
24,EulerE,manzcaster,1211,1178,2kr2nr/pbpp2pp/1p1b4/7q/5P2/1PNB4/P1P3PP/R1BQ1R1K b - - 0 14,f3f4
24,EulerE,manzcaster,1211,1178,2kr3r/pbpp2pp/1p1b1n2/7q/5P2/1PNB4/P1P3PP/R1BQ1R1K w - - 1 15,g8f6
24,EulerE,manzcaster,1211,1178,2kr3r/pbpp2pp/1p1b1n2/7Q/5P2/1PNB4/P1P3PP/R1B2R1K b - - 0 15,d1h5
24,EulerE,manzcaster,1211,1178,2kr3r/pbpp2pp/1p1b4/7n/5P2/1PNB4/P1P3PP/R1B2R1K w - - 0 16,f6h5
24,EulerE,manzcaster,1211,1178,2kr3r/pbpp2pp/1p1b4/7n/5P2/1PNBB3/P1P3PP/R4R1K b - - 1 16,c1e3
24,EulerE,manzcaster,1211,1178,2k1r2r/pbpp2pp/1p1b4/7n/5P2/1PNBB3/P1P3PP/R4R1K w - - 2 17,d8e8
24,EulerE,manzcaster,1211,1178,2k1r2r/pbpp2pp/1p1b4/7n/5P2/1PNBB3/P1P3PP/4RR1K b - - 3 17,a1e1
24,EulerE,manzcaster,1211,1178,2k1r2r/pbpp3p/1p1b2p1/7n/5P2/1PNBB3/P1P3PP/4RR1K w - - 0 18,g7g6
24,EulerE,manzcaster,1211,1178,2k1r2r/pbpp3p/1p1b2p1/1N5n/5P2/1P1BB3/P1P3PP/4RR1K b - - 1 18,c3b5
24,EulerE,manzcaster,1211,1178,1k2r2r/pbpp3p/1p1b2p1/1N5n/5P2/1P1BB3/P1P3PP/4RR1K w - - 2 19,c8b8
24,EulerE,manzcaster,1211,1178,1k2r2r/pbpp3p/1p1N2p1/7n/5P2/1P1BB3/P1P3PP/4RR1K b - - 0 19,b5d6
24,EulerE,manzcaster,1211,1178,1k2r2r/pb1p3p/1p1p2p1/7n/5P2/1P1BB3/P1P3PP/4RR1K w - - 0 20,c7d6
24,EulerE,manzcaster,1211,1178,1k2r2r/pb1p3p/1p1p2p1/7n/3B1P2/1P1B4/P1P3PP/4RR1K b - - 1 20,e3d4
24,EulerE,manzcaster,1211,1178,1k2rr2/pb1p3p/1p1p2p1/7n/3B1P2/1P1B4/P1P3PP/4RR1K w - - 2 21,h8f8
24,EulerE,manzcaster,1211,1178,1k2Rr2/pb1p3p/1p1p2p1/7n/3B1P2/1P1B4/P1P3PP/5R1K b - - 0 21,e1e8
24,EulerE,manzcaster,1211,1178,1k2r3/pb1p3p/1p1p2p1/7n/3B1P2/1P1B4/P1P3PP/5R1K w - - 0 22,f8e8
24,EulerE,manzcaster,1211,1178,1k2r3/pb1p3p/1p1p2p1/1B5n/3B1P2/1P6/P1P3PP/5R1K b - - 1 22,d3b5
24,EulerE,manzcaster,1211,1178,1k2r3/p2p3p/1pbp2p1/1B5n/3B1P2/1P6/P1P3PP/5R1K w - - 2 23,b7c6
24,EulerE,manzcaster,1211,1178,1k2r3/p2p3p/1pBp2p1/7n/3B1P2/1P6/P1P3PP/5R1K b - - 0 23,b5c6
24,EulerE,manzcaster,1211,1178,1k2r3/p6p/1ppp2p1/7n/3B1P2/1P6/P1P3PP/5R1K w - - 0 24,d7c6
24,EulerE,manzcaster,1211,1178,1k2r3/p6p/1ppp2p1/7n/3B1PP1/1P6/P1P4P/5R1K b - - 0 24,g2g4
24,EulerE,manzcaster,1211,1178,1k2r3/p6p/1p1p2p1/2p4n/3B1PP1/1P6/P1P4P/5R1K w - - 0 25,c6c5
24,EulerE,manzcaster,1211,1178,1k2r3/p6p/1p1p2p1/2p4n/5PP1/1P6/PBP4P/5R1K b - - 1 25,d4b2
24,EulerE,manzcaster,1211,1178,1k6/p6p/1p1p2p1/2p4n/5PP1/1P6/PBP1r2P/5R1K w - - 2 26,e8e2
24,EulerE,manzcaster,1211,1178,1k6/p6p/1p1p2p1/2p4P/5P2/1P6/PBP1r2P/5R1K b - - 0 26,g4h5
24,EulerE,manzcaster,1211,1178,1k6/p6p/1p1p2p1/2p4P/5P2/1P6/PBr4P/5R1K w - - 0 27,e2c2
24,EulerE,manzcaster,1211,1178,1k6/p6p/1p1p2P1/2p5/5P2/1P6/PBr4P/5R1K b - - 0 27,h5g6
24,EulerE,manzcaster,1211,1178,1k6/p7/1p1p2p1/2p5/5P2/1P6/PBr4P/5R1K w - - 0 28,h7g6
24,EulerE,manzcaster,1211,1178,1k6/p7/1p1p1Bp1/2p5/5P2/1P6/P1r4P/5R1K b - - 1 28,b2f6
24,EulerE,manzcaster,1211,1178,1k6/p7/1p1p1Bp1/2p5/5P2/1P6/r6P/5R1K w - - 0 29,c2a2
24,EulerE,manzcaster,1211,1178,1k6/p7/1p1p1Bp1/2p5/5P2/1P6/r6P/6RK b - - 1 29,f1g1
24,EulerE,manzcaster,1211,1178,1k6/p7/1p1p1Bp1/2p5/5P2/1P6/5r1P/6RK w - - 2 30,a2f2
24,EulerE,manzcaster,1211,1178,1k6/p7/1p1p1BR1/2p5/5P2/1P6/5r1P/7K b - - 0 30,g1g6
24,EulerE,manzcaster,1211,1178,1k6/p7/1p1p1BR1/2p5/5r2/1P6/7P/7K w - - 0 31,f2f4
24,EulerE,manzcaster,1211,1178,1k6/p3B3/1p1p2R1/2p5/5r2/1P6/7P/7K b - - 1 31,f6e7
24,EulerE,manzcaster,1211,1178,1k6/p3B3/1p4R1/2pp4/5r2/1P6/7P/7K w - - 0 32,d6d5
24,EulerE,manzcaster,1211,1178,1k6/p7/1p1B2R1/2pp4/5r2/1P6/7P/7K b - - 1 32,e7d6
24,EulerE,manzcaster,1211,1178,8/pk6/1p1B2R1/2pp4/5r2/1P6/7P/7K w - - 2 33,b8b7
24,EulerE,manzcaster,1211,1178,8/pk6/1p4R1/2pp4/5B2/1P6/7P/7K b - - 0 33,d6f4
24,EulerE,manzcaster,1211,1178,8/pk6/1p4R1/2p5/3p1B2/1P6/7P/7K w - - 0 34,d5d4
24,EulerE,manzcaster,1211,1178,8/pk6/1p4R1/2p5/3p1B1P/1P6/8/7K b - - 0 34,h2h4
24,EulerE,manzcaster,1211,1178,8/pk6/1p4R1/2p5/5B1P/1P1p4/8/7K w - - 0 35,d4d3
24,EulerE,manzcaster,1211,1178,8/pk6/1p4R1/2p4P/5B2/1P1p4/8/7K b - - 0 35,h4h5
24,EulerE,manzcaster,1211,1178,8/pk6/1p4R1/7P/2p2B2/1P1p4/8/7K w - - 0 36,c5c4
24,EulerE,manzcaster,1211,1178,8/pk6/1p4R1/7P/2P2B2/3p4/8/7K b - - 0 36,b3c4
24,EulerE,manzcaster,1211,1178,8/1k6/1p4R1/p6P/2P2B2/3p4/8/7K w - - 0 37,a7a5
24,EulerE,manzcaster,1211,1178,8/1k6/1p4RP/p7/2P2B2/3p4/8/7K b - - 0 37,h5h6
24,EulerE,manzcaster,1211,1178,8/1k6/1p4RP/8/p1P2B2/3p4/8/7K w - - 0 38,a5a4
24,EulerE,manzcaster,1211,1178,8/1k5P/1p4R1/8/p1P2B2/3p4/8/7K b - - 0 38,h6h7
24,EulerE,manzcaster,1211,1178,8/1k5P/1p4R1/8/2P2B2/p2p4/8/7K w - - 0 39,a4a3
24,EulerE,manzcaster,1211,1178,7Q/1k6/1p4R1/8/2P2B2/p2p4/8/7K b - - 0 39,h7h8q
24,EulerE,manzcaster,1211,1178,7Q/1k6/1p4R1/8/2P2B2/3p4/p7/7K w - - 0 40,a3a2
24,EulerE,manzcaster,1211,1178,8/1k6/1p4R1/8/2P2B2/3p4/pQ6/7K b - - 1 40,h8b2
25,Shauqy14,EulerE,1215,1203,rnbqkbnr/pppppppp/8/8/4P3/8/PPPP1PPP/RNBQKBNR b KQkq - 0 1,e2e4
25,Shauqy14,EulerE,1215,1203,rnbqkbnr/pppp1ppp/8/4p3/4P3/8/PPPP1PPP/RNBQKBNR w KQkq - 0 2,e7e5
25,Shauqy14,EulerE,1215,1203,rnbqkbnr/pppp1ppp/8/4p3/3PP3/8/PPP2PPP/RNBQKBNR b KQkq - 0 2,d2d4
25,Shauqy14,EulerE,1215,1203,rnbqkbnr/pppp1ppp/8/8/3pP3/8/PPP2PPP/RNBQKBNR w KQkq - 0 3,e5d4
25,Shauqy14,EulerE,1215,1203,rnbqkbnr/pppp1ppp/8/8/3QP3/8/PPP2PPP/RNB1KBNR b KQkq - 0 3,d1d4
25,Shauqy14,EulerE,1215,1203,r1bqkbnr/pppp1ppp/2n5/8/3QP3/8/PPP2PPP/RNB1KBNR w KQkq - 1 4,b8c6
25,Shauqy14,EulerE,1215,1203,r1bqkbnr/pppp1ppp/2n5/8/4P3/8/PPP2PPP/RNBQKBNR b KQkq - 2 4,d4d1
25,Shauqy14,EulerE,1215,1203,r1bqkb1r/pppp1ppp/2n2n2/8/4P3/8/PPP2PPP/RNBQKBNR w KQkq - 3 5,g8f6
25,Shauqy14,EulerE,1215,1203,r1bqkb1r/pppp1ppp/2n2n2/6B1/4P3/8/PPP2PPP/RN1QKBNR b KQkq - 4 5,c1g5
25,Shauqy14,EulerE,1215,1203,r1bqkb1r/pppp1pp1/2n2n1p/6B1/4P3/8/PPP2PPP/RN1QKBNR w KQkq - 0 6,h7h6
25,Shauqy14,EulerE,1215,1203,r1bqkb1r/pppp1pp1/2n2B1p/8/4P3/8/PPP2PPP/RN1QKBNR b KQkq - 0 6,g5f6
25,Shauqy14,EulerE,1215,1203,r1b1kb1r/pppp1pp1/2n2q1p/8/4P3/8/PPP2PPP/RN1QKBNR w KQkq - 0 7,d8f6
25,Shauqy14,EulerE,1215,1203,r1b1kb1r/pppp1pp1/2n2q1p/8/4P3/2N5/PPP2PPP/R2QKBNR b KQkq - 1 7,b1c3
25,Shauqy14,EulerE,1215,1203,r1b1k2r/pppp1pp1/2n2q1p/8/1b2P3/2N5/PPP2PPP/R2QKBNR w KQkq - 2 8,f8b4
25,Shauqy14,EulerE,1215,1203,r1b1k2r/pppp1pp1/2n2q1p/8/1b2P3/2N5/PPP1NPPP/R2QKB1R b KQkq - 3 8,g1e2
25,Shauqy14,EulerE,1215,1203,r1b2rk1/pppp1pp1/2n2q1p/8/1b2P3/2N5/PPP1NPPP/R2QKB1R w KQ - 4 9,e8g8
25,Shauqy14,EulerE,1215,1203,r1b2rk1/pppp1pp1/2n2q1p/8/1b2P3/P1N5/1PP1NPPP/R2QKB1R b KQ - 0 9,a2a3
25,Shauqy14,EulerE,1215,1203,r1b2rk1/pppp1pp1/2n2q1p/b7/4P3/P1N5/1PP1NPPP/R2QKB1R w KQ - 1 10,b4a5
25,Shauqy14,EulerE,1215,1203,r1b2rk1/pppp1pp1/2n2q1p/b7/1P2P3/P1N5/2P1NPPP/R2QKB1R b KQ - 0 10,b2b4
25,Shauqy14,EulerE,1215,1203,r1b2rk1/pppp1pp1/1bn2q1p/8/1P2P3/P1N5/2P1NPPP/R2QKB1R w KQ - 1 11,a5b6
25,Shauqy14,EulerE,1215,1203,r1b2rk1/pppp1pp1/1bn2q1p/8/1P2P3/P1N2P2/2P1N1PP/R2QKB1R b KQ - 0 11,f2f3
25,Shauqy14,EulerE,1215,1203,r1b2rk1/pppp1pp1/1b3q1p/8/1P1nP3/P1N2P2/2P1N1PP/R2QKB1R w KQ - 1 12,c6d4
25,Shauqy14,EulerE,1215,1203,r1b2rk1/pppp1pp1/1b3q1p/3N4/1P1nP3/P4P2/2P1N1PP/R2QKB1R b KQ - 2 12,c3d5
25,Shauqy14,EulerE,1215,1203,r1b2rk1/pppp1pp1/1b3q1p/3N4/1P2P3/P4n2/2P1N1PP/R2QKB1R w KQ - 0 13,d4f3
25,Shauqy14,EulerE,1215,1203,r1b2rk1/pppp1pp1/1b3q1p/3N4/1P2P3/P4P2/2P1N2P/R2QKB1R b KQ - 0 13,g2f3
25,Shauqy14,EulerE,1215,1203,r1b2rk1/pppp1pp1/5q1p/3N4/1P2P3/P4P2/2P1Nb1P/R2QKB1R w KQ - 1 14,b6f2
26,EulerE,mrnmnv,1211,1187,rnbqkbnr/pppppppp/8/8/3P4/8/PPP1PPPP/RNBQKBNR b KQkq - 0 1,d2d4
26,EulerE,mrnmnv,1211,1187,rnbqkbnr/ppp1pppp/8/3p4/3P4/8/PPP1PPPP/RNBQKBNR w KQkq - 0 2,d7d5
26,EulerE,mrnmnv,1211,1187,rnbqkbnr/ppp1pppp/8/3p4/2PP4/8/PP2PPPP/RNBQKBNR b KQkq - 0 2,c2c4
26,EulerE,mrnmnv,1211,1187,rnbqkbnr/ppp1pppp/8/8/2pP4/8/PP2PPPP/RNBQKBNR w KQkq - 0 3,d5c4
26,EulerE,mrnmnv,1211,1187,rnbqkbnr/ppp1pppp/8/8/2pPP3/8/PP3PPP/RNBQKBNR b KQkq - 0 3,e2e4
26,EulerE,mrnmnv,1211,1187,rnbqkbnr/p1p1pppp/8/1p6/2pPP3/8/PP3PPP/RNBQKBNR w KQkq - 0 4,b7b5
26,EulerE,mrnmnv,1211,1187,rnbqkbnr/p1p1pppp/8/1p6/P1pPP3/8/1P3PPP/RNBQKBNR b KQkq - 0 4,a2a4
26,EulerE,mrnmnv,1211,1187,rnbqkbnr/p3pppp/2p5/1p6/P1pPP3/8/1P3PPP/RNBQKBNR w KQkq - 0 5,c7c6
26,EulerE,mrnmnv,1211,1187,rnbqkbnr/p3pppp/2p5/1P6/2pPP3/8/1P3PPP/RNBQKBNR b KQkq - 0 5,a4b5
26,EulerE,mrnmnv,1211,1187,rnbqkbnr/p3pppp/8/1p6/2pPP3/8/1P3PPP/RNBQKBNR w KQkq - 0 6,c6b5
26,EulerE,mrnmnv,1211,1187,rnbqkbnr/p3pppp/8/1p6/2pPP3/2N5/1P3PPP/R1BQKBNR b KQkq - 1 6,b1c3
26,EulerE,mrnmnv,1211,1187,rn1qkbnr/p2bpppp/8/1p6/2pPP3/2N5/1P3PPP/R1BQKBNR w KQkq - 2 7,c8d7
26,EulerE,mrnmnv,1211,1187,rn1qkbnr/p2bpppp/8/1p6/2pPP3/2N2N2/1P3PPP/R1BQKB1R b KQkq - 3 7,g1f3
26,EulerE,mrnmnv,1211,1187,rn1qkbnr/p2b1ppp/4p3/1p6/2pPP3/2N2N2/1P3PPP/R1BQKB1R w KQkq - 0 8,e7e6
26,EulerE,mrnmnv,1211,1187,rn1qkbnr/p2b1ppp/4p3/1p6/2pPPB2/2N2N2/1P3PPP/R2QKB1R b KQkq - 1 8,c1f4
26,EulerE,mrnmnv,1211,1187,rn1qk1nr/p2b1ppp/4p3/1p6/1bpPPB2/2N2N2/1P3PPP/R2QKB1R w KQkq - 2 9,f8b4
26,EulerE,mrnmnv,1211,1187,rn1qk1nr/p2b1ppp/4p3/1p6/1bpPPB2/2N2N2/1PQ2PPP/R3KB1R b KQkq - 3 9,d1c2
26,EulerE,mrnmnv,1211,1187,rn1qk1nr/p2b1ppp/4p3/1p6/2pPPB2/2b2N2/1PQ2PPP/R3KB1R w KQkq - 0 10,b4c3
26,EulerE,mrnmnv,1211,1187,rn1qk1nr/p2b1ppp/4p3/1p6/2pPPB2/2P2N2/2Q2PPP/R3KB1R b KQkq - 0 10,b2c3
26,EulerE,mrnmnv,1211,1187,rn1qk2r/p2b1ppp/4pn2/1p6/2pPPB2/2P2N2/2Q2PPP/R3KB1R w KQkq - 1 11,g8f6
26,EulerE,mrnmnv,1211,1187,rn1qk2r/p2b1ppp/4pn2/1p6/2pPPB2/2P2N2/2Q1BPPP/R3K2R b KQkq - 2 11,f1e2
26,EulerE,mrnmnv,1211,1187,rn1q1rk1/p2b1ppp/4pn2/1p6/2pPPB2/2P2N2/2Q1BPPP/R3K2R w KQ - 3 12,e8g8
26,EulerE,mrnmnv,1211,1187,rn1q1rk1/p2b1ppp/4pn2/1p6/2pPPB2/2P2N2/2Q1BPPP/R4RK1 b - - 4 12,e1g1
26,EulerE,mrnmnv,1211,1187,rn1q1rk1/3b1ppp/p3pn2/1p6/2pPPB2/2P2N2/2Q1BPPP/R4RK1 w - - 0 13,a7a6
26,EulerE,mrnmnv,1211,1187,rn1q1rk1/3b1ppp/p3pn2/1p6/2pPPB2/2P2N2/2Q1BPPP/R3R1K1 b - - 1 13,f1e1
26,EulerE,mrnmnv,1211,1187,rn1q1rk1/3b1ppp/p3p3/1p5n/2pPPB2/2P2N2/2Q1BPPP/R3R1K1 w - - 2 14,f6h5
26,EulerE,mrnmnv,1211,1187,rn1q1rk1/3b1ppp/p3p3/1p5n/2pPP3/2P2N2/2QBBPPP/R3R1K1 b - - 3 14,f4d2
26,EulerE,mrnmnv,1211,1187,rn3rk1/3b1ppp/p3pq2/1p5n/2pPP3/2P2N2/2QBBPPP/R3R1K1 w - - 4 15,d8f6
26,EulerE,mrnmnv,1211,1187,rn3rk1/3b1ppp/p3pq2/1p2N2n/2pPP3/2P5/2QBBPPP/R3R1K1 b - - 5 15,f3e5
26,EulerE,mrnmnv,1211,1187,rn3rk1/3b1ppp/4pq2/pp2N2n/2pPP3/2P5/2QBBPPP/R3R1K1 w - - 0 16,a6a5
26,EulerE,mrnmnv,1211,1187,rn3rk1/3N1ppp/4pq2/pp5n/2pPP3/2P5/2QBBPPP/R3R1K1 b - - 0 16,e5d7
26,EulerE,mrnmnv,1211,1187,r4rk1/3n1ppp/4pq2/pp5n/2pPP3/2P5/2QBBPPP/R3R1K1 w - - 0 17,b8d7
26,EulerE,mrnmnv,1211,1187,r4rk1/3n1ppp/4pq2/pp5B/2pPP3/2P5/2QB1PPP/R3R1K1 b - - 0 17,e2h5
26,EulerE,mrnmnv,1211,1187,r4rk1/3n1p1p/4pqp1/pp5B/2pPP3/2P5/2QB1PPP/R3R1K1 w - - 0 18,g7g6
26,EulerE,mrnmnv,1211,1187,r4rk1/3n1p1p/4pqp1/pp6/2pPP3/2P2B2/2QB1PPP/R3R1K1 b - - 1 18,h5f3
26,EulerE,mrnmnv,1211,1187,r4rk1/3n1p1p/4pqp1/1p6/p1pPP3/2P2B2/2QB1PPP/R3R1K1 w - - 0 19,a5a4
26,EulerE,mrnmnv,1211,1187,r4rk1/3n1p1p/4pqp1/1p6/p1pPP3/2P2B2/1Q1B1PPP/R3R1K1 b - - 1 19,c2b2
26,EulerE,mrnmnv,1211,1187,1r3rk1/3n1p1p/4pqp1/1p6/p1pPP3/2P2B2/1Q1B1PPP/R3R1K1 w - - 2 20,a8b8
26,EulerE,mrnmnv,1211,1187,1r3rk1/3n1p1p/4pqp1/1p6/p1pPP3/2P2B2/1Q3PPP/R1B1R1K1 b - - 3 20,d2c1
26,EulerE,mrnmnv,1211,1187,1r3rk1/3n1p1p/5qp1/1p2p3/p1pPP3/2P2B2/1Q3PPP/R1B1R1K1 w - - 0 21,e6e5
26,EulerE,mrnmnv,1211,1187,1r3rk1/3n1p1p/5qp1/1p2p3/p1pPP3/2P2B2/3Q1PPP/R1B1R1K1 b - - 1 21,b2d2
26,EulerE,mrnmnv,1211,1187,1r3rk1/3n1p1p/6p1/1p2p3/p1pPP2q/2P2B2/3Q1PPP/R1B1R1K1 w - - 2 22,f6h4
26,EulerE,mrnmnv,1211,1187,1r3rk1/3n1p1p/6p1/1p2p3/p1pPP2q/B1P2B2/3Q1PPP/R3R1K1 b - - 3 22,c1a3
26,EulerE,mrnmnv,1211,1187,1r2r1k1/3n1p1p/6p1/1p2p3/p1pPP2q/B1P2B2/3Q1PPP/R3R1K1 w - - 4 23,f8e8
26,EulerE,mrnmnv,1211,1187,1r2r1k1/3n1p1p/6p1/1p1Pp3/p1p1P2q/B1P2B2/3Q1PPP/R3R1K1 b - - 0 23,d4d5
26,EulerE,mrnmnv,1211,1187,1r2r1k1/3n1p2/6p1/1p1Pp2p/p1p1P2q/B1P2B2/3Q1PPP/R3R1K1 w - - 0 24,h7h5
26,EulerE,mrnmnv,1211,1187,1r2r1k1/3n1p2/6p1/1p1Pp2p/p1p1P2q/B1P2BP1/3Q1P1P/R3R1K1 b - - 0 24,g2g3
26,EulerE,mrnmnv,1211,1187,1r2r1k1/3n1p2/5qp1/1p1Pp2p/p1p1P3/B1P2BP1/3Q1P1P/R3R1K1 w - - 1 25,h4f6
26,EulerE,mrnmnv,1211,1187,1r2r1k1/3n1p2/5qp1/1p1Pp2p/p1p1P3/B1P3P1/3Q1PBP/R3R1K1 b - - 2 25,f3g2
26,EulerE,mrnmnv,1211,1187,1r2r1k1/3n1p2/5q2/1p1Pp1pp/p1p1P3/B1P3P1/3Q1PBP/R3R1K1 w - - 0 26,g6g5
26,EulerE,mrnmnv,1211,1187,1r2r1k1/3n1p2/5q2/1p1Pp1pp/p1p1P3/B1P1R1P1/3Q1PBP/R5K1 b - - 1 26,e1e3
26,EulerE,mrnmnv,1211,1187,1r2r1k1/3n1p2/5q2/1p1Pp1p1/p1p1P2p/B1P1R1P1/3Q1PBP/R5K1 w - - 0 27,h5h4
26,EulerE,mrnmnv,1211,1187,1r2r1k1/3n1p2/5q2/1p1Pp1p1/p1p1P2p/B1P2RP1/3Q1PBP/R5K1 b - - 1 27,e3f3
26,EulerE,mrnmnv,1211,1187,1r2r1k1/3n1p2/7q/1p1Pp1p1/p1p1P2p/B1P2RP1/3Q1PBP/R5K1 w - - 2 28,f6h6
26,EulerE,mrnmnv,1211,1187,1r2r1k1/3n1p2/7q/1p1Pp1p1/p1p1P2p/2P2RP1/3Q1PBP/R1B3K1 b - - 3 28,a3c1
26,EulerE,mrnmnv,1211,1187,1r2r1k1/3n1p2/7q/1p1Pp1p1/p1p1P3/2P2Rp1/3Q1PBP/R1B3K1 w - - 0 29,h4g3
26,EulerE,mrnmnv,1211,1187,1r2r1k1/3n1p2/7q/1p1Pp1Q1/p1p1P3/2P2Rp1/5PBP/R1B3K1 b - - 0 29,d2g5
26,EulerE,mrnmnv,1211,1187,1r2r1k1/3n1p2/8/1p1Pp1q1/p1p1P3/2P2Rp1/5PBP/R1B3K1 w - - 0 30,h6g5
26,EulerE,mrnmnv,1211,1187,1r2r1k1/3n1p2/8/1p1Pp1B1/p1p1P3/2P2Rp1/5PBP/R5K1 b - - 0 30,c1g5
26,EulerE,mrnmnv,1211,1187,1r2r1k1/3n1p2/8/1p1Pp1B1/p1p1P3/2P2R2/5PBp/R5K1 w - - 0 31,g3h2
26,EulerE,mrnmnv,1211,1187,1r2r1k1/3n1p2/8/1p1Pp1B1/p1p1P3/2P2R2/5PBp/R6K b - - 1 31,g1h1
26,EulerE,mrnmnv,1211,1187,1r4k1/3n1p2/4r3/1p1Pp1B1/p1p1P3/2P2R2/5PBp/R6K w - - 2 32,e8e6
26,EulerE,mrnmnv,1211,1187,1r4k1/3n1p2/4r3/1p1Pp1B1/p1p1P3/2P2R2/5PBp/1R5K b - - 3 32,a1b1
26,EulerE,mrnmnv,1211,1187,1r4k1/3n1p2/6r1/1p1Pp1B1/p1p1P3/2P2R2/5PBp/1R5K w - - 4 33,e6g6
26,EulerE,mrnmnv,1211,1187,1r4k1/3n1p2/6r1/1p1Pp1B1/p1p1P3/2P3R1/5PBp/1R5K b - - 5 33,f3g3
26,EulerE,mrnmnv,1211,1187,1r4k1/3n4/5pr1/1p1Pp1B1/p1p1P3/2P3R1/5PBp/1R5K w - - 0 34,f7f6
26,EulerE,mrnmnv,1211,1187,1r4k1/3n4/5pr1/1p1Pp3/p1p1P3/2P1B1R1/5PBp/1R5K b - - 1 34,g5e3
26,EulerE,mrnmnv,1211,1187,1r4k1/3n4/5p2/1p1Pp3/p1p1P3/2P1B1r1/5PBp/1R5K w - - 0 35,g6g3
26,EulerE,mrnmnv,1211,1187,1r4k1/3n4/5p2/1p1Pp3/p1p1P3/2P1B1P1/6Bp/1R5K b - - 0 35,f2g3
26,EulerE,mrnmnv,1211,1187,1r6/3n1k2/5p2/1p1Pp3/p1p1P3/2P1B1P1/6Bp/1R5K w - - 1 36,g8f7
26,EulerE,mrnmnv,1211,1187,1r6/3n1k2/5p2/1p1Pp3/p1p1P3/2P1B1P1/6BK/1R6 b - - 0 36,h1h2
26,EulerE,mrnmnv,1211,1187,7r/3n1k2/5p2/1p1Pp3/p1p1P3/2P1B1P1/6BK/1R6 w - - 1 37,b8h8
26,EulerE,mrnmnv,1211,1187,7r/3n1k2/5p2/1p1Pp3/p1p1P3/2P1B1PB/7K/1R6 b - - 2 37,g2h3
26,EulerE,mrnmnv,1211,1187,1r6/3n1k2/5p2/1p1Pp3/p1p1P3/2P1B1PB/7K/1R6 w - - 3 38,h8b8
26,EulerE,mrnmnv,1211,1187,1r6/3n1k2/4Bp2/1p1Pp3/p1p1P3/2P1B1P1/7K/1R6 b - - 4 38,h3e6
26,EulerE,mrnmnv,1211,1187,1r6/3nk3/4Bp2/1p1Pp3/p1p1P3/2P1B1P1/7K/1R6 w - - 5 39,f7e7
26,EulerE,mrnmnv,1211,1187,1r6/3nk3/4Bp2/1p1Pp3/p1p1P1P1/2P1B3/7K/1R6 b - - 0 39,g3g4
26,EulerE,mrnmnv,1211,1187,1r3n2/4k3/4Bp2/1p1Pp3/p1p1P1P1/2P1B3/7K/1R6 w - - 1 40,d7f8
26,EulerE,mrnmnv,1211,1187,1r3n2/4k3/4Bp2/1pBPp3/p1p1P1P1/2P5/7K/1R6 b - - 2 40,e3c5
26,EulerE,mrnmnv,1211,1187,1r2kn2/8/4Bp2/1pBPp3/p1p1P1P1/2P5/7K/1R6 w - - 3 41,e7e8
26,EulerE,mrnmnv,1211,1187,1r2kB2/8/4Bp2/1p1Pp3/p1p1P1P1/2P5/7K/1R6 b - - 0 41,c5f8
26,EulerE,mrnmnv,1211,1187,1r3k2/8/4Bp2/1p1Pp3/p1p1P1P1/2P5/7K/1R6 w - - 0 42,e8f8
26,EulerE,mrnmnv,1211,1187,1r3k2/3B4/5p2/1p1Pp3/p1p1P1P1/2P5/7K/1R6 b - - 1 42,e6d7
26,EulerE,mrnmnv,1211,1187,1r6/3Bk3/5p2/1p1Pp3/p1p1P1P1/2P5/7K/1R6 w - - 2 43,f8e7
26,EulerE,mrnmnv,1211,1187,1r6/4k3/5p2/1B1Pp3/p1p1P1P1/2P5/7K/1R6 b - - 0 43,d7b5
26,EulerE,mrnmnv,1211,1187,1r6/8/3k1p2/1B1Pp3/p1p1P1P1/2P5/7K/1R6 w - - 1 44,e7d6
26,EulerE,mrnmnv,1211,1187,1r6/8/3k1p2/1B1Pp3/pRp1P1P1/2P5/7K/8 b - - 2 44,b1b4
26,EulerE,mrnmnv,1211,1187,1r6/8/3k1p2/1B1Pp3/1Rp1P1P1/p1P5/7K/8 w - - 0 45,a4a3
26,EulerE,mrnmnv,1211,1187,1r6/8/3k1p2/3Pp3/1RB1P1P1/p1P5/7K/8 b - - 0 45,b5c4
26,EulerE,mrnmnv,1211,1187,r7/8/3k1p2/3Pp3/1RB1P1P1/p1P5/7K/8 w - - 1 46,b8a8
26,EulerE,mrnmnv,1211,1187,r7/8/3k1p2/3Pp3/2B1P1P1/p1P5/7K/1R6 b - - 2 46,b4b1
26,EulerE,mrnmnv,1211,1187,r7/8/3k1p2/3Pp3/2B1P1P1/2P5/p6K/1R6 w - - 0 47,a3a2
26,EulerE,mrnmnv,1211,1187,r7/8/3k1p2/3Pp3/2B1P1P1/2P5/p6K/R7 b - - 1 47,b1a1
26,EulerE,mrnmnv,1211,1187,8/8/3k1p2/3Pp3/r1B1P1P1/2P5/p6K/R7 w - - 2 48,a8a4
26,EulerE,mrnmnv,1211,1187,8/8/3k1p2/3Pp3/r3P1P1/2PB4/p6K/R7 b - - 3 48,c4d3
26,EulerE,mrnmnv,1211,1187,8/8/3k1p2/3Pp3/4P1P1/r1PB4/p6K/R7 w - - 4 49,a4a3
26,EulerE,mrnmnv,1211,1187,8/8/3k1p2/3Pp3/2B1P1P1/r1P5/p6K/R7 b - - 5 49,d3c4
26,EulerE,mrnmnv,1211,1187,8/8/5p2/2kPp3/2B1P1P1/r1P5/p6K/R7 w - - 6 50,d6c5
26,EulerE,mrnmnv,1211,1187,8/8/5p2/2kPp3/2B1P1P1/r1P5/R6K/8 b - - 0 50,a1a2
26,EulerE,mrnmnv,1211,1187,8/8/5p2/2kPp3/2B1P1P1/2r5/R6K/8 w - - 0 51,a3c3
26,EulerE,mrnmnv,1211,1187,8/8/B4p2/2kPp3/4P1P1/2r5/R6K/8 b - - 1 51,c4a6
26,EulerE,mrnmnv,1211,1187,8/8/B4p2/2kPp3/4P1P1/4r3/R6K/8 w - - 2 52,c3e3
26,EulerE,mrnmnv,1211,1187,2B5/8/5p2/2kPp3/4P1P1/4r3/R6K/8 b - - 3 52,a6c8
26,EulerE,mrnmnv,1211,1187,2B5/8/5p2/2kPp3/4r1P1/8/R6K/8 w - - 0 53,e3e4
26,EulerE,mrnmnv,1211,1187,8/8/5p2/2kPpB2/4r1P1/8/R6K/8 b - - 1 53,c8f5
26,EulerE,mrnmnv,1211,1187,8/8/5p2/2kPpB2/3r2P1/8/R6K/8 w - - 2 54,e4d4
26,EulerE,mrnmnv,1211,1187,8/8/5p2/R1kPpB2/3r2P1/8/7K/8 b - - 3 54,a2a5
26,EulerE,mrnmnv,1211,1187,8/8/3k1p2/R2PpB2/3r2P1/8/7K/8 w - - 4 55,c5d6
26,EulerE,mrnmnv,1211,1187,8/8/R2k1p2/3PpB2/3r2P1/8/7K/8 b - - 5 55,a5a6
26,EulerE,mrnmnv,1211,1187,8/8/R4p2/2kPpB2/3r2P1/8/7K/8 w - - 6 56,d6c5
26,EulerE,mrnmnv,1211,1187,8/8/5R2/2kPpB2/3r2P1/8/7K/8 b - - 0 56,a6f6
26,EulerE,mrnmnv,1211,1187,8/8/5R2/2krpB2/6P1/8/7K/8 w - - 0 57,d4d5
26,EulerE,mrnmnv,1211,1187,8/8/4R3/2krpB2/6P1/8/7K/8 b - - 1 57,f6e6
26,EulerE,mrnmnv,1211,1187,8/8/4R3/3rpB2/3k2P1/8/7K/8 w - - 2 58,c5d4
26,EulerE,mrnmnv,1211,1187,8/8/4R3/3rpB2/3k2P1/6K1/8/8 b - - 3 58,h2g3
26,EulerE,mrnmnv,1211,1187,3r4/8/4R3/4pB2/3k2P1/6K1/8/8 w - - 4 59,d5d8
26,EulerE,mrnmnv,1211,1187,3r4/8/4R3/4pBP1/3k4/6K1/8/8 b - - 0 59,g4g5
26,EulerE,mrnmnv,1211,1187,5r2/8/4R3/4pBP1/3k4/6K1/8/8 w - - 1 60,d8f8
26,EulerE,mrnmnv,1211,1187,5r2/8/4R3/4pBP1/3k2K1/8/8/8 b - - 2 60,g3g4
26,EulerE,mrnmnv,1211,1187,7r/8/4R3/4pBP1/3k2K1/8/8/8 w - - 3 61,f8h8
26,EulerE,mrnmnv,1211,1187,7r/8/4R1P1/4pB2/3k2K1/8/8/8 b - - 0 61,g5g6
26,EulerE,mrnmnv,1211,1187,6r1/8/4R1P1/4pB2/3k2K1/8/8/8 w - - 1 62,h8g8
26,EulerE,mrnmnv,1211,1187,6r1/8/4R1P1/4pBK1/3k4/8/8/8 b - - 2 62,g4g5
26,EulerE,mrnmnv,1211,1187,5r2/8/4R1P1/4pBK1/3k4/8/8/8 w - - 3 63,g8f8
26,EulerE,mrnmnv,1211,1187,5r2/6P1/4R3/4pBK1/3k4/8/8/8 b - - 0 63,g6g7
26,EulerE,mrnmnv,1211,1187,8/5rP1/4R3/4pBK1/3k4/8/8/8 w - - 1 64,f8f7
26,EulerE,mrnmnv,1211,1187,6Q1/5r2/4R3/4pBK1/3k4/8/8/8 b - - 0 64,g7g8q
26,EulerE,mrnmnv,1211,1187,6Q1/5r2/4R3/5BK1/3kp3/8/8/8 w - - 0 65,e5e4
26,EulerE,mrnmnv,1211,1187,8/5Q2/4R3/5BK1/3kp3/8/8/8 b - - 0 65,g8f7
26,EulerE,mrnmnv,1211,1187,8/5Q2/4R3/5BK1/3k4/4p3/8/8 w - - 0 66,e4e3
26,EulerE,mrnmnv,1211,1187,8/5Q2/8/5BK1/3k4/4R3/8/8 b - - 0 66,e6e3
26,EulerE,mrnmnv,1211,1187,8/5Q2/8/5BK1/8/4k3/8/8 w - - 0 67,d4e3
26,EulerE,mrnmnv,1211,1187,8/5Q2/8/6K1/6B1/4k3/8/8 b - - 1 67,f5g4
26,EulerE,mrnmnv,1211,1187,8/5Q2/8/6K1/6B1/8/3k4/8 w - - 2 68,e3d2
26,EulerE,mrnmnv,1211,1187,8/8/8/6K1/5QB1/8/3k4/8 b - - 3 68,f7f4
26,EulerE,mrnmnv,1211,1187,8/8/8/6K1/5QB1/8/8/4k3 w - - 4 69,d2e1
26,EulerE,mrnmnv,1211,1187,8/8/8/6K1/6B1/5Q2/8/4k3 b - - 5 69,f4f3
26,EulerE,mrnmnv,1211,1187,8/8/8/6K1/6B1/5Q2/3k4/8 w - - 6 70,e1d2
26,EulerE,mrnmnv,1211,1187,8/8/8/6K1/4Q1B1/8/3k4/8 b - - 7 70,f3e4
26,EulerE,mrnmnv,1211,1187,8/8/8/6K1/4Q1B1/2k5/8/8 w - - 8 71,d2c3
26,EulerE,mrnmnv,1211,1187,8/8/8/6K1/4Q3/2k2B2/8/8 b - - 9 71,g4f3
26,EulerE,mrnmnv,1211,1187,8/8/8/6K1/4Q3/5B2/3k4/8 w - - 10 72,c3d2
26,EulerE,mrnmnv,1211,1187,8/8/8/6K1/8/5B2/3kQ3/8 b - - 11 72,e4e2
26,EulerE,mrnmnv,1211,1187,8/8/8/6K1/8/2k2B2/4Q3/8 w - - 12 73,d2c3
26,EulerE,mrnmnv,1211,1187,8/8/8/6K1/4Q3/2k2B2/8/8 b - - 13 73,e2e4
26,EulerE,mrnmnv,1211,1187,8/8/8/6K1/4Q3/1k3B2/8/8 w - - 14 74,c3b3
26,EulerE,mrnmnv,1211,1187,8/8/8/6K1/3Q4/1k3B2/8/8 b - - 15 74,e4d4
26,EulerE,mrnmnv,1211,1187,8/8/8/6K1/3Q4/k4B2/8/8 w - - 16 75,b3a3
26,EulerE,mrnmnv,1211,1187,8/8/8/6K1/2Q5/k4B2/8/8 b - - 17 75,d4c4
26,EulerE,mrnmnv,1211,1187,8/8/8/6K1/2Q5/5B2/1k6/8 w - - 18 76,a3b2
26,EulerE,mrnmnv,1211,1187,8/8/8/6K1/8/3Q1B2/1k6/8 b - - 19 76,c4d3
26,EulerE,mrnmnv,1211,1187,8/8/8/6K1/8/3Q1B2/8/2k5 w - - 20 77,b2c1
26,EulerE,mrnmnv,1211,1187,8/8/8/6K1/8/5B2/8/2kQ4 b - - 21 77,d3d1
26,EulerE,mrnmnv,1211,1187,8/8/8/6K1/8/5B2/1k6/3Q4 w - - 22 78,c1b2
26,EulerE,mrnmnv,1211,1187,8/8/8/6K1/8/3Q1B2/1k6/8 b - - 23 78,d1d3
26,EulerE,mrnmnv,1211,1187,8/8/8/6K1/8/3Q1B2/8/k7 w - - 24 79,b2a1
26,EulerE,mrnmnv,1211,1187,8/8/8/6K1/8/5B2/3Q4/k7 b - - 25 79,d3d2
26,EulerE,mrnmnv,1211,1187,8/8/8/6K1/8/5B2/3Q4/1k6 w - - 26 80,a1b1
26,EulerE,mrnmnv,1211,1187,8/8/8/8/5K2/5B2/3Q4/1k6 b - - 27 80,g5f4
26,EulerE,mrnmnv,1211,1187,8/8/8/8/5K2/5B2/3Q4/k7 w - - 28 81,b1a1
26,EulerE,mrnmnv,1211,1187,8/8/8/8/4K3/5B2/3Q4/k7 b - - 29 81,f4e4
26,EulerE,mrnmnv,1211,1187,8/8/8/8/4K3/5B2/3Q4/1k6 w - - 30 82,a1b1
26,EulerE,mrnmnv,1211,1187,8/8/8/8/8/3K1B2/3Q4/1k6 b - - 31 82,e4d3
26,EulerE,mrnmnv,1211,1187,8/8/8/8/8/3K1B2/3Q4/k7 w - - 32 83,b1a1
26,EulerE,mrnmnv,1211,1187,8/8/8/8/8/2K2B2/3Q4/k7 b - - 33 83,d3c3
26,EulerE,mrnmnv,1211,1187,8/8/8/8/8/2K2B2/3Q4/1k6 w - - 34 84,a1b1
26,EulerE,mrnmnv,1211,1187,8/8/8/8/8/2K2B2/1Q6/1k6 b - - 35 84,d2b2
27,tyango,EulerE,1268,1203,rnbqkbnr/pppppppp/8/8/4P3/8/PPPP1PPP/RNBQKBNR b KQkq - 0 1,e2e4
27,tyango,EulerE,1268,1203,rnbqkbnr/pppp1ppp/8/4p3/4P3/8/PPPP1PPP/RNBQKBNR w KQkq - 0 2,e7e5
27,tyango,EulerE,1268,1203,rnbqkbnr/pppp1ppp/8/4p3/4PP2/8/PPPP2PP/RNBQKBNR b KQkq - 0 2,f2f4
27,tyango,EulerE,1268,1203,rnbqkbnr/pppp1ppp/8/8/4Pp2/8/PPPP2PP/RNBQKBNR w KQkq - 0 3,e5f4
27,tyango,EulerE,1268,1203,rnbqkbnr/pppp1ppp/8/8/4Pp2/5N2/PPPP2PP/RNBQKB1R b KQkq - 1 3,g1f3
27,tyango,EulerE,1268,1203,r1bqkbnr/pppp1ppp/2n5/8/4Pp2/5N2/PPPP2PP/RNBQKB1R w KQkq - 2 4,b8c6
27,tyango,EulerE,1268,1203,r1bqkbnr/pppp1ppp/2n5/8/3PPp2/5N2/PPP3PP/RNBQKB1R b KQkq - 0 4,d2d4
27,tyango,EulerE,1268,1203,r1bqkb1r/pppp1ppp/2n2n2/8/3PPp2/5N2/PPP3PP/RNBQKB1R w KQkq - 1 5,g8f6
27,tyango,EulerE,1268,1203,r1bqkb1r/pppp1ppp/2n2n2/8/3PPp2/2N2N2/PPP3PP/R1BQKB1R b KQkq - 2 5,b1c3
27,tyango,EulerE,1268,1203,r1bqkb1r/ppp2ppp/2n2n2/3p4/3PPp2/2N2N2/PPP3PP/R1BQKB1R w KQkq - 0 6,d7d5
27,tyango,EulerE,1268,1203,r1bqkb1r/ppp2ppp/2n2n2/3pP3/3P1p2/2N2N2/PPP3PP/R1BQKB1R b KQkq - 0 6,e4e5
27,tyango,EulerE,1268,1203,r1bqkb1r/ppp2ppp/2n5/3pP3/3Pnp2/2N2N2/PPP3PP/R1BQKB1R w KQkq - 1 7,f6e4
27,tyango,EulerE,1268,1203,r1bqkb1r/ppp2ppp/2n5/3pP3/3Pnp2/2NQ1N2/PPP3PP/R1B1KB1R b KQkq - 2 7,d1d3
27,tyango,EulerE,1268,1203,r1bqk2r/ppp2ppp/2n5/3pP3/1b1Pnp2/2NQ1N2/PPP3PP/R1B1KB1R w KQkq - 3 8,f8b4
27,tyango,EulerE,1268,1203,r1bqk2r/ppp2ppp/2n5/3pP3/1b1Pnp2/2NQ1N2/PPPB2PP/R3KB1R b KQkq - 4 8,c1d2
27,tyango,EulerE,1268,1203,r1bqk2r/ppp2ppp/2n5/3pP3/1b1P1p2/2NQ1N2/PPPn2PP/R3KB1R w KQkq - 0 9,e4d2
27,tyango,EulerE,1268,1203,r1bqk2r/ppp2ppp/2n5/3pP3/1b1P1p2/2N2N2/PPPQ2PP/R3KB1R b KQkq - 0 9,d3d2
27,tyango,EulerE,1268,1203,r2qk2r/ppp2ppp/2n5/3pP3/1b1P1pb1/2N2N2/PPPQ2PP/R3KB1R w KQkq - 1 10,c8g4
27,tyango,EulerE,1268,1203,r2qk2r/ppp2ppp/2n5/3pP3/1b1P1pb1/2N2N2/PPPQ2PP/2KR1B1R b kq - 2 10,e1c1
27,tyango,EulerE,1268,1203,r2q1rk1/ppp2ppp/2n5/3pP3/1b1P1pb1/2N2N2/PPPQ2PP/2KR1B1R w - - 3 11,e8g8
27,tyango,EulerE,1268,1203,r2q1rk1/ppp2ppp/2n5/3pP3/1b1P1Qb1/2N2N2/PPP3PP/2KR1B1R b - - 0 11,d2f4
27,tyango,EulerE,1268,1203,r2q1rk1/ppp2ppp/2n5/3pP3/1b1P1Q2/2N2b2/PPP3PP/2KR1B1R w - - 0 12,g4f3
27,tyango,EulerE,1268,1203,r2q1rk1/ppp2ppp/2n5/3pP3/1b1P1Q2/2N2P2/PPP4P/2KR1B1R b - - 0 12,g2f3
27,tyango,EulerE,1268,1203,r2q1rk1/ppp2ppp/2n5/3pP3/3P1Q2/2b2P2/PPP4P/2KR1B1R w - - 0 13,b4c3
27,tyango,EulerE,1268,1203,r2q1rk1/ppp2ppp/2n5/3pP3/3P1Q2/2P2P2/P1P4P/2KR1B1R b - - 0 13,b2c3
27,tyango,EulerE,1268,1203,r4rk1/ppp1qppp/2n5/3pP3/3P1Q2/2P2P2/P1P4P/2KR1B1R w - - 1 14,d8e7
27,tyango,EulerE,1268,1203,r4rk1/ppp1qppp/2n5/3pP3/3P1Q2/2PB1P2/P1P4P/2KR3R b - - 2 14,f1d3
27,tyango,EulerE,1268,1203,r4rk1/ppp2ppp/2n5/3pP3/3P1Q2/q1PB1P2/P1P4P/2KR3R w - - 3 15,e7a3
27,tyango,EulerE,1268,1203,r4rk1/ppp2ppp/2n5/3pP3/3P1Q2/q1PB1P2/P1PK3P/3R3R b - - 4 15,c1d2
27,tyango,EulerE,1268,1203,r4rk1/ppp3pp/2n5/3pPp2/3P1Q2/q1PB1P2/P1PK3P/3R3R w - f6 0 16,f7f5
27,tyango,EulerE,1268,1203,r4rk1/ppp3pp/2n5/3pPp2/3P1Q2/q1PB1P2/P1PK3P/3R2R1 b - - 1 16,h1g1
27,tyango,EulerE,1268,1203,r4r1k/ppp3pp/2n5/3pPp2/3P1Q2/q1PB1P2/P1PK3P/3R2R1 w - - 2 17,g8h8
27,tyango,EulerE,1268,1203,r4r1k/ppp3pp/2n5/3pPpR1/3P1Q2/q1PB1P2/P1PK3P/3R4 b - - 3 17,g1g5
27,tyango,EulerE,1268,1203,r4r1k/ppp1q1pp/2n5/3pPpR1/3P1Q2/2PB1P2/P1PK3P/3R4 w - - 4 18,a3e7
27,tyango,EulerE,1268,1203,r4r1k/ppp1q1pp/2n5/3pPpR1/3P1Q2/2PB1P2/P1PK3P/6R1 b - - 5 18,d1g1
27,tyango,EulerE,1268,1203,r4r1k/ppp1q1pp/8/3pPpR1/1n1P1Q2/2PB1P2/P1PK3P/6R1 w - - 6 19,c6b4
27,tyango,EulerE,1268,1203,r4r1k/ppp1q1Rp/8/3pPp2/1n1P1Q2/2PB1P2/P1PK3P/6R1 b - - 0 19,g5g7
27,tyango,EulerE,1268,1203,r4r1k/ppp3qp/8/3pPp2/1n1P1Q2/2PB1P2/P1PK3P/6R1 w - - 0 20,e7g7
27,tyango,EulerE,1268,1203,r4r1k/ppp3Rp/8/3pPp2/1n1P1Q2/2PB1P2/P1PK3P/8 b - - 0 20,g1g7
27,tyango,EulerE,1268,1203,r4r2/ppp3kp/8/3pPp2/1n1P1Q2/2PB1P2/P1PK3P/8 w - - 0 21,h8g7
27,tyango,EulerE,1268,1203,r4r2/ppp3kp/8/3pPpQ1/1n1P4/2PB1P2/P1PK3P/8 b - - 1 21,f4g5
27,tyango,EulerE,1268,1203,r4r1k/ppp4p/8/3pPpQ1/1n1P4/2PB1P2/P1PK3P/8 w - - 2 22,g7h8
27,tyango,EulerE,1268,1203,r4r1k/ppp4p/8/3pPBQ1/1n1P4/2P2P2/P1PK3P/8 b - - 0 22,d3f5
27,tyango,EulerE,1268,1203,r4r1k/ppp4p/2n5/3pPBQ1/3P4/2P2P2/P1PK3P/8 w - - 1 23,b4c6
27,tyango,EulerE,1268,1203,r4r1k/ppp4p/2n5/3pPBQ1/3P1P2/2P5/P1PK3P/8 b - - 0 23,f3f4
27,tyango,EulerE,1268,1203,r4r1k/1pp4p/2n5/p2pPBQ1/3P1P2/2P5/P1PK3P/8 w - - 0 24,a7a5
27,tyango,EulerE,1268,1203,r4r1k/1pp4p/2n4Q/p2pPB2/3P1P2/2P5/P1PK3P/8 b - - 1 24,g5h6
27,tyango,EulerE,1268,1203,r4r1k/1pp4p/2n4Q/3pPB2/p2P1P2/2P5/P1PK3P/8 w - - 0 25,a5a4
27,tyango,EulerE,1268,1203,r4r1k/1pp4Q/2n5/3pPB2/p2P1P2/2P5/P1PK3P/8 b - - 0 25,h6h7
28,EulerE,peterson51,1211,1199,rnbqkbnr/pppppppp/8/8/3P4/8/PPP1PPPP/RNBQKBNR b KQkq - 0 1,d2d4
28,EulerE,peterson51,1211,1199,rnbqkbnr/ppp1pppp/8/3p4/3P4/8/PPP1PPPP/RNBQKBNR w KQkq - 0 2,d7d5
28,EulerE,peterson51,1211,1199,rnbqkbnr/ppp1pppp/8/3p4/2PP4/8/PP2PPPP/RNBQKBNR b KQkq - 0 2,c2c4
28,EulerE,peterson51,1211,1199,rnbqkbnr/ppp1pppp/8/8/2pP4/8/PP2PPPP/RNBQKBNR w KQkq - 0 3,d5c4
28,EulerE,peterson51,1211,1199,rnbqkbnr/ppp1pppp/8/8/2pPP3/8/PP3PPP/RNBQKBNR b KQkq - 0 3,e2e4
28,EulerE,peterson51,1211,1199,rnbqkbnr/p1p1pppp/8/1p6/2pPP3/8/PP3PPP/RNBQKBNR w KQkq - 0 4,b7b5
28,EulerE,peterson51,1211,1199,rnbqkbnr/p1p1pppp/8/1p6/P1pPP3/8/1P3PPP/RNBQKBNR b KQkq - 0 4,a2a4
28,EulerE,peterson51,1211,1199,rn1qkbnr/p1pbpppp/8/1p6/P1pPP3/8/1P3PPP/RNBQKBNR w KQkq - 1 5,c8d7
28,EulerE,peterson51,1211,1199,rn1qkbnr/p1pbpppp/8/1P6/2pPP3/8/1P3PPP/RNBQKBNR b KQkq - 0 5,a4b5
28,EulerE,peterson51,1211,1199,rn1qkbnr/p1p1pppp/8/1b6/2pPP3/8/1P3PPP/RNBQKBNR w KQkq - 0 6,d7b5
28,EulerE,peterson51,1211,1199,rn1qkbnr/p1p1pppp/8/1b6/2pPP3/2N5/1P3PPP/R1BQKBNR b KQkq - 1 6,b1c3
28,EulerE,peterson51,1211,1199,rn1qkbnr/p3pppp/2p5/1b6/2pPP3/2N5/1P3PPP/R1BQKBNR w KQkq - 0 7,c7c6
28,EulerE,peterson51,1211,1199,rn1qkbnr/p3pppp/2p5/1N6/2pPP3/8/1P3PPP/R1BQKBNR b KQkq - 0 7,c3b5
28,EulerE,peterson51,1211,1199,rn1qkbnr/p3pppp/8/1p6/2pPP3/8/1P3PPP/R1BQKBNR w KQkq - 0 8,c6b5
28,EulerE,peterson51,1211,1199,rn1qkbnr/p3pppp/8/1p6/2pPP3/5N2/1P3PPP/R1BQKB1R b KQkq - 1 8,g1f3
28,EulerE,peterson51,1211,1199,rn1qkbnr/p4ppp/4p3/1p6/2pPP3/5N2/1P3PPP/R1BQKB1R w KQkq - 0 9,e7e6
28,EulerE,peterson51,1211,1199,rn1qkbnr/p4ppp/4p3/1p6/2pPP3/5NP1/1P3P1P/R1BQKB1R b KQkq - 0 9,g2g3
28,EulerE,peterson51,1211,1199,rn1qkbnr/p4pp1/4p2p/1p6/2pPP3/5NP1/1P3P1P/R1BQKB1R w KQkq - 0 10,h7h6
28,EulerE,peterson51,1211,1199,rn1qkbnr/p4pp1/4p2p/1p6/2pPP3/5NP1/1P3PBP/R1BQK2R b KQkq - 1 10,f1g2
28,EulerE,peterson51,1211,1199,rn1qkb1r/p4pp1/4pn1p/1p6/2pPP3/5NP1/1P3PBP/R1BQK2R w KQkq - 2 11,g8f6
28,EulerE,peterson51,1211,1199,rn1qkb1r/p4pp1/4pn1p/1p6/2pPP3/5NP1/1P3PBP/R1BQ1RK1 b kq - 3 11,e1g1
28,EulerE,peterson51,1211,1199,rn1qkb1r/p4pp1/4p2p/1p6/2pPn3/5NP1/1P3PBP/R1BQ1RK1 w kq - 0 12,f6e4
28,EulerE,peterson51,1211,1199,rn1qkb1r/p4pp1/4p2p/1p2N3/2pPn3/6P1/1P3PBP/R1BQ1RK1 b kq - 1 12,f3e5
28,EulerE,peterson51,1211,1199,r2qkb1r/p2n1pp1/4p2p/1p2N3/2pPn3/6P1/1P3PBP/R1BQ1RK1 w kq - 2 13,b8d7
28,EulerE,peterson51,1211,1199,r2qkb1r/p2N1pp1/4p2p/1p6/2pPn3/6P1/1P3PBP/R1BQ1RK1 b kq - 0 13,e5d7
28,EulerE,peterson51,1211,1199,r3kb1r/p2q1pp1/4p2p/1p6/2pPn3/6P1/1P3PBP/R1BQ1RK1 w kq - 0 14,d8d7
28,EulerE,peterson51,1211,1199,r3kb1r/p2q1pp1/4p2p/1p6/2pPB3/6P1/1P3P1P/R1BQ1RK1 b kq - 0 14,g2e4
28,EulerE,peterson51,1211,1199,r3kb1r/p2q2p1/4p2p/1p3p2/2pPB3/6P1/1P3P1P/R1BQ1RK1 w kq - 0 15,f7f5
28,EulerE,peterson51,1211,1199,B3kb1r/p2q2p1/4p2p/1p3p2/2pP4/6P1/1P3P1P/R1BQ1RK1 b k - 0 15,e4a8
28,EulerE,peterson51,1211,1199,B3k2r/p2q2p1/4p2p/1p3p2/1bpP4/6P1/1P3P1P/R1BQ1RK1 w k - 1 16,f8b4
28,EulerE,peterson51,1211,1199,B3k2r/p2q2p1/4p2p/1p3p2/1bpP4/6P1/1P1B1P1P/R2Q1RK1 b k - 2 16,c1d2
28,EulerE,peterson51,1211,1199,B3k2r/p2q2p1/3bp2p/1p3p2/2pP4/6P1/1P1B1P1P/R2Q1RK1 w k - 3 17,b4d6
28,EulerE,peterson51,1211,1199,B3k2r/p2q2p1/R2bp2p/1p3p2/2pP4/6P1/1P1B1P1P/3Q1RK1 b k - 4 17,a1a6
28,EulerE,peterson51,1211,1199,B4rk1/p2q2p1/R2bp2p/1p3p2/2pP4/6P1/1P1B1P1P/3Q1RK1 w - - 5 18,e8g8
28,EulerE,peterson51,1211,1199,5rk1/p2q2p1/R1Bbp2p/1p3p2/2pP4/6P1/1P1B1P1P/3Q1RK1 b - - 6 18,a8c6
28,EulerE,peterson51,1211,1199,5rk1/p1q3p1/R1Bbp2p/1p3p2/2pP4/6P1/1P1B1P1P/3Q1RK1 w - - 7 19,d7c7
28,EulerE,peterson51,1211,1199,5rk1/p1q3p1/R2bp2p/1B3p2/2pP4/6P1/1P1B1P1P/3Q1RK1 b - - 0 19,c6b5
28,EulerE,peterson51,1211,1199,5rk1/pq4p1/R2bp2p/1B3p2/2pP4/6P1/1P1B1P1P/3Q1RK1 w - - 1 20,c7b7
28,EulerE,peterson51,1211,1199,5rk1/pq4p1/R2bp2p/5p2/2BP4/6P1/1P1B1P1P/3Q1RK1 b - - 0 20,b5c4
28,EulerE,peterson51,1211,1199,2r3k1/pq4p1/R2bp2p/5p2/2BP4/6P1/1P1B1P1P/3Q1RK1 w - - 1 21,f8c8
28,EulerE,peterson51,1211,1199,2r3k1/pq4p1/R2bB2p/5p2/3P4/6P1/1P1B1P1P/3Q1RK1 b - - 0 21,c4e6
28,EulerE,peterson51,1211,1199,2r5/pq4pk/R2bB2p/5p2/3P4/6P1/1P1B1P1P/3Q1RK1 w - - 1 22,g8h7
28,EulerE,peterson51,1211,1199,2r5/pq4pk/R2b3p/5B2/3P4/6P1/1P1B1P1P/3Q1RK1 b - - 0 22,e6f5
28,EulerE,peterson51,1211,1199,2r5/pq5k/R2b2pp/5B2/3P4/6P1/1P1B1P1P/3Q1RK1 w - - 0 23,g7g6
28,EulerE,peterson51,1211,1199,2B5/pq5k/R2b2pp/8/3P4/6P1/1P1B1P1P/3Q1RK1 b - - 0 23,f5c8
28,EulerE,peterson51,1211,1199,2q5/p6k/R2b2pp/8/3P4/6P1/1P1B1P1P/3Q1RK1 w - - 0 24,b7c8
28,EulerE,peterson51,1211,1199,2q5/p6k/3R2pp/8/3P4/6P1/1P1B1P1P/3Q1RK1 b - - 0 24,a6d6
28,EulerE,peterson51,1211,1199,5q2/p6k/3R2pp/8/3P4/6P1/1P1B1P1P/3Q1RK1 w - - 1 25,c8f8
28,EulerE,peterson51,1211,1199,5q2/p6k/3R2pp/8/1B1P4/6P1/1P3P1P/3Q1RK1 b - - 2 25,d2b4
28,EulerE,peterson51,1211,1199,8/p6k/3R2pp/5q2/1B1P4/6P1/1P3P1P/3Q1RK1 w - - 3 26,f8f5
28,EulerE,peterson51,1211,1199,8/p6k/3R2pp/5q2/QB1P4/6P1/1P3P1P/5RK1 b - - 4 26,d1a4
28,EulerE,peterson51,1211,1199,8/p6k/3R2p1/5q1p/QB1P4/6P1/1P3P1P/5RK1 w - - 0 27,h6h5
28,EulerE,peterson51,1211,1199,8/Q6k/3R2p1/5q1p/1B1P4/6P1/1P3P1P/5RK1 b - - 0 27,a4a7
28,EulerE,peterson51,1211,1199,8/Q7/3R2pk/5q1p/1B1P4/6P1/1P3P1P/5RK1 w - - 1 28,h7h6
28,EulerE,peterson51,1211,1199,8/Q7/3R2pk/5q1p/3P4/6P1/1P1B1P1P/5RK1 b - - 2 28,b4d2
29,peterson51,EulerE,1207,1203,rnbqkbnr/pppppppp/8/8/3P4/8/PPP1PPPP/RNBQKBNR b KQkq - 0 1,d2d4
29,peterson51,EulerE,1207,1203,rnbqkbnr/ppp1pppp/8/3p4/3P4/8/PPP1PPPP/RNBQKBNR w KQkq - 0 2,d7d5
29,peterson51,EulerE,1207,1203,rnbqkbnr/ppp1pppp/8/3p4/3P4/7P/PPP1PPP1/RNBQKBNR b KQkq - 0 2,h2h3
29,peterson51,EulerE,1207,1203,rnbqkb1r/ppp1pppp/5n2/3p4/3P4/7P/PPP1PPP1/RNBQKBNR w KQkq - 1 3,g8f6
29,peterson51,EulerE,1207,1203,rnbqkb1r/ppp1pppp/5n2/3p4/3P4/5N1P/PPP1PPP1/RNBQKB1R b KQkq - 2 3,g1f3
29,peterson51,EulerE,1207,1203,rnbqkb1r/ppp1pp1p/5np1/3p4/3P4/5N1P/PPP1PPP1/RNBQKB1R w KQkq - 0 4,g7g6
29,peterson51,EulerE,1207,1203,rnbqkb1r/ppp1pp1p/5np1/3p4/3P4/P4N1P/1PP1PPP1/RNBQKB1R b KQkq - 0 4,a2a3
29,peterson51,EulerE,1207,1203,rnbqk2r/ppp1ppbp/5np1/3p4/3P4/P4N1P/1PP1PPP1/RNBQKB1R w KQkq - 1 5,f8g7
29,peterson51,EulerE,1207,1203,rnbqk2r/ppp1ppbp/5np1/3p4/3P4/P1N2N1P/1PP1PPP1/R1BQKB1R b KQkq - 2 5,b1c3
29,peterson51,EulerE,1207,1203,rnbq1rk1/ppp1ppbp/5np1/3p4/3P4/P1N2N1P/1PP1PPP1/R1BQKB1R w KQ - 3 6,e8g8
29,peterson51,EulerE,1207,1203,rnbq1rk1/ppp1ppbp/5np1/3p4/3P4/P1N1PN1P/1PP2PP1/R1BQKB1R b KQ - 0 6,e2e3
29,peterson51,EulerE,1207,1203,r1bq1rk1/ppp1ppbp/2n2np1/3p4/3P4/P1N1PN1P/1PP2PP1/R1BQKB1R w KQ - 1 7,b8c6
29,peterson51,EulerE,1207,1203,r1bq1rk1/ppp1ppbp/2n2np1/3p4/3P4/P1NBPN1P/1PP2PP1/R1BQK2R b KQ - 2 7,f1d3
29,peterson51,EulerE,1207,1203,r1bqr1k1/ppp1ppbp/2n2np1/3p4/3P4/P1NBPN1P/1PP2PP1/R1BQK2R w KQ - 3 8,f8e8
29,peterson51,EulerE,1207,1203,r1bqr1k1/ppp1ppbp/2n2np1/3p4/3PP3/P1NB1N1P/1PP2PP1/R1BQK2R b KQ - 0 8,e3e4
29,peterson51,EulerE,1207,1203,r1bqr1k1/ppp1ppbp/2n2np1/8/3Pp3/P1NB1N1P/1PP2PP1/R1BQK2R w KQ - 0 9,d5e4
29,peterson51,EulerE,1207,1203,r1bqr1k1/ppp1ppbp/2n2np1/8/3PB3/P1N2N1P/1PP2PP1/R1BQK2R b KQ - 0 9,d3e4
29,peterson51,EulerE,1207,1203,r1bqr1k1/ppp1ppbp/2n3p1/8/3Pn3/P1N2N1P/1PP2PP1/R1BQK2R w KQ - 0 10,f6e4
29,peterson51,EulerE,1207,1203,r1bqr1k1/ppp1ppbp/2n3p1/8/3PN3/P4N1P/1PP2PP1/R1BQK2R b KQ - 0 10,c3e4
29,peterson51,EulerE,1207,1203,r1bqr1k1/ppp1ppbp/6p1/8/3nN3/P4N1P/1PP2PP1/R1BQK2R w KQ - 0 11,c6d4
29,peterson51,EulerE,1207,1203,r1bqr1k1/ppp1ppbp/6p1/8/3nN3/P1P2N1P/1P3PP1/R1BQK2R b KQ - 0 11,c2c3
29,peterson51,EulerE,1207,1203,r1bqr1k1/ppp1ppbp/6p1/8/4N3/P1P2n1P/1P3PP1/R1BQK2R w KQ - 0 12,d4f3
29,peterson51,EulerE,1207,1203,r1bqr1k1/ppp1ppbp/6p1/8/4N3/P1P2Q1P/1P3PP1/R1B1K2R b KQ - 0 12,d1f3
29,peterson51,EulerE,1207,1203,r1bqr1k1/ppp2pbp/6p1/4p3/4N3/P1P2Q1P/1P3PP1/R1B1K2R w KQ - 0 13,e7e5
29,peterson51,EulerE,1207,1203,r1bqr1k1/ppp2pbp/6p1/4p3/4N3/P1P2Q1P/1P3PP1/R1B2RK1 b - - 1 13,e1g1
29,peterson51,EulerE,1207,1203,r2qr1k1/ppp2pbp/6p1/4pb2/4N3/P1P2Q1P/1P3PP1/R1B2RK1 w - - 2 14,c8f5
29,peterson51,EulerE,1207,1203,r2qr1k1/ppp2pbp/6p1/2N1pb2/8/P1P2Q1P/1P3PP1/R1B2RK1 b - - 3 14,e4c5
29,peterson51,EulerE,1207,1203,r2qr1k1/ppp2pbp/6p1/2N2b2/4p3/P1P2Q1P/1P3PP1/R1B2RK1 w - - 0 15,e5e4
29,peterson51,EulerE,1207,1203,r2qr1k1/ppp2pbp/6p1/2N2b2/4p3/P1P4P/1P2QPP1/R1B2RK1 b - - 1 15,f3e2
29,peterson51,EulerE,1207,1203,r3r1k1/ppp2pbp/6p1/2Nq1b2/4p3/P1P4P/1P2QPP1/R1B2RK1 w - - 2 16,d8d5
29,peterson51,EulerE,1207,1203,r3r1k1/ppp2pbp/6p1/3q1b2/N3p3/P1P4P/1P2QPP1/R1B2RK1 b - - 3 16,c5a4
29,peterson51,EulerE,1207,1203,r3r1k1/ppp2pbp/6p1/5b2/N3p3/PqP4P/1P2QPP1/R1B2RK1 w - - 4 17,d5b3
29,peterson51,EulerE,1207,1203,r3r1k1/ppp2pbp/6p1/2N2b2/4p3/PqP4P/1P2QPP1/R1B2RK1 b - - 5 17,a4c5
29,peterson51,EulerE,1207,1203,r3r1k1/ppp2pbp/6p1/2Nq1b2/4p3/P1P4P/1P2QPP1/R1B2RK1 w - - 6 18,b3d5
29,peterson51,EulerE,1207,1203,r3r1k1/ppp2pbp/6p1/2Nq1b2/4p3/P1P1B2P/1P2QPP1/R4RK1 b - - 7 18,c1e3
29,peterson51,EulerE,1207,1203,r3r1k1/p1p2pbp/1p4p1/2Nq1b2/4p3/P1P1B2P/1P2QPP1/R4RK1 w - - 0 19,b7b6
29,peterson51,EulerE,1207,1203,r3r1k1/p1p2pbp/Np4p1/3q1b2/4p3/P1P1B2P/1P2QPP1/R4RK1 b - - 1 19,c5a6
29,peterson51,EulerE,1207,1203,r3r1k1/pqp2pbp/Np4p1/5b2/4p3/P1P1B2P/1P2QPP1/R4RK1 w - - 2 20,d5b7
29,peterson51,EulerE,1207,1203,r3r1k1/pqp2pbp/Np4p1/5b2/4p3/P1P1B2P/1P2QPP1/3R1RK1 b - - 3 20,a1d1
29,peterson51,EulerE,1207,1203,3rr1k1/pqp2pbp/Np4p1/5b2/4p3/P1P1B2P/1P2QPP1/3R1RK1 w - - 4 21,a8d8
29,peterson51,EulerE,1207,1203,3Rr1k1/pqp2pbp/Np4p1/5b2/4p3/P1P1B2P/1P2QPP1/5RK1 b - - 0 21,d1d8
29,peterson51,EulerE,1207,1203,3r2k1/pqp2pbp/Np4p1/5b2/4p3/P1P1B2P/1P2QPP1/5RK1 w - - 0 22,e8d8
29,peterson51,EulerE,1207,1203,3r2k1/pqp2pbp/Np4p1/5b2/4p3/P1P1B2P/1P2QPP1/3R2K1 b - - 1 22,f1d1
29,peterson51,EulerE,1207,1203,6k1/pqp2pbp/Np4p1/5b2/4p3/P1PrB2P/1P2QPP1/3R2K1 w - - 2 23,d8d3
29,peterson51,EulerE,1207,1203,6k1/pqp2pbp/1p4p1/5b2/1N2p3/P1PrB2P/1P2QPP1/3R2K1 b - - 3 23,a6b4
29,peterson51,EulerE,1207,1203,6k1/pqp2pbp/1p4p1/5b2/1N2p3/P1P1B2P/1P2QPP1/3r2K1 w - - 0 24,d3d1
29,peterson51,EulerE,1207,1203,6k1/pqp2pbp/1p4p1/5b2/1N2p3/P1P1B2P/1P3PP1/3Q2K1 b - - 0 24,e2d1
29,peterson51,EulerE,1207,1203,6k1/1qp2pbp/1p4p1/p4b2/1N2p3/P1P1B2P/1P3PP1/3Q2K1 w - - 0 25,a7a5
29,peterson51,EulerE,1207,1203,3Q2k1/1qp2pbp/1p4p1/p4b2/1N2p3/P1P1B2P/1P3PP1/6K1 b - - 1 25,d1d8
29,peterson51,EulerE,1207,1203,3Q1bk1/1qp2p1p/1p4p1/p4b2/1N2p3/P1P1B2P/1P3PP1/6K1 w - - 2 26,g7f8
29,peterson51,EulerE,1207,1203,3Q1bk1/1qp2p1p/1p4p1/p2N1b2/4p3/P1P1B2P/1P3PP1/6K1 b - - 3 26,b4d5
29,peterson51,EulerE,1207,1203,3Q1b2/1qp2pkp/1p4p1/p2N1b2/4p3/P1P1B2P/1P3PP1/6K1 w - - 4 27,g8g7
29,peterson51,EulerE,1207,1203,3Q1b2/1qp2pkp/1p4p1/p2N1b2/3Bp3/P1P4P/1P3PP1/6K1 b - - 5 27,e3d4
29,peterson51,EulerE,1207,1203,3Q1b2/1qp2p1p/1p4pk/p2N1b2/3Bp3/P1P4P/1P3PP1/6K1 w - - 6 28,g7h6
29,peterson51,EulerE,1207,1203,5Q2/1qp2p1p/1p4pk/p2N1b2/3Bp3/P1P4P/1P3PP1/6K1 b - - 0 28,d8f8
29,peterson51,EulerE,1207,1203,5Q2/1qp2p1p/1p4p1/p2N1bk1/3Bp3/P1P4P/1P3PP1/6K1 w - - 1 29,h6g5
29,peterson51,EulerE,1207,1203,5Q2/1qp2p1p/1p3Bp1/p2N1bk1/4p3/P1P4P/1P3PP1/6K1 b - - 2 29,d4f6
29,peterson51,EulerE,1207,1203,5Q2/1qp2p1p/1p3Bp1/p2N1b1k/4p3/P1P4P/1P3PP1/6K1 w - - 3 30,g5h5
29,peterson51,EulerE,1207,1203,5Q2/1qp2p1p/1p3Bp1/p4b1k/4pN2/P1P4P/1P3PP1/6K1 b - - 4 30,d5f4
30,EulerE,the_sugarman,958,1074,rnbqkbnr/pppppppp/8/8/3P4/8/PPP1PPPP/RNBQKBNR b KQkq - 0 1,d2d4
30,EulerE,the_sugarman,958,1074,rnbqkbnr/ppp1pppp/8/3p4/3P4/8/PPP1PPPP/RNBQKBNR w KQkq - 0 2,d7d5
30,EulerE,the_sugarman,958,1074,rnbqkbnr/ppp1pppp/8/3p4/2PP4/8/PP2PPPP/RNBQKBNR b KQkq - 0 2,c2c4
30,EulerE,the_sugarman,958,1074,rn1qkbnr/ppp1pppp/8/3p1b2/2PP4/8/PP2PPPP/RNBQKBNR w KQkq - 1 3,c8f5
30,EulerE,the_sugarman,958,1074,rn1qkbnr/ppp1pppp/8/3p1b2/2PPP3/8/PP3PPP/RNBQKBNR b KQkq - 0 3,e2e4
30,EulerE,the_sugarman,958,1074,rn1qkbnr/ppp1pppp/8/5b2/2PPp3/8/PP3PPP/RNBQKBNR w KQkq - 0 4,d5e4
30,EulerE,the_sugarman,958,1074,rn1qkbnr/ppp1pppp/8/5b2/2PPp3/2N5/PP3PPP/R1BQKBNR b KQkq - 1 4,b1c3
30,EulerE,the_sugarman,958,1074,rn1qkb1r/ppp1pppp/5n2/5b2/2PPp3/2N5/PP3PPP/R1BQKBNR w KQkq - 2 5,g8f6
30,EulerE,the_sugarman,958,1074,rn1qkb1r/ppp1pppp/5n2/5b2/2PPp3/2N2P2/PP4PP/R1BQKBNR b KQkq - 0 5,f2f3
30,EulerE,the_sugarman,958,1074,rn1qkb1r/ppp1pppp/5n2/5b2/2PP4/2N2p2/PP4PP/R1BQKBNR w KQkq - 0 6,e4f3
30,EulerE,the_sugarman,958,1074,rn1qkb1r/ppp1pppp/5n2/5b2/2PP4/2N2N2/PP4PP/R1BQKB1R b KQkq - 0 6,g1f3
30,EulerE,the_sugarman,958,1074,rn1qkb1r/ppp1pppp/5n2/8/2PP2b1/2N2N2/PP4PP/R1BQKB1R w KQkq - 1 7,f5g4
30,EulerE,the_sugarman,958,1074,rn1qkb1r/ppp1pppp/5n2/8/2PP2b1/2N2N2/PP2B1PP/R1BQK2R b KQkq - 2 7,f1e2
30,EulerE,the_sugarman,958,1074,rn1qkb1r/ppp2ppp/4pn2/8/2PP2b1/2N2N2/PP2B1PP/R1BQK2R w KQkq - 0 8,e7e6
30,EulerE,the_sugarman,958,1074,rn1qkb1r/ppp2ppp/4pn2/8/2PP2b1/2N2N2/PP2B1PP/R1BQ1RK1 b kq - 1 8,e1g1
30,EulerE,the_sugarman,958,1074,rn1qk2r/ppp2ppp/4pn2/8/1bPP2b1/2N2N2/PP2B1PP/R1BQ1RK1 w kq - 2 9,f8b4
30,EulerE,the_sugarman,958,1074,rn1qk2r/ppp2ppp/4pn2/8/1bPP2b1/2N2N2/PP1BB1PP/R2Q1RK1 b kq - 3 9,c1d2
30,EulerE,the_sugarman,958,1074,rn1qk2r/ppp2ppp/4pn2/8/1bPP4/2N2b2/PP1BB1PP/R2Q1RK1 w kq - 0 10,g4f3
30,EulerE,the_sugarman,958,1074,rn1qk2r/ppp2ppp/4pn2/8/1bPP4/2N2B2/PP1B2PP/R2Q1RK1 b kq - 0 10,e2f3
30,EulerE,the_sugarman,958,1074,rn2k2r/ppp2ppp/4pn2/8/1bPq4/2N2B2/PP1B2PP/R2Q1RK1 w kq - 0 11,d8d4
30,EulerE,the_sugarman,958,1074,rn2k2r/ppp2ppp/4pn2/8/1bPq4/2N2B2/PP1B2PP/R2Q1R1K b kq - 1 11,g1h1
30,EulerE,the_sugarman,958,1074,rn2k2r/ppp2ppp/4pn2/8/2Pq4/2b2B2/PP1B2PP/R2Q1R1K w kq - 0 12,b4c3
30,EulerE,the_sugarman,958,1074,rn2k2r/ppp2ppp/4pn2/8/2Pq4/2B2B2/PP4PP/R2Q1R1K b kq - 0 12,d2c3
30,EulerE,the_sugarman,958,1074,rn2k2r/ppp2ppp/4pn2/8/2P5/2B2B2/PP4PP/R2q1R1K w kq - 0 13,d4d1
30,EulerE,the_sugarman,958,1074,rn2k2r/ppp2ppp/4pn2/8/2P5/2B2B2/PP4PP/3R1R1K b kq - 0 13,a1d1
30,EulerE,the_sugarman,958,1074,rn3rk1/ppp2ppp/4pn2/8/2P5/2B2B2/PP4PP/3R1R1K w - - 1 14,e8g8
30,EulerE,the_sugarman,958,1074,rn1R1rk1/ppp2ppp/4pn2/8/2P5/2B2B2/PP4PP/5R1K b - - 2 14,d1d8
30,EulerE,the_sugarman,958,1074,rn1r2k1/ppp2ppp/4pn2/8/2P5/2B2B2/PP4PP/5R1K w - - 0 15,f8d8
30,EulerE,the_sugarman,958,1074,rn1r2k1/ppp2ppp/4pn2/8/2P5/2B2B2/PP4PP/3R3K b - - 1 15,f1d1
30,EulerE,the_sugarman,958,1074,rn4k1/ppp2ppp/4pn2/8/2P5/2B2B2/PP4PP/3r3K w - - 0 16,d8d1
30,EulerE,the_sugarman,958,1074,rn4k1/ppp2ppp/4pn2/8/2P5/2B5/PP4PP/3B3K b - - 0 16,f3d1
30,EulerE,the_sugarman,958,1074,r5k1/ppp2ppp/2n1pn2/8/2P5/2B5/PP4PP/3B3K w - - 1 17,b8c6
30,EulerE,the_sugarman,958,1074,r5k1/ppp2ppp/2n1pn2/8/B1P5/2B5/PP4PP/7K b - - 2 17,d1a4
30,EulerE,the_sugarman,958,1074,3r2k1/ppp2ppp/2n1pn2/8/B1P5/2B5/PP4PP/7K w - - 3 18,a8d8
30,EulerE,the_sugarman,958,1074,3r2k1/ppp2ppp/2B1pn2/8/2P5/2B5/PP4PP/7K b - - 0 18,a4c6
30,EulerE,the_sugarman,958,1074,3r2k1/p1p2ppp/2p1pn2/8/2P5/2B5/PP4PP/7K w - - 0 19,b7c6
30,EulerE,the_sugarman,958,1074,3r2k1/p1p2ppp/2p1pn2/B7/2P5/8/PP4PP/7K b - - 1 19,c3a5
30,EulerE,the_sugarman,958,1074,6k1/p1p2ppp/2p1pn2/B7/2P5/8/PP4PP/3r3K w - - 2 20,d8d1
30,EulerE,the_sugarman,958,1074,6k1/p1p2ppp/2p1pn2/8/2P5/8/PP4PP/3rB2K b - - 3 20,a5e1
30,EulerE,the_sugarman,958,1074,6k1/p1p2ppp/2p1pn2/8/2P5/8/PP4PP/4r2K w - - 0 21,d1e1
31,EulerE,Kingpin373,940,974,rnbqkbnr/pppppppp/8/8/3P4/8/PPP1PPPP/RNBQKBNR b KQkq - 0 1,d2d4
31,EulerE,Kingpin373,940,974,rnbqkbnr/ppp1pppp/8/3p4/3P4/8/PPP1PPPP/RNBQKBNR w KQkq - 0 2,d7d5
31,EulerE,Kingpin373,940,974,rnbqkbnr/ppp1pppp/8/3p4/2PP4/8/PP2PPPP/RNBQKBNR b KQkq - 0 2,c2c4
31,EulerE,Kingpin373,940,974,rnbqkbnr/ppp2ppp/4p3/3p4/2PP4/8/PP2PPPP/RNBQKBNR w KQkq - 0 3,e7e6
31,EulerE,Kingpin373,940,974,rnbqkbnr/ppp2ppp/4p3/3p4/2PP4/2N5/PP2PPPP/R1BQKBNR b KQkq - 1 3,b1c3
31,EulerE,Kingpin373,940,974,rnbqkb1r/ppp2ppp/4pn2/3p4/2PP4/2N5/PP2PPPP/R1BQKBNR w KQkq - 2 4,g8f6
31,EulerE,Kingpin373,940,974,rnbqkb1r/ppp2ppp/4pn2/3p4/2PP4/2N2N2/PP2PPPP/R1BQKB1R b KQkq - 3 4,g1f3
31,EulerE,Kingpin373,940,974,rnbqk2r/ppp2ppp/4pn2/3p4/1bPP4/2N2N2/PP2PPPP/R1BQKB1R w KQkq - 4 5,f8b4
31,EulerE,Kingpin373,940,974,rnbqk2r/ppp2ppp/4pn2/3p4/1bPP4/2N2N2/PP1BPPPP/R2QKB1R b KQkq - 5 5,c1d2
31,EulerE,Kingpin373,940,974,r1bqk2r/ppp2ppp/2n1pn2/3p4/1bPP4/2N2N2/PP1BPPPP/R2QKB1R w KQkq - 6 6,b8c6
31,EulerE,Kingpin373,940,974,r1bqk2r/ppp2ppp/2n1pn2/3p4/1bPP4/P1N2N2/1P1BPPPP/R2QKB1R b KQkq - 0 6,a2a3
31,EulerE,Kingpin373,940,974,r1bqk2r/ppp2ppp/2n1pn2/3p4/2PP4/P1b2N2/1P1BPPPP/R2QKB1R w KQkq - 0 7,b4c3
31,EulerE,Kingpin373,940,974,r1bqk2r/ppp2ppp/2n1pn2/3p4/2PP4/P1B2N2/1P2PPPP/R2QKB1R b KQkq - 0 7,d2c3
31,EulerE,Kingpin373,940,974,r2qk2r/pppb1ppp/2n1pn2/3p4/2PP4/P1B2N2/1P2PPPP/R2QKB1R w KQkq - 1 8,c8d7
31,EulerE,Kingpin373,940,974,r2qk2r/pppb1ppp/2n1pn2/3P4/3P4/P1B2N2/1P2PPPP/R2QKB1R b KQkq - 0 8,c4d5
31,EulerE,Kingpin373,940,974,r2qk2r/pppb1ppp/2n2n2/3p4/3P4/P1B2N2/1P2PPPP/R2QKB1R w KQkq - 0 9,e6d5
31,EulerE,Kingpin373,940,974,r2qk2r/pppb1ppp/2n2n2/3p4/3P4/PQB2N2/1P2PPPP/R3KB1R b KQkq - 1 9,d1b3
31,EulerE,Kingpin373,940,974,1r1qk2r/pppb1ppp/2n2n2/3p4/3P4/PQB2N2/1P2PPPP/R3KB1R w KQk - 2 10,a8b8
31,EulerE,Kingpin373,940,974,1r1qk2r/pppb1ppp/2n2n2/3p4/3P4/PQB1PN2/1P3PPP/R3KB1R b KQk - 0 10,e2e3
31,EulerE,Kingpin373,940,974,1r1q1rk1/pppb1ppp/2n2n2/3p4/3P4/PQB1PN2/1P3PPP/R3KB1R w KQ - 1 11,e8g8
31,EulerE,Kingpin373,940,974,1r1q1rk1/pppb1ppp/2n2n2/1B1p4/3P4/PQB1PN2/1P3PPP/R3K2R b KQ - 2 11,f1b5
31,EulerE,Kingpin373,940,974,1r1qr1k1/pppb1ppp/2n2n2/1B1p4/3P4/PQB1PN2/1P3PPP/R3K2R w KQ - 3 12,f8e8
31,EulerE,Kingpin373,940,974,1r1qr1k1/pppb1ppp/2n2n2/1B1p4/3P4/PQB1PN2/1P3PPP/R4RK1 b - - 4 12,e1g1
31,EulerE,Kingpin373,940,974,1r1qr1k1/pppb1pp1/2n2n1p/1B1p4/3P4/PQB1PN2/1P3PPP/R4RK1 w - - 0 13,h7h6
31,EulerE,Kingpin373,940,974,1r1qr1k1/pppb1pp1/2n2n1p/1B1p4/3P4/PQB1PN2/1P3PPP/4RRK1 b - - 1 13,a1e1
31,EulerE,Kingpin373,940,974,1r1qr1k1/pppb1pp1/2n4p/1B1p4/3Pn3/PQB1PN2/1P3PPP/4RRK1 w - - 2 14,f6e4
31,EulerE,Kingpin373,940,974,1r1qr1k1/pppb1pp1/2n4p/1B1pN3/3Pn3/PQB1P3/1P3PPP/4RRK1 b - - 3 14,f3e5
31,EulerE,Kingpin373,940,974,1r1qr1k1/pppb1pp1/2n4p/1B1pN3/3P4/PQn1P3/1P3PPP/4RRK1 w - - 0 15,e4c3
31,EulerE,Kingpin373,940,974,1r1qr1k1/pppb1pp1/2n4p/1B1pN3/3P4/P1Q1P3/1P3PPP/4RRK1 b - - 0 15,b3c3
31,EulerE,Kingpin373,940,974,1r1qr1k1/pppb1pp1/7p/1B1pn3/3P4/P1Q1P3/1P3PPP/4RRK1 w - - 0 16,c6e5
31,EulerE,Kingpin373,940,974,1r1qr1k1/pppB1pp1/7p/3pn3/3P4/P1Q1P3/1P3PPP/4RRK1 b - - 0 16,b5d7
31,EulerE,Kingpin373,940,974,1r1qr1k1/pppn1pp1/7p/3p4/3P4/P1Q1P3/1P3PPP/4RRK1 w - - 0 17,e5d7
31,EulerE,Kingpin373,940,974,1r1qr1k1/pppn1pp1/7p/3p4/3P4/P1Q1P3/1P3PPP/2R2RK1 b - - 1 17,e1c1
31,EulerE,Kingpin373,940,974,1r1qr1k1/pp1n1pp1/2p4p/3p4/3P4/P1Q1P3/1P3PPP/2R2RK1 w - - 0 18,c7c6
31,EulerE,Kingpin373,940,974,1r1qr1k1/pp1n1pp1/2p4p/Q2p4/3P4/P3P3/1P3PPP/2R2RK1 b - - 1 18,c3a5
32,iTTZZu,EulerE,1249,1196,rnbqkbnr/pppppppp/8/8/4P3/8/PPPP1PPP/RNBQKBNR b KQkq - 0 1,e2e4
32,iTTZZu,EulerE,1249,1196,rnbqkbnr/pppp1ppp/8/4p3/4P3/8/PPPP1PPP/RNBQKBNR w KQkq - 0 2,e7e5
32,iTTZZu,EulerE,1249,1196,rnbqkbnr/pppp1ppp/8/4p3/4P3/2N5/PPPP1PPP/R1BQKBNR b KQkq - 1 2,b1c3
32,iTTZZu,EulerE,1249,1196,r1bqkbnr/pppp1ppp/2n5/4p3/4P3/2N5/PPPP1PPP/R1BQKBNR w KQkq - 2 3,b8c6
32,iTTZZu,EulerE,1249,1196,r1bqkbnr/pppp1ppp/2n5/4p3/2B1P3/2N5/PPPP1PPP/R1BQK1NR b KQkq - 3 3,f1c4
32,iTTZZu,EulerE,1249,1196,r1bqkbnr/1ppp1ppp/p1n5/4p3/2B1P3/2N5/PPPP1PPP/R1BQK1NR w KQkq - 0 4,a7a6
32,iTTZZu,EulerE,1249,1196,r1bqkbnr/1ppp1ppp/p1n5/4p3/2B1P3/2NP4/PPP2PPP/R1BQK1NR b KQkq - 0 4,d2d3
32,iTTZZu,EulerE,1249,1196,r1bqkbnr/2pp1ppp/p1n5/1p2p3/2B1P3/2NP4/PPP2PPP/R1BQK1NR w KQkq - 0 5,b7b5
32,iTTZZu,EulerE,1249,1196,r1bqkbnr/2pp1ppp/p1n5/1p2p3/4P3/1BNP4/PPP2PPP/R1BQK1NR b KQkq - 1 5,c4b3
32,iTTZZu,EulerE,1249,1196,r1bqk1nr/2pp1ppp/p1n5/1p2p3/1b2P3/1BNP4/PPP2PPP/R1BQK1NR w KQkq - 2 6,f8b4
32,iTTZZu,EulerE,1249,1196,r1bqk1nr/2pp1ppp/p1n5/1p2p3/1b2P3/1BNP4/PPPB1PPP/R2QK1NR b KQkq - 3 6,c1d2
32,iTTZZu,EulerE,1249,1196,r2qk1nr/1bpp1ppp/p1n5/1p2p3/1b2P3/1BNP4/PPPB1PPP/R2QK1NR w KQkq - 4 7,c8b7
32,iTTZZu,EulerE,1249,1196,r2qk1nr/1bpp1ppp/p1n5/1p2p3/1b2P1Q1/1BNP4/PPPB1PPP/R3K1NR b KQkq - 5 7,d1g4
32,iTTZZu,EulerE,1249,1196,r2qk1nr/1bpp1p1p/p1n3p1/1p2p3/1b2P1Q1/1BNP4/PPPB1PPP/R3K1NR w KQkq - 0 8,g7g6
32,iTTZZu,EulerE,1249,1196,r2qk1nr/1bpp1p1p/p1n3p1/1p2p1B1/1b2P1Q1/1BNP4/PPP2PPP/R3K1NR b KQkq - 1 8,d2g5
32,iTTZZu,EulerE,1249,1196,r2qk1nr/1bppbp1p/p1n3p1/1p2p1B1/4P1Q1/1BNP4/PPP2PPP/R3K1NR w KQkq - 2 9,b4e7
32,iTTZZu,EulerE,1249,1196,r2qk1nr/1bppBp1p/p1n3p1/1p2p3/4P1Q1/1BNP4/PPP2PPP/R3K1NR b KQkq - 0 9,g5e7
32,iTTZZu,EulerE,1249,1196,r3k1nr/1bppqp1p/p1n3p1/1p2p3/4P1Q1/1BNP4/PPP2PPP/R3K1NR w KQkq - 0 10,d8e7
32,iTTZZu,EulerE,1249,1196,r3k1nr/1bppqp1p/p1n3p1/1p1Np3/4P1Q1/1B1P4/PPP2PPP/R3K1NR b KQkq - 1 10,c3d5
32,iTTZZu,EulerE,1249,1196,r2qk1nr/1bpp1p1p/p1n3p1/1p1Np3/4P1Q1/1B1P4/PPP2PPP/R3K1NR w KQkq - 2 11,e7d8
32,iTTZZu,EulerE,1249,1196,r2qk1nr/1bpp1p1p/p1n3p1/1p1Np3/4P3/1B1P1Q2/PPP2PPP/R3K1NR b KQkq - 3 11,g4f3
32,iTTZZu,EulerE,1249,1196,r2qk1nr/1bpp1p1p/p5p1/1p1Np3/3nP3/1B1P1Q2/PPP2PPP/R3K1NR w KQkq - 4 12,c6d4
32,iTTZZu,EulerE,1249,1196,r2qk1nr/1bNp1p1p/p5p1/1p2p3/3nP3/1B1P1Q2/PPP2PPP/R3K1NR b KQkq - 0 12,d5c7
32,iTTZZu,EulerE,1249,1196,r3k1nr/1bqp1p1p/p5p1/1p2p3/3nP3/1B1P1Q2/PPP2PPP/R3K1NR w KQkq - 0 13,d8c7
32,iTTZZu,EulerE,1249,1196,r3k1nr/1bqp1Q1p/p5p1/1p2p3/3nP3/1B1P4/PPP2PPP/R3K1NR b KQkq - 0 13,f3f7
32,iTTZZu,EulerE,1249,1196,r2k2nr/1bqp1Q1p/p5p1/1p2p3/3nP3/1B1P4/PPP2PPP/R3K1NR w KQ - 1 14,e8d8
32,iTTZZu,EulerE,1249,1196,r2k1Qnr/1bqp3p/p5p1/1p2p3/3nP3/1B1P4/PPP2PPP/R3K1NR b KQ - 2 14,f7f8
33,EulerE,NyanNyanDog,1188,1188,rnbqkbnr/pppppppp/8/8/3P4/8/PPP1PPPP/RNBQKBNR b KQkq - 0 1,d2d4
33,EulerE,NyanNyanDog,1188,1188,rnbqkbnr/ppp1pppp/8/3p4/3P4/8/PPP1PPPP/RNBQKBNR w KQkq - 0 2,d7d5
33,EulerE,NyanNyanDog,1188,1188,rnbqkbnr/ppp1pppp/8/3p4/2PP4/8/PP2PPPP/RNBQKBNR b KQkq - 0 2,c2c4
33,EulerE,NyanNyanDog,1188,1188,rnbqkbnr/ppp1pppp/8/8/2pP4/8/PP2PPPP/RNBQKBNR w KQkq - 0 3,d5c4
33,EulerE,NyanNyanDog,1188,1188,rnbqkbnr/ppp1pppp/8/8/2pPP3/8/PP3PPP/RNBQKBNR b KQkq - 0 3,e2e4
33,EulerE,NyanNyanDog,1188,1188,rnbqkbnr/p1p1pppp/8/1p6/2pPP3/8/PP3PPP/RNBQKBNR w KQkq - 0 4,b7b5
33,EulerE,NyanNyanDog,1188,1188,rnbqkbnr/p1p1pppp/8/1p6/P1pPP3/8/1P3PPP/RNBQKBNR b KQkq - 0 4,a2a4
33,EulerE,NyanNyanDog,1188,1188,rnbqkbnr/p3pppp/2p5/1p6/P1pPP3/8/1P3PPP/RNBQKBNR w KQkq - 0 5,c7c6
33,EulerE,NyanNyanDog,1188,1188,rnbqkbnr/p3pppp/2p5/1p1P4/P1p1P3/8/1P3PPP/RNBQKBNR b KQkq - 0 5,d4d5
33,EulerE,NyanNyanDog,1188,1188,rnbqkbnr/p3pppp/8/1p1p4/P1p1P3/8/1P3PPP/RNBQKBNR w KQkq - 0 6,c6d5
33,EulerE,NyanNyanDog,1188,1188,rnbqkbnr/p3pppp/8/1p1P4/P1p5/8/1P3PPP/RNBQKBNR b KQkq - 0 6,e4d5
33,EulerE,NyanNyanDog,1188,1188,rnb1kbnr/p3pppp/8/qp1P4/P1p5/8/1P3PPP/RNBQKBNR w KQkq - 1 7,d8a5
33,EulerE,NyanNyanDog,1188,1188,rnb1kbnr/p3pppp/8/qp1P4/P1p5/8/1P1B1PPP/RN1QKBNR b KQkq - 2 7,c1d2
33,EulerE,NyanNyanDog,1188,1188,rnb1kbnr/p3pppp/1q6/1p1P4/P1p5/8/1P1B1PPP/RN1QKBNR w KQkq - 3 8,a5b6
33,EulerE,NyanNyanDog,1188,1188,rnb1kbnr/p3pppp/1q6/1P1P4/2p5/8/1P1B1PPP/RN1QKBNR b KQkq - 0 8,a4b5
33,EulerE,NyanNyanDog,1188,1188,rnb1kbnr/p3pppp/8/1q1P4/2p5/8/1P1B1PPP/RN1QKBNR w KQkq - 0 9,b6b5
33,EulerE,NyanNyanDog,1188,1188,rnb1kbnr/p3pppp/8/1q1P4/2p5/2B5/1P3PPP/RN1QKBNR b KQkq - 1 9,d2c3
33,EulerE,NyanNyanDog,1188,1188,rnb1kb1r/p3pppp/5n2/1q1P4/2p5/2B5/1P3PPP/RN1QKBNR w KQkq - 2 10,g8f6
33,EulerE,NyanNyanDog,1188,1188,rnb1kb1r/p3pppp/5n2/Rq1P4/2p5/2B5/1P3PPP/1N1QKBNR b Kkq - 3 10,a1a5
33,EulerE,NyanNyanDog,1188,1188,rnb1kb1r/p3pppp/1q3n2/R2P4/2p5/2B5/1P3PPP/1N1QKBNR w Kkq - 4 11,b5b6
33,EulerE,NyanNyanDog,1188,1188,rnb1kb1r/p3pppp/1q3n2/R2P4/2B5/2B5/1P3PPP/1N1QK1NR b Kkq - 0 11,f1c4
33,EulerE,NyanNyanDog,1188,1188,rnb1kb1r/p4ppp/1q3n2/R2Pp3/2B5/2B5/1P3PPP/1N1QK1NR w Kkq e6 0 12,e7e5
33,EulerE,NyanNyanDog,1188,1188,rnb1kb1r/p4ppp/1q2Pn2/R7/2B5/2B5/1P3PPP/1N1QK1NR b Kkq - 0 12,d5e6
33,EulerE,NyanNyanDog,1188,1188,rnb1kb1r/p5pp/1q2pn2/R7/2B5/2B5/1P3PPP/1N1QK1NR w Kkq - 0 13,f7e6
33,EulerE,NyanNyanDog,1188,1188,rnb1kb1r/p5pp/1q2pn2/R7/2B5/2B2N2/1P3PPP/1N1QK2R b Kkq - 1 13,g1f3
33,EulerE,NyanNyanDog,1188,1188,rnb1kb1r/p5pp/1q2p3/R7/2B1n3/2B2N2/1P3PPP/1N1QK2R w Kkq - 2 14,f6e4
33,EulerE,NyanNyanDog,1188,1188,rnb1kb1r/p5pp/1q2p3/8/2B1n3/2B2N2/1P3PPP/RN1QK2R b Kkq - 3 14,a5a1
33,EulerE,NyanNyanDog,1188,1188,rnb1k2r/p5pp/1q2p3/2b5/2B1n3/2B2N2/1P3PPP/RN1QK2R w Kkq - 4 15,f8c5
33,EulerE,NyanNyanDog,1188,1188,rnb1k2r/p5pp/1q2p3/2b5/2BNn3/2B5/1P3PPP/RN1QK2R b Kkq - 5 15,f3d4
33,EulerE,NyanNyanDog,1188,1188,rnb1k2r/p5pp/1q6/2b1p3/2BNn3/2B5/1P3PPP/RN1QK2R w Kkq - 0 16,e6e5
33,EulerE,NyanNyanDog,1188,1188,rnb1k2r/p5pp/1q6/2b1p2Q/2BNn3/2B5/1P3PPP/RN2K2R b Kkq - 1 16,d1h5
33,EulerE,NyanNyanDog,1188,1188,rnbk3r/p5pp/1q6/2b1p2Q/2BNn3/2B5/1P3PPP/RN2K2R w K - 2 17,e8d8
33,EulerE,NyanNyanDog,1188,1188,rnbk3r/p5pp/1q6/2b1Q3/2BNn3/2B5/1P3PPP/RN2K2R b K - 0 17,h5e5
33,EulerE,NyanNyanDog,1188,1188,rnbk3r/p5pp/1q6/2b1Q3/2BN4/2n5/1P3PPP/RN2K2R w K - 0 18,e4c3
33,EulerE,NyanNyanDog,1188,1188,rnbk3r/p5pp/1q6/2b1Q3/2BN4/2P5/5PPP/RN2K2R b K - 0 18,b2c3
33,EulerE,NyanNyanDog,1188,1188,rnbkr3/p5pp/1q6/2b1Q3/2BN4/2P5/5PPP/RN2K2R w K - 1 19,h8e8
33,EulerE,NyanNyanDog,1188,1188,rnbkr3/p5pp/1q2B3/2b1Q3/3N4/2P5/5PPP/RN2K2R b K - 2 19,c4e6
33,EulerE,NyanNyanDog,1188,1188,rn1kr3/p5pp/1q2b3/2b1Q3/3N4/2P5/5PPP/RN2K2R w K - 0 20,c8e6
33,EulerE,NyanNyanDog,1188,1188,rn1kr3/p5pp/1q2N3/2b1Q3/8/2P5/5PPP/RN2K2R b K - 0 20,d4e6
33,EulerE,NyanNyanDog,1188,1188,rn1k4/p5pp/1q2r3/2b1Q3/8/2P5/5PPP/RN2K2R w K - 0 21,e8e6
33,EulerE,NyanNyanDog,1188,1188,rn1k4/p5pp/1q2Q3/2b5/8/2P5/5PPP/RN2K2R b K - 0 21,e5e6
33,EulerE,NyanNyanDog,1188,1188,rn1k4/p5pp/4q3/2b5/8/2P5/5PPP/RN2K2R w K - 0 22,b6e6
34,SpotMooves64,EulerE,908,956,rnbqkbnr/pppppppp/8/8/4P3/8/PPPP1PPP/RNBQKBNR b KQkq - 0 1,e2e4
34,SpotMooves64,EulerE,908,956,rnbqkbnr/pppp1ppp/8/4p3/4P3/8/PPPP1PPP/RNBQKBNR w KQkq - 0 2,e7e5
34,SpotMooves64,EulerE,908,956,rnbqkbnr/pppp1ppp/8/4p3/4P3/5N2/PPPP1PPP/RNBQKB1R b KQkq - 1 2,g1f3
34,SpotMooves64,EulerE,908,956,r1bqkbnr/pppp1ppp/2n5/4p3/4P3/5N2/PPPP1PPP/RNBQKB1R w KQkq - 2 3,b8c6
34,SpotMooves64,EulerE,908,956,r1bqkbnr/pppp1ppp/2n5/4p3/2B1P3/5N2/PPPP1PPP/RNBQK2R b KQkq - 3 3,f1c4
34,SpotMooves64,EulerE,908,956,r1bqkb1r/pppp1ppp/2n2n2/4p3/2B1P3/5N2/PPPP1PPP/RNBQK2R w KQkq - 4 4,g8f6
34,SpotMooves64,EulerE,908,956,r1bqkb1r/pppp1ppp/2n2n2/4p3/2B1P3/5N2/PPPP1PPP/RNBQ1RK1 b kq - 5 4,e1g1
34,SpotMooves64,EulerE,908,956,r1bqk2r/pppp1ppp/2n2n2/2b1p3/2B1P3/5N2/PPPP1PPP/RNBQ1RK1 w kq - 6 5,f8c5
34,SpotMooves64,EulerE,908,956,r1bqk2r/pppp1ppp/2n2n2/2b1p3/2B1P3/2P2N2/PP1P1PPP/RNBQ1RK1 b kq - 0 5,c2c3
34,SpotMooves64,EulerE,908,956,r1bq1k1r/pppp1ppp/2n2n2/2b1p3/2B1P3/2P2N2/PP1P1PPP/RNBQ1RK1 w - - 1 6,e8f8
34,SpotMooves64,EulerE,908,956,r1bq1k1r/pppp1ppp/2n2n2/2b1p3/2BPP3/2P2N2/PP3PPP/RNBQ1RK1 b - - 0 6,d2d4
34,SpotMooves64,EulerE,908,956,r1bq1k1r/pppp1ppp/2n2n2/2b5/2BpP3/2P2N2/PP3PPP/RNBQ1RK1 w - - 0 7,e5d4
34,SpotMooves64,EulerE,908,956,r1bq1k1r/pppp1ppp/2n2n2/2b5/2BPP3/5N2/PP3PPP/RNBQ1RK1 b - - 0 7,c3d4
34,SpotMooves64,EulerE,908,956,r1bq1k1r/pppp1ppp/1bn2n2/8/2BPP3/5N2/PP3PPP/RNBQ1RK1 w - - 1 8,c5b6
34,SpotMooves64,EulerE,908,956,r1bq1k1r/pppp1ppp/1bn2n2/4P3/2BP4/5N2/PP3PPP/RNBQ1RK1 b - - 0 8,e4e5
34,SpotMooves64,EulerE,908,956,r1bq1knr/pppp1ppp/1bn5/4P3/2BP4/5N2/PP3PPP/RNBQ1RK1 w - - 1 9,f6g8
34,SpotMooves64,EulerE,908,956,r1bq1knr/pppp1ppp/1bn5/4P1B1/2BP4/5N2/PP3PPP/RN1Q1RK1 b - - 2 9,c1g5
34,SpotMooves64,EulerE,908,956,r1bq1knr/pppp2pp/1bn2p2/4P1B1/2BP4/5N2/PP3PPP/RN1Q1RK1 w - - 0 10,f7f6
34,SpotMooves64,EulerE,908,956,r1bq1knr/pppp2pp/1bn2P2/6B1/2BP4/5N2/PP3PPP/RN1Q1RK1 b - - 0 10,e5f6
34,SpotMooves64,EulerE,908,956,r1bq1k1r/pppp2pp/1bn2n2/6B1/2BP4/5N2/PP3PPP/RN1Q1RK1 w - - 0 11,g8f6
34,SpotMooves64,EulerE,908,956,r1bq1k1r/pppp2pp/1bn2n2/6B1/2BP4/1Q3N2/PP3PPP/RN3RK1 b - - 1 11,d1b3
34,SpotMooves64,EulerE,908,956,r1bq1k1r/pppp2pp/1b3n2/6B1/2Bn4/1Q3N2/PP3PPP/RN3RK1 w - - 0 12,c6d4
34,SpotMooves64,EulerE,908,956,r1bq1k1r/pppp2pp/1b3n2/6B1/2BN4/1Q6/PP3PPP/RN3RK1 b - - 0 12,f3d4
34,SpotMooves64,EulerE,908,956,r1bq1k1r/pppp2pp/5n2/6B1/2Bb4/1Q6/PP3PPP/RN3RK1 w - - 0 13,b6d4
34,SpotMooves64,EulerE,908,956,r1bq1k1r/pppp2pp/5n2/6B1/2Bb4/1Q6/PP3PPP/RN1R2K1 b - - 1 13,f1d1
34,SpotMooves64,EulerE,908,956,r1bq1k1r/ppp3pp/5n2/3p2B1/2Bb4/1Q6/PP3PPP/RN1R2K1 w - - 0 14,d7d5
34,SpotMooves64,EulerE,908,956,r1bq1k1r/ppp3pp/5n2/3p2B1/2BR4/1Q6/PP3PPP/RN4K1 b - - 0 14,d1d4
34,SpotMooves64,EulerE,908,956,r1bq1k1r/ppp3pp/5n2/6B1/2pR4/1Q6/PP3PPP/RN4K1 w - - 0 15,d5c4
34,SpotMooves64,EulerE,908,956,r1bR1k1r/ppp3pp/5n2/6B1/2p5/1Q6/PP3PPP/RN4K1 b - - 0 15,d4d8
34,SpotMooves64,EulerE,908,956,r1bR3r/ppp1k1pp/5n2/6B1/2p5/1Q6/PP3PPP/RN4K1 w - - 1 16,f8e7
34,SpotMooves64,EulerE,908,956,r1bR3r/ppp1k1pp/5n2/6B1/2p5/8/PP3PPP/RN1Q2K1 b - - 2 16,b3d1
34,SpotMooves64,EulerE,908,956,r1br4/ppp1k1pp/5n2/6B1/2p5/8/PP3PPP/RN1Q2K1 w - - 0 17,h8d8
34,SpotMooves64,EulerE,908,956,r1br4/ppp1k1pp/5B2/8/2p5/8/PP3PPP/RN1Q2K1 b - - 0 17,g5f6
34,SpotMooves64,EulerE,908,956,r1br4/ppp3pp/5k2/8/2p5/8/PP3PPP/RN1Q2K1 w - - 0 18,e7f6
34,SpotMooves64,EulerE,908,956,r1bQ4/ppp3pp/5k2/8/2p5/8/PP3PPP/RN4K1 b - - 0 18,d1d8
34,SpotMooves64,EulerE,908,956,r1bQ4/ppp2kpp/8/8/2p5/8/PP3PPP/RN4K1 w - - 1 19,f6f7
34,SpotMooves64,EulerE,908,956,r1bQ4/ppp2kpp/8/8/2p5/2N5/PP3PPP/R5K1 b - - 2 19,b1c3
34,SpotMooves64,EulerE,908,956,r2Q4/ppp2kpp/4b3/8/2p5/2N5/PP3PPP/R5K1 w - - 3 20,c8e6
34,SpotMooves64,EulerE,908,956,r2Q4/ppp2kpp/4b3/8/2p1N3/8/PP3PPP/R5K1 b - - 4 20,c3e4
34,SpotMooves64,EulerE,908,956,3r4/ppp2kpp/4b3/8/2p1N3/8/PP3PPP/R5K1 w - - 0 21,a8d8
34,SpotMooves64,EulerE,908,956,3r4/ppp2kpp/4b3/8/2p1N3/8/PP3PPP/4R1K1 b - - 1 21,a1e1
34,SpotMooves64,EulerE,908,956,3r4/ppp2kpp/8/5b2/2p1N3/8/PP3PPP/4R1K1 w - - 2 22,e6f5
34,SpotMooves64,EulerE,908,956,3r4/ppp2kpp/8/5b2/2p5/6N1/PP3PPP/4R1K1 b - - 3 22,e4g3
34,SpotMooves64,EulerE,908,956,3r4/ppp2kpp/6b1/8/2p5/6N1/PP3PPP/4R1K1 w - - 4 23,f5g6
34,SpotMooves64,EulerE,908,956,3r4/ppp2kpp/6b1/8/2p5/6NP/PP3PP1/4R1K1 b - - 0 23,h2h3
34,SpotMooves64,EulerE,908,956,8/ppp2kpp/6b1/8/2p5/6NP/PP1r1PP1/4R1K1 w - - 1 24,d8d2
34,SpotMooves64,EulerE,908,956,8/ppp2kpp/6b1/8/2p5/6NP/PP1r1PPK/4R3 b - - 2 24,g1h2
34,SpotMooves64,EulerE,908,956,8/ppp2kpp/6b1/8/2p5/6NP/Pr3PPK/4R3 w - - 0 25,d2b2
34,SpotMooves64,EulerE,908,956,8/ppp2kpp/6b1/8/2p5/6NP/Pr3PPK/2R5 b - - 1 25,e1c1
34,SpotMooves64,EulerE,908,956,8/ppp2kpp/6b1/8/8/2p3NP/Pr3PPK/2R5 w - - 0 26,c4c3
34,SpotMooves64,EulerE,908,956,8/ppp2kpp/6b1/8/8/2R3NP/Pr3PPK/8 b - - 0 26,c1c3
34,SpotMooves64,EulerE,908,956,8/ppp2kpp/6b1/8/8/2R3NP/P1r2PPK/8 w - - 1 27,b2c2
34,SpotMooves64,EulerE,908,956,8/ppp2kpp/6b1/8/8/6NP/P1R2PPK/8 b - - 0 27,c3c2
34,SpotMooves64,EulerE,908,956,8/ppp2kpp/8/8/8/6NP/P1b2PPK/8 w - - 0 28,g6c2
34,SpotMooves64,EulerE,908,956,8/ppp2kpp/8/8/4N3/7P/P1b2PPK/8 b - - 1 28,g3e4
34,SpotMooves64,EulerE,908,956,8/pp3kpp/8/2p5/4N3/7P/P1b2PPK/8 w - - 0 29,c7c5
34,SpotMooves64,EulerE,908,956,8/pp3kpp/8/2p5/4N3/5P1P/P1b3PK/8 b - - 0 29,f2f3
34,SpotMooves64,EulerE,908,956,8/pp3kpp/8/2p5/4b3/5P1P/P5PK/8 w - - 0 30,c2e4
34,SpotMooves64,EulerE,908,956,8/pp3kpp/8/2p5/4P3/7P/P5PK/8 b - - 0 30,f3e4
34,SpotMooves64,EulerE,908,956,8/pp3kpp/8/8/2p1P3/7P/P5PK/8 w - - 0 31,c5c4
34,SpotMooves64,EulerE,908,956,8/pp3kpp/8/8/2p1P3/7P/P5P1/6K1 b - - 1 31,h2g1
34,SpotMooves64,EulerE,908,956,8/pp3kpp/8/8/4P3/2p4P/P5P1/6K1 w - - 0 32,c4c3
34,SpotMooves64,EulerE,908,956,8/pp3kpp/8/8/4P3/2p4P/P4KP1/8 b - - 1 32,g1f2
34,SpotMooves64,EulerE,908,956,8/pp3kpp/8/8/4P3/7P/P1p2KP1/8 w - - 0 33,c3c2
34,SpotMooves64,EulerE,908,956,8/pp3kpp/8/8/4P3/7P/P1p1K1P1/8 b - - 1 33,f2e2
34,SpotMooves64,EulerE,908,956,8/pp3kpp/8/8/4P3/7P/P3K1P1/2q5 w - - 0 34,c2c1q
34,SpotMooves64,EulerE,908,956,8/pp3kpp/8/8/4P3/5K1P/P5P1/2q5 b - - 1 34,e2f3
34,SpotMooves64,EulerE,908,956,8/pp3kpp/8/2q5/4P3/5K1P/P5P1/8 w - - 2 35,c1c5
34,SpotMooves64,EulerE,908,956,8/pp3kpp/8/2q5/4P1P1/5K1P/P7/8 b - - 0 35,g2g4
34,SpotMooves64,EulerE,908,956,8/pp4pp/4k3/2q5/4P1P1/5K1P/P7/8 w - - 1 36,f7e6
34,SpotMooves64,EulerE,908,956,8/pp4pp/4k3/2q5/4P1PP/5K2/P7/8 b - - 0 36,h3h4
34,SpotMooves64,EulerE,908,956,8/pp4pp/4k3/4q3/4P1PP/5K2/P7/8 w - - 1 37,c5e5
34,SpotMooves64,EulerE,908,956,8/pp4pp/4k3/4q3/4P1PP/4K3/P7/8 b - - 2 37,f3e3
34,SpotMooves64,EulerE,908,956,8/p5pp/4k3/1p2q3/4P1PP/4K3/P7/8 w - - 0 38,b7b5
34,SpotMooves64,EulerE,908,956,8/p5pp/4k3/1p2q3/4P1PP/P3K3/8/8 b - - 0 38,a2a3
34,SpotMooves64,EulerE,908,956,8/6pp/4k3/pp2q3/4P1PP/P3K3/8/8 w - - 0 39,a7a5
34,SpotMooves64,EulerE,908,956,8/6pp/4k3/pp2q1P1/4P2P/P3K3/8/8 b - - 0 39,g4g5
34,SpotMooves64,EulerE,908,956,8/6pp/4k3/p3q1P1/1p2P2P/P3K3/8/8 w - - 0 40,b5b4
34,SpotMooves64,EulerE,908,956,8/6pp/4k3/p3q1P1/1P2P2P/4K3/8/8 b - - 0 40,a3b4
34,SpotMooves64,EulerE,908,956,8/6pp/4k3/4q1P1/1p2P2P/4K3/8/8 w - - 0 41,a5b4
34,SpotMooves64,EulerE,908,956,8/6pp/4k3/4q1PP/1p2P3/4K3/8/8 b - - 0 41,h4h5
34,SpotMooves64,EulerE,908,956,8/6pp/4k3/4q1PP/4P3/1p2K3/8/8 w - - 0 42,b4b3
34,SpotMooves64,EulerE,908,956,8/6pp/4k1P1/4q2P/4P3/1p2K3/8/8 b - - 0 42,g5g6
34,SpotMooves64,EulerE,908,956,8/6p1/4k1Pp/4q2P/4P3/1p2K3/8/8 w - - 0 43,h7h6
34,SpotMooves64,EulerE,908,956,8/6p1/4k1Pp/4q2P/4P3/1p6/3K4/8 b - - 1 43,e3d2
34,SpotMooves64,EulerE,908,956,8/6p1/4k1Pp/4q2P/4P3/8/1p1K4/8 w - - 0 44,b3b2
34,SpotMooves64,EulerE,908,956,8/6p1/4k1Pp/4q2P/4P3/8/1pK5/8 b - - 1 44,d2c2
34,SpotMooves64,EulerE,908,956,8/6p1/4k1Pp/7P/3qP3/8/1pK5/8 w - - 2 45,e5d4
34,SpotMooves64,EulerE,908,956,8/6p1/4k1Pp/7P/3qP3/8/1p6/1K6 b - - 3 45,c2b1
34,SpotMooves64,EulerE,908,956,8/6p1/4k1Pp/7P/4q3/8/1p6/1K6 w - - 0 46,d4e4
34,SpotMooves64,EulerE,908,956,8/6p1/4k1Pp/7P/4q3/8/1K6/8 b - - 0 46,b1b2
34,SpotMooves64,EulerE,908,956,8/6p1/4k1Pp/7P/6q1/8/1K6/8 w - - 1 47,e4g4
34,SpotMooves64,EulerE,908,956,8/6p1/4k1Pp/7P/6q1/2K5/8/8 b - - 2 47,b2c3
34,SpotMooves64,EulerE,908,956,8/6p1/4k1Pp/7q/8/2K5/8/8 w - - 0 48,g4h5
35,EulerE,ferry0225,1197,1216,rnbqkbnr/pppppppp/8/8/3P4/8/PPP1PPPP/RNBQKBNR b KQkq - 0 1,d2d4
35,EulerE,ferry0225,1197,1216,rnbqkbnr/ppp1pppp/8/3p4/3P4/8/PPP1PPPP/RNBQKBNR w KQkq - 0 2,d7d5
35,EulerE,ferry0225,1197,1216,rnbqkbnr/ppp1pppp/8/3p4/2PP4/8/PP2PPPP/RNBQKBNR b KQkq - 0 2,c2c4
35,EulerE,ferry0225,1197,1216,rnbqkbnr/ppp1pppp/8/8/2pP4/8/PP2PPPP/RNBQKBNR w KQkq - 0 3,d5c4
35,EulerE,ferry0225,1197,1216,rnbqkbnr/ppp1pppp/8/8/2pPP3/8/PP3PPP/RNBQKBNR b KQkq - 0 3,e2e4
35,EulerE,ferry0225,1197,1216,r1bqkbnr/ppp1pppp/2n5/8/2pPP3/8/PP3PPP/RNBQKBNR w KQkq - 1 4,b8c6
35,EulerE,ferry0225,1197,1216,r1bqkbnr/ppp1pppp/2n5/8/2pPP3/5N2/PP3PPP/RNBQKB1R b KQkq - 2 4,g1f3
35,EulerE,ferry0225,1197,1216,r2qkbnr/ppp1pppp/2n5/8/2pPP1b1/5N2/PP3PPP/RNBQKB1R w KQkq - 3 5,c8g4
35,EulerE,ferry0225,1197,1216,r2qkbnr/ppp1pppp/2n5/3P4/2p1P1b1/5N2/PP3PPP/RNBQKB1R b KQkq - 0 5,d4d5
35,EulerE,ferry0225,1197,1216,r2qkbnr/ppp1pppp/8/n2P4/2p1P1b1/5N2/PP3PPP/RNBQKB1R w KQkq - 1 6,c6a5
35,EulerE,ferry0225,1197,1216,r2qkbnr/ppp1pppp/8/n2P4/Q1p1P1b1/5N2/PP3PPP/RNB1KB1R b KQkq - 2 6,d1a4
35,EulerE,ferry0225,1197,1216,r2qkbnr/pp2pppp/2p5/n2P4/Q1p1P1b1/5N2/PP3PPP/RNB1KB1R w KQkq - 0 7,c7c6
35,EulerE,ferry0225,1197,1216,r2qkbnr/pp2pppp/2P5/n7/Q1p1P1b1/5N2/PP3PPP/RNB1KB1R b KQkq - 0 7,d5c6
35,EulerE,ferry0225,1197,1216,r2qkbnr/p3pppp/1pP5/n7/Q1p1P1b1/5N2/PP3PPP/RNB1KB1R w KQkq - 0 8,b7b6
35,EulerE,ferry0225,1197,1216,r2qkbnr/p1P1pppp/1p6/n7/Q1p1P1b1/5N2/PP3PPP/RNB1KB1R b KQkq - 0 8,c6c7
35,EulerE,ferry0225,1197,1216,r3kbnr/p1Pqpppp/1p6/n7/Q1p1P1b1/5N2/PP3PPP/RNB1KB1R w KQkq - 1 9,d8d7
35,EulerE,ferry0225,1197,1216,r3kbnr/p1PQpppp/1p6/n7/2p1P1b1/5N2/PP3PPP/RNB1KB1R b KQkq - 0 9,a4d7
35,EulerE,ferry0225,1197,1216,r4bnr/p1Pkpppp/1p6/n7/2p1P1b1/5N2/PP3PPP/RNB1KB1R w KQ - 0 10,e8d7
35,EulerE,ferry0225,1197,1216,r4bnr/p1Pkpppp/1p6/n7/2p1P1b1/5N2/PP2BPPP/RNB1K2R b KQ - 1 10,f1e2
35,EulerE,ferry0225,1197,1216,r4b1r/p1Pkpppp/1p3n2/n7/2p1P1b1/5N2/PP2BPPP/RNB1K2R w KQ - 2 11,g8f6
35,EulerE,ferry0225,1197,1216,r4b1r/p1Pkpppp/1p3n2/n7/2p1P1b1/2N2N2/PP2BPPP/R1B1K2R b KQ - 3 11,b1c3
35,EulerE,ferry0225,1197,1216,r4b1r/p1k1pppp/1p3n2/n7/2p1P1b1/2N2N2/PP2BPPP/R1B1K2R w KQ - 0 12,d7c7
35,EulerE,ferry0225,1197,1216,r4b1r/p1k1pppp/1p3n2/n7/2p1PBb1/2N2N2/PP2BPPP/R3K2R b KQ - 1 12,c1f4
35,EulerE,ferry0225,1197,1216,r4b1r/pk2pppp/1p3n2/n7/2p1PBb1/2N2N2/PP2BPPP/R3K2R w KQ - 2 13,c7b7
35,EulerE,ferry0225,1197,1216,r4b1r/pk2pppp/1p3n2/n3P3/2p2Bb1/2N2N2/PP2BPPP/R3K2R b KQ - 0 13,e4e5
35,EulerE,ferry0225,1197,1216,r4b1r/pk2pppp/1p6/n3P2n/2p2Bb1/2N2N2/PP2BPPP/R3K2R w KQ - 1 14,f6h5
35,EulerE,ferry0225,1197,1216,r4b1r/pk2pppp/1p6/n3P2n/2p3b1/2N2NB1/PP2BPPP/R3K2R b KQ - 2 14,f4g3
35,EulerE,ferry0225,1197,1216,r4b1r/pk2pppp/1p6/n3P3/2p3b1/2N2Nn1/PP2BPPP/R3K2R w KQ - 0 15,h5g3
35,EulerE,ferry0225,1197,1216,r4b1r/pk2pppp/1p6/n3P3/2p3b1/2N2NP1/PP2BPP1/R3K2R b KQ - 0 15,h2g3
35,EulerE,ferry0225,1197,1216,r4b1r/pk3ppp/1p2p3/n3P3/2p3b1/2N2NP1/PP2BPP1/R3K2R w KQ - 0 16,e7e6
35,EulerE,ferry0225,1197,1216,r4b1r/pk3ppp/1p2p3/n3P3/2p3b1/2N2NP1/PP2BPP1/2KR3R b - - 1 16,e1c1
35,EulerE,ferry0225,1197,1216,r6r/pk3ppp/1p2p3/n3P3/1bp3b1/2N2NP1/PP2BPP1/2KR3R w - - 2 17,f8b4
35,EulerE,ferry0225,1197,1216,r6r/pk3ppp/1p2p3/nN2P3/1bp3b1/5NP1/PP2BPP1/2KR3R b - - 3 17,c3b5
35,EulerE,ferry0225,1197,1216,r2r4/pk3ppp/1p2p3/nN2P3/1bp3b1/5NP1/PP2BPP1/2KR3R w - - 4 18,h8d8
35,EulerE,ferry0225,1197,1216,r2r4/pk3ppp/1p1Np3/n3P3/1bp3b1/5NP1/PP2BPP1/2KR3R b - - 5 18,b5d6
35,EulerE,ferry0225,1197,1216,r2r4/pk3ppp/1p1bp3/n3P3/2p3b1/5NP1/PP2BPP1/2KR3R w - - 0 19,b4d6
35,EulerE,ferry0225,1197,1216,r2r4/pk3ppp/1p1Rp3/n3P3/2p3b1/5NP1/PP2BPP1/2K4R b - - 0 19,d1d6
35,EulerE,ferry0225,1197,1216,r7/pk3ppp/1p1rp3/n3P3/2p3b1/5NP1/PP2BPP1/2K4R w - - 0 20,d8d6
35,EulerE,ferry0225,1197,1216,r7/pk3ppp/1p1Pp3/n7/2p3b1/5NP1/PP2BPP1/2K4R b - - 0 20,e5d6
35,EulerE,ferry0225,1197,1216,3r4/pk3ppp/1p1Pp3/n7/2p3b1/5NP1/PP2BPP1/2K4R w - - 1 21,a8d8
35,EulerE,ferry0225,1197,1216,3r4/pk3ppp/1p1Pp3/n7/2p3b1/5NP1/PP2BPP1/2KR4 b - - 2 21,h1d1
35,EulerE,ferry0225,1197,1216,3r4/pk3ppp/3Pp3/np6/2p3b1/5NP1/PP2BPP1/2KR4 w - - 0 22,b6b5
35,EulerE,ferry0225,1197,1216,3r4/pk1P1ppp/4p3/np6/2p3b1/5NP1/PP2BPP1/2KR4 b - - 0 22,d6d7
35,EulerE,ferry0225,1197,1216,3r4/pk1P2pp/4pp2/np6/2p3b1/5NP1/PP2BPP1/2KR4 w - - 0 23,f7f6
35,EulerE,ferry0225,1197,1216,3r4/pk1P2pp/4pp2/np6/2pR2b1/5NP1/PP2BPP1/2K5 b - - 1 23,d1d4
35,EulerE,ferry0225,1197,1216,3r4/pk1P2pp/5p2/np2p3/2pR2b1/5NP1/PP2BPP1/2K5 w - - 0 24,e6e5
35,EulerE,ferry0225,1197,1216,3r4/pk1P2pp/5p2/np2p3/2p3R1/5NP1/PP2BPP1/2K5 b - - 0 24,d4g4
35,EulerE,ferry0225,1197,1216,3r4/pk1P3p/5p2/np2p1p1/2p3R1/5NP1/PP2BPP1/2K5 w - - 0 25,g7g5
35,EulerE,ferry0225,1197,1216,3r4/pk1P3p/5p2/np2N1p1/2p3R1/6P1/PP2BPP1/2K5 b - - 0 25,f3e5
35,EulerE,ferry0225,1197,1216,3r4/pk1P3p/8/np2p1p1/2p3R1/6P1/PP2BPP1/2K5 w - - 0 26,f6e5
35,EulerE,ferry0225,1197,1216,3r4/pk1P3p/8/np2p1R1/2p5/6P1/PP2BPP1/2K5 b - - 0 26,g4g5
35,EulerE,ferry0225,1197,1216,8/pk1r3p/8/np2p1R1/2p5/6P1/PP2BPP1/2K5 w - - 0 27,d8d7
35,EulerE,ferry0225,1197,1216,8/pk1r3p/8/np2R3/2p5/6P1/PP2BPP1/2K5 b - - 0 27,g5e5
35,EulerE,ferry0225,1197,1216,8/pk1r3p/2n5/1p2R3/2p5/6P1/PP2BPP1/2K5 w - - 1 28,a5c6
35,EulerE,ferry0225,1197,1216,8/pk1r3p/2n5/1p2R3/2p5/5BP1/PP3PP1/2K5 b - - 2 28,e2f3
35,EulerE,ferry0225,1197,1216,8/p2r3p/1kn5/1p2R3/2p5/5BP1/PP3PP1/2K5 w - - 3 29,b7b6
35,EulerE,ferry0225,1197,1216,8/p2r3p/1kn1R3/1p6/2p5/5BP1/PP3PP1/2K5 b - - 4 29,e5e6
35,EulerE,ferry0225,1197,1216,8/p1r4p/1kn1R3/1p6/2p5/5BP1/PP3PP1/2K5 w - - 5 30,d7c7
35,EulerE,ferry0225,1197,1216,8/p1r4p/1kB1R3/1p6/2p5/6P1/PP3PP1/2K5 b - - 0 30,f3c6
35,EulerE,ferry0225,1197,1216,8/p6p/1kr1R3/1p6/2p5/6P1/PP3PP1/2K5 w - - 0 31,c7c6
35,EulerE,ferry0225,1197,1216,8/p3R2p/1kr5/1p6/2p5/6P1/PP3PP1/2K5 b - - 1 31,e6e7
35,EulerE,ferry0225,1197,1216,8/p3R3/1kr5/1p5p/2p5/6P1/PP3PP1/2K5 w - - 0 32,h7h5
35,EulerE,ferry0225,1197,1216,8/p6R/1kr5/1p5p/2p5/6P1/PP3PP1/2K5 b - - 1 32,e7h7
35,EulerE,ferry0225,1197,1216,8/p6R/1k6/1pr4p/2p5/6P1/PP3PP1/2K5 w - - 2 33,c6c5
35,EulerE,ferry0225,1197,1216,8/p6R/1k6/1pr4p/2p2P2/6P1/PP4P1/2K5 b - - 0 33,f2f4
35,EulerE,ferry0225,1197,1216,8/7R/1k6/ppr4p/2p2P2/6P1/PP4P1/2K5 w - - 0 34,a7a5
35,EulerE,ferry0225,1197,1216,8/8/1k5R/ppr4p/2p2P2/6P1/PP4P1/2K5 b - - 1 34,h7h6
35,EulerE,ferry0225,1197,1216,8/2k5/7R/ppr4p/2p2P2/6P1/PP4P1/2K5 w - - 2 35,b6c7
35,EulerE,ferry0225,1197,1216,8/2k5/7R/ppr4p/2p2P2/6P1/PP1K2P1/8 b - - 3 35,c1d2
35,EulerE,ferry0225,1197,1216,8/2k5/7R/pp1r3p/2p2P2/6P1/PP1K2P1/8 w - - 4 36,c5d5
35,EulerE,ferry0225,1197,1216,8/2k5/7R/pp1r3p/2p2P2/2K3P1/PP4P1/8 b - - 5 36,d2c3
35,EulerE,ferry0225,1197,1216,8/2k5/7R/pp5p/2p2P2/2Kr2P1/PP4P1/8 w - - 6 37,d5d3
35,EulerE,ferry0225,1197,1216,8/2k5/7R/pp5p/2p2P2/3r2P1/PPK3P1/8 b - - 7 37,c3c2
35,EulerE,ferry0225,1197,1216,8/2k5/7R/pp5p/2p2P2/6r1/PPK3P1/8 w - - 0 38,d3g3
35,EulerE,ferry0225,1197,1216,8/2k5/8/pp5R/2p2P2/6r1/PPK3P1/8 b - - 0 38,h6h5
35,EulerE,ferry0225,1197,1216,8/8/2k5/pp5R/2p2P2/6r1/PPK3P1/8 w - - 1 39,c7c6
35,EulerE,ferry0225,1197,1216,8/8/2k5/pp4R1/2p2P2/6r1/PPK3P1/8 b - - 2 39,h5g5
35,EulerE,ferry0225,1197,1216,8/8/2k5/pp4R1/2p2P2/4r3/PPK3P1/8 w - - 3 40,g3e3
35,EulerE,ferry0225,1197,1216,8/8/2k5/pp4R1/2p2P2/4r3/PP1K2P1/8 b - - 4 40,c2d2
35,EulerE,ferry0225,1197,1216,8/8/2k5/pp4R1/2p1rP2/8/PP1K2P1/8 w - - 5 41,e3e4
35,EulerE,ferry0225,1197,1216,8/8/2k5/pp3PR1/2p1r3/8/PP1K2P1/8 b - - 0 41,f4f5
35,EulerE,ferry0225,1197,1216,8/8/2k5/pp3PR1/2pr4/8/PP1K2P1/8 w - - 1 42,e4d4
35,EulerE,ferry0225,1197,1216,8/8/2k5/pp3PR1/2pr4/2K5/PP4P1/8 b - - 2 42,d2c3
35,EulerE,ferry0225,1197,1216,8/8/2k5/pp1r1PR1/2p5/2K5/PP4P1/8 w - - 3 43,d4d5
35,EulerE,ferry0225,1197,1216,8/8/2k3R1/pp1r1P2/2p5/2K5/PP4P1/8 b - - 4 43,g5g6
35,EulerE,ferry0225,1197,1216,8/8/6R1/ppkr1P2/2p5/2K5/PP4P1/8 w - - 5 44,c6c5
35,EulerE,ferry0225,1197,1216,8/8/5PR1/ppkr4/2p5/2K5/PP4P1/8 b - - 0 44,f5f6
35,EulerE,ferry0225,1197,1216,8/8/5PR1/p1kr4/1pp5/2K5/PP4P1/8 w - - 0 45,b5b4
35,EulerE,ferry0225,1197,1216,8/8/5PR1/p1kr4/1pp5/8/PPK3P1/8 b - - 1 45,c3c2
35,EulerE,ferry0225,1197,1216,8/8/3r1PR1/p1k5/1pp5/8/PPK3P1/8 w - - 2 46,d5d6
35,EulerE,ferry0225,1197,1216,8/5P2/3r2R1/p1k5/1pp5/8/PPK3P1/8 b - - 0 46,f6f7
36,WhoooooooCares,EulerE,1246,1190,rnbqkbnr/pppppppp/8/8/3P4/8/PPP1PPPP/RNBQKBNR b KQkq - 0 1,d2d4
36,WhoooooooCares,EulerE,1246,1190,rnbqkbnr/ppp1pppp/8/3p4/3P4/8/PPP1PPPP/RNBQKBNR w KQkq - 0 2,d7d5
36,WhoooooooCares,EulerE,1246,1190,rnbqkbnr/ppp1pppp/8/3p4/3P4/5N2/PPP1PPPP/RNBQKB1R b KQkq - 1 2,g1f3
36,WhoooooooCares,EulerE,1246,1190,r1bqkbnr/ppp1pppp/2n5/3p4/3P4/5N2/PPP1PPPP/RNBQKB1R w KQkq - 2 3,b8c6
36,WhoooooooCares,EulerE,1246,1190,r1bqkbnr/ppp1pppp/2n5/3p4/3P4/4PN2/PPP2PPP/RNBQKB1R b KQkq - 0 3,e2e3
36,WhoooooooCares,EulerE,1246,1190,r1bqkb1r/ppp1pppp/2n2n2/3p4/3P4/4PN2/PPP2PPP/RNBQKB1R w KQkq - 1 4,g8f6
36,WhoooooooCares,EulerE,1246,1190,r1bqkb1r/ppp1pppp/2n2n2/3p4/3P4/3BPN2/PPP2PPP/RNBQK2R b KQkq - 2 4,f1d3
36,WhoooooooCares,EulerE,1246,1190,r1bqkb1r/ppp1pp1p/2n2np1/3p4/3P4/3BPN2/PPP2PPP/RNBQK2R w KQkq - 0 5,g7g6
36,WhoooooooCares,EulerE,1246,1190,r1bqkb1r/ppp1pp1p/2n2np1/3p4/3P4/2PBPN2/PP3PPP/RNBQK2R b KQkq - 0 5,c2c3
36,WhoooooooCares,EulerE,1246,1190,r1bqk2r/ppp1ppbp/2n2np1/3p4/3P4/2PBPN2/PP3PPP/RNBQK2R w KQkq - 1 6,f8g7
36,WhoooooooCares,EulerE,1246,1190,r1bqk2r/ppp1ppbp/2n2np1/3p4/3P4/2PBPN2/PP1N1PPP/R1BQK2R b KQkq - 2 6,b1d2
36,WhoooooooCares,EulerE,1246,1190,r1bq1rk1/ppp1ppbp/2n2np1/3p4/3P4/2PBPN2/PP1N1PPP/R1BQK2R w KQ - 3 7,e8g8
36,WhoooooooCares,EulerE,1246,1190,r1bq1rk1/ppp1ppbp/2n2np1/3p4/3P4/2PBPN2/PP1N1PPP/R1BQ1RK1 b - - 4 7,e1g1
36,WhoooooooCares,EulerE,1246,1190,r1bqr1k1/ppp1ppbp/2n2np1/3p4/3P4/2PBPN2/PP1N1PPP/R1BQ1RK1 w - - 5 8,f8e8
36,WhoooooooCares,EulerE,1246,1190,r1bqr1k1/ppp1ppbp/2n2np1/3p4/3PP3/2PB1N2/PP1N1PPP/R1BQ1RK1 b - - 0 8,e3e4
36,WhoooooooCares,EulerE,1246,1190,r1bqr1k1/ppp2pbp/2n2np1/3pp3/3PP3/2PB1N2/PP1N1PPP/R1BQ1RK1 w - - 0 9,e7e5
36,WhoooooooCares,EulerE,1246,1190,r1bqr1k1/ppp2pbp/2n2np1/3pp3/2PPP3/3B1N2/PP1N1PPP/R1BQ1RK1 b - - 0 9,c3c4
36,WhoooooooCares,EulerE,1246,1190,r1bqr1k1/ppp2pbp/2n2np1/4p3/2pPP3/3B1N2/PP1N1PPP/R1BQ1RK1 w - - 0 10,d5c4
36,WhoooooooCares,EulerE,1246,1190,r1bqr1k1/ppp2pbp/2n2np1/4p3/2NPP3/3B1N2/PP3PPP/R1BQ1RK1 b - - 0 10,d2c4
36,WhoooooooCares,EulerE,1246,1190,r1bqr1k1/ppp2pbp/2n2np1/8/2NpP3/3B1N2/PP3PPP/R1BQ1RK1 w - - 0 11,e5d4
36,WhoooooooCares,EulerE,1246,1190,r1bqr1k1/ppp2pbp/2n2np1/8/2NpP3/3B1N2/PP3PPP/R1BQR1K1 b - - 1 11,f1e1
36,WhoooooooCares,EulerE,1246,1190,r2qr1k1/ppp2pbp/2n2np1/8/2NpP1b1/3B1N2/PP3PPP/R1BQR1K1 w - - 2 12,c8g4
36,WhoooooooCares,EulerE,1246,1190,r2qr1k1/ppp2pbp/2n2np1/6B1/2NpP1b1/3B1N2/PP3PPP/R2QR1K1 b - - 3 12,c1g5
36,WhoooooooCares,EulerE,1246,1190,r2qr1k1/ppp2pbp/5np1/4n1B1/2NpP1b1/3B1N2/PP3PPP/R2QR1K1 w - - 4 13,c6e5
36,WhoooooooCares,EulerE,1246,1190,r2qr1k1/ppp2pbp/5np1/4N1B1/3pP1b1/3B1N2/PP3PPP/R2QR1K1 b - - 0 13,c4e5
36,WhoooooooCares,EulerE,1246,1190,r2q2k1/ppp2pbp/5np1/4r1B1/3pP1b1/3B1N2/PP3PPP/R2QR1K1 w - - 0 14,e8e5
36,WhoooooooCares,EulerE,1246,1190,r2q2k1/ppp2pbp/5np1/4r3/3pP1bB/3B1N2/PP3PPP/R2QR1K1 b - - 1 14,g5h4
36,WhoooooooCares,EulerE,1246,1190,r5k1/ppp2pbp/3q1np1/4r3/3pP1bB/3B1N2/PP3PPP/R2QR1K1 w - - 2 15,d8d6
36,WhoooooooCares,EulerE,1246,1190,r5k1/ppp2pbp/3q1np1/4r3/3pP1bB/3B1N1P/PP3PP1/R2QR1K1 b - - 0 15,h2h3
36,WhoooooooCares,EulerE,1246,1190,r5k1/ppp2pbp/3q1np1/4r3/3pP2B/3B1b1P/PP3PP1/R2QR1K1 w - - 0 16,g4f3
36,WhoooooooCares,EulerE,1246,1190,r5k1/ppp2pbp/3q1np1/4r3/3pP2B/3B1Q1P/PP3PP1/R3R1K1 b - - 0 16,d1f3
36,WhoooooooCares,EulerE,1246,1190,4r1k1/ppp2pbp/3q1np1/4r3/3pP2B/3B1Q1P/PP3PP1/R3R1K1 w - - 1 17,a8e8
36,WhoooooooCares,EulerE,1246,1190,4r1k1/ppp2pbp/3q1np1/4r3/3pP3/3B1QBP/PP3PP1/R3R1K1 b - - 2 17,h4g3
36,WhoooooooCares,EulerE,1246,1190,4r1k1/ppp2pbp/3q2p1/4r2n/3pP3/3B1QBP/PP3PP1/R3R1K1 w - - 3 18,f6h5
36,WhoooooooCares,EulerE,1246,1190,4r1k1/ppp2pbp/3q2p1/4B2n/3pP3/3B1Q1P/PP3PP1/R3R1K1 b - - 0 18,g3e5
36,WhoooooooCares,EulerE,1246,1190,4r1k1/ppp2p1p/3q2p1/4b2n/3pP3/3B1Q1P/PP3PP1/R3R1K1 w - - 0 19,g7e5
36,WhoooooooCares,EulerE,1246,1190,4r1k1/ppp2p1p/3q2p1/4b2n/3pP3/3B3P/PP3PP1/R2QR1K1 b - - 1 19,f3d1
36,WhoooooooCares,EulerE,1246,1190,4r1k1/ppp2p1p/3q2p1/4b3/3pPn2/3B3P/PP3PP1/R2QR1K1 w - - 2 20,h5f4
36,WhoooooooCares,EulerE,1246,1190,4r1k1/ppp2p1p/3q2p1/4b3/3pPn2/3B2PP/PP3P2/R2QR1K1 b - - 0 20,g2g3
36,WhoooooooCares,EulerE,1246,1190,4r1k1/ppp2p1p/3q2p1/4b3/3pP3/3B2Pn/PP3P2/R2QR1K1 w - - 0 21,f4h3
36,WhoooooooCares,EulerE,1246,1190,4r1k1/ppp2p1p/3q2p1/4b3/3pP3/3B2Pn/PP3PK1/R2QR3 b - - 1 21,g1g2
36,WhoooooooCares,EulerE,1246,1190,4r1k1/ppp2p1p/3q2p1/4b1n1/3pP3/3B2P1/PP3PK1/R2QR3 w - - 2 22,h3g5
36,WhoooooooCares,EulerE,1246,1190,4r1k1/ppp2p1p/3q2p1/4b1n1/3pPP2/3B2P1/PP4K1/R2QR3 b - - 0 22,f2f4
36,WhoooooooCares,EulerE,1246,1190,4r1k1/ppp2p1p/3q2p1/6n1/3pPb2/3B2P1/PP4K1/R2QR3 w - - 0 23,e5f4
36,WhoooooooCares,EulerE,1246,1190,4r1k1/ppp2p1p/3q2p1/6n1/3pPP2/3B4/PP4K1/R2QR3 b - - 0 23,g3f4
36,WhoooooooCares,EulerE,1246,1190,4r1k1/ppp2p1p/6p1/6n1/3pPq2/3B4/PP4K1/R2QR3 w - - 0 24,d6f4
36,WhoooooooCares,EulerE,1246,1190,4r1k1/ppp2p1p/6p1/6n1/3pPq2/3B4/PP4K1/R2Q1R2 b - - 1 24,e1f1
36,WhoooooooCares,EulerE,1246,1190,4r1k1/ppp2p1p/6p1/6n1/3pP3/3Bq3/PP4K1/R2Q1R2 w - - 2 25,f4e3
36,WhoooooooCares,EulerE,1246,1190,4r1k1/ppp2p1p/6p1/6n1/3pP3/3Bq3/PP2Q1K1/R4R2 b - - 3 25,d1e2
36,WhoooooooCares,EulerE,1246,1190,4r1k1/ppp2p1p/6p1/6n1/3pP3/3B3q/PP2Q1K1/R4R2 w - - 4 26,e3h3
36,WhoooooooCares,EulerE,1246,1190,4r1k1/ppp2p1p/6p1/6n1/3pP3/3B3q/PP2Q3/R4RK1 b - - 5 26,g2g1
36,WhoooooooCares,EulerE,1246,1190,4r1k1/ppp2p1p/6p1/6n1/3pP3/3B2q1/PP2Q3/R4RK1 w - - 6 27,h3g3
36,WhoooooooCares,EulerE,1246,1190,4r1k1/ppp2p1p/6p1/6n1/3pP3/3B2q1/PP4Q1/R4RK1 b - - 7 27,e2g2
36,WhoooooooCares,EulerE,1246,1190,4r1k1/ppp2p1p/6p1/8/3pP3/3B2qn/PP4Q1/R4RK1 w - - 8 28,g5h3
36,WhoooooooCares,EulerE,1246,1190,4r1k1/ppp2p1p/6p1/8/3pP3/3B2qn/PP4Q1/R4R1K b - - 9 28,g1h1
36,WhoooooooCares,EulerE,1246,1190,4r1k1/ppp2p1p/6p1/8/3pP2q/3B3n/PP4Q1/R4R1K w - - 10 29,g3h4
36,WhoooooooCares,EulerE,1246,1190,4r1k1/ppp2p1p/6p1/1B6/3pP2q/7n/PP4Q1/R4R1K b - - 11 29,d3b5
36,WhoooooooCares,EulerE,1246,1190,6k1/ppp2p1p/6p1/1B2r3/3pP2q/7n/PP4Q1/R4R1K w - - 12 30,e8e5
36,WhoooooooCares,EulerE,1246,1190,6k1/pppB1p1p/6p1/4r3/3pP2q/7n/PP4Q1/R4R1K b - - 13 30,b5d7
36,WhoooooooCares,EulerE,1246,1190,6k1/pppB3p/6p1/4rp2/3pP2q/7n/PP4Q1/R4R1K w - - 0 31,f7f5
36,WhoooooooCares,EulerE,1246,1190,6k1/pppB3p/6p1/4rP2/3p3q/7n/PP4Q1/R4R1K b - - 0 31,e4f5
36,WhoooooooCares,EulerE,1246,1190,6k1/pppB3p/6p1/5P2/3p3q/7n/PP2r1Q1/R4R1K w - - 1 32,e5e2
36,WhoooooooCares,EulerE,1246,1190,6k1/pppB3p/6p1/3Q1P2/3p3q/7n/PP2r3/R4R1K b - - 2 32,g2d5
36,WhoooooooCares,EulerE,1246,1190,8/pppB2kp/6p1/3Q1P2/3p3q/7n/PP2r3/R4R1K w - - 3 33,g8g7
36,WhoooooooCares,EulerE,1246,1190,8/pppB2kp/5Pp1/3Q4/3p3q/7n/PP2r3/R4R1K b - - 0 33,f5f6
36,WhoooooooCares,EulerE,1246,1190,8/pppB3p/5Ppk/3Q4/3p3q/7n/PP2r3/R4R1K w - - 1 34,g7h6
36,WhoooooooCares,EulerE,1246,1190,8/pppB3p/5Ppk/8/3p3q/5Q1n/PP2r3/R4R1K b - - 2 34,d5f3
36,WhoooooooCares,EulerE,1246,1190,8/pppB3p/5Ppk/8/3p3q/5Q2/PP2rn2/R4R1K w - - 3 35,h3f2
36,WhoooooooCares,EulerE,1246,1190,8/pppB3p/5Ppk/8/3p3q/5Q2/PP2rn2/R4RK1 b - - 4 35,h1g1
36,WhoooooooCares,EulerE,1246,1190,8/pppB3p/5Ppk/8/3p4/5Q2/PP2rn2/R4RKq w - - 5 36,h4h1
36,WhoooooooCares,EulerE,1246,1190,8/pppB3p/5Ppk/8/3p4/8/PP2rn2/R4RKQ b - - 0 36,f3h1
36,WhoooooooCares,EulerE,1246,1190,8/pppB3p/5Ppk/8/3p4/7n/PP2r3/R4RKQ w - - 1 37,f2h3
36,WhoooooooCares,EulerE,1246,1190,8/pppB3p/5Ppk/8/3p4/7Q/PP2r3/R4RK1 b - - 0 37,h1h3
36,WhoooooooCares,EulerE,1246,1190,8/pppB3p/5Pp1/6k1/3p4/7Q/PP2r3/R4RK1 w - - 1 38,h6g5
36,WhoooooooCares,EulerE,1246,1190,8/pppB3p/5Pp1/6k1/3p4/6Q1/PP2r3/R4RK1 b - - 2 38,h3g3
37,alseedi9,EulerE,1189,1182,rnbqkbnr/pppppppp/8/8/4P3/8/PPPP1PPP/RNBQKBNR b KQkq - 0 1,e2e4
37,alseedi9,EulerE,1189,1182,rnbqkbnr/pppp1ppp/8/4p3/4P3/8/PPPP1PPP/RNBQKBNR w KQkq - 0 2,e7e5
37,alseedi9,EulerE,1189,1182,rnbqkbnr/pppp1ppp/8/4p3/2B1P3/8/PPPP1PPP/RNBQK1NR b KQkq - 1 2,f1c4
37,alseedi9,EulerE,1189,1182,r1bqkbnr/pppp1ppp/2n5/4p3/2B1P3/8/PPPP1PPP/RNBQK1NR w KQkq - 2 3,b8c6
37,alseedi9,EulerE,1189,1182,r1bqkbnr/pppp1ppp/2n5/4p3/2B1P3/3P4/PPP2PPP/RNBQK1NR b KQkq - 0 3,d2d3
37,alseedi9,EulerE,1189,1182,r1bqkb1r/pppp1ppp/2n2n2/4p3/2B1P3/3P4/PPP2PPP/RNBQK1NR w KQkq - 1 4,g8f6
37,alseedi9,EulerE,1189,1182,r1bqkb1r/pppp1ppp/2n2n2/4p1B1/2B1P3/3P4/PPP2PPP/RN1QK1NR b KQkq - 2 4,c1g5
37,alseedi9,EulerE,1189,1182,r1bqkb1r/pppp1pp1/2n2n1p/4p1B1/2B1P3/3P4/PPP2PPP/RN1QK1NR w KQkq - 0 5,h7h6
37,alseedi9,EulerE,1189,1182,r1bqkb1r/pppp1pp1/2n2n1p/4p3/2B1P2B/3P4/PPP2PPP/RN1QK1NR b KQkq - 1 5,g5h4
37,alseedi9,EulerE,1189,1182,r1bqk2r/ppppbpp1/2n2n1p/4p3/2B1P2B/3P4/PPP2PPP/RN1QK1NR w KQkq - 2 6,f8e7
37,alseedi9,EulerE,1189,1182,r1bqk2r/ppppbpp1/2n2n1p/4p3/2B1P2B/3P1Q2/PPP2PPP/RN2K1NR b KQkq - 3 6,d1f3
37,alseedi9,EulerE,1189,1182,r1bq1rk1/ppppbpp1/2n2n1p/4p3/2B1P2B/3P1Q2/PPP2PPP/RN2K1NR w KQ - 4 7,e8g8
37,alseedi9,EulerE,1189,1182,r1bq1rk1/ppppbpp1/2n2n1p/4p3/2B1P1PB/3P1Q2/PPP2P1P/RN2K1NR b KQ - 0 7,g2g4
37,alseedi9,EulerE,1189,1182,r1bq1rk1/ppppbp2/2n2n1p/4p1p1/2B1P1PB/3P1Q2/PPP2P1P/RN2K1NR w KQ - 0 8,g7g5
37,alseedi9,EulerE,1189,1182,r1bq1rk1/ppppbp2/2n2n1p/4p1p1/2B1P1P1/3P1QB1/PPP2P1P/RN2K1NR b KQ - 1 8,h4g3
37,alseedi9,EulerE,1189,1182,r1bq1rk1/ppp1bp2/2np1n1p/4p1p1/2B1P1P1/3P1QB1/PPP2P1P/RN2K1NR w KQ - 0 9,d7d6
37,alseedi9,EulerE,1189,1182,r1bq1rk1/ppp1bp2/2np1n1p/4p1p1/2B1P1P1/3P1QBP/PPP2P2/RN2K1NR b KQ - 0 9,h2h3
37,alseedi9,EulerE,1189,1182,r1bq1rk1/1pp1bp2/p1np1n1p/4p1p1/2B1P1P1/3P1QBP/PPP2P2/RN2K1NR w KQ - 0 10,a7a6
37,alseedi9,EulerE,1189,1182,r1bq1rk1/1pp1bp2/p1np1n1p/4p1p1/2B1P1P1/2PP1QBP/PP3P2/RN2K1NR b KQ - 0 10,c2c3
37,alseedi9,EulerE,1189,1182,r1bq1rk1/2p1bp2/p1np1n1p/1p2p1p1/2B1P1P1/2PP1QBP/PP3P2/RN2K1NR w KQ - 0 11,b7b5
37,alseedi9,EulerE,1189,1182,r1bq1rk1/2p1bp2/p1np1n1p/1p2p1p1/4P1P1/1BPP1QBP/PP3P2/RN2K1NR b KQ - 1 11,c4b3
37,alseedi9,EulerE,1189,1182,r1bq1rk1/2p1bp2/p2p1n1p/np2p1p1/4P1P1/1BPP1QBP/PP3P2/RN2K1NR w KQ - 2 12,c6a5
37,alseedi9,EulerE,1189,1182,r1bq1rk1/2p1bp2/p2p1n1p/np2p1p1/4P1P1/2PP1QBP/PPB2P2/RN2K1NR b KQ - 3 12,b3c2
37,alseedi9,EulerE,1189,1182,r2q1rk1/1bp1bp2/p2p1n1p/np2p1p1/4P1P1/2PP1QBP/PPB2P2/RN2K1NR w KQ - 4 13,c8b7
37,alseedi9,EulerE,1189,1182,r2q1rk1/1bp1bp2/p2p1n1p/np2p1p1/4P1PP/2PP1QB1/PPB2P2/RN2K1NR b KQ - 0 13,h3h4
37,alseedi9,EulerE,1189,1182,r4rk1/1bpqbp2/p2p1n1p/np2p1p1/4P1PP/2PP1QB1/PPB2P2/RN2K1NR w KQ - 1 14,d8d7
37,alseedi9,EulerE,1189,1182,r4rk1/1bpqbp2/p2p1n1p/np2p1P1/4P1P1/2PP1QB1/PPB2P2/RN2K1NR b KQ - 0 14,h4g5
37,alseedi9,EulerE,1189,1182,r4rk1/1bp1bp2/p2p1n1p/np2p1P1/4P1q1/2PP1QB1/PPB2P2/RN2K1NR w KQ - 0 15,d7g4
37,alseedi9,EulerE,1189,1182,r4rk1/1bp1bp2/p2p1n1p/np2p1P1/4P1q1/2PPQ1B1/PPB2P2/RN2K1NR b KQ - 1 15,f3e3
37,alseedi9,EulerE,1189,1182,r4rk1/1bp1bp2/p2p1n2/np2p1p1/4P1q1/2PPQ1B1/PPB2P2/RN2K1NR w KQ - 0 16,h6g5
37,alseedi9,EulerE,1189,1182,r4rk1/1bp1bp2/p2p1n2/np2p1p1/4P1q1/2PPQNB1/PPB2P2/RN2K2R b KQ - 1 16,g1f3
37,alseedi9,EulerE,1189,1182,r4rk1/1bp1bp1n/p2p4/np2p1p1/4P1q1/2PPQNB1/PPB2P2/RN2K2R w KQ - 2 17,f6h7
37,alseedi9,EulerE,1189,1182,r4rk1/1bp1bp1n/p2p4/np2p1p1/3PP1q1/2P1QNB1/PPB2P2/RN2K2R b KQ - 0 17,d3d4
37,alseedi9,EulerE,1189,1182,r4rk1/1bp1bp1n/p2p4/np4p1/3pP1q1/2P1QNB1/PPB2P2/RN2K2R w KQ - 0 18,e5d4
37,alseedi9,EulerE,1189,1182,r4rk1/1bp1bp1n/p2p4/np4p1/3NP1q1/2P1Q1B1/PPB2P2/RN2K2R b KQ - 0 18,f3d4
37,alseedi9,EulerE,1189,1182,r4rk1/1bp1bp1n/p2p4/1p4p1/2nNP1q1/2P1Q1B1/PPB2P2/RN2K2R w KQ - 1 19,a5c4
37,alseedi9,EulerE,1189,1182,r4rk1/1bp1bp1n/p2p4/1p4p1/2nNP1q1/2P2QB1/PPB2P2/RN2K2R b KQ - 2 19,e3f3
37,alseedi9,EulerE,1189,1182,r4rk1/1bp1bp1n/p2p4/1p4p1/2nNP3/2P2qB1/PPB2P2/RN2K2R w KQ - 0 20,g4f3
37,alseedi9,EulerE,1189,1182,r4rk1/1bp1bp1n/p2p4/1p4p1/2n1P3/2P2NB1/PPB2P2/RN2K2R b KQ - 0 20,d4f3
37,alseedi9,EulerE,1189,1182,r4rk1/1bp1b2n/p2p1p2/1p4p1/2n1P3/2P2NB1/PPB2P2/RN2K2R w KQ - 0 21,f7f6
37,alseedi9,EulerE,1189,1182,r4rk1/1bp1b2n/p2p1p2/1p4p1/2n1P3/2P2NB1/PPB2P1R/RN2K3 b Q - 1 21,h1h2
37,alseedi9,EulerE,1189,1182,r4r2/1bp1b1kn/p2p1p2/1p4p1/2n1P3/2P2NB1/PPB2P1R/RN2K3 w Q - 2 22,g8g7
37,alseedi9,EulerE,1189,1182,r4r2/1bp1b1kn/p2p1p2/1p4p1/2nNP3/2P3B1/PPB2P1R/RN2K3 b Q - 3 22,f3d4
37,alseedi9,EulerE,1189,1182,r4r2/1bp1b1kn/p2p1p2/1p2n1p1/3NP3/2P3B1/PPB2P1R/RN2K3 w Q - 4 23,c4e5
37,alseedi9,EulerE,1189,1182,r4r2/1bp1b1kn/p2pNp2/1p2n1p1/4P3/2P3B1/PPB2P1R/RN2K3 b Q - 5 23,d4e6
37,alseedi9,EulerE,1189,1182,r4r2/1bp1bk1n/p2pNp2/1p2n1p1/4P3/2P3B1/PPB2P1R/RN2K3 w Q - 6 24,g7f7
37,alseedi9,EulerE,1189,1182,r4N2/1bp1bk1n/p2p1p2/1p2n1p1/4P3/2P3B1/PPB2P1R/RN2K3 b Q - 0 24,e6f8
37,alseedi9,EulerE,1189,1182,5r2/1bp1bk1n/p2p1p2/1p2n1p1/4P3/2P3B1/PPB2P1R/RN2K3 w Q - 0 25,a8f8
37,alseedi9,EulerE,1189,1182,5r2/1bp1bk1R/p2p1p2/1p2n1p1/4P3/2P3B1/PPB2P2/RN2K3 b Q - 0 25,h2h7
37,alseedi9,EulerE,1189,1182,5r2/1bp1b2R/p2pkp2/1p2n1p1/4P3/2P3B1/PPB2P2/RN2K3 w Q - 1 26,f7e6
37,alseedi9,EulerE,1189,1182,5r2/1bp1b2R/p2pkp2/1p2B1p1/4P3/2P5/PPB2P2/RN2K3 b Q - 0 26,g3e5
37,alseedi9,EulerE,1189,1182,5r2/1bp1b2R/p3kp2/1p2p1p1/4P3/2P5/PPB2P2/RN2K3 w Q - 0 27,d6e5
37,alseedi9,EulerE,1189,1182,5r2/1bp1b2R/p3kp2/1p2p1p1/4P3/2P5/PPBN1P2/R3K3 b Q - 1 27,b1d2
37,alseedi9,EulerE,1189,1182,5r2/1bp4R/p3kp2/1pb1p1p1/4P3/2P5/PPBN1P2/R3K3 w Q - 2 28,e7c5
37,alseedi9,EulerE,1189,1182,5r2/1bR5/p3kp2/1pb1p1p1/4P3/2P5/PPBN1P2/R3K3 b Q - 0 28,h7c7
38,EulerE,Vignesh0218,1175,1212,rnbqkbnr/pppppppp/8/8/3P4/8/PPP1PPPP/RNBQKBNR b KQkq - 0 1,d2d4
38,EulerE,Vignesh0218,1175,1212,rnbqkbnr/ppp1pppp/8/3p4/3P4/8/PPP1PPPP/RNBQKBNR w KQkq - 0 2,d7d5
38,EulerE,Vignesh0218,1175,1212,rnbqkbnr/ppp1pppp/8/3p4/2PP4/8/PP2PPPP/RNBQKBNR b KQkq - 0 2,c2c4
38,EulerE,Vignesh0218,1175,1212,rnbqkbnr/ppp1pppp/8/8/2pP4/8/PP2PPPP/RNBQKBNR w KQkq - 0 3,d5c4
38,EulerE,Vignesh0218,1175,1212,rnbqkbnr/ppp1pppp/8/8/2pPP3/8/PP3PPP/RNBQKBNR b KQkq - 0 3,e2e4
38,EulerE,Vignesh0218,1175,1212,r1bqkbnr/ppp1pppp/2n5/8/2pPP3/8/PP3PPP/RNBQKBNR w KQkq - 1 4,b8c6
38,EulerE,Vignesh0218,1175,1212,r1bqkbnr/ppp1pppp/2n5/8/2pPP3/5N2/PP3PPP/RNBQKB1R b KQkq - 2 4,g1f3
38,EulerE,Vignesh0218,1175,1212,r2qkbnr/ppp1pppp/2n5/8/2pPP1b1/5N2/PP3PPP/RNBQKB1R w KQkq - 3 5,c8g4
38,EulerE,Vignesh0218,1175,1212,r2qkbnr/ppp1pppp/2n5/3P4/2p1P1b1/5N2/PP3PPP/RNBQKB1R b KQkq - 0 5,d4d5
38,EulerE,Vignesh0218,1175,1212,r2qkbnr/ppp1pppp/2n5/3P4/2p1P3/5b2/PP3PPP/RNBQKB1R w KQkq - 0 6,g4f3
38,EulerE,Vignesh0218,1175,1212,r2qkbnr/ppp1pppp/2n5/3P4/2p1P3/5Q2/PP3PPP/RNB1KB1R b KQkq - 0 6,d1f3
38,EulerE,Vignesh0218,1175,1212,r2qkbnr/ppp1pppp/8/3Pn3/2p1P3/5Q2/PP3PPP/RNB1KB1R w KQkq - 1 7,c6e5
38,EulerE,Vignesh0218,1175,1212,r2qkbnr/ppp1pppp/8/3Pn3/2p1P3/2Q5/PP3PPP/RNB1KB1R b KQkq - 2 7,f3c3
38,EulerE,Vignesh0218,1175,1212,r2qkbnr/ppp1p1pp/5p2/3Pn3/2p1P3/2Q5/PP3PPP/RNB1KB1R w KQkq - 0 8,f7f6
38,EulerE,Vignesh0218,1175,1212,r2qkbnr/ppp1p1pp/5p2/3Pn3/2B1P3/2Q5/PP3PPP/RNB1K2R b KQkq - 0 8,f1c4
38,EulerE,Vignesh0218,1175,1212,r2qkbnr/ppp1p1pp/5p2/3P4/2n1P3/2Q5/PP3PPP/RNB1K2R w KQkq - 0 9,e5c4
38,EulerE,Vignesh0218,1175,1212,r2qkbnr/ppp1p1pp/5p2/3P4/2Q1P3/8/PP3PPP/RNB1K2R b KQkq - 0 9,c3c4
38,EulerE,Vignesh0218,1175,1212,r2qkbnr/ppp3pp/4pp2/3P4/2Q1P3/8/PP3PPP/RNB1K2R w KQkq - 0 10,e7e6
38,EulerE,Vignesh0218,1175,1212,r2qkbnr/ppp3pp/4pp2/3P4/2Q1P3/8/PP3PPP/RNB2RK1 b kq - 1 10,e1g1
38,EulerE,Vignesh0218,1175,1212,r2qkbnr/ppp3pp/5p2/3p4/2Q1P3/8/PP3PPP/RNB2RK1 w kq - 0 11,e6d5
38,EulerE,Vignesh0218,1175,1212,r2qkbnr/ppp3pp/5p2/3P4/2Q5/8/PP3PPP/RNB2RK1 b kq - 0 11,e4d5
38,EulerE,Vignesh0218,1175,1212,r3kbnr/ppp3pp/3q1p2/3P4/2Q5/8/PP3PPP/RNB2RK1 w kq - 1 12,d8d6
38,EulerE,Vignesh0218,1175,1212,r3kbnr/ppp3pp/3q1p2/3P4/2Q5/8/PP3PPP/RNB1R1K1 b kq - 2 12,f1e1
38,EulerE,Vignesh0218,1175,1212,r3kb1r/ppp1n1pp/3q1p2/3P4/2Q5/8/PP3PPP/RNB1R1K1 w kq - 3 13,g8e7
38,EulerE,Vignesh0218,1175,1212,r3kb1r/ppp1n1pp/3q1p2/3P4/2Q5/2N5/PP3PPP/R1B1R1K1 b kq - 4 13,b1c3
38,EulerE,Vignesh0218,1175,1212,2kr1b1r/ppp1n1pp/3q1p2/3P4/2Q5/2N5/PP3PPP/R1B1R1K1 w - - 5 14,e8c8
38,EulerE,Vignesh0218,1175,1212,2kr1b1r/ppp1n1pp/3q1p2/1N1P4/2Q5/8/PP3PPP/R1B1R1K1 b - - 6 14,c3b5
38,EulerE,Vignesh0218,1175,1212,2kr1b1r/ppp1n1pp/1q3p2/1N1P4/2Q5/8/PP3PPP/R1B1R1K1 w - - 7 15,d6b6
38,EulerE,Vignesh0218,1175,1212,2kr1b1r/ppp1n1pp/1q3p2/1N1P4/2Q2B2/8/PP3PPP/R3R1K1 b - - 8 15,c1f4
38,EulerE,Vignesh0218,1175,1212,2kr1b1r/ppp3pp/1q3p2/1N1n4/2Q2B2/8/PP3PPP/R3R1K1 w - - 0 16,e7d5
38,EulerE,Vignesh0218,1175,1212,2kr1b1r/ppp3pp/1q3p2/1N1Q4/5B2/8/PP3PPP/R3R1K1 b - - 0 16,c4d5
38,EulerE,Vignesh0218,1175,1212,2k2b1r/ppp3pp/1q3p2/1N1r4/5B2/8/PP3PPP/R3R1K1 w - - 0 17,d8d5
39,Wanderson_C5,EulerE,945,939,rnbqkbnr/pppppppp/8/8/3P4/8/PPP1PPPP/RNBQKBNR b KQkq - 0 1,d2d4
39,Wanderson_C5,EulerE,945,939,rnbqkbnr/ppp1pppp/8/3p4/3P4/8/PPP1PPPP/RNBQKBNR w KQkq - 0 2,d7d5
39,Wanderson_C5,EulerE,945,939,rnbqkbnr/ppp1pppp/8/3p4/3P1B2/8/PPP1PPPP/RN1QKBNR b KQkq - 1 2,c1f4
39,Wanderson_C5,EulerE,945,939,rnbqkb1r/ppp1pppp/5n2/3p4/3P1B2/8/PPP1PPPP/RN1QKBNR w KQkq - 2 3,g8f6
39,Wanderson_C5,EulerE,945,939,rnbqkb1r/ppp1pppp/5n2/3p4/3P1B2/4P3/PPP2PPP/RN1QKBNR b KQkq - 0 3,e2e3
39,Wanderson_C5,EulerE,945,939,rnbqkb1r/ppp2ppp/5n2/3pp3/3P1B2/4P3/PPP2PPP/RN1QKBNR w KQkq - 0 4,e7e5
39,Wanderson_C5,EulerE,945,939,rnbqkb1r/ppp2ppp/5n2/3pB3/3P4/4P3/PPP2PPP/RN1QKBNR b KQkq - 0 4,f4e5
39,Wanderson_C5,EulerE,945,939,r1bqkb1r/ppp2ppp/2n2n2/3pB3/3P4/4P3/PPP2PPP/RN1QKBNR w KQkq - 1 5,b8c6
39,Wanderson_C5,EulerE,945,939,r1bqkb1r/ppp2ppp/2n2n2/3p4/3P1B2/4P3/PPP2PPP/RN1QKBNR b KQkq - 2 5,e5f4
39,Wanderson_C5,EulerE,945,939,r1bqk2r/ppp1bppp/2n2n2/3p4/3P1B2/4P3/PPP2PPP/RN1QKBNR w KQkq - 3 6,f8e7
39,Wanderson_C5,EulerE,945,939,r1bqk2r/ppp1bppp/2n2n2/3p4/3P1B2/2P1P3/PP3PPP/RN1QKBNR b KQkq - 0 6,c2c3
39,Wanderson_C5,EulerE,945,939,r1bq1rk1/ppp1bppp/2n2n2/3p4/3P1B2/2P1P3/PP3PPP/RN1QKBNR w KQ - 1 7,e8g8
39,Wanderson_C5,EulerE,945,939,r1bq1rk1/ppp1bppp/2n2n2/3p4/3P1B2/2PBP3/PP3PPP/RN1QK1NR b KQ - 2 7,f1d3
39,Wanderson_C5,EulerE,945,939,r2q1rk1/ppp1bppp/2n2n2/3p1b2/3P1B2/2PBP3/PP3PPP/RN1QK1NR w KQ - 3 8,c8f5
39,Wanderson_C5,EulerE,945,939,r2q1rk1/ppp1bppp/2n2n2/3p1b2/3P1B2/2PBP3/PPQ2PPP/RN2K1NR b KQ - 4 8,d1c2
39,Wanderson_C5,EulerE,945,939,r2q1rk1/ppp1bppp/2n2n2/3p4/3P1B2/2PbP3/PPQ2PPP/RN2K1NR w KQ - 0 9,f5d3
39,Wanderson_C5,EulerE,945,939,r2q1rk1/ppp1bppp/2n2n2/3p4/3P1B2/2PQP3/PP3PPP/RN2K1NR b KQ - 0 9,c2d3
39,Wanderson_C5,EulerE,945,939,r4rk1/pppqbppp/2n2n2/3p4/3P1B2/2PQP3/PP3PPP/RN2K1NR w KQ - 1 10,d8d7
39,Wanderson_C5,EulerE,945,939,r4rk1/pppqbppp/2n2n2/3p4/3P1B2/2PQP3/PP1N1PPP/R3K1NR b KQ - 2 10,b1d2
39,Wanderson_C5,EulerE,945,939,3r1rk1/pppqbppp/2n2n2/3p4/3P1B2/2PQP3/PP1N1PPP/R3K1NR w KQ - 3 11,a8d8
39,Wanderson_C5,EulerE,945,939,3r1rk1/pppqbppp/2n2n2/3p4/3P1B2/2PQPN2/PP1N1PPP/R3K2R b KQ - 4 11,g1f3
39,Wanderson_C5,EulerE,945,939,3rr1k1/pppqbppp/2n2n2/3p4/3P1B2/2PQPN2/PP1N1PPP/R3K2R w KQ - 5 12,f8e8
39,Wanderson_C5,EulerE,945,939,3rr1k1/pppqbppp/2n2n2/3p4/3P1B2/2PQPN2/PP1N1PPP/2KR3R b - - 6 12,e1c1
39,Wanderson_C5,EulerE,945,939,3rr1k1/1ppqbppp/2n2n2/p2p4/3P1B2/2PQPN2/PP1N1PPP/2KR3R w - - 0 13,a7a5
39,Wanderson_C5,EulerE,945,939,3rr1k1/1ppqbppp/2n2n2/p2p4/3P1B1P/2PQPN2/PP1N1PP1/2KR3R b - - 0 13,h2h4
39,Wanderson_C5,EulerE,945,939,3rr1k1/1ppqbppp/2n2n2/3p4/p2P1B1P/2PQPN2/PP1N1PP1/2KR3R w - - 0 14,a5a4
39,Wanderson_C5,EulerE,945,939,3rr1k1/1ppqbppp/2n2n2/3p4/p2P1B1P/P1PQPN2/1P1N1PP1/2KR3R b - - 0 14,a2a3
39,Wanderson_C5,EulerE,945,939,3rr1k1/1ppqbppp/5n2/n2p4/p2P1B1P/P1PQPN2/1P1N1PP1/2KR3R w - - 1 15,c6a5
39,Wanderson_C5,EulerE,945,939,3rr1k1/1ppqbppp/5n2/n2p3P/p2P1B2/P1PQPN2/1P1N1PP1/2KR3R b - - 0 15,h4h5
39,Wanderson_C5,EulerE,945,939,3rr1k1/1ppqbppp/5n2/3p3P/p2P1B2/PnPQPN2/1P1N1PP1/2KR3R w - - 1 16,a5b3
39,Wanderson_C5,EulerE,945,939,3rr1k1/1ppqbppp/5n2/3p3P/p2P1B2/PNPQPN2/1P3PP1/2KR3R b - - 0 16,d2b3
39,Wanderson_C5,EulerE,945,939,3rr1k1/1ppqbppp/5n2/3p3P/3P1B2/PpPQPN2/1P3PP1/2KR3R w - - 0 17,a4b3
39,Wanderson_C5,EulerE,945,939,3rr1k1/1ppqbppp/5n1P/3p4/3P1B2/PpPQPN2/1P3PP1/2KR3R b - - 0 17,h5h6
39,Wanderson_C5,EulerE,945,939,3rr1k1/1ppqbp1p/5npP/3p4/3P1B2/PpPQPN2/1P3PP1/2KR3R w - - 0 18,g7g6
39,Wanderson_C5,EulerE,945,939,3rr1k1/1ppqbp1p/5npP/3p2N1/3P1B2/PpPQP3/1P3PP1/2KR3R b - - 1 18,f3g5
39,Wanderson_C5,EulerE,945,939,3rr1k1/1ppqbp1p/6pP/3p2N1/3P1Bn1/PpPQP3/1P3PP1/2KR3R w - - 2 19,f6g4
39,Wanderson_C5,EulerE,945,939,3rr1k1/1ppqbp1p/6pP/3p2N1/3P1Bn1/PpP1P3/1PQ2PP1/2KR3R b - - 3 19,d3c2
39,Wanderson_C5,EulerE,945,939,3rr1k1/1ppq1p1p/6pP/3p2b1/3P1Bn1/PpP1P3/1PQ2PP1/2KR3R w - - 0 20,e7g5
39,Wanderson_C5,EulerE,945,939,3rr1k1/1ppq1p1p/6pP/3p2b1/3P1Bn1/PpP1P3/1P2QPP1/2KR3R b - - 1 20,c2e2
39,Wanderson_C5,EulerE,945,939,3rr1k1/1ppq1p1p/6pP/3p4/3P1bn1/PpP1P3/1P2QPP1/2KR3R w - - 0 21,g5f4
39,Wanderson_C5,EulerE,945,939,3rr1k1/1ppq1p1p/6pP/3p4/3P1Pn1/PpP5/1P2QPP1/2KR3R b - - 0 21,e3f4
39,Wanderson_C5,EulerE,945,939,3rr1k1/1p1q1p1p/2p3pP/3p4/3P1Pn1/PpP5/1P2QPP1/2KR3R w - - 0 22,c7c6
39,Wanderson_C5,EulerE,945,939,3rr1k1/1p1q1p1p/2p3pP/3p4/3P1Pn1/PpP2Q2/1P3PP1/2KR3R b - - 1 22,e2f3
39,Wanderson_C5,EulerE,945,939,3rr1k1/1p1q3p/2p3pP/3p1p2/3P1Pn1/PpP2Q2/1P3PP1/2KR3R w - - 0 23,f7f5
39,Wanderson_C5,EulerE,945,939,3rr1k1/1p1q3p/2p3pP/3p1p2/3P1PnR/PpP2Q2/1P3PP1/2KR4 b - - 1 23,h1h4
39,Wanderson_C5,EulerE,945,939,3rr1k1/3q3p/2p3pP/1p1p1p2/3P1PnR/PpP2Q2/1P3PP1/2KR4 w - - 0 24,b7b5
39,Wanderson_C5,EulerE,945,939,3rr1k1/3q3p/2p3pP/1p1p1p2/3P1PnR/PpP2Q2/1P1K1PP1/3R4 b - - 1 24,c1d2
39,Wanderson_C5,EulerE,945,939,3r2k1/3qr2p/2p3pP/1p1p1p2/3P1PnR/PpP2Q2/1P1K1PP1/3R4 w - - 2 25,e8e7
39,Wanderson_C5,EulerE,945,939,3r2k1/3qr2p/2p3pP/1p1p1p2/3P1PnR/PpP2Q2/1P1K1PP1/4R3 b - - 3 25,d1e1
39,Wanderson_C5,EulerE,945,939,4r1k1/3qr2p/2p3pP/1p1p1p2/3P1PnR/PpP2Q2/1P1K1PP1/4R3 w - - 4 26,d8e8
39,Wanderson_C5,EulerE,945,939,4r1k1/3qR2p/2p3pP/1p1p1p2/3P1PnR/PpP2Q2/1P1K1PP1/8 b - - 0 26,e1e7
39,Wanderson_C5,EulerE,945,939,6k1/3qr2p/2p3pP/1p1p1p2/3P1PnR/PpP2Q2/1P1K1PP1/8 w - - 0 27,e8e7
39,Wanderson_C5,EulerE,945,939,6k1/3qr2p/2p3pP/1p1p1p2/3P1PR1/PpP2Q2/1P1K1PP1/8 b - - 0 27,h4g4
39,Wanderson_C5,EulerE,945,939,6k1/3qr2p/2p3pP/1p1p4/3P1Pp1/PpP2Q2/1P1K1PP1/8 w - - 0 28,f5g4
39,Wanderson_C5,EulerE,945,939,6k1/3qr2p/2p3pP/1p1p4/3P1Pp1/PpP3Q1/1P1K1PP1/8 b - - 1 28,f3g3
39,Wanderson_C5,EulerE,945,939,6k1/3q3p/2p3pP/1p1p4/3PrPp1/PpP3Q1/1P1K1PP1/8 w - - 2 29,e7e4
39,Wanderson_C5,EulerE,945,939,6k1/3q3p/2p3pP/1p1p4/3PrPp1/PpP2PQ1/1P1K2P1/8 b - - 0 29,f2f3
39,Wanderson_C5,EulerE,945,939,6k1/3q3p/2p1r1pP/1p1p4/3P1Pp1/PpP2PQ1/1P1K2P1/8 w - - 1 30,e4e6
39,Wanderson_C5,EulerE,945,939,6k1/3q3p/2p1r1pP/1p1p4/3P1PP1/PpP3Q1/1P1K2P1/8 b - - 0 30,f3g4
39,Wanderson_C5,EulerE,945,939,6k1/4q2p/2p1r1pP/1p1p4/3P1PP1/PpP3Q1/1P1K2P1/8 w - - 1 31,d7e7
39,Wanderson_C5,EulerE,945,939,6k1/4q2p/2p1r1pP/1p1p4/3P1PP1/PpP5/1P1K1QP1/8 b - - 2 31,g3f2
39,Wanderson_C5,EulerE,945,939,6k1/4q2p/2p3pP/1p1p4/3P1PP1/PpP5/1P1KrQP1/8 w - - 3 32,e6e2
39,Wanderson_C5,EulerE,945,939,6k1/4q2p/2p3pP/1p1p4/3P1PP1/PpP5/1P1KQ1P1/8 b - - 0 32,f2e2
39,Wanderson_C5,EulerE,945,939,6k1/7p/2p3pP/1p1p4/3P1PP1/PpP5/1P1Kq1P1/8 w - - 0 33,e7e2
39,Wanderson_C5,EulerE,945,939,6k1/7p/2p3pP/1p1p4/3P1PP1/PpP5/1P2K1P1/8 b - - 0 33,d2e2
39,Wanderson_C5,EulerE,945,939,8/5k1p/2p3pP/1p1p4/3P1PP1/PpP5/1P2K1P1/8 w - - 1 34,g8f7
39,Wanderson_C5,EulerE,945,939,8/5k1p/2p3pP/1p1p4/3P1PP1/PpP1K3/1P4P1/8 b - - 2 34,e2e3
39,Wanderson_C5,EulerE,945,939,8/7p/2p2kpP/1p1p4/3P1PP1/PpP1K3/1P4P1/8 w - - 3 35,f7f6
39,Wanderson_C5,EulerE,945,939,8/7p/2p2kpP/1p1p1P2/3P2P1/PpP1K3/1P4P1/8 b - - 0 35,f4f5
39,Wanderson_C5,EulerE,945,939,8/7p/2p3pP/1p1p1Pk1/3P2P1/PpP1K3/1P4P1/8 w - - 1 36,f6g5
39,Wanderson_C5,EulerE,945,939,8/7p/2p3PP/1p1p2k1/3P2P1/PpP1K3/1P4P1/8 b - - 0 36,f5g6
39,Wanderson_C5,EulerE,945,939,8/7p/2p3PP/1p1p4/3P2k1/PpP1K3/1P4P1/8 w - - 0 37,g5g4
39,Wanderson_C5,EulerE,945,939,8/7P/2p4P/1p1p4/3P2k1/PpP1K3/1P4P1/8 b - - 0 37,g6h7
39,Wanderson_C5,EulerE,945,939,8/7P/2p4P/1p1p4/3P4/PpP1K1k1/1P4P1/8 w - - 1 38,g4g3
39,Wanderson_C5,EulerE,945,939,7Q/8/2p4P/1p1p4/3P4/PpP1K1k1/1P4P1/8 b - - 0 38,h7h8q
39,Wanderson_C5,EulerE,945,939,7Q/8/2p4P/1p1p4/3P4/PpP1K3/1P4k1/8 w - - 0 39,g3g2
39,Wanderson_C5,EulerE,945,939,6Q1/8/2p4P/1p1p4/3P4/PpP1K3/1P4k1/8 b - - 1 39,h8g8
39,Wanderson_C5,EulerE,945,939,6Q1/8/2p4P/1p1p4/3P4/PpP1K3/1P6/7k w - - 2 40,g2h1
39,Wanderson_C5,EulerE,945,939,6Q1/8/2p4P/1p1p4/3P4/PpP2K2/1P6/7k b - - 3 40,e3f3
39,Wanderson_C5,EulerE,945,939,6Q1/8/2p4P/1p1p4/3P4/PpP2K2/1P5k/8 w - - 4 41,h1h2
39,Wanderson_C5,EulerE,945,939,8/8/2p4P/1p1p4/3P4/PpP2KQ1/1P5k/8 b - - 5 41,g8g3
39,Wanderson_C5,EulerE,945,939,8/8/2p4P/1p1p4/3P4/PpP2KQ1/1P6/7k w - - 6 42,h2h1
39,Wanderson_C5,EulerE,945,939,8/8/2p4P/1p1p4/3P4/PpP2K2/1P4Q1/7k b - - 7 42,g3g2
40,EulerE,kasparianfan,956,958,rnbqkbnr/pppppppp/8/8/3P4/8/PPP1PPPP/RNBQKBNR b KQkq - 0 1,d2d4
40,EulerE,kasparianfan,956,958,rnbqkb1r/pppppppp/5n2/8/3P4/8/PPP1PPPP/RNBQKBNR w KQkq - 1 2,g8f6
40,EulerE,kasparianfan,956,958,rnbqkb1r/pppppppp/5n2/8/2PP4/8/PP2PPPP/RNBQKBNR b KQkq - 0 2,c2c4
40,EulerE,kasparianfan,956,958,rnbqkb1r/pppppp1p/5np1/8/2PP4/8/PP2PPPP/RNBQKBNR w KQkq - 0 3,g7g6
40,EulerE,kasparianfan,956,958,rnbqkb1r/pppppp1p/5np1/8/2PP4/2N5/PP2PPPP/R1BQKBNR b KQkq - 1 3,b1c3
40,EulerE,kasparianfan,956,958,rnbqk2r/ppppppbp/5np1/8/2PP4/2N5/PP2PPPP/R1BQKBNR w KQkq - 2 4,f8g7
40,EulerE,kasparianfan,956,958,rnbqk2r/ppppppbp/5np1/8/2PP4/2N2N2/PP2PPPP/R1BQKB1R b KQkq - 3 4,g1f3
40,EulerE,kasparianfan,956,958,rnbq1rk1/ppppppbp/5np1/8/2PP4/2N2N2/PP2PPPP/R1BQKB1R w KQ - 4 5,e8g8
40,EulerE,kasparianfan,956,958,rnbq1rk1/ppppppbp/5np1/8/2PPP3/2N2N2/PP3PPP/R1BQKB1R b KQ - 0 5,e2e4
40,EulerE,kasparianfan,956,958,rnbq1rk1/ppp1ppbp/3p1np1/8/2PPP3/2N2N2/PP3PPP/R1BQKB1R w KQ - 0 6,d7d6
40,EulerE,kasparianfan,956,958,rnbq1rk1/ppp1ppbp/3p1np1/4P3/2PP4/2N2N2/PP3PPP/R1BQKB1R b KQ - 0 6,e4e5
40,EulerE,kasparianfan,956,958,rnbq1rk1/ppp1ppbp/5np1/4p3/2PP4/2N2N2/PP3PPP/R1BQKB1R w KQ - 0 7,d6e5
40,EulerE,kasparianfan,956,958,rnbq1rk1/ppp1ppbp/5np1/4P3/2P5/2N2N2/PP3PPP/R1BQKB1R b KQ - 0 7,d4e5
40,EulerE,kasparianfan,956,958,rnbq1rk1/pppnppbp/6p1/4P3/2P5/2N2N2/PP3PPP/R1BQKB1R w KQ - 1 8,f6d7
40,EulerE,kasparianfan,956,958,rnbq1rk1/pppnppbp/6p1/2P1P3/8/2N2N2/PP3PPP/R1BQKB1R b KQ - 0 8,c4c5
40,EulerE,kasparianfan,956,958,rnbq1rk1/ppp1ppbp/6p1/2P1n3/8/2N2N2/PP3PPP/R1BQKB1R w KQ - 0 9,d7e5
40,EulerE,kasparianfan,956,958,rnbQ1rk1/ppp1ppbp/6p1/2P1n3/8/2N2N2/PP3PPP/R1B1KB1R b KQ - 0 9,d1d8
40,EulerE,kasparianfan,956,958,rnbr2k1/ppp1ppbp/6p1/2P1n3/8/2N2N2/PP3PPP/R1B1KB1R w KQ - 0 10,f8d8
40,EulerE,kasparianfan,956,958,rnbr2k1/ppp1ppbp/6p1/2P1n3/5B2/2N2N2/PP3PPP/R3KB1R b KQ - 1 10,c1f4
40,EulerE,kasparianfan,956,958,rnbr2k1/ppp1ppbp/6p1/2P5/5B2/2N2n2/PP3PPP/R3KB1R w KQ - 0 11,e5f3
40,EulerE,kasparianfan,956,958,rnbr2k1/ppp1ppbp/6p1/2P5/5B2/2N2P2/PP3P1P/R3KB1R b KQ - 0 11,g2f3
40,EulerE,kasparianfan,956,958,rn1r2k1/ppp1ppbp/6p1/2P2b2/5B2/2N2P2/PP3P1P/R3KB1R w KQ - 1 12,c8f5
40,EulerE,kasparianfan,956,958,rn1r2k1/ppp1ppbp/6p1/2P2b2/5B2/2N2P2/PP3PBP/R3K2R b KQ - 2 12,f1g2
40,EulerE,kasparianfan,956,958,r2r2k1/ppp1ppbp/2n3p1/2P2b2/5B2/2N2P2/PP3PBP/R3K2R w KQ - 3 13,b8c6
40,EulerE,kasparianfan,956,958,r2r2k1/ppp1ppbp/2n3p1/2P2b2/5B2/2N2P2/PP3PBP/R4RK1 b - - 4 13,e1g1
40,EulerE,kasparianfan,956,958,r2r2k1/ppp2pbp/2n3p1/2P1pb2/5B2/2N2P2/PP3PBP/R4RK1 w - - 0 14,e7e5
40,EulerE,kasparianfan,956,958,r2r2k1/ppp2pbp/2n3p1/2P1pb2/8/2N2PB1/PP3PBP/R4RK1 b - - 1 14,f4g3
40,EulerE,kasparianfan,956,958,r2r2k1/ppp2pbp/2n3p1/2P2b2/4p3/2N2PB1/PP3PBP/R4RK1 w - - 0 15,e5e4
40,EulerE,kasparianfan,956,958,r2r2k1/ppp2pbp/2n3p1/2P2b2/4P3/2N3B1/PP3PBP/R4RK1 b - - 0 15,f3e4
40,EulerE,kasparianfan,956,958,r1r3k1/ppp2pbp/2n3p1/2P2b2/4P3/2N3B1/PP3PBP/R4RK1 w - - 1 16,d8c8
40,EulerE,kasparianfan,956,958,r1r3k1/ppp2pbp/2n3p1/2P2P2/8/2N3B1/PP3PBP/R4RK1 b - - 0 16,e4f5
40,EulerE,kasparianfan,956,958,r1r3k1/ppp2pbp/2n5/2P2p2/8/2N3B1/PP3PBP/R4RK1 w - - 0 17,g6f5
40,EulerE,kasparianfan,956,958,r1r3k1/ppp2pbp/2n5/2P2p2/8/2N3B1/PP3PBP/R3R1K1 b - - 1 17,f1e1
40,EulerE,kasparianfan,956,958,r3r1k1/ppp2pbp/2n5/2P2p2/8/2N3B1/PP3PBP/R3R1K1 w - - 2 18,c8e8
40,EulerE,kasparianfan,956,958,r3r1k1/ppp2pbp/2n5/2P2p2/8/2N3B1/PP3PBP/3RR1K1 b - - 3 18,a1d1
40,EulerE,kasparianfan,956,958,r3r1k1/ppp2pbp/8/2P1np2/8/2N3B1/PP3PBP/3RR1K1 w - - 4 19,c6e5
40,EulerE,kasparianfan,956,958,r3r1k1/ppp2pbp/8/2P1np2/5P2/2N3B1/PP4BP/3RR1K1 b - - 0 19,f2f4
40,EulerE,kasparianfan,956,958,r3r1k1/ppp2pbp/8/2P2p2/5Pn1/2N3B1/PP4BP/3RR1K1 w - - 1 20,e5g4
40,EulerE,kasparianfan,956,958,r3R1k1/ppp2pbp/8/2P2p2/5Pn1/2N3B1/PP4BP/3R2K1 b - - 0 20,e1e8
40,EulerE,kasparianfan,956,958,4r1k1/ppp2pbp/8/2P2p2/5Pn1/2N3B1/PP4BP/3R2K1 w - - 0 21,a8e8
40,EulerE,kasparianfan,956,958,4r1k1/ppp2pbp/8/2P2p2/5Pn1/2N2BB1/PP5P/3R2K1 b - - 1 21,g2f3
40,EulerE,kasparianfan,956,958,4r1k1/ppp2pbp/8/2P2p2/5P2/2N1nBB1/PP5P/3R2K1 w - - 2 22,g4e3
40,EulerE,kasparianfan,956,958,4r1k1/ppp2pbp/8/2P2p2/5P2/2N1nBB1/PP5P/4R1K1 b - - 3 22,d1e1
40,EulerE,kasparianfan,956,958,4r1k1/ppp2pbp/8/2P2p2/5Pn1/2N2BB1/PP5P/4R1K1 w - - 4 23,e3g4
40,EulerE,kasparianfan,956,958,4R1k1/ppp2pbp/8/2P2p2/5Pn1/2N2BB1/PP5P/6K1 b - - 0 23,e1e8
40,EulerE,kasparianfan,956,958,4Rbk1/ppp2p1p/8/2P2p2/5Pn1/2N2BB1/PP5P/6K1 w - - 1 24,g7f8
40,EulerE,kasparianfan,956,958,4Rbk1/ppp2p1p/8/2P2p2/5Pn1/2N2B2/PP3B1P/6K1 b - - 2 24,g3f2
40,EulerE,kasparianfan,956,958,4Rbk1/p1p2p1p/1p6/2P2p2/5Pn1/2N2B2/PP3B1P/6K1 w - - 0 25,b7b6
40,EulerE,kasparianfan,956,958,4Rbk1/p1p2p1p/1p6/2P2p2/3B1Pn1/2N2B2/PP5P/6K1 b - - 1 25,f2d4
40,EulerE,kasparianfan,956,958,4Rbk1/p1p2p1p/8/2p2p2/3B1Pn1/2N2B2/PP5P/6K1 w - - 0 26,b6c5
40,EulerE,kasparianfan,956,958,4Rbk1/p1p2p1p/8/2B2p2/5Pn1/2N2B2/PP5P/6K1 b - - 0 26,d4c5
40,EulerE,kasparianfan,956,958,4Rb2/p1p2pkp/8/2B2p2/5Pn1/2N2B2/PP5P/6K1 w - - 1 27,g8g7
40,EulerE,kasparianfan,956,958,4RB2/p1p2pkp/8/5p2/5Pn1/2N2B2/PP5P/6K1 b - - 0 27,c5f8
40,EulerE,kasparianfan,956,958,4RB2/p1p2p1p/5k2/5p2/5Pn1/2N2B2/PP5P/6K1 w - - 1 28,g7f6
40,EulerE,kasparianfan,956,958,4R3/p1p1Bp1p/5k2/5p2/5Pn1/2N2B2/PP5P/6K1 b - - 2 28,f8e7
40,EulerE,kasparianfan,956,958,4R3/p1p1Bpkp/8/5p2/5Pn1/2N2B2/PP5P/6K1 w - - 3 29,f6g7
40,EulerE,kasparianfan,956,958,4R3/p1p1Bpkp/8/5p2/5PB1/2N5/PP5P/6K1 b - - 0 29,f3g4
40,EulerE,kasparianfan,956,958,4R3/p1p1Bpkp/8/8/5Pp1/2N5/PP5P/6K1 w - - 0 30,f5g4
40,EulerE,kasparianfan,956,958,4R3/p1p2pkp/8/2B5/5Pp1/2N5/PP5P/6K1 b - - 1 30,e7c5
40,EulerE,kasparianfan,956,958,4R3/p1p2pkp/8/2B5/5P2/2N3p1/PP5P/6K1 w - - 0 31,g4g3
40,EulerE,kasparianfan,956,958,4R3/p1p2pkp/8/2B5/5P2/2N3P1/PP6/6K1 b - - 0 31,h2g3
40,EulerE,kasparianfan,956,958,4R3/p1p2p1p/6k1/2B5/5P2/2N3P1/PP6/6K1 w - - 1 32,g7g6
40,EulerE,kasparianfan,956,958,4R3/p1p2p1p/6k1/2B5/5P2/2N3P1/PP4K1/8 b - - 2 32,g1g2
40,EulerE,kasparianfan,956,958,4R3/p1p4p/6k1/2B2p2/5P2/2N3P1/PP4K1/8 w - - 0 33,f7f5
40,EulerE,kasparianfan,956,958,4R3/B1p4p/6k1/5p2/5P2/2N3P1/PP4K1/8 b - - 0 33,c5a7
40,EulerE,kasparianfan,956,958,4R3/B1p5/6k1/5p1p/5P2/2N3P1/PP4K1/8 w - - 0 34,h7h5
40,EulerE,kasparianfan,956,958,4R3/B1p5/6k1/3N1p1p/5P2/6P1/PP4K1/8 b - - 1 34,c3d5
40,EulerE,kasparianfan,956,958,4R3/B1p5/6k1/3N1p2/5P1p/6P1/PP4K1/8 w - - 0 35,h5h4
40,EulerE,kasparianfan,956,958,4R3/B1N5/6k1/5p2/5P1p/6P1/PP4K1/8 b - - 0 35,d5c7
40,EulerE,kasparianfan,956,958,4R3/B1N5/8/5p1k/5P1p/6P1/PP4K1/8 w - - 1 36,g6h5
40,EulerE,kasparianfan,956,958,4R3/B1N5/8/5p1k/5P1P/8/PP4K1/8 b - - 0 36,g3h4
40,EulerE,kasparianfan,956,958,4R3/B1N5/8/5p2/5P1k/8/PP4K1/8 w - - 0 37,h5h4
40,EulerE,kasparianfan,956,958,4R3/2N5/8/5p2/5P1k/8/PP3BK1/8 b - - 1 37,a7f2
40,EulerE,kasparianfan,956,958,4R3/2N5/8/5p2/5Pk1/8/PP3BK1/8 w - - 2 38,h4g4
40,EulerE,kasparianfan,956,958,6R1/2N5/8/5p2/5Pk1/8/PP3BK1/8 b - - 3 38,e8g8
40,EulerE,kasparianfan,956,958,6R1/2N5/8/5p2/5k2/8/PP3BK1/8 w - - 0 39,g4f4
40,EulerE,kasparianfan,956,958,6R1/2N5/8/5p2/5k2/6B1/PP4K1/8 b - - 1 39,f2g3
40,EulerE,kasparianfan,956,958,6R1/2N5/8/5p2/4k3/6B1/PP4K1/8 w - - 2 40,f4e4
40,EulerE,kasparianfan,956,958,6R1/2N5/8/5p2/P3k3/6B1/1P4K1/8 b - - 0 40,a2a4
40,EulerE,kasparianfan,956,958,6R1/2N5/8/5p2/P2k4/6B1/1P4K1/8 w - - 1 41,e4d4
40,EulerE,kasparianfan,956,958,6R1/2N5/8/P4p2/3k4/6B1/1P4K1/8 b - - 0 41,a4a5
40,EulerE,kasparianfan,956,958,6R1/2N5/8/P4p2/8/3k2B1/1P4K1/8 w - - 1 42,d4d3
40,EulerE,kasparianfan,956,958,6R1/2N5/P7/5p2/8/3k2B1/1P4K1/8 b - - 0 42,a5a6
40,EulerE,kasparianfan,956,958,6R1/2N5/P7/8/5p2/3k2B1/1P4K1/8 w - - 0 43,f5f4
40,EulerE,kasparianfan,956,958,6R1/P1N5/8/8/5p2/3k2B1/1P4K1/8 b - - 0 43,a6a7
40,EulerE,kasparianfan,956,958,6R1/P1N5/8/8/8/3k1pB1/1P4K1/8 w - - 0 44,f4f3
40,EulerE,kasparianfan,956,958,6R1/P1N5/8/8/8/3k1KB1/1P6/8 b - - 0 44,g2f3
40,EulerE,kasparianfan,956,958,6R1/P1N5/8/8/8/5KB1/1P1k4/8 w - - 1 45,d3d2
40,EulerE,kasparianfan,956,958,Q5R1/2N5/8/8/8/5KB1/1P1k4/8 b - - 0 45,a7a8q
40,EulerE,kasparianfan,956,958,Q5R1/2N5/8/8/8/5KB1/1P6/2k5 w - - 1 46,d2c1
40,EulerE,kasparianfan,956,958,6R1/2N5/2Q5/8/8/5KB1/1P6/2k5 b - - 2 46,a8c6
40,EulerE,kasparianfan,956,958,6R1/2N5/2Q5/8/8/5KB1/1P6/1k6 w - - 3 47,c1b1
40,EulerE,kasparianfan,956,958,7R/2N5/2Q5/8/8/5KB1/1P6/1k6 b - - 4 47,g8h8
40,EulerE,kasparianfan,956,958,7R/2N5/2Q5/8/8/5KB1/1k6/8 w - - 0 48,b1b2
40,EulerE,kasparianfan,956,958,7R/2N5/8/8/2Q5/5KB1/1k6/8 b - - 1 48,c6c4
40,EulerE,kasparianfan,956,958,7R/2N5/8/8/2Q5/5KB1/8/1k6 w - - 2 49,b2b1
40,EulerE,kasparianfan,956,958,8/2N5/8/8/2Q5/5KB1/8/1k5R b - - 3 49,h8h1
40,EulerE,kasparianfan,956,958,8/2N5/8/8/2Q5/5KB1/1k6/7R w - - 4 50,b1b2
40,EulerE,kasparianfan,956,958,8/2N5/8/4B3/2Q5/5K2/1k6/7R b - - 5 50,g3e5
40,EulerE,kasparianfan,956,958,8/2N5/8/4B3/2Q5/k4K2/8/7R w - - 6 51,b2a3
40,EulerE,kasparianfan,956,958,8/2N5/8/4B3/8/k1Q2K2/8/7R b - - 7 51,c4c3
40,EulerE,kasparianfan,956,958,8/2N5/8/4B3/8/2Q2K2/k7/7R w - - 8 52,a3a2
40,EulerE,kasparianfan,956,958,8/2N5/8/4B3/8/2Q2K2/k7/R7 b - - 9 52,h1a1
41,EulerE,muhwu,971,959,rnbqkbnr/pppppppp/8/8/3P4/8/PPP1PPPP/RNBQKBNR b KQkq - 0 1,d2d4
41,EulerE,muhwu,971,959,rnbqkbnr/pp1ppppp/8/2p5/3P4/8/PPP1PPPP/RNBQKBNR w KQkq - 0 2,c7c5
41,EulerE,muhwu,971,959,rnbqkbnr/pp1ppppp/8/2P5/8/8/PPP1PPPP/RNBQKBNR b KQkq - 0 2,d4c5
41,EulerE,muhwu,971,959,r1bqkbnr/pp1ppppp/2n5/2P5/8/8/PPP1PPPP/RNBQKBNR w KQkq - 1 3,b8c6
41,EulerE,muhwu,971,959,r1bqkbnr/pp1ppppp/2n5/2P5/8/5N2/PPP1PPPP/RNBQKB1R b KQkq - 2 3,g1f3
41,EulerE,muhwu,971,959,r1bqkbnr/pp1p1ppp/2n1p3/2P5/8/5N2/PPP1PPPP/RNBQKB1R w KQkq - 0 4,e7e6
41,EulerE,muhwu,971,959,r1bqkbnr/pp1p1ppp/2n1p3/2P5/4P3/5N2/PPP2PPP/RNBQKB1R b KQkq - 0 4,e2e4
41,EulerE,muhwu,971,959,r1bqk1nr/pp1p1ppp/2n1p3/2b5/4P3/5N2/PPP2PPP/RNBQKB1R w KQkq - 0 5,f8c5
41,EulerE,muhwu,971,959,r1bqk1nr/pp1p1ppp/2n1p3/2b5/4P3/2N2N2/PPP2PPP/R1BQKB1R b KQkq - 1 5,b1c3
41,EulerE,muhwu,971,959,r1bqk2r/pp1p1ppp/2n1pn2/2b5/4P3/2N2N2/PPP2PPP/R1BQKB1R w KQkq - 2 6,g8f6
41,EulerE,muhwu,971,959,r1bqk2r/pp1p1ppp/2n1pn2/1Bb5/4P3/2N2N2/PPP2PPP/R1BQK2R b KQkq - 3 6,f1b5
41,EulerE,muhwu,971,959,r1bqk2r/1p1p1ppp/p1n1pn2/1Bb5/4P3/2N2N2/PPP2PPP/R1BQK2R w KQkq - 0 7,a7a6
41,EulerE,muhwu,971,959,r1bqk2r/1p1p1ppp/p1B1pn2/2b5/4P3/2N2N2/PPP2PPP/R1BQK2R b KQkq - 0 7,b5c6
41,EulerE,muhwu,971,959,r1bqk2r/3p1ppp/p1p1pn2/2b5/4P3/2N2N2/PPP2PPP/R1BQK2R w KQkq - 0 8,b7c6
41,EulerE,muhwu,971,959,r1bqk2r/3p1ppp/p1p1pn2/2b5/4P3/2N2N2/PPP2PPP/R1BQ1RK1 b kq - 1 8,e1g1
41,EulerE,muhwu,971,959,r2qk2r/1b1p1ppp/p1p1pn2/2b5/4P3/2N2N2/PPP2PPP/R1BQ1RK1 w kq - 2 9,c8b7
41,EulerE,muhwu,971,959,r2qk2r/1b1p1ppp/p1p1pn2/2b5/4P3/2N1BN2/PPP2PPP/R2Q1RK1 b kq - 3 9,c1e3
41,EulerE,muhwu,971,959,r2qk2r/1b1p1ppp/p1p1pn2/8/4P3/2N1bN2/PPP2PPP/R2Q1RK1 w kq - 0 10,c5e3
41,EulerE,muhwu,971,959,r2qk2r/1b1p1ppp/p1p1pn2/8/4P3/2N1PN2/PPP3PP/R2Q1RK1 b kq - 0 10,f2e3
41,EulerE,muhwu,971,959,r2qk2r/1b1p1ppp/p3pn2/2p5/4P3/2N1PN2/PPP3PP/R2Q1RK1 w kq - 0 11,c6c5
41,EulerE,muhwu,971,959,r2qk2r/1b1p1ppp/p3pn2/2p1P3/8/2N1PN2/PPP3PP/R2Q1RK1 b kq - 0 11,e4e5
41,EulerE,muhwu,971,959,r2qk2r/1b1p1ppp/p3p3/2pnP3/8/2N1PN2/PPP3PP/R2Q1RK1 w kq - 1 12,f6d5
41,EulerE,muhwu,971,959,r2qk2r/1b1p1ppp/p3p3/2pNP3/8/4PN2/PPP3PP/R2Q1RK1 b kq - 0 12,c3d5
41,EulerE,muhwu,971,959,r2qk2r/3p1ppp/p3p3/2pbP3/8/4PN2/PPP3PP/R2Q1RK1 w kq - 0 13,b7d5
41,EulerE,muhwu,971,959,r2qk2r/3p1ppp/p3p3/2pbP3/4P3/5N2/PPP3PP/R2Q1RK1 b kq - 0 13,e3e4
41,EulerE,muhwu,971,959,r2qk2r/3p1ppp/p3p3/2p1P3/4b3/5N2/PPP3PP/R2Q1RK1 w kq - 0 14,d5e4
41,EulerE,muhwu,971,959,r2qk2r/3p1ppp/p3p3/2p1P3/4b3/5N2/PPP3PP/R2QR1K1 b kq - 1 14,f1e1
41,EulerE,muhwu,971,959,r2qk2r/3p1ppp/p3p3/2pbP3/8/5N2/PPP3PP/R2QR1K1 w kq - 2 15,e4d5
41,EulerE,muhwu,971,959,r2qk2r/3p1ppp/p3p3/2pbP3/2P5/5N2/PP4PP/R2QR1K1 b kq - 0 15,c2c4
41,EulerE,muhwu,971,959,r2qk2r/3p1ppp/p3p3/2p1P3/2b5/5N2/PP4PP/R2QR1K1 w kq - 0 16,d5c4
41,EulerE,muhwu,971,959,r2qk2r/3p1ppp/p3p3/2p1P3/2b5/5N2/PP4PP/2RQR1K1 b kq - 1 16,a1c1
41,EulerE,muhwu,971,959,r2qk2r/3p1ppp/p3p3/2pbP3/8/5N2/PP4PP/2RQR1K1 w kq - 2 17,c4d5
41,EulerE,muhwu,971,959,r2qk2r/3p1ppp/p3p3/2pbP3/Q7/5N2/PP4PP/2R1R1K1 b kq - 3 17,d1a4
41,EulerE,muhwu,971,959,r2q1rk1/3p1ppp/p3p3/2pbP3/Q7/5N2/PP4PP/2R1R1K1 w - - 4 18,e8g8
41,EulerE,muhwu,971,959,r2q1rk1/3p1ppp/p3p3/2pbP3/Q7/5N2/PP4PP/3RR1K1 b - - 5 18,c1d1
41,EulerE,muhwu,971,959,r2q1rk1/3p1ppp/p3p3/2p1P3/Q7/5b2/PP4PP/3RR1K1 w - - 0 19,d5f3
41,EulerE,muhwu,971,959,r2q1rk1/3p1ppp/p3p3/2p1P3/Q7/5P2/PP5P/3RR1K1 b - - 0 19,g2f3
41,EulerE,muhwu,971,959,r4rk1/2qp1ppp/p3p3/2p1P3/Q7/5P2/PP5P/3RR1K1 w - - 1 20,d8c7
41,EulerE,muhwu,971,959,r4rk1/2qR1ppp/p3p3/2p1P3/Q7/5P2/PP5P/4R1K1 b - - 0 20,d1d7
41,EulerE,muhwu,971,959,r1q2rk1/3R1ppp/p3p3/2p1P3/Q7/5P2/PP5P/4R1K1 w - - 1 21,c7c8
41,EulerE,muhwu,971,959,r1q2rk1/5ppp/p2Rp3/2p1P3/Q7/5P2/PP5P/4R1K1 b - - 2 21,d7d6
41,EulerE,muhwu,971,959,r1qr2k1/5ppp/p2Rp3/2p1P3/Q7/5P2/PP5P/4R1K1 w - - 3 22,f8d8
41,EulerE,muhwu,971,959,r1qr2k1/5ppp/p2Rp3/2p1P3/Q7/5P2/PP5P/3R2K1 b - - 4 22,e1d1
41,EulerE,muhwu,971,959,r1q3k1/5ppp/p2rp3/2p1P3/Q7/5P2/PP5P/3R2K1 w - - 0 23,d8d6
41,EulerE,muhwu,971,959,r1q3k1/5ppp/p2Rp3/2p1P3/Q7/5P2/PP5P/6K1 b - - 0 23,d1d6
41,EulerE,muhwu,971,959,r5k1/1q3ppp/p2Rp3/2p1P3/Q7/5P2/PP5P/6K1 w - - 1 24,c8b7
41,EulerE,muhwu,971,959,r5k1/1q3ppp/p2Rp3/2p1P3/2Q5/5P2/PP5P/6K1 b - - 2 24,a4c4
41,EulerE,muhwu,971,959,r5k1/5ppp/p2Rp3/2p1P3/2Q5/5q2/PP5P/6K1 w - - 0 25,b7f3
41,EulerE,muhwu,971,959,r5k1/5ppp/p2Rp3/2Q1P3/8/5q2/PP5P/6K1 b - - 0 25,c4c5
41,EulerE,muhwu,971,959,r5k1/5ppp/p2Rp3/2Q1P3/6q1/8/PP5P/6K1 w - - 1 26,f3g4
41,EulerE,muhwu,971,959,r5k1/5ppp/p2Rp3/2Q1P3/6q1/8/PP5P/5K2 b - - 2 26,g1f1
41,EulerE,muhwu,971,959,r5k1/5ppp/p2Rp3/2Q1P3/5q2/8/PP5P/5K2 w - - 3 27,g4f4
41,EulerE,muhwu,971,959,r5k1/5ppp/p2Rp3/2Q1P3/5q2/8/PP5P/4K3 b - - 4 27,f1e1
41,EulerE,muhwu,971,959,r5k1/5ppp/p2Rp3/2Q1P3/4q3/8/PP5P/4K3 w - - 5 28,f4e4
41,EulerE,muhwu,971,959,r5k1/5ppp/p2Rp3/2Q1P3/4q3/8/PP5P/3K4 b - - 6 28,e1d1
41,EulerE,muhwu,971,959,r5k1/5ppp/p2Rp3/2Q1P3/8/5q2/PP5P/3K4 w - - 7 29,e4f3
41,EulerE,muhwu,971,959,r5k1/5ppp/p2Rp3/2Q1P3/8/5q2/PPK4P/8 b - - 8 29,d1c2
41,EulerE,muhwu,971,959,r5k1/5ppp/p2Rp3/2Q1P3/4q3/8/PPK4P/8 w - - 9 30,f3e4
41,EulerE,muhwu,971,959,r5k1/5ppp/p2Rp3/2Q1P3/4q3/1K6/PP5P/8 b - - 10 30,c2b3
41,EulerE,muhwu,971,959,r5k1/5ppp/p2Rp3/2Q1P3/8/1K2q3/PP5P/8 w - - 11 31,e4e3
41,EulerE,muhwu,971,959,r5k1/5ppp/p2Rp3/4P3/8/1K2Q3/PP5P/8 b - - 0 31,c5e3
41,EulerE,muhwu,971,959,1r4k1/5ppp/p2Rp3/4P3/8/1K2Q3/PP5P/8 w - - 1 32,a8b8
41,EulerE,muhwu,971,959,1r4k1/5ppp/p2Rp3/4P3/8/2K1Q3/PP5P/8 b - - 2 32,b3c3
41,EulerE,muhwu,971,959,1r4k1/5pp1/p2Rp2p/4P3/8/2K1Q3/PP5P/8 w - - 0 33,h7h6
41,EulerE,muhwu,971,959,1r4k1/5pp1/p2Rp2p/2Q1P3/8/2K5/PP5P/8 b - - 1 33,e3c5
41,EulerE,muhwu,971,959,2r3k1/5pp1/p2Rp2p/2Q1P3/8/2K5/PP5P/8 w - - 2 34,b8c8
41,EulerE,muhwu,971,959,2Q3k1/5pp1/p2Rp2p/4P3/8/2K5/PP5P/8 b - - 0 34,c5c8
41,EulerE,muhwu,971,959,2Q5/5ppk/p2Rp2p/4P3/8/2K5/PP5P/8 w - - 1 35,g8h7
41,EulerE,muhwu,971,959,2QR4/5ppk/p3p2p/4P3/8/2K5/PP5P/8 b - - 2 35,d6d8
41,EulerE,muhwu,971,959,2QR4/5pp1/p3p1kp/4P3/8/2K5/PP5P/8 w - - 3 36,h7g6
41,EulerE,muhwu,971,959,2Q3R1/5pp1/p3p1kp/4P3/8/2K5/PP5P/8 b - - 4 36,d8g8
41,EulerE,muhwu,971,959,2Q3R1/5pp1/p3p2p/4P2k/8/2K5/PP5P/8 w - - 5 37,g6h5
41,EulerE,muhwu,971,959,2Q5/5pR1/p3p2p/4P2k/8/2K5/PP5P/8 b - - 0 37,g8g7
41,EulerE,muhwu,971,959,2Q5/6R1/p3p2p/4Pp1k/8/2K5/PP5P/8 w - f6 0 38,f7f5
41,EulerE,muhwu,971,959,2Q5/5R2/p3p2p/4Pp1k/8/2K5/PP5P/8 b - - 1 38,g7f7
42,EulerE,Rishabh2233,985,957,rnbqkbnr/pppppppp/8/8/3P4/8/PPP1PPPP/RNBQKBNR b KQkq - 0 1,d2d4
42,EulerE,Rishabh2233,985,957,rnbqkbnr/pppp1ppp/4p3/8/3P4/8/PPP1PPPP/RNBQKBNR w KQkq - 0 2,e7e6
42,EulerE,Rishabh2233,985,957,rnbqkbnr/pppp1ppp/4p3/8/2PP4/8/PP2PPPP/RNBQKBNR b KQkq - 0 2,c2c4
42,EulerE,Rishabh2233,985,957,rnbqkbnr/pppp2pp/4p3/5p2/2PP4/8/PP2PPPP/RNBQKBNR w KQkq - 0 3,f7f5
42,EulerE,Rishabh2233,985,957,rnbqkbnr/pppp2pp/4p3/5p2/2PP4/2N5/PP2PPPP/R1BQKBNR b KQkq - 1 3,b1c3
42,EulerE,Rishabh2233,985,957,rnbqkbnr/pppp3p/4p1p1/5p2/2PP4/2N5/PP2PPPP/R1BQKBNR w KQkq - 0 4,g7g6
42,EulerE,Rishabh2233,985,957,rnbqkbnr/pppp3p/4p1p1/5p2/2PP4/2N2N2/PP2PPPP/R1BQKB1R b KQkq - 1 4,g1f3
42,EulerE,Rishabh2233,985,957,rnbq1bnr/ppppk2p/4p1p1/5p2/2PP4/2N2N2/PP2PPPP/R1BQKB1R w KQ - 2 5,e8e7
42,EulerE,Rishabh2233,985,957,rnbq1bnr/ppppk2p/4p1p1/5p2/2PP4/2N2N2/PP1BPPPP/R2QKB1R b KQ - 3 5,c1d2
42,EulerE,Rishabh2233,985,957,rnbq1b1r/ppppk2p/4pnp1/5p2/2PP4/2N2N2/PP1BPPPP/R2QKB1R w KQ - 4 6,g8f6
42,EulerE,Rishabh2233,985,957,rnbq1b1r/ppppk2p/4pnp1/5p2/Q1PP4/2N2N2/PP1BPPPP/R3KB1R b KQ - 5 6,d1a4
42,EulerE,Rishabh2233,985,957,rnbq1b1r/ppp1k2p/3ppnp1/5p2/Q1PP4/2N2N2/PP1BPPPP/R3KB1R w KQ - 0 7,d7d6
42,EulerE,Rishabh2233,985,957,rnbq1b1r/ppp1k2p/3ppnp1/5p2/1QPP4/2N2N2/PP1BPPPP/R3KB1R b KQ - 1 7,a4b4
42,EulerE,Rishabh2233,985,957,rnbq1b1r/ppp2k1p/3ppnp1/5p2/1QPP4/2N2N2/PP1BPPPP/R3KB1R w KQ - 2 8,e7f7
42,EulerE,Rishabh2233,985,957,rnbq1b1r/ppp2k1p/3ppnp1/3P1p2/1QP5/2N2N2/PP1BPPPP/R3KB1R b KQ - 0 8,d4d5
42,EulerE,Rishabh2233,985,957,rnbq1b1r/ppp3kp/3ppnp1/3P1p2/1QP5/2N2N2/PP1BPPPP/R3KB1R w KQ - 1 9,f7g7
42,EulerE,Rishabh2233,985,957,rnbq1b1r/ppp3kp/3pPnp1/5p2/1QP5/2N2N2/PP1BPPPP/R3KB1R b KQ - 0 9,d5e6
42,EulerE,Rishabh2233,985,957,rn1q1b1r/ppp3kp/3pbnp1/5p2/1QP5/2N2N2/PP1BPPPP/R3KB1R w KQ - 0 10,c8e6
42,EulerE,Rishabh2233,985,957,rn1q1b1r/ppp3kp/3pbnp1/5p2/1QP5/2N1PN2/PP1B1PPP/R3KB1R b KQ - 0 10,e2e3
42,EulerE,Rishabh2233,985,957,rn1q3r/ppp1b1kp/3pbnp1/5p2/1QP5/2N1PN2/PP1B1PPP/R3KB1R w KQ - 1 11,f8e7
42,EulerE,Rishabh2233,985,957,rn1q3r/ppp1b1kp/3pbnp1/5p2/1QP5/2NBPN2/PP1B1PPP/R3K2R b KQ - 2 11,f1d3
42,EulerE,Rishabh2233,985,957,rn1q1r2/ppp1b1kp/3pbnp1/5p2/1QP5/2NBPN2/PP1B1PPP/R3K2R w KQ - 3 12,h8f8
42,EulerE,Rishabh2233,985,957,rn1q1r2/ppp1b1kp/3pbnp1/5p2/1QP5/2NBPN2/PP1B1PPP/R4RK1 b - - 4 12,e1g1
42,EulerE,Rishabh2233,985,957,rn1q4/ppp1brkp/3pbnp1/5p2/1QP5/2NBPN2/PP1B1PPP/R4RK1 w - - 5 13,f8f7
42,EulerE,Rishabh2233,985,957,rn1q4/ppp1brkp/3pbnp1/5pN1/1QP5/2NBP3/PP1B1PPP/R4RK1 b - - 6 13,f3g5
42,EulerE,Rishabh2233,985,957,r2q4/pppnbrkp/3pbnp1/5pN1/1QP5/2NBP3/PP1B1PPP/R4RK1 w - - 7 14,b8d7
42,EulerE,Rishabh2233,985,957,r2q4/pppnbrkp/3pNnp1/5p2/1QP5/2NBP3/PP1B1PPP/R4RK1 b - - 0 14,g5e6
42,EulerE,Rishabh2233,985,957,r2q2k1/pppnbr1p/3pNnp1/5p2/1QP5/2NBP3/PP1B1PPP/R4RK1 w - - 1 15,g7g8
42,EulerE,Rishabh2233,985,957,r2N2k1/pppnbr1p/3p1np1/5p2/1QP5/2NBP3/PP1B1PPP/R4RK1 b - - 0 15,e6d8
42,EulerE,Rishabh2233,985,957,3r2k1/pppnbr1p/3p1np1/5p2/1QP5/2NBP3/PP1B1PPP/R4RK1 w - - 0 16,a8d8
42,EulerE,Rishabh2233,985,957,3r2k1/pppnbr1p/3p1np1/5p2/1QP5/2N1P3/PPBB1PPP/R4RK1 b - - 1 16,d3c2
42,EulerE,Rishabh2233,985,957,3r2k1/pp1nbr1p/3p1np1/2p2p2/1QP5/2N1P3/PPBB1PPP/R4RK1 w - - 0 17,c7c5
42,EulerE,Rishabh2233,985,957,3r2k1/pp1nbr1p/3p1np1/1Qp2p2/2P5/2N1P3/PPBB1PPP/R4RK1 b - - 1 17,b4b5
42,EulerE,Rishabh2233,985,957,3r2k1/1p1nbr1p/p2p1np1/1Qp2p2/2P5/2N1P3/PPBB1PPP/R4RK1 w - - 0 18,a7a6
42,EulerE,Rishabh2233,985,957,3r2k1/1Q1nbr1p/p2p1np1/2p2p2/2P5/2N1P3/PPBB1PPP/R4RK1 b - - 0 18,b5b7
42,EulerE,Rishabh2233,985,957,3r2k1/1Q2br1p/p2p1np1/2p1np2/2P5/2N1P3/PPBB1PPP/R4RK1 w - - 1 19,d7e5
42,EulerE,Rishabh2233,985,957,3r2k1/1Q2br1p/p2p1np1/2p1np2/2P2P2/2N1P3/PPBB2PP/R4RK1 b - - 0 19,f2f4
42,EulerE,Rishabh2233,985,957,3r2k1/1Q2br1p/p2p1np1/2p2p2/2P2Pn1/2N1P3/PPBB2PP/R4RK1 w - - 1 20,e5g4
42,EulerE,Rishabh2233,985,957,3r2k1/1Q2br1p/p2p1np1/2p2p2/2P2Pn1/2N1P2P/PPBB2P1/R4RK1 b - - 0 20,h2h3
42,EulerE,Rishabh2233,985,957,3r2k1/1Q2br1p/p2p1npn/2p2p2/2P2P2/2N1P2P/PPBB2P1/R4RK1 w - - 1 21,g4h6
42,EulerE,Rishabh2233,985,957,3r2k1/4br1p/p2p1npn/2p2p2/2P2P2/2N1PQ1P/PPBB2P1/R4RK1 b - - 2 21,b7f3
42,EulerE,Rishabh2233,985,957,3r2k1/4br1p/p2p2pn/2p2p1n/2P2P2/2N1PQ1P/PPBB2P1/R4RK1 w - - 3 22,f6h5
42,EulerE,Rishabh2233,985,957,3r2k1/4br1p/p2p2pn/2p2p1n/2P2P2/2N1PQ1P/PPBB2P1/3R1RK1 b - - 4 22,a1d1
42,EulerE,Rishabh2233,985,957,3r2k1/5r1p/p2p2pn/2p2p1n/2P2P1b/2N1PQ1P/PPBB2P1/3R1RK1 w - - 5 23,e7h4
42,EulerE,Rishabh2233,985,957,3r2k1/5r1p/p2p2pn/2p2p1n/2P2P1b/2N1PQ1P/PPB3P1/2BR1RK1 b - - 6 23,d2c1
42,EulerE,Rishabh2233,985,957,3r2k1/5r1p/p2p2pn/2p2p2/2P2P1b/2N1PQnP/PPB3P1/2BR1RK1 w - - 7 24,h5g3
42,EulerE,Rishabh2233,985,957,3r2k1/5r1p/p2p2pn/2p2p2/2P2P1b/1PN1PQnP/P1B3P1/2BR1RK1 b - - 0 24,b2b3
42,EulerE,Rishabh2233,985,957,3r2k1/5r1p/p2p2pn/2p2p2/2P2P1b/1PN1PQ1P/P1B1n1P1/2BR1RK1 w - - 1 25,g3e2
42,EulerE,Rishabh2233,985,957,3r2k1/5r1p/p2p2pn/2p2p2/2P2P1b/1P2PQ1P/P1B1N1P1/2BR1RK1 b - - 0 25,c3e2
42,EulerE,Rishabh2233,985,957,4r1k1/5r1p/p2p2pn/2p2p2/2P2P1b/1P2PQ1P/P1B1N1P1/2BR1RK1 w - - 1 26,d8e8
42,EulerE,Rishabh2233,985,957,4r1k1/5r1p/p2p2pn/2p2p2/2P2P1b/1P2PQ1P/PBB1N1P1/3R1RK1 b - - 2 26,c1b2
42,EulerE,Rishabh2233,985,957,4r1k1/5r1p/p5pn/2pp1p2/2P2P1b/1P2PQ1P/PBB1N1P1/3R1RK1 w - - 0 27,d6d5
42,EulerE,Rishabh2233,985,957,4r1k1/5r1p/p5pn/2pQ1p2/2P2P1b/1P2P2P/PBB1N1P1/3R1RK1 b - - 0 27,f3d5
42,EulerE,Rishabh2233,985,957,5rk1/5r1p/p5pn/2pQ1p2/2P2P1b/1P2P2P/PBB1N1P1/3R1RK1 w - - 1 28,e8f8
42,EulerE,Rishabh2233,985,957,5rk1/5r1p/p5pn/2p1Qp2/2P2P1b/1P2P2P/PBB1N1P1/3R1RK1 b - - 2 28,d5e5
42,EulerE,Rishabh2233,985,957,5rk1/5r1p/6pn/p1p1Qp2/2P2P1b/1P2P2P/PBB1N1P1/3R1RK1 w - - 0 29,a6a5
42,EulerE,Rishabh2233,985,957,5rkQ/5r1p/6pn/p1p2p2/2P2P1b/1P2P2P/PBB1N1P1/3R1RK1 b - - 1 29,e5h8
43,Emigdi,EulerE,1000,972,rnbqkbnr/pppppppp/8/8/4P3/8/PPPP1PPP/RNBQKBNR b KQkq - 0 1,e2e4
43,Emigdi,EulerE,1000,972,rnbqkbnr/pppp1ppp/8/4p3/4P3/8/PPPP1PPP/RNBQKBNR w KQkq - 0 2,e7e5
43,Emigdi,EulerE,1000,972,rnbqkbnr/pppp1ppp/8/4p3/4P3/2N5/PPPP1PPP/R1BQKBNR b KQkq - 1 2,b1c3
43,Emigdi,EulerE,1000,972,r1bqkbnr/pppp1ppp/2n5/4p3/4P3/2N5/PPPP1PPP/R1BQKBNR w KQkq - 2 3,b8c6
43,Emigdi,EulerE,1000,972,r1bqkbnr/pppp1ppp/2n5/4p3/4PP2/2N5/PPPP2PP/R1BQKBNR b KQkq - 0 3,f2f4
43,Emigdi,EulerE,1000,972,r1bqkb1r/pppp1ppp/2n2n2/4p3/4PP2/2N5/PPPP2PP/R1BQKBNR w KQkq - 1 4,g8f6
43,Emigdi,EulerE,1000,972,r1bqkb1r/pppp1ppp/2n2n2/4P3/4P3/2N5/PPPP2PP/R1BQKBNR b KQkq - 0 4,f4e5
43,Emigdi,EulerE,1000,972,r1bqkb1r/pppp1ppp/5n2/4n3/4P3/2N5/PPPP2PP/R1BQKBNR w KQkq - 0 5,c6e5
43,Emigdi,EulerE,1000,972,r1bqkb1r/pppp1ppp/5n2/4n3/4P3/2N2N2/PPPP2PP/R1BQKB1R b KQkq - 1 5,g1f3
43,Emigdi,EulerE,1000,972,r1bqkb1r/pppp1ppp/5n2/8/4P3/2N2n2/PPPP2PP/R1BQKB1R w KQkq - 0 6,e5f3
43,Emigdi,EulerE,1000,972,r1bqkb1r/pppp1ppp/5n2/8/4P3/2N2Q2/PPPP2PP/R1B1KB1R b KQkq - 0 6,d1f3
43,Emigdi,EulerE,1000,972,r1bqkb1r/ppp2ppp/3p1n2/8/4P3/2N2Q2/PPPP2PP/R1B1KB1R w KQkq - 0 7,d7d6
43,Emigdi,EulerE,1000,972,r1bqkb1r/ppp2ppp/3p1n2/8/4P3/2NP1Q2/PPP3PP/R1B1KB1R b KQkq - 0 7,d2d3
43,Emigdi,EulerE,1000,972,r2qkb1r/ppp2ppp/3pbn2/8/4P3/2NP1Q2/PPP3PP/R1B1KB1R w KQkq - 1 8,c8e6
43,Emigdi,EulerE,1000,972,r2qkb1r/ppp2ppp/3pbn2/8/4P3/2NP1Q2/PPP1B1PP/R1B1K2R b KQkq - 2 8,f1e2
43,Emigdi,EulerE,1000,972,r2qk2r/ppp1bppp/3pbn2/8/4P3/2NP1Q2/PPP1B1PP/R1B1K2R w KQkq - 3 9,f8e7
43,Emigdi,EulerE,1000,972,r2qk2r/ppp1bppp/3pbn2/8/4P3/2NP1Q2/PPP1B1PP/R1B2RK1 b kq - 4 9,e1g1
43,Emigdi,EulerE,1000,972,r2q1rk1/ppp1bppp/3pbn2/8/4P3/2NP1Q2/PPP1B1PP/R1B2RK1 w - - 5 10,e8g8
43,Emigdi,EulerE,1000,972,r2q1rk1/ppp1bppp/3pbn2/8/4P3/2NPQ3/PPP1B1PP/R1B2RK1 b - - 6 10,f3e3
43,Emigdi,EulerE,1000,972,r2q1rk1/ppp1bppp/3pb3/8/4P1n1/2NPQ3/PPP1B1PP/R1B2RK1 w - - 7 11,f6g4
43,Emigdi,EulerE,1000,972,r2q1rk1/ppp1bppp/3pb3/8/4P1B1/2NPQ3/PPP3PP/R1B2RK1 b - - 0 11,e2g4
43,Emigdi,EulerE,1000,972,r2q1rk1/ppp1bppp/3p4/8/4P1b1/2NPQ3/PPP3PP/R1B2RK1 w - - 0 12,e6g4
43,Emigdi,EulerE,1000,972,r2q1rk1/ppp1bppp/3p4/8/4P1b1/2NPQ2P/PPP3P1/R1B2RK1 b - - 0 12,h2h3
43,Emigdi,EulerE,1000,972,r2q1rk1/ppp1bppp/3p4/7b/4P3/2NPQ2P/PPP3P1/R1B2RK1 w - - 1 13,g4h5
43,Emigdi,EulerE,1000,972,r2q1rk1/ppp1bppp/3p4/7b/4PQ2/2NP3P/PPP3P1/R1B2RK1 b - - 2 13,e3f4
43,Emigdi,EulerE,1000,972,r2q1rk1/ppp2ppp/3p4/6bb/4PQ2/2NP3P/PPP3P1/R1B2RK1 w - - 3 14,e7g5
43,Emigdi,EulerE,1000,972,r2q1rk1/ppp2ppp/3p4/6Qb/4P3/2NP3P/PPP3P1/R1B2RK1 b - - 0 14,f4g5
43,Emigdi,EulerE,1000,972,r4rk1/ppp2ppp/3p4/6qb/4P3/2NP3P/PPP3P1/R1B2RK1 w - - 0 15,d8g5
43,Emigdi,EulerE,1000,972,r4rk1/ppp2ppp/3p4/6Bb/4P3/2NP3P/PPP3P1/R4RK1 b - - 0 15,c1g5
43,Emigdi,EulerE,1000,972,r4rk1/ppp3pp/3p1p2/6Bb/4P3/2NP3P/PPP3P1/R4RK1 w - - 0 16,f7f6
43,Emigdi,EulerE,1000,972,r4rk1/ppp3pp/3p1p2/7b/4P3/2NPB2P/PPP3P1/R4RK1 b - - 1 16,g5e3
43,Emigdi,EulerE,1000,972,r4rk1/ppp3pp/3p1pb1/8/4P3/2NPB2P/PPP3P1/R4RK1 w - - 2 17,h5g6
43,Emigdi,EulerE,1000,972,r4rk1/ppp3pp/3p1pb1/3N4/4P3/3PB2P/PPP3P1/R4RK1 b - - 3 17,c3d5
43,Emigdi,EulerE,1000,972,2r2rk1/ppp3pp/3p1pb1/3N4/4P3/3PB2P/PPP3P1/R4RK1 w - - 4 18,a8c8
43,Emigdi,EulerE,1000,972,2r2rk1/ppp1N1pp/3p1pb1/8/4P3/3PB2P/PPP3P1/R4RK1 b - - 5 18,d5e7
43,Emigdi,EulerE,1000,972,2r2r1k/ppp1N1pp/3p1pb1/8/4P3/3PB2P/PPP3P1/R4RK1 w - - 6 19,g8h8
43,Emigdi,EulerE,1000,972,2N2r1k/ppp3pp/3p1pb1/8/4P3/3PB2P/PPP3P1/R4RK1 b - - 0 19,e7c8
43,Emigdi,EulerE,1000,972,2r4k/ppp3pp/3p1pb1/8/4P3/3PB2P/PPP3P1/R4RK1 w - - 0 20,f8c8
43,Emigdi,EulerE,1000,972,2r4k/ppp3pp/3p1pb1/8/4P3/3PB2P/PPP3P1/4RRK1 b - - 1 20,a1e1
43,Emigdi,EulerE,1000,972,4r2k/ppp3pp/3p1pb1/8/4P3/3PB2P/PPP3P1/4RRK1 w - - 2 21,c8e8
43,Emigdi,EulerE,1000,972,4r2k/Bpp3pp/3p1pb1/8/4P3/3P3P/PPP3P1/4RRK1 b - - 0 21,e3a7
43,Emigdi,EulerE,1000,972,4r2k/B1p3pp/1p1p1pb1/8/4P3/3P3P/PPP3P1/4RRK1 w - - 0 22,b7b6
43,Emigdi,EulerE,1000,972,4r2k/2p3pp/1B1p1pb1/8/4P3/3P3P/PPP3P1/4RRK1 b - - 0 22,a7b6
43,Emigdi,EulerE,1000,972,4r2k/6pp/1p1p1pb1/8/4P3/3P3P/PPP3P1/4RRK1 w - - 0 23,c7b6
43,Emigdi,EulerE,1000,972,4r2k/6pp/1p1p1pb1/8/4P3/P2P3P/1PP3P1/4RRK1 b - - 0 23,a2a3
43,Emigdi,EulerE,1000,972,7k/6pp/1p1p1pb1/4r3/4P3/P2P3P/1PP3P1/4RRK1 w - - 1 24,e8e5
43,Emigdi,EulerE,1000,972,7k/6pp/1p1p1pb1/4r3/1P2P3/P2P3P/2P3P1/4RRK1 b - - 0 24,b2b4
43,Emigdi,EulerE,1000,972,7k/6pp/1p3pb1/3pr3/1P2P3/P2P3P/2P3P1/4RRK1 w - - 0 25,d6d5
43,Emigdi,EulerE,1000,972,7k/6pp/1p3pb1/3Pr3/1P6/P2P3P/2P3P1/4RRK1 b - - 0 25,e4d5
43,Emigdi,EulerE,1000,972,7k/6pp/1p3pb1/3r4/1P6/P2P3P/2P3P1/4RRK1 w - - 0 26,e5d5
43,Emigdi,EulerE,1000,972,4R2k/6pp/1p3pb1/3r4/1P6/P2P3P/2P3P1/5RK1 b - - 1 26,e1e8
43,Emigdi,EulerE,1000,972,4b2k/6pp/1p3p2/3r4/1P6/P2P3P/2P3P1/5RK1 w - - 0 27,g6e8
43,Emigdi,EulerE,1000,972,4b2k/6pp/1p3p2/3r4/1P6/P2P3P/2P3P1/4R1K1 b - - 1 27,f1e1
43,Emigdi,EulerE,1000,972,7k/6pp/1p3pb1/3r4/1P6/P2P3P/2P3P1/4R1K1 w - - 2 28,e8g6
43,Emigdi,EulerE,1000,972,7k/4R1pp/1p3pb1/3r4/1P6/P2P3P/2P3P1/6K1 b - - 3 28,e1e7
43,Emigdi,EulerE,1000,972,6k1/4R1pp/1p3pb1/3r4/1P6/P2P3P/2P3P1/6K1 w - - 4 29,h8g8
43,Emigdi,EulerE,1000,972,6k1/1R4pp/1p3pb1/3r4/1P6/P2P3P/2P3P1/6K1 b - - 5 29,e7b7
43,Emigdi,EulerE,1000,972,6k1/1R4pp/1p3pb1/6r1/1P6/P2P3P/2P3P1/6K1 w - - 6 30,d5g5
43,Emigdi,EulerE,1000,972,6k1/6pp/1R3pb1/6r1/1P6/P2P3P/2P3P1/6K1 b - - 0 30,b7b6
43,Emigdi,EulerE,1000,972,6k1/6pp/1R3pb1/8/1P6/P2P2rP/2P3P1/6K1 w - - 1 31,g5g3
43,Emigdi,EulerE,1000,972,1R4k1/6pp/5pb1/8/1P6/P2P2rP/2P3P1/6K1 b - - 2 31,b6b8
43,Emigdi,EulerE,1000,972,1R6/5kpp/5pb1/8/1P6/P2P2rP/2P3P1/6K1 w - - 3 32,g8f7
43,Emigdi,EulerE,1000,972,1R6/5kpp/5pb1/1P6/8/P2P2rP/2P3P1/6K1 b - - 0 32,b4b5
43,Emigdi,EulerE,1000,972,1R6/5kp1/5pbp/1P6/8/P2P2rP/2P3P1/6K1 w - - 0 33,h7h6
43,Emigdi,EulerE,1000,972,1R6/5kp1/1P3pbp/8/8/P2P2rP/2P3P1/6K1 b - - 0 33,b5b6
43,Emigdi,EulerE,1000,972,1R6/5kp1/1P3p1p/5b2/8/P2P2rP/2P3P1/6K1 w - - 1 34,g6f5
43,Emigdi,EulerE,1000,972,5R2/5kp1/1P3p1p/5b2/8/P2P2rP/2P3P1/6K1 b - - 2 34,b8f8
43,Emigdi,EulerE,1000,972,5k2/6p1/1P3p1p/5b2/8/P2P2rP/2P3P1/6K1 w - - 0 35,f7f8
43,Emigdi,EulerE,1000,972,5k2/1P4p1/5p1p/5b2/8/P2P2rP/2P3P1/6K1 b - - 0 35,b6b7
43,Emigdi,EulerE,1000,972,5k2/1P4p1/5p1p/5b2/8/P2Pr2P/2P3P1/6K1 w - - 1 36,g3e3
43,Emigdi,EulerE,1000,972,1Q3k2/6p1/5p1p/5b2/8/P2Pr2P/2P3P1/6K1 b - - 0 36,b7b8q
43,Emigdi,EulerE,1000,972,1Q6/5kp1/5p1p/5b2/8/P2Pr2P/2P3P1/6K1 w - - 1 37,f8f7
43,Emigdi,EulerE,1000,972,8/5kp1/5p1p/5b2/5Q2/P2Pr2P/2P3P1/6K1 b - - 2 37,b8f4
43,Emigdi,EulerE,1000,972,8/6p1/5pkp/5b2/5Q2/P2Pr2P/2P3P1/6K1 w - - 3 38,f7g6
43,Emigdi,EulerE,1000,972,8/6p1/5pkp/5b2/8/P2PQ2P/2P3P1/6K1 b - - 0 38,f4e3
43,Emigdi,EulerE,1000,972,8/6pk/5p1p/5b2/8/P2PQ2P/2P3P1/6K1 w - - 1 39,g6h7
43,Emigdi,EulerE,1000,972,8/6pk/5p1p/5b2/8/P2P2QP/2P3P1/6K1 b - - 2 39,e3g3
43,Emigdi,EulerE,1000,972,8/6pk/5pbp/8/8/P2P2QP/2P3P1/6K1 w - - 3 40,f5g6
43,Emigdi,EulerE,1000,972,8/6pk/5pbp/8/3P4/P5QP/2P3P1/6K1 b - - 0 40,d3d4
43,Emigdi,EulerE,1000,972,8/6pk/5pb1/7p/3P4/P5QP/2P3P1/6K1 w - - 0 41,h6h5
43,Emigdi,EulerE,1000,972,8/6pk/5pb1/3P3p/8/P5QP/2P3P1/6K1 b - - 0 41,d4d5
43,Emigdi,EulerE,1000,972,8/6pk/6b1/3P1p1p/8/P5QP/2P3P1/6K1 w - - 0 42,f6f5
43,Emigdi,EulerE,1000,972,8/6pk/3P2b1/5p1p/8/P5QP/2P3P1/6K1 b - - 0 42,d5d6
43,Emigdi,EulerE,1000,972,8/6pk/3P2b1/7p/5p2/P5QP/2P3P1/6K1 w - - 0 43,f5f4
43,Emigdi,EulerE,1000,972,8/6pk/3P2b1/7p/5Q2/P6P/2P3P1/6K1 b - - 0 43,g3f4
43,Emigdi,EulerE,1000,972,8/6pk/3P4/5b1p/5Q2/P6P/2P3P1/6K1 w - - 1 44,g6f5
43,Emigdi,EulerE,1000,972,8/6pk/3P4/5Q1p/8/P6P/2P3P1/6K1 b - - 0 44,f4f5
43,Emigdi,EulerE,1000,972,8/7k/3P2p1/5Q1p/8/P6P/2P3P1/6K1 w - - 0 45,g7g6
43,Emigdi,EulerE,1000,972,8/3P3k/6p1/5Q1p/8/P6P/2P3P1/6K1 b - - 0 45,d6d7
43,Emigdi,EulerE,1000,972,8/3P3k/8/5p1p/8/P6P/2P3P1/6K1 w - - 0 46,g6f5
43,Emigdi,EulerE,1000,972,3Q4/7k/8/5p1p/8/P6P/2P3P1/6K1 b - - 0 46,d7d8q
43,Emigdi,EulerE,1000,972,3Q4/7k/8/7p/5p2/P6P/2P3P1/6K1 w - - 0 47,f5f4
43,Emigdi,EulerE,1000,972,8/3Q3k/8/7p/5p2/P6P/2P3P1/6K1 b - - 1 47,d8d7
43,Emigdi,EulerE,1000,972,8/3Q4/6k1/7p/5p2/P6P/2P3P1/6K1 w - - 2 48,h7g6
43,Emigdi,EulerE,1000,972,8/8/3Q2k1/7p/5p2/P6P/2P3P1/6K1 b - - 3 48,d7d6
43,Emigdi,EulerE,1000,972,8/7k/3Q4/7p/5p2/P6P/2P3P1/6K1 w - - 4 49,g6h7
43,Emigdi,EulerE,1000,972,8/7k/8/4Q2p/5p2/P6P/2P3P1/6K1 b - - 5 49,d6e5
43,Emigdi,EulerE,1000,972,8/8/6k1/4Q2p/5p2/P6P/2P3P1/6K1 w - - 6 50,h7g6
43,Emigdi,EulerE,1000,972,8/8/6k1/7p/5Q2/P6P/2P3P1/6K1 b - - 0 50,e5f4
43,Emigdi,EulerE,1000,972,8/6k1/8/7p/5Q2/P6P/2P3P1/6K1 w - - 1 51,g6g7
43,Emigdi,EulerE,1000,972,8/6k1/8/7p/5Q2/P1P4P/6P1/6K1 b - - 0 51,c2c3
43,Emigdi,EulerE,1000,972,6k1/8/8/7p/5Q2/P1P4P/6P1/6K1 w - - 1 52,g7g8
43,Emigdi,EulerE,1000,972,6k1/8/8/7p/2P2Q2/P6P/6P1/6K1 b - - 0 52,c3c4
43,Emigdi,EulerE,1000,972,8/6k1/8/7p/2P2Q2/P6P/6P1/6K1 w - - 1 53,g8g7
43,Emigdi,EulerE,1000,972,8/6k1/8/2P4p/5Q2/P6P/6P1/6K1 b - - 0 53,c4c5
43,Emigdi,EulerE,1000,972,8/8/6k1/2P4p/5Q2/P6P/6P1/6K1 w - - 1 54,g7g6
43,Emigdi,EulerE,1000,972,8/8/2P3k1/7p/5Q2/P6P/6P1/6K1 b - - 0 54,c5c6
43,Emigdi,EulerE,1000,972,8/7k/2P5/7p/5Q2/P6P/6P1/6K1 w - - 1 55,g6h7
43,Emigdi,EulerE,1000,972,8/2P4k/8/7p/5Q2/P6P/6P1/6K1 b - - 0 55,c6c7
43,Emigdi,EulerE,1000,972,7k/2P5/8/7p/5Q2/P6P/6P1/6K1 w - - 1 56,h7h8
43,Emigdi,EulerE,1000,972,2Q4k/8/8/7p/5Q2/P6P/6P1/6K1 b - - 0 56,c7c8q
44,Venezzuela,EulerE,990,986,rnbqkbnr/pppppppp/8/8/4P3/8/PPPP1PPP/RNBQKBNR b KQkq - 0 1,e2e4
44,Venezzuela,EulerE,990,986,rnbqkbnr/pppp1ppp/8/4p3/4P3/8/PPPP1PPP/RNBQKBNR w KQkq - 0 2,e7e5
44,Venezzuela,EulerE,990,986,rnbqkbnr/pppp1ppp/8/4p3/4P3/5N2/PPPP1PPP/RNBQKB1R b KQkq - 1 2,g1f3
44,Venezzuela,EulerE,990,986,r1bqkbnr/pppp1ppp/2n5/4p3/4P3/5N2/PPPP1PPP/RNBQKB1R w KQkq - 2 3,b8c6
44,Venezzuela,EulerE,990,986,r1bqkbnr/pppp1ppp/2n5/4p3/4P3/2N2N2/PPPP1PPP/R1BQKB1R b KQkq - 3 3,b1c3
44,Venezzuela,EulerE,990,986,r1bqkb1r/pppp1ppp/2n2n2/4p3/4P3/2N2N2/PPPP1PPP/R1BQKB1R w KQkq - 4 4,g8f6
44,Venezzuela,EulerE,990,986,r1bqkb1r/pppp1ppp/2n2n2/4p3/4P3/2NP1N2/PPP2PPP/R1BQKB1R b KQkq - 0 4,d2d3
44,Venezzuela,EulerE,990,986,r1bqkb1r/pppp1p1p/2n2np1/4p3/4P3/2NP1N2/PPP2PPP/R1BQKB1R w KQkq - 0 5,g7g6
44,Venezzuela,EulerE,990,986,r1bqkb1r/pppp1p1p/2n2np1/4p1B1/4P3/2NP1N2/PPP2PPP/R2QKB1R b KQkq - 1 5,c1g5
44,Venezzuela,EulerE,990,986,r1bqk2r/pppp1pbp/2n2np1/4p1B1/4P3/2NP1N2/PPP2PPP/R2QKB1R w KQkq - 2 6,f8g7
44,Venezzuela,EulerE,990,986,r1bqk2r/pppp1pbp/2n2np1/4p1B1/4P3/2NP1N2/PPP1QPPP/R3KB1R b KQkq - 3 6,d1e2
44,Venezzuela,EulerE,990,986,r1bq1rk1/pppp1pbp/2n2np1/4p1B1/4P3/2NP1N2/PPP1QPPP/R3KB1R w KQ - 4 7,e8g8
44,Venezzuela,EulerE,990,986,r1bq1rk1/pppp1pbp/2n2np1/4p1B1/4P3/2NP1N2/PPP1QPPP/2KR1B1R b - - 5 7,e1c1
44,Venezzuela,EulerE,990,986,r1bq1rk1/ppp2pbp/2np1np1/4p1B1/4P3/2NP1N2/PPP1QPPP/2KR1B1R w - - 0 8,d7d6
44,Venezzuela,EulerE,990,986,r1bq1rk1/ppp2pbp/2np1np1/4p1B1/4P2P/2NP1N2/PPP1QPP1/2KR1B1R b - - 0 8,h2h4
44,Venezzuela,EulerE,990,986,r2q1rk1/ppp2pbp/2np1np1/4p1B1/4P1bP/2NP1N2/PPP1QPP1/2KR1B1R w - - 1 9,c8g4
44,Venezzuela,EulerE,990,986,r2q1rk1/ppp2pbp/2np1np1/4p1B1/4P1bP/2NPQN2/PPP2PP1/2KR1B1R b - - 2 9,e2e3
44,Venezzuela,EulerE,990,986,r4rk1/pppq1pbp/2np1np1/4p1B1/4P1bP/2NPQN2/PPP2PP1/2KR1B1R w - - 3 10,d8d7
44,Venezzuela,EulerE,990,986,r4rk1/pppq1pbp/2np1np1/4p1B1/4P1bP/2NPQ3/PPP2PPN/2KR1B1R b - - 4 10,f3h2
44,Venezzuela,EulerE,990,986,r4rk1/pppq1pbp/2np1np1/4p1B1/4P2P/2NPQ3/PPP2PPN/2Kb1B1R w - - 0 11,g4d1
44,Venezzuela,EulerE,990,986,r4rk1/pppq1pbp/2np1np1/4p1B1/4P2P/3PQ3/PPP2PPN/2KN1B1R b - - 0 11,c3d1
44,Venezzuela,EulerE,990,986,r4rk1/pppq1pbp/2np2p1/4p1Bn/4P2P/3PQ3/PPP2PPN/2KN1B1R w - - 1 12,f6h5
44,Venezzuela,EulerE,990,986,r4rk1/pppq1pbp/2np2p1/4p1Bn/4P2P/3PQ3/PPP1BPPN/2KN3R b - - 2 12,f1e2
44,Venezzuela,EulerE,990,986,r4rk1/pppq1pbp/2np2p1/4p1B1/4Pn1P/3PQ3/PPP1BPPN/2KN3R w - - 3 13,h5f4
44,Venezzuela,EulerE,990,986,r4rk1/pppq1pbp/2np2p1/4p1B1/4Pn1P/3PQ1P1/PPP1BP1N/2KN3R b - - 0 13,g2g3
44,Venezzuela,EulerE,990,986,r4rk1/pppq1pbp/2np2p1/4p1B1/4P2P/3PQ1Pn/PPP1BP1N/2KN3R w - - 1 14,f4h3
44,Venezzuela,EulerE,990,986,r4rk1/pppq1pbp/2np2p1/4p1B1/4P2P/3PQNPn/PPP1BP2/2KN3R b - - 2 14,h2f3
44,Venezzuela,EulerE,990,986,r4rk1/pppq2bp/2np1pp1/4p1B1/4P2P/3PQNPn/PPP1BP2/2KN3R w - - 0 15,f7f6
44,Venezzuela,EulerE,990,986,r4rk1/pppq2bp/2np1Bp1/4p3/4P2P/3PQNPn/PPP1BP2/2KN3R b - - 0 15,g5f6
44,Venezzuela,EulerE,990,986,r4rk1/pppq3p/2np1bp1/4p3/4P2P/3PQNPn/PPP1BP2/2KN3R w - - 0 16,g7f6
44,Venezzuela,EulerE,990,986,r4rk1/pppq3p/2np1bp1/4p3/4P2P/3PQNPR/PPP1BP2/2KN4 b - - 0 16,h1h3
44,Venezzuela,EulerE,990,986,r4rk1/ppp4p/2np1bp1/4p3/4P2P/3PQNPq/PPP1BP2/2KN4 w - - 0 17,d7h3
44,Venezzuela,EulerE,990,986,r4rk1/ppp4p/2np1bpQ/4p3/4P2P/3P1NPq/PPP1BP2/2KN4 b - - 1 17,e3h6
44,Venezzuela,EulerE,990,986,r4rk1/ppp3bp/2np2pQ/4p3/4P2P/3P1NPq/PPP1BP2/2KN4 w - - 2 18,f6g7
44,Venezzuela,EulerE,990,986,r4rk1/ppp3bp/2np2p1/4p3/4P2P/3P1NPq/PPPQBP2/2KN4 b - - 3 18,h6d2
44,Venezzuela,EulerE,990,986,r4rk1/ppp3bp/2np2p1/4p3/4P2P/3P1NP1/PPPQBPq1/2KN4 w - - 4 19,h3g2
44,Venezzuela,EulerE,990,986,r4rk1/ppp3bp/2np2p1/4p1N1/4P2P/3P2P1/PPPQBPq1/2KN4 b - - 5 19,f3g5
44,Venezzuela,EulerE,990,986,r4rk1/ppp4p/2np1bp1/4p1N1/4P2P/3P2P1/PPPQBPq1/2KN4 w - - 6 20,g7f6
44,Venezzuela,EulerE,990,986,r4rk1/ppp4p/2npNbp1/4p3/4P2P/3P2P1/PPPQBPq1/2KN4 b - - 7 20,g5e6
44,Venezzuela,EulerE,990,986,r4rk1/ppp4p/2npNbp1/4p3/4P2P/3P2Pq/PPPQBP2/2KN4 w - - 8 21,g2h3
44,Venezzuela,EulerE,990,986,r4Nk1/ppp4p/2np1bp1/4p3/4P2P/3P2Pq/PPPQBP2/2KN4 b - - 0 21,e6f8
44,Venezzuela,EulerE,990,986,r4k2/ppp4p/2np1bp1/4p3/4P2P/3P2Pq/PPPQBP2/2KN4 w - - 0 22,g8f8
44,Venezzuela,EulerE,990,986,r4k2/ppp4p/2np1bpQ/4p3/4P2P/3P2Pq/PPP1BP2/2KN4 b - - 1 22,d2h6
44,Venezzuela,EulerE,990,986,r4k2/ppp3bp/2np2pQ/4p3/4P2P/3P2Pq/PPP1BP2/2KN4 w - - 2 23,f6g7
44,Venezzuela,EulerE,990,986,r4k2/ppp3bQ/2np2p1/4p3/4P2P/3P2Pq/PPP1BP2/2KN4 b - - 0 23,h6h7
44,Venezzuela,EulerE,990,986,r7/ppp2kbQ/2np2p1/4p3/4P2P/3P2Pq/PPP1BP2/2KN4 w - - 1 24,f8f7
44,Venezzuela,EulerE,990,986,r7/ppp2kbQ/2np2p1/4p3/4P2P/3PN1Pq/PPP1BP2/2K5 b - - 2 24,d1e3
44,Venezzuela,EulerE,990,986,7r/ppp2kbQ/2np2p1/4p3/4P2P/3PN1Pq/PPP1BP2/2K5 w - - 3 25,a8h8
44,Venezzuela,EulerE,990,986,7r/ppp2kbQ/2np2p1/4p3/4P1BP/3PN1Pq/PPP2P2/2K5 b - - 4 25,e2g4
44,Venezzuela,EulerE,990,986,7r/ppp2kbQ/2np2p1/4p3/4P1BP/3PN1P1/PPP2P2/2K4q w - - 5 26,h3h1
44,Venezzuela,EulerE,990,986,7r/ppp2kbQ/2np2p1/4p3/4P1BP/3PN1P1/PPPK1P2/7q b - - 6 26,c1d2
44,Venezzuela,EulerE,990,986,8/ppp2kbr/2np2p1/4p3/4P1BP/3PN1P1/PPPK1P2/7q w - - 0 27,h8h7
44,Venezzuela,EulerE,990,986,8/ppp2kbr/2np2p1/3Np3/4P1BP/3P2P1/PPPK1P2/7q b - - 1 27,e3d5
44,Venezzuela,EulerE,990,986,8/ppp2kbr/3p2p1/3Np3/3nP1BP/3P2P1/PPPK1P2/7q w - - 2 28,c6d4
44,Venezzuela,EulerE,990,986,8/ppp2kbr/3p2p1/3Np3/3nP1BP/2KP2P1/PPP2P2/7q b - - 3 28,d2c3
44,Venezzuela,EulerE,990,986,8/ppp2kbr/3pn1p1/3Np3/4P1BP/2KP2P1/PPP2P2/7q w - - 4 29,d4e6
44,Venezzuela,EulerE,990,986,8/ppp2kbr/3pn1p1/4p3/4P1BP/2KPN1P1/PPP2P2/7q b - - 5 29,d5e3
44,Venezzuela,EulerE,990,986,8/ppp2kbr/3pn1p1/4p3/4P1BP/2KPN1P1/PPP2P2/q7 w - - 6 30,h1a1
44,Venezzuela,EulerE,990,986,8/ppp2kbr/3pn1p1/4p3/4P1BP/P1KPN1P1/1PP2P2/q7 b - - 0 30,a2a3
44,Venezzuela,EulerE,990,986,8/ppp2kbr/3pn1p1/4p3/4P1BP/P1KPN1P1/qPP2P2/8 w - - 1 31,a1a2
44,Venezzuela,EulerE,990,986,8/ppp2kbr/3pn1p1/4p3/2N1P1BP/P1KP2P1/qPP2P2/8 b - - 2 31,e3c4
44,Venezzuela,EulerE,990,986,8/p1p2kbr/3pn1p1/1p2p3/2N1P1BP/P1KP2P1/qPP2P2/8 w - - 0 32,b7b5
44,Venezzuela,EulerE,990,986,8/p1p2kbr/3pn1p1/Np2p3/4P1BP/P1KP2P1/qPP2P2/8 b - - 1 32,c4a5
44,Venezzuela,EulerE,990,986,8/p1p2kbr/3pn1p1/Np2p3/4P1BP/q1KP2P1/1PP2P2/8 w - - 0 33,a2a3
44,Venezzuela,EulerE,990,986,8/p1p2kbr/3pn1p1/Np2p3/4P1BP/P1KP2P1/2P2P2/8 b - - 0 33,b2a3
44,Venezzuela,EulerE,990,986,3n4/p1p2kbr/3p2p1/Np2p3/4P1BP/P1KP2P1/2P2P2/8 w - - 1 34,e6d8
45,smithyBoa,EulerE,948,998,rnbqkbnr/pppppppp/8/8/4P3/8/PPPP1PPP/RNBQKBNR b KQkq - 0 1,e2e4
45,smithyBoa,EulerE,948,998,rnbqkbnr/pppp1ppp/8/4p3/4P3/8/PPPP1PPP/RNBQKBNR w KQkq - 0 2,e7e5
45,smithyBoa,EulerE,948,998,rnbqkbnr/pppp1ppp/8/4p3/4P3/5N2/PPPP1PPP/RNBQKB1R b KQkq - 1 2,g1f3
45,smithyBoa,EulerE,948,998,r1bqkbnr/pppp1ppp/2n5/4p3/4P3/5N2/PPPP1PPP/RNBQKB1R w KQkq - 2 3,b8c6
45,smithyBoa,EulerE,948,998,r1bqkbnr/pppp1ppp/2n5/4p3/3PP3/5N2/PPP2PPP/RNBQKB1R b KQkq - 0 3,d2d4
45,smithyBoa,EulerE,948,998,r1bqkb1r/pppp1ppp/2n2n2/4p3/3PP3/5N2/PPP2PPP/RNBQKB1R w KQkq - 1 4,g8f6
45,smithyBoa,EulerE,948,998,r1bqkb1r/pppp1ppp/2n2n2/4P3/4P3/5N2/PPP2PPP/RNBQKB1R b KQkq - 0 4,d4e5
45,smithyBoa,EulerE,948,998,r1bqkb1r/pppp1ppp/2n5/4P3/4P1n1/5N2/PPP2PPP/RNBQKB1R w KQkq - 1 5,f6g4
45,smithyBoa,EulerE,948,998,r1bqkb1r/pppp1ppp/2n5/4P3/4P1n1/2N2N2/PPP2PPP/R1BQKB1R b KQkq - 2 5,b1c3
45,smithyBoa,EulerE,948,998,r1bqkb1r/pppp1ppp/2n5/4n3/4P3/2N2N2/PPP2PPP/R1BQKB1R w KQkq - 0 6,g4e5
45,smithyBoa,EulerE,948,998,r1bqkb1r/pppp1ppp/2n5/4N3/4P3/2N5/PPP2PPP/R1BQKB1R b KQkq - 0 6,f3e5
45,smithyBoa,EulerE,948,998,r1bqkb1r/pppp1ppp/8/4n3/4P3/2N5/PPP2PPP/R1BQKB1R w KQkq - 0 7,c6e5
45,smithyBoa,EulerE,948,998,r1bqkb1r/pppp1ppp/8/4n3/4PB2/2N5/PPP2PPP/R2QKB1R b KQkq - 1 7,c1f4
45,smithyBoa,EulerE,948,998,r1bqkb1r/ppp2ppp/3p4/4n3/4PB2/2N5/PPP2PPP/R2QKB1R w KQkq - 0 8,d7d6
45,smithyBoa,EulerE,948,998,r1bqkb1r/ppp2ppp/3p4/4B3/4P3/2N5/PPP2PPP/R2QKB1R b KQkq - 0 8,f4e5
45,smithyBoa,EulerE,948,998,r1bqkb1r/ppp2ppp/8/4p3/4P3/2N5/PPP2PPP/R2QKB1R w KQkq - 0 9,d6e5
45,smithyBoa,EulerE,948,998,r1bQkb1r/ppp2ppp/8/4p3/4P3/2N5/PPP2PPP/R3KB1R b KQkq - 0 9,d1d8
45,smithyBoa,EulerE,948,998,r1bk1b1r/ppp2ppp/8/4p3/4P3/2N5/PPP2PPP/R3KB1R w KQ - 0 10,e8d8
45,smithyBoa,EulerE,948,998,r1bk1b1r/ppp2ppp/8/4p3/4P3/2N5/PPP2PPP/2KR1B1R b - - 1 10,e1c1
45,smithyBoa,EulerE,948,998,r1b1kb1r/ppp2ppp/8/4p3/4P3/2N5/PPP2PPP/2KR1B1R w - - 2 11,d8e8
45,smithyBoa,EulerE,948,998,r1b1kb1r/ppp2ppp/8/4p3/2B1P3/2N5/PPP2PPP/2KR3R b - - 3 11,f1c4
45,smithyBoa,EulerE,948,998,r1b1k2r/ppp2ppp/3b4/4p3/2B1P3/2N5/PPP2PPP/2KR3R w - - 4 12,f8d6
45,smithyBoa,EulerE,948,998,r1b1k2r/ppp2ppp/3b4/4p3/2B1P3/2N5/PPPR1PPP/2K4R b - - 5 12,d1d2
45,smithyBoa,EulerE,948,998,r1b4r/ppp1kppp/3b4/4p3/2B1P3/2N5/PPPR1PPP/2K4R w - - 6 13,e8e7
45,smithyBoa,EulerE,948,998,r1b4r/ppp1kppp/3b4/4p3/2B1P3/2N5/PPPR1PPP/2KR4 b - - 7 13,h1d1
45,smithyBoa,EulerE,948,998,r6r/ppp1kppp/3bb3/4p3/2B1P3/2N5/PPPR1PPP/2KR4 w - - 8 14,c8e6
45,smithyBoa,EulerE,948,998,r6r/ppp1kppp/3bB3/4p3/4P3/2N5/PPPR1PPP/2KR4 b - - 0 14,c4e6
45,smithyBoa,EulerE,948,998,r6r/ppp1k1pp/3bp3/4p3/4P3/2N5/PPPR1PPP/2KR4 w - - 0 15,f7e6
45,smithyBoa,EulerE,948,998,r6r/ppp1k1pp/3bp3/1N2p3/4P3/8/PPPR1PPP/2KR4 b - - 1 15,c3b5
45,smithyBoa,EulerE,948,998,3r3r/ppp1k1pp/3bp3/1N2p3/4P3/8/PPPR1PPP/2KR4 w - - 2 16,a8d8
45,smithyBoa,EulerE,948,998,3r3r/ppp1k1pp/3Np3/4p3/4P3/8/PPPR1PPP/2KR4 b - - 0 16,b5d6
45,smithyBoa,EulerE,948,998,7r/ppp1k1pp/3rp3/4p3/4P3/8/PPPR1PPP/2KR4 w - - 0 17,d8d6
45,smithyBoa,EulerE,948,998,7r/ppp1k1pp/3Rp3/4p3/4P3/8/PPP2PPP/2KR4 b - - 0 17,d2d6
45,smithyBoa,EulerE,948,998,7r/pp2k1pp/3pp3/4p3/4P3/8/PPP2PPP/2KR4 w - - 0 18,c7d6
45,smithyBoa,EulerE,948,998,7r/pp2k1pp/3pp3/4p3/4P3/5P2/PPP3PP/2KR4 b - - 0 18,f2f3
45,smithyBoa,EulerE,948,998,5r2/pp2k1pp/3pp3/4p3/4P3/5P2/PPP3PP/2KR4 w - - 1 19,h8f8
45,smithyBoa,EulerE,948,998,5r2/pp2k1pp/3pp3/4p3/2P1P3/5P2/PP4PP/2KR4 b - - 0 19,c2c4
45,smithyBoa,EulerE,948,998,8/pp2k1pp/3pp3/4p3/2P1Pr2/5P2/PP4PP/2KR4 w - - 1 20,f8f4
45,smithyBoa,EulerE,948,998,8/pp2k1pp/3pp3/4p3/2P1Pr2/5P2/PP1R2PP/2K5 b - - 2 20,d1d2
45,smithyBoa,EulerE,948,998,8/pp2k1pp/3pp3/4p3/2P1P2r/5P2/PP1R2PP/2K5 w - - 3 21,f4h4
45,smithyBoa,EulerE,948,998,8/pp2k1pp/3pp3/4p3/2P1P2r/5P1P/PP1R2P1/2K5 b - - 0 21,h2h3
45,smithyBoa,EulerE,948,998,8/pp2k1pp/3pp2r/4p3/2P1P3/5P1P/PP1R2P1/2K5 w - - 1 22,h4h6
45,smithyBoa,EulerE,948,998,8/pp2k1pp/3pp2r/4p3/P1P1P3/5P1P/1P1R2P1/2K5 b - - 0 22,a2a4
45,smithyBoa,EulerE,948,998,8/pp2k1pp/3pp1r1/4p3/P1P1P3/5P1P/1P1R2P1/2K5 w - - 1 23,h6g6
45,smithyBoa,EulerE,948,998,8/pp2k1pp/3pp1r1/4p3/P1P1P3/5P1P/1PKR2P1/8 b - - 2 23,c1c2
45,smithyBoa,EulerE,948,998,8/pp2k1pp/3pp3/4p3/P1P1P3/5PrP/1PKR2P1/8 w - - 3 24,g6g3
45,smithyBoa,EulerE,948,998,8/pp2k1pp/3pp3/4p3/P1P1P3/2K2PrP/1P1R2P1/8 b - - 4 24,c2c3
45,smithyBoa,EulerE,948,998,8/pp2k2p/3pp3/4p1p1/P1P1P3/2K2PrP/1P1R2P1/8 w - - 0 25,g7g5
45,smithyBoa,EulerE,948,998,8/pp2k2p/3pp3/4p1p1/PKP1P3/5PrP/1P1R2P1/8 b - - 1 25,c3b4
45,smithyBoa,EulerE,948,998,8/pp2k3/3pp3/4p1pp/PKP1P3/5PrP/1P1R2P1/8 w - - 0 26,h7h5
45,smithyBoa,EulerE,948,998,8/pp2k3/3pp3/2P1p1pp/PK2P3/5PrP/1P1R2P1/8 b - - 0 26,c4c5
45,smithyBoa,EulerE,948,998,8/pp2k3/4p3/2p1p1pp/PK2P3/5PrP/1P1R2P1/8 w - - 0 27,d6c5
45,smithyBoa,EulerE,948,998,8/pp2k3/4p3/2K1p1pp/P3P3/5PrP/1P1R2P1/8 b - - 0 27,b4c5
45,smithyBoa,EulerE,948,998,8/pp2k3/4p3/2K1p1p1/P3P2p/5PrP/1P1R2P1/8 w - - 0 28,h5h4
45,smithyBoa,EulerE,948,998,8/pp2k3/4p3/2K1p1p1/PP2P2p/5PrP/3R2P1/8 b - - 0 28,b2b4
45,smithyBoa,EulerE,948,998,8/pp6/4pk2/2K1p1p1/PP2P2p/5PrP/3R2P1/8 w - - 1 29,e7f6
45,smithyBoa,EulerE,948,998,8/pp6/3Kpk2/4p1p1/PP2P2p/5PrP/3R2P1/8 b - - 2 29,c5d6
45,smithyBoa,EulerE,948,998,8/pp6/3Kpk2/4p3/PP2P1pp/5PrP/3R2P1/8 w - - 0 30,g5g4
45,smithyBoa,EulerE,948,998,8/pp6/3Kpk2/4p3/PP2P1Pp/6rP/3R2P1/8 b - - 0 30,f3g4
45,smithyBoa,EulerE,948,998,8/pp6/3Kpk2/4p3/PP2P1Pp/1r5P/3R2P1/8 w - - 1 31,g3b3
45,smithyBoa,EulerE,948,998,8/pp6/4pk2/2K1p3/PP2P1Pp/1r5P/3R2P1/8 b - - 2 31,d6c5
45,smithyBoa,EulerE,948,998,8/pp6/4pk2/2K1p3/PP2P1Pp/r6P/3R2P1/8 w - - 3 32,b3a3
45,smithyBoa,EulerE,948,998,8/pp6/4pk2/P1K1p3/1P2P1Pp/r6P/3R2P1/8 b - - 0 32,a4a5
45,smithyBoa,EulerE,948,998,8/pp6/4pk2/P1K1p3/1P2P1Pp/4r2P/3R2P1/8 w - - 1 33,a3e3
45,smithyBoa,EulerE,948,998,8/pp6/3Kpk2/P3p3/1P2P1Pp/4r2P/3R2P1/8 b - - 2 33,c5d6
45,smithyBoa,EulerE,948,998,8/pp6/3Kpk2/P3p3/1P2r1Pp/7P/3R2P1/8 w - - 0 34,e3e4
45,smithyBoa,EulerE,948,998,8/ppK5/4pk2/P3p3/1P2r1Pp/7P/3R2P1/8 b - - 1 34,d6c7
45,smithyBoa,EulerE,948,998,8/ppK5/4pk2/P3p3/1r4Pp/7P/3R2P1/8 w - - 0 35,e4b4
45,smithyBoa,EulerE,948,998,8/ppK5/3Rpk2/P3p3/1r4Pp/7P/6P1/8 b - - 1 35,d2d6
45,smithyBoa,EulerE,948,998,8/ppK5/3Rpk2/P3p3/6Pp/7P/1r4P1/8 w - - 2 36,b4b2
45,smithyBoa,EulerE,948,998,8/pp1K4/3Rpk2/P3p3/6Pp/7P/1r4P1/8 b - - 3 36,c7d7
45,smithyBoa,EulerE,948,998,8/pp1K4/3Rpk2/P3p3/6Pp/7P/6r1/8 w - - 0 37,b2g2
45,smithyBoa,EulerE,948,998,8/pp1K4/4Rk2/P3p3/6Pp/7P/6r1/8 b - - 0 37,d6e6
45,smithyBoa,EulerE,948,998,8/pp1K2k1/4R3/P3p3/6Pp/7P/6r1/8 w - - 1 38,f6g7
45,smithyBoa,EulerE,948,998,8/pp1KR1k1/8/P3p3/6Pp/7P/6r1/8 b - - 2 38,e6e7
45,smithyBoa,EulerE,948,998,8/pp1KR3/5k2/P3p3/6Pp/7P/6r1/8 w - - 3 39,g7f6
46,EulerE,sameerhoda,1010,984,rnbqkbnr/pppppppp/8/8/3P4/8/PPP1PPPP/RNBQKBNR b KQkq - 0 1,d2d4
46,EulerE,sameerhoda,1010,984,rnbqkbnr/ppp1pppp/8/3p4/3P4/8/PPP1PPPP/RNBQKBNR w KQkq - 0 2,d7d5
46,EulerE,sameerhoda,1010,984,rnbqkbnr/ppp1pppp/8/3p4/2PP4/8/PP2PPPP/RNBQKBNR b KQkq - 0 2,c2c4
46,EulerE,sameerhoda,1010,984,rnbqkbnr/ppp1pppp/8/8/2pP4/8/PP2PPPP/RNBQKBNR w KQkq - 0 3,d5c4
46,EulerE,sameerhoda,1010,984,rnbqkbnr/ppp1pppp/8/8/2pPP3/8/PP3PPP/RNBQKBNR b KQkq - 0 3,e2e4
46,EulerE,sameerhoda,1010,984,rnbqkbnr/ppp2ppp/4p3/8/2pPP3/8/PP3PPP/RNBQKBNR w KQkq - 0 4,e7e6
46,EulerE,sameerhoda,1010,984,rnbqkbnr/ppp2ppp/4p3/8/2pPP3/5N2/PP3PPP/RNBQKB1R b KQkq - 1 4,g1f3
46,EulerE,sameerhoda,1010,984,rnbqkbnr/p1p2ppp/4p3/1p6/2pPP3/5N2/PP3PPP/RNBQKB1R w KQkq - 0 5,b7b5
46,EulerE,sameerhoda,1010,984,rnbqkbnr/p1p2ppp/4p3/1p6/P1pPP3/5N2/1P3PPP/RNBQKB1R b KQkq - 0 5,a2a4
46,EulerE,sameerhoda,1010,984,rnbqkbnr/p4ppp/2p1p3/1p6/P1pPP3/5N2/1P3PPP/RNBQKB1R w KQkq - 0 6,c7c6
46,EulerE,sameerhoda,1010,984,rnbqkbnr/p4ppp/2p1p3/1P6/2pPP3/5N2/1P3PPP/RNBQKB1R b KQkq - 0 6,a4b5
46,EulerE,sameerhoda,1010,984,rnbqkbnr/p4ppp/4p3/1p6/2pPP3/5N2/1P3PPP/RNBQKB1R w KQkq - 0 7,c6b5
46,EulerE,sameerhoda,1010,984,rnbqkbnr/p4ppp/4p3/1p6/2pPP3/2N2N2/1P3PPP/R1BQKB1R b KQkq - 1 7,b1c3
46,EulerE,sameerhoda,1010,984,r1bqkbnr/p4ppp/2n1p3/1p6/2pPP3/2N2N2/1P3PPP/R1BQKB1R w KQkq - 2 8,b8c6
46,EulerE,sameerhoda,1010,984,r1bqkbnr/p4ppp/2n1p3/1N6/2pPP3/5N2/1P3PPP/R1BQKB1R b KQkq - 0 8,c3b5
46,EulerE,sameerhoda,1010,984,r2qkbnr/p4ppp/b1n1p3/1N6/2pPP3/5N2/1P3PPP/R1BQKB1R w KQkq - 1 9,c8a6
46,EulerE,sameerhoda,1010,984,r2qkbnr/p4ppp/b1n1p3/8/2pPP3/2N2N2/1P3PPP/R1BQKB1R b KQkq - 2 9,b5c3
46,EulerE,sameerhoda,1010,984,r2qkbnr/p4ppp/b3p3/8/1npPP3/2N2N2/1P3PPP/R1BQKB1R w KQkq - 3 10,c6b4
46,EulerE,sameerhoda,1010,984,r2qkbnr/p4ppp/b3p3/8/1npPP3/2N2N2/1P1B1PPP/R2QKB1R b KQkq - 4 10,c1d2
46,EulerE,sameerhoda,1010,984,r2qkbnr/p4ppp/b3p3/8/2pPP3/2Nn1N2/1P1B1PPP/R2QKB1R w KQkq - 5 11,b4d3
46,EulerE,sameerhoda,1010,984,r2qkbnr/p4ppp/b3p3/8/2pPP3/2NB1N2/1P1B1PPP/R2QK2R b KQkq - 0 11,f1d3
46,EulerE,sameerhoda,1010,984,r2qkbnr/p4ppp/b3p3/8/3PP3/2Np1N2/1P1B1PPP/R2QK2R w KQkq - 0 12,c4d3
46,EulerE,sameerhoda,1010,984,r2qkbnr/p4ppp/b3p3/8/Q2PP3/2Np1N2/1P1B1PPP/R3K2R b KQkq - 1 12,d1a4
46,EulerE,sameerhoda,1010,984,r2q1bnr/p3kppp/b3p3/8/Q2PP3/2Np1N2/1P1B1PPP/R3K2R w KQ - 2 13,e8e7
46,EulerE,sameerhoda,1010,984,r2q1bnr/p3kppp/Q3p3/8/3PP3/2Np1N2/1P1B1PPP/R3K2R b KQ - 0 13,a4a6
46,EulerE,sameerhoda,1010,984,1r1q1bnr/p3kppp/Q3p3/8/3PP3/2Np1N2/1P1B1PPP/R3K2R w KQ - 1 14,a8b8
46,EulerE,sameerhoda,1010,984,1r1q1bnr/p3kppp/Q3p3/8/3PP3/2Np1N2/1P1B1PPP/R4RK1 b - - 2 14,e1g1
46,EulerE,sameerhoda,1010,984,3q1bnr/p3kppp/Q3p3/8/3PP3/2Np1N2/1r1B1PPP/R4RK1 w - - 0 15,b8b2
46,EulerE,sameerhoda,1010,984,3q1bnr/p3kppp/Q3p3/8/3PP3/2Np1N2/1r3PPP/R1B2RK1 b - - 1 15,d2c1
46,EulerE,sameerhoda,1010,984,3q1bnr/p3kppp/Q3p3/8/3PP3/2N2N2/1r1p1PPP/R1B2RK1 w - - 0 16,d3d2
46,EulerE,sameerhoda,1010,984,3q1bnr/p3kppp/4p3/8/3PP3/Q1N2N2/1r1p1PPP/R1B2RK1 b - - 1 16,a6a3
46,EulerE,sameerhoda,1010,984,3qkbnr/p4ppp/4p3/8/3PP3/Q1N2N2/1r1p1PPP/R1B2RK1 w - - 2 17,e7e8
46,EulerE,sameerhoda,1010,984,3qkbnr/p4ppp/4p3/8/3PP3/2N2N2/1Q1p1PPP/R1B2RK1 b - - 0 17,a3b2
46,EulerE,sameerhoda,1010,984,3qkbnr/p4ppp/4p3/8/3PP3/2N2N2/1Q3PPP/R1Bq1RK1 w - - 0 18,d2d1q
46,EulerE,sameerhoda,1010,984,3qkbnr/p4ppp/4p3/8/3PP3/2N2N2/1Q3PPP/R1BR2K1 b - - 0 18,f1d1
46,EulerE,sameerhoda,1010,984,3qk1nr/p4ppp/3bp3/8/3PP3/2N2N2/1Q3PPP/R1BR2K1 w - - 1 19,f8d6
46,EulerE,sameerhoda,1010,984,3qk1nr/p4ppp/3bp3/1Q6/3PP3/2N2N2/5PPP/R1BR2K1 b - - 2 19,b2b5
47,EulerE,J_H_Chess,1022,1015,rnbqkbnr/pppppppp/8/8/3P4/8/PPP1PPPP/RNBQKBNR b KQkq - 0 1,d2d4
47,EulerE,J_H_Chess,1022,1015,rnbqkb1r/pppppppp/5n2/8/3P4/8/PPP1PPPP/RNBQKBNR w KQkq - 1 2,g8f6
47,EulerE,J_H_Chess,1022,1015,rnbqkb1r/pppppppp/5n2/8/2PP4/8/PP2PPPP/RNBQKBNR b KQkq - 0 2,c2c4
47,EulerE,J_H_Chess,1022,1015,r1bqkb1r/pppppppp/2n2n2/8/2PP4/8/PP2PPPP/RNBQKBNR w KQkq - 1 3,b8c6
47,EulerE,J_H_Chess,1022,1015,r1bqkb1r/pppppppp/2n2n2/8/2PP4/5N2/PP2PPPP/RNBQKB1R b KQkq - 2 3,g1f3
47,EulerE,J_H_Chess,1022,1015,r1bqkb1r/ppp1pppp/2n2n2/3p4/2PP4/5N2/PP2PPPP/RNBQKB1R w KQkq - 0 4,d7d5
47,EulerE,J_H_Chess,1022,1015,r1bqkb1r/ppp1pppp/2n2n2/3p4/2PP4/2N2N2/PP2PPPP/R1BQKB1R b KQkq - 1 4,b1c3
47,EulerE,J_H_Chess,1022,1015,r1bqkb1r/ppp1pppp/2n2n2/8/2pP4/2N2N2/PP2PPPP/R1BQKB1R w KQkq - 0 5,d5c4
47,EulerE,J_H_Chess,1022,1015,r1bqkb1r/ppp1pppp/2n2n2/8/2pPP3/2N2N2/PP3PPP/R1BQKB1R b KQkq - 0 5,e2e4
47,EulerE,J_H_Chess,1022,1015,r2qkb1r/ppp1pppp/2n1bn2/8/2pPP3/2N2N2/PP3PPP/R1BQKB1R w KQkq - 1 6,c8e6
47,EulerE,J_H_Chess,1022,1015,r2qkb1r/ppp1pppp/2n1bn2/3P4/2p1P3/2N2N2/PP3PPP/R1BQKB1R b KQkq - 0 6,d4d5
47,EulerE,J_H_Chess,1022,1015,r2qkb1r/ppp1pppp/2n2n2/3b4/2p1P3/2N2N2/PP3PPP/R1BQKB1R w KQkq - 0 7,e6d5
47,EulerE,J_H_Chess,1022,1015,r2qkb1r/ppp1pppp/2n2n2/3P4/2p5/2N2N2/PP3PPP/R1BQKB1R b KQkq - 0 7,e4d5
47,EulerE,J_H_Chess,1022,1015,r2qkb1r/ppp1pppp/2n5/3n4/2p5/2N2N2/PP3PPP/R1BQKB1R w KQkq - 0 8,f6d5
47,EulerE,J_H_Chess,1022,1015,r2qkb1r/ppp1pppp/2n5/3N4/2p5/5N2/PP3PPP/R1BQKB1R b KQkq - 0 8,c3d5
47,EulerE,J_H_Chess,1022,1015,r2qkb1r/ppp2ppp/2n1p3/3N4/2p5/5N2/PP3PPP/R1BQKB1R w KQkq - 0 9,e7e6
47,EulerE,J_H_Chess,1022,1015,r2qkb1r/ppp2ppp/2n1p3/8/2p5/2N2N2/PP3PPP/R1BQKB1R b KQkq - 1 9,d5c3
47,EulerE,J_H_Chess,1022,1015,r3kb1r/ppp2ppp/2n1p3/8/2p5/2N2N2/PP3PPP/R1BqKB1R w KQkq - 0 10,d8d1
47,EulerE,J_H_Chess,1022,1015,r3kb1r/ppp2ppp/2n1p3/8/2p5/5N2/PP3PPP/R1BNKB1R b KQkq - 0 10,c3d1
47,EulerE,J_H_Chess,1022,1015,2kr1b1r/ppp2ppp/2n1p3/8/2p5/5N2/PP3PPP/R1BNKB1R w KQ - 1 11,e8c8
47,EulerE,J_H_Chess,1022,1015,2kr1b1r/ppp2ppp/2n1p3/8/2p5/2N2N2/PP3PPP/R1B1KB1R b KQ - 2 11,d1c3
47,EulerE,J_H_Chess,1022,1015,2kr3r/ppp2ppp/2n1p3/8/1bp5/2N2N2/PP3PPP/R1B1KB1R w KQ - 3 12,f8b4
47,EulerE,J_H_Chess,1022,1015,2kr3r/ppp2ppp/2n1p3/8/1bp5/2N2N2/PP1B1PPP/R3KB1R b KQ - 4 12,c1d2
47,EulerE,J_H_Chess,1022,1015,2kr3r/ppp2ppp/2n5/4p3/1bp5/2N2N2/PP1B1PPP/R3KB1R w KQ - 0 13,e6e5
47,EulerE,J_H_Chess,1022,1015,2kr3r/ppp2ppp/2n5/4p3/1bB5/2N2N2/PP1B1PPP/R3K2R b KQ - 0 13,f1c4
47,EulerE,J_H_Chess,1022,1015,2kr3r/ppp2ppp/8/4p3/1bBn4/2N2N2/PP1B1PPP/R3K2R w KQ - 1 14,c6d4
47,EulerE,J_H_Chess,1022,1015,2kr3r/ppp2ppp/8/4p3/1bBN4/2N5/PP1B1PPP/R3K2R b KQ - 0 14,f3d4
47,EulerE,J_H_Chess,1022,1015,2kr3r/ppp2ppp/8/8/1bBp4/2N5/PP1B1PPP/R3K2R w KQ - 0 15,e5d4
47,EulerE,J_H_Chess,1022,1015,2kr3r/ppp2ppp/8/3N4/1bBp4/8/PP1B1PPP/R3K2R b KQ - 1 15,c3d5
47,EulerE,J_H_Chess,1022,1015,2kr3r/ppp2ppp/8/3N4/2Bp4/8/PP1b1PPP/R3K2R w KQ - 0 16,b4d2
47,EulerE,J_H_Chess,1022,1015,2kr3r/ppp2ppp/8/3N4/2Bp4/8/PP1K1PPP/R6R b - - 0 16,e1d2
47,EulerE,J_H_Chess,1022,1015,2kr3r/pp3ppp/2p5/3N4/2Bp4/8/PP1K1PPP/R6R w - - 0 17,c7c6
47,EulerE,J_H_Chess,1022,1015,2kr3r/pp3ppp/2p5/8/1NBp4/8/PP1K1PPP/R6R b - - 1 17,d5b4
47,EulerE,J_H_Chess,1022,1015,2kr3r/pp3ppp/2p5/8/1NB5/3p4/PP1K1PPP/R6R w - - 0 18,d4d3
47,EulerE,J_H_Chess,1022,1015,2kr3r/pp3ppp/2p5/8/2B5/3N4/PP1K1PPP/R6R b - - 0 18,b4d3
47,EulerE,J_H_Chess,1022,1015,2kr3r/p4ppp/2p5/1p6/2B5/3N4/PP1K1PPP/R6R w - - 0 19,b7b5
47,EulerE,J_H_Chess,1022,1015,2kr3r/p4Bpp/2p5/1p6/8/3N4/PP1K1PPP/R6R b - - 0 19,c4f7
47,EulerE,J_H_Chess,1022,1015,2k4r/p2r1Bpp/2p5/1p6/8/3N4/PP1K1PPP/R6R w - - 1 20,d8d7
47,EulerE,J_H_Chess,1022,1015,2k4r/p2r2pp/2p1B3/1p6/8/3N4/PP1K1PPP/R6R b - - 2 20,f7e6
47,EulerE,J_H_Chess,1022,1015,2kr4/p2r2pp/2p1B3/1p6/8/3N4/PP1K1PPP/R6R w - - 3 21,h8d8
47,EulerE,J_H_Chess,1022,1015,2kr4/p2B2pp/2p5/1p6/8/3N4/PP1K1PPP/R6R b - - 0 21,e6d7
47,EulerE,J_H_Chess,1022,1015,2k5/p2r2pp/2p5/1p6/8/3N4/PP1K1PPP/R6R w - - 0 22,d8d7
47,EulerE,J_H_Chess,1022,1015,2k5/p2r2pp/2p5/1p6/8/3N4/PP1K1PPP/2R4R b - - 1 22,a1c1
47,EulerE,J_H_Chess,1022,1015,8/p1kr2pp/2p5/1p6/8/3N4/PP1K1PPP/2R4R w - - 2 23,c8c7
47,EulerE,J_H_Chess,1022,1015,8/p1kr2pp/2p5/1p6/8/3N4/PP1K1PPP/2R1R3 b - - 3 23,h1e1
47,EulerE,J_H_Chess,1022,1015,8/p2r2pp/1kp5/1p6/8/3N4/PP1K1PPP/2R1R3 w - - 4 24,c7b6
47,EulerE,J_H_Chess,1022,1015,8/p2r2pp/1kp5/1p6/8/2KN4/PP3PPP/2R1R3 b - - 5 24,d2c3
47,EulerE,J_H_Chess,1022,1015,8/3r2pp/1kp5/pp6/8/2KN4/PP3PPP/2R1R3 w - - 0 25,a7a5
47,EulerE,J_H_Chess,1022,1015,8/3r2pp/1kp5/pp2N3/8/2K5/PP3PPP/2R1R3 b - - 1 25,d3e5
47,EulerE,J_H_Chess,1022,1015,8/3r2pp/1kp5/p3N3/1p6/2K5/PP3PPP/2R1R3 w - - 0 26,b5b4
47,EulerE,J_H_Chess,1022,1015,8/3r2pp/1kp5/p3N3/1p6/1K6/PP3PPP/2R1R3 b - - 1 26,c3b3
47,EulerE,J_H_Chess,1022,1015,8/6pp/1kp5/p2rN3/1p6/1K6/PP3PPP/2R1R3 w - - 2 27,d7d5
47,EulerE,J_H_Chess,1022,1015,8/6pp/1kp5/p2r4/1pN5/1K6/PP3PPP/2R1R3 b - - 3 27,e5c4
47,EulerE,J_H_Chess,1022,1015,8/6pp/2p5/pk1r4/1pN5/1K6/PP3PPP/2R1R3 w - - 4 28,b6b5
47,EulerE,J_H_Chess,1022,1015,8/6pp/2p5/pk1rR3/1pN5/1K6/PP3PPP/2R5 b - - 5 28,e1e5
47,EulerE,J_H_Chess,1022,1015,8/6pp/2p5/1k1rR3/ppN5/1K6/PP3PPP/2R5 w - - 0 29,a5a4
47,EulerE,J_H_Chess,1022,1015,8/6pp/2p5/1k1rR3/ppN5/8/PPK2PPP/2R5 b - - 1 29,b3c2
47,EulerE,J_H_Chess,1022,1015,8/6pp/2p5/3rR3/ppk5/8/PPK2PPP/2R5 w - - 0 30,b5c4
47,EulerE,J_H_Chess,1022,1015,8/6pp/2p5/3R4/ppk5/8/PPK2PPP/2R5 b - - 0 30,e5d5
47,EulerE,J_H_Chess,1022,1015,8/6pp/2p5/3k4/pp6/8/PPK2PPP/2R5 w - - 0 31,c4d5
47,EulerE,J_H_Chess,1022,1015,8/6pp/2p5/3k4/pp6/8/PP1K1PPP/2R5 b - - 1 31,c2d2
47,EulerE,J_H_Chess,1022,1015,8/6pp/8/2pk4/pp6/8/PP1K1PPP/2R5 w - - 0 32,c6c5
47,EulerE,J_H_Chess,1022,1015,8/6pp/8/2pk4/pp6/1P6/P2K1PPP/2R5 b - - 0 32,b2b3
47,EulerE,J_H_Chess,1022,1015,8/6pp/8/2pk4/1p6/1p6/P2K1PPP/2R5 w - - 0 33,a4b3
47,EulerE,J_H_Chess,1022,1015,8/6pp/8/2pk4/1p6/1P6/3K1PPP/2R5 b - - 0 33,a2b3
47,EulerE,J_H_Chess,1022,1015,8/6pp/2k5/2p5/1p6/1P6/3K1PPP/2R5 w - - 1 34,d5c6
47,EulerE,J_H_Chess,1022,1015,8/6pp/2k5/2p5/1pR5/1P6/3K1PPP/8 b - - 2 34,c1c4
47,EulerE,J_H_Chess,1022,1015,8/6pp/8/1kp5/1pR5/1P6/3K1PPP/8 w - - 3 35,c6b5
47,EulerE,J_H_Chess,1022,1015,8/6pp/8/1kp5/1pR2P2/1P6/3K2PP/8 b - - 0 35,f2f4
47,EulerE,J_H_Chess,1022,1015,8/6p1/7p/1kp5/1pR2P2/1P6/3K2PP/8 w - - 0 36,h7h6
47,EulerE,J_H_Chess,1022,1015,8/6p1/7p/1kp5/1pR2PP1/1P6/3K3P/8 b - - 0 36,g2g4
47,EulerE,J_H_Chess,1022,1015,8/8/7p/1kp3p1/1pR2PP1/1P6/3K3P/8 w - - 0 37,g7g5
47,EulerE,J_H_Chess,1022,1015,8/8/7p/1kp2Pp1/1pR3P1/1P6/3K3P/8 b - - 0 37,f4f5
47,EulerE,J_H_Chess,1022,1015,8/8/8/1kp2Ppp/1pR3P1/1P6/3K3P/8 w - - 0 38,h6h5
47,EulerE,J_H_Chess,1022,1015,8/8/5P2/1kp3pp/1pR3P1/1P6/3K3P/8 b - - 0 38,f5f6
47,EulerE,J_H_Chess,1022,1015,8/8/5P2/1kp3p1/1pR3p1/1P6/3K3P/8 w - - 0 39,h5g4
47,EulerE,J_H_Chess,1022,1015,8/5P2/8/1kp3p1/1pR3p1/1P6/3K3P/8 b - - 0 39,f6f7
47,EulerE,J_H_Chess,1022,1015,8/5P2/8/1kp3p1/1pR5/1P4p1/3K3P/8 w - - 0 40,g4g3
47,EulerE,J_H_Chess,1022,1015,8/5P2/8/1kp3p1/1pR5/1P4P1/3K4/8 b - - 0 40,h2g3
47,EulerE,J_H_Chess,1022,1015,8/5P2/8/1kp5/1pR3p1/1P4P1/3K4/8 w - - 0 41,g5g4
47,EulerE,J_H_Chess,1022,1015,5Q2/8/8/1kp5/1pR3p1/1P4P1/3K4/8 b - - 0 41,f7f8q
47,EulerE,J_H_Chess,1022,1015,5Q2/8/2k5/2p5/1pR3p1/1P4P1/3K4/8 w - - 1 42,b5c6
47,EulerE,J_H_Chess,1022,1015,8/8/2k2Q2/2p5/1pR3p1/1P4P1/3K4/8 b - - 2 42,f8f6
48,Robotniks734,EulerE,1000,1033,rnbqkbnr/pppppppp/8/8/3P4/8/PPP1PPPP/RNBQKBNR b KQkq - 0 1,d2d4
48,Robotniks734,EulerE,1000,1033,rnbqkbnr/pppp1ppp/8/4p3/3P4/8/PPP1PPPP/RNBQKBNR w KQkq - 0 2,e7e5
48,Robotniks734,EulerE,1000,1033,rnbqkbnr/pppp1ppp/8/4p3/3PP3/8/PPP2PPP/RNBQKBNR b KQkq - 0 2,e2e4
48,Robotniks734,EulerE,1000,1033,rnbqkbnr/pppp1ppp/8/8/3pP3/8/PPP2PPP/RNBQKBNR w KQkq - 0 3,e5d4
48,Robotniks734,EulerE,1000,1033,rnbqkbnr/pppp1ppp/8/8/3QP3/8/PPP2PPP/RNB1KBNR b KQkq - 0 3,d1d4
48,Robotniks734,EulerE,1000,1033,r1bqkbnr/pppp1ppp/2n5/8/3QP3/8/PPP2PPP/RNB1KBNR w KQkq - 1 4,b8c6
48,Robotniks734,EulerE,1000,1033,r1bqkbnr/pppp1ppp/2n5/8/4P3/8/PPP2PPP/RNBQKBNR b KQkq - 2 4,d4d1
48,Robotniks734,EulerE,1000,1033,r1bqkb1r/pppp1ppp/2n2n2/8/4P3/8/PPP2PPP/RNBQKBNR w KQkq - 3 5,g8f6
48,Robotniks734,EulerE,1000,1033,r1bqkb1r/pppp1ppp/2n2n2/8/4P3/2N5/PPP2PPP/R1BQKBNR b KQkq - 4 5,b1c3
48,Robotniks734,EulerE,1000,1033,r1bqkb1r/pppp1p1p/2n2np1/8/4P3/2N5/PPP2PPP/R1BQKBNR w KQkq - 0 6,g7g6
48,Robotniks734,EulerE,1000,1033,r1bqkb1r/pppp1p1p/2n2np1/6B1/4P3/2N5/PPP2PPP/R2QKBNR b KQkq - 1 6,c1g5
48,Robotniks734,EulerE,1000,1033,r1bqk2r/pppp1pbp/2n2np1/6B1/4P3/2N5/PPP2PPP/R2QKBNR w KQkq - 2 7,f8g7
48,Robotniks734,EulerE,1000,1033,r1bqk2r/pppp1pbp/2n2np1/6B1/4P3/2N2Q2/PPP2PPP/R3KBNR b KQkq - 3 7,d1f3
48,Robotniks734,EulerE,1000,1033,r1bq1rk1/pppp1pbp/2n2np1/6B1/4P3/2N2Q2/PPP2PPP/R3KBNR w KQ - 4 8,e8g8
48,Robotniks734,EulerE,1000,1033,r1bq1rk1/pppp1pbp/2n2np1/6B1/4P3/2N2Q2/PPP2PPP/2KR1BNR b - - 5 8,e1c1
48,Robotniks734,EulerE,1000,1033,r1bq1rk1/ppp2pbp/2np1np1/6B1/4P3/2N2Q2/PPP2PPP/2KR1BNR w - - 0 9,d7d6
48,Robotniks734,EulerE,1000,1033,r1bq1rk1/ppp2pbp/2np1np1/1B4B1/4P3/2N2Q2/PPP2PPP/2KR2NR b - - 1 9,f1b5
48,Robotniks734,EulerE,1000,1033,r2q1rk1/ppp2pbp/2np1np1/1B4B1/4P1b1/2N2Q2/PPP2PPP/2KR2NR w - - 2 10,c8g4
48,Robotniks734,EulerE,1000,1033,r2q1rk1/ppp2pbp/2np1np1/1B4B1/4P1b1/2N3Q1/PPP2PPP/2KR2NR b - - 3 10,f3g3
48,Robotniks734,EulerE,1000,1033,r2q1rk1/ppp2pbp/2np1np1/1B4B1/4P3/2N3Q1/PPP2PPP/2Kb2NR w - - 0 11,g4d1
48,Robotniks734,EulerE,1000,1033,r2q1rk1/ppp2pbp/2Bp1np1/6B1/4P3/2N3Q1/PPP2PPP/2Kb2NR b - - 0 11,b5c6
48,Robotniks734,EulerE,1000,1033,r2q1rk1/p1p2pbp/2pp1np1/6B1/4P3/2N3Q1/PPP2PPP/2Kb2NR w - - 0 12,b7c6
48,Robotniks734,EulerE,1000,1033,r2q1rk1/p1p2pbp/2pp1np1/6B1/4P3/2N3QN/PPP2PPP/2Kb3R b - - 1 12,g1h3
48,Robotniks734,EulerE,1000,1033,r2q1rk1/p1p2pbp/2pp1np1/6B1/4P1b1/2N3QN/PPP2PPP/2K4R w - - 2 13,d1g4
48,Robotniks734,EulerE,1000,1033,r2q1rk1/p1p2pbp/2pp1np1/6B1/4P1b1/2N2PQN/PPP3PP/2K4R b - - 0 13,f2f3
48,Robotniks734,EulerE,1000,1033,r2q1rk1/p1p2pbp/2pp1np1/6B1/4P3/2N2PQb/PPP3PP/2K4R w - - 0 14,g4h3
48,Robotniks734,EulerE,1000,1033,r2q1rk1/p1p2pbp/2pp1np1/6B1/4P3/2N2PQP/PPP4P/2K4R b - - 0 14,g2h3
48,Robotniks734,EulerE,1000,1033,r4rk1/p1pq1pbp/2pp1np1/6B1/4P3/2N2PQP/PPP4P/2K4R w - - 1 15,d8d7
48,Robotniks734,EulerE,1000,1033,r4rk1/p1pq1pbp/2pp1np1/6B1/4P2P/2N2PQ1/PPP4P/2K4R b - - 0 15,h3h4
48,Robotniks734,EulerE,1000,1033,r4rk1/p1pq1pbp/2pp2p1/6Bn/4P2P/2N2PQ1/PPP4P/2K4R w - - 1 16,f6h5
48,Robotniks734,EulerE,1000,1033,r4rk1/p1pq1pbp/2pp2p1/6Bn/4P2P/2N2P2/PPP2Q1P/2K4R b - - 2 16,g3f2
48,Robotniks734,EulerE,1000,1033,r4rk1/p1pq1p1p/2pp1bp1/6Bn/4P2P/2N2P2/PPP2Q1P/2K4R w - - 3 17,g7f6
48,Robotniks734,EulerE,1000,1033,r4rk1/p1pq1p1p/2pp1Bp1/7n/4P2P/2N2P2/PPP2Q1P/2K4R b - - 0 17,g5f6
48,Robotniks734,EulerE,1000,1033,r4rk1/p1pq1p1p/2pp1np1/8/4P2P/2N2P2/PPP2Q1P/2K4R w - - 0 18,h5f6
48,Robotniks734,EulerE,1000,1033,r4rk1/p1pq1p1p/2pp1np1/7P/4P3/2N2P2/PPP2Q1P/2K4R b - - 0 18,h4h5
48,Robotniks734,EulerE,1000,1033,r4rk1/p1pq1p1p/2pp2p1/7n/4P3/2N2P2/PPP2Q1P/2K4R w - - 0 19,f6h5
48,Robotniks734,EulerE,1000,1033,r4rk1/p1pq1p1p/2pp2p1/7n/4P2P/2N2P2/PPP2Q2/2K4R b - - 0 19,h2h4
48,Robotniks734,EulerE,1000,1033,r4rk1/p1pq3p/2pp1pp1/7n/4P2P/2N2P2/PPP2Q2/2K4R w - - 0 20,f7f6
48,Robotniks734,EulerE,1000,1033,r4rk1/p1pq3p/2pp1pp1/7n/4PP1P/2N5/PPP2Q2/2K4R b - - 0 20,f3f4
48,Robotniks734,EulerE,1000,1033,r4rk1/p1p4p/2pp1pp1/7n/4PPqP/2N5/PPP2Q2/2K4R w - - 1 21,d7g4
48,Robotniks734,EulerE,1000,1033,r4rk1/p1p4p/2pp1pp1/7n/4PPqP/2N5/PPP2Q2/2K3R1 b - - 2 21,h1g1
48,Robotniks734,EulerE,1000,1033,r4rk1/p1p4p/2pp1pp1/7n/4Pq1P/2N5/PPP2Q2/2K3R1 w - - 0 22,g4f4
48,Robotniks734,EulerE,1000,1033,r4rk1/p1p4p/2pp1pp1/7n/4PQ1P/2N5/PPP5/2K3R1 b - - 0 22,f2f4
48,Robotniks734,EulerE,1000,1033,r4rk1/p1p4p/2pp1pp1/8/4Pn1P/2N5/PPP5/2K3R1 w - - 0 23,h5f4
48,Robotniks734,EulerE,1000,1033,r4rk1/p1p4p/2pp1pp1/7P/4Pn2/2N5/PPP5/2K3R1 b - - 0 23,h4h5
48,Robotniks734,EulerE,1000,1033,r3r1k1/p1p4p/2pp1pp1/7P/4Pn2/2N5/PPP5/2K3R1 w - - 1 24,f8e8
48,Robotniks734,EulerE,1000,1033,r3r1k1/p1p4p/2pp1pP1/8/4Pn2/2N5/PPP5/2K3R1 b - - 0 24,h5g6
48,Robotniks734,EulerE,1000,1033,r3r1k1/p1p5/2pp1pp1/8/4Pn2/2N5/PPP5/2K3R1 w - - 0 25,h7g6
48,Robotniks734,EulerE,1000,1033,r3r1k1/p1p5/2pp1pp1/8/4Pn2/8/PPP5/2KN2R1 b - - 1 25,c3d1
48,Robotniks734,EulerE,1000,1033,r3r1k1/p1p5/2pp1pp1/8/4P3/8/PPP1n3/2KN2R1 w - - 2 26,f4e2
48,Robotniks734,EulerE,1000,1033,r3r1k1/p1p5/2pp1pp1/8/4P3/8/PPPKn3/3N2R1 b - - 3 26,c1d2
48,Robotniks734,EulerE,1000,1033,r3r1k1/p1p5/2pp1pp1/8/4P3/8/PPPK4/3N2n1 w - - 0 27,e2g1
48,Robotniks734,EulerE,1000,1033,r3r1k1/p1p5/2pp1pp1/8/4P3/8/PPP5/3NK1n1 b - - 1 27,d2e1
48,Robotniks734,EulerE,1000,1033,r5k1/p1p5/2pp1pp1/8/4r3/8/PPP5/3NK1n1 w - - 0 28,e8e4
48,Robotniks734,EulerE,1000,1033,r5k1/p1p5/2pp1pp1/8/4r3/8/PPP2K2/3N2n1 b - - 1 28,e1f2
48,Robotniks734,EulerE,1000,1033,r5k1/p1p5/2pp1pp1/4r3/8/8/PPP2K2/3N2n1 w - - 2 29,e4e5
48,Robotniks734,EulerE,1000,1033,r5k1/p1p5/2pp1pp1/4r3/8/8/PPP5/3N2K1 b - - 0 29,f2g1
48,Robotniks734,EulerE,1000,1033,r7/p1p3k1/2pp1pp1/4r3/8/8/PPP5/3N2K1 w - - 1 30,g8g7
48,Robotniks734,EulerE,1000,1033,r7/p1p3k1/2pp1pp1/4r3/8/8/PPP4K/3N4 b - - 2 30,g1h2
48,Robotniks734,EulerE,1000,1033,r7/p1p3k1/2pp2p1/4rp2/8/8/PPP4K/3N4 w - - 0 31,f6f5
48,Robotniks734,EulerE,1000,1033,r7/p1p3k1/2pp2p1/4rp2/8/6K1/PPP5/3N4 b - - 1 31,h2g3
48,Robotniks734,EulerE,1000,1033,r7/p1p5/2pp1kp1/4rp2/8/6K1/PPP5/3N4 w - - 2 32,g7f6
48,Robotniks734,EulerE,1000,1033,r7/p1p5/2pp1kp1/4rp2/8/8/PPP2K2/3N4 b - - 3 32,g3f2
48,Robotniks734,EulerE,1000,1033,r7/p1p5/2pp1k2/4rpp1/8/8/PPP2K2/3N4 w - - 0 33,g6g5
48,Robotniks734,EulerE,1000,1033,r7/p1p5/2pp1k2/4rpp1/8/8/PPP5/3N1K2 b - - 1 33,f2f1
48,Robotniks734,EulerE,1000,1033,r7/p1p5/2pp1k2/4r1p1/5p2/8/PPP5/3N1K2 w - - 0 34,f5f4
48,Robotniks734,EulerE,1000,1033,r7/p1p5/2pp1k2/4r1p1/5p2/8/PPP2K2/3N4 b - - 1 34,f1f2
48,Robotniks734,EulerE,1000,1033,r7/p1p5/2pp1k2/4r3/5pp1/8/PPP2K2/3N4 w - - 0 35,g5g4
48,Robotniks734,EulerE,1000,1033,r7/p1p5/2pp1k2/4r3/5pp1/8/PPP3K1/3N4 b - - 1 35,f2g2
48,Robotniks734,EulerE,1000,1033,r7/p1p5/2pp1k2/4r3/6p1/5p2/PPP3K1/3N4 w - - 0 36,f4f3
48,Robotniks734,EulerE,1000,1033,r7/p1p5/2pp1k2/4r3/6p1/5p2/PPP5/3N1K2 b - - 1 36,g2f1
48,Robotniks734,EulerE,1000,1033,r7/p1p5/2pp1k2/4r3/8/5pp1/PPP5/3N1K2 w - - 0 37,g4g3
48,Robotniks734,EulerE,1000,1033,r7/p1p5/2pp1k2/4r3/8/5pp1/PPP5/3N2K1 b - - 1 37,f1g1
48,Robotniks734,EulerE,1000,1033,r7/p1p5/2pp1k2/4r3/8/6p1/PPP2p2/3N2K1 w - - 0 38,f3f2
48,Robotniks734,EulerE,1000,1033,r7/p1p5/2pp1k2/4r3/8/6p1/PPP2N2/6K1 b - - 0 38,d1f2
48,Robotniks734,EulerE,1000,1033,r7/p1p5/2pp1k2/4r3/8/8/PPP2p2/6K1 w - - 0 39,g3f2
48,Robotniks734,EulerE,1000,1033,r7/p1p5/2pp1k2/4r3/8/8/PPP2K2/8 b - - 0 39,g1f2
48,Robotniks734,EulerE,1000,1033,r7/p1p5/2pp1k2/5r2/8/8/PPP2K2/8 w - - 1 40,e5f5
48,Robotniks734,EulerE,1000,1033,r7/p1p5/2pp1k2/5r2/8/8/PPP5/6K1 b - - 2 40,f2g1
48,Robotniks734,EulerE,1000,1033,4r3/p1p5/2pp1k2/5r2/8/8/PPP5/6K1 w - - 3 41,a8e8
48,Robotniks734,EulerE,1000,1033,4r3/p1p5/2pp1k2/5r2/8/8/PPP3K1/8 b - - 4 41,g1g2
48,Robotniks734,EulerE,1000,1033,8/p1p5/2pp1k2/5r2/8/8/PPP3K1/4r3 w - - 5 42,e8e1
48,Robotniks734,EulerE,1000,1033,8/p1p5/2pp1k2/5r2/8/6K1/PPP5/4r3 b - - 6 42,g2g3
48,Robotniks734,EulerE,1000,1033,8/p1p5/2pp1k2/4r3/8/6K1/PPP5/4r3 w - - 7 43,f5e5
48,Robotniks734,EulerE,1000,1033,8/p1p5/2pp1k2/4r3/8/5K2/PPP5/4r3 b - - 8 43,g3f3
48,Robotniks734,EulerE,1000,1033,8/p1p5/2pp1k2/4r3/8/4rK2/PPP5/8 w - - 9 44,e1e3
48,Robotniks734,EulerE,1000,1033,8/p1p5/2pp1k2/4r3/8/4r3/PPP2K2/8 b - - 10 44,f3f2
48,Robotniks734,EulerE,1000,1033,8/p1p5/2pp1k2/4r3/8/8/PPP1rK2/8 w - - 11 45,e3e2
48,Robotniks734,EulerE,1000,1033,8/p1p5/2pp1k2/4r3/8/8/PPP1r3/5K2 b - - 12 45,f2f1
48,Robotniks734,EulerE,1000,1033,8/p1p5/2pp1k2/4r3/8/4r3/PPP5/5K2 w - - 13 46,e2e3
48,Robotniks734,EulerE,1000,1033,8/p1p5/2pp1k2/4r3/8/4r3/PPP2K2/8 b - - 14 46,f1f2
48,Robotniks734,EulerE,1000,1033,8/p1p5/2pp1k2/4r3/8/5r2/PPP2K2/8 w - - 15 47,e3f3
48,Robotniks734,EulerE,1000,1033,8/p1p5/2pp1k2/4r3/8/5r2/PPP5/6K1 b - - 16 47,f2g1
48,Robotniks734,EulerE,1000,1033,8/p1p5/2pp1k2/5r2/8/5r2/PPP5/6K1 w - - 17 48,e5f5
48,Robotniks734,EulerE,1000,1033,8/p1p5/2pp1k2/5r2/8/5r2/PPP4K/8 b - - 18 48,g1h2
48,Robotniks734,EulerE,1000,1033,8/p1p5/2pp1k2/6r1/8/5r2/PPP4K/8 w - - 19 49,f5g5
48,Robotniks734,EulerE,1000,1033,8/p1p5/2pp1k2/6r1/8/5r2/PPP5/7K b - - 20 49,h2h1
48,Robotniks734,EulerE,1000,1033,8/p1p5/2pp1k2/6r1/8/7r/PPP5/7K w - - 21 50,f3h3
49,EulerE,DTob,1020,996,rnbqkbnr/pppppppp/8/8/3P4/8/PPP1PPPP/RNBQKBNR b KQkq - 0 1,d2d4
49,EulerE,DTob,1020,996,rnbqkbnr/pppp1ppp/8/4p3/3P4/8/PPP1PPPP/RNBQKBNR w KQkq - 0 2,e7e5
49,EulerE,DTob,1020,996,rnbqkbnr/pppp1ppp/8/4p3/2PP4/8/PP2PPPP/RNBQKBNR b KQkq - 0 2,c2c4
49,EulerE,DTob,1020,996,rnbqkbnr/ppp2ppp/8/3pp3/2PP4/8/PP2PPPP/RNBQKBNR w KQkq - 0 3,d7d5
49,EulerE,DTob,1020,996,rnbqkbnr/ppp2ppp/8/3pP3/2P5/8/PP2PPPP/RNBQKBNR b KQkq - 0 3,d4e5
49,EulerE,DTob,1020,996,rn1qkbnr/ppp2ppp/8/3pPb2/2P5/8/PP2PPPP/RNBQKBNR w KQkq - 1 4,c8f5
49,EulerE,DTob,1020,996,rn1qkbnr/ppp2ppp/8/3pPb2/2P5/5N2/PP2PPPP/RNBQKB1R b KQkq - 2 4,g1f3
49,EulerE,DTob,1020,996,r2qkbnr/ppp2ppp/2n5/3pPb2/2P5/5N2/PP2PPPP/RNBQKB1R w KQkq - 3 5,b8c6
49,EulerE,DTob,1020,996,r2qkbnr/ppp2ppp/2n5/3PPb2/8/5N2/PP2PPPP/RNBQKB1R b KQkq - 0 5,c4d5
49,EulerE,DTob,1020,996,r2qkbnr/ppp2ppp/8/3PPb2/1n6/5N2/PP2PPPP/RNBQKB1R w KQkq - 1 6,c6b4
49,EulerE,DTob,1020,996,r2qkbnr/ppp2ppp/8/3PPb2/Qn6/5N2/PP2PPPP/RNB1KB1R b KQkq - 2 6,d1a4
49,EulerE,DTob,1020,996,r2qkbnr/pp3ppp/2p5/3PPb2/Qn6/5N2/PP2PPPP/RNB1KB1R w KQkq - 0 7,c7c6
49,EulerE,DTob,1020,996,r2qkbnr/pp3ppp/2p5/3PPb2/1Q6/5N2/PP2PPPP/RNB1KB1R b KQkq - 0 7,a4b4
49,EulerE,DTob,1020,996,r2qk1nr/pp3ppp/2p5/3PPb2/1b6/5N2/PP2PPPP/RNB1KB1R w KQkq - 0 8,f8b4
49,EulerE,DTob,1020,996,r2qk1nr/pp3ppp/2p5/3PPb2/1b6/5N2/PP1BPPPP/RN2KB1R b KQkq - 1 8,c1d2
49,EulerE,DTob,1020,996,r2qk1nr/pp3ppp/2p5/3PPb2/8/5N2/PP1bPPPP/RN2KB1R w KQkq - 0 9,b4d2
49,EulerE,DTob,1020,996,r2qk1nr/pp3ppp/2p5/3PPb2/8/5N2/PP1NPPPP/R3KB1R b KQkq - 0 9,b1d2
49,EulerE,DTob,1020,996,r3k1nr/pp3ppp/2p5/3qPb2/8/5N2/PP1NPPPP/R3KB1R w KQkq - 0 10,d8d5
49,EulerE,DTob,1020,996,r3k1nr/pp3ppp/2p5/3qPb2/4P3/5N2/PP1N1PPP/R3KB1R b KQkq - 0 10,e2e4
49,EulerE,DTob,1020,996,r3k1nr/pp3ppp/2p5/3qP3/4b3/5N2/PP1N1PPP/R3KB1R w KQkq - 0 11,f5e4
49,EulerE,DTob,1020,996,r3k1nr/pp3ppp/2p5/3qP3/4N3/5N2/PP3PPP/R3KB1R b KQkq - 0 11,d2e4
49,EulerE,DTob,1020,996,r3k1nr/pp3ppp/2p5/4P3/4q3/5N2/PP3PPP/R3KB1R w KQkq - 0 12,d5e4
49,EulerE,DTob,1020,996,r3k1nr/pp3ppp/2p5/4P3/4q3/5N2/PP2BPPP/R3K2R b KQkq - 1 12,f1e2
49,EulerE,DTob,1020,996,2kr2nr/pp3ppp/2p5/4P3/4q3/5N2/PP2BPPP/R3K2R w KQ - 2 13,e8c8
49,EulerE,DTob,1020,996,2kr2nr/pp3ppp/2p5/4P3/4q3/5N2/PP2BPPP/R4RK1 b - - 3 13,e1g1
49,EulerE,DTob,1020,996,2kr2nr/pp3ppp/2p5/4P3/8/5N2/PP2qPPP/R4RK1 w - - 0 14,e4e2
49,EulerE,DTob,1020,996,2kr2nr/pp3ppp/2p5/4P3/8/5N2/PP2qPPP/3R1RK1 b - - 1 14,a1d1
49,EulerE,DTob,1020,996,2k3nr/pp3ppp/2p5/4P3/8/5N2/PP2qPPP/3r1RK1 w - - 0 15,d8d1
49,EulerE,DTob,1020,996,2k3nr/pp3ppp/2p5/4P3/8/5N2/PP2qPPP/3R2K1 b - - 0 15,f1d1
49,EulerE,DTob,1020,996,2k3nr/pp3ppp/2p5/4P3/8/5N2/PP3PPP/3q2K1 w - - 0 16,e2d1
49,EulerE,DTob,1020,996,2k3nr/pp3ppp/2p5/4P3/8/8/PP3PPP/3qN1K1 b - - 1 16,f3e1
49,EulerE,DTob,1020,996,2k3nr/pp3ppp/2p5/4P3/8/8/PP3PPP/4q1K1 w - - 0 17,d1e1
50,dhings007,EulerE,1052,1032,rnbqkbnr/pppppppp/8/8/4P3/8/PPPP1PPP/RNBQKBNR b KQkq - 0 1,e2e4
50,dhings007,EulerE,1052,1032,rnbqkbnr/pppp1ppp/8/4p3/4P3/8/PPPP1PPP/RNBQKBNR w KQkq - 0 2,e7e5
50,dhings007,EulerE,1052,1032,rnbqkbnr/pppp1ppp/8/4p3/4P3/5Q2/PPPP1PPP/RNB1KBNR b KQkq - 1 2,d1f3
50,dhings007,EulerE,1052,1032,r1bqkbnr/pppp1ppp/2n5/4p3/4P3/5Q2/PPPP1PPP/RNB1KBNR w KQkq - 2 3,b8c6
50,dhings007,EulerE,1052,1032,r1bqkbnr/pppp1ppp/2n5/4p3/4P3/2P2Q2/PP1P1PPP/RNB1KBNR b KQkq - 0 3,c2c3
50,dhings007,EulerE,1052,1032,r1bqkb1r/pppp1ppp/2n2n2/4p3/4P3/2P2Q2/PP1P1PPP/RNB1KBNR w KQkq - 1 4,g8f6
50,dhings007,EulerE,1052,1032,r1bqkb1r/pppp1ppp/2n2n2/4p3/4P3/2PP1Q2/PP3PPP/RNB1KBNR b KQkq - 0 4,d2d3
50,dhings007,EulerE,1052,1032,r1bqkb1r/pppp1p1p/2n2np1/4p3/4P3/2PP1Q2/PP3PPP/RNB1KBNR w KQkq - 0 5,g7g6
50,dhings007,EulerE,1052,1032,r1bqkb1r/pppp1p1p/2n2np1/4p3/4P3/2PP1Q2/PP2BPPP/RNB1K1NR b KQkq - 1 5,f1e2
50,dhings007,EulerE,1052,1032,r1bqk2r/pppp1pbp/2n2np1/4p3/4P3/2PP1Q2/PP2BPPP/RNB1K1NR w KQkq - 2 6,f8g7
50,dhings007,EulerE,1052,1032,r1bqk2r/pppp1pbp/2n2np1/4p3/4P3/2PP2Q1/PP2BPPP/RNB1K1NR b KQkq - 3 6,f3g3
50,dhings007,EulerE,1052,1032,r1bq1rk1/pppp1pbp/2n2np1/4p3/4P3/2PP2Q1/PP2BPPP/RNB1K1NR w KQ - 4 7,e8g8
50,dhings007,EulerE,1052,1032,r1bq1rk1/pppp1pbp/2n2np1/4p3/4P2P/2PP2Q1/PP2BPP1/RNB1K1NR b KQ - 0 7,h2h4
50,dhings007,EulerE,1052,1032,r1bq1rk1/ppp2pbp/2np1np1/4p3/4P2P/2PP2Q1/PP2BPP1/RNB1K1NR w KQ - 0 8,d7d6
50,dhings007,EulerE,1052,1032,r1bq1rk1/ppp2pbp/2np1np1/4p2P/4P3/2PP2Q1/PP2BPP1/RNB1K1NR b KQ - 0 8,h4h5
50,dhings007,EulerE,1052,1032,r2q1rk1/ppp2pbp/2npbnp1/4p2P/4P3/2PP2Q1/PP2BPP1/RNB1K1NR w KQ - 1 9,c8e6
50,dhings007,EulerE,1052,1032,r2q1rk1/ppp2pbp/2npbnP1/4p3/4P3/2PP2Q1/PP2BPP1/RNB1K1NR b KQ - 0 9,h5g6
50,dhings007,EulerE,1052,1032,r2q1rk1/ppp3bp/2npbnp1/4p3/4P3/2PP2Q1/PP2BPP1/RNB1K1NR w KQ - 0 10,f7g6
50,dhings007,EulerE,1052,1032,r2q1rk1/ppp3bp/2npbnp1/4p3/4P3/2PP4/PP2BPPQ/RNB1K1NR b KQ - 1 10,g3h2
50,dhings007,EulerE,1052,1032,r2q1rk1/ppp3bp/2np1np1/4p3/4P1b1/2PP4/PP2BPPQ/RNB1K1NR w KQ - 2 11,e6g4
50,dhings007,EulerE,1052,1032,r2q1rk1/ppp3bp/2np1np1/4p3/4P1B1/2PP4/PP3PPQ/RNB1K1NR b KQ - 0 11,e2g4
50,dhings007,EulerE,1052,1032,r4rk1/ppp1q1bp/2np1np1/4p3/4P1B1/2PP4/PP3PPQ/RNB1K1NR w KQ - 1 12,d8e7
50,dhings007,EulerE,1052,1032,r4rk1/ppp1q1bp/2np1np1/4p1B1/4P1B1/2PP4/PP3PPQ/RN2K1NR b KQ - 2 12,c1g5
50,dhings007,EulerE,1052,1032,r5k1/ppp1qrbp/2np1np1/4p1B1/4P1B1/2PP4/PP3PPQ/RN2K1NR w KQ - 3 13,f8f7
50,dhings007,EulerE,1052,1032,r5k1/ppp1qrbQ/2np1np1/4p1B1/4P1B1/2PP4/PP3PP1/RN2K1NR b KQ - 0 13,h2h7
50,dhings007,EulerE,1052,1032,r5k1/ppp1qrbn/2np2p1/4p1B1/4P1B1/2PP4/PP3PP1/RN2K1NR w KQ - 0 14,f6h7
50,dhings007,EulerE,1052,1032,r5k1/ppp1qrbR/2np2p1/4p1B1/4P1B1/2PP4/PP3PP1/RN2K1N1 b Q - 0 14,h1h7
50,dhings007,EulerE,1052,1032,r7/ppp1qrbk/2np2p1/4p1B1/4P1B1/2PP4/PP3PP1/RN2K1N1 w Q - 0 15,g8h7
50,dhings007,EulerE,1052,1032,r7/ppp1Brbk/2np2p1/4p3/4P1B1/2PP4/PP3PP1/RN2K1N1 b Q - 0 15,g5e7
50,dhings007,EulerE,1052,1032,r7/ppp1r1bk/2np2p1/4p3/4P1B1/2PP4/PP3PP1/RN2K1N1 w Q - 0 16,f7e7
50,dhings007,EulerE,1052,1032,r7/ppp1r1bk/2np2p1/4p3/4P1B1/2PP4/PP1N1PP1/R3K1N1 b Q - 1 16,b1d2
50,dhings007,EulerE,1052,1032,r7/ppp2rbk/2np2p1/4p3/4P1B1/2PP4/PP1N1PP1/R3K1N1 w Q - 2 17,e7f7
50,dhings007,EulerE,1052,1032,r7/ppp2rbk/2np2p1/4p3/4P1B1/2PP4/PP1N1PP1/2KR2N1 b - - 3 17,e1c1
50,dhings007,EulerE,1052,1032,5r2/ppp2rbk/2np2p1/4p3/4P1B1/2PP4/PP1N1PP1/2KR2N1 w - - 4 18,a8f8
50,dhings007,EulerE,1052,1032,5r2/ppp2rbk/2np2p1/4p3/4P1B1/2PP3N/PP1N1PP1/2KR4 b - - 5 18,g1h3
50,dhings007,EulerE,1052,1032,5r2/ppp2r1k/2np2pb/4p3/4P1B1/2PP3N/PP1N1PP1/2KR4 w - - 6 19,g7h6
50,dhings007,EulerE,1052,1032,5r2/ppp2r1k/2np2pb/4p3/4P1B1/2PP3N/PP1N1PP1/2K4R b - - 7 19,d1h1
50,dhings007,EulerE,1052,1032,5r2/ppp4k/2np2pb/4p3/4P1B1/2PP3N/PP1N1rP1/2K4R w - - 0 20,f7f2
50,dhings007,EulerE,1052,1032,5r2/ppp4k/2np2pb/4p3/4P1B1/2PP4/PP1N1NP1/2K4R b - - 0 20,h3f2
50,dhings007,EulerE,1052,1032,8/ppp4k/2np2pb/4p3/4P1B1/2PP4/PP1N1rP1/2K4R w - - 0 21,f8f2
50,dhings007,EulerE,1052,1032,8/pppB3k/2np2pb/4p3/4P3/2PP4/PP1N1rP1/2K4R b - - 1 21,g4d7
50,dhings007,EulerE,1052,1032,8/pppB3k/2np2pb/4p3/4P3/2PP4/PP1N2P1/2K2r1R w - - 2 22,f2f1
50,dhings007,EulerE,1052,1032,8/pppB3k/2np2pb/4p3/4P3/2PP4/PP1N2P1/2K2R2 b - - 0 22,h1f1
50,dhings007,EulerE,1052,1032,8/pppB3k/2np2p1/4p3/4P3/2PP4/PP1b2P1/2K2R2 w - - 0 23,h6d2
50,dhings007,EulerE,1052,1032,8/pppB3k/2np2p1/4p3/4P3/2PP4/PP1K2P1/5R2 b - - 0 23,c1d2
50,dhings007,EulerE,1052,1032,8/pppBn2k/3p2p1/4p3/4P3/2PP4/PP1K2P1/5R2 w - - 1 24,c6e7
50,dhings007,EulerE,1052,1032,8/pppBn2k/3p2p1/4p3/4P3/2PP4/PP1K2P1/7R b - - 2 24,f1h1
50,dhings007,EulerE,1052,1032,8/pppBn1k1/3p2p1/4p3/4P3/2PP4/PP1K2P1/7R w - - 3 25,h7g7
50,dhings007,EulerE,1052,1032,8/pppBn1k1/3p2p1/4p3/4P3/2PP2P1/PP1K4/7R b - - 0 25,g2g3
50,dhings007,EulerE,1052,1032,6n1/pppB2k1/3p2p1/4p3/4P3/2PP2P1/PP1K4/7R w - - 1 26,e7g8
50,dhings007,EulerE,1052,1032,6n1/pppB2k1/3p2p1/4p3/4P1P1/2PP4/PP1K4/7R b - - 0 26,g3g4
50,dhings007,EulerE,1052,1032,8/pppB2k1/3p2pn/4p3/4P1P1/2PP4/PP1K4/7R w - - 1 27,g8h6
50,dhings007,EulerE,1052,1032,8/pppB2k1/3p2pn/4p1P1/4P3/2PP4/PP1K4/7R b - - 0 27,g4g5
50,dhings007,EulerE,1052,1032,6n1/pppB2k1/3p2p1/4p1P1/4P3/2PP4/PP1K4/7R w - - 1 28,h6g8
50,dhings007,EulerE,1052,1032,6n1/ppp3k1/3p2p1/4p1P1/4P1B1/2PP4/PP1K4/7R b - - 2 28,d7g4
50,dhings007,EulerE,1052,1032,8/ppp1n1k1/3p2p1/4p1P1/4P1B1/2PP4/PP1K4/7R w - - 3 29,g8e7
50,dhings007,EulerE,1052,1032,8/ppp1n1k1/3p2p1/4p1P1/4P1B1/2PPK3/PP6/7R b - - 4 29,d2e3
50,dhings007,EulerE,1052,1032,8/pp2n1k1/3p2p1/2p1p1P1/4P1B1/2PPK3/PP6/7R w - - 0 30,c7c5
50,dhings007,EulerE,1052,1032,8/pp2n1k1/3p2p1/2p1p1P1/4P1B1/2PPK3/PP6/6R1 b - - 1 30,h1g1
50,dhings007,EulerE,1052,1032,8/p3n1k1/3p2p1/1pp1p1P1/4P1B1/2PPK3/PP6/6R1 w - - 0 31,b7b5
50,dhings007,EulerE,1052,1032,8/p3n1k1/3p2p1/1pp1p1P1/3PP1B1/2P1K3/PP6/6R1 b - - 0 31,d3d4
50,dhings007,EulerE,1052,1032,8/p3n1k1/3p2p1/1p2p1P1/2pPP1B1/2P1K3/PP6/6R1 w - - 0 32,c5c4
50,dhings007,EulerE,1052,1032,8/p3n1k1/3p2p1/1p1Pp1P1/2p1P1B1/2P1K3/PP6/6R1 b - - 0 32,d4d5
50,dhings007,EulerE,1052,1032,8/4n1k1/3p2p1/pp1Pp1P1/2p1P1B1/2P1K3/PP6/6R1 w - - 0 33,a7a5
50,dhings007,EulerE,1052,1032,8/4n1k1/3p2p1/pp1Pp1P1/P1p1P1B1/2P1K3/1P6/6R1 b - - 0 33,a2a4
50,dhings007,EulerE,1052,1032,8/4n1k1/3p2p1/p2Pp1P1/Ppp1P1B1/2P1K3/1P6/6R1 w - - 0 34,b5b4
50,dhings007,EulerE,1052,1032,8/4n1k1/3p2p1/p2Pp1P1/Ppp1P1B1/1PP1K3/8/6R1 b - - 0 34,b2b3
50,dhings007,EulerE,1052,1032,8/4n1k1/3p2p1/p2Pp1P1/Pp2P1B1/1pP1K3/8/6R1 w - - 0 35,c4b3
50,dhings007,EulerE,1052,1032,8/4n1k1/3p2p1/p2Pp1P1/PpP1P1B1/1p2K3/8/6R1 b - - 0 35,c3c4
50,dhings007,EulerE,1052,1032,2n5/6k1/3p2p1/p2Pp1P1/PpP1P1B1/1p2K3/8/6R1 w - - 1 36,e7c8
50,dhings007,EulerE,1052,1032,2n5/6k1/3p2p1/p2Pp1P1/PpP1P1B1/1p2K3/8/1R6 b - - 2 36,g1b1
50,dhings007,EulerE,1052,1032,8/6k1/1n1p2p1/p2Pp1P1/PpP1P1B1/1p2K3/8/1R6 w - - 3 37,c8b6
50,dhings007,EulerE,1052,1032,8/6k1/1n1p2p1/p1PPp1P1/Pp2P1B1/1p2K3/8/1R6 b - - 0 37,c4c5
50,dhings007,EulerE,1052,1032,8/6k1/3p2p1/p1PPp1P1/Ppn1P1B1/1p2K3/8/1R6 w - - 1 38,b6c4
