game_id,white,black,white_elo,black_elo,chess_fen,move_made
1,EulerE,deviroz,793,756,rnbqkbnr/pppppppp/8/8/3P4/8/PPP1PPPP/RNBQKBNR b KQkq - 0 1,d2d4
1,EulerE,deviroz,793,756,rnbqkbnr/pppp1ppp/4p3/8/3P4/8/PPP1PPPP/RNBQKBNR w KQkq - 0 2,e7e6
1,EulerE,deviroz,793,756,rnbqkbnr/pppp1ppp/4p3/8/3P4/1P6/P1P1PPPP/RNBQKBNR b KQkq - 0 2,b2b3
1,EulerE,deviroz,793,756,r1bqkbnr/pppp1ppp/2n1p3/8/3P4/1P6/P1P1PPPP/RNBQKBNR w KQkq - 1 3,b8c6
1,EulerE,deviroz,793,756,r1bqkbnr/pppp1ppp/2n1p3/8/3P4/1P4P1/P1P1PP1P/RNBQKBNR b KQkq - 0 3,g2g3
1,EulerE,deviroz,793,756,r1bqkbnr/ppp2ppp/2n1p3/3p4/3P4/1P4P1/P1P1PP1P/RNBQKBNR w KQkq - 0 4,d7d5
1,EulerE,deviroz,793,756,r1bqkbnr/ppp2ppp/2n1p3/3p4/3P4/1PP3P1/P3PP1P/RNBQKBNR b KQkq - 0 4,c2c3
1,EulerE,deviroz,793,756,r1bqkb1r/ppp2ppp/2n1pn2/3p4/3P4/1PP3P1/P3PP1P/RNBQKBNR w KQkq - 1 5,g8f6
1,EulerE,deviroz,793,756,r1bqkb1r/ppp2ppp/2n1pn2/3p4/1P1P4/2P3P1/P3PP1P/RNBQKBNR b KQkq - 0 5,b3b4
1,EulerE,deviroz,793,756,r1bqk2r/ppp2ppp/2nbpn2/3p4/1P1P4/2P3P1/P3PP1P/RNBQKBNR w KQkq - 1 6,f8d6
1,EulerE,deviroz,793,756,r1bqk2r/ppp2ppp/2nbpn2/3p4/1P1P4/2P3P1/P3PPBP/RNBQK1NR b KQkq - 2 6,f1g2
1,EulerE,deviroz,793,756,r2qk2r/pppb1ppp/2nbpn2/3p4/1P1P4/2P3P1/P3PPBP/RNBQK1NR w KQkq - 3 7,c8d7
1,EulerE,deviroz,793,756,r2qk2r/pppb1ppp/2nbpn2/3p4/1P1P4/2P2NP1/P3PPBP/RNBQK2R b KQkq - 4 7,g1f3
1,EulerE,deviroz,793,756,r2q1rk1/pppb1ppp/2nbpn2/3p4/1P1P4/2P2NP1/P3PPBP/RNBQK2R w KQ - 5 8,e8g8
1,EulerE,deviroz,793,756,r2q1rk1/pppb1ppp/2nbpn2/3p4/1P1P4/B1P2NP1/P3PPBP/RN1QK2R b KQ - 6 8,c1a3
1,EulerE,deviroz,793,756,r4rk1/pppbqppp/2nbpn2/3p4/1P1P4/B1P2NP1/P3PPBP/RN1QK2R w KQ - 7 9,d8e7
1,EulerE,deviroz,793,756,r4rk1/pppbqppp/2nbpn2/3p4/1P1P4/B1P2NP1/P2NPPBP/R2QK2R b KQ - 8 9,b1d2
1,EulerE,deviroz,793,756,r4rk1/pppbqppp/2nbp3/3p4/1P1P2n1/B1P2NP1/P2NPPBP/R2QK2R w KQ - 9 10,f6g4
1,EulerE,deviroz,793,756,r4rk1/pppbqppp/2nbp3/3p4/1P1P2n1/B1P2NPB/P2NPP1P/R2QK2R b KQ - 10 10,g2h3
1,EulerE,deviroz,793,756,r4rk1/pppbq1pp/2nbp3/3p1p2/1P1P2n1/B1P2NPB/P2NPP1P/R2QK2R w KQ - 0 11,f7f5
1,EulerE,deviroz,793,756,r4rk1/pppbq1pp/2nbp3/3p1p2/1P1P2B1/B1P2NP1/P2NPP1P/R2QK2R b KQ - 0 11,h3g4
1,EulerE,deviroz,793,756,r4rk1/pppbq1pp/2nbp3/3p4/1P1P2p1/B1P2NP1/P2NPP1P/R2QK2R w KQ - 0 12,f5g4
1,EulerE,deviroz,793,756,r4rk1/pppbq1pp/2nbp3/3p4/1P1PP1p1/B1P2NP1/P2N1P1P/R2QK2R b KQ - 0 12,e2e4
1,EulerE,deviroz,793,756,r4rk1/pppbq1pp/2nbp3/3p4/1P1PP3/B1P2pP1/P2N1P1P/R2QK2R w KQ - 0 13,g4f3
1,EulerE,deviroz,793,756,r4rk1/pppbq1pp/2nbp3/3P4/1P1P4/B1P2pP1/P2N1P1P/R2QK2R b KQ - 0 13,e4d5
1,EulerE,deviroz,793,756,r4rk1/pppbq1pp/2nb4/3p4/1P1P4/B1P2pP1/P2N1P1P/R2QK2R w KQ - 0 14,e6d5
1,EulerE,deviroz,793,756,r4rk1/pppbq1pp/2nb4/3p4/1P1P4/B1P2pP1/P2N1P1P/R2Q1K1R b - - 1 14,e1f1
1,EulerE,deviroz,793,756,4rrk1/pppbq1pp/2nb4/3p4/1P1P4/B1P2pP1/P2N1P1P/R2Q1K1R w - - 2 15,a8e8
1,EulerE,deviroz,793,756,4rrk1/pppbq1pp/2nb4/3p4/1P1P3P/B1P2pP1/P2N1P2/R2Q1K1R b - - 0 15,h2h4
1,EulerE,deviroz,793,756,4rrk1/ppp1q1pp/2nb4/3p4/1P1P2bP/B1P2pP1/P2N1P2/R2Q1K1R w - - 1 16,d7g4
1,EulerE,deviroz,793,756,4rrk1/ppp1q1pp/2nb4/3p4/1P1P2bP/B1P2pP1/P2N1P2/R2Q2KR b - - 2 16,f1g1
1,EulerE,deviroz,793,756,4rrk1/ppp1q1pp/2nb4/3p4/1P1P3P/B1P2pPb/P2N1P2/R2Q2KR w - - 3 17,g4h3
1,EulerE,deviroz,793,756,4rrk1/ppp1q1pp/2nb4/3p4/1P1P3P/B1P2pPb/P2N1P1K/R2Q3R b - - 4 17,g1h2
1,EulerE,deviroz,793,756,4rrk1/ppp3pp/2nbq3/3p4/1P1P3P/B1P2pPb/P2N1P1K/R2Q3R w - - 5 18,e7e6
1,EulerE,deviroz,793,756,4rrk1/ppp3pp/2nbq3/3p4/1P1P3P/B1P2pPb/P4P1K/RN1Q3R b - - 6 18,d2b1
1,EulerE,deviroz,793,756,4rrk1/ppp3pp/2nb4/3p4/1P1P2qP/B1P2pPb/P4P1K/RN1Q3R w - - 7 19,e6g4
1,EulerE,deviroz,793,756,4rrk1/ppp3pp/2nb4/1P1p4/3P2qP/B1P2pPb/P4P1K/RN1Q3R b - - 0 19,b4b5
1,EulerE,deviroz,793,756,4rrk1/ppp3pp/3b4/nP1p4/3P2qP/B1P2pPb/P4P1K/RN1Q3R w - - 1 20,c6a5
1,EulerE,deviroz,793,756,4rrk1/ppp3pp/3B4/nP1p4/3P2qP/2P2pPb/P4P1K/RN1Q3R b - - 0 20,a3d6
1,EulerE,deviroz,793,756,4rrk1/pp4pp/3p4/nP1p4/3P2qP/2P2pPb/P4P1K/RN1Q3R w - - 0 21,c7d6
1,EulerE,deviroz,793,756,4rrk1/pp4pp/3p4/nP1p4/3P2qP/2P2pPb/P2N1P1K/R2Q3R b - - 1 21,b1d2
1,EulerE,deviroz,793,756,4rrk1/pp4pp/3p4/1P1p4/2nP2qP/2P2pPb/P2N1P1K/R2Q3R w - - 2 22,a5c4
1,EulerE,deviroz,793,756,4rrk1/pp4pp/3p4/1P1p4/2NP2qP/2P2pPb/P4P1K/R2Q3R b - - 0 22,d2c4
1,EulerE,deviroz,793,756,4rrk1/pp4pp/3p4/1P6/2pP2qP/2P2pPb/P4P1K/R2Q3R w - - 0 23,d5c4
1,EulerE,deviroz,793,756,4rrk1/pp4pp/3p4/1P6/2pP2qP/2P2pPb/P4P1K/1R1Q3R b - - 1 23,a1b1
1,EulerE,deviroz,793,756,5rk1/pp4pp/3p4/1P6/2pP2qP/2P2pPb/P3rP1K/1R1Q3R w - - 2 24,e8e2
1,EulerE,deviroz,793,756,5rk1/pp4pp/3p4/1P6/2pP2qP/2P2pPb/P3rP2/1R1Q2KR b - - 3 24,h2g1
1,EulerE,deviroz,793,756,5rk1/pp4pp/3p4/1P6/2pP2qP/2P2pP1/P3rPb1/1R1Q2KR w - - 4 25,h3g2
1,EulerE,deviroz,793,756,5rk1/pp4pp/3p4/1P6/2pP2qP/2P2pP1/P3rPbR/1R1Q2K1 b - - 5 25,h1h2
1,EulerE,deviroz,793,756,5rk1/pp4pp/3p4/1P6/2pP2qP/2P2pPb/P3rP1R/1R1Q2K1 w - - 6 26,g2h3
1,EulerE,deviroz,793,756,5rk1/pp4pp/1P1p4/8/2pP2qP/2P2pPb/P3rP1R/1R1Q2K1 b - - 0 26,b5b6
1,EulerE,deviroz,793,756,5rk1/pp4pp/1P1p4/8/2pPq2P/2P2pPb/P3rP1R/1R1Q2K1 w - - 1 27,g4e4
1,EulerE,deviroz,793,756,5rk1/pp4pp/1P1p4/8/2pPq2P/2P2pPR/P3rP2/1R1Q2K1 b - - 0 27,h2h3
1,EulerE,deviroz,793,756,5rk1/pp4pp/1P1p4/8/2pPq2P/2P2pPR/P4P2/1R1Qr1K1 w - - 1 28,e2e1
1,EulerE,deviroz,793,756,5rk1/pp4pp/1P1p4/8/2pPq2P/2P2pPR/P4P2/1R2Q1K1 b - - 0 28,d1e1
1,EulerE,deviroz,793,756,5rk1/pp4pp/1P1p4/8/2pP3P/2P2pPR/P4P2/1R2q1K1 w - - 0 29,e4e1
1,EulerE,deviroz,793,756,5rk1/pp4pp/1P1p4/8/2pP3P/2P2pPR/P4P2/4R1K1 b - - 0 29,b1e1
1,EulerE,deviroz,793,756,5rk1/1p4pp/1p1p4/8/2pP3P/2P2pPR/P4P2/4R1K1 w - - 0 30,a7b6
2,EulerE,sarthak454,801,768,rnbqkbnr/pppppppp/8/8/3P4/8/PPP1PPPP/RNBQKBNR b KQkq - 0 1,d2d4
2,EulerE,sarthak454,801,768,rnbqkbnr/ppp1pppp/8/3p4/3P4/8/PPP1PPPP/RNBQKBNR w KQkq - 0 2,d7d5
2,EulerE,sarthak454,801,768,rnbqkbnr/ppp1pppp/8/3p4/3P4/6P1/PPP1PP1P/RNBQKBNR b KQkq - 0 2,g2g3
2,EulerE,sarthak454,801,768,rnbqkb1r/ppp1pppp/5n2/3p4/3P4/6P1/PPP1PP1P/RNBQKBNR w KQkq - 1 3,g8f6
2,EulerE,sarthak454,801,768,rnbqkb1r/ppp1pppp/5n2/3p4/3P4/6P1/PPP1PPBP/RNBQK1NR b KQkq - 2 3,f1g2
2,EulerE,sarthak454,801,768,r1bqkb1r/ppp1pppp/2n2n2/3p4/3P4/6P1/PPP1PPBP/RNBQK1NR w KQkq - 3 4,b8c6
2,EulerE,sarthak454,801,768,r1bqkb1r/ppp1pppp/2n2n2/3p4/3P1P2/6P1/PPP1P1BP/RNBQK1NR b KQkq - 0 4,f2f4
2,EulerE,sarthak454,801,768,r1bqkb1r/ppp2ppp/2n1pn2/3p4/3P1P2/6P1/PPP1P1BP/RNBQK1NR w KQkq - 0 5,e7e6
2,EulerE,sarthak454,801,768,r1bqkb1r/ppp2ppp/2n1pn2/3p4/3P1P2/4P1P1/PPP3BP/RNBQK1NR b KQkq - 0 5,e2e3
2,EulerE,sarthak454,801,768,r1bqk2r/ppp2ppp/2n1pn2/3p4/1b1P1P2/4P1P1/PPP3BP/RNBQK1NR w KQkq - 1 6,f8b4
2,EulerE,sarthak454,801,768,r1bqk2r/ppp2ppp/2n1pn2/3p4/1b1P1P2/2P1P1P1/PP4BP/RNBQK1NR b KQkq - 0 6,c2c3
2,EulerE,sarthak454,801,768,r1bqk2r/ppp1bppp/2n1pn2/3p4/3P1P2/2P1P1P1/PP4BP/RNBQK1NR w KQkq - 1 7,b4e7
2,EulerE,sarthak454,801,768,r1bqk2r/ppp1bppp/2n1pn2/3p4/3P1P2/2P1P1P1/PP2N1BP/RNBQK2R b KQkq - 2 7,g1e2
2,EulerE,sarthak454,801,768,r1bq1rk1/ppp1bppp/2n1pn2/3p4/3P1P2/2P1P1P1/PP2N1BP/RNBQK2R w KQ - 3 8,e8g8
2,EulerE,sarthak454,801,768,r1bq1rk1/ppp1bppp/2n1pn2/3p4/3P1P2/2P1P1P1/PP2N1BP/RNBQ1RK1 b - - 4 8,e1g1
2,EulerE,sarthak454,801,768,r1bq1rk1/ppp1bppp/2n1p3/3p3n/3P1P2/2P1P1P1/PP2N1BP/RNBQ1RK1 w - - 5 9,f6h5
2,EulerE,sarthak454,801,768,r1bq1rk1/ppp1bppp/2n1p3/3p3n/3P1P2/2P1PBP1/PP2N2P/RNBQ1RK1 b - - 6 9,g2f3
2,EulerE,sarthak454,801,768,r1bq1rk1/ppp1bp1p/2n1p1p1/3p3n/3P1P2/2P1PBP1/PP2N2P/RNBQ1RK1 w - - 0 10,g7g6
2,EulerE,sarthak454,801,768,r1bq1rk1/ppp1bp1p/2n1p1p1/3p3B/3P1P2/2P1P1P1/PP2N2P/RNBQ1RK1 b - - 0 10,f3h5
2,EulerE,sarthak454,801,768,r1bq1rk1/ppp1bp1p/2n1p3/3p3p/3P1P2/2P1P1P1/PP2N2P/RNBQ1RK1 w - - 0 11,g6h5
2,EulerE,sarthak454,801,768,r1bq1rk1/ppp1bp1p/2n1p3/3p3p/1P1P1P2/2P1P1P1/P3N2P/RNBQ1RK1 b - - 0 11,b2b4
2,EulerE,sarthak454,801,768,rnbq1rk1/ppp1bp1p/4p3/3p3p/1P1P1P2/2P1P1P1/P3N2P/RNBQ1RK1 w - - 1 12,c6b8
2,EulerE,sarthak454,801,768,rnbq1rk1/ppp1bp1p/4p3/3p3p/1P1P1P2/B1P1P1P1/P3N2P/RN1Q1RK1 b - - 2 12,c1a3
2,EulerE,sarthak454,801,768,rnbq1rk1/pp2bp1p/2p1p3/3p3p/1P1P1P2/B1P1P1P1/P3N2P/RN1Q1RK1 w - - 0 13,c7c6
2,EulerE,sarthak454,801,768,rnbq1rk1/pp2bp1p/2p1p3/3p3p/1P1P1P2/B1P1P1P1/P2NN2P/R2Q1RK1 b - - 1 13,b1d2
2,EulerE,sarthak454,801,768,r1bq1rk1/pp1nbp1p/2p1p3/3p3p/1P1P1P2/B1P1P1P1/P2NN2P/R2Q1RK1 w - - 2 14,b8d7
2,EulerE,sarthak454,801,768,r1bq1rk1/pp1nbp1p/2p1p3/3p3p/1P1P1PP1/B1P1P3/P2NN2P/R2Q1RK1 b - - 0 14,g3g4
2,EulerE,sarthak454,801,768,r1bq1rk1/pp1nbp1p/2p1p3/3p4/1P1P1Pp1/B1P1P3/P2NN2P/R2Q1RK1 w - - 0 15,h5g4
2,EulerE,sarthak454,801,768,r1bq1rk1/pp1nbp1p/2p1p3/3p4/1P1P1Pp1/B1P1P1N1/P2N3P/R2Q1RK1 b - - 1 15,e2g3
2,EulerE,sarthak454,801,768,r1bq1rk1/pp1n1p1p/2p1p3/3p4/1P1P1Ppb/B1P1P1N1/P2N3P/R2Q1RK1 w - - 2 16,e7h4
2,EulerE,sarthak454,801,768,r1bq1rk1/pp1n1p1p/2p1p3/3p4/1P1P1PQb/B1P1P1N1/P2N3P/R4RK1 b - - 0 16,d1g4
2,EulerE,sarthak454,801,768,r1bq1rk1/pp1n1p1p/2p1p3/3p2b1/1P1P1PQ1/B1P1P1N1/P2N3P/R4RK1 w - - 1 17,h4g5
2,EulerE,sarthak454,801,768,r1bq1rk1/pp1n1p1p/2p1p3/3p2P1/1P1P2Q1/B1P1P1N1/P2N3P/R4RK1 b - - 0 17,f4g5
2,EulerE,sarthak454,801,768,r1bq1rk1/pp1n3p/2p1pp2/3p2P1/1P1P2Q1/B1P1P1N1/P2N3P/R4RK1 w - - 0 18,f7f6
2,EulerE,sarthak454,801,768,r1bq1rk1/pp1n3p/2p1pP2/3p4/1P1P2Q1/B1P1P1N1/P2N3P/R4RK1 b - - 0 18,g5f6
2,EulerE,sarthak454,801,768,r1bq1r2/pp1n1k1p/2p1pP2/3p4/1P1P2Q1/B1P1P1N1/P2N3P/R4RK1 w - - 1 19,g8f7
2,EulerE,sarthak454,801,768,r1bq1r2/pp1n1kQp/2p1pP2/3p4/1P1P4/B1P1P1N1/P2N3P/R4RK1 b - - 2 19,g4g7
2,EulerE,sarthak454,801,768,r1bqkr2/pp1n2Qp/2p1pP2/3p4/1P1P4/B1P1P1N1/P2N3P/R4RK1 w - - 3 20,f7e8
2,EulerE,sarthak454,801,768,r1bqkr2/pp1n1PQp/2p1p3/3p4/1P1P4/B1P1P1N1/P2N3P/R4RK1 b - - 0 20,f6f7
2,EulerE,sarthak454,801,768,r1bqk3/pp1n1rQp/2p1p3/3p4/1P1P4/B1P1P1N1/P2N3P/R4RK1 w - - 0 21,f8f7
2,EulerE,sarthak454,801,768,r1bqk3/pp1n1Q1p/2p1p3/3p4/1P1P4/B1P1P1N1/P2N3P/R4RK1 b - - 0 21,g7f7
3,EulerE,AbdelBraasss,809,777,rnbqkbnr/pppppppp/8/8/3P4/8/PPP1PPPP/RNBQKBNR b KQkq - 0 1,d2d4
3,EulerE,AbdelBraasss,809,777,rnbqkbnr/ppp1pppp/8/3p4/3P4/8/PPP1PPPP/RNBQKBNR w KQkq - 0 2,d7d5
3,EulerE,AbdelBraasss,809,777,rnbqkbnr/ppp1pppp/8/3p4/3P4/5N2/PPP1PPPP/RNBQKB1R b KQkq - 1 2,g1f3
3,EulerE,AbdelBraasss,809,777,rnbqkbnr/p1p1pppp/1p6/3p4/3P4/5N2/PPP1PPPP/RNBQKB1R w KQkq - 0 3,b7b6
3,EulerE,AbdelBraasss,809,777,rnbqkbnr/p1p1pppp/1p6/3p4/3P4/5NP1/PPP1PP1P/RNBQKB1R b KQkq - 0 3,g2g3
3,EulerE,AbdelBraasss,809,777,rn1qkbnr/pbp1pppp/1p6/3p4/3P4/5NP1/PPP1PP1P/RNBQKB1R w KQkq - 1 4,c8b7
3,EulerE,AbdelBraasss,809,777,rn1qkbnr/pbp1pppp/1p6/3p4/3P4/5NP1/PPP1PPBP/RNBQK2R b KQkq - 2 4,f1g2
3,EulerE,AbdelBraasss,809,777,rn1qkb1r/pbp1pppp/1p3n2/3p4/3P4/5NP1/PPP1PPBP/RNBQK2R w KQkq - 3 5,g8f6
3,EulerE,AbdelBraasss,809,777,rn1qkb1r/pbp1pppp/1p3n2/3p4/1P1P4/5NP1/P1P1PPBP/RNBQK2R b KQkq - 0 5,b2b4
3,EulerE,AbdelBraasss,809,777,rn1qkb1r/pbp2ppp/1p2pn2/3p4/1P1P4/5NP1/P1P1PPBP/RNBQK2R w KQkq - 0 6,e7e6
3,EulerE,AbdelBraasss,809,777,rn1qkb1r/pbp2ppp/1p2pn2/3p4/1P1P4/P4NP1/2P1PPBP/RNBQK2R b KQkq - 0 6,a2a3
3,EulerE,AbdelBraasss,809,777,r2qkb1r/pbp2ppp/1pn1pn2/3p4/1P1P4/P4NP1/2P1PPBP/RNBQK2R w KQkq - 1 7,b8c6
3,EulerE,AbdelBraasss,809,777,r2qkb1r/pbp2ppp/1pn1pn2/3p4/1P1P4/P4NP1/2PBPPBP/RN1QK2R b KQkq - 2 7,c1d2
3,EulerE,AbdelBraasss,809,777,r2qk2r/pbp1bppp/1pn1pn2/3p4/1P1P4/P4NP1/2PBPPBP/RN1QK2R w KQkq - 3 8,f8e7
3,EulerE,AbdelBraasss,809,777,r2qk2r/pbp1bppp/1pn1pn2/3p4/1P1P4/P1B2NP1/2P1PPBP/RN1QK2R b KQkq - 4 8,d2c3
3,EulerE,AbdelBraasss,809,777,r2q1rk1/pbp1bppp/1pn1pn2/3p4/1P1P4/P1B2NP1/2P1PPBP/RN1QK2R w KQ - 5 9,e8g8
3,EulerE,AbdelBraasss,809,777,r2q1rk1/pbp1bppp/1pn1pn2/3p4/1P1P4/P1B3P1/2PNPPBP/RN1QK2R b KQ - 6 9,f3d2
3,EulerE,AbdelBraasss,809,777,r2q1rk1/pbp1bppp/1pn1p3/3p4/1P1P2n1/P1B3P1/2PNPPBP/RN1QK2R w KQ - 7 10,f6g4
3,EulerE,AbdelBraasss,809,777,r2q1rk1/pbp1bppp/1pn1p3/3p4/1P1P2n1/P1B2PP1/2PNP1BP/RN1QK2R b KQ - 0 10,f2f3
3,EulerE,AbdelBraasss,809,777,r2q1rk1/pbp1bppp/1pn1pn2/3p4/1P1P4/P1B2PP1/2PNP1BP/RN1QK2R w KQ - 1 11,g4f6
3,EulerE,AbdelBraasss,809,777,r2q1rk1/pbp1bppp/1pn1pn2/3p4/1P1PP3/P1B2PP1/2PN2BP/RN1QK2R b KQ - 0 11,e2e4
3,EulerE,AbdelBraasss,809,777,r2q1rk1/pbp1bppp/1pn1pn2/8/1P1Pp3/P1B2PP1/2PN2BP/RN1QK2R w KQ - 0 12,d5e4
3,EulerE,AbdelBraasss,809,777,r2q1rk1/pbp1bppp/1pn1pn2/8/1P1PP3/P1B3P1/2PN2BP/RN1QK2R b KQ - 0 12,f3e4
3,EulerE,AbdelBraasss,809,777,r2q1rk1/pbp1bppp/1p2pn2/8/1P1nP3/P1B3P1/2PN2BP/RN1QK2R w KQ - 0 13,c6d4
3,EulerE,AbdelBraasss,809,777,r2q1rk1/pbp1bppp/1p2pn2/4P3/1P1n4/P1B3P1/2PN2BP/RN1QK2R b KQ - 0 13,e4e5
3,EulerE,AbdelBraasss,809,777,r2q1rk1/p1p1bppp/1p2pn2/4P3/1P1n4/P1B3P1/2PN2bP/RN1QK2R w KQ - 0 14,b7g2
3,EulerE,AbdelBraasss,809,777,r2q1rk1/p1p1bppp/1p2pn2/4P3/1P1n4/P1B3P1/2PN2bP/RN1QK1R1 b Q - 1 14,h1g1
3,EulerE,AbdelBraasss,809,777,r2q1rk1/p1p1bppp/1p2pn2/4P3/1P1n4/P1B3Pb/2PN3P/RN1QK1R1 w Q - 2 15,g2h3
3,EulerE,AbdelBraasss,809,777,r2q1rk1/p1p1bppp/1p2pP2/8/1P1n4/P1B3Pb/2PN3P/RN1QK1R1 b Q - 0 15,e5f6
3,EulerE,AbdelBraasss,809,777,r2q1rk1/p1p2ppp/1p2pb2/8/1P1n4/P1B3Pb/2PN3P/RN1QK1R1 w Q - 0 16,e7f6
3,EulerE,AbdelBraasss,809,777,r2q1rk1/p1p2ppp/1p2pb2/8/1P1n4/P1B2NPb/2P4P/RN1QK1R1 b Q - 1 16,d2f3
3,EulerE,AbdelBraasss,809,777,r2q1rk1/p1p2ppp/1p2pb2/8/1P1n2b1/P1B2NP1/2P4P/RN1QK1R1 w Q - 2 17,h3g4
3,EulerE,AbdelBraasss,809,777,r2q1rk1/p1p2ppp/1p2pb2/8/1P1n2b1/P1B2NP1/2P4P/RN1QKR2 b Q - 3 17,g1f1
3,EulerE,AbdelBraasss,809,777,r2q1rk1/p1p2ppp/1p2pb2/8/1P1n4/P1B2NPb/2P4P/RN1QKR2 w Q - 4 18,g4h3
3,EulerE,AbdelBraasss,809,777,r2q1rk1/p1p2ppp/1p2pb2/8/1P1n4/P1B2NPb/2P2R1P/RN1QK3 b Q - 5 18,f1f2
3,EulerE,AbdelBraasss,809,777,r2q1rk1/2p2ppp/1p2pb2/p7/1P1n4/P1B2NPb/2P2R1P/RN1QK3 w Q - 0 19,a7a5
3,EulerE,AbdelBraasss,809,777,r2q1rk1/2p2ppp/1p2pb2/p7/1P1n4/P1B2NPb/2PR3P/RN1QK3 b Q - 1 19,f2d2
3,EulerE,AbdelBraasss,809,777,r2q1rk1/5ppp/1p2pb2/p1p5/1P1n4/P1B2NPb/2PR3P/RN1QK3 w Q - 0 20,c7c5
3,EulerE,AbdelBraasss,809,777,r2q1rk1/5ppp/1p2pb2/P1p5/3n4/P1B2NPb/2PR3P/RN1QK3 b Q - 0 20,b4a5
3,EulerE,AbdelBraasss,809,777,r2q1rk1/5ppp/4pb2/p1p5/3n4/P1B2NPb/2PR3P/RN1QK3 w Q - 0 21,b6a5
3,EulerE,AbdelBraasss,809,777,r2q1rk1/5ppp/4pb2/p1p5/3N4/P1B3Pb/2PR3P/RN1QK3 b Q - 0 21,f3d4
3,EulerE,AbdelBraasss,809,777,r3qrk1/5ppp/4pb2/p1p5/3N4/P1B3Pb/2PR3P/RN1QK3 w Q - 1 22,d8e8
3,EulerE,AbdelBraasss,809,777,r3qrk1/5ppp/4pb2/p1p5/P2N4/2B3Pb/2PR3P/RN1QK3 b Q - 0 22,a3a4
3,EulerE,AbdelBraasss,809,777,r3qrk1/5ppp/4pb2/p7/P2p4/2B3Pb/2PR3P/RN1QK3 w Q - 0 23,c5d4
3,EulerE,AbdelBraasss,809,777,r3qrk1/5ppp/4pb2/p7/P2B4/6Pb/2PR3P/RN1QK3 b Q - 0 23,c3d4
3,EulerE,AbdelBraasss,809,777,r3qrk1/5ppp/5b2/p3p3/P2B4/6Pb/2PR3P/RN1QK3 w Q - 0 24,e6e5
3,EulerE,AbdelBraasss,809,777,r3qrk1/5ppp/5b2/p1B1p3/P7/6Pb/2PR3P/RN1QK3 b Q - 1 24,d4c5
3,EulerE,AbdelBraasss,809,777,r3qrk1/4bppp/8/p1B1p3/P7/6Pb/2PR3P/RN1QK3 w Q - 2 25,f6e7
3,EulerE,AbdelBraasss,809,777,r3qrk1/4Bppp/8/p3p3/P7/6Pb/2PR3P/RN1QK3 b Q - 0 25,c5e7
3,EulerE,AbdelBraasss,809,777,r4rk1/4qppp/8/p3p3/P7/6Pb/2PR3P/RN1QK3 w Q - 0 26,e8e7
3,EulerE,AbdelBraasss,809,777,r4rk1/4qppp/8/p3p3/P7/2N3Pb/2PR3P/R2QK3 b Q - 1 26,b1c3
3,EulerE,AbdelBraasss,809,777,r2r2k1/4qppp/8/p3p3/P7/2N3Pb/2PR3P/R2QK3 w Q - 2 27,f8d8
3,EulerE,AbdelBraasss,809,777,r2r2k1/4qppp/8/p3p3/P3N3/6Pb/2PR3P/R2QK3 b Q - 3 27,c3e4
3,EulerE,AbdelBraasss,809,777,r2r2k1/4qpp1/8/p3p2p/P3N3/6Pb/2PR3P/R2QK3 w Q - 0 28,h7h5
3,EulerE,AbdelBraasss,809,777,r2r2k1/4qpp1/8/p3p2p/P3N3/6Pb/2PR3P/1R1QK3 b - - 1 28,a1b1
3,EulerE,AbdelBraasss,809,777,r2r2k1/4qpp1/8/p3p2p/P3N1b1/6P1/2PR3P/1R1QK3 w - - 2 29,h3g4
3,EulerE,AbdelBraasss,809,777,r2r2k1/4qpp1/8/p3p2p/P3N1b1/6P1/2PR3P/1RQ1K3 b - - 3 29,d1c1
3,EulerE,AbdelBraasss,809,777,r2r2k1/4q1p1/8/p3pp1p/P3N1b1/6P1/2PR3P/1RQ1K3 w - - 0 30,f7f5
3,EulerE,AbdelBraasss,809,777,r2r2k1/4q1p1/8/p3pp1p/P5b1/2N3P1/2PR3P/1RQ1K3 b - - 1 30,e4c3
3,EulerE,AbdelBraasss,809,777,3r2k1/4q1p1/r7/p3pp1p/P5b1/2N3P1/2PR3P/1RQ1K3 w - - 2 31,a8a6
3,EulerE,AbdelBraasss,809,777,3r2k1/4q1p1/r7/p2Npp1p/P5b1/6P1/2PR3P/1RQ1K3 b - - 3 31,c3d5
3,EulerE,AbdelBraasss,809,777,3r2k1/6p1/r3q3/p2Npp1p/P5b1/6P1/2PR3P/1RQ1K3 w - - 4 32,e7e6
3,EulerE,AbdelBraasss,809,777,3r2k1/6p1/r3qN2/p3pp1p/P5b1/6P1/2PR3P/1RQ1K3 b - - 5 32,d5f6
3,EulerE,AbdelBraasss,809,777,3r2k1/8/r3qp2/p3pp1p/P5b1/6P1/2PR3P/1RQ1K3 w - - 0 33,g7f6
3,EulerE,AbdelBraasss,809,777,3R2k1/8/r3qp2/p3pp1p/P5b1/6P1/2P4P/1RQ1K3 b - - 0 33,d2d8
3,EulerE,AbdelBraasss,809,777,3R4/5k2/r3qp2/p3pp1p/P5b1/6P1/2P4P/1RQ1K3 w - - 1 34,g8f7
3,EulerE,AbdelBraasss,809,777,3R4/1R3k2/r3qp2/p3pp1p/P5b1/6P1/2P4P/2Q1K3 b - - 2 34,b1b7
3,EulerE,AbdelBraasss,809,777,3R4/1R6/r3qpk1/p3pp1p/P5b1/6P1/2P4P/2Q1K3 w - - 3 35,f7g6
3,EulerE,AbdelBraasss,809,777,3R4/1R6/r3qpk1/p3pp1p/P5b1/Q5P1/2P4P/4K3 b - - 4 35,c1a3
3,EulerE,AbdelBraasss,809,777,3R4/1R6/2r1qpk1/p3pp1p/P5b1/Q5P1/2P4P/4K3 w - - 5 36,a6c6
3,EulerE,AbdelBraasss,809,777,3R4/4R3/2r1qpk1/p3pp1p/P5b1/Q5P1/2P4P/4K3 b - - 6 36,b7e7
3,EulerE,AbdelBraasss,809,777,3R4/4R3/2r2pk1/p3pp1p/P1q3b1/Q5P1/2P4P/4K3 w - - 7 37,e6c4
3,EulerE,AbdelBraasss,809,777,3R4/4R3/2r2pk1/p3pp1p/P1q3b1/Q1P3P1/7P/4K3 b - - 0 37,c2c3
3,EulerE,AbdelBraasss,809,777,3R4/4R3/1r3pk1/p3pp1p/P1q3b1/Q1P3P1/7P/4K3 w - - 1 38,c6b6
3,EulerE,AbdelBraasss,809,777,3R4/4R3/1r3pk1/p3pp1p/P1q3b1/Q1P3P1/3K3P/8 b - - 2 38,e1d2
3,EulerE,AbdelBraasss,809,777,3R4/4R3/2r2pk1/p3pp1p/P1q3b1/Q1P3P1/3K3P/8 w - - 3 39,b6c6
3,EulerE,AbdelBraasss,809,777,3R4/3R4/2r2pk1/p3pp1p/P1q3b1/Q1P3P1/3K3P/8 b - - 4 39,e7d7
3,EulerE,AbdelBraasss,809,777,3R4/3R4/2r2p2/p3ppkp/P1q3b1/Q1P3P1/3K3P/8 w - - 5 40,g6g5
3,EulerE,AbdelBraasss,809,777,3R4/7R/2r2p2/p3ppkp/P1q3b1/Q1P3P1/3K3P/8 b - - 6 40,d7h7
3,EulerE,AbdelBraasss,809,777,3R4/7R/2r2p2/p3p1kp/P1q2pb1/Q1P3P1/3K3P/8 w - - 0 41,f5f4
3,EulerE,AbdelBraasss,809,777,8/3R3R/2r2p2/p3p1kp/P1q2pb1/Q1P3P1/3K3P/8 b - - 1 41,d8d7
3,EulerE,AbdelBraasss,809,777,8/3R3R/2r2p2/p3p1kp/P1q3b1/Q1P3p1/3K3P/8 w - - 0 42,f4g3
3,EulerE,AbdelBraasss,809,777,8/3R3R/2r2p2/p3p1kp/P1q3b1/Q1P3P1/3K4/8 b - - 0 42,h2g3
3,EulerE,AbdelBraasss,809,777,8/3R3R/2r2p2/p3pk1p/P1q3b1/Q1P3P1/3K4/8 w - - 1 43,g5f5
3,EulerE,AbdelBraasss,809,777,8/3R3R/2r2p2/p3pk1p/P1q3b1/Q1P3P1/2K5/8 b - - 2 43,d2c2
3,EulerE,AbdelBraasss,809,777,8/3R3R/2r2p2/p4k1p/P1q1p1b1/Q1P3P1/2K5/8 w - - 0 44,e5e4
3,EulerE,AbdelBraasss,809,777,8/3R3R/2r2p2/p4k1p/P1q1p1b1/Q1P3P1/3K4/8 b - - 1 44,c2d2
3,EulerE,AbdelBraasss,809,777,8/3R3R/2r2p2/p4k1p/P1q3b1/Q1P1p1P1/3K4/8 w - - 0 45,e4e3
3,EulerE,AbdelBraasss,809,777,8/3R3R/2r2p2/p4k1p/P1q3b1/Q1P1K1P1/8/8 b - - 0 45,d2e3
3,EulerE,AbdelBraasss,809,777,8/3R3R/2r2p2/p4k1p/P5b1/Q1q1K1P1/8/8 w - - 0 46,c4c3
3,EulerE,AbdelBraasss,809,777,8/3R3R/2r2p2/p4k1p/P5b1/2Q1K1P1/8/8 b - - 0 46,a3c3
3,EulerE,AbdelBraasss,809,777,8/3R3R/5p2/p4k1p/P5b1/2r1K1P1/8/8 w - - 0 47,c6c3
3,EulerE,AbdelBraasss,809,777,8/3R3R/5p2/p4k1p/P2K2b1/2r3P1/8/8 b - - 1 47,e3d4
3,EulerE,AbdelBraasss,809,777,8/3R3R/5p2/p5kp/P2K2b1/2r3P1/8/8 w - - 2 48,f5g5
3,EulerE,AbdelBraasss,809,777,8/3R3R/5p2/p5kp/P5b1/2K3P1/8/8 b - - 0 48,d4c3
3,EulerE,AbdelBraasss,809,777,8/3R3R/5p2/p4k1p/P5b1/2K3P1/8/8 w - - 1 49,g5f5
3,EulerE,AbdelBraasss,809,777,8/3R4/5p1R/p4k1p/P5b1/2K3P1/8/8 b - - 2 49,h7h6
3,EulerE,AbdelBraasss,809,777,8/3R4/5p1R/p3k2p/P5b1/2K3P1/8/8 w - - 3 50,f5e5
3,EulerE,AbdelBraasss,809,777,8/5R2/5p1R/p3k2p/P5b1/2K3P1/8/8 b - - 4 50,d7f7
3,EulerE,AbdelBraasss,809,777,8/5R2/5p1R/p2k3p/P5b1/2K3P1/8/8 w - - 5 51,e5d5
3,EulerE,AbdelBraasss,809,777,8/8/5R1R/p2k3p/P5b1/2K3P1/8/8 b - - 0 51,f7f6
3,EulerE,AbdelBraasss,809,777,8/8/5R1R/p3k2p/P5b1/2K3P1/8/8 w - - 1 52,d5e5
3,EulerE,AbdelBraasss,809,777,8/8/5R1R/p3k2p/P1K3b1/6P1/8/8 b - - 2 52,c3c4
3,EulerE,AbdelBraasss,809,777,8/8/5R1R/p6p/P1K1k1b1/6P1/8/8 w - - 3 53,e5e4
3,EulerE,AbdelBraasss,809,777,8/8/5R1R/pK5p/P3k1b1/6P1/8/8 b - - 4 53,c4b5
4,EulerE,LuisMiguel9619,818,822,rnbqkbnr/pppppppp/8/8/3P4/8/PPP1PPPP/RNBQKBNR b KQkq - 0 1,d2d4
4,EulerE,LuisMiguel9619,818,822,rnbqkbnr/ppp1pppp/3p4/8/3P4/8/PPP1PPPP/RNBQKBNR w KQkq - 0 2,d7d6
4,EulerE,LuisMiguel9619,818,822,rnbqkbnr/ppp1pppp/3p4/8/3PP3/8/PPP2PPP/RNBQKBNR b KQkq - 0 2,e2e4
4,EulerE,LuisMiguel9619,818,822,rnbqkbnr/pp2pppp/3p4/2p5/3PP3/8/PPP2PPP/RNBQKBNR w KQkq - 0 3,c7c5
4,EulerE,LuisMiguel9619,818,822,rnbqkbnr/pp2pppp/3p4/2P5/4P3/8/PPP2PPP/RNBQKBNR b KQkq - 0 3,d4c5
4,EulerE,LuisMiguel9619,818,822,rnb1kbnr/pp2pppp/3p4/q1P5/4P3/8/PPP2PPP/RNBQKBNR w KQkq - 1 4,d8a5
4,EulerE,LuisMiguel9619,818,822,rnb1kbnr/pp2pppp/3p4/q1P5/4P3/2P5/PP3PPP/RNBQKBNR b KQkq - 0 4,c2c3
4,EulerE,LuisMiguel9619,818,822,rnb1kbnr/pp2pppp/3p4/2q5/4P3/2P5/PP3PPP/RNBQKBNR w KQkq - 0 5,a5c5
4,EulerE,LuisMiguel9619,818,822,rnb1kbnr/pp2pppp/3p4/2q5/4P3/2P1B3/PP3PPP/RN1QKBNR b KQkq - 1 5,c1e3
4,EulerE,LuisMiguel9619,818,822,rnb1kbnr/pp2pppp/3p4/4q3/4P3/2P1B3/PP3PPP/RN1QKBNR w KQkq - 2 6,c5e5
4,EulerE,LuisMiguel9619,818,822,rnb1kbnr/pp2pppp/3p4/4q3/4P3/2P1BN2/PP3PPP/RN1QKB1R b KQkq - 3 6,g1f3
4,EulerE,LuisMiguel9619,818,822,rnb1kbnr/pp2pppp/3pq3/8/4P3/2P1BN2/PP3PPP/RN1QKB1R w KQkq - 4 7,e5e6
4,EulerE,LuisMiguel9619,818,822,rnb1kbnr/pp2pppp/3pq3/8/4P3/2P1BN2/PP1N1PPP/R2QKB1R b KQkq - 5 7,b1d2
4,EulerE,LuisMiguel9619,818,822,rnb1kbnr/pp2pppp/4q3/3p4/4P3/2P1BN2/PP1N1PPP/R2QKB1R w KQkq - 0 8,d6d5
4,EulerE,LuisMiguel9619,818,822,rnb1kbnr/pp2pppp/4q3/3p4/4P3/2P1BN1P/PP1N1PP1/R2QKB1R b KQkq - 0 8,h2h3
4,EulerE,LuisMiguel9619,818,822,rnb1kbnr/pp2pppp/4q3/8/4p3/2P1BN1P/PP1N1PP1/R2QKB1R w KQkq - 0 9,d5e4
4,EulerE,LuisMiguel9619,818,822,rnb1kbnr/pp2pppp/4q3/8/2B1p3/2P1BN1P/PP1N1PP1/R2QK2R b KQkq - 1 9,f1c4
4,EulerE,LuisMiguel9619,818,822,rnb1kbnr/pp2pppp/8/5q2/2B1p3/2P1BN1P/PP1N1PP1/R2QK2R w KQkq - 2 10,e6f5
4,EulerE,LuisMiguel9619,818,822,rnb1kbnr/pp2pppp/8/5q2/2BNp3/2P1B2P/PP1N1PP1/R2QK2R b KQkq - 3 10,f3d4
4,EulerE,LuisMiguel9619,818,822,rnb1kbnr/pp2pppp/8/4q3/2BNp3/2P1B2P/PP1N1PP1/R2QK2R w KQkq - 4 11,f5e5
4,EulerE,LuisMiguel9619,818,822,rnb1kbnr/pp2pppp/8/4q3/2BNp3/2P1B2P/PP1N1PP1/RQ2K2R b KQkq - 5 11,d1b1
4,EulerE,LuisMiguel9619,818,822,rnb1kbnr/pp2p1pp/8/4qp2/2BNp3/2P1B2P/PP1N1PP1/RQ2K2R w KQkq - 0 12,f7f5
4,EulerE,LuisMiguel9619,818,822,rnb1kbnr/pp2p1pp/8/1B2qp2/3Np3/2P1B2P/PP1N1PP1/RQ2K2R b KQkq - 1 12,c4b5
4,EulerE,LuisMiguel9619,818,822,rn2kbnr/pp1bp1pp/8/1B2qp2/3Np3/2P1B2P/PP1N1PP1/RQ2K2R w KQkq - 2 13,c8d7
4,EulerE,LuisMiguel9619,818,822,rn2kbnr/pp1Bp1pp/8/4qp2/3Np3/2P1B2P/PP1N1PP1/RQ2K2R b KQkq - 0 13,b5d7
4,EulerE,LuisMiguel9619,818,822,rn3bnr/pp1kp1pp/8/4qp2/3Np3/2P1B2P/PP1N1PP1/RQ2K2R w KQ - 0 14,e8d7
4,EulerE,LuisMiguel9619,818,822,rn3bnr/pp1kp1pp/8/4qp2/3NpP2/2P1B2P/PP1N2P1/RQ2K2R b KQ f3 0 14,f2f4
4,EulerE,LuisMiguel9619,818,822,rn3bnr/pp1kp1pp/3q4/5p2/3NpP2/2P1B2P/PP1N2P1/RQ2K2R w KQ - 1 15,e5d6
4,EulerE,LuisMiguel9619,818,822,rn3bnr/pp1kp1pp/3q4/5p2/3NpPP1/2P1B2P/PP1N4/RQ2K2R b KQ - 0 15,g2g4
4,EulerE,LuisMiguel9619,818,822,rn3bnr/pp1kp1pp/3q4/8/3NpPp1/2P1B2P/PP1N4/RQ2K2R w KQ - 0 16,f5g4
4,EulerE,LuisMiguel9619,818,822,rn3bnr/pp1kp1pp/3q4/8/3NpPP1/2P1B3/PP1N4/RQ2K2R b KQ - 0 16,h3g4
4,EulerE,LuisMiguel9619,818,822,rn3b1r/pp1kp1pp/3q1n2/8/3NpPP1/2P1B3/PP1N4/RQ2K2R w KQ - 1 17,g8f6
4,EulerE,LuisMiguel9619,818,822,rn3b1r/pp1kp1pp/3q1n2/6P1/3NpP2/2P1B3/PP1N4/RQ2K2R b KQ - 0 17,g4g5
4,EulerE,LuisMiguel9619,818,822,rn3b1r/pp1kp1pp/3q4/6P1/3NpPn1/2P1B3/PP1N4/RQ2K2R w KQ - 1 18,f6g4
4,EulerE,LuisMiguel9619,818,822,rn3b1r/pp1kp1pp/3q4/6P1/3NNPn1/2P1B3/PP6/RQ2K2R b KQ - 0 18,d2e4
4,EulerE,LuisMiguel9619,818,822,rn3b1r/pp1kp1pp/8/3q2P1/3NNPn1/2P1B3/PP6/RQ2K2R w KQ - 1 19,d6d5
4,EulerE,LuisMiguel9619,818,822,rn3b1r/pp1kp1pp/8/3q2P1/3NNPn1/2P5/PP1B4/RQ2K2R b KQ - 2 19,e3d2
4,EulerE,LuisMiguel9619,818,822,rn3b1r/pp1kp2p/6p1/3q2P1/3NNPn1/2P5/PP1B4/RQ2K2R w KQ - 0 20,g7g6
4,EulerE,LuisMiguel9619,818,822,rn3b1r/pp1kp2p/6p1/3q2P1/1P1NNPn1/2P5/P2B4/RQ2K2R b KQ - 0 20,b2b4
4,EulerE,LuisMiguel9619,818,822,rn3b1r/pp1kp3/6pp/3q2P1/1P1NNPn1/2P5/P2B4/RQ2K2R w KQ - 0 21,h7h6
4,EulerE,LuisMiguel9619,818,822,rn3b1r/pp1kp3/6pp/2Nq2P1/1P1N1Pn1/2P5/P2B4/RQ2K2R b KQ - 1 21,e4c5
4,EulerE,LuisMiguel9619,818,822,rn2kb1r/pp2p3/6pp/2Nq2P1/1P1N1Pn1/2P5/P2B4/RQ2K2R w KQ - 2 22,d7e8
4,EulerE,LuisMiguel9619,818,822,rn2kb1r/pp2p3/6pp/3q2P1/1P1NNPn1/2P5/P2B4/RQ2K2R b KQ - 3 22,c5e4
4,EulerE,LuisMiguel9619,818,822,rn2kb1r/p3p3/6pp/1p1q2P1/1P1NNPn1/2P5/P2B4/RQ2K2R w KQ - 0 23,b7b5
4,EulerE,LuisMiguel9619,818,822,rn2kb1r/p3p3/6pp/1p1q2P1/1P1NNPnR/2P5/P2B4/RQ2K3 b Q - 1 23,h1h4
4,EulerE,LuisMiguel9619,818,822,rn2kb1r/p2qp3/6pp/1p4P1/1P1NNPnR/2P5/P2B4/RQ2K3 w Q - 2 24,d5d7
4,EulerE,LuisMiguel9619,818,822,rn2kb1r/p2qp3/6pp/1p4P1/1P1N1PnR/2P5/P2B1N2/RQ2K3 b Q - 3 24,e4f2
4,EulerE,LuisMiguel9619,818,822,rn2kb1r/p2qp3/6p1/1p4Pp/1P1N1PnR/2P5/P2B1N2/RQ2K3 w Q - 0 25,h6h5
4,EulerE,LuisMiguel9619,818,822,rn2kb1r/p2qp3/6p1/1p4Pp/1P1NQPnR/2P5/P2B1N2/R3K3 b Q - 1 25,b1e4
4,EulerE,LuisMiguel9619,818,822,rn2kb2/p2qp3/6pr/1p4Pp/1P1NQPnR/2P5/P2B1N2/R3K3 w Q - 2 26,h8h6
4,EulerE,LuisMiguel9619,818,822,Qn2kb2/p2qp3/6pr/1p4Pp/1P1N1PnR/2P5/P2B1N2/R3K3 b Q - 0 26,e4a8
4,EulerE,LuisMiguel9619,818,822,Qnq1kb2/p3p3/6pr/1p4Pp/1P1N1PnR/2P5/P2B1N2/R3K3 w Q - 1 27,d7c8
4,EulerE,LuisMiguel9619,818,822,Qnq1kb2/p3p3/6pr/1p4Pp/1P1N1PNR/2P5/P2B4/R3K3 b Q - 0 27,f2g4
4,EulerE,LuisMiguel9619,818,822,Qnq1kb2/p3p3/6pr/1p4P1/1P1N1PpR/2P5/P2B4/R3K3 w Q - 0 28,h5g4
4,EulerE,LuisMiguel9619,818,822,Qnq1kb2/p3p3/6pP/1p6/1P1N1PpR/2P5/P2B4/R3K3 b Q - 0 28,g5h6
4,EulerE,LuisMiguel9619,818,822,Qnq1kb2/p3p3/6pP/1p6/1P1N1P1R/2P3p1/P2B4/R3K3 w Q - 0 29,g4g3
4,EulerE,LuisMiguel9619,818,822,Qnq1kb2/p3p2P/6p1/1p6/1P1N1P1R/2P3p1/P2B4/R3K3 b Q - 0 29,h6h7
4,EulerE,LuisMiguel9619,818,822,Qnq2b2/p2kp2P/6p1/1p6/1P1N1P1R/2P3p1/P2B4/R3K3 w Q - 1 30,e8d7
4,EulerE,LuisMiguel9619,818,822,Qnq2b1Q/p2kp3/6p1/1p6/1P1N1P1R/2P3p1/P2B4/R3K3 b Q - 0 30,h7h8q
4,EulerE,LuisMiguel9619,818,822,Qnq1kb1Q/p3p3/6p1/1p6/1P1N1P1R/2P3p1/P2B4/R3K3 w Q - 1 31,d7e8
4,EulerE,LuisMiguel9619,818,822,Qnq1kb1Q/p3p3/6p1/1p6/1P3P1R/2P3p1/P2BN3/R3K3 b Q - 2 31,d4e2
4,EulerE,LuisMiguel9619,818,822,Qnq1kb1Q/p3p3/6p1/1p6/1P3P1R/2P5/P2BN1p1/R3K3 w Q - 0 32,g3g2
4,EulerE,LuisMiguel9619,818,822,Qnq1kb1Q/p3p3/6p1/1p6/1P3P1R/2P5/P2BNKp1/R7 b - - 1 32,e1f2
4,EulerE,LuisMiguel9619,818,822,Qnq1kb1Q/p3p3/6p1/1p6/1P3P1R/2P5/P2BNK2/R5q1 w - - 0 33,g2g1q
4,EulerE,LuisMiguel9619,818,822,Qnq1kb1Q/p3p3/6p1/1p6/1P3P1R/2P5/P2BNK2/6R1 b - - 0 33,a1g1
4,EulerE,LuisMiguel9619,818,822,Qnq1kb1Q/p3p3/8/1p4p1/1P3P1R/2P5/P2BNK2/6R1 w - - 0 34,g6g5
4,EulerE,LuisMiguel9619,818,822,Qnq1kb1Q/p3p3/8/1p4P1/1P5R/2P5/P2BNK2/6R1 b - - 0 34,f4g5
4,EulerE,LuisMiguel9619,818,822,Qnq1kb1Q/4p3/p7/1p4P1/1P5R/2P5/P2BNK2/6R1 w - - 0 35,a7a6
4,EulerE,LuisMiguel9619,818,822,Qnq1kb1Q/4p3/p7/1p4P1/1P3B1R/2P5/P3NK2/6R1 b - - 1 35,d2f4
4,EulerE,LuisMiguel9619,818,822,Qn2kb1Q/4p3/p7/1p3qP1/1P3B1R/2P5/P3NK2/6R1 w - - 2 36,c8f5
4,EulerE,LuisMiguel9619,818,822,1Q2kb1Q/4p3/p7/1p3qP1/1P3B1R/2P5/P3NK2/6R1 b - - 0 36,a8b8
4,EulerE,LuisMiguel9619,818,822,1Q3b1Q/3kp3/p7/1p3qP1/1P3B1R/2P5/P3NK2/6R1 w - - 1 37,e8d7
4,EulerE,LuisMiguel9619,818,822,1Q3Q2/3kp3/p7/1p3qP1/1P3B1R/2P5/P3NK2/6R1 b - - 0 37,h8f8
5,ViniMartins10,EulerE,872,811,rnbqkbnr/pppppppp/8/8/4P3/8/PPPP1PPP/RNBQKBNR b KQkq - 0 1,e2e4
5,ViniMartins10,EulerE,872,811,rnbqkbnr/pppp1ppp/8/4p3/4P3/8/PPPP1PPP/RNBQKBNR w KQkq - 0 2,e7e5
5,ViniMartins10,EulerE,872,811,rnbqkbnr/pppp1ppp/8/4p3/4P3/5Q2/PPPP1PPP/RNB1KBNR b KQkq - 1 2,d1f3
5,ViniMartins10,EulerE,872,811,rnbqkbnr/ppp2ppp/3p4/4p3/4P3/5Q2/PPPP1PPP/RNB1KBNR w KQkq - 0 3,d7d6
5,ViniMartins10,EulerE,872,811,rnbqkbnr/ppp2ppp/3p4/4p3/2B1P3/5Q2/PPPP1PPP/RNB1K1NR b KQkq - 1 3,f1c4
5,ViniMartins10,EulerE,872,811,rnbqkb1r/ppp2ppp/3p3n/4p3/2B1P3/5Q2/PPPP1PPP/RNB1K1NR w KQkq - 2 4,g8h6
5,ViniMartins10,EulerE,872,811,rnbqkb1r/ppp2ppp/3p3n/4p3/2B1P1P1/5Q2/PPPP1P1P/RNB1K1NR b KQkq - 0 4,g2g4
5,ViniMartins10,EulerE,872,811,rnbqkb1r/pp3ppp/2pp3n/4p3/2B1P1P1/5Q2/PPPP1P1P/RNB1K1NR w KQkq - 0 5,c7c6
5,ViniMartins10,EulerE,872,811,rnbqkb1r/pp3ppp/2pp3n/4p3/2B1P1P1/3P1Q2/PPP2P1P/RNB1K1NR b KQkq - 0 5,d2d3
5,ViniMartins10,EulerE,872,811,rnbqkb1r/pp3ppp/2p4n/3pp3/2B1P1P1/3P1Q2/PPP2P1P/RNB1K1NR w KQkq - 0 6,d6d5
5,ViniMartins10,EulerE,872,811,rnbqkb1r/pp3ppp/2p4n/3Pp3/2B3P1/3P1Q2/PPP2P1P/RNB1K1NR b KQkq - 0 6,e4d5
5,ViniMartins10,EulerE,872,811,rnbqkb1r/pp3ppp/7n/3pp3/2B3P1/3P1Q2/PPP2P1P/RNB1K1NR w KQkq - 0 7,c6d5
5,ViniMartins10,EulerE,872,811,rnbqkb1r/pp3ppp/7n/3Bp3/6P1/3P1Q2/PPP2P1P/RNB1K1NR b KQkq - 0 7,c4d5
5,ViniMartins10,EulerE,872,811,rn1qkb1r/pp3ppp/4b2n/3Bp3/6P1/3P1Q2/PPP2P1P/RNB1K1NR w KQkq - 1 8,c8e6
5,ViniMartins10,EulerE,872,811,rn1qkb1r/pp3ppp/4B2n/4p3/6P1/3P1Q2/PPP2P1P/RNB1K1NR b KQkq - 0 8,d5e6
5,ViniMartins10,EulerE,872,811,rn1qkb1r/pp4pp/4p2n/4p3/6P1/3P1Q2/PPP2P1P/RNB1K1NR w KQkq - 0 9,f7e6
5,ViniMartins10,EulerE,872,811,rn1qkb1r/pp4pp/4p2B/4p3/6P1/3P1Q2/PPP2P1P/RN2K1NR b KQkq - 0 9,c1h6
5,ViniMartins10,EulerE,872,811,rn2kb1r/pp4pp/4p2B/3qp3/6P1/3P1Q2/PPP2P1P/RN2K1NR w KQkq - 1 10,d8d5
5,ViniMartins10,EulerE,872,811,rn2kb1r/pp4pp/4p2B/3Qp3/6P1/3P4/PPP2P1P/RN2K1NR b KQkq - 0 10,f3d5
5,ViniMartins10,EulerE,872,811,rn2kb1r/pp4pp/7B/3pp3/6P1/3P4/PPP2P1P/RN2K1NR w KQkq - 0 11,e6d5
5,ViniMartins10,EulerE,872,811,rn2kb1r/pp4pp/8/3pp1B1/6P1/3P4/PPP2P1P/RN2K1NR b KQkq - 1 11,h6g5
5,ViniMartins10,EulerE,872,811,rn2kb1r/pp4p1/7p/3pp1B1/6P1/3P4/PPP2P1P/RN2K1NR w KQkq - 0 12,h7h6
5,ViniMartins10,EulerE,872,811,rn2kb1r/pp4p1/7p/3pp3/6P1/3P4/PPPB1P1P/RN2K1NR b KQkq - 1 12,g5d2
5,ViniMartins10,EulerE,872,811,r3kb1r/pp1n2p1/7p/3pp3/6P1/3P4/PPPB1P1P/RN2K1NR w KQkq - 2 13,b8d7
5,ViniMartins10,EulerE,872,811,r3kb1r/pp1n2p1/7p/3pp3/6P1/2NP4/PPPB1P1P/R3K1NR b KQkq - 3 13,b1c3
5,ViniMartins10,EulerE,872,811,r3kb1r/pp1n2p1/7p/4p3/3p2P1/2NP4/PPPB1P1P/R3K1NR w KQkq - 0 14,d5d4
5,ViniMartins10,EulerE,872,811,r3kb1r/pp1n2p1/7p/1N2p3/3p2P1/3P4/PPPB1P1P/R3K1NR b KQkq - 1 14,c3b5
5,ViniMartins10,EulerE,872,811,2kr1b1r/pp1n2p1/7p/1N2p3/3p2P1/3P4/PPPB1P1P/R3K1NR w KQ - 2 15,e8c8
5,ViniMartins10,EulerE,872,811,2kr1b1r/Np1n2p1/7p/4p3/3p2P1/3P4/PPPB1P1P/R3K1NR b KQ - 0 15,b5a7
5,ViniMartins10,EulerE,872,811,1k1r1b1r/Np1n2p1/7p/4p3/3p2P1/3P4/PPPB1P1P/R3K1NR w KQ - 1 16,c8b8
5,ViniMartins10,EulerE,872,811,1k1r1b1r/1p1n2p1/7p/1N2p3/3p2P1/3P4/PPPB1P1P/R3K1NR b KQ - 2 16,a7b5
5,ViniMartins10,EulerE,872,811,1k1r3r/1p1nb1p1/7p/1N2p3/3p2P1/3P4/PPPB1P1P/R3K1NR w KQ - 3 17,f8e7
5,ViniMartins10,EulerE,872,811,1k1r3r/1p1nb1p1/7p/1N2p3/3p2P1/3P4/PPPB1P1P/2KR2NR b - - 4 17,e1c1
5,ViniMartins10,EulerE,872,811,1k1r1r2/1p1nb1p1/7p/1N2p3/3p2P1/3P4/PPPB1P1P/2KR2NR w - - 5 18,h8f8
5,ViniMartins10,EulerE,872,811,1k1r1r2/1p1nb1p1/7p/1N2p3/3p2P1/3P3N/PPPB1P1P/2KR3R b - - 6 18,g1h3
5,ViniMartins10,EulerE,872,811,1k1r1r2/1p1nb3/7p/1N2p1p1/3p2P1/3P3N/PPPB1P1P/2KR3R w - - 0 19,g7g5
5,ViniMartins10,EulerE,872,811,1k1r1r2/1p1nb3/7p/1N2p1p1/3p2P1/2PP3N/PP1B1P1P/2KR3R b - - 0 19,c2c3
5,ViniMartins10,EulerE,872,811,1k1r4/1p1nb3/7p/1N2p1p1/3p2P1/2PP1r1N/PP1B1P1P/2KR3R w - - 1 20,f8f3
5,ViniMartins10,EulerE,872,811,1k1r4/1p1nb3/7p/1N2p1N1/3p2P1/2PP1r2/PP1B1P1P/2KR3R b - - 0 20,h3g5
5,ViniMartins10,EulerE,872,811,1k1r4/1p1n4/7p/1N2p1b1/3p2P1/2PP1r2/PP1B1P1P/2KR3R w - - 0 21,e7g5
5,ViniMartins10,EulerE,872,811,1k1r4/1p1n4/7p/1N2p1b1/3p2PP/2PP1r2/PP1B1P2/2KR3R b - - 0 21,h2h4
5,ViniMartins10,EulerE,872,811,1k1r4/1p1n4/7p/1N2p3/3p1bPP/2PP1r2/PP1B1P2/2KR3R w - - 1 22,g5f4
5,ViniMartins10,EulerE,872,811,1k1r4/1p1n4/7p/1N2p3/3p1BPP/2PP1r2/PP3P2/2KR3R b - - 0 22,d2f4
5,ViniMartins10,EulerE,872,811,1k1r4/1p1n4/7p/1N6/3p1pPP/2PP1r2/PP3P2/2KR3R w - - 0 23,e5f4
5,ViniMartins10,EulerE,872,811,1k1r4/1p1n4/7p/1N4P1/3p1p1P/2PP1r2/PP3P2/2KR3R b - - 0 23,g4g5
5,ViniMartins10,EulerE,872,811,1k1r4/1p1n4/8/1N4p1/3p1p1P/2PP1r2/PP3P2/2KR3R w - - 0 24,h6g5
5,ViniMartins10,EulerE,872,811,1k1r4/1p1n4/8/1N4P1/3p1p2/2PP1r2/PP3P2/2KR3R b - - 0 24,h4g5
5,ViniMartins10,EulerE,872,811,1k4r1/1p1n4/8/1N4P1/3p1p2/2PP1r2/PP3P2/2KR3R w - - 1 25,d8g8
5,ViniMartins10,EulerE,872,811,1k4r1/1p1n4/8/1N4P1/3p1p2/2PP1r2/PP3P2/2KR2R1 b - - 2 25,h1g1
5,ViniMartins10,EulerE,872,811,1k4r1/1p1n4/8/1N4P1/3p1p2/2PP4/PP3r2/2KR2R1 w - - 0 26,f3f2
5,ViniMartins10,EulerE,872,811,1k4r1/1p1n4/6P1/1N6/3p1p2/2PP4/PP3r2/2KR2R1 b - - 0 26,g5g6
5,ViniMartins10,EulerE,872,811,1k3nr1/1p6/6P1/1N6/3p1p2/2PP4/PP3r2/2KR2R1 w - - 1 27,d7f8
5,ViniMartins10,EulerE,872,811,1k3nr1/1p4P1/8/1N6/3p1p2/2PP4/PP3r2/2KR2R1 b - - 0 27,g6g7
5,ViniMartins10,EulerE,872,811,1k4r1/1p4P1/4n3/1N6/3p1p2/2PP4/PP3r2/2KR2R1 w - - 1 28,f8e6
5,ViniMartins10,EulerE,872,811,1k4r1/1p4P1/4n3/8/3N1p2/2PP4/PP3r2/2KR2R1 b - - 0 28,b5d4
5,ViniMartins10,EulerE,872,811,1k6/1p4r1/4n3/8/3N1p2/2PP4/PP3r2/2KR2R1 w - - 0 29,g8g7
5,ViniMartins10,EulerE,872,811,1k6/1p4R1/4n3/8/3N1p2/2PP4/PP3r2/2KR4 b - - 0 29,g1g7
5,ViniMartins10,EulerE,872,811,1k6/1p4n1/8/8/3N1p2/2PP4/PP3r2/2KR4 w - - 0 30,e6g7
5,ViniMartins10,EulerE,872,811,1k6/1p4n1/8/8/1P1N1p2/2PP4/P4r2/2KR4 b - - 0 30,b2b4
5,ViniMartins10,EulerE,872,811,1k6/1p4n1/8/8/1P1N4/2PP1p2/P4r2/2KR4 w - - 0 31,f4f3
5,ViniMartins10,EulerE,872,811,1k6/1p4n1/8/8/1PPN4/3P1p2/P4r2/2KR4 b - - 0 31,c3c4
5,ViniMartins10,EulerE,872,811,1k6/1p4n1/8/8/1PPN4/3P1p2/P5r1/2KR4 w - - 1 32,f2g2
5,ViniMartins10,EulerE,872,811,1k6/1p4n1/8/8/1PP5/3P1N2/P5r1/2KR4 b - - 0 32,d4f3
5,ViniMartins10,EulerE,872,811,1k6/1p6/4n3/8/1PP5/3P1N2/P5r1/2KR4 w - - 1 33,g7e6
5,ViniMartins10,EulerE,872,811,1k6/1p6/4n3/2P5/1P6/3P1N2/P5r1/2KR4 b - - 0 33,c4c5
5,ViniMartins10,EulerE,872,811,8/1pk5/4n3/2P5/1P6/3P1N2/P5r1/2KR4 w - - 1 34,b8c7
5,ViniMartins10,EulerE,872,811,8/1pk5/4n3/2P1N3/1P6/3P4/P5r1/2KR4 b - - 2 34,f3e5
5,ViniMartins10,EulerE,872,811,8/1pk5/8/2P1N3/1P1n4/3P4/P5r1/2KR4 w - - 3 35,e6d4
5,ViniMartins10,EulerE,872,811,8/1pk5/8/2P1N3/1P1n4/3P4/P5r1/2K2R2 b - - 4 35,d1f1
5,ViniMartins10,EulerE,872,811,8/1pk5/8/2P1N3/1P1n4/3P4/P1r5/2K2R2 w - - 5 36,g2c2
5,ViniMartins10,EulerE,872,811,8/1pk5/8/2P1N3/1P1n4/3P4/P1r5/3K1R2 b - - 6 36,c1d1
5,ViniMartins10,EulerE,872,811,8/1pk5/8/2P1N3/1P1n4/3P4/r7/3K1R2 w - - 0 37,c2a2
5,ViniMartins10,EulerE,872,811,8/1pk2R2/8/2P1N3/1P1n4/3P4/r7/3K4 b - - 1 37,f1f7
5,ViniMartins10,EulerE,872,811,2k5/1p3R2/8/2P1N3/1P1n4/3P4/r7/3K4 w - - 2 38,c7c8
5,ViniMartins10,EulerE,872,811,2k2R2/1p6/8/2P1N3/1P1n4/3P4/r7/3K4 b - - 3 38,f7f8
5,ViniMartins10,EulerE,872,811,5R2/1pk5/8/2P1N3/1P1n4/3P4/r7/3K4 w - - 4 39,c8c7
5,ViniMartins10,EulerE,872,811,5R2/1pk5/8/2P5/1PNn4/3P4/r7/3K4 b - - 5 39,e5c4
5,ViniMartins10,EulerE,872,811,5R2/1pk5/8/2P5/1PN5/3P4/r1n5/3K4 w - - 6 40,d4c2
5,ViniMartins10,EulerE,872,811,5R2/1pk5/8/1PP5/2N5/3P4/r1n5/3K4 b - - 0 40,b4b5
5,ViniMartins10,EulerE,872,811,5R2/1pk5/8/1PP5/2N5/n2P4/r7/3K4 w - - 1 41,c2a3
5,ViniMartins10,EulerE,872,811,5R2/1pk5/8/1PP5/8/N2P4/r7/3K4 b - - 0 41,c4a3
5,ViniMartins10,EulerE,872,811,5R2/1pk5/8/1PP5/8/r2P4/8/3K4 w - - 0 42,a2a3
5,ViniMartins10,EulerE,872,811,8/1pk2R2/8/1PP5/8/r2P4/8/3K4 b - - 1 42,f8f7
5,ViniMartins10,EulerE,872,811,2k5/1p3R2/8/1PP5/8/r2P4/8/3K4 w - - 2 43,c7c8
5,ViniMartins10,EulerE,872,811,2k5/1p3R2/2P5/1P6/8/r2P4/8/3K4 b - - 0 43,c5c6
5,ViniMartins10,EulerE,872,811,2k5/5R2/2p5/1P6/8/r2P4/8/3K4 w - - 0 44,b7c6
5,ViniMartins10,EulerE,872,811,2k5/5R2/2P5/8/8/r2P4/8/3K4 b - - 0 44,b5c6
5,ViniMartins10,EulerE,872,811,2k5/5R2/2P5/8/8/2rP4/8/3K4 w - - 1 45,a3c3
5,ViniMartins10,EulerE,872,811,2k5/8/2P2R2/8/8/2rP4/8/3K4 b - - 2 45,f7f6
5,ViniMartins10,EulerE,872,811,8/2k5/2P2R2/8/8/2rP4/8/3K4 w - - 3 46,c8c7
5,ViniMartins10,EulerE,872,811,8/2k5/2P2R2/8/8/2rP4/3K4/8 b - - 4 46,d1d2
5,ViniMartins10,EulerE,872,811,8/2k5/2P2R2/8/8/r2P4/3K4/8 w - - 5 47,c3a3
5,ViniMartins10,EulerE,872,811,8/2k5/2P2R2/8/3P4/r7/3K4/8 b - - 0 47,d3d4
5,ViniMartins10,EulerE,872,811,8/2k5/2P2R2/r7/3P4/8/3K4/8 w - - 1 48,a3a5
5,ViniMartins10,EulerE,872,811,8/2k5/2P2R2/r7/3P4/3K4/8/8 b - - 2 48,d2d3
5,ViniMartins10,EulerE,872,811,8/2k5/2P2R2/8/3P4/r2K4/8/8 w - - 3 49,a5a3
5,ViniMartins10,EulerE,872,811,8/2k5/2P2R2/8/2KP4/r7/8/8 b - - 4 49,d3c4
5,ViniMartins10,EulerE,872,811,8/2k5/r1P2R2/8/2KP4/8/8/8 w - - 5 50,a3a6
5,ViniMartins10,EulerE,872,811,8/2k5/r1P2R2/3P4/2K5/8/8/8 b - - 0 50,d4d5
5,ViniMartins10,EulerE,872,811,8/2k5/2P2R2/r2P4/2K5/8/8/8 w - - 1 51,a6a5
5,ViniMartins10,EulerE,872,811,8/2k5/2P1R3/r2P4/2K5/8/8/8 b - - 2 51,f6e6
5,ViniMartins10,EulerE,872,811,8/2k5/r1P1R3/3P4/2K5/8/8/8 w - - 3 52,a5a6
5,ViniMartins10,EulerE,872,811,8/2k5/r1P1R3/2KP4/8/8/8/8 b - - 4 52,c4c5
5,ViniMartins10,EulerE,872,811,8/2k5/2P1R3/r1KP4/8/8/8/8 w - - 5 53,a6a5
5,ViniMartins10,EulerE,872,811,8/2k5/2P1R3/r2P4/2K5/8/8/8 b - - 6 53,c5c4
5,ViniMartins10,EulerE,872,811,8/2k5/r1P1R3/3P4/2K5/8/8/8 w - - 7 54,a5a6
5,ViniMartins10,EulerE,872,811,8/2k5/r1P1R3/1K1P4/8/8/8/8 b - - 8 54,c4b5
5,ViniMartins10,EulerE,872,811,8/r1k5/2P1R3/1K1P4/8/8/8/8 w - - 9 55,a6a7
5,ViniMartins10,EulerE,872,811,8/r1k5/2PPR3/1K6/8/8/8/8 b - - 0 55,d5d6
5,ViniMartins10,EulerE,872,811,2k5/r7/2PPR3/1K6/8/8/8/8 w - - 1 56,c7c8
5,ViniMartins10,EulerE,872,811,2k5/r3R3/2PP4/1K6/8/8/8/8 b - - 2 56,e6e7
5,ViniMartins10,EulerE,872,811,r1k5/4R3/2PP4/1K6/8/8/8/8 w - - 3 57,a7a8
5,ViniMartins10,EulerE,872,811,r1k5/2P1R3/3P4/1K6/8/8/8/8 b - - 0 57,c6c7
5,ViniMartins10,EulerE,872,811,2k5/r1P1R3/3P4/1K6/8/8/8/8 w - - 1 58,a8a7
5,ViniMartins10,EulerE,872,811,2k5/r1P1R3/1K1P4/8/8/8/8/8 b - - 2 58,b5b6
5,ViniMartins10,EulerE,872,811,r1k5/2P1R3/1K1P4/8/8/8/8/8 w - - 3 59,a7a8
5,ViniMartins10,EulerE,872,811,r1k1R3/2P5/1K1P4/8/8/8/8/8 b - - 4 59,e7e8
5,ViniMartins10,EulerE,872,811,r3R3/2Pk4/1K1P4/8/8/8/8/8 w - - 5 60,c8d7
5,ViniMartins10,EulerE,872,811,R7/2Pk4/1K1P4/8/8/8/8/8 b - - 0 60,e8a8
5,ViniMartins10,EulerE,872,811,R7/2P5/1K1k4/8/8/8/8/8 w - - 0 61,d7d6
5,ViniMartins10,EulerE,872,811,R1Q5/8/1K1k4/8/8/8/8/8 b - - 0 61,c7c8q
5,ViniMartins10,EulerE,872,811,R1Q5/8/1K6/3k4/8/8/8/8 w - - 1 62,d6d5
5,ViniMartins10,EulerE,872,811,R1Q5/1K6/8/3k4/8/8/8/8 b - - 2 62,b6b7
5,ViniMartins10,EulerE,872,811,R1Q5/1K6/8/8/4k3/8/8/8 w - - 3 63,d5e4
5,ViniMartins10,EulerE,872,811,RKQ5/8/8/8/4k3/8/8/8 b - - 4 63,b7b8
5,ViniMartins10,EulerE,872,811,RKQ5/8/8/8/8/5k2/8/8 w - - 5 64,e4f3
5,ViniMartins10,EulerE,872,811,1KQ5/8/8/8/8/R4k2/8/8 b - - 6 64,a8a3
5,ViniMartins10,EulerE,872,811,1KQ5/8/8/8/8/R7/6k1/8 w - - 7 65,f3g2
5,ViniMartins10,EulerE,872,811,1K6/8/8/8/8/R7/2Q3k1/8 b - - 8 65,c8c2
5,ViniMartins10,EulerE,872,811,1K6/8/8/8/8/R7/2Q5/7k w - - 9 66,g2h1
5,ViniMartins10,EulerE,872,811,1K6/8/8/8/8/8/2Q5/R6k b - - 10 66,a3a1
6,Samking81,EulerE,846,820,rnbqkbnr/pppppppp/8/8/4P3/8/PPPP1PPP/RNBQKBNR b KQkq - 0 1,e2e4
6,Samking81,EulerE,846,820,r1bqkbnr/pppppppp/2n5/8/4P3/8/PPPP1PPP/RNBQKBNR w KQkq - 1 2,b8c6
6,Samking81,EulerE,846,820,r1bqkbnr/pppppppp/2n5/8/4P3/8/PPPPQPPP/RNB1KBNR b KQkq - 2 2,d1e2
6,Samking81,EulerE,846,820,r1bqkbnr/p1pppppp/1pn5/8/4P3/8/PPPPQPPP/RNB1KBNR w KQkq - 0 3,b7b6
6,Samking81,EulerE,846,820,r1bqkbnr/p1pppppp/1pn5/4P3/8/8/PPPPQPPP/RNB1KBNR b KQkq - 0 3,e4e5
6,Samking81,EulerE,846,820,r2qkbnr/pbpppppp/1pn5/4P3/8/8/PPPPQPPP/RNB1KBNR w KQkq - 1 4,c8b7
6,Samking81,EulerE,846,820,r2qkbnr/pbpppppp/1pn5/4P3/8/5N2/PPPPQPPP/RNB1KB1R b KQkq - 2 4,g1f3
6,Samking81,EulerE,846,820,r2qkbnr/pbppp1pp/1pn2p2/4P3/8/5N2/PPPPQPPP/RNB1KB1R w KQkq - 0 5,f7f6
6,Samking81,EulerE,846,820,r2qkbnr/pbppp1pp/1pn2p2/4P3/3P4/5N2/PPP1QPPP/RNB1KB1R b KQkq - 0 5,d2d4
6,Samking81,EulerE,846,820,r2qkbnr/pbppp1pp/1pn5/4p3/3P4/5N2/PPP1QPPP/RNB1KB1R w KQkq - 0 6,f6e5
6,Samking81,EulerE,846,820,r2qkbnr/pbppp1pp/1pn5/3Pp3/8/5N2/PPP1QPPP/RNB1KB1R b KQkq - 0 6,d4d5
6,Samking81,EulerE,846,820,r2qkbnr/pbppp1pp/1p6/3Pp3/3n4/5N2/PPP1QPPP/RNB1KB1R w KQkq - 1 7,c6d4
6,Samking81,EulerE,846,820,r2qkbnr/pbppp1pp/1p6/3PQ3/3n4/5N2/PPP2PPP/RNB1KB1R b KQkq - 0 7,e2e5
6,Samking81,EulerE,846,820,r2qkbnr/pbppp1pp/1p6/3PQ3/8/5n2/PPP2PPP/RNB1KB1R w KQkq - 0 8,d4f3
6,Samking81,EulerE,846,820,r2qkbnr/pbppp1pp/1p6/3PQ3/8/5P2/PPP2P1P/RNB1KB1R b KQkq - 0 8,g2f3
6,Samking81,EulerE,846,820,r2qkbnr/pbp1p1pp/1p1p4/3PQ3/8/5P2/PPP2P1P/RNB1KB1R w KQkq - 0 9,d7d6
6,Samking81,EulerE,846,820,r2qkbnr/pbp1p1pp/1p1p4/3P3Q/8/5P2/PPP2P1P/RNB1KB1R b KQkq - 1 9,e5h5
6,Samking81,EulerE,846,820,r2qkbnr/pbp1p2p/1p1p2p1/3P3Q/8/5P2/PPP2P1P/RNB1KB1R w KQkq - 0 10,g7g6
6,Samking81,EulerE,846,820,r2qkbnr/pbp1p2p/1p1p2p1/3P2Q1/8/5P2/PPP2P1P/RNB1KB1R b KQkq - 1 10,h5g5
6,Samking81,EulerE,846,820,r2qk1nr/pbp1p2p/1p1p2pb/3P2Q1/8/5P2/PPP2P1P/RNB1KB1R w KQkq - 2 11,f8h6
6,Samking81,EulerE,846,820,r2qk1nr/pbp1p2p/1p1p2pb/3P4/6Q1/5P2/PPP2P1P/RNB1KB1R b KQkq - 3 11,g5g4
6,Samking81,EulerE,846,820,r2qk1nr/pbp1p2p/1p1p2p1/3P4/6Q1/5P2/PPP2P1P/RNb1KB1R w KQkq - 0 12,h6c1
6,Samking81,EulerE,846,820,r2qk1nr/pbp1p2p/1p1p2p1/3P4/3Q4/5P2/PPP2P1P/RNb1KB1R b KQkq - 1 12,g4d4
6,Samking81,EulerE,846,820,r2qk2r/pbp1p2p/1p1p1np1/3P4/3Q4/5P2/PPP2P1P/RNb1KB1R w KQkq - 2 13,g8f6
6,Samking81,EulerE,846,820,r2qk2r/pbp1p2p/1p1p1np1/3P4/3Q1P2/8/PPP2P1P/RNb1KB1R b KQkq - 0 13,f3f4
6,Samking81,EulerE,846,820,r2q1rk1/pbp1p2p/1p1p1np1/3P4/3Q1P2/8/PPP2P1P/RNb1KB1R w KQ - 1 14,e8g8
6,Samking81,EulerE,846,820,r2q1rk1/pbp1p2p/1p1p1np1/3P4/3Q1P2/2N5/PPP2P1P/R1b1KB1R b KQ - 2 14,b1c3
6,Samking81,EulerE,846,820,r2q1rk1/pbp1p2p/1p1p1np1/3P4/3Q1P2/2N5/PbP2P1P/R3KB1R w KQ - 0 15,c1b2
6,Samking81,EulerE,846,820,r2q1rk1/pbp1p2p/1p1p1np1/1B1P4/3Q1P2/2N5/PbP2P1P/R3K2R b KQ - 1 15,f1b5
6,Samking81,EulerE,846,820,r2q1rk1/pbp1p2p/1p1p1np1/1B1P4/3Q1P2/2N5/P1P2P1P/b3K2R w K - 0 16,b2a1
6,Samking81,EulerE,846,820,r2q1rk1/pbp1p2p/1p1p1np1/1B1P4/3Q1P2/2N5/P1P1KP1P/b6R b - - 1 16,e1e2
6,Samking81,EulerE,846,820,r2q1rk1/pbp1p2p/1p1p1np1/1B1P4/3Q1P2/2b5/P1P1KP1P/7R w - - 0 17,a1c3
6,Samking81,EulerE,846,820,r2q1rk1/pbp1p2p/1p1p1np1/1B1P4/5P2/2Q5/P1P1KP1P/7R b - - 0 17,d4c3
6,Samking81,EulerE,846,820,r2q1rk1/pbp1p2p/1p1p2p1/1B1n4/5P2/2Q5/P1P1KP1P/7R w - - 0 18,f6d5
6,Samking81,EulerE,846,820,r2q1rk1/pbp1p2p/1p1p2p1/1B1n4/2Q2P2/8/P1P1KP1P/7R b - - 1 18,c3c4
6,Samking81,EulerE,846,820,r2q1rk1/pbp4p/1p1pp1p1/1B1n4/2Q2P2/8/P1P1KP1P/7R w - - 0 19,e7e6
6,Samking81,EulerE,846,820,r2q1rk1/pbp4p/1pBpp1p1/3n4/2Q2P2/8/P1P1KP1P/7R b - - 1 19,b5c6
6,Samking81,EulerE,846,820,r2q1rk1/pbp4p/1pBpp1p1/8/2Q2n2/8/P1P1KP1P/7R w - - 0 20,d5f4
6,Samking81,EulerE,846,820,r2q1rk1/pbp4p/1pBpp1p1/8/2Q2n2/8/P1PK1P1P/7R b - - 1 20,e2d2
6,Samking81,EulerE,846,820,r2q1rk1/pbp4p/1pB1p1p1/3p4/2Q2n2/8/P1PK1P1P/7R w - - 0 21,d6d5
6,Samking81,EulerE,846,820,r2q1rk1/pbp4p/1pB1p1p1/1Q1p4/5n2/8/P1PK1P1P/7R b - - 1 21,c4b5
6,Samking81,EulerE,846,820,1r1q1rk1/pbp4p/1pB1p1p1/1Q1p4/5n2/8/P1PK1P1P/7R w - - 2 22,a8b8
6,Samking81,EulerE,846,820,1r1q1rk1/pBp4p/1p2p1p1/1Q1p4/5n2/8/P1PK1P1P/7R b - - 0 22,c6b7
6,Samking81,EulerE,846,820,3q1rk1/prp4p/1p2p1p1/1Q1p4/5n2/8/P1PK1P1P/7R w - - 0 23,b8b7
6,Samking81,EulerE,846,820,3q1rk1/prp4p/Qp2p1p1/3p4/5n2/8/P1PK1P1P/7R b - - 1 23,b5a6
6,Samking81,EulerE,846,820,1r1q1rk1/p1p4p/Qp2p1p1/3p4/5n2/8/P1PK1P1P/7R w - - 2 24,b7b8
6,Samking81,EulerE,846,820,1r1q1rk1/Q1p4p/1p2p1p1/3p4/5n2/8/P1PK1P1P/7R b - - 0 24,a6a7
6,Samking81,EulerE,846,820,1r3rk1/Q1p4p/1p2p1p1/3p4/5n1q/8/P1PK1P1P/7R w - - 1 25,d8h4
6,Samking81,EulerE,846,820,1r3rk1/Q1p4p/1p2p1p1/3p4/5n1q/8/P1PK1P1P/5R2 b - - 2 25,h1f1
6,Samking81,EulerE,846,820,1r3rk1/Q1p4p/1p2p1p1/3p4/5n2/8/P1PK1P1q/5R2 w - - 0 26,h4h2
6,Samking81,EulerE,846,820,1r3rk1/2Q4p/1p2p1p1/3p4/5n2/8/P1PK1P1q/5R2 b - - 0 26,a7c7
6,Samking81,EulerE,846,820,1r3rk1/2Q4p/1p2p1p1/3p4/5n2/8/P1PK1Pq1/5R2 w - - 1 27,h2g2
6,Samking81,EulerE,846,820,1r3rk1/7p/1p2p1p1/3p4/5Q2/8/P1PK1Pq1/5R2 b - - 0 27,c7f4
6,Samking81,EulerE,846,820,1r4k1/7p/1p2p1p1/3p4/5r2/8/P1PK1Pq1/5R2 w - - 0 28,f8f4
6,Samking81,EulerE,846,820,1r4k1/7p/1p2p1p1/3p4/5r2/8/P1PK1Pq1/3R4 b - - 1 28,f1d1
6,Samking81,EulerE,846,820,1r4k1/7p/1p2p1p1/3p4/5r2/8/P1PK1q2/3R4 w - - 0 29,g2f2
6,Samking81,EulerE,846,820,1r4k1/7p/1p2p1p1/3p4/5r2/8/P1P2q2/2KR4 b - - 1 29,d2c1
6,Samking81,EulerE,846,820,1r4k1/7p/1p2p1p1/3p4/2r5/8/P1P2q2/2KR4 w - - 2 30,f4c4
6,Samking81,EulerE,846,820,1r4k1/7p/1p2p1p1/3p4/2r5/8/P1PR1q2/2K5 b - - 3 30,d1d2
6,Samking81,EulerE,846,820,1r4k1/7p/1p2p1p1/3p4/2r5/4q3/P1PR4/2K5 w - - 4 31,f2e3
6,Samking81,EulerE,846,820,1r4k1/7p/1p2p1p1/3p4/2r5/4q3/P1PR4/3K4 b - - 5 31,c1d1
6,Samking81,EulerE,846,820,2r3k1/7p/1p2p1p1/3p4/2r5/4q3/P1PR4/3K4 w - - 6 32,b8c8
6,Samking81,EulerE,846,820,2r3k1/7p/1p2p1p1/3p4/2r5/4q3/P1P1R3/3K4 b - - 7 32,d2e2
6,Samking81,EulerE,846,820,2r3k1/7p/1p2p1p1/3p4/2r5/2q5/P1P1R3/3K4 w - - 8 33,e3c3
6,Samking81,EulerE,846,820,2r3k1/7p/1p2p1p1/3p4/P1r5/2q5/2P1R3/3K4 b - - 0 33,a2a4
6,Samking81,EulerE,846,820,2r3k1/7p/1p2p1p1/3p4/Pr6/2q5/2P1R3/3K4 w - - 1 34,c4b4
6,Samking81,EulerE,846,820,2r3k1/7p/1p2R1p1/3p4/Pr6/2q5/2P5/3K4 b - - 0 34,e2e6
6,Samking81,EulerE,846,820,2r3k1/7p/1p2R1p1/3p4/Pr6/8/2q5/3K4 w - - 0 35,c3c2
6,Samking81,EulerE,846,820,2r3k1/7p/1p2R1p1/3p4/Pr6/8/2q5/4K3 b - - 1 35,d1e1
6,Samking81,EulerE,846,820,2r3k1/7p/1p2R1p1/3p4/P7/8/2q5/1r2K3 w - - 2 36,b4b1
7,EulerE,storm1572,812,873,rnbqkbnr/pppppppp/8/8/3P4/8/PPP1PPPP/RNBQKBNR b KQkq - 0 1,d2d4
7,EulerE,storm1572,812,873,rnbqkb1r/pppppppp/5n2/8/3P4/8/PPP1PPPP/RNBQKBNR w KQkq - 1 2,g8f6
7,EulerE,storm1572,812,873,rnbqkb1r/pppppppp/5n2/8/3P4/6P1/PPP1PP1P/RNBQKBNR b KQkq - 0 2,g2g3
7,EulerE,storm1572,812,873,rnbqkb1r/ppp1pppp/3p1n2/8/3P4/6P1/PPP1PP1P/RNBQKBNR w KQkq - 0 3,d7d6
7,EulerE,storm1572,812,873,rnbqkb1r/ppp1pppp/3p1n2/8/3P4/6P1/PPP1PPBP/RNBQK1NR b KQkq - 1 3,f1g2
7,EulerE,storm1572,812,873,rn1qkb1r/ppp1pppp/3p1n2/5b2/3P4/6P1/PPP1PPBP/RNBQK1NR w KQkq - 2 4,c8f5
7,EulerE,storm1572,812,873,rn1qkb1r/ppp1pppp/3p1n2/5b2/3PP3/6P1/PPP2PBP/RNBQK1NR b KQkq - 0 4,e2e4
7,EulerE,storm1572,812,873,rn1qkb1r/ppp1pppp/3p1n2/8/3PP1b1/6P1/PPP2PBP/RNBQK1NR w KQkq - 1 5,f5g4
7,EulerE,storm1572,812,873,rn1qkb1r/ppp1pppp/3p1n2/8/3PP1b1/5PP1/PPP3BP/RNBQK1NR b KQkq - 0 5,f2f3
7,EulerE,storm1572,812,873,rn1qkb1r/ppp1pppp/3pbn2/8/3PP3/5PP1/PPP3BP/RNBQK1NR w KQkq - 1 6,g4e6
7,EulerE,storm1572,812,873,rn1qkb1r/ppp1pppp/3pbn2/8/3PP3/5PP1/PPPN2BP/R1BQK1NR b KQkq - 2 6,b1d2
7,EulerE,storm1572,812,873,rn1qkb1r/pp2pppp/3pbn2/2p5/3PP3/5PP1/PPPN2BP/R1BQK1NR w KQkq - 0 7,c7c5
7,EulerE,storm1572,812,873,rn1qkb1r/pp2pppp/3pbn2/2p5/3PP3/P4PP1/1PPN2BP/R1BQK1NR b KQkq - 0 7,a2a3
7,EulerE,storm1572,812,873,rn1qkb1r/pp2pppp/3pbn2/8/3pP3/P4PP1/1PPN2BP/R1BQK1NR w KQkq - 0 8,c5d4
7,EulerE,storm1572,812,873,rn1qkb1r/pp2pppp/3pbn2/8/1P1pP3/P4PP1/2PN2BP/R1BQK1NR b KQkq - 0 8,b2b4
7,EulerE,storm1572,812,873,rn1qkb1r/pp2pp1p/3pbnp1/8/1P1pP3/P4PP1/2PN2BP/R1BQK1NR w KQkq - 0 9,g7g6
7,EulerE,storm1572,812,873,rn1qkb1r/pp2pp1p/3pbnp1/8/1P1pP3/P4PP1/1BPN2BP/R2QK1NR b KQkq - 1 9,c1b2
7,EulerE,storm1572,812,873,rn1qk2r/pp2ppbp/3pbnp1/8/1P1pP3/P4PP1/1BPN2BP/R2QK1NR w KQkq - 2 10,f8g7
7,EulerE,storm1572,812,873,rn1qk2r/pp2ppbp/3pbnp1/8/1P1BP3/P4PP1/2PN2BP/R2QK1NR b KQkq - 0 10,b2d4
7,EulerE,storm1572,812,873,r2qk2r/pp2ppbp/2npbnp1/8/1P1BP3/P4PP1/2PN2BP/R2QK1NR w KQkq - 1 11,b8c6
7,EulerE,storm1572,812,873,r2qk2r/pp2ppbp/2npbnp1/8/1P1BP3/P1P2PP1/3N2BP/R2QK1NR b KQkq - 0 11,c2c3
7,EulerE,storm1572,812,873,r2qk2r/pp2ppbp/3pbnp1/8/1P1nP3/P1P2PP1/3N2BP/R2QK1NR w KQkq - 0 12,c6d4
7,EulerE,storm1572,812,873,r2qk2r/pp2ppbp/3pbnp1/8/1P1PP3/P4PP1/3N2BP/R2QK1NR b KQkq - 0 12,c3d4
7,EulerE,storm1572,812,873,r2qk2r/pp1nppbp/3pb1p1/8/1P1PP3/P4PP1/3N2BP/R2QK1NR w KQkq - 1 13,f6d7
7,EulerE,storm1572,812,873,r2qk2r/pp1nppbp/3pb1p1/8/1P1PP3/PN3PP1/6BP/R2QK1NR b KQkq - 2 13,d2b3
7,EulerE,storm1572,812,873,r2qk2r/pp1nppbp/3p2p1/8/1P1PP3/Pb3PP1/6BP/R2QK1NR w KQkq - 0 14,e6b3
7,EulerE,storm1572,812,873,r2qk2r/pp1nppbp/3p2p1/8/1P1PP3/PQ3PP1/6BP/R3K1NR b KQkq - 0 14,d1b3
7,EulerE,storm1572,812,873,r2qk2r/pp1npp1p/3p2p1/8/1P1bP3/PQ3PP1/6BP/R3K1NR w KQkq - 0 15,g7d4
7,EulerE,storm1572,812,873,r2qk2r/pp1npp1p/3p2p1/8/1P1bP3/PQ3PP1/6BP/3RK1NR b Kkq - 1 15,a1d1
7,EulerE,storm1572,812,873,r2qk2r/pp1nppbp/3p2p1/8/1P2P3/PQ3PP1/6BP/3RK1NR w Kkq - 2 16,d4g7
7,EulerE,storm1572,812,873,r2qk2r/pp1nppbp/3p2p1/8/1P2P3/PQ3PP1/4N1BP/3RK2R b Kkq - 3 16,g1e2
7,EulerE,storm1572,812,873,r2q1rk1/pp1nppbp/3p2p1/8/1P2P3/PQ3PP1/4N1BP/3RK2R w K - 4 17,e8g8
7,EulerE,storm1572,812,873,r2q1rk1/pp1nppbp/3p2p1/8/1P2P3/PQ3PPB/4N2P/3RK2R b K - 5 17,g2h3
7,EulerE,storm1572,812,873,r2q1rk1/pp2ppbp/1n1p2p1/8/1P2P3/PQ3PPB/4N2P/3RK2R w K - 6 18,d7b6
7,EulerE,storm1572,812,873,r2q1rk1/pp2ppbp/1n1p2p1/8/1P2P3/PQ3PPB/4N2P/3R1RK1 b - - 7 18,e1g1
7,EulerE,storm1572,812,873,r2q1rk1/1p2ppbp/1n1p2p1/p7/1P2P3/PQ3PPB/4N2P/3R1RK1 w - - 0 19,a7a5
7,EulerE,storm1572,812,873,r2q1rk1/1p2ppbp/1n1p2p1/p7/1P1NP3/PQ3PPB/7P/3R1RK1 b - - 1 19,e2d4
7,EulerE,storm1572,812,873,r2q1rk1/1p2ppbp/1n1p2p1/8/1p1NP3/PQ3PPB/7P/3R1RK1 w - - 0 20,a5b4
7,EulerE,storm1572,812,873,r2q1rk1/1p2ppbp/1n1p2p1/8/1Q1NP3/P4PPB/7P/3R1RK1 b - - 0 20,b3b4
7,EulerE,storm1572,812,873,3q1rk1/1p2ppbp/1n1p2p1/8/rQ1NP3/P4PPB/7P/3R1RK1 w - - 1 21,a8a4
7,EulerE,storm1572,812,873,3q1rk1/1p2ppbp/1n1p2p1/8/r2NP3/PQ3PPB/7P/3R1RK1 b - - 2 21,b4b3
7,EulerE,storm1572,812,873,3q1rk1/1p2ppbp/1n1p2p1/8/3rP3/PQ3PPB/7P/3R1RK1 w - - 0 22,a4d4
7,EulerE,storm1572,812,873,3q1rk1/1p2ppbp/1n1p2p1/8/3RP3/PQ3PPB/7P/5RK1 b - - 0 22,d1d4
7,EulerE,storm1572,812,873,3q1rk1/1p2pp1p/1n1p2p1/8/3bP3/PQ3PPB/7P/5RK1 w - - 0 23,g7d4
7,EulerE,storm1572,812,873,3q1rk1/1p2pp1p/1n1p2p1/8/3bP3/PQ3PPB/7P/5R1K b - - 1 23,g1h1
7,EulerE,storm1572,812,873,5rk1/1pq1pp1p/1n1p2p1/8/3bP3/PQ3PPB/7P/5R1K w - - 2 24,d8c7
7,EulerE,storm1572,812,873,5rk1/1pq1pp1p/1n1p2p1/8/3bP3/PQ3PPB/7P/3R3K b - - 3 24,f1d1
7,EulerE,storm1572,812,873,5rk1/1pq1pp1p/1n1p2p1/4b3/4P3/PQ3PPB/7P/3R3K w - - 4 25,d4e5
7,EulerE,storm1572,812,873,5rk1/1pq1pp1p/1n1p2p1/4b3/4PP2/PQ4PB/7P/3R3K b - - 0 25,f3f4
7,EulerE,storm1572,812,873,5rk1/1pq1ppbp/1n1p2p1/8/4PP2/PQ4PB/7P/3R3K w - - 1 26,e5g7
7,EulerE,storm1572,812,873,5rk1/1pq1ppbp/1n1p2p1/8/4PP2/P5PB/1Q5P/3R3K b - - 2 26,b3b2
8,grupakino,EulerE,764,811,rnbqkbnr/pppppppp/8/8/4P3/8/PPPP1PPP/RNBQKBNR b KQkq - 0 1,e2e4
8,grupakino,EulerE,764,811,rnbqkbnr/pppp1ppp/8/4p3/4P3/8/PPPP1PPP/RNBQKBNR w KQkq - 0 2,e7e5
8,grupakino,EulerE,764,811,rnbqkbnr/pppp1ppp/8/4p3/4P3/3P4/PPP2PPP/RNBQKBNR b KQkq - 0 2,d2d3
8,grupakino,EulerE,764,811,rnbqkbnr/p1pp1ppp/1p6/4p3/4P3/3P4/PPP2PPP/RNBQKBNR w KQkq - 0 3,b7b6
8,grupakino,EulerE,764,811,rnbqkbnr/p1pp1ppp/1p6/4p3/4P3/2NP4/PPP2PPP/R1BQKBNR b KQkq - 1 3,b1c3
8,grupakino,EulerE,764,811,rn1qkbnr/pbpp1ppp/1p6/4p3/4P3/2NP4/PPP2PPP/R1BQKBNR w KQkq - 2 4,c8b7
8,grupakino,EulerE,764,811,rn1qkbnr/pbpp1ppp/1p6/4p3/4P3/2NP1N2/PPP2PPP/R1BQKB1R b KQkq - 3 4,g1f3
8,grupakino,EulerE,764,811,rn1qkbnr/pbp2ppp/1p1p4/4p3/4P3/2NP1N2/PPP2PPP/R1BQKB1R w KQkq - 0 5,d7d6
8,grupakino,EulerE,764,811,rn1qkbnr/pbp2ppp/1p1p4/4p3/P3P3/2NP1N2/1PP2PPP/R1BQKB1R b KQkq - 0 5,a2a4
8,grupakino,EulerE,764,811,r2qkbnr/pbpn1ppp/1p1p4/4p3/P3P3/2NP1N2/1PP2PPP/R1BQKB1R w KQkq - 1 6,b8d7
8,grupakino,EulerE,764,811,r2qkbnr/pbpn1ppp/1p1p4/P3p3/4P3/2NP1N2/1PP2PPP/R1BQKB1R b KQkq - 0 6,a4a5
8,grupakino,EulerE,764,811,r2qkbnr/pbpn1p1p/1p1p2p1/P3p3/4P3/2NP1N2/1PP2PPP/R1BQKB1R w KQkq - 0 7,g7g6
8,grupakino,EulerE,764,811,r2qkbnr/pbpn1p1p/Pp1p2p1/4p3/4P3/2NP1N2/1PP2PPP/R1BQKB1R b KQkq - 0 7,a5a6
8,grupakino,EulerE,764,811,r1bqkbnr/p1pn1p1p/Pp1p2p1/4p3/4P3/2NP1N2/1PP2PPP/R1BQKB1R w KQkq - 1 8,b7c8
8,grupakino,EulerE,764,811,r1bqkbnr/p1pn1p1p/Pp1p2p1/4p3/4P3/1PNP1N2/2P2PPP/R1BQKB1R b KQkq - 0 8,b2b3
8,grupakino,EulerE,764,811,r1bqkbnr/p1p2p1p/Pp1p2p1/2n1p3/4P3/1PNP1N2/2P2PPP/R1BQKB1R w KQkq - 1 9,d7c5
8,grupakino,EulerE,764,811,r1bqkbnr/p1p2p1p/Pp1p2p1/2nNp3/4P3/1P1P1N2/2P2PPP/R1BQKB1R b KQkq - 2 9,c3d5
8,grupakino,EulerE,764,811,r1bqkbnr/p1p2p1p/np1p2p1/3Np3/4P3/1P1P1N2/2P2PPP/R1BQKB1R w KQkq - 0 10,c5a6
8,grupakino,EulerE,764,811,r1bqkbnr/p1p2p1p/np1p2p1/3Np3/3PP3/1P3N2/2P2PPP/R1BQKB1R b KQkq - 0 10,d3d4
8,grupakino,EulerE,764,811,r1bqkbnr/p1p2p1p/1p1p2p1/3Np3/1n1PP3/1P3N2/2P2PPP/R1BQKB1R w KQkq - 1 11,a6b4
8,grupakino,EulerE,764,811,r1bqkbnr/p1p2p1p/1p1p2p1/4p3/1N1PP3/1P3N2/2P2PPP/R1BQKB1R b KQkq - 0 11,d5b4
8,grupakino,EulerE,764,811,r2qkbnr/p1p2p1p/1p1p2p1/4p3/1N1PP1b1/1P3N2/2P2PPP/R1BQKB1R w KQkq - 1 12,c8g4
8,grupakino,EulerE,764,811,r2qkbnr/p1p2p1p/1pNp2p1/4p3/3PP1b1/1P3N2/2P2PPP/R1BQKB1R b KQkq - 2 12,b4c6
8,grupakino,EulerE,764,811,r3kbnr/p1pq1p1p/1pNp2p1/4p3/3PP1b1/1P3N2/2P2PPP/R1BQKB1R w KQkq - 3 13,d8d7
8,grupakino,EulerE,764,811,r3kbnr/p1pq1p1p/1pNp2p1/3Pp3/4P1b1/1P3N2/2P2PPP/R1BQKB1R b KQkq - 0 13,d4d5
8,grupakino,EulerE,764,811,r3kb1r/p1pqnp1p/1pNp2p1/3Pp3/4P1b1/1P3N2/2P2PPP/R1BQKB1R w KQkq - 1 14,g8e7
8,grupakino,EulerE,764,811,r3kb1r/p1pqnp1p/1pNp2p1/3Pp3/4P1b1/1P3N1P/2P2PP1/R1BQKB1R b KQkq - 0 14,h2h3
8,grupakino,EulerE,764,811,r3kb1r/p1pqnp1p/1pNp2p1/3Pp3/4P3/1P3b1P/2P2PP1/R1BQKB1R w KQkq - 0 15,g4f3
8,grupakino,EulerE,764,811,r3kb1r/p1pqnp1p/1pNp2p1/3Pp3/4P3/1P3Q1P/2P2PP1/R1B1KB1R b KQkq - 0 15,d1f3
8,grupakino,EulerE,764,811,r3kb1r/p1pq1p1p/1pnp2p1/3Pp3/4P3/1P3Q1P/2P2PP1/R1B1KB1R w KQkq - 0 16,e7c6
8,grupakino,EulerE,764,811,r3kb1r/p1pq1p1p/1pPp2p1/4p3/4P3/1P3Q1P/2P2PP1/R1B1KB1R b KQkq - 0 16,d5c6
8,grupakino,EulerE,764,811,r3kb1r/p1p2p1p/1pqp2p1/4p3/4P3/1P3Q1P/2P2PP1/R1B1KB1R w KQkq - 0 17,d7c6
8,grupakino,EulerE,764,811,r3kb1r/p1p2p1p/1pqp2p1/4p3/2P1P3/1P3Q1P/5PP1/R1B1KB1R b KQkq - 0 17,c2c4
8,grupakino,EulerE,764,811,r3kb1r/p1p2p1p/2qp2p1/1p2p3/2P1P3/1P3Q1P/5PP1/R1B1KB1R w KQkq - 0 18,b6b5
8,grupakino,EulerE,764,811,r3kb1r/p1p2p1p/2qp2p1/1p2p3/2P1P3/1P1B1Q1P/5PP1/R1B1K2R b KQkq - 1 18,f1d3
8,grupakino,EulerE,764,811,r3kb1r/p1p2p1p/2qp2p1/4p3/2p1P3/1P1B1Q1P/5PP1/R1B1K2R w KQkq - 0 19,b5c4
8,grupakino,EulerE,764,811,r3kb1r/p1p2p1p/2qp2p1/4p3/2B1P3/1P3Q1P/5PP1/R1B1K2R b KQkq - 0 19,d3c4
8,grupakino,EulerE,764,811,2kr1b1r/p1p2p1p/2qp2p1/4p3/2B1P3/1P3Q1P/5PP1/R1B1K2R w KQ - 1 20,e8c8
8,grupakino,EulerE,764,811,2kr1b1r/p1p2B1p/2qp2p1/4p3/4P3/1P3Q1P/5PP1/R1B1K2R b KQ - 0 20,c4f7
8,grupakino,EulerE,764,811,2kr1b1r/2p2B1p/p1qp2p1/4p3/4P3/1P3Q1P/5PP1/R1B1K2R w KQ - 0 21,a7a6
8,grupakino,EulerE,764,811,2kr1b1r/2p2B1p/p1qp2p1/4p3/4P3/1P3Q1P/5PP1/R1B2RK1 b - - 1 21,e1g1
8,grupakino,EulerE,764,811,2kr3r/2p2Bbp/p1qp2p1/4p3/4P3/1P3Q1P/5PP1/R1B2RK1 w - - 2 22,f8g7
8,grupakino,EulerE,764,811,2kr3r/2p3bp/p1qp2p1/3Bp3/4P3/1P3Q1P/5PP1/R1B2RK1 b - - 3 22,f7d5
8,grupakino,EulerE,764,811,2kr3r/2p3bp/p2p2p1/2qBp3/4P3/1P3Q1P/5PP1/R1B2RK1 w - - 4 23,c6c5
8,grupakino,EulerE,764,811,2kr3r/2p3bp/R2p2p1/2qBp3/4P3/1P3Q1P/5PP1/2B2RK1 b - - 0 23,a1a6
8,grupakino,EulerE,764,811,2kr3r/2p3bp/R2p2p1/1q1Bp3/4P3/1P3Q1P/5PP1/2B2RK1 w - - 1 24,c5b5
8,grupakino,EulerE,764,811,2kr3r/2p3bp/R2p2p1/1q2p3/2B1P3/1P3Q1P/5PP1/2B2RK1 b - - 2 24,d5c4
8,grupakino,EulerE,764,811,2kr3r/2p3bp/R2p2p1/4p3/1qB1P3/1P3Q1P/5PP1/2B2RK1 w - - 3 25,b5b4
8,grupakino,EulerE,764,811,2kr3r/2p3bp/R2p2p1/3Bp3/1q2P3/1P3Q1P/5PP1/2B2RK1 b - - 4 25,c4d5
8,grupakino,EulerE,764,811,2kr1r2/2p3bp/R2p2p1/3Bp3/1q2P3/1P3Q1P/5PP1/2B2RK1 w - - 5 26,h8f8
8,grupakino,EulerE,764,811,R1kr1r2/2p3bp/3p2p1/3Bp3/1q2P3/1P3Q1P/5PP1/2B2RK1 b - - 6 26,a6a8
8,grupakino,EulerE,764,811,R2r1r2/2pk2bp/3p2p1/3Bp3/1q2P3/1P3Q1P/5PP1/2B2RK1 w - - 7 27,c8d7
8,grupakino,EulerE,764,811,3R1r2/2pk2bp/3p2p1/3Bp3/1q2P3/1P3Q1P/5PP1/2B2RK1 b - - 0 27,a8d8
8,grupakino,EulerE,764,811,3k1r2/2p3bp/3p2p1/3Bp3/1q2P3/1P3Q1P/5PP1/2B2RK1 w - - 0 28,d7d8
8,grupakino,EulerE,764,811,3k1r2/2p3bp/3p2p1/3Bp1B1/1q2P3/1P3Q1P/5PP1/5RK1 b - - 1 28,c1g5
8,grupakino,EulerE,764,811,2k2r2/2p3bp/3p2p1/3Bp1B1/1q2P3/1P3Q1P/5PP1/5RK1 w - - 2 29,d8c8
8,grupakino,EulerE,764,811,2k2r2/2p3bp/3p2p1/3Bp1B1/1q2P1Q1/1P5P/5PP1/5RK1 b - - 3 29,f3g4
8,grupakino,EulerE,764,811,1k3r2/2p3bp/3p2p1/3Bp1B1/1q2P1Q1/1P5P/5PP1/5RK1 w - - 4 30,c8b8
8,grupakino,EulerE,764,811,1k3r2/2p1B1bp/3p2p1/3Bp3/1q2P1Q1/1P5P/5PP1/5RK1 b - - 5 30,g5e7
8,grupakino,EulerE,764,811,1k6/2p1B1bp/3p2p1/3Bp3/1q2PrQ1/1P5P/5PP1/5RK1 w - - 6 31,f8f4
8,grupakino,EulerE,764,811,1k6/2p1B1bp/3p2p1/3Bp3/1q2Pr2/1P5P/4QPP1/5RK1 b - - 7 31,g4e2
8,grupakino,EulerE,764,811,1k3b2/2p1B2p/3p2p1/3Bp3/1q2Pr2/1P5P/4QPP1/5RK1 w - - 8 32,g7f8
8,grupakino,EulerE,764,811,1k3B2/2p4p/3p2p1/3Bp3/1q2Pr2/1P5P/4QPP1/5RK1 b - - 0 32,e7f8
8,grupakino,EulerE,764,811,1k3r2/2p4p/3p2p1/3Bp3/1q2P3/1P5P/4QPP1/5RK1 w - - 0 33,f4f8
8,grupakino,EulerE,764,811,1k3r2/2p4p/3p2p1/4p3/1qB1P3/1P5P/4QPP1/5RK1 b - - 1 33,d5c4
8,grupakino,EulerE,764,811,1k3r2/2p5/3p2p1/4p2p/1qB1P3/1P5P/4QPP1/5RK1 w - - 0 34,h7h5
8,grupakino,EulerE,764,811,1k3r2/2p5/3p2p1/4p2p/1qB1P3/1P3P1P/4Q1P1/5RK1 b - - 0 34,f2f3
8,grupakino,EulerE,764,811,1k1r4/2p5/3p2p1/4p2p/1qB1P3/1P3P1P/4Q1P1/5RK1 w - - 1 35,f8d8
8,grupakino,EulerE,764,811,1k1r4/2p5/3p2p1/4p2p/1qB1PP2/1P5P/4Q1P1/5RK1 b - - 0 35,f3f4
8,grupakino,EulerE,764,811,1k1r4/8/2pp2p1/4p2p/1qB1PP2/1P5P/4Q1P1/5RK1 w - - 0 36,c7c6
8,grupakino,EulerE,764,811,1k1r4/8/2pp2p1/4P2p/1qB1P3/1P5P/4Q1P1/5RK1 b - - 0 36,f4e5
8,grupakino,EulerE,764,811,1k1r4/8/2p3p1/3pP2p/1qB1P3/1P5P/4Q1P1/5RK1 w - - 0 37,d6d5
8,grupakino,EulerE,764,811,1k1r4/8/2p3p1/3PP2p/1qB5/1P5P/4Q1P1/5RK1 b - - 0 37,e4d5
8,grupakino,EulerE,764,811,1k1r4/8/6p1/3pP2p/1qB5/1P5P/4Q1P1/5RK1 w - - 0 38,c6d5
8,grupakino,EulerE,764,811,1k1r4/8/4P1p1/3p3p/1qB5/1P5P/4Q1P1/5RK1 b - - 0 38,e5e6
8,grupakino,EulerE,764,811,1k1r4/8/4P1p1/7p/1qp5/1P5P/4Q1P1/5RK1 w - - 0 39,d5c4
8,grupakino,EulerE,764,811,1k1r4/4P3/6p1/7p/1qp5/1P5P/4Q1P1/5RK1 b - - 0 39,e6e7
8,grupakino,EulerE,764,811,1k2r3/4P3/6p1/7p/1qp5/1P5P/4Q1P1/5RK1 w - - 1 40,d8e8
8,grupakino,EulerE,764,811,1k2r3/4P3/6p1/7p/1qP5/7P/4Q1P1/5RK1 b - - 0 40,b3c4
8,grupakino,EulerE,764,811,1k6/4r3/6p1/7p/1qP5/7P/4Q1P1/5RK1 w - - 0 41,e8e7
8,grupakino,EulerE,764,811,1k3R2/4r3/6p1/7p/1qP5/7P/4Q1P1/6K1 b - - 1 41,f1f8
8,grupakino,EulerE,764,811,5R2/2k1r3/6p1/7p/1qP5/7P/4Q1P1/6K1 w - - 2 42,b8c7
8,grupakino,EulerE,764,811,5R2/2k1r3/6p1/7p/1qP5/5Q1P/6P1/6K1 b - - 3 42,e2f3
8,grupakino,EulerE,764,811,5R2/2k5/6p1/7p/1qP5/5Q1P/6P1/4r1K1 w - - 4 43,e7e1
8,grupakino,EulerE,764,811,5R2/2k5/6p1/7p/1qP5/5Q1P/6PK/4r3 b - - 5 43,g1h2
8,grupakino,EulerE,764,811,5R2/2k5/6p1/7p/2q5/5Q1P/6PK/4r3 w - - 0 44,b4c4
8,grupakino,EulerE,764,811,8/2k2R2/6p1/7p/2q5/5Q1P/6PK/4r3 b - - 1 44,f8f7
8,grupakino,EulerE,764,811,8/5R2/1k4p1/7p/2q5/5Q1P/6PK/4r3 w - - 2 45,c7b6
8,grupakino,EulerE,764,811,8/5R2/1k3Qp1/7p/2q5/7P/6PK/4r3 b - - 3 45,f3f6
8,grupakino,EulerE,764,811,8/5R2/5Qp1/2k4p/2q5/7P/6PK/4r3 w - - 4 46,b6c5
8,grupakino,EulerE,764,811,8/5R2/6p1/2k3Qp/2q5/7P/6PK/4r3 b - - 5 46,f6g5
8,grupakino,EulerE,764,811,8/5R2/6p1/2kq2Qp/8/7P/6PK/4r3 w - - 6 47,c4d5
8,grupakino,EulerE,764,811,8/5R2/6Q1/2kq3p/8/7P/6PK/4r3 b - - 0 47,g5g6
8,grupakino,EulerE,764,811,8/5R2/6Q1/2k4p/3q4/7P/6PK/4r3 w - - 1 48,d5d4
8,grupakino,EulerE,764,811,8/8/6Q1/2k2R1p/3q4/7P/6PK/4r3 b - - 2 48,f7f5
8,grupakino,EulerE,764,811,8/8/6Q1/5R1p/2kq4/7P/6PK/4r3 w - - 3 49,c5c4
8,grupakino,EulerE,764,811,8/8/2Q5/5R1p/2kq4/7P/6PK/4r3 b - - 4 49,g6c6
8,grupakino,EulerE,764,811,8/8/2Q5/5R1p/3q4/3k3P/6PK/4r3 w - - 5 50,c4d3
8,grupakino,EulerE,764,811,8/8/8/5R1p/3q4/3k1Q1P/6PK/4r3 b - - 6 50,c6f3
8,grupakino,EulerE,764,811,8/8/8/5R1p/8/3kqQ1P/6PK/4r3 w - - 7 51,d4e3
8,grupakino,EulerE,764,811,8/8/8/5R1Q/8/3kq2P/6PK/4r3 b - - 0 51,f3h5
8,grupakino,EulerE,764,811,8/8/8/5R1Q/8/3k3P/6PK/4r1q1 w - - 1 52,e3g1
8,grupakino,EulerE,764,811,8/8/8/5R1Q/8/3k2KP/6P1/4r1q1 b - - 2 52,h2g3
8,grupakino,EulerE,764,811,8/8/8/5R1Q/8/3kq1KP/6P1/4r3 w - - 3 53,g1e3
8,grupakino,EulerE,764,811,8/8/8/7Q/8/3kqRKP/6P1/4r3 b - - 4 53,f5f3
8,grupakino,EulerE,764,811,8/8/8/7Q/8/3k1qKP/6P1/4r3 w - - 0 54,e3f3
8,grupakino,EulerE,764,811,8/8/8/8/8/3k1QKP/6P1/4r3 b - - 0 54,h5f3
8,grupakino,EulerE,764,811,8/8/8/8/8/3krQKP/6P1/8 w - - 1 55,e1e3
8,grupakino,EulerE,764,811,8/8/8/8/8/3kQ1KP/6P1/8 b - - 0 55,f3e3
8,grupakino,EulerE,764,811,8/8/8/8/8/4k1KP/6P1/8 w - - 0 56,d3e3
8,grupakino,EulerE,764,811,8/8/8/8/8/4k2P/6PK/8 b - - 1 56,g3h2
8,grupakino,EulerE,764,811,8/8/8/8/5k2/7P/6PK/8 w - - 2 57,e3f4
8,grupakino,EulerE,764,811,8/8/8/8/5k1P/8/6PK/8 b - - 0 57,h3h4
8,grupakino,EulerE,764,811,8/8/8/8/6kP/8/6PK/8 w - - 1 58,f4g4
8,grupakino,EulerE,764,811,8/8/8/8/6kP/6P1/7K/8 b - - 0 58,g2g3
8,grupakino,EulerE,764,811,8/8/8/7k/7P/6P1/7K/8 w - - 1 59,g4h5
8,grupakino,EulerE,764,811,8/8/8/7k/7P/6PK/8/8 b - - 2 59,h2h3
8,grupakino,EulerE,764,811,8/8/7k/8/7P/6PK/8/8 w - - 3 60,h5h6
8,grupakino,EulerE,764,811,8/8/7k/8/6PP/7K/8/8 b - - 0 60,g3g4
8,grupakino,EulerE,764,811,8/8/6k1/8/6PP/7K/8/8 w - - 1 61,h6g6
8,grupakino,EulerE,764,811,8/8/6k1/6P1/7P/7K/8/8 b - - 0 61,g4g5
8,grupakino,EulerE,764,811,8/8/8/6Pk/7P/7K/8/8 w - - 1 62,g6h5
8,grupakino,EulerE,764,811,8/8/8/6Pk/7P/6K1/8/8 b - - 2 62,h3g3
8,grupakino,EulerE,764,811,8/8/6k1/6P1/7P/6K1/8/8 w - - 3 63,h5g6
8,grupakino,EulerE,764,811,8/8/6k1/6P1/6KP/8/8/8 b - - 4 63,g3g4
8,grupakino,EulerE,764,811,8/6k1/8/6P1/6KP/8/8/8 w - - 5 64,g6g7
8,grupakino,EulerE,764,811,8/6k1/8/5KP1/7P/8/8/8 b - - 6 64,g4f5
8,grupakino,EulerE,764,811,7k/8/8/5KP1/7P/8/8/8 w - - 7 65,g7h8
8,grupakino,EulerE,764,811,7k/8/8/5KPP/8/8/8/8 b - - 0 65,h4h5
8,grupakino,EulerE,764,811,8/6k1/8/5KPP/8/8/8/8 w - - 1 66,h8g7
8,grupakino,EulerE,764,811,8/6k1/7P/5KP1/8/8/8/8 b - - 0 66,h5h6
8,grupakino,EulerE,764,811,7k/8/7P/5KP1/8/8/8/8 w - - 1 67,g7h8
8,grupakino,EulerE,764,811,7k/8/6PP/5K2/8/8/8/8 b - - 0 67,g5g6
8,grupakino,EulerE,764,811,6k1/8/6PP/5K2/8/8/8/8 w - - 1 68,h8g8
8,grupakino,EulerE,764,811,6k1/8/5KPP/8/8/8/8/8 b - - 2 68,f5f6
8,grupakino,EulerE,764,811,7k/8/5KPP/8/8/8/8/8 w - - 3 69,g8h8
8,grupakino,EulerE,764,811,7k/7P/5KP1/8/8/8/8/8 b - - 0 69,h6h7
9,poonam-sharma2,EulerE,779,818,rnbqkbnr/pppppppp/8/8/8/5N2/PPPPPPPP/RNBQKB1R b KQkq - 1 1,g1f3
9,poonam-sharma2,EulerE,779,818,rnbqkbnr/ppp1pppp/8/3p4/8/5N2/PPPPPPPP/RNBQKB1R w KQkq - 0 2,d7d5
9,poonam-sharma2,EulerE,779,818,rnbqkbnr/ppp1pppp/8/3p4/6P1/5N2/PPPPPP1P/RNBQKB1R b KQkq - 0 2,g2g4
9,poonam-sharma2,EulerE,779,818,rnbqkbnr/ppp1pp1p/6p1/3p4/6P1/5N2/PPPPPP1P/RNBQKB1R w KQkq - 0 3,g7g6
9,poonam-sharma2,EulerE,779,818,rnbqkbnr/ppp1pp1p/6p1/3p4/6P1/5N2/PPPPPPBP/RNBQK2R b KQkq - 1 3,f1g2
9,poonam-sharma2,EulerE,779,818,rnbqk1nr/ppp1ppbp/6p1/3p4/6P1/5N2/PPPPPPBP/RNBQK2R w KQkq - 2 4,f8g7
9,poonam-sharma2,EulerE,779,818,rnbqk1nr/ppp1ppbp/6p1/3pN3/6P1/8/PPPPPPBP/RNBQK2R b KQkq - 3 4,f3e5
9,poonam-sharma2,EulerE,779,818,rnbqk1nr/ppp1pp1p/6p1/3pb3/6P1/8/PPPPPPBP/RNBQK2R w KQkq - 0 5,g7e5
9,poonam-sharma2,EulerE,779,818,rnbqk1nr/ppp1pp1p/6p1/3pb3/6P1/2N5/PPPPPPBP/R1BQK2R b KQkq - 1 5,b1c3
9,poonam-sharma2,EulerE,779,818,rnbqk1nr/ppp1ppbp/6p1/3p4/6P1/2N5/PPPPPPBP/R1BQK2R w KQkq - 2 6,e5g7
9,poonam-sharma2,EulerE,779,818,rnbqk1nr/ppp1ppbp/6p1/3p4/6P1/2N5/PPPPPPBP/1RBQK2R b Kkq - 3 6,a1b1
9,poonam-sharma2,EulerE,779,818,rnbqk1nr/pp2ppbp/2p3p1/3p4/6P1/2N5/PPPPPPBP/1RBQK2R w Kkq - 0 7,c7c6
9,poonam-sharma2,EulerE,779,818,rnbqk1nr/pp2ppbp/2p3p1/3p4/N5P1/8/PPPPPPBP/1RBQK2R b Kkq - 1 7,c3a4
9,poonam-sharma2,EulerE,779,818,rnbqk1nr/p3ppbp/1pp3p1/3p4/N5P1/8/PPPPPPBP/1RBQK2R w Kkq - 0 8,b7b6
9,poonam-sharma2,EulerE,779,818,rnbqk1nr/p3ppbp/1pp3p1/3p4/N5P1/7P/PPPPPPB1/1RBQK2R b Kkq - 0 8,h2h3
9,poonam-sharma2,EulerE,779,818,rnbqk1nr/p4pbp/1pp3p1/3pp3/N5P1/7P/PPPPPPB1/1RBQK2R w Kkq - 0 9,e7e5
9,poonam-sharma2,EulerE,779,818,rnbqk1nr/p4pbp/1pp3p1/3pp3/NP4P1/7P/P1PPPPB1/1RBQK2R b Kkq - 0 9,b2b4
9,poonam-sharma2,EulerE,779,818,rn1qk1nr/p4pbp/bpp3p1/3pp3/NP4P1/7P/P1PPPPB1/1RBQK2R w Kkq - 1 10,c8a6
9,poonam-sharma2,EulerE,779,818,rn1qk1nr/p4pbp/bpp3p1/3pp3/NP4P1/3P3P/P1P1PPB1/1RBQK2R b Kkq - 0 10,d2d3
9,poonam-sharma2,EulerE,779,818,r2qk1nr/p2n1pbp/bpp3p1/3pp3/NP4P1/3P3P/P1P1PPB1/1RBQK2R w Kkq - 1 11,b8d7
9,poonam-sharma2,EulerE,779,818,r2qk1nr/p2n1pbp/bpp3p1/3pp3/NP4P1/3PB2P/P1P1PPB1/1R1QK2R b Kkq - 2 11,c1e3
9,poonam-sharma2,EulerE,779,818,r2qk2r/p2n1pbp/bpp2np1/3pp3/NP4P1/3PB2P/P1P1PPB1/1R1QK2R w Kkq - 3 12,g8f6
9,poonam-sharma2,EulerE,779,818,r2qk2r/p2n1pbp/bpp2np1/3pp1P1/NP6/3PB2P/P1P1PPB1/1R1QK2R b Kkq - 0 12,g4g5
9,poonam-sharma2,EulerE,779,818,r2qk2r/p2n1pbp/bpp3p1/3pp1Pn/NP6/3PB2P/P1P1PPB1/1R1QK2R w Kkq - 1 13,f6h5
9,poonam-sharma2,EulerE,779,818,r2qk2r/p2n1pbp/bpp3p1/3pp1Pn/NP1P4/4B2P/P1P1PPB1/1R1QK2R b Kkq - 0 13,d3d4
9,poonam-sharma2,EulerE,779,818,r2qk2r/p2n1pbp/bpp3p1/3pp1P1/NP1P1n2/4B2P/P1P1PPB1/1R1QK2R w Kkq - 1 14,h5f4
9,poonam-sharma2,EulerE,779,818,r2qk2r/p2n1pbp/bpp3p1/3pP1P1/NP3n2/4B2P/P1P1PPB1/1R1QK2R b Kkq - 0 14,d4e5
9,poonam-sharma2,EulerE,779,818,r2qk2r/p2n1pbp/bpp3p1/3pP1P1/NP6/4B2P/P1P1PPn1/1R1QK2R w Kkq - 0 15,f4g2
9,poonam-sharma2,EulerE,779,818,r2qk2r/p2n1pbp/bpp3p1/3pP1P1/NP6/4B2P/P1P1PPn1/1R1Q1K1R b kq - 1 15,e1f1
9,poonam-sharma2,EulerE,779,818,r2qk2r/p2n1pbp/bpp3p1/3pP1P1/NP6/4n2P/P1P1PP2/1R1Q1K1R w kq - 0 16,g2e3
9,poonam-sharma2,EulerE,779,818,r2qk2r/p2n1pbp/bpp3p1/3pP1P1/NP6/4P2P/P1P1P3/1R1Q1K1R b kq - 0 16,f2e3
9,poonam-sharma2,EulerE,779,818,r2qk2r/p2n1p1p/bpp3p1/3pb1P1/NP6/4P2P/P1P1P3/1R1Q1K1R w kq - 0 17,g7e5
9,poonam-sharma2,EulerE,779,818,r2qk2r/p2n1p1p/bpp3p1/3pb1P1/NP6/4P2P/P1P1P3/1R1Q1KR1 b kq - 1 17,h1g1
9,poonam-sharma2,EulerE,779,818,r2qk2r/p2n1p1p/bp4p1/2ppb1P1/NP6/4P2P/P1P1P3/1R1Q1KR1 w kq - 0 18,c6c5
9,poonam-sharma2,EulerE,779,818,r2qk2r/p2n1p1p/bp4p1/2Ppb1P1/N7/4P2P/P1P1P3/1R1Q1KR1 b kq - 0 18,b4c5
9,poonam-sharma2,EulerE,779,818,r2qk2r/p4p1p/bp4p1/2npb1P1/N7/4P2P/P1P1P3/1R1Q1KR1 w kq - 0 19,d7c5
9,poonam-sharma2,EulerE,779,818,r2qk2r/p4p1p/bp4p1/2npb1P1/NR6/4P2P/P1P1P3/3Q1KR1 b kq - 1 19,b1b4
9,poonam-sharma2,EulerE,779,818,r2qk2r/p4p1p/bp4p1/2np2P1/NR6/2b1P2P/P1P1P3/3Q1KR1 w kq - 2 20,e5c3
9,poonam-sharma2,EulerE,779,818,r2qk2r/p4p1p/bp4p1/2np2P1/1R6/2N1P2P/P1P1P3/3Q1KR1 b kq - 0 20,a4c3
9,poonam-sharma2,EulerE,779,818,2rqk2r/p4p1p/bp4p1/2np2P1/1R6/2N1P2P/P1P1P3/3Q1KR1 w k - 1 21,a8c8
9,poonam-sharma2,EulerE,779,818,2rqk2r/p4p1p/bp4p1/2nQ2P1/1R6/2N1P2P/P1P1P3/5KR1 b k - 0 21,d1d5
9,poonam-sharma2,EulerE,779,818,2r1k2r/p4p1p/bp4p1/2nq2P1/1R6/2N1P2P/P1P1P3/5KR1 w k - 0 22,d8d5
9,poonam-sharma2,EulerE,779,818,2r1k2r/p4p1p/bp4p1/2nN2P1/1R6/4P2P/P1P1P3/5KR1 b k - 0 22,c3d5
9,poonam-sharma2,EulerE,779,818,2r2rk1/p4p1p/bp4p1/2nN2P1/1R6/4P2P/P1P1P3/5KR1 w - - 1 23,e8g8
9,poonam-sharma2,EulerE,779,818,2r2rk1/p4p1p/bp3Np1/2n3P1/1R6/4P2P/P1P1P3/5KR1 b - - 2 23,d5f6
9,poonam-sharma2,EulerE,779,818,2r2r2/p4pkp/bp3Np1/2n3P1/1R6/4P2P/P1P1P3/5KR1 w - - 3 24,g8g7
9,poonam-sharma2,EulerE,779,818,2r2r2/p4pkp/bp3Np1/2n3P1/5R2/4P2P/P1P1P3/5KR1 b - - 4 24,b4f4
9,poonam-sharma2,EulerE,779,818,2r2r2/p4pkp/bp2nNp1/6P1/5R2/4P2P/P1P1P3/5KR1 w - - 5 25,c5e6
9,poonam-sharma2,EulerE,779,818,2r2r2/p4pkp/bp2nNp1/6P1/6R1/4P2P/P1P1P3/5KR1 b - - 6 25,f4g4
9,poonam-sharma2,EulerE,779,818,5r2/p4pkp/bp2nNp1/6P1/6R1/4P2P/P1r1P3/5KR1 w - - 0 26,c8c2
9,poonam-sharma2,EulerE,779,818,5r2/p4pkp/bp2nNp1/6P1/7R/4P2P/P1r1P3/5KR1 b - - 1 26,g4h4
9,poonam-sharma2,EulerE,779,818,7r/p4pkp/bp2nNp1/6P1/7R/4P2P/P1r1P3/5KR1 w - - 2 27,f8h8
9,poonam-sharma2,EulerE,779,818,7r/p4pkp/bp2n1p1/6PN/7R/4P2P/P1r1P3/5KR1 b - - 3 27,f6h5
9,poonam-sharma2,EulerE,779,818,7r/p4pkp/bp2n3/6Pp/7R/4P2P/P1r1P3/5KR1 w - - 0 28,g6h5
9,poonam-sharma2,EulerE,779,818,7r/p4pkp/bp2n3/6PR/8/4P2P/P1r1P3/5KR1 b - - 0 28,h4h5
9,poonam-sharma2,EulerE,779,818,7r/p4pkp/bp2n3/6PR/8/4P2P/P3r3/5KR1 w - - 0 29,c2e2
9,poonam-sharma2,EulerE,779,818,7r/p4pkp/bp2n1P1/7R/8/4P2P/P3r3/5KR1 b - - 0 29,g5g6
9,poonam-sharma2,EulerE,779,818,7r/p4pk1/bp2n1p1/7R/8/4P2P/P3r3/5KR1 w - - 0 30,h7g6
9,poonam-sharma2,EulerE,779,818,7r/p4pk1/bp2n1p1/6R1/8/4P2P/P3r3/5KR1 b - - 1 30,h5g5
9,poonam-sharma2,EulerE,779,818,8/p4pk1/bp2n1p1/6R1/8/4P2r/P3r3/5KR1 w - - 0 31,h8h3
9,poonam-sharma2,EulerE,779,818,8/p4pk1/bp2n1p1/3R4/8/4P2r/P3r3/5KR1 b - - 1 31,g5d5
9,poonam-sharma2,EulerE,779,818,8/p4pk1/bp2n1p1/3R4/8/4P2r/P2r4/5KR1 w - - 2 32,e2d2
9,poonam-sharma2,EulerE,779,818,8/p4pk1/bp2n1p1/3R4/8/4P2r/P2r4/4K1R1 b - - 3 32,f1e1
9,poonam-sharma2,EulerE,779,818,8/p4pk1/1p2n1p1/3R4/8/4P2r/P2r4/4KbR1 w - - 4 33,a6f1
9,poonam-sharma2,EulerE,779,818,8/p4pk1/1p2n1p1/8/8/4P2r/P2R4/4KbR1 b - - 0 33,d5d2
9,poonam-sharma2,EulerE,779,818,8/p4pk1/1p2n1p1/8/2b5/4P2r/P2R4/4K1R1 w - - 1 34,f1c4
9,poonam-sharma2,EulerE,779,818,8/p4pk1/1p2n1p1/8/2b5/4P2r/P1R5/4K1R1 b - - 2 34,d2c2
9,poonam-sharma2,EulerE,779,818,8/p4pk1/1p2n1p1/8/2b5/4r3/P1R5/4K1R1 w - - 0 35,h3e3
9,poonam-sharma2,EulerE,779,818,8/p4pk1/1p2n1p1/8/2b5/4r3/P1R2K2/6R1 b - - 1 35,e1f2
9,poonam-sharma2,EulerE,779,818,8/p4pk1/1p2n1p1/8/2b1r3/8/P1R2K2/6R1 w - - 2 36,e3e4
9,poonam-sharma2,EulerE,779,818,8/p4pk1/1p2n1p1/8/2b1r3/5K2/P1R5/6R1 b - - 3 36,f2f3
9,poonam-sharma2,EulerE,779,818,8/p5k1/1p2n1p1/5p2/2b1r3/5K2/P1R5/6R1 w - - 0 37,f7f5
9,poonam-sharma2,EulerE,779,818,8/p5k1/1p2n1p1/5p2/2b1r3/5K2/P5R1/6R1 b - - 1 37,c2g2
9,poonam-sharma2,EulerE,779,818,5n2/p5k1/1p4p1/5p2/2b1r3/5K2/P5R1/6R1 w - - 2 38,e6f8
9,poonam-sharma2,EulerE,779,818,5n2/p5k1/1p4p1/5pR1/2b1r3/5K2/P7/6R1 b - - 3 38,g2g5
9,poonam-sharma2,EulerE,779,818,5n2/p5k1/1p4p1/3b1pR1/4r3/5K2/P7/6R1 w - - 4 39,c4d5
9,poonam-sharma2,EulerE,779,818,5n2/p5k1/1p4p1/3b1pR1/4r3/5K2/P7/3R4 b - - 5 39,g1d1
9,poonam-sharma2,EulerE,779,818,5n2/p5k1/1p4p1/3b1pR1/8/5K2/P7/3Rr3 w - - 6 40,e4e1
9,poonam-sharma2,EulerE,779,818,5n2/p5k1/1p4p1/3b1pR1/8/8/P4K2/3Rr3 b - - 7 40,f3f2
9,poonam-sharma2,EulerE,779,818,5n2/p5k1/1p4p1/3b1pR1/8/8/P4K2/3r4 w - - 0 41,e1d1
9,poonam-sharma2,EulerE,779,818,5n2/p5k1/1p4p1/3b1pR1/8/8/P3K3/3r4 b - - 1 41,f2e2
9,poonam-sharma2,EulerE,779,818,5n2/p5k1/1p4p1/3b1pR1/8/8/P3K3/r7 w - - 2 42,d1a1
9,poonam-sharma2,EulerE,779,818,5n2/p5k1/1p4p1/3b1pR1/8/3K4/P7/r7 b - - 3 42,e2d3
9,poonam-sharma2,EulerE,779,818,5n2/p5k1/1p4p1/3b1pR1/8/3K4/r7/8 w - - 0 43,a1a2
9,poonam-sharma2,EulerE,779,818,5n2/p5k1/1p4p1/3b1pR1/3K4/8/r7/8 b - - 1 43,d3d4
9,poonam-sharma2,EulerE,779,818,8/p5k1/1p2n1p1/3b1pR1/3K4/8/r7/8 w - - 2 44,f8e6
9,poonam-sharma2,EulerE,779,818,8/p5k1/1p2n1p1/3K1pR1/8/8/r7/8 b - - 0 44,d4d5
9,poonam-sharma2,EulerE,779,818,8/p5k1/1p4p1/3K1pn1/8/8/r7/8 w - - 0 45,e6g5
9,poonam-sharma2,EulerE,779,818,8/p5k1/1p4p1/4Kpn1/8/8/r7/8 b - - 1 45,d5e5
9,poonam-sharma2,EulerE,779,818,8/p5k1/1p4p1/4Kp2/8/7n/r7/8 w - - 2 46,g5h3
9,poonam-sharma2,EulerE,779,818,8/p5k1/1p2K1p1/5p2/8/7n/r7/8 b - - 3 46,e5e6
9,poonam-sharma2,EulerE,779,818,8/p5k1/4K1p1/1p3p2/8/7n/r7/8 w - - 0 47,b6b5
9,poonam-sharma2,EulerE,779,818,8/p5k1/3K2p1/1p3p2/8/7n/r7/8 b - - 1 47,e6d6
9,poonam-sharma2,EulerE,779,818,8/p5k1/3K2p1/5p2/1p6/7n/r7/8 w - - 0 48,b5b4
9,poonam-sharma2,EulerE,779,818,8/p5k1/6p1/2K2p2/1p6/7n/r7/8 b - - 1 48,d6c5
9,poonam-sharma2,EulerE,779,818,8/p5k1/6p1/2K2p2/8/1p5n/r7/8 w - - 0 49,b4b3
9,poonam-sharma2,EulerE,779,818,8/p5k1/6p1/5p2/2K5/1p5n/r7/8 b - - 1 49,c5c4
9,poonam-sharma2,EulerE,779,818,8/p5k1/6p1/5p2/2K5/7n/rp6/8 w - - 0 50,b3b2
9,poonam-sharma2,EulerE,779,818,8/p5k1/6p1/5p2/8/1K5n/rp6/8 b - - 1 50,c4b3
9,poonam-sharma2,EulerE,779,818,8/p5k1/6p1/5p2/8/1K5n/r7/1q6 w - - 0 51,b2b1q
9,poonam-sharma2,EulerE,779,818,8/p5k1/6p1/5p2/8/2K4n/r7/1q6 b - - 1 51,b3c3
9,poonam-sharma2,EulerE,779,818,8/p5k1/6p1/5p2/8/2K4n/2r5/1q6 w - - 2 52,a2c2
9,poonam-sharma2,EulerE,779,818,8/p5k1/6p1/5p2/8/3K3n/2r5/1q6 b - - 3 52,c3d3
9,poonam-sharma2,EulerE,779,818,8/p5k1/6p1/5p2/8/3K3n/2r5/3q4 w - - 4 53,b1d1
9,poonam-sharma2,EulerE,779,818,8/p5k1/6p1/5p2/8/4K2n/2r5/3q4 b - - 5 53,d3e3
9,poonam-sharma2,EulerE,779,818,8/p5k1/6p1/5p2/8/4K2n/4r3/3q4 w - - 6 54,c2e2
9,poonam-sharma2,EulerE,779,818,8/p5k1/6p1/5p2/8/5K1n/4r3/3q4 b - - 7 54,e3f3
9,poonam-sharma2,EulerE,779,818,8/p5k1/6p1/5p2/8/5K1n/4r3/5q2 w - - 8 55,d1f1
9,poonam-sharma2,EulerE,779,818,8/p5k1/6p1/5p2/8/6Kn/4r3/5q2 b - - 9 55,f3g3
9,poonam-sharma2,EulerE,779,818,8/p5k1/6p1/5p2/8/6Kn/6r1/5q2 w - - 10 56,e2g2
9,poonam-sharma2,EulerE,779,818,8/p5k1/6p1/5p2/8/7K/6r1/5q2 b - - 0 56,g3h3
9,poonam-sharma2,EulerE,779,818,8/p5k1/6p1/5p2/8/7K/6r1/7q w - - 1 57,f1h1
10,EulerE,edt2,826,807,rnbqkbnr/pppppppp/8/8/3P4/8/PPP1PPPP/RNBQKBNR b KQkq - 0 1,d2d4
10,EulerE,edt2,826,807,rnbqkbnr/ppp1pppp/8/3p4/3P4/8/PPP1PPPP/RNBQKBNR w KQkq - 0 2,d7d5
10,EulerE,edt2,826,807,rnbqkbnr/ppp1pppp/8/3p4/2PP4/8/PP2PPPP/RNBQKBNR b KQkq - 0 2,c2c4
10,EulerE,edt2,826,807,rnbqkbnr/ppp1pppp/8/8/2pP4/8/PP2PPPP/RNBQKBNR w KQkq - 0 3,d5c4
10,EulerE,edt2,826,807,rnbqkbnr/ppp1pppp/8/8/2pP4/4P3/PP3PPP/RNBQKBNR b KQkq - 0 3,e2e3
10,EulerE,edt2,826,807,r1bqkbnr/ppp1pppp/2n5/8/2pP4/4P3/PP3PPP/RNBQKBNR w KQkq - 1 4,b8c6
10,EulerE,edt2,826,807,r1bqkbnr/ppp1pppp/2n5/8/2BP4/4P3/PP3PPP/RNBQK1NR b KQkq - 0 4,f1c4
10,EulerE,edt2,826,807,r1bqkbnr/ppp2ppp/2n1p3/8/2BP4/4P3/PP3PPP/RNBQK1NR w KQkq - 0 5,e7e6
10,EulerE,edt2,826,807,r1bqkbnr/ppp2ppp/2n1p3/8/2BP4/2N1P3/PP3PPP/R1BQK1NR b KQkq - 1 5,b1c3
10,EulerE,edt2,826,807,r1bqk1nr/ppp2ppp/2n1p3/8/1bBP4/2N1P3/PP3PPP/R1BQK1NR w KQkq - 2 6,f8b4
10,EulerE,edt2,826,807,r1bqk1nr/ppp2ppp/2n1p3/8/1bBP4/2N1P3/PP1B1PPP/R2QK1NR b KQkq - 3 6,c1d2
10,EulerE,edt2,826,807,r1bqk1nr/ppp2ppp/2n1p3/8/2BP4/2b1P3/PP1B1PPP/R2QK1NR w KQkq - 0 7,b4c3
10,EulerE,edt2,826,807,r1bqk1nr/ppp2ppp/2n1p3/8/2BP4/2B1P3/PP3PPP/R2QK1NR b KQkq - 0 7,d2c3
10,EulerE,edt2,826,807,r1bqk2r/ppp2ppp/2n1pn2/8/2BP4/2B1P3/PP3PPP/R2QK1NR w KQkq - 1 8,g8f6
10,EulerE,edt2,826,807,r1bqk2r/ppp2ppp/2n1pn2/8/2BP4/2B1PP2/PP4PP/R2QK1NR b KQkq - 0 8,f2f3
10,EulerE,edt2,826,807,r1bqk2r/ppp2ppp/4pn2/n7/2BP4/2B1PP2/PP4PP/R2QK1NR w KQkq - 1 9,c6a5
10,EulerE,edt2,826,807,r1bqk2r/ppp2ppp/4pn2/B7/2BP4/4PP2/PP4PP/R2QK1NR b KQkq - 0 9,c3a5
10,EulerE,edt2,826,807,r1bq1rk1/ppp2ppp/4pn2/B7/2BP4/4PP2/PP4PP/R2QK1NR w KQ - 1 10,e8g8
10,EulerE,edt2,826,807,r1bq1rk1/ppp2ppp/4pn2/B7/2BP2P1/4PP2/PP5P/R2QK1NR b KQ - 0 10,g2g4
10,EulerE,edt2,826,807,r1bq1rk1/1pp2ppp/p3pn2/B7/2BP2P1/4PP2/PP5P/R2QK1NR w KQ - 0 11,a7a6
10,EulerE,edt2,826,807,r1bq1rk1/1pp2ppp/p3pn2/B7/2BP2P1/4PP2/PPQ4P/R3K1NR b KQ - 1 11,d1c2
10,EulerE,edt2,826,807,r1bq1rk1/1pp2pp1/p3pn1p/B7/2BP2P1/4PP2/PPQ4P/R3K1NR w KQ - 0 12,h7h6
10,EulerE,edt2,826,807,r1bq1rk1/1pp2pp1/p3pn1p/B7/2BP2P1/4PP2/PPQ4P/2KR2NR b - - 1 12,e1c1
10,EulerE,edt2,826,807,r1bq1rk1/1ppn1pp1/p3p2p/B7/2BP2P1/4PP2/PPQ4P/2KR2NR w - - 2 13,f6d7
10,EulerE,edt2,826,807,r1bq1rk1/1ppn1pp1/p3p2p/B7/2BP2P1/4PP2/PPQ1N2P/2KR3R b - - 3 13,g1e2
10,EulerE,edt2,826,807,r1bqr1k1/1ppn1pp1/p3p2p/B7/2BP2P1/4PP2/PPQ1N2P/2KR3R w - - 4 14,f8e8
10,EulerE,edt2,826,807,r1bqr1k1/1ppn1pp1/p3p2p/B7/2BP2P1/4PP2/PPQ1N2P/2KR2R1 b - - 5 14,h1g1
10,EulerE,edt2,826,807,r1bqrnk1/1pp2pp1/p3p2p/B7/2BP2P1/4PP2/PPQ1N2P/2KR2R1 w - - 6 15,d7f8
10,EulerE,edt2,826,807,r1bqrnk1/1pp2pp1/p3p2p/B7/2BP2P1/2N1PP2/PPQ4P/2KR2R1 b - - 7 15,e2c3
10,EulerE,edt2,826,807,r1bqr1k1/1pp2pp1/p3p1np/B7/2BP2P1/2N1PP2/PPQ4P/2KR2R1 w - - 8 16,f8g6
10,EulerE,edt2,826,807,r1bqr1k1/1pp2pp1/p3p1np/B2P4/2B3P1/2N1PP2/PPQ4P/2KR2R1 b - - 0 16,d4d5
10,EulerE,edt2,826,807,r1bqr1k1/1pp2pp1/p3p2p/B2P4/2B3Pn/2N1PP2/PPQ4P/2KR2R1 w - - 1 17,g6h4
10,EulerE,edt2,826,807,r1bqr1k1/1pp2pp1/p3P2p/B7/2B3Pn/2N1PP2/PPQ4P/2KR2R1 b - - 0 17,d5e6
10,EulerE,edt2,826,807,r2qr1k1/1pp2pp1/p3b2p/B7/2B3Pn/2N1PP2/PPQ4P/2KR2R1 w - - 0 18,c8e6
10,EulerE,edt2,826,807,r2Rr1k1/1pp2pp1/p3b2p/B7/2B3Pn/2N1PP2/PPQ4P/2K3R1 b - - 0 18,d1d8
10,EulerE,edt2,826,807,3rr1k1/1pp2pp1/p3b2p/B7/2B3Pn/2N1PP2/PPQ4P/2K3R1 w - - 0 19,a8d8
10,EulerE,edt2,826,807,3rr1k1/1pp2pp1/p3B2p/B7/6Pn/2N1PP2/PPQ4P/2K3R1 b - - 0 19,c4e6
10,EulerE,edt2,826,807,3r2k1/1pp2pp1/p3r2p/B7/6Pn/2N1PP2/PPQ4P/2K3R1 w - - 0 20,e8e6
10,EulerE,edt2,826,807,3r2k1/1pp2pp1/p3r2p/B7/6Pn/2N1PP2/PPQ4P/2K2R2 b - - 1 20,g1f1
10,EulerE,edt2,826,807,3r2k1/1pp2pp1/p6p/B7/6Pn/2N1rP2/PPQ4P/2K2R2 w - - 0 21,e6e3
10,EulerE,edt2,826,807,3r2k1/1pB2pp1/p6p/8/6Pn/2N1rP2/PPQ4P/2K2R2 b - - 0 21,a5c7
10,EulerE,edt2,826,807,6k1/1pBr1pp1/p6p/8/6Pn/2N1rP2/PPQ4P/2K2R2 w - - 1 22,d8d7
10,EulerE,edt2,826,807,6k1/1p1r1pp1/pB5p/8/6Pn/2N1rP2/PPQ4P/2K2R2 b - - 2 22,c7b6
10,EulerE,edt2,826,807,6k1/1p1r1pp1/pB5p/8/6Pn/2N2r2/PPQ4P/2K2R2 w - - 0 23,e3f3
10,EulerE,edt2,826,807,6k1/1p1r1pp1/pB5p/8/6Pn/2N2R2/PPQ4P/2K5 b - - 0 23,f1f3
10,EulerE,edt2,826,807,6k1/1p1r1pp1/pB5p/8/6P1/2N2n2/PPQ4P/2K5 w - - 0 24,h4f3
10,EulerE,edt2,826,807,6k1/1p1r1pp1/pB5p/5Q2/6P1/2N2n2/PP5P/2K5 b - - 1 24,c2f5
10,EulerE,edt2,826,807,6k1/1p3pp1/pB1r3p/5Q2/6P1/2N2n2/PP5P/2K5 w - - 2 25,d7d6
10,EulerE,edt2,826,807,6k1/1p3pp1/pB1r3p/8/6P1/2N2Q2/PP5P/2K5 b - - 0 25,f5f3
10,EulerE,edt2,826,807,6k1/1p3pp1/pr5p/8/6P1/2N2Q2/PP5P/2K5 w - - 0 26,d6b6
10,EulerE,edt2,826,807,6k1/1p3pp1/pr5p/3N4/6P1/5Q2/PP5P/2K5 b - - 1 26,c3d5
10,EulerE,edt2,826,807,6k1/1p3pp1/p2r3p/3N4/6P1/5Q2/PP5P/2K5 w - - 2 27,b6d6
10,EulerE,edt2,826,807,6k1/1p2Npp1/p2r3p/8/6P1/5Q2/PP5P/2K5 b - - 3 27,d5e7
10,EulerE,edt2,826,807,5k2/1p2Npp1/p2r3p/8/6P1/5Q2/PP5P/2K5 w - - 4 28,g8f8
10,EulerE,edt2,826,807,5k2/1p3pp1/p2r3p/5N2/6P1/5Q2/PP5P/2K5 b - - 5 28,e7f5
10,EulerE,edt2,826,807,5k2/1p3pp1/p4r1p/5N2/6P1/5Q2/PP5P/2K5 w - - 6 29,d6f6
10,EulerE,edt2,826,807,5k2/1Q3pp1/p4r1p/5N2/6P1/8/PP5P/2K5 b - - 0 29,f3b7
10,EulerE,edt2,826,807,4k3/1Q3pp1/p4r1p/5N2/6P1/8/PP5P/2K5 w - - 1 30,f8e8
10,EulerE,edt2,826,807,4k3/1Q3pp1/p4r1p/5N2/1P4P1/8/P6P/2K5 b - - 0 30,b2b4
10,EulerE,edt2,826,807,4k3/1Q3pp1/p4r2/5N1p/1P4P1/8/P6P/2K5 w - - 0 31,h6h5
10,EulerE,edt2,826,807,4k3/1Q3pp1/p4r2/5N1p/1P4P1/7P/P7/2K5 b - - 0 31,h2h3
10,EulerE,edt2,826,807,4k3/1Q3pp1/p4r2/5N2/1P4p1/7P/P7/2K5 w - - 0 32,h5g4
10,EulerE,edt2,826,807,4k3/1Q3pp1/p4r2/5N2/1P4P1/8/P7/2K5 b - - 0 32,h3g4
10,EulerE,edt2,826,807,4k3/1Q3p2/p4rp1/5N2/1P4P1/8/P7/2K5 w - - 0 33,g7g6
10,EulerE,edt2,826,807,4k3/1Q3pN1/p4rp1/8/1P4P1/8/P7/2K5 b - - 1 33,f5g7
10,EulerE,edt2,826,807,5k2/1Q3pN1/p4rp1/8/1P4P1/8/P7/2K5 w - - 2 34,e8f8
10,EulerE,edt2,826,807,5k2/1Q3p2/p4rp1/7N/1P4P1/8/P7/2K5 b - - 3 34,g7h5
10,EulerE,edt2,826,807,5k2/1Q3p2/p5p1/7N/1P4P1/8/P7/2K2r2 w - - 4 35,f6f1
10,EulerE,edt2,826,807,5k2/1Q3p2/p5p1/7N/1P4P1/8/P2K4/5r2 b - - 5 35,c1d2
10,EulerE,edt2,826,807,5k2/1Q3p2/p5p1/7N/1P4P1/8/P2K1r2/8 w - - 6 36,f1f2
10,EulerE,edt2,826,807,5k2/1Q3p2/p5p1/7N/1P4P1/8/P4r2/4K3 b - - 7 36,d2e1
10,EulerE,edt2,826,807,5k2/1Q3p2/p5p1/7N/1P4P1/8/P6r/4K3 w - - 8 37,f2h2
10,EulerE,edt2,826,807,1Q3k2/5p2/p5p1/7N/1P4P1/8/P6r/4K3 b - - 9 37,b7b8
10,EulerE,edt2,826,807,1Q6/4kp2/p5p1/7N/1P4P1/8/P6r/4K3 w - - 10 38,f8e7
10,EulerE,edt2,826,807,8/4kp2/p5p1/7N/1P4P1/8/P6Q/4K3 b - - 0 38,b8h2
10,EulerE,edt2,826,807,8/4kp2/p7/7p/1P4P1/8/P6Q/4K3 w - - 0 39,g6h5
10,EulerE,edt2,826,807,8/4kp2/p7/7P/1P6/8/P6Q/4K3 b - - 0 39,g4h5
10,EulerE,edt2,826,807,5k2/5p2/p7/7P/1P6/8/P6Q/4K3 w - - 1 40,e7f8
10,EulerE,edt2,826,807,5k2/5p2/p6P/8/1P6/8/P6Q/4K3 b - - 0 40,h5h6
10,EulerE,edt2,826,807,6k1/5p2/p6P/8/1P6/8/P6Q/4K3 w - - 1 41,f8g8
10,EulerE,edt2,826,807,6k1/5p1P/p7/8/1P6/8/P6Q/4K3 b - - 0 41,h6h7
10,EulerE,edt2,826,807,7k/5p1P/p7/8/1P6/8/P6Q/4K3 w - - 1 42,g8h8
10,EulerE,edt2,826,807,7k/5p1P/p7/8/PP6/8/7Q/4K3 b - - 0 42,a2a4
11,Rubinhiten,EulerE,774,833,rnbqkbnr/pppppppp/8/8/4P3/8/PPPP1PPP/RNBQKBNR b KQkq - 0 1,e2e4
11,Rubinhiten,EulerE,774,833,rnbqkbnr/pppp1ppp/8/4p3/4P3/8/PPPP1PPP/RNBQKBNR w KQkq - 0 2,e7e5
11,Rubinhiten,EulerE,774,833,rnbqkbnr/pppp1ppp/8/4p3/3PP3/8/PPP2PPP/RNBQKBNR b KQkq - 0 2,d2d4
11,Rubinhiten,EulerE,774,833,rnbqkbnr/ppp2ppp/3p4/4p3/3PP3/8/PPP2PPP/RNBQKBNR w KQkq - 0 3,d7d6
11,Rubinhiten,EulerE,774,833,rnbqkbnr/ppp2ppp/3p4/4p3/3PP3/5N2/PPP2PPP/RNBQKB1R b KQkq - 1 3,g1f3
11,Rubinhiten,EulerE,774,833,r1bqkbnr/ppp2ppp/2np4/4p3/3PP3/5N2/PPP2PPP/RNBQKB1R w KQkq - 2 4,b8c6
11,Rubinhiten,EulerE,774,833,r1bqkbnr/ppp2ppp/2np4/4p1B1/3PP3/5N2/PPP2PPP/RN1QKB1R b KQkq - 3 4,c1g5
11,Rubinhiten,EulerE,774,833,r1bqkbnr/ppp3pp/2np1p2/4p1B1/3PP3/5N2/PPP2PPP/RN1QKB1R w KQkq - 0 5,f7f6
11,Rubinhiten,EulerE,774,833,r1bqkbnr/ppp3pp/2np1p2/4p3/3PP2B/5N2/PPP2PPP/RN1QKB1R b KQkq - 1 5,g5h4
11,Rubinhiten,EulerE,774,833,r1bqkbnr/ppp4p/2np1p2/4p1p1/3PP2B/5N2/PPP2PPP/RN1QKB1R w KQkq - 0 6,g7g5
11,Rubinhiten,EulerE,774,833,r1bqkbnr/ppp4p/2np1p2/4p1p1/3PP3/5NB1/PPP2PPP/RN1QKB1R b KQkq - 1 6,h4g3
11,Rubinhiten,EulerE,774,833,r1bqkbnr/p1p4p/1pnp1p2/4p1p1/3PP3/5NB1/PPP2PPP/RN1QKB1R w KQkq - 0 7,b7b6
11,Rubinhiten,EulerE,774,833,r1bqkbnr/p1p4p/1pnp1p2/4p1p1/3PP2P/5NB1/PPP2PP1/RN1QKB1R b KQkq - 0 7,h2h4
11,Rubinhiten,EulerE,774,833,r2qkbnr/pbp4p/1pnp1p2/4p1p1/3PP2P/5NB1/PPP2PP1/RN1QKB1R w KQkq - 1 8,c8b7
11,Rubinhiten,EulerE,774,833,r2qkbnr/pbp4p/1pnp1p2/4p1p1/3PP2P/2P2NB1/PP3PP1/RN1QKB1R b KQkq - 0 8,c2c3
11,Rubinhiten,EulerE,774,833,r2qk1nr/pbp4p/1pnp1p1b/4p1p1/3PP2P/2P2NB1/PP3PP1/RN1QKB1R w KQkq - 1 9,f8h6
11,Rubinhiten,EulerE,774,833,r2qk1nr/pbp4p/1pnp1p1b/4p1p1/3PP2P/2P2NB1/PP1N1PP1/R2QKB1R b KQkq - 2 9,b1d2
11,Rubinhiten,EulerE,774,833,r2qk1nr/pbp4p/1pnp1p1b/4p3/3PP2p/2P2NB1/PP1N1PP1/R2QKB1R w KQkq - 0 10,g5h4
11,Rubinhiten,EulerE,774,833,r2qk1nr/pbp4p/1pnp1p1b/4p3/3PP2B/2P2N2/PP1N1PP1/R2QKB1R b KQkq - 0 10,g3h4
11,Rubinhiten,EulerE,774,833,r2qk2r/pbp1n2p/1pnp1p1b/4p3/3PP2B/2P2N2/PP1N1PP1/R2QKB1R w KQkq - 1 11,g8e7
11,Rubinhiten,EulerE,774,833,r2qk2r/pbp1n2p/1pnp1p1b/4p3/3PP1PB/2P2N2/PP1N1P2/R2QKB1R b KQkq - 0 11,g2g4
11,Rubinhiten,EulerE,774,833,r2q1rk1/pbp1n2p/1pnp1p1b/4p3/3PP1PB/2P2N2/PP1N1P2/R2QKB1R w KQ - 1 12,e8g8
11,Rubinhiten,EulerE,774,833,r2q1rk1/pbp1n2p/1pnp1p1b/4p1P1/3PP2B/2P2N2/PP1N1P2/R2QKB1R b KQ - 0 12,g4g5
11,Rubinhiten,EulerE,774,833,r2q1rk1/pbp1n2p/1pnp3b/4p1p1/3PP2B/2P2N2/PP1N1P2/R2QKB1R w KQ - 0 13,f6g5
11,Rubinhiten,EulerE,774,833,r2q1rk1/pbp1n2p/1pnp3b/4p1B1/3PP3/2P2N2/PP1N1P2/R2QKB1R b KQ - 0 13,h4g5
11,Rubinhiten,EulerE,774,833,r2q1rk1/pbp1n2p/1pnp4/4p1b1/3PP3/2P2N2/PP1N1P2/R2QKB1R w KQ - 0 14,h6g5
11,Rubinhiten,EulerE,774,833,r2q1rk1/pbp1n2p/1pnp4/4p1N1/3PP3/2P5/PP1N1P2/R2QKB1R b KQ - 0 14,f3g5
11,Rubinhiten,EulerE,774,833,r2q1rk1/pbp1n2p/1p1p4/n3p1N1/3PP3/2P5/PP1N1P2/R2QKB1R w KQ - 1 15,c6a5
11,Rubinhiten,EulerE,774,833,r2q1rk1/pbp1n2N/1p1p4/n3p3/3PP3/2P5/PP1N1P2/R2QKB1R b KQ - 0 15,g5h7
11,Rubinhiten,EulerE,774,833,r2q2k1/pbp1nr1N/1p1p4/n3p3/3PP3/2P5/PP1N1P2/R2QKB1R w KQ - 1 16,f8f7
11,Rubinhiten,EulerE,774,833,r2q2k1/pbp1nr1N/1p1p4/nB2p3/3PP3/2P5/PP1N1P2/R2QK2R b KQ - 2 16,f1b5
11,Rubinhiten,EulerE,774,833,r2q2k1/pbp1n2r/1p1p4/nB2p3/3PP3/2P5/PP1N1P2/R2QK2R w KQ - 0 17,f7h7
11,Rubinhiten,EulerE,774,833,r2q2k1/pbp1n2R/1p1p4/nB2p3/3PP3/2P5/PP1N1P2/R2QK3 b Q - 0 17,h1h7
11,Rubinhiten,EulerE,774,833,r2q4/pbp1n2k/1p1p4/nB2p3/3PP3/2P5/PP1N1P2/R2QK3 w Q - 0 18,g8h7
11,Rubinhiten,EulerE,774,833,r2q4/pbp1n2k/1p1p4/nB2p2Q/3PP3/2P5/PP1N1P2/R3K3 b Q - 1 18,d1h5
11,Rubinhiten,EulerE,774,833,r2q2k1/pbp1n3/1p1p4/nB2p2Q/3PP3/2P5/PP1N1P2/R3K3 w Q - 2 19,h7g8
11,Rubinhiten,EulerE,774,833,r2q2k1/pbp1n3/1p1p4/nB2P2Q/4P3/2P5/PP1N1P2/R3K3 b Q - 0 19,d4e5
11,Rubinhiten,EulerE,774,833,r2q2k1/pbp1n3/1p6/nB2p2Q/4P3/2P5/PP1N1P2/R3K3 w Q - 0 20,d6e5
11,Rubinhiten,EulerE,774,833,r2q2k1/pbp1n3/1p6/nB2p2Q/4P3/2P2N2/PP3P2/R3K3 b Q - 1 20,d2f3
11,Rubinhiten,EulerE,774,833,r3q1k1/pbp1n3/1p6/nB2p2Q/4P3/2P2N2/PP3P2/R3K3 w Q - 2 21,d8e8
11,Rubinhiten,EulerE,774,833,r3q1k1/pbp1n3/1p6/nB2N2Q/4P3/2P5/PP3P2/R3K3 b Q - 0 21,f3e5
11,Rubinhiten,EulerE,774,833,r5k1/pbp1n3/1p6/nB2N2q/4P3/2P5/PP3P2/R3K3 w Q - 0 22,e8h5
11,Rubinhiten,EulerE,774,833,r5k1/pbp1n3/1p6/nB2N2q/4P3/2P5/PP3P2/3RK3 b - - 1 22,a1d1
11,Rubinhiten,EulerE,774,833,r5k1/pbp1n3/1p6/nB2q3/4P3/2P5/PP3P2/3RK3 w - - 0 23,h5e5
11,Rubinhiten,EulerE,774,833,r5k1/pbp1n3/1p6/nB2q3/4P3/2P2P2/PP6/3RK3 b - - 0 23,f2f3
11,Rubinhiten,EulerE,774,833,r5k1/pbp1n3/1p6/nq6/4P3/2P2P2/PP6/3RK3 w - - 0 24,e5b5
11,Rubinhiten,EulerE,774,833,r5k1/pbp1n3/1p6/nq6/2P1P3/5P2/PP6/3RK3 b - - 0 24,c3c4
11,Rubinhiten,EulerE,774,833,r5k1/pbp1n3/1p6/n7/2q1P3/5P2/PP6/3RK3 w - - 0 25,b5c4
12,lindastearns,EulerE,780,840,rnbqkbnr/pppppppp/8/8/4P3/8/PPPP1PPP/RNBQKBNR b KQkq - 0 1,e2e4
12,lindastearns,EulerE,780,840,rnbqkbnr/pppp1ppp/8/4p3/4P3/8/PPPP1PPP/RNBQKBNR w KQkq - 0 2,e7e5
12,lindastearns,EulerE,780,840,rnbqkbnr/pppp1ppp/8/4p3/4P3/5Q2/PPPP1PPP/RNB1KBNR b KQkq - 1 2,d1f3
12,lindastearns,EulerE,780,840,r1bqkbnr/pppp1ppp/2n5/4p3/4P3/5Q2/PPPP1PPP/RNB1KBNR w KQkq - 2 3,b8c6
12,lindastearns,EulerE,780,840,r1bqkbnr/pppp1ppp/2n5/4p3/4P3/3B1Q2/PPPP1PPP/RNB1K1NR b KQkq - 3 3,f1d3
12,lindastearns,EulerE,780,840,r1bqkbnr/p1pp1ppp/1pn5/4p3/4P3/3B1Q2/PPPP1PPP/RNB1K1NR w KQkq - 0 4,b7b6
12,lindastearns,EulerE,780,840,r1bqkbnr/p1pp1ppp/1pn5/4p3/4P3/N2B1Q2/PPPP1PPP/R1B1K1NR b KQkq - 1 4,b1a3
12,lindastearns,EulerE,780,840,r1bqkbnr/p1pp1ppp/1p6/4p3/3nP3/N2B1Q2/PPPP1PPP/R1B1K1NR w KQkq - 2 5,c6d4
12,lindastearns,EulerE,780,840,r1bqkbnr/p1pp1ppp/1p6/4p3/3nP3/N2B2Q1/PPPP1PPP/R1B1K1NR b KQkq - 3 5,f3g3
12,lindastearns,EulerE,780,840,r2qkbnr/pbpp1ppp/1p6/4p3/3nP3/N2B2Q1/PPPP1PPP/R1B1K1NR w KQkq - 4 6,c8b7
12,lindastearns,EulerE,780,840,r2qkbnr/pbpp1ppp/1p6/4p3/3nP3/N1PB2Q1/PP1P1PPP/R1B1K1NR b KQkq - 0 6,c2c3
12,lindastearns,EulerE,780,840,r2qkbnr/pbpp1ppp/1pn5/4p3/4P3/N1PB2Q1/PP1P1PPP/R1B1K1NR w KQkq - 1 7,d4c6
12,lindastearns,EulerE,780,840,r2qkbnr/pbpp1ppp/1pn5/4p3/2B1P3/N1P3Q1/PP1P1PPP/R1B1K1NR b KQkq - 2 7,d3c4
12,lindastearns,EulerE,780,840,r2qkb1r/pbpp1ppp/1pn2n2/4p3/2B1P3/N1P3Q1/PP1P1PPP/R1B1K1NR w KQkq - 3 8,g8f6
12,lindastearns,EulerE,780,840,r2qkb1r/pbpp1ppp/1pn2n2/4p3/2B1P3/N1P3QN/PP1P1PPP/R1B1K2R b KQkq - 4 8,g1h3
12,lindastearns,EulerE,780,840,r2qk2r/pbpp1ppp/1pn2n2/4p3/2B1P3/b1P3QN/PP1P1PPP/R1B1K2R w KQkq - 0 9,f8a3
12,lindastearns,EulerE,780,840,r2qk2r/pbpp1ppp/1pn2n2/4p3/2B1P3/P1P3QN/P2P1PPP/R1B1K2R b KQkq - 0 9,b2a3
12,lindastearns,EulerE,780,840,r2qk2r/pbpp1ppp/1pn5/4p3/2B1n3/P1P3QN/P2P1PPP/R1B1K2R w KQkq - 0 10,f6e4
12,lindastearns,EulerE,780,840,r2qk2r/pbpp1ppp/1pn5/4p3/2B1n3/P1P1Q2N/P2P1PPP/R1B1K2R b KQkq - 1 10,g3e3
12,lindastearns,EulerE,780,840,r2qk2r/pbpp1ppp/1pnn4/4p3/2B5/P1P1Q2N/P2P1PPP/R1B1K2R w KQkq - 2 11,e4d6
12,lindastearns,EulerE,780,840,r2qk2r/pbpp1ppp/1pnn4/4p3/2B5/P1P1Q2N/P2P1PPP/R1B2RK1 b kq - 3 11,e1g1
12,lindastearns,EulerE,780,840,r2q1rk1/pbpp1ppp/1pnn4/4p3/2B5/P1P1Q2N/P2P1PPP/R1B2RK1 w - - 4 12,e8g8
12,lindastearns,EulerE,780,840,r2q1rk1/pbpp1ppp/1pnn4/4p3/2B5/P1P1Q2N/PB1P1PPP/R4RK1 b - - 5 12,c1b2
12,lindastearns,EulerE,780,840,r2q1rk1/pbpp1ppp/1pn5/4p3/2n5/P1P1Q2N/PB1P1PPP/R4RK1 w - - 0 13,d6c4
12,lindastearns,EulerE,780,840,r2q1rk1/pbpp1ppp/1pn5/4p3/2n5/P1P3QN/PB1P1PPP/R4RK1 b - - 1 13,e3g3
12,lindastearns,EulerE,780,840,r2q1rk1/pbpp1ppp/1pn5/4p3/8/P1P3QN/Pn1P1PPP/R4RK1 w - - 0 14,c4b2
12,lindastearns,EulerE,780,840,r2q1rk1/pbpp1ppp/1pn5/4p3/8/P1P3QN/Pn1P1PPP/4RRK1 b - - 1 14,a1e1
12,lindastearns,EulerE,780,840,r2qr1k1/pbpp1ppp/1pn5/4p3/8/P1P3QN/Pn1P1PPP/4RRK1 w - - 2 15,f8e8
12,lindastearns,EulerE,780,840,r2qr1k1/pbpp1ppp/1pn5/4p3/8/P1P1R1QN/Pn1P1PPP/5RK1 b - - 3 15,e1e3
12,lindastearns,EulerE,780,840,r2qr1k1/pbpp1ppp/1p6/n3p3/8/P1P1R1QN/Pn1P1PPP/5RK1 w - - 4 16,c6a5
12,lindastearns,EulerE,780,840,r2qr1k1/pbpp1ppp/1p6/n3p3/6Q1/P1P1R2N/Pn1P1PPP/5RK1 b - - 5 16,g3g4
12,lindastearns,EulerE,780,840,r2qr1k1/pbpp1ppp/1p6/n7/4p1Q1/P1P1R2N/Pn1P1PPP/5RK1 w - - 0 17,e5e4
12,lindastearns,EulerE,780,840,r2qr1k1/pbpp1ppp/1p6/n7/4p1Q1/P1P3RN/Pn1P1PPP/5RK1 b - - 1 17,e3g3
12,lindastearns,EulerE,780,840,r3r1k1/pbpp1ppp/1p3q2/n7/4p1Q1/P1P3RN/Pn1P1PPP/5RK1 w - - 2 18,d8f6
12,lindastearns,EulerE,780,840,r3r1k1/pbpQ1ppp/1p3q2/n7/4p3/P1P3RN/Pn1P1PPP/5RK1 b - - 0 18,g4d7
12,lindastearns,EulerE,780,840,r3r1k1/pbpQ1ppp/1p3q2/8/2n1p3/P1P3RN/Pn1P1PPP/5RK1 w - - 1 19,a5c4
12,lindastearns,EulerE,780,840,r3r1k1/pbQ2ppp/1p3q2/8/2n1p3/P1P3RN/Pn1P1PPP/5RK1 b - - 0 19,d7c7
12,lindastearns,EulerE,780,840,r3r1k1/pbQ2ppp/1p3q2/8/4p3/P1P3RN/Pn1n1PPP/5RK1 w - - 0 20,c4d2
12,lindastearns,EulerE,780,840,r3r1k1/pbQ2ppp/1p3q2/8/4p3/P1P3RN/Pn1n1PPP/4R1K1 b - - 1 20,f1e1
12,lindastearns,EulerE,780,840,r3r1k1/pbQ2ppp/1p3q2/8/4p3/P1Pn2RN/P2n1PPP/4R1K1 w - - 2 21,b2d3
12,lindastearns,EulerE,780,840,r3r1k1/pbQ2ppp/1p3q2/8/4p3/P1PnR1RN/P2n1PPP/6K1 b - - 3 21,e1e3
12,lindastearns,EulerE,780,840,1r2r1k1/pbQ2ppp/1p3q2/8/4p3/P1PnR1RN/P2n1PPP/6K1 w - - 4 22,a8b8
12,lindastearns,EulerE,780,840,1r2r1k1/pbQ2ppp/1p3q2/6N1/4p3/P1PnR1R1/P2n1PPP/6K1 b - - 5 22,h3g5
12,lindastearns,EulerE,780,840,1r2r1k1/pbQ2ppp/1p6/6N1/4p3/P1PnR1R1/P2n1qPP/6K1 w - - 0 23,f6f2
12,lindastearns,EulerE,780,840,1r2r1k1/pbQ2ppp/1p6/6N1/4p3/P1PnR1R1/P2n1qPP/7K b - - 1 23,g1h1
12,lindastearns,EulerE,780,840,1r2r1k1/pbQ2ppp/1p6/6N1/4p3/P1PnR1R1/P2n2PP/5q1K w - - 2 24,f2f1
13,EulerE,ozwunderkind,849,862,rnbqkbnr/pppppppp/8/8/3P4/8/PPP1PPPP/RNBQKBNR b KQkq - 0 1,d2d4
13,EulerE,ozwunderkind,849,862,rnbqkbnr/ppp1pppp/8/3p4/3P4/8/PPP1PPPP/RNBQKBNR w KQkq - 0 2,d7d5
13,EulerE,ozwunderkind,849,862,rnbqkbnr/ppp1pppp/8/3p4/2PP4/8/PP2PPPP/RNBQKBNR b KQkq - 0 2,c2c4
13,EulerE,ozwunderkind,849,862,rnbqkbnr/ppp2ppp/4p3/3p4/2PP4/8/PP2PPPP/RNBQKBNR w KQkq - 0 3,e7e6
13,EulerE,ozwunderkind,849,862,rnbqkbnr/ppp2ppp/4p3/3p4/2PP4/2N5/PP2PPPP/R1BQKBNR b KQkq - 1 3,b1c3
13,EulerE,ozwunderkind,849,862,rnbqk1nr/ppp2ppp/4p3/3p4/1bPP4/2N5/PP2PPPP/R1BQKBNR w KQkq - 2 4,f8b4
13,EulerE,ozwunderkind,849,862,rnbqk1nr/ppp2ppp/4p3/3p4/1bPP4/2N5/PP1BPPPP/R2QKBNR b KQkq - 3 4,c1d2
13,EulerE,ozwunderkind,849,862,rnbqk1nr/ppp2ppp/4p3/3p4/2PP4/2b5/PP1BPPPP/R2QKBNR w KQkq - 0 5,b4c3
13,EulerE,ozwunderkind,849,862,rnbqk1nr/ppp2ppp/4p3/3p4/2PP4/2B5/PP2PPPP/R2QKBNR b KQkq - 0 5,d2c3
13,EulerE,ozwunderkind,849,862,r1bqk1nr/ppp2ppp/2n1p3/3p4/2PP4/2B5/PP2PPPP/R2QKBNR w KQkq - 1 6,b8c6
13,EulerE,ozwunderkind,849,862,r1bqk1nr/ppp2ppp/2n1p3/3p4/2PP4/2B1P3/PP3PPP/R2QKBNR b KQkq - 0 6,e2e3
13,EulerE,ozwunderkind,849,862,r1bqk2r/ppp2ppp/2n1pn2/3p4/2PP4/2B1P3/PP3PPP/R2QKBNR w KQkq - 1 7,g8f6
13,EulerE,ozwunderkind,849,862,r1bqk2r/ppp2ppp/2n1pn2/3p4/1PPP4/2B1P3/P4PPP/R2QKBNR b KQkq - 0 7,b2b4
13,EulerE,ozwunderkind,849,862,r1bqk2r/1pp2ppp/p1n1pn2/3p4/1PPP4/2B1P3/P4PPP/R2QKBNR w KQkq - 0 8,a7a6
13,EulerE,ozwunderkind,849,862,r1bqk2r/1pp2ppp/p1n1pn2/1P1p4/2PP4/2B1P3/P4PPP/R2QKBNR b KQkq - 0 8,b4b5
13,EulerE,ozwunderkind,849,862,r1bqk2r/1pp2ppp/2n1pn2/1p1p4/2PP4/2B1P3/P4PPP/R2QKBNR w KQkq - 0 9,a6b5
13,EulerE,ozwunderkind,849,862,r1bqk2r/1pp2ppp/2n1pn2/1P1p4/3P4/2B1P3/P4PPP/R2QKBNR b KQkq - 0 9,c4b5
13,EulerE,ozwunderkind,849,862,2bqk2r/1pp2ppp/2n1pn2/1P1p4/3P4/r1B1P3/P4PPP/R2QKBNR w KQk - 1 10,a8a3
13,EulerE,ozwunderkind,849,862,2bqk2r/1pp2ppp/2P1pn2/3p4/3P4/r1B1P3/P4PPP/R2QKBNR b KQk - 0 10,b5c6
13,EulerE,ozwunderkind,849,862,2bqk2r/1pp2ppp/2P1pn2/3p4/3P4/2r1P3/P4PPP/R2QKBNR w KQk - 0 11,a3c3
13,EulerE,ozwunderkind,849,862,2bqk2r/1pp2ppp/2P1pn2/3p4/3P4/2r1PN2/P4PPP/R2QKB1R b KQk - 1 11,g1f3
13,EulerE,ozwunderkind,849,862,2bqk2r/2p2ppp/2p1pn2/3p4/3P4/2r1PN2/P4PPP/R2QKB1R w KQk - 0 12,b7c6
13,EulerE,ozwunderkind,849,862,2bqk2r/2p2ppp/2p1pn2/3p4/3P4/2r1PN2/P2Q1PPP/R3KB1R b KQk - 1 12,d1d2
13,EulerE,ozwunderkind,849,862,2bqk2r/2p2ppp/2p1pn2/3p4/3P4/r3PN2/P2Q1PPP/R3KB1R w KQk - 2 13,c3a3
13,EulerE,ozwunderkind,849,862,2bqk2r/2p2ppp/2p1pn2/3p4/3P4/r3PN2/P2Q1PPP/2KR1B1R b k - 3 13,e1c1
13,EulerE,ozwunderkind,849,862,2bqk2r/2p2ppp/2p1p3/3p4/3Pn3/r3PN2/P2Q1PPP/2KR1B1R w k - 4 14,f6e4
13,EulerE,ozwunderkind,849,862,2bqk2r/2p2ppp/2p1p3/3p4/3Pn3/r3PN2/PQ3PPP/2KR1B1R b k - 5 14,d2b2
13,EulerE,ozwunderkind,849,862,2bqk2r/2p2ppp/2p1p3/3p4/3Pn3/4PN2/rQ3PPP/2KR1B1R w k - 0 15,a3a2
13,EulerE,ozwunderkind,849,862,2bqk2r/2p2ppp/2p1p3/3p4/3Pn3/4PN2/Q4PPP/2KR1B1R b k - 0 15,b2a2
13,EulerE,ozwunderkind,849,862,2bqk2r/2p2ppp/2p1p3/3p4/3P4/4PN2/Q4nPP/2KR1B1R w k - 0 16,e4f2
13,EulerE,ozwunderkind,849,862,2bqk2r/2p2ppp/2p1p3/3p4/3P4/4PN2/5QPP/2KR1B1R b k - 0 16,a2f2
13,EulerE,ozwunderkind,849,862,2bq1rk1/2p2ppp/2p1p3/3p4/3P4/4PN2/5QPP/2KR1B1R w - - 1 17,e8g8
13,EulerE,ozwunderkind,849,862,2bq1rk1/2p2ppp/2p1p3/3p4/3P4/4PN2/Q5PP/2KR1B1R b - - 2 17,f2a2
13,EulerE,ozwunderkind,849,862,3q1rk1/2pb1ppp/2p1p3/3p4/3P4/4PN2/Q5PP/2KR1B1R w - - 3 18,c8d7
13,EulerE,ozwunderkind,849,862,3q1rk1/2pb1ppp/2p1p3/3p4/3P4/4PN2/Q2K2PP/3R1B1R b - - 4 18,c1d2
13,EulerE,ozwunderkind,849,862,3qr1k1/2pb1ppp/2p1p3/3p4/3P4/4PN2/Q2K2PP/3R1B1R w - - 5 19,f8e8
13,EulerE,ozwunderkind,849,862,3qr1k1/2pb1ppp/2p1p3/3p4/3P4/3BPN2/Q2K2PP/3R3R b - - 6 19,f1d3
13,EulerE,ozwunderkind,849,862,3qr1k1/2pb1ppp/2p5/3pp3/3P4/3BPN2/Q2K2PP/3R3R w - - 0 20,e6e5
13,EulerE,ozwunderkind,849,862,3qr1k1/2pb1ppp/2p5/3pP3/8/3BPN2/Q2K2PP/3R3R b - - 0 20,d4e5
13,EulerE,ozwunderkind,849,862,3qr1k1/2p2ppp/2p5/3pP3/6b1/3BPN2/Q2K2PP/3R3R w - - 1 21,d7g4
13,EulerE,ozwunderkind,849,862,3qr1k1/2p2ppp/2p5/3pP3/6b1/3BPN2/1Q1K2PP/3R3R b - - 2 21,a2b2
13,EulerE,ozwunderkind,849,862,3qr1k1/2p2ppp/2p5/3pP3/8/3BPb2/1Q1K2PP/3R3R w - - 0 22,g4f3
13,EulerE,ozwunderkind,849,862,3qr1k1/2p2ppp/2p5/3pP3/8/3BPP2/1Q1K3P/3R3R b - - 0 22,g2f3
13,EulerE,ozwunderkind,849,862,4r1k1/2p2ppp/2p5/3pP3/7q/3BPP2/1Q1K3P/3R3R w - - 1 23,d8h4
13,EulerE,ozwunderkind,849,862,4r1k1/2p2ppp/2p5/3pP3/7q/3BPP2/1Q1K3P/2R4R b - - 2 23,d1c1
13,EulerE,ozwunderkind,849,862,4r1k1/2p2ppp/2p5/3pP3/8/3BPP2/1Q1K1q1P/2R4R w - - 3 24,h4f2
13,EulerE,ozwunderkind,849,862,4r1k1/2p2ppp/2p5/3pP3/8/2KBPP2/1Q3q1P/2R4R b - - 4 24,d2c3
13,EulerE,ozwunderkind,849,862,4r1k1/2p2ppp/2p5/3pP3/8/2KBqP2/1Q5P/2R4R w - - 0 25,f2e3
13,EulerE,ozwunderkind,849,862,4r1k1/2p2ppp/2p5/3pP3/8/2KBqP2/1Q5P/1R5R b - - 1 25,c1b1
13,EulerE,ozwunderkind,849,862,4r1k1/2p2ppp/2p5/3pP3/8/2KB1q2/1Q5P/1R5R w - - 0 26,e3f3
13,EulerE,ozwunderkind,849,862,1Q2r1k1/2p2ppp/2p5/3pP3/8/2KB1q2/7P/1R5R b - - 1 26,b2b8
13,EulerE,ozwunderkind,849,862,1Q2rk2/2p2ppp/2p5/3pP3/8/2KB1q2/7P/1R5R w - - 2 27,g8f8
13,EulerE,ozwunderkind,849,862,4rk2/2Q2ppp/2p5/3pP3/8/2KB1q2/7P/1R5R b - - 0 27,b8c7
13,EulerE,ozwunderkind,849,862,4rk2/2Q2p1p/2p3p1/3pP3/8/2KB1q2/7P/1R5R w - - 0 28,g7g6
13,EulerE,ozwunderkind,849,862,4rk2/2Q2p1p/2p3p1/3pP3/8/2KB1q2/7P/1R3R2 b - - 1 28,h1f1
13,EulerE,ozwunderkind,849,862,4rk2/2Q2p1p/2p3p1/3pP3/8/2KB4/6qP/1R3R2 w - - 2 29,f3g2
13,EulerE,ozwunderkind,849,862,4rk2/2Q2R1p/2p3p1/3pP3/8/2KB4/6qP/1R6 b - - 0 29,f1f7
13,EulerE,ozwunderkind,849,862,4r1k1/2Q2R1p/2p3p1/3pP3/8/2KB4/6qP/1R6 w - - 1 30,f8g8
13,EulerE,ozwunderkind,849,862,4r1k1/2Q2R1p/2p3p1/3pP3/8/2KB4/6qP/5R2 b - - 2 30,b1f1
13,EulerE,ozwunderkind,849,862,4r1k1/2Q2R1p/2p3p1/4P3/3p4/2KB4/6qP/5R2 w - - 0 31,d5d4
13,EulerE,ozwunderkind,849,862,4r1k1/2Q2R1p/2p3p1/4P3/3K4/3B4/6qP/5R2 b - - 0 31,c3d4
13,EulerE,ozwunderkind,849,862,4r1k1/2Q2R1p/2p3p1/4P3/3K2q1/3B4/7P/5R2 w - - 1 32,g2g4
13,EulerE,ozwunderkind,849,862,4r1k1/2Q2R1p/2p3p1/4P3/6q1/2KB4/7P/5R2 b - - 2 32,d4c3
13,EulerE,ozwunderkind,849,862,4r1k1/2Q2R1p/2p1q1p1/4P3/8/2KB4/7P/5R2 w - - 3 33,g4e6
13,EulerE,ozwunderkind,849,862,4r1k1/5R1p/2pQq1p1/4P3/8/2KB4/7P/5R2 b - - 4 33,c7d6
13,EulerE,ozwunderkind,849,862,4r1k1/5R1p/2pq2p1/4P3/8/2KB4/7P/5R2 w - - 0 34,e6d6
13,EulerE,ozwunderkind,849,862,4r1k1/5R1p/2pP2p1/8/8/2KB4/7P/5R2 b - - 0 34,e5d6
13,EulerE,ozwunderkind,849,862,3r2k1/5R1p/2pP2p1/8/8/2KB4/7P/5R2 w - - 1 35,e8d8
13,EulerE,ozwunderkind,849,862,3r2k1/5R1p/2pP2p1/8/2B5/2K5/7P/5R2 b - - 2 35,d3c4
13,EulerE,ozwunderkind,849,862,5rk1/5R1p/2pP2p1/8/2B5/2K5/7P/5R2 w - - 3 36,d8f8
13,EulerE,ozwunderkind,849,862,5rk1/3P1R1p/2p3p1/8/2B5/2K5/7P/5R2 b - - 0 36,d6d7
14,EulerE,W4RRIOR685,842,897,rnbqkbnr/pppppppp/8/8/3P4/8/PPP1PPPP/RNBQKBNR b KQkq - 0 1,d2d4
14,EulerE,W4RRIOR685,842,897,r1bqkbnr/pppppppp/2n5/8/3P4/8/PPP1PPPP/RNBQKBNR w KQkq - 1 2,b8c6
14,EulerE,W4RRIOR685,842,897,r1bqkbnr/pppppppp/2n5/3P4/8/8/PPP1PPPP/RNBQKBNR b KQkq - 0 2,d4d5
14,EulerE,W4RRIOR685,842,897,r1bqkbnr/pppppppp/8/3Pn3/8/8/PPP1PPPP/RNBQKBNR w KQkq - 1 3,c6e5
14,EulerE,W4RRIOR685,842,897,r1bqkbnr/pppppppp/8/3Pn3/4P3/8/PPP2PPP/RNBQKBNR b KQkq - 0 3,e2e4
14,EulerE,W4RRIOR685,842,897,r1bqkbnr/pp1ppppp/8/2pPn3/4P3/8/PPP2PPP/RNBQKBNR w KQkq c6 0 4,c7c5
14,EulerE,W4RRIOR685,842,897,r1bqkbnr/pp1ppppp/2P5/4n3/4P3/8/PPP2PPP/RNBQKBNR b KQkq - 0 4,d5c6
14,EulerE,W4RRIOR685,842,897,r1bqkbnr/p2ppppp/2p5/4n3/4P3/8/PPP2PPP/RNBQKBNR w KQkq - 0 5,b7c6
14,EulerE,W4RRIOR685,842,897,r1bqkbnr/p2ppppp/2p5/4n3/4P3/1P6/P1P2PPP/RNBQKBNR b KQkq - 0 5,b2b3
14,EulerE,W4RRIOR685,842,897,r1bqkbnr/p3pppp/2p5/3pn3/4P3/1P6/P1P2PPP/RNBQKBNR w KQkq - 0 6,d7d5
14,EulerE,W4RRIOR685,842,897,r1bqkbnr/p3pppp/2p5/3pn3/4P3/1P3P2/P1P3PP/RNBQKBNR b KQkq - 0 6,f2f3
14,EulerE,W4RRIOR685,842,897,r1bqkbnr/p3pp1p/2p3p1/3pn3/4P3/1P3P2/P1P3PP/RNBQKBNR w KQkq - 0 7,g7g6
14,EulerE,W4RRIOR685,842,897,r1bqkbnr/p3pp1p/2p3p1/3Pn3/8/1P3P2/P1P3PP/RNBQKBNR b KQkq - 0 7,e4d5
14,EulerE,W4RRIOR685,842,897,r1bqkbnr/p3pp1p/6p1/3pn3/8/1P3P2/P1P3PP/RNBQKBNR w KQkq - 0 8,c6d5
14,EulerE,W4RRIOR685,842,897,r1bqkbnr/p3pp1p/6p1/3pn3/8/1P3P2/PBP3PP/RN1QKBNR b KQkq - 1 8,c1b2
14,EulerE,W4RRIOR685,842,897,r1bqk1nr/p3ppbp/6p1/3pn3/8/1P3P2/PBP3PP/RN1QKBNR w KQkq - 2 9,f8g7
14,EulerE,W4RRIOR685,842,897,r1bqk1nr/p3ppbp/6p1/3pn3/5P2/1P6/PBP3PP/RN1QKBNR b KQkq - 0 9,f3f4
14,EulerE,W4RRIOR685,842,897,r1bqk1nr/p3ppbp/6p1/3p4/5P2/1P1n4/PBP3PP/RN1QKBNR w KQkq - 1 10,e5d3
14,EulerE,W4RRIOR685,842,897,r1bqk1nr/p3ppbp/6p1/3p4/5P2/1P1B4/PBP3PP/RN1QK1NR b KQkq - 0 10,f1d3
14,EulerE,W4RRIOR685,842,897,r1bqk1nr/p3pp1p/6p1/3p4/5P2/1P1B4/PbP3PP/RN1QK1NR w KQkq - 0 11,g7b2
14,EulerE,W4RRIOR685,842,897,r1bqk1nr/p3pp1p/6p1/3p4/5P2/1PNB4/PbP3PP/R2QK1NR b KQkq - 1 11,b1c3
14,EulerE,W4RRIOR685,842,897,r1bqk1nr/p3pp1p/6p1/3p4/5P2/1PbB4/P1P3PP/R2QK1NR w KQkq - 0 12,b2c3
14,EulerE,W4RRIOR685,842,897,r1bqk1nr/p3pp1p/6p1/3p4/5P2/1PbB4/P1P3PP/R2Q1KNR b kq - 1 12,e1f1
14,EulerE,W4RRIOR685,842,897,r1bqk1nr/p3pp1p/6p1/3p4/5P2/1P1B4/P1P3PP/b2Q1KNR w kq - 0 13,c3a1
15,EulerE,seif13579,835,897,rnbqkbnr/pppppppp/8/8/3P4/8/PPP1PPPP/RNBQKBNR b KQkq - 0 1,d2d4
15,EulerE,seif13579,835,897,rnbqkbnr/ppp1pppp/8/3p4/3P4/8/PPP1PPPP/RNBQKBNR w KQkq - 0 2,d7d5
15,EulerE,seif13579,835,897,rnbqkbnr/ppp1pppp/8/3p4/2PP4/8/PP2PPPP/RNBQKBNR b KQkq - 0 2,c2c4
15,EulerE,seif13579,835,897,rnbqkbnr/ppp2ppp/4p3/3p4/2PP4/8/PP2PPPP/RNBQKBNR w KQkq - 0 3,e7e6
15,EulerE,seif13579,835,897,rnbqkbnr/ppp2ppp/4p3/3p4/2PP4/2N5/PP2PPPP/R1BQKBNR b KQkq - 1 3,b1c3
15,EulerE,seif13579,835,897,rnbqk1nr/ppp2ppp/3bp3/3p4/2PP4/2N5/PP2PPPP/R1BQKBNR w KQkq - 2 4,f8d6
15,EulerE,seif13579,835,897,rnbqk1nr/ppp2ppp/3bp3/3p4/2PP4/2N3P1/PP2PP1P/R1BQKBNR b KQkq - 0 4,g2g3
15,EulerE,seif13579,835,897,rnbqk1nr/ppp2ppp/3b4/3pp3/2PP4/2N3P1/PP2PP1P/R1BQKBNR w KQkq - 0 5,e6e5
15,EulerE,seif13579,835,897,rnbqk1nr/ppp2ppp/3b4/3pp3/2PP4/2N3P1/PP2PPBP/R1BQK1NR b KQkq - 1 5,f1g2
15,EulerE,seif13579,835,897,rnbqk1nr/pp3ppp/2pb4/3pp3/2PP4/2N3P1/PP2PPBP/R1BQK1NR w KQkq - 0 6,c7c6
15,EulerE,seif13579,835,897,rnbqk1nr/pp3ppp/2pb4/2Ppp3/3P4/2N3P1/PP2PPBP/R1BQK1NR b KQkq - 0 6,c4c5
15,EulerE,seif13579,835,897,rnbqk1nr/ppb2ppp/2p5/2Ppp3/3P4/2N3P1/PP2PPBP/R1BQK1NR w KQkq - 1 7,d6c7
15,EulerE,seif13579,835,897,rnbqk1nr/ppb2ppp/2p5/2Ppp3/3P4/2N3PN/PP2PPBP/R1BQK2R b KQkq - 2 7,g1h3
15,EulerE,seif13579,835,897,rnbqk2r/ppb2ppp/2p2n2/2Ppp3/3P4/2N3PN/PP2PPBP/R1BQK2R w KQkq - 3 8,g8f6
15,EulerE,seif13579,835,897,rnbqk2r/ppb2ppp/2p2n2/2Ppp3/3P1P2/2N3PN/PP2P1BP/R1BQK2R b KQkq - 0 8,f2f4
15,EulerE,seif13579,835,897,rnbqk2r/ppb2ppp/2p2n2/2Pp4/3p1P2/2N3PN/PP2P1BP/R1BQK2R w KQkq - 0 9,e5d4
15,EulerE,seif13579,835,897,rnbqk2r/ppb2ppp/2p2n2/2Pp4/N2p1P2/6PN/PP2P1BP/R1BQK2R b KQkq - 1 9,c3a4
15,EulerE,seif13579,835,897,r1bqk2r/ppbn1ppp/2p2n2/2Pp4/N2p1P2/6PN/PP2P1BP/R1BQK2R w KQkq - 2 10,b8d7
15,EulerE,seif13579,835,897,r1bqk2r/ppbn1ppp/2p2n2/2Pp4/N2Q1P2/6PN/PP2P1BP/R1B1K2R b KQkq - 0 10,d1d4
15,EulerE,seif13579,835,897,r1bqk2r/p1bn1ppp/1pp2n2/2Pp4/N2Q1P2/6PN/PP2P1BP/R1B1K2R w KQkq - 0 11,b7b6
15,EulerE,seif13579,835,897,r1bqk2r/p1bn1ppp/1Pp2n2/3p4/N2Q1P2/6PN/PP2P1BP/R1B1K2R b KQkq - 0 11,c5b6
15,EulerE,seif13579,835,897,r1bqk2r/p1b2ppp/1np2n2/3p4/N2Q1P2/6PN/PP2P1BP/R1B1K2R w KQkq - 0 12,d7b6
15,EulerE,seif13579,835,897,r1bqk2r/p1b2ppp/1Np2n2/3p4/3Q1P2/6PN/PP2P1BP/R1B1K2R b KQkq - 0 12,a4b6
15,EulerE,seif13579,835,897,r1bqk2r/p4ppp/1bp2n2/3p4/3Q1P2/6PN/PP2P1BP/R1B1K2R w KQkq - 0 13,c7b6
15,EulerE,seif13579,835,897,r1bqk2r/p4ppp/1bp2n2/3p4/5P2/6PN/PP1QP1BP/R1B1K2R b KQkq - 1 13,d4d2
15,EulerE,seif13579,835,897,r1bqk2r/p4ppp/1bp5/3p4/4nP2/6PN/PP1QP1BP/R1B1K2R w KQkq - 2 14,f6e4
15,EulerE,seif13579,835,897,r1bqk2r/p4ppp/1bp5/3p4/4BP2/6PN/PP1QP2P/R1B1K2R b KQkq - 0 14,g2e4
15,EulerE,seif13579,835,897,r1bqk2r/p4ppp/1bp5/8/4pP2/6PN/PP1QP2P/R1B1K2R w KQkq - 0 15,d5e4
15,EulerE,seif13579,835,897,r1bQk2r/p4ppp/1bp5/8/4pP2/6PN/PP2P2P/R1B1K2R b KQkq - 0 15,d2d8
15,EulerE,seif13579,835,897,r1bk3r/p4ppp/1bp5/8/4pP2/6PN/PP2P2P/R1B1K2R w KQ - 0 16,e8d8
15,EulerE,seif13579,835,897,r1bk3r/p4ppp/1bp5/6N1/4pP2/6P1/PP2P2P/R1B1K2R b KQ - 1 16,h3g5
15,EulerE,seif13579,835,897,r1b1k2r/p4ppp/1bp5/6N1/4pP2/6P1/PP2P2P/R1B1K2R w KQ - 2 17,d8e8
15,EulerE,seif13579,835,897,r1b1k2r/p4ppp/1bp5/8/4NP2/6P1/PP2P2P/R1B1K2R b KQ - 0 17,g5e4
15,EulerE,seif13579,835,897,r1b1k2r/p4pp1/1bp5/7p/4NP2/6P1/PP2P2P/R1B1K2R w KQ - 0 18,h7h5
15,EulerE,seif13579,835,897,r1b1k2r/p4pp1/1bp5/7p/4NP2/6P1/PP1BP2P/R3K2R b KQ - 1 18,c1d2
15,EulerE,seif13579,835,897,r1b1k3/p4pp1/1bp4r/7p/4NP2/6P1/PP1BP2P/R3K2R w KQ - 2 19,h8h6
15,EulerE,seif13579,835,897,r1b1k3/p4pp1/1bp4r/7p/4NP2/6P1/PP1BP2P/2KR3R b - - 3 19,e1c1
15,EulerE,seif13579,835,897,r1b1k3/p4pp1/1bp1r3/7p/4NP2/6P1/PP1BP2P/2KR3R w - - 4 20,h6e6
15,EulerE,seif13579,835,897,r1b1k3/p4pp1/1bp1r3/7p/5P2/2N3P1/PP1BP2P/2KR3R b - - 5 20,e4c3
15,EulerE,seif13579,835,897,r1b1k3/p4pp1/2p1r3/7p/5P2/2N1b1P1/PP1BP2P/2KR3R w - - 6 21,b6e3
15,EulerE,seif13579,835,897,r1b1k3/p4pp1/2p1r3/7p/5P2/2N1B1P1/PP2P2P/2KR3R b - - 0 21,d2e3
15,EulerE,seif13579,835,897,r1b1k3/p4pp1/2p5/7p/5P2/2N1r1P1/PP2P2P/2KR3R w - - 0 22,e6e3
15,EulerE,seif13579,835,897,r1b1k3/p4pp1/2p5/7p/5P2/2N1r1P1/PP1KP2P/3R3R b - - 1 22,c1d2
15,EulerE,seif13579,835,897,r1b1k3/p4pp1/2p1r3/7p/5P2/2N3P1/PP1KP2P/3R3R w - - 2 23,e3e6
15,EulerE,seif13579,835,897,r1b1k3/p4pp1/2p1r3/5P1p/8/2N3P1/PP1KP2P/3R3R b - - 0 23,f4f5
15,EulerE,seif13579,835,897,r1b1k3/p4pp1/2pr4/5P1p/8/2N3P1/PP1KP2P/3R3R w - - 1 24,e6d6
15,EulerE,seif13579,835,897,r1b1k3/p4pp1/2pr4/5P1p/8/2N3P1/PP2P2P/2KR3R b - - 2 24,d2c1
15,EulerE,seif13579,835,897,r1b1k3/p4pp1/2p5/5P1p/8/2N3P1/PP2P2P/2Kr3R w - - 0 25,d6d1
15,EulerE,seif13579,835,897,r1b1k3/p4pp1/2p5/5P1p/8/2N3P1/PP2P2P/2KR4 b - - 0 25,h1d1
15,EulerE,seif13579,835,897,r3k3/p4pp1/2p5/5b1p/8/2N3P1/PP2P2P/2KR4 w - - 0 26,c8f5
15,EulerE,seif13579,835,897,r3k3/p4pp1/2p5/5b1p/N7/6P1/PP2P2P/2KR4 b - - 1 26,c3a4
15,EulerE,seif13579,835,897,r3k3/p4p2/2p5/5bpp/N7/6P1/PP2P2P/2KR4 w - - 0 27,g7g5
15,EulerE,seif13579,835,897,r3k3/p4p2/2p5/5bpp/N7/6P1/PP2P2P/2K2R2 b - - 1 27,d1f1
15,EulerE,seif13579,835,897,r3k3/p4p2/2p5/6pp/N7/6Pb/PP2P2P/2K2R2 w - - 2 28,f5h3
15,EulerE,seif13579,835,897,r3k3/p4p2/2p5/5Rpp/N7/6Pb/PP2P2P/2K5 b - - 3 28,f1f5
16,EulerE,kees-kipping,826,810,rnbqkbnr/pppppppp/8/8/3P4/8/PPP1PPPP/RNBQKBNR b KQkq - 0 1,d2d4
16,EulerE,kees-kipping,826,810,rnbqkbnr/ppp1pppp/8/3p4/3P4/8/PPP1PPPP/RNBQKBNR w KQkq - 0 2,d7d5
16,EulerE,kees-kipping,826,810,rnbqkbnr/ppp1pppp/8/3p4/2PP4/8/PP2PPPP/RNBQKBNR b KQkq - 0 2,c2c4
16,EulerE,kees-kipping,826,810,rn1qkbnr/ppp1pppp/4b3/3p4/2PP4/8/PP2PPPP/RNBQKBNR w KQkq - 1 3,c8e6
16,EulerE,kees-kipping,826,810,rn1qkbnr/ppp1pppp/4b3/3p4/2PP4/2N5/PP2PPPP/R1BQKBNR b KQkq - 2 3,b1c3
16,EulerE,kees-kipping,826,810,rn1qkbnr/pp2pppp/2p1b3/3p4/2PP4/2N5/PP2PPPP/R1BQKBNR w KQkq - 0 4,c7c6
16,EulerE,kees-kipping,826,810,rn1qkbnr/pp2pppp/2p1b3/3p4/2PP4/2N4N/PP2PPPP/R1BQKB1R b KQkq - 1 4,g1h3
16,EulerE,kees-kipping,826,810,rn1qkbnr/pp2pppp/2p5/3p4/2PP4/2N4b/PP2PPPP/R1BQKB1R w KQkq - 0 5,e6h3
16,EulerE,kees-kipping,826,810,rn1qkbnr/pp2pppp/2p5/3p4/2PP4/2N4P/PP2PP1P/R1BQKB1R b KQkq - 0 5,g2h3
16,EulerE,kees-kipping,826,810,rn1qkbnr/pp3ppp/2p1p3/3p4/2PP4/2N4P/PP2PP1P/R1BQKB1R w KQkq - 0 6,e7e6
16,EulerE,kees-kipping,826,810,rn1qkbnr/pp3ppp/2p1p3/3p4/2PP4/2N4P/PP2PPBP/R1BQK2R b KQkq - 1 6,f1g2
16,EulerE,kees-kipping,826,810,rn1qk1nr/pp3ppp/2p1p3/3p4/1bPP4/2N4P/PP2PPBP/R1BQK2R w KQkq - 2 7,f8b4
16,EulerE,kees-kipping,826,810,rn1qk1nr/pp3ppp/2p1p3/3p4/1bPP4/2N4P/PP1BPPBP/R2QK2R b KQkq - 3 7,c1d2
16,EulerE,kees-kipping,826,810,rn1qk1nr/1p3ppp/p1p1p3/3p4/1bPP4/2N4P/PP1BPPBP/R2QK2R w KQkq - 0 8,a7a6
16,EulerE,kees-kipping,826,810,rn1qk1nr/1p3ppp/p1p1p3/3p4/NbPP4/7P/PP1BPPBP/R2QK2R b KQkq - 1 8,c3a4
16,EulerE,kees-kipping,826,810,rn1qk1nr/1p3ppp/p1p1p3/3p4/N1PP4/7P/PP1bPPBP/R2QK2R w KQkq - 0 9,b4d2
16,EulerE,kees-kipping,826,810,rn1qk1nr/1p3ppp/p1p1p3/3p4/N1PP4/7P/PP1QPPBP/R3K2R b KQkq - 0 9,d1d2
16,EulerE,kees-kipping,826,810,rn1qk2r/1p3ppp/p1p1pn2/3p4/N1PP4/7P/PP1QPPBP/R3K2R w KQkq - 1 10,g8f6
16,EulerE,kees-kipping,826,810,rn1qk2r/1p3ppp/p1p1pn2/3p4/N1PP4/5P1P/PP1QP1BP/R3K2R b KQkq - 0 10,f2f3
16,EulerE,kees-kipping,826,810,rn1qk2r/5ppp/p1p1pn2/1p1p4/N1PP4/5P1P/PP1QP1BP/R3K2R w KQkq - 0 11,b7b5
16,EulerE,kees-kipping,826,810,rn1qk2r/5ppp/p1p1pn2/1P1p4/N2P4/5P1P/PP1QP1BP/R3K2R b KQkq - 0 11,c4b5
16,EulerE,kees-kipping,826,810,rn1qk2r/5ppp/2p1pn2/1p1p4/N2P4/5P1P/PP1QP1BP/R3K2R w KQkq - 0 12,a6b5
16,EulerE,kees-kipping,826,810,rn1qk2r/5ppp/2p1pn2/1pNp4/3P4/5P1P/PP1QP1BP/R3K2R b KQkq - 1 12,a4c5
16,EulerE,kees-kipping,826,810,r2qk2r/5ppp/n1p1pn2/1pNp4/3P4/5P1P/PP1QP1BP/R3K2R w KQkq - 2 13,b8a6
16,EulerE,kees-kipping,826,810,r2qk2r/1N3ppp/n1p1pn2/1p1p4/3P4/5P1P/PP1QP1BP/R3K2R b KQkq - 3 13,c5b7
16,EulerE,kees-kipping,826,810,r3k2r/1Nq2ppp/n1p1pn2/1p1p4/3P4/5P1P/PP1QP1BP/R3K2R w KQkq - 4 14,d8c7
16,EulerE,kees-kipping,826,810,r3k2r/2q2ppp/n1p1pn2/1pNp4/3P4/5P1P/PP1QP1BP/R3K2R b KQkq - 5 14,b7c5
16,EulerE,kees-kipping,826,810,r3k2r/2q2ppp/2p1pn2/1pnp4/3P4/5P1P/PP1QP1BP/R3K2R w KQkq - 0 15,a6c5
16,EulerE,kees-kipping,826,810,r3k2r/2q2ppp/2p1pn2/1pPp4/8/5P1P/PP1QP1BP/R3K2R b KQkq - 0 15,d4c5
16,EulerE,kees-kipping,826,810,r3k2r/2qn1ppp/2p1p3/1pPp4/8/5P1P/PP1QP1BP/R3K2R w KQkq - 1 16,f6d7
16,EulerE,kees-kipping,826,810,r3k2r/2qn1ppp/2p1p3/1pPp4/8/5P1P/PPQ1P1BP/R3K2R b KQkq - 2 16,d2c2
16,EulerE,kees-kipping,826,810,r4rk1/2qn1ppp/2p1p3/1pPp4/8/5P1P/PPQ1P1BP/R3K2R w KQ - 3 17,e8g8
16,EulerE,kees-kipping,826,810,r4rk1/2qn1ppp/2p1p3/1pPp4/8/5P1P/PPQ1P1BP/R4RK1 b - - 4 17,e1g1
16,EulerE,kees-kipping,826,810,r4rk1/2qn1p1p/2p1p1p1/1pPp4/8/5P1P/PPQ1P1BP/R4RK1 w - - 0 18,g7g6
16,EulerE,kees-kipping,826,810,r4rk1/2qn1p1p/2p1p1p1/1pPp4/8/5P1P/PPQ1P1BP/R1R3K1 b - - 1 18,f1c1
16,EulerE,kees-kipping,826,810,r4rk1/2qn3p/2p1p1p1/1pPp1p2/8/5P1P/PPQ1P1BP/R1R3K1 w - - 0 19,f7f5
16,EulerE,kees-kipping,826,810,r4rk1/2qn3p/2p1p1p1/1pPp1p2/P7/5P1P/1PQ1P1BP/R1R3K1 b - - 0 19,a2a4
16,EulerE,kees-kipping,826,810,r4rk1/2qn3p/2p1p1p1/2Pp1p2/Pp6/5P1P/1PQ1P1BP/R1R3K1 w - - 0 20,b5b4
16,EulerE,kees-kipping,826,810,r4rk1/2qn3p/2p1p1p1/P1Pp1p2/1p6/5P1P/1PQ1P1BP/R1R3K1 b - - 0 20,a4a5
16,EulerE,kees-kipping,826,810,5rk1/2qn3p/2p1p1p1/r1Pp1p2/1p6/5P1P/1PQ1P1BP/R1R3K1 w - - 0 21,a8a5
16,EulerE,kees-kipping,826,810,5rk1/2qn3p/2p1p1p1/R1Pp1p2/1p6/5P1P/1PQ1P1BP/2R3K1 b - - 0 21,a1a5
16,EulerE,kees-kipping,826,810,5rk1/3n3p/2p1p1p1/q1Pp1p2/1p6/5P1P/1PQ1P1BP/2R3K1 w - - 0 22,c7a5
16,EulerE,kees-kipping,826,810,5rk1/3n3p/2p1p1p1/q1Pp1p2/1p3P2/7P/1PQ1P1BP/2R3K1 b - - 0 22,f3f4
16,EulerE,kees-kipping,826,810,5rk1/7p/2p1pnp1/q1Pp1p2/1p3P2/7P/1PQ1P1BP/2R3K1 w - - 1 23,d7f6
16,EulerE,kees-kipping,826,810,5rk1/7p/2p1pnp1/q1Pp1p2/1p3P2/7P/1P2P1BP/2RQ2K1 b - - 2 23,c2d1
16,EulerE,kees-kipping,826,810,5rk1/7p/2p1p1p1/q1Pp1p2/1p2nP2/7P/1P2P1BP/2RQ2K1 w - - 3 24,f6e4
16,EulerE,kees-kipping,826,810,5rk1/7p/2p1p1p1/q1Pp1p2/1p2BP2/7P/1P2P2P/2RQ2K1 b - - 0 24,g2e4
16,EulerE,kees-kipping,826,810,5rk1/7p/2p1p1p1/q1Pp4/1p2pP2/7P/1P2P2P/2RQ2K1 w - - 0 25,f5e4
16,EulerE,kees-kipping,826,810,5rk1/7p/2p1p1p1/q1Pp4/1p2pP2/7P/1P2P2P/R2Q2K1 b - - 1 25,c1a1
16,EulerE,kees-kipping,826,810,5rk1/7p/2p1p1p1/2qp4/1p2pP2/7P/1P2P2P/R2Q2K1 w - - 0 26,a5c5
16,EulerE,kees-kipping,826,810,5rk1/7p/2p1p1p1/2qp4/1p2pP2/7P/1P2P2P/R2Q3K b - - 1 26,g1h1
16,EulerE,kees-kipping,826,810,6k1/7p/2p1p1p1/2qp4/1p2pr2/7P/1P2P2P/R2Q3K w - - 0 27,f8f4
16,EulerE,kees-kipping,826,810,6k1/7p/2p1p1p1/2qp4/1p2pr2/7P/1P2P2P/R1Q4K b - - 1 27,d1c1
16,EulerE,kees-kipping,826,810,6k1/7p/2p1p1p1/3p4/1p2pr2/7P/1P2P2P/R1q4K w - - 0 28,c5c1
16,EulerE,kees-kipping,826,810,6k1/7p/2p1p1p1/3p4/1p2pr2/7P/1P2P2P/2R4K b - - 0 28,a1c1
16,EulerE,kees-kipping,826,810,6k1/7p/2p1p1p1/3p4/1p2p3/7P/1P2Pr1P/2R4K w - - 1 29,f4f2
16,EulerE,kees-kipping,826,810,6k1/7p/2p1p1p1/3p4/1p2p3/7P/1P2Pr1P/4R2K b - - 2 29,c1e1
16,EulerE,kees-kipping,826,810,6k1/7p/2p1p1p1/3p4/1p6/4p2P/1P2Pr1P/4R2K w - - 0 30,e4e3
16,EulerE,kees-kipping,826,810,6k1/7p/2p1p1p1/3p4/1p6/4p2P/1P2Pr1P/4R1K1 b - - 1 30,h1g1
16,EulerE,kees-kipping,826,810,8/6kp/2p1p1p1/3p4/1p6/4p2P/1P2Pr1P/4R1K1 w - - 2 31,g8g7
16,EulerE,kees-kipping,826,810,8/6kp/2p1p1p1/3p4/1p6/4p2P/1P2Pr1P/2R3K1 b - - 3 31,e1c1
16,EulerE,kees-kipping,826,810,8/6kp/2p1p1p1/3p4/1p6/4p2P/1P2r2P/2R3K1 w - - 0 32,f2e2
16,EulerE,kees-kipping,826,810,8/6kp/2R1p1p1/3p4/1p6/4p2P/1P2r2P/6K1 b - - 0 32,c1c6
16,EulerE,kees-kipping,826,810,8/6kp/2R1p1p1/3p4/1p6/4p2P/1P5P/4r1K1 w - - 1 33,e2e1
16,EulerE,kees-kipping,826,810,8/6kp/2R1p1p1/3p4/1p6/4p2P/1P4KP/4r3 b - - 2 33,g1g2
16,EulerE,kees-kipping,826,810,8/6kp/2R3p1/3pp3/1p6/4p2P/1P4KP/4r3 w - - 0 34,e6e5
16,EulerE,kees-kipping,826,810,8/6kp/1R4p1/3pp3/1p6/4p2P/1P4KP/4r3 b - - 1 34,c6b6
16,EulerE,kees-kipping,826,810,8/6kp/1R4p1/3pp3/1p6/4p2P/1P2r1KP/8 w - - 2 35,e1e2
16,EulerE,kees-kipping,826,810,8/6kp/1R4p1/3pp3/1p6/4pK1P/1P2r2P/8 b - - 3 35,g2f3
16,EulerE,kees-kipping,826,810,8/6kp/1R4p1/3pp3/1p6/4pK1P/1P5r/8 w - - 0 36,e2h2
16,EulerE,kees-kipping,826,810,8/6kp/6p1/3pp3/1R6/4pK1P/1P5r/8 b - - 0 36,b6b4
16,EulerE,kees-kipping,826,810,8/6kp/6p1/3pp3/1R6/4pK1r/1P6/8 w - - 0 37,h2h3
16,EulerE,kees-kipping,826,810,8/6kp/6p1/3pp3/1R6/4p2r/1P2K3/8 b - - 1 37,f3e2
16,EulerE,kees-kipping,826,810,8/6kp/6p1/4p3/1R1p4/4p2r/1P2K3/8 w - - 0 38,d5d4
16,EulerE,kees-kipping,826,810,8/6kp/6p1/1R2p3/3p4/4p2r/1P2K3/8 b - - 1 38,b4b5
16,EulerE,kees-kipping,826,810,8/7p/5kp1/1R2p3/3p4/4p2r/1P2K3/8 w - - 2 39,g7f6
16,EulerE,kees-kipping,826,810,8/7p/5kp1/1R2p3/1P1p4/4p2r/4K3/8 b - - 0 39,b2b4
16,EulerE,kees-kipping,826,810,8/7p/5kp1/1R2p3/1P1p4/4p3/4K2r/8 w - - 1 40,h3h2
16,EulerE,kees-kipping,826,810,8/7p/5kp1/1R2p3/1P1p4/4p3/7r/4K3 b - - 2 40,e2e1
16,EulerE,kees-kipping,826,810,8/7p/5kp1/1R2p3/1P1p4/4p3/1r6/4K3 w - - 3 41,h2b2
16,EulerE,kees-kipping,826,810,1R6/7p/5kp1/4p3/1P1p4/4p3/1r6/4K3 b - - 4 41,b5b8
16,EulerE,kees-kipping,826,810,1R6/7p/5kp1/4p3/1P6/3pp3/1r6/4K3 w - - 0 42,d4d3
16,EulerE,kees-kipping,826,810,1R6/7p/5kp1/1P2p3/8/3pp3/1r6/4K3 b - - 0 42,b4b5
16,EulerE,kees-kipping,826,810,1R6/7p/5kp1/1P2p3/8/3pp3/8/1r2K3 w - - 1 43,b2b1
17,MarcAG11,EulerE,875,819,rnbqkbnr/pppppppp/8/8/4P3/8/PPPP1PPP/RNBQKBNR b KQkq - 0 1,e2e4
17,MarcAG11,EulerE,875,819,rnbqkbnr/pppp1ppp/8/4p3/4P3/8/PPPP1PPP/RNBQKBNR w KQkq - 0 2,e7e5
17,MarcAG11,EulerE,875,819,rnbqkbnr/pppp1ppp/8/4p3/4P3/2N5/PPPP1PPP/R1BQKBNR b KQkq - 1 2,b1c3
17,MarcAG11,EulerE,875,819,rnbqkbnr/pppp2pp/8/4pp2/4P3/2N5/PPPP1PPP/R1BQKBNR w KQkq - 0 3,f7f5
17,MarcAG11,EulerE,875,819,rnbqkbnr/pppp2pp/8/4pP2/8/2N5/PPPP1PPP/R1BQKBNR b KQkq - 0 3,e4f5
17,MarcAG11,EulerE,875,819,rnbqkbnr/ppp3pp/3p4/4pP2/8/2N5/PPPP1PPP/R1BQKBNR w KQkq - 0 4,d7d6
17,MarcAG11,EulerE,875,819,rnbqkbnr/ppp3pp/3p4/4pP2/8/2N2N2/PPPP1PPP/R1BQKB1R b KQkq - 1 4,g1f3
17,MarcAG11,EulerE,875,819,rn1qkbnr/ppp3pp/3p4/4pb2/8/2N2N2/PPPP1PPP/R1BQKB1R w KQkq - 0 5,c8f5
17,MarcAG11,EulerE,875,819,rn1qkbnr/ppp3pp/3p4/3Npb2/8/5N2/PPPP1PPP/R1BQKB1R b KQkq - 1 5,c3d5
17,MarcAG11,EulerE,875,819,rn1qkbnr/pp4pp/2pp4/3Npb2/8/5N2/PPPP1PPP/R1BQKB1R w KQkq - 0 6,c7c6
17,MarcAG11,EulerE,875,819,rn1qkbnr/pp4pp/2pp4/4pb2/8/2N2N2/PPPP1PPP/R1BQKB1R b KQkq - 1 6,d5c3
17,MarcAG11,EulerE,875,819,r2qkbnr/pp1n2pp/2pp4/4pb2/8/2N2N2/PPPP1PPP/R1BQKB1R w KQkq - 2 7,b8d7
17,MarcAG11,EulerE,875,819,r2qkbnr/pp1n2pp/2pp4/4pbN1/8/2N5/PPPP1PPP/R1BQKB1R b KQkq - 3 7,f3g5
17,MarcAG11,EulerE,875,819,r3kbnr/pp1n2pp/2pp4/4pbq1/8/2N5/PPPP1PPP/R1BQKB1R w KQkq - 0 8,d8g5
17,MarcAG11,EulerE,875,819,r3kbnr/pp1n2pp/2pp4/4pbq1/3P4/2N5/PPP2PPP/R1BQKB1R b KQkq - 0 8,d2d4
17,MarcAG11,EulerE,875,819,r2qkbnr/pp1n2pp/2pp4/4pb2/3P4/2N5/PPP2PPP/R1BQKB1R w KQkq - 1 9,g5d8
17,MarcAG11,EulerE,875,819,r2qkbnr/pp1n2pp/2pp4/4Pb2/8/2N5/PPP2PPP/R1BQKB1R b KQkq - 0 9,d4e5
17,MarcAG11,EulerE,875,819,r2qkbnr/pp1n2pp/2p5/4pb2/8/2N5/PPP2PPP/R1BQKB1R w KQkq - 0 10,d6e5
17,MarcAG11,EulerE,875,819,r2qkbnr/pp1n2pp/2p5/4pb2/8/2NB4/PPP2PPP/R1BQK2R b KQkq - 1 10,f1d3
17,MarcAG11,EulerE,875,819,r2qkbnr/pp1n3p/2p3p1/4pb2/8/2NB4/PPP2PPP/R1BQK2R w KQkq - 0 11,g7g6
17,MarcAG11,EulerE,875,819,r2qkbnr/pp1n3p/2p3p1/4pB2/8/2N5/PPP2PPP/R1BQK2R b KQkq - 0 11,d3f5
17,MarcAG11,EulerE,875,819,r2qkbnr/pp1n3p/2p5/4pp2/8/2N5/PPP2PPP/R1BQK2R w KQkq - 0 12,g6f5
17,MarcAG11,EulerE,875,819,r2qkbnr/pp1n3p/2p5/4pp2/8/2N5/PPP2PPP/R1BQ1RK1 b kq - 1 12,e1g1
17,MarcAG11,EulerE,875,819,r3kbnr/ppqn3p/2p5/4pp2/8/2N5/PPP2PPP/R1BQ1RK1 w kq - 2 13,d8c7
17,MarcAG11,EulerE,875,819,r3kbnr/ppqn3p/2p5/4pp2/N7/8/PPP2PPP/R1BQ1RK1 b kq - 3 13,c3a4
17,MarcAG11,EulerE,875,819,2kr1bnr/ppqn3p/2p5/4pp2/N7/8/PPP2PPP/R1BQ1RK1 w - - 4 14,e8c8
17,MarcAG11,EulerE,875,819,2kr1bnr/ppqn3p/2p5/4pp2/N1P5/8/PP3PPP/R1BQ1RK1 b - - 0 14,c2c4
17,MarcAG11,EulerE,875,819,2kr1bnr/p1qn3p/2p5/1p2pp2/N1P5/8/PP3PPP/R1BQ1RK1 w - - 0 15,b7b5
17,MarcAG11,EulerE,875,819,2kr1bnr/p1qn3p/2p5/1P2pp2/N7/8/PP3PPP/R1BQ1RK1 b - - 0 15,c4b5
17,MarcAG11,EulerE,875,819,2kr1bnr/p1qn3p/8/1p2pp2/N7/8/PP3PPP/R1BQ1RK1 w - - 0 16,c6b5
17,MarcAG11,EulerE,875,819,2kr1bnr/p1qn3p/8/1p2pp2/8/2N5/PP3PPP/R1BQ1RK1 b - - 1 16,a4c3
17,MarcAG11,EulerE,875,819,2kr1bnr/2qn3p/p7/1p2pp2/8/2N5/PP3PPP/R1BQ1RK1 w - - 0 17,a7a6
17,MarcAG11,EulerE,875,819,2kr1bnr/2qn3p/p7/1p2ppB1/8/2N5/PP3PPP/R2Q1RK1 b - - 1 17,c1g5
17,MarcAG11,EulerE,875,819,2kr1bnr/2q4p/p4n2/1p2ppB1/8/2N5/PP3PPP/R2Q1RK1 w - - 2 18,d7f6
17,MarcAG11,EulerE,875,819,2kr1bnr/2q4p/p4n2/1p2ppB1/8/2N5/PP2QPPP/R4RK1 b - - 3 18,d1e2
17,MarcAG11,EulerE,875,819,2kr2nr/2q4p/p4n1b/1p2ppB1/8/2N5/PP2QPPP/R4RK1 w - - 4 19,f8h6
17,MarcAG11,EulerE,875,819,2kr2nr/2q4p/p4n1B/1p2pp2/8/2N5/PP2QPPP/R4RK1 b - - 0 19,g5h6
17,MarcAG11,EulerE,875,819,2kr3r/2q4p/p4n1n/1p2pp2/8/2N5/PP2QPPP/R4RK1 w - - 0 20,g8h6
17,MarcAG11,EulerE,875,819,2kr3r/2q4p/p4n1n/1p2pp2/8/2N5/PP2QPPP/3R1RK1 b - - 1 20,a1d1
17,MarcAG11,EulerE,875,819,2k1r2r/2q4p/p4n1n/1p2pp2/8/2N5/PP2QPPP/3R1RK1 w - - 2 21,d8e8
17,MarcAG11,EulerE,875,819,2k1r2r/2q4p/p4n1n/1p1Npp2/8/8/PP2QPPP/3R1RK1 b - - 3 21,c3d5
17,MarcAG11,EulerE,875,819,2k1r2r/2q4p/p6n/1p1npp2/8/8/PP2QPPP/3R1RK1 w - - 0 22,f6d5
17,MarcAG11,EulerE,875,819,2k1r2r/2q4p/p6n/1p1Rpp2/8/8/PP2QPPP/5RK1 b - - 0 22,d1d5
17,MarcAG11,EulerE,875,819,2k1r2r/2q4p/p7/1p1Rpp2/6n1/8/PP2QPPP/5RK1 w - - 1 23,h6g4
17,MarcAG11,EulerE,875,819,2k1r2r/2q4p/p7/1p1Rpp2/6n1/5P2/PP2Q1PP/5RK1 b - - 0 23,f2f3
17,MarcAG11,EulerE,875,819,2k1r2r/2q4p/p4n2/1p1Rpp2/8/5P2/PP2Q1PP/5RK1 w - - 1 24,g4f6
17,MarcAG11,EulerE,875,819,2k1r2r/2q4p/p4n2/1p2pp2/8/3R1P2/PP2Q1PP/5RK1 b - - 2 24,d5d3
17,MarcAG11,EulerE,875,819,2k1r2r/2q4p/p4n2/1p3p2/4p3/3R1P2/PP2Q1PP/5RK1 w - - 0 25,e5e4
17,MarcAG11,EulerE,875,819,2k1r2r/2q4p/p4n2/1p3p2/4P3/3R4/PP2Q1PP/5RK1 b - - 0 25,f3e4
17,MarcAG11,EulerE,875,819,2k1r2r/2q4p/p4n2/1p6/4p3/3R4/PP2Q1PP/5RK1 w - - 0 26,f5e4
17,MarcAG11,EulerE,875,819,2k1r2r/2q4p/p4n2/1p6/4p3/2R5/PP2Q1PP/5RK1 b - - 1 26,d3c3
17,MarcAG11,EulerE,875,819,2k1r2r/7p/p4n2/1p6/4p3/2q5/PP2Q1PP/5RK1 w - - 0 27,c7c3
17,MarcAG11,EulerE,875,819,2k1r2r/7p/p4n2/1p6/4p3/2P5/P3Q1PP/5RK1 b - - 0 27,b2c3
17,MarcAG11,EulerE,875,819,2k1r2r/7p/p7/1p1n4/4p3/2P5/P3Q1PP/5RK1 w - - 1 28,f6d5
17,MarcAG11,EulerE,875,819,2k1r2r/7p/p7/1p1n4/4p1Q1/2P5/P5PP/5RK1 b - - 2 28,e2g4
17,MarcAG11,EulerE,875,819,1k2r2r/7p/p7/1p1n4/4p1Q1/2P5/P5PP/5RK1 w - - 3 29,c8b8
17,MarcAG11,EulerE,875,819,1k2r2r/5R1p/p7/1p1n4/4p1Q1/2P5/P5PP/6K1 b - - 4 29,f1f7
17,MarcAG11,EulerE,875,819,1k2r2r/5R1p/p7/1p6/4p1Q1/2n5/P5PP/6K1 w - - 0 30,d5c3
17,MarcAG11,EulerE,875,819,1k2r2r/3Q1R1p/p7/1p6/4p3/2n5/P5PP/6K1 b - - 1 30,g4d7
17,MarcAG11,EulerE,875,819,1k5r/3QrR1p/p7/1p6/4p3/2n5/P5PP/6K1 w - - 2 31,e8e7
17,MarcAG11,EulerE,875,819,1k5r/3QR2p/p7/1p6/4p3/2n5/P5PP/6K1 b - - 0 31,f7e7
17,MarcAG11,EulerE,875,819,1kr5/3QR2p/p7/1p6/4p3/2n5/P5PP/6K1 w - - 1 32,h8c8
17,MarcAG11,EulerE,875,819,1kr5/1Q2R2p/p7/1p6/4p3/2n5/P5PP/6K1 b - - 2 32,d7b7
18,EulerE,YashBaviskar,810,786,rnbqkbnr/pppppppp/8/8/3P4/8/PPP1PPPP/RNBQKBNR b KQkq - 0 1,d2d4
18,EulerE,YashBaviskar,810,786,rnbqkbnr/ppp1pppp/8/3p4/3P4/8/PPP1PPPP/RNBQKBNR w KQkq - 0 2,d7d5
18,EulerE,YashBaviskar,810,786,rnbqkbnr/ppp1pppp/8/3p4/3PP3/8/PPP2PPP/RNBQKBNR b KQkq - 0 2,e2e4
18,EulerE,YashBaviskar,810,786,rnbqkbnr/ppp1pppp/8/8/3Pp3/8/PPP2PPP/RNBQKBNR w KQkq - 0 3,d5e4
18,EulerE,YashBaviskar,810,786,rnbqkbnr/ppp1pppp/8/8/3Pp3/2N5/PPP2PPP/R1BQKBNR b KQkq - 1 3,b1c3
18,EulerE,YashBaviskar,810,786,rnbqkb1r/ppp1pppp/5n2/8/3Pp3/2N5/PPP2PPP/R1BQKBNR w KQkq - 2 4,g8f6
18,EulerE,YashBaviskar,810,786,rnbqkb1r/ppp1pppp/5n2/8/3Pp3/2N2P2/PPP3PP/R1BQKBNR b KQkq - 0 4,f2f3
18,EulerE,YashBaviskar,810,786,rnbqkb1r/ppp1pppp/5n2/8/3P4/2N2p2/PPP3PP/R1BQKBNR w KQkq - 0 5,e4f3
18,EulerE,YashBaviskar,810,786,rnbqkb1r/ppp1pppp/5n2/8/3P4/2N2N2/PPP3PP/R1BQKB1R b KQkq - 0 5,g1f3
18,EulerE,YashBaviskar,810,786,r1bqkb1r/ppp1pppp/2n2n2/8/3P4/2N2N2/PPP3PP/R1BQKB1R w KQkq - 1 6,b8c6
18,EulerE,YashBaviskar,810,786,r1bqkb1r/ppp1pppp/2n2n2/8/3P4/1PN2N2/P1P3PP/R1BQKB1R b KQkq - 0 6,b2b3
18,EulerE,YashBaviskar,810,786,r1bqkb1r/ppp1pppp/2n5/3n4/3P4/1PN2N2/P1P3PP/R1BQKB1R w KQkq - 1 7,f6d5
18,EulerE,YashBaviskar,810,786,r1bqkb1r/ppp1pppp/2n5/3n4/3P4/1PN2N2/PBP3PP/R2QKB1R b KQkq - 2 7,c1b2
18,EulerE,YashBaviskar,810,786,r1bqkb1r/ppp1p1pp/2n2p2/3n4/3P4/1PN2N2/PBP3PP/R2QKB1R w KQkq - 0 8,f7f6
18,EulerE,YashBaviskar,810,786,r1bqkb1r/ppp1p1pp/2n2p2/3n4/3P4/1PN2N2/PBP1B1PP/R2QK2R b KQkq - 1 8,f1e2
18,EulerE,YashBaviskar,810,786,r1bqkb1r/ppp3pp/2n2p2/3np3/3P4/1PN2N2/PBP1B1PP/R2QK2R w KQkq - 0 9,e7e5
18,EulerE,YashBaviskar,810,786,r1bqkb1r/ppp3pp/2n2p2/3nP3/8/1PN2N2/PBP1B1PP/R2QK2R b KQkq - 0 9,d4e5
18,EulerE,YashBaviskar,810,786,r1bqkb1r/ppp3pp/2n5/3np3/8/1PN2N2/PBP1B1PP/R2QK2R w KQkq - 0 10,f6e5
18,EulerE,YashBaviskar,810,786,r1bqkb1r/ppp3pp/2n5/3Np3/8/1P3N2/PBP1B1PP/R2QK2R b KQkq - 0 10,c3d5
18,EulerE,YashBaviskar,810,786,r1bqk2r/ppp3pp/2nb4/3Np3/8/1P3N2/PBP1B1PP/R2QK2R w KQkq - 1 11,f8d6
18,EulerE,YashBaviskar,810,786,r1bqk2r/ppp3pp/2nb4/3Np3/8/1P3N2/PBP1B1PP/R2Q1RK1 b kq - 2 11,e1g1
18,EulerE,YashBaviskar,810,786,r2qk2r/ppp3pp/2nbb3/3Np3/8/1P3N2/PBP1B1PP/R2Q1RK1 w kq - 3 12,c8e6
18,EulerE,YashBaviskar,810,786,r2qk2r/ppp3pp/2nbb3/4p3/8/1P2NN2/PBP1B1PP/R2Q1RK1 b kq - 4 12,d5e3
18,EulerE,YashBaviskar,810,786,r2qk2r/ppp3pp/2n1b3/2b1p3/8/1P2NN2/PBP1B1PP/R2Q1RK1 w kq - 5 13,d6c5
18,EulerE,YashBaviskar,810,786,r2Qk2r/ppp3pp/2n1b3/2b1p3/8/1P2NN2/PBP1B1PP/R4RK1 b kq - 0 13,d1d8
18,EulerE,YashBaviskar,810,786,3rk2r/ppp3pp/2n1b3/2b1p3/8/1P2NN2/PBP1B1PP/R4RK1 w k - 0 14,a8d8
18,EulerE,YashBaviskar,810,786,3rk2r/ppp3pp/2n1b3/2b1p3/8/1P2NN2/P1P1B1PP/R1B2RK1 b k - 1 14,b2c1
18,EulerE,YashBaviskar,810,786,3rk2r/ppp3pp/2n1b3/2b5/4p3/1P2NN2/P1P1B1PP/R1B2RK1 w k - 0 15,e5e4
18,EulerE,YashBaviskar,810,786,3rk2r/ppp3pp/2n1b3/2b3N1/4p3/1P2N3/P1P1B1PP/R1B2RK1 b k - 1 15,f3g5
18,EulerE,YashBaviskar,810,786,3rk2r/pppb2pp/2n5/2b3N1/4p3/1P2N3/P1P1B1PP/R1B2RK1 w k - 2 16,e6d7
18,EulerE,YashBaviskar,810,786,3rk2r/pppb2pp/2n5/2b5/4N3/1P2N3/P1P1B1PP/R1B2RK1 b k - 0 16,g5e4
18,EulerE,YashBaviskar,810,786,3rk2r/pppb3p/2n3p1/2b5/4N3/1P2N3/P1P1B1PP/R1B2RK1 w k - 0 17,g7g6
18,EulerE,YashBaviskar,810,786,3rk2r/pppb3p/2n3p1/2b5/2B1N3/1P2N3/P1P3PP/R1B2RK1 b k - 1 17,e2c4
18,EulerE,YashBaviskar,810,786,3rk2r/pppb3p/2n3p1/8/2BbN3/1P2N3/P1P3PP/R1B2RK1 w k - 2 18,c5d4
18,EulerE,YashBaviskar,810,786,3rk2r/pppb3p/2n3p1/8/2BbN3/1P2N3/P1P3PP/R1B2R1K b k - 3 18,g1h1
18,EulerE,YashBaviskar,810,786,3rk2r/ppp4p/2n3p1/5b2/2BbN3/1P2N3/P1P3PP/R1B2R1K w k - 4 19,d7f5
18,EulerE,YashBaviskar,810,786,3rk2r/ppp4p/2n3p1/5N2/2BbN3/1P6/P1P3PP/R1B2R1K b k - 0 19,e3f5
18,EulerE,YashBaviskar,810,786,3rk2r/ppp4p/2n5/5p2/2BbN3/1P6/P1P3PP/R1B2R1K w k - 0 20,g6f5
18,EulerE,YashBaviskar,810,786,3rk2r/ppp4p/2n5/5R2/2BbN3/1P6/P1P3PP/R1B4K b k - 0 20,f1f5
18,EulerE,YashBaviskar,810,786,3rk2r/ppp4p/8/4nR2/2BbN3/1P6/P1P3PP/R1B4K w k - 1 21,c6e5
18,EulerE,YashBaviskar,810,786,3rk2r/ppp4p/4B3/4nR2/3bN3/1P6/P1P3PP/R1B4K b k - 2 21,c4e6
18,EulerE,YashBaviskar,810,786,3r3r/ppp1k2p/4B3/4nR2/3bN3/1P6/P1P3PP/R1B4K w - - 3 22,e8e7
18,EulerE,YashBaviskar,810,786,3r3r/ppp1k2p/8/3BnR2/3bN3/1P6/P1P3PP/R1B4K b - - 4 22,e6d5
18,EulerE,YashBaviskar,810,786,7r/ppp1k2p/8/3rnR2/3bN3/1P6/P1P3PP/R1B4K w - - 0 23,d8d5
18,EulerE,YashBaviskar,810,786,7r/ppp1k2p/8/3rnR2/3bNB2/1P6/P1P3PP/R6K b - - 1 23,c1f4
18,EulerE,YashBaviskar,810,786,7r/ppp4p/4k3/3rnR2/3bNB2/1P6/P1P3PP/R6K w - - 2 24,e7e6
18,EulerE,YashBaviskar,810,786,7r/ppp4p/4k3/3rnR2/3b1B2/1P4N1/P1P3PP/R6K b - - 3 24,e4g3
18,EulerE,YashBaviskar,810,786,7r/ppp4p/4k3/3rnR2/5B2/1P4N1/P1P3PP/b6K w - - 0 25,d4a1
19,Lyggi1,EulerE,836,802,rnbqkbnr/pppppppp/8/8/4P3/8/PPPP1PPP/RNBQKBNR b KQkq - 0 1,e2e4
19,Lyggi1,EulerE,836,802,rnbqkbnr/pppp1ppp/8/4p3/4P3/8/PPPP1PPP/RNBQKBNR w KQkq - 0 2,e7e5
19,Lyggi1,EulerE,836,802,rnbqkbnr/pppp1ppp/8/4p3/4P3/5N2/PPPP1PPP/RNBQKB1R b KQkq - 1 2,g1f3
19,Lyggi1,EulerE,836,802,rnbqkbnr/ppp2ppp/3p4/4p3/4P3/5N2/PPPP1PPP/RNBQKB1R w KQkq - 0 3,d7d6
19,Lyggi1,EulerE,836,802,rnbqkbnr/ppp2ppp/3p4/4p3/2B1P3/5N2/PPPP1PPP/RNBQK2R b KQkq - 1 3,f1c4
19,Lyggi1,EulerE,836,802,rnbqkbnr/1pp2ppp/p2p4/4p3/2B1P3/5N2/PPPP1PPP/RNBQK2R w KQkq - 0 4,a7a6
19,Lyggi1,EulerE,836,802,rnbqkbnr/1pp2ppp/p2p4/4p3/2B1P3/2N2N2/PPPP1PPP/R1BQK2R b KQkq - 1 4,b1c3
19,Lyggi1,EulerE,836,802,rnbqkbnr/2p2ppp/p2p4/1p2p3/2B1P3/2N2N2/PPPP1PPP/R1BQK2R w KQkq - 0 5,b7b5
19,Lyggi1,EulerE,836,802,rnbqkbnr/2p2ppp/p2p4/1p2p3/4P3/1BN2N2/PPPP1PPP/R1BQK2R b KQkq - 1 5,c4b3
19,Lyggi1,EulerE,836,802,r1bqkbnr/2p2ppp/p1np4/1p2p3/4P3/1BN2N2/PPPP1PPP/R1BQK2R w KQkq - 2 6,b8c6
19,Lyggi1,EulerE,836,802,r1bqkbnr/2p2ppp/p1np4/1p2p3/4P3/1BN2N2/PPPP1PPP/R1BQ1RK1 b kq - 3 6,e1g1
19,Lyggi1,EulerE,836,802,r1bqkb1r/2p2ppp/p1np1n2/1p2p3/4P3/1BN2N2/PPPP1PPP/R1BQ1RK1 w kq - 4 7,g8f6
19,Lyggi1,EulerE,836,802,r1bqkb1r/2p2ppp/p1np1n2/1p2p3/4P3/1BNP1N2/PPP2PPP/R1BQ1RK1 b kq - 0 7,d2d3
19,Lyggi1,EulerE,836,802,r1bqk2r/2p1bppp/p1np1n2/1p2p3/4P3/1BNP1N2/PPP2PPP/R1BQ1RK1 w kq - 1 8,f8e7
19,Lyggi1,EulerE,836,802,r1bqk2r/2p1bppp/p1np1n2/1p2p1B1/4P3/1BNP1N2/PPP2PPP/R2Q1RK1 b kq - 2 8,c1g5
19,Lyggi1,EulerE,836,802,r1bqk2r/2p1bppp/p1np4/1p2p1B1/4P1n1/1BNP1N2/PPP2PPP/R2Q1RK1 w kq - 3 9,f6g4
19,Lyggi1,EulerE,836,802,r1bqk2r/2p1Bppp/p1np4/1p2p3/4P1n1/1BNP1N2/PPP2PPP/R2Q1RK1 b kq - 0 9,g5e7
19,Lyggi1,EulerE,836,802,r1b1k2r/2pqBppp/p1np4/1p2p3/4P1n1/1BNP1N2/PPP2PPP/R2Q1RK1 w kq - 1 10,d8d7
20,GeorgeAlf89,EulerE,804,810,rnbqkbnr/pppppppp/8/8/4P3/8/PPPP1PPP/RNBQKBNR b KQkq - 0 1,e2e4
20,GeorgeAlf89,EulerE,804,810,rnbqkbnr/pppp1ppp/8/4p3/4P3/8/PPPP1PPP/RNBQKBNR w KQkq - 0 2,e7e5
20,GeorgeAlf89,EulerE,804,810,rnbqkbnr/pppp1ppp/8/4p2Q/4P3/8/PPPP1PPP/RNB1KBNR b KQkq - 1 2,d1h5
20,GeorgeAlf89,EulerE,804,810,r1bqkbnr/pppp1ppp/2n5/4p2Q/4P3/8/PPPP1PPP/RNB1KBNR w KQkq - 2 3,b8c6
20,GeorgeAlf89,EulerE,804,810,r1bqkbnr/pppp1ppp/2n5/4p2Q/2B1P3/8/PPPP1PPP/RNB1K1NR b KQkq - 3 3,f1c4
20,GeorgeAlf89,EulerE,804,810,r1bqkbnr/pppp1p1p/2n3p1/4p2Q/2B1P3/8/PPPP1PPP/RNB1K1NR w KQkq - 0 4,g7g6
20,GeorgeAlf89,EulerE,804,810,r1bqkbnr/pppp1p1p/2n3p1/4p3/2B1P3/5Q2/PPPP1PPP/RNB1K1NR b KQkq - 1 4,h5f3
20,GeorgeAlf89,EulerE,804,810,r1bqkb1r/pppp1p1p/2n3pn/4p3/2B1P3/5Q2/PPPP1PPP/RNB1K1NR w KQkq - 2 5,g8h6
20,GeorgeAlf89,EulerE,804,810,r1bqkb1r/pppp1p1p/2n3pn/4p3/2BPP3/5Q2/PPP2PPP/RNB1K1NR b KQkq - 0 5,d2d4
20,GeorgeAlf89,EulerE,804,810,r1bqkb1r/pppp1p1p/6pn/4p3/2BnP3/5Q2/PPP2PPP/RNB1K1NR w KQkq - 0 6,c6d4
20,GeorgeAlf89,EulerE,804,810,r1bqkb1r/pppp1p1p/6pn/4p3/2BnP3/7Q/PPP2PPP/RNB1K1NR b KQkq - 1 6,f3h3
20,GeorgeAlf89,EulerE,804,810,r1bqkb1r/pppp1p1p/6pn/4p3/2B1P3/7Q/PPn2PPP/RNB1K1NR w KQkq - 0 7,d4c2
20,GeorgeAlf89,EulerE,804,810,r1bqkb1r/pppp1p1p/6pn/4p3/2B1P3/7Q/PPn2PPP/RNBK2NR b kq - 1 7,e1d1
20,GeorgeAlf89,EulerE,804,810,r1bqkb1r/pppp1p1p/6pn/4p3/2B1P3/7Q/PP3PPP/nNBK2NR w kq - 0 8,c2a1
20,GeorgeAlf89,EulerE,804,810,r1bqkb1r/pppp1p1p/6pB/4p3/2B1P3/7Q/PP3PPP/nN1K2NR b kq - 0 8,c1h6
20,GeorgeAlf89,EulerE,804,810,r1bqk2r/pppp1p1p/6pb/4p3/2B1P3/7Q/PP3PPP/nN1K2NR w kq - 0 9,f8h6
20,GeorgeAlf89,EulerE,804,810,r1bqk2r/pppp1p1p/6pQ/4p3/2B1P3/8/PP3PPP/nN1K2NR b kq - 0 9,h3h6
20,GeorgeAlf89,EulerE,804,810,r1bqk2r/p1pp1p1p/1p4pQ/4p3/2B1P3/8/PP3PPP/nN1K2NR w kq - 0 10,b7b6
20,GeorgeAlf89,EulerE,804,810,r1bqk2r/p1pp1p1p/1p4p1/4p3/2B1P3/7Q/PP3PPP/nN1K2NR b kq - 1 10,h6h3
20,GeorgeAlf89,EulerE,804,810,r1bq1rk1/p1pp1p1p/1p4p1/4p3/2B1P3/7Q/PP3PPP/nN1K2NR w - - 2 11,e8g8
20,GeorgeAlf89,EulerE,804,810,r1bq1rk1/p1pp1p1p/1p4p1/4p3/2B1P3/5N1Q/PP3PPP/nN1K3R b - - 3 11,g1f3
20,GeorgeAlf89,EulerE,804,810,r1bq1rk1/p1p2p1p/1p1p2p1/4p3/2B1P3/5N1Q/PP3PPP/nN1K3R w - - 0 12,d7d6
20,GeorgeAlf89,EulerE,804,810,r1bq1rk1/p1p2p1p/1p1p2p1/4p1N1/2B1P3/7Q/PP3PPP/nN1K3R b - - 1 12,f3g5
20,GeorgeAlf89,EulerE,804,810,r2q1rk1/p1p2p1p/1p1p2p1/4p1N1/2B1P3/7b/PP3PPP/nN1K3R w - - 0 13,c8h3
21,jEanBinks,EulerE,823,819,rnbqkbnr/pppppppp/8/8/3P4/8/PPP1PPPP/RNBQKBNR b KQkq - 0 1,d2d4
21,jEanBinks,EulerE,823,819,rnbqkbnr/ppp1pppp/8/3p4/3P4/8/PPP1PPPP/RNBQKBNR w KQkq - 0 2,d7d5
21,jEanBinks,EulerE,823,819,rnbqkbnr/ppp1pppp/8/3p4/3P4/6P1/PPP1PP1P/RNBQKBNR b KQkq - 0 2,g2g3
21,jEanBinks,EulerE,823,819,rnbqkb1r/ppp1pppp/5n2/3p4/3P4/6P1/PPP1PP1P/RNBQKBNR w KQkq - 1 3,g8f6
21,jEanBinks,EulerE,823,819,rnbqkb1r/ppp1pppp/5n2/3p4/3P4/6P1/PPP1PPBP/RNBQK1NR b KQkq - 2 3,f1g2
21,jEanBinks,EulerE,823,819,rnbqkb1r/pp2pppp/5n2/2pp4/3P4/6P1/PPP1PPBP/RNBQK1NR w KQkq - 0 4,c7c5
21,jEanBinks,EulerE,823,819,rnbqkb1r/pp2pppp/5n2/2pp4/3P4/4P1P1/PPP2PBP/RNBQK1NR b KQkq - 0 4,e2e3
21,jEanBinks,EulerE,823,819,rnbqkb1r/pp3ppp/4pn2/2pp4/3P4/4P1P1/PPP2PBP/RNBQK1NR w KQkq - 0 5,e7e6
21,jEanBinks,EulerE,823,819,rnbqkb1r/pp3ppp/4pn2/2pp4/3P4/4P1P1/PPP1NPBP/RNBQK2R b KQkq - 1 5,g1e2
21,jEanBinks,EulerE,823,819,r1bqkb1r/pp3ppp/2n1pn2/2pp4/3P4/4P1P1/PPP1NPBP/RNBQK2R w KQkq - 2 6,b8c6
21,jEanBinks,EulerE,823,819,r1bqkb1r/pp3ppp/2n1pn2/2pp4/3P4/4P1P1/PPP1NPBP/RNBQ1RK1 b kq - 3 6,e1g1
21,jEanBinks,EulerE,823,819,r1bqk2r/pp2bppp/2n1pn2/2pp4/3P4/4P1P1/PPP1NPBP/RNBQ1RK1 w kq - 4 7,f8e7
21,jEanBinks,EulerE,823,819,r1bqk2r/pp2bppp/2n1pn2/2pp4/3P4/2N1P1P1/PPP1NPBP/R1BQ1RK1 b kq - 5 7,b1c3
21,jEanBinks,EulerE,823,819,r1bq1rk1/pp2bppp/2n1pn2/2pp4/3P4/2N1P1P1/PPP1NPBP/R1BQ1RK1 w - - 6 8,e8g8
21,jEanBinks,EulerE,823,819,r1bq1rk1/pp2bppp/2n1pn2/1Npp4/3P4/4P1P1/PPP1NPBP/R1BQ1RK1 b - - 7 8,c3b5
21,jEanBinks,EulerE,823,819,r1bq1rk1/pp2bp1p/2n1pn2/1Npp2p1/3P4/4P1P1/PPP1NPBP/R1BQ1RK1 w - - 0 9,g7g5
21,jEanBinks,EulerE,823,819,r1bq1rk1/pp2bp1p/2n1pn2/1Npp2p1/3P1P2/4P1P1/PPP1N1BP/R1BQ1RK1 b - - 0 9,f2f4
21,jEanBinks,EulerE,823,819,r1bq1rk1/1p2bp1p/p1n1pn2/1Npp2p1/3P1P2/4P1P1/PPP1N1BP/R1BQ1RK1 w - - 0 10,a7a6
21,jEanBinks,EulerE,823,819,r1bq1rk1/1p2bp1p/p1n1pn2/1Npp2P1/3P4/4P1P1/PPP1N1BP/R1BQ1RK1 b - - 0 10,f4g5
21,jEanBinks,EulerE,823,819,r1bq1rk1/1p2bp1p/2n1pn2/1ppp2P1/3P4/4P1P1/PPP1N1BP/R1BQ1RK1 w - - 0 11,a6b5
21,jEanBinks,EulerE,823,819,r1bq1rk1/1p2bp1p/2n1pP2/1ppp4/3P4/4P1P1/PPP1N1BP/R1BQ1RK1 b - - 0 11,g5f6
21,jEanBinks,EulerE,823,819,r1bq1rk1/1p3p1p/2n1pb2/1ppp4/3P4/4P1P1/PPP1N1BP/R1BQ1RK1 w - - 0 12,e7f6
21,jEanBinks,EulerE,823,819,r1bq1rk1/1p3p1p/2n1pb2/1ppp4/3P4/1P2P1P1/P1P1N1BP/R1BQ1RK1 b - - 0 12,b2b3
21,jEanBinks,EulerE,823,819,r1bq1rk1/1p3p1p/2n1pb2/1p1p4/2pP4/1P2P1P1/P1P1N1BP/R1BQ1RK1 w - - 0 13,c5c4
21,jEanBinks,EulerE,823,819,r1bq1rk1/1p3p1p/2n1pb2/1p1p4/2PP4/4P1P1/P1P1N1BP/R1BQ1RK1 b - - 0 13,b3c4
21,jEanBinks,EulerE,823,819,r1bq1rk1/1p3p1p/2n1pb2/3p4/2pP4/4P1P1/P1P1N1BP/R1BQ1RK1 w - - 0 14,b5c4
21,jEanBinks,EulerE,823,819,r1bq1rk1/1p3p1p/2n1pb2/3p4/2pP4/4P1P1/P1P1N1BP/1RBQ1RK1 b - - 1 14,a1b1
21,jEanBinks,EulerE,823,819,2bq1rk1/1p3p1p/2n1pb2/3p4/2pP4/4P1P1/r1P1N1BP/1RBQ1RK1 w - - 0 15,a8a2
21,jEanBinks,EulerE,823,819,2bq1rk1/1p3p1p/2n1pb2/3p4/2pP4/2N1P1P1/r1P3BP/1RBQ1RK1 b - - 1 15,e2c3
21,jEanBinks,EulerE,823,819,2bq1rk1/rp3p1p/2n1pb2/3p4/2pP4/2N1P1P1/2P3BP/1RBQ1RK1 w - - 2 16,a2a7
21,jEanBinks,EulerE,823,819,2bq1rk1/rp3p1p/2n1pb2/3p4/2pP4/2N1P1P1/1RP3BP/2BQ1RK1 b - - 3 16,b1b2
21,jEanBinks,EulerE,823,819,2bq1rk1/rp3p1p/4pb2/3p4/2pn4/2N1P1P1/1RP3BP/2BQ1RK1 w - - 0 17,c6d4
21,jEanBinks,EulerE,823,819,2bq1rk1/rp3p1p/4pb2/3p4/2pn4/2N1P1P1/R1P3BP/2BQ1RK1 b - - 1 17,b2a2
21,jEanBinks,EulerE,823,819,2bq1rk1/rp3p1p/4pb2/3p1n2/2p5/2N1P1P1/R1P3BP/2BQ1RK1 w - - 2 18,d4f5
21,jEanBinks,EulerE,823,819,2bq1rk1/Rp3p1p/4pb2/3p1n2/2p5/2N1P1P1/2P3BP/2BQ1RK1 b - - 0 18,a2a7
21,jEanBinks,EulerE,823,819,2bq1rk1/Rp3p1p/4p3/3p1nb1/2p5/2N1P1P1/2P3BP/2BQ1RK1 w - - 1 19,f6g5
21,jEanBinks,EulerE,823,819,2bq1rk1/Rp3p1p/4p3/3p1nb1/2p1P3/2N3P1/2P3BP/2BQ1RK1 b - - 0 19,e3e4
21,jEanBinks,EulerE,823,819,2bq1rk1/Rp3p1p/4p3/3p2b1/2p1P3/2N1n1P1/2P3BP/2BQ1RK1 w - - 1 20,f5e3
21,jEanBinks,EulerE,823,819,2bq1rk1/Rp3p1p/4p3/3p2b1/2p1P2P/2N1n1P1/2P3B1/2BQ1RK1 b - - 0 20,h2h4
21,jEanBinks,EulerE,823,819,2bq1rk1/Rp3p1p/4p3/3p2b1/2p1P2P/2N3P1/2P3B1/2Bn1RK1 w - - 0 21,e3d1
21,jEanBinks,EulerE,823,819,2bq1rk1/Rp3p1p/4p3/3p2b1/2p1P2P/6P1/2P3B1/2BN1RK1 b - - 0 21,c3d1
21,jEanBinks,EulerE,823,819,2bq1rk1/Rp3p1p/4p3/3p4/2p1P2P/6P1/2P3B1/2bN1RK1 w - - 0 22,g5c1
21,jEanBinks,EulerE,823,819,2bq1rk1/Rp3p1p/4p3/3p4/2p1P2P/2N3P1/2P3B1/2b2RK1 b - - 1 22,d1c3
21,jEanBinks,EulerE,823,819,2b2rk1/Rp3p1p/1q2p3/3p4/2p1P2P/2N3P1/2P3B1/2b2RK1 w - - 2 23,d8b6
22,EulerE,Mk271286,820,841,rnbqkbnr/pppppppp/8/8/3P4/8/PPP1PPPP/RNBQKBNR b KQkq - 0 1,d2d4
22,EulerE,Mk271286,820,841,rnbqkbnr/ppp1pppp/8/3p4/3P4/8/PPP1PPPP/RNBQKBNR w KQkq - 0 2,d7d5
22,EulerE,Mk271286,820,841,rnbqkbnr/ppp1pppp/8/3p4/2PP4/8/PP2PPPP/RNBQKBNR b KQkq - 0 2,c2c4
22,EulerE,Mk271286,820,841,rnbqkbnr/ppp1pppp/8/8/2pP4/8/PP2PPPP/RNBQKBNR w KQkq - 0 3,d5c4
22,EulerE,Mk271286,820,841,rnbqkbnr/ppp1pppp/8/8/2pP4/4P3/PP3PPP/RNBQKBNR b KQkq - 0 3,e2e3
22,EulerE,Mk271286,820,841,rnbqkbnr/ppp1p1pp/5p2/8/2pP4/4P3/PP3PPP/RNBQKBNR w KQkq - 0 4,f7f6
22,EulerE,Mk271286,820,841,rnbqkbnr/ppp1p1pp/5p2/8/2BP4/4P3/PP3PPP/RNBQK1NR b KQkq - 0 4,f1c4
22,EulerE,Mk271286,820,841,rnbqkbnr/ppp3pp/5p2/4p3/2BP4/4P3/PP3PPP/RNBQK1NR w KQkq - 0 5,e7e5
22,EulerE,Mk271286,820,841,rnbqkbnr/ppp3pp/5p2/4p3/2BP4/4P3/PP2NPPP/RNBQK2R b KQkq - 1 5,g1e2
22,EulerE,Mk271286,820,841,rnbqk1nr/ppp3pp/5p2/4p3/1bBP4/4P3/PP2NPPP/RNBQK2R w KQkq - 2 6,f8b4
22,EulerE,Mk271286,820,841,rnbqk1nr/ppp3pp/5p2/4p3/1bBP4/2N1P3/PP2NPPP/R1BQK2R b KQkq - 3 6,b1c3
22,EulerE,Mk271286,820,841,rn1qk1nr/ppp3pp/5p2/4p3/1bBP2b1/2N1P3/PP2NPPP/R1BQK2R w KQkq - 4 7,c8g4
22,EulerE,Mk271286,820,841,rn1qk1nr/ppp3pp/5p2/4p3/1bBP2b1/P1N1P3/1P2NPPP/R1BQK2R b KQkq - 0 7,a2a3
22,EulerE,Mk271286,820,841,rn1qk1nr/ppp3pp/5p2/4p3/1bBP4/P1N1P3/1P2bPPP/R1BQK2R w KQkq - 0 8,g4e2
22,EulerE,Mk271286,820,841,rn1qk1nr/ppp3pp/5p2/4p3/1b1P4/P1N1P3/1P2BPPP/R1BQK2R b KQkq - 0 8,c4e2
22,EulerE,Mk271286,820,841,rn1qk1nr/ppp3pp/5p2/4p3/3P4/P1b1P3/1P2BPPP/R1BQK2R w KQkq - 0 9,b4c3
22,EulerE,Mk271286,820,841,rn1qk1nr/ppp3pp/5p2/4p3/3P4/P1P1P3/4BPPP/R1BQK2R b KQkq - 0 9,b2c3
22,EulerE,Mk271286,820,841,r2qk1nr/ppp3pp/2n2p2/4p3/3P4/P1P1P3/4BPPP/R1BQK2R w KQkq - 1 10,b8c6
22,EulerE,Mk271286,820,841,r2qk1nr/ppp3pp/2n2p2/4p3/3P4/P1P1P3/4BPPP/R1BQ1RK1 b kq - 2 10,e1g1
22,EulerE,Mk271286,820,841,r3k1nr/ppp3pp/2n2p2/3qp3/3P4/P1P1P3/4BPPP/R1BQ1RK1 w kq - 3 11,d8d5
22,EulerE,Mk271286,820,841,r3k1nr/ppp3pp/2n2p2/3qp3/2PP4/P3P3/4BPPP/R1BQ1RK1 b kq - 0 11,c3c4
22,EulerE,Mk271286,820,841,r3k1nr/ppp3pp/2nq1p2/4p3/2PP4/P3P3/4BPPP/R1BQ1RK1 w kq - 1 12,d5d6
22,EulerE,Mk271286,820,841,r3k1nr/ppp3pp/2nq1p2/2P1p3/3P4/P3P3/4BPPP/R1BQ1RK1 b kq - 0 12,c4c5
22,EulerE,Mk271286,820,841,r3k1nr/ppp3pp/2n2p2/2Pqp3/3P4/P3P3/4BPPP/R1BQ1RK1 w kq - 1 13,d6d5
22,EulerE,Mk271286,820,841,r3k1nr/ppp3pp/2n2p2/2PqP3/8/P3P3/4BPPP/R1BQ1RK1 b kq - 0 13,d4e5
22,EulerE,Mk271286,820,841,r3k1nr/ppp3pp/2n2p2/2P1P3/8/P3P3/4BPPP/R1Bq1RK1 w kq - 0 14,d5d1
22,EulerE,Mk271286,820,841,r3k1nr/ppp3pp/2n2p2/2P1P3/8/P3P3/4BPPP/R1BR2K1 b kq - 0 14,f1d1
22,EulerE,Mk271286,820,841,r3k1nr/ppp3pp/5p2/2P1n3/8/P3P3/4BPPP/R1BR2K1 w kq - 0 15,c6e5
22,EulerE,Mk271286,820,841,r3k1nr/ppp3pp/5p2/2P1n3/8/P3P3/1B2BPPP/R2R2K1 b kq - 1 15,c1b2
22,EulerE,Mk271286,820,841,r3k2r/ppp1n1pp/5p2/2P1n3/8/P3P3/1B2BPPP/R2R2K1 w kq - 2 16,g8e7
22,EulerE,Mk271286,820,841,r3k2r/ppp1n1pp/5p2/2P1B3/8/P3P3/4BPPP/R2R2K1 b kq - 0 16,b2e5
22,EulerE,Mk271286,820,841,r3k2r/ppp1n1pp/8/2P1p3/8/P3P3/4BPPP/R2R2K1 w kq - 0 17,f6e5
22,EulerE,Mk271286,820,841,r3k2r/ppp1n1pp/8/2P1p3/8/P3PB2/5PPP/R2R2K1 b kq - 1 17,e2f3
22,EulerE,Mk271286,820,841,r4rk1/ppp1n1pp/8/2P1p3/8/P3PB2/5PPP/R2R2K1 w - - 2 18,e8g8
22,EulerE,Mk271286,820,841,r4rk1/pBp1n1pp/8/2P1p3/8/P3P3/5PPP/R2R2K1 b - - 0 18,f3b7
22,EulerE,Mk271286,820,841,r4rk1/pBp3pp/6n1/2P1p3/8/P3P3/5PPP/R2R2K1 w - - 1 19,e7g6
22,EulerE,Mk271286,820,841,B4rk1/p1p3pp/6n1/2P1p3/8/P3P3/5PPP/R2R2K1 b - - 0 19,b7a8
22,EulerE,Mk271286,820,841,r5k1/p1p3pp/6n1/2P1p3/8/P3P3/5PPP/R2R2K1 w - - 0 20,f8a8
22,EulerE,Mk271286,820,841,r5k1/p1pR2pp/6n1/2P1p3/8/P3P3/5PPP/R5K1 b - - 1 20,d1d7
22,EulerE,Mk271286,820,841,2r3k1/p1pR2pp/6n1/2P1p3/8/P3P3/5PPP/R5K1 w - - 2 21,a8c8
22,EulerE,Mk271286,820,841,2r3k1/p1pR2pp/6n1/2P1p3/8/P3P1P1/5P1P/R5K1 b - - 0 21,g2g3
22,EulerE,Mk271286,820,841,2r3k1/p1pR2pp/6n1/2P5/4p3/P3P1P1/5P1P/R5K1 w - - 0 22,e5e4
22,EulerE,Mk271286,820,841,2r3k1/p1pR2pp/2P3n1/8/4p3/P3P1P1/5P1P/R5K1 b - - 0 22,c5c6
22,EulerE,Mk271286,820,841,2r3k1/2pR2pp/p1P3n1/8/4p3/P3P1P1/5P1P/R5K1 w - - 0 23,a7a6
22,EulerE,Mk271286,820,841,2r3k1/2pR2pp/p1P3n1/8/4pP2/P3P1P1/7P/R5K1 b - f3 0 23,f2f4
22,EulerE,Mk271286,820,841,2r2nk1/2pR2pp/p1P5/8/4pP2/P3P1P1/7P/R5K1 w - - 1 24,g6f8
22,EulerE,Mk271286,820,841,2r2nk1/2p3pp/p1P5/8/3RpP2/P3P1P1/7P/R5K1 b - - 2 24,d7d4
22,EulerE,Mk271286,820,841,2r3k1/2p3pp/p1P1n3/8/3RpP2/P3P1P1/7P/R5K1 w - - 3 25,f8e6
22,EulerE,Mk271286,820,841,2r3k1/2p3pp/p1P1n3/8/4RP2/P3P1P1/7P/R5K1 b - - 0 25,d4e4
22,EulerE,Mk271286,820,841,2r3k1/2p3pp/p1P5/2n5/4RP2/P3P1P1/7P/R5K1 w - - 1 26,e6c5
22,EulerE,Mk271286,820,841,2r3k1/2p3pp/p1P5/2n5/2R2P2/P3P1P1/7P/R5K1 b - - 2 26,e4c4
22,EulerE,Mk271286,820,841,2r3k1/2p3pp/p1P5/8/2R2P2/Pn2P1P1/7P/R5K1 w - - 3 27,c5b3
22,EulerE,Mk271286,820,841,2r3k1/2p3pp/p1P5/8/2R2P2/Pn2P1P1/7P/1R4K1 b - - 4 27,a1b1
22,EulerE,Mk271286,820,841,2r3k1/2p3pp/p1P5/8/2R2P2/P3P1P1/3n3P/1R4K1 w - - 5 28,b3d2
22,EulerE,Mk271286,820,841,2r3k1/2p3pp/p1P5/8/5P2/P3P1P1/3n3P/1RR3K1 b - - 6 28,c4c1
22,EulerE,Mk271286,820,841,2r3k1/2p3pp/p1P5/8/5P2/P3P1P1/7P/1nR3K1 w - - 0 29,d2b1
22,EulerE,Mk271286,820,841,2r3k1/2p3pp/p1P5/8/5P2/P3P1P1/7P/1R4K1 b - - 0 29,c1b1
22,EulerE,Mk271286,820,841,2r3k1/2p3p1/p1P4p/8/5P2/P3P1P1/7P/1R4K1 w - - 0 30,h7h6
22,EulerE,Mk271286,820,841,2r3k1/1Rp3p1/p1P4p/8/5P2/P3P1P1/7P/6K1 b - - 1 30,b1b7
22,EulerE,Mk271286,820,841,2r5/1Rp3pk/p1P4p/8/5P2/P3P1P1/7P/6K1 w - - 2 31,g8h7
22,EulerE,Mk271286,820,841,2r5/R1p3pk/p1P4p/8/5P2/P3P1P1/7P/6K1 b - - 3 31,b7a7
22,EulerE,Mk271286,820,841,4r3/R1p3pk/p1P4p/8/5P2/P3P1P1/7P/6K1 w - - 4 32,c8e8
22,EulerE,Mk271286,820,841,4r3/R1p3pk/p1P4p/8/5P2/P3P1P1/5K1P/8 b - - 5 32,g1f2
22,EulerE,Mk271286,820,841,8/R1p3pk/p1P1r2p/8/5P2/P3P1P1/5K1P/8 w - - 6 33,e8e6
22,EulerE,Mk271286,820,841,8/2R3pk/p1P1r2p/8/5P2/P3P1P1/5K1P/8 b - - 0 33,a7c7
22,EulerE,Mk271286,820,841,8/2R3pk/2P1r2p/p7/5P2/P3P1P1/5K1P/8 w - - 0 34,a6a5
22,EulerE,Mk271286,820,841,8/2R3pk/2P1r2p/p4P2/8/P3P1P1/5K1P/8 b - - 0 34,f4f5
22,EulerE,Mk271286,820,841,8/2R3pk/2P4p/p3rP2/8/P3P1P1/5K1P/8 w - - 1 35,e6e5
22,EulerE,Mk271286,820,841,8/2R3pk/2P4p/p3rP2/6P1/P3P3/5K1P/8 b - - 0 35,g3g4
22,EulerE,Mk271286,820,841,8/2R3pk/2P4p/p1r2P2/6P1/P3P3/5K1P/8 w - - 1 36,e5c5
22,EulerE,Mk271286,820,841,8/2R3pk/2P4p/p1r2P2/4P1P1/P7/5K1P/8 b - - 0 36,e3e4
22,EulerE,Mk271286,820,841,8/2R3pk/2P4p/p4P2/4P1P1/P7/2r2K1P/8 w - - 1 37,c5c2
22,EulerE,Mk271286,820,841,8/2R3pk/2P4p/p4P2/4P1P1/P3K3/2r4P/8 b - - 2 37,f2e3
22,EulerE,Mk271286,820,841,8/2R3pk/2P4p/p4P2/4P1P1/P3K3/7r/8 w - - 0 38,c2h2
22,EulerE,Mk271286,820,841,8/R5pk/2P4p/p4P2/4P1P1/P3K3/7r/8 b - - 1 38,c7a7
22,EulerE,Mk271286,820,841,8/R5pk/2P4p/p4P2/4P1P1/P3K3/2r5/8 w - - 2 39,h2c2
22,EulerE,Mk271286,820,841,8/6pk/2P4p/R4P2/4P1P1/P3K3/2r5/8 b - - 0 39,a7a5
22,EulerE,Mk271286,820,841,8/6pk/2r4p/R4P2/4P1P1/P3K3/8/8 w - - 0 40,c2c6
22,EulerE,Mk271286,820,841,8/6pk/2r4p/R4P2/4PKP1/P7/8/8 b - - 1 40,e3f4
22,EulerE,Mk271286,820,841,8/6pk/7p/R4P2/4PKP1/P7/8/2r5 w - - 2 41,c6c1
22,EulerE,Mk271286,820,841,8/6pk/7p/R3PP2/5KP1/P7/8/2r5 b - - 0 41,e4e5
22,EulerE,Mk271286,820,841,8/6pk/7p/R3PP2/5KP1/P7/8/5r2 w - - 1 42,c1f1
22,EulerE,Mk271286,820,841,8/6pk/7p/R3PP2/4K1P1/P7/8/5r2 b - - 2 42,f4e4
22,EulerE,Mk271286,820,841,8/6pk/7p/R3PP2/4K1P1/P7/8/4r3 w - - 3 43,f1e1
22,EulerE,Mk271286,820,841,8/6pk/7p/R3PP2/5KP1/P7/8/4r3 b - - 4 43,e4f4
22,EulerE,Mk271286,820,841,8/6pk/7p/R3PP2/5KP1/P7/8/5r2 w - - 5 44,e1f1
22,EulerE,Mk271286,820,841,8/6pk/7p/R3PP2/6P1/P3K3/8/5r2 b - - 6 44,f4e3
22,EulerE,Mk271286,820,841,8/6pk/7p/R3PP2/6P1/P3K3/8/4r3 w - - 7 45,f1e1
22,EulerE,Mk271286,820,841,8/6pk/7p/R3PP2/5KP1/P7/8/4r3 b - - 8 45,e3f4
22,EulerE,Mk271286,820,841,8/6pk/7p/R3PP2/5KP1/P7/8/5r2 w - - 9 46,e1f1
23,PremilaRamarethinam,EulerE,812,812,rnbqkbnr/pppppppp/8/8/3P4/8/PPP1PPPP/RNBQKBNR b KQkq - 0 1,d2d4
23,PremilaRamarethinam,EulerE,812,812,rnbqkbnr/ppp1pppp/8/3p4/3P4/8/PPP1PPPP/RNBQKBNR w KQkq - 0 2,d7d5
23,PremilaRamarethinam,EulerE,812,812,rnbqkbnr/ppp1pppp/8/3p4/3P4/4P3/PPP2PPP/RNBQKBNR b KQkq - 0 2,e2e3
23,PremilaRamarethinam,EulerE,812,812,rnbqkbnr/ppp2ppp/4p3/3p4/3P4/4P3/PPP2PPP/RNBQKBNR w KQkq - 0 3,e7e6
23,PremilaRamarethinam,EulerE,812,812,rnbqkbnr/ppp2ppp/4p3/3p4/2PP4/4P3/PP3PPP/RNBQKBNR b KQkq - 0 3,c2c4
23,PremilaRamarethinam,EulerE,812,812,rnbqkbnr/p1p2ppp/1p2p3/3p4/2PP4/4P3/PP3PPP/RNBQKBNR w KQkq - 0 4,b7b6
23,PremilaRamarethinam,EulerE,812,812,rnbqkbnr/p1p2ppp/1p2p3/3P4/3P4/4P3/PP3PPP/RNBQKBNR b KQkq - 0 4,c4d5
23,PremilaRamarethinam,EulerE,812,812,rnbqkbnr/p1p2ppp/1p6/3p4/3P4/4P3/PP3PPP/RNBQKBNR w KQkq - 0 5,e6d5
23,PremilaRamarethinam,EulerE,812,812,rnbqkbnr/p1p2ppp/1p6/1B1p4/3P4/4P3/PP3PPP/RNBQK1NR b KQkq - 1 5,f1b5
23,PremilaRamarethinam,EulerE,812,812,rnbqkbnr/p4ppp/1pp5/1B1p4/3P4/4P3/PP3PPP/RNBQK1NR w KQkq - 0 6,c7c6
23,PremilaRamarethinam,EulerE,812,812,rnbqkbnr/p4ppp/1pp5/3p4/3P4/4P3/PP3PPP/RNBQKBNR b KQkq - 1 6,b5f1
23,PremilaRamarethinam,EulerE,812,812,rnbqkb1r/p4ppp/1pp2n2/3p4/3P4/4P3/PP3PPP/RNBQKBNR w KQkq - 2 7,g8f6
23,PremilaRamarethinam,EulerE,812,812,rnbqkb1r/p4ppp/1pp2n2/3p4/3P4/2N1P3/PP3PPP/R1BQKBNR b KQkq - 3 7,b1c3
23,PremilaRamarethinam,EulerE,812,812,rn1qkb1r/p4ppp/1pp2n2/3p4/3P2b1/2N1P3/PP3PPP/R1BQKBNR w KQkq - 4 8,c8g4
23,PremilaRamarethinam,EulerE,812,812,rn1qkb1r/p4ppp/1pp2n2/3p4/3P2b1/2N1PP2/PP4PP/R1BQKBNR b KQkq - 0 8,f2f3
23,PremilaRamarethinam,EulerE,812,812,rn1qkb1r/p4ppp/1pp1bn2/3p4/3P4/2N1PP2/PP4PP/R1BQKBNR w KQkq - 1 9,g4e6
23,PremilaRamarethinam,EulerE,812,812,rn1qkb1r/p4ppp/1pp1bn2/3p4/3PP3/2N2P2/PP4PP/R1BQKBNR b KQkq - 0 9,e3e4
23,PremilaRamarethinam,EulerE,812,812,rn1qkb1r/p4ppp/1pp1bn2/8/3Pp3/2N2P2/PP4PP/R1BQKBNR w KQkq - 0 10,d5e4
23,PremilaRamarethinam,EulerE,812,812,rn1qkb1r/p4ppp/1pp1bn2/8/3PP3/2N5/PP4PP/R1BQKBNR b KQkq - 0 10,f3e4
23,PremilaRamarethinam,EulerE,812,812,r2qkb1r/p2n1ppp/1pp1bn2/8/3PP3/2N5/PP4PP/R1BQKBNR w KQkq - 1 11,b8d7
23,PremilaRamarethinam,EulerE,812,812,r2qkb1r/p2n1ppp/1pp1bn2/4P3/3P4/2N5/PP4PP/R1BQKBNR b KQkq - 0 11,e4e5
23,PremilaRamarethinam,EulerE,812,812,r2qkb1r/p2n1ppp/1pp1b3/3nP3/3P4/2N5/PP4PP/R1BQKBNR w KQkq - 1 12,f6d5
23,PremilaRamarethinam,EulerE,812,812,r2qkb1r/p2n1ppp/1pp1b3/3nP3/3PN3/8/PP4PP/R1BQKBNR b KQkq - 2 12,c3e4
23,PremilaRamarethinam,EulerE,812,812,r2qkb1r/p2n1ppp/1p2b3/2pnP3/3PN3/8/PP4PP/R1BQKBNR w KQkq - 0 13,c6c5
23,PremilaRamarethinam,EulerE,812,812,r2qkb1r/p2n1ppp/1p2b3/2PnP3/4N3/8/PP4PP/R1BQKBNR b KQkq - 0 13,d4c5
23,PremilaRamarethinam,EulerE,812,812,r2qkb1r/p2n1ppp/4b3/2pnP3/4N3/8/PP4PP/R1BQKBNR w KQkq - 0 14,b6c5
23,PremilaRamarethinam,EulerE,812,812,r2qkb1r/p2n1ppp/4b3/2pnP1B1/4N3/8/PP4PP/R2QKBNR b KQkq - 1 14,c1g5
23,PremilaRamarethinam,EulerE,812,812,r2qkb1r/p2n2pp/4bp2/2pnP1B1/4N3/8/PP4PP/R2QKBNR w KQkq - 0 15,f7f6
23,PremilaRamarethinam,EulerE,812,812,r2qkb1r/p2n2pp/4bP2/2pn2B1/4N3/8/PP4PP/R2QKBNR b KQkq - 0 15,e5f6
23,PremilaRamarethinam,EulerE,812,812,r2qkb1r/p2n3p/4bp2/2pn2B1/4N3/8/PP4PP/R2QKBNR w KQkq - 0 16,g7f6
23,PremilaRamarethinam,EulerE,812,812,r2qkb1r/p2n3p/4bp2/2pn4/4N2B/8/PP4PP/R2QKBNR b KQkq - 1 16,g5h4
23,PremilaRamarethinam,EulerE,812,812,r2qkb1r/p6p/1n2bp2/2pn4/4N2B/8/PP4PP/R2QKBNR w KQkq - 2 17,d7b6
23,PremilaRamarethinam,EulerE,812,812,r2qkb1r/p6p/1n2bp2/2pn3Q/4N2B/8/PP4PP/R3KBNR b KQkq - 3 17,d1h5
23,PremilaRamarethinam,EulerE,812,812,r2qkb1r/p4b1p/1n3p2/2pn3Q/4N2B/8/PP4PP/R3KBNR w KQkq - 4 18,e6f7
23,PremilaRamarethinam,EulerE,812,812,r2qkb1r/p4b1p/1n3p2/1Bpn3Q/4N2B/8/PP4PP/R3K1NR b KQkq - 5 18,f1b5
23,PremilaRamarethinam,EulerE,812,812,r2qkb1r/p2n1b1p/5p2/1Bpn3Q/4N2B/8/PP4PP/R3K1NR w KQkq - 6 19,b6d7
23,PremilaRamarethinam,EulerE,812,812,r2qkb1r/p2n1b1p/5p2/1Bpn4/4N1QB/8/PP4PP/R3K1NR b KQkq - 7 19,h5g4
23,PremilaRamarethinam,EulerE,812,812,r2qkb1r/p2n1b1p/5p2/1Bp5/4N1QB/4n3/PP4PP/R3K1NR w KQkq - 8 20,d5e3
23,PremilaRamarethinam,EulerE,812,812,r2qkb1r/p2n1b1p/5N2/1Bp5/6QB/4n3/PP4PP/R3K1NR b KQkq - 0 20,e4f6
23,PremilaRamarethinam,EulerE,812,812,r2q1b1r/p2nkb1p/5N2/1Bp5/6QB/4n3/PP4PP/R3K1NR w KQ - 1 21,e8e7
23,PremilaRamarethinam,EulerE,812,812,r2q1b1r/p2nkb1p/5N2/1Bp5/4Q2B/4n3/PP4PP/R3K1NR b KQ - 2 21,g4e4
23,PremilaRamarethinam,EulerE,812,812,r2q1b1r/p2n1b1p/3k1N2/1Bp5/4Q2B/4n3/PP4PP/R3K1NR w KQ - 3 22,e7d6
23,PremilaRamarethinam,EulerE,812,812,r2q1b1r/p2n1b1p/3k1N2/1Bp5/7B/4Q3/PP4PP/R3K1NR b KQ - 0 22,e4e3
23,PremilaRamarethinam,EulerE,812,812,r2q1b1r/p4b1p/3k1n2/1Bp5/7B/4Q3/PP4PP/R3K1NR w KQ - 0 23,d7f6
23,PremilaRamarethinam,EulerE,812,812,r2q1b1r/p4b1p/3k1n2/1Bp5/5Q1B/8/PP4PP/R3K1NR b KQ - 1 23,e3f4
23,PremilaRamarethinam,EulerE,812,812,r2q1b1r/p4b1p/4kn2/1Bp5/5Q1B/8/PP4PP/R3K1NR w KQ - 2 24,d6e6
23,PremilaRamarethinam,EulerE,812,812,r2q1b1r/p4b1p/4kn2/2p5/2B2Q1B/8/PP4PP/R3K1NR b KQ - 3 24,b5c4
23,PremilaRamarethinam,EulerE,812,812,r2q1b1r/p3kb1p/5n2/2p5/2B2Q1B/8/PP4PP/R3K1NR w KQ - 4 25,e6e7
23,PremilaRamarethinam,EulerE,812,812,r2q1b1r/p3kb1p/5n2/2p5/2B4B/4Q3/PP4PP/R3K1NR b KQ - 5 25,f4e3
23,PremilaRamarethinam,EulerE,812,812,r2q1b1r/p2k1b1p/5n2/2p5/2B4B/4Q3/PP4PP/R3K1NR w KQ - 6 26,e7d7
23,PremilaRamarethinam,EulerE,812,812,r2q1b1r/p2k1b1p/5n2/2p5/2B4B/4Q3/PP4PP/3RK1NR b K - 7 26,a1d1
23,PremilaRamarethinam,EulerE,812,812,r2q1b1r/p2k1b1p/8/2pn4/2B4B/4Q3/PP4PP/3RK1NR w K - 8 27,f6d5
23,PremilaRamarethinam,EulerE,812,812,r2q1b1r/p2k1b1p/8/2pB4/7B/4Q3/PP4PP/3RK1NR b K - 0 27,c4d5
23,PremilaRamarethinam,EulerE,812,812,r4b1r/p2k1b1p/8/2pB4/7q/4Q3/PP4PP/3RK1NR w K - 0 28,d8h4
23,PremilaRamarethinam,EulerE,812,812,r4b1r/p2k1b1p/8/2pB4/7q/4Q1P1/PP5P/3RK1NR b K - 0 28,g2g3
23,PremilaRamarethinam,EulerE,812,812,r4b1r/p2k1b1p/8/2pB3q/8/4Q1P1/PP5P/3RK1NR w K - 1 29,h4h5
23,PremilaRamarethinam,EulerE,812,812,B4b1r/p2k1b1p/8/2p4q/8/4Q1P1/PP5P/3RK1NR b K - 0 29,d5a8
23,PremilaRamarethinam,EulerE,812,812,B4b1r/p1k2b1p/8/2p4q/8/4Q1P1/PP5P/3RK1NR w K - 1 30,d7c7
23,PremilaRamarethinam,EulerE,812,812,B4b1r/p1k2b1p/8/2p4q/5Q2/6P1/PP5P/3RK1NR b K - 2 30,e3f4
23,PremilaRamarethinam,EulerE,812,812,B6r/p1k2b1p/3b4/2p4q/5Q2/6P1/PP5P/3RK1NR w K - 3 31,f8d6
24,EulerE,fatih545,820,785,rnbqkbnr/pppppppp/8/8/3P4/8/PPP1PPPP/RNBQKBNR b KQkq - 0 1,d2d4
24,EulerE,fatih545,820,785,rnbqkbnr/ppp1pppp/8/3p4/3P4/8/PPP1PPPP/RNBQKBNR w KQkq - 0 2,d7d5
24,EulerE,fatih545,820,785,rnbqkbnr/ppp1pppp/8/3p4/2PP4/8/PP2PPPP/RNBQKBNR b KQkq - 0 2,c2c4
24,EulerE,fatih545,820,785,rnbqkbnr/ppp1pppp/8/8/2pP4/8/PP2PPPP/RNBQKBNR w KQkq - 0 3,d5c4
24,EulerE,fatih545,820,785,rnbqkbnr/ppp1pppp/8/8/2pP4/4P3/PP3PPP/RNBQKBNR b KQkq - 0 3,e2e3
24,EulerE,fatih545,820,785,rnbqkb1r/ppp1pppp/5n2/8/2pP4/4P3/PP3PPP/RNBQKBNR w KQkq - 1 4,g8f6
24,EulerE,fatih545,820,785,rnbqkb1r/ppp1pppp/5n2/8/2BP4/4P3/PP3PPP/RNBQK1NR b KQkq - 0 4,f1c4
24,EulerE,fatih545,820,785,rn1qkb1r/ppp1pppp/5n2/8/2BP2b1/4P3/PP3PPP/RNBQK1NR w KQkq - 1 5,c8g4
24,EulerE,fatih545,820,785,rn1qkb1r/ppp1pppp/5n2/8/2BP2b1/4PP2/PP4PP/RNBQK1NR b KQkq - 0 5,f2f3
24,EulerE,fatih545,820,785,rn1qkb1r/ppp1pppp/8/7n/2BP2b1/4PP2/PP4PP/RNBQK1NR w KQkq - 1 6,f6h5
24,EulerE,fatih545,820,785,rn1qkb1r/ppp1pppp/8/7n/2BP2P1/4P3/PP4PP/RNBQK1NR b KQkq - 0 6,f3g4
24,EulerE,fatih545,820,785,rn1qkb1r/ppp1pppp/5n2/8/2BP2P1/4P3/PP4PP/RNBQK1NR w KQkq - 1 7,h5f6
24,EulerE,fatih545,820,785,rn1qkb1r/ppp1pppp/5n2/6P1/2BP4/4P3/PP4PP/RNBQK1NR b KQkq - 0 7,g4g5
24,EulerE,fatih545,820,785,rn1qkb1r/ppp1pppp/8/6P1/2BPn3/4P3/PP4PP/RNBQK1NR w KQkq - 1 8,f6e4
24,EulerE,fatih545,820,785,rn1qkb1r/ppp1pppp/8/6P1/3Pn3/3BP3/PP4PP/RNBQK1NR b KQkq - 2 8,c4d3
24,EulerE,fatih545,820,785,rn1qkb1r/ppp1pppp/8/6n1/3P4/3BP3/PP4PP/RNBQK1NR w KQkq - 0 9,e4g5
24,EulerE,fatih545,820,785,rn1qkb1r/ppp1pppp/8/6n1/3P4/3BP3/PP2N1PP/RNBQK2R b KQkq - 1 9,g1e2
24,EulerE,fatih545,820,785,r2qkb1r/ppp1pppp/2n5/6n1/3P4/3BP3/PP2N1PP/RNBQK2R w KQkq - 2 10,b8c6
24,EulerE,fatih545,820,785,r2qkb1r/ppp1pppp/2n5/6n1/3P4/3BP3/PP2N1PP/RNBQ1RK1 b kq - 3 10,e1g1
24,EulerE,fatih545,820,785,r3kb1r/ppp1pppp/2nq4/6n1/3P4/3BP3/PP2N1PP/RNBQ1RK1 w kq - 4 11,d8d6
24,EulerE,fatih545,820,785,r3kb1r/ppp1pppp/2nq4/6n1/3P4/2NBP3/PP2N1PP/R1BQ1RK1 b kq - 5 11,b1c3
24,EulerE,fatih545,820,785,r3kb1r/1pp1pppp/p1nq4/6n1/3P4/2NBP3/PP2N1PP/R1BQ1RK1 w kq - 0 12,a7a6
24,EulerE,fatih545,820,785,r3kb1r/1pp1pppp/p1nq4/6n1/3P4/2NBP3/PP1BN1PP/R2Q1RK1 b kq - 1 12,c1d2
24,EulerE,fatih545,820,785,r3kb1r/1pp1p1pp/p1nq1p2/6n1/3P4/2NBP3/PP1BN1PP/R2Q1RK1 w kq - 0 13,f7f6
24,EulerE,fatih545,820,785,r3kb1r/1pp1p1pp/p1nq1p2/3P2n1/8/2NBP3/PP1BN1PP/R2Q1RK1 b kq - 0 13,d4d5
24,EulerE,fatih545,820,785,r3kb1r/1pp1p1pp/p2q1p2/3Pn1n1/8/2NBP3/PP1BN1PP/R2Q1RK1 w kq - 1 14,c6e5
24,EulerE,fatih545,820,785,r3kb1r/1pp1p1pp/p2q1p2/3Pn1n1/8/2N1P3/PPBBN1PP/R2Q1RK1 b kq - 2 14,d3c2
24,EulerE,fatih545,820,785,r3kb1r/1pp1p1pp/p2q1p2/3P2n1/6n1/2N1P3/PPBBN1PP/R2Q1RK1 w kq - 3 15,e5g4
24,EulerE,fatih545,820,785,r3kb1r/1pp1p1pp/p2q1p2/3P2n1/5Nn1/2N1P3/PPBB2PP/R2Q1RK1 b kq - 4 15,e2f4
24,EulerE,fatih545,820,785,r3kb1r/1pp3pp/p2q1p2/3Pp1n1/5Nn1/2N1P3/PPBB2PP/R2Q1RK1 w kq e6 0 16,e7e5
24,EulerE,fatih545,820,785,r3kb1r/1pp3pp/p2q1p2/3Pp1n1/6n1/2N1P3/PPBBN1PP/R2Q1RK1 b kq - 1 16,f4e2
24,EulerE,fatih545,820,785,r3kb1r/1pp3pp/p2q1p2/3P2n1/4p1n1/2N1P3/PPBBN1PP/R2Q1RK1 w kq - 0 17,e5e4
24,EulerE,fatih545,820,785,r3kb1r/1pp3pp/p2q1p2/3P2n1/4p1n1/2N1P1P1/PPBBN2P/R2Q1RK1 b kq - 0 17,g2g3
24,EulerE,fatih545,820,785,r3kb1r/1pp3p1/p2q1p2/3P2np/4p1n1/2N1P1P1/PPBBN2P/R2Q1RK1 w kq - 0 18,h7h5
24,EulerE,fatih545,820,785,r3kb1r/1pp3p1/p2q1p2/3P2np/4N1n1/4P1P1/PPBBN2P/R2Q1RK1 b kq - 0 18,c3e4
24,EulerE,fatih545,820,785,r3kb1r/1pp3p1/p4p2/3q2np/4N1n1/4P1P1/PPBBN2P/R2Q1RK1 w kq - 0 19,d6d5
24,EulerE,fatih545,820,785,r3kb1r/1pp3p1/p4p2/3q2np/4N1n1/2N1P1P1/PPBB3P/R2Q1RK1 b kq - 1 19,e2c3
24,EulerE,fatih545,820,785,r3kb1r/1pp3p1/p4p2/4q1np/4N1n1/2N1P1P1/PPBB3P/R2Q1RK1 w kq - 2 20,d5e5
24,EulerE,fatih545,820,785,r3kb1r/1pp3p1/p4p2/4q1np/4N1n1/2N1P1P1/PPB4P/R2QBRK1 b kq - 3 20,d2e1
24,EulerE,fatih545,820,785,r3kb1r/1pp3p1/p4p2/4q1n1/4N1np/2N1P1P1/PPB4P/R2QBRK1 w kq - 0 21,h5h4
24,EulerE,fatih545,820,785,r3kb1r/1pp3p1/p4p2/4q1n1/4N1Qp/2N1P1P1/PPB4P/R3BRK1 b kq - 0 21,d1g4
24,EulerE,fatih545,820,785,r3kb1r/1pp3p1/p7/4qpn1/4N1Qp/2N1P1P1/PPB4P/R3BRK1 w kq - 0 22,f6f5
24,EulerE,fatih545,820,785,r3kb1r/1pp3p1/p7/4qpQ1/4N2p/2N1P1P1/PPB4P/R3BRK1 b kq - 0 22,g4g5
24,EulerE,fatih545,820,785,r3k2r/1pp1b1p1/p7/4qpQ1/4N2p/2N1P1P1/PPB4P/R3BRK1 w kq - 1 23,f8e7
24,EulerE,fatih545,820,785,r3k2r/1pp1b1p1/p5Q1/4qp2/4N2p/2N1P1P1/PPB4P/R3BRK1 b kq - 2 23,g5g6
24,EulerE,fatih545,820,785,r4k1r/1pp1b1p1/p5Q1/4qp2/4N2p/2N1P1P1/PPB4P/R3BRK1 w - - 3 24,e8f8
24,EulerE,fatih545,820,785,r4k1r/1pp1b1p1/p5Q1/4qp2/4N2p/2N1P1P1/PPB2R1P/R3B1K1 b - - 4 24,f1f2
24,EulerE,fatih545,820,785,r4k2/1pp1b1p1/p5Qr/4qp2/4N2p/2N1P1P1/PPB2R1P/R3B1K1 w - - 5 25,h8h6
24,EulerE,fatih545,820,785,r4k2/1pp1b1p1/p6r/4qQ2/4N2p/2N1P1P1/PPB2R1P/R3B1K1 b - - 0 25,g6f5
24,EulerE,fatih545,820,785,r4k2/1pp1b1p1/p6r/5q2/4N2p/2N1P1P1/PPB2R1P/R3B1K1 w - - 0 26,e5f5
24,EulerE,fatih545,820,785,r4k2/1pp1b1p1/p6r/5R2/4N2p/2N1P1P1/PPB4P/R3B1K1 b - - 0 26,f2f5
24,EulerE,fatih545,820,785,r4k2/1pp3p1/p4b1r/5R2/4N2p/2N1P1P1/PPB4P/R3B1K1 w - - 1 27,e7f6
24,EulerE,fatih545,820,785,r4k2/1pp3p1/p4N1r/5R2/7p/2N1P1P1/PPB4P/R3B1K1 b - - 0 27,e4f6
24,EulerE,fatih545,820,785,r4k2/1pp5/p4p1r/5R2/7p/2N1P1P1/PPB4P/R3B1K1 w - - 0 28,g7f6
24,EulerE,fatih545,820,785,r4k2/1pp5/p4p1r/3N1R2/7p/4P1P1/PPB4P/R3B1K1 b - - 1 28,c3d5
24,EulerE,fatih545,820,785,3r1k2/1pp5/p4p1r/3N1R2/7p/4P1P1/PPB4P/R3B1K1 w - - 2 29,a8d8
24,EulerE,fatih545,820,785,3r1k2/1pp5/p4R1r/3N4/7p/4P1P1/PPB4P/R3B1K1 b - - 0 29,f5f6
24,EulerE,fatih545,820,785,3r1k2/1pp5/p4r2/3N4/7p/4P1P1/PPB4P/R3B1K1 w - - 0 30,h6f6
24,EulerE,fatih545,820,785,3r1k2/1pp5/p4N2/8/7p/4P1P1/PPB4P/R3B1K1 b - - 0 30,d5f6
24,EulerE,fatih545,820,785,3r1k2/1pp5/p4N2/8/8/4P1p1/PPB4P/R3B1K1 w - - 0 31,h4g3
24,EulerE,fatih545,820,785,3r1k2/1pp5/p4N2/8/8/4P1P1/PPB5/R3B1K1 b - - 0 31,h2g3
24,EulerE,fatih545,820,785,3r4/1pp2k2/p4N2/8/8/4P1P1/PPB5/R3B1K1 w - - 1 32,f8f7
24,EulerE,fatih545,820,785,3r4/1pp2k2/p4N2/8/8/2B1P1P1/PPB5/R5K1 b - - 2 32,e1c3
24,EulerE,fatih545,820,785,8/1pp2k2/p4N2/8/8/2B1P1P1/PPBr4/R5K1 w - - 3 33,d8d2
24,EulerE,fatih545,820,785,8/1pp2k2/p4N2/8/8/1BB1P1P1/PP1r4/R5K1 b - - 4 33,c2b3
25,Darkcry12,EulerE,825,828,rnbqkbnr/pppppppp/8/8/4P3/8/PPPP1PPP/RNBQKBNR b KQkq - 0 1,e2e4
25,Darkcry12,EulerE,825,828,rnbqkbnr/pppp1ppp/8/4p3/4P3/8/PPPP1PPP/RNBQKBNR w KQkq - 0 2,e7e5
25,Darkcry12,EulerE,825,828,rnbqkbnr/pppp1ppp/8/4p3/4P3/5N2/PPPP1PPP/RNBQKB1R b KQkq - 1 2,g1f3
25,Darkcry12,EulerE,825,828,rnbqkbnr/ppp2ppp/3p4/4p3/4P3/5N2/PPPP1PPP/RNBQKB1R w KQkq - 0 3,d7d6
25,Darkcry12,EulerE,825,828,rnbqkbnr/ppp2ppp/3p4/4p3/4P3/2N2N2/PPPP1PPP/R1BQKB1R b KQkq - 1 3,b1c3
25,Darkcry12,EulerE,825,828,rnbqkbnr/ppp2p1p/3p2p1/4p3/4P3/2N2N2/PPPP1PPP/R1BQKB1R w KQkq - 0 4,g7g6
25,Darkcry12,EulerE,825,828,rnbqkbnr/ppp2p1p/3p2p1/4p3/3PP3/2N2N2/PPP2PPP/R1BQKB1R b KQkq - 0 4,d2d4
25,Darkcry12,EulerE,825,828,r1bqkbnr/ppp2p1p/2np2p1/4p3/3PP3/2N2N2/PPP2PPP/R1BQKB1R w KQkq - 1 5,b8c6
25,Darkcry12,EulerE,825,828,r1bqkbnr/ppp2p1p/2np2p1/4p1B1/3PP3/2N2N2/PPP2PPP/R2QKB1R b KQkq - 2 5,c1g5
25,Darkcry12,EulerE,825,828,r1bqkbnr/ppp4p/2np1pp1/4p1B1/3PP3/2N2N2/PPP2PPP/R2QKB1R w KQkq - 0 6,f7f6
25,Darkcry12,EulerE,825,828,r1bqkbnr/ppp4p/2np1pp1/4p3/3PP2B/2N2N2/PPP2PPP/R2QKB1R b KQkq - 1 6,g5h4
25,Darkcry12,EulerE,825,828,r1bqkbnr/ppp4p/2np1p2/4p1p1/3PP2B/2N2N2/PPP2PPP/R2QKB1R w KQkq - 0 7,g6g5
25,Darkcry12,EulerE,825,828,r1bqkbnr/ppp4p/2np1p2/4p1p1/3PP3/2N2NB1/PPP2PPP/R2QKB1R b KQkq - 1 7,h4g3
25,Darkcry12,EulerE,825,828,r2qkbnr/ppp4p/2np1p2/4p1p1/3PP1b1/2N2NB1/PPP2PPP/R2QKB1R w KQkq - 2 8,c8g4
25,Darkcry12,EulerE,825,828,r2qkbnr/ppp4p/2np1p2/1B2p1p1/3PP1b1/2N2NB1/PPP2PPP/R2QK2R b KQkq - 3 8,f1b5
25,Darkcry12,EulerE,825,828,r2qkbnr/ppp4p/2np1p2/1B2p1p1/3PP3/2N2bB1/PPP2PPP/R2QK2R w KQkq - 0 9,g4f3
25,Darkcry12,EulerE,825,828,r2qkbnr/ppp4p/2np1p2/1B2p1p1/3PP3/2N2QB1/PPP2PPP/R3K2R b KQkq - 0 9,d1f3
25,Darkcry12,EulerE,825,828,r3kbnr/pppq3p/2np1p2/1B2p1p1/3PP3/2N2QB1/PPP2PPP/R3K2R w KQkq - 1 10,d8d7
25,Darkcry12,EulerE,825,828,r3kbnr/pppq3p/2np1Q2/1B2p1p1/3PP3/2N3B1/PPP2PPP/R3K2R b KQkq - 0 10,f3f6
25,Darkcry12,EulerE,825,828,r3kb1r/pppq3p/2np1n2/1B2p1p1/3PP3/2N3B1/PPP2PPP/R3K2R w KQkq - 0 11,g8f6
25,Darkcry12,EulerE,825,828,r3kb1r/pppq3p/2np1n2/1B1Np1p1/3PP3/6B1/PPP2PPP/R3K2R b KQkq - 1 11,c3d5
25,Darkcry12,EulerE,825,828,r3kb1r/pppq3p/2np4/1B1np1p1/3PP3/6B1/PPP2PPP/R3K2R w KQkq - 0 12,f6d5
25,Darkcry12,EulerE,825,828,r3kb1r/pppq3p/2np4/1B1Pp1p1/3P4/6B1/PPP2PPP/R3K2R b KQkq - 0 12,e4d5
25,Darkcry12,EulerE,825,828,r3kb1r/1ppq3p/p1np4/1B1Pp1p1/3P4/6B1/PPP2PPP/R3K2R w KQkq - 0 13,a7a6
25,Darkcry12,EulerE,825,828,r3kb1r/1ppq3p/p1Bp4/3Pp1p1/3P4/6B1/PPP2PPP/R3K2R b KQkq - 0 13,b5c6
25,Darkcry12,EulerE,825,828,r3kb1r/2pq3p/p1pp4/3Pp1p1/3P4/6B1/PPP2PPP/R3K2R w KQkq - 0 14,b7c6
25,Darkcry12,EulerE,825,828,r3kb1r/2pq3p/p1Pp4/4p1p1/3P4/6B1/PPP2PPP/R3K2R b KQkq - 0 14,d5c6
25,Darkcry12,EulerE,825,828,r3kb1r/2p4p/p1qp4/4p1p1/3P4/6B1/PPP2PPP/R3K2R w KQkq - 0 15,d7c6
25,Darkcry12,EulerE,825,828,r3kb1r/2p4p/p1qp4/4p1p1/3P4/6B1/PPP2PPP/R4RK1 b kq - 1 15,e1g1
25,Darkcry12,EulerE,825,828,r3kb1r/2p4p/p2p4/4p1p1/3P4/6B1/PPq2PPP/R4RK1 w kq - 0 16,c6c2
25,Darkcry12,EulerE,825,828,r3kb1r/2p4p/p2p4/4p1p1/3P4/6B1/PPq2PPP/1R3RK1 b kq - 1 16,a1b1
25,Darkcry12,EulerE,825,828,r3kb1r/2p4p/p2p4/6p1/3p4/6B1/PPq2PPP/1R3RK1 w kq - 0 17,e5d4
25,Darkcry12,EulerE,825,828,r3kb1r/2p4p/p2p4/6p1/3p4/1P4B1/P1q2PPP/1R3RK1 b kq - 0 17,b2b3
25,Darkcry12,EulerE,825,828,r3kb1r/2p4p/p2p4/6p1/8/1P1p2B1/P1q2PPP/1R3RK1 w kq - 0 18,d4d3
25,Darkcry12,EulerE,825,828,r3kb1r/2p4p/p2p4/6p1/8/1P1p2B1/P1q2PPP/1R1R2K1 b kq - 1 18,f1d1
25,Darkcry12,EulerE,825,828,r3kb1r/2p4p/p2p4/6p1/8/1P4B1/P1qp1PPP/1R1R2K1 w kq - 0 19,d3d2
25,Darkcry12,EulerE,825,828,r3kb1r/2p4p/p2p4/6p1/8/1P4B1/P1qp1PPP/2RR2K1 b kq - 1 19,b1c1
25,Darkcry12,EulerE,825,828,r3kb1r/2p4p/p2p4/6p1/8/1P4B1/P1q2PPP/2qR2K1 w kq - 0 20,d2c1q
25,Darkcry12,EulerE,825,828,r3kb1r/2p4p/p2p4/6p1/8/1P4B1/P1q2PPP/2R3K1 b kq - 0 20,d1c1
25,Darkcry12,EulerE,825,828,r3kb1r/2p4p/p2p4/6p1/8/1P4B1/P4PPP/2q3K1 w kq - 0 21,c2c1
26,EulerE,SpottyEyeball,837,850,rnbqkbnr/pppppppp/8/8/3P4/8/PPP1PPPP/RNBQKBNR b KQkq - 0 1,d2d4
26,EulerE,SpottyEyeball,837,850,rnbqkbnr/ppp1pppp/8/3p4/3P4/8/PPP1PPPP/RNBQKBNR w KQkq - 0 2,d7d5
26,EulerE,SpottyEyeball,837,850,rnbqkbnr/ppp1pppp/8/3p4/2PP4/8/PP2PPPP/RNBQKBNR b KQkq - 0 2,c2c4
26,EulerE,SpottyEyeball,837,850,rnbqkbnr/ppp1pppp/8/8/2pP4/8/PP2PPPP/RNBQKBNR w KQkq - 0 3,d5c4
26,EulerE,SpottyEyeball,837,850,rnbqkbnr/ppp1pppp/8/8/2pP4/4P3/PP3PPP/RNBQKBNR b KQkq - 0 3,e2e3
26,EulerE,SpottyEyeball,837,850,rnbqkbnr/ppp2ppp/4p3/8/2pP4/4P3/PP3PPP/RNBQKBNR w KQkq - 0 4,e7e6
26,EulerE,SpottyEyeball,837,850,rnbqkbnr/ppp2ppp/4p3/8/2pP4/4P3/PP1B1PPP/RN1QKBNR b KQkq - 1 4,c1d2
26,EulerE,SpottyEyeball,837,850,r1bqkbnr/ppp2ppp/2n1p3/8/2pP4/4P3/PP1B1PPP/RN1QKBNR w KQkq - 2 5,b8c6
26,EulerE,SpottyEyeball,837,850,r1bqkbnr/ppp2ppp/2n1p3/8/2BP4/4P3/PP1B1PPP/RN1QK1NR b KQkq - 0 5,f1c4
26,EulerE,SpottyEyeball,837,850,r1bqk1nr/ppp2ppp/2n1p3/8/1bBP4/4P3/PP1B1PPP/RN1QK1NR w KQkq - 1 6,f8b4
26,EulerE,SpottyEyeball,837,850,r1bqk1nr/ppp2ppp/2n1p3/8/1BBP4/4P3/PP3PPP/RN1QK1NR b KQkq - 0 6,d2b4
26,EulerE,SpottyEyeball,837,850,r1bqk1nr/ppp2ppp/4p3/8/1nBP4/4P3/PP3PPP/RN1QK1NR w KQkq - 0 7,c6b4
26,EulerE,SpottyEyeball,837,850,r1bqk1nr/ppp2ppp/4p3/8/1nBP4/P3P3/1P3PPP/RN1QK1NR b KQkq - 0 7,a2a3
26,EulerE,SpottyEyeball,837,850,r1bqk1nr/ppp2ppp/2n1p3/8/2BP4/P3P3/1P3PPP/RN1QK1NR w KQkq - 1 8,b4c6
26,EulerE,SpottyEyeball,837,850,r1bqk1nr/ppp2ppp/2n1p3/8/Q1BP4/P3P3/1P3PPP/RN2K1NR b KQkq - 2 8,d1a4
26,EulerE,SpottyEyeball,837,850,r2qk1nr/pppb1ppp/2n1p3/8/Q1BP4/P3P3/1P3PPP/RN2K1NR w KQkq - 3 9,c8d7
26,EulerE,SpottyEyeball,837,850,r2qk1nr/pppb1ppp/2n1p3/1B6/Q2P4/P3P3/1P3PPP/RN2K1NR b KQkq - 4 9,c4b5
26,EulerE,SpottyEyeball,837,850,r2qk2r/pppb1ppp/2n1pn2/1B6/Q2P4/P3P3/1P3PPP/RN2K1NR w KQkq - 5 10,g8f6
26,EulerE,SpottyEyeball,837,850,r2qk2r/pppb1ppp/2n1pn2/1B6/Q2P4/P1N1P3/1P3PPP/R3K1NR b KQkq - 6 10,b1c3
26,EulerE,SpottyEyeball,837,850,r2qk2r/1ppb1ppp/p1n1pn2/1B6/Q2P4/P1N1P3/1P3PPP/R3K1NR w KQkq - 0 11,a7a6
26,EulerE,SpottyEyeball,837,850,r2qk2r/1ppb1ppp/p1n1pn2/8/Q2P4/P1NBP3/1P3PPP/R3K1NR b KQkq - 1 11,b5d3
26,EulerE,SpottyEyeball,837,850,r2qk2r/1ppb1ppp/p1n1p3/3n4/Q2P4/P1NBP3/1P3PPP/R3K1NR w KQkq - 2 12,f6d5
26,EulerE,SpottyEyeball,837,850,r2qk2r/1ppb1ppp/p1n1p3/3N4/Q2P4/P2BP3/1P3PPP/R3K1NR b KQkq - 0 12,c3d5
26,EulerE,SpottyEyeball,837,850,r2qk2r/1ppb1ppp/p1n5/3p4/Q2P4/P2BP3/1P3PPP/R3K1NR w KQkq - 0 13,e6d5
26,EulerE,SpottyEyeball,837,850,r2qk2r/1ppb1ppp/p1n5/3p4/3P4/P2BP3/1P3PPP/R2QK1NR b KQkq - 1 13,a4d1
26,EulerE,SpottyEyeball,837,850,r2qk2r/1ppb1ppp/p7/n2p4/3P4/P2BP3/1P3PPP/R2QK1NR w KQkq - 2 14,c6a5
26,EulerE,SpottyEyeball,837,850,r2qk2r/1ppb1ppp/p7/n2p4/3P4/P2BP3/1P2NPPP/R2QK2R b KQkq - 3 14,g1e2
26,EulerE,SpottyEyeball,837,850,r2qk2r/1pp2ppp/p1b5/n2p4/3P4/P2BP3/1P2NPPP/R2QK2R w KQkq - 4 15,d7c6
26,EulerE,SpottyEyeball,837,850,r2qk2r/1pp2ppp/p1b5/n2p4/3P4/P2BP3/1P2NPPP/R2Q1RK1 b kq - 5 15,e1g1
26,EulerE,SpottyEyeball,837,850,r3k2r/1ppq1ppp/p1b5/n2p4/3P4/P2BP3/1P2NPPP/R2Q1RK1 w kq - 6 16,d8d7
26,EulerE,SpottyEyeball,837,850,r3k2r/1ppq1ppp/p1b5/n2p4/3P4/P3P3/1PB1NPPP/R2Q1RK1 b kq - 7 16,d3c2
26,EulerE,SpottyEyeball,837,850,2kr3r/1ppq1ppp/p1b5/n2p4/3P4/P3P3/1PB1NPPP/R2Q1RK1 w - - 8 17,e8c8
26,EulerE,SpottyEyeball,837,850,2kr3r/1ppq1ppp/p1b5/n2p4/3P4/P1N1P3/1PB2PPP/R2Q1RK1 b - - 9 17,e2c3
26,EulerE,SpottyEyeball,837,850,2kr3r/1ppq1ppp/p1b5/3p4/2nP4/P1N1P3/1PB2PPP/R2Q1RK1 w - - 10 18,a5c4
26,EulerE,SpottyEyeball,837,850,2kr3r/1ppq1ppp/p1b5/3p4/B1nP4/P1N1P3/1P3PPP/R2Q1RK1 b - - 11 18,c2a4
26,EulerE,SpottyEyeball,837,850,2kr3r/1ppq1ppp/p1b5/3p4/B2P4/P1N1P3/1n3PPP/R2Q1RK1 w - - 0 19,c4b2
26,EulerE,SpottyEyeball,837,850,2kr3r/1ppq1ppp/p1B5/3p4/3P4/P1N1P3/1n3PPP/R2Q1RK1 b - - 0 19,a4c6
26,EulerE,SpottyEyeball,837,850,2kr3r/1pp2ppp/p1q5/3p4/3P4/P1N1P3/1n3PPP/R2Q1RK1 w - - 0 20,d7c6
26,EulerE,SpottyEyeball,837,850,2kr3r/1pp2ppp/p1q5/3p4/3P4/P1N1P3/1n3PPP/R1Q2RK1 b - - 1 20,d1c1
26,EulerE,SpottyEyeball,837,850,2kr3r/1pp2ppp/p1q5/3p4/3P4/P1NnP3/5PPP/R1Q2RK1 w - - 2 21,b2d3
26,EulerE,SpottyEyeball,837,850,2kr3r/1pp2ppp/p1q5/3p4/3P4/P1NnP3/2Q2PPP/R4RK1 b - - 3 21,c1c2
26,EulerE,SpottyEyeball,837,850,2kr3r/1pp2ppp/p7/3p4/2qP4/P1NnP3/2Q2PPP/R4RK1 w - - 4 22,c6c4
26,EulerE,SpottyEyeball,837,850,2kr3r/1pp2ppp/p7/3p4/2qP4/P1NnP3/2Q2PPP/R2R2K1 b - - 5 22,f1d1
26,EulerE,SpottyEyeball,837,850,2kr3r/1pp2ppp/p7/3p4/2qP4/P1N1P3/2Q2nPP/R2R2K1 w - - 0 23,d3f2
26,EulerE,SpottyEyeball,837,850,2kr3r/1pp2ppp/p7/3p4/2qP4/P1N1P3/2Q2KPP/R2R4 b - - 0 23,g1f2
26,EulerE,SpottyEyeball,837,850,2kr3r/1pp2p1p/p5p1/3p4/2qP4/P1N1P3/2Q2KPP/R2R4 w - - 0 24,g7g6
26,EulerE,SpottyEyeball,837,850,2kr3r/1pp2p1p/p5p1/3p4/2qP4/P1NQP3/5KPP/R2R4 b - - 1 24,c2d3
26,EulerE,SpottyEyeball,837,850,2kr3r/1pp2p1p/p1q3p1/3p4/3P4/P1NQP3/5KPP/R2R4 w - - 2 25,c4c6
26,EulerE,SpottyEyeball,837,850,2kr3r/1pp2p1p/p1q3p1/3p4/3PP3/P1NQ4/5KPP/R2R4 b - - 0 25,e3e4
26,EulerE,SpottyEyeball,837,850,2kr3r/1pp2p1p/p3q1p1/3p4/3PP3/P1NQ4/5KPP/R2R4 w - - 1 26,c6e6
26,EulerE,SpottyEyeball,837,850,2kr3r/1pp2p1p/p3q1p1/3N4/3PP3/P2Q4/5KPP/R2R4 b - - 0 26,c3d5
26,EulerE,SpottyEyeball,837,850,2kr3r/1pp4p/p3q1p1/3N1p2/3PP3/P2Q4/5KPP/R2R4 w - - 0 27,f7f5
26,EulerE,SpottyEyeball,837,850,2kr3r/1pp4p/p3q1p1/3N1p2/3PP3/P1Q5/5KPP/R2R4 b - - 1 27,d3c3
26,EulerE,SpottyEyeball,837,850,2kr3r/1pp4p/p3q1p1/3N4/3Pp3/P1Q5/5KPP/R2R4 w - - 0 28,f5e4
26,EulerE,SpottyEyeball,837,850,2kr3r/1pQ4p/p3q1p1/3N4/3Pp3/P7/5KPP/R2R4 b - - 0 28,c3c7
27,EulerE,TrippinU,846,870,rnbqkbnr/pppppppp/8/8/3P4/8/PPP1PPPP/RNBQKBNR b KQkq - 0 1,d2d4
27,EulerE,TrippinU,846,870,rnbqkbnr/pppppp1p/6p1/8/3P4/8/PPP1PPPP/RNBQKBNR w KQkq - 0 2,g7g6
27,EulerE,TrippinU,846,870,rnbqkbnr/pppppp1p/6p1/8/3P4/6P1/PPP1PP1P/RNBQKBNR b KQkq - 0 2,g2g3
27,EulerE,TrippinU,846,870,rnbqk1nr/ppppppbp/6p1/8/3P4/6P1/PPP1PP1P/RNBQKBNR w KQkq - 1 3,f8g7
27,EulerE,TrippinU,846,870,rnbqk1nr/ppppppbp/6p1/8/3P4/1P4P1/P1P1PP1P/RNBQKBNR b KQkq - 0 3,b2b3
27,EulerE,TrippinU,846,870,rnbqk2r/ppppppbp/5np1/8/3P4/1P4P1/P1P1PP1P/RNBQKBNR w KQkq - 1 4,g8f6
27,EulerE,TrippinU,846,870,rnbqk2r/ppppppbp/5np1/8/3P4/1P4P1/PBP1PP1P/RN1QKBNR b KQkq - 2 4,c1b2
27,EulerE,TrippinU,846,870,rnbqk2r/ppp1ppbp/3p1np1/8/3P4/1P4P1/PBP1PP1P/RN1QKBNR w KQkq - 0 5,d7d6
27,EulerE,TrippinU,846,870,rnbqk2r/ppp1ppbp/3p1np1/3P4/8/1P4P1/PBP1PP1P/RN1QKBNR b KQkq - 0 5,d4d5
27,EulerE,TrippinU,846,870,rnbqk2r/ppp1ppbp/3p2p1/3P4/4n3/1P4P1/PBP1PP1P/RN1QKBNR w KQkq - 1 6,f6e4
27,EulerE,TrippinU,846,870,rnbqk2r/ppp1ppBp/3p2p1/3P4/4n3/1P4P1/P1P1PP1P/RN1QKBNR b KQkq - 0 6,b2g7
27,EulerE,TrippinU,846,870,rnbqk1r1/ppp1ppBp/3p2p1/3P4/4n3/1P4P1/P1P1PP1P/RN1QKBNR w KQq - 1 7,h8g8
27,EulerE,TrippinU,846,870,rnbqk1r1/ppp1pp1p/3p2p1/3P4/4n3/1P4P1/PBP1PP1P/RN1QKBNR b KQq - 2 7,g7b2
27,EulerE,TrippinU,846,870,rnbqk1r1/ppp1p2p/3p1pp1/3P4/4n3/1P4P1/PBP1PP1P/RN1QKBNR w KQq - 0 8,f7f6
27,EulerE,TrippinU,846,870,rnbqk1r1/ppp1p2p/3p1pp1/3P4/4n3/1P4PN/PBP1PP1P/RN1QKB1R b KQq - 1 8,g1h3
27,EulerE,TrippinU,846,870,rn1qk1r1/ppp1p2p/3p1pp1/3P4/4n3/1P4Pb/PBP1PP1P/RN1QKB1R w KQq - 0 9,c8h3
27,EulerE,TrippinU,846,870,rn1qk1r1/ppp1p2p/3p1pp1/3P4/4n3/1P4PB/PBP1PP1P/RN1QK2R b KQq - 0 9,f1h3
27,EulerE,TrippinU,846,870,rn1qk1r1/ppp1p2p/3p1pp1/3P2n1/8/1P4PB/PBP1PP1P/RN1QK2R w KQq - 1 10,e4g5
27,EulerE,TrippinU,846,870,rn1qk1r1/ppp1p2p/3pBpp1/3P2n1/8/1P4P1/PBP1PP1P/RN1QK2R b KQq - 2 10,h3e6
27,EulerE,TrippinU,846,870,rn1qk1r1/ppp1p2p/3pnpp1/3P4/8/1P4P1/PBP1PP1P/RN1QK2R w KQq - 0 11,g5e6
27,EulerE,TrippinU,846,870,rn1qk1r1/ppp1p2p/3pPpp1/8/8/1P4P1/PBP1PP1P/RN1QK2R b KQq - 0 11,d5e6
27,EulerE,TrippinU,846,870,r2qk1r1/ppp1p2p/2npPpp1/8/8/1P4P1/PBP1PP1P/RN1QK2R w KQq - 1 12,b8c6
27,EulerE,TrippinU,846,870,r2qk1r1/ppp1p2p/2npPpp1/8/8/1PP3P1/PB2PP1P/RN1QK2R b KQq - 0 12,c2c3
27,EulerE,TrippinU,846,870,r1q1k1r1/ppp1p2p/2npPpp1/8/8/1PP3P1/PB2PP1P/RN1QK2R w KQq - 1 13,d8c8
27,EulerE,TrippinU,846,870,r1q1k1r1/ppp1p2p/2npPpp1/3Q4/8/1PP3P1/PB2PP1P/RN2K2R b KQq - 2 13,d1d5
27,EulerE,TrippinU,846,870,r1q1k1r1/ppp1p2p/3pPpp1/3Qn3/8/1PP3P1/PB2PP1P/RN2K2R w KQq - 3 14,c6e5
27,EulerE,TrippinU,846,870,r1q1k1r1/ppp1p2p/3pPpp1/3Qn3/2P5/1P4P1/PB2PP1P/RN2K2R b KQq - 0 14,c3c4
27,EulerE,TrippinU,846,870,r1q1k1r1/pp2p2p/2ppPpp1/3Qn3/2P5/1P4P1/PB2PP1P/RN2K2R w KQq - 0 15,c7c6
27,EulerE,TrippinU,846,870,r1q1k1r1/pp2p2p/2ppPpp1/4n3/2P5/1P4P1/PB1QPP1P/RN2K2R b KQq - 1 15,d5d2
27,EulerE,TrippinU,846,870,r3k1r1/pp2p2p/2ppqpp1/4n3/2P5/1P4P1/PB1QPP1P/RN2K2R w KQq - 0 16,c8e6
27,EulerE,TrippinU,846,870,r3k1r1/pp2p2p/2ppqpp1/4B3/2P5/1P4P1/P2QPP1P/RN2K2R b KQq - 0 16,b2e5
27,EulerE,TrippinU,846,870,r3k1r1/pp2p2p/2pp1pp1/4q3/2P5/1P4P1/P2QPP1P/RN2K2R w KQq - 0 17,e6e5
27,EulerE,TrippinU,846,870,r3k1r1/pp2p2p/2pp1pp1/4q3/2P5/1PN3P1/P2QPP1P/R3K2R b KQq - 1 17,b1c3
27,EulerE,TrippinU,846,870,r3k1r1/pp5p/2ppppp1/4q3/2P5/1PN3P1/P2QPP1P/R3K2R w KQq - 0 18,e7e6
27,EulerE,TrippinU,846,870,r3k1r1/pp5p/2ppppp1/4q3/2P5/1PN3P1/P2QPP1P/2KR3R b q - 1 18,e1c1
27,EulerE,TrippinU,846,870,r3k1r1/pp5p/2p1ppp1/3pq3/2P5/1PN3P1/P2QPP1P/2KR3R w q - 0 19,d6d5
27,EulerE,TrippinU,846,870,r3k1r1/pp5p/2p1ppp1/3Pq3/8/1PN3P1/P2QPP1P/2KR3R b q - 0 19,c4d5
27,EulerE,TrippinU,846,870,r3k1r1/pp5p/2p2pp1/3pq3/8/1PN3P1/P2QPP1P/2KR3R w q - 0 20,e6d5
27,EulerE,TrippinU,846,870,r3k1r1/pp5p/2p2pp1/3pq3/N7/1P4P1/P2QPP1P/2KR3R b q - 1 20,c3a4
27,EulerE,TrippinU,846,870,r3k1r1/pp5p/2p2pp1/3p4/N3q3/1P4P1/P2QPP1P/2KR3R w q - 2 21,e5e4
27,EulerE,TrippinU,846,870,r3k1r1/pp5p/2p2pp1/3p4/N3q3/1P3PP1/P2QP2P/2KR3R b q - 0 21,f2f3
27,EulerE,TrippinU,846,870,r3k1r1/pp5p/2p2pp1/3p1q2/N7/1P3PP1/P2QP2P/2KR3R w q - 1 22,e4f5
27,EulerE,TrippinU,846,870,r3k1r1/pp5p/2p2pp1/2Np1q2/8/1P3PP1/P2QP2P/2KR3R b q - 2 22,a4c5
27,EulerE,TrippinU,846,870,2kr2r1/pp5p/2p2pp1/2Np1q2/8/1P3PP1/P2QP2P/2KR3R w - - 3 23,e8c8
27,EulerE,TrippinU,846,870,2kr2r1/pp5p/2p2pp1/2Np1q2/1P6/5PP1/P2QP2P/2KR3R b - - 0 23,b3b4
27,EulerE,TrippinU,846,870,2kr2r1/p6p/2p2pp1/1pNp1q2/1P6/5PP1/P2QP2P/2KR3R w - - 0 24,b7b5
27,EulerE,TrippinU,846,870,2kr2r1/p6p/N1p2pp1/1p1p1q2/1P6/5PP1/P2QP2P/2KR3R b - - 1 24,c5a6
27,EulerE,TrippinU,846,870,2krr3/p6p/N1p2pp1/1p1p1q2/1P6/5PP1/P2QP2P/2KR3R w - - 2 25,g8e8
27,EulerE,TrippinU,846,870,2krr3/p6p/N1p2pp1/1p1p1q2/1P6/P4PP1/3QP2P/2KR3R b - - 0 25,a2a3
27,EulerE,TrippinU,846,870,3rr3/pk5p/N1p2pp1/1p1p1q2/1P6/P4PP1/3QP2P/2KR3R w - - 1 26,c8b7
27,EulerE,TrippinU,846,870,3rr3/pk5p/2p2pp1/1pNp1q2/1P6/P4PP1/3QP2P/2KR3R b - - 2 26,a6c5
27,EulerE,TrippinU,846,870,3rr3/p6p/1kp2pp1/1pNp1q2/1P6/P4PP1/3QP2P/2KR3R w - - 3 27,b7b6
27,EulerE,TrippinU,846,870,3rr3/p6p/1kp2pp1/1pNp1q2/1P4P1/P4P2/3QP2P/2KR3R b - - 0 27,g3g4
27,EulerE,TrippinU,846,870,3rr3/p6p/1kp2pp1/1pNpq3/1P4P1/P4P2/3QP2P/2KR3R w - - 1 28,f5e5
27,EulerE,TrippinU,846,870,3rr3/p6p/1kp2pp1/1pNpq3/1P4P1/P4P2/3QP2P/2KRR3 b - - 2 28,h1e1
27,EulerE,TrippinU,846,870,3rr3/7p/1kp2pp1/ppNpq3/1P4P1/P4P2/3QP2P/2KRR3 w - - 0 29,a7a5
27,EulerE,TrippinU,846,870,3rr3/7p/1kp2pp1/ppNpq3/1P3PP1/P7/3QP2P/2KRR3 b - - 0 29,f3f4
27,EulerE,TrippinU,846,870,3rr3/4q2p/1kp2pp1/ppNp4/1P3PP1/P7/3QP2P/2KRR3 w - - 1 30,e5e7
27,EulerE,TrippinU,846,870,3rr3/4q2p/1kp2pp1/ppNp2P1/1P3P2/P7/3QP2P/2KRR3 b - - 0 30,g4g5
27,EulerE,TrippinU,846,870,3rr3/4q2p/1kp2pp1/1pNp2P1/1p3P2/P7/3QP2P/2KRR3 w - - 0 31,a5b4
27,EulerE,TrippinU,846,870,3rr3/4q2p/1kp2pp1/1pNp2P1/1P3P2/8/3QP2P/2KRR3 b - - 0 31,a3b4
27,EulerE,TrippinU,846,870,3rr3/4q2p/1kp3p1/1pNp2p1/1P3P2/8/3QP2P/2KRR3 w - - 0 32,f6g5
27,EulerE,TrippinU,846,870,3rr3/4q2p/1kp3p1/1pNp2P1/1P6/8/3QP2P/2KRR3 b - - 0 32,f4g5
27,EulerE,TrippinU,846,870,3rr3/7p/1kp3p1/1pqp2P1/1P6/8/3QP2P/2KRR3 w - - 0 33,e7c5
27,EulerE,TrippinU,846,870,3rr3/7p/1kp3p1/1pPp2P1/8/8/3QP2P/2KRR3 b - - 0 33,b4c5
27,EulerE,TrippinU,846,870,3rr3/7p/2p3p1/1pkp2P1/8/8/3QP2P/2KRR3 w - - 0 34,b6c5
27,EulerE,TrippinU,846,870,3rr3/7p/2p3p1/1pkp2P1/7P/8/3QP3/2KRR3 b - - 0 34,h2h4
27,EulerE,TrippinU,846,870,r3r3/7p/2p3p1/1pkp2P1/7P/8/3QP3/2KRR3 w - - 1 35,d8a8
27,EulerE,TrippinU,846,870,r3r3/7p/2p3p1/1pkp2P1/7P/8/2KQP3/3RR3 b - - 2 35,c1c2
27,EulerE,TrippinU,846,870,r7/7p/2p3p1/1pkp2P1/4r2P/8/2KQP3/3RR3 w - - 3 36,e8e4
27,EulerE,TrippinU,846,870,r7/7p/2p3p1/1pkp2P1/4r2P/8/2KQP3/R3R3 b - - 4 36,d1a1
27,EulerE,TrippinU,846,870,r7/7p/2p3p1/1pkp2P1/r6P/8/2KQP3/R3R3 w - - 5 37,e4a4
27,EulerE,TrippinU,846,870,r7/7p/2p3p1/1pkp2P1/R6P/8/2KQP3/4R3 b - - 0 37,a1a4
27,EulerE,TrippinU,846,870,8/7p/2p3p1/1pkp2P1/r6P/8/2KQP3/4R3 w - - 0 38,a8a4
27,EulerE,TrippinU,846,870,8/7p/2p3p1/1pkp2P1/r6P/8/2KQP3/7R b - - 1 38,e1h1
27,EulerE,TrippinU,846,870,8/7p/2p3p1/1pkp2P1/7P/8/r1KQP3/7R w - - 2 39,a4a2
27,EulerE,TrippinU,846,870,8/7p/2p3p1/1pkp2P1/7P/8/r2QP3/2K4R b - - 3 39,c2c1
27,EulerE,TrippinU,846,870,8/7p/2p3p1/1pkp2P1/7P/8/3rP3/2K4R w - - 0 40,a2d2
27,EulerE,TrippinU,846,870,8/7p/2p3p1/1pkp2P1/7P/8/3KP3/7R b - - 0 40,c1d2
27,EulerE,TrippinU,846,870,8/7p/2p3p1/1p1p2P1/3k3P/8/3KP3/7R w - - 1 41,c5d4
27,EulerE,TrippinU,846,870,8/7p/2p3p1/1p1p2P1/3k3P/4P3/3K4/7R b - - 0 41,e2e3
27,EulerE,TrippinU,846,870,8/7p/2p3p1/1p1p2P1/4k2P/4P3/3K4/7R w - - 1 42,d4e4
27,EulerE,TrippinU,846,870,8/7p/2p3p1/1p1p2P1/4k2P/4P3/3K4/2R5 b - - 2 42,h1c1
27,EulerE,TrippinU,846,870,8/7p/2p3p1/3p2P1/1p2k2P/4P3/3K4/2R5 w - - 0 43,b5b4
27,EulerE,TrippinU,846,870,8/7p/2R3p1/3p2P1/1p2k2P/4P3/3K4/8 b - - 0 43,c1c6
27,EulerE,TrippinU,846,870,8/7p/2R3p1/6P1/1p1pk2P/4P3/3K4/8 w - - 0 44,d5d4
27,EulerE,TrippinU,846,870,8/7p/2R3p1/6P1/1p1Pk2P/8/3K4/8 b - - 0 44,e3d4
27,EulerE,TrippinU,846,870,8/7p/2R3p1/6P1/1p1k3P/8/3K4/8 w - - 0 45,e4d4
27,EulerE,TrippinU,846,870,8/7p/2R3p1/6P1/1p1k3P/8/2K5/8 b - - 1 45,d2c2
27,EulerE,TrippinU,846,870,8/7p/2R3p1/3k2P1/1p5P/8/2K5/8 w - - 2 46,d4d5
27,EulerE,TrippinU,846,870,8/7p/R5p1/3k2P1/1p5P/8/2K5/8 b - - 3 46,c6a6
27,EulerE,TrippinU,846,870,8/7p/R5p1/6P1/1pk4P/8/2K5/8 w - - 4 47,d5c4
27,EulerE,TrippinU,846,870,8/R6p/6p1/6P1/1pk4P/8/2K5/8 b - - 5 47,a6a7
27,EulerE,TrippinU,846,870,8/R6p/6p1/6P1/2k4P/1p6/2K5/8 w - - 0 48,b4b3
27,EulerE,TrippinU,846,870,8/R6p/6p1/6P1/2k4P/1p6/1K6/8 b - - 1 48,c2b2
27,EulerE,TrippinU,846,870,8/R7/6p1/6Pp/2k4P/1p6/1K6/8 w - h6 0 49,h7h5
27,EulerE,TrippinU,846,870,8/6R1/6p1/6Pp/2k4P/1p6/1K6/8 b - - 1 49,a7g7
27,EulerE,TrippinU,846,870,8/6R1/6p1/6Pp/1k5P/1p6/1K6/8 w - - 2 50,c4b4
27,EulerE,TrippinU,846,870,8/8/6R1/6Pp/1k5P/1p6/1K6/8 b - - 0 50,g7g6
27,EulerE,TrippinU,846,870,8/8/6R1/6Pp/k6P/1p6/1K6/8 w - - 1 51,b4a4
27,EulerE,TrippinU,846,870,8/8/7R/6Pp/k6P/1p6/1K6/8 b - - 2 51,g6h6
27,EulerE,TrippinU,846,870,8/8/7R/6Pp/1k5P/1p6/1K6/8 w - - 3 52,a4b4
27,EulerE,TrippinU,846,870,8/8/6PR/7p/1k5P/1p6/1K6/8 b - - 0 52,g5g6
27,EulerE,TrippinU,846,870,8/8/6PR/7p/2k4P/1p6/1K6/8 w - - 1 53,b4c4
27,EulerE,TrippinU,846,870,8/6P1/7R/7p/2k4P/1p6/1K6/8 b - - 0 53,g6g7
27,EulerE,TrippinU,846,870,8/6P1/7R/7p/1k5P/1p6/1K6/8 w - - 1 54,c4b4
27,EulerE,TrippinU,846,870,6Q1/8/7R/7p/1k5P/1p6/1K6/8 b - - 0 54,g7g8q
27,EulerE,TrippinU,846,870,6Q1/8/7R/7p/k6P/1p6/1K6/8 w - - 1 55,b4a4
27,EulerE,TrippinU,846,870,1Q6/8/7R/7p/k6P/1p6/1K6/8 b - - 2 55,g8b8
27,EulerE,TrippinU,846,870,1Q6/8/7R/k6p/7P/1p6/1K6/8 w - - 3 56,a4a5
27,EulerE,TrippinU,846,870,1Q6/7R/8/k6p/7P/1p6/1K6/8 b - - 4 56,h6h7
27,EulerE,TrippinU,846,870,1Q6/7R/8/7p/k6P/1p6/1K6/8 w - - 5 57,a5a4
27,EulerE,TrippinU,846,870,1Q6/R7/8/7p/k6P/1p6/1K6/8 b - - 6 57,h7a7
28,jerrymart,EulerE,821,854,rnbqkbnr/pppppppp/8/8/4P3/8/PPPP1PPP/RNBQKBNR b KQkq - 0 1,e2e4
28,jerrymart,EulerE,821,854,rnbqkbnr/pppp1ppp/8/4p3/4P3/8/PPPP1PPP/RNBQKBNR w KQkq - 0 2,e7e5
28,jerrymart,EulerE,821,854,rnbqkbnr/pppp1ppp/8/4p3/2P1P3/8/PP1P1PPP/RNBQKBNR b KQkq - 0 2,c2c4
28,jerrymart,EulerE,821,854,r1bqkbnr/pppp1ppp/2n5/4p3/2P1P3/8/PP1P1PPP/RNBQKBNR w KQkq - 1 3,b8c6
28,jerrymart,EulerE,821,854,r1bqkbnr/pppp1ppp/2n5/4p3/2P1P3/P7/1P1P1PPP/RNBQKBNR b KQkq - 0 3,a2a3
28,jerrymart,EulerE,821,854,r1bqkbnr/1ppp1ppp/p1n5/4p3/2P1P3/P7/1P1P1PPP/RNBQKBNR w KQkq - 0 4,a7a6
28,jerrymart,EulerE,821,854,r1bqkbnr/1ppp1ppp/p1n5/4p3/2P1P3/P1N5/1P1P1PPP/R1BQKBNR b KQkq - 1 4,b1c3
28,jerrymart,EulerE,821,854,r1bqkbnr/1pp2ppp/p1np4/4p3/2P1P3/P1N5/1P1P1PPP/R1BQKBNR w KQkq - 0 5,d7d6
28,jerrymart,EulerE,821,854,r1bqkbnr/1pp2ppp/p1np4/4p3/1PP1P3/P1N5/3P1PPP/R1BQKBNR b KQkq - 0 5,b2b4
28,jerrymart,EulerE,821,854,r2qkbnr/1pp2ppp/p1npb3/4p3/1PP1P3/P1N5/3P1PPP/R1BQKBNR w KQkq - 1 6,c8e6
28,jerrymart,EulerE,821,854,r2qkbnr/1pp2ppp/p1npb3/3Np3/1PP1P3/P7/3P1PPP/R1BQKBNR b KQkq - 2 6,c3d5
28,jerrymart,EulerE,821,854,r2qkbnr/1pp2ppp/p1np4/3bp3/1PP1P3/P7/3P1PPP/R1BQKBNR w KQkq - 0 7,e6d5
28,jerrymart,EulerE,821,854,r2qkbnr/1pp2ppp/p1np4/3Pp3/1PP5/P7/3P1PPP/R1BQKBNR b KQkq - 0 7,e4d5
28,jerrymart,EulerE,821,854,r2qkbnr/1pp1nppp/p2p4/3Pp3/1PP5/P7/3P1PPP/R1BQKBNR w KQkq - 1 8,c6e7
28,jerrymart,EulerE,821,854,r2qkbnr/1pp1nppp/p2p4/3Pp3/1PPP4/P7/5PPP/R1BQKBNR b KQkq - 0 8,d2d4
28,jerrymart,EulerE,821,854,r2qkbnr/1pp1np1p/p2p2p1/3Pp3/1PPP4/P7/5PPP/R1BQKBNR w KQkq - 0 9,g7g6
28,jerrymart,EulerE,821,854,r2qkbnr/1pp1np1p/p2p2p1/3Pp3/QPPP4/P7/5PPP/R1B1KBNR b KQkq - 1 9,d1a4
28,jerrymart,EulerE,821,854,r2qkbnr/1p2np1p/p1pp2p1/3Pp3/QPPP4/P7/5PPP/R1B1KBNR w KQkq - 0 10,c7c6
28,jerrymart,EulerE,821,854,r2qkbnr/1p2np1p/p1Pp2p1/4p3/QPPP4/P7/5PPP/R1B1KBNR b KQkq - 0 10,d5c6
28,jerrymart,EulerE,821,854,r2qkbnr/4np1p/p1pp2p1/4p3/QPPP4/P7/5PPP/R1B1KBNR w KQkq - 0 11,b7c6
28,jerrymart,EulerE,821,854,r2qkbnr/4np1p/p1pp2p1/3Pp3/QPP5/P7/5PPP/R1B1KBNR b KQkq - 0 11,d4d5
28,jerrymart,EulerE,821,854,r1q1kbnr/4np1p/p1pp2p1/3Pp3/QPP5/P7/5PPP/R1B1KBNR w KQkq - 1 12,d8c8
28,jerrymart,EulerE,821,854,r1q1kbnr/4np1p/p1pp2p1/3Pp1B1/QPP5/P7/5PPP/R3KBNR b KQkq - 2 12,c1g5
28,jerrymart,EulerE,821,854,r1q1k1nr/4np1p/p1pp2pb/3Pp1B1/QPP5/P7/5PPP/R3KBNR w KQkq - 3 13,f8h6
28,jerrymart,EulerE,821,854,r1q1k1nr/4Bp1p/p1pp2pb/3Pp3/QPP5/P7/5PPP/R3KBNR b KQkq - 0 13,g5e7
28,jerrymart,EulerE,821,854,r1q1k2r/4np1p/p1pp2pb/3Pp3/QPP5/P7/5PPP/R3KBNR w KQkq - 0 14,g8e7
28,jerrymart,EulerE,821,854,r1q1k2r/4np1p/p1pp2pb/2PPp3/QP6/P7/5PPP/R3KBNR b KQkq - 0 14,c4c5
28,jerrymart,EulerE,821,854,r1q1k2r/4np1p/p1p3pb/2pPp3/QP6/P7/5PPP/R3KBNR w KQkq - 0 15,d6c5
28,jerrymart,EulerE,821,854,r1q1k2r/4np1p/p1P3pb/2p1p3/QP6/P7/5PPP/R3KBNR b KQkq - 0 15,d5c6
28,jerrymart,EulerE,821,854,r1q1k2r/5p1p/p1n3pb/2p1p3/QP6/P7/5PPP/R3KBNR w KQkq - 0 16,e7c6
28,jerrymart,EulerE,821,854,r1q1k2r/5p1p/p1n3pb/2P1p3/Q7/P7/5PPP/R3KBNR b KQkq - 0 16,b4c5
28,jerrymart,EulerE,821,854,r1q1k2r/5pbp/p1n3p1/2P1p3/Q7/P7/5PPP/R3KBNR w KQkq - 1 17,h6g7
28,jerrymart,EulerE,821,854,r1q1k2r/5pbp/p1n3p1/2P1p3/Q7/P7/5PPP/3RKBNR b Kkq - 2 17,a1d1
28,jerrymart,EulerE,821,854,r1q2rk1/5pbp/p1n3p1/2P1p3/Q7/P7/5PPP/3RKBNR w K - 3 18,e8g8
28,jerrymart,EulerE,821,854,r1q2rk1/5pbp/p1nR2p1/2P1p3/Q7/P7/5PPP/4KBNR b K - 4 18,d1d6
28,jerrymart,EulerE,821,854,r1q2rk1/5pbp/p2R2p1/2P1p3/Q2n4/P7/5PPP/4KBNR w K - 5 19,c6d4
28,jerrymart,EulerE,821,854,r1q2rk1/5pbp/p1R3p1/2P1p3/Q2n4/P7/5PPP/4KBNR b K - 6 19,d6c6
28,jerrymart,EulerE,821,854,r1q2rk1/5pbp/p1n3p1/2P1p3/Q7/P7/5PPP/4KBNR w K - 0 20,d4c6
28,jerrymart,EulerE,821,854,r1q2rk1/5pbp/p1n3p1/2P1p3/Q7/P4N2/5PPP/4KB1R b K - 1 20,g1f3
28,jerrymart,EulerE,821,854,r1q2rk1/5pbp/p5p1/2P1p3/Q2n4/P4N2/5PPP/4KB1R w K - 2 21,c6d4
28,jerrymart,EulerE,821,854,r1q2rk1/5pbp/p5p1/2P1p3/Q2N4/P7/5PPP/4KB1R b K - 0 21,f3d4
28,jerrymart,EulerE,821,854,r1q2rk1/5pbp/p5p1/2P5/Q2p4/P7/5PPP/4KB1R w K - 0 22,e5d4
28,jerrymart,EulerE,821,854,r1q2rk1/5pbp/p5p1/2P5/Q2p4/P2B4/5PPP/4K2R b K - 1 22,f1d3
28,jerrymart,EulerE,821,854,r4rk1/5pbp/p5p1/2q5/Q2p4/P2B4/5PPP/4K2R w K - 0 23,c8c5
28,jerrymart,EulerE,821,854,r4rk1/5pbp/p5p1/2q5/Q2p4/P2B4/5PPP/5RK1 b - - 1 23,e1g1
28,jerrymart,EulerE,821,854,r4rk1/5pbp/p5p1/7q/Q2p4/P2B4/5PPP/5RK1 w - - 2 24,c5h5
28,jerrymart,EulerE,821,854,r4rk1/5pbp/B5p1/7q/Q2p4/P7/5PPP/5RK1 b - - 0 24,d3a6
28,jerrymart,EulerE,821,854,r4rk1/5p1p/B5p1/4b2q/Q2p4/P7/5PPP/5RK1 w - - 1 25,g7e5
28,jerrymart,EulerE,821,854,r4rk1/5p1p/B5p1/4b2q/Q2p4/P5P1/5P1P/5RK1 b - - 0 25,g2g3
28,jerrymart,EulerE,821,854,r2r2k1/5p1p/B5p1/4b2q/Q2p4/P5P1/5P1P/5RK1 w - - 1 26,f8d8
28,jerrymart,EulerE,821,854,r2r2k1/5p1p/B5p1/1Q2b2q/3p4/P5P1/5P1P/5RK1 b - - 2 26,a4b5
28,jerrymart,EulerE,821,854,r2r2k1/5p1p/B5p1/1Q2b2q/8/P2p2P1/5P1P/5RK1 w - - 0 27,d4d3
28,jerrymart,EulerE,821,854,r2r2k1/5p1p/B5p1/1Q2b2q/8/P2p2P1/5P1P/4R1K1 b - - 1 27,f1e1
28,jerrymart,EulerE,821,854,r2r2k1/5p1p/B5p1/1Q2b2q/8/P5P1/3p1P1P/4R1K1 w - - 0 28,d3d2
28,jerrymart,EulerE,821,854,r2r2k1/5p1p/B5p1/1Q2b2q/8/P5P1/3p1P1P/R5K1 b - - 1 28,e1a1
28,jerrymart,EulerE,821,854,r2r2k1/5p1p/B5p1/1Q5q/8/P5P1/3p1P1P/b5K1 w - - 0 29,e5a1
28,jerrymart,EulerE,821,854,r2r2k1/5p1p/B5p1/7Q/8/P5P1/3p1P1P/b5K1 b - - 0 29,b5h5
28,jerrymart,EulerE,821,854,r2r2k1/5p1p/B5p1/7Q/8/P5P1/5P1P/b2q2K1 w - - 0 30,d2d1q
28,jerrymart,EulerE,821,854,r2r2k1/5p1p/B5p1/8/8/P5P1/5P1P/b2Q2K1 b - - 0 30,h5d1
28,jerrymart,EulerE,821,854,r5k1/5p1p/B5p1/8/8/P5P1/5P1P/b2r2K1 w - - 0 31,d8d1
28,jerrymart,EulerE,821,854,r5k1/5p1p/B5p1/8/8/P5P1/5PKP/b2r4 b - - 1 31,g1g2
28,jerrymart,EulerE,821,854,6k1/5p1p/r5p1/8/8/P5P1/5PKP/b2r4 w - - 0 32,a8a6
28,jerrymart,EulerE,821,854,6k1/5p1p/r5p1/8/7P/P5P1/5PK1/b2r4 b - - 0 32,h2h4
28,jerrymart,EulerE,821,854,6k1/5p1p/6p1/8/7P/r5P1/5PK1/b2r4 w - - 0 33,a6a3
28,jerrymart,EulerE,821,854,6k1/5p1p/6p1/8/6PP/r7/5PK1/b2r4 b - - 0 33,g3g4
28,jerrymart,EulerE,821,854,6k1/5p1p/6p1/8/r5PP/8/5PK1/b2r4 w - - 1 34,a3a4
28,jerrymart,EulerE,821,854,6k1/5p1p/6p1/8/r5PP/6K1/5P2/b2r4 b - - 2 34,g2g3
28,jerrymart,EulerE,821,854,6k1/5p1p/6p1/4b3/r5PP/6K1/5P2/3r4 w - - 3 35,a1e5
28,jerrymart,EulerE,821,854,6k1/5p1p/6p1/4b3/r4PPP/6K1/8/3r4 b - - 0 35,f2f4
28,jerrymart,EulerE,821,854,6k1/5p1p/6p1/8/r4bPP/6K1/8/3r4 w - - 0 36,e5f4
29,ZekiMate,EulerE,901,847,rnbqkbnr/pppppppp/8/8/8/4P3/PPPP1PPP/RNBQKBNR b KQkq - 0 1,e2e3
29,ZekiMate,EulerE,901,847,rnbqkbnr/ppp1pppp/8/3p4/8/4P3/PPPP1PPP/RNBQKBNR w KQkq - 0 2,d7d5
29,ZekiMate,EulerE,901,847,rnbqkbnr/ppp1pppp/8/3p4/8/4PN2/PPPP1PPP/RNBQKB1R b KQkq - 1 2,g1f3
29,ZekiMate,EulerE,901,847,r1bqkbnr/ppp1pppp/2n5/3p4/8/4PN2/PPPP1PPP/RNBQKB1R w KQkq - 2 3,b8c6
29,ZekiMate,EulerE,901,847,r1bqkbnr/ppp1pppp/2n5/1B1p4/8/4PN2/PPPP1PPP/RNBQK2R b KQkq - 3 3,f1b5
29,ZekiMate,EulerE,901,847,r2qkbnr/pppbpppp/2n5/1B1p4/8/4PN2/PPPP1PPP/RNBQK2R w KQkq - 4 4,c8d7
29,ZekiMate,EulerE,901,847,r2qkbnr/pppbpppp/2n5/1B1p4/3N4/4P3/PPPP1PPP/RNBQK2R b KQkq - 5 4,f3d4
29,ZekiMate,EulerE,901,847,r2qkbnr/pppbpppp/8/1B1p4/3n4/4P3/PPPP1PPP/RNBQK2R w KQkq - 0 5,c6d4
29,ZekiMate,EulerE,901,847,r2qkbnr/pppBpppp/8/3p4/3n4/4P3/PPPP1PPP/RNBQK2R b KQkq - 0 5,b5d7
29,ZekiMate,EulerE,901,847,r3kbnr/pppqpppp/8/3p4/3n4/4P3/PPPP1PPP/RNBQK2R w KQkq - 0 6,d8d7
29,ZekiMate,EulerE,901,847,r3kbnr/pppqpppp/8/3p4/3P4/8/PPPP1PPP/RNBQK2R b KQkq - 0 6,e3d4
29,ZekiMate,EulerE,901,847,r3kbnr/pppq1ppp/4p3/3p4/3P4/8/PPPP1PPP/RNBQK2R w KQkq - 0 7,e7e6
29,ZekiMate,EulerE,901,847,r3kbnr/pppq1ppp/4p3/3p4/3P4/8/PPPP1PPP/RNBQ1RK1 b kq - 1 7,e1g1
29,ZekiMate,EulerE,901,847,r3kb1r/pppq1ppp/4pn2/3p4/3P4/8/PPPP1PPP/RNBQ1RK1 w kq - 2 8,g8f6
29,ZekiMate,EulerE,901,847,r3kb1r/pppq1ppp/4pn2/3p4/3P4/8/PPPPQPPP/RNB2RK1 b kq - 3 8,d1e2
29,ZekiMate,EulerE,901,847,2kr1b1r/pppq1ppp/4pn2/3p4/3P4/8/PPPPQPPP/RNB2RK1 w - - 4 9,e8c8
29,ZekiMate,EulerE,901,847,2kr1b1r/pppq1ppp/4pn2/3p4/3P4/2N5/PPPPQPPP/R1B2RK1 b - - 5 9,b1c3
29,ZekiMate,EulerE,901,847,2k1rb1r/pppq1ppp/4pn2/3p4/3P4/2N5/PPPPQPPP/R1B2RK1 w - - 6 10,d8e8
29,ZekiMate,EulerE,901,847,2k1rb1r/pppq1ppp/4pn2/1N1p4/3P4/8/PPPPQPPP/R1B2RK1 b - - 7 10,c3b5
29,ZekiMate,EulerE,901,847,1k2rb1r/pppq1ppp/4pn2/1N1p4/3P4/8/PPPPQPPP/R1B2RK1 w - - 8 11,c8b8
29,ZekiMate,EulerE,901,847,1k2rb1r/pppq1ppp/4pn2/1N1p4/3P4/3Q4/PPPP1PPP/R1B2RK1 b - - 9 11,e2d3
29,ZekiMate,EulerE,901,847,1k2rb1r/1ppq1ppp/p3pn2/1N1p4/3P4/3Q4/PPPP1PPP/R1B2RK1 w - - 0 12,a7a6
29,ZekiMate,EulerE,901,847,1k2rb1r/1ppq1ppp/p3pn2/3p4/3P4/N2Q4/PPPP1PPP/R1B2RK1 b - - 1 12,b5a3
29,ZekiMate,EulerE,901,847,1k2r2r/1ppq1ppp/p3pn2/3p4/3P4/b2Q4/PPPP1PPP/R1B2RK1 w - - 0 13,f8a3
29,ZekiMate,EulerE,901,847,1k2r2r/1ppq1ppp/p3pn2/3p4/3P4/P2Q4/P1PP1PPP/R1B2RK1 b - - 0 13,b2a3
29,ZekiMate,EulerE,901,847,1k2r2r/1ppq1ppp/p3p3/3p4/3P2n1/P2Q4/P1PP1PPP/R1B2RK1 w - - 1 14,f6g4
29,ZekiMate,EulerE,901,847,1k2r2r/1ppq1ppp/p3p3/3p4/3P2n1/P5Q1/P1PP1PPP/R1B2RK1 b - - 2 14,d3g3
29,ZekiMate,EulerE,901,847,1k2r2r/1ppq1ppp/p7/3pp3/3P2n1/P5Q1/P1PP1PPP/R1B2RK1 w - - 0 15,e6e5
29,ZekiMate,EulerE,901,847,1k2r2r/1ppq1ppp/p7/3pp3/3P2n1/P4PQ1/P1PP2PP/R1B2RK1 b - - 0 15,f2f3
29,ZekiMate,EulerE,901,847,1k2r2r/1ppq1ppp/p4n2/3pp3/3P4/P4PQ1/P1PP2PP/R1B2RK1 w - - 1 16,g4f6
29,ZekiMate,EulerE,901,847,1k2r2r/1ppq1pQp/p4n2/3pp3/3P4/P4P2/P1PP2PP/R1B2RK1 b - - 0 16,g3g7
29,ZekiMate,EulerE,901,847,1k2r2r/1ppq1pQp/p4n2/3p4/3p4/P4P2/P1PP2PP/R1B2RK1 w - - 0 17,e5d4
29,ZekiMate,EulerE,901,847,1k2r2r/1ppq1pQp/p4n2/3p4/3p4/P4P2/PBPP2PP/R4RK1 b - - 1 17,c1b2
29,ZekiMate,EulerE,901,847,1k2r2r/1pp2pQp/p4n2/1q1p4/3p4/P4P2/PBPP2PP/R4RK1 w - - 2 18,d7b5
29,ZekiMate,EulerE,901,847,1k2r2r/1pp2p1p/p4Q2/1q1p4/3p4/P4P2/PBPP2PP/R4RK1 b - - 0 18,g7f6
29,ZekiMate,EulerE,901,847,1k2r2r/1pp2p1p/p4Q2/3p4/3p4/P4P2/PqPP2PP/R4RK1 w - - 0 19,b5b2
29,ZekiMate,EulerE,901,847,1k2r2r/1pp2p1p/p4Q2/3p4/3p4/P4P2/PqPP2PP/1R3RK1 b - - 1 19,a1b1
29,ZekiMate,EulerE,901,847,1k2r2r/1pp2p1p/p4Q2/3p4/3p4/P4P2/P1qP2PP/1R3RK1 w - - 0 20,b2c2
29,ZekiMate,EulerE,901,847,1k2r2r/1pp2p1p/p4Q2/3p4/3p4/P4P2/P1qP2PP/1R2R1K1 b - - 1 20,f1e1
29,ZekiMate,EulerE,901,847,1k5r/1pp2p1p/p4Q2/3p4/3p4/P4P2/P1qP2PP/1R2r1K1 w - - 0 21,e8e1
29,ZekiMate,EulerE,901,847,1k5r/1pp2p1p/p4Q2/3p4/3p4/P4P2/P1qP2PP/4R1K1 b - - 0 21,b1e1
29,ZekiMate,EulerE,901,847,1k5r/1pp2p1p/p4Q2/3p4/3p4/P4P2/P2q2PP/4R1K1 w - - 0 22,c2d2
29,ZekiMate,EulerE,901,847,1k5Q/1pp2p1p/p7/3p4/3p4/P4P2/P2q2PP/4R1K1 b - - 0 22,f6h8
29,ZekiMate,EulerE,901,847,7Q/kpp2p1p/p7/3p4/3p4/P4P2/P2q2PP/4R1K1 w - - 1 23,b8a7
29,ZekiMate,EulerE,901,847,7Q/kpp2p1p/p7/3p4/3p4/P4P2/P2q2PP/5RK1 b - - 2 23,e1f1
29,ZekiMate,EulerE,901,847,7Q/kpp2p1p/p7/3p4/3p4/P4P2/P3q1PP/5RK1 w - - 3 24,d2e2
29,ZekiMate,EulerE,901,847,8/kpp2p1p/p7/3p4/3Q4/P4P2/P3q1PP/5RK1 b - - 0 24,h8d4
29,ZekiMate,EulerE,901,847,1k6/1pp2p1p/p7/3p4/3Q4/P4P2/P3q1PP/5RK1 w - - 1 25,a7b8
29,ZekiMate,EulerE,901,847,1k6/1pp2p1p/p7/3Q4/8/P4P2/P3q1PP/5RK1 b - - 0 25,d4d5
29,ZekiMate,EulerE,901,847,1k6/1p3p1p/p1p5/3Q4/8/P4P2/P3q1PP/5RK1 w - - 0 26,c7c6
29,ZekiMate,EulerE,901,847,1k6/1p3Q1p/p1p5/8/8/P4P2/P3q1PP/5RK1 b - - 0 26,d5f7
29,ZekiMate,EulerE,901,847,1k6/1p3Q1p/p1p5/8/8/P4P2/q5PP/5RK1 w - - 0 27,e2a2
30,EulerE,FenyvesiMt,840,887,rnbqkbnr/pppppppp/8/8/3P4/8/PPP1PPPP/RNBQKBNR b KQkq - 0 1,d2d4
30,EulerE,FenyvesiMt,840,887,rnbqkbnr/ppp1pppp/8/3p4/3P4/8/PPP1PPPP/RNBQKBNR w KQkq - 0 2,d7d5
30,EulerE,FenyvesiMt,840,887,rnbqkbnr/ppp1pppp/8/3p4/2PP4/8/PP2PPPP/RNBQKBNR b KQkq - 0 2,c2c4
30,EulerE,FenyvesiMt,840,887,rnbqkbnr/ppp1pppp/8/8/2pP4/8/PP2PPPP/RNBQKBNR w KQkq - 0 3,d5c4
30,EulerE,FenyvesiMt,840,887,rnbqkbnr/ppp1pppp/8/8/2pP4/4P3/PP3PPP/RNBQKBNR b KQkq - 0 3,e2e3
30,EulerE,FenyvesiMt,840,887,rnbqkbnr/p1p1pppp/8/1p6/2pP4/4P3/PP3PPP/RNBQKBNR w KQkq - 0 4,b7b5
30,EulerE,FenyvesiMt,840,887,rnbqkbnr/p1p1pppp/8/1p6/P1pP4/4P3/1P3PPP/RNBQKBNR b KQkq - 0 4,a2a4
30,EulerE,FenyvesiMt,840,887,rnbqkbnr/p3pppp/2p5/1p6/P1pP4/4P3/1P3PPP/RNBQKBNR w KQkq - 0 5,c7c6
30,EulerE,FenyvesiMt,840,887,rnbqkbnr/p3pppp/2p5/1P6/2pP4/4P3/1P3PPP/RNBQKBNR b KQkq - 0 5,a4b5
30,EulerE,FenyvesiMt,840,887,rnbqkbnr/p3pppp/8/1p6/2pP4/4P3/1P3PPP/RNBQKBNR w KQkq - 0 6,c6b5
30,EulerE,FenyvesiMt,840,887,rnbqkbnr/p3pppp/8/1p6/2pP4/2N1P3/1P3PPP/R1BQKBNR b KQkq - 1 6,b1c3
30,EulerE,FenyvesiMt,840,887,rn1qkbnr/p2bpppp/8/1p6/2pP4/2N1P3/1P3PPP/R1BQKBNR w KQkq - 2 7,c8d7
30,EulerE,FenyvesiMt,840,887,rn1qkbnr/p2bpppp/8/1p6/2pP4/2N1P1P1/1P3P1P/R1BQKBNR b KQkq - 0 7,g2g3
30,EulerE,FenyvesiMt,840,887,rn2kbnr/p2bpppp/1q6/1p6/2pP4/2N1P1P1/1P3P1P/R1BQKBNR w KQkq - 1 8,d8b6
30,EulerE,FenyvesiMt,840,887,rn2kbnr/p2bpppp/1q6/1p6/2pP4/2N1P1P1/1P3PBP/R1BQK1NR b KQkq - 2 8,f1g2
30,EulerE,FenyvesiMt,840,887,rn2kbnr/p3pppp/1qb5/1p6/2pP4/2N1P1P1/1P3PBP/R1BQK1NR w KQkq - 3 9,d7c6
30,EulerE,FenyvesiMt,840,887,rn2kbnr/p3pppp/1qB5/1p6/2pP4/2N1P1P1/1P3P1P/R1BQK1NR b KQkq - 0 9,g2c6
30,EulerE,FenyvesiMt,840,887,r3kbnr/p3pppp/1qn5/1p6/2pP4/2N1P1P1/1P3P1P/R1BQK1NR w KQkq - 0 10,b8c6
30,EulerE,FenyvesiMt,840,887,r3kbnr/p3pppp/1qn5/1p1N4/2pP4/4P1P1/1P3P1P/R1BQK1NR b KQkq - 1 10,c3d5
30,EulerE,FenyvesiMt,840,887,r3kbnr/pq2pppp/2n5/1p1N4/2pP4/4P1P1/1P3P1P/R1BQK1NR w KQkq - 2 11,b6b7
30,EulerE,FenyvesiMt,840,887,r3kbnr/pq2pppp/2n5/1p1N4/2pPP3/6P1/1P3P1P/R1BQK1NR b KQkq - 0 11,e3e4
30,EulerE,FenyvesiMt,840,887,r3kbnr/pq3ppp/2n1p3/1p1N4/2pPP3/6P1/1P3P1P/R1BQK1NR w KQkq - 0 12,e7e6
30,EulerE,FenyvesiMt,840,887,r3kbnr/pq3ppp/2n1p3/1p6/2pPP3/4N1P1/1P3P1P/R1BQK1NR b KQkq - 1 12,d5e3
30,EulerE,FenyvesiMt,840,887,r3kbnr/pq3ppp/2n5/1p2p3/2pPP3/4N1P1/1P3P1P/R1BQK1NR w KQkq - 0 13,e6e5
30,EulerE,FenyvesiMt,840,887,r3kbnr/pq3ppp/2n5/1p1Pp3/2p1P3/4N1P1/1P3P1P/R1BQK1NR b KQkq - 0 13,d4d5
30,EulerE,FenyvesiMt,840,887,r3kbnr/pq3ppp/8/1p1Pp3/2pnP3/4N1P1/1P3P1P/R1BQK1NR w KQkq - 1 14,c6d4
30,EulerE,FenyvesiMt,840,887,r3kbnr/pq3ppp/8/1p1Pp3/2pnP3/4N1P1/1P2NP1P/R1BQK2R b KQkq - 2 14,g1e2
30,EulerE,FenyvesiMt,840,887,r3k1nr/pq3ppp/8/1p1Pp3/1bpnP3/4N1P1/1P2NP1P/R1BQK2R w KQkq - 3 15,f8b4
30,EulerE,FenyvesiMt,840,887,r3k1nr/pq3ppp/8/1p1Pp3/1bpnP3/4N1P1/1P1BNP1P/R2QK2R b KQkq - 4 15,c1d2
30,EulerE,FenyvesiMt,840,887,r3k1nr/pq3ppp/8/1p1Pp3/1bp1P3/4NnP1/1P1BNP1P/R2QK2R w KQkq - 5 16,d4f3
30,EulerE,FenyvesiMt,840,887,r3k1nr/pq3ppp/8/1p1Pp3/1bp1P3/4NnP1/1P1BNP1P/R2Q1K1R b kq - 6 16,e1f1
30,EulerE,FenyvesiMt,840,887,r3k1nr/pq3ppp/8/1p1Pp3/2p1P3/4NnP1/1P1bNP1P/R2Q1K1R w kq - 0 17,b4d2
30,EulerE,FenyvesiMt,840,887,r3k1nr/pq3ppp/8/1p1Pp3/2p1P3/4NnP1/1P1bNPKP/R2Q3R b kq - 1 17,f1g2
30,EulerE,FenyvesiMt,840,887,r3k1nr/pq3ppp/8/1p1Pp3/2p1P3/4bnP1/1P2NPKP/R2Q3R w kq - 0 18,d2e3
30,EulerE,FenyvesiMt,840,887,r3k1nr/pq3ppp/8/1p1Pp3/2p1P3/4PnP1/1P2N1KP/R2Q3R b kq - 0 18,f2e3
30,EulerE,FenyvesiMt,840,887,r3k1nr/pq3ppp/8/1p1Pp1n1/2p1P3/4P1P1/1P2N1KP/R2Q3R w kq - 1 19,f3g5
30,EulerE,FenyvesiMt,840,887,r3k1nr/pq3ppp/3P4/1p2p1n1/2p1P3/4P1P1/1P2N1KP/R2Q3R b kq - 0 19,d5d6
30,EulerE,FenyvesiMt,840,887,r3k1nr/p4ppp/3P4/1p2p1n1/2p1q3/4P1P1/1P2N1KP/R2Q3R w kq - 0 20,b7e4
30,EulerE,FenyvesiMt,840,887,r3k1nr/p4ppp/3P4/1p2p1n1/2p1q3/4P1P1/1P2N2P/R2Q2KR b kq - 1 20,g2g1
30,EulerE,FenyvesiMt,840,887,r3k1nr/p4ppp/3P4/1p2p1n1/2p5/4q1P1/1P2N2P/R2Q2KR w kq - 0 21,e4e3
30,EulerE,FenyvesiMt,840,887,r3k1nr/p4ppp/3P4/1p2p1n1/2p5/4q1P1/1P2N2P/R2Q1K1R b kq - 1 21,g1f1
30,EulerE,FenyvesiMt,840,887,r3k1nr/p4ppp/3P4/1p2p1n1/2p5/5qP1/1P2N2P/R2Q1K1R w kq - 2 22,e3f3
30,EulerE,FenyvesiMt,840,887,r3k1nr/p4ppp/3P4/1p2p1n1/2p5/5qP1/1P2N2P/R2QK2R b kq - 3 22,f1e1
30,EulerE,FenyvesiMt,840,887,r3k1nr/p4ppp/3P4/1p2p1n1/2p5/6P1/1P2N2P/R2QK2q w kq - 0 23,f3h1
30,EulerE,FenyvesiMt,840,887,r3k1nr/p4ppp/3P4/1p2p1n1/2p5/6P1/1P1KN2P/R2Q3q b kq - 1 23,e1d2
31,EulerE,OeKu,848,841,rnbqkbnr/pppppppp/8/8/3P4/8/PPP1PPPP/RNBQKBNR b KQkq - 0 1,d2d4
31,EulerE,OeKu,848,841,rnbqkbnr/pppp1ppp/4p3/8/3P4/8/PPP1PPPP/RNBQKBNR w KQkq - 0 2,e7e6
31,EulerE,OeKu,848,841,rnbqkbnr/pppp1ppp/4p3/8/2PP4/8/PP2PPPP/RNBQKBNR b KQkq - 0 2,c2c4
31,EulerE,OeKu,848,841,rnb1kbnr/pppp1ppp/4p3/8/2PP3q/8/PP2PPPP/RNBQKBNR w KQkq - 1 3,d8h4
31,EulerE,OeKu,848,841,rnb1kbnr/pppp1ppp/4p3/8/2PP3q/2N5/PP2PPPP/R1BQKBNR b KQkq - 2 3,b1c3
31,EulerE,OeKu,848,841,r1b1kbnr/pppp1ppp/2n1p3/8/2PP3q/2N5/PP2PPPP/R1BQKBNR w KQkq - 3 4,b8c6
31,EulerE,OeKu,848,841,r1b1kbnr/pppp1ppp/2n1p3/8/2PP3q/2N3P1/PP2PP1P/R1BQKBNR b KQkq - 0 4,g2g3
31,EulerE,OeKu,848,841,r1b1kbnr/pppp1ppp/2n1p3/8/2PP2q1/2N3P1/PP2PP1P/R1BQKBNR w KQkq - 1 5,h4g4
31,EulerE,OeKu,848,841,r1b1kbnr/pppp1ppp/2n1p3/8/2PP2q1/2N1P1P1/PP3P1P/R1BQKBNR b KQkq - 0 5,e2e3
31,EulerE,OeKu,848,841,r1b1kbnr/pppp1ppp/2n1p3/6q1/2PP4/2N1P1P1/PP3P1P/R1BQKBNR w KQkq - 1 6,g4g5
31,EulerE,OeKu,848,841,r1b1kbnr/pppp1ppp/2n1p3/6q1/2PP4/2N1P1P1/PP3PBP/R1BQK1NR b KQkq - 2 6,f1g2
31,EulerE,OeKu,848,841,r1b1kbnr/pppp1ppp/4p3/6q1/1nPP4/2N1P1P1/PP3PBP/R1BQK1NR w KQkq - 3 7,c6b4
31,EulerE,OeKu,848,841,r1b1kbnr/pppp1ppp/4p3/6q1/1nPP4/P1N1P1P1/1P3PBP/R1BQK1NR b KQkq - 0 7,a2a3
31,EulerE,OeKu,848,841,r1b1kbnr/pppp1ppp/2n1p3/6q1/2PP4/P1N1P1P1/1P3PBP/R1BQK1NR w KQkq - 1 8,b4c6
31,EulerE,OeKu,848,841,r1b1kbnr/pppp1ppp/2B1p3/6q1/2PP4/P1N1P1P1/1P3P1P/R1BQK1NR b KQkq - 0 8,g2c6
31,EulerE,OeKu,848,841,r1b1kbnr/p1pp1ppp/2p1p3/6q1/2PP4/P1N1P1P1/1P3P1P/R1BQK1NR w KQkq - 0 9,b7c6
31,EulerE,OeKu,848,841,r1b1kbnr/p1pp1ppp/2p1p3/6q1/2PP4/P1N1PNP1/1P3P1P/R1BQK2R b KQkq - 1 9,g1f3
31,EulerE,OeKu,848,841,r1b1kbnr/p1pp1ppp/2p1p3/8/2PP2q1/P1N1PNP1/1P3P1P/R1BQK2R w KQkq - 2 10,g5g4
31,EulerE,OeKu,848,841,r1b1kbnr/p1pp1ppp/2p1p3/8/2PP2q1/P1N1PNPP/1P3P2/R1BQK2R b KQkq - 0 10,h2h3
31,EulerE,OeKu,848,841,r1b1kbnr/p1pp1ppp/2p1p3/5q2/2PP4/P1N1PNPP/1P3P2/R1BQK2R w KQkq - 1 11,g4f5
31,EulerE,OeKu,848,841,r1b1kbnr/p1pp1ppp/2p1p3/5q2/2PP2P1/P1N1PN1P/1P3P2/R1BQK2R b KQkq - 0 11,g3g4
31,EulerE,OeKu,848,841,r1b1kbnr/p1pp1ppp/2p1p1q1/8/2PP2P1/P1N1PN1P/1P3P2/R1BQK2R w KQkq - 1 12,f5g6
31,EulerE,OeKu,848,841,r1b1kbnr/p1pp1ppp/2p1p1q1/8/2PP2P1/P1N1PN1P/1P3P2/R1BQ1RK1 b kq - 2 12,e1g1
31,EulerE,OeKu,848,841,r3kbnr/p1pp1ppp/b1p1p1q1/8/2PP2P1/P1N1PN1P/1P3P2/R1BQ1RK1 w kq - 3 13,c8a6
31,EulerE,OeKu,848,841,r3kbnr/p1pp1ppp/b1p1p1q1/8/2PP2P1/P1N1PN1P/1P3P2/R1BQR1K1 b kq - 4 13,f1e1
31,EulerE,OeKu,848,841,r3kbnr/p1pp1ppp/2p1p1q1/8/2bP2P1/P1N1PN1P/1P3P2/R1BQR1K1 w kq - 0 14,a6c4
31,EulerE,OeKu,848,841,r3kbnr/p1pp1ppp/2p1p1q1/8/2bP2P1/P1N1PN1P/1P1B1P2/R2QR1K1 b kq - 1 14,c1d2
31,EulerE,OeKu,848,841,1r2kbnr/p1pp1ppp/2p1p1q1/8/2bP2P1/P1N1PN1P/1P1B1P2/R2QR1K1 w k - 2 15,a8b8
31,EulerE,OeKu,848,841,1r2kbnr/p1pp1ppp/2p1p1q1/8/2bP2P1/P1N1PN1P/1P1B1P2/RQ2R1K1 b k - 3 15,d1b1
31,EulerE,OeKu,848,841,1r2kbnr/p1pp1ppp/2p1p3/8/2bP2P1/P1NqPN1P/1P1B1P2/RQ2R1K1 w k - 4 16,g6d3
31,EulerE,OeKu,848,841,1r2kbnr/p1pp1ppp/2p1p3/8/2bP2P1/P1NQPN1P/1P1B1P2/R3R1K1 b k - 0 16,b1d3
31,EulerE,OeKu,848,841,1r2kbnr/p1pp1ppp/2p1p3/8/3P2P1/P1NbPN1P/1P1B1P2/R3R1K1 w k - 0 17,c4d3
31,EulerE,OeKu,848,841,1r2kbnr/p1pp1ppp/2p1p3/8/1P1P2P1/P1NbPN1P/3B1P2/R3R1K1 b k - 0 17,b2b4
31,EulerE,OeKu,848,841,1r2kb1r/p1pp1ppp/2p1pn2/8/1P1P2P1/P1NbPN1P/3B1P2/R3R1K1 w k - 1 18,g8f6
31,EulerE,OeKu,848,841,1r2kb1r/p1pp1ppp/2p1pn2/8/NP1P2P1/P2bPN1P/3B1P2/R3R1K1 b k - 2 18,c3a4
31,EulerE,OeKu,848,841,1r2kb1r/p1pp1ppp/2p1pn2/8/NP1Pb1P1/P3PN1P/3B1P2/R3R1K1 w k - 3 19,d3e4
31,EulerE,OeKu,848,841,1r2kb1r/p1pp1ppp/2p1pn2/4N3/NP1Pb1P1/P3P2P/3B1P2/R3R1K1 b k - 4 19,f3e5
31,EulerE,OeKu,848,841,1r2kb1r/p1pp1ppp/2p1pn2/4N3/NP1P2P1/P3P2P/2bB1P2/R3R1K1 w k - 5 20,e4c2
31,EulerE,OeKu,848,841,1r2kb1r/p1pp1ppp/2p1pn2/2N1N3/1P1P2P1/P3P2P/2bB1P2/R3R1K1 b k - 6 20,a4c5
31,EulerE,OeKu,848,841,1r2kb1r/p1p2ppp/2pppn2/2N1N3/1P1P2P1/P3P2P/2bB1P2/R3R1K1 w k - 0 21,d7d6
31,EulerE,OeKu,848,841,1r2kb1r/p1p2ppp/N1pppn2/4N3/1P1P2P1/P3P2P/2bB1P2/R3R1K1 b k - 1 21,c5a6
31,EulerE,OeKu,848,841,4kb1r/p1p2ppp/Nrpppn2/4N3/1P1P2P1/P3P2P/2bB1P2/R3R1K1 w k - 2 22,b8b6
31,EulerE,OeKu,848,841,4kb1r/p1N2ppp/1rpppn2/4N3/1P1P2P1/P3P2P/2bB1P2/R3R1K1 b k - 0 22,a6c7
31,EulerE,OeKu,848,841,3k1b1r/p1N2ppp/1rpppn2/4N3/1P1P2P1/P3P2P/2bB1P2/R3R1K1 w - - 1 23,e8d8
31,EulerE,OeKu,848,841,3k1b1r/p1N2Npp/1rpppn2/8/1P1P2P1/P3P2P/2bB1P2/R3R1K1 b - - 0 23,e5f7
31,EulerE,OeKu,848,841,5b1r/p1k2Npp/1rpppn2/8/1P1P2P1/P3P2P/2bB1P2/R3R1K1 w - - 0 24,d8c7
31,EulerE,OeKu,848,841,5b1N/p1k3pp/1rpppn2/8/1P1P2P1/P3P2P/2bB1P2/R3R1K1 b - - 0 24,f7h8
31,EulerE,OeKu,848,841,5b1N/p1k3pp/1rppp3/8/1P1Pn1P1/P3P2P/2bB1P2/R3R1K1 w - - 1 25,f6e4
31,EulerE,OeKu,848,841,5b1N/p1k3pp/1rppp3/8/1P1Pn1P1/P3P2P/2bB1P2/R1R3K1 b - - 2 25,e1c1
31,EulerE,OeKu,848,841,5b1N/p1k3pp/1rppp3/8/1P1Pn1P1/Pb2P2P/3B1P2/R1R3K1 w - - 3 26,c2b3
31,EulerE,OeKu,848,841,5b1N/p1k3pp/1rppp3/8/1P1Pn1P1/Pb2P2P/5P2/R1R1B1K1 b - - 4 26,d2e1
31,EulerE,OeKu,848,841,5b1N/p1k3pp/1r1pp3/2p5/1P1Pn1P1/Pb2P2P/5P2/R1R1B1K1 w - - 0 27,c6c5
31,EulerE,OeKu,848,841,5b1N/p1k3pp/1r1pp3/2P5/3Pn1P1/Pb2P2P/5P2/R1R1B1K1 b - - 0 27,b4c5
31,EulerE,OeKu,848,841,5b1N/p1k3pp/1r2p3/2p5/3Pn1P1/Pb2P2P/5P2/R1R1B1K1 w - - 0 28,d6c5
31,EulerE,OeKu,848,841,5b1N/p1k3pp/1r2p3/2P5/4n1P1/Pb2P2P/5P2/R1R1B1K1 b - - 0 28,d4c5
31,EulerE,OeKu,848,841,5b1N/p1k3pp/2r1p3/2P5/4n1P1/Pb2P2P/5P2/R1R1B1K1 w - - 1 29,b6c6
31,EulerE,OeKu,848,841,5b1N/p1k3pp/2r1p3/B1P5/4n1P1/Pb2P2P/5P2/R1R3K1 b - - 2 29,e1a5
31,EulerE,OeKu,848,841,5b1N/p2k2pp/2r1p3/B1P5/4n1P1/Pb2P2P/5P2/R1R3K1 w - - 3 30,c7d7
31,EulerE,OeKu,848,841,5b1N/p2k2pp/2r1p3/B1P5/4n1P1/Pb2P2P/5P2/1RR3K1 b - - 4 30,a1b1
31,EulerE,OeKu,848,841,5b1N/p2k2pp/2r1p3/B1Pb4/4n1P1/P3P2P/5P2/1RR3K1 w - - 5 31,b3d5
31,EulerE,OeKu,848,841,5b1N/pR1k2pp/2r1p3/B1Pb4/4n1P1/P3P2P/5P2/2R3K1 b - - 6 31,b1b7
31,EulerE,OeKu,848,841,2k2b1N/pR4pp/2r1p3/B1Pb4/4n1P1/P3P2P/5P2/2R3K1 w - - 7 32,d7c8
31,EulerE,OeKu,848,841,2k2b1N/p4Rpp/2r1p3/B1Pb4/4n1P1/P3P2P/5P2/2R3K1 b - - 8 32,b7f7
31,EulerE,OeKu,848,841,2k4N/p4Rpp/2r1p3/B1bb4/4n1P1/P3P2P/5P2/2R3K1 w - - 0 33,f8c5
31,EulerE,OeKu,848,841,2k4N/p4Rpp/2r1p3/2bb4/1B2n1P1/P3P2P/5P2/2R3K1 b - - 1 33,a5b4
31,EulerE,OeKu,848,841,2k4N/p4Rpp/2r1p3/3b4/1b2n1P1/P3P2P/5P2/2R3K1 w - - 0 34,c5b4
31,EulerE,OeKu,848,841,2k4N/p4Rpp/2R1p3/3b4/1b2n1P1/P3P2P/5P2/6K1 b - - 0 34,c1c6
31,EulerE,OeKu,848,841,2k4N/p4Rpp/2b1p3/8/1b2n1P1/P3P2P/5P2/6K1 w - - 0 35,d5c6
31,EulerE,OeKu,848,841,2k4N/p4Rpp/2b1p3/8/1P2n1P1/4P2P/5P2/6K1 b - - 0 35,a3b4
31,EulerE,OeKu,848,841,2k4N/p4Rpp/2b1p3/8/1P4P1/4P2P/3n1P2/6K1 w - - 1 36,e4d2
31,EulerE,OeKu,848,841,2k4N/p5Rp/2b1p3/8/1P4P1/4P2P/3n1P2/6K1 b - - 0 36,f7g7
31,EulerE,OeKu,848,841,2k4N/p5Rp/2b1p3/8/1P4P1/4P2P/5P2/1n4K1 w - - 1 37,d2b1
31,EulerE,OeKu,848,841,2k5/p4NRp/2b1p3/8/1P4P1/4P2P/5P2/1n4K1 b - - 2 37,h8f7
31,EulerE,OeKu,848,841,2k5/p4NRp/2b1p3/8/1P4P1/2n1P2P/5P2/6K1 w - - 3 38,b1c3
31,EulerE,OeKu,848,841,2k5/p5Rp/2bNp3/8/1P4P1/2n1P2P/5P2/6K1 b - - 4 38,f7d6
31,EulerE,OeKu,848,841,1k6/p5Rp/2bNp3/8/1P4P1/2n1P2P/5P2/6K1 w - - 5 39,c8b8
31,EulerE,OeKu,848,841,1k6/p5Rp/2bNp3/1P6/6P1/2n1P2P/5P2/6K1 b - - 0 39,b4b5
31,EulerE,OeKu,848,841,1k6/p5Rp/2bNp3/1n6/6P1/4P2P/5P2/6K1 w - - 0 40,c3b5
31,EulerE,OeKu,848,841,1k6/p5Rp/2b1p3/1N6/6P1/4P2P/5P2/6K1 b - - 0 40,d6b5
31,EulerE,OeKu,848,841,1k6/p5Rp/4p3/1b6/6P1/4P2P/5P2/6K1 w - - 0 41,c6b5
31,EulerE,OeKu,848,841,1k6/p6R/4p3/1b6/6P1/4P2P/5P2/6K1 b - - 0 41,g7h7
31,EulerE,OeKu,848,841,1k6/7R/p3p3/1b6/6P1/4P2P/5P2/6K1 w - - 0 42,a7a6
31,EulerE,OeKu,848,841,1k6/4R3/p3p3/1b6/6P1/4P2P/5P2/6K1 b - - 1 42,h7e7
31,EulerE,OeKu,848,841,1k6/4R3/4p3/pb6/6P1/4P2P/5P2/6K1 w - - 0 43,a6a5
31,EulerE,OeKu,848,841,1k6/4R3/4p3/pb4P1/8/4P2P/5P2/6K1 b - - 0 43,g4g5
31,EulerE,OeKu,848,841,1k6/4R3/4p3/1b4P1/p7/4P2P/5P2/6K1 w - - 0 44,a5a4
31,EulerE,OeKu,848,841,1k6/4R3/4p1P1/1b6/p7/4P2P/5P2/6K1 b - - 0 44,g5g6
31,EulerE,OeKu,848,841,1k6/4R3/4p1P1/8/p1b5/4P2P/5P2/6K1 w - - 1 45,b5c4
31,EulerE,OeKu,848,841,1k6/4R1P1/4p3/8/p1b5/4P2P/5P2/6K1 b - - 0 45,g6g7
31,EulerE,OeKu,848,841,1k6/4R1P1/8/4p3/p1b5/4P2P/5P2/6K1 w - - 0 46,e6e5
31,EulerE,OeKu,848,841,1k6/6P1/8/4R3/p1b5/4P2P/5P2/6K1 b - - 0 46,e7e5
31,EulerE,OeKu,848,841,1k6/6P1/8/4R3/2b5/p3P2P/5P2/6K1 w - - 0 47,a4a3
31,EulerE,OeKu,848,841,1k6/6P1/8/R7/2b5/p3P2P/5P2/6K1 b - - 1 47,e5a5
31,EulerE,OeKu,848,841,1k6/6P1/8/R7/2b5/4P2P/p4P2/6K1 w - - 0 48,a3a2
31,EulerE,OeKu,848,841,1k6/6P1/8/R7/2b4P/4P3/p4P2/6K1 b - - 0 48,h3h4
31,EulerE,OeKu,848,841,8/1k4P1/8/R7/2b4P/4P3/p4P2/6K1 w - - 1 49,b8b7
31,EulerE,OeKu,848,841,8/1k4P1/8/R6P/2b5/4P3/p4P2/6K1 b - - 0 49,h4h5
31,EulerE,OeKu,848,841,8/6P1/1k6/R6P/2b5/4P3/p4P2/6K1 w - - 1 50,b7b6
31,EulerE,OeKu,848,841,8/6P1/1k6/7P/R1b5/4P3/p4P2/6K1 b - - 2 50,a5a4
31,EulerE,OeKu,848,841,8/6P1/8/1k5P/R1b5/4P3/p4P2/6K1 w - - 3 51,b6b5
31,EulerE,OeKu,848,841,R7/6P1/8/1k5P/2b5/4P3/p4P2/6K1 b - - 4 51,a4a8
31,EulerE,OeKu,848,841,R7/6P1/8/7P/1kb5/4P3/p4P2/6K1 w - - 5 52,b5b4
31,EulerE,OeKu,848,841,R7/6P1/7P/8/1kb5/4P3/p4P2/6K1 b - - 0 52,h5h6
31,EulerE,OeKu,848,841,R7/6P1/7P/8/2b5/1k2P3/p4P2/6K1 w - - 1 53,b4b3
31,EulerE,OeKu,848,841,R7/6PP/8/8/2b5/1k2P3/p4P2/6K1 b - - 0 53,h6h7
31,EulerE,OeKu,848,841,R7/6PP/8/8/2b5/4P3/pk3P2/6K1 w - - 1 54,b3b2
31,EulerE,OeKu,848,841,R5Q1/7P/8/8/2b5/4P3/pk3P2/6K1 b - - 0 54,g7g8q
31,EulerE,OeKu,848,841,R5b1/7P/8/8/8/4P3/pk3P2/6K1 w - - 0 55,c4g8
31,EulerE,OeKu,848,841,R5Q1/8/8/8/8/4P3/pk3P2/6K1 b - - 0 55,h7g8q
31,EulerE,OeKu,848,841,R5Q1/8/8/8/8/4P3/1k3P2/q5K1 w - - 0 56,a2a1q
31,EulerE,OeKu,848,841,6Q1/8/8/8/8/4P3/1k3P2/R5K1 b - - 0 56,a8a1
31,EulerE,OeKu,848,841,6Q1/8/8/8/8/4P3/5P2/k5K1 w - - 0 57,b2a1
31,EulerE,OeKu,848,841,6Q1/8/8/8/5P2/4P3/8/k5K1 b - - 0 57,f2f4
32,EulerE,emresengs,856,854,rnbqkbnr/pppppppp/8/8/3P4/8/PPP1PPPP/RNBQKBNR b KQkq - 0 1,d2d4
32,EulerE,emresengs,856,854,rnbqkbnr/ppp1pppp/8/3p4/3P4/8/PPP1PPPP/RNBQKBNR w KQkq - 0 2,d7d5
32,EulerE,emresengs,856,854,rnbqkbnr/ppp1pppp/8/3p4/2PP4/8/PP2PPPP/RNBQKBNR b KQkq - 0 2,c2c4
32,EulerE,emresengs,856,854,rnbqkbnr/ppp1pppp/8/8/2pP4/8/PP2PPPP/RNBQKBNR w KQkq - 0 3,d5c4
32,EulerE,emresengs,856,854,rnbqkbnr/ppp1pppp/8/8/2pP4/4P3/PP3PPP/RNBQKBNR b KQkq - 0 3,e2e3
32,EulerE,emresengs,856,854,rnbqkbnr/ppp1p1pp/5p2/8/2pP4/4P3/PP3PPP/RNBQKBNR w KQkq - 0 4,f7f6
32,EulerE,emresengs,856,854,rnbqkbnr/ppp1p1pp/5p2/8/2BP4/4P3/PP3PPP/RNBQK1NR b KQkq - 0 4,f1c4
32,EulerE,emresengs,856,854,rnbqkbnr/ppp3pp/4pp2/8/2BP4/4P3/PP3PPP/RNBQK1NR w KQkq - 0 5,e7e6
32,EulerE,emresengs,856,854,rnbqkbnr/ppp3pp/4pp2/8/2BP4/4PN2/PP3PPP/RNBQK2R b KQkq - 1 5,g1f3
32,EulerE,emresengs,856,854,rnbqkbnr/ppp4p/4pp2/6p1/2BP4/4PN2/PP3PPP/RNBQK2R w KQkq - 0 6,g7g5
32,EulerE,emresengs,856,854,rnbqkbnr/ppp4p/4pp2/6p1/2BP4/4PN2/PP3PPP/RNBQ1RK1 b kq - 1 6,e1g1
32,EulerE,emresengs,856,854,rnbqkbnr/ppp4p/4pp2/8/2BP2p1/4PN2/PP3PPP/RNBQ1RK1 w kq - 0 7,g5g4
32,EulerE,emresengs,856,854,rnbqkbnr/ppp4p/4pp2/8/2BP2pN/4P3/PP3PPP/RNBQ1RK1 b kq - 1 7,f3h4
32,EulerE,emresengs,856,854,rnbqkbnr/ppp4p/4p3/5p2/2BP2pN/4P3/PP3PPP/RNBQ1RK1 w kq - 0 8,f6f5
32,EulerE,emresengs,856,854,rnbqkbnr/ppp4p/4p3/5p2/2BP2pN/2N1P3/PP3PPP/R1BQ1RK1 b kq - 1 8,b1c3
32,EulerE,emresengs,856,854,rnb1kbnr/ppp4p/4p3/5p2/2BP2pq/2N1P3/PP3PPP/R1BQ1RK1 w kq - 0 9,d8h4
32,EulerE,emresengs,856,854,rnb1kbnr/ppp4p/4p3/1N3p2/2BP2pq/4P3/PP3PPP/R1BQ1RK1 b kq - 1 9,c3b5
32,EulerE,emresengs,856,854,r1b1kbnr/ppp4p/n3p3/1N3p2/2BP2pq/4P3/PP3PPP/R1BQ1RK1 w kq - 2 10,b8a6
32,EulerE,emresengs,856,854,r1b1kbnr/ppp4p/n3p3/1N3p2/Q1BP2pq/4P3/PP3PPP/R1B2RK1 b kq - 3 10,d1a4
32,EulerE,emresengs,856,854,r1b1kbnr/pp5p/n1p1p3/1N3p2/Q1BP2pq/4P3/PP3PPP/R1B2RK1 w kq - 0 11,c7c6
32,EulerE,emresengs,856,854,r1b1kbnr/pp5p/n1p1p3/5p2/Q1BP2pq/2N1P3/PP3PPP/R1B2RK1 b kq - 1 11,b5c3
32,EulerE,emresengs,856,854,r1b1kbnr/pp5p/n1p1p3/5p2/Q1BP3q/2N1P1p1/PP3PPP/R1B2RK1 w kq - 0 12,g4g3
32,EulerE,emresengs,856,854,r1b1kbnr/pp5p/n1p1p3/5p2/Q1BP3q/2N1P1P1/PP4PP/R1B2RK1 b kq - 0 12,f2g3
32,EulerE,emresengs,856,854,r1b1kbnr/pp5p/n1p1p2q/5p2/Q1BP4/2N1P1P1/PP4PP/R1B2RK1 w kq - 1 13,h4h6
32,EulerE,emresengs,856,854,r1b1kbnr/pp5p/B1p1p2q/5p2/Q2P4/2N1P1P1/PP4PP/R1B2RK1 b kq - 0 13,c4a6
32,EulerE,emresengs,856,854,r3kbnr/pp1b3p/B1p1p2q/5p2/Q2P4/2N1P1P1/PP4PP/R1B2RK1 w kq - 1 14,c8d7
32,EulerE,emresengs,856,854,r3kbnr/pB1b3p/2p1p2q/5p2/Q2P4/2N1P1P1/PP4PP/R1B2RK1 b kq - 0 14,a6b7
32,EulerE,emresengs,856,854,1r2kbnr/pB1b3p/2p1p2q/5p2/Q2P4/2N1P1P1/PP4PP/R1B2RK1 w k - 1 15,a8b8
32,EulerE,emresengs,856,854,1r2kbnr/QB1b3p/2p1p2q/5p2/3P4/2N1P1P1/PP4PP/R1B2RK1 b k - 0 15,a4a7
32,EulerE,emresengs,856,854,3rkbnr/QB1b3p/2p1p2q/5p2/3P4/2N1P1P1/PP4PP/R1B2RK1 w k - 1 16,b8d8
32,EulerE,emresengs,856,854,3rkbnr/1B1b3p/2p1p2q/5p2/Q2P4/2N1P1P1/PP4PP/R1B2RK1 b k - 2 16,a7a4
32,EulerE,emresengs,856,854,3rkb1r/1B1b3p/2p1pn1q/5p2/Q2P4/2N1P1P1/PP4PP/R1B2RK1 w k - 3 17,g8f6
32,EulerE,emresengs,856,854,3rkb1r/1B1b3p/2p1pn1q/5p2/Q2PP3/2N3P1/PP4PP/R1B2RK1 b k - 0 17,e3e4
32,EulerE,emresengs,856,854,3rkb1r/1B1b3p/2p1p2q/5p2/Q2PP1n1/2N3P1/PP4PP/R1B2RK1 w k - 1 18,f6g4
32,EulerE,emresengs,856,854,3rkb1r/1B1b3p/2p1p2B/5p2/Q2PP1n1/2N3P1/PP4PP/R4RK1 b k - 0 18,c1h6
33,Vallll0367,EulerE,861,864,rnbqkbnr/pppppppp/8/8/4P3/8/PPPP1PPP/RNBQKBNR b KQkq - 0 1,e2e4
33,Vallll0367,EulerE,861,864,rnbqkbnr/pppp1ppp/8/4p3/4P3/8/PPPP1PPP/RNBQKBNR w KQkq - 0 2,e7e5
33,Vallll0367,EulerE,861,864,rnbqkbnr/pppp1ppp/8/4p3/3PP3/8/PPP2PPP/RNBQKBNR b KQkq - 0 2,d2d4
33,Vallll0367,EulerE,861,864,rnbqkbnr/ppp2ppp/3p4/4p3/3PP3/8/PPP2PPP/RNBQKBNR w KQkq - 0 3,d7d6
33,Vallll0367,EulerE,861,864,rnbqkbnr/ppp2ppp/3p4/4p3/3PP3/2P5/PP3PPP/RNBQKBNR b KQkq - 0 3,c2c3
33,Vallll0367,EulerE,861,864,rnbqkb1r/ppp2ppp/3p1n2/4p3/3PP3/2P5/PP3PPP/RNBQKBNR w KQkq - 1 4,g8f6
33,Vallll0367,EulerE,861,864,rnbqkb1r/ppp2ppp/3p1n2/4p3/3PP3/2P2P2/PP4PP/RNBQKBNR b KQkq - 0 4,f2f3
33,Vallll0367,EulerE,861,864,rnbqkb1r/ppp2p1p/3p1n2/4p1p1/3PP3/2P2P2/PP4PP/RNBQKBNR w KQkq - 0 5,g7g5
33,Vallll0367,EulerE,861,864,rnbqkb1r/ppp2p1p/3p1n2/4p1B1/3PP3/2P2P2/PP4PP/RN1QKBNR b KQkq - 0 5,c1g5
33,Vallll0367,EulerE,861,864,rnbqkbr1/ppp2p1p/3p1n2/4p1B1/3PP3/2P2P2/PP4PP/RN1QKBNR w KQq - 1 6,h8g8
33,Vallll0367,EulerE,861,864,rnbqkbr1/ppp2p1p/3p1B2/4p3/3PP3/2P2P2/PP4PP/RN1QKBNR b KQq - 0 6,g5f6
33,Vallll0367,EulerE,861,864,rnb1kbr1/ppp2p1p/3p1q2/4p3/3PP3/2P2P2/PP4PP/RN1QKBNR w KQq - 0 7,d8f6
33,Vallll0367,EulerE,861,864,rnb1kbr1/ppp2p1p/3p1q2/4p3/3PP3/2P2P2/PP2N1PP/RN1QKB1R b KQq - 1 7,g1e2
33,Vallll0367,EulerE,861,864,r1b1kbr1/ppp2p1p/2np1q2/4p3/3PP3/2P2P2/PP2N1PP/RN1QKB1R w KQq - 2 8,b8c6
33,Vallll0367,EulerE,861,864,r1b1kbr1/ppp2p1p/2np1q2/4p3/3PP3/2P2PN1/PP4PP/RN1QKB1R b KQq - 3 8,e2g3
33,Vallll0367,EulerE,861,864,r1bqkbr1/ppp2p1p/2np4/4p3/3PP3/2P2PN1/PP4PP/RN1QKB1R w KQq - 4 9,f6d8
33,Vallll0367,EulerE,861,864,r1bqkbr1/ppp2p1p/2np4/1B2p3/3PP3/2P2PN1/PP4PP/RN1QK2R b KQq - 5 9,f1b5
33,Vallll0367,EulerE,861,864,r2qkbr1/pppb1p1p/2np4/1B2p3/3PP3/2P2PN1/PP4PP/RN1QK2R w KQq - 6 10,c8d7
33,Vallll0367,EulerE,861,864,r2qkbr1/pppb1p1p/2Bp4/4p3/3PP3/2P2PN1/PP4PP/RN1QK2R b KQq - 0 10,b5c6
33,Vallll0367,EulerE,861,864,r2qkbr1/ppp2p1p/2bp4/4p3/3PP3/2P2PN1/PP4PP/RN1QK2R w KQq - 0 11,d7c6
33,Vallll0367,EulerE,861,864,r2qkbr1/ppp2p1p/2bp4/4p3/3PP3/2P2PN1/PP4PP/RN1Q1RK1 b q - 1 11,e1g1
33,Vallll0367,EulerE,861,864,r3kbr1/pppq1p1p/2bp4/4p3/3PP3/2P2PN1/PP4PP/RN1Q1RK1 w q - 2 12,d8d7
33,Vallll0367,EulerE,861,864,r3kbr1/pppq1p1p/2bp4/4pN2/3PP3/2P2P2/PP4PP/RN1Q1RK1 b q - 3 12,g3f5
33,Vallll0367,EulerE,861,864,2kr1br1/pppq1p1p/2bp4/4pN2/3PP3/2P2P2/PP4PP/RN1Q1RK1 w - - 4 13,e8c8
33,Vallll0367,EulerE,861,864,2kr1br1/pppq1p1p/2bp4/4pN2/3PP1P1/2P2P2/PP5P/RN1Q1RK1 b - - 0 13,g2g4
33,Vallll0367,EulerE,861,864,2kr1br1/pppq1p1p/3p4/4pN2/b2PP1P1/2P2P2/PP5P/RN1Q1RK1 w - - 1 14,c6a4
33,Vallll0367,EulerE,861,864,2kr1br1/pppq1p1p/3p4/4pN2/b2PP1P1/2P2P2/PP5P/RN2QRK1 b - - 2 14,d1e1
33,Vallll0367,EulerE,861,864,2kr1br1/pppq1p1p/3p4/1b2pN2/3PP1P1/2P2P2/PP5P/RN2QRK1 w - - 3 15,a4b5
33,Vallll0367,EulerE,861,864,2kr1br1/pppq1p1p/3p4/1b2PN2/4P1P1/2P2P2/PP5P/RN2QRK1 b - - 0 15,d4e5
33,Vallll0367,EulerE,861,864,2kr1br1/pppq1p1p/3p4/4PN2/4P1P1/2P2P2/PP5P/RN2QbK1 w - - 0 16,b5f1
33,Vallll0367,EulerE,861,864,2kr1br1/pppq1p1p/3p4/4PN2/4P1P1/2P2P2/PP5P/RN3QK1 b - - 0 16,e1f1
33,Vallll0367,EulerE,861,864,2kr1br1/pppq1p1p/8/4pN2/4P1P1/2P2P2/PP5P/RN3QK1 w - - 0 17,d6e5
33,Vallll0367,EulerE,861,864,2kr1br1/pppq1p1p/8/4pN2/4P1P1/N1P2P2/PP5P/R4QK1 b - - 1 17,b1a3
33,Vallll0367,EulerE,861,864,2kr1br1/pppq1p2/8/4pN1p/4P1P1/N1P2P2/PP5P/R4QK1 w - - 0 18,h7h5
33,Vallll0367,EulerE,861,864,2kr1br1/pppq1p2/8/4pN1p/4P1P1/N1P2P2/PP5P/3R1QK1 b - - 1 18,a1d1
33,Vallll0367,EulerE,861,864,2kr1br1/ppp2p2/2q5/4pN1p/4P1P1/N1P2P2/PP5P/3R1QK1 w - - 2 19,d7c6
33,Vallll0367,EulerE,861,864,2kr1br1/ppp2p2/2q5/4p2p/4P1P1/N1P2PN1/PP5P/3R1QK1 b - - 3 19,f5g3
33,Vallll0367,EulerE,861,864,2kr1br1/ppp2p2/2q5/4p3/4P1p1/N1P2PN1/PP5P/3R1QK1 w - - 0 20,h5g4
33,Vallll0367,EulerE,861,864,2kr1br1/ppp2p2/2q5/4pN2/4P1p1/N1P2P2/PP5P/3R1QK1 b - - 1 20,g3f5
33,Vallll0367,EulerE,861,864,2kr1br1/ppp2p2/2q5/4pN2/4P3/N1P2p2/PP5P/3R1QK1 w - - 0 21,g4f3
33,Vallll0367,EulerE,861,864,2kr1br1/ppp2p2/2q5/4p3/4P3/N1P2pN1/PP5P/3R1QK1 b - - 1 21,f5g3
33,Vallll0367,EulerE,861,864,2k2br1/ppp2p2/2q5/4p3/4P3/N1P2pN1/PP5P/3r1QK1 w - - 0 22,d8d1
33,Vallll0367,EulerE,861,864,2k2br1/ppp2p2/2q5/4p3/4P3/N1P2pN1/PP5P/3Q2K1 b - - 0 22,f1d1
33,Vallll0367,EulerE,861,864,2k3r1/ppp2p2/2q5/2b1p3/4P3/N1P2pN1/PP5P/3Q2K1 w - - 1 23,f8c5
33,Vallll0367,EulerE,861,864,2k3r1/ppp2p2/2q5/2b1p3/4P3/N1P2pN1/PP5P/3Q3K b - - 2 23,g1h1
33,Vallll0367,EulerE,861,864,2k3r1/ppp2p2/2q5/2b1p3/4P3/N1P3N1/PP3p1P/3Q3K w - - 0 24,f3f2
33,Vallll0367,EulerE,861,864,2k3r1/ppp2p2/2q5/2b1p3/4P3/N1P2QN1/PP3p1P/7K b - - 1 24,d1f3
33,Vallll0367,EulerE,861,864,2k3r1/ppp5/2q2p2/2b1p3/4P3/N1P2QN1/PP3p1P/7K w - - 0 25,f7f6
33,Vallll0367,EulerE,861,864,2k3r1/ppp5/2q2p2/2b1p3/2N1P3/2P2QN1/PP3p1P/7K b - - 1 25,a3c4
33,Vallll0367,EulerE,861,864,2k3r1/ppp5/5p2/1qb1p3/2N1P3/2P2QN1/PP3p1P/7K w - - 2 26,c6b5
33,Vallll0367,EulerE,861,864,2k3r1/ppp5/5p2/1qb1p3/4P3/N1P2QN1/PP3p1P/7K b - - 3 26,c4a3
33,Vallll0367,EulerE,861,864,2k5/ppp5/5p2/1qb1p3/4P3/N1P2Qr1/PP3p1P/7K w - - 0 27,g8g3
33,Vallll0367,EulerE,861,864,2k5/ppp5/5p2/1qb1p3/4P3/N1P3Q1/PP3p1P/7K b - - 0 27,f3g3
33,Vallll0367,EulerE,861,864,2k5/ppp5/5p2/2b1p3/4P3/N1P3Q1/PP3p1P/5q1K w - - 1 28,b5f1
33,Vallll0367,EulerE,861,864,2k5/ppp5/5p2/2b1p3/4P3/N1P5/PP3p1P/5qQK b - - 2 28,g3g1
33,Vallll0367,EulerE,861,864,2k5/ppp5/5p2/2b1p3/4P3/N1P5/PP3p1P/6qK w - - 0 29,f1g1
34,qde4d,EulerE,875,872,rnbqkbnr/pppppppp/8/8/4P3/8/PPPP1PPP/RNBQKBNR b KQkq - 0 1,e2e4
34,qde4d,EulerE,875,872,rnbqkbnr/pppp1ppp/8/4p3/4P3/8/PPPP1PPP/RNBQKBNR w KQkq - 0 2,e7e5
34,qde4d,EulerE,875,872,rnbqkbnr/pppp1ppp/8/4p3/4P3/5N2/PPPP1PPP/RNBQKB1R b KQkq - 1 2,g1f3
34,qde4d,EulerE,875,872,r1bqkbnr/pppp1ppp/2n5/4p3/4P3/5N2/PPPP1PPP/RNBQKB1R w KQkq - 2 3,b8c6
34,qde4d,EulerE,875,872,r1bqkbnr/pppp1ppp/2n5/4p3/2B1P3/5N2/PPPP1PPP/RNBQK2R b KQkq - 3 3,f1c4
34,qde4d,EulerE,875,872,r1bqkbnr/ppp2ppp/2np4/4p3/2B1P3/5N2/PPPP1PPP/RNBQK2R w KQkq - 0 4,d7d6
34,qde4d,EulerE,875,872,r1bqkbnr/ppp2ppp/2np4/4p3/2B1P3/1P3N2/P1PP1PPP/RNBQK2R b KQkq - 0 4,b2b3
34,qde4d,EulerE,875,872,r1bqkbnr/ppp3pp/2np4/4pp2/2B1P3/1P3N2/P1PP1PPP/RNBQK2R w KQkq - 0 5,f7f5
34,qde4d,EulerE,875,872,r1bqkbnr/ppp3pp/2np4/4pP2/2B5/1P3N2/P1PP1PPP/RNBQK2R b KQkq - 0 5,e4f5
34,qde4d,EulerE,875,872,r2qkbnr/ppp3pp/2np4/4pb2/2B5/1P3N2/P1PP1PPP/RNBQK2R w KQkq - 0 6,c8f5
34,qde4d,EulerE,875,872,r2qkbnr/ppp3pp/2np4/4pb2/2B4N/1P6/P1PP1PPP/RNBQK2R b KQkq - 1 6,f3h4
34,qde4d,EulerE,875,872,r3kbnr/pppq2pp/2np4/4pb2/2B4N/1P6/P1PP1PPP/RNBQK2R w KQkq - 2 7,d8d7
34,qde4d,EulerE,875,872,r3kbnr/pppq2pp/2np4/4pN2/2B5/1P6/P1PP1PPP/RNBQK2R b KQkq - 0 7,h4f5
34,qde4d,EulerE,875,872,r3kbnr/ppp3pp/2np4/4pq2/2B5/1P6/P1PP1PPP/RNBQK2R w KQkq - 0 8,d7f5
34,qde4d,EulerE,875,872,r3kbnr/ppp3pp/2np4/4pq2/2B3P1/1P6/P1PP1P1P/RNBQK2R b KQkq - 0 8,g2g4
34,qde4d,EulerE,875,872,r3kbnr/pppq2pp/2np4/4p3/2B3P1/1P6/P1PP1P1P/RNBQK2R w KQkq - 1 9,f5d7
34,qde4d,EulerE,875,872,r3kbnr/pppq2pp/2np4/4p3/2B3P1/BP6/P1PP1P1P/RN1QK2R b KQkq - 2 9,c1a3
34,qde4d,EulerE,875,872,r3k1nr/pppqb1pp/2np4/4p3/2B3P1/BP6/P1PP1P1P/RN1QK2R w KQkq - 3 10,f8e7
34,qde4d,EulerE,875,872,r3k1nr/pppqb1pp/2np4/4p3/2B3PP/BP6/P1PP1P2/RN1QK2R b KQkq - 0 10,h2h4
34,qde4d,EulerE,875,872,r3k2r/pppqb1pp/2np1n2/4p3/2B3PP/BP6/P1PP1P2/RN1QK2R w KQkq - 1 11,g8f6
34,qde4d,EulerE,875,872,r3k2r/pppqb1pp/2np1n2/4p1P1/2B4P/BP6/P1PP1P2/RN1QK2R b KQkq - 0 11,g4g5
34,qde4d,EulerE,875,872,r3k2r/pppqb1pp/2np4/4p1P1/2B3nP/BP6/P1PP1P2/RN1QK2R w KQkq - 1 12,f6g4
34,qde4d,EulerE,875,872,r3k2r/pppqb1pp/2np4/4p1P1/2B3nP/BP3P2/P1PP4/RN1QK2R b KQkq - 0 12,f2f3
34,qde4d,EulerE,875,872,r3k2r/pppqb1pp/2n5/3pp1P1/2B3nP/BP3P2/P1PP4/RN1QK2R w KQkq - 0 13,d6d5
34,qde4d,EulerE,875,872,r3k2r/pppqb1pp/2n5/3pp1P1/6nP/BP3P2/P1PPB3/RN1QK2R b KQkq - 1 13,c4e2
34,qde4d,EulerE,875,872,r3k2r/pppq2pp/2n5/3pp1P1/6nP/bP3P2/P1PPB3/RN1QK2R w KQkq - 0 14,e7a3
34,qde4d,EulerE,875,872,r3k2r/pppq2pp/2n5/3pp1P1/6PP/bP6/P1PPB3/RN1QK2R b KQkq - 0 14,f3g4
34,qde4d,EulerE,875,872,r3k2r/pppq2pp/2n5/3pp1P1/6PP/1P6/PbPPB3/RN1QK2R w KQkq - 1 15,a3b2
34,qde4d,EulerE,875,872,r3k2r/pppq2pp/2n5/3pp1P1/6PP/1P6/PbPPB3/RN1Q1RK1 b kq - 2 15,e1g1
34,qde4d,EulerE,875,872,r3k2r/pppq2pp/2n5/3pp1P1/6PP/1P6/P1PPB3/bN1Q1RK1 w kq - 0 16,b2a1
34,qde4d,EulerE,875,872,r3k2r/pppq2pp/2n5/3pp1P1/6PP/NP6/P1PPB3/b2Q1RK1 b kq - 1 16,b1a3
34,qde4d,EulerE,875,872,r3k2r/pppq2pp/2n5/3pp1P1/3b2PP/NP6/P1PPB3/3Q1RK1 w kq - 2 17,a1d4
35,Pablomara,EulerE,916,865,rnbqkbnr/pppppppp/8/8/3P4/8/PPP1PPPP/RNBQKBNR b KQkq - 0 1,d2d4
35,Pablomara,EulerE,916,865,rnbqkbnr/ppp1pppp/8/3p4/3P4/8/PPP1PPPP/RNBQKBNR w KQkq - 0 2,d7d5
35,Pablomara,EulerE,916,865,rnbqkbnr/ppp1pppp/8/3p4/3P4/5N2/PPP1PPPP/RNBQKB1R b KQkq - 1 2,g1f3
35,Pablomara,EulerE,916,865,rnbqkbnr/p1p1pppp/1p6/3p4/3P4/5N2/PPP1PPPP/RNBQKB1R w KQkq - 0 3,b7b6
35,Pablomara,EulerE,916,865,rnbqkbnr/p1p1pppp/1p6/3p4/3P4/4PN2/PPP2PPP/RNBQKB1R b KQkq - 0 3,e2e3
35,Pablomara,EulerE,916,865,rn1qkbnr/pbp1pppp/1p6/3p4/3P4/4PN2/PPP2PPP/RNBQKB1R w KQkq - 1 4,c8b7
35,Pablomara,EulerE,916,865,rn1qkbnr/pbp1pppp/1p6/3p4/3P4/2N1PN2/PPP2PPP/R1BQKB1R b KQkq - 2 4,b1c3
35,Pablomara,EulerE,916,865,rn1qkb1r/pbp1pppp/1p3n2/3p4/3P4/2N1PN2/PPP2PPP/R1BQKB1R w KQkq - 3 5,g8f6
35,Pablomara,EulerE,916,865,rn1qkb1r/pbp1pppp/1p3n2/1B1p4/3P4/2N1PN2/PPP2PPP/R1BQK2R b KQkq - 4 5,f1b5
35,Pablomara,EulerE,916,865,rn1qkb1r/p1p1pppp/1pb2n2/1B1p4/3P4/2N1PN2/PPP2PPP/R1BQK2R w KQkq - 5 6,b7c6
35,Pablomara,EulerE,916,865,rn1qkb1r/p1p1pppp/1pb2n2/3p4/B2P4/2N1PN2/PPP2PPP/R1BQK2R b KQkq - 6 6,b5a4
35,Pablomara,EulerE,916,865,rn1qkb1r/p1p1pppp/2b2n2/1p1p4/B2P4/2N1PN2/PPP2PPP/R1BQK2R w KQkq - 0 7,b6b5
35,Pablomara,EulerE,916,865,rn1qkb1r/p1p1pppp/2b2n2/1N1p4/B2P4/4PN2/PPP2PPP/R1BQK2R b KQkq - 0 7,c3b5
35,Pablomara,EulerE,916,865,rn1qkb1r/p1p2ppp/2b1pn2/1N1p4/B2P4/4PN2/PPP2PPP/R1BQK2R w KQkq - 0 8,e7e6
35,Pablomara,EulerE,916,865,rn1qkb1r/p1p2ppp/2b1pn2/1N1pN3/B2P4/4P3/PPP2PPP/R1BQK2R b KQkq - 1 8,f3e5
35,Pablomara,EulerE,916,865,rn1qk2r/p1p2ppp/2b1pn2/1N1pN3/Bb1P4/4P3/PPP2PPP/R1BQK2R w KQkq - 2 9,f8b4
35,Pablomara,EulerE,916,865,rn1qk2r/p1p2ppp/2b1pn2/1N1pN3/Bb1P4/2P1P3/PP3PPP/R1BQK2R b KQkq - 0 9,c2c3
35,Pablomara,EulerE,916,865,rn1qk2r/p1p2ppp/2b1pn2/bN1pN3/B2P4/2P1P3/PP3PPP/R1BQK2R w KQkq - 1 10,b4a5
35,Pablomara,EulerE,916,865,rn1qk2r/p1p2ppp/2b1pn2/bN1pN3/BP1P4/2P1P3/P4PPP/R1BQK2R b KQkq - 0 10,b2b4
35,Pablomara,EulerE,916,865,rn1qk2r/p1p2ppp/1bb1pn2/1N1pN3/BP1P4/2P1P3/P4PPP/R1BQK2R w KQkq - 1 11,a5b6
35,Pablomara,EulerE,916,865,rn1qk2r/p1p2ppp/1bb1pn2/1N1pN3/BP1P4/2P1P3/P4PPP/R1BQ1RK1 b kq - 2 11,e1g1
35,Pablomara,EulerE,916,865,rn1qk2r/2p2ppp/pbb1pn2/1N1pN3/BP1P4/2P1P3/P4PPP/R1BQ1RK1 w kq - 0 12,a7a6
35,Pablomara,EulerE,916,865,rn1qk2r/2p2ppp/pbb1pn2/3pN3/BP1P4/N1P1P3/P4PPP/R1BQ1RK1 b kq - 1 12,b5a3
35,Pablomara,EulerE,916,865,rn1qk2r/2p2ppp/pb2pn2/3pN3/bP1P4/N1P1P3/P4PPP/R1BQ1RK1 w kq - 0 13,c6a4
35,Pablomara,EulerE,916,865,rn1qk2r/2p2ppp/pb2pn2/3pN3/QP1P4/N1P1P3/P4PPP/R1B2RK1 b kq - 0 13,d1a4
35,Pablomara,EulerE,916,865,r2qk2r/2pn1ppp/pb2pn2/3pN3/QP1P4/N1P1P3/P4PPP/R1B2RK1 w kq - 1 14,b8d7
35,Pablomara,EulerE,916,865,r2qk2r/2pn1ppp/pbN1pn2/3p4/QP1P4/N1P1P3/P4PPP/R1B2RK1 b kq - 2 14,e5c6
35,Pablomara,EulerE,916,865,r1q1k2r/2pn1ppp/pbN1pn2/3p4/QP1P4/N1P1P3/P4PPP/R1B2RK1 w kq - 3 15,d8c8
35,Pablomara,EulerE,916,865,r1q1k2r/2pn1ppp/pbN1pn2/1P1p4/Q2P4/N1P1P3/P4PPP/R1B2RK1 b kq - 0 15,b4b5
35,Pablomara,EulerE,916,865,r1q2rk1/2pn1ppp/pbN1pn2/1P1p4/Q2P4/N1P1P3/P4PPP/R1B2RK1 w - - 1 16,e8g8
35,Pablomara,EulerE,916,865,r1q2rk1/2pnNppp/pb2pn2/1P1p4/Q2P4/N1P1P3/P4PPP/R1B2RK1 b - - 2 16,c6e7
35,Pablomara,EulerE,916,865,r1q2r1k/2pnNppp/pb2pn2/1P1p4/Q2P4/N1P1P3/P4PPP/R1B2RK1 w - - 3 17,g8h8
35,Pablomara,EulerE,916,865,r1N2r1k/2pn1ppp/pb2pn2/1P1p4/Q2P4/N1P1P3/P4PPP/R1B2RK1 b - - 0 17,e7c8
35,Pablomara,EulerE,916,865,r1r4k/2pn1ppp/pb2pn2/1P1p4/Q2P4/N1P1P3/P4PPP/R1B2RK1 w - - 0 18,f8c8
35,Pablomara,EulerE,916,865,r1r4k/2pn1ppp/Pb2pn2/3p4/Q2P4/N1P1P3/P4PPP/R1B2RK1 b - - 0 18,b5a6
35,Pablomara,EulerE,916,865,r1r4k/2pn1ppp/Pb2p3/3p4/Q2Pn3/N1P1P3/P4PPP/R1B2RK1 w - - 1 19,f6e4
35,Pablomara,EulerE,916,865,r1r4k/2pn1ppp/Pb2p3/1N1p4/Q2Pn3/2P1P3/P4PPP/R1B2RK1 b - - 2 19,a3b5
35,Pablomara,EulerE,916,865,r1r4k/3n1ppp/Pbp1p3/1N1p4/Q2Pn3/2P1P3/P4PPP/R1B2RK1 w - - 0 20,c7c6
35,Pablomara,EulerE,916,865,r1r4k/3n1ppp/PbpNp3/3p4/Q2Pn3/2P1P3/P4PPP/R1B2RK1 b - - 1 20,b5d6
35,Pablomara,EulerE,916,865,r1r4k/3n1ppp/PbpNp3/3p4/Q2P4/2n1P3/P4PPP/R1B2RK1 w - - 0 21,e4c3
35,Pablomara,EulerE,916,865,r1r4k/3n1ppp/PbpNp3/3p4/3P4/2n1P3/P1Q2PPP/R1B2RK1 b - - 1 21,a4c2
35,Pablomara,EulerE,916,865,rr5k/3n1ppp/PbpNp3/3p4/3P4/2n1P3/P1Q2PPP/R1B2RK1 w - - 2 22,c8b8
35,Pablomara,EulerE,916,865,rr5k/3n1Npp/Pbp1p3/3p4/3P4/2n1P3/P1Q2PPP/R1B2RK1 b - - 0 22,d6f7
35,Pablomara,EulerE,916,865,rr4k1/3n1Npp/Pbp1p3/3p4/3P4/2n1P3/P1Q2PPP/R1B2RK1 w - - 1 23,h8g8
35,Pablomara,EulerE,916,865,rr4k1/3n2pp/PbpNp3/3p4/3P4/2n1P3/P1Q2PPP/R1B2RK1 b - - 2 23,f7d6
35,Pablomara,EulerE,916,865,rr4k1/3n2pp/PbpNp3/1n1p4/3P4/4P3/P1Q2PPP/R1B2RK1 w - - 3 24,c3b5
35,Pablomara,EulerE,916,865,rr4k1/3n2pp/PbQNp3/1n1p4/3P4/4P3/P4PPP/R1B2RK1 b - - 0 24,c2c6
35,Pablomara,EulerE,916,865,rr4k1/3n2pp/PbQnp3/3p4/3P4/4P3/P4PPP/R1B2RK1 w - - 0 25,b5d6
35,Pablomara,EulerE,916,865,rr4k1/3n2pp/Pb1Qp3/3p4/3P4/4P3/P4PPP/R1B2RK1 b - - 0 25,c6d6
35,Pablomara,EulerE,916,865,rr4k1/6pp/Pb1Qpn2/3p4/3P4/4P3/P4PPP/R1B2RK1 w - - 1 26,d7f6
35,Pablomara,EulerE,916,865,rr4k1/6pp/Pb2Qn2/3p4/3P4/4P3/P4PPP/R1B2RK1 b - - 0 26,d6e6
35,Pablomara,EulerE,916,865,rr5k/6pp/Pb2Qn2/3p4/3P4/4P3/P4PPP/R1B2RK1 w - - 1 27,g8h8
35,Pablomara,EulerE,916,865,rr5k/6pp/Pb2Qn2/3p4/3P4/B3P3/P4PPP/R4RK1 b - - 2 27,c1a3
35,Pablomara,EulerE,916,865,rr5k/6pp/Pb2Q3/3p4/3Pn3/B3P3/P4PPP/R4RK1 w - - 3 28,f6e4
35,Pablomara,EulerE,916,865,rr5k/6pp/Pb1BQ3/3p4/3Pn3/4P3/P4PPP/R4RK1 b - - 4 28,a3d6
35,Pablomara,EulerE,916,865,r3r2k/6pp/Pb1BQ3/3p4/3Pn3/4P3/P4PPP/R4RK1 w - - 5 29,b8e8
35,Pablomara,EulerE,916,865,r3r2k/6pp/Pb1B4/3Q4/3Pn3/4P3/P4PPP/R4RK1 b - - 0 29,e6d5
35,Pablomara,EulerE,916,865,r3r2k/6pp/Pb1B4/3Q4/3P4/2n1P3/P4PPP/R4RK1 w - - 1 30,e4c3
35,Pablomara,EulerE,916,865,r3r2k/6pp/PbQB4/8/3P4/2n1P3/P4PPP/R4RK1 b - - 2 30,d5c6
35,Pablomara,EulerE,916,865,r3r2k/6pp/P1QB4/b7/3P4/2n1P3/P4PPP/R4RK1 w - - 3 31,b6a5
35,Pablomara,EulerE,916,865,r3r2k/6pp/P1QB4/b7/P2P4/2n1P3/5PPP/R4RK1 b - - 0 31,a2a4
35,Pablomara,EulerE,916,865,r6k/6pp/P1QBr3/b7/P2P4/2n1P3/5PPP/R4RK1 w - - 1 32,e8e6
35,Pablomara,EulerE,916,865,r6k/3Q2pp/P2Br3/b7/P2P4/2n1P3/5PPP/R4RK1 b - - 2 32,c6d7
35,Pablomara,EulerE,916,865,4r2k/3Q2pp/P2Br3/b7/P2P4/2n1P3/5PPP/R4RK1 w - - 3 33,a8e8
35,Pablomara,EulerE,916,865,4r2k/P2Q2pp/3Br3/b7/P2P4/2n1P3/5PPP/R4RK1 b - - 0 33,a6a7
35,Pablomara,EulerE,916,865,4r2k/P2Q2pp/3B4/b7/P2Pr3/2n1P3/5PPP/R4RK1 w - - 1 34,e6e4
35,Pablomara,EulerE,916,865,4r2k/P2Q2pp/3B4/b7/P2Pr3/2n1P3/5PPP/2R2RK1 b - - 2 34,a1c1
35,Pablomara,EulerE,916,865,4r2k/P2Q2pp/1b1B4/8/P2Pr3/2n1P3/5PPP/2R2RK1 w - - 3 35,a5b6
35,Pablomara,EulerE,916,865,4r2k/P2Q2pp/1b1B4/8/P2Pr3/2R1P3/5PPP/5RK1 b - - 0 35,c1c3
35,Pablomara,EulerE,916,865,4r2k/b2Q2pp/3B4/8/P2Pr3/2R1P3/5PPP/5RK1 w - - 0 36,b6a7
35,Pablomara,EulerE,916,865,2R1r2k/b2Q2pp/3B4/8/P2Pr3/4P3/5PPP/5RK1 b - - 1 36,c3c8
35,Pablomara,EulerE,916,865,2r4k/b2Q2pp/3B4/8/P2Pr3/4P3/5PPP/5RK1 w - - 0 37,e8c8
35,Pablomara,EulerE,916,865,2Q4k/b5pp/3B4/8/P2Pr3/4P3/5PPP/5RK1 b - - 0 37,d7c8
35,Pablomara,EulerE,916,865,2Q1r2k/b5pp/3B4/8/P2P4/4P3/5PPP/5RK1 w - - 1 38,e4e8
35,Pablomara,EulerE,916,865,4Q2k/b5pp/3B4/8/P2P4/4P3/5PPP/5RK1 b - - 0 38,c8e8
36,EulerE,ChessJSS1,874,890,rnbqkbnr/pppppppp/8/8/3P4/8/PPP1PPPP/RNBQKBNR b KQkq - 0 1,d2d4
36,EulerE,ChessJSS1,874,890,rnbqkbnr/pppp1ppp/4p3/8/3P4/8/PPP1PPPP/RNBQKBNR w KQkq - 0 2,e7e6
36,EulerE,ChessJSS1,874,890,rnbqkbnr/pppp1ppp/4p3/8/3PP3/8/PPP2PPP/RNBQKBNR b KQkq - 0 2,e2e4
36,EulerE,ChessJSS1,874,890,rnb1kbnr/pppp1ppp/4pq2/8/3PP3/8/PPP2PPP/RNBQKBNR w KQkq - 1 3,d8f6
36,EulerE,ChessJSS1,874,890,rnb1kbnr/pppp1ppp/4pq2/8/3PP3/1P6/P1P2PPP/RNBQKBNR b KQkq - 0 3,b2b3
36,EulerE,ChessJSS1,874,890,rnb1kbnr/pppp1ppp/5q2/4p3/3PP3/1P6/P1P2PPP/RNBQKBNR w KQkq - 0 4,e6e5
36,EulerE,ChessJSS1,874,890,rnb1kbnr/pppp1ppp/5q2/4p3/3PP3/1P6/PBP2PPP/RN1QKBNR b KQkq - 1 4,c1b2
36,EulerE,ChessJSS1,874,890,rnb1kbnr/pppp1ppp/5q2/8/3pP3/1P6/PBP2PPP/RN1QKBNR w KQkq - 0 5,e5d4
36,EulerE,ChessJSS1,874,890,rnb1kbnr/pppp1ppp/5q2/8/3BP3/1P6/P1P2PPP/RN1QKBNR b KQkq - 0 5,b2d4
36,EulerE,ChessJSS1,874,890,rnb1kbnr/pppp1ppp/3q4/8/3BP3/1P6/P1P2PPP/RN1QKBNR w KQkq - 1 6,f6d6
36,EulerE,ChessJSS1,874,890,rnb1kbnr/pppp1ppp/3q4/8/3BP3/1PN5/P1P2PPP/R2QKBNR b KQkq - 2 6,b1c3
36,EulerE,ChessJSS1,874,890,rnb1kbnr/pppp1ppp/8/8/1q1BP3/1PN5/P1P2PPP/R2QKBNR w KQkq - 3 7,d6b4
36,EulerE,ChessJSS1,874,890,rnb1kbnr/pppp1ppp/8/8/1q1BP3/1PN5/P1PQ1PPP/R3KBNR b KQkq - 4 7,d1d2
36,EulerE,ChessJSS1,874,890,rnb1kbnr/pp1p1ppp/8/2p5/1q1BP3/1PN5/P1PQ1PPP/R3KBNR w KQkq - 0 8,c7c5
36,EulerE,ChessJSS1,874,890,rnb1kbnr/pp1p1ppp/8/2p5/1q2P3/1PN1B3/P1PQ1PPP/R3KBNR b KQkq - 1 8,d4e3
36,EulerE,ChessJSS1,874,890,rnb1kbnr/pp3ppp/3p4/2p5/1q2P3/1PN1B3/P1PQ1PPP/R3KBNR w KQkq - 0 9,d7d6
36,EulerE,ChessJSS1,874,890,rnb1kbnr/pp3ppp/3p4/2pN4/1q2P3/1P2B3/P1PQ1PPP/R3KBNR b KQkq - 1 9,c3d5
36,EulerE,ChessJSS1,874,890,rnb1kbnr/pp3ppp/3p4/2pN4/4P3/1P2B3/P1Pq1PPP/R3KBNR w KQkq - 0 10,b4d2
36,EulerE,ChessJSS1,874,890,rnb1kbnr/pp3ppp/3p4/2pN4/4P3/1P6/P1PB1PPP/R3KBNR b KQkq - 0 10,e3d2
36,EulerE,ChessJSS1,874,890,r1b1kbnr/pp3ppp/n2p4/2pN4/4P3/1P6/P1PB1PPP/R3KBNR w KQkq - 1 11,b8a6
36,EulerE,ChessJSS1,874,890,r1b1kbnr/pp3ppp/n2p4/2pN4/4P3/1P6/P1PB1PPP/2KR1BNR b kq - 2 11,e1c1
36,EulerE,ChessJSS1,874,890,r3kbnr/pp3ppp/n2pb3/2pN4/4P3/1P6/P1PB1PPP/2KR1BNR w kq - 3 12,c8e6
36,EulerE,ChessJSS1,874,890,r3kbnr/pp3ppp/n2pb3/2p5/4P3/1P2N3/P1PB1PPP/2KR1BNR b kq - 4 12,d5e3
36,EulerE,ChessJSS1,874,890,r3kbnr/pp3ppp/n3b3/2pp4/4P3/1P2N3/P1PB1PPP/2KR1BNR w kq - 0 13,d6d5
36,EulerE,ChessJSS1,874,890,r3kbnr/pp3ppp/n3b3/2pP4/8/1P2N3/P1PB1PPP/2KR1BNR b kq - 0 13,e4d5
36,EulerE,ChessJSS1,874,890,r3kbnr/pp1b1ppp/n7/2pP4/8/1P2N3/P1PB1PPP/2KR1BNR w kq - 1 14,e6d7
36,EulerE,ChessJSS1,874,890,r3kbnr/pp1b1ppp/n7/2pP4/8/1P2NN2/P1PB1PPP/2KR1B1R b kq - 2 14,g1f3
36,EulerE,ChessJSS1,874,890,r3kbnr/pp1b1ppp/n7/3P4/2p5/1P2NN2/P1PB1PPP/2KR1B1R w kq - 0 15,c5c4
36,EulerE,ChessJSS1,874,890,r3kbnr/pp1b1ppp/n7/3P4/2N5/1P3N2/P1PB1PPP/2KR1B1R b kq - 0 15,e3c4
36,EulerE,ChessJSS1,874,890,r3k1nr/pp1b1ppp/n7/3P4/2N5/bP3N2/P1PB1PPP/2KR1B1R w kq - 1 16,f8a3
36,EulerE,ChessJSS1,874,890,r3k1nr/pp1b1ppp/n7/3P4/8/NP3N2/P1PB1PPP/2KR1B1R b kq - 0 16,c4a3
36,EulerE,ChessJSS1,874,890,2r1k1nr/pp1b1ppp/n7/3P4/8/NP3N2/P1PB1PPP/2KR1B1R w k - 1 17,a8c8
36,EulerE,ChessJSS1,874,890,2r1k1nr/pp1b1ppp/B7/3P4/8/NP3N2/P1PB1PPP/2KR3R b k - 0 17,f1a6
36,EulerE,ChessJSS1,874,890,2r1k1nr/p2b1ppp/p7/3P4/8/NP3N2/P1PB1PPP/2KR3R w k - 0 18,b7a6
36,EulerE,ChessJSS1,874,890,2r1k1nr/p2b1ppp/p7/3P4/8/NP3N2/P1PB1PPP/2KRR3 b k - 1 18,h1e1
36,EulerE,ChessJSS1,874,890,2rk2nr/p2b1ppp/p7/3P4/8/NP3N2/P1PB1PPP/2KRR3 w - - 2 19,e8d8
36,EulerE,ChessJSS1,874,890,2rk2nr/p2b1ppp/p7/3PN3/8/NP6/P1PB1PPP/2KRR3 b - - 3 19,f3e5
36,EulerE,ChessJSS1,874,890,2rk3r/p2b1ppp/p6n/3PN3/8/NP6/P1PB1PPP/2KRR3 w - - 4 20,g8h6
36,EulerE,ChessJSS1,874,890,2rk3r/p2b1ppp/p6B/3PN3/8/NP6/P1P2PPP/2KRR3 b - - 0 20,d2h6
36,EulerE,ChessJSS1,874,890,2rk3r/p2b1p1p/p6p/3PN3/8/NP6/P1P2PPP/2KRR3 w - - 0 21,g7h6
36,EulerE,ChessJSS1,874,890,2rk3r/p2b1N1p/p6p/3P4/8/NP6/P1P2PPP/2KRR3 b - - 0 21,e5f7
36,EulerE,ChessJSS1,874,890,2r4r/p1kb1N1p/p6p/3P4/8/NP6/P1P2PPP/2KRR3 w - - 1 22,d8c7
36,EulerE,ChessJSS1,874,890,2r4N/p1kb3p/p6p/3P4/8/NP6/P1P2PPP/2KRR3 b - - 0 22,f7h8
36,EulerE,ChessJSS1,874,890,7r/p1kb3p/p6p/3P4/8/NP6/P1P2PPP/2KRR3 w - - 0 23,c8h8
36,EulerE,ChessJSS1,874,890,7r/p1kb3p/p6p/3P4/2N5/1P6/P1P2PPP/2KRR3 b - - 1 23,a3c4
36,EulerE,ChessJSS1,874,890,7r/p1k4p/p6p/1b1P4/2N5/1P6/P1P2PPP/2KRR3 w - - 2 24,d7b5
36,EulerE,ChessJSS1,874,890,7r/p1k4p/p2P3p/1b6/2N5/1P6/P1P2PPP/2KRR3 b - - 0 24,d5d6
36,EulerE,ChessJSS1,874,890,7r/p6p/p1kP3p/1b6/2N5/1P6/P1P2PPP/2KRR3 w - - 1 25,c7c6
36,EulerE,ChessJSS1,874,890,7r/p6p/p1kP3p/1b6/P1N5/1P6/2P2PPP/2KRR3 b - - 0 25,a2a4
36,EulerE,ChessJSS1,874,890,7r/p6p/p1kP3p/8/P1b5/1P6/2P2PPP/2KRR3 w - - 0 26,b5c4
36,EulerE,ChessJSS1,874,890,7r/p6p/p1kP3p/8/P1P5/8/2P2PPP/2KRR3 b - - 0 26,b3c4
36,EulerE,ChessJSS1,874,890,3r4/p6p/p1kP3p/8/P1P5/8/2P2PPP/2KRR3 w - - 1 27,h8d8
36,EulerE,ChessJSS1,874,890,3r4/p6p/p1kP3p/8/P1P5/4R3/2P2PPP/2KR4 b - - 2 27,e1e3
36,EulerE,ChessJSS1,874,890,8/p6p/p1kr3p/8/P1P5/4R3/2P2PPP/2KR4 w - - 0 28,d8d6
36,EulerE,ChessJSS1,874,890,8/p6p/p1kR3p/8/P1P5/4R3/2P2PPP/2K5 b - - 0 28,d1d6
36,EulerE,ChessJSS1,874,890,8/p6p/p2k3p/8/P1P5/4R3/2P2PPP/2K5 w - - 0 29,c6d6
36,EulerE,ChessJSS1,874,890,8/p6p/p2k3p/8/P1P5/7R/2P2PPP/2K5 b - - 1 29,e3h3
36,EulerE,ChessJSS1,874,890,8/p6p/p6p/2k5/P1P5/7R/2P2PPP/2K5 w - - 2 30,d6c5
36,EulerE,ChessJSS1,874,890,8/p6p/p6R/2k5/P1P5/8/2P2PPP/2K5 b - - 0 30,h3h6
36,EulerE,ChessJSS1,874,890,8/p6p/p6R/8/P1k5/8/2P2PPP/2K5 w - - 0 31,c5c4
36,EulerE,ChessJSS1,874,890,8/p6R/p7/8/P1k5/8/2P2PPP/2K5 b - - 0 31,h6h7
36,EulerE,ChessJSS1,874,890,8/p6R/p7/8/Pk6/8/2P2PPP/2K5 w - - 1 32,c4b4
36,EulerE,ChessJSS1,874,890,8/R7/p7/8/Pk6/8/2P2PPP/2K5 b - - 0 32,h7a7
36,EulerE,ChessJSS1,874,890,8/R7/p7/8/k7/8/2P2PPP/2K5 w - - 0 33,b4a4
36,EulerE,ChessJSS1,874,890,8/8/R7/8/k7/8/2P2PPP/2K5 b - - 0 33,a7a6
36,EulerE,ChessJSS1,874,890,8/8/R7/1k6/8/8/2P2PPP/2K5 w - - 1 34,a4b5
36,EulerE,ChessJSS1,874,890,8/8/5R2/1k6/8/8/2P2PPP/2K5 b - - 2 34,a6f6
36,EulerE,ChessJSS1,874,890,8/8/5R2/2k5/8/8/2P2PPP/2K5 w - - 3 35,b5c5
36,EulerE,ChessJSS1,874,890,8/8/5R2/2k5/6P1/8/2P2P1P/2K5 b - - 0 35,g2g4
36,EulerE,ChessJSS1,874,890,8/8/5R2/3k4/6P1/8/2P2P1P/2K5 w - - 1 36,c5d5
36,EulerE,ChessJSS1,874,890,8/8/5R2/3k2P1/8/8/2P2P1P/2K5 b - - 0 36,g4g5
36,EulerE,ChessJSS1,874,890,8/8/5R2/4k1P1/8/8/2P2P1P/2K5 w - - 1 37,d5e5
36,EulerE,ChessJSS1,874,890,8/8/5R2/4k1P1/7P/8/2P2P2/2K5 b - - 0 37,h2h4
36,EulerE,ChessJSS1,874,890,8/8/5R2/6P1/4k2P/8/2P2P2/2K5 w - - 1 38,e5e4
36,EulerE,ChessJSS1,874,890,8/8/5R2/6PP/4k3/8/2P2P2/2K5 b - - 0 38,h4h5
36,EulerE,ChessJSS1,874,890,8/8/5R2/4k1PP/8/8/2P2P2/2K5 w - - 1 39,e4e5
36,EulerE,ChessJSS1,874,890,8/8/5R1P/4k1P1/8/8/2P2P2/2K5 b - - 0 39,h5h6
36,EulerE,ChessJSS1,874,890,8/8/5R1P/6P1/4k3/8/2P2P2/2K5 w - - 1 40,e5e4
36,EulerE,ChessJSS1,874,890,8/7P/5R2/6P1/4k3/8/2P2P2/2K5 b - - 0 40,h6h7
36,EulerE,ChessJSS1,874,890,8/7P/5R2/6P1/3k4/8/2P2P2/2K5 w - - 1 41,e4d4
36,EulerE,ChessJSS1,874,890,7Q/8/5R2/6P1/3k4/8/2P2P2/2K5 b - - 0 41,h7h8q
37,HansIeH,EulerE,848,882,rnbqkbnr/pppppppp/8/8/4P3/8/PPPP1PPP/RNBQKBNR b KQkq - 0 1,e2e4
37,HansIeH,EulerE,848,882,rnbqkbnr/pppp1ppp/8/4p3/4P3/8/PPPP1PPP/RNBQKBNR w KQkq - 0 2,e7e5
37,HansIeH,EulerE,848,882,rnbqkbnr/pppp1ppp/8/4p2Q/4P3/8/PPPP1PPP/RNB1KBNR b KQkq - 1 2,d1h5
37,HansIeH,EulerE,848,882,r1bqkbnr/pppp1ppp/2n5/4p2Q/4P3/8/PPPP1PPP/RNB1KBNR w KQkq - 2 3,b8c6
37,HansIeH,EulerE,848,882,r1bqkbnr/pppp1ppp/2n5/4p2Q/2B1P3/8/PPPP1PPP/RNB1K1NR b KQkq - 3 3,f1c4
37,HansIeH,EulerE,848,882,r1bqkbnr/pppp1p1p/2n3p1/4p2Q/2B1P3/8/PPPP1PPP/RNB1K1NR w KQkq - 0 4,g7g6
37,HansIeH,EulerE,848,882,r1bqkbnr/pppp1p1p/2n3p1/4p3/2B1P3/5Q2/PPPP1PPP/RNB1K1NR b KQkq - 1 4,h5f3
37,HansIeH,EulerE,848,882,r1bqkb1r/pppp1p1p/2n3pn/4p3/2B1P3/5Q2/PPPP1PPP/RNB1K1NR w KQkq - 2 5,g8h6
37,HansIeH,EulerE,848,882,r1bqkb1r/pppp1p1p/2n3pn/4p3/2BPP3/5Q2/PPP2PPP/RNB1K1NR b KQkq - 0 5,d2d4
37,HansIeH,EulerE,848,882,r1bqkb1r/pppp1p1p/6pn/4p3/2BnP3/5Q2/PPP2PPP/RNB1K1NR w KQkq - 0 6,c6d4
37,HansIeH,EulerE,848,882,r1bqkb1r/pppp1p1p/6pn/4p3/2BnP3/6Q1/PPP2PPP/RNB1K1NR b KQkq - 1 6,f3g3
37,HansIeH,EulerE,848,882,r1bqkb1r/pppp1p1p/6pn/4p3/2B1P3/6Q1/PPn2PPP/RNB1K1NR w KQkq - 0 7,d4c2
37,HansIeH,EulerE,848,882,r1bqkb1r/pppp1p1p/6pn/4p3/2B1P3/6Q1/PPn2PPP/RNBK2NR b kq - 1 7,e1d1
37,HansIeH,EulerE,848,882,r1bqkb1r/pppp1p1p/6pn/4p3/2B1P3/6Q1/PP3PPP/nNBK2NR w kq - 0 8,c2a1
37,HansIeH,EulerE,848,882,r1bqkb1r/pppp1p1p/6pB/4p3/2B1P3/6Q1/PP3PPP/nN1K2NR b kq - 0 8,c1h6
37,HansIeH,EulerE,848,882,r1bqk2r/pppp1p1p/6pb/4p3/2B1P3/6Q1/PP3PPP/nN1K2NR w kq - 0 9,f8h6
37,HansIeH,EulerE,848,882,r1bqk2r/pppp1p1p/6pb/4p3/2B1P3/5Q2/PP3PPP/nN1K2NR b kq - 1 9,g3f3
37,HansIeH,EulerE,848,882,r1bq1rk1/pppp1p1p/6pb/4p3/2B1P3/5Q2/PP3PPP/nN1K2NR w - - 2 10,e8g8
37,HansIeH,EulerE,848,882,r1bq1rk1/pppp1p1p/6pb/4p3/2B1P3/5Q2/PP2NPPP/nN1K3R b - - 3 10,g1e2
37,HansIeH,EulerE,848,882,r1bq1rk1/pp1p1p1p/2p3pb/4p3/2B1P3/5Q2/PP2NPPP/nN1K3R w - - 0 11,c7c6
37,HansIeH,EulerE,848,882,r1bq1rk1/pp1p1p1p/2p3pb/4p3/2B1P3/2N2Q2/PP2NPPP/n2K3R b - - 1 11,b1c3
37,HansIeH,EulerE,848,882,r1bq1rk1/p2p1p1p/2p3pb/1p2p3/2B1P3/2N2Q2/PP2NPPP/n2K3R w - - 0 12,b7b5
37,HansIeH,EulerE,848,882,r1bq1rk1/p2p1p1p/2p3pb/1p2p3/4P3/2NB1Q2/PP2NPPP/n2K3R b - - 1 12,c4d3
37,HansIeH,EulerE,848,882,r1bq1rk1/3p1p1p/2p3pb/pp2p3/4P3/2NB1Q2/PP2NPPP/n2K3R w - - 0 13,a7a5
37,HansIeH,EulerE,848,882,r1bq1rk1/3p1p1p/2p3pb/pp2p3/4P3/2NB1QN1/PP3PPP/n2K3R b - - 1 13,e2g3
37,HansIeH,EulerE,848,882,r1bq1rk1/3p1p1p/2p3pb/p3p3/1p2P3/2NB1QN1/PP3PPP/n2K3R w - - 0 14,b5b4
37,HansIeH,EulerE,848,882,r1bq1rk1/3p1p1p/2p3pb/p3p3/Np2P3/3B1QN1/PP3PPP/n2K3R b - - 1 14,c3a4
37,HansIeH,EulerE,848,882,r2q1rk1/3p1p1p/b1p3pb/p3p3/Np2P3/3B1QN1/PP3PPP/n2K3R w - - 2 15,c8a6
37,HansIeH,EulerE,848,882,r2q1rk1/3p1p1p/b1p3pb/p3p3/Np2P3/3B1QN1/PP2KPPP/n6R b - - 3 15,d1e2
37,HansIeH,EulerE,848,882,r2q1rk1/3p1p1p/2p3pb/p3p3/Np2P3/3b1QN1/PP2KPPP/n6R w - - 0 16,a6d3
37,HansIeH,EulerE,848,882,r2q1rk1/3p1p1p/2p3pb/p3p3/Np2P3/3K1QN1/PP3PPP/n6R b - - 0 16,e2d3
37,HansIeH,EulerE,848,882,r1q2rk1/3p1p1p/2p3pb/p3p3/Np2P3/3K1QN1/PP3PPP/n6R w - - 1 17,d8c8
37,HansIeH,EulerE,848,882,r1q2rk1/3p1p1p/2p3pb/p3p3/Np2P3/3K1QN1/PP3PPP/R7 b - - 0 17,h1a1
37,HansIeH,EulerE,848,882,r4rk1/3p1p1p/q1p3pb/p3p3/Np2P3/3K1QN1/PP3PPP/R7 w - - 1 18,c8a6
37,HansIeH,EulerE,848,882,r4rk1/3p1p1p/q1p3pb/p3p3/Np2P3/5QN1/PPK2PPP/R7 b - - 2 18,d3c2
37,HansIeH,EulerE,848,882,r4rk1/3p1p1p/2p3pb/p3p3/Npq1P3/5QN1/PPK2PPP/R7 w - - 3 19,a6c4
37,HansIeH,EulerE,848,882,r4rk1/3p1p1p/2p3pb/p3p3/1pq1P3/2N2QN1/PPK2PPP/R7 b - - 4 19,a4c3
37,HansIeH,EulerE,848,882,r4rk1/3p1p1p/2p3pb/p3p3/2q1P3/2p2QN1/PPK2PPP/R7 w - - 0 20,b4c3
37,HansIeH,EulerE,848,882,r4rk1/3p1p1p/2p3pb/p3p3/2q1P3/2P2QN1/P1K2PPP/R7 b - - 0 20,b2c3
37,HansIeH,EulerE,848,882,r2r2k1/3p1p1p/2p3pb/p3p3/2q1P3/2P2QN1/P1K2PPP/R7 w - - 1 21,f8d8
37,HansIeH,EulerE,848,882,r2r2k1/3p1p1p/2p3pb/p3p3/2q1P3/2P3N1/P1K1QPPP/R7 b - - 2 21,f3e2
37,HansIeH,EulerE,848,882,r2r2k1/3p1p1p/2p3pb/p3p3/4P3/2P3N1/P1K1qPPP/R7 w - - 0 22,c4e2
37,HansIeH,EulerE,848,882,r2r2k1/3p1p1p/2p3pb/p3p3/4P3/2P5/P1K1NPPP/R7 b - - 0 22,g3e2
37,HansIeH,EulerE,848,882,r2r2k1/5p1p/2p3pb/p2pp3/4P3/2P5/P1K1NPPP/R7 w - - 0 23,d7d5
37,HansIeH,EulerE,848,882,r2r2k1/5p1p/2p3pb/p2Pp3/8/2P5/P1K1NPPP/R7 b - - 0 23,e4d5
37,HansIeH,EulerE,848,882,r2r2k1/5p1p/6pb/p2pp3/8/2P5/P1K1NPPP/R7 w - - 0 24,c6d5
37,HansIeH,EulerE,848,882,r2r2k1/5p1p/6pb/p2pp3/8/2P5/P1K1NPPP/1R6 b - - 1 24,a1b1
37,HansIeH,EulerE,848,882,r1r3k1/5p1p/6pb/p2pp3/8/2P5/P1K1NPPP/1R6 w - - 2 25,d8c8
37,HansIeH,EulerE,848,882,r1r3k1/5p1p/6pb/pR1pp3/8/2P5/P1K1NPPP/8 b - - 3 25,b1b5
37,HansIeH,EulerE,848,882,r1r3k1/5p1p/6pb/pR2p3/3p4/2P5/P1K1NPPP/8 w - - 0 26,d5d4
37,HansIeH,EulerE,848,882,r1r3k1/5p1p/6pb/p3R3/3p4/2P5/P1K1NPPP/8 b - - 0 26,b5e5
37,HansIeH,EulerE,848,882,r1r3k1/5p1p/6pb/p3R3/8/2p5/P1K1NPPP/8 w - - 0 27,d4c3
37,HansIeH,EulerE,848,882,r1r3k1/5p1p/6pb/p3R3/8/2N5/P1K2PPP/8 b - - 0 27,e2c3
37,HansIeH,EulerE,848,882,r1r3k1/5pbp/6p1/p3R3/8/2N5/P1K2PPP/8 w - - 1 28,h6g7
37,HansIeH,EulerE,848,882,r1r3k1/5pbp/6p1/p7/8/2N1R3/P1K2PPP/8 b - - 2 28,e5e3
37,HansIeH,EulerE,848,882,r1r3k1/5p1p/6p1/p7/8/2b1R3/P1K2PPP/8 w - - 0 29,g7c3
37,HansIeH,EulerE,848,882,r1r3k1/5p1p/6p1/p7/8/2R5/P1K2PPP/8 b - - 0 29,e3c3
37,HansIeH,EulerE,848,882,r5k1/5p1p/6p1/p7/8/2r5/P1K2PPP/8 w - - 0 30,c8c3
37,HansIeH,EulerE,848,882,r5k1/5p1p/6p1/p7/8/2K5/P4PPP/8 b - - 0 30,c2c3
37,HansIeH,EulerE,848,882,4r1k1/5p1p/6p1/p7/8/2K5/P4PPP/8 w - - 1 31,a8e8
37,HansIeH,EulerE,848,882,4r1k1/5p1p/6p1/p7/8/1K6/P4PPP/8 b - - 2 31,c3b3
37,HansIeH,EulerE,848,882,6k1/5p1p/6p1/p7/8/1K6/P3rPPP/8 w - - 3 32,e8e2
37,HansIeH,EulerE,848,882,6k1/5p1p/6p1/p7/P7/1K6/4rPPP/8 b - - 0 32,a2a4
37,HansIeH,EulerE,848,882,6k1/5p1p/6p1/p7/P7/1K6/5rPP/8 w - - 0 33,e2f2
37,HansIeH,EulerE,848,882,6k1/5p1p/6p1/p7/P1K5/8/5rPP/8 b - - 1 33,b3c4
37,HansIeH,EulerE,848,882,6k1/5p1p/6p1/p7/P1K5/8/6rP/8 w - - 0 34,f2g2
37,HansIeH,EulerE,848,882,6k1/5p1p/6p1/pK6/P7/8/6rP/8 b - - 1 34,c4b5
37,HansIeH,EulerE,848,882,6k1/5p1p/6p1/pK6/P7/8/r6P/8 w - - 2 35,g2a2
37,HansIeH,EulerE,848,882,6k1/5p1p/6p1/K7/P7/8/r6P/8 b - - 0 35,b5a5
37,HansIeH,EulerE,848,882,6k1/7p/6p1/K4p2/P7/8/r6P/8 w - - 0 36,f7f5
37,HansIeH,EulerE,848,882,6k1/7p/6p1/5p2/PK6/8/r6P/8 b - - 1 36,a5b4
37,HansIeH,EulerE,848,882,6k1/7p/6p1/8/PK3p2/8/r6P/8 w - - 0 37,f5f4
37,HansIeH,EulerE,848,882,6k1/7p/6p1/P7/1K3p2/8/r6P/8 b - - 0 37,a4a5
37,HansIeH,EulerE,848,882,6k1/7p/6p1/P7/1K6/5p2/r6P/8 w - - 0 38,f4f3
37,HansIeH,EulerE,848,882,6k1/7p/6p1/PK6/8/5p2/r6P/8 b - - 1 38,b4b5
37,HansIeH,EulerE,848,882,6k1/7p/6p1/PK6/8/8/r4p1P/8 w - - 0 39,f3f2
37,HansIeH,EulerE,848,882,6k1/7p/P5p1/1K6/8/8/r4p1P/8 b - - 0 39,a5a6
37,HansIeH,EulerE,848,882,6k1/7p/r5p1/1K6/8/8/5p1P/8 w - - 0 40,a2a6
37,HansIeH,EulerE,848,882,6k1/7p/K5p1/8/8/8/5p1P/8 b - - 0 40,b5a6
37,HansIeH,EulerE,848,882,6k1/7p/K5p1/8/8/8/7P/5q2 w - - 0 41,f2f1q
37,HansIeH,EulerE,848,882,6k1/7p/1K4p1/8/8/8/7P/5q2 b - - 1 41,a6b6
37,HansIeH,EulerE,848,882,6k1/7p/1K4p1/8/8/8/7P/7q w - - 2 42,f1h1
38,EulerE,stealbeth,890,888,rnbqkbnr/pppppppp/8/8/3P4/8/PPP1PPPP/RNBQKBNR b KQkq - 0 1,d2d4
38,EulerE,stealbeth,890,888,r1bqkbnr/pppppppp/2n5/8/3P4/8/PPP1PPPP/RNBQKBNR w KQkq - 1 2,b8c6
38,EulerE,stealbeth,890,888,r1bqkbnr/pppppppp/2n5/8/3P4/2N5/PPP1PPPP/R1BQKBNR b KQkq - 2 2,b1c3
38,EulerE,stealbeth,890,888,r1bqkbnr/pppppppp/8/8/3n4/2N5/PPP1PPPP/R1BQKBNR w KQkq - 0 3,c6d4
38,EulerE,stealbeth,890,888,r1bqkbnr/pppppppp/8/8/3Q4/2N5/PPP1PPPP/R1B1KBNR b KQkq - 0 3,d1d4
38,EulerE,stealbeth,890,888,r1bqkbnr/ppp1pppp/8/3p4/3Q4/2N5/PPP1PPPP/R1B1KBNR w KQkq - 0 4,d7d5
38,EulerE,stealbeth,890,888,r1bqkbnr/ppp1pppp/8/3N4/3Q4/8/PPP1PPPP/R1B1KBNR b KQkq - 0 4,c3d5
38,EulerE,stealbeth,890,888,r1bqkbnr/pp2pppp/2p5/3N4/3Q4/8/PPP1PPPP/R1B1KBNR w KQkq - 0 5,c7c6
38,EulerE,stealbeth,890,888,r1bqkbnr/pp2pppp/2p5/3N4/3Q1B2/8/PPP1PPPP/R3KBNR b KQkq - 1 5,c1f4
38,EulerE,stealbeth,890,888,r1b1kbnr/pp2pppp/2p5/q2N4/3Q1B2/8/PPP1PPPP/R3KBNR w KQkq - 2 6,d8a5
38,EulerE,stealbeth,890,888,r1b1kbnr/pp2pppp/2p5/q7/3Q1B2/2N5/PPP1PPPP/R3KBNR b KQkq - 3 6,d5c3
38,EulerE,stealbeth,890,888,r1b1kbnr/pp2pppp/8/q1p5/3Q1B2/2N5/PPP1PPPP/R3KBNR w KQkq - 0 7,c6c5
38,EulerE,stealbeth,890,888,r1b1kbnr/pp2pppp/8/q1p1Q3/5B2/2N5/PPP1PPPP/R3KBNR b KQkq - 1 7,d4e5
38,EulerE,stealbeth,890,888,r1b1kbnr/pp2p1pp/5p2/q1p1Q3/5B2/2N5/PPP1PPPP/R3KBNR w KQkq - 0 8,f7f6
38,EulerE,stealbeth,890,888,r1b1kbnr/ppQ1p1pp/5p2/q1p5/5B2/2N5/PPP1PPPP/R3KBNR b KQkq - 1 8,e5c7
38,EulerE,stealbeth,890,888,r1b1kbnr/ppq1p1pp/5p2/2p5/5B2/2N5/PPP1PPPP/R3KBNR w KQkq - 0 9,a5c7
38,EulerE,stealbeth,890,888,r1b1kbnr/ppB1p1pp/5p2/2p5/8/2N5/PPP1PPPP/R3KBNR b KQkq - 0 9,f4c7
38,EulerE,stealbeth,890,888,r1b1kbnr/ppB3pp/4pp2/2p5/8/2N5/PPP1PPPP/R3KBNR w KQkq - 0 10,e7e6
38,EulerE,stealbeth,890,888,r1b1kbnr/ppB3pp/4pp2/2p5/8/2N5/PPP1PPPP/2KR1BNR b kq - 1 10,e1c1
38,EulerE,stealbeth,890,888,r3kbnr/ppBb2pp/4pp2/2p5/8/2N5/PPP1PPPP/2KR1BNR w kq - 2 11,c8d7
38,EulerE,stealbeth,890,888,r3kbnr/pp1b2pp/4pp2/2p5/8/2N3B1/PPP1PPPP/2KR1BNR b kq - 3 11,c7g3
38,EulerE,stealbeth,890,888,3rkbnr/pp1b2pp/4pp2/2p5/8/2N3B1/PPP1PPPP/2KR1BNR w k - 4 12,a8d8
38,EulerE,stealbeth,890,888,3rkbnr/pp1b2pp/4pp2/2p5/8/2N1P1B1/PPP2PPP/2KR1BNR b k - 0 12,e2e3
38,EulerE,stealbeth,890,888,3rkbnr/pp1b2pp/4p3/2p2p2/8/2N1P1B1/PPP2PPP/2KR1BNR w k - 0 13,f6f5
38,EulerE,stealbeth,890,888,3rkbnr/pp1b2pp/4p3/1Bp2p2/8/2N1P1B1/PPP2PPP/2KR2NR b k - 1 13,f1b5
38,EulerE,stealbeth,890,888,3rkbnr/pp4pp/4p3/1bp2p2/8/2N1P1B1/PPP2PPP/2KR2NR w k - 0 14,d7b5
38,EulerE,stealbeth,890,888,3Rkbnr/pp4pp/4p3/1bp2p2/8/2N1P1B1/PPP2PPP/2K3NR b k - 0 14,d1d8
38,EulerE,stealbeth,890,888,3k1bnr/pp4pp/4p3/1bp2p2/8/2N1P1B1/PPP2PPP/2K3NR w - - 0 15,e8d8
38,EulerE,stealbeth,890,888,3k1bnr/pp4pp/4p3/1Np2p2/8/4P1B1/PPP2PPP/2K3NR b - - 0 15,c3b5
38,EulerE,stealbeth,890,888,3k1bnr/pp5p/4p1p1/1Np2p2/8/4P1B1/PPP2PPP/2K3NR w - - 0 16,g7g6
38,EulerE,stealbeth,890,888,3k1bnr/pp5p/4p1p1/1Np1Bp2/8/4P3/PPP2PPP/2K3NR b - - 1 16,g3e5
38,EulerE,stealbeth,890,888,3k2nr/pp5p/4p1pb/1Np1Bp2/8/4P3/PPP2PPP/2K3NR w - - 2 17,f8h6
38,EulerE,stealbeth,890,888,3k2nB/pp5p/4p1pb/1Np2p2/8/4P3/PPP2PPP/2K3NR b - - 0 17,e5h8
38,EulerE,stealbeth,890,888,6nB/pp1k3p/4p1pb/1Np2p2/8/4P3/PPP2PPP/2K3NR w - - 1 18,d8d7
38,EulerE,stealbeth,890,888,6nB/pp1k3p/4p1pb/1Np2p2/8/4P3/PPP1NPPP/2K4R b - - 2 18,g1e2
38,EulerE,stealbeth,890,888,6nB/1p1k3p/p3p1pb/1Np2p2/8/4P3/PPP1NPPP/2K4R w - - 0 19,a7a6
38,EulerE,stealbeth,890,888,6nB/1p1k3p/p3p1pb/2p2p2/8/2N1P3/PPP1NPPP/2K4R b - - 1 19,b5c3
38,EulerE,stealbeth,890,888,7B/1p1kn2p/p3p1pb/2p2p2/8/2N1P3/PPP1NPPP/2K4R w - - 2 20,g8e7
38,EulerE,stealbeth,890,888,7B/1p1kn2p/p3p1pb/2p2p2/8/2N1P3/PPP1NPPP/2KR4 b - - 3 20,h1d1
38,EulerE,stealbeth,890,888,7B/1p2n2p/p1k1p1pb/2p2p2/8/2N1P3/PPP1NPPP/2KR4 w - - 4 21,d7c6
38,EulerE,stealbeth,890,888,8/1p2n2p/p1k1pBpb/2p2p2/8/2N1P3/PPP1NPPP/2KR4 b - - 5 21,h8f6
38,EulerE,stealbeth,890,888,8/1p5p/p1k1pBpb/2pn1p2/8/2N1P3/PPP1NPPP/2KR4 w - - 6 22,e7d5
38,EulerE,stealbeth,890,888,8/1p5p/p1k1pBpb/2pN1p2/8/4P3/PPP1NPPP/2KR4 b - - 0 22,c3d5
38,EulerE,stealbeth,890,888,8/1p5p/p1k2Bpb/2pp1p2/8/4P3/PPP1NPPP/2KR4 w - - 0 23,e6d5
38,EulerE,stealbeth,890,888,8/1p5p/p1k2Bpb/2pp1p2/5N2/4P3/PPP2PPP/2KR4 b - - 1 23,e2f4
38,EulerE,stealbeth,890,888,8/1p5p/p1k2B1b/2pp1pp1/5N2/4P3/PPP2PPP/2KR4 w - - 0 24,g6g5
38,EulerE,stealbeth,890,888,8/1p5p/p1k2B1b/2pN1pp1/8/4P3/PPP2PPP/2KR4 b - - 0 24,f4d5
38,EulerE,stealbeth,890,888,8/1p5p/p1k2B1b/2pN1p2/6p1/4P3/PPP2PPP/2KR4 w - - 0 25,g5g4
38,EulerE,stealbeth,890,888,8/1p2N2p/p1k2B1b/2p2p2/6p1/4P3/PPP2PPP/2KR4 b - - 1 25,d5e7
38,EulerE,stealbeth,890,888,8/1p2N2p/p4B1b/1kp2p2/6p1/4P3/PPP2PPP/2KR4 w - - 2 26,c6b5
38,EulerE,stealbeth,890,888,8/1p5p/p4B1b/1kp2N2/6p1/4P3/PPP2PPP/2KR4 b - - 0 26,e7f5
38,EulerE,stealbeth,890,888,8/1p5p/p4B2/1kp2N2/5bp1/4P3/PPP2PPP/2KR4 w - - 1 27,h6f4
39,2020Liverpool2020,EulerE,937,899,rnbqkbnr/pppppppp/8/8/4P3/8/PPPP1PPP/RNBQKBNR b KQkq - 0 1,e2e4
39,2020Liverpool2020,EulerE,937,899,rnbqkbnr/pppp1ppp/8/4p3/4P3/8/PPPP1PPP/RNBQKBNR w KQkq - 0 2,e7e5
39,2020Liverpool2020,EulerE,937,899,rnbqkbnr/pppp1ppp/8/4p3/4P3/5N2/PPPP1PPP/RNBQKB1R b KQkq - 1 2,g1f3
39,2020Liverpool2020,EulerE,937,899,r1bqkbnr/pppp1ppp/2n5/4p3/4P3/5N2/PPPP1PPP/RNBQKB1R w KQkq - 2 3,b8c6
39,2020Liverpool2020,EulerE,937,899,r1bqkbnr/pppp1ppp/2n5/4p3/3PP3/5N2/PPP2PPP/RNBQKB1R b KQkq - 0 3,d2d4
39,2020Liverpool2020,EulerE,937,899,r1bqkbnr/ppp2ppp/2np4/4p3/3PP3/5N2/PPP2PPP/RNBQKB1R w KQkq - 0 4,d7d6
39,2020Liverpool2020,EulerE,937,899,r1bqkbnr/ppp2ppp/2np4/4p3/3PP3/1P3N2/P1P2PPP/RNBQKB1R b KQkq - 0 4,b2b3
39,2020Liverpool2020,EulerE,937,899,r2qkbnr/ppp2ppp/2np4/4p3/3PP1b1/1P3N2/P1P2PPP/RNBQKB1R w KQkq - 1 5,c8g4
39,2020Liverpool2020,EulerE,937,899,r2qkbnr/ppp2ppp/2np4/4p3/3PP1b1/1P3N1P/P1P2PP1/RNBQKB1R b KQkq - 0 5,h2h3
39,2020Liverpool2020,EulerE,937,899,r2qkbnr/ppp2ppp/2np4/4p3/3PP3/1P3b1P/P1P2PP1/RNBQKB1R w KQkq - 0 6,g4f3
39,2020Liverpool2020,EulerE,937,899,r2qkbnr/ppp2ppp/2np4/4p3/3PP3/1P3Q1P/P1P2PP1/RNB1KB1R b KQkq - 0 6,d1f3
39,2020Liverpool2020,EulerE,937,899,r2qkbnr/ppp2ppp/3p4/4p3/1n1PP3/1P3Q1P/P1P2PP1/RNB1KB1R w KQkq - 1 7,c6b4
39,2020Liverpool2020,EulerE,937,899,r2qkbnr/ppp2ppp/3p4/4p3/1n1PP3/NP3Q1P/P1P2PP1/R1B1KB1R b KQkq - 2 7,b1a3
39,2020Liverpool2020,EulerE,937,899,r2qkb1r/ppp2ppp/3p1n2/4p3/1n1PP3/NP3Q1P/P1P2PP1/R1B1KB1R w KQkq - 3 8,g8f6
39,2020Liverpool2020,EulerE,937,899,r2qkb1r/ppp2ppp/3p1n2/4p1B1/1n1PP3/NP3Q1P/P1P2PP1/R3KB1R b KQkq - 4 8,c1g5
39,2020Liverpool2020,EulerE,937,899,r2qk2r/ppp1bppp/3p1n2/4p1B1/1n1PP3/NP3Q1P/P1P2PP1/R3KB1R w KQkq - 5 9,f8e7
39,2020Liverpool2020,EulerE,937,899,r2qk2r/ppp1bppp/3p1n2/1B2p1B1/1n1PP3/NP3Q1P/P1P2PP1/R3K2R b KQkq - 6 9,f1b5
39,2020Liverpool2020,EulerE,937,899,r2qk2r/pp2bppp/2pp1n2/1B2p1B1/1n1PP3/NP3Q1P/P1P2PP1/R3K2R w KQkq - 0 10,c7c6
39,2020Liverpool2020,EulerE,937,899,r2qk2r/pp2bppp/2pp1n2/1B2p1B1/1n1PP3/NPP2Q1P/P4PP1/R3K2R b KQkq - 0 10,c2c3
39,2020Liverpool2020,EulerE,937,899,r2qk2r/pp2bppp/3p1n2/1p2p1B1/1n1PP3/NPP2Q1P/P4PP1/R3K2R w KQkq - 0 11,c6b5
39,2020Liverpool2020,EulerE,937,899,r2qk2r/pp2bppp/3p1n2/1p2p1B1/1P1PP3/NP3Q1P/P4PP1/R3K2R b KQkq - 0 11,c3b4
39,2020Liverpool2020,EulerE,937,899,r2qk2r/pp1nbppp/3p4/1p2p1B1/1P1PP3/NP3Q1P/P4PP1/R3K2R w KQkq - 1 12,f6d7
39,2020Liverpool2020,EulerE,937,899,r2qk2r/pp1nBppp/3p4/1p2p3/1P1PP3/NP3Q1P/P4PP1/R3K2R b KQkq - 0 12,g5e7
39,2020Liverpool2020,EulerE,937,899,r3k2r/pp1nqppp/3p4/1p2p3/1P1PP3/NP3Q1P/P4PP1/R3K2R w KQkq - 0 13,d8e7
39,2020Liverpool2020,EulerE,937,899,r3k2r/pp1nqppp/3p4/1N2p3/1P1PP3/1P3Q1P/P4PP1/R3K2R b KQkq - 0 13,a3b5
39,2020Liverpool2020,EulerE,937,899,r4rk1/pp1nqppp/3p4/1N2p3/1P1PP3/1P3Q1P/P4PP1/R3K2R w KQ - 1 14,e8g8
39,2020Liverpool2020,EulerE,937,899,r4rk1/pp1nqppp/3p4/1N2p3/1P1PP3/1P3Q1P/P4PP1/R4RK1 b - - 2 14,e1g1
39,2020Liverpool2020,EulerE,937,899,r4rk1/1p1nqppp/p2p4/1N2p3/1P1PP3/1P3Q1P/P4PP1/R4RK1 w - - 0 15,a7a6
39,2020Liverpool2020,EulerE,937,899,r4rk1/1p1nqppp/p2p4/1N1Pp3/1P2P3/1P3Q1P/P4PP1/R4RK1 b - - 0 15,d4d5
39,2020Liverpool2020,EulerE,937,899,r4rk1/1p1nqppp/3p4/1p1Pp3/1P2P3/1P3Q1P/P4PP1/R4RK1 w - - 0 16,a6b5
39,2020Liverpool2020,EulerE,937,899,r4rk1/1p1nqppp/3p4/1p1Pp3/PP2P3/1P3Q1P/5PP1/R4RK1 b - - 0 16,a2a4
39,2020Liverpool2020,EulerE,937,899,r4rk1/1p1nqp1p/3p2p1/1p1Pp3/PP2P3/1P3Q1P/5PP1/R4RK1 w - - 0 17,g7g6
39,2020Liverpool2020,EulerE,937,899,r4rk1/1p1nqp1p/3p2p1/1p1Pp3/PP2P3/1P3Q1P/5PP1/R1R3K1 b - - 1 17,f1c1
39,2020Liverpool2020,EulerE,937,899,r4rk1/1p1nq2p/3p2p1/1p1Ppp2/PP2P3/1P3Q1P/5PP1/R1R3K1 w - - 0 18,f7f5
39,2020Liverpool2020,EulerE,937,899,r4rk1/1pRnq2p/3p2p1/1p1Ppp2/PP2P3/1P3Q1P/5PP1/R5K1 b - - 1 18,c1c7
39,2020Liverpool2020,EulerE,937,899,r4rk1/1pRnq2p/3p2p1/1p1Pp3/PP2p3/1P3Q1P/5PP1/R5K1 w - - 0 19,f5e4
39,2020Liverpool2020,EulerE,937,899,r4rk1/1pRnq2p/3p2p1/1p1Pp3/PP2Q3/1P5P/5PP1/R5K1 b - - 0 19,f3e4
39,2020Liverpool2020,EulerE,937,899,r4rk1/1pRn1q1p/3p2p1/1p1Pp3/PP2Q3/1P5P/5PP1/R5K1 w - - 1 20,e7f7
39,2020Liverpool2020,EulerE,937,899,r4rk1/1pRn1q1p/3p2p1/1p1Pp3/PP2Q3/1P3P1P/6P1/R5K1 b - - 0 20,f2f3
39,2020Liverpool2020,EulerE,937,899,2r2rk1/1pRn1q1p/3p2p1/1p1Pp3/PP2Q3/1P3P1P/6P1/R5K1 w - - 1 21,a8c8
39,2020Liverpool2020,EulerE,937,899,2r2rk1/1R1n1q1p/3p2p1/1p1Pp3/PP2Q3/1P3P1P/6P1/R5K1 b - - 0 21,c7b7
39,2020Liverpool2020,EulerE,937,899,1r3rk1/1R1n1q1p/3p2p1/1p1Pp3/PP2Q3/1P3P1P/6P1/R5K1 w - - 1 22,c8b8
39,2020Liverpool2020,EulerE,937,899,1r3rk1/3n1q1p/3p2p1/1R1Pp3/PP2Q3/1P3P1P/6P1/R5K1 b - - 0 22,b7b5
39,2020Liverpool2020,EulerE,937,899,5rk1/3n1q1p/3p2p1/1r1Pp3/PP2Q3/1P3P1P/6P1/R5K1 w - - 0 23,b8b5
39,2020Liverpool2020,EulerE,937,899,5rk1/3n1q1p/3p2p1/1P1Pp3/1P2Q3/1P3P1P/6P1/R5K1 b - - 0 23,a4b5
39,2020Liverpool2020,EulerE,937,899,5rk1/5q1p/3p1np1/1P1Pp3/1P2Q3/1P3P1P/6P1/R5K1 w - - 1 24,d7f6
39,2020Liverpool2020,EulerE,937,899,5rk1/5q1p/3p1np1/1P1Pp3/1P6/1P3P1P/2Q3P1/R5K1 b - - 2 24,e4c2
39,2020Liverpool2020,EulerE,937,899,5rk1/7p/3p1np1/1P1qp3/1P6/1P3P1P/2Q3P1/R5K1 w - - 0 25,f7d5
39,2020Liverpool2020,EulerE,937,899,5rk1/7p/3p1np1/1P1qp3/1P6/1P3P1P/2Q3P1/3R2K1 b - - 1 25,a1d1
39,2020Liverpool2020,EulerE,937,899,5rk1/7p/3p1np1/1q2p3/1P6/1P3P1P/2Q3P1/3R2K1 w - - 0 26,d5b5
39,2020Liverpool2020,EulerE,937,899,5rk1/7p/3p1np1/1q2p3/1PQ5/1P3P1P/6P1/3R2K1 b - - 1 26,c2c4
39,2020Liverpool2020,EulerE,937,899,5rk1/7p/3p1np1/4p3/1Pq5/1P3P1P/6P1/3R2K1 w - - 0 27,b5c4
39,2020Liverpool2020,EulerE,937,899,5rk1/7p/3p1np1/4p3/1PP5/5P1P/6P1/3R2K1 b - - 0 27,b3c4
39,2020Liverpool2020,EulerE,937,899,3r2k1/7p/3p1np1/4p3/1PP5/5P1P/6P1/3R2K1 w - - 1 28,f8d8
39,2020Liverpool2020,EulerE,937,899,3r2k1/7p/3p1np1/4p3/1PP3P1/5P1P/8/3R2K1 b - - 0 28,g2g4
39,2020Liverpool2020,EulerE,937,899,3rn1k1/7p/3p2p1/4p3/1PP3P1/5P1P/8/3R2K1 w - - 1 29,f6e8
39,2020Liverpool2020,EulerE,937,899,3rn1k1/7p/3p2p1/1P2p3/2P3P1/5P1P/8/3R2K1 b - - 0 29,b4b5
39,2020Liverpool2020,EulerE,937,899,2r1n1k1/7p/3p2p1/1P2p3/2P3P1/5P1P/8/3R2K1 w - - 1 30,d8c8
39,2020Liverpool2020,EulerE,937,899,2r1n1k1/7p/3p2p1/1P2p3/2P3P1/5P1P/8/2R3K1 b - - 2 30,d1c1
39,2020Liverpool2020,EulerE,937,899,2r1n1k1/7p/6p1/1P1pp3/2P3P1/5P1P/8/2R3K1 w - - 0 31,d6d5
39,2020Liverpool2020,EulerE,937,899,2r1n1k1/7p/6p1/1PPpp3/6P1/5P1P/8/2R3K1 b - - 0 31,c4c5
39,2020Liverpool2020,EulerE,937,899,2r1n1k1/7p/6p1/1PP1p3/3p2P1/5P1P/8/2R3K1 w - - 0 32,d5d4
39,2020Liverpool2020,EulerE,937,899,2r1n1k1/7p/2P3p1/1P2p3/3p2P1/5P1P/8/2R3K1 b - - 0 32,c5c6
39,2020Liverpool2020,EulerE,937,899,1r2n1k1/7p/2P3p1/1P2p3/3p2P1/5P1P/8/2R3K1 w - - 1 33,c8b8
39,2020Liverpool2020,EulerE,937,899,1r2n1k1/2P4p/6p1/1P2p3/3p2P1/5P1P/8/2R3K1 b - - 0 33,c6c7
39,2020Liverpool2020,EulerE,937,899,1r4k1/2n4p/6p1/1P2p3/3p2P1/5P1P/8/2R3K1 w - - 0 34,e8c7
39,2020Liverpool2020,EulerE,937,899,1r4k1/2R4p/6p1/1P2p3/3p2P1/5P1P/8/6K1 b - - 0 34,c1c7
39,2020Liverpool2020,EulerE,937,899,6k1/2R4p/6p1/1r2p3/3p2P1/5P1P/8/6K1 w - - 0 35,b8b5
39,2020Liverpool2020,EulerE,937,899,6k1/7p/6p1/1r2p3/3p2P1/5P1P/8/2R3K1 b - - 1 35,c7c1
39,2020Liverpool2020,EulerE,937,899,8/5k1p/6p1/1r2p3/3p2P1/5P1P/8/2R3K1 w - - 2 36,g8f7
39,2020Liverpool2020,EulerE,937,899,8/5k1p/6p1/1r2p3/3p2PP/5P2/8/2R3K1 b - - 0 36,h3h4
39,2020Liverpool2020,EulerE,937,899,8/7p/5kp1/1r2p3/3p2PP/5P2/8/2R3K1 w - - 1 37,f7f6
39,2020Liverpool2020,EulerE,937,899,8/7p/5kp1/1r2p1P1/3p3P/5P2/8/2R3K1 b - - 0 37,g4g5
39,2020Liverpool2020,EulerE,937,899,8/7p/6p1/1r2pkP1/3p3P/5P2/8/2R3K1 w - - 1 38,f6f5
39,2020Liverpool2020,EulerE,937,899,8/7p/6p1/1r2pkP1/3p3P/5P2/6K1/2R5 b - - 2 38,g1g2
39,2020Liverpool2020,EulerE,937,899,8/7p/6p1/1r3kP1/3pp2P/5P2/6K1/2R5 w - - 0 39,e5e4
39,2020Liverpool2020,EulerE,937,899,8/7p/6p1/1r3kP1/3pp2P/5P2/6K1/5R2 b - - 1 39,c1f1
39,2020Liverpool2020,EulerE,937,899,8/7p/6p1/1r3kP1/4p2P/3p1P2/6K1/5R2 w - - 0 40,d4d3
39,2020Liverpool2020,EulerE,937,899,8/7p/6p1/1r3kP1/4p2P/3p1PK1/8/5R2 b - - 1 40,g2g3
39,2020Liverpool2020,EulerE,937,899,8/7p/6p1/1r3kP1/4p2P/5PK1/3p4/5R2 w - - 0 41,d3d2
39,2020Liverpool2020,EulerE,937,899,8/7p/6p1/1r3kP1/4P2P/6K1/3p4/5R2 b - - 0 41,f3e4
39,2020Liverpool2020,EulerE,937,899,8/7p/6p1/1r4P1/4k2P/6K1/3p4/5R2 w - - 0 42,f5e4
39,2020Liverpool2020,EulerE,937,899,8/7p/6p1/1r4P1/4k2P/6K1/3p4/3R4 b - - 1 42,f1d1
39,2020Liverpool2020,EulerE,937,899,8/7p/6p1/1r4P1/7P/4k1K1/3p4/3R4 w - - 2 43,e4e3
39,2020Liverpool2020,EulerE,937,899,8/7p/6p1/1r4P1/7P/4k1K1/3p4/7R b - - 3 43,d1h1
39,2020Liverpool2020,EulerE,937,899,8/7p/6p1/3r2P1/7P/4k1K1/3p4/7R w - - 4 44,b5d5
39,2020Liverpool2020,EulerE,937,899,8/7p/6p1/3r2P1/7P/4k3/3p2K1/7R b - - 5 44,g3g2
39,2020Liverpool2020,EulerE,937,899,8/7p/6p1/3r2P1/7P/4k3/6K1/3q3R w - - 0 45,d2d1q
39,2020Liverpool2020,EulerE,937,899,8/7p/6p1/3r2P1/7P/4k3/6K1/3R4 b - - 0 45,h1d1
39,2020Liverpool2020,EulerE,937,899,8/7p/6p1/6P1/7P/4k3/6K1/3r4 w - - 0 46,d5d1
39,2020Liverpool2020,EulerE,937,899,8/7p/6p1/6P1/7P/4k1K1/8/3r4 b - - 1 46,g2g3
39,2020Liverpool2020,EulerE,937,899,8/7p/6p1/6P1/4k2P/6K1/8/3r4 w - - 2 47,e3e4
39,2020Liverpool2020,EulerE,937,899,8/7p/6p1/6PP/4k3/6K1/8/3r4 b - - 0 47,h4h5
39,2020Liverpool2020,EulerE,937,899,8/7p/8/6Pp/4k3/6K1/8/3r4 w - - 0 48,g6h5
39,2020Liverpool2020,EulerE,937,899,8/7p/8/6Pp/4k2K/8/8/3r4 b - - 1 48,g3h4
39,2020Liverpool2020,EulerE,937,899,8/7p/8/6Pp/4k2K/8/8/7r w - - 2 49,d1h1
39,2020Liverpool2020,EulerE,937,899,8/7p/8/6Pp/4k3/6K1/8/7r b - - 3 49,h4g3
39,2020Liverpool2020,EulerE,937,899,8/7p/8/5kPp/8/6K1/8/7r w - - 4 50,e4f5
39,2020Liverpool2020,EulerE,937,899,8/7p/8/5kPp/8/8/6K1/7r b - - 5 50,g3g2
39,2020Liverpool2020,EulerE,937,899,8/7p/8/5kPp/8/8/6K1/r7 w - - 6 51,h1a1
39,2020Liverpool2020,EulerE,937,899,8/7p/6P1/5k1p/8/8/6K1/r7 b - - 0 51,g5g6
39,2020Liverpool2020,EulerE,937,899,8/8/6p1/5k1p/8/8/6K1/r7 w - - 0 52,h7g6
40,BMOnline,EulerE,878,899,rnbqkbnr/pppppppp/8/8/4P3/8/PPPP1PPP/RNBQKBNR b KQkq - 0 1,e2e4
40,BMOnline,EulerE,878,899,rnbqkbnr/pppp1ppp/8/4p3/4P3/8/PPPP1PPP/RNBQKBNR w KQkq - 0 2,e7e5
40,BMOnline,EulerE,878,899,rnbqkbnr/pppp1ppp/8/4p3/3PP3/8/PPP2PPP/RNBQKBNR b KQkq - 0 2,d2d4
40,BMOnline,EulerE,878,899,rnbqkbnr/ppp2ppp/3p4/4p3/3PP3/8/PPP2PPP/RNBQKBNR w KQkq - 0 3,d7d6
40,BMOnline,EulerE,878,899,rnbqkbnr/ppp2ppp/3p4/4p3/3PP3/2P5/PP3PPP/RNBQKBNR b KQkq - 0 3,c2c3
40,BMOnline,EulerE,878,899,rnbqkb1r/ppp2ppp/3p1n2/4p3/3PP3/2P5/PP3PPP/RNBQKBNR w KQkq - 1 4,g8f6
40,BMOnline,EulerE,878,899,rnbqkb1r/ppp2ppp/3p1n2/4p3/3PP3/2P2P2/PP4PP/RNBQKBNR b KQkq - 0 4,f2f3
40,BMOnline,EulerE,878,899,rnbqkb1r/ppp2pp1/3p1n1p/4p3/3PP3/2P2P2/PP4PP/RNBQKBNR w KQkq - 0 5,h7h6
40,BMOnline,EulerE,878,899,rnbqkb1r/ppp2pp1/3p1n1p/4p3/3PP3/2P2P2/PP2N1PP/RNBQKB1R b KQkq - 1 5,g1e2
40,BMOnline,EulerE,878,899,rnbqkb1r/ppp2p2/3p1n1p/4p1p1/3PP3/2P2P2/PP2N1PP/RNBQKB1R w KQkq - 0 6,g7g5
40,BMOnline,EulerE,878,899,rnbqkb1r/ppp2p2/3p1n1p/4p1p1/3PP3/2P2P1P/PP2N1P1/RNBQKB1R b KQkq - 0 6,h2h3
40,BMOnline,EulerE,878,899,rnbqk2r/ppp1bp2/3p1n1p/4p1p1/3PP3/2P2P1P/PP2N1P1/RNBQKB1R w KQkq - 1 7,f8e7
40,BMOnline,EulerE,878,899,rnbqk2r/ppp1bp2/3p1n1p/4p1p1/3PP3/2P2PNP/PP4P1/RNBQKB1R b KQkq - 2 7,e2g3
40,BMOnline,EulerE,878,899,rn1qk2r/ppp1bp2/3pbn1p/4p1p1/3PP3/2P2PNP/PP4P1/RNBQKB1R w KQkq - 3 8,c8e6
40,BMOnline,EulerE,878,899,rn1qk2r/ppp1bp2/3pbn1p/1B2p1p1/3PP3/2P2PNP/PP4P1/RNBQK2R b KQkq - 4 8,f1b5
40,BMOnline,EulerE,878,899,r2qk2r/ppp1bp2/2npbn1p/1B2p1p1/3PP3/2P2PNP/PP4P1/RNBQK2R w KQkq - 5 9,b8c6
40,BMOnline,EulerE,878,899,r2qk2r/ppp1bp2/2npbn1p/1B1Pp1p1/4P3/2P2PNP/PP4P1/RNBQK2R b KQkq - 0 9,d4d5
40,BMOnline,EulerE,878,899,r2qk2r/pppbbp2/2np1n1p/1B1Pp1p1/4P3/2P2PNP/PP4P1/RNBQK2R w KQkq - 1 10,e6d7
40,BMOnline,EulerE,878,899,r2qk2r/pppbbp2/2Pp1n1p/1B2p1p1/4P3/2P2PNP/PP4P1/RNBQK2R b KQkq - 0 10,d5c6
40,BMOnline,EulerE,878,899,r2qk2r/ppp1bp2/2bp1n1p/1B2p1p1/4P3/2P2PNP/PP4P1/RNBQK2R w KQkq - 0 11,d7c6
40,BMOnline,EulerE,878,899,r2qk2r/ppp1bp2/2Bp1n1p/4p1p1/4P3/2P2PNP/PP4P1/RNBQK2R b KQkq - 0 11,b5c6
40,BMOnline,EulerE,878,899,r2qk2r/p1p1bp2/2pp1n1p/4p1p1/4P3/2P2PNP/PP4P1/RNBQK2R w KQkq - 0 12,b7c6
40,BMOnline,EulerE,878,899,r2qk2r/p1p1bp2/2pp1n1p/4p1p1/4P3/2P2PNP/PP4P1/RNBQ1RK1 b kq - 1 12,e1g1
40,BMOnline,EulerE,878,899,r3k2r/p1pqbp2/2pp1n1p/4p1p1/4P3/2P2PNP/PP4P1/RNBQ1RK1 w kq - 2 13,d8d7
40,BMOnline,EulerE,878,899,r3k2r/p1pqbp2/2pp1n1p/4p1p1/4P3/2P1BPNP/PP4P1/RN1Q1RK1 b kq - 3 13,c1e3
40,BMOnline,EulerE,878,899,r4rk1/p1pqbp2/2pp1n1p/4p1p1/4P3/2P1BPNP/PP4P1/RN1Q1RK1 w - - 4 14,e8g8
40,BMOnline,EulerE,878,899,r4rk1/p1pqbp2/2pp1n1p/4p1p1/4P2P/2P1BPN1/PP4P1/RN1Q1RK1 b - - 0 14,h3h4
40,BMOnline,EulerE,878,899,r3nrk1/p1pqbp2/2pp3p/4p1p1/4P2P/2P1BPN1/PP4P1/RN1Q1RK1 w - - 1 15,f6e8
40,BMOnline,EulerE,878,899,r3nrk1/p1pqbp2/2pp3p/4p1P1/4P3/2P1BPN1/PP4P1/RN1Q1RK1 b - - 0 15,h4g5
40,BMOnline,EulerE,878,899,r3nrk1/p1pqbp2/2pp4/4p1p1/4P3/2P1BPN1/PP4P1/RN1Q1RK1 w - - 0 16,h6g5
40,BMOnline,EulerE,878,899,r3nrk1/p1pqbp2/2pp4/4pNp1/4P3/2P1BP2/PP4P1/RN1Q1RK1 b - - 1 16,g3f5
40,BMOnline,EulerE,878,899,r4rk1/p1pqbpn1/2pp4/4pNp1/4P3/2P1BP2/PP4P1/RN1Q1RK1 w - - 2 17,e8g7
40,BMOnline,EulerE,878,899,r4rk1/p1pqNpn1/2pp4/4p1p1/4P3/2P1BP2/PP4P1/RN1Q1RK1 b - - 0 17,f5e7
40,BMOnline,EulerE,878,899,r4rk1/p1p1qpn1/2pp4/4p1p1/4P3/2P1BP2/PP4P1/RN1Q1RK1 w - - 0 18,d7e7
40,BMOnline,EulerE,878,899,r4rk1/p1p1qpn1/2pp4/4p1p1/4P3/2P1BP2/PP1N2P1/R2Q1RK1 b - - 1 18,b1d2
40,BMOnline,EulerE,878,899,1r3rk1/p1p1qpn1/2pp4/4p1p1/4P3/2P1BP2/PP1N2P1/R2Q1RK1 w - - 2 19,a8b8
40,BMOnline,EulerE,878,899,1r3rk1/p1p1qpn1/2pp4/4p1p1/4P3/1PP1BP2/P2N2P1/R2Q1RK1 b - - 0 19,b2b3
40,BMOnline,EulerE,878,899,1r3rk1/p1p1qp2/2pp4/4p1pn/4P3/1PP1BP2/P2N2P1/R2Q1RK1 w - - 1 20,g7h5
40,BMOnline,EulerE,878,899,1r3rk1/B1p1qp2/2pp4/4p1pn/4P3/1PP2P2/P2N2P1/R2Q1RK1 b - - 0 20,e3a7
40,BMOnline,EulerE,878,899,5rk1/Brp1qp2/2pp4/4p1pn/4P3/1PP2P2/P2N2P1/R2Q1RK1 w - - 1 21,b8b7
40,BMOnline,EulerE,878,899,5rk1/1rp1qp2/2pp4/4p1pn/4P3/1PP1BP2/P2N2P1/R2Q1RK1 b - - 2 21,a7e3
40,BMOnline,EulerE,878,899,5rk1/1rp1qp2/2pp4/4p1p1/4P3/1PP1BPn1/P2N2P1/R2Q1RK1 w - - 3 22,h5g3
40,BMOnline,EulerE,878,899,5rk1/1rp1qp2/2pp4/4p1p1/4P3/1PP1BPn1/P2N2P1/R2QR1K1 b - - 4 22,f1e1
40,BMOnline,EulerE,878,899,5rk1/1rp1qp2/2pp4/4p3/4P1p1/1PP1BPn1/P2N2P1/R2QR1K1 w - - 0 23,g5g4
40,BMOnline,EulerE,878,899,5rk1/1rp1qp2/2pp4/4p3/4P1p1/1PP2Pn1/P2N1BP1/R2QR1K1 b - - 1 23,e3f2
40,BMOnline,EulerE,878,899,5rk1/1rp1qp2/2pp4/4p3/4P3/1PP2pn1/P2N1BP1/R2QR1K1 w - - 0 24,g4f3
40,BMOnline,EulerE,878,899,5rk1/1rp1qp2/2pp4/4p3/4P3/1PP2pB1/P2N2P1/R2QR1K1 b - - 0 24,f2g3
40,BMOnline,EulerE,878,899,5rk1/1rp1qp2/2pp4/4p3/4P3/1PP3B1/P2N2p1/R2QR1K1 w - - 0 25,f3g2
40,BMOnline,EulerE,878,899,5rk1/1rp1qp2/2pp4/4p3/4P3/1PP3B1/P2N2K1/R2QR3 b - - 0 25,g1g2
40,BMOnline,EulerE,878,899,5rk1/1rp2p2/2pp4/4p1q1/4P3/1PP3B1/P2N2K1/R2QR3 w - - 1 26,e7g5
40,BMOnline,EulerE,878,899,5rk1/1rp2p2/2pp4/4p1q1/4P3/1PP2NB1/P5K1/R2QR3 b - - 2 26,d2f3
40,BMOnline,EulerE,878,899,5rk1/1rp2p2/2pp2q1/4p3/4P3/1PP2NB1/P5K1/R2QR3 w - - 3 27,g5g6
40,BMOnline,EulerE,878,899,5rk1/1rp2p2/2pp2q1/4p3/4P3/1PPQ1NB1/P5K1/R3R3 b - - 4 27,d1d3
40,BMOnline,EulerE,878,899,5r2/1rp2pk1/2pp2q1/4p3/4P3/1PPQ1NB1/P5K1/R3R3 w - - 5 28,g8g7
40,BMOnline,EulerE,878,899,5r2/1rp2pk1/2pp2q1/4p3/4P3/1PPQ1NB1/P5K1/3RR3 b - - 6 28,a1d1
40,BMOnline,EulerE,878,899,5r2/r1p2pk1/2pp2q1/4p3/4P3/1PPQ1NB1/P5K1/3RR3 w - - 7 29,b7a7
40,BMOnline,EulerE,878,899,5r2/r1p2pk1/2pp2q1/4p3/P3P3/1PPQ1NB1/6K1/3RR3 b - - 0 29,a2a4
40,BMOnline,EulerE,878,899,7r/r1p2pk1/2pp2q1/4p3/P3P3/1PPQ1NB1/6K1/3RR3 w - - 1 30,f8h8
40,BMOnline,EulerE,878,899,7r/r1p2pk1/2pp2q1/4N3/P3P3/1PPQ2B1/6K1/3RR3 b - - 0 30,f3e5
40,BMOnline,EulerE,878,899,7r/r1p2pk1/2p3q1/4p3/P3P3/1PPQ2B1/6K1/3RR3 w - - 0 31,d6e5
40,BMOnline,EulerE,878,899,7r/r1p2pk1/2p3q1/4p3/P3P3/1PPQ2B1/6K1/3R3R b - - 1 31,e1h1
40,BMOnline,EulerE,878,899,6r1/r1p2pk1/2p3q1/4p3/P3P3/1PPQ2B1/6K1/3R3R w - - 2 32,h8g8
40,BMOnline,EulerE,878,899,6r1/r1p2pk1/2p3q1/4p3/P3P3/1PPQ2BR/6K1/3R4 b - - 3 32,h1h3
40,BMOnline,EulerE,878,899,6r1/r1p2pk1/6q1/2p1p3/P3P3/1PPQ2BR/6K1/3R4 w - - 0 33,c6c5
40,BMOnline,EulerE,878,899,6r1/r1p2pk1/6q1/2p1p3/P3P3/1PPQ2BR/7K/3R4 b - - 1 33,g2h2
40,BMOnline,EulerE,878,899,6r1/r1p2pk1/6q1/4p3/P1p1P3/1PPQ2BR/7K/3R4 w - - 0 34,c5c4
40,BMOnline,EulerE,878,899,6r1/r1p2pk1/6q1/4B3/P1p1P3/1PPQ3R/7K/3R4 b - - 0 34,g3e5
40,BMOnline,EulerE,878,899,6r1/r1p3k1/5pq1/4B3/P1p1P3/1PPQ3R/7K/3R4 w - - 0 35,f7f6
40,BMOnline,EulerE,878,899,6r1/r1pQ2k1/5pq1/4B3/P1p1P3/1PP4R/7K/3R4 b - - 1 35,d3d7
40,BMOnline,EulerE,878,899,6r1/r1pQ1qk1/5p2/4B3/P1p1P3/1PP4R/7K/3R4 w - - 2 36,g6f7
40,BMOnline,EulerE,878,899,6r1/r1p2Qk1/5p2/4B3/P1p1P3/1PP4R/7K/3R4 b - - 0 36,d7f7
40,BMOnline,EulerE,878,899,6r1/r1p2k2/5p2/4B3/P1p1P3/1PP4R/7K/3R4 w - - 0 37,g7f7
40,BMOnline,EulerE,878,899,6r1/r1p2k2/5B2/8/P1p1P3/1PP4R/7K/3R4 b - - 0 37,e5f6
40,BMOnline,EulerE,878,899,6r1/r1p5/5k2/8/P1p1P3/1PP4R/7K/3R4 w - - 0 38,f7f6
40,BMOnline,EulerE,878,899,6r1/r1p5/5k2/8/P1p1P3/1PP4R/7K/5R2 b - - 1 38,d1f1
40,BMOnline,EulerE,878,899,6r1/r1p5/8/4k3/P1p1P3/1PP4R/7K/5R2 w - - 2 39,f6e5
40,BMOnline,EulerE,878,899,6r1/r1p5/8/4k3/P1P1P3/2P4R/7K/5R2 b - - 0 39,b3c4
40,BMOnline,EulerE,878,899,6r1/r1p5/8/8/P1P1k3/2P4R/7K/5R2 w - - 0 40,e5e4
40,BMOnline,EulerE,878,899,6r1/r1p5/8/8/P1P1k3/2P4R/7K/R7 b - - 1 40,f1a1
40,BMOnline,EulerE,878,899,6r1/r1p5/8/8/P1P2k2/2P4R/7K/R7 w - - 2 41,e4f4
40,BMOnline,EulerE,878,899,6r1/r1p5/8/8/P1P2k2/2PR4/7K/R7 b - - 3 41,h3d3
40,BMOnline,EulerE,878,899,2r5/r1p5/8/8/P1P2k2/2PR4/7K/R7 w - - 4 42,g8c8
40,BMOnline,EulerE,878,899,2r5/r1p5/8/8/P1P2k2/2PR4/6K1/R7 b - - 5 42,h2g2
40,BMOnline,EulerE,878,899,2r5/r1p5/8/8/P1P1k3/2PR4/6K1/R7 w - - 6 43,f4e4
40,BMOnline,EulerE,878,899,2r5/r1p5/8/8/P1P1k3/2PR4/6K1/3R4 b - - 7 43,a1d1
40,BMOnline,EulerE,878,899,2r5/2p5/8/8/r1P1k3/2PR4/6K1/3R4 w - - 0 44,a7a4
40,BMOnline,EulerE,878,899,2r5/2p5/8/2P5/r3k3/2PR4/6K1/3R4 b - - 0 44,c4c5
40,BMOnline,EulerE,878,899,2r5/2p5/8/2P5/2r1k3/2PR4/6K1/3R4 w - - 1 45,a4c4
40,BMOnline,EulerE,878,899,2r5/2p5/8/2P5/2rRk3/2P5/6K1/3R4 b - - 2 45,d3d4
40,BMOnline,EulerE,878,899,2r5/2p5/8/2P5/3rk3/2P5/6K1/3R4 w - - 0 46,c4d4
40,BMOnline,EulerE,878,899,2r5/2p5/8/2P5/3Pk3/8/6K1/3R4 b - - 0 46,c3d4
40,BMOnline,EulerE,878,899,2r5/2p5/8/2P5/3P4/4k3/6K1/3R4 w - - 1 47,e4e3
40,BMOnline,EulerE,878,899,2r5/2p5/8/2P5/3P4/4k3/8/3R1K2 b - - 2 47,g2f1
40,BMOnline,EulerE,878,899,3r4/2p5/8/2P5/3P4/4k3/8/3R1K2 w - - 3 48,c8d8
40,BMOnline,EulerE,878,899,3r4/2p5/8/2P5/3P4/4k3/8/3RK3 b - - 4 48,f1e1
40,BMOnline,EulerE,878,899,8/2p5/8/2P5/3r4/4k3/8/3RK3 w - - 0 49,d8d4
40,BMOnline,EulerE,878,899,8/2p5/8/2P5/3R4/4k3/8/4K3 b - - 0 49,d1d4
40,BMOnline,EulerE,878,899,8/2p5/8/2P5/3k4/8/8/4K3 w - - 0 50,e3d4
40,BMOnline,EulerE,878,899,8/2p5/8/2P5/3k4/8/3K4/8 b - - 1 50,e1d2
40,BMOnline,EulerE,878,899,8/2p5/8/2k5/8/8/3K4/8 w - - 0 51,d4c5
40,BMOnline,EulerE,878,899,8/2p5/8/2k5/8/2K5/8/8 b - - 1 51,d2c3
40,BMOnline,EulerE,878,899,8/2p5/3k4/8/8/2K5/8/8 w - - 2 52,c5d6
40,BMOnline,EulerE,878,899,8/2p5/3k4/8/2K5/8/8/8 b - - 3 52,c3c4
40,BMOnline,EulerE,878,899,8/8/2pk4/8/2K5/8/8/8 w - - 0 53,c7c6
40,BMOnline,EulerE,878,899,8/8/2pk4/8/3K4/8/8/8 b - - 1 53,c4d4
40,BMOnline,EulerE,878,899,8/8/3k4/2p5/3K4/8/8/8 w - - 0 54,c6c5
40,BMOnline,EulerE,878,899,8/8/3k4/2p5/2K5/8/8/8 b - - 1 54,d4c4
40,BMOnline,EulerE,878,899,8/8/2k5/2p5/2K5/8/8/8 w - - 2 55,d6c6
40,BMOnline,EulerE,878,899,8/8/2k5/2p5/8/2K5/8/8 b - - 3 55,c4c3
40,BMOnline,EulerE,878,899,8/8/8/1kp5/8/2K5/8/8 w - - 4 56,c6b5
40,BMOnline,EulerE,878,899,8/8/8/1kp5/8/3K4/8/8 b - - 5 56,c3d3
40,BMOnline,EulerE,878,899,8/8/8/1k6/2p5/3K4/8/8 w - - 0 57,c5c4
40,BMOnline,EulerE,878,899,8/8/8/1k6/2p5/2K5/8/8 b - - 1 57,d3c3
40,BMOnline,EulerE,878,899,8/8/8/2k5/2p5/2K5/8/8 w - - 2 58,b5c5
40,BMOnline,EulerE,878,899,8/8/8/2k5/2p5/8/2K5/8 b - - 3 58,c3c2
40,BMOnline,EulerE,878,899,8/8/8/8/1kp5/8/2K5/8 w - - 4 59,c5b4
40,BMOnline,EulerE,878,899,8/8/8/8/1kp5/8/3K4/8 b - - 5 59,c2d2
40,BMOnline,EulerE,878,899,8/8/8/8/1k6/2p5/3K4/8 w - - 0 60,c4c3
40,BMOnline,EulerE,878,899,8/8/8/8/1k6/2p5/2K5/8 b - - 1 60,d2c2
40,BMOnline,EulerE,878,899,8/8/8/8/2k5/2p5/2K5/8 w - - 2 61,b4c4
40,BMOnline,EulerE,878,899,8/8/8/8/2k5/2p5/8/3K4 b - - 3 61,c2d1
40,BMOnline,EulerE,878,899,8/8/8/8/8/1kp5/8/3K4 w - - 4 62,c4b3
40,BMOnline,EulerE,878,899,8/8/8/8/8/1kp5/8/2K5 b - - 5 62,d1c1
40,BMOnline,EulerE,878,899,8/8/8/8/2k5/2p5/8/2K5 w - - 6 63,b3c4
40,BMOnline,EulerE,878,899,8/8/8/8/2k5/2p5/8/3K4 b - - 7 63,c1d1
40,BMOnline,EulerE,878,899,8/8/8/8/8/2pk4/8/3K4 w - - 8 64,c4d3
40,BMOnline,EulerE,878,899,8/8/8/8/8/2pk4/8/2K5 b - - 9 64,d1c1
40,BMOnline,EulerE,878,899,8/8/8/8/8/2p1k3/8/2K5 w - - 10 65,d3e3
40,BMOnline,EulerE,878,899,8/8/8/8/8/2p1k3/8/3K4 b - - 11 65,c1d1
40,BMOnline,EulerE,878,899,8/8/8/8/8/2pk4/8/3K4 w - - 12 66,e3d3
40,BMOnline,EulerE,878,899,8/8/8/8/8/2pk4/8/2K5 b - - 13 66,d1c1
40,BMOnline,EulerE,878,899,8/8/8/8/2k5/2p5/8/2K5 w - - 14 67,d3c4
40,BMOnline,EulerE,878,899,8/8/8/8/2k5/2p5/8/3K4 b - - 15 67,c1d1
41,EulerE,Brycicle77,907,884,rnbqkbnr/pppppppp/8/8/3P4/8/PPP1PPPP/RNBQKBNR b KQkq - 0 1,d2d4
41,EulerE,Brycicle77,907,884,rnbqkb1r/pppppppp/5n2/8/3P4/8/PPP1PPPP/RNBQKBNR w KQkq - 1 2,g8f6
41,EulerE,Brycicle77,907,884,rnbqkb1r/pppppppp/5n2/8/3P4/1P6/P1P1PPPP/RNBQKBNR b KQkq - 0 2,b2b3
41,EulerE,Brycicle77,907,884,rnbqkb1r/pppppp1p/5np1/8/3P4/1P6/P1P1PPPP/RNBQKBNR w KQkq - 0 3,g7g6
41,EulerE,Brycicle77,907,884,rnbqkb1r/pppppp1p/5np1/8/3P4/1P6/PBP1PPPP/RN1QKBNR b KQkq - 1 3,c1b2
41,EulerE,Brycicle77,907,884,rnbqk2r/ppppppbp/5np1/8/3P4/1P6/PBP1PPPP/RN1QKBNR w KQkq - 2 4,f8g7
41,EulerE,Brycicle77,907,884,rnbqk2r/ppppppbp/5np1/8/3P4/1P3N2/PBP1PPPP/RN1QKB1R b KQkq - 3 4,g1f3
41,EulerE,Brycicle77,907,884,rnbq1rk1/ppppppbp/5np1/8/3P4/1P3N2/PBP1PPPP/RN1QKB1R w KQ - 4 5,e8g8
41,EulerE,Brycicle77,907,884,rnbq1rk1/ppppppbp/5np1/8/3P4/1PN2N2/PBP1PPPP/R2QKB1R b KQ - 5 5,b1c3
41,EulerE,Brycicle77,907,884,rnbq1rk1/ppp1ppbp/3p1np1/8/3P4/1PN2N2/PBP1PPPP/R2QKB1R w KQ - 0 6,d7d6
41,EulerE,Brycicle77,907,884,rnbq1rk1/ppp1ppbp/3p1np1/8/3PP3/1PN2N2/PBP2PPP/R2QKB1R b KQ - 0 6,e2e4
41,EulerE,Brycicle77,907,884,r1bq1rk1/ppp1ppbp/2np1np1/8/3PP3/1PN2N2/PBP2PPP/R2QKB1R w KQ - 1 7,b8c6
41,EulerE,Brycicle77,907,884,r1bq1rk1/ppp1ppbp/2np1np1/1B6/3PP3/1PN2N2/PBP2PPP/R2QK2R b KQ - 2 7,f1b5
41,EulerE,Brycicle77,907,884,r1bq1rk1/ppp2pbp/2np1np1/1B2p3/3PP3/1PN2N2/PBP2PPP/R2QK2R w KQ - 0 8,e7e5
41,EulerE,Brycicle77,907,884,r1bq1rk1/ppp2pbp/2Bp1np1/4p3/3PP3/1PN2N2/PBP2PPP/R2QK2R b KQ - 0 8,b5c6
41,EulerE,Brycicle77,907,884,r1bq1rk1/p1p2pbp/2pp1np1/4p3/3PP3/1PN2N2/PBP2PPP/R2QK2R w KQ - 0 9,b7c6
41,EulerE,Brycicle77,907,884,r1bq1rk1/p1p2pbp/2pp1np1/4p3/3PP3/1PN2N2/PBP2PPP/R2Q1RK1 b - - 1 9,e1g1
41,EulerE,Brycicle77,907,884,r2q1rk1/p1p2pbp/b1pp1np1/4p3/3PP3/1PN2N2/PBP2PPP/R2Q1RK1 w - - 2 10,c8a6
41,EulerE,Brycicle77,907,884,r2q1rk1/p1p2pbp/b1pp1np1/4p3/3PP3/1PN2N2/PBP2PPP/R2QR1K1 b - - 3 10,f1e1
41,EulerE,Brycicle77,907,884,r2q1rk1/p1p2pbp/b2p1np1/2p1p3/3PP3/1PN2N2/PBP2PPP/R2QR1K1 w - - 0 11,c6c5
41,EulerE,Brycicle77,907,884,r2q1rk1/p1p2pbp/b2p1np1/2pPp3/4P3/1PN2N2/PBP2PPP/R2QR1K1 b - - 0 11,d4d5
41,EulerE,Brycicle77,907,884,r2q1rk1/p1p2pbp/b2p2p1/2pPp2n/4P3/1PN2N2/PBP2PPP/R2QR1K1 w - - 1 12,f6h5
41,EulerE,Brycicle77,907,884,r2q1rk1/p1p2pbp/b2p2p1/2pPp2n/4P3/1P3N2/PBP1NPPP/R2QR1K1 b - - 2 12,c3e2
41,EulerE,Brycicle77,907,884,r2q1rk1/p1p2pbp/b2p2p1/2pPp3/4Pn2/1P3N2/PBP1NPPP/R2QR1K1 w - - 3 13,h5f4
41,EulerE,Brycicle77,907,884,r2q1rk1/p1p2pbp/b2p2p1/2pPp3/4PN2/1P3N2/PBP2PPP/R2QR1K1 b - - 0 13,e2f4
41,EulerE,Brycicle77,907,884,r2q1rk1/p1p2pbp/b2p2p1/2pP4/4Pp2/1P3N2/PBP2PPP/R2QR1K1 w - - 0 14,e5f4
41,EulerE,Brycicle77,907,884,r2q1rk1/p1p2pBp/b2p2p1/2pP4/4Pp2/1P3N2/P1P2PPP/R2QR1K1 b - - 0 14,b2g7
41,EulerE,Brycicle77,907,884,r2q1r2/p1p2pkp/b2p2p1/2pP4/4Pp2/1P3N2/P1P2PPP/R2QR1K1 w - - 0 15,g8g7
41,EulerE,Brycicle77,907,884,r2q1r2/p1p2pkp/b2p2p1/2pP4/1P2Pp2/5N2/P1P2PPP/R2QR1K1 b - - 0 15,b3b4
41,EulerE,Brycicle77,907,884,r2q1r2/p1p2pkp/b2p2p1/3P4/1p2Pp2/5N2/P1P2PPP/R2QR1K1 w - - 0 16,c5b4
41,EulerE,Brycicle77,907,884,r2q1r2/p1p2pkp/b2p2p1/3P4/1p1QPp2/5N2/P1P2PPP/R3R1K1 b - - 1 16,d1d4
41,EulerE,Brycicle77,907,884,r2q1rk1/p1p2p1p/b2p2p1/3P4/1p1QPp2/5N2/P1P2PPP/R3R1K1 w - - 2 17,g7g8
41,EulerE,Brycicle77,907,884,r2q1rk1/p1p2p1p/b2p2p1/3P4/1p1QPp2/5N2/P1P2PPP/1R2R1K1 b - - 3 17,a1b1
41,EulerE,Brycicle77,907,884,r2q1rk1/p4p1p/b2p2p1/2pP4/1p1QPp2/5N2/P1P2PPP/1R2R1K1 w - c6 0 18,c7c5
41,EulerE,Brycicle77,907,884,r2q1rk1/p4p1p/b2p2p1/2pP4/1p2Pp2/5N2/P1PQ1PPP/1R2R1K1 b - - 1 18,d4d2
41,EulerE,Brycicle77,907,884,r4rk1/p4p1p/b2p1qp1/2pP4/1p2Pp2/5N2/P1PQ1PPP/1R2R1K1 w - - 2 19,d8f6
41,EulerE,Brycicle77,907,884,r4rk1/p4p1p/b2p1qp1/2pPP3/1p3p2/5N2/P1PQ1PPP/1R2R1K1 b - - 0 19,e4e5
41,EulerE,Brycicle77,907,884,r4rk1/p4p1p/b4qp1/2pPp3/1p3p2/5N2/P1PQ1PPP/1R2R1K1 w - - 0 20,d6e5
41,EulerE,Brycicle77,907,884,r4rk1/p4p1p/b4qp1/2pPN3/1p3p2/8/P1PQ1PPP/1R2R1K1 b - - 0 20,f3e5
41,EulerE,Brycicle77,907,884,r3r1k1/p4p1p/b4qp1/2pPN3/1p3p2/8/P1PQ1PPP/1R2R1K1 w - - 1 21,f8e8
41,EulerE,Brycicle77,907,884,r3r1k1/p2N1p1p/b4qp1/2pP4/1p3p2/8/P1PQ1PPP/1R2R1K1 b - - 2 21,e5d7
41,EulerE,Brycicle77,907,884,r3r1k1/p2N1p1p/b5p1/2pP4/1p1q1p2/8/P1PQ1PPP/1R2R1K1 w - - 3 22,f6d4
41,EulerE,Brycicle77,907,884,r3r1k1/p2N1p1p/b5p1/2pP4/1p1Q1p2/8/P1P2PPP/1R2R1K1 b - - 0 22,d2d4
41,EulerE,Brycicle77,907,884,r3r1k1/p2N1p1p/b5p1/3P4/1p1p1p2/8/P1P2PPP/1R2R1K1 w - - 0 23,c5d4
41,EulerE,Brycicle77,907,884,r3r1k1/p4p1p/b4Np1/3P4/1p1p1p2/8/P1P2PPP/1R2R1K1 b - - 1 23,d7f6
41,EulerE,Brycicle77,907,884,r3rk2/p4p1p/b4Np1/3P4/1p1p1p2/8/P1P2PPP/1R2R1K1 w - - 2 24,g8f8
41,EulerE,Brycicle77,907,884,r3Nk2/p4p1p/b5p1/3P4/1p1p1p2/8/P1P2PPP/1R2R1K1 b - - 0 24,f6e8
41,EulerE,Brycicle77,907,884,4rk2/p4p1p/b5p1/3P4/1p1p1p2/8/P1P2PPP/1R2R1K1 w - - 0 25,a8e8
41,EulerE,Brycicle77,907,884,4Rk2/p4p1p/b5p1/3P4/1p1p1p2/8/P1P2PPP/1R4K1 b - - 0 25,e1e8
41,EulerE,Brycicle77,907,884,4k3/p4p1p/b5p1/3P4/1p1p1p2/8/P1P2PPP/1R4K1 w - - 0 26,f8e8
41,EulerE,Brycicle77,907,884,4k3/p4p1p/b5p1/3P4/1R1p1p2/8/P1P2PPP/6K1 b - - 0 26,b1b4
41,EulerE,Brycicle77,907,884,5k2/p4p1p/b5p1/3P4/1R1p1p2/8/P1P2PPP/6K1 w - - 1 27,e8f8
41,EulerE,Brycicle77,907,884,5k2/p4p1p/b5p1/3P4/3R1p2/8/P1P2PPP/6K1 b - - 0 27,b4d4
41,EulerE,Brycicle77,907,884,5k2/p4p1p/b7/3P2p1/3R1p2/8/P1P2PPP/6K1 w - - 0 28,g6g5
41,EulerE,Brycicle77,907,884,5k2/p4p1p/b2P4/6p1/3R1p2/8/P1P2PPP/6K1 b - - 0 28,d5d6
41,EulerE,Brycicle77,907,884,4k3/p4p1p/b2P4/6p1/3R1p2/8/P1P2PPP/6K1 w - - 1 29,f8e8
41,EulerE,Brycicle77,907,884,4k3/p2P1p1p/b7/6p1/3R1p2/8/P1P2PPP/6K1 b - - 0 29,d6d7
41,EulerE,Brycicle77,907,884,3k4/p2P1p1p/b7/6p1/3R1p2/8/P1P2PPP/6K1 w - - 1 30,e8d8
41,EulerE,Brycicle77,907,884,3k4/p2P1p1p/b7/6p1/2PR1p2/8/P4PPP/6K1 b - - 0 30,c2c4
41,EulerE,Brycicle77,907,884,3k4/pb1P1p1p/8/6p1/2PR1p2/8/P4PPP/6K1 w - - 1 31,a6b7
41,EulerE,Brycicle77,907,884,3k4/pb1P1p1p/8/2P3p1/3R1p2/8/P4PPP/6K1 b - - 0 31,c4c5
41,EulerE,Brycicle77,907,884,3k4/p2P1p1p/2b5/2P3p1/3R1p2/8/P4PPP/6K1 w - - 1 32,b7c6
41,EulerE,Brycicle77,907,884,3k4/p2P1p1p/2bR4/2P3p1/5p2/8/P4PPP/6K1 b - - 2 32,d4d6
41,EulerE,Brycicle77,907,884,3k4/p2b1p1p/3R4/2P3p1/5p2/8/P4PPP/6K1 w - - 0 33,c6d7
41,EulerE,Brycicle77,907,884,3k4/p2b1p1p/2PR4/6p1/5p2/8/P4PPP/6K1 b - - 0 33,c5c6
41,EulerE,Brycicle77,907,884,8/p1kb1p1p/2PR4/6p1/5p2/8/P4PPP/6K1 w - - 1 34,d8c7
41,EulerE,Brycicle77,907,884,8/p1kP1p1p/3R4/6p1/5p2/8/P4PPP/6K1 b - - 0 34,c6d7
41,EulerE,Brycicle77,907,884,8/p2P1p1p/3k4/6p1/5p2/8/P4PPP/6K1 w - - 0 35,c7d6
41,EulerE,Brycicle77,907,884,3Q4/p4p1p/3k4/6p1/5p2/8/P4PPP/6K1 b - - 0 35,d7d8q
41,EulerE,Brycicle77,907,884,3Q4/p4p1p/4k3/6p1/5p2/8/P4PPP/6K1 w - - 1 36,d6e6
41,EulerE,Brycicle77,907,884,Q7/p4p1p/4k3/6p1/5p2/8/P4PPP/6K1 b - - 2 36,d8a8
41,EulerE,Brycicle77,907,884,Q7/p4p1p/5k2/6p1/5p2/8/P4PPP/6K1 w - - 3 37,e6f6
41,EulerE,Brycicle77,907,884,8/Q4p1p/5k2/6p1/5p2/8/P4PPP/6K1 b - - 0 37,a8a7
41,EulerE,Brycicle77,907,884,8/Q4p1p/6k1/6p1/5p2/8/P4PPP/6K1 w - - 1 38,f6g6
41,EulerE,Brycicle77,907,884,8/Q4p1p/6k1/6p1/P4p2/8/5PPP/6K1 b - - 0 38,a2a4
41,EulerE,Brycicle77,907,884,8/Q4p1p/8/6pk/P4p2/8/5PPP/6K1 w - - 1 39,g6h5
41,EulerE,Brycicle77,907,884,8/5Q1p/8/6pk/P4p2/8/5PPP/6K1 b - - 0 39,a7f7
41,EulerE,Brycicle77,907,884,8/5Q1p/8/6p1/P4pk1/8/5PPP/6K1 w - - 1 40,h5g4
41,EulerE,Brycicle77,907,884,8/5Q1p/8/P5p1/5pk1/8/5PPP/6K1 b - - 0 40,a4a5
41,EulerE,Brycicle77,907,884,8/5Q1p/8/P5p1/6k1/5p2/5PPP/6K1 w - - 0 41,f4f3
41,EulerE,Brycicle77,907,884,8/5Q1p/8/P5p1/6k1/5pP1/5P1P/6K1 b - - 0 41,g2g3
41,EulerE,Brycicle77,907,884,8/5Q1p/8/P5p1/8/5pPk/5P1P/6K1 w - - 1 42,g4h3
42,EulerE,yudimekorama,904,781,rnbqkbnr/pppppppp/8/8/3P4/8/PPP1PPPP/RNBQKBNR b KQkq - 0 1,d2d4
42,EulerE,yudimekorama,904,781,rnbqkb1r/pppppppp/5n2/8/3P4/8/PPP1PPPP/RNBQKBNR w KQkq - 1 2,g8f6
42,EulerE,yudimekorama,904,781,rnbqkb1r/pppppppp/5n2/8/3P4/5N2/PPP1PPPP/RNBQKB1R b KQkq - 2 2,g1f3
42,EulerE,yudimekorama,904,781,rnbqkb1r/ppppppp1/5n1p/8/3P4/5N2/PPP1PPPP/RNBQKB1R w KQkq - 0 3,h7h6
42,EulerE,yudimekorama,904,781,rnbqkb1r/ppppppp1/5n1p/8/3P4/1P3N2/P1P1PPPP/RNBQKB1R b KQkq - 0 3,b2b3
42,EulerE,yudimekorama,904,781,rnbqkb1r/ppp1ppp1/3p1n1p/8/3P4/1P3N2/P1P1PPPP/RNBQKB1R w KQkq - 0 4,d7d6
42,EulerE,yudimekorama,904,781,rnbqkb1r/ppp1ppp1/3p1n1p/8/3P4/1P3N2/PBP1PPPP/RN1QKB1R b KQkq - 1 4,c1b2
42,EulerE,yudimekorama,904,781,r1bqkb1r/ppp1ppp1/2np1n1p/8/3P4/1P3N2/PBP1PPPP/RN1QKB1R w KQkq - 2 5,b8c6
42,EulerE,yudimekorama,904,781,r1bqkb1r/ppp1ppp1/2np1n1p/8/3P4/1PN2N2/PBP1PPPP/R2QKB1R b KQkq - 3 5,b1c3
42,EulerE,yudimekorama,904,781,r2qkb1r/ppp1ppp1/2np1n1p/5b2/3P4/1PN2N2/PBP1PPPP/R2QKB1R w KQkq - 4 6,c8f5
42,EulerE,yudimekorama,904,781,r2qkb1r/ppp1ppp1/2np1n1p/5b2/3P3N/1PN5/PBP1PPPP/R2QKB1R b KQkq - 5 6,f3h4
42,EulerE,yudimekorama,904,781,r2qkb1r/ppp1pppb/2np1n1p/8/3P3N/1PN5/PBP1PPPP/R2QKB1R w KQkq - 6 7,f5h7
42,EulerE,yudimekorama,904,781,r2qkb1r/ppp1pppb/2np1n1p/8/3P3N/1PN2P2/PBP1P1PP/R2QKB1R b KQkq - 0 7,f2f3
42,EulerE,yudimekorama,904,781,r2qkb1r/ppp1pppb/3p1n1p/8/1n1P3N/1PN2P2/PBP1P1PP/R2QKB1R w KQkq - 1 8,c6b4
42,EulerE,yudimekorama,904,781,r2qkb1r/ppp1pppb/3p1n1p/8/1n1PP2N/1PN2P2/PBP3PP/R2QKB1R b KQkq - 0 8,e2e4
42,EulerE,yudimekorama,904,781,r2qkb1r/ppp1pppb/5n1p/3p4/1n1PP2N/1PN2P2/PBP3PP/R2QKB1R w KQkq - 0 9,d6d5
42,EulerE,yudimekorama,904,781,r2qkb1r/ppp1pppb/5n1p/3p4/1n1PP2N/1PNB1P2/PBP3PP/R2QK2R b KQkq - 1 9,f1d3
42,EulerE,yudimekorama,904,781,r2qkb1r/ppp1pppb/5n1p/8/1n1Pp2N/1PNB1P2/PBP3PP/R2QK2R w KQkq - 0 10,d5e4
42,EulerE,yudimekorama,904,781,r2qkb1r/ppp1pppb/5n1p/8/1n1PB2N/1PN2P2/PBP3PP/R2QK2R b KQkq - 0 10,d3e4
42,EulerE,yudimekorama,904,781,r2qkb1r/ppp1ppp1/5n1p/8/1n1Pb2N/1PN2P2/PBP3PP/R2QK2R w KQkq - 0 11,h7e4
42,EulerE,yudimekorama,904,781,r2qkb1r/ppp1ppp1/5n1p/8/1n1PN2N/1P3P2/PBP3PP/R2QK2R b KQkq - 0 11,c3e4
42,EulerE,yudimekorama,904,781,r2qkb1r/ppp1ppp1/7p/8/1n1Pn2N/1P3P2/PBP3PP/R2QK2R w KQkq - 0 12,f6e4
42,EulerE,yudimekorama,904,781,r2qkb1r/ppp1ppp1/7p/8/1n1Pn2N/PP3P2/1BP3PP/R2QK2R b KQkq - 0 12,a2a3
42,EulerE,yudimekorama,904,781,r2qkb1r/ppp1ppp1/2n4p/8/3Pn2N/PP3P2/1BP3PP/R2QK2R w KQkq - 1 13,b4c6
42,EulerE,yudimekorama,904,781,r2qkb1r/ppp1ppp1/2n4p/8/3PP2N/PP6/1BP3PP/R2QK2R b KQkq - 0 13,f3e4
42,EulerE,yudimekorama,904,781,r2qkb1r/ppp2pp1/2n1p2p/8/3PP2N/PP6/1BP3PP/R2QK2R w KQkq - 0 14,e7e6
42,EulerE,yudimekorama,904,781,r2qkb1r/ppp2pp1/2n1p2p/4P3/3P3N/PP6/1BP3PP/R2QK2R b KQkq - 0 14,e4e5
42,EulerE,yudimekorama,904,781,r2qk2r/ppp1bpp1/2n1p2p/4P3/3P3N/PP6/1BP3PP/R2QK2R w KQkq - 1 15,f8e7
42,EulerE,yudimekorama,904,781,r2qk2r/ppp1bpp1/2n1p2p/4P3/3P4/PP3N2/1BP3PP/R2QK2R b KQkq - 2 15,h4f3
42,EulerE,yudimekorama,904,781,r2q1rk1/ppp1bpp1/2n1p2p/4P3/3P4/PP3N2/1BP3PP/R2QK2R w KQ - 3 16,e8g8
42,EulerE,yudimekorama,904,781,r2q1rk1/ppp1bpp1/2n1p2p/4P3/3P4/PP3N2/1BP3PP/R2Q1RK1 b - - 4 16,e1g1
42,EulerE,yudimekorama,904,781,r2q1rk1/1pp1bpp1/2n1p2p/p3P3/3P4/PP3N2/1BP3PP/R2Q1RK1 w - - 0 17,a7a5
42,EulerE,yudimekorama,904,781,r2q1rk1/1pp1bpp1/2n1p2p/p3P3/3P4/PP3N2/1BP1Q1PP/R4RK1 b - - 1 17,d1e2
42,EulerE,yudimekorama,904,781,r4rk1/1pp1bpp1/2n1p2p/p2qP3/3P4/PP3N2/1BP1Q1PP/R4RK1 w - - 2 18,d8d5
42,EulerE,yudimekorama,904,781,r4rk1/1pp1bpp1/2n1p2p/p2qP3/2PP4/PP3N2/1B2Q1PP/R4RK1 b - - 0 18,c2c4
42,EulerE,yudimekorama,904,781,r4rk1/1ppqbpp1/2n1p2p/p3P3/2PP4/PP3N2/1B2Q1PP/R4RK1 w - - 1 19,d5d7
42,EulerE,yudimekorama,904,781,r4rk1/1ppqbpp1/2n1p2p/p3P3/2PP4/PP3N2/1B2Q1PP/3R1RK1 b - - 2 19,a1d1
42,EulerE,yudimekorama,904,781,r2r2k1/1ppqbpp1/2n1p2p/p3P3/2PP4/PP3N2/1B2Q1PP/3R1RK1 w - - 3 20,f8d8
42,EulerE,yudimekorama,904,781,r2r2k1/1ppqbpp1/2n1p2p/p3P3/2PP4/PP3N2/1B3QPP/3R1RK1 b - - 4 20,e2f2
42,EulerE,yudimekorama,904,781,r2r2k1/1ppqbpp1/2n1p2p/4P3/p1PP4/PP3N2/1B3QPP/3R1RK1 w - - 0 21,a5a4
42,EulerE,yudimekorama,904,781,r2r2k1/1ppqbpp1/2n1p2p/4P3/p1PP3N/PP6/1B3QPP/3R1RK1 b - - 1 21,f3h4
42,EulerE,yudimekorama,904,781,r2r2k1/1ppqbpp1/2n1p2p/4P3/2PP3N/Pp6/1B3QPP/3R1RK1 w - - 0 22,a4b3
42,EulerE,yudimekorama,904,781,r2r2k1/1ppqbQp1/2n1p2p/4P3/2PP3N/Pp6/1B4PP/3R1RK1 b - - 0 22,f2f7
42,EulerE,yudimekorama,904,781,r2r3k/1ppqbQp1/2n1p2p/4P3/2PP3N/Pp6/1B4PP/3R1RK1 w - - 1 23,g8h8
42,EulerE,yudimekorama,904,781,r2r3k/1ppqbQp1/2n1p1Np/4P3/2PP4/Pp6/1B4PP/3R1RK1 b - - 2 23,h4g6
42,EulerE,yudimekorama,904,781,r2r4/1ppqbQpk/2n1p1Np/4P3/2PP4/Pp6/1B4PP/3R1RK1 w - - 3 24,h8h7
42,EulerE,yudimekorama,904,781,r2r4/1ppqbQpk/2n1p1Np/3PP3/2P5/Pp6/1B4PP/3R1RK1 b - - 0 24,d4d5
42,EulerE,yudimekorama,904,781,r2rq3/1pp1bQpk/2n1p1Np/3PP3/2P5/Pp6/1B4PP/3R1RK1 w - - 1 25,d7e8
42,EulerE,yudimekorama,904,781,r2rq3/1pp1bQpk/2P1p1Np/4P3/2P5/Pp6/1B4PP/3R1RK1 b - - 0 25,d5c6
42,EulerE,yudimekorama,904,781,r3q3/1pp1bQpk/2P1p1Np/4P3/2P5/Pp6/1B4PP/3r1RK1 w - - 0 26,d8d1
42,EulerE,yudimekorama,904,781,r3Q3/1pp1b1pk/2P1p1Np/4P3/2P5/Pp6/1B4PP/3r1RK1 b - - 0 26,f7e8
42,EulerE,yudimekorama,904,781,4r3/1pp1b1pk/2P1p1Np/4P3/2P5/Pp6/1B4PP/3r1RK1 w - - 0 27,a8e8
42,EulerE,yudimekorama,904,781,4r3/1pp1N1pk/2P1p2p/4P3/2P5/Pp6/1B4PP/3r1RK1 b - - 0 27,g6e7
42,EulerE,yudimekorama,904,781,4r3/1pp1N1pk/2P1p2p/4P3/2P5/Pp6/1B4PP/5rK1 w - - 0 28,d1f1
42,EulerE,yudimekorama,904,781,4r3/1pp1N1pk/2P1p2p/4P3/2P5/Pp6/1B4PP/5K2 b - - 0 28,g1f1
42,EulerE,yudimekorama,904,781,8/1pp1r1pk/2P1p2p/4P3/2P5/Pp6/1B4PP/5K2 w - - 0 29,e8e7
42,EulerE,yudimekorama,904,781,8/1pp1r1pk/2P1p2p/4P3/2P5/Pp6/1B2K1PP/8 b - - 1 29,f1e2
42,EulerE,yudimekorama,904,781,8/1pp2rpk/2P1p2p/4P3/2P5/Pp6/1B2K1PP/8 w - - 2 30,e7f7
42,EulerE,yudimekorama,904,781,8/1pp2rpk/2P1p2p/4P3/2P5/Pp1K4/1B4PP/8 b - - 3 30,e2d3
42,EulerE,yudimekorama,904,781,8/1pp3pk/2P1p2p/4P3/2P5/Pp1K4/1B3rPP/8 w - - 4 31,f7f2
42,EulerE,yudimekorama,904,781,8/1Pp3pk/4p2p/4P3/2P5/Pp1K4/1B3rPP/8 b - - 0 31,c6b7
42,EulerE,yudimekorama,904,781,5r2/1Pp3pk/4p2p/4P3/2P5/Pp1K4/1B4PP/8 w - - 1 32,f2f8
42,EulerE,yudimekorama,904,781,5r2/1Pp3pk/4p2p/2P1P3/8/Pp1K4/1B4PP/8 b - - 0 32,c4c5
42,EulerE,yudimekorama,904,781,5r2/1P4pk/2p1p2p/2P1P3/8/Pp1K4/1B4PP/8 w - - 0 33,c7c6
42,EulerE,yudimekorama,904,781,5r2/1P4pk/2p1p2p/2P1P3/8/PpK5/1B4PP/8 b - - 1 33,d3c3
42,EulerE,yudimekorama,904,781,1r6/1P4pk/2p1p2p/2P1P3/8/PpK5/1B4PP/8 w - - 2 34,f8b8
42,EulerE,yudimekorama,904,781,1r6/1P4pk/2p1p2p/2P1P3/P7/1pK5/1B4PP/8 b - - 0 34,a3a4
42,EulerE,yudimekorama,904,781,8/1r4pk/2p1p2p/2P1P3/P7/1pK5/1B4PP/8 w - - 0 35,b8b7
42,EulerE,yudimekorama,904,781,8/1r4pk/2p1p2p/P1P1P3/8/1pK5/1B4PP/8 b - - 0 35,a4a5
42,EulerE,yudimekorama,904,781,8/r5pk/2p1p2p/P1P1P3/8/1pK5/1B4PP/8 w - - 1 36,b7a7
42,EulerE,yudimekorama,904,781,8/r5pk/2p1p2p/P1P1P3/1K6/1p6/1B4PP/8 b - - 2 36,c3b4
42,EulerE,yudimekorama,904,781,8/r5p1/2p1p1kp/P1P1P3/1K6/1p6/1B4PP/8 w - - 3 37,h7g6
42,EulerE,yudimekorama,904,781,8/r5p1/2p1p1kp/P1P1P3/1K6/1pB5/6PP/8 b - - 4 37,b2c3
42,EulerE,yudimekorama,904,781,8/r5p1/2p1p2p/P1P1Pk2/1K6/1pB5/6PP/8 w - - 5 38,g6f5
42,EulerE,yudimekorama,904,781,8/r5p1/2p1p2p/P1P1Pk2/8/1KB5/6PP/8 b - - 0 38,b4b3
42,EulerE,yudimekorama,904,781,8/r5p1/2p1p2p/P1P1P3/4k3/1KB5/6PP/8 w - - 1 39,f5e4
42,EulerE,yudimekorama,904,781,8/r5p1/2p1p2p/P1P1P3/4k3/1KB4P/6P1/8 b - - 0 39,h2h3
42,EulerE,yudimekorama,904,781,8/r5p1/2p1p2p/P1PkP3/8/1KB4P/6P1/8 w - - 1 40,e4d5
42,EulerE,yudimekorama,904,781,8/r5p1/2p1p2p/P1PkP3/1K6/2B4P/6P1/8 b - - 2 40,b3b4
42,EulerE,yudimekorama,904,781,8/1r4p1/2p1p2p/P1PkP3/1K6/2B4P/6P1/8 w - - 3 41,a7b7
42,EulerE,yudimekorama,904,781,8/1r4p1/2p1p2p/P1PkP3/K7/2B4P/6P1/8 b - - 4 41,b4a4
42,EulerE,yudimekorama,904,781,8/1r4p1/2p1p2p/P1k1P3/K7/2B4P/6P1/8 w - - 0 42,d5c5
42,EulerE,yudimekorama,904,781,8/1r4p1/P1p1p2p/2k1P3/K7/2B4P/6P1/8 b - - 0 42,a5a6
42,EulerE,yudimekorama,904,781,8/r5p1/P1p1p2p/2k1P3/K7/2B4P/6P1/8 w - - 1 43,b7a7
42,EulerE,yudimekorama,904,781,8/r5p1/P1p1p2p/K1k1P3/8/2B4P/6P1/8 b - - 2 43,a4a5
42,EulerE,yudimekorama,904,781,8/r5p1/P1p1p2p/K3P3/2k5/2B4P/6P1/8 w - - 3 44,c5c4
42,EulerE,yudimekorama,904,781,8/r5p1/P1p1p2p/K3P3/2k5/7P/6P1/4B3 b - - 4 44,c3e1
42,EulerE,yudimekorama,904,781,8/r5p1/P1p1p2p/K2kP3/8/7P/6P1/4B3 w - - 5 45,c4d5
42,EulerE,yudimekorama,904,781,8/r5p1/P1p1p2p/K2kP3/8/7P/5BP1/8 b - - 6 45,e1f2
42,EulerE,yudimekorama,904,781,r7/6p1/P1p1p2p/K2kP3/8/7P/5BP1/8 w - - 7 46,a7a8
42,EulerE,yudimekorama,904,781,r7/6p1/PKp1p2p/3kP3/8/7P/5BP1/8 b - - 8 46,a5b6
42,EulerE,yudimekorama,904,781,r7/6p1/PK2p2p/2pkP3/8/7P/5BP1/8 w - - 0 47,c6c5
42,EulerE,yudimekorama,904,781,r7/P5p1/1K2p2p/2pkP3/8/7P/5BP1/8 b - - 0 47,a6a7
42,EulerE,yudimekorama,904,781,r7/P5p1/1K2p2p/3kP3/2p5/7P/5BP1/8 w - - 0 48,c5c4
42,EulerE,yudimekorama,904,781,r7/PK4p1/4p2p/3kP3/2p5/7P/5BP1/8 b - - 1 48,b6b7
42,EulerE,yudimekorama,904,781,8/rK4p1/4p2p/3kP3/2p5/7P/5BP1/8 w - - 0 49,a8a7
42,EulerE,yudimekorama,904,781,8/K5p1/4p2p/3kP3/2p5/7P/5BP1/8 b - - 0 49,b7a7
42,EulerE,yudimekorama,904,781,8/K5p1/4p2p/3kP3/8/2p4P/5BP1/8 w - - 0 50,c4c3
42,EulerE,yudimekorama,904,781,8/K5p1/4p2p/3kP3/8/2p1B2P/6P1/8 b - - 1 50,f2e3
42,EulerE,yudimekorama,904,781,8/K5p1/4p2p/3kP3/8/4B2P/2p3P1/8 w - - 0 51,c3c2
42,EulerE,yudimekorama,904,781,8/6p1/K3p2p/3kP3/8/4B2P/2p3P1/8 b - - 1 51,a7a6
42,EulerE,yudimekorama,904,781,8/6p1/K3p2p/4P3/4k3/4B2P/2p3P1/8 w - - 2 52,d5e4
42,EulerE,yudimekorama,904,781,8/6p1/K3p2p/4P3/4k3/7P/2pB2P1/8 b - - 3 52,e3d2
42,EulerE,yudimekorama,904,781,8/6p1/K3p2p/4P3/8/3k3P/2pB2P1/8 w - - 4 53,e4d3
42,EulerE,yudimekorama,904,781,8/6p1/K3p2p/4P3/8/3k3P/2p3P1/2B5 b - - 5 53,d2c1
42,EulerE,yudimekorama,904,781,8/6p1/K3p2p/4P3/8/7P/2p1k1P1/2B5 w - - 6 54,d3e2
42,EulerE,yudimekorama,904,781,8/6p1/4p2p/1K2P3/8/7P/2p1k1P1/2B5 b - - 7 54,a6b5
42,EulerE,yudimekorama,904,781,8/6p1/4p2p/1K2P3/8/7P/2p3P1/2Bk4 w - - 8 55,e2d1
42,EulerE,yudimekorama,904,781,8/6p1/4p2p/1K2P3/5B2/7P/2p3P1/3k4 b - - 9 55,c1f4
42,EulerE,yudimekorama,904,781,8/8/4p2p/1K2P1p1/5B2/7P/2p3P1/3k4 w - - 0 56,g7g5
42,EulerE,yudimekorama,904,781,8/8/4p2p/1K2P1p1/8/4B2P/2p3P1/3k4 b - - 1 56,f4e3
42,EulerE,yudimekorama,904,781,8/8/4p2p/1K2P1p1/8/4B2P/2p1k1P1/8 w - - 2 57,d1e2
42,EulerE,yudimekorama,904,781,8/8/4p2p/1K2P1p1/8/7P/2p1k1P1/2B5 b - - 3 57,e3c1
42,EulerE,yudimekorama,904,781,8/8/4p2p/1K2P1p1/8/7P/2p3P1/2B2k2 w - - 4 58,e2f1
42,EulerE,yudimekorama,904,781,8/8/4p2p/2K1P1p1/8/7P/2p3P1/2B2k2 b - - 5 58,b5c5
42,EulerE,yudimekorama,904,781,8/8/4p2p/2K1P1p1/8/7P/2p3k1/2B5 w - - 0 59,f1g2
42,EulerE,yudimekorama,904,781,8/8/3Kp2p/4P1p1/8/7P/2p3k1/2B5 b - - 1 59,c5d6
42,EulerE,yudimekorama,904,781,8/8/3Kp2p/4P1p1/8/7k/2p5/2B5 w - - 0 60,g2h3
42,EulerE,yudimekorama,904,781,8/8/4K2p/4P1p1/8/7k/2p5/2B5 b - - 0 60,d6e6
42,EulerE,yudimekorama,904,781,8/8/4K2p/4P3/6p1/7k/2p5/2B5 w - - 0 61,g5g4
42,EulerE,yudimekorama,904,781,8/8/3K3p/4P3/6p1/7k/2p5/2B5 b - - 1 61,e6d6
42,EulerE,yudimekorama,904,781,8/8/3K3p/4P3/8/6pk/2p5/2B5 w - - 0 62,g4g3
42,EulerE,yudimekorama,904,781,8/8/3KP2p/8/8/6pk/2p5/2B5 b - - 0 62,e5e6
42,EulerE,yudimekorama,904,781,8/8/3KP2p/8/8/7k/2p3p1/2B5 w - - 0 63,g3g2
42,EulerE,yudimekorama,904,781,8/8/3KP2p/8/8/4B2k/2p3p1/8 b - - 1 63,c1e3
42,EulerE,yudimekorama,904,781,8/8/3KP2p/8/8/4B2k/2p5/6q1 w - - 0 64,g2g1q
42,EulerE,yudimekorama,904,781,8/8/3KP2p/8/8/7k/2p5/6B1 b - - 0 64,e3g1
42,EulerE,yudimekorama,904,781,8/8/3KP2p/8/8/7k/8/2q3B1 w - - 0 65,c2c1q
42,EulerE,yudimekorama,904,781,8/8/1B1KP2p/8/8/7k/8/2q5 b - - 1 65,g1b6
42,EulerE,yudimekorama,904,781,8/8/1B1KP2p/8/8/7k/3q4/8 w - - 2 66,c1d2
42,EulerE,yudimekorama,904,781,8/8/1B2P2p/4K3/8/7k/3q4/8 b - - 3 66,d6e5
42,EulerE,yudimekorama,904,781,8/8/1B2P2p/4K3/8/7k/1q6/8 w - - 4 67,d2b2
42,EulerE,yudimekorama,904,781,8/8/4P2p/4K3/3B4/7k/1q6/8 b - - 5 67,b6d4
42,EulerE,yudimekorama,904,781,8/8/4P2p/1q2K3/3B4/7k/8/8 w - - 6 68,b2b5
42,EulerE,yudimekorama,904,781,8/8/3KP2p/1q6/3B4/7k/8/8 b - - 7 68,e5d6
42,EulerE,yudimekorama,904,781,8/8/q2KP2p/8/3B4/7k/8/8 w - - 8 69,b5a6
42,EulerE,yudimekorama,904,781,8/8/q3P2p/4K3/3B4/7k/8/8 b - - 9 69,d6e5
42,EulerE,yudimekorama,904,781,8/8/q3P2p/4K3/3B2k1/8/8/8 w - - 10 70,h3g4
42,EulerE,yudimekorama,904,781,8/4P3/q6p/4K3/3B2k1/8/8/8 b - - 0 70,e6e7
42,EulerE,yudimekorama,904,781,2q5/4P3/7p/4K3/3B2k1/8/8/8 w - - 1 71,a6c8
42,EulerE,yudimekorama,904,781,2q5/4P3/5K1p/8/3B2k1/8/8/8 b - - 2 71,e5f6
42,EulerE,yudimekorama,904,781,2q5/4P3/5K2/7p/3B2k1/8/8/8 w - - 0 72,h6h5
42,EulerE,yudimekorama,904,781,2q5/4PK2/8/7p/3B2k1/8/8/8 b - - 1 72,f6f7
42,EulerE,yudimekorama,904,781,2q5/4PK2/8/8/3B2kp/8/8/8 w - - 0 73,h5h4
42,EulerE,yudimekorama,904,781,2q1Q3/5K2/8/8/3B2kp/8/8/8 b - - 0 73,e7e8q
42,EulerE,yudimekorama,904,781,4q3/5K2/8/8/3B2kp/8/8/8 w - - 0 74,c8e8
42,EulerE,yudimekorama,904,781,4K3/8/8/8/3B2kp/8/8/8 b - - 0 74,f7e8
42,EulerE,yudimekorama,904,781,4K3/8/8/8/3B2k1/7p/8/8 w - - 0 75,h4h3
42,EulerE,yudimekorama,904,781,4K3/8/8/4B3/6k1/7p/8/8 b - - 1 75,d4e5
43,wahyudiafri,EulerE,860,895,rnbqkbnr/pppppppp/8/8/4P3/8/PPPP1PPP/RNBQKBNR b KQkq - 0 1,e2e4
43,wahyudiafri,EulerE,860,895,rnbqkbnr/pppp1ppp/8/4p3/4P3/8/PPPP1PPP/RNBQKBNR w KQkq - 0 2,e7e5
43,wahyudiafri,EulerE,860,895,rnbqkbnr/pppp1ppp/8/4p3/4PP2/8/PPPP2PP/RNBQKBNR b KQkq - 0 2,f2f4
43,wahyudiafri,EulerE,860,895,rnbqkbnr/ppp2ppp/3p4/4p3/4PP2/8/PPPP2PP/RNBQKBNR w KQkq - 0 3,d7d6
43,wahyudiafri,EulerE,860,895,rnbqkbnr/ppp2ppp/3p4/4p3/4PP2/5N2/PPPP2PP/RNBQKB1R b KQkq - 1 3,g1f3
43,wahyudiafri,EulerE,860,895,r1bqkbnr/ppp2ppp/2np4/4p3/4PP2/5N2/PPPP2PP/RNBQKB1R w KQkq - 2 4,b8c6
43,wahyudiafri,EulerE,860,895,r1bqkbnr/ppp2ppp/2np4/1B2p3/4PP2/5N2/PPPP2PP/RNBQK2R b KQkq - 3 4,f1b5
43,wahyudiafri,EulerE,860,895,r2qkbnr/pppb1ppp/2np4/1B2p3/4PP2/5N2/PPPP2PP/RNBQK2R w KQkq - 4 5,c8d7
43,wahyudiafri,EulerE,860,895,r2qkbnr/pppb1ppp/2np4/1B2p3/4PP2/5N2/PPPP2PP/RNBQ1RK1 b kq - 5 5,e1g1
43,wahyudiafri,EulerE,860,895,r2qkbnr/pppb1ppp/3p4/1B2p3/3nPP2/5N2/PPPP2PP/RNBQ1RK1 w kq - 6 6,c6d4
43,wahyudiafri,EulerE,860,895,r2qkbnr/pppb1ppp/3p4/4p3/3nPP2/5N2/PPPPB1PP/RNBQ1RK1 b kq - 7 6,b5e2
43,wahyudiafri,EulerE,860,895,r2qkbnr/pppb1p1p/3p2p1/4p3/3nPP2/5N2/PPPPB1PP/RNBQ1RK1 w kq - 0 7,g7g6
43,wahyudiafri,EulerE,860,895,r2qkbnr/pppb1p1p/3p2p1/4p3/3nPP2/2P2N2/PP1PB1PP/RNBQ1RK1 b kq - 0 7,c2c3
43,wahyudiafri,EulerE,860,895,r2qkbnr/pppb1p1p/3p2p1/1n2p3/4PP2/2P2N2/PP1PB1PP/RNBQ1RK1 w kq - 1 8,d4b5
43,wahyudiafri,EulerE,860,895,r2qkbnr/pppb1p1p/3p2p1/1n2p3/P3PP2/2P2N2/1P1PB1PP/RNBQ1RK1 b kq - 0 8,a2a4
43,wahyudiafri,EulerE,860,895,r2qkb1r/pppb1p1p/3p1np1/1n2p3/P3PP2/2P2N2/1P1PB1PP/RNBQ1RK1 w kq - 1 9,g8f6
43,wahyudiafri,EulerE,860,895,r2qkb1r/pppb1p1p/3p1np1/1P2p3/4PP2/2P2N2/1P1PB1PP/RNBQ1RK1 b kq - 0 9,a4b5
43,wahyudiafri,EulerE,860,895,r2qkb1r/pppb1p1p/3p2p1/1P2p3/4nP2/2P2N2/1P1PB1PP/RNBQ1RK1 w kq - 0 10,f6e4
43,wahyudiafri,EulerE,860,895,r2qkb1r/pppb1p1p/3p2p1/1P2p3/4nP2/2PP1N2/1P2B1PP/RNBQ1RK1 b kq - 0 10,d2d3
43,wahyudiafri,EulerE,860,895,r2qkb1r/pppb1p1p/3p2p1/1Pn1p3/5P2/2PP1N2/1P2B1PP/RNBQ1RK1 w kq - 1 11,e4c5
43,wahyudiafri,EulerE,860,895,r2qkb1r/pppb1p1p/3p2p1/1Pn1p3/3P1P2/2P2N2/1P2B1PP/RNBQ1RK1 b kq - 0 11,d3d4
43,wahyudiafri,EulerE,860,895,r2qkb1r/pppb1p1p/3p2p1/1Pn5/3p1P2/2P2N2/1P2B1PP/RNBQ1RK1 w kq - 0 12,e5d4
43,wahyudiafri,EulerE,860,895,r2qkb1r/pppb1p1p/3p2p1/1Pn5/3N1P2/2P5/1P2B1PP/RNBQ1RK1 b kq - 0 12,f3d4
43,wahyudiafri,EulerE,860,895,r2qk2r/pppb1p1p/3p2pb/1Pn5/3N1P2/2P5/1P2B1PP/RNBQ1RK1 w kq - 1 13,f8h6
43,wahyudiafri,EulerE,860,895,r2qk2r/pppb1p1p/3p2pb/1Pn5/1P1N1P2/2P5/4B1PP/RNBQ1RK1 b kq - 0 13,b2b4
43,wahyudiafri,EulerE,860,895,r2qk2r/pppb1p1p/3pn1pb/1P6/1P1N1P2/2P5/4B1PP/RNBQ1RK1 w kq - 1 14,c5e6
43,wahyudiafri,EulerE,860,895,r2qk2r/pppb1p1p/3pn1pb/1P6/1P1N1P2/2P5/4B1PP/RNB1QRK1 b kq - 2 14,d1e1
43,wahyudiafri,EulerE,860,895,r2q1rk1/pppb1p1p/3pn1pb/1P6/1P1N1P2/2P5/4B1PP/RNB1QRK1 w - - 3 15,e8g8
43,wahyudiafri,EulerE,860,895,r2q1rk1/pppb1p1p/3pn1pb/1P3P2/1P1N4/2P5/4B1PP/RNB1QRK1 b - - 0 15,f4f5
43,wahyudiafri,EulerE,860,895,r2q1rk1/pppb1p1p/3pn1p1/1P3P2/1P1N4/2P5/4B1PP/RNb1QRK1 w - - 0 16,h6c1
43,wahyudiafri,EulerE,860,895,r2q1rk1/pppb1p1p/3pn1p1/1P3P2/1P1N4/2P5/4B1PP/RNQ2RK1 b - - 0 16,e1c1
43,wahyudiafri,EulerE,860,895,r2q1rk1/pppb1p1p/3p2p1/1P3P2/1P1n4/2P5/4B1PP/RNQ2RK1 w - - 0 17,e6d4
43,wahyudiafri,EulerE,860,895,r2q1rk1/pppb1p1p/3p2p1/1P3P2/1P1P4/8/4B1PP/RNQ2RK1 b - - 0 17,c3d4
43,wahyudiafri,EulerE,860,895,r2q1rk1/ppp2p1p/3p2p1/1P3b2/1P1P4/8/4B1PP/RNQ2RK1 w - - 0 18,d7f5
43,wahyudiafri,EulerE,860,895,r2q1rk1/ppp2p1p/3p2p1/1P3b2/1PBP4/8/6PP/RNQ2RK1 b - - 1 18,e2c4
43,wahyudiafri,EulerE,860,895,r4rk1/pppq1p1p/3p2p1/1P3b2/1PBP4/8/6PP/RNQ2RK1 w - - 2 19,d8d7
43,wahyudiafri,EulerE,860,895,r4rk1/pppq1p1p/3p2p1/1P3b2/1PBP4/2N5/6PP/R1Q2RK1 b - - 3 19,b1c3
43,wahyudiafri,EulerE,860,895,r4rk1/pp1q1p1p/2pp2p1/1P3b2/1PBP4/2N5/6PP/R1Q2RK1 w - - 0 20,c7c6
43,wahyudiafri,EulerE,860,895,r4rk1/pp1q1p1p/2pp2p1/1P3b2/1PBP1R2/2N5/6PP/R1Q3K1 b - - 1 20,f1f4
43,wahyudiafri,EulerE,860,895,r4rk1/pp1q1p1p/2p3p1/1P1p1b2/1PBP1R2/2N5/6PP/R1Q3K1 w - - 0 21,d6d5
43,wahyudiafri,EulerE,860,895,r4rk1/pp1q1p1p/2P3p1/3p1b2/1PBP1R2/2N5/6PP/R1Q3K1 b - - 0 21,b5c6
43,wahyudiafri,EulerE,860,895,r4rk1/pp3p1p/2q3p1/3p1b2/1PBP1R2/2N5/6PP/R1Q3K1 w - - 0 22,d7c6
43,wahyudiafri,EulerE,860,895,r4rk1/pp3p1p/2q3p1/3B1b2/1P1P1R2/2N5/6PP/R1Q3K1 b - - 0 22,c4d5
43,wahyudiafri,EulerE,860,895,r4rk1/pp3p1p/3q2p1/3B1b2/1P1P1R2/2N5/6PP/R1Q3K1 w - - 1 23,c6d6
43,wahyudiafri,EulerE,860,895,r4rk1/pp3p1p/3q2p1/3B1b2/RP1P1R2/2N5/6PP/2Q3K1 b - - 2 23,a1a4
43,wahyudiafri,EulerE,860,895,r1r3k1/pp3p1p/3q2p1/3B1b2/RP1P1R2/2N5/6PP/2Q3K1 w - - 3 24,f8c8
43,wahyudiafri,EulerE,860,895,r1r3k1/pB3p1p/3q2p1/5b2/RP1P1R2/2N5/6PP/2Q3K1 b - - 0 24,d5b7
43,wahyudiafri,EulerE,860,895,r1r3k1/pB3p1p/3q4/5bp1/RP1P1R2/2N5/6PP/2Q3K1 w - - 0 25,g6g5
43,wahyudiafri,EulerE,860,895,r1r3k1/pB3p1p/3q4/5Rp1/RP1P4/2N5/6PP/2Q3K1 b - - 0 25,f4f5
43,wahyudiafri,EulerE,860,895,1rr3k1/pB3p1p/3q4/5Rp1/RP1P4/2N5/6PP/2Q3K1 w - - 1 26,a8b8
43,wahyudiafri,EulerE,860,895,1rB3k1/p4p1p/3q4/5Rp1/RP1P4/2N5/6PP/2Q3K1 b - - 0 26,b7c8
43,wahyudiafri,EulerE,860,895,2r3k1/p4p1p/3q4/5Rp1/RP1P4/2N5/6PP/2Q3K1 w - - 0 27,b8c8
43,wahyudiafri,EulerE,860,895,2r3k1/p4p1p/3q4/5RQ1/RP1P4/2N5/6PP/6K1 b - - 0 27,c1g5
43,wahyudiafri,EulerE,860,895,2r4k/p4p1p/3q4/5RQ1/RP1P4/2N5/6PP/6K1 w - - 1 28,g8h8
43,wahyudiafri,EulerE,860,895,2r4k/p4p1p/3q4/5RQ1/RP1PN3/8/6PP/6K1 b - - 2 28,c3e4
43,wahyudiafri,EulerE,860,895,2r4k/p4p1p/8/5RQ1/RP1qN3/8/6PP/6K1 w - - 0 29,d6d4
43,wahyudiafri,EulerE,860,895,2r4k/p4p1p/8/5RQ1/RP1qN3/8/6PP/5K2 b - - 1 29,g1f1
43,wahyudiafri,EulerE,860,895,2r4k/p4p1p/8/5RQ1/RP2q3/8/6PP/5K2 w - - 0 30,d4e4
43,wahyudiafri,EulerE,860,895,2r4k/p4p1p/5Q2/5R2/RP2q3/8/6PP/5K2 b - - 1 30,g5f6
43,wahyudiafri,EulerE,860,895,2r3k1/p4p1p/5Q2/5R2/RP2q3/8/6PP/5K2 w - - 2 31,h8g8
43,wahyudiafri,EulerE,860,895,2r3k1/p4Q1p/8/5R2/RP2q3/8/6PP/5K2 b - - 0 31,f6f7
43,wahyudiafri,EulerE,860,895,2r4k/p4Q1p/8/5R2/RP2q3/8/6PP/5K2 w - - 1 32,g8h8
43,wahyudiafri,EulerE,860,895,2r4k/p6p/5Q2/5R2/RP2q3/8/6PP/5K2 b - - 2 32,f7f6
43,wahyudiafri,EulerE,860,895,2r3k1/p6p/5Q2/5R2/RP2q3/8/6PP/5K2 w - - 3 33,h8g8
43,wahyudiafri,EulerE,860,895,2r3k1/p6p/5Q2/6R1/RP2q3/8/6PP/5K2 b - - 4 33,f5g5
43,wahyudiafri,EulerE,860,895,2r3k1/p6p/5Qq1/6R1/RP6/8/6PP/5K2 w - - 5 34,e4g6
43,wahyudiafri,EulerE,860,895,2r3k1/p6p/5QR1/8/RP6/8/6PP/5K2 b - - 0 34,g5g6
43,wahyudiafri,EulerE,860,895,2r3k1/p7/5Qp1/8/RP6/8/6PP/5K2 w - - 0 35,h7g6
43,wahyudiafri,EulerE,860,895,2r3k1/p7/6Q1/8/RP6/8/6PP/5K2 b - - 0 35,f6g6
44,EulerE,Firecaa1_1,886,864,rnbqkbnr/pppppppp/8/8/3P4/8/PPP1PPPP/RNBQKBNR b KQkq - 0 1,d2d4
44,EulerE,Firecaa1_1,886,864,rnbqkbnr/ppp1pppp/8/3p4/3P4/8/PPP1PPPP/RNBQKBNR w KQkq - 0 2,d7d5
44,EulerE,Firecaa1_1,886,864,rnbqkbnr/ppp1pppp/8/3p4/2PP4/8/PP2PPPP/RNBQKBNR b KQkq - 0 2,c2c4
44,EulerE,Firecaa1_1,886,864,rnbqkbnr/ppp2ppp/4p3/3p4/2PP4/8/PP2PPPP/RNBQKBNR w KQkq - 0 3,e7e6
44,EulerE,Firecaa1_1,886,864,rnbqkbnr/ppp2ppp/4p3/3p4/2PP4/5N2/PP2PPPP/RNBQKB1R b KQkq - 1 3,g1f3
44,EulerE,Firecaa1_1,886,864,rnbqkb1r/ppp2ppp/4pn2/3p4/2PP4/5N2/PP2PPPP/RNBQKB1R w KQkq - 2 4,g8f6
44,EulerE,Firecaa1_1,886,864,rnbqkb1r/ppp2ppp/4pn2/3p4/2PP4/2N2N2/PP2PPPP/R1BQKB1R b KQkq - 3 4,b1c3
44,EulerE,Firecaa1_1,886,864,r1bqkb1r/ppp2ppp/2n1pn2/3p4/2PP4/2N2N2/PP2PPPP/R1BQKB1R w KQkq - 4 5,b8c6
44,EulerE,Firecaa1_1,886,864,r1bqkb1r/ppp2ppp/2n1pn2/3p4/2PP1B2/2N2N2/PP2PPPP/R2QKB1R b KQkq - 5 5,c1f4
44,EulerE,Firecaa1_1,886,864,r1bqk2r/ppp1bppp/2n1pn2/3p4/2PP1B2/2N2N2/PP2PPPP/R2QKB1R w KQkq - 6 6,f8e7
44,EulerE,Firecaa1_1,886,864,r1bqk2r/ppp1bppp/2n1pn2/1N1p4/2PP1B2/5N2/PP2PPPP/R2QKB1R b KQkq - 7 6,c3b5
44,EulerE,Firecaa1_1,886,864,r1bq1rk1/ppp1bppp/2n1pn2/1N1p4/2PP1B2/5N2/PP2PPPP/R2QKB1R w KQ - 8 7,e8g8
44,EulerE,Firecaa1_1,886,864,r1bq1rk1/ppB1bppp/2n1pn2/1N1p4/2PP4/5N2/PP2PPPP/R2QKB1R b KQ - 0 7,f4c7
44,EulerE,Firecaa1_1,886,864,r1bq1rk1/ppB2ppp/2n1pn2/1N1p4/1bPP4/5N2/PP2PPPP/R2QKB1R w KQ - 1 8,e7b4
44,EulerE,Firecaa1_1,886,864,r1bq1rk1/ppB2ppp/2n1pn2/1N1p4/1bPP4/8/PP1NPPPP/R2QKB1R b KQ - 2 8,f3d2
44,EulerE,Firecaa1_1,886,864,r1b2rk1/ppBq1ppp/2n1pn2/1N1p4/1bPP4/8/PP1NPPPP/R2QKB1R w KQ - 3 9,d8d7
44,EulerE,Firecaa1_1,886,864,r1b2rk1/pp1q1ppp/2n1pn2/1N1pB3/1bPP4/8/PP1NPPPP/R2QKB1R b KQ - 4 9,c7e5
44,EulerE,Firecaa1_1,886,864,r1b2rk1/1p1q1ppp/p1n1pn2/1N1pB3/1bPP4/8/PP1NPPPP/R2QKB1R w KQ - 0 10,a7a6
44,EulerE,Firecaa1_1,886,864,r1b2rk1/1p1q1ppp/p1n1pB2/1N1p4/1bPP4/8/PP1NPPPP/R2QKB1R b KQ - 0 10,e5f6
44,EulerE,Firecaa1_1,886,864,r1b2rk1/1p1q1ppp/2n1pB2/1p1p4/1bPP4/8/PP1NPPPP/R2QKB1R w KQ - 0 11,a6b5
44,EulerE,Firecaa1_1,886,864,r1b2rk1/1p1q1ppp/2n1p3/1p1p2B1/1bPP4/8/PP1NPPPP/R2QKB1R b KQ - 1 11,f6g5
44,EulerE,Firecaa1_1,886,864,r1b2rk1/1p1q1pp1/2n1p2p/1p1p2B1/1bPP4/8/PP1NPPPP/R2QKB1R w KQ - 0 12,h7h6
44,EulerE,Firecaa1_1,886,864,r1b2rk1/1p1q1pp1/2n1p2p/1p1p4/1bPP1B2/8/PP1NPPPP/R2QKB1R b KQ - 1 12,g5f4
44,EulerE,Firecaa1_1,886,864,r1b1r1k1/1p1q1pp1/2n1p2p/1p1p4/1bPP1B2/8/PP1NPPPP/R2QKB1R w KQ - 2 13,f8e8
44,EulerE,Firecaa1_1,886,864,r1b1r1k1/1p1q1pp1/2n1p2p/1p1p4/1bPP1B2/1Q6/PP1NPPPP/R3KB1R b KQ - 3 13,d1b3
44,EulerE,Firecaa1_1,886,864,r1b1r1k1/1p1q1pp1/2n1p2p/1p6/1bpP1B2/1Q6/PP1NPPPP/R3KB1R w KQ - 0 14,d5c4
44,EulerE,Firecaa1_1,886,864,r1b1r1k1/1p1q1pp1/2n1p2p/1p6/1bpP1B2/8/PPQNPPPP/R3KB1R b KQ - 1 14,b3c2
44,EulerE,Firecaa1_1,886,864,r1b1r1k1/1p1q1pp1/4p2p/1p6/1bpn1B2/8/PPQNPPPP/R3KB1R w KQ - 0 15,c6d4
44,EulerE,Firecaa1_1,886,864,r1b1r1k1/1p1q1pp1/4p2p/1p6/1bpnQB2/8/PP1NPPPP/R3KB1R b KQ - 1 15,c2e4
44,EulerE,Firecaa1_1,886,864,r1b1r1k1/1p1q1pp1/4p2p/1p6/2pnQB2/8/PP1bPPPP/R3KB1R w KQ - 0 16,b4d2
44,EulerE,Firecaa1_1,886,864,r1b1r1k1/1p1q1pp1/4p2p/1p6/2pnQ3/8/PP1BPPPP/R3KB1R b KQ - 0 16,f4d2
44,EulerE,Firecaa1_1,886,864,r1b1r1k1/1p1q1pp1/7p/1p2p3/2pnQ3/8/PP1BPPPP/R3KB1R w KQ - 0 17,e6e5
44,EulerE,Firecaa1_1,886,864,r1b1r1k1/1p1q1pp1/7p/1p2p3/2pnQ3/8/PP1BPPPP/2KR1B1R b - - 1 17,e1c1
44,EulerE,Firecaa1_1,886,864,2b1r1k1/1p1q1pp1/7p/1p2p3/2pnQ3/8/rP1BPPPP/2KR1B1R w - - 0 18,a8a2
44,EulerE,Firecaa1_1,886,864,2b1r1k1/1p1q1pp1/7p/1p2p3/2pnQ3/4B3/rP2PPPP/2KR1B1R b - - 1 18,d2e3
44,EulerE,Firecaa1_1,886,864,2b1r1k1/1p1q1pp1/7p/1p2p3/2pnQ3/4B3/1P2PPPP/r1KR1B1R w - - 2 19,a2a1
44,EulerE,Firecaa1_1,886,864,2b1r1k1/1p1q1pp1/7p/1p2p3/2pnQ3/4B3/1P1KPPPP/r2R1B1R b - - 3 19,c1d2
44,EulerE,Firecaa1_1,886,864,2b1r1k1/1p1q1pp1/7p/1p2p3/2p1Q3/1n2B3/1P1KPPPP/r2R1B1R w - - 4 20,d4b3
44,EulerE,Firecaa1_1,886,864,2b1r1k1/1p1q1pp1/7p/1p2p3/2p1Q3/1n2B3/1PK1PPPP/r2R1B1R b - - 5 20,d2c2
44,EulerE,Firecaa1_1,886,864,2b1r1k1/1p1q1pp1/7p/1p2p3/2p1Q3/1n2B3/1PK1PPPP/3r1B1R w - - 0 21,a1d1
44,EulerE,Firecaa1_1,886,864,2b1r1k1/1p1q1pp1/7p/1p2p3/2p1Q3/1n2B1P1/1PK1PP1P/3r1B1R b - - 0 21,g2g3
44,EulerE,Firecaa1_1,886,864,2b1r1k1/1p1q1pp1/7p/1p2p3/2p1Q3/1n2B1P1/1PK1PP1P/2r2B1R w - - 1 22,d1c1
44,EulerE,Firecaa1_1,886,864,2b1r1k1/1p1q1pp1/7p/1p2p3/2p1Q3/1n4P1/1PK1PP1P/2B2B1R b - - 0 22,e3c1
44,EulerE,Firecaa1_1,886,864,2b1r1k1/1p1q2p1/7p/1p2pp2/2p1Q3/1n4P1/1PK1PP1P/2B2B1R w - - 0 23,f7f5
44,EulerE,Firecaa1_1,886,864,2b1r1k1/1p1q2p1/7p/1p2pp2/2p5/1n3QP1/1PK1PP1P/2B2B1R b - - 1 23,e4f3
44,EulerE,Firecaa1_1,886,864,2b1r1k1/1p1q2p1/7p/1p2pp2/2pn4/5QP1/1PK1PP1P/2B2B1R w - - 2 24,b3d4
44,EulerE,Firecaa1_1,886,864,2b1r1k1/1p1q2p1/7p/1p2pp2/2pn4/2K2QP1/1P2PP1P/2B2B1R b - - 3 24,c2c3
44,EulerE,Firecaa1_1,886,864,2b1r1k1/1p1q2p1/7p/1p2pp2/2p5/2K2nP1/1P2PP1P/2B2B1R w - - 0 25,d4f3
44,EulerE,Firecaa1_1,886,864,2b1r1k1/1p1q2p1/7B/1p2pp2/2p5/2K2nP1/1P2PP1P/5B1R b - - 0 25,c1h6
44,EulerE,Firecaa1_1,886,864,2b1r1k1/1p4p1/7B/1p2pp2/2pq4/2K2nP1/1P2PP1P/5B1R w - - 1 26,d7d4
44,EulerE,Firecaa1_1,886,864,2b1r1k1/1p4p1/7B/1p2pp2/1Kpq4/5nP1/1P2PP1P/5B1R b - - 2 26,c3b4
44,EulerE,Firecaa1_1,886,864,2b1r1k1/1p4p1/3q3B/1p2pp2/1Kp5/5nP1/1P2PP1P/5B1R w - - 3 27,d4d6
44,EulerE,Firecaa1_1,886,864,2b1r1k1/1p4p1/3q3B/1K2pp2/2p5/5nP1/1P2PP1P/5B1R b - - 0 27,b4b5
44,EulerE,Firecaa1_1,886,864,2b1r1k1/1p4p1/3q3B/1K2pp2/2pn4/6P1/1P2PP1P/5B1R w - - 1 28,f3d4
44,EulerE,Firecaa1_1,886,864,2b1r1k1/1p4p1/3q3B/4pp2/2Kn4/6P1/1P2PP1P/5B1R b - - 0 28,b5c4
44,EulerE,Firecaa1_1,886,864,2b1r1k1/1p6/3q3p/4pp2/2Kn4/6P1/1P2PP1P/5B1R w - - 0 29,g7h6
44,EulerE,Firecaa1_1,886,864,2b1r1k1/1p6/3q3p/4pp2/2Kn4/6P1/1P2PPBP/7R b - - 1 29,f1g2
44,EulerE,Firecaa1_1,886,864,2b1r1k1/1p6/3q3p/4pp2/2K5/6P1/1P2nPBP/7R w - - 0 30,d4e2
44,EulerE,Firecaa1_1,886,864,2b1r1k1/1p6/3q3p/3Bpp2/2K5/6P1/1P2nP1P/7R b - - 1 30,g2d5
44,EulerE,Firecaa1_1,886,864,2b1r3/1p5k/3q3p/3Bpp2/2K5/6P1/1P2nP1P/7R w - - 2 31,g8h7
44,EulerE,Firecaa1_1,886,864,2b1r3/1p5k/3q3p/3Bpp2/2K5/6P1/1P2nP1P/3R4 b - - 3 31,h1d1
44,EulerE,Firecaa1_1,886,864,2b1r3/1pq4k/7p/3Bpp2/2K5/6P1/1P2nP1P/3R4 w - - 4 32,d6c7
44,EulerE,Firecaa1_1,886,864,2b1r3/1pq4k/7p/3Bpp2/8/3K2P1/1P2nP1P/3R4 b - - 5 32,c4d3
44,EulerE,Firecaa1_1,886,864,2b1r3/1pq4k/7p/3B1p2/4p3/3K2P1/1P2nP1P/3R4 w - - 0 33,e5e4
44,EulerE,Firecaa1_1,886,864,2b1r3/1pq4k/7p/3B1p2/4p3/6P1/1P2KP1P/3R4 b - - 0 33,d3e2
44,EulerE,Firecaa1_1,886,864,2b1r3/1p5k/7p/3B1p2/4p3/6P1/1Pq1KP1P/3R4 w - - 1 34,c7c2
44,EulerE,Firecaa1_1,886,864,2b1r3/1p5k/7p/3B1p2/4p3/6P1/1Pq2P1P/3RK3 b - - 2 34,e2e1
44,EulerE,Firecaa1_1,886,864,2b1r3/1p5k/7p/3B1p2/4p3/2q3P1/1P3P1P/3RK3 w - - 3 35,c2c3
44,EulerE,Firecaa1_1,886,864,2b1r3/1p5k/7p/3B1p2/4p3/2q3P1/1P1R1P1P/4K3 b - - 4 35,d1d2
44,EulerE,Firecaa1_1,886,864,2b1r3/1p5k/7p/3B1p2/4p3/6P1/1P1R1P1P/2q1K3 w - - 5 36,c3c1
44,EulerE,Firecaa1_1,886,864,2b1r3/1p5k/7p/3B1p2/4p3/6P1/1P3P1P/2qRK3 b - - 6 36,d2d1
44,EulerE,Firecaa1_1,886,864,2b1r3/1p5k/7p/3B1p2/4p3/6P1/1q3P1P/3RK3 w - - 0 37,c1b2
44,EulerE,Firecaa1_1,886,864,2b1r3/1p3B1k/7p/5p2/4p3/6P1/1q3P1P/3RK3 b - - 1 37,d5f7
44,EulerE,Firecaa1_1,886,864,2b5/1p3B1k/7p/4rp2/4p3/6P1/1q3P1P/3RK3 w - - 2 38,e8e5
44,EulerE,Firecaa1_1,886,864,2b5/1p3B1k/7p/4rp2/4pP2/6P1/1q5P/3RK3 b - f3 0 38,f2f4
44,EulerE,Firecaa1_1,886,864,2b5/1p3B1k/7p/2r2p2/4pP2/6P1/1q5P/3RK3 w - - 1 39,e5c5
44,EulerE,Firecaa1_1,886,864,2b5/1p3B1k/3R3p/2r2p2/4pP2/6P1/1q5P/4K3 b - - 2 39,d1d6
44,EulerE,Firecaa1_1,886,864,2b5/1p3B1k/3R3p/5p2/4pP2/6P1/1q5P/2r1K3 w - - 3 40,c5c1
44,EulerE,Firecaa1_1,886,864,2b5/1p3B1k/7p/5p2/4pP2/6P1/1q5P/2rRK3 b - - 4 40,d6d1
44,EulerE,Firecaa1_1,886,864,2b5/1p3B1k/7p/5p2/1q2pP2/6P1/7P/2rRK3 w - - 5 41,b2b4
44,EulerE,Firecaa1_1,886,864,2b5/1p3B1k/7p/5p2/1q2pP2/6P1/4K2P/2rR4 b - - 6 41,e1e2
44,EulerE,Firecaa1_1,886,864,2b5/1p3B1k/7p/1q3p2/4pP2/6P1/4K2P/2rR4 w - - 7 42,b4b5
44,EulerE,Firecaa1_1,886,864,2b5/1p3B1k/7p/1q3p2/4pP2/6P1/7P/2rRK3 b - - 8 42,e2e1
44,EulerE,Firecaa1_1,886,864,2b5/1p3B1k/7p/5p2/4pP2/3q2P1/7P/2rRK3 w - - 9 43,b5d3
44,EulerE,Firecaa1_1,886,864,2b5/1p3B1k/7p/5p2/4pP2/3q2P1/7P/2R1K3 b - - 0 43,d1c1
44,EulerE,Firecaa1_1,886,864,2b5/1p3B1k/7p/5p2/4pP2/4q1P1/7P/2R1K3 w - - 1 44,d3e3
44,EulerE,Firecaa1_1,886,864,2b5/1p3B1k/7p/5p2/4pP2/4q1P1/7P/2RK4 b - - 2 44,e1d1
44,EulerE,Firecaa1_1,886,864,2b5/1p3B1k/7p/5p2/4pP2/6P1/7P/2RK2q1 w - - 3 45,e3g1
44,EulerE,Firecaa1_1,886,864,2b5/1p3B1k/7p/5p2/4pP2/6P1/2K4P/2R3q1 b - - 4 45,d1c2
44,EulerE,Firecaa1_1,886,864,2b5/1p3B1k/7p/5p2/4pP2/4q1P1/2K4P/2R5 w - - 5 46,g1e3
44,EulerE,Firecaa1_1,886,864,2b5/1p3B1k/7p/5p2/4pP2/4q1P1/7P/2RK4 b - - 6 46,c2d1
44,EulerE,Firecaa1_1,886,864,2b5/5B1k/7p/1p3p2/4pP2/4q1P1/7P/2RK4 w - - 0 47,b7b5
44,EulerE,Firecaa1_1,886,864,2R5/5B1k/7p/1p3p2/4pP2/4q1P1/7P/3K4 b - - 0 47,c1c8
44,EulerE,Firecaa1_1,886,864,2R5/5B1k/7p/5p2/1p2pP2/4q1P1/7P/3K4 w - - 0 48,b5b4
44,EulerE,Firecaa1_1,886,864,2R3B1/7k/7p/5p2/1p2pP2/4q1P1/7P/3K4 b - - 1 48,f7g8
44,EulerE,Firecaa1_1,886,864,2R3B1/6k1/7p/5p2/1p2pP2/4q1P1/7P/3K4 w - - 2 49,h7g7
44,EulerE,Firecaa1_1,886,864,2R5/6k1/4B2p/5p2/1p2pP2/4q1P1/7P/3K4 b - - 3 49,g8e6
44,EulerE,Firecaa1_1,886,864,2R5/8/4Bk1p/5p2/1p2pP2/4q1P1/7P/3K4 w - - 4 50,g7f6
44,EulerE,Firecaa1_1,886,864,4R3/8/4Bk1p/5p2/1p2pP2/4q1P1/7P/3K4 b - - 5 50,c8e8
44,EulerE,Firecaa1_1,886,864,4R3/8/4Bk1p/5p2/4pP2/1p2q1P1/7P/3K4 w - - 0 51,b4b3
44,EulerE,Firecaa1_1,886,864,4R3/8/5k1p/5p2/4pP2/1B2q1P1/7P/3K4 b - - 0 51,e6b3
44,EulerE,Firecaa1_1,886,864,4R3/8/5k1p/5p2/4pP2/1q4P1/7P/3K4 w - - 0 52,e3b3
44,EulerE,Firecaa1_1,886,864,4R3/8/5k1p/5p2/4pP2/1q4P1/7P/2K5 b - - 1 52,d1c1
44,EulerE,Firecaa1_1,886,864,4R3/8/5k1p/5p2/5P2/1q2p1P1/7P/2K5 w - - 0 53,e4e3
44,EulerE,Firecaa1_1,886,864,4R3/8/5k1p/5p2/5P1P/1q2p1P1/8/2K5 b - - 0 53,h2h4
44,EulerE,Firecaa1_1,886,864,4R3/8/5k1p/5p2/2q2P1P/4p1P1/8/2K5 w - - 1 54,b3c4
44,EulerE,Firecaa1_1,886,864,4R3/8/5k1p/5p2/2q2P1P/4p1P1/8/3K4 b - - 2 54,c1d1
44,EulerE,Firecaa1_1,886,864,4R3/8/5k1p/5p2/2q2P1P/6P1/4p3/3K4 w - - 0 55,e3e2
44,EulerE,Firecaa1_1,886,864,4R3/8/5k1p/5p2/2q2P1P/6P1/4p3/4K3 b - - 1 55,d1e1
44,EulerE,Firecaa1_1,886,864,4R3/8/5k1p/5p2/5P1P/3q2P1/4p3/4K3 w - - 2 56,c4d3
44,EulerE,Firecaa1_1,886,864,7R/8/5k1p/5p2/5P1P/3q2P1/4p3/4K3 b - - 3 56,e8h8
44,EulerE,Firecaa1_1,886,864,7R/8/5k1p/5p2/5P1P/6P1/4p3/3qK3 w - - 4 57,d3d1
44,EulerE,Firecaa1_1,886,864,7R/8/5k1p/5p2/5P1P/6P1/4pK2/3q4 b - - 5 57,e1f2
44,EulerE,Firecaa1_1,886,864,7R/8/5k1p/5p2/5P1P/6P1/5K2/3qq3 w - - 0 58,e2e1q
44,EulerE,Firecaa1_1,886,864,7R/8/5k1p/5p2/5P1P/6P1/6K1/3qq3 b - - 1 58,f2g2
44,EulerE,Firecaa1_1,886,864,7R/8/5k1p/5p2/5P1P/3q2P1/6K1/4q3 w - - 2 59,d1d3
44,EulerE,Firecaa1_1,886,864,5R2/8/5k1p/5p2/5P1P/3q2P1/6K1/4q3 b - - 3 59,h8f8
44,EulerE,Firecaa1_1,886,864,5R2/6k1/7p/5p2/5P1P/3q2P1/6K1/4q3 w - - 4 60,f6g7
44,EulerE,Firecaa1_1,886,864,R7/6k1/7p/5p2/5P1P/3q2P1/6K1/4q3 b - - 5 60,f8a8
44,EulerE,Firecaa1_1,886,864,R7/6k1/7p/5p2/5P1P/6P1/6K1/4qq2 w - - 6 61,d3f1
44,EulerE,Firecaa1_1,886,864,R7/6k1/7p/5p2/5P1P/6P1/7K/4qq2 b - - 7 61,g2h2
44,EulerE,Firecaa1_1,886,864,R7/6k1/7p/5p2/5P1P/6P1/5q1K/5q2 w - - 8 62,e1f2
45,EulerE,AlpineShepherd,895,918,rnbqkbnr/pppppppp/8/8/3P4/8/PPP1PPPP/RNBQKBNR b KQkq - 0 1,d2d4
45,EulerE,AlpineShepherd,895,918,rnbqkb1r/pppppppp/5n2/8/3P4/8/PPP1PPPP/RNBQKBNR w KQkq - 1 2,g8f6
45,EulerE,AlpineShepherd,895,918,rnbqkb1r/pppppppp/5n2/8/2PP4/8/PP2PPPP/RNBQKBNR b KQkq - 0 2,c2c4
45,EulerE,AlpineShepherd,895,918,rnbqkb1r/pppppp1p/5np1/8/2PP4/8/PP2PPPP/RNBQKBNR w KQkq - 0 3,g7g6
45,EulerE,AlpineShepherd,895,918,rnbqkb1r/pppppp1p/5np1/8/2PP4/4P3/PP3PPP/RNBQKBNR b KQkq - 0 3,e2e3
45,EulerE,AlpineShepherd,895,918,rnbqk2r/ppppppbp/5np1/8/2PP4/4P3/PP3PPP/RNBQKBNR w KQkq - 1 4,f8g7
45,EulerE,AlpineShepherd,895,918,rnbqk2r/ppppppbp/5np1/8/2PP4/4PN2/PP3PPP/RNBQKB1R b KQkq - 2 4,g1f3
45,EulerE,AlpineShepherd,895,918,rnbqk2r/ppp1ppbp/3p1np1/8/2PP4/4PN2/PP3PPP/RNBQKB1R w KQkq - 0 5,d7d6
45,EulerE,AlpineShepherd,895,918,rnbqk2r/ppp1ppbp/3p1np1/3P4/2P5/4PN2/PP3PPP/RNBQKB1R b KQkq - 0 5,d4d5
45,EulerE,AlpineShepherd,895,918,rn1qk2r/ppp1ppbp/3p1np1/3P4/2P3b1/4PN2/PP3PPP/RNBQKB1R w KQkq - 1 6,c8g4
45,EulerE,AlpineShepherd,895,918,rn1qk2r/ppp1ppbp/3p1np1/3P4/2P3b1/2N1PN2/PP3PPP/R1BQKB1R b KQkq - 2 6,b1c3
45,EulerE,AlpineShepherd,895,918,rn1q1rk1/ppp1ppbp/3p1np1/3P4/2P3b1/2N1PN2/PP3PPP/R1BQKB1R w KQ - 3 7,e8g8
45,EulerE,AlpineShepherd,895,918,rn1q1rk1/ppp1ppbp/3p1np1/3P4/2P3b1/2NBPN2/PP3PPP/R1BQK2R b KQ - 4 7,f1d3
45,EulerE,AlpineShepherd,895,918,rn1q1rk1/pp2ppbp/3p1np1/2pP4/2P3b1/2NBPN2/PP3PPP/R1BQK2R w KQ c6 0 8,c7c5
45,EulerE,AlpineShepherd,895,918,rn1q1rk1/pp2ppbp/3p1np1/2pP4/2P3b1/2NBPN2/PP3PPP/R1BQ1RK1 b - - 1 8,e1g1
45,EulerE,AlpineShepherd,895,918,r2q1rk1/pp2ppbp/n2p1np1/2pP4/2P3b1/2NBPN2/PP3PPP/R1BQ1RK1 w - - 2 9,b8a6
45,EulerE,AlpineShepherd,895,918,r2q1rk1/pp2ppbp/n2p1np1/2pP4/2P3b1/2NBPN1P/PP3PP1/R1BQ1RK1 b - - 0 9,h2h3
45,EulerE,AlpineShepherd,895,918,r2q1rk1/pp2ppbp/n2p1np1/2pP1b2/2P5/2NBPN1P/PP3PP1/R1BQ1RK1 w - - 1 10,g4f5
45,EulerE,AlpineShepherd,895,918,r2q1rk1/pp2ppbp/n2p1np1/2pP1B2/2P5/2N1PN1P/PP3PP1/R1BQ1RK1 b - - 0 10,d3f5
45,EulerE,AlpineShepherd,895,918,r2q1rk1/pp2ppbp/n2p1n2/2pP1p2/2P5/2N1PN1P/PP3PP1/R1BQ1RK1 w - - 0 11,g6f5
45,EulerE,AlpineShepherd,895,918,r2q1rk1/pp2ppbp/n2p1n2/2pP1p2/2P5/P1N1PN1P/1P3PP1/R1BQ1RK1 b - - 0 11,a2a3
45,EulerE,AlpineShepherd,895,918,r2q1rk1/pp2ppbp/n2p4/2pP1p2/2P1n3/P1N1PN1P/1P3PP1/R1BQ1RK1 w - - 1 12,f6e4
45,EulerE,AlpineShepherd,895,918,r2q1rk1/pp2ppbp/n2p4/2pP1p2/2P1N3/P3PN1P/1P3PP1/R1BQ1RK1 b - - 0 12,c3e4
45,EulerE,AlpineShepherd,895,918,r2q1rk1/pp2ppbp/n2p4/2pP4/2P1p3/P3PN1P/1P3PP1/R1BQ1RK1 w - - 0 13,f5e4
45,EulerE,AlpineShepherd,895,918,r2q1rk1/pp2ppbp/n2p4/2pP2N1/2P1p3/P3P2P/1P3PP1/R1BQ1RK1 b - - 1 13,f3g5
45,EulerE,AlpineShepherd,895,918,r4rk1/pp2ppbp/nq1p4/2pP2N1/2P1p3/P3P2P/1P3PP1/R1BQ1RK1 w - - 2 14,d8b6
45,EulerE,AlpineShepherd,895,918,r4rk1/pp2ppbp/nq1p4/2pP2NQ/2P1p3/P3P2P/1P3PP1/R1B2RK1 b - - 3 14,d1h5
45,EulerE,AlpineShepherd,895,918,r4rk1/pp2pp1p/nq1p4/2pP2NQ/2P1p3/P3P2P/1b3PP1/R1B2RK1 w - - 0 15,g7b2
45,EulerE,AlpineShepherd,895,918,r4rk1/pp2pp1Q/nq1p4/2pP2N1/2P1p3/P3P2P/1b3PP1/R1B2RK1 b - - 0 15,h5h7
46,andrey4421,EulerE,921,887,rnbqkbnr/pppppppp/8/8/4P3/8/PPPP1PPP/RNBQKBNR b KQkq - 0 1,e2e4
46,andrey4421,EulerE,921,887,rnbqkbnr/pppp1ppp/8/4p3/4P3/8/PPPP1PPP/RNBQKBNR w KQkq - 0 2,e7e5
46,andrey4421,EulerE,921,887,rnbqkbnr/pppp1ppp/8/4p3/4P3/5N2/PPPP1PPP/RNBQKB1R b KQkq - 1 2,g1f3
46,andrey4421,EulerE,921,887,r1bqkbnr/pppp1ppp/2n5/4p3/4P3/5N2/PPPP1PPP/RNBQKB1R w KQkq - 2 3,b8c6
46,andrey4421,EulerE,921,887,r1bqkbnr/pppp1ppp/2n5/4p3/2B1P3/5N2/PPPP1PPP/RNBQK2R b KQkq - 3 3,f1c4
46,andrey4421,EulerE,921,887,r1bqkbnr/p1pp1ppp/1pn5/4p3/2B1P3/5N2/PPPP1PPP/RNBQK2R w KQkq - 0 4,b7b6
46,andrey4421,EulerE,921,887,r1bqkbnr/p1pp1ppp/1pn5/4p3/2B1P3/P4N2/1PPP1PPP/RNBQK2R b KQkq - 0 4,a2a3
46,andrey4421,EulerE,921,887,r2qkbnr/pbpp1ppp/1pn5/4p3/2B1P3/P4N2/1PPP1PPP/RNBQK2R w KQkq - 1 5,c8b7
46,andrey4421,EulerE,921,887,r2qkbnr/pbpp1ppp/1pn5/4p3/2B1P3/P1N2N2/1PPP1PPP/R1BQK2R b KQkq - 2 5,b1c3
46,andrey4421,EulerE,921,887,r2qkb1r/pbpp1ppp/1pn4n/4p3/2B1P3/P1N2N2/1PPP1PPP/R1BQK2R w KQkq - 3 6,g8h6
46,andrey4421,EulerE,921,887,r2qkb1r/pbpp1ppp/1pn4n/4p3/2B1P3/P1N2N1P/1PPP1PP1/R1BQK2R b KQkq - 0 6,h2h3
46,andrey4421,EulerE,921,887,r2qk2r/pbpp1ppp/1pnb3n/4p3/2B1P3/P1N2N1P/1PPP1PP1/R1BQK2R w KQkq - 1 7,f8d6
46,andrey4421,EulerE,921,887,r2qk2r/pbpp1ppp/1pnb3n/4p3/2B1P3/P1NP1N1P/1PP2PP1/R1BQK2R b KQkq - 0 7,d2d3
46,andrey4421,EulerE,921,887,r2q1rk1/pbpp1ppp/1pnb3n/4p3/2B1P3/P1NP1N1P/1PP2PP1/R1BQK2R w KQ - 1 8,e8g8
46,andrey4421,EulerE,921,887,r2q1rk1/pbpp1ppp/1pnb3B/4p3/2B1P3/P1NP1N1P/1PP2PP1/R2QK2R b KQ - 0 8,c1h6
46,andrey4421,EulerE,921,887,r2q1rk1/pbpp1p1p/1pnb3p/4p3/2B1P3/P1NP1N1P/1PP2PP1/R2QK2R w KQ - 0 9,g7h6
46,andrey4421,EulerE,921,887,r2q1rk1/pbpp1p1p/1pnb3p/4p3/2B1P3/P1NP1N1P/1PP2PP1/R2Q1RK1 b - - 1 9,e1g1
46,andrey4421,EulerE,921,887,r2q1rk1/pbpp1p1p/1p1b3p/4p3/2BnP3/P1NP1N1P/1PP2PP1/R2Q1RK1 w - - 2 10,c6d4
46,andrey4421,EulerE,921,887,r2q1rk1/pbpp1p1p/1p1b3p/4p3/1PBnP3/P1NP1N1P/2P2PP1/R2Q1RK1 b - - 0 10,b2b4
46,andrey4421,EulerE,921,887,r2q1rk1/pbpp1p1p/1p1b3p/4p3/1PB1P3/P1NP1n1P/2P2PP1/R2Q1RK1 w - - 0 11,d4f3
46,andrey4421,EulerE,921,887,r2q1rk1/pbpp1p1p/1p1b3p/4p3/1PB1P3/P1NP1Q1P/2P2PP1/R4RK1 b - - 0 11,d1f3
46,andrey4421,EulerE,921,887,r2qr1k1/pbpp1p1p/1p1b3p/4p3/1PB1P3/P1NP1Q1P/2P2PP1/R4RK1 w - - 1 12,f8e8
46,andrey4421,EulerE,921,887,r2qr1k1/pbpp1p1p/1p1b3p/3Np3/1PB1P3/P2P1Q1P/2P2PP1/R4RK1 b - - 2 12,c3d5
46,andrey4421,EulerE,921,887,r2qr1k1/pb1p1p1p/1ppb3p/3Np3/1PB1P3/P2P1Q1P/2P2PP1/R4RK1 w - - 0 13,c7c6
46,andrey4421,EulerE,921,887,r2qr1k1/pb1p1p1p/1ppb1N1p/4p3/1PB1P3/P2P1Q1P/2P2PP1/R4RK1 b - - 1 13,d5f6
46,andrey4421,EulerE,921,887,r2qr2k/pb1p1p1p/1ppb1N1p/4p3/1PB1P3/P2P1Q1P/2P2PP1/R4RK1 w - - 2 14,g8h8
46,andrey4421,EulerE,921,887,r2qN2k/pb1p1p1p/1ppb3p/4p3/1PB1P3/P2P1Q1P/2P2PP1/R4RK1 b - - 0 14,f6e8
46,andrey4421,EulerE,921,887,r3q2k/pb1p1p1p/1ppb3p/4p3/1PB1P3/P2P1Q1P/2P2PP1/R4RK1 w - - 0 15,d8e8
46,andrey4421,EulerE,921,887,r3q2k/pb1p1p1p/1ppb1Q1p/4p3/1PB1P3/P2P3P/2P2PP1/R4RK1 b - - 1 15,f3f6
46,andrey4421,EulerE,921,887,r3q1k1/pb1p1p1p/1ppb1Q1p/4p3/1PB1P3/P2P3P/2P2PP1/R4RK1 w - - 2 16,h8g8
46,andrey4421,EulerE,921,887,r3q1k1/pb1p1p1p/1ppQ3p/4p3/1PB1P3/P2P3P/2P2PP1/R4RK1 b - - 0 16,f6d6
46,andrey4421,EulerE,921,887,r1b1q1k1/p2p1p1p/1ppQ3p/4p3/1PB1P3/P2P3P/2P2PP1/R4RK1 w - - 1 17,b7c8
46,andrey4421,EulerE,921,887,r1b1q1k1/p2p1p1p/1pp4Q/4p3/1PB1P3/P2P3P/2P2PP1/R4RK1 b - - 0 17,d6h6
46,andrey4421,EulerE,921,887,r1b1q1k1/p2p1p1p/2p4Q/1p2p3/1PB1P3/P2P3P/2P2PP1/R4RK1 w - - 0 18,b6b5
46,andrey4421,EulerE,921,887,r1b1q1k1/p2p1p1p/2p4Q/1p2p3/1P2P3/PB1P3P/2P2PP1/R4RK1 b - - 1 18,c4b3
46,andrey4421,EulerE,921,887,r1b2qk1/p2p1p1p/2p4Q/1p2p3/1P2P3/PB1P3P/2P2PP1/R4RK1 w - - 2 19,e8f8
46,andrey4421,EulerE,921,887,r1b2qk1/p2p1p1p/2p5/1p2p1Q1/1P2P3/PB1P3P/2P2PP1/R4RK1 b - - 3 19,h6g5
46,andrey4421,EulerE,921,887,r1b3k1/p2p1pqp/2p5/1p2p1Q1/1P2P3/PB1P3P/2P2PP1/R4RK1 w - - 4 20,f8g7
46,andrey4421,EulerE,921,887,r1b3k1/p2p1pQp/2p5/1p2p3/1P2P3/PB1P3P/2P2PP1/R4RK1 b - - 0 20,g5g7
46,andrey4421,EulerE,921,887,r1b5/p2p1pkp/2p5/1p2p3/1P2P3/PB1P3P/2P2PP1/R4RK1 w - - 0 21,g8g7
46,andrey4421,EulerE,921,887,r1b5/p2p1pkp/2p5/1p2p3/1P2PP2/PB1P3P/2P3P1/R4RK1 b - - 0 21,f2f4
46,andrey4421,EulerE,921,887,r1b5/p4pkp/2pp4/1p2p3/1P2PP2/PB1P3P/2P3P1/R4RK1 w - - 0 22,d7d6
46,andrey4421,EulerE,921,887,r1b5/p4pkp/2pp4/1p2P3/1P2P3/PB1P3P/2P3P1/R4RK1 b - - 0 22,f4e5
46,andrey4421,EulerE,921,887,r7/p2b1pkp/2pp4/1p2P3/1P2P3/PB1P3P/2P3P1/R4RK1 w - - 1 23,c8d7
46,andrey4421,EulerE,921,887,r7/p2b1Rkp/2pp4/1p2P3/1P2P3/PB1P3P/2P3P1/R5K1 b - - 0 23,f1f7
47,orletskyy,EulerE,872,895,rnbqkbnr/pppppppp/8/8/4P3/8/PPPP1PPP/RNBQKBNR b KQkq - 0 1,e2e4
47,orletskyy,EulerE,872,895,rnbqkbnr/pppp1ppp/8/4p3/4P3/8/PPPP1PPP/RNBQKBNR w KQkq - 0 2,e7e5
47,orletskyy,EulerE,872,895,rnbqkbnr/pppp1ppp/8/4p3/4P3/2N5/PPPP1PPP/R1BQKBNR b KQkq - 1 2,b1c3
47,orletskyy,EulerE,872,895,rnbqkbnr/pppp1p1p/6p1/4p3/4P3/2N5/PPPP1PPP/R1BQKBNR w KQkq - 0 3,g7g6
47,orletskyy,EulerE,872,895,rnbqkbnr/pppp1p1p/6p1/4p3/4P3/2N2N2/PPPP1PPP/R1BQKB1R b KQkq - 1 3,g1f3
47,orletskyy,EulerE,872,895,rnbqk1nr/pppp1pbp/6p1/4p3/4P3/2N2N2/PPPP1PPP/R1BQKB1R w KQkq - 2 4,f8g7
47,orletskyy,EulerE,872,895,rnbqk1nr/pppp1pbp/6p1/4p3/3PP3/2N2N2/PPP2PPP/R1BQKB1R b KQkq - 0 4,d2d4
47,orletskyy,EulerE,872,895,r1bqk1nr/pppp1pbp/2n3p1/4p3/3PP3/2N2N2/PPP2PPP/R1BQKB1R w KQkq - 1 5,b8c6
47,orletskyy,EulerE,872,895,r1bqk1nr/pppp1pbp/2n3p1/4p1B1/3PP3/2N2N2/PPP2PPP/R2QKB1R b KQkq - 2 5,c1g5
47,orletskyy,EulerE,872,895,r1bqk2r/pppp1pbp/2n2np1/4p1B1/3PP3/2N2N2/PPP2PPP/R2QKB1R w KQkq - 3 6,g8f6
47,orletskyy,EulerE,872,895,r1bqk2r/pppp1pbp/2n2np1/1B2p1B1/3PP3/2N2N2/PPP2PPP/R2QK2R b KQkq - 4 6,f1b5
47,orletskyy,EulerE,872,895,r1bqk2r/pppp1pb1/2n2npp/1B2p1B1/3PP3/2N2N2/PPP2PPP/R2QK2R w KQkq - 0 7,h7h6
47,orletskyy,EulerE,872,895,r1bqk2r/pppp1pb1/2n2npp/1B2P1B1/4P3/2N2N2/PPP2PPP/R2QK2R b KQkq - 0 7,d4e5
47,orletskyy,EulerE,872,895,r1bqk2r/pppp1pb1/2n2np1/1B2P1p1/4P3/2N2N2/PPP2PPP/R2QK2R w KQkq - 0 8,h6g5
47,orletskyy,EulerE,872,895,r1bqk2r/pppp1pb1/2n2Pp1/1B4p1/4P3/2N2N2/PPP2PPP/R2QK2R b KQkq - 0 8,e5f6
47,orletskyy,EulerE,872,895,r1b1k2r/pppp1pb1/2n2qp1/1B4p1/4P3/2N2N2/PPP2PPP/R2QK2R w KQkq - 0 9,d8f6
47,orletskyy,EulerE,872,895,r1b1k2r/pppp1pb1/2n2qp1/1B4p1/4P3/2N2N2/PPP2PPP/R2Q1RK1 b kq - 1 9,e1g1
47,orletskyy,EulerE,872,895,r1b1k2r/ppp2pb1/2np1qp1/1B4p1/4P3/2N2N2/PPP2PPP/R2Q1RK1 w kq - 0 10,d7d6
47,orletskyy,EulerE,872,895,r1b1k2r/ppp2pb1/2np1qp1/1B4p1/4P3/2N2N2/PPP2PPP/R2QR1K1 b kq - 1 10,f1e1
47,orletskyy,EulerE,872,895,r3k2r/ppp2pb1/2np1qp1/1B4p1/4P1b1/2N2N2/PPP2PPP/R2QR1K1 w kq - 2 11,c8g4
47,orletskyy,EulerE,872,895,r3k2r/ppp2pb1/2np1qp1/1B4p1/4P1b1/2NQ1N2/PPP2PPP/R3R1K1 b kq - 3 11,d1d3
47,orletskyy,EulerE,872,895,r3k2r/1pp2pb1/p1np1qp1/1B4p1/4P1b1/2NQ1N2/PPP2PPP/R3R1K1 w kq - 0 12,a7a6
47,orletskyy,EulerE,872,895,r3k2r/1pp2pb1/p1np1qp1/1B1N2p1/4P1b1/3Q1N2/PPP2PPP/R3R1K1 b kq - 1 12,c3d5
47,orletskyy,EulerE,872,895,r3k2r/1pp2pb1/p1np2p1/1B1N2p1/4P1b1/3Q1N2/PqP2PPP/R3R1K1 w kq - 0 13,f6b2
47,orletskyy,EulerE,872,895,r3k2r/1pp2pb1/p1Bp2p1/3N2p1/4P1b1/3Q1N2/PqP2PPP/R3R1K1 b kq - 0 13,b5c6
47,orletskyy,EulerE,872,895,r2k3r/1pp2pb1/p1Bp2p1/3N2p1/4P1b1/3Q1N2/PqP2PPP/R3R1K1 w - - 1 14,e8d8
47,orletskyy,EulerE,872,895,r2k3r/1pp2pb1/p1Bp2p1/3N2p1/4P1b1/1Q3N2/PqP2PPP/R3R1K1 b - - 2 14,d3b3
47,orletskyy,EulerE,872,895,r2k3r/1pp2pb1/p1Bp2p1/3N2p1/4P1b1/1q3N2/P1P2PPP/R3R1K1 w - - 0 15,b2b3
47,orletskyy,EulerE,872,895,r2k3r/1pp2pb1/p1Bp2p1/3N2p1/4P1b1/1P3N2/P4PPP/R3R1K1 b - - 0 15,c2b3
47,orletskyy,EulerE,872,895,r2k3r/1pp2p2/p1Bp2p1/3N2p1/4P1b1/1P3N2/P4PPP/b3R1K1 w - - 0 16,g7a1
47,orletskyy,EulerE,872,895,r2k3r/1pp2p2/p1Bp2p1/3N2p1/4P1b1/1P3N2/P4PPP/R5K1 b - - 0 16,e1a1
47,orletskyy,EulerE,872,895,r2k3r/2p2p2/p1pp2p1/3N2p1/4P1b1/1P3N2/P4PPP/R5K1 w - - 0 17,b7c6
47,orletskyy,EulerE,872,895,r2k3r/2p2p2/p1pp2p1/6p1/4P1b1/1P2NN2/P4PPP/R5K1 b - - 1 17,d5e3
47,orletskyy,EulerE,872,895,r2k3r/2p2p2/p1pp2p1/6p1/4P3/1P2Nb2/P4PPP/R5K1 w - - 0 18,g4f3
47,orletskyy,EulerE,872,895,r2k3r/2p2p2/p1pp2p1/6p1/4P3/1P2NP2/P4P1P/R5K1 b - - 0 18,g2f3
47,orletskyy,EulerE,872,895,r6r/2pk1p2/p1pp2p1/6p1/4P3/1P2NP2/P4P1P/R5K1 w - - 1 19,d8d7
47,orletskyy,EulerE,872,895,r6r/2pk1p2/p1pp2p1/6p1/4P1N1/1P3P2/P4P1P/R5K1 b - - 2 19,e3g4
47,orletskyy,EulerE,872,895,r6r/2p1kp2/p1pp2p1/6p1/4P1N1/1P3P2/P4P1P/R5K1 w - - 3 20,d7e7
47,orletskyy,EulerE,872,895,r6r/2p1kp2/p1pp2p1/6p1/4P1N1/1P3P2/P4P1P/2R3K1 b - - 4 20,a1c1
47,orletskyy,EulerE,872,895,r6r/2p1k3/p1pp2p1/5pp1/4P1N1/1P3P2/P4P1P/2R3K1 w - - 0 21,f7f5
47,orletskyy,EulerE,872,895,r6r/2p1k3/p1pp2p1/5pp1/4P3/1P2NP2/P4P1P/2R3K1 b - - 1 21,g4e3
47,orletskyy,EulerE,872,895,r6r/2p1k3/p2p2p1/2p2pp1/4P3/1P2NP2/P4P1P/2R3K1 w - - 0 22,c6c5
47,orletskyy,EulerE,872,895,r6r/2p1k3/p2p2p1/2p2Pp1/8/1P2NP2/P4P1P/2R3K1 b - - 0 22,e4f5
47,orletskyy,EulerE,872,895,r4r2/2p1k3/p2p2p1/2p2Pp1/8/1P2NP2/P4P1P/2R3K1 w - - 1 23,h8f8
47,orletskyy,EulerE,872,895,r4r2/2p1k3/p2p2p1/2p2Pp1/8/1P2NP2/P4PKP/2R5 b - - 2 23,g1g2
47,orletskyy,EulerE,872,895,r4r2/2p1k3/p2p4/2p2pp1/8/1P2NP2/P4PKP/2R5 w - - 0 24,g6f5
47,orletskyy,EulerE,872,895,r4r2/2p1k3/p2p4/2p2pp1/2N5/1P3P2/P4PKP/2R5 b - - 1 24,e3c4
47,orletskyy,EulerE,872,895,r4r2/2p1k3/p7/2pp1pp1/2N5/1P3P2/P4PKP/2R5 w - - 0 25,d6d5
47,orletskyy,EulerE,872,895,r4r2/2p1k3/p7/2pp1pp1/2N5/1P3P2/P4PKP/4R3 b - - 1 25,c1e1
47,orletskyy,EulerE,872,895,r4r2/2pk4/p7/2pp1pp1/2N5/1P3P2/P4PKP/4R3 w - - 2 26,e7d7
47,orletskyy,EulerE,872,895,r4r2/2pk4/p7/2ppNpp1/8/1P3P2/P4PKP/4R3 b - - 3 26,c4e5
47,orletskyy,EulerE,872,895,r4r2/2p5/p2k4/2ppNpp1/8/1P3P2/P4PKP/4R3 w - - 4 27,d7d6
47,orletskyy,EulerE,872,895,r4r2/2p5/p2k4/2pp1pp1/8/1P1N1P2/P4PKP/4R3 b - - 5 27,e5d3
47,orletskyy,EulerE,872,895,r3r3/2p5/p2k4/2pp1pp1/8/1P1N1P2/P4PKP/4R3 w - - 6 28,f8e8
47,orletskyy,EulerE,872,895,r3r3/2p5/p2k4/2pp1pp1/8/1P1N1P2/P4PKP/2R5 b - - 7 28,e1c1
47,orletskyy,EulerE,872,895,r3r3/2p5/p2k4/3p1pp1/2p5/1P1N1P2/P4PKP/2R5 w - - 0 29,c5c4
47,orletskyy,EulerE,872,895,r3r3/2p5/p2k4/3p1pp1/2P5/3N1P2/P4PKP/2R5 b - - 0 29,b3c4
47,orletskyy,EulerE,872,895,r3r3/2p5/p2k4/5pp1/2p5/3N1P2/P4PKP/2R5 w - - 0 30,d5c4
47,orletskyy,EulerE,872,895,r3r3/2p5/p2k4/5pp1/2R5/3N1P2/P4PKP/8 b - - 0 30,c1c4
47,orletskyy,EulerE,872,895,r7/2p5/p2k4/5pp1/2R5/3N1P2/P3rPKP/8 w - - 1 31,e8e2
47,orletskyy,EulerE,872,895,r7/2p5/p2k4/5pp1/2R5/5P2/P3rPKP/2N5 b - - 2 31,d3c1
47,orletskyy,EulerE,872,895,r7/2p5/p2k4/4rpp1/2R5/5P2/P4PKP/2N5 w - - 3 32,e2e5
47,orletskyy,EulerE,872,895,r7/2p5/p2k4/4rpp1/2R2P2/8/P4PKP/2N5 b - - 0 32,f3f4
47,orletskyy,EulerE,872,895,r7/2p5/p2k4/2r2pp1/2R2P2/8/P4PKP/2N5 w - - 1 33,e5c5
47,orletskyy,EulerE,872,895,r7/2p5/p2k4/2r2pp1/3R1P2/8/P4PKP/2N5 b - - 2 33,c4d4
47,orletskyy,EulerE,872,895,r7/2p5/p2k4/3r1pp1/3R1P2/8/P4PKP/2N5 w - - 3 34,c5d5
47,orletskyy,EulerE,872,895,r7/2p5/p2k4/3r1pp1/3R1P2/1N6/P4PKP/8 b - - 4 34,c1b3
47,orletskyy,EulerE,872,895,r7/2p5/p2k4/5pp1/3r1P2/1N6/P4PKP/8 w - - 0 35,d5d4
47,orletskyy,EulerE,872,895,r7/2p5/p2k4/5pp1/3N1P2/8/P4PKP/8 b - - 0 35,b3d4
47,orletskyy,EulerE,872,895,r7/2p5/p2k4/5p2/3N1p2/8/P4PKP/8 w - - 0 36,g5f4
47,orletskyy,EulerE,872,895,r7/2p5/p2k4/5N2/5p2/8/P4PKP/8 b - - 0 36,d4f5
47,orletskyy,EulerE,872,895,r7/2p5/p3k3/5N2/5p2/8/P4PKP/8 w - - 1 37,d6e6
47,orletskyy,EulerE,872,895,r7/2p5/p3k3/8/3N1p2/8/P4PKP/8 b - - 2 37,f5d4
47,orletskyy,EulerE,872,895,r7/2p5/p7/3k4/3N1p2/8/P4PKP/8 w - - 3 38,e6d5
47,orletskyy,EulerE,872,895,r7/2p5/p7/3k4/5p2/8/P3NPKP/8 b - - 4 38,d4e2
47,orletskyy,EulerE,872,895,5r2/2p5/p7/3k4/5p2/8/P3NPKP/8 w - - 5 39,a8f8
47,orletskyy,EulerE,872,895,5r2/2p5/p7/3k4/5p2/5K2/P3NP1P/8 b - - 6 39,g2f3
47,orletskyy,EulerE,872,895,5r2/2p5/p7/4k3/5p2/5K2/P3NP1P/8 w - - 7 40,d5e5
47,orletskyy,EulerE,872,895,5r2/2p5/p7/4k3/5p1P/5K2/P3NP2/8 b - - 0 40,h2h4
47,orletskyy,EulerE,872,895,5r2/8/p7/2p1k3/5p1P/5K2/P3NP2/8 w - - 0 41,c7c5
47,orletskyy,EulerE,872,895,5r2/8/p7/2p1k2P/5p2/5K2/P3NP2/8 b - - 0 41,h4h5
47,orletskyy,EulerE,872,895,5r2/8/p7/4k2P/2p2p2/5K2/P3NP2/8 w - - 0 42,c5c4
47,orletskyy,EulerE,872,895,5r2/8/p6P/4k3/2p2p2/5K2/P3NP2/8 b - - 0 42,h5h6
47,orletskyy,EulerE,872,895,5r2/8/p6P/3k4/2p2p2/5K2/P3NP2/8 w - - 1 43,e5d5
47,orletskyy,EulerE,872,895,5r2/7P/p7/3k4/2p2p2/5K2/P3NP2/8 b - - 0 43,h6h7
47,orletskyy,EulerE,872,895,2r5/7P/p7/3k4/2p2p2/5K2/P3NP2/8 w - - 1 44,f8c8
47,orletskyy,EulerE,872,895,2r5/7P/p7/3k4/2p2N2/5K2/P4P2/8 b - - 0 44,e2f4
47,orletskyy,EulerE,872,895,2r5/7P/p7/8/2pk1N2/5K2/P4P2/8 w - - 1 45,d5d4
47,orletskyy,EulerE,872,895,2r5/7P/p5N1/8/2pk4/5K2/P4P2/8 b - - 2 45,f4g6
47,orletskyy,EulerE,872,895,2r5/7P/p5N1/8/3k4/2p2K2/P4P2/8 w - - 0 46,c4c3
47,orletskyy,EulerE,872,895,2r5/7P/p5N1/8/3k1K2/2p5/P4P2/8 b - - 1 46,f3f4
47,orletskyy,EulerE,872,895,2r5/7P/p5N1/8/3k1K2/8/P1p2P2/8 w - - 0 47,c3c2
47,orletskyy,EulerE,872,895,2r5/7P/p5N1/5K2/3k4/8/P1p2P2/8 b - - 1 47,f4f5
47,orletskyy,EulerE,872,895,2r5/7P/p5N1/5K2/3k4/8/P4P2/2q5 w - - 0 48,c2c1q
47,orletskyy,EulerE,872,895,2r5/7P/p4KN1/8/3k4/8/P4P2/2q5 b - - 1 48,f5f6
47,orletskyy,EulerE,872,895,2r5/7P/p4KNq/8/3k4/8/P4P2/8 w - - 2 49,c1h6
47,orletskyy,EulerE,872,895,2r4Q/8/p4KNq/8/3k4/8/P4P2/8 b - - 0 49,h7h8q
47,orletskyy,EulerE,872,895,7r/8/p4KNq/8/3k4/8/P4P2/8 w - - 0 50,c8h8
48,EulerE,bigdosser94,903,895,rnbqkbnr/pppppppp/8/8/3P4/8/PPP1PPPP/RNBQKBNR b KQkq - 0 1,d2d4
48,EulerE,bigdosser94,903,895,rnbqkbnr/ppp1pppp/8/3p4/3P4/8/PPP1PPPP/RNBQKBNR w KQkq - 0 2,d7d5
48,EulerE,bigdosser94,903,895,rnbqkbnr/ppp1pppp/8/3p4/2PP4/8/PP2PPPP/RNBQKBNR b KQkq - 0 2,c2c4
48,EulerE,bigdosser94,903,895,rnbqkb1r/ppp1pppp/5n2/3p4/2PP4/8/PP2PPPP/RNBQKBNR w KQkq - 1 3,g8f6
48,EulerE,bigdosser94,903,895,rnbqkb1r/ppp1pppp/5n2/3p4/2PP4/4P3/PP3PPP/RNBQKBNR b KQkq - 0 3,e2e3
48,EulerE,bigdosser94,903,895,r1bqkb1r/ppp1pppp/2n2n2/3p4/2PP4/4P3/PP3PPP/RNBQKBNR w KQkq - 1 4,b8c6
48,EulerE,bigdosser94,903,895,r1bqkb1r/ppp1pppp/2n2n2/3p4/2PP4/2N1P3/PP3PPP/R1BQKBNR b KQkq - 2 4,b1c3
48,EulerE,bigdosser94,903,895,r2qkb1r/ppp1pppp/2n2n2/3p1b2/2PP4/2N1P3/PP3PPP/R1BQKBNR w KQkq - 3 5,c8f5
48,EulerE,bigdosser94,903,895,r2qkb1r/ppp1pppp/2n2n2/3p1b2/2PP4/P1N1P3/1P3PPP/R1BQKBNR b KQkq - 0 5,a2a3
48,EulerE,bigdosser94,903,895,r2qkb1r/ppp2ppp/2n2n2/3ppb2/2PP4/P1N1P3/1P3PPP/R1BQKBNR w KQkq - 0 6,e7e5
48,EulerE,bigdosser94,903,895,r2qkb1r/ppp2ppp/2n2n2/3ppb2/2PP4/P1N1PN2/1P3PPP/R1BQKB1R b KQkq - 1 6,g1f3
48,EulerE,bigdosser94,903,895,r2qkb1r/ppp2ppp/2n2n2/3p1b2/2PPp3/P1N1PN2/1P3PPP/R1BQKB1R w KQkq - 0 7,e5e4
48,EulerE,bigdosser94,903,895,r2qkb1r/ppp2ppp/2n2n2/3pNb2/2PPp3/P1N1P3/1P3PPP/R1BQKB1R b KQkq - 1 7,f3e5
48,EulerE,bigdosser94,903,895,r2qk2r/ppp2ppp/2nb1n2/3pNb2/2PPp3/P1N1P3/1P3PPP/R1BQKB1R w KQkq - 2 8,f8d6
48,EulerE,bigdosser94,903,895,r2qk2r/ppp2ppp/2Nb1n2/3p1b2/2PPp3/P1N1P3/1P3PPP/R1BQKB1R b KQkq - 0 8,e5c6
48,EulerE,bigdosser94,903,895,r2qk2r/p1p2ppp/2pb1n2/3p1b2/2PPp3/P1N1P3/1P3PPP/R1BQKB1R w KQkq - 0 9,b7c6
48,EulerE,bigdosser94,903,895,r2qk2r/p1p2ppp/2pb1n2/3p1b2/2PPp3/P1N1P3/1P2BPPP/R1BQK2R b KQkq - 1 9,f1e2
48,EulerE,bigdosser94,903,895,r2q1rk1/p1p2ppp/2pb1n2/3p1b2/2PPp3/P1N1P3/1P2BPPP/R1BQK2R w KQ - 2 10,e8g8
48,EulerE,bigdosser94,903,895,r2q1rk1/p1p2ppp/2pb1n2/3p1b2/2PPp3/P1N1P3/1P2BPPP/R1BQ1RK1 b - - 3 10,e1g1
48,EulerE,bigdosser94,903,895,r2q1rk1/p1p2ppp/2pb4/3p1b2/2PPp1n1/P1N1P3/1P2BPPP/R1BQ1RK1 w - - 4 11,f6g4
48,EulerE,bigdosser94,903,895,r2q1rk1/p1p2ppp/2pb4/3p1b2/2PPp1B1/P1N1P3/1P3PPP/R1BQ1RK1 b - - 0 11,e2g4
48,EulerE,bigdosser94,903,895,r2q1rk1/p1p2ppp/2pb4/3p4/2PPp1b1/P1N1P3/1P3PPP/R1BQ1RK1 w - - 0 12,f5g4
48,EulerE,bigdosser94,903,895,r2q1rk1/p1p2ppp/2pb4/3p4/2PPp1Q1/P1N1P3/1P3PPP/R1B2RK1 b - - 0 12,d1g4
48,EulerE,bigdosser94,903,895,r2q1rk1/p1p2ppp/2pb4/8/2pPp1Q1/P1N1P3/1P3PPP/R1B2RK1 w - - 0 13,d5c4
48,EulerE,bigdosser94,903,895,r2q1rk1/p1p2ppp/2pb4/8/2pPQ3/P1N1P3/1P3PPP/R1B2RK1 b - - 0 13,g4e4
48,EulerE,bigdosser94,903,895,r2q1rk1/p1p2ppp/3b4/2p5/2pPQ3/P1N1P3/1P3PPP/R1B2RK1 w - - 0 14,c6c5
48,EulerE,bigdosser94,903,895,r2q1rk1/p1p2ppp/3b4/2p5/2pPQ3/P1N1P3/1P3PPP/R1BR2K1 b - - 1 14,f1d1
48,EulerE,bigdosser94,903,895,r2qr1k1/p1p2ppp/3b4/2p5/2pPQ3/P1N1P3/1P3PPP/R1BR2K1 w - - 2 15,f8e8
48,EulerE,bigdosser94,903,895,r2qr1k1/p1p2ppp/3b4/2pQ4/2pP4/P1N1P3/1P3PPP/R1BR2K1 b - - 3 15,e4d5
48,EulerE,bigdosser94,903,895,r2qr1k1/p1p2ppp/8/2pQ4/2pP4/P1N1P3/1P3PPb/R1BR2K1 w - - 0 16,d6h2
48,EulerE,bigdosser94,903,895,r2qr1k1/p1p2ppp/8/2pQ4/2pP4/P1N1P3/1P3PPK/R1BR4 b - - 0 16,g1h2
48,EulerE,bigdosser94,903,895,r3r1k1/p1p2ppp/8/2pq4/2pP4/P1N1P3/1P3PPK/R1BR4 w - - 0 17,d8d5
48,EulerE,bigdosser94,903,895,r3r1k1/p1p2ppp/8/2pN4/2pP4/P3P3/1P3PPK/R1BR4 b - - 0 17,c3d5
49,EulerE,MisterMeeseeks,894,871,rnbqkbnr/pppppppp/8/8/3P4/8/PPP1PPPP/RNBQKBNR b KQkq - 0 1,d2d4
49,EulerE,MisterMeeseeks,894,871,rnbqkbnr/pppp1ppp/4p3/8/3P4/8/PPP1PPPP/RNBQKBNR w KQkq - 0 2,e7e6
49,EulerE,MisterMeeseeks,894,871,rnbqkbnr/pppp1ppp/4p3/8/2PP4/8/PP2PPPP/RNBQKBNR b KQkq - 0 2,c2c4
49,EulerE,MisterMeeseeks,894,871,rnbqk1nr/pppp1ppp/4p3/8/1bPP4/8/PP2PPPP/RNBQKBNR w KQkq - 1 3,f8b4
49,EulerE,MisterMeeseeks,894,871,rnbqk1nr/pppp1ppp/4p3/8/1bPP4/2N5/PP2PPPP/R1BQKBNR b KQkq - 2 3,b1c3
49,EulerE,MisterMeeseeks,894,871,r1bqk1nr/pppp1ppp/2n1p3/8/1bPP4/2N5/PP2PPPP/R1BQKBNR w KQkq - 3 4,b8c6
49,EulerE,MisterMeeseeks,894,871,r1bqk1nr/pppp1ppp/2n1p3/8/1bPP4/P1N5/1P2PPPP/R1BQKBNR b KQkq - 0 4,a2a3
49,EulerE,MisterMeeseeks,894,871,r1bqk1nr/pppp1ppp/2n1p3/8/2PP4/P1b5/1P2PPPP/R1BQKBNR w KQkq - 0 5,b4c3
49,EulerE,MisterMeeseeks,894,871,r1bqk1nr/pppp1ppp/2n1p3/8/2PP4/P1P5/4PPPP/R1BQKBNR b KQkq - 0 5,b2c3
49,EulerE,MisterMeeseeks,894,871,r1bqk1nr/pppp1ppp/2n5/4p3/2PP4/P1P5/4PPPP/R1BQKBNR w KQkq - 0 6,e6e5
49,EulerE,MisterMeeseeks,894,871,r1bqk1nr/pppp1ppp/2n5/4p3/2PP4/P1P2N2/4PPPP/R1BQKB1R b KQkq - 1 6,g1f3
49,EulerE,MisterMeeseeks,894,871,r1bqk1nr/pppp1ppp/2n5/8/2PPp3/P1P2N2/4PPPP/R1BQKB1R w KQkq - 0 7,e5e4
49,EulerE,MisterMeeseeks,894,871,r1bqk1nr/pppp1ppp/2n5/8/2PPp2N/P1P5/4PPPP/R1BQKB1R b KQkq - 1 7,f3h4
49,EulerE,MisterMeeseeks,894,871,r1b1k1nr/pppp1ppp/2n5/8/2PPp2q/P1P5/4PPPP/R1BQKB1R w KQkq - 0 8,d8h4
49,EulerE,MisterMeeseeks,894,871,r1b1k1nr/pppp1ppp/2n5/8/2PPp2q/P1P1P3/5PPP/R1BQKB1R b KQkq - 0 8,e2e3
49,EulerE,MisterMeeseeks,894,871,r1b1k2r/pppp1ppp/2n2n2/8/2PPp2q/P1P1P3/5PPP/R1BQKB1R w KQkq - 1 9,g8f6
49,EulerE,MisterMeeseeks,894,871,r1b1k2r/pppp1ppp/2n2n2/3P4/2P1p2q/P1P1P3/5PPP/R1BQKB1R b KQkq - 0 9,d4d5
49,EulerE,MisterMeeseeks,894,871,r1b1k2r/pppp1ppp/5n2/3Pn3/2P1p2q/P1P1P3/5PPP/R1BQKB1R w KQkq - 1 10,c6e5
49,EulerE,MisterMeeseeks,894,871,r1b1k2r/pppp1ppp/5n2/3Pn3/2P1p2q/P1P1P1P1/5P1P/R1BQKB1R b KQkq - 0 10,g2g3
49,EulerE,MisterMeeseeks,894,871,r1b1k2r/pppp1ppp/5n2/3Pn1q1/2P1p3/P1P1P1P1/5P1P/R1BQKB1R w KQkq - 1 11,h4g5
49,EulerE,MisterMeeseeks,894,871,r1b1k2r/pppp1ppp/5n2/3Pn1q1/2P1p3/P1P1P1P1/5PBP/R1BQK2R b KQkq - 2 11,f1g2
49,EulerE,MisterMeeseeks,894,871,r1b1k2r/pppp1ppp/5n2/3P2q1/2n1p3/P1P1P1P1/5PBP/R1BQK2R w KQkq - 0 12,e5c4
49,EulerE,MisterMeeseeks,894,871,r1b1k2r/pppp1ppp/5n2/3P2q1/2n1p2P/P1P1P1P1/5PB1/R1BQK2R b KQkq - 0 12,h2h4
49,EulerE,MisterMeeseeks,894,871,r1b1k2r/pppp1ppp/5n2/3q4/2n1p2P/P1P1P1P1/5PB1/R1BQK2R w KQkq - 0 13,g5d5
49,EulerE,MisterMeeseeks,894,871,r1b1k2r/pppp1ppp/5n2/3q4/2n1p2P/P1P1P1P1/5PB1/R1BQ1K1R b kq - 1 13,e1f1
50,M-A-B-1-2-3,EulerE,973,904,rnbqkbnr/pppppppp/8/8/4P3/8/PPPP1PPP/RNBQKBNR b KQkq - 0 1,e2e4
50,M-A-B-1-2-3,EulerE,973,904,rnbqkbnr/pppp1ppp/4p3/8/4P3/8/PPPP1PPP/RNBQKBNR w KQkq - 0 2,e7e6
50,M-A-B-1-2-3,EulerE,973,904,rnbqkbnr/pppp1ppp/4p3/8/4P3/5N2/PPPP1PPP/RNBQKB1R b KQkq - 1 2,g1f3
50,M-A-B-1-2-3,EulerE,973,904,rnbqk1nr/pppp1ppp/4p3/2b5/4P3/5N2/PPPP1PPP/RNBQKB1R w KQkq - 2 3,f8c5
50,M-A-B-1-2-3,EulerE,973,904,rnbqk1nr/pppp1ppp/4p3/2b5/3PP3/5N2/PPP2PPP/RNBQKB1R b KQkq - 0 3,d2d4
50,M-A-B-1-2-3,EulerE,973,904,rnbqk1nr/pppp1ppp/1b2p3/8/3PP3/5N2/PPP2PPP/RNBQKB1R w KQkq - 1 4,c5b6
50,M-A-B-1-2-3,EulerE,973,904,rnbqk1nr/pppp1ppp/1b2p3/6B1/3PP3/5N2/PPP2PPP/RN1QKB1R b KQkq - 2 4,c1g5
50,M-A-B-1-2-3,EulerE,973,904,rnbqk1nr/pppp2pp/1b2pp2/6B1/3PP3/5N2/PPP2PPP/RN1QKB1R w KQkq - 0 5,f7f6
50,M-A-B-1-2-3,EulerE,973,904,rnbqk1nr/pppp2pp/1b2pp2/8/3PPB2/5N2/PPP2PPP/RN1QKB1R b KQkq - 1 5,g5f4
50,M-A-B-1-2-3,EulerE,973,904,rnbqk1nr/pppp2pp/1b3p2/4p3/3PPB2/5N2/PPP2PPP/RN1QKB1R w KQkq - 0 6,e6e5
50,M-A-B-1-2-3,EulerE,973,904,rnbqk1nr/pppp2pp/1b3p2/4P3/4PB2/5N2/PPP2PPP/RN1QKB1R b KQkq - 0 6,d4e5
50,M-A-B-1-2-3,EulerE,973,904,rnbqk1nr/pppp2pp/1b6/4p3/4PB2/5N2/PPP2PPP/RN1QKB1R w KQkq - 0 7,f6e5
50,M-A-B-1-2-3,EulerE,973,904,rnbqk1nr/pppp2pp/1b6/4B3/4P3/5N2/PPP2PPP/RN1QKB1R b KQkq - 0 7,f4e5
50,M-A-B-1-2-3,EulerE,973,904,rnbqk2r/ppppn1pp/1b6/4B3/4P3/5N2/PPP2PPP/RN1QKB1R w KQkq - 1 8,g8e7
50,M-A-B-1-2-3,EulerE,973,904,rnbqk2r/ppppn1Bp/1b6/8/4P3/5N2/PPP2PPP/RN1QKB1R b KQkq - 0 8,e5g7
50,M-A-B-1-2-3,EulerE,973,904,rnbqk1r1/ppppn1Bp/1b6/8/4P3/5N2/PPP2PPP/RN1QKB1R w KQq - 1 9,h8g8
50,M-A-B-1-2-3,EulerE,973,904,rnbqk1r1/ppppn2p/1b3B2/8/4P3/5N2/PPP2PPP/RN1QKB1R b KQq - 2 9,g7f6
50,M-A-B-1-2-3,EulerE,973,904,r1bqk1r1/ppppn2p/1bn2B2/8/4P3/5N2/PPP2PPP/RN1QKB1R w KQq - 3 10,b8c6
50,M-A-B-1-2-3,EulerE,973,904,r1bqk1r1/ppppn2p/1bn2B2/8/2B1P3/5N2/PPP2PPP/RN1QK2R b KQq - 4 10,f1c4
50,M-A-B-1-2-3,EulerE,973,904,r1bqkr2/ppppn2p/1bn2B2/8/2B1P3/5N2/PPP2PPP/RN1QK2R w KQq - 5 11,g8f8
50,M-A-B-1-2-3,EulerE,973,904,r1bqkr2/ppppn2p/1bn5/6B1/2B1P3/5N2/PPP2PPP/RN1QK2R b KQq - 6 11,f6g5
50,M-A-B-1-2-3,EulerE,973,904,r1bqkr2/ppp1n2p/1bnp4/6B1/2B1P3/5N2/PPP2PPP/RN1QK2R w KQq - 0 12,d7d6
50,M-A-B-1-2-3,EulerE,973,904,r1bqkr2/ppp1n2p/1bnp4/6B1/2B1P3/5N2/PPP2PPP/RN1Q1RK1 b q - 1 12,e1g1
50,M-A-B-1-2-3,EulerE,973,904,r2qkr2/ppp1n2p/1bnp4/6B1/2B1P1b1/5N2/PPP2PPP/RN1Q1RK1 w q - 2 13,c8g4
50,M-A-B-1-2-3,EulerE,973,904,r2qkr2/ppp1n2p/1bnp4/6B1/2B1P1b1/5N1P/PPP2PP1/RN1Q1RK1 b q - 0 13,h2h3
50,M-A-B-1-2-3,EulerE,973,904,r2qkr2/ppp1n2p/1bnp4/6B1/2B1P3/5b1P/PPP2PP1/RN1Q1RK1 w q - 0 14,g4f3
50,M-A-B-1-2-3,EulerE,973,904,r2qkr2/ppp1n2p/1bnp4/6B1/2B1P3/5P1P/PPP2P2/RN1Q1RK1 b q - 0 14,g2f3
50,M-A-B-1-2-3,EulerE,973,904,r3kr2/pppqn2p/1bnp4/6B1/2B1P3/5P1P/PPP2P2/RN1Q1RK1 w q - 1 15,d8d7
50,M-A-B-1-2-3,EulerE,973,904,r3kr2/pppqn2p/1bnp4/6B1/2B1P3/2N2P1P/PPP2P2/R2Q1RK1 b q - 2 15,b1c3
50,M-A-B-1-2-3,EulerE,973,904,r3kr2/ppp1n2p/1bnp4/6B1/2B1P3/2N2P1q/PPP2P2/R2Q1RK1 w q - 0 16,d7h3
50,M-A-B-1-2-3,EulerE,973,904,r3kr2/ppp1n2p/1bnp4/6B1/2B1P3/5P1q/PPP1NP2/R2Q1RK1 b q - 1 16,c3e2
50,M-A-B-1-2-3,EulerE,973,904,r3k3/ppp1n2p/1bnp4/6B1/2B1P3/5r1q/PPP1NP2/R2Q1RK1 w q - 0 17,f8f3
50,M-A-B-1-2-3,EulerE,973,904,r3k3/ppp1n2p/1bnp4/6B1/2B1P3/5rNq/PPP2P2/R2Q1RK1 b q - 1 17,e2g3
50,M-A-B-1-2-3,EulerE,973,904,r3k3/ppp1n2p/1bnp4/6B1/2B1P3/6rq/PPP2P2/R2Q1RK1 w q - 0 18,f3g3
