game_id,white,black,white_elo,black_elo,chess_fen,move_made
1,EulerE,alfredo5306,1171,1166,rnbqkbnr/pppppppp/8/8/3P4/8/PPP1PPPP/RNBQKBNR b KQkq - 0 1,d2d4
1,EulerE,alfredo5306,1171,1166,rnbqkbnr/ppp1pppp/3p4/8/3P4/8/PPP1PPPP/RNBQKBNR w KQkq - 0 2,d7d6
1,EulerE,alfredo5306,1171,1166,rnbqkbnr/ppp1pppp/3p4/8/2PP4/8/PP2PPPP/RNBQKBNR b KQkq - 0 2,c2c4
1,EulerE,alfredo5306,1171,1166,rnbqkbnr/pp2pppp/2pp4/8/2PP4/8/PP2PPPP/RNBQKBNR w KQkq - 0 3,c7c6
1,EulerE,alfredo5306,1171,1166,rnbqkbnr/pp2pppp/2pp4/8/2PP4/2N5/PP2PPPP/R1BQKBNR b KQkq - 1 3,b1c3
1,EulerE,alfredo5306,1171,1166,rnbqkbnr/pp2pppp/2p5/3p4/2PP4/2N5/PP2PPPP/R1BQKBNR w KQkq - 0 4,d6d5
1,EulerE,alfredo5306,1171,1166,rnbqkbnr/pp2pppp/2p5/2Pp4/3P4/2N5/PP2PPPP/R1BQKBNR b KQkq - 0 4,c4c5
1,EulerE,alfredo5306,1171,1166,rnbqkbnr/p3pppp/1pp5/2Pp4/3P4/2N5/PP2PPPP/R1BQKBNR w KQkq - 0 5,b7b6
1,EulerE,alfredo5306,1171,1166,rnbqkbnr/p3pppp/1pp5/2Pp4/3P4/2N2N2/PP2PPPP/R1BQKB1R b KQkq - 1 5,g1f3
1,EulerE,alfredo5306,1171,1166,rnbqkbnr/p3pppp/2p5/2pp4/3P4/2N2N2/PP2PPPP/R1BQKB1R w KQkq - 0 6,b6c5
1,EulerE,alfredo5306,1171,1166,rnbqkbnr/p3pppp/2p5/2Pp4/8/2N2N2/PP2PPPP/R1BQKB1R b KQkq - 0 6,d4c5
1,EulerE,alfredo5306,1171,1166,rnbqkbnr/p4ppp/2p1p3/2Pp4/8/2N2N2/PP2PPPP/R1BQKB1R w KQkq - 0 7,e7e6
1,EulerE,alfredo5306,1171,1166,rnbqkbnr/p4ppp/2p1p3/2Pp4/8/2N1PN2/PP3PPP/R1BQKB1R b KQkq - 0 7,e2e3
1,EulerE,alfredo5306,1171,1166,rnbqk1nr/p4ppp/2p1p3/2bp4/8/2N1PN2/PP3PPP/R1BQKB1R w KQkq - 0 8,f8c5
1,EulerE,alfredo5306,1171,1166,rnbqk1nr/p4ppp/2p1p3/2bp4/8/2NBPN2/PP3PPP/R1BQK2R b KQkq - 1 8,f1d3
1,EulerE,alfredo5306,1171,1166,rnbqk1nr/p3bppp/2p1p3/3p4/8/2NBPN2/PP3PPP/R1BQK2R w KQkq - 2 9,c5e7
1,EulerE,alfredo5306,1171,1166,rnbqk1nr/p3bppp/2p1p3/3p4/8/2NBPN2/PP3PPP/R1BQ1RK1 b kq - 3 9,e1g1
1,EulerE,alfredo5306,1171,1166,rnbqk2r/p3bppp/2p1pn2/3p4/8/2NBPN2/PP3PPP/R1BQ1RK1 w kq - 4 10,g8f6
1,EulerE,alfredo5306,1171,1166,rnbqk2r/p3bppp/2p1pn2/3p4/8/1QNBPN2/PP3PPP/R1B2RK1 b kq - 5 10,d1b3
1,EulerE,alfredo5306,1171,1166,rnbq1rk1/p3bppp/2p1pn2/3p4/8/1QNBPN2/PP3PPP/R1B2RK1 w - - 6 11,e8g8
1,EulerE,alfredo5306,1171,1166,rnbq1rk1/p3bppp/2p1pn2/3p2N1/8/1QNBP3/PP3PPP/R1B2RK1 b - - 7 11,f3g5
1,EulerE,alfredo5306,1171,1166,r1bq1rk1/p2nbppp/2p1pn2/3p2N1/8/1QNBP3/PP3PPP/R1B2RK1 w - - 8 12,b8d7
1,EulerE,alfredo5306,1171,1166,r1bq1rk1/p2nbppp/2p1pn2/3p2N1/4P3/1QNB4/PP3PPP/R1B2RK1 b - - 0 12,e3e4
1,EulerE,alfredo5306,1171,1166,r1bq1rk1/p3bppp/2p1pn2/2np2N1/4P3/1QNB4/PP3PPP/R1B2RK1 w - - 1 13,d7c5
1,EulerE,alfredo5306,1171,1166,r1bq1rk1/p3bppp/2p1pn2/2np2N1/4P3/2NB4/PPQ2PPP/R1B2RK1 b - - 2 13,b3c2
1,EulerE,alfredo5306,1171,1166,r1bq1rk1/p3bppp/2p1pn2/3p2N1/4P3/2Nn4/PPQ2PPP/R1B2RK1 w - - 0 14,c5d3
1,EulerE,alfredo5306,1171,1166,r1bq1rk1/p3bppp/2p1pn2/3p2N1/4P3/2NQ4/PP3PPP/R1B2RK1 b - - 0 14,c2d3
1,EulerE,alfredo5306,1171,1166,r1bq1rk1/p3bppp/2p1pn2/6N1/4p3/2NQ4/PP3PPP/R1B2RK1 w - - 0 15,d5e4
1,EulerE,alfredo5306,1171,1166,r1bq1rk1/p3bppp/2p1pn2/8/4N3/2NQ4/PP3PPP/R1B2RK1 b - - 0 15,g5e4
1,EulerE,alfredo5306,1171,1166,r1b2rk1/p3bppp/2p1pn2/8/4N3/2Nq4/PP3PPP/R1B2RK1 w - - 0 16,d8d3
2,ariooooo,EulerE,1197,1163,rnbqkbnr/pppppppp/8/8/4P3/8/PPPP1PPP/RNBQKBNR b KQkq - 0 1,e2e4
2,ariooooo,EulerE,1197,1163,rnbqkbnr/pppp1ppp/8/4p3/4P3/8/PPPP1PPP/RNBQKBNR w KQkq - 0 2,e7e5
2,ariooooo,EulerE,1197,1163,rnbqkbnr/pppp1ppp/8/4p2Q/4P3/8/PPPP1PPP/RNB1KBNR b KQkq - 1 2,d1h5
2,ariooooo,EulerE,1197,1163,r1bqkbnr/pppp1ppp/2n5/4p2Q/4P3/8/PPPP1PPP/RNB1KBNR w KQkq - 2 3,b8c6
2,ariooooo,EulerE,1197,1163,r1bqkbnr/pppp1ppp/2n5/4p2Q/2B1P3/8/PPPP1PPP/RNB1K1NR b KQkq - 3 3,f1c4
2,ariooooo,EulerE,1197,1163,r1bqkbnr/pppp1p1p/2n3p1/4p2Q/2B1P3/8/PPPP1PPP/RNB1K1NR w KQkq - 0 4,g7g6
2,ariooooo,EulerE,1197,1163,r1bqkbnr/pppp1p1p/2n3p1/4p3/2B1P3/5Q2/PPPP1PPP/RNB1K1NR b KQkq - 1 4,h5f3
2,ariooooo,EulerE,1197,1163,r1bqkb1r/pppp1p1p/2n2np1/4p3/2B1P3/5Q2/PPPP1PPP/RNB1K1NR w KQkq - 2 5,g8f6
2,ariooooo,EulerE,1197,1163,r1bqkb1r/pppp1p1p/2n2np1/4p3/2B1P3/2P2Q2/PP1P1PPP/RNB1K1NR b KQkq - 0 5,c2c3
2,ariooooo,EulerE,1197,1163,r1bqk2r/pppp1p1p/2n2np1/2b1p3/2B1P3/2P2Q2/PP1P1PPP/RNB1K1NR w KQkq - 1 6,f8c5
2,ariooooo,EulerE,1197,1163,r1bqk2r/pppp1p1p/2n2np1/2b1p3/2B1P3/2P2Q1P/PP1P1PP1/RNB1K1NR b KQkq - 0 6,h2h3
2,ariooooo,EulerE,1197,1163,r1bqk2r/ppp2p1p/2np1np1/2b1p3/2B1P3/2P2Q1P/PP1P1PP1/RNB1K1NR w KQkq - 0 7,d7d6
2,ariooooo,EulerE,1197,1163,r1bqk2r/ppp2p1p/2np1np1/2b1p3/1PB1P3/2P2Q1P/P2P1PP1/RNB1K1NR b KQkq - 0 7,b2b4
2,ariooooo,EulerE,1197,1163,r1bqk2r/ppp2p1p/1bnp1np1/4p3/1PB1P3/2P2Q1P/P2P1PP1/RNB1K1NR w KQkq - 1 8,c5b6
2,ariooooo,EulerE,1197,1163,r1bqk2r/ppp2p1p/1bnp1np1/4p3/PPB1P3/2P2Q1P/3P1PP1/RNB1K1NR b KQkq - 0 8,a2a4
2,ariooooo,EulerE,1197,1163,r1bqk2r/1pp2p1p/pbnp1np1/4p3/PPB1P3/2P2Q1P/3P1PP1/RNB1K1NR w KQkq - 0 9,a7a6
2,ariooooo,EulerE,1197,1163,r1bqk2r/1pp2p1p/pbnp1np1/1P2p3/P1B1P3/2P2Q1P/3P1PP1/RNB1K1NR b KQkq - 0 9,b4b5
2,ariooooo,EulerE,1197,1163,r1bqk2r/1pp2p1p/pb1p1np1/nP2p3/P1B1P3/2P2Q1P/3P1PP1/RNB1K1NR w KQkq - 1 10,c6a5
2,ariooooo,EulerE,1197,1163,r1bqk2r/1pp2p1p/pb1p1np1/nP1Bp3/P3P3/2P2Q1P/3P1PP1/RNB1K1NR b KQkq - 2 10,c4d5
2,ariooooo,EulerE,1197,1163,r1bqk2r/1pp2p1p/pb1p2p1/nP1np3/P3P3/2P2Q1P/3P1PP1/RNB1K1NR w KQkq - 0 11,f6d5
2,ariooooo,EulerE,1197,1163,r1bqk2r/1pp2p1p/pb1p2p1/nP1Pp3/P7/2P2Q1P/3P1PP1/RNB1K1NR b KQkq - 0 11,e4d5
2,ariooooo,EulerE,1197,1163,r1bq1rk1/1pp2p1p/pb1p2p1/nP1Pp3/P7/2P2Q1P/3P1PP1/RNB1K1NR w KQ - 1 12,e8g8
2,ariooooo,EulerE,1197,1163,r1bq1rk1/1pp2p1p/pb1p2p1/nP1Pp3/P7/2PP1Q1P/5PP1/RNB1K1NR b KQ - 0 12,d2d3
2,ariooooo,EulerE,1197,1163,r1bq1rk1/1pp2p1p/pb1p2p1/1P1Pp3/P7/1nPP1Q1P/5PP1/RNB1K1NR w KQ - 1 13,a5b3
2,ariooooo,EulerE,1197,1163,r1bq1rk1/1pp2p1p/pb1p2p1/1P1Pp3/P7/RnPP1Q1P/5PP1/1NB1K1NR b K - 2 13,a1a3
2,ariooooo,EulerE,1197,1163,r1bq1rk1/1pp2p1p/pb1p2p1/1P1Pp3/P7/R1PP1Q1P/5PP1/1Nn1K1NR w K - 0 14,b3c1
2,ariooooo,EulerE,1197,1163,r1bq1rk1/1pp2p1p/pb1p2p1/1P1Pp3/P7/R1PP3P/5PP1/1NnQK1NR b K - 1 14,f3d1
2,ariooooo,EulerE,1197,1163,r1bq1rk1/1pp2p1p/pb1p2p1/1P1Pp3/P7/R1Pn3P/5PP1/1N1QK1NR w K - 0 15,c1d3
2,ariooooo,EulerE,1197,1163,r1bq1rk1/1pp2p1p/pb1p2p1/1P1Pp3/P7/R1PQ3P/5PP1/1N2K1NR b K - 0 15,d1d3
2,ariooooo,EulerE,1197,1163,r2q1rk1/1pp2p1p/pb1p2p1/1P1Ppb2/P7/R1PQ3P/5PP1/1N2K1NR w K - 1 16,c8f5
2,ariooooo,EulerE,1197,1163,r2q1rk1/1pp2p1p/pb1p2p1/1P1Ppb2/P7/R1P4P/5PP1/1N1QK1NR b K - 2 16,d3d1
2,ariooooo,EulerE,1197,1163,r4rk1/1pp2p1p/pb1p2p1/1P1Ppbq1/P7/R1P4P/5PP1/1N1QK1NR w K - 3 17,d8g5
2,ariooooo,EulerE,1197,1163,r4rk1/1pp2p1p/pb1p2p1/1P1Ppbq1/P7/R1P2N1P/5PP1/1N1QK2R b K - 4 17,g1f3
2,ariooooo,EulerE,1197,1163,r4rk1/1pp2p1p/pb1p2p1/1P1Ppb2/P7/R1P2N1P/5Pq1/1N1QK2R w K - 0 18,g5g2
2,ariooooo,EulerE,1197,1163,r4rk1/1pp2p1p/pb1p2p1/1P1Ppb2/P7/R1P2N1P/5PqR/1N1QK3 b - - 1 18,h1h2
2,ariooooo,EulerE,1197,1163,r4rk1/1pp2p1p/p2p2p1/1P1Ppb2/P7/R1P2N1P/5bqR/1N1QK3 w - - 0 19,b6f2
2,ariooooo,EulerE,1197,1163,r4rk1/1pp2p1p/p2p2p1/1P1Ppb2/P7/R1P2N1P/3K1bqR/1N1Q4 b - - 1 19,e1d2
2,ariooooo,EulerE,1197,1163,r4rk1/1pp2p1p/p2p2p1/1P1Ppb2/P7/R1P2N1P/3K2qR/1N1Qb3 w - - 2 20,f2e1
2,ariooooo,EulerE,1197,1163,r4rk1/1pp2p1p/p2p2p1/1P1Ppb2/P7/R1P2N1P/6qR/1N1QK3 b - - 0 20,d2e1
3,Endrix31,EulerE,1155,1155,rnbqkbnr/pppppppp/8/8/4P3/8/PPPP1PPP/RNBQKBNR b KQkq - 0 1,e2e4
3,Endrix31,EulerE,1155,1155,rnbqkbnr/pppp1ppp/8/4p3/4P3/8/PPPP1PPP/RNBQKBNR w KQkq - 0 2,e7e5
3,Endrix31,EulerE,1155,1155,rnbqkbnr/pppp1ppp/8/4p3/4P3/5N2/PPPP1PPP/RNBQKB1R b KQkq - 1 2,g1f3
3,Endrix31,EulerE,1155,1155,r1bqkbnr/pppp1ppp/2n5/4p3/4P3/5N2/PPPP1PPP/RNBQKB1R w KQkq - 2 3,b8c6
3,Endrix31,EulerE,1155,1155,r1bqkbnr/pppp1ppp/2n5/4p3/4P3/2P2N2/PP1P1PPP/RNBQKB1R b KQkq - 0 3,c2c3
3,Endrix31,EulerE,1155,1155,r1bqk1nr/pppp1ppp/2n5/2b1p3/4P3/2P2N2/PP1P1PPP/RNBQKB1R w KQkq - 1 4,f8c5
3,Endrix31,EulerE,1155,1155,r1bqk1nr/pppp1ppp/2n5/2b1p3/3PP3/2P2N2/PP3PPP/RNBQKB1R b KQkq - 0 4,d2d4
3,Endrix31,EulerE,1155,1155,r1bqk1nr/pppp1ppp/2n5/2b5/3pP3/2P2N2/PP3PPP/RNBQKB1R w KQkq - 0 5,e5d4
3,Endrix31,EulerE,1155,1155,r1bqk1nr/pppp1ppp/2n5/2b5/3PP3/5N2/PP3PPP/RNBQKB1R b KQkq - 0 5,c3d4
3,Endrix31,EulerE,1155,1155,r1bqk1nr/pppp1ppp/1bn5/8/3PP3/5N2/PP3PPP/RNBQKB1R w KQkq - 1 6,c5b6
3,Endrix31,EulerE,1155,1155,r1bqk1nr/pppp1ppp/1bn5/3P4/4P3/5N2/PP3PPP/RNBQKB1R b KQkq - 0 6,d4d5
3,Endrix31,EulerE,1155,1155,r1bqk1nr/ppppnppp/1b6/3P4/4P3/5N2/PP3PPP/RNBQKB1R w KQkq - 1 7,c6e7
3,Endrix31,EulerE,1155,1155,r1bqk1nr/ppppnppp/1b6/3P4/4P3/2N2N2/PP3PPP/R1BQKB1R b KQkq - 2 7,b1c3
3,Endrix31,EulerE,1155,1155,r1bqk1nr/ppp1nppp/1b1p4/3P4/4P3/2N2N2/PP3PPP/R1BQKB1R w KQkq - 0 8,d7d6
3,Endrix31,EulerE,1155,1155,r1bqk1nr/ppp1nppp/1b1p4/1B1P4/4P3/2N2N2/PP3PPP/R1BQK2R b KQkq - 1 8,f1b5
3,Endrix31,EulerE,1155,1155,r2qk1nr/pppbnppp/1b1p4/1B1P4/4P3/2N2N2/PP3PPP/R1BQK2R w KQkq - 2 9,c8d7
3,Endrix31,EulerE,1155,1155,r2qk1nr/pppbnppp/1b1p4/1B1P2B1/4P3/2N2N2/PP3PPP/R2QK2R b KQkq - 3 9,c1g5
3,Endrix31,EulerE,1155,1155,r2qk1nr/1ppbnppp/pb1p4/1B1P2B1/4P3/2N2N2/PP3PPP/R2QK2R w KQkq - 0 10,a7a6
3,Endrix31,EulerE,1155,1155,r2qk1nr/1ppbnppp/pb1p4/3P2B1/B3P3/2N2N2/PP3PPP/R2QK2R b KQkq - 1 10,b5a4
3,Endrix31,EulerE,1155,1155,r2qk1nr/1ppbnpp1/pb1p3p/3P2B1/B3P3/2N2N2/PP3PPP/R2QK2R w KQkq - 0 11,h7h6
3,Endrix31,EulerE,1155,1155,r2qk1nr/1ppbnpp1/pb1p3p/3P4/B3P2B/2N2N2/PP3PPP/R2QK2R b KQkq - 1 11,g5h4
3,Endrix31,EulerE,1155,1155,r2qk1nr/1ppbnp2/pb1p3p/3P2p1/B3P2B/2N2N2/PP3PPP/R2QK2R w KQkq - 0 12,g7g5
3,Endrix31,EulerE,1155,1155,r2qk1nr/1ppbnp2/pb1p3p/3P2p1/B3P3/2N2NB1/PP3PPP/R2QK2R b KQkq - 1 12,h4g3
3,Endrix31,EulerE,1155,1155,r2qk1nr/1pp1np2/pb1p3p/3P2p1/b3P3/2N2NB1/PP3PPP/R2QK2R w KQkq - 0 13,d7a4
3,Endrix31,EulerE,1155,1155,r2qk1nr/1pp1np2/pb1p3p/3P2p1/Q3P3/2N2NB1/PP3PPP/R3K2R b KQkq - 0 13,d1a4
3,Endrix31,EulerE,1155,1155,r3k1nr/1ppqnp2/pb1p3p/3P2p1/Q3P3/2N2NB1/PP3PPP/R3K2R w KQkq - 1 14,d8d7
3,Endrix31,EulerE,1155,1155,r3k1nr/1ppQnp2/pb1p3p/3P2p1/4P3/2N2NB1/PP3PPP/R3K2R b KQkq - 0 14,a4d7
3,Endrix31,EulerE,1155,1155,r5nr/1ppknp2/pb1p3p/3P2p1/4P3/2N2NB1/PP3PPP/R3K2R w KQ - 0 15,e8d7
3,Endrix31,EulerE,1155,1155,r5nr/1ppknp2/pb1p3p/3P2p1/4P3/2N2NB1/PP3PPP/R4RK1 b - - 1 15,e1g1
3,Endrix31,EulerE,1155,1155,r6r/1ppknp2/pb1p1n1p/3P2p1/4P3/2N2NB1/PP3PPP/R4RK1 w - - 2 16,g8f6
3,Endrix31,EulerE,1155,1155,r6r/1ppknp2/pb1p1n1p/3P2p1/4P3/2N2NBP/PP3PP1/R4RK1 b - - 0 16,h2h3
3,Endrix31,EulerE,1155,1155,r6r/1ppknp2/p2p1n1p/b2P2p1/4P3/2N2NBP/PP3PP1/R4RK1 w - - 1 17,b6a5
3,Endrix31,EulerE,1155,1155,r6r/1ppknp2/p2p1n1p/b2P2p1/4P3/P1N2NBP/1P3PP1/R4RK1 b - - 0 17,a2a3
3,Endrix31,EulerE,1155,1155,r6r/1ppknp2/p2p1n1p/3P2p1/4P3/P1b2NBP/1P3PP1/R4RK1 w - - 0 18,a5c3
3,Endrix31,EulerE,1155,1155,r6r/1ppknp2/p2p1n1p/3P2p1/4P3/P1P2NBP/5PP1/R4RK1 b - - 0 18,b2c3
3,Endrix31,EulerE,1155,1155,r6r/1ppknp2/p2p3p/3P2p1/4n3/P1P2NBP/5PP1/R4RK1 w - - 0 19,f6e4
3,Endrix31,EulerE,1155,1155,r6r/1ppknp2/p2p3p/3P2p1/4n3/P1P2NBP/5PP1/2R2RK1 b - - 1 19,a1c1
3,Endrix31,EulerE,1155,1155,r6r/1ppknp2/p2p3p/3P2p1/8/P1P2NnP/5PP1/2R2RK1 w - - 0 20,e4g3
3,Endrix31,EulerE,1155,1155,r6r/1ppknp2/p2p3p/3P2p1/8/P1P2NPP/6P1/2R2RK1 b - - 0 20,f2g3
3,Endrix31,EulerE,1155,1155,r4r2/1ppknp2/p2p3p/3P2p1/8/P1P2NPP/6P1/2R2RK1 w - - 1 21,h8f8
3,Endrix31,EulerE,1155,1155,r4r2/1ppknp2/p2p3p/3P2p1/6P1/P1P2N1P/6P1/2R2RK1 b - - 0 21,g3g4
3,Endrix31,EulerE,1155,1155,r4r2/1ppkn3/p2p3p/3P1pp1/6P1/P1P2N1P/6P1/2R2RK1 w - - 0 22,f7f5
3,Endrix31,EulerE,1155,1155,r4r2/1ppkn3/p2p3p/3P1pp1/2P3P1/P4N1P/6P1/2R2RK1 b - - 0 22,c3c4
3,Endrix31,EulerE,1155,1155,r4r2/1ppkn3/p2p3p/3P2p1/2P3p1/P4N1P/6P1/2R2RK1 w - - 0 23,f5g4
3,Endrix31,EulerE,1155,1155,r4r2/1ppkn3/p2p3p/3P2p1/2P3P1/P4N2/6P1/2R2RK1 b - - 0 23,h3g4
3,Endrix31,EulerE,1155,1155,r7/1ppkn3/p2p3p/3P2p1/2P2rP1/P4N2/6P1/2R2RK1 w - - 1 24,f8f4
3,Endrix31,EulerE,1155,1155,r7/1ppkn3/p2p3p/3P2p1/2P2rP1/P4N2/6P1/2R1R1K1 b - - 2 24,f1e1
3,Endrix31,EulerE,1155,1155,r7/1ppkn3/p2p3p/3P2p1/2P3r1/P4N2/6P1/2R1R1K1 w - - 0 25,f4g4
3,Endrix31,EulerE,1155,1155,r7/1ppkn3/p2pR2p/3P2p1/2P3r1/P4N2/6P1/2R3K1 b - - 1 25,e1e6
3,Endrix31,EulerE,1155,1155,5r2/1ppkn3/p2pR2p/3P2p1/2P3r1/P4N2/6P1/2R3K1 w - - 2 26,a8f8
3,Endrix31,EulerE,1155,1155,5r2/1ppkn3/p2pR2p/3P2p1/2P3r1/P4N2/5KP1/2R5 b - - 3 26,g1f2
3,Endrix31,EulerE,1155,1155,5r2/1p1kn3/p1ppR2p/3P2p1/2P3r1/P4N2/5KP1/2R5 w - - 0 27,c7c6
3,Endrix31,EulerE,1155,1155,5r2/1p1kn3/p1ppR2p/3P2p1/2P3r1/P4N2/5KP1/4R3 b - - 1 27,c1e1
3,Endrix31,EulerE,1155,1155,5r2/1p1kn3/p2pR2p/3p2p1/2P3r1/P4N2/5KP1/4R3 w - - 0 28,c6d5
3,Endrix31,EulerE,1155,1155,5r2/1p1kR3/p2p3p/3p2p1/2P3r1/P4N2/5KP1/4R3 b - - 0 28,e6e7
3,Endrix31,EulerE,1155,1155,5r2/1p2R3/p1kp3p/3p2p1/2P3r1/P4N2/5KP1/4R3 w - - 1 29,d7c6
3,Endrix31,EulerE,1155,1155,5r2/1p2R3/p1kp3p/3P2p1/6r1/P4N2/5KP1/4R3 b - - 0 29,c4d5
3,Endrix31,EulerE,1155,1155,5r2/1p2R3/p2p3p/3k2p1/6r1/P4N2/5KP1/4R3 w - - 0 30,c6d5
3,Endrix31,EulerE,1155,1155,5r2/1R6/p2p3p/3k2p1/6r1/P4N2/5KP1/4R3 b - - 0 30,e7b7
3,Endrix31,EulerE,1155,1155,5r2/1R6/p1kp3p/6p1/6r1/P4N2/5KP1/4R3 w - - 1 31,d5c6
3,Endrix31,EulerE,1155,1155,5r2/7R/p1kp3p/6p1/6r1/P4N2/5KP1/4R3 b - - 2 31,b7h7
3,Endrix31,EulerE,1155,1155,5r2/7R/p1kp3p/6p1/7r/P4N2/5KP1/4R3 w - - 3 32,g4h4
3,Endrix31,EulerE,1155,1155,5r2/7R/p1kp3p/6p1/7r/P4N2/5KP1/2R5 b - - 4 32,e1c1
3,Endrix31,EulerE,1155,1155,5r2/7R/p2p3p/1k4p1/7r/P4N2/5KP1/2R5 w - - 5 33,c6b5
3,Endrix31,EulerE,1155,1155,5r2/1R6/p2p3p/1k4p1/7r/P4N2/5KP1/2R5 b - - 6 33,h7b7
3,Endrix31,EulerE,1155,1155,5r2/1R6/p2p3p/6p1/k6r/P4N2/5KP1/2R5 w - - 7 34,b5a4
3,Endrix31,EulerE,1155,1155,5r2/1R6/p2p3p/6p1/k6r/P4N2/5KP1/R7 b - - 8 34,c1a1
3,Endrix31,EulerE,1155,1155,5r2/1R6/3p3p/p5p1/k6r/P4N2/5KP1/R7 w - - 0 35,a6a5
3,Endrix31,EulerE,1155,1155,5r2/8/1R1p3p/p5p1/k6r/P4N2/5KP1/R7 b - - 1 35,b7b6
3,Endrix31,EulerE,1155,1155,5r2/8/1R5p/p2p2p1/k6r/P4N2/5KP1/R7 w - - 0 36,d6d5
3,Endrix31,EulerE,1155,1155,5r2/8/3R3p/p2p2p1/k6r/P4N2/5KP1/R7 b - - 1 36,b6d6
3,Endrix31,EulerE,1155,1155,5r2/8/3R3p/p5p1/k2p3r/P4N2/5KP1/R7 w - - 0 37,d5d4
3,Endrix31,EulerE,1155,1155,5r2/8/3R3p/p5p1/k2p3r/P4NK1/6P1/R7 b - - 1 37,f2g3
3,Endrix31,EulerE,1155,1155,5r2/8/3R3p/p5p1/k2pr3/P4NK1/6P1/R7 w - - 2 38,h4e4
3,Endrix31,EulerE,1155,1155,5r2/8/7p/p5p1/k2Rr3/P4NK1/6P1/R7 b - - 0 38,d6d4
3,Endrix31,EulerE,1155,1155,5r2/8/7p/p5p1/k2r4/P4NK1/6P1/R7 w - - 0 39,e4d4
3,Endrix31,EulerE,1155,1155,5r2/8/7p/p5p1/k2N4/P5K1/6P1/R7 b - - 0 39,f3d4
3,Endrix31,EulerE,1155,1155,8/8/7p/p5p1/k2N1r2/P5K1/6P1/R7 w - - 1 40,f8f4
3,Endrix31,EulerE,1155,1155,8/8/4N2p/p5p1/k4r2/P5K1/6P1/R7 b - - 2 40,d4e6
3,Endrix31,EulerE,1155,1155,8/8/4N2p/p5p1/k1r5/P5K1/6P1/R7 w - - 3 41,f4c4
3,Endrix31,EulerE,1155,1155,8/8/4N2p/p5p1/k1r5/P7/5KP1/R7 b - - 4 41,g3f2
3,Endrix31,EulerE,1155,1155,8/8/4N2p/p5p1/k7/P7/2r2KP1/R7 w - - 5 42,c4c2
3,Endrix31,EulerE,1155,1155,8/8/4N2p/p5p1/k7/P4K2/2r3P1/R7 b - - 6 42,f2f3
3,Endrix31,EulerE,1155,1155,8/8/4N2p/p5p1/k7/P1r2K2/6P1/R7 w - - 7 43,c2c3
3,Endrix31,EulerE,1155,1155,8/8/4N2p/p5p1/k5K1/P1r5/6P1/R7 b - - 8 43,f3g4
3,Endrix31,EulerE,1155,1155,8/8/4N2p/p5p1/k5K1/r7/6P1/R7 w - - 0 44,c3a3
3,Endrix31,EulerE,1155,1155,8/8/4N2p/p5p1/k5K1/r7/6P1/7R b - - 1 44,a1h1
3,Endrix31,EulerE,1155,1155,8/8/4N2p/p5p1/k5K1/1r6/6P1/7R w - - 2 45,a3b3
3,Endrix31,EulerE,1155,1155,8/8/4N2R/p5p1/k5K1/1r6/6P1/8 b - - 0 45,h1h6
3,Endrix31,EulerE,1155,1155,8/8/4N2R/p5p1/kr4K1/8/6P1/8 w - - 1 46,b3b4
3,Endrix31,EulerE,1155,1155,8/8/4N2R/p5p1/kr6/6K1/6P1/8 b - - 2 46,g4g3
3,Endrix31,EulerE,1155,1155,8/8/4N2R/p5p1/k7/1r4K1/6P1/8 w - - 3 47,b4b3
3,Endrix31,EulerE,1155,1155,8/8/4N2R/p5p1/k7/1r6/6PK/8 b - - 4 47,g3h2
3,Endrix31,EulerE,1155,1155,8/8/4N2R/p5p1/1k6/1r6/6PK/8 w - - 5 48,a4b4
3,Endrix31,EulerE,1155,1155,8/8/7R/p5N1/1k6/1r6/6PK/8 b - - 0 48,e6g5
3,Endrix31,EulerE,1155,1155,8/8/7R/6N1/pk6/1r6/6PK/8 w - - 0 49,a5a4
3,Endrix31,EulerE,1155,1155,8/8/8/6N1/pk5R/1r6/6PK/8 b - - 1 49,h6h4
3,Endrix31,EulerE,1155,1155,8/8/8/6N1/p6R/1rk5/6PK/8 w - - 2 50,b4c3
3,Endrix31,EulerE,1155,1155,8/8/8/6N1/R7/1rk5/6PK/8 b - - 0 50,h4a4
3,Endrix31,EulerE,1155,1155,8/8/8/6N1/R7/1r6/1k4PK/8 w - - 1 51,c3b2
3,Endrix31,EulerE,1155,1155,8/8/8/6N1/R7/1r4P1/1k5K/8 b - - 0 51,g2g3
3,Endrix31,EulerE,1155,1155,8/8/8/6N1/R7/4r1P1/1k5K/8 w - - 1 52,b3e3
3,Endrix31,EulerE,1155,1155,8/8/8/6N1/R7/4r1PK/1k6/8 b - - 2 52,h2h3
3,Endrix31,EulerE,1155,1155,8/8/8/6N1/R7/6PK/1k6/4r3 w - - 3 53,e3e1
3,Endrix31,EulerE,1155,1155,8/8/8/8/R7/5NPK/1k6/4r3 b - - 4 53,g5f3
3,Endrix31,EulerE,1155,1155,8/8/8/8/R7/5NPK/1k6/7r w - - 5 54,e1h1
3,Endrix31,EulerE,1155,1155,8/8/8/8/R7/6PK/1k5N/7r b - - 6 54,f3h2
3,Endrix31,EulerE,1155,1155,8/8/8/8/R7/1k4PK/7N/7r w - - 7 55,b2b3
3,Endrix31,EulerE,1155,1155,R7/8/8/8/8/1k4PK/7N/7r b - - 8 55,a4a8
3,Endrix31,EulerE,1155,1155,R7/8/8/8/8/1k4PK/7N/6r1 w - - 9 56,h1g1
3,Endrix31,EulerE,1155,1155,R7/8/8/8/6P1/1k5K/7N/6r1 b - - 0 56,g3g4
3,Endrix31,EulerE,1155,1155,R7/8/8/8/6r1/1k5K/7N/8 w - - 0 57,g1g4
3,Endrix31,EulerE,1155,1155,R7/8/8/8/6N1/1k5K/8/8 b - - 0 57,h2g4
3,Endrix31,EulerE,1155,1155,R7/8/8/8/1k4N1/7K/8/8 w - - 1 58,b3b4
3,Endrix31,EulerE,1155,1155,2R5/8/8/8/1k4N1/7K/8/8 b - - 2 58,a8c8
3,Endrix31,EulerE,1155,1155,2R5/8/8/k7/6N1/7K/8/8 w - - 3 59,b4a5
3,Endrix31,EulerE,1155,1155,2R5/8/8/k7/6N1/6K1/8/8 b - - 4 59,h3g3
3,Endrix31,EulerE,1155,1155,2R5/8/8/8/1k4N1/6K1/8/8 w - - 5 60,a5b4
3,Endrix31,EulerE,1155,1155,2R5/8/8/8/1k3KN1/8/8/8 b - - 6 60,g3f4
3,Endrix31,EulerE,1155,1155,2R5/8/8/1k6/5KN1/8/8/8 w - - 7 61,b4b5
3,Endrix31,EulerE,1155,1155,2R5/8/8/1k6/4K1N1/8/8/8 b - - 8 61,f4e4
3,Endrix31,EulerE,1155,1155,2R5/8/1k6/8/4K1N1/8/8/8 w - - 9 62,b5b6
3,Endrix31,EulerE,1155,1155,2R5/8/1k6/4K3/6N1/8/8/8 b - - 10 62,e4e5
3,Endrix31,EulerE,1155,1155,2R5/1k6/8/4K3/6N1/8/8/8 w - - 11 63,b6b7
3,Endrix31,EulerE,1155,1155,8/1k6/8/4K3/6N1/8/8/2R5 b - - 12 63,c8c1
3,Endrix31,EulerE,1155,1155,8/8/1k6/4K3/6N1/8/8/2R5 w - - 13 64,b7b6
3,Endrix31,EulerE,1155,1155,8/8/1k1K4/8/6N1/8/8/2R5 b - - 14 64,e5d6
3,Endrix31,EulerE,1155,1155,8/8/3K4/1k6/6N1/8/8/2R5 w - - 15 65,b6b5
3,Endrix31,EulerE,1155,1155,8/8/8/1k1K4/6N1/8/8/2R5 b - - 16 65,d6d5
3,Endrix31,EulerE,1155,1155,8/8/1k6/3K4/6N1/8/8/2R5 w - - 17 66,b5b6
3,Endrix31,EulerE,1155,1155,8/8/1k6/3K4/8/4N3/8/2R5 b - - 18 66,g4e3
3,Endrix31,EulerE,1155,1155,8/8/8/1k1K4/8/4N3/8/2R5 w - - 19 67,b6b5
3,Endrix31,EulerE,1155,1155,8/8/8/1kRK4/8/4N3/8/8 b - - 20 67,c1c5
3,Endrix31,EulerE,1155,1155,8/8/8/2RK4/1k6/4N3/8/8 w - - 21 68,b5b4
3,Endrix31,EulerE,1155,1155,8/2R5/8/3K4/1k6/4N3/8/8 b - - 22 68,c5c7
3,Endrix31,EulerE,1155,1155,8/2R5/8/3K4/8/1k2N3/8/8 w - - 23 69,b4b3
3,Endrix31,EulerE,1155,1155,8/2R5/8/3K1N2/8/1k6/8/8 b - - 24 69,e3f5
3,Endrix31,EulerE,1155,1155,8/2R5/8/3K1N2/1k6/8/8/8 w - - 25 70,b3b4
3,Endrix31,EulerE,1155,1155,8/2R5/3N4/3K4/1k6/8/8/8 b - - 26 70,f5d6
3,Endrix31,EulerE,1155,1155,8/2R5/3N4/3K4/8/1k6/8/8 w - - 27 71,b4b3
3,Endrix31,EulerE,1155,1155,8/8/3N4/3K4/2R5/1k6/8/8 b - - 28 71,c7c4
3,Endrix31,EulerE,1155,1155,8/8/3N4/3K4/2R5/k7/8/8 w - - 29 72,b3a3
3,Endrix31,EulerE,1155,1155,8/8/3N4/8/2RK4/k7/8/8 b - - 30 72,d5d4
3,Endrix31,EulerE,1155,1155,8/8/3N4/8/2RK4/8/1k6/8 w - - 31 73,a3b2
3,Endrix31,EulerE,1155,1155,8/8/3N4/8/2R5/3K4/1k6/8 b - - 32 73,d4d3
3,Endrix31,EulerE,1155,1155,8/8/3N4/8/2R5/3K4/8/1k6 w - - 33 74,b2b1
3,Endrix31,EulerE,1155,1155,8/8/8/1N6/2R5/3K4/8/1k6 b - - 34 74,d6b5
3,Endrix31,EulerE,1155,1155,8/8/8/1N6/2R5/3K4/1k6/8 w - - 35 75,b1b2
3,Endrix31,EulerE,1155,1155,8/8/8/1N6/8/2RK4/1k6/8 b - - 36 75,c4c3
3,Endrix31,EulerE,1155,1155,8/8/8/1N6/8/2RK4/k7/8 w - - 37 76,b2a2
3,Endrix31,EulerE,1155,1155,8/8/8/8/3N4/2RK4/k7/8 b - - 38 76,b5d4
3,Endrix31,EulerE,1155,1155,8/8/8/8/3N4/2RK4/1k6/8 w - - 39 77,a2b2
3,Endrix31,EulerE,1155,1155,8/8/8/8/3N4/3K4/1kR5/8 b - - 40 77,c3c2
3,Endrix31,EulerE,1155,1155,8/8/8/8/3N4/3K4/2R5/k7 w - - 41 78,b2a1
3,Endrix31,EulerE,1155,1155,8/8/8/8/8/1N1K4/2R5/k7 b - - 42 78,d4b3
3,Endrix31,EulerE,1155,1155,8/8/8/8/8/1N1K4/2R5/1k6 w - - 43 79,a1b1
3,Endrix31,EulerE,1155,1155,8/8/8/8/8/1N1K4/8/1kR5 b - - 44 79,c2c1
3,Endrix31,EulerE,1155,1155,8/8/8/8/8/1N1K4/k7/2R5 w - - 45 80,b1a2
3,Endrix31,EulerE,1155,1155,8/8/8/8/3N4/3K4/k7/2R5 b - - 46 80,b3d4
3,Endrix31,EulerE,1155,1155,8/8/8/8/3N4/3K4/1k6/2R5 w - - 47 81,a2b2
3,Endrix31,EulerE,1155,1155,8/8/8/8/3N4/8/1k1K4/2R5 b - - 48 81,d3d2
3,Endrix31,EulerE,1155,1155,8/8/8/8/3N4/8/k2K4/2R5 w - - 49 82,b2a2
3,Endrix31,EulerE,1155,1155,8/8/8/8/3N4/2R5/k2K4/8 b - - 50 82,c1c3
3,Endrix31,EulerE,1155,1155,8/8/8/8/3N4/2R5/3K4/1k6 w - - 51 83,a2b1
3,Endrix31,EulerE,1155,1155,8/8/8/1N6/8/2R5/3K4/1k6 b - - 52 83,d4b5
3,Endrix31,EulerE,1155,1155,8/8/8/1N6/8/2R5/k2K4/8 w - - 53 84,b1a2
3,Endrix31,EulerE,1155,1155,8/8/8/1N6/8/2R5/k1K5/8 b - - 54 84,d2c2
3,Endrix31,EulerE,1155,1155,8/8/8/1N6/8/2R5/2K5/k7 w - - 55 85,a2a1
3,Endrix31,EulerE,1155,1155,8/8/8/1N6/8/R7/2K5/k7 b - - 56 85,c3a3
4,Echecliste,EulerE,1182,1147,rnbqkbnr/pppppppp/8/8/4P3/8/PPPP1PPP/RNBQKBNR b KQkq - 0 1,e2e4
4,Echecliste,EulerE,1182,1147,rnbqkbnr/pppp1ppp/8/4p3/4P3/8/PPPP1PPP/RNBQKBNR w KQkq - 0 2,e7e5
4,Echecliste,EulerE,1182,1147,rnbqkbnr/pppp1ppp/8/4p3/4P3/5N2/PPPP1PPP/RNBQKB1R b KQkq - 1 2,g1f3
4,Echecliste,EulerE,1182,1147,r1bqkbnr/pppp1ppp/2n5/4p3/4P3/5N2/PPPP1PPP/RNBQKB1R w KQkq - 2 3,b8c6
4,Echecliste,EulerE,1182,1147,r1bqkbnr/pppp1ppp/2n5/4p3/2B1P3/5N2/PPPP1PPP/RNBQK2R b KQkq - 3 3,f1c4
4,Echecliste,EulerE,1182,1147,r1bqk1nr/pppp1ppp/2n5/2b1p3/2B1P3/5N2/PPPP1PPP/RNBQK2R w KQkq - 4 4,f8c5
4,Echecliste,EulerE,1182,1147,r1bqk1nr/pppp1ppp/2n5/2b1p3/2B1P3/3P1N2/PPP2PPP/RNBQK2R b KQkq - 0 4,d2d3
4,Echecliste,EulerE,1182,1147,r1bqk1nr/ppp2ppp/2np4/2b1p3/2B1P3/3P1N2/PPP2PPP/RNBQK2R w KQkq - 0 5,d7d6
4,Echecliste,EulerE,1182,1147,r1bqk1nr/ppp2ppp/2np4/2b1p1N1/2B1P3/3P4/PPP2PPP/RNBQK2R b KQkq - 1 5,f3g5
4,Echecliste,EulerE,1182,1147,r1bqk2r/ppp2ppp/2np1n2/2b1p1N1/2B1P3/3P4/PPP2PPP/RNBQK2R w KQkq - 2 6,g8f6
4,Echecliste,EulerE,1182,1147,r1bqk2r/ppp2Npp/2np1n2/2b1p3/2B1P3/3P4/PPP2PPP/RNBQK2R b KQkq - 0 6,g5f7
5,PastFuture84,EulerE,1169,1156,rnbqkbnr/pppppppp/8/8/4P3/8/PPPP1PPP/RNBQKBNR b KQkq - 0 1,e2e4
5,PastFuture84,EulerE,1169,1156,rnbqkbnr/pppp1ppp/8/4p3/4P3/8/PPPP1PPP/RNBQKBNR w KQkq - 0 2,e7e5
5,PastFuture84,EulerE,1169,1156,rnbqkbnr/pppp1ppp/8/4p3/2B1P3/8/PPPP1PPP/RNBQK1NR b KQkq - 1 2,f1c4
5,PastFuture84,EulerE,1169,1156,r1bqkbnr/pppp1ppp/2n5/4p3/2B1P3/8/PPPP1PPP/RNBQK1NR w KQkq - 2 3,b8c6
5,PastFuture84,EulerE,1169,1156,r1bqkbnr/pppp1ppp/2n5/4p3/2B1P3/6P1/PPPP1P1P/RNBQK1NR b KQkq - 0 3,g2g3
5,PastFuture84,EulerE,1169,1156,r1bqk1nr/pppp1ppp/2n5/2b1p3/2B1P3/6P1/PPPP1P1P/RNBQK1NR w KQkq - 1 4,f8c5
5,PastFuture84,EulerE,1169,1156,r1bqk1nr/pppp1ppp/2n5/2b1p3/2B1P3/1P4P1/P1PP1P1P/RNBQK1NR b KQkq - 0 4,b2b3
5,PastFuture84,EulerE,1169,1156,r1b1k1nr/pppp1ppp/2n2q2/2b1p3/2B1P3/1P4P1/P1PP1P1P/RNBQK1NR w KQkq - 1 5,d8f6
5,PastFuture84,EulerE,1169,1156,r1b1k1nr/pppp1ppp/2n2q2/2b1p3/2B1P3/1P3NP1/P1PP1P1P/RNBQK2R b KQkq - 2 5,g1f3
5,PastFuture84,EulerE,1169,1156,r1b1k1nr/pppp1ppp/5q2/2b1p3/2BnP3/1P3NP1/P1PP1P1P/RNBQK2R w KQkq - 3 6,c6d4
5,PastFuture84,EulerE,1169,1156,r1b1k1nr/pppp1ppp/5q2/2b1p3/2BNP3/1P4P1/P1PP1P1P/RNBQK2R b KQkq - 0 6,f3d4
5,PastFuture84,EulerE,1169,1156,r1b1k1nr/pppp1ppp/5q2/4p3/2BbP3/1P4P1/P1PP1P1P/RNBQK2R w KQkq - 0 7,c5d4
6,EulerE,angiv07,1147,1136,rnbqkbnr/pppppppp/8/8/3P4/8/PPP1PPPP/RNBQKBNR b KQkq - 0 1,d2d4
6,EulerE,angiv07,1147,1136,rnbqkbnr/ppp1pppp/8/3p4/3P4/8/PPP1PPPP/RNBQKBNR w KQkq - 0 2,d7d5
6,EulerE,angiv07,1147,1136,rnbqkbnr/ppp1pppp/8/3p4/2PP4/8/PP2PPPP/RNBQKBNR b KQkq - 0 2,c2c4
6,EulerE,angiv07,1147,1136,r1bqkbnr/ppp1pppp/2n5/3p4/2PP4/8/PP2PPPP/RNBQKBNR w KQkq - 1 3,b8c6
6,EulerE,angiv07,1147,1136,r1bqkbnr/ppp1pppp/2n5/3p4/2PP4/5N2/PP2PPPP/RNBQKB1R b KQkq - 2 3,g1f3
6,EulerE,angiv07,1147,1136,r1bqkb1r/ppp1pppp/2n2n2/3p4/2PP4/5N2/PP2PPPP/RNBQKB1R w KQkq - 3 4,g8f6
6,EulerE,angiv07,1147,1136,r1bqkb1r/ppp1pppp/2n2n2/3p4/2PP4/2N2N2/PP2PPPP/R1BQKB1R b KQkq - 4 4,b1c3
6,EulerE,angiv07,1147,1136,r2qkb1r/ppp1pppp/2n2n2/3p4/2PP2b1/2N2N2/PP2PPPP/R1BQKB1R w KQkq - 5 5,c8g4
6,EulerE,angiv07,1147,1136,r2qkb1r/ppp1pppp/2n2n2/3P4/3P2b1/2N2N2/PP2PPPP/R1BQKB1R b KQkq - 0 5,c4d5
6,EulerE,angiv07,1147,1136,r2qkb1r/ppp1pppp/2n5/3n4/3P2b1/2N2N2/PP2PPPP/R1BQKB1R w KQkq - 0 6,f6d5
6,EulerE,angiv07,1147,1136,r2qkb1r/ppp1pppp/2n5/3N4/3P2b1/5N2/PP2PPPP/R1BQKB1R b KQkq - 0 6,c3d5
6,EulerE,angiv07,1147,1136,r3kb1r/ppp1pppp/2n5/3q4/3P2b1/5N2/PP2PPPP/R1BQKB1R w KQkq - 0 7,d8d5
6,EulerE,angiv07,1147,1136,r3kb1r/ppp1pppp/2n5/3q4/3P2b1/4BN2/PP2PPPP/R2QKB1R b KQkq - 1 7,c1e3
6,EulerE,angiv07,1147,1136,r3kb1r/ppp1pppp/2n5/3q4/3P4/4Bb2/PP2PPPP/R2QKB1R w KQkq - 0 8,g4f3
6,EulerE,angiv07,1147,1136,r3kb1r/ppp1pppp/2n5/3q4/3P4/4BP2/PP3PPP/R2QKB1R b KQkq - 0 8,e2f3
6,EulerE,angiv07,1147,1136,2kr1b1r/ppp1pppp/2n5/3q4/3P4/4BP2/PP3PPP/R2QKB1R w KQ - 1 9,e8c8
6,EulerE,angiv07,1147,1136,2kr1b1r/ppp1pppp/2n5/3q4/3P4/4BP2/PP2BPPP/R2QK2R b KQ - 2 9,f1e2
6,EulerE,angiv07,1147,1136,1k1r1b1r/ppp1pppp/2n5/3q4/3P4/4BP2/PP2BPPP/R2QK2R w KQ - 3 10,c8b8
6,EulerE,angiv07,1147,1136,1k1r1b1r/ppp1pppp/2n5/3q4/3P4/4BP2/PP2BPPP/R2Q1RK1 b - - 4 10,e1g1
6,EulerE,angiv07,1147,1136,1k1r1b1r/ppp1p1pp/2n2p2/3q4/3P4/4BP2/PP2BPPP/R2Q1RK1 w - - 0 11,f7f6
6,EulerE,angiv07,1147,1136,1k1r1b1r/ppp1p1pp/2n2p2/3q4/Q2P4/4BP2/PP2BPPP/R4RK1 b - - 1 11,d1a4
6,EulerE,angiv07,1147,1136,1k1r1b1r/ppp3pp/2n2p2/3qp3/Q2P4/4BP2/PP2BPPP/R4RK1 w - - 0 12,e7e5
6,EulerE,angiv07,1147,1136,1k1r1b1r/ppp3pp/2n2p2/3qP3/Q7/4BP2/PP2BPPP/R4RK1 b - - 0 12,d4e5
6,EulerE,angiv07,1147,1136,1k1r1b1r/ppp3pp/2n5/3qp3/Q7/4BP2/PP2BPPP/R4RK1 w - - 0 13,f6e5
6,EulerE,angiv07,1147,1136,1k1r1b1r/ppp3pp/2n5/3qp3/Q4P2/4B3/PP2BPPP/R4RK1 b - - 0 13,f3f4
6,EulerE,angiv07,1147,1136,1k1r1b1r/ppp3pp/2n5/3q4/Q4p2/4B3/PP2BPPP/R4RK1 w - - 0 14,e5f4
6,EulerE,angiv07,1147,1136,1k1r1b1r/ppp3pp/2n5/3q4/Q4p2/4BB2/PP3PPP/R4RK1 b - - 1 14,e2f3
6,EulerE,angiv07,1147,1136,1k1r1b1r/ppp3pp/2nq4/8/Q4p2/4BB2/PP3PPP/R4RK1 w - - 2 15,d5d6
6,EulerE,angiv07,1147,1136,1k1r1b1r/ppp3pp/2Bq4/8/Q4p2/4B3/PP3PPP/R4RK1 b - - 0 15,f3c6
6,EulerE,angiv07,1147,1136,1k1r1b1r/p1p3pp/2pq4/8/Q4p2/4B3/PP3PPP/R4RK1 w - - 0 16,b7c6
6,EulerE,angiv07,1147,1136,1k1r1b1r/Q1p3pp/2pq4/8/5p2/4B3/PP3PPP/R4RK1 b - - 0 16,a4a7
6,EulerE,angiv07,1147,1136,2kr1b1r/Q1p3pp/2pq4/8/5p2/4B3/PP3PPP/R4RK1 w - - 1 17,b8c8
6,EulerE,angiv07,1147,1136,2kr1b1r/Q1p3pp/2pq4/8/5p2/4B3/PP3PPP/R2R2K1 b - - 2 17,f1d1
6,EulerE,angiv07,1147,1136,2kr1b1r/Q1p3pp/2p5/8/5p2/4B3/PP3PPP/R2q2K1 w - - 0 18,d6d1
6,EulerE,angiv07,1147,1136,2kr1b1r/Q1p3pp/2p5/8/5p2/4B3/PP3PPP/3R2K1 b - - 0 18,a1d1
6,EulerE,angiv07,1147,1136,2k2b1r/Q1p3pp/2p5/8/5p2/4B3/PP3PPP/3r2K1 w - - 0 19,d8d1
7,EulerE,ChildishViola,1154,1104,rnbqkbnr/pppppppp/8/8/3P4/8/PPP1PPPP/RNBQKBNR b KQkq - 0 1,d2d4
7,EulerE,ChildishViola,1154,1104,rnbqkbnr/ppp1pppp/8/3p4/3P4/8/PPP1PPPP/RNBQKBNR w KQkq - 0 2,d7d5
7,EulerE,ChildishViola,1154,1104,rnbqkbnr/ppp1pppp/8/3p4/2PP4/8/PP2PPPP/RNBQKBNR b KQkq - 0 2,c2c4
7,EulerE,ChildishViola,1154,1104,rnbqkbnr/ppp1pppp/8/8/2pP4/8/PP2PPPP/RNBQKBNR w KQkq - 0 3,d5c4
7,EulerE,ChildishViola,1154,1104,rnbqkbnr/ppp1pppp/8/8/2pPP3/8/PP3PPP/RNBQKBNR b KQkq - 0 3,e2e4
7,EulerE,ChildishViola,1154,1104,rnbqkbnr/p1p1pppp/8/1p6/2pPP3/8/PP3PPP/RNBQKBNR w KQkq - 0 4,b7b5
7,EulerE,ChildishViola,1154,1104,rnbqkbnr/p1p1pppp/8/1p6/P1pPP3/8/1P3PPP/RNBQKBNR b KQkq - 0 4,a2a4
7,EulerE,ChildishViola,1154,1104,rnbqkbnr/p3pppp/2p5/1p6/P1pPP3/8/1P3PPP/RNBQKBNR w KQkq - 0 5,c7c6
7,EulerE,ChildishViola,1154,1104,rnbqkbnr/p3pppp/2p5/1P6/2pPP3/8/1P3PPP/RNBQKBNR b KQkq - 0 5,a4b5
7,EulerE,ChildishViola,1154,1104,rnbqkbnr/p3pppp/8/1p6/2pPP3/8/1P3PPP/RNBQKBNR w KQkq - 0 6,c6b5
7,EulerE,ChildishViola,1154,1104,rnbqkbnr/p3pppp/8/1p6/2pPP3/2N5/1P3PPP/R1BQKBNR b KQkq - 1 6,b1c3
7,EulerE,ChildishViola,1154,1104,rn1qkbnr/p3pppp/b7/1p6/2pPP3/2N5/1P3PPP/R1BQKBNR w KQkq - 2 7,c8a6
7,EulerE,ChildishViola,1154,1104,rn1qkbnr/p3pppp/b7/1p6/2pPP3/2N2N2/1P3PPP/R1BQKB1R b KQkq - 3 7,g1f3
7,EulerE,ChildishViola,1154,1104,rn1qkbnr/p4ppp/b3p3/1p6/2pPP3/2N2N2/1P3PPP/R1BQKB1R w KQkq - 0 8,e7e6
7,EulerE,ChildishViola,1154,1104,rn1qkbnr/p4ppp/b3p3/1p1P4/2p1P3/2N2N2/1P3PPP/R1BQKB1R b KQkq - 0 8,d4d5
7,EulerE,ChildishViola,1154,1104,rn1qk1nr/p4ppp/b3p3/1p1P4/1bp1P3/2N2N2/1P3PPP/R1BQKB1R w KQkq - 1 9,f8b4
7,EulerE,ChildishViola,1154,1104,rn1qk1nr/p4ppp/b3p3/1p1P4/1bp1P3/2N2N2/1P1B1PPP/R2QKB1R b KQkq - 2 9,c1d2
7,EulerE,ChildishViola,1154,1104,rn1qk1nr/p4ppp/b3p3/1p1P4/2p1P3/2b2N2/1P1B1PPP/R2QKB1R w KQkq - 0 10,b4c3
7,EulerE,ChildishViola,1154,1104,rn1qk1nr/p4ppp/b3p3/1p1P4/2p1P3/2B2N2/1P3PPP/R2QKB1R b KQkq - 0 10,d2c3
7,EulerE,ChildishViola,1154,1104,rn1qk1nr/p4ppp/b7/1p1p4/2p1P3/2B2N2/1P3PPP/R2QKB1R w KQkq - 0 11,e6d5
7,EulerE,ChildishViola,1154,1104,rn1qk1nr/p4ppp/b7/1p1P4/2p5/2B2N2/1P3PPP/R2QKB1R b KQkq - 0 11,e4d5
7,EulerE,ChildishViola,1154,1104,rn1qk2r/p3nppp/b7/1p1P4/2p5/2B2N2/1P3PPP/R2QKB1R w KQkq - 1 12,g8e7
7,EulerE,ChildishViola,1154,1104,rn1qk2r/p3nppp/b2P4/1p6/2p5/2B2N2/1P3PPP/R2QKB1R b KQkq - 0 12,d5d6
7,EulerE,ChildishViola,1154,1104,rn1qk2r/p4ppp/b1nP4/1p6/2p5/2B2N2/1P3PPP/R2QKB1R w KQkq - 1 13,e7c6
7,EulerE,ChildishViola,1154,1104,rn1qk2r/p4pBp/b1nP4/1p6/2p5/5N2/1P3PPP/R2QKB1R b KQkq - 0 13,c3g7
7,EulerE,ChildishViola,1154,1104,rn1qk1r1/p4pBp/b1nP4/1p6/2p5/5N2/1P3PPP/R2QKB1R w KQq - 1 14,h8g8
7,EulerE,ChildishViola,1154,1104,rn1qk1r1/p4p1p/b1nP4/1p2B3/2p5/5N2/1P3PPP/R2QKB1R b KQq - 2 14,g7e5
7,EulerE,ChildishViola,1154,1104,r2qk1r1/p2n1p1p/b1nP4/1p2B3/2p5/5N2/1P3PPP/R2QKB1R w KQq - 3 15,b8d7
7,EulerE,ChildishViola,1154,1104,r2qk1r1/p2n1p1p/R1nP4/1p2B3/2p5/5N2/1P3PPP/3QKB1R b Kq - 0 15,a1a6
7,EulerE,ChildishViola,1154,1104,r2qk1r1/p2n1p1p/R2P4/1p2n3/2p5/5N2/1P3PPP/3QKB1R w Kq - 0 16,c6e5
7,EulerE,ChildishViola,1154,1104,r2qk1r1/p2n1p1p/R2P4/1p2N3/2p5/8/1P3PPP/3QKB1R b Kq - 0 16,f3e5
7,EulerE,ChildishViola,1154,1104,r2qk1r1/p4p1p/R2P4/1p2n3/2p5/8/1P3PPP/3QKB1R w Kq - 0 17,d7e5
7,EulerE,ChildishViola,1154,1104,r2qk1r1/p4p1p/R2P4/1p2n3/2p5/8/1P2QPPP/4KB1R b Kq - 1 17,d1e2
7,EulerE,ChildishViola,1154,1104,r2qk1r1/p6p/R2P1p2/1p2n3/2p5/8/1P2QPPP/4KB1R w Kq - 0 18,f7f6
7,EulerE,ChildishViola,1154,1104,r2qk1r1/p6p/R2P1p2/1p2n2Q/2p5/8/1P3PPP/4KB1R b Kq - 1 18,e2h5
7,EulerE,ChildishViola,1154,1104,r2q2r1/p2k3p/R2P1p2/1p2n2Q/2p5/8/1P3PPP/4KB1R w K - 2 19,e8d7
7,EulerE,ChildishViola,1154,1104,r2q2r1/p2k3p/R2P1p2/1p2n2Q/2p5/6P1/1P3P1P/4KB1R b K - 0 19,g2g3
7,EulerE,ChildishViola,1154,1104,r2q2r1/p2k3p/R2P1p2/4n2Q/1pp5/6P1/1P3P1P/4KB1R w K - 0 20,b5b4
7,EulerE,ChildishViola,1154,1104,r2q2r1/p2k3p/R2P1p2/4n2Q/1pp5/6PB/1P3P1P/4K2R b K - 1 20,f1h3
7,EulerE,ChildishViola,1154,1104,r2q2r1/p2k3p/R2P1p2/7Q/1pp3n1/6PB/1P3P1P/4K2R w K - 2 21,e5g4
7,EulerE,ChildishViola,1154,1104,r2q2r1/p2k3p/R2P1p2/7Q/1pp3B1/6P1/1P3P1P/4K2R b K - 0 21,h3g4
7,EulerE,ChildishViola,1154,1104,r2q4/p2k3p/R2P1p2/7Q/1pp3r1/6P1/1P3P1P/4K2R w K - 0 22,g8g4
7,EulerE,ChildishViola,1154,1104,r2q4/p2k3p/R2P1p2/8/1pp3Q1/6P1/1P3P1P/4K2R b K - 0 22,h5g4
7,EulerE,ChildishViola,1154,1104,r2qk3/p6p/R2P1p2/8/1pp3Q1/6P1/1P3P1P/4K2R w K - 1 23,d7e8
7,EulerE,ChildishViola,1154,1104,r2qk3/p6p/R2PQp2/8/1pp5/6P1/1P3P1P/4K2R b K - 2 23,g4e6
7,EulerE,ChildishViola,1154,1104,r2q1k2/p6p/R2PQp2/8/1pp5/6P1/1P3P1P/4K2R w K - 3 24,e8f8
7,EulerE,ChildishViola,1154,1104,r2q1k2/p3Q2p/R2P1p2/8/1pp5/6P1/1P3P1P/4K2R b K - 4 24,e6e7
7,EulerE,ChildishViola,1154,1104,r4k2/p3q2p/R2P1p2/8/1pp5/6P1/1P3P1P/4K2R w K - 0 25,d8e7
7,EulerE,ChildishViola,1154,1104,r4k2/p3P2p/R4p2/8/1pp5/6P1/1P3P1P/4K2R b K - 0 25,d6e7
7,EulerE,ChildishViola,1154,1104,r7/p3k2p/R4p2/8/1pp5/6P1/1P3P1P/4K2R w K - 0 26,f8e7
7,EulerE,ChildishViola,1154,1104,r7/p3k2p/R4p2/8/1pp5/6P1/1P3P1P/5RK1 b - - 1 26,e1g1
7,EulerE,ChildishViola,1154,1104,2r5/p3k2p/R4p2/8/1pp5/6P1/1P3P1P/5RK1 w - - 2 27,a8c8
7,EulerE,ChildishViola,1154,1104,2r5/R3k2p/5p2/8/1pp5/6P1/1P3P1P/5RK1 b - - 0 27,a6a7
7,EulerE,ChildishViola,1154,1104,2r5/R6p/3k1p2/8/1pp5/6P1/1P3P1P/5RK1 w - - 1 28,e7d6
7,EulerE,ChildishViola,1154,1104,2r5/R6p/3k1p2/8/1pp5/6P1/1P3P1P/3R2K1 b - - 2 28,f1d1
7,EulerE,ChildishViola,1154,1104,2r5/R6p/5p2/4k3/1pp5/6P1/1P3P1P/3R2K1 w - - 3 29,d6e5
7,EulerE,ChildishViola,1154,1104,2r5/R6p/5p2/4k3/1pp5/6P1/1P3P1P/2R3K1 b - - 4 29,d1c1
7,EulerE,ChildishViola,1154,1104,2r5/R6p/5p2/4k3/1p6/2p3P1/1P3P1P/2R3K1 w - - 0 30,c4c3
7,EulerE,ChildishViola,1154,1104,2r5/R6p/5p2/4k3/1p6/2P3P1/5P1P/2R3K1 b - - 0 30,b2c3
7,EulerE,ChildishViola,1154,1104,2r5/R6p/5p2/4k3/8/2p3P1/5P1P/2R3K1 w - - 0 31,b4c3
7,EulerE,ChildishViola,1154,1104,2r5/7p/5p2/4k3/R7/2p3P1/5P1P/2R3K1 b - - 1 31,a7a4
7,EulerE,ChildishViola,1154,1104,2r5/7p/5p2/3k4/R7/2p3P1/5P1P/2R3K1 w - - 2 32,e5d5
7,EulerE,ChildishViola,1154,1104,2r5/7p/5p2/3k4/R7/2p3P1/5P1P/2R2K2 b - - 3 32,g1f1
7,EulerE,ChildishViola,1154,1104,2r5/7p/5p2/3k4/R7/6P1/2p2P1P/2R2K2 w - - 0 33,c3c2
7,EulerE,ChildishViola,1154,1104,2r5/7p/5p2/3k4/R7/6P1/2p1KP1P/2R5 b - - 1 33,f1e2
7,EulerE,ChildishViola,1154,1104,4r3/7p/5p2/3k4/R7/6P1/2p1KP1P/2R5 w - - 2 34,c8e8
7,EulerE,ChildishViola,1154,1104,4r3/7p/5p2/3k4/R7/6P1/2pK1P1P/2R5 b - - 3 34,e2d2
7,EulerE,ChildishViola,1154,1104,4r3/7p/8/3k1p2/R7/6P1/2pK1P1P/2R5 w - - 0 35,f6f5
7,EulerE,ChildishViola,1154,1104,4r3/7p/8/3k1p2/R7/6P1/2RK1P1P/8 b - - 0 35,c1c2
7,EulerE,ChildishViola,1154,1104,4r3/8/8/3k1p1p/R7/6P1/2RK1P1P/8 w - - 0 36,h7h5
7,EulerE,ChildishViola,1154,1104,4r3/8/8/R2k1p1p/8/6P1/2RK1P1P/8 b - - 1 36,a4a5
7,EulerE,ChildishViola,1154,1104,4r3/8/8/R4p1p/4k3/6P1/2RK1P1P/8 w - - 2 37,d5e4
7,EulerE,ChildishViola,1154,1104,4r3/8/8/R4p1p/4k3/6P1/2R2P1P/2K5 b - - 3 37,d2c1
7,EulerE,ChildishViola,1154,1104,4r3/8/8/R4p1p/8/5kP1/2R2P1P/2K5 w - - 4 38,e4f3
7,EulerE,ChildishViola,1154,1104,4r3/8/8/5R1p/8/5kP1/2R2P1P/2K5 b - - 0 38,a5f5
7,EulerE,ChildishViola,1154,1104,4r3/8/8/5R1p/8/6P1/2R2PkP/2K5 w - - 1 39,f3g2
7,EulerE,ChildishViola,1154,1104,4r3/8/8/5R1p/8/5PP1/2R3kP/2K5 b - - 0 39,f2f3
7,EulerE,ChildishViola,1154,1104,4r3/8/8/5R1p/8/5PPk/2R4P/2K5 w - - 1 40,g2h3
7,EulerE,ChildishViola,1154,1104,4r3/8/8/7R/8/5PPk/2R4P/2K5 b - - 0 40,f5h5
8,constantine123,EulerE,1180,1146,rnbqkbnr/pppppppp/8/8/4P3/8/PPPP1PPP/RNBQKBNR b KQkq - 0 1,e2e4
8,constantine123,EulerE,1180,1146,rnbqkbnr/pppp1ppp/8/4p3/4P3/8/PPPP1PPP/RNBQKBNR w KQkq - 0 2,e7e5
8,constantine123,EulerE,1180,1146,rnbqkbnr/pppp1ppp/8/4p3/4PP2/8/PPPP2PP/RNBQKBNR b KQkq - 0 2,f2f4
8,constantine123,EulerE,1180,1146,r1bqkbnr/pppp1ppp/2n5/4p3/4PP2/8/PPPP2PP/RNBQKBNR w KQkq - 1 3,b8c6
8,constantine123,EulerE,1180,1146,r1bqkbnr/pppp1ppp/2n5/1B2p3/4PP2/8/PPPP2PP/RNBQK1NR b KQkq - 2 3,f1b5
8,constantine123,EulerE,1180,1146,r1bqkbnr/pppp2pp/2n2p2/1B2p3/4PP2/8/PPPP2PP/RNBQK1NR w KQkq - 0 4,f7f6
8,constantine123,EulerE,1180,1146,r1bqkbnr/pppp2pp/2n2p2/1B2P3/4P3/8/PPPP2PP/RNBQK1NR b KQkq - 0 4,f4e5
8,constantine123,EulerE,1180,1146,r1bqkbnr/pppp2pp/2n5/1B2p3/4P3/8/PPPP2PP/RNBQK1NR w KQkq - 0 5,f6e5
8,constantine123,EulerE,1180,1146,r1bqkbnr/pppp2pp/2B5/4p3/4P3/8/PPPP2PP/RNBQK1NR b KQkq - 0 5,b5c6
8,constantine123,EulerE,1180,1146,r1bqkbnr/ppp3pp/2p5/4p3/4P3/8/PPPP2PP/RNBQK1NR w KQkq - 0 6,d7c6
8,constantine123,EulerE,1180,1146,r1bqkbnr/ppp3pp/2p5/4p2Q/4P3/8/PPPP2PP/RNB1K1NR b KQkq - 1 6,d1h5
9,EulerE,Chicohoock,1153,1110,rnbqkbnr/pppppppp/8/8/3P4/8/PPP1PPPP/RNBQKBNR b KQkq - 0 1,d2d4
9,EulerE,Chicohoock,1153,1110,rnbqkbnr/ppp1pppp/8/3p4/3P4/8/PPP1PPPP/RNBQKBNR w KQkq - 0 2,d7d5
9,EulerE,Chicohoock,1153,1110,rnbqkbnr/ppp1pppp/8/3p4/2PP4/8/PP2PPPP/RNBQKBNR b KQkq - 0 2,c2c4
9,EulerE,Chicohoock,1153,1110,rnbqkbnr/ppp1pppp/8/8/2pP4/8/PP2PPPP/RNBQKBNR w KQkq - 0 3,d5c4
9,EulerE,Chicohoock,1153,1110,rnbqkbnr/ppp1pppp/8/8/2pPP3/8/PP3PPP/RNBQKBNR b KQkq - 0 3,e2e4
9,EulerE,Chicohoock,1153,1110,rnbqkbnr/ppp2ppp/4p3/8/2pPP3/8/PP3PPP/RNBQKBNR w KQkq - 0 4,e7e6
9,EulerE,Chicohoock,1153,1110,rnbqkbnr/ppp2ppp/4p3/8/2BPP3/8/PP3PPP/RNBQK1NR b KQkq - 0 4,f1c4
9,EulerE,Chicohoock,1153,1110,rnbqkbnr/p1p2ppp/1p2p3/8/2BPP3/8/PP3PPP/RNBQK1NR w KQkq - 0 5,b7b6
9,EulerE,Chicohoock,1153,1110,rnbqkbnr/p1p2ppp/1p2p3/8/2BPP3/5N2/PP3PPP/RNBQK2R b KQkq - 1 5,g1f3
9,EulerE,Chicohoock,1153,1110,rn1qkbnr/pbp2ppp/1p2p3/8/2BPP3/5N2/PP3PPP/RNBQK2R w KQkq - 2 6,c8b7
9,EulerE,Chicohoock,1153,1110,rn1qkbnr/pbp2ppp/1p2p3/3P4/2B1P3/5N2/PP3PPP/RNBQK2R b KQkq - 0 6,d4d5
9,EulerE,Chicohoock,1153,1110,rn1qkbnr/pbp2ppp/1p6/3p4/2B1P3/5N2/PP3PPP/RNBQK2R w KQkq - 0 7,e6d5
9,EulerE,Chicohoock,1153,1110,rn1qkbnr/pbp2ppp/1p6/3P4/2B5/5N2/PP3PPP/RNBQK2R b KQkq - 0 7,e4d5
9,EulerE,Chicohoock,1153,1110,rn1qkb1r/pbp2ppp/1p3n2/3P4/2B5/5N2/PP3PPP/RNBQK2R w KQkq - 1 8,g8f6
9,EulerE,Chicohoock,1153,1110,rn1qkb1r/pbp2ppp/1p3n2/3P2B1/2B5/5N2/PP3PPP/RN1QK2R b KQkq - 2 8,c1g5
9,EulerE,Chicohoock,1153,1110,rn1qkb1r/pbp2pp1/1p3n1p/3P2B1/2B5/5N2/PP3PPP/RN1QK2R w KQkq - 0 9,h7h6
9,EulerE,Chicohoock,1153,1110,rn1qkb1r/pbp2pp1/1p3B1p/3P4/2B5/5N2/PP3PPP/RN1QK2R b KQkq - 0 9,g5f6
9,EulerE,Chicohoock,1153,1110,rn2kb1r/pbp2pp1/1p3q1p/3P4/2B5/5N2/PP3PPP/RN1QK2R w KQkq - 0 10,d8f6
9,EulerE,Chicohoock,1153,1110,rn2kb1r/pbp2pp1/1p3q1p/3P4/2B5/5N2/PP3PPP/RN1Q1RK1 b kq - 1 10,e1g1
9,EulerE,Chicohoock,1153,1110,rn2k2r/pbp2pp1/1p1b1q1p/3P4/2B5/5N2/PP3PPP/RN1Q1RK1 w kq - 2 11,f8d6
9,EulerE,Chicohoock,1153,1110,rn2k2r/pbp2pp1/1p1b1q1p/3P4/2B5/2N2N2/PP3PPP/R2Q1RK1 b kq - 3 11,b1c3
9,EulerE,Chicohoock,1153,1110,rn3rk1/pbp2pp1/1p1b1q1p/3P4/2B5/2N2N2/PP3PPP/R2Q1RK1 w - - 4 12,e8g8
9,EulerE,Chicohoock,1153,1110,rn3rk1/pbp2pp1/1p1b1q1p/3P4/2B5/2N2N2/PP2QPPP/R4RK1 b - - 5 12,d1e2
9,EulerE,Chicohoock,1153,1110,rn3rk1/pbp2pp1/1p1b3p/3P4/2B2q2/2N2N2/PP2QPPP/R4RK1 w - - 6 13,f6f4
9,EulerE,Chicohoock,1153,1110,rn3rk1/pbp2pp1/1p1b3p/3P4/2B2q2/2N2NP1/PP2QP1P/R4RK1 b - - 0 13,g2g3
9,EulerE,Chicohoock,1153,1110,rn3rk1/pbp2pp1/1p1b3p/3P1q2/2B5/2N2NP1/PP2QP1P/R4RK1 w - - 1 14,f4f5
9,EulerE,Chicohoock,1153,1110,rn3rk1/pbp2pp1/1p1b3p/3P1q2/2B5/2N2NP1/PP2QP1P/3R1RK1 b - - 2 14,a1d1
9,EulerE,Chicohoock,1153,1110,rn3rk1/pb3pp1/1ppb3p/3P1q2/2B5/2N2NP1/PP2QP1P/3R1RK1 w - - 0 15,c7c6
9,EulerE,Chicohoock,1153,1110,rn3rk1/pb3pp1/1ppb3p/3P1q2/2B1Q3/2N2NP1/PP3P1P/3R1RK1 b - - 1 15,e2e4
9,EulerE,Chicohoock,1153,1110,rn3rk1/pb3pp1/1ppb3p/3P4/2B1q3/2N2NP1/PP3P1P/3R1RK1 w - - 0 16,f5e4
9,EulerE,Chicohoock,1153,1110,rn3rk1/pb3pp1/1ppb3p/3P4/2B1N3/5NP1/PP3P1P/3R1RK1 b - - 0 16,c3e4
9,EulerE,Chicohoock,1153,1110,rn2r1k1/pb3pp1/1ppb3p/3P4/2B1N3/5NP1/PP3P1P/3R1RK1 w - - 1 17,f8e8
9,EulerE,Chicohoock,1153,1110,rn2r1k1/pb3pp1/1ppN3p/3P4/2B5/5NP1/PP3P1P/3R1RK1 b - - 0 17,e4d6
9,EulerE,Chicohoock,1153,1110,rn4k1/pb3pp1/1ppN3p/3Pr3/2B5/5NP1/PP3P1P/3R1RK1 w - - 1 18,e8e5
9,EulerE,Chicohoock,1153,1110,rn4k1/pb3pp1/1ppN3p/3PN3/2B5/6P1/PP3P1P/3R1RK1 b - - 0 18,f3e5
9,EulerE,Chicohoock,1153,1110,rn4k1/pb3pp1/1p1N3p/3pN3/2B5/6P1/PP3P1P/3R1RK1 w - - 0 19,c6d5
9,EulerE,Chicohoock,1153,1110,rn4k1/pb3pp1/1p1N3p/3BN3/8/6P1/PP3P1P/3R1RK1 b - - 0 19,c4d5
9,EulerE,Chicohoock,1153,1110,r5k1/pb3pp1/np1N3p/3BN3/8/6P1/PP3P1P/3R1RK1 w - - 1 20,b8a6
9,EulerE,Chicohoock,1153,1110,r5k1/pB3pp1/np1N3p/4N3/8/6P1/PP3P1P/3R1RK1 b - - 0 20,d5b7
9,EulerE,Chicohoock,1153,1110,4r1k1/pB3pp1/np1N3p/4N3/8/6P1/PP3P1P/3R1RK1 w - - 1 21,a8e8
9,EulerE,Chicohoock,1153,1110,4r1k1/pB3Np1/np1N3p/8/8/6P1/PP3P1P/3R1RK1 b - - 0 21,e5f7
9,EulerE,Chicohoock,1153,1110,4r1k1/pB3Np1/1p1N3p/2n5/8/6P1/PP3P1P/3R1RK1 w - - 1 22,a6c5
9,EulerE,Chicohoock,1153,1110,4r1k1/p4Np1/1pBN3p/2n5/8/6P1/PP3P1P/3R1RK1 b - - 2 22,b7c6
9,EulerE,Chicohoock,1153,1110,6k1/p4Np1/1pBN3p/2n5/8/6P1/PP2rP1P/3R1RK1 w - - 3 23,e8e2
9,EulerE,Chicohoock,1153,1110,6k1/p4Np1/1p1N3p/2n5/4B3/6P1/PP2rP1P/3R1RK1 b - - 4 23,c6e4
9,EulerE,Chicohoock,1153,1110,6k1/p4Np1/1p1N3p/8/4n3/6P1/PP2rP1P/3R1RK1 w - - 0 24,c5e4
9,EulerE,Chicohoock,1153,1110,6k1/p4Np1/1p5p/8/4N3/6P1/PP2rP1P/3R1RK1 b - - 0 24,d6e4
9,EulerE,Chicohoock,1153,1110,6k1/p4Np1/1p5p/8/4r3/6P1/PP3P1P/3R1RK1 w - - 0 25,e2e4
9,EulerE,Chicohoock,1153,1110,6k1/p4Np1/1p5p/8/4r3/6P1/PP1R1P1P/5RK1 b - - 1 25,d1d2
9,EulerE,Chicohoock,1153,1110,8/p4kp1/1p5p/8/4r3/6P1/PP1R1P1P/5RK1 w - - 0 26,g8f7
9,EulerE,Chicohoock,1153,1110,8/p4kp1/1p5p/8/4r3/6P1/PP1R1P1P/2R3K1 b - - 1 26,f1c1
9,EulerE,Chicohoock,1153,1110,8/5kp1/1p5p/p7/4r3/6P1/PP1R1P1P/2R3K1 w - - 0 27,a7a5
9,EulerE,Chicohoock,1153,1110,8/2R2kp1/1p5p/p7/4r3/6P1/PP1R1P1P/6K1 b - - 1 27,c1c7
9,EulerE,Chicohoock,1153,1110,8/2R3p1/1p4kp/p7/4r3/6P1/PP1R1P1P/6K1 w - - 2 28,f7g6
9,EulerE,Chicohoock,1153,1110,8/6p1/1pR3kp/p7/4r3/6P1/PP1R1P1P/6K1 b - - 3 28,c7c6
9,EulerE,Chicohoock,1153,1110,8/6pk/1pR4p/p7/4r3/6P1/PP1R1P1P/6K1 w - - 4 29,g6h7
9,EulerE,Chicohoock,1153,1110,8/6pk/1R5p/p7/4r3/6P1/PP1R1P1P/6K1 b - - 0 29,c6b6
9,EulerE,Chicohoock,1153,1110,8/6pk/1R5p/p7/8/6P1/PP1R1P1P/4r1K1 w - - 1 30,e4e1
9,EulerE,Chicohoock,1153,1110,8/6pk/1R5p/p7/8/6P1/PP1R1PKP/4r3 b - - 2 30,g1g2
9,EulerE,Chicohoock,1153,1110,8/6pk/1R5p/p7/8/6P1/PP1R1PKP/r7 w - - 3 31,e1a1
9,EulerE,Chicohoock,1153,1110,8/6pk/1R5p/p7/8/1P4P1/P2R1PKP/r7 b - - 0 31,b2b3
9,EulerE,Chicohoock,1153,1110,8/7k/1R5p/p5p1/8/1P4P1/P2R1PKP/r7 w - - 0 32,g7g5
9,EulerE,Chicohoock,1153,1110,8/7k/1R5p/p5p1/1P6/6P1/P2R1PKP/r7 b - - 0 32,b3b4
9,EulerE,Chicohoock,1153,1110,8/7k/1R5p/6p1/pP6/6P1/P2R1PKP/r7 w - - 0 33,a5a4
9,EulerE,Chicohoock,1153,1110,8/7k/2R4p/6p1/pP6/6P1/P2R1PKP/r7 b - - 1 33,b6c6
9,EulerE,Chicohoock,1153,1110,8/7k/2R5/6pp/pP6/6P1/P2R1PKP/r7 w - - 0 34,h6h5
9,EulerE,Chicohoock,1153,1110,8/7k/2R5/6pp/pP6/6P1/PR3PKP/r7 b - - 1 34,d2b2
9,EulerE,Chicohoock,1153,1110,8/7k/2R5/6pp/1P6/p5P1/PR3PKP/r7 w - - 0 35,a4a3
9,EulerE,Chicohoock,1153,1110,8/7k/2R5/6pp/1P6/p5P1/P1R2PKP/r7 b - - 1 35,b2c2
9,EulerE,Chicohoock,1153,1110,8/7k/2R5/6pp/1P6/p5P1/P1R2PKP/1r6 w - - 2 36,a1b1
9,EulerE,Chicohoock,1153,1110,8/7k/1R6/6pp/1P6/p5P1/P1R2PKP/1r6 b - - 3 36,c6b6
9,EulerE,Chicohoock,1153,1110,8/7k/1R6/6pp/1P6/p5P1/PrR2PKP/8 w - - 4 37,b1b2
9,EulerE,Chicohoock,1153,1110,8/7k/1R6/6pp/1P6/p1R3P1/Pr3PKP/8 b - - 5 37,c2c3
9,EulerE,Chicohoock,1153,1110,8/7k/1R6/6pp/1P6/p1R3P1/r4PKP/8 w - - 0 38,b2a2
9,EulerE,Chicohoock,1153,1110,8/7k/1R6/1P4pp/8/p1R3P1/r4PKP/8 b - - 0 38,b4b5
9,EulerE,Chicohoock,1153,1110,8/7k/1R6/1P4pp/8/p1R3P1/5PKP/r7 w - - 1 39,a2a1
9,EulerE,Chicohoock,1153,1110,8/1R5k/8/1P4pp/8/p1R3P1/5PKP/r7 b - - 2 39,b6b7
9,EulerE,Chicohoock,1153,1110,8/1R6/6k1/1P4pp/8/p1R3P1/5PKP/r7 w - - 3 40,h7g6
9,EulerE,Chicohoock,1153,1110,8/R7/6k1/1P4pp/8/p1R3P1/5PKP/r7 b - - 4 40,b7a7
9,EulerE,Chicohoock,1153,1110,8/R7/8/1P3kpp/8/p1R3P1/5PKP/r7 w - - 5 41,g6f5
9,EulerE,Chicohoock,1153,1110,8/R7/8/1P3kpp/8/pR4P1/5PKP/r7 b - - 6 41,c3b3
9,EulerE,Chicohoock,1153,1110,8/R7/8/1P3kpp/8/1R4P1/p4PKP/r7 w - - 0 42,a3a2
9,EulerE,Chicohoock,1153,1110,8/R7/1P6/5kpp/8/1R4P1/p4PKP/r7 b - - 0 42,b5b6
9,EulerE,Chicohoock,1153,1110,8/R7/1P2k3/6pp/8/1R4P1/p4PKP/r7 w - - 1 43,f5e6
9,EulerE,Chicohoock,1153,1110,8/RP6/4k3/6pp/8/1R4P1/p4PKP/r7 b - - 0 43,b6b7
9,EulerE,Chicohoock,1153,1110,8/RP6/8/3k2pp/8/1R4P1/p4PKP/r7 w - - 1 44,e6d5
9,EulerE,Chicohoock,1153,1110,1Q6/R7/8/3k2pp/8/1R4P1/p4PKP/r7 b - - 0 44,b7b8q
9,EulerE,Chicohoock,1153,1110,1Q6/R7/8/6pp/2k5/1R4P1/p4PKP/r7 w - - 1 45,d5c4
9,EulerE,Chicohoock,1153,1110,8/R7/8/6pp/1Qk5/1R4P1/p4PKP/r7 b - - 2 45,b8b4
9,EulerE,Chicohoock,1153,1110,8/R7/8/3k2pp/1Q6/1R4P1/p4PKP/r7 w - - 3 46,c4d5
9,EulerE,Chicohoock,1153,1110,8/R7/8/3k2pp/8/1R4P1/p2Q1PKP/r7 b - - 4 46,b4d2
10,EulerE,HectorRoberts,1160,1094,rnbqkbnr/pppppppp/8/8/3P4/8/PPP1PPPP/RNBQKBNR b KQkq - 0 1,d2d4
10,EulerE,HectorRoberts,1160,1094,rnbqkbnr/ppp1pppp/8/3p4/3P4/8/PPP1PPPP/RNBQKBNR w KQkq - 0 2,d7d5
10,EulerE,HectorRoberts,1160,1094,rnbqkbnr/ppp1pppp/8/3p4/2PP4/8/PP2PPPP/RNBQKBNR b KQkq - 0 2,c2c4
10,EulerE,HectorRoberts,1160,1094,rnbqkb1r/ppp1pppp/5n2/3p4/2PP4/8/PP2PPPP/RNBQKBNR w KQkq - 1 3,g8f6
10,EulerE,HectorRoberts,1160,1094,rnbqkb1r/ppp1pppp/5n2/3p4/2PP4/5N2/PP2PPPP/RNBQKB1R b KQkq - 2 3,g1f3
10,EulerE,HectorRoberts,1160,1094,rnbqkb1r/ppp1pppp/5n2/8/2pP4/5N2/PP2PPPP/RNBQKB1R w KQkq - 0 4,d5c4
10,EulerE,HectorRoberts,1160,1094,rnbqkb1r/ppp1pppp/5n2/8/2pP4/2N2N2/PP2PPPP/R1BQKB1R b KQkq - 1 4,b1c3
10,EulerE,HectorRoberts,1160,1094,r1bqkb1r/ppp1pppp/n4n2/8/2pP4/2N2N2/PP2PPPP/R1BQKB1R w KQkq - 2 5,b8a6
10,EulerE,HectorRoberts,1160,1094,r1bqkb1r/ppp1pppp/n4n2/8/2pP4/P1N2N2/1P2PPPP/R1BQKB1R b KQkq - 0 5,a2a3
10,EulerE,HectorRoberts,1160,1094,r2qkb1r/pppbpppp/n4n2/8/2pP4/P1N2N2/1P2PPPP/R1BQKB1R w KQkq - 1 6,c8d7
10,EulerE,HectorRoberts,1160,1094,r2qkb1r/pppbpppp/n4n2/8/2pPP3/P1N2N2/1P3PPP/R1BQKB1R b KQkq - 0 6,e2e4
10,EulerE,HectorRoberts,1160,1094,r2qkb1r/pppb1ppp/n3pn2/8/2pPP3/P1N2N2/1P3PPP/R1BQKB1R w KQkq - 0 7,e7e6
10,EulerE,HectorRoberts,1160,1094,r2qkb1r/pppb1ppp/n3pn2/8/2BPP3/P1N2N2/1P3PPP/R1BQK2R b KQkq - 0 7,f1c4
10,EulerE,HectorRoberts,1160,1094,r2qkb1r/pp1b1ppp/n3pn2/2p5/2BPP3/P1N2N2/1P3PPP/R1BQK2R w KQkq - 0 8,c7c5
10,EulerE,HectorRoberts,1160,1094,r2qkb1r/pp1b1ppp/n3pn2/2pP4/2B1P3/P1N2N2/1P3PPP/R1BQK2R b KQkq - 0 8,d4d5
10,EulerE,HectorRoberts,1160,1094,r2qkb1r/pp1b1ppp/n4n2/2pp4/2B1P3/P1N2N2/1P3PPP/R1BQK2R w KQkq - 0 9,e6d5
10,EulerE,HectorRoberts,1160,1094,r2qkb1r/pp1b1ppp/n4n2/2pP4/2B5/P1N2N2/1P3PPP/R1BQK2R b KQkq - 0 9,e4d5
10,EulerE,HectorRoberts,1160,1094,r2qk2r/pp1b1ppp/n2b1n2/2pP4/2B5/P1N2N2/1P3PPP/R1BQK2R w KQkq - 1 10,f8d6
10,EulerE,HectorRoberts,1160,1094,r2qk2r/pp1b1ppp/n2b1n2/2pP2B1/2B5/P1N2N2/1P3PPP/R2QK2R b KQkq - 2 10,c1g5
10,EulerE,HectorRoberts,1160,1094,r2q1rk1/pp1b1ppp/n2b1n2/2pP2B1/2B5/P1N2N2/1P3PPP/R2QK2R w KQ - 3 11,e8g8
10,EulerE,HectorRoberts,1160,1094,r2q1rk1/pp1b1ppp/n2b1n2/2pP2B1/2B5/P1N2N2/1P3PPP/R2Q1RK1 b - - 4 11,e1g1
10,EulerE,HectorRoberts,1160,1094,r2q1rk1/p2b1ppp/n2b1n2/1ppP2B1/2B5/P1N2N2/1P3PPP/R2Q1RK1 w - - 0 12,b7b5
10,EulerE,HectorRoberts,1160,1094,r2q1rk1/p2b1ppp/n2b1n2/1BpP2B1/8/P1N2N2/1P3PPP/R2Q1RK1 b - - 0 12,c4b5
10,EulerE,HectorRoberts,1160,1094,r2q1rk1/p4ppp/n2b1n2/1BpP2B1/6b1/P1N2N2/1P3PPP/R2Q1RK1 w - - 1 13,d7g4
10,EulerE,HectorRoberts,1160,1094,r2q1rk1/p4ppp/B2b1n2/2pP2B1/6b1/P1N2N2/1P3PPP/R2Q1RK1 b - - 0 13,b5a6
10,EulerE,HectorRoberts,1160,1094,r2q1rk1/p4pp1/B2b1n1p/2pP2B1/6b1/P1N2N2/1P3PPP/R2Q1RK1 w - - 0 14,h7h6
10,EulerE,HectorRoberts,1160,1094,r2q1rk1/p4pp1/B2b1B1p/2pP4/6b1/P1N2N2/1P3PPP/R2Q1RK1 b - - 0 14,g5f6
10,EulerE,HectorRoberts,1160,1094,r4rk1/p4pp1/B2b1q1p/2pP4/6b1/P1N2N2/1P3PPP/R2Q1RK1 w - - 0 15,d8f6
10,EulerE,HectorRoberts,1160,1094,r4rk1/p4pp1/B2b1q1p/2pP4/6b1/P1N2N1P/1P3PP1/R2Q1RK1 b - - 0 15,h2h3
10,EulerE,HectorRoberts,1160,1094,r4rk1/p4pp1/B2b1q1p/2pP3b/8/P1N2N1P/1P3PP1/R2Q1RK1 w - - 1 16,g4h5
10,EulerE,HectorRoberts,1160,1094,r4rk1/p4pp1/B2b1q1p/2pP3b/8/P1N2N1P/1P3PP1/1R1Q1RK1 b - - 2 16,a1b1
10,EulerE,HectorRoberts,1160,1094,r4rk1/p4pp1/B2b3p/2pP3b/5q2/P1N2N1P/1P3PP1/1R1Q1RK1 w - - 3 17,f6f4
10,EulerE,HectorRoberts,1160,1094,r4rk1/pB3pp1/3b3p/2pP3b/5q2/P1N2N1P/1P3PP1/1R1Q1RK1 b - - 4 17,a6b7
10,EulerE,HectorRoberts,1160,1094,r4rk1/pB3pp1/3b3p/2pP4/5q2/P1N2b1P/1P3PP1/1R1Q1RK1 w - - 0 18,h5f3
10,EulerE,HectorRoberts,1160,1094,r4rk1/pB3pp1/3b3p/2pP4/5q2/P1N2bPP/1P3P2/1R1Q1RK1 b - - 0 18,g2g3
10,EulerE,HectorRoberts,1160,1094,r4rk1/pB3pp1/3b1q1p/2pP4/8/P1N2bPP/1P3P2/1R1Q1RK1 w - - 1 19,f4f6
10,EulerE,HectorRoberts,1160,1094,r4rk1/pB3pp1/3b1q1p/2pP4/8/P1NQ1bPP/1P3P2/1R3RK1 b - - 2 19,d1d3
10,EulerE,HectorRoberts,1160,1094,1r3rk1/pB3pp1/3b1q1p/2pP4/8/P1NQ1bPP/1P3P2/1R3RK1 w - - 3 20,a8b8
10,EulerE,HectorRoberts,1160,1094,1r3rk1/p4pp1/2Bb1q1p/2pP4/8/P1NQ1bPP/1P3P2/1R3RK1 b - - 4 20,b7c6
10,EulerE,HectorRoberts,1160,1094,1r3rk1/p4pp1/2Bb1q1p/2pP3b/8/P1NQ2PP/1P3P2/1R3RK1 w - - 5 21,f3h5
10,EulerE,HectorRoberts,1160,1094,1r3rk1/p4pp1/2Bb1q1p/2pP3b/4N3/P2Q2PP/1P3P2/1R3RK1 b - - 6 21,c3e4
10,EulerE,HectorRoberts,1160,1094,1r3rk1/p4pp1/2Bb2qp/2pP3b/4N3/P2Q2PP/1P3P2/1R3RK1 w - - 7 22,f6g6
10,EulerE,HectorRoberts,1160,1094,1r3rk1/p4pp1/3b2qp/2pP3b/B3N3/P2Q2PP/1P3P2/1R3RK1 b - - 8 22,c6a4
10,EulerE,HectorRoberts,1160,1094,1r3rk1/p4pp1/3b2qp/3P3b/B1p1N3/P2Q2PP/1P3P2/1R3RK1 w - - 0 23,c5c4
10,EulerE,HectorRoberts,1160,1094,1r3rk1/p4pp1/3b2qp/3P3b/B1Q1N3/P5PP/1P3P2/1R3RK1 b - - 0 23,d3c4
10,EulerE,HectorRoberts,1160,1094,2r2rk1/p4pp1/3b2qp/3P3b/B1Q1N3/P5PP/1P3P2/1R3RK1 w - - 1 24,b8c8
10,EulerE,HectorRoberts,1160,1094,2r2rk1/p4pp1/3b2qp/3P3b/B3N3/P2Q2PP/1P3P2/1R3RK1 b - - 2 24,c4d3
10,EulerE,HectorRoberts,1160,1094,2r2rk1/p4pp1/3b3p/3P1q1b/B3N3/P2Q2PP/1P3P2/1R3RK1 w - - 3 25,g6f5
10,EulerE,HectorRoberts,1160,1094,2r2rk1/p4pp1/3b3p/3P1q1b/4N3/P2Q2PP/1PB2P2/1R3RK1 b - - 4 25,a4c2
10,EulerE,HectorRoberts,1160,1094,2r2rk1/p4pp1/3b3p/3P3b/4N3/P2Q2Pq/1PB2P2/1R3RK1 w - - 0 26,f5h3
10,EulerE,HectorRoberts,1160,1094,2r2rk1/p4pp1/3b1N1p/3P3b/8/P2Q2Pq/1PB2P2/1R3RK1 b - - 1 26,e4f6
10,EulerE,HectorRoberts,1160,1094,2r2rk1/p4p2/3b1p1p/3P3b/8/P2Q2Pq/1PB2P2/1R3RK1 w - - 0 27,g7f6
10,EulerE,HectorRoberts,1160,1094,2r2rk1/p4p1Q/3b1p1p/3P3b/8/P5Pq/1PB2P2/1R3RK1 b - - 1 27,d3h7
11,EulerE,abe2362,1153,1200,rnbqkbnr/pppppppp/8/8/3P4/8/PPP1PPPP/RNBQKBNR b KQkq - 0 1,d2d4
11,EulerE,abe2362,1153,1200,rnbqkbnr/ppp1pppp/8/3p4/3P4/8/PPP1PPPP/RNBQKBNR w KQkq - 0 2,d7d5
11,EulerE,abe2362,1153,1200,rnbqkbnr/ppp1pppp/8/3p4/2PP4/8/PP2PPPP/RNBQKBNR b KQkq - 0 2,c2c4
11,EulerE,abe2362,1153,1200,rnbqkbnr/ppp1pppp/8/8/2pP4/8/PP2PPPP/RNBQKBNR w KQkq - 0 3,d5c4
11,EulerE,abe2362,1153,1200,rnbqkbnr/ppp1pppp/8/8/2pPP3/8/PP3PPP/RNBQKBNR b KQkq - 0 3,e2e4
11,EulerE,abe2362,1153,1200,rnbqkbnr/ppp2ppp/4p3/8/2pPP3/8/PP3PPP/RNBQKBNR w KQkq - 0 4,e7e6
11,EulerE,abe2362,1153,1200,rnbqkbnr/ppp2ppp/4p3/8/2BPP3/8/PP3PPP/RNBQK1NR b KQkq - 0 4,f1c4
11,EulerE,abe2362,1153,1200,rnbqkbnr/1pp2ppp/p3p3/8/2BPP3/8/PP3PPP/RNBQK1NR w KQkq - 0 5,a7a6
11,EulerE,abe2362,1153,1200,rnbqkbnr/1pp2ppp/p3p3/8/2BPP3/P7/1P3PPP/RNBQK1NR b KQkq - 0 5,a2a3
11,EulerE,abe2362,1153,1200,rnbqkbnr/1pp2pp1/p3p2p/8/2BPP3/P7/1P3PPP/RNBQK1NR w KQkq - 0 6,h7h6
11,EulerE,abe2362,1153,1200,rnbqkbnr/1pp2pp1/p3p2p/8/2BPP3/P4N2/1P3PPP/RNBQK2R b KQkq - 1 6,g1f3
11,EulerE,abe2362,1153,1200,rnbqk1nr/1pp1bpp1/p3p2p/8/2BPP3/P4N2/1P3PPP/RNBQK2R w KQkq - 2 7,f8e7
11,EulerE,abe2362,1153,1200,rnbqk1nr/1pp1bpp1/p3p2p/8/2BPP3/P4N2/1P3PPP/RNBQ1RK1 b kq - 3 7,e1g1
11,EulerE,abe2362,1153,1200,rnbqk2r/1pp1bpp1/p3pn1p/8/2BPP3/P4N2/1P3PPP/RNBQ1RK1 w kq - 4 8,g8f6
11,EulerE,abe2362,1153,1200,rnbqk2r/1pp1bpp1/p3pn1p/8/2BPP3/P1N2N2/1P3PPP/R1BQ1RK1 b kq - 5 8,b1c3
11,EulerE,abe2362,1153,1200,rnbq1rk1/1pp1bpp1/p3pn1p/8/2BPP3/P1N2N2/1P3PPP/R1BQ1RK1 w - - 6 9,e8g8
11,EulerE,abe2362,1153,1200,rnbq1rk1/1pp1bpp1/p3pn1p/8/2BPP3/P1NQ1N2/1P3PPP/R1B2RK1 b - - 7 9,d1d3
11,EulerE,abe2362,1153,1200,rnbq1rk1/1pp1bppn/p3p2p/8/2BPP3/P1NQ1N2/1P3PPP/R1B2RK1 w - - 8 10,f6h7
11,EulerE,abe2362,1153,1200,rnbq1rk1/1pp1bppn/p3p2p/8/2BPP2P/P1NQ1N2/1P3PP1/R1B2RK1 b - - 0 10,h2h4
11,EulerE,abe2362,1153,1200,rnbq1rk1/1pp2ppn/p3p2p/8/2BPP2b/P1NQ1N2/1P3PP1/R1B2RK1 w - - 0 11,e7h4
11,EulerE,abe2362,1153,1200,rnbq1rk1/1pp2ppn/p3p2p/8/2BPP2b/P1NQ1NP1/1P3P2/R1B2RK1 b - - 0 11,g2g3
11,EulerE,abe2362,1153,1200,rnbq1rk1/1pp2ppn/p3p2p/6b1/2BPP3/P1NQ1NP1/1P3P2/R1B2RK1 w - - 1 12,h4g5
11,EulerE,abe2362,1153,1200,rnbq1rk1/1pp2ppn/p3p2p/6B1/2BPP3/P1NQ1NP1/1P3P2/R4RK1 b - - 0 12,c1g5
11,EulerE,abe2362,1153,1200,rnbq1rk1/1pp2pp1/p3p2p/6n1/2BPP3/P1NQ1NP1/1P3P2/R4RK1 w - - 0 13,h7g5
11,EulerE,abe2362,1153,1200,rnbq1rk1/1pp2pp1/p3p2p/4P1n1/2BP4/P1NQ1NP1/1P3P2/R4RK1 b - - 0 13,e4e5
11,EulerE,abe2362,1153,1200,r1bq1rk1/1pp2pp1/p1n1p2p/4P1n1/2BP4/P1NQ1NP1/1P3P2/R4RK1 w - - 1 14,b8c6
11,EulerE,abe2362,1153,1200,r1bq1rk1/1pp2pp1/p1n1p2p/4P1n1/2BP4/P1NQ1NP1/1P3PK1/R4R2 b - - 2 14,g1g2
11,EulerE,abe2362,1153,1200,1rbq1rk1/1pp2pp1/p1n1p2p/4P1n1/2BP4/P1NQ1NP1/1P3PK1/R4R2 w - - 3 15,a8b8
11,EulerE,abe2362,1153,1200,1rbq1rk1/1pp2pp1/p1n1p2p/4P1N1/2BP4/P1NQ2P1/1P3PK1/R4R2 b - - 0 15,f3g5
11,EulerE,abe2362,1153,1200,1rb2rk1/1pp2pp1/p1n1p2p/4P1q1/2BP4/P1NQ2P1/1P3PK1/R4R2 w - - 0 16,d8g5
11,EulerE,abe2362,1153,1200,1rb2rk1/1pp2pp1/p1n1p2p/4P1q1/2BP4/P1NQ2P1/1P3PK1/R6R b - - 1 16,f1h1
11,EulerE,abe2362,1153,1200,1rb2rk1/2p2pp1/p1n1p2p/1p2P1q1/2BP4/P1NQ2P1/1P3PK1/R6R w - - 0 17,b7b5
11,EulerE,abe2362,1153,1200,1rb2rk1/2p2pp1/p1n1p2p/1p2P1q1/3P4/PBNQ2P1/1P3PK1/R6R b - - 1 17,c4b3
11,EulerE,abe2362,1153,1200,1r3rk1/1bp2pp1/p1n1p2p/1p2P1q1/3P4/PBNQ2P1/1P3PK1/R6R w - - 2 18,c8b7
11,EulerE,abe2362,1153,1200,1r3rk1/1bp2pp1/p1n1p2p/1p2P1q1/3P4/P1NQ2P1/1PB2PK1/R6R b - - 3 18,b3c2
11,EulerE,abe2362,1153,1200,1r3rk1/1bp2pp1/p3p2p/1p2P1q1/3n4/P1NQ2P1/1PB2PK1/R6R w - - 0 19,c6d4
11,EulerE,abe2362,1153,1200,1r3rk1/1bp2pp1/p3p2p/1p2P1q1/3n4/P1NQ1PP1/1PB3K1/R6R b - - 0 19,f2f3
11,EulerE,abe2362,1153,1200,1r3rk1/1bp2pp1/p3p2p/1p2P1q1/8/P1NQ1PP1/1Pn3K1/R6R w - - 0 20,d4c2
11,EulerE,abe2362,1153,1200,1r3rk1/1bp2pp1/p3p2p/1p2P1q1/8/P1N2PP1/1PQ3K1/R6R b - - 0 20,d3c2
11,EulerE,abe2362,1153,1200,1r3rk1/1bp2pp1/p3p2p/1p2q3/8/P1N2PP1/1PQ3K1/R6R w - - 0 21,g5e5
11,EulerE,abe2362,1153,1200,1r3rk1/1bp2pp1/p3p2p/1p2q3/8/P1N2PP1/1PQ3K1/4R2R b - - 1 21,a1e1
11,EulerE,abe2362,1153,1200,1r3rk1/1bp2pp1/p3p2p/1p3q2/8/P1N2PP1/1PQ3K1/4R2R w - - 2 22,e5f5
11,EulerE,abe2362,1153,1200,1r3rk1/1bp2pp1/p3p2p/1p3Q2/8/P1N2PP1/1P4K1/4R2R b - - 0 22,c2f5
11,EulerE,abe2362,1153,1200,1r3rk1/1bp2pp1/p6p/1p3p2/8/P1N2PP1/1P4K1/4R2R w - - 0 23,e6f5
11,EulerE,abe2362,1153,1200,1r3rk1/1bp1Rpp1/p6p/1p3p2/8/P1N2PP1/1P4K1/7R b - - 1 23,e1e7
11,EulerE,abe2362,1153,1200,1r3rk1/1b2Rpp1/p6p/1pp2p2/8/P1N2PP1/1P4K1/7R w - - 0 24,c7c5
11,EulerE,abe2362,1153,1200,1r3rk1/1b2Rpp1/p6p/1pp2p2/8/P1N2PP1/1P4K1/3R4 b - - 1 24,h1d1
11,EulerE,abe2362,1153,1200,1r3rk1/1b2Rpp1/p6p/1p3p2/2p5/P1N2PP1/1P4K1/3R4 w - - 0 25,c5c4
11,EulerE,abe2362,1153,1200,1r3rk1/1b1RRpp1/p6p/1p3p2/2p5/P1N2PP1/1P4K1/8 b - - 1 25,d1d7
11,EulerE,abe2362,1153,1200,1rb2rk1/3RRpp1/p6p/1p3p2/2p5/P1N2PP1/1P4K1/8 w - - 2 26,b7c8
11,EulerE,abe2362,1153,1200,1rb2rk1/4Rpp1/p2R3p/1p3p2/2p5/P1N2PP1/1P4K1/8 b - - 3 26,d7d6
11,EulerE,abe2362,1153,1200,1r3rk1/4Rpp1/p2Rb2p/1p3p2/2p5/P1N2PP1/1P4K1/8 w - - 4 27,c8e6
11,EulerE,abe2362,1153,1200,1r3rk1/4Rpp1/p2Rb2p/1p3p2/2p5/P4PP1/1P2N1K1/8 b - - 5 27,c3e2
11,EulerE,abe2362,1153,1200,1r3rk1/4Rpp1/3Rb2p/pp3p2/2p5/P4PP1/1P2N1K1/8 w - - 0 28,a6a5
11,EulerE,abe2362,1153,1200,1r3rk1/4Rpp1/3Rb2p/pp3p2/2p2N2/P4PP1/1P4K1/8 b - - 1 28,e2f4
11,EulerE,abe2362,1153,1200,1r3rk1/4Rpp1/3Rb2p/p4p2/1pp2N2/P4PP1/1P4K1/8 w - - 0 29,b5b4
11,EulerE,abe2362,1153,1200,1r3rk1/4Rpp1/3Rb2p/p4p2/Ppp2N2/5PP1/1P4K1/8 b - - 0 29,a3a4
11,EulerE,abe2362,1153,1200,1r3rk1/4Rpp1/3Rb2p/p4p2/Pp3N2/2p2PP1/1P4K1/8 w - - 0 30,c4c3
11,EulerE,abe2362,1153,1200,1r3rk1/4Rpp1/3Rb2p/p4p2/Pp3N2/2P2PP1/6K1/8 b - - 0 30,b2c3
11,EulerE,abe2362,1153,1200,1r3rk1/4Rpp1/3Rb2p/p4p2/P4N2/1pP2PP1/6K1/8 w - - 0 31,b4b3
11,EulerE,abe2362,1153,1200,1r3rk1/2R2pp1/3Rb2p/p4p2/P4N2/1pP2PP1/6K1/8 b - - 1 31,e7c7
11,EulerE,abe2362,1153,1200,1r3rk1/2R2pp1/3Rb2p/p4p2/P4N2/2P2PP1/1p4K1/8 w - - 0 32,b3b2
11,EulerE,abe2362,1153,1200,1r3rk1/2R2pp1/4b2p/p4p2/P4N2/2P2PP1/1p4K1/3R4 b - - 1 32,d6d1
11,EulerE,abe2362,1153,1200,1r3rk1/2R2pp1/4b2p/p4p2/P4N2/2P2PP1/6K1/1q1R4 w - - 0 33,b2b1q
11,EulerE,abe2362,1153,1200,1r3rk1/2R2pp1/4b2p/p4p2/P4N2/2P2PP1/6K1/1R6 b - - 0 33,d1b1
11,EulerE,abe2362,1153,1200,5rk1/2R2pp1/4b2p/p4p2/P4N2/2P2PP1/6K1/1r6 w - - 0 34,b8b1
11,EulerE,abe2362,1153,1200,5rk1/2R2pp1/4N2p/p4p2/P7/2P2PP1/6K1/1r6 b - - 0 34,f4e6
11,EulerE,abe2362,1153,1200,5rk1/2R3p1/4p2p/p4p2/P7/2P2PP1/6K1/1r6 w - - 0 35,f7e6
11,EulerE,abe2362,1153,1200,5rk1/6p1/2R1p2p/p4p2/P7/2P2PP1/6K1/1r6 b - - 1 35,c7c6
11,EulerE,abe2362,1153,1200,5r2/5kp1/2R1p2p/p4p2/P7/2P2PP1/6K1/1r6 w - - 2 36,g8f7
11,EulerE,abe2362,1153,1200,5r2/5kp1/2R1p2p/p4p2/P1P5/5PP1/6K1/1r6 b - - 0 36,c3c4
11,EulerE,abe2362,1153,1200,5r2/5kp1/2R1p2p/p4p2/PrP5/5PP1/6K1/8 w - - 1 37,b1b4
11,EulerE,abe2362,1153,1200,5r2/5kp1/2R1p2p/p1P2p2/Pr6/5PP1/6K1/8 b - - 0 37,c4c5
11,EulerE,abe2362,1153,1200,5r2/5kp1/2R1p2p/p1P2p2/r7/5PP1/6K1/8 w - - 0 38,b4a4
11,EulerE,abe2362,1153,1200,5r2/2R2kp1/4p2p/p1P2p2/r7/5PP1/6K1/8 b - - 1 38,c6c7
11,EulerE,abe2362,1153,1200,5r2/2R3p1/4pk1p/p1P2p2/r7/5PP1/6K1/8 w - - 2 39,f7f6
11,EulerE,abe2362,1153,1200,5r2/2R3p1/2P1pk1p/p4p2/r7/5PP1/6K1/8 b - - 0 39,c5c6
11,EulerE,abe2362,1153,1200,5r2/2R3p1/2P1pk1p/p4p2/2r5/5PP1/6K1/8 w - - 1 40,a4c4
11,EulerE,abe2362,1153,1200,5r2/2R3p1/2P1pk1p/p4p2/2r5/5PPK/8/8 b - - 2 40,g2h3
11,EulerE,abe2362,1153,1200,5r2/2R3p1/2P1pk1p/5p2/p1r5/5PPK/8/8 w - - 0 41,a5a4
11,EulerE,abe2362,1153,1200,5r2/2R3p1/2P1pk1p/5p2/p1r2P2/6PK/8/8 b - - 0 41,f3f4
11,EulerE,abe2362,1153,1200,5r2/2R3p1/2P1pk1p/5p2/2r2P2/p5PK/8/8 w - - 0 42,a4a3
11,EulerE,abe2362,1153,1200,5r2/2R3p1/2P1pk1p/5p2/2r2P1K/p5P1/8/8 b - - 1 42,h3h4
11,EulerE,abe2362,1153,1200,5r2/2R3p1/2P1pk1p/5p2/2r2P1K/6P1/p7/8 w - - 0 43,a3a2
11,EulerE,abe2362,1153,1200,5r2/R5p1/2P1pk1p/5p2/2r2P1K/6P1/p7/8 b - - 1 43,c7a7
11,EulerE,abe2362,1153,1200,5r2/R5p1/2r1pk1p/5p2/5P1K/6P1/p7/8 w - - 0 44,c4c6
11,EulerE,abe2362,1153,1200,5r2/6p1/2r1pk1p/5p2/5P1K/6P1/R7/8 b - - 0 44,a7a2
11,EulerE,abe2362,1153,1200,5r2/6p1/4pk1p/5p2/2r2P1K/6P1/R7/8 w - - 1 45,c6c4
11,EulerE,abe2362,1153,1200,5r2/6p1/4pk1p/5p2/2r2P1K/6P1/5R2/8 b - - 2 45,a2f2
11,EulerE,abe2362,1153,1200,5r2/6p1/5k1p/4pp2/2r2P1K/6P1/5R2/8 w - - 0 46,e6e5
11,EulerE,abe2362,1153,1200,5r2/6p1/5k1p/4pp1K/2r2P2/6P1/5R2/8 b - - 1 46,h4h5
11,EulerE,abe2362,1153,1200,5r2/6p1/5k1p/5p1K/2r1pP2/6P1/5R2/8 w - - 0 47,e5e4
11,EulerE,abe2362,1153,1200,5r2/6p1/5k1p/5p1K/2r1pPP1/8/5R2/8 b - - 0 47,g3g4
11,EulerE,abe2362,1153,1200,5r2/6p1/5k1p/5p1K/4pPP1/8/5R2/2r5 w - - 1 48,c4c1
11,EulerE,abe2362,1153,1200,5r2/6p1/5k1p/5p1K/4pPP1/8/7R/2r5 b - - 2 48,f2h2
11,EulerE,abe2362,1153,1200,5r2/6p1/5k1p/7K/4pPp1/8/7R/2r5 w - - 0 49,f5g4
11,EulerE,abe2362,1153,1200,5r2/6p1/5k1p/5P1K/4p1p1/8/7R/2r5 b - - 0 49,f4f5
11,EulerE,abe2362,1153,1200,4r3/6p1/5k1p/5P1K/4p1p1/8/7R/2r5 w - - 1 50,f8e8
11,EulerE,abe2362,1153,1200,4r3/6p1/5k1p/5P1K/4p1p1/8/3R4/2r5 b - - 2 50,h2d2
11,EulerE,abe2362,1153,1200,4r3/6p1/5k1p/5P1K/6p1/4p3/3R4/2r5 w - - 0 51,e4e3
11,EulerE,abe2362,1153,1200,4r3/6p1/3R1k1p/5P1K/6p1/4p3/8/2r5 b - - 1 51,d2d6
11,EulerE,abe2362,1153,1200,4r3/6p1/3R3p/5k1K/6p1/4p3/8/2r5 w - - 0 52,f6f5
11,EulerE,abe2362,1153,1200,4r3/6p1/7p/3R1k1K/6p1/4p3/8/2r5 b - - 1 52,d6d5
11,EulerE,abe2362,1153,1200,4r3/6p1/7p/3R3K/5kp1/4p3/8/2r5 w - - 2 53,f5f4
11,EulerE,abe2362,1153,1200,4r3/6p1/7p/7K/3R1kp1/4p3/8/2r5 b - - 3 53,d5d4
11,EulerE,abe2362,1153,1200,4r3/6p1/7p/7K/3R2p1/4pk2/8/2r5 w - - 4 54,f4f3
11,EulerE,abe2362,1153,1200,4r3/6p1/7p/7K/6R1/4pk2/8/2r5 b - - 0 54,d4g4
11,EulerE,abe2362,1153,1200,4r3/6p1/7p/7K/6R1/5k2/4p3/2r5 w - - 0 55,e3e2
11,EulerE,abe2362,1153,1200,4r3/6p1/6Rp/7K/8/5k2/4p3/2r5 b - - 1 55,g4g6
11,EulerE,abe2362,1153,1200,8/6p1/6Rp/4r2K/8/5k2/4p3/2r5 w - - 2 56,e8e5
11,EulerE,abe2362,1153,1200,8/6p1/7p/4r1RK/8/5k2/4p3/2r5 b - - 3 56,g6g5
11,EulerE,abe2362,1153,1200,8/6p1/7p/6rK/8/5k2/4p3/2r5 w - - 0 57,e5g5
11,EulerE,abe2362,1153,1200,8/6p1/7p/6r1/7K/5k2/4p3/2r5 b - - 1 57,h5h4
11,EulerE,abe2362,1153,1200,8/6p1/7p/6r1/7K/5k2/8/2r1q3 w - - 0 58,e2e1q
11,EulerE,abe2362,1153,1200,8/6p1/7p/6r1/8/5k1K/8/2r1q3 b - - 1 58,h4h3
11,EulerE,abe2362,1153,1200,8/6p1/7p/6r1/8/5kqK/8/2r5 w - - 2 59,e1g3
12,RaghavSagar,EulerE,1102,1160,rnbqkbnr/pppppppp/8/8/4P3/8/PPPP1PPP/RNBQKBNR b KQkq - 0 1,e2e4
12,RaghavSagar,EulerE,1102,1160,rnbqkbnr/pppp1ppp/8/4p3/4P3/8/PPPP1PPP/RNBQKBNR w KQkq - 0 2,e7e5
12,RaghavSagar,EulerE,1102,1160,rnbqkbnr/pppp1ppp/8/4p2Q/4P3/8/PPPP1PPP/RNB1KBNR b KQkq - 1 2,d1h5
12,RaghavSagar,EulerE,1102,1160,r1bqkbnr/pppp1ppp/2n5/4p2Q/4P3/8/PPPP1PPP/RNB1KBNR w KQkq - 2 3,b8c6
12,RaghavSagar,EulerE,1102,1160,r1bqkbnr/pppp1ppp/2n5/4p2Q/2B1P3/8/PPPP1PPP/RNB1K1NR b KQkq - 3 3,f1c4
12,RaghavSagar,EulerE,1102,1160,r1bqkbnr/pppp1p1p/2n3p1/4p2Q/2B1P3/8/PPPP1PPP/RNB1K1NR w KQkq - 0 4,g7g6
12,RaghavSagar,EulerE,1102,1160,r1bqkbnr/pppp1p1p/2n3p1/4p3/2B1P3/5Q2/PPPP1PPP/RNB1K1NR b KQkq - 1 4,h5f3
12,RaghavSagar,EulerE,1102,1160,r1bqkb1r/pppp1p1p/2n2np1/4p3/2B1P3/5Q2/PPPP1PPP/RNB1K1NR w KQkq - 2 5,g8f6
12,RaghavSagar,EulerE,1102,1160,r1bqkb1r/pppp1p1p/2n2np1/4p3/2B1P3/2P2Q2/PP1P1PPP/RNB1K1NR b KQkq - 0 5,c2c3
12,RaghavSagar,EulerE,1102,1160,r1bqk2r/pppp1p1p/2n2np1/2b1p3/2B1P3/2P2Q2/PP1P1PPP/RNB1K1NR w KQkq - 1 6,f8c5
12,RaghavSagar,EulerE,1102,1160,r1bqk2r/pppp1p1p/2n2np1/2b1p3/1PB1P3/2P2Q2/P2P1PPP/RNB1K1NR b KQkq - 0 6,b2b4
12,RaghavSagar,EulerE,1102,1160,r1bqk2r/ppppbp1p/2n2np1/4p3/1PB1P3/2P2Q2/P2P1PPP/RNB1K1NR w KQkq - 1 7,c5e7
12,RaghavSagar,EulerE,1102,1160,r1bqk2r/ppppbp1p/2n2np1/1P2p3/2B1P3/2P2Q2/P2P1PPP/RNB1K1NR b KQkq - 0 7,b4b5
12,RaghavSagar,EulerE,1102,1160,r1bqk2r/ppppbp1p/5np1/nP2p3/2B1P3/2P2Q2/P2P1PPP/RNB1K1NR w KQkq - 1 8,c6a5
12,RaghavSagar,EulerE,1102,1160,r1bqk2r/ppppbp1p/5np1/nP2p3/2B1P3/2P5/P2PQPPP/RNB1K1NR b KQkq - 2 8,f3e2
12,RaghavSagar,EulerE,1102,1160,r1bqk2r/ppppbp1p/5np1/1P2p3/2n1P3/2P5/P2PQPPP/RNB1K1NR w KQkq - 0 9,a5c4
12,RaghavSagar,EulerE,1102,1160,r1bqk2r/ppppbp1p/5np1/1P2p3/2Q1P3/2P5/P2P1PPP/RNB1K1NR b KQkq - 0 9,e2c4
12,RaghavSagar,EulerE,1102,1160,r1bq1rk1/ppppbp1p/5np1/1P2p3/2Q1P3/2P5/P2P1PPP/RNB1K1NR w KQ - 1 10,e8g8
12,RaghavSagar,EulerE,1102,1160,r1bq1rk1/ppppbp1p/5np1/1P2p3/2Q1P3/2P2N2/P2P1PPP/RNB1K2R b KQ - 2 10,g1f3
12,RaghavSagar,EulerE,1102,1160,r1bq1rk1/ppp1bp1p/5np1/1P1pp3/2Q1P3/2P2N2/P2P1PPP/RNB1K2R w KQ - 0 11,d7d5
12,RaghavSagar,EulerE,1102,1160,r1bq1rk1/ppp1bp1p/5np1/1P1Pp3/2Q5/2P2N2/P2P1PPP/RNB1K2R b KQ - 0 11,e4d5
12,RaghavSagar,EulerE,1102,1160,r1bq1rk1/ppp2p1p/3b1np1/1P1Pp3/2Q5/2P2N2/P2P1PPP/RNB1K2R w KQ - 1 12,e7d6
12,RaghavSagar,EulerE,1102,1160,r1bq1rk1/ppp2p1p/3b1np1/1P1Pp3/2Q5/B1P2N2/P2P1PPP/RN2K2R b KQ - 2 12,c1a3
12,RaghavSagar,EulerE,1102,1160,r1bq1rk1/p1p2p1p/1p1b1np1/1P1Pp3/2Q5/B1P2N2/P2P1PPP/RN2K2R w KQ - 0 13,b7b6
12,RaghavSagar,EulerE,1102,1160,r1bq1rk1/p1p2p1p/1p1B1np1/1P1Pp3/2Q5/2P2N2/P2P1PPP/RN2K2R b KQ - 0 13,a3d6
12,RaghavSagar,EulerE,1102,1160,r1b2rk1/p1p2p1p/1p1q1np1/1P1Pp3/2Q5/2P2N2/P2P1PPP/RN2K2R w KQ - 0 14,d8d6
12,RaghavSagar,EulerE,1102,1160,r1b2rk1/p1p2p1p/1p1q1np1/1P1Pp3/2Q5/2P2N2/P2P1PPP/RN3RK1 b - - 1 14,e1g1
12,RaghavSagar,EulerE,1102,1160,r4rk1/pbp2p1p/1p1q1np1/1P1Pp3/2Q5/2P2N2/P2P1PPP/RN3RK1 w - - 2 15,c8b7
12,RaghavSagar,EulerE,1102,1160,r4rk1/pbp2p1p/1p1q1np1/1P1Pp3/8/2PQ1N2/P2P1PPP/RN3RK1 b - - 3 15,c4d3
12,RaghavSagar,EulerE,1102,1160,r4rk1/pbp2p1p/1p1q1np1/1P1P4/4p3/2PQ1N2/P2P1PPP/RN3RK1 w - - 0 16,e5e4
12,RaghavSagar,EulerE,1102,1160,r4rk1/pbp2p1p/1p1q1np1/1P1P4/4p3/2P2N2/P2PQPPP/RN3RK1 b - - 1 16,d3e2
12,RaghavSagar,EulerE,1102,1160,r4rk1/pbp2p1p/1p1q1np1/1P1P4/8/2P2p2/P2PQPPP/RN3RK1 w - - 0 17,e4f3
12,RaghavSagar,EulerE,1102,1160,r4rk1/pbp2p1p/1p1q1np1/1P1P4/8/2P2Q2/P2P1PPP/RN3RK1 b - - 0 17,e2f3
12,RaghavSagar,EulerE,1102,1160,r4rk1/p1p2p1p/1p1q1np1/1P1b4/8/2P2Q2/P2P1PPP/RN3RK1 w - - 0 18,b7d5
12,RaghavSagar,EulerE,1102,1160,r4rk1/p1p2p1p/1p1q1np1/1P1b4/8/2P3Q1/P2P1PPP/RN3RK1 b - - 1 18,f3g3
12,RaghavSagar,EulerE,1102,1160,r4rk1/p1p2p1p/1p1q2p1/1P1b4/4n3/2P3Q1/P2P1PPP/RN3RK1 w - - 2 19,f6e4
12,RaghavSagar,EulerE,1102,1160,r4rk1/p1p2p1p/1p1Q2p1/1P1b4/4n3/2P5/P2P1PPP/RN3RK1 b - - 0 19,g3d6
12,RaghavSagar,EulerE,1102,1160,r4rk1/p1p2p1p/1p1n2p1/1P1b4/8/2P5/P2P1PPP/RN3RK1 w - - 0 20,e4d6
12,RaghavSagar,EulerE,1102,1160,r4rk1/p1p2p1p/1p1n2p1/1P1b4/8/N1P5/P2P1PPP/R4RK1 b - - 1 20,b1a3
12,RaghavSagar,EulerE,1102,1160,r3r1k1/p1p2p1p/1p1n2p1/1P1b4/8/N1P5/P2P1PPP/R4RK1 w - - 2 21,f8e8
12,RaghavSagar,EulerE,1102,1160,r3r1k1/p1p2p1p/1p1n2p1/1P1b4/8/N1P3P1/P2P1P1P/R4RK1 b - - 0 21,g2g3
12,RaghavSagar,EulerE,1102,1160,r3r1k1/p1p2p1p/1p1n2p1/1P6/2b5/N1P3P1/P2P1P1P/R4RK1 w - - 1 22,d5c4
12,RaghavSagar,EulerE,1102,1160,r3r1k1/p1p2p1p/1p1n2p1/1P6/2N5/2P3P1/P2P1P1P/R4RK1 b - - 0 22,a3c4
12,RaghavSagar,EulerE,1102,1160,r3r1k1/p1p2p1p/1p4p1/1P6/2n5/2P3P1/P2P1P1P/R4RK1 w - - 0 23,d6c4
12,RaghavSagar,EulerE,1102,1160,r3r1k1/p1p2p1p/1p4p1/1P6/2n5/2PP2P1/P4P1P/R4RK1 b - - 0 23,d2d3
12,RaghavSagar,EulerE,1102,1160,r3r1k1/p1p2p1p/1p4p1/1P2n3/8/2PP2P1/P4P1P/R4RK1 w - - 1 24,c4e5
12,RaghavSagar,EulerE,1102,1160,r3r1k1/p1p2p1p/1p4p1/1P2n3/3P4/2P3P1/P4P1P/R4RK1 b - - 0 24,d3d4
12,RaghavSagar,EulerE,1102,1160,r3r1k1/p1p2p1p/1p4p1/1P6/3P4/2P2nP1/P4P1P/R4RK1 w - - 1 25,e5f3
12,RaghavSagar,EulerE,1102,1160,r3r1k1/p1p2p1p/1p4p1/1P6/3P4/2P2nP1/P4P1P/R4R1K b - - 2 25,g1h1
12,RaghavSagar,EulerE,1102,1160,r5k1/p1p2p1p/1p4p1/1P6/3P4/2P2nP1/P3rP1P/R4R1K w - - 3 26,e8e2
12,RaghavSagar,EulerE,1102,1160,r5k1/p1p2p1p/1p4p1/1P6/3P4/2P2nP1/P3rPKP/R4R2 b - - 4 26,h1g2
12,RaghavSagar,EulerE,1102,1160,r5k1/p1p2p1p/1p4p1/1P6/3P4/2P3P1/P2nrPKP/R4R2 w - - 5 27,f3d2
12,RaghavSagar,EulerE,1102,1160,r5k1/p1p2p1p/1p4p1/1P6/3P4/2P3P1/P2nrPKP/R2R4 b - - 6 27,f1d1
12,RaghavSagar,EulerE,1102,1160,r5k1/p1p2p1p/1p4p1/1P6/2nP4/2P3P1/P3rPKP/R2R4 w - - 7 28,d2c4
12,RaghavSagar,EulerE,1102,1160,r5k1/p1p2p1p/1p4p1/1P6/2nP4/2P2KP1/P3rP1P/R2R4 b - - 8 28,g2f3
12,RaghavSagar,EulerE,1102,1160,r5k1/p1p2p1p/1p4p1/1P6/2nP4/2P2KP1/P1r2P1P/R2R4 w - - 9 29,e2c2
12,RaghavSagar,EulerE,1102,1160,r5k1/p1p2p1p/1p4p1/1P6/2nPK3/2P3P1/P1r2P1P/R2R4 b - - 10 29,f3e4
12,RaghavSagar,EulerE,1102,1160,r5k1/p1p2p1p/1p4p1/1P6/2nPK3/2P3P1/P4r1P/R2R4 w - - 0 30,c2f2
12,RaghavSagar,EulerE,1102,1160,r5k1/p1p2p1p/1p4p1/1P6/2nPK3/2P3P1/P4r1P/R5R1 b - - 1 30,d1g1
12,RaghavSagar,EulerE,1102,1160,r5k1/p1p2p1p/1p1n2p1/1P6/3PK3/2P3P1/P4r1P/R5R1 w - - 2 31,c4d6
12,RaghavSagar,EulerE,1102,1160,r5k1/p1p2p1p/1p1n2p1/1P2K3/3P4/2P3P1/P4r1P/R5R1 b - - 3 31,e4e5
12,RaghavSagar,EulerE,1102,1160,r5k1/p1p2p1p/1p4p1/1n2K3/3P4/2P3P1/P4r1P/R5R1 w - - 0 32,d6b5
12,RaghavSagar,EulerE,1102,1160,r5k1/p1p2p1p/1p4p1/1n2K3/2PP4/6P1/P4r1P/R5R1 b - - 0 32,c3c4
12,RaghavSagar,EulerE,1102,1160,4r1k1/p1p2p1p/1p4p1/1n2K3/2PP4/6P1/P4r1P/R5R1 w - - 1 33,a8e8
12,RaghavSagar,EulerE,1102,1160,4r1k1/p1p2p1p/1p4p1/1n1K4/2PP4/6P1/P4r1P/R5R1 b - - 2 33,e5d5
12,RaghavSagar,EulerE,1102,1160,3r2k1/p1p2p1p/1p4p1/1n1K4/2PP4/6P1/P4r1P/R5R1 w - - 3 34,e8d8
12,RaghavSagar,EulerE,1102,1160,3r2k1/p1p2p1p/1pK3p1/1n6/2PP4/6P1/P4r1P/R5R1 b - - 4 34,d5c6
12,RaghavSagar,EulerE,1102,1160,6k1/p1p2p1p/1pKr2p1/1n6/2PP4/6P1/P4r1P/R5R1 w - - 5 35,d8d6
12,RaghavSagar,EulerE,1102,1160,6k1/p1p2p1p/1p1r2p1/1K6/2PP4/6P1/P4r1P/R5R1 b - - 0 35,c6b5
12,RaghavSagar,EulerE,1102,1160,6k1/p1p2p1p/1p4p1/1K6/2Pr4/6P1/P4r1P/R5R1 w - - 0 36,d6d4
12,RaghavSagar,EulerE,1102,1160,6k1/p1p2p1p/Kp4p1/8/2Pr4/6P1/P4r1P/R5R1 b - - 1 36,b5a6
12,RaghavSagar,EulerE,1102,1160,6k1/p1p2p1p/Kp4p1/8/2r5/6P1/P4r1P/R5R1 w - - 0 37,d4c4
12,RaghavSagar,EulerE,1102,1160,6k1/K1p2p1p/1p4p1/8/2r5/6P1/P4r1P/R5R1 b - - 0 37,a6a7
12,RaghavSagar,EulerE,1102,1160,6k1/K1p2p1p/1p4p1/8/2r5/6P1/P6r/R5R1 w - - 0 38,f2h2
12,RaghavSagar,EulerE,1102,1160,6k1/1Kp2p1p/1p4p1/8/2r5/6P1/P6r/R5R1 b - - 1 38,a7b7
12,RaghavSagar,EulerE,1102,1160,6k1/1Kp4p/1p4p1/5p2/2r5/6P1/P6r/R5R1 w - - 0 39,f7f5
12,RaghavSagar,EulerE,1102,1160,6k1/1Kp4p/1p4p1/5p2/2r5/6P1/P6r/R1R5 b - - 1 39,g1c1
12,RaghavSagar,EulerE,1102,1160,6k1/1Kp4p/1p4p1/5p2/8/6P1/P6r/R1r5 w - - 0 40,c4c1
12,RaghavSagar,EulerE,1102,1160,6k1/1Kp4p/1p4p1/5p2/8/6P1/P6r/2R5 b - - 0 40,a1c1
12,RaghavSagar,EulerE,1102,1160,6k1/1Kp4p/1p4p1/5p2/8/6P1/r7/2R5 w - - 0 41,h2a2
12,RaghavSagar,EulerE,1102,1160,6k1/2K4p/1p4p1/5p2/8/6P1/r7/2R5 b - - 0 41,b7c7
12,RaghavSagar,EulerE,1102,1160,8/2K3kp/1p4p1/5p2/8/6P1/r7/2R5 w - - 1 42,g8g7
12,RaghavSagar,EulerE,1102,1160,8/6kp/1K4p1/5p2/8/6P1/r7/2R5 b - - 0 42,c7b6
12,RaghavSagar,EulerE,1102,1160,8/6kp/1K4p1/5p2/8/6P1/6r1/2R5 w - - 1 43,a2g2
12,RaghavSagar,EulerE,1102,1160,8/6kp/1K4p1/5p2/8/2R3P1/6r1/8 b - - 2 43,c1c3
12,RaghavSagar,EulerE,1102,1160,8/6k1/1K4p1/5p1p/8/2R3P1/6r1/8 w - - 0 44,h7h5
12,RaghavSagar,EulerE,1102,1160,8/6k1/2K3p1/5p1p/8/2R3P1/6r1/8 b - - 1 44,b6c6
12,RaghavSagar,EulerE,1102,1160,8/8/2K2kp1/5p1p/8/2R3P1/6r1/8 w - - 2 45,g7f6
12,RaghavSagar,EulerE,1102,1160,8/8/3K1kp1/5p1p/8/2R3P1/6r1/8 b - - 3 45,c6d6
12,RaghavSagar,EulerE,1102,1160,8/8/3K2p1/5pkp/8/2R3P1/6r1/8 w - - 4 46,f6g5
12,RaghavSagar,EulerE,1102,1160,8/8/6p1/4Kpkp/8/2R3P1/6r1/8 b - - 5 46,d6e5
12,RaghavSagar,EulerE,1102,1160,8/8/6p1/4Kpkp/8/2R3P1/4r3/8 w - - 6 47,g2e2
12,RaghavSagar,EulerE,1102,1160,8/8/3K2p1/5pkp/8/2R3P1/4r3/8 b - - 7 47,e5d6
12,RaghavSagar,EulerE,1102,1160,8/8/3K2p1/5pk1/7p/2R3P1/4r3/8 w - - 0 48,h5h4
12,RaghavSagar,EulerE,1102,1160,8/8/3K2p1/5pk1/7P/2R5/4r3/8 b - - 0 48,g3h4
12,RaghavSagar,EulerE,1102,1160,8/8/3K2p1/5p2/7k/2R5/4r3/8 w - - 0 49,g5h4
12,RaghavSagar,EulerE,1102,1160,8/8/3K2p1/5p2/2R4k/8/4r3/8 b - - 1 49,c3c4
12,RaghavSagar,EulerE,1102,1160,8/8/3K2p1/5pk1/2R5/8/4r3/8 w - - 2 50,h4g5
12,RaghavSagar,EulerE,1102,1160,8/8/3K2p1/5pk1/8/8/4r3/2R5 b - - 3 50,c4c1
12,RaghavSagar,EulerE,1102,1160,8/8/3K2p1/6k1/5p2/8/4r3/2R5 w - - 0 51,f5f4
12,RaghavSagar,EulerE,1102,1160,8/8/3K2p1/6k1/5p2/8/4r3/6R1 b - - 1 51,c1g1
12,RaghavSagar,EulerE,1102,1160,8/8/3K2p1/5k2/5p2/8/4r3/6R1 w - - 2 52,g5f5
12,RaghavSagar,EulerE,1102,1160,8/8/3K2p1/5k2/5p2/8/4r3/7R b - - 3 52,g1h1
12,RaghavSagar,EulerE,1102,1160,8/8/3K4/5kp1/5p2/8/4r3/7R w - - 0 53,g6g5
12,RaghavSagar,EulerE,1102,1160,8/8/8/3K1kp1/5p2/8/4r3/7R b - - 1 53,d6d5
12,RaghavSagar,EulerE,1102,1160,8/8/8/3K1kp1/8/5p2/4r3/7R w - - 0 54,f4f3
12,RaghavSagar,EulerE,1102,1160,8/8/8/5kp1/3K4/5p2/4r3/7R b - - 1 54,d5d4
12,RaghavSagar,EulerE,1102,1160,8/8/8/5k2/3K2p1/5p2/4r3/7R w - - 0 55,g5g4
12,RaghavSagar,EulerE,1102,1160,8/8/8/5k2/6p1/3K1p2/4r3/7R b - - 1 55,d4d3
12,RaghavSagar,EulerE,1102,1160,4r3/8/8/5k2/6p1/3K1p2/8/7R w - - 2 56,e2e8
12,RaghavSagar,EulerE,1102,1160,4r3/8/8/5k1R/6p1/3K1p2/8/8 b - - 3 56,h1h5
12,RaghavSagar,EulerE,1102,1160,4r3/8/8/7R/5kp1/3K1p2/8/8 w - - 4 57,f5f4
12,RaghavSagar,EulerE,1102,1160,4r3/8/7R/8/5kp1/3K1p2/8/8 b - - 5 57,h5h6
12,RaghavSagar,EulerE,1102,1160,4r3/8/7R/8/5kp1/3K4/5p2/8 w - - 0 58,f3f2
12,RaghavSagar,EulerE,1102,1160,4r3/8/5R2/8/5kp1/3K4/5p2/8 b - - 1 58,h6f6
12,RaghavSagar,EulerE,1102,1160,4r3/8/5R2/8/6p1/3K2k1/5p2/8 w - - 2 59,f4g3
13,EulerE,Pepe545ga,1153,1194,rnbqkbnr/pppppppp/8/8/3P4/8/PPP1PPPP/RNBQKBNR b KQkq - 0 1,d2d4
13,EulerE,Pepe545ga,1153,1194,rnbqkbnr/ppp1pppp/8/3p4/3P4/8/PPP1PPPP/RNBQKBNR w KQkq - 0 2,d7d5
13,EulerE,Pepe545ga,1153,1194,rnbqkbnr/ppp1pppp/8/3p4/2PP4/8/PP2PPPP/RNBQKBNR b KQkq - 0 2,c2c4
13,EulerE,Pepe545ga,1153,1194,rnbqkbnr/ppp1pppp/8/8/2pP4/8/PP2PPPP/RNBQKBNR w KQkq - 0 3,d5c4
13,EulerE,Pepe545ga,1153,1194,rnbqkbnr/ppp1pppp/8/8/2pPP3/8/PP3PPP/RNBQKBNR b KQkq - 0 3,e2e4
13,EulerE,Pepe545ga,1153,1194,rnbqkbnr/ppp2ppp/4p3/8/2pPP3/8/PP3PPP/RNBQKBNR w KQkq - 0 4,e7e6
13,EulerE,Pepe545ga,1153,1194,rnbqkbnr/ppp2ppp/4p3/8/2BPP3/8/PP3PPP/RNBQK1NR b KQkq - 0 4,f1c4
13,EulerE,Pepe545ga,1153,1194,rnbqk1nr/ppp2ppp/4p3/8/1bBPP3/8/PP3PPP/RNBQK1NR w KQkq - 1 5,f8b4
13,EulerE,Pepe545ga,1153,1194,rnbqk1nr/ppp2ppp/4p3/8/1bBPP3/8/PP1B1PPP/RN1QK1NR b KQkq - 2 5,c1d2
13,EulerE,Pepe545ga,1153,1194,rnb1k1nr/ppp2ppp/4p3/8/1bBqP3/8/PP1B1PPP/RN1QK1NR w KQkq - 0 6,d8d4
13,EulerE,Pepe545ga,1153,1194,rnb1k1nr/ppp2ppp/4p3/8/1bBqP3/2N5/PP1B1PPP/R2QK1NR b KQkq - 1 6,b1c3
13,EulerE,Pepe545ga,1153,1194,rnb1k1nr/ppp2ppp/4p3/8/1bq1P3/2N5/PP1B1PPP/R2QK1NR w KQkq - 0 7,d4c4
13,EulerE,Pepe545ga,1153,1194,rnb1k1nr/ppp2ppp/4p3/8/Qbq1P3/2N5/PP1B1PPP/R3K1NR b KQkq - 1 7,d1a4
13,EulerE,Pepe545ga,1153,1194,rn2k1nr/pppb1ppp/4p3/8/Qbq1P3/2N5/PP1B1PPP/R3K1NR w KQkq - 2 8,c8d7
14,EulerE,knives789,1145,1142,rnbqkbnr/pppppppp/8/8/8/5N2/PPPPPPPP/RNBQKB1R b KQkq - 1 1,g1f3
14,EulerE,knives789,1145,1142,rnbqkbnr/ppp1pppp/8/3p4/8/5N2/PPPPPPPP/RNBQKB1R w KQkq - 0 2,d7d5
14,EulerE,knives789,1145,1142,rnbqkbnr/ppp1pppp/8/3p4/3P4/5N2/PPP1PPPP/RNBQKB1R b KQkq - 0 2,d2d4
14,EulerE,knives789,1145,1142,rnbqkbnr/ppp2ppp/4p3/3p4/3P4/5N2/PPP1PPPP/RNBQKB1R w KQkq - 0 3,e7e6
14,EulerE,knives789,1145,1142,rnbqkbnr/ppp2ppp/4p3/3p4/3P1B2/5N2/PPP1PPPP/RN1QKB1R b KQkq - 1 3,c1f4
14,EulerE,knives789,1145,1142,r1bqkbnr/ppp2ppp/2n1p3/3p4/3P1B2/5N2/PPP1PPPP/RN1QKB1R w KQkq - 2 4,b8c6
14,EulerE,knives789,1145,1142,r1bqkbnr/ppp2ppp/2n1p3/3p4/3P1B2/4PN2/PPP2PPP/RN1QKB1R b KQkq - 0 4,e2e3
14,EulerE,knives789,1145,1142,r1bqkb1r/ppp2ppp/2n1pn2/3p4/3P1B2/4PN2/PPP2PPP/RN1QKB1R w KQkq - 1 5,g8f6
14,EulerE,knives789,1145,1142,r1bqkb1r/ppp2ppp/2n1pn2/3p4/3P1B2/3BPN2/PPP2PPP/RN1QK2R b KQkq - 2 5,f1d3
14,EulerE,knives789,1145,1142,r1bqkb1r/ppp2p1p/2n1pnp1/3p4/3P1B2/3BPN2/PPP2PPP/RN1QK2R w KQkq - 0 6,g7g6
14,EulerE,knives789,1145,1142,r1bqkb1r/ppp2p1p/2n1pnp1/3p4/3P1B2/2NBPN2/PPP2PPP/R2QK2R b KQkq - 1 6,b1c3
14,EulerE,knives789,1145,1142,r1bqkb1r/1pp2p1p/p1n1pnp1/3p4/3P1B2/2NBPN2/PPP2PPP/R2QK2R w KQkq - 0 7,a7a6
14,EulerE,knives789,1145,1142,r1bqkb1r/1pp2p1p/p1n1pnp1/3p4/3P1B2/2NBPN2/PPP2PPP/R2Q1RK1 b kq - 1 7,e1g1
14,EulerE,knives789,1145,1142,r1bqk2r/1pp2pbp/p1n1pnp1/3p4/3P1B2/2NBPN2/PPP2PPP/R2Q1RK1 w kq - 2 8,f8g7
14,EulerE,knives789,1145,1142,r1bqk2r/1pp2pbp/p1n1pnp1/3pN3/3P1B2/2NBP3/PPP2PPP/R2Q1RK1 b kq - 3 8,f3e5
14,EulerE,knives789,1145,1142,r1bqk2r/1pp2pbp/p3pnp1/3pn3/3P1B2/2NBP3/PPP2PPP/R2Q1RK1 w kq - 0 9,c6e5
14,EulerE,knives789,1145,1142,r1bqk2r/1pp2pbp/p3pnp1/3pB3/3P4/2NBP3/PPP2PPP/R2Q1RK1 b kq - 0 9,f4e5
14,EulerE,knives789,1145,1142,r1bq1rk1/1pp2pbp/p3pnp1/3pB3/3P4/2NBP3/PPP2PPP/R2Q1RK1 w - - 1 10,e8g8
14,EulerE,knives789,1145,1142,r1bq1rk1/1pp2pbp/p3pnp1/3pB3/3P4/2NBPQ2/PPP2PPP/R4RK1 b - - 2 10,d1f3
14,EulerE,knives789,1145,1142,r1bq1rk1/1ppn1pbp/p3p1p1/3pB3/3P4/2NBPQ2/PPP2PPP/R4RK1 w - - 3 11,f6d7
14,EulerE,knives789,1145,1142,r1bq1rk1/1ppn1pBp/p3p1p1/3p4/3P4/2NBPQ2/PPP2PPP/R4RK1 b - - 0 11,e5g7
14,EulerE,knives789,1145,1142,r1bq1r2/1ppn1pkp/p3p1p1/3p4/3P4/2NBPQ2/PPP2PPP/R4RK1 w - - 0 12,g8g7
14,EulerE,knives789,1145,1142,r1bq1r2/1ppn1pkp/p3p1p1/3p4/3P4/3BPQ2/PPP1NPPP/R4RK1 b - - 1 12,c3e2
14,EulerE,knives789,1145,1142,r1bq1r2/1ppn1pkp/p5p1/3pp3/3P4/3BPQ2/PPP1NPPP/R4RK1 w - - 0 13,e6e5
14,EulerE,knives789,1145,1142,r1bq1r2/1ppn1pkp/p5p1/3pp3/3P4/3BPQ2/PPP1NPPP/R3R1K1 b - - 1 13,f1e1
14,EulerE,knives789,1145,1142,r1bq1r2/1ppn1pkp/p5p1/3p4/3Pp3/3BPQ2/PPP1NPPP/R3R1K1 w - - 0 14,e5e4
14,EulerE,knives789,1145,1142,r1bq1r2/1ppn1pkp/p5p1/3p4/3PpQ2/3BP3/PPP1NPPP/R3R1K1 b - - 1 14,f3f4
14,EulerE,knives789,1145,1142,r1bq1r2/1ppn1pkp/p5p1/3p4/3P1Q2/3pP3/PPP1NPPP/R3R1K1 w - - 0 15,e4d3
14,EulerE,knives789,1145,1142,r1bq1r2/1ppn1pkp/p5p1/3p1Q2/3P4/3pP3/PPP1NPPP/R3R1K1 b - - 1 15,f4f5
14,EulerE,knives789,1145,1142,r1bq1r2/1ppn1pkp/p7/3p1p2/3P4/3pP3/PPP1NPPP/R3R1K1 w - - 0 16,g6f5
14,EulerE,knives789,1145,1142,r1bq1r2/1ppn1pkp/p7/3p1p2/3P4/3pP3/PPP1NPPP/R2R2K1 b - - 1 16,e1d1
14,EulerE,knives789,1145,1142,r1bq1r1k/1ppn1p1p/p7/3p1p2/3P4/3pP3/PPP1NPPP/R2R2K1 w - - 2 17,g7h8
14,EulerE,knives789,1145,1142,r1bq1r1k/1ppn1p1p/p7/3p1p2/3P4/2PpP3/PP2NPPP/R2R2K1 b - - 0 17,c2c3
14,EulerE,knives789,1145,1142,r1bq1r1k/1ppn1p1p/p7/3p1p2/3P4/2P1P3/PP2pPPP/R2R2K1 w - - 0 18,d3e2
14,EulerE,knives789,1145,1142,r1bq1r1k/1ppn1p1p/p7/3p1p2/3P4/2P1P3/PP2pPPP/2RR2K1 b - - 1 18,a1c1
14,EulerE,knives789,1145,1142,r1bq2rk/1ppn1p1p/p7/3p1p2/3P4/2P1P3/PP2pPPP/2RR2K1 w - - 2 19,f8g8
14,EulerE,knives789,1145,1142,r1bq2rk/1ppn1p1p/p7/3p1p2/3P4/2P1P3/PPR1pPPP/3R2K1 b - - 3 19,c1c2
14,EulerE,knives789,1145,1142,r1bq2rk/1ppn1p1p/p7/3p1p2/3P4/2P1P3/PPR2PPP/3q2K1 w - - 0 20,e2d1q
15,anayru,EulerE,1186,1138,rnbqkbnr/pppppppp/8/8/3P4/8/PPP1PPPP/RNBQKBNR b KQkq - 0 1,d2d4
15,anayru,EulerE,1186,1138,rnbqkbnr/pppppp1p/6p1/8/3P4/8/PPP1PPPP/RNBQKBNR w KQkq - 0 2,g7g6
15,anayru,EulerE,1186,1138,rnbqkbnr/pppppp1p/6p1/8/3PP3/8/PPP2PPP/RNBQKBNR b KQkq - 0 2,e2e4
15,anayru,EulerE,1186,1138,rnbqk1nr/ppppppbp/6p1/8/3PP3/8/PPP2PPP/RNBQKBNR w KQkq - 1 3,f8g7
15,anayru,EulerE,1186,1138,rnbqk1nr/ppppppbp/6p1/8/3PP3/5N2/PPP2PPP/RNBQKB1R b KQkq - 2 3,g1f3
15,anayru,EulerE,1186,1138,r1bqk1nr/ppppppbp/2n3p1/8/3PP3/5N2/PPP2PPP/RNBQKB1R w KQkq - 3 4,b8c6
15,anayru,EulerE,1186,1138,r1bqk1nr/ppppppbp/2n3p1/8/2BPP3/5N2/PPP2PPP/RNBQK2R b KQkq - 4 4,f1c4
15,anayru,EulerE,1186,1138,r1bqk1nr/pppp1pbp/2n1p1p1/8/2BPP3/5N2/PPP2PPP/RNBQK2R w KQkq - 0 5,e7e6
15,anayru,EulerE,1186,1138,r1bqk1nr/pppp1pbp/2n1p1p1/8/2BPP3/4BN2/PPP2PPP/RN1QK2R b KQkq - 1 5,c1e3
15,anayru,EulerE,1186,1138,r1bqk2r/ppppnpbp/2n1p1p1/8/2BPP3/4BN2/PPP2PPP/RN1QK2R w KQkq - 2 6,g8e7
15,anayru,EulerE,1186,1138,r1bqk2r/ppppnpbp/2n1p1p1/8/2BPP3/4BN2/PPP2PPP/RN1Q1RK1 b kq - 3 6,e1g1
15,anayru,EulerE,1186,1138,r1bqk2r/ppp1npbp/2n1p1p1/3p4/2BPP3/4BN2/PPP2PPP/RN1Q1RK1 w kq - 0 7,d7d5
15,anayru,EulerE,1186,1138,r1bqk2r/ppp1npbp/2n1p1p1/3P4/2BP4/4BN2/PPP2PPP/RN1Q1RK1 b kq - 0 7,e4d5
15,anayru,EulerE,1186,1138,r1bqk2r/ppp1npbp/2n3p1/3p4/2BP4/4BN2/PPP2PPP/RN1Q1RK1 w kq - 0 8,e6d5
15,anayru,EulerE,1186,1138,r1bqk2r/ppp1npbp/2n3p1/1B1p4/3P4/4BN2/PPP2PPP/RN1Q1RK1 b kq - 1 8,c4b5
15,anayru,EulerE,1186,1138,r1bqk2r/1pp1npbp/p1n3p1/1B1p4/3P4/4BN2/PPP2PPP/RN1Q1RK1 w kq - 0 9,a7a6
15,anayru,EulerE,1186,1138,r1bqk2r/1pp1npbp/p1n3p1/3p4/3P4/3BBN2/PPP2PPP/RN1Q1RK1 b kq - 1 9,b5d3
15,anayru,EulerE,1186,1138,r1bq1rk1/1pp1npbp/p1n3p1/3p4/3P4/3BBN2/PPP2PPP/RN1Q1RK1 w - - 2 10,e8g8
15,anayru,EulerE,1186,1138,r1bq1rk1/1pp1npbp/p1n3p1/3p4/3P4/2NBBN2/PPP2PPP/R2Q1RK1 b - - 3 10,b1c3
15,anayru,EulerE,1186,1138,r2q1rk1/1pp1npbp/p1n1b1p1/3p4/3P4/2NBBN2/PPP2PPP/R2Q1RK1 w - - 4 11,c8e6
15,anayru,EulerE,1186,1138,r2q1rk1/1pp1npbp/p1n1b1p1/3p2B1/3P4/2NB1N2/PPP2PPP/R2Q1RK1 b - - 5 11,e3g5
15,anayru,EulerE,1186,1138,r4rk1/1ppqnpbp/p1n1b1p1/3p2B1/3P4/2NB1N2/PPP2PPP/R2Q1RK1 w - - 6 12,d8d7
15,anayru,EulerE,1186,1138,r4rk1/1ppqnpbp/p1n1b1p1/3p2B1/3P4/2NB1N2/PPP2PPP/R2QR1K1 b - - 7 12,f1e1
15,anayru,EulerE,1186,1138,r4rk1/1ppqnpbp/p3b1p1/3p2B1/3n4/2NB1N2/PPP2PPP/R2QR1K1 w - - 0 13,c6d4
15,anayru,EulerE,1186,1138,r4rk1/1ppqBpbp/p3b1p1/3p4/3n4/2NB1N2/PPP2PPP/R2QR1K1 b - - 0 13,g5e7
15,anayru,EulerE,1186,1138,r4rk1/1pp1qpbp/p3b1p1/3p4/3n4/2NB1N2/PPP2PPP/R2QR1K1 w - - 0 14,d7e7
15,anayru,EulerE,1186,1138,r4rk1/1pp1qpbp/p3b1p1/3N4/3n4/3B1N2/PPP2PPP/R2QR1K1 b - - 0 14,c3d5
15,anayru,EulerE,1186,1138,r4rk1/1pp1qpbp/p5p1/3b4/3n4/3B1N2/PPP2PPP/R2QR1K1 w - - 0 15,e6d5
15,anayru,EulerE,1186,1138,r4rk1/1pp1Rpbp/p5p1/3b4/3n4/3B1N2/PPP2PPP/R2Q2K1 b - - 0 15,e1e7
15,anayru,EulerE,1186,1138,r4rk1/1pp1Rpbp/p5p1/3b4/8/3B1n2/PPP2PPP/R2Q2K1 w - - 0 16,d4f3
15,anayru,EulerE,1186,1138,r4rk1/1pp1Rpbp/p5p1/3b4/8/3B1P2/PPP2P1P/R2Q2K1 b - - 0 16,g2f3
15,anayru,EulerE,1186,1138,r4rk1/1pp1Rp1p/p5p1/3b4/8/3B1P2/PbP2P1P/R2Q2K1 w - - 0 17,g7b2
15,anayru,EulerE,1186,1138,r4rk1/1pp1Rp1p/p5p1/3b4/8/3B1P2/PbP2P1P/1R1Q2K1 b - - 1 17,a1b1
15,anayru,EulerE,1186,1138,r4rk1/1pp1Rp1p/p5p1/3bb3/8/3B1P2/P1P2P1P/1R1Q2K1 w - - 2 18,b2e5
16,rhaacape,EulerE,1187,1131,rnbqkbnr/pppppppp/8/8/3P4/8/PPP1PPPP/RNBQKBNR b KQkq - 0 1,d2d4
16,rhaacape,EulerE,1187,1131,rnbqkbnr/pppppp1p/6p1/8/3P4/8/PPP1PPPP/RNBQKBNR w KQkq - 0 2,g7g6
16,rhaacape,EulerE,1187,1131,rnbqkbnr/pppppp1p/6p1/8/2PP4/8/PP2PPPP/RNBQKBNR b KQkq - 0 2,c2c4
16,rhaacape,EulerE,1187,1131,rnbqk1nr/ppppppbp/6p1/8/2PP4/8/PP2PPPP/RNBQKBNR w KQkq - 1 3,f8g7
16,rhaacape,EulerE,1187,1131,rnbqk1nr/ppppppbp/6p1/3P4/2P5/8/PP2PPPP/RNBQKBNR b KQkq - 0 3,d4d5
16,rhaacape,EulerE,1187,1131,rnbqk1nr/pp1pppbp/2p3p1/3P4/2P5/8/PP2PPPP/RNBQKBNR w KQkq - 0 4,c7c6
16,rhaacape,EulerE,1187,1131,rnbqk1nr/pp1pppbp/2p3p1/3P4/2P5/2N5/PP2PPPP/R1BQKBNR b KQkq - 1 4,b1c3
16,rhaacape,EulerE,1187,1131,rnbqk1nr/pp2ppbp/2pp2p1/3P4/2P5/2N5/PP2PPPP/R1BQKBNR w KQkq - 0 5,d7d6
16,rhaacape,EulerE,1187,1131,rnbqk1nr/pp2ppbp/2pp2p1/3P4/2P2B2/2N5/PP2PPPP/R2QKBNR b KQkq - 1 5,c1f4
16,rhaacape,EulerE,1187,1131,rn1qk1nr/pp2ppbp/2pp2p1/3P1b2/2P2B2/2N5/PP2PPPP/R2QKBNR w KQkq - 2 6,c8f5
16,rhaacape,EulerE,1187,1131,rn1qk1nr/pp2ppbp/2pp2p1/3P1b2/2P1PB2/2N5/PP3PPP/R2QKBNR b KQkq - 0 6,e2e4
16,rhaacape,EulerE,1187,1131,rn1qk1nr/pp1bppbp/2pp2p1/3P4/2P1PB2/2N5/PP3PPP/R2QKBNR w KQkq - 1 7,f5d7
16,rhaacape,EulerE,1187,1131,rn1qk1nr/pp1bppbp/2pp2p1/3P4/2P1PB2/2N2N2/PP3PPP/R2QKB1R b KQkq - 2 7,g1f3
16,rhaacape,EulerE,1187,1131,rn1qk1nr/pp1bpp1p/2pp2p1/3P4/2P1PB2/2b2N2/PP3PPP/R2QKB1R w KQkq - 0 8,g7c3
16,rhaacape,EulerE,1187,1131,rn1qk1nr/pp1bpp1p/2pp2p1/3P4/2P1PB2/2P2N2/P4PPP/R2QKB1R b KQkq - 0 8,b2c3
16,rhaacape,EulerE,1187,1131,rn1qk1nr/pp1bpp1p/3p2p1/2pP4/2P1PB2/2P2N2/P4PPP/R2QKB1R w KQkq - 0 9,c6c5
16,rhaacape,EulerE,1187,1131,rn1qk1nr/pp1bpp1p/3p2p1/2pP4/2P1PB2/1QP2N2/P4PPP/R3KB1R b KQkq - 1 9,d1b3
16,rhaacape,EulerE,1187,1131,rn1qk2r/pp1bpp1p/3p1np1/2pP4/2P1PB2/1QP2N2/P4PPP/R3KB1R w KQkq - 2 10,g8f6
16,rhaacape,EulerE,1187,1131,rn1qk2r/pQ1bpp1p/3p1np1/2pP4/2P1PB2/2P2N2/P4PPP/R3KB1R b KQkq - 0 10,b3b7
17,setifbatna2017,EulerE,1160,1140,rnbqkbnr/pppppppp/8/8/3P4/8/PPP1PPPP/RNBQKBNR b KQkq - 0 1,d2d4
17,setifbatna2017,EulerE,1160,1140,rnbqkbnr/pppppp1p/6p1/8/3P4/8/PPP1PPPP/RNBQKBNR w KQkq - 0 2,g7g6
17,setifbatna2017,EulerE,1160,1140,rnbqkbnr/pppppp1p/6p1/8/2PP4/8/PP2PPPP/RNBQKBNR b KQkq - 0 2,c2c4
17,setifbatna2017,EulerE,1160,1140,rnbqk1nr/ppppppbp/6p1/8/2PP4/8/PP2PPPP/RNBQKBNR w KQkq - 1 3,f8g7
17,setifbatna2017,EulerE,1160,1140,rnbqk1nr/ppppppbp/6p1/8/2PP4/2N5/PP2PPPP/R1BQKBNR b KQkq - 2 3,b1c3
17,setifbatna2017,EulerE,1160,1140,r1bqk1nr/ppppppbp/2n3p1/8/2PP4/2N5/PP2PPPP/R1BQKBNR w KQkq - 3 4,b8c6
17,setifbatna2017,EulerE,1160,1140,r1bqk1nr/ppppppbp/2n3p1/8/2PPP3/2N5/PP3PPP/R1BQKBNR b KQkq - 0 4,e2e4
17,setifbatna2017,EulerE,1160,1140,r1bqk1nr/pppppp1p/2n3p1/8/2PbP3/2N5/PP3PPP/R1BQKBNR w KQkq - 0 5,g7d4
17,setifbatna2017,EulerE,1160,1140,r1bqk1nr/pppppp1p/2n3p1/8/2PbP3/2N2N2/PP3PPP/R1BQKB1R b KQkq - 1 5,g1f3
17,setifbatna2017,EulerE,1160,1140,r1bqk1nr/pppppp1p/2n3p1/8/2P1P3/2b2N2/PP3PPP/R1BQKB1R w KQkq - 0 6,d4c3
17,setifbatna2017,EulerE,1160,1140,r1bqk1nr/pppppp1p/2n3p1/8/2P1P3/2P2N2/P4PPP/R1BQKB1R b KQkq - 0 6,b2c3
17,setifbatna2017,EulerE,1160,1140,r1bqk1nr/ppppp2p/2n2pp1/8/2P1P3/2P2N2/P4PPP/R1BQKB1R w KQkq - 0 7,f7f6
17,setifbatna2017,EulerE,1160,1140,r1bqk1nr/ppppp2p/2n2pp1/8/2PNP3/2P5/P4PPP/R1BQKB1R b KQkq - 1 7,f3d4
17,setifbatna2017,EulerE,1160,1140,r1bqk1nr/ppppp2p/5pp1/4n3/2PNP3/2P5/P4PPP/R1BQKB1R w KQkq - 2 8,c6e5
17,setifbatna2017,EulerE,1160,1140,r1bqk1nr/ppppp2p/5pp1/4n3/2PNPB2/2P5/P4PPP/R2QKB1R b KQkq - 3 8,c1f4
17,setifbatna2017,EulerE,1160,1140,r1bqk1nr/ppp1p2p/3p1pp1/4n3/2PNPB2/2P5/P4PPP/R2QKB1R w KQkq - 0 9,d7d6
17,setifbatna2017,EulerE,1160,1140,r1bqk1nr/ppp1p2p/3p1pp1/4B3/2PNP3/2P5/P4PPP/R2QKB1R b KQkq - 0 9,f4e5
17,setifbatna2017,EulerE,1160,1140,r1bqk1nr/ppp1p2p/3p2p1/4p3/2PNP3/2P5/P4PPP/R2QKB1R w KQkq - 0 10,f6e5
17,setifbatna2017,EulerE,1160,1140,r1bqk1nr/ppp1p2p/3p2p1/4p3/2P1P3/2P2N2/P4PPP/R2QKB1R b KQkq - 1 10,d4f3
17,setifbatna2017,EulerE,1160,1140,r1bqk2r/ppp1p2p/3p1np1/4p3/2P1P3/2P2N2/P4PPP/R2QKB1R w KQkq - 2 11,g8f6
17,setifbatna2017,EulerE,1160,1140,r1bqk2r/ppp1p2p/3p1np1/4p1N1/2P1P3/2P5/P4PPP/R2QKB1R b KQkq - 3 11,f3g5
17,setifbatna2017,EulerE,1160,1140,r1bq1rk1/ppp1p2p/3p1np1/4p1N1/2P1P3/2P5/P4PPP/R2QKB1R w KQ - 4 12,e8g8
17,setifbatna2017,EulerE,1160,1140,r1bq1rk1/ppp1p2p/3p1np1/4p1N1/2P1P2P/2P5/P4PP1/R2QKB1R b KQ - 0 12,h2h4
17,setifbatna2017,EulerE,1160,1140,r1b2rk1/pppqp2p/3p1np1/4p1N1/2P1P2P/2P5/P4PP1/R2QKB1R w KQ - 1 13,d8d7
17,setifbatna2017,EulerE,1160,1140,r1b2rk1/pppqp2p/3p1np1/4p1N1/2P1P2P/2P5/P3BPP1/R2QK2R b KQ - 2 13,f1e2
17,setifbatna2017,EulerE,1160,1140,r1b2rk1/pppqp3/3p1npp/4p1N1/2P1P2P/2P5/P3BPP1/R2QK2R w KQ - 0 14,h7h6
17,setifbatna2017,EulerE,1160,1140,r1b2rk1/pppqp3/3p1npp/4p3/2P1P2P/2P2N2/P3BPP1/R2QK2R b KQ - 1 14,g5f3
17,setifbatna2017,EulerE,1160,1140,r1b2rk1/pppqp3/3p1np1/4p2p/2P1P2P/2P2N2/P3BPP1/R2QK2R w KQ - 0 15,h6h5
17,setifbatna2017,EulerE,1160,1140,r1b2rk1/pppqp3/3p1np1/4p2p/2P1P2P/2P2N2/P3BPP1/R2QK1R1 b Q - 1 15,h1g1
17,setifbatna2017,EulerE,1160,1140,r1b2rk1/pppqp3/3p2p1/4p2p/2P1n2P/2P2N2/P3BPP1/R2QK1R1 w Q - 0 16,f6e4
17,setifbatna2017,EulerE,1160,1140,r1b2rk1/pppqp3/3p2p1/4p2p/2P1n2P/2PQ1N2/P3BPP1/R3K1R1 b Q - 1 16,d1d3
17,setifbatna2017,EulerE,1160,1140,r1b2rk1/ppp1p3/3p2p1/4pq1p/2P1n2P/2PQ1N2/P3BPP1/R3K1R1 w Q - 2 17,d7f5
17,setifbatna2017,EulerE,1160,1140,r1b2rk1/ppp1p3/3p2p1/4pq1p/2P1n2P/2PQ4/P2NBPP1/R3K1R1 b Q - 3 17,f3d2
17,setifbatna2017,EulerE,1160,1140,r1b2rk1/ppp1p3/3p2p1/4p2p/2P1n2P/2PQ4/P2NBqP1/R3K1R1 w Q - 0 18,f5f2
17,setifbatna2017,EulerE,1160,1140,r1b2rk1/ppp1p3/3p2p1/4p2p/2P1n2P/2PQ4/P2NBqP1/R2K2R1 b - - 1 18,e1d1
17,setifbatna2017,EulerE,1160,1140,r1b2rk1/ppp1p3/3p2p1/4p2p/2P1n2P/2PQ4/P2NB1P1/R2K2q1 w - - 0 19,f2g1
17,setifbatna2017,EulerE,1160,1140,r1b2rk1/ppp1p3/3p2p1/4p2p/2P1n2P/2PQ4/P2N2P1/R2K1Bq1 b - - 1 19,e2f1
17,setifbatna2017,EulerE,1160,1140,r4rk1/ppp1p3/3p2p1/4p2p/2P1n1bP/2PQ4/P2N2P1/R2K1Bq1 w - - 2 20,c8g4
17,setifbatna2017,EulerE,1160,1140,r4rk1/ppp1p3/3p2p1/4p2p/2P1n1bP/2PQ4/P1KN2P1/R4Bq1 b - - 3 20,d1c2
17,setifbatna2017,EulerE,1160,1140,r4rk1/ppp1p3/3p2p1/4p2p/2P3bP/2PQ4/P1Kn2P1/R4Bq1 w - - 0 21,e4d2
17,setifbatna2017,EulerE,1160,1140,r4rk1/ppp1p3/3p2Q1/4p2p/2P3bP/2P5/P1Kn2P1/R4Bq1 b - - 0 21,d3g6
17,setifbatna2017,EulerE,1160,1140,r4r1k/ppp1p3/3p2Q1/4p2p/2P3bP/2P5/P1Kn2P1/R4Bq1 w - - 1 22,g8h8
17,setifbatna2017,EulerE,1160,1140,r4r1k/ppp1p3/3p2Q1/4p2p/2P3bP/2P5/P2K2P1/R4Bq1 b - - 0 22,c2d2
17,setifbatna2017,EulerE,1160,1140,r4r1k/ppp1p3/3p2Q1/4p2p/2P3bP/2P5/P2K1qP1/R4B2 w - - 1 23,g1f2
17,setifbatna2017,EulerE,1160,1140,r4r1k/ppp1p3/3p2Q1/4p2p/2P3bP/2P5/P4qP1/R1K2B2 b - - 2 23,d2c1
17,setifbatna2017,EulerE,1160,1140,r4r1k/ppp1p3/3p2Q1/4p2p/2P3bP/2P5/P5P1/R1K2q2 w - - 0 24,f2f1
17,setifbatna2017,EulerE,1160,1140,r4r1k/ppp1p3/3p2Q1/4p2p/2P3bP/2P5/PK4P1/R4q2 b - - 1 24,c1b2
17,setifbatna2017,EulerE,1160,1140,r4r1k/ppp1p3/3p2Q1/4pq1p/2P3bP/2P5/PK4P1/R7 w - - 2 25,f1f5
17,setifbatna2017,EulerE,1160,1140,r4r1k/ppp1p3/3p3Q/4pq1p/2P3bP/2P5/PK4P1/R7 b - - 3 25,g6h6
17,setifbatna2017,EulerE,1160,1140,r4r1k/ppp1p2q/3p3Q/4p2p/2P3bP/2P5/PK4P1/R7 w - - 4 26,f5h7
17,setifbatna2017,EulerE,1160,1140,r4r1k/ppp1p2Q/3p4/4p2p/2P3bP/2P5/PK4P1/R7 b - - 0 26,h6h7
17,setifbatna2017,EulerE,1160,1140,r4r2/ppp1p2k/3p4/4p2p/2P3bP/2P5/PK4P1/R7 w - - 0 27,h8h7
18,EulerE,Teana5619,1147,1085,rnbqkbnr/pppppppp/8/8/3P4/8/PPP1PPPP/RNBQKBNR b KQkq - 0 1,d2d4
18,EulerE,Teana5619,1147,1085,rnbqkbnr/pppp1ppp/8/4p3/3P4/8/PPP1PPPP/RNBQKBNR w KQkq - 0 2,e7e5
18,EulerE,Teana5619,1147,1085,rnbqkbnr/pppp1ppp/8/4p3/2PP4/8/PP2PPPP/RNBQKBNR b KQkq - 0 2,c2c4
18,EulerE,Teana5619,1147,1085,rnb1kbnr/ppppqppp/8/4p3/2PP4/8/PP2PPPP/RNBQKBNR w KQkq - 1 3,d8e7
18,EulerE,Teana5619,1147,1085,rnb1kbnr/ppppqppp/8/4p3/2PP4/5N2/PP2PPPP/RNBQKB1R b KQkq - 2 3,g1f3
18,EulerE,Teana5619,1147,1085,rnb1kbnr/pppp1ppp/8/4p3/1qPP4/5N2/PP2PPPP/RNBQKB1R w KQkq - 3 4,e7b4
18,EulerE,Teana5619,1147,1085,rnb1kbnr/pppp1ppp/8/4p3/1qPP4/5N2/PP1BPPPP/RN1QKB1R b KQkq - 4 4,c1d2
18,EulerE,Teana5619,1147,1085,rnb1kbnr/pppp1ppp/8/4p3/2PP4/5N2/Pq1BPPPP/RN1QKB1R w KQkq - 0 5,b4b2
18,EulerE,Teana5619,1147,1085,rnb1kbnr/pppp1ppp/8/4p3/2PP4/2N2N2/Pq1BPPPP/R2QKB1R b KQkq - 1 5,b1c3
18,EulerE,Teana5619,1147,1085,rnb1k1nr/pppp1ppp/8/4p3/1bPP4/2N2N2/Pq1BPPPP/R2QKB1R w KQkq - 2 6,f8b4
18,EulerE,Teana5619,1147,1085,rnb1k1nr/pppp1ppp/8/4p3/1bPP4/2N2N2/Pq1BPPPP/1R1QKB1R b Kkq - 3 6,a1b1
18,EulerE,Teana5619,1147,1085,rnb1k1nr/pppp1ppp/8/4p3/1bPP4/q1N2N2/P2BPPPP/1R1QKB1R w Kkq - 4 7,b2a3
18,EulerE,Teana5619,1147,1085,rnb1k1nr/pppp1ppp/8/4p3/1bPP4/qQN2N2/P2BPPPP/1R2KB1R b Kkq - 5 7,d1b3
18,EulerE,Teana5619,1147,1085,rnb1k1nr/pppp1ppp/8/4p3/1bPP4/1qN2N2/P2BPPPP/1R2KB1R w Kkq - 0 8,a3b3
18,EulerE,Teana5619,1147,1085,rnb1k1nr/pppp1ppp/8/4p3/1bPP4/1RN2N2/P2BPPPP/4KB1R b Kkq - 0 8,b1b3
18,EulerE,Teana5619,1147,1085,rnb1k1nr/pppp1ppp/8/4p3/2PP4/1Rb2N2/P2BPPPP/4KB1R w Kkq - 0 9,b4c3
18,EulerE,Teana5619,1147,1085,rnb1k1nr/pppp1ppp/8/4p3/2PP4/1RB2N2/P3PPPP/4KB1R b Kkq - 0 9,d2c3
18,EulerE,Teana5619,1147,1085,rnb1k1nr/pppp1ppp/8/8/2Pp4/1RB2N2/P3PPPP/4KB1R w Kkq - 0 10,e5d4
18,EulerE,Teana5619,1147,1085,rnb1k1nr/pppp1ppp/8/8/2PB4/1R3N2/P3PPPP/4KB1R b Kkq - 0 10,c3d4
18,EulerE,Teana5619,1147,1085,rnb1k2r/ppppnppp/8/8/2PB4/1R3N2/P3PPPP/4KB1R w Kkq - 1 11,g8e7
18,EulerE,Teana5619,1147,1085,rnb1k2r/ppppnpBp/8/8/2P5/1R3N2/P3PPPP/4KB1R b Kkq - 0 11,d4g7
18,EulerE,Teana5619,1147,1085,rnb1k1r1/ppppnpBp/8/8/2P5/1R3N2/P3PPPP/4KB1R w Kq - 1 12,h8g8
18,EulerE,Teana5619,1147,1085,rnb1k1r1/ppppnp1p/8/8/2PB4/1R3N2/P3PPPP/4KB1R b Kq - 2 12,g7d4
18,EulerE,Teana5619,1147,1085,r1b1k1r1/ppppnp1p/2n5/8/2PB4/1R3N2/P3PPPP/4KB1R w Kq - 3 13,b8c6
18,EulerE,Teana5619,1147,1085,r1b1k1r1/ppppnp1p/2n5/8/2PBP3/1R3N2/P4PPP/4KB1R b Kq - 0 13,e2e4
18,EulerE,Teana5619,1147,1085,r1b1k1r1/ppp1np1p/2np4/8/2PBP3/1R3N2/P4PPP/4KB1R w Kq - 0 14,d7d6
18,EulerE,Teana5619,1147,1085,r1b1k1r1/ppp1np1p/2np4/8/2PBP3/1R3NP1/P4P1P/4KB1R b Kq - 0 14,g2g3
18,EulerE,Teana5619,1147,1085,r3k1r1/ppp1np1p/2npb3/8/2PBP3/1R3NP1/P4P1P/4KB1R w Kq - 1 15,c8e6
18,EulerE,Teana5619,1147,1085,r3k1r1/pRp1np1p/2npb3/8/2PBP3/5NP1/P4P1P/4KB1R b Kq - 0 15,b3b7
18,EulerE,Teana5619,1147,1085,2kr2r1/pRp1np1p/2npb3/8/2PBP3/5NP1/P4P1P/4KB1R w K - 1 16,e8c8
18,EulerE,Teana5619,1147,1085,2kr2r1/p1p1np1p/2npb3/8/2PBP3/5NP1/P4P1P/1R2KB1R b K - 2 16,b7b1
18,EulerE,Teana5619,1147,1085,2kr2r1/p1p1np1p/3pb3/8/2PnP3/5NP1/P4P1P/1R2KB1R w K - 0 17,c6d4
18,EulerE,Teana5619,1147,1085,2kr2r1/p1p1np1p/3pb3/8/2PNP3/6P1/P4P1P/1R2KB1R b K - 0 17,f3d4
18,EulerE,Teana5619,1147,1085,2kr4/p1p1np1p/3pb3/8/2PNP1r1/6P1/P4P1P/1R2KB1R w K - 1 18,g8g4
18,EulerE,Teana5619,1147,1085,2kr4/p1p1np1p/3pb3/8/2PNP1r1/3B2P1/P4P1P/1R2K2R b K - 2 18,f1d3
18,EulerE,Teana5619,1147,1085,2kr4/p3np1p/2ppb3/8/2PNP1r1/3B2P1/P4P1P/1R2K2R w K - 0 19,c7c6
18,EulerE,Teana5619,1147,1085,2kr4/p3np1p/2ppN3/8/2P1P1r1/3B2P1/P4P1P/1R2K2R b K - 0 19,d4e6
18,EulerE,Teana5619,1147,1085,2kr4/p3n2p/2ppp3/8/2P1P1r1/3B2P1/P4P1P/1R2K2R w K - 0 20,f7e6
18,EulerE,Teana5619,1147,1085,2kr4/p3n2p/2ppp3/8/2P1P1r1/3B2P1/P4P1P/1R3RK1 b - - 1 20,e1g1
18,EulerE,Teana5619,1147,1085,2kr4/p3n2p/2p1p3/3p4/2P1P1r1/3B2P1/P4P1P/1R3RK1 w - - 0 21,d6d5
18,EulerE,Teana5619,1147,1085,2kr4/p3n2p/2p1p3/3p4/2P1P1r1/3B1PP1/P6P/1R3RK1 b - - 0 21,f2f3
18,EulerE,Teana5619,1147,1085,2kr4/p3n1rp/2p1p3/3p4/2P1P3/3B1PP1/P6P/1R3RK1 w - - 1 22,g4g7
18,EulerE,Teana5619,1147,1085,2kr4/p3n1rp/2p1p3/3P4/4P3/3B1PP1/P6P/1R3RK1 b - - 0 22,c4d5
18,EulerE,Teana5619,1147,1085,2kr4/p3n1rp/4p3/3p4/4P3/3B1PP1/P6P/1R3RK1 w - - 0 23,c6d5
18,EulerE,Teana5619,1147,1085,2kr4/p3n1rp/B3p3/3p4/4P3/5PP1/P6P/1R3RK1 b - - 1 23,d3a6
18,EulerE,Teana5619,1147,1085,3r4/p1k1n1rp/B3p3/3p4/4P3/5PP1/P6P/1R3RK1 w - - 2 24,c8c7
18,EulerE,Teana5619,1147,1085,3r4/pRk1n1rp/B3p3/3p4/4P3/5PP1/P6P/5RK1 b - - 3 24,b1b7
18,EulerE,Teana5619,1147,1085,3r4/pR2n1rp/B1k1p3/3p4/4P3/5PP1/P6P/5RK1 w - - 4 25,c7c6
18,EulerE,Teana5619,1147,1085,3r4/pR2n1rp/B1k1p3/3p4/4P3/5PP1/P6P/2R3K1 b - - 5 25,f1c1
18,EulerE,Teana5619,1147,1085,3r4/pR2n1rp/B2kp3/3p4/4P3/5PP1/P6P/2R3K1 w - - 6 26,c6d6
18,EulerE,Teana5619,1147,1085,3r4/pR2n1rp/B2kp3/3P4/8/5PP1/P6P/2R3K1 b - - 0 26,e4d5
18,EulerE,Teana5619,1147,1085,3r4/pR2n1rp/B2k4/3p4/8/5PP1/P6P/2R3K1 w - - 0 27,e6d5
18,EulerE,Teana5619,1147,1085,3r4/pRR1n1rp/B2k4/3p4/8/5PP1/P6P/6K1 b - - 1 27,c1c7
18,EulerE,Teana5619,1147,1085,3r4/pRR3rp/B2k4/3p1n2/8/5PP1/P6P/6K1 w - - 2 28,e7f5
18,EulerE,Teana5619,1147,1085,3r4/pR4Rp/B2k4/3p1n2/8/5PP1/P6P/6K1 b - - 0 28,c7g7
18,EulerE,Teana5619,1147,1085,3r4/pR4np/B2k4/3p4/8/5PP1/P6P/6K1 w - - 0 29,f5g7
18,EulerE,Teana5619,1147,1085,3r4/p5Rp/B2k4/3p4/8/5PP1/P6P/6K1 b - - 0 29,b7g7
18,EulerE,Teana5619,1147,1085,3r4/p5Rp/B2k4/8/3p4/5PP1/P6P/6K1 w - - 0 30,d5d4
18,EulerE,Teana5619,1147,1085,3r4/p5Rp/B2k4/8/3p4/5PP1/P5KP/8 b - - 1 30,g1g2
18,EulerE,Teana5619,1147,1085,3r4/p5Rp/B7/3k4/3p4/5PP1/P5KP/8 w - - 2 31,d6d5
18,EulerE,Teana5619,1147,1085,3r4/R6p/B7/3k4/3p4/5PP1/P5KP/8 b - - 0 31,g7a7
18,EulerE,Teana5619,1147,1085,3r4/R6p/B7/4k3/3p4/5PP1/P5KP/8 w - - 1 32,d5e5
18,EulerE,Teana5619,1147,1085,3r4/7R/B7/4k3/3p4/5PP1/P5KP/8 b - - 0 32,a7h7
18,EulerE,Teana5619,1147,1085,3r4/7R/B7/4k3/8/3p1PP1/P5KP/8 w - - 0 33,d4d3
18,EulerE,Teana5619,1147,1085,3r4/8/B7/4k2R/8/3p1PP1/P5KP/8 b - - 1 33,h7h5
18,EulerE,Teana5619,1147,1085,3r4/8/B7/7R/3k4/3p1PP1/P5KP/8 w - - 2 34,e5d4
18,EulerE,Teana5619,1147,1085,3r4/8/8/7R/3k4/3B1PP1/P5KP/8 b - - 0 34,a6d3
18,EulerE,Teana5619,1147,1085,3r4/8/8/7R/8/3k1PP1/P5KP/8 w - - 0 35,d4d3
18,EulerE,Teana5619,1147,1085,3r4/8/8/1R6/8/3k1PP1/P5KP/8 b - - 1 35,h5b5
18,EulerE,Teana5619,1147,1085,r7/8/8/1R6/8/3k1PP1/P5KP/8 w - - 2 36,d8a8
18,EulerE,Teana5619,1147,1085,r7/8/8/8/8/3k1PP1/PR4KP/8 b - - 3 36,b5b2
18,EulerE,Teana5619,1147,1085,r7/8/8/8/8/2k2PP1/PR4KP/8 w - - 4 37,d3c3
18,EulerE,Teana5619,1147,1085,r7/8/8/8/8/2k2PP1/P4RKP/8 b - - 5 37,b2f2
18,EulerE,Teana5619,1147,1085,1r6/8/8/8/8/2k2PP1/P4RKP/8 w - - 6 38,a8b8
18,EulerE,Teana5619,1147,1085,1r6/8/8/8/7P/2k2PP1/P4RK1/8 b - - 0 38,h2h4
18,EulerE,Teana5619,1147,1085,5r2/8/8/8/7P/2k2PP1/P4RK1/8 w - - 1 39,b8f8
18,EulerE,Teana5619,1147,1085,5r2/8/8/8/7P/2k2PPK/P4R2/8 b - - 2 39,g2h3
18,EulerE,Teana5619,1147,1085,5r2/8/8/8/3k3P/5PPK/P4R2/8 w - - 3 40,c3d4
18,EulerE,Teana5619,1147,1085,5r2/8/8/8/3k2PP/5P1K/P4R2/8 b - - 0 40,g3g4
18,EulerE,Teana5619,1147,1085,5r2/8/8/4k3/6PP/5P1K/P4R2/8 w - - 1 41,d4e5
18,EulerE,Teana5619,1147,1085,5r2/8/8/4k3/5PPP/7K/P4R2/8 b - - 0 41,f3f4
18,EulerE,Teana5619,1147,1085,5r2/8/5k2/8/5PPP/7K/P4R2/8 w - - 1 42,e5f6
18,EulerE,Teana5619,1147,1085,5r2/8/5k2/7P/5PP1/7K/P4R2/8 b - - 0 42,h4h5
18,EulerE,Teana5619,1147,1085,5r2/6k1/8/7P/5PP1/7K/P4R2/8 w - - 1 43,f6g7
18,EulerE,Teana5619,1147,1085,5r2/6k1/8/7P/5PPK/8/P4R2/8 b - - 2 43,h3h4
18,EulerE,Teana5619,1147,1085,7r/6k1/8/7P/5PPK/8/P4R2/8 w - - 3 44,f8h8
18,EulerE,Teana5619,1147,1085,7r/6k1/8/6PP/5P1K/8/P4R2/8 b - - 0 44,g4g5
18,EulerE,Teana5619,1147,1085,5r2/6k1/8/6PP/5P1K/8/P4R2/8 w - - 1 45,h8f8
18,EulerE,Teana5619,1147,1085,5r2/6k1/8/5PPP/7K/8/P4R2/8 b - - 0 45,f4f5
18,EulerE,Teana5619,1147,1085,5r2/7k/8/5PPP/7K/8/P4R2/8 w - - 1 46,g7h7
18,EulerE,Teana5619,1147,1085,5r2/7k/7P/5PP1/7K/8/P4R2/8 b - - 0 46,h5h6
18,EulerE,Teana5619,1147,1085,3r4/7k/7P/5PP1/7K/8/P4R2/8 w - - 1 47,f8d8
18,EulerE,Teana5619,1147,1085,3r4/7k/7P/5PPK/8/8/P4R2/8 b - - 2 47,h4h5
18,EulerE,Teana5619,1147,1085,8/7k/7P/5PPK/8/3r4/P4R2/8 w - - 3 48,d8d3
18,EulerE,Teana5619,1147,1085,8/7k/6PP/5P1K/8/3r4/P4R2/8 b - - 0 48,g5g6
18,EulerE,Teana5619,1147,1085,6k1/8/6PP/5P1K/8/3r4/P4R2/8 w - - 1 49,h7g8
18,EulerE,Teana5619,1147,1085,6k1/8/6PP/5P1K/8/3r4/P6R/8 b - - 2 49,f2h2
18,EulerE,Teana5619,1147,1085,6k1/8/6PP/5P1K/8/5r2/P6R/8 w - - 3 50,d3f3
18,EulerE,Teana5619,1147,1085,6k1/7P/6P1/5P1K/8/5r2/P6R/8 b - - 0 50,h6h7
18,EulerE,Teana5619,1147,1085,8/6kP/6P1/5P1K/8/5r2/P6R/8 w - - 1 51,g8g7
18,EulerE,Teana5619,1147,1085,8/6kP/6P1/5P2/6K1/5r2/P6R/8 b - - 2 51,h5g4
18,EulerE,Teana5619,1147,1085,8/6kP/6P1/5P2/6K1/r7/P6R/8 w - - 3 52,f3a3
18,EulerE,Teana5619,1147,1085,8/6kP/5PP1/8/6K1/r7/P6R/8 b - - 0 52,f5f6
18,EulerE,Teana5619,1147,1085,8/7P/5kP1/8/6K1/r7/P6R/8 w - - 0 53,g7f6
18,EulerE,Teana5619,1147,1085,7Q/8/5kP1/8/6K1/r7/P6R/8 b - - 0 53,h7h8q
18,EulerE,Teana5619,1147,1085,7Q/8/6k1/8/6K1/r7/P6R/8 w - - 0 54,f6g6
18,EulerE,Teana5619,1147,1085,8/8/6k1/7Q/6K1/r7/P6R/8 b - - 1 54,h8h5
18,EulerE,Teana5619,1147,1085,8/8/5k2/7Q/6K1/r7/P6R/8 w - - 2 55,g6f6
18,EulerE,Teana5619,1147,1085,8/8/5k2/5Q2/6K1/r7/P6R/8 b - - 3 55,h5f5
18,EulerE,Teana5619,1147,1085,8/4k3/8/5Q2/6K1/r7/P6R/8 w - - 4 56,f6e7
18,EulerE,Teana5619,1147,1085,8/4k3/8/2Q5/6K1/r7/P6R/8 b - - 5 56,f5c5
18,EulerE,Teana5619,1147,1085,8/8/4k3/2Q5/6K1/r7/P6R/8 w - - 6 57,e7e6
19,Teana5619,EulerE,1094,1138,rnbqkbnr/pppppppp/8/8/4P3/8/PPPP1PPP/RNBQKBNR b KQkq - 0 1,e2e4
19,Teana5619,EulerE,1094,1138,rnbqkbnr/pppp1ppp/8/4p3/4P3/8/PPPP1PPP/RNBQKBNR w KQkq - 0 2,e7e5
19,Teana5619,EulerE,1094,1138,rnbqkbnr/pppp1ppp/8/4p3/4P3/5N2/PPPP1PPP/RNBQKB1R b KQkq - 1 2,g1f3
19,Teana5619,EulerE,1094,1138,r1bqkbnr/pppp1ppp/2n5/4p3/4P3/5N2/PPPP1PPP/RNBQKB1R w KQkq - 2 3,b8c6
19,Teana5619,EulerE,1094,1138,r1bqkbnr/pppp1ppp/2n5/4p3/2B1P3/5N2/PPPP1PPP/RNBQK2R b KQkq - 3 3,f1c4
19,Teana5619,EulerE,1094,1138,r1bqk1nr/pppp1ppp/2n5/2b1p3/2B1P3/5N2/PPPP1PPP/RNBQK2R w KQkq - 4 4,f8c5
19,Teana5619,EulerE,1094,1138,r1bqk1nr/pppp1ppp/2n5/2b1p3/2B1P3/3P1N2/PPP2PPP/RNBQK2R b KQkq - 0 4,d2d3
19,Teana5619,EulerE,1094,1138,r1bqk2r/pppp1ppp/2n2n2/2b1p3/2B1P3/3P1N2/PPP2PPP/RNBQK2R w KQkq - 1 5,g8f6
19,Teana5619,EulerE,1094,1138,r1bqk2r/pppp1ppp/2n2n2/2b1p3/2B1P3/3P1N1P/PPP2PP1/RNBQK2R b KQkq - 0 5,h2h3
19,Teana5619,EulerE,1094,1138,r1bqk2r/ppp2ppp/2np1n2/2b1p3/2B1P3/3P1N1P/PPP2PP1/RNBQK2R w KQkq - 0 6,d7d6
19,Teana5619,EulerE,1094,1138,r1bqk2r/ppp2ppp/2np1n2/2b1p3/2B1P3/2NP1N1P/PPP2PP1/R1BQK2R b KQkq - 1 6,b1c3
19,Teana5619,EulerE,1094,1138,r1bqk2r/ppp2ppp/3p1n2/2b1p3/2BnP3/2NP1N1P/PPP2PP1/R1BQK2R w KQkq - 2 7,c6d4
19,Teana5619,EulerE,1094,1138,r1bqk2r/ppp2ppp/3p1n2/2b1p3/2BNP3/2NP3P/PPP2PP1/R1BQK2R b KQkq - 0 7,f3d4
19,Teana5619,EulerE,1094,1138,r1bqk2r/ppp2ppp/3p1n2/4p3/2BbP3/2NP3P/PPP2PP1/R1BQK2R w KQkq - 0 8,c5d4
19,Teana5619,EulerE,1094,1138,r1bqk2r/ppp2ppp/3p1n2/4p3/2BbP3/2NP3P/PPP1QPP1/R1B1K2R b KQkq - 1 8,d1e2
19,Teana5619,EulerE,1094,1138,r1bq1rk1/ppp2ppp/3p1n2/4p3/2BbP3/2NP3P/PPP1QPP1/R1B1K2R w KQ - 2 9,e8g8
19,Teana5619,EulerE,1094,1138,r1bq1rk1/ppp2ppp/3p1n2/4p3/2BbP3/2NP3P/PPPBQPP1/R3K2R b KQ - 3 9,c1d2
19,Teana5619,EulerE,1094,1138,r2q1rk1/ppp2ppp/3pbn2/4p3/2BbP3/2NP3P/PPPBQPP1/R3K2R w KQ - 4 10,c8e6
19,Teana5619,EulerE,1094,1138,r2q1rk1/ppp2ppp/3pBn2/4p3/3bP3/2NP3P/PPPBQPP1/R3K2R b KQ - 0 10,c4e6
19,Teana5619,EulerE,1094,1138,r2q1rk1/ppp3pp/3ppn2/4p3/3bP3/2NP3P/PPPBQPP1/R3K2R w KQ - 0 11,f7e6
19,Teana5619,EulerE,1094,1138,r2q1rk1/ppp3pp/3ppn2/4p3/3bP3/2NP3P/PPPBQPP1/2KR3R b - - 1 11,e1c1
19,Teana5619,EulerE,1094,1138,r2q1rk1/ppp3pp/4pn2/3pp3/3bP3/2NP3P/PPPBQPP1/2KR3R w - - 0 12,d6d5
19,Teana5619,EulerE,1094,1138,r2q1rk1/ppp3pp/4pn2/3Pp3/3b4/2NP3P/PPPBQPP1/2KR3R b - - 0 12,e4d5
19,Teana5619,EulerE,1094,1138,r2q1rk1/ppp3pp/5n2/3pp3/3b4/2NP3P/PPPBQPP1/2KR3R w - - 0 13,e6d5
19,Teana5619,EulerE,1094,1138,r2q1rk1/ppp3pp/5n2/3pp3/3b2P1/2NP3P/PPPBQP2/2KR3R b - - 0 13,g2g4
19,Teana5619,EulerE,1094,1138,r2q1rk1/pppn2pp/8/3pp3/3b2P1/2NP3P/PPPBQP2/2KR3R w - - 1 14,f6d7
19,Teana5619,EulerE,1094,1138,r2q1rk1/pppn2pp/8/3pp3/3b2PP/2NP4/PPPBQP2/2KR3R b - - 0 14,h3h4
19,Teana5619,EulerE,1094,1138,r2q2k1/pppn2pp/8/3pp3/3b2PP/2NP4/PPPBQr2/2KR3R w - - 0 15,f8f2
19,Teana5619,EulerE,1094,1138,r2q2k1/pppn2pp/8/3pp3/3b2PP/2NP4/PPPB1r2/2KRQ2R b - - 1 15,e2e1
19,Teana5619,EulerE,1094,1138,r5k1/pppnq1pp/8/3pp3/3b2PP/2NP4/PPPB1r2/2KRQ2R w - - 2 16,d8e7
19,Teana5619,EulerE,1094,1138,r5k1/pppnq1pp/8/3pp3/3b2PP/2NPB3/PPP2r2/2KRQ2R b - - 3 16,d2e3
19,Teana5619,EulerE,1094,1138,r5k1/pppnq1pp/8/3pp3/6PP/2NPb3/PPP2r2/2KRQ2R w - - 0 17,d4e3
19,Teana5619,EulerE,1094,1138,r5k1/pppnq1pp/8/3pp3/6PP/2NPQ3/PPP2r2/2KR3R b - - 0 17,e1e3
19,Teana5619,EulerE,1094,1138,r5k1/pppnq1pp/8/3pp3/5rPP/2NPQ3/PPP5/2KR3R w - - 1 18,f2f4
19,Teana5619,EulerE,1094,1138,r5k1/pppnq1pp/8/3Np3/5rPP/3PQ3/PPP5/2KR3R b - - 0 18,c3d5
19,Teana5619,EulerE,1094,1138,r5k1/pppn2pp/3q4/3Np3/5rPP/3PQ3/PPP5/2KR3R w - - 1 19,e7d6
19,Teana5619,EulerE,1094,1138,r5k1/pppn2pp/3q4/4p3/5NPP/3PQ3/PPP5/2KR3R b - - 0 19,d5f4
19,Teana5619,EulerE,1094,1138,r5k1/pppn2pp/3q4/8/5pPP/3PQ3/PPP5/2KR3R w - - 0 20,e5f4
19,Teana5619,EulerE,1094,1138,r5k1/pppn2pp/3q4/8/5pPP/3P4/PPPQ4/2KR3R b - - 1 20,e3d2
19,Teana5619,EulerE,1094,1138,r5k1/ppp3pp/3q4/4n3/5pPP/3P4/PPPQ4/2KR3R w - - 2 21,d7e5
19,Teana5619,EulerE,1094,1138,r5k1/ppp3pp/3q4/4n1P1/5p1P/3P4/PPPQ4/2KR3R b - - 0 21,g4g5
19,Teana5619,EulerE,1094,1138,r5k1/ppp3pp/3q4/4n1P1/7P/3P1p2/PPPQ4/2KR3R w - - 0 22,f4f3
19,Teana5619,EulerE,1094,1138,r5k1/ppp3pp/3q4/4n1PP/8/3P1p2/PPPQ4/2KR3R b - - 0 22,h4h5
19,Teana5619,EulerE,1094,1138,5rk1/ppp3pp/3q4/4n1PP/8/3P1p2/PPPQ4/2KR3R w - - 1 23,a8f8
19,Teana5619,EulerE,1094,1138,5rk1/ppp3pp/3q2P1/4n2P/8/3P1p2/PPPQ4/2KR3R b - - 0 23,g5g6
19,Teana5619,EulerE,1094,1138,5rk1/ppp3p1/3q2Pp/4n2P/8/3P1p2/PPPQ4/2KR3R w - - 0 24,h7h6
19,Teana5619,EulerE,1094,1138,5rk1/ppp3p1/3q2Pp/4n2P/3P4/5p2/PPPQ4/2KR3R b - - 0 24,d3d4
19,Teana5619,EulerE,1094,1138,5rk1/ppp3p1/3q2Pp/7P/2nP4/5p2/PPPQ4/2KR3R w - - 1 25,e5c4
19,Teana5619,EulerE,1094,1138,5rk1/ppp3p1/3q2Pp/7P/2nP4/2Q2p2/PPP5/2KR3R b - - 2 25,d2c3
19,Teana5619,EulerE,1094,1138,5rk1/ppp3p1/6Pp/7P/2nP1q2/2Q2p2/PPP5/2KR3R w - - 3 26,d6f4
19,Teana5619,EulerE,1094,1138,5rk1/ppp3p1/6Pp/7P/2nP1q2/2Q2p2/PPP5/1K1R3R b - - 4 26,c1b1
19,Teana5619,EulerE,1094,1138,5rk1/ppp3p1/6Pp/7P/2nP1q2/2Q5/PPP2p2/1K1R3R w - - 0 27,f3f2
19,Teana5619,EulerE,1094,1138,5rk1/ppp3p1/6Pp/7P/2QP1q2/8/PPP2p2/1K1R3R b - - 0 27,c3c4
19,Teana5619,EulerE,1094,1138,5r1k/ppp3p1/6Pp/7P/2QP1q2/8/PPP2p2/1K1R3R w - - 1 28,g8h8
19,Teana5619,EulerE,1094,1138,5r1k/ppp3p1/6Pp/7P/P1QP1q2/8/1PP2p2/1K1R3R b - - 0 28,a2a4
19,Teana5619,EulerE,1094,1138,7k/ppp3p1/6Pp/5r1P/P1QP1q2/8/1PP2p2/1K1R3R w - - 1 29,f8f5
19,Teana5619,EulerE,1094,1138,7k/ppp3p1/6Pp/P4r1P/2QP1q2/8/1PP2p2/1K1R3R b - - 0 29,a4a5
19,Teana5619,EulerE,1094,1138,7k/p1p3p1/6Pp/Pp3r1P/2QP1q2/8/1PP2p2/1K1R3R w - b6 0 30,b7b5
19,Teana5619,EulerE,1094,1138,7k/p1p3p1/6Pp/Pp3r1P/3P1q2/3Q4/1PP2p2/1K1R3R b - - 1 30,c4d3
19,Teana5619,EulerE,1094,1138,7k/p1p3p1/6Pp/P4r1P/1p1P1q2/3Q4/1PP2p2/1K1R3R w - - 0 31,b5b4
19,Teana5619,EulerE,1094,1138,7k/p1p3p1/6Pp/P4r1P/1pQP1q2/8/1PP2p2/1K1R3R b - - 1 31,d3c4
19,Teana5619,EulerE,1094,1138,7k/p1p3p1/6Pp/r6P/1pQP1q2/8/1PP2p2/1K1R3R w - - 0 32,f5a5
19,Teana5619,EulerE,1094,1138,7k/p1p3p1/6Pp/r6P/1p1P1q2/8/1PP1Qp2/1K1R3R b - - 1 32,c4e2
19,Teana5619,EulerE,1094,1138,7k/p1p3p1/6Pp/r6P/3P1q2/1p6/1PP1Qp2/1K1R3R w - - 0 33,b4b3
19,Teana5619,EulerE,1094,1138,4Q2k/p1p3p1/6Pp/r6P/3P1q2/1p6/1PP2p2/1K1R3R b - - 1 33,e2e8
19,Teana5619,EulerE,1094,1138,4Qq1k/p1p3p1/6Pp/r6P/3P4/1p6/1PP2p2/1K1R3R w - - 2 34,f4f8
19,Teana5619,EulerE,1094,1138,5Q1k/p1p3p1/6Pp/r6P/3P4/1p6/1PP2p2/1K1R3R b - - 0 34,e8f8
20,Dih1997,EulerE,1113,1129,rnbqkbnr/pppppppp/8/8/3P4/8/PPP1PPPP/RNBQKBNR b KQkq - 0 1,d2d4
20,Dih1997,EulerE,1113,1129,rnbqkbnr/pppp1ppp/4p3/8/3P4/8/PPP1PPPP/RNBQKBNR w KQkq - 0 2,e7e6
20,Dih1997,EulerE,1113,1129,rnbqkbnr/pppp1ppp/4p3/8/3P1B2/8/PPP1PPPP/RN1QKBNR b KQkq - 1 2,c1f4
20,Dih1997,EulerE,1113,1129,rnbqkbnr/p1pp1ppp/1p2p3/8/3P1B2/8/PPP1PPPP/RN1QKBNR w KQkq - 0 3,b7b6
20,Dih1997,EulerE,1113,1129,rnbqkbnr/p1pp1ppp/1p2p3/8/3P1B2/5N2/PPP1PPPP/RN1QKB1R b KQkq - 1 3,g1f3
20,Dih1997,EulerE,1113,1129,rn1qkbnr/pbpp1ppp/1p2p3/8/3P1B2/5N2/PPP1PPPP/RN1QKB1R w KQkq - 2 4,c8b7
20,Dih1997,EulerE,1113,1129,rn1qkbnr/pbpp1ppp/1p2p3/8/3P1B2/4PN2/PPP2PPP/RN1QKB1R b KQkq - 0 4,e2e3
20,Dih1997,EulerE,1113,1129,rn1qk1nr/pbppbppp/1p2p3/8/3P1B2/4PN2/PPP2PPP/RN1QKB1R w KQkq - 1 5,f8e7
20,Dih1997,EulerE,1113,1129,rn1qk1nr/pbppbppp/1p2p3/8/3P1B2/2P1PN2/PP3PPP/RN1QKB1R b KQkq - 0 5,c2c3
20,Dih1997,EulerE,1113,1129,rn1qk2r/pbppbppp/1p2pn2/8/3P1B2/2P1PN2/PP3PPP/RN1QKB1R w KQkq - 1 6,g8f6
20,Dih1997,EulerE,1113,1129,rn1qk2r/pbppbppp/1p2pn2/8/3P1B2/2PBPN2/PP3PPP/RN1QK2R b KQkq - 2 6,f1d3
20,Dih1997,EulerE,1113,1129,rn1qk2r/pbppbppp/1p2p3/8/3PnB2/2PBPN2/PP3PPP/RN1QK2R w KQkq - 3 7,f6e4
20,Dih1997,EulerE,1113,1129,rn1qk2r/pbppbppp/1p2p3/8/3PnB2/2PBPN2/PP3PPP/RN1Q1RK1 b kq - 4 7,e1g1
20,Dih1997,EulerE,1113,1129,rn1qk2r/pbp1bppp/1p2p3/3p4/3PnB2/2PBPN2/PP3PPP/RN1Q1RK1 w kq - 0 8,d7d5
20,Dih1997,EulerE,1113,1129,rn1qk2r/pbp1bppp/1p2p3/3pN3/3PnB2/2PBP3/PP3PPP/RN1Q1RK1 b kq - 1 8,f3e5
20,Dih1997,EulerE,1113,1129,rn1qk2r/pbp1b1pp/1p2pp2/3pN3/3PnB2/2PBP3/PP3PPP/RN1Q1RK1 w kq - 0 9,f7f6
20,Dih1997,EulerE,1113,1129,rn1qk2r/pbp1b1pp/1p2pp2/3p4/3PnB2/2PBPN2/PP3PPP/RN1Q1RK1 b kq - 1 9,e5f3
20,Dih1997,EulerE,1113,1129,rn1qk2r/pbp1b1pp/1p2p3/3p1p2/3PnB2/2PBPN2/PP3PPP/RN1Q1RK1 w kq - 0 10,f6f5
20,Dih1997,EulerE,1113,1129,rn1qk2r/pbp1b1pp/1p2p3/3pBp2/3Pn3/2PBPN2/PP3PPP/RN1Q1RK1 b kq - 1 10,f4e5
20,Dih1997,EulerE,1113,1129,rn1q1rk1/pbp1b1pp/1p2p3/3pBp2/3Pn3/2PBPN2/PP3PPP/RN1Q1RK1 w - - 2 11,e8g8
20,Dih1997,EulerE,1113,1129,rn1q1rk1/pbp1b1pp/1p2p3/3p1p2/3PnB2/2PBPN2/PP3PPP/RN1Q1RK1 b - - 3 11,e5f4
20,Dih1997,EulerE,1113,1129,r2q1rk1/pbp1b1pp/1pn1p3/3p1p2/3PnB2/2PBPN2/PP3PPP/RN1Q1RK1 w - - 4 12,b8c6
20,Dih1997,EulerE,1113,1129,r2q1rk1/pbp1b1pp/1pn1p3/3p1p2/3PBB2/2P1PN2/PP3PPP/RN1Q1RK1 b - - 0 12,d3e4
20,Dih1997,EulerE,1113,1129,r2q1rk1/pbp1b1pp/1pn1p3/3p4/3PpB2/2P1PN2/PP3PPP/RN1Q1RK1 w - - 0 13,f5e4
20,Dih1997,EulerE,1113,1129,r2q1rk1/pbp1b1pp/1pn1p3/3pN3/3PpB2/2P1P3/PP3PPP/RN1Q1RK1 b - - 1 13,f3e5
20,Dih1997,EulerE,1113,1129,r2q1rk1/pbp1b1pp/1p2p3/3pn3/3PpB2/2P1P3/PP3PPP/RN1Q1RK1 w - - 0 14,c6e5
20,Dih1997,EulerE,1113,1129,r2q1rk1/pbp1b1pp/1p2p3/3pP3/4pB2/2P1P3/PP3PPP/RN1Q1RK1 b - - 0 14,d4e5
20,Dih1997,EulerE,1113,1129,r2q1rk1/p1p1b1pp/bp2p3/3pP3/4pB2/2P1P3/PP3PPP/RN1Q1RK1 w - - 1 15,b7a6
20,Dih1997,EulerE,1113,1129,r2q1rk1/p1p1b1pp/bp2p3/3pP3/4pB2/2P1P3/PP3PPP/RN1QR1K1 b - - 2 15,f1e1
20,Dih1997,EulerE,1113,1129,r2q1rk1/p1p3pp/bp2p3/3pP1b1/4pB2/2P1P3/PP3PPP/RN1QR1K1 w - - 3 16,e7g5
20,Dih1997,EulerE,1113,1129,r2q1rk1/p1p3pp/bp2p3/3pP1b1/4p3/2P1P1B1/PP3PPP/RN1QR1K1 b - - 4 16,f4g3
20,Dih1997,EulerE,1113,1129,r4rk1/p1pq2pp/bp2p3/3pP1b1/4p3/2P1P1B1/PP3PPP/RN1QR1K1 w - - 5 17,d8d7
20,Dih1997,EulerE,1113,1129,r4rk1/p1pq2pp/bp2p3/3pP1b1/4p1Q1/2P1P1B1/PP3PPP/RN2R1K1 b - - 6 17,d1g4
20,Dih1997,EulerE,1113,1129,r4rk1/p1pqb1pp/bp2p3/3pP3/4p1Q1/2P1P1B1/PP3PPP/RN2R1K1 w - - 7 18,g5e7
20,Dih1997,EulerE,1113,1129,r4rk1/p1pqb1pp/bp2p3/3pP3/4pBQ1/2P1P3/PP3PPP/RN2R1K1 b - - 8 18,g3f4
20,Dih1997,EulerE,1113,1129,r5k1/p1pqb1pp/bp2p3/3pP3/4prQ1/2P1P3/PP3PPP/RN2R1K1 w - - 0 19,f8f4
20,Dih1997,EulerE,1113,1129,r5k1/p1pqb1pp/bp2p3/3pP3/4pQ2/2P1P3/PP3PPP/RN2R1K1 b - - 0 19,g4f4
20,Dih1997,EulerE,1113,1129,5rk1/p1pqb1pp/bp2p3/3pP3/4pQ2/2P1P3/PP3PPP/RN2R1K1 w - - 1 20,a8f8
20,Dih1997,EulerE,1113,1129,5rk1/p1pqb1pp/bp2p3/3pP3/4p1Q1/2P1P3/PP3PPP/RN2R1K1 b - - 2 20,f4g4
20,Dih1997,EulerE,1113,1129,5rk1/p1pqb1p1/bp2p2p/3pP3/4p1Q1/2P1P3/PP3PPP/RN2R1K1 w - - 0 21,h7h6
20,Dih1997,EulerE,1113,1129,5rk1/p1pqb1p1/bp2p2p/3pP3/P3p1Q1/2P1P3/1P3PPP/RN2R1K1 b - - 0 21,a2a4
20,Dih1997,EulerE,1113,1129,2b2rk1/p1pqb1p1/1p2p2p/3pP3/P3p1Q1/2P1P3/1P3PPP/RN2R1K1 w - - 1 22,a6c8
20,Dih1997,EulerE,1113,1129,2b2rk1/p1pqb1p1/1p2p2p/3pP3/P3p1Q1/2P1P3/1P3PPP/RN3RK1 b - - 2 22,e1f1
20,Dih1997,EulerE,1113,1129,2b2rk1/p1pq2p1/1p2p2p/2bpP3/P3p1Q1/2P1P3/1P3PPP/RN3RK1 w - - 3 23,e7c5
20,Dih1997,EulerE,1113,1129,2b2rk1/p1pq2p1/1p2p2p/2bpP3/P3p1Q1/2P1P3/1P1N1PPP/R4RK1 b - - 4 23,b1d2
20,Dih1997,EulerE,1113,1129,2b3k1/p1pq2p1/1p2p2p/2bpPr2/P3p1Q1/2P1P3/1P1N1PPP/R4RK1 w - - 5 24,f8f5
20,Dih1997,EulerE,1113,1129,2b3k1/p1pq2p1/1p2p2p/2bpPr2/P3p3/2P1P1Q1/1P1N1PPP/R4RK1 b - - 6 24,g4g3
20,Dih1997,EulerE,1113,1129,2b3k1/p1pqb1p1/1p2p2p/3pPr2/P3p3/2P1P1Q1/1P1N1PPP/R4RK1 w - - 7 25,c5e7
20,Dih1997,EulerE,1113,1129,2b3k1/p1pqb1p1/1p2p2p/3pPr2/P3pP2/2P1P1Q1/1P1N2PP/R4RK1 b - f3 0 25,f2f4
20,Dih1997,EulerE,1113,1129,2b3k1/p1p1b1p1/1pq1p2p/3pPr2/P3pP2/2P1P1Q1/1P1N2PP/R4RK1 w - - 1 26,d7c6
20,Dih1997,EulerE,1113,1129,2b3k1/p1p1b1p1/1pq1p2p/3pPr2/P3pP2/1NP1P1Q1/1P4PP/R4RK1 b - - 2 26,d2b3
20,Dih1997,EulerE,1113,1129,6k1/p1p1b1p1/bpq1p2p/3pPr2/P3pP2/1NP1P1Q1/1P4PP/R4RK1 w - - 3 27,c8a6
20,Dih1997,EulerE,1113,1129,6k1/p1p1b1p1/bpq1p2p/3pPr2/P3pP2/1NP1P1Q1/1P3RPP/R5K1 b - - 4 27,f1f2
20,Dih1997,EulerE,1113,1129,6k1/p1p1b1p1/bpq1p2p/4Pr2/P2ppP2/1NP1P1Q1/1P3RPP/R5K1 w - - 0 28,d5d4
20,Dih1997,EulerE,1113,1129,6k1/p1p1b1p1/bpq1p2p/4Pr2/P2NpP2/2P1P1Q1/1P3RPP/R5K1 b - - 0 28,b3d4
20,Dih1997,EulerE,1113,1129,6k1/p1p1b1p1/bp2p2p/4Pr2/P1qNpP2/2P1P1Q1/1P3RPP/R5K1 w - - 1 29,c6c4
20,Dih1997,EulerE,1113,1129,6k1/p1p1b1p1/bp2N2p/4Pr2/P1q1pP2/2P1P1Q1/1P3RPP/R5K1 b - - 0 29,d4e6
21,guilhermeanunes,EulerE,1011,1135,rnbqkbnr/pppppppp/8/8/4P3/8/PPPP1PPP/RNBQKBNR b KQkq - 0 1,e2e4
21,guilhermeanunes,EulerE,1011,1135,rnbqkbnr/pppp1ppp/8/4p3/4P3/8/PPPP1PPP/RNBQKBNR w KQkq - 0 2,e7e5
21,guilhermeanunes,EulerE,1011,1135,rnbqkbnr/pppp1ppp/8/4p3/4P3/5N2/PPPP1PPP/RNBQKB1R b KQkq - 1 2,g1f3
21,guilhermeanunes,EulerE,1011,1135,r1bqkbnr/pppp1ppp/2n5/4p3/4P3/5N2/PPPP1PPP/RNBQKB1R w KQkq - 2 3,b8c6
21,guilhermeanunes,EulerE,1011,1135,r1bqkbnr/pppp1ppp/2n5/4p3/3PP3/5N2/PPP2PPP/RNBQKB1R b KQkq - 0 3,d2d4
21,guilhermeanunes,EulerE,1011,1135,r1bqkbnr/pppp1ppp/2n5/8/3pP3/5N2/PPP2PPP/RNBQKB1R w KQkq - 0 4,e5d4
21,guilhermeanunes,EulerE,1011,1135,r1bqkbnr/pppp1ppp/2n5/8/3NP3/8/PPP2PPP/RNBQKB1R b KQkq - 0 4,f3d4
21,guilhermeanunes,EulerE,1011,1135,r1bqk1nr/pppp1ppp/2n5/2b5/3NP3/8/PPP2PPP/RNBQKB1R w KQkq - 1 5,f8c5
21,guilhermeanunes,EulerE,1011,1135,r1bqk1nr/pppp1ppp/2N5/2b5/4P3/8/PPP2PPP/RNBQKB1R b KQkq - 0 5,d4c6
21,guilhermeanunes,EulerE,1011,1135,r1bqk1nr/p1pp1ppp/2p5/2b5/4P3/8/PPP2PPP/RNBQKB1R w KQkq - 0 6,b7c6
21,guilhermeanunes,EulerE,1011,1135,r1bqk1nr/p1pp1ppp/2p5/2b5/4P3/2N5/PPP2PPP/R1BQKB1R b KQkq - 1 6,b1c3
21,guilhermeanunes,EulerE,1011,1135,r1bqk2r/p1pp1ppp/2p2n2/2b5/4P3/2N5/PPP2PPP/R1BQKB1R w KQkq - 2 7,g8f6
21,guilhermeanunes,EulerE,1011,1135,r1bqk2r/p1pp1ppp/2p2n2/2b5/4P3/2N5/PPP1BPPP/R1BQK2R b KQkq - 3 7,f1e2
21,guilhermeanunes,EulerE,1011,1135,r1bqk2r/p1p2ppp/2p2n2/2bp4/4P3/2N5/PPP1BPPP/R1BQK2R w KQkq - 0 8,d7d5
21,guilhermeanunes,EulerE,1011,1135,r1bqk2r/p1p2ppp/2p2n2/2bP4/8/2N5/PPP1BPPP/R1BQK2R b KQkq - 0 8,e4d5
21,guilhermeanunes,EulerE,1011,1135,r1bqk2r/p1p2ppp/5n2/2bp4/8/2N5/PPP1BPPP/R1BQK2R w KQkq - 0 9,c6d5
21,guilhermeanunes,EulerE,1011,1135,r1bqk2r/p1p2ppp/5n2/2bp4/8/2N5/PPP1BPPP/R1BQ1RK1 b kq - 1 9,e1g1
21,guilhermeanunes,EulerE,1011,1135,r2qk2r/pbp2ppp/5n2/2bp4/8/2N5/PPP1BPPP/R1BQ1RK1 w kq - 2 10,c8b7
21,guilhermeanunes,EulerE,1011,1135,r2qk2r/pbp2ppp/5n2/2bp4/8/2N2B2/PPP2PPP/R1BQ1RK1 b kq - 3 10,e2f3
21,guilhermeanunes,EulerE,1011,1135,r2q1rk1/pbp2ppp/5n2/2bp4/8/2N2B2/PPP2PPP/R1BQ1RK1 w - - 4 11,e8g8
21,guilhermeanunes,EulerE,1011,1135,r2q1rk1/pbp2ppp/5n2/2bp4/5B2/2N2B2/PPP2PPP/R2Q1RK1 b - - 5 11,c1f4
21,guilhermeanunes,EulerE,1011,1135,1r1q1rk1/pbp2ppp/5n2/2bp4/5B2/2N2B2/PPP2PPP/R2Q1RK1 w - - 6 12,a8b8
21,guilhermeanunes,EulerE,1011,1135,1r1q1rk1/pbp2ppp/5n2/1Nbp4/5B2/5B2/PPP2PPP/R2Q1RK1 b - - 7 12,c3b5
21,guilhermeanunes,EulerE,1011,1135,1r1q1rk1/pbp2ppp/1b3n2/1N1p4/5B2/5B2/PPP2PPP/R2Q1RK1 w - - 8 13,c5b6
21,guilhermeanunes,EulerE,1011,1135,1r1q1rk1/pbp2ppp/1b3n2/1N1p2B1/8/5B2/PPP2PPP/R2Q1RK1 b - - 9 13,f4g5
21,guilhermeanunes,EulerE,1011,1135,1r1q1rk1/pbp2pp1/1b3n1p/1N1p2B1/8/5B2/PPP2PPP/R2Q1RK1 w - - 0 14,h7h6
21,guilhermeanunes,EulerE,1011,1135,1r1q1rk1/pbp2pp1/1b3B1p/1N1p4/8/5B2/PPP2PPP/R2Q1RK1 b - - 0 14,g5f6
21,guilhermeanunes,EulerE,1011,1135,1r3rk1/pbp2pp1/1b3q1p/1N1p4/8/5B2/PPP2PPP/R2Q1RK1 w - - 0 15,d8f6
21,guilhermeanunes,EulerE,1011,1135,1r3rk1/pbp2pp1/1b3q1p/1N1p4/8/2P2B2/PP3PPP/R2Q1RK1 b - - 0 15,c2c3
21,guilhermeanunes,EulerE,1011,1135,1r1r2k1/pbp2pp1/1b3q1p/1N1p4/8/2P2B2/PP3PPP/R2Q1RK1 w - - 1 16,f8d8
21,guilhermeanunes,EulerE,1011,1135,1r1r2k1/pbp2pp1/1b3q1p/1N1p4/8/2P2B2/PP1Q1PPP/R4RK1 b - - 2 16,d1d2
21,guilhermeanunes,EulerE,1011,1135,1r1r2k1/p1p2pp1/bb3q1p/1N1p4/8/2P2B2/PP1Q1PPP/R4RK1 w - - 3 17,b7a6
21,guilhermeanunes,EulerE,1011,1135,1r1r2k1/p1p2pp1/bb3q1p/1N1p4/8/2P5/PP1QBPPP/R4RK1 b - - 4 17,f3e2
21,guilhermeanunes,EulerE,1011,1135,1r2r1k1/p1p2pp1/bb3q1p/1N1p4/8/2P5/PP1QBPPP/R4RK1 w - - 5 18,d8e8
21,guilhermeanunes,EulerE,1011,1135,1r2r1k1/p1p2pp1/bb3q1p/1N1p4/8/2P5/PP1QBPPP/3R1RK1 b - - 6 18,a1d1
21,guilhermeanunes,EulerE,1011,1135,1r2r1k1/p1p2pp1/b4q1p/bN1p4/8/2P5/PP1QBPPP/3R1RK1 w - - 7 19,b6a5
21,guilhermeanunes,EulerE,1011,1135,1r2r1k1/p1p2pp1/b4q1p/bN1p4/1P6/2P5/P2QBPPP/3R1RK1 b - - 0 19,b2b4
21,guilhermeanunes,EulerE,1011,1135,1r4k1/p1p2pp1/b4q1p/bN1p4/1P6/2P5/P2QrPPP/3R1RK1 w - - 0 20,e8e2
21,guilhermeanunes,EulerE,1011,1135,1r4k1/p1p2pp1/b4q1p/bN1p4/1P6/2P5/P3QPPP/3R1RK1 b - - 0 20,d2e2
21,guilhermeanunes,EulerE,1011,1135,1r4k1/p1p2pp1/5q1p/bb1p4/1P6/2P5/P3QPPP/3R1RK1 w - - 0 21,a6b5
21,guilhermeanunes,EulerE,1011,1135,1r4k1/p1p2pp1/5q1p/bb1p4/1P6/2P5/P2Q1PPP/3R1RK1 b - - 1 21,e2d2
21,guilhermeanunes,EulerE,1011,1135,1r4k1/p1p2pp1/5q1p/b2p4/1P6/2P5/P2Q1PPP/3R1bK1 w - - 0 22,b5f1
21,guilhermeanunes,EulerE,1011,1135,1r4k1/p1p2pp1/5q1p/b2p4/1P6/2P5/P2Q1PPP/3R1K2 b - - 0 22,g1f1
21,guilhermeanunes,EulerE,1011,1135,1r4k1/p1p2pp1/1b3q1p/3p4/1P6/2P5/P2Q1PPP/3R1K2 w - - 1 23,a5b6
21,guilhermeanunes,EulerE,1011,1135,1r4k1/p1p2pp1/1b3q1p/3p4/PP6/2P5/3Q1PPP/3R1K2 b - - 0 23,a2a4
21,guilhermeanunes,EulerE,1011,1135,1r4k1/2p2pp1/pb3q1p/3p4/PP6/2P5/3Q1PPP/3R1K2 w - - 0 24,a7a6
21,guilhermeanunes,EulerE,1011,1135,1r4k1/2p2pp1/pb3q1p/P2p4/1P6/2P5/3Q1PPP/3R1K2 b - - 0 24,a4a5
21,guilhermeanunes,EulerE,1011,1135,1r4k1/b1p2pp1/p4q1p/P2p4/1P6/2P5/3Q1PPP/3R1K2 w - - 1 25,b6a7
21,guilhermeanunes,EulerE,1011,1135,1r4k1/b1p2pp1/p4q1p/P2p4/1P6/2P2P2/3Q2PP/3R1K2 b - - 0 25,f2f3
21,guilhermeanunes,EulerE,1011,1135,1r4k1/b1p2pp1/p6p/P2p4/1P5q/2P2P2/3Q2PP/3R1K2 w - - 1 26,f6h4
21,guilhermeanunes,EulerE,1011,1135,1r4k1/b1p2pp1/p6p/P2Q4/1P5q/2P2P2/6PP/3R1K2 b - - 0 26,d2d5
21,guilhermeanunes,EulerE,1011,1135,1r4k1/b1p2pp1/p6p/P2Q4/1P6/2P2P2/5qPP/3R1K2 w - - 1 27,h4f2
22,EulerE,DEVVATS,1142,1089,rnbqkbnr/pppppppp/8/8/3P4/8/PPP1PPPP/RNBQKBNR b KQkq - 0 1,d2d4
22,EulerE,DEVVATS,1142,1089,rnbqkbnr/ppp1pppp/8/3p4/3P4/8/PPP1PPPP/RNBQKBNR w KQkq - 0 2,d7d5
22,EulerE,DEVVATS,1142,1089,rnbqkbnr/ppp1pppp/8/3p4/2PP4/8/PP2PPPP/RNBQKBNR b KQkq - 0 2,c2c4
22,EulerE,DEVVATS,1142,1089,rnbqkbnr/ppp1pppp/8/8/2pP4/8/PP2PPPP/RNBQKBNR w KQkq - 0 3,d5c4
22,EulerE,DEVVATS,1142,1089,rnbqkbnr/ppp1pppp/8/8/2pPP3/8/PP3PPP/RNBQKBNR b KQkq - 0 3,e2e4
22,EulerE,DEVVATS,1142,1089,rnbqkbnr/p1p1pppp/8/1p6/2pPP3/8/PP3PPP/RNBQKBNR w KQkq - 0 4,b7b5
22,EulerE,DEVVATS,1142,1089,rnbqkbnr/p1p1pppp/8/1p6/P1pPP3/8/1P3PPP/RNBQKBNR b KQkq - 0 4,a2a4
22,EulerE,DEVVATS,1142,1089,rn1qkbnr/p1pbpppp/8/1p6/P1pPP3/8/1P3PPP/RNBQKBNR w KQkq - 1 5,c8d7
22,EulerE,DEVVATS,1142,1089,rn1qkbnr/p1pbpppp/8/1P6/2pPP3/8/1P3PPP/RNBQKBNR b KQkq - 0 5,a4b5
22,EulerE,DEVVATS,1142,1089,rn1qkbnr/p1p1pppp/8/1b6/2pPP3/8/1P3PPP/RNBQKBNR w KQkq - 0 6,d7b5
22,EulerE,DEVVATS,1142,1089,rn1qkbnr/p1p1pppp/8/1b6/2pPP3/2N5/1P3PPP/R1BQKBNR b KQkq - 1 6,b1c3
22,EulerE,DEVVATS,1142,1089,rn1qkbnr/p3pppp/2p5/1b6/2pPP3/2N5/1P3PPP/R1BQKBNR w KQkq - 0 7,c7c6
22,EulerE,DEVVATS,1142,1089,rn1qkbnr/p3pppp/2p5/1b1P4/2p1P3/2N5/1P3PPP/R1BQKBNR b KQkq - 0 7,d4d5
22,EulerE,DEVVATS,1142,1089,rn1qkbnr/p3pppp/b1p5/3P4/2p1P3/2N5/1P3PPP/R1BQKBNR w KQkq - 1 8,b5a6
22,EulerE,DEVVATS,1142,1089,rn1qkbnr/p3pppp/b1p5/3P4/2p1P3/1PN5/5PPP/R1BQKBNR b KQkq - 0 8,b2b3
22,EulerE,DEVVATS,1142,1089,rn1qkbnr/p3pppp/b7/3p4/2p1P3/1PN5/5PPP/R1BQKBNR w KQkq - 0 9,c6d5
22,EulerE,DEVVATS,1142,1089,rn1qkbnr/p3pppp/b7/3P4/2p5/1PN5/5PPP/R1BQKBNR b KQkq - 0 9,e4d5
22,EulerE,DEVVATS,1142,1089,rnq1kbnr/p3pppp/b7/3P4/2p5/1PN5/5PPP/R1BQKBNR w KQkq - 1 10,d8c8
22,EulerE,DEVVATS,1142,1089,rnq1kbnr/p3pppp/b7/3P4/2p5/1PN2N2/5PPP/R1BQKB1R b KQkq - 2 10,g1f3
22,EulerE,DEVVATS,1142,1089,rnq1kb1r/p3pppp/b4n2/3P4/2p5/1PN2N2/5PPP/R1BQKB1R w KQkq - 3 11,g8f6
22,EulerE,DEVVATS,1142,1089,rnq1kb1r/p3pppp/b4n2/3P4/2p5/BPN2N2/5PPP/R2QKB1R b KQkq - 4 11,c1a3
22,EulerE,DEVVATS,1142,1089,rnq1kb1r/p3pppp/b4n2/3P4/8/BpN2N2/5PPP/R2QKB1R w KQkq - 0 12,c4b3
22,EulerE,DEVVATS,1142,1089,rnq1kb1r/p3pppp/b4n2/3P4/8/BQN2N2/5PPP/R3KB1R b KQkq - 0 12,d1b3
22,EulerE,DEVVATS,1142,1089,rnq1kb1r/p3pppp/5n2/3P4/8/BQN2N2/5PPP/R3Kb1R w KQkq - 0 13,a6f1
22,EulerE,DEVVATS,1142,1089,rnq1kb1r/p3pppp/5n2/3P4/8/BQN2N2/5PPP/R4K1R b kq - 0 13,e1f1
22,EulerE,DEVVATS,1142,1089,r1q1kb1r/p2npppp/5n2/3P4/8/BQN2N2/5PPP/R4K1R w kq - 1 14,b8d7
22,EulerE,DEVVATS,1142,1089,r1q1kb1r/p2npppp/5n2/3P4/8/BQN2N2/4KPPP/R6R b kq - 2 14,f1e2
22,EulerE,DEVVATS,1142,1089,1rq1kb1r/p2npppp/5n2/3P4/8/BQN2N2/4KPPP/R6R w k - 3 15,a8b8
22,EulerE,DEVVATS,1142,1089,1rq1kb1r/p2npppp/5n2/3P4/1B6/1QN2N2/4KPPP/R6R b k - 4 15,a3b4
22,EulerE,DEVVATS,1142,1089,1rq1kb1r/3npppp/5n2/p2P4/1B6/1QN2N2/4KPPP/R6R w k - 0 16,a7a5
22,EulerE,DEVVATS,1142,1089,1rq1kb1r/3npppp/5n2/R2P4/1B6/1QN2N2/4KPPP/7R b k - 0 16,a1a5
22,EulerE,DEVVATS,1142,1089,1rq1kb1r/3npp1p/5np1/R2P4/1B6/1QN2N2/4KPPP/7R w k - 0 17,g7g6
22,EulerE,DEVVATS,1142,1089,1rq1kb1r/3npp1p/5np1/R2P4/1B6/1QN2N2/4KPPP/2R5 b k - 1 17,h1c1
22,EulerE,DEVVATS,1142,1089,1rq1k2r/3nppbp/5np1/R2P4/1B6/1QN2N2/4KPPP/2R5 w k - 2 18,f8g7
22,EulerE,DEVVATS,1142,1089,1rq1k2r/3nppbp/5np1/R2P4/1B6/1QN2N2/5PPP/2R2K2 b k - 3 18,e2f1
22,EulerE,DEVVATS,1142,1089,1rq1k2r/3nppbp/6p1/R2P4/1B2n3/1QN2N2/5PPP/2R2K2 w k - 4 19,f6e4
22,EulerE,DEVVATS,1142,1089,1rq1k2r/3nppbp/6p1/R2P4/1B2n3/Q1N2N2/5PPP/2R2K2 b k - 5 19,b3a3
22,EulerE,DEVVATS,1142,1089,1rq1k2r/3nppbp/3n2p1/R2P4/1B6/Q1N2N2/5PPP/2R2K2 w k - 6 20,e4d6
22,EulerE,DEVVATS,1142,1089,1rq1k2r/3nppbp/3B2p1/R2P4/8/Q1N2N2/5PPP/2R2K2 b k - 0 20,b4d6
22,EulerE,DEVVATS,1142,1089,1rq1k2r/3n1pbp/3p2p1/R2P4/8/Q1N2N2/5PPP/2R2K2 w k - 0 21,e7d6
22,EulerE,DEVVATS,1142,1089,1rq1k2r/R2n1pbp/3p2p1/3P4/8/Q1N2N2/5PPP/2R2K2 b k - 1 21,a5a7
22,EulerE,DEVVATS,1142,1089,1rq2rk1/R2n1pbp/3p2p1/3P4/8/Q1N2N2/5PPP/2R2K2 w - - 2 22,e8g8
22,EulerE,DEVVATS,1142,1089,1rq2rk1/R2n1pbp/3p2p1/3P4/8/Q4N2/4NPPP/2R2K2 b - - 3 22,c3e2
22,EulerE,DEVVATS,1142,1089,1r2qrk1/R2n1pbp/3p2p1/3P4/8/Q4N2/4NPPP/2R2K2 w - - 4 23,c8e8
22,EulerE,DEVVATS,1142,1089,1r2qrk1/R2n1pbp/3Q2p1/3P4/8/5N2/4NPPP/2R2K2 b - - 0 23,a3d6
22,EulerE,DEVVATS,1142,1089,1r2qrk1/R2n1p1p/3Q2p1/3Pb3/8/5N2/4NPPP/2R2K2 w - - 1 24,g7e5
22,EulerE,DEVVATS,1142,1089,1r2qrk1/R2Q1p1p/6p1/3Pb3/8/5N2/4NPPP/2R2K2 b - - 0 24,d6d7
22,EulerE,DEVVATS,1142,1089,1r2qrk1/R2Q1p1p/6p1/3P4/8/5N2/4NPPb/2R2K2 w - - 0 25,e5h2
22,EulerE,DEVVATS,1142,1089,1r2Qrk1/R4p1p/6p1/3P4/8/5N2/4NPPb/2R2K2 b - - 0 25,d7e8
22,EulerE,DEVVATS,1142,1089,1r2r1k1/R4p1p/6p1/3P4/8/5N2/4NPPb/2R2K2 w - - 0 26,f8e8
22,EulerE,DEVVATS,1142,1089,1r2r1k1/R4p1p/6p1/3P4/8/5NP1/4NP1b/2R2K2 b - - 0 26,g2g3
22,EulerE,DEVVATS,1142,1089,1r2r1k1/R4p1p/6p1/3P4/8/5Nb1/4NP2/2R2K2 w - - 0 27,h2g3
22,EulerE,DEVVATS,1142,1089,1r2r1k1/R4p1p/6p1/3P4/8/5NP1/4N3/2R2K2 b - - 0 27,f2g3
22,EulerE,DEVVATS,1142,1089,4r1k1/R4p1p/6p1/3P4/8/5NP1/1r2N3/2R2K2 w - - 1 28,b8b2
22,EulerE,DEVVATS,1142,1089,4r1k1/R4p1p/6p1/3P4/8/5NP1/1r2N3/4RK2 b - - 2 28,c1e1
22,EulerE,DEVVATS,1142,1089,6k1/R4p1p/6p1/3P4/8/4rNP1/1r2N3/4RK2 w - - 3 29,e8e3
22,EulerE,DEVVATS,1142,1089,6k1/R4p1p/6p1/3P4/8/4rNP1/1r2NK2/4R3 b - - 4 29,f1f2
22,EulerE,DEVVATS,1142,1089,6k1/R4p1p/6p1/3P4/8/3r1NP1/1r2NK2/4R3 w - - 5 30,e3d3
22,EulerE,DEVVATS,1142,1089,6k1/3R1p1p/6p1/3P4/8/3r1NP1/1r2NK2/4R3 b - - 6 30,a7d7
22,EulerE,DEVVATS,1142,1089,6k1/3R1p1p/6p1/3P4/8/1r1r1NP1/4NK2/4R3 w - - 7 31,b2b3
22,EulerE,DEVVATS,1142,1089,6k1/3R1p1p/6p1/3P4/3N4/1r1r1NP1/5K2/4R3 b - - 8 31,e2d4
22,EulerE,DEVVATS,1142,1089,6k1/3R1p1p/6p1/3P4/3N4/3r1NP1/1r3K2/4R3 w - - 9 32,b3b2
22,EulerE,DEVVATS,1142,1089,6k1/3R1p1p/6p1/3P4/3N4/3r1NP1/1r2RK2/8 b - - 10 32,e1e2
22,EulerE,DEVVATS,1142,1089,6k1/3R1p1p/6p1/3P4/3N4/3r1NP1/4RK2/1r6 w - - 11 33,b2b1
22,EulerE,DEVVATS,1142,1089,6k1/3R1p1p/3P2p1/8/3N4/3r1NP1/4RK2/1r6 b - - 0 33,d5d6
22,EulerE,DEVVATS,1142,1089,6k1/3R1p1p/3P2p1/8/3N4/5NP1/4RK2/1r1r4 w - - 1 34,d3d1
22,EulerE,DEVVATS,1142,1089,6k1/3R1p1p/3P2p1/8/3N4/5NP1/5K2/1r1rR3 b - - 2 34,e2e1
22,EulerE,DEVVATS,1142,1089,6k1/3R1p1p/3P2p1/8/3N4/5NP1/1r3K2/3rR3 w - - 3 35,b1b2
22,EulerE,DEVVATS,1142,1089,6k1/3R1p1p/3P2p1/8/8/5NP1/1r2NK2/3rR3 b - - 4 35,d4e2
23,EulerE,lingarajsamantaray,1134,1151,rnbqkbnr/pppppppp/8/8/3P4/8/PPP1PPPP/RNBQKBNR b KQkq - 0 1,d2d4
23,EulerE,lingarajsamantaray,1134,1151,rnbqkbnr/ppp1pppp/8/3p4/3P4/8/PPP1PPPP/RNBQKBNR w KQkq - 0 2,d7d5
23,EulerE,lingarajsamantaray,1134,1151,rnbqkbnr/ppp1pppp/8/3p4/2PP4/8/PP2PPPP/RNBQKBNR b KQkq - 0 2,c2c4
23,EulerE,lingarajsamantaray,1134,1151,rnbqkbnr/ppp1pppp/8/8/2pP4/8/PP2PPPP/RNBQKBNR w KQkq - 0 3,d5c4
23,EulerE,lingarajsamantaray,1134,1151,rnbqkbnr/ppp1pppp/8/8/2pPP3/8/PP3PPP/RNBQKBNR b KQkq - 0 3,e2e4
23,EulerE,lingarajsamantaray,1134,1151,rnbqkbnr/p1p1pppp/8/1p6/2pPP3/8/PP3PPP/RNBQKBNR w KQkq - 0 4,b7b5
23,EulerE,lingarajsamantaray,1134,1151,rnbqkbnr/p1p1pppp/8/1p6/P1pPP3/8/1P3PPP/RNBQKBNR b KQkq - 0 4,a2a4
23,EulerE,lingarajsamantaray,1134,1151,rnbqkbnr/p3pppp/2p5/1p6/P1pPP3/8/1P3PPP/RNBQKBNR w KQkq - 0 5,c7c6
23,EulerE,lingarajsamantaray,1134,1151,rnbqkbnr/p3pppp/2p5/1P6/2pPP3/8/1P3PPP/RNBQKBNR b KQkq - 0 5,a4b5
23,EulerE,lingarajsamantaray,1134,1151,rnbqkbnr/p3pppp/8/1p6/2pPP3/8/1P3PPP/RNBQKBNR w KQkq - 0 6,c6b5
23,EulerE,lingarajsamantaray,1134,1151,rnbqkbnr/p3pppp/8/1p6/2pPP3/2N5/1P3PPP/R1BQKBNR b KQkq - 1 6,b1c3
23,EulerE,lingarajsamantaray,1134,1151,rnbqkbnr/4pppp/p7/1p6/2pPP3/2N5/1P3PPP/R1BQKBNR w KQkq - 0 7,a7a6
23,EulerE,lingarajsamantaray,1134,1151,rnbqkbnr/4pppp/p7/1N6/2pPP3/8/1P3PPP/R1BQKBNR b KQkq - 0 7,c3b5
23,EulerE,lingarajsamantaray,1134,1151,rnbqkbnr/4pppp/8/1p6/2pPP3/8/1P3PPP/R1BQKBNR w KQkq - 0 8,a6b5
23,EulerE,lingarajsamantaray,1134,1151,Rnbqkbnr/4pppp/8/1p6/2pPP3/8/1P3PPP/2BQKBNR b Kk - 0 8,a1a8
23,EulerE,lingarajsamantaray,1134,1151,R1bqkbnr/4pppp/2n5/1p6/2pPP3/8/1P3PPP/2BQKBNR w Kk - 1 9,b8c6
23,EulerE,lingarajsamantaray,1134,1151,R1bqkbnr/4pppp/2n5/1p6/2pPP3/5N2/1P3PPP/2BQKB1R b Kk - 2 9,g1f3
23,EulerE,lingarajsamantaray,1134,1151,R1bqkbnr/5ppp/2n1p3/1p6/2pPP3/5N2/1P3PPP/2BQKB1R w Kk - 0 10,e7e6
23,EulerE,lingarajsamantaray,1134,1151,R1bqkbnr/5ppp/2n1p3/1p1P4/2p1P3/5N2/1P3PPP/2BQKB1R b Kk - 0 10,d4d5
23,EulerE,lingarajsamantaray,1134,1151,R1bqkbnr/5ppp/2n5/1p1p4/2p1P3/5N2/1P3PPP/2BQKB1R w Kk - 0 11,e6d5
23,EulerE,lingarajsamantaray,1134,1151,R1bqkbnr/5ppp/2n5/1p1P4/2p5/5N2/1P3PPP/2BQKB1R b Kk - 0 11,e4d5
23,EulerE,lingarajsamantaray,1134,1151,R1bqkbnr/5ppp/8/1p1P4/1np5/5N2/1P3PPP/2BQKB1R w Kk - 1 12,c6b4
23,EulerE,lingarajsamantaray,1134,1151,1Rbqkbnr/5ppp/8/1p1P4/1np5/5N2/1P3PPP/2BQKB1R b Kk - 2 12,a8b8
23,EulerE,lingarajsamantaray,1134,1151,1Rbqkb1r/5ppp/5n2/1p1P4/1np5/5N2/1P3PPP/2BQKB1R w Kk - 3 13,g8f6
23,EulerE,lingarajsamantaray,1134,1151,1Rbqkb1r/5ppp/5n2/1p1P4/1np5/5N2/1P1B1PPP/3QKB1R b Kk - 4 13,c1d2
23,EulerE,lingarajsamantaray,1134,1151,1Rbqkb1r/5ppp/5n2/1p1P4/2p5/3n1N2/1P1B1PPP/3QKB1R w Kk - 5 14,b4d3
23,EulerE,lingarajsamantaray,1134,1151,1Rbqkb1r/5ppp/5n2/1p1P4/2p5/3B1N2/1P1B1PPP/3QK2R b Kk - 0 14,f1d3
23,EulerE,lingarajsamantaray,1134,1151,1Rbqkb1r/5ppp/5n2/1p1P4/8/3p1N2/1P1B1PPP/3QK2R w Kk - 0 15,c4d3
23,EulerE,lingarajsamantaray,1134,1151,2bqkb1r/5ppp/1R3n2/1p1P4/8/3p1N2/1P1B1PPP/3QK2R b Kk - 1 15,b8b6
23,EulerE,lingarajsamantaray,1134,1151,2bqkb1r/5ppp/1R6/1p1n4/8/3p1N2/1P1B1PPP/3QK2R w Kk - 0 16,f6d5
24,EulerE,Kakarot90,1141,1103,rnbqkbnr/pppppppp/8/8/3P4/8/PPP1PPPP/RNBQKBNR b KQkq - 0 1,d2d4
24,EulerE,Kakarot90,1141,1103,rnbqkbnr/ppp1pppp/8/3p4/3P4/8/PPP1PPPP/RNBQKBNR w KQkq - 0 2,d7d5
24,EulerE,Kakarot90,1141,1103,rnbqkbnr/ppp1pppp/8/3p4/2PP4/8/PP2PPPP/RNBQKBNR b KQkq - 0 2,c2c4
24,EulerE,Kakarot90,1141,1103,rnbqkbnr/ppp1pppp/8/8/2pP4/8/PP2PPPP/RNBQKBNR w KQkq - 0 3,d5c4
24,EulerE,Kakarot90,1141,1103,rnbqkbnr/ppp1pppp/8/8/2pPP3/8/PP3PPP/RNBQKBNR b KQkq - 0 3,e2e4
24,EulerE,Kakarot90,1141,1103,rnbqkbnr/pp2pppp/2p5/8/2pPP3/8/PP3PPP/RNBQKBNR w KQkq - 0 4,c7c6
24,EulerE,Kakarot90,1141,1103,rnbqkbnr/pp2pppp/2p5/8/2BPP3/8/PP3PPP/RNBQK1NR b KQkq - 0 4,f1c4
24,EulerE,Kakarot90,1141,1103,rnbqkbnr/p3pppp/2p5/1p6/2BPP3/8/PP3PPP/RNBQK1NR w KQkq - 0 5,b7b5
24,EulerE,Kakarot90,1141,1103,rnbqkbnr/p3pppp/2p5/1p6/3PP3/1B6/PP3PPP/RNBQK1NR b KQkq - 1 5,c4b3
24,EulerE,Kakarot90,1141,1103,rnbqkb1r/p3pppp/2p2n2/1p6/3PP3/1B6/PP3PPP/RNBQK1NR w KQkq - 2 6,g8f6
24,EulerE,Kakarot90,1141,1103,rnbqkb1r/p3pppp/2p2n2/1p6/3PP3/1BN5/PP3PPP/R1BQK1NR b KQkq - 3 6,b1c3
24,EulerE,Kakarot90,1141,1103,rnbqkb1r/p3pppp/2p2n2/8/1p1PP3/1BN5/PP3PPP/R1BQK1NR w KQkq - 0 7,b5b4
24,EulerE,Kakarot90,1141,1103,rnbqkb1r/p3pppp/2p2n2/4P3/1p1P4/1BN5/PP3PPP/R1BQK1NR b KQkq - 0 7,e4e5
24,EulerE,Kakarot90,1141,1103,rnbqkb1r/p2npppp/2p5/4P3/1p1P4/1BN5/PP3PPP/R1BQK1NR w KQkq - 1 8,f6d7
24,EulerE,Kakarot90,1141,1103,rnbqkb1r/p2npppp/2p5/4P3/1p1PN3/1B6/PP3PPP/R1BQK1NR b KQkq - 2 8,c3e4
24,EulerE,Kakarot90,1141,1103,rnbqkb1r/p2np1pp/2p5/4Pp2/1p1PN3/1B6/PP3PPP/R1BQK1NR w KQkq f6 0 9,f7f5
24,EulerE,Kakarot90,1141,1103,rnbqkb1r/p2np1pp/2p2P2/8/1p1PN3/1B6/PP3PPP/R1BQK1NR b KQkq - 0 9,e5f6
24,EulerE,Kakarot90,1141,1103,rnbqkb1r/p2np2p/2p2p2/8/1p1PN3/1B6/PP3PPP/R1BQK1NR w KQkq - 0 10,g7f6
24,EulerE,Kakarot90,1141,1103,rnbqkb1r/p2np2p/2p2p2/8/1p1PN3/1B3N2/PP3PPP/R1BQK2R b KQkq - 1 10,g1f3
24,EulerE,Kakarot90,1141,1103,rnbqkb1r/p3p2p/2p2p2/4n3/1p1PN3/1B3N2/PP3PPP/R1BQK2R w KQkq - 2 11,d7e5
24,EulerE,Kakarot90,1141,1103,rnbqkb1r/p3p2p/2p2p2/4N3/1p1PN3/1B6/PP3PPP/R1BQK2R b KQkq - 0 11,f3e5
24,EulerE,Kakarot90,1141,1103,rnbqkb1r/p3p2p/2p5/4p3/1p1PN3/1B6/PP3PPP/R1BQK2R w KQkq - 0 12,f6e5
24,EulerE,Kakarot90,1141,1103,rnbqkb1r/p3p2p/2p5/4p3/1p1PN3/1B6/PP3PPP/R1BQ1RK1 b kq - 1 12,e1g1
24,EulerE,Kakarot90,1141,1103,rnbqkb1r/p3p2p/2p5/8/1p1pN3/1B6/PP3PPP/R1BQ1RK1 w kq - 0 13,e5d4
24,EulerE,Kakarot90,1141,1103,rnbqkb1r/p3p2p/2p5/6N1/1p1p4/1B6/PP3PPP/R1BQ1RK1 b kq - 1 13,e4g5
24,EulerE,Kakarot90,1141,1103,rnbq1b1r/p2kp2p/2p5/6N1/1p1p4/1B6/PP3PPP/R1BQ1RK1 w - - 2 14,e8d7
24,EulerE,Kakarot90,1141,1103,rnbq1b1r/p2kp2p/2p5/6N1/1p1p1B2/1B6/PP3PPP/R2Q1RK1 b - - 3 14,c1f4
24,EulerE,Kakarot90,1141,1103,r1bq1b1r/p2kp2p/n1p5/6N1/1p1p1B2/1B6/PP3PPP/R2Q1RK1 w - - 4 15,b8a6
24,EulerE,Kakarot90,1141,1103,r1bq1b1r/p2kp2p/n1p1B3/6N1/1p1p1B2/8/PP3PPP/R2Q1RK1 b - - 5 15,b3e6
24,EulerE,Kakarot90,1141,1103,r1bqkb1r/p3p2p/n1p1B3/6N1/1p1p1B2/8/PP3PPP/R2Q1RK1 w - - 6 16,d7e8
24,EulerE,Kakarot90,1141,1103,r1bqkb1r/p3p2p/n1p1B3/6NQ/1p1p1B2/8/PP3PPP/R4RK1 b - - 7 16,d1h5
25,EulerE,alphalima3,1134,1171,rnbqkbnr/pppppppp/8/8/3P4/8/PPP1PPPP/RNBQKBNR b KQkq - 0 1,d2d4
25,EulerE,alphalima3,1134,1171,rnbqkbnr/ppp1pppp/8/3p4/3P4/8/PPP1PPPP/RNBQKBNR w KQkq - 0 2,d7d5
25,EulerE,alphalima3,1134,1171,rnbqkbnr/ppp1pppp/8/3p4/2PP4/8/PP2PPPP/RNBQKBNR b KQkq - 0 2,c2c4
25,EulerE,alphalima3,1134,1171,rnbqkbnr/ppp1pppp/8/8/2pP4/8/PP2PPPP/RNBQKBNR w KQkq - 0 3,d5c4
25,EulerE,alphalima3,1134,1171,rnbqkbnr/ppp1pppp/8/8/2pPP3/8/PP3PPP/RNBQKBNR b KQkq - 0 3,e2e4
25,EulerE,alphalima3,1134,1171,r1bqkbnr/ppp1pppp/2n5/8/2pPP3/8/PP3PPP/RNBQKBNR w KQkq - 1 4,b8c6
25,EulerE,alphalima3,1134,1171,r1bqkbnr/ppp1pppp/2n5/8/2pPP3/5N2/PP3PPP/RNBQKB1R b KQkq - 2 4,g1f3
25,EulerE,alphalima3,1134,1171,r1bqkb1r/ppp1pppp/2n2n2/8/2pPP3/5N2/PP3PPP/RNBQKB1R w KQkq - 3 5,g8f6
25,EulerE,alphalima3,1134,1171,r1bqkb1r/ppp1pppp/2n2n2/8/2pPP3/2N2N2/PP3PPP/R1BQKB1R b KQkq - 4 5,b1c3
25,EulerE,alphalima3,1134,1171,r2qkb1r/ppp1pppp/2n2n2/8/2pPP1b1/2N2N2/PP3PPP/R1BQKB1R w KQkq - 5 6,c8g4
25,EulerE,alphalima3,1134,1171,r2qkb1r/ppp1pppp/2n2n2/3P4/2p1P1b1/2N2N2/PP3PPP/R1BQKB1R b KQkq - 0 6,d4d5
25,EulerE,alphalima3,1134,1171,r2qkb1r/ppp1pppp/2n2n2/3P4/2p1P3/2N2b2/PP3PPP/R1BQKB1R w KQkq - 0 7,g4f3
25,EulerE,alphalima3,1134,1171,r2qkb1r/ppp1pppp/2n2n2/3P4/2p1P3/2N2Q2/PP3PPP/R1B1KB1R b KQkq - 0 7,d1f3
25,EulerE,alphalima3,1134,1171,r2qkb1r/ppp1pppp/5n2/3P4/2pnP3/2N2Q2/PP3PPP/R1B1KB1R w KQkq - 1 8,c6d4
25,EulerE,alphalima3,1134,1171,r2qkb1r/ppp1pppp/5n2/3P4/2pnP3/2N1Q3/PP3PPP/R1B1KB1R b KQkq - 2 8,f3e3
26,EulerE,1mr4nkh4n,1125,1098,rnbqkbnr/pppppppp/8/8/3P4/8/PPP1PPPP/RNBQKBNR b KQkq - 0 1,d2d4
26,EulerE,1mr4nkh4n,1125,1098,rnbqkbnr/ppp1pppp/8/3p4/3P4/8/PPP1PPPP/RNBQKBNR w KQkq - 0 2,d7d5
26,EulerE,1mr4nkh4n,1125,1098,rnbqkbnr/ppp1pppp/8/3p4/2PP4/8/PP2PPPP/RNBQKBNR b KQkq - 0 2,c2c4
26,EulerE,1mr4nkh4n,1125,1098,rnbqkbnr/ppp1pppp/8/8/2pP4/8/PP2PPPP/RNBQKBNR w KQkq - 0 3,d5c4
26,EulerE,1mr4nkh4n,1125,1098,rnbqkbnr/ppp1pppp/8/8/2pPP3/8/PP3PPP/RNBQKBNR b KQkq - 0 3,e2e4
26,EulerE,1mr4nkh4n,1125,1098,rnbqkbnr/ppp2ppp/4p3/8/2pPP3/8/PP3PPP/RNBQKBNR w KQkq - 0 4,e7e6
26,EulerE,1mr4nkh4n,1125,1098,rnbqkbnr/ppp2ppp/4p3/8/2BPP3/8/PP3PPP/RNBQK1NR b KQkq - 0 4,f1c4
26,EulerE,1mr4nkh4n,1125,1098,r1bqkbnr/ppp2ppp/2n1p3/8/2BPP3/8/PP3PPP/RNBQK1NR w KQkq - 1 5,b8c6
26,EulerE,1mr4nkh4n,1125,1098,r1bqkbnr/ppp2ppp/2n1p3/8/2BPP3/5N2/PP3PPP/RNBQK2R b KQkq - 2 5,g1f3
26,EulerE,1mr4nkh4n,1125,1098,r1bqkbnr/1pp2ppp/p1n1p3/8/2BPP3/5N2/PP3PPP/RNBQK2R w KQkq - 0 6,a7a6
26,EulerE,1mr4nkh4n,1125,1098,r1bqkbnr/1pp2ppp/p1n1p3/3P4/2B1P3/5N2/PP3PPP/RNBQK2R b KQkq - 0 6,d4d5
26,EulerE,1mr4nkh4n,1125,1098,r1bqkbnr/1pp2ppp/p1n5/3p4/2B1P3/5N2/PP3PPP/RNBQK2R w KQkq - 0 7,e6d5
26,EulerE,1mr4nkh4n,1125,1098,r1bqkbnr/1pp2ppp/p1n5/3P4/2B5/5N2/PP3PPP/RNBQK2R b KQkq - 0 7,e4d5
26,EulerE,1mr4nkh4n,1125,1098,r1bqkbnr/1pp2ppp/p7/n2P4/2B5/5N2/PP3PPP/RNBQK2R w KQkq - 1 8,c6a5
26,EulerE,1mr4nkh4n,1125,1098,r1bqkbnr/1pp2ppp/p7/n2P4/2B5/5N2/PP3PPP/RNBQ1RK1 b kq - 2 8,e1g1
26,EulerE,1mr4nkh4n,1125,1098,r1bqkbnr/1pp2ppp/p7/3P4/2n5/5N2/PP3PPP/RNBQ1RK1 w kq - 0 9,a5c4
27,Paragers,EulerE,1119,1133,rnbqkbnr/pppppppp/8/8/8/3P4/PPP1PPPP/RNBQKBNR b KQkq - 0 1,d2d3
27,Paragers,EulerE,1119,1133,rnbqkbnr/ppp1pppp/8/3p4/8/3P4/PPP1PPPP/RNBQKBNR w KQkq - 0 2,d7d5
27,Paragers,EulerE,1119,1133,rnbqkbnr/ppp1pppp/8/3p4/3P4/8/PPP1PPPP/RNBQKBNR b KQkq - 0 2,d3d4
27,Paragers,EulerE,1119,1133,rnbqkb1r/ppp1pppp/5n2/3p4/3P4/8/PPP1PPPP/RNBQKBNR w KQkq - 1 3,g8f6
27,Paragers,EulerE,1119,1133,rnbqkb1r/ppp1pppp/5n2/3p4/3P4/2N5/PPP1PPPP/R1BQKBNR b KQkq - 2 3,b1c3
27,Paragers,EulerE,1119,1133,r1bqkb1r/ppp1pppp/2n2n2/3p4/3P4/2N5/PPP1PPPP/R1BQKBNR w KQkq - 3 4,b8c6
27,Paragers,EulerE,1119,1133,r1bqkb1r/ppp1pppp/2n2n2/3p4/3P4/P1N5/1PP1PPPP/R1BQKBNR b KQkq - 0 4,a2a3
27,Paragers,EulerE,1119,1133,r1bqkb1r/ppp2ppp/2n2n2/3pp3/3P4/P1N5/1PP1PPPP/R1BQKBNR w KQkq - 0 5,e7e5
27,Paragers,EulerE,1119,1133,r1bqkb1r/ppp2ppp/2n2n2/3pp3/3P4/P1N1P3/1PP2PPP/R1BQKBNR b KQkq - 0 5,e2e3
27,Paragers,EulerE,1119,1133,r1bqkb1r/ppp2ppp/2n2n2/3p4/3Pp3/P1N1P3/1PP2PPP/R1BQKBNR w KQkq - 0 6,e5e4
27,Paragers,EulerE,1119,1133,r1bqkb1r/ppp2ppp/2n2n2/1B1p4/3Pp3/P1N1P3/1PP2PPP/R1BQK1NR b KQkq - 1 6,f1b5
27,Paragers,EulerE,1119,1133,r2qkb1r/pppb1ppp/2n2n2/1B1p4/3Pp3/P1N1P3/1PP2PPP/R1BQK1NR w KQkq - 2 7,c8d7
27,Paragers,EulerE,1119,1133,r2qkb1r/pppb1ppp/2B2n2/3p4/3Pp3/P1N1P3/1PP2PPP/R1BQK1NR b KQkq - 0 7,b5c6
27,Paragers,EulerE,1119,1133,r2qkb1r/ppp2ppp/2b2n2/3p4/3Pp3/P1N1P3/1PP2PPP/R1BQK1NR w KQkq - 0 8,d7c6
27,Paragers,EulerE,1119,1133,r2qkb1r/ppp2ppp/2b2n2/3p4/3Pp3/P1N1P2P/1PP2PP1/R1BQK1NR b KQkq - 0 8,h2h3
27,Paragers,EulerE,1119,1133,r2qk2r/ppp2ppp/2bb1n2/3p4/3Pp3/P1N1P2P/1PP2PP1/R1BQK1NR w KQkq - 1 9,f8d6
27,Paragers,EulerE,1119,1133,r2qk2r/ppp2ppp/2bb1n2/3p4/3Pp3/PPN1P2P/2P2PP1/R1BQK1NR b KQkq - 0 9,b2b3
27,Paragers,EulerE,1119,1133,r2q1rk1/ppp2ppp/2bb1n2/3p4/3Pp3/PPN1P2P/2P2PP1/R1BQK1NR w KQ - 1 10,e8g8
27,Paragers,EulerE,1119,1133,r2q1rk1/ppp2ppp/2bb1n2/3p4/3Pp3/PPN1P2P/2P1QPP1/R1B1K1NR b KQ - 2 10,d1e2
27,Paragers,EulerE,1119,1133,r2q1rk1/pppn1ppp/2bb4/3p4/3Pp3/PPN1P2P/2P1QPP1/R1B1K1NR w KQ - 3 11,f6d7
27,Paragers,EulerE,1119,1133,r2q1rk1/pppn1ppp/2bb4/3p4/3Pp3/PPN1P2P/1BP1QPP1/R3K1NR b KQ - 4 11,c1b2
27,Paragers,EulerE,1119,1133,r2q1rk1/1ppn1ppp/p1bb4/3p4/3Pp3/PPN1P2P/1BP1QPP1/R3K1NR w KQ - 0 12,a7a6
27,Paragers,EulerE,1119,1133,r2q1rk1/1ppn1ppp/p1bb4/3p4/3Pp3/PPN1P2P/1BP1QPP1/2KR2NR b - - 1 12,e1c1
27,Paragers,EulerE,1119,1133,r4rk1/1ppn1ppp/p1bb4/3p2q1/3Pp3/PPN1P2P/1BP1QPP1/2KR2NR w - - 2 13,d8g5
27,Paragers,EulerE,1119,1133,r4rk1/1ppn1ppp/p1bb4/3p2q1/3Pp3/PPN1P1PP/1BP1QP2/2KR2NR b - - 0 13,g2g3
27,Paragers,EulerE,1119,1133,r4rk1/2pn1ppp/p1bb4/1p1p2q1/3Pp3/PPN1P1PP/1BP1QP2/2KR2NR w - - 0 14,b7b5
27,Paragers,EulerE,1119,1133,r4rk1/2pn1ppp/p1bb4/1p1p2q1/3Pp2P/PPN1P1P1/1BP1QP2/2KR2NR b - - 0 14,h3h4
27,Paragers,EulerE,1119,1133,r4rk1/2pnqppp/p1bb4/1p1p4/3Pp2P/PPN1P1P1/1BP1QP2/2KR2NR w - - 1 15,g5e7
27,Paragers,EulerE,1119,1133,r4rk1/2pnqppp/p1bb4/1p1p4/3Pp2P/PPN1P1PN/1BP1QP2/2KR3R b - - 2 15,g1h3
27,Paragers,EulerE,1119,1133,r4rk1/2pnqpp1/p1bb3p/1p1p4/3Pp2P/PPN1P1PN/1BP1QP2/2KR3R w - - 0 16,h7h6
27,Paragers,EulerE,1119,1133,r4rk1/2pnqpp1/p1bb3p/1p1p4/3PpN1P/PPN1P1P1/1BP1QP2/2KR3R b - - 1 16,h3f4
27,Paragers,EulerE,1119,1133,r4rk1/2pnqpp1/p1b4p/1p1p4/3Ppb1P/PPN1P1P1/1BP1QP2/2KR3R w - - 0 17,d6f4
27,Paragers,EulerE,1119,1133,r4rk1/2pnqpp1/p1b4p/1p1p4/3PpP1P/PPN1P3/1BP1QP2/2KR3R b - - 0 17,g3f4
27,Paragers,EulerE,1119,1133,r4rk1/2p1qpp1/pnb4p/1p1p4/3PpP1P/PPN1P3/1BP1QP2/2KR3R w - - 1 18,d7b6
27,Paragers,EulerE,1119,1133,r4rk1/2p1qpp1/pnb4p/1p1p4/3PpPQP/PPN1P3/1BP2P2/2KR3R b - - 2 18,e2g4
27,Paragers,EulerE,1119,1133,3r1rk1/2p1qpp1/pnb4p/1p1p4/3PpPQP/PPN1P3/1BP2P2/2KR3R w - - 3 19,a8d8
27,Paragers,EulerE,1119,1133,3r1rk1/2p1qpp1/pnb4p/1p1p4/3PpPQP/PPN1P3/1BP2P2/2KR2R1 b - - 4 19,h1g1
27,Paragers,EulerE,1119,1133,3r1rk1/2p2pp1/pnb2q1p/1p1p4/3PpPQP/PPN1P3/1BP2P2/2KR2R1 w - - 5 20,e7f6
27,Paragers,EulerE,1119,1133,3r1rk1/2p2pp1/pnb2q1p/1p1p4/3PpP1P/PPN1P2Q/1BP2P2/2KR2R1 b - - 6 20,g4h3
27,Paragers,EulerE,1119,1133,3r1rk1/2pb1pp1/pn3q1p/1p1p4/3PpP1P/PPN1P2Q/1BP2P2/2KR2R1 w - - 7 21,c6d7
27,Paragers,EulerE,1119,1133,3r1rk1/2pb1pp1/pn3q1p/1p1p4/3PpP1P/PPN1P1Q1/1BP2P2/2KR2R1 b - - 8 21,h3g3
27,Paragers,EulerE,1119,1133,3r1rk1/2pb1pp1/pn3q2/1p1p3p/3PpP1P/PPN1P1Q1/1BP2P2/2KR2R1 w - - 0 22,h6h5
27,Paragers,EulerE,1119,1133,3r1rk1/2pb1pp1/pn3q2/1p1p3p/3PpP1P/PPN1P3/1BP2P1Q/2KR2R1 b - - 1 22,g3h2
27,Paragers,EulerE,1119,1133,3r1rk1/2p2pp1/pn3q2/1p1p3p/3PpPbP/PPN1P3/1BP2P1Q/2KR2R1 w - - 2 23,d7g4
27,Paragers,EulerE,1119,1133,3r1rk1/2p2pp1/pn3q2/1p1p3p/3PpPbP/PPN1P3/1BP2P1Q/2K1R1R1 b - - 3 23,d1e1
27,Paragers,EulerE,1119,1133,3r1rk1/2p2pp1/1n3q2/pp1p3p/3PpPbP/PPN1P3/1BP2P1Q/2K1R1R1 w - - 0 24,a6a5
27,Paragers,EulerE,1119,1133,3r1rk1/2p2pp1/1n3q2/pN1p3p/3PpPbP/PP2P3/1BP2P1Q/2K1R1R1 b - - 0 24,c3b5
27,Paragers,EulerE,1119,1133,3r1rk1/2p1qpp1/1n6/pN1p3p/3PpPbP/PP2P3/1BP2P1Q/2K1R1R1 w - - 1 25,f6e7
27,Paragers,EulerE,1119,1133,3r1rk1/2p1qpp1/1n6/pN1p3p/3PpPbP/PP2P1R1/1BP2P1Q/2K1R3 b - - 2 25,g1g3
27,Paragers,EulerE,1119,1133,3r1rk1/4qpp1/1np5/pN1p3p/3PpPbP/PP2P1R1/1BP2P1Q/2K1R3 w - - 0 26,c7c6
27,Paragers,EulerE,1119,1133,3r1rk1/4qpp1/1np5/p2p3p/3PpPbP/PPN1P1R1/1BP2P1Q/2K1R3 b - - 1 26,b5c3
27,Paragers,EulerE,1119,1133,3r1rk1/4qpp1/1np5/3p3p/p2PpPbP/PPN1P1R1/1BP2P1Q/2K1R3 w - - 0 27,a5a4
27,Paragers,EulerE,1119,1133,3r1rk1/4qpp1/1np5/3p3p/N2PpPbP/PP2P1R1/1BP2P1Q/2K1R3 b - - 0 27,c3a4
27,Paragers,EulerE,1119,1133,3r1rk1/4qpp1/2p5/3p3p/n2PpPbP/PP2P1R1/1BP2P1Q/2K1R3 w - - 0 28,b6a4
27,Paragers,EulerE,1119,1133,3r1rk1/4qpp1/2p5/3p3p/P2PpPbP/P3P1R1/1BP2P1Q/2K1R3 b - - 0 28,b3a4
27,Paragers,EulerE,1119,1133,r4rk1/4qpp1/2p5/3p3p/P2PpPbP/P3P1R1/1BP2P1Q/2K1R3 w - - 1 29,d8a8
27,Paragers,EulerE,1119,1133,r4rk1/4qpp1/2p5/3p3p/P2PpPbP/P1P1P1R1/1B3P1Q/2K1R3 b - - 0 29,c2c3
27,Paragers,EulerE,1119,1133,5rk1/4qpp1/2p5/3p3p/r2PpPbP/P1P1P1R1/1B3P1Q/2K1R3 w - - 0 30,a8a4
27,Paragers,EulerE,1119,1133,5rk1/4qpp1/2p5/3p3p/r2PpPbP/P1P1P1R1/1B3PQ1/2K1R3 b - - 1 30,h2g2
27,Paragers,EulerE,1119,1133,5rk1/4qpp1/2p5/3p3p/3PpPbP/r1P1P1R1/1B3PQ1/2K1R3 w - - 0 31,a4a3
27,Paragers,EulerE,1119,1133,5rk1/4qpp1/2p5/3p3p/3PpPbP/B1P1P1R1/5PQ1/2K1R3 b - - 0 31,b2a3
27,Paragers,EulerE,1119,1133,5rk1/5pp1/2p5/3p3p/3PpPbP/q1P1P1R1/5PQ1/2K1R3 w - - 0 32,e7a3
27,Paragers,EulerE,1119,1133,5rk1/5pp1/2p5/3p3p/3PpPbP/q1P1P1R1/3K1PQ1/4R3 b - - 1 32,c1d2
27,Paragers,EulerE,1119,1133,5rk1/5pp1/2p5/3p3p/3PpPbP/2P1P1R1/q2K1PQ1/4R3 w - - 2 33,a3a2
27,Paragers,EulerE,1119,1133,5rk1/5pp1/2p5/3p3p/3PpPbP/2P1P1R1/q4PQ1/2K1R3 b - - 3 33,d2c1
27,Paragers,EulerE,1119,1133,1r4k1/5pp1/2p5/3p3p/3PpPbP/2P1P1R1/q4PQ1/2K1R3 w - - 4 34,f8b8
27,Paragers,EulerE,1119,1133,1r4k1/5pp1/2p5/3p3p/3PpPbP/2P1PPR1/q5Q1/2K1R3 b - - 0 34,f2f3
27,Paragers,EulerE,1119,1133,6k1/5pp1/2p5/3p3p/3PpPbP/2P1PPR1/q5Q1/1rK1R3 w - - 1 35,b8b1
28,EulerE,MtgTrading,1142,1156,rnbqkbnr/pppppppp/8/8/3P4/8/PPP1PPPP/RNBQKBNR b KQkq - 0 1,d2d4
28,EulerE,MtgTrading,1142,1156,rnbqkbnr/ppp1pppp/8/3p4/3P4/8/PPP1PPPP/RNBQKBNR w KQkq - 0 2,d7d5
28,EulerE,MtgTrading,1142,1156,rnbqkbnr/ppp1pppp/8/3p4/2PP4/8/PP2PPPP/RNBQKBNR b KQkq - 0 2,c2c4
28,EulerE,MtgTrading,1142,1156,rnbqkbnr/ppp1pppp/8/8/2pP4/8/PP2PPPP/RNBQKBNR w KQkq - 0 3,d5c4
28,EulerE,MtgTrading,1142,1156,rnbqkbnr/ppp1pppp/8/8/2pPP3/8/PP3PPP/RNBQKBNR b KQkq - 0 3,e2e4
28,EulerE,MtgTrading,1142,1156,r1bqkbnr/ppp1pppp/2n5/8/2pPP3/8/PP3PPP/RNBQKBNR w KQkq - 1 4,b8c6
28,EulerE,MtgTrading,1142,1156,r1bqkbnr/ppp1pppp/2n5/8/2pPP3/5N2/PP3PPP/RNBQKB1R b KQkq - 2 4,g1f3
28,EulerE,MtgTrading,1142,1156,r1bqkbnr/ppp1p1pp/2n2p2/8/2pPP3/5N2/PP3PPP/RNBQKB1R w KQkq - 0 5,f7f6
28,EulerE,MtgTrading,1142,1156,r1bqkbnr/ppp1p1pp/2n2p2/8/2pPP3/5N1P/PP3PP1/RNBQKB1R b KQkq - 0 5,h2h3
28,EulerE,MtgTrading,1142,1156,r1bqkbnr/ppp3pp/2n2p2/4p3/2pPP3/5N1P/PP3PP1/RNBQKB1R w KQkq - 0 6,e7e5
28,EulerE,MtgTrading,1142,1156,r1bqkbnr/ppp3pp/2n2p2/3Pp3/2p1P3/5N1P/PP3PP1/RNBQKB1R b KQkq - 0 6,d4d5
28,EulerE,MtgTrading,1142,1156,r1bqkbnr/ppp3pp/5p2/3Pp3/2pnP3/5N1P/PP3PP1/RNBQKB1R w KQkq - 1 7,c6d4
28,EulerE,MtgTrading,1142,1156,r1bqkbnr/ppp3pp/5p2/3Pp3/2pNP3/7P/PP3PP1/RNBQKB1R b KQkq - 0 7,f3d4
28,EulerE,MtgTrading,1142,1156,r1bqkbnr/ppp3pp/5p2/3P4/2ppP3/7P/PP3PP1/RNBQKB1R w KQkq - 0 8,e5d4
28,EulerE,MtgTrading,1142,1156,r1bqkbnr/ppp3pp/5p2/3P4/2BpP3/7P/PP3PP1/RNBQK2R b KQkq - 0 8,f1c4
28,EulerE,MtgTrading,1142,1156,r1bqkb1r/ppp1n1pp/5p2/3P4/2BpP3/7P/PP3PP1/RNBQK2R w KQkq - 1 9,g8e7
28,EulerE,MtgTrading,1142,1156,r1bqkb1r/ppp1n1pp/5p2/3P4/2BQP3/7P/PP3PP1/RNB1K2R b KQkq - 0 9,d1d4
28,EulerE,MtgTrading,1142,1156,r1bqkb1r/pp2n1pp/2p2p2/3P4/2BQP3/7P/PP3PP1/RNB1K2R w KQkq - 0 10,c7c6
28,EulerE,MtgTrading,1142,1156,r1bqkb1r/pp2n1pp/2pP1p2/8/2BQP3/7P/PP3PP1/RNB1K2R b KQkq - 0 10,d5d6
28,EulerE,MtgTrading,1142,1156,r1bqkb1r/pp4pp/2pP1pn1/8/2BQP3/7P/PP3PP1/RNB1K2R w KQkq - 1 11,e7g6
28,EulerE,MtgTrading,1142,1156,r1bqkb1r/pp4pp/2pP1pn1/8/2BQP3/7P/PP3PP1/RNB2RK1 b kq - 2 11,e1g1
28,EulerE,MtgTrading,1142,1156,r1bqk2r/pp4pp/2pb1pn1/8/2BQP3/7P/PP3PP1/RNB2RK1 w kq - 0 12,f8d6
28,EulerE,MtgTrading,1142,1156,r1bqk2r/pp4pp/2pb1pn1/8/2BQP3/2N4P/PP3PP1/R1B2RK1 b kq - 1 12,b1c3
28,EulerE,MtgTrading,1142,1156,r1bqk2r/pp4pp/3b1pn1/2p5/2BQP3/2N4P/PP3PP1/R1B2RK1 w kq - 0 13,c6c5
28,EulerE,MtgTrading,1142,1156,r1bqk2r/pp4pp/3b1pn1/2pQ4/2B1P3/2N4P/PP3PP1/R1B2RK1 b kq - 1 13,d4d5
28,EulerE,MtgTrading,1142,1156,r1bqk2r/pp2n1pp/3b1p2/2pQ4/2B1P3/2N4P/PP3PP1/R1B2RK1 w kq - 2 14,g6e7
28,EulerE,MtgTrading,1142,1156,r1bqk2r/pp2nQpp/3b1p2/2p5/2B1P3/2N4P/PP3PP1/R1B2RK1 b kq - 3 14,d5f7
28,EulerE,MtgTrading,1142,1156,r1bq3r/pp1knQpp/3b1p2/2p5/2B1P3/2N4P/PP3PP1/R1B2RK1 w - - 4 15,e8d7
28,EulerE,MtgTrading,1142,1156,r1bq3r/pp1kn1pp/3bQp2/2p5/2B1P3/2N4P/PP3PP1/R1B2RK1 b - - 5 15,f7e6
28,EulerE,MtgTrading,1142,1156,r1bq3r/ppk1n1pp/3bQp2/2p5/2B1P3/2N4P/PP3PP1/R1B2RK1 w - - 6 16,d7c7
28,EulerE,MtgTrading,1142,1156,r1bq3r/ppk1n1pp/3bQp2/2pN4/2B1P3/7P/PP3PP1/R1B2RK1 b - - 7 16,c3d5
28,EulerE,MtgTrading,1142,1156,r1bq3r/ppk3pp/3bQp2/2pn4/2B1P3/7P/PP3PP1/R1B2RK1 w - - 0 17,e7d5
28,EulerE,MtgTrading,1142,1156,r1bq3r/ppk3pp/3b1p2/2pQ4/2B1P3/7P/PP3PP1/R1B2RK1 b - - 0 17,e6d5
28,EulerE,MtgTrading,1142,1156,r2q3r/ppkb2pp/3b1p2/2pQ4/2B1P3/7P/PP3PP1/R1B2RK1 w - - 1 18,c8d7
28,EulerE,MtgTrading,1142,1156,r2q3r/ppkb2pp/3b1p2/2pQ4/2B1P3/7P/PP3PP1/R1BR2K1 b - - 2 18,f1d1
28,EulerE,MtgTrading,1142,1156,r2q3r/ppk3pp/2bb1p2/2pQ4/2B1P3/7P/PP3PP1/R1BR2K1 w - - 3 19,d7c6
28,EulerE,MtgTrading,1142,1156,r2q3r/ppk2Qpp/2bb1p2/2p5/2B1P3/7P/PP3PP1/R1BR2K1 b - - 4 19,d5f7
28,EulerE,MtgTrading,1142,1156,r2q3r/ppkb1Qpp/3b1p2/2p5/2B1P3/7P/PP3PP1/R1BR2K1 w - - 5 20,c6d7
28,EulerE,MtgTrading,1142,1156,r2q3r/ppkb1Qpp/3bBp2/2p5/4P3/7P/PP3PP1/R1BR2K1 b - - 6 20,c4e6
28,EulerE,MtgTrading,1142,1156,2rq3r/ppkb1Qpp/3bBp2/2p5/4P3/7P/PP3PP1/R1BR2K1 w - - 7 21,a8c8
28,EulerE,MtgTrading,1142,1156,2rq3r/ppkB1Qpp/3b1p2/2p5/4P3/7P/PP3PP1/R1BR2K1 b - - 0 21,e6d7
28,EulerE,MtgTrading,1142,1156,2r4r/ppkq1Qpp/3b1p2/2p5/4P3/7P/PP3PP1/R1BR2K1 w - - 0 22,d8d7
28,EulerE,MtgTrading,1142,1156,2r4r/ppkQ2pp/3b1p2/2p5/4P3/7P/PP3PP1/R1BR2K1 b - - 0 22,f7d7
28,EulerE,MtgTrading,1142,1156,2r4r/pp1k2pp/3b1p2/2p5/4P3/7P/PP3PP1/R1BR2K1 w - - 0 23,c7d7
28,EulerE,MtgTrading,1142,1156,2r4r/pp1k2pp/3b1p2/2p5/4PB2/7P/PP3PP1/R2R2K1 b - - 1 23,c1f4
28,EulerE,MtgTrading,1142,1156,7r/pp1k2pp/2rb1p2/2p5/4PB2/7P/PP3PP1/R2R2K1 w - - 2 24,c8c6
28,EulerE,MtgTrading,1142,1156,7r/pp1k2pp/2rB1p2/2p5/4P3/7P/PP3PP1/R2R2K1 b - - 0 24,f4d6
28,EulerE,MtgTrading,1142,1156,7r/pp1k2pp/3r1p2/2p5/4P3/7P/PP3PP1/R2R2K1 w - - 0 25,c6d6
28,EulerE,MtgTrading,1142,1156,7r/pp1k2pp/3R1p2/2p5/4P3/7P/PP3PP1/R5K1 b - - 0 25,d1d6
28,EulerE,MtgTrading,1142,1156,7r/pp4pp/3k1p2/2p5/4P3/7P/PP3PP1/R5K1 w - - 0 26,d7d6
28,EulerE,MtgTrading,1142,1156,7r/pp4pp/3k1p2/2p5/4P3/7P/PP3PP1/3R2K1 b - - 1 26,a1d1
28,EulerE,MtgTrading,1142,1156,7r/pp4pp/2k2p2/2p5/4P3/7P/PP3PP1/3R2K1 w - - 2 27,d6c6
28,EulerE,MtgTrading,1142,1156,7r/pp4pp/2k2p2/2p5/4P3/7P/PP3PPK/3R4 b - - 3 27,g1h2
28,EulerE,MtgTrading,1142,1156,4r3/pp4pp/2k2p2/2p5/4P3/7P/PP3PPK/3R4 w - - 4 28,h8e8
28,EulerE,MtgTrading,1142,1156,4r3/pp4pp/2k2p2/2p5/4P3/5P1P/PP4PK/3R4 b - - 0 28,f2f3
28,EulerE,MtgTrading,1142,1156,4r3/p5pp/2k2p2/1pp5/4P3/5P1P/PP4PK/3R4 w - - 0 29,b7b5
28,EulerE,MtgTrading,1142,1156,4r3/p5pp/2k2p2/1pp5/4P3/5PKP/PP4P1/3R4 b - - 1 29,h2g3
28,EulerE,MtgTrading,1142,1156,4r3/p6p/2k2p2/1pp3p1/4P3/5PKP/PP4P1/3R4 w - - 0 30,g7g5
28,EulerE,MtgTrading,1142,1156,4r3/p6p/2k2p2/1pp3p1/4P1K1/5P1P/PP4P1/3R4 b - - 1 30,g3g4
28,EulerE,MtgTrading,1142,1156,4r3/7p/2k2p2/ppp3p1/4P1K1/5P1P/PP4P1/3R4 w - - 0 31,a7a5
28,EulerE,MtgTrading,1142,1156,4r3/7p/2k2p2/ppp2Kp1/4P3/5P1P/PP4P1/3R4 b - - 1 31,g4f5
28,EulerE,MtgTrading,1142,1156,4r3/7p/2k2p2/p1p2Kp1/1p2P3/5P1P/PP4P1/3R4 w - - 0 32,b5b4
28,EulerE,MtgTrading,1142,1156,4r3/7p/2k2K2/p1p3p1/1p2P3/5P1P/PP4P1/3R4 b - - 0 32,f5f6
28,EulerE,MtgTrading,1142,1156,5r2/7p/2k2K2/p1p3p1/1p2P3/5P1P/PP4P1/3R4 w - - 1 33,e8f8
28,EulerE,MtgTrading,1142,1156,5r2/7p/2k5/p1p3K1/1p2P3/5P1P/PP4P1/3R4 b - - 0 33,f6g5
28,EulerE,MtgTrading,1142,1156,6r1/7p/2k5/p1p3K1/1p2P3/5P1P/PP4P1/3R4 w - - 1 34,f8g8
28,EulerE,MtgTrading,1142,1156,6r1/7p/2k5/p1p5/1p2PK2/5P1P/PP4P1/3R4 b - - 2 34,g5f4
28,EulerE,MtgTrading,1142,1156,8/7p/2k5/p1p5/1p2PK2/5P1P/PP4r1/3R4 w - - 0 35,g8g2
28,EulerE,MtgTrading,1142,1156,8/7p/2k5/p1p1P3/1p3K2/5P1P/PP4r1/3R4 b - - 0 35,e4e5
28,EulerE,MtgTrading,1142,1156,8/7p/2k5/p1p1P3/1p3K2/5P1P/Pr6/3R4 w - - 0 36,g2b2
28,EulerE,MtgTrading,1142,1156,8/7p/2k1P3/p1p5/1p3K2/5P1P/Pr6/3R4 b - - 0 36,e5e6
28,EulerE,MtgTrading,1142,1156,8/7p/2k1P3/p1p5/1p3K2/5P1P/r7/3R4 w - - 0 37,b2a2
28,EulerE,MtgTrading,1142,1156,8/7p/2k1P3/p1p5/1p3K2/5P1P/r7/4R3 b - - 1 37,d1e1
28,EulerE,MtgTrading,1142,1156,8/7p/2k1P3/p1p5/5K2/1p3P1P/r7/4R3 w - - 0 38,b4b3
28,EulerE,MtgTrading,1142,1156,8/4P2p/2k5/p1p5/5K2/1p3P1P/r7/4R3 b - - 0 38,e6e7
28,EulerE,MtgTrading,1142,1156,8/4P2p/2k5/p1p5/r4K2/1p3P1P/8/4R3 w - - 1 39,a2a4
28,EulerE,MtgTrading,1142,1156,8/4P2p/2k5/p1p5/r7/1p3PKP/8/4R3 b - - 2 39,f4g3
28,EulerE,MtgTrading,1142,1156,8/4P2p/8/pkp5/r7/1p3PKP/8/4R3 w - - 3 40,c6b5
28,EulerE,MtgTrading,1142,1156,4Q3/7p/8/pkp5/r7/1p3PKP/8/4R3 b - - 0 40,e7e8q
28,EulerE,MtgTrading,1142,1156,4Q3/7p/8/p1p5/rk6/1p3PKP/8/4R3 w - - 1 41,b5b4
28,EulerE,MtgTrading,1142,1156,4Q3/7p/8/p1p5/rk2R3/1p3PKP/8/8 b - - 2 41,e1e4
28,EulerE,MtgTrading,1142,1156,4Q3/7p/8/p7/rkp1R3/1p3PKP/8/8 w - - 0 42,c5c4
28,EulerE,MtgTrading,1142,1156,4Q3/7p/8/p7/rkR5/1p3PKP/8/8 b - - 0 42,e4c4
28,EulerE,MtgTrading,1142,1156,4Q3/7p/8/p7/r1k5/1p3PKP/8/8 w - - 0 43,b4c4
28,EulerE,MtgTrading,1142,1156,8/7p/8/p7/Q1k5/1p3PKP/8/8 b - - 0 43,e8a4
28,EulerE,MtgTrading,1142,1156,8/7p/8/p7/Q7/1pk2PKP/8/8 w - - 1 44,c4c3
28,EulerE,MtgTrading,1142,1156,8/7p/8/Q7/8/1pk2PKP/8/8 b - - 0 44,a4a5
28,EulerE,MtgTrading,1142,1156,8/7p/8/Q7/8/1p3PKP/2k5/8 w - - 1 45,c3c2
28,EulerE,MtgTrading,1142,1156,8/7p/8/Q7/5P2/1p4KP/2k5/8 b - - 0 45,f3f4
28,EulerE,MtgTrading,1142,1156,8/7p/8/Q7/5P2/6KP/1pk5/8 w - - 0 46,b3b2
28,EulerE,MtgTrading,1142,1156,8/7p/8/1Q6/5P2/6KP/1pk5/8 b - - 1 46,a5b5
28,EulerE,MtgTrading,1142,1156,8/7p/8/1Q6/5P2/6KP/2k5/1q6 w - - 0 47,b2b1q
28,EulerE,MtgTrading,1142,1156,8/7p/8/8/5P2/6KP/2k5/1Q6 b - - 0 47,b5b1
28,EulerE,MtgTrading,1142,1156,8/7p/8/8/5P2/6KP/8/1k6 w - - 0 48,c2b1
28,EulerE,MtgTrading,1142,1156,8/7p/8/5P2/8/6KP/8/1k6 b - - 0 48,f4f5
28,EulerE,MtgTrading,1142,1156,8/7p/8/5P2/8/6KP/2k5/8 w - - 1 49,b1c2
28,EulerE,MtgTrading,1142,1156,8/7p/5P2/8/8/6KP/2k5/8 b - - 0 49,f5f6
28,EulerE,MtgTrading,1142,1156,8/7p/5P2/8/8/2k3KP/8/8 w - - 1 50,c2c3
28,EulerE,MtgTrading,1142,1156,8/5P1p/8/8/8/2k3KP/8/8 b - - 0 50,f6f7
28,EulerE,MtgTrading,1142,1156,8/5P1p/8/8/8/3k2KP/8/8 w - - 1 51,c3d3
28,EulerE,MtgTrading,1142,1156,5Q2/7p/8/8/8/3k2KP/8/8 b - - 0 51,f7f8q
28,EulerE,MtgTrading,1142,1156,5Q2/7p/8/8/8/6KP/4k3/8 w - - 1 52,d3e2
28,EulerE,MtgTrading,1142,1156,5Q2/7p/8/8/7P/6K1/4k3/8 b - - 0 52,h3h4
28,EulerE,MtgTrading,1142,1156,5Q2/7p/8/8/7P/4k1K1/8/8 w - - 1 53,e2e3
28,EulerE,MtgTrading,1142,1156,5Q2/7p/8/7P/8/4k1K1/8/8 b - - 0 53,h4h5
28,EulerE,MtgTrading,1142,1156,5Q2/7p/8/7P/4k3/6K1/8/8 w - - 1 54,e3e4
28,EulerE,MtgTrading,1142,1156,5Q2/7p/7P/8/4k3/6K1/8/8 b - - 0 54,h5h6
28,EulerE,MtgTrading,1142,1156,5Q2/7p/7P/8/8/3k2K1/8/8 w - - 1 55,e4d3
28,EulerE,MtgTrading,1142,1156,8/7p/7P/5Q2/8/3k2K1/8/8 b - - 2 55,f8f5
28,EulerE,MtgTrading,1142,1156,8/7p/7P/5Q2/8/6K1/4k3/8 w - - 3 56,d3e2
28,EulerE,MtgTrading,1142,1156,8/7Q/7P/8/8/6K1/4k3/8 b - - 0 56,f5h7
28,EulerE,MtgTrading,1142,1156,8/7Q/7P/8/8/6K1/8/3k4 w - - 1 57,e2d1
28,EulerE,MtgTrading,1142,1156,8/3Q4/7P/8/8/6K1/8/3k4 b - - 2 57,h7d7
28,EulerE,MtgTrading,1142,1156,8/3Q4/7P/8/8/6K1/4k3/8 w - - 3 58,d1e2
28,EulerE,MtgTrading,1142,1156,8/3Q3P/8/8/8/6K1/4k3/8 b - - 0 58,h6h7
28,EulerE,MtgTrading,1142,1156,8/3Q3P/8/8/8/6K1/8/5k2 w - - 1 59,e2f1
28,EulerE,MtgTrading,1142,1156,7Q/3Q4/8/8/8/6K1/8/5k2 b - - 0 59,h7h8q
28,EulerE,MtgTrading,1142,1156,7Q/3Q4/8/8/8/6K1/8/6k1 w - - 1 60,f1g1
28,EulerE,MtgTrading,1142,1156,7Q/3Q4/8/8/6K1/8/8/6k1 b - - 2 60,g3g4
28,EulerE,MtgTrading,1142,1156,7Q/3Q4/8/8/6K1/8/5k2/8 w - - 3 61,g1f2
28,EulerE,MtgTrading,1142,1156,5Q2/3Q4/8/8/6K1/8/5k2/8 b - - 4 61,h8f8
28,EulerE,MtgTrading,1142,1156,5Q2/3Q4/8/8/6K1/4k3/8/8 w - - 5 62,f2e3
28,EulerE,MtgTrading,1142,1156,5Q2/4Q3/8/8/6K1/4k3/8/8 b - - 6 62,d7e7
28,EulerE,MtgTrading,1142,1156,5Q2/4Q3/8/8/3k2K1/8/8/8 w - - 7 63,e3d4
28,EulerE,MtgTrading,1142,1156,3Q4/4Q3/8/8/3k2K1/8/8/8 b - - 8 63,f8d8
28,EulerE,MtgTrading,1142,1156,3Q4/4Q3/8/8/6K1/2k5/8/8 w - - 9 64,d4c3
28,EulerE,MtgTrading,1142,1156,3Q4/2Q5/8/8/6K1/2k5/8/8 b - - 10 64,e7c7
28,EulerE,MtgTrading,1142,1156,3Q4/2Q5/8/8/1k4K1/8/8/8 w - - 11 65,c3b4
28,EulerE,MtgTrading,1142,1156,1Q6/2Q5/8/8/1k4K1/8/8/8 b - - 12 65,d8b8
28,EulerE,MtgTrading,1142,1156,1Q6/2Q5/8/8/6K1/k7/8/8 w - - 13 66,b4a3
28,EulerE,MtgTrading,1142,1156,1Q6/8/8/2Q5/6K1/k7/8/8 b - - 14 66,c7c5
28,EulerE,MtgTrading,1142,1156,1Q6/8/8/2Q5/6K1/8/k7/8 w - - 15 67,a3a2
28,EulerE,MtgTrading,1142,1156,6Q1/8/8/2Q5/6K1/8/k7/8 b - - 16 67,b8g8
28,EulerE,MtgTrading,1142,1156,6Q1/8/8/2Q5/6K1/8/8/k7 w - - 17 68,a2a1
28,EulerE,MtgTrading,1142,1156,6Q1/8/8/8/6K1/8/8/k1Q5 b - - 18 68,c5c1
29,aniruddh11111,EulerE,911,810,rnbqkbnr/pppppppp/8/8/3P4/8/PPP1PPPP/RNBQKBNR b KQkq - 0 1,d2d4
29,aniruddh11111,EulerE,911,810,rnbqkbnr/ppp1pppp/8/3p4/3P4/8/PPP1PPPP/RNBQKBNR w KQkq - 0 2,d7d5
29,aniruddh11111,EulerE,911,810,rnbqkbnr/ppp1pppp/8/3p4/3P4/8/PPPNPPPP/R1BQKBNR b KQkq - 1 2,b1d2
29,aniruddh11111,EulerE,911,810,r1bqkbnr/ppp1pppp/2n5/3p4/3P4/8/PPPNPPPP/R1BQKBNR w KQkq - 2 3,b8c6
29,aniruddh11111,EulerE,911,810,r1bqkbnr/ppp1pppp/2n5/3p4/3P4/4P3/PPPN1PPP/R1BQKBNR b KQkq - 0 3,e2e3
29,aniruddh11111,EulerE,911,810,r1bqkbnr/ppp1p1pp/2n2p2/3p4/3P4/4P3/PPPN1PPP/R1BQKBNR w KQkq - 0 4,f7f6
29,aniruddh11111,EulerE,911,810,r1bqkbnr/ppp1p1pp/2n2p2/3p4/3P4/4P3/PPPNNPPP/R1BQKB1R b KQkq - 1 4,g1e2
29,aniruddh11111,EulerE,911,810,r1bqkbnr/ppp1p2p/2n2pp1/3p4/3P4/4P3/PPPNNPPP/R1BQKB1R w KQkq - 0 5,g7g6
29,aniruddh11111,EulerE,911,810,r1bqkbnr/ppp1p2p/2n2pp1/3p4/3P4/4P1P1/PPPNNP1P/R1BQKB1R b KQkq - 0 5,g2g3
29,aniruddh11111,EulerE,911,810,r1bqk1nr/ppp1p2p/2n2ppb/3p4/3P4/4P1P1/PPPNNP1P/R1BQKB1R w KQkq - 1 6,f8h6
29,aniruddh11111,EulerE,911,810,r1bqk1nr/ppp1p2p/2n2ppb/3p4/3P3P/4P1P1/PPPNNP2/R1BQKB1R b KQkq - 0 6,h2h4
29,aniruddh11111,EulerE,911,810,r2qk1nr/ppp1p2p/2n2ppb/3p1b2/3P3P/4P1P1/PPPNNP2/R1BQKB1R w KQkq - 1 7,c8f5
29,aniruddh11111,EulerE,911,810,r2qk1nr/ppp1p2p/2n2ppb/3p1b2/3P1P1P/4P1P1/PPPNN3/R1BQKB1R b KQkq - 0 7,f2f4
29,aniruddh11111,EulerE,911,810,r2qk1nr/ppp1p2p/2n2ppb/3p4/3P1PbP/4P1P1/PPPNN3/R1BQKB1R w KQkq - 1 8,f5g4
29,aniruddh11111,EulerE,911,810,r2qk1nr/ppp1p2p/2n2ppb/3p4/3P1PbP/4P1P1/PPPNN1B1/R1BQK2R b KQkq - 2 8,f1g2
29,aniruddh11111,EulerE,911,810,r2qk1nr/ppp1p2p/2n2ppb/3p4/3P1P1P/4P1P1/PPPNb1B1/R1BQK2R w KQkq - 0 9,g4e2
29,aniruddh11111,EulerE,911,810,r2qk1nr/ppp1p2p/2n2ppb/3p4/3P1P1P/4P1P1/PPPNQ1B1/R1B1K2R b KQkq - 0 9,d1e2
29,aniruddh11111,EulerE,911,810,r3k1nr/pppqp2p/2n2ppb/3p4/3P1P1P/4P1P1/PPPNQ1B1/R1B1K2R w KQkq - 1 10,d8d7
29,aniruddh11111,EulerE,911,810,r3k1nr/pppqp2p/2n2ppb/3p4/3P1P1P/4P1P1/PPPNQ1B1/R1B2RK1 b kq - 2 10,e1g1
29,aniruddh11111,EulerE,911,810,2kr2nr/pppqp2p/2n2ppb/3p4/3P1P1P/4P1P1/PPPNQ1B1/R1B2RK1 w - - 3 11,e8c8
29,aniruddh11111,EulerE,911,810,2kr2nr/pppqp2p/2n2ppb/3p4/3P1P1P/P3P1P1/1PPNQ1B1/R1B2RK1 b - - 0 11,a2a3
29,aniruddh11111,EulerE,911,810,2kr2nr/pppq3p/2n2ppb/3pp3/3P1P1P/P3P1P1/1PPNQ1B1/R1B2RK1 w - - 0 12,e7e5
29,aniruddh11111,EulerE,911,810,2kr2nr/pppq3p/2n2ppb/3pp3/1P1P1P1P/P3P1P1/2PNQ1B1/R1B2RK1 b - - 0 12,b2b4
29,aniruddh11111,EulerE,911,810,2kr3r/pppqn2p/2n2ppb/3pp3/1P1P1P1P/P3P1P1/2PNQ1B1/R1B2RK1 w - - 1 13,g8e7
29,aniruddh11111,EulerE,911,810,2kr3r/pppqn2p/2n2ppb/3pp3/1P1P1P1P/P3P1P1/1BPNQ1B1/R4RK1 b - - 2 13,c1b2
29,aniruddh11111,EulerE,911,810,2kr3r/pppqn2p/2n2ppb/3p4/1P1PpP1P/P3P1P1/1BPNQ1B1/R4RK1 w - - 0 14,e5e4
29,aniruddh11111,EulerE,911,810,2kr3r/pppqn2p/2n2ppb/3p4/1PPPpP1P/P3P1P1/1B1NQ1B1/R4RK1 b - - 0 14,c2c4
29,aniruddh11111,EulerE,911,810,2kr3r/pppqn2p/2n2ppb/8/1PpPpP1P/P3P1P1/1B1NQ1B1/R4RK1 w - - 0 15,d5c4
29,aniruddh11111,EulerE,911,810,2kr3r/pppqn2p/2n2ppb/8/1PNPpP1P/P3P1P1/1B2Q1B1/R4RK1 b - - 0 15,d2c4
29,aniruddh11111,EulerE,911,810,2kr3r/p1pqn2p/2n2ppb/1p6/1PNPpP1P/P3P1P1/1B2Q1B1/R4RK1 w - - 0 16,b7b5
29,aniruddh11111,EulerE,911,810,2kr3r/p1pqn2p/2n2ppb/Np6/1P1PpP1P/P3P1P1/1B2Q1B1/R4RK1 b - - 1 16,c4a5
29,aniruddh11111,EulerE,911,810,2kr3r/p1pqn2p/5ppb/np6/1P1PpP1P/P3P1P1/1B2Q1B1/R4RK1 w - - 0 17,c6a5
29,aniruddh11111,EulerE,911,810,2kr3r/p1pqn2p/5ppb/Pp6/3PpP1P/P3P1P1/1B2Q1B1/R4RK1 b - - 0 17,b4a5
29,aniruddh11111,EulerE,911,810,2kr3r/p1pq3p/2n2ppb/Pp6/3PpP1P/P3P1P1/1B2Q1B1/R4RK1 w - - 1 18,e7c6
29,aniruddh11111,EulerE,911,810,2kr3r/p1pq3p/2n2ppb/Pp6/3PpP1P/P3P1P1/1B2Q1B1/2R2RK1 b - - 2 18,a1c1
29,aniruddh11111,EulerE,911,810,2kr3r/p1pq2bp/2n2pp1/Pp6/3PpP1P/P3P1P1/1B2Q1B1/2R2RK1 w - - 3 19,h6g7
29,aniruddh11111,EulerE,911,810,2kr3r/p1pq2bp/2n2pp1/Pp6/3PpP1P/P3P1P1/1BQ3B1/2R2RK1 b - - 4 19,e2c2
29,aniruddh11111,EulerE,911,810,1nkr3r/p1pq2bp/5pp1/Pp6/3PpP1P/P3P1P1/1BQ3B1/2R2RK1 w - - 5 20,c6b8
29,aniruddh11111,EulerE,911,810,1nkr3r/p1pq2bp/5pp1/Pp6/3PBP1P/P3P1P1/1BQ5/2R2RK1 b - - 0 20,g2e4
29,aniruddh11111,EulerE,911,810,1nkr3r/p1pq2bp/6p1/Pp3p2/3PBP1P/P3P1P1/1BQ5/2R2RK1 w - - 0 21,f6f5
29,aniruddh11111,EulerE,911,810,1nkr3r/p1pq2bp/6p1/Pp3p2/3P1P1P/P3PBP1/1BQ5/2R2RK1 b - - 1 21,e4f3
29,aniruddh11111,EulerE,911,810,1nkr3r/p1pq2bp/6p1/P4p2/1p1P1P1P/P3PBP1/1BQ5/2R2RK1 w - - 0 22,b5b4
29,aniruddh11111,EulerE,911,810,1nkr3r/p1pq2bp/6p1/P4p2/1P1P1P1P/4PBP1/1BQ5/2R2RK1 b - - 0 22,a3b4
29,aniruddh11111,EulerE,911,810,1nkr3r/p1p3bp/6p1/Pq3p2/1P1P1P1P/4PBP1/1BQ5/2R2RK1 w - - 1 23,d7b5
29,aniruddh11111,EulerE,911,810,1nkr3r/p1p3bp/6p1/Pq3p2/1P1PPP1P/5BP1/1BQ5/2R2RK1 b - - 0 23,e3e4
29,aniruddh11111,EulerE,911,810,1nk4r/p1pr2bp/6p1/Pq3p2/1P1PPP1P/5BP1/1BQ5/2R2RK1 w - - 1 24,d8d7
29,aniruddh11111,EulerE,911,810,1nk4r/p1pr2bp/6p1/Pq3P2/1P1P1P1P/5BP1/1BQ5/2R2RK1 b - - 0 24,e4f5
29,aniruddh11111,EulerE,911,810,1nk4r/p1pr2bp/8/Pq3p2/1P1P1P1P/5BP1/1BQ5/2R2RK1 w - - 0 25,g6f5
29,aniruddh11111,EulerE,911,810,1nk4r/p1pr2bp/8/Pq3p2/1P1P1P1P/5BP1/1BQ5/2RR2K1 b - - 1 25,f1d1
29,aniruddh11111,EulerE,911,810,1nk4r/p1pr3p/8/Pq3p2/1P1b1P1P/5BP1/1BQ5/2RR2K1 w - - 0 26,g7d4
29,aniruddh11111,EulerE,911,810,1nk4r/p1pr3p/8/Pq3p2/1P1R1P1P/5BP1/1BQ5/2R3K1 b - - 0 26,d1d4
29,aniruddh11111,EulerE,911,810,1nk4r/p1p4p/8/Pq3p2/1P1r1P1P/5BP1/1BQ5/2R3K1 w - - 0 27,d7d4
29,aniruddh11111,EulerE,911,810,1nk4r/p1p4p/8/Pq3p2/1P1B1P1P/5BP1/2Q5/2R3K1 b - - 0 27,b2d4
29,aniruddh11111,EulerE,911,810,1nkr4/p1p4p/8/Pq3p2/1P1B1P1P/5BP1/2Q5/2R3K1 w - - 1 28,h8d8
29,aniruddh11111,EulerE,911,810,1nkr4/p1p4p/8/Pq2Bp2/1P3P1P/5BP1/2Q5/2R3K1 b - - 2 28,d4e5
29,aniruddh11111,EulerE,911,810,2kr4/p1p4p/2n5/Pq2Bp2/1P3P1P/5BP1/2Q5/2R3K1 w - - 3 29,b8c6
29,aniruddh11111,EulerE,911,810,2kr4/p1p4p/2B5/Pq2Bp2/1P3P1P/6P1/2Q5/2R3K1 b - - 0 29,f3c6
29,aniruddh11111,EulerE,911,810,2kr4/p1p4p/2B5/P3Bp2/1q3P1P/6P1/2Q5/2R3K1 w - - 0 30,b5b4
29,aniruddh11111,EulerE,911,810,2krB3/p1p4p/8/P3Bp2/1q3P1P/6P1/2Q5/2R3K1 b - - 1 30,c6e8
30,N3T013,EulerE,1158,1151,rnbqkbnr/pppppppp/8/8/4P3/8/PPPP1PPP/RNBQKBNR b KQkq - 0 1,e2e4
30,N3T013,EulerE,1158,1151,rnbqkbnr/pppppp1p/6p1/8/4P3/8/PPPP1PPP/RNBQKBNR w KQkq - 0 2,g7g6
30,N3T013,EulerE,1158,1151,rnbqkbnr/pppppp1p/6p1/8/3PP3/8/PPP2PPP/RNBQKBNR b KQkq - 0 2,d2d4
30,N3T013,EulerE,1158,1151,rnbqk1nr/ppppppbp/6p1/8/3PP3/8/PPP2PPP/RNBQKBNR w KQkq - 1 3,f8g7
30,N3T013,EulerE,1158,1151,rnbqk1nr/ppppppbp/6p1/8/3PP3/5N2/PPP2PPP/RNBQKB1R b KQkq - 2 3,g1f3
30,N3T013,EulerE,1158,1151,rnbqk1nr/ppp1ppbp/6p1/3p4/3PP3/5N2/PPP2PPP/RNBQKB1R w KQkq - 0 4,d7d5
30,N3T013,EulerE,1158,1151,rnbqk1nr/ppp1ppbp/6p1/3pP3/3P4/5N2/PPP2PPP/RNBQKB1R b KQkq - 0 4,e4e5
30,N3T013,EulerE,1158,1151,r1bqk1nr/ppp1ppbp/2n3p1/3pP3/3P4/5N2/PPP2PPP/RNBQKB1R w KQkq - 1 5,b8c6
30,N3T013,EulerE,1158,1151,r1bqk1nr/ppp1ppbp/2n3p1/1B1pP3/3P4/5N2/PPP2PPP/RNBQK2R b KQkq - 2 5,f1b5
30,N3T013,EulerE,1158,1151,r2qk1nr/pppbppbp/2n3p1/1B1pP3/3P4/5N2/PPP2PPP/RNBQK2R w KQkq - 3 6,c8d7
30,N3T013,EulerE,1158,1151,r2qk1nr/pppbppbp/2n3p1/1B1pP3/3P4/5N2/PPP2PPP/RNBQ1RK1 b kq - 4 6,e1g1
30,N3T013,EulerE,1158,1151,r2qk1nr/pppb1pbp/2n1p1p1/1B1pP3/3P4/5N2/PPP2PPP/RNBQ1RK1 w kq - 0 7,e7e6
30,N3T013,EulerE,1158,1151,r2qk1nr/pppb1pbp/2n1p1p1/1B1pP1B1/3P4/5N2/PPP2PPP/RN1Q1RK1 b kq - 1 7,c1g5
30,N3T013,EulerE,1158,1151,r2qk2r/pppbnpbp/2n1p1p1/1B1pP1B1/3P4/5N2/PPP2PPP/RN1Q1RK1 w kq - 2 8,g8e7
30,N3T013,EulerE,1158,1151,r2qk2r/pppbnpbp/2n1p1p1/1B1pP1B1/2PP4/5N2/PP3PPP/RN1Q1RK1 b kq - 0 8,c2c4
30,N3T013,EulerE,1158,1151,r2qk2r/1ppbnpbp/p1n1p1p1/1B1pP1B1/2PP4/5N2/PP3PPP/RN1Q1RK1 w kq - 0 9,a7a6
30,N3T013,EulerE,1158,1151,r2qk2r/1ppbnpbp/p1B1p1p1/3pP1B1/2PP4/5N2/PP3PPP/RN1Q1RK1 b kq - 0 9,b5c6
30,N3T013,EulerE,1158,1151,r2qk2r/1pp1npbp/p1b1p1p1/3pP1B1/2PP4/5N2/PP3PPP/RN1Q1RK1 w kq - 0 10,d7c6
30,N3T013,EulerE,1158,1151,r2qk2r/1pp1npbp/p1b1p1p1/3PP1B1/3P4/5N2/PP3PPP/RN1Q1RK1 b kq - 0 10,c4d5
30,N3T013,EulerE,1158,1151,r2qk2r/1pp1npbp/p3p1p1/3bP1B1/3P4/5N2/PP3PPP/RN1Q1RK1 w kq - 0 11,c6d5
30,N3T013,EulerE,1158,1151,r2qk2r/1pp1npbp/p3p1p1/3bP1B1/3P4/2N2N2/PP3PPP/R2Q1RK1 b kq - 1 11,b1c3
30,N3T013,EulerE,1158,1151,r2qk2r/1pp1npbp/p1b1p1p1/4P1B1/3P4/2N2N2/PP3PPP/R2Q1RK1 w kq - 2 12,d5c6
30,N3T013,EulerE,1158,1151,r2qk2r/1pp1Bpbp/p1b1p1p1/4P3/3P4/2N2N2/PP3PPP/R2Q1RK1 b kq - 0 12,g5e7
30,N3T013,EulerE,1158,1151,r3k2r/1pp1qpbp/p1b1p1p1/4P3/3P4/2N2N2/PP3PPP/R2Q1RK1 w kq - 0 13,d8e7
30,N3T013,EulerE,1158,1151,r3k2r/1pp1qpbp/p1b1p1p1/3PP3/8/2N2N2/PP3PPP/R2Q1RK1 b kq - 0 13,d4d5
30,N3T013,EulerE,1158,1151,3rk2r/1pp1qpbp/p1b1p1p1/3PP3/8/2N2N2/PP3PPP/R2Q1RK1 w k - 1 14,a8d8
30,N3T013,EulerE,1158,1151,3rk2r/1pp1qpbp/p1b1p1p1/3PP3/8/1QN2N2/PP3PPP/R4RK1 b k - 2 14,d1b3
30,N3T013,EulerE,1158,1151,3rk2r/1pp1qpbp/p1b3p1/3pP3/8/1QN2N2/PP3PPP/R4RK1 w k - 0 15,e6d5
30,N3T013,EulerE,1158,1151,3rk2r/1pp1qpbp/p1b3p1/3pP3/8/1QN2N2/PP3PPP/3R1RK1 b k - 1 15,a1d1
30,N3T013,EulerE,1158,1151,3rk2r/1pp1qpbp/p1b3p1/4P3/3p4/1QN2N2/PP3PPP/3R1RK1 w k - 0 16,d5d4
30,N3T013,EulerE,1158,1151,3rk2r/1pp1qpbp/p1b3p1/4P3/3R4/1QN2N2/PP3PPP/5RK1 b k - 0 16,d1d4
30,N3T013,EulerE,1158,1151,3rk2r/1pp1qpbp/p5p1/4P3/3R4/1QN2b2/PP3PPP/5RK1 w k - 0 17,c6f3
30,N3T013,EulerE,1158,1151,3rk2r/1pp1qpbp/p5p1/4P3/3R4/1QN2P2/PP3P1P/5RK1 b k - 0 17,g2f3
30,N3T013,EulerE,1158,1151,4k2r/1pp1qpbp/p5p1/4P3/3r4/1QN2P2/PP3P1P/5RK1 w k - 0 18,d8d4
30,N3T013,EulerE,1158,1151,4k2r/1pp1qpbp/p5p1/3NP3/3r4/1Q3P2/PP3P1P/5RK1 b k - 1 18,c3d5
30,N3T013,EulerE,1158,1151,4k2r/1pp2pbp/p5p1/3NP1q1/3r4/1Q3P2/PP3P1P/5RK1 w k - 2 19,e7g5
30,N3T013,EulerE,1158,1151,4k2r/1pp2pbp/p5p1/3NP1q1/3r4/1Q3P2/PP3P1P/5R1K b k - 3 19,g1h1
30,N3T013,EulerE,1158,1151,5rk1/1pp2pbp/p5p1/3NP1q1/3r4/1Q3P2/PP3P1P/5R1K w - - 4 20,e8g8
30,N3T013,EulerE,1158,1151,5rk1/1pp2pbp/p5p1/3NP1q1/3r1P2/1Q6/PP3P1P/5R1K b - - 0 20,f3f4
30,N3T013,EulerE,1158,1151,5rk1/1pp2pbp/p5p1/3NP3/3r1Pq1/1Q6/PP3P1P/5R1K w - - 1 21,g5g4
30,N3T013,EulerE,1158,1151,5rk1/1pp2pbp/p5p1/3NP3/3r1Pq1/1Q6/PP3P1P/6RK b - - 2 21,f1g1
30,N3T013,EulerE,1158,1151,5rk1/1ppq1pbp/p5p1/3NP3/3r1P2/1Q6/PP3P1P/6RK w - - 3 22,g4d7
30,N3T013,EulerE,1158,1151,5rk1/1ppq1pbp/p4Np1/4P3/3r1P2/1Q6/PP3P1P/6RK b - - 4 22,d5f6
30,N3T013,EulerE,1158,1151,5rk1/1ppq1p1p/p4bp1/4P3/3r1P2/1Q6/PP3P1P/6RK w - - 0 23,g7f6
30,N3T013,EulerE,1158,1151,5rk1/1ppq1p1p/p4Pp1/8/3r1P2/1Q6/PP3P1P/6RK b - - 0 23,e5f6
30,N3T013,EulerE,1158,1151,5rk1/1pp2p1p/p4Pp1/3q4/3r1P2/1Q6/PP3P1P/6RK w - - 1 24,d7d5
30,N3T013,EulerE,1158,1151,5rk1/1pp2p1p/p4Pp1/3q4/3r1P2/1Q3P2/PP5P/6RK b - - 0 24,f2f3
30,N3T013,EulerE,1158,1151,5rk1/1pp2p1p/p4Pp1/8/3r1P2/1q3P2/PP5P/6RK w - - 0 25,d5b3
30,N3T013,EulerE,1158,1151,5rk1/1pp2p1p/p4Pp1/8/3r1P2/1P3P2/1P5P/6RK b - - 0 25,a2b3
30,N3T013,EulerE,1158,1151,4r1k1/1pp2p1p/p4Pp1/8/3r1P2/1P3P2/1P5P/6RK w - - 1 26,f8e8
30,N3T013,EulerE,1158,1151,4r1k1/1pp2p1p/p4Pp1/8/3r1P2/1P3P2/1P5P/2R4K b - - 2 26,g1c1
30,N3T013,EulerE,1158,1151,4r1k1/1p3p1p/p1p2Pp1/8/3r1P2/1P3P2/1P5P/2R4K w - - 0 27,c7c6
30,N3T013,EulerE,1158,1151,4r1k1/1p3p1p/p1p2Pp1/5P2/3r4/1P3P2/1P5P/2R4K b - - 0 27,f4f5
30,N3T013,EulerE,1158,1151,3r2k1/1p3p1p/p1p2Pp1/5P2/3r4/1P3P2/1P5P/2R4K w - - 1 28,e8d8
30,N3T013,EulerE,1158,1151,3r2k1/1p3p1p/p1p2Pp1/5P2/3r4/1P3P2/1P5P/6RK b - - 2 28,c1g1
30,N3T013,EulerE,1158,1151,3r2k1/1p3p1p/p1p2Pp1/5P2/8/1P3P2/1P5P/3r2RK w - - 3 29,d4d1
31,EulerE,WakuXxx,1160,1189,rnbqkbnr/pppppppp/8/8/3P4/8/PPP1PPPP/RNBQKBNR b KQkq - 0 1,d2d4
31,EulerE,WakuXxx,1160,1189,rnbqkbnr/pppp1ppp/8/4p3/3P4/8/PPP1PPPP/RNBQKBNR w KQkq - 0 2,e7e5
31,EulerE,WakuXxx,1160,1189,rnbqkbnr/pppp1ppp/8/4p3/2PP4/8/PP2PPPP/RNBQKBNR b KQkq - 0 2,c2c4
31,EulerE,WakuXxx,1160,1189,rnbqkbnr/ppp2ppp/8/3pp3/2PP4/8/PP2PPPP/RNBQKBNR w KQkq - 0 3,d7d5
31,EulerE,WakuXxx,1160,1189,rnbqkbnr/ppp2ppp/8/3pP3/2P5/8/PP2PPPP/RNBQKBNR b KQkq - 0 3,d4e5
31,EulerE,WakuXxx,1160,1189,rnbqkbnr/ppp2ppp/8/4P3/2Pp4/8/PP2PPPP/RNBQKBNR w KQkq - 0 4,d5d4
31,EulerE,WakuXxx,1160,1189,rnbqkbnr/ppp2ppp/8/4P3/2Pp4/5N2/PP2PPPP/RNBQKB1R b KQkq - 1 4,g1f3
31,EulerE,WakuXxx,1160,1189,r1bqkbnr/ppp2ppp/2n5/4P3/2Pp4/5N2/PP2PPPP/RNBQKB1R w KQkq - 2 5,b8c6
31,EulerE,WakuXxx,1160,1189,r1bqkbnr/ppp2ppp/2n5/4P3/2PpP3/5N2/PP3PPP/RNBQKB1R b KQkq e3 0 5,e2e4
31,EulerE,WakuXxx,1160,1189,r1bqkbnr/ppp3pp/2n2p2/4P3/2PpP3/5N2/PP3PPP/RNBQKB1R w KQkq - 0 6,f7f6
31,EulerE,WakuXxx,1160,1189,r1bqkbnr/ppp3pp/2n2P2/8/2PpP3/5N2/PP3PPP/RNBQKB1R b KQkq - 0 6,e5f6
31,EulerE,WakuXxx,1160,1189,r1b1kbnr/ppp3pp/2n2q2/8/2PpP3/5N2/PP3PPP/RNBQKB1R w KQkq - 0 7,d8f6
31,EulerE,WakuXxx,1160,1189,r1b1kbnr/ppp3pp/2n2q2/6B1/2PpP3/5N2/PP3PPP/RN1QKB1R b KQkq - 1 7,c1g5
31,EulerE,WakuXxx,1160,1189,r1b1kbnr/ppp3pp/2n1q3/6B1/2PpP3/5N2/PP3PPP/RN1QKB1R w KQkq - 2 8,f6e6
31,EulerE,WakuXxx,1160,1189,r1b1kbnr/ppp3pp/2n1q3/6B1/2PNP3/8/PP3PPP/RN1QKB1R b KQkq - 0 8,f3d4
31,EulerE,WakuXxx,1160,1189,r1b1kbnr/ppp3pp/2n5/6B1/2PNq3/8/PP3PPP/RN1QKB1R w KQkq - 0 9,e6e4
31,EulerE,WakuXxx,1160,1189,r1b1kbnr/ppp3pp/2n5/8/2PNq3/4B3/PP3PPP/RN1QKB1R b KQkq - 1 9,g5e3
31,EulerE,WakuXxx,1160,1189,r1b1kbnr/ppp3pp/8/8/2Pnq3/4B3/PP3PPP/RN1QKB1R w KQkq - 0 10,c6d4
31,EulerE,WakuXxx,1160,1189,r1b1kbnr/ppp3pp/8/8/2PQq3/4B3/PP3PPP/RN2KB1R b KQkq - 0 10,d1d4
31,EulerE,WakuXxx,1160,1189,r1b1kbnr/ppp3pp/8/8/2Pq4/4B3/PP3PPP/RN2KB1R w KQkq - 0 11,e4d4
31,EulerE,WakuXxx,1160,1189,r1b1kbnr/ppp3pp/8/8/2PB4/8/PP3PPP/RN2KB1R b KQkq - 0 11,e3d4
31,EulerE,WakuXxx,1160,1189,r1b1kb1r/ppp3pp/5n2/8/2PB4/8/PP3PPP/RN2KB1R w KQkq - 1 12,g8f6
31,EulerE,WakuXxx,1160,1189,r1b1kb1r/ppp3pp/5n2/8/2PB4/6P1/PP3P1P/RN2KB1R b KQkq - 0 12,g2g3
31,EulerE,WakuXxx,1160,1189,r1b1kb1r/p1p3pp/1p3n2/8/2PB4/6P1/PP3P1P/RN2KB1R w KQkq - 0 13,b7b6
31,EulerE,WakuXxx,1160,1189,r1b1kb1r/p1p3pp/1p3n2/8/2PB4/6P1/PP3PBP/RN2K2R b KQkq - 1 13,f1g2
31,EulerE,WakuXxx,1160,1189,1rb1kb1r/p1p3pp/1p3n2/8/2PB4/6P1/PP3PBP/RN2K2R w KQk - 2 14,a8b8
31,EulerE,WakuXxx,1160,1189,1rb1kb1r/p1p3pp/1p3n2/8/2PB4/2N3P1/PP3PBP/R3K2R b KQk - 3 14,b1c3
31,EulerE,WakuXxx,1160,1189,1rb1kb1r/p5pp/1p3n2/2p5/2PB4/2N3P1/PP3PBP/R3K2R w KQk - 0 15,c7c5
31,EulerE,WakuXxx,1160,1189,1rb1kb1r/p5pp/1p3B2/2p5/2P5/2N3P1/PP3PBP/R3K2R b KQk - 0 15,d4f6
31,EulerE,WakuXxx,1160,1189,1rb1kb1r/p6p/1p3p2/2p5/2P5/2N3P1/PP3PBP/R3K2R w KQk - 0 16,g7f6
31,EulerE,WakuXxx,1160,1189,1rb1kb1r/p6p/1p3p2/2p5/2P5/2N3P1/PP3PBP/R4RK1 b k - 1 16,e1g1
31,EulerE,WakuXxx,1160,1189,1rb1k2r/p5bp/1p3p2/2p5/2P5/2N3P1/PP3PBP/R4RK1 w k - 2 17,f8g7
31,EulerE,WakuXxx,1160,1189,1rb1k2r/p5bp/1p3p2/2p5/2P5/2N3P1/PP3PBP/R3R1K1 b k - 3 17,f1e1
31,EulerE,WakuXxx,1160,1189,1rb4r/p4kbp/1p3p2/2p5/2P5/2N3P1/PP3PBP/R3R1K1 w - - 4 18,e8f7
31,EulerE,WakuXxx,1160,1189,1rb4r/p4kbp/1p3p2/2p5/2P5/2N3P1/PP3PBP/3RR1K1 b - - 5 18,a1d1
31,EulerE,WakuXxx,1160,1189,1rb4r/p4kbp/1p6/2p2p2/2P5/2N3P1/PP3PBP/3RR1K1 w - - 0 19,f6f5
31,EulerE,WakuXxx,1160,1189,1rb4r/p4kbp/1p6/2pB1p2/2P5/2N3P1/PP3P1P/3RR1K1 b - - 1 19,g2d5
31,EulerE,WakuXxx,1160,1189,1rb4r/p5bp/1p3k2/2pB1p2/2P5/2N3P1/PP3P1P/3RR1K1 w - - 2 20,f7f6
31,EulerE,WakuXxx,1160,1189,1rb4r/p5bp/1p3k2/2pB1p2/2P5/6P1/PP2NP1P/3RR1K1 b - - 3 20,c3e2
31,EulerE,WakuXxx,1160,1189,1rb1r3/p5bp/1p3k2/2pB1p2/2P5/6P1/PP2NP1P/3RR1K1 w - - 4 21,h8e8
31,EulerE,WakuXxx,1160,1189,1rb1r3/p5bp/1p3k2/2pB1p2/2P2N2/6P1/PP3P1P/3RR1K1 b - - 5 21,e2f4
31,EulerE,WakuXxx,1160,1189,1rb1r3/p6p/1p3k1b/2pB1p2/2P2N2/6P1/PP3P1P/3RR1K1 w - - 6 22,g7h6
31,EulerE,WakuXxx,1160,1189,1rb1R3/p6p/1p3k1b/2pB1p2/2P2N2/6P1/PP3P1P/3R2K1 b - - 0 22,e1e8
31,EulerE,WakuXxx,1160,1189,1rb1R3/p6p/1p3k2/2pB1p2/2P2b2/6P1/PP3P1P/3R2K1 w - - 0 23,h6f4
31,EulerE,WakuXxx,1160,1189,1rb1R3/p6p/1p3k2/2pB1p2/2P2P2/8/PP3P1P/3R2K1 b - - 0 23,g3f4
31,EulerE,WakuXxx,1160,1189,1rb1R3/p7/1p3k2/2pB1p1p/2P2P2/8/PP3P1P/3R2K1 w - - 0 24,h7h5
31,EulerE,WakuXxx,1160,1189,1rb1R3/pB6/1p3k2/2p2p1p/2P2P2/8/PP3P1P/3R2K1 b - - 1 24,d5b7
31,EulerE,WakuXxx,1160,1189,2b1R3/pr6/1p3k2/2p2p1p/2P2P2/8/PP3P1P/3R2K1 w - - 0 25,b8b7
31,EulerE,WakuXxx,1160,1189,2R5/pr6/1p3k2/2p2p1p/2P2P2/8/PP3P1P/3R2K1 b - - 0 25,e8c8
31,EulerE,WakuXxx,1160,1189,2R5/pr6/1p3k2/2p2p2/2P2P1p/8/PP3P1P/3R2K1 w - - 0 26,h5h4
31,EulerE,WakuXxx,1160,1189,8/pr6/1pR2k2/2p2p2/2P2P1p/8/PP3P1P/3R2K1 b - - 1 26,c8c6
32,SkarthLess,EulerE,1107,1167,rnbqkbnr/pppppppp/8/8/2P5/8/PP1PPPPP/RNBQKBNR b KQkq - 0 1,c2c4
32,SkarthLess,EulerE,1107,1167,rnbqkbnr/pppppp1p/6p1/8/2P5/8/PP1PPPPP/RNBQKBNR w KQkq - 0 2,g7g6
32,SkarthLess,EulerE,1107,1167,rnbqkbnr/pppppp1p/6p1/8/2P1P3/8/PP1P1PPP/RNBQKBNR b KQkq - 0 2,e2e4
32,SkarthLess,EulerE,1107,1167,rnbqk1nr/ppppppbp/6p1/8/2P1P3/8/PP1P1PPP/RNBQKBNR w KQkq - 1 3,f8g7
32,SkarthLess,EulerE,1107,1167,rnbqk1nr/ppppppbp/6p1/2P5/4P3/8/PP1P1PPP/RNBQKBNR b KQkq - 0 3,c4c5
32,SkarthLess,EulerE,1107,1167,rnbqk1nr/pppp1pbp/6p1/2P1p3/4P3/8/PP1P1PPP/RNBQKBNR w KQkq - 0 4,e7e5
32,SkarthLess,EulerE,1107,1167,rnbqk1nr/pppp1pbp/6p1/2P1p3/4P3/P7/1P1P1PPP/RNBQKBNR b KQkq - 0 4,a2a3
32,SkarthLess,EulerE,1107,1167,rnbqk1nr/p1pp1pbp/1p4p1/2P1p3/4P3/P7/1P1P1PPP/RNBQKBNR w KQkq - 0 5,b7b6
32,SkarthLess,EulerE,1107,1167,rnbqk1nr/p1pp1pbp/1P4p1/4p3/4P3/P7/1P1P1PPP/RNBQKBNR b KQkq - 0 5,c5b6
32,SkarthLess,EulerE,1107,1167,rnbqk1nr/2pp1pbp/1p4p1/4p3/4P3/P7/1P1P1PPP/RNBQKBNR w KQkq - 0 6,a7b6
32,SkarthLess,EulerE,1107,1167,rnbqk1nr/2pp1pbp/1p4p1/4p3/2B1P3/P7/1P1P1PPP/RNBQK1NR b KQkq - 1 6,f1c4
32,SkarthLess,EulerE,1107,1167,rn1qk1nr/1bpp1pbp/1p4p1/4p3/2B1P3/P7/1P1P1PPP/RNBQK1NR w KQkq - 2 7,c8b7
32,SkarthLess,EulerE,1107,1167,rn1qk1nr/1bpp1pbp/1p4p1/4p3/2B1P3/P2P4/1P3PPP/RNBQK1NR b KQkq - 0 7,d2d3
32,SkarthLess,EulerE,1107,1167,r2qk1nr/1bpp1pbp/1pn3p1/4p3/2B1P3/P2P4/1P3PPP/RNBQK1NR w KQkq - 1 8,b8c6
32,SkarthLess,EulerE,1107,1167,r2qk1nr/1bpp1pbp/1pn3p1/4p3/4P3/P2P4/BP3PPP/RNBQK1NR b KQkq - 2 8,c4a2
32,SkarthLess,EulerE,1107,1167,r2qk2r/1bpp1pbp/1pn2np1/4p3/4P3/P2P4/BP3PPP/RNBQK1NR w KQkq - 3 9,g8f6
32,SkarthLess,EulerE,1107,1167,r2qk2r/1bpp1pbp/1pn2np1/4p3/4P3/P1NP4/BP3PPP/R1BQK1NR b KQkq - 4 9,b1c3
32,SkarthLess,EulerE,1107,1167,r2qk2r/1bpp1pbp/1p3np1/4p3/3nP3/P1NP4/BP3PPP/R1BQK1NR w KQkq - 5 10,c6d4
32,SkarthLess,EulerE,1107,1167,r2qk2r/1bpp1pbp/1p3np1/4p3/3nP3/P1NPB3/BP3PPP/R2QK1NR b KQkq - 6 10,c1e3
32,SkarthLess,EulerE,1107,1167,r2q1rk1/1bpp1pbp/1p3np1/4p3/3nP3/P1NPB3/BP3PPP/R2QK1NR w KQ - 7 11,e8g8
32,SkarthLess,EulerE,1107,1167,r2q1rk1/1bpp1pbp/1p3np1/4p3/3BP3/P1NP4/BP3PPP/R2QK1NR b KQ - 0 11,e3d4
32,SkarthLess,EulerE,1107,1167,r2q1rk1/1bpp1pbp/1p3np1/8/3pP3/P1NP4/BP3PPP/R2QK1NR w KQ - 0 12,e5d4
32,SkarthLess,EulerE,1107,1167,r2q1rk1/1bpp1pbp/1p3np1/1N6/3pP3/P2P4/BP3PPP/R2QK1NR b KQ - 1 12,c3b5
32,SkarthLess,EulerE,1107,1167,r2q1rk1/1b1p1pbp/1p3np1/1Np5/3pP3/P2P4/BP3PPP/R2QK1NR w KQ - 0 13,c7c5
32,SkarthLess,EulerE,1107,1167,r2q1rk1/1b1p1pbp/1p1N1np1/2p5/3pP3/P2P4/BP3PPP/R2QK1NR b KQ - 1 13,b5d6
32,SkarthLess,EulerE,1107,1167,r4rk1/1bqp1pbp/1p1N1np1/2p5/3pP3/P2P4/BP3PPP/R2QK1NR w KQ - 2 14,d8c7
32,SkarthLess,EulerE,1107,1167,r4rk1/1bqp1pbp/1p3np1/2p5/2NpP3/P2P4/BP3PPP/R2QK1NR b KQ - 3 14,d6c4
32,SkarthLess,EulerE,1107,1167,r3nrk1/1bqp1pbp/1p4p1/2p5/2NpP3/P2P4/BP3PPP/R2QK1NR w KQ - 4 15,f6e8
32,SkarthLess,EulerE,1107,1167,r3nrk1/1bqp1pbp/1p4p1/2p5/2NpP3/P2P4/BP2QPPP/R3K1NR b KQ - 5 15,d1e2
32,SkarthLess,EulerE,1107,1167,r4rk1/1bqp1pbp/1p1n2p1/2p5/2NpP3/P2P4/BP2QPPP/R3K1NR w KQ - 6 16,e8d6
32,SkarthLess,EulerE,1107,1167,r4rk1/1bqp1pbp/1p1n2p1/2p5/2NpP3/P2P1N2/BP2QPPP/R3K2R b KQ - 7 16,g1f3
32,SkarthLess,EulerE,1107,1167,r4rk1/1bqp1pbp/1p4p1/2p5/2npP3/P2P1N2/BP2QPPP/R3K2R w KQ - 0 17,d6c4
32,SkarthLess,EulerE,1107,1167,r4rk1/1bqp1pbp/1p4p1/2p5/2BpP3/P2P1N2/1P2QPPP/R3K2R b KQ - 0 17,a2c4
32,SkarthLess,EulerE,1107,1167,r4rk1/2qp1pbp/bp4p1/2p5/2BpP3/P2P1N2/1P2QPPP/R3K2R w KQ - 1 18,b7a6
32,SkarthLess,EulerE,1107,1167,r4rk1/2qp1pbp/bp4p1/2p5/3pP3/P2P1N2/BP2QPPP/R3K2R b KQ - 2 18,c4a2
32,SkarthLess,EulerE,1107,1167,4rrk1/2qp1pbp/bp4p1/2p5/3pP3/P2P1N2/BP2QPPP/R3K2R w KQ - 3 19,a8e8
32,SkarthLess,EulerE,1107,1167,4rrk1/2qp1pbp/bp4p1/2p5/3pP3/P2P1N2/BP2QPPP/R4RK1 b - - 4 19,e1g1
32,SkarthLess,EulerE,1107,1167,4rr1k/2qp1pbp/bp4p1/2p5/3pP3/P2P1N2/BP2QPPP/R4RK1 w - - 5 20,g8h8
32,SkarthLess,EulerE,1107,1167,4rr1k/2qp1pbp/bp4p1/2p3N1/3pP3/P2P4/BP2QPPP/R4RK1 b - - 6 20,f3g5
32,SkarthLess,EulerE,1107,1167,4rr1k/2qp1p1p/bp4pb/2p3N1/3pP3/P2P4/BP2QPPP/R4RK1 w - - 7 21,g7h6
32,SkarthLess,EulerE,1107,1167,4rr1k/2qp1N1p/bp4pb/2p5/3pP3/P2P4/BP2QPPP/R4RK1 b - - 0 21,g5f7
32,SkarthLess,EulerE,1107,1167,4r2k/2qp1r1p/bp4pb/2p5/3pP3/P2P4/BP2QPPP/R4RK1 w - - 0 22,f8f7
32,SkarthLess,EulerE,1107,1167,4r2k/2qp1B1p/bp4pb/2p5/3pP3/P2P4/1P2QPPP/R4RK1 b - - 0 22,a2f7
32,SkarthLess,EulerE,1107,1167,5r1k/2qp1B1p/bp4pb/2p5/3pP3/P2P4/1P2QPPP/R4RK1 w - - 1 23,e8f8
32,SkarthLess,EulerE,1107,1167,5r1k/2qp3p/bp4pb/2pB4/3pP3/P2P4/1P2QPPP/R4RK1 b - - 2 23,f7d5
32,SkarthLess,EulerE,1107,1167,5r1k/1bqp3p/1p4pb/2pB4/3pP3/P2P4/1P2QPPP/R4RK1 w - - 3 24,a6b7
32,SkarthLess,EulerE,1107,1167,5r1k/1bqp3p/1p4pb/2p5/2BpP3/P2P4/1P2QPPP/R4RK1 b - - 4 24,d5c4
32,SkarthLess,EulerE,1107,1167,5r1k/2qp3p/1pb3pb/2p5/2BpP3/P2P4/1P2QPPP/R4RK1 w - - 5 25,b7c6
32,SkarthLess,EulerE,1107,1167,5r1k/2qp3p/1pb3pb/2p5/2BpP3/P2P4/1P2QPPP/4RRK1 b - - 6 25,a1e1
32,SkarthLess,EulerE,1107,1167,5r1k/2qp3p/2b3pb/1pp5/2BpP3/P2P4/1P2QPPP/4RRK1 w - - 0 26,b6b5
32,SkarthLess,EulerE,1107,1167,5r1k/2qp3p/2b3pb/1pp5/3pP3/PB1P4/1P2QPPP/4RRK1 b - - 1 26,c4b3
32,SkarthLess,EulerE,1107,1167,7k/2qp3p/2b3pb/1pp5/3pPr2/PB1P4/1P2QPPP/4RRK1 w - - 2 27,f8f4
32,SkarthLess,EulerE,1107,1167,7k/2qp3p/2b3pb/1pp1P3/3p1r2/PB1P4/1P2QPPP/4RRK1 b - - 0 27,e4e5
32,SkarthLess,EulerE,1107,1167,7k/2q4p/2b3pb/1pppP3/3p1r2/PB1P4/1P2QPPP/4RRK1 w - d6 0 28,d7d5
32,SkarthLess,EulerE,1107,1167,7k/2q4p/2b1P1pb/1ppp4/3p1r2/PB1P4/1P2QPPP/4RRK1 b - - 0 28,e5e6
32,SkarthLess,EulerE,1107,1167,5b1k/2q4p/2b1P1p1/1ppp4/3p1r2/PB1P4/1P2QPPP/4RRK1 w - - 1 29,h6f8
32,SkarthLess,EulerE,1107,1167,5b1k/2q4p/2b1P1p1/1ppp4/3p1r2/PB1P2P1/1P2QP1P/4RRK1 b - - 0 29,g2g3
32,SkarthLess,EulerE,1107,1167,5b1k/2q4p/2b1Prp1/1ppp4/3p4/PB1P2P1/1P2QP1P/4RRK1 w - - 1 30,f4f6
32,SkarthLess,EulerE,1107,1167,5b1k/2q4p/2b1Prp1/1ppp4/3p2Q1/PB1P2P1/1P3P1P/4RRK1 b - - 2 30,e2g4
32,SkarthLess,EulerE,1107,1167,7k/2q1b2p/2b1Prp1/1ppp4/3p2Q1/PB1P2P1/1P3P1P/4RRK1 w - - 3 31,f8e7
32,SkarthLess,EulerE,1107,1167,7k/2q1b2p/2b1Prp1/1ppp4/3p2Q1/PB1P2P1/1P2RP1P/5RK1 b - - 4 31,e1e2
32,SkarthLess,EulerE,1107,1167,7k/2q1b2p/2b1Prp1/1p1p4/2pp2Q1/PB1P2P1/1P2RP1P/5RK1 w - - 0 32,c5c4
32,SkarthLess,EulerE,1107,1167,7k/2q1b2p/2b1Prp1/1p1p4/2Pp2Q1/PB4P1/1P2RP1P/5RK1 b - - 0 32,d3c4
32,SkarthLess,EulerE,1107,1167,7k/2q1b2p/2b1Prp1/1p6/2pp2Q1/PB4P1/1P2RP1P/5RK1 w - - 0 33,d5c4
32,SkarthLess,EulerE,1107,1167,7k/2q1b2p/2b1Prp1/1p6/2pp2Q1/P5P1/BP2RP1P/5RK1 b - - 1 33,b3a2
32,SkarthLess,EulerE,1107,1167,7k/4b2p/2bqPrp1/1p6/2pp2Q1/P5P1/BP2RP1P/5RK1 w - - 2 34,c7d6
32,SkarthLess,EulerE,1107,1167,7k/4b2p/2bqPrp1/1p6/2pp2Q1/P5P1/BP2RP1P/3R2K1 b - - 3 34,f1d1
32,SkarthLess,EulerE,1107,1167,7k/4b2p/2b1Prp1/1p1q4/2pp2Q1/P5P1/BP2RP1P/3R2K1 w - - 4 35,d6d5
32,SkarthLess,EulerE,1107,1167,7k/4b2p/2b1Prp1/1p1q4/2pp2Q1/P4PP1/BP2R2P/3R2K1 b - - 0 35,f2f3
32,SkarthLess,EulerE,1107,1167,7k/4b2p/2b1Prp1/1p6/2pp2Q1/P4qP1/BP2R2P/3R2K1 w - - 0 36,d5f3
32,SkarthLess,EulerE,1107,1167,7k/4b2p/2b1Prp1/1p6/2pp4/P4QP1/BP2R2P/3R2K1 b - - 0 36,g4f3
32,SkarthLess,EulerE,1107,1167,7k/4b2p/4Prp1/1p6/2pp4/P4bP1/BP2R2P/3R2K1 w - - 0 37,c6f3
32,SkarthLess,EulerE,1107,1167,7k/4b2p/4Prp1/1p6/2pp4/P4bP1/BP2R2P/4R1K1 b - - 1 37,d1e1
32,SkarthLess,EulerE,1107,1167,7k/4b2p/4Prp1/1p6/2p5/P2p1bP1/BP2R2P/4R1K1 w - - 0 38,d4d3
32,SkarthLess,EulerE,1107,1167,7k/4b2p/4Prp1/1p6/2p5/P2pRbP1/BP5P/4R1K1 b - - 1 38,e2e3
32,SkarthLess,EulerE,1107,1167,7k/4b2p/4Prp1/1p6/2p5/P3RbP1/BP1p3P/4R1K1 w - - 0 39,d3d2
32,SkarthLess,EulerE,1107,1167,7k/4b2p/4Prp1/1p6/2p5/P3RbP1/BP1p3P/5RK1 b - - 1 39,e1f1
32,SkarthLess,EulerE,1107,1167,7k/4b2p/4Prp1/1p6/2p5/P3RbP1/BP5P/3q1RK1 w - - 0 40,d2d1q
32,SkarthLess,EulerE,1107,1167,7k/4b2p/4Prp1/1p6/2p5/P3RbP1/BP5P/3R2K1 b - - 0 40,f1d1
32,SkarthLess,EulerE,1107,1167,7k/4b2p/4Prp1/1p6/2p5/P3R1P1/BP5P/3b2K1 w - - 0 41,f3d1
32,SkarthLess,EulerE,1107,1167,7k/4b2p/4Prp1/1p6/2p5/P5P1/BP5P/3bR1K1 b - - 1 41,e3e1
32,SkarthLess,EulerE,1107,1167,7k/4b2p/4Prp1/1p6/2p5/P4bP1/BP5P/4R1K1 w - - 2 42,d1f3
32,SkarthLess,EulerE,1107,1167,7k/4b2p/4Prp1/1p6/2p5/PP3bP1/B6P/4R1K1 b - - 0 42,b2b3
32,SkarthLess,EulerE,1107,1167,7k/4b2p/4Prp1/1p6/8/PPp2bP1/B6P/4R1K1 w - - 0 43,c4c3
32,SkarthLess,EulerE,1107,1167,7k/4b2p/4Prp1/1p6/P7/1Pp2bP1/B6P/4R1K1 b - - 0 43,a3a4
32,SkarthLess,EulerE,1107,1167,7k/4b2p/4Prp1/8/Pp6/1Pp2bP1/B6P/4R1K1 w - - 0 44,b5b4
32,SkarthLess,EulerE,1107,1167,7k/4b2p/4Prp1/8/Pp6/1Pp2bPP/B7/4R1K1 b - - 0 44,h2h3
32,SkarthLess,EulerE,1107,1167,7k/7p/4Prp1/2b5/Pp6/1Pp2bPP/B7/4R1K1 w - - 1 45,e7c5
32,SkarthLess,EulerE,1107,1167,7k/7p/4Prp1/2b5/Pp6/1Pp2bPP/B6K/4R3 b - - 2 45,g1h2
32,SkarthLess,EulerE,1107,1167,7k/7p/4Prp1/2bb4/Pp6/1Pp3PP/B6K/4R3 w - - 3 46,f3d5
32,SkarthLess,EulerE,1107,1167,7k/7p/4Prp1/2bb4/Pp4P1/1Pp4P/B6K/4R3 b - - 0 46,g3g4
32,SkarthLess,EulerE,1107,1167,7k/7p/4r1p1/2bb4/Pp4P1/1Pp4P/B6K/4R3 w - - 0 47,f6e6
32,SkarthLess,EulerE,1107,1167,7k/7p/4R1p1/2bb4/Pp4P1/1Pp4P/B6K/8 b - - 0 47,e1e6
32,SkarthLess,EulerE,1107,1167,7k/7p/4b1p1/2b5/Pp4P1/1Pp4P/B6K/8 w - - 0 48,d5e6
32,SkarthLess,EulerE,1107,1167,7k/7p/4b1p1/2b5/Pp4P1/1Pp3KP/B7/8 b - - 1 48,h2g3
32,SkarthLess,EulerE,1107,1167,7k/7p/6p1/2bb4/Pp4P1/1Pp3KP/B7/8 w - - 2 49,e6d5
32,SkarthLess,EulerE,1107,1167,7k/7p/6p1/2bb4/Pp3KP1/1Pp4P/B7/8 b - - 3 49,g3f4
32,SkarthLess,EulerE,1107,1167,8/6kp/6p1/2bb4/Pp3KP1/1Pp4P/B7/8 w - - 4 50,h8g7
32,SkarthLess,EulerE,1107,1167,8/6kp/6p1/2bbK3/Pp4P1/1Pp4P/B7/8 b - - 5 50,f4e5
32,SkarthLess,EulerE,1107,1167,b7/6kp/6p1/2b1K3/Pp4P1/1Pp4P/B7/8 w - - 6 51,d5a8
32,SkarthLess,EulerE,1107,1167,b7/6kp/6p1/P1b1K3/1p4P1/1Pp4P/B7/8 b - - 0 51,a4a5
32,SkarthLess,EulerE,1107,1167,b7/5k1p/6p1/P1b1K3/1p4P1/1Pp4P/B7/8 w - - 1 52,g7f7
32,SkarthLess,EulerE,1107,1167,b7/5k1p/6p1/P1b1K3/1p4PP/1Pp5/B7/8 b - - 0 52,h3h4
32,SkarthLess,EulerE,1107,1167,b7/4k2p/6p1/P1b1K3/1p4PP/1Pp5/B7/8 w - - 1 53,f7e7
32,SkarthLess,EulerE,1107,1167,b7/4k2p/6p1/P1b1K3/1p4PP/1Pp5/8/1B6 b - - 2 53,a2b1
32,SkarthLess,EulerE,1107,1167,b7/4k3/6pp/P1b1K3/1p4PP/1Pp5/8/1B6 w - - 0 54,h7h6
32,SkarthLess,EulerE,1107,1167,b7/4k3/6pp/P1b1K2P/1p4P1/1Pp5/8/1B6 b - - 0 54,h4h5
32,SkarthLess,EulerE,1107,1167,b7/4k3/3b2pp/P3K2P/1p4P1/1Pp5/8/1B6 w - - 1 55,c5d6
32,SkarthLess,EulerE,1107,1167,b7/4k3/3b2pp/P6P/1p1K2P1/1Pp5/8/1B6 b - - 2 55,e5d4
32,SkarthLess,EulerE,1107,1167,b7/4k3/3b3p/P6p/1p1K2P1/1Pp5/8/1B6 w - - 0 56,g6h5
32,SkarthLess,EulerE,1107,1167,b7/4k3/3b3p/P6P/1p1K4/1Pp5/8/1B6 b - - 0 56,g4h5
32,SkarthLess,EulerE,1107,1167,b7/8/3b1k1p/P6P/1p1K4/1Pp5/8/1B6 w - - 1 57,e7f6
32,SkarthLess,EulerE,1107,1167,b7/8/3b1k1p/P6P/1pK5/1Pp5/8/1B6 b - - 2 57,d4c4
32,SkarthLess,EulerE,1107,1167,b7/8/3b3p/P5kP/1pK5/1Pp5/8/1B6 w - - 3 58,f6g5
32,SkarthLess,EulerE,1107,1167,b7/8/P2b3p/6kP/1pK5/1Pp5/8/1B6 b - - 0 58,a5a6
32,SkarthLess,EulerE,1107,1167,bb6/8/P6p/6kP/1pK5/1Pp5/8/1B6 w - - 1 59,d6b8
32,SkarthLess,EulerE,1107,1167,bb6/8/P6p/1K4kP/1p6/1Pp5/8/1B6 b - - 2 59,c4b5
32,SkarthLess,EulerE,1107,1167,bb6/8/P6p/1K5k/1p6/1Pp5/8/1B6 w - - 0 60,g5h5
32,SkarthLess,EulerE,1107,1167,bb6/8/PK5p/7k/1p6/1Pp5/8/1B6 b - - 1 60,b5b6
32,SkarthLess,EulerE,1107,1167,bb6/8/PK5p/6k1/1p6/1Pp5/8/1B6 w - - 2 61,h5g5
32,SkarthLess,EulerE,1107,1167,bb6/P7/1K5p/6k1/1p6/1Pp5/8/1B6 b - - 0 61,a6a7
32,SkarthLess,EulerE,1107,1167,b7/b7/1K5p/6k1/1p6/1Pp5/8/1B6 w - - 0 62,b8a7
32,SkarthLess,EulerE,1107,1167,b7/K7/7p/6k1/1p6/1Pp5/8/1B6 b - - 0 62,b6a7
32,SkarthLess,EulerE,1107,1167,8/K7/7p/6k1/1p6/1Pp2b2/8/1B6 w - - 1 63,a8f3
32,SkarthLess,EulerE,1107,1167,8/8/1K5p/6k1/1p6/1Pp2b2/8/1B6 b - - 2 63,a7b6
32,SkarthLess,EulerE,1107,1167,8/8/1K5p/6k1/1p6/1Pp5/8/1B1b4 w - - 3 64,f3d1
32,SkarthLess,EulerE,1107,1167,8/8/7p/1K4k1/1p6/1Pp5/8/1B1b4 b - - 4 64,b6b5
32,SkarthLess,EulerE,1107,1167,8/8/7p/1K4k1/1p6/1bp5/8/1B6 w - - 0 65,d1b3
32,SkarthLess,EulerE,1107,1167,8/8/7p/6k1/1K6/1bp5/8/1B6 b - - 0 65,b5b4
32,SkarthLess,EulerE,1107,1167,8/8/7p/6k1/1K6/1b6/2p5/1B6 w - - 0 66,c3c2
33,RSZen,EulerE,1180,1175,rnbqkbnr/pppppppp/8/8/3P4/8/PPP1PPPP/RNBQKBNR b KQkq - 0 1,d2d4
33,RSZen,EulerE,1180,1175,rnbqkbnr/p1pppppp/1p6/8/3P4/8/PPP1PPPP/RNBQKBNR w KQkq - 0 2,b7b6
33,RSZen,EulerE,1180,1175,rnbqkbnr/p1pppppp/1p6/8/3P4/2N5/PPP1PPPP/R1BQKBNR b KQkq - 1 2,b1c3
33,RSZen,EulerE,1180,1175,rnbqkbnr/p1p1pppp/1p6/3p4/3P4/2N5/PPP1PPPP/R1BQKBNR w KQkq - 0 3,d7d5
33,RSZen,EulerE,1180,1175,rnbqkbnr/p1p1pppp/1p6/3p4/3P1B2/2N5/PPP1PPPP/R2QKBNR b KQkq - 1 3,c1f4
33,RSZen,EulerE,1180,1175,rn1qkbnr/pbp1pppp/1p6/3p4/3P1B2/2N5/PPP1PPPP/R2QKBNR w KQkq - 2 4,c8b7
33,RSZen,EulerE,1180,1175,rn1qkbnr/pbp1pppp/1p6/1N1p4/3P1B2/8/PPP1PPPP/R2QKBNR b KQkq - 3 4,c3b5
33,RSZen,EulerE,1180,1175,rn1qkbnr/pbp2ppp/1p6/1N1pp3/3P1B2/8/PPP1PPPP/R2QKBNR w KQkq - 0 5,e7e5
33,RSZen,EulerE,1180,1175,rn1qkbnr/pbp2ppp/1p6/1N1pB3/3P4/8/PPP1PPPP/R2QKBNR b KQkq - 0 5,f4e5
33,RSZen,EulerE,1180,1175,rn1qk1nr/pbp2ppp/1p6/1N1pB3/1b1P4/8/PPP1PPPP/R2QKBNR w KQkq - 1 6,f8b4
33,RSZen,EulerE,1180,1175,rn1qk1nr/pbp2ppp/1p6/1N1pB3/1b1P4/2P5/PP2PPPP/R2QKBNR b KQkq - 0 6,c2c3
33,RSZen,EulerE,1180,1175,rn1qk1nr/pbp2ppp/1p1b4/1N1pB3/3P4/2P5/PP2PPPP/R2QKBNR w KQkq - 1 7,b4d6
33,RSZen,EulerE,1180,1175,rn1qk1nr/pbp2ppp/1p1B4/1N1p4/3P4/2P5/PP2PPPP/R2QKBNR b KQkq - 0 7,e5d6
33,RSZen,EulerE,1180,1175,rn1qk1nr/pb3ppp/1p1p4/1N1p4/3P4/2P5/PP2PPPP/R2QKBNR w KQkq - 0 8,c7d6
33,RSZen,EulerE,1180,1175,rn1qk1nr/pb3ppp/1p1p4/1N1p4/3P4/2P2N2/PP2PPPP/R2QKB1R b KQkq - 1 8,g1f3
33,RSZen,EulerE,1180,1175,rn1qk2r/pb3ppp/1p1p1n2/1N1p4/3P4/2P2N2/PP2PPPP/R2QKB1R w KQkq - 2 9,g8f6
33,RSZen,EulerE,1180,1175,rn1qk2r/pb3ppp/1p1p1n2/1N1p4/3P4/2P1PN2/PP3PPP/R2QKB1R b KQkq - 0 9,e2e3
33,RSZen,EulerE,1180,1175,rn1qk2r/p4ppp/bp1p1n2/1N1p4/3P4/2P1PN2/PP3PPP/R2QKB1R w KQkq - 1 10,b7a6
33,RSZen,EulerE,1180,1175,rn1qk2r/p4ppp/bp1p1n2/1N1p4/P2P4/2P1PN2/1P3PPP/R2QKB1R b KQkq - 0 10,a2a4
33,RSZen,EulerE,1180,1175,r2qk2r/p2n1ppp/bp1p1n2/1N1p4/P2P4/2P1PN2/1P3PPP/R2QKB1R w KQkq - 1 11,b8d7
33,RSZen,EulerE,1180,1175,r2qk2r/p2n1ppp/bp1N1n2/3p4/P2P4/2P1PN2/1P3PPP/R2QKB1R b KQkq - 0 11,b5d6
33,RSZen,EulerE,1180,1175,r2q3r/p2nkppp/bp1N1n2/3p4/P2P4/2P1PN2/1P3PPP/R2QKB1R w KQ - 1 12,e8e7
33,RSZen,EulerE,1180,1175,r2q3r/p2nkppp/Bp1N1n2/3p4/P2P4/2P1PN2/1P3PPP/R2QK2R b KQ - 0 12,f1a6
33,RSZen,EulerE,1180,1175,r2q3r/p2n1ppp/Bp1k1n2/3p4/P2P4/2P1PN2/1P3PPP/R2QK2R w KQ - 0 13,e7d6
33,RSZen,EulerE,1180,1175,r2q3r/p2n1ppp/Bp1k1n2/3p2N1/P2P4/2P1P3/1P3PPP/R2QK2R b KQ - 1 13,f3g5
33,RSZen,EulerE,1180,1175,r2q1r2/p2n1ppp/Bp1k1n2/3p2N1/P2P4/2P1P3/1P3PPP/R2QK2R w KQ - 2 14,h8f8
33,RSZen,EulerE,1180,1175,r2q1r2/p2n1ppp/Bp1k1n2/3p2N1/P2P4/2P1P3/1P3PPP/R2Q1RK1 b - - 3 14,e1g1
33,RSZen,EulerE,1180,1175,r2q1r2/p2n1pp1/Bp1k1n1p/3p2N1/P2P4/2P1P3/1P3PPP/R2Q1RK1 w - - 0 15,h7h6
33,RSZen,EulerE,1180,1175,r2q1r2/p2n1pp1/Bp1k1n1p/3p4/P2P4/2P1PN2/1P3PPP/R2Q1RK1 b - - 1 15,g5f3
33,RSZen,EulerE,1180,1175,r2qr3/p2n1pp1/Bp1k1n1p/3p4/P2P4/2P1PN2/1P3PPP/R2Q1RK1 w - - 2 16,f8e8
33,RSZen,EulerE,1180,1175,r2qr3/p2n1pp1/Bp1k1n1p/3p4/P2P4/1QP1PN2/1P3PPP/R4RK1 b - - 3 16,d1b3
33,RSZen,EulerE,1180,1175,r2qr3/p2nkpp1/Bp3n1p/3p4/P2P4/1QP1PN2/1P3PPP/R4RK1 w - - 4 17,d6e7
33,RSZen,EulerE,1180,1175,r2qr3/p2nkpp1/Bp3n1p/3p4/PQ1P4/2P1PN2/1P3PPP/R4RK1 b - - 5 17,b3b4
33,RSZen,EulerE,1180,1175,r2qr3/p2n1pp1/Bp2kn1p/3p4/PQ1P4/2P1PN2/1P3PPP/R4RK1 w - - 6 18,e7e6
33,RSZen,EulerE,1180,1175,r2qr3/p2n1pp1/1p2kn1p/1B1p4/PQ1P4/2P1PN2/1P3PPP/R4RK1 b - - 7 18,a6b5
33,RSZen,EulerE,1180,1175,2rqr3/p2n1pp1/1p2kn1p/1B1p4/PQ1P4/2P1PN2/1P3PPP/R4RK1 w - - 8 19,a8c8
33,RSZen,EulerE,1180,1175,2rqr3/p2B1pp1/1p2kn1p/3p4/PQ1P4/2P1PN2/1P3PPP/R4RK1 b - - 0 19,b5d7
33,RSZen,EulerE,1180,1175,2r1r3/p2q1pp1/1p2kn1p/3p4/PQ1P4/2P1PN2/1P3PPP/R4RK1 w - - 0 20,d8d7
33,RSZen,EulerE,1180,1175,2r1r3/p2q1pp1/1p2kn1p/3p4/PQ1P4/2P1PN2/1P3PPP/R3R1K1 b - - 1 20,f1e1
33,RSZen,EulerE,1180,1175,2r1r3/p4pp1/1p1qkn1p/3p4/PQ1P4/2P1PN2/1P3PPP/R3R1K1 w - - 2 21,d7d6
33,RSZen,EulerE,1180,1175,2r1r3/p4pp1/1p1Qkn1p/3p4/P2P4/2P1PN2/1P3PPP/R3R1K1 b - - 0 21,b4d6
33,RSZen,EulerE,1180,1175,2r1r3/p4pp1/1p1k1n1p/3p4/P2P4/2P1PN2/1P3PPP/R3R1K1 w - - 0 22,e6d6
33,RSZen,EulerE,1180,1175,2r1r3/p4pp1/1p1k1n1p/3pN3/P2P4/2P1P3/1P3PPP/R3R1K1 b - - 1 22,f3e5
33,RSZen,EulerE,1180,1175,2r5/p4pp1/1p1k1n1p/3pr3/P2P4/2P1P3/1P3PPP/R3R1K1 w - - 0 23,e8e5
33,RSZen,EulerE,1180,1175,2r5/p4pp1/1p1k1n1p/3pP3/P7/2P1P3/1P3PPP/R3R1K1 b - - 0 23,d4e5
33,RSZen,EulerE,1180,1175,2r5/p4pp1/1p3n1p/3pk3/P7/2P1P3/1P3PPP/R3R1K1 w - - 0 24,d6e5
33,RSZen,EulerE,1180,1175,2r5/p4pp1/1p3n1p/3pk3/P7/2P1P3/1P3PPP/3RR1K1 b - - 1 24,a1d1
33,RSZen,EulerE,1180,1175,8/p4pp1/1p3n1p/3pk3/P1r5/2P1P3/1P3PPP/3RR1K1 w - - 2 25,c8c4
33,RSZen,EulerE,1180,1175,8/p4pp1/1p3n1p/3pk3/P1r2P2/2P1P3/1P4PP/3RR1K1 b - - 0 25,f2f4
33,RSZen,EulerE,1180,1175,8/p4pp1/1p1k1n1p/3p4/P1r2P2/2P1P3/1P4PP/3RR1K1 w - - 1 26,e5d6
33,RSZen,EulerE,1180,1175,8/p4pp1/1p1k1n1p/3p4/P1r2P2/2P1P3/1P4PP/R3R1K1 b - - 2 26,d1a1
33,RSZen,EulerE,1180,1175,8/p4pp1/1p1k3p/3p4/P1r1nP2/2P1P3/1P4PP/R3R1K1 w - - 3 27,f6e4
33,RSZen,EulerE,1180,1175,8/p4pp1/1p1k3p/P2p4/2r1nP2/2P1P3/1P4PP/R3R1K1 b - - 0 27,a4a5
33,RSZen,EulerE,1180,1175,8/p4pp1/3k3p/Pp1p4/2r1nP2/2P1P3/1P4PP/R3R1K1 w - - 0 28,b6b5
33,RSZen,EulerE,1180,1175,8/p4pp1/P2k3p/1p1p4/2r1nP2/2P1P3/1P4PP/R3R1K1 b - - 0 28,a5a6
33,RSZen,EulerE,1180,1175,8/p4pp1/P1rk3p/1p1p4/4nP2/2P1P3/1P4PP/R3R1K1 w - - 1 29,c4c6
33,RSZen,EulerE,1180,1175,8/p4pp1/P1rk3p/1p1p4/4nP2/2P1P3/1P4PP/R2R2K1 b - - 2 29,e1d1
33,RSZen,EulerE,1180,1175,8/p5p1/P1rk3p/1p1p1p2/4nP2/2P1P3/1P4PP/R2R2K1 w - - 0 30,f7f5
33,RSZen,EulerE,1180,1175,8/p5p1/P1rk3p/1p1p1p2/1P2nP2/2P1P3/6PP/R2R2K1 b - - 0 30,b2b4
33,RSZen,EulerE,1180,1175,8/p5p1/P2k3p/1p1p1p2/1Pr1nP2/2P1P3/6PP/R2R2K1 w - - 1 31,c6c4
33,RSZen,EulerE,1180,1175,8/p5p1/P2k3p/Rp1p1p2/1Pr1nP2/2P1P3/6PP/3R2K1 b - - 2 31,a1a5
33,RSZen,EulerE,1180,1175,8/p5p1/P1k4p/Rp1p1p2/1Pr1nP2/2P1P3/6PP/3R2K1 w - - 3 32,d6c6
33,RSZen,EulerE,1180,1175,8/p5p1/P1k4p/Rp1p1p2/1Pr1nP2/2P1P3/6PP/3R1K2 b - - 4 32,g1f1
33,RSZen,EulerE,1180,1175,8/p5p1/P1k4p/Rp1p1p2/1P2nP2/2r1P3/6PP/3R1K2 w - - 0 33,c4c3
33,RSZen,EulerE,1180,1175,8/p5p1/P1k4p/1p1p1p2/1P2nP2/2r1P3/6PP/R2R1K2 b - - 1 33,a5a1
33,RSZen,EulerE,1180,1175,8/p5p1/P1k4p/1p1p1p2/1P2nP2/4r3/6PP/R2R1K2 w - - 0 34,c3e3
33,RSZen,EulerE,1180,1175,8/p5p1/P1k4p/1p1p1p2/1P2nP2/4r3/6PP/2RR1K2 b - - 1 34,a1c1
33,RSZen,EulerE,1180,1175,8/p5p1/P2k3p/1p1p1p2/1P2nP2/4r3/6PP/2RR1K2 w - - 2 35,c6d6
33,RSZen,EulerE,1180,1175,8/p5p1/P2k3p/1p1p1p2/1P1RnP2/4r3/6PP/2R2K2 b - - 3 35,d1d4
33,RSZen,EulerE,1180,1175,8/p5p1/P2k3p/1p1p1p2/1P1RnP2/2r5/6PP/2R2K2 w - - 4 36,e3c3
33,RSZen,EulerE,1180,1175,8/p5p1/P2k3p/1p1p1p2/1P1RnP2/2r5/6PP/3R1K2 b - - 5 36,c1d1
33,RSZen,EulerE,1180,1175,8/p5p1/P2k1n1p/1p1p1p2/1P1R1P2/2r5/6PP/3R1K2 w - - 6 37,e4f6
33,RSZen,EulerE,1180,1175,8/p5p1/P2k1n1p/1p1p1p2/1P1R1P2/2r3P1/7P/3R1K2 b - - 0 37,g2g3
33,RSZen,EulerE,1180,1175,8/p5p1/P2k1n1p/1p1p1p2/1P1R1P2/r5P1/7P/3R1K2 w - - 1 38,c3a3
33,RSZen,EulerE,1180,1175,8/p5p1/P2k1n1p/1p1p1p2/1P1R1P2/r5P1/7P/2R2K2 b - - 2 38,d1c1
33,RSZen,EulerE,1180,1175,8/p5p1/r2k1n1p/1p1p1p2/1P1R1P2/6P1/7P/2R2K2 w - - 0 39,a3a6
33,RSZen,EulerE,1180,1175,2R5/p5p1/r2k1n1p/1p1p1p2/1P1R1P2/6P1/7P/5K2 b - - 1 39,c1c8
33,RSZen,EulerE,1180,1175,2R5/p5p1/2rk1n1p/1p1p1p2/1P1R1P2/6P1/7P/5K2 w - - 2 40,a6c6
33,RSZen,EulerE,1180,1175,3R4/p5p1/2rk1n1p/1p1p1p2/1P1R1P2/6P1/7P/5K2 b - - 3 40,c8d8
33,RSZen,EulerE,1180,1175,3R4/p2n2p1/2rk3p/1p1p1p2/1P1R1P2/6P1/7P/5K2 w - - 4 41,f6d7
33,RSZen,EulerE,1180,1175,6R1/p2n2p1/2rk3p/1p1p1p2/1P1R1P2/6P1/7P/5K2 b - - 5 41,d8g8
33,RSZen,EulerE,1180,1175,6R1/p5p1/2rk1n1p/1p1p1p2/1P1R1P2/6P1/7P/5K2 w - - 6 42,d7f6
33,RSZen,EulerE,1180,1175,8/p5R1/2rk1n1p/1p1p1p2/1P1R1P2/6P1/7P/5K2 b - - 0 42,g8g7
33,RSZen,EulerE,1180,1175,8/p1r3R1/3k1n1p/1p1p1p2/1P1R1P2/6P1/7P/5K2 w - - 1 43,c6c7
33,RSZen,EulerE,1180,1175,8/p1r5/3k1nRp/1p1p1p2/1P1R1P2/6P1/7P/5K2 b - - 2 43,g7g6
33,RSZen,EulerE,1180,1175,8/p1r5/4knRp/1p1p1p2/1P1R1P2/6P1/7P/5K2 w - - 3 44,d6e6
33,RSZen,EulerE,1180,1175,8/p1r5/4kn1R/1p1p1p2/1P1R1P2/6P1/7P/5K2 b - - 0 44,g6h6
33,RSZen,EulerE,1180,1175,8/p7/4kn1R/1p1p1p2/1PrR1P2/6P1/7P/5K2 w - - 1 45,c7c4
33,RSZen,EulerE,1180,1175,8/p7/4kR2/1p1p1p2/1PrR1P2/6P1/7P/5K2 b - - 0 45,h6f6
33,RSZen,EulerE,1180,1175,8/p7/5k2/1p1p1p2/1PrR1P2/6P1/7P/5K2 w - - 0 46,e6f6
33,RSZen,EulerE,1180,1175,8/p7/5k2/1p1R1p2/1Pr2P2/6P1/7P/5K2 b - - 0 46,d4d5
33,RSZen,EulerE,1180,1175,8/p7/5k2/1p1R1p2/1r3P2/6P1/7P/5K2 w - - 0 47,c4b4
33,RSZen,EulerE,1180,1175,8/p7/5k2/1p1R1p2/1r3P1P/6P1/8/5K2 b - - 0 47,h2h4
33,RSZen,EulerE,1180,1175,8/p7/5k2/1p1R1p2/5P1P/6P1/8/1r3K2 w - - 1 48,b4b1
33,RSZen,EulerE,1180,1175,8/p7/5k2/1p1R1p2/5P1P/6P1/5K2/1r6 b - - 2 48,f1f2
33,RSZen,EulerE,1180,1175,8/p7/5k2/1p1R1p2/5P1P/6P1/1r3K2/8 w - - 3 49,b1b2
33,RSZen,EulerE,1180,1175,8/p7/5k2/1p1R1p2/5P1P/6P1/1r6/6K1 b - - 4 49,f2g1
33,RSZen,EulerE,1180,1175,8/p7/4k3/1p1R1p2/5P1P/6P1/1r6/6K1 w - - 5 50,f6e6
33,RSZen,EulerE,1180,1175,8/p7/4k3/1pR2p2/5P1P/6P1/1r6/6K1 b - - 6 50,d5c5
33,RSZen,EulerE,1180,1175,8/8/4k3/ppR2p2/5P1P/6P1/1r6/6K1 w - - 0 51,a7a5
33,RSZen,EulerE,1180,1175,8/8/4k3/ppR2p1P/5P2/6P1/1r6/6K1 b - - 0 51,h4h5
33,RSZen,EulerE,1180,1175,8/8/4k3/1pR2p1P/p4P2/6P1/1r6/6K1 w - - 0 52,a5a4
33,RSZen,EulerE,1180,1175,8/8/4k2P/1pR2p2/p4P2/6P1/1r6/6K1 b - - 0 52,h5h6
33,RSZen,EulerE,1180,1175,8/8/4k2P/1pR2p2/5P2/p5P1/1r6/6K1 w - - 0 53,a4a3
33,RSZen,EulerE,1180,1175,8/7P/4k3/1pR2p2/5P2/p5P1/1r6/6K1 b - - 0 53,h6h7
33,RSZen,EulerE,1180,1175,8/7P/4k3/1pR2p2/5P2/6P1/pr6/6K1 w - - 0 54,a3a2
33,RSZen,EulerE,1180,1175,7Q/8/4k3/1pR2p2/5P2/6P1/pr6/6K1 b - - 0 54,h7h8q
33,RSZen,EulerE,1180,1175,7Q/8/4k3/1pR2p2/5P2/6P1/1r6/q5K1 w - - 0 55,a2a1q
33,RSZen,EulerE,1180,1175,7Q/8/4k3/1p3p2/5P2/6P1/1r6/q1R3K1 b - - 1 55,c5c1
33,RSZen,EulerE,1180,1175,7Q/8/4k3/1p3p2/5P2/6P1/1r6/2q3K1 w - - 0 56,a1c1
34,EulerE,rifflebug,1183,1186,rnbqkbnr/pppppppp/8/8/3P4/8/PPP1PPPP/RNBQKBNR b KQkq - 0 1,d2d4
34,EulerE,rifflebug,1183,1186,rnbqkbnr/ppp1pppp/8/3p4/3P4/8/PPP1PPPP/RNBQKBNR w KQkq - 0 2,d7d5
34,EulerE,rifflebug,1183,1186,rnbqkbnr/ppp1pppp/8/3p4/2PP4/8/PP2PPPP/RNBQKBNR b KQkq - 0 2,c2c4
34,EulerE,rifflebug,1183,1186,rnbqkbnr/ppp1pppp/8/8/2pP4/8/PP2PPPP/RNBQKBNR w KQkq - 0 3,d5c4
34,EulerE,rifflebug,1183,1186,rnbqkbnr/ppp1pppp/8/8/2pPP3/8/PP3PPP/RNBQKBNR b KQkq - 0 3,e2e4
34,EulerE,rifflebug,1183,1186,rnbqkbnr/ppp2ppp/8/4p3/2pPP3/8/PP3PPP/RNBQKBNR w KQkq - 0 4,e7e5
34,EulerE,rifflebug,1183,1186,rnbqkbnr/ppp2ppp/8/3Pp3/2p1P3/8/PP3PPP/RNBQKBNR b KQkq - 0 4,d4d5
34,EulerE,rifflebug,1183,1186,rnbqkb1r/ppp2ppp/5n2/3Pp3/2p1P3/8/PP3PPP/RNBQKBNR w KQkq - 1 5,g8f6
34,EulerE,rifflebug,1183,1186,rnbqkb1r/ppp2ppp/5n2/3Pp3/2p1P3/2N5/PP3PPP/R1BQKBNR b KQkq - 2 5,b1c3
34,EulerE,rifflebug,1183,1186,rn1qkb1r/ppp2ppp/5n2/3Pp3/2p1P1b1/2N5/PP3PPP/R1BQKBNR w KQkq - 3 6,c8g4
34,EulerE,rifflebug,1183,1186,rn1qkb1r/ppp2ppp/5n2/3Pp3/2p1P1b1/2N2P2/PP4PP/R1BQKBNR b KQkq - 0 6,f2f3
34,EulerE,rifflebug,1183,1186,rn1qkb1r/pppb1ppp/5n2/3Pp3/2p1P3/2N2P2/PP4PP/R1BQKBNR w KQkq - 1 7,g4d7
34,EulerE,rifflebug,1183,1186,rn1qkb1r/pppb1ppp/5n2/3Pp3/2B1P3/2N2P2/PP4PP/R1BQK1NR b KQkq - 0 7,f1c4
34,EulerE,rifflebug,1183,1186,rn1qk2r/pppb1ppp/5n2/3Pp3/1bB1P3/2N2P2/PP4PP/R1BQK1NR w KQkq - 1 8,f8b4
34,EulerE,rifflebug,1183,1186,rn1qk2r/pppb1ppp/5n2/3Pp3/1bB1P3/1QN2P2/PP4PP/R1B1K1NR b KQkq - 2 8,d1b3
34,EulerE,rifflebug,1183,1186,rn1qk2r/pppb1ppp/5n2/3Pp3/2B1P3/1Qb2P2/PP4PP/R1B1K1NR w KQkq - 0 9,b4c3
34,EulerE,rifflebug,1183,1186,rn1qk2r/pppb1ppp/5n2/3Pp3/2B1P3/2Q2P2/PP4PP/R1B1K1NR b KQkq - 0 9,b3c3
34,EulerE,rifflebug,1183,1186,rn2k2r/pppbqppp/5n2/3Pp3/2B1P3/2Q2P2/PP4PP/R1B1K1NR w KQkq - 1 10,d8e7
34,EulerE,rifflebug,1183,1186,rn2k2r/pppbqppp/5n2/3Pp1B1/2B1P3/2Q2P2/PP4PP/R3K1NR b KQkq - 2 10,c1g5
34,EulerE,rifflebug,1183,1186,rn2k2r/pppbqpp1/5n1p/3Pp1B1/2B1P3/2Q2P2/PP4PP/R3K1NR w KQkq - 0 11,h7h6
34,EulerE,rifflebug,1183,1186,rn2k2r/pppbqpp1/5n1p/3Pp3/2B1P2B/2Q2P2/PP4PP/R3K1NR b KQkq - 1 11,g5h4
34,EulerE,rifflebug,1183,1186,rn2k2r/pppbqp2/5n1p/3Pp1p1/2B1P2B/2Q2P2/PP4PP/R3K1NR w KQkq - 0 12,g7g5
34,EulerE,rifflebug,1183,1186,rn2k2r/pppbqp2/5n1p/3Pp1p1/2B1P3/2Q2PB1/PP4PP/R3K1NR b KQkq - 1 12,h4g3
34,EulerE,rifflebug,1183,1186,rn2k2r/1ppbqp2/p4n1p/3Pp1p1/2B1P3/2Q2PB1/PP4PP/R3K1NR w KQkq - 0 13,a7a6
34,EulerE,rifflebug,1183,1186,rn2k2r/1ppbqp2/p4n1p/3PQ1p1/2B1P3/5PB1/PP4PP/R3K1NR b KQkq - 0 13,c3e5
34,EulerE,rifflebug,1183,1186,rn2k2r/1ppb1p2/p4n1p/3Pq1p1/2B1P3/5PB1/PP4PP/R3K1NR w KQkq - 0 14,e7e5
34,EulerE,rifflebug,1183,1186,rn2k2r/1ppb1p2/p4n1p/3PB1p1/2B1P3/5P2/PP4PP/R3K1NR b KQkq - 0 14,g3e5
34,EulerE,rifflebug,1183,1186,rn5r/1ppbkp2/p4n1p/3PB1p1/2B1P3/5P2/PP4PP/R3K1NR w KQ - 1 15,e8e7
34,EulerE,rifflebug,1183,1186,rn5r/1pBbkp2/p4n1p/3P2p1/2B1P3/5P2/PP4PP/R3K1NR b KQ - 0 15,e5c7
34,EulerE,rifflebug,1183,1186,rn5r/2Bbkp2/p4n1p/1p1P2p1/2B1P3/5P2/PP4PP/R3K1NR w KQ - 0 16,b7b5
34,EulerE,rifflebug,1183,1186,rn5r/2Bbkp2/p4n1p/1p1P2p1/4P3/5P2/PP2B1PP/R3K1NR b KQ - 1 16,c4e2
34,EulerE,rifflebug,1183,1186,1n5r/r1Bbkp2/p4n1p/1p1P2p1/4P3/5P2/PP2B1PP/R3K1NR w KQ - 2 17,a8a7
34,EulerE,rifflebug,1183,1186,1B5r/r2bkp2/p4n1p/1p1P2p1/4P3/5P2/PP2B1PP/R3K1NR b KQ - 0 17,c7b8
34,EulerE,rifflebug,1183,1186,1r6/r2bkp2/p4n1p/1p1P2p1/4P3/5P2/PP2B1PP/R3K1NR w KQ - 0 18,h8b8
34,EulerE,rifflebug,1183,1186,1r6/r2bkp2/p4n1p/1p1P2p1/4P3/5P2/PP2B1PP/2KR2NR b - - 1 18,e1c1
34,EulerE,rifflebug,1183,1186,1r6/r2bkp2/p4n1p/3P2p1/1p2P3/5P2/PP2B1PP/2KR2NR w - - 0 19,b5b4
34,EulerE,rifflebug,1183,1186,1r6/r2bkp2/p4n1p/3P2p1/1pB1P3/5P2/PP4PP/2KR2NR b - - 1 19,e2c4
34,EulerE,rifflebug,1183,1186,1r6/r3kp2/p4n1p/1b1P2p1/1pB1P3/5P2/PP4PP/2KR2NR w - - 2 20,d7b5
34,EulerE,rifflebug,1183,1186,1r6/r3kp2/p4n1p/1B1P2p1/1p2P3/5P2/PP4PP/2KR2NR b - - 0 20,c4b5
34,EulerE,rifflebug,1183,1186,8/r3kp2/p4n1p/1r1P2p1/1p2P3/5P2/PP4PP/2KR2NR w - - 0 21,b8b5
34,EulerE,rifflebug,1183,1186,8/r3kp2/p4n1p/1r1P2p1/1p2P3/5P2/PP4PP/1K1R2NR b - - 1 21,c1b1
34,EulerE,rifflebug,1183,1186,8/r3kp2/5n1p/pr1P2p1/1p2P3/5P2/PP4PP/1K1R2NR w - - 0 22,a6a5
34,EulerE,rifflebug,1183,1186,8/r3kp2/5n1p/pr1P2p1/1p2P3/5P2/PP2N1PP/1K1R3R b - - 1 22,g1e2
34,EulerE,rifflebug,1183,1186,8/r2nkp2/7p/pr1P2p1/1p2P3/5P2/PP2N1PP/1K1R3R w - - 2 23,f6d7
34,EulerE,rifflebug,1183,1186,8/r2nkp2/7p/pr1P2p1/1p1NP3/5P2/PP4PP/1K1R3R b - - 3 23,e2d4
34,EulerE,rifflebug,1183,1186,8/r2nkp2/1r5p/p2P2p1/1p1NP3/5P2/PP4PP/1K1R3R w - - 4 24,b5b6
34,EulerE,rifflebug,1183,1186,8/r2nkp2/1rN4p/p2P2p1/1p2P3/5P2/PP4PP/1K1R3R b - - 5 24,d4c6
34,EulerE,rifflebug,1183,1186,8/r2nkp2/2r4p/p2P2p1/1p2P3/5P2/PP4PP/1K1R3R w - - 0 25,b6c6
34,EulerE,rifflebug,1183,1186,8/r2nkp2/2P4p/p5p1/1p2P3/5P2/PP4PP/1K1R3R b - - 0 25,d5c6
34,EulerE,rifflebug,1183,1186,8/r3kp2/2P4p/p3n1p1/1p2P3/5P2/PP4PP/1K1R3R w - - 1 26,d7e5
34,EulerE,rifflebug,1183,1186,8/r3kp2/2P4p/p2Rn1p1/1p2P3/5P2/PP4PP/1K5R b - - 2 26,d1d5
34,EulerE,rifflebug,1183,1186,8/r3kp2/2n4p/p2R2p1/1p2P3/5P2/PP4PP/1K5R w - - 0 27,e5c6
34,EulerE,rifflebug,1183,1186,8/r3kp2/2n4p/p2R2p1/1p2P3/5P2/PP4PP/1KR5 b - - 1 27,h1c1
34,EulerE,rifflebug,1183,1186,3n4/r3kp2/7p/p2R2p1/1p2P3/5P2/PP4PP/1KR5 w - - 2 28,c6d8
34,EulerE,rifflebug,1183,1186,3R4/r3kp2/7p/p5p1/1p2P3/5P2/PP4PP/1KR5 b - - 0 28,d5d8
34,EulerE,rifflebug,1183,1186,3k4/r4p2/7p/p5p1/1p2P3/5P2/PP4PP/1KR5 w - - 0 29,e7d8
34,EulerE,rifflebug,1183,1186,3k4/r4p2/7p/p1R3p1/1p2P3/5P2/PP4PP/1K6 b - - 1 29,c1c5
34,EulerE,rifflebug,1183,1186,8/r2k1p2/7p/p1R3p1/1p2P3/5P2/PP4PP/1K6 w - - 2 30,d8d7
34,EulerE,rifflebug,1183,1186,8/r2k1p2/7p/p1R3p1/1p2P3/5P2/PPK3PP/8 b - - 3 30,b1c2
34,EulerE,rifflebug,1183,1186,8/r4p2/3k3p/p1R3p1/1p2P3/5P2/PPK3PP/8 w - - 4 31,d7d6
34,EulerE,rifflebug,1183,1186,8/r4p2/3k3p/p2R2p1/1p2P3/5P2/PPK3PP/8 b - - 5 31,c5d5
34,EulerE,rifflebug,1183,1186,8/r4p2/4k2p/p2R2p1/1p2P3/5P2/PPK3PP/8 w - - 6 32,d6e6
34,EulerE,rifflebug,1183,1186,8/r4p2/4k2p/p2R2p1/1p2P3/1K3P2/PP4PP/8 b - - 7 32,c2b3
34,EulerE,rifflebug,1183,1186,8/3r1p2/4k2p/p2R2p1/1p2P3/1K3P2/PP4PP/8 w - - 8 33,a7d7
34,EulerE,rifflebug,1183,1186,8/3R1p2/4k2p/p5p1/1p2P3/1K3P2/PP4PP/8 b - - 0 33,d5d7
34,EulerE,rifflebug,1183,1186,8/3k1p2/7p/p5p1/1p2P3/1K3P2/PP4PP/8 w - - 0 34,e6d7
34,EulerE,rifflebug,1183,1186,8/3k1p2/7p/p5p1/Kp2P3/5P2/PP4PP/8 b - - 1 34,b3a4
34,EulerE,rifflebug,1183,1186,8/5p2/2k4p/p5p1/Kp2P3/5P2/PP4PP/8 w - - 2 35,d7c6
34,EulerE,rifflebug,1183,1186,8/5p2/2k4p/K5p1/1p2P3/5P2/PP4PP/8 b - - 0 35,a4a5
34,EulerE,rifflebug,1183,1186,8/5p2/7p/K1k3p1/1p2P3/5P2/PP4PP/8 w - - 1 36,c6c5
34,EulerE,rifflebug,1183,1186,8/5p2/7p/K1k3p1/Pp2P3/5P2/1P4PP/8 b - a3 0 36,a2a4
34,EulerE,rifflebug,1183,1186,8/5p2/7p/K1k3p1/4P3/p4P2/1P4PP/8 w - - 0 37,b4a3
34,EulerE,rifflebug,1183,1186,8/5p2/7p/K1k3p1/4P3/P4P2/6PP/8 b - - 0 37,b2a3
34,EulerE,rifflebug,1183,1186,8/5p2/7p/K5p1/2k1P3/P4P2/6PP/8 w - - 1 38,c5c4
34,EulerE,rifflebug,1183,1186,8/5p2/7p/K5p1/P1k1P3/5P2/6PP/8 b - - 0 38,a3a4
34,EulerE,rifflebug,1183,1186,8/5p2/7p/K5p1/P3P3/1k3P2/6PP/8 w - - 1 39,c4b3
34,EulerE,rifflebug,1183,1186,8/5p2/7p/1K4p1/P3P3/1k3P2/6PP/8 b - - 2 39,a5b5
34,EulerE,rifflebug,1183,1186,8/5p2/7p/1K4p1/P3P3/k4P2/6PP/8 w - - 3 40,b3a3
34,EulerE,rifflebug,1183,1186,8/5p2/7p/PK4p1/4P3/k4P2/6PP/8 b - - 0 40,a4a5
34,EulerE,rifflebug,1183,1186,8/5p2/7p/PK4p1/4P3/1k3P2/6PP/8 w - - 1 41,a3b3
34,EulerE,rifflebug,1183,1186,8/5p2/P6p/1K4p1/4P3/1k3P2/6PP/8 b - - 0 41,a5a6
34,EulerE,rifflebug,1183,1186,8/5p2/P6p/1K4p1/4P3/2k2P2/6PP/8 w - - 1 42,b3c3
34,EulerE,rifflebug,1183,1186,8/P4p2/7p/1K4p1/4P3/2k2P2/6PP/8 b - - 0 42,a6a7
34,EulerE,rifflebug,1183,1186,8/P4p2/7p/1K4p1/4P3/3k1P2/6PP/8 w - - 1 43,c3d3
34,EulerE,rifflebug,1183,1186,Q7/5p2/7p/1K4p1/4P3/3k1P2/6PP/8 b - - 0 43,a7a8q
34,EulerE,rifflebug,1183,1186,Q7/5p2/7p/1K4p1/4P3/4kP2/6PP/8 w - - 1 44,d3e3
34,EulerE,rifflebug,1183,1186,Q7/5p2/7p/1K2P1p1/8/4kP2/6PP/8 b - - 0 44,e4e5
34,EulerE,rifflebug,1183,1186,Q7/5p2/7p/1K2P1p1/8/5P2/5kPP/8 w - - 1 45,e3f2
34,EulerE,rifflebug,1183,1186,Q7/5p2/4P2p/1K4p1/8/5P2/5kPP/8 b - - 0 45,e5e6
34,EulerE,rifflebug,1183,1186,Q7/8/4p2p/1K4p1/8/5P2/5kPP/8 w - - 0 46,f7e6
34,EulerE,rifflebug,1183,1186,8/8/4p2p/1K4p1/8/5P2/Q4kPP/8 b - - 1 46,a8a2
34,EulerE,rifflebug,1183,1186,8/8/4p2p/1K4p1/8/5P2/Q5PP/6k1 w - - 2 47,f2g1
34,EulerE,rifflebug,1183,1186,8/8/4Q2p/1K4p1/8/5P2/6PP/6k1 b - - 0 47,a2e6
34,EulerE,rifflebug,1183,1186,8/8/4Q2p/1K4p1/8/5P2/6kP/8 w - - 0 48,g1g2
34,EulerE,rifflebug,1183,1186,8/8/7Q/1K4p1/8/5P2/6kP/8 b - - 0 48,e6h6
34,EulerE,rifflebug,1183,1186,8/8/7Q/1K4p1/8/5k2/7P/8 w - - 0 49,g2f3
34,EulerE,rifflebug,1183,1186,8/8/8/1K4Q1/8/5k2/7P/8 b - - 0 49,h6g5
34,EulerE,rifflebug,1183,1186,8/8/8/1K4Q1/8/8/5k1P/8 w - - 1 50,f3f2
34,EulerE,rifflebug,1183,1186,8/8/8/1K6/6Q1/8/5k1P/8 b - - 2 50,g5g4
34,EulerE,rifflebug,1183,1186,8/8/8/1K6/6Q1/4k3/7P/8 w - - 3 51,f2e3
34,EulerE,rifflebug,1183,1186,8/8/8/1K3Q2/8/4k3/7P/8 b - - 4 51,g4f5
34,EulerE,rifflebug,1183,1186,8/8/8/1K3Q2/8/8/4k2P/8 w - - 5 52,e3e2
34,EulerE,rifflebug,1183,1186,8/8/8/1K6/5Q2/8/4k2P/8 b - - 6 52,f5f4
35,oldbean62,EulerE,1234,1176,rnbqkbnr/pppppppp/8/8/2P5/8/PP1PPPPP/RNBQKBNR b KQkq - 0 1,c2c4
35,oldbean62,EulerE,1234,1176,rnbqkbnr/pppppp1p/6p1/8/2P5/8/PP1PPPPP/RNBQKBNR w KQkq - 0 2,g7g6
35,oldbean62,EulerE,1234,1176,rnbqkbnr/pppppp1p/6p1/8/2P1P3/8/PP1P1PPP/RNBQKBNR b KQkq - 0 2,e2e4
35,oldbean62,EulerE,1234,1176,r1bqkbnr/pppppp1p/2n3p1/8/2P1P3/8/PP1P1PPP/RNBQKBNR w KQkq - 1 3,b8c6
35,oldbean62,EulerE,1234,1176,r1bqkbnr/pppppp1p/2n3p1/8/2P1P3/3P4/PP3PPP/RNBQKBNR b KQkq - 0 3,d2d3
35,oldbean62,EulerE,1234,1176,r1bqkbnr/pppp1p1p/2n3p1/4p3/2P1P3/3P4/PP3PPP/RNBQKBNR w KQkq - 0 4,e7e5
35,oldbean62,EulerE,1234,1176,r1bqkbnr/pppp1p1p/2n3p1/4p3/2P1P3/3P4/PP1B1PPP/RN1QKBNR b KQkq - 1 4,c1d2
35,oldbean62,EulerE,1234,1176,r1bqk1nr/pppp1pbp/2n3p1/4p3/2P1P3/3P4/PP1B1PPP/RN1QKBNR w KQkq - 2 5,f8g7
35,oldbean62,EulerE,1234,1176,r1bqk1nr/pppp1pbp/2n3p1/4p3/2P1P3/2BP4/PP3PPP/RN1QKBNR b KQkq - 3 5,d2c3
35,oldbean62,EulerE,1234,1176,r1bqk1nr/ppp2pbp/2np2p1/4p3/2P1P3/2BP4/PP3PPP/RN1QKBNR w KQkq - 0 6,d7d6
35,oldbean62,EulerE,1234,1176,r1bqk1nr/ppp2pbp/2np2p1/4p3/2P1P3/2BP3P/PP3PP1/RN1QKBNR b KQkq - 0 6,h2h3
35,oldbean62,EulerE,1234,1176,r2qk1nr/ppp2pbp/2npb1p1/4p3/2P1P3/2BP3P/PP3PP1/RN1QKBNR w KQkq - 1 7,c8e6
35,oldbean62,EulerE,1234,1176,r2qk1nr/ppp2pbp/2npb1p1/4p3/2P1P3/2BP1N1P/PP3PP1/RN1QKB1R b KQkq - 2 7,g1f3
35,oldbean62,EulerE,1234,1176,r2qk2r/ppp1npbp/2npb1p1/4p3/2P1P3/2BP1N1P/PP3PP1/RN1QKB1R w KQkq - 3 8,g8e7
35,oldbean62,EulerE,1234,1176,r2qk2r/ppp1npbp/2npb1p1/4p3/2P1P3/1QBP1N1P/PP3PP1/RN2KB1R b KQkq - 4 8,d1b3
35,oldbean62,EulerE,1234,1176,r2q1rk1/ppp1npbp/2npb1p1/4p3/2P1P3/1QBP1N1P/PP3PP1/RN2KB1R w KQ - 5 9,e8g8
35,oldbean62,EulerE,1234,1176,r2q1rk1/pQp1npbp/2npb1p1/4p3/2P1P3/2BP1N1P/PP3PP1/RN2KB1R b KQ - 0 9,b3b7
35,oldbean62,EulerE,1234,1176,r2q1rk1/pQp1n1bp/2npb1p1/4pp2/2P1P3/2BP1N1P/PP3PP1/RN2KB1R w KQ - 0 10,f7f5
35,oldbean62,EulerE,1234,1176,r2q1rk1/pQp1n1bp/2npb1p1/4pP2/2P5/2BP1N1P/PP3PP1/RN2KB1R b KQ - 0 10,e4f5
35,oldbean62,EulerE,1234,1176,r2q1rk1/pQp1n1bp/2np2p1/4pb2/2P5/2BP1N1P/PP3PP1/RN2KB1R w KQ - 0 11,e6f5
35,oldbean62,EulerE,1234,1176,r2q1rk1/p1p1n1bp/2np2p1/4pb2/2P5/1QBP1N1P/PP3PP1/RN2KB1R b KQ - 1 11,b7b3
35,oldbean62,EulerE,1234,1176,r4rk1/p1pqn1bp/2np2p1/4pb2/2P5/1QBP1N1P/PP3PP1/RN2KB1R w KQ - 2 12,d8d7
35,oldbean62,EulerE,1234,1176,r4rk1/p1pqn1bp/2np2p1/4pb2/2P4N/1QBP3P/PP3PP1/RN2KB1R b KQ - 3 12,f3h4
35,oldbean62,EulerE,1234,1176,r4rk1/p1pqn2p/2np1bp1/4pb2/2P4N/1QBP3P/PP3PP1/RN2KB1R w KQ - 4 13,g7f6
35,oldbean62,EulerE,1234,1176,r4rk1/p1pqn2p/2np1bp1/4pN2/2P5/1QBP3P/PP3PP1/RN2KB1R b KQ - 0 13,h4f5
35,oldbean62,EulerE,1234,1176,r4rk1/p1p1n2p/2np1bp1/4pq2/2P5/1QBP3P/PP3PP1/RN2KB1R w KQ - 0 14,d7f5
35,oldbean62,EulerE,1234,1176,r4rk1/p1p1n2p/2np1bp1/4pq2/2P5/1QBP3P/PP2BPP1/RN2K2R b KQ - 1 14,f1e2
35,oldbean62,EulerE,1234,1176,r4rk1/p1p1n2p/2np2p1/4pq2/2P4b/1QBP3P/PP2BPP1/RN2K2R w KQ - 2 15,f6h4
35,oldbean62,EulerE,1234,1176,r4rk1/p1p1n2p/2np2p1/4pq2/2P4b/1QBP1B1P/PP3PP1/RN2K2R b KQ - 3 15,e2f3
35,oldbean62,EulerE,1234,1176,r4rk1/p1p1n2p/2np2p1/4p3/2P4b/1QBq1B1P/PP3PP1/RN2K2R w KQ - 0 16,f5d3
35,oldbean62,EulerE,1234,1176,r4rk1/p1p1n2p/2np2p1/4p3/2P4b/2Bq1B1P/PP3PP1/RN1QK2R b KQ - 1 16,b3d1
35,oldbean62,EulerE,1234,1176,r4rk1/p1p1n2p/2np2p1/4p3/2P4b/2B2B1P/PP3PP1/RN1qK2R w KQ - 0 17,d3d1
35,oldbean62,EulerE,1234,1176,r4rk1/p1p1n2p/2np2p1/4p3/2P4b/2B2B1P/PP3PP1/RN1K3R b - - 0 17,e1d1
35,oldbean62,EulerE,1234,1176,r4rk1/p1p1n2p/2np2p1/4p3/2P5/2B2B1P/PP3bP1/RN1K3R w - - 0 18,h4f2
35,oldbean62,EulerE,1234,1176,r4rk1/p1p1n2p/2np2p1/4p3/2P5/2B2B1P/PP1N1bP1/R2K3R b - - 1 18,b1d2
35,oldbean62,EulerE,1234,1176,1r3rk1/p1p1n2p/2np2p1/4p3/2P5/2B2B1P/PP1N1bP1/R2K3R w - - 2 19,a8b8
35,oldbean62,EulerE,1234,1176,1r3rk1/p1p1n2p/2np2p1/4p3/2P5/2B2B1P/PPKN1bP1/R6R b - - 3 19,d1c2
35,oldbean62,EulerE,1234,1176,1r3rk1/p1p1n2p/2np2p1/4p3/2Pb4/2B2B1P/PPKN2P1/R6R w - - 4 20,f2d4
35,oldbean62,EulerE,1234,1176,1r3rk1/p1p1n2p/2np2p1/4p3/2Pb4/1NB2B1P/PPK3P1/R6R b - - 5 20,d2b3
35,oldbean62,EulerE,1234,1176,1r3rk1/p1p1n2p/3p2p1/4p3/1nPb4/1NB2B1P/PPK3P1/R6R w - - 6 21,c6b4
35,oldbean62,EulerE,1234,1176,1r3rk1/p1p1n2p/3p2p1/4p3/1BPb4/1N3B1P/PPK3P1/R6R b - - 0 21,c3b4
35,oldbean62,EulerE,1234,1176,5rk1/p1p1n2p/3p2p1/4p3/1rPb4/1N3B1P/PPK3P1/R6R w - - 0 22,b8b4
35,oldbean62,EulerE,1234,1176,5rk1/p1p1n2p/3p2p1/4p3/1rPN4/5B1P/PPK3P1/R6R b - - 0 22,b3d4
35,oldbean62,EulerE,1234,1176,5rk1/p1p1n2p/3p2p1/4p3/2rN4/5B1P/PPK3P1/R6R w - - 0 23,b4c4
35,oldbean62,EulerE,1234,1176,5rk1/p1p1n2p/3p2p1/4p3/2rN4/3K1B1P/PP4P1/R6R b - - 1 23,c2d3
35,oldbean62,EulerE,1234,1176,5rk1/p1p1n2p/3p2p1/4p3/3r4/3K1B1P/PP4P1/R6R w - - 0 24,c4d4
35,oldbean62,EulerE,1234,1176,5rk1/p1p1n2p/3p2p1/4p3/3r4/2K2B1P/PP4P1/R6R b - - 1 24,d3c3
35,oldbean62,EulerE,1234,1176,2n2rk1/p1p4p/3p2p1/4p3/3r4/2K2B1P/PP4P1/R6R w - - 2 25,e7c8
35,oldbean62,EulerE,1234,1176,2n2rk1/p1p4p/3p2p1/4p3/3r4/2K2B1P/PP4P1/3R3R b - - 3 25,a1d1
35,oldbean62,EulerE,1234,1176,2n3k1/p1p4p/3p2p1/4p3/3r1r2/2K2B1P/PP4P1/3R3R w - - 4 26,f8f4
35,oldbean62,EulerE,1234,1176,2n3k1/p1p4p/3p2p1/4p3/3R1r2/2K2B1P/PP4P1/7R b - - 0 26,d1d4
35,oldbean62,EulerE,1234,1176,2n3k1/p1p4p/3p2p1/4p3/3r4/2K2B1P/PP4P1/7R w - - 0 27,f4d4
35,oldbean62,EulerE,1234,1176,2n3k1/p1p4p/3p2p1/4p3/1P1r4/2K2B1P/P5P1/7R b - - 0 27,b2b4
35,oldbean62,EulerE,1234,1176,2n5/p1p2k1p/3p2p1/4p3/1P1r4/2K2B1P/P5P1/7R w - - 1 28,g8f7
35,oldbean62,EulerE,1234,1176,2n5/p1p2k1p/3p2p1/4p3/1P1r4/2K2B1P/P5P1/5R2 b - - 2 28,h1f1
35,oldbean62,EulerE,1234,1176,2n5/p1p4p/3pk1p1/4p3/1P1r4/2K2B1P/P5P1/5R2 w - - 3 29,f7e6
35,oldbean62,EulerE,1234,1176,2n5/p1p4p/3pk1p1/4p3/1P1r2B1/2K4P/P5P1/5R2 b - - 4 29,f3g4
35,oldbean62,EulerE,1234,1176,2n5/p1p4p/3pk1p1/4p3/1P4r1/2K4P/P5P1/5R2 w - - 0 30,d4g4
35,oldbean62,EulerE,1234,1176,2n5/p1p4p/3pk1p1/4p3/1P4P1/2K5/P5P1/5R2 b - - 0 30,h3g4
35,oldbean62,EulerE,1234,1176,8/p1p4p/1n1pk1p1/4p3/1P4P1/2K5/P5P1/5R2 w - - 1 31,c8b6
35,oldbean62,EulerE,1234,1176,8/p1p4p/1n1pk1p1/4p1P1/1P6/2K5/P5P1/5R2 b - - 0 31,g4g5
35,oldbean62,EulerE,1234,1176,8/p1p4p/3pk1p1/3np1P1/1P6/2K5/P5P1/5R2 w - - 1 32,b6d5
35,oldbean62,EulerE,1234,1176,8/p1p4p/3pk1p1/3np1P1/1P6/1K6/P5P1/5R2 b - - 2 32,c3b3
35,oldbean62,EulerE,1234,1176,8/p1p4p/3pk1p1/3n2P1/1P2p3/1K6/P5P1/5R2 w - - 0 33,e5e4
35,oldbean62,EulerE,1234,1176,8/p1p4p/3pk1p1/3n2P1/1P2p3/1K6/P5P1/7R b - - 1 33,f1h1
35,oldbean62,EulerE,1234,1176,8/p1p4p/3pk1p1/3n2P1/1P6/1K2p3/P5P1/7R w - - 0 34,e4e3
35,oldbean62,EulerE,1234,1176,8/p1p4p/3pk1p1/1P1n2P1/8/1K2p3/P5P1/7R b - - 0 34,b4b5
35,oldbean62,EulerE,1234,1176,8/p1p4p/3p2p1/1P1nk1P1/8/1K2p3/P5P1/7R w - - 1 35,e6e5
35,oldbean62,EulerE,1234,1176,8/p1p4p/3p2p1/1P1nk1P1/8/4p3/P1K3P1/7R b - - 2 35,b3c2
35,oldbean62,EulerE,1234,1176,8/p1p4p/3p2p1/1P2k1P1/5n2/4p3/P1K3P1/7R w - - 3 36,d5f4
35,oldbean62,EulerE,1234,1176,8/p1p4p/3p2p1/1P2k1P1/5n2/4p1P1/P1K5/7R b - - 0 36,g2g3
35,oldbean62,EulerE,1234,1176,8/p1p4p/3p2p1/1P1nk1P1/8/4p1P1/P1K5/7R w - - 1 37,f4d5
35,oldbean62,EulerE,1234,1176,8/p1p4p/3p2p1/1P1nk1P1/8/3Kp1P1/P7/7R b - - 2 37,c2d3
35,oldbean62,EulerE,1234,1176,8/p1p4p/3p2p1/1P1n1kP1/8/3Kp1P1/P7/7R w - - 3 38,e5f5
35,oldbean62,EulerE,1234,1176,8/p1p4R/3p2p1/1P1n1kP1/8/3Kp1P1/P7/8 b - - 0 38,h1h7
35,oldbean62,EulerE,1234,1176,8/p1p4R/3p2p1/1P1n2k1/8/3Kp1P1/P7/8 w - - 0 39,f5g5
35,oldbean62,EulerE,1234,1176,8/p1p5/3p2p1/1P1n2k1/8/3Kp1P1/P7/7R b - - 1 39,h7h1
35,oldbean62,EulerE,1234,1176,8/p1p5/3p2p1/1P1n4/6k1/3Kp1P1/P7/7R w - - 2 40,g5g4
35,oldbean62,EulerE,1234,1176,8/p1p5/3p2pR/1P1n4/6k1/3Kp1P1/P7/8 b - - 3 40,h1h6
35,oldbean62,EulerE,1234,1176,8/p1p5/3p2pR/1P1n4/8/3Kp1k1/P7/8 w - - 0 41,g4g3
35,oldbean62,EulerE,1234,1176,8/p1p5/3p2R1/1P1n4/8/3Kp1k1/P7/8 b - - 0 41,h6g6
35,oldbean62,EulerE,1234,1176,8/p1p5/3p2R1/1P1n4/8/3Kp3/P4k2/8 w - - 1 42,g3f2
35,oldbean62,EulerE,1234,1176,8/p1p5/3p4/1P1n2R1/8/3Kp3/P4k2/8 b - - 2 42,g6g5
35,oldbean62,EulerE,1234,1176,8/p1p5/3p4/1P1n2R1/8/3K4/P3pk2/8 w - - 0 43,e3e2
35,oldbean62,EulerE,1234,1176,8/p1p5/3p4/1P1n1R2/8/3K4/P3pk2/8 b - - 1 43,g5f5
35,oldbean62,EulerE,1234,1176,8/p1p5/3p4/1P1n1R2/8/3K4/P3p3/4k3 w - - 2 44,f2e1
35,oldbean62,EulerE,1234,1176,8/p1p5/3p4/1P1R4/8/3K4/P3p3/4k3 b - - 0 44,f5d5
35,oldbean62,EulerE,1234,1176,8/p1p5/3p4/1P1R4/8/3K4/P3p3/3k4 w - - 1 45,e1d1
35,oldbean62,EulerE,1234,1176,8/p1p5/3p4/1P1R4/8/4K3/P3p3/3k4 b - - 2 45,d3e3
35,oldbean62,EulerE,1234,1176,8/p1p5/3p4/1P1R4/8/4K3/P3p3/4k3 w - - 3 46,d1e1
35,oldbean62,EulerE,1234,1176,8/p1p5/3p4/1P6/8/4K3/P2Rp3/4k3 b - - 4 46,d5d2
36,KingJaize,EulerE,1194,1185,rnbqkbnr/pppppppp/8/8/4P3/8/PPPP1PPP/RNBQKBNR b KQkq - 0 1,e2e4
36,KingJaize,EulerE,1194,1185,rnbqkbnr/p1pppppp/1p6/8/4P3/8/PPPP1PPP/RNBQKBNR w KQkq - 0 2,b7b6
36,KingJaize,EulerE,1194,1185,rnbqkbnr/p1pppppp/1p6/8/3PP3/8/PPP2PPP/RNBQKBNR b KQkq - 0 2,d2d4
36,KingJaize,EulerE,1194,1185,rn1qkbnr/pbpppppp/1p6/8/3PP3/8/PPP2PPP/RNBQKBNR w KQkq - 1 3,c8b7
36,KingJaize,EulerE,1194,1185,rn1qkbnr/pbpppppp/1p6/8/3PP3/2N5/PPP2PPP/R1BQKBNR b KQkq - 2 3,b1c3
36,KingJaize,EulerE,1194,1185,rn1qkbnr/pbpp1ppp/1p2p3/8/3PP3/2N5/PPP2PPP/R1BQKBNR w KQkq - 0 4,e7e6
36,KingJaize,EulerE,1194,1185,rn1qkbnr/pbpp1ppp/1p2p3/8/3PP3/2N2N2/PPP2PPP/R1BQKB1R b KQkq - 1 4,g1f3
36,KingJaize,EulerE,1194,1185,rn1qkbnr/pbpp1p1p/1p2p1p1/8/3PP3/2N2N2/PPP2PPP/R1BQKB1R w KQkq - 0 5,g7g6
36,KingJaize,EulerE,1194,1185,rn1qkbnr/pbpp1p1p/1p2p1p1/8/3PP3/2N2N2/PPP1BPPP/R1BQK2R b KQkq - 1 5,f1e2
36,KingJaize,EulerE,1194,1185,rn1qk1nr/pbpp1pbp/1p2p1p1/8/3PP3/2N2N2/PPP1BPPP/R1BQK2R w KQkq - 2 6,f8g7
36,KingJaize,EulerE,1194,1185,rn1qk1nr/pbpp1pbp/1p2p1p1/8/3PP3/2N2N2/PPPBBPPP/R2QK2R b KQkq - 3 6,c1d2
36,KingJaize,EulerE,1194,1185,rn1qk1nr/pbp2pbp/1p2p1p1/3p4/3PP3/2N2N2/PPPBBPPP/R2QK2R w KQkq - 0 7,d7d5
36,KingJaize,EulerE,1194,1185,rn1qk1nr/pbp2pbp/1p2p1p1/3pP3/3P4/2N2N2/PPPBBPPP/R2QK2R b KQkq - 0 7,e4e5
36,KingJaize,EulerE,1194,1185,rn1qk2r/pbp1npbp/1p2p1p1/3pP3/3P4/2N2N2/PPPBBPPP/R2QK2R w KQkq - 1 8,g8e7
36,KingJaize,EulerE,1194,1185,rn1qk2r/pbp1npbp/1p2p1p1/3pP3/3P4/2N2N2/PPPBBPPP/R2Q1RK1 b kq - 2 8,e1g1
36,KingJaize,EulerE,1194,1185,rn1q1rk1/pbp1npbp/1p2p1p1/3pP3/3P4/2N2N2/PPPBBPPP/R2Q1RK1 w - - 3 9,e8g8
36,KingJaize,EulerE,1194,1185,rn1q1rk1/pbp1npbp/1p2p1p1/3pP1B1/3P4/2N2N2/PPP1BPPP/R2Q1RK1 b - - 4 9,d2g5
36,KingJaize,EulerE,1194,1185,r2q1rk1/pbp1npbp/1pn1p1p1/3pP1B1/3P4/2N2N2/PPP1BPPP/R2Q1RK1 w - - 5 10,b8c6
36,KingJaize,EulerE,1194,1185,r2q1rk1/pbp1npbp/1pn1p1p1/1N1pP1B1/3P4/5N2/PPP1BPPP/R2Q1RK1 b - - 6 10,c3b5
36,KingJaize,EulerE,1194,1185,r4rk1/pbpqnpbp/1pn1p1p1/1N1pP1B1/3P4/5N2/PPP1BPPP/R2Q1RK1 w - - 7 11,d8d7
36,KingJaize,EulerE,1194,1185,r4rk1/pbpqnpbp/1pn1p1p1/1N1pP1B1/2PP4/5N2/PP2BPPP/R2Q1RK1 b - - 0 11,c2c4
36,KingJaize,EulerE,1194,1185,r4rk1/pbpqn1bp/1pn1ppp1/1N1pP1B1/2PP4/5N2/PP2BPPP/R2Q1RK1 w - - 0 12,f7f6
36,KingJaize,EulerE,1194,1185,r4rk1/pbpqn1bp/1pn1ppp1/1N1pP3/2PP1B2/5N2/PP2BPPP/R2Q1RK1 b - - 1 12,g5f4
36,KingJaize,EulerE,1194,1185,r4rk1/pbpqn1bp/1pn1p1p1/1N1pp3/2PP1B2/5N2/PP2BPPP/R2Q1RK1 w - - 0 13,f6e5
36,KingJaize,EulerE,1194,1185,r4rk1/pbpqn1bp/1pn1p1p1/1N1pB3/2PP4/5N2/PP2BPPP/R2Q1RK1 b - - 0 13,f4e5
36,KingJaize,EulerE,1194,1185,r4rk1/pbpqn1bp/1p2p1p1/1N1pn3/2PP4/5N2/PP2BPPP/R2Q1RK1 w - - 0 14,c6e5
36,KingJaize,EulerE,1194,1185,r4rk1/pbpqn1bp/1p2p1p1/1N1pN3/2PP4/8/PP2BPPP/R2Q1RK1 b - - 0 14,f3e5
36,KingJaize,EulerE,1194,1185,r4rk1/pbpqn2p/1p2p1p1/1N1pb3/2PP4/8/PP2BPPP/R2Q1RK1 w - - 0 15,g7e5
36,KingJaize,EulerE,1194,1185,r4rk1/pbpqn2p/1p2p1p1/1N1pP3/2P5/8/PP2BPPP/R2Q1RK1 b - - 0 15,d4e5
36,KingJaize,EulerE,1194,1185,r5k1/pbpqn2p/1p2p1p1/1N1pPr2/2P5/8/PP2BPPP/R2Q1RK1 w - - 1 16,f8f5
36,KingJaize,EulerE,1194,1185,r5k1/pbpqn2p/1p2p1p1/1N1pPr2/2P2P2/8/PP2B1PP/R2Q1RK1 b - - 0 16,f2f4
36,KingJaize,EulerE,1194,1185,r5k1/p1pqn2p/bp2p1p1/1N1pPr2/2P2P2/8/PP2B1PP/R2Q1RK1 w - - 1 17,b7a6
36,KingJaize,EulerE,1194,1185,r5k1/p1pqn2p/bp2p1p1/1N1pPr2/2P2PB1/8/PP4PP/R2Q1RK1 b - - 2 17,e2g4
36,KingJaize,EulerE,1194,1185,r5k1/p1pqn2p/1p2p1p1/1b1pPr2/2P2PB1/8/PP4PP/R2Q1RK1 w - - 0 18,a6b5
36,KingJaize,EulerE,1194,1185,r5k1/p1pqn2p/1p2p1p1/1b1pPB2/2P2P2/8/PP4PP/R2Q1RK1 b - - 0 18,g4f5
36,KingJaize,EulerE,1194,1185,r5k1/p1pq3p/1p2p1p1/1b1pPn2/2P2P2/8/PP4PP/R2Q1RK1 w - - 0 19,e7f5
36,KingJaize,EulerE,1194,1185,r5k1/p1pq3p/1p2p1p1/1P1pPn2/5P2/8/PP4PP/R2Q1RK1 b - - 0 19,c4b5
36,KingJaize,EulerE,1194,1185,r5k1/p1p4p/1p2p1p1/1q1pPn2/5P2/8/PP4PP/R2Q1RK1 w - - 0 20,d7b5
36,KingJaize,EulerE,1194,1185,r5k1/p1p4p/1p2p1p1/1q1pPn2/5P2/1Q6/PP4PP/R4RK1 b - - 1 20,d1b3
36,KingJaize,EulerE,1194,1185,r5k1/p1p4p/1p2p1p1/2qpPn2/5P2/1Q6/PP4PP/R4RK1 w - - 2 21,b5c5
36,KingJaize,EulerE,1194,1185,r5k1/p1p4p/1p2p1p1/2qpPn2/5P2/1Q6/PP4PP/R4R1K b - - 3 21,g1h1
36,KingJaize,EulerE,1194,1185,5rk1/p1p4p/1p2p1p1/2qpPn2/5P2/1Q6/PP4PP/R4R1K w - - 4 22,a8f8
36,KingJaize,EulerE,1194,1185,5rk1/p1p4p/1p2p1p1/2qpPn2/5P2/1Q6/PP4PP/2R2R1K b - - 5 22,a1c1
36,KingJaize,EulerE,1194,1185,5rk1/p1p4p/1p2p1p1/2qpP3/3n1P2/1Q6/PP4PP/2R2R1K w - - 6 23,f5d4
36,KingJaize,EulerE,1194,1185,5rk1/p1p4p/1p2p1p1/2RpP3/3n1P2/1Q6/PP4PP/5R1K b - - 0 23,c1c5
36,KingJaize,EulerE,1194,1185,5rk1/p1p4p/1p2p1p1/2RpP3/5P2/1n6/PP4PP/5R1K w - - 0 24,d4b3
36,KingJaize,EulerE,1194,1185,5rk1/p1R4p/1p2p1p1/3pP3/5P2/1n6/PP4PP/5R1K b - - 0 24,c5c7
36,KingJaize,EulerE,1194,1185,5rk1/p1R4p/1p2p1p1/3pP3/5P2/8/PP1n2PP/5R1K w - - 1 25,b3d2
36,KingJaize,EulerE,1194,1185,5rk1/p1R4p/1p2p1p1/3pP3/5P2/8/PP1n1RPP/7K b - - 2 25,f1f2
36,KingJaize,EulerE,1194,1185,5rk1/p1R4p/1p2p1p1/3pP3/4nP2/8/PP3RPP/7K w - - 3 26,d2e4
36,KingJaize,EulerE,1194,1185,5rk1/p1R4p/1p2p1p1/3pP3/4nP2/8/PPR3PP/7K b - - 4 26,f2c2
36,KingJaize,EulerE,1194,1185,6k1/p1R4p/1p2p1p1/3pP3/4nr2/8/PPR3PP/7K w - - 0 27,f8f4
36,KingJaize,EulerE,1194,1185,2R3k1/p6p/1p2p1p1/3pP3/4nr2/8/PPR3PP/7K b - - 1 27,c7c8
36,KingJaize,EulerE,1194,1185,2R5/p5kp/1p2p1p1/3pP3/4nr2/8/PPR3PP/7K w - - 2 28,g8g7
36,KingJaize,EulerE,1194,1185,8/p1R3kp/1p2p1p1/3pP3/4nr2/8/PPR3PP/7K b - - 3 28,c8c7
36,KingJaize,EulerE,1194,1185,8/p1R4p/1p2p1pk/3pP3/4nr2/8/PPR3PP/7K w - - 4 29,g7h6
36,KingJaize,EulerE,1194,1185,8/p1R4p/1p2p1pk/3pP3/4nr2/7P/PPR3P1/7K b - - 0 29,h2h3
36,KingJaize,EulerE,1194,1185,8/p1R4p/1p2p1pk/4P3/3pnr2/7P/PPR3P1/7K w - - 0 30,d5d4
36,KingJaize,EulerE,1194,1185,8/p2R3p/1p2p1pk/4P3/3pnr2/7P/PPR3P1/7K b - - 1 30,c7d7
36,KingJaize,EulerE,1194,1185,8/p2R3p/1p2p1pk/4P3/4nr2/3p3P/PPR3P1/7K w - - 0 31,d4d3
36,KingJaize,EulerE,1194,1185,8/p6p/1p2p1pk/4P3/4nr2/3R3P/PPR3P1/7K b - - 0 31,d7d3
36,KingJaize,EulerE,1194,1185,8/p6p/1p2p1pk/4P3/5r2/3R3P/PPR2nP1/7K w - - 1 32,e4f2
36,KingJaize,EulerE,1194,1185,8/p6p/1p2p1pk/4P3/5r2/3R3P/PP3RP1/7K b - - 0 32,c2f2
36,KingJaize,EulerE,1194,1185,8/p6p/1p2p1pk/4P3/8/3R3P/PP3rP1/7K w - - 0 33,f4f2
36,KingJaize,EulerE,1194,1185,8/p2R3p/1p2p1pk/4P3/8/7P/PP3rP1/7K b - - 1 33,d3d7
36,KingJaize,EulerE,1194,1185,8/3R3p/1p2p1pk/p3P3/8/7P/PP3rP1/7K w - - 0 34,a7a5
36,KingJaize,EulerE,1194,1185,8/3R3p/1p2p1pk/p3P3/P7/7P/1P3rP1/7K b - - 0 34,a2a4
36,KingJaize,EulerE,1194,1185,8/3R3p/1p2p1pk/p3P3/P7/7P/1r4P1/7K w - - 0 35,f2b2
36,KingJaize,EulerE,1194,1185,8/1R5p/1p2p1pk/p3P3/P7/7P/1r4P1/7K b - - 1 35,d7b7
36,KingJaize,EulerE,1194,1185,8/1R5p/1p2p1p1/p3P1k1/P7/7P/1r4P1/7K w - - 2 36,h6g5
36,KingJaize,EulerE,1194,1185,8/1R5p/1p2p1p1/p3P1k1/P7/7P/1r4P1/6K1 b - - 3 36,h1g1
36,KingJaize,EulerE,1194,1185,8/1R5p/1p2p1p1/p3Pk2/P7/7P/1r4P1/6K1 w - - 4 37,g5f5
36,KingJaize,EulerE,1194,1185,8/7R/1p2p1p1/p3Pk2/P7/7P/1r4P1/6K1 b - - 0 37,b7h7
36,KingJaize,EulerE,1194,1185,8/7R/1p2p1p1/p3k3/P7/7P/1r4P1/6K1 w - - 0 38,f5e5
36,KingJaize,EulerE,1194,1185,8/1R6/1p2p1p1/p3k3/P7/7P/1r4P1/6K1 b - - 1 38,h7b7
36,KingJaize,EulerE,1194,1185,8/1R6/1p2p1p1/p7/P2k4/7P/1r4P1/6K1 w - - 2 39,e5d4
36,KingJaize,EulerE,1194,1185,8/1R6/1p2p1p1/p7/P2k2P1/7P/1r6/6K1 b - - 0 39,g2g4
36,KingJaize,EulerE,1194,1185,8/1R6/1p2p1p1/p1k5/P5P1/7P/1r6/6K1 w - - 1 40,d4c5
36,KingJaize,EulerE,1194,1185,8/2R5/1p2p1p1/p1k5/P5P1/7P/1r6/6K1 b - - 2 40,b7c7
36,KingJaize,EulerE,1194,1185,8/2R5/1p2p1p1/p7/Pk4P1/7P/1r6/6K1 w - - 3 41,c5b4
36,KingJaize,EulerE,1194,1185,8/8/1pR1p1p1/p7/Pk4P1/7P/1r6/6K1 b - - 4 41,c7c6
36,KingJaize,EulerE,1194,1185,8/8/1pR1p1p1/p7/k5P1/7P/1r6/6K1 w - - 0 42,b4a4
36,KingJaize,EulerE,1194,1185,8/8/1pR1p1p1/p7/k5P1/7P/1r6/5K2 b - - 1 42,g1f1
36,KingJaize,EulerE,1194,1185,8/8/2R1p1p1/pp6/k5P1/7P/1r6/5K2 w - - 0 43,b6b5
36,KingJaize,EulerE,1194,1185,8/8/1R2p1p1/pp6/k5P1/7P/1r6/5K2 b - - 1 43,c6b6
36,KingJaize,EulerE,1194,1185,8/8/1R2p1p1/p7/kp4P1/7P/1r6/5K2 w - - 0 44,b5b4
36,KingJaize,EulerE,1194,1185,8/8/1R2p1p1/p7/kp4P1/7P/1r6/4K3 b - - 1 44,f1e1
36,KingJaize,EulerE,1194,1185,8/8/1R2p1p1/p7/k5P1/1p5P/1r6/4K3 w - - 0 45,b4b3
36,KingJaize,EulerE,1194,1185,8/8/1R2p1p1/p7/k5P1/1p5P/1r6/3K4 b - - 1 45,e1d1
36,KingJaize,EulerE,1194,1185,8/8/1R2p1p1/p7/6P1/kp5P/1r6/3K4 w - - 2 46,a4a3
36,KingJaize,EulerE,1194,1185,8/8/1R2p1p1/p7/6P1/kp5P/1r6/2K5 b - - 3 46,d1c1
36,KingJaize,EulerE,1194,1185,8/8/1R2p1p1/8/p5P1/kp5P/1r6/2K5 w - - 0 47,a5a4
36,KingJaize,EulerE,1194,1185,8/8/4R1p1/8/p5P1/kp5P/1r6/2K5 b - - 0 47,b6e6
36,KingJaize,EulerE,1194,1185,8/8/4R1p1/8/p5P1/kp5P/2r5/2K5 w - - 1 48,b2c2
36,KingJaize,EulerE,1194,1185,8/8/4R1p1/8/p5P1/kp5P/2r5/1K6 b - - 2 48,c1b1
36,KingJaize,EulerE,1194,1185,8/8/4R1p1/8/p5P1/kp5P/1r6/1K6 w - - 3 49,c2b2
36,KingJaize,EulerE,1194,1185,8/8/4R1p1/8/p5P1/kp5P/1r6/2K5 b - - 4 49,b1c1
36,KingJaize,EulerE,1194,1185,8/8/4R1p1/8/p5P1/kp5P/r7/2K5 w - - 5 50,b2a2
36,KingJaize,EulerE,1194,1185,8/8/6p1/8/p5P1/kp2R2P/r7/2K5 b - - 6 50,e6e3
36,KingJaize,EulerE,1194,1185,8/8/6p1/8/p5P1/kp2R2P/2r5/2K5 w - - 7 51,a2c2
36,KingJaize,EulerE,1194,1185,8/8/6p1/8/p5P1/kp2R2P/2r5/1K6 b - - 8 51,c1b1
36,KingJaize,EulerE,1194,1185,8/8/6p1/8/p5P1/kp2R2P/1r6/1K6 w - - 9 52,c2b2
36,KingJaize,EulerE,1194,1185,8/8/6p1/8/p5P1/kp2R2P/1r6/2K5 b - - 10 52,b1c1
36,KingJaize,EulerE,1194,1185,8/8/6p1/8/p5P1/1p2R2P/kr6/2K5 w - - 11 53,a3a2
36,KingJaize,EulerE,1194,1185,8/8/6p1/8/p5P1/1pR4P/kr6/2K5 b - - 12 53,e3c3
36,KingJaize,EulerE,1194,1185,8/8/6p1/8/p5P1/1pR4P/k7/1rK5 w - - 13 54,b2b1
36,KingJaize,EulerE,1194,1185,8/8/6p1/8/p5P1/1pR4P/k2K4/1r6 b - - 14 54,c1d2
36,KingJaize,EulerE,1194,1185,8/8/6p1/8/p5P1/2R4P/kp1K4/1r6 w - - 0 55,b3b2
36,KingJaize,EulerE,1194,1185,8/8/6p1/8/p5P1/7P/kpRK4/1r6 b - - 1 55,c3c2
36,KingJaize,EulerE,1194,1185,8/8/6p1/8/p5P1/7P/1pRK4/kr6 w - - 2 56,a2a1
36,KingJaize,EulerE,1194,1185,8/8/6p1/8/p5P1/2K4P/1pR5/kr6 b - - 3 56,d2c3
36,KingJaize,EulerE,1194,1185,8/8/6p1/8/6P1/p1K4P/1pR5/kr6 w - - 0 57,a4a3
36,KingJaize,EulerE,1194,1185,8/8/6p1/8/6P1/pK5P/1pR5/kr6 b - - 1 57,c3b3
36,KingJaize,EulerE,1194,1185,8/8/6p1/8/6P1/pK5P/1pR5/k2r4 w - - 2 58,b1d1
36,KingJaize,EulerE,1194,1185,8/8/6p1/8/6P1/p1K4P/1pR5/k2r4 b - - 3 58,b3c3
37,EulerE,gnaqui,1193,1189,rnbqkbnr/pppppppp/8/8/3P4/8/PPP1PPPP/RNBQKBNR b KQkq - 0 1,d2d4
37,EulerE,gnaqui,1193,1189,rnbqkbnr/ppp1pppp/8/3p4/3P4/8/PPP1PPPP/RNBQKBNR w KQkq - 0 2,d7d5
37,EulerE,gnaqui,1193,1189,rnbqkbnr/ppp1pppp/8/3p4/2PP4/8/PP2PPPP/RNBQKBNR b KQkq - 0 2,c2c4
37,EulerE,gnaqui,1193,1189,rnbqkbnr/ppp1pppp/8/8/2pP4/8/PP2PPPP/RNBQKBNR w KQkq - 0 3,d5c4
37,EulerE,gnaqui,1193,1189,rnbqkbnr/ppp1pppp/8/8/2pPP3/8/PP3PPP/RNBQKBNR b KQkq - 0 3,e2e4
37,EulerE,gnaqui,1193,1189,rnbqkb1r/ppp1pppp/5n2/8/2pPP3/8/PP3PPP/RNBQKBNR w KQkq - 1 4,g8f6
37,EulerE,gnaqui,1193,1189,rnbqkb1r/ppp1pppp/5n2/8/2pPP3/2N5/PP3PPP/R1BQKBNR b KQkq - 2 4,b1c3
37,EulerE,gnaqui,1193,1189,r1bqkb1r/ppp1pppp/2n2n2/8/2pPP3/2N5/PP3PPP/R1BQKBNR w KQkq - 3 5,b8c6
37,EulerE,gnaqui,1193,1189,r1bqkb1r/ppp1pppp/2n2n2/8/2pPP3/2N2N2/PP3PPP/R1BQKB1R b KQkq - 4 5,g1f3
37,EulerE,gnaqui,1193,1189,r2qkb1r/ppp1pppp/2n2n2/8/2pPP1b1/2N2N2/PP3PPP/R1BQKB1R w KQkq - 5 6,c8g4
37,EulerE,gnaqui,1193,1189,r2qkb1r/ppp1pppp/2n2n2/3P4/2p1P1b1/2N2N2/PP3PPP/R1BQKB1R b KQkq - 0 6,d4d5
37,EulerE,gnaqui,1193,1189,r2qkb1r/ppp1pppp/5n2/3P4/2pnP1b1/2N2N2/PP3PPP/R1BQKB1R w KQkq - 1 7,c6d4
37,EulerE,gnaqui,1193,1189,r2qkb1r/ppp1pppp/5n2/3P4/2pQP1b1/2N2N2/PP3PPP/R1B1KB1R b KQkq - 0 7,d1d4
37,EulerE,gnaqui,1193,1189,r2qkb1r/ppp2ppp/4pn2/3P4/2pQP1b1/2N2N2/PP3PPP/R1B1KB1R w KQkq - 0 8,e7e6
37,EulerE,gnaqui,1193,1189,r2qkb1r/ppp2ppp/4pn2/3P4/2BQP1b1/2N2N2/PP3PPP/R1B1K2R b KQkq - 0 8,f1c4
37,EulerE,gnaqui,1193,1189,r2qkb1r/ppp2ppp/4pn2/3P4/2BQP3/2N2b2/PP3PPP/R1B1K2R w KQkq - 0 9,g4f3
37,EulerE,gnaqui,1193,1189,r2qkb1r/ppp2ppp/4pn2/3P4/2BQP3/2N2P2/PP3P1P/R1B1K2R b KQkq - 0 9,g2f3
37,EulerE,gnaqui,1193,1189,r2qkb1r/ppp2ppp/5n2/3p4/2BQP3/2N2P2/PP3P1P/R1B1K2R w KQkq - 0 10,e6d5
37,EulerE,gnaqui,1193,1189,r2qkb1r/ppp2ppp/5n2/3B4/3QP3/2N2P2/PP3P1P/R1B1K2R b KQkq - 0 10,c4d5
37,EulerE,gnaqui,1193,1189,r2qkb1r/ppp2ppp/8/3n4/3QP3/2N2P2/PP3P1P/R1B1K2R w KQkq - 0 11,f6d5
37,EulerE,gnaqui,1193,1189,r2qkb1r/ppp2ppp/8/3N4/3QP3/5P2/PP3P1P/R1B1K2R b KQkq - 0 11,c3d5
37,EulerE,gnaqui,1193,1189,r2qkb1r/pp3ppp/2p5/3N4/3QP3/5P2/PP3P1P/R1B1K2R w KQkq - 0 12,c7c6
37,EulerE,gnaqui,1193,1189,r2qkb1r/pp3ppp/2p5/3NQ3/4P3/5P2/PP3P1P/R1B1K2R b KQkq - 1 12,d4e5
37,EulerE,gnaqui,1193,1189,r3kb1r/pp2qppp/2p5/3NQ3/4P3/5P2/PP3P1P/R1B1K2R w KQkq - 2 13,d8e7
37,EulerE,gnaqui,1193,1189,r3kb1r/pp2Nppp/2p5/4Q3/4P3/5P2/PP3P1P/R1B1K2R b KQkq - 0 13,d5e7
37,EulerE,gnaqui,1193,1189,r3k2r/pp2bppp/2p5/4Q3/4P3/5P2/PP3P1P/R1B1K2R w KQkq - 0 14,f8e7
37,EulerE,gnaqui,1193,1189,r3k2r/pp2bppp/2p5/4Q1B1/4P3/5P2/PP3P1P/R3K2R b KQkq - 1 14,c1g5
37,EulerE,gnaqui,1193,1189,r3k2r/pp2b1pp/2p2p2/4Q1B1/4P3/5P2/PP3P1P/R3K2R w KQkq - 0 15,f7f6
37,EulerE,gnaqui,1193,1189,r3k2r/pp2b1pp/2p2B2/4Q3/4P3/5P2/PP3P1P/R3K2R b KQkq - 0 15,g5f6
37,EulerE,gnaqui,1193,1189,r3k2r/pp2b2p/2p2p2/4Q3/4P3/5P2/PP3P1P/R3K2R w KQkq - 0 16,g7f6
37,EulerE,gnaqui,1193,1189,r3k2r/pp2b2p/2p2p2/7Q/4P3/5P2/PP3P1P/R3K2R b KQkq - 1 16,e5h5
37,EulerE,gnaqui,1193,1189,r6r/pp1kb2p/2p2p2/7Q/4P3/5P2/PP3P1P/R3K2R w KQ - 2 17,e8d7
37,EulerE,gnaqui,1193,1189,r6r/pp1kb2p/2p2p2/7Q/4P3/5P2/PP3P1P/2KR3R b - - 3 17,e1c1
37,EulerE,gnaqui,1193,1189,r6r/ppk1b2p/2p2p2/7Q/4P3/5P2/PP3P1P/2KR3R w - - 4 18,d7c7
37,EulerE,gnaqui,1193,1189,r6r/ppk1bQ1p/2p2p2/8/4P3/5P2/PP3P1P/2KR3R b - - 5 18,h5f7
37,EulerE,gnaqui,1193,1189,4r2r/ppk1bQ1p/2p2p2/8/4P3/5P2/PP3P1P/2KR3R w - - 6 19,a8e8
37,EulerE,gnaqui,1193,1189,4r2r/ppk1bQ1p/2p2p2/8/4P3/5P2/PP1R1P1P/2K4R b - - 7 19,d1d2
37,EulerE,gnaqui,1193,1189,4rr2/ppk1bQ1p/2p2p2/8/4P3/5P2/PP1R1P1P/2K4R w - - 8 20,h8f8
37,EulerE,gnaqui,1193,1189,4rr2/ppk1b2p/2p1Qp2/8/4P3/5P2/PP1R1P1P/2K4R b - - 9 20,f7e6
37,EulerE,gnaqui,1193,1189,4rr2/ppk1b2p/2p1Q3/5p2/4P3/5P2/PP1R1P1P/2K4R w - - 0 21,f6f5
37,EulerE,gnaqui,1193,1189,4rr2/ppkQb2p/2p5/5p2/4P3/5P2/PP1R1P1P/2K4R b - - 1 21,e6d7
37,EulerE,gnaqui,1193,1189,4rr2/pp1Qb2p/1kp5/5p2/4P3/5P2/PP1R1P1P/2K4R w - - 2 22,c7b6
37,EulerE,gnaqui,1193,1189,4rr2/pp2b2p/1kp5/5p2/3QP3/5P2/PP1R1P1P/2K4R b - - 3 22,d7d4
37,EulerE,gnaqui,1193,1189,4rr2/pp2b2p/1k6/2p2p2/3QP3/5P2/PP1R1P1P/2K4R w - - 0 23,c6c5
37,EulerE,gnaqui,1193,1189,4rr2/pp2b2p/1k6/2p2p2/Q3P3/5P2/PP1R1P1P/2K4R b - - 1 23,d4a4
37,EulerE,gnaqui,1193,1189,4rr2/pp5p/1k6/2p2pb1/Q3P3/5P2/PP1R1P1P/2K4R w - - 2 24,e7g5
37,EulerE,gnaqui,1193,1189,4rr2/pp5p/1k6/2p2pb1/4P3/1Q3P2/PP1R1P1P/2K4R b - - 3 24,a4b3
37,EulerE,gnaqui,1193,1189,4rr2/pp5p/2k5/2p2pb1/4P3/1Q3P2/PP1R1P1P/2K4R w - - 4 25,b6c6
37,EulerE,gnaqui,1193,1189,4rr2/pp5p/2k5/2pQ1pb1/4P3/5P2/PP1R1P1P/2K4R b - - 5 25,b3d5
37,EulerE,gnaqui,1193,1189,4rr2/pp5p/1k6/2pQ1pb1/4P3/5P2/PP1R1P1P/2K4R w - - 6 26,c6b6
37,EulerE,gnaqui,1193,1189,4rr2/pp5p/1k1Q4/2p2pb1/4P3/5P2/PP1R1P1P/2K4R b - - 7 26,d5d6
37,EulerE,gnaqui,1193,1189,4rr2/pp5p/3Q4/k1p2pb1/4P3/5P2/PP1R1P1P/2K4R w - - 8 27,b6a5
37,EulerE,gnaqui,1193,1189,4rr2/ppQ4p/8/k1p2pb1/4P3/5P2/PP1R1P1P/2K4R b - - 9 27,d6c7
37,EulerE,gnaqui,1193,1189,4rr2/p1Q4p/1p6/k1p2pb1/4P3/5P2/PP1R1P1P/2K4R w - - 0 28,b7b6
37,EulerE,gnaqui,1193,1189,4rr2/p1Q4p/1p6/k1p2pb1/4P3/5P2/PP1R1P1P/2KR4 b - - 1 28,h1d1
37,EulerE,gnaqui,1193,1189,4rr2/p1Q4p/1p6/k1p2p2/4P3/5P2/PP1b1P1P/2KR4 w - - 0 29,g5d2
37,EulerE,gnaqui,1193,1189,4rr2/p1Q4p/1p6/k1p2p2/4P3/5P2/PP1R1P1P/2K5 b - - 0 29,d1d2
37,EulerE,gnaqui,1193,1189,2r2r2/p1Q4p/1p6/k1p2p2/4P3/5P2/PP1R1P1P/2K5 w - - 1 30,e8c8
37,EulerE,gnaqui,1193,1189,2r2r2/p6p/1p6/k1p1Qp2/4P3/5P2/PP1R1P1P/2K5 b - - 2 30,c7e5
37,EulerE,gnaqui,1193,1189,2r2r2/p6p/1p6/k1p1Q3/4p3/5P2/PP1R1P1P/2K5 w - - 0 31,f5e4
37,EulerE,gnaqui,1193,1189,2r2r2/p6p/1p6/k1p5/4Q3/5P2/PP1R1P1P/2K5 b - - 0 31,e5e4
37,EulerE,gnaqui,1193,1189,4rr2/p6p/1p6/k1p5/4Q3/5P2/PP1R1P1P/2K5 w - - 1 32,c8e8
37,EulerE,gnaqui,1193,1189,4rr2/p6p/1p6/k1p5/8/5P2/PPQR1P1P/2K5 b - - 2 32,e4c2
37,EulerE,gnaqui,1193,1189,5r2/p6p/1p6/k1p5/8/5P2/PPQR1P1P/2K1r3 w - - 3 33,e8e1
37,EulerE,gnaqui,1193,1189,5r2/p6p/1p6/k1p5/8/5P2/PPQ2P1P/2KRr3 b - - 4 33,d2d1
37,EulerE,gnaqui,1193,1189,5r2/p6p/1p6/k1p5/8/5P2/PPQ2P1P/2Kr4 w - - 0 34,e1d1
37,EulerE,gnaqui,1193,1189,5r2/p6p/1p6/k1p5/8/5P2/PP3P1P/2KQ4 b - - 0 34,c2d1
37,EulerE,gnaqui,1193,1189,5r2/p7/1p6/k1p4p/8/5P2/PP3P1P/2KQ4 w - - 0 35,h7h5
37,EulerE,gnaqui,1193,1189,5r2/p7/1p6/k1p4p/8/5P2/PP2QP1P/2K5 b - - 1 35,d1e2
37,EulerE,gnaqui,1193,1189,8/p7/1p6/k1p4p/5r2/5P2/PP2QP1P/2K5 w - - 2 36,f8f4
37,EulerE,gnaqui,1193,1189,8/p7/1p6/k1p4p/5r2/1P3P2/P3QP1P/2K5 b - - 0 36,b2b3
37,EulerE,gnaqui,1193,1189,8/p7/1p6/k1p4p/7r/1P3P2/P3QP1P/2K5 w - - 1 37,f4h4
37,EulerE,gnaqui,1193,1189,8/p7/1p6/k1p4p/P6r/1P3P2/4QP1P/2K5 b - - 0 37,a2a4
37,EulerE,gnaqui,1193,1189,8/p7/1p6/k1p4p/P7/1P3P2/4QP1r/2K5 w - - 0 38,h4h2
37,EulerE,gnaqui,1193,1189,8/p7/1p6/kQp4p/P7/1P3P2/5P1r/2K5 b - - 1 38,e2b5
38,SenorMothra,EulerE,1220,1185,rnbqkbnr/pppppppp/8/8/4P3/8/PPPP1PPP/RNBQKBNR b KQkq - 0 1,e2e4
38,SenorMothra,EulerE,1220,1185,rnbqkbnr/pppp1ppp/8/4p3/4P3/8/PPPP1PPP/RNBQKBNR w KQkq - 0 2,e7e5
38,SenorMothra,EulerE,1220,1185,rnbqkbnr/pppp1ppp/8/4p3/4P3/5N2/PPPP1PPP/RNBQKB1R b KQkq - 1 2,g1f3
38,SenorMothra,EulerE,1220,1185,r1bqkbnr/pppp1ppp/2n5/4p3/4P3/5N2/PPPP1PPP/RNBQKB1R w KQkq - 2 3,b8c6
38,SenorMothra,EulerE,1220,1185,r1bqkbnr/pppp1ppp/2n5/4p3/2B1P3/5N2/PPPP1PPP/RNBQK2R b KQkq - 3 3,f1c4
38,SenorMothra,EulerE,1220,1185,r1bqk1nr/pppp1ppp/2n5/2b1p3/2B1P3/5N2/PPPP1PPP/RNBQK2R w KQkq - 4 4,f8c5
38,SenorMothra,EulerE,1220,1185,r1bqk1nr/pppp1ppp/2n5/2b1p3/2B1P3/3P1N2/PPP2PPP/RNBQK2R b KQkq - 0 4,d2d3
38,SenorMothra,EulerE,1220,1185,r1bqk2r/pppp1ppp/2n2n2/2b1p3/2B1P3/3P1N2/PPP2PPP/RNBQK2R w KQkq - 1 5,g8f6
38,SenorMothra,EulerE,1220,1185,r1bqk2r/pppp1ppp/2n2n2/2b1p1N1/2B1P3/3P4/PPP2PPP/RNBQK2R b KQkq - 2 5,f3g5
38,SenorMothra,EulerE,1220,1185,r1bq1rk1/pppp1ppp/2n2n2/2b1p1N1/2B1P3/3P4/PPP2PPP/RNBQK2R w KQ - 3 6,e8g8
38,SenorMothra,EulerE,1220,1185,r1bq1rk1/pppp1ppp/2n2n2/2b1p1N1/2B1P3/2PP4/PP3PPP/RNBQK2R b KQ - 0 6,c2c3
38,SenorMothra,EulerE,1220,1185,r1bq1rk1/pppp1pp1/2n2n1p/2b1p1N1/2B1P3/2PP4/PP3PPP/RNBQK2R w KQ - 0 7,h7h6
38,SenorMothra,EulerE,1220,1185,r1bq1rk1/pppp1pp1/2n2n1p/2b1p1N1/2B1P2P/2PP4/PP3PP1/RNBQK2R b KQ - 0 7,h2h4
38,SenorMothra,EulerE,1220,1185,r1bq1rk1/pppp1pp1/2n4p/2b1p1N1/2B1P1nP/2PP4/PP3PP1/RNBQK2R w KQ - 1 8,f6g4
38,SenorMothra,EulerE,1220,1185,r1bq1rk1/pppp1pp1/2n4p/2b1p1N1/2B1P1QP/2PP4/PP3PP1/RNB1K2R b KQ - 0 8,d1g4
38,SenorMothra,EulerE,1220,1185,r1bq1rk1/ppp2pp1/2n4p/2bpp1N1/2B1P1QP/2PP4/PP3PP1/RNB1K2R w KQ - 0 9,d7d5
38,SenorMothra,EulerE,1220,1185,r1bq1rk1/ppp2pp1/2n4p/2bpp1N1/2B1P2P/2PP1Q2/PP3PP1/RNB1K2R b KQ - 1 9,g4f3
38,SenorMothra,EulerE,1220,1185,r1bq1rk1/ppp2pp1/2n4p/2b1p1N1/2p1P2P/2PP1Q2/PP3PP1/RNB1K2R w KQ - 0 10,d5c4
38,SenorMothra,EulerE,1220,1185,r1bq1rk1/ppp2pp1/2n4p/2b1p1N1/2P1P2P/2P2Q2/PP3PP1/RNB1K2R b KQ - 0 10,d3c4
38,SenorMothra,EulerE,1220,1185,r1bq1rk1/ppp3p1/2n4p/2b1ppN1/2P1P2P/2P2Q2/PP3PP1/RNB1K2R w KQ - 0 11,f7f5
38,SenorMothra,EulerE,1220,1185,r1bq1rk1/ppp3p1/2n4p/2b1ppN1/1PP1P2P/2P2Q2/P4PP1/RNB1K2R b KQ - 0 11,b2b4
38,SenorMothra,EulerE,1220,1185,r1bq1rk1/ppp3p1/2n4p/2b1p1N1/1PP1p2P/2P2Q2/P4PP1/RNB1K2R w KQ - 0 12,f5e4
38,SenorMothra,EulerE,1220,1185,r1bq1rk1/ppp3p1/2n4p/2b1p1N1/1PP1Q2P/2P5/P4PP1/RNB1K2R b KQ - 0 12,f3e4
38,SenorMothra,EulerE,1220,1185,r1bq1rk1/ppp3p1/2n4p/4p1N1/1PP1Q2P/2P5/P4bP1/RNB1K2R w KQ - 0 13,c5f2
38,SenorMothra,EulerE,1220,1185,r1bq1rk1/ppp3p1/2n4p/4p1N1/1PP1Q2P/2P5/P3KbP1/RNB4R b - - 1 13,e1e2
38,SenorMothra,EulerE,1220,1185,r2q1rk1/ppp3p1/2n4p/4pbN1/1PP1Q2P/2P5/P3KbP1/RNB4R w - - 2 14,c8f5
38,SenorMothra,EulerE,1220,1185,r2q1rk1/ppp3p1/2n4p/3QpbN1/1PP4P/2P5/P3KbP1/RNB4R b - - 3 14,e4d5
38,SenorMothra,EulerE,1220,1185,r2q1r1k/ppp3p1/2n4p/3QpbN1/1PP4P/2P5/P3KbP1/RNB4R w - - 4 15,g8h8
38,SenorMothra,EulerE,1220,1185,r2q1r1k/ppp2Np1/2n4p/3Qpb2/1PP4P/2P5/P3KbP1/RNB4R b - - 5 15,g5f7
38,SenorMothra,EulerE,1220,1185,r2q3k/ppp2rp1/2n4p/3Qpb2/1PP4P/2P5/P3KbP1/RNB4R w - - 0 16,f8f7
38,SenorMothra,EulerE,1220,1185,r2q3k/ppp2Qp1/2n4p/4pb2/1PP4P/2P5/P3KbP1/RNB4R b - - 0 16,d5f7
38,SenorMothra,EulerE,1220,1185,r6k/ppp2Qp1/2n4p/4pb2/1PP4P/2Pq4/P3KbP1/RNB4R w - - 1 17,d8d3
38,SenorMothra,EulerE,1220,1185,r6k/ppp2Qp1/2n4p/4pb2/1PP4P/2Pq4/P4KP1/RNB4R b - - 0 17,e2f2
38,SenorMothra,EulerE,1220,1185,r6k/ppp2Qp1/2n4p/4pb2/1PP4P/2P5/P1q2KP1/RNB4R w - - 1 18,d3c2
38,SenorMothra,EulerE,1220,1185,r6k/ppp2Qp1/2n4p/4pb2/1PP4P/2P5/P1qN1KP1/R1B4R b - - 2 18,b1d2
38,SenorMothra,EulerE,1220,1185,r6k/ppp2Qp1/2n4p/4pb2/1PP4P/2q5/P2N1KP1/R1B4R w - - 0 19,c2c3
38,SenorMothra,EulerE,1220,1185,r6k/ppp3p1/2n4p/4pQ2/1PP4P/2q5/P2N1KP1/R1B4R b - - 0 19,f7f5
38,SenorMothra,EulerE,1220,1185,r6k/ppp3p1/2n4p/4pQ2/1PPq3P/8/P2N1KP1/R1B4R w - - 1 20,c3d4
38,SenorMothra,EulerE,1220,1185,r6k/ppp3p1/2n4p/4pQ2/1PPq3P/8/P2NK1P1/R1B4R b - - 2 20,f2e2
38,SenorMothra,EulerE,1220,1185,r6k/ppp3p1/2n4p/5Q2/1PPqp2P/8/P2NK1P1/R1B4R w - - 0 21,e5e4
38,SenorMothra,EulerE,1220,1185,r6k/ppp3p1/2n4p/8/1PPqQ2P/8/P2NK1P1/R1B4R b - - 0 21,f5e4
38,SenorMothra,EulerE,1220,1185,r6k/ppp3p1/2n4p/8/1PP1q2P/8/P2NK1P1/R1B4R w - - 0 22,d4e4
38,SenorMothra,EulerE,1220,1185,r6k/ppp3p1/2n4p/8/1PP1N2P/8/P3K1P1/R1B4R b - - 0 22,d2e4
38,SenorMothra,EulerE,1220,1185,4r2k/ppp3p1/2n4p/8/1PP1N2P/8/P3K1P1/R1B4R w - - 1 23,a8e8
38,SenorMothra,EulerE,1220,1185,4r2k/ppp3p1/2n4p/8/1PP1N2P/4K3/P5P1/R1B4R b - - 2 23,e2e3
38,SenorMothra,EulerE,1220,1185,4r2k/ppp3p1/7p/8/1nP1N2P/4K3/P5P1/R1B4R w - - 0 24,c6b4
38,SenorMothra,EulerE,1220,1185,4r2k/ppp3p1/7p/8/1nP1N2P/B3K3/P5P1/R6R b - - 1 24,c1a3
38,SenorMothra,EulerE,1220,1185,4r2k/ppp3p1/7p/8/2P1N2P/B3K3/P1n3P1/R6R w - - 2 25,b4c2
38,SenorMothra,EulerE,1220,1185,4r2k/ppp3p1/7p/8/2P1NK1P/B7/P1n3P1/R6R b - - 3 25,e3f4
38,SenorMothra,EulerE,1220,1185,4r2k/ppp3p1/7p/8/2P1NK1P/n7/P5P1/R6R w - - 0 26,c2a3
38,SenorMothra,EulerE,1220,1185,4r2k/ppp3p1/7p/8/2P1NK1P/n7/P5P1/2R4R b - - 1 26,a1c1
38,SenorMothra,EulerE,1220,1185,4r2k/p1p3p1/1p5p/8/2P1NK1P/n7/P5P1/2R4R w - - 0 27,b7b6
38,SenorMothra,EulerE,1220,1185,4r2k/p1p3p1/1p5p/8/2P1NK1P/n7/P5P1/2R1R3 b - - 1 27,h1e1
38,SenorMothra,EulerE,1220,1185,4r3/p1p3pk/1p5p/8/2P1NK1P/n7/P5P1/2R1R3 w - - 2 28,h8h7
38,SenorMothra,EulerE,1220,1185,4r3/p1p3pk/1p5p/8/2P1NK1P/n3R3/P5P1/2R5 b - - 3 28,e1e3
38,SenorMothra,EulerE,1220,1185,4r3/p1p3pk/1p6/7p/2P1NK1P/n3R3/P5P1/2R5 w - - 0 29,h6h5
38,SenorMothra,EulerE,1220,1185,4r3/p1p3pk/1p6/7p/2P1NK1P/R7/P5P1/2R5 b - - 0 29,e3a3
38,SenorMothra,EulerE,1220,1185,4r3/p1p3p1/1p5k/7p/2P1NK1P/R7/P5P1/2R5 w - - 1 30,h7h6
38,SenorMothra,EulerE,1220,1185,4r3/p1p3p1/1p5k/7p/2P1NK1P/R7/P5P1/4R3 b - - 2 30,c1e1
38,SenorMothra,EulerE,1220,1185,8/p1p3p1/1p5k/7p/2P1rK1P/R7/P5P1/4R3 w - - 0 31,e8e4
38,SenorMothra,EulerE,1220,1185,8/p1p3p1/1p5k/7p/2P1K2P/R7/P5P1/4R3 b - - 0 31,f4e4
38,SenorMothra,EulerE,1220,1185,8/p1p5/1p5k/6pp/2P1K2P/R7/P5P1/4R3 w - - 0 32,g7g5
38,SenorMothra,EulerE,1220,1185,8/R1p5/1p5k/6pp/2P1K2P/8/P5P1/4R3 b - - 0 32,a3a7
38,SenorMothra,EulerE,1220,1185,8/R1p5/1p5k/7p/2P1K2p/8/P5P1/4R3 w - - 0 33,g5h4
38,SenorMothra,EulerE,1220,1185,8/2R5/1p5k/7p/2P1K2p/8/P5P1/4R3 b - - 0 33,a7c7
38,SenorMothra,EulerE,1220,1185,8/2R5/1p5k/7p/2P1K3/7p/P5P1/4R3 w - - 0 34,h4h3
38,SenorMothra,EulerE,1220,1185,8/2R5/1p5k/7p/2P1K3/7P/P7/4R3 b - - 0 34,g2h3
38,SenorMothra,EulerE,1220,1185,8/2R5/1p5k/8/2P1K2p/7P/P7/4R3 w - - 0 35,h5h4
38,SenorMothra,EulerE,1220,1185,2R5/8/1p5k/8/2P1K2p/7P/P7/4R3 b - - 1 35,c7c8
38,SenorMothra,EulerE,1220,1185,2R5/8/1p6/7k/2P1K2p/7P/P7/4R3 w - - 2 36,h6h5
38,SenorMothra,EulerE,1220,1185,2R5/8/1p6/7k/2P1K2p/7P/P7/6R1 b - - 3 36,e1g1
38,SenorMothra,EulerE,1220,1185,2R5/8/1p5k/8/2P1K2p/7P/P7/6R1 w - - 4 37,h5h6
38,SenorMothra,EulerE,1220,1185,7R/8/1p5k/8/2P1K2p/7P/P7/6R1 b - - 5 37,c8h8
39,EulerE,sukria,1177,1194,rnbqkbnr/pppppppp/8/8/3P4/8/PPP1PPPP/RNBQKBNR b KQkq - 0 1,d2d4
39,EulerE,sukria,1177,1194,rnbqkbnr/ppp1pppp/8/3p4/3P4/8/PPP1PPPP/RNBQKBNR w KQkq - 0 2,d7d5
39,EulerE,sukria,1177,1194,rnbqkbnr/ppp1pppp/8/3p4/2PP4/8/PP2PPPP/RNBQKBNR b KQkq - 0 2,c2c4
39,EulerE,sukria,1177,1194,rnbqkbnr/ppp1pppp/8/8/2pP4/8/PP2PPPP/RNBQKBNR w KQkq - 0 3,d5c4
39,EulerE,sukria,1177,1194,rnbqkbnr/ppp1pppp/8/8/2pPP3/8/PP3PPP/RNBQKBNR b KQkq - 0 3,e2e4
39,EulerE,sukria,1177,1194,rn1qkbnr/ppp1pppp/4b3/8/2pPP3/8/PP3PPP/RNBQKBNR w KQkq - 1 4,c8e6
39,EulerE,sukria,1177,1194,rn1qkbnr/ppp1pppp/4b3/3P4/2p1P3/8/PP3PPP/RNBQKBNR b KQkq - 0 4,d4d5
39,EulerE,sukria,1177,1194,rn1qkbnr/pppbpppp/8/3P4/2p1P3/8/PP3PPP/RNBQKBNR w KQkq - 1 5,e6d7
39,EulerE,sukria,1177,1194,rn1qkbnr/pppbpppp/8/3P4/2B1P3/8/PP3PPP/RNBQK1NR b KQkq - 0 5,f1c4
39,EulerE,sukria,1177,1194,rn1qkb1r/pppbpppp/5n2/3P4/2B1P3/8/PP3PPP/RNBQK1NR w KQkq - 1 6,g8f6
39,EulerE,sukria,1177,1194,rn1qkb1r/pppbpppp/5n2/3P4/2B1P3/2N5/PP3PPP/R1BQK1NR b KQkq - 2 6,b1c3
39,EulerE,sukria,1177,1194,rn1qkb1r/1ppbpppp/p4n2/3P4/2B1P3/2N5/PP3PPP/R1BQK1NR w KQkq - 0 7,a7a6
39,EulerE,sukria,1177,1194,rn1qkb1r/1ppbpppp/p4n2/3P2B1/2B1P3/2N5/PP3PPP/R2QK1NR b KQkq - 1 7,c1g5
39,EulerE,sukria,1177,1194,rn1qkb1r/1ppbppp1/p4n1p/3P2B1/2B1P3/2N5/PP3PPP/R2QK1NR w KQkq - 0 8,h7h6
39,EulerE,sukria,1177,1194,rn1qkb1r/1ppbppp1/p4B1p/3P4/2B1P3/2N5/PP3PPP/R2QK1NR b KQkq - 0 8,g5f6
39,EulerE,sukria,1177,1194,rn1qkb1r/1ppb1pp1/p4p1p/3P4/2B1P3/2N5/PP3PPP/R2QK1NR w KQkq - 0 9,e7f6
39,EulerE,sukria,1177,1194,rn1qkb1r/1ppb1pp1/p4p1p/3P4/2B1P3/2N2N2/PP3PPP/R2QK2R b KQkq - 1 9,g1f3
39,EulerE,sukria,1177,1194,rn2kb1r/1ppbqpp1/p4p1p/3P4/2B1P3/2N2N2/PP3PPP/R2QK2R w KQkq - 2 10,d8e7
39,EulerE,sukria,1177,1194,rn2kb1r/1ppbqpp1/p4p1p/3P4/2B1P3/2N2N2/PP3PPP/R2Q1RK1 b kq - 3 10,e1g1
39,EulerE,sukria,1177,1194,rn2kb1r/1pp1qpp1/p4p1p/3P4/2B1P1b1/2N2N2/PP3PPP/R2Q1RK1 w kq - 4 11,d7g4
39,EulerE,sukria,1177,1194,rn2kb1r/1pp1qpp1/p4p1p/3P4/2B1P1b1/2N2N1P/PP3PP1/R2Q1RK1 b kq - 0 11,h2h3
39,EulerE,sukria,1177,1194,rn2kb1r/1pp1qpp1/p4p1p/3P4/2B1P3/2N2b1P/PP3PP1/R2Q1RK1 w kq - 0 12,g4f3
39,EulerE,sukria,1177,1194,rn2kb1r/1pp1qpp1/p4p1p/3P4/2B1P3/2N2Q1P/PP3PP1/R4RK1 b kq - 0 12,d1f3
39,EulerE,sukria,1177,1194,rn2kb1r/1pp2pp1/p4p1p/3P4/1qB1P3/2N2Q1P/PP3PP1/R4RK1 w kq - 1 13,e7b4
39,EulerE,sukria,1177,1194,rn2kb1r/1pp2pp1/p4p1p/3P4/1qB1P3/2N4P/PP2QPP1/R4RK1 b kq - 2 13,f3e2
39,EulerE,sukria,1177,1194,rn2k2r/1pp2pp1/p2b1p1p/3P4/1qB1P3/2N4P/PP2QPP1/R4RK1 w kq - 3 14,f8d6
39,EulerE,sukria,1177,1194,rn2k2r/1pp2pp1/p2b1p1p/3P4/1q2P3/1BN4P/PP2QPP1/R4RK1 b kq - 4 14,c4b3
39,EulerE,sukria,1177,1194,rn3rk1/1pp2pp1/p2b1p1p/3P4/1q2P3/1BN4P/PP2QPP1/R4RK1 w - - 5 15,e8g8
39,EulerE,sukria,1177,1194,rn3rk1/1pp2pp1/p2b1p1p/3P4/1q2P3/1BN4P/PP2QPP1/R4R1K b - - 6 15,g1h1
39,EulerE,sukria,1177,1194,rn3rk1/1pp2pp1/p4p1p/3Pb3/1q2P3/1BN4P/PP2QPP1/R4R1K w - - 7 16,d6e5
39,EulerE,sukria,1177,1194,rn3rk1/1pp2pp1/p4p1p/3Pb3/1q2P3/1BN4P/PP2QPP1/2R2R1K b - - 8 16,a1c1
39,EulerE,sukria,1177,1194,rn3rk1/1p3pp1/p1p2p1p/3Pb3/1q2P3/1BN4P/PP2QPP1/2R2R1K w - - 0 17,c7c6
39,EulerE,sukria,1177,1194,rn3rk1/1p3pp1/p1p2p1p/3Pb3/1q2PP2/1BN4P/PP2Q1P1/2R2R1K b - - 0 17,f2f4
39,EulerE,sukria,1177,1194,rn3rk1/1p3pp1/p1p2p1p/3P4/1q2PP2/1Bb4P/PP2Q1P1/2R2R1K w - - 0 18,e5c3
39,EulerE,sukria,1177,1194,rn3rk1/1p3pp1/p1p2p1p/3P4/1q2PP2/1BR4P/PP2Q1P1/5R1K b - - 0 18,c1c3
39,EulerE,sukria,1177,1194,rn3rk1/1p3pp1/p4p1p/3p4/1q2PP2/1BR4P/PP2Q1P1/5R1K w - - 0 19,c6d5
39,EulerE,sukria,1177,1194,rn3rk1/1p3pp1/p4p1p/3p4/1q2PP2/PBR4P/1P2Q1P1/5R1K b - - 0 19,a2a3
39,EulerE,sukria,1177,1194,rn3rk1/1p3pp1/p2q1p1p/3p4/4PP2/PBR4P/1P2Q1P1/5R1K w - - 1 20,b4d6
39,EulerE,sukria,1177,1194,rn3rk1/1p3pp1/p2q1p1p/3B4/4PP2/P1R4P/1P2Q1P1/5R1K b - - 0 20,b3d5
39,EulerE,sukria,1177,1194,r4rk1/1p1n1pp1/p2q1p1p/3B4/4PP2/P1R4P/1P2Q1P1/5R1K w - - 1 21,b8d7
39,EulerE,sukria,1177,1194,r4rk1/1p1n1pp1/p2q1p1p/3B4/4PP2/P1R4P/1P2Q1P1/3R3K b - - 2 21,f1d1
39,EulerE,sukria,1177,1194,r4rk1/1p1n1pp1/p4p1p/3B4/4Pq2/P1R4P/1P2Q1P1/3R3K w - - 0 22,d6f4
39,EulerE,sukria,1177,1194,r4rk1/1p1n1pp1/p4p1p/3B4/4Pq2/P4R1P/1P2Q1P1/3R3K b - - 1 22,c3f3
39,EulerE,sukria,1177,1194,r4rk1/1p1n1pp1/p4p1p/3Bq3/4P3/P4R1P/1P2Q1P1/3R3K w - - 2 23,f4e5
39,EulerE,sukria,1177,1194,r4rk1/1p1n1pp1/p4p1p/3BqR2/4P3/P6P/1P2Q1P1/3R3K b - - 3 23,f3f5
39,EulerE,sukria,1177,1194,r4rk1/1p1nqpp1/p4p1p/3B1R2/4P3/P6P/1P2Q1P1/3R3K w - - 4 24,e5e7
39,EulerE,sukria,1177,1194,r4rk1/1B1nqpp1/p4p1p/5R2/4P3/P6P/1P2Q1P1/3R3K b - - 0 24,d5b7
39,EulerE,sukria,1177,1194,5rk1/rB1nqpp1/p4p1p/5R2/4P3/P6P/1P2Q1P1/3R3K w - - 1 25,a8a7
39,EulerE,sukria,1177,1194,5rk1/r2nqpp1/B4p1p/5R2/4P3/P6P/1P2Q1P1/3R3K b - - 0 25,b7a6
39,EulerE,sukria,1177,1194,5rk1/r3qpp1/B4p1p/2n2R2/4P3/P6P/1P2Q1P1/3R3K w - - 1 26,d7c5
39,EulerE,sukria,1177,1194,5rk1/r3qpp1/5p1p/2n2R2/2B1P3/P6P/1P2Q1P1/3R3K b - - 2 26,a6c4
39,EulerE,sukria,1177,1194,5rk1/r3qpp1/5p1p/5R2/2B1n3/P6P/1P2Q1P1/3R3K w - - 0 27,c5e4
39,EulerE,sukria,1177,1194,5rk1/r3qpp1/5p1p/5R2/4n3/P2B3P/1P2Q1P1/3R3K b - - 1 27,c4d3
39,EulerE,sukria,1177,1194,5rk1/r3qpp1/5p1p/5R2/8/P2B2nP/1P2Q1P1/3R3K w - - 2 28,e4g3
40,EulerE,gmc_kurt,1184,1134,rnbqkbnr/pppppppp/8/8/3P4/8/PPP1PPPP/RNBQKBNR b KQkq - 0 1,d2d4
40,EulerE,gmc_kurt,1184,1134,rnbqkbnr/1ppppppp/8/p7/3P4/8/PPP1PPPP/RNBQKBNR w KQkq - 0 2,a7a5
40,EulerE,gmc_kurt,1184,1134,rnbqkbnr/1ppppppp/8/p7/2PP4/8/PP2PPPP/RNBQKBNR b KQkq - 0 2,c2c4
40,EulerE,gmc_kurt,1184,1134,rnbqkbnr/1pppppp1/8/p6p/2PP4/8/PP2PPPP/RNBQKBNR w KQkq - 0 3,h7h5
40,EulerE,gmc_kurt,1184,1134,rnbqkbnr/1pppppp1/8/p6p/2PP4/2N5/PP2PPPP/R1BQKBNR b KQkq - 1 3,b1c3
40,EulerE,gmc_kurt,1184,1134,rnbqkbnr/1pppp1p1/5p2/p6p/2PP4/2N5/PP2PPPP/R1BQKBNR w KQkq - 0 4,f7f6
40,EulerE,gmc_kurt,1184,1134,rnbqkbnr/1pppp1p1/5p2/p6p/2PPP3/2N5/PP3PPP/R1BQKBNR b KQkq - 0 4,e2e4
40,EulerE,gmc_kurt,1184,1134,rnbqkbnr/1p1pp1p1/2p2p2/p6p/2PPP3/2N5/PP3PPP/R1BQKBNR w KQkq - 0 5,c7c6
40,EulerE,gmc_kurt,1184,1134,rnbqkbnr/1p1pp1p1/2p2p2/p6p/2PPP3/2NB4/PP3PPP/R1BQK1NR b KQkq - 1 5,f1d3
40,EulerE,gmc_kurt,1184,1134,rnbqkbnr/1p1pp3/2p2p2/p5pp/2PPP3/2NB4/PP3PPP/R1BQK1NR w KQkq - 0 6,g7g5
40,EulerE,gmc_kurt,1184,1134,rnbqkbnr/1p1pp3/2p2p2/p5pp/2PPP3/2NB1N2/PP3PPP/R1BQK2R b KQkq - 1 6,g1f3
40,EulerE,gmc_kurt,1184,1134,rnbqkbnr/1p2p3/2pp1p2/p5pp/2PPP3/2NB1N2/PP3PPP/R1BQK2R w KQkq - 0 7,d7d6
40,EulerE,gmc_kurt,1184,1134,rnbqkbnr/1p2p3/2pp1p2/p5pp/2PPP3/2NB1N2/PP3PPP/R1BQ1RK1 b kq - 1 7,e1g1
40,EulerE,gmc_kurt,1184,1134,rnbqkbnr/4p3/1ppp1p2/p5pp/2PPP3/2NB1N2/PP3PPP/R1BQ1RK1 w kq - 0 8,b7b6
40,EulerE,gmc_kurt,1184,1134,rnbqkbnr/4p3/1ppp1p2/p1P3pp/3PP3/2NB1N2/PP3PPP/R1BQ1RK1 b kq - 0 8,c4c5
40,EulerE,gmc_kurt,1184,1134,rnbqkbnr/4p3/2pp1p2/ppP3pp/3PP3/2NB1N2/PP3PPP/R1BQ1RK1 w kq - 0 9,b6b5
40,EulerE,gmc_kurt,1184,1134,rnbqkbnr/4p3/2pp1p2/ppP1P1pp/3P4/2NB1N2/PP3PPP/R1BQ1RK1 b kq - 0 9,e4e5
40,EulerE,gmc_kurt,1184,1134,rnbqkbnr/4p3/2p2p2/ppPpP1pp/3P4/2NB1N2/PP3PPP/R1BQ1RK1 w kq - 0 10,d6d5
40,EulerE,gmc_kurt,1184,1134,rnbqkbnr/4p3/2p2p2/ppPpP1pp/3P4/2NB1N2/PP1B1PPP/R2Q1RK1 b kq - 1 10,c1d2
40,EulerE,gmc_kurt,1184,1134,rnbqkbnr/4p3/2p2p2/1pPpP1pp/p2P4/2NB1N2/PP1B1PPP/R2Q1RK1 w kq - 0 11,a5a4
40,EulerE,gmc_kurt,1184,1134,rnbqkbnr/4p3/2p2p2/1pPpP1pp/pP1P4/2NB1N2/P2B1PPP/R2Q1RK1 b kq b3 0 11,b2b4
40,EulerE,gmc_kurt,1184,1134,rnbqkbnr/4p3/2p2p2/1pPpP1p1/pP1P3p/2NB1N2/P2B1PPP/R2Q1RK1 w kq - 0 12,h5h4
40,EulerE,gmc_kurt,1184,1134,rnbqkbnr/4p3/2p2p2/1pPpP1p1/pP1P3p/2NB1N1P/P2B1PP1/R2Q1RK1 b kq - 0 12,h2h3
40,EulerE,gmc_kurt,1184,1134,rnbqk1nr/4p3/2p2p1b/1pPpP1p1/pP1P3p/2NB1N1P/P2B1PP1/R2Q1RK1 w kq - 1 13,f8h6
40,EulerE,gmc_kurt,1184,1134,rnbqk1nr/4p3/2p2p1b/1pPpP1p1/pP1P2Pp/2NB1N1P/P2B1P2/R2Q1RK1 b kq g3 0 13,g2g4
40,EulerE,gmc_kurt,1184,1134,rnbqk1nr/4p1b1/2p2p2/1pPpP1p1/pP1P2Pp/2NB1N1P/P2B1P2/R2Q1RK1 w kq - 1 14,h6g7
40,EulerE,gmc_kurt,1184,1134,rnbqk1nr/4p1b1/2p2p2/1pPpP1p1/pP1P2Pp/2N2N1P/P2BBP2/R2Q1RK1 b kq - 2 14,d3e2
40,EulerE,gmc_kurt,1184,1134,rnbqk1nr/4p1b1/2p5/1pPpp1p1/pP1P2Pp/2N2N1P/P2BBP2/R2Q1RK1 w kq - 0 15,f6e5
40,EulerE,gmc_kurt,1184,1134,rnbqk1nr/4p1b1/2p5/1pPpN1p1/pP1P2Pp/2N4P/P2BBP2/R2Q1RK1 b kq - 0 15,f3e5
40,EulerE,gmc_kurt,1184,1134,rnbqk1nr/4p3/2p5/1pPpb1p1/pP1P2Pp/2N4P/P2BBP2/R2Q1RK1 w kq - 0 16,g7e5
40,EulerE,gmc_kurt,1184,1134,rnbqk1nr/4p3/2p5/1pPpP1p1/pP4Pp/2N4P/P2BBP2/R2Q1RK1 b kq - 0 16,d4e5
40,EulerE,gmc_kurt,1184,1134,rnbqk1nr/8/2p1p3/1pPpP1p1/pP4Pp/2N4P/P2BBP2/R2Q1RK1 w kq - 0 17,e7e6
40,EulerE,gmc_kurt,1184,1134,rnbqk1nr/8/2p1p3/1pPpP1p1/pP4Pp/2N2B1P/P2B1P2/R2Q1RK1 b kq - 1 17,e2f3
40,EulerE,gmc_kurt,1184,1134,r1bqk1nr/8/n1p1p3/1pPpP1p1/pP4Pp/2N2B1P/P2B1P2/R2Q1RK1 w kq - 2 18,b8a6
40,EulerE,gmc_kurt,1184,1134,r1bqk1nr/8/n1p1p3/1pPpP1p1/pP4Pp/5B1P/P2BNP2/R2Q1RK1 b kq - 3 18,c3e2
40,EulerE,gmc_kurt,1184,1134,r1bqk1nr/8/n1p1p3/1pPpP1p1/1P4Pp/p4B1P/P2BNP2/R2Q1RK1 w kq - 0 19,a4a3
40,EulerE,gmc_kurt,1184,1134,r1bqk1nr/8/n1p1p3/1pPpP1p1/1P1N2Pp/p4B1P/P2B1P2/R2Q1RK1 b kq - 1 19,e2d4
40,EulerE,gmc_kurt,1184,1134,r2qk1nr/3b4/n1p1p3/1pPpP1p1/1P1N2Pp/p4B1P/P2B1P2/R2Q1RK1 w kq - 2 20,c8d7
40,EulerE,gmc_kurt,1184,1134,r2qk1nr/3b4/n1p1p3/1pPpP1p1/1P1N2Pp/p4B1P/P2B1P2/R2QR1K1 b kq - 3 20,f1e1
40,EulerE,gmc_kurt,1184,1134,r2qk2r/3b4/n1p1p2n/1pPpP1p1/1P1N2Pp/p4B1P/P2B1P2/R2QR1K1 w kq - 4 21,g8h6
40,EulerE,gmc_kurt,1184,1134,r2qk2r/3b4/n1p1p2n/1pPpP1p1/1P1N2Pp/p4B1P/P2B1P2/R1Q1R1K1 b kq - 5 21,d1c1
40,EulerE,gmc_kurt,1184,1134,r2qk2r/3b1n2/n1p1p3/1pPpP1p1/1P1N2Pp/p4B1P/P2B1P2/R1Q1R1K1 w kq - 6 22,h6f7
40,EulerE,gmc_kurt,1184,1134,r2qk2r/3b1n2/n1p1p3/1pPpP1p1/1P1N2Pp/Q4B1P/P2B1P2/R3R1K1 b kq - 0 22,c1a3
40,EulerE,gmc_kurt,1184,1134,r2qk2r/2nb1n2/2p1p3/1pPpP1p1/1P1N2Pp/Q4B1P/P2B1P2/R3R1K1 w kq - 1 23,a6c7
40,EulerE,gmc_kurt,1184,1134,r2qk2r/2nb1n2/2p1p3/1pPpP1p1/1P1N2Pp/2Q2B1P/P2B1P2/R3R1K1 b kq - 2 23,a3c3
40,EulerE,gmc_kurt,1184,1134,rq2k2r/2nb1n2/2p1p3/1pPpP1p1/1P1N2Pp/2Q2B1P/P2B1P2/R3R1K1 w kq - 3 24,d8b8
40,EulerE,gmc_kurt,1184,1134,rq2k2r/2nb1n2/2p1p3/1pPpP1p1/1P1N2Pp/P1Q2B1P/3B1P2/R3R1K1 b kq - 0 24,a2a3
40,EulerE,gmc_kurt,1184,1134,1q2k2r/r1nb1n2/2p1p3/1pPpP1p1/1P1N2Pp/P1Q2B1P/3B1P2/R3R1K1 w k - 1 25,a8a7
40,EulerE,gmc_kurt,1184,1134,1q2k2r/r1nb1n2/2p1p3/1pPpP1p1/1P1N2Pp/P1Q2B1P/3B1P2/R3RK2 b k - 2 25,g1f1
40,EulerE,gmc_kurt,1184,1134,q3k2r/r1nb1n2/2p1p3/1pPpP1p1/1P1N2Pp/P1Q2B1P/3B1P2/R3RK2 w k - 3 26,b8a8
40,EulerE,gmc_kurt,1184,1134,q3k2r/r1nb1n2/2p1p3/1pPpP1p1/1P1N2Pp/P1Q2B1P/5P2/R1B1RK2 b k - 4 26,d2c1
40,EulerE,gmc_kurt,1184,1134,q3k1r1/r1nb1n2/2p1p3/1pPpP1p1/1P1N2Pp/P1Q2B1P/5P2/R1B1RK2 w - - 5 27,h8g8
40,EulerE,gmc_kurt,1184,1134,q3k1r1/r1nb1n2/2p1p3/1pPpP1p1/1P1N2Pp/P1Q4P/5P2/R1BBRK2 b - - 6 27,f3d1
40,EulerE,gmc_kurt,1184,1134,q2k2r1/r1nb1n2/2p1p3/1pPpP1p1/1P1N2Pp/P1Q4P/5P2/R1BBRK2 w - - 7 28,e8d8
40,EulerE,gmc_kurt,1184,1134,q2k2r1/r1nb1n2/2p1p3/1pPpP1p1/1P1N2Pp/P1Q1R2P/5P2/R1BB1K2 b - - 8 28,e1e3
40,EulerE,gmc_kurt,1184,1134,q2kb1r1/r1n2n2/2p1p3/1pPpP1p1/1P1N2Pp/P1Q1R2P/5P2/R1BB1K2 w - - 9 29,d7e8
40,EulerE,gmc_kurt,1184,1134,q2kb1r1/r1n2n2/2p1p3/1pPpP1p1/1P1N2Pp/P1Q2R1P/5P2/R1BB1K2 b - - 10 29,e3f3
40,EulerE,gmc_kurt,1184,1134,q2kb1r1/r1n5/2p1p2n/1pPpP1p1/1P1N2Pp/P1Q2R1P/5P2/R1BB1K2 w - - 11 30,f7h6
40,EulerE,gmc_kurt,1184,1134,q2kb1r1/r1n5/2p1pR1n/1pPpP1p1/1P1N2Pp/P1Q4P/5P2/R1BB1K2 b - - 12 30,f3f6
40,EulerE,gmc_kurt,1184,1134,q2kb1r1/r1n2n2/2p1pR2/1pPpP1p1/1P1N2Pp/P1Q4P/5P2/R1BB1K2 w - - 13 31,h6f7
40,EulerE,gmc_kurt,1184,1134,q2kb1r1/r1n2n2/2p1NR2/1pPpP1p1/1P4Pp/P1Q4P/5P2/R1BB1K2 b - - 0 31,d4e6
40,EulerE,gmc_kurt,1184,1134,q2kb1r1/r4n2/2p1nR2/1pPpP1p1/1P4Pp/P1Q4P/5P2/R1BB1K2 w - - 0 32,c7e6
40,EulerE,gmc_kurt,1184,1134,q2kb1r1/r4n2/2p1R3/1pPpP1p1/1P4Pp/P1Q4P/5P2/R1BB1K2 b - - 0 32,f6e6
40,EulerE,gmc_kurt,1184,1134,q2k2r1/r2b1n2/2p1R3/1pPpP1p1/1P4Pp/P1Q4P/5P2/R1BB1K2 w - - 1 33,e8d7
40,EulerE,gmc_kurt,1184,1134,q2k2r1/r2b1n2/2p2R2/1pPpP1p1/1P4Pp/P1Q4P/5P2/R1BB1K2 b - - 2 33,e6f6
40,EulerE,gmc_kurt,1184,1134,q3k1r1/r2b1n2/2p2R2/1pPpP1p1/1P4Pp/P1Q4P/5P2/R1BB1K2 w - - 3 34,d8e8
40,EulerE,gmc_kurt,1184,1134,q3k1r1/r2b1n2/2p1PR2/1pPp2p1/1P4Pp/P1Q4P/5P2/R1BB1K2 b - - 0 34,e5e6
40,EulerE,gmc_kurt,1184,1134,q3k1r1/r4n2/2p1bR2/1pPp2p1/1P4Pp/P1Q4P/5P2/R1BB1K2 w - - 0 35,d7e6
40,EulerE,gmc_kurt,1184,1134,q3k1r1/r4n2/2p1R3/1pPp2p1/1P4Pp/P1Q4P/5P2/R1BB1K2 b - - 0 35,f6e6
40,EulerE,gmc_kurt,1184,1134,q3k1r1/4rn2/2p1R3/1pPp2p1/1P4Pp/P1Q4P/5P2/R1BB1K2 w - - 1 36,a7e7
40,EulerE,gmc_kurt,1184,1134,q3k1r1/4Rn2/2p5/1pPp2p1/1P4Pp/P1Q4P/5P2/R1BB1K2 b - - 0 36,e6e7
40,EulerE,gmc_kurt,1184,1134,q5r1/4kn2/2p5/1pPp2p1/1P4Pp/P1Q4P/5P2/R1BB1K2 w - - 0 37,e8e7
40,EulerE,gmc_kurt,1184,1134,q5r1/4kn2/2p5/1pPp2p1/1P4Pp/P3Q2P/5P2/R1BB1K2 b - - 1 37,c3e3
40,EulerE,gmc_kurt,1184,1134,q5r1/3k1n2/2p5/1pPp2p1/1P4Pp/P3Q2P/5P2/R1BB1K2 w - - 2 38,e7d7
40,EulerE,gmc_kurt,1184,1134,q5r1/3k1n2/2p5/1pPp2p1/1P4Pp/PB2Q2P/5P2/R1B2K2 b - - 3 38,d1b3
40,EulerE,gmc_kurt,1184,1134,4q1r1/3k1n2/2p5/1pPp2p1/1P4Pp/PB2Q2P/5P2/R1B2K2 w - - 4 39,a8e8
40,EulerE,gmc_kurt,1184,1134,4q1r1/3k1n2/2p5/1pPp2p1/1P4Pp/PB1Q3P/5P2/R1B2K2 b - - 5 39,e3d3
40,EulerE,gmc_kurt,1184,1134,6r1/3k1n2/2p5/1pPpq1p1/1P4Pp/PB1Q3P/5P2/R1B2K2 w - - 6 40,e8e5
40,EulerE,gmc_kurt,1184,1134,6r1/3k1n2/2p5/1pPpq1p1/1P4Pp/PB1Q3P/R4P2/2B2K2 b - - 7 40,a1a2
40,EulerE,gmc_kurt,1184,1134,6r1/3k1n2/2p5/1pPp2p1/1P2q1Pp/PB1Q3P/R4P2/2B2K2 w - - 8 41,e5e4
40,EulerE,gmc_kurt,1184,1134,6r1/3k1n2/2p5/1pPp2p1/1P2Q1Pp/PB5P/R4P2/2B2K2 b - - 0 41,d3e4
40,EulerE,gmc_kurt,1184,1134,6r1/3k1n2/2p5/1pP3p1/1P2p1Pp/PB5P/R4P2/2B2K2 w - - 0 42,d5e4
40,EulerE,gmc_kurt,1184,1134,6r1/3k1B2/2p5/1pP3p1/1P2p1Pp/P6P/R4P2/2B2K2 b - - 0 42,b3f7
40,EulerE,gmc_kurt,1184,1134,5r2/3k1B2/2p5/1pP3p1/1P2p1Pp/P6P/R4P2/2B2K2 w - - 1 43,g8f8
40,EulerE,gmc_kurt,1184,1134,5r2/3k4/2p5/1pP3p1/1P2p1Pp/PB5P/R4P2/2B2K2 b - - 2 43,f7b3
40,EulerE,gmc_kurt,1184,1134,8/3k4/2p5/1pP3p1/1P2p1Pp/PB3r1P/R4P2/2B2K2 w - - 3 44,f8f3
40,EulerE,gmc_kurt,1184,1134,8/3k4/2p5/1pP3p1/1P2p1Pp/P4r1P/R4P2/2BB1K2 b - - 4 44,b3d1
40,EulerE,gmc_kurt,1184,1134,8/3k4/2p5/1pP3p1/1P2p1Pp/P6r/R4P2/2BB1K2 w - - 0 45,f3h3
40,EulerE,gmc_kurt,1184,1134,8/3k4/2p5/1pP3B1/1P2p1Pp/P6r/R4P2/3B1K2 b - - 0 45,c1g5
40,EulerE,gmc_kurt,1184,1134,8/3k4/2p5/1pP3B1/1P2p1Pp/P7/R4P2/3B1K1r w - - 1 46,h3h1
40,EulerE,gmc_kurt,1184,1134,8/3k4/2p5/1pP3B1/1P2p1Pp/P7/R3KP2/3B3r b - - 2 46,f1e2
40,EulerE,gmc_kurt,1184,1134,8/3k4/2p5/1pP3B1/1P2p1P1/P6p/R3KP2/3B3r w - - 0 47,h4h3
40,EulerE,gmc_kurt,1184,1134,8/3k4/2p5/1pP5/1P2pBP1/P6p/R3KP2/3B3r b - - 1 47,g5f4
40,EulerE,gmc_kurt,1184,1134,8/3k4/2p5/1pP5/1P2pBP1/P7/R3KP1p/3B3r w - - 0 48,h3h2
40,EulerE,gmc_kurt,1184,1134,8/3k4/2p5/1pP5/1P2p1P1/P7/R3KP1B/3B3r b - - 0 48,f4h2
40,EulerE,gmc_kurt,1184,1134,8/3k4/2p5/1pP5/1P2p1P1/P7/R3KP1r/3B4 w - - 0 49,h1h2
40,EulerE,gmc_kurt,1184,1134,8/3k4/2p5/1pP5/1P2p1P1/P7/R1B1KP1r/8 b - - 1 49,d1c2
40,EulerE,gmc_kurt,1184,1134,8/3k4/2p5/1pP5/1P2p1P1/P7/R1B1KPr1/8 w - - 2 50,h2g2
40,EulerE,gmc_kurt,1184,1134,8/3k4/2p5/1pP5/1P2B1P1/P7/R3KPr1/8 b - - 0 50,c2e4
40,EulerE,gmc_kurt,1184,1134,8/3k4/2p5/1pP5/1P2B1r1/P7/R3KP2/8 w - - 0 51,g2g4
40,EulerE,gmc_kurt,1184,1134,8/3k4/2p5/1pP2B2/1P4r1/P7/R3KP2/8 b - - 1 51,e4f5
40,EulerE,gmc_kurt,1184,1134,8/2k5/2p5/1pP2B2/1P4r1/P7/R3KP2/8 w - - 2 52,d7c7
41,EulerE,ItsTwilight,1185,1213,rnbqkbnr/pppppppp/8/8/3P4/8/PPP1PPPP/RNBQKBNR b KQkq - 0 1,d2d4
41,EulerE,ItsTwilight,1185,1213,rnbqkb1r/pppppppp/5n2/8/3P4/8/PPP1PPPP/RNBQKBNR w KQkq - 1 2,g8f6
41,EulerE,ItsTwilight,1185,1213,rnbqkb1r/pppppppp/5n2/8/2PP4/8/PP2PPPP/RNBQKBNR b KQkq - 0 2,c2c4
41,EulerE,ItsTwilight,1185,1213,rnbqkb1r/pppppp1p/5np1/8/2PP4/8/PP2PPPP/RNBQKBNR w KQkq - 0 3,g7g6
41,EulerE,ItsTwilight,1185,1213,rnbqkb1r/pppppp1p/5np1/8/2PP4/2N5/PP2PPPP/R1BQKBNR b KQkq - 1 3,b1c3
41,EulerE,ItsTwilight,1185,1213,rnbqk2r/ppppppbp/5np1/8/2PP4/2N5/PP2PPPP/R1BQKBNR w KQkq - 2 4,f8g7
41,EulerE,ItsTwilight,1185,1213,rnbqk2r/ppppppbp/5np1/8/2PP4/2N2N2/PP2PPPP/R1BQKB1R b KQkq - 3 4,g1f3
41,EulerE,ItsTwilight,1185,1213,rnbqk2r/pp1pppbp/2p2np1/8/2PP4/2N2N2/PP2PPPP/R1BQKB1R w KQkq - 0 5,c7c6
41,EulerE,ItsTwilight,1185,1213,rnbqk2r/pp1pppbp/2p2np1/8/2PP4/2N2NP1/PP2PP1P/R1BQKB1R b KQkq - 0 5,g2g3
41,EulerE,ItsTwilight,1185,1213,rnbqk2r/pp2ppbp/2pp1np1/8/2PP4/2N2NP1/PP2PP1P/R1BQKB1R w KQkq - 0 6,d7d6
41,EulerE,ItsTwilight,1185,1213,rnbqk2r/pp2ppbp/2pp1np1/8/2PP4/2N2NP1/PP2PPBP/R1BQK2R b KQkq - 1 6,f1g2
41,EulerE,ItsTwilight,1185,1213,rn1qk2r/pp2ppbp/2ppbnp1/8/2PP4/2N2NP1/PP2PPBP/R1BQK2R w KQkq - 2 7,c8e6
41,EulerE,ItsTwilight,1185,1213,rn1qk2r/pp2ppbp/2ppbnp1/3P4/2P5/2N2NP1/PP2PPBP/R1BQK2R b KQkq - 0 7,d4d5
41,EulerE,ItsTwilight,1185,1213,rn1qk2r/pp2ppbp/3pbnp1/3p4/2P5/2N2NP1/PP2PPBP/R1BQK2R w KQkq - 0 8,c6d5
41,EulerE,ItsTwilight,1185,1213,rn1qk2r/pp2ppbp/3pbnp1/3P4/8/2N2NP1/PP2PPBP/R1BQK2R b KQkq - 0 8,c4d5
41,EulerE,ItsTwilight,1185,1213,rn1qk2r/pp1bppbp/3p1np1/3P4/8/2N2NP1/PP2PPBP/R1BQK2R w KQkq - 1 9,e6d7
41,EulerE,ItsTwilight,1185,1213,rn1qk2r/pp1bppbp/3p1np1/3P2B1/8/2N2NP1/PP2PPBP/R2QK2R b KQkq - 2 9,c1g5
41,EulerE,ItsTwilight,1185,1213,rn1qk2r/pp1bppb1/3p1npp/3P2B1/8/2N2NP1/PP2PPBP/R2QK2R w KQkq - 0 10,h7h6
41,EulerE,ItsTwilight,1185,1213,rn1qk2r/pp1bppb1/3p1npp/3P4/8/2N1BNP1/PP2PPBP/R2QK2R b KQkq - 1 10,g5e3
41,EulerE,ItsTwilight,1185,1213,rnq1k2r/pp1bppb1/3p1npp/3P4/8/2N1BNP1/PP2PPBP/R2QK2R w KQkq - 2 11,d8c8
41,EulerE,ItsTwilight,1185,1213,rnq1k2r/pp1bppb1/3p1npp/3P4/8/2N1BNP1/PP2PPBP/R2Q1RK1 b kq - 3 11,e1g1
41,EulerE,ItsTwilight,1185,1213,rnq1k2r/pp2ppb1/3p1npp/3P4/8/2N1BNPb/PP2PPBP/R2Q1RK1 w kq - 4 12,d7h3
41,EulerE,ItsTwilight,1185,1213,rnq1k2r/pp2ppb1/3p1npp/3P4/8/2N1BNPb/PP2PPBP/2RQ1RK1 b kq - 5 12,a1c1
41,EulerE,ItsTwilight,1185,1213,rnq1k2r/pp2ppb1/3p1npp/3P4/8/2N1BNP1/PP2PPbP/2RQ1RK1 w kq - 0 13,h3g2
41,EulerE,ItsTwilight,1185,1213,rnq1k2r/pp2ppb1/3p1npp/3P4/4N3/4BNP1/PP2PPbP/2RQ1RK1 b kq - 1 13,c3e4
41,EulerE,ItsTwilight,1185,1213,rn2k2r/pp1qppb1/3p1npp/3P4/4N3/4BNP1/PP2PPbP/2RQ1RK1 w kq - 2 14,c8d7
41,EulerE,ItsTwilight,1185,1213,rn2k2r/pp1qppb1/3p1Npp/3P4/8/4BNP1/PP2PPbP/2RQ1RK1 b kq - 0 14,e4f6
41,EulerE,ItsTwilight,1185,1213,rn2k2r/pp1qpp2/3p1bpp/3P4/8/4BNP1/PP2PPbP/2RQ1RK1 w kq - 0 15,g7f6
41,EulerE,ItsTwilight,1185,1213,rn2k2r/pp1qpp2/3p1bpp/3P4/8/4BNP1/PP2PPKP/2RQ1R2 b kq - 0 15,g1g2
41,EulerE,ItsTwilight,1185,1213,rn2k2r/pp1qpp2/3p2pp/3P2b1/8/4BNP1/PP2PPKP/2RQ1R2 w kq - 1 16,f6g5
41,EulerE,ItsTwilight,1185,1213,rn2k2r/pp1qpp2/3p2pp/3P2b1/3Q4/4BNP1/PP2PPKP/2R2R2 b kq - 2 16,d1d4
41,EulerE,ItsTwilight,1185,1213,rn2k2r/pp1qpp2/3p1bpp/3P4/3Q4/4BNP1/PP2PPKP/2R2R2 w kq - 3 17,g5f6
41,EulerE,ItsTwilight,1185,1213,rn2k2r/pp1qpp2/3p1bpp/3P4/8/4BNP1/PP1QPPKP/2R2R2 b kq - 4 17,d4d2
41,EulerE,ItsTwilight,1185,1213,rn2k2r/pp1qpp2/3p1b1p/3P2p1/8/4BNP1/PP1QPPKP/2R2R2 w kq - 0 18,g6g5
41,EulerE,ItsTwilight,1185,1213,rn2k2r/pp1qpp2/3p1b1p/3P2p1/3B4/5NP1/PP1QPPKP/2R2R2 b kq - 1 18,e3d4
41,EulerE,ItsTwilight,1185,1213,rn2k2r/pp1qpp2/3p1b1p/3P4/3B2p1/5NP1/PP1QPPKP/2R2R2 w kq - 0 19,g5g4
41,EulerE,ItsTwilight,1185,1213,rn2k2r/pp1qpp2/3p1B1p/3P4/6p1/5NP1/PP1QPPKP/2R2R2 b kq - 0 19,d4f6
41,EulerE,ItsTwilight,1185,1213,rn2k2r/pp1qpp2/3p1B1p/3P4/8/5pP1/PP1QPPKP/2R2R2 w kq - 0 20,g4f3
41,EulerE,ItsTwilight,1185,1213,rn2k2r/pp1qpp2/3p1B1p/3P4/8/5PP1/PP1Q1PKP/2R2R2 b kq - 0 20,e2f3
41,EulerE,ItsTwilight,1185,1213,rn2k2r/pp1q1p2/3p1p1p/3P4/8/5PP1/PP1Q1PKP/2R2R2 w kq - 0 21,e7f6
41,EulerE,ItsTwilight,1185,1213,rn2k2r/pp1q1p2/3p1p1p/3P4/8/5PP1/PP1Q1PKP/2R1R3 b kq - 1 21,f1e1
41,EulerE,ItsTwilight,1185,1213,rn3k1r/pp1q1p2/3p1p1p/3P4/8/5PP1/PP1Q1PKP/2R1R3 w - - 2 22,e8f8
41,EulerE,ItsTwilight,1185,1213,rn3k1r/pp1q1p2/3p1p1p/3P4/3Q4/5PP1/PP3PKP/2R1R3 b - - 3 22,d2d4
41,EulerE,ItsTwilight,1185,1213,rn5r/pp1q1pk1/3p1p1p/3P4/3Q4/5PP1/PP3PKP/2R1R3 w - - 4 23,f8g7
41,EulerE,ItsTwilight,1185,1213,rn5r/pp1q1pk1/3p1p1p/3P4/3QR3/5PP1/PP3PKP/2R5 b - - 5 23,e1e4
41,EulerE,ItsTwilight,1185,1213,r6r/pp1q1pk1/n2p1p1p/3P4/3QR3/5PP1/PP3PKP/2R5 w - - 6 24,b8a6
41,EulerE,ItsTwilight,1185,1213,r6r/pp1q1pk1/n2p1p1p/3P4/3Q2R1/5PP1/PP3PKP/2R5 b - - 7 24,e4g4
41,EulerE,ItsTwilight,1185,1213,r6r/pp1q1p1k/n2p1p1p/3P4/3Q2R1/5PP1/PP3PKP/2R5 w - - 8 25,g7h7
41,EulerE,ItsTwilight,1185,1213,r6r/pp1q1p1k/n2p1Q1p/3P4/6R1/5PP1/PP3PKP/2R5 b - - 0 25,d4f6
41,EulerE,ItsTwilight,1185,1213,r5r1/pp1q1p1k/n2p1Q1p/3P4/6R1/5PP1/PP3PKP/2R5 w - - 1 26,h8g8
41,EulerE,ItsTwilight,1185,1213,r5r1/pp1q1p1k/n2p1Q1p/3P4/5R2/5PP1/PP3PKP/2R5 b - - 2 26,g4f4
41,EulerE,ItsTwilight,1185,1213,5rr1/pp1q1p1k/n2p1Q1p/3P4/5R2/5PP1/PP3PKP/2R5 w - - 3 27,a8f8
41,EulerE,ItsTwilight,1185,1213,5rr1/pp1q1p1k/n2p3p/3P1Q2/5R2/5PP1/PP3PKP/2R5 b - - 4 27,f6f5
41,EulerE,ItsTwilight,1185,1213,5rr1/pp3p1k/n2p3p/3P1q2/5R2/5PP1/PP3PKP/2R5 w - - 0 28,d7f5
41,EulerE,ItsTwilight,1185,1213,5rr1/pp3p1k/n2p3p/3P1R2/8/5PP1/PP3PKP/2R5 b - - 0 28,f4f5
41,EulerE,ItsTwilight,1185,1213,5rr1/pp3p1k/3p3p/2nP1R2/8/5PP1/PP3PKP/2R5 w - - 1 29,a6c5
41,EulerE,ItsTwilight,1185,1213,5rr1/pp3p1k/3p1R1p/2nP4/8/5PP1/PP3PKP/2R5 b - - 2 29,f5f6
41,EulerE,ItsTwilight,1185,1213,5r2/pp3p1k/3p1Rrp/2nP4/8/5PP1/PP3PKP/2R5 w - - 3 30,g8g6
41,EulerE,ItsTwilight,1185,1213,5r2/pp3p1k/3p2rp/2nP1R2/8/5PP1/PP3PKP/2R5 b - - 4 30,f6f5
41,EulerE,ItsTwilight,1185,1213,5r2/pp3p1k/3p2rp/3P1R2/8/3n1PP1/PP3PKP/2R5 w - - 5 31,c5d3
41,EulerE,ItsTwilight,1185,1213,5r2/pp3p1k/3p2rp/3P1R2/8/3n1PP1/PPR2PKP/8 b - - 6 31,c1c2
41,EulerE,ItsTwilight,1185,1213,5r2/pp3p1k/3p2rp/3PnR2/8/5PP1/PPR2PKP/8 w - - 7 32,d3e5
41,EulerE,ItsTwilight,1185,1213,5r2/ppR2p1k/3p2rp/3PnR2/8/5PP1/PP3PKP/8 b - - 8 32,c2c7
41,EulerE,ItsTwilight,1185,1213,1r6/ppR2p1k/3p2rp/3PnR2/8/5PP1/PP3PKP/8 w - - 9 33,f8b8
41,EulerE,ItsTwilight,1185,1213,1r6/ppR2p1k/3p2rp/3PnR2/5P2/6P1/PP3PKP/8 b - - 0 33,f3f4
41,EulerE,ItsTwilight,1185,1213,1r6/ppR2p1k/3p2rp/3P1R2/5Pn1/6P1/PP3PKP/8 w - - 1 34,e5g4
41,EulerE,ItsTwilight,1185,1213,1r6/ppR2R1k/3p2rp/3P4/5Pn1/6P1/PP3PKP/8 b - - 0 34,f5f7
41,EulerE,ItsTwilight,1185,1213,1r5k/ppR2R2/3p2rp/3P4/5Pn1/6P1/PP3PKP/8 w - - 1 35,h7h8
41,EulerE,ItsTwilight,1185,1213,1r5k/pR3R2/3p2rp/3P4/5Pn1/6P1/PP3PKP/8 b - - 0 35,c7b7
41,EulerE,ItsTwilight,1185,1213,7k/pr3R2/3p2rp/3P4/5Pn1/6P1/PP3PKP/8 w - - 0 36,b8b7
41,EulerE,ItsTwilight,1185,1213,7k/pR6/3p2rp/3P4/5Pn1/6P1/PP3PKP/8 b - - 0 36,f7b7
41,EulerE,ItsTwilight,1185,1213,7k/pR6/3p2r1/3P3p/5Pn1/6P1/PP3PKP/8 w - - 0 37,h6h5
41,EulerE,ItsTwilight,1185,1213,7k/R7/3p2r1/3P3p/5Pn1/6P1/PP3PKP/8 b - - 0 37,b7a7
41,EulerE,ItsTwilight,1185,1213,7k/R5r1/3p4/3P3p/5Pn1/6P1/PP3PKP/8 w - - 1 38,g6g7
41,EulerE,ItsTwilight,1185,1213,7k/6r1/R2p4/3P3p/5Pn1/6P1/PP3PKP/8 b - - 2 38,a7a6
41,EulerE,ItsTwilight,1185,1213,7k/3r4/R2p4/3P3p/5Pn1/6P1/PP3PKP/8 w - - 3 39,g7d7
41,EulerE,ItsTwilight,1185,1213,7k/3r4/R2p4/3P3p/5Pn1/6PP/PP3PK1/8 b - - 0 39,h2h3
41,EulerE,ItsTwilight,1185,1213,7k/3r4/R2p1n2/3P3p/5P2/6PP/PP3PK1/8 w - - 1 40,g4f6
41,EulerE,ItsTwilight,1185,1213,7k/3r4/R2p1n2/3P3p/5P2/5PPP/PP4K1/8 b - - 0 40,f2f3
41,EulerE,ItsTwilight,1185,1213,7k/3r4/R2p4/3n3p/5P2/5PPP/PP4K1/8 w - - 0 41,f6d5
41,EulerE,ItsTwilight,1185,1213,R6k/3r4/3p4/3n3p/5P2/5PPP/PP4K1/8 b - - 1 41,a6a8
41,EulerE,ItsTwilight,1185,1213,R7/3r2k1/3p4/3n3p/5P2/5PPP/PP4K1/8 w - - 2 42,h8g7
41,EulerE,ItsTwilight,1185,1213,R7/3r2k1/3p4/3n3p/5P2/5PPP/PP3K2/8 b - - 3 42,g2f2
41,EulerE,ItsTwilight,1185,1213,R7/4r1k1/3p4/3n3p/5P2/5PPP/PP3K2/8 w - - 4 43,d7e7
41,EulerE,ItsTwilight,1185,1213,8/4r1k1/3p4/3n3p/5P2/R4PPP/PP3K2/8 b - - 5 43,a8a3
41,EulerE,ItsTwilight,1185,1213,8/4r1k1/3p4/3n4/5P1p/R4PPP/PP3K2/8 w - - 0 44,h5h4
41,EulerE,ItsTwilight,1185,1213,8/4r1k1/3p4/3n4/5P1p/3R1PPP/PP3K2/8 b - - 1 44,a3d3
41,EulerE,ItsTwilight,1185,1213,8/4r1k1/3p4/8/5n1p/3R1PPP/PP3K2/8 w - - 0 45,d5f4
41,EulerE,ItsTwilight,1185,1213,8/4r1k1/3p4/8/5P1p/3R1P1P/PP3K2/8 b - - 0 45,g3f4
41,EulerE,ItsTwilight,1185,1213,8/6k1/3pr3/8/5P1p/3R1P1P/PP3K2/8 w - - 1 46,e7e6
41,EulerE,ItsTwilight,1185,1213,8/6k1/3pr3/8/5P1p/4RP1P/PP3K2/8 b - - 2 46,d3e3
41,EulerE,ItsTwilight,1185,1213,8/6k1/3p1r2/8/5P1p/4RP1P/PP3K2/8 w - - 3 47,e6f6
41,EulerE,ItsTwilight,1185,1213,8/4R1k1/3p1r2/8/5P1p/5P1P/PP3K2/8 b - - 4 47,e3e7
41,EulerE,ItsTwilight,1185,1213,8/4R3/3p1rk1/8/5P1p/5P1P/PP3K2/8 w - - 5 48,g7g6
41,EulerE,ItsTwilight,1185,1213,8/8/3p1rk1/8/4RP1p/5P1P/PP3K2/8 b - - 6 48,e7e4
41,EulerE,ItsTwilight,1185,1213,8/8/5rk1/3p4/4RP1p/5P1P/PP3K2/8 w - - 0 49,d6d5
41,EulerE,ItsTwilight,1185,1213,8/8/5rk1/3p4/3R1P1p/5P1P/PP3K2/8 b - - 1 49,e4d4
41,EulerE,ItsTwilight,1185,1213,8/8/6k1/3p1r2/3R1P1p/5P1P/PP3K2/8 w - - 2 50,f6f5
41,EulerE,ItsTwilight,1185,1213,8/8/6k1/3p1r2/1P1R1P1p/5P1P/P4K2/8 b - - 0 50,b2b4
41,EulerE,ItsTwilight,1185,1213,8/8/5k2/3p1r2/1P1R1P1p/5P1P/P4K2/8 w - - 1 51,g6f6
41,EulerE,ItsTwilight,1185,1213,8/8/5k2/1P1p1r2/3R1P1p/5P1P/P4K2/8 b - - 0 51,b4b5
41,EulerE,ItsTwilight,1185,1213,8/8/4k3/1P1p1r2/3R1P1p/5P1P/P4K2/8 w - - 1 52,f6e6
41,EulerE,ItsTwilight,1185,1213,8/8/1P2k3/3p1r2/3R1P1p/5P1P/P4K2/8 b - - 0 52,b5b6
41,EulerE,ItsTwilight,1185,1213,8/8/1P1k4/3p1r2/3R1P1p/5P1P/P4K2/8 w - - 1 53,e6d6
41,EulerE,ItsTwilight,1185,1213,8/8/1P1k4/3p1r2/P2R1P1p/5P1P/5K2/8 b - - 0 53,a2a4
41,EulerE,ItsTwilight,1185,1213,5r2/8/1P1k4/3p4/P2R1P1p/5P1P/5K2/8 w - - 1 54,f5f8
41,EulerE,ItsTwilight,1185,1213,5r2/8/1P1k4/P2p4/3R1P1p/5P1P/5K2/8 b - - 0 54,a4a5
41,EulerE,ItsTwilight,1185,1213,r7/8/1P1k4/P2p4/3R1P1p/5P1P/5K2/8 w - - 1 55,f8a8
41,EulerE,ItsTwilight,1185,1213,r7/8/1P1k4/P2p4/R4P1p/5P1P/5K2/8 b - - 2 55,d4a4
41,EulerE,ItsTwilight,1185,1213,r7/8/1Pk5/P2p4/R4P1p/5P1P/5K2/8 w - - 3 56,d6c6
41,EulerE,ItsTwilight,1185,1213,r7/8/1Pk5/P2p4/R4P1p/4KP1P/8/8 b - - 4 56,f2e3
41,EulerE,ItsTwilight,1185,1213,r7/8/1P6/Pk1p4/R4P1p/4KP1P/8/8 w - - 5 57,c6b5
41,EulerE,ItsTwilight,1185,1213,r7/8/1P6/Pk1p4/5P1p/4KP1P/8/R7 b - - 6 57,a4a1
41,EulerE,ItsTwilight,1185,1213,4r3/8/1P6/Pk1p4/5P1p/4KP1P/8/R7 w - - 7 58,a8e8
41,EulerE,ItsTwilight,1185,1213,4r3/8/1P6/Pk1p4/3K1P1p/5P1P/8/R7 b - - 8 58,e3d4
41,EulerE,ItsTwilight,1185,1213,4r3/8/1Pk5/P2p4/3K1P1p/5P1P/8/R7 w - - 9 59,b5c6
41,EulerE,ItsTwilight,1185,1213,4r3/8/1Pk5/P2p1P2/3K3p/5P1P/8/R7 b - - 0 59,f4f5
41,EulerE,ItsTwilight,1185,1213,5r2/8/1Pk5/P2p1P2/3K3p/5P1P/8/R7 w - - 1 60,e8f8
41,EulerE,ItsTwilight,1185,1213,5r2/8/PPk5/3p1P2/3K3p/5P1P/8/R7 b - - 0 60,a5a6
41,EulerE,ItsTwilight,1185,1213,5r2/8/Pk6/3p1P2/3K3p/5P1P/8/R7 w - - 0 61,c6b6
41,EulerE,ItsTwilight,1185,1213,5r2/P7/1k6/3p1P2/3K3p/5P1P/8/R7 b - - 0 61,a6a7
41,EulerE,ItsTwilight,1185,1213,8/P7/1k6/3p1r2/3K3p/5P1P/8/R7 w - - 0 62,f8f5
41,EulerE,ItsTwilight,1185,1213,Q7/8/1k6/3p1r2/3K3p/5P1P/8/R7 b - - 0 62,a7a8q
41,EulerE,ItsTwilight,1185,1213,Q7/8/1k6/3p4/3K1r1p/5P1P/8/R7 w - - 1 63,f5f4
41,EulerE,ItsTwilight,1185,1213,Q7/8/1k6/3K4/5r1p/5P1P/8/R7 b - - 0 63,d4d5
41,EulerE,ItsTwilight,1185,1213,Q7/8/1k6/3K1r2/7p/5P1P/8/R7 w - - 1 64,f4f5
41,EulerE,ItsTwilight,1185,1213,Q7/8/1k6/5r2/4K2p/5P1P/8/R7 b - - 2 64,d5e4
41,EulerE,ItsTwilight,1185,1213,Q7/8/1k6/2r5/4K2p/5P1P/8/R7 w - - 3 65,f5c5
41,EulerE,ItsTwilight,1185,1213,8/8/1k6/Q1r5/4K2p/5P1P/8/R7 b - - 4 65,a8a5
41,EulerE,ItsTwilight,1185,1213,8/8/1k6/r7/4K2p/5P1P/8/R7 w - - 0 66,c5a5
41,EulerE,ItsTwilight,1185,1213,8/8/1k6/R7/4K2p/5P1P/8/8 b - - 0 66,a1a5
41,EulerE,ItsTwilight,1185,1213,8/8/8/k7/4K2p/5P1P/8/8 w - - 0 67,b6a5
41,EulerE,ItsTwilight,1185,1213,8/8/8/k7/5K1p/5P1P/8/8 b - - 1 67,e4f4
41,EulerE,ItsTwilight,1185,1213,8/8/1k6/8/5K1p/5P1P/8/8 w - - 2 68,a5b6
41,EulerE,ItsTwilight,1185,1213,8/8/1k6/8/6Kp/5P1P/8/8 b - - 3 68,f4g4
41,EulerE,ItsTwilight,1185,1213,8/2k5/8/8/6Kp/5P1P/8/8 w - - 4 69,b6c7
41,EulerE,ItsTwilight,1185,1213,8/2k5/8/8/7K/5P1P/8/8 b - - 0 69,g4h4
41,EulerE,ItsTwilight,1185,1213,8/3k4/8/8/7K/5P1P/8/8 w - - 1 70,c7d7
41,EulerE,ItsTwilight,1185,1213,8/3k4/8/8/6K1/5P1P/8/8 b - - 2 70,h4g4
41,EulerE,ItsTwilight,1185,1213,8/4k3/8/8/6K1/5P1P/8/8 w - - 3 71,d7e7
41,EulerE,ItsTwilight,1185,1213,8/4k3/8/8/6KP/5P2/8/8 b - - 0 71,h3h4
41,EulerE,ItsTwilight,1185,1213,8/5k2/8/8/6KP/5P2/8/8 w - - 1 72,e7f7
41,EulerE,ItsTwilight,1185,1213,8/5k2/8/8/5PKP/8/8/8 b - - 0 72,f3f4
41,EulerE,ItsTwilight,1185,1213,8/8/6k1/8/5PKP/8/8/8 w - - 1 73,f7g6
41,EulerE,ItsTwilight,1185,1213,8/8/6k1/5P2/6KP/8/8/8 b - - 0 73,f4f5
41,EulerE,ItsTwilight,1185,1213,8/8/7k/5P2/6KP/8/8/8 w - - 1 74,g6h6
41,EulerE,ItsTwilight,1185,1213,8/8/7k/5P2/5K1P/8/8/8 b - - 2 74,g4f4
41,EulerE,ItsTwilight,1185,1213,8/6k1/8/5P2/5K1P/8/8/8 w - - 3 75,h6g7
41,EulerE,ItsTwilight,1185,1213,8/6k1/8/5PK1/7P/8/8/8 b - - 4 75,f4g5
41,EulerE,ItsTwilight,1185,1213,8/5k2/8/5PK1/7P/8/8/8 w - - 5 76,g7f7
41,EulerE,ItsTwilight,1185,1213,8/5k2/8/5PKP/8/8/8/8 b - - 0 76,h4h5
41,EulerE,ItsTwilight,1185,1213,8/6k1/8/5PKP/8/8/8/8 w - - 1 77,f7g7
41,EulerE,ItsTwilight,1185,1213,8/6k1/5P2/6KP/8/8/8/8 b - - 0 77,f5f6
41,EulerE,ItsTwilight,1185,1213,8/5k2/5P2/6KP/8/8/8/8 w - - 1 78,g7f7
41,EulerE,ItsTwilight,1185,1213,8/5k2/5P1P/6K1/8/8/8/8 b - - 0 78,h5h6
41,EulerE,ItsTwilight,1185,1213,6k1/8/5P1P/6K1/8/8/8/8 w - - 1 79,f7g8
41,EulerE,ItsTwilight,1185,1213,6k1/8/5PKP/8/8/8/8/8 b - - 2 79,g5g6
41,EulerE,ItsTwilight,1185,1213,5k2/8/5PKP/8/8/8/8/8 w - - 3 80,g8f8
41,EulerE,ItsTwilight,1185,1213,5k2/7P/5PK1/8/8/8/8/8 b - - 0 80,h6h7
41,EulerE,ItsTwilight,1185,1213,4k3/7P/5PK1/8/8/8/8/8 w - - 1 81,f8e8
41,EulerE,ItsTwilight,1185,1213,4k2Q/8/5PK1/8/8/8/8/8 b - - 0 81,h7h8q
41,EulerE,ItsTwilight,1185,1213,7Q/3k4/5PK1/8/8/8/8/8 w - - 1 82,e8d7
41,EulerE,ItsTwilight,1185,1213,7Q/3k1P2/6K1/8/8/8/8/8 b - - 0 82,f6f7
41,EulerE,ItsTwilight,1185,1213,7Q/4kP2/6K1/8/8/8/8/8 w - - 1 83,d7e7
41,EulerE,ItsTwilight,1185,1213,5Q1Q/4k3/6K1/8/8/8/8/8 b - - 0 83,f7f8q
41,EulerE,ItsTwilight,1185,1213,5Q1Q/8/4k1K1/8/8/8/8/8 w - - 1 84,e7e6
41,EulerE,ItsTwilight,1185,1213,5Q2/8/4k1K1/8/3Q4/8/8/8 b - - 2 84,h8d4
42,JHS0,EulerE,1233,1178,rnbqkbnr/pppppppp/8/8/4P3/8/PPPP1PPP/RNBQKBNR b KQkq - 0 1,e2e4
42,JHS0,EulerE,1233,1178,rnbqkbnr/pp1ppppp/8/2p5/4P3/8/PPPP1PPP/RNBQKBNR w KQkq - 0 2,c7c5
42,JHS0,EulerE,1233,1178,rnbqkbnr/pp1ppppp/8/2p5/3PP3/8/PPP2PPP/RNBQKBNR b KQkq - 0 2,d2d4
42,JHS0,EulerE,1233,1178,rnbqkbnr/pp2pppp/8/2pp4/3PP3/8/PPP2PPP/RNBQKBNR w KQkq - 0 3,d7d5
42,JHS0,EulerE,1233,1178,rnbqkbnr/pp2pppp/8/2Pp4/4P3/8/PPP2PPP/RNBQKBNR b KQkq - 0 3,d4c5
42,JHS0,EulerE,1233,1178,rnbqkbnr/pp2pppp/8/2P5/3pP3/8/PPP2PPP/RNBQKBNR w KQkq - 0 4,d5d4
42,JHS0,EulerE,1233,1178,rnbqkbnr/pp2pppp/8/2P5/3pP3/5N2/PPP2PPP/RNBQKB1R b KQkq - 1 4,g1f3
42,JHS0,EulerE,1233,1178,r1bqkbnr/pp2pppp/2n5/2P5/3pP3/5N2/PPP2PPP/RNBQKB1R w KQkq - 2 5,b8c6
42,JHS0,EulerE,1233,1178,r1bqkbnr/pp2pppp/2n5/1BP5/3pP3/5N2/PPP2PPP/RNBQK2R b KQkq - 3 5,f1b5
43,EulerE,stet7,1187,1200,rnbqkbnr/pppppppp/8/8/3P4/8/PPP1PPPP/RNBQKBNR b KQkq - 0 1,d2d4
43,EulerE,stet7,1187,1200,rnbqkbnr/ppp1pppp/8/3p4/3P4/8/PPP1PPPP/RNBQKBNR w KQkq - 0 2,d7d5
43,EulerE,stet7,1187,1200,rnbqkbnr/ppp1pppp/8/3p4/2PP4/8/PP2PPPP/RNBQKBNR b KQkq - 0 2,c2c4
43,EulerE,stet7,1187,1200,rnbqkbnr/ppp1pppp/8/8/2pP4/8/PP2PPPP/RNBQKBNR w KQkq - 0 3,d5c4
43,EulerE,stet7,1187,1200,rnbqkbnr/ppp1pppp/8/8/2pPP3/8/PP3PPP/RNBQKBNR b KQkq - 0 3,e2e4
43,EulerE,stet7,1187,1200,rnbqkbnr/p1p1pppp/8/1p6/2pPP3/8/PP3PPP/RNBQKBNR w KQkq - 0 4,b7b5
43,EulerE,stet7,1187,1200,rnbqkbnr/p1p1pppp/8/1p6/P1pPP3/8/1P3PPP/RNBQKBNR b KQkq - 0 4,a2a4
43,EulerE,stet7,1187,1200,rnbqkbnr/p3pppp/2p5/1p6/P1pPP3/8/1P3PPP/RNBQKBNR w KQkq - 0 5,c7c6
43,EulerE,stet7,1187,1200,rnbqkbnr/p3pppp/2p5/1P6/2pPP3/8/1P3PPP/RNBQKBNR b KQkq - 0 5,a4b5
43,EulerE,stet7,1187,1200,rnbqkbnr/p3pppp/8/1p6/2pPP3/8/1P3PPP/RNBQKBNR w KQkq - 0 6,c6b5
43,EulerE,stet7,1187,1200,rnbqkbnr/p3pppp/8/1p6/2pPP3/2N5/1P3PPP/R1BQKBNR b KQkq - 1 6,b1c3
43,EulerE,stet7,1187,1200,rnbqkbnr/4pppp/p7/1p6/2pPP3/2N5/1P3PPP/R1BQKBNR w KQkq - 0 7,a7a6
43,EulerE,stet7,1187,1200,rnbqkbnr/4pppp/p7/1N6/2pPP3/8/1P3PPP/R1BQKBNR b KQkq - 0 7,c3b5
43,EulerE,stet7,1187,1200,rn1qkbnr/1b2pppp/p7/1N6/2pPP3/8/1P3PPP/R1BQKBNR w KQkq - 1 8,c8b7
43,EulerE,stet7,1187,1200,rn1qkbnr/1b2pppp/p7/8/2pPP3/2N5/1P3PPP/R1BQKBNR b KQkq - 2 8,b5c3
43,EulerE,stet7,1187,1200,rn1qkbnr/1b3ppp/p7/4p3/2pPP3/2N5/1P3PPP/R1BQKBNR w KQkq - 0 9,e7e5
43,EulerE,stet7,1187,1200,rn1qkbnr/1b3ppp/p7/3Pp3/2p1P3/2N5/1P3PPP/R1BQKBNR b KQkq - 0 9,d4d5
43,EulerE,stet7,1187,1200,rn1qk1nr/1b3ppp/p7/3Pp3/1bp1P3/2N5/1P3PPP/R1BQKBNR w KQkq - 1 10,f8b4
43,EulerE,stet7,1187,1200,rn1qk1nr/1b3ppp/p7/3Pp3/1bp1P3/2N5/1P1B1PPP/R2QKBNR b KQkq - 2 10,c1d2
43,EulerE,stet7,1187,1200,rn1qk2r/1b3ppp/p4n2/3Pp3/1bp1P3/2N5/1P1B1PPP/R2QKBNR w KQkq - 3 11,g8f6
43,EulerE,stet7,1187,1200,rn1qk2r/1b3ppp/p4n2/3Pp3/Qbp1P3/2N5/1P1B1PPP/R3KBNR b KQkq - 4 11,d1a4
43,EulerE,stet7,1187,1200,rn2k2r/1b1q1ppp/p4n2/3Pp3/Qbp1P3/2N5/1P1B1PPP/R3KBNR w KQkq - 5 12,d8d7
43,EulerE,stet7,1187,1200,rn2k2r/1b1q1ppp/p4n2/3Pp3/1Qp1P3/2N5/1P1B1PPP/R3KBNR b KQkq - 0 12,a4b4
43,EulerE,stet7,1187,1200,rn2k2r/1b1q1pp1/p4n1p/3Pp3/1Qp1P3/2N5/1P1B1PPP/R3KBNR w KQkq - 0 13,h7h6
43,EulerE,stet7,1187,1200,rn2k2r/1b1q1pp1/p4n1p/3Pp3/1QB1P3/2N5/1P1B1PPP/R3K1NR b KQkq - 0 13,f1c4
44,Balaiada,EulerE,1212,1179,rnbqkbnr/pppppppp/8/8/4P3/8/PPPP1PPP/RNBQKBNR b KQkq - 0 1,e2e4
44,Balaiada,EulerE,1212,1179,rnbqkbnr/pppp1ppp/8/4p3/4P3/8/PPPP1PPP/RNBQKBNR w KQkq - 0 2,e7e5
44,Balaiada,EulerE,1212,1179,rnbqkbnr/pppp1ppp/8/4p3/4P3/5N2/PPPP1PPP/RNBQKB1R b KQkq - 1 2,g1f3
44,Balaiada,EulerE,1212,1179,r1bqkbnr/pppp1ppp/2n5/4p3/4P3/5N2/PPPP1PPP/RNBQKB1R w KQkq - 2 3,b8c6
44,Balaiada,EulerE,1212,1179,r1bqkbnr/pppp1ppp/2n5/4p3/2B1P3/5N2/PPPP1PPP/RNBQK2R b KQkq - 3 3,f1c4
44,Balaiada,EulerE,1212,1179,r1bqk1nr/pppp1ppp/2n5/2b1p3/2B1P3/5N2/PPPP1PPP/RNBQK2R w KQkq - 4 4,f8c5
44,Balaiada,EulerE,1212,1179,r1bqk1nr/pppp1ppp/2n5/2b1p3/2B1P3/2N2N2/PPPP1PPP/R1BQK2R b KQkq - 5 4,b1c3
44,Balaiada,EulerE,1212,1179,r1bqk1nr/ppp2ppp/2np4/2b1p3/2B1P3/2N2N2/PPPP1PPP/R1BQK2R w KQkq - 0 5,d7d6
44,Balaiada,EulerE,1212,1179,r1bqk1nr/ppp2ppp/2np4/2b1p3/2B1P3/2N2N1P/PPPP1PP1/R1BQK2R b KQkq - 0 5,h2h3
44,Balaiada,EulerE,1212,1179,r1bqk2r/ppp2ppp/2np1n2/2b1p3/2B1P3/2N2N1P/PPPP1PP1/R1BQK2R w KQkq - 1 6,g8f6
44,Balaiada,EulerE,1212,1179,r1bqk2r/ppp2ppp/2np1n2/2b1p3/2B1P3/P1N2N1P/1PPP1PP1/R1BQK2R b KQkq - 0 6,a2a3
44,Balaiada,EulerE,1212,1179,r1bq1rk1/ppp2ppp/2np1n2/2b1p3/2B1P3/P1N2N1P/1PPP1PP1/R1BQK2R w KQ - 1 7,e8g8
44,Balaiada,EulerE,1212,1179,r1bq1rk1/ppp2ppp/2np1n2/2b1p3/2B1P3/P1NP1N1P/1PP2PP1/R1BQK2R b KQ - 0 7,d2d3
44,Balaiada,EulerE,1212,1179,r1bq1rk1/ppp2ppp/3p1n2/2b1p3/2BnP3/P1NP1N1P/1PP2PP1/R1BQK2R w KQ - 1 8,c6d4
44,Balaiada,EulerE,1212,1179,r1bq1rk1/ppp2ppp/3p1n2/2b1p3/2BnP3/P1NPBN1P/1PP2PP1/R2QK2R b KQ - 2 8,c1e3
44,Balaiada,EulerE,1212,1179,r1bq1rk1/ppp2ppp/3p1n2/2b1p3/2B1P3/P1NPBn1P/1PP2PP1/R2QK2R w KQ - 0 9,d4f3
44,Balaiada,EulerE,1212,1179,r1bq1rk1/ppp2ppp/3p1n2/2b1p3/2B1P3/P1NPBQ1P/1PP2PP1/R3K2R b KQ - 0 9,d1f3
44,Balaiada,EulerE,1212,1179,r1bq1rk1/ppp2ppp/1b1p1n2/4p3/2B1P3/P1NPBQ1P/1PP2PP1/R3K2R w KQ - 1 10,c5b6
44,Balaiada,EulerE,1212,1179,r1bq1rk1/ppp2ppp/1b1p1n2/3Np3/2B1P3/P2PBQ1P/1PP2PP1/R3K2R b KQ - 2 10,c3d5
44,Balaiada,EulerE,1212,1179,r1bq1rk1/ppp2ppp/1b1p4/3np3/2B1P3/P2PBQ1P/1PP2PP1/R3K2R w KQ - 0 11,f6d5
44,Balaiada,EulerE,1212,1179,r1bq1rk1/ppp2ppp/1b1p4/3Bp3/4P3/P2PBQ1P/1PP2PP1/R3K2R b KQ - 0 11,c4d5
44,Balaiada,EulerE,1212,1179,r1bq1rk1/pp3ppp/1bpp4/3Bp3/4P3/P2PBQ1P/1PP2PP1/R3K2R w KQ - 0 12,c7c6
44,Balaiada,EulerE,1212,1179,r1bq1rk1/pp3ppp/1bpp4/4p3/2B1P3/P2PBQ1P/1PP2PP1/R3K2R b KQ - 1 12,d5c4
44,Balaiada,EulerE,1212,1179,r2q1rk1/pp3ppp/1bppb3/4p3/2B1P3/P2PBQ1P/1PP2PP1/R3K2R w KQ - 2 13,c8e6
44,Balaiada,EulerE,1212,1179,r2q1rk1/pp3ppp/1Bppb3/4p3/2B1P3/P2P1Q1P/1PP2PP1/R3K2R b KQ - 0 13,e3b6
44,Balaiada,EulerE,1212,1179,r4rk1/pp3ppp/1qppb3/4p3/2B1P3/P2P1Q1P/1PP2PP1/R3K2R w KQ - 0 14,d8b6
44,Balaiada,EulerE,1212,1179,r4rk1/pp3ppp/1qppB3/4p3/4P3/P2P1Q1P/1PP2PP1/R3K2R b KQ - 0 14,c4e6
44,Balaiada,EulerE,1212,1179,r4rk1/pp4pp/1qppp3/4p3/4P3/P2P1Q1P/1PP2PP1/R3K2R w KQ - 0 15,f7e6
44,Balaiada,EulerE,1212,1179,r4rk1/pp4pp/1qppp3/4p3/4P1Q1/P2P3P/1PP2PP1/R3K2R b KQ - 1 15,f3g4
44,Balaiada,EulerE,1212,1179,r4rk1/pp4pp/2ppp3/4p3/4P1Q1/P2P3P/1PP2qP1/R3K2R w KQ - 0 16,b6f2
44,Balaiada,EulerE,1212,1179,r4rk1/pp4pp/2ppp3/4p3/4P1Q1/P2P3P/1PP2qP1/R2K3R b - - 1 16,e1d1
44,Balaiada,EulerE,1212,1179,4rrk1/pp4pp/2ppp3/4p3/4P1Q1/P2P3P/1PP2qP1/R2K3R w - - 2 17,a8e8
44,Balaiada,EulerE,1212,1179,4rrk1/pp4pp/2ppp3/4p3/1P2P1Q1/P2P3P/2P2qP1/R2K3R b - - 0 17,b2b4
44,Balaiada,EulerE,1212,1179,4rrk1/pp4pp/2p1p3/3pp3/1P2P1Q1/P2P3P/2P2qP1/R2K3R w - - 0 18,d6d5
44,Balaiada,EulerE,1212,1179,4rrk1/pp4pp/2p1p3/3Pp3/1P4Q1/P2P3P/2P2qP1/R2K3R b - - 0 18,e4d5
44,Balaiada,EulerE,1212,1179,4rrk1/pp4pp/2p5/3pp3/1P4Q1/P2P3P/2P2qP1/R2K3R w - - 0 19,e6d5
44,Balaiada,EulerE,1212,1179,4rrk1/pp4pp/2p5/3pp3/1PP3Q1/P2P3P/5qP1/R2K3R b - - 0 19,c2c4
44,Balaiada,EulerE,1212,1179,4rrk1/pp4pp/2p5/4p3/1Pp3Q1/P2P3P/5qP1/R2K3R w - - 0 20,d5c4
44,Balaiada,EulerE,1212,1179,4rrk1/pp4pp/2p5/4p3/1PQ5/P2P3P/5qP1/R2K3R b - - 0 20,g4c4
44,Balaiada,EulerE,1212,1179,4rr1k/pp4pp/2p5/4p3/1PQ5/P2P3P/5qP1/R2K3R w - - 1 21,g8h8
44,Balaiada,EulerE,1212,1179,4rr1k/pp4pp/2p5/4p3/1PQP4/P6P/5qP1/R2K3R b - - 0 21,d3d4
44,Balaiada,EulerE,1212,1179,4rr1k/pp4pp/2p5/4p3/1PQq4/P6P/6P1/R2K3R w - - 0 22,f2d4
44,Balaiada,EulerE,1212,1179,4rr1k/pp4pp/2p5/4p3/1P1Q4/P6P/6P1/R2K3R b - - 0 22,c4d4
44,Balaiada,EulerE,1212,1179,4rr1k/pp4pp/2p5/8/1P1p4/P6P/6P1/R2K3R w - - 0 23,e5d4
44,Balaiada,EulerE,1212,1179,4rr1k/pp4pp/2p5/8/1P1p4/P6P/6P1/2RK3R b - - 1 23,a1c1
44,Balaiada,EulerE,1212,1179,3r1r1k/pp4pp/2p5/8/1P1p4/P6P/6P1/2RK3R w - - 2 24,e8d8
44,Balaiada,EulerE,1212,1179,3r1r1k/pp4pp/2p5/2R5/1P1p4/P6P/6P1/3K3R b - - 3 24,c1c5
44,Balaiada,EulerE,1212,1179,3r3k/pp3rpp/2p5/2R5/1P1p4/P6P/6P1/3K3R w - - 4 25,f8f7
44,Balaiada,EulerE,1212,1179,3r3k/pp3rpp/2p5/R7/1P1p4/P6P/6P1/3K3R b - - 5 25,c5a5
44,Balaiada,EulerE,1212,1179,3r3k/p4rpp/1pp5/R7/1P1p4/P6P/6P1/3K3R w - - 0 26,b7b6
44,Balaiada,EulerE,1212,1179,3r3k/p4rpp/1pp5/4R3/1P1p4/P6P/6P1/3K3R b - - 1 26,a5e5
44,Balaiada,EulerE,1212,1179,3r3k/p4rpp/1pp5/4R3/1P6/P2p3P/6P1/3K3R w - - 0 27,d4d3
44,Balaiada,EulerE,1212,1179,3r3k/p4rpp/1pp5/4R3/1P6/P2p3P/6P1/3KR3 b - - 1 27,h1e1
44,Balaiada,EulerE,1212,1179,3r3k/p4rpp/1pp5/4R3/1P6/P6P/3p2P1/3KR3 w - - 0 28,d3d2
44,Balaiada,EulerE,1212,1179,3rR2k/p4rpp/1pp5/8/1P6/P6P/3p2P1/3KR3 b - - 1 28,e5e8
44,Balaiada,EulerE,1212,1179,3rRr1k/p5pp/1pp5/8/1P6/P6P/3p2P1/3KR3 w - - 2 29,f7f8
44,Balaiada,EulerE,1212,1179,3R1r1k/p5pp/1pp5/8/1P6/P6P/3p2P1/3KR3 b - - 0 29,e8d8
44,Balaiada,EulerE,1212,1179,3r3k/p5pp/1pp5/8/1P6/P6P/3p2P1/3KR3 w - - 0 30,f8d8
44,Balaiada,EulerE,1212,1179,3r3k/p5pp/1pp5/8/1P6/P6P/3pR1P1/3K4 b - - 1 30,e1e2
44,Balaiada,EulerE,1212,1179,3r2k1/p5pp/1pp5/8/1P6/P6P/3pR1P1/3K4 w - - 2 31,h8g8
44,Balaiada,EulerE,1212,1179,3r2k1/p3R1pp/1pp5/8/1P6/P6P/3p2P1/3K4 b - - 3 31,e2e7
44,Balaiada,EulerE,1212,1179,3r2k1/4R1pp/1pp5/p7/1P6/P6P/3p2P1/3K4 w - - 0 32,a7a5
44,Balaiada,EulerE,1212,1179,3r2k1/4R1pp/1pp5/P7/8/P6P/3p2P1/3K4 b - - 0 32,b4a5
44,Balaiada,EulerE,1212,1179,3r2k1/4R1pp/2p5/p7/8/P6P/3p2P1/3K4 w - - 0 33,b6a5
44,Balaiada,EulerE,1212,1179,3r2k1/R5pp/2p5/p7/8/P6P/3p2P1/3K4 b - - 1 33,e7a7
44,Balaiada,EulerE,1212,1179,1r4k1/R5pp/2p5/p7/8/P6P/3p2P1/3K4 w - - 2 34,d8b8
44,Balaiada,EulerE,1212,1179,1r4k1/6pp/2p5/R7/8/P6P/3p2P1/3K4 b - - 0 34,a7a5
44,Balaiada,EulerE,1212,1179,6k1/6pp/2p5/R7/8/P6P/1r1p2P1/3K4 w - - 1 35,b8b2
44,Balaiada,EulerE,1212,1179,R5k1/6pp/2p5/8/8/P6P/1r1p2P1/3K4 b - - 2 35,a5a8
44,Balaiada,EulerE,1212,1179,R7/5kpp/2p5/8/8/P6P/1r1p2P1/3K4 w - - 3 36,g8f7
44,Balaiada,EulerE,1212,1179,R7/5kpp/2p5/8/P7/7P/1r1p2P1/3K4 b - - 0 36,a3a4
44,Balaiada,EulerE,1212,1179,R7/5kpp/2p5/8/P7/1r5P/3p2P1/3K4 w - - 1 37,b2b3
44,Balaiada,EulerE,1212,1179,R7/5kpp/2p5/P7/8/1r5P/3p2P1/3K4 b - - 0 37,a4a5
44,Balaiada,EulerE,1212,1179,R7/6pp/2p1k3/P7/8/1r5P/3p2P1/3K4 w - - 1 38,f7e6
44,Balaiada,EulerE,1212,1179,R7/6pp/P1p1k3/8/8/1r5P/3p2P1/3K4 b - - 0 38,a5a6
44,Balaiada,EulerE,1212,1179,R7/6pp/P3k3/2p5/8/1r5P/3p2P1/3K4 w - - 0 39,c6c5
44,Balaiada,EulerE,1212,1179,R7/P5pp/4k3/2p5/8/1r5P/3p2P1/3K4 b - - 0 39,a6a7
44,Balaiada,EulerE,1212,1179,R7/P5pp/4k3/2p5/8/r6P/3p2P1/3K4 w - - 1 40,b3a3
44,Balaiada,EulerE,1212,1179,4R3/P5pp/4k3/2p5/8/r6P/3p2P1/3K4 b - - 2 40,a8e8
44,Balaiada,EulerE,1212,1179,4R3/P5pp/8/2pk4/8/r6P/3p2P1/3K4 w - - 3 41,e6d5
44,Balaiada,EulerE,1212,1179,Q3R3/6pp/8/2pk4/8/r6P/3p2P1/3K4 b - - 0 41,a7a8q
44,Balaiada,EulerE,1212,1179,r3R3/6pp/8/2pk4/8/7P/3p2P1/3K4 w - - 0 42,a3a8
44,Balaiada,EulerE,1212,1179,R7/6pp/8/2pk4/8/7P/3p2P1/3K4 b - - 0 42,e8a8
44,Balaiada,EulerE,1212,1179,R7/6pp/8/3k4/2p5/7P/3p2P1/3K4 w - - 0 43,c5c4
44,Balaiada,EulerE,1212,1179,R7/6pp/8/3k4/2p5/7P/3K2P1/8 b - - 0 43,d1d2
44,Balaiada,EulerE,1212,1179,R7/6pp/8/8/2pk4/7P/3K2P1/8 w - - 1 44,d5d4
44,Balaiada,EulerE,1212,1179,R7/6pp/8/8/2pk4/7P/2K3P1/8 b - - 2 44,d2c2
44,Balaiada,EulerE,1212,1179,R7/6pp/8/8/2p5/4k2P/2K3P1/8 w - - 3 45,d4e3
44,Balaiada,EulerE,1212,1179,8/R5pp/8/8/2p5/4k2P/2K3P1/8 b - - 4 45,a8a7
44,Balaiada,EulerE,1212,1179,8/R5pp/8/8/2p5/7P/2K2kP1/8 w - - 5 46,e3f2
44,Balaiada,EulerE,1212,1179,8/6Rp/8/8/2p5/7P/2K2kP1/8 b - - 0 46,a7g7
44,Balaiada,EulerE,1212,1179,8/6R1/8/7p/2p5/7P/2K2kP1/8 w - - 0 47,h7h5
44,Balaiada,EulerE,1212,1179,8/6R1/8/7p/2p3P1/7P/2K2k2/8 b - - 0 47,g2g4
44,Balaiada,EulerE,1212,1179,8/6R1/8/7p/2p3P1/6kP/2K5/8 w - - 1 48,f2g3
44,Balaiada,EulerE,1212,1179,8/6R1/8/7P/2p5/6kP/2K5/8 b - - 0 48,g4h5
44,Balaiada,EulerE,1212,1179,8/6R1/8/7P/2p5/7k/2K5/8 w - - 0 49,g3h3
44,Balaiada,EulerE,1212,1179,8/6R1/7P/8/2p5/7k/2K5/8 b - - 0 49,h5h6
44,Balaiada,EulerE,1212,1179,8/6R1/7P/8/2p5/8/2K4k/8 w - - 1 50,h3h2
44,Balaiada,EulerE,1212,1179,8/6RP/8/8/2p5/8/2K4k/8 b - - 0 50,h6h7
44,Balaiada,EulerE,1212,1179,8/6RP/8/8/2p5/8/2K5/7k w - - 1 51,h2h1
44,Balaiada,EulerE,1212,1179,7Q/6R1/8/8/2p5/8/2K5/7k b - - 0 51,h7h8q
45,EulerE,MatoriousJaque7mo,1189,1251,rnbqkbnr/pppppppp/8/8/3P4/8/PPP1PPPP/RNBQKBNR b KQkq - 0 1,d2d4
45,EulerE,MatoriousJaque7mo,1189,1251,rnbqkbnr/pppp1ppp/4p3/8/3P4/8/PPP1PPPP/RNBQKBNR w KQkq - 0 2,e7e6
45,EulerE,MatoriousJaque7mo,1189,1251,rnbqkbnr/pppp1ppp/4p3/8/2PP4/8/PP2PPPP/RNBQKBNR b KQkq - 0 2,c2c4
45,EulerE,MatoriousJaque7mo,1189,1251,rnbqkbnr/ppp2ppp/3pp3/8/2PP4/8/PP2PPPP/RNBQKBNR w KQkq - 0 3,d7d6
45,EulerE,MatoriousJaque7mo,1189,1251,rnbqkbnr/ppp2ppp/3pp3/8/2PP4/5N2/PP2PPPP/RNBQKB1R b KQkq - 1 3,g1f3
45,EulerE,MatoriousJaque7mo,1189,1251,rnbqkb1r/ppp1nppp/3pp3/8/2PP4/5N2/PP2PPPP/RNBQKB1R w KQkq - 2 4,g8e7
45,EulerE,MatoriousJaque7mo,1189,1251,rnbqkb1r/ppp1nppp/3pp3/8/2PP1B2/5N2/PP2PPPP/RN1QKB1R b KQkq - 3 4,c1f4
45,EulerE,MatoriousJaque7mo,1189,1251,rnbqkb1r/ppp2ppp/3pp1n1/8/2PP1B2/5N2/PP2PPPP/RN1QKB1R w KQkq - 4 5,e7g6
45,EulerE,MatoriousJaque7mo,1189,1251,rnbqkb1r/ppp2ppp/3pp1n1/8/2PP4/5NB1/PP2PPPP/RN1QKB1R b KQkq - 5 5,f4g3
45,EulerE,MatoriousJaque7mo,1189,1251,rnbqk2r/ppp1bppp/3pp1n1/8/2PP4/5NB1/PP2PPPP/RN1QKB1R w KQkq - 6 6,f8e7
45,EulerE,MatoriousJaque7mo,1189,1251,rnbqk2r/ppp1bppp/3pp1n1/8/2PP4/4PNB1/PP3PPP/RN1QKB1R b KQkq - 0 6,e2e3
45,EulerE,MatoriousJaque7mo,1189,1251,rnbqk2r/ppp2ppp/3ppbn1/8/2PP4/4PNB1/PP3PPP/RN1QKB1R w KQkq - 1 7,e7f6
45,EulerE,MatoriousJaque7mo,1189,1251,rnbqk2r/ppp2ppp/3ppbn1/8/2PP4/3BPNB1/PP3PPP/RN1QK2R b KQkq - 2 7,f1d3
45,EulerE,MatoriousJaque7mo,1189,1251,r1bqk2r/ppp2ppp/2nppbn1/8/2PP4/3BPNB1/PP3PPP/RN1QK2R w KQkq - 3 8,b8c6
45,EulerE,MatoriousJaque7mo,1189,1251,r1bqk2r/ppp2ppp/2nppbn1/8/2PP4/2NBPNB1/PP3PPP/R2QK2R b KQkq - 4 8,b1c3
45,EulerE,MatoriousJaque7mo,1189,1251,r1bq1rk1/ppp2ppp/2nppbn1/8/2PP4/2NBPNB1/PP3PPP/R2QK2R w KQ - 5 9,e8g8
45,EulerE,MatoriousJaque7mo,1189,1251,r1bq1rk1/ppp2ppp/2nppbB1/8/2PP4/2N1PNB1/PP3PPP/R2QK2R b KQ - 0 9,d3g6
45,EulerE,MatoriousJaque7mo,1189,1251,r1bq1rk1/ppp3pp/2nppbp1/8/2PP4/2N1PNB1/PP3PPP/R2QK2R w KQ - 0 10,f7g6
45,EulerE,MatoriousJaque7mo,1189,1251,r1bq1rk1/ppp3pp/2nppbp1/8/2PP4/2N1PNB1/PPQ2PPP/R3K2R b KQ - 1 10,d1c2
45,EulerE,MatoriousJaque7mo,1189,1251,r1bq1rk1/ppp3pp/3ppbp1/8/1nPP4/2N1PNB1/PPQ2PPP/R3K2R w KQ - 2 11,c6b4
45,EulerE,MatoriousJaque7mo,1189,1251,r1bq1rk1/ppp3pp/3ppbp1/8/1nPP4/1QN1PNB1/PP3PPP/R3K2R b KQ - 3 11,c2b3
45,EulerE,MatoriousJaque7mo,1189,1251,r1bq1rk1/1pp3pp/3ppbp1/p7/1nPP4/1QN1PNB1/PP3PPP/R3K2R w KQ - 0 12,a7a5
45,EulerE,MatoriousJaque7mo,1189,1251,r1bq1rk1/1pp3pp/3ppbp1/p7/1nPP4/1QN1PNB1/PP3PPP/2KR3R b - - 1 12,e1c1
45,EulerE,MatoriousJaque7mo,1189,1251,r1bq1rk1/1pp3pp/2nppbp1/p7/2PP4/1QN1PNB1/PP3PPP/2KR3R w - - 2 13,b4c6
45,EulerE,MatoriousJaque7mo,1189,1251,r1bq1rk1/1pp3pp/2nppbp1/p7/2PP3P/1QN1PNB1/PP3PP1/2KR3R b - - 0 13,h2h4
45,EulerE,MatoriousJaque7mo,1189,1251,r1bq1rk1/1pp3pp/2np1bp1/p3p3/2PP3P/1QN1PNB1/PP3PP1/2KR3R w - - 0 14,e6e5
45,EulerE,MatoriousJaque7mo,1189,1251,r1bq1rk1/1pp3pp/2np1bp1/p3p2P/2PP4/1QN1PNB1/PP3PP1/2KR3R b - - 0 14,h4h5
45,EulerE,MatoriousJaque7mo,1189,1251,r1bq1rk1/1pp3pp/2np1b2/p3p1pP/2PP4/1QN1PNB1/PP3PP1/2KR3R w - - 0 15,g6g5
45,EulerE,MatoriousJaque7mo,1189,1251,r1bq1rk1/1pp3pp/2np1b1P/p3p1p1/2PP4/1QN1PNB1/PP3PP1/2KR3R b - - 0 15,h5h6
45,EulerE,MatoriousJaque7mo,1189,1251,r1bq1rk1/1pp4p/2np1bpP/p3p1p1/2PP4/1QN1PNB1/PP3PP1/2KR3R w - - 0 16,g7g6
45,EulerE,MatoriousJaque7mo,1189,1251,r1bq1rk1/1pp4p/2np1bpP/p3P1p1/2P5/1QN1PNB1/PP3PP1/2KR3R b - - 0 16,d4e5
45,EulerE,MatoriousJaque7mo,1189,1251,r1bq1rk1/1pp4p/3p1bpP/p3n1p1/2P5/1QN1PNB1/PP3PP1/2KR3R w - - 0 17,c6e5
45,EulerE,MatoriousJaque7mo,1189,1251,r1bq1rk1/1pp4p/3p1bpP/p3N1p1/2P5/1QN1P1B1/PP3PP1/2KR3R b - - 0 17,f3e5
45,EulerE,MatoriousJaque7mo,1189,1251,r1bq1rk1/1pp4p/3p2pP/p3b1p1/2P5/1QN1P1B1/PP3PP1/2KR3R w - - 0 18,f6e5
45,EulerE,MatoriousJaque7mo,1189,1251,r1bq1rk1/1pp4p/3p2pP/p3B1p1/2P5/1QN1P3/PP3PP1/2KR3R b - - 0 18,g3e5
45,EulerE,MatoriousJaque7mo,1189,1251,r1bq1rk1/1pp4p/6pP/p3p1p1/2P5/1QN1P3/PP3PP1/2KR3R w - - 0 19,d6e5
45,EulerE,MatoriousJaque7mo,1189,1251,r1bR1rk1/1pp4p/6pP/p3p1p1/2P5/1QN1P3/PP3PP1/2K4R b - - 0 19,d1d8
46,atehsaz,EulerE,1165,1197,rnbqkbnr/pppppppp/8/8/4P3/8/PPPP1PPP/RNBQKBNR b KQkq - 0 1,e2e4
46,atehsaz,EulerE,1165,1197,rnbqkbnr/pppp1ppp/8/4p3/4P3/8/PPPP1PPP/RNBQKBNR w KQkq - 0 2,e7e5
46,atehsaz,EulerE,1165,1197,rnbqkbnr/pppp1ppp/8/4p3/2B1P3/8/PPPP1PPP/RNBQK1NR b KQkq - 1 2,f1c4
46,atehsaz,EulerE,1165,1197,r1bqkbnr/pppp1ppp/2n5/4p3/2B1P3/8/PPPP1PPP/RNBQK1NR w KQkq - 2 3,b8c6
46,atehsaz,EulerE,1165,1197,r1bqkbnr/pppp1ppp/2n5/4p3/2B1P3/5N2/PPPP1PPP/RNBQK2R b KQkq - 3 3,g1f3
46,atehsaz,EulerE,1165,1197,r1bqk1nr/pppp1ppp/2n5/2b1p3/2B1P3/5N2/PPPP1PPP/RNBQK2R w KQkq - 4 4,f8c5
46,atehsaz,EulerE,1165,1197,r1bqk1nr/pppp1ppp/2n5/2b1p3/2B1P3/3P1N2/PPP2PPP/RNBQK2R b KQkq - 0 4,d2d3
46,atehsaz,EulerE,1165,1197,r1bqk2r/pppp1ppp/2n2n2/2b1p3/2B1P3/3P1N2/PPP2PPP/RNBQK2R w KQkq - 1 5,g8f6
46,atehsaz,EulerE,1165,1197,r1bqk2r/pppp1ppp/2n2n2/2b1p1N1/2B1P3/3P4/PPP2PPP/RNBQK2R b KQkq - 2 5,f3g5
46,atehsaz,EulerE,1165,1197,r1bq1rk1/pppp1ppp/2n2n2/2b1p1N1/2B1P3/3P4/PPP2PPP/RNBQK2R w KQ - 3 6,e8g8
46,atehsaz,EulerE,1165,1197,r1bq1rk1/pppp1ppp/2n2n2/2b1p1N1/2B1P2P/3P4/PPP2PP1/RNBQK2R b KQ - 0 6,h2h4
46,atehsaz,EulerE,1165,1197,r1bq1rk1/pppp1pp1/2n2n1p/2b1p1N1/2B1P2P/3P4/PPP2PP1/RNBQK2R w KQ - 0 7,h7h6
46,atehsaz,EulerE,1165,1197,r1bq1rk1/pppp1pp1/2n2n1p/2b1p3/2B1P2P/3P3N/PPP2PP1/RNBQK2R b KQ - 1 7,g5h3
46,atehsaz,EulerE,1165,1197,r1bq1rk1/ppp2pp1/2np1n1p/2b1p3/2B1P2P/3P3N/PPP2PP1/RNBQK2R w KQ - 0 8,d7d6
46,atehsaz,EulerE,1165,1197,r1bq1rk1/ppp2pp1/2np1n1p/2b1p3/2B1P2P/3P1P1N/PPP3P1/RNBQK2R b KQ - 0 8,f2f3
46,atehsaz,EulerE,1165,1197,r2q1rk1/ppp2pp1/2npbn1p/2b1p3/2B1P2P/3P1P1N/PPP3P1/RNBQK2R w KQ - 1 9,c8e6
46,atehsaz,EulerE,1165,1197,r2q1rk1/ppp2pp1/2npBn1p/2b1p3/4P2P/3P1P1N/PPP3P1/RNBQK2R b KQ - 0 9,c4e6
46,atehsaz,EulerE,1165,1197,r2q1rk1/ppp3p1/2nppn1p/2b1p3/4P2P/3P1P1N/PPP3P1/RNBQK2R w KQ - 0 10,f7e6
46,atehsaz,EulerE,1165,1197,r2q1rk1/ppp3p1/2nppn1p/2b1p3/4P1PP/3P1P1N/PPP5/RNBQK2R b KQ - 0 10,g2g4
46,atehsaz,EulerE,1165,1197,r2q1rk1/ppp3p1/2n1pn1p/2bpp3/4P1PP/3P1P1N/PPP5/RNBQK2R w KQ - 0 11,d6d5
46,atehsaz,EulerE,1165,1197,r2q1rk1/ppp3p1/2n1pn1p/2bpp1P1/4P2P/3P1P1N/PPP5/RNBQK2R b KQ - 0 11,g4g5
46,atehsaz,EulerE,1165,1197,r2q1rk1/ppp3p1/2n1p2p/2bpp1Pn/4P2P/3P1P1N/PPP5/RNBQK2R w KQ - 1 12,f6h5
46,atehsaz,EulerE,1165,1197,r2q1rk1/ppp3p1/2n1p2P/2bpp2n/4P2P/3P1P1N/PPP5/RNBQK2R b KQ - 0 12,g5h6
46,atehsaz,EulerE,1165,1197,r2q1rk1/ppp5/2n1p2p/2bpp2n/4P2P/3P1P1N/PPP5/RNBQK2R w KQ - 0 13,g7h6
46,atehsaz,EulerE,1165,1197,r2q1rk1/ppp5/2n1p2p/2bpp2n/4P2P/3P1P1N/PPP5/RNBQK1R1 b Q - 1 13,h1g1
46,atehsaz,EulerE,1165,1197,r2q1rk1/ppp3n1/2n1p2p/2bpp3/4P2P/3P1P1N/PPP5/RNBQK1R1 w Q - 2 14,h5g7
46,atehsaz,EulerE,1165,1197,r2q1rk1/ppp3n1/2n1p2B/2bpp3/4P2P/3P1P1N/PPP5/RN1QK1R1 b Q - 0 14,c1h6
46,atehsaz,EulerE,1165,1197,r2q2k1/ppp2rn1/2n1p2B/2bpp3/4P2P/3P1P1N/PPP5/RN1QK1R1 w Q - 1 15,f8f7
46,atehsaz,EulerE,1165,1197,r2q2k1/ppp2rn1/2n1p2B/2bpp3/4P2P/3P1P1N/PPP3R1/RN1QK3 b Q - 2 15,g1g2
46,atehsaz,EulerE,1165,1197,r5k1/ppp2rn1/2n1p2B/2bpp3/4P2q/3P1P1N/PPP3R1/RN1QK3 w Q - 0 16,d8h4
46,atehsaz,EulerE,1165,1197,r5k1/ppp2rn1/2n1p2B/2bpp3/4P2q/3P1P1N/PPP1K1R1/RN1Q4 b - - 1 16,e1e2
46,atehsaz,EulerE,1165,1197,r5k1/ppp2rn1/2n1p2q/2bpp3/4P3/3P1P1N/PPP1K1R1/RN1Q4 w - - 0 17,h4h6
46,atehsaz,EulerE,1165,1197,r5k1/ppp2rn1/2n1p2q/2bpp1N1/4P3/3P1P2/PPP1K1R1/RN1Q4 b - - 1 17,h3g5
46,atehsaz,EulerE,1165,1197,r5k1/pppr2n1/2n1p2q/2bpp1N1/4P3/3P1P2/PPP1K1R1/RN1Q4 w - - 2 18,f7d7
46,atehsaz,EulerE,1165,1197,r5k1/pppr2n1/2n1p2q/2bpp1N1/4P3/2PP1P2/PP2K1R1/RN1Q4 b - - 0 18,c2c3
46,atehsaz,EulerE,1165,1197,r5k1/pppr2n1/2n1p2q/2b1p1N1/3pP3/2PP1P2/PP2K1R1/RN1Q4 w - - 0 19,d5d4
46,atehsaz,EulerE,1165,1197,r5k1/pppr2n1/2n1p2q/2b1p1N1/3pP3/2PP1P2/PP2K1R1/RN4Q1 b - - 1 19,d1g1
46,atehsaz,EulerE,1165,1197,r5k1/pppr2n1/2n1p2q/2b1p1N1/4P3/2pP1P2/PP2K1R1/RN4Q1 w - - 0 20,d4c3
46,atehsaz,EulerE,1165,1197,r5k1/pppr2n1/2n1p2q/2Q1p1N1/4P3/2pP1P2/PP2K1R1/RN6 b - - 0 20,g1c5
46,atehsaz,EulerE,1165,1197,r5k1/pppr2n1/2n1p2q/2Q1p1N1/4P3/3P1P2/Pp2K1R1/RN6 w - - 0 21,c3b2
46,atehsaz,EulerE,1165,1197,r5k1/pppr2n1/2n1p2q/4p1N1/4P3/2QP1P2/Pp2K1R1/RN6 b - - 1 21,c5c3
46,atehsaz,EulerE,1165,1197,r5k1/pppr2n1/2n1p2q/4p1N1/4P3/2QP1P2/P3K1R1/qN6 w - - 0 22,b2a1q
46,atehsaz,EulerE,1165,1197,r5k1/pppr2n1/2n1p2q/4p1N1/4P3/3P1P2/P3K1R1/QN6 b - - 0 22,c3a1
46,atehsaz,EulerE,1165,1197,r5k1/pppr2n1/4p2q/4p1N1/3nP3/3P1P2/P3K1R1/QN6 w - - 1 23,c6d4
46,atehsaz,EulerE,1165,1197,r5k1/pppr2n1/4p2q/4p1N1/3nP3/3PKP2/P5R1/QN6 b - - 2 23,e2e3
46,atehsaz,EulerE,1165,1197,5rk1/pppr2n1/4p2q/4p1N1/3nP3/3PKP2/P5R1/QN6 w - - 3 24,a8f8
46,atehsaz,EulerE,1165,1197,5rk1/pppr2n1/4p2q/4p1N1/3nP3/2NPKP2/P5R1/Q7 b - - 4 24,b1c3
46,atehsaz,EulerE,1165,1197,6k1/pppr2n1/4pr1q/4p1N1/3nP3/2NPKP2/P5R1/Q7 w - - 5 25,f8f6
46,atehsaz,EulerE,1165,1197,6k1/pppr2n1/4pr1q/4p1N1/3nP3/2NPKP2/P5R1/6Q1 b - - 6 25,a1g1
46,atehsaz,EulerE,1165,1197,6k1/pppr2n1/4p1rq/4p1N1/3nP3/2NPKP2/P5R1/6Q1 w - - 7 26,f6g6
46,atehsaz,EulerE,1165,1197,6k1/pppr2n1/4p1rq/4p1N1/3nP3/2NPKP2/P6R/6Q1 b - - 8 26,g2h2
46,atehsaz,EulerE,1165,1197,6k1/pppr4/4p1rq/4p1Nn/3nP3/2NPKP2/P6R/6Q1 w - - 9 27,g7h5
46,atehsaz,EulerE,1165,1197,6k1/pppr4/4p1rq/4p1Nn/3nP3/2NP1P2/P2K3R/6Q1 b - - 10 27,e3d2
46,atehsaz,EulerE,1165,1197,6k1/pppr4/4p2q/4p1rn/3nP3/2NP1P2/P2K3R/6Q1 w - - 0 28,g6g5
47,OgnjenNikcevic10,EulerE,1199,1189,rnbqkbnr/pppppppp/8/8/4P3/8/PPPP1PPP/RNBQKBNR b KQkq - 0 1,e2e4
47,OgnjenNikcevic10,EulerE,1199,1189,rnbqkbnr/pppp1ppp/8/4p3/4P3/8/PPPP1PPP/RNBQKBNR w KQkq - 0 2,e7e5
47,OgnjenNikcevic10,EulerE,1199,1189,rnbqkbnr/pppp1ppp/8/4p3/4P3/5Q2/PPPP1PPP/RNB1KBNR b KQkq - 1 2,d1f3
47,OgnjenNikcevic10,EulerE,1199,1189,r1bqkbnr/pppp1ppp/2n5/4p3/4P3/5Q2/PPPP1PPP/RNB1KBNR w KQkq - 2 3,b8c6
47,OgnjenNikcevic10,EulerE,1199,1189,r1bqkbnr/pppp1ppp/2n5/4p3/2B1P3/5Q2/PPPP1PPP/RNB1K1NR b KQkq - 3 3,f1c4
47,OgnjenNikcevic10,EulerE,1199,1189,r1bqkb1r/pppp1ppp/2n2n2/4p3/2B1P3/5Q2/PPPP1PPP/RNB1K1NR w KQkq - 4 4,g8f6
47,OgnjenNikcevic10,EulerE,1199,1189,r1bqkb1r/pppp1ppp/2n2n2/4p3/2B1P3/3P1Q2/PPP2PPP/RNB1K1NR b KQkq - 0 4,d2d3
47,OgnjenNikcevic10,EulerE,1199,1189,r1bqkb1r/pppp1ppp/5n2/4p3/2BnP3/3P1Q2/PPP2PPP/RNB1K1NR w KQkq - 1 5,c6d4
47,OgnjenNikcevic10,EulerE,1199,1189,r1bqkb1r/pppp1ppp/5n2/4p3/2BnP3/3P4/PPP2PPP/RNBQK1NR b KQkq - 2 5,f3d1
47,OgnjenNikcevic10,EulerE,1199,1189,r1bqkb1r/ppp2ppp/3p1n2/4p3/2BnP3/3P4/PPP2PPP/RNBQK1NR w KQkq - 0 6,d7d6
47,OgnjenNikcevic10,EulerE,1199,1189,r1bqkb1r/ppp2ppp/3p1n2/4p3/2BnP3/2PP4/PP3PPP/RNBQK1NR b KQkq - 0 6,c2c3
47,OgnjenNikcevic10,EulerE,1199,1189,r1bqkb1r/ppp2ppp/3pnn2/4p3/2B1P3/2PP4/PP3PPP/RNBQK1NR w KQkq - 1 7,d4e6
47,OgnjenNikcevic10,EulerE,1199,1189,r1bqkb1r/ppp2ppp/3pnn2/4p1B1/2B1P3/2PP4/PP3PPP/RN1QK1NR b KQkq - 2 7,c1g5
47,OgnjenNikcevic10,EulerE,1199,1189,r1bqkb1r/ppp2ppp/3p1n2/4p1n1/2B1P3/2PP4/PP3PPP/RN1QK1NR w KQkq - 0 8,e6g5
47,OgnjenNikcevic10,EulerE,1199,1189,r1bqkb1r/ppp2ppp/3p1n2/4p1n1/2B1P2P/2PP4/PP3PP1/RN1QK1NR b KQkq - 0 8,h2h4
47,OgnjenNikcevic10,EulerE,1199,1189,r1bqkb1r/ppp2ppp/3pnn2/4p3/2B1P2P/2PP4/PP3PP1/RN1QK1NR w KQkq - 1 9,g5e6
47,OgnjenNikcevic10,EulerE,1199,1189,r1bqkb1r/ppp2ppp/3pnn2/4p3/2B1P2P/2PP1Q2/PP3PP1/RN2K1NR b KQkq - 2 9,d1f3
47,OgnjenNikcevic10,EulerE,1199,1189,r1bqkb1r/ppp2p1p/3pnnp1/4p3/2B1P2P/2PP1Q2/PP3PP1/RN2K1NR w KQkq - 0 10,g7g6
47,OgnjenNikcevic10,EulerE,1199,1189,r1bqkb1r/ppp2p1p/3pnnp1/4p3/2B1P2P/2PP1Q1N/PP3PP1/RN2K2R b KQkq - 1 10,g1h3
47,OgnjenNikcevic10,EulerE,1199,1189,r1bqk2r/ppp2pbp/3pnnp1/4p3/2B1P2P/2PP1Q1N/PP3PP1/RN2K2R w KQkq - 2 11,f8g7
47,OgnjenNikcevic10,EulerE,1199,1189,r1bqk2r/ppp2pbp/3pnnp1/4p3/2B1P2P/N1PP1Q1N/PP3PP1/R3K2R b KQkq - 3 11,b1a3
47,OgnjenNikcevic10,EulerE,1199,1189,r1bq1rk1/ppp2pbp/3pnnp1/4p3/2B1P2P/N1PP1Q1N/PP3PP1/R3K2R w KQ - 4 12,e8g8
47,OgnjenNikcevic10,EulerE,1199,1189,r1bq1rk1/ppp2pbp/3pnnp1/4p1N1/2B1P2P/N1PP1Q2/PP3PP1/R3K2R b KQ - 5 12,h3g5
47,OgnjenNikcevic10,EulerE,1199,1189,r1bq1rk1/ppp2pbp/3p1np1/4p1n1/2B1P2P/N1PP1Q2/PP3PP1/R3K2R w KQ - 0 13,e6g5
47,OgnjenNikcevic10,EulerE,1199,1189,r1bq1rk1/ppp2pbp/3p1np1/4p1P1/2B1P3/N1PP1Q2/PP3PP1/R3K2R b KQ - 0 13,h4g5
47,OgnjenNikcevic10,EulerE,1199,1189,r1bq1rk1/pppn1pbp/3p2p1/4p1P1/2B1P3/N1PP1Q2/PP3PP1/R3K2R w KQ - 1 14,f6d7
47,OgnjenNikcevic10,EulerE,1199,1189,r1bq1rk1/pppn1pbp/3p2p1/4p1P1/2B1P3/N1PP3Q/PP3PP1/R3K2R b KQ - 2 14,f3h3
47,OgnjenNikcevic10,EulerE,1199,1189,r1bq1rk1/pppn1pb1/3p2pp/4p1P1/2B1P3/N1PP3Q/PP3PP1/R3K2R w KQ - 0 15,h7h6
47,OgnjenNikcevic10,EulerE,1199,1189,r1bq1rk1/pppn1pb1/3p2pP/4p3/2B1P3/N1PP3Q/PP3PP1/R3K2R b KQ - 0 15,g5h6
47,OgnjenNikcevic10,EulerE,1199,1189,r1bq1rkb/pppn1p2/3p2pP/4p3/2B1P3/N1PP3Q/PP3PP1/R3K2R w KQ - 1 16,g7h8
47,OgnjenNikcevic10,EulerE,1199,1189,r1bq1rkb/pppn1p1P/3p2p1/4p3/2B1P3/N1PP3Q/PP3PP1/R3K2R b KQ - 0 16,h6h7
47,OgnjenNikcevic10,EulerE,1199,1189,r1bq1r1b/pppn1pkP/3p2p1/4p3/2B1P3/N1PP3Q/PP3PP1/R3K2R w KQ - 1 17,g8g7
47,OgnjenNikcevic10,EulerE,1199,1189,r1bq1r1b/pppn1pkP/3p2pQ/4p3/2B1P3/N1PP4/PP3PP1/R3K2R b KQ - 2 17,h3h6
47,OgnjenNikcevic10,EulerE,1199,1189,r1bq1r1b/pppn1p1P/3p1kpQ/4p3/2B1P3/N1PP4/PP3PP1/R3K2R w KQ - 3 18,g7f6
47,OgnjenNikcevic10,EulerE,1199,1189,r1bq1r1b/pppn1p1P/3p1kpQ/4p3/2B1P1P1/N1PP4/PP3P2/R3K2R b KQ - 0 18,g2g4
47,OgnjenNikcevic10,EulerE,1199,1189,r1bq1r1b/ppp2p1P/1n1p1kpQ/4p3/2B1P1P1/N1PP4/PP3P2/R3K2R w KQ - 1 19,d7b6
47,OgnjenNikcevic10,EulerE,1199,1189,r1bq1r1b/ppp2p1P/1n1p1kpQ/4p1P1/2B1P3/N1PP4/PP3P2/R3K2R b KQ - 0 19,g4g5
47,OgnjenNikcevic10,EulerE,1199,1189,r1bq1r1b/ppp1kp1P/1n1p2pQ/4p1P1/2B1P3/N1PP4/PP3P2/R3K2R w KQ - 1 20,f6e7
47,OgnjenNikcevic10,EulerE,1199,1189,r1bq1r1b/ppp1kp1P/1n1p2pQ/4p1P1/2BPP3/N1P5/PP3P2/R3K2R b KQ - 0 20,d3d4
47,OgnjenNikcevic10,EulerE,1199,1189,r1bq1r1b/ppp1kp1P/3p2pQ/4p1P1/2nPP3/N1P5/PP3P2/R3K2R w KQ - 0 21,b6c4
47,OgnjenNikcevic10,EulerE,1199,1189,r1bq1r1b/ppp1kp1P/3p2pQ/4p1P1/2NPP3/2P5/PP3P2/R3K2R b KQ - 0 21,a3c4
47,OgnjenNikcevic10,EulerE,1199,1189,r1bq1r2/ppp1kpbP/3p2pQ/4p1P1/2NPP3/2P5/PP3P2/R3K2R w KQ - 1 22,h8g7
47,OgnjenNikcevic10,EulerE,1199,1189,r1bq1r2/ppp1kpQP/3p2p1/4p1P1/2NPP3/2P5/PP3P2/R3K2R b KQ - 0 22,h6g7
48,EulerE,ghoul85,1196,1154,rnbqkbnr/pppppppp/8/8/3P4/8/PPP1PPPP/RNBQKBNR b KQkq - 0 1,d2d4
48,EulerE,ghoul85,1196,1154,rnbqkbnr/ppp1pppp/8/3p4/3P4/8/PPP1PPPP/RNBQKBNR w KQkq - 0 2,d7d5
48,EulerE,ghoul85,1196,1154,rnbqkbnr/ppp1pppp/8/3p4/2PP4/8/PP2PPPP/RNBQKBNR b KQkq - 0 2,c2c4
48,EulerE,ghoul85,1196,1154,rnbqkb1r/ppp1pppp/5n2/3p4/2PP4/8/PP2PPPP/RNBQKBNR w KQkq - 1 3,g8f6
48,EulerE,ghoul85,1196,1154,rnbqkb1r/ppp1pppp/5n2/3p4/2PP4/5N2/PP2PPPP/RNBQKB1R b KQkq - 2 3,g1f3
48,EulerE,ghoul85,1196,1154,rnbqkb1r/ppp1pppp/5n2/8/2pP4/5N2/PP2PPPP/RNBQKB1R w KQkq - 0 4,d5c4
48,EulerE,ghoul85,1196,1154,rnbqkb1r/ppp1pppp/5n2/8/2pP4/2N2N2/PP2PPPP/R1BQKB1R b KQkq - 1 4,b1c3
48,EulerE,ghoul85,1196,1154,rnbqkb1r/ppp2ppp/4pn2/8/2pP4/2N2N2/PP2PPPP/R1BQKB1R w KQkq - 0 5,e7e6
48,EulerE,ghoul85,1196,1154,rnbqkb1r/ppp2ppp/4pn2/8/2pPP3/2N2N2/PP3PPP/R1BQKB1R b KQkq - 0 5,e2e4
48,EulerE,ghoul85,1196,1154,rnbqkb1r/p1p2ppp/4pn2/1p6/2pPP3/2N2N2/PP3PPP/R1BQKB1R w KQkq - 0 6,b7b5
48,EulerE,ghoul85,1196,1154,rnbqkb1r/p1p2ppp/4pn2/1N6/2pPP3/5N2/PP3PPP/R1BQKB1R b KQkq - 0 6,c3b5
48,EulerE,ghoul85,1196,1154,rn1qkb1r/p1p2ppp/b3pn2/1N6/2pPP3/5N2/PP3PPP/R1BQKB1R w KQkq - 1 7,c8a6
48,EulerE,ghoul85,1196,1154,rn1qkb1r/p1p2ppp/b3pn2/8/2pPP3/2N2N2/PP3PPP/R1BQKB1R b KQkq - 2 7,b5c3
48,EulerE,ghoul85,1196,1154,r2qkb1r/p1p2ppp/b1n1pn2/8/2pPP3/2N2N2/PP3PPP/R1BQKB1R w KQkq - 3 8,b8c6
48,EulerE,ghoul85,1196,1154,r2qkb1r/p1p2ppp/b1n1pn2/8/Q1pPP3/2N2N2/PP3PPP/R1B1KB1R b KQkq - 4 8,d1a4
48,EulerE,ghoul85,1196,1154,r2qkb1r/pbp2ppp/2n1pn2/8/Q1pPP3/2N2N2/PP3PPP/R1B1KB1R w KQkq - 5 9,a6b7
48,EulerE,ghoul85,1196,1154,r2qkb1r/pbp2ppp/2n1pn2/3P4/Q1p1P3/2N2N2/PP3PPP/R1B1KB1R b KQkq - 0 9,d4d5
48,EulerE,ghoul85,1196,1154,r2qkb1r/pbp2ppp/2n2n2/3p4/Q1p1P3/2N2N2/PP3PPP/R1B1KB1R w KQkq - 0 10,e6d5
48,EulerE,ghoul85,1196,1154,r2qkb1r/pbp2ppp/2n2n2/3P4/Q1p5/2N2N2/PP3PPP/R1B1KB1R b KQkq - 0 10,e4d5
48,EulerE,ghoul85,1196,1154,r3kb1r/pbp1qppp/2n2n2/3P4/Q1p5/2N2N2/PP3PPP/R1B1KB1R w KQkq - 1 11,d8e7
48,EulerE,ghoul85,1196,1154,r3kb1r/pbp1qppp/2n2n2/3P4/Q1p5/2N1BN2/PP3PPP/R3KB1R b KQkq - 2 11,c1e3
48,EulerE,ghoul85,1196,1154,r3kb1r/pbp1qppp/2n5/3n4/Q1p5/2N1BN2/PP3PPP/R3KB1R w KQkq - 0 12,f6d5
48,EulerE,ghoul85,1196,1154,r3kb1r/pbp1qppp/2n5/3N4/Q1p5/4BN2/PP3PPP/R3KB1R b KQkq - 0 12,c3d5
48,EulerE,ghoul85,1196,1154,r3kb1r/pbp2ppp/2nq4/3N4/Q1p5/4BN2/PP3PPP/R3KB1R w KQkq - 1 13,e7d6
48,EulerE,ghoul85,1196,1154,r3kb1r/pbp2ppp/2nq4/3N4/Q1p5/4BN2/PP3PPP/2KR1B1R b kq - 2 13,e1c1
48,EulerE,ghoul85,1196,1154,r3kb1r/pbp2p1p/2nq2p1/3N4/Q1p5/4BN2/PP3PPP/2KR1B1R w kq - 0 14,g7g6
48,EulerE,ghoul85,1196,1154,r3kb1r/pbp2p1p/2nq2p1/3N4/Q1B5/4BN2/PP3PPP/2KR3R b kq - 0 14,f1c4
48,EulerE,ghoul85,1196,1154,r3k2r/pbp2pbp/2nq2p1/3N4/Q1B5/4BN2/PP3PPP/2KR3R w kq - 1 15,f8g7
48,EulerE,ghoul85,1196,1154,r3k2r/pbp2pbp/2nq2p1/3N4/Q1BB4/5N2/PP3PPP/2KR3R b kq - 2 15,e3d4
48,EulerE,ghoul85,1196,1154,r4rk1/pbp2pbp/2nq2p1/3N4/Q1BB4/5N2/PP3PPP/2KR3R w - - 3 16,e8g8
48,EulerE,ghoul85,1196,1154,r4rk1/pbp2pBp/2nq2p1/3N4/Q1B5/5N2/PP3PPP/2KR3R b - - 0 16,d4g7
48,EulerE,ghoul85,1196,1154,r4r2/pbp2pkp/2nq2p1/3N4/Q1B5/5N2/PP3PPP/2KR3R w - - 0 17,g8g7
48,EulerE,ghoul85,1196,1154,r4r2/pbp2pkp/2nq2p1/3N4/Q1B5/5N2/PP3PPP/2KRR3 b - - 1 17,h1e1
48,EulerE,ghoul85,1196,1154,r4r2/1bp2pkp/2nq2p1/p2N4/Q1B5/5N2/PP3PPP/2KRR3 w - - 0 18,a7a5
48,EulerE,ghoul85,1196,1154,r4r2/1bp2pkp/2nq2p1/p2N4/Q1BN4/8/PP3PPP/2KRR3 b - - 1 18,f3d4
48,EulerE,ghoul85,1196,1154,r4r2/1bp2pkp/3q2p1/p2N4/Q1Bn4/8/PP3PPP/2KRR3 w - - 0 19,c6d4
48,EulerE,ghoul85,1196,1154,r4r2/1bp2pkp/3q2p1/p2N4/Q1BR4/8/PP3PPP/2K1R3 b - - 0 19,d1d4
48,EulerE,ghoul85,1196,1154,r4r2/2p2pkp/3q2p1/p2b4/Q1BR4/8/PP3PPP/2K1R3 w - - 0 20,b7d5
48,EulerE,ghoul85,1196,1154,r4r2/2p2pkp/3q2p1/p2B4/Q2R4/8/PP3PPP/2K1R3 b - - 0 20,c4d5
48,EulerE,ghoul85,1196,1154,r4r2/2p2pkp/6p1/p2B4/Q2R4/8/PP3PPq/2K1R3 w - - 0 21,d6h2
48,EulerE,ghoul85,1196,1154,B4r2/2p2pkp/6p1/p7/Q2R4/8/PP3PPq/2K1R3 b - - 0 21,d5a8
48,EulerE,ghoul85,1196,1154,r7/2p2pkp/6p1/p7/Q2R4/8/PP3PPq/2K1R3 w - - 0 22,f8a8
48,EulerE,ghoul85,1196,1154,r7/2p2pkp/2Q3p1/p7/3R4/8/PP3PPq/2K1R3 b - - 1 22,a4c6
48,EulerE,ghoul85,1196,1154,1r6/2p2pkp/2Q3p1/p7/3R4/8/PP3PPq/2K1R3 w - - 2 23,a8b8
48,EulerE,ghoul85,1196,1154,1r6/2p2pkp/6p1/p7/3R4/2Q5/PP3PPq/2K1R3 b - - 3 23,c6c3
48,EulerE,ghoul85,1196,1154,1r6/2p2pkp/6p1/p7/3R4/2Q5/PP3Pq1/2K1R3 w - - 0 24,h2g2
48,EulerE,ghoul85,1196,1154,1r6/2p2pkp/6p1/p7/6R1/2Q5/PP3Pq1/2K1R3 b - - 1 24,d4g4
49,mario071,EulerE,1269,1190,rnbqkbnr/pppppppp/8/8/4P3/8/PPPP1PPP/RNBQKBNR b KQkq - 0 1,e2e4
49,mario071,EulerE,1269,1190,rnbqkbnr/pppp1ppp/8/4p3/4P3/8/PPPP1PPP/RNBQKBNR w KQkq - 0 2,e7e5
49,mario071,EulerE,1269,1190,rnbqkbnr/pppp1ppp/8/4p3/3PP3/8/PPP2PPP/RNBQKBNR b KQkq - 0 2,d2d4
49,mario071,EulerE,1269,1190,rnbqkbnr/pppp2pp/5p2/4p3/3PP3/8/PPP2PPP/RNBQKBNR w KQkq - 0 3,f7f6
49,mario071,EulerE,1269,1190,rnbqkbnr/pppp2pp/5p2/4p3/3PP3/5N2/PPP2PPP/RNBQKB1R b KQkq - 1 3,g1f3
49,mario071,EulerE,1269,1190,r1bqkbnr/pppp2pp/2n2p2/4p3/3PP3/5N2/PPP2PPP/RNBQKB1R w KQkq - 2 4,b8c6
49,mario071,EulerE,1269,1190,r1bqkbnr/pppp2pp/2n2p2/3Pp3/4P3/5N2/PPP2PPP/RNBQKB1R b KQkq - 0 4,d4d5
49,mario071,EulerE,1269,1190,r1bqkbnr/pppp2pp/5p2/n2Pp3/4P3/5N2/PPP2PPP/RNBQKB1R w KQkq - 1 5,c6a5
49,mario071,EulerE,1269,1190,r1bqkbnr/pppp2pp/5p2/n2Pp3/1P2P3/5N2/P1P2PPP/RNBQKB1R b KQkq - 0 5,b2b4
49,mario071,EulerE,1269,1190,r1bqkbnr/pppp2pp/5p2/3Pp3/1Pn1P3/5N2/P1P2PPP/RNBQKB1R w KQkq - 1 6,a5c4
49,mario071,EulerE,1269,1190,r1bqkbnr/pppp2pp/5p2/3Pp3/1PB1P3/5N2/P1P2PPP/RNBQK2R b KQkq - 0 6,f1c4
50,Potopalo,EulerE,1227,1183,rnbqkbnr/pppppppp/8/8/4P3/8/PPPP1PPP/RNBQKBNR b KQkq - 0 1,e2e4
50,Potopalo,EulerE,1227,1183,rnbqkbnr/pppp1ppp/8/4p3/4P3/8/PPPP1PPP/RNBQKBNR w KQkq - 0 2,e7e5
50,Potopalo,EulerE,1227,1183,rnbqkbnr/pppp1ppp/8/4p3/4P3/5N2/PPPP1PPP/RNBQKB1R b KQkq - 1 2,g1f3
50,Potopalo,EulerE,1227,1183,r1bqkbnr/pppp1ppp/2n5/4p3/4P3/5N2/PPPP1PPP/RNBQKB1R w KQkq - 2 3,b8c6
50,Potopalo,EulerE,1227,1183,r1bqkbnr/pppp1ppp/2n5/4p3/4P3/2N2N2/PPPP1PPP/R1BQKB1R b KQkq - 3 3,b1c3
50,Potopalo,EulerE,1227,1183,r1bqk1nr/pppp1ppp/2n5/2b1p3/4P3/2N2N2/PPPP1PPP/R1BQKB1R w KQkq - 4 4,f8c5
50,Potopalo,EulerE,1227,1183,r1bqk1nr/pppp1ppp/2n5/2b1p3/2B1P3/2N2N2/PPPP1PPP/R1BQK2R b KQkq - 5 4,f1c4
50,Potopalo,EulerE,1227,1183,r1bqk1nr/1ppp1ppp/p1n5/2b1p3/2B1P3/2N2N2/PPPP1PPP/R1BQK2R w KQkq - 0 5,a7a6
50,Potopalo,EulerE,1227,1183,r1bqk1nr/1ppp1ppp/p1n5/2b1p3/2B1P3/2NP1N2/PPP2PPP/R1BQK2R b KQkq - 0 5,d2d3
50,Potopalo,EulerE,1227,1183,r1bqk2r/1ppp1ppp/p1n2n2/2b1p3/2B1P3/2NP1N2/PPP2PPP/R1BQK2R w KQkq - 1 6,g8f6
50,Potopalo,EulerE,1227,1183,r1bqk2r/1ppp1ppp/p1n2n2/2b1p1N1/2B1P3/2NP4/PPP2PPP/R1BQK2R b KQkq - 2 6,f3g5
50,Potopalo,EulerE,1227,1183,r1bq1rk1/1ppp1ppp/p1n2n2/2b1p1N1/2B1P3/2NP4/PPP2PPP/R1BQK2R w KQ - 3 7,e8g8
50,Potopalo,EulerE,1227,1183,r1bq1rk1/1ppp1Npp/p1n2n2/2b1p3/2B1P3/2NP4/PPP2PPP/R1BQK2R b KQ - 0 7,g5f7
50,Potopalo,EulerE,1227,1183,r1bq2k1/1ppp1rpp/p1n2n2/2b1p3/2B1P3/2NP4/PPP2PPP/R1BQK2R w KQ - 0 8,f8f7
50,Potopalo,EulerE,1227,1183,r1bq2k1/1ppp1Bpp/p1n2n2/2b1p3/4P3/2NP4/PPP2PPP/R1BQK2R b KQ - 0 8,c4f7
50,Potopalo,EulerE,1227,1183,r1bq4/1ppp1kpp/p1n2n2/2b1p3/4P3/2NP4/PPP2PPP/R1BQK2R w KQ - 0 9,g8f7
50,Potopalo,EulerE,1227,1183,r1bq4/1ppp1kpp/p1n2n2/2b1p3/4P3/2NP3P/PPP2PP1/R1BQK2R b KQ - 0 9,h2h3
50,Potopalo,EulerE,1227,1183,r1bq4/1pp2kpp/p1n2n2/2bpp3/4P3/2NP3P/PPP2PP1/R1BQK2R w KQ - 0 10,d7d5
50,Potopalo,EulerE,1227,1183,r1bq4/1pp2kpp/p1n2n2/2bPp3/8/2NP3P/PPP2PP1/R1BQK2R b KQ - 0 10,e4d5
50,Potopalo,EulerE,1227,1183,r1bq4/1pp2kpp/p1n5/2bnp3/8/2NP3P/PPP2PP1/R1BQK2R w KQ - 0 11,f6d5
50,Potopalo,EulerE,1227,1183,r1bq4/1pp2kpp/p1n5/2bnp3/8/2NP1Q1P/PPP2PP1/R1B1K2R b KQ - 1 11,d1f3
50,Potopalo,EulerE,1227,1183,r1bq2k1/1pp3pp/p1n5/2bnp3/8/2NP1Q1P/PPP2PP1/R1B1K2R w KQ - 2 12,f7g8
50,Potopalo,EulerE,1227,1183,r1bq2k1/1pp3pp/p1n5/2bNp3/8/3P1Q1P/PPP2PP1/R1B1K2R b KQ - 0 12,c3d5
50,Potopalo,EulerE,1227,1183,r1bq2k1/1pp3pp/p7/2bNp3/3n4/3P1Q1P/PPP2PP1/R1B1K2R w KQ - 1 13,c6d4
50,Potopalo,EulerE,1227,1183,r1bq2k1/1pp3pp/p4N2/2b1p3/3n4/3P1Q1P/PPP2PP1/R1B1K2R b KQ - 2 13,d5f6
50,Potopalo,EulerE,1227,1183,r1b3k1/1pp3pp/p4q2/2b1p3/3n4/3P1Q1P/PPP2PP1/R1B1K2R w KQ - 0 14,d8f6
50,Potopalo,EulerE,1227,1183,r1b3k1/1pp3pp/p4q2/2bQp3/3n4/3P3P/PPP2PP1/R1B1K2R b KQ - 1 14,f3d5
50,Potopalo,EulerE,1227,1183,r1b3k1/1pp3pp/p3nq2/2bQp3/8/3P3P/PPP2PP1/R1B1K2R w KQ - 2 15,d4e6
50,Potopalo,EulerE,1227,1183,r1b3k1/1pp3pp/p3nq2/2bQp3/8/3P3P/PPPB1PP1/R3K2R b KQ - 3 15,c1d2
50,Potopalo,EulerE,1227,1183,r1b3k1/1pp3pp/p3n3/2bQp3/8/3P3P/PPPB1qP1/R3K2R w KQ - 0 16,f6f2
50,Potopalo,EulerE,1227,1183,r1b3k1/1pp3pp/p3n3/2bQp3/8/3P3P/PPPB1qP1/R2K3R b - - 1 16,e1d1
50,Potopalo,EulerE,1227,1183,r1b3k1/1pp3pp/p3n3/3Qp3/8/3Pb2P/PPPB1qP1/R2K3R w - - 2 17,c5e3
50,Potopalo,EulerE,1227,1183,r1b3k1/1pp3pp/p3n3/3Qp3/8/3PB2P/PPP2qP1/R2K3R b - - 0 17,d2e3
50,Potopalo,EulerE,1227,1183,r1b3k1/1pp3pp/p3n3/3Qp3/8/3Pq2P/PPP3P1/R2K3R w - - 0 18,f2e3
50,Potopalo,EulerE,1227,1183,r1b3k1/1pp3pp/p3n3/3Qp3/8/3Pq2P/PPP3P1/R2KR3 b - - 1 18,h1e1
50,Potopalo,EulerE,1227,1183,r1b3k1/1pp3pp/p3n3/3Qp1q1/8/3P3P/PPP3P1/R2KR3 w - - 2 19,e3g5
50,Potopalo,EulerE,1227,1183,r1b3k1/1pp3pp/p3n3/3QR1q1/8/3P3P/PPP3P1/R2K4 b - - 0 19,e1e5
50,Potopalo,EulerE,1227,1183,r1b3k1/1pp3pp/p3n3/3QR3/8/3P3P/PPP3q1/R2K4 w - - 0 20,g5g2
50,Potopalo,EulerE,1227,1183,r1b3k1/1pp3pp/p3n3/4R3/8/3P3P/PPP3Q1/R2K4 b - - 0 20,d5g2
