game_id,white,black,white_elo,black_elo,chess_fen,move_made
1,ahmedfahmy791,EulerE,1080,1117,rnbqkbnr/pppppppp/8/8/4P3/8/PPPP1PPP/RNBQKBNR b KQkq - 0 1,e2e4
1,ahmedfahmy791,EulerE,1080,1117,rnbqkbnr/pppp1ppp/8/4p3/4P3/8/PPPP1PPP/RNBQKBNR w KQkq - 0 2,e7e5
1,ahmedfahmy791,EulerE,1080,1117,rnbqkbnr/pppp1ppp/8/4p3/4P3/5N2/PPPP1PPP/RNBQKB1R b KQkq - 1 2,g1f3
1,ahmedfahmy791,EulerE,1080,1117,r1bqkbnr/pppp1ppp/2n5/4p3/4P3/5N2/PPPP1PPP/RNBQKB1R w KQkq - 2 3,b8c6
1,ahmedfahmy791,EulerE,1080,1117,r1bqkbnr/pppp1ppp/2n5/4p3/3PP3/5N2/PPP2PPP/RNBQKB1R b KQkq - 0 3,d2d4
1,ahmedfahmy791,EulerE,1080,1117,r1bqkbnr/pppp1ppp/2n5/8/3pP3/5N2/PPP2PPP/RNBQKB1R w KQkq - 0 4,e5d4
1,ahmedfahmy791,EulerE,1080,1117,r1bqkbnr/pppp1ppp/2n5/8/3NP3/8/PPP2PPP/RNBQKB1R b KQkq - 0 4,f3d4
1,ahmedfahmy791,EulerE,1080,1117,r1bqkbnr/pppp1ppp/8/8/3nP3/8/PPP2PPP/RNBQKB1R w KQkq - 0 5,c6d4
1,ahmedfahmy791,EulerE,1080,1117,r1bqkbnr/pppp1ppp/8/8/3QP3/8/PPP2PPP/RNB1KB1R b KQkq - 0 5,d1d4
1,ahmedfahmy791,EulerE,1080,1117,r1bqkbnr/ppp2ppp/3p4/8/3QP3/8/PPP2PPP/RNB1KB1R w KQkq - 0 6,d7d6
1,ahmedfahmy791,EulerE,1080,1117,r1bqkbnr/ppp2ppp/3p4/4P3/3Q4/8/PPP2PPP/RNB1KB1R b KQkq - 0 6,e4e5
1,ahmedfahmy791,EulerE,1080,1117,r2qkbnr/ppp2ppp/3pb3/4P3/3Q4/8/PPP2PPP/RNB1KB1R w KQkq - 1 7,c8e6
1,ahmedfahmy791,EulerE,1080,1117,r2qkbnr/ppp2ppp/3Pb3/8/3Q4/8/PPP2PPP/RNB1KB1R b KQkq - 0 7,e5d6
1,ahmedfahmy791,EulerE,1080,1117,r3kbnr/ppp2ppp/3qb3/8/3Q4/8/PPP2PPP/RNB1KB1R w KQkq - 0 8,d8d6
1,ahmedfahmy791,EulerE,1080,1117,r3kbnr/ppp2ppp/3Qb3/8/8/8/PPP2PPP/RNB1KB1R b KQkq - 0 8,d4d6
1,ahmedfahmy791,EulerE,1080,1117,r3k1nr/ppp2ppp/3bb3/8/8/8/PPP2PPP/RNB1KB1R w KQkq - 0 9,f8d6
1,ahmedfahmy791,EulerE,1080,1117,r3k1nr/ppp2ppp/3bb3/8/8/8/PPPB1PPP/RN2KB1R b KQkq - 1 9,c1d2
1,ahmedfahmy791,EulerE,1080,1117,2kr2nr/ppp2ppp/3bb3/8/8/8/PPPB1PPP/RN2KB1R w KQ - 2 10,e8c8
1,ahmedfahmy791,EulerE,1080,1117,2kr2nr/ppp2ppp/3bb3/8/8/2B5/PPP2PPP/RN2KB1R b KQ - 3 10,d2c3
1,ahmedfahmy791,EulerE,1080,1117,2kr2nr/ppp3pp/3bbp2/8/8/2B5/PPP2PPP/RN2KB1R w KQ - 0 11,f7f6
1,ahmedfahmy791,EulerE,1080,1117,2kr2nr/ppp3pp/3bbp2/8/8/2B5/PPPN1PPP/R3KB1R b KQ - 1 11,b1d2
1,ahmedfahmy791,EulerE,1080,1117,2kr3r/ppp1n1pp/3bbp2/8/8/2B5/PPPN1PPP/R3KB1R w KQ - 2 12,g8e7
1,ahmedfahmy791,EulerE,1080,1117,2kr3r/ppp1n1pp/3bbp2/8/8/2B5/PPPN1PPP/2KR1B1R b - - 3 12,e1c1
1,ahmedfahmy791,EulerE,1080,1117,2kr3r/ppp3pp/3bbp2/3n4/8/2B5/PPPN1PPP/2KR1B1R w - - 4 13,e7d5
1,ahmedfahmy791,EulerE,1080,1117,2kr3r/ppp3pp/3bbp2/3n4/3B4/8/PPPN1PPP/2KR1B1R b - - 5 13,c3d4
1,ahmedfahmy791,EulerE,1080,1117,2kr3r/pp4pp/3bbp2/2pn4/3B4/8/PPPN1PPP/2KR1B1R w - - 0 14,c7c5
1,ahmedfahmy791,EulerE,1080,1117,2kr3r/pp4pp/3bbp2/2pn4/8/4B3/PPPN1PPP/2KR1B1R b - - 1 14,d4e3
1,ahmedfahmy791,EulerE,1080,1117,2kr3r/pp4pp/3bbp2/2p5/8/4n3/PPPN1PPP/2KR1B1R w - - 0 15,d5e3
1,ahmedfahmy791,EulerE,1080,1117,2kr3r/pp4pp/3bbp2/2p5/8/4P3/PPPN2PP/2KR1B1R b - - 0 15,f2e3
1,ahmedfahmy791,EulerE,1080,1117,2kr3r/pp4pp/3b1p2/2p5/8/4P3/bPPN2PP/2KR1B1R w - - 0 16,e6a2
1,ahmedfahmy791,EulerE,1080,1117,2kr3r/pp4pp/3b1p2/2p5/8/1P2P3/b1PN2PP/2KR1B1R b - - 0 16,b2b3
1,ahmedfahmy791,EulerE,1080,1117,2kr3r/pp4pp/5p2/2p1b3/8/1P2P3/b1PN2PP/2KR1B1R w - - 1 17,d6e5
1,ahmedfahmy791,EulerE,1080,1117,2kr3r/pp4pp/5p2/2p1b3/4N3/1P2P3/b1P3PP/2KR1B1R b - - 2 17,d2e4
1,ahmedfahmy791,EulerE,1080,1117,2k4r/pp4pp/5p2/2p1b3/4N3/1P2P3/b1P3PP/2Kr1B1R w - - 0 18,d8d1
1,ahmedfahmy791,EulerE,1080,1117,2k4r/pp4pp/5p2/2p1b3/4N3/1P2P3/b1P3PP/3K1B1R b - - 0 18,c1d1
1,ahmedfahmy791,EulerE,1080,1117,2kr4/pp4pp/5p2/2p1b3/4N3/1P2P3/b1P3PP/3K1B1R w - - 1 19,h8d8
1,ahmedfahmy791,EulerE,1080,1117,2kr4/pp4pp/5p2/2p1b3/4N3/1P2P3/b1P3PP/2K2B1R b - - 2 19,d1c1
1,ahmedfahmy791,EulerE,1080,1117,2kr4/p5pp/1p3p2/2p1b3/4N3/1P2P3/b1P3PP/2K2B1R w - - 0 20,b7b6
1,ahmedfahmy791,EulerE,1080,1117,2kr4/p5pp/Bp3p2/2p1b3/4N3/1P2P3/b1P3PP/2K4R b - - 1 20,f1a6
1,ahmedfahmy791,EulerE,1080,1117,1k1r4/p5pp/Bp3p2/2p1b3/4N3/1P2P3/b1P3PP/2K4R w - - 2 21,c8b8
1,ahmedfahmy791,EulerE,1080,1117,1k1r4/p5pp/Bp3p2/2p1b3/4N3/1P2P3/b1P3PP/2KR4 b - - 3 21,h1d1
1,ahmedfahmy791,EulerE,1080,1117,1k6/p5pp/Bp3p2/2p1b3/4N3/1P2P3/b1P3PP/2Kr4 w - - 0 22,d8d1
1,ahmedfahmy791,EulerE,1080,1117,1k6/p5pp/Bp3p2/2p1b3/4N3/1P2P3/b1P3PP/3K4 b - - 0 22,c1d1
1,ahmedfahmy791,EulerE,1080,1117,1k6/p5pp/Bp3p2/2p5/4N3/1P2P3/b1P3Pb/3K4 w - - 0 23,e5h2
1,ahmedfahmy791,EulerE,1080,1117,1k6/p5pp/Bp3p2/2p5/8/1PN1P3/b1P3Pb/3K4 b - - 1 23,e4c3
1,ahmedfahmy791,EulerE,1080,1117,1k6/p5pp/Bp3p2/2p5/8/1bN1P3/2P3Pb/3K4 w - - 0 24,a2b3
1,ahmedfahmy791,EulerE,1080,1117,1k6/p5pp/Bp3p2/2p5/8/1PN1P3/6Pb/3K4 b - - 0 24,c2b3
1,ahmedfahmy791,EulerE,1080,1117,8/p1k3pp/Bp3p2/2p5/8/1PN1P3/6Pb/3K4 w - - 1 25,b8c7
1,ahmedfahmy791,EulerE,1080,1117,8/p1k3pp/Bp3p2/1Np5/8/1P2P3/6Pb/3K4 b - - 2 25,c3b5
1,ahmedfahmy791,EulerE,1080,1117,1k6/p5pp/Bp3p2/1Np5/8/1P2P3/6Pb/3K4 w - - 3 26,c7b8
2,EulerE,ninzmrqz,1123,997,rnbqkbnr/pppppppp/8/8/3P4/8/PPP1PPPP/RNBQKBNR b KQkq - 0 1,d2d4
2,EulerE,ninzmrqz,1123,997,rnbqkbnr/ppp1pppp/8/3p4/3P4/8/PPP1PPPP/RNBQKBNR w KQkq - 0 2,d7d5
2,EulerE,ninzmrqz,1123,997,rnbqkbnr/ppp1pppp/8/3p4/2PP4/8/PP2PPPP/RNBQKBNR b KQkq - 0 2,c2c4
2,EulerE,ninzmrqz,1123,997,rnbqkb1r/ppp1pppp/5n2/3p4/2PP4/8/PP2PPPP/RNBQKBNR w KQkq - 1 3,g8f6
2,EulerE,ninzmrqz,1123,997,rnbqkb1r/ppp1pppp/5n2/3p4/2PP4/2N5/PP2PPPP/R1BQKBNR b KQkq - 2 3,b1c3
2,EulerE,ninzmrqz,1123,997,rn1qkb1r/ppp1pppp/4bn2/3p4/2PP4/2N5/PP2PPPP/R1BQKBNR w KQkq - 3 4,c8e6
2,EulerE,ninzmrqz,1123,997,rn1qkb1r/ppp1pppp/4bn2/3p4/2PP1B2/2N5/PP2PPPP/R2QKBNR b KQkq - 4 4,c1f4
2,EulerE,ninzmrqz,1123,997,r2qkb1r/ppp1pppp/2n1bn2/3p4/2PP1B2/2N5/PP2PPPP/R2QKBNR w KQkq - 5 5,b8c6
2,EulerE,ninzmrqz,1123,997,r2qkb1r/ppp1pppp/2n1bn2/3p4/2PP1B2/2N2N2/PP2PPPP/R2QKB1R b KQkq - 6 5,g1f3
2,EulerE,ninzmrqz,1123,997,r2qkb1r/ppp1ppp1/2n1bn1p/3p4/2PP1B2/2N2N2/PP2PPPP/R2QKB1R w KQkq - 0 6,h7h6
2,EulerE,ninzmrqz,1123,997,r2qkb1r/ppp1ppp1/2n1bn1p/3p4/2PP1B2/2N1PN2/PP3PPP/R2QKB1R b KQkq - 0 6,e2e3
2,EulerE,ninzmrqz,1123,997,r2qkb1r/ppp1pp2/2n1bn1p/3p2p1/2PP1B2/2N1PN2/PP3PPP/R2QKB1R w KQkq - 0 7,g7g5
2,EulerE,ninzmrqz,1123,997,r2qkb1r/ppp1pp2/2n1bn1p/3pB1p1/2PP4/2N1PN2/PP3PPP/R2QKB1R b KQkq - 1 7,f4e5
2,EulerE,ninzmrqz,1123,997,r2qk2r/ppp1ppb1/2n1bn1p/3pB1p1/2PP4/2N1PN2/PP3PPP/R2QKB1R w KQkq - 2 8,f8g7
2,EulerE,ninzmrqz,1123,997,r2qk2r/ppp1ppb1/2n1bn1p/3PB1p1/3P4/2N1PN2/PP3PPP/R2QKB1R b KQkq - 0 8,c4d5
2,EulerE,ninzmrqz,1123,997,r3k2r/ppp1ppb1/2n1bn1p/3qB1p1/3P4/2N1PN2/PP3PPP/R2QKB1R w KQkq - 0 9,d8d5
2,EulerE,ninzmrqz,1123,997,r3k2r/ppp1ppb1/2n1bn1p/3NB1p1/3P4/4PN2/PP3PPP/R2QKB1R b KQkq - 0 9,c3d5
3,MASTERnen,EulerE,1085,1113,rnbqkbnr/pppppppp/8/8/4P3/8/PPPP1PPP/RNBQKBNR b KQkq - 0 1,e2e4
3,MASTERnen,EulerE,1085,1113,rnbqkbnr/pppp1ppp/8/4p3/4P3/8/PPPP1PPP/RNBQKBNR w KQkq - 0 2,e7e5
3,MASTERnen,EulerE,1085,1113,rnbqkbnr/pppp1ppp/8/4p3/4P3/5N2/PPPP1PPP/RNBQKB1R b KQkq - 1 2,g1f3
3,MASTERnen,EulerE,1085,1113,r1bqkbnr/pppp1ppp/2n5/4p3/4P3/5N2/PPPP1PPP/RNBQKB1R w KQkq - 2 3,b8c6
3,MASTERnen,EulerE,1085,1113,r1bqkbnr/pppp1ppp/2n5/4p3/4P3/2P2N2/PP1P1PPP/RNBQKB1R b KQkq - 0 3,c2c3
3,MASTERnen,EulerE,1085,1113,r1bqk1nr/pppp1ppp/2n5/2b1p3/4P3/2P2N2/PP1P1PPP/RNBQKB1R w KQkq - 1 4,f8c5
3,MASTERnen,EulerE,1085,1113,r1bqk1nr/pppp1ppp/2n5/1Bb1p3/4P3/2P2N2/PP1P1PPP/RNBQK2R b KQkq - 2 4,f1b5
3,MASTERnen,EulerE,1085,1113,r1bqk1nr/ppp2ppp/2np4/1Bb1p3/4P3/2P2N2/PP1P1PPP/RNBQK2R w KQkq - 0 5,d7d6
3,MASTERnen,EulerE,1085,1113,r1bqk1nr/ppp2ppp/2np4/1Bb1p3/3PP3/2P2N2/PP3PPP/RNBQK2R b KQkq - 0 5,d2d4
3,MASTERnen,EulerE,1085,1113,r1bqk1nr/ppp2ppp/2np4/1Bb5/3pP3/2P2N2/PP3PPP/RNBQK2R w KQkq - 0 6,e5d4
3,MASTERnen,EulerE,1085,1113,r1bqk1nr/ppp2ppp/2np4/1Bb5/3PP3/5N2/PP3PPP/RNBQK2R b KQkq - 0 6,c3d4
3,MASTERnen,EulerE,1085,1113,r1bqk1nr/ppp2ppp/2np4/1B6/1b1PP3/5N2/PP3PPP/RNBQK2R w KQkq - 1 7,c5b4
3,MASTERnen,EulerE,1085,1113,r1bqk1nr/ppp2ppp/2np4/1B6/1b1PP3/2N2N2/PP3PPP/R1BQK2R b KQkq - 2 7,b1c3
3,MASTERnen,EulerE,1085,1113,r2qk1nr/pppb1ppp/2np4/1B6/1b1PP3/2N2N2/PP3PPP/R1BQK2R w KQkq - 3 8,c8d7
3,MASTERnen,EulerE,1085,1113,r2qk1nr/pppb1ppp/2np4/1B1P4/1b2P3/2N2N2/PP3PPP/R1BQK2R b KQkq - 0 8,d4d5
3,MASTERnen,EulerE,1085,1113,r2qk1nr/pppb1ppp/3p4/1B1Pn3/1b2P3/2N2N2/PP3PPP/R1BQK2R w KQkq - 1 9,c6e5
3,MASTERnen,EulerE,1085,1113,r2qk1nr/pppB1ppp/3p4/3Pn3/1b2P3/2N2N2/PP3PPP/R1BQK2R b KQkq - 0 9,b5d7
3,MASTERnen,EulerE,1085,1113,r3k1nr/pppq1ppp/3p4/3Pn3/1b2P3/2N2N2/PP3PPP/R1BQK2R w KQkq - 0 10,d8d7
3,MASTERnen,EulerE,1085,1113,r3k1nr/pppq1ppp/3p4/3PN3/1b2P3/2N5/PP3PPP/R1BQK2R b KQkq - 0 10,f3e5
3,MASTERnen,EulerE,1085,1113,r3k1nr/pppq1ppp/8/3Pp3/1b2P3/2N5/PP3PPP/R1BQK2R w KQkq - 0 11,d6e5
3,MASTERnen,EulerE,1085,1113,r3k1nr/pppq1ppp/8/3Pp3/1b2P3/2N5/PP3PPP/R1BQ1RK1 b kq - 1 11,e1g1
3,MASTERnen,EulerE,1085,1113,r3k1nr/pppq1ppp/8/3Pp3/4P3/2b5/PP3PPP/R1BQ1RK1 w kq - 0 12,b4c3
3,MASTERnen,EulerE,1085,1113,r3k1nr/pppq1ppp/8/3Pp3/4P3/2P5/P4PPP/R1BQ1RK1 b kq - 0 12,b2c3
3,MASTERnen,EulerE,1085,1113,r3k2r/pppq1ppp/5n2/3Pp3/4P3/2P5/P4PPP/R1BQ1RK1 w kq - 1 13,g8f6
3,MASTERnen,EulerE,1085,1113,r3k2r/pppq1ppp/5n2/3Pp3/4P3/B1P5/P4PPP/R2Q1RK1 b kq - 2 13,c1a3
3,MASTERnen,EulerE,1085,1113,r3k2r/pppq1ppp/8/3Pp3/4n3/B1P5/P4PPP/R2Q1RK1 w kq - 0 14,f6e4
3,MASTERnen,EulerE,1085,1113,r3k2r/pppq1ppp/8/3Pp3/4n3/B1P2P2/P5PP/R2Q1RK1 b kq - 0 14,f2f3
3,MASTERnen,EulerE,1085,1113,r3k2r/pppq1ppp/8/3Pp3/8/B1n2P2/P5PP/R2Q1RK1 w kq - 0 15,e4c3
3,MASTERnen,EulerE,1085,1113,r3k2r/pppq1ppp/8/3Pp3/8/B1nQ1P2/P5PP/R4RK1 b kq - 1 15,d1d3
3,MASTERnen,EulerE,1085,1113,r3k2r/pppq1ppp/8/3np3/8/B2Q1P2/P5PP/R4RK1 w kq - 0 16,c3d5
3,MASTERnen,EulerE,1085,1113,r3k2r/pppq1ppp/8/3np3/8/B2Q1P2/P5PP/R2R2K1 b kq - 1 16,f1d1
3,MASTERnen,EulerE,1085,1113,2kr3r/pppq1ppp/8/3np3/8/B2Q1P2/P5PP/R2R2K1 w - - 2 17,e8c8
3,MASTERnen,EulerE,1085,1113,2kr3r/pppq1ppp/8/3np3/8/B2Q1P2/P5PP/2RR2K1 b - - 3 17,a1c1
3,MASTERnen,EulerE,1085,1113,2kr3r/pppq1ppp/8/4p3/5n2/B2Q1P2/P5PP/2RR2K1 w - - 4 18,d5f4
3,MASTERnen,EulerE,1085,1113,2kr3r/pppq1ppp/8/4p3/5n2/BQ3P2/P5PP/2RR2K1 b - - 5 18,d3b3
3,MASTERnen,EulerE,1085,1113,2kr3r/ppp2ppp/8/4pq2/5n2/BQ3P2/P5PP/2RR2K1 w - - 6 19,d7f5
3,MASTERnen,EulerE,1085,1113,2kr3r/ppR2ppp/8/4pq2/5n2/BQ3P2/P5PP/3R2K1 b - - 0 19,c1c7
3,MASTERnen,EulerE,1085,1113,3r3r/ppk2ppp/8/4pq2/5n2/BQ3P2/P5PP/3R2K1 w - - 0 20,c8c7
3,MASTERnen,EulerE,1085,1113,3r3r/ppk2ppp/8/4pq2/5n2/B1Q2P2/P5PP/3R2K1 b - - 1 20,b3c3
3,MASTERnen,EulerE,1085,1113,1k1r3r/pp3ppp/8/4pq2/5n2/B1Q2P2/P5PP/3R2K1 w - - 2 21,c7b8
3,MASTERnen,EulerE,1085,1113,1k1r3r/pp3ppp/3B4/4pq2/5n2/2Q2P2/P5PP/3R2K1 b - - 3 21,a3d6
3,MASTERnen,EulerE,1085,1113,k2r3r/pp3ppp/3B4/4pq2/5n2/2Q2P2/P5PP/3R2K1 w - - 4 22,b8a8
3,MASTERnen,EulerE,1085,1113,k2r3r/ppQ2ppp/3B4/4pq2/5n2/5P2/P5PP/3R2K1 b - - 5 22,c3c7
3,MASTERnen,EulerE,1085,1113,k2r3r/ppQ2ppp/3B4/4p1q1/5n2/5P2/P5PP/3R2K1 w - - 6 23,f5g5
3,MASTERnen,EulerE,1085,1113,k2r3r/ppQ2ppp/3B4/4p1q1/5n2/5PP1/P6P/3R2K1 b - - 0 23,g2g3
3,MASTERnen,EulerE,1085,1113,k2r3r/ppQ2ppp/3Bn3/4p1q1/8/5PP1/P6P/3R2K1 w - - 1 24,f4e6
3,MASTERnen,EulerE,1085,1113,k2r3r/pp3Qpp/3Bn3/4p1q1/8/5PP1/P6P/3R2K1 b - - 0 24,c7f7
3,MASTERnen,EulerE,1085,1113,k2r3r/pp3Qpp/3Bn3/4p3/8/4qPP1/P6P/3R2K1 w - - 1 25,g5e3
3,MASTERnen,EulerE,1085,1113,k2r3r/pp3Qpp/3Bn3/4p3/8/4qPP1/P6P/3R1K2 b - - 2 25,g1f1
3,MASTERnen,EulerE,1085,1113,k4r1r/pp3Qpp/3Bn3/4p3/8/4qPP1/P6P/3R1K2 w - - 3 26,d8f8
3,MASTERnen,EulerE,1085,1113,k4B1r/pp3Qpp/4n3/4p3/8/4qPP1/P6P/3R1K2 b - - 0 26,d6f8
3,MASTERnen,EulerE,1085,1113,k4r2/pp3Qpp/4n3/4p3/8/4qPP1/P6P/3R1K2 w - - 0 27,h8f8
3,MASTERnen,EulerE,1085,1113,k4Q2/pp4pp/4n3/4p3/8/4qPP1/P6P/3R1K2 b - - 0 27,f7f8
3,MASTERnen,EulerE,1085,1113,k4n2/pp4pp/8/4p3/8/4qPP1/P6P/3R1K2 w - - 0 28,e6f8
3,MASTERnen,EulerE,1085,1113,k2R1n2/pp4pp/8/4p3/8/4qPP1/P6P/5K2 b - - 1 28,d1d8
4,Sebas199108,EulerE,1015,1119,rnbqkbnr/pppppppp/8/8/4P3/8/PPPP1PPP/RNBQKBNR b KQkq - 0 1,e2e4
4,Sebas199108,EulerE,1015,1119,rnbqkbnr/pppp1ppp/8/4p3/4P3/8/PPPP1PPP/RNBQKBNR w KQkq - 0 2,e7e5
4,Sebas199108,EulerE,1015,1119,rnbqkbnr/pppp1ppp/8/4p3/4P3/5N2/PPPP1PPP/RNBQKB1R b KQkq - 1 2,g1f3
4,Sebas199108,EulerE,1015,1119,r1bqkbnr/pppp1ppp/2n5/4p3/4P3/5N2/PPPP1PPP/RNBQKB1R w KQkq - 2 3,b8c6
4,Sebas199108,EulerE,1015,1119,r1bqkbnr/pppp1ppp/2n5/1B2p3/4P3/5N2/PPPP1PPP/RNBQK2R b KQkq - 3 3,f1b5
4,Sebas199108,EulerE,1015,1119,r1bqkbnr/ppp2ppp/2np4/1B2p3/4P3/5N2/PPPP1PPP/RNBQK2R w KQkq - 0 4,d7d6
4,Sebas199108,EulerE,1015,1119,r1bqkbnr/ppp2ppp/2np4/1B2p3/3PP3/5N2/PPP2PPP/RNBQK2R b KQkq - 0 4,d2d4
4,Sebas199108,EulerE,1015,1119,r1bqkbnr/ppp2ppp/2np4/1B6/3pP3/5N2/PPP2PPP/RNBQK2R w KQkq - 0 5,e5d4
4,Sebas199108,EulerE,1015,1119,r1bqkbnr/ppp2ppp/2np4/1B6/3NP3/8/PPP2PPP/RNBQK2R b KQkq - 0 5,f3d4
4,Sebas199108,EulerE,1015,1119,r2qkbnr/pppb1ppp/2np4/1B6/3NP3/8/PPP2PPP/RNBQK2R w KQkq - 1 6,c8d7
4,Sebas199108,EulerE,1015,1119,r2qkbnr/pppb1ppp/2np4/1B6/3NP3/8/PPP2PPP/RNBQ1RK1 b kq - 2 6,e1g1
4,Sebas199108,EulerE,1015,1119,r2qkbnr/pppb1ppp/3p4/1B6/3nP3/8/PPP2PPP/RNBQ1RK1 w kq - 0 7,c6d4
4,Sebas199108,EulerE,1015,1119,r2qkbnr/pppB1ppp/3p4/8/3nP3/8/PPP2PPP/RNBQ1RK1 b kq - 0 7,b5d7
4,Sebas199108,EulerE,1015,1119,r3kbnr/pppq1ppp/3p4/8/3nP3/8/PPP2PPP/RNBQ1RK1 w kq - 0 8,d8d7
4,Sebas199108,EulerE,1015,1119,r3kbnr/pppq1ppp/3p4/8/3QP3/8/PPP2PPP/RNB2RK1 b kq - 0 8,d1d4
4,Sebas199108,EulerE,1015,1119,r3kb1r/pppq1ppp/3p1n2/8/3QP3/8/PPP2PPP/RNB2RK1 w kq - 1 9,g8f6
4,Sebas199108,EulerE,1015,1119,r3kb1r/pppq1ppp/3p1n2/8/3QP3/8/PPP2PPP/RNB1R1K1 b kq - 2 9,f1e1
4,Sebas199108,EulerE,1015,1119,r3kb1r/pp1q1ppp/3p1n2/2p5/3QP3/8/PPP2PPP/RNB1R1K1 w kq - 0 10,c7c5
4,Sebas199108,EulerE,1015,1119,r3kb1r/pp1q1ppp/3p1n2/2p5/2Q1P3/8/PPP2PPP/RNB1R1K1 b kq - 1 10,d4c4
4,Sebas199108,EulerE,1015,1119,2kr1b1r/pp1q1ppp/3p1n2/2p5/2Q1P3/8/PPP2PPP/RNB1R1K1 w - - 2 11,e8c8
4,Sebas199108,EulerE,1015,1119,2kr1b1r/pp1q1ppp/3p1n2/2p5/1PQ1P3/8/P1P2PPP/RNB1R1K1 b - - 0 11,b2b4
4,Sebas199108,EulerE,1015,1119,2kr1b1r/pp1q1p1p/3p1np1/2p5/1PQ1P3/8/P1P2PPP/RNB1R1K1 w - - 0 12,g7g6
4,Sebas199108,EulerE,1015,1119,2kr1b1r/pp1q1p1p/3p1np1/2P5/2Q1P3/8/P1P2PPP/RNB1R1K1 b - - 0 12,b4c5
4,Sebas199108,EulerE,1015,1119,2kr1b1r/pp1q1p1p/5np1/2p5/2Q1P3/8/P1P2PPP/RNB1R1K1 w - - 0 13,d6c5
4,Sebas199108,EulerE,1015,1119,2kr1b1r/pp1q1p1p/5np1/2p3B1/2Q1P3/8/P1P2PPP/RN2R1K1 b - - 1 13,c1g5
4,Sebas199108,EulerE,1015,1119,2kr3r/pp1qbp1p/5np1/2p3B1/2Q1P3/8/P1P2PPP/RN2R1K1 w - - 2 14,f8e7
4,Sebas199108,EulerE,1015,1119,2kr3r/pp1qbp1p/5np1/2p3B1/2Q1P3/2N5/P1P2PPP/R3R1K1 b - - 3 14,b1c3
4,Sebas199108,EulerE,1015,1119,2kr3r/pp1qbp2/5npp/2p3B1/2Q1P3/2N5/P1P2PPP/R3R1K1 w - - 0 15,h7h6
4,Sebas199108,EulerE,1015,1119,2kr3r/pp1qbp2/5npp/2p3B1/2Q1P3/2N5/P1P2PPP/R2R2K1 b - - 1 15,e1d1
4,Sebas199108,EulerE,1015,1119,2kr3r/p2qbp2/5npp/1pp3B1/2Q1P3/2N5/P1P2PPP/R2R2K1 w - - 0 16,b7b5
4,Sebas199108,EulerE,1015,1119,2kr3r/p2qbp2/5npp/1Np3B1/2Q1P3/8/P1P2PPP/R2R2K1 b - - 0 16,c3b5
4,Sebas199108,EulerE,1015,1119,2kr3r/p3bp2/5npp/1Np3B1/2Q1P3/8/P1P2PPP/R2q2K1 w - - 0 17,d7d1
4,Sebas199108,EulerE,1015,1119,2kr3r/p3bp2/5npp/1Np3B1/2Q1P3/8/P1P2PPP/3R2K1 b - - 0 17,a1d1
4,Sebas199108,EulerE,1015,1119,2k4r/p3bp2/5npp/1Np3B1/2Q1P3/8/P1P2PPP/3r2K1 w - - 0 18,d8d1
4,Sebas199108,EulerE,1015,1119,2k4r/p3bp2/5npp/1Np3B1/4P3/8/P1P2PPP/3r1QK1 b - - 1 18,c4f1
4,Sebas199108,EulerE,1015,1119,2k4r/p3bp2/5npp/1Np3B1/4P3/8/P1P2PPP/5rK1 w - - 0 19,d1f1
4,Sebas199108,EulerE,1015,1119,2k4r/p3bp2/5npp/1Np3B1/4P3/8/P1P2PPP/5K2 b - - 0 19,g1f1
4,Sebas199108,EulerE,1015,1119,2k4r/p3bp2/5np1/1Np3p1/4P3/8/P1P2PPP/5K2 w - - 0 20,h6g5
4,Sebas199108,EulerE,1015,1119,2k4r/N3bp2/5np1/2p3p1/4P3/8/P1P2PPP/5K2 b - - 0 20,b5a7
4,Sebas199108,EulerE,1015,1119,7r/Nk2bp2/5np1/2p3p1/4P3/8/P1P2PPP/5K2 w - - 1 21,c8b7
4,Sebas199108,EulerE,1015,1119,7r/1k2bp2/5np1/1Np3p1/4P3/8/P1P2PPP/5K2 b - - 2 21,a7b5
4,Sebas199108,EulerE,1015,1119,8/1k2bp2/5np1/1Np3p1/4P3/8/P1P2PPr/5K2 w - - 0 22,h8h2
5,EulerE,ridho_123,1128,1138,rnbqkbnr/pppppppp/8/8/3P4/8/PPP1PPPP/RNBQKBNR b KQkq - 0 1,d2d4
5,EulerE,ridho_123,1128,1138,rnbqkbnr/ppp1pppp/8/3p4/3P4/8/PPP1PPPP/RNBQKBNR w KQkq - 0 2,d7d5
5,EulerE,ridho_123,1128,1138,rnbqkbnr/ppp1pppp/8/3p4/2PP4/8/PP2PPPP/RNBQKBNR b KQkq - 0 2,c2c4
5,EulerE,ridho_123,1128,1138,rnbqkbnr/ppp2ppp/4p3/3p4/2PP4/8/PP2PPPP/RNBQKBNR w KQkq - 0 3,e7e6
5,EulerE,ridho_123,1128,1138,rnbqkbnr/ppp2ppp/4p3/3p4/2PP4/2N5/PP2PPPP/R1BQKBNR b KQkq - 1 3,b1c3
5,EulerE,ridho_123,1128,1138,rnbqk1nr/ppp2ppp/4p3/3p4/1bPP4/2N5/PP2PPPP/R1BQKBNR w KQkq - 2 4,f8b4
5,EulerE,ridho_123,1128,1138,rnbqk1nr/ppp2ppp/4p3/3p4/1bPP1B2/2N5/PP2PPPP/R2QKBNR b KQkq - 3 4,c1f4
5,EulerE,ridho_123,1128,1138,rnbqk1nr/ppp2ppp/4p3/3p4/2PP1B2/2b5/PP2PPPP/R2QKBNR w KQkq - 0 5,b4c3
5,EulerE,ridho_123,1128,1138,rnbqk1nr/ppp2ppp/4p3/3p4/2PP1B2/2P5/P3PPPP/R2QKBNR b KQkq - 0 5,b2c3
5,EulerE,ridho_123,1128,1138,rnbqk1nr/ppp2ppp/4p3/8/2pP1B2/2P5/P3PPPP/R2QKBNR w KQkq - 0 6,d5c4
5,EulerE,ridho_123,1128,1138,rnbqk1nr/ppp2ppp/4p3/8/2pPPB2/2P5/P4PPP/R2QKBNR b KQkq - 0 6,e2e4
5,EulerE,ridho_123,1128,1138,rnbqk2r/ppp2ppp/4pn2/8/2pPPB2/2P5/P4PPP/R2QKBNR w KQkq - 1 7,g8f6
5,EulerE,ridho_123,1128,1138,rnbqk2r/ppp2ppp/4pn2/4P3/2pP1B2/2P5/P4PPP/R2QKBNR b KQkq - 0 7,e4e5
5,EulerE,ridho_123,1128,1138,rnbqk2r/ppp2ppp/4p3/3nP3/2pP1B2/2P5/P4PPP/R2QKBNR w KQkq - 1 8,f6d5
5,EulerE,ridho_123,1128,1138,rnbqk2r/ppp2ppp/4p3/3nP3/2pP4/2P5/P2B1PPP/R2QKBNR b KQkq - 2 8,f4d2
5,EulerE,ridho_123,1128,1138,rnbqk2r/p1p2ppp/4p3/1p1nP3/2pP4/2P5/P2B1PPP/R2QKBNR w KQkq - 0 9,b7b5
5,EulerE,ridho_123,1128,1138,rnbqk2r/p1p2ppp/4p3/1p1nP3/P1pP4/2P5/3B1PPP/R2QKBNR b KQkq - 0 9,a2a4
5,EulerE,ridho_123,1128,1138,rn1qk2r/p1pb1ppp/4p3/1p1nP3/P1pP4/2P5/3B1PPP/R2QKBNR w KQkq - 1 10,c8d7
5,EulerE,ridho_123,1128,1138,rn1qk2r/p1pb1ppp/4p3/1P1nP3/2pP4/2P5/3B1PPP/R2QKBNR b KQkq - 0 10,a4b5
5,EulerE,ridho_123,1128,1138,rn1qk2r/p1p2ppp/4p3/1b1nP3/2pP4/2P5/3B1PPP/R2QKBNR w KQkq - 0 11,d7b5
5,EulerE,ridho_123,1128,1138,rn1qk2r/p1p2ppp/4p3/1b1nP3/2pP4/2P2N2/3B1PPP/R2QKB1R b KQkq - 1 11,g1f3
5,EulerE,ridho_123,1128,1138,rn1qk2r/2p2ppp/p3p3/1b1nP3/2pP4/2P2N2/3B1PPP/R2QKB1R w KQkq - 0 12,a7a6
5,EulerE,ridho_123,1128,1138,rn1qk2r/2p2ppp/p3p3/1b1nP3/2pP4/2P2N2/3BBPPP/R2QK2R b KQkq - 1 12,f1e2
5,EulerE,ridho_123,1128,1138,rn1qk2r/2p2pp1/p3p2p/1b1nP3/2pP4/2P2N2/3BBPPP/R2QK2R w KQkq - 0 13,h7h6
5,EulerE,ridho_123,1128,1138,rn1qk2r/2p2pp1/p3p2p/1b1nP3/2pP4/2P2N2/3BBPPP/R2Q1RK1 b kq - 1 13,e1g1
5,EulerE,ridho_123,1128,1138,rn1q1rk1/2p2pp1/p3p2p/1b1nP3/2pP4/2P2N2/3BBPPP/R2Q1RK1 w - - 2 14,e8g8
5,EulerE,ridho_123,1128,1138,rn1q1rk1/2p2pp1/p3p2p/1b1nP3/2pP4/2P5/3BBPPP/R2QNRK1 b - - 3 14,f3e1
5,EulerE,ridho_123,1128,1138,rn1q1rk1/2p3p1/p3pp1p/1b1nP3/2pP4/2P5/3BBPPP/R2QNRK1 w - - 0 15,f7f6
5,EulerE,ridho_123,1128,1138,rn1q1rk1/2p3p1/p3pp1p/1b1nP3/2pP4/2P2B2/3B1PPP/R2QNRK1 b - - 1 15,e2f3
5,EulerE,ridho_123,1128,1138,rn1q1rk1/2p3p1/p3p2p/1b1nPp2/2pP4/2P2B2/3B1PPP/R2QNRK1 w - - 0 16,f6f5
5,EulerE,ridho_123,1128,1138,rn1q1rk1/2p3p1/p3p2p/1b1BPp2/2pP4/2P5/3B1PPP/R2QNRK1 b - - 0 16,f3d5
5,EulerE,ridho_123,1128,1138,rn3rk1/2p3p1/p3p2p/1b1qPp2/2pP4/2P5/3B1PPP/R2QNRK1 w - - 0 17,d8d5
5,EulerE,ridho_123,1128,1138,rn3rk1/2p3p1/p3p2p/1b1qPp2/2pP4/2P2N2/3B1PPP/R2Q1RK1 b - - 1 17,e1f3
5,EulerE,ridho_123,1128,1138,r4rk1/2p3p1/p1n1p2p/1b1qPp2/2pP4/2P2N2/3B1PPP/R2Q1RK1 w - - 2 18,b8c6
5,EulerE,ridho_123,1128,1138,r4rk1/2p3p1/p1n1p2p/1b1qPp2/2pP4/2P1BN2/5PPP/R2Q1RK1 b - - 3 18,d2e3
5,EulerE,ridho_123,1128,1138,r4rk1/2p3p1/2n1p2p/pb1qPp2/2pP4/2P1BN2/5PPP/R2Q1RK1 w - - 0 19,a6a5
5,EulerE,ridho_123,1128,1138,r4rk1/2p3p1/2n1p2p/pb1qPp2/2pP4/2P2N2/3B1PPP/R2Q1RK1 b - - 1 19,e3d2
5,EulerE,ridho_123,1128,1138,r4rk1/2p3p1/2n1p2p/1b1qPp2/p1pP4/2P2N2/3B1PPP/R2Q1RK1 w - - 0 20,a5a4
5,EulerE,ridho_123,1128,1138,r4rk1/2p3p1/2n1p2p/1b1qPp2/p1pP4/2P2N2/5PPP/R1BQ1RK1 b - - 1 20,d2c1
5,EulerE,ridho_123,1128,1138,r4rk1/2p1n1p1/4p2p/1b1qPp2/p1pP4/2P2N2/5PPP/R1BQ1RK1 w - - 2 21,c6e7
5,EulerE,ridho_123,1128,1138,r4rk1/2p1n1p1/4p2p/1b1qPp2/p1pP3N/2P5/5PPP/R1BQ1RK1 b - - 3 21,f3h4
5,EulerE,ridho_123,1128,1138,r4rk1/2p1n1p1/4p2p/1b2Pp2/p1pPq2N/2P5/5PPP/R1BQ1RK1 w - - 4 22,d5e4
5,EulerE,ridho_123,1128,1138,r4rk1/2p1n1p1/4p2p/1b2Pp2/p1pPq2N/2P3P1/5P1P/R1BQ1RK1 b - - 0 22,g2g3
5,EulerE,ridho_123,1128,1138,r4rk1/2p1n1p1/4p2p/1b2P3/p1pPqp1N/2P3P1/5P1P/R1BQ1RK1 w - - 0 23,f5f4
5,EulerE,ridho_123,1128,1138,r4rk1/2p1n1p1/4p2p/1b2P3/p1pPqP1N/2P5/5P1P/R1BQ1RK1 b - - 0 23,g3f4
5,EulerE,ridho_123,1128,1138,r5k1/2p1n1p1/4p2p/1b2P3/p1pPqr1N/2P5/5P1P/R1BQ1RK1 w - - 0 24,f8f4
5,EulerE,ridho_123,1128,1138,r5k1/2p1n1p1/4p2p/1b2P3/p1pPqB1N/2P5/5P1P/R2Q1RK1 b - - 0 24,c1f4
5,EulerE,ridho_123,1128,1138,r5k1/2p1n1p1/4p2p/1b2P3/p1pP1q1N/2P5/5P1P/R2Q1RK1 w - - 0 25,e4f4
5,EulerE,ridho_123,1128,1138,r5k1/2p1n1p1/4p2p/1b2P3/p1pP1q2/2P5/5PNP/R2Q1RK1 b - - 1 25,h4g2
5,EulerE,ridho_123,1128,1138,r5k1/2p1n1p1/2b1p2p/4P3/p1pP1q2/2P5/5PNP/R2Q1RK1 w - - 2 26,b5c6
5,EulerE,ridho_123,1128,1138,r5k1/2p1n1p1/2b1p2p/4P3/p1pP1N2/2P5/5P1P/R2Q1RK1 b - - 0 26,g2f4
6,EulerE,celiaing,1136,1111,rnbqkbnr/pppppppp/8/8/3P4/8/PPP1PPPP/RNBQKBNR b KQkq - 0 1,d2d4
6,EulerE,celiaing,1136,1111,rnbqkbnr/p1pppppp/1p6/8/3P4/8/PPP1PPPP/RNBQKBNR w KQkq - 0 2,b7b6
6,EulerE,celiaing,1136,1111,rnbqkbnr/p1pppppp/1p6/8/3PP3/8/PPP2PPP/RNBQKBNR b KQkq - 0 2,e2e4
6,EulerE,celiaing,1136,1111,rnbqkbnr/p2ppppp/1p6/2p5/3PP3/8/PPP2PPP/RNBQKBNR w KQkq - 0 3,c7c5
6,EulerE,celiaing,1136,1111,rnbqkbnr/p2ppppp/1p6/2p5/3PP3/5N2/PPP2PPP/RNBQKB1R b KQkq - 1 3,g1f3
6,EulerE,celiaing,1136,1111,rnbqkbnr/p2pppp1/1p5p/2p5/3PP3/5N2/PPP2PPP/RNBQKB1R w KQkq - 0 4,h7h6
6,EulerE,celiaing,1136,1111,rnbqkbnr/p2pppp1/1p5p/2P5/4P3/5N2/PPP2PPP/RNBQKB1R b KQkq - 0 4,d4c5
6,EulerE,celiaing,1136,1111,rnbqkbnr/p2pppp1/7p/2p5/4P3/5N2/PPP2PPP/RNBQKB1R w KQkq - 0 5,b6c5
6,EulerE,celiaing,1136,1111,rnbqkbnr/p2pppp1/7p/2p5/2B1P3/5N2/PPP2PPP/RNBQK2R b KQkq - 1 5,f1c4
6,EulerE,celiaing,1136,1111,rnbqkbnr/p2p1pp1/4p2p/2p5/2B1P3/5N2/PPP2PPP/RNBQK2R w KQkq - 0 6,e7e6
6,EulerE,celiaing,1136,1111,rnbqkbnr/p2p1pp1/4p2p/2p5/2B1P3/2N2N2/PPP2PPP/R1BQK2R b KQkq - 1 6,b1c3
6,EulerE,celiaing,1136,1111,rn1qkbnr/pb1p1pp1/4p2p/2p5/2B1P3/2N2N2/PPP2PPP/R1BQK2R w KQkq - 2 7,c8b7
6,EulerE,celiaing,1136,1111,rn1qkbnr/pb1p1pp1/4p2p/2p5/2B1P3/2N2N2/PPP2PPP/R1BQ1RK1 b kq - 3 7,e1g1
6,EulerE,celiaing,1136,1111,rn1qkbnr/pb3pp1/4p2p/2pp4/2B1P3/2N2N2/PPP2PPP/R1BQ1RK1 w kq - 0 8,d7d5
6,EulerE,celiaing,1136,1111,rn1qkbnr/pb3pp1/4p2p/2pP4/2B5/2N2N2/PPP2PPP/R1BQ1RK1 b kq - 0 8,e4d5
6,EulerE,celiaing,1136,1111,rn1qkbnr/pb3pp1/7p/2pp4/2B5/2N2N2/PPP2PPP/R1BQ1RK1 w kq - 0 9,e6d5
6,EulerE,celiaing,1136,1111,rn1qkbnr/pb3pp1/7p/2pB4/8/2N2N2/PPP2PPP/R1BQ1RK1 b kq - 0 9,c4d5
6,EulerE,celiaing,1136,1111,rn1qkbnr/p4pp1/7p/2pb4/8/2N2N2/PPP2PPP/R1BQ1RK1 w kq - 0 10,b7d5
6,EulerE,celiaing,1136,1111,rn1qkbnr/p4pp1/7p/2pQ4/8/2N2N2/PPP2PPP/R1B2RK1 b kq - 0 10,d1d5
6,EulerE,celiaing,1136,1111,rn2kbnr/p4pp1/7p/2pq4/8/2N2N2/PPP2PPP/R1B2RK1 w kq - 0 11,d8d5
6,EulerE,celiaing,1136,1111,rn2kbnr/p4pp1/7p/2pN4/8/5N2/PPP2PPP/R1B2RK1 b kq - 0 11,c3d5
6,EulerE,celiaing,1136,1111,rn2k1nr/p4pp1/3b3p/2pN4/8/5N2/PPP2PPP/R1B2RK1 w kq - 1 12,f8d6
6,EulerE,celiaing,1136,1111,rn2k1nr/p4pp1/3b3p/2pN4/8/4BN2/PPP2PPP/R4RK1 b kq - 2 12,c1e3
6,EulerE,celiaing,1136,1111,r3k1nr/p4pp1/n2b3p/2pN4/8/4BN2/PPP2PPP/R4RK1 w kq - 3 13,b8a6
6,EulerE,celiaing,1136,1111,r3k1nr/p4pp1/n2b3p/2pN4/8/4BN2/PPP2PPP/R3R1K1 b kq - 4 13,f1e1
6,EulerE,celiaing,1136,1111,r3k2r/p3npp1/n2b3p/2pN4/8/4BN2/PPP2PPP/R3R1K1 w kq - 5 14,g8e7
6,EulerE,celiaing,1136,1111,r3k2r/p3npp1/n2b3p/2pN4/5B2/5N2/PPP2PPP/R3R1K1 b kq - 6 14,e3f4
6,EulerE,celiaing,1136,1111,3rk2r/p3npp1/n2b3p/2pN4/5B2/5N2/PPP2PPP/R3R1K1 w k - 7 15,a8d8
6,EulerE,celiaing,1136,1111,3rk2r/p3npp1/n2B3p/2pN4/8/5N2/PPP2PPP/R3R1K1 b k - 0 15,f4d6
6,EulerE,celiaing,1136,1111,4k2r/p3npp1/n2r3p/2pN4/8/5N2/PPP2PPP/R3R1K1 w k - 0 16,d8d6
6,EulerE,celiaing,1136,1111,4k2r/p3Rpp1/n2r3p/2pN4/8/5N2/PPP2PPP/R5K1 b k - 0 16,e1e7
6,EulerE,celiaing,1136,1111,3k3r/p3Rpp1/n2r3p/2pN4/8/5N2/PPP2PPP/R5K1 w - - 1 17,e8d8
6,EulerE,celiaing,1136,1111,3k3r/R4pp1/n2r3p/2pN4/8/5N2/PPP2PPP/R5K1 b - - 0 17,e7a7
6,EulerE,celiaing,1136,1111,3k3r/R4pp1/3r3p/2pN4/1n6/5N2/PPP2PPP/R5K1 w - - 1 18,a6b4
6,EulerE,celiaing,1136,1111,3k3r/R4pp1/3r3p/2p5/1N6/5N2/PPP2PPP/R5K1 b - - 0 18,d5b4
6,EulerE,celiaing,1136,1111,3k3r/R4pp1/3r3p/8/1p6/5N2/PPP2PPP/R5K1 w - - 0 19,c5b4
6,EulerE,celiaing,1136,1111,3k3r/R4pp1/3r3p/4N3/1p6/8/PPP2PPP/R5K1 b - - 1 19,f3e5
6,EulerE,celiaing,1136,1111,3k3r/R4pp1/5r1p/4N3/1p6/8/PPP2PPP/R5K1 w - - 2 20,d6f6
6,EulerE,celiaing,1136,1111,3k3r/R4Np1/5r1p/8/1p6/8/PPP2PPP/R5K1 b - - 0 20,e5f7
6,EulerE,celiaing,1136,1111,3k3r/R4rp1/7p/8/1p6/8/PPP2PPP/R5K1 w - - 0 21,f6f7
6,EulerE,celiaing,1136,1111,3k3r/5Rp1/7p/8/1p6/8/PPP2PPP/R5K1 b - - 0 21,a7f7
8,emmv,EulerE,1201,1152,rnbqkbnr/pppppppp/8/8/4P3/8/PPPP1PPP/RNBQKBNR b KQkq - 0 1,e2e4
8,emmv,EulerE,1201,1152,rnbqkbnr/pppp1ppp/8/4p3/4P3/8/PPPP1PPP/RNBQKBNR w KQkq - 0 2,e7e5
8,emmv,EulerE,1201,1152,rnbqkbnr/pppp1ppp/8/4p3/4P3/5N2/PPPP1PPP/RNBQKB1R b KQkq - 1 2,g1f3
8,emmv,EulerE,1201,1152,r1bqkbnr/pppp1ppp/2n5/4p3/4P3/5N2/PPPP1PPP/RNBQKB1R w KQkq - 2 3,b8c6
8,emmv,EulerE,1201,1152,r1bqkbnr/pppp1ppp/2n5/4p3/4P3/5N1P/PPPP1PP1/RNBQKB1R b KQkq - 0 3,h2h3
8,emmv,EulerE,1201,1152,r1bqk1nr/pppp1ppp/2n5/2b1p3/4P3/5N1P/PPPP1PP1/RNBQKB1R w KQkq - 1 4,f8c5
8,emmv,EulerE,1201,1152,r1bqk1nr/pppp1ppp/2n5/2b1p3/4P3/P4N1P/1PPP1PP1/RNBQKB1R b KQkq - 0 4,a2a3
8,emmv,EulerE,1201,1152,r1bqk1nr/ppp2ppp/2np4/2b1p3/4P3/P4N1P/1PPP1PP1/RNBQKB1R w KQkq - 0 5,d7d6
8,emmv,EulerE,1201,1152,r1bqk1nr/ppp2ppp/2np4/1Bb1p3/4P3/P4N1P/1PPP1PP1/RNBQK2R b KQkq - 1 5,f1b5
8,emmv,EulerE,1201,1152,r2qk1nr/pppb1ppp/2np4/1Bb1p3/4P3/P4N1P/1PPP1PP1/RNBQK2R w KQkq - 2 6,c8d7
8,emmv,EulerE,1201,1152,r2qk1nr/pppb1ppp/2np4/2b1p3/4P3/P4N1P/1PPPBPP1/RNBQK2R b KQkq - 3 6,b5e2
8,emmv,EulerE,1201,1152,r2qk2r/pppb1ppp/2np1n2/2b1p3/4P3/P4N1P/1PPPBPP1/RNBQK2R w KQkq - 4 7,g8f6
8,emmv,EulerE,1201,1152,r2qk2r/pppb1ppp/2np1n2/2b1p3/4P3/P2P1N1P/1PP1BPP1/RNBQK2R b KQkq - 0 7,d2d3
8,emmv,EulerE,1201,1152,r2q1rk1/pppb1ppp/2np1n2/2b1p3/4P3/P2P1N1P/1PP1BPP1/RNBQK2R w KQ - 1 8,e8g8
8,emmv,EulerE,1201,1152,r2q1rk1/pppb1ppp/2np1n2/2b1p3/4P3/P1NP1N1P/1PP1BPP1/R1BQK2R b KQ - 2 8,b1c3
8,emmv,EulerE,1201,1152,r2q1rk1/pppb1ppp/3p1n2/2b1p3/3nP3/P1NP1N1P/1PP1BPP1/R1BQK2R w KQ - 3 9,c6d4
8,emmv,EulerE,1201,1152,r2q1rk1/pppb1ppp/3p1n2/2b1p1B1/3nP3/P1NP1N1P/1PP1BPP1/R2QK2R b KQ - 4 9,c1g5
8,emmv,EulerE,1201,1152,r2q1rk1/pppb1ppp/3p1n2/2b1p1B1/4P3/P1NP1N1P/1PP1nPP1/R2QK2R w KQ - 0 10,d4e2
8,emmv,EulerE,1201,1152,r2q1rk1/pppb1ppp/3p1n2/2b1p1B1/4P3/P2P1N1P/1PP1NPP1/R2QK2R b KQ - 0 10,c3e2
8,emmv,EulerE,1201,1152,r2q1rk1/pppb1pp1/3p1n1p/2b1p1B1/4P3/P2P1N1P/1PP1NPP1/R2QK2R w KQ - 0 11,h7h6
8,emmv,EulerE,1201,1152,r2q1rk1/pppb1pp1/3p1n1p/2b1p3/4P3/P2P1N1P/1PPBNPP1/R2QK2R b KQ - 1 11,g5d2
8,emmv,EulerE,1201,1152,r4rk1/pppbqpp1/3p1n1p/2b1p3/4P3/P2P1N1P/1PPBNPP1/R2QK2R w KQ - 2 12,d8e7
8,emmv,EulerE,1201,1152,r4rk1/pppbqpp1/3p1n1p/2b1p3/1B2P3/P2P1N1P/1PP1NPP1/R2QK2R b KQ - 3 12,d2b4
8,emmv,EulerE,1201,1152,r4rk1/pppbqpp1/1b1p1n1p/4p3/1B2P3/P2P1N1P/1PP1NPP1/R2QK2R w KQ - 4 13,c5b6
8,emmv,EulerE,1201,1152,r4rk1/pppbqpp1/1b1p1n1p/4p3/1BP1P3/P2P1N1P/1P2NPP1/R2QK2R b KQ - 0 13,c2c4
8,emmv,EulerE,1201,1152,3r1rk1/pppbqpp1/1b1p1n1p/4p3/1BP1P3/P2P1N1P/1P2NPP1/R2QK2R w KQ - 1 14,a8d8
8,emmv,EulerE,1201,1152,3r1rk1/pppbqpp1/1b1p1n1p/4p3/2P1P3/P1BP1N1P/1P2NPP1/R2QK2R b KQ - 2 14,b4c3
8,emmv,EulerE,1201,1152,3r1rk1/1ppbqpp1/1b1p1n1p/p3p3/2P1P3/P1BP1N1P/1P2NPP1/R2QK2R w KQ - 0 15,a7a5
8,emmv,EulerE,1201,1152,3r1rk1/1ppbqpp1/1b1p1n1p/p3p3/P1P1P3/2BP1N1P/1P2NPP1/R2QK2R b KQ - 0 15,a3a4
8,emmv,EulerE,1201,1152,3rr1k1/1ppbqpp1/1b1p1n1p/p3p3/P1P1P3/2BP1N1P/1P2NPP1/R2QK2R w KQ - 1 16,f8e8
8,emmv,EulerE,1201,1152,3rr1k1/1ppbqpp1/1b1p1n1p/p3p3/P1P1P3/2BP1N1P/1P1QNPP1/R3K2R b KQ - 2 16,d1d2
8,emmv,EulerE,1201,1152,3rr1k1/bppbqpp1/3p1n1p/p3p3/P1P1P3/2BP1N1P/1P1QNPP1/R3K2R w KQ - 3 17,b6a7
8,emmv,EulerE,1201,1152,3rr1k1/bppbqpp1/3p1n1p/B3p3/P1P1P3/3P1N1P/1P1QNPP1/R3K2R b KQ - 0 17,c3a5
8,emmv,EulerE,1201,1152,3rr1k1/bpp1qpp1/3pbn1p/B3p3/P1P1P3/3P1N1P/1P1QNPP1/R3K2R w KQ - 1 18,d7e6
8,emmv,EulerE,1201,1152,3rr1k1/bpp1qpp1/3pbn1p/B3p3/P1P1P3/1P1P1N1P/3QNPP1/R3K2R b KQ - 0 18,b2b3
8,emmv,EulerE,1201,1152,3rr1k1/b1p1qpp1/1p1pbn1p/B3p3/P1P1P3/1P1P1N1P/3QNPP1/R3K2R w KQ - 0 19,b7b6
8,emmv,EulerE,1201,1152,3rr1k1/b1p1qpp1/1p1pbn1p/4p3/P1P1P3/1PBP1N1P/3QNPP1/R3K2R b KQ - 1 19,a5c3
8,emmv,EulerE,1201,1152,3rr1k1/b3qpp1/1p1pbn1p/2p1p3/P1P1P3/1PBP1N1P/3QNPP1/R3K2R w KQ - 0 20,c7c5
8,emmv,EulerE,1201,1152,3rr1k1/b3qpp1/1p1pbn1p/2p1p3/P1P1P3/1PBP1N1P/3QNPP1/R4RK1 b - - 1 20,e1g1
8,emmv,EulerE,1201,1152,3rr1k1/b2nqpp1/1p1pb2p/2p1p3/P1P1P3/1PBP1N1P/3QNPP1/R4RK1 w - - 2 21,f6d7
8,emmv,EulerE,1201,1152,3rr1k1/b2nqpp1/1p1pb2p/2p1p3/PPP1P3/2BP1N1P/3QNPP1/R4RK1 b - - 0 21,b3b4
8,emmv,EulerE,1201,1152,1r2r1k1/b2nqpp1/1p1pb2p/2p1p3/PPP1P3/2BP1N1P/3QNPP1/R4RK1 w - - 1 22,d8b8
8,emmv,EulerE,1201,1152,1r2r1k1/b2nqpp1/1p1pb2p/1Pp1p3/P1P1P3/2BP1N1P/3QNPP1/R4RK1 b - - 0 22,b4b5
8,emmv,EulerE,1201,1152,1r2r1k1/b2nq1p1/1p1pb2p/1Pp1pp2/P1P1P3/2BP1N1P/3QNPP1/R4RK1 w - - 0 23,f7f5
8,emmv,EulerE,1201,1152,1r2r1k1/b2nq1p1/1p1pb2p/1Pp1pp2/P1P1P3/2BP1NNP/3Q1PP1/R4RK1 b - - 1 23,e2g3
8,emmv,EulerE,1201,1152,1r2r1k1/b2nq1p1/1p1pb2p/1Pp1p3/P1P1p3/2BP1NNP/3Q1PP1/R4RK1 w - - 0 24,f5e4
8,emmv,EulerE,1201,1152,1r2r1k1/b2nq1p1/1p1pb2p/1Pp1p3/P1P1N3/2BP1N1P/3Q1PP1/R4RK1 b - - 0 24,g3e4
8,emmv,EulerE,1201,1152,1r2r1k1/b3q1p1/1p1pbn1p/1Pp1p3/P1P1N3/2BP1N1P/3Q1PP1/R4RK1 w - - 1 25,d7f6
8,emmv,EulerE,1201,1152,1r2r1k1/b3q1p1/1p1pbn1p/1Pp1p3/P1P1N3/2BP1N1P/3Q1PP1/R3R1K1 b - - 2 25,f1e1
8,emmv,EulerE,1201,1152,1r2r1k1/b3q1p1/1p1pb2p/1Pp1p3/P1P1n3/2BP1N1P/3Q1PP1/R3R1K1 w - - 0 26,f6e4
8,emmv,EulerE,1201,1152,1r2r1k1/b3q1p1/1p1pb2p/1Pp1p3/P1P1P3/2B2N1P/3Q1PP1/R3R1K1 b - - 0 26,d3e4
8,emmv,EulerE,1201,1152,1r2r1k1/b3q3/1p1pb2p/1Pp1p1p1/P1P1P3/2B2N1P/3Q1PP1/R3R1K1 w - - 0 27,g7g5
8,emmv,EulerE,1201,1152,1r2r1k1/b3q3/1p1pb2p/1Pp1p1p1/P1P1P3/2B4P/3Q1PPN/R3R1K1 b - - 1 27,f3h2
8,emmv,EulerE,1201,1152,1r2r1k1/b5q1/1p1pb2p/1Pp1p1p1/P1P1P3/2B4P/3Q1PPN/R3R1K1 w - - 2 28,e7g7
8,emmv,EulerE,1201,1152,1r2r1k1/b5q1/1p1pb2p/1Pp1p1p1/P1P1P3/2B4P/4QPPN/R3R1K1 b - - 3 28,d2e2
8,emmv,EulerE,1201,1152,1r2r1k1/b5q1/1p1pb3/1Pp1p1pp/P1P1P3/2B4P/4QPPN/R3R1K1 w - - 0 29,h6h5
8,emmv,EulerE,1201,1152,1r2r1k1/b5q1/1p1pb3/1Pp1p1pQ/P1P1P3/2B4P/5PPN/R3R1K1 b - - 0 29,e2h5
8,emmv,EulerE,1201,1152,1r2r1k1/b5q1/1p1p4/1Pp1p1pQ/P1b1P3/2B4P/5PPN/R3R1K1 w - - 0 30,e6c4
8,emmv,EulerE,1201,1152,1r2r1k1/b5q1/1p1p4/1Pp1p1pQ/P1b1P1N1/2B4P/5PP1/R3R1K1 b - - 1 30,h2g4
8,emmv,EulerE,1201,1152,1r2r1k1/b4bq1/1p1p4/1Pp1p1pQ/P3P1N1/2B4P/5PP1/R3R1K1 w - - 2 31,c4f7
8,emmv,EulerE,1201,1152,1r2r1k1/b4bq1/1p1p3N/1Pp1p1pQ/P3P3/2B4P/5PP1/R3R1K1 b - - 3 31,g4h6
8,emmv,EulerE,1201,1152,1r2rk2/b4bq1/1p1p3N/1Pp1p1pQ/P3P3/2B4P/5PP1/R3R1K1 w - - 4 32,g8f8
8,emmv,EulerE,1201,1152,1r2rk2/b4Nq1/1p1p4/1Pp1p1pQ/P3P3/2B4P/5PP1/R3R1K1 b - - 0 32,h6f7
8,emmv,EulerE,1201,1152,1r2rk2/b4q2/1p1p4/1Pp1p1pQ/P3P3/2B4P/5PP1/R3R1K1 w - - 0 33,g7f7
8,emmv,EulerE,1201,1152,1r2rk1Q/b4q2/1p1p4/1Pp1p1p1/P3P3/2B4P/5PP1/R3R1K1 b - - 1 33,h5h8
8,emmv,EulerE,1201,1152,1r2r2Q/b3kq2/1p1p4/1Pp1p1p1/P3P3/2B4P/5PP1/R3R1K1 w - - 2 34,f8e7
8,emmv,EulerE,1201,1152,1r2Q3/b3kq2/1p1p4/1Pp1p1p1/P3P3/2B4P/5PP1/R3R1K1 b - - 0 34,h8e8
8,emmv,EulerE,1201,1152,4r3/b3kq2/1p1p4/1Pp1p1p1/P3P3/2B4P/5PP1/R3R1K1 w - - 0 35,b8e8
8,emmv,EulerE,1201,1152,4r3/b3kq2/1p1p4/1Pp1p1p1/P3P3/7P/3B1PP1/R3R1K1 b - - 1 35,c3d2
8,emmv,EulerE,1201,1152,6r1/b3kq2/1p1p4/1Pp1p1p1/P3P3/7P/3B1PP1/R3R1K1 w - - 2 36,e8g8
8,emmv,EulerE,1201,1152,6r1/b3kq2/1p1p4/1Pp1p1p1/P3P1P1/7P/3B1P2/R3R1K1 b - - 0 36,g2g4
8,emmv,EulerE,1201,1152,6r1/b3k3/1p1p4/1Pp1p1p1/P3P1P1/5q1P/3B1P2/R3R1K1 w - - 1 37,f7f3
8,emmv,EulerE,1201,1152,6r1/b3k3/1p1p4/1Pp1p1p1/P3P1P1/5q1P/3B1P2/R3RK2 b - - 2 37,g1f1
8,emmv,EulerE,1201,1152,6r1/b3k3/1p1p4/1Pp1p1p1/P3P1P1/7q/3B1P2/R3RK2 w - - 0 38,f3h3
8,emmv,EulerE,1201,1152,6r1/b3k3/1p1p4/1Pp1p1p1/P3P1P1/7q/3BKP2/R3R3 b - - 1 38,f1e2
8,emmv,EulerE,1201,1152,6r1/b3k3/1p1p4/1Pp1p1p1/P3P1q1/8/3BKP2/R3R3 w - - 0 39,h3g4
8,emmv,EulerE,1201,1152,6r1/b3k3/1p1p4/1Pp1p1p1/P3P1q1/5P2/3BK3/R3R3 b - - 0 39,f2f3
8,emmv,EulerE,1201,1152,6r1/b3k3/1p1p4/1Pp1p1p1/P3P3/5P2/3BK1q1/R3R3 w - - 1 40,g4g2
8,emmv,EulerE,1201,1152,6r1/b3k3/1p1p4/1Pp1p1p1/P3P3/4KP2/3B2q1/R3R3 b - - 2 40,e2e3
8,emmv,EulerE,1201,1152,6r1/b3k3/1p1p4/1Pp1p3/P3P1p1/4KP2/3B2q1/R3R3 w - - 0 41,g5g4
8,emmv,EulerE,1201,1152,6r1/b3k3/1p1p4/1Pp1p3/P3P1p1/4KP2/3B2q1/R4R2 b - - 1 41,e1f1
8,emmv,EulerE,1201,1152,6r1/b3k3/1p1p4/1Pp1p3/P3P3/4Kp2/3B2q1/R4R2 w - - 0 42,g4f3
8,emmv,EulerE,1201,1152,6r1/b3k3/1p1p4/1Pp1p3/P3P3/4KR2/3B2q1/R7 b - - 0 42,f1f3
8,emmv,EulerE,1201,1152,8/b3k3/1p1p4/1Pp1p3/P3P3/4KRr1/3B2q1/R7 w - - 1 43,g8g3
8,emmv,EulerE,1201,1152,8/b3k3/1p1p4/1Pp1p3/P3P3/4KRr1/3B2q1/5R2 b - - 2 43,a1f1
8,emmv,EulerE,1201,1152,8/b3k3/1p1p4/1Pp1p3/P3P3/4Kr2/3B2q1/5R2 w - - 0 44,g3f3
8,emmv,EulerE,1201,1152,8/b3k3/1p1p4/1Pp1p3/P3P3/4KR2/3B2q1/8 b - - 0 44,f1f3
8,emmv,EulerE,1201,1152,8/b3k3/1p1p4/1Pp1p3/P3P3/4KR2/3B4/6q1 w - - 1 45,g2g1
8,emmv,EulerE,1201,1152,8/b3k3/1p1p4/1Pp1p3/P3P3/3K1R2/3B4/6q1 b - - 2 45,e3d3
8,emmv,EulerE,1201,1152,8/b3k3/1p1p4/1Pp1p3/P2qP3/3K1R2/3B4/8 w - - 3 46,g1d4
8,emmv,EulerE,1201,1152,8/b3k3/1p1p4/1Pp1p3/P2qP3/5R2/3BK3/8 b - - 4 46,d3e2
8,emmv,EulerE,1201,1152,8/b3k3/1p1p4/1Pp1p3/q3P3/5R2/3BK3/8 w - - 0 47,d4a4
8,emmv,EulerE,1201,1152,8/b3k3/1p1p4/1Pp1pR2/q3P3/8/3BK3/8 b - - 1 47,f3f5
8,emmv,EulerE,1201,1152,8/b3k3/1p1p4/1qp1pR2/4P3/8/3BK3/8 w - - 0 48,a4b5
8,emmv,EulerE,1201,1152,8/b3k3/1p1p4/1qp1pR2/4P3/5K2/3B4/8 b - - 1 48,e2f3
8,emmv,EulerE,1201,1152,8/b3k3/1p1p4/2p1pR2/4P3/5K2/3B4/5q2 w - - 2 49,b5f1
8,emmv,EulerE,1201,1152,8/b3k3/1p1p4/2p1pR2/4P1K1/8/3B4/5q2 b - - 3 49,f3g4
8,emmv,EulerE,1201,1152,8/b3k3/1p1p4/2p1pR2/4P1K1/8/3Bq3/8 w - - 4 50,f1e2
8,emmv,EulerE,1201,1152,8/b3k3/1p1p4/2p1pRK1/4P3/8/3Bq3/8 b - - 5 50,g4g5
8,emmv,EulerE,1201,1152,8/b3k3/1p1p4/2p1pRK1/4P3/8/3q4/8 w - - 0 51,e2d2
8,emmv,EulerE,1201,1152,8/b3k3/1p1p2K1/2p1pR2/4P3/8/3q4/8 b - - 1 51,g5g6
8,emmv,EulerE,1201,1152,8/b3k3/1p1p2K1/2p1pR2/4P3/8/6q1/8 w - - 2 52,d2g2
8,emmv,EulerE,1201,1152,8/b3k3/1p1p2K1/2p1p1R1/4P3/8/6q1/8 b - - 3 52,f5g5
8,emmv,EulerE,1201,1152,8/b3k3/1p1p2K1/2p1p1q1/4P3/8/8/8 w - - 0 53,g2g5
8,emmv,EulerE,1201,1152,8/b3k3/1p1p4/2p1p1K1/4P3/8/8/8 b - - 0 53,g6g5
8,emmv,EulerE,1201,1152,8/b3k3/1p1p4/4p1K1/2p1P3/8/8/8 w - - 0 54,c5c4
8,emmv,EulerE,1201,1152,8/b3k3/1p1p4/4pK2/2p1P3/8/8/8 b - - 1 54,g5f5
8,emmv,EulerE,1201,1152,8/b3k3/1p1p4/4pK2/4P3/2p5/8/8 w - - 0 55,c4c3
8,emmv,EulerE,1201,1152,8/b3k3/1p1p2K1/4p3/4P3/2p5/8/8 b - - 1 55,f5g6
8,emmv,EulerE,1201,1152,8/b3k3/1p1p2K1/4p3/4P3/8/2p5/8 w - - 0 56,c3c2
8,emmv,EulerE,1201,1152,8/b3k1K1/1p1p4/4p3/4P3/8/2p5/8 b - - 1 56,g6g7
8,emmv,EulerE,1201,1152,8/b3k1K1/1p1p4/4p3/4P3/8/8/2q5 w - - 0 57,c2c1q
8,emmv,EulerE,1201,1152,6K1/b3k3/1p1p4/4p3/4P3/8/8/2q5 b - - 1 57,g7g8
8,emmv,EulerE,1201,1152,6K1/b3k3/3p4/1p2p3/4P3/8/8/2q5 w - - 0 58,b6b5
8,emmv,EulerE,1201,1152,8/b3k1K1/3p4/1p2p3/4P3/8/8/2q5 b - - 1 58,g8g7
8,emmv,EulerE,1201,1152,8/b3k1K1/3p4/4p3/1p2P3/8/8/2q5 w - - 0 59,b5b4
8,emmv,EulerE,1201,1152,8/b3k3/3p2K1/4p3/1p2P3/8/8/2q5 b - - 1 59,g7g6
8,emmv,EulerE,1201,1152,8/b3k3/3p2K1/4p3/4P3/1p6/8/2q5 w - - 0 60,b4b3
8,emmv,EulerE,1201,1152,8/b3k3/3p4/4pK2/4P3/1p6/8/2q5 b - - 1 60,g6f5
8,emmv,EulerE,1201,1152,8/b3k3/3p4/4pK2/4P3/8/1p6/2q5 w - - 0 61,b3b2
8,emmv,EulerE,1201,1152,8/b3k3/3p4/4p3/4P1K1/8/1p6/2q5 b - - 1 61,f5g4
8,emmv,EulerE,1201,1152,8/b3k3/3p4/4p3/4P1K1/8/8/1qq5 w - - 0 62,b2b1q
8,emmv,EulerE,1201,1152,8/b3k3/3p4/4p3/4P3/5K2/8/1qq5 b - - 1 62,g4f3
8,emmv,EulerE,1201,1152,8/b3k3/3p4/4p3/4P3/2q2K2/8/1q6 w - - 2 63,c1c3
8,emmv,EulerE,1201,1152,8/b3k3/3p4/4p3/4P3/2q5/4K3/1q6 b - - 3 63,f3e2
8,emmv,EulerE,1201,1152,8/b3k3/3p4/4p3/4P3/2q5/1q2K3/8 w - - 4 64,b1b2
9,MandarBoy,EulerE,1081,1159,rnbqkbnr/pppppppp/8/8/3P4/8/PPP1PPPP/RNBQKBNR b KQkq - 0 1,d2d4
9,MandarBoy,EulerE,1081,1159,rnbqkbnr/ppp1pppp/8/3p4/3P4/8/PPP1PPPP/RNBQKBNR w KQkq - 0 2,d7d5
9,MandarBoy,EulerE,1081,1159,rnbqkbnr/ppp1pppp/8/3p4/3P1B2/8/PPP1PPPP/RN1QKBNR b KQkq - 1 2,c1f4
9,MandarBoy,EulerE,1081,1159,rnbqkb1r/ppp1pppp/5n2/3p4/3P1B2/8/PPP1PPPP/RN1QKBNR w KQkq - 2 3,g8f6
9,MandarBoy,EulerE,1081,1159,rnbqkb1r/ppp1pppp/5n2/3p4/3P1B2/4P3/PPP2PPP/RN1QKBNR b KQkq - 0 3,e2e3
9,MandarBoy,EulerE,1081,1159,rn1qkb1r/ppp1pppp/5n2/3p1b2/3P1B2/4P3/PPP2PPP/RN1QKBNR w KQkq - 1 4,c8f5
9,MandarBoy,EulerE,1081,1159,rn1qkb1r/ppp1pppp/5n2/3p1b2/3P1B2/2N1P3/PPP2PPP/R2QKBNR b KQkq - 2 4,b1c3
9,MandarBoy,EulerE,1081,1159,rn1qkb1r/ppp2ppp/4pn2/3p1b2/3P1B2/2N1P3/PPP2PPP/R2QKBNR w KQkq - 0 5,e7e6
9,MandarBoy,EulerE,1081,1159,rn1qkb1r/ppp2ppp/4pn2/1N1p1b2/3P1B2/4P3/PPP2PPP/R2QKBNR b KQkq - 1 5,c3b5
9,MandarBoy,EulerE,1081,1159,r2qkb1r/ppp2ppp/n3pn2/1N1p1b2/3P1B2/4P3/PPP2PPP/R2QKBNR w KQkq - 2 6,b8a6
9,MandarBoy,EulerE,1081,1159,r2qkb1r/ppp2ppp/n3pn2/1N1p1b2/3P1B2/3BP3/PPP2PPP/R2QK1NR b KQkq - 3 6,f1d3
9,MandarBoy,EulerE,1081,1159,r2qkb1r/ppp2ppp/n3pn2/1N1p4/3P1B2/3bP3/PPP2PPP/R2QK1NR w KQkq - 0 7,f5d3
9,MandarBoy,EulerE,1081,1159,r2qkb1r/ppp2ppp/n3pn2/1N1p4/3P1B2/3QP3/PPP2PPP/R3K1NR b KQkq - 0 7,d1d3
9,MandarBoy,EulerE,1081,1159,r2qk2r/ppp1bppp/n3pn2/1N1p4/3P1B2/3QP3/PPP2PPP/R3K1NR w KQkq - 1 8,f8e7
9,MandarBoy,EulerE,1081,1159,r2qk2r/ppp1bppp/n3pn2/1N1p4/3P1B1P/3QP3/PPP2PP1/R3K1NR b KQkq - 0 8,h2h4
9,MandarBoy,EulerE,1081,1159,r2qk2r/ppp1bppp/4pn2/1N1p4/1n1P1B1P/3QP3/PPP2PP1/R3K1NR w KQkq - 1 9,a6b4
9,MandarBoy,EulerE,1081,1159,r2qk2r/ppp1bppp/4pn2/1N1p4/1n1P1B1P/4P3/PPP2PP1/R2QK1NR b KQkq - 2 9,d3d1
9,MandarBoy,EulerE,1081,1159,r2qk2r/ppp2ppp/3bpn2/1N1p4/1n1P1B1P/4P3/PPP2PP1/R2QK1NR w KQkq - 3 10,e7d6
9,MandarBoy,EulerE,1081,1159,r2qk2r/ppp2ppp/3bpn2/1N1p4/1n1P1B1P/4P1P1/PPP2P2/R2QK1NR b KQkq - 0 10,g2g3
9,MandarBoy,EulerE,1081,1159,r2qk2r/ppp2ppp/4pn2/1N1p4/1n1P1b1P/4P1P1/PPP2P2/R2QK1NR w KQkq - 0 11,d6f4
9,MandarBoy,EulerE,1081,1159,r2qk2r/ppp2ppp/4pn2/1N1p4/1n1P1P1P/4P3/PPP2P2/R2QK1NR b KQkq - 0 11,g3f4
9,MandarBoy,EulerE,1081,1159,r3k2r/ppp1qppp/4pn2/1N1p4/1n1P1P1P/4P3/PPP2P2/R2QK1NR w KQkq - 1 12,d8e7
9,MandarBoy,EulerE,1081,1159,r3k2r/ppp1qppp/4pn2/1N1p4/1n1P1P1P/P3P3/1PP2P2/R2QK1NR b KQkq - 0 12,a2a3
9,MandarBoy,EulerE,1081,1159,r3k2r/ppp1qppp/n3pn2/1N1p4/3P1P1P/P3P3/1PP2P2/R2QK1NR w KQkq - 1 13,b4a6
9,MandarBoy,EulerE,1081,1159,r3k2r/ppp1qppp/n3pn2/1N1p4/3P1P1P/P3PQ2/1PP2P2/R3K1NR b KQkq - 2 13,d1f3
9,MandarBoy,EulerE,1081,1159,r3k2r/ppp1qppp/4pn2/1N1p4/1n1P1P1P/P3PQ2/1PP2P2/R3K1NR w KQkq - 3 14,a6b4
9,MandarBoy,EulerE,1081,1159,r3k2r/ppp1qppp/4pn2/1N1p1P2/1n1P3P/P3PQ2/1PP2P2/R3K1NR b KQkq - 0 14,f4f5
9,MandarBoy,EulerE,1081,1159,r3k2r/ppp1qppp/4pn2/1N1p1P2/3P3P/P3PQ2/1Pn2P2/R3K1NR w KQkq - 0 15,b4c2
9,MandarBoy,EulerE,1081,1159,r3k2r/ppp1qppp/4pn2/1N1p1P2/3P3P/P3PQ2/1Pn1KP2/R5NR b kq - 1 15,e1e2
9,MandarBoy,EulerE,1081,1159,r3k2r/ppp1qppp/4pn2/1N1p1P2/3P3P/P3PQ2/1P2KP2/n5NR w kq - 0 16,c2a1
9,MandarBoy,EulerE,1081,1159,r3k2r/ppp1qppp/4Pn2/1N1p4/3P3P/P3PQ2/1P2KP2/n5NR b kq - 0 16,f5e6
9,MandarBoy,EulerE,1081,1159,r3k2r/ppp1q1pp/4pn2/1N1p4/3P3P/P3PQ2/1P2KP2/n5NR w kq - 0 17,f7e6
10,EulerE,Maxe04,1168,1176,rnbqkbnr/pppppppp/8/8/3P4/8/PPP1PPPP/RNBQKBNR b KQkq - 0 1,d2d4
10,EulerE,Maxe04,1168,1176,rnbqkbnr/ppp1pppp/8/3p4/3P4/8/PPP1PPPP/RNBQKBNR w KQkq - 0 2,d7d5
10,EulerE,Maxe04,1168,1176,rnbqkbnr/ppp1pppp/8/3p4/2PP4/8/PP2PPPP/RNBQKBNR b KQkq - 0 2,c2c4
10,EulerE,Maxe04,1168,1176,rnbqkbnr/ppp2ppp/4p3/3p4/2PP4/8/PP2PPPP/RNBQKBNR w KQkq - 0 3,e7e6
10,EulerE,Maxe04,1168,1176,rnbqkbnr/ppp2ppp/4p3/3p4/2PP4/2N5/PP2PPPP/R1BQKBNR b KQkq - 1 3,b1c3
10,EulerE,Maxe04,1168,1176,rnbqkbnr/pp3ppp/2p1p3/3p4/2PP4/2N5/PP2PPPP/R1BQKBNR w KQkq - 0 4,c7c6
10,EulerE,Maxe04,1168,1176,rnbqkbnr/pp3ppp/2p1p3/3p4/2PP4/2N2N2/PP2PPPP/R1BQKB1R b KQkq - 1 4,g1f3
10,EulerE,Maxe04,1168,1176,rnbqkbnr/pp3pp1/2p1p2p/3p4/2PP4/2N2N2/PP2PPPP/R1BQKB1R w KQkq - 0 5,h7h6
10,EulerE,Maxe04,1168,1176,rnbqkbnr/pp3pp1/2p1p2p/3p4/2PP1B2/2N2N2/PP2PPPP/R2QKB1R b KQkq - 1 5,c1f4
10,EulerE,Maxe04,1168,1176,rnbqkbnr/1p3pp1/p1p1p2p/3p4/2PP1B2/2N2N2/PP2PPPP/R2QKB1R w KQkq - 0 6,a7a6
10,EulerE,Maxe04,1168,1176,rnbqkbnr/1p3pp1/p1p1p2p/3p4/2PP1B2/2N1PN2/PP3PPP/R2QKB1R b KQkq - 0 6,e2e3
10,EulerE,Maxe04,1168,1176,rnbqkb1r/1p3pp1/p1p1pn1p/3p4/2PP1B2/2N1PN2/PP3PPP/R2QKB1R w KQkq - 1 7,g8f6
10,EulerE,Maxe04,1168,1176,rnbqkb1r/1p3pp1/p1p1pn1p/3P4/3P1B2/2N1PN2/PP3PPP/R2QKB1R b KQkq - 0 7,c4d5
10,EulerE,Maxe04,1168,1176,rnbqkb1r/1p3pp1/p1p2n1p/3p4/3P1B2/2N1PN2/PP3PPP/R2QKB1R w KQkq - 0 8,e6d5
10,EulerE,Maxe04,1168,1176,rnbqkb1r/1p3pp1/p1p2n1p/3pB3/3P4/2N1PN2/PP3PPP/R2QKB1R b KQkq - 1 8,f4e5
10,EulerE,Maxe04,1168,1176,r1bqkb1r/1p1n1pp1/p1p2n1p/3pB3/3P4/2N1PN2/PP3PPP/R2QKB1R w KQkq - 2 9,b8d7
10,EulerE,Maxe04,1168,1176,r1bqkb1r/1p1n1pp1/p1p2n1p/3p4/3P4/2N1PNB1/PP3PPP/R2QKB1R b KQkq - 3 9,e5g3
10,EulerE,Maxe04,1168,1176,r1bqk2r/1p1nbpp1/p1p2n1p/3p4/3P4/2N1PNB1/PP3PPP/R2QKB1R w KQkq - 4 10,f8e7
10,EulerE,Maxe04,1168,1176,r1bqk2r/1p1nbpp1/p1p2n1p/3p4/3P4/2NBPNB1/PP3PPP/R2QK2R b KQkq - 5 10,f1d3
10,EulerE,Maxe04,1168,1176,r1bq1rk1/1p1nbpp1/p1p2n1p/3p4/3P4/2NBPNB1/PP3PPP/R2QK2R w KQ - 6 11,e8g8
10,EulerE,Maxe04,1168,1176,r1bq1rk1/1p1nbpp1/p1p2n1p/3p4/3P4/1QNBPNB1/PP3PPP/R3K2R b KQ - 7 11,d1b3
10,EulerE,Maxe04,1168,1176,r1bq1rk1/1p1nbpp1/p4n1p/2pp4/3P4/1QNBPNB1/PP3PPP/R3K2R w KQ - 0 12,c6c5
10,EulerE,Maxe04,1168,1176,r1bq1rk1/1p1nbpp1/p4n1p/2ppN3/3P4/1QNBP1B1/PP3PPP/R3K2R b KQ - 1 12,f3e5
10,EulerE,Maxe04,1168,1176,r1bq1rk1/1p2bpp1/p4n1p/2ppn3/3P4/1QNBP1B1/PP3PPP/R3K2R w KQ - 0 13,d7e5
10,EulerE,Maxe04,1168,1176,r1bq1rk1/1p2bpp1/p4n1p/2ppP3/8/1QNBP1B1/PP3PPP/R3K2R b KQ - 0 13,d4e5
10,EulerE,Maxe04,1168,1176,r1bq1rk1/1p2bpp1/p4n1p/3pP3/2p5/1QNBP1B1/PP3PPP/R3K2R w KQ - 0 14,c5c4
10,EulerE,Maxe04,1168,1176,r1bq1rk1/1p2bpp1/p4n1p/3pP3/2p5/2NBP1B1/PP3PPP/R2QK2R b KQ - 1 14,b3d1
10,EulerE,Maxe04,1168,1176,r1bq1rk1/1p2bpp1/p6p/3pP3/2p3n1/2NBP1B1/PP3PPP/R2QK2R w KQ - 2 15,f6g4
10,EulerE,Maxe04,1168,1176,r1bq1rk1/1p2bpp1/p6p/3pP3/2p3n1/2N1P1B1/PP2BPPP/R2QK2R b KQ - 3 15,d3e2
10,EulerE,Maxe04,1168,1176,r1bq1rk1/1p3pp1/p6p/2bpP3/2p3n1/2N1P1B1/PP2BPPP/R2QK2R w KQ - 4 16,e7c5
10,EulerE,Maxe04,1168,1176,r1bq1rk1/1p3pp1/p6p/2bpP3/2p3B1/2N1P1B1/PP3PPP/R2QK2R b KQ - 0 16,e2g4
10,EulerE,Maxe04,1168,1176,r2q1rk1/1p3pp1/p6p/2bpP3/2p3b1/2N1P1B1/PP3PPP/R2QK2R w KQ - 0 17,c8g4
10,EulerE,Maxe04,1168,1176,r2q1rk1/1p3pp1/p6p/2bpP3/2p3Q1/2N1P1B1/PP3PPP/R3K2R b KQ - 0 17,d1g4
10,EulerE,Maxe04,1168,1176,r2q1rk1/1p3pp1/p6p/2b1P3/2pp2Q1/2N1P1B1/PP3PPP/R3K2R w KQ - 0 18,d5d4
10,EulerE,Maxe04,1168,1176,r2q1rk1/1p3pp1/p6p/2b1P3/2pP2Q1/2N3B1/PP3PPP/R3K2R b KQ - 0 18,e3d4
10,EulerE,Maxe04,1168,1176,r2q1rk1/1p3pp1/p6p/4P3/2pb2Q1/2N3B1/PP3PPP/R3K2R w KQ - 0 19,c5d4
10,EulerE,Maxe04,1168,1176,r2q1rk1/1p3pp1/p6p/4P3/2pb2Q1/2N3B1/PP3PPP/2KR3R b - - 1 19,e1c1
10,EulerE,Maxe04,1168,1176,r2q1rk1/1p4p1/p6p/4Pp2/2pb2Q1/2N3B1/PP3PPP/2KR3R w - f6 0 20,f7f5
10,EulerE,Maxe04,1168,1176,r2q1rk1/1p4p1/p6p/4Pp2/2pQ4/2N3B1/PP3PPP/2KR3R b - - 0 20,g4d4
10,EulerE,Maxe04,1168,1176,r4rk1/1p4p1/p6p/3qPp2/2pQ4/2N3B1/PP3PPP/2KR3R w - - 1 21,d8d5
10,EulerE,Maxe04,1168,1176,r4rk1/1p4p1/p6p/3NPp2/2pQ4/6B1/PP3PPP/2KR3R b - - 0 21,c3d5
10,EulerE,Maxe04,1168,1176,r4rk1/6p1/p6p/1p1NPp2/2pQ4/6B1/PP3PPP/2KR3R w - - 0 22,b7b5
10,EulerE,Maxe04,1168,1176,r4rk1/4N1p1/p6p/1p2Pp2/2pQ4/6B1/PP3PPP/2KR3R b - - 1 22,d5e7
10,EulerE,Maxe04,1168,1176,r4r1k/4N1p1/p6p/1p2Pp2/2pQ4/6B1/PP3PPP/2KR3R w - - 2 23,g8h8
10,EulerE,Maxe04,1168,1176,r4r1k/4N1p1/p6p/1p2Pp2/2pQ4/6B1/PP1R1PPP/2K4R b - - 3 23,d1d2
10,EulerE,Maxe04,1168,1176,r3r2k/4N1p1/p6p/1p2Pp2/2pQ4/6B1/PP1R1PPP/2K4R w - - 4 24,f8e8
10,EulerE,Maxe04,1168,1176,r3r2k/4N1p1/p6p/1p1QPp2/2p5/6B1/PP1R1PPP/2K4R b - - 5 24,d4d5
10,EulerE,Maxe04,1168,1176,r3r2k/4N1p1/7p/pp1QPp2/2p5/6B1/PP1R1PPP/2K4R w - - 0 25,a6a5
10,EulerE,Maxe04,1168,1176,r3r2k/4N1p1/7p/pp1QPp2/2p5/6B1/PP1R1PPP/2KR4 b - - 1 25,h1d1
10,EulerE,Maxe04,1168,1176,r3r2k/4N1p1/7p/p2QPp2/1pp5/6B1/PP1R1PPP/2KR4 w - - 0 26,b5b4
10,EulerE,Maxe04,1168,1176,r2Qr2k/4N1p1/7p/p3Pp2/1pp5/6B1/PP1R1PPP/2KR4 b - - 1 26,d5d8
10,EulerE,Maxe04,1168,1176,r2r3k/4N1p1/7p/p3Pp2/1pp5/6B1/PP1R1PPP/2KR4 w - - 0 27,e8d8
10,EulerE,Maxe04,1168,1176,r2R3k/4N1p1/7p/p3Pp2/1pp5/6B1/PP3PPP/2KR4 b - - 0 27,d2d8
10,EulerE,Maxe04,1168,1176,3r3k/4N1p1/7p/p3Pp2/1pp5/6B1/PP3PPP/2KR4 w - - 0 28,a8d8
10,EulerE,Maxe04,1168,1176,3R3k/4N1p1/7p/p3Pp2/1pp5/6B1/PP3PPP/2K5 b - - 0 28,d1d8
10,EulerE,Maxe04,1168,1176,3R4/4N1pk/7p/p3Pp2/1pp5/6B1/PP3PPP/2K5 w - - 1 29,h8h7
10,EulerE,Maxe04,1168,1176,3R4/6pk/7p/p3PN2/1pp5/6B1/PP3PPP/2K5 b - - 0 29,e7f5
10,EulerE,Maxe04,1168,1176,3R4/6pk/7p/p3PN2/2p5/1p4B1/PP3PPP/2K5 w - - 0 30,b4b3
10,EulerE,Maxe04,1168,1176,3R4/6pk/7p/p3PN2/2p5/1P4B1/1P3PPP/2K5 b - - 0 30,a2b3
10,EulerE,Maxe04,1168,1176,3R4/6pk/7p/p3PN2/8/1p4B1/1P3PPP/2K5 w - - 0 31,c4b3
10,EulerE,Maxe04,1168,1176,3R4/6pk/7p/p3P3/3N4/1p4B1/1P3PPP/2K5 b - - 1 31,f5d4
10,EulerE,Maxe04,1168,1176,3R4/6pk/7p/4P3/p2N4/1p4B1/1P3PPP/2K5 w - - 0 32,a5a4
10,EulerE,Maxe04,1168,1176,3R4/6pk/7p/4P3/p7/1N4B1/1P3PPP/2K5 b - - 0 32,d4b3
10,EulerE,Maxe04,1168,1176,3R4/6pk/7p/4P3/8/1p4B1/1P3PPP/2K5 w - - 0 33,a4b3
10,EulerE,Maxe04,1168,1176,1R6/6pk/7p/4P3/8/1p4B1/1P3PPP/2K5 b - - 1 33,d8b8
10,EulerE,Maxe04,1168,1176,1R6/6p1/6kp/4P3/8/1p4B1/1P3PPP/2K5 w - - 2 34,h7g6
10,EulerE,Maxe04,1168,1176,8/6p1/6kp/4P3/8/1R4B1/1P3PPP/2K5 b - - 0 34,b8b3
10,EulerE,Maxe04,1168,1176,8/6p1/7p/4Pk2/8/1R4B1/1P3PPP/2K5 w - - 1 35,g6f5
10,EulerE,Maxe04,1168,1176,8/6p1/7p/4Pk2/8/2R3B1/1P3PPP/2K5 b - - 2 35,b3c3
10,EulerE,Maxe04,1168,1176,8/8/7p/4Pkp1/8/2R3B1/1P3PPP/2K5 w - - 0 36,g7g5
10,EulerE,Maxe04,1168,1176,8/8/7p/4Pkp1/1P6/2R3B1/5PPP/2K5 b - - 0 36,b2b4
10,EulerE,Maxe04,1168,1176,8/8/8/4Pkpp/1P6/2R3B1/5PPP/2K5 w - - 0 37,h6h5
10,EulerE,Maxe04,1168,1176,8/8/8/1P2Pkpp/8/2R3B1/5PPP/2K5 b - - 0 37,b4b5
10,EulerE,Maxe04,1168,1176,8/8/8/1P2Pkp1/7p/2R3B1/5PPP/2K5 w - - 0 38,h5h4
10,EulerE,Maxe04,1168,1176,8/8/8/1P2Pkp1/7B/2R5/5PPP/2K5 b - - 0 38,g3h4
10,EulerE,Maxe04,1168,1176,8/8/8/1P2Pk2/7p/2R5/5PPP/2K5 w - - 0 39,g5h4
10,EulerE,Maxe04,1168,1176,8/8/1P6/4Pk2/7p/2R5/5PPP/2K5 b - - 0 39,b5b6
10,EulerE,Maxe04,1168,1176,8/8/1P6/4k3/7p/2R5/5PPP/2K5 w - - 0 40,f5e5
10,EulerE,Maxe04,1168,1176,8/1P6/8/4k3/7p/2R5/5PPP/2K5 b - - 0 40,b6b7
10,EulerE,Maxe04,1168,1176,8/1P6/8/8/3k3p/2R5/5PPP/2K5 w - - 1 41,e5d4
10,EulerE,Maxe04,1168,1176,8/1P6/8/8/3k3p/2R5/2K2PPP/8 b - - 2 41,c1c2
10,EulerE,Maxe04,1168,1176,8/1P6/8/8/4k2p/2R5/2K2PPP/8 w - - 3 42,d4e4
10,EulerE,Maxe04,1168,1176,1Q6/8/8/8/4k2p/2R5/2K2PPP/8 b - - 0 42,b7b8q
10,EulerE,Maxe04,1168,1176,1Q6/8/8/5k2/7p/2R5/2K2PPP/8 w - - 1 43,e4f5
10,EulerE,Maxe04,1168,1176,8/8/8/1Q3k2/7p/2R5/2K2PPP/8 b - - 2 43,b8b5
10,EulerE,Maxe04,1168,1176,8/8/8/1Q6/6kp/2R5/2K2PPP/8 w - - 3 44,f5g4
10,EulerE,Maxe04,1168,1176,8/8/8/1Q6/2R3kp/8/2K2PPP/8 b - - 4 44,c3c4
11,Maxe04,EulerE,1184,1160,rnbqkbnr/pppppppp/8/8/3P4/8/PPP1PPPP/RNBQKBNR b KQkq - 0 1,d2d4
11,Maxe04,EulerE,1184,1160,rnbqkbnr/ppp1pppp/8/3p4/3P4/8/PPP1PPPP/RNBQKBNR w KQkq - 0 2,d7d5
11,Maxe04,EulerE,1184,1160,rnbqkbnr/ppp1pppp/8/3p4/3P4/4P3/PPP2PPP/RNBQKBNR b KQkq - 0 2,e2e3
11,Maxe04,EulerE,1184,1160,rnbqkbnr/ppp1pp1p/6p1/3p4/3P4/4P3/PPP2PPP/RNBQKBNR w KQkq - 0 3,g7g6
11,Maxe04,EulerE,1184,1160,rnbqkbnr/ppp1pp1p/6p1/3p4/3P4/2P1P3/PP3PPP/RNBQKBNR b KQkq - 0 3,c2c3
11,Maxe04,EulerE,1184,1160,rnbqk1nr/ppp1ppbp/6p1/3p4/3P4/2P1P3/PP3PPP/RNBQKBNR w KQkq - 1 4,f8g7
11,Maxe04,EulerE,1184,1160,rnbqk1nr/ppp1ppbp/6p1/3p4/3P4/2PBP3/PP3PPP/RNBQK1NR b KQkq - 2 4,f1d3
11,Maxe04,EulerE,1184,1160,rnbqk2r/ppp1ppbp/5np1/3p4/3P4/2PBP3/PP3PPP/RNBQK1NR w KQkq - 3 5,g8f6
11,Maxe04,EulerE,1184,1160,rnbqk2r/ppp1ppbp/5np1/3p4/3P4/2PBP2P/PP3PP1/RNBQK1NR b KQkq - 0 5,h2h3
11,Maxe04,EulerE,1184,1160,r1bqk2r/ppp1ppbp/2n2np1/3p4/3P4/2PBP2P/PP3PP1/RNBQK1NR w KQkq - 1 6,b8c6
11,Maxe04,EulerE,1184,1160,r1bqk2r/ppp1ppbp/2n2np1/3p4/3P4/2PBP2P/PPQ2PP1/RNB1K1NR b KQkq - 2 6,d1c2
11,Maxe04,EulerE,1184,1160,r1bq1rk1/ppp1ppbp/2n2np1/3p4/3P4/2PBP2P/PPQ2PP1/RNB1K1NR w KQ - 3 7,e8g8
11,Maxe04,EulerE,1184,1160,r1bq1rk1/ppp1ppbp/2n2np1/3p4/3P4/2PBPN1P/PPQ2PP1/RNB1K2R b KQ - 4 7,g1f3
11,Maxe04,EulerE,1184,1160,r2q1rk1/pppbppbp/2n2np1/3p4/3P4/2PBPN1P/PPQ2PP1/RNB1K2R w KQ - 5 8,c8d7
11,Maxe04,EulerE,1184,1160,r2q1rk1/pppbppbp/2n2np1/3p4/3P4/2PBPN1P/PPQN1PP1/R1B1K2R b KQ - 6 8,b1d2
11,Maxe04,EulerE,1184,1160,r2q1rk1/pppb1pbp/2n1pnp1/3p4/3P4/2PBPN1P/PPQN1PP1/R1B1K2R w KQ - 0 9,e7e6
11,Maxe04,EulerE,1184,1160,r2q1rk1/pppb1pbp/2n1pnp1/3p4/3P3P/2PBPN2/PPQN1PP1/R1B1K2R b KQ - 0 9,h3h4
11,Maxe04,EulerE,1184,1160,r2qnrk1/pppb1pbp/2n1p1p1/3p4/3P3P/2PBPN2/PPQN1PP1/R1B1K2R w KQ - 1 10,f6e8
11,Maxe04,EulerE,1184,1160,r2qnrk1/pppb1pbp/2n1p1p1/3p3P/3P4/2PBPN2/PPQN1PP1/R1B1K2R b KQ - 0 10,h4h5
11,Maxe04,EulerE,1184,1160,r3nrk1/pppb1pbp/2n1pqp1/3p3P/3P4/2PBPN2/PPQN1PP1/R1B1K2R w KQ - 1 11,d8f6
11,Maxe04,EulerE,1184,1160,r3nrk1/pppb1pbp/2n1pqP1/3p4/3P4/2PBPN2/PPQN1PP1/R1B1K2R b KQ - 0 11,h5g6
11,Maxe04,EulerE,1184,1160,r3nrk1/pppb2bp/2n1pqp1/3p4/3P4/2PBPN2/PPQN1PP1/R1B1K2R w KQ - 0 12,f7g6
11,Maxe04,EulerE,1184,1160,r3nrk1/pppb2bp/2n1pqp1/3p4/3PP3/2PB1N2/PPQN1PP1/R1B1K2R b KQ - 0 12,e3e4
11,Maxe04,EulerE,1184,1160,r3nrk1/pppb2bp/2n1pqp1/8/3Pp3/2PB1N2/PPQN1PP1/R1B1K2R w KQ - 0 13,d5e4
11,Maxe04,EulerE,1184,1160,r3nrk1/pppb2bp/2n1pqp1/8/3PN3/2PB1N2/PPQ2PP1/R1B1K2R b KQ - 0 13,d2e4
11,Maxe04,EulerE,1184,1160,r3nrk1/pppb1qbp/2n1p1p1/8/3PN3/2PB1N2/PPQ2PP1/R1B1K2R w KQ - 1 14,f6f7
11,Maxe04,EulerE,1184,1160,r3nrk1/pppb1qbp/2n1p1p1/6N1/3P4/2PB1N2/PPQ2PP1/R1B1K2R b KQ - 2 14,e4g5
12,EulerE,Pomuch,1168,1173,rnbqkbnr/pppppppp/8/8/3P4/8/PPP1PPPP/RNBQKBNR b KQkq - 0 1,d2d4
12,EulerE,Pomuch,1168,1173,rnbqkbnr/p1pppppp/1p6/8/3P4/8/PPP1PPPP/RNBQKBNR w KQkq - 0 2,b7b6
12,EulerE,Pomuch,1168,1173,rnbqkbnr/p1pppppp/1p6/8/3PP3/8/PPP2PPP/RNBQKBNR b KQkq - 0 2,e2e4
12,EulerE,Pomuch,1168,1173,rn1qkbnr/pbpppppp/1p6/8/3PP3/8/PPP2PPP/RNBQKBNR w KQkq - 1 3,c8b7
12,EulerE,Pomuch,1168,1173,rn1qkbnr/pbpppppp/1p6/8/3PP3/2N5/PPP2PPP/R1BQKBNR b KQkq - 2 3,b1c3
12,EulerE,Pomuch,1168,1173,rn1qkbnr/pbpp1ppp/1p2p3/8/3PP3/2N5/PPP2PPP/R1BQKBNR w KQkq - 0 4,e7e6
12,EulerE,Pomuch,1168,1173,rn1qkbnr/pbpp1ppp/1p2p3/8/3PPB2/2N5/PPP2PPP/R2QKBNR b KQkq - 1 4,c1f4
12,EulerE,Pomuch,1168,1173,rn1qk1nr/pbpp1ppp/1p2p3/8/1b1PPB2/2N5/PPP2PPP/R2QKBNR w KQkq - 2 5,f8b4
12,EulerE,Pomuch,1168,1173,rn1qk1nr/pbpp1ppp/1p2p3/8/1b1PPB2/2NB4/PPP2PPP/R2QK1NR b KQkq - 3 5,f1d3
12,EulerE,Pomuch,1168,1173,rn1qk2r/pbppnppp/1p2p3/8/1b1PPB2/2NB4/PPP2PPP/R2QK1NR w KQkq - 4 6,g8e7
12,EulerE,Pomuch,1168,1173,rn1qk2r/pbppnppp/1p2p3/8/1b1PPB2/2NB4/PPP1NPPP/R2QK2R b KQkq - 5 6,g1e2
12,EulerE,Pomuch,1168,1173,rn1qk2r/pbp1nppp/1p2p3/3p4/1b1PPB2/2NB4/PPP1NPPP/R2QK2R w KQkq - 0 7,d7d5
12,EulerE,Pomuch,1168,1173,rn1qk2r/pbp1nppp/1p2p3/3pP3/1b1P1B2/2NB4/PPP1NPPP/R2QK2R b KQkq - 0 7,e4e5
12,EulerE,Pomuch,1168,1173,r2qk2r/pbp1nppp/np2p3/3pP3/1b1P1B2/2NB4/PPP1NPPP/R2QK2R w KQkq - 1 8,b8a6
12,EulerE,Pomuch,1168,1173,r2qk2r/pbp1nppp/np2p3/3pP3/1b1P1B2/2NB4/PPP1NPPP/R2Q1RK1 b kq - 2 8,e1g1
12,EulerE,Pomuch,1168,1173,r2qk2r/pb2nppp/np2p3/2ppP3/1b1P1B2/2NB4/PPP1NPPP/R2Q1RK1 w kq - 0 9,c7c5
12,EulerE,Pomuch,1168,1173,r2qk2r/pb2nppp/np2p3/1NppP3/1b1P1B2/3B4/PPP1NPPP/R2Q1RK1 b kq - 1 9,c3b5
12,EulerE,Pomuch,1168,1173,r2qk2r/pb2nppp/np2p3/1N1pP3/1b1p1B2/3B4/PPP1NPPP/R2Q1RK1 w kq - 0 10,c5d4
12,EulerE,Pomuch,1168,1173,r2qk2r/pb2nppp/np2p3/1N1pP3/1b1N1B2/3B4/PPP2PPP/R2Q1RK1 b kq - 0 10,e2d4
12,EulerE,Pomuch,1168,1173,r2qk2r/pb2nppp/1p2p3/1NnpP3/1b1N1B2/3B4/PPP2PPP/R2Q1RK1 w kq - 1 11,a6c5
12,EulerE,Pomuch,1168,1173,r2qk2r/pb2nppp/1p2p3/1NnpP3/1b1N1B2/8/PPP1BPPP/R2Q1RK1 b kq - 2 11,d3e2
12,EulerE,Pomuch,1168,1173,r2qk2r/p3nppp/bp2p3/1NnpP3/1b1N1B2/8/PPP1BPPP/R2Q1RK1 w kq - 3 12,b7a6
12,EulerE,Pomuch,1168,1173,r2qk2r/p3nppp/bp2p3/1NnpP3/1b1N1B2/P7/1PP1BPPP/R2Q1RK1 b kq - 0 12,a2a3
12,EulerE,Pomuch,1168,1173,r2qk2r/p3nppp/bp2p3/1NnpP3/3N1B2/b7/1PP1BPPP/R2Q1RK1 w kq - 0 13,b4a3
12,EulerE,Pomuch,1168,1173,r2qk2r/p3nppp/bp2p3/1NnpP3/3N1B2/R7/1PP1BPPP/3Q1RK1 b kq - 0 13,a1a3
12,EulerE,Pomuch,1168,1173,r2qk2r/p3nppp/bp2p3/1N1pP3/3NnB2/R7/1PP1BPPP/3Q1RK1 w kq - 1 14,c5e4
12,EulerE,Pomuch,1168,1173,r2qk2r/p3nppp/Rp2p3/1N1pP3/3NnB2/8/1PP1BPPP/3Q1RK1 b kq - 0 14,a3a6
13,Pomuch,EulerE,1181,1160,rnbqkbnr/pppppppp/8/8/3P4/8/PPP1PPPP/RNBQKBNR b KQkq - 0 1,d2d4
13,Pomuch,EulerE,1181,1160,rnbqkbnr/ppp1pppp/8/3p4/3P4/8/PPP1PPPP/RNBQKBNR w KQkq - 0 2,d7d5
13,Pomuch,EulerE,1181,1160,rnbqkbnr/ppp1pppp/8/3p4/3P4/5N2/PPP1PPPP/RNBQKB1R b KQkq - 1 2,g1f3
13,Pomuch,EulerE,1181,1160,rnbqkbnr/ppp1pp1p/6p1/3p4/3P4/5N2/PPP1PPPP/RNBQKB1R w KQkq - 0 3,g7g6
13,Pomuch,EulerE,1181,1160,rnbqkbnr/ppp1pp1p/6p1/3p4/3P4/4PN2/PPP2PPP/RNBQKB1R b KQkq - 0 3,e2e3
13,Pomuch,EulerE,1181,1160,rnbqk1nr/ppp1ppbp/6p1/3p4/3P4/4PN2/PPP2PPP/RNBQKB1R w KQkq - 1 4,f8g7
13,Pomuch,EulerE,1181,1160,rnbqk1nr/ppp1ppbp/6p1/3p4/3P4/3BPN2/PPP2PPP/RNBQK2R b KQkq - 2 4,f1d3
13,Pomuch,EulerE,1181,1160,rnbqk2r/ppp1ppbp/5np1/3p4/3P4/3BPN2/PPP2PPP/RNBQK2R w KQkq - 3 5,g8f6
13,Pomuch,EulerE,1181,1160,rnbqk2r/ppp1ppbp/5np1/3p4/3P4/2NBPN2/PPP2PPP/R1BQK2R b KQkq - 4 5,b1c3
13,Pomuch,EulerE,1181,1160,rn1qk2r/ppp1ppbp/5np1/3p4/3P2b1/2NBPN2/PPP2PPP/R1BQK2R w KQkq - 5 6,c8g4
13,Pomuch,EulerE,1181,1160,rn1qk2r/ppp1ppbp/5np1/3p4/3P2b1/2NBPN1P/PPP2PP1/R1BQK2R b KQkq - 0 6,h2h3
13,Pomuch,EulerE,1181,1160,rn1qk2r/ppp1ppbp/4bnp1/3p4/3P4/2NBPN1P/PPP2PP1/R1BQK2R w KQkq - 1 7,g4e6
13,Pomuch,EulerE,1181,1160,rn1qk2r/ppp1ppbp/4bnp1/3p2N1/3P4/2NBP2P/PPP2PP1/R1BQK2R b KQkq - 2 7,f3g5
13,Pomuch,EulerE,1181,1160,rn1qk2r/ppp1ppbp/5np1/3p1bN1/3P4/2NBP2P/PPP2PP1/R1BQK2R w KQkq - 3 8,e6f5
13,Pomuch,EulerE,1181,1160,rn1qk2r/ppp1ppbp/5np1/3p1BN1/3P4/2N1P2P/PPP2PP1/R1BQK2R b KQkq - 0 8,d3f5
13,Pomuch,EulerE,1181,1160,rn1qk2r/ppp1ppbp/5n2/3p1pN1/3P4/2N1P2P/PPP2PP1/R1BQK2R w KQkq - 0 9,g6f5
13,Pomuch,EulerE,1181,1160,rn1qk2r/ppp1ppbp/5n2/3p1pN1/3P4/2N1P2P/PPPB1PP1/R2QK2R b KQkq - 1 9,c1d2
13,Pomuch,EulerE,1181,1160,rn1qk2r/ppp1pp1p/5n1b/3p1pN1/3P4/2N1P2P/PPPB1PP1/R2QK2R w KQkq - 2 10,g7h6
13,Pomuch,EulerE,1181,1160,rn1qk2r/ppp1pp1p/5n1b/3p1pN1/3P3P/2N1P3/PPPB1PP1/R2QK2R b KQkq - 0 10,h3h4
13,Pomuch,EulerE,1181,1160,r2qk2r/ppp1pp1p/2n2n1b/3p1pN1/3P3P/2N1P3/PPPB1PP1/R2QK2R w KQkq - 1 11,b8c6
13,Pomuch,EulerE,1181,1160,r2qk2r/ppp1pp1p/2n2n1b/3p1pN1/3P3P/2N1P3/PPPBQPP1/R3K2R b KQkq - 2 11,d1e2
13,Pomuch,EulerE,1181,1160,r2qk2r/ppp1pp1p/5n1b/3p1pN1/1n1P3P/2N1P3/PPPBQPP1/R3K2R w KQkq - 3 12,c6b4
13,Pomuch,EulerE,1181,1160,r2qk2r/ppp1pp1p/5n1b/3p1pN1/1n1P3P/2N1P3/PPPBQPP1/2KR3R b kq - 4 12,e1c1
13,Pomuch,EulerE,1181,1160,r3k2r/ppp1pp1p/3q1n1b/3p1pN1/1n1P3P/2N1P3/PPPBQPP1/2KR3R w kq - 5 13,d8d6
13,Pomuch,EulerE,1181,1160,r3k2r/ppp1pp1p/3q1n1b/3p1pN1/1n1P3P/2N1P3/PPPBQPP1/1K1R3R b kq - 6 13,c1b1
13,Pomuch,EulerE,1181,1160,2kr3r/ppp1pp1p/3q1n1b/3p1pN1/1n1P3P/2N1P3/PPPBQPP1/1K1R3R w - - 7 14,e8c8
13,Pomuch,EulerE,1181,1160,2kr3r/ppp1pp1p/3q1n1b/1N1p1pN1/1n1P3P/4P3/PPPBQPP1/1K1R3R b - - 8 14,c3b5
14,EulerE,nicktro,1153,1214,rnbqkbnr/pppppppp/8/8/3P4/8/PPP1PPPP/RNBQKBNR b KQkq - 0 1,d2d4
14,EulerE,nicktro,1153,1214,rnbqkbnr/ppp1pppp/8/3p4/3P4/8/PPP1PPPP/RNBQKBNR w KQkq - 0 2,d7d5
14,EulerE,nicktro,1153,1214,rnbqkbnr/ppp1pppp/8/3p4/2PP4/8/PP2PPPP/RNBQKBNR b KQkq - 0 2,c2c4
14,EulerE,nicktro,1153,1214,rnbqkb1r/ppp1pppp/5n2/3p4/2PP4/8/PP2PPPP/RNBQKBNR w KQkq - 1 3,g8f6
14,EulerE,nicktro,1153,1214,rnbqkb1r/ppp1pppp/5n2/3p4/2PP4/2N5/PP2PPPP/R1BQKBNR b KQkq - 2 3,b1c3
14,EulerE,nicktro,1153,1214,rnbqkb1r/ppp2ppp/4pn2/3p4/2PP4/2N5/PP2PPPP/R1BQKBNR w KQkq - 0 4,e7e6
14,EulerE,nicktro,1153,1214,rnbqkb1r/ppp2ppp/4pn2/3p4/2PP1B2/2N5/PP2PPPP/R2QKBNR b KQkq - 1 4,c1f4
14,EulerE,nicktro,1153,1214,rnbqkb1r/p1p2ppp/1p2pn2/3p4/2PP1B2/2N5/PP2PPPP/R2QKBNR w KQkq - 0 5,b7b6
14,EulerE,nicktro,1153,1214,rnbqkb1r/p1p2ppp/1p2pn2/3p4/2PP1B2/2N2N2/PP2PPPP/R2QKB1R b KQkq - 1 5,g1f3
14,EulerE,nicktro,1153,1214,rnbqkb1r/p4ppp/1p2pn2/2pp4/2PP1B2/2N2N2/PP2PPPP/R2QKB1R w KQkq - 0 6,c7c5
14,EulerE,nicktro,1153,1214,rnbqkb1r/p4ppp/1p2pn2/2pP4/3P1B2/2N2N2/PP2PPPP/R2QKB1R b KQkq - 0 6,c4d5
14,EulerE,nicktro,1153,1214,rnbqkb1r/p4ppp/1p2p3/2pn4/3P1B2/2N2N2/PP2PPPP/R2QKB1R w KQkq - 0 7,f6d5
14,EulerE,nicktro,1153,1214,rnbqkb1r/p4ppp/1p2p3/2pN4/3P1B2/5N2/PP2PPPP/R2QKB1R b KQkq - 0 7,c3d5
14,EulerE,nicktro,1153,1214,rnb1kb1r/p4ppp/1p2p3/2pq4/3P1B2/5N2/PP2PPPP/R2QKB1R w KQkq - 0 8,d8d5
14,EulerE,nicktro,1153,1214,rnb1kb1r/p4ppp/1p2p3/2pq4/3P1B2/4PN2/PP3PPP/R2QKB1R b KQkq - 0 8,e2e3
14,EulerE,nicktro,1153,1214,rnb1k2r/p3bppp/1p2p3/2pq4/3P1B2/4PN2/PP3PPP/R2QKB1R w KQkq - 1 9,f8e7
14,EulerE,nicktro,1153,1214,rnb1k2r/p3bppp/1p2p3/2pq4/3P1B2/1Q2PN2/PP3PPP/R3KB1R b KQkq - 2 9,d1b3
14,EulerE,nicktro,1153,1214,rn2k2r/pb2bppp/1p2p3/2pq4/3P1B2/1Q2PN2/PP3PPP/R3KB1R w KQkq - 3 10,c8b7
14,EulerE,nicktro,1153,1214,rn2k2r/pb2bppp/1p2p3/2pq4/3P1B2/1Q2PN2/PP3PPP/2KR1B1R b kq - 4 10,e1c1
14,EulerE,nicktro,1153,1214,rn2k2r/pb2bppp/1p2p3/2p5/3P1B2/1q2PN2/PP3PPP/2KR1B1R w kq - 0 11,d5b3
14,EulerE,nicktro,1153,1214,rn2k2r/pb2bppp/1p2p3/2p5/3P1B2/1P2PN2/1P3PPP/2KR1B1R b kq - 0 11,a2b3
14,EulerE,nicktro,1153,1214,rn2k2r/p3bppp/1p2p3/2p5/3P1B2/1P2Pb2/1P3PPP/2KR1B1R w kq - 0 12,b7f3
14,EulerE,nicktro,1153,1214,rn2k2r/p3bppp/1p2p3/2p5/3P1B2/1P2PP2/1P3P1P/2KR1B1R b kq - 0 12,g2f3
14,EulerE,nicktro,1153,1214,rn3rk1/p3bppp/1p2p3/2p5/3P1B2/1P2PP2/1P3P1P/2KR1B1R w - - 1 13,e8g8
14,EulerE,nicktro,1153,1214,rn3rk1/p3bppp/1p2p3/1Bp5/3P1B2/1P2PP2/1P3P1P/2KR3R b - - 2 13,f1b5
14,EulerE,nicktro,1153,1214,rn3rk1/p3bpp1/1p2p2p/1Bp5/3P1B2/1P2PP2/1P3P1P/2KR3R w - - 0 14,h7h6
14,EulerE,nicktro,1153,1214,rB3rk1/p3bpp1/1p2p2p/1Bp5/3P4/1P2PP2/1P3P1P/2KR3R b - - 0 14,f4b8
14,EulerE,nicktro,1153,1214,1r3rk1/p3bpp1/1p2p2p/1Bp5/3P4/1P2PP2/1P3P1P/2KR3R w - - 0 15,a8b8
14,EulerE,nicktro,1153,1214,1r3rk1/p3bpp1/1p2p2p/1BP5/8/1P2PP2/1P3P1P/2KR3R b - - 0 15,d4c5
14,EulerE,nicktro,1153,1214,2r2rk1/p3bpp1/1p2p2p/1BP5/8/1P2PP2/1P3P1P/2KR3R w - - 1 16,b8c8
14,EulerE,nicktro,1153,1214,2r2rk1/p3bpp1/1p2p2p/1BP5/1P6/4PP2/1P3P1P/2KR3R b - - 0 16,b3b4
14,EulerE,nicktro,1153,1214,2r2rk1/p3bpp1/4p2p/1Bp5/1P6/4PP2/1P3P1P/2KR3R w - - 0 17,b6c5
14,EulerE,nicktro,1153,1214,2r2rk1/p3bpp1/4p2p/1BP5/8/4PP2/1P3P1P/2KR3R b - - 0 17,b4c5
14,EulerE,nicktro,1153,1214,5rk1/p3bpp1/4p2p/1Br5/8/4PP2/1P3P1P/2KR3R w - - 0 18,c8c5
15,EulerE,owen0196,1145,1171,rnbqkbnr/pppppppp/8/8/3P4/8/PPP1PPPP/RNBQKBNR b KQkq - 0 1,d2d4
15,EulerE,owen0196,1145,1171,rnbqkbnr/ppp1pppp/8/3p4/3P4/8/PPP1PPPP/RNBQKBNR w KQkq - 0 2,d7d5
15,EulerE,owen0196,1145,1171,rnbqkbnr/ppp1pppp/8/3p4/2PP4/8/PP2PPPP/RNBQKBNR b KQkq - 0 2,c2c4
15,EulerE,owen0196,1145,1171,rnbqkbnr/ppp2ppp/4p3/3p4/2PP4/8/PP2PPPP/RNBQKBNR w KQkq - 0 3,e7e6
15,EulerE,owen0196,1145,1171,rnbqkbnr/ppp2ppp/4p3/3p4/2PP4/2N5/PP2PPPP/R1BQKBNR b KQkq - 1 3,b1c3
15,EulerE,owen0196,1145,1171,rnbqk1nr/ppp2ppp/4p3/3p4/1bPP4/2N5/PP2PPPP/R1BQKBNR w KQkq - 2 4,f8b4
15,EulerE,owen0196,1145,1171,rnbqk1nr/ppp2ppp/4p3/3P4/1b1P4/2N5/PP2PPPP/R1BQKBNR b KQkq - 0 4,c4d5
15,EulerE,owen0196,1145,1171,rnbqk1nr/ppp2ppp/8/3p4/1b1P4/2N5/PP2PPPP/R1BQKBNR w KQkq - 0 5,e6d5
15,EulerE,owen0196,1145,1171,rnbqk1nr/ppp2ppp/8/3p4/1b1P4/2N5/PP1BPPPP/R2QKBNR b KQkq - 1 5,c1d2
15,EulerE,owen0196,1145,1171,rnbqk1nr/ppp2ppp/8/3p4/3P4/2b5/PP1BPPPP/R2QKBNR w KQkq - 0 6,b4c3
15,EulerE,owen0196,1145,1171,rnbqk1nr/ppp2ppp/8/3p4/3P4/2B5/PP2PPPP/R2QKBNR b KQkq - 0 6,d2c3
15,EulerE,owen0196,1145,1171,rnbqk2r/ppp2ppp/5n2/3p4/3P4/2B5/PP2PPPP/R2QKBNR w KQkq - 1 7,g8f6
15,EulerE,owen0196,1145,1171,rnbqk2r/ppp2ppp/5n2/3p4/3P4/2B2N2/PP2PPPP/R2QKB1R b KQkq - 2 7,g1f3
15,EulerE,owen0196,1145,1171,rnbq1rk1/ppp2ppp/5n2/3p4/3P4/2B2N2/PP2PPPP/R2QKB1R w KQ - 3 8,e8g8
15,EulerE,owen0196,1145,1171,rnbq1rk1/ppp2ppp/5n2/3p4/3P4/2B1PN2/PP3PPP/R2QKB1R b KQ - 0 8,e2e3
15,EulerE,owen0196,1145,1171,rn1q1rk1/ppp2ppp/5n2/3p4/3P2b1/2B1PN2/PP3PPP/R2QKB1R w KQ - 1 9,c8g4
15,EulerE,owen0196,1145,1171,rn1q1rk1/ppp2ppp/5n2/3p4/3P2b1/2BBPN2/PP3PPP/R2QK2R b KQ - 2 9,f1d3
15,EulerE,owen0196,1145,1171,r2q1rk1/ppp2ppp/2n2n2/3p4/3P2b1/2BBPN2/PP3PPP/R2QK2R w KQ - 3 10,b8c6
15,EulerE,owen0196,1145,1171,r2q1rk1/ppp2ppp/2n2n2/3p4/3P2b1/2BBPN2/PP3PPP/R2Q1RK1 b - - 4 10,e1g1
15,EulerE,owen0196,1145,1171,r2q1rk1/ppp2ppp/2n5/3p4/3Pn1b1/2BBPN2/PP3PPP/R2Q1RK1 w - - 5 11,f6e4
15,EulerE,owen0196,1145,1171,r2q1rk1/ppp2ppp/2n5/3p4/1B1Pn1b1/3BPN2/PP3PPP/R2Q1RK1 b - - 6 11,c3b4
16,EulerE,Dess07,1154,1183,rnbqkbnr/pppppppp/8/8/3P4/8/PPP1PPPP/RNBQKBNR b KQkq - 0 1,d2d4
16,EulerE,Dess07,1154,1183,rnbqkbnr/ppp1pppp/8/3p4/3P4/8/PPP1PPPP/RNBQKBNR w KQkq - 0 2,d7d5
16,EulerE,Dess07,1154,1183,rnbqkbnr/ppp1pppp/8/3p4/2PP4/8/PP2PPPP/RNBQKBNR b KQkq - 0 2,c2c4
16,EulerE,Dess07,1154,1183,rnbqkbnr/ppp1pppp/8/8/2pP4/8/PP2PPPP/RNBQKBNR w KQkq - 0 3,d5c4
16,EulerE,Dess07,1154,1183,rnbqkbnr/ppp1pppp/8/8/2pPP3/8/PP3PPP/RNBQKBNR b KQkq - 0 3,e2e4
16,EulerE,Dess07,1154,1183,rnbqkbnr/ppp2ppp/4p3/8/2pPP3/8/PP3PPP/RNBQKBNR w KQkq - 0 4,e7e6
16,EulerE,Dess07,1154,1183,rnbqkbnr/ppp2ppp/4p3/8/2BPP3/8/PP3PPP/RNBQK1NR b KQkq - 0 4,f1c4
16,EulerE,Dess07,1154,1183,r1bqkbnr/ppp2ppp/2n1p3/8/2BPP3/8/PP3PPP/RNBQK1NR w KQkq - 1 5,b8c6
16,EulerE,Dess07,1154,1183,r1bqkbnr/ppp2ppp/2n1p3/8/2BPP3/5N2/PP3PPP/RNBQK2R b KQkq - 2 5,g1f3
16,EulerE,Dess07,1154,1183,r1bqkbnr/ppp2pp1/2n1p2p/8/2BPP3/5N2/PP3PPP/RNBQK2R w KQkq - 0 6,h7h6
16,EulerE,Dess07,1154,1183,r1bqkbnr/ppp2pp1/2n1p2p/3P4/2B1P3/5N2/PP3PPP/RNBQK2R b KQkq - 0 6,d4d5
16,EulerE,Dess07,1154,1183,r1bqkbnr/ppp2pp1/4p2p/n2P4/2B1P3/5N2/PP3PPP/RNBQK2R w KQkq - 1 7,c6a5
16,EulerE,Dess07,1154,1183,r1bqkbnr/ppp2pp1/4p2p/n2P4/Q1B1P3/5N2/PP3PPP/RNB1K2R b KQkq - 2 7,d1a4
16,EulerE,Dess07,1154,1183,r1bqkbnr/ppp2pp1/2n1p2p/3P4/Q1B1P3/5N2/PP3PPP/RNB1K2R w KQkq - 3 8,a5c6
16,EulerE,Dess07,1154,1183,r1bqkbnr/ppp2pp1/2P1p2p/8/Q1B1P3/5N2/PP3PPP/RNB1K2R b KQkq - 0 8,d5c6
16,EulerE,Dess07,1154,1183,r1bqkbnr/p1p2pp1/2p1p2p/8/Q1B1P3/5N2/PP3PPP/RNB1K2R w KQkq - 0 9,b7c6
16,EulerE,Dess07,1154,1183,r1bqkbnr/p1p2pp1/2Q1p2p/8/2B1P3/5N2/PP3PPP/RNB1K2R b KQkq - 0 9,a4c6
16,EulerE,Dess07,1154,1183,r2qkbnr/p1pb1pp1/2Q1p2p/8/2B1P3/5N2/PP3PPP/RNB1K2R w KQkq - 1 10,c8d7
16,EulerE,Dess07,1154,1183,r2qkbnr/pQpb1pp1/4p2p/8/2B1P3/5N2/PP3PPP/RNB1K2R b KQkq - 2 10,c6b7
16,EulerE,Dess07,1154,1183,r2qkbnr/1Qpb1pp1/4p2p/p7/2B1P3/5N2/PP3PPP/RNB1K2R w KQkq - 0 11,a7a5
16,EulerE,Dess07,1154,1183,r2qkbnr/1Qpb1pp1/4p2p/pB6/4P3/5N2/PP3PPP/RNB1K2R b KQkq - 1 11,c4b5
16,EulerE,Dess07,1154,1183,1r1qkbnr/1Qpb1pp1/4p2p/pB6/4P3/5N2/PP3PPP/RNB1K2R w KQk - 2 12,a8b8
16,EulerE,Dess07,1154,1183,1r1qkbnr/1QpB1pp1/4p2p/p7/4P3/5N2/PP3PPP/RNB1K2R b KQk - 0 12,b5d7
16,EulerE,Dess07,1154,1183,1r1q1bnr/1Qpk1pp1/4p2p/p7/4P3/5N2/PP3PPP/RNB1K2R w KQ - 0 13,e8d7
16,EulerE,Dess07,1154,1183,1r1q1bnr/2pk1pp1/Q3p2p/p7/4P3/5N2/PP3PPP/RNB1K2R b KQ - 1 13,b7a6
16,EulerE,Dess07,1154,1183,1r1q2nr/2pk1pp1/Q3p2p/p7/1b2P3/5N2/PP3PPP/RNB1K2R w KQ - 2 14,f8b4
16,EulerE,Dess07,1154,1183,1r1q2nr/2pk1pp1/Q3p2p/p7/1b2P3/5N2/PP1B1PPP/RN2K2R b KQ - 3 14,c1d2
16,EulerE,Dess07,1154,1183,1r1q2nr/2pk1pp1/Q3p2p/p7/4P3/5N2/PP1b1PPP/RN2K2R w KQ - 0 15,b4d2
16,EulerE,Dess07,1154,1183,1r1q2nr/2pk1pp1/Q3p2p/p7/4P3/8/PP1N1PPP/RN2K2R b KQ - 0 15,f3d2
16,EulerE,Dess07,1154,1183,3q2nr/2pk1pp1/Q3p2p/p7/4P3/8/Pr1N1PPP/RN2K2R w KQ - 0 16,b8b2
16,EulerE,Dess07,1154,1183,3q2nr/2pk1pp1/4p2p/p7/4P3/3Q4/Pr1N1PPP/RN2K2R b KQ - 1 16,a6d3
16,EulerE,Dess07,1154,1183,3q2nr/2p1kpp1/4p2p/p7/4P3/3Q4/Pr1N1PPP/RN2K2R w KQ - 2 17,d7e7
16,EulerE,Dess07,1154,1183,3q2nr/2p1kpp1/4p2p/p7/4P3/Q7/Pr1N1PPP/RN2K2R b KQ - 3 17,d3a3
16,EulerE,Dess07,1154,1183,3qk1nr/2p2pp1/4p2p/p7/4P3/Q7/Pr1N1PPP/RN2K2R w KQ - 4 18,e7e8
16,EulerE,Dess07,1154,1183,3qk1nr/2p2pp1/4p2p/p7/4P3/8/PQ1N1PPP/RN2K2R b KQ - 0 18,a3b2
16,EulerE,Dess07,1154,1183,3qk2r/2p1npp1/4p2p/p7/4P3/8/PQ1N1PPP/RN2K2R w KQ - 1 19,g8e7
16,EulerE,Dess07,1154,1183,3qk2r/2p1npQ1/4p2p/p7/4P3/8/P2N1PPP/RN2K2R b KQ - 0 19,b2g7
16,EulerE,Dess07,1154,1183,3qk1r1/2p1npQ1/4p2p/p7/4P3/8/P2N1PPP/RN2K2R w KQ - 1 20,h8g8
16,EulerE,Dess07,1154,1183,3qk1r1/2p1np2/4p2Q/p7/4P3/8/P2N1PPP/RN2K2R b KQ - 0 20,g7h6
16,EulerE,Dess07,1154,1183,3qk3/2p1np2/4p2Q/p7/4P3/8/P2N1PrP/RN2K2R w KQ - 0 21,g8g2
16,EulerE,Dess07,1154,1183,3qk3/2p1np2/4p2Q/p7/4P3/2N5/P2N1PrP/R3K2R b KQ - 1 21,b1c3
16,EulerE,Dess07,1154,1183,4k3/2p1np2/4p2Q/p7/3qP3/2N5/P2N1PrP/R3K2R w KQ - 2 22,d8d4
16,EulerE,Dess07,1154,1183,4k3/2p1np2/4p3/p7/3qP3/2N1Q3/P2N1PrP/R3K2R b KQ - 3 22,h6e3
16,EulerE,Dess07,1154,1183,4k3/2p1npq1/4p3/p7/4P3/2N1Q3/P2N1PrP/R3K2R w KQ - 4 23,d4g7
16,EulerE,Dess07,1154,1183,4k3/2p1npq1/4p3/p7/4P3/2N1Q3/P2N1PrP/2KR3R b - - 5 23,e1c1
16,EulerE,Dess07,1154,1183,4k3/2p1np2/4p3/p3q3/4P3/2N1Q3/P2N1PrP/2KR3R w - - 6 24,g7e5
16,EulerE,Dess07,1154,1183,4k3/2p1np2/4p3/p3q3/2N1P3/2N1Q3/P4PrP/2KR3R b - - 7 24,d2c4
16,EulerE,Dess07,1154,1183,4k3/2p1np2/4p3/p6q/2N1P3/2N1Q3/P4PrP/2KR3R w - - 8 25,e5h5
16,EulerE,Dess07,1154,1183,4k3/Q1p1np2/4p3/p6q/2N1P3/2N5/P4PrP/2KR3R b - - 9 25,e3a7
16,EulerE,Dess07,1154,1183,4k3/Q1p1np2/4p3/p5q1/2N1P3/2N5/P4PrP/2KR3R w - - 10 26,h5g5
16,EulerE,Dess07,1154,1183,4k3/Q1p1np2/4p3/p5q1/4P3/2N5/P2N1PrP/2KR3R b - - 11 26,c4d2
16,EulerE,Dess07,1154,1183,8/Q1pknp2/4p3/p5q1/4P3/2N5/P2N1PrP/2KR3R w - - 12 27,e8d7
16,EulerE,Dess07,1154,1183,8/Q1pknp2/4p3/p5q1/4P3/2N5/P1KN1PrP/3R3R b - - 13 27,c1c2
16,EulerE,Dess07,1154,1183,8/Q1pk1p2/2n1p3/p5q1/4P3/2N5/P1KN1PrP/3R3R w - - 14 28,e7c6
16,EulerE,Dess07,1154,1183,8/Q1pk1p2/2n1p3/p5q1/4P3/2N2N2/P1K2PrP/3R3R b - - 15 28,d2f3
17,EulerE,stepjuan,1161,1111,rnbqkbnr/pppppppp/8/8/3P4/8/PPP1PPPP/RNBQKBNR b KQkq - 0 1,d2d4
17,EulerE,stepjuan,1161,1111,rnbqkbnr/ppp1pppp/8/3p4/3P4/8/PPP1PPPP/RNBQKBNR w KQkq - 0 2,d7d5
17,EulerE,stepjuan,1161,1111,rnbqkbnr/ppp1pppp/8/3p4/2PP4/8/PP2PPPP/RNBQKBNR b KQkq - 0 2,c2c4
17,EulerE,stepjuan,1161,1111,rnbqkb1r/ppp1pppp/5n2/3p4/2PP4/8/PP2PPPP/RNBQKBNR w KQkq - 1 3,g8f6
17,EulerE,stepjuan,1161,1111,rnbqkb1r/ppp1pppp/5n2/3p4/2PP4/2N5/PP2PPPP/R1BQKBNR b KQkq - 2 3,b1c3
17,EulerE,stepjuan,1161,1111,rn1qkb1r/ppp1pppp/5n2/3p1b2/2PP4/2N5/PP2PPPP/R1BQKBNR w KQkq - 3 4,c8f5
17,EulerE,stepjuan,1161,1111,rn1qkb1r/ppp1pppp/5n2/3p1b2/2PP4/2N2N2/PP2PPPP/R1BQKB1R b KQkq - 4 4,g1f3
17,EulerE,stepjuan,1161,1111,rn1qkb1r/ppp2ppp/4pn2/3p1b2/2PP4/2N2N2/PP2PPPP/R1BQKB1R w KQkq - 0 5,e7e6
17,EulerE,stepjuan,1161,1111,rn1qkb1r/ppp2ppp/4pn2/3p1bB1/2PP4/2N2N2/PP2PPPP/R2QKB1R b KQkq - 1 5,c1g5
17,EulerE,stepjuan,1161,1111,rn1qk2r/ppp2ppp/4pn2/3p1bB1/1bPP4/2N2N2/PP2PPPP/R2QKB1R w KQkq - 2 6,f8b4
17,EulerE,stepjuan,1161,1111,rn1qk2r/ppp2ppp/4pn2/3p1bB1/1bPP4/2N1PN2/PP3PPP/R2QKB1R b KQkq - 0 6,e2e3
17,EulerE,stepjuan,1161,1111,rn1qk2r/ppp2ppp/4pn2/3p1bB1/2PP4/2b1PN2/PP3PPP/R2QKB1R w KQkq - 0 7,b4c3
17,EulerE,stepjuan,1161,1111,rn1qk2r/ppp2ppp/4pn2/3p1bB1/2PP4/2P1PN2/P4PPP/R2QKB1R b KQkq - 0 7,b2c3
17,EulerE,stepjuan,1161,1111,rn1qk2r/ppp2ppp/4pn2/5bB1/2pP4/2P1PN2/P4PPP/R2QKB1R w KQkq - 0 8,d5c4
17,EulerE,stepjuan,1161,1111,rn1qk2r/ppp2ppp/4pn2/5bB1/2BP4/2P1PN2/P4PPP/R2QK2R b KQkq - 0 8,f1c4
17,EulerE,stepjuan,1161,1111,rn1q1rk1/ppp2ppp/4pn2/5bB1/2BP4/2P1PN2/P4PPP/R2QK2R w KQ - 1 9,e8g8
17,EulerE,stepjuan,1161,1111,rn1q1rk1/ppp2ppp/4pn2/5bB1/2BP4/2P1PN2/P4PPP/R2Q1RK1 b - - 2 9,e1g1
17,EulerE,stepjuan,1161,1111,r2q1rk1/ppp2ppp/2n1pn2/5bB1/2BP4/2P1PN2/P4PPP/R2Q1RK1 w - - 3 10,b8c6
17,EulerE,stepjuan,1161,1111,r2q1rk1/ppp2ppp/2n1pn2/5bB1/2BP4/1QP1PN2/P4PPP/R4RK1 b - - 4 10,d1b3
17,EulerE,stepjuan,1161,1111,r2q1rk1/p1p2ppp/1pn1pn2/5bB1/2BP4/1QP1PN2/P4PPP/R4RK1 w - - 0 11,b7b6
17,EulerE,stepjuan,1161,1111,r2q1rk1/p1p2ppp/1pn1pn2/4NbB1/2BP4/1QP1P3/P4PPP/R4RK1 b - - 1 11,f3e5
17,EulerE,stepjuan,1161,1111,r2q1rk1/p1p2ppp/1p2pn2/n3NbB1/2BP4/1QP1P3/P4PPP/R4RK1 w - - 2 12,c6a5
17,EulerE,stepjuan,1161,1111,r2q1rk1/p1p2ppp/1p2pB2/n3Nb2/2BP4/1QP1P3/P4PPP/R4RK1 b - - 0 12,g5f6
17,EulerE,stepjuan,1161,1111,r4rk1/p1p2ppp/1p2pq2/n3Nb2/2BP4/1QP1P3/P4PPP/R4RK1 w - - 0 13,d8f6
17,EulerE,stepjuan,1161,1111,r4rk1/p1p2ppp/1p2pq2/n3Nb2/Q1BP4/2P1P3/P4PPP/R4RK1 b - - 1 13,b3a4
17,EulerE,stepjuan,1161,1111,r4rk1/p1p2ppp/1p2pq2/4Nb2/Q1nP4/2P1P3/P4PPP/R4RK1 w - - 0 14,a5c4
17,EulerE,stepjuan,1161,1111,r4rk1/p1p2ppp/1p2pq2/4Nb2/2QP4/2P1P3/P4PPP/R4RK1 b - - 0 14,a4c4
17,EulerE,stepjuan,1161,1111,r2q1rk1/p1p2ppp/1p2p3/4Nb2/2QP4/2P1P3/P4PPP/R4RK1 w - - 1 15,f6d8
17,EulerE,stepjuan,1161,1111,r2q1rk1/p1p2ppp/1p2p3/4Nb2/2QP4/2P1P3/P4PPP/R2R2K1 b - - 2 15,f1d1
17,EulerE,stepjuan,1161,1111,2rq1rk1/p1p2ppp/1p2p3/4Nb2/2QP4/2P1P3/P4PPP/R2R2K1 w - - 3 16,a8c8
17,EulerE,stepjuan,1161,1111,2rq1rk1/p1p2ppp/1p2p3/3PNb2/2Q5/2P1P3/P4PPP/R2R2K1 b - - 0 16,d4d5
17,EulerE,stepjuan,1161,1111,2rqr1k1/p1p2ppp/1p2p3/3PNb2/2Q5/2P1P3/P4PPP/R2R2K1 w - - 1 17,f8e8
17,EulerE,stepjuan,1161,1111,2rqr1k1/p1p2ppp/1p2P3/4Nb2/2Q5/2P1P3/P4PPP/R2R2K1 b - - 0 17,d5e6
17,EulerE,stepjuan,1161,1111,2r1r1k1/p1p2ppp/1p2Pq2/4Nb2/2Q5/2P1P3/P4PPP/R2R2K1 w - - 1 18,d8f6
17,EulerE,stepjuan,1161,1111,2r1r1k1/p1p2Ppp/1p3q2/4Nb2/2Q5/2P1P3/P4PPP/R2R2K1 b - - 0 18,e6f7
17,EulerE,stepjuan,1161,1111,2r1r2k/p1p2Ppp/1p3q2/4Nb2/2Q5/2P1P3/P4PPP/R2R2K1 w - - 1 19,g8h8
17,EulerE,stepjuan,1161,1111,2r1Q2k/p1p3pp/1p3q2/4Nb2/2Q5/2P1P3/P4PPP/R2R2K1 b - - 0 19,f7e8q
17,EulerE,stepjuan,1161,1111,4r2k/p1p3pp/1p3q2/4Nb2/2Q5/2P1P3/P4PPP/R2R2K1 w - - 0 20,c8e8
17,EulerE,stepjuan,1161,1111,4r2k/p1p2Npp/1p3q2/5b2/2Q5/2P1P3/P4PPP/R2R2K1 b - - 1 20,e5f7
17,EulerE,stepjuan,1161,1111,4r1k1/p1p2Npp/1p3q2/5b2/2Q5/2P1P3/P4PPP/R2R2K1 w - - 2 21,h8g8
17,EulerE,stepjuan,1161,1111,4r1k1/p1p3pp/1p1N1q2/5b2/2Q5/2P1P3/P4PPP/R2R2K1 b - - 3 21,f7d6
17,EulerE,stepjuan,1161,1111,4rk2/p1p3pp/1p1N1q2/5b2/2Q5/2P1P3/P4PPP/R2R2K1 w - - 4 22,g8f8
17,EulerE,stepjuan,1161,1111,4Nk2/p1p3pp/1p3q2/5b2/2Q5/2P1P3/P4PPP/R2R2K1 b - - 0 22,d6e8
17,EulerE,stepjuan,1161,1111,4k3/p1p3pp/1p3q2/5b2/2Q5/2P1P3/P4PPP/R2R2K1 w - - 0 23,f8e8
17,EulerE,stepjuan,1161,1111,4k1Q1/p1p3pp/1p3q2/5b2/8/2P1P3/P4PPP/R2R2K1 b - - 1 23,c4g8
17,EulerE,stepjuan,1161,1111,6Q1/p1p1k1pp/1p3q2/5b2/8/2P1P3/P4PPP/R2R2K1 w - - 2 24,e8e7
17,EulerE,stepjuan,1161,1111,8/p1p1k1pp/1p3q2/3Q1b2/8/2P1P3/P4PPP/R2R2K1 b - - 3 24,g8d5
17,EulerE,stepjuan,1161,1111,8/p1p1k2p/1p3qp1/3Q1b2/8/2P1P3/P4PPP/R2R2K1 w - - 0 25,g7g6
17,EulerE,stepjuan,1161,1111,3Q4/p1p1k2p/1p3qp1/5b2/8/2P1P3/P4PPP/R2R2K1 b - - 1 25,d5d8
17,EulerE,stepjuan,1161,1111,3Q4/p1p2k1p/1p3qp1/5b2/8/2P1P3/P4PPP/R2R2K1 w - - 2 26,e7f7
17,EulerE,stepjuan,1161,1111,8/p1p2k1p/1p3Qp1/5b2/8/2P1P3/P4PPP/R2R2K1 b - - 0 26,d8f6
17,EulerE,stepjuan,1161,1111,8/p1p4p/1p3kp1/5b2/8/2P1P3/P4PPP/R2R2K1 w - - 0 27,f7f6
17,EulerE,stepjuan,1161,1111,3R4/p1p4p/1p3kp1/5b2/8/2P1P3/P4PPP/R5K1 b - - 1 27,d1d8
17,EulerE,stepjuan,1161,1111,3R4/p1p5/1p3kp1/5b1p/8/2P1P3/P4PPP/R5K1 w - - 0 28,h7h5
17,EulerE,stepjuan,1161,1111,R7/p1p5/1p3kp1/5b1p/8/2P1P3/P4PPP/R5K1 b - - 1 28,d8a8
17,EulerE,stepjuan,1161,1111,R7/2p5/1p3kp1/p4b1p/8/2P1P3/P4PPP/R5K1 w - - 0 29,a7a5
17,EulerE,stepjuan,1161,1111,1R6/2p5/1p3kp1/p4b1p/8/2P1P3/P4PPP/R5K1 b - - 1 29,a8b8
17,EulerE,stepjuan,1161,1111,1R6/2p5/1p3k2/p4bpp/8/2P1P3/P4PPP/R5K1 w - - 0 30,g6g5
17,EulerE,stepjuan,1161,1111,5R2/2p5/1p3k2/p4bpp/8/2P1P3/P4PPP/R5K1 b - - 1 30,b8f8
17,EulerE,stepjuan,1161,1111,5R2/2p5/1p4k1/p4bpp/8/2P1P3/P4PPP/R5K1 w - - 2 31,f6g6
17,EulerE,stepjuan,1161,1111,8/2p5/1p4k1/p4Rpp/8/2P1P3/P4PPP/R5K1 b - - 0 31,f8f5
17,EulerE,stepjuan,1161,1111,8/2p5/1p6/p4kpp/8/2P1P3/P4PPP/R5K1 w - - 0 32,g6f5
17,EulerE,stepjuan,1161,1111,8/2p5/1p6/p4kpp/8/2P1P3/P4PPP/3R2K1 b - - 1 32,a1d1
17,EulerE,stepjuan,1161,1111,8/2p5/1p6/p4k1p/6p1/2P1P3/P4PPP/3R2K1 w - - 0 33,g5g4
17,EulerE,stepjuan,1161,1111,8/2pR4/1p6/p4k1p/6p1/2P1P3/P4PPP/6K1 b - - 1 33,d1d7
17,EulerE,stepjuan,1161,1111,8/2pR4/1p6/p4k2/6pp/2P1P3/P4PPP/6K1 w - - 0 34,h5h4
17,EulerE,stepjuan,1161,1111,8/2R5/1p6/p4k2/6pp/2P1P3/P4PPP/6K1 b - - 0 34,d7c7
17,EulerE,stepjuan,1161,1111,8/2R5/1p6/p4k2/7p/2P1P1p1/P4PPP/6K1 w - - 0 35,g4g3
17,EulerE,stepjuan,1161,1111,8/2R5/1p6/p4k2/7p/2P1P1pP/P4PP1/6K1 b - - 0 35,h2h3
17,EulerE,stepjuan,1161,1111,8/2R5/1p6/p4k2/7p/2P1P2P/P4pP1/6K1 w - - 0 36,g3f2
17,EulerE,stepjuan,1161,1111,8/2R5/1p6/p4k2/7p/2P1P2P/P4KP1/8 b - - 0 36,g1f2
17,EulerE,stepjuan,1161,1111,8/2R5/1p6/p7/4k2p/2P1P2P/P4KP1/8 w - - 1 37,f5e4
17,EulerE,stepjuan,1161,1111,8/1R6/1p6/p7/4k2p/2P1P2P/P4KP1/8 b - - 2 37,c7b7
17,EulerE,stepjuan,1161,1111,8/1R6/1p6/p2k4/7p/2P1P2P/P4KP1/8 w - - 3 38,e4d5
17,EulerE,stepjuan,1161,1111,8/8/1R6/p2k4/7p/2P1P2P/P4KP1/8 b - - 0 38,b7b6
17,EulerE,stepjuan,1161,1111,8/8/1R6/p7/2k4p/2P1P2P/P4KP1/8 w - - 1 39,d5c4
17,EulerE,stepjuan,1161,1111,8/8/1R6/p7/2k1P2p/2P4P/P4KP1/8 b - - 0 39,e3e4
17,EulerE,stepjuan,1161,1111,8/8/1R6/8/p1k1P2p/2P4P/P4KP1/8 w - - 0 40,a5a4
17,EulerE,stepjuan,1161,1111,8/8/1R6/4P3/p1k4p/2P4P/P4KP1/8 b - - 0 40,e4e5
17,EulerE,stepjuan,1161,1111,8/8/1R6/4P3/p6p/2k4P/P4KP1/8 w - - 0 41,c4c3
17,EulerE,stepjuan,1161,1111,8/8/1R2P3/8/p6p/2k4P/P4KP1/8 b - - 0 41,e5e6
17,EulerE,stepjuan,1161,1111,8/8/1R2P3/8/7p/p1k4P/P4KP1/8 w - - 0 42,a4a3
17,EulerE,stepjuan,1161,1111,8/4P3/1R6/8/7p/p1k4P/P4KP1/8 b - - 0 42,e6e7
17,EulerE,stepjuan,1161,1111,8/4P3/1R6/8/7p/p2k3P/P4KP1/8 w - - 1 43,c3d3
17,EulerE,stepjuan,1161,1111,4Q3/8/1R6/8/7p/p2k3P/P4KP1/8 b - - 0 43,e7e8q
17,EulerE,stepjuan,1161,1111,4Q3/8/1R6/8/2k4p/p6P/P4KP1/8 w - - 1 44,d3c4
17,EulerE,stepjuan,1161,1111,4Q3/8/3R4/8/2k4p/p6P/P4KP1/8 b - - 2 44,b6d6
17,EulerE,stepjuan,1161,1111,4Q3/8/3R4/8/7p/p1k4P/P4KP1/8 w - - 3 45,c4c3
17,EulerE,stepjuan,1161,1111,2Q5/8/3R4/8/7p/p1k4P/P4KP1/8 b - - 4 45,e8c8
17,EulerE,stepjuan,1161,1111,2Q5/8/3R4/8/1k5p/p6P/P4KP1/8 w - - 5 46,c3b4
17,EulerE,stepjuan,1161,1111,2Q5/8/1R6/8/1k5p/p6P/P4KP1/8 b - - 6 46,d6b6
17,EulerE,stepjuan,1161,1111,2Q5/8/1R6/8/k6p/p6P/P4KP1/8 w - - 7 47,b4a4
18,Nyimung,EulerE,1154,1153,rnbqkbnr/pppppppp/8/8/4P3/8/PPPP1PPP/RNBQKBNR b KQkq - 0 1,e2e4
18,Nyimung,EulerE,1154,1153,rnbqkbnr/pppp1ppp/8/4p3/4P3/8/PPPP1PPP/RNBQKBNR w KQkq - 0 2,e7e5
18,Nyimung,EulerE,1154,1153,rnbqkbnr/pppp1ppp/8/4p3/2B1P3/8/PPPP1PPP/RNBQK1NR b KQkq - 1 2,f1c4
18,Nyimung,EulerE,1154,1153,rnbqkb1r/pppp1ppp/5n2/4p3/2B1P3/8/PPPP1PPP/RNBQK1NR w KQkq - 2 3,g8f6
18,Nyimung,EulerE,1154,1153,rnbqkb1r/pppp1ppp/5n2/4p3/2B1P1P1/8/PPPP1P1P/RNBQK1NR b KQkq - 0 3,g2g4
18,Nyimung,EulerE,1154,1153,rnbqkb1r/pppp1ppp/8/4p3/2B1n1P1/8/PPPP1P1P/RNBQK1NR w KQkq - 0 4,f6e4
18,Nyimung,EulerE,1154,1153,rnbqkb1r/pppp1ppp/8/4p3/2B1n1P1/3P4/PPP2P1P/RNBQK1NR b KQkq - 0 4,d2d3
18,Nyimung,EulerE,1154,1153,rnbqkb1r/pppp1ppp/3n4/4p3/2B3P1/3P4/PPP2P1P/RNBQK1NR w KQkq - 1 5,e4d6
18,Nyimung,EulerE,1154,1153,rnbqkb1r/pppp1ppp/3n4/4p3/6P1/1B1P4/PPP2P1P/RNBQK1NR b KQkq - 2 5,c4b3
18,Nyimung,EulerE,1154,1153,rnbqkb1r/pppp1ppp/3n4/8/4p1P1/1B1P4/PPP2P1P/RNBQK1NR w KQkq - 0 6,e5e4
18,Nyimung,EulerE,1154,1153,rnbqkb1r/pppp1ppp/3n4/8/4p1P1/1B1P3N/PPP2P1P/RNBQK2R b KQkq - 1 6,g1h3
18,Nyimung,EulerE,1154,1153,rnbqkb1r/pppp1ppp/3n4/8/6P1/1B1p3N/PPP2P1P/RNBQK2R w KQkq - 0 7,e4d3
18,Nyimung,EulerE,1154,1153,rnbqkb1r/pppp1ppp/3n4/8/6P1/1B1Q3N/PPP2P1P/RNB1K2R b KQkq - 0 7,d1d3
18,Nyimung,EulerE,1154,1153,r1bqkb1r/pppp1ppp/2nn4/8/6P1/1B1Q3N/PPP2P1P/RNB1K2R w KQkq - 1 8,b8c6
18,Nyimung,EulerE,1154,1153,r1bqkb1r/pppp1ppp/2nn4/8/6P1/1B3Q1N/PPP2P1P/RNB1K2R b KQkq - 2 8,d3f3
18,Nyimung,EulerE,1154,1153,r1bqkb1r/pppp2pp/2nn1p2/8/6P1/1B3Q1N/PPP2P1P/RNB1K2R w KQkq - 0 9,f7f6
18,Nyimung,EulerE,1154,1153,r1bqkb1r/pppp2pp/2nn1p2/8/5BP1/1B3Q1N/PPP2P1P/RN2K2R b KQkq - 1 9,c1f4
18,Nyimung,EulerE,1154,1153,r1bqkb1r/pppp2pp/3n1p2/8/3n1BP1/1B3Q1N/PPP2P1P/RN2K2R w KQkq - 2 10,c6d4
18,Nyimung,EulerE,1154,1153,r1bqkb1r/pppp2pp/3n1p2/8/3n1BP1/1B2Q2N/PPP2P1P/RN2K2R b KQkq - 3 10,f3e3
18,Nyimung,EulerE,1154,1153,r1bqkb1r/pppp2pp/3nnp2/8/5BP1/1B2Q2N/PPP2P1P/RN2K2R w KQkq - 4 11,d4e6
18,Nyimung,EulerE,1154,1153,r1bqkb1r/pppp2pp/3nnp2/8/5BP1/1BN1Q2N/PPP2P1P/R3K2R b KQkq - 5 11,b1c3
18,Nyimung,EulerE,1154,1153,r1bqk2r/ppppb1pp/3nnp2/8/5BP1/1BN1Q2N/PPP2P1P/R3K2R w KQkq - 6 12,f8e7
18,Nyimung,EulerE,1154,1153,r1bqk2r/ppppb1pp/3nnp2/8/5BP1/1BN1Q2N/PPP2P1P/2KR3R b kq - 7 12,e1c1
18,Nyimung,EulerE,1154,1153,r1bqk2r/ppppb1pp/3n1p2/8/5nP1/1BN1Q2N/PPP2P1P/2KR3R w kq - 0 13,e6f4
18,Nyimung,EulerE,1154,1153,r1bqk2r/ppppb1pp/3n1p2/8/5NP1/1BN1Q3/PPP2P1P/2KR3R b kq - 0 13,h3f4
18,Nyimung,EulerE,1154,1153,r1bqk2r/ppppb2p/3n1p2/6p1/5NP1/1BN1Q3/PPP2P1P/2KR3R w kq - 0 14,g7g5
18,Nyimung,EulerE,1154,1153,r1bqk2r/ppppb2p/3n1p2/3N2p1/6P1/1BN1Q3/PPP2P1P/2KR3R b kq - 1 14,f4d5
18,Nyimung,EulerE,1154,1153,r1bqk2r/ppppbn1p/5p2/3N2p1/6P1/1BN1Q3/PPP2P1P/2KR3R w kq - 2 15,d6f7
18,Nyimung,EulerE,1154,1153,r1bqk2r/ppppbn1p/5p2/3N2p1/6P1/1BN1Q3/PPP2P1P/2KRR3 b kq - 3 15,h1e1
18,Nyimung,EulerE,1154,1153,r1bqk2r/ppppb2p/5p2/3Nn1p1/6P1/1BN1Q3/PPP2P1P/2KRR3 w kq - 4 16,f7e5
18,Nyimung,EulerE,1154,1153,r1bqk2r/ppppb2p/5p2/3Nn1p1/4N1P1/1B2Q3/PPP2P1P/2KRR3 b kq - 5 16,c3e4
18,Nyimung,EulerE,1154,1153,r1bq1rk1/ppppb2p/5p2/3Nn1p1/4N1P1/1B2Q3/PPP2P1P/2KRR3 w - - 6 17,e8g8
18,Nyimung,EulerE,1154,1153,r1bq1rk1/ppppN2p/5p2/4n1p1/4N1P1/1B2Q3/PPP2P1P/2KRR3 b - - 0 17,d5e7
18,Nyimung,EulerE,1154,1153,r1bq1r2/ppppN1kp/5p2/4n1p1/4N1P1/1B2Q3/PPP2P1P/2KRR3 w - - 1 18,g8g7
19,Mattinthree,EulerE,1051,1142,rnbqkbnr/pppppppp/8/8/4P3/8/PPPP1PPP/RNBQKBNR b KQkq - 0 1,e2e4
19,Mattinthree,EulerE,1051,1142,rnbqkbnr/pppp1ppp/8/4p3/4P3/8/PPPP1PPP/RNBQKBNR w KQkq - 0 2,e7e5
19,Mattinthree,EulerE,1051,1142,rnbqkbnr/pppp1ppp/8/4p3/4P3/5N2/PPPP1PPP/RNBQKB1R b KQkq - 1 2,g1f3
19,Mattinthree,EulerE,1051,1142,r1bqkbnr/pppp1ppp/2n5/4p3/4P3/5N2/PPPP1PPP/RNBQKB1R w KQkq - 2 3,b8c6
19,Mattinthree,EulerE,1051,1142,r1bqkbnr/pppp1ppp/2n5/4p3/4P3/2N2N2/PPPP1PPP/R1BQKB1R b KQkq - 3 3,b1c3
19,Mattinthree,EulerE,1051,1142,r1bqk1nr/pppp1ppp/2n5/2b1p3/4P3/2N2N2/PPPP1PPP/R1BQKB1R w KQkq - 4 4,f8c5
19,Mattinthree,EulerE,1051,1142,r1bqk1nr/pppp1ppp/2n5/1Bb1p3/4P3/2N2N2/PPPP1PPP/R1BQK2R b KQkq - 5 4,f1b5
19,Mattinthree,EulerE,1051,1142,r1bqk1nr/ppp2ppp/2np4/1Bb1p3/4P3/2N2N2/PPPP1PPP/R1BQK2R w KQkq - 0 5,d7d6
19,Mattinthree,EulerE,1051,1142,r1bqk1nr/ppp2ppp/2np4/1Bb1p3/4P3/2N2N2/PPPP1PPP/R1BQ1RK1 b kq - 1 5,e1g1
19,Mattinthree,EulerE,1051,1142,r2qk1nr/pppb1ppp/2np4/1Bb1p3/4P3/2N2N2/PPPP1PPP/R1BQ1RK1 w kq - 2 6,c8d7
19,Mattinthree,EulerE,1051,1142,r2qk1nr/pppb1ppp/2np4/1Bb1p3/4P3/2NP1N2/PPP2PPP/R1BQ1RK1 b kq - 0 6,d2d3
19,Mattinthree,EulerE,1051,1142,r2qk2r/pppb1ppp/2np1n2/1Bb1p3/4P3/2NP1N2/PPP2PPP/R1BQ1RK1 w kq - 1 7,g8f6
19,Mattinthree,EulerE,1051,1142,r2qk2r/pppb1ppp/2np1n2/1Bb1p1B1/4P3/2NP1N2/PPP2PPP/R2Q1RK1 b kq - 2 7,c1g5
19,Mattinthree,EulerE,1051,1142,r2qk2r/pppb1pp1/2np1n1p/1Bb1p1B1/4P3/2NP1N2/PPP2PPP/R2Q1RK1 w kq - 0 8,h7h6
19,Mattinthree,EulerE,1051,1142,r2qk2r/pppb1pp1/2np1n1p/1Bb1p3/4P2B/2NP1N2/PPP2PPP/R2Q1RK1 b kq - 1 8,g5h4
19,Mattinthree,EulerE,1051,1142,r2q1rk1/pppb1pp1/2np1n1p/1Bb1p3/4P2B/2NP1N2/PPP2PPP/R2Q1RK1 w - - 2 9,e8g8
19,Mattinthree,EulerE,1051,1142,r2q1rk1/pppb1pp1/2np1n1p/1BbNp3/4P2B/3P1N2/PPP2PPP/R2Q1RK1 b - - 3 9,c3d5
19,Mattinthree,EulerE,1051,1142,r2q1rk1/1ppb1pp1/p1np1n1p/1BbNp3/4P2B/3P1N2/PPP2PPP/R2Q1RK1 w - - 0 10,a7a6
19,Mattinthree,EulerE,1051,1142,r2q1rk1/1ppb1pp1/p1Bp1n1p/2bNp3/4P2B/3P1N2/PPP2PPP/R2Q1RK1 b - - 0 10,b5c6
19,Mattinthree,EulerE,1051,1142,r2q1rk1/1pp2pp1/p1bp1n1p/2bNp3/4P2B/3P1N2/PPP2PPP/R2Q1RK1 w - - 0 11,d7c6
19,Mattinthree,EulerE,1051,1142,r2q1rk1/1pp2pp1/p1bp1N1p/2b1p3/4P2B/3P1N2/PPP2PPP/R2Q1RK1 b - - 0 11,d5f6
19,Mattinthree,EulerE,1051,1142,r2q1rk1/1pp2p2/p1bp1p1p/2b1p3/4P2B/3P1N2/PPP2PPP/R2Q1RK1 w - - 0 12,g7f6
19,Mattinthree,EulerE,1051,1142,r2q1rk1/1pp2p2/p1bp1p1p/2b1p3/4P2B/3P1N2/PPPQ1PPP/R4RK1 b - - 1 12,d1d2
19,Mattinthree,EulerE,1051,1142,r4rk1/1ppq1p2/p1bp1p1p/2b1p3/4P2B/3P1N2/PPPQ1PPP/R4RK1 w - - 2 13,d8d7
19,Mattinthree,EulerE,1051,1142,r4rk1/1ppq1p2/p1bp1p1Q/2b1p3/4P2B/3P1N2/PPP2PPP/R4RK1 b - - 0 13,d2h6
19,Mattinthree,EulerE,1051,1142,r4rk1/1pp2p2/p1bp1p1Q/2b1p3/4P1qB/3P1N2/PPP2PPP/R4RK1 w - - 1 14,d7g4
19,Mattinthree,EulerE,1051,1142,r4rk1/1pp2p2/p1bp1B1Q/2b1p3/4P1q1/3P1N2/PPP2PPP/R4RK1 b - - 0 14,h4f6
19,Mattinthree,EulerE,1051,1142,r4rk1/1pp2p2/p1bp1BqQ/2b1p3/4P3/3P1N2/PPP2PPP/R4RK1 w - - 1 15,g4g6
19,Mattinthree,EulerE,1051,1142,r4rkQ/1pp2p2/p1bp1Bq1/2b1p3/4P3/3P1N2/PPP2PPP/R4RK1 b - - 2 15,h6h8
20,eminbageur,EulerE,1024,1148,rnbqkbnr/pppppppp/8/8/4P3/8/PPPP1PPP/RNBQKBNR b KQkq - 0 1,e2e4
20,eminbageur,EulerE,1024,1148,rnbqkbnr/pppp1ppp/8/4p3/4P3/8/PPPP1PPP/RNBQKBNR w KQkq - 0 2,e7e5
20,eminbageur,EulerE,1024,1148,rnbqkbnr/pppp1ppp/8/4p3/4P3/5N2/PPPP1PPP/RNBQKB1R b KQkq - 1 2,g1f3
20,eminbageur,EulerE,1024,1148,r1bqkbnr/pppp1ppp/2n5/4p3/4P3/5N2/PPPP1PPP/RNBQKB1R w KQkq - 2 3,b8c6
20,eminbageur,EulerE,1024,1148,r1bqkbnr/pppp1ppp/2n5/4p3/2B1P3/5N2/PPPP1PPP/RNBQK2R b KQkq - 3 3,f1c4
20,eminbageur,EulerE,1024,1148,r1bqk1nr/pppp1ppp/2n5/2b1p3/2B1P3/5N2/PPPP1PPP/RNBQK2R w KQkq - 4 4,f8c5
20,eminbageur,EulerE,1024,1148,r1bqk1nr/pppp1ppp/2n5/2b1p3/2B1P3/5N2/PPPP1PPP/RNBQ1RK1 b kq - 5 4,e1g1
20,eminbageur,EulerE,1024,1148,r1bqk1nr/ppp2ppp/2np4/2b1p3/2B1P3/5N2/PPPP1PPP/RNBQ1RK1 w kq - 0 5,d7d6
20,eminbageur,EulerE,1024,1148,r1bqk1nr/ppp2ppp/2np4/2b1p3/2B1P3/5N2/PPPP1PPP/RNBQR1K1 b kq - 1 5,f1e1
20,eminbageur,EulerE,1024,1148,r2qk1nr/ppp2ppp/2np4/2b1p3/2B1P1b1/5N2/PPPP1PPP/RNBQR1K1 w kq - 2 6,c8g4
20,eminbageur,EulerE,1024,1148,r2qk1nr/ppp2ppp/2np4/2b1p3/2BPP1b1/5N2/PPP2PPP/RNBQR1K1 b kq - 0 6,d2d4
20,eminbageur,EulerE,1024,1148,r2qk1nr/ppp2ppp/2np4/2b5/2BpP1b1/5N2/PPP2PPP/RNBQR1K1 w kq - 0 7,e5d4
20,eminbageur,EulerE,1024,1148,r2qk1nr/ppp2ppp/2np4/2b5/3pP1b1/5N2/PPP1BPPP/RNBQR1K1 b kq - 1 7,c4e2
20,eminbageur,EulerE,1024,1148,r2qk2r/ppp2ppp/2np1n2/2b5/3pP1b1/5N2/PPP1BPPP/RNBQR1K1 w kq - 2 8,g8f6
20,eminbageur,EulerE,1024,1148,r2qk2r/ppp2ppp/2np1n2/2b3B1/3pP1b1/5N2/PPP1BPPP/RN1QR1K1 b kq - 3 8,c1g5
20,eminbageur,EulerE,1024,1148,r2q1rk1/ppp2ppp/2np1n2/2b3B1/3pP1b1/5N2/PPP1BPPP/RN1QR1K1 w - - 4 9,e8g8
20,eminbageur,EulerE,1024,1148,r2q1rk1/ppp2ppp/2np1B2/2b5/3pP1b1/5N2/PPP1BPPP/RN1QR1K1 b - - 0 9,g5f6
20,eminbageur,EulerE,1024,1148,r4rk1/ppp2ppp/2np1q2/2b5/3pP1b1/5N2/PPP1BPPP/RN1QR1K1 w - - 0 10,d8f6
20,eminbageur,EulerE,1024,1148,r4rk1/ppp2ppp/2np1q2/2b5/3pP1b1/8/PPPNBPPP/RN1QR1K1 b - - 1 10,f3d2
20,eminbageur,EulerE,1024,1148,r4rk1/ppp2ppp/2np1q2/2b5/3pP3/8/PPPNbPPP/RN1QR1K1 w - - 0 11,g4e2
20,eminbageur,EulerE,1024,1148,r4rk1/ppp2ppp/2np1q2/2b5/3pP3/8/PPPNQPPP/RN2R1K1 b - - 0 11,d1e2
20,eminbageur,EulerE,1024,1148,r3r1k1/ppp2ppp/2np1q2/2b5/3pP3/8/PPPNQPPP/RN2R1K1 w - - 1 12,f8e8
20,eminbageur,EulerE,1024,1148,r3r1k1/ppp2ppp/2np1q2/2b5/3pP3/2P5/PP1NQPPP/RN2R1K1 b - - 0 12,c2c3
20,eminbageur,EulerE,1024,1148,r3r1k1/ppp2ppp/2np1q2/2b5/4P3/2p5/PP1NQPPP/RN2R1K1 w - - 0 13,d4c3
20,eminbageur,EulerE,1024,1148,r3r1k1/ppp2ppp/2np1q2/2b5/4P3/2N5/PP1NQPPP/R3R1K1 b - - 0 13,b1c3
20,eminbageur,EulerE,1024,1148,r3r1k1/ppp2ppp/3p1q2/2b5/3nP3/2N5/PP1NQPPP/R3R1K1 w - - 1 14,c6d4
20,eminbageur,EulerE,1024,1148,r3r1k1/ppp2ppp/3p1q2/2b5/3nP1Q1/2N5/PP1N1PPP/R3R1K1 b - - 2 14,e2g4
20,eminbageur,EulerE,1024,1148,r3r1k1/ppp2ppp/3p1q2/2b5/4P1Q1/2N5/PPnN1PPP/R3R1K1 w - - 3 15,d4c2
20,eminbageur,EulerE,1024,1148,r3r1k1/ppp2ppp/3p1q2/2b5/4P1Q1/2N5/PPnN1PPP/2R1R1K1 b - - 4 15,a1c1
20,eminbageur,EulerE,1024,1148,r3r1k1/ppp2ppp/3p4/2b5/4P1Q1/2N5/PPnN1qPP/2R1R1K1 w - - 0 16,f6f2
20,eminbageur,EulerE,1024,1148,r3r1k1/ppp2ppp/3p4/2b5/4P1Q1/2N5/PPnN1qPP/2R1R2K b - - 1 16,g1h1
20,eminbageur,EulerE,1024,1148,r3r1k1/ppp2ppp/3p4/2b5/4P1Q1/2N5/PP1N1qPP/2R1n2K w - - 0 17,c2e1
20,eminbageur,EulerE,1024,1148,r3r1k1/ppp2ppp/3p4/2b5/4P1Q1/2N4P/PP1N1qP1/2R1n2K b - - 0 17,h2h3
20,eminbageur,EulerE,1024,1148,r3r1k1/ppp2ppp/3p4/2b5/4P1Q1/2N4P/PP1N2P1/2R1n1qK w - - 1 18,f2g1
21,EulerE,thorntonchess,1156,1150,rnbqkbnr/pppppppp/8/8/3P4/8/PPP1PPPP/RNBQKBNR b KQkq - 0 1,d2d4
21,EulerE,thorntonchess,1156,1150,rnbqkbnr/ppp1pppp/8/3p4/3P4/8/PPP1PPPP/RNBQKBNR w KQkq - 0 2,d7d5
21,EulerE,thorntonchess,1156,1150,rnbqkbnr/ppp1pppp/8/3p4/2PP4/8/PP2PPPP/RNBQKBNR b KQkq - 0 2,c2c4
21,EulerE,thorntonchess,1156,1150,rnbqkbnr/ppp2ppp/4p3/3p4/2PP4/8/PP2PPPP/RNBQKBNR w KQkq - 0 3,e7e6
21,EulerE,thorntonchess,1156,1150,rnbqkbnr/ppp2ppp/4p3/3p4/2PP4/2N5/PP2PPPP/R1BQKBNR b KQkq - 1 3,b1c3
21,EulerE,thorntonchess,1156,1150,rnbqkb1r/ppp2ppp/4pn2/3p4/2PP4/2N5/PP2PPPP/R1BQKBNR w KQkq - 2 4,g8f6
21,EulerE,thorntonchess,1156,1150,rnbqkb1r/ppp2ppp/4pn2/3p4/2PP1B2/2N5/PP2PPPP/R2QKBNR b KQkq - 3 4,c1f4
21,EulerE,thorntonchess,1156,1150,rnbqk2r/ppp2ppp/4pn2/3p4/1bPP1B2/2N5/PP2PPPP/R2QKBNR w KQkq - 4 5,f8b4
21,EulerE,thorntonchess,1156,1150,rnbqk2r/ppp2ppp/4pn2/3p4/1bPP1B2/2N2N2/PP2PPPP/R2QKB1R b KQkq - 5 5,g1f3
21,EulerE,thorntonchess,1156,1150,rnbqk2r/ppp2ppp/4pn2/3p4/2PP1B2/2b2N2/PP2PPPP/R2QKB1R w KQkq - 0 6,b4c3
21,EulerE,thorntonchess,1156,1150,rnbqk2r/ppp2ppp/4pn2/3p4/2PP1B2/2P2N2/P3PPPP/R2QKB1R b KQkq - 0 6,b2c3
21,EulerE,thorntonchess,1156,1150,rn1qk2r/pppb1ppp/4pn2/3p4/2PP1B2/2P2N2/P3PPPP/R2QKB1R w KQkq - 1 7,c8d7
21,EulerE,thorntonchess,1156,1150,rn1qk2r/pppb1ppp/4pn2/3p4/2PP1B2/2P1PN2/P4PPP/R2QKB1R b KQkq - 0 7,e2e3
21,EulerE,thorntonchess,1156,1150,rn1qk2r/pppb1ppp/4p3/3p4/2PPnB2/2P1PN2/P4PPP/R2QKB1R w KQkq - 1 8,f6e4
21,EulerE,thorntonchess,1156,1150,rn1qk2r/pppb1ppp/4p3/3p4/2PPnB2/2P1PN2/P1Q2PPP/R3KB1R b KQkq - 2 8,d1c2
21,EulerE,thorntonchess,1156,1150,rn1qk2r/pppb2pp/4pp2/3p4/2PPnB2/2P1PN2/P1Q2PPP/R3KB1R w KQkq - 0 9,f7f6
21,EulerE,thorntonchess,1156,1150,rn1qk2r/pppb2pp/4pp2/3P4/3PnB2/2P1PN2/P1Q2PPP/R3KB1R b KQkq - 0 9,c4d5
21,EulerE,thorntonchess,1156,1150,rn1qk2r/pppb2pp/5p2/3p4/3PnB2/2P1PN2/P1Q2PPP/R3KB1R w KQkq - 0 10,e6d5
21,EulerE,thorntonchess,1156,1150,rn1qk2r/pppb2pp/5p2/3p4/3PnB2/2P1P3/P1QN1PPP/R3KB1R b KQkq - 1 10,f3d2
21,EulerE,thorntonchess,1156,1150,rn1qk2r/pppb3p/5p2/3p2p1/3PnB2/2P1P3/P1QN1PPP/R3KB1R w KQkq - 0 11,g7g5
21,EulerE,thorntonchess,1156,1150,rn1qk2r/pppb3p/5p2/3p2p1/3PNB2/2P1P3/P1Q2PPP/R3KB1R b KQkq - 0 11,d2e4
21,EulerE,thorntonchess,1156,1150,rn1qk2r/pppb3p/5p2/3p4/3PNp2/2P1P3/P1Q2PPP/R3KB1R w KQkq - 0 12,g5f4
21,EulerE,thorntonchess,1156,1150,rn1qk2r/pppb3p/5p2/3p4/3P1p2/2P1P3/P1QN1PPP/R3KB1R b KQkq - 1 12,e4d2
21,EulerE,thorntonchess,1156,1150,rn1qk2r/pppb3p/5p2/3p4/3P4/2P1p3/P1QN1PPP/R3KB1R w KQkq - 0 13,f4e3
21,EulerE,thorntonchess,1156,1150,rn1qk2r/pppb3p/5p2/3p4/3P4/2P1P3/P1QN2PP/R3KB1R b KQkq - 0 13,f2e3
21,EulerE,thorntonchess,1156,1150,rn1qk2r/ppp4p/5p2/3p4/3P2b1/2P1P3/P1QN2PP/R3KB1R w KQkq - 1 14,d7g4
21,EulerE,thorntonchess,1156,1150,rn1qk2r/ppp4p/5p2/3p4/Q2P2b1/2P1P3/P2N2PP/R3KB1R b KQkq - 2 14,c2a4
21,EulerE,thorntonchess,1156,1150,r2qk2r/ppp4p/2n2p2/3p4/Q2P2b1/2P1P3/P2N2PP/R3KB1R w KQkq - 3 15,b8c6
21,EulerE,thorntonchess,1156,1150,r2qk2r/ppp4p/2n2p2/1B1p4/Q2P2b1/2P1P3/P2N2PP/R3K2R b KQkq - 4 15,f1b5
21,EulerE,thorntonchess,1156,1150,r3k2r/ppp1q2p/2n2p2/1B1p4/Q2P2b1/2P1P3/P2N2PP/R3K2R w KQkq - 5 16,d8e7
21,EulerE,thorntonchess,1156,1150,r3k2r/ppp1q2p/2B2p2/3p4/Q2P2b1/2P1P3/P2N2PP/R3K2R b KQkq - 0 16,b5c6
21,EulerE,thorntonchess,1156,1150,r6r/ppp1qk1p/2B2p2/3p4/Q2P2b1/2P1P3/P2N2PP/R3K2R w KQ - 1 17,e8f7
21,EulerE,thorntonchess,1156,1150,r6r/ppp1qk1p/5p2/3B4/Q2P2b1/2P1P3/P2N2PP/R3K2R b KQ - 0 17,c6d5
21,EulerE,thorntonchess,1156,1150,r6r/ppp1q1kp/5p2/3B4/Q2P2b1/2P1P3/P2N2PP/R3K2R w KQ - 1 18,f7g7
21,EulerE,thorntonchess,1156,1150,r6r/pBp1q1kp/5p2/8/Q2P2b1/2P1P3/P2N2PP/R3K2R b KQ - 0 18,d5b7
21,EulerE,thorntonchess,1156,1150,r6r/pBp3kp/5p2/8/Q2P2b1/2P1q3/P2N2PP/R3K2R w KQ - 0 19,e7e3
21,EulerE,thorntonchess,1156,1150,r6r/pBp3kp/5p2/8/Q2P2b1/2P1q3/P2N2PP/R4K1R b - - 1 19,e1f1
21,EulerE,thorntonchess,1156,1150,r6r/pBp3kp/5p2/8/Q2P2b1/2P5/P2q2PP/R4K1R w - - 0 20,e3d2
21,EulerE,thorntonchess,1156,1150,B6r/p1p3kp/5p2/8/Q2P2b1/2P5/P2q2PP/R4K1R b - - 0 20,b7a8
21,EulerE,thorntonchess,1156,1150,B6r/p1p3kp/5p2/8/Q2P2b1/2Pq4/P5PP/R4K1R w - - 1 21,d2d3
21,EulerE,thorntonchess,1156,1150,B6r/p1p3kp/5p2/8/Q2P2b1/2Pq4/P5PP/R5KR b - - 2 21,f1g1
21,EulerE,thorntonchess,1156,1150,B6r/p1p3kp/5p2/8/Q2P2b1/2P5/P2q2PP/R5KR w - - 3 22,d3d2
21,EulerE,thorntonchess,1156,1150,B6r/Q1p3kp/5p2/8/3P2b1/2P5/P2q2PP/R5KR b - - 0 22,a4a7
21,EulerE,thorntonchess,1156,1150,B3r3/Q1p3kp/5p2/8/3P2b1/2P5/P2q2PP/R5KR w - - 1 23,h8e8
21,EulerE,thorntonchess,1156,1150,B3r3/2Q3kp/5p2/8/3P2b1/2P5/P2q2PP/R5KR b - - 0 23,a7c7
21,EulerE,thorntonchess,1156,1150,B3r3/2Q4p/5p1k/8/3P2b1/2P5/P2q2PP/R5KR w - - 1 24,g7h6
21,EulerE,thorntonchess,1156,1150,B3r3/7p/5p1k/8/3P2b1/2P3Q1/P2q2PP/R5KR b - - 2 24,c7g3
21,EulerE,thorntonchess,1156,1150,B7/7p/5p1k/8/3P2b1/2P3Q1/P2qr1PP/R5KR w - - 3 25,e8e2
21,EulerE,thorntonchess,1156,1150,B7/7p/5p1k/8/3P2bQ/2P5/P2qr1PP/R5KR b - - 4 25,g3h4
21,EulerE,thorntonchess,1156,1150,B7/7p/5pk1/8/3P2bQ/2P5/P2qr1PP/R5KR w - - 5 26,h6g6
21,EulerE,thorntonchess,1156,1150,B7/7p/5pk1/8/3P2Q1/2P5/P2qr1PP/R5KR b - - 0 26,h4g4
21,EulerE,thorntonchess,1156,1150,B7/5k1p/5p2/8/3P2Q1/2P5/P2qr1PP/R5KR w - - 1 27,g6f7
21,EulerE,thorntonchess,1156,1150,8/5k1p/5p2/3B4/3P2Q1/2P5/P2qr1PP/R5KR b - - 2 27,a8d5
21,EulerE,thorntonchess,1156,1150,8/4k2p/5p2/3B4/3P2Q1/2P5/P2qr1PP/R5KR w - - 3 28,f7e7
21,EulerE,thorntonchess,1156,1150,8/4k2p/5p2/3B4/3P4/2P3Q1/P2qr1PP/R5KR b - - 4 28,g4g3
21,EulerE,thorntonchess,1156,1150,8/4k2p/5p2/3B4/3P4/2P1r1Q1/P2q2PP/R5KR w - - 5 29,e2e3
21,EulerE,thorntonchess,1156,1150,8/4k2p/5p2/3B4/3P4/2P1r3/P2q1QPP/R5KR b - - 6 29,g3f2
21,EulerE,thorntonchess,1156,1150,8/4k2p/5p2/3B4/3P4/2P5/P2qrQPP/R5KR w - - 7 30,e3e2
21,EulerE,thorntonchess,1156,1150,8/4k2p/5p2/3B4/3P3Q/2P5/P2qr1PP/R5KR b - - 8 30,f2h4
21,EulerE,thorntonchess,1156,1150,8/4k3/5p2/3B3p/3P3Q/2P5/P2qr1PP/R5KR w - - 0 31,h7h5
21,EulerE,thorntonchess,1156,1150,8/4k3/5p2/3B3p/3P3Q/2P4P/P2qr1P1/R5KR b - - 0 31,h2h3
21,EulerE,thorntonchess,1156,1150,8/4k3/5p2/3B3p/3P3Q/2P4P/P2q2r1/R5KR w - - 0 32,e2g2
21,EulerE,thorntonchess,1156,1150,8/4k3/5p2/7p/3P3Q/2P4P/P2q2B1/R5KR b - - 0 32,d5g2
22,JusDeTox,EulerE,1139,1164,rnbqkbnr/pppppppp/8/8/3P4/8/PPP1PPPP/RNBQKBNR b KQkq - 0 1,d2d4
22,JusDeTox,EulerE,1139,1164,rnbqkbnr/ppp1pppp/8/3p4/3P4/8/PPP1PPPP/RNBQKBNR w KQkq - 0 2,d7d5
22,JusDeTox,EulerE,1139,1164,rnbqkbnr/ppp1pppp/8/3p4/3P4/4P3/PPP2PPP/RNBQKBNR b KQkq - 0 2,e2e3
22,JusDeTox,EulerE,1139,1164,rn1qkbnr/ppp1pppp/8/3p1b2/3P4/4P3/PPP2PPP/RNBQKBNR w KQkq - 1 3,c8f5
22,JusDeTox,EulerE,1139,1164,rn1qkbnr/ppp1pppp/8/3p1b2/3P4/4PN2/PPP2PPP/RNBQKB1R b KQkq - 2 3,g1f3
22,JusDeTox,EulerE,1139,1164,rn1qkb1r/ppp1pppp/5n2/3p1b2/3P4/4PN2/PPP2PPP/RNBQKB1R w KQkq - 3 4,g8f6
22,JusDeTox,EulerE,1139,1164,rn1qkb1r/ppp1pppp/5n2/3p1b2/3P4/3BPN2/PPP2PPP/RNBQK2R b KQkq - 4 4,f1d3
22,JusDeTox,EulerE,1139,1164,rn1qkb1r/ppp2ppp/4pn2/3p1b2/3P4/3BPN2/PPP2PPP/RNBQK2R w KQkq - 0 5,e7e6
22,JusDeTox,EulerE,1139,1164,rn1qkb1r/ppp2ppp/4pn2/3p1B2/3P4/4PN2/PPP2PPP/RNBQK2R b KQkq - 0 5,d3f5
22,JusDeTox,EulerE,1139,1164,rn1qkb1r/ppp2ppp/5n2/3p1p2/3P4/4PN2/PPP2PPP/RNBQK2R w KQkq - 0 6,e6f5
22,JusDeTox,EulerE,1139,1164,rn1qkb1r/ppp2ppp/5n2/3p1p2/3P4/4PN2/PPP2PPP/RNBQ1RK1 b kq - 1 6,e1g1
22,JusDeTox,EulerE,1139,1164,rn1qk2r/ppp2ppp/3b1n2/3p1p2/3P4/4PN2/PPP2PPP/RNBQ1RK1 w kq - 2 7,f8d6
22,JusDeTox,EulerE,1139,1164,rn1qk2r/ppp2ppp/3b1n2/3p1p2/3P4/2N1PN2/PPP2PPP/R1BQ1RK1 b kq - 3 7,b1c3
22,JusDeTox,EulerE,1139,1164,rn1q1rk1/ppp2ppp/3b1n2/3p1p2/3P4/2N1PN2/PPP2PPP/R1BQ1RK1 w - - 4 8,e8g8
22,JusDeTox,EulerE,1139,1164,rn1q1rk1/ppp2ppp/3b1n2/1N1p1p2/3P4/4PN2/PPP2PPP/R1BQ1RK1 b - - 5 8,c3b5
22,JusDeTox,EulerE,1139,1164,r2q1rk1/ppp2ppp/2nb1n2/1N1p1p2/3P4/4PN2/PPP2PPP/R1BQ1RK1 w - - 6 9,b8c6
22,JusDeTox,EulerE,1139,1164,r2q1rk1/ppp2ppp/2nN1n2/3p1p2/3P4/4PN2/PPP2PPP/R1BQ1RK1 b - - 0 9,b5d6
22,JusDeTox,EulerE,1139,1164,r4rk1/ppp2ppp/2nq1n2/3p1p2/3P4/4PN2/PPP2PPP/R1BQ1RK1 w - - 0 10,d8d6
22,JusDeTox,EulerE,1139,1164,r4rk1/ppp2ppp/2nq1n2/3p1p2/3P4/4PN2/PPPB1PPP/R2Q1RK1 b - - 1 10,c1d2
22,JusDeTox,EulerE,1139,1164,r4rk1/ppp2ppp/2nq4/3p1p2/3Pn3/4PN2/PPPB1PPP/R2Q1RK1 w - - 2 11,f6e4
22,JusDeTox,EulerE,1139,1164,r4rk1/ppp2ppp/2nq4/3pNp2/3Pn3/4P3/PPPB1PPP/R2Q1RK1 b - - 3 11,f3e5
22,JusDeTox,EulerE,1139,1164,r4rk1/ppp2ppp/2nq4/3pNp2/3P4/4P3/PPPn1PPP/R2Q1RK1 w - - 0 12,e4d2
22,JusDeTox,EulerE,1139,1164,r4rk1/ppp2ppp/2nq4/3pNp2/3P4/4P3/PPPQ1PPP/R4RK1 b - - 0 12,d1d2
22,JusDeTox,EulerE,1139,1164,r4rk1/ppp2ppp/3q4/3pnp2/3P4/4P3/PPPQ1PPP/R4RK1 w - - 0 13,c6e5
22,JusDeTox,EulerE,1139,1164,r4rk1/ppp2ppp/3q4/3pPp2/8/4P3/PPPQ1PPP/R4RK1 b - - 0 13,d4e5
22,JusDeTox,EulerE,1139,1164,r4rk1/ppp2ppp/8/3pqp2/8/4P3/PPPQ1PPP/R4RK1 w - - 0 14,d6e5
22,JusDeTox,EulerE,1139,1164,r4rk1/ppp2ppp/8/3pqp2/5P2/4P3/PPPQ2PP/R4RK1 b - - 0 14,f2f4
22,JusDeTox,EulerE,1139,1164,r4rk1/ppp2ppp/8/3p1p2/5P2/4P3/PqPQ2PP/R4RK1 w - - 0 15,e5b2
22,JusDeTox,EulerE,1139,1164,r4rk1/ppp2ppp/8/3p1p2/5P2/4P3/PqPQ2PP/1R3RK1 b - - 1 15,a1b1
22,JusDeTox,EulerE,1139,1164,r4rk1/ppp2ppp/8/3p1p2/5P2/4P3/q1PQ2PP/1R3RK1 w - - 0 16,b2a2
22,JusDeTox,EulerE,1139,1164,r4rk1/pRp2ppp/8/3p1p2/5P2/4P3/q1PQ2PP/5RK1 b - - 0 16,b1b7
22,JusDeTox,EulerE,1139,1164,r1r3k1/pRp2ppp/8/3p1p2/5P2/4P3/q1PQ2PP/5RK1 w - - 1 17,f8c8
22,JusDeTox,EulerE,1139,1164,r1r3k1/pRp2ppp/8/3p1p2/5P2/4P3/q1PQ2PP/4R1K1 b - - 2 17,f1e1
22,JusDeTox,EulerE,1139,1164,r1r3k1/pR3ppp/8/2pp1p2/5P2/4P3/q1PQ2PP/4R1K1 w - - 0 18,c7c5
22,JusDeTox,EulerE,1139,1164,r1r3k1/p4ppp/8/2pp1p2/5P2/1R2P3/q1PQ2PP/4R1K1 b - - 1 18,b7b3
22,JusDeTox,EulerE,1139,1164,r2r2k1/p4ppp/8/2pp1p2/5P2/1R2P3/q1PQ2PP/4R1K1 w - - 2 19,c8d8
22,JusDeTox,EulerE,1139,1164,r2r2k1/p4ppp/8/1Rpp1p2/5P2/4P3/q1PQ2PP/4R1K1 b - - 3 19,b3b5
22,JusDeTox,EulerE,1139,1164,r2r2k1/p4ppp/8/1Rp2p2/3p1P2/4P3/q1PQ2PP/4R1K1 w - - 0 20,d5d4
22,JusDeTox,EulerE,1139,1164,r2r2k1/p4ppp/8/1Rp2p2/3P1P2/8/q1PQ2PP/4R1K1 b - - 0 20,e3d4
22,JusDeTox,EulerE,1139,1164,r2r2k1/p4ppp/8/1R3p2/3p1P2/8/q1PQ2PP/4R1K1 w - - 0 21,c5d4
22,JusDeTox,EulerE,1139,1164,r2r2k1/p4ppp/8/5R2/3p1P2/8/q1PQ2PP/4R1K1 b - - 0 21,b5f5
22,JusDeTox,EulerE,1139,1164,r2r2k1/p4ppp/8/5R2/5P2/3p4/q1PQ2PP/4R1K1 w - - 0 22,d4d3
22,JusDeTox,EulerE,1139,1164,r2r2k1/p3Rppp/8/5R2/5P2/3p4/q1PQ2PP/6K1 b - - 1 22,e1e7
22,JusDeTox,EulerE,1139,1164,r2r2k1/p3R1pp/5p2/5R2/5P2/3p4/q1PQ2PP/6K1 w - - 0 23,f7f6
22,JusDeTox,EulerE,1139,1164,r2r2k1/p3R1pp/5p2/R7/5P2/3p4/q1PQ2PP/6K1 b - - 1 23,f5a5
22,JusDeTox,EulerE,1139,1164,r2r2k1/p3R1pp/5p2/R7/5P2/3p4/2qQ2PP/6K1 w - - 0 24,a2c2
22,JusDeTox,EulerE,1139,1164,r2r2k1/p3R1pp/5p2/R7/5P2/3pQ3/2q3PP/6K1 b - - 1 24,d2e3
22,JusDeTox,EulerE,1139,1164,r2r2k1/p3R1pp/5p2/R7/5P2/4Q3/2qp2PP/6K1 w - - 0 25,d3d2
22,JusDeTox,EulerE,1139,1164,r2r2k1/p3R1pp/4Qp2/R7/5P2/8/2qp2PP/6K1 b - - 1 25,e3e6
22,JusDeTox,EulerE,1139,1164,r2r3k/p3R1pp/4Qp2/R7/5P2/8/2qp2PP/6K1 w - - 2 26,g8h8
22,JusDeTox,EulerE,1139,1164,r2r3k/p3R1pp/4Qp2/R7/5P2/7P/2qp2P1/6K1 b - - 0 26,h2h3
22,JusDeTox,EulerE,1139,1164,r2r3k/p3R1pp/4Qp2/R7/5P2/7P/2q3P1/3q2K1 w - - 0 27,d2d1q
22,JusDeTox,EulerE,1139,1164,r2r3k/p3R1pp/4Qp2/R7/5P2/7P/2q3PK/3q4 b - - 1 27,g1h2
22,JusDeTox,EulerE,1139,1164,r2r3k/p3R1pp/4Qp2/R7/5P2/7P/3q2PK/3q4 w - - 2 28,c2d2
22,JusDeTox,EulerE,1139,1164,r2r3k/p3RQpp/5p2/R7/5P2/7P/3q2PK/3q4 b - - 3 28,e6f7
22,JusDeTox,EulerE,1139,1164,r2r3k/p3RQpp/5p2/R7/5q2/7P/6PK/3q4 w - - 0 29,d2f4
22,JusDeTox,EulerE,1139,1164,r2r3k/p3RQpp/5p2/R7/5q2/6PP/7K/3q4 b - - 0 29,g2g3
22,JusDeTox,EulerE,1139,1164,r2r3k/p3RQpp/5p2/R7/5q2/6PP/3q3K/8 w - - 1 30,d1d2
22,JusDeTox,EulerE,1139,1164,r2r3k/p4Qpp/5p2/R7/5q2/6PP/3qR2K/8 b - - 2 30,e7e2
22,JusDeTox,EulerE,1139,1164,r2r3k/p4Qpp/5p2/R7/5q2/6PP/4q2K/8 w - - 0 31,d2e2
22,JusDeTox,EulerE,1139,1164,r2r3k/p4Qpp/5p2/R7/5q2/6PP/4q3/7K b - - 1 31,h2h1
22,JusDeTox,EulerE,1139,1164,r2r3k/p4Qpp/5p2/R7/8/5qPP/4q3/7K w - - 2 32,f4f3
22,JusDeTox,EulerE,1139,1164,r2r3k/p4Qpp/5p2/R7/8/5qPP/4q3/6K1 b - - 3 32,h1g1
22,JusDeTox,EulerE,1139,1164,r2r3k/p4Qpp/5p2/R7/8/6PP/4q1q1/6K1 w - - 4 33,f3g2
23,kayoluna,EulerE,1114,1155,rnbqkbnr/pppppppp/8/8/4P3/8/PPPP1PPP/RNBQKBNR b KQkq - 0 1,e2e4
23,kayoluna,EulerE,1114,1155,rnbqkbnr/pppp1ppp/8/4p3/4P3/8/PPPP1PPP/RNBQKBNR w KQkq - 0 2,e7e5
23,kayoluna,EulerE,1114,1155,rnbqkbnr/pppp1ppp/8/4p3/4P3/5N2/PPPP1PPP/RNBQKB1R b KQkq - 1 2,g1f3
23,kayoluna,EulerE,1114,1155,r1bqkbnr/pppp1ppp/2n5/4p3/4P3/5N2/PPPP1PPP/RNBQKB1R w KQkq - 2 3,b8c6
23,kayoluna,EulerE,1114,1155,r1bqkbnr/pppp1ppp/2n5/4p3/2B1P3/5N2/PPPP1PPP/RNBQK2R b KQkq - 3 3,f1c4
23,kayoluna,EulerE,1114,1155,r1bqkb1r/pppp1ppp/2n2n2/4p3/2B1P3/5N2/PPPP1PPP/RNBQK2R w KQkq - 4 4,g8f6
23,kayoluna,EulerE,1114,1155,r1bqkb1r/pppp1ppp/2n2n2/4p3/2B1P3/2N2N2/PPPP1PPP/R1BQK2R b KQkq - 5 4,b1c3
23,kayoluna,EulerE,1114,1155,r1bqk2r/pppp1ppp/2n2n2/2b1p3/2B1P3/2N2N2/PPPP1PPP/R1BQK2R w KQkq - 6 5,f8c5
23,kayoluna,EulerE,1114,1155,r1bqk2r/pppp1ppp/2n2n2/2b1p3/2B1P3/2N2N1P/PPPP1PP1/R1BQK2R b KQkq - 0 5,h2h3
23,kayoluna,EulerE,1114,1155,r1bqk2r/ppp2ppp/2np1n2/2b1p3/2B1P3/2N2N1P/PPPP1PP1/R1BQK2R w KQkq - 0 6,d7d6
23,kayoluna,EulerE,1114,1155,r1bqk2r/ppp2ppp/2np1n2/2b1p3/2B1P3/2NP1N1P/PPP2PP1/R1BQK2R b KQkq - 0 6,d2d3
23,kayoluna,EulerE,1114,1155,r1bq1rk1/ppp2ppp/2np1n2/2b1p3/2B1P3/2NP1N1P/PPP2PP1/R1BQK2R w KQ - 1 7,e8g8
23,kayoluna,EulerE,1114,1155,r1bq1rk1/ppp2ppp/2np1n2/2b1p3/2B1P3/2NP1N1P/PPP2PP1/R1BQ1RK1 b - - 2 7,e1g1
23,kayoluna,EulerE,1114,1155,r2q1rk1/ppp2ppp/2npbn2/2b1p3/2B1P3/2NP1N1P/PPP2PP1/R1BQ1RK1 w - - 3 8,c8e6
23,kayoluna,EulerE,1114,1155,r2q1rk1/ppp2ppp/2npbn2/2b1p3/4P3/1BNP1N1P/PPP2PP1/R1BQ1RK1 b - - 4 8,c4b3
23,kayoluna,EulerE,1114,1155,r2q1rk1/ppp2ppp/2npbn2/4p3/1b2P3/1BNP1N1P/PPP2PP1/R1BQ1RK1 w - - 5 9,c5b4
23,kayoluna,EulerE,1114,1155,r2q1rk1/ppp2ppp/2npbn2/4p3/1b2P3/1BNP1N1P/PPPB1PP1/R2Q1RK1 b - - 6 9,c1d2
23,kayoluna,EulerE,1114,1155,r4rk1/ppp1qppp/2npbn2/4p3/1b2P3/1BNP1N1P/PPPB1PP1/R2Q1RK1 w - - 7 10,d8e7
23,kayoluna,EulerE,1114,1155,r4rk1/ppp1qppp/2npbn2/4p3/1b2P3/PBNP1N1P/1PPB1PP1/R2Q1RK1 b - - 0 10,a2a3
23,kayoluna,EulerE,1114,1155,r4rk1/ppp1qppp/2np1n2/4p3/1b2P3/PbNP1N1P/1PPB1PP1/R2Q1RK1 w - - 0 11,e6b3
23,kayoluna,EulerE,1114,1155,r4rk1/ppp1qppp/2np1n2/4p3/1b2P3/PPNP1N1P/1P1B1PP1/R2Q1RK1 b - - 0 11,c2b3
23,kayoluna,EulerE,1114,1155,r4rk1/ppp1qppp/2np1n2/2b1p3/4P3/PPNP1N1P/1P1B1PP1/R2Q1RK1 w - - 1 12,b4c5
23,kayoluna,EulerE,1114,1155,r4rk1/ppp1qppp/2np1n2/2b1p3/1P2P3/P1NP1N1P/1P1B1PP1/R2Q1RK1 b - - 0 12,b3b4
23,kayoluna,EulerE,1114,1155,r4rk1/ppp1qppp/2np1n2/4p3/1P1bP3/P1NP1N1P/1P1B1PP1/R2Q1RK1 w - - 1 13,c5d4
23,kayoluna,EulerE,1114,1155,r4rk1/ppp1qppp/2np1n2/4p3/1P1NP3/P1NP3P/1P1B1PP1/R2Q1RK1 b - - 0 13,f3d4
23,kayoluna,EulerE,1114,1155,r4rk1/ppp1qppp/2np1n2/8/1P1pP3/P1NP3P/1P1B1PP1/R2Q1RK1 w - - 0 14,e5d4
23,kayoluna,EulerE,1114,1155,r4rk1/ppp1qppp/2np1n2/8/1P1pP3/P2P3P/1P1BNPP1/R2Q1RK1 b - - 1 14,c3e2
23,kayoluna,EulerE,1114,1155,r4rk1/p1p1qppp/2np1n2/1p6/1P1pP3/P2P3P/1P1BNPP1/R2Q1RK1 w - - 0 15,b7b5
23,kayoluna,EulerE,1114,1155,r4rk1/p1p1qppp/2np1n2/1p6/1P1pP3/P2P3P/1PQBNPP1/R4RK1 b - - 1 15,d1c2
23,kayoluna,EulerE,1114,1155,r2n1rk1/p1p1qppp/3p1n2/1p6/1P1pP3/P2P3P/1PQBNPP1/R4RK1 w - - 2 16,c6d8
23,kayoluna,EulerE,1114,1155,r2n1rk1/p1p1qppp/3p1n2/1p6/1P1NP3/P2P3P/1PQB1PP1/R4RK1 b - - 0 16,e2d4
23,kayoluna,EulerE,1114,1155,r2n1rk1/p1p2ppp/3p1n2/1p2q3/1P1NP3/P2P3P/1PQB1PP1/R4RK1 w - - 1 17,e7e5
23,kayoluna,EulerE,1114,1155,r2n1rk1/p1p2ppp/3p1n2/1p2q3/1P1NP3/P1BP3P/1PQ2PP1/R4RK1 b - - 2 17,d2c3
23,kayoluna,EulerE,1114,1155,r2n1rk1/p4ppp/3p1n2/1pp1q3/1P1NP3/P1BP3P/1PQ2PP1/R4RK1 w - - 0 18,c7c5
23,kayoluna,EulerE,1114,1155,r2n1rk1/p4ppp/2Np1n2/1pp1q3/1P2P3/P1BP3P/1PQ2PP1/R4RK1 b - - 1 18,d4c6
23,kayoluna,EulerE,1114,1155,r2n1rk1/p4ppp/2Np1n2/1pp5/1P2Pq2/P1BP3P/1PQ2PP1/R4RK1 w - - 2 19,e5f4
23,kayoluna,EulerE,1114,1155,r2n1rk1/p3Nppp/3p1n2/1pp5/1P2Pq2/P1BP3P/1PQ2PP1/R4RK1 b - - 3 19,c6e7
23,kayoluna,EulerE,1114,1155,r2n1r1k/p3Nppp/3p1n2/1pp5/1P2Pq2/P1BP3P/1PQ2PP1/R4RK1 w - - 4 20,g8h8
23,kayoluna,EulerE,1114,1155,r2n1r1k/p3Nppp/3p1n2/1pP5/4Pq2/P1BP3P/1PQ2PP1/R4RK1 b - - 0 20,b4c5
23,kayoluna,EulerE,1114,1155,r2n1r1k/p3Nppp/5n2/1pp5/4Pq2/P1BP3P/1PQ2PP1/R4RK1 w - - 0 21,d6c5
23,kayoluna,EulerE,1114,1155,r2n1r1k/p3Nppp/5B2/1pp5/4Pq2/P2P3P/1PQ2PP1/R4RK1 b - - 0 21,c3f6
23,kayoluna,EulerE,1114,1155,r2n1r1k/p3Np1p/5p2/1pp5/4Pq2/P2P3P/1PQ2PP1/R4RK1 w - - 0 22,g7f6
23,kayoluna,EulerE,1114,1155,r2n1r1k/p4p1p/5p2/1ppN4/4Pq2/P2P3P/1PQ2PP1/R4RK1 b - - 1 22,e7d5
23,kayoluna,EulerE,1114,1155,r2n1r1k/p4p1p/5p2/1ppN4/4P2q/P2P3P/1PQ2PP1/R4RK1 w - - 2 23,f4h4
23,kayoluna,EulerE,1114,1155,r2n1r1k/p4p1p/5p2/1pQN4/4P2q/P2P3P/1P3PP1/R4RK1 b - - 0 23,c2c5
23,kayoluna,EulerE,1114,1155,r4r1k/p4p1p/4np2/1pQN4/4P2q/P2P3P/1P3PP1/R4RK1 w - - 1 24,d8e6
23,kayoluna,EulerE,1114,1155,r4r1k/p4p1p/4np2/1p1N4/4P2q/P1QP3P/1P3PP1/R4RK1 b - - 2 24,c5c3
23,kayoluna,EulerE,1114,1155,2r2r1k/p4p1p/4np2/1p1N4/4P2q/P1QP3P/1P3PP1/R4RK1 w - - 3 25,a8c8
23,kayoluna,EulerE,1114,1155,2r2r1k/p4p1p/4nQ2/1p1N4/4P2q/P2P3P/1P3PP1/R4RK1 b - - 0 25,c3f6
23,kayoluna,EulerE,1114,1155,2r2rk1/p4p1p/4nQ2/1p1N4/4P2q/P2P3P/1P3PP1/R4RK1 w - - 1 26,h8g8
24,EulerE,Guilherme0_Chess,1164,1179,rnbqkbnr/pppppppp/8/8/3P4/8/PPP1PPPP/RNBQKBNR b KQkq - 0 1,d2d4
24,EulerE,Guilherme0_Chess,1164,1179,rnbqkbnr/ppp1pppp/8/3p4/3P4/8/PPP1PPPP/RNBQKBNR w KQkq - 0 2,d7d5
24,EulerE,Guilherme0_Chess,1164,1179,rnbqkbnr/ppp1pppp/8/3p4/2PP4/8/PP2PPPP/RNBQKBNR b KQkq - 0 2,c2c4
24,EulerE,Guilherme0_Chess,1164,1179,rnbqkbnr/pp2pppp/2p5/3p4/2PP4/8/PP2PPPP/RNBQKBNR w KQkq - 0 3,c7c6
24,EulerE,Guilherme0_Chess,1164,1179,rnbqkbnr/pp2pppp/2p5/3p4/2PP4/2N5/PP2PPPP/R1BQKBNR b KQkq - 1 3,b1c3
24,EulerE,Guilherme0_Chess,1164,1179,rnbqkb1r/pp2pppp/2p2n2/3p4/2PP4/2N5/PP2PPPP/R1BQKBNR w KQkq - 2 4,g8f6
24,EulerE,Guilherme0_Chess,1164,1179,rnbqkb1r/pp2pppp/2p2n2/3P4/3P4/2N5/PP2PPPP/R1BQKBNR b KQkq - 0 4,c4d5
24,EulerE,Guilherme0_Chess,1164,1179,rnbqkb1r/pp2pppp/5n2/3p4/3P4/2N5/PP2PPPP/R1BQKBNR w KQkq - 0 5,c6d5
24,EulerE,Guilherme0_Chess,1164,1179,rnbqkb1r/pp2pppp/5n2/3p4/3P1B2/2N5/PP2PPPP/R2QKBNR b KQkq - 1 5,c1f4
24,EulerE,Guilherme0_Chess,1164,1179,rnbqkb1r/1p2pppp/p4n2/3p4/3P1B2/2N5/PP2PPPP/R2QKBNR w KQkq - 0 6,a7a6
24,EulerE,Guilherme0_Chess,1164,1179,rnbqkb1r/1p2pppp/p4n2/3p4/3P1B2/2N2N2/PP2PPPP/R2QKB1R b KQkq - 1 6,g1f3
24,EulerE,Guilherme0_Chess,1164,1179,r1bqkb1r/1p2pppp/p1n2n2/3p4/3P1B2/2N2N2/PP2PPPP/R2QKB1R w KQkq - 2 7,b8c6
24,EulerE,Guilherme0_Chess,1164,1179,r1bqkb1r/1p2pppp/p1n2n2/3p4/3P1B2/2N1PN2/PP3PPP/R2QKB1R b KQkq - 0 7,e2e3
24,EulerE,Guilherme0_Chess,1164,1179,r2qkb1r/1p2pppp/p1n2n2/3p4/3P1Bb1/2N1PN2/PP3PPP/R2QKB1R w KQkq - 1 8,c8g4
24,EulerE,Guilherme0_Chess,1164,1179,r2qkb1r/1p2pppp/p1n2n2/3p4/3P1Bb1/2N1PN1P/PP3PP1/R2QKB1R b KQkq - 0 8,h2h3
24,EulerE,Guilherme0_Chess,1164,1179,r2qkb1r/1p2pppp/p1n2n2/3p4/3P1B2/2N1Pb1P/PP3PP1/R2QKB1R w KQkq - 0 9,g4f3
24,EulerE,Guilherme0_Chess,1164,1179,r2qkb1r/1p2pppp/p1n2n2/3p4/3P1B2/2N1PQ1P/PP3PP1/R3KB1R b KQkq - 0 9,d1f3
24,EulerE,Guilherme0_Chess,1164,1179,r2qkb1r/1p3ppp/p1n1pn2/3p4/3P1B2/2N1PQ1P/PP3PP1/R3KB1R w KQkq - 0 10,e7e6
24,EulerE,Guilherme0_Chess,1164,1179,r2qkb1r/1p3ppp/p1n1pn2/3p4/3P1B2/2N1PQ1P/PP3PP1/2KR1B1R b kq - 1 10,e1c1
24,EulerE,Guilherme0_Chess,1164,1179,r2qk2r/1p3ppp/p1nbpn2/3p4/3P1B2/2N1PQ1P/PP3PP1/2KR1B1R w kq - 2 11,f8d6
24,EulerE,Guilherme0_Chess,1164,1179,r2qk2r/1p3ppp/p1nbpn2/3p2B1/3P4/2N1PQ1P/PP3PP1/2KR1B1R b kq - 3 11,f4g5
24,EulerE,Guilherme0_Chess,1164,1179,r2q1rk1/1p3ppp/p1nbpn2/3p2B1/3P4/2N1PQ1P/PP3PP1/2KR1B1R w - - 4 12,e8g8
24,EulerE,Guilherme0_Chess,1164,1179,r2q1rk1/1p3ppp/p1nbpn2/3p2B1/3P4/2NBPQ1P/PP3PP1/2KR3R b - - 5 12,f1d3
24,EulerE,Guilherme0_Chess,1164,1179,r2q1rk1/1p3pp1/p1nbpn1p/3p2B1/3P4/2NBPQ1P/PP3PP1/2KR3R w - - 0 13,h7h6
24,EulerE,Guilherme0_Chess,1164,1179,r2q1rk1/1p3pp1/p1nbpn1p/3p4/3P3B/2NBPQ1P/PP3PP1/2KR3R b - - 1 13,g5h4
24,EulerE,Guilherme0_Chess,1164,1179,r2qr1k1/1p3pp1/p1nbpn1p/3p4/3P3B/2NBPQ1P/PP3PP1/2KR3R w - - 2 14,f8e8
24,EulerE,Guilherme0_Chess,1164,1179,r2qr1k1/1p3pp1/p1nbpn1p/3p4/3P3B/2NBPQ1P/PP3PP1/2KR2R1 b - - 3 14,h1g1
24,EulerE,Guilherme0_Chess,1164,1179,r2qr1k1/1p3p2/p1nbpn1p/3p2p1/3P3B/2NBPQ1P/PP3PP1/2KR2R1 w - - 0 15,g7g5
24,EulerE,Guilherme0_Chess,1164,1179,r2qr1k1/1p3p2/p1nbpn1p/3p2p1/3P4/2NBPQBP/PP3PP1/2KR2R1 b - - 1 15,h4g3
24,EulerE,Guilherme0_Chess,1164,1179,r2qr1k1/1p3p2/p1n1pn1p/3p2p1/3P4/2NBPQbP/PP3PP1/2KR2R1 w - - 0 16,d6g3
24,EulerE,Guilherme0_Chess,1164,1179,r2qr1k1/1p3p2/p1n1pn1p/3p2p1/3P4/2NBPQPP/PP4P1/2KR2R1 b - - 0 16,f2g3
24,EulerE,Guilherme0_Chess,1164,1179,r2qrk2/1p3p2/p1n1pn1p/3p2p1/3P4/2NBPQPP/PP4P1/2KR2R1 w - - 1 17,g8f8
24,EulerE,Guilherme0_Chess,1164,1179,r2qrk2/1p3p2/p1n1pn1p/3p2p1/3P4/2NBPQPP/PP4P1/2KR1R2 b - - 2 17,g1f1
24,EulerE,Guilherme0_Chess,1164,1179,r2qr3/1p3pk1/p1n1pn1p/3p2p1/3P4/2NBPQPP/PP4P1/2KR1R2 w - - 3 18,f8g7
24,EulerE,Guilherme0_Chess,1164,1179,r2qr3/1p3pk1/p1n1pn1p/3p2p1/3P3P/2NBPQP1/PP4P1/2KR1R2 b - - 0 18,h3h4
24,EulerE,Guilherme0_Chess,1164,1179,r2qr3/1p3pkn/p1n1p2p/3p2p1/3P3P/2NBPQP1/PP4P1/2KR1R2 w - - 1 19,f6h7
24,EulerE,Guilherme0_Chess,1164,1179,r2qr3/1p3pkn/p1n1p2p/3p2P1/3P4/2NBPQP1/PP4P1/2KR1R2 b - - 0 19,h4g5
24,EulerE,Guilherme0_Chess,1164,1179,r3r3/1p3pkn/p1n1p2p/3p2q1/3P4/2NBPQP1/PP4P1/2KR1R2 w - - 0 20,d8g5
24,EulerE,Guilherme0_Chess,1164,1179,r3r3/1p3Qkn/p1n1p2p/3p2q1/3P4/2NBP1P1/PP4P1/2KR1R2 b - - 0 20,f3f7
24,EulerE,Guilherme0_Chess,1164,1179,r3r2k/1p3Q1n/p1n1p2p/3p2q1/3P4/2NBP1P1/PP4P1/2KR1R2 w - - 1 21,g7h8
24,EulerE,Guilherme0_Chess,1164,1179,r3r2k/1p5Q/p1n1p2p/3p2q1/3P4/2NBP1P1/PP4P1/2KR1R2 b - - 0 21,f7h7
25,nishiben,EulerE,1066,1162,rnbqkbnr/pppppppp/8/8/4P3/8/PPPP1PPP/RNBQKBNR b KQkq - 0 1,e2e4
25,nishiben,EulerE,1066,1162,rnbqkbnr/pppp1ppp/8/4p3/4P3/8/PPPP1PPP/RNBQKBNR w KQkq - 0 2,e7e5
25,nishiben,EulerE,1066,1162,rnbqkbnr/pppp1ppp/8/4p3/4P3/3P4/PPP2PPP/RNBQKBNR b KQkq - 0 2,d2d3
25,nishiben,EulerE,1066,1162,rnbqkb1r/pppp1ppp/5n2/4p3/4P3/3P4/PPP2PPP/RNBQKBNR w KQkq - 1 3,g8f6
25,nishiben,EulerE,1066,1162,rnbqkb1r/pppp1ppp/5n2/4p3/4P3/3P1P2/PPP3PP/RNBQKBNR b KQkq - 0 3,f2f3
25,nishiben,EulerE,1066,1162,rnbqk2r/pppp1ppp/5n2/2b1p3/4P3/3P1P2/PPP3PP/RNBQKBNR w KQkq - 1 4,f8c5
25,nishiben,EulerE,1066,1162,rnbqk2r/pppp1ppp/5n2/2b1p3/4P3/2PP1P2/PP4PP/RNBQKBNR b KQkq - 0 4,c2c3
25,nishiben,EulerE,1066,1162,r1bqk2r/pppp1ppp/2n2n2/2b1p3/4P3/2PP1P2/PP4PP/RNBQKBNR w KQkq - 1 5,b8c6
25,nishiben,EulerE,1066,1162,r1bqk2r/pppp1ppp/2n2n2/2b1p3/1P2P3/2PP1P2/P5PP/RNBQKBNR b KQkq - 0 5,b2b4
25,nishiben,EulerE,1066,1162,r1bqk2r/pppp1ppp/1bn2n2/4p3/1P2P3/2PP1P2/P5PP/RNBQKBNR w KQkq - 1 6,c5b6
25,nishiben,EulerE,1066,1162,r1bqk2r/pppp1ppp/1bn2n2/1P2p3/4P3/2PP1P2/P5PP/RNBQKBNR b KQkq - 0 6,b4b5
25,nishiben,EulerE,1066,1162,r1bqk2r/ppppnppp/1b3n2/1P2p3/4P3/2PP1P2/P5PP/RNBQKBNR w KQkq - 1 7,c6e7
25,nishiben,EulerE,1066,1162,r1bqk2r/ppppnppp/1b3n2/1P2p1B1/4P3/2PP1P2/P5PP/RN1QKBNR b KQkq - 2 7,c1g5
25,nishiben,EulerE,1066,1162,r1bq1rk1/ppppnppp/1b3n2/1P2p1B1/4P3/2PP1P2/P5PP/RN1QKBNR w KQ - 3 8,e8g8
25,nishiben,EulerE,1066,1162,r1bq1rk1/ppppnppp/1b3B2/1P2p3/4P3/2PP1P2/P5PP/RN1QKBNR b KQ - 0 8,g5f6
25,nishiben,EulerE,1066,1162,r1bq1rk1/ppppnp1p/1b3p2/1P2p3/4P3/2PP1P2/P5PP/RN1QKBNR w KQ - 0 9,g7f6
25,nishiben,EulerE,1066,1162,r1bq1rk1/ppppnp1p/1b3p2/1P2p3/4PP2/2PP4/P5PP/RN1QKBNR b KQ - 0 9,f3f4
25,nishiben,EulerE,1066,1162,r1bq1rk1/ppp1np1p/1b1p1p2/1P2p3/4PP2/2PP4/P5PP/RN1QKBNR w KQ - 0 10,d7d6
25,nishiben,EulerE,1066,1162,r1bq1rk1/ppp1np1p/1b1p1p2/1P2pP2/4P3/2PP4/P5PP/RN1QKBNR b KQ - 0 10,f4f5
25,nishiben,EulerE,1066,1162,r1bq1rk1/pp2np1p/1b1p1p2/1Pp1pP2/4P3/2PP4/P5PP/RN1QKBNR w KQ c6 0 11,c7c5
25,nishiben,EulerE,1066,1162,r1bq1rk1/pp2np1p/1b1p1p2/1Pp1pP2/4P1Q1/2PP4/P5PP/RN2KBNR b KQ - 1 11,d1g4
25,nishiben,EulerE,1066,1162,r1bq1r1k/pp2np1p/1b1p1p2/1Pp1pP2/4P1Q1/2PP4/P5PP/RN2KBNR w KQ - 2 12,g8h8
25,nishiben,EulerE,1066,1162,r1bq1r1k/pp2np1p/1b1p1p2/1Pp1pP2/4P2Q/2PP4/P5PP/RN2KBNR b KQ - 3 12,g4h4
25,nishiben,EulerE,1066,1162,r1bq1rnk/pp3p1p/1b1p1p2/1Pp1pP2/4P2Q/2PP4/P5PP/RN2KBNR w KQ - 4 13,e7g8
25,nishiben,EulerE,1066,1162,r1bq1rnk/pp3p1p/1b1p1p2/1Pp1pP2/2P1P2Q/3P4/P5PP/RN2KBNR b KQ - 0 13,c3c4
25,nishiben,EulerE,1066,1162,r1bq1rnk/pp3p1p/3p1p2/bPp1pP2/2P1P2Q/3P4/P5PP/RN2KBNR w KQ - 1 14,b6a5
25,nishiben,EulerE,1066,1162,r1bq1rnk/pp3p1p/3p1p2/bPp1pP2/2P1P2Q/3P4/P2N2PP/R3KBNR b KQ - 2 14,b1d2
25,nishiben,EulerE,1066,1162,r2q1rnk/pp1b1p1p/3p1p2/bPp1pP2/2P1P2Q/3P4/P2N2PP/R3KBNR w KQ - 3 15,c8d7
25,nishiben,EulerE,1066,1162,r2q1rnk/pp1b1p1p/3p1p2/bPp1pP2/2P1P2Q/3P4/P2N2PP/2KR1BNR b - - 4 15,e1c1
25,nishiben,EulerE,1066,1162,r1bq1rnk/pp3p1p/3p1p2/bPp1pP2/2P1P2Q/3P4/P2N2PP/2KR1BNR w - - 5 16,d7c8
25,nishiben,EulerE,1066,1162,r1bq1rnk/pp3p1p/3p1p2/bPp1pP2/2P1P2Q/1N1P4/P5PP/2KR1BNR b - - 6 16,d2b3
25,nishiben,EulerE,1066,1162,r2q1rnk/pp3p1p/3pbp2/bPp1pP2/2P1P2Q/1N1P4/P5PP/2KR1BNR w - - 7 17,c8e6
25,nishiben,EulerE,1066,1162,r2q1rnk/pp3p1p/3pbp2/bPp1pP2/P1P1P2Q/1N1P4/6PP/2KR1BNR b - - 0 17,a2a4
25,nishiben,EulerE,1066,1162,r1bq1rnk/pp3p1p/3p1p2/bPp1pP2/P1P1P2Q/1N1P4/6PP/2KR1BNR w - - 1 18,e6c8
25,nishiben,EulerE,1066,1162,r1bq1rnk/pp3p1p/3p1p2/bPp1pP2/P1P1P2Q/1N1P1N2/6PP/2KR1B1R b - - 2 18,g1f3
25,nishiben,EulerE,1066,1162,r1bq1r1k/pp3p1p/3p1p1n/bPp1pP2/P1P1P2Q/1N1P1N2/6PP/2KR1B1R w - - 3 19,g8h6
25,nishiben,EulerE,1066,1162,r1bq1r1k/pp3p1p/3p1p1Q/bPp1pP2/P1P1P3/1N1P1N2/6PP/2KR1B1R b - - 0 19,h4h6
25,nishiben,EulerE,1066,1162,r2q1r1k/pp1b1p1p/3p1p1Q/bPp1pP2/P1P1P3/1N1P1N2/6PP/2KR1B1R w - - 1 20,c8d7
25,nishiben,EulerE,1066,1162,r2q1r1k/pp1b1p1p/3p1p1Q/NPp1pP2/P1P1P3/3P1N2/6PP/2KR1B1R b - - 0 20,b3a5
25,nishiben,EulerE,1066,1162,r4r1k/pp1b1p1p/3p1p1Q/qPp1pP2/P1P1P3/3P1N2/6PP/2KR1B1R w - - 0 21,d8a5
25,nishiben,EulerE,1066,1162,r4r1k/pp1b1p1p/3p1Q2/qPp1pP2/P1P1P3/3P1N2/6PP/2KR1B1R b - - 0 21,h6f6
25,nishiben,EulerE,1066,1162,r4rk1/pp1b1p1p/3p1Q2/qPp1pP2/P1P1P3/3P1N2/6PP/2KR1B1R w - - 1 22,h8g8
25,nishiben,EulerE,1066,1162,r4rk1/pp1b1p1p/3Q4/qPp1pP2/P1P1P3/3P1N2/6PP/2KR1B1R b - - 0 22,f6d6
25,nishiben,EulerE,1066,1162,r4rk1/pp1b1p1p/3Q4/1Pp1pP2/P1P1P3/2qP1N2/6PP/2KR1B1R w - - 1 23,a5c3
25,nishiben,EulerE,1066,1162,r4rk1/pp1b1p1p/3Q4/1Pp1pP2/P1P1P3/2qP1N2/6PP/1K1R1B1R b - - 2 23,c1b1
25,nishiben,EulerE,1066,1162,r4rk1/pp1b1p1p/3Q4/1Pp1pP2/P1P1P3/1q1P1N2/6PP/1K1R1B1R w - - 3 24,c3b3
25,nishiben,EulerE,1066,1162,r4rk1/pp1b1p1p/3Q4/1Pp1pP2/P1P1P3/1q1P1N2/6PP/2KR1B1R b - - 4 24,b1c1
25,nishiben,EulerE,1066,1162,r4rk1/pp1b1p1p/3Q4/1Pp1pP2/P1P1P3/2qP1N2/6PP/2KR1B1R w - - 5 25,b3c3
25,nishiben,EulerE,1066,1162,r4rk1/pp1b1p1p/3Q4/1Pp1pP2/P1P1P3/2qP1N2/6PP/1K1R1B1R b - - 6 25,c1b1
25,nishiben,EulerE,1066,1162,r4rk1/pp1b1p1p/3Q4/1Pp1pP2/P1P1P3/1q1P1N2/6PP/1K1R1B1R w - - 7 26,c3b3
25,nishiben,EulerE,1066,1162,r4rk1/pp1b1p1p/3Q4/1Pp1pP2/P1P1P3/1q1P1N2/6PP/K2R1B1R b - - 8 26,b1a1
25,nishiben,EulerE,1066,1162,r4rk1/pp1b1p1p/3Q4/1Pp1pP2/P1P1P3/q2P1N2/6PP/K2R1B1R w - - 9 27,b3a3
25,nishiben,EulerE,1066,1162,r4rk1/pp1b1p1p/3Q4/1Pp1pP2/P1P1P3/q2P1N2/6PP/1K1R1B1R b - - 10 27,a1b1
25,nishiben,EulerE,1066,1162,r4rk1/pp1b1p1p/3Q4/1Pp1pP2/P1P1P3/1q1P1N2/6PP/1K1R1B1R w - - 11 28,a3b3
26,EulerE,makeitquick69,1169,1124,rnbqkbnr/pppppppp/8/8/3P4/8/PPP1PPPP/RNBQKBNR b KQkq - 0 1,d2d4
26,EulerE,makeitquick69,1169,1124,rnbqkbnr/ppp1pppp/8/3p4/3P4/8/PPP1PPPP/RNBQKBNR w KQkq - 0 2,d7d5
26,EulerE,makeitquick69,1169,1124,rnbqkbnr/ppp1pppp/8/3p4/2PP4/8/PP2PPPP/RNBQKBNR b KQkq - 0 2,c2c4
26,EulerE,makeitquick69,1169,1124,rnbqkbnr/ppp1pppp/8/8/2pP4/8/PP2PPPP/RNBQKBNR w KQkq - 0 3,d5c4
26,EulerE,makeitquick69,1169,1124,rnbqkbnr/ppp1pppp/8/8/2pPP3/8/PP3PPP/RNBQKBNR b KQkq - 0 3,e2e4
26,EulerE,makeitquick69,1169,1124,rnbqkb1r/ppp1pppp/5n2/8/2pPP3/8/PP3PPP/RNBQKBNR w KQkq - 1 4,g8f6
26,EulerE,makeitquick69,1169,1124,rnbqkb1r/ppp1pppp/5n2/8/2pPP3/2N5/PP3PPP/R1BQKBNR b KQkq - 2 4,b1c3
26,EulerE,makeitquick69,1169,1124,rnbqkb1r/ppp2ppp/4pn2/8/2pPP3/2N5/PP3PPP/R1BQKBNR w KQkq - 0 5,e7e6
26,EulerE,makeitquick69,1169,1124,rnbqkb1r/ppp2ppp/4pn2/8/2BPP3/2N5/PP3PPP/R1BQK1NR b KQkq - 0 5,f1c4
26,EulerE,makeitquick69,1169,1124,rnbqkb1r/p1p2ppp/1p2pn2/8/2BPP3/2N5/PP3PPP/R1BQK1NR w KQkq - 0 6,b7b6
26,EulerE,makeitquick69,1169,1124,rnbqkb1r/p1p2ppp/1p2pn2/3P4/2B1P3/2N5/PP3PPP/R1BQK1NR b KQkq - 0 6,d4d5
26,EulerE,makeitquick69,1169,1124,rnbqkb1r/p1p2ppp/1p3n2/3Pp3/2B1P3/2N5/PP3PPP/R1BQK1NR w KQkq - 0 7,e6e5
26,EulerE,makeitquick69,1169,1124,rnbqkb1r/p1p2ppp/1p3n2/3Pp3/Q1B1P3/2N5/PP3PPP/R1B1K1NR b KQkq - 1 7,d1a4
26,EulerE,makeitquick69,1169,1124,rn1qkb1r/p1pb1ppp/1p3n2/3Pp3/Q1B1P3/2N5/PP3PPP/R1B1K1NR w KQkq - 2 8,c8d7
26,EulerE,makeitquick69,1169,1124,rn1qkb1r/p1pb1ppp/1p3n2/1B1Pp3/Q3P3/2N5/PP3PPP/R1B1K1NR b KQkq - 3 8,c4b5
26,EulerE,makeitquick69,1169,1124,rn1qkb1r/p1pb1ppp/1p6/1B1Pp3/Q3P1n1/2N5/PP3PPP/R1B1K1NR w KQkq - 4 9,f6g4
26,EulerE,makeitquick69,1169,1124,rn1qkb1r/p1pB1ppp/1p6/3Pp3/Q3P1n1/2N5/PP3PPP/R1B1K1NR b KQkq - 0 9,b5d7
26,EulerE,makeitquick69,1169,1124,r2qkb1r/p1pn1ppp/1p6/3Pp3/Q3P1n1/2N5/PP3PPP/R1B1K1NR w KQkq - 0 10,b8d7
26,EulerE,makeitquick69,1169,1124,r2qkb1r/p1pn1ppp/1p6/3Pp3/Q3P1n1/2N2N2/PP3PPP/R1B1K2R b KQkq - 1 10,g1f3
26,EulerE,makeitquick69,1169,1124,r2qk2r/p1pn1ppp/1p6/2bPp3/Q3P1n1/2N2N2/PP3PPP/R1B1K2R w KQkq - 2 11,f8c5
26,EulerE,makeitquick69,1169,1124,r2qk2r/p1pn1ppp/1p6/2bPp3/Q3P1n1/2N2N2/PP3PPP/R1B2RK1 b kq - 3 11,e1g1
26,EulerE,makeitquick69,1169,1124,r2qk2r/p1pn1ppp/1p6/3Pp3/Q3P1n1/2N2N2/PP3bPP/R1B2RK1 w kq - 0 12,c5f2
26,EulerE,makeitquick69,1169,1124,r2qk2r/p1pn1ppp/1p6/3Pp3/Q3P1n1/2N2N2/PP3RPP/R1B3K1 b kq - 0 12,f1f2
26,EulerE,makeitquick69,1169,1124,r2qk2r/p1pn1ppp/1p6/3Pp3/Q3P3/2N2N2/PP3nPP/R1B3K1 w kq - 0 13,g4f2
26,EulerE,makeitquick69,1169,1124,r2qk2r/p1pn1ppp/1p6/3Pp3/Q3P3/2N2N2/PP3KPP/R1B5 b kq - 0 13,g1f2
26,EulerE,makeitquick69,1169,1124,r2q1rk1/p1pn1ppp/1p6/3Pp3/Q3P3/2N2N2/PP3KPP/R1B5 w - - 1 14,e8g8
26,EulerE,makeitquick69,1169,1124,r2q1rk1/p1pn1ppp/1p6/3Pp1B1/Q3P3/2N2N2/PP3KPP/R7 b - - 2 14,c1g5
26,EulerE,makeitquick69,1169,1124,r3qrk1/p1pn1ppp/1p6/3Pp1B1/Q3P3/2N2N2/PP3KPP/R7 w - - 3 15,d8e8
26,EulerE,makeitquick69,1169,1124,r3qrk1/p1pn1ppp/1pQ5/3Pp1B1/4P3/2N2N2/PP3KPP/R7 b - - 4 15,a4c6
26,EulerE,makeitquick69,1169,1124,3rqrk1/p1pn1ppp/1pQ5/3Pp1B1/4P3/2N2N2/PP3KPP/R7 w - - 5 16,a8d8
26,EulerE,makeitquick69,1169,1124,3Bqrk1/p1pn1ppp/1pQ5/3Pp3/4P3/2N2N2/PP3KPP/R7 b - - 0 16,g5d8
26,EulerE,makeitquick69,1169,1124,3q1rk1/p1pn1ppp/1pQ5/3Pp3/4P3/2N2N2/PP3KPP/R7 w - - 0 17,e8d8
26,EulerE,makeitquick69,1169,1124,3q1rk1/p1pn1ppp/1pQ5/1N1Pp3/4P3/5N2/PP3KPP/R7 b - - 1 17,c3b5
26,EulerE,makeitquick69,1169,1124,3q1rk1/p1p2ppp/1pQ5/1NnPp3/4P3/5N2/PP3KPP/R7 w - - 2 18,d7c5
26,EulerE,makeitquick69,1169,1124,3q1rk1/p1Q2ppp/1p6/1NnPp3/4P3/5N2/PP3KPP/R7 b - - 0 18,c6c7
26,EulerE,makeitquick69,1169,1124,3q1rk1/p1Q2ppp/1p6/1N1Pp3/4P3/3n1N2/PP3KPP/R7 w - - 1 19,c5d3
26,EulerE,makeitquick69,1169,1124,3q1rk1/p1Q2ppp/1p6/1N1Pp3/4P3/3nKN2/PP4PP/R7 b - - 2 19,f2e3
26,EulerE,makeitquick69,1169,1124,3q1rk1/p1Q2ppp/1p6/1N1Pp3/4Pn2/4KN2/PP4PP/R7 w - - 3 20,d3f4
26,EulerE,makeitquick69,1169,1124,3Q1rk1/p4ppp/1p6/1N1Pp3/4Pn2/4KN2/PP4PP/R7 b - - 0 20,c7d8
26,EulerE,makeitquick69,1169,1124,3r2k1/p4ppp/1p6/1N1Pp3/4Pn2/4KN2/PP4PP/R7 w - - 0 21,f8d8
26,EulerE,makeitquick69,1169,1124,3r2k1/p4ppp/1p6/1N1Pp3/4Pn1N/4K3/PP4PP/R7 b - - 1 21,f3h4
26,EulerE,makeitquick69,1169,1124,3r2k1/p4p1p/1p6/1N1Pp1p1/4Pn1N/4K3/PP4PP/R7 w - - 0 22,g7g5
26,EulerE,makeitquick69,1169,1124,3r2k1/p4p1p/1p6/1N1Pp1p1/4Pn1N/4K1P1/PP5P/R7 b - - 0 22,g2g3
26,EulerE,makeitquick69,1169,1124,3r2k1/p4p1p/1p6/1N1np1p1/4P2N/4K1P1/PP5P/R7 w - - 0 23,f4d5
26,EulerE,makeitquick69,1169,1124,3r2k1/p4p1p/1p6/1N1Pp1p1/7N/4K1P1/PP5P/R7 b - - 0 23,e4d5
26,EulerE,makeitquick69,1169,1124,6k1/p4p1p/1p6/1N1rp1p1/7N/4K1P1/PP5P/R7 w - - 0 24,d8d5
26,EulerE,makeitquick69,1169,1124,6k1/N4p1p/1p6/3rp1p1/7N/4K1P1/PP5P/R7 b - - 0 24,b5a7
26,EulerE,makeitquick69,1169,1124,6k1/N4p1p/1p6/3rp3/7p/4K1P1/PP5P/R7 w - - 0 25,g5h4
26,EulerE,makeitquick69,1169,1124,6k1/N4p1p/1p6/3rp3/7p/4K1P1/PP5P/6R1 b - - 1 25,a1g1
26,EulerE,makeitquick69,1169,1124,6k1/N4p1p/1p6/3rp3/8/4K1Pp/PP5P/6R1 w - - 0 26,h4h3
26,EulerE,makeitquick69,1169,1124,6k1/N4p1p/1p6/3rp3/4K3/6Pp/PP5P/6R1 b - - 1 26,e3e4
26,EulerE,makeitquick69,1169,1124,6k1/N4p1p/1p6/4p3/4K3/6Pp/PP1r3P/6R1 w - - 2 27,d5d2
26,EulerE,makeitquick69,1169,1124,6k1/N4p1p/1p6/4K3/8/6Pp/PP1r3P/6R1 b - - 0 27,e4e5
26,EulerE,makeitquick69,1169,1124,6k1/N4p1p/1p6/4K3/8/6Pp/PP5r/6R1 w - - 0 28,d2h2
26,EulerE,makeitquick69,1169,1124,6k1/N4p1p/1p1K4/8/8/6Pp/PP5r/6R1 b - - 1 28,e5d6
26,EulerE,makeitquick69,1169,1124,6k1/N4p1p/1p1K4/8/8/6Pp/Pr6/6R1 w - - 0 29,h2b2
26,EulerE,makeitquick69,1169,1124,6k1/N4p1p/1p1K4/8/8/6Pp/Pr6/7R b - - 1 29,g1h1
26,EulerE,makeitquick69,1169,1124,6k1/N4p1p/1p1K4/8/8/6P1/Pr5p/7R w - - 0 30,h3h2
26,EulerE,makeitquick69,1169,1124,6k1/N4p1p/1pK5/8/8/6P1/Pr5p/7R b - - 1 30,d6c6
26,EulerE,makeitquick69,1169,1124,6k1/N4p2/1pK5/7p/8/6P1/Pr5p/7R w - - 0 31,h7h5
26,EulerE,makeitquick69,1169,1124,2N3k1/5p2/1pK5/7p/8/6P1/Pr5p/7R b - - 1 31,a7c8
26,EulerE,makeitquick69,1169,1124,2N3k1/5p2/1pK5/7p/8/6P1/P1r4p/7R w - - 2 32,b2c2
26,EulerE,makeitquick69,1169,1124,2N3k1/1K3p2/1p6/7p/8/6P1/P1r4p/7R b - - 3 32,c6b7
26,EulerE,makeitquick69,1169,1124,2N3k1/1K6/1p6/5p1p/8/6P1/P1r4p/7R w - - 0 33,f7f5
26,EulerE,makeitquick69,1169,1124,6k1/1K6/1p1N4/5p1p/8/6P1/P1r4p/7R b - - 1 33,c8d6
26,EulerE,makeitquick69,1169,1124,6k1/1K6/1p1N4/5p1p/8/6P1/P4r1p/7R w - - 2 34,c2f2
26,EulerE,makeitquick69,1169,1124,6k1/8/1K1N4/5p1p/8/6P1/P4r1p/7R b - - 0 34,b7b6
26,EulerE,makeitquick69,1169,1124,8/6k1/1K1N4/5p1p/8/6P1/P4r1p/7R w - - 1 35,g8g7
26,EulerE,makeitquick69,1169,1124,8/6k1/1K1N4/5p1p/P7/6P1/5r1p/7R b - - 0 35,a2a4
26,EulerE,makeitquick69,1169,1124,8/8/1K1N2k1/5p1p/P7/6P1/5r1p/7R w - - 1 36,g7g6
26,EulerE,makeitquick69,1169,1124,8/8/1K1N2k1/P4p1p/8/6P1/5r1p/7R b - - 0 36,a4a5
26,EulerE,makeitquick69,1169,1124,8/8/1K1N2k1/P4p1p/8/6P1/6rp/7R w - - 1 37,f2g2
26,EulerE,makeitquick69,1169,1124,8/8/PK1N2k1/5p1p/8/6P1/6rp/7R b - - 0 37,a5a6
26,EulerE,makeitquick69,1169,1124,8/8/PK1N4/5pkp/8/6P1/6rp/7R w - - 1 38,g6g5
26,EulerE,makeitquick69,1169,1124,8/P7/1K1N4/5pkp/8/6P1/6rp/7R b - - 0 38,a6a7
26,EulerE,makeitquick69,1169,1124,8/P7/1K1N4/5p1p/6k1/6P1/6rp/7R w - - 1 39,g5g4
26,EulerE,makeitquick69,1169,1124,Q7/8/1K1N4/5p1p/6k1/6P1/6rp/7R b - - 0 39,a7a8q
26,EulerE,makeitquick69,1169,1124,Q7/8/1K1N4/5p1p/8/6k1/6rp/7R w - - 0 40,g4g3
26,EulerE,makeitquick69,1169,1124,6Q1/8/1K1N4/5p1p/8/6k1/6rp/7R b - - 1 40,a8g8
26,EulerE,makeitquick69,1169,1124,6Q1/8/1K1N4/5p1p/8/5k2/6rp/7R w - - 2 41,g3f3
26,EulerE,makeitquick69,1169,1124,Q7/8/1K1N4/5p1p/8/5k2/6rp/7R b - - 3 41,g8a8
26,EulerE,makeitquick69,1169,1124,Q7/8/1K1N4/5p1p/8/8/5krp/7R w - - 4 42,f3f2
26,EulerE,makeitquick69,1169,1124,Q7/8/1K1N4/5p1p/8/8/5krR/8 b - - 0 42,h1h2
26,EulerE,makeitquick69,1169,1124,Q7/8/1K1N4/5p1p/8/8/5k1r/8 w - - 0 43,g2h2
26,EulerE,makeitquick69,1169,1124,8/8/1K1N4/5p1p/8/8/Q4k1r/8 b - - 1 43,a8a2
26,EulerE,makeitquick69,1169,1124,8/8/1K1N4/5p1p/8/6k1/Q6r/8 w - - 2 44,f2g3
26,EulerE,makeitquick69,1169,1124,8/8/1K6/5N1p/8/6k1/Q6r/8 b - - 0 44,d6f5
26,EulerE,makeitquick69,1169,1124,8/8/1K6/5N1p/8/7k/Q6r/8 w - - 1 45,g3h3
26,EulerE,makeitquick69,1169,1124,8/8/1K6/5N1p/8/Q6k/7r/8 b - - 2 45,a2a3
26,EulerE,makeitquick69,1169,1124,8/8/1K6/5N1p/6k1/Q7/7r/8 w - - 3 46,h3g4
26,EulerE,makeitquick69,1169,1124,8/8/1K6/7p/6k1/Q3N3/7r/8 b - - 4 46,f5e3
26,EulerE,makeitquick69,1169,1124,8/8/1K6/7p/8/Q3N1k1/7r/8 w - - 5 47,g4g3
26,EulerE,makeitquick69,1169,1124,8/8/1K6/7p/8/Q5k1/7r/5N2 b - - 6 47,e3f1
26,EulerE,makeitquick69,1169,1124,8/8/1K6/7p/8/Q7/6kr/5N2 w - - 7 48,g3g2
26,EulerE,makeitquick69,1169,1124,8/8/1K6/7p/8/Q7/6kN/8 b - - 0 48,f1h2
26,EulerE,makeitquick69,1169,1124,8/8/1K6/7p/8/Q7/7k/8 w - - 0 49,g2h2
26,EulerE,makeitquick69,1169,1124,8/8/1K6/Q6p/8/8/7k/8 b - - 1 49,a3a5
26,EulerE,makeitquick69,1169,1124,8/8/1K6/Q7/7p/8/7k/8 w - - 0 50,h5h4
26,EulerE,makeitquick69,1169,1124,8/8/1K6/8/7p/8/3Q3k/8 b - - 1 50,a5d2
26,EulerE,makeitquick69,1169,1124,8/8/1K6/8/7p/6k1/3Q4/8 w - - 2 51,h2g3
26,EulerE,makeitquick69,1169,1124,8/8/1K6/8/7p/3Q2k1/8/8 b - - 3 51,d2d3
26,EulerE,makeitquick69,1169,1124,8/8/1K6/8/6kp/3Q4/8/8 w - - 4 52,g3g4
26,EulerE,makeitquick69,1169,1124,8/8/1K6/8/6kp/4Q3/8/8 b - - 5 52,d3e3
26,EulerE,makeitquick69,1169,1124,8/8/1K6/8/6k1/4Q2p/8/8 w - - 0 53,h4h3
26,EulerE,makeitquick69,1169,1124,8/8/8/2K5/6k1/4Q2p/8/8 b - - 1 53,b6c5
26,EulerE,makeitquick69,1169,1124,8/8/8/2K5/7k/4Q2p/8/8 w - - 2 54,g4h4
26,EulerE,makeitquick69,1169,1124,8/8/8/3K4/7k/4Q2p/8/8 b - - 3 54,c5d5
26,EulerE,makeitquick69,1169,1124,8/8/8/3K4/6k1/4Q2p/8/8 w - - 4 55,h4g4
26,EulerE,makeitquick69,1169,1124,8/8/8/4K3/6k1/4Q2p/8/8 b - - 5 55,d5e5
26,EulerE,makeitquick69,1169,1124,8/8/8/4K3/6k1/4Q3/7p/8 w - - 0 56,h3h2
26,EulerE,makeitquick69,1169,1124,8/8/8/4K3/5Qk1/8/7p/8 b - - 1 56,e3f4
26,EulerE,makeitquick69,1169,1124,8/8/8/4K3/5Q2/7k/7p/8 w - - 2 57,g4h3
26,EulerE,makeitquick69,1169,1124,8/8/8/4K3/8/5Q1k/7p/8 b - - 3 57,f4f3
26,EulerE,makeitquick69,1169,1124,8/8/8/4K3/7k/5Q2/7p/8 w - - 4 58,h3h4
26,EulerE,makeitquick69,1169,1124,8/8/8/4K3/7k/8/6Qp/8 b - - 5 58,f3g2
26,EulerE,makeitquick69,1169,1124,8/8/8/4K3/7k/8/6Q1/7q w - - 0 59,h2h1q
26,EulerE,makeitquick69,1169,1124,8/8/8/4K3/7k/8/8/7Q b - - 0 59,g2h1
26,EulerE,makeitquick69,1169,1124,8/8/8/4K1k1/8/8/8/7Q w - - 1 60,h4g5
26,EulerE,makeitquick69,1169,1124,8/8/8/4K1k1/8/5Q2/8/8 b - - 2 60,h1f3
26,EulerE,makeitquick69,1169,1124,8/8/7k/4K3/8/5Q2/8/8 w - - 3 61,g5h6
26,EulerE,makeitquick69,1169,1124,8/8/7k/4K3/6Q1/8/8/8 b - - 4 61,f3g4
26,EulerE,makeitquick69,1169,1124,8/7k/8/4K3/6Q1/8/8/8 w - - 5 62,h6h7
26,EulerE,makeitquick69,1169,1124,8/7k/8/4K1Q1/8/8/8/8 b - - 6 62,g4g5
26,EulerE,makeitquick69,1169,1124,7k/8/8/4K1Q1/8/8/8/8 w - - 7 63,h7h8
26,EulerE,makeitquick69,1169,1124,7k/8/5K2/6Q1/8/8/8/8 b - - 8 63,e5f6
26,EulerE,makeitquick69,1169,1124,8/7k/5K2/6Q1/8/8/8/8 w - - 9 64,h8h7
26,EulerE,makeitquick69,1169,1124,8/6Qk/5K2/8/8/8/8/8 b - - 10 64,g5g7
27,EulerE,dwiad,1178,1217,rnbqkbnr/pppppppp/8/8/3P4/8/PPP1PPPP/RNBQKBNR b KQkq - 0 1,d2d4
27,EulerE,dwiad,1178,1217,rnbqkbnr/pppppp1p/6p1/8/3P4/8/PPP1PPPP/RNBQKBNR w KQkq - 0 2,g7g6
27,EulerE,dwiad,1178,1217,rnbqkbnr/pppppp1p/6p1/8/3PP3/8/PPP2PPP/RNBQKBNR b KQkq - 0 2,e2e4
27,EulerE,dwiad,1178,1217,rnbqkbnr/p1pppp1p/1p4p1/8/3PP3/8/PPP2PPP/RNBQKBNR w KQkq - 0 3,b7b6
27,EulerE,dwiad,1178,1217,rnbqkbnr/p1pppp1p/1p4p1/8/3PPB2/8/PPP2PPP/RN1QKBNR b KQkq - 1 3,c1f4
27,EulerE,dwiad,1178,1217,rnbqk1nr/p1ppppbp/1p4p1/8/3PPB2/8/PPP2PPP/RN1QKBNR w KQkq - 2 4,f8g7
27,EulerE,dwiad,1178,1217,rnbqk1nr/p1ppppbp/1p4p1/8/3PPB2/2N5/PPP2PPP/R2QKBNR b KQkq - 3 4,b1c3
27,EulerE,dwiad,1178,1217,rn1qk1nr/pbppppbp/1p4p1/8/3PPB2/2N5/PPP2PPP/R2QKBNR w KQkq - 4 5,c8b7
27,EulerE,dwiad,1178,1217,rn1qk1nr/pbppppbp/1p4p1/8/3PPB2/2N2N2/PPP2PPP/R2QKB1R b KQkq - 5 5,g1f3
27,EulerE,dwiad,1178,1217,rn1qk1nr/pbpp1pbp/1p2p1p1/8/3PPB2/2N2N2/PPP2PPP/R2QKB1R w KQkq - 0 6,e7e6
27,EulerE,dwiad,1178,1217,rn1qk1nr/pbpp1pbp/1p2p1p1/4N3/3PPB2/2N5/PPP2PPP/R2QKB1R b KQkq - 1 6,f3e5
27,EulerE,dwiad,1178,1217,rn1qk1nr/1bpp1pbp/pp2p1p1/4N3/3PPB2/2N5/PPP2PPP/R2QKB1R w KQkq - 0 7,a7a6
27,EulerE,dwiad,1178,1217,rn1qk1nr/1bpp1pbp/pp2p1p1/4N3/2BPPB2/2N5/PPP2PPP/R2QK2R b KQkq - 1 7,f1c4
27,EulerE,dwiad,1178,1217,rn1qk1nr/1bpp1pbp/p3p1p1/1p2N3/2BPPB2/2N5/PPP2PPP/R2QK2R w KQkq - 0 8,b6b5
27,EulerE,dwiad,1178,1217,rn1qk1nr/1bpp1pbp/p3p1p1/1p2N3/3PPB2/2NB4/PPP2PPP/R2QK2R b KQkq - 1 8,c4d3
27,EulerE,dwiad,1178,1217,rn1qk2r/1bpp1pbp/p3p1pn/1p2N3/3PPB2/2NB4/PPP2PPP/R2QK2R w KQkq - 2 9,g8h6
27,EulerE,dwiad,1178,1217,rn1qk2r/1bpp1pbp/p3p1pn/1p2N3/3PPB2/2NB4/PPP2PPP/R2Q1RK1 b kq - 3 9,e1g1
27,EulerE,dwiad,1178,1217,rn1qk2r/1bpp1pbp/p3p1p1/1p2N3/3PPBn1/2NB4/PPP2PPP/R2Q1RK1 w kq - 4 10,h6g4
27,EulerE,dwiad,1178,1217,rn1qk2r/1bpp1pbp/p3p1p1/1p2N3/3PPBQ1/2NB4/PPP2PPP/R4RK1 b kq - 0 10,d1g4
27,EulerE,dwiad,1178,1217,rn1qk2r/1bpp1pbp/p3p1p1/4N3/1p1PPBQ1/2NB4/PPP2PPP/R4RK1 w kq - 0 11,b5b4
27,EulerE,dwiad,1178,1217,rn1qk2r/1bpp1pbp/p3p1p1/4N3/1p1PPBQ1/3B4/PPP1NPPP/R4RK1 b kq - 1 11,c3e2
27,EulerE,dwiad,1178,1217,rn1qk2r/1bpp1pbp/4p1p1/p3N3/1p1PPBQ1/3B4/PPP1NPPP/R4RK1 w kq - 0 12,a6a5
27,EulerE,dwiad,1178,1217,rn1qk2r/1bpp1pbp/4p1p1/p3N3/1p1PPBQ1/P2B4/1PP1NPPP/R4RK1 b kq - 0 12,a2a3
27,EulerE,dwiad,1178,1217,r2qk2r/1bpp1pbp/2n1p1p1/p3N3/1p1PPBQ1/P2B4/1PP1NPPP/R4RK1 w kq - 1 13,b8c6
27,EulerE,dwiad,1178,1217,r2qk2r/1bpp1pbp/2N1p1p1/p7/1p1PPBQ1/P2B4/1PP1NPPP/R4RK1 b kq - 0 13,e5c6
27,EulerE,dwiad,1178,1217,r2qk2r/1bp2pbp/2p1p1p1/p7/1p1PPBQ1/P2B4/1PP1NPPP/R4RK1 w kq - 0 14,d7c6
27,EulerE,dwiad,1178,1217,r2qk2r/1bp2pbp/2p1p1p1/p7/1P1PPBQ1/3B4/1PP1NPPP/R4RK1 b kq - 0 14,a3b4
27,EulerE,dwiad,1178,1217,r2qk2r/1bp2pbp/2p1p1p1/8/1p1PPBQ1/3B4/1PP1NPPP/R4RK1 w kq - 0 15,a5b4
27,EulerE,dwiad,1178,1217,R2qk2r/1bp2pbp/2p1p1p1/8/1p1PPBQ1/3B4/1PP1NPPP/5RK1 b k - 0 15,a1a8
27,EulerE,dwiad,1178,1217,b2qk2r/2p2pbp/2p1p1p1/8/1p1PPBQ1/3B4/1PP1NPPP/5RK1 w k - 0 16,b7a8
27,EulerE,dwiad,1178,1217,b2qk2r/2p2pbp/2p1p1p1/8/1p1PPBQ1/3B4/1PP1NPPP/1R4K1 b k - 1 16,f1b1
27,EulerE,dwiad,1178,1217,b2qk2r/2p2p1p/2p1p1p1/8/1p1bPBQ1/3B4/1PP1NPPP/1R4K1 w k - 0 17,g7d4
27,EulerE,dwiad,1178,1217,b2qk2r/2p2p1p/2p1p1p1/8/1p1NPBQ1/3B4/1PP2PPP/1R4K1 b k - 0 17,e2d4
27,EulerE,dwiad,1178,1217,b3k2r/2p2p1p/2p1p1p1/8/1p1qPBQ1/3B4/1PP2PPP/1R4K1 w k - 0 18,d8d4
27,EulerE,dwiad,1178,1217,b3k2r/2p2p1p/2p1p1p1/6Q1/1p1qPB2/3B4/1PP2PPP/1R4K1 b k - 1 18,g4g5
27,EulerE,dwiad,1178,1217,b4rk1/2p2p1p/2p1p1p1/6Q1/1p1qPB2/3B4/1PP2PPP/1R4K1 w - - 2 19,e8g8
27,EulerE,dwiad,1178,1217,b4rk1/2B2p1p/2p1p1p1/6Q1/1p1qP3/3B4/1PP2PPP/1R4K1 b - - 0 19,f4c7
27,EulerE,dwiad,1178,1217,b4rk1/2B2p1p/4p1p1/2p3Q1/1p1qP3/3B4/1PP2PPP/1R4K1 w - - 0 20,c6c5
27,EulerE,dwiad,1178,1217,b4rk1/5p1p/4p1p1/2p1B1Q1/1p1qP3/3B4/1PP2PPP/1R4K1 b - - 1 20,c7e5
27,EulerE,dwiad,1178,1217,b4rk1/3q1p1p/4p1p1/2p1B1Q1/1p2P3/3B4/1PP2PPP/1R4K1 w - - 2 21,d4d7
27,EulerE,dwiad,1178,1217,b4rk1/3q1p1p/4pQp1/2p1B3/1p2P3/3B4/1PP2PPP/1R4K1 b - - 3 21,g5f6
28,EulerE,sonyongol,1186,1113,rnbqkbnr/pppppppp/8/8/3P4/8/PPP1PPPP/RNBQKBNR b KQkq - 0 1,d2d4
28,EulerE,sonyongol,1186,1113,rnbqkbnr/ppp1pppp/8/3p4/3P4/8/PPP1PPPP/RNBQKBNR w KQkq - 0 2,d7d5
28,EulerE,sonyongol,1186,1113,rnbqkbnr/ppp1pppp/8/3p4/2PP4/8/PP2PPPP/RNBQKBNR b KQkq - 0 2,c2c4
28,EulerE,sonyongol,1186,1113,rnbqkbnr/ppp1pppp/8/8/2pP4/8/PP2PPPP/RNBQKBNR w KQkq - 0 3,d5c4
28,EulerE,sonyongol,1186,1113,rnbqkbnr/ppp1pppp/8/8/2pPP3/8/PP3PPP/RNBQKBNR b KQkq - 0 3,e2e4
28,EulerE,sonyongol,1186,1113,rnbqkbnr/p1p1pppp/8/1p6/2pPP3/8/PP3PPP/RNBQKBNR w KQkq - 0 4,b7b5
28,EulerE,sonyongol,1186,1113,rnbqkbnr/p1p1pppp/8/1p6/P1pPP3/8/1P3PPP/RNBQKBNR b KQkq - 0 4,a2a4
28,EulerE,sonyongol,1186,1113,rnbqkbnr/p1p1pppp/8/8/PppPP3/8/1P3PPP/RNBQKBNR w KQkq - 0 5,b5b4
28,EulerE,sonyongol,1186,1113,rnbqkbnr/p1p1pppp/8/8/PpBPP3/8/1P3PPP/RNBQK1NR b KQkq - 0 5,f1c4
28,EulerE,sonyongol,1186,1113,rnbqkb1r/p1p1pppp/5n2/8/PpBPP3/8/1P3PPP/RNBQK1NR w KQkq - 1 6,g8f6
28,EulerE,sonyongol,1186,1113,rnbqkb1r/p1p1pppp/5n2/8/PpBPP3/5P2/1P4PP/RNBQK1NR b KQkq - 0 6,f2f3
28,EulerE,sonyongol,1186,1113,rn1qkb1r/p1pbpppp/5n2/8/PpBPP3/5P2/1P4PP/RNBQK1NR w KQkq - 1 7,c8d7
28,EulerE,sonyongol,1186,1113,rn1qkb1r/p1pbpppp/5n2/8/PpBPP3/5P2/1P2N1PP/RNBQK2R b KQkq - 2 7,g1e2
28,EulerE,sonyongol,1186,1113,r2qkb1r/p1pbpppp/2n2n2/8/PpBPP3/5P2/1P2N1PP/RNBQK2R w KQkq - 3 8,b8c6
28,EulerE,sonyongol,1186,1113,r2qkb1r/p1pbpppp/2n2n2/8/PpBPP3/5P2/1P2N1PP/RNBQ1RK1 b kq - 4 8,e1g1
28,EulerE,sonyongol,1186,1113,r2qkb1r/p1pb1ppp/2n1pn2/8/PpBPP3/5P2/1P2N1PP/RNBQ1RK1 w kq - 0 9,e7e6
28,EulerE,sonyongol,1186,1113,r2qkb1r/p1pb1ppp/2n1pn2/6B1/PpBPP3/5P2/1P2N1PP/RN1Q1RK1 b kq - 1 9,c1g5
28,EulerE,sonyongol,1186,1113,r2qk2r/p1pbbppp/2n1pn2/6B1/PpBPP3/5P2/1P2N1PP/RN1Q1RK1 w kq - 2 10,f8e7
28,EulerE,sonyongol,1186,1113,r2qk2r/p1pbbppp/2n1pn2/8/PpBPP3/5P2/1P1BN1PP/RN1Q1RK1 b kq - 3 10,g5d2
28,EulerE,sonyongol,1186,1113,r2q1rk1/p1pbbppp/2n1pn2/8/PpBPP3/5P2/1P1BN1PP/RN1Q1RK1 w - - 4 11,e8g8
28,EulerE,sonyongol,1186,1113,r2q1rk1/p1pbbppp/2n1pn2/1B6/Pp1PP3/5P2/1P1BN1PP/RN1Q1RK1 b - - 5 11,c4b5
28,EulerE,sonyongol,1186,1113,r2q1rk1/2pbbppp/p1n1pn2/1B6/Pp1PP3/5P2/1P1BN1PP/RN1Q1RK1 w - - 0 12,a7a6
28,EulerE,sonyongol,1186,1113,r2q1rk1/2pbbppp/p1B1pn2/8/Pp1PP3/5P2/1P1BN1PP/RN1Q1RK1 b - - 0 12,b5c6
28,EulerE,sonyongol,1186,1113,r2q1rk1/2p1bppp/p1b1pn2/8/Pp1PP3/5P2/1P1BN1PP/RN1Q1RK1 w - - 0 13,d7c6
28,EulerE,sonyongol,1186,1113,r2q1rk1/2p1bppp/p1b1pn2/8/Pp1PP3/5P2/1PQBN1PP/RN3RK1 b - - 1 13,d1c2
28,EulerE,sonyongol,1186,1113,r4rk1/2pqbppp/p1b1pn2/8/Pp1PP3/5P2/1PQBN1PP/RN3RK1 w - - 2 14,d8d7
28,EulerE,sonyongol,1186,1113,r4rk1/2pqbppp/p1b1pn2/4P3/Pp1P4/5P2/1PQBN1PP/RN3RK1 b - - 0 14,e4e5
28,EulerE,sonyongol,1186,1113,r4rk1/2pqbppp/p1b1p3/3nP3/Pp1P4/5P2/1PQBN1PP/RN3RK1 w - - 1 15,f6d5
28,EulerE,sonyongol,1186,1113,r4rk1/2pqbppp/p1b1p3/3nP3/Pp1P4/5P2/1PQ1N1PP/RN2BRK1 b - - 2 15,d2e1
28,EulerE,sonyongol,1186,1113,1r3rk1/2pqbppp/p1b1p3/3nP3/Pp1P4/5P2/1PQ1N1PP/RN2BRK1 w - - 3 16,a8b8
28,EulerE,sonyongol,1186,1113,1r3rk1/2pqbppp/p1b1p3/3nP3/Pp1P4/5P2/1PQ1NBPP/RN3RK1 b - - 4 16,e1f2
28,EulerE,sonyongol,1186,1113,1r3rk1/2pqbppp/p1b1p3/3nP3/P2P4/1p3P2/1PQ1NBPP/RN3RK1 w - - 0 17,b4b3
28,EulerE,sonyongol,1186,1113,1r3rk1/2pqbppp/p1b1p3/3nP3/P2P4/1p1Q1P2/1P2NBPP/RN3RK1 b - - 1 17,c2d3
28,EulerE,sonyongol,1186,1113,1r3rk1/2pqbppp/2b1p3/p2nP3/P2P4/1p1Q1P2/1P2NBPP/RN3RK1 w - - 0 18,a6a5
28,EulerE,sonyongol,1186,1113,1r3rk1/2pqbppp/2b1p3/p2nP3/P2P4/1p1Q1P2/1P1NNBPP/R4RK1 b - - 1 18,b1d2
28,EulerE,sonyongol,1186,1113,1r3rk1/2pqbppp/2b1p3/p3P3/Pn1P4/1p1Q1P2/1P1NNBPP/R4RK1 w - - 2 19,d5b4
28,EulerE,sonyongol,1186,1113,1r3rk1/2pqbppp/2b1p3/p3P3/PnQP4/1p3P2/1P1NNBPP/R4RK1 b - - 3 19,d3c4
28,EulerE,sonyongol,1186,1113,1r3rk1/2pqbppp/4p3/p2bP3/PnQP4/1p3P2/1P1NNBPP/R4RK1 w - - 4 20,c6d5
28,EulerE,sonyongol,1186,1113,1r3rk1/2pqbppp/4p3/p2bP3/Pn1P4/1pQ2P2/1P1NNBPP/R4RK1 b - - 5 20,c4c3
28,EulerE,sonyongol,1186,1113,1r3rk1/2pqbppp/4p3/p2bP3/P2P4/1pQ2P2/1PnNNBPP/R4RK1 w - - 6 21,b4c2
28,EulerE,sonyongol,1186,1113,1r3rk1/2pqbppp/4p3/Q2bP3/P2P4/1p3P2/1PnNNBPP/R4RK1 b - - 0 21,c3a5
28,EulerE,sonyongol,1186,1113,1r3rk1/2pqbppp/4p3/Q2bP3/P2P4/1p3P2/1P1NNBPP/n4RK1 w - - 0 22,c2a1
28,EulerE,sonyongol,1186,1113,1r3rk1/2pqbppp/4p3/Q2bP3/P2P4/1p3P2/1P1NNBPP/R5K1 b - - 0 22,f1a1
28,EulerE,sonyongol,1186,1113,r4rk1/2pqbppp/4p3/Q2bP3/P2P4/1p3P2/1P1NNBPP/R5K1 w - - 1 23,b8a8
28,EulerE,sonyongol,1186,1113,r4rk1/2pqbppp/4p3/3bP3/P2P4/1pQ2P2/1P1NNBPP/R5K1 b - - 2 23,a5c3
28,EulerE,sonyongol,1186,1113,5rk1/2pqbppp/4p3/3bP3/r2P4/1pQ2P2/1P1NNBPP/R5K1 w - - 0 24,a8a4
28,EulerE,sonyongol,1186,1113,5rk1/2pqbppp/4p3/3bP3/R2P4/1pQ2P2/1P1NNBPP/6K1 b - - 0 24,a1a4
28,EulerE,sonyongol,1186,1113,5rk1/2p1bppp/4p3/3bP3/q2P4/1pQ2P2/1P1NNBPP/6K1 w - - 0 25,d7a4
28,EulerE,sonyongol,1186,1113,5rk1/2Q1bppp/4p3/3bP3/q2P4/1p3P2/1P1NNBPP/6K1 b - - 0 25,c3c7
28,EulerE,sonyongol,1186,1113,5rk1/2Q1bppp/4p3/3bP3/3P4/1p3P2/1P1NNBPP/q5K1 w - - 1 26,a4a1
28,EulerE,sonyongol,1186,1113,5rk1/2Q1bppp/4p3/3bP3/3P4/1p3P2/1P2NBPP/q4NK1 b - - 2 26,d2f1
28,EulerE,sonyongol,1186,1113,4r1k1/2Q1bppp/4p3/3bP3/3P4/1p3P2/1P2NBPP/q4NK1 w - - 3 27,f8e8
28,EulerE,sonyongol,1186,1113,4r1k1/4bppp/4p3/3bP3/3P4/1pQ2P2/1P2NBPP/q4NK1 b - - 4 27,c7c3
28,EulerE,sonyongol,1186,1113,4r1k1/4bppp/4p3/3bP3/3P4/1pQ2P2/1P2NBPP/3q1NK1 w - - 5 28,a1d1
28,EulerE,sonyongol,1186,1113,4r1k1/4bppp/4p3/3bP3/3P1N2/1pQ2P2/1P3BPP/3q1NK1 b - - 6 28,e2f4
28,EulerE,sonyongol,1186,1113,4r1k1/4bppp/4p3/4P3/3P1N2/1pQ2b2/1P3BPP/3q1NK1 w - - 0 29,d5f3
28,EulerE,sonyongol,1186,1113,4r1k1/4bppp/4p3/4P3/3P1N2/1pQ2P2/1P3B1P/3q1NK1 b - - 0 29,g2f3
28,EulerE,sonyongol,1186,1113,4r1k1/4bppp/4p3/4P3/3P1N2/1pQ2q2/1P3B1P/5NK1 w - - 0 30,d1f3
28,EulerE,sonyongol,1186,1113,4r1k1/4bppp/4p3/4P3/3P1N2/1p3Q2/1P3B1P/5NK1 b - - 0 30,c3f3
29,EulerE,Syawal28Fegi,1196,1256,rnbqkbnr/pppppppp/8/8/3P4/8/PPP1PPPP/RNBQKBNR b KQkq - 0 1,d2d4
29,EulerE,Syawal28Fegi,1196,1256,rnbqkbnr/pppp1ppp/4p3/8/3P4/8/PPP1PPPP/RNBQKBNR w KQkq - 0 2,e7e6
29,EulerE,Syawal28Fegi,1196,1256,rnbqkbnr/pppp1ppp/4p3/8/2PP4/8/PP2PPPP/RNBQKBNR b KQkq - 0 2,c2c4
29,EulerE,Syawal28Fegi,1196,1256,rnbqkbnr/pp1p1ppp/4p3/2p5/2PP4/8/PP2PPPP/RNBQKBNR w KQkq - 0 3,c7c5
29,EulerE,Syawal28Fegi,1196,1256,rnbqkbnr/pp1p1ppp/4p3/2p5/2PP4/5N2/PP2PPPP/RNBQKB1R b KQkq - 1 3,g1f3
29,EulerE,Syawal28Fegi,1196,1256,rnbqkbnr/pp1p2pp/4pp2/2p5/2PP4/5N2/PP2PPPP/RNBQKB1R w KQkq - 0 4,f7f6
29,EulerE,Syawal28Fegi,1196,1256,rnbqkbnr/pp1p2pp/4pp2/2p5/2PP4/2N2N2/PP2PPPP/R1BQKB1R b KQkq - 1 4,b1c3
29,EulerE,Syawal28Fegi,1196,1256,rnbqkbnr/1p1p2pp/p3pp2/2p5/2PP4/2N2N2/PP2PPPP/R1BQKB1R w KQkq - 0 5,a7a6
29,EulerE,Syawal28Fegi,1196,1256,rnbqkbnr/1p1p2pp/p3pp2/2p5/2PP1B2/2N2N2/PP2PPPP/R2QKB1R b KQkq - 1 5,c1f4
29,EulerE,Syawal28Fegi,1196,1256,rnbqkb1r/1p1pn1pp/p3pp2/2p5/2PP1B2/2N2N2/PP2PPPP/R2QKB1R w KQkq - 2 6,g8e7
29,EulerE,Syawal28Fegi,1196,1256,rnbqkb1r/1p1pn1pp/p3pp2/2p5/2PP1B2/2N1PN2/PP3PPP/R2QKB1R b KQkq - 0 6,e2e3
30,ericCarl3,EulerE,1090,1202,rnbqkbnr/pppppppp/8/8/3P4/8/PPP1PPPP/RNBQKBNR b KQkq - 0 1,d2d4
30,ericCarl3,EulerE,1090,1202,rnbqkbnr/ppp1pppp/8/3p4/3P4/8/PPP1PPPP/RNBQKBNR w KQkq - 0 2,d7d5
30,ericCarl3,EulerE,1090,1202,rnbqkbnr/ppp1pppp/8/3p4/3P1B2/8/PPP1PPPP/RN1QKBNR b KQkq - 1 2,c1f4
30,ericCarl3,EulerE,1090,1202,rnbqkb1r/ppp1pppp/5n2/3p4/3P1B2/8/PPP1PPPP/RN1QKBNR w KQkq - 2 3,g8f6
30,ericCarl3,EulerE,1090,1202,rnbqkb1r/ppp1pppp/5n2/3p4/3P1B2/5N2/PPP1PPPP/RN1QKB1R b KQkq - 3 3,g1f3
30,ericCarl3,EulerE,1090,1202,rn1qkb1r/ppp1pppp/5n2/3p1b2/3P1B2/5N2/PPP1PPPP/RN1QKB1R w KQkq - 4 4,c8f5
30,ericCarl3,EulerE,1090,1202,rn1qkb1r/ppp1pppp/5n2/3p1b2/3P1B2/4PN2/PPP2PPP/RN1QKB1R b KQkq - 0 4,e2e3
30,ericCarl3,EulerE,1090,1202,rn1qkb1r/ppp2ppp/4pn2/3p1b2/3P1B2/4PN2/PPP2PPP/RN1QKB1R w KQkq - 0 5,e7e6
30,ericCarl3,EulerE,1090,1202,rn1qkb1r/ppp2ppp/4pn2/3p1b2/3P1B2/3BPN2/PPP2PPP/RN1QK2R b KQkq - 1 5,f1d3
30,ericCarl3,EulerE,1090,1202,rn1qkb1r/ppp2ppp/4pnb1/3p4/3P1B2/3BPN2/PPP2PPP/RN1QK2R w KQkq - 2 6,f5g6
30,ericCarl3,EulerE,1090,1202,rn1qkb1r/ppp2ppp/4pnb1/3p4/3P1B1N/3BP3/PPP2PPP/RN1QK2R b KQkq - 3 6,f3h4
30,ericCarl3,EulerE,1090,1202,rn1qk2r/ppp2ppp/3bpnb1/3p4/3P1B1N/3BP3/PPP2PPP/RN1QK2R w KQkq - 4 7,f8d6
30,ericCarl3,EulerE,1090,1202,rn1qk2r/ppp2ppp/3bpnb1/3p4/3P3N/3BP1B1/PPP2PPP/RN1QK2R b KQkq - 5 7,f4g3
30,ericCarl3,EulerE,1090,1202,rn1qk2r/ppp2ppp/3bp1b1/3p4/3Pn2N/3BP1B1/PPP2PPP/RN1QK2R w KQkq - 6 8,f6e4
30,ericCarl3,EulerE,1090,1202,rn1qk2r/ppp2ppp/3bp1b1/3p4/3PB2N/4P1B1/PPP2PPP/RN1QK2R b KQkq - 0 8,d3e4
30,ericCarl3,EulerE,1090,1202,rn1qk2r/ppp2ppp/3bp3/3p4/3Pb2N/4P1B1/PPP2PPP/RN1QK2R w KQkq - 0 9,g6e4
30,ericCarl3,EulerE,1090,1202,rn1qk2r/ppp2ppp/3bp3/3p4/3Pb2N/2N1P1B1/PPP2PPP/R2QK2R b KQkq - 1 9,b1c3
30,ericCarl3,EulerE,1090,1202,r2qk2r/ppp2ppp/2nbp3/3p4/3Pb2N/2N1P1B1/PPP2PPP/R2QK2R w KQkq - 2 10,b8c6
30,ericCarl3,EulerE,1090,1202,r2qk2r/ppp2ppp/2nbp3/3p4/3PN2N/4P1B1/PPP2PPP/R2QK2R b KQkq - 0 10,c3e4
30,ericCarl3,EulerE,1090,1202,r2qk2r/ppp2ppp/2nbp3/8/3Pp2N/4P1B1/PPP2PPP/R2QK2R w KQkq - 0 11,d5e4
30,ericCarl3,EulerE,1090,1202,r2qk2r/ppp2ppp/2nbp3/8/3Pp1QN/4P1B1/PPP2PPP/R3K2R b KQkq - 1 11,d1g4
30,ericCarl3,EulerE,1090,1202,r2q1rk1/ppp2ppp/2nbp3/8/3Pp1QN/4P1B1/PPP2PPP/R3K2R w KQ - 2 12,e8g8
30,ericCarl3,EulerE,1090,1202,r2q1rk1/ppp2ppp/2nbp3/8/3PQ2N/4P1B1/PPP2PPP/R3K2R b KQ - 0 12,g4e4
30,ericCarl3,EulerE,1090,1202,r2q1rk1/ppp2ppp/2n1p3/8/3PQ2N/4P1b1/PPP2PPP/R3K2R w KQ - 0 13,d6g3
30,ericCarl3,EulerE,1090,1202,r2q1rk1/ppp2ppp/2n1p3/8/3PQ2N/4P1P1/PPP2PP1/R3K2R b KQ - 0 13,h2g3
30,ericCarl3,EulerE,1090,1202,r2q1rk1/ppp2ppp/4p3/8/1n1PQ2N/4P1P1/PPP2PP1/R3K2R w KQ - 1 14,c6b4
30,ericCarl3,EulerE,1090,1202,r2q1rk1/ppp2ppp/4p3/8/1n1PQ2N/4P1P1/PPP2PP1/2KR3R b - - 2 14,e1c1
30,ericCarl3,EulerE,1090,1202,r2q1rk1/ppp2ppp/4p3/8/3PQ2N/4P1P1/nPP2PP1/2KR3R w - - 0 15,b4a2
30,ericCarl3,EulerE,1090,1202,r2q1rk1/ppp2ppp/4p3/8/3PQ2N/4P1P1/nPP2PP1/1K1R3R b - - 1 15,c1b1
30,ericCarl3,EulerE,1090,1202,r2q1rk1/ppp2ppp/4p3/8/1n1PQ2N/4P1P1/1PP2PP1/1K1R3R w - - 2 16,a2b4
30,ericCarl3,EulerE,1090,1202,r2q1rk1/ppp2ppp/4p3/8/1n1PQ3/4PNP1/1PP2PP1/1K1R3R b - - 3 16,h4f3
30,ericCarl3,EulerE,1090,1202,r2q1rk1/ppp3pp/4p3/5p2/1n1PQ3/4PNP1/1PP2PP1/1K1R3R w - - 0 17,f7f5
30,ericCarl3,EulerE,1090,1202,r2q1rk1/ppp3pp/4p3/5p2/1n1P1Q2/4PNP1/1PP2PP1/1K1R3R b - - 1 17,e4f4
30,ericCarl3,EulerE,1090,1202,r4rk1/ppp3pp/4p3/3q1p2/1n1P1Q2/4PNP1/1PP2PP1/1K1R3R w - - 2 18,d8d5
30,ericCarl3,EulerE,1090,1202,r4rk1/ppp3pp/4p3/3q1p2/1n1P1Q2/1P2PNP1/2P2PP1/1K1R3R b - - 0 18,b2b3
30,ericCarl3,EulerE,1090,1202,r4rk1/ppp3pp/4p3/q4p2/1n1P1Q2/1P2PNP1/2P2PP1/1K1R3R w - - 1 19,d5a5
30,ericCarl3,EulerE,1090,1202,r4rk1/ppp3pp/4p3/q4p2/1n1P1Q2/1P2PNP1/2P2PP1/2KR3R b - - 2 19,b1c1
30,ericCarl3,EulerE,1090,1202,r4rk1/ppp3pp/4p3/q4p2/3P1Q2/1P2PNP1/n1P2PP1/2KR3R w - - 3 20,b4a2
30,ericCarl3,EulerE,1090,1202,r4rk1/ppp3pp/4p3/q4p2/3P1Q2/1P2PNP1/nKP2PP1/3R3R b - - 4 20,c1b2
30,ericCarl3,EulerE,1090,1202,r4rk1/ppp3pp/4p3/q4p2/1n1P1Q2/1P2PNP1/1KP2PP1/3R3R w - - 5 21,a2b4
30,ericCarl3,EulerE,1090,1202,r4rk1/ppp3pp/4p3/q4p2/1n1P1Q2/1P2PNP1/1KP2PP1/R6R b - - 6 21,d1a1
30,ericCarl3,EulerE,1090,1202,r4rk1/ppp3pp/1q2p3/5p2/1n1P1Q2/1P2PNP1/1KP2PP1/R6R w - - 7 22,a5b6
30,ericCarl3,EulerE,1090,1202,r4rk1/ppp3pp/1q2p3/5p2/1n1P3Q/1P2PNP1/1KP2PP1/R6R b - - 8 22,f4h4
30,ericCarl3,EulerE,1090,1202,r4rk1/ppp3p1/1q2p2p/5p2/1n1P3Q/1P2PNP1/1KP2PP1/R6R w - - 0 23,h7h6
30,ericCarl3,EulerE,1090,1202,r4rk1/ppp3p1/1q2p2p/5pN1/1n1P3Q/1P2P1P1/1KP2PP1/R6R b - - 1 23,f3g5
30,ericCarl3,EulerE,1090,1202,r4rk1/ppp3p1/2q1p2p/5pN1/1n1P3Q/1P2P1P1/1KP2PP1/R6R w - - 2 24,b6c6
30,ericCarl3,EulerE,1090,1202,r4rk1/ppp3p1/2q1p2p/5pN1/1n1P3Q/1P2P1P1/1KP2PP1/2R4R b - - 3 24,a1c1
30,ericCarl3,EulerE,1090,1202,r4rk1/ppp3p1/2q1p3/5pp1/1n1P3Q/1P2P1P1/1KP2PP1/2R4R w - - 0 25,h6g5
30,ericCarl3,EulerE,1090,1202,r4rk1/ppp3pQ/2q1p3/5pp1/1n1P4/1P2P1P1/1KP2PP1/2R4R b - - 1 25,h4h7
30,ericCarl3,EulerE,1090,1202,r4r2/ppp2kpQ/2q1p3/5pp1/1n1P4/1P2P1P1/1KP2PP1/2R4R w - - 2 26,g8f7
30,ericCarl3,EulerE,1090,1202,r4r2/ppp2kp1/2q1p3/5ppQ/1n1P4/1P2P1P1/1KP2PP1/2R4R b - - 3 26,h7h5
30,ericCarl3,EulerE,1090,1202,r4r2/ppp1k1p1/2q1p3/5ppQ/1n1P4/1P2P1P1/1KP2PP1/2R4R w - - 4 27,f7e7
30,ericCarl3,EulerE,1090,1202,r4r2/ppp1k1p1/2q1p3/5pQ1/1n1P4/1P2P1P1/1KP2PP1/2R4R b - - 0 27,h5g5
30,ericCarl3,EulerE,1090,1202,r4r2/ppp3p1/2qkp3/5pQ1/1n1P4/1P2P1P1/1KP2PP1/2R4R w - - 1 28,e7d6
30,ericCarl3,EulerE,1090,1202,r4r2/ppp3Q1/2qkp3/5p2/1n1P4/1P2P1P1/1KP2PP1/2R4R b - - 0 28,g5g7
30,ericCarl3,EulerE,1090,1202,r4r2/ppp3Q1/3kp3/5p2/1n1P4/1P2P1P1/1KP2Pq1/2R4R w - - 0 29,c6g2
30,ericCarl3,EulerE,1090,1202,r4r2/ppp3QR/3kp3/5p2/1n1P4/1P2P1P1/1KP2Pq1/2R5 b - - 1 29,h1h7
30,ericCarl3,EulerE,1090,1202,r4r2/ppp3QR/2qkp3/5p2/1n1P4/1P2P1P1/1KP2P2/2R5 w - - 2 30,g2c6
30,ericCarl3,EulerE,1090,1202,r4r2/ppp1Q2R/2qkp3/5p2/1n1P4/1P2P1P1/1KP2P2/2R5 b - - 3 30,g7e7
30,ericCarl3,EulerE,1090,1202,r4r2/ppp1Q2R/2q1p3/3k1p2/1n1P4/1P2P1P1/1KP2P2/2R5 w - - 4 31,d6d5
30,ericCarl3,EulerE,1090,1202,r4r2/ppp1Q2R/2q1p3/3k1p2/1nPP4/1P2P1P1/1K3P2/2R5 b - - 0 31,c2c4
30,ericCarl3,EulerE,1090,1202,r4r2/ppp1Q2R/2q1p3/5p2/1nPPk3/1P2P1P1/1K3P2/2R5 w - - 1 32,d5e4
30,ericCarl3,EulerE,1090,1202,r4r2/ppp4R/2q1p3/5p2/1nPPk2Q/1P2P1P1/1K3P2/2R5 b - - 2 32,e7h4
30,ericCarl3,EulerE,1090,1202,r4r2/ppp4R/2q1p3/5p2/1nPP3Q/1P2PkP1/1K3P2/2R5 w - - 3 33,e4f3
30,ericCarl3,EulerE,1090,1202,r4r2/ppp4R/2q1p3/5p2/1nPP1Q2/1P2PkP1/1K3P2/2R5 b - - 4 33,h4f4
30,ericCarl3,EulerE,1090,1202,r4r2/ppp4R/2q1p3/5p2/1nPP1Q2/1P2P1P1/1K2kP2/2R5 w - - 5 34,f3e2
30,ericCarl3,EulerE,1090,1202,r4r2/ppp5/2q1p3/5p2/1nPP1Q2/1P2P1P1/1K2kP2/2R4R b - - 6 34,h7h1
30,ericCarl3,EulerE,1090,1202,r4r2/ppp5/2q1p3/5p2/2PP1Q2/1P1nP1P1/1K2kP2/2R4R w - - 7 35,b4d3
30,ericCarl3,EulerE,1090,1202,r4r2/ppp5/2q1p3/5p2/2PP1Q2/1P1nP1P1/2K1kP2/2R4R b - - 8 35,b2c2
30,ericCarl3,EulerE,1090,1202,r4r2/ppp5/2q1p3/5p2/2PP1n2/1P2P1P1/2K1kP2/2R4R w - - 0 36,d3f4
30,ericCarl3,EulerE,1090,1202,r4r2/ppp5/2q1p3/5p2/2PP1n2/1P2P1P1/2K1kP2/4R2R b - - 1 36,c1e1
30,ericCarl3,EulerE,1090,1202,r4r2/ppp5/2q1p3/5p2/2PP1n2/1P2PkP1/2K2P2/4R2R w - - 2 37,e2f3
30,ericCarl3,EulerE,1090,1202,r4r2/ppp5/2q1p3/5p2/2PP1P2/1P2Pk2/2K2P2/4R2R b - - 0 37,g3f4
30,ericCarl3,EulerE,1090,1202,r4r2/ppp5/4p3/5p2/2PPqP2/1P2Pk2/2K2P2/4R2R w - - 1 38,c6e4
30,ericCarl3,EulerE,1090,1202,r4r2/ppp5/4p3/5p2/2PPqP2/1PK1Pk2/5P2/4R2R b - - 2 38,c2c3
30,ericCarl3,EulerE,1090,1202,r6r/ppp5/4p3/5p2/2PPqP2/1PK1Pk2/5P2/4R2R w - - 3 39,f8h8
30,ericCarl3,EulerE,1090,1202,r6r/ppp5/4p3/5p2/2PPqP2/1PK1Pk2/5P2/4R1R1 b - - 4 39,h1g1
30,ericCarl3,EulerE,1090,1202,r6r/1pp5/4p3/p4p2/2PPqP2/1PK1Pk2/5P2/4R1R1 w - - 0 40,a7a5
30,ericCarl3,EulerE,1090,1202,r6r/1pp5/4p3/p4p2/2PPqP2/1PK1PkR1/5P2/4R3 b - - 1 40,g1g3
30,ericCarl3,EulerE,1090,1202,r6r/1pp5/4p3/p4p2/2PPqP2/1PK1P1R1/5k2/4R3 w - - 0 41,f3f2
30,ericCarl3,EulerE,1090,1202,r6r/1pp5/4p3/p4p2/2PPqP2/1PK1P1R1/5k2/6R1 b - - 1 41,e1g1
30,ericCarl3,EulerE,1090,1202,r6r/1pp5/4p3/p4p2/2PP1P2/1PK1q1R1/5k2/6R1 w - - 0 42,e4e3
30,ericCarl3,EulerE,1090,1202,r6r/1pp5/4p3/p4p2/2PP1P2/1PK1R3/5k2/6R1 b - - 0 42,g3e3
30,ericCarl3,EulerE,1090,1202,r6r/1pp5/4p3/p4p2/2PP1P2/1PK1k3/8/6R1 w - - 0 43,f2e3
30,ericCarl3,EulerE,1090,1202,r6r/1pp5/4p3/p4p2/2PP1P2/1PK1k1R1/8/8 b - - 1 43,g1g3
30,ericCarl3,EulerE,1090,1202,r6r/1pp5/4p3/p4p2/2PP1k2/1PK3R1/8/8 w - - 0 44,e3f4
30,ericCarl3,EulerE,1090,1202,r6r/1pp5/4p3/p4p2/2PP1k2/1PKR4/8/8 b - - 1 44,g3d3
30,ericCarl3,EulerE,1090,1202,6rr/1pp5/4p3/p4p2/2PP1k2/1PKR4/8/8 w - - 2 45,a8g8
30,ericCarl3,EulerE,1090,1202,6rr/1pp5/4p3/p2P1p2/2P2k2/1PKR4/8/8 b - - 0 45,d4d5
30,ericCarl3,EulerE,1090,1202,7r/1pp5/4p3/p2P1p2/2P2k2/1PKR2r1/8/8 w - - 1 46,g8g3
30,ericCarl3,EulerE,1090,1202,7r/1pp5/4P3/p4p2/2P2k2/1PKR2r1/8/8 b - - 0 46,d5e6
30,ericCarl3,EulerE,1090,1202,7r/1pp5/4P3/p4p2/2P2k2/1PKr4/8/8 w - - 0 47,g3d3
30,ericCarl3,EulerE,1090,1202,7r/1pp5/4P3/p4p2/2P2k2/1P1K4/8/8 b - - 0 47,c3d3
30,ericCarl3,EulerE,1090,1202,4r3/1pp5/4P3/p4p2/2P2k2/1P1K4/8/8 w - - 1 48,h8e8
30,ericCarl3,EulerE,1090,1202,4r3/1pp5/4P3/p4p2/2PK1k2/1P6/8/8 b - - 2 48,d3d4
30,ericCarl3,EulerE,1090,1202,8/1pp5/4r3/p4p2/2PK1k2/1P6/8/8 w - - 0 49,e8e6
30,ericCarl3,EulerE,1090,1202,8/1pp5/4r3/p2K1p2/2P2k2/1P6/8/8 b - - 1 49,d4d5
30,ericCarl3,EulerE,1090,1202,8/1pp5/8/p2K1p2/2P2k2/1P2r3/8/8 w - - 2 50,e6e3
30,ericCarl3,EulerE,1090,1202,8/1pp5/8/p1PK1p2/5k2/1P2r3/8/8 b - - 0 50,c4c5
30,ericCarl3,EulerE,1090,1202,8/1pp5/8/p1PK1p2/5k2/1r6/8/8 w - - 0 51,e3b3
30,ericCarl3,EulerE,1090,1202,8/1pp5/2P5/p2K1p2/5k2/1r6/8/8 b - - 0 51,c5c6
30,ericCarl3,EulerE,1090,1202,8/2p5/2p5/p2K1p2/5k2/1r6/8/8 w - - 0 52,b7c6
30,ericCarl3,EulerE,1090,1202,8/2p5/2K5/p4p2/5k2/1r6/8/8 b - - 0 52,d5c6
30,ericCarl3,EulerE,1090,1202,8/2p5/2K5/5p2/p4k2/1r6/8/8 w - - 0 53,a5a4
30,ericCarl3,EulerE,1090,1202,8/2K5/8/5p2/p4k2/1r6/8/8 b - - 0 53,c6c7
30,ericCarl3,EulerE,1090,1202,8/2K5/8/5p2/5k2/pr6/8/8 w - - 0 54,a4a3
30,ericCarl3,EulerE,1090,1202,8/8/3K4/5p2/5k2/pr6/8/8 b - - 1 54,c7d6
30,ericCarl3,EulerE,1090,1202,8/8/3K4/5p2/5k2/1r6/p7/8 w - - 0 55,a3a2
30,ericCarl3,EulerE,1090,1202,8/8/4K3/5p2/5k2/1r6/p7/8 b - - 1 55,d6e6
30,ericCarl3,EulerE,1090,1202,8/8/4K3/5p2/5k2/1r6/8/q7 w - - 0 56,a2a1q
30,ericCarl3,EulerE,1090,1202,8/5K2/8/5p2/5k2/1r6/8/q7 b - - 1 56,e6f7
30,ericCarl3,EulerE,1090,1202,8/5K2/q7/5p2/5k2/1r6/8/8 w - - 2 57,a1a6
31,bt811,EulerE,1148,1209,rnbqkbnr/pppppppp/8/8/8/6P1/PPPPPP1P/RNBQKBNR b KQkq - 0 1,g2g3
31,bt811,EulerE,1148,1209,rnbqkbnr/ppp1pppp/8/3p4/8/6P1/PPPPPP1P/RNBQKBNR w KQkq - 0 2,d7d5
31,bt811,EulerE,1148,1209,rnbqkbnr/ppp1pppp/8/3p4/8/3P2P1/PPP1PP1P/RNBQKBNR b KQkq - 0 2,d2d3
31,bt811,EulerE,1148,1209,rnbqkbnr/ppp2ppp/8/3pp3/8/3P2P1/PPP1PP1P/RNBQKBNR w KQkq - 0 3,e7e5
31,bt811,EulerE,1148,1209,rnbqkbnr/ppp2ppp/8/3pp3/8/2NP2P1/PPP1PP1P/R1BQKBNR b KQkq - 1 3,b1c3
31,bt811,EulerE,1148,1209,rnbqkb1r/ppp2ppp/5n2/3pp3/8/2NP2P1/PPP1PP1P/R1BQKBNR w KQkq - 2 4,g8f6
31,bt811,EulerE,1148,1209,rnbqkb1r/ppp2ppp/5n2/3pp3/8/2NP2P1/PPP1PPBP/R1BQK1NR b KQkq - 3 4,f1g2
31,bt811,EulerE,1148,1209,rnbqk2r/ppp2ppp/5n2/2bpp3/8/2NP2P1/PPP1PPBP/R1BQK1NR w KQkq - 4 5,f8c5
31,bt811,EulerE,1148,1209,rnbqk2r/ppp2ppp/5n2/2bpp1B1/8/2NP2P1/PPP1PPBP/R2QK1NR b KQkq - 5 5,c1g5
31,bt811,EulerE,1148,1209,rnbqk2r/ppp2pp1/5n1p/2bpp1B1/8/2NP2P1/PPP1PPBP/R2QK1NR w KQkq - 0 6,h7h6
31,bt811,EulerE,1148,1209,rnbqk2r/ppp2pp1/5B1p/2bpp3/8/2NP2P1/PPP1PPBP/R2QK1NR b KQkq - 0 6,g5f6
31,bt811,EulerE,1148,1209,rnb1k2r/ppp2pp1/5q1p/2bpp3/8/2NP2P1/PPP1PPBP/R2QK1NR w KQkq - 0 7,d8f6
31,bt811,EulerE,1148,1209,rnb1k2r/ppp2pp1/5q1p/2bpp3/8/2NP1NP1/PPP1PPBP/R2QK2R b KQkq - 1 7,g1f3
31,bt811,EulerE,1148,1209,rn2k2r/ppp2pp1/4bq1p/2bpp3/8/2NP1NP1/PPP1PPBP/R2QK2R w KQkq - 2 8,c8e6
31,bt811,EulerE,1148,1209,rn2k2r/ppp2pp1/4bq1p/2bpp3/8/2NP1NP1/PPP1PPBP/R2Q1RK1 b kq - 3 8,e1g1
31,bt811,EulerE,1148,1209,rn3rk1/ppp2pp1/4bq1p/2bpp3/8/2NP1NP1/PPP1PPBP/R2Q1RK1 w - - 4 9,e8g8
31,bt811,EulerE,1148,1209,rn3rk1/ppp2pp1/4bq1p/1Nbpp3/8/3P1NP1/PPP1PPBP/R2Q1RK1 b - - 5 9,c3b5
31,bt811,EulerE,1148,1209,r4rk1/ppp2pp1/n3bq1p/1Nbpp3/8/3P1NP1/PPP1PPBP/R2Q1RK1 w - - 6 10,b8a6
31,bt811,EulerE,1148,1209,r4rk1/ppp2pp1/n3bq1p/1Nbpp3/2P5/3P1NP1/PP2PPBP/R2Q1RK1 b - - 0 10,c2c4
31,bt811,EulerE,1148,1209,r4rk1/ppp2pp1/n3bq1p/1Nb1p3/2p5/3P1NP1/PP2PPBP/R2Q1RK1 w - - 0 11,d5c4
31,bt811,EulerE,1148,1209,r4rk1/ppp2pp1/n3bq1p/1Nb1p3/2P5/5NP1/PP2PPBP/R2Q1RK1 b - - 0 11,d3c4
31,bt811,EulerE,1148,1209,r4rk1/ppp2pp1/n4q1p/1Nb1p3/2b5/5NP1/PP2PPBP/R2Q1RK1 w - - 0 12,e6c4
31,bt811,EulerE,1148,1209,r4rk1/ppp2pp1/n4q1p/2b1p3/2b5/2N2NP1/PP2PPBP/R2Q1RK1 b - - 1 12,b5c3
31,bt811,EulerE,1148,1209,3r1rk1/ppp2pp1/n4q1p/2b1p3/2b5/2N2NP1/PP2PPBP/R2Q1RK1 w - - 2 13,a8d8
31,bt811,EulerE,1148,1209,3r1rk1/ppp2pp1/n4q1p/2b1p3/2b5/2N2NP1/PP2PPBP/R1Q2RK1 b - - 3 13,d1c1
31,bt811,EulerE,1148,1209,3rr1k1/ppp2pp1/n4q1p/2b1p3/2b5/2N2NP1/PP2PPBP/R1Q2RK1 w - - 4 14,f8e8
31,bt811,EulerE,1148,1209,3rr1k1/ppp2pp1/n4q1p/2b1p3/2b5/2N3P1/PP1NPPBP/R1Q2RK1 b - - 5 14,f3d2
31,bt811,EulerE,1148,1209,3rr1k1/ppp2pp1/n4q1p/4p3/2bb4/2N3P1/PP1NPPBP/R1Q2RK1 w - - 6 15,c5d4
31,bt811,EulerE,1148,1209,3rr1k1/ppp2pp1/n4q1p/4p3/2Nb4/2N3P1/PP2PPBP/R1Q2RK1 b - - 0 15,d2c4
31,bt811,EulerE,1148,1209,3rr1k1/ppp2pp1/n4q1p/4p3/2N5/2b3P1/PP2PPBP/R1Q2RK1 w - - 0 16,d4c3
31,bt811,EulerE,1148,1209,3rr1k1/ppp2pp1/n4q1p/4p3/2N5/2Q3P1/PP2PPBP/R4RK1 b - - 0 16,c1c3
31,bt811,EulerE,1148,1209,3rr1k1/ppp2pp1/5q1p/2n1p3/2N5/2Q3P1/PP2PPBP/R4RK1 w - - 1 17,a6c5
31,bt811,EulerE,1148,1209,3rr1k1/ppp2pp1/5q1p/2n1N3/8/2Q3P1/PP2PPBP/R4RK1 b - - 0 17,c4e5
31,bt811,EulerE,1148,1209,3rr1k1/ppp2pp1/7p/2n1q3/8/2Q3P1/PP2PPBP/R4RK1 w - - 0 18,f6e5
31,bt811,EulerE,1148,1209,3rr1k1/pBp2pp1/7p/2n1q3/8/2Q3P1/PP2PP1P/R4RK1 b - - 0 18,g2b7
31,bt811,EulerE,1148,1209,3rr1k1/pBp2pp1/7p/2n5/8/2q3P1/PP2PP1P/R4RK1 w - - 0 19,e5c3
31,bt811,EulerE,1148,1209,3rr1k1/pBp2pp1/7p/2n5/8/2P3P1/P3PP1P/R4RK1 b - - 0 19,b2c3
31,bt811,EulerE,1148,1209,3rr1k1/pnp2pp1/7p/8/8/2P3P1/P3PP1P/R4RK1 w - - 0 20,c5b7
31,bt811,EulerE,1148,1209,3rr1k1/pnp2pp1/7p/8/8/2P3P1/P3PP1P/1R3RK1 b - - 1 20,a1b1
31,bt811,EulerE,1148,1209,1r2r1k1/pnp2pp1/7p/8/8/2P3P1/P3PP1P/1R3RK1 w - - 2 21,d8b8
31,bt811,EulerE,1148,1209,1r2r1k1/pnp2pp1/7p/8/8/2P3P1/P3PP1P/1R1R2K1 b - - 3 21,f1d1
31,bt811,EulerE,1148,1209,1r4k1/pnp2pp1/7p/8/8/2P3P1/P3rP1P/1R1R2K1 w - - 0 22,e8e2
31,bt811,EulerE,1148,1209,1r4k1/pnpR1pp1/7p/8/8/2P3P1/P3rP1P/1R4K1 b - - 1 22,d1d7
31,bt811,EulerE,1148,1209,1r4k1/pnpR1pp1/4r2p/8/8/2P3P1/P4P1P/1R4K1 w - - 2 23,e2e6
31,bt811,EulerE,1148,1209,1r4k1/pnR2pp1/4r2p/8/8/2P3P1/P4P1P/1R4K1 b - - 0 23,d7c7
31,bt811,EulerE,1148,1209,1r4k1/pnR2pp1/1r5p/8/8/2P3P1/P4P1P/1R4K1 w - - 1 24,e6b6
31,bt811,EulerE,1148,1209,1r4k1/pnR2pp1/1r5p/8/8/2P3P1/P4P1P/4R1K1 b - - 2 24,b1e1
31,bt811,EulerE,1148,1209,1r4k1/pnR2pp1/4r2p/8/8/2P3P1/P4P1P/4R1K1 w - - 3 25,b6e6
31,bt811,EulerE,1148,1209,1r4k1/pnR2pp1/4r2p/8/8/2P3P1/P4P1P/3R2K1 b - - 4 25,e1d1
31,bt811,EulerE,1148,1209,1r1n2k1/p1R2pp1/4r2p/8/8/2P3P1/P4P1P/3R2K1 w - - 5 26,b7d8
31,bt811,EulerE,1148,1209,1r1n2k1/p1RR1pp1/4r2p/8/8/2P3P1/P4P1P/6K1 b - - 6 26,d1d7
31,bt811,EulerE,1148,1209,3n2k1/p1RR1pp1/4r2p/8/8/2P3P1/P4P1P/1r4K1 w - - 7 27,b8b1
31,bt811,EulerE,1148,1209,3n2k1/p1RR1pp1/4r2p/8/8/2P3P1/P4PKP/1r6 b - - 8 27,g1g2
31,bt811,EulerE,1148,1209,6k1/p1RR1pp1/2n1r2p/8/8/2P3P1/P4PKP/1r6 w - - 9 28,d8c6
31,bt811,EulerE,1148,1209,6k1/p1R2Rp1/2n1r2p/8/8/2P3P1/P4PKP/1r6 b - - 0 28,d7f7
31,bt811,EulerE,1148,1209,6k1/p1R2Rp1/2n3rp/8/8/2P3P1/P4PKP/1r6 w - - 1 29,e6g6
31,bt811,EulerE,1148,1209,6k1/p1RR2p1/2n3rp/8/8/2P3P1/P4PKP/1r6 b - - 2 29,f7d7
31,bt811,EulerE,1148,1209,6k1/p1RR2p1/2n3rp/8/8/2P3P1/P4PKP/r7 w - - 3 30,b1a1
31,bt811,EulerE,1148,1209,6k1/p1RR2p1/2n3rp/8/5P2/2P3P1/P5KP/r7 b - - 0 30,f2f4
31,bt811,EulerE,1148,1209,6k1/p1RR2p1/2n3rp/8/5P2/2P3P1/r5KP/8 w - - 0 31,a1a2
31,bt811,EulerE,1148,1209,6k1/p1RR2p1/2n3rp/8/5P2/2P3PK/r6P/8 b - - 1 31,g2h3
31,bt811,EulerE,1148,1209,6k1/p1RR2p1/2n3r1/7p/5P2/2P3PK/r6P/8 w - - 0 32,h6h5
31,bt811,EulerE,1148,1209,6k1/p1RR2p1/2n3r1/5P1p/8/2P3PK/r6P/8 b - - 0 32,f4f5
31,bt811,EulerE,1148,1209,6k1/p1RR2p1/2n2r2/5P1p/8/2P3PK/r6P/8 w - - 1 33,g6f6
31,bt811,EulerE,1148,1209,6k1/p1RR2p1/2n2r2/5P1p/6P1/2P4K/r6P/8 b - - 0 33,g3g4
31,bt811,EulerE,1148,1209,6k1/p1RR2p1/2n2r2/5P2/6p1/2P4K/r6P/8 w - - 0 34,h5g4
31,bt811,EulerE,1148,1209,6k1/p1RR2p1/2n2r2/5P2/6K1/2P5/r6P/8 b - - 0 34,h3g4
31,bt811,EulerE,1148,1209,6k1/p1RR2p1/2n2r2/5P2/6K1/2P5/6rP/8 w - - 1 35,a2g2
31,bt811,EulerE,1148,1209,6k1/p1RR2p1/2n2r2/5P2/5K2/2P5/6rP/8 b - - 2 35,g4f4
31,bt811,EulerE,1148,1209,6k1/2RR2p1/2n2r2/p4P2/5K2/2P5/6rP/8 w - - 0 36,a7a5
31,bt811,EulerE,1148,1209,6k1/2RR2p1/2n2r2/p4P2/8/2P2K2/6rP/8 b - - 1 36,f4f3
31,bt811,EulerE,1148,1209,6k1/2RR2p1/2n2r2/p4Pr1/8/2P2K2/7P/8 w - - 2 37,g2g5
31,bt811,EulerE,1148,1209,6k1/2RR2p1/2n2r2/p4Pr1/7P/2P2K2/8/8 b - - 0 37,h2h4
31,bt811,EulerE,1148,1209,6k1/2RR2p1/2n2r2/p4r2/7P/2P2K2/8/8 w - - 0 38,g5f5
31,bt811,EulerE,1148,1209,6k1/2RR2p1/2n2r2/p4r2/7P/2P1K3/8/8 b - - 1 38,f3e3
31,bt811,EulerE,1148,1209,6k1/2RR1rp1/2n5/p4r2/7P/2P1K3/8/8 w - - 2 39,f6f7
31,bt811,EulerE,1148,1209,2R3k1/3R1rp1/2n5/p4r2/7P/2P1K3/8/8 b - - 3 39,c7c8
31,bt811,EulerE,1148,1209,2R5/3R1rpk/2n5/p4r2/7P/2P1K3/8/8 w - - 4 40,g8h7
31,bt811,EulerE,1148,1209,2R5/5Rpk/2n5/p4r2/7P/2P1K3/8/8 b - - 0 40,d7f7
31,bt811,EulerE,1148,1209,2R5/5rpk/2n5/p7/7P/2P1K3/8/8 w - - 0 41,f5f7
31,bt811,EulerE,1148,1209,8/5rpk/2R5/p7/7P/2P1K3/8/8 b - - 0 41,c8c6
31,bt811,EulerE,1148,1209,8/r5pk/2R5/p7/7P/2P1K3/8/8 w - - 1 42,f7a7
31,bt811,EulerE,1148,1209,8/r5pk/2R5/p6P/8/2P1K3/8/8 b - - 0 42,h4h5
31,bt811,EulerE,1148,1209,8/r5pk/2R5/7P/p7/2P1K3/8/8 w - - 0 43,a5a4
31,bt811,EulerE,1148,1209,8/r5pk/2R5/7P/p4K2/2P5/8/8 b - - 1 43,e3f4
31,bt811,EulerE,1148,1209,8/r5pk/2R5/7P/5K2/p1P5/8/8 w - - 0 44,a4a3
31,bt811,EulerE,1148,1209,8/r5pk/2R5/6KP/8/p1P5/8/8 b - - 1 44,f4g5
31,bt811,EulerE,1148,1209,8/r5pk/2R5/6KP/8/2P5/p7/8 w - - 0 45,a3a2
31,bt811,EulerE,1148,1209,8/r5pk/2R4P/6K1/8/2P5/p7/8 b - - 0 45,h5h6
31,bt811,EulerE,1148,1209,8/r5pk/2R4P/6K1/8/2P5/8/q7 w - - 0 46,a2a1q
31,bt811,EulerE,1148,1209,8/r5Pk/2R5/6K1/8/2P5/8/q7 b - - 0 46,h6g7
31,bt811,EulerE,1148,1209,8/6rk/2R5/6K1/8/2P5/8/q7 w - - 0 47,a7g7
31,bt811,EulerE,1148,1209,8/6rk/2R2K2/8/8/2P5/8/q7 b - - 1 47,g5f6
31,bt811,EulerE,1148,1209,8/6rk/2R2K2/8/8/2P5/8/5q2 w - - 2 48,a1f1
31,bt811,EulerE,1148,1209,8/6rk/2R5/4K3/8/2P5/8/5q2 b - - 3 48,f6e5
31,bt811,EulerE,1148,1209,8/4r2k/2R5/4K3/8/2P5/8/5q2 w - - 4 49,g7e7
31,bt811,EulerE,1148,1209,8/4r2k/2R5/3K4/8/2P5/8/5q2 b - - 5 49,e5d5
31,bt811,EulerE,1148,1209,8/4r2k/2R5/3K4/8/2P5/8/3q4 w - - 6 50,f1d1
31,bt811,EulerE,1148,1209,8/4r2k/2R5/8/2K5/2P5/8/3q4 b - - 7 50,d5c4
31,bt811,EulerE,1148,1209,8/4r2k/2R5/8/q1K5/2P5/8/8 w - - 8 51,d1a4
31,bt811,EulerE,1148,1209,8/4r2k/2R5/3K4/q7/2P5/8/8 b - - 9 51,c4d5
31,bt811,EulerE,1148,1209,8/3r3k/2R5/3K4/q7/2P5/8/8 w - - 10 52,e7d7
31,bt811,EulerE,1148,1209,8/3r3k/3R4/3K4/q7/2P5/8/8 b - - 11 52,c6d6
31,bt811,EulerE,1148,1209,8/7k/3r4/3K4/q7/2P5/8/8 w - - 0 53,d7d6
31,bt811,EulerE,1148,1209,8/7k/3K4/8/q7/2P5/8/8 b - - 0 53,d5d6
31,bt811,EulerE,1148,1209,8/7k/3K4/8/2q5/2P5/8/8 w - - 1 54,a4c4
31,bt811,EulerE,1148,1209,8/7k/8/4K3/2q5/2P5/8/8 b - - 2 54,d6e5
31,bt811,EulerE,1148,1209,8/7k/8/4K3/8/2q5/8/8 w - - 0 55,c4c3
31,bt811,EulerE,1148,1209,8/7k/8/3K4/8/2q5/8/8 b - - 1 55,e5d5
31,bt811,EulerE,1148,1209,8/8/6k1/3K4/8/2q5/8/8 w - - 2 56,h7g6
31,bt811,EulerE,1148,1209,8/8/6k1/8/4K3/2q5/8/8 b - - 3 56,d5e4
31,bt811,EulerE,1148,1209,8/8/5k2/8/4K3/2q5/8/8 w - - 4 57,g6f6
31,bt811,EulerE,1148,1209,8/8/5k2/3K4/8/2q5/8/8 b - - 5 57,e4d5
31,bt811,EulerE,1148,1209,8/8/8/3K1k2/8/2q5/8/8 w - - 6 58,f6f5
31,bt811,EulerE,1148,1209,8/8/3K4/5k2/8/2q5/8/8 b - - 7 58,d5d6
31,bt811,EulerE,1148,1209,8/8/3K4/5k2/2q5/8/8/8 w - - 8 59,c3c4
31,bt811,EulerE,1148,1209,8/4K3/8/5k2/2q5/8/8/8 b - - 9 59,d6e7
31,bt811,EulerE,1148,1209,8/4K3/8/3q1k2/8/8/8/8 w - - 10 60,c4d5
31,bt811,EulerE,1148,1209,5K2/8/8/3q1k2/8/8/8/8 b - - 11 60,e7f8
31,bt811,EulerE,1148,1209,5K2/8/4q3/5k2/8/8/8/8 w - - 12 61,d5e6
31,bt811,EulerE,1148,1209,8/6K1/4q3/5k2/8/8/8/8 b - - 13 61,f8g7
31,bt811,EulerE,1148,1209,8/6K1/5q2/5k2/8/8/8/8 w - - 14 62,e6f6
31,bt811,EulerE,1148,1209,8/7K/5q2/5k2/8/8/8/8 b - - 15 62,g7h7
31,bt811,EulerE,1148,1209,8/7K/6q1/5k2/8/8/8/8 w - - 16 63,f6g6
31,bt811,EulerE,1148,1209,7K/8/6q1/5k2/8/8/8/8 b - - 17 63,h7h8
31,bt811,EulerE,1148,1209,7K/8/8/5kq1/8/8/8/8 w - - 18 64,g6g5
31,bt811,EulerE,1148,1209,8/7K/8/5kq1/8/8/8/8 b - - 19 64,h8h7
31,bt811,EulerE,1148,1209,8/7K/5k2/6q1/8/8/8/8 w - - 20 65,f5f6
31,bt811,EulerE,1148,1209,7K/8/5k2/6q1/8/8/8/8 b - - 21 65,h7h8
31,bt811,EulerE,1148,1209,7K/5k2/8/6q1/8/8/8/8 w - - 22 66,f6f7
31,bt811,EulerE,1148,1209,8/5k1K/8/6q1/8/8/8/8 b - - 23 66,h8h7
31,bt811,EulerE,1148,1209,5k2/7K/8/6q1/8/8/8/8 w - - 24 67,f7f8
31,bt811,EulerE,1148,1209,5k1K/8/8/6q1/8/8/8/8 b - - 25 67,h7h8
31,bt811,EulerE,1148,1209,5k1K/6q1/8/8/8/8/8/8 w - - 26 68,g5g7
32,bokertol,EulerE,1086,1214,rnbqkbnr/pppppppp/8/8/8/4P3/PPPP1PPP/RNBQKBNR b KQkq - 0 1,e2e3
32,bokertol,EulerE,1086,1214,rnbqkbnr/ppp1pppp/8/3p4/8/4P3/PPPP1PPP/RNBQKBNR w KQkq - 0 2,d7d5
32,bokertol,EulerE,1086,1214,rnbqkbnr/ppp1pppp/8/3p4/8/2N1P3/PPPP1PPP/R1BQKBNR b KQkq - 1 2,b1c3
32,bokertol,EulerE,1086,1214,rnbqkb1r/ppp1pppp/5n2/3p4/8/2N1P3/PPPP1PPP/R1BQKBNR w KQkq - 2 3,g8f6
32,bokertol,EulerE,1086,1214,rnbqkb1r/ppp1pppp/5n2/3p4/8/2N1PQ2/PPPP1PPP/R1B1KBNR b KQkq - 3 3,d1f3
32,bokertol,EulerE,1086,1214,r1bqkb1r/ppp1pppp/2n2n2/3p4/8/2N1PQ2/PPPP1PPP/R1B1KBNR w KQkq - 4 4,b8c6
32,bokertol,EulerE,1086,1214,r1bqkb1r/ppp1pppp/2n2n2/3p4/8/2N1PQ1N/PPPP1PPP/R1B1KB1R b KQkq - 5 4,g1h3
32,bokertol,EulerE,1086,1214,r2qkb1r/ppp1pppp/2n2n2/3p4/6b1/2N1PQ1N/PPPP1PPP/R1B1KB1R w KQkq - 6 5,c8g4
32,bokertol,EulerE,1086,1214,r2qkb1r/ppp1pppp/2n2n2/3p4/6b1/2N1P1QN/PPPP1PPP/R1B1KB1R b KQkq - 7 5,f3g3
32,bokertol,EulerE,1086,1214,r2qkb1r/ppp1pppp/5n2/3p4/1n4b1/2N1P1QN/PPPP1PPP/R1B1KB1R w KQkq - 8 6,c6b4
32,bokertol,EulerE,1086,1214,r2qkb1r/ppp1pppp/5n2/3p4/1n4b1/2NBP1QN/PPPP1PPP/R1B1K2R b KQkq - 9 6,f1d3
32,bokertol,EulerE,1086,1214,r2qkb1r/ppp1pppp/5n2/3p4/6b1/2NnP1QN/PPPP1PPP/R1B1K2R w KQkq - 0 7,b4d3
32,bokertol,EulerE,1086,1214,r2qkb1r/ppp1pppp/5n2/3p4/6b1/2NPP1QN/PP1P1PPP/R1B1K2R b KQkq - 0 7,c2d3
32,bokertol,EulerE,1086,1214,r2qkb1r/ppp1pppp/5n2/3p1b2/8/2NPP1QN/PP1P1PPP/R1B1K2R w KQkq - 1 8,g4f5
32,bokertol,EulerE,1086,1214,r2qkb1r/ppp1pppp/5n2/3p1b2/4P3/2NP2QN/PP1P1PPP/R1B1K2R b KQkq - 0 8,e3e4
32,bokertol,EulerE,1086,1214,r2qkb1r/ppp1pppp/5n2/5b2/4p3/2NP2QN/PP1P1PPP/R1B1K2R w KQkq - 0 9,d5e4
32,bokertol,EulerE,1086,1214,r2qkb1r/ppp1pppp/5n2/5b2/4P3/2N3QN/PP1P1PPP/R1B1K2R b KQkq - 0 9,d3e4
32,bokertol,EulerE,1086,1214,r2qkb1r/ppp1pppp/8/5b2/4n3/2N3QN/PP1P1PPP/R1B1K2R w KQkq - 0 10,f6e4
32,bokertol,EulerE,1086,1214,r2qkb1r/ppp1pppp/8/5b2/4N3/6QN/PP1P1PPP/R1B1K2R b KQkq - 0 10,c3e4
32,bokertol,EulerE,1086,1214,r2qkb1r/ppp1pppp/8/8/4b3/6QN/PP1P1PPP/R1B1K2R w KQkq - 0 11,f5e4
32,bokertol,EulerE,1086,1214,r2qkb1r/ppp1pppp/8/8/4b3/5PQN/PP1P2PP/R1B1K2R b KQkq - 0 11,f2f3
32,bokertol,EulerE,1086,1214,r2qkb1r/ppp1pppp/2b5/8/8/5PQN/PP1P2PP/R1B1K2R w KQkq - 1 12,e4c6
32,bokertol,EulerE,1086,1214,r2qkb1r/ppp1pppp/2b5/8/8/5PQN/PP1P2PP/R1B2RK1 b kq - 2 12,e1g1
32,bokertol,EulerE,1086,1214,r3kb1r/ppp1pppp/2bq4/8/8/5PQN/PP1P2PP/R1B2RK1 w kq - 3 13,d8d6
32,bokertol,EulerE,1086,1214,r3kb1r/ppp1pppp/2bQ4/8/8/5P1N/PP1P2PP/R1B2RK1 b kq - 0 13,g3d6
32,bokertol,EulerE,1086,1214,r3kb1r/ppp2ppp/2bp4/8/8/5P1N/PP1P2PP/R1B2RK1 w kq - 0 14,e7d6
32,bokertol,EulerE,1086,1214,r3kb1r/ppp2ppp/2bp4/8/8/5P1N/PP1P2PP/R1B1R1K1 b kq - 1 14,f1e1
32,bokertol,EulerE,1086,1214,r3k2r/ppp1bppp/2bp4/8/8/5P1N/PP1P2PP/R1B1R1K1 w kq - 2 15,f8e7
32,bokertol,EulerE,1086,1214,r3k2r/ppp1bppp/2bp4/8/3P4/5P1N/PP4PP/R1B1R1K1 b kq - 0 15,d2d4
32,bokertol,EulerE,1086,1214,r6r/pppkbppp/2bp4/8/3P4/5P1N/PP4PP/R1B1R1K1 w - - 1 16,e8d7
32,bokertol,EulerE,1086,1214,r6r/pppkbppp/2bp4/8/1P1P4/5P1N/P5PP/R1B1R1K1 b - - 0 16,b2b4
32,bokertol,EulerE,1086,1214,r3r3/pppkbppp/2bp4/8/1P1P4/5P1N/P5PP/R1B1R1K1 w - - 1 17,h8e8
32,bokertol,EulerE,1086,1214,r3r3/pppkbppp/2bp4/8/1P1P1N2/5P2/P5PP/R1B1R1K1 b - - 2 17,h3f4
32,bokertol,EulerE,1086,1214,r3r3/pppk1ppp/2bp4/6b1/1P1P1N2/5P2/P5PP/R1B1R1K1 w - - 3 18,e7g5
32,bokertol,EulerE,1086,1214,r3R3/pppk1ppp/2bp4/6b1/1P1P1N2/5P2/P5PP/R1B3K1 b - - 0 18,e1e8
32,bokertol,EulerE,1086,1214,4r3/pppk1ppp/2bp4/6b1/1P1P1N2/5P2/P5PP/R1B3K1 w - - 0 19,a8e8
32,bokertol,EulerE,1086,1214,4r3/pppk1ppp/2bp4/6b1/1P1P1N2/5PP1/P6P/R1B3K1 b - - 0 19,g2g3
32,bokertol,EulerE,1086,1214,4r3/pppk1ppp/3p4/6b1/1P1P1N2/5bP1/P6P/R1B3K1 w - - 0 20,c6f3
32,bokertol,EulerE,1086,1214,4r3/pppk1ppp/3p4/6b1/1P1P1N2/5bP1/P4K1P/R1B5 b - - 1 20,g1f2
32,bokertol,EulerE,1086,1214,4r3/pppk1ppp/3p4/8/1P1P1b2/5bP1/P4K1P/R1B5 w - - 0 21,g5f4
32,bokertol,EulerE,1086,1214,4r3/pppk1ppp/3p4/8/1P1P1B2/5bP1/P4K1P/R7 b - - 0 21,c1f4
32,bokertol,EulerE,1086,1214,4r3/pppk1ppp/2bp4/8/1P1P1B2/6P1/P4K1P/R7 w - - 1 22,f3c6
32,bokertol,EulerE,1086,1214,4r3/pppk1ppp/2bp4/8/PP1P1B2/6P1/5K1P/R7 b - - 0 22,a2a4
32,bokertol,EulerE,1086,1214,4r3/1ppk1ppp/p1bp4/8/PP1P1B2/6P1/5K1P/R7 w - - 0 23,a7a6
32,bokertol,EulerE,1086,1214,4r3/1ppk1ppp/p1bp4/8/PP1P1B1P/6P1/5K2/R7 b - - 0 23,h2h4
32,bokertol,EulerE,1086,1214,8/1ppk1ppp/p1bp4/8/PP1PrB1P/6P1/5K2/R7 w - - 1 24,e8e4
32,bokertol,EulerE,1086,1214,8/1ppk1ppp/p1bp4/8/PP1Pr2P/4B1P1/5K2/R7 b - - 2 24,f4e3
32,bokertol,EulerE,1086,1214,8/1ppk1pp1/p1bp3p/8/PP1Pr2P/4B1P1/5K2/R7 w - - 0 25,h7h6
32,bokertol,EulerE,1086,1214,8/1ppk1pp1/p1bp3p/8/PP1Pr2P/4B1P1/4K3/R7 b - - 1 25,f2e2
32,bokertol,EulerE,1086,1214,8/1ppk1pp1/p1bp3p/8/PP1P2rP/4B1P1/4K3/R7 w - - 2 26,e4g4
32,bokertol,EulerE,1086,1214,8/1ppk1pp1/p1bp3p/8/PP1P2rP/6P1/4KB2/R7 b - - 3 26,e3f2
32,bokertol,EulerE,1086,1214,8/2pk1pp1/p1bp3p/1p6/PP1P2rP/6P1/4KB2/R7 w - - 0 27,b7b5
32,bokertol,EulerE,1086,1214,8/2pk1pp1/p1bp3p/1P6/1P1P2rP/6P1/4KB2/R7 b - - 0 27,a4b5
32,bokertol,EulerE,1086,1214,8/2pk1pp1/p2p3p/1b6/1P1P2rP/6P1/4KB2/R7 w - - 0 28,c6b5
32,bokertol,EulerE,1086,1214,8/2pk1pp1/p2p3p/1b6/1P1P2rP/5KP1/5B2/R7 b - - 1 28,e2f3
32,bokertol,EulerE,1086,1214,8/2pk1pp1/p2p2rp/1b6/1P1P3P/5KP1/5B2/R7 w - - 2 29,g4g6
32,bokertol,EulerE,1086,1214,8/2pk1pp1/p2p2rp/1b6/1P1P1K1P/6P1/5B2/R7 b - - 3 29,f3f4
32,bokertol,EulerE,1086,1214,8/2pk1pp1/p2p1r1p/1b6/1P1P1K1P/6P1/5B2/R7 w - - 4 30,g6f6
32,bokertol,EulerE,1086,1214,8/2pk1pp1/p2p1r1p/1b6/1P1P2KP/6P1/5B2/R7 b - - 5 30,f4g4
32,bokertol,EulerE,1086,1214,8/2pk1pp1/p2p3p/1b6/1P1P2KP/6P1/5r2/R7 w - - 0 31,f6f2
32,bokertol,EulerE,1086,1214,8/2pk1pp1/p2p3p/1b6/1P1P2KP/6P1/5r2/2R5 b - - 1 31,a1c1
32,bokertol,EulerE,1086,1214,8/2pk1pp1/p2p3p/1b6/1P1P2KP/6P1/3r4/2R5 w - - 2 32,f2d2
32,bokertol,EulerE,1086,1214,8/2pk1pp1/p2p3p/1b5K/1P1P3P/6P1/3r4/2R5 b - - 3 32,g4h5
32,bokertol,EulerE,1086,1214,8/2pk1pp1/p2p3p/1b5K/1P1r3P/6P1/8/2R5 w - - 0 33,d2d4
32,bokertol,EulerE,1086,1214,8/2pk1pp1/p2p3p/1b5K/1P1r2PP/8/8/2R5 b - - 0 33,g3g4
32,bokertol,EulerE,1086,1214,8/2pk1pp1/p2p3p/1b5K/1r4PP/8/8/2R5 w - - 0 34,d4b4
32,bokertol,EulerE,1086,1214,8/2pk1pp1/p2p3p/1b4PK/1r5P/8/8/2R5 b - - 0 34,g4g5
32,bokertol,EulerE,1086,1214,8/2pk1pp1/p2p4/1b4pK/1r5P/8/8/2R5 w - - 0 35,h6g5
32,bokertol,EulerE,1086,1214,8/2pk1pp1/p2p4/1b4K1/1r5P/8/8/2R5 b - - 0 35,h5g5
32,bokertol,EulerE,1086,1214,8/2pk1pp1/3p4/pb4K1/1r5P/8/8/2R5 w - - 0 36,a6a5
32,bokertol,EulerE,1086,1214,8/2pk1pp1/3p4/pb4KP/1r6/8/8/2R5 b - - 0 36,h4h5
32,bokertol,EulerE,1086,1214,8/2pk1pp1/3p4/1b4KP/pr6/8/8/2R5 w - - 0 37,a5a4
32,bokertol,EulerE,1086,1214,8/2pk1pp1/3p4/1b4KP/pr6/8/8/5R2 b - - 1 37,c1f1
32,bokertol,EulerE,1086,1214,8/2pk1pp1/3p4/6KP/prb5/8/8/5R2 w - - 2 38,b5c4
32,bokertol,EulerE,1086,1214,8/2pk1pp1/3p4/7P/prb2K2/8/8/5R2 b - - 3 38,g5f4
32,bokertol,EulerE,1086,1214,8/2pk1pp1/3p4/7P/1rb2K2/p7/8/5R2 w - - 0 39,a4a3
32,bokertol,EulerE,1086,1214,8/2pk1pp1/3p4/7P/1rb2K2/p7/8/R7 b - - 1 39,f1a1
32,bokertol,EulerE,1086,1214,8/2pk1pp1/3p4/7P/1rb2K2/8/p7/R7 w - - 0 40,a3a2
32,bokertol,EulerE,1086,1214,8/2pk1pp1/3p4/7P/1rb5/4K3/p7/R7 b - - 1 40,f4e3
32,bokertol,EulerE,1086,1214,8/2pk1pp1/3p4/7P/2b5/4K3/p7/Rr6 w - - 2 41,b4b1
32,bokertol,EulerE,1086,1214,8/2pk1pp1/3p4/7P/2b5/4K3/p7/1R6 b - - 0 41,a1b1
32,bokertol,EulerE,1086,1214,8/2pk1pp1/3p4/7P/2b5/4K3/8/1q6 w - - 0 42,a2b1q
33,EulerE,VitalisisaBoss,1209,1341,rnbqkbnr/pppppppp/8/8/3P4/8/PPP1PPPP/RNBQKBNR b KQkq - 0 1,d2d4
33,EulerE,VitalisisaBoss,1209,1341,rnbqkbnr/ppp1pppp/8/3p4/3P4/8/PPP1PPPP/RNBQKBNR w KQkq - 0 2,d7d5
33,EulerE,VitalisisaBoss,1209,1341,rnbqkbnr/ppp1pppp/8/3p4/2PP4/8/PP2PPPP/RNBQKBNR b KQkq - 0 2,c2c4
33,EulerE,VitalisisaBoss,1209,1341,rnbqkbnr/pp2pppp/8/2pp4/2PP4/8/PP2PPPP/RNBQKBNR w KQkq - 0 3,c7c5
33,EulerE,VitalisisaBoss,1209,1341,rnbqkbnr/pp2pppp/8/2Pp4/2P5/8/PP2PPPP/RNBQKBNR b KQkq - 0 3,d4c5
33,EulerE,VitalisisaBoss,1209,1341,rnbqkbnr/pp2pppp/8/2P5/2Pp4/8/PP2PPPP/RNBQKBNR w KQkq - 0 4,d5d4
33,EulerE,VitalisisaBoss,1209,1341,rnbqkbnr/pp2pppp/8/2P5/2Pp4/5N2/PP2PPPP/RNBQKB1R b KQkq - 1 4,g1f3
33,EulerE,VitalisisaBoss,1209,1341,r1bqkbnr/pp2pppp/2n5/2P5/2Pp4/5N2/PP2PPPP/RNBQKB1R w KQkq - 2 5,b8c6
33,EulerE,VitalisisaBoss,1209,1341,r1bqkbnr/pp2pppp/2n5/2P5/2Pp4/4PN2/PP3PPP/RNBQKB1R b KQkq - 0 5,e2e3
33,EulerE,VitalisisaBoss,1209,1341,r1bqkbnr/pp3ppp/2n5/2P1p3/2Pp4/4PN2/PP3PPP/RNBQKB1R w KQkq - 0 6,e7e5
33,EulerE,VitalisisaBoss,1209,1341,r1bqkbnr/pp3ppp/2n5/2P1p3/2Pp4/4PN2/PP2BPPP/RNBQK2R b KQkq - 1 6,f1e2
33,EulerE,VitalisisaBoss,1209,1341,r2qkbnr/pp3ppp/2n5/2P1pb2/2Pp4/4PN2/PP2BPPP/RNBQK2R w KQkq - 2 7,c8f5
33,EulerE,VitalisisaBoss,1209,1341,r2qkbnr/pp3ppp/2n5/2P1pb2/2PP4/5N2/PP2BPPP/RNBQK2R b KQkq - 0 7,e3d4
33,EulerE,VitalisisaBoss,1209,1341,r2qkbnr/pp3ppp/2n5/2P2b2/2Pp4/5N2/PP2BPPP/RNBQK2R w KQkq - 0 8,e5d4
33,EulerE,VitalisisaBoss,1209,1341,r2qkbnr/pp3ppp/2n5/2P2b2/2Pp4/5N2/PP2BPPP/RNBQ1RK1 b kq - 1 8,e1g1
33,EulerE,VitalisisaBoss,1209,1341,r2qk1nr/pp3ppp/2n5/2b2b2/2Pp4/5N2/PP2BPPP/RNBQ1RK1 w kq - 0 9,f8c5
33,EulerE,VitalisisaBoss,1209,1341,r2qk1nr/pp3ppp/2n5/2b2b2/2Pp4/3B1N2/PP3PPP/RNBQ1RK1 b kq - 1 9,e2d3
33,EulerE,VitalisisaBoss,1209,1341,r2qk2r/pp2nppp/2n5/2b2b2/2Pp4/3B1N2/PP3PPP/RNBQ1RK1 w kq - 2 10,g8e7
33,EulerE,VitalisisaBoss,1209,1341,r2qk2r/pp2nppp/2n5/2b2bB1/2Pp4/3B1N2/PP3PPP/RN1Q1RK1 b kq - 3 10,c1g5
33,EulerE,VitalisisaBoss,1209,1341,r2qk2r/pp2n1pp/2n2p2/2b2bB1/2Pp4/3B1N2/PP3PPP/RN1Q1RK1 w kq - 0 11,f7f6
33,EulerE,VitalisisaBoss,1209,1341,r2qk2r/pp2n1pp/2n2p2/2b2BB1/2Pp4/5N2/PP3PPP/RN1Q1RK1 b kq - 0 11,d3f5
33,EulerE,VitalisisaBoss,1209,1341,r2qk2r/pp4pp/2n2p2/2b2nB1/2Pp4/5N2/PP3PPP/RN1Q1RK1 w kq - 0 12,e7f5
33,EulerE,VitalisisaBoss,1209,1341,r2qk2r/pp4pp/2n2p2/2b2n2/2Pp3B/5N2/PP3PPP/RN1Q1RK1 b kq - 1 12,g5h4
33,EulerE,VitalisisaBoss,1209,1341,r2q1rk1/pp4pp/2n2p2/2b2n2/2Pp3B/5N2/PP3PPP/RN1Q1RK1 w - - 2 13,e8g8
33,EulerE,VitalisisaBoss,1209,1341,r2q1rk1/pp4pp/2n2p2/2b2n2/2Pp3B/5N2/PP1N1PPP/R2Q1RK1 b - - 3 13,b1d2
33,EulerE,VitalisisaBoss,1209,1341,r4rk1/pp1q2pp/2n2p2/2b2n2/2Pp3B/5N2/PP1N1PPP/R2Q1RK1 w - - 4 14,d8d7
33,EulerE,VitalisisaBoss,1209,1341,r4rk1/pp1q2pp/2n2p2/2b2n2/2PpN2B/5N2/PP3PPP/R2Q1RK1 b - - 5 14,d2e4
33,EulerE,VitalisisaBoss,1209,1341,r4rk1/pp1q2pp/5p2/2b1nn2/2PpN2B/5N2/PP3PPP/R2Q1RK1 w - - 6 15,c6e5
33,EulerE,VitalisisaBoss,1209,1341,r4rk1/pp1q2pp/5p2/2N1nn2/2Pp3B/5N2/PP3PPP/R2Q1RK1 b - - 0 15,e4c5
33,EulerE,VitalisisaBoss,1209,1341,r4rk1/pp1q2pp/5p2/2N2n2/2Pp3B/5n2/PP3PPP/R2Q1RK1 w - - 0 16,e5f3
33,EulerE,VitalisisaBoss,1209,1341,r4rk1/pp1q2pp/5p2/2N2n2/2Pp3B/5Q2/PP3PPP/R4RK1 b - - 0 16,d1f3
33,EulerE,VitalisisaBoss,1209,1341,r4rk1/pp1q2pp/5p2/2N5/2Pp3n/5Q2/PP3PPP/R4RK1 w - - 0 17,f5h4
33,EulerE,VitalisisaBoss,1209,1341,r4rk1/pp1q2pp/5p2/2NQ4/2Pp3n/8/PP3PPP/R4RK1 b - - 1 17,f3d5
33,EulerE,VitalisisaBoss,1209,1341,r4rk1/pp4pp/5p2/2Nq4/2Pp3n/8/PP3PPP/R4RK1 w - - 0 18,d7d5
33,EulerE,VitalisisaBoss,1209,1341,r4rk1/pp4pp/5p2/2NP4/3p3n/8/PP3PPP/R4RK1 b - - 0 18,c4d5
33,EulerE,VitalisisaBoss,1209,1341,r4rk1/p5pp/1p3p2/2NP4/3p3n/8/PP3PPP/R4RK1 w - - 0 19,b7b6
33,EulerE,VitalisisaBoss,1209,1341,r4rk1/p5pp/1p2Np2/3P4/3p3n/8/PP3PPP/R4RK1 b - - 1 19,c5e6
33,EulerE,VitalisisaBoss,1209,1341,r5k1/p4rpp/1p2Np2/3P4/3p3n/8/PP3PPP/R4RK1 w - - 2 20,f8f7
33,EulerE,VitalisisaBoss,1209,1341,r5k1/p4rpp/1p2Np2/3P4/3p3n/8/PP3PPP/R2R2K1 b - - 3 20,f1d1
33,EulerE,VitalisisaBoss,1209,1341,r5k1/p4rpp/1p2Np2/3P1n2/3p4/8/PP3PPP/R2R2K1 w - - 4 21,h4f5
33,EulerE,VitalisisaBoss,1209,1341,r5k1/p4rpp/1p2Np2/3P1n2/3p4/8/PP3PPP/2RR2K1 b - - 5 21,a1c1
33,EulerE,VitalisisaBoss,1209,1341,r5k1/p2r2pp/1p2Np2/3P1n2/3p4/8/PP3PPP/2RR2K1 w - - 6 22,f7d7
33,EulerE,VitalisisaBoss,1209,1341,r5k1/p2r2pp/1p3p2/3P1n2/3N4/8/PP3PPP/2RR2K1 b - - 0 22,e6d4
33,EulerE,VitalisisaBoss,1209,1341,r5k1/p2r2pp/1p3p2/3P4/3n4/8/PP3PPP/2RR2K1 w - - 0 23,f5d4
33,EulerE,VitalisisaBoss,1209,1341,r5k1/p2r2pp/1p3p2/3P4/3R4/8/PP3PPP/2R3K1 b - - 0 23,d1d4
33,EulerE,VitalisisaBoss,1209,1341,3r2k1/p2r2pp/1p3p2/3P4/3R4/8/PP3PPP/2R3K1 w - - 1 24,a8d8
33,EulerE,VitalisisaBoss,1209,1341,3r2k1/p2r2pp/1p3p2/3P4/3R4/8/PP3PPP/3R2K1 b - - 2 24,c1d1
33,EulerE,VitalisisaBoss,1209,1341,3r2k1/p5pp/1p1r1p2/3P4/3R4/8/PP3PPP/3R2K1 w - - 3 25,d7d6
33,EulerE,VitalisisaBoss,1209,1341,3r2k1/p5pp/1p1r1p2/3P4/3R4/8/PP3PPP/3R1K2 b - - 4 25,g1f1
33,EulerE,VitalisisaBoss,1209,1341,3r4/p4kpp/1p1r1p2/3P4/3R4/8/PP3PPP/3R1K2 w - - 5 26,g8f7
33,EulerE,VitalisisaBoss,1209,1341,3r4/p4kpp/1p1r1p2/3P4/3R4/8/PP2KPPP/3R4 b - - 6 26,f1e2
33,EulerE,VitalisisaBoss,1209,1341,3r4/p4kpp/1p1r4/3P1p2/3R4/8/PP2KPPP/3R4 w - - 0 27,f6f5
33,EulerE,VitalisisaBoss,1209,1341,3r4/p4kpp/1p1r4/3P1p2/3R4/4K3/PP3PPP/3R4 b - - 1 27,e2e3
33,EulerE,VitalisisaBoss,1209,1341,3r4/p5pp/1p1r1k2/3P1p2/3R4/4K3/PP3PPP/3R4 w - - 2 28,f7f6
33,EulerE,VitalisisaBoss,1209,1341,3r4/p5pp/1p1r1k2/3P1p2/3R1K2/8/PP3PPP/3R4 b - - 3 28,e3f4
33,EulerE,VitalisisaBoss,1209,1341,4r3/p5pp/1p1r1k2/3P1p2/3R1K2/8/PP3PPP/3R4 w - - 4 29,d8e8
33,EulerE,VitalisisaBoss,1209,1341,4r3/p5pp/1p1r1k2/3P1p2/3R1K2/5P2/PP4PP/3R4 b - - 0 29,f2f3
33,EulerE,VitalisisaBoss,1209,1341,4r3/p6p/1p1r1k2/3P1pp1/3R1K2/5P2/PP4PP/3R4 w - - 0 30,g7g5
33,EulerE,VitalisisaBoss,1209,1341,4r3/p6p/1p1r1k2/3P1pp1/3R4/5PK1/PP4PP/3R4 b - - 1 30,f4g3
33,EulerE,VitalisisaBoss,1209,1341,4r3/p6p/1p1r4/3Pkpp1/3R4/5PK1/PP4PP/3R4 w - - 2 31,f6e5
33,EulerE,VitalisisaBoss,1209,1341,4r3/p6p/1p1r4/3Pkpp1/R7/5PK1/PP4PP/3R4 b - - 3 31,d4a4
33,EulerE,VitalisisaBoss,1209,1341,4r3/7p/1p1r4/p2Pkpp1/R7/5PK1/PP4PP/3R4 w - - 0 32,a7a5
33,EulerE,VitalisisaBoss,1209,1341,4r3/7p/1p1r4/p2Pkpp1/R4P2/6K1/PP4PP/3R4 b - - 0 32,f3f4
33,EulerE,VitalisisaBoss,1209,1341,4r3/7p/1p1r4/p2Pkp2/R4p2/6K1/PP4PP/3R4 w - - 0 33,g5f4
33,EulerE,VitalisisaBoss,1209,1341,4r3/7p/1p1r4/p2Pkp2/5R2/6K1/PP4PP/3R4 b - - 0 33,a4f4
33,EulerE,VitalisisaBoss,1209,1341,6r1/7p/1p1r4/p2Pkp2/5R2/6K1/PP4PP/3R4 w - - 1 34,e8g8
33,EulerE,VitalisisaBoss,1209,1341,6r1/7p/1p1r4/p2Pkp2/5R2/5K2/PP4PP/3R4 b - - 2 34,g3f3
33,EulerE,VitalisisaBoss,1209,1341,6r1/7p/1p6/p2rkp2/5R2/5K2/PP4PP/3R4 w - - 0 35,d6d5
33,EulerE,VitalisisaBoss,1209,1341,6r1/7p/1p6/p2Rkp2/5R2/5K2/PP4PP/8 b - - 0 35,d1d5
33,EulerE,VitalisisaBoss,1209,1341,6r1/7p/1p6/p2k1p2/5R2/5K2/PP4PP/8 w - - 0 36,e5d5
33,EulerE,VitalisisaBoss,1209,1341,6r1/7p/1p6/p2k1R2/8/5K2/PP4PP/8 b - - 0 36,f4f5
33,EulerE,VitalisisaBoss,1209,1341,6r1/7p/1p6/p4R2/3k4/5K2/PP4PP/8 w - - 1 37,d5d4
33,EulerE,VitalisisaBoss,1209,1341,6r1/5R1p/1p6/p7/3k4/5K2/PP4PP/8 b - - 2 37,f5f7
33,EulerE,VitalisisaBoss,1209,1341,6r1/5R2/1p5p/p7/3k4/5K2/PP4PP/8 w - - 0 38,h7h6
33,EulerE,VitalisisaBoss,1209,1341,6r1/8/1p3R1p/p7/3k4/5K2/PP4PP/8 b - - 1 38,f7f6
33,EulerE,VitalisisaBoss,1209,1341,6r1/8/5R1p/pp6/3k4/5K2/PP4PP/8 w - - 0 39,b6b5
33,EulerE,VitalisisaBoss,1209,1341,6r1/8/7R/pp6/3k4/5K2/PP4PP/8 b - - 0 39,f6h6
33,EulerE,VitalisisaBoss,1209,1341,6r1/8/7R/pp6/8/3k1K2/PP4PP/8 w - - 1 40,d4d3
33,EulerE,VitalisisaBoss,1209,1341,6r1/8/1R6/pp6/8/3k1K2/PP4PP/8 b - - 2 40,h6b6
33,EulerE,VitalisisaBoss,1209,1341,8/8/1R6/pp4r1/8/3k1K2/PP4PP/8 w - - 3 41,g8g5
33,EulerE,VitalisisaBoss,1209,1341,8/8/1R6/pp4r1/7P/3k1K2/PP4P1/8 b - - 0 41,h2h4
33,EulerE,VitalisisaBoss,1209,1341,8/8/1R6/pp1r4/7P/3k1K2/PP4P1/8 w - - 1 42,g5d5
33,EulerE,VitalisisaBoss,1209,1341,8/8/4R3/pp1r4/7P/3k1K2/PP4P1/8 b - - 2 42,b6e6
33,EulerE,VitalisisaBoss,1209,1341,8/8/4R3/pp5r/7P/3k1K2/PP4P1/8 w - - 3 43,d5h5
33,EulerE,VitalisisaBoss,1209,1341,8/8/8/pp5r/7P/3kRK2/PP4P1/8 b - - 4 43,e6e3
33,EulerE,VitalisisaBoss,1209,1341,8/8/8/pp5r/7P/4RK2/PPk3P1/8 w - - 5 44,d3c2
33,EulerE,VitalisisaBoss,1209,1341,8/8/8/pp5r/7P/5K2/PPk1R1P1/8 b - - 6 44,e3e2
33,EulerE,VitalisisaBoss,1209,1341,8/8/8/pp5r/7P/5K2/PP2R1P1/1k6 w - - 7 45,c2b1
33,EulerE,VitalisisaBoss,1209,1341,8/8/8/pp5r/7P/1P3K2/P3R1P1/1k6 b - - 0 45,b2b3
33,EulerE,VitalisisaBoss,1209,1341,8/8/8/pp6/7r/1P3K2/P3R1P1/1k6 w - - 0 46,h5h4
33,EulerE,VitalisisaBoss,1209,1341,8/8/8/pp6/7r/1P4K1/P3R1P1/1k6 b - - 1 46,f3g3
33,EulerE,VitalisisaBoss,1209,1341,8/8/8/pp6/1r6/1P4K1/P3R1P1/1k6 w - - 2 47,h4b4
33,EulerE,VitalisisaBoss,1209,1341,8/8/8/pp6/1r6/1P6/P3RKP1/1k6 b - - 3 47,g3f2
33,EulerE,VitalisisaBoss,1209,1341,8/8/8/1p6/pr6/1P6/P3RKP1/1k6 w - - 0 48,a5a4
33,EulerE,VitalisisaBoss,1209,1341,8/8/8/1p6/Pr6/8/P3RKP1/1k6 b - - 0 48,b3a4
33,EulerE,VitalisisaBoss,1209,1341,8/8/8/8/pr6/8/P3RKP1/1k6 w - - 0 49,b5a4
33,EulerE,VitalisisaBoss,1209,1341,8/8/8/8/pr6/6P1/P3RK2/1k6 b - - 0 49,g2g3
33,EulerE,VitalisisaBoss,1209,1341,8/8/8/8/1r6/p5P1/P3RK2/1k6 w - - 0 50,a4a3
33,EulerE,VitalisisaBoss,1209,1341,8/8/8/8/1r6/p5P1/P3R1K1/1k6 b - - 1 50,f2g2
33,EulerE,VitalisisaBoss,1209,1341,8/8/8/8/8/p5P1/Pr2R1K1/1k6 w - - 2 51,b4b2
33,EulerE,VitalisisaBoss,1209,1341,8/8/8/8/8/p5P1/Pr2RK2/1k6 b - - 3 51,g2f2
33,EulerE,VitalisisaBoss,1209,1341,8/8/8/8/8/p5P1/P3rK2/1k6 w - - 0 52,b2e2
33,EulerE,VitalisisaBoss,1209,1341,8/8/8/8/8/p5P1/P3K3/1k6 b - - 0 52,f2e2
33,EulerE,VitalisisaBoss,1209,1341,8/8/8/8/8/p5P1/k3K3/8 w - - 0 53,b1a2
33,EulerE,VitalisisaBoss,1209,1341,8/8/8/8/8/p5P1/k7/4K3 b - - 1 53,e2e1
33,EulerE,VitalisisaBoss,1209,1341,8/8/8/8/8/p5P1/1k6/4K3 w - - 2 54,a2b2
33,EulerE,VitalisisaBoss,1209,1341,8/8/8/8/6P1/p7/1k6/4K3 b - - 0 54,g3g4
33,EulerE,VitalisisaBoss,1209,1341,8/8/8/8/6P1/8/pk6/4K3 w - - 0 55,a3a2
33,EulerE,VitalisisaBoss,1209,1341,8/8/8/8/6P1/8/pk2K3/8 b - - 1 55,e1e2
33,EulerE,VitalisisaBoss,1209,1341,8/8/8/8/6P1/8/1k2K3/q7 w - - 0 56,a2a1q
33,EulerE,VitalisisaBoss,1209,1341,8/8/8/6P1/8/8/1k2K3/q7 b - - 0 56,g4g5
33,EulerE,VitalisisaBoss,1209,1341,8/8/q7/6P1/8/8/1k2K3/8 w - - 1 57,a1a6
33,EulerE,VitalisisaBoss,1209,1341,8/8/q7/6P1/8/5K2/1k6/8 b - - 2 57,e2f3
33,EulerE,VitalisisaBoss,1209,1341,8/8/2q5/6P1/8/5K2/1k6/8 w - - 3 58,a6c6
33,EulerE,VitalisisaBoss,1209,1341,8/8/2q5/6P1/6K1/8/1k6/8 b - - 4 58,f3g4
33,EulerE,VitalisisaBoss,1209,1341,8/8/8/6P1/4q1K1/8/1k6/8 w - - 5 59,c6e4
33,EulerE,VitalisisaBoss,1209,1341,8/8/8/6PK/4q3/8/1k6/8 b - - 6 59,g4h5
33,EulerE,VitalisisaBoss,1209,1341,8/7q/8/6PK/8/8/1k6/8 w - - 7 60,e4h7
33,EulerE,VitalisisaBoss,1209,1341,8/7q/8/6P1/6K1/8/1k6/8 b - - 8 60,h5g4
33,EulerE,VitalisisaBoss,1209,1341,8/7q/8/6P1/6K1/2k5/8/8 w - - 9 61,b2c3
33,EulerE,VitalisisaBoss,1209,1341,8/7q/8/6P1/5K2/2k5/8/8 b - - 10 61,g4f4
33,EulerE,VitalisisaBoss,1209,1341,8/7q/8/6P1/3k1K2/8/8/8 w - - 11 62,c3d4
33,EulerE,VitalisisaBoss,1209,1341,8/7q/6P1/8/3k1K2/8/8/8 b - - 0 62,g5g6
33,EulerE,VitalisisaBoss,1209,1341,8/8/6q1/8/3k1K2/8/8/8 w - - 0 63,h7g6
33,EulerE,VitalisisaBoss,1209,1341,8/8/6q1/8/3k4/5K2/8/8 b - - 1 63,f4f3
33,EulerE,VitalisisaBoss,1209,1341,8/8/8/5q2/3k4/5K2/8/8 w - - 2 64,g6f5
33,EulerE,VitalisisaBoss,1209,1341,8/8/8/5q2/3k4/8/4K3/8 b - - 3 64,f3e2
33,EulerE,VitalisisaBoss,1209,1341,8/8/8/8/3kq3/8/4K3/8 w - - 4 65,f5e4
33,EulerE,VitalisisaBoss,1209,1341,8/8/8/8/3kq3/8/8/3K4 b - - 5 65,e2d1
33,EulerE,VitalisisaBoss,1209,1341,8/8/8/8/3k4/3q4/8/3K4 w - - 6 66,e4d3
33,EulerE,VitalisisaBoss,1209,1341,8/8/8/8/3k4/3q4/8/2K5 b - - 7 66,d1c1
33,EulerE,VitalisisaBoss,1209,1341,8/8/8/8/3k4/2q5/8/2K5 w - - 8 67,d3c3
33,EulerE,VitalisisaBoss,1209,1341,8/8/8/8/3k4/2q5/8/1K6 b - - 9 67,c1b1
33,EulerE,VitalisisaBoss,1209,1341,8/8/8/8/3k4/1q6/8/1K6 w - - 10 68,c3b3
33,EulerE,VitalisisaBoss,1209,1341,8/8/8/8/3k4/1q6/8/K7 b - - 11 68,b1a1
33,EulerE,VitalisisaBoss,1209,1341,8/8/8/8/3k4/q7/8/K7 w - - 12 69,b3a3
33,EulerE,VitalisisaBoss,1209,1341,8/8/8/8/3k4/q7/8/1K6 b - - 13 69,a1b1
33,EulerE,VitalisisaBoss,1209,1341,8/8/8/8/3k4/3q4/8/1K6 w - - 14 70,a3d3
33,EulerE,VitalisisaBoss,1209,1341,8/8/8/8/3k4/3q4/8/K7 b - - 15 70,b1a1
33,EulerE,VitalisisaBoss,1209,1341,8/8/8/8/3k4/8/8/K2q4 w - - 16 71,d3d1
33,EulerE,VitalisisaBoss,1209,1341,8/8/8/8/3k4/8/1K6/3q4 b - - 17 71,a1b2
33,EulerE,VitalisisaBoss,1209,1341,8/8/8/8/2k5/8/1K6/3q4 w - - 18 72,d4c4
33,EulerE,VitalisisaBoss,1209,1341,8/8/8/8/2k5/K7/8/3q4 b - - 19 72,b2a3
33,EulerE,VitalisisaBoss,1209,1341,8/8/8/8/2k5/Kq6/8/8 w - - 20 73,d1b3
34,romeopagu,EulerE,1224,1201,rnbqkbnr/pppppppp/8/8/4P3/8/PPPP1PPP/RNBQKBNR b KQkq - 0 1,e2e4
34,romeopagu,EulerE,1224,1201,rnbqkbnr/pppp1ppp/8/4p3/4P3/8/PPPP1PPP/RNBQKBNR w KQkq - 0 2,e7e5
34,romeopagu,EulerE,1224,1201,rnbqkbnr/pppp1ppp/8/4p3/4P3/2N5/PPPP1PPP/R1BQKBNR b KQkq - 1 2,b1c3
34,romeopagu,EulerE,1224,1201,r1bqkbnr/pppp1ppp/2n5/4p3/4P3/2N5/PPPP1PPP/R1BQKBNR w KQkq - 2 3,b8c6
34,romeopagu,EulerE,1224,1201,r1bqkbnr/pppp1ppp/2n5/4p3/2B1P3/2N5/PPPP1PPP/R1BQK1NR b KQkq - 3 3,f1c4
34,romeopagu,EulerE,1224,1201,r1bqk1nr/pppp1ppp/2n5/2b1p3/2B1P3/2N5/PPPP1PPP/R1BQK1NR w KQkq - 4 4,f8c5
34,romeopagu,EulerE,1224,1201,r1bqk1nr/pppp1ppp/2n5/2b1p3/2B1P1Q1/2N5/PPPP1PPP/R1B1K1NR b KQkq - 5 4,d1g4
34,romeopagu,EulerE,1224,1201,r1bqk2r/pppp1ppp/2n2n2/2b1p3/2B1P1Q1/2N5/PPPP1PPP/R1B1K1NR w KQkq - 6 5,g8f6
34,romeopagu,EulerE,1224,1201,r1bqk2r/pppp1pQp/2n2n2/2b1p3/2B1P3/2N5/PPPP1PPP/R1B1K1NR b KQkq - 0 5,g4g7
34,romeopagu,EulerE,1224,1201,r1bqk1r1/pppp1pQp/2n2n2/2b1p3/2B1P3/2N5/PPPP1PPP/R1B1K1NR w KQq - 1 6,h8g8
34,romeopagu,EulerE,1224,1201,r1bqk1r1/pppp1Q1p/2n2n2/2b1p3/2B1P3/2N5/PPPP1PPP/R1B1K1NR b KQq - 0 6,g7f7
35,gabuber,EulerE,1230,1194,rnbqkbnr/pppppppp/8/8/4P3/8/PPPP1PPP/RNBQKBNR b KQkq - 0 1,e2e4
35,gabuber,EulerE,1230,1194,rnbqkbnr/pppp1ppp/8/4p3/4P3/8/PPPP1PPP/RNBQKBNR w KQkq - 0 2,e7e5
35,gabuber,EulerE,1230,1194,rnbqkbnr/pppp1ppp/8/4p3/4P3/5N2/PPPP1PPP/RNBQKB1R b KQkq - 1 2,g1f3
35,gabuber,EulerE,1230,1194,rnbqkb1r/pppp1ppp/5n2/4p3/4P3/5N2/PPPP1PPP/RNBQKB1R w KQkq - 2 3,g8f6
35,gabuber,EulerE,1230,1194,rnbqkb1r/pppp1ppp/5n2/4N3/4P3/8/PPPP1PPP/RNBQKB1R b KQkq - 0 3,f3e5
35,gabuber,EulerE,1230,1194,rnbqkb1r/pppp1ppp/8/4N3/4n3/8/PPPP1PPP/RNBQKB1R w KQkq - 0 4,f6e4
35,gabuber,EulerE,1230,1194,rnbqkb1r/pppp1ppp/8/4N3/4n3/8/PPPPQPPP/RNB1KB1R b KQkq - 1 4,d1e2
35,gabuber,EulerE,1230,1194,rnbqkb1r/pppp1ppp/3n4/4N3/8/8/PPPPQPPP/RNB1KB1R w KQkq - 2 5,e4d6
35,gabuber,EulerE,1230,1194,rnbqkb1r/pppp1ppp/2Nn4/8/8/8/PPPPQPPP/RNB1KB1R b KQkq - 3 5,e5c6
35,gabuber,EulerE,1230,1194,rnb1kb1r/ppppqppp/2Nn4/8/8/8/PPPPQPPP/RNB1KB1R w KQkq - 4 6,d8e7
35,gabuber,EulerE,1230,1194,rnb1kb1r/ppppNppp/3n4/8/8/8/PPPPQPPP/RNB1KB1R b KQkq - 0 6,c6e7
36,Arreyrook,EulerE,1252,1195,rnbqkbnr/pppppppp/8/8/4P3/8/PPPP1PPP/RNBQKBNR b KQkq - 0 1,e2e4
37,EulerE,YYYlolenon,1203,1186,rnbqkbnr/pppppppp/8/8/3P4/8/PPP1PPPP/RNBQKBNR b KQkq - 0 1,d2d4
38,EulerE,Froozeio,1209,1105,rnbqkbnr/pppppppp/8/8/3P4/8/PPP1PPPP/RNBQKBNR b KQkq - 0 1,d2d4
38,EulerE,Froozeio,1209,1105,rnbqkbnr/pppppp1p/6p1/8/3P4/8/PPP1PPPP/RNBQKBNR w KQkq - 0 2,g7g6
38,EulerE,Froozeio,1209,1105,rnbqkbnr/pppppp1p/6p1/8/3PP3/8/PPP2PPP/RNBQKBNR b KQkq - 0 2,e2e4
38,EulerE,Froozeio,1209,1105,rnbqk1nr/ppppppbp/6p1/8/3PP3/8/PPP2PPP/RNBQKBNR w KQkq - 1 3,f8g7
38,EulerE,Froozeio,1209,1105,rnbqk1nr/ppppppbp/6p1/8/3PP3/2N5/PPP2PPP/R1BQKBNR b KQkq - 2 3,b1c3
38,EulerE,Froozeio,1209,1105,rnbqk1nr/ppp1ppbp/3p2p1/8/3PP3/2N5/PPP2PPP/R1BQKBNR w KQkq - 0 4,d7d6
38,EulerE,Froozeio,1209,1105,rnbqk1nr/ppp1ppbp/3p2p1/6B1/3PP3/2N5/PPP2PPP/R2QKBNR b KQkq - 1 4,c1g5
38,EulerE,Froozeio,1209,1105,rnbqk2r/ppp1ppbp/3p1np1/6B1/3PP3/2N5/PPP2PPP/R2QKBNR w KQkq - 2 5,g8f6
38,EulerE,Froozeio,1209,1105,rnbqk2r/ppp1ppbp/3p1np1/6B1/2BPP3/2N5/PPP2PPP/R2QK1NR b KQkq - 3 5,f1c4
38,EulerE,Froozeio,1209,1105,rn1qk2r/ppp1ppbp/3p1np1/6B1/2BPP1b1/2N5/PPP2PPP/R2QK1NR w KQkq - 4 6,c8g4
38,EulerE,Froozeio,1209,1105,rn1qk2r/ppp1ppbp/3p1np1/6B1/2BPP1b1/2N2P2/PPP3PP/R2QK1NR b KQkq - 0 6,f2f3
38,EulerE,Froozeio,1209,1105,rn1qk2r/ppp1ppbp/3pbnp1/6B1/2BPP3/2N2P2/PPP3PP/R2QK1NR w KQkq - 1 7,g4e6
38,EulerE,Froozeio,1209,1105,rn1qk2r/ppp1ppbp/3pBnp1/6B1/3PP3/2N2P2/PPP3PP/R2QK1NR b KQkq - 0 7,c4e6
38,EulerE,Froozeio,1209,1105,rn1qk2r/ppp1p1bp/3ppnp1/6B1/3PP3/2N2P2/PPP3PP/R2QK1NR w KQkq - 0 8,f7e6
38,EulerE,Froozeio,1209,1105,rn1qk2r/ppp1p1bp/3ppnp1/6B1/3PP3/2N2P2/PPP1N1PP/R2QK2R b KQkq - 1 8,g1e2
38,EulerE,Froozeio,1209,1105,rn1qk2r/ppp1p1bp/3p1np1/4p1B1/3PP3/2N2P2/PPP1N1PP/R2QK2R w KQkq - 0 9,e6e5
38,EulerE,Froozeio,1209,1105,rn1qk2r/ppp1p1bp/3p1np1/4P1B1/4P3/2N2P2/PPP1N1PP/R2QK2R b KQkq - 0 9,d4e5
38,EulerE,Froozeio,1209,1105,rn1qk2r/pppnp1bp/3p2p1/4P1B1/4P3/2N2P2/PPP1N1PP/R2QK2R w KQkq - 1 10,f6d7
38,EulerE,Froozeio,1209,1105,rn1qk2r/pppnp1bp/3P2p1/6B1/4P3/2N2P2/PPP1N1PP/R2QK2R b KQkq - 0 10,e5d6
38,EulerE,Froozeio,1209,1105,rn1qk2r/pppn2bp/3p2p1/6B1/4P3/2N2P2/PPP1N1PP/R2QK2R w KQkq - 0 11,e7d6
38,EulerE,Froozeio,1209,1105,rn1Bk2r/pppn2bp/3p2p1/8/4P3/2N2P2/PPP1N1PP/R2QK2R b KQkq - 0 11,g5d8
39,EulerE,wideawake1000,1216,1170,rnbqkbnr/pppppppp/8/8/3P4/8/PPP1PPPP/RNBQKBNR b KQkq - 0 1,d2d4
39,EulerE,wideawake1000,1216,1170,rnbqkbnr/ppp1pppp/8/3p4/3P4/8/PPP1PPPP/RNBQKBNR w KQkq - 0 2,d7d5
39,EulerE,wideawake1000,1216,1170,rnbqkbnr/ppp1pppp/8/3p4/2PP4/8/PP2PPPP/RNBQKBNR b KQkq - 0 2,c2c4
39,EulerE,wideawake1000,1216,1170,rnbqkbnr/ppp2ppp/4p3/3p4/2PP4/8/PP2PPPP/RNBQKBNR w KQkq - 0 3,e7e6
39,EulerE,wideawake1000,1216,1170,rnbqkbnr/ppp2ppp/4p3/3p4/2PP4/2N5/PP2PPPP/R1BQKBNR b KQkq - 1 3,b1c3
39,EulerE,wideawake1000,1216,1170,rnbqkb1r/ppp2ppp/4pn2/3p4/2PP4/2N5/PP2PPPP/R1BQKBNR w KQkq - 2 4,g8f6
39,EulerE,wideawake1000,1216,1170,rnbqkb1r/ppp2ppp/4pn2/3p4/2PP1B2/2N5/PP2PPPP/R2QKBNR b KQkq - 3 4,c1f4
39,EulerE,wideawake1000,1216,1170,rnbqk2r/ppp2ppp/3bpn2/3p4/2PP1B2/2N5/PP2PPPP/R2QKBNR w KQkq - 4 5,f8d6
39,EulerE,wideawake1000,1216,1170,rnbqk2r/ppp2ppp/3bpn2/3p4/2PP4/2N3B1/PP2PPPP/R2QKBNR b KQkq - 5 5,f4g3
39,EulerE,wideawake1000,1216,1170,rnbqk2r/ppp2ppp/4pn2/3p4/2PP4/2N3b1/PP2PPPP/R2QKBNR w KQkq - 0 6,d6g3
39,EulerE,wideawake1000,1216,1170,rnbqk2r/ppp2ppp/4pn2/3p4/2PP4/2N3P1/PP2PPP1/R2QKBNR b KQkq - 0 6,h2g3
39,EulerE,wideawake1000,1216,1170,rnbqk2r/ppp2pp1/4pn1p/3p4/2PP4/2N3P1/PP2PPP1/R2QKBNR w KQkq - 0 7,h7h6
39,EulerE,wideawake1000,1216,1170,rnbqk2r/ppp2pp1/4pn1p/3p4/2PP4/2N2NP1/PP2PPP1/R2QKB1R b KQkq - 1 7,g1f3
39,EulerE,wideawake1000,1216,1170,rnbqk2r/p1p2pp1/1p2pn1p/3p4/2PP4/2N2NP1/PP2PPP1/R2QKB1R w KQkq - 0 8,b7b6
39,EulerE,wideawake1000,1216,1170,rnbqk2r/p1p2pp1/1p2pn1p/3p4/2PP4/2N1PNP1/PP3PP1/R2QKB1R b KQkq - 0 8,e2e3
39,EulerE,wideawake1000,1216,1170,rn1qk2r/pbp2pp1/1p2pn1p/3p4/2PP4/2N1PNP1/PP3PP1/R2QKB1R w KQkq - 1 9,c8b7
39,EulerE,wideawake1000,1216,1170,rn1qk2r/pbp2pp1/1p2pn1p/3p4/2PP4/2NBPNP1/PP3PP1/R2QK2R b KQkq - 2 9,f1d3
39,EulerE,wideawake1000,1216,1170,r2qk2r/pbpn1pp1/1p2pn1p/3p4/2PP4/2NBPNP1/PP3PP1/R2QK2R w KQkq - 3 10,b8d7
39,EulerE,wideawake1000,1216,1170,r2qk2r/pbpn1pp1/1p2pn1p/3P4/3P4/2NBPNP1/PP3PP1/R2QK2R b KQkq - 0 10,c4d5
39,EulerE,wideawake1000,1216,1170,r2qk2r/pbpn1pp1/1p2p2p/3n4/3P4/2NBPNP1/PP3PP1/R2QK2R w KQkq - 0 11,f6d5
39,EulerE,wideawake1000,1216,1170,r2qk2r/pbpn1pp1/1p2p2p/3N4/3P4/3BPNP1/PP3PP1/R2QK2R b KQkq - 0 11,c3d5
39,EulerE,wideawake1000,1216,1170,r2qk2r/p1pn1pp1/1p2p2p/3b4/3P4/3BPNP1/PP3PP1/R2QK2R w KQkq - 0 12,b7d5
39,EulerE,wideawake1000,1216,1170,r2qk2r/p1pn1pp1/1p2p2p/3b4/3P4/3BPNP1/PP3PP1/R2Q1RK1 b kq - 1 12,e1g1
39,EulerE,wideawake1000,1216,1170,r2qk2r/p1p2pp1/1p2pn1p/3b4/3P4/3BPNP1/PP3PP1/R2Q1RK1 w kq - 2 13,d7f6
39,EulerE,wideawake1000,1216,1170,r2qk2r/p1p2pp1/1p2pn1p/3b4/Q2P4/3BPNP1/PP3PP1/R4RK1 b kq - 3 13,d1a4
39,EulerE,wideawake1000,1216,1170,r3k2r/p1pq1pp1/1p2pn1p/3b4/Q2P4/3BPNP1/PP3PP1/R4RK1 w kq - 4 14,d8d7
39,EulerE,wideawake1000,1216,1170,r3k2r/p1pq1pp1/1p2pn1p/1B1b4/Q2P4/4PNP1/PP3PP1/R4RK1 b kq - 5 14,d3b5
39,EulerE,wideawake1000,1216,1170,r3k2r/p2q1pp1/1pp1pn1p/1B1b4/Q2P4/4PNP1/PP3PP1/R4RK1 w kq - 0 15,c7c6
39,EulerE,wideawake1000,1216,1170,r3k2r/p2q1pp1/Bpp1pn1p/3b4/Q2P4/4PNP1/PP3PP1/R4RK1 b kq - 1 15,b5a6
39,EulerE,wideawake1000,1216,1170,r3k2r/p2q1pp1/B1p1pn1p/1p1b4/Q2P4/4PNP1/PP3PP1/R4RK1 w kq - 0 16,b6b5
39,EulerE,wideawake1000,1216,1170,r3k2r/p2q1pp1/B1p1pn1p/Qp1b4/3P4/4PNP1/PP3PP1/R4RK1 b kq - 1 16,a4a5
39,EulerE,wideawake1000,1216,1170,r4rk1/p2q1pp1/B1p1pn1p/Qp1b4/3P4/4PNP1/PP3PP1/R4RK1 w - - 2 17,e8g8
39,EulerE,wideawake1000,1216,1170,r4rk1/pB1q1pp1/2p1pn1p/Qp1b4/3P4/4PNP1/PP3PP1/R4RK1 b - - 3 17,a6b7
39,EulerE,wideawake1000,1216,1170,1r3rk1/pB1q1pp1/2p1pn1p/Qp1b4/3P4/4PNP1/PP3PP1/R4RK1 w - - 4 18,a8b8
39,EulerE,wideawake1000,1216,1170,1r3rk1/p2q1pp1/B1p1pn1p/Qp1b4/3P4/4PNP1/PP3PP1/R4RK1 b - - 5 18,b7a6
39,EulerE,wideawake1000,1216,1170,5rk1/p2q1pp1/Brp1pn1p/Qp1b4/3P4/4PNP1/PP3PP1/R4RK1 w - - 6 19,b8b6
39,EulerE,wideawake1000,1216,1170,5rk1/p2q1pp1/Brp1pn1p/Qp1bN3/3P4/4P1P1/PP3PP1/R4RK1 b - - 7 19,f3e5
39,EulerE,wideawake1000,1216,1170,5rk1/p1q2pp1/Brp1pn1p/Qp1bN3/3P4/4P1P1/PP3PP1/R4RK1 w - - 8 20,d7c7
39,EulerE,wideawake1000,1216,1170,5rk1/p1q2pp1/Brp1pn1p/Qp1bN3/3P4/4P1P1/PP3PP1/2R2RK1 b - - 9 20,a1c1
39,EulerE,wideawake1000,1216,1170,5rk1/p1qn1pp1/Brp1p2p/Qp1bN3/3P4/4P1P1/PP3PP1/2R2RK1 w - - 10 21,f6d7
39,EulerE,wideawake1000,1216,1170,5rk1/p1qN1pp1/Brp1p2p/Qp1b4/3P4/4P1P1/PP3PP1/2R2RK1 b - - 0 21,e5d7
39,EulerE,wideawake1000,1216,1170,5rk1/p2q1pp1/Brp1p2p/Qp1b4/3P4/4P1P1/PP3PP1/2R2RK1 w - - 0 22,c7d7
39,EulerE,wideawake1000,1216,1170,5rk1/p2q1pp1/Brp1p2p/Qp1b4/3P4/4P1P1/PPR2PP1/5RK1 b - - 1 22,c1c2
39,EulerE,wideawake1000,1216,1170,5rk1/p2q2p1/Brp1pp1p/Qp1b4/3P4/4P1P1/PPR2PP1/5RK1 w - - 0 23,f7f6
39,EulerE,wideawake1000,1216,1170,5rk1/p2q2p1/Brp1pp1p/Qp1b4/3P4/4P1P1/PPR2PP1/2R3K1 b - - 1 23,f1c1
39,EulerE,wideawake1000,1216,1170,5rk1/p5p1/Brpqpp1p/Qp1b4/3P4/4P1P1/PPR2PP1/2R3K1 w - - 2 24,d7d6
39,EulerE,wideawake1000,1216,1170,5rk1/p5p1/Brpqpp1p/Qp1b4/3P4/P3P1P1/1PR2PP1/2R3K1 b - - 0 24,a2a3
39,EulerE,wideawake1000,1216,1170,5rk1/p5p1/Brpq1p1p/Qp1bp3/3P4/P3P1P1/1PR2PP1/2R3K1 w - - 0 25,e6e5
39,EulerE,wideawake1000,1216,1170,5rk1/p5p1/Brpq1p1p/Qp1bp3/3P4/P3PPP1/1PR3P1/2R3K1 b - - 0 25,f2f3
39,EulerE,wideawake1000,1216,1170,5rk1/p5p1/Brpq1p1p/Qp1b4/3p4/P3PPP1/1PR3P1/2R3K1 w - - 0 26,e5d4
39,EulerE,wideawake1000,1216,1170,5rk1/p5p1/Brpq1p1p/Qp1b4/3pP3/P4PP1/1PR3P1/2R3K1 b - - 0 26,e3e4
39,EulerE,wideawake1000,1216,1170,5rk1/p5p1/Brpq1p1p/Qp6/2bpP3/P4PP1/1PR3P1/2R3K1 w - - 1 27,d5c4
39,EulerE,wideawake1000,1216,1170,5rk1/p5p1/Brpq1p1p/Qp6/2bpP3/P4PP1/1PR3PK/2R5 b - - 2 27,g1h2
39,EulerE,wideawake1000,1216,1170,5rk1/p5p1/Brpq1p1p/Qp6/2b1P3/P2p1PP1/1PR3PK/2R5 w - - 0 28,d4d3
39,EulerE,wideawake1000,1216,1170,5rk1/p5p1/Brpq1p1p/Qp6/2b1P3/P2p1PP1/1P1R2PK/2R5 b - - 1 28,c2d2
39,EulerE,wideawake1000,1216,1170,5rk1/p5p1/Brp2p1p/Qp2q3/2b1P3/P2p1PP1/1P1R2PK/2R5 w - - 2 29,d6e5
39,EulerE,wideawake1000,1216,1170,5rk1/p5p1/Brp2p1p/Qp2q3/2b1P3/P1Rp1PP1/1P1R2PK/8 b - - 3 29,c1c3
39,EulerE,wideawake1000,1216,1170,3r2k1/p5p1/Brp2p1p/Qp2q3/2b1P3/P1Rp1PP1/1P1R2PK/8 w - - 4 30,f8d8
39,EulerE,wideawake1000,1216,1170,3r2k1/p5p1/Brp2p1p/Qp2q3/2b1P3/PPRp1PP1/3R2PK/8 b - - 0 30,b2b3
39,EulerE,wideawake1000,1216,1170,3r2k1/p5p1/Brp1bp1p/Qp2q3/4P3/PPRp1PP1/3R2PK/8 w - - 1 31,c4e6
39,EulerE,wideawake1000,1216,1170,3r2k1/p5p1/Brp1bp1p/Qp2q3/P3P3/1PRp1PP1/3R2PK/8 b - - 0 31,a3a4
39,EulerE,wideawake1000,1216,1170,6k1/p5p1/Brp1bp1p/Qp2q3/P2rP3/1PRp1PP1/3R2PK/8 w - - 1 32,d8d4
39,EulerE,wideawake1000,1216,1170,6k1/p5p1/Brp1bp1p/QP2q3/3rP3/1PRp1PP1/3R2PK/8 b - - 0 32,a4b5
39,EulerE,wideawake1000,1216,1170,6k1/p5p1/B1p1bp1p/Qr2q3/3rP3/1PRp1PP1/3R2PK/8 w - - 0 33,b6b5
39,EulerE,wideawake1000,1216,1170,6k1/p5p1/2p1bp1p/QB2q3/3rP3/1PRp1PP1/3R2PK/8 b - - 0 33,a6b5
39,EulerE,wideawake1000,1216,1170,6k1/p5p1/4bp1p/Qp2q3/3rP3/1PRp1PP1/3R2PK/8 w - - 0 34,c6b5
39,EulerE,wideawake1000,1216,1170,6k1/Q5p1/4bp1p/1p2q3/3rP3/1PRp1PP1/3R2PK/8 b - - 0 34,a5a7
39,EulerE,wideawake1000,1216,1170,6k1/Q5p1/3qbp1p/1p6/3rP3/1PRp1PP1/3R2PK/8 w - - 1 35,e5d6
39,EulerE,wideawake1000,1216,1170,Q5k1/6p1/3qbp1p/1p6/3rP3/1PRp1PP1/3R2PK/8 b - - 2 35,a7a8
39,EulerE,wideawake1000,1216,1170,Q7/6pk/3qbp1p/1p6/3rP3/1PRp1PP1/3R2PK/8 w - - 3 36,g8h7
39,EulerE,wideawake1000,1216,1170,8/6pk/3qbp1p/1p6/3rP3/1PRp1PP1/3R2PK/Q7 b - - 4 36,a8a1
39,EulerE,wideawake1000,1216,1170,8/6pk/4bp1p/1p6/1q1rP3/1PRp1PP1/3R2PK/Q7 w - - 5 37,d6b4
39,EulerE,wideawake1000,1216,1170,8/6pk/4bp1p/1p6/1q1rP3/1P1R1PP1/3R2PK/Q7 b - - 0 37,c3d3
39,EulerE,wideawake1000,1216,1170,8/6pk/4bp1p/1p6/1q2P3/1P1r1PP1/3R2PK/Q7 w - - 0 38,d4d3
39,EulerE,wideawake1000,1216,1170,8/6pk/4bp1p/1p6/1q2P3/1P1R1PP1/6PK/Q7 b - - 0 38,d2d3
40,EulerE,Caren11,1222,1139,rnbqkbnr/pppppppp/8/8/3P4/8/PPP1PPPP/RNBQKBNR b KQkq - 0 1,d2d4
40,EulerE,Caren11,1222,1139,rnbqkbnr/ppp1pppp/8/3p4/3P4/8/PPP1PPPP/RNBQKBNR w KQkq - 0 2,d7d5
40,EulerE,Caren11,1222,1139,rnbqkbnr/ppp1pppp/8/3p4/2PP4/8/PP2PPPP/RNBQKBNR b KQkq - 0 2,c2c4
40,EulerE,Caren11,1222,1139,rnbqkb1r/ppp1pppp/5n2/3p4/2PP4/8/PP2PPPP/RNBQKBNR w KQkq - 1 3,g8f6
40,EulerE,Caren11,1222,1139,rnbqkb1r/ppp1pppp/5n2/3p4/2PP4/2N5/PP2PPPP/R1BQKBNR b KQkq - 2 3,b1c3
40,EulerE,Caren11,1222,1139,r1bqkb1r/ppp1pppp/2n2n2/3p4/2PP4/2N5/PP2PPPP/R1BQKBNR w KQkq - 3 4,b8c6
40,EulerE,Caren11,1222,1139,r1bqkb1r/ppp1pppp/2n2n2/3p2B1/2PP4/2N5/PP2PPPP/R2QKBNR b KQkq - 4 4,c1g5
40,EulerE,Caren11,1222,1139,r2qkb1r/ppp1pppp/2n2n2/3p1bB1/2PP4/2N5/PP2PPPP/R2QKBNR w KQkq - 5 5,c8f5
40,EulerE,Caren11,1222,1139,r2qkb1r/ppp1pppp/2n2B2/3p1b2/2PP4/2N5/PP2PPPP/R2QKBNR b KQkq - 0 5,g5f6
40,EulerE,Caren11,1222,1139,r2qkb1r/ppp1pp1p/2n2p2/3p1b2/2PP4/2N5/PP2PPPP/R2QKBNR w KQkq - 0 6,g7f6
40,EulerE,Caren11,1222,1139,r2qkb1r/ppp1pp1p/2n2p2/3P1b2/3P4/2N5/PP2PPPP/R2QKBNR b KQkq - 0 6,c4d5
40,EulerE,Caren11,1222,1139,r2qkb1r/ppp1pp1p/5p2/3P1b2/1n1P4/2N5/PP2PPPP/R2QKBNR w KQkq - 1 7,c6b4
40,EulerE,Caren11,1222,1139,r2qkb1r/ppp1pp1p/5p2/3P1b2/Qn1P4/2N5/PP2PPPP/R3KBNR b KQkq - 2 7,d1a4
40,EulerE,Caren11,1222,1139,r2qkb1r/pp2pp1p/2p2p2/3P1b2/Qn1P4/2N5/PP2PPPP/R3KBNR w KQkq - 0 8,c7c6
40,EulerE,Caren11,1222,1139,r2qkb1r/pp2pp1p/2p2p2/3P1b2/1Q1P4/2N5/PP2PPPP/R3KBNR b KQkq - 0 8,a4b4
40,EulerE,Caren11,1222,1139,r3kb1r/ppq1pp1p/2p2p2/3P1b2/1Q1P4/2N5/PP2PPPP/R3KBNR w KQkq - 1 9,d8c7
40,EulerE,Caren11,1222,1139,r3kb1r/ppq1pp1p/2p2p2/3P1b2/1Q1PP3/2N5/PP3PPP/R3KBNR b KQkq - 0 9,e2e4
40,EulerE,Caren11,1222,1139,r3kb1r/ppq2p1p/2p1pp2/3P1b2/1Q1PP3/2N5/PP3PPP/R3KBNR w KQkq - 0 10,e7e6
40,EulerE,Caren11,1222,1139,r3kb1r/ppq2p1p/2p1pp2/3P1b2/3PP3/1QN5/PP3PPP/R3KBNR b KQkq - 1 10,b4b3
40,EulerE,Caren11,1222,1139,r3kb1r/ppq2p1p/2p1ppb1/3P4/3PP3/1QN5/PP3PPP/R3KBNR w KQkq - 2 11,f5g6
40,EulerE,Caren11,1222,1139,r3kb1r/ppq2p1p/2p1Ppb1/8/3PP3/1QN5/PP3PPP/R3KBNR b KQkq - 0 11,d5e6
40,EulerE,Caren11,1222,1139,r3kb1r/ppq4p/2p1ppb1/8/3PP3/1QN5/PP3PPP/R3KBNR w KQkq - 0 12,f7e6
40,EulerE,Caren11,1222,1139,r3kb1r/ppq4p/2p1Qpb1/8/3PP3/2N5/PP3PPP/R3KBNR b KQkq - 0 12,b3e6
40,EulerE,Caren11,1222,1139,r3k2r/ppq1b2p/2p1Qpb1/8/3PP3/2N5/PP3PPP/R3KBNR w KQkq - 1 13,f8e7
40,EulerE,Caren11,1222,1139,r3k2r/ppq1b2p/2p1Qpb1/8/3PP3/2N2N2/PP3PPP/R3KB1R b KQkq - 2 13,g1f3
40,EulerE,Caren11,1222,1139,3rk2r/ppq1b2p/2p1Qpb1/8/3PP3/2N2N2/PP3PPP/R3KB1R w KQk - 3 14,a8d8
40,EulerE,Caren11,1222,1139,3rk2r/ppq1b2p/2p1Qpb1/3P4/4P3/2N2N2/PP3PPP/R3KB1R b KQk - 0 14,d4d5
40,EulerE,Caren11,1222,1139,3rk2r/ppq1b2p/4Qpb1/3p4/4P3/2N2N2/PP3PPP/R3KB1R w KQk - 0 15,c6d5
40,EulerE,Caren11,1222,1139,3rk2r/ppq1b2p/4Qpb1/3N4/4P3/5N2/PP3PPP/R3KB1R b KQk - 0 15,c3d5
40,EulerE,Caren11,1222,1139,3rk2r/pp2b2p/4Qpb1/q2N4/4P3/5N2/PP3PPP/R3KB1R w KQk - 1 16,c7a5
40,EulerE,Caren11,1222,1139,3rk2r/pp2b2p/4Qpb1/q2N4/4P3/8/PP1N1PPP/R3KB1R b KQk - 2 16,f3d2
40,EulerE,Caren11,1222,1139,3rkr2/pp2b2p/4Qpb1/q2N4/4P3/8/PP1N1PPP/R3KB1R w KQ - 3 17,h8f8
40,EulerE,Caren11,1222,1139,3rkr2/pp2Q2p/5pb1/q2N4/4P3/8/PP1N1PPP/R3KB1R b KQ - 0 17,e6e7
41,EulerE,gamastri,1228,1113,rnbqkbnr/pppppppp/8/8/3P4/8/PPP1PPPP/RNBQKBNR b KQkq - 0 1,d2d4
41,EulerE,gamastri,1228,1113,rnbqkbnr/1ppppppp/p7/8/3P4/8/PPP1PPPP/RNBQKBNR w KQkq - 0 2,a7a6
41,EulerE,gamastri,1228,1113,rnbqkbnr/1ppppppp/p7/8/3PP3/8/PPP2PPP/RNBQKBNR b KQkq - 0 2,e2e4
41,EulerE,gamastri,1228,1113,rnbqkbnr/1pppppp1/p6p/8/3PP3/8/PPP2PPP/RNBQKBNR w KQkq - 0 3,h7h6
41,EulerE,gamastri,1228,1113,rnbqkbnr/1pppppp1/p6p/8/3PPB2/8/PPP2PPP/RN1QKBNR b KQkq - 1 3,c1f4
41,EulerE,gamastri,1228,1113,r1bqkbnr/1pppppp1/p1n4p/8/3PPB2/8/PPP2PPP/RN1QKBNR w KQkq - 2 4,b8c6
41,EulerE,gamastri,1228,1113,r1bqkbnr/1pppppp1/p1n4p/8/3PPB2/2N5/PPP2PPP/R2QKBNR b KQkq - 3 4,b1c3
41,EulerE,gamastri,1228,1113,r1bqkbnr/1ppp1pp1/p1n1p2p/8/3PPB2/2N5/PPP2PPP/R2QKBNR w KQkq - 0 5,e7e6
41,EulerE,gamastri,1228,1113,r1bqkbnr/1ppp1pp1/p1n1p2p/3P4/4PB2/2N5/PPP2PPP/R2QKBNR b KQkq - 0 5,d4d5
41,EulerE,gamastri,1228,1113,r1bqkbnr/1ppp1pp1/p1n4p/3p4/4PB2/2N5/PPP2PPP/R2QKBNR w KQkq - 0 6,e6d5
41,EulerE,gamastri,1228,1113,r1bqkbnr/1ppp1pp1/p1n4p/3P4/5B2/2N5/PPP2PPP/R2QKBNR b KQkq - 0 6,e4d5
41,EulerE,gamastri,1228,1113,r1b1kbnr/1pppqpp1/p1n4p/3P4/5B2/2N5/PPP2PPP/R2QKBNR w KQkq - 1 7,d8e7
41,EulerE,gamastri,1228,1113,r1b1kbnr/1pppqpp1/p1n4p/3P4/5B2/2N5/PPP1BPPP/R2QK1NR b KQkq - 2 7,f1e2
41,EulerE,gamastri,1228,1113,r1b1kbnr/1pppqpp1/p6p/3P4/3n1B2/2N5/PPP1BPPP/R2QK1NR w KQkq - 3 8,c6d4
41,EulerE,gamastri,1228,1113,r1b1kbnr/1pppqpp1/p6p/3P4/3Q1B2/2N5/PPP1BPPP/R3K1NR b KQkq - 0 8,d1d4
41,EulerE,gamastri,1228,1113,r1b1kbnr/1pp1qpp1/p2p3p/3P4/3Q1B2/2N5/PPP1BPPP/R3K1NR w KQkq - 0 9,d7d6
41,EulerE,gamastri,1228,1113,r1b1kbnr/1pp1qpp1/p2p3p/3P4/3Q1B2/2N5/PPP1BPPP/2KR2NR b kq - 1 9,e1c1
41,EulerE,gamastri,1228,1113,r1b1kb1r/1pp1qpp1/p2p1n1p/3P4/3Q1B2/2N5/PPP1BPPP/2KR2NR w kq - 2 10,g8f6
41,EulerE,gamastri,1228,1113,r1b1kb1r/1pp1qpp1/p2p1n1p/3P4/3Q1B2/2N2N2/PPP1BPPP/2KR3R b kq - 3 10,g1f3
41,EulerE,gamastri,1228,1113,r3kb1r/1pp1qpp1/p2p1n1p/3P4/3Q1Bb1/2N2N2/PPP1BPPP/2KR3R w kq - 4 11,c8g4
41,EulerE,gamastri,1228,1113,r3kb1r/1pp1qpp1/p2p1n1p/3P4/3Q1Bb1/2N2N1P/PPP1BPP1/2KR3R b kq - 0 11,h2h3
41,EulerE,gamastri,1228,1113,r3kb1r/1pp1qpp1/p2p1n1p/3P3b/3Q1B2/2N2N1P/PPP1BPP1/2KR3R w kq - 1 12,g4h5
41,EulerE,gamastri,1228,1113,r3kb1r/1pp1qpp1/p2p1n1p/3P3b/3Q1B2/2N2N1P/PPP1BPP1/2KRR3 b kq - 2 12,h1e1
41,EulerE,gamastri,1228,1113,r3kb1r/1p2qpp1/p2p1n1p/2pP3b/3Q1B2/2N2N1P/PPP1BPP1/2KRR3 w kq c6 0 13,c7c5
41,EulerE,gamastri,1228,1113,r3kb1r/1p2qpp1/p1Pp1n1p/7b/3Q1B2/2N2N1P/PPP1BPP1/2KRR3 b kq - 0 13,d5c6
41,EulerE,gamastri,1228,1113,r3kb1r/1pq2pp1/p1Pp1n1p/7b/3Q1B2/2N2N1P/PPP1BPP1/2KRR3 w kq - 1 14,e7c7
41,EulerE,gamastri,1228,1113,r3kb1r/1Pq2pp1/p2p1n1p/7b/3Q1B2/2N2N1P/PPP1BPP1/2KRR3 b kq - 0 14,c6b7
41,EulerE,gamastri,1228,1113,r3kb1r/1q3pp1/p2p1n1p/7b/3Q1B2/2N2N1P/PPP1BPP1/2KRR3 w kq - 0 15,c7b7
41,EulerE,gamastri,1228,1113,r3kb1r/1q3pp1/p2B1n1p/7b/3Q4/2N2N1P/PPP1BPP1/2KRR3 b kq - 0 15,f4d6
41,EulerE,gamastri,1228,1113,r3k2r/1q3pp1/p2b1n1p/7b/3Q4/2N2N1P/PPP1BPP1/2KRR3 w kq - 0 16,f8d6
41,EulerE,gamastri,1228,1113,r3k2r/1q3pp1/p2Q1n1p/7b/8/2N2N1P/PPP1BPP1/2KRR3 b kq - 0 16,d4d6
41,EulerE,gamastri,1228,1113,r1q1k2r/5pp1/p2Q1n1p/7b/8/2N2N1P/PPP1BPP1/2KRR3 w kq - 1 17,b7c8
41,EulerE,gamastri,1228,1113,r1q1k2r/5pp1/B2Q1n1p/7b/8/2N2N1P/PPP2PP1/2KRR3 b kq - 0 17,e2a6
41,EulerE,gamastri,1228,1113,r3k2r/5pp1/B2Qqn1p/7b/8/2N2N1P/PPP2PP1/2KRR3 w kq - 1 18,c8e6
41,EulerE,gamastri,1228,1113,r3k2r/5pp1/3Qqn1p/1B5b/8/2N2N1P/PPP2PP1/2KRR3 b kq - 2 18,a6b5
41,EulerE,gamastri,1228,1113,r3k2r/3n1pp1/3Qq2p/1B5b/8/2N2N1P/PPP2PP1/2KRR3 w kq - 3 19,f6d7
41,EulerE,gamastri,1228,1113,r3k2r/3n1pp1/3QR2p/1B5b/8/2N2N1P/PPP2PP1/2KR4 b kq - 0 19,e1e6
41,EulerE,gamastri,1228,1113,r3k2r/3n2p1/3Qp2p/1B5b/8/2N2N1P/PPP2PP1/2KR4 w kq - 0 20,f7e6
41,EulerE,gamastri,1228,1113,r3k2r/3B2p1/3Qp2p/7b/8/2N2N1P/PPP2PP1/2KR4 b kq - 0 20,b5d7
41,EulerE,gamastri,1228,1113,r2k3r/3B2p1/3Qp2p/7b/8/2N2N1P/PPP2PP1/2KR4 w - - 1 21,e8d8
41,EulerE,gamastri,1228,1113,r2k3r/6p1/3QB2p/7b/8/2N2N1P/PPP2PP1/2KR4 b - - 0 21,d7e6
41,EulerE,gamastri,1228,1113,r3k2r/6p1/3QB2p/7b/8/2N2N1P/PPP2PP1/2KR4 w - - 1 22,d8e8
41,EulerE,gamastri,1228,1113,r3k2r/3Q2p1/4B2p/7b/8/2N2N1P/PPP2PP1/2KR4 b - - 2 22,d6d7
41,EulerE,gamastri,1228,1113,r4k1r/3Q2p1/4B2p/7b/8/2N2N1P/PPP2PP1/2KR4 w - - 3 23,e8f8
41,EulerE,gamastri,1228,1113,r4k1r/3Q2p1/4B2p/4N2b/8/2N4P/PPP2PP1/2KR4 b - - 4 23,f3e5
41,EulerE,gamastri,1228,1113,4rk1r/3Q2p1/4B2p/4N2b/8/2N4P/PPP2PP1/2KR4 w - - 5 24,a8e8
41,EulerE,gamastri,1228,1113,4rk1r/3Q2p1/4B2p/4N2b/6P1/2N4P/PPP2P2/2KR4 b - - 0 24,g2g4
41,EulerE,gamastri,1228,1113,4rk1r/3Q2p1/4B2p/4N3/6b1/2N4P/PPP2P2/2KR4 w - - 0 25,h5g4
41,EulerE,gamastri,1228,1113,4rk1r/5Qp1/4B2p/4N3/6b1/2N4P/PPP2P2/2KR4 b - - 1 25,d7f7
42,Tanvijaya,EulerE,1174,1235,rnbqkbnr/pppppppp/8/8/4P3/8/PPPP1PPP/RNBQKBNR b KQkq - 0 1,e2e4
42,Tanvijaya,EulerE,1174,1235,rnbqkbnr/pppp1ppp/8/4p3/4P3/8/PPPP1PPP/RNBQKBNR w KQkq - 0 2,e7e5
42,Tanvijaya,EulerE,1174,1235,rnbqkbnr/pppp1ppp/8/4p3/4P3/5N2/PPPP1PPP/RNBQKB1R b KQkq - 1 2,g1f3
42,Tanvijaya,EulerE,1174,1235,r1bqkbnr/pppp1ppp/2n5/4p3/4P3/5N2/PPPP1PPP/RNBQKB1R w KQkq - 2 3,b8c6
42,Tanvijaya,EulerE,1174,1235,r1bqkbnr/pppp1ppp/2n5/1B2p3/4P3/5N2/PPPP1PPP/RNBQK2R b KQkq - 3 3,f1b5
42,Tanvijaya,EulerE,1174,1235,r1bqkbnr/ppp2ppp/2np4/1B2p3/4P3/5N2/PPPP1PPP/RNBQK2R w KQkq - 0 4,d7d6
42,Tanvijaya,EulerE,1174,1235,r1bqkbnr/ppp2ppp/2np4/1B2p3/4P3/2N2N2/PPPP1PPP/R1BQK2R b KQkq - 1 4,b1c3
42,Tanvijaya,EulerE,1174,1235,r2qkbnr/pppb1ppp/2np4/1B2p3/4P3/2N2N2/PPPP1PPP/R1BQK2R w KQkq - 2 5,c8d7
42,Tanvijaya,EulerE,1174,1235,r2qkbnr/pppb1ppp/2np4/1B2p3/4P3/2NP1N2/PPP2PPP/R1BQK2R b KQkq - 0 5,d2d3
42,Tanvijaya,EulerE,1174,1235,r2qkb1r/pppb1ppp/2np1n2/1B2p3/4P3/2NP1N2/PPP2PPP/R1BQK2R w KQkq - 1 6,g8f6
42,Tanvijaya,EulerE,1174,1235,r2qkb1r/pppb1ppp/2np1n2/1B2p1B1/4P3/2NP1N2/PPP2PPP/R2QK2R b KQkq - 2 6,c1g5
42,Tanvijaya,EulerE,1174,1235,r2qkb1r/pppb1pp1/2np1n1p/1B2p1B1/4P3/2NP1N2/PPP2PPP/R2QK2R w KQkq - 0 7,h7h6
42,Tanvijaya,EulerE,1174,1235,r2qkb1r/pppb1pp1/2np1n1p/1B2p3/4P2B/2NP1N2/PPP2PPP/R2QK2R b KQkq - 1 7,g5h4
42,Tanvijaya,EulerE,1174,1235,r2qkb1r/1ppb1pp1/p1np1n1p/1B2p3/4P2B/2NP1N2/PPP2PPP/R2QK2R w KQkq - 0 8,a7a6
42,Tanvijaya,EulerE,1174,1235,r2qkb1r/1ppb1pp1/p1Bp1n1p/4p3/4P2B/2NP1N2/PPP2PPP/R2QK2R b KQkq - 0 8,b5c6
42,Tanvijaya,EulerE,1174,1235,r2qkb1r/1pp2pp1/p1bp1n1p/4p3/4P2B/2NP1N2/PPP2PPP/R2QK2R w KQkq - 0 9,d7c6
42,Tanvijaya,EulerE,1174,1235,r2qkb1r/1pp2pp1/p1bp1n1p/4p3/4P2B/2NP1N2/PPP2PPP/R2Q1RK1 b kq - 1 9,e1g1
42,Tanvijaya,EulerE,1174,1235,r2qk2r/1pp1bpp1/p1bp1n1p/4p3/4P2B/2NP1N2/PPP2PPP/R2Q1RK1 w kq - 2 10,f8e7
42,Tanvijaya,EulerE,1174,1235,r2qk2r/1pp1bpp1/p1bp1n1p/4p3/4P2B/2NP1N1P/PPP2PP1/R2Q1RK1 b kq - 0 10,h2h3
42,Tanvijaya,EulerE,1174,1235,r2qk2r/1ppnbpp1/p1bp3p/4p3/4P2B/2NP1N1P/PPP2PP1/R2Q1RK1 w kq - 1 11,f6d7
42,Tanvijaya,EulerE,1174,1235,r2qk2r/1ppnbpp1/p1bp3p/4p3/4P3/2NP1NBP/PPP2PP1/R2Q1RK1 b kq - 2 11,h4g3
42,Tanvijaya,EulerE,1174,1235,r2q1rk1/1ppnbpp1/p1bp3p/4p3/4P3/2NP1NBP/PPP2PP1/R2Q1RK1 w - - 3 12,e8g8
42,Tanvijaya,EulerE,1174,1235,r2q1rk1/1ppnbpp1/p1bp3p/4p3/4P2N/2NP2BP/PPP2PP1/R2Q1RK1 b - - 4 12,f3h4
42,Tanvijaya,EulerE,1174,1235,r2q1rk1/1ppn1pp1/p1bp3p/4p3/4P2b/2NP2BP/PPP2PP1/R2Q1RK1 w - - 0 13,e7h4
42,Tanvijaya,EulerE,1174,1235,r2q1rk1/1ppn1pp1/p1bp3p/4p3/4P2b/2NP1QBP/PPP2PP1/R4RK1 b - - 1 13,d1f3
42,Tanvijaya,EulerE,1174,1235,r2q1rk1/1ppn1pp1/p1bp3p/4p3/4P3/2NP1QbP/PPP2PP1/R4RK1 w - - 0 14,h4g3
42,Tanvijaya,EulerE,1174,1235,r2q1rk1/1ppn1pp1/p1bp3p/4p3/4P3/2NP1QPP/PPP3P1/R4RK1 b - - 0 14,f2g3
42,Tanvijaya,EulerE,1174,1235,r2q1rk1/1pp2pp1/pnbp3p/4p3/4P3/2NP1QPP/PPP3P1/R4RK1 w - - 1 15,d7b6
42,Tanvijaya,EulerE,1174,1235,r2q1rk1/1pp2pp1/pnbp3p/4p3/4P3/1PNP1QPP/P1P3P1/R4RK1 b - - 0 15,b2b3
42,Tanvijaya,EulerE,1174,1235,r2q1rk1/1pp3p1/pnbp3p/4pp2/4P3/1PNP1QPP/P1P3P1/R4RK1 w - - 0 16,f7f5
42,Tanvijaya,EulerE,1174,1235,r2q1rk1/1pp3p1/pnbp3p/4pP2/8/1PNP1QPP/P1P3P1/R4RK1 b - - 0 16,e4f5
42,Tanvijaya,EulerE,1174,1235,r2q1rk1/1pp3p1/pn1p3p/4pP2/8/1PNP1bPP/P1P3P1/R4RK1 w - - 0 17,c6f3
43,joshuajosephus,EulerE,1258,1236,rnbqkbnr/pppppppp/8/8/4P3/8/PPPP1PPP/RNBQKBNR b KQkq - 0 1,e2e4
43,joshuajosephus,EulerE,1258,1236,rnbqkbnr/pppp1ppp/8/4p3/4P3/8/PPPP1PPP/RNBQKBNR w KQkq - 0 2,e7e5
43,joshuajosephus,EulerE,1258,1236,rnbqkbnr/pppp1ppp/8/4p3/4P3/5N2/PPPP1PPP/RNBQKB1R b KQkq - 1 2,g1f3
43,joshuajosephus,EulerE,1258,1236,r1bqkbnr/pppp1ppp/2n5/4p3/4P3/5N2/PPPP1PPP/RNBQKB1R w KQkq - 2 3,b8c6
43,joshuajosephus,EulerE,1258,1236,r1bqkbnr/pppp1ppp/2n5/1B2p3/4P3/5N2/PPPP1PPP/RNBQK2R b KQkq - 3 3,f1b5
43,joshuajosephus,EulerE,1258,1236,r1bqkbnr/ppp2ppp/2np4/1B2p3/4P3/5N2/PPPP1PPP/RNBQK2R w KQkq - 0 4,d7d6
43,joshuajosephus,EulerE,1258,1236,r1bqkbnr/ppp2ppp/2Bp4/4p3/4P3/5N2/PPPP1PPP/RNBQK2R b KQkq - 0 4,b5c6
43,joshuajosephus,EulerE,1258,1236,r1bqkbnr/p1p2ppp/2pp4/4p3/4P3/5N2/PPPP1PPP/RNBQK2R w KQkq - 0 5,b7c6
43,joshuajosephus,EulerE,1258,1236,r1bqkbnr/p1p2ppp/2pp4/4p3/4P3/3P1N2/PPP2PPP/RNBQK2R b KQkq - 0 5,d2d3
43,joshuajosephus,EulerE,1258,1236,r1bqkbnr/p1p2ppp/2p5/3pp3/4P3/3P1N2/PPP2PPP/RNBQK2R w KQkq - 0 6,d6d5
43,joshuajosephus,EulerE,1258,1236,r1bqkbnr/p1p2ppp/2p5/3Pp3/8/3P1N2/PPP2PPP/RNBQK2R b KQkq - 0 6,e4d5
43,joshuajosephus,EulerE,1258,1236,r2qkbnr/p1p2ppp/2p5/3Pp3/6b1/3P1N2/PPP2PPP/RNBQK2R w KQkq - 1 7,c8g4
43,joshuajosephus,EulerE,1258,1236,r2qkbnr/p1p2ppp/2p5/3Pp3/6b1/3P1N2/PPP2PPP/RNBQ1RK1 b kq - 2 7,e1g1
43,joshuajosephus,EulerE,1258,1236,r2qkbnr/p1p2ppp/8/3pp3/6b1/3P1N2/PPP2PPP/RNBQ1RK1 w kq - 0 8,c6d5
43,joshuajosephus,EulerE,1258,1236,r2qkbnr/p1p2ppp/8/3pp3/6b1/3P1N1P/PPP2PP1/RNBQ1RK1 b kq - 0 8,h2h3
43,joshuajosephus,EulerE,1258,1236,r2qkbnr/p1p2ppp/8/3pp2b/8/3P1N1P/PPP2PP1/RNBQ1RK1 w kq - 1 9,g4h5
43,joshuajosephus,EulerE,1258,1236,r2qkbnr/p1p2ppp/8/3pp2b/8/3P1N1P/PPP1QPP1/RNB2RK1 b kq - 2 9,d1e2
43,joshuajosephus,EulerE,1258,1236,r2qkbnr/p1p2ppp/8/3pp3/8/3P1b1P/PPP1QPP1/RNB2RK1 w kq - 0 10,h5f3
43,joshuajosephus,EulerE,1258,1236,r2qkbnr/p1p2ppp/8/3pp3/8/3P1Q1P/PPP2PP1/RNB2RK1 b kq - 0 10,e2f3
43,joshuajosephus,EulerE,1258,1236,r2qk1nr/p1p2ppp/8/2bpp3/8/3P1Q1P/PPP2PP1/RNB2RK1 w kq - 1 11,f8c5
43,joshuajosephus,EulerE,1258,1236,r2qk1nr/p1p2ppp/8/2bpp3/8/3P1Q1P/PPP2PP1/RNB1R1K1 b kq - 2 11,f1e1
43,joshuajosephus,EulerE,1258,1236,r2qk1nr/p1p3pp/5p2/2bpp3/8/3P1Q1P/PPP2PP1/RNB1R1K1 w kq - 0 12,f7f6
43,joshuajosephus,EulerE,1258,1236,r2qk1nr/p1p3pp/5p2/2bpp3/8/3PBQ1P/PPP2PP1/RN2R1K1 b kq - 1 12,c1e3
43,joshuajosephus,EulerE,1258,1236,r3k1nr/p1p3pp/3q1p2/2bpp3/8/3PBQ1P/PPP2PP1/RN2R1K1 w kq - 2 13,d8d6
43,joshuajosephus,EulerE,1258,1236,r3k1nr/p1p3pp/3q1p2/2bpp3/8/2PPBQ1P/PP3PP1/RN2R1K1 b kq - 0 13,c2c3
43,joshuajosephus,EulerE,1258,1236,r3k2r/p1p1n1pp/3q1p2/2bpp3/8/2PPBQ1P/PP3PP1/RN2R1K1 w kq - 1 14,g8e7
43,joshuajosephus,EulerE,1258,1236,r3k2r/p1p1n1pp/3q1p2/2bpp3/3P4/2P1BQ1P/PP3PP1/RN2R1K1 b kq - 0 14,d3d4
43,joshuajosephus,EulerE,1258,1236,r3k2r/p1p1n1pp/3q1p2/2bp4/3p4/2P1BQ1P/PP3PP1/RN2R1K1 w kq - 0 15,e5d4
43,joshuajosephus,EulerE,1258,1236,r3k2r/p1p1n1pp/3q1p2/2bp4/3P4/4BQ1P/PP3PP1/RN2R1K1 b kq - 0 15,c3d4
43,joshuajosephus,EulerE,1258,1236,r3k2r/p1p1n1pp/3q1p2/3p4/1b1P4/4BQ1P/PP3PP1/RN2R1K1 w kq - 1 16,c5b4
43,joshuajosephus,EulerE,1258,1236,r3k2r/p1p1n1pp/3q1p2/3p4/1b1P1B2/5Q1P/PP3PP1/RN2R1K1 b kq - 2 16,e3f4
43,joshuajosephus,EulerE,1258,1236,r3k2r/p1p1n1pp/1q3p2/3p4/1b1P1B2/5Q1P/PP3PP1/RN2R1K1 w kq - 3 17,d6b6
43,joshuajosephus,EulerE,1258,1236,r3k2r/p1p1n1pp/1q3p2/3p4/1b1P1B2/5Q1P/PP3PP1/RN1R2K1 b kq - 4 17,e1d1
43,joshuajosephus,EulerE,1258,1236,2kr3r/p1p1n1pp/1q3p2/3p4/1b1P1B2/5Q1P/PP3PP1/RN1R2K1 w - - 5 18,e8c8
43,joshuajosephus,EulerE,1258,1236,2kr3r/p1p1n1pp/1q3p2/3p4/1b1P1B2/P4Q1P/1P3PP1/RN1R2K1 b - - 0 18,a2a3
43,joshuajosephus,EulerE,1258,1236,2kr3r/p1p1n1pp/1q3p2/b2p4/3P1B2/P4Q1P/1P3PP1/RN1R2K1 w - - 1 19,b4a5
43,joshuajosephus,EulerE,1258,1236,2kr3r/p1p1n1pp/1q3p2/b2p4/3P1B2/P1N2Q1P/1P3PP1/R2R2K1 b - - 2 19,b1c3
43,joshuajosephus,EulerE,1258,1236,2kr3r/p1p1n1pp/5p2/b2p4/3P1B2/P1N2Q1P/1q3PP1/R2R2K1 w - - 0 20,b6b2
43,joshuajosephus,EulerE,1258,1236,2kr3r/p1p1n1pp/5p2/b2p4/N2P1B2/P4Q1P/1q3PP1/R2R2K1 b - - 1 20,c3a4
43,joshuajosephus,EulerE,1258,1236,2kr3r/p1p1n1pp/5p2/bq1p4/N2P1B2/P4Q1P/5PP1/R2R2K1 w - - 2 21,b2b5
43,joshuajosephus,EulerE,1258,1236,2kr3r/p1p1n1pp/5p2/bqNp4/3P1B2/P4Q1P/5PP1/R2R2K1 b - - 3 21,a4c5
43,joshuajosephus,EulerE,1258,1236,2kr3r/p1p1n1pp/1b3p2/1qNp4/3P1B2/P4Q1P/5PP1/R2R2K1 w - - 4 22,a5b6
43,joshuajosephus,EulerE,1258,1236,2kr3r/p1p1n1pp/1b2Np2/1q1p4/3P1B2/P4Q1P/5PP1/R2R2K1 b - - 5 22,c5e6
43,joshuajosephus,EulerE,1258,1236,2kr3r/p1p3pp/1b2Np2/1q1p1n2/3P1B2/P4Q1P/5PP1/R2R2K1 w - - 6 23,e7f5
43,joshuajosephus,EulerE,1258,1236,2kN3r/p1p3pp/1b3p2/1q1p1n2/3P1B2/P4Q1P/5PP1/R2R2K1 b - - 0 23,e6d8
43,joshuajosephus,EulerE,1258,1236,3k3r/p1p3pp/1b3p2/1q1p1n2/3P1B2/P4Q1P/5PP1/R2R2K1 w - - 0 24,c8d8
43,joshuajosephus,EulerE,1258,1236,3k3r/p1p3pp/1b3p2/1q1p1n2/3P4/P3BQ1P/5PP1/R2R2K1 b - - 1 24,f4e3
43,joshuajosephus,EulerE,1258,1236,3k3r/p1p3pp/1b3p2/1q1p4/3P4/P3nQ1P/5PP1/R2R2K1 w - - 0 25,f5e3
43,joshuajosephus,EulerE,1258,1236,3k3r/p1p3pp/1b3p2/1q1p4/3P4/P3Q2P/5PP1/R2R2K1 b - - 0 25,f3e3
43,joshuajosephus,EulerE,1258,1236,3kr3/p1p3pp/1b3p2/1q1p4/3P4/P3Q2P/5PP1/R2R2K1 w - - 1 26,h8e8
43,joshuajosephus,EulerE,1258,1236,3kr3/p1p3pp/1b3p2/1q1p4/3P4/P4Q1P/5PP1/R2R2K1 b - - 2 26,e3f3
43,joshuajosephus,EulerE,1258,1236,3kr3/p1p3pp/1b3p2/3p4/2qP4/P4Q1P/5PP1/R2R2K1 w - - 3 27,b5c4
43,joshuajosephus,EulerE,1258,1236,3kr3/p1p3pp/1b3p2/3p4/2qP2Q1/P6P/5PP1/R2R2K1 b - - 4 27,f3g4
43,joshuajosephus,EulerE,1258,1236,3kr3/p1p3p1/1b3p2/3p3p/2qP2Q1/P6P/5PP1/R2R2K1 w - - 0 28,h7h5
43,joshuajosephus,EulerE,1258,1236,3kr3/p1p3p1/1b3p2/3p3p/2qP3Q/P6P/5PP1/R2R2K1 b - - 1 28,g4h4
43,joshuajosephus,EulerE,1258,1236,3kr3/p1p5/1b3p2/3p2pp/2qP3Q/P6P/5PP1/R2R2K1 w - - 0 29,g7g5
43,joshuajosephus,EulerE,1258,1236,3kr3/p1p5/1b3p2/3p2pQ/2qP4/P6P/5PP1/R2R2K1 b - - 0 29,h4h5
43,joshuajosephus,EulerE,1258,1236,3kr3/p1p5/5p2/3p2pQ/2qb4/P6P/5PP1/R2R2K1 w - - 0 30,b6d4
43,joshuajosephus,EulerE,1258,1236,3kr3/p1p5/5p2/3p2pQ/2qb4/P6P/5PP1/2RR2K1 b - - 1 30,a1c1
43,joshuajosephus,EulerE,1258,1236,3kr3/p1p5/5p2/3p2pQ/q2b4/P6P/5PP1/2RR2K1 w - - 2 31,c4a4
43,joshuajosephus,EulerE,1258,1236,3kr3/p1p5/5p2/3p2p1/q2b2Q1/P6P/5PP1/2RR2K1 b - - 3 31,h5g4
43,joshuajosephus,EulerE,1258,1236,3k4/p1p5/5p2/3p2p1/q2br1Q1/P6P/5PP1/2RR2K1 w - - 4 32,e8e4
43,joshuajosephus,EulerE,1258,1236,3k4/p1p5/5p2/3p2p1/q2br3/P4Q1P/5PP1/2RR2K1 b - - 5 32,g4f3
43,joshuajosephus,EulerE,1258,1236,3k4/p1p5/5p2/q2p2p1/3br3/P4Q1P/5PP1/2RR2K1 w - - 6 33,a4a5
43,joshuajosephus,EulerE,1258,1236,3k4/p1p5/5p2/q2p2p1/3br3/P5QP/5PP1/2RR2K1 b - - 7 33,f3g3
43,joshuajosephus,EulerE,1258,1236,3k4/p1p5/5p2/q2p2p1/3b1r2/P5QP/5PP1/2RR2K1 w - - 8 34,e4f4
43,joshuajosephus,EulerE,1258,1236,3k4/p1p5/5p2/q2p2p1/3b1r2/P5QP/3R1PP1/2R3K1 b - - 9 34,d1d2
43,joshuajosephus,EulerE,1258,1236,3k4/p1p5/5p2/3p2p1/3b1r2/P5QP/3q1PP1/2R3K1 w - - 0 35,a5d2
43,joshuajosephus,EulerE,1258,1236,3k4/p1p5/5p2/3p2p1/3b1r2/PQ5P/3q1PP1/2R3K1 b - - 1 35,g3b3
43,joshuajosephus,EulerE,1258,1236,3k4/p1p5/5p2/3p2p1/3b1r2/PQ5P/5qP1/2R3K1 w - - 0 36,d2f2
43,joshuajosephus,EulerE,1258,1236,3k4/p1p5/5p2/3p2p1/3b1r2/PQ5P/5qP1/2R4K b - - 1 36,g1h1
43,joshuajosephus,EulerE,1258,1236,3k4/p1p5/1b3p2/3p2p1/5r2/PQ5P/5qP1/2R4K w - - 2 37,d4b6
43,joshuajosephus,EulerE,1258,1236,3k4/p1p5/1b3p2/3Q2p1/5r2/P6P/5qP1/2R4K b - - 0 37,b3d5
43,joshuajosephus,EulerE,1258,1236,2k5/p1p5/1b3p2/3Q2p1/5r2/P6P/5qP1/2R4K w - - 1 38,d8c8
43,joshuajosephus,EulerE,1258,1236,2k5/p1p5/1b2Qp2/6p1/5r2/P6P/5qP1/2R4K b - - 2 38,d5e6
43,joshuajosephus,EulerE,1258,1236,1k6/p1p5/1b2Qp2/6p1/5r2/P6P/5qP1/2R4K w - - 3 39,c8b8
43,joshuajosephus,EulerE,1258,1236,1k2Q3/p1p5/1b3p2/6p1/5r2/P6P/5qP1/2R4K b - - 4 39,e6e8
43,joshuajosephus,EulerE,1258,1236,4Q3/pkp5/1b3p2/6p1/5r2/P6P/5qP1/2R4K w - - 5 40,b8b7
43,joshuajosephus,EulerE,1258,1236,8/pkp5/1bQ2p2/6p1/5r2/P6P/5qP1/2R4K b - - 6 40,e8c6
43,joshuajosephus,EulerE,1258,1236,8/p1p5/kbQ2p2/6p1/5r2/P6P/5qP1/2R4K w - - 7 41,b7a6
43,joshuajosephus,EulerE,1258,1236,8/p1p5/kb3p2/6p1/2Q2r2/P6P/5qP1/2R4K b - - 8 41,c6c4
43,joshuajosephus,EulerE,1258,1236,8/pkp5/1b3p2/6p1/2Q2r2/P6P/5qP1/2R4K w - - 9 42,a6b7
43,joshuajosephus,EulerE,1258,1236,8/pkp5/1bQ2p2/6p1/5r2/P6P/5qP1/2R4K b - - 10 42,c4c6
43,joshuajosephus,EulerE,1258,1236,1k6/p1p5/1bQ2p2/6p1/5r2/P6P/5qP1/2R4K w - - 11 43,b7b8
43,joshuajosephus,EulerE,1258,1236,1k2Q3/p1p5/1b3p2/6p1/5r2/P6P/5qP1/2R4K b - - 12 43,c6e8
43,joshuajosephus,EulerE,1258,1236,4Q3/pkp5/1b3p2/6p1/5r2/P6P/5qP1/2R4K w - - 13 44,b8b7
43,joshuajosephus,EulerE,1258,1236,8/pkp5/1bQ2p2/6p1/5r2/P6P/5qP1/2R4K b - - 14 44,e8c6
44,EulerE,jaypacifico,1245,1279,rnbqkbnr/pppppppp/8/8/3P4/8/PPP1PPPP/RNBQKBNR b KQkq - 0 1,d2d4
44,EulerE,jaypacifico,1245,1279,rnbqkbnr/ppp1pppp/8/3p4/3P4/8/PPP1PPPP/RNBQKBNR w KQkq - 0 2,d7d5
44,EulerE,jaypacifico,1245,1279,rnbqkbnr/ppp1pppp/8/3p4/2PP4/8/PP2PPPP/RNBQKBNR b KQkq - 0 2,c2c4
44,EulerE,jaypacifico,1245,1279,rnbqkb1r/ppp1pppp/5n2/3p4/2PP4/8/PP2PPPP/RNBQKBNR w KQkq - 1 3,g8f6
44,EulerE,jaypacifico,1245,1279,rnbqkb1r/ppp1pppp/5n2/3p4/2PP4/2N5/PP2PPPP/R1BQKBNR b KQkq - 2 3,b1c3
44,EulerE,jaypacifico,1245,1279,rnbqkb1r/ppp2ppp/4pn2/3p4/2PP4/2N5/PP2PPPP/R1BQKBNR w KQkq - 0 4,e7e6
44,EulerE,jaypacifico,1245,1279,rnbqkb1r/ppp2ppp/4pn2/3p2B1/2PP4/2N5/PP2PPPP/R2QKBNR b KQkq - 1 4,c1g5
44,EulerE,jaypacifico,1245,1279,rnbqkb1r/pp3ppp/2p1pn2/3p2B1/2PP4/2N5/PP2PPPP/R2QKBNR w KQkq - 0 5,c7c6
44,EulerE,jaypacifico,1245,1279,rnbqkb1r/pp3ppp/2p1pn2/2Pp2B1/3P4/2N5/PP2PPPP/R2QKBNR b KQkq - 0 5,c4c5
44,EulerE,jaypacifico,1245,1279,rnbqk2r/pp2bppp/2p1pn2/2Pp2B1/3P4/2N5/PP2PPPP/R2QKBNR w KQkq - 1 6,f8e7
44,EulerE,jaypacifico,1245,1279,rnbqk2r/pp2bppp/2p1pn2/2Pp2B1/3P4/2N2N2/PP2PPPP/R2QKB1R b KQkq - 2 6,g1f3
44,EulerE,jaypacifico,1245,1279,rnb1k2r/pp2bppp/2p1pn2/q1Pp2B1/3P4/2N2N2/PP2PPPP/R2QKB1R w KQkq - 3 7,d8a5
44,EulerE,jaypacifico,1245,1279,rnb1k2r/pp2bppp/2p1pn2/q1Pp2B1/3P4/2N1PN2/PP3PPP/R2QKB1R b KQkq - 0 7,e2e3
44,EulerE,jaypacifico,1245,1279,rnb2rk1/pp2bppp/2p1pn2/q1Pp2B1/3P4/2N1PN2/PP3PPP/R2QKB1R w KQ - 1 8,e8g8
44,EulerE,jaypacifico,1245,1279,rnb2rk1/pp2bppp/2p1pn2/q1Pp2B1/3P4/2NBPN2/PP3PPP/R2QK2R b KQ - 2 8,f1d3
44,EulerE,jaypacifico,1245,1279,rnb1r1k1/pp2bppp/2p1pn2/q1Pp2B1/3P4/2NBPN2/PP3PPP/R2QK2R w KQ - 3 9,f8e8
44,EulerE,jaypacifico,1245,1279,rnb1r1k1/pp2bppp/2p1pB2/q1Pp4/3P4/2NBPN2/PP3PPP/R2QK2R b KQ - 0 9,g5f6
44,EulerE,jaypacifico,1245,1279,rnb1r1k1/pp3ppp/2p1pb2/q1Pp4/3P4/2NBPN2/PP3PPP/R2QK2R w KQ - 0 10,e7f6
44,EulerE,jaypacifico,1245,1279,rnb1r1k1/pp3ppp/2p1pb2/q1Pp4/3P4/2NBPN2/PP3PPP/R2Q1RK1 b - - 1 10,e1g1
44,EulerE,jaypacifico,1245,1279,r1b1r1k1/pp1n1ppp/2p1pb2/q1Pp4/3P4/2NBPN2/PP3PPP/R2Q1RK1 w - - 2 11,b8d7
44,EulerE,jaypacifico,1245,1279,r1b1r1k1/pp1n1ppp/2p1pb2/q1Pp4/3P4/2NBPN2/PP3PPP/R2QR1K1 b - - 3 11,f1e1
44,EulerE,jaypacifico,1245,1279,r1b1r1k1/ppqn1ppp/2p1pb2/2Pp4/3P4/2NBPN2/PP3PPP/R2QR1K1 w - - 4 12,a5c7
44,EulerE,jaypacifico,1245,1279,r1b1r1k1/ppqn1ppp/2p1pb2/2Pp4/3P4/2NBPN2/PP3PPP/1R1QR1K1 b - - 5 12,a1b1
44,EulerE,jaypacifico,1245,1279,r1b1r1k1/ppqn1ppp/2p2b2/2Ppp3/3P4/2NBPN2/PP3PPP/1R1QR1K1 w - - 0 13,e6e5
44,EulerE,jaypacifico,1245,1279,r1b1r1k1/ppqn1ppp/2p2b2/2Ppp3/1P1P4/2NBPN2/P4PPP/1R1QR1K1 b - - 0 13,b2b4
44,EulerE,jaypacifico,1245,1279,r1b1r1k1/p1qn1ppp/1pp2b2/2Ppp3/1P1P4/2NBPN2/P4PPP/1R1QR1K1 w - - 0 14,b7b6
44,EulerE,jaypacifico,1245,1279,r1b1r1k1/p1qn1ppp/1pp2b2/2Ppp3/1P1P4/P1NBPN2/5PPP/1R1QR1K1 b - - 0 14,a2a3
44,EulerE,jaypacifico,1245,1279,r3r1k1/pbqn1ppp/1pp2b2/2Ppp3/1P1P4/P1NBPN2/5PPP/1R1QR1K1 w - - 1 15,c8b7
44,EulerE,jaypacifico,1245,1279,r3r1k1/pbqn1ppp/1pp2b2/2Ppp3/1P1P4/PQNBPN2/5PPP/1R2R1K1 b - - 2 15,d1b3
44,EulerE,jaypacifico,1245,1279,r3r1k1/pbqn1ppp/1pp2b2/2Pp4/1P1p4/PQNBPN2/5PPP/1R2R1K1 w - - 0 16,e5d4
44,EulerE,jaypacifico,1245,1279,r3r1k1/pbqn1ppp/1pp2b2/2Pp4/1P1P4/PQNB1N2/5PPP/1R2R1K1 b - - 0 16,e3d4
44,EulerE,jaypacifico,1245,1279,r5k1/pbqn1ppp/1pp2b2/2Pp4/1P1P4/PQNB1N2/5PPP/1R2r1K1 w - - 0 17,e8e1
44,EulerE,jaypacifico,1245,1279,r5k1/pbqn1ppp/1pp2b2/2Pp4/1P1P4/PQNB1N2/5PPP/4R1K1 b - - 0 17,b1e1
44,EulerE,jaypacifico,1245,1279,r5k1/pbqn1ppp/2p2b2/2pp4/1P1P4/PQNB1N2/5PPP/4R1K1 w - - 0 18,b6c5
44,EulerE,jaypacifico,1245,1279,r5k1/pbqn1ppp/2p2b2/2Pp4/3P4/PQNB1N2/5PPP/4R1K1 b - - 0 18,b4c5
44,EulerE,jaypacifico,1245,1279,1r4k1/pbqn1ppp/2p2b2/2Pp4/3P4/PQNB1N2/5PPP/4R1K1 w - - 1 19,a8b8
44,EulerE,jaypacifico,1245,1279,1r4k1/pbqn1ppp/2p2b2/2Pp4/Q2P4/P1NB1N2/5PPP/4R1K1 b - - 2 19,b3a4
44,EulerE,jaypacifico,1245,1279,r5k1/pbqn1ppp/2p2b2/2Pp4/Q2P4/P1NB1N2/5PPP/4R1K1 w - - 3 20,b8a8
44,EulerE,jaypacifico,1245,1279,r5k1/pbqn1ppp/2p2b2/2Pp1B2/Q2P4/P1N2N2/5PPP/4R1K1 b - - 4 20,d3f5
44,EulerE,jaypacifico,1245,1279,r5k1/1bqn1ppp/2p2b2/p1Pp1B2/Q2P4/P1N2N2/5PPP/4R1K1 w - - 0 21,a7a5
44,EulerE,jaypacifico,1245,1279,r5k1/1bqB1ppp/2p2b2/p1Pp4/Q2P4/P1N2N2/5PPP/4R1K1 b - - 0 21,f5d7
44,EulerE,jaypacifico,1245,1279,r5k1/1b1q1ppp/2p2b2/p1Pp4/Q2P4/P1N2N2/5PPP/4R1K1 w - - 0 22,c7d7
44,EulerE,jaypacifico,1245,1279,r5k1/1b1q1ppp/2p2b2/p1PpN3/Q2P4/P1N5/5PPP/4R1K1 b - - 1 22,f3e5
44,EulerE,jaypacifico,1245,1279,r5k1/1bq2ppp/2p2b2/p1PpN3/Q2P4/P1N5/5PPP/4R1K1 w - - 2 23,d7c7
44,EulerE,jaypacifico,1245,1279,r5k1/1bq2ppp/2p2b2/p1PpN3/Q2P4/P1N5/5PPP/4RK2 b - - 3 23,g1f1
44,EulerE,jaypacifico,1245,1279,4r1k1/1bq2ppp/2p2b2/p1PpN3/Q2P4/P1N5/5PPP/4RK2 w - - 4 24,a8e8
44,EulerE,jaypacifico,1245,1279,4r1k1/1bq2ppp/2p2b2/p1Pp4/Q2P4/P1N2N2/5PPP/4RK2 b - - 5 24,e5f3
44,EulerE,jaypacifico,1245,1279,6k1/1bq2ppp/2p2b2/p1Pp4/Q2P4/P1N2N2/5PPP/4rK2 w - - 0 25,e8e1
44,EulerE,jaypacifico,1245,1279,6k1/1bq2ppp/2p2b2/p1Pp4/Q2P4/P1N2N2/5PPP/4K3 b - - 0 25,f1e1
44,EulerE,jaypacifico,1245,1279,6k1/2q2ppp/b1p2b2/p1Pp4/Q2P4/P1N2N2/5PPP/4K3 w - - 1 26,b7a6
44,EulerE,jaypacifico,1245,1279,6k1/2q2ppp/b1p2b2/p1Pp4/Q2P4/P4N2/4NPPP/4K3 b - - 2 26,c3e2
44,EulerE,jaypacifico,1245,1279,6k1/4qppp/b1p2b2/p1Pp4/Q2P4/P4N2/4NPPP/4K3 w - - 3 27,c7e7
44,EulerE,jaypacifico,1245,1279,6k1/4qppp/b1p2b2/p1Pp4/Q2P4/P7/4NPPP/4K1N1 b - - 4 27,f3g1
44,EulerE,jaypacifico,1245,1279,6k1/4qppp/b1p5/p1Pp4/Q2b4/P7/4NPPP/4K1N1 w - - 0 28,f6d4
44,EulerE,jaypacifico,1245,1279,6k1/4qppp/b1Q5/p1Pp4/3b4/P7/4NPPP/4K1N1 b - - 0 28,a4c6
44,EulerE,jaypacifico,1245,1279,6k1/1b2qppp/2Q5/p1Pp4/3b4/P7/4NPPP/4K1N1 w - - 1 29,a6b7
44,EulerE,jaypacifico,1245,1279,6k1/1b2qppp/3Q4/p1Pp4/3b4/P7/4NPPP/4K1N1 b - - 2 29,c6d6
44,EulerE,jaypacifico,1245,1279,6k1/1b2qppp/3Q4/p1bp4/8/P7/4NPPP/4K1N1 w - - 0 30,d4c5
44,EulerE,jaypacifico,1245,1279,6k1/1b2Qppp/8/p1bp4/8/P7/4NPPP/4K1N1 b - - 0 30,d6e7
44,EulerE,jaypacifico,1245,1279,6k1/1b2bppp/8/p2p4/8/P7/4NPPP/4K1N1 w - - 0 31,c5e7
44,EulerE,jaypacifico,1245,1279,6k1/1b2bppp/8/p2p4/8/P1N5/5PPP/4K1N1 b - - 1 31,e2c3
44,EulerE,jaypacifico,1245,1279,6k1/1b3ppp/8/p2p4/8/b1N5/5PPP/4K1N1 w - - 0 32,e7a3
44,EulerE,jaypacifico,1245,1279,6k1/1b3ppp/8/pN1p4/8/b7/5PPP/4K1N1 b - - 1 32,c3b5
44,EulerE,jaypacifico,1245,1279,6k1/5ppp/2b5/pN1p4/8/b7/5PPP/4K1N1 w - - 2 33,b7c6
44,EulerE,jaypacifico,1245,1279,6k1/5ppp/2b5/p2p4/8/N7/5PPP/4K1N1 b - - 0 33,b5a3
44,EulerE,jaypacifico,1245,1279,6k1/5ppp/2b5/3p4/p7/N7/5PPP/4K1N1 w - - 0 34,a5a4
44,EulerE,jaypacifico,1245,1279,6k1/5ppp/2b5/3p4/p7/N7/4NPPP/4K3 b - - 1 34,g1e2
44,EulerE,jaypacifico,1245,1279,6k1/6pp/2b5/3p1p2/p7/N7/4NPPP/4K3 w - - 0 35,f7f5
44,EulerE,jaypacifico,1245,1279,6k1/6pp/2b5/3p1p2/p2N4/N7/5PPP/4K3 b - - 1 35,e2d4
44,EulerE,jaypacifico,1245,1279,6k1/3b2pp/8/3p1p2/p2N4/N7/5PPP/4K3 w - - 2 36,c6d7
44,EulerE,jaypacifico,1245,1279,6k1/3b2pp/8/3p1p2/p2N4/N7/3K1PPP/8 b - - 3 36,e1d2
44,EulerE,jaypacifico,1245,1279,6k1/3b3p/6p1/3p1p2/p2N4/N7/3K1PPP/8 w - - 0 37,g7g6
44,EulerE,jaypacifico,1245,1279,6k1/3b3p/6p1/3p1p2/p2N4/N1K5/5PPP/8 b - - 1 37,d2c3
44,EulerE,jaypacifico,1245,1279,8/3b1k1p/6p1/3p1p2/p2N4/N1K5/5PPP/8 w - - 2 38,g8f7
44,EulerE,jaypacifico,1245,1279,8/3b1k1p/6p1/3p1p2/pK1N4/N7/5PPP/8 b - - 3 38,c3b4
44,EulerE,jaypacifico,1245,1279,8/3b3p/5kp1/3p1p2/pK1N4/N7/5PPP/8 w - - 4 39,f7f6
44,EulerE,jaypacifico,1245,1279,8/3b3p/5kp1/1N1p1p2/pK6/N7/5PPP/8 b - - 5 39,d4b5
44,EulerE,jaypacifico,1245,1279,8/3b3p/6p1/1N1pkp2/pK6/N7/5PPP/8 w - - 6 40,f6e5
44,EulerE,jaypacifico,1245,1279,8/3b3p/6p1/1N1pkp2/K7/N7/5PPP/8 b - - 0 40,b4a4
44,EulerE,jaypacifico,1245,1279,8/3b3p/6p1/1N2kp2/K2p4/N7/5PPP/8 w - - 0 41,d5d4
44,EulerE,jaypacifico,1245,1279,8/3b3p/6p1/1N2kp2/3p4/NK6/5PPP/8 b - - 1 41,a4b3
44,EulerE,jaypacifico,1245,1279,8/3b3p/6p1/1N3p2/3pk3/NK6/5PPP/8 w - - 2 42,e5e4
44,EulerE,jaypacifico,1245,1279,8/3b3p/6p1/1N3p2/2Kpk3/N7/5PPP/8 b - - 3 42,b3c4
44,EulerE,jaypacifico,1245,1279,8/3b4/6p1/1N3p1p/2Kpk3/N7/5PPP/8 w - - 0 43,h7h5
44,EulerE,jaypacifico,1245,1279,8/3b4/6p1/5p1p/2KNk3/N7/5PPP/8 b - - 0 43,b5d4
44,EulerE,jaypacifico,1245,1279,8/8/4b1p1/5p1p/2KNk3/N7/5PPP/8 w - - 1 44,d7e6
44,EulerE,jaypacifico,1245,1279,8/8/4N1p1/5p1p/2K1k3/N7/5PPP/8 b - - 0 44,d4e6
45,chesstricks66,EulerE,1172,1235,rnbqkbnr/pppppppp/8/8/4P3/8/PPPP1PPP/RNBQKBNR b KQkq - 0 1,e2e4
45,chesstricks66,EulerE,1172,1235,rnbqkbnr/pppp1ppp/8/4p3/4P3/8/PPPP1PPP/RNBQKBNR w KQkq - 0 2,e7e5
45,chesstricks66,EulerE,1172,1235,rnbqkbnr/pppp1ppp/8/4p3/2B1P3/8/PPPP1PPP/RNBQK1NR b KQkq - 1 2,f1c4
45,chesstricks66,EulerE,1172,1235,rnbqkb1r/pppp1ppp/5n2/4p3/2B1P3/8/PPPP1PPP/RNBQK1NR w KQkq - 2 3,g8f6
45,chesstricks66,EulerE,1172,1235,rnbqkb1r/pppp1ppp/5n2/4p3/2B1P3/5N2/PPPP1PPP/RNBQK2R b KQkq - 3 3,g1f3
45,chesstricks66,EulerE,1172,1235,r1bqkb1r/pppp1ppp/2n2n2/4p3/2B1P3/5N2/PPPP1PPP/RNBQK2R w KQkq - 4 4,b8c6
45,chesstricks66,EulerE,1172,1235,r1bqkb1r/pppp1ppp/2n2n2/4p1N1/2B1P3/8/PPPP1PPP/RNBQK2R b KQkq - 5 4,f3g5
45,chesstricks66,EulerE,1172,1235,r1bqkb1r/ppp2ppp/2n2n2/3pp1N1/2B1P3/8/PPPP1PPP/RNBQK2R w KQkq - 0 5,d7d5
45,chesstricks66,EulerE,1172,1235,r1bqkb1r/ppp2ppp/2n2n2/3Pp1N1/2B5/8/PPPP1PPP/RNBQK2R b KQkq - 0 5,e4d5
45,chesstricks66,EulerE,1172,1235,r1bqkb1r/ppp2ppp/2n5/3np1N1/2B5/8/PPPP1PPP/RNBQK2R w KQkq - 0 6,f6d5
45,chesstricks66,EulerE,1172,1235,r1bqkb1r/ppp2ppp/2n5/3np1N1/2B5/5Q2/PPPP1PPP/RNB1K2R b KQkq - 1 6,d1f3
45,chesstricks66,EulerE,1172,1235,r1b1kb1r/ppp2ppp/2n5/3np1q1/2B5/5Q2/PPPP1PPP/RNB1K2R w KQkq - 0 7,d8g5
45,chesstricks66,EulerE,1172,1235,r1b1kb1r/ppp2ppp/2n5/3Bp1q1/8/5Q2/PPPP1PPP/RNB1K2R b KQkq - 0 7,c4d5
45,chesstricks66,EulerE,1172,1235,r3kb1r/ppp2ppp/2n1b3/3Bp1q1/8/5Q2/PPPP1PPP/RNB1K2R w KQkq - 1 8,c8e6
45,chesstricks66,EulerE,1172,1235,r3kb1r/ppp2ppp/2B1b3/4p1q1/8/5Q2/PPPP1PPP/RNB1K2R b KQkq - 0 8,d5c6
45,chesstricks66,EulerE,1172,1235,r3kb1r/p1p2ppp/2p1b3/4p1q1/8/5Q2/PPPP1PPP/RNB1K2R w KQkq - 0 9,b7c6
45,chesstricks66,EulerE,1172,1235,r3kb1r/p1p2ppp/2Q1b3/4p1q1/8/8/PPPP1PPP/RNB1K2R b KQkq - 0 9,f3c6
45,chesstricks66,EulerE,1172,1235,r4b1r/p1p1kppp/2Q1b3/4p1q1/8/8/PPPP1PPP/RNB1K2R w KQ - 1 10,e8e7
45,chesstricks66,EulerE,1172,1235,Q4b1r/p1p1kppp/4b3/4p1q1/8/8/PPPP1PPP/RNB1K2R b KQ - 0 10,c6a8
45,chesstricks66,EulerE,1172,1235,Q4b1r/p1p1kppp/4b3/4p3/8/8/PPPP1PqP/RNB1K2R w KQ - 0 11,g5g2
45,chesstricks66,EulerE,1172,1235,5b1r/p1p1kppp/4b3/4p3/8/8/PPPP1PQP/RNB1K2R b KQ - 0 11,a8g2
46,Irfabdllah,EulerE,1277,1228,rnbqkbnr/pppppppp/8/8/6P1/8/PPPPPP1P/RNBQKBNR b KQkq - 0 1,g2g4
46,Irfabdllah,EulerE,1277,1228,rnbqkbnr/pppp1ppp/8/4p3/6P1/8/PPPPPP1P/RNBQKBNR w KQkq - 0 2,e7e5
46,Irfabdllah,EulerE,1277,1228,rnbqkbnr/pppp1ppp/8/4p3/6P1/8/PPPPPPBP/RNBQK1NR b KQkq - 1 2,f1g2
46,Irfabdllah,EulerE,1277,1228,rnbqkbnr/ppp2ppp/8/3pp3/6P1/8/PPPPPPBP/RNBQK1NR w KQkq - 0 3,d7d5
46,Irfabdllah,EulerE,1277,1228,rnbqkbnr/ppp2ppp/8/3pp1P1/8/8/PPPPPPBP/RNBQK1NR b KQkq - 0 3,g4g5
46,Irfabdllah,EulerE,1277,1228,rnb1kbnr/ppp2ppp/8/3pp1q1/8/8/PPPPPPBP/RNBQK1NR w KQkq - 0 4,d8g5
46,Irfabdllah,EulerE,1277,1228,rnb1kbnr/ppp2ppp/8/3Bp1q1/8/8/PPPPPP1P/RNBQK1NR b KQkq - 0 4,g2d5
46,Irfabdllah,EulerE,1277,1228,rnb1k1nr/ppp2ppp/8/2bBp1q1/8/8/PPPPPP1P/RNBQK1NR w KQkq - 1 5,f8c5
46,Irfabdllah,EulerE,1277,1228,rnb1k1nr/ppp2ppp/8/2bBp1q1/8/4P3/PPPP1P1P/RNBQK1NR b KQkq - 0 5,e2e3
46,Irfabdllah,EulerE,1277,1228,rn2k1nr/ppp2ppp/4b3/2bBp1q1/8/4P3/PPPP1P1P/RNBQK1NR w KQkq - 1 6,c8e6
46,Irfabdllah,EulerE,1277,1228,rn2k1nr/pBp2ppp/4b3/2b1p1q1/8/4P3/PPPP1P1P/RNBQK1NR b KQkq - 0 6,d5b7
46,Irfabdllah,EulerE,1277,1228,rn2k1nr/pBp2ppp/8/2b1p1q1/6b1/4P3/PPPP1P1P/RNBQK1NR w KQkq - 1 7,e6g4
46,Irfabdllah,EulerE,1277,1228,rn2k1nr/pBp2ppp/8/2b1p1q1/6b1/4PN2/PPPP1P1P/RNBQK2R b KQkq - 2 7,g1f3
46,Irfabdllah,EulerE,1277,1228,rn2k1nr/pBp2ppp/8/2b1p2q/6b1/4PN2/PPPP1P1P/RNBQK2R w KQkq - 3 8,g5h5
46,Irfabdllah,EulerE,1277,1228,Bn2k1nr/p1p2ppp/8/2b1p2q/6b1/4PN2/PPPP1P1P/RNBQK2R b KQk - 0 8,b7a8
47,djuk1,EulerE,1247,1220,rnbqkbnr/pppppppp/8/8/4P3/8/PPPP1PPP/RNBQKBNR b KQkq - 0 1,e2e4
47,djuk1,EulerE,1247,1220,rnbqkbnr/pppp1ppp/8/4p3/4P3/8/PPPP1PPP/RNBQKBNR w KQkq - 0 2,e7e5
47,djuk1,EulerE,1247,1220,rnbqkbnr/pppp1ppp/8/4p3/4P3/5N2/PPPP1PPP/RNBQKB1R b KQkq - 1 2,g1f3
47,djuk1,EulerE,1247,1220,r1bqkbnr/pppp1ppp/2n5/4p3/4P3/5N2/PPPP1PPP/RNBQKB1R w KQkq - 2 3,b8c6
47,djuk1,EulerE,1247,1220,r1bqkbnr/pppp1ppp/2n5/4p3/2B1P3/5N2/PPPP1PPP/RNBQK2R b KQkq - 3 3,f1c4
47,djuk1,EulerE,1247,1220,r1bqkb1r/pppp1ppp/2n2n2/4p3/2B1P3/5N2/PPPP1PPP/RNBQK2R w KQkq - 4 4,g8f6
47,djuk1,EulerE,1247,1220,r1bqkb1r/pppp1ppp/2n2n2/4p1N1/2B1P3/8/PPPP1PPP/RNBQK2R b KQkq - 5 4,f3g5
47,djuk1,EulerE,1247,1220,r1bqkb1r/ppp2ppp/2n2n2/3pp1N1/2B1P3/8/PPPP1PPP/RNBQK2R w KQkq - 0 5,d7d5
47,djuk1,EulerE,1247,1220,r1bqkb1r/ppp2ppp/2n2n2/3Pp1N1/2B5/8/PPPP1PPP/RNBQK2R b KQkq - 0 5,e4d5
47,djuk1,EulerE,1247,1220,r1bqkb1r/ppp2ppp/2n5/3np1N1/2B5/8/PPPP1PPP/RNBQK2R w KQkq - 0 6,f6d5
47,djuk1,EulerE,1247,1220,r1bqkb1r/ppp2ppp/2n5/3np1N1/2B5/3P4/PPP2PPP/RNBQK2R b KQkq - 0 6,d2d3
47,djuk1,EulerE,1247,1220,r1bqk2r/ppp1bppp/2n5/3np1N1/2B5/3P4/PPP2PPP/RNBQK2R w KQkq - 1 7,f8e7
47,djuk1,EulerE,1247,1220,r1bqk2r/ppp1bppp/2n5/3Bp1N1/8/3P4/PPP2PPP/RNBQK2R b KQkq - 0 7,c4d5
47,djuk1,EulerE,1247,1220,r1b1k2r/ppp1bppp/2n5/3qp1N1/8/3P4/PPP2PPP/RNBQK2R w KQkq - 0 8,d8d5
47,djuk1,EulerE,1247,1220,r1b1k2r/ppp1bppp/2n5/3qp1N1/8/3P4/PPP2PPP/RNBQ1RK1 b kq - 1 8,e1g1
47,djuk1,EulerE,1247,1220,r1b1k2r/ppp1bppp/2n5/3q2N1/4p3/3P4/PPP2PPP/RNBQ1RK1 w kq - 0 9,e5e4
47,djuk1,EulerE,1247,1220,r1b1k2r/ppp1bppp/2n5/3q4/4N3/3P4/PPP2PPP/RNBQ1RK1 b kq - 0 9,g5e4
47,djuk1,EulerE,1247,1220,r3k2r/ppp1bppp/2n5/3q1b2/4N3/3P4/PPP2PPP/RNBQ1RK1 w kq - 1 10,c8f5
47,djuk1,EulerE,1247,1220,r3k2r/ppp1bppp/2n5/3q1b2/4N3/2NP4/PPP2PPP/R1BQ1RK1 b kq - 2 10,b1c3
47,djuk1,EulerE,1247,1220,r3k2r/ppp1bppp/2n5/3q4/4b3/2NP4/PPP2PPP/R1BQ1RK1 w kq - 0 11,f5e4
47,djuk1,EulerE,1247,1220,r3k2r/ppp1bppp/2n5/3N4/4b3/3P4/PPP2PPP/R1BQ1RK1 b kq - 0 11,c3d5
47,djuk1,EulerE,1247,1220,r3k2r/ppp1bppp/2n5/3b4/8/3P4/PPP2PPP/R1BQ1RK1 w kq - 0 12,e4d5
47,djuk1,EulerE,1247,1220,r3k2r/ppp1bppp/2n5/3b4/2P5/3P4/PP3PPP/R1BQ1RK1 b kq - 0 12,c2c4
47,djuk1,EulerE,1247,1220,r3k2r/ppp1bppp/2n1b3/8/2P5/3P4/PP3PPP/R1BQ1RK1 w kq - 1 13,d5e6
47,djuk1,EulerE,1247,1220,r3k2r/ppp1bppp/2n1b3/8/2P5/1P1P4/P4PPP/R1BQ1RK1 b kq - 0 13,b2b3
47,djuk1,EulerE,1247,1220,2kr3r/ppp1bppp/2n1b3/8/2P5/1P1P4/P4PPP/R1BQ1RK1 w - - 1 14,e8c8
47,djuk1,EulerE,1247,1220,2kr3r/ppp1bppp/2n1b3/8/2P5/1P1P4/PB3PPP/R2Q1RK1 b - - 2 14,c1b2
47,djuk1,EulerE,1247,1220,2kr3r/ppp1bppp/4b3/8/2Pn4/1P1P4/PB3PPP/R2Q1RK1 w - - 3 15,c6d4
47,djuk1,EulerE,1247,1220,2kr3r/ppp1bppp/4b3/8/2PB4/1P1P4/P4PPP/R2Q1RK1 b - - 0 15,b2d4
47,djuk1,EulerE,1247,1220,2k4r/ppp1bppp/4b3/8/2Pr4/1P1P4/P4PPP/R2Q1RK1 w - - 0 16,d8d4
47,djuk1,EulerE,1247,1220,2k4r/ppp1bppp/4b3/8/2Pr4/1P1P4/P4PPP/R2QR1K1 b - - 1 16,f1e1
47,djuk1,EulerE,1247,1220,2k4r/ppp2ppp/4bb2/8/2Pr4/1P1P4/P4PPP/R2QR1K1 w - - 2 17,e7f6
47,djuk1,EulerE,1247,1220,2k4r/ppp2ppp/4bb2/8/2Pr4/1P1P3P/P4PP1/R2QR1K1 b - - 0 17,h2h3
47,djuk1,EulerE,1247,1220,2kr4/ppp2ppp/4bb2/8/2Pr4/1P1P3P/P4PP1/R2QR1K1 w - - 1 18,h8d8
47,djuk1,EulerE,1247,1220,2kr4/ppp2ppp/4bb2/8/2Pr4/1P1PR2P/P4PP1/R2Q2K1 b - - 2 18,e1e3
47,djuk1,EulerE,1247,1220,2kr4/ppp2ppp/5b2/5b2/2Pr4/1P1PR2P/P4PP1/R2Q2K1 w - - 3 19,e6f5
47,djuk1,EulerE,1247,1220,2kr4/ppp2ppp/5b2/5b2/2Pr4/1P1PRQ1P/P4PP1/R5K1 b - - 4 19,d1f3
47,djuk1,EulerE,1247,1220,2kr4/ppp2ppp/5b2/5b2/2P5/1P1rRQ1P/P4PP1/R5K1 w - - 0 20,d4d3
47,djuk1,EulerE,1247,1220,2kr4/ppp2ppp/5b2/5Q2/2P5/1P1rR2P/P4PP1/R5K1 b - - 0 20,f3f5
47,djuk1,EulerE,1247,1220,2kr4/pppr1ppp/5b2/5Q2/2P5/1P2R2P/P4PP1/R5K1 w - - 1 21,d3d7
47,djuk1,EulerE,1247,1220,2kr4/pppr1ppp/5b2/5Q2/2P5/1P2R2P/P4PP1/3R2K1 b - - 2 21,a1d1
47,djuk1,EulerE,1247,1220,2kr4/pppr1p1p/5bp1/5Q2/2P5/1P2R2P/P4PP1/3R2K1 w - - 0 22,g7g6
47,djuk1,EulerE,1247,1220,2kr4/pppr1p1p/5bp1/8/2P3Q1/1P2R2P/P4PP1/3R2K1 b - - 1 22,f5g4
47,djuk1,EulerE,1247,1220,2kr4/pppr1pbp/6p1/8/2P3Q1/1P2R2P/P4PP1/3R2K1 w - - 2 23,f6g7
47,djuk1,EulerE,1247,1220,2kr4/ppprRpbp/6p1/8/2P3Q1/1P5P/P4PP1/3R2K1 b - - 3 23,e3e7
47,djuk1,EulerE,1247,1220,2kr4/ppprR1bp/6p1/5p2/2P3Q1/1P5P/P4PP1/3R2K1 w - - 0 24,f7f5
47,djuk1,EulerE,1247,1220,2kr4/pppR2bp/6p1/5p2/2P3Q1/1P5P/P4PP1/3R2K1 b - - 0 24,e7d7
47,djuk1,EulerE,1247,1220,2k5/pppr2bp/6p1/5p2/2P3Q1/1P5P/P4PP1/3R2K1 w - - 0 25,d8d7
47,djuk1,EulerE,1247,1220,2k5/pppr2bp/6p1/5p2/2P5/1P5P/P3QPP1/3R2K1 b - - 1 25,g4e2
47,djuk1,EulerE,1247,1220,2k5/pppr3p/6p1/5p2/2Pb4/1P5P/P3QPP1/3R2K1 w - - 2 26,g7d4
47,djuk1,EulerE,1247,1220,2k1Q3/pppr3p/6p1/5p2/2Pb4/1P5P/P4PP1/3R2K1 b - - 3 26,e2e8
47,djuk1,EulerE,1247,1220,2krQ3/ppp4p/6p1/5p2/2Pb4/1P5P/P4PP1/3R2K1 w - - 4 27,d7d8
47,djuk1,EulerE,1247,1220,2kr4/ppp4p/4Q1p1/5p2/2Pb4/1P5P/P4PP1/3R2K1 b - - 5 27,e8e6
47,djuk1,EulerE,1247,1220,1k1r4/ppp4p/4Q1p1/5p2/2Pb4/1P5P/P4PP1/3R2K1 w - - 6 28,c8b8
47,djuk1,EulerE,1247,1220,1k1r4/ppp4p/4Q1p1/5p2/2PR4/1P5P/P4PP1/6K1 b - - 0 28,d1d4
47,djuk1,EulerE,1247,1220,1k6/ppp4p/4Q1p1/5p2/2Pr4/1P5P/P4PP1/6K1 w - - 0 29,d8d4
47,djuk1,EulerE,1247,1220,1k2Q3/ppp4p/6p1/5p2/2Pr4/1P5P/P4PP1/6K1 b - - 1 29,e6e8
47,djuk1,EulerE,1247,1220,1k1rQ3/ppp4p/6p1/5p2/2P5/1P5P/P4PP1/6K1 w - - 2 30,d4d8
47,djuk1,EulerE,1247,1220,1k1Q4/ppp4p/6p1/5p2/2P5/1P5P/P4PP1/6K1 b - - 0 30,e8d8
48,EulerE,YUVRAJ_655,1213,1286,rnbqkbnr/pppppppp/8/8/3P4/8/PPP1PPPP/RNBQKBNR b KQkq - 0 1,d2d4
48,EulerE,YUVRAJ_655,1213,1286,rnbqkbnr/pppp1ppp/4p3/8/3P4/8/PPP1PPPP/RNBQKBNR w KQkq - 0 2,e7e6
48,EulerE,YUVRAJ_655,1213,1286,rnbqkbnr/pppp1ppp/4p3/8/3PP3/8/PPP2PPP/RNBQKBNR b KQkq - 0 2,e2e4
48,EulerE,YUVRAJ_655,1213,1286,rnbqkbnr/ppp2ppp/4p3/3p4/3PP3/8/PPP2PPP/RNBQKBNR w KQkq - 0 3,d7d5
48,EulerE,YUVRAJ_655,1213,1286,rnbqkbnr/ppp2ppp/4p3/3pP3/3P4/8/PPP2PPP/RNBQKBNR b KQkq - 0 3,e4e5
48,EulerE,YUVRAJ_655,1213,1286,rnbqkbnr/pp3ppp/4p3/2ppP3/3P4/8/PPP2PPP/RNBQKBNR w KQkq - 0 4,c7c5
48,EulerE,YUVRAJ_655,1213,1286,rnbqkbnr/pp3ppp/4p3/2ppP3/3P4/5N2/PPP2PPP/RNBQKB1R b KQkq - 1 4,g1f3
48,EulerE,YUVRAJ_655,1213,1286,rnbqkbnr/pp3ppp/4p3/3pP3/3p4/5N2/PPP2PPP/RNBQKB1R w KQkq - 0 5,c5d4
48,EulerE,YUVRAJ_655,1213,1286,rnbqkbnr/pp3ppp/4p3/3pP3/3N4/8/PPP2PPP/RNBQKB1R b KQkq - 0 5,f3d4
48,EulerE,YUVRAJ_655,1213,1286,rnbqkbnr/pp4pp/4pp2/3pP3/3N4/8/PPP2PPP/RNBQKB1R w KQkq - 0 6,f7f6
48,EulerE,YUVRAJ_655,1213,1286,rnbqkbnr/pp4pp/4pp2/3pP3/3N1B2/8/PPP2PPP/RN1QKB1R b KQkq - 1 6,c1f4
48,EulerE,YUVRAJ_655,1213,1286,r1bqkbnr/pp1n2pp/4pp2/3pP3/3N1B2/8/PPP2PPP/RN1QKB1R w KQkq - 2 7,b8d7
48,EulerE,YUVRAJ_655,1213,1286,r1bqkbnr/pp1n2pp/4pp2/1B1pP3/3N1B2/8/PPP2PPP/RN1QK2R b KQkq - 3 7,f1b5
48,EulerE,YUVRAJ_655,1213,1286,r1bqkbnr/1p1n2pp/p3pp2/1B1pP3/3N1B2/8/PPP2PPP/RN1QK2R w KQkq - 0 8,a7a6
48,EulerE,YUVRAJ_655,1213,1286,r1bqkbnr/1p1n2pp/p3pp2/3pP3/B2N1B2/8/PPP2PPP/RN1QK2R b KQkq - 1 8,b5a4
48,EulerE,YUVRAJ_655,1213,1286,r1bqkbnr/3n2pp/p3pp2/1p1pP3/B2N1B2/8/PPP2PPP/RN1QK2R w KQkq - 0 9,b7b5
48,EulerE,YUVRAJ_655,1213,1286,r1bqkbnr/3n2pp/p3pp2/1p1pP3/3N1B2/1B6/PPP2PPP/RN1QK2R b KQkq - 1 9,a4b3
48,EulerE,YUVRAJ_655,1213,1286,r1bqkbnr/3n2pp/p3p3/1p1pp3/3N1B2/1B6/PPP2PPP/RN1QK2R w KQkq - 0 10,f6e5
48,EulerE,YUVRAJ_655,1213,1286,r1bqkbnr/3n2pp/p3N3/1p1pp3/5B2/1B6/PPP2PPP/RN1QK2R b KQkq - 0 10,d4e6
48,EulerE,YUVRAJ_655,1213,1286,r1b1kbnr/3n2pp/p3N3/qp1pp3/5B2/1B6/PPP2PPP/RN1QK2R w KQkq - 1 11,d8a5
48,EulerE,YUVRAJ_655,1213,1286,r1b1kbnr/3n2pp/p3N3/qp1pp3/8/1B6/PPPB1PPP/RN1QK2R b KQkq - 2 11,f4d2
48,EulerE,YUVRAJ_655,1213,1286,r1b1kbnr/3n2pp/pq2N3/1p1pp3/8/1B6/PPPB1PPP/RN1QK2R w KQkq - 3 12,a5b6
48,EulerE,YUVRAJ_655,1213,1286,r1b1kbnr/3n2pp/pq2N3/1p1Bp3/8/8/PPPB1PPP/RN1QK2R b KQkq - 0 12,b3d5
48,EulerE,YUVRAJ_655,1213,1286,r3kbnr/1b1n2pp/pq2N3/1p1Bp3/8/8/PPPB1PPP/RN1QK2R w KQkq - 1 13,c8b7
48,EulerE,YUVRAJ_655,1213,1286,r3kbnr/1B1n2pp/pq2N3/1p2p3/8/8/PPPB1PPP/RN1QK2R b KQkq - 0 13,d5b7
48,EulerE,YUVRAJ_655,1213,1286,r3kbnr/1q1n2pp/p3N3/1p2p3/8/8/PPPB1PPP/RN1QK2R w KQkq - 0 14,b6b7
48,EulerE,YUVRAJ_655,1213,1286,r3kbnr/1q1n2Np/p7/1p2p3/8/8/PPPB1PPP/RN1QK2R b KQkq - 0 14,e6g7
48,EulerE,YUVRAJ_655,1213,1286,r3k1nr/1q1n2bp/p7/1p2p3/8/8/PPPB1PPP/RN1QK2R w KQkq - 0 15,f8g7
48,EulerE,YUVRAJ_655,1213,1286,r3k1nr/1q1n2bp/p7/1p2p2Q/8/8/PPPB1PPP/RN2K2R b KQkq - 1 15,d1h5
48,EulerE,YUVRAJ_655,1213,1286,r2k2nr/1q1n2bp/p7/1p2p2Q/8/8/PPPB1PPP/RN2K2R w KQ - 2 16,e8d8
48,EulerE,YUVRAJ_655,1213,1286,r2k2nr/1q1n2bp/p7/1p2p1Q1/8/8/PPPB1PPP/RN2K2R b KQ - 3 16,h5g5
48,EulerE,YUVRAJ_655,1213,1286,r2k2nr/1q1n3p/p4b2/1p2p1Q1/8/8/PPPB1PPP/RN2K2R w KQ - 4 17,g7f6
48,EulerE,YUVRAJ_655,1213,1286,r2k2nr/1q1n3p/p4b2/Bp2p1Q1/8/8/PPP2PPP/RN2K2R b KQ - 5 17,d2a5
48,EulerE,YUVRAJ_655,1213,1286,r1k3nr/1q1n3p/p4b2/Bp2p1Q1/8/8/PPP2PPP/RN2K2R w KQ - 6 18,d8c8
48,EulerE,YUVRAJ_655,1213,1286,r1k3nr/1q1n3p/p4b2/Bp2p3/8/4Q3/PPP2PPP/RN2K2R b KQ - 7 18,g5e3
48,EulerE,YUVRAJ_655,1213,1286,r1k4r/1q1nn2p/p4b2/Bp2p3/8/4Q3/PPP2PPP/RN2K2R w KQ - 8 19,g8e7
48,EulerE,YUVRAJ_655,1213,1286,r1k4r/1q1nn2p/p4b2/Bp2p3/8/2Q5/PPP2PPP/RN2K2R b KQ - 9 19,e3c3
48,EulerE,YUVRAJ_655,1213,1286,r1k4r/1q1n3p/p1n2b2/Bp2p3/8/2Q5/PPP2PPP/RN2K2R w KQ - 10 20,e7c6
48,EulerE,YUVRAJ_655,1213,1286,r1k4r/1q1n3p/p1n2b2/Bp2p3/8/N1Q5/PPP2PPP/R3K2R b KQ - 11 20,b1a3
48,EulerE,YUVRAJ_655,1213,1286,r1k4r/1q1n3p/p1n2b2/Bp6/4p3/N1Q5/PPP2PPP/R3K2R w KQ - 0 21,e5e4
48,EulerE,YUVRAJ_655,1213,1286,r1k4r/1q1n3p/p1n2b2/Bp6/4p3/N7/PPPQ1PPP/R3K2R b KQ - 1 21,c3d2
48,EulerE,YUVRAJ_655,1213,1286,r1k4r/1q1n3p/p4b2/np6/4p3/N7/PPPQ1PPP/R3K2R w KQ - 0 22,c6a5
48,EulerE,YUVRAJ_655,1213,1286,r1k4r/1q1n3p/p4b2/Qp6/4p3/N7/PPP2PPP/R3K2R b KQ - 0 22,d2a5
48,EulerE,YUVRAJ_655,1213,1286,r1k4r/1q1n3p/p7/Qp6/4p3/N7/PbP2PPP/R3K2R w KQ - 0 23,f6b2
48,EulerE,YUVRAJ_655,1213,1286,r1k4r/1q1n3p/p7/Qp6/4p3/N7/PbP2PPP/3RK2R b K - 1 23,a1d1
48,EulerE,YUVRAJ_655,1213,1286,r1k4r/3n3p/p1q5/Qp6/4p3/N7/PbP2PPP/3RK2R w K - 2 24,b7c6
48,EulerE,YUVRAJ_655,1213,1286,r1k4r/3n3p/p1q5/Qp6/4p3/N7/PbP2PPP/3R1RK1 b - - 3 24,e1g1
48,EulerE,YUVRAJ_655,1213,1286,r1k3r1/3n3p/p1q5/Qp6/4p3/N7/PbP2PPP/3R1RK1 w - - 4 25,h8g8
48,EulerE,YUVRAJ_655,1213,1286,r1k3r1/3n3p/p1q5/Qp6/4p3/N5P1/PbP2P1P/3R1RK1 b - - 0 25,g2g3
48,EulerE,YUVRAJ_655,1213,1286,r1k3r1/3n3p/p1q5/Qp6/4p3/N1b3P1/P1P2P1P/3R1RK1 w - - 1 26,b2c3
49,EulerE,nitruch,1207,1286,rnbqkbnr/pppppppp/8/8/3P4/8/PPP1PPPP/RNBQKBNR b KQkq - 0 1,d2d4
49,EulerE,nitruch,1207,1286,rnbqkb1r/pppppppp/5n2/8/3P4/8/PPP1PPPP/RNBQKBNR w KQkq - 1 2,g8f6
49,EulerE,nitruch,1207,1286,rnbqkb1r/pppppppp/5n2/8/2PP4/8/PP2PPPP/RNBQKBNR b KQkq - 0 2,c2c4
49,EulerE,nitruch,1207,1286,rnbqkb1r/pppp1ppp/4pn2/8/2PP4/8/PP2PPPP/RNBQKBNR w KQkq - 0 3,e7e6
49,EulerE,nitruch,1207,1286,rnbqkb1r/pppp1ppp/4pn2/8/2PP4/2N5/PP2PPPP/R1BQKBNR b KQkq - 1 3,b1c3
49,EulerE,nitruch,1207,1286,rnbqk2r/ppppbppp/4pn2/8/2PP4/2N5/PP2PPPP/R1BQKBNR w KQkq - 2 4,f8e7
49,EulerE,nitruch,1207,1286,rnbqk2r/ppppbppp/4pn2/8/2PP4/2N2N2/PP2PPPP/R1BQKB1R b KQkq - 3 4,g1f3
49,EulerE,nitruch,1207,1286,rnbq1rk1/ppppbppp/4pn2/8/2PP4/2N2N2/PP2PPPP/R1BQKB1R w KQ - 4 5,e8g8
49,EulerE,nitruch,1207,1286,rnbq1rk1/ppppbppp/4pn2/8/2PP1B2/2N2N2/PP2PPPP/R2QKB1R b KQ - 5 5,c1f4
49,EulerE,nitruch,1207,1286,rnbq1rk1/ppppbpp1/4pn1p/8/2PP1B2/2N2N2/PP2PPPP/R2QKB1R w KQ - 0 6,h7h6
49,EulerE,nitruch,1207,1286,rnbq1rk1/ppppbpp1/4pn1p/8/2PP1B2/2N1PN2/PP3PPP/R2QKB1R b KQ - 0 6,e2e3
49,EulerE,nitruch,1207,1286,rnbq1rk1/ppp1bpp1/4pn1p/3p4/2PP1B2/2N1PN2/PP3PPP/R2QKB1R w KQ - 0 7,d7d5
49,EulerE,nitruch,1207,1286,rnbq1rk1/ppp1bpp1/4pn1p/3p4/2PP1B2/2N1PN2/PPQ2PPP/R3KB1R b KQ - 1 7,d1c2
49,EulerE,nitruch,1207,1286,rnbq1rk1/1pp1bpp1/4pn1p/p2p4/2PP1B2/2N1PN2/PPQ2PPP/R3KB1R w KQ - 0 8,a7a5
49,EulerE,nitruch,1207,1286,rnbq1rk1/1pp1bpp1/4pn1p/p2P4/3P1B2/2N1PN2/PPQ2PPP/R3KB1R b KQ - 0 8,c4d5
49,EulerE,nitruch,1207,1286,rnbq1rk1/1pp1bpp1/5n1p/p2p4/3P1B2/2N1PN2/PPQ2PPP/R3KB1R w KQ - 0 9,e6d5
49,EulerE,nitruch,1207,1286,rnbq1rk1/1pp1bpp1/5n1p/p2p4/3P1B2/2NBPN2/PPQ2PPP/R3K2R b KQ - 1 9,f1d3
49,EulerE,nitruch,1207,1286,rnbq1rk1/1pp2pp1/5n1p/p2p4/1b1P1B2/2NBPN2/PPQ2PPP/R3K2R w KQ - 2 10,e7b4
49,EulerE,nitruch,1207,1286,rnbq1rk1/1pp2pp1/5n1p/p2p4/1b1P1B2/2NBPN2/PPQ2PPP/2KR3R b - - 3 10,e1c1
49,EulerE,nitruch,1207,1286,rnbq1rk1/1p3pp1/5n1p/p1pp4/1b1P1B2/2NBPN2/PPQ2PPP/2KR3R w - - 0 11,c7c5
49,EulerE,nitruch,1207,1286,rnbq1rk1/1p3pp1/5n1p/p1ppB3/1b1P4/2NBPN2/PPQ2PPP/2KR3R b - - 1 11,f4e5
49,EulerE,nitruch,1207,1286,rnbq1rk1/1p3pp1/5n1p/p2pB3/1bpP4/2NBPN2/PPQ2PPP/2KR3R w - - 0 12,c5c4
49,EulerE,nitruch,1207,1286,rnbq1rk1/1p3pp1/5n1p/p2pBB2/1bpP4/2N1PN2/PPQ2PPP/2KR3R b - - 1 12,d3f5
49,EulerE,nitruch,1207,1286,rnbq1rk1/1p3pp1/7p/p2pBB2/1bpPn3/2N1PN2/PPQ2PPP/2KR3R w - - 2 13,f6e4
49,EulerE,nitruch,1207,1286,rnbq1rk1/1p3pp1/7p/p2pBB2/1bpPN3/4PN2/PPQ2PPP/2KR3R b - - 0 13,c3e4
49,EulerE,nitruch,1207,1286,rn1q1rk1/1p3pp1/7p/p2pBb2/1bpPN3/4PN2/PPQ2PPP/2KR3R w - - 0 14,c8f5
50,GirdisTop,EulerE,1221,1199,rnbqkbnr/pppppppp/8/8/4P3/8/PPPP1PPP/RNBQKBNR b KQkq - 0 1,e2e4
50,GirdisTop,EulerE,1221,1199,rnbqkbnr/pppp1ppp/8/4p3/4P3/8/PPPP1PPP/RNBQKBNR w KQkq - 0 2,e7e5
50,GirdisTop,EulerE,1221,1199,rnbqkbnr/pppp1ppp/8/4p3/4P3/5N2/PPPP1PPP/RNBQKB1R b KQkq - 1 2,g1f3
50,GirdisTop,EulerE,1221,1199,r1bqkbnr/pppp1ppp/2n5/4p3/4P3/5N2/PPPP1PPP/RNBQKB1R w KQkq - 2 3,b8c6
50,GirdisTop,EulerE,1221,1199,r1bqkbnr/pppp1ppp/2n5/4p3/4P3/2N2N2/PPPP1PPP/R1BQKB1R b KQkq - 3 3,b1c3
50,GirdisTop,EulerE,1221,1199,r1bqk1nr/pppp1ppp/2n5/2b1p3/4P3/2N2N2/PPPP1PPP/R1BQKB1R w KQkq - 4 4,f8c5
50,GirdisTop,EulerE,1221,1199,r1bqk1nr/pppp1ppp/2n5/2b1p3/2B1P3/2N2N2/PPPP1PPP/R1BQK2R b KQkq - 5 4,f1c4
50,GirdisTop,EulerE,1221,1199,r1bqk1nr/ppp2ppp/2np4/2b1p3/2B1P3/2N2N2/PPPP1PPP/R1BQK2R w KQkq - 0 5,d7d6
50,GirdisTop,EulerE,1221,1199,r1bqk1nr/ppp2ppp/2np4/2b1p3/2BPP3/2N2N2/PPP2PPP/R1BQK2R b KQkq - 0 5,d2d4
50,GirdisTop,EulerE,1221,1199,r1bqk1nr/ppp2ppp/2np4/2b5/2BpP3/2N2N2/PPP2PPP/R1BQK2R w KQkq - 0 6,e5d4
50,GirdisTop,EulerE,1221,1199,r1bqk1nr/ppp2ppp/2np4/2bN4/2BpP3/5N2/PPP2PPP/R1BQK2R b KQkq - 1 6,c3d5
50,GirdisTop,EulerE,1221,1199,r2qk1nr/ppp2ppp/2npb3/2bN4/2BpP3/5N2/PPP2PPP/R1BQK2R w KQkq - 2 7,c8e6
50,GirdisTop,EulerE,1221,1199,r2qk1nr/ppp2ppp/2npb3/2bN2B1/2BpP3/5N2/PPP2PPP/R2QK2R b KQkq - 3 7,c1g5
50,GirdisTop,EulerE,1221,1199,r2qk1nr/ppp3pp/2npbp2/2bN2B1/2BpP3/5N2/PPP2PPP/R2QK2R w KQkq - 0 8,f7f6
50,GirdisTop,EulerE,1221,1199,r2qk1nr/ppp3pp/2npbp2/2bN4/2BpP2B/5N2/PPP2PPP/R2QK2R b KQkq - 1 8,g5h4
50,GirdisTop,EulerE,1221,1199,r2qk1nr/ppp3pp/2np1p2/2bb4/2BpP2B/5N2/PPP2PPP/R2QK2R w KQkq - 0 9,e6d5
50,GirdisTop,EulerE,1221,1199,r2qk1nr/ppp3pp/2np1p2/2bB4/3pP2B/5N2/PPP2PPP/R2QK2R b KQkq - 0 9,c4d5
50,GirdisTop,EulerE,1221,1199,r2qk2r/ppp1n1pp/2np1p2/2bB4/3pP2B/5N2/PPP2PPP/R2QK2R w KQkq - 1 10,g8e7
50,GirdisTop,EulerE,1221,1199,r2qk2r/ppp1n1pp/2np1p2/2bB4/3pP2B/5N2/PPP2PPP/R2Q1RK1 b kq - 2 10,e1g1
50,GirdisTop,EulerE,1221,1199,r2qk2r/ppp3pp/2np1p2/2bn4/3pP2B/5N2/PPP2PPP/R2Q1RK1 w kq - 0 11,e7d5
50,GirdisTop,EulerE,1221,1199,r2qk2r/ppp3pp/2np1p2/2bP4/3p3B/5N2/PPP2PPP/R2Q1RK1 b kq - 0 11,e4d5
50,GirdisTop,EulerE,1221,1199,r2qk2r/ppp3pp/3p1p2/2bPn3/3p3B/5N2/PPP2PPP/R2Q1RK1 w kq - 1 12,c6e5
50,GirdisTop,EulerE,1221,1199,r2qk2r/ppp3pp/3p1p2/2bPn3/3p3B/5N2/PPP2PPP/R2QR1K1 b kq - 2 12,f1e1
50,GirdisTop,EulerE,1221,1199,r3k2r/pppq2pp/3p1p2/2bPn3/3p3B/5N2/PPP2PPP/R2QR1K1 w kq - 3 13,d8d7
50,GirdisTop,EulerE,1221,1199,r3k2r/pppq2pp/3p1p2/2bPn3/3p3B/P4N2/1PP2PPP/R2QR1K1 b kq - 0 13,a2a3
50,GirdisTop,EulerE,1221,1199,2kr3r/pppq2pp/3p1p2/2bPn3/3p3B/P4N2/1PP2PPP/R2QR1K1 w - - 1 14,e8c8
50,GirdisTop,EulerE,1221,1199,2kr3r/pppq2pp/3p1p2/2bPN3/3p3B/P7/1PP2PPP/R2QR1K1 b - - 0 14,f3e5
50,GirdisTop,EulerE,1221,1199,2kr3r/pppq2pp/5p2/2bPp3/3p3B/P7/1PP2PPP/R2QR1K1 w - - 0 15,d6e5
50,GirdisTop,EulerE,1221,1199,2kr3r/pppq2pp/5p2/2bPp3/1P1p3B/P7/2P2PPP/R2QR1K1 b - - 0 15,b2b4
50,GirdisTop,EulerE,1221,1199,2kr3r/pppq2pp/1b3p2/3Pp3/1P1p3B/P7/2P2PPP/R2QR1K1 w - - 1 16,c5b6
50,GirdisTop,EulerE,1221,1199,2kr3r/pppq2pp/1b3p2/3Pp3/1P1p3B/P4Q2/2P2PPP/R3R1K1 b - - 2 16,d1f3
50,GirdisTop,EulerE,1221,1199,2kr3r/ppp3pp/1b3p2/3qp3/1P1p3B/P4Q2/2P2PPP/R3R1K1 w - - 0 17,d7d5
50,GirdisTop,EulerE,1221,1199,2kr3r/ppp3pp/1b3p2/3qpQ2/1P1p3B/P7/2P2PPP/R3R1K1 b - - 1 17,f3f5
50,GirdisTop,EulerE,1221,1199,2kr3r/pppq2pp/1b3p2/4pQ2/1P1p3B/P7/2P2PPP/R3R1K1 w - - 2 18,d5d7
50,GirdisTop,EulerE,1221,1199,2kr3r/pppQ2pp/1b3p2/4p3/1P1p3B/P7/2P2PPP/R3R1K1 b - - 0 18,f5d7
50,GirdisTop,EulerE,1221,1199,2k4r/pppr2pp/1b3p2/4p3/1P1p3B/P7/2P2PPP/R3R1K1 w - - 0 19,d8d7
50,GirdisTop,EulerE,1221,1199,2k4r/pppr2pp/1b3p2/4p3/1P1p3B/P7/2P2PPP/3RR1K1 b - - 1 19,a1d1
50,GirdisTop,EulerE,1221,1199,2k4r/1ppr2pp/pb3p2/4p3/1P1p3B/P7/2P2PPP/3RR1K1 w - - 0 20,a7a6
50,GirdisTop,EulerE,1221,1199,2k4r/1ppr2pp/pb3p2/4p3/PP1p3B/8/2P2PPP/3RR1K1 b - - 0 20,a3a4
50,GirdisTop,EulerE,1221,1199,2k4r/1ppr3p/pb3p2/4p1p1/PP1p3B/8/2P2PPP/3RR1K1 w - - 0 21,g7g5
50,GirdisTop,EulerE,1221,1199,2k4r/1ppr3p/pb3p2/4p1p1/PP1p4/6B1/2P2PPP/3RR1K1 b - - 1 21,h4g3
50,GirdisTop,EulerE,1221,1199,2k1r3/1ppr3p/pb3p2/4p1p1/PP1p4/6B1/2P2PPP/3RR1K1 w - - 2 22,h8e8
50,GirdisTop,EulerE,1221,1199,2k1r3/1ppr3p/pb3p2/P3p1p1/1P1p4/6B1/2P2PPP/3RR1K1 b - - 0 22,a4a5
50,GirdisTop,EulerE,1221,1199,2k1r3/bppr3p/p4p2/P3p1p1/1P1p4/6B1/2P2PPP/3RR1K1 w - - 1 23,b6a7
50,GirdisTop,EulerE,1221,1199,2k1r3/bppr3p/p4p2/P3p1p1/1P1p4/5PB1/2P3PP/3RR1K1 b - - 0 23,f2f3
50,GirdisTop,EulerE,1221,1199,2k1r3/bpp1r2p/p4p2/P3p1p1/1P1p4/5PB1/2P3PP/3RR1K1 w - - 1 24,d7e7
50,GirdisTop,EulerE,1221,1199,2k1r3/bpp1r2p/p4p2/P3p1p1/1P1p4/5P2/2P2BPP/3RR1K1 b - - 2 24,g3f2
50,GirdisTop,EulerE,1221,1199,2k1r3/bp2r2p/p4p2/P1p1p1p1/1P1p4/5P2/2P2BPP/3RR1K1 w - - 0 25,c7c5
50,GirdisTop,EulerE,1221,1199,2k1r3/bp2r2p/p4p2/P1P1p1p1/3p4/5P2/2P2BPP/3RR1K1 b - - 0 25,b4c5
50,GirdisTop,EulerE,1221,1199,2k1r3/1p2r2p/p4p2/P1b1p1p1/3p4/5P2/2P2BPP/3RR1K1 w - - 0 26,a7c5
50,GirdisTop,EulerE,1221,1199,2k1r3/1p2r2p/p4p2/P1b1p1p1/3p4/2P2P2/5BPP/3RR1K1 b - - 0 26,c2c3
50,GirdisTop,EulerE,1221,1199,2k1r3/1p1r3p/p4p2/P1b1p1p1/3p4/2P2P2/5BPP/3RR1K1 w - - 1 27,e7d7
50,GirdisTop,EulerE,1221,1199,2k1r3/1p1r3p/p4p2/P1b1p1p1/3P4/5P2/5BPP/3RR1K1 b - - 0 27,c3d4
50,GirdisTop,EulerE,1221,1199,2k1r3/1p1r3p/p4p2/P3p1p1/3b4/5P2/5BPP/3RR1K1 w - - 0 28,c5d4
50,GirdisTop,EulerE,1221,1199,2k1r3/1p1r3p/p4p2/P3p1p1/3B4/5P2/6PP/3RR1K1 b - - 0 28,f2d4
50,GirdisTop,EulerE,1221,1199,2kr4/1p1r3p/p4p2/P3p1p1/3B4/5P2/6PP/3RR1K1 w - - 1 29,e8d8
50,GirdisTop,EulerE,1221,1199,2kr4/1p1r3p/p4p2/P3p1p1/3B4/5P2/6PP/2R1R1K1 b - - 2 29,d1c1
50,GirdisTop,EulerE,1221,1199,2kr4/1pr4p/p4p2/P3p1p1/3B4/5P2/6PP/2R1R1K1 w - - 3 30,d7c7
50,GirdisTop,EulerE,1221,1199,2kr4/1pR4p/p4p2/P3p1p1/3B4/5P2/6PP/4R1K1 b - - 0 30,c1c7
50,GirdisTop,EulerE,1221,1199,3r4/1pk4p/p4p2/P3p1p1/3B4/5P2/6PP/4R1K1 w - - 0 31,c8c7
50,GirdisTop,EulerE,1221,1199,3r4/1pk4p/pB3p2/P3p1p1/8/5P2/6PP/4R1K1 b - - 1 31,d4b6
50,GirdisTop,EulerE,1221,1199,2kr4/1p5p/pB3p2/P3p1p1/8/5P2/6PP/4R1K1 w - - 2 32,c7c8
50,GirdisTop,EulerE,1221,1199,2kr4/1p5p/pB3p2/P3p1p1/8/5P2/6PP/2R3K1 b - - 3 32,e1c1
50,GirdisTop,EulerE,1221,1199,3r4/1p1k3p/pB3p2/P3p1p1/8/5P2/6PP/2R3K1 w - - 4 33,c8d7
