game_id,white,black,white_elo,black_elo,chess_fen,move_made
1,cemosk,EulerE,1195,1176,rnbqkbnr/pppppppp/8/8/4P3/8/PPPP1PPP/RNBQKBNR b KQkq - 0 1,e2e4
1,cemosk,EulerE,1195,1176,rnbqkbnr/pppp1ppp/8/4p3/4P3/8/PPPP1PPP/RNBQKBNR w KQkq - 0 2,e7e5
1,cemosk,EulerE,1195,1176,rnbqkbnr/pppp1ppp/8/4p3/4P3/5N2/PPPP1PPP/RNBQKB1R b KQkq - 1 2,g1f3
1,cemosk,EulerE,1195,1176,r1bqkbnr/pppp1ppp/2n5/4p3/4P3/5N2/PPPP1PPP/RNBQKB1R w KQkq - 2 3,b8c6
1,cemosk,EulerE,1195,1176,r1bqkbnr/pppp1ppp/2n5/4p3/4P3/2N2N2/PPPP1PPP/R1BQKB1R b KQkq - 3 3,b1c3
1,cemosk,EulerE,1195,1176,r1bqkb1r/pppp1ppp/2n2n2/4p3/4P3/2N2N2/PPPP1PPP/R1BQKB1R w KQkq - 4 4,g8f6
1,cemosk,EulerE,1195,1176,r1bqkb1r/pppp1ppp/2n2n2/4p3/3PP3/2N2N2/PPP2PPP/R1BQKB1R b KQkq - 0 4,d2d4
1,cemosk,EulerE,1195,1176,r1bqkb1r/pppp1ppp/2n2n2/8/3pP3/2N2N2/PPP2PPP/R1BQKB1R w KQkq - 0 5,e5d4
1,cemosk,EulerE,1195,1176,r1bqkb1r/pppp1ppp/2n2n2/8/3NP3/2N5/PPP2PPP/R1BQKB1R b KQkq - 0 5,f3d4
1,cemosk,EulerE,1195,1176,r1bqk2r/pppp1ppp/2n2n2/2b5/3NP3/2N5/PPP2PPP/R1BQKB1R w KQkq - 1 6,f8c5
1,cemosk,EulerE,1195,1176,r1bqk2r/pppp1ppp/2N2n2/2b5/4P3/2N5/PPP2PPP/R1BQKB1R b KQkq - 0 6,d4c6
1,cemosk,EulerE,1195,1176,r1bqk2r/p1pp1ppp/2p2n2/2b5/4P3/2N5/PPP2PPP/R1BQKB1R w KQkq - 0 7,b7c6
1,cemosk,EulerE,1195,1176,r1bqk2r/p1pp1ppp/2p2n2/2b5/4P3/2N1B3/PPP2PPP/R2QKB1R b KQkq - 1 7,c1e3
1,cemosk,EulerE,1195,1176,r1bqk2r/p1pp1ppp/1bp2n2/8/4P3/2N1B3/PPP2PPP/R2QKB1R w KQkq - 2 8,c5b6
1,cemosk,EulerE,1195,1176,r1bqk2r/p1pp1ppp/1bp2n2/6B1/4P3/2N5/PPP2PPP/R2QKB1R b KQkq - 3 8,e3g5
1,cemosk,EulerE,1195,1176,r1bqk2r/p1pp1pp1/1bp2n1p/6B1/4P3/2N5/PPP2PPP/R2QKB1R w KQkq - 0 9,h7h6
1,cemosk,EulerE,1195,1176,r1bqk2r/p1pp1pp1/1bp2n1p/8/4PB2/2N5/PPP2PPP/R2QKB1R b KQkq - 1 9,g5f4
1,cemosk,EulerE,1195,1176,r1bq1rk1/p1pp1pp1/1bp2n1p/8/4PB2/2N5/PPP2PPP/R2QKB1R w KQ - 2 10,e8g8
1,cemosk,EulerE,1195,1176,r1bq1rk1/p1pp1pp1/1bp2n1p/4P3/5B2/2N5/PPP2PPP/R2QKB1R b KQ - 0 10,e4e5
1,cemosk,EulerE,1195,1176,r1bq1rk1/p1pp1ppn/1bp4p/4P3/5B2/2N5/PPP2PPP/R2QKB1R w KQ - 1 11,f6h7
1,cemosk,EulerE,1195,1176,r1bq1rk1/p1pp1ppn/1bp4p/4P3/5B2/2NB4/PPP2PPP/R2QK2R b KQ - 2 11,f1d3
1,cemosk,EulerE,1195,1176,r1b2rk1/p1pp1ppn/1bp4p/4P3/5B1q/2NB4/PPP2PPP/R2QK2R w KQ - 3 12,d8h4
1,cemosk,EulerE,1195,1176,r1b2rk1/p1pp1ppn/1bp4p/4P3/5B1q/2NB4/PPP2PPP/R2Q1RK1 b - - 4 12,e1g1
1,cemosk,EulerE,1195,1176,r1b2rk1/p1pp1ppn/1bp4p/4P3/5q2/2NB4/PPP2PPP/R2Q1RK1 w - - 0 13,h4f4
1,cemosk,EulerE,1195,1176,r1b2rk1/p1pp1ppB/1bp4p/4P3/5q2/2N5/PPP2PPP/R2Q1RK1 b - - 0 13,d3h7
1,cemosk,EulerE,1195,1176,r1b2r2/p1pp1ppk/1bp4p/4P3/5q2/2N5/PPP2PPP/R2Q1RK1 w - - 0 14,g8h7
1,cemosk,EulerE,1195,1176,r1b2r2/p1pp1ppk/1bp4p/4P3/5q2/2NQ4/PPP2PPP/R4RK1 b - - 1 14,d1d3
1,cemosk,EulerE,1195,1176,r1b2rk1/p1pp1pp1/1bp4p/4P3/5q2/2NQ4/PPP2PPP/R4RK1 w - - 2 15,h7g8
1,cemosk,EulerE,1195,1176,r1b2rk1/p1pp1pp1/1bp4p/4P3/5q2/2NQ4/PPP2PPP/4RRK1 b - - 3 15,a1e1
1,cemosk,EulerE,1195,1176,r1b1r1k1/p1pp1pp1/1bp4p/4P3/5q2/2NQ4/PPP2PPP/4RRK1 w - - 4 16,f8e8
1,cemosk,EulerE,1195,1176,r1b1r1k1/p1pp1pp1/1bp4p/4P3/5q2/3Q4/PPP1NPPP/4RRK1 b - - 5 16,c3e2
1,cemosk,EulerE,1195,1176,r1b1r1k1/p1pp1pp1/1bp4p/4P1q1/8/3Q4/PPP1NPPP/4RRK1 w - - 6 17,f4g5
1,cemosk,EulerE,1195,1176,r1b1r1k1/p1pp1pp1/1bp4p/4P1q1/8/3Q2N1/PPP2PPP/4RRK1 b - - 7 17,e2g3
1,cemosk,EulerE,1195,1176,r1b1r1k1/p1p2pp1/1bpp3p/4P1q1/8/3Q2N1/PPP2PPP/4RRK1 w - - 0 18,d7d6
1,cemosk,EulerE,1195,1176,r1b1r1k1/p1p2pp1/1bpP3p/6q1/8/3Q2N1/PPP2PPP/4RRK1 b - - 0 18,e5d6
1,cemosk,EulerE,1195,1176,r1b3k1/p1p2pp1/1bpP3p/6q1/8/3Q2N1/PPP2PPP/4rRK1 w - - 0 19,e8e1
1,cemosk,EulerE,1195,1176,r1b3k1/p1p2pp1/1bpP3p/6q1/8/3Q2N1/PPP2PPP/4R1K1 b - - 0 19,f1e1
1,cemosk,EulerE,1195,1176,r5k1/p1p2pp1/1bpPb2p/6q1/8/3Q2N1/PPP2PPP/4R1K1 w - - 1 20,c8e6
1,cemosk,EulerE,1195,1176,r5k1/p1p2pp1/1bpPb2p/6q1/4N3/3Q4/PPP2PPP/4R1K1 b - - 2 20,g3e4
1,cemosk,EulerE,1195,1176,r5k1/p1p2pp1/1bpPb2p/8/4Nq2/3Q4/PPP2PPP/4R1K1 w - - 3 21,g5f4
1,cemosk,EulerE,1195,1176,r5k1/p1P2pp1/1bp1b2p/8/4Nq2/3Q4/PPP2PPP/4R1K1 b - - 0 21,d6c7
1,cemosk,EulerE,1195,1176,r5k1/p1b2pp1/2p1b2p/8/4Nq2/3Q4/PPP2PPP/4R1K1 w - - 0 22,b6c7
1,cemosk,EulerE,1195,1176,r5k1/p1b2pp1/2p1b2p/8/4Nq2/3Q2P1/PPP2P1P/4R1K1 b - - 0 22,g2g3
1,cemosk,EulerE,1195,1176,r5k1/p1b2pp1/2p1b2p/5q2/4N3/3Q2P1/PPP2P1P/4R1K1 w - - 1 23,f4f5
1,cemosk,EulerE,1195,1176,r5k1/p1b2pp1/2p1b2p/5q2/4N3/1P1Q2P1/P1P2P1P/4R1K1 b - - 0 23,b2b3
1,cemosk,EulerE,1195,1176,r5k1/p4pp1/1bp1b2p/5q2/4N3/1P1Q2P1/P1P2P1P/4R1K1 w - - 1 24,c7b6
1,cemosk,EulerE,1195,1176,r5k1/p4pp1/1bp1b2p/5q2/4N3/1P1Q2P1/P1P2P1P/5RK1 b - - 2 24,e1f1
1,cemosk,EulerE,1195,1176,r5k1/p4pp1/1bp4p/3b1q2/4N3/1P1Q2P1/P1P2P1P/5RK1 w - - 3 25,e6d5
1,cemosk,EulerE,1195,1176,r5k1/p4pp1/1bpN3p/3b1q2/8/1P1Q2P1/P1P2P1P/5RK1 b - - 4 25,e4d6
1,cemosk,EulerE,1195,1176,r5k1/p4pp1/1bpN3p/3b4/8/1P1q2P1/P1P2P1P/5RK1 w - - 0 26,f5d3
1,cemosk,EulerE,1195,1176,r5k1/p4pp1/1bpN3p/3b4/8/1P1P2P1/P4P1P/5RK1 b - - 0 26,c2d3
1,cemosk,EulerE,1195,1176,3r2k1/p4pp1/1bpN3p/3b4/8/1P1P2P1/P4P1P/5RK1 w - - 1 27,a8d8
1,cemosk,EulerE,1195,1176,3r2k1/p4pp1/1bp4p/3b4/2N5/1P1P2P1/P4P1P/5RK1 b - - 2 27,d6c4
1,cemosk,EulerE,1195,1176,3r2k1/p4pp1/1bp4p/8/2b5/1P1P2P1/P4P1P/5RK1 w - - 0 28,d5c4
1,cemosk,EulerE,1195,1176,3r2k1/p4pp1/1bp4p/8/2P5/1P4P1/P4P1P/5RK1 b - - 0 28,d3c4
1,cemosk,EulerE,1195,1176,6k1/p4pp1/1bp4p/8/2P5/1P4P1/P2r1P1P/5RK1 w - - 1 29,d8d2
1,cemosk,EulerE,1195,1176,6k1/p4pp1/1bp4p/8/P1P5/1P4P1/3r1P1P/5RK1 b - - 0 29,a2a4
1,cemosk,EulerE,1195,1176,6k1/p4pp1/1bp4p/8/P1P5/1P4P1/1r3P1P/5RK1 w - - 1 30,d2b2
1,cemosk,EulerE,1195,1176,6k1/p4pp1/1bp4p/8/P1P5/1P4P1/1r3P1P/5R1K b - - 2 30,g1h1
1,cemosk,EulerE,1195,1176,6k1/p4pp1/1bp4p/8/P1P5/1r4P1/5P1P/5R1K w - - 0 31,b2b3
1,cemosk,EulerE,1195,1176,6k1/p4pp1/1bp4p/8/P1P2P2/1r4P1/7P/5R1K b - - 0 31,f2f4
1,cemosk,EulerE,1195,1176,6k1/p4pp1/1bp4p/8/PrP2P2/6P1/7P/5R1K w - - 1 32,b3b4
1,cemosk,EulerE,1195,1176,6k1/p4pp1/1bp4p/8/PrP2P2/6P1/7P/2R4K b - - 2 32,f1c1
1,cemosk,EulerE,1195,1176,6k1/p4pp1/2p4p/2b5/PrP2P2/6P1/7P/2R4K w - - 3 33,b6c5
1,cemosk,EulerE,1195,1176,6k1/p4pp1/2p4p/P1b5/1rP2P2/6P1/7P/2R4K b - - 0 33,a4a5
1,cemosk,EulerE,1195,1176,6k1/p4pp1/2p4p/P1b5/r1P2P2/6P1/7P/2R4K w - - 1 34,b4a4
1,cemosk,EulerE,1195,1176,6k1/p4pp1/2p4p/P1b5/r1P2P2/6P1/7P/4R2K b - - 2 34,c1e1
1,cemosk,EulerE,1195,1176,6k1/p4pp1/2p4p/r1b5/2P2P2/6P1/7P/4R2K w - - 0 35,a4a5
1,cemosk,EulerE,1195,1176,4R1k1/p4pp1/2p4p/r1b5/2P2P2/6P1/7P/7K b - - 1 35,e1e8
1,cemosk,EulerE,1195,1176,4R3/p4ppk/2p4p/r1b5/2P2P2/6P1/7P/7K w - - 2 36,g8h7
1,cemosk,EulerE,1195,1176,2R5/p4ppk/2p4p/r1b5/2P2P2/6P1/7P/7K b - - 3 36,e8c8
1,cemosk,EulerE,1195,1176,2R5/p4ppk/2p4p/2b5/r1P2P2/6P1/7P/7K w - - 4 37,a5a4
1,cemosk,EulerE,1195,1176,8/p4ppk/2R4p/2b5/r1P2P2/6P1/7P/7K b - - 0 37,c8c6
1,cemosk,EulerE,1195,1176,8/p4ppk/1bR4p/8/r1P2P2/6P1/7P/7K w - - 1 38,c5b6
1,cemosk,EulerE,1195,1176,8/p4ppk/1bR4p/2P5/r4P2/6P1/7P/7K b - - 0 38,c4c5
1,cemosk,EulerE,1195,1176,3b4/p4ppk/2R4p/2P5/r4P2/6P1/7P/7K w - - 1 39,b6d8
1,cemosk,EulerE,1195,1176,2Rb4/p4ppk/7p/2P5/r4P2/6P1/7P/7K b - - 2 39,c6c8
1,cemosk,EulerE,1195,1176,2R5/p4ppk/5b1p/2P5/r4P2/6P1/7P/7K w - - 3 40,d8f6
1,cemosk,EulerE,1195,1176,2R5/p4ppk/2P2b1p/8/r4P2/6P1/7P/7K b - - 0 40,c5c6
1,cemosk,EulerE,1195,1176,2R5/p4ppk/2P2b1p/8/2r2P2/6P1/7P/7K w - - 1 41,a4c4
1,cemosk,EulerE,1195,1176,2R5/p1P2ppk/5b1p/8/2r2P2/6P1/7P/7K b - - 0 41,c6c7
1,cemosk,EulerE,1195,1176,2R5/p1P2ppk/7p/8/2rb1P2/6P1/7P/7K w - - 1 42,f6d4
1,cemosk,EulerE,1195,1176,3R4/p1P2ppk/7p/8/2rb1P2/6P1/7P/7K b - - 2 42,c8d8
1,cemosk,EulerE,1195,1176,3R4/p1r2ppk/7p/8/3b1P2/6P1/7P/7K w - - 0 43,c4c7
1,cemosk,EulerE,1195,1176,8/p1r2ppk/7p/8/3R1P2/6P1/7P/7K b - - 0 43,d8d4
1,cemosk,EulerE,1195,1176,8/2r2ppk/7p/p7/3R1P2/6P1/7P/7K w - - 0 44,a7a5
1,cemosk,EulerE,1195,1176,8/2r2ppk/7p/p7/R4P2/6P1/7P/7K b - - 1 44,d4a4
1,cemosk,EulerE,1195,1176,8/r4ppk/7p/p7/R4P2/6P1/7P/7K w - - 2 45,c7a7
1,cemosk,EulerE,1195,1176,8/r4ppk/7p/p7/R4P2/6P1/6KP/8 b - - 3 45,h1g2
1,cemosk,EulerE,1195,1176,8/r4pp1/6kp/p7/R4P2/6P1/6KP/8 w - - 4 46,h7g6
1,cemosk,EulerE,1195,1176,8/r4pp1/6kp/p7/R4P2/6PK/7P/8 b - - 5 46,g2h3
1,cemosk,EulerE,1195,1176,8/r4pp1/5k1p/p7/R4P2/6PK/7P/8 w - - 6 47,g6f6
1,cemosk,EulerE,1195,1176,8/r4pp1/5k1p/p7/R4PP1/7K/7P/8 b - - 0 47,g3g4
1,cemosk,EulerE,1195,1176,8/r4pp1/4k2p/p7/R4PP1/7K/7P/8 w - - 1 48,f6e6
1,cemosk,EulerE,1195,1176,8/r4pp1/4k2p/p4P2/R5P1/7K/7P/8 b - - 0 48,f4f5
1,cemosk,EulerE,1195,1176,8/r4pp1/7p/p3kP2/R5P1/7K/7P/8 w - - 1 49,e6e5
1,cemosk,EulerE,1195,1176,8/r4pp1/7p/p3kP2/R5P1/8/6KP/8 b - - 2 49,h3g2
1,cemosk,EulerE,1195,1176,8/r4p2/7p/p3kPp1/R5P1/8/6KP/8 w - g6 0 50,g7g5
1,cemosk,EulerE,1195,1176,8/r4p2/6Pp/p3k3/R5P1/8/6KP/8 b - - 0 50,f5g6
1,cemosk,EulerE,1195,1176,8/r7/6pp/p3k3/R5P1/8/6KP/8 w - - 0 51,f7g6
1,cemosk,EulerE,1195,1176,8/r7/6pp/p3k3/R5PP/8/6K1/8 b - - 0 51,h2h4
1,cemosk,EulerE,1195,1176,8/r7/6pp/p2k4/R5PP/8/6K1/8 w - - 1 52,e5d5
1,cemosk,EulerE,1195,1176,8/r7/6pp/p2k4/R5PP/5K2/8/8 b - - 2 52,g2f3
1,cemosk,EulerE,1195,1176,8/r7/6pp/p3k3/R5PP/5K2/8/8 w - - 3 53,d5e5
1,cemosk,EulerE,1195,1176,8/r7/6pp/p3k3/R5PP/6K1/8/8 b - - 4 53,f3g3
1,cemosk,EulerE,1195,1176,8/r7/5kpp/p7/R5PP/6K1/8/8 w - - 5 54,e5f6
1,cemosk,EulerE,1195,1176,8/r7/5kpp/p7/R4KPP/8/8/8 b - - 6 54,g3f4
1,cemosk,EulerE,1195,1176,8/r7/5k1p/p5p1/R4KPP/8/8/8 w - - 0 55,g6g5
1,cemosk,EulerE,1195,1176,8/r7/5k1p/p5P1/R4KP1/8/8/8 b - - 0 55,h4g5
1,cemosk,EulerE,1195,1176,8/r7/5k2/p5p1/R4KP1/8/8/8 w - - 0 56,h6g5
1,cemosk,EulerE,1195,1176,8/r7/5k2/p5p1/R3K1P1/8/8/8 b - - 1 56,f4e4
1,cemosk,EulerE,1195,1176,8/r7/6k1/p5p1/R3K1P1/8/8/8 w - - 2 57,f6g6
1,cemosk,EulerE,1195,1176,8/r7/6k1/p5p1/R5P1/5K2/8/8 b - - 3 57,e4f3
1,cemosk,EulerE,1195,1176,8/r7/5k2/p5p1/R5P1/5K2/8/8 w - - 4 58,g6f6
1,cemosk,EulerE,1195,1176,8/r7/5k2/p5p1/R5P1/6K1/8/8 b - - 5 58,f3g3
1,cemosk,EulerE,1195,1176,8/r7/6k1/p5p1/R5P1/6K1/8/8 w - - 6 59,f6g6
1,cemosk,EulerE,1195,1176,8/r7/6k1/p5p1/R5P1/5K2/8/8 b - - 7 59,g3f3
1,cemosk,EulerE,1195,1176,8/5r2/6k1/p5p1/R5P1/5K2/8/8 w - - 8 60,a7f7
1,cemosk,EulerE,1195,1176,8/5r2/6k1/p5p1/R5P1/4K3/8/8 b - - 9 60,f3e3
1,cemosk,EulerE,1195,1176,8/8/6k1/p5p1/R4rP1/4K3/8/8 w - - 10 61,f7f4
1,cemosk,EulerE,1195,1176,8/8/6k1/R5p1/5rP1/4K3/8/8 b - - 0 61,a4a5
1,cemosk,EulerE,1195,1176,8/8/6k1/R5p1/6r1/4K3/8/8 w - - 0 62,f4g4
1,cemosk,EulerE,1195,1176,8/8/R5k1/6p1/6r1/4K3/8/8 b - - 1 62,a5a6
1,cemosk,EulerE,1195,1176,8/8/R7/6pk/6r1/4K3/8/8 w - - 2 63,g6h5
1,cemosk,EulerE,1195,1176,8/8/8/R5pk/6r1/4K3/8/8 b - - 3 63,a6a5
1,cemosk,EulerE,1195,1176,8/8/8/R5p1/6rk/4K3/8/8 w - - 4 64,h5h4
1,cemosk,EulerE,1195,1176,8/8/8/R5p1/6rk/5K2/8/8 b - - 5 64,e3f3
1,cemosk,EulerE,1195,1176,8/8/8/R5p1/7k/5K2/8/6r1 w - - 6 65,g4g1
1,cemosk,EulerE,1195,1176,8/8/8/R5p1/7k/8/5K2/6r1 b - - 7 65,f3f2
1,cemosk,EulerE,1195,1176,8/8/8/R5p1/7k/6r1/5K2/8 w - - 8 66,g1g3
1,cemosk,EulerE,1195,1176,8/8/8/6p1/R6k/6r1/5K2/8 b - - 9 66,a5a4
1,cemosk,EulerE,1195,1176,8/8/8/8/R5pk/6r1/5K2/8 w - - 0 67,g5g4
1,cemosk,EulerE,1195,1176,R7/8/8/8/6pk/6r1/5K2/8 b - - 1 67,a4a8
1,cemosk,EulerE,1195,1176,R7/8/8/8/6pk/5r2/5K2/8 w - - 2 68,g3f3
1,cemosk,EulerE,1195,1176,R7/8/8/8/6pk/5r2/6K1/8 b - - 3 68,f2g2
1,cemosk,EulerE,1195,1176,R7/8/8/6k1/6p1/5r2/6K1/8 w - - 4 69,h4g5
1,cemosk,EulerE,1195,1176,8/8/8/R5k1/6p1/5r2/6K1/8 b - - 5 69,a8a5
1,cemosk,EulerE,1195,1176,8/8/8/R7/5kp1/5r2/6K1/8 w - - 6 70,g5f4
1,cemosk,EulerE,1195,1176,8/8/8/8/R4kp1/5r2/6K1/8 b - - 7 70,a5a4
1,cemosk,EulerE,1195,1176,8/8/8/8/R5p1/4kr2/6K1/8 w - - 8 71,f4e3
1,cemosk,EulerE,1195,1176,8/8/8/8/6R1/4kr2/6K1/8 b - - 0 71,a4g4
1,cemosk,EulerE,1195,1176,8/8/8/8/5rR1/4k3/6K1/8 w - - 1 72,f3f4
1,cemosk,EulerE,1195,1176,8/8/8/8/5r2/4k1R1/6K1/8 b - - 2 72,g4g3
1,cemosk,EulerE,1195,1176,8/8/8/8/4kr2/6R1/6K1/8 w - - 3 73,e3e4
1,cemosk,EulerE,1195,1176,8/8/8/8/4kr2/6R1/7K/8 b - - 4 73,g2h2
1,cemosk,EulerE,1195,1176,8/8/8/8/4k3/6R1/5r1K/8 w - - 5 74,f4f2
1,cemosk,EulerE,1195,1176,8/8/8/8/4k3/6RK/5r2/8 b - - 6 74,h2h3
1,cemosk,EulerE,1195,1176,8/8/8/8/4kr2/6RK/8/8 w - - 7 75,f2f4
1,cemosk,EulerE,1195,1176,8/8/8/8/4kr2/6R1/6K1/8 b - - 8 75,h3g2
1,cemosk,EulerE,1195,1176,8/8/8/5k2/5r2/6R1/6K1/8 w - - 9 76,e4f5
1,cemosk,EulerE,1195,1176,8/8/8/5k2/5r2/7R/6K1/8 b - - 10 76,g3h3
1,cemosk,EulerE,1195,1176,8/8/8/8/4kr2/7R/6K1/8 w - - 11 77,f5e4
1,cemosk,EulerE,1195,1176,8/8/8/8/4kr2/6R1/6K1/8 b - - 12 77,h3g3
1,cemosk,EulerE,1195,1176,8/8/8/3k4/5r2/6R1/6K1/8 w - - 13 78,e4d5
1,cemosk,EulerE,1195,1176,8/8/8/3k4/5r2/6RK/8/8 b - - 14 78,g2h3
1,cemosk,EulerE,1195,1176,8/8/8/3k1r2/8/6RK/8/8 w - - 15 79,f4f5
1,cemosk,EulerE,1195,1176,8/8/8/3k1r2/6R1/7K/8/8 b - - 16 79,g3g4
1,cemosk,EulerE,1195,1176,8/8/8/3kr3/6R1/7K/8/8 w - - 17 80,f5e5
1,cemosk,EulerE,1195,1176,8/8/8/3kr3/6RK/8/8/8 b - - 18 80,h3h4
1,cemosk,EulerE,1195,1176,8/8/4k3/4r3/6RK/8/8/8 w - - 19 81,d5e6
1,cemosk,EulerE,1195,1176,8/8/4k3/4r1R1/7K/8/8/8 b - - 20 81,g4g5
1,cemosk,EulerE,1195,1176,8/8/4k3/6R1/4r2K/8/8/8 w - - 21 82,e5e4
1,cemosk,EulerE,1195,1176,8/8/4k3/6RK/4r3/8/8/8 b - - 22 82,h4h5
1,cemosk,EulerE,1195,1176,8/8/3k4/6RK/4r3/8/8/8 w - - 23 83,e6d6
1,cemosk,EulerE,1195,1176,8/8/3k2K1/6R1/4r3/8/8/8 b - - 24 83,h5g6
1,cemosk,EulerE,1195,1176,8/8/3kr1K1/6R1/8/8/8/8 w - - 25 84,e4e6
1,cemosk,EulerE,1195,1176,8/5K2/3kr3/6R1/8/8/8/8 b - - 26 84,g6f7
1,cemosk,EulerE,1195,1176,8/4rK2/3k4/6R1/8/8/8/8 w - - 27 85,e6e7
1,cemosk,EulerE,1195,1176,8/4r3/3k1K2/6R1/8/8/8/8 b - - 28 85,f7f6
1,cemosk,EulerE,1195,1176,8/8/3krK2/6R1/8/8/8/8 w - - 29 86,e7e6
1,cemosk,EulerE,1195,1176,8/8/3kr3/5KR1/8/8/8/8 b - - 30 86,f6f5
1,cemosk,EulerE,1195,1176,8/8/3k4/4rKR1/8/8/8/8 w - - 31 87,e6e5
1,cemosk,EulerE,1195,1176,8/8/3k4/4r1R1/6K1/8/8/8 b - - 32 87,f5g4
1,cemosk,EulerE,1195,1176,8/8/3k4/6R1/4r1K1/8/8/8 w - - 33 88,e5e4
1,cemosk,EulerE,1195,1176,8/8/3k4/5KR1/4r3/8/8/8 b - - 34 88,g4f5
1,cemosk,EulerE,1195,1176,8/8/3k4/5KR1/3r4/8/8/8 w - - 35 89,e4d4
1,cemosk,EulerE,1195,1176,8/8/3k2K1/6R1/3r4/8/8/8 b - - 36 89,f5g6
1,cemosk,EulerE,1195,1176,8/8/2k3K1/6R1/3r4/8/8/8 w - - 37 90,d6c6
1,cemosk,EulerE,1195,1176,8/5K2/2k5/6R1/3r4/8/8/8 b - - 38 90,g6f7
1,cemosk,EulerE,1195,1176,8/5K2/1k6/6R1/3r4/8/8/8 w - - 39 91,c6b6
1,cemosk,EulerE,1195,1176,8/4K3/1k6/6R1/3r4/8/8/8 b - - 40 91,f7e7
1,cemosk,EulerE,1195,1176,8/4K3/2k5/6R1/3r4/8/8/8 w - - 41 92,b6c6
1,cemosk,EulerE,1195,1176,8/8/2k1K3/6R1/3r4/8/8/8 b - - 42 92,e7e6
1,cemosk,EulerE,1195,1176,8/8/2krK3/6R1/8/8/8/8 w - - 43 93,d4d6
1,cemosk,EulerE,1195,1176,8/8/2kr4/5KR1/8/8/8/8 b - - 44 93,e6f5
1,cemosk,EulerE,1195,1176,8/8/2k5/3r1KR1/8/8/8/8 w - - 45 94,d6d5
1,cemosk,EulerE,1195,1176,8/8/2k5/3r2R1/6K1/8/8/8 b - - 46 94,f5g4
1,cemosk,EulerE,1195,1176,8/8/2kr4/6R1/6K1/8/8/8 w - - 47 95,d5d6
1,cemosk,EulerE,1195,1176,8/8/2kr4/6R1/5K2/8/8/8 b - - 48 95,g4f4
1,cemosk,EulerE,1195,1176,8/8/2k2r2/6R1/5K2/8/8/8 w - - 49 96,d6f6
1,cemosk,EulerE,1195,1176,8/8/2k2r2/5R2/5K2/8/8/8 b - - 50 96,g5f5
1,cemosk,EulerE,1195,1176,8/8/2k1r3/5R2/5K2/8/8/8 w - - 51 97,f6e6
1,cemosk,EulerE,1195,1176,8/8/2k1r3/4R3/5K2/8/8/8 b - - 52 97,f5e5
1,cemosk,EulerE,1195,1176,8/8/2kr4/4R3/5K2/8/8/8 w - - 53 98,e6d6
1,cemosk,EulerE,1195,1176,8/8/2kr4/4R3/4K3/8/8/8 b - - 54 98,f4e4
1,cemosk,EulerE,1195,1176,8/2k5/3r4/4R3/4K3/8/8/8 w - - 55 99,c6c7
1,cemosk,EulerE,1195,1176,8/2k5/3r4/3R4/4K3/8/8/8 b - - 56 99,e5d5
1,cemosk,EulerE,1195,1176,8/2k5/4r3/3R4/4K3/8/8/8 w - - 57 100,d6e6
1,cemosk,EulerE,1195,1176,8/2k5/4r3/3R4/3K4/8/8/8 b - - 58 100,e4d4
1,cemosk,EulerE,1195,1176,8/2k5/7r/3R4/3K4/8/8/8 w - - 59 101,e6h6
1,cemosk,EulerE,1195,1176,8/2k5/7r/2KR4/8/8/8/8 b - - 60 101,d4c5
1,cemosk,EulerE,1195,1176,8/2k5/2r5/2KR4/8/8/8/8 w - - 61 102,h6c6
1,cemosk,EulerE,1195,1176,8/2k5/2r5/1K1R4/8/8/8/8 b - - 62 102,c5b5
1,cemosk,EulerE,1195,1176,8/2k5/1r6/1K1R4/8/8/8/8 w - - 63 103,c6b6
1,cemosk,EulerE,1195,1176,8/2k5/1r6/2KR4/8/8/8/8 b - - 64 103,b5c5
1,cemosk,EulerE,1195,1176,8/2k5/7r/2KR4/8/8/8/8 w - - 65 104,b6h6
1,cemosk,EulerE,1195,1176,8/2k5/7r/1K1R4/8/8/8/8 b - - 66 104,c5b5
1,cemosk,EulerE,1195,1176,8/1k6/7r/1K1R4/8/8/8/8 w - - 67 105,c7b7
1,cemosk,EulerE,1195,1176,8/1k1R4/7r/1K6/8/8/8/8 b - - 68 105,d5d7
1,cemosk,EulerE,1195,1176,2k5/3R4/7r/1K6/8/8/8/8 w - - 69 106,b7c8
1,cemosk,EulerE,1195,1176,2k5/5R2/7r/1K6/8/8/8/8 b - - 70 106,d7f7
1,cemosk,EulerE,1195,1176,3k4/5R2/7r/1K6/8/8/8/8 w - - 71 107,c8d8
1,cemosk,EulerE,1195,1176,3k4/6R1/7r/1K6/8/8/8/8 b - - 72 107,f7g7
1,cemosk,EulerE,1195,1176,4k3/6R1/7r/1K6/8/8/8/8 w - - 73 108,d8e8
1,cemosk,EulerE,1195,1176,4k3/6R1/7r/2K5/8/8/8/8 b - - 74 108,b5c5
1,cemosk,EulerE,1195,1176,5k2/6R1/7r/2K5/8/8/8/8 w - - 75 109,e8f8
1,cemosk,EulerE,1195,1176,5k2/R7/7r/2K5/8/8/8/8 b - - 76 109,g7a7
1,cemosk,EulerE,1195,1176,4k3/R7/7r/2K5/8/8/8/8 w - - 77 110,f8e8
1,cemosk,EulerE,1195,1176,4k3/R7/7r/3K4/8/8/8/8 b - - 78 110,c5d5
1,cemosk,EulerE,1195,1176,3k4/R7/7r/3K4/8/8/8/8 w - - 79 111,e8d8
1,cemosk,EulerE,1195,1176,3k4/R7/7r/4K3/8/8/8/8 b - - 80 111,d5e5
1,cemosk,EulerE,1195,1176,2k5/R7/7r/4K3/8/8/8/8 w - - 81 112,d8c8
1,cemosk,EulerE,1195,1176,2k5/R7/7r/5K2/8/8/8/8 b - - 82 112,e5f5
1,cemosk,EulerE,1195,1176,1k6/R7/7r/5K2/8/8/8/8 w - - 83 113,c8b8
1,cemosk,EulerE,1195,1176,1k6/6R1/7r/5K2/8/8/8/8 b - - 84 113,a7g7
1,cemosk,EulerE,1195,1176,2k5/6R1/7r/5K2/8/8/8/8 w - - 85 114,b8c8
1,cemosk,EulerE,1195,1176,2k5/6R1/7r/6K1/8/8/8/8 b - - 86 114,f5g5
1,cemosk,EulerE,1195,1176,2k5/6R1/r7/6K1/8/8/8/8 w - - 87 115,h6a6
1,cemosk,EulerE,1195,1176,2k5/8/r5R1/6K1/8/8/8/8 b - - 88 115,g7g6
1,cemosk,EulerE,1195,1176,2k5/r7/6R1/6K1/8/8/8/8 w - - 89 116,a6a7
1,cemosk,EulerE,1195,1176,2k5/r7/6RK/8/8/8/8/8 b - - 90 116,g5h6
1,cemosk,EulerE,1195,1176,2k5/3r4/6RK/8/8/8/8/8 w - - 91 117,a7d7
1,cemosk,EulerE,1195,1176,2k5/3r4/4R2K/8/8/8/8/8 b - - 92 117,g6e6
1,cemosk,EulerE,1195,1176,8/2kr4/4R2K/8/8/8/8/8 w - - 93 118,c8c7
1,cemosk,EulerE,1195,1176,8/2kr4/4R1K1/8/8/8/8/8 b - - 94 118,h6g6
1,cemosk,EulerE,1195,1176,8/1k1r4/4R1K1/8/8/8/8/8 w - - 95 119,c7b7
1,cemosk,EulerE,1195,1176,8/1k1r4/4RK2/8/8/8/8/8 b - - 96 119,g6f6
1,cemosk,EulerE,1195,1176,8/1kr5/4RK2/8/8/8/8/8 w - - 97 120,d7c7
1,cemosk,EulerE,1195,1176,8/1kr5/4R3/4K3/8/8/8/8 b - - 98 120,f6e5
1,cemosk,EulerE,1195,1176,8/k1r5/4R3/4K3/8/8/8/8 w - - 99 121,b7a7
1,cemosk,EulerE,1195,1176,8/k1r5/4R3/3K4/8/8/8/8 b - - 100 121,e5d5
2,andreypotiforoff,EulerE,1131,1183,rnbqkbnr/pppppppp/8/8/8/5N2/PPPPPPPP/RNBQKB1R b KQkq - 1 1,g1f3
2,andreypotiforoff,EulerE,1131,1183,rnbqkbnr/ppp1pppp/8/3p4/8/5N2/PPPPPPPP/RNBQKB1R w KQkq - 0 2,d7d5
2,andreypotiforoff,EulerE,1131,1183,rnbqkbnr/ppp1pppp/8/3p4/8/5N1P/PPPPPPP1/RNBQKB1R b KQkq - 0 2,h2h3
2,andreypotiforoff,EulerE,1131,1183,rnbqkb1r/ppp1pppp/5n2/3p4/8/5N1P/PPPPPPP1/RNBQKB1R w KQkq - 1 3,g8f6
2,andreypotiforoff,EulerE,1131,1183,rnbqkb1r/ppp1pppp/5n2/3p4/3P4/5N1P/PPP1PPP1/RNBQKB1R b KQkq - 0 3,d2d4
2,andreypotiforoff,EulerE,1131,1183,rnbqkb1r/ppp1pp1p/5np1/3p4/3P4/5N1P/PPP1PPP1/RNBQKB1R w KQkq - 0 4,g7g6
2,andreypotiforoff,EulerE,1131,1183,rnbqkb1r/ppp1pp1p/5np1/3p2B1/3P4/5N1P/PPP1PPP1/RN1QKB1R b KQkq - 1 4,c1g5
2,andreypotiforoff,EulerE,1131,1183,rnbqk2r/ppp1ppbp/5np1/3p2B1/3P4/5N1P/PPP1PPP1/RN1QKB1R w KQkq - 2 5,f8g7
2,andreypotiforoff,EulerE,1131,1183,rnbqk2r/ppp1ppbp/5np1/3p2B1/3P4/2N2N1P/PPP1PPP1/R2QKB1R b KQkq - 3 5,b1c3
2,andreypotiforoff,EulerE,1131,1183,rnbq1rk1/ppp1ppbp/5np1/3p2B1/3P4/2N2N1P/PPP1PPP1/R2QKB1R w KQ - 4 6,e8g8
2,andreypotiforoff,EulerE,1131,1183,rnbq1rk1/ppp1ppbp/5np1/3p2B1/3P4/2NQ1N1P/PPP1PPP1/R3KB1R b KQ - 5 6,d1d3
2,andreypotiforoff,EulerE,1131,1183,rnbqr1k1/ppp1ppbp/5np1/3p2B1/3P4/2NQ1N1P/PPP1PPP1/R3KB1R w KQ - 6 7,f8e8
2,andreypotiforoff,EulerE,1131,1183,rnbqr1k1/ppp1ppbp/5np1/3p2B1/3P4/2NQ1N1P/PPP1PPP1/2KR1B1R b - - 7 7,e1c1
2,andreypotiforoff,EulerE,1131,1183,rn1qr1k1/ppp1ppbp/5np1/3p1bB1/3P4/2NQ1N1P/PPP1PPP1/2KR1B1R w - - 8 8,c8f5
2,andreypotiforoff,EulerE,1131,1183,rn1qr1k1/ppp1ppbp/5np1/3p1bB1/3P4/2N1QN1P/PPP1PPP1/2KR1B1R b - - 9 8,d3e3
2,andreypotiforoff,EulerE,1131,1183,r2qr1k1/ppp1ppbp/2n2np1/3p1bB1/3P4/2N1QN1P/PPP1PPP1/2KR1B1R w - - 10 9,b8c6
2,andreypotiforoff,EulerE,1131,1183,r2qr1k1/ppp1ppbp/2n2Bp1/3p1b2/3P4/2N1QN1P/PPP1PPP1/2KR1B1R b - - 0 9,g5f6
2,andreypotiforoff,EulerE,1131,1183,r2qr1k1/ppp1pp1p/2n2bp1/3p1b2/3P4/2N1QN1P/PPP1PPP1/2KR1B1R w - - 0 10,g7f6
2,andreypotiforoff,EulerE,1131,1183,r2qr1k1/ppp1pp1p/2n2bp1/3p1b2/3P2P1/2N1QN1P/PPP1PP2/2KR1B1R b - - 0 10,g2g4
2,andreypotiforoff,EulerE,1131,1183,r2qr1k1/pppbpp1p/2n2bp1/3p4/3P2P1/2N1QN1P/PPP1PP2/2KR1B1R w - - 1 11,f5d7
2,andreypotiforoff,EulerE,1131,1183,r2qr1k1/pppbpp1p/2n2bp1/3p2N1/3P2P1/2N1Q2P/PPP1PP2/2KR1B1R b - - 2 11,f3g5
2,andreypotiforoff,EulerE,1131,1183,r2qr1k1/pppb1p1p/2n1pbp1/3p2N1/3P2P1/2N1Q2P/PPP1PP2/2KR1B1R w - - 0 12,e7e6
2,andreypotiforoff,EulerE,1131,1183,r2qr1k1/pppb1p1p/2n1pbp1/3p2N1/3P1PP1/2N1Q2P/PPP1P3/2KR1B1R b - - 0 12,f2f4
2,andreypotiforoff,EulerE,1131,1183,r2qr1k1/pppb1p1p/2n1p1p1/3p2b1/3P1PP1/2N1Q2P/PPP1P3/2KR1B1R w - - 0 13,f6g5
2,andreypotiforoff,EulerE,1131,1183,r2qr1k1/pppb1p1p/2n1p1p1/3p2P1/3P2P1/2N1Q2P/PPP1P3/2KR1B1R b - - 0 13,f4g5
2,andreypotiforoff,EulerE,1131,1183,r2qr1k1/pppbnp1p/4p1p1/3p2P1/3P2P1/2N1Q2P/PPP1P3/2KR1B1R w - - 1 14,c6e7
2,andreypotiforoff,EulerE,1131,1183,r2qr1k1/pppbnp1p/4p1p1/3p2P1/3P2PP/2N1Q3/PPP1P3/2KR1B1R b - - 0 14,h3h4
2,andreypotiforoff,EulerE,1131,1183,r2qr3/pppbnpkp/4p1p1/3p2P1/3P2PP/2N1Q3/PPP1P3/2KR1B1R w - - 1 15,g8g7
2,andreypotiforoff,EulerE,1131,1183,r2qr3/pppbnpkp/4p1p1/3p2PP/3P2P1/2N1Q3/PPP1P3/2KR1B1R b - - 0 15,h4h5
2,andreypotiforoff,EulerE,1131,1183,r2q3r/pppbnpkp/4p1p1/3p2PP/3P2P1/2N1Q3/PPP1P3/2KR1B1R w - - 1 16,e8h8
2,andreypotiforoff,EulerE,1131,1183,r2q3r/pppbnpkp/4p1p1/3pQ1PP/3P2P1/2N5/PPP1P3/2KR1B1R b - - 2 16,e3e5
2,andreypotiforoff,EulerE,1131,1183,r2q2kr/pppbnp1p/4p1p1/3pQ1PP/3P2P1/2N5/PPP1P3/2KR1B1R w - - 3 17,g7g8
2,andreypotiforoff,EulerE,1131,1183,r2q2kr/pppbnp1p/4p1P1/3pQ1P1/3P2P1/2N5/PPP1P3/2KR1B1R b - - 0 17,h5g6
2,andreypotiforoff,EulerE,1131,1183,r2q2kr/pppbn2p/4p1p1/3pQ1P1/3P2P1/2N5/PPP1P3/2KR1B1R w - - 0 18,f7g6
2,andreypotiforoff,EulerE,1131,1183,r2q2kr/pppbn2p/4p1p1/3pQ1P1/3PP1P1/2N5/PPP5/2KR1B1R b - - 0 18,e2e4
2,andreypotiforoff,EulerE,1131,1183,r2q2kr/pppb3p/2n1p1p1/3pQ1P1/3PP1P1/2N5/PPP5/2KR1B1R w - - 1 19,e7c6
2,andreypotiforoff,EulerE,1131,1183,r2q2kr/pppb3p/2n1p1p1/3p2P1/3PPQP1/2N5/PPP5/2KR1B1R b - - 2 19,e5f4
2,andreypotiforoff,EulerE,1131,1183,r2q3r/pppb2kp/2n1p1p1/3p2P1/3PPQP1/2N5/PPP5/2KR1B1R w - - 3 20,g8g7
2,andreypotiforoff,EulerE,1131,1183,r2q3r/pppb2kp/2n1p1p1/3p2P1/3PPQP1/2NB4/PPP5/2KR3R b - - 4 20,f1d3
2,andreypotiforoff,EulerE,1131,1183,r2q1r2/pppb2kp/2n1p1p1/3p2P1/3PPQP1/2NB4/PPP5/2KR3R w - - 5 21,h8f8
2,andreypotiforoff,EulerE,1131,1183,r2q1r2/pppb2kp/2n1p1p1/3p2P1/3PP1P1/2NB2Q1/PPP5/2KR3R b - - 6 21,f4g3
2,andreypotiforoff,EulerE,1131,1183,r4r2/pppb2kp/2n1p1p1/3p2q1/3PP1P1/2NB2Q1/PPP5/2KR3R w - - 0 22,d8g5
2,andreypotiforoff,EulerE,1131,1183,r4r2/pppb2kp/2n1p1p1/3p2q1/3PP1P1/2NB2Q1/PPP5/1K1R3R b - - 1 22,c1b1
2,andreypotiforoff,EulerE,1131,1183,r4r2/pppb2kp/4p1p1/3p2q1/3nP1P1/2NB2Q1/PPP5/1K1R3R w - - 0 23,c6d4
2,andreypotiforoff,EulerE,1131,1183,r4r2/ppQb2kp/4p1p1/3p2q1/3nP1P1/2NB4/PPP5/1K1R3R b - - 0 23,g3c7
2,andreypotiforoff,EulerE,1131,1183,r4r2/ppQbq1kp/4p1p1/3p4/3nP1P1/2NB4/PPP5/1K1R3R w - - 1 24,g5e7
2,andreypotiforoff,EulerE,1131,1183,r4r2/ppQbq1kp/4p1p1/3P4/3n2P1/2NB4/PPP5/1K1R3R b - - 0 24,e4d5
2,andreypotiforoff,EulerE,1131,1183,r4r2/ppQbq1kp/6p1/3p4/3n2P1/2NB4/PPP5/1K1R3R w - - 0 25,e6d5
2,andreypotiforoff,EulerE,1131,1183,r4r2/ppQbq1kp/6p1/3p4/3n2P1/2NB4/PPP5/1K2R2R b - - 1 25,d1e1
2,andreypotiforoff,EulerE,1131,1183,r4r2/ppQb1qkp/6p1/3p4/3n2P1/2NB4/PPP5/1K2R2R w - - 2 26,e7f7
2,andreypotiforoff,EulerE,1131,1183,r4r2/ppQb1qkp/6p1/3p4/3n2P1/2NB4/PPP5/1K2RR2 b - - 3 26,h1f1
2,andreypotiforoff,EulerE,1131,1183,r4r2/ppQb1qkp/6p1/3p4/6P1/2NB1n2/PPP5/1K2RR2 w - - 4 27,d4f3
2,andreypotiforoff,EulerE,1131,1183,r4r2/ppQb1qkp/6p1/3p4/6P1/2NB1R2/PPP5/1K2R3 b - - 0 27,f1f3
2,andreypotiforoff,EulerE,1131,1183,r4r2/ppQb2kp/6p1/3p4/6P1/2NB1q2/PPP5/1K2R3 w - - 0 28,f7f3
2,andreypotiforoff,EulerE,1131,1183,r4r2/pp1Q2kp/6p1/3p4/6P1/2NB1q2/PPP5/1K2R3 b - - 0 28,c7d7
2,andreypotiforoff,EulerE,1131,1183,r4r2/pp1Q3p/6pk/3p4/6P1/2NB1q2/PPP5/1K2R3 w - - 1 29,g7h6
2,andreypotiforoff,EulerE,1131,1183,r4r2/pp1Q3p/6pk/3p2P1/8/2NB1q2/PPP5/1K2R3 b - - 0 29,g4g5
2,andreypotiforoff,EulerE,1131,1183,r4r2/pp1Q3p/6p1/3p2k1/8/2NB1q2/PPP5/1K2R3 w - - 0 30,h6g5
2,andreypotiforoff,EulerE,1131,1183,r4r2/pp5Q/6p1/3p2k1/8/2NB1q2/PPP5/1K2R3 b - - 0 30,d7h7
2,andreypotiforoff,EulerE,1131,1183,r4r2/pp5Q/6p1/3p2k1/8/2NB4/PPP2q2/1K2R3 w - - 1 31,f3f2
2,andreypotiforoff,EulerE,1131,1183,r4r2/pp6/6Q1/3p2k1/8/2NB4/PPP2q2/1K2R3 b - - 0 31,h7g6
2,andreypotiforoff,EulerE,1131,1183,r4r2/pp6/6Q1/3p4/7k/2NB4/PPP2q2/1K2R3 w - - 1 32,g5h4
2,andreypotiforoff,EulerE,1131,1183,r4r2/pp6/7Q/3p4/7k/2NB4/PPP2q2/1K2R3 b - - 2 32,g6h6
2,andreypotiforoff,EulerE,1131,1183,r4r2/pp6/7Q/3p4/8/2NB2k1/PPP2q2/1K2R3 w - - 3 33,h4g3
2,andreypotiforoff,EulerE,1131,1183,r4r2/pp6/8/3p2Q1/8/2NB2k1/PPP2q2/1K2R3 b - - 4 33,h6g5
2,andreypotiforoff,EulerE,1131,1183,r4r2/pp6/8/3p2Q1/8/2NB4/PPP2q1k/1K2R3 w - - 5 34,g3h2
2,andreypotiforoff,EulerE,1131,1183,r4r2/pp6/8/3p3Q/8/2NB4/PPP2q1k/1K2R3 b - - 6 34,g5h5
2,andreypotiforoff,EulerE,1131,1183,r4r2/pp6/8/3p3Q/8/2NB4/PPP2qk1/1K2R3 w - - 7 35,h2g2
2,andreypotiforoff,EulerE,1131,1183,r4r2/pp6/8/3p4/6Q1/2NB4/PPP2qk1/1K2R3 b - - 8 35,h5g4
2,andreypotiforoff,EulerE,1131,1183,r4r2/pp6/8/3p4/6Q1/2NB4/PPP2q1k/1K2R3 w - - 9 36,g2h2
2,andreypotiforoff,EulerE,1131,1183,r4r2/pp6/8/3p3Q/8/2NB4/PPP2q1k/1K2R3 b - - 10 36,g4h5
2,andreypotiforoff,EulerE,1131,1183,r4r2/pp6/8/3p3Q/8/2NB4/PPP2qk1/1K2R3 w - - 11 37,h2g2
2,andreypotiforoff,EulerE,1131,1183,r4r2/pp6/8/3p3Q/8/2NB4/PPP1Rqk1/1K6 b - - 12 37,e1e2
2,andreypotiforoff,EulerE,1131,1183,4rr2/pp6/8/3p3Q/8/2NB4/PPP1Rqk1/1K6 w - - 13 38,a8e8
2,andreypotiforoff,EulerE,1131,1183,4rr2/pp6/8/3p3Q/8/2NB4/PPP2Rk1/1K6 b - - 0 38,e2f2
2,andreypotiforoff,EulerE,1131,1183,4r3/pp6/8/3p3Q/8/2NB4/PPP2rk1/1K6 w - - 0 39,f8f2
2,andreypotiforoff,EulerE,1131,1183,4r3/pp6/8/3p3Q/8/1PNB4/P1P2rk1/1K6 b - - 0 39,b2b3
2,andreypotiforoff,EulerE,1131,1183,8/pp6/8/3p3Q/8/1PNB4/P1P2rk1/1K2r3 w - - 1 40,e8e1
2,andreypotiforoff,EulerE,1131,1183,8/pp6/8/3p3Q/8/1PNB4/PKP2rk1/4r3 b - - 2 40,b1b2
2,andreypotiforoff,EulerE,1131,1183,8/pp6/8/3p3Q/8/1PNB4/PKP2rk1/7r w - - 3 41,e1h1
2,andreypotiforoff,EulerE,1131,1183,8/pp6/8/3p4/6Q1/1PNB4/PKP2rk1/7r b - - 4 41,h5g4
2,andreypotiforoff,EulerE,1131,1183,8/pp6/8/3p4/6Q1/1PNB4/PKP2r1k/7r w - - 5 42,g2h2
3,EulerE,ORBadran,1174,1155,rnbqkbnr/pppppppp/8/8/3P4/8/PPP1PPPP/RNBQKBNR b KQkq - 0 1,d2d4
3,EulerE,ORBadran,1174,1155,rnbqkbnr/ppp1pppp/8/3p4/3P4/8/PPP1PPPP/RNBQKBNR w KQkq - 0 2,d7d5
3,EulerE,ORBadran,1174,1155,rnbqkbnr/ppp1pppp/8/3p4/2PP4/8/PP2PPPP/RNBQKBNR b KQkq - 0 2,c2c4
3,EulerE,ORBadran,1174,1155,rnbqkbnr/pp2pppp/2p5/3p4/2PP4/8/PP2PPPP/RNBQKBNR w KQkq - 0 3,c7c6
3,EulerE,ORBadran,1174,1155,rnbqkbnr/pp2pppp/2p5/3p4/2PP4/5N2/PP2PPPP/RNBQKB1R b KQkq - 1 3,g1f3
3,EulerE,ORBadran,1174,1155,rnbqkb1r/pp2pppp/2p2n2/3p4/2PP4/5N2/PP2PPPP/RNBQKB1R w KQkq - 2 4,g8f6
3,EulerE,ORBadran,1174,1155,rnbqkb1r/pp2pppp/2p2n2/3p4/2PP4/2N2N2/PP2PPPP/R1BQKB1R b KQkq - 3 4,b1c3
3,EulerE,ORBadran,1174,1155,rn1qkb1r/pp2pppp/2p2n2/3p1b2/2PP4/2N2N2/PP2PPPP/R1BQKB1R w KQkq - 4 5,c8f5
3,EulerE,ORBadran,1174,1155,rn1qkb1r/pp2pppp/2p2n2/3p1b2/2PP4/2N2NP1/PP2PP1P/R1BQKB1R b KQkq - 0 5,g2g3
3,EulerE,ORBadran,1174,1155,rn1qkb1r/pp3ppp/2p1pn2/3p1b2/2PP4/2N2NP1/PP2PP1P/R1BQKB1R w KQkq - 0 6,e7e6
3,EulerE,ORBadran,1174,1155,rn1qkb1r/pp3ppp/2p1pn2/3p1b2/2PP4/2N2NP1/PP2PPBP/R1BQK2R b KQkq - 1 6,f1g2
3,EulerE,ORBadran,1174,1155,rn1qk2r/pp3ppp/2pbpn2/3p1b2/2PP4/2N2NP1/PP2PPBP/R1BQK2R w KQkq - 2 7,f8d6
3,EulerE,ORBadran,1174,1155,rn1qk2r/pp3ppp/2pbpn2/3p1b2/2PP4/2N2NP1/PP2PPBP/R1BQ1RK1 b kq - 3 7,e1g1
3,EulerE,ORBadran,1174,1155,r2qk2r/pp1n1ppp/2pbpn2/3p1b2/2PP4/2N2NP1/PP2PPBP/R1BQ1RK1 w kq - 4 8,b8d7
3,EulerE,ORBadran,1174,1155,r2qk2r/pp1n1ppp/2pbpn2/3p1b2/2PP4/1QN2NP1/PP2PPBP/R1B2RK1 b kq - 5 8,d1b3
3,EulerE,ORBadran,1174,1155,r3k2r/pp1n1ppp/1qpbpn2/3p1b2/2PP4/1QN2NP1/PP2PPBP/R1B2RK1 w kq - 6 9,d8b6
3,EulerE,ORBadran,1174,1155,r3k2r/pp1n1ppp/1qpbpn2/2Pp1b2/3P4/1QN2NP1/PP2PPBP/R1B2RK1 b kq - 0 9,c4c5
3,EulerE,ORBadran,1174,1155,r3k2r/pp1n1ppp/2pbpn2/2Pp1b2/3P4/1qN2NP1/PP2PPBP/R1B2RK1 w kq - 0 10,b6b3
3,EulerE,ORBadran,1174,1155,r3k2r/pp1n1ppp/2pbpn2/2Pp1b2/3P4/1PN2NP1/1P2PPBP/R1B2RK1 b kq - 0 10,a2b3
3,EulerE,ORBadran,1174,1155,r3k2r/ppbn1ppp/2p1pn2/2Pp1b2/3P4/1PN2NP1/1P2PPBP/R1B2RK1 w kq - 1 11,d6c7
3,EulerE,ORBadran,1174,1155,r3k2r/ppbn1ppp/2p1pn2/2Pp1b2/3P4/1PN2NP1/1P1BPPBP/R4RK1 b kq - 2 11,c1d2
3,EulerE,ORBadran,1174,1155,r3k2r/1pbn1ppp/p1p1pn2/2Pp1b2/3P4/1PN2NP1/1P1BPPBP/R4RK1 w kq - 0 12,a7a6
3,EulerE,ORBadran,1174,1155,r3k2r/1pbn1ppp/p1p1pn2/2Pp1b2/R2P4/1PN2NP1/1P1BPPBP/5RK1 b kq - 1 12,a1a4
3,EulerE,ORBadran,1174,1155,r4rk1/1pbn1ppp/p1p1pn2/2Pp1b2/R2P4/1PN2NP1/1P1BPPBP/5RK1 w - - 2 13,e8g8
3,EulerE,ORBadran,1174,1155,r4rk1/1pbn1ppp/p1p1pn2/2Pp1b2/1R1P4/1PN2NP1/1P1BPPBP/5RK1 b - - 3 13,a4b4
3,EulerE,ORBadran,1174,1155,1r3rk1/1pbn1ppp/p1p1pn2/2Pp1b2/1R1P4/1PN2NP1/1P1BPPBP/5RK1 w - - 4 14,a8b8
3,EulerE,ORBadran,1174,1155,1r3rk1/1pbn1ppp/p1p1pn2/2Pp1b2/NR1P4/1P3NP1/1P1BPPBP/5RK1 b - - 5 14,c3a4
3,EulerE,ORBadran,1174,1155,1r2r1k1/1pbn1ppp/p1p1pn2/2Pp1b2/NR1P4/1P3NP1/1P1BPPBP/5RK1 w - - 6 15,f8e8
3,EulerE,ORBadran,1174,1155,1r2r1k1/1pbn1ppp/pNp1pn2/2Pp1b2/1R1P4/1P3NP1/1P1BPPBP/5RK1 b - - 7 15,a4b6
3,EulerE,ORBadran,1174,1155,1r2r1k1/1pb2ppp/pnp1pn2/2Pp1b2/1R1P4/1P3NP1/1P1BPPBP/5RK1 w - - 0 16,d7b6
3,EulerE,ORBadran,1174,1155,1r2r1k1/1pb2ppp/pPp1pn2/3p1b2/1R1P4/1P3NP1/1P1BPPBP/5RK1 b - - 0 16,c5b6
3,EulerE,ORBadran,1174,1155,1r2r1k1/1p3ppp/pPpbpn2/3p1b2/1R1P4/1P3NP1/1P1BPPBP/5RK1 w - - 1 17,c7d6
3,EulerE,ORBadran,1174,1155,1r2r1k1/1p3ppp/pPpbpn2/3p1b2/R2P4/1P3NP1/1P1BPPBP/5RK1 b - - 2 17,b4a4
3,EulerE,ORBadran,1174,1155,1r4k1/1p2rppp/pPpbpn2/3p1b2/R2P4/1P3NP1/1P1BPPBP/5RK1 w - - 3 18,e8e7
3,EulerE,ORBadran,1174,1155,1r4k1/1p2rppp/pPpbpn2/3p1b2/RB1P4/1P3NP1/1P2PPBP/5RK1 b - - 4 18,d2b4
3,EulerE,ORBadran,1174,1155,1r4k1/1p2rppp/pPp1pn2/3p1b2/Rb1P4/1P3NP1/1P2PPBP/5RK1 w - - 0 19,d6b4
3,EulerE,ORBadran,1174,1155,1r4k1/1p2rppp/pPp1pn2/3p1b2/1R1P4/1P3NP1/1P2PPBP/5RK1 b - - 0 19,a4b4
3,EulerE,ORBadran,1174,1155,4r1k1/1p2rppp/pPp1pn2/3p1b2/1R1P4/1P3NP1/1P2PPBP/5RK1 w - - 1 20,b8e8
3,EulerE,ORBadran,1174,1155,4r1k1/1p2rppp/pPp1pn2/3pNb2/1R1P4/1P4P1/1P2PPBP/5RK1 b - - 2 20,f3e5
3,EulerE,ORBadran,1174,1155,4r1k1/1p1nrppp/pPp1p3/3pNb2/1R1P4/1P4P1/1P2PPBP/5RK1 w - - 3 21,f6d7
3,EulerE,ORBadran,1174,1155,4r1k1/1p1nrppp/pPp1p3/3pNb2/1R1P1P2/1P4P1/1P2P1BP/5RK1 b - - 0 21,f2f4
3,EulerE,ORBadran,1174,1155,4rnk1/1p2rppp/pPp1p3/3pNb2/1R1P1P2/1P4P1/1P2P1BP/5RK1 w - - 1 22,d7f8
3,EulerE,ORBadran,1174,1155,4rnk1/1p2rppp/pPp1p3/3pNb2/R2P1P2/1P4P1/1P2P1BP/5RK1 b - - 2 22,b4a4
3,EulerE,ORBadran,1174,1155,4rnk1/1p2r1pp/pPp1pp2/3pNb2/R2P1P2/1P4P1/1P2P1BP/5RK1 w - - 0 23,f7f6
3,EulerE,ORBadran,1174,1155,4rnk1/1p2r1pp/pPp1pp2/3p1b2/R2P1P2/1P3NP1/1P2P1BP/5RK1 b - - 1 23,e5f3
3,EulerE,ORBadran,1174,1155,4r1k1/1p2r1pp/pPp1ppn1/3p1b2/R2P1P2/1P3NP1/1P2P1BP/5RK1 w - - 2 24,f8g6
3,EulerE,ORBadran,1174,1155,4r1k1/1p2r1pp/pPp1ppn1/3p1b2/R2P1P2/1P4P1/1P2P1BP/4NRK1 b - - 3 24,f3e1
3,EulerE,ORBadran,1174,1155,4r1k1/1p2r1pp/pPp2pn1/3ppb2/R2P1P2/1P4P1/1P2P1BP/4NRK1 w - - 0 25,e6e5
3,EulerE,ORBadran,1174,1155,4r1k1/1p2r1pp/pPp2pn1/3pPb2/R4P2/1P4P1/1P2P1BP/4NRK1 b - - 0 25,d4e5
3,EulerE,ORBadran,1174,1155,4r1k1/1p2r1pp/pPp3n1/3ppb2/R4P2/1P4P1/1P2P1BP/4NRK1 w - - 0 26,f6e5
3,EulerE,ORBadran,1174,1155,4r1k1/1p2r1pp/pPp3n1/3ppb2/R3PP2/1P4P1/1P4BP/4NRK1 b - - 0 26,e2e4
3,EulerE,ORBadran,1174,1155,4r1k1/1p2r1pp/pPp3n1/3pp3/R3bP2/1P4P1/1P4BP/4NRK1 w - - 0 27,f5e4
3,EulerE,ORBadran,1174,1155,4r1k1/1p2r1pp/pPp3n1/3pp3/R3BP2/1P4P1/1P5P/4NRK1 b - - 0 27,g2e4
3,EulerE,ORBadran,1174,1155,4r1k1/1p2r1pp/pPp3n1/4p3/R3pP2/1P4P1/1P5P/4NRK1 w - - 0 28,d5e4
3,EulerE,ORBadran,1174,1155,4r1k1/1p2r1pp/pPp3n1/4p3/4RP2/1P4P1/1P5P/4NRK1 b - - 0 28,a4e4
3,EulerE,ORBadran,1174,1155,4r1k1/1p2r1pp/pPp3n1/8/4Rp2/1P4P1/1P5P/4NRK1 w - - 0 29,e5f4
3,EulerE,ORBadran,1174,1155,4r1k1/1p2R1pp/pPp3n1/8/5p2/1P4P1/1P5P/4NRK1 b - - 0 29,e4e7
3,EulerE,ORBadran,1174,1155,6k1/1p2r1pp/pPp3n1/8/5p2/1P4P1/1P5P/4NRK1 w - - 0 30,e8e7
3,EulerE,ORBadran,1174,1155,6k1/1p2r1pp/pPp3n1/8/5p2/1P4P1/1P4KP/4NR2 b - - 1 30,g1g2
3,EulerE,ORBadran,1174,1155,6k1/1p2r1pp/pPp3n1/8/8/1P4p1/1P4KP/4NR2 w - - 0 31,f4g3
3,EulerE,ORBadran,1174,1155,6k1/1p2r1pp/pPp3n1/8/8/1P4P1/1P4K1/4NR2 b - - 0 31,h2g3
3,EulerE,ORBadran,1174,1155,6k1/1p4pp/pPp3n1/8/8/1P4P1/1P2r1K1/4NR2 w - - 1 32,e7e2
3,EulerE,ORBadran,1174,1155,6k1/1p4pp/pPp3n1/8/8/1P3KP1/1P2r3/4NR2 b - - 2 32,g2f3
3,EulerE,ORBadran,1174,1155,6k1/1p4pp/pPp3n1/8/8/1P3KP1/1r6/4NR2 w - - 0 33,e2b2
3,EulerE,ORBadran,1174,1155,6k1/1p4pp/pPp3n1/8/8/1P3KP1/1r3R2/4N3 b - - 1 33,f1f2
3,EulerE,ORBadran,1174,1155,6k1/1p4pp/pPp3n1/8/8/1r3KP1/5R2/4N3 w - - 0 34,b2b3
3,EulerE,ORBadran,1174,1155,6k1/1p4pp/pPp3n1/8/8/1r4P1/5RK1/4N3 b - - 1 34,f3g2
3,EulerE,ORBadran,1174,1155,6k1/1p4pp/prp3n1/8/8/6P1/5RK1/4N3 w - - 0 35,b3b6
4,TBoned007,EulerE,951,966,rnbqkbnr/pppppppp/8/8/4P3/8/PPPP1PPP/RNBQKBNR b KQkq - 0 1,e2e4
4,TBoned007,EulerE,951,966,rnbqkbnr/pppp1ppp/8/4p3/4P3/8/PPPP1PPP/RNBQKBNR w KQkq - 0 2,e7e5
4,TBoned007,EulerE,951,966,rnbqkbnr/pppp1ppp/8/4p3/4P3/5N2/PPPP1PPP/RNBQKB1R b KQkq - 1 2,g1f3
4,TBoned007,EulerE,951,966,r1bqkbnr/pppp1ppp/2n5/4p3/4P3/5N2/PPPP1PPP/RNBQKB1R w KQkq - 2 3,b8c6
4,TBoned007,EulerE,951,966,r1bqkbnr/pppp1ppp/2n5/1B2p3/4P3/5N2/PPPP1PPP/RNBQK2R b KQkq - 3 3,f1b5
4,TBoned007,EulerE,951,966,r1bqkbnr/ppp2ppp/2np4/1B2p3/4P3/5N2/PPPP1PPP/RNBQK2R w KQkq - 0 4,d7d6
4,TBoned007,EulerE,951,966,r1bqkbnr/ppp2ppp/2np4/1B2p3/4P3/5N2/PPPP1PPP/RNBQ1RK1 b kq - 1 4,e1g1
4,TBoned007,EulerE,951,966,r2qkbnr/pppb1ppp/2np4/1B2p3/4P3/5N2/PPPP1PPP/RNBQ1RK1 w kq - 2 5,c8d7
4,TBoned007,EulerE,951,966,r2qkbnr/pppb1ppp/2np4/1B2p3/4P3/2N2N2/PPPP1PPP/R1BQ1RK1 b kq - 3 5,b1c3
4,TBoned007,EulerE,951,966,r2qkb1r/pppb1ppp/2np1n2/1B2p3/4P3/2N2N2/PPPP1PPP/R1BQ1RK1 w kq - 4 6,g8f6
4,TBoned007,EulerE,951,966,r2qkb1r/pppb1ppp/2np1n2/1B2p3/4P3/2N2N2/PPPP1PPP/R1BQR1K1 b kq - 5 6,f1e1
4,TBoned007,EulerE,951,966,r2qkb1r/pppb1pp1/2np1n1p/1B2p3/4P3/2N2N2/PPPP1PPP/R1BQR1K1 w kq - 0 7,h7h6
4,TBoned007,EulerE,951,966,r2qkb1r/pppb1pp1/2np1n1p/1B2p3/3PP3/2N2N2/PPP2PPP/R1BQR1K1 b kq - 0 7,d2d4
4,TBoned007,EulerE,951,966,r2qk2r/pppbbpp1/2np1n1p/1B2p3/3PP3/2N2N2/PPP2PPP/R1BQR1K1 w kq - 1 8,f8e7
4,TBoned007,EulerE,951,966,r2qk2r/pppbbpp1/2np1n1p/1B1Pp3/4P3/2N2N2/PPP2PPP/R1BQR1K1 b kq - 0 8,d4d5
4,TBoned007,EulerE,951,966,r2qk2r/pppbbpp1/3p1n1p/nB1Pp3/4P3/2N2N2/PPP2PPP/R1BQR1K1 w kq - 1 9,c6a5
4,TBoned007,EulerE,951,966,r2qk2r/pppBbpp1/3p1n1p/n2Pp3/4P3/2N2N2/PPP2PPP/R1BQR1K1 b kq - 0 9,b5d7
4,TBoned007,EulerE,951,966,r3k2r/pppqbpp1/3p1n1p/n2Pp3/4P3/2N2N2/PPP2PPP/R1BQR1K1 w kq - 0 10,d8d7
4,TBoned007,EulerE,951,966,r3k2r/pppqbpp1/3p1n1p/n2Pp3/4P3/2N2N2/PPPB1PPP/R2QR1K1 b kq - 1 10,c1d2
4,TBoned007,EulerE,951,966,r3k2r/p1pqbpp1/1p1p1n1p/n2Pp3/4P3/2N2N2/PPPB1PPP/R2QR1K1 w kq - 0 11,b7b6
4,TBoned007,EulerE,951,966,r3k2r/p1pqbpp1/1p1p1n1p/n2Pp3/4P3/5N2/PPPBNPPP/R2QR1K1 b kq - 1 11,c3e2
4,TBoned007,EulerE,951,966,r3k2r/pnpqbpp1/1p1p1n1p/3Pp3/4P3/5N2/PPPBNPPP/R2QR1K1 w kq - 2 12,a5b7
4,TBoned007,EulerE,951,966,r3k2r/pnpqbpp1/1p1p1n1p/3Pp3/4P3/1P3N2/P1PBNPPP/R2QR1K1 b kq - 0 12,b2b3
4,TBoned007,EulerE,951,966,r4rk1/pnpqbpp1/1p1p1n1p/3Pp3/4P3/1P3N2/P1PBNPPP/R2QR1K1 w - - 1 13,e8g8
4,TBoned007,EulerE,951,966,r4rk1/pnpqbpp1/1p1p1n1p/3Pp3/2P1P3/1P3N2/P2BNPPP/R2QR1K1 b - - 0 13,c2c4
4,TBoned007,EulerE,951,966,r4rk1/p1pqbpp1/1p1p1n1p/2nPp3/2P1P3/1P3N2/P2BNPPP/R2QR1K1 w - - 1 14,b7c5
4,TBoned007,EulerE,951,966,r4rk1/p1pqbpp1/1p1p1n1p/2nPp3/P1P1P3/1P3N2/3BNPPP/R2QR1K1 b - - 0 14,a2a4
4,TBoned007,EulerE,951,966,1r3rk1/p1pqbpp1/1p1p1n1p/2nPp3/P1P1P3/1P3N2/3BNPPP/R2QR1K1 w - - 1 15,a8b8
4,TBoned007,EulerE,951,966,1r3rk1/p1pqbpp1/1p1p1n1p/2nPp3/PBP1P3/1P3N2/4NPPP/R2QR1K1 b - - 2 15,d2b4
4,TBoned007,EulerE,951,966,1r3rk1/pnpqbpp1/1p1p1n1p/3Pp3/PBP1P3/1P3N2/4NPPP/R2QR1K1 w - - 3 16,c5b7
4,TBoned007,EulerE,951,966,1r3rk1/pnpqbpp1/1p1p1n1p/3Pp3/PBP1P3/1P3N2/4NPPP/2RQR1K1 b - - 4 16,a1c1
4,TBoned007,EulerE,951,966,1r3rk1/1npqbpp1/1p1p1n1p/p2Pp3/PBP1P3/1P3N2/4NPPP/2RQR1K1 w - - 0 17,a7a5
4,TBoned007,EulerE,951,966,1r3rk1/1npqbpp1/1p1p1n1p/p2Pp3/P1P1P3/BP3N2/4NPPP/2RQR1K1 b - - 1 17,b4a3
4,TBoned007,EulerE,951,966,1r3rk1/2pqbpp1/1p1p1n1p/p1nPp3/P1P1P3/BP3N2/4NPPP/2RQR1K1 w - - 2 18,b7c5
4,TBoned007,EulerE,951,966,1r3rk1/2pqbpp1/1p1p1n1p/p1BPp3/P1P1P3/1P3N2/4NPPP/2RQR1K1 b - - 0 18,a3c5
4,TBoned007,EulerE,951,966,1r3rk1/2pqbpp1/1p3n1p/p1pPp3/P1P1P3/1P3N2/4NPPP/2RQR1K1 w - - 0 19,d6c5
4,TBoned007,EulerE,951,966,1r3rk1/2pqbpp1/1p3n1p/p1pPp3/P1P1P3/1P3N2/4NPPP/1R1QR1K1 b - - 1 19,c1b1
4,TBoned007,EulerE,951,966,1r3rk1/2pqbpp1/1p5p/p1pPp3/P1P1n3/1P3N2/4NPPP/1R1QR1K1 w - - 0 20,f6e4
4,TBoned007,EulerE,951,966,1r3rk1/2pqbpp1/1p5p/p1pPp3/P1P1n3/1PN2N2/5PPP/1R1QR1K1 b - - 1 20,e2c3
4,TBoned007,EulerE,951,966,1r3rk1/2pqbpp1/1p5p/p1pPp3/P1P5/1Pn2N2/5PPP/1R1QR1K1 w - - 0 21,e4c3
4,TBoned007,EulerE,951,966,1r3rk1/2pqbpp1/1p5p/p1pPp3/P1P5/1Pn2N2/2Q2PPP/1R2R1K1 b - - 1 21,d1c2
4,TBoned007,EulerE,951,966,1r3rk1/2pqbpp1/1p5p/p1pPp3/P1P5/1P3N2/2Q2PPP/1n2R1K1 w - - 0 22,c3b1
4,TBoned007,EulerE,951,966,1r3rk1/2pqbpp1/1p5p/p1pPp3/P1P5/1P3N2/5PPP/1Q2R1K1 b - - 0 22,c2b1
4,TBoned007,EulerE,951,966,1r3rk1/2pqb1p1/1p3p1p/p1pPp3/P1P5/1P3N2/5PPP/1Q2R1K1 w - - 0 23,f7f6
4,TBoned007,EulerE,951,966,1r3rk1/2pqb1p1/1p3p1p/p1pPp3/P1P5/1P1Q1N2/5PPP/4R1K1 b - - 1 23,b1d3
4,TBoned007,EulerE,951,966,1r3rk1/3qb1p1/1pp2p1p/p1pPp3/P1P5/1P1Q1N2/5PPP/4R1K1 w - - 0 24,c7c6
4,TBoned007,EulerE,951,966,1r3rk1/3qb1p1/1pp2p1p/p1pPp3/P1P5/1P1Q1N2/5PPP/3R2K1 b - - 1 24,e1d1
4,TBoned007,EulerE,951,966,1r3rk1/3qb1p1/1p3p1p/p1ppp3/P1P5/1P1Q1N2/5PPP/3R2K1 w - - 0 25,c6d5
4,TBoned007,EulerE,951,966,1r3rk1/3qb1p1/1p3p1p/p1pQp3/P1P5/1P3N2/5PPP/3R2K1 b - - 0 25,d3d5
4,TBoned007,EulerE,951,966,1r3rk1/4b1p1/1p3p1p/p1pqp3/P1P5/1P3N2/5PPP/3R2K1 w - - 0 26,d7d5
4,TBoned007,EulerE,951,966,1r3rk1/4b1p1/1p3p1p/p1pRp3/P1P5/1P3N2/5PPP/6K1 b - - 0 26,d1d5
4,TBoned007,EulerE,951,966,1r1r2k1/4b1p1/1p3p1p/p1pRp3/P1P5/1P3N2/5PPP/6K1 w - - 1 27,f8d8
4,TBoned007,EulerE,951,966,1r1r2k1/4b1p1/1p3p1p/p1pRp3/P1P4N/1P6/5PPP/6K1 b - - 2 27,f3h4
4,TBoned007,EulerE,951,966,1r4k1/4b1p1/1p3p1p/p1prp3/P1P4N/1P6/5PPP/6K1 w - - 0 28,d8d5
4,TBoned007,EulerE,951,966,1r4k1/4b1p1/1p3p1p/p1pPp3/P6N/1P6/5PPP/6K1 b - - 0 28,c4d5
4,TBoned007,EulerE,951,966,3r2k1/4b1p1/1p3p1p/p1pPp3/P6N/1P6/5PPP/6K1 w - - 1 29,b8d8
4,TBoned007,EulerE,951,966,3r2k1/4b1p1/1p3p1p/p1pPp3/P6N/1P6/5PPP/5K2 b - - 2 29,g1f1
4,TBoned007,EulerE,951,966,6k1/4b1p1/1p3p1p/p1prp3/P6N/1P6/5PPP/5K2 w - - 0 30,d8d5
4,TBoned007,EulerE,951,966,6k1/4b1p1/1p3p1p/p1prp3/P6N/1P6/4KPPP/8 b - - 1 30,f1e2
4,TBoned007,EulerE,951,966,6k1/4b1p1/1p3p1p/p1p1p3/P2r3N/1P6/4KPPP/8 w - - 2 31,d5d4
4,TBoned007,EulerE,951,966,6k1/4b1p1/1p3p1p/p1p1pN2/P2r4/1P6/4KPPP/8 b - - 3 31,h4f5
4,TBoned007,EulerE,951,966,6k1/3rb1p1/1p3p1p/p1p1pN2/P7/1P6/4KPPP/8 w - - 4 32,d4d7
4,TBoned007,EulerE,951,966,6k1/3rN1p1/1p3p1p/p1p1p3/P7/1P6/4KPPP/8 b - - 0 32,f5e7
4,TBoned007,EulerE,951,966,6k1/4r1p1/1p3p1p/p1p1p3/P7/1P6/4KPPP/8 w - - 0 33,d7e7
4,TBoned007,EulerE,951,966,6k1/4r1p1/1p3p1p/p1p1p3/P7/1P3P2/4K1PP/8 b - - 0 33,f2f3
4,TBoned007,EulerE,951,966,6k1/3r2p1/1p3p1p/p1p1p3/P7/1P3P2/4K1PP/8 w - - 1 34,e7d7
4,TBoned007,EulerE,951,966,6k1/3r2p1/1p3p1p/p1p1p3/P7/1P2KP2/6PP/8 b - - 2 34,e2e3
4,TBoned007,EulerE,951,966,6k1/6p1/1p3p1p/p1p1p3/P2r4/1P2KP2/6PP/8 w - - 3 35,d7d4
4,TBoned007,EulerE,951,966,6k1/6p1/1p3p1p/p1p1p3/P2r4/1P2KPP1/7P/8 b - - 0 35,g2g3
4,TBoned007,EulerE,951,966,6k1/6p1/1p3p1p/p1p1p3/Pr6/1P2KPP1/7P/8 w - - 1 36,d4b4
4,TBoned007,EulerE,951,966,6k1/6p1/1p3p1p/p1p1p3/Pr5P/1P2KPP1/8/8 b - - 0 36,h2h4
4,TBoned007,EulerE,951,966,6k1/6p1/1p3p1p/p1p1p3/P6P/1r2KPP1/8/8 w - - 0 37,b4b3
4,TBoned007,EulerE,951,966,6k1/6p1/1p3p1p/p1p1p3/P3K2P/1r3PP1/8/8 b - - 1 37,e3e4
4,TBoned007,EulerE,951,966,6k1/6p1/1p3p1p/p1p1p3/Pr2K2P/5PP1/8/8 w - - 2 38,b3b4
4,TBoned007,EulerE,951,966,6k1/6p1/1p3p1p/p1pKp3/Pr5P/5PP1/8/8 b - - 3 38,e4d5
4,TBoned007,EulerE,951,966,6k1/6p1/1p3p1p/p1pKp3/r6P/5PP1/8/8 w - - 0 39,b4a4
4,TBoned007,EulerE,951,966,6k1/6p1/1pK2p1p/p1p1p3/r6P/5PP1/8/8 b - - 1 39,d5c6
4,TBoned007,EulerE,951,966,6k1/6p1/1pK2p1p/p1p1p3/1r5P/5PP1/8/8 w - - 2 40,a4b4
4,TBoned007,EulerE,951,966,6k1/6p1/1pK2p1p/p1p1p3/1r3P1P/6P1/8/8 b - - 0 40,f3f4
4,TBoned007,EulerE,951,966,8/5kp1/1pK2p1p/p1p1p3/1r3P1P/6P1/8/8 w - - 1 41,g8f7
4,TBoned007,EulerE,951,966,8/5kp1/1pK2p1p/p1p1P3/1r5P/6P1/8/8 b - - 0 41,f4e5
4,TBoned007,EulerE,951,966,8/5kp1/1pK4p/p1p1p3/1r5P/6P1/8/8 w - - 0 42,f6e5
4,TBoned007,EulerE,951,966,8/5kp1/1pK4p/p1p1p3/1r4PP/8/8/8 b - - 0 42,g3g4
4,TBoned007,EulerE,951,966,8/6p1/1pK1k2p/p1p1p3/1r4PP/8/8/8 w - - 1 43,f7e6
4,TBoned007,EulerE,951,966,8/6p1/1pK1k2p/p1p1p1P1/1r5P/8/8/8 b - - 0 43,g4g5
4,TBoned007,EulerE,951,966,8/6p1/1pK1k2p/p1p3P1/1r2p2P/8/8/8 w - - 0 44,e5e4
4,TBoned007,EulerE,951,966,8/6p1/1pK1k2P/p1p5/1r2p2P/8/8/8 b - - 0 44,g5h6
4,TBoned007,EulerE,951,966,8/8/1pK1k2p/p1p5/1r2p2P/8/8/8 w - - 0 45,g7h6
4,TBoned007,EulerE,951,966,8/8/1pK1k2p/p1p4P/1r2p3/8/8/8 b - - 0 45,h4h5
4,TBoned007,EulerE,951,966,8/8/1pK1k2p/p1p4P/1r6/4p3/8/8 w - - 0 46,e4e3
5,EulerE,Dangazz7889,955,894,rnbqkbnr/pppppppp/8/8/3P4/8/PPP1PPPP/RNBQKBNR b KQkq - 0 1,d2d4
5,EulerE,Dangazz7889,955,894,rnbqkb1r/pppppppp/5n2/8/3P4/8/PPP1PPPP/RNBQKBNR w KQkq - 1 2,g8f6
5,EulerE,Dangazz7889,955,894,rnbqkb1r/pppppppp/5n2/8/2PP4/8/PP2PPPP/RNBQKBNR b KQkq - 0 2,c2c4
5,EulerE,Dangazz7889,955,894,rnbqkb1r/pppppp1p/5np1/8/2PP4/8/PP2PPPP/RNBQKBNR w KQkq - 0 3,g7g6
5,EulerE,Dangazz7889,955,894,rnbqkb1r/pppppp1p/5np1/8/2PP4/2N5/PP2PPPP/R1BQKBNR b KQkq - 1 3,b1c3
5,EulerE,Dangazz7889,955,894,rnbqk2r/ppppppbp/5np1/8/2PP4/2N5/PP2PPPP/R1BQKBNR w KQkq - 2 4,f8g7
5,EulerE,Dangazz7889,955,894,rnbqk2r/ppppppbp/5np1/8/2PP4/2N3P1/PP2PP1P/R1BQKBNR b KQkq - 0 4,g2g3
5,EulerE,Dangazz7889,955,894,rnbqk2r/ppp1ppbp/3p1np1/8/2PP4/2N3P1/PP2PP1P/R1BQKBNR w KQkq - 0 5,d7d6
5,EulerE,Dangazz7889,955,894,rnbqk2r/ppp1ppbp/3p1np1/8/2PP4/2N3P1/PP2PPBP/R1BQK1NR b KQkq - 1 5,f1g2
5,EulerE,Dangazz7889,955,894,rnbqk2r/ppp2pbp/3p1np1/4p3/2PP4/2N3P1/PP2PPBP/R1BQK1NR w KQkq - 0 6,e7e5
5,EulerE,Dangazz7889,955,894,rnbqk2r/ppp2pbp/3p1np1/3Pp3/2P5/2N3P1/PP2PPBP/R1BQK1NR b KQkq - 0 6,d4d5
5,EulerE,Dangazz7889,955,894,rnbq1rk1/ppp2pbp/3p1np1/3Pp3/2P5/2N3P1/PP2PPBP/R1BQK1NR w KQ - 1 7,e8g8
5,EulerE,Dangazz7889,955,894,rnbq1rk1/ppp2pbp/3p1np1/3Pp3/2P1P3/2N3P1/PP3PBP/R1BQK1NR b KQ - 0 7,e2e4
5,EulerE,Dangazz7889,955,894,rnbq1rk1/pp3pbp/2pp1np1/3Pp3/2P1P3/2N3P1/PP3PBP/R1BQK1NR w KQ - 0 8,c7c6
5,EulerE,Dangazz7889,955,894,rnbq1rk1/pp3pbp/2pp1np1/3Pp3/2P1P3/2N2NP1/PP3PBP/R1BQK2R b KQ - 1 8,g1f3
5,EulerE,Dangazz7889,955,894,rnbq1rk1/pp3pbp/3p1np1/3pp3/2P1P3/2N2NP1/PP3PBP/R1BQK2R w KQ - 0 9,c6d5
5,EulerE,Dangazz7889,955,894,rnbq1rk1/pp3pbp/3p1np1/3Pp3/4P3/2N2NP1/PP3PBP/R1BQK2R b KQ - 0 9,c4d5
5,EulerE,Dangazz7889,955,894,r1bq1rk1/pp1n1pbp/3p1np1/3Pp3/4P3/2N2NP1/PP3PBP/R1BQK2R w KQ - 1 10,b8d7
5,EulerE,Dangazz7889,955,894,r1bq1rk1/pp1n1pbp/3p1np1/3Pp3/4P3/2N2NP1/PP3PBP/R1BQ1RK1 b - - 2 10,e1g1
5,EulerE,Dangazz7889,955,894,r1bq1rk1/pp3pbp/3p1np1/2nPp3/4P3/2N2NP1/PP3PBP/R1BQ1RK1 w - - 3 11,d7c5
5,EulerE,Dangazz7889,955,894,r1bq1rk1/pp3pbp/3p1np1/2nPp3/4P3/2N1BNP1/PP3PBP/R2Q1RK1 b - - 4 11,c1e3
5,EulerE,Dangazz7889,955,894,r1b2rk1/pp3pbp/1q1p1np1/2nPp3/4P3/2N1BNP1/PP3PBP/R2Q1RK1 w - - 5 12,d8b6
5,EulerE,Dangazz7889,955,894,r1b2rk1/pp3pbp/1q1p1np1/2BPp3/4P3/2N2NP1/PP3PBP/R2Q1RK1 b - - 0 12,e3c5
5,EulerE,Dangazz7889,955,894,r1b2rk1/pp3pbp/3p1np1/2qPp3/4P3/2N2NP1/PP3PBP/R2Q1RK1 w - - 0 13,b6c5
5,EulerE,Dangazz7889,955,894,r1b2rk1/pp3pbp/3p1np1/2qPp3/4P3/2N2NP1/PP3PBP/R2QR1K1 b - - 1 13,f1e1
5,EulerE,Dangazz7889,955,894,r1b2rk1/1p3pbp/p2p1np1/2qPp3/4P3/2N2NP1/PP3PBP/R2QR1K1 w - - 0 14,a7a6
5,EulerE,Dangazz7889,955,894,r1b2rk1/1p3pbp/p2p1np1/2qPp3/4P3/1QN2NP1/PP3PBP/R3R1K1 b - - 1 14,d1b3
5,EulerE,Dangazz7889,955,894,r1b2rk1/5pbp/p2p1np1/1pqPp3/4P3/1QN2NP1/PP3PBP/R3R1K1 w - - 0 15,b7b5
5,EulerE,Dangazz7889,955,894,r1b2rk1/5pbp/p2p1np1/1pqPp3/4P3/PQN2NP1/1P3PBP/R3R1K1 b - - 0 15,a2a3
5,EulerE,Dangazz7889,955,894,r1b2rk1/5pbp/3p1np1/ppqPp3/4P3/PQN2NP1/1P3PBP/R3R1K1 w - - 0 16,a6a5
5,EulerE,Dangazz7889,955,894,r1b2rk1/5pbp/3p1np1/ppqPp3/4P3/PQN2NP1/1P3PBP/2R1R1K1 b - - 1 16,a1c1
5,EulerE,Dangazz7889,955,894,r1b2rk1/5pbp/3p1np1/p1qPp3/1p2P3/PQN2NP1/1P3PBP/2R1R1K1 w - - 0 17,b5b4
5,EulerE,Dangazz7889,955,894,r1b2rk1/5pbp/3p1np1/p1qPp3/Np2P3/PQ3NP1/1P3PBP/2R1R1K1 b - - 1 17,c3a4
5,EulerE,Dangazz7889,955,894,r1b2rk1/q4pbp/3p1np1/p2Pp3/Np2P3/PQ3NP1/1P3PBP/2R1R1K1 w - - 2 18,c5a7
5,EulerE,Dangazz7889,955,894,r1b2rk1/q4pbp/2Rp1np1/p2Pp3/Np2P3/PQ3NP1/1P3PBP/4R1K1 b - - 3 18,c1c6
5,EulerE,Dangazz7889,955,894,r4rk1/qb3pbp/2Rp1np1/p2Pp3/Np2P3/PQ3NP1/1P3PBP/4R1K1 w - - 4 19,c8b7
5,EulerE,Dangazz7889,955,894,r4rk1/qb3pbp/3R1np1/p2Pp3/Np2P3/PQ3NP1/1P3PBP/4R1K1 b - - 0 19,c6d6
5,EulerE,Dangazz7889,955,894,r1r3k1/qb3pbp/3R1np1/p2Pp3/Np2P3/PQ3NP1/1P3PBP/4R1K1 w - - 1 20,f8c8
5,EulerE,Dangazz7889,955,894,r1r3k1/qb3pbp/1N1R1np1/p2Pp3/1p2P3/PQ3NP1/1P3PBP/4R1K1 b - - 2 20,a4b6
5,EulerE,Dangazz7889,955,894,r1r3k1/1b3pbp/qN1R1np1/p2Pp3/1p2P3/PQ3NP1/1P3PBP/4R1K1 w - - 3 21,a7a6
5,EulerE,Dangazz7889,955,894,r1N3k1/1b3pbp/q2R1np1/p2Pp3/1p2P3/PQ3NP1/1P3PBP/4R1K1 b - - 0 21,b6c8
5,EulerE,Dangazz7889,955,894,r1N3k1/1b3pbp/3q1np1/p2Pp3/1p2P3/PQ3NP1/1P3PBP/4R1K1 w - - 0 22,a6d6
5,EulerE,Dangazz7889,955,894,r5k1/1b3pbp/3N1np1/p2Pp3/1p2P3/PQ3NP1/1P3PBP/4R1K1 b - - 0 22,c8d6
5,EulerE,Dangazz7889,955,894,r5k1/5pbp/b2N1np1/p2Pp3/1p2P3/PQ3NP1/1P3PBP/4R1K1 w - - 1 23,b7a6
5,EulerE,Dangazz7889,955,894,r5k1/5pbp/b2N1np1/p2Pp3/1p2P3/P4NP1/1PQ2PBP/4R1K1 b - - 2 23,b3c2
5,EulerE,Dangazz7889,955,894,r5k1/5pbp/b2N1np1/p2Pp3/4P3/p4NP1/1PQ2PBP/4R1K1 w - - 0 24,b4a3
5,EulerE,Dangazz7889,955,894,r5k1/5pbp/b2N1np1/p2Pp3/4P3/P4NP1/2Q2PBP/4R1K1 b - - 0 24,b2a3
5,EulerE,Dangazz7889,955,894,1r4k1/5pbp/b2N1np1/p2Pp3/4P3/P4NP1/2Q2PBP/4R1K1 w - - 1 25,a8b8
5,EulerE,Dangazz7889,955,894,1r4k1/5pbp/b1QN1np1/p2Pp3/4P3/P4NP1/5PBP/4R1K1 b - - 2 25,c2c6
5,EulerE,Dangazz7889,955,894,1r4k1/5pbp/2QN1np1/p2Pp3/4P3/P2b1NP1/5PBP/4R1K1 w - - 3 26,a6d3
5,EulerE,Dangazz7889,955,894,1r4k1/5pbp/2QN1np1/p2Pp3/4P3/P2b2P1/3N1PBP/4R1K1 b - - 4 26,f3d2
5,EulerE,Dangazz7889,955,894,1r4k1/5pbp/2QN1np1/p2Pp3/4b3/P5P1/3N1PBP/4R1K1 w - - 0 27,d3e4
5,EulerE,Dangazz7889,955,894,1r4k1/5pbp/2QN1np1/p2Pp3/4N3/P5P1/5PBP/4R1K1 b - - 0 27,d2e4
5,EulerE,Dangazz7889,955,894,1r4k1/5pbp/2QN2p1/p2Pp3/4n3/P5P1/5PBP/4R1K1 w - - 0 28,f6e4
5,EulerE,Dangazz7889,955,894,1r4k1/5pbp/2Q3p1/p2Pp3/4N3/P5P1/5PBP/4R1K1 b - - 0 28,d6e4
5,EulerE,Dangazz7889,955,894,6k1/5pbp/2Q3p1/p2Pp3/4N3/Pr4P1/5PBP/4R1K1 w - - 1 29,b8b3
5,EulerE,Dangazz7889,955,894,6k1/5pbp/3Q2p1/p2Pp3/4N3/Pr4P1/5PBP/4R1K1 b - - 2 29,c6d6
5,EulerE,Dangazz7889,955,894,6k1/5pbp/3Q2p1/p2Pp3/4N3/r5P1/5PBP/4R1K1 w - - 0 30,b3a3
5,EulerE,Dangazz7889,955,894,6k1/5pbp/6p1/p2PQ3/4N3/r5P1/5PBP/4R1K1 b - - 0 30,d6e5
5,EulerE,Dangazz7889,955,894,6k1/5p1p/6p1/p2Pb3/4N3/r5P1/5PBP/4R1K1 w - - 0 31,g7e5
5,EulerE,Dangazz7889,955,894,6k1/5p1p/6p1/p2Pb3/8/r5P1/3N1PBP/4R1K1 b - - 1 31,e4d2
5,EulerE,Dangazz7889,955,894,6k1/5pbp/6p1/p2P4/8/r5P1/3N1PBP/4R1K1 w - - 2 32,e5g7
5,EulerE,Dangazz7889,955,894,4R1k1/5pbp/6p1/p2P4/8/r5P1/3N1PBP/6K1 b - - 3 32,e1e8
5,EulerE,Dangazz7889,955,894,4Rbk1/5p1p/6p1/p2P4/8/r5P1/3N1PBP/6K1 w - - 4 33,g7f8
5,EulerE,Dangazz7889,955,894,4Rbk1/5p1p/6p1/p2P4/4B3/r5P1/3N1P1P/6K1 b - - 5 33,g2e4
5,EulerE,Dangazz7889,955,894,4Rbk1/5p1p/6p1/p2P4/r3B3/6P1/3N1P1P/6K1 w - - 6 34,a3a4
5,EulerE,Dangazz7889,955,894,4Rbk1/5p1p/6p1/p2P4/r3B3/6P1/3N1PKP/8 b - - 7 34,g1g2
5,EulerE,Dangazz7889,955,894,4Rbk1/5p1p/6p1/p2P4/4B3/6P1/r2N1PKP/8 w - - 8 35,a4a2
5,EulerE,Dangazz7889,955,894,4Rbk1/5p1p/6p1/p2P4/4B3/5NP1/r4PKP/8 b - - 9 35,d2f3
5,EulerE,Dangazz7889,955,894,4Rbk1/5p1p/6p1/p2P4/4B3/5NP1/1r3PKP/8 w - - 10 36,a2b2
5,EulerE,Dangazz7889,955,894,R4bk1/5p1p/6p1/p2P4/4B3/5NP1/1r3PKP/8 b - - 11 36,e8a8
5,EulerE,Dangazz7889,955,894,R4bk1/5p1p/6p1/pr1P4/4B3/5NP1/5PKP/8 w - - 12 37,b2b5
5,EulerE,Dangazz7889,955,894,R4bk1/5p1p/6p1/pr1P4/8/3B1NP1/5PKP/8 b - - 13 37,e4d3
5,EulerE,Dangazz7889,955,894,R4bk1/5p1p/6p1/p2r4/8/3B1NP1/5PKP/8 w - - 0 38,b5d5
5,EulerE,Dangazz7889,955,894,R4bk1/5p1p/6p1/p2r4/4B3/5NP1/5PKP/8 b - - 1 38,d3e4
5,EulerE,Dangazz7889,955,894,R4bk1/5p1p/6p1/pr6/4B3/5NP1/5PKP/8 w - - 2 39,d5b5
5,EulerE,Dangazz7889,955,894,R4bk1/5p1p/6p1/pr6/8/3B1NP1/5PKP/8 b - - 3 39,e4d3
5,EulerE,Dangazz7889,955,894,R4bk1/5p1p/6p1/p1r5/8/3B1NP1/5PKP/8 w - - 4 40,b5c5
5,EulerE,Dangazz7889,955,894,R4bk1/5p1p/6p1/p1r5/3N4/3B2P1/5PKP/8 b - - 5 40,f3d4
5,EulerE,Dangazz7889,955,894,R4b2/5pkp/6p1/p1r5/3N4/3B2P1/5PKP/8 w - - 6 41,g8g7
5,EulerE,Dangazz7889,955,894,R4b2/5pkp/2N3p1/p1r5/8/3B2P1/5PKP/8 b - - 7 41,d4c6
5,EulerE,Dangazz7889,955,894,R4b2/5pkp/2r3p1/p7/8/3B2P1/5PKP/8 w - - 0 42,c5c6
5,EulerE,Dangazz7889,955,894,5b2/5pkp/2r3p1/R7/8/3B2P1/5PKP/8 b - - 0 42,a8a5
5,EulerE,Dangazz7889,955,894,5b2/5pkp/6p1/R7/8/2rB2P1/5PKP/8 w - - 1 43,c6c3
5,EulerE,Dangazz7889,955,894,5b2/5pkp/6p1/4R3/8/2rB2P1/5PKP/8 b - - 2 43,a5e5
5,EulerE,Dangazz7889,955,894,5b2/5pkp/6p1/4R3/8/3r2P1/5PKP/8 w - - 0 44,c3d3
6,IsmaelGT,EulerE,992,965,rnbqkbnr/pppppppp/8/8/4P3/8/PPPP1PPP/RNBQKBNR b KQkq - 0 1,e2e4
6,IsmaelGT,EulerE,992,965,rnbqkbnr/pppp1ppp/8/4p3/4P3/8/PPPP1PPP/RNBQKBNR w KQkq - 0 2,e7e5
6,IsmaelGT,EulerE,992,965,rnbqkbnr/pppp1ppp/8/4p3/4P3/5N2/PPPP1PPP/RNBQKB1R b KQkq - 1 2,g1f3
6,IsmaelGT,EulerE,992,965,r1bqkbnr/pppp1ppp/2n5/4p3/4P3/5N2/PPPP1PPP/RNBQKB1R w KQkq - 2 3,b8c6
6,IsmaelGT,EulerE,992,965,r1bqkbnr/pppp1ppp/2n5/4p3/2B1P3/5N2/PPPP1PPP/RNBQK2R b KQkq - 3 3,f1c4
6,IsmaelGT,EulerE,992,965,r1bqk1nr/pppp1ppp/2n5/2b1p3/2B1P3/5N2/PPPP1PPP/RNBQK2R w KQkq - 4 4,f8c5
6,IsmaelGT,EulerE,992,965,r1bqk1nr/pppp1ppp/2n5/2b1p3/2B1P3/5N2/PPPP1PPP/RNBQ1RK1 b kq - 5 4,e1g1
6,IsmaelGT,EulerE,992,965,r1bqk2r/pppp1ppp/2n2n2/2b1p3/2B1P3/5N2/PPPP1PPP/RNBQ1RK1 w kq - 6 5,g8f6
6,IsmaelGT,EulerE,992,965,r1bqk2r/pppp1ppp/2n2n2/2b1p3/2B1P3/2P2N2/PP1P1PPP/RNBQ1RK1 b kq - 0 5,c2c3
6,IsmaelGT,EulerE,992,965,r1bq1rk1/pppp1ppp/2n2n2/2b1p3/2B1P3/2P2N2/PP1P1PPP/RNBQ1RK1 w - - 1 6,e8g8
6,IsmaelGT,EulerE,992,965,r1bq1rk1/pppp1ppp/2n2n2/2b1p3/2B1P3/1QP2N2/PP1P1PPP/RNB2RK1 b - - 2 6,d1b3
6,IsmaelGT,EulerE,992,965,r1bq1rk1/p1pp1ppp/1pn2n2/2b1p3/2B1P3/1QP2N2/PP1P1PPP/RNB2RK1 w - - 0 7,b7b6
6,IsmaelGT,EulerE,992,965,r1bq1rk1/p1pp1Bpp/1pn2n2/2b1p3/4P3/1QP2N2/PP1P1PPP/RNB2RK1 b - - 0 7,c4f7
6,IsmaelGT,EulerE,992,965,r1bq2k1/p1pp1rpp/1pn2n2/2b1p3/4P3/1QP2N2/PP1P1PPP/RNB2RK1 w - - 0 8,f8f7
6,IsmaelGT,EulerE,992,965,r1bq2k1/p1pp1rpp/1pn2n2/2b1p1N1/4P3/1QP5/PP1P1PPP/RNB2RK1 b - - 1 8,f3g5
6,IsmaelGT,EulerE,992,965,r1b3k1/p1ppqrpp/1pn2n2/2b1p1N1/4P3/1QP5/PP1P1PPP/RNB2RK1 w - - 2 9,d8e7
6,IsmaelGT,EulerE,992,965,r1b3k1/p1ppqNpp/1pn2n2/2b1p3/4P3/1QP5/PP1P1PPP/RNB2RK1 b - - 0 9,g5f7
6,IsmaelGT,EulerE,992,965,r1b3k1/p1pp1qpp/1pn2n2/2b1p3/4P3/1QP5/PP1P1PPP/RNB2RK1 w - - 0 10,e7f7
6,IsmaelGT,EulerE,992,965,r1b3k1/p1pp1Qpp/1pn2n2/2b1p3/4P3/2P5/PP1P1PPP/RNB2RK1 b - - 0 10,b3f7
6,IsmaelGT,EulerE,992,965,r1b5/p1pp1kpp/1pn2n2/2b1p3/4P3/2P5/PP1P1PPP/RNB2RK1 w - - 0 11,g8f7
6,IsmaelGT,EulerE,992,965,r1b5/p1pp1kpp/1pn2n2/2b1p3/4P3/2PP4/PP3PPP/RNB2RK1 b - - 0 11,d2d3
6,IsmaelGT,EulerE,992,965,r7/pbpp1kpp/1pn2n2/2b1p3/4P3/2PP4/PP3PPP/RNB2RK1 w - - 1 12,c8b7
6,IsmaelGT,EulerE,992,965,r7/pbpp1kpp/1pn2n2/2b1p1B1/4P3/2PP4/PP3PPP/RN3RK1 b - - 2 12,c1g5
6,IsmaelGT,EulerE,992,965,r7/pbpp1kp1/1pn2n1p/2b1p1B1/4P3/2PP4/PP3PPP/RN3RK1 w - - 0 13,h7h6
6,IsmaelGT,EulerE,992,965,r7/pbpp1kp1/1pn2n1p/2b1p3/4P2B/2PP4/PP3PPP/RN3RK1 b - - 1 13,g5h4
6,IsmaelGT,EulerE,992,965,r7/pbpp1k2/1pn2n1p/2b1p1p1/4P2B/2PP4/PP3PPP/RN3RK1 w - - 0 14,g7g5
6,IsmaelGT,EulerE,992,965,r7/pbpp1k2/1pn2n1p/2b1p1p1/4P3/2PP2B1/PP3PPP/RN3RK1 b - - 1 14,h4g3
6,IsmaelGT,EulerE,992,965,6r1/pbpp1k2/1pn2n1p/2b1p1p1/4P3/2PP2B1/PP3PPP/RN3RK1 w - - 2 15,a8g8
6,IsmaelGT,EulerE,992,965,6r1/pbpp1k2/1pn2n1p/2b1p1p1/4P3/2PP2B1/PP1N1PPP/R4RK1 b - - 3 15,b1d2
6,IsmaelGT,EulerE,992,965,6r1/pbpp1k2/1pn4p/2b1p1pn/4P3/2PP2B1/PP1N1PPP/R4RK1 w - - 4 16,f6h5
6,IsmaelGT,EulerE,992,965,6r1/pbpp1k2/1pn4p/2b1p1pn/4P3/2PP1NB1/PP3PPP/R4RK1 b - - 5 16,d2f3
6,IsmaelGT,EulerE,992,965,6r1/pbpp1k2/1pn4p/2b1p1p1/4P3/2PP1Nn1/PP3PPP/R4RK1 w - - 0 17,h5g3
6,IsmaelGT,EulerE,992,965,6r1/pbpp1k2/1pn4p/2b1p1p1/4P3/2PP1NP1/PP3PP1/R4RK1 b - - 0 17,h2g3
6,IsmaelGT,EulerE,992,965,6r1/pbppbk2/1pn4p/4p1p1/4P3/2PP1NP1/PP3PP1/R4RK1 w - - 1 18,c5e7
6,IsmaelGT,EulerE,992,965,6r1/pbppbk2/1pn4p/4p1p1/3PP3/2P2NP1/PP3PP1/R4RK1 b - - 0 18,d3d4
6,IsmaelGT,EulerE,992,965,6r1/pbp1bk2/1pnp3p/4p1p1/3PP3/2P2NP1/PP3PP1/R4RK1 w - - 0 19,d7d6
6,IsmaelGT,EulerE,992,965,6r1/pbp1bk2/1pnp3p/4P1p1/4P3/2P2NP1/PP3PP1/R4RK1 b - - 0 19,d4e5
6,IsmaelGT,EulerE,992,965,6r1/pbp1bk2/1pn4p/4p1p1/4P3/2P2NP1/PP3PP1/R4RK1 w - - 0 20,d6e5
6,IsmaelGT,EulerE,992,965,6r1/pbp1bk2/1pn4p/4p1p1/4P3/2P3P1/PP3PPN/R4RK1 b - - 1 20,f3h2
6,IsmaelGT,EulerE,992,965,2b3r1/p1p1bk2/1pn4p/4p1p1/4P3/2P3P1/PP3PPN/R4RK1 w - - 2 21,b7c8
6,IsmaelGT,EulerE,992,965,2b3r1/p1p1bk2/1pn4p/4p1p1/4PP2/2P3P1/PP4PN/R4RK1 b - - 0 21,f2f4
6,IsmaelGT,EulerE,992,965,2b3r1/p1p1bk2/1pn4p/4p3/4Pp2/2P3P1/PP4PN/R4RK1 w - - 0 22,g5f4
6,IsmaelGT,EulerE,992,965,2b3r1/p1p1bk2/1pn4p/4p3/4PP2/2P5/PP4PN/R4RK1 b - - 0 22,g3f4
6,IsmaelGT,EulerE,992,965,6r1/p1p1bk2/1pn4p/4p3/4PP2/2P4b/PP4PN/R4RK1 w - - 1 23,c8h3
6,IsmaelGT,EulerE,992,965,6r1/p1p1bk2/1pn4p/4P3/4P3/2P4b/PP4PN/R4RK1 b - - 0 23,f4e5
6,IsmaelGT,EulerE,992,965,4k1r1/p1p1b3/1pn4p/4P3/4P3/2P4b/PP4PN/R4RK1 w - - 1 24,f7e8
6,IsmaelGT,EulerE,992,965,4k1r1/p1p1b3/1pn4p/4P3/4P3/2P4b/PP3RPN/R5K1 b - - 2 24,f1f2
6,IsmaelGT,EulerE,992,965,4k1r1/p1p5/1pn4p/2b1P3/4P3/2P4b/PP3RPN/R5K1 w - - 3 25,e7c5
6,IsmaelGT,EulerE,992,965,4k1r1/p1p5/1pn4p/2b1P3/4P3/2P4b/PP3RPN/5RK1 b - - 4 25,a1f1
6,IsmaelGT,EulerE,992,965,4k1r1/p1p5/1pn4p/4P3/4P3/2P4b/PP3bPN/5RK1 w - - 0 26,c5f2
6,IsmaelGT,EulerE,992,965,4k1r1/p1p5/1pn4p/4P3/4P3/2P4b/PP3RPN/6K1 b - - 0 26,f1f2
6,IsmaelGT,EulerE,992,965,4k1r1/p1p5/1p5p/4n3/4P3/2P4b/PP3RPN/6K1 w - - 0 27,c6e5
6,IsmaelGT,EulerE,992,965,4k1r1/p1p5/1p5p/4n3/4P3/2P4b/PP3RPN/5K2 b - - 1 27,g1f1
6,IsmaelGT,EulerE,992,965,4k1r1/p1p5/1p2b2p/4n3/4P3/2P5/PP3RPN/5K2 w - - 2 28,h3e6
6,IsmaelGT,EulerE,992,965,4k1r1/p1p5/1p2b2p/4n3/4P3/2P2N2/PP3RP1/5K2 b - - 3 28,h2f3
6,IsmaelGT,EulerE,992,965,4k1r1/p1p5/1p2b2p/8/4P3/2P2n2/PP3RP1/5K2 w - - 0 29,e5f3
6,IsmaelGT,EulerE,992,965,4k1r1/p1p5/1p2b2p/8/4P3/2P2R2/PP4P1/5K2 b - - 0 29,f2f3
6,IsmaelGT,EulerE,992,965,6r1/p1p1k3/1p2b2p/8/4P3/2P2R2/PP4P1/5K2 w - - 1 30,e8e7
6,IsmaelGT,EulerE,992,965,6r1/p1p1k3/1p2b2p/8/4P3/1PP2R2/P5P1/5K2 b - - 0 30,b2b3
6,IsmaelGT,EulerE,992,965,6r1/p1p5/1p1kb2p/8/4P3/1PP2R2/P5P1/5K2 w - - 1 31,e7d6
6,IsmaelGT,EulerE,992,965,6r1/p1p5/1p1kb2p/8/2P1P3/1P3R2/P5P1/5K2 b - - 0 31,c3c4
6,IsmaelGT,EulerE,992,965,6r1/p1pb4/1p1k3p/8/2P1P3/1P3R2/P5P1/5K2 w - - 1 32,e6d7
6,IsmaelGT,EulerE,992,965,6r1/p1pb4/1p1k1R1p/8/2P1P3/1P6/P5P1/5K2 b - - 2 32,f3f6
6,IsmaelGT,EulerE,992,965,6r1/p1pbk3/1p3R1p/8/2P1P3/1P6/P5P1/5K2 w - - 3 33,d6e7
6,IsmaelGT,EulerE,992,965,6r1/p1pbk3/1p3R1p/4P3/2P5/1P6/P5P1/5K2 b - - 0 33,e4e5
6,IsmaelGT,EulerE,992,965,6r1/p1p1k3/1p2bR1p/4P3/2P5/1P6/P5P1/5K2 w - - 1 34,d7e6
6,IsmaelGT,EulerE,992,965,6r1/p1p1k3/1p2bR1p/4P3/2P5/1P6/P3K1P1/8 b - - 2 34,f1e2
6,IsmaelGT,EulerE,992,965,5r2/p1p1k3/1p2bR1p/4P3/2P5/1P6/P3K1P1/8 w - - 3 35,g8f8
6,IsmaelGT,EulerE,992,965,5r2/p1p1k3/1p2b2R/4P3/2P5/1P6/P3K1P1/8 b - - 0 35,f6h6
6,IsmaelGT,EulerE,992,965,5r2/p1p1kb2/1p5R/4P3/2P5/1P6/P3K1P1/8 w - - 1 36,e6f7
6,IsmaelGT,EulerE,992,965,5r2/p1p1kb1R/1p6/4P3/2P5/1P6/P3K1P1/8 b - - 2 36,h6h7
6,IsmaelGT,EulerE,992,965,5r2/p1p2b1R/1p2k3/4P3/2P5/1P6/P3K1P1/8 w - - 3 37,e7e6
6,IsmaelGT,EulerE,992,965,5r2/p1p2b2/1p2k2R/4P3/2P5/1P6/P3K1P1/8 b - - 4 37,h7h6
6,IsmaelGT,EulerE,992,965,5r2/p1p2b2/1p5R/4k3/2P5/1P6/P3K1P1/8 w - - 0 38,e6e5
6,IsmaelGT,EulerE,992,965,5r2/p1p2b2/1p6/4k2R/2P5/1P6/P3K1P1/8 b - - 1 38,h6h5
6,IsmaelGT,EulerE,992,965,5r2/p1p5/1p6/4k2b/2P5/1P6/P3K1P1/8 w - - 0 39,f7h5
6,IsmaelGT,EulerE,992,965,5r2/p1p5/1p6/4k2b/2P5/1P2K3/P5P1/8 b - - 1 39,e2e3
6,IsmaelGT,EulerE,992,965,5r2/p7/1p6/2p1k2b/2P5/1P2K3/P5P1/8 w - - 0 40,c7c5
6,IsmaelGT,EulerE,992,965,5r2/p7/1p6/2p1k2b/2P5/1P2K1P1/P7/8 b - - 0 40,g2g3
6,IsmaelGT,EulerE,992,965,5r2/p7/1p1k4/2p4b/2P5/1P2K1P1/P7/8 w - - 1 41,e5d6
6,IsmaelGT,EulerE,992,965,5r2/p7/1p1k4/2p4b/2P1K3/1P4P1/P7/8 b - - 2 41,e3e4
6,IsmaelGT,EulerE,992,965,8/p4r2/1p1k4/2p4b/2P1K3/1P4P1/P7/8 w - - 3 42,f8f7
7,sush132,EulerE,1006,957,rnbqkbnr/pppppppp/8/8/4P3/8/PPPP1PPP/RNBQKBNR b KQkq - 0 1,e2e4
7,sush132,EulerE,1006,957,rnbqkbnr/pppp1ppp/8/4p3/4P3/8/PPPP1PPP/RNBQKBNR w KQkq - 0 2,e7e5
7,sush132,EulerE,1006,957,rnbqkbnr/pppp1ppp/8/4p3/4P3/5N2/PPPP1PPP/RNBQKB1R b KQkq - 1 2,g1f3
7,sush132,EulerE,1006,957,r1bqkbnr/pppp1ppp/2n5/4p3/4P3/5N2/PPPP1PPP/RNBQKB1R w KQkq - 2 3,b8c6
7,sush132,EulerE,1006,957,r1bqkbnr/pppp1ppp/2n5/4p3/4P3/3P1N2/PPP2PPP/RNBQKB1R b KQkq - 0 3,d2d3
7,sush132,EulerE,1006,957,r1bqkbnr/pppp2pp/2n2p2/4p3/4P3/3P1N2/PPP2PPP/RNBQKB1R w KQkq - 0 4,f7f6
7,sush132,EulerE,1006,957,r1bqkbnr/pppp2pp/2n2p2/4p3/4P3/3P1NP1/PPP2P1P/RNBQKB1R b KQkq - 0 4,g2g3
7,sush132,EulerE,1006,957,r1bqkbnr/pppp3p/2n2pp1/4p3/4P3/3P1NP1/PPP2P1P/RNBQKB1R w KQkq - 0 5,g7g6
7,sush132,EulerE,1006,957,r1bqkbnr/pppp3p/2n2pp1/4p3/4P3/3P1NP1/PPP2PBP/RNBQK2R b KQkq - 1 5,f1g2
7,sush132,EulerE,1006,957,r1bqk1nr/pppp2bp/2n2pp1/4p3/4P3/3P1NP1/PPP2PBP/RNBQK2R w KQkq - 2 6,f8g7
7,sush132,EulerE,1006,957,r1bqk1nr/pppp2bp/2n2pp1/4p3/4P3/3P1NP1/PPPN1PBP/R1BQK2R b KQkq - 3 6,b1d2
7,sush132,EulerE,1006,957,r1bqk2r/ppppn1bp/2n2pp1/4p3/4P3/3P1NP1/PPPN1PBP/R1BQK2R w KQkq - 4 7,g8e7
7,sush132,EulerE,1006,957,r1bqk2r/ppppn1bp/2n2pp1/4p3/4P3/3P1NPP/PPPN1PB1/R1BQK2R b KQkq - 0 7,h2h3
7,sush132,EulerE,1006,957,r1bq1rk1/ppppn1bp/2n2pp1/4p3/4P3/3P1NPP/PPPN1PB1/R1BQK2R w KQ - 1 8,e8g8
7,sush132,EulerE,1006,957,r1bq1rk1/ppppn1bp/2n2pp1/4p3/4P3/2PP1NPP/PP1N1PB1/R1BQK2R b KQ - 0 8,c2c3
7,sush132,EulerE,1006,957,r1bq1rk1/ppp1n1bp/2np1pp1/4p3/4P3/2PP1NPP/PP1N1PB1/R1BQK2R w KQ - 0 9,d7d6
7,sush132,EulerE,1006,957,r1bq1rk1/ppp1n1bp/2np1pp1/4p3/4P3/2PP1NPP/PP1N1PB1/R1BQ1RK1 b - - 1 9,e1g1
7,sush132,EulerE,1006,957,r1bq1rk1/ppp1n1bp/2np1p2/4p1p1/4P3/2PP1NPP/PP1N1PB1/R1BQ1RK1 w - - 0 10,g6g5
7,sush132,EulerE,1006,957,r1bq1rk1/ppp1n1bp/2np1p2/4p1p1/2N1P3/2PP1NPP/PP3PB1/R1BQ1RK1 b - - 1 10,d2c4
7,sush132,EulerE,1006,957,r1bq1rk1/ppp1n1b1/2np1p2/4p1pp/2N1P3/2PP1NPP/PP3PB1/R1BQ1RK1 w - - 0 11,h7h5
7,sush132,EulerE,1006,957,r1bq1rk1/ppp1n1b1/2np1p2/4p1pp/2N1P2P/2PP1NP1/PP3PB1/R1BQ1RK1 b - - 0 11,h3h4
7,sush132,EulerE,1006,957,r1bq1rk1/ppp1n1b1/2np1p2/4p2p/2N1P1pP/2PP1NP1/PP3PB1/R1BQ1RK1 w - - 0 12,g5g4
7,sush132,EulerE,1006,957,r1bq1rk1/ppp1n1b1/2np1p2/4p2p/2N1P1pP/2PP2P1/PP3PBN/R1BQ1RK1 b - - 1 12,f3h2
7,sush132,EulerE,1006,957,r1bq1r2/ppp1nkb1/2np1p2/4p2p/2N1P1pP/2PP2P1/PP3PBN/R1BQ1RK1 w - - 2 13,g8f7
7,sush132,EulerE,1006,957,r1bq1r2/ppp1nkb1/2np1p2/4p1Bp/2N1P1pP/2PP2P1/PP3PBN/R2Q1RK1 b - - 3 13,c1g5
7,sush132,EulerE,1006,957,r1bq2r1/ppp1nkb1/2np1p2/4p1Bp/2N1P1pP/2PP2P1/PP3PBN/R2Q1RK1 w - - 4 14,f8g8
7,sush132,EulerE,1006,957,r1bq2r1/ppp1nkb1/2np1p2/4p2p/2N1P1pP/2PP2P1/PP3PBN/R1BQ1RK1 b - - 5 14,g5c1
7,sush132,EulerE,1006,957,r1bq3r/ppp1nkb1/2np1p2/4p2p/2N1P1pP/2PP2P1/PP3PBN/R1BQ1RK1 w - - 6 15,g8h8
7,sush132,EulerE,1006,957,r1bq3r/ppp1nkb1/2np1p2/4p2p/2NPP1pP/2P3P1/PP3PBN/R1BQ1RK1 b - - 0 15,d3d4
7,sush132,EulerE,1006,957,r1bq3r/ppp1nk2/2np1p1b/4p2p/2NPP1pP/2P3P1/PP3PBN/R1BQ1RK1 w - - 1 16,g7h6
7,sush132,EulerE,1006,957,r1bq3r/ppp1nk2/2np1p1b/4P2p/2N1P1pP/2P3P1/PP3PBN/R1BQ1RK1 b - - 0 16,d4e5
7,sush132,EulerE,1006,957,r1bq3r/ppp1nk2/2np3b/4p2p/2N1P1pP/2P3P1/PP3PBN/R1BQ1RK1 w - - 0 17,f6e5
7,sush132,EulerE,1006,957,r1bq3r/ppp1nk2/2np3B/4p2p/2N1P1pP/2P3P1/PP3PBN/R2Q1RK1 b - - 0 17,c1h6
7,sush132,EulerE,1006,957,r1bq4/ppp1nk2/2np3r/4p2p/2N1P1pP/2P3P1/PP3PBN/R2Q1RK1 w - - 0 18,h8h6
7,sush132,EulerE,1006,957,r1bq4/ppp1nk2/2np3r/4p2p/2N1PPpP/2P3P1/PP4BN/R2Q1RK1 b - f3 0 18,f2f4
7,sush132,EulerE,1006,957,r1bq4/ppp1nk2/2np3r/7p/2N1PppP/2P3P1/PP4BN/R2Q1RK1 w - - 0 19,e5f4
7,sush132,EulerE,1006,957,r1bq4/ppp1nk2/2np3r/7p/2N1PPpP/2P5/PP4BN/R2Q1RK1 b - - 0 19,g3f4
7,sush132,EulerE,1006,957,r1bq4/ppp1nk2/2n4r/3p3p/2N1PPpP/2P5/PP4BN/R2Q1RK1 w - - 0 20,d6d5
7,sush132,EulerE,1006,957,r1bq4/ppp1nk2/2n4r/3P3p/2N2PpP/2P5/PP4BN/R2Q1RK1 b - - 0 20,e4d5
7,sush132,EulerE,1006,957,r1b5/ppp1nk2/2n4r/3q3p/2N2PpP/2P5/PP4BN/R2Q1RK1 w - - 0 21,d8d5
7,sush132,EulerE,1006,957,r1b5/ppp1nk2/2n4r/3Q3p/2N2PpP/2P5/PP4BN/R4RK1 b - - 0 21,d1d5
7,sush132,EulerE,1006,957,r1b5/ppp2k2/2n4r/3n3p/2N2PpP/2P5/PP4BN/R4RK1 w - - 0 22,e7d5
7,sush132,EulerE,1006,957,r1b5/ppp2k2/2n4r/3B3p/2N2PpP/2P5/PP5N/R4RK1 b - - 0 22,g2d5
7,sush132,EulerE,1006,957,r7/ppp2k2/2n1b2r/3B3p/2N2PpP/2P5/PP5N/R4RK1 w - - 1 23,c8e6
7,sush132,EulerE,1006,957,r7/ppp2k2/2n1B2r/7p/2N2PpP/2P5/PP5N/R4RK1 b - - 0 23,d5e6
7,sush132,EulerE,1006,957,r7/ppp5/2n1k2r/7p/2N2PpP/2P5/PP5N/R4RK1 w - - 0 24,f7e6
7,sush132,EulerE,1006,957,r7/ppp5/2n1k2r/7p/5PpP/2P1N3/PP5N/R4RK1 b - - 1 24,c4e3
7,sush132,EulerE,1006,957,r7/ppp5/2n2k1r/7p/5PpP/2P1N3/PP5N/R4RK1 w - - 2 25,e6f6
7,sush132,EulerE,1006,957,r7/ppp5/2n2k1r/5P1p/6pP/2P1N3/PP5N/R4RK1 b - - 0 25,f4f5
7,sush132,EulerE,1006,957,4r3/ppp5/2n2k1r/5P1p/6pP/2P1N3/PP5N/R4RK1 w - - 1 26,a8e8
7,sush132,EulerE,1006,957,4r3/ppp5/2n2k1r/3N1P1p/6pP/2P5/PP5N/R4RK1 b - - 2 26,e3d5
7,sush132,EulerE,1006,957,4r3/ppp5/2n4r/3NkP1p/6pP/2P5/PP5N/R4RK1 w - - 3 27,f6e5
7,sush132,EulerE,1006,957,4r3/ppN5/2n4r/4kP1p/6pP/2P5/PP5N/R4RK1 b - - 0 27,d5c7
7,sush132,EulerE,1006,957,3r4/ppN5/2n4r/4kP1p/6pP/2P5/PP5N/R4RK1 w - - 1 28,e8d8
7,sush132,EulerE,1006,957,3r4/pp6/2n1N2r/4kP1p/6pP/2P5/PP5N/R4RK1 b - - 2 28,c7e6
7,sush132,EulerE,1006,957,3r4/pp6/2n1r3/4kP1p/6pP/2P5/PP5N/R4RK1 w - - 0 29,h6e6
7,sush132,EulerE,1006,957,3r4/pp6/2n1P3/4k2p/6pP/2P5/PP5N/R4RK1 b - - 0 29,f5e6
7,sush132,EulerE,1006,957,3r4/pp6/2n1k3/7p/6pP/2P5/PP5N/R4RK1 w - - 0 30,e5e6
7,sush132,EulerE,1006,957,3r4/pp6/2n1k3/7p/6pP/2P5/PP5N/R3R1K1 b - - 1 30,f1e1
7,sush132,EulerE,1006,957,3r4/pp3k2/2n5/7p/6pP/2P5/PP5N/R3R1K1 w - - 2 31,e6f7
7,sush132,EulerE,1006,957,3r4/pp3k2/2n5/7p/6pP/2P5/PP5N/R4RK1 b - - 3 31,e1f1
7,sush132,EulerE,1006,957,3r4/pp6/2n3k1/7p/6pP/2P5/PP5N/R4RK1 w - - 4 32,f7g6
7,sush132,EulerE,1006,957,3r4/pp6/2n3k1/7p/6pP/2P5/PP5N/R3R1K1 b - - 5 32,f1e1
7,sush132,EulerE,1006,957,3r4/pp3k2/2n5/7p/6pP/2P5/PP5N/R3R1K1 w - - 6 33,g6f7
7,sush132,EulerE,1006,957,3r4/pp3k2/2n5/7p/6pP/2P5/PP5N/3RR1K1 b - - 7 33,a1d1
7,sush132,EulerE,1006,957,3r4/pp6/2n3k1/7p/6pP/2P5/PP5N/3RR1K1 w - - 8 34,f7g6
7,sush132,EulerE,1006,957,3R4/pp6/2n3k1/7p/6pP/2P5/PP5N/4R1K1 b - - 0 34,d1d8
7,sush132,EulerE,1006,957,3n4/pp6/6k1/7p/6pP/2P5/PP5N/4R1K1 w - - 0 35,c6d8
7,sush132,EulerE,1006,957,3n4/pp2R3/6k1/7p/6pP/2P5/PP5N/6K1 b - - 1 35,e1e7
7,sush132,EulerE,1006,957,8/pp2R3/4n1k1/7p/6pP/2P5/PP5N/6K1 w - - 2 36,d8e6
7,sush132,EulerE,1006,957,8/pp6/4R1k1/7p/6pP/2P5/PP5N/6K1 b - - 0 36,e7e6
7,sush132,EulerE,1006,957,8/pp3k2/4R3/7p/6pP/2P5/PP5N/6K1 w - - 1 37,g6f7
7,sush132,EulerE,1006,957,8/pp3k2/3R4/7p/6pP/2P5/PP5N/6K1 b - - 2 37,e6d6
8,EulerE,kinkikiwi,948,950,rnbqkbnr/pppppppp/8/8/3P4/8/PPP1PPPP/RNBQKBNR b KQkq - 0 1,d2d4
8,EulerE,kinkikiwi,948,950,rnbqkbnr/ppp1pppp/8/3p4/3P4/8/PPP1PPPP/RNBQKBNR w KQkq - 0 2,d7d5
8,EulerE,kinkikiwi,948,950,rnbqkbnr/ppp1pppp/8/3p4/2PP4/8/PP2PPPP/RNBQKBNR b KQkq - 0 2,c2c4
8,EulerE,kinkikiwi,948,950,r1bqkbnr/ppp1pppp/2n5/3p4/2PP4/8/PP2PPPP/RNBQKBNR w KQkq - 1 3,b8c6
8,EulerE,kinkikiwi,948,950,r1bqkbnr/ppp1pppp/2n5/3p4/2PP4/5N2/PP2PPPP/RNBQKB1R b KQkq - 2 3,g1f3
8,EulerE,kinkikiwi,948,950,r1bqkbnr/ppp2ppp/2n1p3/3p4/2PP4/5N2/PP2PPPP/RNBQKB1R w KQkq - 0 4,e7e6
8,EulerE,kinkikiwi,948,950,r1bqkbnr/ppp2ppp/2n1p3/3p4/2PP4/2N2N2/PP2PPPP/R1BQKB1R b KQkq - 1 4,b1c3
8,EulerE,kinkikiwi,948,950,r1bqkb1r/ppp2ppp/2n1pn2/3p4/2PP4/2N2N2/PP2PPPP/R1BQKB1R w KQkq - 2 5,g8f6
8,EulerE,kinkikiwi,948,950,r1bqkb1r/ppp2ppp/2n1pn2/3p4/2PP4/2N2NP1/PP2PP1P/R1BQKB1R b KQkq - 0 5,g2g3
8,EulerE,kinkikiwi,948,950,r1bqk2r/ppp2ppp/2n1pn2/3p4/1bPP4/2N2NP1/PP2PP1P/R1BQKB1R w KQkq - 1 6,f8b4
8,EulerE,kinkikiwi,948,950,r1bqk2r/ppp2ppp/2n1pn2/3p4/1bPP4/2N2NP1/PP1BPP1P/R2QKB1R b KQkq - 2 6,c1d2
8,EulerE,kinkikiwi,948,950,r1bqk2r/ppp2ppp/2n1p3/3p4/1bPPn3/2N2NP1/PP1BPP1P/R2QKB1R w KQkq - 3 7,f6e4
8,EulerE,kinkikiwi,948,950,r1bqk2r/ppp2ppp/2n1p3/3p4/1bPPn3/2N2NP1/PP1BPPBP/R2QK2R b KQkq - 4 7,f1g2
8,EulerE,kinkikiwi,948,950,r1bqk2r/ppp2ppp/2n1p3/3p4/1bPP4/2N2NP1/PP1nPPBP/R2QK2R w KQkq - 0 8,e4d2
8,EulerE,kinkikiwi,948,950,r1bqk2r/ppp2ppp/2n1p3/3p4/1bPP4/2N2NP1/PP1QPPBP/R3K2R b KQkq - 0 8,d1d2
8,EulerE,kinkikiwi,948,950,r1b1k2r/ppp1qppp/2n1p3/3p4/1bPP4/2N2NP1/PP1QPPBP/R3K2R w KQkq - 1 9,d8e7
8,EulerE,kinkikiwi,948,950,r1b1k2r/ppp1qppp/2n1p3/3p4/1bPP4/P1N2NP1/1P1QPPBP/R3K2R b KQkq - 0 9,a2a3
8,EulerE,kinkikiwi,948,950,r1b1k2r/ppp1qppp/2n1p3/b2p4/2PP4/P1N2NP1/1P1QPPBP/R3K2R w KQkq - 1 10,b4a5
8,EulerE,kinkikiwi,948,950,r1b1k2r/ppp1qppp/2n1p3/b2p4/1PPP4/P1N2NP1/3QPPBP/R3K2R b KQkq - 0 10,b2b4
8,EulerE,kinkikiwi,948,950,r1b1k2r/ppp1qppp/4p3/b2p4/1nPP4/P1N2NP1/3QPPBP/R3K2R w KQkq - 0 11,c6b4
8,EulerE,kinkikiwi,948,950,r1b1k2r/ppp1qppp/4p3/b2p4/1PPP4/2N2NP1/3QPPBP/R3K2R b KQkq - 0 11,a3b4
8,EulerE,kinkikiwi,948,950,r1b1k2r/ppp1qppp/4p3/3p4/1bPP4/2N2NP1/3QPPBP/R3K2R w KQkq - 0 12,a5b4
8,EulerE,kinkikiwi,948,950,r1b1k2r/ppp1qppp/4p3/3p4/1bPP4/2N2NP1/3QPPBP/1R2K2R b Kkq - 1 12,a1b1
8,EulerE,kinkikiwi,948,950,r1b1k2r/1pp1qppp/4p3/p2p4/1bPP4/2N2NP1/3QPPBP/1R2K2R w Kkq - 0 13,a7a5
8,EulerE,kinkikiwi,948,950,r1b1k2r/1pp1qppp/4p3/p2p4/1bPP4/2N2NP1/3QPPBP/1R3RK1 b kq - 1 13,e1g1
8,EulerE,kinkikiwi,948,950,r1b1k2r/2p1qppp/1p2p3/p2p4/1bPP4/2N2NP1/3QPPBP/1R3RK1 w kq - 0 14,b7b6
8,EulerE,kinkikiwi,948,950,r1b1k2r/2p1qppp/1p2p3/p2p4/1RPP4/2N2NP1/3QPPBP/5RK1 b kq - 0 14,b1b4
8,EulerE,kinkikiwi,948,950,r1b1k2r/2p1qppp/1p2p3/3p4/1pPP4/2N2NP1/3QPPBP/5RK1 w kq - 0 15,a5b4
8,EulerE,kinkikiwi,948,950,r1b1k2r/2p1qppp/1p2p3/3p4/1pPP4/5NP1/3QPPBP/1N3RK1 b kq - 1 15,c3b1
8,EulerE,kinkikiwi,948,950,r1b1k2r/2p1qppp/1p2p3/3p4/2PP4/1p3NP1/3QPPBP/1N3RK1 w kq - 0 16,b4b3
8,EulerE,kinkikiwi,948,950,r1b1k2r/2p1qppp/1p2p3/3p4/2PP4/1pN2NP1/3QPPBP/5RK1 b kq - 1 16,b1c3
8,EulerE,kinkikiwi,948,950,r1b1k2r/2p1qppp/1p2p3/3p4/2PP4/2N2NP1/1p1QPPBP/5RK1 w kq - 0 17,b3b2
8,EulerE,kinkikiwi,948,950,r1b1k2r/2p1qppp/1p2p3/3p4/2PP4/2N2NP1/1Q2PPBP/5RK1 b kq - 0 17,d2b2
8,EulerE,kinkikiwi,948,950,r3k2r/2p1qppp/bp2p3/3p4/2PP4/2N2NP1/1Q2PPBP/5RK1 w kq - 1 18,c8a6
8,EulerE,kinkikiwi,948,950,r3k2r/2p1qppp/bp2p3/2Pp4/3P4/2N2NP1/1Q2PPBP/5RK1 b kq - 0 18,c4c5
8,EulerE,kinkikiwi,948,950,r3k2r/2p1qppp/b3p3/2pp4/3P4/2N2NP1/1Q2PPBP/5RK1 w kq - 0 19,b6c5
8,EulerE,kinkikiwi,948,950,r3k2r/2p1qppp/b3p3/2Pp4/8/2N2NP1/1Q2PPBP/5RK1 b kq - 0 19,d4c5
8,EulerE,kinkikiwi,948,950,r3k2r/2p2ppp/b3p3/2qp4/8/2N2NP1/1Q2PPBP/5RK1 w kq - 0 20,e7c5
8,EulerE,kinkikiwi,948,950,r3k2r/2p2ppp/b3p3/2qp4/8/2N2NP1/1Q2PPBP/2R3K1 b kq - 1 20,f1c1
8,EulerE,kinkikiwi,948,950,r4rk1/2p2ppp/b3p3/2qp4/8/2N2NP1/1Q2PPBP/2R3K1 w - - 2 21,e8g8
8,EulerE,kinkikiwi,948,950,r4rk1/2p2ppp/b3p3/2qp4/N7/5NP1/1Q2PPBP/2R3K1 b - - 3 21,c3a4
8,EulerE,kinkikiwi,948,950,r4rk1/2p2ppp/b3p3/1q1p4/N7/5NP1/1Q2PPBP/2R3K1 w - - 4 22,c5b5
8,EulerE,kinkikiwi,948,950,r4rk1/2p2ppp/b3p3/1qNp4/8/5NP1/1Q2PPBP/2R3K1 b - - 5 22,a4c5
8,EulerE,kinkikiwi,948,950,r4rk1/2p2ppp/b3p3/2Np4/8/5NP1/1Q2qPBP/2R3K1 w - - 0 23,b5e2
8,EulerE,kinkikiwi,948,950,r4rk1/2pN1ppp/b3p3/3p4/8/5NP1/1Q2qPBP/2R3K1 b - - 1 23,c5d7
8,EulerE,kinkikiwi,948,950,r4rk1/2pN1ppp/b3p3/3p4/8/5NP1/1q3PBP/2R3K1 w - - 0 24,e2b2
8,EulerE,kinkikiwi,948,950,r4rk1/2RN1ppp/b3p3/3p4/8/5NP1/1q3PBP/6K1 b - - 0 24,c1c7
8,EulerE,kinkikiwi,948,950,r4rk1/2RN1ppp/b3p3/3p4/8/5NP1/5PBP/1q4K1 w - - 1 25,b2b1
8,EulerE,kinkikiwi,948,950,r4rk1/2RN1ppp/b3p3/3p4/8/5NP1/5P1P/1q3BK1 b - - 2 25,g2f1
8,EulerE,kinkikiwi,948,950,r4rk1/2RN1ppp/b3p3/3p4/8/5NP1/5P1P/5qK1 w - - 0 26,b1f1
9,EulerE,MiguelMR1,958,985,rnbqkbnr/pppppppp/8/8/3P4/8/PPP1PPPP/RNBQKBNR b KQkq - 0 1,d2d4
9,EulerE,MiguelMR1,958,985,rnbqkbnr/pppp1ppp/4p3/8/3P4/8/PPP1PPPP/RNBQKBNR w KQkq - 0 2,e7e6
9,EulerE,MiguelMR1,958,985,rnbqkbnr/pppp1ppp/4p3/8/2PP4/8/PP2PPPP/RNBQKBNR b KQkq - 0 2,c2c4
9,EulerE,MiguelMR1,958,985,rnbqkb1r/pppp1ppp/4pn2/8/2PP4/8/PP2PPPP/RNBQKBNR w KQkq - 1 3,g8f6
9,EulerE,MiguelMR1,958,985,rnbqkb1r/pppp1ppp/4pn2/8/2PP4/2N5/PP2PPPP/R1BQKBNR b KQkq - 2 3,b1c3
9,EulerE,MiguelMR1,958,985,rnbqk2r/ppppbppp/4pn2/8/2PP4/2N5/PP2PPPP/R1BQKBNR w KQkq - 3 4,f8e7
9,EulerE,MiguelMR1,958,985,rnbqk2r/ppppbppp/4pn2/8/2PP4/2N2N2/PP2PPPP/R1BQKB1R b KQkq - 4 4,g1f3
9,EulerE,MiguelMR1,958,985,rnbq1rk1/ppppbppp/4pn2/8/2PP4/2N2N2/PP2PPPP/R1BQKB1R w KQ - 5 5,e8g8
9,EulerE,MiguelMR1,958,985,rnbq1rk1/ppppbppp/4pn2/8/2PPP3/2N2N2/PP3PPP/R1BQKB1R b KQ - 0 5,e2e4
9,EulerE,MiguelMR1,958,985,rnbq1rk1/pp1pbppp/4pn2/2p5/2PPP3/2N2N2/PP3PPP/R1BQKB1R w KQ - 0 6,c7c5
9,EulerE,MiguelMR1,958,985,rnbq1rk1/pp1pbppp/4pn2/2pP4/2P1P3/2N2N2/PP3PPP/R1BQKB1R b KQ - 0 6,d4d5
9,EulerE,MiguelMR1,958,985,rnbq1rk1/pp1pbppp/5n2/2pp4/2P1P3/2N2N2/PP3PPP/R1BQKB1R w KQ - 0 7,e6d5
9,EulerE,MiguelMR1,958,985,rnbq1rk1/pp1pbppp/5n2/2pP4/2P5/2N2N2/PP3PPP/R1BQKB1R b KQ - 0 7,e4d5
9,EulerE,MiguelMR1,958,985,rnbq1rk1/pp1pbppp/8/2pP4/2P3n1/2N2N2/PP3PPP/R1BQKB1R w KQ - 1 8,f6g4
9,EulerE,MiguelMR1,958,985,rnbq1rk1/pp1pbppp/8/2pP4/2P3n1/2N2N2/PP2BPPP/R1BQK2R b KQ - 2 8,f1e2
9,EulerE,MiguelMR1,958,985,rnbq1rk1/pp1pbppp/8/2pP4/2P5/2N2N2/PP2BnPP/R1BQK2R w KQ - 0 9,g4f2
9,EulerE,MiguelMR1,958,985,rnbq1rk1/pp1pbppp/8/2pP4/2P5/2N2N2/PP2BKPP/R1BQ3R b - - 0 9,e1f2
9,EulerE,MiguelMR1,958,985,rnbq1rk1/pp1p1ppp/3b4/2pP4/2P5/2N2N2/PP2BKPP/R1BQ3R w - - 1 10,e7d6
9,EulerE,MiguelMR1,958,985,rnbq1rk1/pp1p1ppp/3b4/2pP4/2P5/2N2N2/PP2BKPP/R1BQ1R2 b - - 2 10,h1f1
9,EulerE,MiguelMR1,958,985,rnbq1rk1/p2p1ppp/1p1b4/2pP4/2P5/2N2N2/PP2BKPP/R1BQ1R2 w - - 0 11,b7b6
9,EulerE,MiguelMR1,958,985,rnbq1rk1/p2p1ppp/1p1b4/2pP4/2P5/2N2N2/PP2B1PP/R1BQ1RK1 b - - 1 11,f2g1
9,EulerE,MiguelMR1,958,985,rnbq1rk1/3p1ppp/1p1b4/p1pP4/2P5/2N2N2/PP2B1PP/R1BQ1RK1 w - - 0 12,a7a5
9,EulerE,MiguelMR1,958,985,rnbq1rk1/3p1ppp/1p1b4/pNpP4/2P5/5N2/PP2B1PP/R1BQ1RK1 b - - 1 12,c3b5
9,EulerE,MiguelMR1,958,985,rnb2rk1/3p1ppp/1p1b1q2/pNpP4/2P5/5N2/PP2B1PP/R1BQ1RK1 w - - 2 13,d8f6
9,EulerE,MiguelMR1,958,985,rnb2rk1/3p1ppp/1p1N1q2/p1pP4/2P5/5N2/PP2B1PP/R1BQ1RK1 b - - 0 13,b5d6
9,EulerE,MiguelMR1,958,985,rnb2rk1/3p1ppp/1p1q4/p1pP4/2P5/5N2/PP2B1PP/R1BQ1RK1 w - - 0 14,f6d6
9,EulerE,MiguelMR1,958,985,rnb2rk1/3p1ppp/1p1q4/p1pP4/2P5/1Q3N2/PP2B1PP/R1B2RK1 b - - 1 14,d1b3
9,EulerE,MiguelMR1,958,985,r1b2rk1/3p1ppp/np1q4/p1pP4/2P5/1Q3N2/PP2B1PP/R1B2RK1 w - - 2 15,b8a6
9,EulerE,MiguelMR1,958,985,r1b2rk1/3p1ppp/np1q4/p1pP4/2P5/1Q3N2/PP1BB1PP/R4RK1 b - - 3 15,c1d2
9,EulerE,MiguelMR1,958,985,r1b2rk1/3p1ppp/1p1q4/p1pP4/1nP5/1Q3N2/PP1BB1PP/R4RK1 w - - 4 16,a6b4
9,EulerE,MiguelMR1,958,985,r1b2rk1/3p1ppp/1p1q4/p1pP4/1BP5/1Q3N2/PP2B1PP/R4RK1 b - - 0 16,d2b4
9,EulerE,MiguelMR1,958,985,r1b2rk1/3p1ppp/1p1q4/2pP4/1pP5/1Q3N2/PP2B1PP/R4RK1 w - - 0 17,a5b4
9,EulerE,MiguelMR1,958,985,r1b2rk1/3p1ppp/1p1q4/2pP4/1pP5/1Q3N2/PP2B1PP/R2R2K1 b - - 1 17,f1d1
9,EulerE,MiguelMR1,958,985,r1b2rk1/3p1ppp/1p3q2/2pP4/1pP5/1Q3N2/PP2B1PP/R2R2K1 w - - 2 18,d6f6
9,EulerE,MiguelMR1,958,985,r1b2rk1/3p1ppp/1p3q2/2pP4/1pP5/1Q3N2/PP2B1PP/R4RK1 b - - 3 18,d1f1
9,EulerE,MiguelMR1,958,985,r1b2rk1/5ppp/1p1p1q2/2pP4/1pP5/1Q3N2/PP2B1PP/R4RK1 w - - 0 19,d7d6
9,EulerE,MiguelMR1,958,985,r1b2rk1/5ppp/1p1p1q2/2pP4/1pP5/1Q6/PP1NB1PP/R4RK1 b - - 1 19,f3d2
9,EulerE,MiguelMR1,958,985,r1b2rk1/5ppp/1p1p4/2pP4/1pPq4/1Q6/PP1NB1PP/R4RK1 w - - 2 20,f6d4
9,EulerE,MiguelMR1,958,985,r1b2rk1/5ppp/1p1p4/2pP4/1pPq4/1Q6/PP1NB1PP/R4R1K b - - 3 20,g1h1
9,EulerE,MiguelMR1,958,985,r1b2rk1/5ppp/1p1p4/2pP4/1pP5/1Q6/PP1qB1PP/R4R1K w - - 0 21,d4d2
9,EulerE,MiguelMR1,958,985,r1b2rk1/5ppp/1p1p4/2pP4/1pP5/3Q4/PP1qB1PP/R4R1K b - - 1 21,b3d3
9,EulerE,MiguelMR1,958,985,r1b2rk1/5ppp/1p1p4/2pP4/1pP5/3q4/PP2B1PP/R4R1K w - - 0 22,d2d3
9,EulerE,MiguelMR1,958,985,r1b2rk1/5ppp/1p1p4/2pP4/1pP5/3B4/PP4PP/R4R1K b - - 0 22,e2d3
9,EulerE,MiguelMR1,958,985,r4rk1/5ppp/1p1p4/2pP4/1pP3b1/3B4/PP4PP/R4R1K w - - 1 23,c8g4
9,EulerE,MiguelMR1,958,985,r4rk1/5ppp/1p1p4/2pP4/1pP3b1/3B4/PP4PP/4RR1K b - - 2 23,a1e1
9,EulerE,MiguelMR1,958,985,4rrk1/5ppp/1p1p4/2pP4/1pP3b1/3B4/PP4PP/4RR1K w - - 3 24,a8e8
9,EulerE,MiguelMR1,958,985,4rrk1/5ppp/1p1p4/2pP4/1pP3b1/3B4/PP4PP/4RRK1 b - - 4 24,h1g1
9,EulerE,MiguelMR1,958,985,5rk1/5ppp/1p1p4/2pP4/1pP3b1/3B4/PP4PP/4rRK1 w - - 0 25,e8e1
9,EulerE,MiguelMR1,958,985,5rk1/5ppp/1p1p4/2pP4/1pP3b1/3B4/PP4PP/4R1K1 b - - 0 25,f1e1
9,EulerE,MiguelMR1,958,985,5rk1/5p1p/1p1p2p1/2pP4/1pP3b1/3B4/PP4PP/4R1K1 w - - 0 26,g7g6
9,EulerE,MiguelMR1,958,985,5rk1/5p1p/1p1p2p1/2pP4/1pP3b1/8/PP2B1PP/4R1K1 b - - 1 26,d3e2
9,EulerE,MiguelMR1,958,985,5rk1/5p1p/1p1p2p1/2pP4/1pP5/8/PP2b1PP/4R1K1 w - - 0 27,g4e2
9,EulerE,MiguelMR1,958,985,5rk1/5p1p/1p1p2p1/2pP4/1pP5/8/PP2R1PP/6K1 b - - 0 27,e1e2
9,EulerE,MiguelMR1,958,985,5rk1/7p/1p1p2p1/2pP1p2/1pP5/8/PP2R1PP/6K1 w - - 0 28,f7f5
9,EulerE,MiguelMR1,958,985,5rk1/7p/1p1p2p1/2pP1p2/1pP5/8/PP2RKPP/8 b - - 1 28,g1f2
9,EulerE,MiguelMR1,958,985,3r2k1/7p/1p1p2p1/2pP1p2/1pP5/8/PP2RKPP/8 w - - 2 29,f8d8
9,EulerE,MiguelMR1,958,985,3r2k1/7p/1p1p2p1/2pP1p2/1pP5/6K1/PP2R1PP/8 b - - 3 29,f2g3
9,EulerE,MiguelMR1,958,985,3r4/6kp/1p1p2p1/2pP1p2/1pP5/6K1/PP2R1PP/8 w - - 4 30,g8g7
9,EulerE,MiguelMR1,958,985,3r4/6kp/1p1p2p1/2pP1p2/1pP2K2/8/PP2R1PP/8 b - - 5 30,g3f4
9,EulerE,MiguelMR1,958,985,3r4/7p/1p1p1kp1/2pP1p2/1pP2K2/8/PP2R1PP/8 w - - 6 31,g7f6
9,EulerE,MiguelMR1,958,985,3r4/7p/1p1p1kp1/2pP1p2/1pP2KP1/8/PP2R2P/8 b - - 0 31,g2g4
9,EulerE,MiguelMR1,958,985,3r4/7p/1p1p1kp1/2pP4/1pP2Kp1/8/PP2R2P/8 w - - 0 32,f5g4
9,EulerE,MiguelMR1,958,985,3r4/7p/1p1p1kp1/2pP4/1pP3K1/8/PP2R2P/8 b - - 0 32,f4g4
9,EulerE,MiguelMR1,958,985,3r4/6kp/1p1p2p1/2pP4/1pP3K1/8/PP2R2P/8 w - - 1 33,f6g7
9,EulerE,MiguelMR1,958,985,3r4/6kp/1p1pR1p1/2pP4/1pP3K1/8/PP5P/8 b - - 2 33,e2e6
9,EulerE,MiguelMR1,958,985,3r4/6k1/1p1pR1pp/2pP4/1pP3K1/8/PP5P/8 w - - 0 34,h7h6
9,EulerE,MiguelMR1,958,985,3r4/6k1/1p1pR1pp/2pP4/1pP3KP/8/PP6/8 b - - 0 34,h2h4
9,EulerE,MiguelMR1,958,985,3r4/6k1/1p1pR1p1/2pP3p/1pP3KP/8/PP6/8 w - - 0 35,h6h5
9,EulerE,MiguelMR1,958,985,3r4/6k1/1p1pR1p1/2pP3p/1pP4P/7K/PP6/8 b - - 1 35,g4h3
9,EulerE,MiguelMR1,958,985,3r4/5k2/1p1pR1p1/2pP3p/1pP4P/7K/PP6/8 w - - 2 36,g7f7
9,EulerE,MiguelMR1,958,985,3r4/5k2/1p1pR1p1/2pP3p/1pP4P/6K1/PP6/8 b - - 3 36,h3g3
9,EulerE,MiguelMR1,958,985,3r4/6k1/1p1pR1p1/2pP3p/1pP4P/6K1/PP6/8 w - - 4 37,f7g7
9,EulerE,MiguelMR1,958,985,3r4/6k1/1p1pR1p1/2pP3p/1pP2K1P/8/PP6/8 b - - 5 37,g3f4
9,EulerE,MiguelMR1,958,985,3r4/6k1/3pR1p1/1ppP3p/1pP2K1P/8/PP6/8 w - - 0 38,b6b5
9,EulerE,MiguelMR1,958,985,3r4/6k1/3pR1p1/1ppP2Kp/1pP4P/8/PP6/8 b - - 1 38,f4g5
9,EulerE,MiguelMR1,958,985,3r4/6k1/3pR1p1/2pP2Kp/1pp4P/8/PP6/8 w - - 0 39,b5c4
9,EulerE,MiguelMR1,958,985,3r4/6k1/3p2R1/2pP2Kp/1pp4P/8/PP6/8 b - - 0 39,e6g6
9,EulerE,MiguelMR1,958,985,3r4/5k2/3p2R1/2pP2Kp/1pp4P/8/PP6/8 w - - 1 40,g7f7
9,EulerE,MiguelMR1,958,985,3r4/5k2/3p1R2/2pP2Kp/1pp4P/8/PP6/8 b - - 2 40,g6f6
9,EulerE,MiguelMR1,958,985,3r4/6k1/3p1R2/2pP2Kp/1pp4P/8/PP6/8 w - - 3 41,f7g7
9,EulerE,MiguelMR1,958,985,3r4/6k1/3p4/2pP2Kp/1pp2R1P/8/PP6/8 b - - 4 41,f6f4
10,MiguelMR1,EulerE,992,950,rnbqkbnr/pppppppp/8/8/8/4P3/PPPP1PPP/RNBQKBNR b KQkq - 0 1,e2e3
10,MiguelMR1,EulerE,992,950,rnbqkbnr/pppp1ppp/8/4p3/8/4P3/PPPP1PPP/RNBQKBNR w KQkq - 0 2,e7e5
10,MiguelMR1,EulerE,992,950,rnbqkbnr/pppp1ppp/8/4p3/8/4PN2/PPPP1PPP/RNBQKB1R b KQkq - 1 2,g1f3
10,MiguelMR1,EulerE,992,950,rnbqkbnr/ppp2ppp/8/3pp3/8/4PN2/PPPP1PPP/RNBQKB1R w KQkq - 0 3,d7d5
10,MiguelMR1,EulerE,992,950,rnbqkbnr/ppp2ppp/8/3pN3/8/4P3/PPPP1PPP/RNBQKB1R b KQkq - 0 3,f3e5
10,MiguelMR1,EulerE,992,950,r1bqkbnr/ppp2ppp/2n5/3pN3/8/4P3/PPPP1PPP/RNBQKB1R w KQkq - 1 4,b8c6
10,MiguelMR1,EulerE,992,950,r1bqkbnr/ppp2Npp/2n5/3p4/8/4P3/PPPP1PPP/RNBQKB1R b KQkq - 0 4,e5f7
10,MiguelMR1,EulerE,992,950,r1bq1bnr/ppp2kpp/2n5/3p4/8/4P3/PPPP1PPP/RNBQKB1R w KQ - 0 5,e8f7
10,MiguelMR1,EulerE,992,950,r1bq1bnr/ppp2kpp/2n5/3p3Q/8/4P3/PPPP1PPP/RNB1KB1R b KQ - 1 5,d1h5
10,MiguelMR1,EulerE,992,950,r1bq1bnr/ppp2k1p/2n3p1/3p3Q/8/4P3/PPPP1PPP/RNB1KB1R w KQ - 0 6,g7g6
10,MiguelMR1,EulerE,992,950,r1bq1bnr/ppp2k1p/2n3p1/3p4/8/4PQ2/PPPP1PPP/RNB1KB1R b KQ - 1 6,h5f3
10,MiguelMR1,EulerE,992,950,r1bq1b1r/ppp2k1p/2n2np1/3p4/8/4PQ2/PPPP1PPP/RNB1KB1R w KQ - 2 7,g8f6
10,MiguelMR1,EulerE,992,950,r1bq1b1r/ppp2k1p/2n2np1/3p4/8/4P3/PPPP1PPP/RNBQKB1R b KQ - 3 7,f3d1
10,MiguelMR1,EulerE,992,950,r1bq3r/ppp2kbp/2n2np1/3p4/8/4P3/PPPP1PPP/RNBQKB1R w KQ - 4 8,f8g7
10,MiguelMR1,EulerE,992,950,r1bq3r/ppp2kbp/2n2np1/3p4/2P5/4P3/PP1P1PPP/RNBQKB1R b KQ - 0 8,c2c4
10,MiguelMR1,EulerE,992,950,r1bq3r/ppp2kbp/2n2np1/8/2p5/4P3/PP1P1PPP/RNBQKB1R w KQ - 0 9,d5c4
10,MiguelMR1,EulerE,992,950,r1bq3r/ppp2kbp/2n2np1/8/2B5/4P3/PP1P1PPP/RNBQK2R b KQ - 0 9,f1c4
10,MiguelMR1,EulerE,992,950,r1bq3r/ppp1k1bp/2n2np1/8/2B5/4P3/PP1P1PPP/RNBQK2R w KQ - 1 10,f7e7
10,MiguelMR1,EulerE,992,950,r1bq3r/ppp1k1bp/2n2np1/8/2B5/4P3/PP1P1PPP/RNBQ1RK1 b - - 2 10,e1g1
10,MiguelMR1,EulerE,992,950,r2q3r/ppp1k1bp/2n1bnp1/8/2B5/4P3/PP1P1PPP/RNBQ1RK1 w - - 3 11,c8e6
10,MiguelMR1,EulerE,992,950,r2q3r/ppp1k1bp/2n1Bnp1/8/8/4P3/PP1P1PPP/RNBQ1RK1 b - - 0 11,c4e6
10,MiguelMR1,EulerE,992,950,r2q3r/ppp3bp/2n1knp1/8/8/4P3/PP1P1PPP/RNBQ1RK1 w - - 0 12,e7e6
10,MiguelMR1,EulerE,992,950,r2q3r/ppp3bp/2n1knp1/8/8/1Q2P3/PP1P1PPP/RNB2RK1 b - - 1 12,d1b3
10,MiguelMR1,EulerE,992,950,r2q3r/ppp1k1bp/2n2np1/8/8/1Q2P3/PP1P1PPP/RNB2RK1 w - - 2 13,e6e7
10,MiguelMR1,EulerE,992,950,r2q3r/pQp1k1bp/2n2np1/8/8/4P3/PP1P1PPP/RNB2RK1 b - - 0 13,b3b7
10,MiguelMR1,EulerE,992,950,1r1q3r/pQp1k1bp/2n2np1/8/8/4P3/PP1P1PPP/RNB2RK1 w - - 1 14,a8b8
10,MiguelMR1,EulerE,992,950,1r1q3r/p1p1k1bp/2Q2np1/8/8/4P3/PP1P1PPP/RNB2RK1 b - - 0 14,b7c6
10,MiguelMR1,EulerE,992,950,1r5r/p1p1k1bp/2Qq1np1/8/8/4P3/PP1P1PPP/RNB2RK1 w - - 1 15,d8d6
10,MiguelMR1,EulerE,992,950,1r5r/p1p1k1bp/3Q1np1/8/8/4P3/PP1P1PPP/RNB2RK1 b - - 0 15,c6d6
10,MiguelMR1,EulerE,992,950,1r5r/p3k1bp/3p1np1/8/8/4P3/PP1P1PPP/RNB2RK1 w - - 0 16,c7d6
10,MiguelMR1,EulerE,992,950,1r5r/p3k1bp/3p1np1/8/8/1P2P3/P2P1PPP/RNB2RK1 b - - 0 16,b2b3
10,MiguelMR1,EulerE,992,950,1rr5/p3k1bp/3p1np1/8/8/1P2P3/P2P1PPP/RNB2RK1 w - - 1 17,h8c8
10,MiguelMR1,EulerE,992,950,1rr5/p3k1bp/3p1np1/8/8/1P2P3/PB1P1PPP/RN3RK1 b - - 2 17,c1b2
10,MiguelMR1,EulerE,992,950,1rr2k2/p5bp/3p1np1/8/8/1P2P3/PB1P1PPP/RN3RK1 w - - 3 18,e7f8
10,MiguelMR1,EulerE,992,950,1rr2k2/p5bp/3p1np1/8/8/NP2P3/PB1P1PPP/R4RK1 b - - 4 18,b1a3
10,MiguelMR1,EulerE,992,950,1rr5/p3k1bp/3p1np1/8/8/NP2P3/PB1P1PPP/R4RK1 w - - 5 19,f8e7
10,MiguelMR1,EulerE,992,950,1rr5/p3k1bp/3p1np1/8/2N5/1P2P3/PB1P1PPP/R4RK1 b - - 6 19,a3c4
10,MiguelMR1,EulerE,992,950,1rr5/p3k1bp/5np1/3p4/2N5/1P2P3/PB1P1PPP/R4RK1 w - - 0 20,d6d5
10,MiguelMR1,EulerE,992,950,1rr5/p3k1bp/5np1/N2p4/8/1P2P3/PB1P1PPP/R4RK1 b - - 1 20,c4a5
10,MiguelMR1,EulerE,992,950,2r5/p3k1bp/5np1/Nr1p4/8/1P2P3/PB1P1PPP/R4RK1 w - - 2 21,b8b5
10,MiguelMR1,EulerE,992,950,2r5/p3k1bp/5np1/Nr1p4/1P6/4P3/PB1P1PPP/R4RK1 b - - 0 21,b3b4
10,MiguelMR1,EulerE,992,950,2r5/4k1bp/p4np1/Nr1p4/1P6/4P3/PB1P1PPP/R4RK1 w - - 0 22,a7a6
10,MiguelMR1,EulerE,992,950,2r5/4k1bp/p4np1/Nr1p4/1P6/2B1P3/P2P1PPP/R4RK1 b - - 1 22,b2c3
10,MiguelMR1,EulerE,992,950,2r5/5kbp/p4np1/Nr1p4/1P6/2B1P3/P2P1PPP/R4RK1 w - - 2 23,e7f7
10,MiguelMR1,EulerE,992,950,2r5/5kbp/p4np1/1r1p4/1P6/1NB1P3/P2P1PPP/R4RK1 b - - 3 23,a5b3
10,MiguelMR1,EulerE,992,950,2r5/5kbp/p5p1/1r1p4/1P2n3/1NB1P3/P2P1PPP/R4RK1 w - - 4 24,f6e4
10,MiguelMR1,EulerE,992,950,2r5/5kBp/p5p1/1r1p4/1P2n3/1N2P3/P2P1PPP/R4RK1 b - - 0 24,c3g7
10,MiguelMR1,EulerE,992,950,2r5/6kp/p5p1/1r1p4/1P2n3/1N2P3/P2P1PPP/R4RK1 w - - 0 25,f7g7
10,MiguelMR1,EulerE,992,950,2r5/6kp/p5p1/1r1p4/1P1Nn3/4P3/P2P1PPP/R4RK1 b - - 1 25,b3d4
10,MiguelMR1,EulerE,992,950,2r5/6kp/p5p1/3p4/1r1Nn3/4P3/P2P1PPP/R4RK1 w - - 0 26,b5b4
10,MiguelMR1,EulerE,992,950,2r5/6kp/p5p1/3p4/1r1Nn3/3PP3/P4PPP/R4RK1 b - - 0 26,d2d3
10,MiguelMR1,EulerE,992,950,2r5/6kp/p5p1/3p4/1r1N4/2nPP3/P4PPP/R4RK1 w - - 1 27,e4c3
10,MiguelMR1,EulerE,992,950,2r5/6kp/p3N1p1/3p4/1r6/2nPP3/P4PPP/R4RK1 b - - 2 27,d4e6
10,MiguelMR1,EulerE,992,950,2r5/5k1p/p3N1p1/3p4/1r6/2nPP3/P4PPP/R4RK1 w - - 3 28,g7f7
10,MiguelMR1,EulerE,992,950,2r5/5k1p/p5p1/3p4/1r1N4/2nPP3/P4PPP/R4RK1 b - - 4 28,e6d4
10,MiguelMR1,EulerE,992,950,2r5/5k1p/p5p1/1n1p4/1r1N4/3PP3/P4PPP/R4RK1 w - - 5 29,c3b5
10,MiguelMR1,EulerE,992,950,2r5/5k1p/p5p1/1n1p4/1r1N4/P2PP3/5PPP/R4RK1 b - - 0 29,a2a3
10,MiguelMR1,EulerE,992,950,2r5/5k1p/p5p1/1n1p4/r2N4/P2PP3/5PPP/R4RK1 w - - 1 30,b4a4
10,MiguelMR1,EulerE,992,950,2r5/5k1p/p5p1/1n1p4/r7/P2PPN2/5PPP/R4RK1 b - - 2 30,d4f3
10,MiguelMR1,EulerE,992,950,2r5/5k1p/p5p1/3p4/r7/P1nPPN2/5PPP/R4RK1 w - - 3 31,b5c3
10,MiguelMR1,EulerE,992,950,2r5/5k1p/p5p1/3p4/r2P4/P1n1PN2/5PPP/R4RK1 b - - 0 31,d3d4
10,MiguelMR1,EulerE,992,950,2r5/5k1p/p5p1/1n1p4/r2P4/P3PN2/5PPP/R4RK1 w - - 1 32,c3b5
10,MiguelMR1,EulerE,992,950,2r5/5k1p/p5p1/1n1pN3/r2P4/P3P3/5PPP/R4RK1 b - - 2 32,f3e5
10,MiguelMR1,EulerE,992,950,2r5/7p/p3k1p1/1n1pN3/r2P4/P3P3/5PPP/R4RK1 w - - 3 33,f7e6
10,MiguelMR1,EulerE,992,950,2r5/7p/p3k1p1/1n1pN3/r2P4/P3P1P1/5P1P/R4RK1 b - - 0 33,g2g3
10,MiguelMR1,EulerE,992,950,2r5/7p/p3k1p1/1n1pN3/3P4/r3P1P1/5P1P/R4RK1 w - - 0 34,a4a3
10,MiguelMR1,EulerE,992,950,2r5/7p/p3k1p1/1n1pN3/3P4/R3P1P1/5P1P/5RK1 b - - 0 34,a1a3
10,MiguelMR1,EulerE,992,950,2r5/7p/p3k1p1/3pN3/3P4/n3P1P1/5P1P/5RK1 w - - 0 35,b5a3
10,MiguelMR1,EulerE,992,950,2r5/7p/p3k1p1/3pN3/3P4/n3P1P1/5P1P/R5K1 b - - 1 35,f1a1
10,MiguelMR1,EulerE,992,950,2r5/7p/p3k1p1/3pN3/2nP4/4P1P1/5P1P/R5K1 w - - 2 36,a3c4
10,MiguelMR1,EulerE,992,950,2r5/7p/R3k1p1/3pN3/2nP4/4P1P1/5P1P/6K1 b - - 0 36,a1a6
10,MiguelMR1,EulerE,992,950,2r5/7p/R5p1/3pNk2/2nP4/4P1P1/5P1P/6K1 w - - 1 37,e6f5
10,MiguelMR1,EulerE,992,950,2r5/5N1p/R5p1/3p1k2/2nP4/4P1P1/5P1P/6K1 b - - 2 37,e5f7
10,MiguelMR1,EulerE,992,950,8/2r2N1p/R5p1/3p1k2/2nP4/4P1P1/5P1P/6K1 w - - 3 38,c8c7
10,MiguelMR1,EulerE,992,950,8/2r4p/R5p1/3pNk2/2nP4/4P1P1/5P1P/6K1 b - - 4 38,f7e5
10,MiguelMR1,EulerE,992,950,8/2r4p/R5p1/3pnk2/3P4/4P1P1/5P1P/6K1 w - - 0 39,c4e5
10,MiguelMR1,EulerE,992,950,8/2r4p/R5p1/3pPk2/8/4P1P1/5P1P/6K1 b - - 0 39,d4e5
10,MiguelMR1,EulerE,992,950,8/2r4p/R5p1/3pk3/8/4P1P1/5P1P/6K1 w - - 0 40,f5e5
10,MiguelMR1,EulerE,992,950,R7/2r4p/6p1/3pk3/8/4P1P1/5P1P/6K1 b - - 1 40,a6a8
10,MiguelMR1,EulerE,992,950,R7/2r4p/6p1/3p4/4k3/4P1P1/5P1P/6K1 w - - 2 41,e5e4
10,MiguelMR1,EulerE,992,950,4R3/2r4p/6p1/3p4/4k3/4P1P1/5P1P/6K1 b - - 3 41,a8e8
10,MiguelMR1,EulerE,992,950,4R3/2r4p/6p1/3p1k2/8/4P1P1/5P1P/6K1 w - - 4 42,e4f5
10,MiguelMR1,EulerE,992,950,4R3/2r4p/6p1/3p1k2/8/4P1P1/5PKP/8 b - - 5 42,g1g2
10,MiguelMR1,EulerE,992,950,4R3/2r4p/6p1/3p2k1/8/4P1P1/5PKP/8 w - - 6 43,f5g5
10,MiguelMR1,EulerE,992,950,5R2/2r4p/6p1/3p2k1/8/4P1P1/5PKP/8 b - - 7 43,e8f8
10,MiguelMR1,EulerE,992,950,5R2/2r4p/6pk/3p4/8/4P1P1/5PKP/8 w - - 8 44,g5h6
10,MiguelMR1,EulerE,992,950,8/2r4p/6pk/3p4/5R2/4P1P1/5PKP/8 b - - 9 44,f8f4
10,MiguelMR1,EulerE,992,950,8/2r3kp/6p1/3p4/5R2/4P1P1/5PKP/8 w - - 10 45,h6g7
10,MiguelMR1,EulerE,992,950,8/2r3kp/6p1/3p4/7R/4P1P1/5PKP/8 b - - 11 45,f4h4
10,MiguelMR1,EulerE,992,950,8/2r2k1p/6p1/3p4/7R/4P1P1/5PKP/8 w - - 12 46,g7f7
10,MiguelMR1,EulerE,992,950,8/2r2k1p/6p1/3p4/5R2/4P1P1/5PKP/8 b - - 13 46,h4f4
10,MiguelMR1,EulerE,992,950,6k1/2r4p/6p1/3p4/5R2/4P1P1/5PKP/8 w - - 14 47,f7g8
10,MiguelMR1,EulerE,992,950,6k1/2r4p/6p1/3p4/3R4/4P1P1/5PKP/8 b - - 15 47,f4d4
10,MiguelMR1,EulerE,992,950,8/2r3kp/6p1/3p4/3R4/4P1P1/5PKP/8 w - - 16 48,g8g7
10,MiguelMR1,EulerE,992,950,8/2r3kp/6p1/3R4/8/4P1P1/5PKP/8 b - - 0 48,d4d5
10,MiguelMR1,EulerE,992,950,8/2r4p/6pk/3R4/8/4P1P1/5PKP/8 w - - 1 49,g7h6
10,MiguelMR1,EulerE,992,950,8/2r4p/3R2pk/8/8/4P1P1/5PKP/8 b - - 2 49,d5d6
11,EulerE,MiguelMR1,943,999,rnbqkbnr/pppppppp/8/8/3P4/8/PPP1PPPP/RNBQKBNR b KQkq - 0 1,d2d4
11,EulerE,MiguelMR1,943,999,rnbqkbnr/pppp1ppp/4p3/8/3P4/8/PPP1PPPP/RNBQKBNR w KQkq - 0 2,e7e6
11,EulerE,MiguelMR1,943,999,rnbqkbnr/pppp1ppp/4p3/8/2PP4/8/PP2PPPP/RNBQKBNR b KQkq - 0 2,c2c4
11,EulerE,MiguelMR1,943,999,rnbqkb1r/pppp1ppp/4pn2/8/2PP4/8/PP2PPPP/RNBQKBNR w KQkq - 1 3,g8f6
11,EulerE,MiguelMR1,943,999,rnbqkb1r/pppp1ppp/4pn2/8/2PP4/2N5/PP2PPPP/R1BQKBNR b KQkq - 2 3,b1c3
11,EulerE,MiguelMR1,943,999,rnbqk2r/ppppbppp/4pn2/8/2PP4/2N5/PP2PPPP/R1BQKBNR w KQkq - 3 4,f8e7
11,EulerE,MiguelMR1,943,999,rnbqk2r/ppppbppp/4pn2/8/2PPP3/2N5/PP3PPP/R1BQKBNR b KQkq - 0 4,e2e4
11,EulerE,MiguelMR1,943,999,rnbq1rk1/ppppbppp/4pn2/8/2PPP3/2N5/PP3PPP/R1BQKBNR w KQ - 1 5,e8g8
11,EulerE,MiguelMR1,943,999,rnbq1rk1/ppppbppp/4pn2/4P3/2PP4/2N5/PP3PPP/R1BQKBNR b KQ - 0 5,e4e5
11,EulerE,MiguelMR1,943,999,rnbqnrk1/ppppbppp/4p3/4P3/2PP4/2N5/PP3PPP/R1BQKBNR w KQ - 1 6,f6e8
11,EulerE,MiguelMR1,943,999,rnbqnrk1/ppppbppp/4p3/4P3/2PP4/2N2N2/PP3PPP/R1BQKB1R b KQ - 2 6,g1f3
11,EulerE,MiguelMR1,943,999,rnbqnrk1/ppp1bppp/3pp3/4P3/2PP4/2N2N2/PP3PPP/R1BQKB1R w KQ - 0 7,d7d6
11,EulerE,MiguelMR1,943,999,rnbqnrk1/ppp1bppp/3pp3/4P3/2PP4/2N2N2/PP2BPPP/R1BQK2R b KQ - 1 7,f1e2
11,EulerE,MiguelMR1,943,999,rnbqnrk1/ppp1bppp/4p3/4p3/2PP4/2N2N2/PP2BPPP/R1BQK2R w KQ - 0 8,d6e5
11,EulerE,MiguelMR1,943,999,rnbqnrk1/ppp1bppp/4p3/4P3/2P5/2N2N2/PP2BPPP/R1BQK2R b KQ - 0 8,d4e5
11,EulerE,MiguelMR1,943,999,rnb1nrk1/ppp1bppp/4p3/4P3/2P5/2N2N2/PP2BPPP/R1BqK2R w KQ - 0 9,d8d1
11,EulerE,MiguelMR1,943,999,rnb1nrk1/ppp1bppp/4p3/4P3/2P5/2N2N2/PP3PPP/R1BBK2R b KQ - 0 9,e2d1
11,EulerE,MiguelMR1,943,999,rnb1nrk1/ppp2ppp/4p3/2b1P3/2P5/2N2N2/PP3PPP/R1BBK2R w KQ - 1 10,e7c5
11,EulerE,MiguelMR1,943,999,rnb1nrk1/ppp2ppp/4p3/2b1P3/2P5/2N2N2/PP3PPP/R1BB1RK1 b - - 2 10,e1g1
11,EulerE,MiguelMR1,943,999,rnb1nrk1/ppp3pp/4pp2/2b1P3/2P5/2N2N2/PP3PPP/R1BB1RK1 w - - 0 11,f7f6
11,EulerE,MiguelMR1,943,999,rnb1nrk1/ppp3pp/4pp2/2b1P3/B1P5/2N2N2/PP3PPP/R1B2RK1 b - - 1 11,d1a4
11,EulerE,MiguelMR1,943,999,rnb1nrk1/pp4pp/2p1pp2/2b1P3/B1P5/2N2N2/PP3PPP/R1B2RK1 w - - 0 12,c7c6
11,EulerE,MiguelMR1,943,999,rnb1nrk1/pp4pp/2p1pp2/2b1P3/B1P5/2N2N2/PP1B1PPP/R4RK1 b - - 1 12,c1d2
11,EulerE,MiguelMR1,943,999,rnb1nrk1/pp4pp/2p1p3/2b1p3/B1P5/2N2N2/PP1B1PPP/R4RK1 w - - 0 13,f6e5
11,EulerE,MiguelMR1,943,999,rnb1nrk1/pp4pp/2p1p3/2b1N3/B1P5/2N5/PP1B1PPP/R4RK1 b - - 0 13,f3e5
11,EulerE,MiguelMR1,943,999,rnb2rk1/pp4pp/2p1pn2/2b1N3/B1P5/2N5/PP1B1PPP/R4RK1 w - - 1 14,e8f6
11,EulerE,MiguelMR1,943,999,rnb2rk1/pp4pp/2p1pn2/2b5/B1P5/2N2N2/PP1B1PPP/R4RK1 b - - 2 14,e5f3
11,EulerE,MiguelMR1,943,999,r1b2rk1/pp1n2pp/2p1pn2/2b5/B1P5/2N2N2/PP1B1PPP/R4RK1 w - - 3 15,b8d7
11,EulerE,MiguelMR1,943,999,r1b2rk1/pp1n2pp/2p1pn2/2b5/B1P5/2N2N2/PP1B1PPP/R3R1K1 b - - 4 15,f1e1
11,EulerE,MiguelMR1,943,999,r1b2rk1/pp4pp/1np1pn2/2b5/B1P5/2N2N2/PP1B1PPP/R3R1K1 w - - 5 16,d7b6
11,EulerE,MiguelMR1,943,999,r1b2rk1/pp4pp/1np1pn2/2b5/2P5/1BN2N2/PP1B1PPP/R3R1K1 b - - 6 16,a4b3
11,EulerE,MiguelMR1,943,999,r1b2rk1/pp1n2pp/2p1pn2/2b5/2P5/1BN2N2/PP1B1PPP/R3R1K1 w - - 7 17,b6d7
11,EulerE,MiguelMR1,943,999,r1b2rk1/pp1n2pp/2p1pn2/2b5/2P5/1BN1BN2/PP3PPP/R3R1K1 b - - 8 17,d2e3
11,EulerE,MiguelMR1,943,999,r1b2rk1/pp1n2pp/2p1pn2/8/2P5/1BN1bN2/PP3PPP/R3R1K1 w - - 0 18,c5e3
11,EulerE,MiguelMR1,943,999,r1b2rk1/pp1n2pp/2p1pn2/8/2P5/1BN1RN2/PP3PPP/R5K1 b - - 0 18,e1e3
11,EulerE,MiguelMR1,943,999,r1b2rk1/pp1n2pp/2p1p3/8/2P3n1/1BN1RN2/PP3PPP/R5K1 w - - 1 19,f6g4
11,EulerE,MiguelMR1,943,999,r1b2rk1/pp1n2pp/2p1p3/8/2P3n1/1BN2N2/PP3PPP/R3R1K1 b - - 2 19,e3e1
11,EulerE,MiguelMR1,943,999,r1b2rk1/pp4pp/2p1p3/2n5/2P3n1/1BN2N2/PP3PPP/R3R1K1 w - - 3 20,d7c5
11,EulerE,MiguelMR1,943,999,r1b2rk1/pp4pp/2p1p3/2n5/2P3n1/1BN2N2/PP3PPP/3RR1K1 b - - 4 20,a1d1
11,EulerE,MiguelMR1,943,999,r1b2rk1/pp4pp/2p1p3/8/2P3n1/1nN2N2/PP3PPP/3RR1K1 w - - 0 21,c5b3
11,EulerE,MiguelMR1,943,999,r1b2rk1/pp4pp/2p1p3/8/2P3n1/1PN2N2/1P3PPP/3RR1K1 b - - 0 21,a2b3
11,EulerE,MiguelMR1,943,999,r1b2rk1/p5pp/2p1p3/1p6/2P3n1/1PN2N2/1P3PPP/3RR1K1 w - - 0 22,b7b5
11,EulerE,MiguelMR1,943,999,r1b2rk1/p5pp/2p1p3/1pP5/6n1/1PN2N2/1P3PPP/3RR1K1 b - - 0 22,c4c5
11,EulerE,MiguelMR1,943,999,r4rk1/p5pp/b1p1p3/1pP5/6n1/1PN2N2/1P3PPP/3RR1K1 w - - 1 23,c8a6
11,EulerE,MiguelMR1,943,999,r4rk1/p5pp/b1p1p3/1pP5/1P4n1/2N2N2/1P3PPP/3RR1K1 b - - 0 23,b3b4
11,EulerE,MiguelMR1,943,999,r1b2rk1/p5pp/2p1p3/1pP5/1P4n1/2N2N2/1P3PPP/3RR1K1 w - - 1 24,a6c8
11,EulerE,MiguelMR1,943,999,r1b2rk1/p5pp/2p1p3/1pP5/1P2N1n1/5N2/1P3PPP/3RR1K1 b - - 2 24,c3e4
11,EulerE,MiguelMR1,943,999,r1b2rk1/p5pp/2p5/1pP1p3/1P2N1n1/5N2/1P3PPP/3RR1K1 w - - 0 25,e6e5
11,EulerE,MiguelMR1,943,999,r1b2rk1/p5pp/2pN4/1pP1p3/1P4n1/5N2/1P3PPP/3RR1K1 b - - 1 25,e4d6
11,EulerE,MiguelMR1,943,999,r4rk1/p5pp/2pNb3/1pP1p3/1P4n1/5N2/1P3PPP/3RR1K1 w - - 2 26,c8e6
11,EulerE,MiguelMR1,943,999,r4rk1/p5pp/2pNb3/1pP1N3/1P4n1/8/1P3PPP/3RR1K1 b - - 0 26,f3e5
11,EulerE,MiguelMR1,943,999,r4rk1/p5pp/2pNb3/1pP1n3/1P6/8/1P3PPP/3RR1K1 w - - 0 27,g4e5
11,EulerE,MiguelMR1,943,999,r4rk1/p5pp/2pNb3/1pP1R3/1P6/8/1P3PPP/3R2K1 b - - 0 27,e1e5
11,EulerE,MiguelMR1,943,999,r4rk1/p5pp/2pN4/1pP1R3/1P6/1b6/1P3PPP/3R2K1 w - - 1 28,e6b3
11,EulerE,MiguelMR1,943,999,r4rk1/p5pp/2pN4/1pP1R3/1P6/1b6/1P3PPP/4R1K1 b - - 2 28,d1e1
11,EulerE,MiguelMR1,943,999,r4rk1/p5p1/2pN3p/1pP1R3/1P6/1b6/1P3PPP/4R1K1 w - - 0 29,h7h6
11,EulerE,MiguelMR1,943,999,r4rk1/p5p1/2p4p/1pP1RN2/1P6/1b6/1P3PPP/4R1K1 b - - 1 29,d6f5
11,EulerE,MiguelMR1,943,999,r4rk1/p5p1/2p4p/1pP1RN2/1P6/8/1Pb2PPP/4R1K1 w - - 2 30,b3c2
11,EulerE,MiguelMR1,943,999,r4rk1/p5p1/2p4p/1pP1R3/1P6/4N3/1Pb2PPP/4R1K1 b - - 3 30,f5e3
11,EulerE,MiguelMR1,943,999,r4rk1/p5p1/2p4p/1pP1R3/1P6/1b2N3/1P3PPP/4R1K1 w - - 4 31,c2b3
11,EulerE,MiguelMR1,943,999,r4rk1/p3R1p1/2p4p/1pP5/1P6/1b2N3/1P3PPP/4R1K1 b - - 5 31,e5e7
11,EulerE,MiguelMR1,943,999,r4rk1/4R1p1/2p4p/ppP5/1P6/1b2N3/1P3PPP/4R1K1 w - - 0 32,a7a5
11,EulerE,MiguelMR1,943,999,r4rk1/2R3p1/2p4p/ppP5/1P6/1b2N3/1P3PPP/4R1K1 b - - 1 32,e7c7
11,EulerE,MiguelMR1,943,999,r5k1/2R2rp1/2p4p/ppP5/1P6/1b2N3/1P3PPP/4R1K1 w - - 2 33,f8f7
11,EulerE,MiguelMR1,943,999,r5k1/5Rp1/2p4p/ppP5/1P6/1b2N3/1P3PPP/4R1K1 b - - 0 33,c7f7
11,EulerE,MiguelMR1,943,999,r5k1/5bp1/2p4p/ppP5/1P6/4N3/1P3PPP/4R1K1 w - - 0 34,b3f7
11,EulerE,MiguelMR1,943,999,r5k1/5bp1/2p4p/PpP5/8/4N3/1P3PPP/4R1K1 b - - 0 34,b4a5
11,EulerE,MiguelMR1,943,999,6k1/5bp1/2p4p/rpP5/8/4N3/1P3PPP/4R1K1 w - - 0 35,a8a5
11,EulerE,MiguelMR1,943,999,6k1/5bp1/2p4p/rpP5/1P6/4N3/5PPP/4R1K1 b - - 0 35,b2b4
11,EulerE,MiguelMR1,943,999,6k1/5bp1/2p4p/1pP5/1P6/4N3/r4PPP/4R1K1 w - - 1 36,a5a2
11,EulerE,MiguelMR1,943,999,6k1/5bp1/2p4p/1pP5/1P6/8/r4PPP/3NR1K1 b - - 2 36,e3d1
11,EulerE,MiguelMR1,943,999,6k1/6p1/2p4p/1pP5/1Pb5/8/r4PPP/3NR1K1 w - - 3 37,f7c4
11,EulerE,MiguelMR1,943,999,6k1/6p1/2p4p/1pP5/1Pb5/2N5/r4PPP/4R1K1 b - - 4 37,d1c3
11,EulerE,MiguelMR1,943,999,6k1/6p1/2p4p/1pP5/1Pb5/2N5/2r2PPP/4R1K1 w - - 5 38,a2c2
11,EulerE,MiguelMR1,943,999,6k1/6p1/2p4p/1pP5/1Pb5/8/2r2PPP/1N2R1K1 b - - 6 38,c3b1
11,EulerE,MiguelMR1,943,999,6k1/6p1/2p4p/1pP5/1Pb5/8/1r3PPP/1N2R1K1 w - - 7 39,c2b2
12,EulerE,Fezziwig17,934,927,rnbqkbnr/pppppppp/8/8/3P4/8/PPP1PPPP/RNBQKBNR b KQkq - 0 1,d2d4
12,EulerE,Fezziwig17,934,927,rnbqkbnr/pp1ppppp/8/2p5/3P4/8/PPP1PPPP/RNBQKBNR w KQkq - 0 2,c7c5
12,EulerE,Fezziwig17,934,927,rnbqkbnr/pp1ppppp/8/2p5/2PP4/8/PP2PPPP/RNBQKBNR b KQkq - 0 2,c2c4
12,EulerE,Fezziwig17,934,927,rnbqkbnr/pp1ppppp/8/8/2Pp4/8/PP2PPPP/RNBQKBNR w KQkq - 0 3,c5d4
12,EulerE,Fezziwig17,934,927,rnbqkbnr/pp1ppppp/8/8/2Pp4/5N2/PP2PPPP/RNBQKB1R b KQkq - 1 3,g1f3
12,EulerE,Fezziwig17,934,927,rnbqkb1r/pp1ppppp/5n2/8/2Pp4/5N2/PP2PPPP/RNBQKB1R w KQkq - 2 4,g8f6
12,EulerE,Fezziwig17,934,927,rnbqkb1r/pp1ppppp/5n2/8/2PQ4/5N2/PP2PPPP/RNB1KB1R b KQkq - 0 4,d1d4
12,EulerE,Fezziwig17,934,927,rnb1kb1r/ppqppppp/5n2/8/2PQ4/5N2/PP2PPPP/RNB1KB1R w KQkq - 1 5,d8c7
12,EulerE,Fezziwig17,934,927,rnb1kb1r/ppqppppp/5n2/8/2PQ4/2N2N2/PP2PPPP/R1B1KB1R b KQkq - 2 5,b1c3
12,EulerE,Fezziwig17,934,927,rnb1kb1r/ppq1pppp/3p1n2/8/2PQ4/2N2N2/PP2PPPP/R1B1KB1R w KQkq - 0 6,d7d6
12,EulerE,Fezziwig17,934,927,rnb1kb1r/ppq1pppp/3p1n2/8/2PQ4/2N1PN2/PP3PPP/R1B1KB1R b KQkq - 0 6,e2e3
12,EulerE,Fezziwig17,934,927,rnb1kb1r/ppq2ppp/3p1n2/4p3/2PQ4/2N1PN2/PP3PPP/R1B1KB1R w KQkq - 0 7,e7e5
12,EulerE,Fezziwig17,934,927,rnb1kb1r/ppq2ppp/3p1n2/4p3/2P5/2NQPN2/PP3PPP/R1B1KB1R b KQkq - 1 7,d4d3
12,EulerE,Fezziwig17,934,927,rnb1k2r/ppq1bppp/3p1n2/4p3/2P5/2NQPN2/PP3PPP/R1B1KB1R w KQkq - 2 8,f8e7
12,EulerE,Fezziwig17,934,927,rnb1k2r/ppq1bppp/3p1n2/4p3/2P1P3/2NQ1N2/PP3PPP/R1B1KB1R b KQkq - 0 8,e3e4
12,EulerE,Fezziwig17,934,927,rn2k2r/ppq1bppp/3pbn2/4p3/2P1P3/2NQ1N2/PP3PPP/R1B1KB1R w KQkq - 1 9,c8e6
12,EulerE,Fezziwig17,934,927,rn2k2r/ppq1bppp/3pbn2/4p3/2P1P3/2NQ1N2/PP2BPPP/R1B1K2R b KQkq - 2 9,f1e2
12,EulerE,Fezziwig17,934,927,rn2k2r/1pq1bppp/p2pbn2/4p3/2P1P3/2NQ1N2/PP2BPPP/R1B1K2R w KQkq - 0 10,a7a6
12,EulerE,Fezziwig17,934,927,rn2k2r/1pq1bppp/p2pbn2/4p3/2P1P3/2NQ1N2/PP2BPPP/R1B2RK1 b kq - 1 10,e1g1
12,EulerE,Fezziwig17,934,927,rn2k2r/2q1bppp/p2pbn2/1p2p3/2P1P3/2NQ1N2/PP2BPPP/R1B2RK1 w kq - 0 11,b7b5
12,EulerE,Fezziwig17,934,927,rn2k2r/2q1bppp/p2pbn2/1p2p3/2P1P3/1PNQ1N2/P3BPPP/R1B2RK1 b kq - 0 11,b2b3
12,EulerE,Fezziwig17,934,927,rn2k2r/2q1bppp/p2pbn2/4p3/2p1P3/1PNQ1N2/P3BPPP/R1B2RK1 w kq - 0 12,b5c4
12,EulerE,Fezziwig17,934,927,rn2k2r/2q1bppp/p2pbn2/4p3/2P1P3/2NQ1N2/P3BPPP/R1B2RK1 b kq - 0 12,b3c4
12,EulerE,Fezziwig17,934,927,r3k2r/2q1bppp/p1npbn2/4p3/2P1P3/2NQ1N2/P3BPPP/R1B2RK1 w kq - 1 13,b8c6
12,EulerE,Fezziwig17,934,927,r3k2r/2q1bppp/p1npbn2/4p3/2P1P3/2NQ1N2/P3BPPP/1RB2RK1 b kq - 2 13,a1b1
12,EulerE,Fezziwig17,934,927,r3k2r/2q1bpp1/p1npbn1p/4p3/2P1P3/2NQ1N2/P3BPPP/1RB2RK1 w kq - 0 14,h7h6
12,EulerE,Fezziwig17,934,927,r3k2r/2q1bpp1/p1npbn1p/3Np3/2P1P3/3Q1N2/P3BPPP/1RB2RK1 b kq - 1 14,c3d5
12,EulerE,Fezziwig17,934,927,r4rk1/2q1bpp1/p1npbn1p/3Np3/2P1P3/3Q1N2/P3BPPP/1RB2RK1 w - - 2 15,e8g8
12,EulerE,Fezziwig17,934,927,r4rk1/2q1bpp1/p1npbn1p/3Np3/2P1P3/3Q1N2/PB2BPPP/1R3RK1 b - - 3 15,c1b2
12,EulerE,Fezziwig17,934,927,r4rk1/2q1bpp1/p1np1n1p/3bp3/2P1P3/3Q1N2/PB2BPPP/1R3RK1 w - - 0 16,e6d5
12,EulerE,Fezziwig17,934,927,r4rk1/2q1bpp1/p1np1n1p/3Pp3/4P3/3Q1N2/PB2BPPP/1R3RK1 b - - 0 16,c4d5
12,EulerE,Fezziwig17,934,927,r2n1rk1/2q1bpp1/p2p1n1p/3Pp3/4P3/3Q1N2/PB2BPPP/1R3RK1 w - - 1 17,c6d8
12,EulerE,Fezziwig17,934,927,r2n1rk1/2q1bpp1/p2p1n1p/3Pp3/4P3/3Q1N2/PB2BPPP/1RR3K1 b - - 2 17,f1c1
12,EulerE,Fezziwig17,934,927,r2n1rk1/3qbpp1/p2p1n1p/3Pp3/4P3/3Q1N2/PB2BPPP/1RR3K1 w - - 3 18,c7d7
12,EulerE,Fezziwig17,934,927,r2n1rk1/3qbpp1/p2p1n1p/3Pp3/4P3/B2Q1N2/P3BPPP/1RR3K1 b - - 4 18,b2a3
12,EulerE,Fezziwig17,934,927,r2n1rk1/3qbp2/p2p1npp/3Pp3/4P3/B2Q1N2/P3BPPP/1RR3K1 w - - 0 19,g7g6
12,EulerE,Fezziwig17,934,927,r2n1rk1/3qbp2/p2p1npp/3Pp3/2R1P3/B2Q1N2/P3BPPP/1R4K1 b - - 1 19,c1c4
12,EulerE,Fezziwig17,934,927,r2n1rk1/3qbp1n/p2p2pp/3Pp3/2R1P3/B2Q1N2/P3BPPP/1R4K1 w - - 2 20,f6h7
12,EulerE,Fezziwig17,934,927,r2n1rk1/3qbp1n/p2p2pp/3Pp3/2R1P3/B2Q1N2/P4PPP/1R1B2K1 b - - 3 20,e2d1
12,EulerE,Fezziwig17,934,927,r2n1rk1/3qb2n/p2p1ppp/3Pp3/2R1P3/B2Q1N2/P4PPP/1R1B2K1 w - - 0 21,f7f6
12,EulerE,Fezziwig17,934,927,r2n1rk1/3qb2n/p2p1ppp/3Pp3/B1R1P3/B2Q1N2/P4PPP/1R4K1 b - - 1 21,d1a4
12,EulerE,Fezziwig17,934,927,r2n1rk1/q3b2n/p2p1ppp/3Pp3/B1R1P3/B2Q1N2/P4PPP/1R4K1 w - - 2 22,d7a7
12,EulerE,Fezziwig17,934,927,r2n1rk1/q3b2n/p1Bp1ppp/3Pp3/2R1P3/B2Q1N2/P4PPP/1R4K1 b - - 3 22,a4c6
12,EulerE,Fezziwig17,934,927,2rn1rk1/q3b2n/p1Bp1ppp/3Pp3/2R1P3/B2Q1N2/P4PPP/1R4K1 w - - 4 23,a8c8
12,EulerE,Fezziwig17,934,927,2rn1rk1/q3b2n/p2p1ppp/3Pp3/B1R1P3/B2Q1N2/P4PPP/1R4K1 b - - 5 23,c6a4
12,EulerE,Fezziwig17,934,927,2r2rk1/q3bn1n/p2p1ppp/3Pp3/B1R1P3/B2Q1N2/P4PPP/1R4K1 w - - 6 24,d8f7
12,EulerE,Fezziwig17,934,927,2R2rk1/q3bn1n/p2p1ppp/3Pp3/B3P3/B2Q1N2/P4PPP/1R4K1 b - - 0 24,c4c8
12,EulerE,Fezziwig17,934,927,2r3k1/q3bn1n/p2p1ppp/3Pp3/B3P3/B2Q1N2/P4PPP/1R4K1 w - - 0 25,f8c8
12,EulerE,Fezziwig17,934,927,2r3k1/q3bn1n/p2p1ppp/3Pp3/B3P3/B2Q1N2/P4PPP/2R3K1 b - - 1 25,b1c1
12,EulerE,Fezziwig17,934,927,6k1/q3bn1n/p2p1ppp/3Pp3/B3P3/B2Q1N2/P4PPP/2r3K1 w - - 0 26,c8c1
12,EulerE,Fezziwig17,934,927,6k1/q3bn1n/p2p1ppp/3Pp3/B3P3/3Q1N2/P4PPP/2B3K1 b - - 0 26,a3c1
12,EulerE,Fezziwig17,934,927,6k1/2q1bn1n/p2p1ppp/3Pp3/B3P3/3Q1N2/P4PPP/2B3K1 w - - 1 27,a7c7
12,EulerE,Fezziwig17,934,927,6k1/2q1bn1n/p2p1ppp/3Pp3/B3P3/B2Q1N2/P4PPP/6K1 b - - 2 27,c1a3
12,EulerE,Fezziwig17,934,927,6k1/3qbn1n/p2p1ppp/3Pp3/B3P3/B2Q1N2/P4PPP/6K1 w - - 3 28,c7d7
12,EulerE,Fezziwig17,934,927,6k1/3Bbn1n/p2p1ppp/3Pp3/4P3/B2Q1N2/P4PPP/6K1 b - - 0 28,a4d7
12,EulerE,Fezziwig17,934,927,8/3Bbnkn/p2p1ppp/3Pp3/4P3/B2Q1N2/P4PPP/6K1 w - - 1 29,g8g7
12,EulerE,Fezziwig17,934,927,8/4bnkn/p2pBppp/3Pp3/4P3/B2Q1N2/P4PPP/6K1 b - - 2 29,d7e6
12,EulerE,Fezziwig17,934,927,8/4bnkn/p2pBp1p/3Pp1p1/4P3/B2Q1N2/P4PPP/6K1 w - - 0 30,g6g5
12,EulerE,Fezziwig17,934,927,8/4bnkn/Q2pBp1p/3Pp1p1/4P3/B4N2/P4PPP/6K1 b - - 0 30,d3a6
12,EulerE,Fezziwig17,934,927,8/4bnkn/Q2pBp2/3Pp1pp/4P3/B4N2/P4PPP/6K1 w - - 0 31,h6h5
12,EulerE,Fezziwig17,934,927,8/4bnkn/Q2BBp2/3Pp1pp/4P3/5N2/P4PPP/6K1 b - - 0 31,a3d6
12,EulerE,Fezziwig17,934,927,8/4bnkn/Q2BBp2/3Pp1p1/4P2p/5N2/P4PPP/6K1 w - - 0 32,h5h4
12,EulerE,Fezziwig17,934,927,8/4Bnkn/Q3Bp2/3Pp1p1/4P2p/5N2/P4PPP/6K1 b - - 0 32,d6e7
12,EulerE,Fezziwig17,934,927,8/4Bnkn/Q3Bp2/3Pp1p1/4P3/5N1p/P4PPP/6K1 w - - 0 33,h4h3
12,EulerE,Fezziwig17,934,927,8/4BBkn/Q4p2/3Pp1p1/4P3/5N1p/P4PPP/6K1 b - - 0 33,e6f7
12,EulerE,Fezziwig17,934,927,8/4BBkn/Q4p2/3Pp3/4P1p1/5N1p/P4PPP/6K1 w - - 0 34,g5g4
12,EulerE,Fezziwig17,934,927,8/4BBkn/Q4p2/3Pp3/4P1pN/7p/P4PPP/6K1 b - - 1 34,f3h4
12,EulerE,Fezziwig17,934,927,8/4Bk1n/Q4p2/3Pp3/4P1pN/7p/P4PPP/6K1 w - - 0 35,g7f7
12,EulerE,Fezziwig17,934,927,8/4Bk1n/Q4p2/3PpN2/4P1p1/7p/P4PPP/6K1 b - - 1 35,h4f5
12,EulerE,Fezziwig17,934,927,8/4Bk1n/Q4p2/3PpN2/4P3/6pp/P4PPP/6K1 w - - 0 36,g4g3
13,slickoneboe,EulerE,940,926,rnbqkbnr/pppppppp/8/8/4P3/8/PPPP1PPP/RNBQKBNR b KQkq - 0 1,e2e4
13,slickoneboe,EulerE,940,926,rnbqkbnr/pppp1ppp/8/4p3/4P3/8/PPPP1PPP/RNBQKBNR w KQkq - 0 2,e7e5
13,slickoneboe,EulerE,940,926,rnbqkbnr/pppp1ppp/8/4p3/3PP3/8/PPP2PPP/RNBQKBNR b KQkq - 0 2,d2d4
13,slickoneboe,EulerE,940,926,rnbqkbnr/pppp1ppp/8/8/3pP3/8/PPP2PPP/RNBQKBNR w KQkq - 0 3,e5d4
13,slickoneboe,EulerE,940,926,rnbqkbnr/pppp1ppp/8/8/3QP3/8/PPP2PPP/RNB1KBNR b KQkq - 0 3,d1d4
13,slickoneboe,EulerE,940,926,r1bqkbnr/pppp1ppp/2n5/8/3QP3/8/PPP2PPP/RNB1KBNR w KQkq - 1 4,b8c6
13,slickoneboe,EulerE,940,926,r1bqkbnr/pppp1ppp/2n5/8/4P3/8/PPP2PPP/RNBQKBNR b KQkq - 2 4,d4d1
13,slickoneboe,EulerE,940,926,r1bqkb1r/pppp1ppp/2n2n2/8/4P3/8/PPP2PPP/RNBQKBNR w KQkq - 3 5,g8f6
13,slickoneboe,EulerE,940,926,r1bqkb1r/pppp1ppp/2n2n2/6B1/4P3/8/PPP2PPP/RN1QKBNR b KQkq - 4 5,c1g5
13,slickoneboe,EulerE,940,926,r1bqk2r/ppppbppp/2n2n2/6B1/4P3/8/PPP2PPP/RN1QKBNR w KQkq - 5 6,f8e7
13,slickoneboe,EulerE,940,926,r1bqk2r/ppppbppp/2n2B2/8/4P3/8/PPP2PPP/RN1QKBNR b KQkq - 0 6,g5f6
13,slickoneboe,EulerE,940,926,r1bqk2r/pppp1ppp/2n2b2/8/4P3/8/PPP2PPP/RN1QKBNR w KQkq - 0 7,e7f6
13,slickoneboe,EulerE,940,926,r1bqk2r/pppp1ppp/2n2b2/8/4P3/2P5/PP3PPP/RN1QKBNR b KQkq - 0 7,c2c3
13,slickoneboe,EulerE,940,926,r1bq1rk1/pppp1ppp/2n2b2/8/4P3/2P5/PP3PPP/RN1QKBNR w KQ - 1 8,e8g8
13,slickoneboe,EulerE,940,926,r1bq1rk1/pppp1ppp/2n2b2/1B6/4P3/2P5/PP3PPP/RN1QK1NR b KQ - 2 8,f1b5
13,slickoneboe,EulerE,940,926,r1bq1rk1/1ppp1ppp/p1n2b2/1B6/4P3/2P5/PP3PPP/RN1QK1NR w KQ - 0 9,a7a6
13,slickoneboe,EulerE,940,926,r1bq1rk1/1ppp1ppp/p1B2b2/8/4P3/2P5/PP3PPP/RN1QK1NR b KQ - 0 9,b5c6
13,slickoneboe,EulerE,940,926,r1bq1rk1/2pp1ppp/p1p2b2/8/4P3/2P5/PP3PPP/RN1QK1NR w KQ - 0 10,b7c6
13,slickoneboe,EulerE,940,926,r1bq1rk1/2pp1ppp/p1p2b2/8/4P3/2P4P/PP3PP1/RN1QK1NR b KQ - 0 10,h2h3
13,slickoneboe,EulerE,940,926,r2q1rk1/1bpp1ppp/p1p2b2/8/4P3/2P4P/PP3PP1/RN1QK1NR w KQ - 1 11,c8b7
13,slickoneboe,EulerE,940,926,r2q1rk1/1bpp1ppp/p1p2b2/8/4P3/P1P4P/1P3PP1/RN1QK1NR b KQ - 0 11,a2a3
13,slickoneboe,EulerE,940,926,r2q1rk1/1bp2ppp/p1p2b2/3p4/4P3/P1P4P/1P3PP1/RN1QK1NR w KQ - 0 12,d7d5
13,slickoneboe,EulerE,940,926,r2q1rk1/1bp2ppp/p1p2b2/3p4/4P3/P1P2P1P/1P4P1/RN1QK1NR b KQ - 0 12,f2f3
13,slickoneboe,EulerE,940,926,r2q1rk1/1bp2ppp/p1p2b2/8/4p3/P1P2P1P/1P4P1/RN1QK1NR w KQ - 0 13,d5e4
13,slickoneboe,EulerE,940,926,r2q1rk1/1bp2ppp/p1p2b2/8/4P3/P1P4P/1P4P1/RN1QK1NR b KQ - 0 13,f3e4
13,slickoneboe,EulerE,940,926,r4rk1/1bp2ppp/p1p2b2/8/4P3/P1P4P/1P4P1/RN1qK1NR w KQ - 0 14,d8d1
13,slickoneboe,EulerE,940,926,r4rk1/1bp2ppp/p1p2b2/8/4P3/P1P4P/1P4P1/RN1K2NR b - - 0 14,e1d1
13,slickoneboe,EulerE,940,926,3r1rk1/1bp2ppp/p1p2b2/8/4P3/P1P4P/1P4P1/RN1K2NR w - - 1 15,a8d8
13,slickoneboe,EulerE,940,926,3r1rk1/1bp2ppp/p1p2b2/8/4P3/P1P4P/1P1N2P1/R2K2NR b - - 2 15,b1d2
13,slickoneboe,EulerE,940,926,3rr1k1/1bp2ppp/p1p2b2/8/4P3/P1P4P/1P1N2P1/R2K2NR w - - 3 16,f8e8
13,slickoneboe,EulerE,940,926,3rr1k1/1bp2ppp/p1p2b2/8/4P3/P1P4P/1P1NN1P1/R2K3R b - - 4 16,g1e2
13,slickoneboe,EulerE,940,926,3rr1k1/1bp2ppp/p1p5/6b1/4P3/P1P4P/1P1NN1P1/R2K3R w - - 5 17,f6g5
13,slickoneboe,EulerE,940,926,3rr1k1/1bp2ppp/p1p5/6b1/4P2P/P1P5/1P1NN1P1/R2K3R b - - 0 17,h3h4
13,slickoneboe,EulerE,940,926,3rr1k1/1bp2ppp/p1p5/8/4P2P/P1P5/1P1bN1P1/R2K3R w - - 0 18,g5d2
13,slickoneboe,EulerE,940,926,3rr1k1/1bp2ppp/p1p5/7P/4P3/P1P5/1P1bN1P1/R2K3R b - - 0 18,h4h5
13,slickoneboe,EulerE,940,926,3r2k1/1bp2ppp/p1p5/7P/4r3/P1P5/1P1bN1P1/R2K3R w - - 0 19,e8e4
13,slickoneboe,EulerE,940,926,3r2k1/1bp2ppp/p1p5/7P/4r3/P1P5/1PKbN1P1/R6R b - - 1 19,d1c2
13,slickoneboe,EulerE,940,926,3r2k1/1bp2ppp/p1p5/7P/4rb2/P1P5/1PK1N1P1/R6R w - - 2 20,d2f4
13,slickoneboe,EulerE,940,926,3r2k1/1bp2ppp/p1p5/7P/3Nrb2/P1P5/1PK3P1/R6R b - - 3 20,e2d4
13,slickoneboe,EulerE,940,926,6k1/1bp2ppp/p1p5/7P/3rrb2/P1P5/1PK3P1/R6R w - - 0 21,d8d4
13,slickoneboe,EulerE,940,926,6k1/1bp2ppp/p1p5/7P/3Prb2/P7/1PK3P1/R6R b - - 0 21,c3d4
13,slickoneboe,EulerE,940,926,6k1/1bp2ppp/p1p5/7P/3r1b2/P7/1PK3P1/R6R w - - 0 22,e4d4
13,slickoneboe,EulerE,940,926,6k1/1bp2ppp/p1p5/7P/3r1b2/P1K5/1P4P1/R6R b - - 1 22,c2c3
13,slickoneboe,EulerE,940,926,6k1/1bp2ppp/p1p5/4b2P/3r4/P1K5/1P4P1/R6R w - - 2 23,f4e5
13,slickoneboe,EulerE,940,926,6k1/1bp2ppp/p1p5/4b2P/3r4/PK6/1P4P1/R6R b - - 3 23,c3b3
13,slickoneboe,EulerE,940,926,6k1/1bp2ppp/p1p5/3rb2P/8/PK6/1P4P1/R6R w - - 4 24,d4d5
13,slickoneboe,EulerE,940,926,6k1/1bp2ppp/p1p5/3rb2P/2K5/P7/1P4P1/R6R b - - 5 24,b3c4
13,slickoneboe,EulerE,940,926,6k1/1bp2ppp/p1p5/1r2b2P/2K5/P7/1P4P1/R6R w - - 6 25,d5b5
13,slickoneboe,EulerE,940,926,6k1/1bp2ppp/p1p4P/1r2b3/2K5/P7/1P4P1/R6R b - - 0 25,h5h6
13,slickoneboe,EulerE,940,926,6k1/1bp2p1p/p1p3pP/1r2b3/2K5/P7/1P4P1/R6R w - - 0 26,g7g6
13,slickoneboe,EulerE,940,926,6k1/1bp2p1p/p1p3pP/1r2b3/2K3P1/P7/1P6/R6R b - - 0 26,g2g4
13,slickoneboe,EulerE,940,926,6k1/1bp2p1p/p1p3pP/1r6/2K2bP1/P7/1P6/R6R w - - 1 27,e5f4
13,slickoneboe,EulerE,940,926,6k1/1bp2p1p/p1p3pP/1r6/2K2bP1/P7/1P6/5R1R b - - 2 27,a1f1
13,slickoneboe,EulerE,940,926,6k1/1bp2p1p/p1p3pP/1r4b1/2K3P1/P7/1P6/5R1R w - - 3 28,f4g5
13,slickoneboe,EulerE,940,926,6k1/1bp2p1p/p1p3pP/1r4b1/2K3P1/P4R2/1P6/7R b - - 4 28,f1f3
13,slickoneboe,EulerE,940,926,6k1/1bp2p1p/p1p3pP/3r2b1/2K3P1/P4R2/1P6/7R w - - 5 29,b5d5
13,slickoneboe,EulerE,940,926,6k1/1bp2p1p/p1p3pP/3r2b1/2K3P1/P4R2/1P6/5R2 b - - 6 29,h1f1
13,slickoneboe,EulerE,940,926,6k1/1bp2p1p/2p3pP/p2r2b1/2K3P1/P4R2/1P6/5R2 w - - 0 30,a6a5
13,slickoneboe,EulerE,940,926,6k1/1bp2R1p/2p3pP/p2r2b1/2K3P1/P7/1P6/5R2 b - - 0 30,f3f7
13,slickoneboe,EulerE,940,926,6k1/2p2R1p/b1p3pP/p2r2b1/2K3P1/P7/1P6/5R2 w - - 1 31,b7a6
13,slickoneboe,EulerE,940,926,6k1/2p2R1p/b1p3pP/p2r2b1/6P1/P1K5/1P6/5R2 b - - 2 31,c4c3
13,slickoneboe,EulerE,940,926,6k1/2p2R1p/b1p3pP/p2r4/6P1/P1K5/1P1b4/5R2 w - - 3 32,g5d2
13,slickoneboe,EulerE,940,926,6k1/2p2R1p/b1p3pP/p2r4/6P1/PK6/1P1b4/5R2 b - - 4 32,c3b3
13,slickoneboe,EulerE,940,926,6k1/2p2R1p/b1p3pP/pr6/6P1/PK6/1P1b4/5R2 w - - 5 33,d5b5
13,slickoneboe,EulerE,940,926,6k1/2p2R1p/b1p3pP/pr6/6P1/P7/KP1b4/5R2 b - - 6 33,b3a2
13,slickoneboe,EulerE,940,926,6k1/2p2R1p/b1p3pP/p3r3/6P1/P7/KP1b4/5R2 w - - 7 34,b5e5
13,slickoneboe,EulerE,940,926,5Rk1/2p4p/b1p3pP/p3r3/6P1/P7/KP1b4/5R2 b - - 8 34,f7f8
14,EulerE,Ja-kuba,918,953,rnbqkbnr/pppppppp/8/8/3P4/8/PPP1PPPP/RNBQKBNR b KQkq - 0 1,d2d4
14,EulerE,Ja-kuba,918,953,rnbqkbnr/ppp1pppp/8/3p4/3P4/8/PPP1PPPP/RNBQKBNR w KQkq - 0 2,d7d5
14,EulerE,Ja-kuba,918,953,rnbqkbnr/ppp1pppp/8/3p4/2PP4/8/PP2PPPP/RNBQKBNR b KQkq - 0 2,c2c4
14,EulerE,Ja-kuba,918,953,r1bqkbnr/ppp1pppp/2n5/3p4/2PP4/8/PP2PPPP/RNBQKBNR w KQkq - 1 3,b8c6
14,EulerE,Ja-kuba,918,953,r1bqkbnr/ppp1pppp/2n5/3P4/3P4/8/PP2PPPP/RNBQKBNR b KQkq - 0 3,c4d5
14,EulerE,Ja-kuba,918,953,r1b1kbnr/ppp1pppp/2n5/3q4/3P4/8/PP2PPPP/RNBQKBNR w KQkq - 0 4,d8d5
14,EulerE,Ja-kuba,918,953,r1b1kbnr/ppp1pppp/2n5/3q4/3P4/5N2/PP2PPPP/RNBQKB1R b KQkq - 1 4,g1f3
14,EulerE,Ja-kuba,918,953,r1b1kb1r/ppp1pppp/2n2n2/3q4/3P4/5N2/PP2PPPP/RNBQKB1R w KQkq - 2 5,g8f6
14,EulerE,Ja-kuba,918,953,r1b1kb1r/ppp1pppp/2n2n2/3q4/3P4/2N2N2/PP2PPPP/R1BQKB1R b KQkq - 3 5,b1c3
14,EulerE,Ja-kuba,918,953,r3kb1r/ppp1pppp/2n2n2/3q4/3P2b1/2N2N2/PP2PPPP/R1BQKB1R w KQkq - 4 6,c8g4
14,EulerE,Ja-kuba,918,953,r3kb1r/ppp1pppp/2n2n2/3N4/3P2b1/5N2/PP2PPPP/R1BQKB1R b KQkq - 0 6,c3d5
14,EulerE,Ja-kuba,918,953,r3kb1r/ppp1pppp/2n5/3n4/3P2b1/5N2/PP2PPPP/R1BQKB1R w KQkq - 0 7,f6d5
14,EulerE,Ja-kuba,918,953,r3kb1r/ppp1pppp/2n5/3n4/3PP1b1/5N2/PP3PPP/R1BQKB1R b KQkq - 0 7,e2e4
14,EulerE,Ja-kuba,918,953,r3kb1r/ppp1pppp/2n5/3n4/3PP3/5b2/PP3PPP/R1BQKB1R w KQkq - 0 8,g4f3
14,EulerE,Ja-kuba,918,953,r3kb1r/ppp1pppp/2n5/3n4/3PP3/5Q2/PP3PPP/R1B1KB1R b KQkq - 0 8,d1f3
14,EulerE,Ja-kuba,918,953,r3kb1r/ppp1pppp/2n2n2/8/3PP3/5Q2/PP3PPP/R1B1KB1R w KQkq - 1 9,d5f6
14,EulerE,Ja-kuba,918,953,r3kb1r/ppp1pppp/2n2n2/3P4/4P3/5Q2/PP3PPP/R1B1KB1R b KQkq - 0 9,d4d5
14,EulerE,Ja-kuba,918,953,r3kb1r/ppp1pppp/5n2/3P4/3nP3/5Q2/PP3PPP/R1B1KB1R w KQkq - 1 10,c6d4
14,EulerE,Ja-kuba,918,953,r3kb1r/ppp1pppp/5n2/3P4/3nP3/3Q4/PP3PPP/R1B1KB1R b KQkq - 2 10,f3d3
14,EulerE,Ja-kuba,918,953,r3kb1r/pp2pppp/5n2/2pP4/3nP3/3Q4/PP3PPP/R1B1KB1R w KQkq c6 0 11,c7c5
14,EulerE,Ja-kuba,918,953,r3kb1r/pp2pppp/5n2/2pP4/3nP3/3QB3/PP3PPP/R3KB1R b KQkq - 1 11,c1e3
14,EulerE,Ja-kuba,918,953,r3kb1r/pp3ppp/4pn2/2pP4/3nP3/3QB3/PP3PPP/R3KB1R w KQkq - 0 12,e7e6
14,EulerE,Ja-kuba,918,953,r3kb1r/pp3ppp/4pn2/2pP4/3BP3/3Q4/PP3PPP/R3KB1R b KQkq - 0 12,e3d4
14,EulerE,Ja-kuba,918,953,r3kb1r/pp3ppp/4pn2/3P4/3pP3/3Q4/PP3PPP/R3KB1R w KQkq - 0 13,c5d4
14,EulerE,Ja-kuba,918,953,r3kb1r/pp3ppp/4pn2/3P4/3QP3/8/PP3PPP/R3KB1R b KQkq - 0 13,d3d4
14,EulerE,Ja-kuba,918,953,2kr1b1r/pp3ppp/4pn2/3P4/3QP3/8/PP3PPP/R3KB1R w KQ - 1 14,e8c8
14,EulerE,Ja-kuba,918,953,2kr1b1r/pp3ppp/4pn2/3P4/3QP3/8/PP3PPP/2R1KB1R b K - 2 14,a1c1
14,EulerE,Ja-kuba,918,953,1k1r1b1r/pp3ppp/4pn2/3P4/3QP3/8/PP3PPP/2R1KB1R w K - 3 15,c8b8
14,EulerE,Ja-kuba,918,953,1k1r1b1r/pp3ppp/4pn2/1B1P4/3QP3/8/PP3PPP/2R1K2R b K - 4 15,f1b5
14,EulerE,Ja-kuba,918,953,1k1r1b1r/pp3ppp/5n2/1B1p4/3QP3/8/PP3PPP/2R1K2R w K - 0 16,e6d5
14,EulerE,Ja-kuba,918,953,1k1r1b1r/pp3ppp/5n2/1B1P4/3Q4/8/PP3PPP/2R1K2R b K - 0 16,e4d5
14,EulerE,Ja-kuba,918,953,1k3b1r/pp3ppp/5n2/1B1r4/3Q4/8/PP3PPP/2R1K2R w K - 0 17,d8d5
14,EulerE,Ja-kuba,918,953,1k3b1r/pp3ppp/5n2/1B1r4/1Q6/8/PP3PPP/2R1K2R b K - 1 17,d4b4
14,EulerE,Ja-kuba,918,953,1k5r/pp3ppp/5n2/1B1r4/1b6/8/PP3PPP/2R1K2R w K - 0 18,f8b4
14,EulerE,Ja-kuba,918,953,1k5r/pp3ppp/5n2/1B1r4/1b6/8/PP2KPPP/2R4R b - - 1 18,e1e2
14,EulerE,Ja-kuba,918,953,1k5r/pp3ppp/5n2/1B1r4/8/8/PP1bKPPP/2R4R w - - 2 19,b4d2
14,EulerE,Ja-kuba,918,953,1k5r/pp3ppp/5n2/1B1r4/8/8/PP1bKPPP/3R3R b - - 3 19,c1d1
14,EulerE,Ja-kuba,918,953,1k1r4/pp3ppp/5n2/1B1r4/8/8/PP1bKPPP/3R3R w - - 4 20,h8d8
14,EulerE,Ja-kuba,918,953,1k1r4/pp3ppp/5n2/3r4/8/3B4/PP1bKPPP/3R3R b - - 5 20,b5d3
14,EulerE,Ja-kuba,918,953,1k1r4/pp3ppp/5n2/b2r4/8/3B4/PP2KPPP/3R3R w - - 6 21,d2a5
14,EulerE,Ja-kuba,918,953,1k1r4/pp3ppp/5n2/b2r4/4B3/8/PP2KPPP/3R3R b - - 7 21,d3e4
14,EulerE,Ja-kuba,918,953,1k1r4/pp3ppp/8/b2r4/4n3/8/PP2KPPP/3R3R w - - 0 22,f6e4
14,EulerE,Ja-kuba,918,953,1k1r4/pp3ppp/8/b2R4/4n3/8/PP2KPPP/7R b - - 0 22,d1d5
14,EulerE,Ja-kuba,918,953,1k6/pp3ppp/8/b2r4/4n3/8/PP2KPPP/7R w - - 0 23,d8d5
14,EulerE,Ja-kuba,918,953,1k6/pp3ppp/8/b2r4/4n3/8/PP2KPPP/4R3 b - - 1 23,h1e1
14,EulerE,Ja-kuba,918,953,1k6/pp3ppp/8/b7/4n3/8/PP1rKPPP/4R3 w - - 2 24,d5d2
14,EulerE,Ja-kuba,918,953,1k6/pp3ppp/8/b7/4n3/4K3/PP1r1PPP/4R3 b - - 3 24,e2e3
14,EulerE,Ja-kuba,918,953,1k6/pp3ppp/8/b7/4n3/4K3/Pr3PPP/4R3 w - - 0 25,d2b2
14,EulerE,Ja-kuba,918,953,1k6/pp3ppp/8/b7/4n3/5K2/Pr3PPP/4R3 b - - 1 25,e3f3
14,EulerE,Ja-kuba,918,953,1k6/pp3ppp/8/8/4n3/5K2/Pr3PPP/4b3 w - - 0 26,a5e1
15,EulerE,VasilyZaytschess,909,880,rnbqkbnr/pppppppp/8/8/3P4/8/PPP1PPPP/RNBQKBNR b KQkq - 0 1,d2d4
15,EulerE,VasilyZaytschess,909,880,rnbqkbnr/ppp1pppp/8/3p4/3P4/8/PPP1PPPP/RNBQKBNR w KQkq - 0 2,d7d5
15,EulerE,VasilyZaytschess,909,880,rnbqkbnr/ppp1pppp/8/3p4/2PP4/8/PP2PPPP/RNBQKBNR b KQkq - 0 2,c2c4
15,EulerE,VasilyZaytschess,909,880,rnbqkbnr/ppp2ppp/4p3/3p4/2PP4/8/PP2PPPP/RNBQKBNR w KQkq - 0 3,e7e6
15,EulerE,VasilyZaytschess,909,880,rnbqkbnr/ppp2ppp/4p3/3p4/2PP4/2N5/PP2PPPP/R1BQKBNR b KQkq - 1 3,b1c3
15,EulerE,VasilyZaytschess,909,880,rnbqkbnr/ppp2ppp/4p3/8/2pP4/2N5/PP2PPPP/R1BQKBNR w KQkq - 0 4,d5c4
15,EulerE,VasilyZaytschess,909,880,rnbqkbnr/ppp2ppp/4p3/8/2pPP3/2N5/PP3PPP/R1BQKBNR b KQkq - 0 4,e2e4
15,EulerE,VasilyZaytschess,909,880,r1bqkbnr/ppp2ppp/2n1p3/8/2pPP3/2N5/PP3PPP/R1BQKBNR w KQkq - 1 5,b8c6
15,EulerE,VasilyZaytschess,909,880,r1bqkbnr/ppp2ppp/2n1p3/3P4/2p1P3/2N5/PP3PPP/R1BQKBNR b KQkq - 0 5,d4d5
15,EulerE,VasilyZaytschess,909,880,r1bqkbnr/ppp2ppp/2n5/3p4/2p1P3/2N5/PP3PPP/R1BQKBNR w KQkq - 0 6,e6d5
15,EulerE,VasilyZaytschess,909,880,r1bqkbnr/ppp2ppp/2n5/3P4/2p5/2N5/PP3PPP/R1BQKBNR b KQkq - 0 6,e4d5
15,EulerE,VasilyZaytschess,909,880,r1bqkbnr/ppp2ppp/8/3P4/1np5/2N5/PP3PPP/R1BQKBNR w KQkq - 1 7,c6b4
15,EulerE,VasilyZaytschess,909,880,r1bqkbnr/ppp2ppp/8/3P4/Qnp5/2N5/PP3PPP/R1B1KBNR b KQkq - 2 7,d1a4
15,EulerE,VasilyZaytschess,909,880,r2qkbnr/pppb1ppp/8/3P4/Qnp5/2N5/PP3PPP/R1B1KBNR w KQkq - 3 8,c8d7
15,EulerE,VasilyZaytschess,909,880,r2qkbnr/pppb1ppp/8/3P4/1np5/2N5/PPQ2PPP/R1B1KBNR b KQkq - 4 8,a4c2
15,EulerE,VasilyZaytschess,909,880,r2qkbnr/pppb1ppp/8/3P4/2p5/2N5/PPn2PPP/R1B1KBNR w KQkq - 0 9,b4c2
16,Brukrac,EulerE,932,918,rnbqkbnr/pppppppp/8/8/8/6P1/PPPPPP1P/RNBQKBNR b KQkq - 0 1,g2g3
16,Brukrac,EulerE,932,918,rnbqkbnr/pppp1ppp/8/4p3/8/6P1/PPPPPP1P/RNBQKBNR w KQkq - 0 2,e7e5
16,Brukrac,EulerE,932,918,rnbqkbnr/pppp1ppp/8/4p3/8/5PP1/PPPPP2P/RNBQKBNR b KQkq - 0 2,f2f3
16,Brukrac,EulerE,932,918,rnbqkbnr/ppp2ppp/8/3pp3/8/5PP1/PPPPP2P/RNBQKBNR w KQkq - 0 3,d7d5
16,Brukrac,EulerE,932,918,rnbqkbnr/ppp2ppp/8/3pp3/8/4PPP1/PPPP3P/RNBQKBNR b KQkq - 0 3,e2e3
16,Brukrac,EulerE,932,918,r1bqkbnr/ppp2ppp/2n5/3pp3/8/4PPP1/PPPP3P/RNBQKBNR w KQkq - 1 4,b8c6
16,Brukrac,EulerE,932,918,r1bqkbnr/ppp2ppp/2n5/3pp3/6P1/4PP2/PPPP3P/RNBQKBNR b KQkq - 0 4,g3g4
16,Brukrac,EulerE,932,918,r1bqkb1r/ppp2ppp/2n2n2/3pp3/6P1/4PP2/PPPP3P/RNBQKBNR w KQkq - 1 5,g8f6
16,Brukrac,EulerE,932,918,r1bqkb1r/ppp2ppp/2n2n2/3pp1P1/8/4PP2/PPPP3P/RNBQKBNR b KQkq - 0 5,g4g5
16,Brukrac,EulerE,932,918,r1bqkb1r/ppp2ppp/2n5/3pp1Pn/8/4PP2/PPPP3P/RNBQKBNR w KQkq - 1 6,f6h5
16,Brukrac,EulerE,932,918,r1bqkb1r/ppp2ppp/2n5/3pp1Pn/8/4PP1N/PPPP3P/RNBQKB1R b KQkq - 2 6,g1h3
16,Brukrac,EulerE,932,918,r1bqkb1r/ppp2pp1/2n4p/3pp1Pn/8/4PP1N/PPPP3P/RNBQKB1R w KQkq - 0 7,h7h6
16,Brukrac,EulerE,932,918,r1bqkb1r/ppp2pp1/2n4p/3pp1Pn/5P2/4P2N/PPPP3P/RNBQKB1R b KQkq - 0 7,f3f4
16,Brukrac,EulerE,932,918,r2qkb1r/ppp2pp1/2n4p/3pp1Pn/5P2/4P2b/PPPP3P/RNBQKB1R w KQkq - 0 8,c8h3
16,Brukrac,EulerE,932,918,r2qkb1r/ppp2pp1/2n4p/3pp1Pn/5P2/4P2B/PPPP3P/RNBQK2R b KQkq - 0 8,f1h3
16,Brukrac,EulerE,932,918,r2qkb1r/ppp2pp1/2n5/3pp1pn/5P2/4P2B/PPPP3P/RNBQK2R w KQkq - 0 9,h6g5
16,Brukrac,EulerE,932,918,r2qkb1r/ppp2pp1/2n5/3pp1Pn/8/4P2B/PPPP3P/RNBQK2R b KQkq - 0 9,f4g5
16,Brukrac,EulerE,932,918,r3kb1r/ppp2pp1/2n5/3pp1qn/8/4P2B/PPPP3P/RNBQK2R w KQkq - 0 10,d8g5
16,Brukrac,EulerE,932,918,r3kb1r/ppp2pp1/2n5/3pp1qn/8/4P2B/PPPPK2P/RNBQ3R b kq - 1 10,e1e2
16,Brukrac,EulerE,932,918,r3kb1r/ppp2pp1/2n5/3pp1q1/5n2/4P2B/PPPPK2P/RNBQ3R w kq - 2 11,h5f4
16,Brukrac,EulerE,932,918,r3kb1r/ppp2pp1/2n5/3pp1q1/5n2/4PK1B/PPPP3P/RNBQ3R b kq - 3 11,e2f3
16,Brukrac,EulerE,932,918,r3kb2/ppp2pp1/2n5/3pp1q1/5n2/4PK1r/PPPP3P/RNBQ3R w q - 0 12,h8h3
16,Brukrac,EulerE,932,918,r3kb2/ppp2pp1/2n5/3pp1q1/5n2/4P2r/PPPP1K1P/RNBQ3R b q - 1 12,f3f2
16,Brukrac,EulerE,932,918,r3kb2/ppp2pp1/2n5/3pp3/5n2/4P2r/PPPP1KqP/RNBQ3R w q - 2 13,g5g2
16,Brukrac,EulerE,932,918,r3kb2/ppp2pp1/2n5/3pp3/5n2/4P2r/PPPP2qP/RNBQK2R b q - 3 13,f2e1
16,Brukrac,EulerE,932,918,r3kb2/ppp2pp1/2n5/3pp3/5n2/4P2r/PPPP3P/RNBQK2q w q - 0 14,g2h1
16,Brukrac,EulerE,932,918,r3kb2/ppp2pp1/2n5/3pp3/5n2/4P2r/PPPP1K1P/RNBQ3q b q - 1 14,e1f2
16,Brukrac,EulerE,932,918,r3kb2/ppp2pp1/2n5/3pp3/5n2/4P2r/PPPP1KqP/RNBQ4 w q - 2 15,h1g2
16,Brukrac,EulerE,932,918,r3kb2/ppp2pp1/2n5/3pp3/5n2/4P2r/PPPP2qP/RNBQK3 b q - 3 15,f2e1
16,Brukrac,EulerE,932,918,r3kb2/ppp2pp1/2n5/3pp3/5n2/4P3/PPPP2qr/RNBQK3 w q - 0 16,h3h2
16,Brukrac,EulerE,932,918,r3kb2/ppp2pp1/2n5/3pp3/5n2/4P3/PPPPQ1qr/RNB1K3 b q - 1 16,d1e2
16,Brukrac,EulerE,932,918,r3kb2/ppp2pp1/2n5/3pp3/5n2/4P3/PPPPQ1q1/RNB1K2r w q - 2 17,h2h1
16,Brukrac,EulerE,932,918,r3kb2/ppp2pp1/2n5/3pp3/5n2/4P3/PPPP2q1/RNB1KQ1r b q - 3 17,e2f1
16,Brukrac,EulerE,932,918,r3kb2/ppp2pp1/2n5/3pp3/5n2/4P3/PPPP2q1/RNB1Kr2 w q - 0 18,h1f1
17,JonaMex,EulerE,909,926,rnbqkbnr/pppppppp/8/8/4P3/8/PPPP1PPP/RNBQKBNR b KQkq - 0 1,e2e4
17,JonaMex,EulerE,909,926,rnbqkbnr/pppp1ppp/8/4p3/4P3/8/PPPP1PPP/RNBQKBNR w KQkq - 0 2,e7e5
17,JonaMex,EulerE,909,926,rnbqkbnr/pppp1ppp/8/4p3/4P3/5N2/PPPP1PPP/RNBQKB1R b KQkq - 1 2,g1f3
17,JonaMex,EulerE,909,926,r1bqkbnr/pppp1ppp/2n5/4p3/4P3/5N2/PPPP1PPP/RNBQKB1R w KQkq - 2 3,b8c6
17,JonaMex,EulerE,909,926,r1bqkbnr/pppp1ppp/2n5/1B2p3/4P3/5N2/PPPP1PPP/RNBQK2R b KQkq - 3 3,f1b5
17,JonaMex,EulerE,909,926,r1bqkbnr/ppp2ppp/2np4/1B2p3/4P3/5N2/PPPP1PPP/RNBQK2R w KQkq - 0 4,d7d6
17,JonaMex,EulerE,909,926,r1bqkbnr/ppp2ppp/2Bp4/4p3/4P3/5N2/PPPP1PPP/RNBQK2R b KQkq - 0 4,b5c6
17,JonaMex,EulerE,909,926,r1bqkbnr/p1p2ppp/2pp4/4p3/4P3/5N2/PPPP1PPP/RNBQK2R w KQkq - 0 5,b7c6
17,JonaMex,EulerE,909,926,r1bqkbnr/p1p2ppp/2pp4/4p3/4P3/3P1N2/PPP2PPP/RNBQK2R b KQkq - 0 5,d2d3
17,JonaMex,EulerE,909,926,r2qkbnr/pbp2ppp/2pp4/4p3/4P3/3P1N2/PPP2PPP/RNBQK2R w KQkq - 1 6,c8b7
17,JonaMex,EulerE,909,926,r2qkbnr/pbp2ppp/2pp4/4p3/2P1P3/3P1N2/PP3PPP/RNBQK2R b KQkq - 0 6,c2c4
17,JonaMex,EulerE,909,926,r2qkb1r/pbp2ppp/2pp1n2/4p3/2P1P3/3P1N2/PP3PPP/RNBQK2R w KQkq - 1 7,g8f6
17,JonaMex,EulerE,909,926,r2qkb1r/pbp2ppp/2pp1n2/4p3/2P1P3/2NP1N2/PP3PPP/R1BQK2R b KQkq - 2 7,b1c3
17,JonaMex,EulerE,909,926,r2qkb1r/pbp2p1p/2pp1np1/4p3/2P1P3/2NP1N2/PP3PPP/R1BQK2R w KQkq - 0 8,g7g6
17,JonaMex,EulerE,909,926,r2qkb1r/pbp2p1p/2pp1np1/4p1B1/2P1P3/2NP1N2/PP3PPP/R2QK2R b KQkq - 1 8,c1g5
17,JonaMex,EulerE,909,926,r2qk2r/pbp2pbp/2pp1np1/4p1B1/2P1P3/2NP1N2/PP3PPP/R2QK2R w KQkq - 2 9,f8g7
17,JonaMex,EulerE,909,926,r2qk2r/pbp2pbp/2pp1np1/4p1B1/2P1P3/2NP1N2/PP3PPP/R2Q1RK1 b kq - 3 9,e1g1
17,JonaMex,EulerE,909,926,r2q1rk1/pbp2pbp/2pp1np1/4p1B1/2P1P3/2NP1N2/PP3PPP/R2Q1RK1 w - - 4 10,e8g8
17,JonaMex,EulerE,909,926,r2q1rk1/pbp2pbp/2pp1Bp1/4p3/2P1P3/2NP1N2/PP3PPP/R2Q1RK1 b - - 0 10,g5f6
17,JonaMex,EulerE,909,926,r2q1rk1/pbp2p1p/2pp1bp1/4p3/2P1P3/2NP1N2/PP3PPP/R2Q1RK1 w - - 0 11,g7f6
17,JonaMex,EulerE,909,926,r2q1rk1/pbp2p1p/2pp1bp1/4p3/2P1P3/1PNP1N2/P4PPP/R2Q1RK1 b - - 0 11,b2b3
17,JonaMex,EulerE,909,926,1r1q1rk1/pbp2p1p/2pp1bp1/4p3/2P1P3/1PNP1N2/P4PPP/R2Q1RK1 w - - 1 12,a8b8
17,JonaMex,EulerE,909,926,1r1q1rk1/pbp2p1p/2pp1bp1/4p3/2P1P3/1PNP1N1P/P4PP1/R2Q1RK1 b - - 0 12,h2h3
17,JonaMex,EulerE,909,926,1r1q1rk1/p1p2p1p/b1pp1bp1/4p3/2P1P3/1PNP1N1P/P4PP1/R2Q1RK1 w - - 1 13,b7a6
17,JonaMex,EulerE,909,926,1r1q1rk1/p1p2p1p/b1pp1bp1/4p3/2P1P3/1PNP1N1P/P4PP1/1R1Q1RK1 b - - 2 13,a1b1
17,JonaMex,EulerE,909,926,1r1q1rk1/p1p2p1p/b2p1bp1/2p1p3/2P1P3/1PNP1N1P/P4PP1/1R1Q1RK1 w - - 0 14,c6c5
17,JonaMex,EulerE,909,926,1r1q1rk1/p1p2p1p/b2p1bp1/2p1p3/P1P1P3/1PNP1N1P/5PP1/1R1Q1RK1 b - - 0 14,a2a4
17,JonaMex,EulerE,909,926,1r1q1rk1/p1p2p1p/b2p2p1/2p1p1b1/P1P1P3/1PNP1N1P/5PP1/1R1Q1RK1 w - - 1 15,f6g5
17,JonaMex,EulerE,909,926,1r1q1rk1/p1p2p1p/b2p2p1/2pNp1b1/P1P1P3/1P1P1N1P/5PP1/1R1Q1RK1 b - - 2 15,c3d5
17,JonaMex,EulerE,909,926,1r3rk1/p1pq1p1p/b2p2p1/2pNp1b1/P1P1P3/1P1P1N1P/5PP1/1R1Q1RK1 w - - 3 16,d8d7
17,JonaMex,EulerE,909,926,1r3rk1/p1pq1p1p/b2p2p1/2pNp1N1/P1P1P3/1P1P3P/5PP1/1R1Q1RK1 b - - 0 16,f3g5
17,JonaMex,EulerE,909,926,1r3rk1/p1pq1p2/b2p2pp/2pNp1N1/P1P1P3/1P1P3P/5PP1/1R1Q1RK1 w - - 0 17,h7h6
17,JonaMex,EulerE,909,926,1r3rk1/p1pq1p2/b2p2pp/2pNp3/P1P1P3/1P1P1N1P/5PP1/1R1Q1RK1 b - - 1 17,g5f3
17,JonaMex,EulerE,909,926,1r3r2/p1pq1pk1/b2p2pp/2pNp3/P1P1P3/1P1P1N1P/5PP1/1R1Q1RK1 w - - 2 18,g8g7
17,JonaMex,EulerE,909,926,1r3r2/p1pq1pk1/b2p2pp/2p1p3/P1P1P3/1PNP1N1P/5PP1/1R1Q1RK1 b - - 3 18,d5c3
17,JonaMex,EulerE,909,926,1r2r3/p1pq1pk1/b2p2pp/2p1p3/P1P1P3/1PNP1N1P/5PP1/1R1Q1RK1 w - - 4 19,f8e8
17,JonaMex,EulerE,909,926,1r2r3/p1pq1pk1/b2p2pp/2p1p3/P1P1P3/1PNP1N1P/5PP1/1R1QR1K1 b - - 5 19,f1e1
17,JonaMex,EulerE,909,926,4r3/p1pq1pk1/b2p2pp/2p1p3/PrP1P3/1PNP1N1P/5PP1/1R1QR1K1 w - - 6 20,b8b4
17,JonaMex,EulerE,909,926,4r3/p1pq1pk1/b2p2pp/2pNp3/PrP1P3/1P1P1N1P/5PP1/1R1QR1K1 b - - 7 20,c3d5
17,JonaMex,EulerE,909,926,4r3/pbpq1pk1/3p2pp/2pNp3/PrP1P3/1P1P1N1P/5PP1/1R1QR1K1 w - - 8 21,a6b7
17,JonaMex,EulerE,909,926,4r3/pbpq1pk1/3p2pp/2p1p3/PNP1P3/1P1P1N1P/5PP1/1R1QR1K1 b - - 0 21,d5b4
17,JonaMex,EulerE,909,926,4r3/pbpq1pk1/3p2pp/4p3/PpP1P3/1P1P1N1P/5PP1/1R1QR1K1 w - - 0 22,c5b4
17,JonaMex,EulerE,909,926,4r3/pbpq1pk1/3p2pp/4p3/PpP1P1P1/1P1P1N1P/5P2/1R1QR1K1 b - - 0 22,g2g4
17,JonaMex,EulerE,909,926,4r3/pb1q1pk1/3p2pp/2p1p3/PpP1P1P1/1P1P1N1P/5P2/1R1QR1K1 w - - 0 23,c7c5
17,JonaMex,EulerE,909,926,4r3/pb1q1pk1/3p2pp/2p1p3/PpP1P1P1/1P1P1N1P/5PK1/1R1QR3 b - - 1 23,g1g2
17,JonaMex,EulerE,909,926,8/pb1qrpk1/3p2pp/2p1p3/PpP1P1P1/1P1P1N1P/5PK1/1R1QR3 w - - 2 24,e8e7
17,JonaMex,EulerE,909,926,8/pb1qrpk1/3p2pp/2p1p3/PpP1P1P1/1P1P1NKP/5P2/1R1QR3 b - - 3 24,g2g3
17,JonaMex,EulerE,909,926,2b5/p2qrpk1/3p2pp/2p1p3/PpP1P1P1/1P1P1NKP/5P2/1R1QR3 w - - 4 25,b7c8
17,JonaMex,EulerE,909,926,2b5/p2qrpk1/3p2pp/2p1p3/PpP1P1P1/1P1PRNKP/5P2/1R1Q4 b - - 5 25,e1e3
17,JonaMex,EulerE,909,926,2b5/p2qrpk1/3p2p1/2p1p2p/PpP1P1P1/1P1PRNKP/5P2/1R1Q4 w - - 0 26,h6h5
17,JonaMex,EulerE,909,926,2b5/p2qrpk1/3p2p1/2p1N2p/PpP1P1P1/1P1PR1KP/5P2/1R1Q4 b - - 0 26,f3e5
17,JonaMex,EulerE,909,926,2b5/p2q1pk1/3p2p1/2p1r2p/PpP1P1P1/1P1PR1KP/5P2/1R1Q4 w - - 0 27,e7e5
17,JonaMex,EulerE,909,926,2b5/p2q1pk1/3p2p1/2p1r2p/PpP1PPP1/1P1PR1KP/8/1R1Q4 b - - 0 27,f2f4
17,JonaMex,EulerE,909,926,2b5/p2qrpk1/3p2p1/2p4p/PpP1PPP1/1P1PR1KP/8/1R1Q4 w - - 1 28,e5e7
17,JonaMex,EulerE,909,926,2b5/p2qrpk1/3p2p1/2p4p/PpP1PPP1/1P1P1RKP/8/1R1Q4 b - - 2 28,e3f3
17,JonaMex,EulerE,909,926,2b5/p2qrpk1/3p2p1/2p5/PpP1PPp1/1P1P1RKP/8/1R1Q4 w - - 0 29,h5g4
17,JonaMex,EulerE,909,926,2b5/p2qrpk1/3p2p1/2p5/PpP1PPP1/1P1P1RK1/8/1R1Q4 b - - 0 29,h3g4
17,JonaMex,EulerE,909,926,2b5/p3rpk1/3p2p1/2p5/PpP1PPq1/1P1P1RK1/8/1R1Q4 w - - 0 30,d7g4
17,JonaMex,EulerE,909,926,2b5/p3rpk1/3p2p1/2p5/PpP1PPq1/1P1P1R2/7K/1R1Q4 b - - 1 30,g3h2
17,JonaMex,EulerE,909,926,2b5/p3rpk1/3p2p1/2p5/PpP1PP1q/1P1P1R2/7K/1R1Q4 w - - 2 31,g4h4
17,JonaMex,EulerE,909,926,2b5/p3rpk1/3p2p1/2p5/PpP1PP1q/1P1P1R2/6K1/1R1Q4 b - - 3 31,h2g2
17,JonaMex,EulerE,909,926,8/p3rpk1/3p2p1/2p5/PpP1PPbq/1P1P1R2/6K1/1R1Q4 w - - 4 32,c8g4
17,JonaMex,EulerE,909,926,8/p3rpk1/3p2p1/2p5/PpP1PPbq/1P1P4/6K1/1R1Q1R2 b - - 5 32,f3f1
17,JonaMex,EulerE,909,926,8/p3rpk1/3p2p1/2p5/PpP1PP1q/1P1P4/6K1/1R1b1R2 w - - 0 33,g4d1
17,JonaMex,EulerE,909,926,8/p3rpk1/3p2p1/2p5/PpP1PP1q/1P1P4/6K1/3R1R2 b - - 0 33,b1d1
17,JonaMex,EulerE,909,926,8/p3rpk1/3p2p1/2p5/PpP1PPq1/1P1P4/6K1/3R1R2 w - - 1 34,h4g4
17,JonaMex,EulerE,909,926,8/p3rpk1/3p2p1/2p5/PpP1PPq1/1P1P4/5K2/3R1R2 b - - 2 34,g2f2
17,JonaMex,EulerE,909,926,8/p3rpk1/3p2p1/2p5/PpP1PP1q/1P1P4/5K2/3R1R2 w - - 3 35,g4h4
17,JonaMex,EulerE,909,926,8/p3rpk1/3p2p1/2p5/PpP1PP1q/1P1P4/4K3/3R1R2 b - - 4 35,f2e2
17,JonaMex,EulerE,909,926,4r3/p4pk1/3p2p1/2p5/PpP1PP1q/1P1P4/4K3/3R1R2 w - - 5 36,e7e8
17,JonaMex,EulerE,909,926,4r3/p4pk1/3p2p1/2p5/PpP1PP1q/1P1P4/3K4/3R1R2 b - - 6 36,e2d2
17,JonaMex,EulerE,909,926,4r3/p4p1k/3p2p1/2p5/PpP1PP1q/1P1P4/3K4/3R1R2 w - - 7 37,g7h7
17,JonaMex,EulerE,909,926,4r3/p4p1k/3p2p1/2p5/PpP1PP1q/1P1P4/2K5/3R1R2 b - - 8 37,d2c2
17,JonaMex,EulerE,909,926,4r3/p4pk1/3p2p1/2p5/PpP1PP1q/1P1P4/2K5/3R1R2 w - - 9 38,h7g7
17,JonaMex,EulerE,909,926,4r3/p4pk1/3p2p1/2p5/PpP1PP1q/1P1P4/8/2KR1R2 b - - 10 38,c2c1
17,JonaMex,EulerE,909,926,3r4/p4pk1/3p2p1/2p5/PpP1PP1q/1P1P4/8/2KR1R2 w - - 11 39,e8d8
17,JonaMex,EulerE,909,926,3r4/p4pk1/3p2p1/2p5/PpP1PP1q/1P1P4/8/2KR2R1 b - - 12 39,f1g1
17,JonaMex,EulerE,909,926,3r4/p4pk1/3p1qp1/2p5/PpP1PP2/1P1P4/8/2KR2R1 w - - 13 40,h4f6
17,JonaMex,EulerE,909,926,3r4/p4pk1/3p1qp1/2p5/PpP1PP2/1P1P4/8/2KR3R b - - 14 40,g1h1
17,JonaMex,EulerE,909,926,3r4/p4pk1/3p2p1/2p5/PpP1PP2/1PqP4/8/2KR3R w - - 15 41,f6c3
17,JonaMex,EulerE,909,926,3r4/p4pk1/3p2p1/2p5/PpP1PP2/1PqP4/8/1K1R3R b - - 16 41,c1b1
17,JonaMex,EulerE,909,926,3r4/p4pk1/3p2p1/2p5/PpP1PP2/1q1P4/8/1K1R3R w - - 0 42,c3b3
17,JonaMex,EulerE,909,926,3r4/p4pk1/3p2p1/2p5/PpP1PP2/1q1P4/8/2KR3R b - - 1 42,b1c1
17,JonaMex,EulerE,909,926,3r4/p4pk1/3p2p1/2p5/PpP1PP2/2qP4/8/2KR3R w - - 2 43,b3c3
17,JonaMex,EulerE,909,926,3r4/p4pk1/3p2p1/2p5/PpP1PP2/2qP4/8/1K1R3R b - - 3 43,c1b1
17,JonaMex,EulerE,909,926,3r4/p4pk1/3p2p1/2p5/PpPqPP2/3P4/8/1K1R3R w - - 4 44,c3d4
17,JonaMex,EulerE,909,926,3r4/p4pk1/3p2p1/2p2P2/PpPqP3/3P4/8/1K1R3R b - - 0 44,f4f5
17,JonaMex,EulerE,909,926,3r4/p4p2/3p1kp1/2p2P2/PpPqP3/3P4/8/1K1R3R w - - 1 45,g7f6
17,JonaMex,EulerE,909,926,3r4/p4p2/3p1kp1/2p2P2/PpPqP3/3P4/8/1K1R2R1 b - - 2 45,h1g1
17,JonaMex,EulerE,909,926,3r4/p4p2/3p1k2/2p2p2/PpPqP3/3P4/8/1K1R2R1 w - - 0 46,g6f5
17,JonaMex,EulerE,909,926,3r4/p4p2/3p1kR1/2p2p2/PpPqP3/3P4/8/1K1R4 b - - 1 46,g1g6
17,JonaMex,EulerE,909,926,3r4/p4p2/3p2R1/2p1kp2/PpPqP3/3P4/8/1K1R4 w - - 2 47,f6e5
17,JonaMex,EulerE,909,926,3r4/p4p2/3p2R1/2p1kp2/PpPqP3/3P4/8/1K3R2 b - - 3 47,d1f1
17,JonaMex,EulerE,909,926,3r4/p4p2/3p2R1/2p1k3/PpPqp3/3P4/8/1K3R2 w - - 0 48,f5e4
17,JonaMex,EulerE,909,926,3r4/p4p2/3p4/2p1k1R1/PpPqp3/3P4/8/1K3R2 b - - 1 48,g6g5
17,JonaMex,EulerE,909,926,3r4/p4p2/3pk3/2p3R1/PpPqp3/3P4/8/1K3R2 w - - 2 49,e5e6
17,JonaMex,EulerE,909,926,3r4/p4p2/3pkR2/2p3R1/PpPqp3/3P4/8/1K6 b - - 3 49,f1f6
17,JonaMex,EulerE,909,926,3r4/p2k1p2/3p1R2/2p3R1/PpPqp3/3P4/8/1K6 w - - 4 50,e6d7
17,JonaMex,EulerE,909,926,3r4/p2k1R2/3p4/2p3R1/PpPqp3/3P4/8/1K6 b - - 0 50,f6f7
17,JonaMex,EulerE,909,926,3r4/p4R2/2kp4/2p3R1/PpPqp3/3P4/8/1K6 w - - 1 51,d7c6
17,JonaMex,EulerE,909,926,3r4/p4RR1/2kp4/2p5/PpPqp3/3P4/8/1K6 b - - 2 51,g5g7
17,JonaMex,EulerE,909,926,2r5/p4RR1/2kp4/2p5/PpPqp3/3P4/8/1K6 w - - 3 52,d8c8
17,JonaMex,EulerE,909,926,2r5/p5R1/2kp1R2/2p5/PpPqp3/3P4/8/1K6 b - - 4 52,f7f6
17,JonaMex,EulerE,909,926,2r5/p5R1/2kp1R2/2p5/PpP1p3/2qP4/8/1K6 w - - 5 53,d4c3
17,JonaMex,EulerE,909,926,2r5/p7/2kp1RR1/2p5/PpP1p3/2qP4/8/1K6 b - - 6 53,g7g6
17,JonaMex,EulerE,909,926,2r5/p7/2kp1RR1/2p5/PpP1p3/3q4/8/1K6 w - - 0 54,c3d3
17,JonaMex,EulerE,909,926,2r5/p7/2kp1RR1/2p5/PpP1p3/3q4/K7/8 b - - 1 54,b1a2
17,JonaMex,EulerE,909,926,2r5/p7/2kp1RR1/2p5/PpP1p3/8/K2q4/8 w - - 2 55,d3d2
17,JonaMex,EulerE,909,926,2r5/p7/2kp1RR1/2p5/PpP1p3/8/3q4/1K6 b - - 3 55,a2b1
17,JonaMex,EulerE,909,926,2r5/p7/2kp1RR1/2p5/PpPqp3/8/8/1K6 w - - 4 56,d2d4
17,JonaMex,EulerE,909,926,2r5/p7/2kp1RR1/2p5/PpPqp3/8/K7/8 b - - 5 56,b1a2
17,JonaMex,EulerE,909,926,2r5/p7/2kp1qR1/2p5/PpP1p3/8/K7/8 w - - 0 57,d4f6
18,Davide7890,EulerE,907,917,rnbqkbnr/pppppppp/8/8/4P3/8/PPPP1PPP/RNBQKBNR b KQkq - 0 1,e2e4
18,Davide7890,EulerE,907,917,rnbqkbnr/pppp1ppp/8/4p3/4P3/8/PPPP1PPP/RNBQKBNR w KQkq - 0 2,e7e5
18,Davide7890,EulerE,907,917,rnbqkbnr/pppp1ppp/8/4p3/4P3/2N5/PPPP1PPP/R1BQKBNR b KQkq - 1 2,b1c3
18,Davide7890,EulerE,907,917,r1bqkbnr/pppp1ppp/2n5/4p3/4P3/2N5/PPPP1PPP/R1BQKBNR w KQkq - 2 3,b8c6
18,Davide7890,EulerE,907,917,r1bqkbnr/pppp1ppp/2n5/4p3/4P3/2N2N2/PPPP1PPP/R1BQKB1R b KQkq - 3 3,g1f3
18,Davide7890,EulerE,907,917,r1bqkb1r/pppp1ppp/2n2n2/4p3/4P3/2N2N2/PPPP1PPP/R1BQKB1R w KQkq - 4 4,g8f6
18,Davide7890,EulerE,907,917,r1bqkb1r/pppp1ppp/2n2n2/4p3/3PP3/2N2N2/PPP2PPP/R1BQKB1R b KQkq - 0 4,d2d4
18,Davide7890,EulerE,907,917,r1bqkb1r/pppp1ppp/2n2n2/8/3pP3/2N2N2/PPP2PPP/R1BQKB1R w KQkq - 0 5,e5d4
18,Davide7890,EulerE,907,917,r1bqkb1r/pppp1ppp/2n2n2/8/3NP3/2N5/PPP2PPP/R1BQKB1R b KQkq - 0 5,f3d4
18,Davide7890,EulerE,907,917,r1bqk2r/pppp1ppp/2n2n2/2b5/3NP3/2N5/PPP2PPP/R1BQKB1R w KQkq - 1 6,f8c5
18,Davide7890,EulerE,907,917,r1bqk2r/pppp1ppp/2N2n2/2b5/4P3/2N5/PPP2PPP/R1BQKB1R b KQkq - 0 6,d4c6
18,Davide7890,EulerE,907,917,r1bqk2r/p1pp1ppp/2p2n2/2b5/4P3/2N5/PPP2PPP/R1BQKB1R w KQkq - 0 7,b7c6
18,Davide7890,EulerE,907,917,r1bqk2r/p1pp1ppp/2p2n2/2b3B1/4P3/2N5/PPP2PPP/R2QKB1R b KQkq - 1 7,c1g5
18,Davide7890,EulerE,907,917,r2qk2r/pbpp1ppp/2p2n2/2b3B1/4P3/2N5/PPP2PPP/R2QKB1R w KQkq - 2 8,c8b7
18,Davide7890,EulerE,907,917,r2qk2r/pbpp1ppp/2p2B2/2b5/4P3/2N5/PPP2PPP/R2QKB1R b KQkq - 0 8,g5f6
18,Davide7890,EulerE,907,917,r3k2r/pbpp1ppp/2p2q2/2b5/4P3/2N5/PPP2PPP/R2QKB1R w KQkq - 0 9,d8f6
18,Davide7890,EulerE,907,917,r3k2r/pbpp1ppp/2p2q2/2b5/4P3/2N2Q2/PPP2PPP/R3KB1R b KQkq - 1 9,d1f3
18,Davide7890,EulerE,907,917,r3k2r/pbpp1ppp/2p5/2b5/4P3/2N2q2/PPP2PPP/R3KB1R w KQkq - 0 10,f6f3
18,Davide7890,EulerE,907,917,r3k2r/pbpp1ppp/2p5/2b5/4P3/2N2P2/PPP2P1P/R3KB1R b KQkq - 0 10,g2f3
18,Davide7890,EulerE,907,917,r4rk1/pbpp1ppp/2p5/2b5/4P3/2N2P2/PPP2P1P/R3KB1R w KQ - 1 11,e8g8
18,Davide7890,EulerE,907,917,r4rk1/pbpp1ppp/2p5/2b5/2B1P3/2N2P2/PPP2P1P/R3K2R b KQ - 2 11,f1c4
18,Davide7890,EulerE,907,917,4rrk1/pbpp1ppp/2p5/2b5/2B1P3/2N2P2/PPP2P1P/R3K2R w KQ - 3 12,a8e8
18,Davide7890,EulerE,907,917,4rrk1/pbpp1ppp/2p5/2b5/2B1P3/2N2P2/PPP2P1P/2KR3R b - - 4 12,e1c1
18,Davide7890,EulerE,907,917,4rrk1/pbp2ppp/2p5/2bp4/2B1P3/2N2P2/PPP2P1P/2KR3R w - - 0 13,d7d5
18,Davide7890,EulerE,907,917,4rrk1/pbp2ppp/2p5/2bP4/2B5/2N2P2/PPP2P1P/2KR3R b - - 0 13,e4d5
18,Davide7890,EulerE,907,917,4rrk1/pbp2ppp/8/2bp4/2B5/2N2P2/PPP2P1P/2KR3R w - - 0 14,c6d5
18,Davide7890,EulerE,907,917,4rrk1/pbp2ppp/8/2bB4/8/2N2P2/PPP2P1P/2KR3R b - - 0 14,c4d5
18,Davide7890,EulerE,907,917,4rrk1/p1p2ppp/8/2bb4/8/2N2P2/PPP2P1P/2KR3R w - - 0 15,b7d5
18,Davide7890,EulerE,907,917,4rrk1/p1p2ppp/8/2bR4/8/2N2P2/PPP2P1P/2K4R b - - 0 15,d1d5
18,Davide7890,EulerE,907,917,3r1rk1/p1p2ppp/8/2bR4/8/2N2P2/PPP2P1P/2K4R w - - 1 16,e8d8
18,Davide7890,EulerE,907,917,3r1rk1/p1p2ppp/8/2R5/8/2N2P2/PPP2P1P/2K4R b - - 0 16,d5c5
18,Davide7890,EulerE,907,917,5rk1/p1p2ppp/8/2R5/8/2N2P2/PPPr1P1P/2K4R w - - 1 17,d8d2
18,Davide7890,EulerE,907,917,5rk1/p1p2ppp/8/2R5/8/2N2P2/PPPr1P1P/2KR4 b - - 2 17,h1d1
18,Davide7890,EulerE,907,917,5rk1/p1p2ppp/8/2R5/8/2N2P2/PPP2r1P/2KR4 w - - 0 18,d2f2
18,Davide7890,EulerE,907,917,5rk1/p1R2ppp/8/8/8/2N2P2/PPP2r1P/2KR4 b - - 0 18,c5c7
18,Davide7890,EulerE,907,917,5rk1/p1R2ppp/8/8/8/2N2P2/PPP4r/2KR4 w - - 0 19,f2h2
18,Davide7890,EulerE,907,917,5rk1/R4ppp/8/8/8/2N2P2/PPP4r/2KR4 b - - 0 19,c7a7
18,Davide7890,EulerE,907,917,5rk1/R4ppp/8/8/8/2N2P1r/PPP5/2KR4 w - - 1 20,h2h3
18,Davide7890,EulerE,907,917,5rk1/R4ppp/8/8/8/2NR1P1r/PPP5/2K5 b - - 2 20,d1d3
18,Davide7890,EulerE,907,917,4r1k1/R4ppp/8/8/8/2NR1P1r/PPP5/2K5 w - - 3 21,f8e8
18,Davide7890,EulerE,907,917,4r1k1/3R1ppp/8/8/8/2NR1P1r/PPP5/2K5 b - - 4 21,a7d7
18,Davide7890,EulerE,907,917,4r1k1/3R1p1p/6p1/8/8/2NR1P1r/PPP5/2K5 w - - 0 22,g7g6
18,Davide7890,EulerE,907,917,4r1k1/3R1p1p/6p1/8/P7/2NR1P1r/1PP5/2K5 b - - 0 22,a2a4
18,Davide7890,EulerE,907,917,6k1/3R1p1p/6p1/8/P7/2NRrP1r/1PP5/2K5 w - - 1 23,e8e3
18,Davide7890,EulerE,907,917,6k1/3R1p1p/6p1/8/P7/2N1RP1r/1PP5/2K5 b - - 0 23,d3e3
18,Davide7890,EulerE,907,917,8/3R1pkp/6p1/8/P7/2N1RP1r/1PP5/2K5 w - - 1 24,g8g7
18,Davide7890,EulerE,907,917,8/3R1pkp/6p1/P7/8/2N1RP1r/1PP5/2K5 b - - 0 24,a4a5
19,EulerE,arrrtleo,924,876,rnbqkbnr/pppppppp/8/8/3P4/8/PPP1PPPP/RNBQKBNR b KQkq - 0 1,d2d4
19,EulerE,arrrtleo,924,876,rnbqkbnr/pppp1ppp/4p3/8/3P4/8/PPP1PPPP/RNBQKBNR w KQkq - 0 2,e7e6
19,EulerE,arrrtleo,924,876,rnbqkbnr/pppp1ppp/4p3/8/2PP4/8/PP2PPPP/RNBQKBNR b KQkq - 0 2,c2c4
19,EulerE,arrrtleo,924,876,rnbqkbnr/ppp2ppp/4p3/3p4/2PP4/8/PP2PPPP/RNBQKBNR w KQkq - 0 3,d7d5
19,EulerE,arrrtleo,924,876,rnbqkbnr/ppp2ppp/4p3/3p4/2PP4/5N2/PP2PPPP/RNBQKB1R b KQkq - 1 3,g1f3
19,EulerE,arrrtleo,924,876,rnbqkbnr/pp3ppp/2p1p3/3p4/2PP4/5N2/PP2PPPP/RNBQKB1R w KQkq - 0 4,c7c6
19,EulerE,arrrtleo,924,876,rnbqkbnr/pp3ppp/2p1p3/3p4/2PP4/2N2N2/PP2PPPP/R1BQKB1R b KQkq - 1 4,b1c3
19,EulerE,arrrtleo,924,876,rnbqkbnr/p4ppp/1pp1p3/3p4/2PP4/2N2N2/PP2PPPP/R1BQKB1R w KQkq - 0 5,b7b6
19,EulerE,arrrtleo,924,876,rnbqkbnr/p4ppp/1pp1p3/3p4/2PP4/2N2NP1/PP2PP1P/R1BQKB1R b KQkq - 0 5,g2g3
19,EulerE,arrrtleo,924,876,rnbqk1nr/p3bppp/1pp1p3/3p4/2PP4/2N2NP1/PP2PP1P/R1BQKB1R w KQkq - 1 6,f8e7
19,EulerE,arrrtleo,924,876,rnbqk1nr/p3bppp/1pp1p3/3p4/2PP4/2N2NP1/PP2PPBP/R1BQK2R b KQkq - 2 6,f1g2
19,EulerE,arrrtleo,924,876,rn1qk1nr/p2bbppp/1pp1p3/3p4/2PP4/2N2NP1/PP2PPBP/R1BQK2R w KQkq - 3 7,c8d7
19,EulerE,arrrtleo,924,876,rn1qk1nr/p2bbppp/1pp1p3/3p4/2PP4/2N2NP1/PP2PPBP/R1BQ1RK1 b kq - 4 7,e1g1
19,EulerE,arrrtleo,924,876,rn1qk1nr/p2bbppp/1pp1p3/8/2pP4/2N2NP1/PP2PPBP/R1BQ1RK1 w kq - 0 8,d5c4
19,EulerE,arrrtleo,924,876,rn1qk1nr/p2bbppp/1pp1p3/8/2pPP3/2N2NP1/PP3PBP/R1BQ1RK1 b kq - 0 8,e2e4
19,EulerE,arrrtleo,924,876,rn1qk1nr/p2bbppp/2p1p3/1p6/2pPP3/2N2NP1/PP3PBP/R1BQ1RK1 w kq - 0 9,b6b5
19,EulerE,arrrtleo,924,876,rn1qk1nr/p2bbppp/2p1p3/1p6/2pPP3/1PN2NP1/P4PBP/R1BQ1RK1 b kq - 0 9,b2b3
19,EulerE,arrrtleo,924,876,rn2k1nr/p1qbbppp/2p1p3/1p6/2pPP3/1PN2NP1/P4PBP/R1BQ1RK1 w kq - 1 10,d8c7
19,EulerE,arrrtleo,924,876,rn2k1nr/p1qbbppp/2p1p3/1p6/2PPP3/2N2NP1/P4PBP/R1BQ1RK1 b kq - 0 10,b3c4
19,EulerE,arrrtleo,924,876,rn2k1nr/p1qbbppp/2p1p3/8/2pPP3/2N2NP1/P4PBP/R1BQ1RK1 w kq - 0 11,b5c4
19,EulerE,arrrtleo,924,876,rn2k1nr/p1qbbppp/2p1p3/8/Q1pPP3/2N2NP1/P4PBP/R1B2RK1 b kq - 1 11,d1a4
19,EulerE,arrrtleo,924,876,rn2k1nr/p1qbbppp/4p3/2p5/Q1pPP3/2N2NP1/P4PBP/R1B2RK1 w kq - 0 12,c6c5
19,EulerE,arrrtleo,924,876,rn2k1nr/p1qbbppp/4p3/2p5/2QPP3/2N2NP1/P4PBP/R1B2RK1 b kq - 0 12,a4c4
19,EulerE,arrrtleo,924,876,rn2k1nr/p1qbbppp/4p3/8/2QpP3/2N2NP1/P4PBP/R1B2RK1 w kq - 0 13,c5d4
19,EulerE,arrrtleo,924,876,rn2k1nr/p1Qbbppp/4p3/8/3pP3/2N2NP1/P4PBP/R1B2RK1 b kq - 0 13,c4c7
19,EulerE,arrrtleo,924,876,r3k1nr/p1Qbbppp/2n1p3/8/3pP3/2N2NP1/P4PBP/R1B2RK1 w kq - 1 14,b8c6
19,EulerE,arrrtleo,924,876,r3k1nr/p1Qbbppp/2n1p3/1N6/3pP3/5NP1/P4PBP/R1B2RK1 b kq - 2 14,c3b5
19,EulerE,arrrtleo,924,876,2r1k1nr/p1Qbbppp/2n1p3/1N6/3pP3/5NP1/P4PBP/R1B2RK1 w k - 3 15,a8c8
19,EulerE,arrrtleo,924,876,2r1k1nr/p2bbppp/2n1p3/1N6/3pPQ2/5NP1/P4PBP/R1B2RK1 b k - 4 15,c7f4
19,EulerE,arrrtleo,924,876,2r1k1nr/p2bbppp/4p3/1N6/1n1pPQ2/5NP1/P4PBP/R1B2RK1 w k - 5 16,c6b4
19,EulerE,arrrtleo,924,876,2r1k1nr/p2bbppp/3Np3/8/1n1pPQ2/5NP1/P4PBP/R1B2RK1 b k - 6 16,b5d6
19,EulerE,arrrtleo,924,876,2r1k1nr/p2b1ppp/3bp3/8/1n1pPQ2/5NP1/P4PBP/R1B2RK1 w k - 0 17,e7d6
19,EulerE,arrrtleo,924,876,2r1k1nr/p2b1ppp/3Qp3/8/1n1pP3/5NP1/P4PBP/R1B2RK1 b k - 0 17,f4d6
19,EulerE,arrrtleo,924,876,2r1k1nr/p2b1ppp/2nQp3/8/3pP3/5NP1/P4PBP/R1B2RK1 w k - 1 18,b4c6
19,EulerE,arrrtleo,924,876,2r1k1nr/p2b1ppp/2nQp3/8/3pP3/B4NP1/P4PBP/R4RK1 b k - 2 18,c1a3
19,EulerE,arrrtleo,924,876,2r1k2r/p2b1ppp/2nQpn2/8/3pP3/B4NP1/P4PBP/R4RK1 w k - 3 19,g8f6
19,EulerE,arrrtleo,924,876,2r1k2r/p2b1ppp/2nQpn2/8/3pP3/B4NP1/P4PBP/R3R1K1 b k - 4 19,f1e1
19,EulerE,arrrtleo,924,876,2rnk2r/p2b1ppp/3Qpn2/8/3pP3/B4NP1/P4PBP/R3R1K1 w k - 5 20,c6d8
19,EulerE,arrrtleo,924,876,2rnk2r/p2b1ppp/3Qpn2/4N3/3pP3/B5P1/P4PBP/R3R1K1 b k - 6 20,f3e5
19,EulerE,arrrtleo,924,876,3nk2r/p2b1ppp/2rQpn2/4N3/3pP3/B5P1/P4PBP/R3R1K1 w k - 7 21,c8c6
19,EulerE,arrrtleo,924,876,3nk2r/p2bQppp/2r1pn2/4N3/3pP3/B5P1/P4PBP/R3R1K1 b k - 8 21,d6e7
20,arrrtleo,EulerE,869,931,rnbqkbnr/pppppppp/8/8/8/3P4/PPP1PPPP/RNBQKBNR b KQkq - 0 1,d2d3
20,arrrtleo,EulerE,869,931,rnbqkbnr/pppp1ppp/8/4p3/8/3P4/PPP1PPPP/RNBQKBNR w KQkq - 0 2,e7e5
20,arrrtleo,EulerE,869,931,rnbqkbnr/pppp1ppp/8/4p3/4P3/3P4/PPP2PPP/RNBQKBNR b KQkq - 0 2,e2e4
20,arrrtleo,EulerE,869,931,r1bqkbnr/pppp1ppp/2n5/4p3/4P3/3P4/PPP2PPP/RNBQKBNR w KQkq - 1 3,b8c6
20,arrrtleo,EulerE,869,931,r1bqkbnr/pppp1ppp/2n5/4p3/4P3/3P1P2/PPP3PP/RNBQKBNR b KQkq - 0 3,f2f3
20,arrrtleo,EulerE,869,931,r1bqkb1r/pppp1ppp/2n2n2/4p3/4P3/3P1P2/PPP3PP/RNBQKBNR w KQkq - 1 4,g8f6
20,arrrtleo,EulerE,869,931,r1bqkb1r/pppp1ppp/2n2n2/4p3/4P3/3P1PP1/PPP4P/RNBQKBNR b KQkq - 0 4,g2g3
20,arrrtleo,EulerE,869,931,r1bqkb1r/pppp1p1p/2n2np1/4p3/4P3/3P1PP1/PPP4P/RNBQKBNR w KQkq - 0 5,g7g6
20,arrrtleo,EulerE,869,931,r1bqkb1r/pppp1p1p/2n2np1/4p3/4PP2/3P2P1/PPP4P/RNBQKBNR b KQkq - 0 5,f3f4
20,arrrtleo,EulerE,869,931,r1bqk2r/pppp1pbp/2n2np1/4p3/4PP2/3P2P1/PPP4P/RNBQKBNR w KQkq - 1 6,f8g7
20,arrrtleo,EulerE,869,931,r1bqk2r/pppp1pbp/2n2np1/4P3/4P3/3P2P1/PPP4P/RNBQKBNR b KQkq - 0 6,f4e5
20,arrrtleo,EulerE,869,931,r1bqk1nr/pppp1pbp/2n3p1/4P3/4P3/3P2P1/PPP4P/RNBQKBNR w KQkq - 1 7,f6g8
20,arrrtleo,EulerE,869,931,r1bqk1nr/pppp1pbp/2n3p1/4P3/3PP3/6P1/PPP4P/RNBQKBNR b KQkq - 0 7,d3d4
20,arrrtleo,EulerE,869,931,r1bqk1nr/ppp2pbp/2np2p1/4P3/3PP3/6P1/PPP4P/RNBQKBNR w KQkq - 0 8,d7d6
20,arrrtleo,EulerE,869,931,r1bqk1nr/ppp2pbp/2nP2p1/8/3PP3/6P1/PPP4P/RNBQKBNR b KQkq - 0 8,e5d6
20,arrrtleo,EulerE,869,931,r1b1k1nr/ppp2pbp/2nq2p1/8/3PP3/6P1/PPP4P/RNBQKBNR w KQkq - 0 9,d8d6
20,arrrtleo,EulerE,869,931,r1b1k1nr/ppp2pbp/2nq2p1/3P4/4P3/6P1/PPP4P/RNBQKBNR b KQkq - 0 9,d4d5
20,arrrtleo,EulerE,869,931,r1b1k1nr/ppp2pbp/3q2p1/3Pn3/4P3/6P1/PPP4P/RNBQKBNR w KQkq - 1 10,c6e5
20,arrrtleo,EulerE,869,931,r1b1k1nr/ppp2pbp/3q2p1/3Pn3/4P3/2P3P1/PP5P/RNBQKBNR b KQkq - 0 10,c2c3
20,arrrtleo,EulerE,869,931,r1b1k2r/ppp1npbp/3q2p1/3Pn3/4P3/2P3P1/PP5P/RNBQKBNR w KQkq - 1 11,g8e7
20,arrrtleo,EulerE,869,931,r1b1k2r/ppp1npbp/3q2p1/3Pn3/4PB2/2P3P1/PP5P/RN1QKBNR b KQkq - 2 11,c1f4
20,arrrtleo,EulerE,869,931,r1b2rk1/ppp1npbp/3q2p1/3Pn3/4PB2/2P3P1/PP5P/RN1QKBNR w KQ - 3 12,e8g8
20,arrrtleo,EulerE,869,931,r1b2rk1/ppp1npbp/3q2p1/3PB3/4P3/2P3P1/PP5P/RN1QKBNR b KQ - 0 12,f4e5
20,arrrtleo,EulerE,869,931,r1b2rk1/ppp1np1p/3q2p1/3Pb3/4P3/2P3P1/PP5P/RN1QKBNR w KQ - 0 13,g7e5
20,arrrtleo,EulerE,869,931,r1b2rk1/ppp1np1p/3q2p1/3Pb3/4P3/2P3P1/PP1Q3P/RN2KBNR b KQ - 1 13,d1d2
20,arrrtleo,EulerE,869,931,r4rk1/ppp1np1p/3q2p1/3Pb3/4P1b1/2P3P1/PP1Q3P/RN2KBNR w KQ - 2 14,c8g4
20,arrrtleo,EulerE,869,931,r4rk1/ppp1np1p/3q2p1/3Pb3/4P1b1/2PB2P1/PP1Q3P/RN2K1NR b KQ - 3 14,f1d3
20,arrrtleo,EulerE,869,931,3r1rk1/ppp1np1p/3q2p1/3Pb3/4P1b1/2PB2P1/PP1Q3P/RN2K1NR w KQ - 4 15,a8d8
20,arrrtleo,EulerE,869,931,3r1rk1/ppp1np1p/3q2p1/3Pb3/4P1b1/2PB2PP/PP1Q4/RN2K1NR b KQ - 0 15,h2h3
20,arrrtleo,EulerE,869,931,3rr1k1/ppp1np1p/3q2p1/3Pb3/4P1b1/2PB2PP/PP1Q4/RN2K1NR w KQ - 1 16,f8e8
20,arrrtleo,EulerE,869,931,3rr1k1/ppp1np1p/3q2p1/3Pb3/4P1P1/2PB2P1/PP1Q4/RN2K1NR b KQ - 0 16,h3g4
20,arrrtleo,EulerE,869,931,3rr1k1/ppp1n2p/3q2p1/3Pbp2/4P1P1/2PB2P1/PP1Q4/RN2K1NR w KQ - 0 17,f7f5
20,arrrtleo,EulerE,869,931,3rr1k1/ppp1n2p/3q2p1/3PbP2/4P3/2PB2P1/PP1Q4/RN2K1NR b KQ - 0 17,g4f5
20,arrrtleo,EulerE,869,931,3rr1k1/ppp1n2p/3q4/3Pbp2/4P3/2PB2P1/PP1Q4/RN2K1NR w KQ - 0 18,g6f5
20,arrrtleo,EulerE,869,931,3rr1k1/ppp1n2p/3q4/3Pbp2/4P3/2PB2P1/PP1QN3/RN2K2R b KQ - 1 18,g1e2
20,arrrtleo,EulerE,869,931,3rr1k1/ppp1n2p/3q4/3Pb3/4p3/2PB2P1/PP1QN3/RN2K2R w KQ - 0 19,f5e4
20,arrrtleo,EulerE,869,931,3rr1k1/ppp1n2p/3q4/3Pb3/4B3/2P3P1/PP1QN3/RN2K2R b KQ - 0 19,d3e4
20,arrrtleo,EulerE,869,931,3r1rk1/ppp1n2p/3q4/3Pb3/4B3/2P3P1/PP1QN3/RN2K2R w KQ - 1 20,e8f8
20,arrrtleo,EulerE,869,931,3r1rk1/ppp1n2p/3q4/3Pb3/4B3/2P3P1/PP1QN3/RN2KR2 b Q - 2 20,h1f1
20,arrrtleo,EulerE,869,931,3r2k1/ppp1n2p/3q4/3Pb3/4B3/2P3P1/PP1QN3/RN2Kr2 w Q - 0 21,f8f1
20,arrrtleo,EulerE,869,931,3r2k1/ppp1n2p/3q4/3Pb3/4B3/2P3P1/PP1QN3/RN3K2 b - - 0 21,e1f1
20,arrrtleo,EulerE,869,931,5rk1/ppp1n2p/3q4/3Pb3/4B3/2P3P1/PP1QN3/RN3K2 w - - 1 22,d8f8
20,arrrtleo,EulerE,869,931,5rk1/ppp1n2p/3q4/3Pb3/4B3/2P3P1/PP1QN3/RN2K3 b - - 2 22,f1e1
20,arrrtleo,EulerE,869,931,5rk1/ppp1n2p/3q4/3P4/4B3/2P3b1/PP1QN3/RN2K3 w - - 0 23,e5g3
20,arrrtleo,EulerE,869,931,5rk1/ppp1n2p/3q4/3P4/4B3/2P3b1/PP1QN3/RN1K4 b - - 1 23,e1d1
20,arrrtleo,EulerE,869,931,5rk1/ppp1n2p/8/3P4/4Bq2/2P3b1/PP1QN3/RN1K4 w - - 2 24,d6f4
20,arrrtleo,EulerE,869,931,5rk1/ppp1n2p/8/3P4/4BQ2/2P3b1/PP2N3/RN1K4 b - - 0 24,d2f4
20,arrrtleo,EulerE,869,931,5rk1/ppp1n2p/8/3P4/4Bb2/2P5/PP2N3/RN1K4 w - - 0 25,g3f4
20,arrrtleo,EulerE,869,931,5rk1/ppp1n2p/8/3P4/4BN2/2P5/PP6/RN1K4 b - - 0 25,e2f4
20,arrrtleo,EulerE,869,931,6k1/ppp1n2p/8/3P4/4Br2/2P5/PP6/RN1K4 w - - 0 26,f8f4
20,arrrtleo,EulerE,869,931,6k1/ppp1n2p/8/3P4/4Br2/2P5/PPK5/RN6 b - - 1 26,d1c2
20,arrrtleo,EulerE,869,931,6k1/ppp1n2p/8/3P4/4B3/2P5/PPK5/RN3r2 w - - 2 27,f4f1
20,arrrtleo,EulerE,869,931,6k1/ppp1n2p/8/3P4/4B3/2PK4/PP6/RN3r2 b - - 3 27,c2d3
20,arrrtleo,EulerE,869,931,6k1/pp2n2p/2p5/3P4/4B3/2PK4/PP6/RN3r2 w - - 0 28,c7c6
20,arrrtleo,EulerE,869,931,6k1/pp2n2p/2P5/8/4B3/2PK4/PP6/RN3r2 b - - 0 28,d5c6
20,arrrtleo,EulerE,869,931,6k1/pp5p/2n5/8/4B3/2PK4/PP6/RN3r2 w - - 0 29,e7c6
20,arrrtleo,EulerE,869,931,6k1/pp5p/2B5/8/8/2PK4/PP6/RN3r2 b - - 0 29,e4c6
20,arrrtleo,EulerE,869,931,6k1/p6p/2p5/8/8/2PK4/PP6/RN3r2 w - - 0 30,b7c6
20,arrrtleo,EulerE,869,931,6k1/p6p/2p5/8/2K5/2P5/PP6/RN3r2 b - - 1 30,d3c4
20,arrrtleo,EulerE,869,931,6k1/p7/2p5/7p/2K5/2P5/PP6/RN3r2 w - - 0 31,h7h5
20,arrrtleo,EulerE,869,931,6k1/p7/2p5/7p/8/1KP5/PP6/RN3r2 b - - 1 31,c4b3
20,arrrtleo,EulerE,869,931,6k1/p7/2p5/8/7p/1KP5/PP6/RN3r2 w - - 0 32,h5h4
20,arrrtleo,EulerE,869,931,6k1/p7/2p5/8/P6p/1KP5/1P6/RN3r2 b - - 0 32,a2a4
20,arrrtleo,EulerE,869,931,6k1/p7/2p5/8/P7/1KP4p/1P6/RN3r2 w - - 0 33,h4h3
20,arrrtleo,EulerE,869,931,6k1/p7/2p5/8/P7/2P4p/KP6/RN3r2 b - - 1 33,b3a2
20,arrrtleo,EulerE,869,931,6k1/p7/2p5/8/P7/2P5/KP5p/RN3r2 w - - 0 34,h3h2
20,arrrtleo,EulerE,869,931,6k1/p7/2p5/8/P7/2P5/KP1N3p/R4r2 b - - 1 34,b1d2
20,arrrtleo,EulerE,869,931,6k1/p7/2p5/8/P7/2P5/KP1N3p/r7 w - - 0 35,f1a1
20,arrrtleo,EulerE,869,931,6k1/p7/2p5/8/P7/2P5/1P1N3p/K7 b - - 0 35,a2a1
20,arrrtleo,EulerE,869,931,6k1/p7/2p5/8/P7/2P5/1P1N4/K6q w - - 0 36,h2h1q
20,arrrtleo,EulerE,869,931,6k1/p7/2p5/8/P7/2P5/KP1N4/7q b - - 1 36,a1a2
20,arrrtleo,EulerE,869,931,6k1/p7/2p5/3q4/P7/2P5/KP1N4/8 w - - 2 37,h1d5
20,arrrtleo,EulerE,869,931,6k1/p7/2p5/3q4/P7/1NP5/KP6/8 b - - 3 37,d2b3
20,arrrtleo,EulerE,869,931,6k1/p7/2p5/8/P7/1NP5/KP1q4/8 w - - 4 38,d5d2
20,arrrtleo,EulerE,869,931,6k1/p7/2p5/8/P7/KNP5/1P1q4/8 b - - 5 38,a2a3
20,arrrtleo,EulerE,869,931,6k1/p7/2pq4/8/P7/KNP5/1P6/8 w - - 6 39,d2d6
20,arrrtleo,EulerE,869,931,6k1/p7/2pq4/8/P7/1NP5/KP6/8 b - - 7 39,a3a2
20,arrrtleo,EulerE,869,931,6k1/p7/2p5/8/P7/1NP5/KP5q/8 w - - 8 40,d6h2
20,arrrtleo,EulerE,869,931,6k1/p7/2p5/8/P7/KNP5/1P5q/8 b - - 9 40,a2a3
20,arrrtleo,EulerE,869,931,8/p4k2/2p5/8/P7/KNP5/1P5q/8 w - - 10 41,g8f7
20,arrrtleo,EulerE,869,931,8/p4k2/2p5/8/P7/1NP5/KP5q/8 b - - 11 41,a3a2
20,arrrtleo,EulerE,869,931,8/p7/2p1k3/8/P7/1NP5/KP5q/8 w - - 12 42,f7e6
20,arrrtleo,EulerE,869,931,8/p7/2p1k3/8/P7/KNP5/1P5q/8 b - - 13 42,a2a3
20,arrrtleo,EulerE,869,931,8/p7/2p5/5k2/P7/KNP5/1P5q/8 w - - 14 43,e6f5
20,arrrtleo,EulerE,869,931,8/p7/2p5/2N2k2/P7/K1P5/1P5q/8 b - - 15 43,b3c5
20,arrrtleo,EulerE,869,931,8/p7/2p5/2N5/P4k2/K1P5/1P5q/8 w - - 16 44,f5f4
20,arrrtleo,EulerE,869,931,8/p7/2p5/8/P4k2/KNP5/1P5q/8 b - - 17 44,c5b3
20,arrrtleo,EulerE,869,931,8/p7/2p5/8/P7/KNP1k3/1P5q/8 w - - 18 45,f4e3
20,arrrtleo,EulerE,869,931,8/p7/2p5/P7/8/KNP1k3/1P5q/8 b - - 0 45,a4a5
20,arrrtleo,EulerE,869,931,8/p7/2p5/P7/8/KNPk4/1P5q/8 w - - 1 46,e3d3
20,arrrtleo,EulerE,869,931,8/p7/2p5/P7/1K6/1NPk4/1P5q/8 b - - 2 46,a3b4
20,arrrtleo,EulerE,869,931,8/p7/2p5/P3q3/1K6/1NPk4/1P6/8 w - - 3 47,h2e5
20,arrrtleo,EulerE,869,931,8/p7/2p5/P3q3/8/KNPk4/1P6/8 b - - 4 47,b4a3
20,arrrtleo,EulerE,869,931,8/p7/2p5/P1q5/8/KNPk4/1P6/8 w - - 5 48,e5c5
20,arrrtleo,EulerE,869,931,8/p7/2p5/P1q5/8/1NPk4/KP6/8 b - - 6 48,a3a2
20,arrrtleo,EulerE,869,931,8/p7/2p5/Pq6/8/1NPk4/KP6/8 w - - 7 49,c5b5
20,arrrtleo,EulerE,869,931,8/p7/2p5/Pq6/8/KNPk4/1P6/8 b - - 8 49,a2a3
20,arrrtleo,EulerE,869,931,8/p7/2p5/Pq6/8/KNP5/1Pk5/8 w - - 9 50,d3c2
20,arrrtleo,EulerE,869,931,8/p7/2p5/Pq6/8/1NP5/KPk5/8 b - - 10 50,a3a2
20,arrrtleo,EulerE,869,931,8/p7/2p5/P7/8/1qP5/KPk5/8 w - - 0 51,b5b3
20,arrrtleo,EulerE,869,931,8/p7/2p5/P7/8/1qP5/1Pk5/K7 b - - 1 51,a2a1
20,arrrtleo,EulerE,869,931,8/p7/2p5/P7/8/2P5/1qk5/K7 w - - 0 52,b3b2
21,EulerE,rvbrandaoface,924,982,rnbqkbnr/pppppppp/8/8/3P4/8/PPP1PPPP/RNBQKBNR b KQkq - 0 1,d2d4
21,EulerE,rvbrandaoface,924,982,rnbqkbnr/pppp1ppp/4p3/8/3P4/8/PPP1PPPP/RNBQKBNR w KQkq - 0 2,e7e6
21,EulerE,rvbrandaoface,924,982,rnbqkbnr/pppp1ppp/4p3/8/2PP4/8/PP2PPPP/RNBQKBNR b KQkq - 0 2,c2c4
21,EulerE,rvbrandaoface,924,982,rnbqkbnr/ppp2ppp/4p3/3p4/2PP4/8/PP2PPPP/RNBQKBNR w KQkq - 0 3,d7d5
21,EulerE,rvbrandaoface,924,982,rnbqkbnr/ppp2ppp/4p3/3p4/2PP4/5N2/PP2PPPP/RNBQKB1R b KQkq - 1 3,g1f3
21,EulerE,rvbrandaoface,924,982,rnbqkb1r/ppp2ppp/4pn2/3p4/2PP4/5N2/PP2PPPP/RNBQKB1R w KQkq - 2 4,g8f6
21,EulerE,rvbrandaoface,924,982,rnbqkb1r/ppp2ppp/4pn2/3p4/2PP4/2N2N2/PP2PPPP/R1BQKB1R b KQkq - 3 4,b1c3
21,EulerE,rvbrandaoface,924,982,rnbqkb1r/pp3ppp/4pn2/2pp4/2PP4/2N2N2/PP2PPPP/R1BQKB1R w KQkq - 0 5,c7c5
21,EulerE,rvbrandaoface,924,982,rnbqkb1r/pp3ppp/4pn2/2pP4/3P4/2N2N2/PP2PPPP/R1BQKB1R b KQkq - 0 5,c4d5
21,EulerE,rvbrandaoface,924,982,rnbqkb1r/pp3ppp/5n2/2pp4/3P4/2N2N2/PP2PPPP/R1BQKB1R w KQkq - 0 6,e6d5
21,EulerE,rvbrandaoface,924,982,rnbqkb1r/pp3ppp/5n2/2pp4/3P4/2N1PN2/PP3PPP/R1BQKB1R b KQkq - 0 6,e2e3
21,EulerE,rvbrandaoface,924,982,rnbqkb1r/pp3ppp/5n2/3p4/2pP4/2N1PN2/PP3PPP/R1BQKB1R w KQkq - 0 7,c5c4
21,EulerE,rvbrandaoface,924,982,rnbqkb1r/pp3ppp/5n2/3p4/2pP4/2N1PN2/PP1B1PPP/R2QKB1R b KQkq - 1 7,c1d2
21,EulerE,rvbrandaoface,924,982,rnbqk2r/pp2bppp/5n2/3p4/2pP4/2N1PN2/PP1B1PPP/R2QKB1R w KQkq - 2 8,f8e7
21,EulerE,rvbrandaoface,924,982,rnbqk2r/pp2bppp/5n2/3p4/2pP4/2N1PN2/PPQB1PPP/R3KB1R b KQkq - 3 8,d1c2
21,EulerE,rvbrandaoface,924,982,rn1qk2r/pp2bppp/5n2/3p4/2pP2b1/2N1PN2/PPQB1PPP/R3KB1R w KQkq - 4 9,c8g4
21,EulerE,rvbrandaoface,924,982,rn1qk2r/pp2bppp/5n2/3p4/2pP2b1/2N1PN2/PPQBBPPP/R3K2R b KQkq - 5 9,f1e2
21,EulerE,rvbrandaoface,924,982,rn1q1rk1/pp2bppp/5n2/3p4/2pP2b1/2N1PN2/PPQBBPPP/R3K2R w KQ - 6 10,e8g8
21,EulerE,rvbrandaoface,924,982,rn1q1rk1/pp2bppp/5n2/3p4/2pP2b1/2N1PN2/PPQBBPPP/R4RK1 b - - 7 10,e1g1
21,EulerE,rvbrandaoface,924,982,r2q1rk1/pp2bppp/2n2n2/3p4/2pP2b1/2N1PN2/PPQBBPPP/R4RK1 w - - 8 11,b8c6
21,EulerE,rvbrandaoface,924,982,r2q1rk1/pp2bppp/2n2n2/1N1p4/2pP2b1/4PN2/PPQBBPPP/R4RK1 b - - 9 11,c3b5
21,EulerE,rvbrandaoface,924,982,r2q1rk1/1p2bppp/p1n2n2/1N1p4/2pP2b1/4PN2/PPQBBPPP/R4RK1 w - - 0 12,a7a6
21,EulerE,rvbrandaoface,924,982,r2q1rk1/1p2bppp/p1n2n2/3p4/2pP2b1/2N1PN2/PPQBBPPP/R4RK1 b - - 1 12,b5c3
21,EulerE,rvbrandaoface,924,982,r2q1rk1/4bppp/p1n2n2/1p1p4/2pP2b1/2N1PN2/PPQBBPPP/R4RK1 w - - 0 13,b7b5
21,EulerE,rvbrandaoface,924,982,r2q1rk1/4bppp/p1n2n2/1p1p4/1PpP2b1/2N1PN2/P1QBBPPP/R4RK1 b - b3 0 13,b2b4
21,EulerE,rvbrandaoface,924,982,r2q1rk1/4bppp/p4n2/1p1p4/1npP2b1/2N1PN2/P1QBBPPP/R4RK1 w - - 0 14,c6b4
21,EulerE,rvbrandaoface,924,982,r2q1rk1/4bppp/p4n2/1p1p4/1npP2b1/P1N1PN2/2QBBPPP/R4RK1 b - - 0 14,a2a3
21,EulerE,rvbrandaoface,924,982,r2q1rk1/4bppp/p1n2n2/1p1p4/2pP2b1/P1N1PN2/2QBBPPP/R4RK1 w - - 1 15,b4c6
21,EulerE,rvbrandaoface,924,982,r2q1rk1/4bppp/p1n2n2/1p1p4/2pP2b1/P1N1PN2/2QBBPPP/1R3RK1 b - - 2 15,a1b1
21,EulerE,rvbrandaoface,924,982,r4rk1/4bppp/p1n2n2/qp1p4/2pP2b1/P1N1PN2/2QBBPPP/1R3RK1 w - - 3 16,d8a5
21,EulerE,rvbrandaoface,924,982,r4rk1/4bppp/p1n2n2/qp1p4/2pP2b1/P1N1PN2/2Q1BPPP/1R2BRK1 b - - 4 16,d2e1
21,EulerE,rvbrandaoface,924,982,r4rk1/4bppp/p1n2n2/1p1p4/2pP2b1/q1N1PN2/2Q1BPPP/1R2BRK1 w - - 0 17,a5a3
21,EulerE,rvbrandaoface,924,982,r4rk1/4bppp/p1n2n2/1p1p4/2pP2b1/q1N1PN2/2Q1BPPP/R3BRK1 b - - 1 17,b1a1
21,EulerE,rvbrandaoface,924,982,r4rk1/4bppp/p1nq1n2/1p1p4/2pP2b1/2N1PN2/2Q1BPPP/R3BRK1 w - - 2 18,a3d6
21,EulerE,rvbrandaoface,924,982,r4rk1/4bppp/p1nq1n2/1p1pN3/2pP2b1/2N1P3/2Q1BPPP/R3BRK1 b - - 3 18,f3e5
21,EulerE,rvbrandaoface,924,982,r4rk1/4bppp/p1nq1n2/1p1pN3/2pP4/2N1P3/2Q1bPPP/R3BRK1 w - - 0 19,g4e2
21,EulerE,rvbrandaoface,924,982,r4rk1/4bppp/p1nq1n2/1p1pN3/2pP4/2N1P3/4QPPP/R3BRK1 b - - 0 19,c2e2
21,EulerE,rvbrandaoface,924,982,r4rk1/4bppp/p2q1n2/1p1pn3/2pP4/2N1P3/4QPPP/R3BRK1 w - - 0 20,c6e5
21,EulerE,rvbrandaoface,924,982,r4rk1/4bppp/p2q1n2/1p1pP3/2p5/2N1P3/4QPPP/R3BRK1 b - - 0 20,d4e5
21,EulerE,rvbrandaoface,924,982,r4rk1/4bppp/p4n2/1p1pq3/2p5/2N1P3/4QPPP/R3BRK1 w - - 0 21,d6e5
21,EulerE,rvbrandaoface,924,982,r4rk1/4bppp/p4n2/Rp1pq3/2p5/2N1P3/4QPPP/4BRK1 b - - 1 21,a1a5
21,EulerE,rvbrandaoface,924,982,r2b1rk1/5ppp/p4n2/Rp1pq3/2p5/2N1P3/4QPPP/4BRK1 w - - 2 22,e7d8
21,EulerE,rvbrandaoface,924,982,r2b1rk1/5ppp/p4n2/1p1pq3/2p5/2N1P3/4QPPP/R3BRK1 b - - 3 22,a5a1
21,EulerE,rvbrandaoface,924,982,r2b1rk1/5ppp/p7/1p1pq3/2p1n3/2N1P3/4QPPP/R3BRK1 w - - 4 23,f6e4
21,EulerE,rvbrandaoface,924,982,r2b1rk1/5ppp/p7/1p1pq3/2p1N3/4P3/4QPPP/R3BRK1 b - - 0 23,c3e4
21,EulerE,rvbrandaoface,924,982,r2b1rk1/5ppp/p7/1p1p4/2p1q3/4P3/4QPPP/R3BRK1 w - - 0 24,e5e4
21,EulerE,rvbrandaoface,924,982,r2b1rk1/5ppp/p7/1p1p4/2p1q3/2B1P3/4QPPP/R4RK1 b - - 1 24,e1c3
21,EulerE,rvbrandaoface,924,982,r4rk1/5ppp/p4b2/1p1p4/2p1q3/2B1P3/4QPPP/R4RK1 w - - 2 25,d8f6
21,EulerE,rvbrandaoface,924,982,r4rk1/5ppp/p4B2/1p1p4/2p1q3/4P3/4QPPP/R4RK1 b - - 0 25,c3f6
21,EulerE,rvbrandaoface,924,982,r4rk1/5p1p/p4p2/1p1p4/2p1q3/4P3/4QPPP/R4RK1 w - - 0 26,g7f6
21,EulerE,rvbrandaoface,924,982,r4rk1/5p1p/p4p2/1p1p4/2p1q3/4P3/4QPPP/R2R2K1 b - - 1 26,f1d1
21,EulerE,rvbrandaoface,924,982,3r1rk1/5p1p/p4p2/1p1p4/2p1q3/4P3/4QPPP/R2R2K1 w - - 2 27,a8d8
21,EulerE,rvbrandaoface,924,982,3r1rk1/5p1p/p4p2/1p1p4/2p1q3/4P3/R3QPPP/3R2K1 b - - 3 27,a1a2
21,EulerE,rvbrandaoface,924,982,3r1rk1/5p1p/p4p2/1p6/2ppq3/4P3/R3QPPP/3R2K1 w - - 0 28,d5d4
21,EulerE,rvbrandaoface,924,982,3r1rk1/5p1p/p4p2/1p6/2pPq3/8/R3QPPP/3R2K1 b - - 0 28,e3d4
21,EulerE,rvbrandaoface,924,982,3r1rk1/5p1p/p4p2/1p6/2pP4/8/R3qPPP/3R2K1 w - - 0 29,e4e2
21,EulerE,rvbrandaoface,924,982,3r1rk1/5p1p/p4p2/1p6/2pP4/8/4RPPP/3R2K1 b - - 0 29,a2e2
21,EulerE,rvbrandaoface,924,982,3rr1k1/5p1p/p4p2/1p6/2pP4/8/4RPPP/3R2K1 w - - 1 30,f8e8
21,EulerE,rvbrandaoface,924,982,3rR1k1/5p1p/p4p2/1p6/2pP4/8/5PPP/3R2K1 b - - 0 30,e2e8
21,EulerE,rvbrandaoface,924,982,4r1k1/5p1p/p4p2/1p6/2pP4/8/5PPP/3R2K1 w - - 0 31,d8e8
21,EulerE,rvbrandaoface,924,982,4r1k1/5p1p/p4p2/1p6/2pP4/6P1/5P1P/3R2K1 b - - 0 31,g2g3
21,EulerE,rvbrandaoface,924,982,4r1k1/5p1p/p4p2/1p6/3P4/2p3P1/5P1P/3R2K1 w - - 0 32,c4c3
21,EulerE,rvbrandaoface,924,982,4r1k1/5p1p/p4p2/1p6/3P4/2p3P1/5PKP/3R4 b - - 1 32,g1g2
21,EulerE,rvbrandaoface,924,982,4r1k1/5p1p/p4p2/8/1p1P4/2p3P1/5PKP/3R4 w - - 0 33,b5b4
21,EulerE,rvbrandaoface,924,982,4r1k1/5p1p/p4p2/8/1p1P4/2p3P1/5PKP/2R5 b - - 1 33,d1c1
21,EulerE,rvbrandaoface,924,982,2r3k1/5p1p/p4p2/8/1p1P4/2p3P1/5PKP/2R5 w - - 2 34,e8c8
21,EulerE,rvbrandaoface,924,982,2r3k1/5p1p/p4p2/8/1p1P4/2p3P1/5P1P/2R2K2 b - - 3 34,g2f1
21,EulerE,rvbrandaoface,924,982,2r3k1/5p1p/p4p2/8/3P4/1pp3P1/5P1P/2R2K2 w - - 0 35,b4b3
21,EulerE,rvbrandaoface,924,982,2r3k1/5p1p/p4p2/8/3P4/1pp3P1/4KP1P/2R5 b - - 1 35,f1e2
21,EulerE,rvbrandaoface,924,982,2r3k1/5p1p/p4p2/8/3P4/2p3P1/1p2KP1P/2R5 w - - 0 36,b3b2
21,EulerE,rvbrandaoface,924,982,2r3k1/5p1p/p4p2/8/3P4/2p3P1/1p2KP1P/1R6 b - - 1 36,c1b1
21,EulerE,rvbrandaoface,924,982,2r3k1/5p1p/p4p2/8/3P4/6P1/1pp1KP1P/1R6 w - - 0 37,c3c2
21,EulerE,rvbrandaoface,924,982,2r3k1/5p1p/p4p2/8/3P4/6P1/1Rp1KP1P/8 b - - 0 37,b1b2
21,EulerE,rvbrandaoface,924,982,2r3k1/5p1p/p4p2/8/3P4/6P1/1R2KP1P/2q5 w - - 0 38,c2c1q
21,EulerE,rvbrandaoface,924,982,2r3k1/5p1p/p4p2/8/3P4/6P1/3RKP1P/2q5 b - - 1 38,b2d2
21,EulerE,rvbrandaoface,924,982,2r3k1/5p1p/p4p2/8/2qP4/6P1/3RKP1P/8 w - - 2 39,c1c4
21,EulerE,rvbrandaoface,924,982,2r3k1/5p1p/p4p2/8/2qP4/6P1/3R1P1P/4K3 b - - 3 39,e2e1
21,EulerE,rvbrandaoface,924,982,4r1k1/5p1p/p4p2/8/2qP4/6P1/3R1P1P/4K3 w - - 4 40,c8e8
21,EulerE,rvbrandaoface,924,982,4r1k1/5p1p/p4p2/8/2qP4/6P1/4RP1P/4K3 b - - 5 40,d2e2
21,EulerE,rvbrandaoface,924,982,4r1k1/5p1p/p4p2/8/3P4/6P1/4RP1P/2q1K3 w - - 6 41,c4c1
22,WhatsAGambitt,EulerE,901,915,rnbqkbnr/pppppppp/8/8/3P4/8/PPP1PPPP/RNBQKBNR b KQkq - 0 1,d2d4
22,WhatsAGambitt,EulerE,901,915,rnbqkbnr/ppp1pppp/8/3p4/3P4/8/PPP1PPPP/RNBQKBNR w KQkq - 0 2,d7d5
22,WhatsAGambitt,EulerE,901,915,rnbqkbnr/ppp1pppp/8/3p4/3P4/5N2/PPP1PPPP/RNBQKB1R b KQkq - 1 2,g1f3
22,WhatsAGambitt,EulerE,901,915,r1bqkbnr/ppp1pppp/2n5/3p4/3P4/5N2/PPP1PPPP/RNBQKB1R w KQkq - 2 3,b8c6
22,WhatsAGambitt,EulerE,901,915,r1bqkbnr/ppp1pppp/2n5/3p4/3P4/5NP1/PPP1PP1P/RNBQKB1R b KQkq - 0 3,g2g3
22,WhatsAGambitt,EulerE,901,915,r1bqkb1r/ppp1pppp/2n2n2/3p4/3P4/5NP1/PPP1PP1P/RNBQKB1R w KQkq - 1 4,g8f6
22,WhatsAGambitt,EulerE,901,915,r1bqkb1r/ppp1pppp/2n2n2/3p4/3P4/5NP1/PPP1PPBP/RNBQK2R b KQkq - 2 4,f1g2
22,WhatsAGambitt,EulerE,901,915,r1bqkb1r/ppp1pp1p/2n2np1/3p4/3P4/5NP1/PPP1PPBP/RNBQK2R w KQkq - 0 5,g7g6
22,WhatsAGambitt,EulerE,901,915,r1bqkb1r/ppp1pp1p/2n2np1/3p4/3P4/5NP1/PPP1PPBP/RNBQ1RK1 b kq - 1 5,e1g1
22,WhatsAGambitt,EulerE,901,915,r1bqk2r/ppp1ppbp/2n2np1/3p4/3P4/5NP1/PPP1PPBP/RNBQ1RK1 w kq - 2 6,f8g7
22,WhatsAGambitt,EulerE,901,915,r1bqk2r/ppp1ppbp/2n2np1/3p4/3P4/5NP1/PPP1PPBP/RNBQR1K1 b kq - 3 6,f1e1
22,WhatsAGambitt,EulerE,901,915,r1bq1rk1/ppp1ppbp/2n2np1/3p4/3P4/5NP1/PPP1PPBP/RNBQR1K1 w - - 4 7,e8g8
22,WhatsAGambitt,EulerE,901,915,r1bq1rk1/ppp1ppbp/2n2np1/3p4/3P4/P4NP1/1PP1PPBP/RNBQR1K1 b - - 0 7,a2a3
22,WhatsAGambitt,EulerE,901,915,r2q1rk1/ppp1ppbp/2n2np1/3p4/3P2b1/P4NP1/1PP1PPBP/RNBQR1K1 w - - 1 8,c8g4
22,WhatsAGambitt,EulerE,901,915,r2q1rk1/ppp1ppbp/2n2np1/3p4/3P2b1/P4NP1/1PPNPPBP/R1BQR1K1 b - - 2 8,b1d2
22,WhatsAGambitt,EulerE,901,915,r2q1rk1/ppp1ppbp/2n2np1/3p4/3P4/P4bP1/1PPNPPBP/R1BQR1K1 w - - 0 9,g4f3
22,WhatsAGambitt,EulerE,901,915,r2q1rk1/ppp1ppbp/2n2np1/3p4/3P4/P4BP1/1PPNPP1P/R1BQR1K1 b - - 0 9,g2f3
22,WhatsAGambitt,EulerE,901,915,r2q1rk1/ppp2pbp/2n1pnp1/3p4/3P4/P4BP1/1PPNPP1P/R1BQR1K1 w - - 0 10,e7e6
22,WhatsAGambitt,EulerE,901,915,r2q1rk1/ppp2pbp/2n1pnp1/3p4/3P4/P5P1/1PPNPPBP/R1BQR1K1 b - - 1 10,f3g2
22,WhatsAGambitt,EulerE,901,915,r2qr1k1/ppp2pbp/2n1pnp1/3p4/3P4/P5P1/1PPNPPBP/R1BQR1K1 w - - 2 11,f8e8
22,WhatsAGambitt,EulerE,901,915,r2qr1k1/ppp2pbp/2n1pnp1/3p4/3PP3/P5P1/1PPN1PBP/R1BQR1K1 b - - 0 11,e2e4
22,WhatsAGambitt,EulerE,901,915,r2qr1k1/ppp2pbp/2n1pnp1/8/3Pp3/P5P1/1PPN1PBP/R1BQR1K1 w - - 0 12,d5e4
22,WhatsAGambitt,EulerE,901,915,r2qr1k1/ppp2pbp/2n1pnp1/8/3PN3/P5P1/1PP2PBP/R1BQR1K1 b - - 0 12,d2e4
22,WhatsAGambitt,EulerE,901,915,r2qr1k1/ppp2pbp/2n1p1p1/8/3Pn3/P5P1/1PP2PBP/R1BQR1K1 w - - 0 13,f6e4
22,WhatsAGambitt,EulerE,901,915,r2qr1k1/ppp2pbp/2n1p1p1/8/3PB3/P5P1/1PP2P1P/R1BQR1K1 b - - 0 13,g2e4
22,WhatsAGambitt,EulerE,901,915,r2qr1k1/ppp2p1p/2n1p1p1/8/3bB3/P5P1/1PP2P1P/R1BQR1K1 w - - 0 14,g7d4
22,WhatsAGambitt,EulerE,901,915,r2qr1k1/ppp2p1p/2n1p1p1/8/3bBB2/P5P1/1PP2P1P/R2QR1K1 b - - 1 14,c1f4
22,WhatsAGambitt,EulerE,901,915,r2qr1k1/ppp2p1p/2n1p1p1/8/4BB2/P5P1/1bP2P1P/R2QR1K1 w - - 0 15,d4b2
22,WhatsAGambitt,EulerE,901,915,r2qr1k1/ppp2p1p/2n1p1p1/8/4BB2/P5P1/1bP2P1P/1R1QR1K1 b - - 1 15,a1b1
22,WhatsAGambitt,EulerE,901,915,r3r1k1/ppp2p1p/2n1p1p1/8/4BB2/P5P1/1bP2P1P/1R1qR1K1 w - - 0 16,d8d1
22,WhatsAGambitt,EulerE,901,915,r3r1k1/ppp2p1p/2n1p1p1/8/4BB2/P5P1/1bP2P1P/1R1R2K1 b - - 0 16,e1d1
22,WhatsAGambitt,EulerE,901,915,r3r1k1/ppp2p1p/2n1p1p1/8/4BB2/P1b3P1/2P2P1P/1R1R2K1 w - - 1 17,b2c3
22,WhatsAGambitt,EulerE,901,915,r3r1k1/pRp2p1p/2n1p1p1/8/4BB2/P1b3P1/2P2P1P/3R2K1 b - - 0 17,b1b7
22,WhatsAGambitt,EulerE,901,915,r2r2k1/pRp2p1p/2n1p1p1/8/4BB2/P1b3P1/2P2P1P/3R2K1 w - - 1 18,e8d8
22,WhatsAGambitt,EulerE,901,915,r2r2k1/pRp2p1p/2B1p1p1/8/5B2/P1b3P1/2P2P1P/3R2K1 b - - 0 18,e4c6
22,WhatsAGambitt,EulerE,901,915,r5k1/pRp2p1p/2B1p1p1/8/5B2/P1b3P1/2P2P1P/3r2K1 w - - 0 19,d8d1
22,WhatsAGambitt,EulerE,901,915,r5k1/pRp2p1p/2B1p1p1/8/5B2/P1b3P1/2P2PKP/3r4 b - - 1 19,g1g2
22,WhatsAGambitt,EulerE,901,915,1r4k1/pRp2p1p/2B1p1p1/8/5B2/P1b3P1/2P2PKP/3r4 w - - 2 20,a8b8
22,WhatsAGambitt,EulerE,901,915,1R4k1/p1p2p1p/2B1p1p1/8/5B2/P1b3P1/2P2PKP/3r4 b - - 0 20,b7b8
22,WhatsAGambitt,EulerE,901,915,1R6/p1p2pkp/2B1p1p1/8/5B2/P1b3P1/2P2PKP/3r4 w - - 1 21,g8g7
22,WhatsAGambitt,EulerE,901,915,1R6/p1B2pkp/2B1p1p1/8/8/P1b3P1/2P2PKP/3r4 b - - 0 21,f4c7
22,WhatsAGambitt,EulerE,901,915,1R6/p1B2pkp/2B1p1p1/8/3b4/P5P1/2P2PKP/3r4 w - - 1 22,c3d4
22,WhatsAGambitt,EulerE,901,915,1R6/p4pkp/2B1p1p1/8/3b1B2/P5P1/2P2PKP/3r4 b - - 2 22,c7f4
22,WhatsAGambitt,EulerE,901,915,1R6/p4pkp/2B1p1p1/8/3b1B2/P5P1/2P2PKP/4r3 w - - 3 23,d1e1
22,WhatsAGambitt,EulerE,901,915,8/p4pkp/2B1p1p1/8/3b1B2/PR4P1/2P2PKP/4r3 b - - 4 23,b8b3
22,WhatsAGambitt,EulerE,901,915,8/p4pkp/2B1p1p1/8/3b1B2/PR4P1/2P1rPKP/8 w - - 5 24,e1e2
22,WhatsAGambitt,EulerE,901,915,8/p4pkp/2B1p1p1/8/3b1B2/P4RP1/2P1rPKP/8 b - - 6 24,b3f3
22,WhatsAGambitt,EulerE,901,915,8/p4pkp/1bB1p1p1/8/5B2/P4RP1/2P1rPKP/8 w - - 7 25,d4b6
22,WhatsAGambitt,EulerE,901,915,8/p4pkp/1b2p1p1/1B6/5B2/P4RP1/2P1rPKP/8 b - - 8 25,c6b5
22,WhatsAGambitt,EulerE,901,915,8/p4pkp/1b2p3/1B4p1/5B2/P4RP1/2P1rPKP/8 w - - 0 26,g6g5
22,WhatsAGambitt,EulerE,901,915,8/p4pkp/1b2p3/6p1/5B2/P4RP1/2P1BPKP/8 b - - 0 26,b5e2
22,WhatsAGambitt,EulerE,901,915,8/p4pkp/1b2p3/8/5p2/P4RP1/2P1BPKP/8 w - - 0 27,g5f4
22,WhatsAGambitt,EulerE,901,915,8/p4pkp/1b2p3/8/5R2/P5P1/2P1BPKP/8 b - - 0 27,f3f4
22,WhatsAGambitt,EulerE,901,915,8/p4pkp/4p3/2b5/5R2/P5P1/2P1BPKP/8 w - - 1 28,b6c5
22,WhatsAGambitt,EulerE,901,915,8/p4pkp/4p3/2b5/6R1/P5P1/2P1BPKP/8 b - - 2 28,f4g4
22,WhatsAGambitt,EulerE,901,915,5k2/p4p1p/4p3/2b5/6R1/P5P1/2P1BPKP/8 w - - 3 29,g7f8
22,WhatsAGambitt,EulerE,901,915,5k2/p4p1p/4p3/2b5/P5R1/6P1/2P1BPKP/8 b - - 0 29,a3a4
22,WhatsAGambitt,EulerE,901,915,8/p3kp1p/4p3/2b5/P5R1/6P1/2P1BPKP/8 w - - 1 30,f8e7
22,WhatsAGambitt,EulerE,901,915,8/p3kp1p/4p3/1Bb5/P5R1/6P1/2P2PKP/8 b - - 2 30,e2b5
22,WhatsAGambitt,EulerE,901,915,5k2/p4p1p/4p3/1Bb5/P5R1/6P1/2P2PKP/8 w - - 3 31,e7f8
22,WhatsAGambitt,EulerE,901,915,5k2/p4p1p/4p3/1Bb5/P1P3R1/6P1/5PKP/8 b - - 0 31,c2c4
22,WhatsAGambitt,EulerE,901,915,8/p3kp1p/4p3/1Bb5/P1P3R1/6P1/5PKP/8 w - - 1 32,f8e7
22,WhatsAGambitt,EulerE,901,915,8/p3kp1p/4p3/1Bb5/P1P3RP/6P1/5PK1/8 b - - 0 32,h2h4
22,WhatsAGambitt,EulerE,901,915,8/p4p1p/3kp3/1Bb5/P1P3RP/6P1/5PK1/8 w - - 1 33,e7d6
22,WhatsAGambitt,EulerE,901,915,8/p4pRp/3kp3/1Bb5/P1P4P/6P1/5PK1/8 b - - 2 33,g4g7
22,WhatsAGambitt,EulerE,901,915,8/p3kpRp/4p3/1Bb5/P1P4P/6P1/5PK1/8 w - - 3 34,d6e7
22,WhatsAGambitt,EulerE,901,915,8/p3kp1R/4p3/1Bb5/P1P4P/6P1/5PK1/8 b - - 0 34,g7h7
22,WhatsAGambitt,EulerE,901,915,8/p3kp1R/4p3/1B6/P1Pb3P/6P1/5PK1/8 w - - 1 35,c5d4
22,WhatsAGambitt,EulerE,901,915,7R/p3kp2/4p3/1B6/P1Pb3P/6P1/5PK1/8 b - - 2 35,h7h8
22,WhatsAGambitt,EulerE,901,915,7R/p3kp2/4pb2/1B6/P1P4P/6P1/5PK1/8 w - - 3 36,d4f6
22,WhatsAGambitt,EulerE,901,915,R7/p3kp2/4pb2/1B6/P1P4P/6P1/5PK1/8 b - - 4 36,h8a8
22,WhatsAGambitt,EulerE,901,915,R7/p4p2/3kpb2/1B6/P1P4P/6P1/5PK1/8 w - - 5 37,e7d6
22,WhatsAGambitt,EulerE,901,915,8/R4p2/3kpb2/1B6/P1P4P/6P1/5PK1/8 b - - 0 37,a8a7
22,WhatsAGambitt,EulerE,901,915,8/R4p2/4pb2/1Bk5/P1P4P/6P1/5PK1/8 w - - 1 38,d6c5
22,WhatsAGambitt,EulerE,901,915,8/2R2p2/4pb2/1Bk5/P1P4P/6P1/5PK1/8 b - - 2 38,a7c7
22,WhatsAGambitt,EulerE,901,915,8/2R2p2/4pb2/1B6/PkP4P/6P1/5PK1/8 w - - 3 39,c5b4
22,WhatsAGambitt,EulerE,901,915,8/2R2p2/4pb2/1BP5/Pk5P/6P1/5PK1/8 b - - 0 39,c4c5
22,WhatsAGambitt,EulerE,901,915,8/2R2p2/4p3/1BP1b3/Pk5P/6P1/5PK1/8 w - - 1 40,f6e5
22,WhatsAGambitt,EulerE,901,915,2R5/5p2/4p3/1BP1b3/Pk5P/6P1/5PK1/8 b - - 2 40,c7c8
22,WhatsAGambitt,EulerE,901,915,2R5/5p2/3bp3/1BP5/Pk5P/6P1/5PK1/8 w - - 3 41,e5d6
22,WhatsAGambitt,EulerE,901,915,2R5/5p2/3Pp3/1B6/Pk5P/6P1/5PK1/8 b - - 0 41,c5d6
22,WhatsAGambitt,EulerE,901,915,2R5/5p2/3P4/1B2p3/Pk5P/6P1/5PK1/8 w - - 0 42,e6e5
22,WhatsAGambitt,EulerE,901,915,2R5/3P1p2/8/1B2p3/Pk5P/6P1/5PK1/8 b - - 0 42,d6d7
23,EulerE,BrotherMyoi,923,909,rnbqkbnr/pppppppp/8/8/3P4/8/PPP1PPPP/RNBQKBNR b KQkq - 0 1,d2d4
23,EulerE,BrotherMyoi,923,909,rnbqkbnr/ppp1pppp/8/3p4/3P4/8/PPP1PPPP/RNBQKBNR w KQkq - 0 2,d7d5
23,EulerE,BrotherMyoi,923,909,rnbqkbnr/ppp1pppp/8/3p4/2PP4/8/PP2PPPP/RNBQKBNR b KQkq - 0 2,c2c4
23,EulerE,BrotherMyoi,923,909,r1bqkbnr/ppp1pppp/2n5/3p4/2PP4/8/PP2PPPP/RNBQKBNR w KQkq - 1 3,b8c6
23,EulerE,BrotherMyoi,923,909,r1bqkbnr/ppp1pppp/2n5/3p4/2PP4/5N2/PP2PPPP/RNBQKB1R b KQkq - 2 3,g1f3
23,EulerE,BrotherMyoi,923,909,r1bqkb1r/ppp1pppp/2n2n2/3p4/2PP4/5N2/PP2PPPP/RNBQKB1R w KQkq - 3 4,g8f6
23,EulerE,BrotherMyoi,923,909,r1bqkb1r/ppp1pppp/2n2n2/3p4/2PP4/2N2N2/PP2PPPP/R1BQKB1R b KQkq - 4 4,b1c3
23,EulerE,BrotherMyoi,923,909,r1bqkb1r/ppp2ppp/2n1pn2/3p4/2PP4/2N2N2/PP2PPPP/R1BQKB1R w KQkq - 0 5,e7e6
23,EulerE,BrotherMyoi,923,909,r1bqkb1r/ppp2ppp/2n1pn2/3p4/2PP4/2N2NP1/PP2PP1P/R1BQKB1R b KQkq - 0 5,g2g3
23,EulerE,BrotherMyoi,923,909,r1bqk2r/ppp2ppp/2n1pn2/3p4/1bPP4/2N2NP1/PP2PP1P/R1BQKB1R w KQkq - 1 6,f8b4
23,EulerE,BrotherMyoi,923,909,r1bqk2r/ppp2ppp/2n1pn2/3p4/1bPP4/2N2NP1/PP1BPP1P/R2QKB1R b KQkq - 2 6,c1d2
23,EulerE,BrotherMyoi,923,909,r1bqk2r/ppp2pp1/2n1pn1p/3p4/1bPP4/2N2NP1/PP1BPP1P/R2QKB1R w KQkq - 0 7,h7h6
23,EulerE,BrotherMyoi,923,909,r1bqk2r/ppp2pp1/2n1pn1p/3p4/1bPP4/2N2NP1/PP1BPPBP/R2QK2R b KQkq - 1 7,f1g2
23,EulerE,BrotherMyoi,923,909,r1bq1rk1/ppp2pp1/2n1pn1p/3p4/1bPP4/2N2NP1/PP1BPPBP/R2QK2R w KQ - 2 8,e8g8
23,EulerE,BrotherMyoi,923,909,r1bq1rk1/ppp2pp1/2n1pn1p/3p4/1bPP4/2N2NP1/PP1BPPBP/R2Q1RK1 b - - 3 8,e1g1
23,EulerE,BrotherMyoi,923,909,r1bq1rk1/1pp2pp1/2n1pn1p/p2p4/1bPP4/2N2NP1/PP1BPPBP/R2Q1RK1 w - - 0 9,a7a5
23,EulerE,BrotherMyoi,923,909,r1bq1rk1/1pp2pp1/2n1pn1p/p2p4/1bPP4/P1N2NP1/1P1BPPBP/R2Q1RK1 b - - 0 9,a2a3
23,EulerE,BrotherMyoi,923,909,r1bq1rk1/1pp2pp1/2nbpn1p/p2p4/2PP4/P1N2NP1/1P1BPPBP/R2Q1RK1 w - - 1 10,b4d6
23,EulerE,BrotherMyoi,923,909,r1bq1rk1/1pp2pp1/2nbpn1p/p2p4/2PP4/P1N2NP1/1PQBPPBP/R4RK1 b - - 2 10,d1c2
24,Aleixtt,EulerE,863,930,rnbqkbnr/pppppppp/8/8/4P3/8/PPPP1PPP/RNBQKBNR b KQkq - 0 1,e2e4
24,Aleixtt,EulerE,863,930,rnbqkbnr/pppp1ppp/8/4p3/4P3/8/PPPP1PPP/RNBQKBNR w KQkq - 0 2,e7e5
24,Aleixtt,EulerE,863,930,rnbqkbnr/pppp1ppp/8/4p3/4P3/5N2/PPPP1PPP/RNBQKB1R b KQkq - 1 2,g1f3
24,Aleixtt,EulerE,863,930,r1bqkbnr/pppp1ppp/2n5/4p3/4P3/5N2/PPPP1PPP/RNBQKB1R w KQkq - 2 3,b8c6
24,Aleixtt,EulerE,863,930,r1bqkbnr/pppp1ppp/2n5/4p3/4P3/2N2N2/PPPP1PPP/R1BQKB1R b KQkq - 3 3,b1c3
24,Aleixtt,EulerE,863,930,r1bqkb1r/pppp1ppp/2n2n2/4p3/4P3/2N2N2/PPPP1PPP/R1BQKB1R w KQkq - 4 4,g8f6
24,Aleixtt,EulerE,863,930,r1bqkb1r/pppp1ppp/2n2n2/4p3/2B1P3/2N2N2/PPPP1PPP/R1BQK2R b KQkq - 5 4,f1c4
24,Aleixtt,EulerE,863,930,r1bqkb1r/pppp1p1p/2n2np1/4p3/2B1P3/2N2N2/PPPP1PPP/R1BQK2R w KQkq - 0 5,g7g6
24,Aleixtt,EulerE,863,930,r1bqkb1r/pppp1p1p/2n2np1/4p3/2B1P3/2N2N2/PPPP1PPP/R1BQ1RK1 b kq - 1 5,e1g1
24,Aleixtt,EulerE,863,930,r1bqk2r/pppp1pbp/2n2np1/4p3/2B1P3/2N2N2/PPPP1PPP/R1BQ1RK1 w kq - 2 6,f8g7
24,Aleixtt,EulerE,863,930,r1bqk2r/pppp1pbp/2n2np1/4p3/2B1P3/2NP1N2/PPP2PPP/R1BQ1RK1 b kq - 0 6,d2d3
24,Aleixtt,EulerE,863,930,r1bq1rk1/pppp1pbp/2n2np1/4p3/2B1P3/2NP1N2/PPP2PPP/R1BQ1RK1 w - - 1 7,e8g8
24,Aleixtt,EulerE,863,930,r1bq1rk1/pppp1pbp/2n2np1/4p1B1/2B1P3/2NP1N2/PPP2PPP/R2Q1RK1 b - - 2 7,c1g5
24,Aleixtt,EulerE,863,930,r1bq1rk1/pppp1pb1/2n2npp/4p1B1/2B1P3/2NP1N2/PPP2PPP/R2Q1RK1 w - - 0 8,h7h6
24,Aleixtt,EulerE,863,930,r1bq1rk1/pppp1pb1/2n2Bpp/4p3/2B1P3/2NP1N2/PPP2PPP/R2Q1RK1 b - - 0 8,g5f6
24,Aleixtt,EulerE,863,930,r1bq1rk1/pppp1p2/2n2bpp/4p3/2B1P3/2NP1N2/PPP2PPP/R2Q1RK1 w - - 0 9,g7f6
24,Aleixtt,EulerE,863,930,r1bq1rk1/pppp1p2/2n2bpp/4p3/2B1P3/P1NP1N2/1PP2PPP/R2Q1RK1 b - - 0 9,a2a3
24,Aleixtt,EulerE,863,930,r1bq1r2/pppp1p1k/2n2bpp/4p3/2B1P3/P1NP1N2/1PP2PPP/R2Q1RK1 w - - 1 10,g8h7
24,Aleixtt,EulerE,863,930,r1bq1r2/pppp1p1k/2n2bpp/3Np3/2B1P3/P2P1N2/1PP2PPP/R2Q1RK1 b - - 2 10,c3d5
24,Aleixtt,EulerE,863,930,r1bq1r2/ppp2p1k/2np1bpp/3Np3/2B1P3/P2P1N2/1PP2PPP/R2Q1RK1 w - - 0 11,d7d6
24,Aleixtt,EulerE,863,930,r1bq1r2/ppp2p1k/2np1Npp/4p3/2B1P3/P2P1N2/1PP2PPP/R2Q1RK1 b - - 0 11,d5f6
24,Aleixtt,EulerE,863,930,r1b2r2/ppp2p1k/2np1qpp/4p3/2B1P3/P2P1N2/1PP2PPP/R2Q1RK1 w - - 0 12,d8f6
24,Aleixtt,EulerE,863,930,r1b2r2/ppp2p1k/2np1qpp/4p3/2B1P3/P2P4/1PP2PPP/R2QNRK1 b - - 1 12,f3e1
24,Aleixtt,EulerE,863,930,r1b2r2/ppp2p1k/3p1qpp/4p3/2BnP3/P2P4/1PP2PPP/R2QNRK1 w - - 2 13,c6d4
24,Aleixtt,EulerE,863,930,r1b2r2/ppp2p1k/3p1qpp/4p3/2BnP3/P1PP4/1P3PPP/R2QNRK1 b - - 0 13,c2c3
24,Aleixtt,EulerE,863,930,r1b2r2/ppp2p1k/2np1qpp/4p3/2B1P3/P1PP4/1P3PPP/R2QNRK1 w - - 1 14,d4c6
24,Aleixtt,EulerE,863,930,r1b2r2/ppp2p1k/2np1qpp/4p3/2B1P3/P1PP1Q2/1P3PPP/R3NRK1 b - - 2 14,d1f3
24,Aleixtt,EulerE,863,930,r1b2r2/ppp2p1k/2npq1pp/4p3/2B1P3/P1PP1Q2/1P3PPP/R3NRK1 w - - 3 15,f6e6
24,Aleixtt,EulerE,863,930,r1b2r2/ppp2p1k/2npB1pp/4p3/4P3/P1PP1Q2/1P3PPP/R3NRK1 b - - 0 15,c4e6
24,Aleixtt,EulerE,863,930,r4r2/ppp2p1k/2npb1pp/4p3/4P3/P1PP1Q2/1P3PPP/R3NRK1 w - - 0 16,c8e6
24,Aleixtt,EulerE,863,930,r4r2/ppp2p1k/2npb1pp/4p3/4P3/P1PP1Q2/1PN2PPP/R4RK1 b - - 1 16,e1c2
24,Aleixtt,EulerE,863,930,r4r2/1pp2p1k/p1npb1pp/4p3/4P3/P1PP1Q2/1PN2PPP/R4RK1 w - - 0 17,a7a6
24,Aleixtt,EulerE,863,930,r4r2/1pp2p1k/p1npb1pp/4p3/3PP3/P1P2Q2/1PN2PPP/R4RK1 b - - 0 17,d3d4
24,Aleixtt,EulerE,863,930,r4r2/2p2p1k/p1npb1pp/1p2p3/3PP3/P1P2Q2/1PN2PPP/R4RK1 w - - 0 18,b7b5
24,Aleixtt,EulerE,863,930,r4r2/2p2p1k/p1npb1pp/1p1Pp3/4P3/P1P2Q2/1PN2PPP/R4RK1 b - - 0 18,d4d5
24,Aleixtt,EulerE,863,930,r4r2/2p2p1k/p1np2pp/1p1bp3/4P3/P1P2Q2/1PN2PPP/R4RK1 w - - 0 19,e6d5
24,Aleixtt,EulerE,863,930,r4r2/2p2p1k/p1np2pp/1p1Pp3/8/P1P2Q2/1PN2PPP/R4RK1 b - - 0 19,e4d5
24,Aleixtt,EulerE,863,930,r4r2/2p1np1k/p2p2pp/1p1Pp3/8/P1P2Q2/1PN2PPP/R4RK1 w - - 1 20,c6e7
24,Aleixtt,EulerE,863,930,r4r2/2p1np1k/p2p2pp/1p1Pp3/8/P1P1NQ2/1P3PPP/R4RK1 b - - 2 20,c2e3
24,Aleixtt,EulerE,863,930,r4r2/2p1n2k/p2p2pp/1p1Ppp2/8/P1P1NQ2/1P3PPP/R4RK1 w - - 0 21,f7f5
24,Aleixtt,EulerE,863,930,r4r2/2p1n2k/p2p2pp/1p1Ppp2/8/P1P1NQP1/1P3P1P/R4RK1 b - - 0 21,g2g3
24,Aleixtt,EulerE,863,930,r4r2/2p1n2k/p2p2pp/1p1P1p2/4p3/P1P1NQP1/1P3P1P/R4RK1 w - - 0 22,e5e4
24,Aleixtt,EulerE,863,930,r4r2/2p1n2k/p2p2pp/1p1P1p2/4pQ2/P1P1N1P1/1P3P1P/R4RK1 b - - 1 22,f3f4
24,Aleixtt,EulerE,863,930,r4r2/2p1n2k/p2p3p/1p1P1pp1/4pQ2/P1P1N1P1/1P3P1P/R4RK1 w - - 0 23,g6g5
24,Aleixtt,EulerE,863,930,r4r2/2p1n2k/p2p3p/1p1PQpp1/4p3/P1P1N1P1/1P3P1P/R4RK1 b - - 1 23,f4e5
24,Aleixtt,EulerE,863,930,r4r2/2p4k/p2p2np/1p1PQpp1/4p3/P1P1N1P1/1P3P1P/R4RK1 w - - 2 24,e7g6
24,Aleixtt,EulerE,863,930,r4r2/2p4k/p2p2np/1p1P1pp1/3Qp3/P1P1N1P1/1P3P1P/R4RK1 b - - 3 24,e5d4
24,Aleixtt,EulerE,863,930,r4r2/2p1n2k/p2p3p/1p1P1pp1/3Qp3/P1P1N1P1/1P3P1P/R4RK1 w - - 4 25,g6e7
24,Aleixtt,EulerE,863,930,r4r2/2p1n2k/p2p3p/1p1P1Np1/3Qp3/P1P3P1/1P3P1P/R4RK1 b - - 0 25,e3f5
24,Aleixtt,EulerE,863,930,r4r2/2p4k/p2p3p/1p1P1np1/3Qp3/P1P3P1/1P3P1P/R4RK1 w - - 0 26,e7f5
24,Aleixtt,EulerE,863,930,r4r2/2p4k/p2p3p/1p1P1np1/4p3/P1P3P1/1P3P1P/R2Q1RK1 b - - 1 26,d4d1
24,Aleixtt,EulerE,863,930,r4r2/2p1n2k/p2p3p/1p1P2p1/4p3/P1P3P1/1P3P1P/R2Q1RK1 w - - 2 27,f5e7
24,Aleixtt,EulerE,863,930,r4r2/2p1n2k/p2p3p/1p1P2p1/4p3/P1P3P1/1P2QP1P/R4RK1 b - - 3 27,d1e2
24,Aleixtt,EulerE,863,930,4rr2/2p1n2k/p2p3p/1p1P2p1/4p3/P1P3P1/1P2QP1P/R4RK1 w - - 4 28,a8e8
24,Aleixtt,EulerE,863,930,4rr2/2p1n2k/p2p3p/1p1P2p1/4Q3/P1P3P1/1P3P1P/R4RK1 b - - 0 28,e2e4
24,Aleixtt,EulerE,863,930,4rr2/2p4k/p2p2np/1p1P2p1/4Q3/P1P3P1/1P3P1P/R4RK1 w - - 1 29,e7g6
24,Aleixtt,EulerE,863,930,4rr2/2p4k/p2p2np/1p1P2p1/8/P1PQ2P1/1P3P1P/R4RK1 b - - 2 29,e4d3
24,Aleixtt,EulerE,863,930,4r3/2p2r1k/p2p2np/1p1P2p1/8/P1PQ2P1/1P3P1P/R4RK1 w - - 3 30,f8f7
24,Aleixtt,EulerE,863,930,4r3/2p2r1k/p2p2np/1p1P2p1/8/P1PQ2P1/1P3P1P/R3R1K1 b - - 4 30,f1e1
24,Aleixtt,EulerE,863,930,8/2p2r1k/p2p2np/1p1P2p1/8/P1PQ2P1/1P3P1P/R3r1K1 w - - 0 31,e8e1
24,Aleixtt,EulerE,863,930,8/2p2r1k/p2p2np/1p1P2p1/8/P1PQ2P1/1P3P1P/4R1K1 b - - 0 31,a1e1
24,Aleixtt,EulerE,863,930,8/2p3rk/p2p2np/1p1P2p1/8/P1PQ2P1/1P3P1P/4R1K1 w - - 1 32,f7g7
24,Aleixtt,EulerE,863,930,8/2p3rk/p2pR1np/1p1P2p1/8/P1PQ2P1/1P3P1P/6K1 b - - 2 32,e1e6
24,Aleixtt,EulerE,863,930,8/2p3rk/p2pR1n1/1p1P2pp/8/P1PQ2P1/1P3P1P/6K1 w - - 0 33,h6h5
24,Aleixtt,EulerE,863,930,8/2p3rk/p2p2R1/1p1P2pp/8/P1PQ2P1/1P3P1P/6K1 b - - 0 33,e6g6
24,Aleixtt,EulerE,863,930,8/2p4k/p2p2r1/1p1P2pp/8/P1PQ2P1/1P3P1P/6K1 w - - 0 34,g7g6
24,Aleixtt,EulerE,863,930,8/2p4k/p2p2r1/1p1P2pp/8/P1P2QP1/1P3P1P/6K1 b - - 1 34,d3f3
24,Aleixtt,EulerE,863,930,8/2p5/p2p2rk/1p1P2pp/8/P1P2QP1/1P3P1P/6K1 w - - 2 35,h7h6
24,Aleixtt,EulerE,863,930,8/2p2Q2/p2p2rk/1p1P2pp/8/P1P3P1/1P3P1P/6K1 b - - 3 35,f3f7
24,Aleixtt,EulerE,863,930,8/2p2Qr1/p2p3k/1p1P2pp/8/P1P3P1/1P3P1P/6K1 w - - 4 36,g6g7
24,Aleixtt,EulerE,863,930,8/2Q3r1/p2p3k/1p1P2pp/8/P1P3P1/1P3P1P/6K1 b - - 0 36,f7c7
24,Aleixtt,EulerE,863,930,8/2r5/p2p3k/1p1P2pp/8/P1P3P1/1P3P1P/6K1 w - - 0 37,g7c7
24,Aleixtt,EulerE,863,930,8/2r5/p2p3k/1p1P2pp/5P2/P1P3P1/1P5P/6K1 b - - 0 37,f2f4
24,Aleixtt,EulerE,863,930,2r5/8/p2p3k/1p1P2pp/5P2/P1P3P1/1P5P/6K1 w - - 1 38,c7c8
24,Aleixtt,EulerE,863,930,2r5/8/p2p3k/1p1P2pp/5P2/P1P3P1/1P3K1P/8 b - - 2 38,g1f2
24,Aleixtt,EulerE,863,930,2r5/8/p2p3k/1p1P3p/5p2/P1P3P1/1P3K1P/8 w - - 0 39,g5f4
24,Aleixtt,EulerE,863,930,2r5/8/p2p3k/1p1P3p/5p2/P1P2KP1/1P5P/8 b - - 1 39,f2f3
24,Aleixtt,EulerE,863,930,2r5/8/p2p2k1/1p1P3p/5p2/P1P2KP1/1P5P/8 w - - 2 40,h6g6
24,Aleixtt,EulerE,863,930,2r5/8/p2p2k1/1p1P3p/5K2/P1P3P1/1P5P/8 b - - 0 40,f3f4
24,Aleixtt,EulerE,863,930,5r2/8/p2p2k1/1p1P3p/5K2/P1P3P1/1P5P/8 w - - 1 41,c8f8
25,EulerE,mgzr,937,887,rnbqkbnr/pppppppp/8/8/3P4/8/PPP1PPPP/RNBQKBNR b KQkq - 0 1,d2d4
25,EulerE,mgzr,937,887,rnbqkbnr/ppp1pppp/8/3p4/3P4/8/PPP1PPPP/RNBQKBNR w KQkq - 0 2,d7d5
25,EulerE,mgzr,937,887,rnbqkbnr/ppp1pppp/8/3p4/2PP4/8/PP2PPPP/RNBQKBNR b KQkq - 0 2,c2c4
25,EulerE,mgzr,937,887,rnbqkbnr/ppp2ppp/4p3/3p4/2PP4/8/PP2PPPP/RNBQKBNR w KQkq - 0 3,e7e6
25,EulerE,mgzr,937,887,rnbqkbnr/ppp2ppp/4p3/3p4/2PP4/2N5/PP2PPPP/R1BQKBNR b KQkq - 1 3,b1c3
25,EulerE,mgzr,937,887,rnbqkb1r/ppp2ppp/4pn2/3p4/2PP4/2N5/PP2PPPP/R1BQKBNR w KQkq - 2 4,g8f6
25,EulerE,mgzr,937,887,rnbqkb1r/ppp2ppp/4pn2/3p4/2PP4/2N2N2/PP2PPPP/R1BQKB1R b KQkq - 3 4,g1f3
25,EulerE,mgzr,937,887,rnbqk2r/ppp1bppp/4pn2/3p4/2PP4/2N2N2/PP2PPPP/R1BQKB1R w KQkq - 4 5,f8e7
25,EulerE,mgzr,937,887,rnbqk2r/ppp1bppp/4pn2/3p4/2PP4/2N2NP1/PP2PP1P/R1BQKB1R b KQkq - 0 5,g2g3
25,EulerE,mgzr,937,887,rnbq1rk1/ppp1bppp/4pn2/3p4/2PP4/2N2NP1/PP2PP1P/R1BQKB1R w KQ - 1 6,e8g8
25,EulerE,mgzr,937,887,rnbq1rk1/ppp1bppp/4pn2/3p4/2PP4/2N2NP1/PP2PPBP/R1BQK2R b KQ - 2 6,f1g2
25,EulerE,mgzr,937,887,r1bq1rk1/pppnbppp/4pn2/3p4/2PP4/2N2NP1/PP2PPBP/R1BQK2R w KQ - 3 7,b8d7
25,EulerE,mgzr,937,887,r1bq1rk1/pppnbppp/4pn2/3p4/2PP4/2N2NP1/PP2PPBP/R1BQ1RK1 b - - 4 7,e1g1
25,EulerE,mgzr,937,887,r1bq1rk1/1ppnbppp/p3pn2/3p4/2PP4/2N2NP1/PP2PPBP/R1BQ1RK1 w - - 0 8,a7a6
25,EulerE,mgzr,937,887,r1bq1rk1/1ppnbppp/p3pn2/3p4/2PP4/2N2NP1/PP2PPBP/R1BQR1K1 b - - 1 8,f1e1
25,EulerE,mgzr,937,887,r1bq1rk1/1p1nbppp/p3pn2/2pp4/2PP4/2N2NP1/PP2PPBP/R1BQR1K1 w - - 0 9,c7c5
25,EulerE,mgzr,937,887,r1bq1rk1/1p1nbppp/p3pn2/2Pp4/2P5/2N2NP1/PP2PPBP/R1BQR1K1 b - - 0 9,d4c5
25,EulerE,mgzr,937,887,r1bq1rk1/1p2bppp/p3pn2/2np4/2P5/2N2NP1/PP2PPBP/R1BQR1K1 w - - 0 10,d7c5
25,EulerE,mgzr,937,887,r1bq1rk1/1p2bppp/p3pn2/2np4/2P5/P1N2NP1/1P2PPBP/R1BQR1K1 b - - 0 10,a2a3
25,EulerE,mgzr,937,887,r1bq1rk1/4bppp/p3pn2/1pnp4/2P5/P1N2NP1/1P2PPBP/R1BQR1K1 w - - 0 11,b7b5
25,EulerE,mgzr,937,887,r1bq1rk1/4bppp/p3pn2/1Pnp4/8/P1N2NP1/1P2PPBP/R1BQR1K1 b - - 0 11,c4b5
25,EulerE,mgzr,937,887,r1bq1rk1/4bppp/4pn2/1pnp4/8/P1N2NP1/1P2PPBP/R1BQR1K1 w - - 0 12,a6b5
25,EulerE,mgzr,937,887,r1bq1rk1/4bppp/4pn2/1pnp4/1P6/P1N2NP1/4PPBP/R1BQR1K1 b - - 0 12,b2b4
25,EulerE,mgzr,937,887,r1bq1rk1/1n2bppp/4pn2/1p1p4/1P6/P1N2NP1/4PPBP/R1BQR1K1 w - - 1 13,c5b7
25,EulerE,mgzr,937,887,r1bq1rk1/1n2bppp/4pn2/1p1p4/1P2P3/P1N2NP1/5PBP/R1BQR1K1 b - - 0 13,e2e4
25,EulerE,mgzr,937,887,r1b2rk1/1n2bppp/1q2pn2/1p1p4/1P2P3/P1N2NP1/5PBP/R1BQR1K1 w - - 1 14,d8b6
25,EulerE,mgzr,937,887,r1b2rk1/1n2bppp/1q2pn2/1p1pP3/1P6/P1N2NP1/5PBP/R1BQR1K1 b - - 0 14,e4e5
25,EulerE,mgzr,937,887,r1b2rk1/1n1nbppp/1q2p3/1p1pP3/1P6/P1N2NP1/5PBP/R1BQR1K1 w - - 1 15,f6d7
25,EulerE,mgzr,937,887,r1b2rk1/1n1nbppp/1q2p3/1p1pP3/1P6/P1N2NP1/4QPBP/R1B1R1K1 b - - 2 15,d1e2
25,EulerE,mgzr,937,887,r1b2rk1/1n1nb1pp/1q2pp2/1p1pP3/1P6/P1N2NP1/4QPBP/R1B1R1K1 w - - 0 16,f7f6
25,EulerE,mgzr,937,887,r1b2rk1/1n1nb1pp/1q2pp2/1Q1pP3/1P6/P1N2NP1/5PBP/R1B1R1K1 b - - 0 16,e2b5
25,EulerE,mgzr,937,887,r1b2rk1/1nqnb1pp/4pp2/1Q1pP3/1P6/P1N2NP1/5PBP/R1B1R1K1 w - - 1 17,b6c7
25,EulerE,mgzr,937,887,r1b2rk1/1nqnb1pp/4pp2/1Q1pP3/1P6/P1N2NP1/1B3PBP/R3R1K1 b - - 2 17,c1b2
25,EulerE,mgzr,937,887,r1b2rk1/1nqnb1pp/4p3/1Q1pp3/1P6/P1N2NP1/1B3PBP/R3R1K1 w - - 0 18,f6e5
25,EulerE,mgzr,937,887,r1b2rk1/1nqnb1pp/4p3/1Q1pN3/1P6/P1N3P1/1B3PBP/R3R1K1 b - - 0 18,f3e5
25,EulerE,mgzr,937,887,r1b2rk1/1n1nb1pp/4p3/1Q1pq3/1P6/P1N3P1/1B3PBP/R3R1K1 w - - 0 19,c7e5
25,EulerE,mgzr,937,887,r1b2rk1/1n1nb1pp/4p3/1Q1pq3/1P6/P1N3P1/1B3PBP/2R1R1K1 b - - 1 19,a1c1
25,EulerE,mgzr,937,887,r1b2rk1/1n1nb1pp/4pq2/1Q1p4/1P6/P1N3P1/1B3PBP/2R1R1K1 w - - 2 20,e5f6
25,EulerE,mgzr,937,887,r1b2rk1/1n1nb1pp/4pq2/1Q1p4/NP6/P5P1/1B3PBP/2R1R1K1 b - - 3 20,c3a4
25,EulerE,mgzr,937,887,r1b2rk1/1n1nb1pp/4p3/1Q1p4/NP6/P5P1/1B3qBP/2R1R1K1 w - - 0 21,f6f2
25,EulerE,mgzr,937,887,r1b2rk1/1n1nb1pp/4p3/1Q1p4/NP6/P5P1/1B3qBP/2R1R2K b - - 1 21,g1h1
25,EulerE,mgzr,937,887,r1b2rk1/1n1nb1pp/4p3/1Q1p1q2/NP6/P5P1/1B4BP/2R1R2K w - - 2 22,f2f5
25,EulerE,mgzr,937,887,r1R2rk1/1n1nb1pp/4p3/1Q1p1q2/NP6/P5P1/1B4BP/4R2K b - - 0 22,c1c8
25,EulerE,mgzr,937,887,r1R2rk1/3nb1pp/3np3/1Q1p1q2/NP6/P5P1/1B4BP/4R2K w - - 1 23,b7d6
25,EulerE,mgzr,937,887,r1R2rk1/3Qb1pp/3np3/3p1q2/NP6/P5P1/1B4BP/4R2K b - - 0 23,b5d7
25,EulerE,mgzr,937,887,r1n2rk1/3Qb1pp/4p3/3p1q2/NP6/P5P1/1B4BP/4R2K w - - 0 24,d6c8
25,EulerE,mgzr,937,887,r1n2rk1/3Qb1pp/4p3/2Np1q2/1P6/P5P1/1B4BP/4R2K b - - 1 24,a4c5
25,EulerE,mgzr,937,887,r1n3k1/3Qbrpp/4p3/2Np1q2/1P6/P5P1/1B4BP/4R2K w - - 2 25,f8f7
25,EulerE,mgzr,937,887,r1n3k1/4brpp/4Q3/2Np1q2/1P6/P5P1/1B4BP/4R2K b - - 0 25,d7e6
25,EulerE,mgzr,937,887,r1n3k1/4brpp/4q3/2Np4/1P6/P5P1/1B4BP/4R2K w - - 0 26,f5e6
25,EulerE,mgzr,937,887,r1n3k1/4brpp/4R3/2Np4/1P6/P5P1/1B4BP/7K b - - 0 26,e1e6
25,EulerE,mgzr,937,887,r5k1/4brpp/3nR3/2Np4/1P6/P5P1/1B4BP/7K w - - 1 27,c8d6
25,EulerE,mgzr,937,887,r5k1/4brpp/3nR3/3p4/1P6/P2N2P1/1B4BP/7K b - - 2 27,c5d3
25,EulerE,mgzr,937,887,r5k1/4brpp/4R3/3p4/1Pn5/P2N2P1/1B4BP/7K w - - 3 28,d6c4
25,EulerE,mgzr,937,887,r5k1/4brpp/4R3/3p4/1Pn5/P1BN2P1/6BP/7K b - - 4 28,b2c3
25,EulerE,mgzr,937,887,5rk1/4brpp/4R3/3p4/1Pn5/P1BN2P1/6BP/7K w - - 5 29,a8f8
25,EulerE,mgzr,937,887,5rk1/4brpp/4R3/3B4/1Pn5/P1BN2P1/7P/7K b - - 0 29,g2d5
25,EulerE,mgzr,937,887,5rk1/4b1pp/4R3/3B4/1Pn5/P1BN2P1/7P/5r1K w - - 1 30,f7f1
25,EulerE,mgzr,937,887,5rk1/4b1pp/4R3/3B4/1Pn5/P1BN2P1/6KP/5r2 b - - 2 30,h1g2
25,EulerE,mgzr,937,887,5rk1/4b1pp/4R3/3B4/1P6/P1BNn1P1/6KP/5r2 w - - 3 31,c4e3
25,EulerE,mgzr,937,887,5rk1/4b1pp/4R3/3B4/1P6/P1BNn1PK/7P/5r2 b - - 4 31,g2h3
25,EulerE,mgzr,937,887,5rk1/4b1pp/4R3/3n4/1P6/P1BN2PK/7P/5r2 w - - 0 32,e3d5
25,EulerE,mgzr,937,887,5rk1/4R1pp/8/3n4/1P6/P1BN2PK/7P/5r2 b - - 0 32,e6e7
25,EulerE,mgzr,937,887,5rk1/4n1pp/8/8/1P6/P1BN2PK/7P/5r2 w - - 0 33,d5e7
25,EulerE,mgzr,937,887,5rk1/4n1pp/8/8/1P3N2/P1B3PK/7P/5r2 b - - 1 33,d3f4
25,EulerE,mgzr,937,887,5rk1/6pp/8/5n2/1P3N2/P1B3PK/7P/5r2 w - - 2 34,e7f5
25,EulerE,mgzr,937,887,5rk1/6pp/8/5n2/1P3NK1/P1B3P1/7P/5r2 b - - 3 34,h3g4
26,EulerE,R_Ivan_S,930,992,rnbqkbnr/pppppppp/8/8/3P4/8/PPP1PPPP/RNBQKBNR b KQkq - 0 1,d2d4
26,EulerE,R_Ivan_S,930,992,rnbqkbnr/pppp1ppp/8/4p3/3P4/8/PPP1PPPP/RNBQKBNR w KQkq - 0 2,e7e5
26,EulerE,R_Ivan_S,930,992,rnbqkbnr/pppp1ppp/8/4P3/8/8/PPP1PPPP/RNBQKBNR b KQkq - 0 2,d4e5
26,EulerE,R_Ivan_S,930,992,rnbqkbnr/ppp2ppp/3p4/4P3/8/8/PPP1PPPP/RNBQKBNR w KQkq - 0 3,d7d6
26,EulerE,R_Ivan_S,930,992,rnbqkbnr/ppp2ppp/3p4/4P3/8/5N2/PPP1PPPP/RNBQKB1R b KQkq - 1 3,g1f3
26,EulerE,R_Ivan_S,930,992,r1bqkbnr/ppp2ppp/2np4/4P3/8/5N2/PPP1PPPP/RNBQKB1R w KQkq - 2 4,b8c6
26,EulerE,R_Ivan_S,930,992,r1bqkbnr/ppp2ppp/2np4/4P3/8/2N2N2/PPP1PPPP/R1BQKB1R b KQkq - 3 4,b1c3
26,EulerE,R_Ivan_S,930,992,r2qkbnr/ppp2ppp/2np4/4P3/6b1/2N2N2/PPP1PPPP/R1BQKB1R w KQkq - 4 5,c8g4
26,EulerE,R_Ivan_S,930,992,r2qkbnr/ppp2ppp/2np4/4P3/4P1b1/2N2N2/PPP2PPP/R1BQKB1R b KQkq - 0 5,e2e4
26,EulerE,R_Ivan_S,930,992,r2qkbnr/ppp2ppp/2n5/4p3/4P1b1/2N2N2/PPP2PPP/R1BQKB1R w KQkq - 0 6,d6e5
26,EulerE,R_Ivan_S,930,992,r2qkbnr/ppp2ppp/2n5/1B2p3/4P1b1/2N2N2/PPP2PPP/R1BQK2R b KQkq - 1 6,f1b5
26,EulerE,R_Ivan_S,930,992,r2qk1nr/ppp2ppp/2n5/1B2p3/1b2P1b1/2N2N2/PPP2PPP/R1BQK2R w KQkq - 2 7,f8b4
26,EulerE,R_Ivan_S,930,992,r2Qk1nr/ppp2ppp/2n5/1B2p3/1b2P1b1/2N2N2/PPP2PPP/R1B1K2R b KQkq - 0 7,d1d8
26,EulerE,R_Ivan_S,930,992,3rk1nr/ppp2ppp/2n5/1B2p3/1b2P1b1/2N2N2/PPP2PPP/R1B1K2R w KQk - 0 8,a8d8
26,EulerE,R_Ivan_S,930,992,3rk1nr/ppp2ppp/2n5/1B2p3/1b2P1b1/2N2N2/PPPB1PPP/R3K2R b KQk - 1 8,c1d2
26,EulerE,R_Ivan_S,930,992,3rk1nr/ppp2ppp/2n5/1B2p3/1b2P3/2N2b2/PPPB1PPP/R3K2R w KQk - 0 9,g4f3
26,EulerE,R_Ivan_S,930,992,3rk1nr/ppp2ppp/2n5/1B2p3/1b2P3/2N2P2/PPPB1P1P/R3K2R b KQk - 0 9,g2f3
26,EulerE,R_Ivan_S,930,992,3rk2r/ppp2ppp/2n2n2/1B2p3/1b2P3/2N2P2/PPPB1P1P/R3K2R w KQk - 1 10,g8f6
26,EulerE,R_Ivan_S,930,992,3rk2r/ppp2ppp/2B2n2/4p3/1b2P3/2N2P2/PPPB1P1P/R3K2R b KQk - 0 10,b5c6
26,EulerE,R_Ivan_S,930,992,3rk2r/p1p2ppp/2p2n2/4p3/1b2P3/2N2P2/PPPB1P1P/R3K2R w KQk - 0 11,b7c6
26,EulerE,R_Ivan_S,930,992,3rk2r/p1p2ppp/2p2n2/4p3/1b2P3/2N2P2/PPPB1P1P/2KR3R b k - 1 11,e1c1
26,EulerE,R_Ivan_S,930,992,3rk2r/p1p2ppp/2p2n2/4p3/4P3/2b2P2/PPPB1P1P/2KR3R w k - 0 12,b4c3
26,EulerE,R_Ivan_S,930,992,3rk2r/p1p2ppp/2p2n2/4p3/4P3/2B2P2/PPP2P1P/2KR3R b k - 0 12,d2c3
26,EulerE,R_Ivan_S,930,992,4k2r/p1p2ppp/2p2n2/4p3/4P3/2B2P2/PPP2P1P/2Kr3R w k - 0 13,d8d1
26,EulerE,R_Ivan_S,930,992,4k2r/p1p2ppp/2p2n2/4p3/4P3/2B2P2/PPP2P1P/2KR4 b k - 0 13,h1d1
26,EulerE,R_Ivan_S,930,992,5rk1/p1p2ppp/2p2n2/4p3/4P3/2B2P2/PPP2P1P/2KR4 w - - 1 14,e8g8
26,EulerE,R_Ivan_S,930,992,5rk1/p1p2ppp/2p2n2/4B3/4P3/5P2/PPP2P1P/2KR4 b - - 0 14,c3e5
26,EulerE,R_Ivan_S,930,992,2r3k1/p1p2ppp/2p2n2/4B3/4P3/5P2/PPP2P1P/2KR4 w - - 1 15,f8c8
26,EulerE,R_Ivan_S,930,992,2r3k1/p1p2ppp/2p2B2/8/4P3/5P2/PPP2P1P/2KR4 b - - 0 15,e5f6
26,EulerE,R_Ivan_S,930,992,2r3k1/p1p2p1p/2p2p2/8/4P3/5P2/PPP2P1P/2KR4 w - - 0 16,g7f6
26,EulerE,R_Ivan_S,930,992,2r3k1/p1p2p1p/2p2p2/8/4P3/5P2/PPP2P1P/2K3R1 b - - 1 16,d1g1
26,EulerE,R_Ivan_S,930,992,2r2k2/p1p2p1p/2p2p2/8/4P3/5P2/PPP2P1P/2K3R1 w - - 2 17,g8f8
26,EulerE,R_Ivan_S,930,992,2r2k2/p1p2p1p/2p2p2/8/4P3/5P2/PPP2P1P/2KR4 b - - 3 17,g1d1
26,EulerE,R_Ivan_S,930,992,4rk2/p1p2p1p/2p2p2/8/4P3/5P2/PPP2P1P/2KR4 w - - 4 18,c8e8
26,EulerE,R_Ivan_S,930,992,4rk2/p1pR1p1p/2p2p2/8/4P3/5P2/PPP2P1P/2K5 b - - 5 18,d1d7
26,EulerE,R_Ivan_S,930,992,5k2/p1pRrp1p/2p2p2/8/4P3/5P2/PPP2P1P/2K5 w - - 6 19,e8e7
26,EulerE,R_Ivan_S,930,992,5k2/p1R1rp1p/2p2p2/8/4P3/5P2/PPP2P1P/2K5 b - - 0 19,d7c7
26,EulerE,R_Ivan_S,930,992,5k2/p1r2p1p/2p2p2/8/4P3/5P2/PPP2P1P/2K5 w - - 0 20,e7c7
26,EulerE,R_Ivan_S,930,992,5k2/p1r2p1p/2p2p2/8/4P3/5P2/PPPK1P1P/8 b - - 1 20,c1d2
26,EulerE,R_Ivan_S,930,992,5k2/p2r1p1p/2p2p2/8/4P3/5P2/PPPK1P1P/8 w - - 2 21,c7d7
26,EulerE,R_Ivan_S,930,992,5k2/p2r1p1p/2p2p2/8/4P3/2K2P2/PPP2P1P/8 b - - 3 21,d2c3
26,EulerE,R_Ivan_S,930,992,8/p2rkp1p/2p2p2/8/4P3/2K2P2/PPP2P1P/8 w - - 4 22,f8e7
26,EulerE,R_Ivan_S,930,992,8/p2rkp1p/2p2p2/8/2K1P3/5P2/PPP2P1P/8 b - - 5 22,c3c4
26,EulerE,R_Ivan_S,930,992,8/p3kp1p/2p2p2/8/2K1P3/5P2/PPPr1P1P/8 w - - 6 23,d7d2
26,EulerE,R_Ivan_S,930,992,8/p3kp1p/2p2p2/2K5/4P3/5P2/PPPr1P1P/8 b - - 7 23,c4c5
26,EulerE,R_Ivan_S,930,992,8/p3kp1p/2p2p2/2K5/4P3/5P2/PPr2P1P/8 w - - 0 24,d2c2
26,EulerE,R_Ivan_S,930,992,8/p3kp1p/2p2p2/8/1K2P3/5P2/PPr2P1P/8 b - - 1 24,c5b4
26,EulerE,R_Ivan_S,930,992,8/p3kp1p/2p2p2/8/1K2P3/5P2/Pr3P1P/8 w - - 0 25,c2b2
26,EulerE,R_Ivan_S,930,992,8/p3kp1p/2p2p2/8/4P3/K4P2/Pr3P1P/8 b - - 1 25,b4a3
26,EulerE,R_Ivan_S,930,992,8/p3kp1p/2p2p2/8/4P3/K4P2/P4r1P/8 w - - 0 26,b2f2
26,EulerE,R_Ivan_S,930,992,8/p3kp1p/2p2p2/8/1K2P3/5P2/P4r1P/8 b - - 1 26,a3b4
26,EulerE,R_Ivan_S,930,992,8/p3kp1p/2p2p2/8/1K2P3/5r2/P6P/8 w - - 0 27,f2f3
26,EulerE,R_Ivan_S,930,992,8/p3kp1p/2p2p2/2K5/4P3/5r2/P6P/8 b - - 1 27,b4c5
26,EulerE,R_Ivan_S,930,992,8/p3kp1p/2p2p2/2K5/4P3/2r5/P6P/8 w - - 2 28,f3c3
26,EulerE,R_Ivan_S,930,992,8/p3kp1p/2p2p2/8/1K2P3/2r5/P6P/8 b - - 3 28,c5b4
26,EulerE,R_Ivan_S,930,992,8/p3kp1p/2p2p2/8/1K2P3/4r3/P6P/8 w - - 4 29,c3e3
26,EulerE,R_Ivan_S,930,992,8/p3kp1p/2p2p2/2K5/4P3/4r3/P6P/8 b - - 5 29,b4c5
26,EulerE,R_Ivan_S,930,992,8/p3kp1p/2p2p2/2K5/4r3/8/P6P/8 w - - 0 30,e3e4
26,EulerE,R_Ivan_S,930,992,8/p3kp1p/2K2p2/8/4r3/8/P6P/8 b - - 0 30,c5c6
26,EulerE,R_Ivan_S,930,992,8/p3kp1p/2K2p2/8/8/8/P3r2P/8 w - - 1 31,e4e2
26,EulerE,R_Ivan_S,930,992,8/pK2kp1p/5p2/8/8/8/P3r2P/8 b - - 2 31,c6b7
26,EulerE,R_Ivan_S,930,992,8/pK2kp1p/5p2/8/8/8/r6P/8 w - - 0 32,e2a2
26,EulerE,R_Ivan_S,930,992,8/p3kp1p/2K2p2/8/8/8/r6P/8 b - - 1 32,b7c6
26,EulerE,R_Ivan_S,930,992,8/p3kp1p/2K2p2/8/8/8/7r/8 w - - 0 33,a2h2
26,EulerE,R_Ivan_S,930,992,8/p3kp1p/5p2/1K6/8/8/7r/8 b - - 1 33,c6b5
26,EulerE,R_Ivan_S,930,992,8/p3kp1p/5p2/1K6/8/8/3r4/8 w - - 2 34,h2d2
26,EulerE,R_Ivan_S,930,992,8/p3kp1p/K4p2/8/8/8/3r4/8 b - - 3 34,b5a6
26,EulerE,R_Ivan_S,930,992,8/p3kp1p/K7/5p2/8/8/3r4/8 w - - 0 35,f6f5
26,EulerE,R_Ivan_S,930,992,8/pK2kp1p/8/5p2/8/8/3r4/8 b - - 1 35,a6b7
26,EulerE,R_Ivan_S,930,992,8/pK2kp1p/8/8/5p2/8/3r4/8 w - - 0 36,f5f4
26,EulerE,R_Ivan_S,930,992,8/K3kp1p/8/8/5p2/8/3r4/8 b - - 0 36,b7a7
26,EulerE,R_Ivan_S,930,992,8/K3kp1p/8/8/8/5p2/3r4/8 w - - 0 37,f4f3
26,EulerE,R_Ivan_S,930,992,1K6/4kp1p/8/8/8/5p2/3r4/8 b - - 1 37,a7b8
26,EulerE,R_Ivan_S,930,992,1K6/4kp1p/8/8/8/8/3r1p2/8 w - - 0 38,f3f2
26,EulerE,R_Ivan_S,930,992,8/2K1kp1p/8/8/8/8/3r1p2/8 b - - 1 38,b8c7
26,EulerE,R_Ivan_S,930,992,8/2K1kp1p/8/8/8/8/3r4/5q2 w - - 0 39,f2f1q
26,EulerE,R_Ivan_S,930,992,8/4kp1p/2K5/8/8/8/3r4/5q2 b - - 1 39,c7c6
26,EulerE,R_Ivan_S,930,992,8/4kp1p/2K5/8/8/8/3r4/2q5 w - - 2 40,f1c1
26,EulerE,R_Ivan_S,930,992,8/4kp1p/1K6/8/8/8/3r4/2q5 b - - 3 40,c6b6
26,EulerE,R_Ivan_S,930,992,8/4kp1p/1K6/8/8/8/1r6/2q5 w - - 4 41,d2b2
26,EulerE,R_Ivan_S,930,992,8/K3kp1p/8/8/8/8/1r6/2q5 b - - 5 41,b6a7
26,EulerE,R_Ivan_S,930,992,8/K3kp1p/8/8/8/8/1r6/q7 w - - 6 42,c1a1
27,boyetrodrigo,EulerE,1125,1181,rnbqkbnr/pppppppp/8/8/4P3/8/PPPP1PPP/RNBQKBNR b KQkq - 0 1,e2e4
27,boyetrodrigo,EulerE,1125,1181,rnbqkbnr/pppp1ppp/8/4p3/4P3/8/PPPP1PPP/RNBQKBNR w KQkq - 0 2,e7e5
27,boyetrodrigo,EulerE,1125,1181,rnbqkbnr/pppp1ppp/8/4p3/4P3/5N2/PPPP1PPP/RNBQKB1R b KQkq - 1 2,g1f3
27,boyetrodrigo,EulerE,1125,1181,r1bqkbnr/pppp1ppp/2n5/4p3/4P3/5N2/PPPP1PPP/RNBQKB1R w KQkq - 2 3,b8c6
27,boyetrodrigo,EulerE,1125,1181,r1bqkbnr/pppp1ppp/2n5/1B2p3/4P3/5N2/PPPP1PPP/RNBQK2R b KQkq - 3 3,f1b5
27,boyetrodrigo,EulerE,1125,1181,r1bqkbnr/ppp2ppp/2np4/1B2p3/4P3/5N2/PPPP1PPP/RNBQK2R w KQkq - 0 4,d7d6
27,boyetrodrigo,EulerE,1125,1181,r1bqkbnr/ppp2ppp/2Bp4/4p3/4P3/5N2/PPPP1PPP/RNBQK2R b KQkq - 0 4,b5c6
27,boyetrodrigo,EulerE,1125,1181,r1bqkbnr/p1p2ppp/2pp4/4p3/4P3/5N2/PPPP1PPP/RNBQK2R w KQkq - 0 5,b7c6
27,boyetrodrigo,EulerE,1125,1181,r1bqkbnr/p1p2ppp/2pp4/4p3/4P3/3P1N2/PPP2PPP/RNBQK2R b KQkq - 0 5,d2d3
27,boyetrodrigo,EulerE,1125,1181,r2qkbnr/pbp2ppp/2pp4/4p3/4P3/3P1N2/PPP2PPP/RNBQK2R w KQkq - 1 6,c8b7
27,boyetrodrigo,EulerE,1125,1181,r2qkbnr/pbp2ppp/2pp4/4p3/4P3/3PBN2/PPP2PPP/RN1QK2R b KQkq - 2 6,c1e3
27,boyetrodrigo,EulerE,1125,1181,r2qkb1r/pbp2ppp/2pp1n2/4p3/4P3/3PBN2/PPP2PPP/RN1QK2R w KQkq - 3 7,g8f6
27,boyetrodrigo,EulerE,1125,1181,r2qkb1r/pbp2ppp/2pp1n2/4p1B1/4P3/3P1N2/PPP2PPP/RN1QK2R b KQkq - 4 7,e3g5
27,boyetrodrigo,EulerE,1125,1181,r2qk2r/pbp1bppp/2pp1n2/4p1B1/4P3/3P1N2/PPP2PPP/RN1QK2R w KQkq - 5 8,f8e7
27,boyetrodrigo,EulerE,1125,1181,r2qk2r/pbp1bppp/2pp1n2/4p1B1/4P3/3P1N2/PPPN1PPP/R2QK2R b KQkq - 6 8,b1d2
27,boyetrodrigo,EulerE,1125,1181,r2q1rk1/pbp1bppp/2pp1n2/4p1B1/4P3/3P1N2/PPPN1PPP/R2QK2R w KQ - 7 9,e8g8
27,boyetrodrigo,EulerE,1125,1181,r2q1rk1/pbp1bppp/2pp1n2/4p1B1/4P3/3P1N1P/PPPN1PP1/R2QK2R b KQ - 0 9,h2h3
27,boyetrodrigo,EulerE,1125,1181,r2q1rk1/pbp1bpp1/2pp1n1p/4p1B1/4P3/3P1N1P/PPPN1PP1/R2QK2R w KQ - 0 10,h7h6
27,boyetrodrigo,EulerE,1125,1181,r2q1rk1/pbp1bpp1/2pp1n1p/4p3/4P2B/3P1N1P/PPPN1PP1/R2QK2R b KQ - 1 10,g5h4
27,boyetrodrigo,EulerE,1125,1181,r2q1rk1/pbp1bp2/2pp1n1p/4p1p1/4P2B/3P1N1P/PPPN1PP1/R2QK2R w KQ - 0 11,g7g5
27,boyetrodrigo,EulerE,1125,1181,r2q1rk1/pbp1bp2/2pp1n1p/4p1p1/4P3/3P1NBP/PPPN1PP1/R2QK2R b KQ - 1 11,h4g3
27,boyetrodrigo,EulerE,1125,1181,r2q1rk1/pbp1bp2/2pp3p/4p1pn/4P3/3P1NBP/PPPN1PP1/R2QK2R w KQ - 2 12,f6h5
27,boyetrodrigo,EulerE,1125,1181,r2q1rk1/pbp1bp2/2pp3p/4p1pn/4P3/3P1N1P/PPPN1PPB/R2QK2R b KQ - 3 12,g3h2
27,boyetrodrigo,EulerE,1125,1181,r2q1r2/pbp1bp1k/2pp3p/4p1pn/4P3/3P1N1P/PPPN1PPB/R2QK2R w KQ - 4 13,g8h7
27,boyetrodrigo,EulerE,1125,1181,r2q1r2/pbp1bp1k/2pp3p/4p1pn/4P1P1/3P1N1P/PPPN1P1B/R2QK2R b KQ - 0 13,g2g4
27,boyetrodrigo,EulerE,1125,1181,r2q1r2/pbp1bp1k/2pp3p/4p1p1/4PnP1/3P1N1P/PPPN1P1B/R2QK2R w KQ - 1 14,h5f4
27,boyetrodrigo,EulerE,1125,1181,r2q1r2/pbp1bp1k/2pp3p/4p1p1/4PBP1/3P1N1P/PPPN1P2/R2QK2R b KQ - 0 14,h2f4
27,boyetrodrigo,EulerE,1125,1181,r2q1r2/pbp1bp1k/2pp3p/6p1/4PpP1/3P1N1P/PPPN1P2/R2QK2R w KQ - 0 15,e5f4
27,boyetrodrigo,EulerE,1125,1181,r2q1r2/pbp1bp1k/2pp3p/6p1/4PpP1/3P1N1P/PPPNQP2/R3K2R b KQ - 1 15,d1e2
27,boyetrodrigo,EulerE,1125,1181,r2q1r2/pbp1bp1k/2p4p/3p2p1/4PpP1/3P1N1P/PPPNQP2/R3K2R w KQ - 0 16,d6d5
27,boyetrodrigo,EulerE,1125,1181,r2q1r2/pbp1bp1k/2p4p/3p2p1/4PpP1/3P1N1P/PPPNQP2/2KR3R b - - 1 16,e1c1
27,boyetrodrigo,EulerE,1125,1181,r2q1r2/pbp1bp1k/2p4p/6p1/3pPpP1/3P1N1P/PPPNQP2/2KR3R w - - 0 17,d5d4
27,boyetrodrigo,EulerE,1125,1181,r2q1r2/pbp1bp1k/2p4p/6p1/3pPpP1/1N1P1N1P/PPP1QP2/2KR3R b - - 1 17,d2b3
27,boyetrodrigo,EulerE,1125,1181,r2q1r2/pbp1bp1k/7p/2p3p1/3pPpP1/1N1P1N1P/PPP1QP2/2KR3R w - - 0 18,c6c5
27,boyetrodrigo,EulerE,1125,1181,r2q1r2/pbp1bp1k/7p/2p3p1/3pPpP1/1N1P1N1P/PPPQ1P2/2KR3R b - - 1 18,e2d2
27,boyetrodrigo,EulerE,1125,1181,r2q1r2/pb2bp1k/2p4p/2p3p1/3pPpP1/1N1P1N1P/PPPQ1P2/2KR3R w - - 0 19,c7c6
27,boyetrodrigo,EulerE,1125,1181,r2q1r2/pb2bp1k/2p4p/Q1p3p1/3pPpP1/1N1P1N1P/PPP2P2/2KR3R b - - 1 19,d2a5
27,boyetrodrigo,EulerE,1125,1181,r4r2/pb2bp1k/2p4p/q1p3p1/3pPpP1/1N1P1N1P/PPP2P2/2KR3R w - - 0 20,d8a5
27,boyetrodrigo,EulerE,1125,1181,r4r2/pb2bp1k/2p4p/N1p3p1/3pPpP1/3P1N1P/PPP2P2/2KR3R b - - 0 20,b3a5
27,boyetrodrigo,EulerE,1125,1181,1r3r2/pb2bp1k/2p4p/N1p3p1/3pPpP1/3P1N1P/PPP2P2/2KR3R w - - 1 21,a8b8
27,boyetrodrigo,EulerE,1125,1181,1r3r2/pb2bp1k/2p4p/N1p1N1p1/3pPpP1/3P3P/PPP2P2/2KR3R b - - 2 21,f3e5
27,boyetrodrigo,EulerE,1125,1181,1r1b1r2/pb3p1k/2p4p/N1p1N1p1/3pPpP1/3P3P/PPP2P2/2KR3R w - - 3 22,e7d8
27,boyetrodrigo,EulerE,1125,1181,1r1b1r2/pb3p1k/2N4p/2p1N1p1/3pPpP1/3P3P/PPP2P2/2KR3R b - - 0 22,a5c6
27,boyetrodrigo,EulerE,1125,1181,1r1b1r2/p4p1k/2b4p/2p1N1p1/3pPpP1/3P3P/PPP2P2/2KR3R w - - 0 23,b7c6
27,boyetrodrigo,EulerE,1125,1181,1r1b1r2/p4p1k/2N4p/2p3p1/3pPpP1/3P3P/PPP2P2/2KR3R b - - 0 23,e5c6
27,boyetrodrigo,EulerE,1125,1181,2rb1r2/p4p1k/2N4p/2p3p1/3pPpP1/3P3P/PPP2P2/2KR3R w - - 1 24,b8c8
27,boyetrodrigo,EulerE,1125,1181,2rb1r2/p4p1k/7p/N1p3p1/3pPpP1/3P3P/PPP2P2/2KR3R b - - 2 24,c6a5
27,boyetrodrigo,EulerE,1125,1181,2r2r2/p4p1k/7p/b1p3p1/3pPpP1/3P3P/PPP2P2/2KR3R w - - 0 25,d8a5
27,boyetrodrigo,EulerE,1125,1181,2r2r2/p4p1k/7p/b1p3p1/3pPpP1/3P1P1P/PPP5/2KR3R b - - 0 25,f2f3
27,boyetrodrigo,EulerE,1125,1181,1r3r2/p4p1k/7p/b1p3p1/3pPpP1/3P1P1P/PPP5/2KR3R w - - 1 26,c8b8
27,boyetrodrigo,EulerE,1125,1181,1r3r2/p4p1k/7p/b1p3p1/3pPpP1/1P1P1P1P/P1P5/2KR3R b - - 0 26,b2b3
27,boyetrodrigo,EulerE,1125,1181,1r3r2/p4p1k/7p/2p3p1/3pPpP1/1PbP1P1P/P1P5/2KR3R w - - 1 27,a5c3
28,kanvit,EulerE,1131,1188,rnbqkbnr/pppppppp/8/8/3P4/8/PPP1PPPP/RNBQKBNR b KQkq - 0 1,d2d4
28,kanvit,EulerE,1131,1188,rnbqkbnr/ppp1pppp/8/3p4/3P4/8/PPP1PPPP/RNBQKBNR w KQkq - 0 2,d7d5
28,kanvit,EulerE,1131,1188,rnbqkbnr/ppp1pppp/8/3p4/2PP4/8/PP2PPPP/RNBQKBNR b KQkq - 0 2,c2c4
28,kanvit,EulerE,1131,1188,rnbqkbnr/ppp2ppp/4p3/3p4/2PP4/8/PP2PPPP/RNBQKBNR w KQkq - 0 3,e7e6
28,kanvit,EulerE,1131,1188,rnbqkbnr/ppp2ppp/4p3/3p4/2PP4/4P3/PP3PPP/RNBQKBNR b KQkq - 0 3,e2e3
28,kanvit,EulerE,1131,1188,r1bqkbnr/ppp2ppp/2n1p3/3p4/2PP4/4P3/PP3PPP/RNBQKBNR w KQkq - 1 4,b8c6
28,kanvit,EulerE,1131,1188,r1bqkbnr/ppp2ppp/2n1p3/3p4/2PP4/4PN2/PP3PPP/RNBQKB1R b KQkq - 2 4,g1f3
28,kanvit,EulerE,1131,1188,r1bqk1nr/ppp1bppp/2n1p3/3p4/2PP4/4PN2/PP3PPP/RNBQKB1R w KQkq - 3 5,f8e7
28,kanvit,EulerE,1131,1188,r1bqk1nr/ppp1bppp/2n1p3/2Pp4/3P4/4PN2/PP3PPP/RNBQKB1R b KQkq - 0 5,c4c5
28,kanvit,EulerE,1131,1188,r1bqk2r/ppp1bppp/2n1pn2/2Pp4/3P4/4PN2/PP3PPP/RNBQKB1R w KQkq - 1 6,g8f6
28,kanvit,EulerE,1131,1188,r1bqk2r/ppp1bppp/2n1pn2/2Pp4/1P1P4/4PN2/P4PPP/RNBQKB1R b KQkq - 0 6,b2b4
28,kanvit,EulerE,1131,1188,r1bq1rk1/ppp1bppp/2n1pn2/2Pp4/1P1P4/4PN2/P4PPP/RNBQKB1R w KQ - 1 7,e8g8
28,kanvit,EulerE,1131,1188,r1bq1rk1/ppp1bppp/2n1pn2/1BPp4/1P1P4/4PN2/P4PPP/RNBQK2R b KQ - 2 7,f1b5
28,kanvit,EulerE,1131,1188,r2q1rk1/pppbbppp/2n1pn2/1BPp4/1P1P4/4PN2/P4PPP/RNBQK2R w KQ - 3 8,c8d7
28,kanvit,EulerE,1131,1188,r2q1rk1/pppbbppp/2n1pn2/1BPp4/1P1P4/4PN2/P4PPP/RNBQ1RK1 b - - 4 8,e1g1
28,kanvit,EulerE,1131,1188,r2q1rk1/1ppbbppp/p1n1pn2/1BPp4/1P1P4/4PN2/P4PPP/RNBQ1RK1 w - - 0 9,a7a6
28,kanvit,EulerE,1131,1188,r2q1rk1/1ppbbppp/p1n1pn2/2Pp4/BP1P4/4PN2/P4PPP/RNBQ1RK1 b - - 1 9,b5a4
28,kanvit,EulerE,1131,1188,r2q1rk1/1ppbbppp/p3pn2/2Pp4/Bn1P4/4PN2/P4PPP/RNBQ1RK1 w - - 0 10,c6b4
28,kanvit,EulerE,1131,1188,r2q1rk1/1ppBbppp/p3pn2/2Pp4/1n1P4/4PN2/P4PPP/RNBQ1RK1 b - - 0 10,a4d7
28,kanvit,EulerE,1131,1188,r4rk1/1ppqbppp/p3pn2/2Pp4/1n1P4/4PN2/P4PPP/RNBQ1RK1 w - - 0 11,d8d7
28,kanvit,EulerE,1131,1188,r4rk1/1ppqbppp/p3pn2/2Pp4/1n1P4/1Q2PN2/P4PPP/RNB2RK1 b - - 1 11,d1b3
28,kanvit,EulerE,1131,1188,r4rk1/1ppqbppp/p1n1pn2/2Pp4/3P4/1Q2PN2/P4PPP/RNB2RK1 w - - 2 12,b4c6
28,kanvit,EulerE,1131,1188,r4rk1/1Qpqbppp/p1n1pn2/2Pp4/3P4/4PN2/P4PPP/RNB2RK1 b - - 0 12,b3b7
28,kanvit,EulerE,1131,1188,r4rk1/1Qpqbppp/p1n1p3/2Pp4/3Pn3/4PN2/P4PPP/RNB2RK1 w - - 1 13,f6e4
28,kanvit,EulerE,1131,1188,r4rk1/1Qpqbppp/p1n1p3/2Pp4/3Pn3/4PN2/P2N1PPP/R1B2RK1 b - - 2 13,b1d2
28,kanvit,EulerE,1131,1188,rr4k1/1Qpqbppp/p1n1p3/2Pp4/3Pn3/4PN2/P2N1PPP/R1B2RK1 w - - 3 14,f8b8
28,kanvit,EulerE,1131,1188,rr4k1/1Qpqbppp/p1n1p3/2PpN3/3Pn3/4P3/P2N1PPP/R1B2RK1 b - - 4 14,f3e5
28,kanvit,EulerE,1131,1188,rr4k1/1Qpqbppp/p3p3/2Ppn3/3Pn3/4P3/P2N1PPP/R1B2RK1 w - - 0 15,c6e5
28,kanvit,EulerE,1131,1188,rr4k1/2pqbppp/p3p3/2PQn3/3Pn3/4P3/P2N1PPP/R1B2RK1 b - - 0 15,b7d5
28,kanvit,EulerE,1131,1188,rr4k1/2p1bppp/p3p3/2Pqn3/3Pn3/4P3/P2N1PPP/R1B2RK1 w - - 0 16,d7d5
28,kanvit,EulerE,1131,1188,rr4k1/2p1bppp/p3p3/2PqP3/4n3/4P3/P2N1PPP/R1B2RK1 b - - 0 16,d4e5
28,kanvit,EulerE,1131,1188,rr4k1/2p1bppp/p3p3/2PqP3/8/4P3/P2n1PPP/R1B2RK1 w - - 0 17,e4d2
28,kanvit,EulerE,1131,1188,rr4k1/2p1bppp/p3p3/2PqP3/8/4P3/P2B1PPP/R4RK1 b - - 0 17,c1d2
28,kanvit,EulerE,1131,1188,rr4k1/2p1bppp/p3p3/2P1P3/8/4P3/P2q1PPP/R4RK1 w - - 0 18,d5d2
29,Noptical,EulerE,1210,1180,rnbqkbnr/pppppppp/8/8/4P3/8/PPPP1PPP/RNBQKBNR b KQkq - 0 1,e2e4
29,Noptical,EulerE,1210,1180,rnbqkbnr/pppp1ppp/8/4p3/4P3/8/PPPP1PPP/RNBQKBNR w KQkq - 0 2,e7e5
29,Noptical,EulerE,1210,1180,rnbqkbnr/pppp1ppp/8/4p3/4P3/5N2/PPPP1PPP/RNBQKB1R b KQkq - 1 2,g1f3
29,Noptical,EulerE,1210,1180,r1bqkbnr/pppp1ppp/2n5/4p3/4P3/5N2/PPPP1PPP/RNBQKB1R w KQkq - 2 3,b8c6
29,Noptical,EulerE,1210,1180,r1bqkbnr/pppp1ppp/2n5/4p3/2B1P3/5N2/PPPP1PPP/RNBQK2R b KQkq - 3 3,f1c4
29,Noptical,EulerE,1210,1180,r1bqk1nr/pppp1ppp/2n5/2b1p3/2B1P3/5N2/PPPP1PPP/RNBQK2R w KQkq - 4 4,f8c5
29,Noptical,EulerE,1210,1180,r1bqk1nr/pppp1ppp/2n5/2b1p3/2B1P3/2P2N2/PP1P1PPP/RNBQK2R b KQkq - 0 4,c2c3
29,Noptical,EulerE,1210,1180,r1bqk2r/pppp1ppp/2n2n2/2b1p3/2B1P3/2P2N2/PP1P1PPP/RNBQK2R w KQkq - 1 5,g8f6
29,Noptical,EulerE,1210,1180,r1bqk2r/pppp1ppp/2n2n2/2b1p3/2B1P3/2PP1N2/PP3PPP/RNBQK2R b KQkq - 0 5,d2d3
29,Noptical,EulerE,1210,1180,r1bq1rk1/pppp1ppp/2n2n2/2b1p3/2B1P3/2PP1N2/PP3PPP/RNBQK2R w KQ - 1 6,e8g8
29,Noptical,EulerE,1210,1180,r1bq1rk1/pppp1ppp/2n2n2/2b1p1B1/2B1P3/2PP1N2/PP3PPP/RN1QK2R b KQ - 2 6,c1g5
29,Noptical,EulerE,1210,1180,r1bq1rk1/1ppp1ppp/p1n2n2/2b1p1B1/2B1P3/2PP1N2/PP3PPP/RN1QK2R w KQ - 0 7,a7a6
29,Noptical,EulerE,1210,1180,r1bq1rk1/1ppp1ppp/p1n2n2/2b1p1B1/2B1P3/2PP1N2/PP3PPP/RN1Q1RK1 b - - 1 7,e1g1
29,Noptical,EulerE,1210,1180,r1bq1rk1/2pp1ppp/p1n2n2/1pb1p1B1/2B1P3/2PP1N2/PP3PPP/RN1Q1RK1 w - - 0 8,b7b5
29,Noptical,EulerE,1210,1180,r1bq1rk1/2pp1ppp/p1n2n2/1pb1p1B1/4P3/1BPP1N2/PP3PPP/RN1Q1RK1 b - - 1 8,c4b3
29,Noptical,EulerE,1210,1180,r1bq1rk1/2pp1pp1/p1n2n1p/1pb1p1B1/4P3/1BPP1N2/PP3PPP/RN1Q1RK1 w - - 0 9,h7h6
29,Noptical,EulerE,1210,1180,r1bq1rk1/2pp1pp1/p1n2n1p/1pb1p3/4P2B/1BPP1N2/PP3PPP/RN1Q1RK1 b - - 1 9,g5h4
29,Noptical,EulerE,1210,1180,r1bqr1k1/2pp1pp1/p1n2n1p/1pb1p3/4P2B/1BPP1N2/PP3PPP/RN1Q1RK1 w - - 2 10,f8e8
29,Noptical,EulerE,1210,1180,r1bqr1k1/2pp1pp1/p1n2n1p/1pb1p3/P3P2B/1BPP1N2/1P3PPP/RN1Q1RK1 b - - 0 10,a2a4
29,Noptical,EulerE,1210,1180,r2qr1k1/1bpp1pp1/p1n2n1p/1pb1p3/P3P2B/1BPP1N2/1P3PPP/RN1Q1RK1 w - - 1 11,c8b7
29,Noptical,EulerE,1210,1180,r2qr1k1/1bpp1pp1/p1n2n1p/1pb1p3/P3P2B/1BPP1N2/1P3PPP/RN1QR1K1 b - - 2 11,f1e1
29,Noptical,EulerE,1210,1180,r2qr1k1/1bppbpp1/p1n2n1p/1p2p3/P3P2B/1BPP1N2/1P3PPP/RN1QR1K1 w - - 3 12,c5e7
29,Noptical,EulerE,1210,1180,r2qr1k1/1bppbpp1/p1n2B1p/1p2p3/P3P3/1BPP1N2/1P3PPP/RN1QR1K1 b - - 0 12,h4f6
29,Noptical,EulerE,1210,1180,r2qr1k1/1bpp1pp1/p1n2b1p/1p2p3/P3P3/1BPP1N2/1P3PPP/RN1QR1K1 w - - 0 13,e7f6
29,Noptical,EulerE,1210,1180,r2qr1k1/1bpp1pp1/p1n2b1p/1p2p3/P2PP3/1BP2N2/1P3PPP/RN1QR1K1 b - - 0 13,d3d4
29,Noptical,EulerE,1210,1180,r2qr1k1/1bpp1pp1/p1n2b1p/1p6/P2pP3/1BP2N2/1P3PPP/RN1QR1K1 w - - 0 14,e5d4
29,Noptical,EulerE,1210,1180,r2qr1k1/1bpp1pp1/p1n2b1p/1p6/P2PP3/1B3N2/1P3PPP/RN1QR1K1 b - - 0 14,c3d4
29,Noptical,EulerE,1210,1180,r2qr1k1/1bppnpp1/p4b1p/1p6/P2PP3/1B3N2/1P3PPP/RN1QR1K1 w - - 1 15,c6e7
29,Noptical,EulerE,1210,1180,r2qr1k1/1bppnpp1/p4b1p/1p2P3/P2P4/1B3N2/1P3PPP/RN1QR1K1 b - - 0 15,e4e5
29,Noptical,EulerE,1210,1180,r2qr1k1/1bppnpp1/p6p/1p2P1b1/P2P4/1B3N2/1P3PPP/RN1QR1K1 w - - 1 16,f6g5
29,Noptical,EulerE,1210,1180,r2qr1k1/1bppnpp1/p6p/1p2P1N1/P2P4/1B6/1P3PPP/RN1QR1K1 b - - 0 16,f3g5
29,Noptical,EulerE,1210,1180,r2qr1k1/1bppnpp1/p7/1p2P1p1/P2P4/1B6/1P3PPP/RN1QR1K1 w - - 0 17,h6g5
29,Noptical,EulerE,1210,1180,r2qr1k1/1bppnpp1/p7/1p2P1pQ/P2P4/1B6/1P3PPP/RN2R1K1 b - - 1 17,d1h5
29,Noptical,EulerE,1210,1180,r2qr1k1/1bp1npp1/p7/1p1pP1pQ/P2P4/1B6/1P3PPP/RN2R1K1 w - d6 0 18,d7d5
29,Noptical,EulerE,1210,1180,r2qr1k1/1bp1npp1/p7/1p1pP1pQ/P2P4/1B2R3/1P3PPP/RN4K1 b - - 1 18,e1e3
29,Noptical,EulerE,1210,1180,r1bqr1k1/2p1npp1/p7/1p1pP1pQ/P2P4/1B2R3/1P3PPP/RN4K1 w - - 2 19,b7c8
29,Noptical,EulerE,1210,1180,r1bqr1k1/2p1npp1/p7/1p1pP1pQ/P2P4/1BN1R3/1P3PPP/R5K1 b - - 3 19,b1c3
29,Noptical,EulerE,1210,1180,r1bqr1k1/2p2pp1/p7/1p1pPnpQ/P2P4/1BN1R3/1P3PPP/R5K1 w - - 4 20,e7f5
29,Noptical,EulerE,1210,1180,r1bqr1k1/2p2pp1/p7/1p1BPnpQ/P2P4/2N1R3/1P3PPP/R5K1 b - - 0 20,b3d5
29,Noptical,EulerE,1210,1180,r1bqr1k1/2p2pp1/p7/1p1BP1pQ/P2P4/2N1n3/1P3PPP/R5K1 w - - 0 21,f5e3
29,Noptical,EulerE,1210,1180,r1bqr1k1/2p2Qp1/p7/1p1BP1p1/P2P4/2N1n3/1P3PPP/R5K1 b - - 0 21,h5f7
29,Noptical,EulerE,1210,1180,r1bqr2k/2p2Qp1/p7/1p1BP1p1/P2P4/2N1n3/1P3PPP/R5K1 w - - 1 22,g8h8
29,Noptical,EulerE,1210,1180,r1bqr2k/2p2Qp1/p7/1p1BP1p1/P2P4/2N1P3/1P4PP/R5K1 b - - 0 22,f2e3
29,Noptical,EulerE,1210,1180,r1bq1r1k/2p2Qp1/p7/1p1BP1p1/P2P4/2N1P3/1P4PP/R5K1 w - - 1 23,e8f8
29,Noptical,EulerE,1210,1180,r1bq1r1k/2p3p1/p7/1p1BP1pQ/P2P4/2N1P3/1P4PP/R5K1 b - - 2 23,f7h5
30,EulerE,hosalama,1189,1218,rnbqkbnr/pppppppp/8/8/3P4/8/PPP1PPPP/RNBQKBNR b KQkq - 0 1,d2d4
30,EulerE,hosalama,1189,1218,rnbqkbnr/ppp1pppp/8/3p4/3P4/8/PPP1PPPP/RNBQKBNR w KQkq - 0 2,d7d5
30,EulerE,hosalama,1189,1218,rnbqkbnr/ppp1pppp/8/3p4/2PP4/8/PP2PPPP/RNBQKBNR b KQkq - 0 2,c2c4
30,EulerE,hosalama,1189,1218,rnbqkb1r/ppp1pppp/5n2/3p4/2PP4/8/PP2PPPP/RNBQKBNR w KQkq - 1 3,g8f6
30,EulerE,hosalama,1189,1218,rnbqkb1r/ppp1pppp/5n2/3p4/2PP4/2N5/PP2PPPP/R1BQKBNR b KQkq - 2 3,b1c3
30,EulerE,hosalama,1189,1218,rnbqkb1r/ppp2ppp/4pn2/3p4/2PP4/2N5/PP2PPPP/R1BQKBNR w KQkq - 0 4,e7e6
30,EulerE,hosalama,1189,1218,rnbqkb1r/ppp2ppp/4pn2/3p4/2PP4/2N2N2/PP2PPPP/R1BQKB1R b KQkq - 1 4,g1f3
30,EulerE,hosalama,1189,1218,rnbqk2r/ppp2ppp/4pn2/3p4/1bPP4/2N2N2/PP2PPPP/R1BQKB1R w KQkq - 2 5,f8b4
30,EulerE,hosalama,1189,1218,rnbqk2r/ppp2ppp/4pn2/3p4/1bPP4/2N2N2/PP1BPPPP/R2QKB1R b KQkq - 3 5,c1d2
30,EulerE,hosalama,1189,1218,rnbqk2r/ppp2ppp/4pn2/3p4/2PP4/2b2N2/PP1BPPPP/R2QKB1R w KQkq - 0 6,b4c3
30,EulerE,hosalama,1189,1218,rnbqk2r/ppp2ppp/4pn2/3p4/2PP4/2B2N2/PP2PPPP/R2QKB1R b KQkq - 0 6,d2c3
30,EulerE,hosalama,1189,1218,rnbqk2r/ppp2ppp/4pn2/8/2pP4/2B2N2/PP2PPPP/R2QKB1R w KQkq - 0 7,d5c4
30,EulerE,hosalama,1189,1218,rnbqk2r/ppp2ppp/4pn2/8/2pP4/2B1PN2/PP3PPP/R2QKB1R b KQkq - 0 7,e2e3
30,EulerE,hosalama,1189,1218,rnb1k2r/ppp2ppp/4pn2/3q4/2pP4/2B1PN2/PP3PPP/R2QKB1R w KQkq - 1 8,d8d5
30,EulerE,hosalama,1189,1218,rnb1k2r/ppp2ppp/4pn2/3q4/Q1pP4/2B1PN2/PP3PPP/R3KB1R b KQkq - 2 8,d1a4
30,EulerE,hosalama,1189,1218,rn2k2r/pppb1ppp/4pn2/3q4/Q1pP4/2B1PN2/PP3PPP/R3KB1R w KQkq - 3 9,c8d7
30,EulerE,hosalama,1189,1218,rn2k2r/pppb1ppp/4pn2/3q4/2QP4/2B1PN2/PP3PPP/R3KB1R b KQkq - 0 9,a4c4
30,EulerE,hosalama,1189,1218,rn3rk1/pppb1ppp/4pn2/3q4/2QP4/2B1PN2/PP3PPP/R3KB1R w KQ - 1 10,e8g8
30,EulerE,hosalama,1189,1218,rn3rk1/pppb1ppp/4pn2/3q4/2QP4/2BBPN2/PP3PPP/R3K2R b KQ - 2 10,f1d3
30,EulerE,hosalama,1189,1218,rn3rk1/pp1b1ppp/2p1pn2/3q4/2QP4/2BBPN2/PP3PPP/R3K2R w KQ - 0 11,c7c6
30,EulerE,hosalama,1189,1218,rn3rk1/pp1b1ppp/2p1pn2/3q4/2QP4/2BBPN2/PP3PPP/R4RK1 b - - 1 11,e1g1
30,EulerE,hosalama,1189,1218,rn3rk1/p2b1ppp/2p1pn2/1p1q4/2QP4/2BBPN2/PP3PPP/R4RK1 w - - 0 12,b7b5
30,EulerE,hosalama,1189,1218,rn3rk1/p2b1ppp/2p1pn2/1p1Q4/3P4/2BBPN2/PP3PPP/R4RK1 b - - 0 12,c4d5
30,EulerE,hosalama,1189,1218,rn3rk1/p2b1ppp/2p1p3/1p1n4/3P4/2BBPN2/PP3PPP/R4RK1 w - - 0 13,f6d5
30,EulerE,hosalama,1189,1218,rn3rk1/p2b1ppp/2p1p3/1p1n4/3P4/3BPN2/PP1B1PPP/R4RK1 b - - 1 13,c3d2
30,EulerE,hosalama,1189,1218,rn3rk1/3b1ppp/2p1p3/pp1n4/3P4/3BPN2/PP1B1PPP/R4RK1 w - - 0 14,a7a5
30,EulerE,hosalama,1189,1218,rn3rk1/3b1ppp/2p1p3/pp1n4/3P4/3BPN2/PP1B1PPP/2R2RK1 b - - 1 14,a1c1
30,EulerE,hosalama,1189,1218,rn3rk1/3b1ppp/2p1p3/p2n4/1p1P4/3BPN2/PP1B1PPP/2R2RK1 w - - 0 15,b5b4
30,EulerE,hosalama,1189,1218,rn3rk1/3b1ppp/2p1p3/p2n4/1p1P4/3BPN2/PPRB1PPP/5RK1 b - - 1 15,c1c2
30,EulerE,hosalama,1189,1218,rnr3k1/3b1ppp/2p1p3/p2n4/1p1P4/3BPN2/PPRB1PPP/5RK1 w - - 2 16,f8c8
30,EulerE,hosalama,1189,1218,rnr3k1/3b1ppp/2p1p3/p2n4/1p1PB3/4PN2/PPRB1PPP/5RK1 b - - 3 16,d3e4
30,EulerE,hosalama,1189,1218,rnr3k1/3b1ppp/2p1pn2/p7/1p1PB3/4PN2/PPRB1PPP/5RK1 w - - 4 17,d5f6
30,EulerE,hosalama,1189,1218,rnr3k1/3b1ppp/2p1pn2/p7/1p1P4/3BPN2/PPRB1PPP/5RK1 b - - 5 17,e4d3
30,EulerE,hosalama,1189,1218,rnr1b1k1/5ppp/2p1pn2/p7/1p1P4/3BPN2/PPRB1PPP/5RK1 w - - 6 18,d7e8
30,EulerE,hosalama,1189,1218,rnr1b1k1/5ppp/2p1pn2/p7/1p1P4/3BPN2/PPRB1PPP/2R3K1 b - - 7 18,f1c1
30,EulerE,hosalama,1189,1218,rnr1b1k1/5ppp/2p1pn2/p7/3P4/1p1BPN2/PPRB1PPP/2R3K1 w - - 0 19,b4b3
30,EulerE,hosalama,1189,1218,rnr1b1k1/5ppp/2p1pn2/p1R5/3P4/1p1BPN2/PP1B1PPP/2R3K1 b - - 1 19,c2c5
30,EulerE,hosalama,1189,1218,rnr1b1k1/5ppp/2p1pn2/p1R5/3P4/3BPN2/pP1B1PPP/2R3K1 w - - 0 20,b3a2
30,EulerE,hosalama,1189,1218,rnr1b1k1/5ppp/2p1pn2/pBR5/3P4/4PN2/pP1B1PPP/2R3K1 b - - 1 20,d3b5
30,EulerE,hosalama,1189,1218,r1r1b1k1/3n1ppp/2p1pn2/pBR5/3P4/4PN2/pP1B1PPP/2R3K1 w - - 2 21,b8d7
30,EulerE,hosalama,1189,1218,r1r1b1k1/3n1ppp/2R1pn2/pB6/3P4/4PN2/pP1B1PPP/2R3K1 b - - 0 21,c5c6
30,EulerE,hosalama,1189,1218,r3b1k1/3n1ppp/2r1pn2/pB6/3P4/4PN2/pP1B1PPP/2R3K1 w - - 0 22,c8c6
30,EulerE,hosalama,1189,1218,r3b1k1/3n1ppp/2B1pn2/p7/3P4/4PN2/pP1B1PPP/2R3K1 b - - 0 22,b5c6
30,EulerE,hosalama,1189,1218,2r1b1k1/3n1ppp/2B1pn2/p7/3P4/4PN2/pP1B1PPP/2R3K1 w - - 1 23,a8c8
30,EulerE,hosalama,1189,1218,2r1b1k1/3n1ppp/2B1pn2/p3N3/3P4/4P3/pP1B1PPP/2R3K1 b - - 2 23,f3e5
30,EulerE,hosalama,1189,1218,2r1b1k1/5ppp/2B1pn2/p3n3/3P4/4P3/pP1B1PPP/2R3K1 w - - 0 24,d7e5
30,EulerE,hosalama,1189,1218,2r1b1k1/5ppp/2B1pn2/p3P3/8/4P3/pP1B1PPP/2R3K1 b - - 0 24,d4e5
30,EulerE,hosalama,1189,1218,2r1b1k1/5ppp/2B1p3/p3P3/4n3/4P3/pP1B1PPP/2R3K1 w - - 1 25,f6e4
30,EulerE,hosalama,1189,1218,2r1b1k1/5ppp/2B1p3/p3P3/4n3/4P3/pP1B1PPP/R5K1 b - - 2 25,c1a1
30,EulerE,hosalama,1189,1218,2r1b1k1/5ppp/2B1p3/p3P3/8/4P3/pP1n1PPP/R5K1 w - - 0 26,e4d2
30,EulerE,hosalama,1189,1218,2r1B1k1/5ppp/4p3/p3P3/8/4P3/pP1n1PPP/R5K1 b - - 0 26,c6e8
30,EulerE,hosalama,1189,1218,4r1k1/5ppp/4p3/p3P3/8/4P3/pP1n1PPP/R5K1 w - - 0 27,c8e8
30,EulerE,hosalama,1189,1218,4r1k1/5ppp/4p3/p3P3/8/4P3/RP1n1PPP/6K1 b - - 0 27,a1a2
30,EulerE,hosalama,1189,1218,4r1k1/5ppp/4p3/p3P3/8/1n2P3/RP3PPP/6K1 w - - 1 28,d2b3
30,EulerE,hosalama,1189,1218,4r1k1/5ppp/4p3/p3P3/8/Rn2P3/1P3PPP/6K1 b - - 2 28,a2a3
30,EulerE,hosalama,1189,1218,2r3k1/5ppp/4p3/p3P3/8/Rn2P3/1P3PPP/6K1 w - - 3 29,e8c8
30,EulerE,hosalama,1189,1218,2r3k1/5ppp/4p3/p3P3/8/Rn2P1P1/1P3P1P/6K1 b - - 0 29,g2g3
30,EulerE,hosalama,1189,1218,2r3k1/5ppp/4p3/p3P3/8/R3P1P1/1P1n1P1P/6K1 w - - 1 30,b3d2
30,EulerE,hosalama,1189,1218,2r3k1/5ppp/4p3/R3P3/8/4P1P1/1P1n1P1P/6K1 b - - 0 30,a3a5
30,EulerE,hosalama,1189,1218,2r3k1/5pp1/4p2p/R3P3/8/4P1P1/1P1n1P1P/6K1 w - - 0 31,h7h6
30,EulerE,hosalama,1189,1218,2r3k1/5pp1/4p2p/4P3/8/4P1P1/RP1n1P1P/6K1 b - - 1 31,a5a2
30,EulerE,hosalama,1189,1218,2r3k1/5p2/4p2p/4P1p1/8/4P1P1/RP1n1P1P/6K1 w - - 0 32,g7g5
30,EulerE,hosalama,1189,1218,2r3k1/5p2/4p2p/4P1p1/1P6/4P1P1/R2n1P1P/6K1 b - - 0 32,b2b4
30,EulerE,hosalama,1189,1218,2r3k1/5p2/4p2p/4P1p1/1P2n3/4P1P1/R4P1P/6K1 w - - 1 33,d2e4
30,EulerE,hosalama,1189,1218,2r3k1/5p2/4p2p/1P2P1p1/4n3/4P1P1/R4P1P/6K1 b - - 0 33,b4b5
30,EulerE,hosalama,1189,1218,1r4k1/5p2/4p2p/1P2P1p1/4n3/4P1P1/R4P1P/6K1 w - - 1 34,c8b8
30,EulerE,hosalama,1189,1218,1r4k1/5p2/4p2p/1P2P1p1/R3n3/4P1P1/5P1P/6K1 b - - 2 34,a2a4
30,EulerE,hosalama,1189,1218,1r3k2/5p2/4p2p/1P2P1p1/R3n3/4P1P1/5P1P/6K1 w - - 3 35,g8f8
30,EulerE,hosalama,1189,1218,1r3k2/5p2/4p2p/1P2P1p1/4R3/4P1P1/5P1P/6K1 b - - 0 35,a4e4
30,EulerE,hosalama,1189,1218,5k2/5p2/4p2p/1r2P1p1/4R3/4P1P1/5P1P/6K1 w - - 0 36,b8b5
30,EulerE,hosalama,1189,1218,5k2/5p2/4p2p/1r2P1p1/4R3/4P1P1/5PKP/8 b - - 1 36,g1g2
30,EulerE,hosalama,1189,1218,8/5pk1/4p2p/1r2P1p1/4R3/4P1P1/5PKP/8 w - - 2 37,f8g7
30,EulerE,hosalama,1189,1218,8/5pk1/4p2p/1r2P1p1/4R3/4P1PK/5P1P/8 b - - 3 37,g2h3
30,EulerE,hosalama,1189,1218,8/5p2/4p1kp/1r2P1p1/4R3/4P1PK/5P1P/8 w - - 4 38,g7g6
30,EulerE,hosalama,1189,1218,8/5p2/4p1kp/1r2P1p1/4R1K1/4P1P1/5P1P/8 b - - 5 38,h3g4
30,EulerE,hosalama,1189,1218,8/5p2/4p1k1/1r2P1pp/4R1K1/4P1P1/5P1P/8 w - - 0 39,h6h5
30,EulerE,hosalama,1189,1218,8/5p2/4p1k1/1r2P1pp/4R3/4P1PK/5P1P/8 b - - 1 39,g4h3
30,EulerE,hosalama,1189,1218,8/5p2/4p3/1r2Pkpp/4R3/4P1PK/5P1P/8 w - - 2 40,g6f5
30,EulerE,hosalama,1189,1218,8/5p2/4p3/1r2Pkpp/4R1P1/4P2K/5P1P/8 b - - 0 40,g3g4
30,EulerE,hosalama,1189,1218,8/5p2/4p3/1r2P1pp/4k1P1/4P2K/5P1P/8 w - - 0 41,f5e4
30,EulerE,hosalama,1189,1218,8/5p2/4p3/1r2P1pP/4k3/4P2K/5P1P/8 b - - 0 41,g4h5
30,EulerE,hosalama,1189,1218,1r6/5p2/4p3/4P1pP/4k3/4P2K/5P1P/8 w - - 1 42,b5b8
30,EulerE,hosalama,1189,1218,1r6/5p2/4p3/4P1pP/4k1K1/4P3/5P1P/8 b - - 2 42,h3g4
30,EulerE,hosalama,1189,1218,7r/5p2/4p3/4P1pP/4k1K1/4P3/5P1P/8 w - - 3 43,b8h8
30,EulerE,hosalama,1189,1218,7r/5p2/4p3/4P1KP/4k3/4P3/5P1P/8 b - - 0 43,g4g5
30,EulerE,hosalama,1189,1218,6r1/5p2/4p3/4P1KP/4k3/4P3/5P1P/8 w - - 1 44,h8g8
30,EulerE,hosalama,1189,1218,6r1/5p2/4pK2/4P2P/4k3/4P3/5P1P/8 b - - 2 44,g5f6
30,EulerE,hosalama,1189,1218,7r/5p2/4pK2/4P2P/4k3/4P3/5P1P/8 w - - 3 45,g8h8
30,EulerE,hosalama,1189,1218,7r/5K2/4p3/4P2P/4k3/4P3/5P1P/8 b - - 0 45,f6f7
30,EulerE,hosalama,1189,1218,8/5K2/4p3/4P2r/4k3/4P3/5P1P/8 w - - 0 46,h8h5
30,EulerE,hosalama,1189,1218,8/8/4K3/4P2r/4k3/4P3/5P1P/8 b - - 0 46,f7e6
30,EulerE,hosalama,1189,1218,8/8/4K3/4r3/4k3/4P3/5P1P/8 w - - 0 47,h5e5
30,EulerE,hosalama,1189,1218,8/8/5K2/4r3/4k3/4P3/5P1P/8 b - - 1 47,e6f6
30,EulerE,hosalama,1189,1218,8/8/5K2/4r3/8/4Pk2/5P1P/8 w - - 2 48,e4f3
30,EulerE,hosalama,1189,1218,8/8/8/4K3/8/4Pk2/5P1P/8 b - - 0 48,f6e5
30,EulerE,hosalama,1189,1218,8/8/8/4K3/8/4P3/5k1P/8 w - - 0 49,f3f2
30,EulerE,hosalama,1189,1218,8/8/8/4K3/7P/4P3/5k2/8 b - - 0 49,h2h4
30,EulerE,hosalama,1189,1218,8/8/8/4K3/7P/4P1k1/8/8 w - - 1 50,f2g3
30,EulerE,hosalama,1189,1218,8/8/8/5K2/7P/4P1k1/8/8 b - - 2 50,e5f5
30,EulerE,hosalama,1189,1218,8/8/8/5K2/7k/4P3/8/8 w - - 0 51,g3h4
30,EulerE,hosalama,1189,1218,8/8/8/5K2/4P2k/8/8/8 b - - 0 51,e3e4
30,EulerE,hosalama,1189,1218,8/8/8/5K1k/4P3/8/8/8 w - - 1 52,h4h5
30,EulerE,hosalama,1189,1218,8/8/8/4PK1k/8/8/8/8 b - - 0 52,e4e5
30,EulerE,hosalama,1189,1218,8/8/7k/4PK2/8/8/8/8 w - - 1 53,h5h6
30,EulerE,hosalama,1189,1218,8/8/5K1k/4P3/8/8/8/8 b - - 2 53,f5f6
30,EulerE,hosalama,1189,1218,8/7k/5K2/4P3/8/8/8/8 w - - 3 54,h6h7
30,EulerE,hosalama,1189,1218,8/5K1k/8/4P3/8/8/8/8 b - - 4 54,f6f7
30,EulerE,hosalama,1189,1218,7k/5K2/8/4P3/8/8/8/8 w - - 5 55,h7h8
30,EulerE,hosalama,1189,1218,7k/5K2/4P3/8/8/8/8/8 b - - 0 55,e5e6
30,EulerE,hosalama,1189,1218,8/5K1k/4P3/8/8/8/8/8 w - - 1 56,h8h7
30,EulerE,hosalama,1189,1218,8/4PK1k/8/8/8/8/8/8 b - - 0 56,e6e7
30,EulerE,hosalama,1189,1218,7k/4PK2/8/8/8/8/8/8 w - - 1 57,h7h8
30,EulerE,hosalama,1189,1218,4Q2k/5K2/8/8/8/8/8/8 b - - 0 57,e7e8q
31,EulerE,gh69551,1181,1218,rnbqkbnr/pppppppp/8/8/3P4/8/PPP1PPPP/RNBQKBNR b KQkq - 0 1,d2d4
31,EulerE,gh69551,1181,1218,rnbqkbnr/p1pppppp/1p6/8/3P4/8/PPP1PPPP/RNBQKBNR w KQkq - 0 2,b7b6
31,EulerE,gh69551,1181,1218,rnbqkbnr/p1pppppp/1p6/8/3PP3/8/PPP2PPP/RNBQKBNR b KQkq - 0 2,e2e4
31,EulerE,gh69551,1181,1218,rn1qkbnr/pbpppppp/1p6/8/3PP3/8/PPP2PPP/RNBQKBNR w KQkq - 1 3,c8b7
31,EulerE,gh69551,1181,1218,rn1qkbnr/pbpppppp/1p6/8/3PP3/2N5/PPP2PPP/R1BQKBNR b KQkq - 2 3,b1c3
31,EulerE,gh69551,1181,1218,rn1qkbnr/pbpp1ppp/1p2p3/8/3PP3/2N5/PPP2PPP/R1BQKBNR w KQkq - 0 4,e7e6
31,EulerE,gh69551,1181,1218,rn1qkbnr/pbpp1ppp/1p2p3/8/3PP3/P1N5/1PP2PPP/R1BQKBNR b KQkq - 0 4,a2a3
31,EulerE,gh69551,1181,1218,rn2kbnr/pbpp1ppp/1p2pq2/8/3PP3/P1N5/1PP2PPP/R1BQKBNR w KQkq - 1 5,d8f6
31,EulerE,gh69551,1181,1218,rn2kbnr/pbpp1ppp/1p2pq2/8/3PP3/P1N2N2/1PP2PPP/R1BQKB1R b KQkq - 2 5,g1f3
31,EulerE,gh69551,1181,1218,rn2kbnr/pbpp1ppp/1p2p1q1/8/3PP3/P1N2N2/1PP2PPP/R1BQKB1R w KQkq - 3 6,f6g6
31,EulerE,gh69551,1181,1218,rn2kbnr/pbpp1ppp/1p2p1q1/8/3PP3/P1NB1N2/1PP2PPP/R1BQK2R b KQkq - 4 6,f1d3
31,EulerE,gh69551,1181,1218,rn2kbnr/pbpp1ppp/1p2p3/8/3PP3/P1NB1N2/1PP2PqP/R1BQK2R w KQkq - 0 7,g6g2
31,EulerE,gh69551,1181,1218,rn2kbnr/pbpp1ppp/1p2p3/8/3PP3/P1NB1N2/1PP2PqP/R1BQK1R1 b Qkq - 1 7,h1g1
31,EulerE,gh69551,1181,1218,rn2kbnr/pbpp1ppp/1p2p3/8/3PP3/P1NB1N1q/1PP2P1P/R1BQK1R1 w Qkq - 2 8,g2h3
31,EulerE,gh69551,1181,1218,rn2kbnr/pbpp1ppp/1p2p3/8/3PP3/P1NB1NRq/1PP2P1P/R1BQK3 b Qkq - 3 8,g1g3
31,EulerE,gh69551,1181,1218,rn2kbnr/pbpp1ppp/1p2p3/7q/3PP3/P1NB1NR1/1PP2P1P/R1BQK3 w Qkq - 4 9,h3h5
31,EulerE,gh69551,1181,1218,rn2kbnr/pbpp1ppp/1p2p3/7q/3PPB2/P1NB1NR1/1PP2P1P/R2QK3 b Qkq - 5 9,c1f4
31,EulerE,gh69551,1181,1218,rn2kbnr/pbp2ppp/1p1pp3/7q/3PPB2/P1NB1NR1/1PP2P1P/R2QK3 w Qkq - 0 10,d7d6
31,EulerE,gh69551,1181,1218,rn2kbnr/pbp2ppp/1p1pp3/7q/3PPB2/P1N2NR1/1PP1BP1P/R2QK3 b Qkq - 1 10,d3e2
31,EulerE,gh69551,1181,1218,rn2kb1r/pbp2ppp/1p1ppn2/7q/3PPB2/P1N2NR1/1PP1BP1P/R2QK3 w Qkq - 2 11,g8f6
31,EulerE,gh69551,1181,1218,rn2kb1r/pbp2ppp/1p1ppn2/4P2q/3P1B2/P1N2NR1/1PP1BP1P/R2QK3 b Qkq - 0 11,e4e5
31,EulerE,gh69551,1181,1218,rn2kb1r/pbp2ppp/1p2pn2/4p2q/3P1B2/P1N2NR1/1PP1BP1P/R2QK3 w Qkq - 0 12,d6e5
31,EulerE,gh69551,1181,1218,rn2kb1r/pbp2ppp/1p2pn2/4P2q/5B2/P1N2NR1/1PP1BP1P/R2QK3 b Qkq - 0 12,d4e5
31,EulerE,gh69551,1181,1218,rn2kb1r/pbp2ppp/1p2p3/4P2q/5Bn1/P1N2NR1/1PP1BP1P/R2QK3 w Qkq - 1 13,f6g4
31,EulerE,gh69551,1181,1218,rn2kb1r/pbp2ppp/1p2p3/4P2q/3N1Bn1/P1N3R1/1PP1BP1P/R2QK3 b Qkq - 2 13,f3d4
31,EulerE,gh69551,1181,1218,rn2kb1r/pbp2ppp/1p2p3/4P3/3N1Bn1/P1N3R1/1PP1BP1q/R2QK3 w Qkq - 0 14,h5h2
31,EulerE,gh69551,1181,1218,rn2kb1r/pbp2ppp/1p2p3/4P3/3N1BB1/P1N3R1/1PP2P1q/R2QK3 b Qkq - 0 14,e2g4
31,EulerE,gh69551,1181,1218,rn2kb1r/pbp2ppp/1p2p3/4P3/3N1BB1/P1N3R1/1PP2P2/R2QK2q w Qkq - 1 15,h2h1
31,EulerE,gh69551,1181,1218,rn2kb1r/pbp2ppp/1p2p3/4P3/3N1BB1/P1N3R1/1PPK1P2/R2Q3q b kq - 2 15,e1d2
31,EulerE,gh69551,1181,1218,rn2kb1r/pbp2ppp/1p2p3/4P3/3N1BB1/P1N3R1/1PPK1P2/R2q4 w kq - 0 16,h1d1
31,EulerE,gh69551,1181,1218,rn2kb1r/pbp2ppp/1p2p3/4P3/3N1BB1/P1N3R1/1PPK1P2/3R4 b kq - 0 16,a1d1
31,EulerE,gh69551,1181,1218,rn2k2r/pbp2ppp/1p2p3/2b1P3/3N1BB1/P1N3R1/1PPK1P2/3R4 w kq - 1 17,f8c5
31,EulerE,gh69551,1181,1218,rn2k2r/pbp2ppp/1p2p3/2b1P3/3N2B1/P1N1B1R1/1PPK1P2/3R4 b kq - 2 17,f4e3
31,EulerE,gh69551,1181,1218,rn2k2r/pbp2ppp/1p2p3/4P3/3b2B1/P1N1B1R1/1PPK1P2/3R4 w kq - 0 18,c5d4
31,EulerE,gh69551,1181,1218,rn2k2r/pbp2ppp/1p2p3/4P3/3B2B1/P1N3R1/1PPK1P2/3R4 b kq - 0 18,e3d4
31,EulerE,gh69551,1181,1218,r3k2r/pbp2ppp/1pn1p3/4P3/3B2B1/P1N3R1/1PPK1P2/3R4 w kq - 1 19,b8c6
31,EulerE,gh69551,1181,1218,r3k2r/pbp2ppp/1pn1p3/4P3/6B1/P1N1B1R1/1PPK1P2/3R4 b kq - 2 19,d4e3
31,EulerE,gh69551,1181,1218,r3k2r/pbp2ppp/1p2p3/4n3/6B1/P1N1B1R1/1PPK1P2/3R4 w kq - 0 20,c6e5
31,EulerE,gh69551,1181,1218,r3k2r/pbp2ppp/1p2p3/4n3/8/P1N1B1RB/1PPK1P2/3R4 b kq - 1 20,g4h3
31,EulerE,gh69551,1181,1218,r3k2r/pbp2ppp/1p2p3/8/2n5/P1N1B1RB/1PPK1P2/3R4 w kq - 2 21,e5c4
31,EulerE,gh69551,1181,1218,r3k2r/pbp2ppp/1p2p3/8/2n5/P1N1B1RB/1PP2P2/2KR4 b kq - 3 21,d2c1
31,EulerE,gh69551,1181,1218,r3k2r/pbp2ppp/1p2p3/8/8/P1N1n1RB/1PP2P2/2KR4 w kq - 0 22,c4e3
31,EulerE,gh69551,1181,1218,r3k2r/pbp2ppp/1p2p3/8/8/P1N1R2B/1PP2P2/2KR4 b kq - 0 22,g3e3
31,EulerE,gh69551,1181,1218,r4rk1/pbp2ppp/1p2p3/8/8/P1N1R2B/1PP2P2/2KR4 w - - 1 23,e8g8
31,EulerE,gh69551,1181,1218,r4rk1/pbpR1ppp/1p2p3/8/8/P1N1R2B/1PP2P2/2K5 b - - 2 23,d1d7
31,EulerE,gh69551,1181,1218,2r2rk1/pbpR1ppp/1p2p3/8/8/P1N1R2B/1PP2P2/2K5 w - - 3 24,a8c8
31,EulerE,gh69551,1181,1218,2r2rk1/pbpR1ppp/1p2p3/1N6/8/P3R2B/1PP2P2/2K5 b - - 4 24,c3b5
31,EulerE,gh69551,1181,1218,2r2rk1/p1pR1ppp/1pb1p3/1N6/8/P3R2B/1PP2P2/2K5 w - - 5 25,b7c6
31,EulerE,gh69551,1181,1218,2r2rk1/p1R2ppp/1pb1p3/1N6/8/P3R2B/1PP2P2/2K5 b - - 0 25,d7c7
31,EulerE,gh69551,1181,1218,2r2rk1/p1R2ppp/1p2p3/1b6/8/P3R2B/1PP2P2/2K5 w - - 0 26,c6b5
31,EulerE,gh69551,1181,1218,2R2rk1/p4ppp/1p2p3/1b6/8/P3R2B/1PP2P2/2K5 b - - 0 26,c7c8
31,EulerE,gh69551,1181,1218,2r3k1/p4ppp/1p2p3/1b6/8/P3R2B/1PP2P2/2K5 w - - 0 27,f8c8
31,EulerE,gh69551,1181,1218,2r3k1/p4ppp/1p2p3/1b6/8/P6B/1PP2P2/2K1R3 b - - 1 27,e3e1
31,EulerE,gh69551,1181,1218,2r3k1/p4ppp/1p2p3/8/b7/P6B/1PP2P2/2K1R3 w - - 2 28,b5a4
31,EulerE,gh69551,1181,1218,2r3k1/p4ppp/1p2p3/8/b7/P6B/1PP1RP2/2K5 b - - 3 28,e1e2
31,EulerE,gh69551,1181,1218,2r3k1/p4ppp/1p2p3/1b6/8/P6B/1PP1RP2/2K5 w - - 4 29,a4b5
31,EulerE,gh69551,1181,1218,2r3k1/p4ppp/1p2p3/1b6/8/P6B/1PPR1P2/2K5 b - - 5 29,e2d2
31,EulerE,gh69551,1181,1218,2r3k1/p4pp1/1p2p2p/1b6/8/P6B/1PPR1P2/2K5 w - - 0 30,h7h6
31,EulerE,gh69551,1181,1218,2r3k1/p4pp1/1p2p2p/1b6/8/P7/1PPR1PB1/2K5 b - - 1 30,h3g2
31,EulerE,gh69551,1181,1218,6k1/p4pp1/1p2p2p/1br5/8/P7/1PPR1PB1/2K5 w - - 2 31,c8c5
31,EulerE,gh69551,1181,1218,6k1/p4pp1/1p2p2p/1br5/4B3/P7/1PPR1P2/2K5 b - - 3 31,g2e4
31,EulerE,gh69551,1181,1218,6k1/p5p1/1p2p2p/1br2p2/4B3/P7/1PPR1P2/2K5 w - - 0 32,f7f5
31,EulerE,gh69551,1181,1218,6k1/p5p1/1p2p2p/1br2p2/8/P2B4/1PPR1P2/2K5 b - - 1 32,e4d3
31,EulerE,gh69551,1181,1218,6k1/p5p1/1p2p2p/2r2p2/8/P2b4/1PPR1P2/2K5 w - - 0 33,b5d3
31,EulerE,gh69551,1181,1218,6k1/p5p1/1p2p2p/2r2p2/8/P2R4/1PP2P2/2K5 b - - 0 33,d2d3
31,EulerE,gh69551,1181,1218,6k1/p5p1/1p2p2p/3r1p2/8/P2R4/1PP2P2/2K5 w - - 1 34,c5d5
31,EulerE,gh69551,1181,1218,6k1/p5p1/1p2p2p/3r1p2/8/P3R3/1PP2P2/2K5 b - - 2 34,d3e3
31,EulerE,gh69551,1181,1218,8/p4kp1/1p2p2p/3r1p2/8/P3R3/1PP2P2/2K5 w - - 3 35,g8f7
31,EulerE,gh69551,1181,1218,8/p4kp1/1p2p2p/3r1p2/8/P1P1R3/1P3P2/2K5 b - - 0 35,c2c3
31,EulerE,gh69551,1181,1218,8/p4k2/1p2p2p/3r1pp1/8/P1P1R3/1P3P2/2K5 w - - 0 36,g7g5
31,EulerE,gh69551,1181,1218,8/p4k2/1p2p2p/3r1pp1/8/P1P1R3/1PK2P2/8 b - - 1 36,c1c2
31,EulerE,gh69551,1181,1218,8/p4k2/1p2p2p/3r2p1/5p2/P1P1R3/1PK2P2/8 w - - 0 37,f5f4
31,EulerE,gh69551,1181,1218,8/p4k2/1p2p2p/3r2p1/5p2/P1P4R/1PK2P2/8 b - - 1 37,e3h3
31,EulerE,gh69551,1181,1218,8/p7/1p2p1kp/3r2p1/5p2/P1P4R/1PK2P2/8 w - - 2 38,f7g6
31,EulerE,gh69551,1181,1218,8/p7/1p2p1kp/3r2p1/1P3p2/P1P4R/2K2P2/8 b - - 0 38,b2b4
31,EulerE,gh69551,1181,1218,8/p7/1p2p1kp/4r1p1/1P3p2/P1P4R/2K2P2/8 w - - 1 39,d5e5
31,EulerE,gh69551,1181,1218,8/p7/1p2p1kp/4r1p1/1P3p2/P1P4R/3K1P2/8 b - - 2 39,c2d2
31,EulerE,gh69551,1181,1218,8/p7/1p2p1k1/4r1pp/1P3p2/P1P4R/3K1P2/8 w - - 0 40,h6h5
31,EulerE,gh69551,1181,1218,8/p7/1p2p1k1/4r1pp/1P3p2/P1PR4/3K1P2/8 b - - 1 40,h3d3
31,EulerE,gh69551,1181,1218,8/p7/1p2p1k1/4r1p1/1P3p1p/P1PR4/3K1P2/8 w - - 0 41,h5h4
31,EulerE,gh69551,1181,1218,8/p2R4/1p2p1k1/4r1p1/1P3p1p/P1P5/3K1P2/8 b - - 1 41,d3d7
31,EulerE,gh69551,1181,1218,8/3R4/1p2p1k1/p3r1p1/1P3p1p/P1P5/3K1P2/8 w - - 0 42,a7a5
31,EulerE,gh69551,1181,1218,8/3R4/1p2p1k1/P3r1p1/5p1p/P1P5/3K1P2/8 b - - 0 42,b4a5
31,EulerE,gh69551,1181,1218,8/3R4/4p1k1/p3r1p1/5p1p/P1P5/3K1P2/8 w - - 0 43,b6a5
31,EulerE,gh69551,1181,1218,8/3R4/4p1k1/p3r1p1/2P2p1p/P7/3K1P2/8 b - - 0 43,c3c4
31,EulerE,gh69551,1181,1218,8/3R4/4p1k1/p3r1p1/2P2p2/P6p/3K1P2/8 w - - 0 44,h4h3
31,EulerE,gh69551,1181,1218,3R4/8/4p1k1/p3r1p1/2P2p2/P6p/3K1P2/8 b - - 1 44,d7d8
31,EulerE,gh69551,1181,1218,3R4/8/4p3/p3r1pk/2P2p2/P6p/3K1P2/8 w - - 2 45,g6h5
31,EulerE,gh69551,1181,1218,7R/8/4p3/p3r1pk/2P2p2/P6p/3K1P2/8 b - - 3 45,d8h8
31,EulerE,gh69551,1181,1218,7R/8/4p3/p3r1p1/2P2pk1/P6p/3K1P2/8 w - - 4 46,h5g4
31,EulerE,gh69551,1181,1218,7R/8/4p3/p3r1p1/2P2pk1/P4P1p/3K4/8 b - - 0 46,f2f3
31,EulerE,gh69551,1181,1218,7R/8/4p3/p3r1p1/2P2p2/P4Pkp/3K4/8 w - - 1 47,g4g3
31,EulerE,gh69551,1181,1218,7R/8/4p3/p3r1p1/2P2p2/P2K1Pkp/8/8 b - - 2 47,d2d3
31,EulerE,gh69551,1181,1218,7R/8/4p3/p3r1p1/2P2p2/P2K1Pk1/7p/8 w - - 0 48,h3h2
31,EulerE,gh69551,1181,1218,7R/8/4p3/p3r1p1/2PK1p2/P4Pk1/7p/8 b - - 1 48,d3d4
31,EulerE,gh69551,1181,1218,7R/8/4p3/p5p1/2PK1p2/P3rPk1/7p/8 w - - 2 49,e5e3
31,EulerE,gh69551,1181,1218,7R/8/4p3/p1P3p1/3K1p2/P3rPk1/7p/8 b - - 0 49,c4c5
31,EulerE,gh69551,1181,1218,7R/8/4p3/p1P3p1/3K1p2/P4rk1/7p/8 w - - 0 50,e3f3
31,EulerE,gh69551,1181,1218,7R/8/2P1p3/p5p1/3K1p2/P4rk1/7p/8 b - - 0 50,c5c6
31,EulerE,gh69551,1181,1218,7R/8/2P1p3/p5p1/3K1p2/P5k1/7p/5r2 w - - 1 51,f3f1
31,EulerE,gh69551,1181,1218,7R/2P5/4p3/p5p1/3K1p2/P5k1/7p/5r2 b - - 0 51,c6c7
31,EulerE,gh69551,1181,1218,7R/2P5/4p3/p5p1/3K1p2/P5k1/7p/2r5 w - - 1 52,f1c1
31,EulerE,gh69551,1181,1218,2Q4R/8/4p3/p5p1/3K1p2/P5k1/7p/2r5 b - - 0 52,c7c8q
31,EulerE,gh69551,1181,1218,2r4R/8/4p3/p5p1/3K1p2/P5k1/7p/8 w - - 0 53,c1c8
31,EulerE,gh69551,1181,1218,2R5/8/4p3/p5p1/3K1p2/P5k1/7p/8 b - - 0 53,h8c8
31,EulerE,gh69551,1181,1218,2R5/8/4p3/p5p1/3K1p2/P5k1/8/7q w - - 0 54,h2h1q
31,EulerE,gh69551,1181,1218,8/8/4p3/p5p1/3K1p2/P1R3k1/8/7q b - - 1 54,c8c3
31,EulerE,gh69551,1181,1218,8/8/4p3/p5p1/3K1pk1/P1R5/8/7q w - - 2 55,g3g4
31,EulerE,gh69551,1181,1218,8/8/4p3/p3K1p1/5pk1/P1R5/8/7q b - - 3 55,d4e5
31,EulerE,gh69551,1181,1218,8/8/4p3/p3K1p1/5pk1/P1R5/8/4q3 w - - 4 56,h1e1
31,EulerE,gh69551,1181,1218,8/8/4pK2/p5p1/5pk1/P1R5/8/4q3 b - - 5 56,e5f6
31,EulerE,gh69551,1181,1218,8/8/4pK2/p5p1/5pk1/P1q5/8/8 w - - 0 57,e1c3
32,abdull927,EulerE,1175,1173,rnbqkbnr/pppppppp/8/8/4P3/8/PPPP1PPP/RNBQKBNR b KQkq - 0 1,e2e4
32,abdull927,EulerE,1175,1173,rnbqkbnr/pppp1ppp/8/4p3/4P3/8/PPPP1PPP/RNBQKBNR w KQkq - 0 2,e7e5
32,abdull927,EulerE,1175,1173,rnbqkbnr/pppp1ppp/8/4p3/4P3/5N2/PPPP1PPP/RNBQKB1R b KQkq - 1 2,g1f3
32,abdull927,EulerE,1175,1173,r1bqkbnr/pppp1ppp/2n5/4p3/4P3/5N2/PPPP1PPP/RNBQKB1R w KQkq - 2 3,b8c6
32,abdull927,EulerE,1175,1173,r1bqkbnr/pppp1ppp/2n5/4p3/2B1P3/5N2/PPPP1PPP/RNBQK2R b KQkq - 3 3,f1c4
32,abdull927,EulerE,1175,1173,r1bqk1nr/pppp1ppp/2n5/2b1p3/2B1P3/5N2/PPPP1PPP/RNBQK2R w KQkq - 4 4,f8c5
32,abdull927,EulerE,1175,1173,r1bqk1nr/pppp1ppp/2n5/2b1p3/2B1P3/3P1N2/PPP2PPP/RNBQK2R b KQkq - 0 4,d2d3
32,abdull927,EulerE,1175,1173,r1bqk2r/pppp1ppp/2n2n2/2b1p3/2B1P3/3P1N2/PPP2PPP/RNBQK2R w KQkq - 1 5,g8f6
32,abdull927,EulerE,1175,1173,r1bqk2r/pppp1ppp/2n2n2/2b1p1N1/2B1P3/3P4/PPP2PPP/RNBQK2R b KQkq - 2 5,f3g5
32,abdull927,EulerE,1175,1173,r1bq1rk1/pppp1ppp/2n2n2/2b1p1N1/2B1P3/3P4/PPP2PPP/RNBQK2R w KQ - 3 6,e8g8
32,abdull927,EulerE,1175,1173,r1bq1rk1/pppp1ppp/2n2n2/2b1p3/2B1P3/3P1N2/PPP2PPP/RNBQK2R b KQ - 4 6,g5f3
32,abdull927,EulerE,1175,1173,r1bq1rk1/pppp1ppp/5n2/n1b1p3/2B1P3/3P1N2/PPP2PPP/RNBQK2R w KQ - 5 7,c6a5
32,abdull927,EulerE,1175,1173,r1bq1rk1/pppp1ppp/5n2/n1b1p3/4P3/1B1P1N2/PPP2PPP/RNBQK2R b KQ - 6 7,c4b3
32,abdull927,EulerE,1175,1173,r1bq1rk1/pppp1ppp/5n2/2b1p3/4P3/1n1P1N2/PPP2PPP/RNBQK2R w KQ - 0 8,a5b3
32,abdull927,EulerE,1175,1173,r1bq1rk1/pppp1ppp/5n2/2b1p3/4P3/1P1P1N2/1PP2PPP/RNBQK2R b KQ - 0 8,a2b3
32,abdull927,EulerE,1175,1173,r1bqr1k1/pppp1ppp/5n2/2b1p3/4P3/1P1P1N2/1PP2PPP/RNBQK2R w KQ - 1 9,f8e8
32,abdull927,EulerE,1175,1173,r1bqr1k1/pppp1ppp/5n2/2b1p3/4P3/1P1P1N2/1PP1QPPP/RNB1K2R b KQ - 2 9,d1e2
32,abdull927,EulerE,1175,1173,r1bqr1k1/ppp2ppp/5n2/2bpp3/4P3/1P1P1N2/1PP1QPPP/RNB1K2R w KQ - 0 10,d7d5
32,abdull927,EulerE,1175,1173,r1bqr1k1/ppp2ppp/5n2/2bPp3/8/1P1P1N2/1PP1QPPP/RNB1K2R b KQ - 0 10,e4d5
32,abdull927,EulerE,1175,1173,r1b1r1k1/ppp2ppp/5n2/2bqp3/8/1P1P1N2/1PP1QPPP/RNB1K2R w KQ - 0 11,d8d5
32,abdull927,EulerE,1175,1173,r1b1r1k1/ppp2ppp/5n2/2bqp3/8/1P1PBN2/1PP1QPPP/RN2K2R b KQ - 1 11,c1e3
32,abdull927,EulerE,1175,1173,r1b1r1k1/ppp2ppp/5n2/3qp3/3b4/1P1PBN2/1PP1QPPP/RN2K2R w KQ - 2 12,c5d4
32,abdull927,EulerE,1175,1173,r1b1r1k1/ppp2ppp/5n2/3qp3/3B4/1P1P1N2/1PP1QPPP/RN2K2R b KQ - 0 12,e3d4
32,abdull927,EulerE,1175,1173,r1b1r1k1/ppp2ppp/5n2/3q4/3p4/1P1P1N2/1PP1QPPP/RN2K2R w KQ - 0 13,e5d4
32,abdull927,EulerE,1175,1173,r1b1r1k1/ppp2ppp/5n2/3q4/3N4/1P1P4/1PP1QPPP/RN2K2R b KQ - 0 13,f3d4
32,abdull927,EulerE,1175,1173,r1b3k1/ppp2ppp/5n2/3q4/3N4/1P1P4/1PP1rPPP/RN2K2R w KQ - 0 14,e8e2
32,abdull927,EulerE,1175,1173,r1b3k1/ppp2ppp/5n2/3q4/8/1P1P4/1PP1NPPP/RN2K2R b KQ - 0 14,d4e2
32,abdull927,EulerE,1175,1173,r1b3k1/ppp2ppp/5n2/4q3/8/1P1P4/1PP1NPPP/RN2K2R w KQ - 1 15,d5e5
32,abdull927,EulerE,1175,1173,r1b3k1/ppp2ppp/5n2/4q3/8/1PNP4/1PP1NPPP/R3K2R b KQ - 2 15,b1c3
32,abdull927,EulerE,1175,1173,r5k1/ppp2ppp/5n2/4q3/6b1/1PNP4/1PP1NPPP/R3K2R w KQ - 3 16,c8g4
32,abdull927,EulerE,1175,1173,r5k1/ppp2ppp/5n2/4q3/6b1/1PNP1P2/1PP1N1PP/R3K2R b KQ - 0 16,f2f3
32,abdull927,EulerE,1175,1173,r5k1/pppb1ppp/5n2/4q3/8/1PNP1P2/1PP1N1PP/R3K2R w KQ - 1 17,g4d7
32,abdull927,EulerE,1175,1173,r5k1/pppb1ppp/5n2/4q3/8/1PNP1P2/1PP1N1PP/2KR3R b - - 2 17,e1c1
32,abdull927,EulerE,1175,1173,4r1k1/pppb1ppp/5n2/4q3/8/1PNP1P2/1PP1N1PP/2KR3R w - - 3 18,a8e8
32,abdull927,EulerE,1175,1173,4r1k1/pppb1ppp/5n2/4q3/6P1/1PNP1P2/1PP1N2P/2KR3R b - - 0 18,g2g4
32,abdull927,EulerE,1175,1173,4r1k1/pppb1p1p/5n2/4q1p1/6P1/1PNP1P2/1PP1N2P/2KR3R w - - 0 19,g7g5
32,abdull927,EulerE,1175,1173,4r1k1/pppb1p1p/5n2/4q1p1/6PP/1PNP1P2/1PP1N3/2KR3R b - - 0 19,h2h4
32,abdull927,EulerE,1175,1173,4r1k1/pppb1p1p/5n2/4q3/6Pp/1PNP1P2/1PP1N3/2KR3R w - - 0 20,g5h4
32,abdull927,EulerE,1175,1173,4r1k1/pppb1p1p/5n2/4q3/6PR/1PNP1P2/1PP1N3/2KR4 b - - 0 20,h1h4
32,abdull927,EulerE,1175,1173,4r1k1/pppb1p1p/5n2/6q1/6PR/1PNP1P2/1PP1N3/2KR4 w - - 1 21,e5g5
32,abdull927,EulerE,1175,1173,4r1k1/pppb1p1p/5n2/6q1/6PR/1PNP1P2/1PP1N3/1K1R4 b - - 2 21,c1b1
32,abdull927,EulerE,1175,1173,4r1k1/pppb1p1p/5n2/8/6Pq/1PNP1P2/1PP1N3/1K1R4 w - - 0 22,g5h4
32,abdull927,EulerE,1175,1173,4r1k1/pppb1p1p/5n2/8/6Pq/1PNP1P2/1PP1N3/1K5R b - - 1 22,d1h1
32,abdull927,EulerE,1175,1173,4r1k1/pppb1p1p/5n2/6q1/6P1/1PNP1P2/1PP1N3/1K5R w - - 2 23,h4g5
32,abdull927,EulerE,1175,1173,4r1k1/pppb1p1p/5n2/6q1/4N1P1/1P1P1P2/1PP1N3/1K5R b - - 3 23,c3e4
32,abdull927,EulerE,1175,1173,4r1k1/pppb1p1p/5n2/8/4N1P1/1P1PqP2/1PP1N3/1K5R w - - 4 24,g5e3
32,abdull927,EulerE,1175,1173,4r1k1/pppb1p1p/5N2/8/6P1/1P1PqP2/1PP1N3/1K5R b - - 0 24,e4f6
32,abdull927,EulerE,1175,1173,4rk2/pppb1p1p/5N2/8/6P1/1P1PqP2/1PP1N3/1K5R w - - 1 25,g8f8
32,abdull927,EulerE,1175,1173,4rk2/pppN1p1p/8/8/6P1/1P1PqP2/1PP1N3/1K5R b - - 0 25,f6d7
32,abdull927,EulerE,1175,1173,4r1k1/pppN1p1p/8/8/6P1/1P1PqP2/1PP1N3/1K5R w - - 1 26,f8g8
32,abdull927,EulerE,1175,1173,4r1k1/ppp2p1p/5N2/8/6P1/1P1PqP2/1PP1N3/1K5R b - - 2 26,d7f6
32,abdull927,EulerE,1175,1173,4rk2/ppp2p1p/5N2/8/6P1/1P1PqP2/1PP1N3/1K5R w - - 3 27,g8f8
32,abdull927,EulerE,1175,1173,4Nk2/ppp2p1p/8/8/6P1/1P1PqP2/1PP1N3/1K5R b - - 0 27,f6e8
32,abdull927,EulerE,1175,1173,4qk2/ppp2p1p/8/8/6P1/1P1P1P2/1PP1N3/1K5R w - - 0 28,e3e8
32,abdull927,EulerE,1175,1173,4qk2/ppp2p1p/8/8/3N2P1/1P1P1P2/1PP5/1K5R b - - 1 28,e2d4
32,abdull927,EulerE,1175,1173,5k2/ppp2p1p/8/8/3N2P1/1P1PqP2/1PP5/1K5R w - - 2 29,e8e3
32,abdull927,EulerE,1175,1173,5k2/ppp2p1p/8/5N2/6P1/1P1PqP2/1PP5/1K5R b - - 3 29,d4f5
32,abdull927,EulerE,1175,1173,5k2/ppp2p1p/8/5N2/6P1/1P1P1q2/1PP5/1K5R w - - 0 30,e3f3
32,abdull927,EulerE,1175,1173,5k2/ppp2p1R/8/5N2/6P1/1P1P1q2/1PP5/1K6 b - - 0 30,h1h7
32,abdull927,EulerE,1175,1173,5k2/ppp2p1R/8/5N2/6q1/1P1P4/1PP5/1K6 w - - 0 31,f3g4
32,abdull927,EulerE,1175,1173,5k1R/ppp2p2/8/5N2/6q1/1P1P4/1PP5/1K6 b - - 1 31,h7h8
32,abdull927,EulerE,1175,1173,5kqR/ppp2p2/8/5N2/8/1P1P4/1PP5/1K6 w - - 2 32,g4g8
32,abdull927,EulerE,1175,1173,5kR1/ppp2p2/8/5N2/8/1P1P4/1PP5/1K6 b - - 0 32,h8g8
32,abdull927,EulerE,1175,1173,6k1/ppp2p2/8/5N2/8/1P1P4/1PP5/1K6 w - - 0 33,f8g8
32,abdull927,EulerE,1175,1173,6k1/ppp1Np2/8/8/8/1P1P4/1PP5/1K6 b - - 1 33,f5e7
32,abdull927,EulerE,1175,1173,8/ppp1Npk1/8/8/8/1P1P4/1PP5/1K6 w - - 2 34,g8g7
32,abdull927,EulerE,1175,1173,8/ppp2pk1/8/3N4/8/1P1P4/1PP5/1K6 b - - 3 34,e7d5
32,abdull927,EulerE,1175,1173,8/ppp2p2/6k1/3N4/8/1P1P4/1PP5/1K6 w - - 4 35,g7g6
32,abdull927,EulerE,1175,1173,8/ppN2p2/6k1/8/8/1P1P4/1PP5/1K6 b - - 0 35,d5c7
32,abdull927,EulerE,1175,1173,8/ppN5/6k1/5p2/8/1P1P4/1PP5/1K6 w - - 0 36,f7f5
32,abdull927,EulerE,1175,1173,8/pp6/6k1/1N3p2/8/1P1P4/1PP5/1K6 b - - 1 36,c7b5
32,abdull927,EulerE,1175,1173,8/pp6/8/1N3pk1/8/1P1P4/1PP5/1K6 w - - 2 37,g6g5
32,abdull927,EulerE,1175,1173,8/pp6/8/1N3pk1/8/1P1P4/1PP5/2K5 b - - 3 37,b1c1
32,abdull927,EulerE,1175,1173,8/pp6/8/1N4k1/5p2/1P1P4/1PP5/2K5 w - - 0 38,f5f4
32,abdull927,EulerE,1175,1173,8/pp6/8/1N4k1/5p2/1P1P4/1PPK4/8 b - - 1 38,c1d2
32,abdull927,EulerE,1175,1173,8/pp6/8/1N6/5pk1/1P1P4/1PPK4/8 w - - 2 39,g5g4
32,abdull927,EulerE,1175,1173,8/pp6/8/1N6/5pk1/1P1P4/1PP1K3/8 b - - 3 39,d2e2
32,abdull927,EulerE,1175,1173,8/pp6/8/1N6/6k1/1P1P1p2/1PP1K3/8 w - - 0 40,f4f3
32,abdull927,EulerE,1175,1173,8/pp6/8/1N6/6k1/1P1P1p2/1PP2K2/8 b - - 1 40,e2f2
32,abdull927,EulerE,1175,1173,8/pp6/8/1N6/5k2/1P1P1p2/1PP2K2/8 w - - 2 41,g4f4
32,abdull927,EulerE,1175,1173,8/Np6/8/8/5k2/1P1P1p2/1PP2K2/8 b - - 0 41,b5a7
33,kdw1959,EulerE,1186,1182,rnbqkbnr/pppppppp/8/8/4P3/8/PPPP1PPP/RNBQKBNR b KQkq - 0 1,e2e4
33,kdw1959,EulerE,1186,1182,rnbqkbnr/pppp1ppp/8/4p3/4P3/8/PPPP1PPP/RNBQKBNR w KQkq - 0 2,e7e5
33,kdw1959,EulerE,1186,1182,rnbqkbnr/pppp1ppp/8/4p3/4P3/5N2/PPPP1PPP/RNBQKB1R b KQkq - 1 2,g1f3
33,kdw1959,EulerE,1186,1182,r1bqkbnr/pppp1ppp/2n5/4p3/4P3/5N2/PPPP1PPP/RNBQKB1R w KQkq - 2 3,b8c6
33,kdw1959,EulerE,1186,1182,r1bqkbnr/pppp1ppp/2n5/4p3/2B1P3/5N2/PPPP1PPP/RNBQK2R b KQkq - 3 3,f1c4
33,kdw1959,EulerE,1186,1182,r1bqk1nr/pppp1ppp/2n5/2b1p3/2B1P3/5N2/PPPP1PPP/RNBQK2R w KQkq - 4 4,f8c5
33,kdw1959,EulerE,1186,1182,r1bqk1nr/pppp1ppp/2n5/2b1p3/2B1P3/2P2N2/PP1P1PPP/RNBQK2R b KQkq - 0 4,c2c3
33,kdw1959,EulerE,1186,1182,r1bqk2r/pppp1ppp/2n2n2/2b1p3/2B1P3/2P2N2/PP1P1PPP/RNBQK2R w KQkq - 1 5,g8f6
33,kdw1959,EulerE,1186,1182,r1bqk2r/pppp1ppp/2n2n2/2b1p3/2BPP3/2P2N2/PP3PPP/RNBQK2R b KQkq - 0 5,d2d4
33,kdw1959,EulerE,1186,1182,r1bqk2r/pppp1ppp/1bn2n2/4p3/2BPP3/2P2N2/PP3PPP/RNBQK2R w KQkq - 1 6,c5b6
33,kdw1959,EulerE,1186,1182,r1bqk2r/pppp1ppp/1bn2n2/4P3/2B1P3/2P2N2/PP3PPP/RNBQK2R b KQkq - 0 6,d4e5
33,kdw1959,EulerE,1186,1182,r1bqk2r/pppp1ppp/1bn5/4P3/2B1P1n1/2P2N2/PP3PPP/RNBQK2R w KQkq - 1 7,f6g4
33,kdw1959,EulerE,1186,1182,r1bqk2r/pppp1ppp/1bn5/4P3/2B1P1n1/2P1BN2/PP3PPP/RN1QK2R b KQkq - 2 7,c1e3
33,kdw1959,EulerE,1186,1182,r1bqk2r/pppp1ppp/1bn5/4n3/2B1P3/2P1BN2/PP3PPP/RN1QK2R w KQkq - 0 8,g4e5
33,kdw1959,EulerE,1186,1182,r1bqk2r/pppp1ppp/1bn5/4N3/2B1P3/2P1B3/PP3PPP/RN1QK2R b KQkq - 0 8,f3e5
33,kdw1959,EulerE,1186,1182,r1bqk2r/pppp1ppp/1b6/4n3/2B1P3/2P1B3/PP3PPP/RN1QK2R w KQkq - 0 9,c6e5
33,kdw1959,EulerE,1186,1182,r1bqk2r/pppp1ppp/1b6/4n3/2BBP3/2P5/PP3PPP/RN1QK2R b KQkq - 1 9,e3d4
33,kdw1959,EulerE,1186,1182,r1bqk2r/pppp1ppp/1b6/8/2nBP3/2P5/PP3PPP/RN1QK2R w KQkq - 0 10,e5c4
33,kdw1959,EulerE,1186,1182,r1bqk2r/pppp1pBp/1b6/8/2n1P3/2P5/PP3PPP/RN1QK2R b KQkq - 0 10,d4g7
33,kdw1959,EulerE,1186,1182,r1bqk1r1/pppp1pBp/1b6/8/2n1P3/2P5/PP3PPP/RN1QK2R w KQq - 1 11,h8g8
33,kdw1959,EulerE,1186,1182,r1bqk1r1/pppp1p1p/1b6/8/2nBP3/2P5/PP3PPP/RN1QK2R b KQq - 2 11,g7d4
33,kdw1959,EulerE,1186,1182,r1bqk1r1/pppp1p1p/1b1n4/8/3BP3/2P5/PP3PPP/RN1QK2R w KQq - 3 12,c4d6
33,kdw1959,EulerE,1186,1182,r1bqk1r1/pppp1p1p/1b1n4/7Q/3BP3/2P5/PP3PPP/RN2K2R b KQq - 4 12,d1h5
33,kdw1959,EulerE,1186,1182,r1bqk1r1/pppp1p1p/3n4/7Q/3bP3/2P5/PP3PPP/RN2K2R w KQq - 0 13,b6d4
33,kdw1959,EulerE,1186,1182,r1bqk1r1/pppp1p1p/3n4/7Q/3PP3/8/PP3PPP/RN2K2R b KQq - 0 13,c3d4
33,kdw1959,EulerE,1186,1182,r1bqk1r1/pppp1p1p/8/7Q/3Pn3/8/PP3PPP/RN2K2R w KQq - 0 14,d6e4
33,kdw1959,EulerE,1186,1182,r1bqk1r1/pppp1p1Q/8/8/3Pn3/8/PP3PPP/RN2K2R b KQq - 0 14,h5h7
33,kdw1959,EulerE,1186,1182,r1bqk1r1/pppp1p1Q/5n2/8/3P4/8/PP3PPP/RN2K2R w KQq - 1 15,e4f6
33,kdw1959,EulerE,1186,1182,r1bqk1r1/pppp1p2/5n2/8/3P4/3Q4/PP3PPP/RN2K2R b KQq - 2 15,h7d3
33,kdw1959,EulerE,1186,1182,r1b1k1r1/ppppqp2/5n2/8/3P4/3Q4/PP3PPP/RN2K2R w KQq - 3 16,d8e7
33,kdw1959,EulerE,1186,1182,r1b1k1r1/ppppqp2/5n2/8/3P4/3Q4/PP3PPP/RN1K3R b q - 4 16,e1d1
33,kdw1959,EulerE,1186,1182,r1b1k1r1/ppp1qp2/5n2/3p4/3P4/3Q4/PP3PPP/RN1K3R w q - 0 17,d7d5
33,kdw1959,EulerE,1186,1182,r1b1k1r1/ppp1qp2/5n2/3p4/3P4/3Q4/PP3PPP/RN1KR3 b q - 1 17,h1e1
33,kdw1959,EulerE,1186,1182,r1b1k1r1/ppp1qp2/8/3p4/3Pn3/3Q4/PP3PPP/RN1KR3 w q - 2 18,f6e4
33,kdw1959,EulerE,1186,1182,r1b1k1r1/ppp1qp2/8/3p4/3Pn3/3Q1P2/PP4PP/RN1KR3 b q - 0 18,f2f3
33,kdw1959,EulerE,1186,1182,r1b1k1r1/ppp1qp2/8/3p4/3P4/3Q1P2/PP3nPP/RN1KR3 w q - 1 19,e4f2
33,kdw1959,EulerE,1186,1182,r1b1k1r1/ppp1qp2/8/3p4/3P4/3Q1P2/PP1K1nPP/RN2R3 b q - 2 19,d1d2
33,kdw1959,EulerE,1186,1182,r1b1k1r1/ppp1qp2/8/3p4/3P4/3n1P2/PP1K2PP/RN2R3 w q - 0 20,f2d3
33,kdw1959,EulerE,1186,1182,r1b1k1r1/ppp1Rp2/8/3p4/3P4/3n1P2/PP1K2PP/RN6 b q - 0 20,e1e7
33,kdw1959,EulerE,1186,1182,r1b3r1/ppp1kp2/8/3p4/3P4/3n1P2/PP1K2PP/RN6 w - - 0 21,e8e7
33,kdw1959,EulerE,1186,1182,r1b3r1/ppp1kp2/8/3p4/3P4/3K1P2/PP4PP/RN6 b - - 0 21,d2d3
33,kdw1959,EulerE,1186,1182,r5r1/ppp1kp2/8/3p1b2/3P4/3K1P2/PP4PP/RN6 w - - 1 22,c8f5
33,kdw1959,EulerE,1186,1182,r5r1/ppp1kp2/8/3p1b2/3P4/2K2P2/PP4PP/RN6 b - - 2 22,d3c3
33,kdw1959,EulerE,1186,1182,r7/ppp1kp2/8/3p1b2/3P4/2K2P2/PP4rP/RN6 w - - 0 23,g8g2
34,EulerE,jineto_arl,1191,1216,rnbqkbnr/pppppppp/8/8/3P4/8/PPP1PPPP/RNBQKBNR b KQkq - 0 1,d2d4
34,EulerE,jineto_arl,1191,1216,rnbqkbnr/ppp1pppp/8/3p4/3P4/8/PPP1PPPP/RNBQKBNR w KQkq - 0 2,d7d5
34,EulerE,jineto_arl,1191,1216,rnbqkbnr/ppp1pppp/8/3p4/2PP4/8/PP2PPPP/RNBQKBNR b KQkq - 0 2,c2c4
34,EulerE,jineto_arl,1191,1216,rnbqkbnr/ppp1pppp/8/8/2pP4/8/PP2PPPP/RNBQKBNR w KQkq - 0 3,d5c4
34,EulerE,jineto_arl,1191,1216,rnbqkbnr/ppp1pppp/8/8/2pPP3/8/PP3PPP/RNBQKBNR b KQkq - 0 3,e2e4
34,EulerE,jineto_arl,1191,1216,rnbqkbnr/ppp2ppp/8/4p3/2pPP3/8/PP3PPP/RNBQKBNR w KQkq - 0 4,e7e5
34,EulerE,jineto_arl,1191,1216,rnbqkbnr/ppp2ppp/8/3Pp3/2p1P3/8/PP3PPP/RNBQKBNR b KQkq - 0 4,d4d5
34,EulerE,jineto_arl,1191,1216,rnbqkbnr/pp3ppp/2p5/3Pp3/2p1P3/8/PP3PPP/RNBQKBNR w KQkq - 0 5,c7c6
34,EulerE,jineto_arl,1191,1216,rnbqkbnr/pp3ppp/2p5/3Pp3/2B1P3/8/PP3PPP/RNBQK1NR b KQkq - 0 5,f1c4
34,EulerE,jineto_arl,1191,1216,rnbqkbnr/pp3ppp/8/3pp3/2B1P3/8/PP3PPP/RNBQK1NR w KQkq - 0 6,c6d5
34,EulerE,jineto_arl,1191,1216,rnbqkbnr/pp3ppp/8/3Bp3/4P3/8/PP3PPP/RNBQK1NR b KQkq - 0 6,c4d5
34,EulerE,jineto_arl,1191,1216,rnbqkb1r/pp3ppp/5n2/3Bp3/4P3/8/PP3PPP/RNBQK1NR w KQkq - 1 7,g8f6
34,EulerE,jineto_arl,1191,1216,rnbqkb1r/pp3ppp/5n2/3Bp3/4P3/2N5/PP3PPP/R1BQK1NR b KQkq - 2 7,b1c3
34,EulerE,jineto_arl,1191,1216,rnbqk2r/pp3ppp/5n2/3Bp3/1b2P3/2N5/PP3PPP/R1BQK1NR w KQkq - 3 8,f8b4
34,EulerE,jineto_arl,1191,1216,rnbqk2r/pp3ppp/5n2/3Bp3/Qb2P3/2N5/PP3PPP/R1B1K1NR b KQkq - 4 8,d1a4
35,EulerE,Daniele0104,1183,1196,rnbqkbnr/pppppppp/8/8/3P4/8/PPP1PPPP/RNBQKBNR b KQkq - 0 1,d2d4
35,EulerE,Daniele0104,1183,1196,rnbqkbnr/ppp1pppp/8/3p4/3P4/8/PPP1PPPP/RNBQKBNR w KQkq - 0 2,d7d5
35,EulerE,Daniele0104,1183,1196,rnbqkbnr/ppp1pppp/8/3p4/2PP4/8/PP2PPPP/RNBQKBNR b KQkq - 0 2,c2c4
35,EulerE,Daniele0104,1183,1196,rnbqkbnr/ppp1pppp/8/8/2pP4/8/PP2PPPP/RNBQKBNR w KQkq - 0 3,d5c4
35,EulerE,Daniele0104,1183,1196,rnbqkbnr/ppp1pppp/8/8/2pPP3/8/PP3PPP/RNBQKBNR b KQkq - 0 3,e2e4
35,EulerE,Daniele0104,1183,1196,rnbqkbnr/p1p1pppp/8/1p6/2pPP3/8/PP3PPP/RNBQKBNR w KQkq - 0 4,b7b5
35,EulerE,Daniele0104,1183,1196,rnbqkbnr/p1p1pppp/8/1p6/P1pPP3/8/1P3PPP/RNBQKBNR b KQkq - 0 4,a2a4
35,EulerE,Daniele0104,1183,1196,rnbqkbnr/p3pppp/2p5/1p6/P1pPP3/8/1P3PPP/RNBQKBNR w KQkq - 0 5,c7c6
35,EulerE,Daniele0104,1183,1196,rnbqkbnr/p3pppp/2p5/1P6/2pPP3/8/1P3PPP/RNBQKBNR b KQkq - 0 5,a4b5
35,EulerE,Daniele0104,1183,1196,rnbqkbnr/p3pppp/8/1p6/2pPP3/8/1P3PPP/RNBQKBNR w KQkq - 0 6,c6b5
35,EulerE,Daniele0104,1183,1196,rnbqkbnr/p3pppp/8/1p6/2pPP3/5N2/1P3PPP/RNBQKB1R b KQkq - 1 6,g1f3
35,EulerE,Daniele0104,1183,1196,rn1qkbnr/p3pppp/8/1p6/2pPP1b1/5N2/1P3PPP/RNBQKB1R w KQkq - 2 7,c8g4
35,EulerE,Daniele0104,1183,1196,rn1qkbnr/p3pppp/8/1p6/2pPP1b1/5N1P/1P3PP1/RNBQKB1R b KQkq - 0 7,h2h3
35,EulerE,Daniele0104,1183,1196,rn1qkbnr/p3pppp/8/1p5b/2pPP3/5N1P/1P3PP1/RNBQKB1R w KQkq - 1 8,g4h5
35,EulerE,Daniele0104,1183,1196,rn1qkbnr/p3pppp/8/1p5b/2pPP3/2N2N1P/1P3PP1/R1BQKB1R b KQkq - 2 8,b1c3
35,EulerE,Daniele0104,1183,1196,r2qkbnr/p3pppp/2n5/1p5b/2pPP3/2N2N1P/1P3PP1/R1BQKB1R w KQkq - 3 9,b8c6
35,EulerE,Daniele0104,1183,1196,r2qkbnr/p3pppp/2n5/1N5b/2pPP3/5N1P/1P3PP1/R1BQKB1R b KQkq - 0 9,c3b5
35,EulerE,Daniele0104,1183,1196,r2qkbnr/4pppp/p1n5/1N5b/2pPP3/5N1P/1P3PP1/R1BQKB1R w KQkq - 0 10,a7a6
35,EulerE,Daniele0104,1183,1196,r2qkbnr/4pppp/p1n5/7b/2pPP3/2N2N1P/1P3PP1/R1BQKB1R b KQkq - 1 10,b5c3
35,EulerE,Daniele0104,1183,1196,r2qkbnr/4pppp/p1n5/8/2pPP3/2N2b1P/1P3PP1/R1BQKB1R w KQkq - 0 11,h5f3
35,EulerE,Daniele0104,1183,1196,r2qkbnr/4pppp/p1n5/8/2pPP3/2N2Q1P/1P3PP1/R1B1KB1R b KQkq - 0 11,d1f3
35,EulerE,Daniele0104,1183,1196,r2qkbnr/4pppp/p7/8/2pnP3/2N2Q1P/1P3PP1/R1B1KB1R w KQkq - 0 12,c6d4
35,EulerE,Daniele0104,1183,1196,r2qkbnr/4pppp/p7/8/2pnP3/2N4P/1P3PP1/R1BQKB1R b KQkq - 1 12,f3d1
35,EulerE,Daniele0104,1183,1196,r2qkbnr/5ppp/p7/4p3/2pnP3/2N4P/1P3PP1/R1BQKB1R w KQkq - 0 13,e7e5
35,EulerE,Daniele0104,1183,1196,r2qkbnr/5ppp/p7/4p3/2pnP3/2N1B2P/1P3PP1/R2QKB1R b KQkq - 1 13,c1e3
35,EulerE,Daniele0104,1183,1196,r2qk1nr/5ppp/p7/4p3/1bpnP3/2N1B2P/1P3PP1/R2QKB1R w KQkq - 2 14,f8b4
35,EulerE,Daniele0104,1183,1196,r2qk1nr/5ppp/p7/4p3/1bpBP3/2N4P/1P3PP1/R2QKB1R b KQkq - 0 14,e3d4
35,EulerE,Daniele0104,1183,1196,r2qk1nr/5ppp/p7/8/1bppP3/2N4P/1P3PP1/R2QKB1R w KQkq - 0 15,e5d4
35,EulerE,Daniele0104,1183,1196,r2qk1nr/5ppp/p7/8/QbppP3/2N4P/1P3PP1/R3KB1R b KQkq - 1 15,d1a4
35,EulerE,Daniele0104,1183,1196,r3k1nr/3q1ppp/p7/8/QbppP3/2N4P/1P3PP1/R3KB1R w KQkq - 2 16,d8d7
35,EulerE,Daniele0104,1183,1196,r3k1nr/3q1ppp/p7/8/1QppP3/2N4P/1P3PP1/R3KB1R b KQkq - 0 16,a4b4
35,EulerE,Daniele0104,1183,1196,r3k1nr/3q1ppp/p7/8/1Qp1P3/2p4P/1P3PP1/R3KB1R w KQkq - 0 17,d4c3
35,EulerE,Daniele0104,1183,1196,r3k1nr/3q1ppp/p7/8/2p1P3/2Q4P/1P3PP1/R3KB1R b KQkq - 0 17,b4c3
35,EulerE,Daniele0104,1183,1196,r3k2r/3q1ppp/p4n2/8/2p1P3/2Q4P/1P3PP1/R3KB1R w KQkq - 1 18,g8f6
35,EulerE,Daniele0104,1183,1196,r3k2r/3q1ppp/p4n2/4Q3/2p1P3/7P/1P3PP1/R3KB1R b KQkq - 2 18,c3e5
35,EulerE,Daniele0104,1183,1196,r4k1r/3q1ppp/p4n2/4Q3/2p1P3/7P/1P3PP1/R3KB1R w KQ - 3 19,e8f8
35,EulerE,Daniele0104,1183,1196,r4k1r/3q1ppp/p4n2/4Q3/2B1P3/7P/1P3PP1/R3K2R b KQ - 0 19,f1c4
35,EulerE,Daniele0104,1183,1196,4rk1r/3q1ppp/p4n2/4Q3/2B1P3/7P/1P3PP1/R3K2R w KQ - 1 20,a8e8
35,EulerE,Daniele0104,1183,1196,4rk1r/3q1ppp/p4n2/2Q5/2B1P3/7P/1P3PP1/R3K2R b KQ - 2 20,e5c5
35,EulerE,Daniele0104,1183,1196,4r1kr/3q1ppp/p4n2/2Q5/2B1P3/7P/1P3PP1/R3K2R w KQ - 3 21,f8g8
35,EulerE,Daniele0104,1183,1196,4r1kr/3q1ppp/p4n2/2Q5/2B1P3/7P/1P3PP1/R4RK1 b - - 4 21,e1g1
35,EulerE,Daniele0104,1183,1196,4r1kr/3q1ppp/p7/2Q5/2B1n3/7P/1P3PP1/R4RK1 w - - 0 22,f6e4
35,EulerE,Daniele0104,1183,1196,4r1kr/3q1ppp/p7/3Q4/2B1n3/7P/1P3PP1/R4RK1 b - - 1 22,c5d5
35,EulerE,Daniele0104,1183,1196,4r1kr/5ppp/p7/3q4/2B1n3/7P/1P3PP1/R4RK1 w - - 0 23,d7d5
35,EulerE,Daniele0104,1183,1196,4r1kr/5ppp/p7/3B4/4n3/7P/1P3PP1/R4RK1 b - - 0 23,c4d5
35,EulerE,Daniele0104,1183,1196,4r1kr/5ppp/p4n2/3B4/8/7P/1P3PP1/R4RK1 w - - 1 24,e4f6
35,EulerE,Daniele0104,1183,1196,4r1kr/5ppp/p4n2/8/2B5/7P/1P3PP1/R4RK1 b - - 2 24,d5c4
35,EulerE,Daniele0104,1183,1196,4r1kr/5p1p/p4np1/8/2B5/7P/1P3PP1/R4RK1 w - - 0 25,g7g6
35,EulerE,Daniele0104,1183,1196,4r1kr/5p1p/R4np1/8/2B5/7P/1P3PP1/5RK1 b - - 0 25,a1a6
35,EulerE,Daniele0104,1183,1196,4r2r/5pkp/R4np1/8/2B5/7P/1P3PP1/5RK1 w - - 1 26,g8g7
35,EulerE,Daniele0104,1183,1196,4r2r/5pkp/R4np1/8/2B5/1P5P/5PP1/5RK1 b - - 0 26,b2b3
35,EulerE,Daniele0104,1183,1196,4r2r/5pkp/R5p1/8/2B1n3/1P5P/5PP1/5RK1 w - - 1 27,f6e4
35,EulerE,Daniele0104,1183,1196,4r2r/5pkp/R5p1/1B6/4n3/1P5P/5PP1/5RK1 b - - 2 27,c4b5
35,EulerE,Daniele0104,1183,1196,1r5r/5pkp/R5p1/1B6/4n3/1P5P/5PP1/5RK1 w - - 3 28,e8b8
35,EulerE,Daniele0104,1183,1196,1r5r/5pkp/R1B3p1/8/4n3/1P5P/5PP1/5RK1 b - - 4 28,b5c6
35,EulerE,Daniele0104,1183,1196,1r5r/5pkp/R1B3p1/2n5/8/1P5P/5PP1/5RK1 w - - 5 29,e4c5
35,EulerE,Daniele0104,1183,1196,1r5r/5pkp/2B3p1/2n5/8/RP5P/5PP1/5RK1 b - - 6 29,a6a3
35,EulerE,Daniele0104,1183,1196,1r5r/5pkp/2B3p1/8/8/Rn5P/5PP1/5RK1 w - - 0 30,c5b3
35,EulerE,Daniele0104,1183,1196,1r5r/5pkp/2B3p1/8/8/Rn5P/5PP1/1R4K1 b - - 1 30,f1b1
35,EulerE,Daniele0104,1183,1196,1r5r/5pkp/2B3p1/8/3n4/R6P/5PP1/1R4K1 w - - 2 31,b3d4
35,EulerE,Daniele0104,1183,1196,1R5r/5pkp/2B3p1/8/3n4/R6P/5PP1/6K1 b - - 0 31,b1b8
35,EulerE,Daniele0104,1183,1196,1r6/5pkp/2B3p1/8/3n4/R6P/5PP1/6K1 w - - 0 32,h8b8
35,EulerE,Daniele0104,1183,1196,1r6/5pkp/6p1/3B4/3n4/R6P/5PP1/6K1 b - - 1 32,c6d5
35,EulerE,Daniele0104,1183,1196,8/5pkp/6p1/3B4/3n4/R6P/5PP1/1r4K1 w - - 2 33,b8b1
35,EulerE,Daniele0104,1183,1196,8/5pkp/6p1/3B4/3n4/R6P/5PPK/1r6 b - - 3 33,g1h2
35,EulerE,Daniele0104,1183,1196,8/5pkp/6p1/3B4/3n4/R6P/1r3PPK/8 w - - 4 34,b1b2
35,EulerE,Daniele0104,1183,1196,8/R4pkp/6p1/3B4/3n4/7P/1r3PPK/8 b - - 5 34,a3a7
35,EulerE,Daniele0104,1183,1196,8/R4pkp/6p1/3B4/3n4/7P/5rPK/8 w - - 0 35,b2f2
35,EulerE,Daniele0104,1183,1196,8/R4pkp/6p1/8/3n4/5B1P/5rPK/8 b - - 1 35,d5f3
35,EulerE,Daniele0104,1183,1196,8/R4pkp/6p1/8/8/5n1P/5rPK/8 w - - 0 36,d4f3
36,D7796,EulerE,1154,1191,rnbqkbnr/pppppppp/8/8/4P3/8/PPPP1PPP/RNBQKBNR b KQkq - 0 1,e2e4
36,D7796,EulerE,1154,1191,rnbqkbnr/pppp1ppp/8/4p3/4P3/8/PPPP1PPP/RNBQKBNR w KQkq - 0 2,e7e5
36,D7796,EulerE,1154,1191,rnbqkbnr/pppp1ppp/8/4p3/4P3/5N2/PPPP1PPP/RNBQKB1R b KQkq - 1 2,g1f3
36,D7796,EulerE,1154,1191,r1bqkbnr/pppp1ppp/2n5/4p3/4P3/5N2/PPPP1PPP/RNBQKB1R w KQkq - 2 3,b8c6
36,D7796,EulerE,1154,1191,r1bqkbnr/pppp1ppp/2n5/4p3/2B1P3/5N2/PPPP1PPP/RNBQK2R b KQkq - 3 3,f1c4
36,D7796,EulerE,1154,1191,r1bqk1nr/pppp1ppp/2n5/2b1p3/2B1P3/5N2/PPPP1PPP/RNBQK2R w KQkq - 4 4,f8c5
36,D7796,EulerE,1154,1191,r1bqk1nr/pppp1ppp/2n5/2b1p1N1/2B1P3/8/PPPP1PPP/RNBQK2R b KQkq - 5 4,f3g5
36,D7796,EulerE,1154,1191,r1b1k1nr/pppp1ppp/2n5/2b1p1q1/2B1P3/8/PPPP1PPP/RNBQK2R w KQkq - 0 5,d8g5
36,D7796,EulerE,1154,1191,r1b1k1nr/pppp1ppp/2n5/2b1p1q1/2B1P3/3P4/PPP2PPP/RNBQK2R b KQkq - 0 5,d2d3
36,D7796,EulerE,1154,1191,r1b1k1nr/pppp1ppp/2n2q2/2b1p3/2B1P3/3P4/PPP2PPP/RNBQK2R w KQkq - 1 6,g5f6
36,D7796,EulerE,1154,1191,r1b1k1nr/pppp1ppp/2n2q2/2b1p3/2B1P3/3PB3/PPP2PPP/RN1QK2R b KQkq - 2 6,c1e3
36,D7796,EulerE,1154,1191,r1b1k1nr/pppp1ppp/2n2q2/4p3/2B1P3/3Pb3/PPP2PPP/RN1QK2R w KQkq - 0 7,c5e3
36,D7796,EulerE,1154,1191,r1b1k1nr/pppp1ppp/2n2q2/4p3/2B1P3/3PP3/PPP3PP/RN1QK2R b KQkq - 0 7,f2e3
36,D7796,EulerE,1154,1191,r1b1k2r/ppppnppp/2n2q2/4p3/2B1P3/3PP3/PPP3PP/RN1QK2R w KQkq - 1 8,g8e7
36,D7796,EulerE,1154,1191,r1b1k2r/ppppnppp/2n2q2/4p3/2B1P3/3PP3/PPP3PP/RN1QKR2 b Qkq - 2 8,h1f1
36,D7796,EulerE,1154,1191,r1b1k2r/ppppnppp/2n5/4p3/2B1P2q/3PP3/PPP3PP/RN1QKR2 w Qkq - 3 9,f6h4
36,D7796,EulerE,1154,1191,r1b1k2r/ppppnppp/2n5/4p3/2B1P2q/3PP3/PPP2RPP/RN1QK3 b Qkq - 4 9,f1f2
36,D7796,EulerE,1154,1191,r1b1k2r/ppppnppp/2n5/4p3/2B1P3/3PP3/PPP2RPq/RN1QK3 w Qkq - 0 10,h4h2
36,D7796,EulerE,1154,1191,r1b1k2r/ppppnBpp/2n5/4p3/4P3/3PP3/PPP2RPq/RN1QK3 b Qkq - 0 10,c4f7
36,D7796,EulerE,1154,1191,r1bk3r/ppppnBpp/2n5/4p3/4P3/3PP3/PPP2RPq/RN1QK3 w Q - 1 11,e8d8
36,D7796,EulerE,1154,1191,r1bk3r/ppppnBpp/2n5/4p3/4P1Q1/3PP3/PPP2RPq/RN2K3 b Q - 2 11,d1g4
36,D7796,EulerE,1154,1191,r1bk3r/ppppnBpp/2n4q/4p3/4P1Q1/3PP3/PPP2RP1/RN2K3 w Q - 3 12,h2h6
36,D7796,EulerE,1154,1191,r1bk3r/ppppnBpp/2n4q/4p3/4P3/3PP1Q1/PPP2RP1/RN2K3 b Q - 4 12,g4g3
36,D7796,EulerE,1154,1191,r1bk3r/ppp1nBpp/2np3q/4p3/4P3/3PP1Q1/PPP2RP1/RN2K3 w Q - 0 13,d7d6
36,D7796,EulerE,1154,1191,r1bk3r/ppp1nBpp/2np3q/4p3/4P3/2NPP1Q1/PPP2RP1/R3K3 b Q - 1 13,b1c3
36,D7796,EulerE,1154,1191,r2k3r/ppp1nBpp/2npb2q/4p3/4P3/2NPP1Q1/PPP2RP1/R3K3 w Q - 2 14,c8e6
36,D7796,EulerE,1154,1191,r2k3r/ppp1nBpp/2npb2q/4p3/4P3/P1NPP1Q1/1PP2RP1/R3K3 b Q - 0 14,a2a3
36,D7796,EulerE,1154,1191,r2k3r/ppp1nbpp/2np3q/4p3/4P3/P1NPP1Q1/1PP2RP1/R3K3 w Q - 0 15,e6f7
36,D7796,EulerE,1154,1191,r2k3r/ppp1nRpp/2np3q/4p3/4P3/P1NPP1Q1/1PP3P1/R3K3 b Q - 0 15,f2f7
36,D7796,EulerE,1154,1191,r2k3r/ppp1nR1p/2np2pq/4p3/4P3/P1NPP1Q1/1PP3P1/R3K3 w Q - 0 16,g7g6
36,D7796,EulerE,1154,1191,r2k3r/ppp1nR1p/2np2pq/4p3/4P3/P1NPP1Q1/1PP3P1/2KR4 b - - 1 16,e1c1
36,D7796,EulerE,1154,1191,r6r/pppknR1p/2np2pq/4p3/4P3/P1NPP1Q1/1PP3P1/2KR4 w - - 2 17,d8d7
36,D7796,EulerE,1154,1191,r6r/pppkn2p/2np2pq/4p3/4P3/P1NPP1Q1/1PP3P1/2KR1R2 b - - 3 17,f7f1
36,D7796,EulerE,1154,1191,r4r2/pppkn2p/2np2pq/4p3/4P3/P1NPP1Q1/1PP3P1/2KR1R2 w - - 4 18,h8f8
36,D7796,EulerE,1154,1191,r4r2/pppkn2p/2np2pq/4p3/4P3/P1NPP1Q1/1PP3P1/2KR3R b - - 5 18,f1h1
36,D7796,EulerE,1154,1191,r4r2/pppkn1qp/2np2p1/4p3/4P3/P1NPP1Q1/1PP3P1/2KR3R w - - 6 19,h6g7
36,D7796,EulerE,1154,1191,r4r2/pppkn1qp/2np2p1/4p3/4P1Q1/P1NPP3/1PP3P1/2KR3R b - - 7 19,g3g4
36,D7796,EulerE,1154,1191,r3kr2/ppp1n1qp/2np2p1/4p3/4P1Q1/P1NPP3/1PP3P1/2KR3R w - - 8 20,d7e8
36,D7796,EulerE,1154,1191,r3kr2/ppp1n1qp/2np2p1/1N2p3/4P1Q1/P2PP3/1PP3P1/2KR3R b - - 9 20,c3b5
36,D7796,EulerE,1154,1191,r3kr2/ppp1n1q1/2np2p1/1N2p2p/4P1Q1/P2PP3/1PP3P1/2KR3R w - - 0 21,h7h5
36,D7796,EulerE,1154,1191,r3kr2/ppp1n1q1/2np2p1/1N2p2p/4P3/P2PP2Q/1PP3P1/2KR3R b - - 1 21,g4h3
36,D7796,EulerE,1154,1191,r2k1r2/ppp1n1q1/2np2p1/1N2p2p/4P3/P2PP2Q/1PP3P1/2KR3R w - - 2 22,e8d8
36,D7796,EulerE,1154,1191,r2k1r2/ppp1n1q1/2np2p1/1N2p2p/3PP3/P3P2Q/1PP3P1/2KR3R b - - 0 22,d3d4
36,D7796,EulerE,1154,1191,r2k1r2/ppp1n1q1/2np2p1/1N5p/3pP3/P3P2Q/1PP3P1/2KR3R w - - 0 23,e5d4
36,D7796,EulerE,1154,1191,r2k1r2/ppp1n1q1/2np2p1/1N5p/3PP3/P6Q/1PP3P1/2KR3R b - - 0 23,e3d4
36,D7796,EulerE,1154,1191,r2k1r2/ppp1n3/2np2pq/1N5p/3PP3/P6Q/1PP3P1/2KR3R w - - 1 24,g7h6
36,D7796,EulerE,1154,1191,r2k1r2/ppp1n3/2np2pq/1N5p/3PP3/P6Q/1PP3P1/1K1R3R b - - 2 24,c1b1
36,D7796,EulerE,1154,1191,r2k1r2/1pp1n3/p1np2pq/1N5p/3PP3/P6Q/1PP3P1/1K1R3R w - - 0 25,a7a6
36,D7796,EulerE,1154,1191,r2k1r2/1pp1n3/p1np2pq/7p/3PP3/P1N4Q/1PP3P1/1K1R3R b - - 1 25,b5c3
36,D7796,EulerE,1154,1191,r2k1r2/1pp1n1q1/p1np2p1/7p/3PP3/P1N4Q/1PP3P1/1K1R3R w - - 2 26,h6g7
36,D7796,EulerE,1154,1191,r2k1r2/1pp1n1q1/p1np2p1/7p/3PP2Q/P1N5/1PP3P1/1K1R3R b - - 3 26,h3h4
36,D7796,EulerE,1154,1191,r2k1r2/1pp1n1q1/p2p2p1/7p/3nP2Q/P1N5/1PP3P1/1K1R3R w - - 0 27,c6d4
36,D7796,EulerE,1154,1191,r2k1r2/1pp1n1q1/p2p2p1/3N3p/3nP2Q/P7/1PP3P1/1K1R3R b - - 1 27,c3d5
36,D7796,EulerE,1154,1191,r2k1r2/1pp1n1q1/p1np2p1/3N3p/4P2Q/P7/1PP3P1/1K1R3R w - - 2 28,d4c6
36,D7796,EulerE,1154,1191,r2k1r2/1pp1n1q1/p1np2p1/3NP2p/7Q/P7/1PP3P1/1K1R3R b - - 0 28,e4e5
36,D7796,EulerE,1154,1191,r2k1r2/1pp1n1q1/p2p2p1/3Nn2p/7Q/P7/1PP3P1/1K1R3R w - - 0 29,c6e5
36,D7796,EulerE,1154,1191,r2k1r2/1pN1n1q1/p2p2p1/4n2p/7Q/P7/1PP3P1/1K1R3R b - - 0 29,d5c7
36,D7796,EulerE,1154,1191,r4r2/1pk1n1q1/p2p2p1/4n2p/7Q/P7/1PP3P1/1K1R3R w - - 0 30,d8c7
36,D7796,EulerE,1154,1191,r4r2/1pk1n1q1/p2p2p1/4n2p/1Q6/P7/1PP3P1/1K1R3R b - - 1 30,h4b4
36,D7796,EulerE,1154,1191,3r1r2/1pk1n1q1/p2p2p1/4n2p/1Q6/P7/1PP3P1/1K1R3R w - - 2 31,a8d8
36,D7796,EulerE,1154,1191,3r1r2/1pk1n1q1/p2p2p1/4n2p/8/P1Q5/1PP3P1/1K1R3R b - - 3 31,b4c3
36,D7796,EulerE,1154,1191,1k1r1r2/1p2n1q1/p2p2p1/4n2p/8/P1Q5/1PP3P1/1K1R3R w - - 4 32,c7b8
36,D7796,EulerE,1154,1191,1k1r1r2/1p2n1q1/p2p2p1/4n2p/8/P1Q5/1PP3P1/1K1R2R1 b - - 5 32,h1g1
36,D7796,EulerE,1154,1191,1kr2r2/1p2n1q1/p2p2p1/4n2p/8/P1Q5/1PP3P1/1K1R2R1 w - - 6 33,d8c8
36,D7796,EulerE,1154,1191,1kr2r2/1p2n1q1/p2p2p1/4n2p/1Q6/P7/1PP3P1/1K1R2R1 b - - 7 33,c3b4
36,D7796,EulerE,1154,1191,k1r2r2/1p2n1q1/p2p2p1/4n2p/1Q6/P7/1PP3P1/1K1R2R1 w - - 8 34,b8a8
36,D7796,EulerE,1154,1191,k1r2r2/1p2n1q1/p2R2p1/4n2p/1Q6/P7/1PP3P1/1K4R1 b - - 0 34,d1d6
36,D7796,EulerE,1154,1191,k1r2r2/1p4q1/p1nR2p1/4n2p/1Q6/P7/1PP3P1/1K4R1 w - - 1 35,e7c6
36,D7796,EulerE,1154,1191,k1r2r2/1p4q1/p1nR2p1/4n2p/8/P7/1PPQ2P1/1K4R1 b - - 2 35,b4d2
36,D7796,EulerE,1154,1191,k1rr4/1p4q1/p1nR2p1/4n2p/8/P7/1PPQ2P1/1K4R1 w - - 3 36,f8d8
36,D7796,EulerE,1154,1191,k1rR4/1p4q1/p1n3p1/4n2p/8/P7/1PPQ2P1/1K4R1 b - - 0 36,d6d8
36,D7796,EulerE,1154,1191,k2r4/1p4q1/p1n3p1/4n2p/8/P7/1PPQ2P1/1K4R1 w - - 0 37,c8d8
36,D7796,EulerE,1154,1191,k2r4/1p4q1/p1n3p1/4n2p/8/P1Q5/1PP3P1/1K4R1 b - - 1 37,d2c3
36,D7796,EulerE,1154,1191,k2r4/1p3q2/p1n3p1/4n2p/8/P1Q5/1PP3P1/1K4R1 w - - 2 38,g7f7
36,D7796,EulerE,1154,1191,k2r4/1p3q2/p1n3p1/4n2p/8/P1Q5/1PP3P1/1K2R3 b - - 3 38,g1e1
36,D7796,EulerE,1154,1191,k2r4/1p6/p1n3p1/4n2p/8/P1Q5/1PP2qP1/1K2R3 w - - 4 39,f7f2
36,D7796,EulerE,1154,1191,k2r4/1p6/p1n3p1/4n2p/8/P1Q3P1/1PP2q2/1K2R3 b - - 0 39,g2g3
36,D7796,EulerE,1154,1191,k2r4/1p6/p1n3p1/7p/8/P1Q2nP1/1PP2q2/1K2R3 w - - 1 40,e5f3
36,D7796,EulerE,1154,1191,k2r4/1p6/p1n1R1p1/7p/8/P1Q2nP1/1PP2q2/1K6 b - - 2 40,e1e6
36,D7796,EulerE,1154,1191,k7/1p6/p1n1R1p1/7p/8/P1Q2nP1/1PP2q2/1K1r4 w - - 3 41,d8d1
36,D7796,EulerE,1154,1191,k7/1p6/p1n1R1p1/7p/8/P1Q2nP1/KPP2q2/3r4 b - - 4 41,b1a2
36,D7796,EulerE,1154,1191,k7/1p6/p1n1R1p1/7p/3n4/P1Q3P1/KPP2q2/3r4 w - - 5 42,f3d4
36,D7796,EulerE,1154,1191,k3R3/1p6/p1n3p1/7p/3n4/P1Q3P1/KPP2q2/3r4 b - - 6 42,e6e8
36,D7796,EulerE,1154,1191,4R3/kp6/p1n3p1/7p/3n4/P1Q3P1/KPP2q2/3r4 w - - 7 43,a8a7
36,D7796,EulerE,1154,1191,4R3/kp6/p1n3p1/2Q4p/3n4/P5P1/KPP2q2/3r4 b - - 8 43,c3c5
36,D7796,EulerE,1154,1191,4R3/k7/ppn3p1/2Q4p/3n4/P5P1/KPP2q2/3r4 w - - 0 44,b7b6
36,D7796,EulerE,1154,1191,4R3/k7/ppnQ2p1/7p/3n4/P5P1/KPP2q2/3r4 b - - 1 44,c5d6
36,D7796,EulerE,1154,1191,4R3/k4q2/ppnQ2p1/7p/3n4/P5P1/KPP5/3r4 w - - 2 45,f2f7
36,D7796,EulerE,1154,1191,4R3/k4q2/ppnQ2p1/7p/3n4/PP4P1/K1P5/3r4 b - - 0 45,b2b3
36,D7796,EulerE,1154,1191,4q3/k7/ppnQ2p1/7p/3n4/PP4P1/K1P5/3r4 w - - 0 46,f7e8
36,D7796,EulerE,1154,1191,4q3/k1Q5/ppn3p1/7p/3n4/PP4P1/K1P5/3r4 b - - 1 46,d6c7
36,D7796,EulerE,1154,1191,k3q3/2Q5/ppn3p1/7p/3n4/PP4P1/K1P5/3r4 w - - 2 47,a7a8
36,D7796,EulerE,1154,1191,k3q3/8/pQn3p1/7p/3n4/PP4P1/K1P5/3r4 b - - 0 47,c7b6
36,D7796,EulerE,1154,1191,k1q5/8/pQn3p1/7p/3n4/PP4P1/K1P5/3r4 w - - 1 48,e8c8
36,D7796,EulerE,1154,1191,k1q5/8/pQn3p1/7p/P2n4/1P4P1/K1P5/3r4 b - - 0 48,a3a4
36,D7796,EulerE,1154,1191,k1q5/8/pQn3p1/7p/P7/1P4P1/K1n5/3r4 w - - 0 49,d4c2
37,EulerE,abdelrahman_elgamal,1183,1184,rnbqkbnr/pppppppp/8/8/3P4/8/PPP1PPPP/RNBQKBNR b KQkq - 0 1,d2d4
37,EulerE,abdelrahman_elgamal,1183,1184,rnbqkbnr/ppp1pppp/8/3p4/3P4/8/PPP1PPPP/RNBQKBNR w KQkq - 0 2,d7d5
37,EulerE,abdelrahman_elgamal,1183,1184,rnbqkbnr/ppp1pppp/8/3p4/2PP4/8/PP2PPPP/RNBQKBNR b KQkq - 0 2,c2c4
37,EulerE,abdelrahman_elgamal,1183,1184,rnbqkbnr/ppp1pppp/8/8/2pP4/8/PP2PPPP/RNBQKBNR w KQkq - 0 3,d5c4
37,EulerE,abdelrahman_elgamal,1183,1184,rnbqkbnr/ppp1pppp/8/8/2pPP3/8/PP3PPP/RNBQKBNR b KQkq - 0 3,e2e4
37,EulerE,abdelrahman_elgamal,1183,1184,rnbqkbnr/p1p1pppp/8/1p6/2pPP3/8/PP3PPP/RNBQKBNR w KQkq - 0 4,b7b5
37,EulerE,abdelrahman_elgamal,1183,1184,rnbqkbnr/p1p1pppp/8/1p6/P1pPP3/8/1P3PPP/RNBQKBNR b KQkq - 0 4,a2a4
37,EulerE,abdelrahman_elgamal,1183,1184,rnbqkbnr/p3pppp/2p5/1p6/P1pPP3/8/1P3PPP/RNBQKBNR w KQkq - 0 5,c7c6
37,EulerE,abdelrahman_elgamal,1183,1184,rnbqkbnr/p3pppp/2p5/1P6/2pPP3/8/1P3PPP/RNBQKBNR b KQkq - 0 5,a4b5
37,EulerE,abdelrahman_elgamal,1183,1184,rnbqkbnr/p3pppp/8/1p6/2pPP3/8/1P3PPP/RNBQKBNR w KQkq - 0 6,c6b5
37,EulerE,abdelrahman_elgamal,1183,1184,rnbqkbnr/p3pppp/8/1p6/2pPP3/2N5/1P3PPP/R1BQKBNR b KQkq - 1 6,b1c3
37,EulerE,abdelrahman_elgamal,1183,1184,rn1qkbnr/p2bpppp/8/1p6/2pPP3/2N5/1P3PPP/R1BQKBNR w KQkq - 2 7,c8d7
37,EulerE,abdelrahman_elgamal,1183,1184,rn1qkbnr/p2bpppp/8/1p6/2pPP3/2N2N2/1P3PPP/R1BQKB1R b KQkq - 3 7,g1f3
37,EulerE,abdelrahman_elgamal,1183,1184,rn1qkbnr/3bpppp/p7/1p6/2pPP3/2N2N2/1P3PPP/R1BQKB1R w KQkq - 0 8,a7a6
37,EulerE,abdelrahman_elgamal,1183,1184,rn1qkbnr/3bpppp/p7/1p6/1PpPP3/2N2N2/5PPP/R1BQKB1R b KQkq b3 0 8,b2b4
37,EulerE,abdelrahman_elgamal,1183,1184,rn1qkbnr/3b1ppp/p3p3/1p6/1PpPP3/2N2N2/5PPP/R1BQKB1R w KQkq - 0 9,e7e6
37,EulerE,abdelrahman_elgamal,1183,1184,rn1qkbnr/3b1ppp/p3p3/1p6/1PpPP3/B1N2N2/5PPP/R2QKB1R b KQkq - 1 9,c1a3
37,EulerE,abdelrahman_elgamal,1183,1184,rn1qkb1r/3b1ppp/p3pn2/1p6/1PpPP3/B1N2N2/5PPP/R2QKB1R w KQkq - 2 10,g8f6
37,EulerE,abdelrahman_elgamal,1183,1184,rn1qkb1r/3b1ppp/p3pn2/1p6/1PpPP3/B1N2N2/4BPPP/R2QK2R b KQkq - 3 10,f1e2
37,EulerE,abdelrahman_elgamal,1183,1184,rn1qkb1r/3b1pp1/p3pn1p/1p6/1PpPP3/B1N2N2/4BPPP/R2QK2R w KQkq - 0 11,h7h6
37,EulerE,abdelrahman_elgamal,1183,1184,rn1qkb1r/3b1pp1/p3pn1p/1p2P3/1PpP4/B1N2N2/4BPPP/R2QK2R b KQkq - 0 11,e4e5
37,EulerE,abdelrahman_elgamal,1183,1184,rn1qkb1r/3b1pp1/p3p2p/1p1nP3/1PpP4/B1N2N2/4BPPP/R2QK2R w KQkq - 1 12,f6d5
37,EulerE,abdelrahman_elgamal,1183,1184,rn1qkb1r/3b1pp1/p3p2p/1p1NP3/1PpP4/B4N2/4BPPP/R2QK2R b KQkq - 0 12,c3d5
37,EulerE,abdelrahman_elgamal,1183,1184,rn1qkb1r/3b1pp1/p6p/1p1pP3/1PpP4/B4N2/4BPPP/R2QK2R w KQkq - 0 13,e6d5
37,EulerE,abdelrahman_elgamal,1183,1184,rn1qkb1r/3b1pp1/p6p/1p1pP3/1PpP4/B4N2/4BPPP/R2Q1RK1 b kq - 1 13,e1g1
37,EulerE,abdelrahman_elgamal,1183,1184,rn1qk2r/3bbpp1/p6p/1p1pP3/1PpP4/B4N2/4BPPP/R2Q1RK1 w kq - 2 14,f8e7
37,EulerE,abdelrahman_elgamal,1183,1184,rn1qk2r/3bbpp1/p6p/1p1pP3/1PpP4/B4N2/4BPPP/1R1Q1RK1 b kq - 3 14,a1b1
37,EulerE,abdelrahman_elgamal,1183,1184,rn1q1rk1/3bbpp1/p6p/1p1pP3/1PpP4/B4N2/4BPPP/1R1Q1RK1 w - - 4 15,e8g8
37,EulerE,abdelrahman_elgamal,1183,1184,rn1q1rk1/3bbpp1/p6p/1p1pP3/1PpP4/B7/3NBPPP/1R1Q1RK1 b - - 5 15,f3d2
37,EulerE,abdelrahman_elgamal,1183,1184,rn1q1rk1/3bb1p1/p4p1p/1p1pP3/1PpP4/B7/3NBPPP/1R1Q1RK1 w - - 0 16,f7f6
37,EulerE,abdelrahman_elgamal,1183,1184,rn1q1rk1/3bb1p1/p4p1p/1p1pP3/1PpP1P2/B7/3NB1PP/1R1Q1RK1 b - - 0 16,f2f4
37,EulerE,abdelrahman_elgamal,1183,1184,rn1q1rk1/3bb1p1/5p1p/pp1pP3/1PpP1P2/B7/3NB1PP/1R1Q1RK1 w - - 0 17,a6a5
37,EulerE,abdelrahman_elgamal,1183,1184,rn1q1rk1/3bb1p1/5p1p/pp1pP3/1PpP1P2/B7/3NB1PP/R2Q1RK1 b - - 1 17,b1a1
37,EulerE,abdelrahman_elgamal,1183,1184,rn1q1rk1/3bb1p1/5p1p/1p1pP3/1ppP1P2/B7/3NB1PP/R2Q1RK1 w - - 0 18,a5b4
37,EulerE,abdelrahman_elgamal,1183,1184,rn1q1rk1/3bb1p1/5p1p/1p1pP3/1ppP1P2/8/1B1NB1PP/R2Q1RK1 b - - 1 18,a3b2
37,EulerE,abdelrahman_elgamal,1183,1184,r2q1rk1/3bb1p1/2n2p1p/1p1pP3/1ppP1P2/8/1B1NB1PP/R2Q1RK1 w - - 2 19,b8c6
37,EulerE,abdelrahman_elgamal,1183,1184,R2q1rk1/3bb1p1/2n2p1p/1p1pP3/1ppP1P2/8/1B1NB1PP/3Q1RK1 b - - 0 19,a1a8
37,EulerE,abdelrahman_elgamal,1183,1184,q4rk1/3bb1p1/2n2p1p/1p1pP3/1ppP1P2/8/1B1NB1PP/3Q1RK1 w - - 0 20,d8a8
37,EulerE,abdelrahman_elgamal,1183,1184,q4rk1/3bb1p1/2n2p1p/1p1pP3/1ppP1P2/8/3NB1PP/B2Q1RK1 b - - 1 20,b2a1
37,EulerE,abdelrahman_elgamal,1183,1184,q4rk1/3bb1p1/2n2p1p/1p1pP3/2pP1P2/1p6/3NB1PP/B2Q1RK1 w - - 0 21,b4b3
37,EulerE,abdelrahman_elgamal,1183,1184,q4rk1/3bb1p1/2n2p1p/1p1pP3/2pP1P2/1p6/4B1PP/BN1Q1RK1 b - - 1 21,d2b1
37,EulerE,abdelrahman_elgamal,1183,1184,5rk1/3bb1p1/2n2p1p/1p1pP3/2pP1P2/1p6/4B1PP/qN1Q1RK1 w - - 0 22,a8a1
38,EulerE,officialBWO,1191,1177,rnbqkbnr/pppppppp/8/8/3P4/8/PPP1PPPP/RNBQKBNR b KQkq - 0 1,d2d4
38,EulerE,officialBWO,1191,1177,rnbqkbnr/pp1ppppp/2p5/8/3P4/8/PPP1PPPP/RNBQKBNR w KQkq - 0 2,c7c6
38,EulerE,officialBWO,1191,1177,rnbqkbnr/pp1ppppp/2p5/8/2PP4/8/PP2PPPP/RNBQKBNR b KQkq - 0 2,c2c4
38,EulerE,officialBWO,1191,1177,rnbqkbnr/pp1ppp1p/2p3p1/8/2PP4/8/PP2PPPP/RNBQKBNR w KQkq - 0 3,g7g6
38,EulerE,officialBWO,1191,1177,rnbqkbnr/pp1ppp1p/2p3p1/8/2PP4/2N5/PP2PPPP/R1BQKBNR b KQkq - 1 3,b1c3
38,EulerE,officialBWO,1191,1177,rnbqkb1r/pp1ppp1p/2p3pn/8/2PP4/2N5/PP2PPPP/R1BQKBNR w KQkq - 2 4,g8h6
38,EulerE,officialBWO,1191,1177,rnbqkb1r/pp1ppp1p/2p3pn/8/2PP4/2N2N2/PP2PPPP/R1BQKB1R b KQkq - 3 4,g1f3
38,EulerE,officialBWO,1191,1177,rnb1kb1r/pp1ppp1p/1qp3pn/8/2PP4/2N2N2/PP2PPPP/R1BQKB1R w KQkq - 4 5,d8b6
38,EulerE,officialBWO,1191,1177,rnb1kb1r/pp1ppp1p/1qp3pn/8/2PPP3/2N2N2/PP3PPP/R1BQKB1R b KQkq - 0 5,e2e4
38,EulerE,officialBWO,1191,1177,r1b1kb1r/pp1ppp1p/nqp3pn/8/2PPP3/2N2N2/PP3PPP/R1BQKB1R w KQkq - 1 6,b8a6
38,EulerE,officialBWO,1191,1177,r1b1kb1r/pp1ppp1p/nqp3pn/2P5/3PP3/2N2N2/PP3PPP/R1BQKB1R b KQkq - 0 6,c4c5
38,EulerE,officialBWO,1191,1177,r1b1kb1r/pp1ppp1p/n1p3pn/q1P5/3PP3/2N2N2/PP3PPP/R1BQKB1R w KQkq - 1 7,b6a5
38,EulerE,officialBWO,1191,1177,r1b1kb1r/pp1ppp1p/n1p3pn/q1P5/3PP3/2N2N2/PP1B1PPP/R2QKB1R b KQkq - 2 7,c1d2
38,EulerE,officialBWO,1191,1177,r1bqkb1r/pp1ppp1p/n1p3pn/2P5/3PP3/2N2N2/PP1B1PPP/R2QKB1R w KQkq - 3 8,a5d8
38,EulerE,officialBWO,1191,1177,r1bqkb1r/pp1ppp1p/n1p3pn/2P5/3PP3/2N2N2/PP1BBPPP/R2QK2R b KQkq - 4 8,f1e2
38,EulerE,officialBWO,1191,1177,r1bqkb1r/p2ppp1p/npp3pn/2P5/3PP3/2N2N2/PP1BBPPP/R2QK2R w KQkq - 0 9,b7b6
38,EulerE,officialBWO,1191,1177,r1bqkb1r/p2ppp1p/npp3pn/2P5/Q2PP3/2N2N2/PP1BBPPP/R3K2R b KQkq - 1 9,d1a4
38,EulerE,officialBWO,1191,1177,r1bqkb1r/p2ppp1p/n1p3pn/1pP5/Q2PP3/2N2N2/PP1BBPPP/R3K2R w KQkq - 0 10,b6b5
38,EulerE,officialBWO,1191,1177,r1bqkb1r/p2ppp1p/n1p3pn/1pP5/3PP3/2N2N2/PPQBBPPP/R3K2R b KQkq - 1 10,a4c2
38,EulerE,officialBWO,1191,1177,r1bqkb1r/p2ppp1p/2p3pn/1pP5/1n1PP3/2N2N2/PPQBBPPP/R3K2R w KQkq - 2 11,a6b4
38,EulerE,officialBWO,1191,1177,r1bqkb1r/p2ppp1p/2p3pn/1pP5/1n1PP3/1QN2N2/PP1BBPPP/R3K2R b KQkq - 3 11,c2b3
38,EulerE,officialBWO,1191,1177,r1bqkb1r/3ppp1p/2p3pn/ppP5/1n1PP3/1QN2N2/PP1BBPPP/R3K2R w KQkq - 0 12,a7a5
38,EulerE,officialBWO,1191,1177,r1bqkb1r/3ppp1p/2p3pn/ppP5/Pn1PP3/1QN2N2/1P1BBPPP/R3K2R b KQkq - 0 12,a2a4
38,EulerE,officialBWO,1191,1177,r2qkb1r/3ppp1p/b1p3pn/ppP5/Pn1PP3/1QN2N2/1P1BBPPP/R3K2R w KQkq - 1 13,c8a6
38,EulerE,officialBWO,1191,1177,r2qkb1r/3ppp1p/b1p3pn/pPP5/1n1PP3/1QN2N2/1P1BBPPP/R3K2R b KQkq - 0 13,a4b5
38,EulerE,officialBWO,1191,1177,r2qkb1r/3ppp1p/b5pn/ppP5/1n1PP3/1QN2N2/1P1BBPPP/R3K2R w KQkq - 0 14,c6b5
38,EulerE,officialBWO,1191,1177,r2qkb1r/3ppp1p/b5pn/pBP5/1n1PP3/1QN2N2/1P1B1PPP/R3K2R b KQkq - 0 14,e2b5
38,EulerE,officialBWO,1191,1177,r2qkb1r/3ppp1p/6pn/pbP5/1n1PP3/1QN2N2/1P1B1PPP/R3K2R w KQkq - 0 15,a6b5
38,EulerE,officialBWO,1191,1177,r2qkb1r/3ppp1p/6pn/pNP5/1n1PP3/1Q3N2/1P1B1PPP/R3K2R b KQkq - 0 15,c3b5
38,EulerE,officialBWO,1191,1177,rq2kb1r/3ppp1p/6pn/pNP5/1n1PP3/1Q3N2/1P1B1PPP/R3K2R w KQkq - 1 16,d8b8
38,EulerE,officialBWO,1191,1177,rq2kb1r/3ppp1p/6pn/pNP5/1B1PP3/1Q3N2/1P3PPP/R3K2R b KQkq - 0 16,d2b4
38,EulerE,officialBWO,1191,1177,rq2kb1r/3ppp1p/6pn/1NP5/1p1PP3/1Q3N2/1P3PPP/R3K2R w KQkq - 0 17,a5b4
38,EulerE,officialBWO,1191,1177,Rq2kb1r/3ppp1p/6pn/1NP5/1p1PP3/1Q3N2/1P3PPP/4K2R b Kk - 0 17,a1a8
39,officialBWO,EulerE,1169,1199,rnbqkbnr/pppppppp/8/8/8/2P5/PP1PPPPP/RNBQKBNR b KQkq - 0 1,c2c3
39,officialBWO,EulerE,1169,1199,rnbqkbnr/pppp1ppp/8/4p3/8/2P5/PP1PPPPP/RNBQKBNR w KQkq - 0 2,e7e5
39,officialBWO,EulerE,1169,1199,rnbqkbnr/pppp1ppp/8/4p3/8/2P3P1/PP1PPP1P/RNBQKBNR b KQkq - 0 2,g2g3
39,officialBWO,EulerE,1169,1199,r1bqkbnr/pppp1ppp/2n5/4p3/8/2P3P1/PP1PPP1P/RNBQKBNR w KQkq - 1 3,b8c6
39,officialBWO,EulerE,1169,1199,r1bqkbnr/pppp1ppp/2n5/4p3/8/2P3PN/PP1PPP1P/RNBQKB1R b KQkq - 2 3,g1h3
39,officialBWO,EulerE,1169,1199,r1bqkbnr/ppp2ppp/2n5/3pp3/8/2P3PN/PP1PPP1P/RNBQKB1R w KQkq - 0 4,d7d5
39,officialBWO,EulerE,1169,1199,r1bqkbnr/ppp2ppp/2n5/3pp3/8/N1P3PN/PP1PPP1P/R1BQKB1R b KQkq - 1 4,b1a3
39,officialBWO,EulerE,1169,1199,r1bqkb1r/ppp2ppp/2n2n2/3pp3/8/N1P3PN/PP1PPP1P/R1BQKB1R w KQkq - 2 5,g8f6
39,officialBWO,EulerE,1169,1199,r1bqkb1r/ppp2ppp/2n2n2/3pp3/8/NQP3PN/PP1PPP1P/R1B1KB1R b KQkq - 3 5,d1b3
39,officialBWO,EulerE,1169,1199,r1bqkb1r/ppp2p1p/2n2np1/3pp3/8/NQP3PN/PP1PPP1P/R1B1KB1R w KQkq - 0 6,g7g6
39,officialBWO,EulerE,1169,1199,r1bqkb1r/ppp2p1p/2n2np1/3pp3/2P5/NQ4PN/PP1PPP1P/R1B1KB1R b KQkq - 0 6,c3c4
39,officialBWO,EulerE,1169,1199,r1bqkb1r/ppp2p1p/2n2np1/4p3/2p5/NQ4PN/PP1PPP1P/R1B1KB1R w KQkq - 0 7,d5c4
39,officialBWO,EulerE,1169,1199,r1bqkb1r/ppp2p1p/2n2np1/4p3/2N5/1Q4PN/PP1PPP1P/R1B1KB1R b KQkq - 0 7,a3c4
39,officialBWO,EulerE,1169,1199,r1bqk2r/ppp2pbp/2n2np1/4p3/2N5/1Q4PN/PP1PPP1P/R1B1KB1R w KQkq - 1 8,f8g7
39,officialBWO,EulerE,1169,1199,r1bqk2r/ppp2pbp/2n2np1/4p3/Q1N5/6PN/PP1PPP1P/R1B1KB1R b KQkq - 2 8,b3a4
39,officialBWO,EulerE,1169,1199,r2qk2r/pppb1pbp/2n2np1/4p3/Q1N5/6PN/PP1PPP1P/R1B1KB1R w KQkq - 3 9,c8d7
39,officialBWO,EulerE,1169,1199,r2qk2r/pppb1pbp/2n2np1/4p3/2N5/1Q4PN/PP1PPP1P/R1B1KB1R b KQkq - 4 9,a4b3
39,officialBWO,EulerE,1169,1199,r2qk2r/pppb1pbp/5np1/4p3/2Nn4/1Q4PN/PP1PPP1P/R1B1KB1R w KQkq - 5 10,c6d4
39,officialBWO,EulerE,1169,1199,r2qk2r/pppb1pbp/5np1/4p3/2Nn4/6PN/PP1PPP1P/R1BQKB1R b KQkq - 6 10,b3d1
39,officialBWO,EulerE,1169,1199,r2q1rk1/pppb1pbp/5np1/4p3/2Nn4/6PN/PP1PPP1P/R1BQKB1R w KQ - 7 11,e8g8
39,officialBWO,EulerE,1169,1199,r2q1rk1/pppb1pbp/5np1/4N3/3n4/6PN/PP1PPP1P/R1BQKB1R b KQ - 0 11,c4e5
39,officialBWO,EulerE,1169,1199,r2qr1k1/pppb1pbp/5np1/4N3/3n4/6PN/PP1PPP1P/R1BQKB1R w KQ - 1 12,f8e8
39,officialBWO,EulerE,1169,1199,r2qr1k1/pppN1pbp/5np1/8/3n4/6PN/PP1PPP1P/R1BQKB1R b KQ - 0 12,e5d7
39,officialBWO,EulerE,1169,1199,r3r1k1/pppq1pbp/5np1/8/3n4/6PN/PP1PPP1P/R1BQKB1R w KQ - 0 13,d8d7
39,officialBWO,EulerE,1169,1199,r3r1k1/pppq1pbp/5np1/8/3n4/4P1PN/PP1P1P1P/R1BQKB1R b KQ - 0 13,e2e3
39,officialBWO,EulerE,1169,1199,3rr1k1/pppq1pbp/5np1/8/3n4/4P1PN/PP1P1P1P/R1BQKB1R w KQ - 1 14,a8d8
39,officialBWO,EulerE,1169,1199,3rr1k1/pppq1pbp/5np1/8/3n4/4P1PN/PP1P1PBP/R1BQK2R b KQ - 2 14,f1g2
39,officialBWO,EulerE,1169,1199,3rr1k1/pppq1pbp/6p1/8/3nn3/4P1PN/PP1P1PBP/R1BQK2R w KQ - 3 15,f6e4
39,officialBWO,EulerE,1169,1199,3rr1k1/pppq1pbp/6p1/8/3nn3/4P1PN/PP1P1PBP/R1BQ1RK1 b - - 4 15,e1g1
39,officialBWO,EulerE,1169,1199,3rr1k1/pppq1pbp/2n3p1/8/4n3/4P1PN/PP1P1PBP/R1BQ1RK1 w - - 5 16,d4c6
39,officialBWO,EulerE,1169,1199,3rr1k1/pppq1pbp/2n3p1/8/4nN2/4P1P1/PP1P1PBP/R1BQ1RK1 b - - 6 16,h3f4
39,officialBWO,EulerE,1169,1199,3rr1k1/pppq1pbp/2n3p1/8/5N2/4P1P1/PP1n1PBP/R1BQ1RK1 w - - 0 17,e4d2
39,officialBWO,EulerE,1169,1199,3rr1k1/pppq1pbp/2n3p1/8/5N2/4P1PB/PP1n1P1P/R1BQ1RK1 b - - 1 17,g2h3
39,officialBWO,EulerE,1169,1199,3rr1k1/ppp2pbp/2nq2p1/8/5N2/4P1PB/PP1n1P1P/R1BQ1RK1 w - - 2 18,d7d6
39,officialBWO,EulerE,1169,1199,3rr1k1/ppp2pbp/2nq2p1/8/P4N2/4P1PB/1P1n1P1P/R1BQ1RK1 b - - 0 18,a2a4
39,officialBWO,EulerE,1169,1199,3rr1k1/ppp2pbp/2nq2p1/8/P1n2N2/4P1PB/1P3P1P/R1BQ1RK1 w - - 1 19,d2c4
39,officialBWO,EulerE,1169,1199,3rr1k1/ppp2pbp/2nq2p1/8/P1n2N2/1Q2P1PB/1P3P1P/R1B2RK1 b - - 2 19,d1b3
39,officialBWO,EulerE,1169,1199,3rr1k1/ppp2pbp/2nq2p1/n7/P4N2/1Q2P1PB/1P3P1P/R1B2RK1 w - - 3 20,c4a5
39,officialBWO,EulerE,1169,1199,3rr1k1/ppp2pbp/2nq2p1/nQ6/P4N2/4P1PB/1P3P1P/R1B2RK1 b - - 4 20,b3b5
39,officialBWO,EulerE,1169,1199,3rr1k1/1pp2pbp/p1nq2p1/nQ6/P4N2/4P1PB/1P3P1P/R1B2RK1 w - - 0 21,a7a6
39,officialBWO,EulerE,1169,1199,3rr1k1/1pp2pbp/p1nq2p1/n7/P4N2/4P1PB/1P2QP1P/R1B2RK1 b - - 1 21,b5e2
39,officialBWO,EulerE,1169,1199,3rr1k1/1pp2pbp/p1nq2p1/8/P4N2/1n2P1PB/1P2QP1P/R1B2RK1 w - - 2 22,a5b3
39,officialBWO,EulerE,1169,1199,3rr1k1/1pp2pbp/p1nq2p1/8/P4N2/Rn2P1PB/1P2QP1P/2B2RK1 b - - 3 22,a1a3
39,officialBWO,EulerE,1169,1199,3rr1k1/1pp2pbp/p1nq2p1/8/P4N2/R3P1PB/1P2QP1P/2n2RK1 w - - 0 23,b3c1
39,officialBWO,EulerE,1169,1199,3rr1k1/1pp2pbp/p1nq2p1/8/P4N2/R3P1PB/1P2QP1P/2R3K1 b - - 0 23,f1c1
39,officialBWO,EulerE,1169,1199,3rr1k1/1pp2pbp/p1n3p1/8/P4N2/R3P1PB/1P1qQP1P/2R3K1 w - - 1 24,d6d2
39,officialBWO,EulerE,1169,1199,3rr1k1/1pp2pbp/p1n3p1/8/P4N2/R3P1PB/1P1qQP1P/1R4K1 b - - 2 24,c1b1
39,officialBWO,EulerE,1169,1199,3rr1k1/1pp2pbp/p1n3p1/8/P4N2/R3P1PB/1P2qP1P/1R4K1 w - - 0 25,d2e2
39,officialBWO,EulerE,1169,1199,3rr1k1/1pp2pbp/p1n3p1/8/P7/R3P1PB/1P2NP1P/1R4K1 b - - 0 25,f4e2
39,officialBWO,EulerE,1169,1199,4r1k1/1pp2pbp/p1n3p1/8/P7/R3P1PB/1P1rNP1P/1R4K1 w - - 1 26,d8d2
39,officialBWO,EulerE,1169,1199,4r1k1/1pp2pbp/p1n3p1/8/P4N2/R3P1PB/1P1r1P1P/1R4K1 b - - 2 26,e2f4
39,officialBWO,EulerE,1169,1199,4r1k1/1pp2pbp/p1n3p1/8/P4N2/R3P1PB/1r3P1P/1R4K1 w - - 0 27,d2b2
39,officialBWO,EulerE,1169,1199,4r1k1/1pp2pbp/p1n3p1/8/P4N2/R3P1PB/1r3P1P/3R2K1 b - - 1 27,b1d1
39,officialBWO,EulerE,1169,1199,4r1k1/1pp2p1p/p1n3p1/4b3/P4N2/R3P1PB/1r3P1P/3R2K1 w - - 2 28,g7e5
39,officialBWO,EulerE,1169,1199,4r1k1/1pp2p1p/p1n3p1/3Rb3/P4N2/R3P1PB/1r3P1P/6K1 b - - 3 28,d1d5
39,officialBWO,EulerE,1169,1199,4r1k1/1pp2p1p/p1n3p1/3R4/P4b2/R3P1PB/1r3P1P/6K1 w - - 0 29,e5f4
39,officialBWO,EulerE,1169,1199,4r1k1/1pp2p1p/p1n3p1/3R4/P4P2/R3P2B/1r3P1P/6K1 b - - 0 29,g3f4
39,officialBWO,EulerE,1169,1199,3r2k1/1pp2p1p/p1n3p1/3R4/P4P2/R3P2B/1r3P1P/6K1 w - - 1 30,e8d8
39,officialBWO,EulerE,1169,1199,3r2k1/1pp2p1p/p1n3p1/6R1/P4P2/R3P2B/1r3P1P/6K1 b - - 2 30,d5g5
39,officialBWO,EulerE,1169,1199,3r4/1pp2pkp/p1n3p1/6R1/P4P2/R3P2B/1r3P1P/6K1 w - - 3 31,g8g7
39,officialBWO,EulerE,1169,1199,3r4/1pp2pkp/p1n3p1/5PR1/P7/R3P2B/1r3P1P/6K1 b - - 0 31,f4f5
39,officialBWO,EulerE,1169,1199,3r4/1pp3kp/p1n2pp1/5PR1/P7/R3P2B/1r3P1P/6K1 w - - 0 32,f7f6
39,officialBWO,EulerE,1169,1199,3r4/1pp3kp/p1n2pp1/5P2/P5R1/R3P2B/1r3P1P/6K1 b - - 1 32,g5g4
39,officialBWO,EulerE,1169,1199,3r4/1pp3kp/p4pp1/4nP2/P5R1/R3P2B/1r3P1P/6K1 w - - 2 33,c6e5
39,officialBWO,EulerE,1169,1199,3r4/1pp3kp/p4pp1/4nP2/P6R/R3P2B/1r3P1P/6K1 b - - 3 33,g4h4
39,officialBWO,EulerE,1169,1199,3r4/1pp3kp/p4pp1/5P2/P6R/R3Pn1B/1r3P1P/6K1 w - - 4 34,e5f3
40,FortyShorty26,EulerE,1226,1208,rnbqkbnr/pppppppp/8/8/4P3/8/PPPP1PPP/RNBQKBNR b KQkq - 0 1,e2e4
40,FortyShorty26,EulerE,1226,1208,rnbqkbnr/pppp1ppp/8/4p3/4P3/8/PPPP1PPP/RNBQKBNR w KQkq - 0 2,e7e5
40,FortyShorty26,EulerE,1226,1208,rnbqkbnr/pppp1ppp/8/4p3/4P3/5N2/PPPP1PPP/RNBQKB1R b KQkq - 1 2,g1f3
40,FortyShorty26,EulerE,1226,1208,r1bqkbnr/pppp1ppp/2n5/4p3/4P3/5N2/PPPP1PPP/RNBQKB1R w KQkq - 2 3,b8c6
40,FortyShorty26,EulerE,1226,1208,r1bqkbnr/pppp1ppp/2n5/1B2p3/4P3/5N2/PPPP1PPP/RNBQK2R b KQkq - 3 3,f1b5
40,FortyShorty26,EulerE,1226,1208,r1bqkbnr/ppp2ppp/2np4/1B2p3/4P3/5N2/PPPP1PPP/RNBQK2R w KQkq - 0 4,d7d6
40,FortyShorty26,EulerE,1226,1208,r1bqkbnr/ppp2ppp/2np4/1B2p3/3PP3/5N2/PPP2PPP/RNBQK2R b KQkq - 0 4,d2d4
40,FortyShorty26,EulerE,1226,1208,r2qkbnr/pppb1ppp/2np4/1B2p3/3PP3/5N2/PPP2PPP/RNBQK2R w KQkq - 1 5,c8d7
40,FortyShorty26,EulerE,1226,1208,r2qkbnr/pppb1ppp/2np4/1B1Pp3/4P3/5N2/PPP2PPP/RNBQK2R b KQkq - 0 5,d4d5
40,FortyShorty26,EulerE,1226,1208,r2qkbnr/pppb1ppp/3p4/1B1Pp3/1n2P3/5N2/PPP2PPP/RNBQK2R w KQkq - 1 6,c6b4
40,FortyShorty26,EulerE,1226,1208,r2qkbnr/pppB1ppp/3p4/3Pp3/1n2P3/5N2/PPP2PPP/RNBQK2R b KQkq - 0 6,b5d7
40,FortyShorty26,EulerE,1226,1208,r3kbnr/pppq1ppp/3p4/3Pp3/1n2P3/5N2/PPP2PPP/RNBQK2R w KQkq - 0 7,d8d7
40,FortyShorty26,EulerE,1226,1208,r3kbnr/pppq1ppp/3p4/3Pp3/1n2P3/P4N2/1PP2PPP/RNBQK2R b KQkq - 0 7,a2a3
40,FortyShorty26,EulerE,1226,1208,r3kbnr/pppq1ppp/n2p4/3Pp3/4P3/P4N2/1PP2PPP/RNBQK2R w KQkq - 1 8,b4a6
40,FortyShorty26,EulerE,1226,1208,r3kbnr/pppq1ppp/n2p4/3Pp3/4P3/P1N2N2/1PP2PPP/R1BQK2R b KQkq - 2 8,b1c3
40,FortyShorty26,EulerE,1226,1208,r3kb1r/pppq1ppp/n2p1n2/3Pp3/4P3/P1N2N2/1PP2PPP/R1BQK2R w KQkq - 3 9,g8f6
40,FortyShorty26,EulerE,1226,1208,r3kb1r/pppq1ppp/n2p1n2/3Pp3/4P3/P1N2N2/1PP2PPP/R1BQ1RK1 b kq - 4 9,e1g1
40,FortyShorty26,EulerE,1226,1208,r3kb1r/pppq1ppp/3p1n2/2nPp3/4P3/P1N2N2/1PP2PPP/R1BQ1RK1 w kq - 5 10,a6c5
40,FortyShorty26,EulerE,1226,1208,r3kb1r/pppq1ppp/3p1n2/2nPp3/4P3/P1N1BN2/1PP2PPP/R2Q1RK1 b kq - 6 10,c1e3
40,FortyShorty26,EulerE,1226,1208,r3kb1r/pppq1ppp/3p1n2/3Pp3/4n3/P1N1BN2/1PP2PPP/R2Q1RK1 w kq - 0 11,c5e4
40,FortyShorty26,EulerE,1226,1208,r3kb1r/pppq1ppp/3p1n2/3Pp3/4N3/P3BN2/1PP2PPP/R2Q1RK1 b kq - 0 11,c3e4
40,FortyShorty26,EulerE,1226,1208,r3kb1r/pppq1ppp/3p4/3Pp3/4n3/P3BN2/1PP2PPP/R2Q1RK1 w kq - 0 12,f6e4
40,FortyShorty26,EulerE,1226,1208,r3kb1r/pppq1ppp/3p4/3Pp3/2P1n3/P3BN2/1P3PPP/R2Q1RK1 b kq - 0 12,c2c4
40,FortyShorty26,EulerE,1226,1208,r3k2r/pppqbppp/3p4/3Pp3/2P1n3/P3BN2/1P3PPP/R2Q1RK1 w kq - 1 13,f8e7
40,FortyShorty26,EulerE,1226,1208,r3k2r/pppqbppp/3p4/3Pp3/2P1n3/P2QBN2/1P3PPP/R4RK1 b kq - 2 13,d1d3
40,FortyShorty26,EulerE,1226,1208,r3k2r/pppqbppp/3p1n2/3Pp3/2P5/P2QBN2/1P3PPP/R4RK1 w kq - 3 14,e4f6
40,FortyShorty26,EulerE,1226,1208,r3k2r/pppqbppp/3p1n2/3Pp3/2P5/P2QBN2/1P3PPP/2R2RK1 b kq - 4 14,a1c1
40,FortyShorty26,EulerE,1226,1208,r4rk1/pppqbppp/3p1n2/3Pp3/2P5/P2QBN2/1P3PPP/2R2RK1 w - - 5 15,e8g8
40,FortyShorty26,EulerE,1226,1208,r4rk1/pppqbppp/3p1n2/2PPp3/8/P2QBN2/1P3PPP/2R2RK1 b - - 0 15,c4c5
40,FortyShorty26,EulerE,1226,1208,r4rk1/pppqbppp/5n2/2pPp3/8/P2QBN2/1P3PPP/2R2RK1 w - - 0 16,d6c5
40,FortyShorty26,EulerE,1226,1208,r4rk1/pppqbppp/5n2/2pPN3/8/P2QB3/1P3PPP/2R2RK1 b - - 0 16,f3e5
40,FortyShorty26,EulerE,1226,1208,r4rk1/ppp1bppp/3q1n2/2pPN3/8/P2QB3/1P3PPP/2R2RK1 w - - 1 17,d7d6
40,FortyShorty26,EulerE,1226,1208,r4rk1/ppp1bppp/3q1n2/2pPN3/5B2/P2Q4/1P3PPP/2R2RK1 b - - 2 17,e3f4
40,FortyShorty26,EulerE,1226,1208,r4rk1/ppp1bppp/3q4/2pPN3/5Bn1/P2Q4/1P3PPP/2R2RK1 w - - 3 18,f6g4
40,FortyShorty26,EulerE,1226,1208,r4rk1/ppp1bppp/3q2N1/2pP4/5Bn1/P2Q4/1P3PPP/2R2RK1 b - - 4 18,e5g6
40,FortyShorty26,EulerE,1226,1208,r4rk1/ppp1bppp/6q1/2pP4/5Bn1/P2Q4/1P3PPP/2R2RK1 w - - 0 19,d6g6
40,FortyShorty26,EulerE,1226,1208,r4rk1/ppp1bppp/6Q1/2pP4/5Bn1/P7/1P3PPP/2R2RK1 b - - 0 19,d3g6
40,FortyShorty26,EulerE,1226,1208,r4rk1/ppp1b1pp/6p1/2pP4/5Bn1/P7/1P3PPP/2R2RK1 w - - 0 20,f7g6
40,FortyShorty26,EulerE,1226,1208,r4rk1/ppB1b1pp/6p1/2pP4/6n1/P7/1P3PPP/2R2RK1 b - - 0 20,f4c7
40,FortyShorty26,EulerE,1226,1208,2r2rk1/ppB1b1pp/6p1/2pP4/6n1/P7/1P3PPP/2R2RK1 w - - 1 21,a8c8
40,FortyShorty26,EulerE,1226,1208,2r2rk1/ppB1b1pp/3P2p1/2p5/6n1/P7/1P3PPP/2R2RK1 b - - 0 21,d5d6
40,FortyShorty26,EulerE,1226,1208,2r2rk1/ppB3pp/3P1bp1/2p5/6n1/P7/1P3PPP/2R2RK1 w - - 1 22,e7f6
40,FortyShorty26,EulerE,1226,1208,2r2rk1/ppB3pp/3P1bp1/2R5/6n1/P7/1P3PPP/5RK1 b - - 0 22,c1c5
40,FortyShorty26,EulerE,1226,1208,2r2rk1/ppB3pp/3P2p1/2R5/6n1/P7/1b3PPP/5RK1 w - - 0 23,f6b2
40,FortyShorty26,EulerE,1226,1208,2r2rk1/ppB3pp/3P2p1/1R6/6n1/P7/1b3PPP/5RK1 b - - 1 23,c5b5
40,FortyShorty26,EulerE,1226,1208,2r2rk1/ppB3pp/3P2p1/1R6/6n1/b7/5PPP/5RK1 w - - 0 24,b2a3
40,FortyShorty26,EulerE,1226,1208,2r2rk1/pRB3pp/3P2p1/8/6n1/b7/5PPP/5RK1 b - - 0 24,b5b7
40,FortyShorty26,EulerE,1226,1208,2r3k1/pRB3pp/3P1rp1/8/6n1/b7/5PPP/5RK1 w - - 1 25,f8f6
40,FortyShorty26,EulerE,1226,1208,2r3k1/R1B3pp/3P1rp1/8/6n1/b7/5PPP/5RK1 b - - 0 25,b7a7
40,FortyShorty26,EulerE,1226,1208,2r3k1/R1B3pp/3b1rp1/8/6n1/8/5PPP/5RK1 w - - 0 26,a3d6
40,FortyShorty26,EulerE,1226,1208,2r3k1/R5pp/3B1rp1/8/6n1/8/5PPP/5RK1 b - - 0 26,c7d6
40,FortyShorty26,EulerE,1226,1208,2r3k1/R5pp/3r2p1/8/6n1/8/5PPP/5RK1 w - - 0 27,f6d6
40,FortyShorty26,EulerE,1226,1208,2r3k1/R5pp/3r2p1/8/6n1/7P/5PP1/5RK1 b - - 0 27,h2h3
40,FortyShorty26,EulerE,1226,1208,2r3k1/R5pp/3r1np1/8/8/7P/5PP1/5RK1 w - - 1 28,g4f6
41,fandom12,EulerE,1200,1200,rnbqkbnr/pppppppp/8/8/4P3/8/PPPP1PPP/RNBQKBNR b KQkq - 0 1,e2e4
41,fandom12,EulerE,1200,1200,rnbqkbnr/pppp1ppp/8/4p3/4P3/8/PPPP1PPP/RNBQKBNR w KQkq - 0 2,e7e5
41,fandom12,EulerE,1200,1200,rnbqkbnr/pppp1ppp/8/4p3/4P3/5N2/PPPP1PPP/RNBQKB1R b KQkq - 1 2,g1f3
41,fandom12,EulerE,1200,1200,r1bqkbnr/pppp1ppp/2n5/4p3/4P3/5N2/PPPP1PPP/RNBQKB1R w KQkq - 2 3,b8c6
41,fandom12,EulerE,1200,1200,r1bqkbnr/pppp1ppp/2n5/4p3/2B1P3/5N2/PPPP1PPP/RNBQK2R b KQkq - 3 3,f1c4
41,fandom12,EulerE,1200,1200,r1bqk1nr/pppp1ppp/2n5/2b1p3/2B1P3/5N2/PPPP1PPP/RNBQK2R w KQkq - 4 4,f8c5
41,fandom12,EulerE,1200,1200,r1bqk1nr/pppp1ppp/2n5/2b1p3/2B1P3/2P2N2/PP1P1PPP/RNBQK2R b KQkq - 0 4,c2c3
41,fandom12,EulerE,1200,1200,r1bqk2r/pppp1ppp/2n2n2/2b1p3/2B1P3/2P2N2/PP1P1PPP/RNBQK2R w KQkq - 1 5,g8f6
41,fandom12,EulerE,1200,1200,r1bqk2r/pppp1ppp/2n2n2/2b1p3/2BPP3/2P2N2/PP3PPP/RNBQK2R b KQkq - 0 5,d2d4
41,fandom12,EulerE,1200,1200,r1bqk2r/pppp1ppp/2n2n2/2b5/2BpP3/2P2N2/PP3PPP/RNBQK2R w KQkq - 0 6,e5d4
41,fandom12,EulerE,1200,1200,r1bqk2r/pppp1ppp/2n2n2/2b5/2BPP3/5N2/PP3PPP/RNBQK2R b KQkq - 0 6,c3d4
41,fandom12,EulerE,1200,1200,r1bqk2r/pppp1ppp/1bn2n2/8/2BPP3/5N2/PP3PPP/RNBQK2R w KQkq - 1 7,c5b6
41,fandom12,EulerE,1200,1200,r1bqk2r/pppp1ppp/1bn2n2/4P3/2BP4/5N2/PP3PPP/RNBQK2R b KQkq - 0 7,e4e5
41,fandom12,EulerE,1200,1200,r1b1k2r/ppppqppp/1bn2n2/4P3/2BP4/5N2/PP3PPP/RNBQK2R w KQkq - 1 8,d8e7
41,fandom12,EulerE,1200,1200,r1b1k2r/ppppqppp/1bn2n2/4P3/2BP4/5N2/PP3PPP/RNBQ1RK1 b kq - 2 8,e1g1
41,fandom12,EulerE,1200,1200,r1b1k2r/ppppqppp/1bn5/4P3/2BPn3/5N2/PP3PPP/RNBQ1RK1 w kq - 3 9,f6e4
41,fandom12,EulerE,1200,1200,r1b1k2r/ppppqppp/1bn5/4P3/2BPn3/5N2/PP3PPP/RNBQR1K1 b kq - 4 9,f1e1
41,fandom12,EulerE,1200,1200,r1b1k2r/pppp1ppp/1bn5/4P3/1qBPn3/5N2/PP3PPP/RNBQR1K1 w kq - 5 10,e7b4
41,fandom12,EulerE,1200,1200,r1b1k2r/pppp1ppp/1bn5/4P3/1qBPn3/1P3N2/P4PPP/RNBQR1K1 b kq - 0 10,b2b3
41,fandom12,EulerE,1200,1200,r1b1k2r/pppp1ppp/1bn5/4P3/1qBP4/1Pn2N2/P4PPP/RNBQR1K1 w kq - 1 11,e4c3
41,fandom12,EulerE,1200,1200,r1b1k2r/pppp1ppp/1bn5/4P3/1qBP4/1PN2N2/P4PPP/R1BQR1K1 b kq - 0 11,b1c3
41,fandom12,EulerE,1200,1200,r1b1k2r/pppp1ppp/1bn5/4P3/2BP4/1Pq2N2/P4PPP/R1BQR1K1 w kq - 0 12,b4c3
41,fandom12,EulerE,1200,1200,r1b1k2r/pppp1ppp/1bn5/4P3/2BP4/1Pq2N2/P2B1PPP/R2QR1K1 b kq - 1 12,c1d2
41,fandom12,EulerE,1200,1200,r1b1k2r/pppp1ppp/1bn5/4P3/2BP4/1P3N2/Pq1B1PPP/R2QR1K1 w kq - 2 13,c3b2
41,fandom12,EulerE,1200,1200,r1b1k2r/pppp1ppp/1bn5/4P3/2BP4/1P3N2/Pq3PPP/R1BQR1K1 b kq - 3 13,d2c1
41,fandom12,EulerE,1200,1200,r1b1k2r/pppp1ppp/1bn5/4P3/2BP4/1Pq2N2/P4PPP/R1BQR1K1 w kq - 4 14,b2c3
41,fandom12,EulerE,1200,1200,r1b1k2r/pppp1ppp/1bn5/4P3/2BP4/1Pq2N2/P2B1PPP/R2QR1K1 b kq - 5 14,c1d2
41,fandom12,EulerE,1200,1200,r1b1k2r/pppp1ppp/1bn5/4P3/2BP4/1P3N2/Pq1B1PPP/R2QR1K1 w kq - 6 15,c3b2
41,fandom12,EulerE,1200,1200,r1b1k2r/pppp1ppp/1bn5/4P3/2BP4/PP3N2/1q1B1PPP/R2QR1K1 b kq - 0 15,a2a3
41,fandom12,EulerE,1200,1200,r1b1k2r/pppp1ppp/2n5/4P3/2Bb4/PP3N2/1q1B1PPP/R2QR1K1 w kq - 0 16,b6d4
41,fandom12,EulerE,1200,1200,r1b1k2r/pppp1ppp/2n5/4P3/2BN4/PP6/1q1B1PPP/R2QR1K1 b kq - 0 16,f3d4
41,fandom12,EulerE,1200,1200,r1b1k2r/pppp1ppp/8/4P3/2Bn4/PP6/1q1B1PPP/R2QR1K1 w kq - 0 17,c6d4
41,fandom12,EulerE,1200,1200,r1b1k2r/pppp1ppp/8/4P2Q/2Bn4/PP6/1q1B1PPP/R3R1K1 b kq - 1 17,d1h5
41,fandom12,EulerE,1200,1200,r1b1k2r/pppp1ppp/8/4P2Q/2Bn4/PP6/3q1PPP/R3R1K1 w kq - 0 18,b2d2
41,fandom12,EulerE,1200,1200,r1b1k2r/pppp1Qpp/8/4P3/2Bn4/PP6/3q1PPP/R3R1K1 b kq - 0 18,h5f7
41,fandom12,EulerE,1200,1200,r1bk3r/pppp1Qpp/8/4P3/2Bn4/PP6/3q1PPP/R3R1K1 w - - 1 19,e8d8
41,fandom12,EulerE,1200,1200,r1bk3r/pppp1Qpp/4P3/8/2Bn4/PP6/3q1PPP/R3R1K1 b - - 0 19,e5e6
41,fandom12,EulerE,1200,1200,r1bkr3/pppp1Qpp/4P3/8/2Bn4/PP6/3q1PPP/R3R1K1 w - - 1 20,h8e8
41,fandom12,EulerE,1200,1200,r1bkr3/pppp1Qpp/4P3/8/2Bn4/PP6/3q1PPP/3RR1K1 b - - 2 20,a1d1
41,fandom12,EulerE,1200,1200,r1bk4/pppp1Qpp/4r3/8/2Bn4/PP6/3q1PPP/3RR1K1 w - - 0 21,e8e6
41,fandom12,EulerE,1200,1200,r1bk4/pppp1Qpp/4r3/8/2Bn4/PP6/3R1PPP/4R1K1 b - - 0 21,d1d2
41,fandom12,EulerE,1200,1200,r1bk4/pppp1Qpp/8/8/2Bn4/PP6/3R1PPP/4r1K1 w - - 0 22,e6e1
41,fandom12,EulerE,1200,1200,r1bk4/pppp1Qpp/8/8/3n4/PP6/3R1PPP/4rBK1 b - - 1 22,c4f1
41,fandom12,EulerE,1200,1200,r1bk4/pppp1Qpp/8/8/8/PP6/3RnPPP/4rBK1 w - - 2 23,d4e2
41,fandom12,EulerE,1200,1200,r1bk4/pppp1Qpp/8/8/8/PP6/4RPPP/4rBK1 b - - 0 23,d2e2
41,fandom12,EulerE,1200,1200,r1bk4/pppp1Qpp/8/8/8/PP6/4rPPP/5BK1 w - - 0 24,e1e2
41,fandom12,EulerE,1200,1200,r1bk4/pppp1Qpp/8/8/8/PP6/4BPPP/6K1 b - - 0 24,f1e2
42,EulerE,kiranwaghmare9986,1209,1229,rnbqkbnr/pppppppp/8/8/3P4/8/PPP1PPPP/RNBQKBNR b KQkq - 0 1,d2d4
42,EulerE,kiranwaghmare9986,1209,1229,r1bqkbnr/pppppppp/2n5/8/3P4/8/PPP1PPPP/RNBQKBNR w KQkq - 1 2,b8c6
42,EulerE,kiranwaghmare9986,1209,1229,r1bqkbnr/pppppppp/2n5/8/3PP3/8/PPP2PPP/RNBQKBNR b KQkq - 0 2,e2e4
42,EulerE,kiranwaghmare9986,1209,1229,r1bqkbnr/pppp1ppp/2n1p3/8/3PP3/8/PPP2PPP/RNBQKBNR w KQkq - 0 3,e7e6
42,EulerE,kiranwaghmare9986,1209,1229,r1bqkbnr/pppp1ppp/2n1p3/8/3PP3/2N5/PPP2PPP/R1BQKBNR b KQkq - 1 3,b1c3
42,EulerE,kiranwaghmare9986,1209,1229,r1bqk1nr/pppp1ppp/2n1p3/8/1b1PP3/2N5/PPP2PPP/R1BQKBNR w KQkq - 2 4,f8b4
42,EulerE,kiranwaghmare9986,1209,1229,r1bqk1nr/pppp1ppp/2n1p3/8/1b1PP3/2N2N2/PPP2PPP/R1BQKB1R b KQkq - 3 4,g1f3
42,EulerE,kiranwaghmare9986,1209,1229,r1bqk1nr/pppp1ppp/2n1p3/8/3PP3/2b2N2/PPP2PPP/R1BQKB1R w KQkq - 0 5,b4c3
42,EulerE,kiranwaghmare9986,1209,1229,r1bqk1nr/pppp1ppp/2n1p3/8/3PP3/2P2N2/P1P2PPP/R1BQKB1R b KQkq - 0 5,b2c3
42,EulerE,kiranwaghmare9986,1209,1229,r1bqk1nr/ppp2ppp/2n1p3/3p4/3PP3/2P2N2/P1P2PPP/R1BQKB1R w KQkq - 0 6,d7d5
42,EulerE,kiranwaghmare9986,1209,1229,r1bqk1nr/ppp2ppp/2n1p3/3P4/3P4/2P2N2/P1P2PPP/R1BQKB1R b KQkq - 0 6,e4d5
42,EulerE,kiranwaghmare9986,1209,1229,r1b1k1nr/ppp2ppp/2n1p3/3q4/3P4/2P2N2/P1P2PPP/R1BQKB1R w KQkq - 0 7,d8d5
42,EulerE,kiranwaghmare9986,1209,1229,r1b1k1nr/ppp2ppp/2n1p3/3q4/3P4/2PQ1N2/P1P2PPP/R1B1KB1R b KQkq - 1 7,d1d3
42,EulerE,kiranwaghmare9986,1209,1229,r1b1k2r/ppp2ppp/2n1pn2/3q4/3P4/2PQ1N2/P1P2PPP/R1B1KB1R w KQkq - 2 8,g8f6
42,EulerE,kiranwaghmare9986,1209,1229,r1b1k2r/ppp2ppp/2n1pn2/3q4/3P4/2PQ1NP1/P1P2P1P/R1B1KB1R b KQkq - 0 8,g2g3
42,EulerE,kiranwaghmare9986,1209,1229,r1b2rk1/ppp2ppp/2n1pn2/3q4/3P4/2PQ1NP1/P1P2P1P/R1B1KB1R w KQ - 1 9,e8g8
42,EulerE,kiranwaghmare9986,1209,1229,r1b2rk1/ppp2ppp/2n1pn2/3q4/3P4/2PQ1NP1/P1P2PBP/R1B1K2R b KQ - 2 9,f1g2
42,EulerE,kiranwaghmare9986,1209,1229,r1b2rk1/ppp2ppp/2n1pn2/q7/3P4/2PQ1NP1/P1P2PBP/R1B1K2R w KQ - 3 10,d5a5
42,EulerE,kiranwaghmare9986,1209,1229,r1b2rk1/ppp2ppp/2n1pn2/q7/3P4/2PQ1NP1/P1PB1PBP/R3K2R b KQ - 4 10,c1d2
42,EulerE,kiranwaghmare9986,1209,1229,r1b2rk1/ppp2ppp/1qn1pn2/8/3P4/2PQ1NP1/P1PB1PBP/R3K2R w KQ - 5 11,a5b6
42,EulerE,kiranwaghmare9986,1209,1229,r1b2rk1/ppp2ppp/1qn1pn2/8/3P4/2PQ1NP1/P1PB1PBP/R4RK1 b - - 6 11,e1g1
42,EulerE,kiranwaghmare9986,1209,1229,r1br2k1/ppp2ppp/1qn1pn2/8/3P4/2PQ1NP1/P1PB1PBP/R4RK1 w - - 7 12,f8d8
42,EulerE,kiranwaghmare9986,1209,1229,r1br2k1/ppp2ppp/1qn1pn2/8/3P4/2PQ1NP1/P1PB1PBP/1R3RK1 b - - 8 12,a1b1
42,EulerE,kiranwaghmare9986,1209,1229,r1br2k1/ppp2ppp/2n1pn2/q7/3P4/2PQ1NP1/P1PB1PBP/1R3RK1 w - - 9 13,b6a5
42,EulerE,kiranwaghmare9986,1209,1229,r1br2k1/ppp2ppp/2n1pn2/q5B1/3P4/2PQ1NP1/P1P2PBP/1R3RK1 b - - 10 13,d2g5
42,EulerE,kiranwaghmare9986,1209,1229,r1br2k1/ppp2ppp/2n1p3/q2n2B1/3P4/2PQ1NP1/P1P2PBP/1R3RK1 w - - 11 14,f6d5
42,EulerE,kiranwaghmare9986,1209,1229,r1bB2k1/ppp2ppp/2n1p3/q2n4/3P4/2PQ1NP1/P1P2PBP/1R3RK1 b - - 0 14,g5d8
42,EulerE,kiranwaghmare9986,1209,1229,r1bn2k1/ppp2ppp/4p3/q2n4/3P4/2PQ1NP1/P1P2PBP/1R3RK1 w - - 0 15,c6d8
42,EulerE,kiranwaghmare9986,1209,1229,r1bn2k1/ppp2ppp/4p3/q2n2N1/3P4/2PQ2P1/P1P2PBP/1R3RK1 b - - 1 15,f3g5
42,EulerE,kiranwaghmare9986,1209,1229,r1bn2k1/ppp2p1p/4p1p1/q2n2N1/3P4/2PQ2P1/P1P2PBP/1R3RK1 w - - 0 16,g7g6
42,EulerE,kiranwaghmare9986,1209,1229,r1bn2k1/ppp2p1p/4p1p1/q2B2N1/3P4/2PQ2P1/P1P2P1P/1R3RK1 b - - 0 16,g2d5
42,EulerE,kiranwaghmare9986,1209,1229,r1bn2k1/ppp2p1p/4p1p1/3q2N1/3P4/2PQ2P1/P1P2P1P/1R3RK1 w - - 0 17,a5d5
42,EulerE,kiranwaghmare9986,1209,1229,r1bn2k1/ppp2p1p/4p1p1/3q4/3PN3/2PQ2P1/P1P2P1P/1R3RK1 b - - 1 17,g5e4
42,EulerE,kiranwaghmare9986,1209,1229,r1bn2k1/p1p2p1p/4p1p1/1p1q4/3PN3/2PQ2P1/P1P2P1P/1R3RK1 w - - 0 18,b7b5
42,EulerE,kiranwaghmare9986,1209,1229,r1bn2k1/p1p2p1p/4pNp1/1p1q4/3P4/2PQ2P1/P1P2P1P/1R3RK1 b - - 1 18,e4f6
43,EulerE,zluu11,1218,1241,rnbqkbnr/pppppppp/8/8/3P4/8/PPP1PPPP/RNBQKBNR b KQkq - 0 1,d2d4
43,EulerE,zluu11,1218,1241,rnbqkbnr/pppp1ppp/4p3/8/3P4/8/PPP1PPPP/RNBQKBNR w KQkq - 0 2,e7e6
43,EulerE,zluu11,1218,1241,rnbqkbnr/pppp1ppp/4p3/8/2PP4/8/PP2PPPP/RNBQKBNR b KQkq - 0 2,c2c4
43,EulerE,zluu11,1218,1241,rnbqkbnr/pp1p1ppp/2p1p3/8/2PP4/8/PP2PPPP/RNBQKBNR w KQkq - 0 3,c7c6
43,EulerE,zluu11,1218,1241,rnbqkbnr/pp1p1ppp/2p1p3/8/2PP4/5N2/PP2PPPP/RNBQKB1R b KQkq - 1 3,g1f3
43,EulerE,zluu11,1218,1241,rnbqkbnr/pp3ppp/2p1p3/3p4/2PP4/5N2/PP2PPPP/RNBQKB1R w KQkq - 0 4,d7d5
43,EulerE,zluu11,1218,1241,rnbqkbnr/pp3ppp/2p1p3/3P4/3P4/5N2/PP2PPPP/RNBQKB1R b KQkq - 0 4,c4d5
43,EulerE,zluu11,1218,1241,rnbqkbnr/pp3ppp/4p3/3p4/3P4/5N2/PP2PPPP/RNBQKB1R w KQkq - 0 5,c6d5
43,EulerE,zluu11,1218,1241,rnbqkbnr/pp3ppp/4p3/3p4/3P4/2N2N2/PP2PPPP/R1BQKB1R b KQkq - 1 5,b1c3
43,EulerE,zluu11,1218,1241,rnbqkbnr/pp4pp/4pp2/3p4/3P4/2N2N2/PP2PPPP/R1BQKB1R w KQkq - 0 6,f7f6
43,EulerE,zluu11,1218,1241,rnbqkbnr/pp4pp/4pp2/3p4/3P4/2N1PN2/PP3PPP/R1BQKB1R b KQkq - 0 6,e2e3
43,EulerE,zluu11,1218,1241,r1bqkbnr/pp4pp/n3pp2/3p4/3P4/2N1PN2/PP3PPP/R1BQKB1R w KQkq - 1 7,b8a6
43,EulerE,zluu11,1218,1241,r1bqkbnr/pp4pp/B3pp2/3p4/3P4/2N1PN2/PP3PPP/R1BQK2R b KQkq - 0 7,f1a6
43,EulerE,zluu11,1218,1241,r1bqkbnr/p5pp/p3pp2/3p4/3P4/2N1PN2/PP3PPP/R1BQK2R w KQkq - 0 8,b7a6
43,EulerE,zluu11,1218,1241,r1bqkbnr/p5pp/p3pp2/3p4/3P4/2N1PN2/PP3PPP/R1BQ1RK1 b kq - 1 8,e1g1
43,EulerE,zluu11,1218,1241,r1bqkb1r/p5pp/p3pp1n/3p4/3P4/2N1PN2/PP3PPP/R1BQ1RK1 w kq - 2 9,g8h6
43,EulerE,zluu11,1218,1241,r1bqkb1r/p5pp/p3pp1n/3p4/Q2P4/2N1PN2/PP3PPP/R1B2RK1 b kq - 3 9,d1a4
43,EulerE,zluu11,1218,1241,r2qkb1r/p2b2pp/p3pp1n/3p4/Q2P4/2N1PN2/PP3PPP/R1B2RK1 w kq - 4 10,c8d7
43,EulerE,zluu11,1218,1241,r2qkb1r/p2b2pp/Q3pp1n/3p4/3P4/2N1PN2/PP3PPP/R1B2RK1 b kq - 0 10,a4a6
43,EulerE,zluu11,1218,1241,r2qk2r/p2b2pp/Q3pp1n/3p4/1b1P4/2N1PN2/PP3PPP/R1B2RK1 w kq - 1 11,f8b4
43,EulerE,zluu11,1218,1241,r2qk2r/p2b2pp/Q3pp1n/3p4/1b1P4/2N1PN2/PP1B1PPP/R4RK1 b kq - 2 11,c1d2
43,EulerE,zluu11,1218,1241,r2q1rk1/p2b2pp/Q3pp1n/3p4/1b1P4/2N1PN2/PP1B1PPP/R4RK1 w - - 3 12,e8g8
43,EulerE,zluu11,1218,1241,r2q1rk1/p2b2pp/Q3pp1n/3p4/1b1P4/P1N1PN2/1P1B1PPP/R4RK1 b - - 0 12,a2a3
43,EulerE,zluu11,1218,1241,r2q1rk1/p2b2pp/Q3pp1n/3p4/3P4/P1b1PN2/1P1B1PPP/R4RK1 w - - 0 13,b4c3
43,EulerE,zluu11,1218,1241,r2q1rk1/p2b2pp/Q3pp1n/3p4/3P4/P1B1PN2/1P3PPP/R4RK1 b - - 0 13,d2c3
43,EulerE,zluu11,1218,1241,r4rk1/p2bq1pp/Q3pp1n/3p4/3P4/P1B1PN2/1P3PPP/R4RK1 w - - 1 14,d8e7
43,EulerE,zluu11,1218,1241,r4rk1/p2bq1pp/Q3pp1n/3p4/1B1P4/P3PN2/1P3PPP/R4RK1 b - - 2 14,c3b4
43,EulerE,zluu11,1218,1241,r4rk1/p2b1qpp/Q3pp1n/3p4/1B1P4/P3PN2/1P3PPP/R4RK1 w - - 3 15,e7f7
43,EulerE,zluu11,1218,1241,r4Bk1/p2b1qpp/Q3pp1n/3p4/3P4/P3PN2/1P3PPP/R4RK1 b - - 0 15,b4f8
43,EulerE,zluu11,1218,1241,r4qk1/p2b2pp/Q3pp1n/3p4/3P4/P3PN2/1P3PPP/R4RK1 w - - 0 16,f7f8
43,EulerE,zluu11,1218,1241,r4qk1/p2b2pp/Q3pp1n/3p4/3P4/P3PN2/1P3PPP/2R2RK1 b - - 1 16,a1c1
43,EulerE,zluu11,1218,1241,r1b2qk1/p5pp/Q3pp1n/3p4/3P4/P3PN2/1P3PPP/2R2RK1 w - - 2 17,d7c8
43,EulerE,zluu11,1218,1241,r1b2qk1/p5pp/4pp1n/3p4/3P4/P2QPN2/1P3PPP/2R2RK1 b - - 3 17,a6d3
43,EulerE,zluu11,1218,1241,r1b2qk1/6pp/4pp1n/p2p4/3P4/P2QPN2/1P3PPP/2R2RK1 w - - 0 18,a7a5
43,EulerE,zluu11,1218,1241,r1b2qk1/2R3pp/4pp1n/p2p4/3P4/P2QPN2/1P3PPP/5RK1 b - - 1 18,c1c7
43,EulerE,zluu11,1218,1241,r1b2qk1/2R4p/4pppn/p2p4/3P4/P2QPN2/1P3PPP/5RK1 w - - 0 19,g7g6
43,EulerE,zluu11,1218,1241,r1b2qk1/2R4p/4pppn/p2p4/3P4/P2QPN2/1P3PPP/2R3K1 b - - 1 19,f1c1
43,EulerE,zluu11,1218,1241,r1bq2k1/2R4p/4pppn/p2p4/3P4/P2QPN2/1P3PPP/2R3K1 w - - 2 20,f8d8
43,EulerE,zluu11,1218,1241,r1bq2k1/2R4p/4pppn/p2p4/3P4/P3PN2/1PQ2PPP/2R3K1 b - - 3 20,d3c2
43,EulerE,zluu11,1218,1241,r2q2k1/2R4p/b3pppn/p2p4/3P4/P3PN2/1PQ2PPP/2R3K1 w - - 4 21,c8a6
43,EulerE,zluu11,1218,1241,r2q2k1/7p/b1R1pppn/p2p4/3P4/P3PN2/1PQ2PPP/2R3K1 b - - 5 21,c7c6
43,EulerE,zluu11,1218,1241,r2q2k1/1b5p/2R1pppn/p2p4/3P4/P3PN2/1PQ2PPP/2R3K1 w - - 6 22,a6b7
43,EulerE,zluu11,1218,1241,r2q2k1/1b5p/4Rppn/p2p4/3P4/P3PN2/1PQ2PPP/2R3K1 b - - 0 22,c6e6
43,EulerE,zluu11,1218,1241,r1bq2k1/7p/4Rppn/p2p4/3P4/P3PN2/1PQ2PPP/2R3K1 w - - 1 23,b7c8
43,EulerE,zluu11,1218,1241,r1bq2k1/7p/2R2ppn/p2p4/3P4/P3PN2/1PQ2PPP/2R3K1 b - - 2 23,e6c6
43,EulerE,zluu11,1218,1241,r2q2k1/1b5p/2R2ppn/p2p4/3P4/P3PN2/1PQ2PPP/2R3K1 w - - 3 24,c8b7
43,EulerE,zluu11,1218,1241,r2q2k1/1bR4p/5ppn/p2p4/3P4/P3PN2/1PQ2PPP/2R3K1 b - - 4 24,c6c7
43,EulerE,zluu11,1218,1241,r2q2k1/2R4p/b4ppn/p2p4/3P4/P3PN2/1PQ2PPP/2R3K1 w - - 5 25,b7a6
43,EulerE,zluu11,1218,1241,r2q2k1/2R4p/b4ppn/p2p4/1P1P4/P3PN2/2Q2PPP/2R3K1 b - - 0 25,b2b4
43,EulerE,zluu11,1218,1241,r2q2k1/2R4p/b4ppn/3p4/1p1P4/P3PN2/2Q2PPP/2R3K1 w - - 0 26,a5b4
43,EulerE,zluu11,1218,1241,r2q2k1/2R4p/b4ppn/3p4/1P1P4/4PN2/2Q2PPP/2R3K1 b - - 0 26,a3b4
43,EulerE,zluu11,1218,1241,r2q2k1/2R2n1p/b4pp1/3p4/1P1P4/4PN2/2Q2PPP/2R3K1 w - - 1 27,h6f7
43,EulerE,zluu11,1218,1241,r2q2k1/2R2n1p/b4pp1/1P1p4/3P4/4PN2/2Q2PPP/2R3K1 b - - 0 27,b4b5
43,EulerE,zluu11,1218,1241,r2q2k1/2R2n1p/5pp1/1b1p4/3P4/4PN2/2Q2PPP/2R3K1 w - - 0 28,a6b5
43,EulerE,zluu11,1218,1241,r1Rq2k1/5n1p/5pp1/1b1p4/3P4/4PN2/2Q2PPP/2R3K1 b - - 1 28,c7c8
43,EulerE,zluu11,1218,1241,2rq2k1/5n1p/5pp1/1b1p4/3P4/4PN2/2Q2PPP/2R3K1 w - - 0 29,a8c8
43,EulerE,zluu11,1218,1241,2Qq2k1/5n1p/5pp1/1b1p4/3P4/4PN2/5PPP/2R3K1 b - - 0 29,c2c8
43,EulerE,zluu11,1218,1241,2q3k1/5n1p/5pp1/1b1p4/3P4/4PN2/5PPP/2R3K1 w - - 0 30,d8c8
43,EulerE,zluu11,1218,1241,2R3k1/5n1p/5pp1/1b1p4/3P4/4PN2/5PPP/6K1 b - - 0 30,c1c8
43,EulerE,zluu11,1218,1241,2R5/5nkp/5pp1/1b1p4/3P4/4PN2/5PPP/6K1 w - - 1 31,g8g7
43,EulerE,zluu11,1218,1241,8/5nkp/5pp1/1bRp4/3P4/4PN2/5PPP/6K1 b - - 2 31,c8c5
43,EulerE,zluu11,1218,1241,8/3b1nkp/5pp1/2Rp4/3P4/4PN2/5PPP/6K1 w - - 3 32,b5d7
43,EulerE,zluu11,1218,1241,8/3b1nkp/5pp1/3R4/3P4/4PN2/5PPP/6K1 b - - 0 32,c5d5
43,EulerE,zluu11,1218,1241,8/5nkp/2b2pp1/3R4/3P4/4PN2/5PPP/6K1 w - - 1 33,d7c6
43,EulerE,zluu11,1218,1241,8/5nkp/2b2pp1/2R5/3P4/4PN2/5PPP/6K1 b - - 2 33,d5c5
43,EulerE,zluu11,1218,1241,8/5nkp/5pp1/2R5/3P4/4Pb2/5PPP/6K1 w - - 0 34,c6f3
43,EulerE,zluu11,1218,1241,8/5nkp/5pp1/2R5/3P4/4PP2/5P1P/6K1 b - - 0 34,g2f3
43,EulerE,zluu11,1218,1241,8/5n1p/5ppk/2R5/3P4/4PP2/5P1P/6K1 w - - 1 35,g7h6
43,EulerE,zluu11,1218,1241,8/5n1p/5ppk/2R5/3P4/4PP2/5PKP/8 b - - 2 35,g1g2
43,EulerE,zluu11,1218,1241,8/7p/5ppk/2R3n1/3P4/4PP2/5PKP/8 w - - 3 36,f7g5
43,EulerE,zluu11,1218,1241,8/7p/5ppk/2RP2n1/8/4PP2/5PKP/8 b - - 0 36,d4d5
43,EulerE,zluu11,1218,1241,8/5n1p/5ppk/2RP4/8/4PP2/5PKP/8 w - - 1 37,g5f7
43,EulerE,zluu11,1218,1241,8/2R2n1p/5ppk/3P4/8/4PP2/5PKP/8 b - - 2 37,c5c7
43,EulerE,zluu11,1218,1241,8/2R4p/5ppk/3Pn3/8/4PP2/5PKP/8 w - - 3 38,f7e5
43,EulerE,zluu11,1218,1241,8/2R4p/3P1ppk/4n3/8/4PP2/5PKP/8 b - - 0 38,d5d6
43,EulerE,zluu11,1218,1241,8/2R2n1p/3P1ppk/8/8/4PP2/5PKP/8 w - - 1 39,e5f7
43,EulerE,zluu11,1218,1241,8/5R1p/3P1ppk/8/8/4PP2/5PKP/8 b - - 0 39,c7f7
44,Ilozam67,EulerE,1231,1227,rnbqkbnr/pppppppp/8/8/8/5N2/PPPPPPPP/RNBQKB1R b KQkq - 1 1,g1f3
44,Ilozam67,EulerE,1231,1227,rnbqkbnr/ppp1pppp/8/3p4/8/5N2/PPPPPPPP/RNBQKB1R w KQkq - 0 2,d7d5
44,Ilozam67,EulerE,1231,1227,rnbqkbnr/ppp1pppp/8/3p4/3P4/5N2/PPP1PPPP/RNBQKB1R b KQkq - 0 2,d2d4
44,Ilozam67,EulerE,1231,1227,r1bqkbnr/ppp1pppp/2n5/3p4/3P4/5N2/PPP1PPPP/RNBQKB1R w KQkq - 1 3,b8c6
44,Ilozam67,EulerE,1231,1227,r1bqkbnr/ppp1pppp/2n5/3p4/3P4/2P2N2/PP2PPPP/RNBQKB1R b KQkq - 0 3,c2c3
44,Ilozam67,EulerE,1231,1227,r1bqkbnr/ppp1pp1p/2n3p1/3p4/3P4/2P2N2/PP2PPPP/RNBQKB1R w KQkq - 0 4,g7g6
44,Ilozam67,EulerE,1231,1227,r1bqkbnr/ppp1pp1p/2n3p1/3p4/3P1B2/2P2N2/PP2PPPP/RN1QKB1R b KQkq - 1 4,c1f4
44,Ilozam67,EulerE,1231,1227,r1bqk1nr/ppp1ppbp/2n3p1/3p4/3P1B2/2P2N2/PP2PPPP/RN1QKB1R w KQkq - 2 5,f8g7
44,Ilozam67,EulerE,1231,1227,r1bqk1nr/ppp1ppbp/2n3p1/3pB3/3P4/2P2N2/PP2PPPP/RN1QKB1R b KQkq - 3 5,f4e5
44,Ilozam67,EulerE,1231,1227,r1bqk1nr/ppp1pp1p/2n3p1/3pb3/3P4/2P2N2/PP2PPPP/RN1QKB1R w KQkq - 0 6,g7e5
44,Ilozam67,EulerE,1231,1227,r1bqk1nr/ppp1pp1p/2n3p1/3pP3/8/2P2N2/PP2PPPP/RN1QKB1R b KQkq - 0 6,d4e5
44,Ilozam67,EulerE,1231,1227,r2qk1nr/ppp1pp1p/2n3p1/3pP3/6b1/2P2N2/PP2PPPP/RN1QKB1R w KQkq - 1 7,c8g4
44,Ilozam67,EulerE,1231,1227,r2qk1nr/ppp1pp1p/2n3p1/3pP3/3N2b1/2P5/PP2PPPP/RN1QKB1R b KQkq - 2 7,f3d4
44,Ilozam67,EulerE,1231,1227,r2qk1nr/pppbpp1p/2n3p1/3pP3/3N4/2P5/PP2PPPP/RN1QKB1R w KQkq - 3 8,g4d7
44,Ilozam67,EulerE,1231,1227,r2qk1nr/pppbpp1p/2n3p1/3pP3/3N4/2P3P1/PP2PP1P/RN1QKB1R b KQkq - 0 8,g2g3
44,Ilozam67,EulerE,1231,1227,r2qk1nr/pppb1p1p/2n1p1p1/3pP3/3N4/2P3P1/PP2PP1P/RN1QKB1R w KQkq - 0 9,e7e6
44,Ilozam67,EulerE,1231,1227,r2qk1nr/pppb1p1p/2n1p1p1/3pP3/P2N4/2P3P1/1P2PP1P/RN1QKB1R b KQkq - 0 9,a2a4
44,Ilozam67,EulerE,1231,1227,r2qk1nr/pppb1p1p/4p1p1/3pn3/P2N4/2P3P1/1P2PP1P/RN1QKB1R w KQkq - 0 10,c6e5
44,Ilozam67,EulerE,1231,1227,r2qk1nr/pppb1p1p/4p1p1/3pn3/P2N4/2P1P1P1/1P3P1P/RN1QKB1R b KQkq - 0 10,e2e3
44,Ilozam67,EulerE,1231,1227,r2qk2r/pppb1p1p/4pnp1/3pn3/P2N4/2P1P1P1/1P3P1P/RN1QKB1R w KQkq - 1 11,g8f6
44,Ilozam67,EulerE,1231,1227,r2qk2r/pppb1p1p/4pnp1/3pn3/P2N1P2/2P1P1P1/1P5P/RN1QKB1R b KQkq - 0 11,f2f4
44,Ilozam67,EulerE,1231,1227,r2qk2r/pppb1p1p/2n1pnp1/3p4/P2N1P2/2P1P1P1/1P5P/RN1QKB1R w KQkq - 1 12,e5c6
44,Ilozam67,EulerE,1231,1227,r2qk2r/pppb1p1p/2n1pnp1/3p4/P2N1P2/2P1P1P1/1P4BP/RN1QK2R b KQkq - 2 12,f1g2
44,Ilozam67,EulerE,1231,1227,r2q1rk1/pppb1p1p/2n1pnp1/3p4/P2N1P2/2P1P1P1/1P4BP/RN1QK2R w KQ - 3 13,e8g8
44,Ilozam67,EulerE,1231,1227,r2q1rk1/pppb1p1p/2n1pnp1/3p4/P2N1P1P/2P1P1P1/1P4B1/RN1QK2R b KQ - 0 13,h2h4
44,Ilozam67,EulerE,1231,1227,r2q1rk1/pppb1p1p/4pnp1/3p4/P2n1P1P/2P1P1P1/1P4B1/RN1QK2R w KQ - 0 14,c6d4
44,Ilozam67,EulerE,1231,1227,r2q1rk1/pppb1p1p/4pnp1/3p4/P2Q1P1P/2P1P1P1/1P4B1/RN2K2R b KQ - 0 14,d1d4
44,Ilozam67,EulerE,1231,1227,r4rk1/pppbqp1p/4pnp1/3p4/P2Q1P1P/2P1P1P1/1P4B1/RN2K2R w KQ - 1 15,d8e7
44,Ilozam67,EulerE,1231,1227,r4rk1/pppbqp1p/4pnp1/3p4/PP1Q1P1P/2P1P1P1/6B1/RN2K2R b KQ - 0 15,b2b4
44,Ilozam67,EulerE,1231,1227,r4rk1/p1pbqp1p/1p2pnp1/3p4/PP1Q1P1P/2P1P1P1/6B1/RN2K2R w KQ - 0 16,b7b6
44,Ilozam67,EulerE,1231,1227,r4rk1/p1pbqp1p/1p2pnp1/3pQ3/PP3P1P/2P1P1P1/6B1/RN2K2R b KQ - 1 16,d4e5
44,Ilozam67,EulerE,1231,1227,r4rk1/p2bqp1p/1p2pnp1/2ppQ3/PP3P1P/2P1P1P1/6B1/RN2K2R w KQ - 0 17,c7c5
44,Ilozam67,EulerE,1231,1227,r4rk1/p2bqp1p/1p2pnp1/2PpQ3/P4P1P/2P1P1P1/6B1/RN2K2R b KQ - 0 17,b4c5
44,Ilozam67,EulerE,1231,1227,r4rk1/p2bqp1p/4pnp1/2ppQ3/P4P1P/2P1P1P1/6B1/RN2K2R w KQ - 0 18,b6c5
44,Ilozam67,EulerE,1231,1227,r4rk1/p2bqp1p/4pnp1/2ppQ3/P4P1P/N1P1P1P1/6B1/R3K2R b KQ - 1 18,b1a3
44,Ilozam67,EulerE,1231,1227,r4rk1/p3qp1p/4pnp1/2ppQ3/b4P1P/N1P1P1P1/6B1/R3K2R w KQ - 0 19,d7a4
44,Ilozam67,EulerE,1231,1227,r4rk1/p3qp1p/4pnp1/2ppQ3/b3PP1P/N1P3P1/6B1/R3K2R b KQ - 0 19,e3e4
44,Ilozam67,EulerE,1231,1227,r4rk1/p3qp1p/4p1p1/2ppQ3/b3nP1P/N1P3P1/6B1/R3K2R w KQ - 0 20,f6e4
44,Ilozam67,EulerE,1231,1227,r4rk1/p3qp1p/4p1p1/2ppQ3/b3BP1P/N1P3P1/8/R3K2R b KQ - 0 20,g2e4
44,Ilozam67,EulerE,1231,1227,r4rk1/p3qp1p/4p1p1/2p1Q3/b3pP1P/N1P3P1/8/R3K2R w KQ - 0 21,d5e4
44,Ilozam67,EulerE,1231,1227,r4rk1/p3qp1p/4p1p1/2p5/b3QP1P/N1P3P1/8/R3K2R b KQ - 0 21,e5e4
44,Ilozam67,EulerE,1231,1227,r4rk1/p2q1p1p/4p1p1/2p5/b3QP1P/N1P3P1/8/R3K2R w KQ - 1 22,e7d7
44,Ilozam67,EulerE,1231,1227,r4rk1/p2q1p1p/4p1p1/2p5/b1N1QP1P/2P3P1/8/R3K2R b KQ - 2 22,a3c4
44,Ilozam67,EulerE,1231,1227,r4rk1/p2q1p1p/2b1p1p1/2p5/2N1QP1P/2P3P1/8/R3K2R w KQ - 3 23,a4c6
44,Ilozam67,EulerE,1231,1227,r4rk1/p2q1p1p/2Q1p1p1/2p5/2N2P1P/2P3P1/8/R3K2R b KQ - 0 23,e4c6
44,Ilozam67,EulerE,1231,1227,r4rk1/p4p1p/2q1p1p1/2p5/2N2P1P/2P3P1/8/R3K2R w KQ - 0 24,d7c6
44,Ilozam67,EulerE,1231,1227,r4rk1/p4p1p/2q1p1p1/2p5/2N2P1P/2P3P1/3K4/R6R b - - 1 24,e1d2
44,Ilozam67,EulerE,1231,1227,r4rk1/p4p1p/4p1p1/2pq4/2N2P1P/2P3P1/3K4/R6R w - - 2 25,c6d5
44,Ilozam67,EulerE,1231,1227,r4rk1/p4p1p/4p1p1/2pq4/2N2P1P/2P3P1/2K5/R6R b - - 3 25,d2c2
44,Ilozam67,EulerE,1231,1227,r4rk1/p4p1p/4p1p1/2p5/2q2P1P/2P3P1/2K5/R6R w - - 0 26,d5c4
44,Ilozam67,EulerE,1231,1227,r4rk1/p4p1p/4p1p1/2p5/2q2P1P/2P3P1/2K5/R2R4 b - - 1 26,h1d1
44,Ilozam67,EulerE,1231,1227,r2r2k1/p4p1p/4p1p1/2p5/2q2P1P/2P3P1/2K5/R2R4 w - - 2 27,f8d8
44,Ilozam67,EulerE,1231,1227,r2R2k1/p4p1p/4p1p1/2p5/2q2P1P/2P3P1/2K5/R7 b - - 0 27,d1d8
44,Ilozam67,EulerE,1231,1227,3r2k1/p4p1p/4p1p1/2p5/2q2P1P/2P3P1/2K5/R7 w - - 0 28,a8d8
45,EulerE,Vecktre,1235,1234,rnbqkbnr/pppppppp/8/8/3P4/8/PPP1PPPP/RNBQKBNR b KQkq - 0 1,d2d4
45,EulerE,Vecktre,1235,1234,rnbqkbnr/ppp1pppp/8/3p4/3P4/8/PPP1PPPP/RNBQKBNR w KQkq - 0 2,d7d5
45,EulerE,Vecktre,1235,1234,rnbqkbnr/ppp1pppp/8/3p4/2PP4/8/PP2PPPP/RNBQKBNR b KQkq - 0 2,c2c4
45,EulerE,Vecktre,1235,1234,rnbqkbnr/ppp1pppp/8/8/2pP4/8/PP2PPPP/RNBQKBNR w KQkq - 0 3,d5c4
45,EulerE,Vecktre,1235,1234,rnbqkbnr/ppp1pppp/8/8/2pPP3/8/PP3PPP/RNBQKBNR b KQkq - 0 3,e2e4
45,EulerE,Vecktre,1235,1234,rnbqkbnr/ppp2ppp/4p3/8/2pPP3/8/PP3PPP/RNBQKBNR w KQkq - 0 4,e7e6
45,EulerE,Vecktre,1235,1234,rnbqkbnr/ppp2ppp/4p3/8/2pPP3/5N2/PP3PPP/RNBQKB1R b KQkq - 1 4,g1f3
45,EulerE,Vecktre,1235,1234,r1bqkbnr/ppp2ppp/2n1p3/8/2pPP3/5N2/PP3PPP/RNBQKB1R w KQkq - 2 5,b8c6
45,EulerE,Vecktre,1235,1234,r1bqkbnr/ppp2ppp/2n1p3/8/2BPP3/5N2/PP3PPP/RNBQK2R b KQkq - 0 5,f1c4
45,EulerE,Vecktre,1235,1234,r1bqkb1r/ppp2ppp/2n1pn2/8/2BPP3/5N2/PP3PPP/RNBQK2R w KQkq - 1 6,g8f6
45,EulerE,Vecktre,1235,1234,r1bqkb1r/ppp2ppp/2n1pn2/3P4/2B1P3/5N2/PP3PPP/RNBQK2R b KQkq - 0 6,d4d5
45,EulerE,Vecktre,1235,1234,r1bqkb1r/ppp2ppp/2n2n2/3p4/2B1P3/5N2/PP3PPP/RNBQK2R w KQkq - 0 7,e6d5
45,EulerE,Vecktre,1235,1234,r1bqkb1r/ppp2ppp/2n2n2/3P4/2B5/5N2/PP3PPP/RNBQK2R b KQkq - 0 7,e4d5
45,EulerE,Vecktre,1235,1234,r1bqkb1r/ppp2ppp/5n2/n2P4/2B5/5N2/PP3PPP/RNBQK2R w KQkq - 1 8,c6a5
45,EulerE,Vecktre,1235,1234,r1bqkb1r/ppp2ppp/5n2/n2PN3/2B5/8/PP3PPP/RNBQK2R b KQkq - 2 8,f3e5
45,EulerE,Vecktre,1235,1234,r1bqkb1r/ppp2ppp/5n2/3PN3/2n5/8/PP3PPP/RNBQK2R w KQkq - 0 9,a5c4
45,EulerE,Vecktre,1235,1234,r1bqkb1r/ppp2ppp/5n2/3P4/2N5/8/PP3PPP/RNBQK2R b KQkq - 0 9,e5c4
45,EulerE,Vecktre,1235,1234,r1bqkb1r/ppp2ppp/8/3n4/2N5/8/PP3PPP/RNBQK2R w KQkq - 0 10,f6d5
45,EulerE,Vecktre,1235,1234,r1bqkb1r/ppp2ppp/8/3n4/2N5/2N5/PP3PPP/R1BQK2R b KQkq - 1 10,b1c3
45,EulerE,Vecktre,1235,1234,r2qkb1r/ppp2ppp/4b3/3n4/2N5/2N5/PP3PPP/R1BQK2R w KQkq - 2 11,c8e6
45,EulerE,Vecktre,1235,1234,r2qkb1r/ppp2ppp/4b3/3n4/8/2N1N3/PP3PPP/R1BQK2R b KQkq - 3 11,c4e3
45,EulerE,Vecktre,1235,1234,r2qk2r/ppp2ppp/4b3/3n4/1b6/2N1N3/PP3PPP/R1BQK2R w KQkq - 4 12,f8b4
45,EulerE,Vecktre,1235,1234,r2qk2r/ppp2ppp/4b3/3N4/1b6/2N5/PP3PPP/R1BQK2R b KQkq - 0 12,e3d5
45,EulerE,Vecktre,1235,1234,r2qk2r/ppp2ppp/8/3b4/1b6/2N5/PP3PPP/R1BQK2R w KQkq - 0 13,e6d5
45,EulerE,Vecktre,1235,1234,r2qk2r/ppp2ppp/8/3b4/Qb6/2N5/PP3PPP/R1B1K2R b KQkq - 1 13,d1a4
45,EulerE,Vecktre,1235,1234,r2qk2r/pp3ppp/2p5/3b4/Qb6/2N5/PP3PPP/R1B1K2R w KQkq - 0 14,c7c6
45,EulerE,Vecktre,1235,1234,r2qk2r/pp3ppp/2p5/3b4/1Q6/2N5/PP3PPP/R1B1K2R b KQkq - 0 14,a4b4
45,EulerE,Vecktre,1235,1234,r2qk2r/pp3ppp/2p5/8/1Q6/2N5/PP3PbP/R1B1K2R w KQkq - 0 15,d5g2
45,EulerE,Vecktre,1235,1234,r2qk2r/pp3ppp/2p5/8/1Q6/2N5/PP3PbP/R1B1K1R1 b Qkq - 1 15,h1g1
45,EulerE,Vecktre,1235,1234,r2qk2r/1p3ppp/2p5/p7/1Q6/2N5/PP3PbP/R1B1K1R1 w Qkq - 0 16,a7a5
45,EulerE,Vecktre,1235,1234,r2qk2r/1p3ppp/2p5/p7/5Q2/2N5/PP3PbP/R1B1K1R1 b Qkq - 1 16,b4f4
45,EulerE,Vecktre,1235,1234,r3k2r/1p2qppp/2p5/p7/5Q2/2N5/PP3PbP/R1B1K1R1 w Qkq - 2 17,d8e7
45,EulerE,Vecktre,1235,1234,r3k2r/1p2qppp/2p5/p7/8/2N1Q3/PP3PbP/R1B1K1R1 b Qkq - 3 17,f4e3
45,EulerE,Vecktre,1235,1234,r3k2r/1p3ppp/2p5/p7/8/2N1q3/PP3PbP/R1B1K1R1 w Qkq - 0 18,e7e3
45,EulerE,Vecktre,1235,1234,r3k2r/1p3ppp/2p5/p7/8/2N1B3/PP3PbP/R3K1R1 b Qkq - 0 18,c1e3
45,EulerE,Vecktre,1235,1234,r3k2r/1p3ppp/2p5/p7/8/2N1Bb2/PP3P1P/R3K1R1 w Qkq - 1 19,g2f3
45,EulerE,Vecktre,1235,1234,r3k2r/1p3ppp/2p5/p7/8/2N1BbR1/PP3P1P/R3K3 b Qkq - 2 19,g1g3
45,EulerE,Vecktre,1235,1234,r3k2r/1p3ppp/2p5/p2b4/8/2N1B1R1/PP3P1P/R3K3 w Qkq - 3 20,f3d5
45,EulerE,Vecktre,1235,1234,r3k2r/1p3ppp/2p5/p2b4/8/2N1B1R1/PP3P1P/2KR4 b kq - 4 20,e1c1
45,EulerE,Vecktre,1235,1234,r4rk1/1p3ppp/2p5/p2b4/8/2N1B1R1/PP3P1P/2KR4 w - - 5 21,e8g8
45,EulerE,Vecktre,1235,1234,r4rk1/1p3ppp/2p5/p2b4/3B4/2N3R1/PP3P1P/2KR4 b - - 6 21,e3d4
45,EulerE,Vecktre,1235,1234,r4rk1/1p3p1p/2p3p1/p2b4/3B4/2N3R1/PP3P1P/2KR4 w - - 0 22,g7g6
45,EulerE,Vecktre,1235,1234,r4rk1/1p3p1p/2p3p1/p2b4/3B3P/2N3R1/PP3P2/2KR4 b - - 0 22,h2h4
45,EulerE,Vecktre,1235,1234,r4rk1/1p3p2/2p3p1/p2b3p/3B3P/2N3R1/PP3P2/2KR4 w - - 0 23,h7h5
45,EulerE,Vecktre,1235,1234,r4rk1/1p3p2/2p3p1/p2b3p/3B1P1P/2N3R1/PP6/2KR4 b - - 0 23,f2f4
45,EulerE,Vecktre,1235,1234,3r1rk1/1p3p2/2p3p1/p2b3p/3B1P1P/2N3R1/PP6/2KR4 w - - 1 24,a8d8
45,EulerE,Vecktre,1235,1234,3r1rk1/1p3p2/2p3p1/p2b1P1p/3B3P/2N3R1/PP6/2KR4 b - - 0 24,f4f5
45,EulerE,Vecktre,1235,1234,3r1rk1/1p3p2/2p3p1/p4P1p/3Bb2P/2N3R1/PP6/2KR4 w - - 1 25,d5e4
45,EulerE,Vecktre,1235,1234,3r1rk1/1p3p2/2p3p1/p4P1p/3BN2P/6R1/PP6/2KR4 b - - 0 25,c3e4
46,EulerE,AaribtheChamp,1244,1251,rnbqkbnr/pppppppp/8/8/3P4/8/PPP1PPPP/RNBQKBNR b KQkq - 0 1,d2d4
46,EulerE,AaribtheChamp,1244,1251,rnbqkbnr/pppp1ppp/4p3/8/3P4/8/PPP1PPPP/RNBQKBNR w KQkq - 0 2,e7e6
46,EulerE,AaribtheChamp,1244,1251,rnbqkbnr/pppp1ppp/4p3/8/3PP3/8/PPP2PPP/RNBQKBNR b KQkq - 0 2,e2e4
46,EulerE,AaribtheChamp,1244,1251,rnbqkbnr/ppp2ppp/4p3/3p4/3PP3/8/PPP2PPP/RNBQKBNR w KQkq - 0 3,d7d5
46,EulerE,AaribtheChamp,1244,1251,rnbqkbnr/ppp2ppp/4p3/3P4/3P4/8/PPP2PPP/RNBQKBNR b KQkq - 0 3,e4d5
46,EulerE,AaribtheChamp,1244,1251,rnbqkbnr/ppp2ppp/8/3p4/3P4/8/PPP2PPP/RNBQKBNR w KQkq - 0 4,e6d5
46,EulerE,AaribtheChamp,1244,1251,rnbqkbnr/ppp2ppp/8/3p4/3P4/5N2/PPP2PPP/RNBQKB1R b KQkq - 1 4,g1f3
46,EulerE,AaribtheChamp,1244,1251,r1bqkbnr/ppp2ppp/2n5/3p4/3P4/5N2/PPP2PPP/RNBQKB1R w KQkq - 2 5,b8c6
46,EulerE,AaribtheChamp,1244,1251,r1bqkbnr/ppp2ppp/2n5/1B1p4/3P4/5N2/PPP2PPP/RNBQK2R b KQkq - 3 5,f1b5
46,EulerE,AaribtheChamp,1244,1251,r2qkbnr/pppb1ppp/2n5/1B1p4/3P4/5N2/PPP2PPP/RNBQK2R w KQkq - 4 6,c8d7
46,EulerE,AaribtheChamp,1244,1251,r2qkbnr/pppb1ppp/2n5/1B1p4/3P4/2N2N2/PPP2PPP/R1BQK2R b KQkq - 5 6,b1c3
46,EulerE,AaribtheChamp,1244,1251,r2qkbnr/1ppb1ppp/p1n5/1B1p4/3P4/2N2N2/PPP2PPP/R1BQK2R w KQkq - 0 7,a7a6
46,EulerE,AaribtheChamp,1244,1251,r2qkbnr/1ppb1ppp/p1n5/1B1p4/3P4/2N2N2/PPP1QPPP/R1B1K2R b KQkq - 1 7,d1e2
46,EulerE,AaribtheChamp,1244,1251,r2qk1nr/1ppbbppp/p1n5/1B1p4/3P4/2N2N2/PPP1QPPP/R1B1K2R w KQkq - 2 8,f8e7
46,EulerE,AaribtheChamp,1244,1251,r2qk1nr/1ppbbppp/p1n5/3p4/3P4/2NB1N2/PPP1QPPP/R1B1K2R b KQkq - 3 8,b5d3
46,EulerE,AaribtheChamp,1244,1251,r2qk2r/1ppbbppp/p1n2n2/3p4/3P4/2NB1N2/PPP1QPPP/R1B1K2R w KQkq - 4 9,g8f6
46,EulerE,AaribtheChamp,1244,1251,r2qk2r/1ppbbppp/p1n2n2/3p2B1/3P4/2NB1N2/PPP1QPPP/R3K2R b KQkq - 5 9,c1g5
46,EulerE,AaribtheChamp,1244,1251,r2q1rk1/1ppbbppp/p1n2n2/3p2B1/3P4/2NB1N2/PPP1QPPP/R3K2R w KQ - 6 10,e8g8
46,EulerE,AaribtheChamp,1244,1251,r2q1rk1/1ppbbppp/p1n2B2/3p4/3P4/2NB1N2/PPP1QPPP/R3K2R b KQ - 0 10,g5f6
46,EulerE,AaribtheChamp,1244,1251,r2q1rk1/1ppb1ppp/p1n2b2/3p4/3P4/2NB1N2/PPP1QPPP/R3K2R w KQ - 0 11,e7f6
46,EulerE,AaribtheChamp,1244,1251,r2q1rk1/1ppb1ppp/p1n2b2/3p4/3P4/2NB1N2/PPP1QPPP/R4RK1 b - - 1 11,e1g1
46,EulerE,AaribtheChamp,1244,1251,r2q1rk1/1ppb1ppp/p4b2/3p4/3n4/2NB1N2/PPP1QPPP/R4RK1 w - - 0 12,c6d4
46,EulerE,AaribtheChamp,1244,1251,r2q1rk1/1ppb1ppp/p4b2/3p4/3N4/2NB4/PPP1QPPP/R4RK1 b - - 0 12,f3d4
46,EulerE,AaribtheChamp,1244,1251,r2q1rk1/1ppb1ppp/p7/3p4/3b4/2NB4/PPP1QPPP/R4RK1 w - - 0 13,f6d4
46,EulerE,AaribtheChamp,1244,1251,r2q1rk1/1ppb1ppp/p7/3N4/3b4/3B4/PPP1QPPP/R4RK1 b - - 0 13,c3d5
46,EulerE,AaribtheChamp,1244,1251,r2q1rk1/1ppb1ppp/p7/3N4/8/3B4/PbP1QPPP/R4RK1 w - - 0 14,d4b2
46,EulerE,AaribtheChamp,1244,1251,r2q1rk1/1ppb1ppp/p7/3N4/8/3B4/PbP1QPPP/1R3RK1 b - - 1 14,a1b1
46,EulerE,AaribtheChamp,1244,1251,r2q1rk1/1ppb1ppp/p7/3N4/3b4/3B4/P1P1QPPP/1R3RK1 w - - 2 15,b2d4
46,EulerE,AaribtheChamp,1244,1251,r2q1rk1/1Rpb1ppp/p7/3N4/3b4/3B4/P1P1QPPP/5RK1 b - - 0 15,b1b7
46,EulerE,AaribtheChamp,1244,1251,r2q1rk1/1Rp2ppp/p1b5/3N4/3b4/3B4/P1P1QPPP/5RK1 w - - 1 16,d7c6
46,EulerE,AaribtheChamp,1244,1251,r2q1rk1/1Rp2ppB/p1b5/3N4/3b4/8/P1P1QPPP/5RK1 b - - 0 16,d3h7
46,EulerE,AaribtheChamp,1244,1251,r2q1r2/1Rp2ppk/p1b5/3N4/3b4/8/P1P1QPPP/5RK1 w - - 0 17,g8h7
46,EulerE,AaribtheChamp,1244,1251,r2q1r2/1Rp2ppk/p1b5/3N4/3bQ3/8/P1P2PPP/5RK1 b - - 1 17,e2e4
46,EulerE,AaribtheChamp,1244,1251,r2q1rk1/1Rp2pp1/p1b5/3N4/3bQ3/8/P1P2PPP/5RK1 w - - 2 18,h7g8
46,EulerE,AaribtheChamp,1244,1251,r2q1rk1/1Rp1Npp1/p1b5/8/3bQ3/8/P1P2PPP/5RK1 b - - 3 18,d5e7
46,EulerE,AaribtheChamp,1244,1251,r2q1r1k/1Rp1Npp1/p1b5/8/3bQ3/8/P1P2PPP/5RK1 w - - 4 19,g8h8
46,EulerE,AaribtheChamp,1244,1251,r2q1r1k/1Rp1Npp1/p1b5/8/3b3Q/8/P1P2PPP/5RK1 b - - 5 19,e4h4
47,ragde42,EulerE,1252,1252,rnbqkbnr/pppppppp/8/8/4P3/8/PPPP1PPP/RNBQKBNR b KQkq - 0 1,e2e4
47,ragde42,EulerE,1252,1252,rnbqkbnr/pppp1ppp/8/4p3/4P3/8/PPPP1PPP/RNBQKBNR w KQkq - 0 2,e7e5
47,ragde42,EulerE,1252,1252,rnbqkbnr/pppp1ppp/8/4p3/4P3/5N2/PPPP1PPP/RNBQKB1R b KQkq - 1 2,g1f3
47,ragde42,EulerE,1252,1252,r1bqkbnr/pppp1ppp/2n5/4p3/4P3/5N2/PPPP1PPP/RNBQKB1R w KQkq - 2 3,b8c6
47,ragde42,EulerE,1252,1252,r1bqkbnr/pppp1ppp/2n5/4p3/4P3/2P2N2/PP1P1PPP/RNBQKB1R b KQkq - 0 3,c2c3
47,ragde42,EulerE,1252,1252,r1bqkbnr/pppp2pp/2n5/4pp2/4P3/2P2N2/PP1P1PPP/RNBQKB1R w KQkq - 0 4,f7f5
47,ragde42,EulerE,1252,1252,r1bqkbnr/pppp2pp/2n5/4pP2/8/2P2N2/PP1P1PPP/RNBQKB1R b KQkq - 0 4,e4f5
47,ragde42,EulerE,1252,1252,r1bqkbnr/ppp3pp/2n5/3ppP2/8/2P2N2/PP1P1PPP/RNBQKB1R w KQkq - 0 5,d7d5
47,ragde42,EulerE,1252,1252,r1bqkbnr/ppp3pp/2n5/3ppP2/8/2PP1N2/PP3PPP/RNBQKB1R b KQkq - 0 5,d2d3
47,ragde42,EulerE,1252,1252,r2qkbnr/ppp3pp/2n5/3ppb2/8/2PP1N2/PP3PPP/RNBQKB1R w KQkq - 0 6,c8f5
47,ragde42,EulerE,1252,1252,r2qkbnr/ppp3pp/2n5/3ppb2/8/2PPBN2/PP3PPP/RN1QKB1R b KQkq - 1 6,c1e3
47,ragde42,EulerE,1252,1252,r2qkbnr/ppp3pp/2n5/4pb2/3p4/2PPBN2/PP3PPP/RN1QKB1R w KQkq - 0 7,d5d4
47,ragde42,EulerE,1252,1252,r2qkbnr/ppp3pp/2n5/4pb2/3P4/3PBN2/PP3PPP/RN1QKB1R b KQkq - 0 7,c3d4
47,ragde42,EulerE,1252,1252,r2qkbnr/ppp3pp/2n5/5b2/3p4/3PBN2/PP3PPP/RN1QKB1R w KQkq - 0 8,e5d4
47,ragde42,EulerE,1252,1252,r2qkbnr/ppp3pp/2n5/5b2/3N4/3PB3/PP3PPP/RN1QKB1R b KQkq - 0 8,f3d4
47,ragde42,EulerE,1252,1252,r2qkbnr/ppp3pp/8/5b2/3n4/3PB3/PP3PPP/RN1QKB1R w KQkq - 0 9,c6d4
47,ragde42,EulerE,1252,1252,r2qkbnr/ppp3pp/8/5b2/Q2n4/3PB3/PP3PPP/RN2KB1R b KQkq - 1 9,d1a4
47,ragde42,EulerE,1252,1252,r2qkbnr/ppp3pp/2n5/5b2/Q7/3PB3/PP3PPP/RN2KB1R w KQkq - 2 10,d4c6
47,ragde42,EulerE,1252,1252,r2qkbnr/ppp3pp/2n5/5b2/Q7/3PB3/PP2BPPP/RN2K2R b KQkq - 3 10,f1e2
47,ragde42,EulerE,1252,1252,r2qkb1r/ppp3pp/2n2n2/5b2/Q7/3PB3/PP2BPPP/RN2K2R w KQkq - 4 11,g8f6
47,ragde42,EulerE,1252,1252,r2qkb1r/ppp3pp/2n2n2/5b2/Q7/3PB3/PP2BPPP/RN3RK1 b kq - 5 11,e1g1
47,ragde42,EulerE,1252,1252,r2qk2r/ppp1b1pp/2n2n2/5b2/Q7/3PB3/PP2BPPP/RN3RK1 w kq - 6 12,f8e7
47,ragde42,EulerE,1252,1252,r2qk2r/ppp1b1pp/2n2n2/5b2/Q7/2NPB3/PP2BPPP/R4RK1 b kq - 7 12,b1c3
47,ragde42,EulerE,1252,1252,r2q1rk1/ppp1b1pp/2n2n2/5b2/Q7/2NPB3/PP2BPPP/R4RK1 w - - 8 13,e8g8
47,ragde42,EulerE,1252,1252,r2q1rk1/ppp1b1pp/2n2n2/5b2/Q7/2NPB3/PP2BPPP/3R1RK1 b - - 9 13,a1d1
47,ragde42,EulerE,1252,1252,r2q1rk1/ppp1b1pp/2n5/3n1b2/Q7/2NPB3/PP2BPPP/3R1RK1 w - - 10 14,f6d5
47,ragde42,EulerE,1252,1252,r2q1rk1/ppp1b1pp/2n5/3N1b2/Q7/3PB3/PP2BPPP/3R1RK1 b - - 0 14,c3d5
47,ragde42,EulerE,1252,1252,r4rk1/ppp1b1pp/2n5/3q1b2/Q7/3PB3/PP2BPPP/3R1RK1 w - - 0 15,d8d5
47,ragde42,EulerE,1252,1252,r4rk1/ppp1b1pp/2n5/3q1b2/Q7/3PBB2/PP3PPP/3R1RK1 b - - 1 15,e2f3
47,ragde42,EulerE,1252,1252,r4rk1/ppp1b1pp/2nq4/5b2/Q7/3PBB2/PP3PPP/3R1RK1 w - - 2 16,d5d6
47,ragde42,EulerE,1252,1252,r4rk1/ppp1b1pp/2nq4/5b2/2Q5/3PBB2/PP3PPP/3R1RK1 b - - 3 16,a4c4
47,ragde42,EulerE,1252,1252,r4rk1/ppp1b1pp/2nqb3/8/2Q5/3PBB2/PP3PPP/3R1RK1 w - - 4 17,f5e6
47,ragde42,EulerE,1252,1252,r4rk1/ppp1b1pp/2nqb3/8/8/3PBB2/PPQ2PPP/3R1RK1 b - - 5 17,c4c2
47,ragde42,EulerE,1252,1252,r4rk1/ppp1b1pp/3qb3/8/3n4/3PBB2/PPQ2PPP/3R1RK1 w - - 6 18,c6d4
47,ragde42,EulerE,1252,1252,r4rk1/ppp1b1pp/3qb3/8/3B4/3P1B2/PPQ2PPP/3R1RK1 b - - 0 18,e3d4
47,ragde42,EulerE,1252,1252,r4rk1/ppp1b1pp/4b3/8/3q4/3P1B2/PPQ2PPP/3R1RK1 w - - 0 19,d6d4
47,ragde42,EulerE,1252,1252,r4rk1/ppp1b1pp/4b3/8/3q4/3P1B2/PP2QPPP/3R1RK1 b - - 1 19,c2e2
47,ragde42,EulerE,1252,1252,r4rk1/ppp1b1pp/3qb3/8/8/3P1B2/PP2QPPP/3R1RK1 w - - 2 20,d4d6
47,ragde42,EulerE,1252,1252,r4rk1/ppp1b1pp/3qb3/8/8/3P1B2/PP2QPPP/3RR1K1 b - - 3 20,f1e1
47,ragde42,EulerE,1252,1252,r5k1/ppp1b1pp/3qbr2/8/8/3P1B2/PP2QPPP/3RR1K1 w - - 4 21,f8f6
47,ragde42,EulerE,1252,1252,r5k1/ppp1b1pp/3qbr2/8/8/1P1P1B2/P3QPPP/3RR1K1 b - - 0 21,b2b3
47,ragde42,EulerE,1252,1252,r7/ppp1bkpp/3qbr2/8/8/1P1P1B2/P3QPPP/3RR1K1 w - - 1 22,g8f7
47,ragde42,EulerE,1252,1252,r7/ppp1bkpp/3qbr2/8/8/1P1P1B1P/P3QPP1/3RR1K1 b - - 0 22,h2h3
47,ragde42,EulerE,1252,1252,1r6/ppp1bkpp/3qbr2/8/8/1P1P1B1P/P3QPP1/3RR1K1 w - - 1 23,a8b8
47,ragde42,EulerE,1252,1252,1r6/ppp1bkpp/3qbr2/8/6B1/1P1P3P/P3QPP1/3RR1K1 b - - 2 23,f3g4
47,ragde42,EulerE,1252,1252,1r6/ppp1bkpp/3q1r2/8/6b1/1P1P3P/P3QPP1/3RR1K1 w - - 0 24,e6g4
47,ragde42,EulerE,1252,1252,1r6/ppp1bkpp/3q1r2/8/6Q1/1P1P3P/P4PP1/3RR1K1 b - - 0 24,e2g4
47,ragde42,EulerE,1252,1252,1r6/ppp1bkpp/3qr3/8/6Q1/1P1P3P/P4PP1/3RR1K1 w - - 1 25,f6e6
47,ragde42,EulerE,1252,1252,1r6/ppp1bkpp/3qr3/5Q2/8/1P1P3P/P4PP1/3RR1K1 b - - 2 25,g4f5
47,ragde42,EulerE,1252,1252,1r6/ppp1bkpp/3q1r2/5Q2/8/1P1P3P/P4PP1/3RR1K1 w - - 3 26,e6f6
47,ragde42,EulerE,1252,1252,1r6/ppp1bkpp/3q1r2/7Q/8/1P1P3P/P4PP1/3RR1K1 b - - 4 26,f5h5
47,ragde42,EulerE,1252,1252,1r4k1/ppp1b1pp/3q1r2/7Q/8/1P1P3P/P4PP1/3RR1K1 w - - 5 27,f7g8
47,ragde42,EulerE,1252,1252,1r4k1/ppp1b1pp/3q1r2/8/6Q1/1P1P3P/P4PP1/3RR1K1 b - - 6 27,h5g4
47,ragde42,EulerE,1252,1252,1r4k1/ppp1b1pp/1q3r2/8/6Q1/1P1P3P/P4PP1/3RR1K1 w - - 7 28,d6b6
47,ragde42,EulerE,1252,1252,1r4k1/ppp1b1pp/1q3r2/8/2Q5/1P1P3P/P4PP1/3RR1K1 b - - 8 28,g4c4
47,ragde42,EulerE,1252,1252,1r5k/ppp1b1pp/1q3r2/8/2Q5/1P1P3P/P4PP1/3RR1K1 w - - 9 29,g8h8
47,ragde42,EulerE,1252,1252,1r5k/ppp1R1pp/1q3r2/8/2Q5/1P1P3P/P4PP1/3R2K1 b - - 0 29,e1e7
47,ragde42,EulerE,1252,1252,1r5k/ppp1R1pp/5r2/8/2Q5/1P1P3P/P4qP1/3R2K1 w - - 0 30,b6f2
47,ragde42,EulerE,1252,1252,1r5k/ppp1R1pp/5r2/8/2Q5/1P1P3P/P4qPK/3R4 b - - 1 30,g1h2
47,ragde42,EulerE,1252,1252,1r5k/ppp1R1pp/1q3r2/8/2Q5/1P1P3P/P5PK/3R4 w - - 2 31,f2b6
47,ragde42,EulerE,1252,1252,1r5k/ppp1R1pp/1q3r2/8/2QP4/1P5P/P5PK/3R4 b - - 0 31,d3d4
47,ragde42,EulerE,1252,1252,1r5k/ppp1R1pp/3q1r2/8/2QP4/1P5P/P5PK/3R4 w - - 1 32,b6d6
47,ragde42,EulerE,1252,1252,1r5k/ppp3pp/3q1r2/4R3/2QP4/1P5P/P5PK/3R4 b - - 2 32,e7e5
47,ragde42,EulerE,1252,1252,4r2k/ppp3pp/3q1r2/4R3/2QP4/1P5P/P5PK/3R4 w - - 3 33,b8e8
47,ragde42,EulerE,1252,1252,4r2k/ppp3pp/3q1r2/4R3/2QP4/1P5P/P5PK/4R3 b - - 4 33,d1e1
47,ragde42,EulerE,1252,1252,4r2k/ppp3pp/3q4/4Rr2/2QP4/1P5P/P5PK/4R3 w - - 5 34,f6f5
47,ragde42,EulerE,1252,1252,4r2k/ppp3pp/3q4/4Rr2/2QP4/1P5P/P5P1/4R1K1 b - - 6 34,h2g1
47,ragde42,EulerE,1252,1252,4r2k/ppp3pp/3q4/4r3/2QP4/1P5P/P5P1/4R1K1 w - - 0 35,f5e5
47,ragde42,EulerE,1252,1252,4r2k/ppp3pp/3q4/4R3/2QP4/1P5P/P5P1/6K1 b - - 0 35,e1e5
47,ragde42,EulerE,1252,1252,7k/ppp3pp/3q4/4r3/2QP4/1P5P/P5P1/6K1 w - - 0 36,e8e5
47,ragde42,EulerE,1252,1252,7k/ppp3pp/3q4/4P3/2Q5/1P5P/P5P1/6K1 b - - 0 36,d4e5
47,ragde42,EulerE,1252,1252,7k/ppp3pp/8/4q3/2Q5/1P5P/P5P1/6K1 w - - 0 37,d6e5
47,ragde42,EulerE,1252,1252,7k/ppp3pp/8/4q3/P1Q5/1P5P/6P1/6K1 b - - 0 37,a2a4
47,ragde42,EulerE,1252,1252,7k/ppp3p1/7p/4q3/P1Q5/1P5P/6P1/6K1 w - - 0 38,h7h6
47,ragde42,EulerE,1252,1252,7k/ppp3p1/7p/4q3/PPQ5/7P/6P1/6K1 b - - 0 38,b3b4
47,ragde42,EulerE,1252,1252,7k/1pp3p1/7p/p3q3/PPQ5/7P/6P1/6K1 w - - 0 39,a7a5
47,ragde42,EulerE,1252,1252,7k/1pp3p1/7p/pP2q3/P1Q5/7P/6P1/6K1 b - - 0 39,b4b5
47,ragde42,EulerE,1252,1252,7k/2p3p1/1p5p/pP2q3/P1Q5/7P/6P1/6K1 w - - 0 40,b7b6
47,ragde42,EulerE,1252,1252,7k/2p3p1/1p5p/pP2q3/P5Q1/7P/6P1/6K1 b - - 1 40,c4g4
47,ragde42,EulerE,1252,1252,6k1/2p3p1/1p5p/pP2q3/P5Q1/7P/6P1/6K1 w - - 2 41,h8g8
47,ragde42,EulerE,1252,1252,6k1/2p3p1/1p5p/pP2q3/P5QP/8/6P1/6K1 b - - 0 41,h3h4
47,ragde42,EulerE,1252,1252,5k2/2p3p1/1p5p/pP2q3/P5QP/8/6P1/6K1 w - - 1 42,g8f8
47,ragde42,EulerE,1252,1252,5k2/2p3p1/1p5p/pP2q3/P6P/5Q2/6P1/6K1 b - - 2 42,g4f3
47,ragde42,EulerE,1252,1252,8/2p1k1p1/1p5p/pP2q3/P6P/5Q2/6P1/6K1 w - - 3 43,f8e7
47,ragde42,EulerE,1252,1252,8/2p1k1p1/1p5p/pP2q2P/P7/5Q2/6P1/6K1 b - - 0 43,h4h5
47,ragde42,EulerE,1252,1252,8/2p3p1/1p1k3p/pP2q2P/P7/5Q2/6P1/6K1 w - - 1 44,e7d6
47,ragde42,EulerE,1252,1252,5Q2/2p3p1/1p1k3p/pP2q2P/P7/8/6P1/6K1 b - - 2 44,f3f8
47,ragde42,EulerE,1252,1252,5Q2/2p1q1p1/1p1k3p/pP5P/P7/8/6P1/6K1 w - - 3 45,e5e7
47,ragde42,EulerE,1252,1252,7Q/2p1q1p1/1p1k3p/pP5P/P7/8/6P1/6K1 b - - 4 45,f8h8
47,ragde42,EulerE,1252,1252,7Q/2p1q1p1/1p5p/pPk4P/P7/8/6P1/6K1 w - - 5 46,d6c5
47,ragde42,EulerE,1252,1252,Q7/2p1q1p1/1p5p/pPk4P/P7/8/6P1/6K1 b - - 6 46,h8a8
47,ragde42,EulerE,1252,1252,Q7/2p3p1/1p5p/pPk4P/P7/4q3/6P1/6K1 w - - 7 47,e7e3
47,ragde42,EulerE,1252,1252,Q7/2p3p1/1p5p/pPk4P/P7/4q3/6PK/8 b - - 8 47,g1h2
47,ragde42,EulerE,1252,1252,Q7/2p3p1/1p5p/pP5P/Pk6/4q3/6PK/8 w - - 9 48,c5b4
47,ragde42,EulerE,1252,1252,8/2p3p1/1pQ4p/pP5P/Pk6/4q3/6PK/8 b - - 10 48,a8c6
47,ragde42,EulerE,1252,1252,8/2p3p1/1pQ4p/pP2q2P/Pk6/8/6PK/8 w - - 11 49,e3e5
47,ragde42,EulerE,1252,1252,8/2p3p1/1pQ4p/pP2q2P/Pk6/8/6P1/6K1 b - - 12 49,h2g1
47,ragde42,EulerE,1252,1252,8/2p3p1/1pQ4p/pPq4P/Pk6/8/6P1/6K1 w - - 13 50,e5c5
47,ragde42,EulerE,1252,1252,8/2p3p1/1p5p/pPQ4P/Pk6/8/6P1/6K1 b - - 0 50,c6c5
47,ragde42,EulerE,1252,1252,8/2p3p1/7p/pPp4P/Pk6/8/6P1/6K1 w - - 0 51,b6c5
47,ragde42,EulerE,1252,1252,8/2p3p1/7p/pPp4P/Pk6/8/5KP1/8 b - - 1 51,g1f2
47,ragde42,EulerE,1252,1252,8/2p3p1/7p/pPp4P/k7/8/5KP1/8 w - - 0 52,b4a4
47,ragde42,EulerE,1252,1252,8/2p3p1/7p/pPp4P/k7/8/4K1P1/8 b - - 1 52,f2e2
47,ragde42,EulerE,1252,1252,8/2p3p1/7p/pkp4P/8/8/4K1P1/8 w - - 0 53,a4b5
48,EulerE,ChessBarcelona,1260,1228,rnbqkbnr/pppppppp/8/8/3P4/8/PPP1PPPP/RNBQKBNR b KQkq - 0 1,d2d4
48,EulerE,ChessBarcelona,1260,1228,rnbqkbnr/ppp1pppp/8/3p4/3P4/8/PPP1PPPP/RNBQKBNR w KQkq - 0 2,d7d5
48,EulerE,ChessBarcelona,1260,1228,rnbqkbnr/ppp1pppp/8/3p4/2PP4/8/PP2PPPP/RNBQKBNR b KQkq - 0 2,c2c4
48,EulerE,ChessBarcelona,1260,1228,rnbqkbnr/ppp1pppp/8/8/2pP4/8/PP2PPPP/RNBQKBNR w KQkq - 0 3,d5c4
48,EulerE,ChessBarcelona,1260,1228,rnbqkbnr/ppp1pppp/8/8/2pPP3/8/PP3PPP/RNBQKBNR b KQkq - 0 3,e2e4
48,EulerE,ChessBarcelona,1260,1228,rnbqkbnr/ppp2ppp/8/4p3/2pPP3/8/PP3PPP/RNBQKBNR w KQkq - 0 4,e7e5
48,EulerE,ChessBarcelona,1260,1228,rnbqkbnr/ppp2ppp/8/4p3/2pPP3/5N2/PP3PPP/RNBQKB1R b KQkq - 1 4,g1f3
48,EulerE,ChessBarcelona,1260,1228,rn1qkbnr/ppp2ppp/8/4p3/2pPP1b1/5N2/PP3PPP/RNBQKB1R w KQkq - 2 5,c8g4
48,EulerE,ChessBarcelona,1260,1228,rn1qkbnr/ppp2ppp/8/4p3/2pPP1b1/5N2/PP2BPPP/RNBQK2R b KQkq - 3 5,f1e2
48,EulerE,ChessBarcelona,1260,1228,rn1qk1nr/ppp2ppp/8/4p3/1bpPP1b1/5N2/PP2BPPP/RNBQK2R w KQkq - 4 6,f8b4
48,EulerE,ChessBarcelona,1260,1228,rn1qk1nr/ppp2ppp/8/4p3/1bpPP1b1/5N2/PP1BBPPP/RN1QK2R b KQkq - 5 6,c1d2
48,EulerE,ChessBarcelona,1260,1228,rn1qk1nr/ppp2ppp/8/4p3/1bpPP3/5b2/PP1BBPPP/RN1QK2R w KQkq - 0 7,g4f3
48,EulerE,ChessBarcelona,1260,1228,rn1qk1nr/ppp2ppp/8/4p3/1BpPP3/5b2/PP2BPPP/RN1QK2R b KQkq - 0 7,d2b4
48,EulerE,ChessBarcelona,1260,1228,rn1qk1nr/ppp2ppp/8/4p3/1BpPP3/8/PP2bPPP/RN1QK2R w KQkq - 0 8,f3e2
48,EulerE,ChessBarcelona,1260,1228,rn1qk1nr/ppp2ppp/8/4p3/1BpPP3/8/PP2QPPP/RN2K2R b KQkq - 0 8,d1e2
48,EulerE,ChessBarcelona,1260,1228,rn2k1nr/ppp2ppp/8/4p3/1BpqP3/8/PP2QPPP/RN2K2R w KQkq - 0 9,d8d4
48,EulerE,ChessBarcelona,1260,1228,rn2k1nr/ppp2ppp/8/4p3/2pqP3/2B5/PP2QPPP/RN2K2R b KQkq - 1 9,b4c3
48,EulerE,ChessBarcelona,1260,1228,rn2k1nr/ppp2ppp/8/2q1p3/2p1P3/2B5/PP2QPPP/RN2K2R w KQkq - 2 10,d4c5
48,EulerE,ChessBarcelona,1260,1228,rn2k1nr/ppp2ppp/8/2q1p3/2p1P3/2B5/PP1NQPPP/R3K2R b KQkq - 3 10,b1d2
48,EulerE,ChessBarcelona,1260,1228,r3k1nr/ppp2ppp/2n5/2q1p3/2p1P3/2B5/PP1NQPPP/R3K2R w KQkq - 4 11,b8c6
48,EulerE,ChessBarcelona,1260,1228,r3k1nr/ppp2ppp/2n5/2q1p3/2N1P3/2B5/PP2QPPP/R3K2R b KQkq - 0 11,d2c4
48,EulerE,ChessBarcelona,1260,1228,2kr2nr/ppp2ppp/2n5/2q1p3/2N1P3/2B5/PP2QPPP/R3K2R w KQ - 1 12,e8c8
48,EulerE,ChessBarcelona,1260,1228,2kr2nr/ppp2ppp/2n5/2q1p3/2N1P3/2B5/PP2QPPP/R4RK1 b - - 2 12,e1g1
48,EulerE,ChessBarcelona,1260,1228,2kr3r/ppp2ppp/2n2n2/2q1p3/2N1P3/2B5/PP2QPPP/R4RK1 w - - 3 13,g8f6
48,EulerE,ChessBarcelona,1260,1228,2kr3r/ppp2ppp/2n2n2/2q1p3/4P3/2B5/PP1NQPPP/R4RK1 b - - 4 13,c4d2
48,EulerE,ChessBarcelona,1260,1228,2kr3r/ppp2pp1/2n2n2/2q1p2p/4P3/2B5/PP1NQPPP/R4RK1 w - - 0 14,h7h5
48,EulerE,ChessBarcelona,1260,1228,2kr3r/ppp2pp1/2n2n2/2q1p2p/4P3/2B5/PP1NQPPP/R2R2K1 b - - 1 14,f1d1
48,EulerE,ChessBarcelona,1260,1228,2kr3r/ppp2pp1/2n2n2/2q1p3/4P2p/2B5/PP1NQPPP/R2R2K1 w - - 0 15,h5h4
48,EulerE,ChessBarcelona,1260,1228,2kr3r/ppp2pp1/2n2n2/2q1p3/4P2p/1NB5/PP2QPPP/R2R2K1 b - - 1 15,d2b3
48,EulerE,ChessBarcelona,1260,1228,2k1r2r/ppp2pp1/2n2n2/2q1p3/4P2p/1NB5/PP2QPPP/R2R2K1 w - - 2 16,d8e8
48,EulerE,ChessBarcelona,1260,1228,2k1r2r/ppp2pp1/2n2n2/2N1p3/4P2p/2B5/PP2QPPP/R2R2K1 b - - 0 16,b3c5
49,MangoCafe,EulerE,1229,1267,rnbqkbnr/pppppppp/8/8/8/5N2/PPPPPPPP/RNBQKB1R b KQkq - 1 1,g1f3
49,MangoCafe,EulerE,1229,1267,rnbqkbnr/ppp1pppp/8/3p4/8/5N2/PPPPPPPP/RNBQKB1R w KQkq - 0 2,d7d5
49,MangoCafe,EulerE,1229,1267,rnbqkbnr/ppp1pppp/8/3p4/4P3/5N2/PPPP1PPP/RNBQKB1R b KQkq - 0 2,e2e4
49,MangoCafe,EulerE,1229,1267,rnbqkbnr/ppp1pppp/8/8/4p3/5N2/PPPP1PPP/RNBQKB1R w KQkq - 0 3,d5e4
49,MangoCafe,EulerE,1229,1267,rnbqkbnr/ppp1pppp/8/6N1/4p3/8/PPPP1PPP/RNBQKB1R b KQkq - 1 3,f3g5
49,MangoCafe,EulerE,1229,1267,rnbqkbnr/ppp2ppp/8/4p1N1/4p3/8/PPPP1PPP/RNBQKB1R w KQkq - 0 4,e7e5
49,MangoCafe,EulerE,1229,1267,rnbqkbnr/ppp2ppp/8/4p3/4N3/8/PPPP1PPP/RNBQKB1R b KQkq - 0 4,g5e4
49,MangoCafe,EulerE,1229,1267,r1bqkbnr/ppp2ppp/2n5/4p3/4N3/8/PPPP1PPP/RNBQKB1R w KQkq - 1 5,b8c6
49,MangoCafe,EulerE,1229,1267,r1bqkbnr/ppp2ppp/2n5/4p3/4N3/2N5/PPPP1PPP/R1BQKB1R b KQkq - 2 5,b1c3
49,MangoCafe,EulerE,1229,1267,r1bqkbnr/ppp3pp/2n5/4pp2/4N3/2N5/PPPP1PPP/R1BQKB1R w KQkq - 0 6,f7f5
49,MangoCafe,EulerE,1229,1267,r1bqkbnr/ppp3pp/2n5/4pp2/8/2N3N1/PPPP1PPP/R1BQKB1R b KQkq - 1 6,e4g3
49,MangoCafe,EulerE,1229,1267,r1bqkb1r/ppp3pp/2n2n2/4pp2/8/2N3N1/PPPP1PPP/R1BQKB1R w KQkq - 2 7,g8f6
49,MangoCafe,EulerE,1229,1267,r1bqkb1r/ppp3pp/2n2n2/4pp2/2B5/2N3N1/PPPP1PPP/R1BQK2R b KQkq - 3 7,f1c4
49,MangoCafe,EulerE,1229,1267,r1bqkb1r/ppp3pp/2n2n2/4p3/2B2p2/2N3N1/PPPP1PPP/R1BQK2R w KQkq - 0 8,f5f4
49,MangoCafe,EulerE,1229,1267,r1bqkb1r/ppp3pp/2n2n2/4p3/2B2p2/2N5/PPPPNPPP/R1BQK2R b KQkq - 1 8,g3e2
49,MangoCafe,EulerE,1229,1267,r1bqk2r/ppp3pp/2n2n2/2b1p3/2B2p2/2N5/PPPPNPPP/R1BQK2R w KQkq - 2 9,f8c5
49,MangoCafe,EulerE,1229,1267,r1bqk2r/ppp3pp/2n2n2/2b1p3/2B2p2/2NP4/PPP1NPPP/R1BQK2R b KQkq - 0 9,d2d3
49,MangoCafe,EulerE,1229,1267,r1bqk2r/ppp3pp/2n2n2/2b5/2B1pp2/2NP4/PPP1NPPP/R1BQK2R w KQkq - 0 10,e5e4
49,MangoCafe,EulerE,1229,1267,r1bqk2r/ppp3pp/2n2n2/2b5/2B1Pp2/2N5/PPP1NPPP/R1BQK2R b KQkq - 0 10,d3e4
49,MangoCafe,EulerE,1229,1267,r1b1k2r/ppp3pp/2n2n2/2b5/2B1Pp2/2N5/PPP1NPPP/R1BqK2R w KQkq - 0 11,d8d1
49,MangoCafe,EulerE,1229,1267,r1b1k2r/ppp3pp/2n2n2/2b5/2B1Pp2/8/PPP1NPPP/R1BNK2R b KQkq - 0 11,c3d1
49,MangoCafe,EulerE,1229,1267,r1b1k2r/ppp3pp/2n5/2b5/2B1np2/8/PPP1NPPP/R1BNK2R w KQkq - 0 12,f6e4
49,MangoCafe,EulerE,1229,1267,r1b1k2r/ppp3pp/2n5/2b5/2B1nN2/8/PPP2PPP/R1BNK2R b KQkq - 0 12,e2f4
49,MangoCafe,EulerE,1229,1267,r1b1k2r/ppp3pp/8/2b1n3/2B1nN2/8/PPP2PPP/R1BNK2R w KQkq - 1 13,c6e5
49,MangoCafe,EulerE,1229,1267,r1b1k2r/ppp3pp/8/2b1n3/4nN2/1B6/PPP2PPP/R1BNK2R b KQkq - 2 13,c4b3
49,MangoCafe,EulerE,1229,1267,r3k2r/ppp3pp/8/2b1n3/4nNb1/1B6/PPP2PPP/R1BNK2R w KQkq - 3 14,c8g4
49,MangoCafe,EulerE,1229,1267,r3k2r/ppp3pp/8/2b1n3/4nNb1/1B3P2/PPP3PP/R1BNK2R b KQkq - 0 14,f2f3
49,MangoCafe,EulerE,1229,1267,r3k2r/ppp3pp/8/2b5/4nNb1/1B3n2/PPP3PP/R1BNK2R w KQkq - 0 15,e5f3
49,MangoCafe,EulerE,1229,1267,r3k2r/ppp3pp/8/2b5/4nNb1/1B3P2/PPP4P/R1BNK2R b KQkq - 0 15,g2f3
49,MangoCafe,EulerE,1229,1267,r3k2r/ppp3pp/8/2b5/4nN2/1B3b2/PPP4P/R1BNK2R w KQkq - 0 16,g4f3
49,MangoCafe,EulerE,1229,1267,r3k2r/ppp3pp/8/2b5/4nN2/1B3b2/PPP4P/R1BNKR2 b Qkq - 1 16,h1f1
49,MangoCafe,EulerE,1229,1267,r3k2r/ppp3pp/8/2b5/4nN2/1B6/PPP4P/R1BbKR2 w Qkq - 0 17,f3d1
49,MangoCafe,EulerE,1229,1267,r3k2r/ppp3pp/8/2b5/4nN2/1B6/PPP4P/R1BK1R2 b kq - 0 17,e1d1
49,MangoCafe,EulerE,1229,1267,2kr3r/ppp3pp/8/2b5/4nN2/1B6/PPP4P/R1BK1R2 w - - 1 18,e8c8
49,MangoCafe,EulerE,1229,1267,2kr3r/ppp3pp/8/2b5/4nN2/1B6/PPP4P/R1B1KR2 b - - 2 18,d1e1
49,MangoCafe,EulerE,1229,1267,2krr3/ppp3pp/8/2b5/4nN2/1B6/PPP4P/R1B1KR2 w - - 3 19,h8e8
49,MangoCafe,EulerE,1229,1267,2krr3/ppp3pp/4N3/2b5/4n3/1B6/PPP4P/R1B1KR2 b - - 4 19,f4e6
49,MangoCafe,EulerE,1229,1267,2krr3/ppp3pp/4Nn2/2b5/8/1B6/PPP4P/R1B1KR2 w - - 5 20,e4f6
49,MangoCafe,EulerE,1229,1267,2krr3/ppp3pp/4Nn2/2b5/8/1B3R2/PPP4P/R1B1K3 b - - 6 20,f1f3
49,MangoCafe,EulerE,1229,1267,2krr3/ppp3pp/4N3/2bn4/8/1B3R2/PPP4P/R1B1K3 w - - 7 21,f6d5
49,MangoCafe,EulerE,1229,1267,2krr3/ppp3pp/4N3/2bB4/8/5R2/PPP4P/R1B1K3 b - - 0 21,b3d5
49,MangoCafe,EulerE,1229,1267,2k1r3/ppp3pp/4N3/2br4/8/5R2/PPP4P/R1B1K3 w - - 0 22,d8d5
49,MangoCafe,EulerE,1229,1267,2k1r3/ppp3pp/4N3/2br4/8/5R2/PPP4P/R1B2K2 b - - 1 22,e1f1
49,MangoCafe,EulerE,1229,1267,2k5/ppp3pp/4r3/2br4/8/5R2/PPP4P/R1B2K2 w - - 0 23,e8e6
49,MangoCafe,EulerE,1229,1267,2k5/ppp3pp/4r3/2br4/5B2/5R2/PPP4P/R4K2 b - - 1 23,c1f4
49,MangoCafe,EulerE,1229,1267,2k5/ppp3pp/5r2/2br4/5B2/5R2/PPP4P/R4K2 w - - 2 24,e6f6
49,MangoCafe,EulerE,1229,1267,2k5/ppp3pp/5r2/2br4/5B2/5R2/PPP4P/4RK2 b - - 3 24,a1e1
49,MangoCafe,EulerE,1229,1267,2k5/ppp3pp/5r2/2b2r2/5B2/5R2/PPP4P/4RK2 w - - 4 25,d5f5
49,MangoCafe,EulerE,1229,1267,2k1R3/ppp3pp/5r2/2b2r2/5B2/5R2/PPP4P/5K2 b - - 5 25,e1e8
49,MangoCafe,EulerE,1229,1267,4R3/pppk2pp/5r2/2b2r2/5B2/5R2/PPP4P/5K2 w - - 6 26,c8d7
49,MangoCafe,EulerE,1229,1267,4R3/pppk2pp/5r2/2b2r2/5B2/3R4/PPP4P/5K2 b - - 7 26,f3d3
49,MangoCafe,EulerE,1229,1267,4k3/ppp3pp/5r2/2b2r2/5B2/3R4/PPP4P/5K2 w - - 0 27,d7e8
50,EulerE,GodsStarseed,1275,1243,rnbqkbnr/pppppppp/8/8/3P4/8/PPP1PPPP/RNBQKBNR b KQkq - 0 1,d2d4
50,EulerE,GodsStarseed,1275,1243,rnbqkbnr/ppp1pppp/8/3p4/3P4/8/PPP1PPPP/RNBQKBNR w KQkq - 0 2,d7d5
50,EulerE,GodsStarseed,1275,1243,rnbqkbnr/ppp1pppp/8/3p4/2PP4/8/PP2PPPP/RNBQKBNR b KQkq - 0 2,c2c4
50,EulerE,GodsStarseed,1275,1243,rn1qkbnr/ppp1pppp/8/3p1b2/2PP4/8/PP2PPPP/RNBQKBNR w KQkq - 1 3,c8f5
50,EulerE,GodsStarseed,1275,1243,rn1qkbnr/ppp1pppp/8/3p1b2/2PP4/5N2/PP2PPPP/RNBQKB1R b KQkq - 2 3,g1f3
50,EulerE,GodsStarseed,1275,1243,rn1qkbnr/ppp1p1pp/5p2/3p1b2/2PP4/5N2/PP2PPPP/RNBQKB1R w KQkq - 0 4,f7f6
50,EulerE,GodsStarseed,1275,1243,rn1qkbnr/ppp1p1pp/5p2/3p1b2/2PP4/2N2N2/PP2PPPP/R1BQKB1R b KQkq - 1 4,b1c3
50,EulerE,GodsStarseed,1275,1243,rn1qkbnr/ppp3pp/4pp2/3p1b2/2PP4/2N2N2/PP2PPPP/R1BQKB1R w KQkq - 0 5,e7e6
50,EulerE,GodsStarseed,1275,1243,rn1qkbnr/ppp3pp/4pp2/3p1b2/2PP4/2N2NP1/PP2PP1P/R1BQKB1R b KQkq - 0 5,g2g3
50,EulerE,GodsStarseed,1275,1243,rn1qk1nr/ppp3pp/4pp2/3p1b2/1bPP4/2N2NP1/PP2PP1P/R1BQKB1R w KQkq - 1 6,f8b4
50,EulerE,GodsStarseed,1275,1243,rn1qk1nr/ppp3pp/4pp2/3p1b2/1bPP4/2N2NP1/PP1BPP1P/R2QKB1R b KQkq - 2 6,c1d2
50,EulerE,GodsStarseed,1275,1243,rn1qk1nr/ppp3pp/4pp2/3p1b2/2PP4/2b2NP1/PP1BPP1P/R2QKB1R w KQkq - 0 7,b4c3
50,EulerE,GodsStarseed,1275,1243,rn1qk1nr/ppp3pp/4pp2/3p1b2/2PP4/2B2NP1/PP2PP1P/R2QKB1R b KQkq - 0 7,d2c3
50,EulerE,GodsStarseed,1275,1243,rn1qk1nr/ppp3pp/4pp2/3p4/2PPb3/2B2NP1/PP2PP1P/R2QKB1R w KQkq - 1 8,f5e4
50,EulerE,GodsStarseed,1275,1243,rn1qk1nr/ppp3pp/4pp2/3p4/2PPb3/2B2NP1/PP2PPBP/R2QK2R b KQkq - 2 8,f1g2
50,EulerE,GodsStarseed,1275,1243,rn1qk1nr/ppp3pp/4pp2/3p4/2PP4/2B2bP1/PP2PPBP/R2QK2R w KQkq - 0 9,e4f3
50,EulerE,GodsStarseed,1275,1243,rn1qk1nr/ppp3pp/4pp2/3p4/2PP4/2B2BP1/PP2PP1P/R2QK2R b KQkq - 0 9,g2f3
50,EulerE,GodsStarseed,1275,1243,rn1qk1nr/pp4pp/2p1pp2/3p4/2PP4/2B2BP1/PP2PP1P/R2QK2R w KQkq - 0 10,c7c6
50,EulerE,GodsStarseed,1275,1243,rn1qk1nr/pp4pp/2p1pp2/3p4/2PP4/2B2BP1/PP2PP1P/R2Q1RK1 b kq - 1 10,e1g1
50,EulerE,GodsStarseed,1275,1243,r2qk1nr/pp1n2pp/2p1pp2/3p4/2PP4/2B2BP1/PP2PP1P/R2Q1RK1 w kq - 2 11,b8d7
50,EulerE,GodsStarseed,1275,1243,r2qk1nr/pp1n2pp/2p1pp2/3P4/3P4/2B2BP1/PP2PP1P/R2Q1RK1 b kq - 0 11,c4d5
50,EulerE,GodsStarseed,1275,1243,r2qk1nr/pp1n2pp/4pp2/3p4/3P4/2B2BP1/PP2PP1P/R2Q1RK1 w kq - 0 12,c6d5
50,EulerE,GodsStarseed,1275,1243,r2qk1nr/pp1n2pp/4pp2/3p4/3PP3/2B2BP1/PP3P1P/R2Q1RK1 b kq - 0 12,e2e4
50,EulerE,GodsStarseed,1275,1243,r2qk2r/pp1nn1pp/4pp2/3p4/3PP3/2B2BP1/PP3P1P/R2Q1RK1 w kq - 1 13,g8e7
50,EulerE,GodsStarseed,1275,1243,r2qk2r/pp1nn1pp/4pp2/3P4/3P4/2B2BP1/PP3P1P/R2Q1RK1 b kq - 0 13,e4d5
50,EulerE,GodsStarseed,1275,1243,r2qk2r/pp1nn1pp/5p2/3p4/3P4/2B2BP1/PP3P1P/R2Q1RK1 w kq - 0 14,e6d5
50,EulerE,GodsStarseed,1275,1243,r2qk2r/pp1nn1pp/5p2/3p4/3P4/2B2BP1/PP3P1P/R2QR1K1 b kq - 1 14,f1e1
50,EulerE,GodsStarseed,1275,1243,r2q1rk1/pp1nn1pp/5p2/3p4/3P4/2B2BP1/PP3P1P/R2QR1K1 w - - 2 15,e8g8
50,EulerE,GodsStarseed,1275,1243,r2q1rk1/pp1nn1pp/5p2/3p4/1B1P4/5BP1/PP3P1P/R2QR1K1 b - - 3 15,c3b4
50,EulerE,GodsStarseed,1275,1243,r2qr1k1/pp1nn1pp/5p2/3p4/1B1P4/5BP1/PP3P1P/R2QR1K1 w - - 4 16,f8e8
50,EulerE,GodsStarseed,1275,1243,r2qr1k1/pp1nB1pp/5p2/3p4/3P4/5BP1/PP3P1P/R2QR1K1 b - - 0 16,b4e7
50,EulerE,GodsStarseed,1275,1243,r2q2k1/pp1nr1pp/5p2/3p4/3P4/5BP1/PP3P1P/R2QR1K1 w - - 0 17,e8e7
50,EulerE,GodsStarseed,1275,1243,r2q2k1/pp1nr1pp/5p2/3B4/3P4/6P1/PP3P1P/R2QR1K1 b - - 0 17,f3d5
50,EulerE,GodsStarseed,1275,1243,r2q3k/pp1nr1pp/5p2/3B4/3P4/6P1/PP3P1P/R2QR1K1 w - - 1 18,g8h8
50,EulerE,GodsStarseed,1275,1243,r2q3k/pp1nR1pp/5p2/3B4/3P4/6P1/PP3P1P/R2Q2K1 b - - 0 18,e1e7
50,EulerE,GodsStarseed,1275,1243,r6k/pp1nq1pp/5p2/3B4/3P4/6P1/PP3P1P/R2Q2K1 w - - 0 19,d8e7
50,EulerE,GodsStarseed,1275,1243,r6k/pp1nq1pp/5p2/3B4/3P4/1Q4P1/PP3P1P/R5K1 b - - 1 19,d1b3
50,EulerE,GodsStarseed,1275,1243,r6k/pp2q1pp/1n3p2/3B4/3P4/1Q4P1/PP3P1P/R5K1 w - - 2 20,d7b6
50,EulerE,GodsStarseed,1275,1243,r6k/pp2q1pp/1n3p2/3B4/3P4/5QP1/PP3P1P/R5K1 b - - 3 20,b3f3
50,EulerE,GodsStarseed,1275,1243,r6k/pp2q1pp/5p2/3n4/3P4/5QP1/PP3P1P/R5K1 w - - 0 21,b6d5
50,EulerE,GodsStarseed,1275,1243,r6k/pp2q1pp/5p2/3Q4/3P4/6P1/PP3P1P/R5K1 b - - 0 21,f3d5
50,EulerE,GodsStarseed,1275,1243,3r3k/pp2q1pp/5p2/3Q4/3P4/6P1/PP3P1P/R5K1 w - - 1 22,a8d8
50,EulerE,GodsStarseed,1275,1243,3r3k/pp2q1pp/5p2/8/2QP4/6P1/PP3P1P/R5K1 b - - 2 22,d5c4
50,EulerE,GodsStarseed,1275,1243,3r3k/pp2q1p1/5p1p/8/2QP4/6P1/PP3P1P/R5K1 w - - 0 23,h7h6
50,EulerE,GodsStarseed,1275,1243,3r3k/pp2q1p1/5p1p/8/2QP4/6P1/PP3P1P/3R2K1 b - - 1 23,a1d1
50,EulerE,GodsStarseed,1275,1243,7k/pp1rq1p1/5p1p/8/2QP4/6P1/PP3P1P/3R2K1 w - - 2 24,d8d7
50,EulerE,GodsStarseed,1275,1243,7k/pp1rq1p1/5p1p/8/Q2P4/6P1/PP3P1P/3R2K1 b - - 3 24,c4a4
50,EulerE,GodsStarseed,1275,1243,7k/1p1rq1p1/p4p1p/8/Q2P4/6P1/PP3P1P/3R2K1 w - - 0 25,a7a6
50,EulerE,GodsStarseed,1275,1243,7k/1p1rq1p1/p4p1p/3P4/Q7/6P1/PP3P1P/3R2K1 b - - 0 25,d4d5
50,EulerE,GodsStarseed,1275,1243,7k/1p2q1p1/p2r1p1p/3P4/Q7/6P1/PP3P1P/3R2K1 w - - 1 26,d7d6
50,EulerE,GodsStarseed,1275,1243,7k/1p2q1p1/p2r1p1p/3P4/1Q6/6P1/PP3P1P/3R2K1 b - - 2 26,a4b4
50,EulerE,GodsStarseed,1275,1243,7k/1pq3p1/p2r1p1p/3P4/1Q6/6P1/PP3P1P/3R2K1 w - - 3 27,e7c7
50,EulerE,GodsStarseed,1275,1243,7k/1pq3p1/p2r1p1p/3P4/1Q6/6P1/PP3PKP/3R4 b - - 4 27,g1g2
50,EulerE,GodsStarseed,1275,1243,7k/2q3p1/p2r1p1p/1p1P4/1Q6/6P1/PP3PKP/3R4 w - - 0 28,b7b5
50,EulerE,GodsStarseed,1275,1243,7k/2q3p1/p2r1p1p/1p1P4/PQ6/6P1/1P3PKP/3R4 b - - 0 28,a2a4
50,EulerE,GodsStarseed,1275,1243,7k/3q2p1/p2r1p1p/1p1P4/PQ6/6P1/1P3PKP/3R4 w - - 1 29,c7d7
50,EulerE,GodsStarseed,1275,1243,7k/3q2p1/p2r1p1p/Pp1P4/1Q6/6P1/1P3PKP/3R4 b - - 0 29,a4a5
50,EulerE,GodsStarseed,1275,1243,7k/3q2p1/p4p1p/Pp1r4/1Q6/6P1/1P3PKP/3R4 w - - 0 30,d6d5
50,EulerE,GodsStarseed,1275,1243,7k/3q2p1/p4p1p/Pp1R4/1Q6/6P1/1P3PKP/8 b - - 0 30,d1d5
50,EulerE,GodsStarseed,1275,1243,7k/6p1/p4p1p/Pp1q4/1Q6/6P1/1P3PKP/8 w - - 0 31,d7d5
50,EulerE,GodsStarseed,1275,1243,7k/6p1/p4p1p/Pp1q4/1Q6/6P1/1P3P1P/6K1 b - - 1 31,g2g1
50,EulerE,GodsStarseed,1275,1243,7k/6p1/p4p1p/Pp6/1Q6/5qP1/1P3P1P/6K1 w - - 2 32,d5f3
50,EulerE,GodsStarseed,1275,1243,7k/6p1/p2Q1p1p/Pp6/8/5qP1/1P3P1P/6K1 b - - 3 32,b4d6
50,EulerE,GodsStarseed,1275,1243,7k/6p1/p2Q1p1p/Pp6/8/1q4P1/1P3P1P/6K1 w - - 4 33,f3b3
50,EulerE,GodsStarseed,1275,1243,7k/6p1/Q4p1p/Pp6/8/1q4P1/1P3P1P/6K1 b - - 0 33,d6a6
50,EulerE,GodsStarseed,1275,1243,7k/6p1/Q4p1p/Pp6/8/6P1/1q3P1P/6K1 w - - 0 34,b3b2
50,EulerE,GodsStarseed,1275,1243,Q6k/6p1/5p1p/Pp6/8/6P1/1q3P1P/6K1 b - - 1 34,a6a8
50,EulerE,GodsStarseed,1275,1243,Q7/6pk/5p1p/Pp6/8/6P1/1q3P1P/6K1 w - - 2 35,h8h7
50,EulerE,GodsStarseed,1275,1243,Q7/6pk/P4p1p/1p6/8/6P1/1q3P1P/6K1 b - - 0 35,a5a6
50,EulerE,GodsStarseed,1275,1243,Q7/6pk/P4p1p/8/1p6/6P1/1q3P1P/6K1 w - - 0 36,b5b4
50,EulerE,GodsStarseed,1275,1243,Q7/P5pk/5p1p/8/1p6/6P1/1q3P1P/6K1 b - - 0 36,a6a7
50,EulerE,GodsStarseed,1275,1243,Q7/P5pk/5p1p/8/8/1p4P1/1q3P1P/6K1 w - - 0 37,b4b3
50,EulerE,GodsStarseed,1275,1243,8/P5pk/5p1p/8/4Q3/1p4P1/1q3P1P/6K1 b - - 1 37,a8e4
50,EulerE,GodsStarseed,1275,1243,8/P5pk/7p/5p2/4Q3/1p4P1/1q3P1P/6K1 w - - 0 38,f6f5
50,EulerE,GodsStarseed,1275,1243,8/P5pk/7p/5Q2/8/1p4P1/1q3P1P/6K1 b - - 0 38,e4f5
50,EulerE,GodsStarseed,1275,1243,8/P6k/6pp/5Q2/8/1p4P1/1q3P1P/6K1 w - - 0 39,g7g6
50,EulerE,GodsStarseed,1275,1243,8/P4Q1k/6pp/8/8/1p4P1/1q3P1P/6K1 b - - 1 39,f5f7
50,EulerE,GodsStarseed,1275,1243,8/P4Qqk/6pp/8/8/1p4P1/5P1P/6K1 w - - 2 40,b2g7
50,EulerE,GodsStarseed,1275,1243,8/P5Qk/6pp/8/8/1p4P1/5P1P/6K1 b - - 0 40,f7g7
50,EulerE,GodsStarseed,1275,1243,8/P5k1/6pp/8/8/1p4P1/5P1P/6K1 w - - 0 41,h7g7
50,EulerE,GodsStarseed,1275,1243,Q7/6k1/6pp/8/8/1p4P1/5P1P/6K1 b - - 0 41,a7a8q
