game_id,white,black,white_elo,black_elo,chess_fen,move_made
1,EulerE,Ahmetcanalks,894,912,rnbqkbnr/pppppppp/8/8/8/3P4/PPP1PPPP/RNBQKBNR b KQkq - 0 1,d2d3
1,EulerE,Ahmetcanalks,894,912,rnbqkbnr/pppp1ppp/8/4p3/8/3P4/PPP1PPPP/RNBQKBNR w KQkq - 0 2,e7e5
2,EulerE,Shibe101,903,909,rnbqkbnr/pppppppp/8/8/3P4/8/PPP1PPPP/RNBQKBNR b KQkq - 0 1,d2d4
2,EulerE,Shibe101,903,909,rnbqkb1r/pppppppp/5n2/8/3P4/8/PPP1PPPP/RNBQKBNR w KQkq - 1 2,g8f6
2,EulerE,Shibe101,903,909,rnbqkb1r/pppppppp/5n2/8/2PP4/8/PP2PPPP/RNBQKBNR b KQkq - 0 2,c2c4
2,EulerE,Shibe101,903,909,rnbqkb1r/ppp1pppp/5n2/3p4/2PP4/8/PP2PPPP/RNBQKBNR w KQkq - 0 3,d7d5
2,EulerE,Shibe101,903,909,rnbqkb1r/ppp1pppp/5n2/3p4/2PP4/2N5/PP2PPPP/R1BQKBNR b KQkq - 1 3,b1c3
2,EulerE,Shibe101,903,909,rnbqkb1r/ppp2ppp/4pn2/3p4/2PP4/2N5/PP2PPPP/R1BQKBNR w KQkq - 0 4,e7e6
2,EulerE,Shibe101,903,909,rnbqkb1r/ppp2ppp/4pn2/3p4/2PP4/2N2N2/PP2PPPP/R1BQKB1R b KQkq - 1 4,g1f3
2,EulerE,Shibe101,903,909,rnbqk2r/ppp1bppp/4pn2/3p4/2PP4/2N2N2/PP2PPPP/R1BQKB1R w KQkq - 2 5,f8e7
2,EulerE,Shibe101,903,909,rnbqk2r/ppp1bppp/4pn2/3p4/2PP1B2/2N2N2/PP2PPPP/R2QKB1R b KQkq - 3 5,c1f4
2,EulerE,Shibe101,903,909,rnbq1rk1/ppp1bppp/4pn2/3p4/2PP1B2/2N2N2/PP2PPPP/R2QKB1R w KQ - 4 6,e8g8
2,EulerE,Shibe101,903,909,rnbq1rk1/ppp1bppp/4pn2/3p4/2PP1B2/2N2NP1/PP2PP1P/R2QKB1R b KQ - 0 6,g2g3
2,EulerE,Shibe101,903,909,rnbq1rk1/pp2bppp/4pn2/2pp4/2PP1B2/2N2NP1/PP2PP1P/R2QKB1R w KQ - 0 7,c7c5
2,EulerE,Shibe101,903,909,rnbq1rk1/pp2bppp/4pn2/2pP4/3P1B2/2N2NP1/PP2PP1P/R2QKB1R b KQ - 0 7,c4d5
2,EulerE,Shibe101,903,909,rnbq1rk1/pp2bppp/5n2/2pp4/3P1B2/2N2NP1/PP2PP1P/R2QKB1R w KQ - 0 8,e6d5
2,EulerE,Shibe101,903,909,rnbq1rk1/pp2bppp/5n2/2Pp4/5B2/2N2NP1/PP2PP1P/R2QKB1R b KQ - 0 8,d4c5
2,EulerE,Shibe101,903,909,rnbq1rk1/pp3ppp/5n2/2bp4/5B2/2N2NP1/PP2PP1P/R2QKB1R w KQ - 0 9,e7c5
2,EulerE,Shibe101,903,909,rnbq1rk1/pp3ppp/5n2/2bp4/5B2/2N1PNP1/PP3P1P/R2QKB1R b KQ - 0 9,e2e3
2,EulerE,Shibe101,903,909,r1bq1rk1/pp3ppp/2n2n2/2bp4/5B2/2N1PNP1/PP3P1P/R2QKB1R w KQ - 1 10,b8c6
2,EulerE,Shibe101,903,909,r1bq1rk1/pp3ppp/2n2n2/1Bbp4/5B2/2N1PNP1/PP3P1P/R2QK2R b KQ - 2 10,f1b5
2,EulerE,Shibe101,903,909,r1bq1rk1/pp2nppp/5n2/1Bbp4/5B2/2N1PNP1/PP3P1P/R2QK2R w KQ - 3 11,c6e7
2,EulerE,Shibe101,903,909,r1bq1rk1/pp2nppp/5n2/1Bbp2B1/8/2N1PNP1/PP3P1P/R2QK2R b KQ - 4 11,f4g5
2,EulerE,Shibe101,903,909,r1bq1rk1/1p2nppp/p4n2/1Bbp2B1/8/2N1PNP1/PP3P1P/R2QK2R w KQ - 0 12,a7a6
2,EulerE,Shibe101,903,909,r1bq1rk1/1p2nppp/p4B2/1Bbp4/8/2N1PNP1/PP3P1P/R2QK2R b KQ - 0 12,g5f6
2,EulerE,Shibe101,903,909,r1bq1rk1/1p2nppp/5B2/1pbp4/8/2N1PNP1/PP3P1P/R2QK2R w KQ - 0 13,a6b5
2,EulerE,Shibe101,903,909,r1bq1rk1/1p2Bppp/8/1pbp4/8/2N1PNP1/PP3P1P/R2QK2R b KQ - 0 13,f6e7
2,EulerE,Shibe101,903,909,r1bq1rk1/1p2bppp/8/1p1p4/8/2N1PNP1/PP3P1P/R2QK2R w KQ - 0 14,c5e7
2,EulerE,Shibe101,903,909,r1bq1rk1/1p2bppp/8/1p1N4/8/4PNP1/PP3P1P/R2QK2R b KQ - 0 14,c3d5
2,EulerE,Shibe101,903,909,r1bq1rk1/1p3ppp/8/1p1N4/1b6/4PNP1/PP3P1P/R2QK2R w KQ - 1 15,e7b4
2,EulerE,Shibe101,903,909,r1bq1rk1/1p3ppp/8/1p6/1b6/2N1PNP1/PP3P1P/R2QK2R b KQ - 2 15,d5c3
2,EulerE,Shibe101,903,909,r1bqr1k1/1p3ppp/8/1p6/1b6/2N1PNP1/PP3P1P/R2QK2R w KQ - 3 16,f8e8
2,EulerE,Shibe101,903,909,r1bQr1k1/1p3ppp/8/1p6/1b6/2N1PNP1/PP3P1P/R3K2R b KQ - 0 16,d1d8
2,EulerE,Shibe101,903,909,r1br2k1/1p3ppp/8/1p6/1b6/2N1PNP1/PP3P1P/R3K2R w KQ - 0 17,e8d8
2,EulerE,Shibe101,903,909,r1br2k1/1p3ppp/8/1p6/1b6/2N1PNP1/PP3P1P/R4RK1 b - - 1 17,e1g1
2,EulerE,Shibe101,903,909,r2r2k1/1p3ppp/4b3/1p6/1b6/2N1PNP1/PP3P1P/R4RK1 w - - 2 18,c8e6
2,EulerE,Shibe101,903,909,r2r2k1/1p3ppp/4b3/1N6/1b6/4PNP1/PP3P1P/R4RK1 b - - 0 18,c3b5
2,EulerE,Shibe101,903,909,r2r2k1/1p3ppp/8/1N6/1b6/4PNP1/bP3P1P/R4RK1 w - - 0 19,e6a2
2,EulerE,Shibe101,903,909,r2r2k1/1pN2ppp/8/8/1b6/4PNP1/bP3P1P/R4RK1 b - - 1 19,b5c7
2,EulerE,Shibe101,903,909,3r2k1/rpN2ppp/8/8/1b6/4PNP1/bP3P1P/R4RK1 w - - 2 20,a8a7
2,EulerE,Shibe101,903,909,3r2k1/rpN2ppp/8/4N3/1b6/4P1P1/bP3P1P/R4RK1 b - - 3 20,f3e5
2,EulerE,Shibe101,903,909,3r2k1/rpN2ppp/3b4/4N3/8/4P1P1/bP3P1P/R4RK1 w - - 4 21,b4d6
2,EulerE,Shibe101,903,909,3r2k1/rp3ppp/3b4/1N2N3/8/4P1P1/bP3P1P/R4RK1 b - - 5 21,c7b5
2,EulerE,Shibe101,903,909,3r2k1/1p3ppp/3b4/rN2N3/8/4P1P1/bP3P1P/R4RK1 w - - 6 22,a7a5
2,EulerE,Shibe101,903,909,3r2k1/1p3ppp/3N4/r3N3/8/4P1P1/bP3P1P/R4RK1 b - - 0 22,b5d6
2,EulerE,Shibe101,903,909,6k1/1p3ppp/3r4/r3N3/8/4P1P1/bP3P1P/R4RK1 w - - 0 23,d8d6
2,EulerE,Shibe101,903,909,6k1/1p3ppp/3r4/r3N3/8/1P2P1P1/b4P1P/R4RK1 b - - 0 23,b2b3
2,EulerE,Shibe101,903,909,6k1/5ppp/1p1r4/r3N3/8/1P2P1P1/b4P1P/R4RK1 w - - 0 24,b7b6
2,EulerE,Shibe101,903,909,6k1/5ppp/1p1r4/r7/2N5/1P2P1P1/b4P1P/R4RK1 b - - 1 24,e5c4
2,EulerE,Shibe101,903,909,6k1/5ppp/1p1r4/r7/2N5/1b2P1P1/5P1P/R4RK1 w - - 0 25,a2b3
2,EulerE,Shibe101,903,909,6k1/5ppp/1p1N4/r7/8/1b2P1P1/5P1P/R4RK1 b - - 0 25,c4d6
3,EulerE,Anatoleeee,895,890,rnbqkbnr/pppppppp/8/8/3P4/8/PPP1PPPP/RNBQKBNR b KQkq - 0 1,d2d4
3,EulerE,Anatoleeee,895,890,rnbqkbnr/pppp1ppp/8/4p3/3P4/8/PPP1PPPP/RNBQKBNR w KQkq - 0 2,e7e5
3,EulerE,Anatoleeee,895,890,rnbqkbnr/pppp1ppp/8/4P3/8/8/PPP1PPPP/RNBQKBNR b KQkq - 0 2,d4e5
3,EulerE,Anatoleeee,895,890,rnbqk1nr/pppp1ppp/8/2b1P3/8/8/PPP1PPPP/RNBQKBNR w KQkq - 1 3,f8c5
3,EulerE,Anatoleeee,895,890,rnbqk1nr/pppp1ppp/8/2b1P3/8/2N5/PPP1PPPP/R1BQKBNR b KQkq - 2 3,b1c3
3,EulerE,Anatoleeee,895,890,rnbqk1nr/ppp2ppp/3p4/2b1P3/8/2N5/PPP1PPPP/R1BQKBNR w KQkq - 0 4,d7d6
3,EulerE,Anatoleeee,895,890,rnbqk1nr/ppp2ppp/3P4/2b5/8/2N5/PPP1PPPP/R1BQKBNR b KQkq - 0 4,e5d6
3,EulerE,Anatoleeee,895,890,rnb1k1nr/ppp2ppp/3q4/2b5/8/2N5/PPP1PPPP/R1BQKBNR w KQkq - 0 5,d8d6
3,EulerE,Anatoleeee,895,890,rnb1k1nr/ppp2ppp/3Q4/2b5/8/2N5/PPP1PPPP/R1B1KBNR b KQkq - 0 5,d1d6
3,EulerE,Anatoleeee,895,890,rnb1k1nr/ppp2ppp/3b4/8/8/2N5/PPP1PPPP/R1B1KBNR w KQkq - 0 6,c5d6
3,EulerE,Anatoleeee,895,890,rnb1k1nr/ppp2ppp/3b4/8/8/2N3P1/PPP1PP1P/R1B1KBNR b KQkq - 0 6,g2g3
3,EulerE,Anatoleeee,895,890,rnb1k2r/ppp2ppp/3b1n2/8/8/2N3P1/PPP1PP1P/R1B1KBNR w KQkq - 1 7,g8f6
3,EulerE,Anatoleeee,895,890,rnb1k2r/ppp2ppp/3b1n2/8/8/2N3P1/PPP1PPBP/R1B1K1NR b KQkq - 2 7,f1g2
3,EulerE,Anatoleeee,895,890,rn2k2r/ppp2ppp/3b1n2/5b2/8/2N3P1/PPP1PPBP/R1B1K1NR w KQkq - 3 8,c8f5
3,EulerE,Anatoleeee,895,890,rn2k2r/ppp2ppp/3b1n2/5b2/8/2N3PN/PPP1PPBP/R1B1K2R b KQkq - 4 8,g1h3
3,EulerE,Anatoleeee,895,890,r3k2r/ppp2ppp/2nb1n2/5b2/8/2N3PN/PPP1PPBP/R1B1K2R w KQkq - 5 9,b8c6
3,EulerE,Anatoleeee,895,890,r3k2r/ppp2ppp/2nb1n2/5b2/5B2/2N3PN/PPP1PPBP/R3K2R b KQkq - 6 9,c1f4
3,EulerE,Anatoleeee,895,890,r3k2r/ppp2ppp/3b1n2/5b2/3n1B2/2N3PN/PPP1PPBP/R3K2R w KQkq - 7 10,c6d4
3,EulerE,Anatoleeee,895,890,r3k2r/ppp2ppp/3b1n2/5b2/3n1B2/2N3PN/PPP1PPBP/R4RK1 b kq - 8 10,e1g1
3,EulerE,Anatoleeee,895,890,2kr3r/ppp2ppp/3b1n2/5b2/3n1B2/2N3PN/PPP1PPBP/R4RK1 w - - 9 11,e8c8
3,EulerE,Anatoleeee,895,890,2kr3r/ppp2ppp/3b1n2/5b2/3n1B2/2N3PN/PPP1PPBP/3R1RK1 b - - 10 11,a1d1
3,EulerE,Anatoleeee,895,890,2kr3r/ppp2ppp/5n2/5b2/3n1b2/2N3PN/PPP1PPBP/3R1RK1 w - - 0 12,d6f4
3,EulerE,Anatoleeee,895,890,2kr3r/ppp2ppp/5n2/5b2/3n1N2/2N3P1/PPP1PPBP/3R1RK1 b - - 0 12,h3f4
3,EulerE,Anatoleeee,895,890,2kr3r/ppp2ppp/5n2/8/3n1N2/2N3P1/PPb1PPBP/3R1RK1 w - - 0 13,f5c2
3,EulerE,Anatoleeee,895,890,2kr3r/ppp2ppp/5n2/8/3n1N2/2N3P1/PPbRPPBP/5RK1 b - - 1 13,d1d2
3,EulerE,Anatoleeee,895,890,2krr3/ppp2ppp/5n2/8/3n1N2/2N3P1/PPbRPPBP/5RK1 w - - 2 14,h8e8
3,EulerE,Anatoleeee,895,890,2krr3/ppp2ppp/5n2/8/3n1N2/2N1P1P1/PPbR1PBP/5RK1 b - - 0 14,e2e3
3,EulerE,Anatoleeee,895,890,2krr3/ppp2ppp/8/8/3nnN2/2N1P1P1/PPbR1PBP/5RK1 w - - 1 15,f6e4
3,EulerE,Anatoleeee,895,890,2krr3/ppp2ppp/8/8/3nBN2/2N1P1P1/PPbR1P1P/5RK1 b - - 0 15,g2e4
3,EulerE,Anatoleeee,895,890,2kr4/ppp2ppp/8/8/3nrN2/2N1P1P1/PPbR1P1P/5RK1 w - - 0 16,e8e4
3,EulerE,Anatoleeee,895,890,2kr4/ppp2ppp/8/8/3nNN2/4P1P1/PPbR1P1P/5RK1 b - - 0 16,c3e4
3,EulerE,Anatoleeee,895,890,2kr4/ppp2ppp/8/8/4NN2/4PnP1/PPbR1P1P/5RK1 w - - 1 17,d4f3
3,EulerE,Anatoleeee,895,890,2kr4/ppp2ppp/8/8/4NN2/4PnP1/PPbR1PKP/5R2 b - - 2 17,g1g2
3,EulerE,Anatoleeee,895,890,2kr4/ppp2ppp/8/8/4NN2/4P1P1/PPbn1PKP/5R2 w - - 0 18,f3d2
3,EulerE,Anatoleeee,895,890,2kr4/ppp2ppp/8/8/5N2/4P1P1/PPbN1PKP/5R2 b - - 0 18,e4d2
3,EulerE,Anatoleeee,895,890,2k5/ppp2ppp/8/8/5N2/4P1P1/PPbr1PKP/5R2 w - - 0 19,d8d2
3,EulerE,Anatoleeee,895,890,2k5/ppp2ppp/8/8/5N2/1P2P1P1/P1br1PKP/5R2 b - - 0 19,b2b3
3,EulerE,Anatoleeee,895,890,2k5/ppp2ppp/8/8/4bN2/1P2P1P1/P2r1PKP/5R2 w - - 1 20,c2e4
3,EulerE,Anatoleeee,895,890,2k5/ppp2ppp/8/8/4bN2/1P2P1P1/P2r1P1P/5RK1 b - - 2 20,g2g1
3,EulerE,Anatoleeee,895,890,2k5/ppp2ppp/8/8/5N2/1P1bP1P1/P2r1P1P/5RK1 w - - 3 21,e4d3
3,EulerE,Anatoleeee,895,890,2k5/ppp2ppp/8/8/8/1P1NP1P1/P2r1P1P/5RK1 b - - 0 21,f4d3
3,EulerE,Anatoleeee,895,890,2k5/ppp2ppp/8/8/8/1P1rP1P1/P4P1P/5RK1 w - - 0 22,d2d3
3,EulerE,Anatoleeee,895,890,2k5/ppp2ppp/8/8/8/1P1rP1P1/P4PKP/5R2 b - - 1 22,g1g2
3,EulerE,Anatoleeee,895,890,2k5/ppp2ppp/8/8/8/1P2P1P1/P2r1PKP/5R2 w - - 2 23,d3d2
3,EulerE,Anatoleeee,895,890,2k5/ppp2ppp/8/8/P7/1P2P1P1/3r1PKP/5R2 b - - 0 23,a2a4
3,EulerE,Anatoleeee,895,890,2k5/ppp2ppp/8/8/P7/1P2P1P1/1r3PKP/5R2 w - - 1 24,d2b2
3,EulerE,Anatoleeee,895,890,2k5/ppp2ppp/8/8/P7/1P2P1P1/1r3PKP/3R4 b - - 2 24,f1d1
3,EulerE,Anatoleeee,895,890,2k5/ppp2ppp/8/8/P7/1r2P1P1/5PKP/3R4 w - - 0 25,b2b3
3,EulerE,Anatoleeee,895,890,2k5/ppp2ppp/8/8/P2R4/1r2P1P1/5PKP/8 b - - 1 25,d1d4
3,EulerE,Anatoleeee,895,890,2k5/pp3ppp/2p5/8/P2R4/1r2P1P1/5PKP/8 w - - 0 26,c7c6
3,EulerE,Anatoleeee,895,890,2k5/pp3ppp/2p5/8/P4R2/1r2P1P1/5PKP/8 b - - 1 26,d4f4
3,EulerE,Anatoleeee,895,890,2k5/pp4pp/2p2p2/8/P4R2/1r2P1P1/5PKP/8 w - - 0 27,f7f6
3,EulerE,Anatoleeee,895,890,2k5/pp4pp/2p2p2/8/P4R2/1r2PKP1/5P1P/8 b - - 1 27,g2f3
3,EulerE,Anatoleeee,895,890,2k5/p5pp/2p2p2/1p6/P4R2/1r2PKP1/5P1P/8 w - - 0 28,b7b5
3,EulerE,Anatoleeee,895,890,2k5/p5pp/2p2p2/1P6/5R2/1r2PKP1/5P1P/8 b - - 0 28,a4b5
3,EulerE,Anatoleeee,895,890,2k5/p5pp/5p2/1p6/5R2/1r2PKP1/5P1P/8 w - - 0 29,c6b5
3,EulerE,Anatoleeee,895,890,2k5/p5pp/5p2/1p6/5RK1/1r2P1P1/5P1P/8 b - - 1 29,f3g4
3,EulerE,Anatoleeee,895,890,2k5/6pp/5p2/pp6/5RK1/1r2P1P1/5P1P/8 w - - 0 30,a7a5
3,EulerE,Anatoleeee,895,890,2k5/6pp/5p2/pp3K2/5R2/1r2P1P1/5P1P/8 b - - 1 30,g4f5
3,EulerE,Anatoleeee,895,890,3k4/6pp/5p2/pp3K2/5R2/1r2P1P1/5P1P/8 w - - 2 31,c8d8
3,EulerE,Anatoleeee,895,890,3k4/6pp/4Kp2/pp6/5R2/1r2P1P1/5P1P/8 b - - 3 31,f5e6
3,EulerE,Anatoleeee,895,890,4k3/6pp/4Kp2/pp6/5R2/1r2P1P1/5P1P/8 w - - 4 32,d8e8
3,EulerE,Anatoleeee,895,890,4k3/6pp/4Kp2/pp6/6R1/1r2P1P1/5P1P/8 b - - 5 32,f4g4
3,EulerE,Anatoleeee,895,890,5k2/6pp/4Kp2/pp6/6R1/1r2P1P1/5P1P/8 w - - 6 33,e8f8
3,EulerE,Anatoleeee,895,890,5k2/6pp/5p2/pp1K4/6R1/1r2P1P1/5P1P/8 b - - 7 33,e6d5
3,EulerE,Anatoleeee,895,890,5k2/6pp/5p2/1p1K4/p5R1/1r2P1P1/5P1P/8 w - - 0 34,a5a4
3,EulerE,Anatoleeee,895,890,5k2/6pp/5p2/1p1K4/p2R4/1r2P1P1/5P1P/8 b - - 1 34,g4d4
3,EulerE,Anatoleeee,895,890,5k2/6pp/5p2/1p1K4/3R4/pr2P1P1/5P1P/8 w - - 0 35,a4a3
3,EulerE,Anatoleeee,895,890,5k2/6pp/5p2/1pK5/3R4/pr2P1P1/5P1P/8 b - - 1 35,d5c5
3,EulerE,Anatoleeee,895,890,5k2/6pp/5p2/1pK5/3R4/p1r1P1P1/5P1P/8 w - - 2 36,b3c3
3,EulerE,Anatoleeee,895,890,5k2/6pp/5p2/1K6/3R4/p1r1P1P1/5P1P/8 b - - 0 36,c5b5
3,EulerE,Anatoleeee,895,890,5k2/6pp/5p2/1K6/3R4/2r1P1P1/p4P1P/8 w - - 0 37,a3a2
3,EulerE,Anatoleeee,895,890,5k2/6pp/5p2/1K6/8/2r1P1P1/p4P1P/3R4 b - - 1 37,d4d1
3,EulerE,Anatoleeee,895,890,5k2/6pp/5p2/1K6/8/1r2P1P1/p4P1P/3R4 w - - 2 38,c3b3
3,EulerE,Anatoleeee,895,890,5k2/6pp/5p2/8/K7/1r2P1P1/p4P1P/3R4 b - - 3 38,b5a4
3,EulerE,Anatoleeee,895,890,5k2/6pp/5p2/8/K7/4P1P1/p4P1P/1r1R4 w - - 4 39,b3b1
3,EulerE,Anatoleeee,895,890,3R1k2/6pp/5p2/8/K7/4P1P1/p4P1P/1r6 b - - 5 39,d1d8
3,EulerE,Anatoleeee,895,890,3R4/4k1pp/5p2/8/K7/4P1P1/p4P1P/1r6 w - - 6 40,f8e7
3,EulerE,Anatoleeee,895,890,3R4/4k1pp/5p2/8/K4P2/4P1P1/p6P/1r6 b - - 0 40,f2f4
3,EulerE,Anatoleeee,895,890,3R4/4k1pp/5p2/8/K4P2/4P1P1/7P/qr6 w - - 0 41,a2a1q
4,AEMN1967,EulerE,944,904,rnbqkbnr/pppppppp/8/8/4P3/8/PPPP1PPP/RNBQKBNR b KQkq - 0 1,e2e4
4,AEMN1967,EulerE,944,904,rnbqkbnr/pppp1ppp/8/4p3/4P3/8/PPPP1PPP/RNBQKBNR w KQkq - 0 2,e7e5
4,AEMN1967,EulerE,944,904,rnbqkbnr/pppp1ppp/8/4p3/4P3/5N2/PPPP1PPP/RNBQKB1R b KQkq - 1 2,g1f3
4,AEMN1967,EulerE,944,904,r1bqkbnr/pppp1ppp/2n5/4p3/4P3/5N2/PPPP1PPP/RNBQKB1R w KQkq - 2 3,b8c6
4,AEMN1967,EulerE,944,904,r1bqkbnr/pppp1ppp/2n5/1B2p3/4P3/5N2/PPPP1PPP/RNBQK2R b KQkq - 3 3,f1b5
4,AEMN1967,EulerE,944,904,r1bqk1nr/pppp1ppp/2nb4/1B2p3/4P3/5N2/PPPP1PPP/RNBQK2R w KQkq - 4 4,f8d6
4,AEMN1967,EulerE,944,904,r1bqk1nr/pppp1ppp/2nb4/1B2p3/4P3/3P1N2/PPP2PPP/RNBQK2R b KQkq - 0 4,d2d3
4,AEMN1967,EulerE,944,904,r1bqk1nr/pppp1ppp/3b4/1B2p3/3nP3/3P1N2/PPP2PPP/RNBQK2R w KQkq - 1 5,c6d4
4,AEMN1967,EulerE,944,904,r1bqk1nr/pppp1ppp/3b4/1B2p3/3NP3/3P4/PPP2PPP/RNBQK2R b KQkq - 0 5,f3d4
4,AEMN1967,EulerE,944,904,r1bqk1nr/pppp1ppp/3b4/1B6/3pP3/3P4/PPP2PPP/RNBQK2R w KQkq - 0 6,e5d4
4,AEMN1967,EulerE,944,904,r1bqk1nr/pppp1ppp/3b4/8/2BpP3/3P4/PPP2PPP/RNBQK2R b KQkq - 1 6,b5c4
4,AEMN1967,EulerE,944,904,r1bqk2r/pppp1ppp/3b1n2/8/2BpP3/3P4/PPP2PPP/RNBQK2R w KQkq - 2 7,g8f6
4,AEMN1967,EulerE,944,904,r1bqk2r/pppp1ppp/3b1n2/8/2BpP3/3P1Q2/PPP2PPP/RNB1K2R b KQkq - 3 7,d1f3
4,AEMN1967,EulerE,944,904,r1bqk2r/p1pp1ppp/1p1b1n2/8/2BpP3/3P1Q2/PPP2PPP/RNB1K2R w KQkq - 0 8,b7b6
4,AEMN1967,EulerE,944,904,r1bqk2r/p1pp1ppp/1p1b1n2/3B4/3pP3/3P1Q2/PPP2PPP/RNB1K2R b KQkq - 1 8,c4d5
4,AEMN1967,EulerE,944,904,r1bqk2r/p1pp1ppp/1p1b4/3n4/3pP3/3P1Q2/PPP2PPP/RNB1K2R w KQkq - 0 9,f6d5
4,AEMN1967,EulerE,944,904,r1bqk2r/p1pp1ppp/1p1b4/3P4/3p4/3P1Q2/PPP2PPP/RNB1K2R b KQkq - 0 9,e4d5
4,AEMN1967,EulerE,944,904,r2qk2r/pbpp1ppp/1p1b4/3P4/3p4/3P1Q2/PPP2PPP/RNB1K2R w KQkq - 1 10,c8b7
4,AEMN1967,EulerE,944,904,r2qk2r/pbpp1ppp/1p1b4/3P4/3pQ3/3P4/PPP2PPP/RNB1K2R b KQkq - 2 10,f3e4
4,AEMN1967,EulerE,944,904,r3k2r/pbppqppp/1p1b4/3P4/3pQ3/3P4/PPP2PPP/RNB1K2R w KQkq - 3 11,d8e7
4,AEMN1967,EulerE,944,904,r3k2r/pbppQppp/1p1b4/3P4/3p4/3P4/PPP2PPP/RNB1K2R b KQkq - 0 11,e4e7
4,AEMN1967,EulerE,944,904,r3k2r/pbppbppp/1p6/3P4/3p4/3P4/PPP2PPP/RNB1K2R w KQkq - 0 12,d6e7
4,AEMN1967,EulerE,944,904,r3k2r/pbppbppp/1p6/3P4/3p4/3P4/PPP2PPP/RNB2RK1 b kq - 1 12,e1g1
4,AEMN1967,EulerE,944,904,r4rk1/pbppbppp/1p6/3P4/3p4/3P4/PPP2PPP/RNB2RK1 w - - 2 13,e8g8
4,AEMN1967,EulerE,944,904,r4rk1/pbppbppp/1p6/3P4/3p4/2PP4/PP3PPP/RNB2RK1 b - - 0 13,c2c3
4,AEMN1967,EulerE,944,904,r4rk1/p1ppbppp/1p6/3b4/3p4/2PP4/PP3PPP/RNB2RK1 w - - 0 14,b7d5
4,AEMN1967,EulerE,944,904,r4rk1/p1ppbppp/1p6/3b4/3P4/3P4/PP3PPP/RNB2RK1 b - - 0 14,c3d4
4,AEMN1967,EulerE,944,904,r4rk1/p2pbppp/1pp5/3b4/3P4/3P4/PP3PPP/RNB2RK1 w - - 0 15,c7c6
4,AEMN1967,EulerE,944,904,r4rk1/p2pbppp/1pp5/3b4/3P4/2NP4/PP3PPP/R1B2RK1 b - - 1 15,b1c3
4,AEMN1967,EulerE,944,904,r4rk1/p2p1ppp/1pp5/3b4/1b1P4/2NP4/PP3PPP/R1B2RK1 w - - 2 16,e7b4
4,AEMN1967,EulerE,944,904,r4rk1/p2p1ppp/1pp5/3N4/1b1P4/3P4/PP3PPP/R1B2RK1 b - - 0 16,c3d5
4,AEMN1967,EulerE,944,904,r4rk1/p2p1ppp/1p6/3p4/1b1P4/3P4/PP3PPP/R1B2RK1 w - - 0 17,c6d5
4,AEMN1967,EulerE,944,904,r4rk1/p2p1ppp/1p6/3p4/1b1P4/P2P4/1P3PPP/R1B2RK1 b - - 0 17,a2a3
4,AEMN1967,EulerE,944,904,r4rk1/p2p1ppp/1p1b4/3p4/3P4/P2P4/1P3PPP/R1B2RK1 w - - 1 18,b4d6
4,AEMN1967,EulerE,944,904,r4rk1/p2p1ppp/1p1b4/3p2B1/3P4/P2P4/1P3PPP/R4RK1 b - - 2 18,c1g5
4,AEMN1967,EulerE,944,904,r4rk1/p2p2pp/1p1b1p2/3p2B1/3P4/P2P4/1P3PPP/R4RK1 w - - 0 19,f7f6
4,AEMN1967,EulerE,944,904,r4rk1/p2p2pp/1p1b1p2/3p4/3P4/P2PB3/1P3PPP/R4RK1 b - - 1 19,g5e3
4,AEMN1967,EulerE,944,904,r3r1k1/p2p2pp/1p1b1p2/3p4/3P4/P2PB3/1P3PPP/R4RK1 w - - 2 20,f8e8
4,AEMN1967,EulerE,944,904,r3r1k1/p2p2pp/1p1b1p2/3p4/1P1P4/P2PB3/5PPP/R4RK1 b - - 0 20,b2b4
4,AEMN1967,EulerE,944,904,r3r1k1/3p2pp/1p1b1p2/p2p4/1P1P4/P2PB3/5PPP/R4RK1 w - - 0 21,a7a5
4,AEMN1967,EulerE,944,904,r3r1k1/3p2pp/1p1b1p2/P2p4/3P4/P2PB3/5PPP/R4RK1 b - - 0 21,b4a5
4,AEMN1967,EulerE,944,904,r3r1k1/3p2pp/3b1p2/p2p4/3P4/P2PB3/5PPP/R4RK1 w - - 0 22,b6a5
4,AEMN1967,EulerE,944,904,r3r1k1/3p2pp/3b1p2/p2p4/P2P4/3PB3/5PPP/R4RK1 b - - 0 22,a3a4
4,AEMN1967,EulerE,944,904,r3r1k1/3p2pp/3b4/p2p1p2/P2P4/3PB3/5PPP/R4RK1 w - - 0 23,f6f5
4,AEMN1967,EulerE,944,904,r3r1k1/3p2pp/3b4/p2p1p2/P2P4/3PB3/5PPP/RR4K1 b - - 1 23,f1b1
4,AEMN1967,EulerE,944,904,r5k1/3p2pp/3br3/p2p1p2/P2P4/3PB3/5PPP/RR4K1 w - - 2 24,e8e6
4,AEMN1967,EulerE,944,904,r5k1/3p2pp/3br3/p2p1p2/P2P4/3PB1P1/5P1P/RR4K1 b - - 0 24,g2g3
4,AEMN1967,EulerE,944,904,r5k1/3p2pp/3b1r2/p2p1p2/P2P4/3PB1P1/5P1P/RR4K1 w - - 1 25,e6f6
4,AEMN1967,EulerE,944,904,r5k1/1R1p2pp/3b1r2/p2p1p2/P2P4/3PB1P1/5P1P/R5K1 b - - 2 25,b1b7
4,AEMN1967,EulerE,944,904,r5k1/1R1p2pp/3b1r2/p2p4/P2P1p2/3PB1P1/5P1P/R5K1 w - - 0 26,f5f4
4,AEMN1967,EulerE,944,904,r5k1/1R1p2pp/3b1r2/p2p4/P2P1B2/3P2P1/5P1P/R5K1 b - - 0 26,e3f4
4,AEMN1967,EulerE,944,904,r5k1/1R1p2pp/5r2/p2p4/P2P1b2/3P2P1/5P1P/R5K1 w - - 0 27,d6f4
4,AEMN1967,EulerE,944,904,r5k1/3R2pp/5r2/p2p4/P2P1b2/3P2P1/5P1P/R5K1 b - - 0 27,b7d7
4,AEMN1967,EulerE,944,904,r5k1/3R2pp/3b1r2/p2p4/P2P4/3P2P1/5P1P/R5K1 w - - 1 28,f4d6
4,AEMN1967,EulerE,944,904,r5k1/3R2pp/3b1r2/p2p4/P2P4/3P2P1/5P1P/4R1K1 b - - 2 28,a1e1
4,AEMN1967,EulerE,944,904,r4k2/3R2pp/3b1r2/p2p4/P2P4/3P2P1/5P1P/4R1K1 w - - 3 29,g8f8
4,AEMN1967,EulerE,944,904,r4k2/3R2pp/3b1r2/p2p4/P2P1P2/3P2P1/7P/4R1K1 b - - 0 29,f2f4
4,AEMN1967,EulerE,944,904,r4k2/3R3p/3b1rp1/p2p4/P2P1P2/3P2P1/7P/4R1K1 w - - 0 30,g7g6
4,AEMN1967,EulerE,944,904,r4k2/3R3p/3b1rp1/p2p4/P2P1P2/3P2P1/6KP/4R3 b - - 1 30,g1g2
4,AEMN1967,EulerE,944,904,r4k2/3R3p/5rp1/p2p4/Pb1P1P2/3P2P1/6KP/4R3 w - - 2 31,d6b4
4,AEMN1967,EulerE,944,904,r4k2/3R3p/5rp1/p2p4/Pb1P1P2/3P2P1/4R1KP/8 b - - 3 31,e1e2
4,AEMN1967,EulerE,944,904,r4k2/3R1r1p/6p1/p2p4/Pb1P1P2/3P2P1/4R1KP/8 w - - 4 32,f6f7
4,AEMN1967,EulerE,944,904,r4k2/5r1p/6p1/p2R4/Pb1P1P2/3P2P1/4R1KP/8 b - - 0 32,d7d5
4,AEMN1967,EulerE,944,904,4rk2/5r1p/6p1/p2R4/Pb1P1P2/3P2P1/4R1KP/8 w - - 1 33,a8e8
4,AEMN1967,EulerE,944,904,4Rk2/5r1p/6p1/p2R4/Pb1P1P2/3P2P1/6KP/8 b - - 0 33,e2e8
4,AEMN1967,EulerE,944,904,4k3/5r1p/6p1/p2R4/Pb1P1P2/3P2P1/6KP/8 w - - 0 34,f8e8
4,AEMN1967,EulerE,944,904,4k3/5r1p/6p1/p3R3/Pb1P1P2/3P2P1/6KP/8 b - - 1 34,d5e5
4,AEMN1967,EulerE,944,904,4k3/4r2p/6p1/p3R3/Pb1P1P2/3P2P1/6KP/8 w - - 2 35,f7e7
4,AEMN1967,EulerE,944,904,4k3/4R2p/6p1/p7/Pb1P1P2/3P2P1/6KP/8 b - - 0 35,e5e7
4,AEMN1967,EulerE,944,904,8/4k2p/6p1/p7/Pb1P1P2/3P2P1/6KP/8 w - - 0 36,e8e7
4,AEMN1967,EulerE,944,904,8/4k2p/6p1/p7/Pb1P1P2/3P1KP1/7P/8 b - - 1 36,g2f3
4,AEMN1967,EulerE,944,904,8/7p/4k1p1/p7/Pb1P1P2/3P1KP1/7P/8 w - - 2 37,e7e6
4,AEMN1967,EulerE,944,904,8/7p/4k1p1/p7/Pb1PKP2/3P2P1/7P/8 b - - 3 37,f3e4
4,AEMN1967,EulerE,944,904,8/7p/4k1p1/p7/P2PKP2/2bP2P1/7P/8 w - - 4 38,b4c3
4,AEMN1967,EulerE,944,904,8/7p/4k1p1/p7/P2PKP1P/2bP2P1/8/8 b - - 0 38,h2h4
4,AEMN1967,EulerE,944,904,8/7p/4k1p1/p7/P2PKP1P/3P2P1/8/4b3 w - - 1 39,c3e1
4,AEMN1967,EulerE,944,904,8/7p/4k1p1/p2P4/P3KP1P/3P2P1/8/4b3 b - - 0 39,d4d5
4,AEMN1967,EulerE,944,904,8/7p/3k2p1/p2P4/P3KP1P/3P2P1/8/4b3 w - - 1 40,e6d6
4,AEMN1967,EulerE,944,904,8/7p/3k2p1/p2P1P2/P3K2P/3P2P1/8/4b3 b - - 0 40,f4f5
4,AEMN1967,EulerE,944,904,8/7p/3k4/p2P1p2/P3K2P/3P2P1/8/4b3 w - - 0 41,g6f5
4,AEMN1967,EulerE,944,904,8/7p/3k4/p2P1K2/P6P/3P2P1/8/4b3 b - - 0 41,e4f5
4,AEMN1967,EulerE,944,904,8/7p/3k4/p2P1K2/P6P/3P2b1/8/8 w - - 0 42,e1g3
4,AEMN1967,EulerE,944,904,8/7p/3k4/p2P4/P5KP/3P2b1/8/8 b - - 1 42,f5g4
4,AEMN1967,EulerE,944,904,8/7p/3k4/p2P4/P5KP/3P4/8/4b3 w - - 2 43,g3e1
4,AEMN1967,EulerE,944,904,8/7p/3k4/p2P3P/P5K1/3P4/8/4b3 b - - 0 43,h4h5
4,AEMN1967,EulerE,944,904,8/8/3k3p/p2P3P/P5K1/3P4/8/4b3 w - - 0 44,h7h6
4,AEMN1967,EulerE,944,904,8/8/3k3p/p2P1K1P/P7/3P4/8/4b3 b - - 1 44,g4f5
4,AEMN1967,EulerE,944,904,8/8/3k3p/p2P1K1P/P7/3P4/3b4/8 w - - 2 45,e1d2
4,AEMN1967,EulerE,944,904,8/8/3k3p/p2P3P/P3K3/3P4/3b4/8 b - - 3 45,f5e4
4,AEMN1967,EulerE,944,904,8/8/3k3p/p2P3P/P3K3/3P4/8/2b5 w - - 4 46,d2c1
4,AEMN1967,EulerE,944,904,8/8/3k3p/p2P3P/P2K4/3P4/8/2b5 b - - 5 46,e4d4
4,AEMN1967,EulerE,944,904,8/8/3k3p/p2P2bP/P2K4/3P4/8/8 w - - 6 47,c1g5
4,AEMN1967,EulerE,944,904,8/8/3k3p/p2P2bP/P3K3/3P4/8/8 b - - 7 47,d4e4
4,AEMN1967,EulerE,944,904,8/8/3k3p/p2P3P/P3K3/3P4/3b4/8 w - - 8 48,g5d2
4,AEMN1967,EulerE,944,904,8/8/3k3p/p2P3P/P2K4/3P4/3b4/8 b - - 9 48,e4d4
4,AEMN1967,EulerE,944,904,8/8/3k3p/p2P2bP/P2K4/3P4/8/8 w - - 10 49,d2g5
4,AEMN1967,EulerE,944,904,8/8/3k3p/p2P2bP/P1K5/3P4/8/8 b - - 11 49,d4c4
4,AEMN1967,EulerE,944,904,8/8/3k3p/p2P3P/P1K5/3P4/3b4/8 w - - 12 50,g5d2
4,AEMN1967,EulerE,944,904,8/8/3k3p/pK1P3P/P7/3P4/3b4/8 b - - 13 50,c4b5
4,AEMN1967,EulerE,944,904,8/8/7p/pK1k3P/P7/3P4/3b4/8 w - - 0 51,d6d5
4,AEMN1967,EulerE,944,904,8/8/1K5p/p2k3P/P7/3P4/3b4/8 b - - 1 51,b5b6
4,AEMN1967,EulerE,944,904,8/8/1K5p/p6P/P2k4/3P4/3b4/8 w - - 2 52,d5d4
4,AEMN1967,EulerE,944,904,8/8/7p/pK5P/P2k4/3P4/3b4/8 b - - 3 52,b6b5
4,AEMN1967,EulerE,944,904,8/8/7p/pK5P/P7/3k4/3b4/8 w - - 0 53,d4d3
4,AEMN1967,EulerE,944,904,8/8/7p/p1K4P/P7/3k4/3b4/8 b - - 1 53,b5c5
4,AEMN1967,EulerE,944,904,8/8/7p/p1K4P/P7/2k5/3b4/8 w - - 2 54,d3c3
4,AEMN1967,EulerE,944,904,8/8/7p/pK5P/P7/2k5/3b4/8 b - - 3 54,c5b5
4,AEMN1967,EulerE,944,904,8/8/7p/pK5P/P7/1k6/3b4/8 w - - 4 55,c3b3
4,AEMN1967,EulerE,944,904,8/8/K6p/p6P/P7/1k6/3b4/8 b - - 5 55,b5a6
4,AEMN1967,EulerE,944,904,8/8/K6p/p6P/k7/8/3b4/8 w - - 0 56,b3a4
4,AEMN1967,EulerE,944,904,8/8/1K5p/p6P/k7/8/3b4/8 b - - 1 56,a6b6
4,AEMN1967,EulerE,944,904,8/8/1K5p/p6P/1k6/8/3b4/8 w - - 2 57,a4b4
4,AEMN1967,EulerE,944,904,8/8/K6p/p6P/1k6/8/3b4/8 b - - 3 57,b6a6
4,AEMN1967,EulerE,944,904,8/8/K6p/7P/pk6/8/3b4/8 w - - 0 58,a5a4
4,AEMN1967,EulerE,944,904,8/8/1K5p/7P/pk6/8/3b4/8 b - - 1 58,a6b6
4,AEMN1967,EulerE,944,904,8/8/1K5p/7P/1k6/p7/3b4/8 w - - 0 59,a4a3
4,AEMN1967,EulerE,944,904,8/8/2K4p/7P/1k6/p7/3b4/8 b - - 1 59,b6c6
4,AEMN1967,EulerE,944,904,8/8/2K4p/7P/1k6/8/p2b4/8 w - - 0 60,a3a2
4,AEMN1967,EulerE,944,904,8/8/7p/3K3P/1k6/8/p2b4/8 b - - 1 60,c6d5
4,AEMN1967,EulerE,944,904,8/8/7p/3K3P/1k6/8/3b4/q7 w - - 0 61,a2a1q
4,AEMN1967,EulerE,944,904,8/8/7p/7P/1k2K3/8/3b4/q7 b - - 1 61,d5e4
4,AEMN1967,EulerE,944,904,8/8/7p/7P/2k1K3/8/3b4/q7 w - - 2 62,b4c4
4,AEMN1967,EulerE,944,904,8/8/7p/7P/2k5/5K2/3b4/q7 b - - 3 62,e4f3
4,AEMN1967,EulerE,944,904,8/8/7p/7P/2k5/5K2/3b4/5q2 w - - 4 63,a1f1
4,AEMN1967,EulerE,944,904,8/8/7p/7P/2k1K3/8/3b4/5q2 b - - 5 63,f3e4
4,AEMN1967,EulerE,944,904,8/8/7p/7P/2k1K3/8/3b4/4q3 w - - 6 64,f1e1
4,AEMN1967,EulerE,944,904,8/8/7p/5K1P/2k5/8/3b4/4q3 b - - 7 64,e4f5
4,AEMN1967,EulerE,944,904,8/8/7p/3k1K1P/8/8/3b4/4q3 w - - 8 65,c4d5
4,AEMN1967,EulerE,944,904,8/8/6Kp/3k3P/8/8/3b4/4q3 b - - 9 65,f5g6
4,AEMN1967,EulerE,944,904,8/8/4k1Kp/7P/8/8/3b4/4q3 w - - 10 66,d5e6
4,AEMN1967,EulerE,944,904,8/6K1/4k2p/7P/8/8/3b4/4q3 b - - 11 66,g6g7
4,AEMN1967,EulerE,944,904,8/6K1/7p/5k1P/8/8/3b4/4q3 w - - 12 67,e6f5
4,AEMN1967,EulerE,944,904,8/5K2/7p/5k1P/8/8/3b4/4q3 b - - 13 67,g7f7
4,AEMN1967,EulerE,944,904,8/5K2/4q2p/5k1P/8/8/3b4/8 w - - 14 68,e1e6
4,AEMN1967,EulerE,944,904,5K2/8/4q2p/5k1P/8/8/3b4/8 b - - 15 68,f7f8
4,AEMN1967,EulerE,944,904,2q2K2/8/7p/5k1P/8/8/3b4/8 w - - 16 69,e6c8
4,AEMN1967,EulerE,944,904,2q5/4K3/7p/5k1P/8/8/3b4/8 b - - 17 69,f8e7
4,AEMN1967,EulerE,944,904,8/4K3/4q2p/5k1P/8/8/3b4/8 w - - 18 70,c8e6
4,AEMN1967,EulerE,944,904,3K4/8/4q2p/5k1P/8/8/3b4/8 b - - 19 70,e7d8
4,AEMN1967,EulerE,944,904,3K4/5q2/7p/5k1P/8/8/3b4/8 w - - 20 71,e6f7
4,AEMN1967,EulerE,944,904,2K5/5q2/7p/5k1P/8/8/3b4/8 b - - 21 71,d8c8
4,AEMN1967,EulerE,944,904,2K5/4q3/7p/5k1P/8/8/3b4/8 w - - 22 72,f7e7
4,AEMN1967,EulerE,944,904,1K6/4q3/7p/5k1P/8/8/3b4/8 b - - 23 72,c8b8
4,AEMN1967,EulerE,944,904,1K6/3q4/7p/5k1P/8/8/3b4/8 w - - 24 73,e7d7
4,AEMN1967,EulerE,944,904,K7/3q4/7p/5k1P/8/8/3b4/8 b - - 25 73,b8a8
4,AEMN1967,EulerE,944,904,K7/3q4/7p/4k2P/8/8/3b4/8 w - - 26 74,f5e5
4,AEMN1967,EulerE,944,904,1K6/3q4/7p/4k2P/8/8/3b4/8 b - - 27 74,a8b8
4,AEMN1967,EulerE,944,904,1K6/3q4/3k3p/7P/8/8/3b4/8 w - - 28 75,e5d6
4,AEMN1967,EulerE,944,904,K7/3q4/3k3p/7P/8/8/3b4/8 b - - 29 75,b8a8
4,AEMN1967,EulerE,944,904,K7/3q4/2k4p/7P/8/8/3b4/8 w - - 30 76,d6c6
4,AEMN1967,EulerE,944,904,1K6/3q4/2k4p/7P/8/8/3b4/8 b - - 31 76,a8b8
4,AEMN1967,EulerE,944,904,1K6/1q6/2k4p/7P/8/8/3b4/8 w - - 32 77,d7b7
5,EulerE,alexgodfreysux,912,904,rnbqkbnr/pppppppp/8/8/3P4/8/PPP1PPPP/RNBQKBNR b KQkq - 0 1,d2d4
5,EulerE,alexgodfreysux,912,904,rnbqkbnr/ppp1pppp/3p4/8/3P4/8/PPP1PPPP/RNBQKBNR w KQkq - 0 2,d7d6
5,EulerE,alexgodfreysux,912,904,rnbqkbnr/ppp1pppp/3p4/8/3PP3/8/PPP2PPP/RNBQKBNR b KQkq - 0 2,e2e4
5,EulerE,alexgodfreysux,912,904,rnbqkbnr/ppp2ppp/3p4/4p3/3PP3/8/PPP2PPP/RNBQKBNR w KQkq - 0 3,e7e5
5,EulerE,alexgodfreysux,912,904,rnbqkbnr/ppp2ppp/3p4/4P3/4P3/8/PPP2PPP/RNBQKBNR b KQkq - 0 3,d4e5
5,EulerE,alexgodfreysux,912,904,rnbqkbnr/ppp2ppp/8/4p3/4P3/8/PPP2PPP/RNBQKBNR w KQkq - 0 4,d6e5
5,EulerE,alexgodfreysux,912,904,rnbQkbnr/ppp2ppp/8/4p3/4P3/8/PPP2PPP/RNB1KBNR b KQkq - 0 4,d1d8
5,EulerE,alexgodfreysux,912,904,rnbk1bnr/ppp2ppp/8/4p3/4P3/8/PPP2PPP/RNB1KBNR w KQ - 0 5,e8d8
5,EulerE,alexgodfreysux,912,904,rnbk1bnr/ppp2ppp/8/4p3/4P3/5N2/PPP2PPP/RNB1KB1R b KQ - 1 5,g1f3
5,EulerE,alexgodfreysux,912,904,r1bk1bnr/ppp2ppp/2n5/4p3/4P3/5N2/PPP2PPP/RNB1KB1R w KQ - 2 6,b8c6
5,EulerE,alexgodfreysux,912,904,r1bk1bnr/ppp2ppp/2n5/4p3/2B1P3/5N2/PPP2PPP/RNB1K2R b KQ - 3 6,f1c4
5,EulerE,alexgodfreysux,912,904,r2k1bnr/ppp2ppp/2n1b3/4p3/2B1P3/5N2/PPP2PPP/RNB1K2R w KQ - 4 7,c8e6
5,EulerE,alexgodfreysux,912,904,r2k1bnr/ppp2ppp/2n1B3/4p3/4P3/5N2/PPP2PPP/RNB1K2R b KQ - 0 7,c4e6
5,EulerE,alexgodfreysux,912,904,r2k1bnr/ppp3pp/2n1p3/4p3/4P3/5N2/PPP2PPP/RNB1K2R w KQ - 0 8,f7e6
5,EulerE,alexgodfreysux,912,904,r2k1bnr/ppp3pp/2n1p3/4p3/4P3/2P2N2/PP3PPP/RNB1K2R b KQ - 0 8,c2c3
5,EulerE,alexgodfreysux,912,904,r2k1b1r/ppp3pp/2n1pn2/4p3/4P3/2P2N2/PP3PPP/RNB1K2R w KQ - 1 9,g8f6
5,EulerE,alexgodfreysux,912,904,r2k1b1r/ppp3pp/2n1pn2/4p3/4P3/2P2N2/PP1N1PPP/R1B1K2R b KQ - 2 9,b1d2
5,EulerE,alexgodfreysux,912,904,r2k1b1r/1pp3pp/2n1pn2/p3p3/4P3/2P2N2/PP1N1PPP/R1B1K2R w KQ - 0 10,a7a5
5,EulerE,alexgodfreysux,912,904,r2k1b1r/1pp3pp/2n1pn2/p3p1N1/4P3/2P5/PP1N1PPP/R1B1K2R b KQ - 1 10,f3g5
5,EulerE,alexgodfreysux,912,904,r4b1r/1pp1k1pp/2n1pn2/p3p1N1/4P3/2P5/PP1N1PPP/R1B1K2R w KQ - 2 11,d8e7
5,EulerE,alexgodfreysux,912,904,r4b1r/1pp1k1pp/2n1pn2/p3p1N1/4P3/2P2N2/PP3PPP/R1B1K2R b KQ - 3 11,d2f3
5,EulerE,alexgodfreysux,912,904,r4b1r/2p1k1pp/2n1pn2/pp2p1N1/4P3/2P2N2/PP3PPP/R1B1K2R w KQ - 0 12,b7b5
5,EulerE,alexgodfreysux,912,904,r4b1r/2p1k1pp/2n1pn2/pp2p1N1/4P3/2P2N2/PP3PPP/R1B2RK1 b - - 1 12,e1g1
5,EulerE,alexgodfreysux,912,904,r4b1r/2p1k1p1/2n1pn1p/pp2p1N1/4P3/2P2N2/PP3PPP/R1B2RK1 w - - 0 13,h7h6
5,EulerE,alexgodfreysux,912,904,r4b1r/2p1k1p1/2n1pn1p/pp2p3/4P3/2P2N1N/PP3PPP/R1B2RK1 b - - 1 13,g5h3
5,EulerE,alexgodfreysux,912,904,r4b1r/2p1k1p1/2n1p2p/pp2p3/4n3/2P2N1N/PP3PPP/R1B2RK1 w - - 0 14,f6e4
5,EulerE,alexgodfreysux,912,904,r4b1r/2p1k1p1/2n1p2p/pp2p3/4n3/2P2N1N/PP3PPP/R1B1R1K1 b - - 1 14,f1e1
5,EulerE,alexgodfreysux,912,904,r4b1r/2p1k1p1/2n1p2p/ppn1p3/8/2P2N1N/PP3PPP/R1B1R1K1 w - - 2 15,e4c5
5,EulerE,alexgodfreysux,912,904,r4b1r/2p1k1p1/2n1p2p/ppn1N3/8/2P4N/PP3PPP/R1B1R1K1 b - - 0 15,f3e5
5,EulerE,alexgodfreysux,912,904,r4b1r/2p1k1p1/4p2p/ppn1n3/8/2P4N/PP3PPP/R1B1R1K1 w - - 0 16,c6e5
5,EulerE,alexgodfreysux,912,904,r4b1r/2p1k1p1/4p2p/ppn1R3/8/2P4N/PP3PPP/R1B3K1 b - - 0 16,e1e5
5,EulerE,alexgodfreysux,912,904,r4b1r/2p1k1p1/4p2p/pp2R3/8/2Pn3N/PP3PPP/R1B3K1 w - - 1 17,c5d3
5,EulerE,alexgodfreysux,912,904,r4b1r/2p1k1p1/4p2p/pR6/8/2Pn3N/PP3PPP/R1B3K1 b - - 0 17,e5b5
5,EulerE,alexgodfreysux,912,904,r4b1r/2p1k1p1/4p2p/pR6/8/2P4N/PP3PPP/R1n3K1 w - - 0 18,d3c1
5,EulerE,alexgodfreysux,912,904,r4b1r/2p1k1p1/4p2p/pR6/8/2P4N/PP3PPP/2R3K1 b - - 0 18,a1c1
5,EulerE,alexgodfreysux,912,904,r4b1r/2p1k3/4p2p/pR4p1/8/2P4N/PP3PPP/2R3K1 w - - 0 19,g7g5
5,EulerE,alexgodfreysux,912,904,r4b1r/2p1k3/4p2p/pR4p1/5P2/2P4N/PP4PP/2R3K1 b - - 0 19,f2f4
5,EulerE,alexgodfreysux,912,904,r4b1r/2p1k3/4p2p/pR6/5Pp1/2P4N/PP4PP/2R3K1 w - - 0 20,g5g4
5,EulerE,alexgodfreysux,912,904,r4b1r/2p1k3/4p2p/pR6/5Pp1/2P5/PP3NPP/2R3K1 b - - 1 20,h3f2
5,EulerE,alexgodfreysux,912,904,r4b1r/2p5/4pk1p/pR6/5Pp1/2P5/PP3NPP/2R3K1 w - - 2 21,e7f6
5,EulerE,alexgodfreysux,912,904,r4b1r/2p5/4pk1p/pR6/5PN1/2P5/PP4PP/2R3K1 b - - 0 21,f2g4
5,EulerE,alexgodfreysux,912,904,r4b1r/2p3k1/4p2p/pR6/5PN1/2P5/PP4PP/2R3K1 w - - 1 22,f6g7
5,EulerE,alexgodfreysux,912,904,r4b1r/2p3k1/4p2p/pR6/5PN1/2P5/PP4PP/4R1K1 b - - 2 22,c1e1
5,EulerE,alexgodfreysux,912,904,r4b1r/6k1/2p1p2p/pR6/5PN1/2P5/PP4PP/4R1K1 w - - 0 23,c7c6
5,EulerE,alexgodfreysux,912,904,r4b1r/6k1/1Rp1p2p/p7/5PN1/2P5/PP4PP/4R1K1 b - - 1 23,b5b6
5,EulerE,alexgodfreysux,912,904,r6r/6k1/1Rp1p2p/p1b5/5PN1/2P5/PP4PP/4R1K1 w - - 2 24,f8c5
5,EulerE,alexgodfreysux,912,904,r6r/6k1/1Rp1p2p/p1b5/5PN1/2P5/PP4PP/4R2K b - - 3 24,g1h1
5,EulerE,alexgodfreysux,912,904,r6r/6k1/1bp1p2p/p7/5PN1/2P5/PP4PP/4R2K w - - 0 25,c5b6
5,EulerE,alexgodfreysux,912,904,r6r/6k1/1bp1R2p/p7/5PN1/2P5/PP4PP/7K b - - 0 25,e1e6
5,EulerE,alexgodfreysux,912,904,4r2r/6k1/1bp1R2p/p7/5PN1/2P5/PP4PP/7K w - - 1 26,a8e8
5,EulerE,alexgodfreysux,912,904,4R2r/6k1/1bp4p/p7/5PN1/2P5/PP4PP/7K b - - 0 26,e6e8
5,EulerE,alexgodfreysux,912,904,4r3/6k1/1bp4p/p7/5PN1/2P5/PP4PP/7K w - - 0 27,h8e8
5,EulerE,alexgodfreysux,912,904,4r3/6k1/1bp4p/p7/5PN1/2P3P1/PP5P/7K b - - 0 27,g2g3
5,EulerE,alexgodfreysux,912,904,4r3/6k1/1bp5/p6p/5PN1/2P3P1/PP5P/7K w - - 0 28,h6h5
5,EulerE,alexgodfreysux,912,904,4r3/6k1/1bp5/p3N2p/5P2/2P3P1/PP5P/7K b - - 1 28,g4e5
5,EulerE,alexgodfreysux,912,904,4r3/2b3k1/2p5/p3N2p/5P2/2P3P1/PP5P/7K w - - 2 29,b6c7
5,EulerE,alexgodfreysux,912,904,4r3/2b3k1/2N5/p6p/5P2/2P3P1/PP5P/7K b - - 0 29,e5c6
5,EulerE,alexgodfreysux,912,904,4r3/2b3k1/2N5/p7/5P1p/2P3P1/PP5P/7K w - - 0 30,h5h4
5,EulerE,alexgodfreysux,912,904,4r3/2b3k1/2N5/p7/5P1P/2P5/PP5P/7K b - - 0 30,g3h4
5,EulerE,alexgodfreysux,912,904,4r3/6k1/2N5/p7/5b1P/2P5/PP5P/7K w - - 0 31,c7f4
5,EulerE,alexgodfreysux,912,904,4r3/6k1/8/N7/5b1P/2P5/PP5P/7K b - - 0 31,c6a5
5,EulerE,alexgodfreysux,912,904,8/6k1/8/N7/5b1P/2P5/PP5P/4r2K w - - 1 32,e8e1
5,EulerE,alexgodfreysux,912,904,8/6k1/8/N7/5b1P/2P5/PP4KP/4r3 b - - 2 32,h1g2
5,EulerE,alexgodfreysux,912,904,8/6k1/8/N7/5b1P/2P5/PP2r1KP/8 w - - 3 33,e1e2
5,EulerE,alexgodfreysux,912,904,8/6k1/8/N7/5b1P/2P2K2/PP2r2P/8 b - - 4 33,g2f3
5,EulerE,alexgodfreysux,912,904,8/6k1/8/N7/5b1P/2P1rK2/PP5P/8 w - - 5 34,e2e3
5,EulerE,alexgodfreysux,912,904,8/6k1/8/N7/5K1P/2P1r3/PP5P/8 b - - 0 34,f3f4
5,EulerE,alexgodfreysux,912,904,8/4r1k1/8/N7/5K1P/2P5/PP5P/8 w - - 1 35,e3e7
5,EulerE,alexgodfreysux,912,904,8/4r1k1/8/N7/1P3K1P/2P5/P6P/8 b - - 0 35,b2b4
5,EulerE,alexgodfreysux,912,904,8/4r3/5k2/N7/1P3K1P/2P5/P6P/8 w - - 1 36,g7f6
5,EulerE,alexgodfreysux,912,904,8/4r3/5k2/NP6/5K1P/2P5/P6P/8 b - - 0 36,b4b5
5,EulerE,alexgodfreysux,912,904,8/7r/5k2/NP6/5K1P/2P5/P6P/8 w - - 1 37,e7h7
5,EulerE,alexgodfreysux,912,904,8/7r/1P3k2/N7/5K1P/2P5/P6P/8 b - - 0 37,b5b6
5,EulerE,alexgodfreysux,912,904,8/8/1P3k2/N7/5K1r/2P5/P6P/8 w - - 0 38,h7h4
5,EulerE,alexgodfreysux,912,904,8/8/1P3k2/N7/7r/2P3K1/P6P/8 b - - 1 38,f4g3
5,EulerE,alexgodfreysux,912,904,7r/8/1P3k2/N7/8/2P3K1/P6P/8 w - - 2 39,h4h8
5,EulerE,alexgodfreysux,912,904,7r/1P6/5k2/N7/8/2P3K1/P6P/8 b - - 0 39,b6b7
5,EulerE,alexgodfreysux,912,904,7r/1P6/8/N3k3/8/2P3K1/P6P/8 w - - 1 40,f6e5
5,EulerE,alexgodfreysux,912,904,7r/1P6/2N5/4k3/8/2P3K1/P6P/8 b - - 2 40,a5c6
5,EulerE,alexgodfreysux,912,904,7r/1P6/2Nk4/8/8/2P3K1/P6P/8 w - - 3 41,e5d6
5,EulerE,alexgodfreysux,912,904,1Q5r/8/2Nk4/8/8/2P3K1/P6P/8 b - - 0 41,b7b8q
5,EulerE,alexgodfreysux,912,904,1r6/8/2Nk4/8/8/2P3K1/P6P/8 w - - 0 42,h8b8
5,EulerE,alexgodfreysux,912,904,1N6/8/3k4/8/8/2P3K1/P6P/8 b - - 0 42,c6b8
5,EulerE,alexgodfreysux,912,904,1N6/2k5/8/8/8/2P3K1/P6P/8 w - - 1 43,d6c7
5,EulerE,alexgodfreysux,912,904,8/2k5/N7/8/8/2P3K1/P6P/8 b - - 2 43,b8a6
6,EulerE,Andreas2525,919,864,rnbqkbnr/pppppppp/8/8/3P4/8/PPP1PPPP/RNBQKBNR b KQkq - 0 1,d2d4
6,EulerE,Andreas2525,919,864,rnbqkbnr/ppp1pppp/8/3p4/3P4/8/PPP1PPPP/RNBQKBNR w KQkq - 0 2,d7d5
6,EulerE,Andreas2525,919,864,rnbqkbnr/ppp1pppp/8/3p4/2PP4/8/PP2PPPP/RNBQKBNR b KQkq - 0 2,c2c4
6,EulerE,Andreas2525,919,864,rnbqkbnr/ppp1pppp/8/8/2pP4/8/PP2PPPP/RNBQKBNR w KQkq - 0 3,d5c4
6,EulerE,Andreas2525,919,864,rnbqkbnr/ppp1pppp/8/8/2pPP3/8/PP3PPP/RNBQKBNR b KQkq - 0 3,e2e4
6,EulerE,Andreas2525,919,864,rnbqkb1r/ppp1pppp/5n2/8/2pPP3/8/PP3PPP/RNBQKBNR w KQkq - 1 4,g8f6
6,EulerE,Andreas2525,919,864,rnbqkb1r/ppp1pppp/5n2/8/2pPP3/2N5/PP3PPP/R1BQKBNR b KQkq - 2 4,b1c3
6,EulerE,Andreas2525,919,864,r1bqkb1r/ppp1pppp/2n2n2/8/2pPP3/2N5/PP3PPP/R1BQKBNR w KQkq - 3 5,b8c6
6,EulerE,Andreas2525,919,864,r1bqkb1r/ppp1pppp/2n2n2/8/2pPP3/2N2N2/PP3PPP/R1BQKB1R b KQkq - 4 5,g1f3
6,EulerE,Andreas2525,919,864,r2qkb1r/ppp1pppp/2n2n2/8/2pPP1b1/2N2N2/PP3PPP/R1BQKB1R w KQkq - 5 6,c8g4
6,EulerE,Andreas2525,919,864,r2qkb1r/ppp1pppp/2n2n2/8/2pPP1b1/2N1BN2/PP3PPP/R2QKB1R b KQkq - 6 6,c1e3
6,EulerE,Andreas2525,919,864,r2qkb1r/ppp2ppp/2n1pn2/8/2pPP1b1/2N1BN2/PP3PPP/R2QKB1R w KQkq - 0 7,e7e6
6,EulerE,Andreas2525,919,864,r2qkb1r/ppp2ppp/2n1pn2/8/2BPP1b1/2N1BN2/PP3PPP/R2QK2R b KQkq - 0 7,f1c4
6,EulerE,Andreas2525,919,864,r2qk2r/ppp2ppp/2n1pn2/8/1bBPP1b1/2N1BN2/PP3PPP/R2QK2R w KQkq - 1 8,f8b4
6,EulerE,Andreas2525,919,864,r2qk2r/ppp2ppp/2n1pn2/4P3/1bBP2b1/2N1BN2/PP3PPP/R2QK2R b KQkq - 0 8,e4e5
6,EulerE,Andreas2525,919,864,r2qk2r/ppp2ppp/2n1pn2/4P3/2BP2b1/2b1BN2/PP3PPP/R2QK2R w KQkq - 0 9,b4c3
6,EulerE,Andreas2525,919,864,r2qk2r/ppp2ppp/2n1pn2/4P3/2BP2b1/2P1BN2/P4PPP/R2QK2R b KQkq - 0 9,b2c3
6,EulerE,Andreas2525,919,864,r2qk2r/ppp2ppp/2n1p3/4P3/2BPn1b1/2P1BN2/P4PPP/R2QK2R w KQkq - 1 10,f6e4
6,EulerE,Andreas2525,919,864,r2qk2r/ppp2ppp/2n1p3/4P3/2BPn1b1/2P1BN2/P4PPP/R2Q1RK1 b kq - 2 10,e1g1
6,EulerE,Andreas2525,919,864,r2qk2r/ppp2ppp/2n1p3/4P3/2BP2b1/2n1BN2/P4PPP/R2Q1RK1 w kq - 0 11,e4c3
6,EulerE,Andreas2525,919,864,r2qk2r/ppp2ppp/2n1p3/4P3/2BP2b1/2n1BN2/P1Q2PPP/R4RK1 b kq - 1 11,d1c2
6,EulerE,Andreas2525,919,864,r2qk2r/ppp2ppp/4p3/4P3/2Bn2b1/2n1BN2/P1Q2PPP/R4RK1 w kq - 0 12,c6d4
6,EulerE,Andreas2525,919,864,r2qk2r/ppp2ppp/4p3/4P3/2BB2b1/2n2N2/P1Q2PPP/R4RK1 b kq - 0 12,e3d4
6,EulerE,Andreas2525,919,864,r2qk2r/ppp2ppp/4p3/4P3/2BB4/2n2b2/P1Q2PPP/R4RK1 w kq - 0 13,g4f3
6,EulerE,Andreas2525,919,864,r2qk2r/ppp2ppp/4p3/4P3/2B5/2B2b2/P1Q2PPP/R4RK1 b kq - 0 13,d4c3
6,EulerE,Andreas2525,919,864,r2qk2r/ppp2ppp/4p3/3bP3/2B5/2B5/P1Q2PPP/R4RK1 w kq - 1 14,f3d5
6,EulerE,Andreas2525,919,864,r2qk2r/ppp2ppp/4p3/1B1bP3/8/2B5/P1Q2PPP/R4RK1 b kq - 2 14,c4b5
6,EulerE,Andreas2525,919,864,r2qk2r/pp3ppp/2p1p3/1B1bP3/8/2B5/P1Q2PPP/R4RK1 w kq - 0 15,c7c6
6,EulerE,Andreas2525,919,864,r2qk2r/pp3ppp/2p1p3/3bP3/8/2B5/P1Q1BPPP/R4RK1 b kq - 1 15,b5e2
6,EulerE,Andreas2525,919,864,r2qk2r/pp4pp/2p1p3/3bPp2/8/2B5/P1Q1BPPP/R4RK1 w kq f6 0 16,f7f5
6,EulerE,Andreas2525,919,864,r2qk2r/pp4pp/2p1p3/3bPp2/8/2B5/P1Q1BPPP/R2R2K1 b kq - 1 16,f1d1
6,EulerE,Andreas2525,919,864,r3k2r/pp4pp/2p1p3/3bPpq1/8/2B5/P1Q1BPPP/R2R2K1 w kq - 2 17,d8g5
6,EulerE,Andreas2525,919,864,r3k2r/pp4pp/2p1p3/3bPpq1/8/2B3P1/P1Q1BP1P/R2R2K1 b kq - 0 17,g2g3
6,EulerE,Andreas2525,919,864,r3k2r/pp4pp/2p1p3/3bP1q1/5p2/2B3P1/P1Q1BP1P/R2R2K1 w kq - 0 18,f5f4
6,EulerE,Andreas2525,919,864,r3k2r/pp4pp/2p1p3/3bP1q1/5p2/6P1/P1QBBP1P/R2R2K1 b kq - 1 18,c3d2
6,EulerE,Andreas2525,919,864,r3kr2/pp4pp/2p1p3/3bP1q1/5p2/6P1/P1QBBP1P/R2R2K1 w q - 2 19,h8f8
6,EulerE,Andreas2525,919,864,r3kr2/pp4pp/2p1p3/3bP1q1/5p1P/6P1/P1QBBP2/R2R2K1 b q - 0 19,h2h4
6,EulerE,Andreas2525,919,864,r3kr2/pp4pp/2p1p3/3bq3/5p1P/6P1/P1QBBP2/R2R2K1 w q - 0 20,g5e5
6,EulerE,Andreas2525,919,864,r3kr2/pp4pp/2p1p3/3bq3/5p1P/6P1/P1QB1P2/R2R1BK1 b q - 1 20,e2f1
6,EulerE,Andreas2525,919,864,r3kr2/pp4pp/2p1p3/3b4/4qp1P/6P1/P1QB1P2/R2R1BK1 w q - 2 21,e5e4
6,EulerE,Andreas2525,919,864,r3kr2/pp4pp/2p1p3/3b4/4Qp1P/6P1/P2B1P2/R2R1BK1 b q - 0 21,c2e4
6,EulerE,Andreas2525,919,864,r3kr2/pp4pp/2p1p3/8/4bp1P/6P1/P2B1P2/R2R1BK1 w q - 0 22,d5e4
6,EulerE,Andreas2525,919,864,r3kr2/pp4pp/2p1p3/8/1B2bp1P/6P1/P4P2/R2R1BK1 b q - 1 22,d2b4
6,EulerE,Andreas2525,919,864,r3k3/pp4pp/2p1p3/5r2/1B2bp1P/6P1/P4P2/R2R1BK1 w q - 2 23,f8f5
6,EulerE,Andreas2525,919,864,r3k3/pp4pp/2p1p3/5r2/1B2bp1P/3B2P1/P4P2/R2R2K1 b q - 3 23,f1d3
6,EulerE,Andreas2525,919,864,r3k3/pp4pp/2p1p3/5r2/1B3p1P/3b2P1/P4P2/R2R2K1 w q - 0 24,e4d3
6,EulerE,Andreas2525,919,864,r3k3/pp4pp/2p1p3/5r2/1B3p1P/3R2P1/P4P2/R5K1 b q - 0 24,d1d3
6,EulerE,Andreas2525,919,864,3rk3/pp4pp/2p1p3/5r2/1B3p1P/3R2P1/P4P2/R5K1 w - - 1 25,a8d8
6,EulerE,Andreas2525,919,864,3Rk3/pp4pp/2p1p3/5r2/1B3p1P/6P1/P4P2/R5K1 b - - 0 25,d3d8
6,EulerE,Andreas2525,919,864,3k4/pp4pp/2p1p3/5r2/1B3p1P/6P1/P4P2/R5K1 w - - 0 26,e8d8
6,EulerE,Andreas2525,919,864,3k4/pp4pp/2p1p3/B4r2/5p1P/6P1/P4P2/R5K1 b - - 1 26,b4a5
6,EulerE,Andreas2525,919,864,3k4/p5pp/1pp1p3/B4r2/5p1P/6P1/P4P2/R5K1 w - - 0 27,b7b6
6,EulerE,Andreas2525,919,864,3k4/p5pp/1pp1p3/5r2/5p1P/6P1/P2B1P2/R5K1 b - - 1 27,a5d2
6,EulerE,Andreas2525,919,864,3k4/p5pp/1pp1p3/5r2/7P/6p1/P2B1P2/R5K1 w - - 0 28,f4g3
6,EulerE,Andreas2525,919,864,3k4/p5pp/1pp1p3/5r2/7P/6P1/P2B4/R5K1 b - - 0 28,f2g3
6,EulerE,Andreas2525,919,864,3k4/p5pp/1pp1p3/8/7P/5rP1/P2B4/R5K1 w - - 1 29,f5f3
6,EulerE,Andreas2525,919,864,3k4/p5pp/1pp1p3/8/7P/5rP1/P2B4/3R2K1 b - - 2 29,a1d1
6,EulerE,Andreas2525,919,864,3k4/p5pp/1pp1p3/8/7P/6r1/P2B4/3R2K1 w - - 0 30,f3g3
6,EulerE,Andreas2525,919,864,3k4/p5pp/1pp1p3/8/7P/6r1/P2B4/3R3K b - - 1 30,g1h1
6,EulerE,Andreas2525,919,864,3k4/p5pp/1pp1p3/8/7P/3r4/P2B4/3R3K w - - 2 31,g3d3
6,EulerE,Andreas2525,919,864,3k4/p5pp/1pp1p3/6B1/7P/3r4/P7/3R3K b - - 3 31,d2g5
6,EulerE,Andreas2525,919,864,8/p1k3pp/1pp1p3/6B1/7P/3r4/P7/3R3K w - - 4 32,d8c7
6,EulerE,Andreas2525,919,864,8/p1k3pp/1pp1p3/6B1/7P/3R4/P7/7K b - - 0 32,d1d3
6,EulerE,Andreas2525,919,864,8/p1k3pp/1p2p3/2p3B1/7P/3R4/P7/7K w - - 0 33,c6c5
6,EulerE,Andreas2525,919,864,8/p1k3pp/1p2p3/2p5/5B1P/3R4/P7/7K b - - 1 33,g5f4
6,EulerE,Andreas2525,919,864,8/p5pp/1pk1p3/2p5/5B1P/3R4/P7/7K w - - 2 34,c7c6
6,EulerE,Andreas2525,919,864,8/p5pp/1pk1p3/2p5/5B1P/3R4/P5K1/8 b - - 3 34,h1g2
6,EulerE,Andreas2525,919,864,8/p5pp/1pk1p3/8/2p2B1P/3R4/P5K1/8 w - - 0 35,c5c4
6,EulerE,Andreas2525,919,864,8/p5pp/1pk1p3/8/2p2B1P/2R5/P5K1/8 b - - 1 35,d3c3
6,EulerE,Andreas2525,919,864,8/p5pp/2k1p3/1p6/2p2B1P/2R5/P5K1/8 w - - 0 36,b6b5
6,EulerE,Andreas2525,919,864,8/p5pp/2k1p3/1p6/2p2B1P/P1R5/6K1/8 b - - 0 36,a2a3
6,EulerE,Andreas2525,919,864,8/6pp/2k1p3/pp6/2p2B1P/P1R5/6K1/8 w - - 0 37,a7a5
6,EulerE,Andreas2525,919,864,8/6pp/2k1p3/pp2B3/2p4P/P1R5/6K1/8 b - - 1 37,f4e5
6,EulerE,Andreas2525,919,864,8/6pp/4p3/ppk1B3/2p4P/P1R5/6K1/8 w - - 2 38,c6c5
6,EulerE,Andreas2525,919,864,8/6Bp/4p3/ppk5/2p4P/P1R5/6K1/8 b - - 0 38,e5g7
6,EulerE,Andreas2525,919,864,8/6Bp/4p3/p1k5/1pp4P/P1R5/6K1/8 w - - 0 39,b5b4
6,EulerE,Andreas2525,919,864,8/6Bp/4p3/p1k5/1Pp4P/2R5/6K1/8 b - - 0 39,a3b4
6,EulerE,Andreas2525,919,864,8/6Bp/4p3/2k5/1pp4P/2R5/6K1/8 w - - 0 40,a5b4
6,EulerE,Andreas2525,919,864,8/6Bp/4p3/2k5/1pp4P/5R2/6K1/8 b - - 1 40,c3f3
6,EulerE,Andreas2525,919,864,8/6Bp/4p3/2k5/2p4P/1p3R2/6K1/8 w - - 0 41,b4b3
6,EulerE,Andreas2525,919,864,8/6Bp/4p3/2k5/2p4P/1p3R2/5K2/8 b - - 1 41,g2f2
6,EulerE,Andreas2525,919,864,8/6Bp/4p3/8/1kp4P/1p3R2/5K2/8 w - - 2 42,c5b4
6,EulerE,Andreas2525,919,864,8/6Bp/4p3/8/1kp4P/1p3R2/8/4K3 b - - 3 42,f2e1
6,EulerE,Andreas2525,919,864,8/6Bp/4p3/8/1k5P/1pp2R2/8/4K3 w - - 0 43,c4c3
6,EulerE,Andreas2525,919,864,8/7p/4p3/8/1k5P/1pB2R2/8/4K3 b - - 0 43,g7c3
6,EulerE,Andreas2525,919,864,8/7p/4p3/8/7P/kpB2R2/8/4K3 w - - 1 44,b4a3
6,EulerE,Andreas2525,919,864,8/7p/4p3/8/7P/kpB5/5R2/4K3 b - - 2 44,f3f2
6,EulerE,Andreas2525,919,864,8/8/4p2p/8/7P/kpB5/5R2/4K3 w - - 0 45,h7h6
6,EulerE,Andreas2525,919,864,8/8/4p2p/8/7P/kp6/1B3R2/4K3 b - - 1 45,c3b2
6,EulerE,Andreas2525,919,864,8/8/4p2p/8/7P/1p6/kB3R2/4K3 w - - 2 46,a3a2
6,EulerE,Andreas2525,919,864,8/8/4p2p/8/7P/1p6/kB3R2/5K2 b - - 3 46,e1f1
6,EulerE,Andreas2525,919,864,8/8/4p3/7p/7P/1p6/kB3R2/5K2 w - - 0 47,h6h5
6,EulerE,Andreas2525,919,864,8/8/4p3/7p/7P/1p6/kB3RK1/8 b - - 1 47,f1g2
6,EulerE,Andreas2525,919,864,8/8/4p3/7p/7P/1p6/1B3RK1/1k6 w - - 2 48,a2b1
6,EulerE,Andreas2525,919,864,8/8/4p3/7p/7P/1p4K1/1B3R2/1k6 b - - 3 48,g2g3
6,EulerE,Andreas2525,919,864,8/8/4p3/7p/7P/1p4K1/kB3R2/8 w - - 4 49,b1a2
6,EulerE,Andreas2525,919,864,8/8/4p3/7p/5K1P/1p6/kB3R2/8 b - - 5 49,g3f4
6,EulerE,Andreas2525,919,864,8/8/4p3/7p/5K1P/1p6/1B3R2/1k6 w - - 6 50,a2b1
6,EulerE,Andreas2525,919,864,8/8/4p3/4K2p/7P/1p6/1B3R2/1k6 b - - 7 50,f4e5
6,EulerE,Andreas2525,919,864,8/8/4p3/4K2p/7P/1p6/kB3R2/8 w - - 8 51,b1a2
6,EulerE,Andreas2525,919,864,8/8/4K3/7p/7P/1p6/kB3R2/8 b - - 0 51,e5e6
6,EulerE,Andreas2525,919,864,8/8/4K3/7p/7P/1p6/1B3R2/1k6 w - - 1 52,a2b1
6,EulerE,Andreas2525,919,864,8/8/5K2/7p/7P/1p6/1B3R2/1k6 b - - 2 52,e6f6
6,EulerE,Andreas2525,919,864,8/8/5K2/7p/7P/1p6/kB3R2/8 w - - 3 53,b1a2
6,EulerE,Andreas2525,919,864,8/8/6K1/7p/7P/1p6/kB3R2/8 b - - 4 53,f6g6
6,EulerE,Andreas2525,919,864,8/8/6K1/7p/7P/1p6/1B3R2/1k6 w - - 5 54,a2b1
6,EulerE,Andreas2525,919,864,8/8/8/7K/7P/1p6/1B3R2/1k6 b - - 0 54,g6h5
6,EulerE,Andreas2525,919,864,8/8/8/7K/7P/1p6/kB3R2/8 w - - 1 55,b1a2
6,EulerE,Andreas2525,919,864,8/8/8/6K1/7P/1p6/kB3R2/8 b - - 2 55,h5g5
6,EulerE,Andreas2525,919,864,8/8/8/6K1/7P/1p6/1B3R2/1k6 w - - 3 56,a2b1
6,EulerE,Andreas2525,919,864,8/8/8/6KP/8/1p6/1B3R2/1k6 b - - 0 56,h4h5
6,EulerE,Andreas2525,919,864,8/8/8/6KP/8/1p6/kB3R2/8 w - - 1 57,b1a2
6,EulerE,Andreas2525,919,864,8/8/7P/6K1/8/1p6/kB3R2/8 b - - 0 57,h5h6
6,EulerE,Andreas2525,919,864,8/8/7P/6K1/8/1p6/1B3R2/1k6 w - - 1 58,a2b1
6,EulerE,Andreas2525,919,864,8/7P/8/6K1/8/1p6/1B3R2/1k6 b - - 0 58,h6h7
6,EulerE,Andreas2525,919,864,8/7P/8/6K1/8/1p6/kB3R2/8 w - - 1 59,b1a2
6,EulerE,Andreas2525,919,864,7Q/8/8/6K1/8/1p6/kB3R2/8 b - - 0 59,h7h8q
6,EulerE,Andreas2525,919,864,7Q/8/8/6K1/8/1p6/1B3R2/1k6 w - - 1 60,a2b1
6,EulerE,Andreas2525,919,864,7Q/8/5B2/6K1/8/1p6/5R2/1k6 b - - 2 60,b2f6
6,EulerE,Andreas2525,919,864,7Q/8/5B2/6K1/8/1p6/5R2/2k5 w - - 3 61,b1c1
6,EulerE,Andreas2525,919,864,8/8/5B2/6K1/8/1p6/5R2/2k4Q b - - 4 61,h8h1
7,ZainQ101,EulerE,932,927,rnbqkbnr/pppppppp/8/8/4P3/8/PPPP1PPP/RNBQKBNR b KQkq - 0 1,e2e4
7,ZainQ101,EulerE,932,927,rnbqkbnr/pppp1ppp/8/4p3/4P3/8/PPPP1PPP/RNBQKBNR w KQkq - 0 2,e7e5
7,ZainQ101,EulerE,932,927,rnbqkbnr/pppp1ppp/8/4p3/4P3/5N2/PPPP1PPP/RNBQKB1R b KQkq - 1 2,g1f3
7,ZainQ101,EulerE,932,927,r1bqkbnr/pppp1ppp/2n5/4p3/4P3/5N2/PPPP1PPP/RNBQKB1R w KQkq - 2 3,b8c6
7,ZainQ101,EulerE,932,927,r1bqkbnr/pppp1ppp/2n5/4p3/2B1P3/5N2/PPPP1PPP/RNBQK2R b KQkq - 3 3,f1c4
7,ZainQ101,EulerE,932,927,r1bqkbnr/pppp1p1p/2n3p1/4p3/2B1P3/5N2/PPPP1PPP/RNBQK2R w KQkq - 0 4,g7g6
7,ZainQ101,EulerE,932,927,r1bqkbnr/pppp1p1p/2n3p1/4p3/2B1P3/3P1N2/PPP2PPP/RNBQK2R b KQkq - 0 4,d2d3
7,ZainQ101,EulerE,932,927,r1bqk1nr/pppp1pbp/2n3p1/4p3/2B1P3/3P1N2/PPP2PPP/RNBQK2R w KQkq - 1 5,f8g7
7,ZainQ101,EulerE,932,927,r1bqk1nr/pppp1pbp/2n3p1/4p1N1/2B1P3/3P4/PPP2PPP/RNBQK2R b KQkq - 2 5,f3g5
7,ZainQ101,EulerE,932,927,r1bqk2r/pppp1pbp/2n3pn/4p1N1/2B1P3/3P4/PPP2PPP/RNBQK2R w KQkq - 3 6,g8h6
7,ZainQ101,EulerE,932,927,r1bqk2r/pppp1pbp/2n3pn/4p1N1/2B1P3/3P1Q2/PPP2PPP/RNB1K2R b KQkq - 4 6,d1f3
7,ZainQ101,EulerE,932,927,r1bq1rk1/pppp1pbp/2n3pn/4p1N1/2B1P3/3P1Q2/PPP2PPP/RNB1K2R w KQ - 5 7,e8g8
7,ZainQ101,EulerE,932,927,r1bq1rk1/pppp1pbp/2n3pn/4p1N1/2B1P3/2PP1Q2/PP3PPP/RNB1K2R b KQ - 0 7,c2c3
7,ZainQ101,EulerE,932,927,r1bq1rk1/ppp2pbp/2np2pn/4p1N1/2B1P3/2PP1Q2/PP3PPP/RNB1K2R w KQ - 0 8,d7d6
7,ZainQ101,EulerE,932,927,r1bq1rk1/ppp2pbp/2np2pn/4p1N1/2B1P3/2PPBQ2/PP3PPP/RN2K2R b KQ - 1 8,c1e3
7,ZainQ101,EulerE,932,927,r2q1rk1/ppp2pbp/2np2pn/4p1N1/2B1P1b1/2PPBQ2/PP3PPP/RN2K2R w KQ - 2 9,c8g4
7,ZainQ101,EulerE,932,927,r2q1rk1/ppp2pbp/2np2pn/4p1N1/2B1P1b1/2PPB1Q1/PP3PPP/RN2K2R b KQ - 3 9,f3g3
7,ZainQ101,EulerE,932,927,r2q1rk1/1pp2pbp/p1np2pn/4p1N1/2B1P1b1/2PPB1Q1/PP3PPP/RN2K2R w KQ - 0 10,a7a6
7,ZainQ101,EulerE,932,927,r2q1rk1/1pp2pbp/p1np2pn/4p1N1/2BPP1b1/2P1B1Q1/PP3PPP/RN2K2R b KQ - 0 10,d3d4
7,ZainQ101,EulerE,932,927,r2q1rk1/1pp2pbp/p1np2pn/6N1/2BpP1b1/2P1B1Q1/PP3PPP/RN2K2R w KQ - 0 11,e5d4
7,ZainQ101,EulerE,932,927,r2q1rk1/1pp2pbp/p1np2pn/6N1/2BPP1b1/4B1Q1/PP3PPP/RN2K2R b KQ - 0 11,c3d4
7,ZainQ101,EulerE,932,927,r2q1rk1/1pp2pbp/p2p2pn/6N1/2BnP1b1/4B1Q1/PP3PPP/RN2K2R w KQ - 0 12,c6d4
7,ZainQ101,EulerE,932,927,r2q1rk1/1pp2pbp/p2p2pn/6N1/2BBP1b1/6Q1/PP3PPP/RN2K2R b KQ - 0 12,e3d4
7,ZainQ101,EulerE,932,927,r2q1rk1/1pp2p1p/p2p2pn/6N1/2BbP1b1/6Q1/PP3PPP/RN2K2R w KQ - 0 13,g7d4
7,ZainQ101,EulerE,932,927,r2q1rk1/1pp2p1p/p2p2pn/6N1/2BbPQb1/8/PP3PPP/RN2K2R b KQ - 1 13,g3f4
7,ZainQ101,EulerE,932,927,r2q1rk1/1pp2p1p/p2p2pn/6N1/2B1PQb1/8/Pb3PPP/RN2K2R w KQ - 0 14,d4b2
7,ZainQ101,EulerE,932,927,r2q1rk1/1pp2N1p/p2p2pn/8/2B1PQb1/8/Pb3PPP/RN2K2R b KQ - 0 14,g5f7
7,ZainQ101,EulerE,932,927,r2q1rk1/1pp2n1p/p2p2p1/8/2B1PQb1/8/Pb3PPP/RN2K2R w KQ - 0 15,h6f7
7,ZainQ101,EulerE,932,927,r2q1rk1/1pp2n1p/p2p2pQ/8/2B1P1b1/8/Pb3PPP/RN2K2R b KQ - 1 15,f4h6
7,ZainQ101,EulerE,932,927,r2q1rk1/1pp2n1p/p2p2pQ/8/2B1P1b1/8/P4PPP/bN2K2R w K - 0 16,b2a1
7,ZainQ101,EulerE,932,927,r2q1rk1/1pp2n1p/p2p2pQ/8/2B1P1b1/8/P4PPP/bN3RK1 b - - 1 16,e1g1
7,ZainQ101,EulerE,932,927,r2q1r1k/1pp2n1p/p2p2pQ/8/2B1P1b1/8/P4PPP/bN3RK1 w - - 2 17,g8h8
7,ZainQ101,EulerE,932,927,r2q1r1k/1pp2n1p/p2p2p1/8/2B1P1bQ/8/P4PPP/bN3RK1 b - - 3 17,h6h4
7,ZainQ101,EulerE,932,927,r4r1k/1pp2n1p/p2p2p1/8/2B1P1bq/8/P4PPP/bN3RK1 w - - 0 18,d8h4
8,ReneAvarado,EulerE,846,933,rnbqkbnr/pppppppp/8/8/4P3/8/PPPP1PPP/RNBQKBNR b KQkq - 0 1,e2e4
8,ReneAvarado,EulerE,846,933,rnbqkbnr/pppp1ppp/8/4p3/4P3/8/PPPP1PPP/RNBQKBNR w KQkq - 0 2,e7e5
8,ReneAvarado,EulerE,846,933,rnbqkbnr/pppp1ppp/8/4p3/4P3/5N2/PPPP1PPP/RNBQKB1R b KQkq - 1 2,g1f3
8,ReneAvarado,EulerE,846,933,r1bqkbnr/pppp1ppp/2n5/4p3/4P3/5N2/PPPP1PPP/RNBQKB1R w KQkq - 2 3,b8c6
8,ReneAvarado,EulerE,846,933,r1bqkbnr/pppp1ppp/2n5/4p3/4P3/2N2N2/PPPP1PPP/R1BQKB1R b KQkq - 3 3,b1c3
8,ReneAvarado,EulerE,846,933,r1bqkbnr/pppp1p1p/2n3p1/4p3/4P3/2N2N2/PPPP1PPP/R1BQKB1R w KQkq - 0 4,g7g6
8,ReneAvarado,EulerE,846,933,r1bqkbnr/pppp1p1p/2n3p1/4p3/4P3/2NP1N2/PPP2PPP/R1BQKB1R b KQkq - 0 4,d2d3
8,ReneAvarado,EulerE,846,933,r1bqk1nr/ppppbp1p/2n3p1/4p3/4P3/2NP1N2/PPP2PPP/R1BQKB1R w KQkq - 1 5,f8e7
8,ReneAvarado,EulerE,846,933,r1bqk1nr/ppppbp1p/2n3p1/4p3/4P3/P1NP1N2/1PP2PPP/R1BQKB1R b KQkq - 0 5,a2a3
8,ReneAvarado,EulerE,846,933,r1bqk2r/ppppbp1p/2n2np1/4p3/4P3/P1NP1N2/1PP2PPP/R1BQKB1R w KQkq - 1 6,g8f6
8,ReneAvarado,EulerE,846,933,r1bqk2r/ppppbp1p/2n2np1/4p3/1P2P3/P1NP1N2/2P2PPP/R1BQKB1R b KQkq - 0 6,b2b4
8,ReneAvarado,EulerE,846,933,r1bqk2r/ppppbp1p/5np1/4p3/1P1nP3/P1NP1N2/2P2PPP/R1BQKB1R w KQkq - 1 7,c6d4
8,ReneAvarado,EulerE,846,933,r1bqk2r/ppppbp1p/5np1/4p3/1P1NP3/P1NP4/2P2PPP/R1BQKB1R b KQkq - 0 7,f3d4
8,ReneAvarado,EulerE,846,933,r1bqk2r/ppppbp1p/5np1/8/1P1pP3/P1NP4/2P2PPP/R1BQKB1R w KQkq - 0 8,e5d4
8,ReneAvarado,EulerE,846,933,r1bqk2r/ppppbp1p/5np1/3N4/1P1pP3/P2P4/2P2PPP/R1BQKB1R b KQkq - 1 8,c3d5
8,ReneAvarado,EulerE,846,933,r1bqk2r/ppppbp1p/6p1/3n4/1P1pP3/P2P4/2P2PPP/R1BQKB1R w KQkq - 0 9,f6d5
8,ReneAvarado,EulerE,846,933,r1bqk2r/ppppbp1p/6p1/3P4/1P1p4/P2P4/2P2PPP/R1BQKB1R b KQkq - 0 9,e4d5
8,ReneAvarado,EulerE,846,933,r1bqk2r/pp1pbp1p/2p3p1/3P4/1P1p4/P2P4/2P2PPP/R1BQKB1R w KQkq - 0 10,c7c6
8,ReneAvarado,EulerE,846,933,r1bqk2r/pp1pbp1p/2pP2p1/8/1P1p4/P2P4/2P2PPP/R1BQKB1R b KQkq - 0 10,d5d6
8,ReneAvarado,EulerE,846,933,r1bqk2r/pp1p1p1p/2pb2p1/8/1P1p4/P2P4/2P2PPP/R1BQKB1R w KQkq - 0 11,e7d6
8,ReneAvarado,EulerE,846,933,r1bqk2r/pp1p1p1p/2pb2p1/8/1P1p4/P2P4/2P1QPPP/R1B1KB1R b KQkq - 1 11,d1e2
8,ReneAvarado,EulerE,846,933,r1b1k2r/pp1pqp1p/2pb2p1/8/1P1p4/P2P4/2P1QPPP/R1B1KB1R w KQkq - 2 12,d8e7
8,ReneAvarado,EulerE,846,933,r1b1k2r/pp1pQp1p/2pb2p1/8/1P1p4/P2P4/2P2PPP/R1B1KB1R b KQkq - 0 12,e2e7
8,ReneAvarado,EulerE,846,933,r1b1k2r/pp1pbp1p/2p3p1/8/1P1p4/P2P4/2P2PPP/R1B1KB1R w KQkq - 0 13,d6e7
8,ReneAvarado,EulerE,846,933,r1b1k2r/pp1pbp1p/2p3p1/8/1P1p4/P2P4/1BP2PPP/R3KB1R b KQkq - 1 13,c1b2
8,ReneAvarado,EulerE,846,933,r1b1k2r/pp1p1p1p/2p2bp1/8/1P1p4/P2P4/1BP2PPP/R3KB1R w KQkq - 2 14,e7f6
8,ReneAvarado,EulerE,846,933,r1b1k2r/pp1p1p1p/2p2bp1/8/1P1p4/P2P2P1/1BP2P1P/R3KB1R b KQkq - 0 14,g2g3
8,ReneAvarado,EulerE,846,933,r1b1k2r/pp3p1p/2pp1bp1/8/1P1p4/P2P2P1/1BP2P1P/R3KB1R w KQkq - 0 15,d7d6
8,ReneAvarado,EulerE,846,933,r1b1k2r/pp3p1p/2pp1bp1/8/1P1p3P/P2P2P1/1BP2P2/R3KB1R b KQkq - 0 15,h2h4
8,ReneAvarado,EulerE,846,933,r1b1k2r/pp3p1p/3p1bp1/2p5/1P1p3P/P2P2P1/1BP2P2/R3KB1R w KQkq - 0 16,c6c5
8,ReneAvarado,EulerE,846,933,r1b1k2r/pp3p1p/3p1bp1/2P5/3p3P/P2P2P1/1BP2P2/R3KB1R b KQkq - 0 16,b4c5
8,ReneAvarado,EulerE,846,933,r1b1k2r/pp3p1p/5bp1/2p5/3p3P/P2P2P1/1BP2P2/R3KB1R w KQkq - 0 17,d6c5
8,ReneAvarado,EulerE,846,933,r1b1k2r/pp3p1p/5bp1/2p5/3p1P1P/P2P2P1/1BP5/R3KB1R b KQkq - 0 17,f2f4
8,ReneAvarado,EulerE,846,933,r1b1k2r/pp3p2/5bp1/2p4p/3p1P1P/P2P2P1/1BP5/R3KB1R w KQkq - 0 18,h7h5
8,ReneAvarado,EulerE,846,933,r1b1k2r/pp3p2/5bp1/2p4p/3p1P1P/P2P2PB/1BP5/R3K2R b KQkq - 1 18,f1h3
8,ReneAvarado,EulerE,846,933,r3k2r/pp3p2/5bp1/2p4p/3p1P1P/P2P2Pb/1BP5/R3K2R w KQkq - 0 19,c8h3
8,ReneAvarado,EulerE,846,933,r3k2r/pp3p2/5bp1/2p4p/3p1P1P/P2P2PR/1BP5/R3K3 b Qkq - 0 19,h1h3
8,ReneAvarado,EulerE,846,933,2kr3r/pp3p2/5bp1/2p4p/3p1P1P/P2P2PR/1BP5/R3K3 w Q - 1 20,e8c8
8,ReneAvarado,EulerE,846,933,2kr3r/pp3p2/5bp1/2p4p/3p1P1P/P2P2PR/1BPK4/R7 b - - 2 20,e1d2
8,ReneAvarado,EulerE,846,933,2k1r2r/pp3p2/5bp1/2p4p/3p1P1P/P2P2PR/1BPK4/R7 w - - 3 21,d8e8
8,ReneAvarado,EulerE,846,933,2k1r2r/pp3p2/5bp1/2p4p/3p1P1P/P2P2PR/1BPK4/4R3 b - - 4 21,a1e1
8,ReneAvarado,EulerE,846,933,2k4r/pp3p2/5bp1/2p4p/3p1P1P/P2P2PR/1BPK4/4r3 w - - 0 22,e8e1
8,ReneAvarado,EulerE,846,933,2k4r/pp3p2/5bp1/2p4p/3p1P1P/P2P2PR/1BP5/4K3 b - - 0 22,d2e1
8,ReneAvarado,EulerE,846,933,2k4r/p4p2/1p3bp1/2p4p/3p1P1P/P2P2PR/1BP5/4K3 w - - 0 23,b7b6
8,ReneAvarado,EulerE,846,933,2k4r/p4p2/1p3bp1/2p4p/3p1P1P/P2P2PR/1BPK4/8 b - - 1 23,e1d2
8,ReneAvarado,EulerE,846,933,2k4r/5p2/1p3bp1/p1p4p/3p1P1P/P2P2PR/1BPK4/8 w - - 0 24,a7a5
8,ReneAvarado,EulerE,846,933,2k4r/5p2/1p3bp1/p1p4p/3p1P1P/P2P2P1/1BPK3R/8 b - - 1 24,h3h2
8,ReneAvarado,EulerE,846,933,2k4r/5p2/5bp1/ppp4p/3p1P1P/P2P2P1/1BPK3R/8 w - - 0 25,b6b5
8,ReneAvarado,EulerE,846,933,2k4r/5p2/5bp1/ppp4p/3p1P1P/P2P2P1/1BPKR3/8 b - - 1 25,h2e2
8,ReneAvarado,EulerE,846,933,3k3r/5p2/5bp1/ppp4p/3p1P1P/P2P2P1/1BPKR3/8 w - - 2 26,c8d8
8,ReneAvarado,EulerE,846,933,3k3r/5p2/5bp1/ppp4p/3p1P1P/P2P2P1/1BPK1R2/8 b - - 3 26,e2f2
8,ReneAvarado,EulerE,846,933,3k3r/5p2/5bp1/pp5p/2pp1P1P/P2P2P1/1BPK1R2/8 w - - 0 27,c5c4
8,ReneAvarado,EulerE,846,933,3k3r/5p2/5bp1/pp3P1p/2pp3P/P2P2P1/1BPK1R2/8 b - - 0 27,f4f5
8,ReneAvarado,EulerE,846,933,3k3r/5p2/5b2/pp3Ppp/2pp3P/P2P2P1/1BPK1R2/8 w - - 0 28,g6g5
8,ReneAvarado,EulerE,846,933,3k3r/5p2/5b2/pp3Ppp/2Pp3P/P5P1/1BPK1R2/8 b - - 0 28,d3c4
8,ReneAvarado,EulerE,846,933,3k3r/5p2/5b2/p4Ppp/2pp3P/P5P1/1BPK1R2/8 w - - 0 29,b5c4
8,ReneAvarado,EulerE,846,933,3k3r/5p2/5b2/p4Ppp/P1pp3P/6P1/1BPK1R2/8 b - - 0 29,a3a4
8,ReneAvarado,EulerE,846,933,3k3r/5p2/5b2/p4Ppp/P2p3P/2p3P1/1BPK1R2/8 w - - 0 30,c4c3
8,ReneAvarado,EulerE,846,933,3k3r/5p2/5b2/p4Ppp/P2p3P/2B3P1/2PK1R2/8 b - - 0 30,b2c3
8,ReneAvarado,EulerE,846,933,3k3r/5p2/5b2/p4Ppp/P6P/2p3P1/2PK1R2/8 w - - 0 31,d4c3
8,ReneAvarado,EulerE,846,933,3k3r/5p2/5b2/p4Ppp/P6P/2pK2P1/2P2R2/8 b - - 1 31,d2d3
8,ReneAvarado,EulerE,846,933,7r/2k2p2/5b2/p4Ppp/P6P/2pK2P1/2P2R2/8 w - - 2 32,d8c7
8,ReneAvarado,EulerE,846,933,7r/2k2p2/5b2/p4PPp/P7/2pK2P1/2P2R2/8 b - - 0 32,h4g5
8,ReneAvarado,EulerE,846,933,7r/2k2p2/8/p4Pbp/P7/2pK2P1/2P2R2/8 w - - 0 33,f6g5
8,ReneAvarado,EulerE,846,933,7r/2k2p2/8/p4Pbp/P7/2K3P1/2P2R2/8 b - - 0 33,d3c3
8,ReneAvarado,EulerE,846,933,7r/2k2p2/5b2/p4P1p/P7/2K3P1/2P2R2/8 w - - 1 34,g5f6
8,ReneAvarado,EulerE,846,933,7r/2k2p2/5b2/p4P1p/P1K5/6P1/2P2R2/8 b - - 2 34,c3c4
8,ReneAvarado,EulerE,846,933,7r/2k2p2/5b2/p4P2/P1K4p/6P1/2P2R2/8 w - - 0 35,h5h4
8,ReneAvarado,EulerE,846,933,7r/2k2p2/5b2/p4P2/P1K3Pp/8/2P2R2/8 b - - 0 35,g3g4
8,ReneAvarado,EulerE,846,933,7r/2k2p2/5b2/p4P2/P1K3P1/7p/2P2R2/8 w - - 0 36,h4h3
8,ReneAvarado,EulerE,846,933,7r/2k2p2/5b2/p4P2/P1K3P1/7p/2P4R/8 b - - 1 36,f2h2
8,ReneAvarado,EulerE,846,933,7r/2k2p2/8/p3bP2/P1K3P1/7p/2P4R/8 w - - 2 37,f6e5
8,ReneAvarado,EulerE,846,933,7r/2k2p2/8/p3bP2/P1K3P1/7p/2P5/7R b - - 3 37,h2h1
8,ReneAvarado,EulerE,846,933,7r/2k2p2/8/p3bP2/P1K3P1/8/2P4p/7R w - - 0 38,h3h2
8,ReneAvarado,EulerE,846,933,7r/2k2p2/8/pK2bP2/P5P1/8/2P4p/7R b - - 1 38,c4b5
8,ReneAvarado,EulerE,846,933,3r4/2k2p2/8/pK2bP2/P5P1/8/2P4p/7R w - - 2 39,h8d8
8,ReneAvarado,EulerE,846,933,3r4/2k2p2/8/K3bP2/P5P1/8/2P4p/7R b - - 0 39,b5a5
8,ReneAvarado,EulerE,846,933,8/2k2p2/8/K3bP2/P5P1/8/2Pr3p/7R w - - 1 40,d8d2
8,ReneAvarado,EulerE,846,933,8/2k2p2/8/K3bP2/P1P3P1/8/3r3p/7R b - - 0 40,c2c4
8,ReneAvarado,EulerE,846,933,8/2k2p2/8/K3bP2/P1P3P1/8/6rp/7R w - - 1 41,d2g2
8,ReneAvarado,EulerE,846,933,8/2k2p2/8/1K2bP2/P1P3P1/8/6rp/7R b - - 2 41,a5b5
8,ReneAvarado,EulerE,846,933,8/2k2p2/8/1K2bP2/P1P3P1/8/7p/6rR w - - 3 42,g2g1
8,ReneAvarado,EulerE,846,933,8/2k2p2/8/1K2bP2/P1P3P1/8/7R/6r1 b - - 0 42,h1h2
8,ReneAvarado,EulerE,846,933,8/2k2p2/8/1K3P2/P1P3P1/8/7b/6r1 w - - 0 43,e5h2
8,ReneAvarado,EulerE,846,933,8/2k2p2/8/PK3P2/2P3P1/8/7b/6r1 b - - 0 43,a4a5
8,ReneAvarado,EulerE,846,933,8/1k3p2/8/PK3P2/2P3P1/8/7b/6r1 w - - 1 44,c7b7
8,ReneAvarado,EulerE,846,933,8/1k3p2/P7/1K3P2/2P3P1/8/7b/6r1 b - - 0 44,a5a6
8,ReneAvarado,EulerE,846,933,8/k4p2/P7/1K3P2/2P3P1/8/7b/6r1 w - - 1 45,b7a7
8,ReneAvarado,EulerE,846,933,8/k4p2/P7/1KP2P2/6P1/8/7b/6r1 b - - 0 45,c4c5
8,ReneAvarado,EulerE,846,933,8/k4p2/P7/1KP2P2/6r1/8/7b/8 w - - 0 46,g1g4
8,ReneAvarado,EulerE,846,933,8/k4p2/P1P5/1K3P2/6r1/8/7b/8 b - - 0 46,c5c6
8,ReneAvarado,EulerE,846,933,8/k4p2/P1P5/1K3Pr1/8/8/7b/8 w - - 1 47,g4g5
8,ReneAvarado,EulerE,846,933,8/k1P2p2/P7/1K3Pr1/8/8/7b/8 b - - 0 47,c6c7
8,ReneAvarado,EulerE,846,933,8/k1b2p2/P7/1K3Pr1/8/8/8/8 w - - 0 48,h2c7
8,ReneAvarado,EulerE,846,933,8/k1b2p2/P1K5/5Pr1/8/8/8/8 b - - 1 48,b5c6
8,ReneAvarado,EulerE,846,933,8/k4p2/PbK5/5Pr1/8/8/8/8 w - - 2 49,c7b6
8,ReneAvarado,EulerE,846,933,8/k4p2/PbK2P2/6r1/8/8/8/8 b - - 0 49,f5f6
8,ReneAvarado,EulerE,846,933,8/k4p2/PbK2Pr1/8/8/8/8/8 w - - 1 50,g5g6
8,ReneAvarado,EulerE,846,933,8/k4p2/Pb3Pr1/1K6/8/8/8/8 b - - 2 50,c6b5
8,ReneAvarado,EulerE,846,933,8/k4p2/Pb3r2/1K6/8/8/8/8 w - - 0 51,g6f6
8,ReneAvarado,EulerE,846,933,8/k4p2/Pb3r2/8/1K6/8/8/8 b - - 1 51,b5b4
8,ReneAvarado,EulerE,846,933,8/k4p2/Pb2r3/8/1K6/8/8/8 w - - 2 52,f6e6
8,ReneAvarado,EulerE,846,933,8/k4p2/Pb2r3/1K6/8/8/8/8 b - - 3 52,b4b5
8,ReneAvarado,EulerE,846,933,8/k7/Pb2rp2/1K6/8/8/8/8 w - - 0 53,f7f6
8,ReneAvarado,EulerE,846,933,8/k7/Pb2rp2/8/2K5/8/8/8 b - - 1 53,b5c4
8,ReneAvarado,EulerE,846,933,8/k7/Pb2r3/5p2/2K5/8/8/8 w - - 0 54,f6f5
9,EulerE,vamshiajith,928,1054,rnbqkbnr/pppppppp/8/8/3P4/8/PPP1PPPP/RNBQKBNR b KQkq - 0 1,d2d4
9,EulerE,vamshiajith,928,1054,rnbqkbnr/ppppppp1/7p/8/3P4/8/PPP1PPPP/RNBQKBNR w KQkq - 0 2,h7h6
9,EulerE,vamshiajith,928,1054,rnbqkbnr/ppppppp1/7p/8/3PP3/8/PPP2PPP/RNBQKBNR b KQkq - 0 2,e2e4
9,EulerE,vamshiajith,928,1054,rnbqkbnr/ppp1ppp1/7p/3p4/3PP3/8/PPP2PPP/RNBQKBNR w KQkq - 0 3,d7d5
9,EulerE,vamshiajith,928,1054,rnbqkbnr/ppp1ppp1/7p/3p4/3PP3/2N5/PPP2PPP/R1BQKBNR b KQkq - 1 3,b1c3
9,EulerE,vamshiajith,928,1054,rnbqkbnr/ppp2pp1/4p2p/3p4/3PP3/2N5/PPP2PPP/R1BQKBNR w KQkq - 0 4,e7e6
9,EulerE,vamshiajith,928,1054,rnbqkbnr/ppp2pp1/4p2p/3p4/3PP3/2N2N2/PPP2PPP/R1BQKB1R b KQkq - 1 4,g1f3
9,EulerE,vamshiajith,928,1054,rnbqkbnr/1pp2pp1/p3p2p/3p4/3PP3/2N2N2/PPP2PPP/R1BQKB1R w KQkq - 0 5,a7a6
9,EulerE,vamshiajith,928,1054,rnbqkbnr/1pp2pp1/p3p2p/3p4/3PP3/2NB1N2/PPP2PPP/R1BQK2R b KQkq - 1 5,f1d3
9,EulerE,vamshiajith,928,1054,rnbqk1nr/1pp2pp1/p3p2p/3p4/1b1PP3/2NB1N2/PPP2PPP/R1BQK2R w KQkq - 2 6,f8b4
9,EulerE,vamshiajith,928,1054,rnbqk1nr/1pp2pp1/p3p2p/3p4/1b1PP3/2NB1N2/PPPB1PPP/R2QK2R b KQkq - 3 6,c1d2
9,EulerE,vamshiajith,928,1054,rnbqk1nr/1pp2pp1/p3p2p/3p4/3PP3/2bB1N2/PPPB1PPP/R2QK2R w KQkq - 0 7,b4c3
9,EulerE,vamshiajith,928,1054,rnbqk1nr/1pp2pp1/p3p2p/3p4/3PP3/2BB1N2/PPP2PPP/R2QK2R b KQkq - 0 7,d2c3
9,EulerE,vamshiajith,928,1054,r1bqk1nr/1pp2pp1/p1n1p2p/3p4/3PP3/2BB1N2/PPP2PPP/R2QK2R w KQkq - 1 8,b8c6
9,EulerE,vamshiajith,928,1054,r1bqk1nr/1pp2pp1/p1n1p2p/3p4/3PP3/2BB1N2/PPP2PPP/R2Q1RK1 b kq - 2 8,e1g1
9,EulerE,vamshiajith,928,1054,r1bqk2r/1pp2pp1/p1n1pn1p/3p4/3PP3/2BB1N2/PPP2PPP/R2Q1RK1 w kq - 3 9,g8f6
9,EulerE,vamshiajith,928,1054,r1bqk2r/1pp2pp1/p1n1pn1p/3pP3/3P4/2BB1N2/PPP2PPP/R2Q1RK1 b kq - 0 9,e4e5
9,EulerE,vamshiajith,928,1054,r1bqk1nr/1pp2pp1/p1n1p2p/3pP3/3P4/2BB1N2/PPP2PPP/R2Q1RK1 w kq - 1 10,f6g8
9,EulerE,vamshiajith,928,1054,r1bqk1nr/1pp2pp1/p1n1p2p/3pP3/3P4/2BB4/PPPN1PPP/R2Q1RK1 b kq - 2 10,f3d2
9,EulerE,vamshiajith,928,1054,r1bqk1nr/1pp3p1/p1n1pp1p/3pP3/3P4/2BB4/PPPN1PPP/R2Q1RK1 w kq - 0 11,f7f6
9,EulerE,vamshiajith,928,1054,r1bqk1nr/1pp3p1/p1n1pp1p/3pP3/3P4/2BB1Q2/PPPN1PPP/R4RK1 b kq - 1 11,d1f3
9,EulerE,vamshiajith,928,1054,r1bqk1nr/1pp3p1/p1n1p2p/3pPp2/3P4/2BB1Q2/PPPN1PPP/R4RK1 w kq - 0 12,f6f5
9,EulerE,vamshiajith,928,1054,r1bqk1nr/1pp3p1/p1n1p2p/3pPp2/3P4/2BB1Q2/PPPN1PPP/R3R1K1 b kq - 1 12,f1e1
9,EulerE,vamshiajith,928,1054,r1bqk1nr/1pp5/p1n1p1pp/3pPp2/3P4/2BB1Q2/PPPN1PPP/R3R1K1 w kq - 0 13,g7g6
9,EulerE,vamshiajith,928,1054,r1bqk1nr/1pp5/p1n1p1pp/3pPp2/3P2P1/2BB1Q2/PPPN1P1P/R3R1K1 b kq - 0 13,g2g4
9,EulerE,vamshiajith,928,1054,r1b1k1nr/1pp5/p1n1p1pp/3pPpq1/3P2P1/2BB1Q2/PPPN1P1P/R3R1K1 w kq - 1 14,d8g5
9,EulerE,vamshiajith,928,1054,r1b1k1nr/1pp5/p1n1p1pp/3pPpq1/3P2P1/2BB2Q1/PPPN1P1P/R3R1K1 b kq - 2 14,f3g3
9,EulerE,vamshiajith,928,1054,r1b1k2r/1pp1n3/p1n1p1pp/3pPpq1/3P2P1/2BB2Q1/PPPN1P1P/R3R1K1 w kq - 3 15,g8e7
9,EulerE,vamshiajith,928,1054,r1b1k2r/1pp1n3/p1n1p1pp/3pPPq1/3P4/2BB2Q1/PPPN1P1P/R3R1K1 b kq - 0 15,g4f5
9,EulerE,vamshiajith,928,1054,r1b1k2r/1pp1n3/p1n3pp/3pPpq1/3P4/2BB2Q1/PPPN1P1P/R3R1K1 w kq - 0 16,e6f5
9,EulerE,vamshiajith,928,1054,r1b1k2r/1pp1n3/p1n3pp/3pPpQ1/3P4/2BB4/PPPN1P1P/R3R1K1 b kq - 0 16,g3g5
9,EulerE,vamshiajith,928,1054,r1b1k2r/1pp1n3/p1n3p1/3pPpp1/3P4/2BB4/PPPN1P1P/R3R1K1 w kq - 0 17,h6g5
9,EulerE,vamshiajith,928,1054,r1b1k2r/1pp1n3/p1n3p1/3pPpp1/3P4/2BB1N2/PPP2P1P/R3R1K1 b kq - 1 17,d2f3
9,EulerE,vamshiajith,928,1054,r1b1k2r/1pp1n3/p1n3p1/3pPp2/3P2p1/2BB1N2/PPP2P1P/R3R1K1 w kq - 0 18,g5g4
9,EulerE,vamshiajith,928,1054,r1b1k2r/1pp1n3/p1n3p1/3pPpN1/3P2p1/2BB4/PPP2P1P/R3R1K1 b kq - 1 18,f3g5
9,EulerE,vamshiajith,928,1054,r1b1k3/1pp1n3/p1n3p1/3pPpNr/3P2p1/2BB4/PPP2P1P/R3R1K1 w q - 2 19,h8h5
9,EulerE,vamshiajith,928,1054,r1b1k3/1pp1n3/p1n3p1/3pPpNr/3P2p1/3B4/PPPB1P1P/R3R1K1 b q - 3 19,c3d2
9,EulerE,vamshiajith,928,1054,r1b1k3/1pp1n3/p5p1/3pPpNr/1n1P2p1/3B4/PPPB1P1P/R3R1K1 w q - 4 20,c6b4
9,EulerE,vamshiajith,928,1054,r1b1k3/1pp1n3/p5p1/3pPpNr/1n1P2p1/P2B4/1PPB1P1P/R3R1K1 b q - 0 20,a2a3
9,EulerE,vamshiajith,928,1054,r1b1k3/1pp1n3/p5p1/3pPpNr/3P2p1/P2B4/1PnB1P1P/R3R1K1 w q - 0 21,b4c2
9,EulerE,vamshiajith,928,1054,r1b1k3/1pp1n3/p5p1/3pPpNr/3P2p1/P7/1PBB1P1P/R3R1K1 b q - 0 21,d3c2
9,EulerE,vamshiajith,928,1054,r1b1k3/1pp5/p1n3p1/3pPpNr/3P2p1/P7/1PBB1P1P/R3R1K1 w q - 1 22,e7c6
9,EulerE,vamshiajith,928,1054,r1b1k3/1pp5/p1n1N1p1/3pPp1r/3P2p1/P7/1PBB1P1P/R3R1K1 b q - 2 22,g5e6
9,EulerE,vamshiajith,928,1054,r3k3/1pp5/p1n1b1p1/3pPp1r/3P2p1/P7/1PBB1P1P/R3R1K1 w q - 0 23,c8e6
9,EulerE,vamshiajith,928,1054,r3k3/1pp5/p1n1b1p1/3pPp1r/B2P2p1/P7/1P1B1P1P/R3R1K1 b q - 1 23,c2a4
9,EulerE,vamshiajith,928,1054,r3k3/2p5/p1n1b1p1/1p1pPp1r/B2P2p1/P7/1P1B1P1P/R3R1K1 w q - 0 24,b7b5
9,EulerE,vamshiajith,928,1054,r3k3/2p5/p1n1b1p1/1p1pPp1r/3P2p1/P7/1PBB1P1P/R3R1K1 b q - 1 24,a4c2
9,EulerE,vamshiajith,928,1054,r3k3/2p5/p3b1p1/1p1pPp1r/3n2p1/P7/1PBB1P1P/R3R1K1 w q - 0 25,c6d4
9,EulerE,vamshiajith,928,1054,r3k3/2p5/p3b1p1/1p1pPp1r/3n2p1/P7/1PBB1P1P/R1R3K1 b q - 1 25,e1c1
10,Alexfish2,EulerE,827,934,rnbqkbnr/pppppppp/8/8/4P3/8/PPPP1PPP/RNBQKBNR b KQkq - 0 1,e2e4
10,Alexfish2,EulerE,827,934,rnbqkbnr/pppp1ppp/8/4p3/4P3/8/PPPP1PPP/RNBQKBNR w KQkq - 0 2,e7e5
10,Alexfish2,EulerE,827,934,rnbqkbnr/pppp1ppp/8/4p3/2B1P3/8/PPPP1PPP/RNBQK1NR b KQkq - 1 2,f1c4
10,Alexfish2,EulerE,827,934,r1bqkbnr/pppp1ppp/2n5/4p3/2B1P3/8/PPPP1PPP/RNBQK1NR w KQkq - 2 3,b8c6
10,Alexfish2,EulerE,827,934,r1bqkbnr/pppp1ppp/2n5/4p3/2B1P3/5N2/PPPP1PPP/RNBQK2R b KQkq - 3 3,g1f3
10,Alexfish2,EulerE,827,934,r1bqkbnr/p1pp1ppp/1pn5/4p3/2B1P3/5N2/PPPP1PPP/RNBQK2R w KQkq - 0 4,b7b6
10,Alexfish2,EulerE,827,934,r1bqkbnr/p1pp1ppp/1pn5/4p1N1/2B1P3/8/PPPP1PPP/RNBQK2R b KQkq - 1 4,f3g5
10,Alexfish2,EulerE,827,934,r1b1kbnr/p1pp1ppp/1pn5/4p1q1/2B1P3/8/PPPP1PPP/RNBQK2R w KQkq - 0 5,d8g5
10,Alexfish2,EulerE,827,934,r1b1kbnr/p1pp1ppp/1pn5/4p1q1/2B1P3/3P4/PPP2PPP/RNBQK2R b KQkq - 0 5,d2d3
10,Alexfish2,EulerE,827,934,r1b1kbnr/p1pp1ppp/1pn5/4p3/2B1P3/3P4/PPP2PqP/RNBQK2R w KQkq - 0 6,g5g2
10,Alexfish2,EulerE,827,934,r1b1kbnr/p1pp1ppp/1pn5/4p3/2B1P3/3P4/PPP1KPqP/RNBQ3R b kq - 1 6,e1e2
10,Alexfish2,EulerE,827,934,r1b1kbnr/p1p2ppp/1pnp4/4p3/2B1P3/3P4/PPP1KPqP/RNBQ3R w kq - 0 7,d7d6
10,Alexfish2,EulerE,827,934,r1b1kbnr/p1p2ppp/1pnp4/4p3/2B1P3/2NP4/PPP1KPqP/R1BQ3R b kq - 1 7,b1c3
10,Alexfish2,EulerE,827,934,r3kbnr/p1p2ppp/1pnp4/4p3/2B1P1b1/2NP4/PPP1KPqP/R1BQ3R w kq - 2 8,c8g4
10,Alexfish2,EulerE,827,934,r3kbnr/p1p2ppp/1pnp4/4p3/2B1P1b1/2NP4/PPPK1PqP/R1BQ3R b kq - 3 8,e2d2
10,Alexfish2,EulerE,827,934,r3kbnr/p1p2ppp/1pnp4/4p3/2B1P3/2NP4/PPPK1PqP/R1Bb3R w kq - 0 9,g4d1
10,Alexfish2,EulerE,827,934,r3kbnr/p1p2ppp/1pnp4/4p3/2B1P3/2NP4/PPP2PqP/R1BK3R b kq - 0 9,d2d1
10,Alexfish2,EulerE,827,934,r3kbnr/p1p2ppp/1pnp4/4p3/2B1P3/2NP4/PPP2P1P/R1BK3q w kq - 0 10,g2h1
10,Alexfish2,EulerE,827,934,r3kbnr/p1p2ppp/1pnp4/4p3/2B1P3/2NP4/PPPK1P1P/R1B4q b kq - 1 10,d1d2
10,Alexfish2,EulerE,827,934,r3kbnr/p1p2ppp/1pnp4/4p3/2B1P3/2NP4/PPPK1P1q/R1B5 w kq - 0 11,h1h2
10,Alexfish2,EulerE,827,934,r3kbnr/p1p2ppp/1pnp4/3Np3/2B1P3/3P4/PPPK1P1q/R1B5 b kq - 1 11,c3d5
10,Alexfish2,EulerE,827,934,2kr1bnr/p1p2ppp/1pnp4/3Np3/2B1P3/3P4/PPPK1P1q/R1B5 w - - 2 12,e8c8
10,Alexfish2,EulerE,827,934,2kr1bnr/p1p2ppp/Bpnp4/3Np3/4P3/3P4/PPPK1P1q/R1B5 b - - 3 12,c4a6
10,Alexfish2,EulerE,827,934,1k1r1bnr/p1p2ppp/Bpnp4/3Np3/4P3/3P4/PPPK1P1q/R1B5 w - - 4 13,c8b8
10,Alexfish2,EulerE,827,934,1k1r1bnr/p1p2ppp/1pnp4/1B1Np3/4P3/3P4/PPPK1P1q/R1B5 b - - 5 13,a6b5
10,Alexfish2,EulerE,827,934,1k1r1bnr/p1p2ppp/1p1p4/1B1Np3/3nP3/3P4/PPPK1P1q/R1B5 w - - 6 14,c6d4
10,Alexfish2,EulerE,827,934,1k1r1bnr/p1p2ppp/1p1p4/1B1Np3/3nP3/2PP4/PP1K1P1q/R1B5 b - - 0 14,c2c3
10,Alexfish2,EulerE,827,934,1k1r1bnr/p1p2ppp/1p1p4/1n1Np3/4P3/2PP4/PP1K1P1q/R1B5 w - - 0 15,d4b5
10,Alexfish2,EulerE,827,934,1k1r1bnr/p1p2ppp/1p1p4/1n1Np3/2P1P3/3P4/PP1K1P1q/R1B5 b - - 0 15,c3c4
10,Alexfish2,EulerE,827,934,1k1r1bnr/p1p2ppp/1p1p4/3Np3/2PnP3/3P4/PP1K1P1q/R1B5 w - - 1 16,b5d4
10,Alexfish2,EulerE,827,934,1k1r1bnr/p1p2ppp/1p1p4/3Np3/2PnP3/1P1P4/P2K1P1q/R1B5 b - - 0 16,b2b3
10,Alexfish2,EulerE,827,934,1k1r1bnr/p1p2ppp/1p1p4/3Np3/2PnP3/1P1P4/P2K1q2/R1B5 w - - 0 17,h2f2
10,Alexfish2,EulerE,827,934,1k1r1bnr/p1p2ppp/1p1p4/3Np3/2PnP3/1PKP4/P4q2/R1B5 b - - 1 17,d2c3
10,Alexfish2,EulerE,827,934,1k1r1bnr/p1p2ppp/1p1p4/3Np3/2P1P3/1PKP4/P3nq2/R1B5 w - - 2 18,d4e2
10,Alexfish2,EulerE,827,934,1k1r1bnr/p1p2ppp/1p1p4/3Np3/1KP1P3/1P1P4/P3nq2/R1B5 b - - 3 18,c3b4
10,Alexfish2,EulerE,827,934,1k1r1bnr/p1p2ppp/1p1p4/3Np3/1KP1P3/1P1P4/P4q2/R1n5 w - - 0 19,e2c1
10,Alexfish2,EulerE,827,934,1k1r1bnr/p1p2ppp/1p1p4/3Np3/1KP1P3/1P1P4/P4q2/2R5 b - - 0 19,a1c1
10,Alexfish2,EulerE,827,934,1k1r1b1r/p1p2ppp/1p1p1n2/3Np3/1KP1P3/1P1P4/P4q2/2R5 w - - 1 20,g8f6
10,Alexfish2,EulerE,827,934,1k1r1b1r/p1p2ppp/1p1p1n2/4p3/1KP1P3/1PNP4/P4q2/2R5 b - - 2 20,d5c3
10,Alexfish2,EulerE,827,934,1k1r1b1r/p1p2ppp/1p3n2/3pp3/1KP1P3/1PNP4/P4q2/2R5 w - - 0 21,d6d5
10,Alexfish2,EulerE,827,934,1k1r1b1r/p1p2ppp/1p3n2/1K1pp3/2P1P3/1PNP4/P4q2/2R5 b - - 1 21,b4b5
10,Alexfish2,EulerE,827,934,1k1r1b1r/p1p2ppp/1p3n2/1Kqpp3/2P1P3/1PNP4/P7/2R5 w - - 2 22,f2c5
10,Alexfish2,EulerE,827,934,1k1r1b1r/p1p2ppp/Kp3n2/2qpp3/2P1P3/1PNP4/P7/2R5 b - - 3 22,b5a6
10,Alexfish2,EulerE,827,934,1k1r1b1r/p1p2ppp/Kp3n2/q2pp3/2P1P3/1PNP4/P7/2R5 w - - 4 23,c5a5
11,DanielSocorro,EulerE,1042,928,rnbqkbnr/pppppppp/8/8/4P3/8/PPPP1PPP/RNBQKBNR b KQkq - 0 1,e2e4
11,DanielSocorro,EulerE,1042,928,rnbqkbnr/pppp1ppp/8/4p3/4P3/8/PPPP1PPP/RNBQKBNR w KQkq - 0 2,e7e5
11,DanielSocorro,EulerE,1042,928,rnbqkbnr/pppp1ppp/8/4p3/4P3/5N2/PPPP1PPP/RNBQKB1R b KQkq - 1 2,g1f3
11,DanielSocorro,EulerE,1042,928,r1bqkbnr/pppp1ppp/2n5/4p3/4P3/5N2/PPPP1PPP/RNBQKB1R w KQkq - 2 3,b8c6
11,DanielSocorro,EulerE,1042,928,r1bqkbnr/pppp1ppp/2n5/4p3/2B1P3/5N2/PPPP1PPP/RNBQK2R b KQkq - 3 3,f1c4
11,DanielSocorro,EulerE,1042,928,r1bqkbnr/pppp1ppp/8/4p3/2BnP3/5N2/PPPP1PPP/RNBQK2R w KQkq - 4 4,c6d4
11,DanielSocorro,EulerE,1042,928,r1bqkbnr/pppp1ppp/8/4N3/2BnP3/8/PPPP1PPP/RNBQK2R b KQkq - 0 4,f3e5
11,DanielSocorro,EulerE,1042,928,r1bqkb1r/pppp1ppp/5n2/4N3/2BnP3/8/PPPP1PPP/RNBQK2R w KQkq - 1 5,g8f6
11,DanielSocorro,EulerE,1042,928,r1bqkb1r/pppp1Npp/5n2/8/2BnP3/8/PPPP1PPP/RNBQK2R b KQkq - 0 5,e5f7
12,EulerE,jamzkie11,919,874,rnbqkbnr/pppppppp/8/8/3P4/8/PPP1PPPP/RNBQKBNR b KQkq - 0 1,d2d4
12,EulerE,jamzkie11,919,874,rnbqkbnr/pppp1ppp/8/4p3/3P4/8/PPP1PPPP/RNBQKBNR w KQkq - 0 2,e7e5
12,EulerE,jamzkie11,919,874,rnbqkbnr/pppp1ppp/8/4P3/8/8/PPP1PPPP/RNBQKBNR b KQkq - 0 2,d4e5
12,EulerE,jamzkie11,919,874,rnbqkbnr/pppp2pp/5p2/4P3/8/8/PPP1PPPP/RNBQKBNR w KQkq - 0 3,f7f6
12,EulerE,jamzkie11,919,874,rnbqkbnr/pppp2pp/5p2/4P3/8/5N2/PPP1PPPP/RNBQKB1R b KQkq - 1 3,g1f3
12,EulerE,jamzkie11,919,874,rnbqkb1r/pppp2pp/5p1n/4P3/8/5N2/PPP1PPPP/RNBQKB1R w KQkq - 2 4,g8h6
12,EulerE,jamzkie11,919,874,rnbqkb1r/pppp2pp/5p1n/4P3/8/1P3N2/P1P1PPPP/RNBQKB1R b KQkq - 0 4,b2b3
12,EulerE,jamzkie11,919,874,rnbqk2r/pppp2pp/5p1n/2b1P3/8/1P3N2/P1P1PPPP/RNBQKB1R w KQkq - 1 5,f8c5
12,EulerE,jamzkie11,919,874,rnbqk2r/pppp2pp/5p1n/2b1P3/8/1P3N1P/P1P1PPP1/RNBQKB1R b KQkq - 0 5,h2h3
12,EulerE,jamzkie11,919,874,rnbqk2r/pp1p2pp/2p2p1n/2b1P3/8/1P3N1P/P1P1PPP1/RNBQKB1R w KQkq - 0 6,c7c6
12,EulerE,jamzkie11,919,874,rnbqk2r/pp1p2pp/2p2p1n/2b1P3/8/1P3N1P/PBP1PPP1/RN1QKB1R b KQkq - 1 6,c1b2
12,EulerE,jamzkie11,919,874,rnbq1rk1/pp1p2pp/2p2p1n/2b1P3/8/1P3N1P/PBP1PPP1/RN1QKB1R w KQ - 2 7,e8g8
12,EulerE,jamzkie11,919,874,rnbq1rk1/pp1p2pp/2p2P1n/2b5/8/1P3N1P/PBP1PPP1/RN1QKB1R b KQ - 0 7,e5f6
12,EulerE,jamzkie11,919,874,rnbq2k1/pp1p2pp/2p2r1n/2b5/8/1P3N1P/PBP1PPP1/RN1QKB1R w KQ - 0 8,f8f6
12,EulerE,jamzkie11,919,874,rnbq2k1/pp1p2pp/2p2B1n/2b5/8/1P3N1P/P1P1PPP1/RN1QKB1R b KQ - 0 8,b2f6
12,EulerE,jamzkie11,919,874,rnb3k1/pp1p2pp/2p2q1n/2b5/8/1P3N1P/P1P1PPP1/RN1QKB1R w KQ - 0 9,d8f6
12,EulerE,jamzkie11,919,874,rnb3k1/pp1p2pp/2p2q1n/2b5/8/1P3N1P/P1PNPPP1/R2QKB1R b KQ - 1 9,b1d2
12,EulerE,jamzkie11,919,874,rnb3k1/pp4pp/2pp1q1n/2b5/8/1P3N1P/P1PNPPP1/R2QKB1R w KQ - 0 10,d7d6
12,EulerE,jamzkie11,919,874,rnb3k1/pp4pp/2pp1q1n/2b5/4N3/1P3N1P/P1P1PPP1/R2QKB1R b KQ - 1 10,d2e4
12,EulerE,jamzkie11,919,874,rnb3k1/pp4pp/2ppq2n/2b5/4N3/1P3N1P/P1P1PPP1/R2QKB1R w KQ - 2 11,f6e6
12,EulerE,jamzkie11,919,874,rnb3k1/pp4pp/2ppq2n/2b3N1/4N3/1P5P/P1P1PPP1/R2QKB1R b KQ - 3 11,f3g5
12,EulerE,jamzkie11,919,874,rnb3k1/pp4pp/2ppq2n/6N1/1b2N3/1P5P/P1P1PPP1/R2QKB1R w KQ - 4 12,c5b4
12,EulerE,jamzkie11,919,874,rnb3k1/pp4pp/2ppq2n/6N1/1b2N3/1PP4P/P3PPP1/R2QKB1R b KQ - 0 12,c2c3
12,EulerE,jamzkie11,919,874,rnb3k1/pp4pp/2ppq2n/6N1/4N3/1Pb4P/P3PPP1/R2QKB1R w KQ - 0 13,b4c3
12,EulerE,jamzkie11,919,874,rnb3k1/pp4pp/2ppq2n/6N1/8/1PN4P/P3PPP1/R2QKB1R b KQ - 0 13,e4c3
12,EulerE,jamzkie11,919,874,rnb3k1/pp4pp/2pp3n/4q1N1/8/1PN4P/P3PPP1/R2QKB1R w KQ - 1 14,e6e5
12,EulerE,jamzkie11,919,874,rnb3k1/pp4pp/2pp3n/4q1N1/4N3/1P5P/P3PPP1/R2QKB1R b KQ - 2 14,c3e4
12,EulerE,jamzkie11,919,874,rnb3k1/pp4pp/2pp4/4qnN1/4N3/1P5P/P3PPP1/R2QKB1R w KQ - 3 15,h6f5
12,EulerE,jamzkie11,919,874,rnb3k1/pp4pp/2pp4/4qnN1/4N1P1/1P5P/P3PP2/R2QKB1R b KQ - 0 15,g2g4
12,EulerE,jamzkie11,919,874,rnb3k1/pp4pp/2pp4/4q1N1/4N1Pn/1P5P/P3PP2/R2QKB1R w KQ - 1 16,f5h4
12,EulerE,jamzkie11,919,874,rnb3k1/pp4pp/2pN4/4q1N1/6Pn/1P5P/P3PP2/R2QKB1R b KQ - 0 16,e4d6
12,EulerE,jamzkie11,919,874,rnb3k1/pp4pp/2pN4/6q1/6Pn/1P5P/P3PP2/R2QKB1R w KQ - 0 17,e5g5
12,EulerE,jamzkie11,919,874,rnN3k1/pp4pp/2p5/6q1/6Pn/1P5P/P3PP2/R2QKB1R b KQ - 0 17,d6c8
12,EulerE,jamzkie11,919,874,r1N3k1/pp4pp/n1p5/6q1/6Pn/1P5P/P3PP2/R2QKB1R w KQ - 1 18,b8a6
12,EulerE,jamzkie11,919,874,r1N3k1/pp4pp/n1p5/6q1/4P1Pn/1P5P/P4P2/R2QKB1R b KQ - 0 18,e2e4
12,EulerE,jamzkie11,919,874,r1N3k1/pp4pp/n1p5/q7/4P1Pn/1P5P/P4P2/R2QKB1R w KQ - 1 19,g5a5
12,EulerE,jamzkie11,919,874,r1N3k1/pp4pp/n1p5/q7/4P1Pn/1P5P/P2Q1P2/R3KB1R b KQ - 2 19,d1d2
12,EulerE,jamzkie11,919,874,r1N3k1/pp4pp/n1p5/q7/4P1P1/1P3n1P/P2Q1P2/R3KB1R w KQ - 3 20,h4f3
12,EulerE,jamzkie11,919,874,r1N3k1/pp4pp/n1p5/q7/4P1P1/1P3n1P/P2QKP2/R4B1R b - - 4 20,e1e2
12,EulerE,jamzkie11,919,874,r1N3k1/pp4pp/n1p5/q7/4P1P1/1P5P/P2nKP2/R4B1R w - - 0 21,f3d2
12,EulerE,jamzkie11,919,874,r1N3k1/pp4pp/n1p5/q7/4P1P1/1P5P/P2n1P2/R2K1B1R b - - 1 21,e2d1
12,EulerE,jamzkie11,919,874,r1N3k1/pp4pp/n1p5/q7/4n1P1/1P5P/P4P2/R2K1B1R w - - 0 22,d2e4
12,EulerE,jamzkie11,919,874,r1N3k1/pp4pp/B1p5/q7/4n1P1/1P5P/P4P2/R2K3R b - - 0 22,f1a6
12,EulerE,jamzkie11,919,874,r1N3k1/pp4pp/B1p5/q7/6P1/1P5P/P4n2/R2K3R w - - 0 23,e4f2
12,EulerE,jamzkie11,919,874,r1N3k1/pp4pp/B1p5/q7/6P1/1P5P/P1K2n2/R6R b - - 1 23,d1c2
12,EulerE,jamzkie11,919,874,r1N3k1/pp4pp/q1p5/8/6P1/1P5P/P1K2n2/R6R w - - 0 24,a5a6
12,EulerE,jamzkie11,919,874,r1N3k1/pp4pp/q1p5/8/6P1/1P5P/P1K2n2/R2R4 b - - 1 24,h1d1
12,EulerE,jamzkie11,919,874,2r3k1/pp4pp/q1p5/8/6P1/1P5P/P1K2n2/R2R4 w - - 0 25,a8c8
12,EulerE,jamzkie11,919,874,2r3k1/pp4pp/q1p5/8/6P1/1P5P/P2K1n2/R2R4 b - - 1 25,c2d2
12,EulerE,jamzkie11,919,874,2r3k1/pp4pp/q1p5/8/6P1/1P5P/P2K4/R2n4 w - - 0 26,f2d1
12,EulerE,jamzkie11,919,874,2r3k1/pp4pp/q1p5/8/6P1/1P5P/P2K4/3R4 b - - 0 26,a1d1
12,EulerE,jamzkie11,919,874,3r2k1/pp4pp/q1p5/8/6P1/1P5P/P2K4/3R4 w - - 1 27,c8d8
12,EulerE,jamzkie11,919,874,3r2k1/pp4pp/q1p5/8/6P1/1P5P/P7/3RK3 b - - 2 27,d2e1
12,EulerE,jamzkie11,919,874,6k1/pp4pp/q1p5/8/6P1/1P5P/P7/3rK3 w - - 0 28,d8d1
12,EulerE,jamzkie11,919,874,6k1/pp4pp/q1p5/8/6P1/1P5P/P7/3K4 b - - 0 28,e1d1
12,EulerE,jamzkie11,919,874,6k1/pp4pp/2p5/8/6P1/1P5P/q7/3K4 w - - 0 29,a6a2
12,EulerE,jamzkie11,919,874,6k1/pp4pp/2p5/8/1P4P1/7P/q7/3K4 b - - 0 29,b3b4
12,EulerE,jamzkie11,919,874,6k1/p5pp/1pp5/8/1P4P1/7P/q7/3K4 w - - 0 30,b7b6
12,EulerE,jamzkie11,919,874,6k1/p5pp/1pp5/1P6/6P1/7P/q7/3K4 b - - 0 30,b4b5
12,EulerE,jamzkie11,919,874,6k1/p5pp/1p6/1Pp5/6P1/7P/q7/3K4 w - - 0 31,c6c5
12,EulerE,jamzkie11,919,874,6k1/p5pp/1p6/1Pp5/6PP/8/q7/3K4 b - - 0 31,h3h4
12,EulerE,jamzkie11,919,874,6k1/p5pp/1p6/1P6/2p3PP/8/q7/3K4 w - - 0 32,c5c4
12,EulerE,jamzkie11,919,874,6k1/p5pp/1p6/1P4P1/2p4P/8/q7/3K4 b - - 0 32,g4g5
12,EulerE,jamzkie11,919,874,6k1/p5pp/1p6/1P4P1/7P/2p5/q7/3K4 w - - 0 33,c4c3
12,EulerE,jamzkie11,919,874,6k1/p5pp/1p6/1P4PP/8/2p5/q7/3K4 b - - 0 33,h4h5
12,EulerE,jamzkie11,919,874,6k1/p5pp/1p6/1P4PP/8/8/q1p5/3K4 w - - 0 34,c3c2
12,EulerE,jamzkie11,919,874,6k1/p5pp/1p6/1P4PP/8/8/q1p5/2K5 b - - 1 34,d1c1
12,EulerE,jamzkie11,919,874,8/p4kpp/1p6/1P4PP/8/8/q1p5/2K5 w - - 2 35,g8f7
12,EulerE,jamzkie11,919,874,8/p4kpp/1p5P/1P4P1/8/8/q1p5/2K5 b - - 0 35,h5h6
12,EulerE,jamzkie11,919,874,8/p4kpp/1p5P/1P4P1/8/8/2p5/1qK5 w - - 1 36,a2b1
12,EulerE,jamzkie11,919,874,8/p4kpp/1p5P/1P4P1/8/8/2pK4/1q6 b - - 2 36,c1d2
12,EulerE,jamzkie11,919,874,8/p4kpp/1p5P/1P4P1/8/8/2pK4/3q4 w - - 3 37,b1d1
12,EulerE,jamzkie11,919,874,8/p4kpp/1p5P/1P4P1/8/2K5/2p5/3q4 b - - 4 37,d2c3
12,EulerE,jamzkie11,919,874,8/p4kpp/1p5P/1P4P1/8/2K5/8/2qq4 w - - 0 38,c2c1q
12,EulerE,jamzkie11,919,874,8/p4kpp/1p5P/1P4P1/1K6/8/8/2qq4 b - - 1 38,c3b4
12,EulerE,jamzkie11,919,874,8/p4kpp/1p5P/1P4P1/1K1q4/8/8/2q5 w - - 2 39,d1d4
12,EulerE,jamzkie11,919,874,8/p4kpp/1p5P/1P4P1/3q4/1K6/8/2q5 b - - 3 39,b4b3
12,EulerE,jamzkie11,919,874,8/p4kpp/1p5P/1P4P1/3q4/1Kq5/8/8 w - - 4 40,c1c3
12,EulerE,jamzkie11,919,874,8/p4kpp/1p5P/1P4P1/3q4/2q5/K7/8 b - - 5 40,b3a2
12,EulerE,jamzkie11,919,874,8/p4kpp/1p5P/1P4P1/8/2q5/K2q4/8 w - - 6 41,d4d2
12,EulerE,jamzkie11,919,874,8/p4kpp/1p5P/1P4P1/8/2q5/3q4/1K6 b - - 7 41,a2b1
12,EulerE,jamzkie11,919,874,8/p4kpp/1p5P/1P4P1/8/8/3q4/1Kq5 w - - 8 42,c3c1
13,EulerE,sanlerchess,913,1032,rnbqkbnr/pppppppp/8/8/3P4/8/PPP1PPPP/RNBQKBNR b KQkq - 0 1,d2d4
13,EulerE,sanlerchess,913,1032,rnbqkbnr/ppp1pppp/8/3p4/3P4/8/PPP1PPPP/RNBQKBNR w KQkq - 0 2,d7d5
13,EulerE,sanlerchess,913,1032,rnbqkbnr/ppp1pppp/8/3p4/2PP4/8/PP2PPPP/RNBQKBNR b KQkq - 0 2,c2c4
13,EulerE,sanlerchess,913,1032,rnbqkbnr/ppp1pppp/8/8/2pP4/8/PP2PPPP/RNBQKBNR w KQkq - 0 3,d5c4
13,EulerE,sanlerchess,913,1032,rnbqkbnr/ppp1pppp/8/8/2pPP3/8/PP3PPP/RNBQKBNR b KQkq - 0 3,e2e4
13,EulerE,sanlerchess,913,1032,rnbqkb1r/ppp1pppp/5n2/8/2pPP3/8/PP3PPP/RNBQKBNR w KQkq - 1 4,g8f6
13,EulerE,sanlerchess,913,1032,rnbqkb1r/ppp1pppp/5n2/8/2pPP3/2N5/PP3PPP/R1BQKBNR b KQkq - 2 4,b1c3
13,EulerE,sanlerchess,913,1032,rnbqkb1r/ppp2ppp/4pn2/8/2pPP3/2N5/PP3PPP/R1BQKBNR w KQkq - 0 5,e7e6
13,EulerE,sanlerchess,913,1032,rnbqkb1r/ppp2ppp/4pn2/8/2pPP3/2N2N2/PP3PPP/R1BQKB1R b KQkq - 1 5,g1f3
13,EulerE,sanlerchess,913,1032,rnbqk2r/ppp2ppp/4pn2/8/1bpPP3/2N2N2/PP3PPP/R1BQKB1R w KQkq - 2 6,f8b4
13,EulerE,sanlerchess,913,1032,rnbqk2r/ppp2ppp/4pn2/8/1bpPP3/2N2N2/PPQ2PPP/R1B1KB1R b KQkq - 3 6,d1c2
13,EulerE,sanlerchess,913,1032,rnbq1rk1/ppp2ppp/4pn2/8/1bpPP3/2N2N2/PPQ2PPP/R1B1KB1R w KQ - 4 7,e8g8
13,EulerE,sanlerchess,913,1032,rnbq1rk1/ppp2ppp/4pn2/8/1bpPP3/2N2N2/PPQB1PPP/R3KB1R b KQ - 5 7,c1d2
13,EulerE,sanlerchess,913,1032,rnbq1rk1/ppp2ppp/4pn2/8/2pPP3/2b2N2/PPQB1PPP/R3KB1R w KQ - 0 8,b4c3
13,EulerE,sanlerchess,913,1032,rnbq1rk1/ppp2ppp/4pn2/8/2pPP3/2B2N2/PPQ2PPP/R3KB1R b KQ - 0 8,d2c3
13,EulerE,sanlerchess,913,1032,r1bq1rk1/ppp2ppp/2n1pn2/8/2pPP3/2B2N2/PPQ2PPP/R3KB1R w KQ - 1 9,b8c6
13,EulerE,sanlerchess,913,1032,r1bq1rk1/ppp2ppp/2n1pn2/8/2BPP3/2B2N2/PPQ2PPP/R3K2R b KQ - 0 9,f1c4
13,EulerE,sanlerchess,913,1032,r1bqr1k1/ppp2ppp/2n1pn2/8/2BPP3/2B2N2/PPQ2PPP/R3K2R w KQ - 1 10,f8e8
13,EulerE,sanlerchess,913,1032,r1bqr1k1/ppp2ppp/2n1pn2/8/2BPP3/2B2N2/PPQ2PPP/2KR3R b - - 2 10,e1c1
13,EulerE,sanlerchess,913,1032,r1bqr1k1/ppp2ppp/2n2n2/4p3/2BPP3/2B2N2/PPQ2PPP/2KR3R w - - 0 11,e6e5
13,EulerE,sanlerchess,913,1032,r1bqr1k1/ppp2ppp/2n2n2/3Pp3/2B1P3/2B2N2/PPQ2PPP/2KR3R b - - 0 11,d4d5
13,EulerE,sanlerchess,913,1032,r1bqr1k1/ppp1nppp/5n2/3Pp3/2B1P3/2B2N2/PPQ2PPP/2KR3R w - - 1 12,c6e7
13,EulerE,sanlerchess,913,1032,r1bqr1k1/ppp1nppp/5n2/3PN3/2B1P3/2B5/PPQ2PPP/2KR3R b - - 0 12,f3e5
13,EulerE,sanlerchess,913,1032,r1bqr1k1/ppp2ppp/5nn1/3PN3/2B1P3/2B5/PPQ2PPP/2KR3R w - - 1 13,e7g6
13,EulerE,sanlerchess,913,1032,r1bqr1k1/ppp2ppp/5nN1/3P4/2B1P3/2B5/PPQ2PPP/2KR3R b - - 0 13,e5g6
13,EulerE,sanlerchess,913,1032,r1bqr1k1/ppp2pp1/5np1/3P4/2B1P3/2B5/PPQ2PPP/2KR3R w - - 0 14,h7g6
13,EulerE,sanlerchess,913,1032,r1bqr1k1/ppp2pp1/5np1/3P4/2B1P3/2B5/PPQ2PPP/2KRR3 b - - 1 14,h1e1
13,EulerE,sanlerchess,913,1032,r2qr1k1/pppb1pp1/5np1/3P4/2B1P3/2B5/PPQ2PPP/2KRR3 w - - 2 15,c8d7
13,EulerE,sanlerchess,913,1032,r2qr1k1/pppb1pp1/5np1/3P4/2B1P3/2B2P2/PPQ3PP/2KRR3 b - - 0 15,f2f3
13,EulerE,sanlerchess,913,1032,r2qr1k1/pp1b1pp1/5np1/2pP4/2B1P3/2B2P2/PPQ3PP/2KRR3 w - c6 0 16,c7c5
13,EulerE,sanlerchess,913,1032,r2qr1k1/pp1b1pp1/5np1/2pP4/P1B1P3/2B2P2/1PQ3PP/2KRR3 b - - 0 16,a2a4
13,EulerE,sanlerchess,913,1032,r3r1k1/pp1b1pp1/1q3np1/2pP4/P1B1P3/2B2P2/1PQ3PP/2KRR3 w - - 1 17,d8b6
13,EulerE,sanlerchess,913,1032,r3r1k1/pp1b1pp1/1q3Bp1/2pP4/P1B1P3/5P2/1PQ3PP/2KRR3 b - - 0 17,c3f6
13,EulerE,sanlerchess,913,1032,r3r1k1/pp1b1p2/1q3pp1/2pP4/P1B1P3/5P2/1PQ3PP/2KRR3 w - - 0 18,g7f6
13,EulerE,sanlerchess,913,1032,r3r1k1/pp1b1p2/1q3pp1/2pP4/P1B1P1P1/5P2/1PQ4P/2KRR3 b - - 0 18,g2g4
13,EulerE,sanlerchess,913,1032,r3r1k1/pp1b1p2/5pp1/q1pP4/P1B1P1P1/5P2/1PQ4P/2KRR3 w - - 1 19,b6a5
13,EulerE,sanlerchess,913,1032,r3r1k1/pp1b1p2/5pp1/q1pP4/P1B1PPP1/8/1PQ4P/2KRR3 b - - 0 19,f3f4
13,EulerE,sanlerchess,913,1032,r3r1k1/pp3p2/5pp1/q1pP4/b1B1PPP1/8/1PQ4P/2KRR3 w - - 0 20,d7a4
13,EulerE,sanlerchess,913,1032,r3r1k1/pp3p2/5pp1/q1pP4/b3PPP1/1B6/1PQ4P/2KRR3 b - - 1 20,c4b3
13,EulerE,sanlerchess,913,1032,r3r1k1/p4p2/5pp1/qppP4/b3PPP1/1B6/1PQ4P/2KRR3 w - - 0 21,b7b5
13,EulerE,sanlerchess,913,1032,r3r1k1/p4p2/5pp1/qppP4/B3PPP1/8/1PQ4P/2KRR3 b - - 0 21,b3a4
13,EulerE,sanlerchess,913,1032,r3r1k1/p4p2/5pp1/q1pP4/p3PPP1/8/1PQ4P/2KRR3 w - - 0 22,b5a4
13,EulerE,sanlerchess,913,1032,r3r1k1/p4p2/5pp1/q1pP1P2/p3P1P1/8/1PQ4P/2KRR3 b - - 0 22,f4f5
13,EulerE,sanlerchess,913,1032,1r2r1k1/p4p2/5pp1/q1pP1P2/p3P1P1/8/1PQ4P/2KRR3 w - - 1 23,a8b8
13,EulerE,sanlerchess,913,1032,1r2r1k1/p4p2/5pP1/q1pP4/p3P1P1/8/1PQ4P/2KRR3 b - - 0 23,f5g6
13,EulerE,sanlerchess,913,1032,1r2r1k1/p7/5pp1/q1pP4/p3P1P1/8/1PQ4P/2KRR3 w - - 0 24,f7g6
13,EulerE,sanlerchess,913,1032,1r2r1k1/p7/5pp1/q1pPP3/p5P1/8/1PQ4P/2KRR3 b - - 0 24,e4e5
13,EulerE,sanlerchess,913,1032,1r2r1k1/p7/5pp1/q1pPP3/6P1/p7/1PQ4P/2KRR3 w - - 0 25,a4a3
13,EulerE,sanlerchess,913,1032,1r2r1k1/p7/5pQ1/q1pPP3/6P1/p7/1P5P/2KRR3 b - - 0 25,c2g6
13,EulerE,sanlerchess,913,1032,1r2rk2/p7/5pQ1/q1pPP3/6P1/p7/1P5P/2KRR3 w - - 1 26,g8f8
13,EulerE,sanlerchess,913,1032,1r2rk2/p7/5Q2/q1pPP3/6P1/p7/1P5P/2KRR3 b - - 0 26,g6f6
13,EulerE,sanlerchess,913,1032,1r2r1k1/p7/5Q2/q1pPP3/6P1/p7/1P5P/2KRR3 w - - 1 27,f8g8
13,EulerE,sanlerchess,913,1032,1r2r1k1/p7/4PQ2/q1pP4/6P1/p7/1P5P/2KRR3 b - - 0 27,e5e6
13,EulerE,sanlerchess,913,1032,1r2r1k1/p7/4PQ2/q1pP4/6P1/8/1p5P/2KRR3 w - - 0 28,a3b2
13,EulerE,sanlerchess,913,1032,1r2r1k1/p7/4PQ2/q1pP4/6P1/8/1p5P/1K1RR3 b - - 1 28,c1b1
13,EulerE,sanlerchess,913,1032,1r2r1k1/p7/4PQ2/2pP4/6P1/8/1p5P/qK1RR3 w - - 2 29,a5a1
13,EulerE,sanlerchess,913,1032,1r2r1k1/p7/4PQ2/2pP4/6P1/8/1pK4P/q2RR3 b - - 3 29,b1c2
13,EulerE,sanlerchess,913,1032,1r2r1k1/p7/4PQ2/2pP4/6P1/8/2K4P/qq1RR3 w - - 0 30,b2b1q
13,EulerE,sanlerchess,913,1032,1r2r1k1/p7/4PQ2/2pP4/6P1/8/2K4P/qR2R3 b - - 0 30,d1b1
13,EulerE,sanlerchess,913,1032,4r1k1/p7/4PQ2/2pP4/6P1/8/2K4P/qr2R3 w - - 0 31,b8b1
13,EulerE,sanlerchess,913,1032,4r1k1/p7/4PQ2/2pP4/6P1/8/2K4P/qR6 b - - 0 31,e1b1
13,EulerE,sanlerchess,913,1032,4r1k1/p7/4Pq2/2pP4/6P1/8/2K4P/1R6 w - - 0 32,a1f6
13,EulerE,sanlerchess,913,1032,4r1k1/p7/4Pq2/2pP4/6P1/8/2K4P/3R4 b - - 1 32,b1d1
13,EulerE,sanlerchess,913,1032,4r1k1/p7/4P1q1/2pP4/6P1/8/2K4P/3R4 w - - 2 33,f6g6
13,EulerE,sanlerchess,913,1032,4r1k1/p7/4P1q1/2pP4/6P1/8/7P/2KR4 b - - 3 33,c2c1
13,EulerE,sanlerchess,913,1032,4r1k1/p7/4P3/2pP2q1/6P1/8/7P/2KR4 w - - 4 34,g6g5
13,EulerE,sanlerchess,913,1032,4r1k1/p7/4P3/2pP2q1/6P1/8/2K4P/3R4 b - - 5 34,c1c2
13,EulerE,sanlerchess,913,1032,4rk2/p7/4P3/2pP2q1/6P1/8/2K4P/3R4 w - - 6 35,g8f8
13,EulerE,sanlerchess,913,1032,4rk2/p7/4P3/2pP2q1/6P1/1K6/7P/3R4 b - - 7 35,c2b3
13,EulerE,sanlerchess,913,1032,4rk2/p7/4P3/2pP4/6q1/1K6/7P/3R4 w - - 0 36,g5g4
13,EulerE,sanlerchess,913,1032,4rk2/p7/3PP3/2p5/6q1/1K6/7P/3R4 b - - 0 36,d5d6
13,EulerE,sanlerchess,913,1032,5k2/p7/3Pr3/2p5/6q1/1K6/7P/3R4 w - - 0 37,e8e6
13,EulerE,sanlerchess,913,1032,5k2/p2P4/4r3/2p5/6q1/1K6/7P/3R4 b - - 0 37,d6d7
13,EulerE,sanlerchess,913,1032,5k2/p2P4/4r3/8/2p3q1/1K6/7P/3R4 w - - 0 38,c5c4
13,EulerE,sanlerchess,913,1032,5k2/p2P4/4r3/8/1Kp3q1/8/7P/3R4 b - - 1 38,b3b4
13,EulerE,sanlerchess,913,1032,5k2/p2P4/4r3/8/1K4q1/2p5/7P/3R4 w - - 0 39,c4c3
13,EulerE,sanlerchess,913,1032,5k2/p2P4/4r3/8/6q1/2K5/7P/3R4 b - - 0 39,b4c3
13,EulerE,sanlerchess,913,1032,5k2/p2P4/4r3/8/8/2K5/7P/3q4 w - - 0 40,g4d1
13,EulerE,sanlerchess,913,1032,3Q1k2/p7/4r3/8/8/2K5/7P/3q4 b - - 0 40,d7d8q
13,EulerE,sanlerchess,913,1032,3q1k2/p7/4r3/8/8/2K5/7P/8 w - - 0 41,d1d8
13,EulerE,sanlerchess,913,1032,3q1k2/p7/4r3/8/7P/2K5/8/8 b - - 0 41,h2h4
13,EulerE,sanlerchess,913,1032,3q1k2/p7/2r5/8/7P/2K5/8/8 w - - 1 42,e6c6
13,EulerE,sanlerchess,913,1032,3q1k2/p7/2r5/8/1K5P/8/8/8 b - - 2 42,c3b4
13,EulerE,sanlerchess,913,1032,5k2/p7/1qr5/8/1K5P/8/8/8 w - - 3 43,d8b6
13,EulerE,sanlerchess,913,1032,5k2/p7/1qr5/8/K6P/8/8/8 b - - 4 43,b4a4
13,EulerE,sanlerchess,913,1032,5k2/p7/q1r5/8/K6P/8/8/8 w - - 5 44,b6a6
13,EulerE,sanlerchess,913,1032,5k2/p7/q1r5/8/1K5P/8/8/8 b - - 6 44,a4b4
13,EulerE,sanlerchess,913,1032,5k2/p7/q7/8/1Kr4P/8/8/8 w - - 7 45,c6c4
13,EulerE,sanlerchess,913,1032,5k2/p7/q7/8/2r4P/1K6/8/8 b - - 8 45,b4b3
13,EulerE,sanlerchess,913,1032,5k2/p7/8/8/q1r4P/1K6/8/8 w - - 9 46,a6a4
13,EulerE,sanlerchess,913,1032,5k2/p7/8/8/q1r4P/8/1K6/8 b - - 10 46,b3b2
13,EulerE,sanlerchess,913,1032,5k2/p7/8/8/q6P/8/1Kr5/8 w - - 11 47,c4c2
13,EulerE,sanlerchess,913,1032,5k2/p7/8/8/q6P/8/2r5/1K6 b - - 12 47,b2b1
13,EulerE,sanlerchess,913,1032,5k2/p7/8/8/7P/8/q1r5/1K6 w - - 13 48,a4a2
14,EulerE,Miloshka24,919,837,rnbqkbnr/pppppppp/8/8/3P4/8/PPP1PPPP/RNBQKBNR b KQkq - 0 1,d2d4
14,EulerE,Miloshka24,919,837,rnbqkb1r/pppppppp/5n2/8/3P4/8/PPP1PPPP/RNBQKBNR w KQkq - 1 2,g8f6
14,EulerE,Miloshka24,919,837,rnbqkb1r/pppppppp/5n2/8/2PP4/8/PP2PPPP/RNBQKBNR b KQkq - 0 2,c2c4
14,EulerE,Miloshka24,919,837,rnbqkb1r/ppp1pppp/5n2/3p4/2PP4/8/PP2PPPP/RNBQKBNR w KQkq - 0 3,d7d5
14,EulerE,Miloshka24,919,837,rnbqkb1r/ppp1pppp/5n2/3p4/2PP4/2N5/PP2PPPP/R1BQKBNR b KQkq - 1 3,b1c3
14,EulerE,Miloshka24,919,837,rnbqkb1r/ppp1pppp/5n2/8/2pP4/2N5/PP2PPPP/R1BQKBNR w KQkq - 0 4,d5c4
14,EulerE,Miloshka24,919,837,rnbqkb1r/ppp1pppp/5n2/8/2pP1B2/2N5/PP2PPPP/R2QKBNR b KQkq - 1 4,c1f4
14,EulerE,Miloshka24,919,837,rnbqkb1r/p1p1pppp/1p3n2/8/2pP1B2/2N5/PP2PPPP/R2QKBNR w KQkq - 0 5,b7b6
14,EulerE,Miloshka24,919,837,rnbqkb1r/p1p1pppp/1p3n2/8/2pPPB2/2N5/PP3PPP/R2QKBNR b KQkq - 0 5,e2e4
14,EulerE,Miloshka24,919,837,rnbqkb1r/p3pppp/1p3n2/2p5/2pPPB2/2N5/PP3PPP/R2QKBNR w KQkq - 0 6,c7c5
14,EulerE,Miloshka24,919,837,rnbqkb1r/p3pppp/1p3n2/2P5/2p1PB2/2N5/PP3PPP/R2QKBNR b KQkq - 0 6,d4c5
14,EulerE,Miloshka24,919,837,rnb1kb1r/p3pppp/1p3n2/2P5/2p1PB2/2N5/PP3PPP/R2qKBNR w KQkq - 0 7,d8d1
14,EulerE,Miloshka24,919,837,rnb1kb1r/p3pppp/1p3n2/2P5/2p1PB2/2N5/PP3PPP/3RKBNR b Kkq - 0 7,a1d1
14,EulerE,Miloshka24,919,837,rnb1kb1r/p3pppp/5n2/2p5/2p1PB2/2N5/PP3PPP/3RKBNR w Kkq - 0 8,b6c5
14,EulerE,Miloshka24,919,837,rnb1kb1r/p3pppp/5n2/2p5/2p1PB2/2N2N2/PP3PPP/3RKB1R b Kkq - 1 8,g1f3
14,EulerE,Miloshka24,919,837,rnb1kb1r/p3ppp1/5n1p/2p5/2p1PB2/2N2N2/PP3PPP/3RKB1R w Kkq - 0 9,h7h6
14,EulerE,Miloshka24,919,837,rnb1kb1r/p3ppp1/5n1p/2p5/2B1PB2/2N2N2/PP3PPP/3RK2R b Kkq - 0 9,f1c4
14,EulerE,Miloshka24,919,837,rnb1kb1r/p3pp2/5n1p/2p3p1/2B1PB2/2N2N2/PP3PPP/3RK2R w Kkq - 0 10,g7g5
14,EulerE,Miloshka24,919,837,rnb1kb1r/p3pp2/5n1p/2p3p1/2B1P3/2N1BN2/PP3PPP/3RK2R b Kkq - 1 10,f4e3
14,EulerE,Miloshka24,919,837,rnb1kb1r/p3pp2/5n1p/2p5/2B1P1p1/2N1BN2/PP3PPP/3RK2R w Kkq - 0 11,g5g4
14,EulerE,Miloshka24,919,837,rnb1kb1r/p3pp2/5n1p/2p1N3/2B1P1p1/2N1B3/PP3PPP/3RK2R b Kkq - 1 11,f3e5
14,EulerE,Miloshka24,919,837,rnb1kb1r/p4p2/4pn1p/2p1N3/2B1P1p1/2N1B3/PP3PPP/3RK2R w Kkq - 0 12,e7e6
14,EulerE,Miloshka24,919,837,rnb1kb1r/p4p2/4pn1p/2p1N3/2B1P1p1/2N1B3/PP3PPP/3R1RK1 b kq - 1 12,e1g1
14,EulerE,Miloshka24,919,837,rnb1kb1r/5p2/4pn1p/p1p1N3/2B1P1p1/2N1B3/PP3PPP/3R1RK1 w kq - 0 13,a7a5
14,EulerE,Miloshka24,919,837,rnb1kb1r/5p2/4pn1p/pNp1N3/2B1P1p1/4B3/PP3PPP/3R1RK1 b kq - 1 13,c3b5
14,EulerE,Miloshka24,919,837,rn2kb1r/5p2/b3pn1p/pNp1N3/2B1P1p1/4B3/PP3PPP/3R1RK1 w kq - 2 14,c8a6
14,EulerE,Miloshka24,919,837,rn2kb1r/2N2p2/b3pn1p/p1p1N3/2B1P1p1/4B3/PP3PPP/3R1RK1 b kq - 3 14,b5c7
14,EulerE,Miloshka24,919,837,rn3b1r/2N1kp2/b3pn1p/p1p1N3/2B1P1p1/4B3/PP3PPP/3R1RK1 w - - 4 15,e8e7
14,EulerE,Miloshka24,919,837,rn3b1r/4kp2/N3pn1p/p1p1N3/2B1P1p1/4B3/PP3PPP/3R1RK1 b - - 0 15,c7a6
14,EulerE,Miloshka24,919,837,r4b1r/4kp2/n3pn1p/p1p1N3/2B1P1p1/4B3/PP3PPP/3R1RK1 w - - 0 16,b8a6
14,EulerE,Miloshka24,919,837,r4b1r/4kp2/B3pn1p/p1p1N3/4P1p1/4B3/PP3PPP/3R1RK1 b - - 0 16,c4a6
14,EulerE,Miloshka24,919,837,5b1r/4kp2/r3pn1p/p1p1N3/4P1p1/4B3/PP3PPP/3R1RK1 w - - 0 17,a8a6
14,EulerE,Miloshka24,919,837,5b1r/4kp2/r3pn1p/p1B1N3/4P1p1/8/PP3PPP/3R1RK1 b - - 0 17,e3c5
14,EulerE,Miloshka24,919,837,4kb1r/5p2/r3pn1p/p1B1N3/4P1p1/8/PP3PPP/3R1RK1 w - - 1 18,e7e8
14,EulerE,Miloshka24,919,837,4kB1r/5p2/r3pn1p/p3N3/4P1p1/8/PP3PPP/3R1RK1 b - - 0 18,c5f8
14,EulerE,Miloshka24,919,837,5k1r/5p2/r3pn1p/p3N3/4P1p1/8/PP3PPP/3R1RK1 w - - 0 19,e8f8
14,EulerE,Miloshka24,919,837,5k1r/3N1p2/r3pn1p/p7/4P1p1/8/PP3PPP/3R1RK1 b - - 1 19,e5d7
14,EulerE,Miloshka24,919,837,5k1r/3n1p2/r3p2p/p7/4P1p1/8/PP3PPP/3R1RK1 w - - 0 20,f6d7
14,EulerE,Miloshka24,919,837,5k1r/3R1p2/r3p2p/p7/4P1p1/8/PP3PPP/5RK1 b - - 0 20,d1d7
14,EulerE,Miloshka24,919,837,4k2r/3R1p2/r3p2p/p7/4P1p1/8/PP3PPP/5RK1 w - - 1 21,f8e8
14,EulerE,Miloshka24,919,837,4k2r/1R3p2/r3p2p/p7/4P1p1/8/PP3PPP/5RK1 b - - 2 21,d7b7
14,EulerE,Miloshka24,919,837,4k2r/1R3p2/r3p3/p6p/4P1p1/8/PP3PPP/5RK1 w - - 0 22,h6h5
14,EulerE,Miloshka24,919,837,4k2r/1R3p2/r3p3/p6p/4P1p1/8/PP3PPP/2R3K1 b - - 1 22,f1c1
14,EulerE,Miloshka24,919,837,5k1r/1R3p2/r3p3/p6p/4P1p1/8/PP3PPP/2R3K1 w - - 2 23,e8f8
14,EulerE,Miloshka24,919,837,2R2k1r/1R3p2/r3p3/p6p/4P1p1/8/PP3PPP/6K1 b - - 3 23,c1c8
14,EulerE,Miloshka24,919,837,2R4r/1R3pk1/r3p3/p6p/4P1p1/8/PP3PPP/6K1 w - - 4 24,f8g7
14,EulerE,Miloshka24,919,837,7R/1R3pk1/r3p3/p6p/4P1p1/8/PP3PPP/6K1 b - - 0 24,c8h8
14,EulerE,Miloshka24,919,837,7k/1R3p2/r3p3/p6p/4P1p1/8/PP3PPP/6K1 w - - 0 25,g7h8
14,EulerE,Miloshka24,919,837,7k/5R2/r3p3/p6p/4P1p1/8/PP3PPP/6K1 b - - 0 25,b7f7
14,EulerE,Miloshka24,919,837,6k1/5R2/r3p3/p6p/4P1p1/8/PP3PPP/6K1 w - - 1 26,h8g8
14,EulerE,Miloshka24,919,837,6k1/4R3/r3p3/p6p/4P1p1/8/PP3PPP/6K1 b - - 2 26,f7e7
14,EulerE,Miloshka24,919,837,6k1/4R3/r3p3/p7/4P1pp/8/PP3PPP/6K1 w - - 0 27,h5h4
14,EulerE,Miloshka24,919,837,6k1/4R3/r3p3/p7/4P1pp/6P1/PP3P1P/6K1 b - - 0 27,g2g3
14,EulerE,Miloshka24,919,837,6k1/4R3/r3p3/p7/4P1p1/6p1/PP3P1P/6K1 w - - 0 28,h4g3
14,EulerE,Miloshka24,919,837,6k1/4R3/r3p3/p7/4P1p1/6P1/PP3P2/6K1 b - - 0 28,h2g3
14,EulerE,Miloshka24,919,837,5k2/4R3/r3p3/p7/4P1p1/6P1/PP3P2/6K1 w - - 1 29,g8f8
14,EulerE,Miloshka24,919,837,5k2/7R/r3p3/p7/4P1p1/6P1/PP3P2/6K1 b - - 2 29,e7h7
14,EulerE,Miloshka24,919,837,6k1/7R/r3p3/p7/4P1p1/6P1/PP3P2/6K1 w - - 3 30,f8g8
14,EulerE,Miloshka24,919,837,6k1/8/r3p3/p7/4P1pR/6P1/PP3P2/6K1 b - - 4 30,h7h4
14,EulerE,Miloshka24,919,837,8/5k2/r3p3/p7/4P1pR/6P1/PP3P2/6K1 w - - 5 31,g8f7
14,EulerE,Miloshka24,919,837,8/5k2/r3p3/p7/4P1R1/6P1/PP3P2/6K1 b - - 0 31,h4g4
14,EulerE,Miloshka24,919,837,8/5k2/1r2p3/p7/4P1R1/6P1/PP3P2/6K1 w - - 1 32,a6b6
14,EulerE,Miloshka24,919,837,8/5k2/1r2p3/p7/4P1R1/1P4P1/P4P2/6K1 b - - 0 32,b2b3
14,EulerE,Miloshka24,919,837,8/5k2/2r1p3/p7/4P1R1/1P4P1/P4P2/6K1 w - - 1 33,b6c6
14,EulerE,Miloshka24,919,837,8/5k2/2r1p3/p7/4PPR1/1P4P1/P7/6K1 b - - 0 33,f2f4
14,EulerE,Miloshka24,919,837,8/5k2/4p3/p7/4PPR1/1P4P1/P7/2r3K1 w - - 1 34,c6c1
14,EulerE,Miloshka24,919,837,8/5k2/4p3/p7/4PPR1/1P4P1/P4K2/2r5 b - - 2 34,g1f2
14,EulerE,Miloshka24,919,837,8/5k2/4p3/p7/4PPR1/1P4P1/P1r2K2/8 w - - 3 35,c1c2
14,EulerE,Miloshka24,919,837,8/5k2/4p3/p7/4PPR1/1P4P1/P1r5/4K3 b - - 4 35,f2e1
14,EulerE,Miloshka24,919,837,8/5k2/4p3/p7/4PPR1/1P4P1/r7/4K3 w - - 0 36,c2a2
14,EulerE,Miloshka24,919,837,8/5k2/4p3/p4P2/4P1R1/1P4P1/r7/4K3 b - - 0 36,f4f5
14,EulerE,Miloshka24,919,837,8/5k2/4p3/p4P2/4P1R1/1P4P1/8/r3K3 w - - 1 37,a2a1
14,EulerE,Miloshka24,919,837,8/5k2/4p3/p4P2/4P1R1/1P4P1/3K4/r7 b - - 2 37,e1d2
14,EulerE,Miloshka24,919,837,8/5k2/4p3/p4P2/4P1R1/1P4P1/r2K4/8 w - - 3 38,a1a2
14,EulerE,Miloshka24,919,837,8/5k2/4p3/p4P2/4P1R1/1P4P1/r7/2K5 b - - 4 38,d2c1
14,EulerE,Miloshka24,919,837,8/5k2/4p3/p4P2/4P1R1/rP4P1/8/2K5 w - - 5 39,a2a3
14,EulerE,Miloshka24,919,837,8/5k2/4p3/p4P2/4P1R1/rP4P1/1K6/8 b - - 6 39,c1b2
14,EulerE,Miloshka24,919,837,8/5k2/8/p4p2/4P1R1/rP4P1/1K6/8 w - - 0 40,e6f5
14,EulerE,Miloshka24,919,837,8/5k2/8/p4p2/4PR2/rP4P1/1K6/8 b - - 1 40,g4f4
14,EulerE,Miloshka24,919,837,8/5k2/8/p4p2/4PR2/1r4P1/1K6/8 w - - 0 41,a3b3
14,EulerE,Miloshka24,919,837,8/5k2/8/p4p2/4PR2/1K4P1/8/8 b - - 0 41,b2b3
14,EulerE,Miloshka24,919,837,8/8/6k1/p4p2/4PR2/1K4P1/8/8 w - - 1 42,f7g6
14,EulerE,Miloshka24,919,837,8/8/6k1/p4P2/5R2/1K4P1/8/8 b - - 0 42,e4f5
14,EulerE,Miloshka24,919,837,8/8/8/p4Pk1/5R2/1K4P1/8/8 w - - 1 43,g6g5
14,EulerE,Miloshka24,919,837,8/8/5P2/p5k1/5R2/1K4P1/8/8 b - - 0 43,f5f6
15,bennybetch,EulerE,1054,930,rnbqkbnr/pppppppp/8/8/3P4/8/PPP1PPPP/RNBQKBNR b KQkq - 0 1,d2d4
15,bennybetch,EulerE,1054,930,rnbqkbnr/ppp1pppp/8/3p4/3P4/8/PPP1PPPP/RNBQKBNR w KQkq - 0 2,d7d5
15,bennybetch,EulerE,1054,930,rnbqkbnr/ppp1pppp/8/3p4/3P4/2N5/PPP1PPPP/R1BQKBNR b KQkq - 1 2,b1c3
15,bennybetch,EulerE,1054,930,rnbqkb1r/ppp1pppp/5n2/3p4/3P4/2N5/PPP1PPPP/R1BQKBNR w KQkq - 2 3,g8f6
15,bennybetch,EulerE,1054,930,rnbqkb1r/ppp1pppp/5n2/3p4/3P4/2N2P2/PPP1P1PP/R1BQKBNR b KQkq - 0 3,f2f3
15,bennybetch,EulerE,1054,930,rn1qkb1r/ppp1pppp/5n2/3p1b2/3P4/2N2P2/PPP1P1PP/R1BQKBNR w KQkq - 1 4,c8f5
15,bennybetch,EulerE,1054,930,rn1qkb1r/ppp1pppp/5n2/3p1b2/3P1B2/2N2P2/PPP1P1PP/R2QKBNR b KQkq - 2 4,c1f4
15,bennybetch,EulerE,1054,930,rn1qkb1r/1pp1pppp/p4n2/3p1b2/3P1B2/2N2P2/PPP1P1PP/R2QKBNR w KQkq - 0 5,a7a6
15,bennybetch,EulerE,1054,930,rn1qkb1r/1pp1pppp/p4n2/3p1b2/3P1BP1/2N2P2/PPP1P2P/R2QKBNR b KQkq - 0 5,g2g4
15,bennybetch,EulerE,1054,930,rn1qkb1r/1pp1pppp/p4nb1/3p4/3P1BP1/2N2P2/PPP1P2P/R2QKBNR w KQkq - 1 6,f5g6
15,bennybetch,EulerE,1054,930,rn1qkb1r/1pp1pppp/p4nb1/3p2P1/3P1B2/2N2P2/PPP1P2P/R2QKBNR b KQkq - 0 6,g4g5
15,bennybetch,EulerE,1054,930,rn1qkb1r/1ppnpppp/p5b1/3p2P1/3P1B2/2N2P2/PPP1P2P/R2QKBNR w KQkq - 1 7,f6d7
15,bennybetch,EulerE,1054,930,rn1qkb1r/1ppnpppp/p5b1/3N2P1/3P1B2/5P2/PPP1P2P/R2QKBNR b KQkq - 0 7,c3d5
15,bennybetch,EulerE,1054,930,rn1qkb1r/1ppn1ppp/p5b1/3Np1P1/3P1B2/5P2/PPP1P2P/R2QKBNR w KQkq - 0 8,e7e5
15,bennybetch,EulerE,1054,930,rn1qkb1r/1ppn1ppp/p5b1/3NP1P1/5B2/5P2/PPP1P2P/R2QKBNR b KQkq - 0 8,d4e5
15,bennybetch,EulerE,1054,930,rn1qkb1r/1pp2ppp/p5b1/2nNP1P1/5B2/5P2/PPP1P2P/R2QKBNR w KQkq - 1 9,d7c5
15,bennybetch,EulerE,1054,930,rn1qkb1r/1pp2ppp/p5b1/2nNP1P1/4PB2/5P2/PPP4P/R2QKBNR b KQkq - 0 9,e2e4
15,bennybetch,EulerE,1054,930,r2qkb1r/1pp2ppp/p1n3b1/2nNP1P1/4PB2/5P2/PPP4P/R2QKBNR w KQkq - 1 10,b8c6
15,bennybetch,EulerE,1054,930,r2qkb1r/1pp2ppp/p1n1P1b1/2nN2P1/4PB2/5P2/PPP4P/R2QKBNR b KQkq - 0 10,e5e6
15,bennybetch,EulerE,1054,930,r2qkb1r/1pp2ppp/p1n1n1b1/3N2P1/4PB2/5P2/PPP4P/R2QKBNR w KQkq - 0 11,c5e6
15,bennybetch,EulerE,1054,930,r2qkb1r/1pp2ppp/p1n1n1b1/3N2P1/4P3/5PB1/PPP4P/R2QKBNR b KQkq - 1 11,f4g3
15,bennybetch,EulerE,1054,930,r2qkb1r/1pp2ppp/p3n1b1/3N2P1/1n2P3/5PB1/PPP4P/R2QKBNR w KQkq - 2 12,c6b4
15,bennybetch,EulerE,1054,930,r2qkb1r/1pp2ppp/p3n1b1/3N2P1/1n2P3/2P2PB1/PP5P/R2QKBNR b KQkq - 0 12,c2c3
15,bennybetch,EulerE,1054,930,r2qkb1r/1pp2ppp/p3n1b1/3n2P1/4P3/2P2PB1/PP5P/R2QKBNR w KQkq - 0 13,b4d5
15,bennybetch,EulerE,1054,930,r2qkb1r/1pp2ppp/p3n1b1/3P2P1/8/2P2PB1/PP5P/R2QKBNR b KQkq - 0 13,e4d5
15,bennybetch,EulerE,1054,930,r2qkb1r/1pp2ppp/p5b1/2nP2P1/8/2P2PB1/PP5P/R2QKBNR w KQkq - 1 14,e6c5
15,bennybetch,EulerE,1054,930,r2qkb1r/1pp2ppp/p5b1/2nP2P1/1P6/2P2PB1/P6P/R2QKBNR b KQkq - 0 14,b2b4
15,bennybetch,EulerE,1054,930,r2qkb1r/1ppn1ppp/p5b1/3P2P1/1P6/2P2PB1/P6P/R2QKBNR w KQkq - 1 15,c5d7
15,bennybetch,EulerE,1054,930,r2qkb1r/1ppn1ppp/p5b1/3P2P1/1P6/2P2PB1/P3N2P/R2QKB1R b KQkq - 2 15,g1e2
15,bennybetch,EulerE,1054,930,r3kb1r/1ppn1ppp/p5b1/3P2q1/1P6/2P2PB1/P3N2P/R2QKB1R w KQkq - 0 16,d8g5
15,bennybetch,EulerE,1054,930,r3kb1r/1ppn1ppp/p5b1/3P2q1/1P3B2/2P2P2/P3N2P/R2QKB1R b KQkq - 1 16,g3f4
15,bennybetch,EulerE,1054,930,r3kb1r/1ppn1ppp/p5b1/3P4/1P3B1q/2P2P2/P3N2P/R2QKB1R w KQkq - 2 17,g5h4
15,bennybetch,EulerE,1054,930,r3kb1r/1ppn1ppp/p5b1/3P4/1P5q/2P2PB1/P3N2P/R2QKB1R b KQkq - 3 17,f4g3
15,bennybetch,EulerE,1054,930,r2qkb1r/1ppn1ppp/p5b1/3P4/1P6/2P2PB1/P3N2P/R2QKB1R w KQkq - 4 18,h4d8
15,bennybetch,EulerE,1054,930,r2qkb1r/1ppn1ppp/p5b1/3P4/1P6/2P2PBB/P3N2P/R2QK2R b KQkq - 5 18,f1h3
15,bennybetch,EulerE,1054,930,r2qk2r/1ppn1ppp/p2b2b1/3P4/1P6/2P2PBB/P3N2P/R2QK2R w KQkq - 6 19,f8d6
15,bennybetch,EulerE,1054,930,r2qk2r/1ppn1ppp/p2b2b1/3P4/1P6/2P2PBB/P3N2P/R2Q1RK1 b kq - 7 19,e1g1
15,bennybetch,EulerE,1054,930,r2qk2r/1ppn1ppp/p5b1/3P4/1P6/2P2PbB/P3N2P/R2Q1RK1 w kq - 0 20,d6g3
15,bennybetch,EulerE,1054,930,r2qk2r/1ppn1ppp/p5b1/3P4/1P6/2P2PNB/P6P/R2Q1RK1 b kq - 0 20,e2g3
15,bennybetch,EulerE,1054,930,r2q1rk1/1ppn1ppp/p5b1/3P4/1P6/2P2PNB/P6P/R2Q1RK1 w - - 1 21,e8g8
15,bennybetch,EulerE,1054,930,r2q1rk1/1ppn1ppp/p2P2b1/8/1P6/2P2PNB/P6P/R2Q1RK1 b - - 0 21,d5d6
15,bennybetch,EulerE,1054,930,r2q1rk1/1pp2ppp/p2P1nb1/8/1P6/2P2PNB/P6P/R2Q1RK1 w - - 1 22,d7f6
15,bennybetch,EulerE,1054,930,r2q1rk1/1pP2ppp/p4nb1/8/1P6/2P2PNB/P6P/R2Q1RK1 b - - 0 22,d6c7
15,bennybetch,EulerE,1054,930,r4rk1/1pq2ppp/p4nb1/8/1P6/2P2PNB/P6P/R2Q1RK1 w - - 0 23,d8c7
15,bennybetch,EulerE,1054,930,r4rk1/1pq2ppp/p4nb1/8/1P2N3/2P2P1B/P6P/R2Q1RK1 b - - 1 23,g3e4
15,bennybetch,EulerE,1054,930,3r1rk1/1pq2ppp/p4nb1/8/1P2N3/2P2P1B/P6P/R2Q1RK1 w - - 2 24,a8d8
15,bennybetch,EulerE,1054,930,3r1rk1/1pq2ppp/p4nb1/8/1P2N3/2P2P1B/P3Q2P/R4RK1 b - - 3 24,d1e2
15,bennybetch,EulerE,1054,930,3r1rk1/1pq2ppp/p5b1/8/1P2n3/2P2P1B/P3Q2P/R4RK1 w - - 0 25,f6e4
15,bennybetch,EulerE,1054,930,3r1rk1/1pq2ppp/p5b1/8/1P2P3/2P4B/P3Q2P/R4RK1 b - - 0 25,f3e4
15,bennybetch,EulerE,1054,930,4rrk1/1pq2ppp/p5b1/8/1P2P3/2P4B/P3Q2P/R4RK1 w - - 1 26,d8e8
15,bennybetch,EulerE,1054,930,4rrk1/1pq2ppp/p5b1/8/1P2P3/2P5/P3Q1BP/R4RK1 b - - 2 26,h3g2
15,bennybetch,EulerE,1054,930,4rrk1/1p3ppp/p5b1/8/1P2P3/2q5/P3Q1BP/R4RK1 w - - 0 27,c7c3
15,bennybetch,EulerE,1054,930,4rrk1/1p3ppp/p5b1/8/1P2P3/2q5/P3Q1BP/1R3RK1 b - - 1 27,a1b1
15,bennybetch,EulerE,1054,930,4rrk1/1p4pp/p5b1/5p2/1P2P3/2q5/P3Q1BP/1R3RK1 w - - 0 28,f7f5
15,bennybetch,EulerE,1054,930,4rrk1/1p4pp/p5b1/4Pp2/1P6/2q5/P3Q1BP/1R3RK1 b - - 0 28,e4e5
15,bennybetch,EulerE,1054,930,5rk1/1p4pp/p5b1/4rp2/1P6/2q5/P3Q1BP/1R3RK1 w - - 0 29,e8e5
15,bennybetch,EulerE,1054,930,5rk1/1p4pp/p5b1/4rp2/1P6/2q5/P4QBP/1R3RK1 b - - 1 29,e2f2
15,bennybetch,EulerE,1054,930,5rk1/1p4pp/p5b1/4r3/1P3p2/2q5/P4QBP/1R3RK1 w - - 0 30,f5f4
15,bennybetch,EulerE,1054,930,5rk1/1p4pp/p5b1/4r3/1P3p2/2q5/P4QBP/1RR3K1 b - - 1 30,f1c1
15,bennybetch,EulerE,1054,930,5rk1/1p4pp/p5b1/4r3/1P3p2/q7/P4QBP/1RR3K1 w - - 2 31,c3a3
15,bennybetch,EulerE,1054,930,5rk1/1p4pp/p5b1/4r3/1P3p2/q6P/P4QB1/1RR3K1 b - - 0 31,h2h3
15,bennybetch,EulerE,1054,930,5rk1/1p4pp/p7/4r3/1P3p2/q6P/P4QB1/1bR3K1 w - - 0 32,g6b1
15,bennybetch,EulerE,1054,930,5rk1/1p4pp/p7/4r3/1P3p2/q6P/P4QB1/1R4K1 b - - 0 32,c1b1
15,bennybetch,EulerE,1054,930,4r1k1/1p4pp/p7/4r3/1P3p2/q6P/P4QB1/1R4K1 w - - 1 33,f8e8
15,bennybetch,EulerE,1054,930,4r1k1/1p4pp/p7/4r3/1P3p2/q6P/PR3QB1/6K1 b - - 2 33,b1b2
15,bennybetch,EulerE,1054,930,4r1k1/1p4pp/p7/4r3/1P3p2/6qP/PR3QB1/6K1 w - - 3 34,a3g3
15,bennybetch,EulerE,1054,930,4r1k1/1p4pp/p7/4r3/1P3p2/6qP/PR4B1/5QK1 b - - 4 34,f2f1
15,bennybetch,EulerE,1054,930,4r1k1/1p4pp/p7/8/1P3p2/6qP/PR4B1/4rQK1 w - - 5 35,e5e1
15,bennybetch,EulerE,1054,930,4r1k1/1p4pp/p7/8/1P3p2/1R4qP/P5B1/4rQK1 b - - 6 35,b2b3
15,bennybetch,EulerE,1054,930,4r1k1/1p4pp/p7/8/1P3p2/1R4qP/P5B1/5rK1 w - - 0 36,e1f1
15,bennybetch,EulerE,1054,930,4r1k1/1p4pp/p7/8/1P3p2/1R4qP/P5B1/5K2 b - - 0 36,g1f1
15,bennybetch,EulerE,1054,930,4r1k1/1p4pp/p7/8/1P3p2/1R5P/P5B1/4qK2 w - - 1 37,g3e1
16,EulerE,alenhamzic,932,1022,rnbqkbnr/pppppppp/8/8/3P4/8/PPP1PPPP/RNBQKBNR b KQkq - 0 1,d2d4
16,EulerE,alenhamzic,932,1022,rnbqkbnr/ppp1pppp/8/3p4/3P4/8/PPP1PPPP/RNBQKBNR w KQkq - 0 2,d7d5
16,EulerE,alenhamzic,932,1022,rnbqkbnr/ppp1pppp/8/3p4/2PP4/8/PP2PPPP/RNBQKBNR b KQkq - 0 2,c2c4
16,EulerE,alenhamzic,932,1022,rnbqkbnr/ppp1pppp/8/8/2pP4/8/PP2PPPP/RNBQKBNR w KQkq - 0 3,d5c4
16,EulerE,alenhamzic,932,1022,rnbqkbnr/ppp1pppp/8/8/2pPP3/8/PP3PPP/RNBQKBNR b KQkq - 0 3,e2e4
16,EulerE,alenhamzic,932,1022,rnbqkb1r/ppp1pppp/5n2/8/2pPP3/8/PP3PPP/RNBQKBNR w KQkq - 1 4,g8f6
16,EulerE,alenhamzic,932,1022,rnbqkb1r/ppp1pppp/5n2/8/2pPP3/2N5/PP3PPP/R1BQKBNR b KQkq - 2 4,b1c3
16,EulerE,alenhamzic,932,1022,r1bqkb1r/ppp1pppp/2n2n2/8/2pPP3/2N5/PP3PPP/R1BQKBNR w KQkq - 3 5,b8c6
16,EulerE,alenhamzic,932,1022,r1bqkb1r/ppp1pppp/2n2n2/8/2pPP3/2N2N2/PP3PPP/R1BQKB1R b KQkq - 4 5,g1f3
16,EulerE,alenhamzic,932,1022,r1bqkb1r/ppp2ppp/2n2n2/4p3/2pPP3/2N2N2/PP3PPP/R1BQKB1R w KQkq - 0 6,e7e5
16,EulerE,alenhamzic,932,1022,r1bqkb1r/ppp2ppp/2n2n2/4N3/2pPP3/2N5/PP3PPP/R1BQKB1R b KQkq - 0 6,f3e5
16,EulerE,alenhamzic,932,1022,r1b1kb1r/ppp2ppp/2n2n2/4N3/2pqP3/2N5/PP3PPP/R1BQKB1R w KQkq - 0 7,d8d4
16,EulerE,alenhamzic,932,1022,r1b1kb1r/ppp2ppp/2n2n2/4N3/2pQP3/2N5/PP3PPP/R1B1KB1R b KQkq - 0 7,d1d4
16,EulerE,alenhamzic,932,1022,r1b1kb1r/ppp2ppp/5n2/4N3/2pnP3/2N5/PP3PPP/R1B1KB1R w KQkq - 0 8,c6d4
16,EulerE,alenhamzic,932,1022,r1b1kb1r/ppp2ppp/5n2/4N3/2pnP3/2N5/PP3PPP/1RB1KB1R b Kkq - 1 8,a1b1
16,EulerE,alenhamzic,932,1022,r1b1k2r/ppp2ppp/5n2/4N3/1bpnP3/2N5/PP3PPP/1RB1KB1R w Kkq - 2 9,f8b4
16,EulerE,alenhamzic,932,1022,r1b1k2r/ppp2ppp/5n2/4N3/1bBnP3/2N5/PP3PPP/1RB1K2R b Kkq - 0 9,f1c4
16,EulerE,alenhamzic,932,1022,r1b1k2r/ppp2ppp/5n2/4N3/2BnP3/2b5/PP3PPP/1RB1K2R w Kkq - 0 10,b4c3
16,EulerE,alenhamzic,932,1022,r1b1k2r/ppp2ppp/5n2/4N3/2BnP3/2P5/P4PPP/1RB1K2R b Kkq - 0 10,b2c3
16,EulerE,alenhamzic,932,1022,r1b1k2r/ppp2ppp/8/4N3/2Bnn3/2P5/P4PPP/1RB1K2R w Kkq - 0 11,f6e4
16,EulerE,alenhamzic,932,1022,r1b1k2r/ppp2ppp/8/4N3/2BPn3/8/P4PPP/1RB1K2R b Kkq - 0 11,c3d4
16,EulerE,alenhamzic,932,1022,r1b1k2r/ppp2ppp/8/4N3/2BP4/2n5/P4PPP/1RB1K2R w Kkq - 1 12,e4c3
16,EulerE,alenhamzic,932,1022,r1b1k2r/ppp2ppp/8/4N3/2BP4/1Rn5/P4PPP/2B1K2R b Kkq - 2 12,b1b3
16,EulerE,alenhamzic,932,1022,r1b1k2r/ppp2ppp/8/4N3/2BP4/1R6/n4PPP/2B1K2R w Kkq - 0 13,c3a2
16,EulerE,alenhamzic,932,1022,r1b1k2r/ppp2Npp/8/8/2BP4/1R6/n4PPP/2B1K2R b Kkq - 0 13,e5f7
16,EulerE,alenhamzic,932,1022,r1b2rk1/ppp2Npp/8/8/2BP4/1R6/n4PPP/2B1K2R w K - 1 14,e8g8
16,EulerE,alenhamzic,932,1022,r1bN1rk1/ppp3pp/8/8/2BP4/1R6/n4PPP/2B1K2R b K - 2 14,f7d8
16,EulerE,alenhamzic,932,1022,r1bN1r1k/ppp3pp/8/8/2BP4/1R6/n4PPP/2B1K2R w K - 3 15,g8h8
16,EulerE,alenhamzic,932,1022,r1b2r1k/ppp2Npp/8/8/2BP4/1R6/n4PPP/2B1K2R b K - 4 15,d8f7
16,EulerE,alenhamzic,932,1022,r1b2rk1/ppp2Npp/8/8/2BP4/1R6/n4PPP/2B1K2R w K - 5 16,h8g8
16,EulerE,alenhamzic,932,1022,r1bN1rk1/ppp3pp/8/8/2BP4/1R6/n4PPP/2B1K2R b K - 6 16,f7d8
16,EulerE,alenhamzic,932,1022,r1bN1r1k/ppp3pp/8/8/2BP4/1R6/n4PPP/2B1K2R w K - 7 17,g8h8
16,EulerE,alenhamzic,932,1022,r1b2r1k/ppp2Npp/8/8/2BP4/1R6/n4PPP/2B1K2R b K - 8 17,d8f7
16,EulerE,alenhamzic,932,1022,r1b2rk1/ppp2Npp/8/8/2BP4/1R6/n4PPP/2B1K2R w K - 9 18,h8g8
17,XtoXto,EulerE,964,941,rnbqkbnr/pppppppp/8/8/4P3/8/PPPP1PPP/RNBQKBNR b KQkq - 0 1,e2e4
17,XtoXto,EulerE,964,941,rnbqkbnr/pppp1ppp/8/4p3/4P3/8/PPPP1PPP/RNBQKBNR w KQkq - 0 2,e7e5
17,XtoXto,EulerE,964,941,rnbqkbnr/pppp1ppp/8/4p3/3PP3/8/PPP2PPP/RNBQKBNR b KQkq - 0 2,d2d4
17,XtoXto,EulerE,964,941,rnbqkbnr/ppp2ppp/3p4/4p3/3PP3/8/PPP2PPP/RNBQKBNR w KQkq - 0 3,d7d6
17,XtoXto,EulerE,964,941,rnbqkbnr/ppp2ppp/3p4/3Pp3/4P3/8/PPP2PPP/RNBQKBNR b KQkq - 0 3,d4d5
17,XtoXto,EulerE,964,941,rnbqkbnr/ppp2p1p/3p2p1/3Pp3/4P3/8/PPP2PPP/RNBQKBNR w KQkq - 0 4,g7g6
17,XtoXto,EulerE,964,941,rnbqkbnr/ppp2p1p/3p2p1/3Pp3/2P1P3/8/PP3PPP/RNBQKBNR b KQkq - 0 4,c2c4
17,XtoXto,EulerE,964,941,rnbqkbnr/ppp4p/3p2p1/3Ppp2/2P1P3/8/PP3PPP/RNBQKBNR w KQkq - 0 5,f7f5
17,XtoXto,EulerE,964,941,rnbqkbnr/ppp4p/3p2p1/3Ppp2/2P1P3/5P2/PP4PP/RNBQKBNR b KQkq - 0 5,f2f3
17,XtoXto,EulerE,964,941,rnbqkb1r/ppp4p/3p1np1/3Ppp2/2P1P3/5P2/PP4PP/RNBQKBNR w KQkq - 1 6,g8f6
17,XtoXto,EulerE,964,941,rnbqkb1r/ppp4p/3p1np1/3PppB1/2P1P3/5P2/PP4PP/RN1QKBNR b KQkq - 2 6,c1g5
17,XtoXto,EulerE,964,941,rnbqk2r/ppp1b2p/3p1np1/3PppB1/2P1P3/5P2/PP4PP/RN1QKBNR w KQkq - 3 7,f8e7
17,XtoXto,EulerE,964,941,rnbqk2r/ppp1b2p/3p1np1/3PppB1/Q1P1P3/5P2/PP4PP/RN2KBNR b KQkq - 4 7,d1a4
17,XtoXto,EulerE,964,941,rn1qk2r/pppbb2p/3p1np1/3PppB1/Q1P1P3/5P2/PP4PP/RN2KBNR w KQkq - 5 8,c8d7
17,XtoXto,EulerE,964,941,rn1qk2r/pppbb2p/3p1np1/3PppB1/1QP1P3/5P2/PP4PP/RN2KBNR b KQkq - 6 8,a4b4
17,XtoXto,EulerE,964,941,rnbqk2r/ppp1b2p/3p1np1/3PppB1/1QP1P3/5P2/PP4PP/RN2KBNR w KQkq - 7 9,d7c8
17,XtoXto,EulerE,964,941,rnbqk2r/ppp1b2p/3p1np1/3PppB1/2P1P3/2Q2P2/PP4PP/RN2KBNR b KQkq - 8 9,b4c3
17,XtoXto,EulerE,964,941,rnbqk2r/ppp1b2p/3p1np1/3Pp1B1/2P1p3/2Q2P2/PP4PP/RN2KBNR w KQkq - 0 10,f5e4
17,XtoXto,EulerE,964,941,rnbqk2r/ppp1b2p/3p1np1/3Pp1B1/2P1P3/2Q5/PP4PP/RN2KBNR b KQkq - 0 10,f3e4
17,XtoXto,EulerE,964,941,rnbqk2r/ppp1b2p/3p2p1/3Pp1B1/2P1n3/2Q5/PP4PP/RN2KBNR w KQkq - 0 11,f6e4
17,XtoXto,EulerE,964,941,rnbqk2r/ppp1B2p/3p2p1/3Pp3/2P1n3/2Q5/PP4PP/RN2KBNR b KQkq - 0 11,g5e7
17,XtoXto,EulerE,964,941,rnb1k2r/ppp1q2p/3p2p1/3Pp3/2P1n3/2Q5/PP4PP/RN2KBNR w KQkq - 0 12,d8e7
17,XtoXto,EulerE,964,941,rnb1k2r/ppp1q2p/3p2p1/3Pp3/2P1n3/4Q3/PP4PP/RN2KBNR b KQkq - 1 12,c3e3
17,XtoXto,EulerE,964,941,rnb1k2r/ppp1q2p/3p1np1/3Pp3/2P5/4Q3/PP4PP/RN2KBNR w KQkq - 2 13,e4f6
17,XtoXto,EulerE,964,941,rnb1k2r/ppp1q2p/3p1np1/3Pp3/2P5/4Q2P/PP4P1/RN2KBNR b KQkq - 0 13,h2h3
17,XtoXto,EulerE,964,941,r1b1k2r/pppnq2p/3p1np1/3Pp3/2P5/4Q2P/PP4P1/RN2KBNR w KQkq - 1 14,b8d7
17,XtoXto,EulerE,964,941,r1b1k2r/pppnq2p/3p1np1/3Pp3/2P5/1P2Q2P/P5P1/RN2KBNR b KQkq - 0 14,b2b3
17,XtoXto,EulerE,964,941,r1b1k2r/ppp1q2p/3p1np1/2nPp3/2P5/1P2Q2P/P5P1/RN2KBNR w KQkq - 1 15,d7c5
17,XtoXto,EulerE,964,941,r1b1k2r/ppp1q2p/3p1np1/2nPp3/2P5/1P2QN1P/P5P1/RN2KB1R b KQkq - 2 15,g1f3
17,XtoXto,EulerE,964,941,r3k2r/pppbq2p/3p1np1/2nPp3/2P5/1P2QN1P/P5P1/RN2KB1R w KQkq - 3 16,c8d7
17,XtoXto,EulerE,964,941,r3k2r/pppbq2p/3p1np1/2nPp3/2P5/1PN1QN1P/P5P1/R3KB1R b KQkq - 4 16,b1c3
17,XtoXto,EulerE,964,941,r3k2r/pppbq2p/3p2p1/2nPp2n/2P5/1PN1QN1P/P5P1/R3KB1R w KQkq - 5 17,f6h5
17,XtoXto,EulerE,964,941,r3k2r/pppbq2p/3p2p1/2nPp2n/2P5/1PN1QN1P/P5P1/R3KBR1 b Qkq - 6 17,h1g1
17,XtoXto,EulerE,964,941,2kr3r/pppbq2p/3p2p1/2nPp2n/2P5/1PN1QN1P/P5P1/R3KBR1 w Q - 7 18,e8c8
17,XtoXto,EulerE,964,941,2kr3r/pppbq2p/3p2p1/2nPp2n/2P5/1PN1QN1P/P5P1/2KR1BR1 b - - 8 18,e1c1
17,XtoXto,EulerE,964,941,2kr3r/pppbq2p/3p2p1/2nP3n/2P1p3/1PN1QN1P/P5P1/2KR1BR1 w - - 0 19,e5e4
17,XtoXto,EulerE,964,941,2kr3r/pppbq2p/3p2p1/2nP2Nn/2P1p3/1PN1Q2P/P5P1/2KR1BR1 b - - 1 19,f3g5
17,XtoXto,EulerE,964,941,2kr3r/pppbq2p/3p1np1/2nP2N1/2P1p3/1PN1Q2P/P5P1/2KR1BR1 w - - 2 20,h5f6
17,XtoXto,EulerE,964,941,2kr3r/pppbq2p/3p1np1/2nP2N1/2PRp3/1PN1Q2P/P5P1/2K2BR1 b - - 3 20,d1d4
17,XtoXto,EulerE,964,941,2k1r2r/pppbq2p/3p1np1/2nP2N1/2PRp3/1PN1Q2P/P5P1/2K2BR1 w - - 4 21,d8e8
17,XtoXto,EulerE,964,941,2k1r2r/pppbq2p/3p1np1/2nP2N1/1PPRp3/2N1Q2P/P5P1/2K2BR1 b - - 0 21,b3b4
17,XtoXto,EulerE,964,941,2k1r2r/pppbq3/3p1npp/2nP2N1/1PPRp3/2N1Q2P/P5P1/2K2BR1 w - - 0 22,h7h6
17,XtoXto,EulerE,964,941,2k1r2r/pppbq3/3pNnpp/2nP4/1PPRp3/2N1Q2P/P5P1/2K2BR1 b - - 1 22,g5e6
17,XtoXto,EulerE,964,941,2k1r2r/ppp1q3/3pbnpp/2nP4/1PPRp3/2N1Q2P/P5P1/2K2BR1 w - - 0 23,d7e6
17,XtoXto,EulerE,964,941,2k1r2r/ppp1q3/3pbnpp/2PP4/2PRp3/2N1Q2P/P5P1/2K2BR1 b - - 0 23,b4c5
17,XtoXto,EulerE,964,941,2k1r2r/ppp1q3/4bnpp/2pP4/2PRp3/2N1Q2P/P5P1/2K2BR1 w - - 0 24,d6c5
17,XtoXto,EulerE,964,941,2k1r2r/ppp1q3/4bnpp/2pP4/2P1p3/2N1Q2P/P2R2P1/2K2BR1 b - - 1 24,d4d2
17,XtoXto,EulerE,964,941,2k1r2r/pppbq3/5npp/2pP4/2P1p3/2N1Q2P/P2R2P1/2K2BR1 w - - 2 25,e6d7
17,XtoXto,EulerE,964,941,2k1r2r/pppbq3/5npp/2pP4/2P1p3/2N1Q2P/P3R1P1/2K2BR1 b - - 3 25,d2e2
17,XtoXto,EulerE,964,941,2k1r2r/p1pbq3/1p3npp/2pP4/2P1p3/2N1Q2P/P3R1P1/2K2BR1 w - - 0 26,b7b6
17,XtoXto,EulerE,964,941,2k1r2r/p1pbq3/1p3npp/1NpP4/2P1p3/4Q2P/P3R1P1/2K2BR1 b - - 1 26,c3b5
17,XtoXto,EulerE,964,941,2k1r2r/p1p1q3/1p3npp/1bpP4/2P1p3/4Q2P/P3R1P1/2K2BR1 w - - 0 27,d7b5
17,XtoXto,EulerE,964,941,2k1r2r/p1p1q3/1p3npp/1PpP4/4p3/4Q2P/P3R1P1/2K2BR1 b - - 0 27,c4b5
17,XtoXto,EulerE,964,941,2k1r2r/p1p5/1p3npp/1PpPq3/4p3/4Q2P/P3R1P1/2K2BR1 w - - 1 28,e7e5
17,XtoXto,EulerE,964,941,2k1r2r/p1p5/1p3npp/1PpPq3/4p3/4Q2P/P2R2P1/2K2BR1 b - - 2 28,e2d2
17,XtoXto,EulerE,964,941,2k1r2r/p1p5/1p4pp/1Ppnq3/4p3/4Q2P/P2R2P1/2K2BR1 w - - 0 29,f6d5
17,XtoXto,EulerE,964,941,2k1r2r/p1p5/1p4pp/1Ppnq3/4p3/Q6P/P2R2P1/2K2BR1 b - - 1 29,e3a3
17,XtoXto,EulerE,964,941,1k2r2r/p1p5/1p4pp/1Ppnq3/4p3/Q6P/P2R2P1/2K2BR1 w - - 2 30,c8b8
17,XtoXto,EulerE,964,941,1k2r2r/p1p5/1p4pp/1Ppnq3/2B1p3/Q6P/P2R2P1/2K3R1 b - - 3 30,f1c4
17,XtoXto,EulerE,964,941,1k1r3r/p1p5/1p4pp/1Ppnq3/2B1p3/Q6P/P2R2P1/2K3R1 w - - 4 31,e8d8
18,EulerE,DanielSocorro,936,1074,rnbqkbnr/pppppppp/8/8/3P4/8/PPP1PPPP/RNBQKBNR b KQkq - 0 1,d2d4
18,EulerE,DanielSocorro,936,1074,rnbqkbnr/ppp1pppp/8/3p4/3P4/8/PPP1PPPP/RNBQKBNR w KQkq - 0 2,d7d5
18,EulerE,DanielSocorro,936,1074,rnbqkbnr/ppp1pppp/8/3p4/2PP4/8/PP2PPPP/RNBQKBNR b KQkq - 0 2,c2c4
18,EulerE,DanielSocorro,936,1074,rnbqkbnr/ppp1pppp/8/8/2pP4/8/PP2PPPP/RNBQKBNR w KQkq - 0 3,d5c4
18,EulerE,DanielSocorro,936,1074,rnbqkbnr/ppp1pppp/8/8/2pPP3/8/PP3PPP/RNBQKBNR b KQkq - 0 3,e2e4
18,EulerE,DanielSocorro,936,1074,r1bqkbnr/ppp1pppp/2n5/8/2pPP3/8/PP3PPP/RNBQKBNR w KQkq - 1 4,b8c6
18,EulerE,DanielSocorro,936,1074,r1bqkbnr/ppp1pppp/2n5/8/2pPP3/5N2/PP3PPP/RNBQKB1R b KQkq - 2 4,g1f3
18,EulerE,DanielSocorro,936,1074,r1bqkb1r/ppp1pppp/2n2n2/8/2pPP3/5N2/PP3PPP/RNBQKB1R w KQkq - 3 5,g8f6
18,EulerE,DanielSocorro,936,1074,r1bqkb1r/ppp1pppp/2n2n2/8/2pPP3/2N2N2/PP3PPP/R1BQKB1R b KQkq - 4 5,b1c3
18,EulerE,DanielSocorro,936,1074,r1bqkb1r/ppp2ppp/2n1pn2/8/2pPP3/2N2N2/PP3PPP/R1BQKB1R w KQkq - 0 6,e7e6
18,EulerE,DanielSocorro,936,1074,r1bqkb1r/ppp2ppp/2n1pn2/8/2BPP3/2N2N2/PP3PPP/R1BQK2R b KQkq - 0 6,f1c4
18,EulerE,DanielSocorro,936,1074,r1bqk2r/ppp2ppp/2n1pn2/8/1bBPP3/2N2N2/PP3PPP/R1BQK2R w KQkq - 1 7,f8b4
18,EulerE,DanielSocorro,936,1074,r1bqk2r/ppp2ppp/2n1pn2/8/1bBPP3/2N2N2/PPQ2PPP/R1B1K2R b KQkq - 2 7,d1c2
18,EulerE,DanielSocorro,936,1074,r1bqk2r/ppp2ppp/4pn2/8/1bBnP3/2N2N2/PPQ2PPP/R1B1K2R w KQkq - 0 8,c6d4
18,EulerE,DanielSocorro,936,1074,r1bqk2r/ppp2ppp/4pn2/8/1bBNP3/2N5/PPQ2PPP/R1B1K2R b KQkq - 0 8,f3d4
18,EulerE,DanielSocorro,936,1074,r1b1k2r/ppp2ppp/4pn2/8/1bBqP3/2N5/PPQ2PPP/R1B1K2R w KQkq - 0 9,d8d4
18,EulerE,DanielSocorro,936,1074,r1b1k2r/ppp2ppp/4pn2/8/1bBqP3/2N1B3/PPQ2PPP/R3K2R b KQkq - 1 9,c1e3
18,EulerE,DanielSocorro,936,1074,r1b1k2r/ppp2ppp/4pn2/8/1bq1P3/2N1B3/PPQ2PPP/R3K2R w KQkq - 0 10,d4c4
18,EulerE,DanielSocorro,936,1074,r1b1k2r/ppp2ppp/4pn2/8/1bq1P3/P1N1B3/1PQ2PPP/R3K2R b KQkq - 0 10,a2a3
18,EulerE,DanielSocorro,936,1074,r1b1k2r/ppp2ppp/4pn2/8/2q1P3/P1b1B3/1PQ2PPP/R3K2R w KQkq - 0 11,b4c3
18,EulerE,DanielSocorro,936,1074,r1b1k2r/ppp2ppp/4pn2/8/2q1P3/P1P1B3/2Q2PPP/R3K2R b KQkq - 0 11,b2c3
18,EulerE,DanielSocorro,936,1074,r1b1k2r/ppp2ppp/4p3/8/2q1n3/P1P1B3/2Q2PPP/R3K2R w KQkq - 0 12,f6e4
18,EulerE,DanielSocorro,936,1074,r1b1k2r/ppp2ppp/4p3/8/2q1n3/P1P1BP2/2Q3PP/R3K2R b KQkq - 0 12,f2f3
18,EulerE,DanielSocorro,936,1074,r1b1k2r/ppp2ppp/4p3/8/2q5/P1n1BP2/2Q3PP/R3K2R w KQkq - 0 13,e4c3
18,EulerE,DanielSocorro,936,1074,r1b1k2r/ppp2ppp/4p3/8/2q5/P1Q1BP2/6PP/R3K2R b KQkq - 0 13,c2c3
19,LRicardiWIC,EulerE,882,943,rnbqkbnr/pppppppp/8/8/4P3/8/PPPP1PPP/RNBQKBNR b KQkq - 0 1,e2e4
19,LRicardiWIC,EulerE,882,943,rnbqkbnr/pppp1ppp/8/4p3/4P3/8/PPPP1PPP/RNBQKBNR w KQkq - 0 2,e7e5
19,LRicardiWIC,EulerE,882,943,rnbqkbnr/pppp1ppp/8/4p3/4P3/5N2/PPPP1PPP/RNBQKB1R b KQkq - 1 2,g1f3
19,LRicardiWIC,EulerE,882,943,r1bqkbnr/pppp1ppp/2n5/4p3/4P3/5N2/PPPP1PPP/RNBQKB1R w KQkq - 2 3,b8c6
19,LRicardiWIC,EulerE,882,943,r1bqkbnr/pppp1ppp/2n5/4p3/2B1P3/5N2/PPPP1PPP/RNBQK2R b KQkq - 3 3,f1c4
19,LRicardiWIC,EulerE,882,943,r1bqkb1r/pppp1ppp/2n2n2/4p3/2B1P3/5N2/PPPP1PPP/RNBQK2R w KQkq - 4 4,g8f6
19,LRicardiWIC,EulerE,882,943,r1bqkb1r/pppp1ppp/2n2n2/4p1N1/2B1P3/8/PPPP1PPP/RNBQK2R b KQkq - 5 4,f3g5
19,LRicardiWIC,EulerE,882,943,r1bqkb1r/ppp2ppp/2n2n2/3pp1N1/2B1P3/8/PPPP1PPP/RNBQK2R w KQkq - 0 5,d7d5
19,LRicardiWIC,EulerE,882,943,r1bqkb1r/ppp2ppp/2n2n2/3Pp1N1/2B5/8/PPPP1PPP/RNBQK2R b KQkq - 0 5,e4d5
19,LRicardiWIC,EulerE,882,943,r1bqkb1r/ppp2ppp/2n5/3np1N1/2B5/8/PPPP1PPP/RNBQK2R w KQkq - 0 6,f6d5
19,LRicardiWIC,EulerE,882,943,r1bqkb1r/ppp2ppp/2n5/3np1N1/2B5/3P4/PPP2PPP/RNBQK2R b KQkq - 0 6,d2d3
19,LRicardiWIC,EulerE,882,943,r1bqk2r/ppp1bppp/2n5/3np1N1/2B5/3P4/PPP2PPP/RNBQK2R w KQkq - 1 7,f8e7
19,LRicardiWIC,EulerE,882,943,r1bqk2r/ppp1bppp/2n5/3np1N1/2B5/3P1Q2/PPP2PPP/RNB1K2R b KQkq - 2 7,d1f3
19,LRicardiWIC,EulerE,882,943,r1bqk2r/ppp2ppp/2n5/3np1b1/2B5/3P1Q2/PPP2PPP/RNB1K2R w KQkq - 0 8,e7g5
19,LRicardiWIC,EulerE,882,943,r1bqk2r/ppp2ppp/2n5/3np1B1/2B5/3P1Q2/PPP2PPP/RN2K2R b KQkq - 0 8,c1g5
19,LRicardiWIC,EulerE,882,943,r1bqk2r/ppp2ppp/2n2n2/4p1B1/2B5/3P1Q2/PPP2PPP/RN2K2R w KQkq - 1 9,d5f6
19,LRicardiWIC,EulerE,882,943,r1bqk2r/ppp2ppp/2n2B2/4p3/2B5/3P1Q2/PPP2PPP/RN2K2R b KQkq - 0 9,g5f6
19,LRicardiWIC,EulerE,882,943,r1b1k2r/ppp2ppp/2n2q2/4p3/2B5/3P1Q2/PPP2PPP/RN2K2R w KQkq - 0 10,d8f6
19,LRicardiWIC,EulerE,882,943,r1b1k2r/ppp2ppp/2n2Q2/4p3/2B5/3P4/PPP2PPP/RN2K2R b KQkq - 0 10,f3f6
19,LRicardiWIC,EulerE,882,943,r1b1k2r/ppp2p1p/2n2p2/4p3/2B5/3P4/PPP2PPP/RN2K2R w KQkq - 0 11,g7f6
19,LRicardiWIC,EulerE,882,943,r1b1k2r/ppp2p1p/2n2p2/4p3/2B5/3P4/PPP2PPP/RN3RK1 b kq - 1 11,e1g1
19,LRicardiWIC,EulerE,882,943,r3k2r/ppp2p1p/2n1bp2/4p3/2B5/3P4/PPP2PPP/RN3RK1 w kq - 2 12,c8e6
19,LRicardiWIC,EulerE,882,943,r3k2r/ppp2p1p/2n1Bp2/4p3/8/3P4/PPP2PPP/RN3RK1 b kq - 0 12,c4e6
19,LRicardiWIC,EulerE,882,943,r3k2r/ppp4p/2n1pp2/4p3/8/3P4/PPP2PPP/RN3RK1 w kq - 0 13,f7e6
19,LRicardiWIC,EulerE,882,943,r3k2r/ppp4p/2n1pp2/4p3/8/3P2P1/PPP2P1P/RN3RK1 b kq - 0 13,g2g3
19,LRicardiWIC,EulerE,882,943,r3k2r/ppp4p/4pp2/4p3/3n4/3P2P1/PPP2P1P/RN3RK1 w kq - 1 14,c6d4
19,LRicardiWIC,EulerE,882,943,r3k2r/ppp4p/4pp2/4p3/3n4/2NP2P1/PPP2P1P/R4RK1 b kq - 2 14,b1c3
19,LRicardiWIC,EulerE,882,943,2kr3r/ppp4p/4pp2/4p3/3n4/2NP2P1/PPP2P1P/R4RK1 w - - 3 15,e8c8
19,LRicardiWIC,EulerE,882,943,2kr3r/ppp4p/4pp2/4p3/3nN3/3P2P1/PPP2P1P/R4RK1 b - - 4 15,c3e4
19,LRicardiWIC,EulerE,882,943,2kr1r2/ppp4p/4pp2/4p3/3nN3/3P2P1/PPP2P1P/R4RK1 w - - 5 16,h8f8
19,LRicardiWIC,EulerE,882,943,2kr1r2/ppp4p/4pp2/4p3/3nN3/2PP2P1/PP3P1P/R4RK1 b - - 0 16,c2c3
19,LRicardiWIC,EulerE,882,943,2kr1r2/ppp4p/4pp2/4p3/4N3/2PP2P1/PPn2P1P/R4RK1 w - - 1 17,d4c2
19,LRicardiWIC,EulerE,882,943,2kr1r2/ppp4p/4pp2/4p3/4N3/2PP2P1/PPn2P1P/2R2RK1 b - - 2 17,a1c1
19,LRicardiWIC,EulerE,882,943,2k2r2/ppp4p/4pp2/4p3/4N3/2Pr2P1/PPn2P1P/2R2RK1 w - - 0 18,d8d3
19,LRicardiWIC,EulerE,882,943,2k2r2/ppp4p/4pp2/4p3/4N3/2Pr2P1/PPR2P1P/5RK1 b - - 0 18,c1c2
19,LRicardiWIC,EulerE,882,943,2kr4/ppp4p/4pp2/4p3/4N3/2Pr2P1/PPR2P1P/5RK1 w - - 1 19,f8d8
19,LRicardiWIC,EulerE,882,943,2kr4/ppp4p/4pN2/4p3/8/2Pr2P1/PPR2P1P/5RK1 b - - 0 19,e4f6
19,LRicardiWIC,EulerE,882,943,2kr4/ppp4p/4pN2/4p3/8/2P3P1/PPRr1P1P/5RK1 w - - 1 20,d3d2
19,LRicardiWIC,EulerE,882,943,2kr4/ppp4p/4pN2/4p3/8/2P3P1/PP1r1P1P/2R2RK1 b - - 2 20,c2c1
19,LRicardiWIC,EulerE,882,943,2kr4/ppp4p/4pN2/4p3/8/2P3P1/Pr3P1P/2R2RK1 w - - 0 21,d2b2
19,LRicardiWIC,EulerE,882,943,2kr4/ppp4N/4p3/4p3/8/2P3P1/Pr3P1P/2R2RK1 b - - 0 21,f6h7
19,LRicardiWIC,EulerE,882,943,2kr4/ppp4N/4p3/4p3/8/2P3P1/r4P1P/2R2RK1 w - - 0 22,b2a2
19,LRicardiWIC,EulerE,882,943,2kr4/ppp4N/4p3/4p3/8/2P3P1/r4P1P/2R1R1K1 b - - 1 22,f1e1
19,LRicardiWIC,EulerE,882,943,2k5/ppp4N/4p3/4p3/8/2P3P1/r2r1P1P/2R1R1K1 w - - 2 23,d8d2
19,LRicardiWIC,EulerE,882,943,2k5/ppp4N/4p3/4R3/8/2P3P1/r2r1P1P/2R3K1 b - - 0 23,e1e5
19,LRicardiWIC,EulerE,882,943,2k5/ppp4N/4p3/4R3/8/2P3P1/r4r1P/2R3K1 w - - 0 24,d2f2
19,LRicardiWIC,EulerE,882,943,2k5/ppp4N/4R3/8/8/2P3P1/r4r1P/2R3K1 b - - 0 24,e5e6
19,LRicardiWIC,EulerE,882,943,2k5/ppp4N/4R3/8/8/2P3P1/r5rP/2R3K1 w - - 1 25,f2g2
19,LRicardiWIC,EulerE,882,943,2k5/ppp4N/4R3/8/8/2P3P1/r5rP/2R2K2 b - - 2 25,g1f1
19,LRicardiWIC,EulerE,882,943,2k5/ppp4N/4R3/8/8/2P3P1/r6r/2R2K2 w - - 0 26,g2h2
19,LRicardiWIC,EulerE,882,943,2k5/ppp4N/4R3/8/8/2P3P1/r6r/3R1K2 b - - 1 26,c1d1
19,LRicardiWIC,EulerE,882,943,2k5/ppp4N/4R3/8/8/2P3P1/r7/3R1K1r w - - 2 27,h2h1
20,EulerE,KingKorat,952,998,rnbqkbnr/pppppppp/8/8/3P4/8/PPP1PPPP/RNBQKBNR b KQkq - 0 1,d2d4
20,EulerE,KingKorat,952,998,rnbqkbnr/ppp1pppp/8/3p4/3P4/8/PPP1PPPP/RNBQKBNR w KQkq - 0 2,d7d5
20,EulerE,KingKorat,952,998,rnbqkbnr/ppp1pppp/8/3p4/2PP4/8/PP2PPPP/RNBQKBNR b KQkq - 0 2,c2c4
20,EulerE,KingKorat,952,998,rnbqkbnr/ppp1pppp/8/8/2pP4/8/PP2PPPP/RNBQKBNR w KQkq - 0 3,d5c4
20,EulerE,KingKorat,952,998,rnbqkbnr/ppp1pppp/8/8/2pPP3/8/PP3PPP/RNBQKBNR b KQkq - 0 3,e2e4
20,EulerE,KingKorat,952,998,rnbqkb1r/ppp1pppp/5n2/8/2pPP3/8/PP3PPP/RNBQKBNR w KQkq - 1 4,g8f6
20,EulerE,KingKorat,952,998,rnbqkb1r/ppp1pppp/5n2/8/2pPP3/2N5/PP3PPP/R1BQKBNR b KQkq - 2 4,b1c3
20,EulerE,KingKorat,952,998,r1bqkb1r/ppp1pppp/2n2n2/8/2pPP3/2N5/PP3PPP/R1BQKBNR w KQkq - 3 5,b8c6
20,EulerE,KingKorat,952,998,r1bqkb1r/ppp1pppp/2n2n2/8/2pPP3/2N2N2/PP3PPP/R1BQKB1R b KQkq - 4 5,g1f3
20,EulerE,KingKorat,952,998,r1bqkb1r/ppp2ppp/2n1pn2/8/2pPP3/2N2N2/PP3PPP/R1BQKB1R w KQkq - 0 6,e7e6
20,EulerE,KingKorat,952,998,r1bqkb1r/ppp2ppp/2n1pn2/8/2pPP3/P1N2N2/1P3PPP/R1BQKB1R b KQkq - 0 6,a2a3
20,EulerE,KingKorat,952,998,r1bqk2r/ppp2ppp/2nbpn2/8/2pPP3/P1N2N2/1P3PPP/R1BQKB1R w KQkq - 1 7,f8d6
20,EulerE,KingKorat,952,998,r1bqk2r/ppp2ppp/2nbpn2/8/2BPP3/P1N2N2/1P3PPP/R1BQK2R b KQkq - 0 7,f1c4
20,EulerE,KingKorat,952,998,r1bq1rk1/ppp2ppp/2nbpn2/8/2BPP3/P1N2N2/1P3PPP/R1BQK2R w KQ - 1 8,e8g8
20,EulerE,KingKorat,952,998,r1bq1rk1/ppp2ppp/2nbpn2/8/2BPP3/P1N2N2/1P3PPP/R1BQ1RK1 b - - 2 8,e1g1
20,EulerE,KingKorat,952,998,r1bqr1k1/ppp2ppp/2nbpn2/8/2BPP3/P1N2N2/1P3PPP/R1BQ1RK1 w - - 3 9,f8e8
20,EulerE,KingKorat,952,998,r1bqr1k1/ppp2ppp/2nbpn2/4P3/2BP4/P1N2N2/1P3PPP/R1BQ1RK1 b - - 0 9,e4e5
20,EulerE,KingKorat,952,998,r1bqr1k1/ppp2ppp/2n1pn2/4b3/2BP4/P1N2N2/1P3PPP/R1BQ1RK1 w - - 0 10,d6e5
20,EulerE,KingKorat,952,998,r1bqr1k1/ppp2ppp/2n1pn2/4P3/2B5/P1N2N2/1P3PPP/R1BQ1RK1 b - - 0 10,d4e5
20,EulerE,KingKorat,952,998,r1b1r1k1/ppp2ppp/2n1pn2/4P3/2B5/P1N2N2/1P3PPP/R1Bq1RK1 w - - 0 11,d8d1
20,EulerE,KingKorat,952,998,r1b1r1k1/ppp2ppp/2n1pn2/4P3/2B5/P1N2N2/1P3PPP/R1BR2K1 b - - 0 11,f1d1
20,EulerE,KingKorat,952,998,r1b1r1k1/pppn1ppp/2n1p3/4P3/2B5/P1N2N2/1P3PPP/R1BR2K1 w - - 1 12,f6d7
20,EulerE,KingKorat,952,998,r1b1r1k1/pppn1ppp/2n1p3/1B2P3/8/P1N2N2/1P3PPP/R1BR2K1 b - - 2 12,c4b5
20,EulerE,KingKorat,952,998,r1b1r1k1/ppp2ppp/2n1p3/1B2n3/8/P1N2N2/1P3PPP/R1BR2K1 w - - 0 13,d7e5
20,EulerE,KingKorat,952,998,r1b1r1k1/ppp2ppp/2n1p3/1B2N3/8/P1N5/1P3PPP/R1BR2K1 b - - 0 13,f3e5
20,EulerE,KingKorat,952,998,r1b1r1k1/ppp2ppp/4p3/1B2n3/8/P1N5/1P3PPP/R1BR2K1 w - - 0 14,c6e5
20,EulerE,KingKorat,952,998,r1b1B1k1/ppp2ppp/4p3/4n3/8/P1N5/1P3PPP/R1BR2K1 b - - 0 14,b5e8
20,EulerE,KingKorat,952,998,r1b1B1k1/pp3ppp/2p1p3/4n3/8/P1N5/1P3PPP/R1BR2K1 w - - 0 15,c7c6
20,EulerE,KingKorat,952,998,r1bRB1k1/pp3ppp/2p1p3/4n3/8/P1N5/1P3PPP/R1B3K1 b - - 1 15,d1d8
21,Kobakhan,EulerE,1009,962,rnbqkbnr/pppppppp/8/8/4P3/8/PPPP1PPP/RNBQKBNR b KQkq - 0 1,e2e4
21,Kobakhan,EulerE,1009,962,rnbqkbnr/pppp1ppp/8/4p3/4P3/8/PPPP1PPP/RNBQKBNR w KQkq - 0 2,e7e5
21,Kobakhan,EulerE,1009,962,rnbqkbnr/pppp1ppp/8/4p3/4P3/5N2/PPPP1PPP/RNBQKB1R b KQkq - 1 2,g1f3
21,Kobakhan,EulerE,1009,962,r1bqkbnr/pppp1ppp/2n5/4p3/4P3/5N2/PPPP1PPP/RNBQKB1R w KQkq - 2 3,b8c6
21,Kobakhan,EulerE,1009,962,r1bqkbnr/pppp1ppp/2n5/1B2p3/4P3/5N2/PPPP1PPP/RNBQK2R b KQkq - 3 3,f1b5
21,Kobakhan,EulerE,1009,962,r1bqkbnr/pppp1p1p/2n3p1/1B2p3/4P3/5N2/PPPP1PPP/RNBQK2R w KQkq - 0 4,g7g6
21,Kobakhan,EulerE,1009,962,r1bqkbnr/pppp1p1p/2n3p1/1B2p3/4P3/5N2/PPPP1PPP/RNBQ1RK1 b kq - 1 4,e1g1
21,Kobakhan,EulerE,1009,962,r1bqk1nr/pppp1pbp/2n3p1/1B2p3/4P3/5N2/PPPP1PPP/RNBQ1RK1 w kq - 2 5,f8g7
21,Kobakhan,EulerE,1009,962,r1bqk1nr/pppp1pbp/2n3p1/1B2p3/4P3/2P2N2/PP1P1PPP/RNBQ1RK1 b kq - 0 5,c2c3
21,Kobakhan,EulerE,1009,962,r1bqk1nr/pppp2bp/2n3p1/1B2pp2/4P3/2P2N2/PP1P1PPP/RNBQ1RK1 w kq - 0 6,f7f5
21,Kobakhan,EulerE,1009,962,r1bqk1nr/pppp2bp/2n3p1/1B2pP2/8/2P2N2/PP1P1PPP/RNBQ1RK1 b kq - 0 6,e4f5
21,Kobakhan,EulerE,1009,962,r1bqk1nr/pppp2bp/2n5/1B2pp2/8/2P2N2/PP1P1PPP/RNBQ1RK1 w kq - 0 7,g6f5
21,Kobakhan,EulerE,1009,962,r1bqk1nr/pppp2bp/2n5/1B2pp2/8/2PP1N2/PP3PPP/RNBQ1RK1 b kq - 0 7,d2d3
21,Kobakhan,EulerE,1009,962,r1bqk1nr/1ppp2bp/p1n5/1B2pp2/8/2PP1N2/PP3PPP/RNBQ1RK1 w kq - 0 8,a7a6
21,Kobakhan,EulerE,1009,962,r1bqk1nr/1ppp2bp/p1n5/4pp2/B7/2PP1N2/PP3PPP/RNBQ1RK1 b kq - 1 8,b5a4
21,Kobakhan,EulerE,1009,962,r1bqk1nr/1pp3bp/p1n5/3ppp2/B7/2PP1N2/PP3PPP/RNBQ1RK1 w kq - 0 9,d7d5
21,Kobakhan,EulerE,1009,962,r1bqk1nr/1pp3bp/p1n5/3ppp2/8/1BPP1N2/PP3PPP/RNBQ1RK1 b kq - 1 9,a4b3
21,Kobakhan,EulerE,1009,962,r2qk1nr/1pp3bp/p1n1b3/3ppp2/8/1BPP1N2/PP3PPP/RNBQ1RK1 w kq - 2 10,c8e6
21,Kobakhan,EulerE,1009,962,r2qk1nr/1pp3bp/p1n1b3/3ppp2/8/1BPP1N2/PP3PPP/RNBQR1K1 b kq - 3 10,f1e1
21,Kobakhan,EulerE,1009,962,r2qk2r/1pp3bp/p1n1bn2/3ppp2/8/1BPP1N2/PP3PPP/RNBQR1K1 w kq - 4 11,g8f6
21,Kobakhan,EulerE,1009,962,r2qk2r/1pp3bp/p1n1bn2/3pppB1/8/1BPP1N2/PP3PPP/RN1QR1K1 b kq - 5 11,c1g5
21,Kobakhan,EulerE,1009,962,r3k2r/1pp1q1bp/p1n1bn2/3pppB1/8/1BPP1N2/PP3PPP/RN1QR1K1 w kq - 6 12,d8e7
21,Kobakhan,EulerE,1009,962,r3k2r/1pp1q1bp/p1n1bn2/3pppB1/8/1BPP1N2/PP1N1PPP/R2QR1K1 b kq - 7 12,b1d2
21,Kobakhan,EulerE,1009,962,2kr3r/1pp1q1bp/p1n1bn2/3pppB1/8/1BPP1N2/PP1N1PPP/R2QR1K1 w - - 8 13,e8c8
21,Kobakhan,EulerE,1009,962,2kr3r/1pp1q1bp/p1n1bn2/3pppB1/B7/2PP1N2/PP1N1PPP/R2QR1K1 b - - 9 13,b3a4
21,Kobakhan,EulerE,1009,962,2kr3r/1pp1q1bp/p1n1bn2/3p1pB1/B3p3/2PP1N2/PP1N1PPP/R2QR1K1 w - - 0 14,e5e4
21,Kobakhan,EulerE,1009,962,2kr3r/1pp1q1bp/p1n1bn2/3p1pB1/B3P3/2P2N2/PP1N1PPP/R2QR1K1 b - - 0 14,d3e4
21,Kobakhan,EulerE,1009,962,2kr3r/1pp1q1bp/p1n1bn2/5pB1/B3p3/2P2N2/PP1N1PPP/R2QR1K1 w - - 0 15,d5e4
21,Kobakhan,EulerE,1009,962,2kr3r/1pp1q1bp/p1n1bn2/5pB1/B2Np3/2P5/PP1N1PPP/R2QR1K1 b - - 1 15,f3d4
21,Kobakhan,EulerE,1009,962,2kr3r/1pp1q1bp/p3bn2/5pB1/B2np3/2P5/PP1N1PPP/R2QR1K1 w - - 0 16,c6d4
21,Kobakhan,EulerE,1009,962,2kr3r/1pp1q1bp/p3bn2/5pB1/B2Pp3/8/PP1N1PPP/R2QR1K1 b - - 0 16,c3d4
21,Kobakhan,EulerE,1009,962,2kr3r/1pp3bp/p2qbn2/5pB1/B2Pp3/8/PP1N1PPP/R2QR1K1 w - - 1 17,e7d6
21,Kobakhan,EulerE,1009,962,2kr3r/1pp3bp/p2qbn2/5p2/B2Pp3/4B3/PP1N1PPP/R2QR1K1 b - - 2 17,g5e3
21,Kobakhan,EulerE,1009,962,2kr3r/1pp3bp/p2qb3/5p2/B2Pp1n1/4B3/PP1N1PPP/R2QR1K1 w - - 3 18,f6g4
21,Kobakhan,EulerE,1009,962,2kr3r/1pp3bp/p2qb3/5p2/B2Pp1n1/4B3/PP1N1PPP/2RQR1K1 b - - 4 18,a1c1
21,Kobakhan,EulerE,1009,962,2kr3r/1pp3bp/p3b3/5p2/B2Pp1n1/4B3/PP1N1PPq/2RQR1K1 w - - 0 19,d6h2
21,Kobakhan,EulerE,1009,962,2kr3r/1pp3bp/p3b3/5p2/B2Pp1n1/4B3/PP1N1PPq/2RQRK2 b - - 1 19,g1f1
21,Kobakhan,EulerE,1009,962,2kr3r/1pp3bp/p3b3/5p2/B2Pp3/4n3/PP1N1PPq/2RQRK2 w - - 0 20,g4e3
21,Kobakhan,EulerE,1009,962,2kr3r/1pp3bp/p3b3/5p2/B2Pp3/4n3/PP1NKPPq/2RQR3 b - - 1 20,f1e2
21,Kobakhan,EulerE,1009,962,2kr3r/1pp3bp/p3b3/5p2/B2Pp3/8/PP1NKPPq/2RnR3 w - - 0 21,e3d1
22,ImploCBA,EulerE,949,954,rnbqkbnr/pppppppp/8/8/4P3/8/PPPP1PPP/RNBQKBNR b KQkq - 0 1,e2e4
22,ImploCBA,EulerE,949,954,rnbqkbnr/pppp1ppp/8/4p3/4P3/8/PPPP1PPP/RNBQKBNR w KQkq - 0 2,e7e5
22,ImploCBA,EulerE,949,954,rnbqkbnr/pppp1ppp/8/4p3/4P3/5N2/PPPP1PPP/RNBQKB1R b KQkq - 1 2,g1f3
22,ImploCBA,EulerE,949,954,r1bqkbnr/pppp1ppp/2n5/4p3/4P3/5N2/PPPP1PPP/RNBQKB1R w KQkq - 2 3,b8c6
22,ImploCBA,EulerE,949,954,r1bqkbnr/pppp1ppp/2n5/4p3/4P3/2N2N2/PPPP1PPP/R1BQKB1R b KQkq - 3 3,b1c3
22,ImploCBA,EulerE,949,954,r1bqkbnr/pppp1p1p/2n3p1/4p3/4P3/2N2N2/PPPP1PPP/R1BQKB1R w KQkq - 0 4,g7g6
22,ImploCBA,EulerE,949,954,r1bqkbnr/pppp1p1p/2n3p1/1B2p3/4P3/2N2N2/PPPP1PPP/R1BQK2R b KQkq - 1 4,f1b5
22,ImploCBA,EulerE,949,954,r1bqk1nr/pppp1pbp/2n3p1/1B2p3/4P3/2N2N2/PPPP1PPP/R1BQK2R w KQkq - 2 5,f8g7
22,ImploCBA,EulerE,949,954,r1bqk1nr/pppp1pbp/2B3p1/4p3/4P3/2N2N2/PPPP1PPP/R1BQK2R b KQkq - 0 5,b5c6
22,ImploCBA,EulerE,949,954,r1bqk1nr/ppp2pbp/2p3p1/4p3/4P3/2N2N2/PPPP1PPP/R1BQK2R w KQkq - 0 6,d7c6
22,ImploCBA,EulerE,949,954,r1bqk1nr/ppp2pbp/2p3p1/4p3/4P3/2N2N2/PPPP1PPP/R1BQ1RK1 b kq - 1 6,e1g1
22,ImploCBA,EulerE,949,954,r1bqk2r/ppp1npbp/2p3p1/4p3/4P3/2N2N2/PPPP1PPP/R1BQ1RK1 w kq - 2 7,g8e7
22,ImploCBA,EulerE,949,954,r1bqk2r/ppp1npbp/2p3p1/4p3/4P3/5N2/PPPPNPPP/R1BQ1RK1 b kq - 3 7,c3e2
22,ImploCBA,EulerE,949,954,r2qk2r/ppp1npbp/2p3p1/4p3/4P1b1/5N2/PPPPNPPP/R1BQ1RK1 w kq - 4 8,c8g4
22,ImploCBA,EulerE,949,954,r2qk2r/ppp1npbp/2p3p1/4p3/4P1b1/2P2N2/PP1PNPPP/R1BQ1RK1 b kq - 0 8,c2c3
22,ImploCBA,EulerE,949,954,r2qk2r/ppp1npbp/2p3p1/4p3/4P3/2P2b2/PP1PNPPP/R1BQ1RK1 w kq - 0 9,g4f3
22,ImploCBA,EulerE,949,954,r2qk2r/ppp1npbp/2p3p1/4p3/4P3/2P2P2/PP1PNP1P/R1BQ1RK1 b kq - 0 9,g2f3
22,ImploCBA,EulerE,949,954,r1nqk2r/ppp2pbp/2p3p1/4p3/4P3/2P2P2/PP1PNP1P/R1BQ1RK1 w kq - 1 10,e7c8
22,ImploCBA,EulerE,949,954,r1nqk2r/ppp2pbp/2p3p1/4p3/3PP3/2P2P2/PP2NP1P/R1BQ1RK1 b kq - 0 10,d2d4
22,ImploCBA,EulerE,949,954,r1nqk2r/ppp2pbp/2p3p1/8/3pP3/2P2P2/PP2NP1P/R1BQ1RK1 w kq - 0 11,e5d4
22,ImploCBA,EulerE,949,954,r1nqk2r/ppp2pbp/2p3p1/8/3PP3/5P2/PP2NP1P/R1BQ1RK1 b kq - 0 11,c3d4
22,ImploCBA,EulerE,949,954,r1nq1rk1/ppp2pbp/2p3p1/8/3PP3/5P2/PP2NP1P/R1BQ1RK1 w - - 1 12,e8g8
22,ImploCBA,EulerE,949,954,r1nq1rk1/ppp2pbp/2p3p1/8/3PP3/5P2/PP1BNP1P/R2Q1RK1 b - - 2 12,c1d2
22,ImploCBA,EulerE,949,954,r2q1rk1/ppp2pbp/1np3p1/8/3PP3/5P2/PP1BNP1P/R2Q1RK1 w - - 3 13,c8b6
22,ImploCBA,EulerE,949,954,r2q1rk1/ppp2pbp/1np3p1/8/3PP3/2B2P2/PP2NP1P/R2Q1RK1 b - - 4 13,d2c3
22,ImploCBA,EulerE,949,954,r2q1rk1/ppp2pbp/2p3p1/8/2nPP3/2B2P2/PP2NP1P/R2Q1RK1 w - - 5 14,b6c4
22,ImploCBA,EulerE,949,954,r2q1rk1/ppp2pbp/2p3p1/8/2nPP3/2B2P2/PP2NP1P/R1Q2RK1 b - - 6 14,d1c1
22,ImploCBA,EulerE,949,954,r2q1rk1/ppp2p1p/2p2bp1/8/2nPP3/2B2P2/PP2NP1P/R1Q2RK1 w - - 7 15,g7f6
22,ImploCBA,EulerE,949,954,r2q1rk1/ppp2p1p/2p2bp1/8/2nPP3/2B2P2/PP2NP1P/R1QR2K1 b - - 8 15,f1d1
22,ImploCBA,EulerE,949,954,r2q1rk1/ppp2p1p/2p3p1/6b1/2nPP3/2B2P2/PP2NP1P/R1QR2K1 w - - 9 16,f6g5
22,ImploCBA,EulerE,949,954,r2q1rk1/ppp2p1p/2p3p1/6b1/2nPP3/2B2P2/PPQ1NP1P/R2R2K1 b - - 10 16,c1c2
22,ImploCBA,EulerE,949,954,r2q1rk1/ppp2p1p/2pn2p1/6b1/3PP3/2B2P2/PPQ1NP1P/R2R2K1 w - - 11 17,c4d6
22,ImploCBA,EulerE,949,954,r2q1rk1/ppp2p1p/2pn2p1/3P2b1/4P3/2B2P2/PPQ1NP1P/R2R2K1 b - - 0 17,d4d5
22,ImploCBA,EulerE,949,954,r2q1rk1/ppp2p1p/3n2p1/2pP2b1/4P3/2B2P2/PPQ1NP1P/R2R2K1 w - - 0 18,c6c5
22,ImploCBA,EulerE,949,954,r2q1rk1/ppp2p1p/3n2p1/2pPP1b1/8/2B2P2/PPQ1NP1P/R2R2K1 b - - 0 18,e4e5
22,ImploCBA,EulerE,949,954,r2q1rk1/ppp2p1p/6p1/2pPPnb1/8/2B2P2/PPQ1NP1P/R2R2K1 w - - 1 19,d6f5
22,ImploCBA,EulerE,949,954,r2q1rk1/ppp2p1p/6p1/2pPPnb1/8/5P2/PPQBNP1P/R2R2K1 b - - 2 19,c3d2
22,ImploCBA,EulerE,949,954,r2q1rk1/ppp2p1p/6p1/2pPPn2/7b/5P2/PPQBNP1P/R2R2K1 w - - 3 20,g5h4
22,ImploCBA,EulerE,949,954,r2q1rk1/ppp2p1p/6p1/2QPPn2/7b/5P2/PP1BNP1P/R2R2K1 b - - 0 20,c2c5
22,ImploCBA,EulerE,949,954,r2q1rk1/ppp2p1p/6p1/2QPPnb1/8/5P2/PP1BNP1P/R2R2K1 w - - 1 21,h4g5
22,ImploCBA,EulerE,949,954,r2q1rk1/ppp2p1p/6p1/2QPPnb1/8/5PN1/PP1B1P1P/R2R2K1 b - - 2 21,e2g3
22,ImploCBA,EulerE,949,954,r2q1rk1/ppp2p1p/6p1/2QPPn2/8/5PN1/PP1b1P1P/R2R2K1 w - - 0 22,g5d2
22,ImploCBA,EulerE,949,954,r2q1rk1/ppp2p1p/6p1/2QPPn2/8/5PN1/PP1R1P1P/R5K1 b - - 0 22,d1d2
22,ImploCBA,EulerE,949,954,r4rk1/ppp2p1p/6p1/2QPPnq1/8/5PN1/PP1R1P1P/R5K1 w - - 1 23,d8g5
22,ImploCBA,EulerE,949,954,r4rk1/ppQ2p1p/6p1/3PPnq1/8/5PN1/PP1R1P1P/R5K1 b - - 0 23,c5c7
22,ImploCBA,EulerE,949,954,r4rk1/ppQ2p1p/6p1/3PP1q1/8/5Pn1/PP1R1P1P/R5K1 w - - 0 24,f5g3
22,ImploCBA,EulerE,949,954,r4rk1/ppQ2p1p/6p1/3PP1q1/8/5PP1/PP1R3P/R5K1 b - - 0 24,f2g3
22,ImploCBA,EulerE,949,954,r4rk1/ppQ2p1p/6p1/3PP3/8/5PP1/PP1q3P/R5K1 w - - 0 25,g5d2
22,ImploCBA,EulerE,949,954,r4rk1/ppQ2p1p/3P2p1/4P3/8/5PP1/PP1q3P/R5K1 b - - 0 25,d5d6
22,ImploCBA,EulerE,949,954,2r2rk1/ppQ2p1p/3P2p1/4P3/8/5PP1/PP1q3P/R5K1 w - - 1 26,a8c8
22,ImploCBA,EulerE,949,954,2r2rk1/pQ3p1p/3P2p1/4P3/8/5PP1/PP1q3P/R5K1 b - - 0 26,c7b7
22,ImploCBA,EulerE,949,954,2r2rk1/pQ3p1p/3q2p1/4P3/8/5PP1/PP5P/R5K1 w - - 0 27,d2d6
22,ImploCBA,EulerE,949,954,2r2rk1/pQ3p1p/3P2p1/8/8/5PP1/PP5P/R5K1 b - - 0 27,e5d6
23,EulerE,Ramos147,961,902,rnbqkbnr/pppppppp/8/8/3P4/8/PPP1PPPP/RNBQKBNR b KQkq - 0 1,d2d4
23,EulerE,Ramos147,961,902,rnbqkbnr/pppp1ppp/4p3/8/3P4/8/PPP1PPPP/RNBQKBNR w KQkq - 0 2,e7e6
23,EulerE,Ramos147,961,902,rnbqkbnr/pppp1ppp/4p3/8/3PP3/8/PPP2PPP/RNBQKBNR b KQkq - 0 2,e2e4
23,EulerE,Ramos147,961,902,rnb1kbnr/pppp1ppp/4pq2/8/3PP3/8/PPP2PPP/RNBQKBNR w KQkq - 1 3,d8f6
23,EulerE,Ramos147,961,902,rnb1kbnr/pppp1ppp/4pq2/8/3PP3/2N5/PPP2PPP/R1BQKBNR b KQkq - 2 3,b1c3
23,EulerE,Ramos147,961,902,rnb1kbnr/pp1p1ppp/4pq2/2p5/3PP3/2N5/PPP2PPP/R1BQKBNR w KQkq - 0 4,c7c5
23,EulerE,Ramos147,961,902,rnb1kbnr/pp1p1ppp/4pq2/2p5/3PP3/2N2N2/PPP2PPP/R1BQKB1R b KQkq - 1 4,g1f3
23,EulerE,Ramos147,961,902,rnb1kbnr/pp1p1ppp/4pq2/8/3pP3/2N2N2/PPP2PPP/R1BQKB1R w KQkq - 0 5,c5d4
23,EulerE,Ramos147,961,902,rnb1kbnr/pp1p1ppp/4pq2/8/3NP3/2N5/PPP2PPP/R1BQKB1R b KQkq - 0 5,f3d4
23,EulerE,Ramos147,961,902,rnb1k1nr/pp1p1ppp/4pq2/2b5/3NP3/2N5/PPP2PPP/R1BQKB1R w KQkq - 1 6,f8c5
23,EulerE,Ramos147,961,902,rnb1k1nr/pp1p1ppp/4pq2/2b5/4P3/2N2N2/PPP2PPP/R1BQKB1R b KQkq - 2 6,d4f3
23,EulerE,Ramos147,961,902,r1b1k1nr/pp1p1ppp/2n1pq2/2b5/4P3/2N2N2/PPP2PPP/R1BQKB1R w KQkq - 3 7,b8c6
23,EulerE,Ramos147,961,902,r1b1k1nr/pp1p1ppp/2n1pq2/1Nb5/4P3/5N2/PPP2PPP/R1BQKB1R b KQkq - 4 7,c3b5
23,EulerE,Ramos147,961,902,r1b1k1nr/pp1p1ppp/1bn1pq2/1N6/4P3/5N2/PPP2PPP/R1BQKB1R w KQkq - 5 8,c5b6
23,EulerE,Ramos147,961,902,r1b1k1nr/pp1p1ppp/1bn1pq2/1N6/4P3/4BN2/PPP2PPP/R2QKB1R b KQkq - 6 8,c1e3
23,EulerE,Ramos147,961,902,r1b1k1nr/pp1p1ppp/2n1pq2/1N6/4P3/4bN2/PPP2PPP/R2QKB1R w KQkq - 0 9,b6e3
23,EulerE,Ramos147,961,902,r1b1k1nr/ppNp1ppp/2n1pq2/8/4P3/4bN2/PPP2PPP/R2QKB1R b KQkq - 1 9,b5c7
23,EulerE,Ramos147,961,902,r1bk2nr/ppNp1ppp/2n1pq2/8/4P3/4bN2/PPP2PPP/R2QKB1R w KQ - 2 10,e8d8
23,EulerE,Ramos147,961,902,N1bk2nr/pp1p1ppp/2n1pq2/8/4P3/4bN2/PPP2PPP/R2QKB1R b KQ - 0 10,c7a8
23,EulerE,Ramos147,961,902,N1bk2nr/pp1p1ppp/4pq2/8/3nP3/4bN2/PPP2PPP/R2QKB1R w KQ - 1 11,c6d4
23,EulerE,Ramos147,961,902,N1bk2nr/pp1p1ppp/4pq2/8/3nP3/4PN2/PPP3PP/R2QKB1R b KQ - 0 11,f2e3
23,EulerE,Ramos147,961,902,N1bk2nr/pp1p1ppp/4pq2/8/4P3/4Pn2/PPP3PP/R2QKB1R w KQ - 0 12,d4f3
23,EulerE,Ramos147,961,902,N1bk2nr/pp1p1ppp/4pq2/8/4P3/4PQ2/PPP3PP/R3KB1R b KQ - 0 12,d1f3
23,EulerE,Ramos147,961,902,N1bk2nr/pp1p1ppp/4p3/8/4P3/4Pq2/PPP3PP/R3KB1R w KQ - 0 13,f6f3
23,EulerE,Ramos147,961,902,N1bk2nr/pp1p1ppp/4p3/8/4P3/4PP2/PPP4P/R3KB1R b KQ - 0 13,g2f3
23,EulerE,Ramos147,961,902,N1bk2nr/pp3ppp/3pp3/8/4P3/4PP2/PPP4P/R3KB1R w KQ - 0 14,d7d6
23,EulerE,Ramos147,961,902,N1bk2nr/pp3ppp/3pp3/8/4P3/4PP2/PPP4P/2KR1B1R b - - 1 14,e1c1
23,EulerE,Ramos147,961,902,N2k2nr/pp1b1ppp/3pp3/8/4P3/4PP2/PPP4P/2KR1B1R w - - 2 15,c8d7
23,EulerE,Ramos147,961,902,N2k2nr/pp1b1ppp/3Rp3/8/4P3/4PP2/PPP4P/2K2B1R b - - 0 15,d1d6
23,EulerE,Ramos147,961,902,N2k3r/pp1b1ppp/3Rpn2/8/4P3/4PP2/PPP4P/2K2B1R w - - 1 16,g8f6
23,EulerE,Ramos147,961,902,N2k3r/pp1b1ppp/3Rpn2/4P3/8/4PP2/PPP4P/2K2B1R b - - 0 16,e4e5
23,EulerE,Ramos147,961,902,N2k3r/pp1b1ppp/3Rp3/3nP3/8/4PP2/PPP4P/2K2B1R w - - 1 17,f6d5
23,EulerE,Ramos147,961,902,N2k3r/pp1b1ppp/3Rp3/1B1nP3/8/4PP2/PPP4P/2K4R b - - 2 17,f1b5
23,EulerE,Ramos147,961,902,N2k3r/pp1b1ppp/3Rp3/1B2P3/8/4nP2/PPP4P/2K4R w - - 0 18,d5e3
23,EulerE,Ramos147,961,902,N2k3r/pp1R1ppp/4p3/1B2P3/8/4nP2/PPP4P/2K4R b - - 0 18,d6d7
23,EulerE,Ramos147,961,902,N1k4r/pp1R1ppp/4p3/1B2P3/8/4nP2/PPP4P/2K4R w - - 1 19,d8c8
23,EulerE,Ramos147,961,902,N1k4r/pp3Rpp/4p3/1B2P3/8/4nP2/PPP4P/2K4R b - - 0 19,d7f7
23,EulerE,Ramos147,961,902,N1kr4/pp3Rpp/4p3/1B2P3/8/4nP2/PPP4P/2K4R w - - 1 20,h8d8
23,EulerE,Ramos147,961,902,N1kr4/pp4Rp/4p3/1B2P3/8/4nP2/PPP4P/2K4R b - - 0 20,f7g7
23,EulerE,Ramos147,961,902,Nk1r4/pp4Rp/4p3/1B2P3/8/4nP2/PPP4P/2K4R w - - 1 21,c8b8
23,EulerE,Ramos147,961,902,1k1r4/ppN3Rp/4p3/1B2P3/8/4nP2/PPP4P/2K4R b - - 2 21,a8c7
23,EulerE,Ramos147,961,902,1k1r4/1pN3Rp/p3p3/1B2P3/8/4nP2/PPP4P/2K4R w - - 0 22,a7a6
23,EulerE,Ramos147,961,902,1k1r4/1pN3Rp/p3p3/4P3/8/3BnP2/PPP4P/2K4R b - - 1 22,b5d3
23,EulerE,Ramos147,961,902,1k1r4/1pN3Rp/p3p3/4Pn2/8/3B1P2/PPP4P/2K4R w - - 2 23,e3f5
23,EulerE,Ramos147,961,902,1k1r4/1pN3Rp/p3p3/4PB2/8/5P2/PPP4P/2K4R b - - 0 23,d3f5
23,EulerE,Ramos147,961,902,1k1r4/1pN3Rp/p7/4Pp2/8/5P2/PPP4P/2K4R w - - 0 24,e6f5
23,EulerE,Ramos147,961,902,1k1r4/1p4Rp/p3N3/4Pp2/8/5P2/PPP4P/2K4R b - - 1 24,c7e6
23,EulerE,Ramos147,961,902,1k2r3/1p4Rp/p3N3/4Pp2/8/5P2/PPP4P/2K4R w - - 2 25,d8e8
23,EulerE,Ramos147,961,902,1k2r3/1p4Rp/p3N3/4Pp2/8/5P2/PPP4P/2KR4 b - - 3 25,h1d1
23,EulerE,Ramos147,961,902,1k6/1p4Rp/p3r3/4Pp2/8/5P2/PPP4P/2KR4 w - - 0 26,e8e6
23,EulerE,Ramos147,961,902,1k1R4/1p4Rp/p3r3/4Pp2/8/5P2/PPP4P/2K5 b - - 1 26,d1d8
23,EulerE,Ramos147,961,902,3R4/kp4Rp/p3r3/4Pp2/8/5P2/PPP4P/2K5 w - - 2 27,b8a7
23,EulerE,Ramos147,961,902,3R4/kp5R/p3r3/4Pp2/8/5P2/PPP4P/2K5 b - - 0 27,g7h7
23,EulerE,Ramos147,961,902,3R4/kp5R/p7/4rp2/8/5P2/PPP4P/2K5 w - - 0 28,e6e5
23,EulerE,Ramos147,961,902,3R4/kp5R/p7/4rp2/5P2/8/PPP4P/2K5 b - - 0 28,f3f4
23,EulerE,Ramos147,961,902,3R4/kp5R/p7/5p2/5P2/8/PPP4P/2K1r3 w - - 1 29,e5e1
23,EulerE,Ramos147,961,902,8/kp5R/p7/5p2/5P2/8/PPP4P/2KRr3 b - - 2 29,d8d1
23,EulerE,Ramos147,961,902,4r3/kp5R/p7/5p2/5P2/8/PPP4P/2KR4 w - - 3 30,e1e8
23,EulerE,Ramos147,961,902,4r3/kp1R3R/p7/5p2/5P2/8/PPP4P/2K5 b - - 4 30,d1d7
23,EulerE,Ramos147,961,902,1r6/kp1R3R/p7/5p2/5P2/8/PPP4P/2K5 w - - 5 31,e8b8
23,EulerE,Ramos147,961,902,1r6/kp1R3R/p7/5p2/5P1P/8/PPP5/2K5 b - - 0 31,h2h4
23,EulerE,Ramos147,961,902,1r6/kp1R3R/8/p4p2/5P1P/8/PPP5/2K5 w - - 0 32,a6a5
23,EulerE,Ramos147,961,902,1r6/kp1R3R/8/p4p1P/5P2/8/PPP5/2K5 b - - 0 32,h4h5
23,EulerE,Ramos147,961,902,1r6/kp1R3R/8/5p1P/p4P2/8/PPP5/2K5 w - - 0 33,a5a4
23,EulerE,Ramos147,961,902,1r6/kp1R3R/7P/5p2/p4P2/8/PPP5/2K5 b - - 0 33,h5h6
23,EulerE,Ramos147,961,902,1r6/kp1R3R/7P/5p2/5P2/p7/PPP5/2K5 w - - 0 34,a4a3
23,EulerE,Ramos147,961,902,1r6/kp1R3R/7P/5p2/5P2/P7/P1P5/2K5 b - - 0 34,b2a3
23,EulerE,Ramos147,961,902,kr6/1p1R3R/7P/5p2/5P2/P7/P1P5/2K5 w - - 1 35,a7a8
23,EulerE,Ramos147,961,902,kr6/1p1R2R1/7P/5p2/5P2/P7/P1P5/2K5 b - - 2 35,h7g7
23,EulerE,Ramos147,961,902,1r6/kp1R2R1/7P/5p2/5P2/P7/P1P5/2K5 w - - 3 36,a8a7
23,EulerE,Ramos147,961,902,1r6/kp1R2RP/8/5p2/5P2/P7/P1P5/2K5 b - - 0 36,h6h7
23,EulerE,Ramos147,961,902,kr6/1p1R2RP/8/5p2/5P2/P7/P1P5/2K5 w - - 1 37,a7a8
23,EulerE,Ramos147,961,902,kr4R1/1p1R3P/8/5p2/5P2/P7/P1P5/2K5 b - - 2 37,g7g8
23,EulerE,Ramos147,961,902,k5r1/1p1R3P/8/5p2/5P2/P7/P1P5/2K5 w - - 0 38,b8g8
23,EulerE,Ramos147,961,902,k5Q1/1p1R4/8/5p2/5P2/P7/P1P5/2K5 b - - 0 38,h7g8q
23,EulerE,Ramos147,961,902,6Q1/kp1R4/8/5p2/5P2/P7/P1P5/2K5 w - - 1 39,a8a7
23,EulerE,Ramos147,961,902,2Q5/kp1R4/8/5p2/5P2/P7/P1P5/2K5 b - - 2 39,g8c8
23,EulerE,Ramos147,961,902,2Q5/1p1R4/k7/5p2/5P2/P7/P1P5/2K5 w - - 3 40,a7a6
23,EulerE,Ramos147,961,902,8/1Q1R4/k7/5p2/5P2/P7/P1P5/2K5 b - - 0 40,c8b7
23,EulerE,Ramos147,961,902,8/1Q1R4/8/k4p2/5P2/P7/P1P5/2K5 w - - 1 41,a6a5
23,EulerE,Ramos147,961,902,8/1Q6/8/k2R1p2/5P2/P7/P1P5/2K5 b - - 2 41,d7d5
23,EulerE,Ramos147,961,902,8/1Q6/8/3R1p2/k4P2/P7/P1P5/2K5 w - - 3 42,a5a4
23,EulerE,Ramos147,961,902,8/8/8/1Q1R1p2/k4P2/P7/P1P5/2K5 b - - 4 42,b7b5
23,EulerE,Ramos147,961,902,8/8/8/1Q1R1p2/5P2/k7/P1P5/2K5 w - - 0 43,a4a3
23,EulerE,Ramos147,961,902,8/8/8/1Q3p2/5P2/k2R4/P1P5/2K5 b - - 1 43,d5d3
23,EulerE,Ramos147,961,902,8/8/8/1Q3p2/5P2/3R4/k1P5/2K5 w - - 0 44,a3a2
23,EulerE,Ramos147,961,902,8/8/8/5p2/5P2/1Q1R4/k1P5/2K5 b - - 1 44,b5b3
23,EulerE,Ramos147,961,902,8/8/8/5p2/5P2/1Q1R4/2P5/k1K5 w - - 2 45,a2a1
23,EulerE,Ramos147,961,902,8/8/8/5p2/5P2/3R4/1QP5/k1K5 b - - 3 45,b3b2
24,EulerE,Mastofiacre,969,932,rnbqkbnr/pppppppp/8/8/3P4/8/PPP1PPPP/RNBQKBNR b KQkq - 0 1,d2d4
24,EulerE,Mastofiacre,969,932,rnbqkbnr/ppp1pppp/8/3p4/3P4/8/PPP1PPPP/RNBQKBNR w KQkq - 0 2,d7d5
24,EulerE,Mastofiacre,969,932,rnbqkbnr/ppp1pppp/8/3p4/2PP4/8/PP2PPPP/RNBQKBNR b KQkq - 0 2,c2c4
24,EulerE,Mastofiacre,969,932,rnbqkb1r/ppp1pppp/5n2/3p4/2PP4/8/PP2PPPP/RNBQKBNR w KQkq - 1 3,g8f6
24,EulerE,Mastofiacre,969,932,rnbqkb1r/ppp1pppp/5n2/3p4/2PP4/2N5/PP2PPPP/R1BQKBNR b KQkq - 2 3,b1c3
24,EulerE,Mastofiacre,969,932,rnbqkb1r/ppp2ppp/4pn2/3p4/2PP4/2N5/PP2PPPP/R1BQKBNR w KQkq - 0 4,e7e6
24,EulerE,Mastofiacre,969,932,rnbqkb1r/ppp2ppp/4pn2/3p4/2PP4/2N2N2/PP2PPPP/R1BQKB1R b KQkq - 1 4,g1f3
24,EulerE,Mastofiacre,969,932,rnbqk2r/ppp2ppp/4pn2/3p4/1bPP4/2N2N2/PP2PPPP/R1BQKB1R w KQkq - 2 5,f8b4
24,EulerE,Mastofiacre,969,932,rnbqk2r/ppp2ppp/4pn2/3pN3/1bPP4/2N5/PP2PPPP/R1BQKB1R b KQkq - 3 5,f3e5
24,EulerE,Mastofiacre,969,932,r1bqk2r/ppp2ppp/2n1pn2/3pN3/1bPP4/2N5/PP2PPPP/R1BQKB1R w KQkq - 4 6,b8c6
24,EulerE,Mastofiacre,969,932,r1bqk2r/ppp2ppp/2N1pn2/3p4/1bPP4/2N5/PP2PPPP/R1BQKB1R b KQkq - 0 6,e5c6
24,EulerE,Mastofiacre,969,932,r1bqk2r/p1p2ppp/2p1pn2/3p4/1bPP4/2N5/PP2PPPP/R1BQKB1R w KQkq - 0 7,b7c6
24,EulerE,Mastofiacre,969,932,r1bqk2r/p1p2ppp/2p1pn2/3p4/1bPP4/2N1P3/PP3PPP/R1BQKB1R b KQkq - 0 7,e2e3
24,EulerE,Mastofiacre,969,932,r2qk2r/p1p2ppp/b1p1pn2/3p4/1bPP4/2N1P3/PP3PPP/R1BQKB1R w KQkq - 1 8,c8a6
24,EulerE,Mastofiacre,969,932,r2qk2r/p1p2ppp/b1p1pn2/3p4/1bPP4/2N1P3/PP1B1PPP/R2QKB1R b KQkq - 2 8,c1d2
24,EulerE,Mastofiacre,969,932,r2qk2r/p1p2ppp/b3pn2/2pp4/1bPP4/2N1P3/PP1B1PPP/R2QKB1R w KQkq - 0 9,c6c5
24,EulerE,Mastofiacre,969,932,r2qk2r/p1p2ppp/b3pn2/2Pp4/1bP5/2N1P3/PP1B1PPP/R2QKB1R b KQkq - 0 9,d4c5
24,EulerE,Mastofiacre,969,932,r2qk2r/p1p2ppp/b3pn2/2bp4/2P5/2N1P3/PP1B1PPP/R2QKB1R w KQkq - 0 10,b4c5
24,EulerE,Mastofiacre,969,932,r2qk2r/p1p2ppp/b3pn2/2bp4/Q1P5/2N1P3/PP1B1PPP/R3KB1R b KQkq - 1 10,d1a4
24,EulerE,Mastofiacre,969,932,r3k2r/p1pq1ppp/b3pn2/2bp4/Q1P5/2N1P3/PP1B1PPP/R3KB1R w KQkq - 2 11,d8d7
24,EulerE,Mastofiacre,969,932,r3k2r/p1pq1ppp/Q3pn2/2bp4/2P5/2N1P3/PP1B1PPP/R3KB1R b KQkq - 0 11,a4a6
24,EulerE,Mastofiacre,969,932,3rk2r/p1pq1ppp/Q3pn2/2bp4/2P5/2N1P3/PP1B1PPP/R3KB1R w KQk - 1 12,a8d8
24,EulerE,Mastofiacre,969,932,3rk2r/p1pq1ppp/Q3pn2/2bP4/8/2N1P3/PP1B1PPP/R3KB1R b KQk - 0 12,c4d5
24,EulerE,Mastofiacre,969,932,3rk2r/p1pq1ppp/Q3p3/2bn4/8/2N1P3/PP1B1PPP/R3KB1R w KQk - 0 13,f6d5
24,EulerE,Mastofiacre,969,932,3rk2r/p1pq1ppp/Q3p3/1Bbn4/8/2N1P3/PP1B1PPP/R3K2R b KQk - 1 13,f1b5
24,EulerE,Mastofiacre,969,932,3rk2r/p2q1ppp/Q1p1p3/1Bbn4/8/2N1P3/PP1B1PPP/R3K2R w KQk - 0 14,c7c6
24,EulerE,Mastofiacre,969,932,3rk2r/p2q1ppp/Q1B1p3/2bn4/8/2N1P3/PP1B1PPP/R3K2R b KQk - 0 14,b5c6
24,EulerE,Mastofiacre,969,932,3rk2r/p4ppp/Q1q1p3/2bn4/8/2N1P3/PP1B1PPP/R3K2R w KQk - 0 15,d7c6
24,EulerE,Mastofiacre,969,932,3rk2r/p4ppp/2Q1p3/2bn4/8/2N1P3/PP1B1PPP/R3K2R b KQk - 0 15,a6c6
24,EulerE,Mastofiacre,969,932,4k2r/p2r1ppp/2Q1p3/2bn4/8/2N1P3/PP1B1PPP/R3K2R w KQk - 1 16,d8d7
24,EulerE,Mastofiacre,969,932,4k2r/p2r1ppp/4p3/2Qn4/8/2N1P3/PP1B1PPP/R3K2R b KQk - 0 16,c6c5
25,yungsav123,EulerE,950,960,rnbqkbnr/pppppppp/8/8/3P4/8/PPP1PPPP/RNBQKBNR b KQkq - 0 1,d2d4
25,yungsav123,EulerE,950,960,rnbqkbnr/ppp1pppp/8/3p4/3P4/8/PPP1PPPP/RNBQKBNR w KQkq - 0 2,d7d5
25,yungsav123,EulerE,950,960,rnbqkbnr/ppp1pppp/8/3p4/2PP4/8/PP2PPPP/RNBQKBNR b KQkq - 0 2,c2c4
25,yungsav123,EulerE,950,960,rnbqkbnr/ppp2ppp/4p3/3p4/2PP4/8/PP2PPPP/RNBQKBNR w KQkq - 0 3,e7e6
25,yungsav123,EulerE,950,960,rnbqkbnr/ppp2ppp/4p3/3P4/3P4/8/PP2PPPP/RNBQKBNR b KQkq - 0 3,c4d5
25,yungsav123,EulerE,950,960,rnbqkbnr/ppp2ppp/8/3p4/3P4/8/PP2PPPP/RNBQKBNR w KQkq - 0 4,e6d5
25,yungsav123,EulerE,950,960,rnbqkbnr/ppp2ppp/8/3p4/3P4/2N5/PP2PPPP/R1BQKBNR b KQkq - 1 4,b1c3
25,yungsav123,EulerE,950,960,rnbqkb1r/ppp2ppp/5n2/3p4/3P4/2N5/PP2PPPP/R1BQKBNR w KQkq - 2 5,g8f6
25,yungsav123,EulerE,950,960,rnbqkb1r/ppp2ppp/5n2/3p4/3P1B2/2N5/PP2PPPP/R2QKBNR b KQkq - 3 5,c1f4
25,yungsav123,EulerE,950,960,rnbqkb1r/1pp2ppp/p4n2/3p4/3P1B2/2N5/PP2PPPP/R2QKBNR w KQkq - 0 6,a7a6
25,yungsav123,EulerE,950,960,rnbqkb1r/1pp2ppp/p4n2/3p4/3P1B2/2N1P3/PP3PPP/R2QKBNR b KQkq - 0 6,e2e3
25,yungsav123,EulerE,950,960,rnbqkb1r/1pp2ppp/p7/3p4/3PnB2/2N1P3/PP3PPP/R2QKBNR w KQkq - 1 7,f6e4
25,yungsav123,EulerE,950,960,rnbqkb1r/1pp2ppp/p7/3p4/3PNB2/4P3/PP3PPP/R2QKBNR b KQkq - 0 7,c3e4
25,yungsav123,EulerE,950,960,rnbqkb1r/1pp2ppp/p7/8/3PpB2/4P3/PP3PPP/R2QKBNR w KQkq - 0 8,d5e4
25,yungsav123,EulerE,950,960,rnbqkb1r/1pp2ppp/p7/8/3PpB2/4P3/PPQ2PPP/R3KBNR b KQkq - 1 8,d1c2
25,yungsav123,EulerE,950,960,r1bqkb1r/1pp2ppp/p1n5/8/3PpB2/4P3/PPQ2PPP/R3KBNR w KQkq - 2 9,b8c6
25,yungsav123,EulerE,950,960,r1bqkb1r/1pp2ppp/p1n5/8/3PQB2/4P3/PP3PPP/R3KBNR b KQkq - 0 9,c2e4
25,yungsav123,EulerE,950,960,r1b1kb1r/1pp1qppp/p1n5/8/3PQB2/4P3/PP3PPP/R3KBNR w KQkq - 1 10,d8e7
25,yungsav123,EulerE,950,960,r1b1kb1r/1pp1qppp/p1n5/8/3P1B2/4P3/PPQ2PPP/R3KBNR b KQkq - 2 10,e4c2
25,yungsav123,EulerE,950,960,r3kb1r/1pp1qppp/p1n5/8/3P1Bb1/4P3/PPQ2PPP/R3KBNR w KQkq - 3 11,c8g4
25,yungsav123,EulerE,950,960,r3kb1r/1pp1qppp/p1n5/8/3P1Bb1/4P3/PPQ1BPPP/R3K1NR b KQkq - 4 11,f1e2
25,yungsav123,EulerE,950,960,r3kb1r/1ppbqppp/p1n5/8/3P1B2/4P3/PPQ1BPPP/R3K1NR w KQkq - 5 12,g4d7
25,yungsav123,EulerE,950,960,r3kb1r/1pBbqppp/p1n5/8/3P4/4P3/PPQ1BPPP/R3K1NR b KQkq - 0 12,f4c7
25,yungsav123,EulerE,950,960,r3kb1r/1pBbqppp/p7/8/1n1P4/4P3/PPQ1BPPP/R3K1NR w KQkq - 1 13,c6b4
25,yungsav123,EulerE,950,960,r3kb1r/1pBbqppp/p7/8/1n1P4/1Q2P3/PP2BPPP/R3K1NR b KQkq - 2 13,c2b3
25,yungsav123,EulerE,950,960,r3kb1r/1pB1qppp/p3b3/8/1n1P4/1Q2P3/PP2BPPP/R3K1NR w KQkq - 3 14,d7e6
25,yungsav123,EulerE,950,960,r3kb1r/1pB1qppp/p3b3/8/Qn1P4/4P3/PP2BPPP/R3K1NR b KQkq - 4 14,b3a4
25,yungsav123,EulerE,950,960,r3kb1r/1pBbqppp/p7/8/Qn1P4/4P3/PP2BPPP/R3K1NR w KQkq - 5 15,e6d7
25,yungsav123,EulerE,950,960,r3kb1r/1pBbqppp/p7/8/1n1P4/4P3/PP2BPPP/R2QK1NR b KQkq - 6 15,a4d1
25,yungsav123,EulerE,950,960,r3kb1r/1pBbqp1p/p5p1/8/1n1P4/4P3/PP2BPPP/R2QK1NR w KQkq - 0 16,g7g6
25,yungsav123,EulerE,950,960,r3kb1r/1pBbqp1p/p5p1/8/1n1P4/4PN2/PP2BPPP/R2QK2R b KQkq - 1 16,g1f3
25,yungsav123,EulerE,950,960,r3k2r/1pBbqpbp/p5p1/8/1n1P4/4PN2/PP2BPPP/R2QK2R w KQkq - 2 17,f8g7
25,yungsav123,EulerE,950,960,r3k2r/1pBbqpbp/p5p1/8/1n1P4/4PN2/PP2BPPP/R2Q1RK1 b kq - 3 17,e1g1
25,yungsav123,EulerE,950,960,r4rk1/1pBbqpbp/p5p1/8/1n1P4/4PN2/PP2BPPP/R2Q1RK1 w - - 4 18,e8g8
25,yungsav123,EulerE,950,960,r4rk1/1pBbqpbp/p5p1/4N3/1n1P4/4P3/PP2BPPP/R2Q1RK1 b - - 5 18,f3e5
25,yungsav123,EulerE,950,960,r4rk1/1pBbqp1p/p5p1/4b3/1n1P4/4P3/PP2BPPP/R2Q1RK1 w - - 0 19,g7e5
25,yungsav123,EulerE,950,960,r4rk1/1pBbqp1p/p5p1/4P3/1n6/4P3/PP2BPPP/R2Q1RK1 b - - 0 19,d4e5
25,yungsav123,EulerE,950,960,r4rk1/1pB1qp1p/p5p1/1b2P3/1n6/4P3/PP2BPPP/R2Q1RK1 w - - 1 20,d7b5
25,yungsav123,EulerE,950,960,r4rk1/1p2qp1p/p2B2p1/1b2P3/1n6/4P3/PP2BPPP/R2Q1RK1 b - - 2 20,c7d6
25,yungsav123,EulerE,950,960,r4rk1/1p2qp1p/p2B2p1/4P3/1n6/4P3/PP2bPPP/R2Q1RK1 w - - 0 21,b5e2
25,yungsav123,EulerE,950,960,r4rk1/1p2qp1p/p2B2p1/4P3/1n6/4P3/PP2QPPP/R4RK1 b - - 0 21,d1e2
25,yungsav123,EulerE,950,960,r4rk1/1p1q1p1p/p2B2p1/4P3/1n6/4P3/PP2QPPP/R4RK1 w - - 1 22,e7d7
25,yungsav123,EulerE,950,960,r4Bk1/1p1q1p1p/p5p1/4P3/1n6/4P3/PP2QPPP/R4RK1 b - - 0 22,d6f8
25,yungsav123,EulerE,950,960,r4k2/1p1q1p1p/p5p1/4P3/1n6/4P3/PP2QPPP/R4RK1 w - - 0 23,g8f8
25,yungsav123,EulerE,950,960,r4k2/1p1q1p1p/p5p1/4P3/1n6/4P3/PP2QPPP/R2R2K1 b - - 1 23,f1d1
25,yungsav123,EulerE,950,960,r4k2/1p3p1p/p3q1p1/4P3/1n6/4P3/PP2QPPP/R2R2K1 w - - 2 24,d7e6
25,yungsav123,EulerE,950,960,r4k2/1p3p1p/p3q1p1/4P3/1n3P2/4P3/PP2Q1PP/R2R2K1 b - - 0 24,f2f4
25,yungsav123,EulerE,950,960,r4k2/1p3p2/p3q1p1/4P2p/1n3P2/4P3/PP2Q1PP/R2R2K1 w - - 0 25,h7h5
25,yungsav123,EulerE,950,960,r4k2/1p3p2/p3q1p1/4P2p/1n3P2/4P3/PP1Q2PP/R2R2K1 b - - 1 25,e2d2
25,yungsav123,EulerE,950,960,r4k2/1p3p2/p3q1p1/3nP2p/5P2/4P3/PP1Q2PP/R2R2K1 w - - 2 26,b4d5
25,yungsav123,EulerE,950,960,r4k2/1p3p2/p3q1p1/3nP2p/4PP2/8/PP1Q2PP/R2R2K1 b - - 0 26,e3e4
25,yungsav123,EulerE,950,960,r4k2/1p3p2/pn2q1p1/4P2p/4PP2/8/PP1Q2PP/R2R2K1 w - - 1 27,d5b6
25,yungsav123,EulerE,950,960,r4k2/1p3p2/pn2q1p1/4P2p/1Q2PP2/8/PP4PP/R2R2K1 b - - 2 27,d2b4
25,yungsav123,EulerE,950,960,r5k1/1p3p2/pn2q1p1/4P2p/1Q2PP2/8/PP4PP/R2R2K1 w - - 3 28,f8g8
25,yungsav123,EulerE,950,960,r5k1/1p3p2/pn1Rq1p1/4P2p/1Q2PP2/8/PP4PP/R5K1 b - - 4 28,d1d6
25,yungsav123,EulerE,950,960,r5k1/1p3p2/pn1R2p1/4P2p/1Q2PPq1/8/PP4PP/R5K1 w - - 5 29,e6g4
25,yungsav123,EulerE,950,960,r5k1/1p3p2/pQ1R2p1/4P2p/4PPq1/8/PP4PP/R5K1 b - - 0 29,b4b6
25,yungsav123,EulerE,950,960,r5k1/1p3p2/pQ1R2p1/4P2p/4Pq2/8/PP4PP/R5K1 w - - 0 30,g4f4
25,yungsav123,EulerE,950,960,r2R2k1/1p3p2/pQ4p1/4P2p/4Pq2/8/PP4PP/R5K1 b - - 1 30,d6d8
25,yungsav123,EulerE,950,960,3r2k1/1p3p2/pQ4p1/4P2p/4Pq2/8/PP4PP/R5K1 w - - 0 31,a8d8
25,yungsav123,EulerE,950,960,3Q2k1/1p3p2/p5p1/4P2p/4Pq2/8/PP4PP/R5K1 b - - 0 31,b6d8
25,yungsav123,EulerE,950,960,3Q4/1p3pk1/p5p1/4P2p/4Pq2/8/PP4PP/R5K1 w - - 1 32,g8g7
25,yungsav123,EulerE,950,960,8/1p3pk1/p4Qp1/4P2p/4Pq2/8/PP4PP/R5K1 b - - 2 32,d8f6
25,yungsav123,EulerE,950,960,8/1p3pk1/p4qp1/4P2p/4P3/8/PP4PP/R5K1 w - - 0 33,f4f6
25,yungsav123,EulerE,950,960,8/1p3pk1/p4Pp1/7p/4P3/8/PP4PP/R5K1 b - - 0 33,e5f6
25,yungsav123,EulerE,950,960,8/1p3p2/p4kp1/7p/4P3/8/PP4PP/R5K1 w - - 0 34,g7f6
25,yungsav123,EulerE,950,960,8/1p3p2/p4kp1/7p/4P3/8/PP4PP/2R3K1 b - - 1 34,a1c1
25,yungsav123,EulerE,950,960,8/5p2/p4kp1/1p5p/4P3/8/PP4PP/2R3K1 w - - 0 35,b7b5
25,yungsav123,EulerE,950,960,8/5p2/p1R2kp1/1p5p/4P3/8/PP4PP/6K1 b - - 1 35,c1c6
25,yungsav123,EulerE,950,960,8/5p2/p1R3p1/1p2k2p/4P3/8/PP4PP/6K1 w - - 2 36,f6e5
25,yungsav123,EulerE,950,960,8/5p2/R5p1/1p2k2p/4P3/8/PP4PP/6K1 b - - 0 36,c6a6
25,yungsav123,EulerE,950,960,8/5p2/R5p1/1p5p/4k3/8/PP4PP/6K1 w - - 0 37,e5e4
25,yungsav123,EulerE,950,960,8/5p2/1R4p1/1p5p/4k3/8/PP4PP/6K1 b - - 1 37,a6b6
25,yungsav123,EulerE,950,960,8/5p2/1R4p1/1p5p/8/3k4/PP4PP/6K1 w - - 2 38,e4d3
25,yungsav123,EulerE,950,960,8/5p2/6p1/1R5p/8/3k4/PP4PP/6K1 b - - 0 38,b6b5
25,yungsav123,EulerE,950,960,8/5p2/6p1/1R5p/2k5/8/PP4PP/6K1 w - - 1 39,d3c4
25,yungsav123,EulerE,950,960,1R6/5p2/6p1/7p/2k5/8/PP4PP/6K1 b - - 2 39,b5b8
25,yungsav123,EulerE,950,960,1R6/5p2/6p1/3k3p/8/8/PP4PP/6K1 w - - 3 40,c4d5
25,yungsav123,EulerE,950,960,1R6/5p2/6p1/3k3p/1P6/8/P5PP/6K1 b - - 0 40,b2b4
25,yungsav123,EulerE,950,960,1R6/5p2/4k1p1/7p/1P6/8/P5PP/6K1 w - - 1 41,d5e6
25,yungsav123,EulerE,950,960,1R6/5p2/4k1p1/1P5p/8/8/P5PP/6K1 b - - 0 41,b4b5
25,yungsav123,EulerE,950,960,1R6/3k1p2/6p1/1P5p/8/8/P5PP/6K1 w - - 1 42,e6d7
25,yungsav123,EulerE,950,960,1R6/3k1p2/1P4p1/7p/8/8/P5PP/6K1 b - - 0 42,b5b6
25,yungsav123,EulerE,950,960,1R6/5p2/1Pk3p1/7p/8/8/P5PP/6K1 w - - 1 43,d7c6
25,yungsav123,EulerE,950,960,1R6/5p2/1Pk3p1/7p/P7/8/6PP/6K1 b - - 0 43,a2a4
25,yungsav123,EulerE,950,960,1R6/8/1Pk3p1/5p1p/P7/8/6PP/6K1 w - - 0 44,f7f5
25,yungsav123,EulerE,950,960,1R6/8/1Pk3p1/P4p1p/8/8/6PP/6K1 b - - 0 44,a4a5
25,yungsav123,EulerE,950,960,1R6/8/1P4p1/Pk3p1p/8/8/6PP/6K1 w - - 1 45,c6b5
25,yungsav123,EulerE,950,960,R7/8/1P4p1/Pk3p1p/8/8/6PP/6K1 b - - 2 45,b8a8
25,yungsav123,EulerE,950,960,R7/8/1P6/Pk3ppp/8/8/6PP/6K1 w - - 0 46,g6g5
25,yungsav123,EulerE,950,960,R7/1P6/8/Pk3ppp/8/8/6PP/6K1 b - - 0 46,b6b7
25,yungsav123,EulerE,950,960,R7/1P6/8/Pk4pp/5p2/8/6PP/6K1 w - - 0 47,f5f4
25,yungsav123,EulerE,950,960,RQ6/8/8/Pk4pp/5p2/8/6PP/6K1 b - - 0 47,b7b8q
25,yungsav123,EulerE,950,960,RQ6/8/8/P1k3pp/5p2/8/6PP/6K1 w - - 1 48,b5c5
25,yungsav123,EulerE,950,960,R7/1Q6/8/P1k3pp/5p2/8/6PP/6K1 b - - 2 48,b8b7
25,yungsav123,EulerE,950,960,R7/1Q6/8/P1k3pp/8/5p2/6PP/6K1 w - - 0 49,f4f3
25,yungsav123,EulerE,950,960,2R5/1Q6/8/P1k3pp/8/5p2/6PP/6K1 b - - 1 49,a8c8
25,yungsav123,EulerE,950,960,2R5/1Q6/8/P5pp/3k4/5p2/6PP/6K1 w - - 2 50,c5d4
25,yungsav123,EulerE,950,960,2R5/1Q6/8/P5pp/3k4/5P2/7P/6K1 b - - 0 50,g2f3
25,yungsav123,EulerE,950,960,2R5/1Q6/8/P6p/3k2p1/5P2/7P/6K1 w - - 0 51,g5g4
25,yungsav123,EulerE,950,960,2R5/1Q6/8/P6p/3k2P1/8/7P/6K1 b - - 0 51,f3g4
25,yungsav123,EulerE,950,960,2R5/1Q6/8/P6p/6P1/4k3/7P/6K1 w - - 1 52,d4e3
25,yungsav123,EulerE,950,960,2R5/3Q4/8/P6p/6P1/4k3/7P/6K1 b - - 2 52,b7d7
25,yungsav123,EulerE,950,960,2R5/3Q4/8/P7/6Pp/4k3/7P/6K1 w - - 0 53,h5h4
25,yungsav123,EulerE,950,960,4R3/3Q4/8/P7/6Pp/4k3/7P/6K1 b - - 1 53,c8e8
25,yungsav123,EulerE,950,960,4R3/3Q4/8/P7/6Pp/5k2/7P/6K1 w - - 2 54,e3f3
25,yungsav123,EulerE,950,960,4R3/5Q2/8/P7/6Pp/5k2/7P/6K1 b - - 3 54,d7f7
25,yungsav123,EulerE,950,960,4R3/5Q2/8/P7/6kp/8/7P/6K1 w - - 0 55,f3g4
25,yungsav123,EulerE,950,960,6R1/5Q2/8/P7/6kp/8/7P/6K1 b - - 1 55,e8g8
25,yungsav123,EulerE,950,960,6R1/5Q2/8/P7/7p/7k/7P/6K1 w - - 2 56,g4h3
25,yungsav123,EulerE,950,960,6R1/8/8/P7/7p/5Q1k/7P/6K1 b - - 3 56,f7f3
26,EulerE,gx80,952,973,rnbqkbnr/pppppppp/8/8/3P4/8/PPP1PPPP/RNBQKBNR b KQkq - 0 1,d2d4
26,EulerE,gx80,952,973,r1bqkbnr/pppppppp/2n5/8/3P4/8/PPP1PPPP/RNBQKBNR w KQkq - 1 2,b8c6
26,EulerE,gx80,952,973,r1bqkbnr/pppppppp/2n5/8/3P4/5N2/PPP1PPPP/RNBQKB1R b KQkq - 2 2,g1f3
26,EulerE,gx80,952,973,r1bqkbnr/pppp1ppp/2n5/4p3/3P4/5N2/PPP1PPPP/RNBQKB1R w KQkq - 0 3,e7e5
26,EulerE,gx80,952,973,r1bqkbnr/pppp1ppp/2n5/4P3/8/5N2/PPP1PPPP/RNBQKB1R b KQkq - 0 3,d4e5
26,EulerE,gx80,952,973,r1b1kbnr/ppppqppp/2n5/4P3/8/5N2/PPP1PPPP/RNBQKB1R w KQkq - 1 4,d8e7
26,EulerE,gx80,952,973,r1b1kbnr/ppppqppp/2n5/4P3/8/1P3N2/P1P1PPPP/RNBQKB1R b KQkq - 0 4,b2b3
26,EulerE,gx80,952,973,r1b1kbnr/ppppqppp/8/4n3/8/1P3N2/P1P1PPPP/RNBQKB1R w KQkq - 0 5,c6e5
26,EulerE,gx80,952,973,r1b1kbnr/ppppqppp/8/4N3/8/1P6/P1P1PPPP/RNBQKB1R b KQkq - 0 5,f3e5
26,EulerE,gx80,952,973,r1b1kbnr/pppp1ppp/8/4q3/8/1P6/P1P1PPPP/RNBQKB1R w KQkq - 0 6,e7e5
26,EulerE,gx80,952,973,r1b1kbnr/pppp1ppp/8/4q3/P7/1P6/2P1PPPP/RNBQKB1R b KQkq - 0 6,a2a4
26,EulerE,gx80,952,973,r1b1kbnr/pppp1ppp/8/8/P7/1P6/2P1PPPP/qNBQKB1R w Kkq - 0 7,e5a1
26,EulerE,gx80,952,973,r1b1kbnr/pppp1ppp/8/8/P7/1PN5/2P1PPPP/q1BQKB1R b Kkq - 1 7,b1c3
27,EulerE,vgreen07,952,942,rnbqkbnr/pppppppp/8/8/3P4/8/PPP1PPPP/RNBQKBNR b KQkq - 0 1,d2d4
27,EulerE,vgreen07,952,942,rnbqkbnr/ppp1pppp/8/3p4/3P4/8/PPP1PPPP/RNBQKBNR w KQkq - 0 2,d7d5
27,EulerE,vgreen07,952,942,rnbqkbnr/ppp1pppp/8/3p4/2PP4/8/PP2PPPP/RNBQKBNR b KQkq - 0 2,c2c4
27,EulerE,vgreen07,952,942,rnbqkbnr/ppp1pppp/8/8/2pP4/8/PP2PPPP/RNBQKBNR w KQkq - 0 3,d5c4
27,EulerE,vgreen07,952,942,rnbqkbnr/ppp1pppp/8/8/2pPP3/8/PP3PPP/RNBQKBNR b KQkq - 0 3,e2e4
27,EulerE,vgreen07,952,942,rnbqkb1r/ppp1pppp/5n2/8/2pPP3/8/PP3PPP/RNBQKBNR w KQkq - 1 4,g8f6
27,EulerE,vgreen07,952,942,rnbqkb1r/ppp1pppp/5n2/8/2pPP3/2N5/PP3PPP/R1BQKBNR b KQkq - 2 4,b1c3
27,EulerE,vgreen07,952,942,r1bqkb1r/ppp1pppp/2n2n2/8/2pPP3/2N5/PP3PPP/R1BQKBNR w KQkq - 3 5,b8c6
27,EulerE,vgreen07,952,942,r1bqkb1r/ppp1pppp/2n2n2/8/2pPP3/2N2N2/PP3PPP/R1BQKB1R b KQkq - 4 5,g1f3
27,EulerE,vgreen07,952,942,r1bqkb1r/ppp1pp1p/2n2np1/8/2pPP3/2N2N2/PP3PPP/R1BQKB1R w KQkq - 0 6,g7g6
27,EulerE,vgreen07,952,942,r1bqkb1r/ppp1pp1p/2n2np1/8/2BPP3/2N2N2/PP3PPP/R1BQK2R b KQkq - 0 6,f1c4
27,EulerE,vgreen07,952,942,r1bqk2r/ppp1ppbp/2n2np1/8/2BPP3/2N2N2/PP3PPP/R1BQK2R w KQkq - 1 7,f8g7
27,EulerE,vgreen07,952,942,r1bqk2r/ppp1ppbp/2n2np1/8/2BPP3/2N2N2/PP3PPP/R1BQ1RK1 b kq - 2 7,e1g1
27,EulerE,vgreen07,952,942,r2qk2r/ppp1ppbp/2n2np1/8/2BPP1b1/2N2N2/PP3PPP/R1BQ1RK1 w kq - 3 8,c8g4
27,EulerE,vgreen07,952,942,r2qk2r/ppp1ppbp/2n2np1/3P4/2B1P1b1/2N2N2/PP3PPP/R1BQ1RK1 b kq - 0 8,d4d5
27,EulerE,vgreen07,952,942,r2qk2r/ppp1ppbp/5np1/n2P4/2B1P1b1/2N2N2/PP3PPP/R1BQ1RK1 w kq - 1 9,c6a5
27,EulerE,vgreen07,952,942,r2qk2r/ppp1ppbp/5np1/nB1P4/4P1b1/2N2N2/PP3PPP/R1BQ1RK1 b kq - 2 9,c4b5
27,EulerE,vgreen07,952,942,r2qk2r/pp2ppbp/2p2np1/nB1P4/4P1b1/2N2N2/PP3PPP/R1BQ1RK1 w kq - 0 10,c7c6
27,EulerE,vgreen07,952,942,r2qk2r/pp2ppbp/2P2np1/nB6/4P1b1/2N2N2/PP3PPP/R1BQ1RK1 b kq - 0 10,d5c6
27,EulerE,vgreen07,952,942,r2qk2r/p3ppbp/2p2np1/nB6/4P1b1/2N2N2/PP3PPP/R1BQ1RK1 w kq - 0 11,b7c6
27,EulerE,vgreen07,952,942,r2qk2r/p3ppbp/2B2np1/n7/4P1b1/2N2N2/PP3PPP/R1BQ1RK1 b kq - 0 11,b5c6
27,EulerE,vgreen07,952,942,r2qk2r/p3ppbp/2n2np1/8/4P1b1/2N2N2/PP3PPP/R1BQ1RK1 w kq - 0 12,a5c6
27,EulerE,vgreen07,952,942,r2qk2r/p3ppbp/2n2np1/3N4/4P1b1/5N2/PP3PPP/R1BQ1RK1 b kq - 1 12,c3d5
27,EulerE,vgreen07,952,942,r2q1rk1/p3ppbp/2n2np1/3N4/4P1b1/5N2/PP3PPP/R1BQ1RK1 w - - 2 13,e8g8
27,EulerE,vgreen07,952,942,r2q1rk1/p3ppbp/2n2np1/3N2B1/4P1b1/5N2/PP3PPP/R2Q1RK1 b - - 3 13,c1g5
27,EulerE,vgreen07,952,942,r2q1rk1/p4pbp/2n1pnp1/3N2B1/4P1b1/5N2/PP3PPP/R2Q1RK1 w - - 0 14,e7e6
27,EulerE,vgreen07,952,942,r2q1rk1/p4pbp/2n1pNp1/6B1/4P1b1/5N2/PP3PPP/R2Q1RK1 b - - 0 14,d5f6
27,EulerE,vgreen07,952,942,r2q1rk1/p4p1p/2n1pbp1/6B1/4P1b1/5N2/PP3PPP/R2Q1RK1 w - - 0 15,g7f6
27,EulerE,vgreen07,952,942,r2q1rk1/p4p1p/2n1pbpB/8/4P1b1/5N2/PP3PPP/R2Q1RK1 b - - 1 15,g5h6
27,EulerE,vgreen07,952,942,r2q1rk1/p4pbp/2n1p1pB/8/4P1b1/5N2/PP3PPP/R2Q1RK1 w - - 2 16,f6g7
27,EulerE,vgreen07,952,942,r2q1rk1/p4pBp/2n1p1p1/8/4P1b1/5N2/PP3PPP/R2Q1RK1 b - - 0 16,h6g7
27,EulerE,vgreen07,952,942,r2q1r2/p4pkp/2n1p1p1/8/4P1b1/5N2/PP3PPP/R2Q1RK1 w - - 0 17,g8g7
27,EulerE,vgreen07,952,942,r2Q1r2/p4pkp/2n1p1p1/8/4P1b1/5N2/PP3PPP/R4RK1 b - - 0 17,d1d8
27,EulerE,vgreen07,952,942,3r1r2/p4pkp/2n1p1p1/8/4P1b1/5N2/PP3PPP/R4RK1 w - - 0 18,a8d8
27,EulerE,vgreen07,952,942,3r1r2/p4pkp/2n1p1p1/8/4P1b1/P4N2/1P3PPP/R4RK1 b - - 0 18,a2a3
27,EulerE,vgreen07,952,942,3r1r2/p4pkp/2n1p1p1/8/4P3/P4b2/1P3PPP/R4RK1 w - - 0 19,g4f3
27,EulerE,vgreen07,952,942,3r1r2/p4pkp/2n1p1p1/8/4P3/P4P2/1P3P1P/R4RK1 b - - 0 19,g2f3
27,EulerE,vgreen07,952,942,3r1r2/p4pkp/4p1p1/4n3/4P3/P4P2/1P3P1P/R4RK1 w - - 1 20,c6e5
27,EulerE,vgreen07,952,942,3r1r2/p4pkp/4p1p1/4n3/4P3/P4P2/1P3PKP/R4R2 b - - 2 20,g1g2
27,EulerE,vgreen07,952,942,5r2/p4pkp/4p1p1/4n3/4P3/P2r1P2/1P3PKP/R4R2 w - - 3 21,d8d3
27,EulerE,vgreen07,952,942,5r2/p4pkp/4p1p1/4n3/4PP2/P2r4/1P3PKP/R4R2 b - - 0 21,f3f4
27,EulerE,vgreen07,952,942,5r2/p4pkp/4p1p1/8/4PPn1/P2r4/1P3PKP/R4R2 w - - 1 22,e5g4
27,EulerE,vgreen07,952,942,5r2/p4pkp/4p1p1/8/4PPn1/P2r3P/1P3PK1/R4R2 b - - 0 22,h2h3
27,EulerE,vgreen07,952,942,5r2/p4pkp/4p1pn/8/4PP2/P2r3P/1P3PK1/R4R2 w - - 1 23,g4h6
27,EulerE,vgreen07,952,942,5r2/p4pkp/4p1pn/8/4PP2/P2r3P/1P3PK1/R2R4 b - - 2 23,f1d1
27,EulerE,vgreen07,952,942,5r2/p4pkp/4p1pn/8/4PP2/P6P/1P3PK1/R2r4 w - - 0 24,d3d1
27,EulerE,vgreen07,952,942,5r2/p4pkp/4p1pn/8/4PP2/P6P/1P3PK1/3R4 b - - 0 24,a1d1
27,EulerE,vgreen07,952,942,5r2/p5kp/4p1pn/5p2/4PP2/P6P/1P3PK1/3R4 w - - 0 25,f7f5
27,EulerE,vgreen07,952,942,5r2/p5kp/4p1pn/4Pp2/5P2/P6P/1P3PK1/3R4 b - - 0 25,e4e5
27,EulerE,vgreen07,952,942,1r6/p5kp/4p1pn/4Pp2/5P2/P6P/1P3PK1/3R4 w - - 1 26,f8b8
27,EulerE,vgreen07,952,942,1r6/p5kp/4p1pn/4Pp2/1P3P2/P6P/5PK1/3R4 b - - 0 26,b2b4
27,EulerE,vgreen07,952,942,2r5/p5kp/4p1pn/4Pp2/1P3P2/P6P/5PK1/3R4 w - - 1 27,b8c8
27,EulerE,vgreen07,952,942,2r5/p2R2kp/4p1pn/4Pp2/1P3P2/P6P/5PK1/8 b - - 2 27,d1d7
27,EulerE,vgreen07,952,942,2r2k2/p2R3p/4p1pn/4Pp2/1P3P2/P6P/5PK1/8 w - - 3 28,g7f8
27,EulerE,vgreen07,952,942,2r2k2/R6p/4p1pn/4Pp2/1P3P2/P6P/5PK1/8 b - - 0 28,d7a7
27,EulerE,vgreen07,952,942,5k2/R6p/4p1pn/4Pp2/1P3P2/P1r4P/5PK1/8 w - - 1 29,c8c3
27,EulerE,vgreen07,952,942,5k2/R6p/4p1pn/1P2Pp2/5P2/P1r4P/5PK1/8 b - - 0 29,b4b5
27,EulerE,vgreen07,952,942,5k2/R4n1p/4p1p1/1P2Pp2/5P2/P1r4P/5PK1/8 w - - 1 30,h6f7
27,EulerE,vgreen07,952,942,5k2/R4n1p/1P2p1p1/4Pp2/5P2/P1r4P/5PK1/8 b - - 0 30,b5b6
27,EulerE,vgreen07,952,942,3n1k2/R6p/1P2p1p1/4Pp2/5P2/P1r4P/5PK1/8 w - - 1 31,f7d8
27,EulerE,vgreen07,952,942,3n1k2/RP5p/4p1p1/4Pp2/5P2/P1r4P/5PK1/8 b - - 0 31,b6b7
27,EulerE,vgreen07,952,942,5k2/Rn5p/4p1p1/4Pp2/5P2/P1r4P/5PK1/8 w - - 0 32,d8b7
27,EulerE,vgreen07,952,942,5k2/1R5p/4p1p1/4Pp2/5P2/P1r4P/5PK1/8 b - - 0 32,a7b7
27,EulerE,vgreen07,952,942,5k2/1R5p/4p1p1/4Pp2/5P2/r6P/5PK1/8 w - - 0 33,c3a3
27,EulerE,vgreen07,952,942,5k2/7R/4p1p1/4Pp2/5P2/r6P/5PK1/8 b - - 0 33,b7h7
27,EulerE,vgreen07,952,942,5k2/7R/4p1p1/4Pp2/r4P2/7P/5PK1/8 w - - 1 34,a3a4
27,EulerE,vgreen07,952,942,5k2/7R/4p1p1/4Pp2/r4P2/6KP/5P2/8 b - - 2 34,g2g3
27,EulerE,vgreen07,952,942,6k1/7R/4p1p1/4Pp2/r4P2/6KP/5P2/8 w - - 3 35,f8g8
27,EulerE,vgreen07,952,942,6k1/4R3/4p1p1/4Pp2/r4P2/6KP/5P2/8 b - - 4 35,h7e7
27,EulerE,vgreen07,952,942,6k1/4R3/r3p1p1/4Pp2/5P2/6KP/5P2/8 w - - 5 36,a4a6
27,EulerE,vgreen07,952,942,6k1/4R3/r3p1p1/4Pp2/5P2/5K1P/5P2/8 b - - 6 36,g3f3
27,EulerE,vgreen07,952,942,5k2/4R3/r3p1p1/4Pp2/5P2/5K1P/5P2/8 w - - 7 37,g8f8
27,EulerE,vgreen07,952,942,5k2/7R/r3p1p1/4Pp2/5P2/5K1P/5P2/8 b - - 8 37,e7h7
27,EulerE,vgreen07,952,942,5k2/7R/4p1p1/4Pp2/5P2/r4K1P/5P2/8 w - - 9 38,a6a3
27,EulerE,vgreen07,952,942,5k2/7R/4p1p1/4Pp2/5P2/r6P/5PK1/8 b - - 10 38,f3g2
27,EulerE,vgreen07,952,942,5k2/7R/4p1p1/4Pp2/r4P2/7P/5PK1/8 w - - 11 39,a3a4
27,EulerE,vgreen07,952,942,5k2/7R/4p1p1/4Pp2/r4P2/5K1P/5P2/8 b - - 12 39,g2f3
27,EulerE,vgreen07,952,942,5k2/7R/4p1p1/4Pp2/5P2/r4K1P/5P2/8 w - - 13 40,a4a3
27,EulerE,vgreen07,952,942,5k2/7R/4p1p1/4Pp2/5P2/r6P/5PK1/8 b - - 14 40,f3g2
28,armandieu,EulerE,981,945,rnbqkbnr/pppppppp/8/8/4P3/8/PPPP1PPP/RNBQKBNR b KQkq - 0 1,e2e4
28,armandieu,EulerE,981,945,rnbqkbnr/pppp1ppp/8/4p3/4P3/8/PPPP1PPP/RNBQKBNR w KQkq - 0 2,e7e5
28,armandieu,EulerE,981,945,rnbqkbnr/pppp1ppp/8/4p3/4P3/5N2/PPPP1PPP/RNBQKB1R b KQkq - 1 2,g1f3
28,armandieu,EulerE,981,945,r1bqkbnr/pppp1ppp/2n5/4p3/4P3/5N2/PPPP1PPP/RNBQKB1R w KQkq - 2 3,b8c6
28,armandieu,EulerE,981,945,r1bqkbnr/pppp1ppp/2n5/4p3/4P3/2N2N2/PPPP1PPP/R1BQKB1R b KQkq - 3 3,b1c3
28,armandieu,EulerE,981,945,r1bqkbnr/p1pp1ppp/1pn5/4p3/4P3/2N2N2/PPPP1PPP/R1BQKB1R w KQkq - 0 4,b7b6
28,armandieu,EulerE,981,945,r1bqkbnr/p1pp1ppp/1pn5/4p3/2B1P3/2N2N2/PPPP1PPP/R1BQK2R b KQkq - 1 4,f1c4
28,armandieu,EulerE,981,945,r1bqkb1r/p1pp1ppp/1pn2n2/4p3/2B1P3/2N2N2/PPPP1PPP/R1BQK2R w KQkq - 2 5,g8f6
28,armandieu,EulerE,981,945,r1bqkb1r/p1pp1ppp/1pn2n2/4p1N1/2B1P3/2N5/PPPP1PPP/R1BQK2R b KQkq - 3 5,f3g5
28,armandieu,EulerE,981,945,r1bqkb1r/p1p2ppp/1pn2n2/3pp1N1/2B1P3/2N5/PPPP1PPP/R1BQK2R w KQkq - 0 6,d7d5
28,armandieu,EulerE,981,945,r1bqkb1r/p1p2ppp/1pn2n2/3Pp1N1/2B5/2N5/PPPP1PPP/R1BQK2R b KQkq - 0 6,e4d5
28,armandieu,EulerE,981,945,r1bqkb1r/p1p2ppp/1p3n2/n2Pp1N1/2B5/2N5/PPPP1PPP/R1BQK2R w KQkq - 1 7,c6a5
28,armandieu,EulerE,981,945,r1bqkb1r/p1p2ppp/1p3n2/nB1Pp1N1/8/2N5/PPPP1PPP/R1BQK2R b KQkq - 2 7,c4b5
28,armandieu,EulerE,981,945,r2qkb1r/p1pb1ppp/1p3n2/nB1Pp1N1/8/2N5/PPPP1PPP/R1BQK2R w KQkq - 3 8,c8d7
28,armandieu,EulerE,981,945,r2qkb1r/p1pb1ppp/1pB2n2/n2Pp1N1/8/2N5/PPPP1PPP/R1BQK2R b KQkq - 4 8,b5c6
28,armandieu,EulerE,981,945,r2qkb1r/p1p2ppp/1pb2n2/n2Pp1N1/8/2N5/PPPP1PPP/R1BQK2R w KQkq - 0 9,d7c6
28,armandieu,EulerE,981,945,r2qkb1r/p1p2ppp/1pP2n2/n3p1N1/8/2N5/PPPP1PPP/R1BQK2R b KQkq - 0 9,d5c6
28,armandieu,EulerE,981,945,r2qkb1r/p1p2ppp/1pn2n2/4p1N1/8/2N5/PPPP1PPP/R1BQK2R w KQkq - 0 10,a5c6
28,armandieu,EulerE,981,945,r2qkb1r/p1p2ppp/1pn2n2/4p1N1/8/2NP4/PPP2PPP/R1BQK2R b KQkq - 0 10,d2d3
28,armandieu,EulerE,981,945,r2qk2r/p1p2ppp/1pn2n2/4p1N1/1b6/2NP4/PPP2PPP/R1BQK2R w KQkq - 1 11,f8b4
28,armandieu,EulerE,981,945,r2qk2r/p1p2ppp/1pn2n2/4p1N1/1b6/2NP4/PPPB1PPP/R2QK2R b KQkq - 2 11,c1d2
28,armandieu,EulerE,981,945,r2qk2r/p1p2ppp/1pn2n2/4p1N1/8/2bP4/PPPB1PPP/R2QK2R w KQkq - 0 12,b4c3
28,armandieu,EulerE,981,945,r2qk2r/p1p2ppp/1pn2n2/4p1N1/8/2BP4/PPP2PPP/R2QK2R b KQkq - 0 12,d2c3
28,armandieu,EulerE,981,945,r2qk2r/p1p2ppp/1pn5/3np1N1/8/2BP4/PPP2PPP/R2QK2R w KQkq - 1 13,f6d5
28,armandieu,EulerE,981,945,r2qk2r/p1p2ppp/1pn5/3np3/8/2BP1N2/PPP2PPP/R2QK2R b KQkq - 2 13,g5f3
28,armandieu,EulerE,981,945,r2q1rk1/p1p2ppp/1pn5/3np3/8/2BP1N2/PPP2PPP/R2QK2R w KQ - 3 14,e8g8
28,armandieu,EulerE,981,945,r2q1rk1/p1p2ppp/1pn5/3nN3/8/2BP4/PPP2PPP/R2QK2R b KQ - 0 14,f3e5
28,armandieu,EulerE,981,945,r2q1rk1/p1p2ppp/1pn5/4N3/8/2nP4/PPP2PPP/R2QK2R w KQ - 0 15,d5c3
28,armandieu,EulerE,981,945,r2q1rk1/p1p2ppp/1pn5/4N3/8/2PP4/P1P2PPP/R2QK2R b KQ - 0 15,b2c3
28,armandieu,EulerE,981,945,r2q1rk1/p1p2ppp/1p6/4n3/8/2PP4/P1P2PPP/R2QK2R w KQ - 0 16,c6e5
28,armandieu,EulerE,981,945,r2q1rk1/p1p2ppp/1p6/4n3/5P2/2PP4/P1P3PP/R2QK2R b KQ - 0 16,f2f4
28,armandieu,EulerE,981,945,r4rk1/p1p2ppp/1p6/4n3/5P1q/2PP4/P1P3PP/R2QK2R w KQ - 1 17,d8h4
28,armandieu,EulerE,981,945,r4rk1/p1p2ppp/1p6/4n3/5P1q/2PP2P1/P1P4P/R2QK2R b KQ - 0 17,g2g3
28,armandieu,EulerE,981,945,r4rk1/p1p2ppp/1p6/8/5P1q/2Pn2P1/P1P4P/R2QK2R w KQ - 0 18,e5d3
28,armandieu,EulerE,981,945,r4rk1/p1p2ppp/1p6/8/5P1q/2PP2P1/P6P/R2QK2R b KQ - 0 18,c2d3
28,armandieu,EulerE,981,945,r4rk1/p1p1qppp/1p6/8/5P2/2PP2P1/P6P/R2QK2R w KQ - 1 19,h4e7
28,armandieu,EulerE,981,945,r4rk1/p1p1qppp/1p6/8/5P2/2PP2P1/P4K1P/R2Q3R b - - 2 19,e1f2
28,armandieu,EulerE,981,945,r3r1k1/p1p1qppp/1p6/8/5P2/2PP2P1/P4K1P/R2Q3R w - - 3 20,f8e8
28,armandieu,EulerE,981,945,r3r1k1/p1p1qppp/1p6/8/5P2/2PP2P1/P4K1P/R2QR3 b - - 4 20,h1e1
28,armandieu,EulerE,981,945,r3r1k1/p1p2ppp/1p6/8/5P2/2PP2P1/P4K1P/R2Qq3 w - - 0 21,e7e1
28,armandieu,EulerE,981,945,r3r1k1/p1p2ppp/1p6/8/5P2/2PP2P1/P4K1P/R3Q3 b - - 0 21,d1e1
28,armandieu,EulerE,981,945,r5k1/p1p2ppp/1p6/8/5P2/2PP2P1/P4K1P/R3r3 w - - 0 22,e8e1
28,armandieu,EulerE,981,945,r5k1/p1p2ppp/1p6/8/5P2/2PP2P1/P4K1P/4R3 b - - 0 22,a1e1
28,armandieu,EulerE,981,945,r5k1/p1p3pp/1p3p2/8/5P2/2PP2P1/P4K1P/4R3 w - - 0 23,f7f6
28,armandieu,EulerE,981,945,r5k1/p1p1R1pp/1p3p2/8/5P2/2PP2P1/P4K1P/8 b - - 1 23,e1e7
28,armandieu,EulerE,981,945,r5k1/p3R1pp/1p3p2/2p5/5P2/2PP2P1/P4K1P/8 w - - 0 24,c7c5
28,armandieu,EulerE,981,945,r5k1/p3R1pp/1p3p2/2p2P2/8/2PP2P1/P4K1P/8 b - - 0 24,f4f5
28,armandieu,EulerE,981,945,r4k2/p3R1pp/1p3p2/2p2P2/8/2PP2P1/P4K1P/8 w - - 1 25,g8f8
28,armandieu,EulerE,981,945,r4k2/p5pp/1p2Rp2/2p2P2/8/2PP2P1/P4K1P/8 b - - 2 25,e7e6
28,armandieu,EulerE,981,945,r7/p4kpp/1p2Rp2/2p2P2/8/2PP2P1/P4K1P/8 w - - 3 26,f8f7
28,armandieu,EulerE,981,945,r7/p4kpp/1p2Rp2/2p2P2/8/2PP1KP1/P6P/8 b - - 4 26,f2f3
28,armandieu,EulerE,981,945,r7/p4k1p/1p2Rpp1/2p2P2/8/2PP1KP1/P6P/8 w - - 0 27,g7g6
28,armandieu,EulerE,981,945,r7/p4k1p/1pR2pp1/2p2P2/8/2PP1KP1/P6P/8 b - - 1 27,e6c6
28,armandieu,EulerE,981,945,r7/p4k1p/1pR2p2/2p2p2/8/2PP1KP1/P6P/8 w - - 0 28,g6f5
28,armandieu,EulerE,981,945,r7/p1R2k1p/1p3p2/2p2p2/8/2PP1KP1/P6P/8 b - - 1 28,c6c7
28,armandieu,EulerE,981,945,r5k1/p1R4p/1p3p2/2p2p2/8/2PP1KP1/P6P/8 w - - 2 29,f7g8
28,armandieu,EulerE,981,945,r5k1/p1R4p/1p3p2/2p2p2/5K2/2PP2P1/P6P/8 b - - 3 29,f3f4
28,armandieu,EulerE,981,945,r5k1/p1R4p/5p2/1pp2p2/5K2/2PP2P1/P6P/8 w - - 0 30,b6b5
28,armandieu,EulerE,981,945,r5k1/p1R4p/5p2/1pp2K2/8/2PP2P1/P6P/8 b - - 0 30,f4f5
28,armandieu,EulerE,981,945,r5k1/p1R4p/5p2/2p2K2/1p6/2PP2P1/P6P/8 w - - 0 31,b5b4
28,armandieu,EulerE,981,945,r5k1/p1R4p/5p2/2p2K2/1P6/3P2P1/P6P/8 b - - 0 31,c3b4
28,armandieu,EulerE,981,945,r5k1/p1R4p/5p2/5K2/1p6/3P2P1/P6P/8 w - - 0 32,c5b4
28,armandieu,EulerE,981,945,r5k1/p1R4p/5K2/8/1p6/3P2P1/P6P/8 b - - 0 32,f5f6
28,armandieu,EulerE,981,945,3r2k1/p1R4p/5K2/8/1p6/3P2P1/P6P/8 w - - 1 33,a8d8
28,armandieu,EulerE,981,945,3r2k1/R6p/5K2/8/1p6/3P2P1/P6P/8 b - - 0 33,c7a7
28,armandieu,EulerE,981,945,6k1/R6p/5K2/8/1p6/3r2P1/P6P/8 w - - 0 34,d8d3
28,armandieu,EulerE,981,945,R5k1/7p/5K2/8/1p6/3r2P1/P6P/8 b - - 1 34,a7a8
28,armandieu,EulerE,981,945,R2r2k1/7p/5K2/8/1p6/6P1/P6P/8 w - - 2 35,d3d8
28,armandieu,EulerE,981,945,3R2k1/7p/5K2/8/1p6/6P1/P6P/8 b - - 0 35,a8d8
29,EulerE,AlexeyBolotin,937,949,rnbqkbnr/pppppppp/8/8/3P4/8/PPP1PPPP/RNBQKBNR b KQkq - 0 1,d2d4
29,EulerE,AlexeyBolotin,937,949,rnbqkbnr/ppp1pppp/8/3p4/3P4/8/PPP1PPPP/RNBQKBNR w KQkq - 0 2,d7d5
29,EulerE,AlexeyBolotin,937,949,rnbqkbnr/ppp1pppp/8/3p4/2PP4/8/PP2PPPP/RNBQKBNR b KQkq - 0 2,c2c4
29,EulerE,AlexeyBolotin,937,949,rnbqkbnr/pp2pppp/2p5/3p4/2PP4/8/PP2PPPP/RNBQKBNR w KQkq - 0 3,c7c6
29,EulerE,AlexeyBolotin,937,949,rnbqkbnr/pp2pppp/2p5/3p4/2PP4/2N5/PP2PPPP/R1BQKBNR b KQkq - 1 3,b1c3
29,EulerE,AlexeyBolotin,937,949,rnbqkbnr/pp2pppp/2p5/8/2pP4/2N5/PP2PPPP/R1BQKBNR w KQkq - 0 4,d5c4
29,EulerE,AlexeyBolotin,937,949,rnbqkbnr/pp2pppp/2p5/8/2pPP3/2N5/PP3PPP/R1BQKBNR b KQkq - 0 4,e2e4
29,EulerE,AlexeyBolotin,937,949,rnbqkbnr/pp2p1pp/2p2p2/8/2pPP3/2N5/PP3PPP/R1BQKBNR w KQkq - 0 5,f7f6
29,EulerE,AlexeyBolotin,937,949,rnbqkbnr/pp2p1pp/2p2p2/8/2BPP3/2N5/PP3PPP/R1BQK1NR b KQkq - 0 5,f1c4
29,EulerE,AlexeyBolotin,937,949,rnbqkbnr/pp4pp/2p2p2/4p3/2BPP3/2N5/PP3PPP/R1BQK1NR w KQkq - 0 6,e7e5
29,EulerE,AlexeyBolotin,937,949,rnbqkbnr/pp4pp/2p2p2/3Pp3/2B1P3/2N5/PP3PPP/R1BQK1NR b KQkq - 0 6,d4d5
29,EulerE,AlexeyBolotin,937,949,rnbqkb1r/pp2n1pp/2p2p2/3Pp3/2B1P3/2N5/PP3PPP/R1BQK1NR w KQkq - 1 7,g8e7
29,EulerE,AlexeyBolotin,937,949,rnbqkb1r/pp2n1pp/2pP1p2/4p3/2B1P3/2N5/PP3PPP/R1BQK1NR b KQkq - 0 7,d5d6
29,EulerE,AlexeyBolotin,937,949,rnbqkb1r/pp4pp/2pP1pn1/4p3/2B1P3/2N5/PP3PPP/R1BQK1NR w KQkq - 1 8,e7g6
29,EulerE,AlexeyBolotin,937,949,rnbqkb1r/pp4pp/2pP1pn1/4p3/2B1P3/2N1B3/PP3PPP/R2QK1NR b KQkq - 2 8,c1e3
29,EulerE,AlexeyBolotin,937,949,rnbqk2r/pp4pp/2pb1pn1/4p3/2B1P3/2N1B3/PP3PPP/R2QK1NR w KQkq - 0 9,f8d6
29,EulerE,AlexeyBolotin,937,949,rnbqk2r/pp4pp/2pb1pn1/4p3/2B1P3/2N1BN2/PP3PPP/R2QK2R b KQkq - 1 9,g1f3
29,EulerE,AlexeyBolotin,937,949,rnbqk2r/p5pp/2pb1pn1/1p2p3/2B1P3/2N1BN2/PP3PPP/R2QK2R w KQkq - 0 10,b7b5
29,EulerE,AlexeyBolotin,937,949,rnbqk2r/p5pp/2pb1pn1/1p2p3/4P3/1BN1BN2/PP3PPP/R2QK2R b KQkq - 1 10,c4b3
29,EulerE,AlexeyBolotin,937,949,rnbqk2r/6pp/2pb1pn1/pp2p3/4P3/1BN1BN2/PP3PPP/R2QK2R w KQkq - 0 11,a7a5
29,EulerE,AlexeyBolotin,937,949,rnbqk2r/6pp/2pb1pn1/pp2p3/4P3/1B2BN2/PP2NPPP/R2QK2R b KQkq - 1 11,c3e2
29,EulerE,AlexeyBolotin,937,949,rnbqk2r/6pp/2pb1pn1/1p2p3/p3P3/1B2BN2/PP2NPPP/R2QK2R w KQkq - 0 12,a5a4
29,EulerE,AlexeyBolotin,937,949,rnbqk2r/6pp/2pb1pn1/1p2p3/p3P3/4BN2/PPB1NPPP/R2QK2R b KQkq - 1 12,b3c2
29,EulerE,AlexeyBolotin,937,949,rnbq1rk1/6pp/2pb1pn1/1p2p3/p3P3/4BN2/PPB1NPPP/R2QK2R w KQ - 2 13,e8g8
29,EulerE,AlexeyBolotin,937,949,rnbq1rk1/6pp/2pb1pn1/1p2p3/p3P3/4BN2/PPB1NPPP/R2Q1RK1 b - - 3 13,e1g1
29,EulerE,AlexeyBolotin,937,949,rnbq1rk1/4b1pp/2p2pn1/1p2p3/p3P3/4BN2/PPB1NPPP/R2Q1RK1 w - - 4 14,d6e7
29,EulerE,AlexeyBolotin,937,949,rnbq1rk1/4b1pp/2p2pn1/1p2p3/p3P3/1P2BN2/P1B1NPPP/R2Q1RK1 b - - 0 14,b2b3
29,EulerE,AlexeyBolotin,937,949,rnb2rk1/4b1pp/2p2pn1/1p2p3/p3P3/1P2BN2/P1B1NPPP/R2q1RK1 w - - 0 15,d8d1
29,EulerE,AlexeyBolotin,937,949,rnb2rk1/4b1pp/2p2pn1/1p2p3/p3P3/1P2BN2/P1B1NPPP/R2R2K1 b - - 0 15,f1d1
29,EulerE,AlexeyBolotin,937,949,rnb2rk1/4b1pp/2p2pn1/1p2p3/4P3/1p2BN2/P1B1NPPP/R2R2K1 w - - 0 16,a4b3
29,EulerE,AlexeyBolotin,937,949,rnb2rk1/4b1pp/2p2pn1/1p2p3/4P3/1B2BN2/P3NPPP/R2R2K1 b - - 0 16,c2b3
29,EulerE,AlexeyBolotin,937,949,rnb2r1k/4b1pp/2p2pn1/1p2p3/4P3/1B2BN2/P3NPPP/R2R2K1 w - - 1 17,g8h8
29,EulerE,AlexeyBolotin,937,949,rnb2r1k/4b1pp/2p2pn1/1p2p3/4P3/1B2BN2/P3NPPP/2RR2K1 b - - 2 17,a1c1
29,EulerE,AlexeyBolotin,937,949,rn3r1k/4b1pp/b1p2pn1/1p2p3/4P3/1B2BN2/P3NPPP/2RR2K1 w - - 3 18,c8a6
29,EulerE,AlexeyBolotin,937,949,rn3r1k/4b1pp/b1p2pn1/1pB1p3/4P3/1B3N2/P3NPPP/2RR2K1 b - - 4 18,e3c5
29,EulerE,AlexeyBolotin,937,949,rn3r1k/4b1pp/b1p2pn1/2B1p3/1p2P3/1B3N2/P3NPPP/2RR2K1 w - - 0 19,b5b4
29,EulerE,AlexeyBolotin,937,949,rn3r1k/4B1pp/b1p2pn1/4p3/1p2P3/1B3N2/P3NPPP/2RR2K1 b - - 0 19,c5e7
29,EulerE,AlexeyBolotin,937,949,rn3r1k/4n1pp/b1p2p2/4p3/1p2P3/1B3N2/P3NPPP/2RR2K1 w - - 0 20,g6e7
29,EulerE,AlexeyBolotin,937,949,rn3r1k/4n1pp/b1p2p2/2R1p3/1p2P3/1B3N2/P3NPPP/3R2K1 b - - 1 20,c1c5
29,EulerE,AlexeyBolotin,937,949,rn3r1k/4n1pp/2p2p2/2R1p3/1p2P3/1B3N2/P3bPPP/3R2K1 w - - 0 21,a6e2
29,EulerE,AlexeyBolotin,937,949,rn3r1k/3Rn1pp/2p2p2/2R1p3/1p2P3/1B3N2/P3bPPP/6K1 b - - 1 21,d1d7
29,EulerE,AlexeyBolotin,937,949,r4r1k/3nn1pp/2p2p2/2R1p3/1p2P3/1B3N2/P3bPPP/6K1 w - - 0 22,b8d7
30,JazzyJack45,EulerE,955,929,rnbqkbnr/pppppppp/8/8/3P4/8/PPP1PPPP/RNBQKBNR b KQkq - 0 1,d2d4
30,JazzyJack45,EulerE,955,929,rnbqkbnr/ppp1pppp/8/3p4/3P4/8/PPP1PPPP/RNBQKBNR w KQkq - 0 2,d7d5
30,JazzyJack45,EulerE,955,929,rnbqkbnr/ppp1pppp/8/3p4/3P4/5N2/PPP1PPPP/RNBQKB1R b KQkq - 1 2,g1f3
30,JazzyJack45,EulerE,955,929,rnbqkb1r/ppp1pppp/5n2/3p4/3P4/5N2/PPP1PPPP/RNBQKB1R w KQkq - 2 3,g8f6
30,JazzyJack45,EulerE,955,929,rnbqkb1r/ppp1pppp/5n2/3p4/3P4/2N2N2/PPP1PPPP/R1BQKB1R b KQkq - 3 3,b1c3
30,JazzyJack45,EulerE,955,929,rnbqkb1r/p1p1pppp/1p3n2/3p4/3P4/2N2N2/PPP1PPPP/R1BQKB1R w KQkq - 0 4,b7b6
30,JazzyJack45,EulerE,955,929,rnbqkb1r/p1p1pppp/1p3n2/3p4/3P1B2/2N2N2/PPP1PPPP/R2QKB1R b KQkq - 1 4,c1f4
30,JazzyJack45,EulerE,955,929,rn1qkb1r/p1p1pppp/bp3n2/3p4/3P1B2/2N2N2/PPP1PPPP/R2QKB1R w KQkq - 2 5,c8a6
30,JazzyJack45,EulerE,955,929,rn1qkb1r/p1p1pppp/bp3n2/3p4/3P1B2/2N1PN2/PPP2PPP/R2QKB1R b KQkq - 0 5,e2e3
30,JazzyJack45,EulerE,955,929,rn1qkb1r/p1p1pppp/1p3n2/3p4/3P1B2/2N1PN2/PPP2PPP/R2QKb1R w KQkq - 0 6,a6f1
30,JazzyJack45,EulerE,955,929,rn1qkb1r/p1p1pppp/1p3n2/3p4/3P1B2/2N1PN2/PPP2PPP/R2QKR2 b Qkq - 0 6,h1f1
30,JazzyJack45,EulerE,955,929,rn1qkb1r/p1p2ppp/1p2pn2/3p4/3P1B2/2N1PN2/PPP2PPP/R2QKR2 w Qkq - 0 7,e7e6
30,JazzyJack45,EulerE,955,929,rn1qkb1r/p1p2ppp/1p2pn2/1N1p4/3P1B2/4PN2/PPP2PPP/R2QKR2 b Qkq - 1 7,c3b5
30,JazzyJack45,EulerE,955,929,r2qkb1r/p1p2ppp/np2pn2/1N1p4/3P1B2/4PN2/PPP2PPP/R2QKR2 w Qkq - 2 8,b8a6
30,JazzyJack45,EulerE,955,929,r2qkb1r/p1N2ppp/np2pn2/3p4/3P1B2/4PN2/PPP2PPP/R2QKR2 b Qkq - 0 8,b5c7
30,JazzyJack45,EulerE,955,929,r2qkb1r/p1n2ppp/1p2pn2/3p4/3P1B2/4PN2/PPP2PPP/R2QKR2 w Qkq - 0 9,a6c7
30,JazzyJack45,EulerE,955,929,r2qkb1r/p1n2ppp/1p2pn2/3p4/3P1B2/4PN2/PPP1QPPP/R3KR2 b Qkq - 1 9,d1e2
30,JazzyJack45,EulerE,955,929,r2qk2r/p1n2ppp/1p1bpn2/3p4/3P1B2/4PN2/PPP1QPPP/R3KR2 w Qkq - 2 10,f8d6
30,JazzyJack45,EulerE,955,929,r2qk2r/p1n2ppp/1p1bpn2/3p4/3P1B2/4PN2/PPP1QPPP/2KR1R2 b kq - 3 10,e1c1
30,JazzyJack45,EulerE,955,929,r2qk2r/p1n2ppp/1p2pn2/3p4/3P1b2/4PN2/PPP1QPPP/2KR1R2 w kq - 0 11,d6f4
30,JazzyJack45,EulerE,955,929,r2qk2r/p1n2ppp/1p2pn2/3p4/3P1P2/5N2/PPP1QPPP/2KR1R2 b kq - 0 11,e3f4
30,JazzyJack45,EulerE,955,929,r2q1rk1/p1n2ppp/1p2pn2/3p4/3P1P2/5N2/PPP1QPPP/2KR1R2 w - - 1 12,e8g8
30,JazzyJack45,EulerE,955,929,r2q1rk1/p1n2ppp/1p2pn2/3p4/3P1P2/P4N2/1PP1QPPP/2KR1R2 b - - 0 12,a2a3
30,JazzyJack45,EulerE,955,929,r2q1rk1/p1n2ppp/1p2p3/3p4/3PnP2/P4N2/1PP1QPPP/2KR1R2 w - - 1 13,f6e4
30,JazzyJack45,EulerE,955,929,r2q1rk1/p1n2ppp/1p2p3/3p4/3PnP2/P4N2/1PP1QPPP/2KRR3 b - - 2 13,f1e1
30,JazzyJack45,EulerE,955,929,r2q1rk1/p1n2pp1/1p2p2p/3p4/3PnP2/P4N2/1PP1QPPP/2KRR3 w - - 0 14,h7h6
30,JazzyJack45,EulerE,955,929,r2q1rk1/p1n2pp1/1p2p2p/3p1P2/3Pn3/P4N2/1PP1QPPP/2KRR3 b - - 0 14,f4f5
30,JazzyJack45,EulerE,955,929,r2q1rk1/p1n2pp1/1p5p/3p1p2/3Pn3/P4N2/1PP1QPPP/2KRR3 w - - 0 15,e6f5
30,JazzyJack45,EulerE,955,929,r2q1rk1/p1n2pp1/1p5p/3pNp2/3Pn3/P7/1PP1QPPP/2KRR3 b - - 1 15,f3e5
30,JazzyJack45,EulerE,955,929,r4rk1/p1n2pp1/1p1q3p/3pNp2/3Pn3/P7/1PP1QPPP/2KRR3 w - - 2 16,d8d6
30,JazzyJack45,EulerE,955,929,r4rk1/p1n2pp1/1p1q3p/3pNp2/3Pn3/P4P2/1PP1Q1PP/2KRR3 b - - 0 16,f2f3
30,JazzyJack45,EulerE,955,929,r4rk1/p1n2pp1/1p1q3p/3pNpn1/3P4/P4P2/1PP1Q1PP/2KRR3 w - - 1 17,e4g5
30,JazzyJack45,EulerE,955,929,r4rk1/p1n2pp1/1p1q3p/3pNpn1/3P1P2/P7/1PP1Q1PP/2KRR3 b - - 0 17,f3f4
30,JazzyJack45,EulerE,955,929,r4rk1/p1n2pp1/1p1qn2p/3pNp2/3P1P2/P7/1PP1Q1PP/2KRR3 w - - 1 18,g5e6
30,JazzyJack45,EulerE,955,929,r4rk1/p1n2pp1/1p1qn2p/3pNp1Q/3P1P2/P7/1PP3PP/2KRR3 b - - 2 18,e2h5
30,JazzyJack45,EulerE,955,929,r4rk1/p1n2pp1/1p1q3p/3pNp1Q/3P1n2/P7/1PP3PP/2KRR3 w - - 0 19,e6f4
30,JazzyJack45,EulerE,955,929,r4rk1/p1n2pp1/1p1q3p/3pNQ2/3P1n2/P7/1PP3PP/2KRR3 b - - 0 19,h5f5
30,JazzyJack45,EulerE,955,929,r4rk1/p1n2pp1/1p1q3p/3pNQ2/3P4/P7/1PP3nP/2KRR3 w - - 0 20,f4g2
30,JazzyJack45,EulerE,955,929,r4rk1/p1n2pp1/1p1q3p/3pNQ2/3P4/P7/1PP1R1nP/2KR4 b - - 1 20,e1e2
30,JazzyJack45,EulerE,955,929,r4rk1/p1n2pp1/1p1q3p/3pNQ2/3P3n/P7/1PP1R2P/2KR4 w - - 2 21,g2h4
30,JazzyJack45,EulerE,955,929,r4rk1/p1n2pp1/1p1q3p/3pN3/3P3n/P7/1PP1RQ1P/2KR4 b - - 3 21,f5f2
30,JazzyJack45,EulerE,955,929,r4rk1/p1n2pp1/1p1q2np/3pN3/3P4/P7/1PP1RQ1P/2KR4 w - - 4 22,h4g6
30,JazzyJack45,EulerE,955,929,r4rk1/p1n2pp1/1p1q2Np/3p4/3P4/P7/1PP1RQ1P/2KR4 b - - 0 22,e5g6
30,JazzyJack45,EulerE,955,929,r4rk1/p1n2pp1/1p4qp/3p4/3P4/P7/1PP1RQ1P/2KR4 w - - 0 23,d6g6
30,JazzyJack45,EulerE,955,929,r4rk1/p1n2pp1/1p4qp/3p4/3P4/P7/1PP1RQ1P/2K3R1 b - - 1 23,d1g1
30,JazzyJack45,EulerE,955,929,r4rk1/p1n2pp1/1pq4p/3p4/3P4/P7/1PP1RQ1P/2K3R1 w - - 2 24,g6c6
30,JazzyJack45,EulerE,955,929,r4rk1/p1n2pp1/1pq4p/3p4/3P4/P7/1PP1R1QP/2K3R1 b - - 3 24,f2g2
30,JazzyJack45,EulerE,955,929,r4rk1/p4pp1/1pq1n2p/3p4/3P4/P7/1PP1R1QP/2K3R1 w - - 4 25,c7e6
30,JazzyJack45,EulerE,955,929,r4rk1/p4pp1/1pq1R2p/3p4/3P4/P7/1PP3QP/2K3R1 b - - 0 25,e2e6
30,JazzyJack45,EulerE,955,929,2r2rk1/p4pp1/1pq1R2p/3p4/3P4/P7/1PP3QP/2K3R1 w - - 1 26,a8c8
30,JazzyJack45,EulerE,955,929,2r2rk1/p4pQ1/1pq1R2p/3p4/3P4/P7/1PP4P/2K3R1 b - - 0 26,g2g7
31,EulerE,LianMephira,936,897,rnbqkbnr/pppppppp/8/8/3P4/8/PPP1PPPP/RNBQKBNR b KQkq - 0 1,d2d4
31,EulerE,LianMephira,936,897,rnbqkbnr/ppp1pppp/8/3p4/3P4/8/PPP1PPPP/RNBQKBNR w KQkq - 0 2,d7d5
31,EulerE,LianMephira,936,897,rnbqkbnr/ppp1pppp/8/3p4/2PP4/8/PP2PPPP/RNBQKBNR b KQkq - 0 2,c2c4
31,EulerE,LianMephira,936,897,rnbqkbnr/pp2pppp/2p5/3p4/2PP4/8/PP2PPPP/RNBQKBNR w KQkq - 0 3,c7c6
31,EulerE,LianMephira,936,897,rnbqkbnr/pp2pppp/2p5/3p4/2PP4/2N5/PP2PPPP/R1BQKBNR b KQkq - 1 3,b1c3
31,EulerE,LianMephira,936,897,rnbqkb1r/pp2pppp/2p2n2/3p4/2PP4/2N5/PP2PPPP/R1BQKBNR w KQkq - 2 4,g8f6
31,EulerE,LianMephira,936,897,rnbqkb1r/pp2pppp/2p2n2/3p4/2PP4/2N2N2/PP2PPPP/R1BQKB1R b KQkq - 3 4,g1f3
31,EulerE,LianMephira,936,897,rnbqkb1r/pp2pppp/2p2n2/8/2pP4/2N2N2/PP2PPPP/R1BQKB1R w KQkq - 0 5,d5c4
31,EulerE,LianMephira,936,897,rnbqkb1r/pp2pppp/2p2n2/8/2pPP3/2N2N2/PP3PPP/R1BQKB1R b KQkq - 0 5,e2e4
31,EulerE,LianMephira,936,897,rn1qkb1r/pp2pppp/2p2n2/8/2pPP1b1/2N2N2/PP3PPP/R1BQKB1R w KQkq - 1 6,c8g4
31,EulerE,LianMephira,936,897,rn1qkb1r/pp2pppp/2p2n2/8/2BPP1b1/2N2N2/PP3PPP/R1BQK2R b KQkq - 0 6,f1c4
31,EulerE,LianMephira,936,897,rn1qkb1r/pp3ppp/2p1pn2/8/2BPP1b1/2N2N2/PP3PPP/R1BQK2R w KQkq - 0 7,e7e6
31,EulerE,LianMephira,936,897,rn1qkb1r/pp3ppp/2p1pn2/8/2BPP1b1/1QN2N2/PP3PPP/R1B1K2R b KQkq - 1 7,d1b3
31,EulerE,LianMephira,936,897,rn1qkb1r/p4ppp/2p1pn2/1p6/2BPP1b1/1QN2N2/PP3PPP/R1B1K2R w KQkq - 0 8,b7b5
31,EulerE,LianMephira,936,897,rn1qkb1r/p4ppp/2p1pn2/1p6/3PP1b1/1QN2N2/PP2BPPP/R1B1K2R b KQkq - 1 8,c4e2
31,EulerE,LianMephira,936,897,rn1qkb1r/p4ppp/2p1pn2/1p6/3PP3/1QN2b2/PP2BPPP/R1B1K2R w KQkq - 0 9,g4f3
31,EulerE,LianMephira,936,897,rn1qkb1r/p4ppp/2p1pn2/1p6/3PP3/1QN2B2/PP3PPP/R1B1K2R b KQkq - 0 9,e2f3
31,EulerE,LianMephira,936,897,rn2kb1r/p4ppp/2p1pn2/1p6/3qP3/1QN2B2/PP3PPP/R1B1K2R w KQkq - 0 10,d8d4
31,EulerE,LianMephira,936,897,rn2kb1r/p4ppp/2p1pn2/1p6/3qP3/1QN1BB2/PP3PPP/R3K2R b KQkq - 1 10,c1e3
31,EulerE,LianMephira,936,897,rn2kb1r/p4ppp/2p1pn2/1p2q3/4P3/1QN1BB2/PP3PPP/R3K2R w KQkq - 2 11,d4e5
31,EulerE,LianMephira,936,897,rn2kb1r/p4ppp/2p1pn2/1p2q3/4P3/1QN1BB2/PP3PPP/2KR3R b kq - 3 11,e1c1
31,EulerE,LianMephira,936,897,rn2k2r/p4ppp/2p1pn2/1pb1q3/4P3/1QN1BB2/PP3PPP/2KR3R w kq - 4 12,f8c5
31,EulerE,LianMephira,936,897,rn2k2r/p4ppp/2p1pn2/1pb1q3/4P3/1QN2B2/PP1B1PPP/2KR3R b kq - 5 12,e3d2
31,EulerE,LianMephira,936,897,rn3rk1/p4ppp/2p1pn2/1pb1q3/4P3/1QN2B2/PP1B1PPP/2KR3R w - - 6 13,e8g8
31,EulerE,LianMephira,936,897,rn3rk1/p4ppp/2p1pn2/1pb1q3/4P3/1QN2BP1/PP1B1P1P/2KR3R b - - 0 13,g2g3
31,EulerE,LianMephira,936,897,rn3rk1/5ppp/2p1pn2/ppb1q3/4P3/1QN2BP1/PP1B1P1P/2KR3R w - - 0 14,a7a5
31,EulerE,LianMephira,936,897,rn3rk1/5ppp/2p1pn2/ppb1q3/P3P3/1QN2BP1/1P1B1P1P/2KR3R b - - 0 14,a2a4
31,EulerE,LianMephira,936,897,rn3rk1/5ppp/2p1pn2/pp2q3/P3P3/1QN2BP1/1P1B1b1P/2KR3R w - - 0 15,c5f2
31,EulerE,LianMephira,936,897,rn3rk1/5ppp/2p1pn2/pP2q3/4P3/1QN2BP1/1P1B1b1P/2KR3R b - - 0 15,a4b5
31,EulerE,LianMephira,936,897,rn3rk1/5ppp/2p1pn2/pP2q3/3bP3/1QN2BP1/1P1B3P/2KR3R w - - 1 16,f2d4
31,EulerE,LianMephira,936,897,rn3rk1/5ppp/2P1pn2/p3q3/3bP3/1QN2BP1/1P1B3P/2KR3R b - - 0 16,b5c6
31,EulerE,LianMephira,936,897,r4rk1/5ppp/2n1pn2/p3q3/3bP3/1QN2BP1/1P1B3P/2KR3R w - - 0 17,b8c6
31,EulerE,LianMephira,936,897,r4rk1/5ppp/2n1pn2/p3q3/3bPB2/1QN2BP1/1P5P/2KR3R b - - 1 17,d2f4
31,EulerE,LianMephira,936,897,r4rk1/5ppp/2n1pn2/p1q5/3bPB2/1QN2BP1/1P5P/2KR3R w - - 2 18,e5c5
31,EulerE,LianMephira,936,897,r4rk1/5ppp/2n1pn2/pQq5/3bPB2/2N2BP1/1P5P/2KR3R b - - 3 18,b3b5
31,EulerE,LianMephira,936,897,r4rk1/5ppp/2n1pn2/pQq5/4PB2/2N1bBP1/1P5P/2KR3R w - - 4 19,d4e3
31,EulerE,LianMephira,936,897,r4rk1/5ppp/2n1pn2/pQq5/4PB2/2N1bBP1/1PK4P/3R3R b - - 5 19,c1c2
31,EulerE,LianMephira,936,897,r4rk1/5ppp/4pn2/pQq5/1n2PB2/2N1bBP1/1PK4P/3R3R w - - 6 20,c6b4
31,EulerE,LianMephira,936,897,r4rk1/5ppp/4pn2/pQq5/1n2PB2/1KN1bBP1/1P5P/3R3R b - - 7 20,c2b3
31,EulerE,LianMephira,936,897,r4rk1/5ppp/4pn2/pq6/1n2PB2/1KN1bBP1/1P5P/3R3R w - - 0 21,c5b5
31,EulerE,LianMephira,936,897,r4rk1/5ppp/4pn2/pN6/1n2PB2/1K2bBP1/1P5P/3R3R b - - 0 21,c3b5
31,EulerE,LianMephira,936,897,1r3rk1/5ppp/4pn2/pN6/1n2PB2/1K2bBP1/1P5P/3R3R w - - 1 22,a8b8
31,EulerE,LianMephira,936,897,1r3rk1/5ppp/4pn2/pN6/1n2P3/1K2BBP1/1P5P/3R3R b - - 0 22,f4e3
31,EulerE,LianMephira,936,897,5rk1/5ppp/4pn2/pr6/1n2P3/1K2BBP1/1P5P/3R3R w - - 0 23,b8b5
31,EulerE,LianMephira,936,897,5rk1/5ppp/4pn2/pr6/Kn2P3/4BBP1/1P5P/3R3R b - - 1 23,b3a4
31,EulerE,LianMephira,936,897,1r3rk1/5ppp/4pn2/p7/Kn2P3/4BBP1/1P5P/3R3R w - - 2 24,b5b8
31,EulerE,LianMephira,936,897,1r3rk1/5ppp/4pn2/p3P3/Kn6/4BBP1/1P5P/3R3R b - - 0 24,e4e5
31,EulerE,LianMephira,936,897,1r3rk1/5ppp/4p3/p2nP3/Kn6/4BBP1/1P5P/3R3R w - - 1 25,f6d5
31,EulerE,LianMephira,936,897,1r3rk1/5ppp/4p3/p2BP3/Kn6/4B1P1/1P5P/3R3R b - - 0 25,f3d5
31,EulerE,LianMephira,936,897,1r3rk1/5ppp/4p3/p2nP3/K7/4B1P1/1P5P/3R3R w - - 0 26,b4d5
31,EulerE,LianMephira,936,897,1r3rk1/5ppp/4p3/p1BnP3/K7/6P1/1P5P/3R3R b - - 1 26,e3c5
31,EulerE,LianMephira,936,897,1rr3k1/5ppp/4p3/p1BnP3/K7/6P1/1P5P/3R3R w - - 2 27,f8c8
31,EulerE,LianMephira,936,897,1rr3k1/5ppp/4p3/p1BnP3/K7/6P1/1P5P/2R4R b - - 3 27,d1c1
31,EulerE,LianMephira,936,897,2r3k1/5ppp/4p3/p1BnP3/K7/6P1/1r5P/2R4R w - - 0 28,b8b2
31,EulerE,LianMephira,936,897,2r3k1/5ppp/4p3/p2nP3/K2B4/6P1/1r5P/2R4R b - - 1 28,c5d4
31,EulerE,LianMephira,936,897,2r3k1/5ppp/4p3/p2nP3/K2B4/6P1/r6P/2R4R w - - 2 29,b2a2
31,EulerE,LianMephira,936,897,2r3k1/5ppp/4p3/p2nP3/3B4/1K4P1/r6P/2R4R b - - 3 29,a4b3
31,EulerE,LianMephira,936,897,6k1/5ppp/4p3/p2nP3/3B4/1K4P1/r6P/2r4R w - - 0 30,c8c1
31,EulerE,LianMephira,936,897,6k1/5ppp/4p3/p2nP3/3B4/1K4P1/r6P/2R5 b - - 0 30,h1c1
31,EulerE,LianMephira,936,897,6k1/5pp1/4p2p/p2nP3/3B4/1K4P1/r6P/2R5 w - - 0 31,h7h6
31,EulerE,LianMephira,936,897,6k1/5pp1/4p2p/p2nP3/3B4/6P1/K6P/2R5 b - - 0 31,b3a2
31,EulerE,LianMephira,936,897,6k1/5p2/4p2p/p2nP1p1/3B4/6P1/K6P/2R5 w - - 0 32,g7g5
31,EulerE,LianMephira,936,897,6k1/5p2/4p2p/p1RnP1p1/3B4/6P1/K6P/8 b - - 1 32,c1c5
31,EulerE,LianMephira,936,897,6k1/5p2/4p2p/p1R1P1p1/1n1B4/6P1/K6P/8 w - - 2 33,d5b4
31,EulerE,LianMephira,936,897,6k1/5p2/4p2p/p1R1P1p1/1n1B4/1K4P1/7P/8 b - - 3 33,a2b3
31,EulerE,LianMephira,936,897,6k1/5p2/4p2p/p1R1P1p1/3B4/1K1n2P1/7P/8 w - - 4 34,b4d3
31,EulerE,LianMephira,936,897,6k1/5p2/4p2p/R3P1p1/3B4/1K1n2P1/7P/8 b - - 0 34,c5a5
31,EulerE,LianMephira,936,897,6k1/8/4p2p/R3Ppp1/3B4/1K1n2P1/7P/8 w - f6 0 35,f7f5
31,EulerE,LianMephira,936,897,6k1/8/4pP1p/R5p1/3B4/1K1n2P1/7P/8 b - - 0 35,e5f6
31,EulerE,LianMephira,936,897,6k1/8/5P1p/R3p1p1/3B4/1K1n2P1/7P/8 w - - 0 36,e6e5
31,EulerE,LianMephira,936,897,6k1/8/5P1p/R3B1p1/8/1K1n2P1/7P/8 b - - 0 36,d4e5
32,sl50,EulerE,873,926,rnbqkbnr/pppppppp/8/8/8/5N2/PPPPPPPP/RNBQKB1R b KQkq - 1 1,g1f3
32,sl50,EulerE,873,926,rnbqkbnr/ppp1pppp/8/3p4/8/5N2/PPPPPPPP/RNBQKB1R w KQkq - 0 2,d7d5
32,sl50,EulerE,873,926,rnbqkbnr/ppp1pppp/8/3p4/4P3/5N2/PPPP1PPP/RNBQKB1R b KQkq - 0 2,e2e4
32,sl50,EulerE,873,926,rnbqkbnr/ppp1pppp/8/8/4p3/5N2/PPPP1PPP/RNBQKB1R w KQkq - 0 3,d5e4
32,sl50,EulerE,873,926,rnbqkbnr/ppp1pppp/8/4N3/4p3/8/PPPP1PPP/RNBQKB1R b KQkq - 1 3,f3e5
32,sl50,EulerE,873,926,rnbqkb1r/ppp1pppp/5n2/4N3/4p3/8/PPPP1PPP/RNBQKB1R w KQkq - 2 4,g8f6
32,sl50,EulerE,873,926,rnbqkb1r/ppp1pppp/5n2/4N3/2B1p3/8/PPPP1PPP/RNBQK2R b KQkq - 3 4,f1c4
32,sl50,EulerE,873,926,rn1qkb1r/ppp1pppp/4bn2/4N3/2B1p3/8/PPPP1PPP/RNBQK2R w KQkq - 4 5,c8e6
32,sl50,EulerE,873,926,rn1qkb1r/ppp1pppp/4Bn2/4N3/4p3/8/PPPP1PPP/RNBQK2R b KQkq - 0 5,c4e6
32,sl50,EulerE,873,926,rn1qkb1r/ppp1p1pp/4pn2/4N3/4p3/8/PPPP1PPP/RNBQK2R w KQkq - 0 6,f7e6
32,sl50,EulerE,873,926,rn1qkb1r/ppp1p1pp/4pn2/4N3/4p3/8/PPPP1PPP/RNBQ1RK1 b kq - 1 6,e1g1
32,sl50,EulerE,873,926,r2qkb1r/ppp1p1pp/2n1pn2/4N3/4p3/8/PPPP1PPP/RNBQ1RK1 w kq - 2 7,b8c6
32,sl50,EulerE,873,926,r2qkb1r/ppp1p1pp/2N1pn2/8/4p3/8/PPPP1PPP/RNBQ1RK1 b kq - 0 7,e5c6
32,sl50,EulerE,873,926,r2qkb1r/p1p1p1pp/2p1pn2/8/4p3/8/PPPP1PPP/RNBQ1RK1 w kq - 0 8,b7c6
32,sl50,EulerE,873,926,r2qkb1r/p1p1p1pp/2p1pn2/8/4p3/3P4/PPP2PPP/RNBQ1RK1 b kq - 0 8,d2d3
32,sl50,EulerE,873,926,r2qkb1r/p1p1p1pp/2p1pn2/8/8/3p4/PPP2PPP/RNBQ1RK1 w kq - 0 9,e4d3
32,sl50,EulerE,873,926,r2qkb1r/p1p1p1pp/2p1pn2/8/8/3Q4/PPP2PPP/RNB2RK1 b kq - 0 9,d1d3
32,sl50,EulerE,873,926,r3kb1r/p1p1p1pp/2p1pn2/8/8/3q4/PPP2PPP/RNB2RK1 w kq - 0 10,d8d3
32,sl50,EulerE,873,926,r3kb1r/p1p1p1pp/2p1pn2/8/8/3P4/PP3PPP/RNB2RK1 b kq - 0 10,c2d3
32,sl50,EulerE,873,926,r3kb1r/p1p1p1pp/2p2n2/4p3/8/3P4/PP3PPP/RNB2RK1 w kq - 0 11,e6e5
32,sl50,EulerE,873,926,r3kb1r/p1p1p1pp/2p2n2/4p3/8/2NP4/PP3PPP/R1B2RK1 b kq - 1 11,b1c3
32,sl50,EulerE,873,926,r3kb1r/p1p1p1pp/2p2n2/8/4p3/2NP4/PP3PPP/R1B2RK1 w kq - 0 12,e5e4
32,sl50,EulerE,873,926,r3kb1r/p1p1p1pp/2p2n2/8/4P3/2N5/PP3PPP/R1B2RK1 b kq - 0 12,d3e4
32,sl50,EulerE,873,926,r3kb1r/p1p3pp/2p2n2/4p3/4P3/2N5/PP3PPP/R1B2RK1 w kq - 0 13,e7e5
32,sl50,EulerE,873,926,r3kb1r/p1p3pp/2p2n2/4p1B1/4P3/2N5/PP3PPP/R4RK1 b kq - 1 13,c1g5
32,sl50,EulerE,873,926,r3k2r/p1p1b1pp/2p2n2/4p1B1/4P3/2N5/PP3PPP/R4RK1 w kq - 2 14,f8e7
32,sl50,EulerE,873,926,r3k2r/p1p1b1pp/2p2n2/4p1B1/1P2P3/2N5/P4PPP/R4RK1 b kq - 0 14,b2b4
32,sl50,EulerE,873,926,r3k2r/p1p3pp/2p2n2/4p1B1/1b2P3/2N5/P4PPP/R4RK1 w kq - 0 15,e7b4
32,sl50,EulerE,873,926,r3k2r/p1p3pp/2p2B2/4p3/1b2P3/2N5/P4PPP/R4RK1 b kq - 0 15,g5f6
32,sl50,EulerE,873,926,r3k2r/p1p4p/2p2p2/4p3/1b2P3/2N5/P4PPP/R4RK1 w kq - 0 16,g7f6
32,sl50,EulerE,873,926,r3k2r/p1p4p/2p2p2/4p3/Nb2P3/8/P4PPP/R4RK1 b kq - 1 16,c3a4
32,sl50,EulerE,873,926,r3k2r/p1p4p/5p2/2p1p3/Nb2P3/8/P4PPP/R4RK1 w kq - 0 17,c6c5
32,sl50,EulerE,873,926,r3k2r/p1p4p/5p2/2p1p3/Nb2P3/8/P4PPP/2R2RK1 b kq - 1 17,a1c1
32,sl50,EulerE,873,926,r3k2r/p1p4p/5p2/2p1p3/N3P3/b7/P4PPP/2R2RK1 w kq - 2 18,b4a3
32,sl50,EulerE,873,926,r3k2r/p1p4p/5p2/2p1p3/N3P3/b7/P1R2PPP/5RK1 b kq - 3 18,c1c2
32,sl50,EulerE,873,926,1r2k2r/p1p4p/5p2/2p1p3/N3P3/b7/P1R2PPP/5RK1 w k - 4 19,a8b8
32,sl50,EulerE,873,926,1r2k2r/p1p4p/5p2/2N1p3/4P3/b7/P1R2PPP/5RK1 b k - 0 19,a4c5
32,sl50,EulerE,873,926,1r2k2r/p1p4p/5p2/2b1p3/4P3/8/P1R2PPP/5RK1 w k - 0 20,a3c5
32,sl50,EulerE,873,926,1r2k2r/p1p4p/5p2/2R1p3/4P3/8/P4PPP/5RK1 b k - 0 20,c2c5
32,sl50,EulerE,873,926,1r5r/p1pk3p/5p2/2R1p3/4P3/8/P4PPP/5RK1 w - - 1 21,e8d7
32,sl50,EulerE,873,926,1r5r/p1pk3p/5p2/2R1p3/4P3/8/P4PPP/3R2K1 b - - 2 21,f1d1
32,sl50,EulerE,873,926,1rk4r/p1p4p/5p2/2R1p3/4P3/8/P4PPP/3R2K1 w - - 3 22,d7c8
32,sl50,EulerE,873,926,1rk4r/p1p4p/5p2/2R1p3/4P3/7P/P4PP1/3R2K1 b - - 0 22,h2h3
32,sl50,EulerE,873,926,1rkr4/p1p4p/5p2/2R1p3/4P3/7P/P4PP1/3R2K1 w - - 1 23,h8d8
32,sl50,EulerE,873,926,1rkR4/p1p4p/5p2/2R1p3/4P3/7P/P4PP1/6K1 b - - 0 23,d1d8
32,sl50,EulerE,873,926,1r1k4/p1p4p/5p2/2R1p3/4P3/7P/P4PP1/6K1 w - - 0 24,c8d8
32,sl50,EulerE,873,926,1r1k4/p1p4p/5p2/3Rp3/4P3/7P/P4PP1/6K1 b - - 1 24,c5d5
32,sl50,EulerE,873,926,1rk5/p1p4p/5p2/3Rp3/4P3/7P/P4PP1/6K1 w - - 2 25,d8c8
32,sl50,EulerE,873,926,1rk5/p1p4p/5p2/3Rp3/4P3/6PP/P4P2/6K1 b - - 0 25,g2g3
32,sl50,EulerE,873,926,2k5/prp4p/5p2/3Rp3/4P3/6PP/P4P2/6K1 w - - 1 26,b8b7
32,sl50,EulerE,873,926,2k5/prp4p/5p2/3Rp3/4PP2/6PP/P7/6K1 b - - 0 26,f2f4
32,sl50,EulerE,873,926,2k5/prp4p/5p2/3R4/4Pp2/6PP/P7/6K1 w - - 0 27,e5f4
32,sl50,EulerE,873,926,2k5/prp4p/5p2/3R4/4PP2/7P/P7/6K1 b - - 0 27,g3f4
32,sl50,EulerE,873,926,2k5/pr5p/2p2p2/3R4/4PP2/7P/P7/6K1 w - - 0 28,c7c6
32,sl50,EulerE,873,926,2k5/pr5p/2pR1p2/8/4PP2/7P/P7/6K1 b - - 1 28,d5d6
32,sl50,EulerE,873,926,2k5/pr5p/3R1p2/2p5/4PP2/7P/P7/6K1 w - - 0 29,c6c5
32,sl50,EulerE,873,926,2k5/pr5p/5R2/2p5/4PP2/7P/P7/6K1 b - - 0 29,d6f6
32,sl50,EulerE,873,926,2k5/pr5p/5R2/8/2p1PP2/7P/P7/6K1 w - - 0 30,c5c4
32,sl50,EulerE,873,926,2k2R2/pr5p/8/8/2p1PP2/7P/P7/6K1 b - - 1 30,f6f8
32,sl50,EulerE,873,926,5R2/pr1k3p/8/8/2p1PP2/7P/P7/6K1 w - - 2 31,c8d7
32,sl50,EulerE,873,926,8/pr1k1R1p/8/8/2p1PP2/7P/P7/6K1 b - - 3 31,f8f7
32,sl50,EulerE,873,926,2k5/pr3R1p/8/8/2p1PP2/7P/P7/6K1 w - - 4 32,d7c8
32,sl50,EulerE,873,926,2k5/pR5p/8/8/2p1PP2/7P/P7/6K1 b - - 0 32,f7b7
32,sl50,EulerE,873,926,8/pk5p/8/8/2p1PP2/7P/P7/6K1 w - - 0 33,c8b7
32,sl50,EulerE,873,926,8/pk5p/8/8/2p1PP2/7P/P7/5K2 b - - 1 33,g1f1
32,sl50,EulerE,873,926,8/pk5p/8/8/4PP2/2p4P/P7/5K2 w - - 0 34,c4c3
32,sl50,EulerE,873,926,8/pk5p/8/8/4PP2/2p4P/P7/4K3 b - - 1 34,f1e1
32,sl50,EulerE,873,926,8/p6p/2k5/8/4PP2/2p4P/P7/4K3 w - - 2 35,b7c6
32,sl50,EulerE,873,926,8/p6p/2k5/8/4PP2/2p4P/P7/3K4 b - - 3 35,e1d1
32,sl50,EulerE,873,926,8/p6p/8/2k5/4PP2/2p4P/P7/3K4 w - - 4 36,c6c5
32,sl50,EulerE,873,926,8/p6p/8/2k5/4PP2/2p4P/P1K5/8 b - - 5 36,d1c2
32,sl50,EulerE,873,926,8/p6p/8/8/3kPP2/2p4P/P1K5/8 w - - 6 37,c5d4
32,sl50,EulerE,873,926,8/p6p/8/5P2/3kP3/2p4P/P1K5/8 b - - 0 37,f4f5
32,sl50,EulerE,873,926,8/p6p/8/5P2/4k3/2p4P/P1K5/8 w - - 0 38,d4e4
32,sl50,EulerE,873,926,8/p6p/5P2/8/4k3/2p4P/P1K5/8 b - - 0 38,f5f6
32,sl50,EulerE,873,926,8/p6p/5P2/4k3/8/2p4P/P1K5/8 w - - 1 39,e4e5
32,sl50,EulerE,873,926,8/p4P1p/8/4k3/8/2p4P/P1K5/8 b - - 0 39,f6f7
32,sl50,EulerE,873,926,8/p4P1p/8/8/3k4/2p4P/P1K5/8 w - - 1 40,e5d4
32,sl50,EulerE,873,926,5Q2/p6p/8/8/3k4/2p4P/P1K5/8 b - - 0 40,f7f8q
32,sl50,EulerE,873,926,5Q2/p7/8/7p/3k4/2p4P/P1K5/8 w - - 0 41,h7h5
32,sl50,EulerE,873,926,7Q/p7/8/7p/3k4/2p4P/P1K5/8 b - - 1 41,f8h8
32,sl50,EulerE,873,926,7Q/p7/8/7p/2k5/2p4P/P1K5/8 w - - 2 42,d4c4
32,sl50,EulerE,873,926,8/p7/8/7Q/2k5/2p4P/P1K5/8 b - - 0 42,h8h5
32,sl50,EulerE,873,926,8/8/8/p6Q/2k5/2p4P/P1K5/8 w - - 0 43,a7a5
32,sl50,EulerE,873,926,8/8/8/p7/2k3Q1/2p4P/P1K5/8 b - - 1 43,h5g4
32,sl50,EulerE,873,926,8/8/8/p1k5/6Q1/2p4P/P1K5/8 w - - 2 44,c4c5
32,sl50,EulerE,873,926,8/8/8/p1k5/6QP/2p5/P1K5/8 b - - 0 44,h3h4
32,sl50,EulerE,873,926,8/8/8/p2k4/6QP/2p5/P1K5/8 w - - 1 45,c5d5
32,sl50,EulerE,873,926,8/8/8/p2k3P/6Q1/2p5/P1K5/8 b - - 0 45,h4h5
32,sl50,EulerE,873,926,8/8/3k4/p6P/6Q1/2p5/P1K5/8 w - - 1 46,d5d6
32,sl50,EulerE,873,926,8/8/3k3P/p7/6Q1/2p5/P1K5/8 b - - 0 46,h5h6
32,sl50,EulerE,873,926,8/4k3/7P/p7/6Q1/2p5/P1K5/8 w - - 1 47,d6e7
32,sl50,EulerE,873,926,8/4k2P/8/p7/6Q1/2p5/P1K5/8 b - - 0 47,h6h7
32,sl50,EulerE,873,926,8/5k1P/8/p7/6Q1/2p5/P1K5/8 w - - 1 48,e7f7
32,sl50,EulerE,873,926,7Q/5k2/8/p7/6Q1/2p5/P1K5/8 b - - 0 48,h7h8q
33,SophiestSophia4492,EulerE,914,934,rnbqkbnr/pppppppp/8/8/4P3/8/PPPP1PPP/RNBQKBNR b KQkq - 0 1,e2e4
33,SophiestSophia4492,EulerE,914,934,rnbqkbnr/pppp1ppp/8/4p3/4P3/8/PPPP1PPP/RNBQKBNR w KQkq - 0 2,e7e5
33,SophiestSophia4492,EulerE,914,934,rnbqkbnr/pppp1ppp/8/4p3/4P3/2N5/PPPP1PPP/R1BQKBNR b KQkq - 1 2,b1c3
33,SophiestSophia4492,EulerE,914,934,rnbqkbnr/pppp1p1p/6p1/4p3/4P3/2N5/PPPP1PPP/R1BQKBNR w KQkq - 0 3,g7g6
33,SophiestSophia4492,EulerE,914,934,rnbqkbnr/pppp1p1p/6p1/4p3/4PP2/2N5/PPPP2PP/R1BQKBNR b KQkq - 0 3,f2f4
33,SophiestSophia4492,EulerE,914,934,rnbqk1nr/pppp1pbp/6p1/4p3/4PP2/2N5/PPPP2PP/R1BQKBNR w KQkq - 1 4,f8g7
33,SophiestSophia4492,EulerE,914,934,rnbqk1nr/pppp1pbp/6p1/4P3/4P3/2N5/PPPP2PP/R1BQKBNR b KQkq - 0 4,f4e5
33,SophiestSophia4492,EulerE,914,934,rnbqk1nr/pppp1p1p/6p1/4b3/4P3/2N5/PPPP2PP/R1BQKBNR w KQkq - 0 5,g7e5
33,SophiestSophia4492,EulerE,914,934,rnbqk1nr/pppp1p1p/6p1/4b3/4P3/2N2N2/PPPP2PP/R1BQKB1R b KQkq - 1 5,g1f3
33,SophiestSophia4492,EulerE,914,934,rnbqk1nr/pppp1pbp/6p1/8/4P3/2N2N2/PPPP2PP/R1BQKB1R w KQkq - 2 6,e5g7
33,SophiestSophia4492,EulerE,914,934,rnbqk1nr/pppp1pbp/6p1/8/3PP3/2N2N2/PPP3PP/R1BQKB1R b KQkq - 0 6,d2d4
33,SophiestSophia4492,EulerE,914,934,r1bqk1nr/pppp1pbp/2n3p1/8/3PP3/2N2N2/PPP3PP/R1BQKB1R w KQkq - 1 7,b8c6
33,SophiestSophia4492,EulerE,914,934,r1bqk1nr/pppp1pbp/2n3p1/8/3PP3/2N1BN2/PPP3PP/R2QKB1R b KQkq - 2 7,c1e3
33,SophiestSophia4492,EulerE,914,934,r1bqk2r/pppp1pbp/2n2np1/8/3PP3/2N1BN2/PPP3PP/R2QKB1R w KQkq - 3 8,g8f6
33,SophiestSophia4492,EulerE,914,934,r1bqk2r/pppp1pbp/2n2np1/1B6/3PP3/2N1BN2/PPP3PP/R2QK2R b KQkq - 4 8,f1b5
33,SophiestSophia4492,EulerE,914,934,r1bqk2r/ppp2pbp/2n2np1/1B1p4/3PP3/2N1BN2/PPP3PP/R2QK2R w KQkq - 0 9,d7d5
33,SophiestSophia4492,EulerE,914,934,r1bqk2r/ppp2pbp/2n2np1/1B1pP3/3P4/2N1BN2/PPP3PP/R2QK2R b KQkq - 0 9,e4e5
33,SophiestSophia4492,EulerE,914,934,r1bqk2r/ppp2pbp/2n3p1/1B1pP3/3Pn3/2N1BN2/PPP3PP/R2QK2R w KQkq - 1 10,f6e4
33,SophiestSophia4492,EulerE,914,934,r1bqk2r/ppp2pbp/2n3p1/1B1pP3/3PN3/4BN2/PPP3PP/R2QK2R b KQkq - 0 10,c3e4
33,SophiestSophia4492,EulerE,914,934,r1bqk2r/ppp2pbp/2n3p1/1B2P3/3Pp3/4BN2/PPP3PP/R2QK2R w KQkq - 0 11,d5e4
33,SophiestSophia4492,EulerE,914,934,r1bqk2r/ppp2pbp/2n3p1/1B2P3/3Pp3/4B3/PPPN2PP/R2QK2R b KQkq - 1 11,f3d2
33,SophiestSophia4492,EulerE,914,934,r1bqk2r/1pp2pbp/p1n3p1/1B2P3/3Pp3/4B3/PPPN2PP/R2QK2R w KQkq - 0 12,a7a6
33,SophiestSophia4492,EulerE,914,934,r1bqk2r/1pp2pbp/p1n3p1/4P3/2BPp3/4B3/PPPN2PP/R2QK2R b KQkq - 1 12,b5c4
33,SophiestSophia4492,EulerE,914,934,r2qk2r/1pp2pbp/p1n3p1/4Pb2/2BPp3/4B3/PPPN2PP/R2QK2R w KQkq - 2 13,c8f5
33,SophiestSophia4492,EulerE,914,934,r2qk2r/1pp2pbp/p1n3p1/4Pb2/2BPp3/4B3/PPPN2PP/R2Q1RK1 b kq - 3 13,e1g1
33,SophiestSophia4492,EulerE,914,934,r2q1rk1/1pp2pbp/p1n3p1/4Pb2/2BPp3/4B3/PPPN2PP/R2Q1RK1 w - - 4 14,e8g8
33,SophiestSophia4492,EulerE,914,934,r2q1rk1/1pp2pbp/p1n3p1/4Pb2/2BPp3/P3B3/1PPN2PP/R2Q1RK1 b - - 0 14,a2a3
33,SophiestSophia4492,EulerE,914,934,r2q1rk1/1pp2pbp/p5p1/4Pb2/2Bnp3/P3B3/1PPN2PP/R2Q1RK1 w - - 0 15,c6d4
33,SophiestSophia4492,EulerE,914,934,r2q1rk1/1pp2pbp/p5p1/4Pb2/2BBp3/P7/1PPN2PP/R2Q1RK1 b - - 0 15,e3d4
33,SophiestSophia4492,EulerE,914,934,r4rk1/1pp2pbp/p5p1/4Pb2/2Bqp3/P7/1PPN2PP/R2Q1RK1 w - - 0 16,d8d4
33,SophiestSophia4492,EulerE,914,934,r4rk1/1pp2pbp/p5p1/4Pb2/2Bqp3/P7/1PPN2PP/R2Q1R1K b - - 1 16,g1h1
33,SophiestSophia4492,EulerE,914,934,r4rk1/1pp2pbp/p5p1/4Pb2/2Bq4/P3p3/1PPN2PP/R2Q1R1K w - - 0 17,e4e3
33,SophiestSophia4492,EulerE,914,934,r4rk1/1pp2pbp/p5p1/4Pb2/2Bq4/P1P1p3/1P1N2PP/R2Q1R1K b - - 0 17,c2c3
33,SophiestSophia4492,EulerE,914,934,r4rk1/1pp2pbp/p5p1/4Pb2/2B5/P1P1p3/1P1q2PP/R2Q1R1K w - - 0 18,d4d2
33,SophiestSophia4492,EulerE,914,934,r4rk1/1pp2pbp/p5p1/4Pb2/2B5/P1P1p3/1P1Q2PP/R4R1K b - - 0 18,d1d2
33,SophiestSophia4492,EulerE,914,934,r4rk1/1pp2pbp/p5p1/4Pb2/2B5/P1P5/1P1p2PP/R4R1K w - - 0 19,e3d2
33,SophiestSophia4492,EulerE,914,934,r4rk1/1pp2pbp/p5p1/4Pb2/2B5/P1P5/1P1p2PP/R2R3K b - - 1 19,f1d1
33,SophiestSophia4492,EulerE,914,934,r4rk1/1pp2p1p/p5pb/4Pb2/2B5/P1P5/1P1p2PP/R2R3K w - - 2 20,g7h6
33,SophiestSophia4492,EulerE,914,934,r4rk1/1pp2p1p/p5pb/4Pb2/1PB5/P1P5/3p2PP/R2R3K b - - 0 20,b2b4
33,SophiestSophia4492,EulerE,914,934,r4rk1/1pp2p1p/p5pb/4P3/1PB3b1/P1P5/3p2PP/R2R3K w - - 1 21,f5g4
33,SophiestSophia4492,EulerE,914,934,r4rk1/1pp2p1p/p5pb/4P3/1PB3b1/P1P5/3p2PP/RR5K b - - 2 21,d1b1
33,SophiestSophia4492,EulerE,914,934,3r1rk1/1pp2p1p/p5pb/4P3/1PB3b1/P1P5/3p2PP/RR5K w - - 3 22,a8d8
33,SophiestSophia4492,EulerE,914,934,3r1rk1/1pp2p1p/p5pb/4P3/1P4b1/PBP5/3p2PP/RR5K b - - 4 22,c4b3
33,SophiestSophia4492,EulerE,914,934,3rr1k1/1pp2p1p/p5pb/4P3/1P4b1/PBP5/3p2PP/RR5K w - - 5 23,f8e8
33,SophiestSophia4492,EulerE,914,934,3rr1k1/1pp2p1p/p5pb/4P3/1P4b1/P1P5/3p2PP/RR1B3K b - - 6 23,b3d1
33,SophiestSophia4492,EulerE,914,934,3rr1k1/1pp2p1p/p5pb/4P3/1P6/P1P5/3p2PP/RR1b3K w - - 0 24,g4d1
33,SophiestSophia4492,EulerE,914,934,3rr1k1/1pp2p1p/p5pb/4P3/1P6/P1P5/3p2PP/R2R3K b - - 0 24,b1d1
33,SophiestSophia4492,EulerE,914,934,3r2k1/1pp2p1p/p5pb/4r3/1P6/P1P5/3p2PP/R2R3K w - - 0 25,e8e5
33,SophiestSophia4492,EulerE,914,934,3r2k1/1pp2p1p/p5pb/4r3/1PP5/P7/3p2PP/R2R3K b - - 0 25,c3c4
33,SophiestSophia4492,EulerE,914,934,4r1k1/1pp2p1p/p5pb/4r3/1PP5/P7/3p2PP/R2R3K w - - 1 26,d8e8
33,SophiestSophia4492,EulerE,914,934,4r1k1/1pp2p1p/p5pb/4r3/1PP5/P6P/3p2P1/R2R3K b - - 0 26,h2h3
33,SophiestSophia4492,EulerE,914,934,4r1k1/1pp2p1p/p5pb/8/1PP5/P6P/3p2P1/R2Rr2K w - - 1 27,e5e1
33,SophiestSophia4492,EulerE,914,934,4r1k1/1pp2p1p/p5pb/8/1PP5/P6P/3p2P1/R3R2K b - - 0 27,d1e1
33,SophiestSophia4492,EulerE,914,934,6k1/1pp2p1p/p5pb/8/1PP5/P6P/3p2P1/R3r2K w - - 0 28,e8e1
33,SophiestSophia4492,EulerE,914,934,6k1/1pp2p1p/p5pb/8/1PP5/P6P/3p2P1/4R2K b - - 0 28,a1e1
33,SophiestSophia4492,EulerE,914,934,6k1/1pp2p1p/p5pb/8/1PP5/P6P/6P1/4q2K w - - 0 29,d2e1q
33,SophiestSophia4492,EulerE,914,934,6k1/1pp2p1p/p5pb/8/1PP5/P6P/6PK/4q3 b - - 1 29,h1h2
33,SophiestSophia4492,EulerE,914,934,6k1/1pp2p1p/p5p1/8/1PP2b2/P6P/6PK/4q3 w - - 2 30,h6f4
33,SophiestSophia4492,EulerE,914,934,6k1/1pp2p1p/p5p1/8/1PP2b2/P5PP/7K/4q3 b - - 0 30,g2g3
33,SophiestSophia4492,EulerE,914,934,6k1/1pp2p1p/p5p1/8/1PP2b2/P5qP/7K/8 w - - 0 31,e1g3
33,SophiestSophia4492,EulerE,914,934,6k1/1pp2p1p/p5p1/8/1PP2b2/P5qP/8/7K b - - 1 31,h2h1
33,SophiestSophia4492,EulerE,914,934,6k1/1pp2p1p/p5p1/8/1PP2b2/P6q/8/7K w - - 0 32,g3h3
33,SophiestSophia4492,EulerE,914,934,6k1/1pp2p1p/p5p1/8/1PP2b2/P6q/8/6K1 b - - 1 32,h1g1
33,SophiestSophia4492,EulerE,914,934,6k1/1pp2p1p/p5p1/8/1PP5/P3b2q/8/6K1 w - - 2 33,f4e3
34,EulerE,alex7020,927,985,rnbqkbnr/pppppppp/8/8/3P4/8/PPP1PPPP/RNBQKBNR b KQkq - 0 1,d2d4
34,EulerE,alex7020,927,985,r1bqkbnr/pppppppp/2n5/8/3P4/8/PPP1PPPP/RNBQKBNR w KQkq - 1 2,b8c6
34,EulerE,alex7020,927,985,r1bqkbnr/pppppppp/2n5/8/3P4/5N2/PPP1PPPP/RNBQKB1R b KQkq - 2 2,g1f3
34,EulerE,alex7020,927,985,r1bqkbnr/ppp1pppp/2n5/3p4/3P4/5N2/PPP1PPPP/RNBQKB1R w KQkq - 0 3,d7d5
34,EulerE,alex7020,927,985,r1bqkbnr/ppp1pppp/2n5/3p4/3P4/5NP1/PPP1PP1P/RNBQKB1R b KQkq - 0 3,g2g3
34,EulerE,alex7020,927,985,r1bqkbnr/ppp1pp1p/2n3p1/3p4/3P4/5NP1/PPP1PP1P/RNBQKB1R w KQkq - 0 4,g7g6
34,EulerE,alex7020,927,985,r1bqkbnr/ppp1pp1p/2n3p1/3p4/3P4/5NP1/PPP1PPBP/RNBQK2R b KQkq - 1 4,f1g2
34,EulerE,alex7020,927,985,r1bqk1nr/ppp1ppbp/2n3p1/3p4/3P4/5NP1/PPP1PPBP/RNBQK2R w KQkq - 2 5,f8g7
34,EulerE,alex7020,927,985,r1bqk1nr/ppp1ppbp/2n3p1/3p4/3P4/5NP1/PPP1PPBP/RNBQ1RK1 b kq - 3 5,e1g1
34,EulerE,alex7020,927,985,r1bqk2r/ppp1ppbp/2n2np1/3p4/3P4/5NP1/PPP1PPBP/RNBQ1RK1 w kq - 4 6,g8f6
34,EulerE,alex7020,927,985,r1bqk2r/ppp1ppbp/2n2np1/3pN3/3P4/6P1/PPP1PPBP/RNBQ1RK1 b kq - 5 6,f3e5
34,EulerE,alex7020,927,985,r1bqk2r/ppp1ppbp/5np1/3pn3/3P4/6P1/PPP1PPBP/RNBQ1RK1 w kq - 0 7,c6e5
34,EulerE,alex7020,927,985,r1bqk2r/ppp1ppbp/5np1/3pP3/8/6P1/PPP1PPBP/RNBQ1RK1 b kq - 0 7,d4e5
34,EulerE,alex7020,927,985,r1bqk2r/pppnppbp/6p1/3pP3/8/6P1/PPP1PPBP/RNBQ1RK1 w kq - 1 8,f6d7
34,EulerE,alex7020,927,985,r1bqk2r/pppnppbp/6p1/3BP3/8/6P1/PPP1PP1P/RNBQ1RK1 b kq - 0 8,g2d5
34,EulerE,alex7020,927,985,r1bqk2r/pppn1pbp/4p1p1/3BP3/8/6P1/PPP1PP1P/RNBQ1RK1 w kq - 0 9,e7e6
34,EulerE,alex7020,927,985,r1bqk2r/pppn1pbp/4p1p1/4P3/8/6P1/PPP1PPBP/RNBQ1RK1 b kq - 1 9,d5g2
34,EulerE,alex7020,927,985,r1bqk2r/ppp2pbp/4p1p1/4n3/8/6P1/PPP1PPBP/RNBQ1RK1 w kq - 0 10,d7e5
34,EulerE,alex7020,927,985,r1bQk2r/ppp2pbp/4p1p1/4n3/8/6P1/PPP1PPBP/RNB2RK1 b kq - 0 10,d1d8
34,EulerE,alex7020,927,985,r1bk3r/ppp2pbp/4p1p1/4n3/8/6P1/PPP1PPBP/RNB2RK1 w - - 0 11,e8d8
34,EulerE,alex7020,927,985,r1bk3r/ppp2pbp/4p1p1/4n3/8/6P1/PPP1PPBP/RNBR2K1 b - - 1 11,f1d1
34,EulerE,alex7020,927,985,r2k3r/pppb1pbp/4p1p1/4n3/8/6P1/PPP1PPBP/RNBR2K1 w - - 2 12,c8d7
34,EulerE,alex7020,927,985,r2k3r/pppb1pbp/4p1p1/4n3/8/2N3P1/PPP1PPBP/R1BR2K1 b - - 3 12,b1c3
34,EulerE,alex7020,927,985,r2k3r/pp1b1pbp/2p1p1p1/4n3/8/2N3P1/PPP1PPBP/R1BR2K1 w - - 0 13,c7c6
34,EulerE,alex7020,927,985,r2k3r/pp1b1pbp/2p1p1p1/4n3/5B2/2N3P1/PPP1PPBP/R2R2K1 b - - 1 13,c1f4
34,EulerE,alex7020,927,985,r2k3r/pp1b1pbp/2p1p1p1/8/2n2B2/2N3P1/PPP1PPBP/R2R2K1 w - - 2 14,e5c4
34,EulerE,alex7020,927,985,r2k3r/pp1b1pbp/2p1p1p1/8/2n2B2/1PN3P1/P1P1PPBP/R2R2K1 b - - 0 14,b2b3
34,EulerE,alex7020,927,985,r2k3r/pp1b1pbp/2p1p1p1/8/5B2/1PN3P1/PnP1PPBP/R2R2K1 w - - 1 15,c4b2
34,EulerE,alex7020,927,985,r2k3r/pp1b1pbp/2p1p1p1/8/5B2/1PN3P1/PnP1PPBP/RR4K1 b - - 2 15,d1b1
34,EulerE,alex7020,927,985,r2k3r/pp1b1p1p/2p1p1p1/8/5B2/1Pb3P1/PnP1PPBP/RR4K1 w - - 0 16,g7c3
34,EulerE,alex7020,927,985,r2k3r/pp1b1p1p/2p1p1p1/6B1/8/1Pb3P1/PnP1PPBP/RR4K1 b - - 1 16,f4g5
34,EulerE,alex7020,927,985,r3k2r/pp1b1p1p/2p1p1p1/6B1/8/1Pb3P1/PnP1PPBP/RR4K1 w - - 2 17,d8e8
34,EulerE,alex7020,927,985,r3k2r/pp1b1p1p/2p1p1p1/6B1/6P1/1Pb5/PnP1PPBP/RR4K1 b - - 0 17,g3g4
35,EulerE,agroth2,919,946,rnbqkbnr/pppppppp/8/8/3P4/8/PPP1PPPP/RNBQKBNR b KQkq - 0 1,d2d4
35,EulerE,agroth2,919,946,rnbqkbnr/ppp1pppp/8/3p4/3P4/8/PPP1PPPP/RNBQKBNR w KQkq - 0 2,d7d5
35,EulerE,agroth2,919,946,rnbqkbnr/ppp1pppp/8/3p4/2PP4/8/PP2PPPP/RNBQKBNR b KQkq - 0 2,c2c4
35,EulerE,agroth2,919,946,rnbqkb1r/ppp1pppp/5n2/3p4/2PP4/8/PP2PPPP/RNBQKBNR w KQkq - 1 3,g8f6
35,EulerE,agroth2,919,946,rnbqkb1r/ppp1pppp/5n2/3p4/2PP4/2N5/PP2PPPP/R1BQKBNR b KQkq - 2 3,b1c3
35,EulerE,agroth2,919,946,rnbqkb1r/ppp2ppp/4pn2/3p4/2PP4/2N5/PP2PPPP/R1BQKBNR w KQkq - 0 4,e7e6
35,EulerE,agroth2,919,946,rnbqkb1r/ppp2ppp/4pn2/3p2B1/2PP4/2N5/PP2PPPP/R2QKBNR b KQkq - 1 4,c1g5
35,EulerE,agroth2,919,946,rnbqkb1r/pp3ppp/2p1pn2/3p2B1/2PP4/2N5/PP2PPPP/R2QKBNR w KQkq - 0 5,c7c6
35,EulerE,agroth2,919,946,rnbqkb1r/pp3ppp/2p1pn2/2Pp2B1/3P4/2N5/PP2PPPP/R2QKBNR b KQkq - 0 5,c4c5
35,EulerE,agroth2,919,946,r1bqkb1r/pp1n1ppp/2p1pn2/2Pp2B1/3P4/2N5/PP2PPPP/R2QKBNR w KQkq - 1 6,b8d7
35,EulerE,agroth2,919,946,r1bqkb1r/pp1n1ppp/2p1pn2/2Pp2B1/3P4/2N2P2/PP2P1PP/R2QKBNR b KQkq - 0 6,f2f3
35,EulerE,agroth2,919,946,r1bqkb1r/pp1n1pp1/2p1pn1p/2Pp2B1/3P4/2N2P2/PP2P1PP/R2QKBNR w KQkq - 0 7,h7h6
35,EulerE,agroth2,919,946,r1bqkb1r/pp1n1pp1/2p1pn1p/2Pp4/3P3B/2N2P2/PP2P1PP/R2QKBNR b KQkq - 1 7,g5h4
35,EulerE,agroth2,919,946,r1bqkb1r/pp1n1p2/2p1pn1p/2Pp2p1/3P3B/2N2P2/PP2P1PP/R2QKBNR w KQkq - 0 8,g7g5
35,EulerE,agroth2,919,946,r1bqkb1r/pp1n1p2/2p1pn1p/2Pp2p1/3P4/2N2PB1/PP2P1PP/R2QKBNR b KQkq - 1 8,h4g3
35,EulerE,agroth2,919,946,r1bqkb1r/pp1n1p2/2p1p2p/2Pp2pn/3P4/2N2PB1/PP2P1PP/R2QKBNR w KQkq - 2 9,f6h5
35,EulerE,agroth2,919,946,r1bqkb1r/pp1n1p2/2p1p2p/2PpB1pn/3P4/2N2P2/PP2P1PP/R2QKBNR b KQkq - 3 9,g3e5
35,EulerE,agroth2,919,946,r1bqkb1r/pp1n4/2p1pp1p/2PpB1pn/3P4/2N2P2/PP2P1PP/R2QKBNR w KQkq - 0 10,f7f6
35,EulerE,agroth2,919,946,r1bqkb1r/pp1n4/2pBpp1p/2Pp2pn/3P4/2N2P2/PP2P1PP/R2QKBNR b KQkq - 1 10,e5d6
35,EulerE,agroth2,919,946,r1bqk2r/pp1n4/2pbpp1p/2Pp2pn/3P4/2N2P2/PP2P1PP/R2QKBNR w KQkq - 0 11,f8d6
35,EulerE,agroth2,919,946,r1bqk2r/pp1n4/2pPpp1p/3p2pn/3P4/2N2P2/PP2P1PP/R2QKBNR b KQkq - 0 11,c5d6
35,EulerE,agroth2,919,946,r1bqk2r/pp1n4/2pP1p1p/3pp1pn/3P4/2N2P2/PP2P1PP/R2QKBNR w KQkq - 0 12,e6e5
35,EulerE,agroth2,919,946,r1bqk2r/pp1n4/2pP1p1p/3pp1pn/3PP3/2N2P2/PP4PP/R2QKBNR b KQkq - 0 12,e2e4
35,EulerE,agroth2,919,946,r1bqk2r/pp1n4/2pP1p1p/3pp1p1/3PPn2/2N2P2/PP4PP/R2QKBNR w KQkq - 1 13,h5f4
35,EulerE,agroth2,919,946,r1bqk2r/pp1n4/2pP1p1p/3pP1p1/4Pn2/2N2P2/PP4PP/R2QKBNR b KQkq - 0 13,d4e5
35,EulerE,agroth2,919,946,r1bqk2r/pp1n4/2pP3p/3pp1p1/4Pn2/2N2P2/PP4PP/R2QKBNR w KQkq - 0 14,f6e5
35,EulerE,agroth2,919,946,r1bqk2r/pp1n4/2pP3p/3Pp1p1/5n2/2N2P2/PP4PP/R2QKBNR b KQkq - 0 14,e4d5
35,EulerE,agroth2,919,946,r1bqk2r/pp1n4/2pP3p/3Pp1p1/8/2N2P2/PP4nP/R2QKBNR w KQkq - 0 15,f4g2
35,EulerE,agroth2,919,946,r1bqk2r/pp1n4/2pP3p/3Pp1p1/8/2N2P2/PP4BP/R2QK1NR b KQkq - 0 15,f1g2
35,EulerE,agroth2,919,946,r1b1k2r/pp1n4/2pP3p/q2Pp1p1/8/2N2P2/PP4BP/R2QK1NR w KQkq - 1 16,d8a5
35,EulerE,agroth2,919,946,r1b1k2r/pp1n4/2pP3p/q2Pp1p1/5P2/2N5/PP4BP/R2QK1NR b KQkq - 0 16,f3f4
35,EulerE,agroth2,919,946,r1b1k2r/pp1n4/2pP3p/q2Pp3/5p2/2N5/PP4BP/R2QK1NR w KQkq - 0 17,g5f4
35,EulerE,agroth2,919,946,r1b1k2r/pp1n4/2PP3p/q3p3/5p2/2N5/PP4BP/R2QK1NR b KQkq - 0 17,d5c6
35,EulerE,agroth2,919,946,r1b1k2r/p2n4/2pP3p/q3p3/5p2/2N5/PP4BP/R2QK1NR w KQkq - 0 18,b7c6
35,EulerE,agroth2,919,946,r1b1k2r/p2n4/2BP3p/q3p3/5p2/2N5/PP5P/R2QK1NR b KQkq - 0 18,g2c6
35,EulerE,agroth2,919,946,1rb1k2r/p2n4/2BP3p/q3p3/5p2/2N5/PP5P/R2QK1NR w KQk - 1 19,a8b8
35,EulerE,agroth2,919,946,1rb1k2r/p2B4/3P3p/q3p3/5p2/2N5/PP5P/R2QK1NR b KQk - 0 19,c6d7
35,EulerE,agroth2,919,946,1r2k2r/p2b4/3P3p/q3p3/5p2/2N5/PP5P/R2QK1NR w KQk - 0 20,c8d7
35,EulerE,agroth2,919,946,1r2k2r/p2b4/3P3p/q3p3/5p2/2N5/PP1Q3P/R3K1NR b KQk - 1 20,d1d2
35,EulerE,agroth2,919,946,1r3rk1/p2b4/3P3p/q3p3/5p2/2N5/PP1Q3P/R3K1NR w KQ - 2 21,e8g8
35,EulerE,agroth2,919,946,1r3rk1/p2b4/3P3p/q2Np3/5p2/8/PP1Q3P/R3K1NR b KQ - 3 21,c3d5
35,EulerE,agroth2,919,946,1r3rk1/p2b4/3P3p/3Np3/5p2/8/PP1q3P/R3K1NR w KQ - 0 22,a5d2
35,EulerE,agroth2,919,946,1r3rk1/p2b4/3P3p/3Np3/5p2/8/PP1K3P/R5NR b - - 0 22,e1d2
35,EulerE,agroth2,919,946,1r3rk1/p7/2bP3p/3Np3/5p2/8/PP1K3P/R5NR w - - 1 23,d7c6
35,EulerE,agroth2,919,946,1r3rk1/p3N3/2bP3p/4p3/5p2/8/PP1K3P/R5NR b - - 2 23,d5e7
35,EulerE,agroth2,919,946,1r3r2/p3Nk2/2bP3p/4p3/5p2/8/PP1K3P/R5NR w - - 3 24,g8f7
35,EulerE,agroth2,919,946,1r3r2/p4k2/2NP3p/4p3/5p2/8/PP1K3P/R5NR b - - 0 24,e7c6
35,EulerE,agroth2,919,946,5r2/p4k2/2NP3p/4p3/5p2/8/Pr1K3P/R5NR w - - 0 25,b8b2
35,EulerE,agroth2,919,946,5r2/p4k2/2NP3p/4p3/5p2/2K5/Pr5P/R5NR b - - 1 25,d2c3
35,EulerE,agroth2,919,946,5r2/p4k2/2NP3p/4p3/5p2/2K5/P5rP/R5NR w - - 2 26,b2g2
35,EulerE,agroth2,919,946,5r2/p4k2/2NP3p/4p3/5p2/2K5/P5rP/3R2NR b - - 3 26,a1d1
35,EulerE,agroth2,919,946,2r5/p4k2/2NP3p/4p3/5p2/2K5/P5rP/3R2NR w - - 4 27,f8c8
36,EulerE,abhishan2518,910,896,rnbqkbnr/pppppppp/8/8/3P4/8/PPP1PPPP/RNBQKBNR b KQkq - 0 1,d2d4
36,EulerE,abhishan2518,910,896,rnbqkbnr/p1pppppp/8/1p6/3P4/8/PPP1PPPP/RNBQKBNR w KQkq - 0 2,b7b5
36,EulerE,abhishan2518,910,896,rnbqkbnr/p1pppppp/8/1p6/3P4/2N5/PPP1PPPP/R1BQKBNR b KQkq - 1 2,b1c3
36,EulerE,abhishan2518,910,896,rnbqkbnr/p1pppppp/8/8/1p1P4/2N5/PPP1PPPP/R1BQKBNR w KQkq - 0 3,b5b4
36,EulerE,abhishan2518,910,896,rnbqkbnr/p1pppppp/8/8/1p1PN3/8/PPP1PPPP/R1BQKBNR b KQkq - 1 3,c3e4
36,EulerE,abhishan2518,910,896,rn1qkbnr/pbpppppp/8/8/1p1PN3/8/PPP1PPPP/R1BQKBNR w KQkq - 2 4,c8b7
37,Samoankefe,EulerE,1040,905,rnbqkbnr/pppppppp/8/8/4P3/8/PPPP1PPP/RNBQKBNR b KQkq - 0 1,e2e4
37,Samoankefe,EulerE,1040,905,rnbqkbnr/pppp1ppp/8/4p3/4P3/8/PPPP1PPP/RNBQKBNR w KQkq - 0 2,e7e5
37,Samoankefe,EulerE,1040,905,rnbqkbnr/pppp1ppp/8/4p3/4P3/5N2/PPPP1PPP/RNBQKB1R b KQkq - 1 2,g1f3
37,Samoankefe,EulerE,1040,905,r1bqkbnr/pppp1ppp/2n5/4p3/4P3/5N2/PPPP1PPP/RNBQKB1R w KQkq - 2 3,b8c6
37,Samoankefe,EulerE,1040,905,r1bqkbnr/pppp1ppp/2n5/4p3/2B1P3/5N2/PPPP1PPP/RNBQK2R b KQkq - 3 3,f1c4
37,Samoankefe,EulerE,1040,905,r1bqkb1r/pppp1ppp/2n2n2/4p3/2B1P3/5N2/PPPP1PPP/RNBQK2R w KQkq - 4 4,g8f6
37,Samoankefe,EulerE,1040,905,r1bqkb1r/pppp1ppp/2n2n2/4p3/2B1P3/2N2N2/PPPP1PPP/R1BQK2R b KQkq - 5 4,b1c3
37,Samoankefe,EulerE,1040,905,r1bqkb1r/p1pp1ppp/1pn2n2/4p3/2B1P3/2N2N2/PPPP1PPP/R1BQK2R w KQkq - 0 5,b7b6
37,Samoankefe,EulerE,1040,905,r1bqkb1r/p1pp1ppp/1pn2n2/4p1N1/2B1P3/2N5/PPPP1PPP/R1BQK2R b KQkq - 1 5,f3g5
37,Samoankefe,EulerE,1040,905,r1bqkbr1/p1pp1ppp/1pn2n2/4p1N1/2B1P3/2N5/PPPP1PPP/R1BQK2R w KQq - 2 6,h8g8
37,Samoankefe,EulerE,1040,905,r1bqkbr1/p1pp1Bpp/1pn2n2/4p1N1/4P3/2N5/PPPP1PPP/R1BQK2R b KQq - 0 6,c4f7
38,darianvee,EulerE,1001,915,rnbqkbnr/pppppppp/8/8/8/6P1/PPPPPP1P/RNBQKBNR b KQkq - 0 1,g2g3
38,darianvee,EulerE,1001,915,rnbqkbnr/ppp1pppp/8/3p4/8/6P1/PPPPPP1P/RNBQKBNR w KQkq - 0 2,d7d5
38,darianvee,EulerE,1001,915,rnbqkbnr/ppp1pppp/8/3p4/8/6P1/PPPPPPBP/RNBQK1NR b KQkq - 1 2,f1g2
38,darianvee,EulerE,1001,915,rnbqkbnr/ppp1pp1p/6p1/3p4/8/6P1/PPPPPPBP/RNBQK1NR w KQkq - 0 3,g7g6
38,darianvee,EulerE,1001,915,rnbqkbnr/ppp1pp1p/6p1/3p4/8/5NP1/PPPPPPBP/RNBQK2R b KQkq - 1 3,g1f3
38,darianvee,EulerE,1001,915,rnbqk1nr/ppp1ppbp/6p1/3p4/8/5NP1/PPPPPPBP/RNBQK2R w KQkq - 2 4,f8g7
38,darianvee,EulerE,1001,915,rnbqk1nr/ppp1ppbp/6p1/3p4/8/5NP1/PPPPPPBP/RNBQ1RK1 b kq - 3 4,e1g1
38,darianvee,EulerE,1001,915,rnbqk1nr/ppp2pbp/6p1/3pp3/8/5NP1/PPPPPPBP/RNBQ1RK1 w kq - 0 5,e7e5
38,darianvee,EulerE,1001,915,rnbqk1nr/ppp2pbp/6p1/3pp3/8/1P3NP1/P1PPPPBP/RNBQ1RK1 b kq - 0 5,b2b3
38,darianvee,EulerE,1001,915,rnbqk1nr/ppp2pbp/6p1/3p4/4p3/1P3NP1/P1PPPPBP/RNBQ1RK1 w kq - 0 6,e5e4
38,darianvee,EulerE,1001,915,rnbqk1nr/ppp2pbp/6p1/3p4/4p3/1PP2NP1/P2PPPBP/RNBQ1RK1 b kq - 0 6,c2c3
38,darianvee,EulerE,1001,915,rnbqk1nr/ppp2pbp/6p1/3p4/8/1PP2pP1/P2PPPBP/RNBQ1RK1 w kq - 0 7,e4f3
38,darianvee,EulerE,1001,915,rnbqk1nr/ppp2pbp/6p1/3p4/8/1PP2PP1/P2P1PBP/RNBQ1RK1 b kq - 0 7,e2f3
38,darianvee,EulerE,1001,915,rnbqk2r/ppp2pbp/5np1/3p4/8/1PP2PP1/P2P1PBP/RNBQ1RK1 w kq - 1 8,g8f6
38,darianvee,EulerE,1001,915,rnbqk2r/ppp2pbp/5np1/3p4/8/1PP2PP1/P2P1PBP/RNBQR1K1 b kq - 2 8,f1e1
38,darianvee,EulerE,1001,915,rn1qk2r/ppp2pbp/4bnp1/3p4/8/1PP2PP1/P2P1PBP/RNBQR1K1 w kq - 3 9,c8e6
38,darianvee,EulerE,1001,915,rn1qk2r/ppp2pbp/4bnp1/3p4/8/1PP2PP1/PB1P1PBP/RN1QR1K1 b kq - 4 9,c1b2
38,darianvee,EulerE,1001,915,rn1q1rk1/ppp2pbp/4bnp1/3p4/8/1PP2PP1/PB1P1PBP/RN1QR1K1 w - - 5 10,e8g8
38,darianvee,EulerE,1001,915,rn1q1rk1/ppp2pbp/4bnp1/3p4/2P5/1P3PP1/PB1P1PBP/RN1QR1K1 b - - 0 10,c3c4
38,darianvee,EulerE,1001,915,rn1q1rk1/ppp2pbp/4bnp1/8/2p5/1P3PP1/PB1P1PBP/RN1QR1K1 w - - 0 11,d5c4
38,darianvee,EulerE,1001,915,rn1q1rk1/ppp2pbp/4bnp1/8/2P5/5PP1/PB1P1PBP/RN1QR1K1 b - - 0 11,b3c4
38,darianvee,EulerE,1001,915,rn1q1rk1/ppp2pbp/5np1/8/2b5/5PP1/PB1P1PBP/RN1QR1K1 w - - 0 12,e6c4
38,darianvee,EulerE,1001,915,rn1q1rk1/ppp2pbp/5np1/8/2b5/3P1PP1/PB3PBP/RN1QR1K1 b - - 0 12,d2d3
38,darianvee,EulerE,1001,915,rn1q1rk1/ppp2pbp/5np1/8/8/3b1PP1/PB3PBP/RN1QR1K1 w - - 0 13,c4d3
38,darianvee,EulerE,1001,915,rn1q1rk1/ppp2pbp/5np1/8/8/3b1PP1/PB1N1PBP/R2QR1K1 b - - 1 13,b1d2
38,darianvee,EulerE,1001,915,r2q1rk1/ppp2pbp/2n2np1/8/8/3b1PP1/PB1N1PBP/R2QR1K1 w - - 2 14,b8c6
38,darianvee,EulerE,1001,915,r2q1rk1/ppp2pbp/2n2np1/8/8/1Q1b1PP1/PB1N1PBP/R3R1K1 b - - 3 14,d1b3
38,darianvee,EulerE,1001,915,r2q1rk1/ppp2pbp/2n2np1/5b2/8/1Q3PP1/PB1N1PBP/R3R1K1 w - - 4 15,d3f5
38,darianvee,EulerE,1001,915,r2q1rk1/ppp2pbp/2n2np1/5b2/8/2Q2PP1/PB1N1PBP/R3R1K1 b - - 5 15,b3c3
38,darianvee,EulerE,1001,915,r2q1rk1/ppp2pbp/2n3p1/5b1n/8/2Q2PP1/PB1N1PBP/R3R1K1 w - - 6 16,f6h5
38,darianvee,EulerE,1001,915,r2q1rk1/ppp2pbp/2n3p1/5b1n/2Q5/5PP1/PB1N1PBP/R3R1K1 b - - 7 16,c3c4
38,darianvee,EulerE,1001,915,r2q1rk1/ppp2p1p/2n3p1/5b1n/2Q5/5PP1/Pb1N1PBP/R3R1K1 w - - 0 17,g7b2
38,darianvee,EulerE,1001,915,r2q1rk1/ppp2p1p/2n3p1/5b1n/2Q5/5PP1/Pb1N1PBP/1R2R1K1 b - - 1 17,a1b1
38,darianvee,EulerE,1001,915,r2q1rk1/ppp2p1p/2n3p1/7n/2Q5/5PP1/Pb1N1PBP/1b2R1K1 w - - 0 18,f5b1
38,darianvee,EulerE,1001,915,r2q1rk1/ppp2p1p/2n3p1/7n/2Q5/5PP1/Pb3PBP/1N2R1K1 b - - 0 18,d2b1
38,darianvee,EulerE,1001,915,r2qr1k1/ppp2p1p/2n3p1/7n/2Q5/5PP1/Pb3PBP/1N2R1K1 w - - 1 19,f8e8
38,darianvee,EulerE,1001,915,r2qr1k1/ppp2p1p/2n3p1/7n/2Q1R3/5PP1/Pb3PBP/1N4K1 b - - 2 19,e1e4
38,darianvee,EulerE,1001,915,r3r1k1/ppp2p1p/2n3p1/7n/2Q1R3/5PP1/Pb3PBP/1N1q2K1 w - - 3 20,d8d1
38,darianvee,EulerE,1001,915,r3r1k1/ppp2p1p/2n3p1/7n/2Q1R3/5PP1/Pb3P1P/1N1q1BK1 b - - 4 20,g2f1
38,darianvee,EulerE,1001,915,r3r1k1/ppp2p1p/2n3p1/7n/2Q1R3/5PP1/Pb3P1P/1q3BK1 w - - 0 21,d1b1
39,Leonardoportes-Inactive,EulerE,875,914,rnbqkbnr/pppppppp/8/8/4P3/8/PPPP1PPP/RNBQKBNR b KQkq - 0 1,e2e4
39,Leonardoportes-Inactive,EulerE,875,914,rnbqkbnr/pppp1ppp/8/4p3/4P3/8/PPPP1PPP/RNBQKBNR w KQkq - 0 2,e7e5
39,Leonardoportes-Inactive,EulerE,875,914,rnbqkbnr/pppp1ppp/8/4p3/4PP2/8/PPPP2PP/RNBQKBNR b KQkq - 0 2,f2f4
39,Leonardoportes-Inactive,EulerE,875,914,rnbqkbnr/ppp2ppp/3p4/4p3/4PP2/8/PPPP2PP/RNBQKBNR w KQkq - 0 3,d7d6
39,Leonardoportes-Inactive,EulerE,875,914,rnbqkbnr/ppp2ppp/3p4/4p3/4PP2/2N5/PPPP2PP/R1BQKBNR b KQkq - 1 3,b1c3
39,Leonardoportes-Inactive,EulerE,875,914,rn1qkbnr/ppp2ppp/3pb3/4p3/4PP2/2N5/PPPP2PP/R1BQKBNR w KQkq - 2 4,c8e6
39,Leonardoportes-Inactive,EulerE,875,914,rn1qkbnr/ppp2ppp/3pb3/4p3/4PP2/2N2N2/PPPP2PP/R1BQKB1R b KQkq - 3 4,g1f3
39,Leonardoportes-Inactive,EulerE,875,914,r2qkbnr/ppp2ppp/2npb3/4p3/4PP2/2N2N2/PPPP2PP/R1BQKB1R w KQkq - 4 5,b8c6
39,Leonardoportes-Inactive,EulerE,875,914,r2qkbnr/ppp2ppp/2npb3/4p3/4PP2/2NP1N2/PPP3PP/R1BQKB1R b KQkq - 0 5,d2d3
39,Leonardoportes-Inactive,EulerE,875,914,r2qkbnr/ppp2ppp/3pb3/4p3/3nPP2/2NP1N2/PPP3PP/R1BQKB1R w KQkq - 1 6,c6d4
39,Leonardoportes-Inactive,EulerE,875,914,r2qkbnr/ppp2ppp/3pb3/4P3/3nP3/2NP1N2/PPP3PP/R1BQKB1R b KQkq - 0 6,f4e5
39,Leonardoportes-Inactive,EulerE,875,914,r2qkbnr/ppp2ppp/3pb3/4P3/4P3/2NP1n2/PPP3PP/R1BQKB1R w KQkq - 0 7,d4f3
39,Leonardoportes-Inactive,EulerE,875,914,r2qkbnr/ppp2ppp/3pb3/4P3/4P3/2NP1P2/PPP4P/R1BQKB1R b KQkq - 0 7,g2f3
39,Leonardoportes-Inactive,EulerE,875,914,r2qkbnr/ppp2ppp/4b3/4p3/4P3/2NP1P2/PPP4P/R1BQKB1R w KQkq - 0 8,d6e5
39,Leonardoportes-Inactive,EulerE,875,914,r2qkbnr/ppp2ppp/4b3/4p3/4PP2/2NP4/PPP4P/R1BQKB1R b KQkq - 0 8,f3f4
39,Leonardoportes-Inactive,EulerE,875,914,r2qkbnr/ppp2ppp/4b3/8/4Pp2/2NP4/PPP4P/R1BQKB1R w KQkq - 0 9,e5f4
39,Leonardoportes-Inactive,EulerE,875,914,r2qkbnr/ppp2ppp/4b3/8/4PB2/2NP4/PPP4P/R2QKB1R b KQkq - 0 9,c1f4
39,Leonardoportes-Inactive,EulerE,875,914,r2qk1nr/ppp2ppp/4b3/8/1b2PB2/2NP4/PPP4P/R2QKB1R w KQkq - 1 10,f8b4
39,Leonardoportes-Inactive,EulerE,875,914,r2qk1nr/ppp2ppp/4b3/8/1b2PB2/2NP4/PPPQ3P/R3KB1R b KQkq - 2 10,d1d2
39,Leonardoportes-Inactive,EulerE,875,914,r2qk1nr/ppp2ppp/4b3/8/4PB2/2bP4/PPPQ3P/R3KB1R w KQkq - 0 11,b4c3
39,Leonardoportes-Inactive,EulerE,875,914,r2qk1nr/ppp2ppp/4b3/8/4PB2/2QP4/PPP4P/R3KB1R b KQkq - 0 11,d2c3
39,Leonardoportes-Inactive,EulerE,875,914,r2qk2r/ppp2ppp/4bn2/8/4PB2/2QP4/PPP4P/R3KB1R w KQkq - 1 12,g8f6
39,Leonardoportes-Inactive,EulerE,875,914,r2qk2r/ppB2ppp/4bn2/8/4P3/2QP4/PPP4P/R3KB1R b KQkq - 0 12,f4c7
39,Leonardoportes-Inactive,EulerE,875,914,r1q1k2r/ppB2ppp/4bn2/8/4P3/2QP4/PPP4P/R3KB1R w KQkq - 1 13,d8c8
39,Leonardoportes-Inactive,EulerE,875,914,r1q1k2r/ppB2ppp/4bn2/8/4P3/2QP4/PPP3BP/R3K2R b KQkq - 2 13,f1g2
39,Leonardoportes-Inactive,EulerE,875,914,r1q2rk1/ppB2ppp/4bn2/8/4P3/2QP4/PPP3BP/R3K2R w KQ - 3 14,e8g8
39,Leonardoportes-Inactive,EulerE,875,914,r1q2rk1/ppB2ppp/4bn2/8/4P3/2QP4/PPP3BP/2KR3R b - - 4 14,e1c1
39,Leonardoportes-Inactive,EulerE,875,914,r1q1nrk1/ppB2ppp/4b3/8/4P3/2QP4/PPP3BP/2KR3R w - - 5 15,f6e8
39,Leonardoportes-Inactive,EulerE,875,914,r1q1nrk1/pp3ppp/4b3/4B3/4P3/2QP4/PPP3BP/2KR3R b - - 6 15,c7e5
39,Leonardoportes-Inactive,EulerE,875,914,r3nrk1/pp3ppp/4b3/4B3/4P3/2qP4/PPP3BP/2KR3R w - - 0 16,c8c3
39,Leonardoportes-Inactive,EulerE,875,914,r3nrk1/pp3ppp/4b3/4B3/4P3/2PP4/P1P3BP/2KR3R b - - 0 16,b2c3
39,Leonardoportes-Inactive,EulerE,875,914,r3nrk1/pp3ppp/8/4B3/4P3/2PP4/b1P3BP/2KR3R w - - 0 17,e6a2
39,Leonardoportes-Inactive,EulerE,875,914,r3nrk1/pp3ppp/8/4B3/4P3/2PP4/b1P3BP/2KR2R1 b - - 1 17,h1g1
39,Leonardoportes-Inactive,EulerE,875,914,r3nrk1/pp4pp/5p2/4B3/4P3/2PP4/b1P3BP/2KR2R1 w - - 0 18,f7f6
39,Leonardoportes-Inactive,EulerE,875,914,r3nrk1/pp4pp/5p2/8/3BP3/2PP4/b1P3BP/2KR2R1 b - - 1 18,e5d4
39,Leonardoportes-Inactive,EulerE,875,914,r4rk1/pp4pp/3n1p2/8/3BP3/2PP4/b1P3BP/2KR2R1 w - - 2 19,e8d6
39,Leonardoportes-Inactive,EulerE,875,914,r4rk1/pp4pp/3n1p2/8/3BP3/2PP3B/b1P4P/2KR2R1 b - - 3 19,g2h3
39,Leonardoportes-Inactive,EulerE,875,914,1r3rk1/pp4pp/3n1p2/8/3BP3/2PP3B/b1P4P/2KR2R1 w - - 4 20,a8b8
39,Leonardoportes-Inactive,EulerE,875,914,1r3rk1/pp4pp/3n1p2/4P3/3B4/2PP3B/b1P4P/2KR2R1 b - - 0 20,e4e5
39,Leonardoportes-Inactive,EulerE,875,914,1r3rk1/pp4pp/5p2/1n2P3/3B4/2PP3B/b1P4P/2KR2R1 w - - 1 21,d6b5
39,Leonardoportes-Inactive,EulerE,875,914,1r3rk1/pp4pp/5p2/1nB1P3/8/2PP3B/b1P4P/2KR2R1 b - - 2 21,d4c5
39,Leonardoportes-Inactive,EulerE,875,914,1r3rk1/pp4pp/5p2/2B1P3/8/2nP3B/b1P4P/2KR2R1 w - - 0 22,b5c3
39,Leonardoportes-Inactive,EulerE,875,914,1r3rk1/pp4pp/5p2/2B1P3/8/2nP3B/b1P4P/2K2RR1 b - - 1 22,d1f1
39,Leonardoportes-Inactive,EulerE,875,914,1r3rk1/pp4pp/5p2/2B1P3/8/3P3B/b1P1n2P/2K2RR1 w - - 2 23,c3e2
39,Leonardoportes-Inactive,EulerE,875,914,1r3rk1/pp4pp/5p2/2B1P3/8/3P3B/b1PKn2P/5RR1 b - - 3 23,c1d2
39,Leonardoportes-Inactive,EulerE,875,914,1r3rk1/pp4pp/5p2/2B1P3/8/3P3B/b1PK3P/5Rn1 w - - 0 24,e2g1
39,Leonardoportes-Inactive,EulerE,875,914,1r3rk1/pp4pp/5p2/2B1P3/8/3P3B/b1PK3P/6R1 b - - 0 24,f1g1
39,Leonardoportes-Inactive,EulerE,875,914,1r3rk1/pp4pp/8/2B1p3/8/3P3B/b1PK3P/6R1 w - - 0 25,f6e5
39,Leonardoportes-Inactive,EulerE,875,914,1r3Bk1/pp4pp/8/4p3/8/3P3B/b1PK3P/6R1 b - - 0 25,c5f8
39,Leonardoportes-Inactive,EulerE,875,914,5rk1/pp4pp/8/4p3/8/3P3B/b1PK3P/6R1 w - - 0 26,b8f8
39,Leonardoportes-Inactive,EulerE,875,914,5rk1/pp4pp/8/4p3/8/3P3B/b1PK3P/R7 b - - 1 26,g1a1
39,Leonardoportes-Inactive,EulerE,875,914,5rk1/pp4pp/8/3bp3/8/3P3B/2PK3P/R7 w - - 2 27,a2d5
39,Leonardoportes-Inactive,EulerE,875,914,5rk1/Rp4pp/8/3bp3/8/3P3B/2PK3P/8 b - - 0 27,a1a7
39,Leonardoportes-Inactive,EulerE,875,914,6k1/Rp4pp/8/3bp3/8/3P3B/2PK1r1P/8 w - - 1 28,f8f2
39,Leonardoportes-Inactive,EulerE,875,914,6k1/Rp4pp/8/3bp3/8/3P3B/2P2r1P/4K3 b - - 2 28,d2e1
39,Leonardoportes-Inactive,EulerE,875,914,6k1/Rp4pp/8/3bp3/8/3P3B/2P4r/4K3 w - - 0 29,f2h2
39,Leonardoportes-Inactive,EulerE,875,914,R5k1/1p4pp/8/3bp3/8/3P3B/2P4r/4K3 b - - 1 29,a7a8
39,Leonardoportes-Inactive,EulerE,875,914,R7/1p3kpp/8/3bp3/8/3P3B/2P4r/4K3 w - - 2 30,g8f7
39,Leonardoportes-Inactive,EulerE,875,914,R1B5/1p3kpp/8/3bp3/8/3P4/2P4r/4K3 b - - 3 30,h3c8
39,Leonardoportes-Inactive,EulerE,875,914,R1B5/1p3kpp/8/3bp3/8/3P4/2r5/4K3 w - - 0 31,h2c2
39,Leonardoportes-Inactive,EulerE,875,914,R1B5/1p3kpp/8/3bp3/8/3P4/2r5/3K4 b - - 1 31,e1d1
39,Leonardoportes-Inactive,EulerE,875,914,R1B5/1p3kpp/8/3bp3/8/3P4/7r/3K4 w - - 2 32,c2h2
39,Leonardoportes-Inactive,EulerE,875,914,2B5/1p3kpp/8/R2bp3/8/3P4/7r/3K4 b - - 3 32,a8a5
39,Leonardoportes-Inactive,EulerE,875,914,2B5/1p3kpp/8/R3p3/8/3P1b2/7r/3K4 w - - 4 33,d5f3
39,Leonardoportes-Inactive,EulerE,875,914,2B5/1p3kpp/8/R3p3/8/3P1b2/7r/2K5 b - - 5 33,d1c1
39,Leonardoportes-Inactive,EulerE,875,914,2B5/1p3kpp/8/R3p2r/8/3P1b2/8/2K5 w - - 6 34,h2h5
39,Leonardoportes-Inactive,EulerE,875,914,2B5/1p3kpp/8/R3p2r/3P4/5b2/8/2K5 b - - 0 34,d3d4
39,Leonardoportes-Inactive,EulerE,875,914,2B5/1p3kpp/8/R6r/3p4/5b2/8/2K5 w - - 0 35,e5d4
39,Leonardoportes-Inactive,EulerE,875,914,2B5/1p3kpp/8/7r/3p4/R4b2/8/2K5 b - - 1 35,a5a3
39,Leonardoportes-Inactive,EulerE,875,914,2B5/1p3kpp/8/7r/3p4/R7/8/2K4b w - - 2 36,f3h1
39,Leonardoportes-Inactive,EulerE,875,914,2B5/1p3kpp/8/7r/3p4/8/R7/2K4b b - - 3 36,a3a2
39,Leonardoportes-Inactive,EulerE,875,914,2B5/1p3kpp/8/2r5/3p4/8/R7/2K4b w - - 4 37,h5c5
39,Leonardoportes-Inactive,EulerE,875,914,2B5/1p3kpp/8/2r5/3p4/8/2R5/2K4b b - - 5 37,a2c2
39,Leonardoportes-Inactive,EulerE,875,914,2B5/1p3kpp/8/8/3p4/8/2r5/2K4b w - - 0 38,c5c2
39,Leonardoportes-Inactive,EulerE,875,914,2B5/1p3kpp/8/8/3p4/8/2K5/7b b - - 0 38,c1c2
39,Leonardoportes-Inactive,EulerE,875,914,2B5/1p3k1p/8/6p1/3p4/8/2K5/7b w - - 0 39,g7g5
39,Leonardoportes-Inactive,EulerE,875,914,2B5/1p3k1p/8/6p1/3p4/3K4/8/7b b - - 1 39,c2d3
39,Leonardoportes-Inactive,EulerE,875,914,2B5/1p3k1p/8/8/3p2p1/3K4/8/7b w - - 0 40,g5g4
39,Leonardoportes-Inactive,EulerE,875,914,8/1p3k1p/8/8/3p2B1/3K4/8/7b b - - 0 40,c8g4
39,Leonardoportes-Inactive,EulerE,875,914,8/5k1p/8/1p6/3p2B1/3K4/8/7b w - - 0 41,b7b5
39,Leonardoportes-Inactive,EulerE,875,914,8/5k1p/8/1p6/3p4/3K4/8/3B3b b - - 1 41,g4d1
39,Leonardoportes-Inactive,EulerE,875,914,8/7p/4k3/1p6/3p4/3K4/8/3B3b w - - 2 42,f7e6
39,Leonardoportes-Inactive,EulerE,875,914,8/7p/4k3/1p6/3K4/8/8/3B3b b - - 0 42,d3d4
39,Leonardoportes-Inactive,EulerE,875,914,8/7p/3k4/1p6/3K4/8/8/3B3b w - - 1 43,e6d6
39,Leonardoportes-Inactive,EulerE,875,914,8/7p/3k4/1p6/3K4/8/2B5/7b b - - 2 43,d1c2
39,Leonardoportes-Inactive,EulerE,875,914,8/8/3k4/1p5p/3K4/8/2B5/7b w - - 0 44,h7h5
39,Leonardoportes-Inactive,EulerE,875,914,8/8/3k4/1p3B1p/3K4/8/8/7b b - - 1 44,c2f5
39,Leonardoportes-Inactive,EulerE,875,914,8/8/3k4/1p3B2/3K3p/8/8/7b w - - 0 45,h5h4
39,Leonardoportes-Inactive,EulerE,875,914,8/8/3k4/1p3B2/7p/2K5/8/7b b - - 1 45,d4c3
39,Leonardoportes-Inactive,EulerE,875,914,8/8/8/1pk2B2/7p/2K5/8/7b w - - 2 46,d6c5
39,Leonardoportes-Inactive,EulerE,875,914,8/8/8/1pk2B2/7p/8/3K4/7b b - - 3 46,c3d2
39,Leonardoportes-Inactive,EulerE,875,914,8/8/8/1pk2B2/7p/8/3K2b1/8 w - - 4 47,h1g2
39,Leonardoportes-Inactive,EulerE,875,914,8/8/8/1pk2B2/7p/8/6b1/4K3 b - - 5 47,d2e1
39,Leonardoportes-Inactive,EulerE,875,914,8/8/8/1pk2B2/8/7p/6b1/4K3 w - - 0 48,h4h3
39,Leonardoportes-Inactive,EulerE,875,914,8/8/8/1pk5/8/7B/6b1/4K3 b - - 0 48,f5h3
39,Leonardoportes-Inactive,EulerE,875,914,8/8/8/1pk5/8/7b/8/4K3 w - - 0 49,g2h3
39,Leonardoportes-Inactive,EulerE,875,914,8/8/8/1pk5/8/7b/3K4/8 b - - 1 49,e1d2
39,Leonardoportes-Inactive,EulerE,875,914,8/8/8/1p6/3k4/7b/3K4/8 w - - 2 50,c5d4
39,Leonardoportes-Inactive,EulerE,875,914,8/8/8/1p6/3k4/7b/2K5/8 b - - 3 50,d2c2
39,Leonardoportes-Inactive,EulerE,875,914,8/8/8/1p6/2k5/7b/2K5/8 w - - 4 51,d4c4
39,Leonardoportes-Inactive,EulerE,875,914,8/8/8/1p6/2k5/7b/1K6/8 b - - 5 51,c2b2
39,Leonardoportes-Inactive,EulerE,875,914,8/8/8/8/1pk5/7b/1K6/8 w - - 0 52,b5b4
39,Leonardoportes-Inactive,EulerE,875,914,8/8/8/8/1pk5/7b/8/1K6 b - - 1 52,b2b1
39,Leonardoportes-Inactive,EulerE,875,914,8/8/8/8/1p6/2k4b/8/1K6 w - - 2 53,c4c3
39,Leonardoportes-Inactive,EulerE,875,914,8/8/8/8/1p6/2k4b/8/2K5 b - - 3 53,b1c1
39,Leonardoportes-Inactive,EulerE,875,914,8/8/8/8/8/1pk4b/8/2K5 w - - 0 54,b4b3
39,Leonardoportes-Inactive,EulerE,875,914,8/8/8/8/8/1pk4b/8/1K6 b - - 1 54,c1b1
39,Leonardoportes-Inactive,EulerE,875,914,8/8/8/5b2/8/1pk5/8/1K6 w - - 2 55,h3f5
39,Leonardoportes-Inactive,EulerE,875,914,8/8/8/5b2/8/1pk5/8/K7 b - - 3 55,b1a1
39,Leonardoportes-Inactive,EulerE,875,914,8/8/8/5b2/8/2k5/1p6/K7 w - - 0 56,b3b2
39,Leonardoportes-Inactive,EulerE,875,914,8/8/8/5b2/8/2k5/Kp6/8 b - - 1 56,a1a2
39,Leonardoportes-Inactive,EulerE,875,914,8/8/4b3/8/8/2k5/Kp6/8 w - - 2 57,f5e6
39,Leonardoportes-Inactive,EulerE,875,914,8/8/4b3/8/8/2k5/1p6/1K6 b - - 3 57,a2b1
39,Leonardoportes-Inactive,EulerE,875,914,6b1/8/8/8/8/2k5/1p6/1K6 w - - 4 58,e6g8
40,EulerE,MaxouPichou,924,1005,rnbqkbnr/pppppppp/8/8/3P4/8/PPP1PPPP/RNBQKBNR b KQkq - 0 1,d2d4
40,EulerE,MaxouPichou,924,1005,rnbqkbnr/ppp1pppp/8/3p4/3P4/8/PPP1PPPP/RNBQKBNR w KQkq - 0 2,d7d5
40,EulerE,MaxouPichou,924,1005,rnbqkbnr/ppp1pppp/8/3p4/2PP4/8/PP2PPPP/RNBQKBNR b KQkq - 0 2,c2c4
40,EulerE,MaxouPichou,924,1005,rnbqkbnr/ppp1pppp/8/8/2pP4/8/PP2PPPP/RNBQKBNR w KQkq - 0 3,d5c4
40,EulerE,MaxouPichou,924,1005,rnbqkbnr/ppp1pppp/8/8/2pPP3/8/PP3PPP/RNBQKBNR b KQkq - 0 3,e2e4
40,EulerE,MaxouPichou,924,1005,rnbqkbnr/p1p1pppp/8/1p6/2pPP3/8/PP3PPP/RNBQKBNR w KQkq - 0 4,b7b5
40,EulerE,MaxouPichou,924,1005,rnbqkbnr/p1p1pppp/8/1p6/P1pPP3/8/1P3PPP/RNBQKBNR b KQkq - 0 4,a2a4
40,EulerE,MaxouPichou,924,1005,rnbqkbnr/2p1pppp/p7/1p6/P1pPP3/8/1P3PPP/RNBQKBNR w KQkq - 0 5,a7a6
40,EulerE,MaxouPichou,924,1005,rnbqkbnr/2p1pppp/p7/1P6/2pPP3/8/1P3PPP/RNBQKBNR b KQkq - 0 5,a4b5
40,EulerE,MaxouPichou,924,1005,rn1qkbnr/1bp1pppp/p7/1P6/2pPP3/8/1P3PPP/RNBQKBNR w KQkq - 1 6,c8b7
40,EulerE,MaxouPichou,924,1005,rn1qkbnr/1bp1pppp/p7/1P6/2BPP3/8/1P3PPP/RNBQK1NR b KQkq - 0 6,f1c4
40,EulerE,MaxouPichou,924,1005,rn1qkbnr/2p1pppp/p7/1P6/2BPb3/8/1P3PPP/RNBQK1NR w KQkq - 0 7,b7e4
40,EulerE,MaxouPichou,924,1005,rn1qkbnr/2p1pppp/P7/8/2BPb3/8/1P3PPP/RNBQK1NR b KQkq - 0 7,b5a6
40,EulerE,MaxouPichou,924,1005,rn1qkbnr/2p1pppp/P7/8/2BP4/8/1P3PPP/RbBQK1NR w KQkq - 0 8,e4b1
40,EulerE,MaxouPichou,924,1005,rn1qkbnr/2p1pppp/P7/1B6/3P4/8/1P3PPP/RbBQK1NR b KQkq - 1 8,c4b5
40,EulerE,MaxouPichou,924,1005,r2qkbnr/2pnpppp/P7/1B6/3P4/8/1P3PPP/RbBQK1NR w KQkq - 2 9,b8d7
40,EulerE,MaxouPichou,924,1005,r2qkbnr/2pnpppp/P7/1B6/3P4/8/1P3PPP/1RBQK1NR b Kkq - 0 9,a1b1
40,EulerE,MaxouPichou,924,1005,rq2kbnr/2pnpppp/P7/1B6/3P4/8/1P3PPP/1RBQK1NR w Kkq - 1 10,d8b8
40,EulerE,MaxouPichou,924,1005,rq2kbnr/2pnpppp/P7/1B6/Q2P4/8/1P3PPP/1RB1K1NR b Kkq - 2 10,d1a4
40,EulerE,MaxouPichou,924,1005,rq1k1bnr/2pnpppp/P7/1B6/Q2P4/8/1P3PPP/1RB1K1NR w K - 3 11,e8d8
40,EulerE,MaxouPichou,924,1005,rq1k1bnr/2pBpppp/P7/8/Q2P4/8/1P3PPP/1RB1K1NR b K - 0 11,b5d7
40,EulerE,MaxouPichou,924,1005,rq1k1b1r/2pBpppp/P4n2/8/Q2P4/8/1P3PPP/1RB1K1NR w K - 1 12,g8f6
40,EulerE,MaxouPichou,924,1005,rq1k1b1r/2p1pppp/P1B2n2/8/Q2P4/8/1P3PPP/1RB1K1NR b K - 2 12,d7c6
40,EulerE,MaxouPichou,924,1005,1q1k1b1r/r1p1pppp/P1B2n2/8/Q2P4/8/1P3PPP/1RB1K1NR w K - 3 13,a8a7
40,EulerE,MaxouPichou,924,1005,1q1k1b1r/r1p1pppp/P1B2n2/3P4/Q7/8/1P3PPP/1RB1K1NR b K - 0 13,d4d5
40,EulerE,MaxouPichou,924,1005,3k1b1r/r1p1pppp/PqB2n2/3P4/Q7/8/1P3PPP/1RB1K1NR w K - 1 14,b8b6
40,EulerE,MaxouPichou,924,1005,3k1b1r/r1p1pppp/PqB2n2/3P4/Q7/8/1P3PPP/R1B1K1NR b K - 2 14,b1a1
40,EulerE,MaxouPichou,924,1005,3k1b1r/r1p2ppp/PqB1pn2/3P4/Q7/8/1P3PPP/R1B1K1NR w K - 0 15,e7e6
40,EulerE,MaxouPichou,924,1005,3k1b1r/r1p2ppp/PqB1Pn2/8/Q7/8/1P3PPP/R1B1K1NR b K - 0 15,d5e6
40,EulerE,MaxouPichou,924,1005,3k1b1r/r1p3pp/PqB1pn2/8/Q7/8/1P3PPP/R1B1K1NR w K - 0 16,f7e6
40,EulerE,MaxouPichou,924,1005,3k1b1r/r1p3pp/PqB1pn2/8/Q7/4B3/1P3PPP/R3K1NR b K - 1 16,c1e3
40,EulerE,MaxouPichou,924,1005,3k1b1r/r1p3pp/P1B1pn2/8/Q7/4B3/1q3PPP/R3K1NR w K - 0 17,b6b2
40,EulerE,MaxouPichou,924,1005,3k1b1r/B1p3pp/P1B1pn2/8/Q7/8/1q3PPP/R3K1NR b K - 0 17,e3a7
40,EulerE,MaxouPichou,924,1005,3k3r/B1p3pp/P1B1pn2/8/Qb6/8/1q3PPP/R3K1NR w K - 1 18,f8b4
40,EulerE,MaxouPichou,924,1005,3k3r/B1p3pp/P1B1pn2/8/Qb6/8/1q3PPP/R2K2NR b - - 2 18,e1d1
40,EulerE,MaxouPichou,924,1005,3k3r/B1p3pp/P1B1pn2/8/Q7/2b5/1q3PPP/R2K2NR w - - 3 19,b4c3
40,EulerE,MaxouPichou,924,1005,3k3r/B1p3pp/P1B1pn2/8/Q7/2b5/Rq3PPP/3K2NR b - - 4 19,a1a2
40,EulerE,MaxouPichou,924,1005,3k3r/B1p3pp/P1B1pn2/8/Q7/2b5/R4PPP/1q1K2NR w - - 5 20,b2b1
40,EulerE,MaxouPichou,924,1005,3k3r/B1p3pp/P1B1pn2/8/Q7/2b5/R3KPPP/1q4NR b - - 6 20,d1e2
40,EulerE,MaxouPichou,924,1005,3k3r/B1p3pp/P1B1pn2/8/Q7/2b5/R3KPPP/4q1NR w - - 7 21,b1e1
40,EulerE,MaxouPichou,924,1005,3k3r/B1p3pp/P1B1pn2/8/Q7/2b2K2/R4PPP/4q1NR b - - 8 21,e2f3
40,EulerE,MaxouPichou,924,1005,3k1r2/B1p3pp/P1B1pn2/8/Q7/2b2K2/R4PPP/4q1NR w - - 9 22,h8f8
40,EulerE,MaxouPichou,924,1005,3k1r2/2p3pp/P1B1pn2/2B5/Q7/2b2K2/R4PPP/4q1NR b - - 10 22,a7c5
40,EulerE,MaxouPichou,924,1005,3k4/2p2rpp/P1B1pn2/2B5/Q7/2b2K2/R4PPP/4q1NR w - - 11 23,f8f7
40,EulerE,MaxouPichou,924,1005,3k4/2p2rpp/P1B1pn2/2B5/Q7/2b3K1/R4PPP/4q1NR b - - 12 23,f3g3
40,EulerE,MaxouPichou,924,1005,3k4/2p2rpp/P1B1p3/2B4n/Q7/2b3K1/R4PPP/4q1NR w - - 13 24,f6h5
40,EulerE,MaxouPichou,924,1005,3k4/2p2rpp/P1B1p3/2B4n/Q6K/2b5/R4PPP/4q1NR b - - 14 24,g3h4
40,EulerE,MaxouPichou,924,1005,3k4/2p2rpp/P1B1p3/2B1q2n/Q6K/2b5/R4PPP/6NR w - - 15 25,e1e5
40,EulerE,MaxouPichou,924,1005,3k4/2p2rpp/P1B1p3/4q2n/Q6K/2b1B3/R4PPP/6NR b - - 16 25,c5e3
40,EulerE,MaxouPichou,924,1005,3k4/2p2r1p/P1B1p3/4q1pn/Q6K/2b1B3/R4PPP/6NR w - - 0 26,g7g5
40,EulerE,MaxouPichou,924,1005,3k4/2p2r1p/P1B1p3/4q1Bn/Q6K/2b5/R4PPP/6NR b - - 0 26,e3g5
40,EulerE,MaxouPichou,924,1005,2k5/2p2r1p/P1B1p3/4q1Bn/Q6K/2b5/R4PPP/6NR w - - 1 27,d8c8
40,EulerE,MaxouPichou,924,1005,2k5/2p2r1p/P1B1p3/4q1Bn/Q6K/2b2N2/R4PPP/7R b - - 2 27,g1f3
40,EulerE,MaxouPichou,924,1005,2k5/2p2r1p/P1B1p3/5qBn/Q6K/2b2N2/R4PPP/7R w - - 3 28,e5f5
40,EulerE,MaxouPichou,924,1005,2k5/2p2r1p/P1B1p3/5qBn/Q5PK/2b2N2/R4P1P/7R b - - 0 28,g2g4
40,EulerE,MaxouPichou,924,1005,2k5/2p2r1p/P1B1p1q1/6Bn/Q5PK/2b2N2/R4P1P/7R w - - 1 29,f5g6
40,EulerE,MaxouPichou,924,1005,2k5/2p2r1p/P1B1p1q1/6BP/Q6K/2b2N2/R4P1P/7R b - - 0 29,g4h5
40,EulerE,MaxouPichou,924,1005,2k5/2p2r1p/P1B1p3/5qBP/Q6K/2b2N2/R4P1P/7R w - - 1 30,g6f5
40,EulerE,MaxouPichou,924,1005,2k5/2p2r1p/P1B1p3/5qBP/7K/2b2N2/R1Q2P1P/7R b - - 2 30,a4c2
40,EulerE,MaxouPichou,924,1005,2k5/2p2r1p/P1B1p3/2q3BP/7K/2b2N2/R1Q2P1P/7R w - - 3 31,f5c5
40,EulerE,MaxouPichou,924,1005,2k5/2p2r1p/P3p3/2q3BP/4B2K/2b2N2/R1Q2P1P/7R b - - 4 31,c6e4
40,EulerE,MaxouPichou,924,1005,2k5/2p2r1p/P3pb2/2q3BP/4B2K/5N2/R1Q2P1P/7R w - - 5 32,c3f6
40,EulerE,MaxouPichou,924,1005,2k5/2p2r1p/P3pB2/2q4P/4B2K/5N2/R1Q2P1P/7R b - - 0 32,g5f6
40,EulerE,MaxouPichou,924,1005,2k5/2p2r1p/P3pB2/7P/4B2K/5N2/R1q2P1P/7R w - - 0 33,c5c2
40,EulerE,MaxouPichou,924,1005,2k5/2p2r1p/P3pB2/7P/4B2K/5N2/2R2P1P/7R b - - 0 33,a2c2
40,EulerE,MaxouPichou,924,1005,2k5/2p4p/P3pr2/7P/4B2K/5N2/2R2P1P/7R w - - 0 34,f7f6
40,EulerE,MaxouPichou,924,1005,2k5/2p4p/P3pr2/7P/4B2K/5N2/2R2P1P/6R1 b - - 1 34,h1g1
40,EulerE,MaxouPichou,924,1005,2k5/2p4p/P3p3/7P/4Br1K/5N2/2R2P1P/6R1 w - - 2 35,f6f4
40,EulerE,MaxouPichou,924,1005,2k5/2p4p/P3p3/7P/4BrRK/5N2/2R2P1P/8 b - - 3 35,g1g4
40,EulerE,MaxouPichou,924,1005,2k5/2p4p/P3pr2/7P/4B1RK/5N2/2R2P1P/8 w - - 4 36,f4f6
40,EulerE,MaxouPichou,924,1005,2k5/2p4p/P1B1pr2/7P/6RK/5N2/2R2P1P/8 b - - 5 36,e4c6
40,EulerE,MaxouPichou,924,1005,2k5/2p4p/P1B1p3/5r1P/6RK/5N2/2R2P1P/8 w - - 6 37,f6f5
40,EulerE,MaxouPichou,924,1005,2k3R1/2p4p/P1B1p3/5r1P/7K/5N2/2R2P1P/8 b - - 7 37,g4g8
41,Talalunho,EulerE,915,916,rnbqkbnr/pppppppp/8/8/4P3/8/PPPP1PPP/RNBQKBNR b KQkq - 0 1,e2e4
41,Talalunho,EulerE,915,916,rnbqkbnr/pppp1ppp/8/4p3/4P3/8/PPPP1PPP/RNBQKBNR w KQkq - 0 2,e7e5
41,Talalunho,EulerE,915,916,rnbqkbnr/pppp1ppp/8/4p3/4P3/5P2/PPPP2PP/RNBQKBNR b KQkq - 0 2,f2f3
41,Talalunho,EulerE,915,916,rnbqkbnr/p1pp1ppp/1p6/4p3/4P3/5P2/PPPP2PP/RNBQKBNR w KQkq - 0 3,b7b6
41,Talalunho,EulerE,915,916,rnbqkbnr/p1pp1ppp/1p6/4p3/4P3/5P2/PPPPN1PP/RNBQKB1R b KQkq - 1 3,g1e2
41,Talalunho,EulerE,915,916,rn1qkbnr/pbpp1ppp/1p6/4p3/4P3/5P2/PPPPN1PP/RNBQKB1R w KQkq - 2 4,c8b7
41,Talalunho,EulerE,915,916,rn1qkbnr/pbpp1ppp/1p6/4p3/4P3/2N2P2/PPPP2PP/RNBQKB1R b KQkq - 3 4,e2c3
41,Talalunho,EulerE,915,916,r2qkbnr/pbpp1ppp/1pn5/4p3/4P3/2N2P2/PPPP2PP/RNBQKB1R w KQkq - 4 5,b8c6
41,Talalunho,EulerE,915,916,r2qkbnr/pbpp1ppp/1pn5/4p3/4P3/2N2P2/PPPPB1PP/RNBQK2R b KQkq - 5 5,f1e2
41,Talalunho,EulerE,915,916,r2qkbnr/pbpp1ppp/1p6/4p3/3nP3/2N2P2/PPPPB1PP/RNBQK2R w KQkq - 6 6,c6d4
41,Talalunho,EulerE,915,916,r2qkbnr/pbpp1ppp/1p6/3Np3/3nP3/5P2/PPPPB1PP/RNBQK2R b KQkq - 7 6,c3d5
41,Talalunho,EulerE,915,916,r2qkbnr/p1pp1ppp/1p6/3bp3/3nP3/5P2/PPPPB1PP/RNBQK2R w KQkq - 0 7,b7d5
41,Talalunho,EulerE,915,916,r2qkbnr/p1pp1ppp/1p6/3Pp3/3n4/5P2/PPPPB1PP/RNBQK2R b KQkq - 0 7,e4d5
41,Talalunho,EulerE,915,916,r2qkb1r/p1pp1ppp/1p3n2/3Pp3/3n4/5P2/PPPPB1PP/RNBQK2R w KQkq - 1 8,g8f6
41,Talalunho,EulerE,915,916,r2qkb1r/p1pp1ppp/1p3n2/3Pp3/3n4/2P2P2/PP1PB1PP/RNBQK2R b KQkq - 0 8,c2c3
41,Talalunho,EulerE,915,916,r2qkb1r/p1pp1ppp/1p3n2/3Pp3/8/2P2P2/PP1Pn1PP/RNBQK2R w KQkq - 0 9,d4e2
41,Talalunho,EulerE,915,916,r2qkb1r/p1pp1ppp/1p3n2/3Pp3/8/2P2P2/PP1PQ1PP/RNB1K2R b KQkq - 0 9,d1e2
41,Talalunho,EulerE,915,916,r3kb1r/p1ppqppp/1p3n2/3Pp3/8/2P2P2/PP1PQ1PP/RNB1K2R w KQkq - 1 10,d8e7
41,Talalunho,EulerE,915,916,r3kb1r/p1ppqppp/1p3n2/3Pp3/8/N1P2P2/PP1PQ1PP/R1B1K2R b KQkq - 2 10,b1a3
41,Talalunho,EulerE,915,916,r3kb1r/p1ppqppp/1p3n2/3P4/4p3/N1P2P2/PP1PQ1PP/R1B1K2R w KQkq - 0 11,e5e4
41,Talalunho,EulerE,915,916,r3kb1r/p1ppqppp/1p3n2/3P4/4p3/N1P2P2/PP1PQ1PP/R1B2RK1 b kq - 1 11,e1g1
41,Talalunho,EulerE,915,916,r3kb1r/p1ppqppp/1p3n2/3P4/8/N1P2p2/PP1PQ1PP/R1B2RK1 w kq - 0 12,e4f3
41,Talalunho,EulerE,915,916,r3kb1r/p1ppqppp/1p3n2/3P4/8/N1P2Q2/PP1P2PP/R1B2RK1 b kq - 0 12,e2f3
41,Talalunho,EulerE,915,916,r3kb1r/p1pp1ppp/1p3n2/3P4/4q3/N1P2Q2/PP1P2PP/R1B2RK1 w kq - 1 13,e7e4
41,Talalunho,EulerE,915,916,r3kb1r/p1pp1ppp/1p3n2/3P4/4q3/N1P5/PP1P1QPP/R1B2RK1 b kq - 2 13,f3f2
41,Talalunho,EulerE,915,916,r3k2r/p1pp1ppp/1p3n2/3P4/4q3/b1P5/PP1P1QPP/R1B2RK1 w kq - 0 14,f8a3
41,Talalunho,EulerE,915,916,r3k2r/p1pp1ppp/1p3n2/3P4/4q3/b1P5/PP1P1QPP/R1B1R1K1 b kq - 1 14,f1e1
41,Talalunho,EulerE,915,916,r3k2r/p1pp1ppp/1p3n2/3P4/8/b1P5/PP1P1QPP/R1B1q1K1 w kq - 0 15,e4e1
41,Talalunho,EulerE,915,916,r3k2r/p1pp1ppp/1p3n2/3P4/8/b1P5/PP1P2PP/R1B1Q1K1 b kq - 0 15,f2e1
41,Talalunho,EulerE,915,916,r3k2r/p1ppbppp/1p3n2/3P4/8/2P5/PP1P2PP/R1B1Q1K1 w kq - 1 16,a3e7
41,Talalunho,EulerE,915,916,r3k2r/p1ppbppp/1p3n2/3P4/2P5/8/PP1P2PP/R1B1Q1K1 b kq - 0 16,c3c4
41,Talalunho,EulerE,915,916,r4rk1/p1ppbppp/1p3n2/3P4/2P5/8/PP1P2PP/R1B1Q1K1 w - - 1 17,e8g8
41,Talalunho,EulerE,915,916,r4rk1/p1ppbppp/1p3n2/3P4/2PP4/8/PP4PP/R1B1Q1K1 b - - 0 17,d2d4
41,Talalunho,EulerE,915,916,r3r1k1/p1ppbppp/1p3n2/3P4/2PP4/8/PP4PP/R1B1Q1K1 w - - 1 18,f8e8
41,Talalunho,EulerE,915,916,r3r1k1/p1ppbppp/1p3n2/3P2B1/2PP4/8/PP4PP/R3Q1K1 b - - 2 18,c1g5
41,Talalunho,EulerE,915,916,r3r1k1/p1pp1ppp/1p3n2/2bP2B1/2PP4/8/PP4PP/R3Q1K1 w - - 3 19,e7c5
41,Talalunho,EulerE,915,916,r3r1k1/p1pp1ppp/1p3n2/2bP2B1/2PP4/8/PP1Q2PP/R5K1 b - - 4 19,e1d2
41,Talalunho,EulerE,915,916,r3r1k1/p1pp1ppp/1p6/2bP2B1/2PPn3/8/PP1Q2PP/R5K1 w - - 5 20,f6e4
41,Talalunho,EulerE,915,916,r3r1k1/p1pp1ppp/1p6/2bP2B1/2PPn3/4Q3/PP4PP/R5K1 b - - 6 20,d2e3
41,Talalunho,EulerE,915,916,r3r1k1/p1pp1ppp/1p6/2bP2n1/2PP4/4Q3/PP4PP/R5K1 w - - 0 21,e4g5
41,Talalunho,EulerE,915,916,r3r1k1/p1pp1ppp/1p6/2bP2Q1/2PP4/8/PP4PP/R5K1 b - - 0 21,e3g5
41,Talalunho,EulerE,915,916,r3r1k1/p1pp1ppp/1p6/3P2Q1/2Pb4/8/PP4PP/R5K1 w - - 0 22,c5d4
41,Talalunho,EulerE,915,916,r3r1k1/p1pp1ppp/1p6/3P2Q1/2Pb4/8/PP4PP/R4K2 b - - 1 22,g1f1
41,Talalunho,EulerE,915,916,r5k1/p1pp1ppp/1p6/3Pr1Q1/2Pb4/8/PP4PP/R4K2 w - - 2 23,e8e5
41,Talalunho,EulerE,915,916,r5k1/p1pp1ppp/1p6/3Pr3/2Pb2Q1/8/PP4PP/R4K2 b - - 3 23,g5g4
41,Talalunho,EulerE,915,916,r5k1/p1pp1ppp/1p6/3Pr3/2P3Q1/8/Pb4PP/R4K2 w - - 0 24,d4b2
41,Talalunho,EulerE,915,916,r5k1/p1pp1ppp/1p6/3Pr3/2P3Q1/8/Pb4PP/4RK2 b - - 1 24,a1e1
41,Talalunho,EulerE,915,916,r5k1/p1pp1ppp/1p6/3P4/2P3Q1/8/Pb4PP/4rK2 w - - 0 25,e5e1
41,Talalunho,EulerE,915,916,r5k1/p1pp1ppp/1p6/3P4/2P3Q1/8/Pb4PP/4K3 b - - 0 25,f1e1
41,Talalunho,EulerE,915,916,4r1k1/p1pp1ppp/1p6/3P4/2P3Q1/8/Pb4PP/4K3 w - - 1 26,a8e8
41,Talalunho,EulerE,915,916,4r1k1/p1pp1ppp/1p6/3P4/2P3Q1/8/Pb4PP/5K2 b - - 2 26,e1f1
41,Talalunho,EulerE,915,916,4r1k1/p1pp1ppp/1p6/3Pb3/2P3Q1/8/P5PP/5K2 w - - 3 27,b2e5
41,Talalunho,EulerE,915,916,4r1k1/p1pp1ppp/1p6/3Pb3/2P3Q1/8/P3K1PP/8 b - - 4 27,f1e2
41,Talalunho,EulerE,915,916,4r1k1/p1pp1ppp/1p6/3P4/2P3Q1/8/P3K1Pb/8 w - - 0 28,e5h2
41,Talalunho,EulerE,915,916,4r1k1/p1pp1ppp/1p6/3P4/2P3Q1/3K4/P5Pb/8 b - - 1 28,e2d3
41,Talalunho,EulerE,915,916,3r2k1/p1pp1ppp/1p6/3P4/2P3Q1/3K4/P5Pb/8 w - - 2 29,e8d8
41,Talalunho,EulerE,915,916,3r2k1/p1pp1ppp/1p1P4/8/2P3Q1/3K4/P5Pb/8 b - - 0 29,d5d6
41,Talalunho,EulerE,915,916,3r2k1/p1pp1ppp/1p1b4/8/2P3Q1/3K4/P5P1/8 w - - 0 30,h2d6
41,Talalunho,EulerE,915,916,3r2k1/p1pp1ppp/1p1b4/8/P1P3Q1/3K4/6P1/8 b - - 0 30,a2a4
41,Talalunho,EulerE,915,916,3r2k1/p1pp1p1p/1p1b2p1/8/P1P3Q1/3K4/6P1/8 w - - 0 31,g7g6
41,Talalunho,EulerE,915,916,3r2k1/p1pp1p1p/1p1b2p1/6Q1/P1P5/3K4/6P1/8 b - - 1 31,g4g5
41,Talalunho,EulerE,915,916,4r1k1/p1pp1p1p/1p1b2p1/6Q1/P1P5/3K4/6P1/8 w - - 2 32,d8e8
41,Talalunho,EulerE,915,916,4r1k1/p1pp1p1p/1p1b2p1/1Q6/P1P5/3K4/6P1/8 b - - 3 32,g5b5
41,Talalunho,EulerE,915,916,4r1k1/p2p1p1p/1ppb2p1/1Q6/P1P5/3K4/6P1/8 w - - 0 33,c7c6
41,Talalunho,EulerE,915,916,4r1k1/p2p1p1p/Qppb2p1/8/P1P5/3K4/6P1/8 b - - 1 33,b5a6
41,Talalunho,EulerE,915,916,4r1k1/p2p1p2/Qppb2p1/7p/P1P5/3K4/6P1/8 w - - 0 34,h7h5
41,Talalunho,EulerE,915,916,4r1k1/Q2p1p2/1ppb2p1/7p/P1P5/3K4/6P1/8 b - - 0 34,a6a7
41,Talalunho,EulerE,915,916,4r1k1/Q2p1p2/1ppb4/6pp/P1P5/3K4/6P1/8 w - - 0 35,g6g5
41,Talalunho,EulerE,915,916,4r1k1/3Q1p2/1ppb4/6pp/P1P5/3K4/6P1/8 b - - 0 35,a7d7
41,Talalunho,EulerE,915,916,6k1/3Q1p2/1ppbr3/6pp/P1P5/3K4/6P1/8 w - - 1 36,e8e6
41,Talalunho,EulerE,915,916,6k1/5p2/1pQbr3/6pp/P1P5/3K4/6P1/8 b - - 0 36,d7c6
41,Talalunho,EulerE,915,916,6k1/5p2/1pQ1r3/2b3pp/P1P5/3K4/6P1/8 w - - 1 37,d6c5
41,Talalunho,EulerE,915,916,Q5k1/5p2/1p2r3/2b3pp/P1P5/3K4/6P1/8 b - - 2 37,c6a8
41,Talalunho,EulerE,915,916,Q3r1k1/5p2/1p6/2b3pp/P1P5/3K4/6P1/8 w - - 3 38,e6e8
41,Talalunho,EulerE,915,916,4Q1k1/5p2/1p6/2b3pp/P1P5/3K4/6P1/8 b - - 0 38,a8e8
42,EulerE,chockado5,916,908,rnbqkbnr/pppppppp/8/8/3P4/8/PPP1PPPP/RNBQKBNR b KQkq - 0 1,d2d4
42,EulerE,chockado5,916,908,rnbqkbnr/ppp1pppp/3p4/8/3P4/8/PPP1PPPP/RNBQKBNR w KQkq - 0 2,d7d6
42,EulerE,chockado5,916,908,rnbqkbnr/ppp1pppp/3p4/8/3PP3/8/PPP2PPP/RNBQKBNR b KQkq - 0 2,e2e4
42,EulerE,chockado5,916,908,rnbqkbnr/pp2pppp/3p4/2p5/3PP3/8/PPP2PPP/RNBQKBNR w KQkq - 0 3,c7c5
42,EulerE,chockado5,916,908,rnbqkbnr/pp2pppp/3p4/2pP4/4P3/8/PPP2PPP/RNBQKBNR b KQkq - 0 3,d4d5
42,EulerE,chockado5,916,908,rnbqkbnr/pp3ppp/3pp3/2pP4/4P3/8/PPP2PPP/RNBQKBNR w KQkq - 0 4,e7e6
42,EulerE,chockado5,916,908,rnbqkbnr/pp3ppp/3pp3/2pP4/4P3/2N5/PPP2PPP/R1BQKBNR b KQkq - 1 4,b1c3
42,EulerE,chockado5,916,908,rnbqkbnr/pp3ppp/3p4/2pp4/4P3/2N5/PPP2PPP/R1BQKBNR w KQkq - 0 5,e6d5
42,EulerE,chockado5,916,908,rnbqkbnr/pp3ppp/3p4/2pN4/4P3/8/PPP2PPP/R1BQKBNR b KQkq - 0 5,c3d5
42,EulerE,chockado5,916,908,rn1qkbnr/pp3ppp/3pb3/2pN4/4P3/8/PPP2PPP/R1BQKBNR w KQkq - 1 6,c8e6
42,EulerE,chockado5,916,908,rn1qkbnr/pp3ppp/3pb3/2pN4/4P3/5N2/PPP2PPP/R1BQKB1R b KQkq - 2 6,g1f3
42,EulerE,chockado5,916,908,rn1qkbnr/pp4pp/3pb3/2pN1p2/4P3/5N2/PPP2PPP/R1BQKB1R w KQkq - 0 7,f7f5
42,EulerE,chockado5,916,908,rn1qkbnr/pp4pp/3pb3/2pN1P2/8/5N2/PPP2PPP/R1BQKB1R b KQkq - 0 7,e4f5
42,EulerE,chockado5,916,908,rn1qkbnr/pp4pp/3p4/2pN1b2/8/5N2/PPP2PPP/R1BQKB1R w KQkq - 0 8,e6f5
42,EulerE,chockado5,916,908,rn1qkbnr/pp4pp/3p4/1BpN1b2/8/5N2/PPP2PPP/R1BQK2R b KQkq - 1 8,f1b5
42,EulerE,chockado5,916,908,rn1qkbnr/pp1b2pp/3p4/1BpN4/8/5N2/PPP2PPP/R1BQK2R w KQkq - 2 9,f5d7
42,EulerE,chockado5,916,908,rn1qkbnr/pp1b2pp/3p4/1BpN4/8/5N2/PPP1QPPP/R1B1K2R b KQkq - 3 9,d1e2
42,EulerE,chockado5,916,908,rn1qk1nr/pp1bb1pp/3p4/1BpN4/8/5N2/PPP1QPPP/R1B1K2R w KQkq - 4 10,f8e7
42,EulerE,chockado5,916,908,rn1qk1nr/pp1bb1pp/3p4/1BpN2B1/8/5N2/PPP1QPPP/R3K2R b KQkq - 5 10,c1g5
42,EulerE,chockado5,916,908,rn1qk2r/pp1bb1pp/3p1n2/1BpN2B1/8/5N2/PPP1QPPP/R3K2R w KQkq - 6 11,g8f6
42,EulerE,chockado5,916,908,rn1qk2r/pp1bb1pp/3p1B2/1BpN4/8/5N2/PPP1QPPP/R3K2R b KQkq - 0 11,g5f6
42,EulerE,chockado5,916,908,rn1qk2r/pp1bb2p/3p1p2/1BpN4/8/5N2/PPP1QPPP/R3K2R w KQkq - 0 12,g7f6
42,EulerE,chockado5,916,908,rn1qk2r/pp1bb2p/3p1N2/1Bp5/8/5N2/PPP1QPPP/R3K2R b KQkq - 0 12,d5f6
42,EulerE,chockado5,916,908,rn1q1k1r/pp1bb2p/3p1N2/1Bp5/8/5N2/PPP1QPPP/R3K2R w KQ - 1 13,e8f8
42,EulerE,chockado5,916,908,rn1q1k1r/pp1Bb2p/3p1N2/2p5/8/5N2/PPP1QPPP/R3K2R b KQ - 0 13,b5d7
42,EulerE,chockado5,916,908,r2q1k1r/pp1nb2p/3p1N2/2p5/8/5N2/PPP1QPPP/R3K2R w KQ - 0 14,b8d7
42,EulerE,chockado5,916,908,r2q1k1r/pp1Nb2p/3p4/2p5/8/5N2/PPP1QPPP/R3K2R b KQ - 0 14,f6d7
42,EulerE,chockado5,916,908,r4k1r/pp1qb2p/3p4/2p5/8/5N2/PPP1QPPP/R3K2R w KQ - 0 15,d8d7
42,EulerE,chockado5,916,908,r4k1r/pp1qb2p/3p4/2p5/8/5N2/PPP1QPPP/2KR3R b - - 1 15,e1c1
42,EulerE,chockado5,916,908,r4k1r/pp2b2p/3p4/2p5/6q1/5N2/PPP1QPPP/2KR3R w - - 2 16,d7g4
42,EulerE,chockado5,916,908,r4k1r/pp2b2p/3p4/2p5/6q1/5N2/PPP1QPPP/2KRR3 b - - 3 16,h1e1
42,EulerE,chockado5,916,908,4rk1r/pp2b2p/3p4/2p5/6q1/5N2/PPP1QPPP/2KRR3 w - - 4 17,a8e8
42,EulerE,chockado5,916,908,4rk1r/pp2b2p/3p4/2p5/6q1/5NP1/PPP1QP1P/2KRR3 b - - 0 17,g2g3
42,EulerE,chockado5,916,908,4rk1r/pp2b2p/3p4/2p5/q7/5NP1/PPP1QP1P/2KRR3 w - - 1 18,g4a4
42,EulerE,chockado5,916,908,4rk1r/pp2b2p/3p4/2p5/q7/P4NP1/1PP1QP1P/2KRR3 b - - 0 18,a2a3
42,EulerE,chockado5,916,908,4rk1r/pp5p/3p4/2p3b1/q7/P4NP1/1PP1QP1P/2KRR3 w - - 1 19,e7g5
42,EulerE,chockado5,916,908,4rk1r/pp5p/3p4/2p3N1/q7/P5P1/1PP1QP1P/2KRR3 b - - 0 19,f3g5
42,EulerE,chockado5,916,908,5k1r/pp5p/3p4/2p3N1/q7/P5P1/1PP1rP1P/2KRR3 w - - 0 20,e8e2
42,EulerE,chockado5,916,908,5k1r/pp5p/3p4/2p3N1/q7/P5P1/1PP1RP1P/2KR4 b - - 0 20,e1e2
42,EulerE,chockado5,916,908,5k1r/pp5p/3p4/2p3N1/6q1/P5P1/1PP1RP1P/2KR4 w - - 1 21,a4g4
42,EulerE,chockado5,916,908,5k1r/pp5p/3pN3/2p5/6q1/P5P1/1PP1RP1P/2KR4 b - - 2 21,g5e6
42,EulerE,chockado5,916,908,4k2r/pp5p/3pN3/2p5/6q1/P5P1/1PP1RP1P/2KR4 w - - 3 22,f8e8
42,EulerE,chockado5,916,908,4k2r/ppN4p/3p4/2p5/6q1/P5P1/1PP1RP1P/2KR4 b - - 4 22,e6c7
42,EulerE,chockado5,916,908,7r/ppNk3p/3p4/2p5/6q1/P5P1/1PP1RP1P/2KR4 w - - 5 23,e8d7
42,EulerE,chockado5,916,908,7r/ppNk3p/3p4/2p5/6q1/P5P1/1PPR1P1P/2KR4 b - - 6 23,e2d2
42,EulerE,chockado5,916,908,7r/ppk4p/3p4/2p5/6q1/P5P1/1PPR1P1P/2KR4 w - - 0 24,d7c7
42,EulerE,chockado5,916,908,7r/ppk4p/3R4/2p5/6q1/P5P1/1PP2P1P/2KR4 b - - 0 24,d2d6
42,EulerE,chockado5,916,908,7r/ppk4p/3R4/2p3q1/8/P5P1/1PP2P1P/2KR4 w - - 1 25,g4g5
42,EulerE,chockado5,916,908,7r/ppk4p/3R4/2p3q1/5P2/P5P1/1PP4P/2KR4 b - - 0 25,f2f4
42,EulerE,chockado5,916,908,6qr/ppk4p/3R4/2p5/5P2/P5P1/1PP4P/2KR4 w - - 1 26,g5g8
42,EulerE,chockado5,916,908,6qr/ppkR3p/8/2p5/5P2/P5P1/1PP4P/2KR4 b - - 2 26,d6d7
42,EulerE,chockado5,916,908,6qr/pp1R3p/2k5/2p5/5P2/P5P1/1PP4P/2KR4 w - - 3 27,c7c6
42,EulerE,chockado5,916,908,3R2qr/pp5p/2k5/2p5/5P2/P5P1/1PP4P/2KR4 b - - 4 27,d7d8
42,EulerE,chockado5,916,908,3R3r/pp4qp/2k5/2p5/5P2/P5P1/1PP4P/2KR4 w - - 5 28,g8g7
42,EulerE,chockado5,916,908,7R/pp4qp/2k5/2p5/5P2/P5P1/1PP4P/2KR4 b - - 0 28,d8h8
42,EulerE,chockado5,916,908,7q/pp5p/2k5/2p5/5P2/P5P1/1PP4P/2KR4 w - - 0 29,g7h8
42,EulerE,chockado5,916,908,7q/pp5p/2k5/2p5/5P2/P1P3P1/1P5P/2KR4 b - - 0 29,c2c3
42,EulerE,chockado5,916,908,2q5/pp5p/2k5/2p5/5P2/P1P3P1/1P5P/2KR4 w - - 1 30,h8c8
42,EulerE,chockado5,916,908,2q5/pp5p/2k5/2p5/5P2/P1P3P1/1P1R3P/2K5 b - - 2 30,d1d2
42,EulerE,chockado5,916,908,2q5/p6p/2k5/1pp5/5P2/P1P3P1/1P1R3P/2K5 w - - 0 31,b7b5
42,EulerE,chockado5,916,908,2q5/p6p/2k5/1pp5/1P3P2/P1P3P1/3R3P/2K5 b - - 0 31,b2b4
42,EulerE,chockado5,916,908,2q5/p6p/2k5/1p6/1Pp2P2/P1P3P1/3R3P/2K5 w - - 0 32,c5c4
42,EulerE,chockado5,916,908,2q5/p6p/2k5/1p6/1Pp2P2/P1P3P1/3R3P/3K4 b - - 1 32,c1d1
42,EulerE,chockado5,916,908,8/p6p/2k5/1p6/1Pp2Pq1/P1P3P1/3R3P/3K4 w - - 2 33,c8g4
42,EulerE,chockado5,916,908,8/p6p/2k5/1p6/1Pp2Pq1/P1P3P1/3R3P/2K5 b - - 3 33,d1c1
42,EulerE,chockado5,916,908,8/p6p/2k5/1p6/1Pp2P2/P1P2qP1/3R3P/2K5 w - - 4 34,g4f3
42,EulerE,chockado5,916,908,8/p6p/2k5/1p6/1Pp2P2/P1P2qP1/1K1R3P/8 b - - 5 34,c1b2
42,EulerE,chockado5,916,908,8/p6p/2k5/1p6/1Pp2P2/P1P1q1P1/1K1R3P/8 w - - 6 35,f3e3
42,EulerE,chockado5,916,908,8/p6p/2k5/1p6/1Pp2P2/P1P1q1P1/2KR3P/8 b - - 7 35,b2c2
42,EulerE,chockado5,916,908,8/p6p/2k5/1p6/1Pp1qP2/P1P3P1/2KR3P/8 w - - 8 36,e3e4
42,EulerE,chockado5,916,908,8/p6p/2k5/1p6/1Pp1qP2/P1P3P1/1K1R3P/8 b - - 9 36,c2b2
42,EulerE,chockado5,916,908,8/p7/2k5/1p5p/1Pp1qP2/P1P3P1/1K1R3P/8 w - - 0 37,h7h5
42,EulerE,chockado5,916,908,8/p7/2k5/1p5p/1PpRqP2/P1P3P1/1K5P/8 b - - 1 37,d2d4
42,EulerE,chockado5,916,908,8/p7/2k5/1p5p/1PpR1P2/P1P3P1/1K4qP/8 w - - 2 38,e4g2
42,EulerE,chockado5,916,908,8/p7/2k5/1p5p/1PpR1P2/P1P3P1/6qP/2K5 b - - 3 38,b2c1
42,EulerE,chockado5,916,908,8/p7/2k5/1p5p/1PpR1P2/P1P3P1/7q/2K5 w - - 0 39,g2h2
42,EulerE,chockado5,916,908,8/p7/2k5/1p5p/1PpR1P2/P1P3P1/7q/3K4 b - - 1 39,c1d1
42,EulerE,chockado5,916,908,8/p7/2k5/1p5p/1PpR1P2/P1P3q1/8/3K4 w - - 0 40,h2g3
42,EulerE,chockado5,916,908,8/p7/2k5/1p3P1p/1PpR4/P1P3q1/8/3K4 b - - 0 40,f4f5
42,EulerE,chockado5,916,908,8/p7/2k5/1p3P1p/1PpR2q1/P1P5/8/3K4 w - - 1 41,g3g4
42,EulerE,chockado5,916,908,8/p7/2k5/1p3P1p/1Pp3R1/P1P5/8/3K4 b - - 0 41,d4g4
42,EulerE,chockado5,916,908,8/p7/2k5/1p3P2/1Pp3p1/P1P5/8/3K4 w - - 0 42,h5g4
42,EulerE,chockado5,916,908,8/p7/2k5/1p3P2/1Pp3p1/P1P5/4K3/8 b - - 1 42,d1e2
42,EulerE,chockado5,916,908,8/p7/3k4/1p3P2/1Pp3p1/P1P5/4K3/8 w - - 2 43,c6d6
42,EulerE,chockado5,916,908,8/p7/3k4/1p3P2/1Pp3p1/P1P1K3/8/8 b - - 3 43,e2e3
42,EulerE,chockado5,916,908,8/p7/8/1p2kP2/1Pp3p1/P1P1K3/8/8 w - - 4 44,d6e5
42,EulerE,chockado5,916,908,8/p7/5P2/1p2k3/1Pp3p1/P1P1K3/8/8 b - - 0 44,f5f6
42,EulerE,chockado5,916,908,8/p7/5k2/1p6/1Pp3p1/P1P1K3/8/8 w - - 0 45,e5f6
42,EulerE,chockado5,916,908,8/p7/5k2/1p6/1Pp2Kp1/P1P5/8/8 b - - 1 45,e3f4
42,EulerE,chockado5,916,908,8/p7/5k2/1p6/1Pp2K2/P1P3p1/8/8 w - - 0 46,g4g3
42,EulerE,chockado5,916,908,8/p7/5k2/1p6/1Pp5/P1P3K1/8/8 b - - 0 46,f4g3
42,EulerE,chockado5,916,908,8/p7/8/1p2k3/1Pp5/P1P3K1/8/8 w - - 1 47,f6e5
42,EulerE,chockado5,916,908,8/p7/8/1p2k3/1Pp5/P1P5/5K2/8 b - - 2 47,g3f2
42,EulerE,chockado5,916,908,8/p7/8/1p1k4/1Pp5/P1P5/5K2/8 w - - 3 48,e5d5
42,EulerE,chockado5,916,908,8/p7/8/1p1k4/1Pp5/P1P5/4K3/8 b - - 4 48,f2e2
42,EulerE,chockado5,916,908,8/8/p7/1p1k4/1Pp5/P1P5/4K3/8 w - - 0 49,a7a6
42,EulerE,chockado5,916,908,8/8/p7/1p1k4/1Pp5/P1P5/3K4/8 b - - 1 49,e2d2
42,EulerE,chockado5,916,908,8/8/p1k5/1p6/1Pp5/P1P5/3K4/8 w - - 2 50,d5c6
42,EulerE,chockado5,916,908,8/8/p1k5/1p6/1Pp5/P1P5/2K5/8 b - - 3 50,d2c2
42,EulerE,chockado5,916,908,8/8/pk6/1p6/1Pp5/P1P5/2K5/8 w - - 4 51,c6b6
42,EulerE,chockado5,916,908,8/8/pk6/1p6/1Pp5/P1P5/1K6/8 b - - 5 51,c2b2
43,chessmatechampion,EulerE,929,908,rnbqkbnr/pppppppp/8/8/3P4/8/PPP1PPPP/RNBQKBNR b KQkq - 0 1,d2d4
43,chessmatechampion,EulerE,929,908,rnbqkbnr/ppp1pppp/8/3p4/3P4/8/PPP1PPPP/RNBQKBNR w KQkq - 0 2,d7d5
43,chessmatechampion,EulerE,929,908,rnbqkbnr/ppp1pppp/8/3p4/3P4/4P3/PPP2PPP/RNBQKBNR b KQkq - 0 2,e2e3
43,chessmatechampion,EulerE,929,908,rnbqkbnr/ppp1pp1p/6p1/3p4/3P4/4P3/PPP2PPP/RNBQKBNR w KQkq - 0 3,g7g6
43,chessmatechampion,EulerE,929,908,rnbqkbnr/ppp1pp1p/6p1/3p4/3P4/2P1P3/PP3PPP/RNBQKBNR b KQkq - 0 3,c2c3
43,chessmatechampion,EulerE,929,908,rnbqk1nr/ppp1ppbp/6p1/3p4/3P4/2P1P3/PP3PPP/RNBQKBNR w KQkq - 1 4,f8g7
43,chessmatechampion,EulerE,929,908,rnbqk1nr/ppp1ppbp/6p1/3p4/3P4/2P1PN2/PP3PPP/RNBQKB1R b KQkq - 2 4,g1f3
43,chessmatechampion,EulerE,929,908,r1bqk1nr/ppp1ppbp/2n3p1/3p4/3P4/2P1PN2/PP3PPP/RNBQKB1R w KQkq - 3 5,b8c6
43,chessmatechampion,EulerE,929,908,r1bqk1nr/ppp1ppbp/2n3p1/3p4/Q2P4/2P1PN2/PP3PPP/RNB1KB1R b KQkq - 4 5,d1a4
43,chessmatechampion,EulerE,929,908,r2qk1nr/pppbppbp/2n3p1/3p4/Q2P4/2P1PN2/PP3PPP/RNB1KB1R w KQkq - 5 6,c8d7
43,chessmatechampion,EulerE,929,908,r2qk1nr/pppbppbp/2n3p1/1B1p4/Q2P4/2P1PN2/PP3PPP/RNB1K2R b KQkq - 6 6,f1b5
43,chessmatechampion,EulerE,929,908,r2qk1nr/1ppbppbp/p1n3p1/1B1p4/Q2P4/2P1PN2/PP3PPP/RNB1K2R w KQkq - 0 7,a7a6
43,chessmatechampion,EulerE,929,908,r2qk1nr/1ppbppbp/p1B3p1/3p4/Q2P4/2P1PN2/PP3PPP/RNB1K2R b KQkq - 0 7,b5c6
43,chessmatechampion,EulerE,929,908,r2qk1nr/1pp1ppbp/p1b3p1/3p4/Q2P4/2P1PN2/PP3PPP/RNB1K2R w KQkq - 0 8,d7c6
43,chessmatechampion,EulerE,929,908,r2qk1nr/1pp1ppbp/p1b3p1/3p4/3P4/1QP1PN2/PP3PPP/RNB1K2R b KQkq - 1 8,a4b3
43,chessmatechampion,EulerE,929,908,r2qk2r/1pp1ppbp/p1b2np1/3p4/3P4/1QP1PN2/PP3PPP/RNB1K2R w KQkq - 2 9,g8f6
43,chessmatechampion,EulerE,929,908,r2qk2r/1pp1ppbp/p1b2np1/3pN3/3P4/1QP1P3/PP3PPP/RNB1K2R b KQkq - 3 9,f3e5
43,chessmatechampion,EulerE,929,908,r2qk2r/1pp1ppbp/p1b3p1/3pN3/3Pn3/1QP1P3/PP3PPP/RNB1K2R w KQkq - 4 10,f6e4
43,chessmatechampion,EulerE,929,908,r2qk2r/1pp1ppbp/p1N3p1/3p4/3Pn3/1QP1P3/PP3PPP/RNB1K2R b KQkq - 0 10,e5c6
43,chessmatechampion,EulerE,929,908,r2qk2r/2p1ppbp/p1p3p1/3p4/3Pn3/1QP1P3/PP3PPP/RNB1K2R w KQkq - 0 11,b7c6
43,chessmatechampion,EulerE,929,908,r2qk2r/1Qp1ppbp/p1p3p1/3p4/3Pn3/2P1P3/PP3PPP/RNB1K2R b KQkq - 1 11,b3b7
43,chessmatechampion,EulerE,929,908,r2q1rk1/1Qp1ppbp/p1p3p1/3p4/3Pn3/2P1P3/PP3PPP/RNB1K2R w KQ - 2 12,e8g8
43,chessmatechampion,EulerE,929,908,r2q1rk1/2p1ppbp/p1Q3p1/3p4/3Pn3/2P1P3/PP3PPP/RNB1K2R b KQ - 0 12,b7c6
43,chessmatechampion,EulerE,929,908,r4rk1/2p1ppbp/p1Qq2p1/3p4/3Pn3/2P1P3/PP3PPP/RNB1K2R w KQ - 1 13,d8d6
43,chessmatechampion,EulerE,929,908,r4rk1/2p1ppbp/p2q2p1/3p4/Q2Pn3/2P1P3/PP3PPP/RNB1K2R b KQ - 2 13,c6a4
43,chessmatechampion,EulerE,929,908,r4rk1/2p2pbp/p2q2p1/3pp3/Q2Pn3/2P1P3/PP3PPP/RNB1K2R w KQ - 0 14,e7e5
43,chessmatechampion,EulerE,929,908,r4rk1/2p2pbp/p2q2p1/3pp3/3Pn3/2P1P3/PP3PPP/RNBQK2R b KQ - 1 14,a4d1
43,chessmatechampion,EulerE,929,908,r4rk1/2p2pbp/p2q2p1/3p4/3pn3/2P1P3/PP3PPP/RNBQK2R w KQ - 0 15,e5d4
43,chessmatechampion,EulerE,929,908,r4rk1/2p2pbp/p2q2p1/3p4/3Pn3/4P3/PP3PPP/RNBQK2R b KQ - 0 15,c3d4
43,chessmatechampion,EulerE,929,908,r4rk1/5pbp/p2q2p1/2pp4/3Pn3/4P3/PP3PPP/RNBQK2R w KQ - 0 16,c7c5
43,chessmatechampion,EulerE,929,908,r4rk1/5pbp/p2q2p1/2pp4/3Pn3/2N1P3/PP3PPP/R1BQK2R b KQ - 1 16,b1c3
43,chessmatechampion,EulerE,929,908,r4rk1/5pbp/p2q2p1/2pp4/3P4/2n1P3/PP3PPP/R1BQK2R w KQ - 0 17,e4c3
43,chessmatechampion,EulerE,929,908,r4rk1/5pbp/p2q2p1/2pp4/3P4/2P1P3/P4PPP/R1BQK2R b KQ - 0 17,b2c3
43,chessmatechampion,EulerE,929,908,r4rk1/5pbp/p2q2p1/3p4/3p4/2P1P3/P4PPP/R1BQK2R w KQ - 0 18,c5d4
43,chessmatechampion,EulerE,929,908,r4rk1/5pbp/p2q2p1/3p4/P2p4/2P1P3/5PPP/R1BQK2R b KQ - 0 18,a2a4
43,chessmatechampion,EulerE,929,908,r4rk1/5pbp/p2q2p1/3p4/P7/2p1P3/5PPP/R1BQK2R w KQ - 0 19,d4c3
43,chessmatechampion,EulerE,929,908,r4rk1/5pbp/p2q2p1/3p4/P7/B1p1P3/5PPP/R2QK2R b KQ - 1 19,c1a3
43,chessmatechampion,EulerE,929,908,r4rk1/3q1pbp/p5p1/3p4/P7/B1p1P3/5PPP/R2QK2R w KQ - 2 20,d6d7
43,chessmatechampion,EulerE,929,908,r4Bk1/3q1pbp/p5p1/3p4/P7/2p1P3/5PPP/R2QK2R b KQ - 0 20,a3f8
43,chessmatechampion,EulerE,929,908,5rk1/3q1pbp/p5p1/3p4/P7/2p1P3/5PPP/R2QK2R w KQ - 0 21,a8f8
43,chessmatechampion,EulerE,929,908,5rk1/3q1pbp/p5p1/3p4/P7/2p1P3/5PPP/R2Q1RK1 b - - 1 21,e1g1
43,chessmatechampion,EulerE,929,908,5rk1/3q1pbp/p5p1/3p4/P7/4P3/2p2PPP/R2Q1RK1 w - - 0 22,c3c2
43,chessmatechampion,EulerE,929,908,5rk1/3q1pbp/p5p1/3p4/P7/4P3/2Q2PPP/R4RK1 b - - 0 22,d1c2
43,chessmatechampion,EulerE,929,908,5rk1/3q1p1p/p5p1/3p4/P7/4P3/2Q2PPP/b4RK1 w - - 0 23,g7a1
43,chessmatechampion,EulerE,929,908,5rk1/3q1p1p/p5p1/3p4/P7/4P3/2Q2PPP/R5K1 b - - 0 23,f1a1
43,chessmatechampion,EulerE,929,908,2r3k1/3q1p1p/p5p1/3p4/P7/4P3/2Q2PPP/R5K1 w - - 1 24,f8c8
43,chessmatechampion,EulerE,929,908,2r3k1/3q1p1p/p5p1/3p4/P7/4P3/4QPPP/R5K1 b - - 2 24,c2e2
43,chessmatechampion,EulerE,929,908,2r3k1/2q2p1p/p5p1/3p4/P7/4P3/4QPPP/R5K1 w - - 3 25,d7c7
43,chessmatechampion,EulerE,929,908,2r3k1/2q2p1p/p5p1/3p4/P7/4P1P1/4QP1P/R5K1 b - - 0 25,g2g3
43,chessmatechampion,EulerE,929,908,2r3k1/5p1p/p5p1/3p4/P7/4P1P1/2q1QP1P/R5K1 w - - 1 26,c7c2
43,chessmatechampion,EulerE,929,908,2r3k1/5p1p/Q5p1/3p4/P7/4P1P1/2q2P1P/R5K1 b - - 0 26,e2a6
43,chessmatechampion,EulerE,929,908,2r3k1/5p1p/Q5p1/3p4/P7/4P1P1/1q3P1P/R5K1 w - - 1 27,c2b2
43,chessmatechampion,EulerE,929,908,2Q3k1/5p1p/6p1/3p4/P7/4P1P1/1q3P1P/R5K1 b - - 0 27,a6c8
44,EulerE,abdelhamidaidat,900,914,rnbqkbnr/pppppppp/8/8/3P4/8/PPP1PPPP/RNBQKBNR b KQkq - 0 1,d2d4
44,EulerE,abdelhamidaidat,900,914,rnbqkbnr/pppp1ppp/4p3/8/3P4/8/PPP1PPPP/RNBQKBNR w KQkq - 0 2,e7e6
44,EulerE,abdelhamidaidat,900,914,rnbqkbnr/pppp1ppp/4p3/8/3PP3/8/PPP2PPP/RNBQKBNR b KQkq - 0 2,e2e4
44,EulerE,abdelhamidaidat,900,914,rnbqkbnr/ppp2ppp/4p3/3p4/3PP3/8/PPP2PPP/RNBQKBNR w KQkq - 0 3,d7d5
44,EulerE,abdelhamidaidat,900,914,rnbqkbnr/ppp2ppp/4p3/3pP3/3P4/8/PPP2PPP/RNBQKBNR b KQkq - 0 3,e4e5
44,EulerE,abdelhamidaidat,900,914,rnbqkbnr/ppp3pp/4pp2/3pP3/3P4/8/PPP2PPP/RNBQKBNR w KQkq - 0 4,f7f6
44,EulerE,abdelhamidaidat,900,914,rnbqkbnr/ppp3pp/4pp2/3pP3/3P4/5N2/PPP2PPP/RNBQKB1R b KQkq - 1 4,g1f3
44,EulerE,abdelhamidaidat,900,914,rnbqk1nr/ppp3pp/4pp2/3pP3/1b1P4/5N2/PPP2PPP/RNBQKB1R w KQkq - 2 5,f8b4
44,EulerE,abdelhamidaidat,900,914,rnbqk1nr/ppp3pp/4pp2/3pP3/1b1P4/5N2/PPPB1PPP/RN1QKB1R b KQkq - 3 5,c1d2
44,EulerE,abdelhamidaidat,900,914,rnbqk1nr/ppp3pp/4pp2/3pP3/3P4/5N2/PPPb1PPP/RN1QKB1R w KQkq - 0 6,b4d2
44,EulerE,abdelhamidaidat,900,914,rnbqk1nr/ppp3pp/4pp2/3pP3/3P4/5N2/PPPQ1PPP/RN2KB1R b KQkq - 0 6,d1d2
44,EulerE,abdelhamidaidat,900,914,rnbqk2r/ppp3pp/4pp1n/3pP3/3P4/5N2/PPPQ1PPP/RN2KB1R w KQkq - 1 7,g8h6
44,EulerE,abdelhamidaidat,900,914,rnbqk2r/ppp3pp/4pp1n/3pP3/3P1Q2/5N2/PPP2PPP/RN2KB1R b KQkq - 2 7,d2f4
44,EulerE,abdelhamidaidat,900,914,rnbqk2r/ppp4p/4pp1n/3pP1p1/3P1Q2/5N2/PPP2PPP/RN2KB1R w KQkq - 0 8,g7g5
44,EulerE,abdelhamidaidat,900,914,rnbqk2r/ppp4p/4pQ1n/3pP1p1/3P4/5N2/PPP2PPP/RN2KB1R b KQkq - 0 8,f4f6
44,EulerE,abdelhamidaidat,900,914,rnbqk2r/ppp2n1p/4pQ2/3pP1p1/3P4/5N2/PPP2PPP/RN2KB1R w KQkq - 1 9,h6f7
44,EulerE,abdelhamidaidat,900,914,rnbqk2r/ppp2n1p/4pQ2/3pP1N1/3P4/8/PPP2PPP/RN2KB1R b KQkq - 0 9,f3g5
44,EulerE,abdelhamidaidat,900,914,rnbqk2r/ppp4p/4pQ2/3pn1N1/3P4/8/PPP2PPP/RN2KB1R w KQkq - 0 10,f7e5
44,EulerE,abdelhamidaidat,900,914,rnbqk2r/ppp4p/4pQ2/3pP1N1/8/8/PPP2PPP/RN2KB1R b KQkq - 0 10,d4e5
44,EulerE,abdelhamidaidat,900,914,rnbqkr2/ppp4p/4pQ2/3pP1N1/8/8/PPP2PPP/RN2KB1R w KQq - 1 11,h8f8
44,EulerE,abdelhamidaidat,900,914,rnbQkr2/ppp4p/4p3/3pP1N1/8/8/PPP2PPP/RN2KB1R b KQq - 0 11,f6d8
44,EulerE,abdelhamidaidat,900,914,rnbk1r2/ppp4p/4p3/3pP1N1/8/8/PPP2PPP/RN2KB1R w KQ - 0 12,e8d8
44,EulerE,abdelhamidaidat,900,914,rnbk1r2/ppp4N/4p3/3pP3/8/8/PPP2PPP/RN2KB1R b KQ - 0 12,g5h7
44,EulerE,abdelhamidaidat,900,914,rnbk4/ppp4N/4p3/3pPr2/8/8/PPP2PPP/RN2KB1R w KQ - 1 13,f8f5
44,EulerE,abdelhamidaidat,900,914,rnbk4/ppp4N/4p3/3pPr2/8/3B4/PPP2PPP/RN2K2R b KQ - 2 13,f1d3
44,EulerE,abdelhamidaidat,900,914,rnbk4/ppp4N/4p3/3pr3/8/3B4/PPP2PPP/RN2K2R w KQ - 0 14,f5e5
44,EulerE,abdelhamidaidat,900,914,rnbk4/ppp4N/4p3/3pr3/8/3B4/PPPK1PPP/RN5R b - - 1 14,e1d2
44,EulerE,abdelhamidaidat,900,914,r1bk4/ppp4N/2n1p3/3pr3/8/3B4/PPPK1PPP/RN5R w - - 2 15,b8c6
44,EulerE,abdelhamidaidat,900,914,r1bk4/ppp4N/2n1p3/3pr3/8/3B4/PPPK1PPP/RN2R3 b - - 3 15,h1e1
44,EulerE,abdelhamidaidat,900,914,r1bk4/ppp4N/2n1p3/3p3r/8/3B4/PPPK1PPP/RN2R3 w - - 4 16,e5h5
44,EulerE,abdelhamidaidat,900,914,r1bk4/ppp5/2n1pN2/3p3r/8/3B4/PPPK1PPP/RN2R3 b - - 5 16,h7f6
44,EulerE,abdelhamidaidat,900,914,r1bk4/ppp5/2n1pN2/3p2r1/8/3B4/PPPK1PPP/RN2R3 w - - 6 17,h5g5
44,EulerE,abdelhamidaidat,900,914,r1bk4/ppp5/2n1RN2/3p2r1/8/3B4/PPPK1PPP/RN6 b - - 0 17,e1e6
45,EulerE,shuvamghosh591,909,936,rnbqkbnr/pppppppp/8/8/3P4/8/PPP1PPPP/RNBQKBNR b KQkq - 0 1,d2d4
45,EulerE,shuvamghosh591,909,936,rnbqkbnr/ppp1pppp/8/3p4/3P4/8/PPP1PPPP/RNBQKBNR w KQkq - 0 2,d7d5
45,EulerE,shuvamghosh591,909,936,rnbqkbnr/ppp1pppp/8/3p4/2PP4/8/PP2PPPP/RNBQKBNR b KQkq - 0 2,c2c4
45,EulerE,shuvamghosh591,909,936,r1bqkbnr/ppp1pppp/2n5/3p4/2PP4/8/PP2PPPP/RNBQKBNR w KQkq - 1 3,b8c6
45,EulerE,shuvamghosh591,909,936,r1bqkbnr/ppp1pppp/2n5/2Pp4/3P4/8/PP2PPPP/RNBQKBNR b KQkq - 0 3,c4c5
45,EulerE,shuvamghosh591,909,936,r1bqkb1r/ppp1pppp/2n2n2/2Pp4/3P4/8/PP2PPPP/RNBQKBNR w KQkq - 1 4,g8f6
45,EulerE,shuvamghosh591,909,936,r1bqkb1r/ppp1pppp/2n2n2/2Pp4/3P4/2N5/PP2PPPP/R1BQKBNR b KQkq - 2 4,b1c3
45,EulerE,shuvamghosh591,909,936,r2qkb1r/ppp1pppp/2n2n2/2Pp1b2/3P4/2N5/PP2PPPP/R1BQKBNR w KQkq - 3 5,c8f5
45,EulerE,shuvamghosh591,909,936,r2qkb1r/ppp1pppp/2n2n2/2Pp1b2/3P4/P1N5/1P2PPPP/R1BQKBNR b KQkq - 0 5,a2a3
45,EulerE,shuvamghosh591,909,936,r2qkb1r/ppp2ppp/2n1pn2/2Pp1b2/3P4/P1N5/1P2PPPP/R1BQKBNR w KQkq - 0 6,e7e6
45,EulerE,shuvamghosh591,909,936,r2qkb1r/ppp2ppp/2n1pn2/2Pp1bB1/3P4/P1N5/1P2PPPP/R2QKBNR b KQkq - 1 6,c1g5
45,EulerE,shuvamghosh591,909,936,r2qkb1r/p1p2ppp/1pn1pn2/2Pp1bB1/3P4/P1N5/1P2PPPP/R2QKBNR w KQkq - 0 7,b7b6
45,EulerE,shuvamghosh591,909,936,r2qkb1r/p1p2ppp/1pn1pB2/2Pp1b2/3P4/P1N5/1P2PPPP/R2QKBNR b KQkq - 0 7,g5f6
45,EulerE,shuvamghosh591,909,936,r3kb1r/p1p2ppp/1pn1pq2/2Pp1b2/3P4/P1N5/1P2PPPP/R2QKBNR w KQkq - 0 8,d8f6
45,EulerE,shuvamghosh591,909,936,r3kb1r/p1p2ppp/1pn1pq2/2Pp1b2/3P4/P1N3P1/1P2PP1P/R2QKBNR b KQkq - 0 8,g2g3
45,EulerE,shuvamghosh591,909,936,r3kb1r/p1p2ppp/1p2pq2/2Pp1b2/3n4/P1N3P1/1P2PP1P/R2QKBNR w KQkq - 0 9,c6d4
45,EulerE,shuvamghosh591,909,936,r3kb1r/p1p2ppp/1p2pq2/2Pp1b2/3n4/P1N3P1/1P2PP1P/2RQKBNR b Kkq - 1 9,a1c1
45,EulerE,shuvamghosh591,909,936,r3kb1r/p1p2ppp/4pq2/2pp1b2/3n4/P1N3P1/1P2PP1P/2RQKBNR w Kkq - 0 10,b6c5
45,EulerE,shuvamghosh591,909,936,r3kb1r/p1p2ppp/4pq2/2pp1b2/3n4/P1N3P1/1P2PPBP/2RQK1NR b Kkq - 1 10,f1g2
45,EulerE,shuvamghosh591,909,936,r3k2r/p1p2ppp/3bpq2/2pp1b2/3n4/P1N3P1/1P2PPBP/2RQK1NR w Kkq - 2 11,f8d6
45,EulerE,shuvamghosh591,909,936,r3k2r/p1p2ppp/3bpq2/2pp1b2/3nP3/P1N3P1/1P3PBP/2RQK1NR b Kkq - 0 11,e2e4
45,EulerE,shuvamghosh591,909,936,r3k2r/p1p2ppp/3bp3/2ppqb2/3nP3/P1N3P1/1P3PBP/2RQK1NR w Kkq - 1 12,f6e5
45,EulerE,shuvamghosh591,909,936,r3k2r/p1p2ppp/3bp3/2ppqb2/3nP3/P1N2NP1/1P3PBP/2RQK2R b Kkq - 2 12,g1f3
45,EulerE,shuvamghosh591,909,936,r3k2r/p1p2ppp/3bp3/2ppqb2/4P3/P1N2nP1/1P3PBP/2RQK2R w Kkq - 0 13,d4f3
45,EulerE,shuvamghosh591,909,936,r3k2r/p1p2ppp/3bp3/2ppqb2/4P3/P1N2QP1/1P3PBP/2R1K2R b Kkq - 0 13,d1f3
45,EulerE,shuvamghosh591,909,936,r3k2r/p1p2ppp/3bp3/2ppq3/4b3/P1N2QP1/1P3PBP/2R1K2R w Kkq - 0 14,f5e4
45,EulerE,shuvamghosh591,909,936,r3k2r/p1p2ppp/3bp3/2ppq3/4N3/P4QP1/1P3PBP/2R1K2R b Kkq - 0 14,c3e4
45,EulerE,shuvamghosh591,909,936,r3k2r/p1p2ppp/3bp3/2p1q3/4p3/P4QP1/1P3PBP/2R1K2R w Kkq - 0 15,d5e4
45,EulerE,shuvamghosh591,909,936,r3k2r/p1p2ppp/3bp3/2p1q3/4Q3/P5P1/1P3PBP/2R1K2R b Kkq - 0 15,f3e4
45,EulerE,shuvamghosh591,909,936,r3k2r/p1p2ppp/3bp3/2p5/4Q3/P5P1/1q3PBP/2R1K2R w Kkq - 0 16,e5b2
45,EulerE,shuvamghosh591,909,936,Q3k2r/p1p2ppp/3bp3/2p5/8/P5P1/1q3PBP/2R1K2R b Kk - 0 16,e4a8
45,EulerE,shuvamghosh591,909,936,Q6r/p1p1kppp/3bp3/2p5/8/P5P1/1q3PBP/2R1K2R w K - 1 17,e8e7
45,EulerE,shuvamghosh591,909,936,7Q/p1p1kppp/3bp3/2p5/8/P5P1/1q3PBP/2R1K2R b K - 0 17,a8h8
45,EulerE,shuvamghosh591,909,936,7Q/p1p1kppp/3bp3/2p5/8/P5P1/5PBP/2q1K2R w K - 0 18,b2c1
45,EulerE,shuvamghosh591,909,936,7Q/p1p1kppp/3bp3/2p5/8/P5P1/4KPBP/2q4R b - - 1 18,e1e2
45,EulerE,shuvamghosh591,909,936,7Q/p1p1kppp/3bp3/2p5/8/P5P1/1q2KPBP/7R w - - 2 19,c1b2
45,EulerE,shuvamghosh591,909,936,7Q/p1p1kppp/3bp3/2p5/8/P5P1/1q3PBP/4K2R b - - 3 19,e2e1
45,EulerE,shuvamghosh591,909,936,7Q/p1p1kppp/3bp3/2p5/8/P1q3P1/5PBP/4K2R w - - 4 20,b2c3
45,EulerE,shuvamghosh591,909,936,7Q/p1p1kppp/3bp3/2p5/8/P1q3P1/4KPBP/7R b - - 5 20,e1e2
45,EulerE,shuvamghosh591,909,936,7Q/p1p1kppp/3bp3/2p1q3/8/P5P1/4KPBP/7R w - - 6 21,c3e5
45,EulerE,shuvamghosh591,909,936,7Q/p1p1kppp/3bp3/2p1q3/8/P4KP1/5PBP/7R b - - 7 21,e2f3
45,EulerE,shuvamghosh591,909,936,7Q/p1p1kppp/3bp3/2p4q/8/P4KP1/5PBP/7R w - - 8 22,e5h5
45,EulerE,shuvamghosh591,909,936,7Q/p1p1kppp/3bp3/2p4q/8/P3K1P1/5PBP/7R b - - 9 22,f3e3
45,EulerE,shuvamghosh591,909,936,7Q/p1p1kppp/3bp3/2p1q3/8/P3K1P1/5PBP/7R w - - 10 23,h5e5
45,EulerE,shuvamghosh591,909,936,7Q/p1p1kppp/3bp3/2p1q3/8/P2K2P1/5PBP/7R b - - 11 23,e3d3
45,EulerE,shuvamghosh591,909,936,7Q/p1p1kppp/3bp3/2p5/3q4/P2K2P1/5PBP/7R w - - 12 24,e5d4
45,EulerE,shuvamghosh591,909,936,7Q/p1p1kppp/3bp3/2p5/3q4/P5P1/4KPBP/7R b - - 13 24,d3e2
45,EulerE,shuvamghosh591,909,936,7Q/p1p1kppp/3bp3/2p5/8/P5P1/1q2KPBP/7R w - - 14 25,d4b2
45,EulerE,shuvamghosh591,909,936,7Q/p1p1kppp/3bp3/2p5/8/P5P1/1q3PBP/4K2R b - - 15 25,e2e1
45,EulerE,shuvamghosh591,909,936,7Q/p1p1kppp/3bp3/2p5/8/P5P1/5PBP/2q1K2R w - - 16 26,b2c1
45,EulerE,shuvamghosh591,909,936,7Q/p1p1kppp/3bp3/2p5/8/P5P1/4KPBP/2q4R b - - 17 26,e1e2
45,EulerE,shuvamghosh591,909,936,7Q/p1p1kppp/3bp3/2p5/8/P5P1/2q1KPBP/7R w - - 18 27,c1c2
45,EulerE,shuvamghosh591,909,936,7Q/p1p1kppp/3bp3/2p5/8/P5P1/2q2PBP/4K2R b - - 19 27,e2e1
45,EulerE,shuvamghosh591,909,936,7Q/p1p1kppp/3bp3/2p5/8/P1q3P1/5PBP/4K2R w - - 20 28,c2c3
45,EulerE,shuvamghosh591,909,936,7Q/p1p1kppp/3bp3/2p5/8/P1q3P1/4KPBP/7R b - - 21 28,e1e2
45,EulerE,shuvamghosh591,909,936,7Q/p1p1kppp/3bp3/2p1q3/8/P5P1/4KPBP/7R w - - 22 29,c3e5
45,EulerE,shuvamghosh591,909,936,7Q/p1p1kppp/3bp3/2p1q3/8/P5P1/5PBP/3K3R b - - 23 29,e2d1
45,EulerE,shuvamghosh591,909,936,7Q/p1p1kppp/3bp3/2p4q/8/P5P1/5PBP/3K3R w - - 24 30,e5h5
45,EulerE,shuvamghosh591,909,936,7Q/p1p1kppp/3bp3/2p4q/8/P4PP1/6BP/3K3R b - - 0 30,f2f3
45,EulerE,shuvamghosh591,909,936,7Q/p1p1kppp/3bp3/2pq4/8/P4PP1/6BP/3K3R w - - 1 31,h5d5
45,EulerE,shuvamghosh591,909,936,7Q/p1p1kppp/3bp3/2pq4/8/P4PP1/4K1BP/7R b - - 2 31,d1e2
45,EulerE,shuvamghosh591,909,936,7Q/p1p1kppp/3bp3/2p5/8/P4PP1/q3K1BP/7R w - - 3 32,d5a2
45,EulerE,shuvamghosh591,909,936,7Q/p1p1kppp/3bp3/2p5/8/P4PP1/q5BP/5K1R b - - 4 32,e2f1
45,EulerE,shuvamghosh591,909,936,7Q/p1p1kppp/3bp3/2p5/8/P4PP1/6BP/1q3K1R w - - 5 33,a2b1
45,EulerE,shuvamghosh591,909,936,7Q/p1p1kppp/3bp3/2p5/8/P4PP1/5KBP/1q5R b - - 6 33,f1f2
45,EulerE,shuvamghosh591,909,936,7Q/p1p1kppp/3bp3/2p5/8/P4PP1/2q2KBP/7R w - - 7 34,b1c2
45,EulerE,shuvamghosh591,909,936,7Q/p1p1kppp/3bp3/2p5/8/P4PP1/2q3BP/5K1R b - - 8 34,f2f1
45,EulerE,shuvamghosh591,909,936,7Q/p1p1kppp/3bp3/2p5/8/P4PP1/6BP/3q1K1R w - - 9 35,c2d1
45,EulerE,shuvamghosh591,909,936,7Q/p1p1kppp/3bp3/2p5/8/P4PP1/5KBP/3q3R b - - 10 35,f1f2
45,EulerE,shuvamghosh591,909,936,7Q/p1p1kppp/3bp3/2p5/8/P4PP1/3q1KBP/7R w - - 11 36,d1d2
45,EulerE,shuvamghosh591,909,936,7Q/p1p1kppp/3bp3/2p5/8/P4PP1/3q2BP/5K1R b - - 12 36,f2f1
45,EulerE,shuvamghosh591,909,936,7Q/p1p1kppp/3bp3/8/2p5/P4PP1/3q2BP/5K1R w - - 0 37,c5c4
45,EulerE,shuvamghosh591,909,936,8/p1p1kpQp/3bp3/8/2p5/P4PP1/3q2BP/5K1R b - - 0 37,h8g7
45,EulerE,shuvamghosh591,909,936,8/p1p1kpQp/4p3/8/2p5/b4PP1/3q2BP/5K1R w - - 0 38,d6a3
45,EulerE,shuvamghosh591,909,936,8/p1p1kpQp/4p3/8/2p2P2/b5P1/3q2BP/5K1R b - - 0 38,f3f4
45,EulerE,shuvamghosh591,909,936,8/p1p1kpQp/4p3/2b5/2p2P2/6P1/3q2BP/5K1R w - - 1 39,a3c5
45,EulerE,shuvamghosh591,909,936,8/p1p1kp1p/4p3/2b3Q1/2p2P2/6P1/3q2BP/5K1R b - - 2 39,g7g5
45,EulerE,shuvamghosh591,909,936,8/p1p2p1p/3kp3/2b3Q1/2p2P2/6P1/3q2BP/5K1R w - - 3 40,e7d6
45,EulerE,shuvamghosh591,909,936,8/p1p2p1p/3kp3/2b1Q3/2p2P2/6P1/3q2BP/5K1R b - - 4 40,g5e5
45,EulerE,shuvamghosh591,909,936,8/p1pk1p1p/4p3/2b1Q3/2p2P2/6P1/3q2BP/5K1R w - - 5 41,d6d7
45,EulerE,shuvamghosh591,909,936,8/p1pk1p1p/4p3/2Q5/2p2P2/6P1/3q2BP/5K1R b - - 0 41,e5c5
45,EulerE,shuvamghosh591,909,936,8/p1pk1p1p/4p3/2Q5/2p2P2/3q2P1/6BP/5K1R w - - 1 42,d2d3
45,EulerE,shuvamghosh591,909,936,8/p1pk1p1p/4p3/2Q5/2p2P2/3q2P1/5KBP/7R b - - 2 42,f1f2
45,EulerE,shuvamghosh591,909,936,8/p1pk1p1p/4p3/2Q5/2p2P2/6P1/3q1KBP/7R w - - 3 43,d3d2
45,EulerE,shuvamghosh591,909,936,8/p1pk1p1p/4p3/2Q5/2p2P2/6P1/3q2BP/5K1R b - - 4 43,f2f1
45,EulerE,shuvamghosh591,909,936,8/p1pk1p1p/4p3/2Q5/2p2P2/6P1/6BP/3q1K1R w - - 5 44,d2d1
45,EulerE,shuvamghosh591,909,936,8/p1pk1p1p/4p3/2Q5/2p2P2/6P1/5KBP/3q3R b - - 6 44,f1f2
45,EulerE,shuvamghosh591,909,936,8/p1pk1p1p/4p3/2Q5/2p2P2/6P1/3q1KBP/7R w - - 7 45,d1d2
45,EulerE,shuvamghosh591,909,936,8/p1pk1p1p/4p3/2Q5/2p2P2/5KP1/3q2BP/7R b - - 8 45,f2f3
45,EulerE,shuvamghosh591,909,936,8/p1pk1p1p/4p3/2Q5/2p2P2/3q1KP1/6BP/7R w - - 9 46,d2d3
45,EulerE,shuvamghosh591,909,936,8/p1pk1p1p/4p3/2Q5/2p2PK1/3q2P1/6BP/7R b - - 10 46,f3g4
45,EulerE,shuvamghosh591,909,936,8/p1pk1p1p/4p1q1/2Q5/2p2PK1/6P1/6BP/7R w - - 11 47,d3g6
45,EulerE,shuvamghosh591,909,936,8/p1pk1p1p/4p1q1/2Q5/2p2P2/5KP1/6BP/7R b - - 12 47,g4f3
45,EulerE,shuvamghosh591,909,936,8/p1pk1p1p/4p3/2Q5/2p2P2/3q1KP1/6BP/7R w - - 13 48,g6d3
45,EulerE,shuvamghosh591,909,936,8/p1pk1p1p/4p3/2Q5/2p2PK1/3q2P1/6BP/7R b - - 14 48,f3g4
45,EulerE,shuvamghosh591,909,936,8/p1pk1p1p/4p1q1/2Q5/2p2PK1/6P1/6BP/7R w - - 15 49,d3g6
45,EulerE,shuvamghosh591,909,936,8/p1pk1p1p/4p1q1/6Q1/2p2PK1/6P1/6BP/7R b - - 16 49,c5g5
45,EulerE,shuvamghosh591,909,936,8/p1pk1p2/4p1q1/6Qp/2p2PK1/6P1/6BP/7R w - - 0 50,h7h5
45,EulerE,shuvamghosh591,909,936,8/p1pk1p2/4p1q1/6Qp/2p2P1K/6P1/6BP/7R b - - 1 50,g4h4
45,EulerE,shuvamghosh591,909,936,8/p1pk1p2/4p3/6qp/2p2P1K/6P1/6BP/7R w - - 0 51,g6g5
45,EulerE,shuvamghosh591,909,936,8/p1pk1p2/4p3/6Kp/2p2P2/6P1/6BP/7R b - - 0 51,h4g5
45,EulerE,shuvamghosh591,909,936,8/p1pk4/4pp2/6Kp/2p2P2/6P1/6BP/7R w - - 0 52,f7f6
45,EulerE,shuvamghosh591,909,936,8/p1pk4/4pK2/7p/2p2P2/6P1/6BP/7R b - - 0 52,g5f6
45,EulerE,shuvamghosh591,909,936,8/p1pk4/4pK2/7p/5P2/2p3P1/6BP/7R w - - 0 53,c4c3
45,EulerE,shuvamghosh591,909,936,8/p1pk4/4pK2/7p/5P2/2p3P1/6BP/2R5 b - - 1 53,h1c1
45,EulerE,shuvamghosh591,909,936,8/p1pk4/4pK2/7p/5P2/6P1/2p3BP/2R5 w - - 0 54,c3c2
45,EulerE,shuvamghosh591,909,936,8/p1pk4/4pK2/7p/5P2/6P1/2R3BP/8 b - - 0 54,c1c2
46,EulerE,MichaelOlderoy,916,843,rnbqkbnr/pppppppp/8/8/3P4/8/PPP1PPPP/RNBQKBNR b KQkq - 0 1,d2d4
46,EulerE,MichaelOlderoy,916,843,rnbqkbnr/ppp1pppp/8/3p4/3P4/8/PPP1PPPP/RNBQKBNR w KQkq - 0 2,d7d5
46,EulerE,MichaelOlderoy,916,843,rnbqkbnr/ppp1pppp/8/3p4/2PP4/8/PP2PPPP/RNBQKBNR b KQkq - 0 2,c2c4
46,EulerE,MichaelOlderoy,916,843,rnbqkbnr/ppp2ppp/8/3pp3/2PP4/8/PP2PPPP/RNBQKBNR w KQkq - 0 3,e7e5
46,EulerE,MichaelOlderoy,916,843,rnbqkbnr/ppp2ppp/8/3pp3/2PP4/2N5/PP2PPPP/R1BQKBNR b KQkq - 1 3,b1c3
46,EulerE,MichaelOlderoy,916,843,rnbqkb1r/ppp2ppp/5n2/3pp3/2PP4/2N5/PP2PPPP/R1BQKBNR w KQkq - 2 4,g8f6
46,EulerE,MichaelOlderoy,916,843,rnbqkb1r/ppp2ppp/5n2/3pP3/2P5/2N5/PP2PPPP/R1BQKBNR b KQkq - 0 4,d4e5
46,EulerE,MichaelOlderoy,916,843,rnbqkb1r/ppp2ppp/8/3pP3/2P1n3/2N5/PP2PPPP/R1BQKBNR w KQkq - 1 5,f6e4
46,EulerE,MichaelOlderoy,916,843,rnbqkb1r/ppp2ppp/8/3PP3/4n3/2N5/PP2PPPP/R1BQKBNR b KQkq - 0 5,c4d5
46,EulerE,MichaelOlderoy,916,843,rnbqkb1r/ppp2ppp/8/3PP3/8/2n5/PP2PPPP/R1BQKBNR w KQkq - 0 6,e4c3
46,EulerE,MichaelOlderoy,916,843,rnbqkb1r/ppp2ppp/8/3PP3/8/2P5/P3PPPP/R1BQKBNR b KQkq - 0 6,b2c3
46,EulerE,MichaelOlderoy,916,843,rnbqk2r/ppp2ppp/8/3PP3/1b6/2P5/P3PPPP/R1BQKBNR w KQkq - 1 7,f8b4
46,EulerE,MichaelOlderoy,916,843,rnbqk2r/ppp2ppp/8/3PP3/1P6/8/P3PPPP/R1BQKBNR b KQkq - 0 7,c3b4
46,EulerE,MichaelOlderoy,916,843,rnbqk2r/pp3ppp/2p5/3PP3/1P6/8/P3PPPP/R1BQKBNR w KQkq - 0 8,c7c6
46,EulerE,MichaelOlderoy,916,843,rnbqk2r/pp3ppp/2p5/3PP3/1P2P3/8/P4PPP/R1BQKBNR b KQkq - 0 8,e2e4
46,EulerE,MichaelOlderoy,916,843,rnbq1rk1/pp3ppp/2p5/3PP3/1P2P3/8/P4PPP/R1BQKBNR w KQ - 1 9,e8g8
46,EulerE,MichaelOlderoy,916,843,rnbq1rk1/pp3ppp/2p5/3PP3/1P2P3/5N2/P4PPP/R1BQKB1R b KQ - 2 9,g1f3
46,EulerE,MichaelOlderoy,916,843,rnbqr1k1/pp3ppp/2p5/3PP3/1P2P3/5N2/P4PPP/R1BQKB1R w KQ - 3 10,f8e8
46,EulerE,MichaelOlderoy,916,843,rnbqr1k1/pp3ppp/2p5/3PP3/1PB1P3/5N2/P4PPP/R1BQK2R b KQ - 4 10,f1c4
46,EulerE,MichaelOlderoy,916,843,rnbqr1k1/pp3ppp/8/3pP3/1PB1P3/5N2/P4PPP/R1BQK2R w KQ - 0 11,c6d5
46,EulerE,MichaelOlderoy,916,843,rnbqr1k1/pp3ppp/8/3PP3/1PB5/5N2/P4PPP/R1BQK2R b KQ - 0 11,e4d5
46,EulerE,MichaelOlderoy,916,843,rnbqr1k1/pp4pp/5p2/3PP3/1PB5/5N2/P4PPP/R1BQK2R w KQ - 0 12,f7f6
46,EulerE,MichaelOlderoy,916,843,rnbqr1k1/pp4pp/5p2/3PP3/1PB5/5N2/P4PPP/R1BQ1K1R b - - 1 12,e1f1
46,EulerE,MichaelOlderoy,916,843,rnbqr1k1/pp4pp/8/3Pp3/1PB5/5N2/P4PPP/R1BQ1K1R w - - 0 13,f6e5
46,EulerE,MichaelOlderoy,916,843,rnbqr1k1/pp4pp/8/3Pp1B1/1PB5/5N2/P4PPP/R2Q1K1R b - - 1 13,c1g5
46,EulerE,MichaelOlderoy,916,843,rnb1r1k1/pp4pp/3q4/3Pp1B1/1PB5/5N2/P4PPP/R2Q1K1R w - - 2 14,d8d6
46,EulerE,MichaelOlderoy,916,843,rnb1r1k1/pp4pp/3q4/1B1Pp1B1/1P6/5N2/P4PPP/R2Q1K1R b - - 3 14,c4b5
46,EulerE,MichaelOlderoy,916,843,rnb2rk1/pp4pp/3q4/1B1Pp1B1/1P6/5N2/P4PPP/R2Q1K1R w - - 4 15,e8f8
46,EulerE,MichaelOlderoy,916,843,rnb2rk1/pp4pp/3q4/1B1Pp1B1/1P6/5N2/P3QPPP/R4K1R b - - 5 15,d1e2
46,EulerE,MichaelOlderoy,916,843,rnb2rk1/pp4pp/8/1B1qp1B1/1P6/5N2/P3QPPP/R4K1R w - - 0 16,d6d5
46,EulerE,MichaelOlderoy,916,843,rnb2rk1/pp4pp/8/1B1qN1B1/1P6/8/P3QPPP/R4K1R b - - 0 16,f3e5
46,EulerE,MichaelOlderoy,916,843,rnb1r1k1/pp4pp/8/1B1qN1B1/1P6/8/P3QPPP/R4K1R w - - 1 17,f8e8
46,EulerE,MichaelOlderoy,916,843,rnb1r1k1/pp4pp/8/3qN1B1/1PB5/8/P3QPPP/R4K1R b - - 2 17,b5c4
46,EulerE,MichaelOlderoy,916,843,rnb1r1k1/pp4pp/8/4N1B1/1Pq5/8/P3QPPP/R4K1R w - - 0 18,d5c4
46,EulerE,MichaelOlderoy,916,843,rnb1r1k1/pp4pp/8/4N1B1/1PQ5/8/P4PPP/R4K1R b - - 0 18,e2c4
46,EulerE,MichaelOlderoy,916,843,rnb3k1/pp4pp/4r3/4N1B1/1PQ5/8/P4PPP/R4K1R w - - 1 19,e8e6
46,EulerE,MichaelOlderoy,916,843,rnb3k1/pp4pp/4r3/6B1/1PQ5/5N2/P4PPP/R4K1R b - - 2 19,e5f3
46,EulerE,MichaelOlderoy,916,843,rnb3k1/p5pp/4r3/1p4B1/1PQ5/5N2/P4PPP/R4K1R w - - 0 20,b7b5
46,EulerE,MichaelOlderoy,916,843,rnb3k1/p5pp/4r3/1Q4B1/1P6/5N2/P4PPP/R4K1R b - - 0 20,c4b5
46,EulerE,MichaelOlderoy,916,843,rnb3k1/6pp/4r3/pQ4B1/1P6/5N2/P4PPP/R4K1R w - - 0 21,a7a5
46,EulerE,MichaelOlderoy,916,843,rnb3k1/6pp/4r3/p2Q2B1/1P6/5N2/P4PPP/R4K1R b - - 1 21,b5d5
46,EulerE,MichaelOlderoy,916,843,1nb3k1/6pp/r3r3/p2Q2B1/1P6/5N2/P4PPP/R4K1R w - - 2 22,a8a6
46,EulerE,MichaelOlderoy,916,843,1nbQ2k1/6pp/r3r3/p5B1/1P6/5N2/P4PPP/R4K1R b - - 3 22,d5d8
46,EulerE,MichaelOlderoy,916,843,1nbQ4/5kpp/r3r3/p5B1/1P6/5N2/P4PPP/R4K1R w - - 4 23,g8f7
46,EulerE,MichaelOlderoy,916,843,1nQ5/5kpp/r3r3/p5B1/1P6/5N2/P4PPP/R4K1R b - - 0 23,d8c8
46,EulerE,MichaelOlderoy,916,843,2Q5/3n1kpp/r3r3/p5B1/1P6/5N2/P4PPP/R4K1R w - - 1 24,b8d7
46,EulerE,MichaelOlderoy,916,843,8/3Q1kpp/r3r3/p5B1/1P6/5N2/P4PPP/R4K1R b - - 0 24,c8d7
46,EulerE,MichaelOlderoy,916,843,8/3Q2pp/r3r1k1/p5B1/1P6/5N2/P4PPP/R4K1R w - - 1 25,f7g6
46,EulerE,MichaelOlderoy,916,843,8/3Q2pp/r3r1k1/p5B1/1P1N4/8/P4PPP/R4K1R b - - 2 25,f3d4
46,EulerE,MichaelOlderoy,916,843,8/3Q2pp/r3r1k1/6B1/1p1N4/8/P4PPP/R4K1R w - - 0 26,a5b4
46,EulerE,MichaelOlderoy,916,843,8/3Q2pp/r3N1k1/6B1/1p6/8/P4PPP/R4K1R b - - 0 26,d4e6
46,EulerE,MichaelOlderoy,916,843,8/3Q2p1/r3N1kp/6B1/1p6/8/P4PPP/R4K1R w - - 0 27,h7h6
46,EulerE,MichaelOlderoy,916,843,8/6Q1/r3N1kp/6B1/1p6/8/P4PPP/R4K1R b - - 0 27,d7g7
46,EulerE,MichaelOlderoy,916,843,8/6Q1/r3N2p/5kB1/1p6/8/P4PPP/R4K1R w - - 1 28,g6f5
46,EulerE,MichaelOlderoy,916,843,8/8/r3NQ1p/5kB1/1p6/8/P4PPP/R4K1R b - - 2 28,g7f6
46,EulerE,MichaelOlderoy,916,843,8/8/r3NQ1p/6B1/1p2k3/8/P4PPP/R4K1R w - - 3 29,f5e4
46,EulerE,MichaelOlderoy,916,843,8/8/r3N2p/6B1/1p1Qk3/8/P4PPP/R4K1R b - - 4 29,f6d4
46,EulerE,MichaelOlderoy,916,843,8/8/r3N2p/5kB1/1p1Q4/8/P4PPP/R4K1R w - - 5 30,e4f5
46,EulerE,MichaelOlderoy,916,843,8/8/r3N2p/5kB1/1p6/3Q4/P4PPP/R4K1R b - - 6 30,d4d3
46,EulerE,MichaelOlderoy,916,843,8/8/r3k2p/6B1/1p6/3Q4/P4PPP/R4K1R w - - 0 31,f5e6
46,EulerE,MichaelOlderoy,916,843,8/8/Q3k2p/6B1/1p6/8/P4PPP/R4K1R b - - 0 31,d3a6
46,EulerE,MichaelOlderoy,916,843,8/8/Q6p/5kB1/1p6/8/P4PPP/R4K1R w - - 1 32,e6f5
46,EulerE,MichaelOlderoy,916,843,8/8/5Q1p/5kB1/1p6/8/P4PPP/R4K1R b - - 2 32,a6f6
46,EulerE,MichaelOlderoy,916,843,8/8/5Q1p/6B1/1p4k1/8/P4PPP/R4K1R w - - 3 33,f5g4
46,EulerE,MichaelOlderoy,916,843,8/8/5Q1B/8/1p4k1/8/P4PPP/R4K1R b - - 0 33,g5h6
46,EulerE,MichaelOlderoy,916,843,8/8/5Q1B/8/6k1/1p6/P4PPP/R4K1R w - - 0 34,b4b3
46,EulerE,MichaelOlderoy,916,843,8/8/7B/8/5Qk1/1p6/P4PPP/R4K1R b - - 1 34,f6f4
46,EulerE,MichaelOlderoy,916,843,8/8/7B/7k/5Q2/1p6/P4PPP/R4K1R w - - 2 35,g4h5
46,EulerE,MichaelOlderoy,916,843,8/8/7B/6Qk/8/1p6/P4PPP/R4K1R b - - 3 35,f4g5
47,EulerE,diobestiaa,926,979,rnbqkbnr/pppppppp/8/8/3P4/8/PPP1PPPP/RNBQKBNR b KQkq - 0 1,d2d4
47,EulerE,diobestiaa,926,979,rnbqkbnr/ppp1pppp/8/3p4/3P4/8/PPP1PPPP/RNBQKBNR w KQkq - 0 2,d7d5
47,EulerE,diobestiaa,926,979,rnbqkbnr/ppp1pppp/8/3p4/2PP4/8/PP2PPPP/RNBQKBNR b KQkq - 0 2,c2c4
47,EulerE,diobestiaa,926,979,rnbqkbnr/ppp1pppp/8/8/2pP4/8/PP2PPPP/RNBQKBNR w KQkq - 0 3,d5c4
47,EulerE,diobestiaa,926,979,rnbqkbnr/ppp1pppp/8/8/2pPP3/8/PP3PPP/RNBQKBNR b KQkq - 0 3,e2e4
47,EulerE,diobestiaa,926,979,rnbqkb1r/ppp1pppp/5n2/8/2pPP3/8/PP3PPP/RNBQKBNR w KQkq - 1 4,g8f6
47,EulerE,diobestiaa,926,979,rnbqkb1r/ppp1pppp/5n2/8/2pPP3/2N5/PP3PPP/R1BQKBNR b KQkq - 2 4,b1c3
47,EulerE,diobestiaa,926,979,rn1qkb1r/ppp1pppp/5n2/8/2pPP1b1/2N5/PP3PPP/R1BQKBNR w KQkq - 3 5,c8g4
47,EulerE,diobestiaa,926,979,rn1qkb1r/ppp1pppp/5n2/8/2pPP1b1/2N5/PP2BPPP/R1BQK1NR b KQkq - 4 5,f1e2
47,EulerE,diobestiaa,926,979,rn1qkb1r/ppp1pppp/5n2/8/2pPP3/2N5/PP2bPPP/R1BQK1NR w KQkq - 0 6,g4e2
47,EulerE,diobestiaa,926,979,rn1qkb1r/ppp1pppp/5n2/8/2pPP3/2N5/PP2NPPP/R1BQK2R b KQkq - 0 6,g1e2
47,EulerE,diobestiaa,926,979,rn1qkb1r/ppp2ppp/4pn2/8/2pPP3/2N5/PP2NPPP/R1BQK2R w KQkq - 0 7,e7e6
47,EulerE,diobestiaa,926,979,rn1qkb1r/ppp2ppp/4pn2/8/2pPP3/P1N5/1P2NPPP/R1BQK2R b KQkq - 0 7,a2a3
47,EulerE,diobestiaa,926,979,rn1qkb1r/ppp2ppp/5n2/4p3/2pPP3/P1N5/1P2NPPP/R1BQK2R w KQkq - 0 8,e6e5
47,EulerE,diobestiaa,926,979,rn1qkb1r/ppp2ppp/5n2/4p3/2pPP3/P1N5/1P2NPPP/R1BQ1RK1 b kq - 1 8,e1g1
47,EulerE,diobestiaa,926,979,r2qkb1r/ppp2ppp/2n2n2/4p3/2pPP3/P1N5/1P2NPPP/R1BQ1RK1 w kq - 2 9,b8c6
47,EulerE,diobestiaa,926,979,r2qkb1r/ppp2ppp/2n2n2/3Pp3/2p1P3/P1N5/1P2NPPP/R1BQ1RK1 b kq - 0 9,d4d5
47,EulerE,diobestiaa,926,979,r2qkb1r/ppp2ppp/5n2/3Pp3/2pnP3/P1N5/1P2NPPP/R1BQ1RK1 w kq - 1 10,c6d4
47,EulerE,diobestiaa,926,979,r2qkb1r/ppp2ppp/5n2/3Pp3/2pNP3/P1N5/1P3PPP/R1BQ1RK1 b kq - 0 10,e2d4
47,EulerE,diobestiaa,926,979,r2qkb1r/ppp2ppp/5n2/3P4/2ppP3/P1N5/1P3PPP/R1BQ1RK1 w kq - 0 11,e5d4
47,EulerE,diobestiaa,926,979,r2qkb1r/ppp2ppp/5n2/3P4/2pQP3/P1N5/1P3PPP/R1B2RK1 b kq - 0 11,d1d4
47,EulerE,diobestiaa,926,979,r2qk2r/ppp2ppp/3b1n2/3P4/2pQP3/P1N5/1P3PPP/R1B2RK1 w kq - 1 12,f8d6
47,EulerE,diobestiaa,926,979,r2qk2r/ppp2ppp/3b1n2/3PP3/2pQ4/P1N5/1P3PPP/R1B2RK1 b kq - 0 12,e4e5
47,EulerE,diobestiaa,926,979,r2qk2r/pppn1ppp/3b4/3PP3/2pQ4/P1N5/1P3PPP/R1B2RK1 w kq - 1 13,f6d7
47,EulerE,diobestiaa,926,979,r2qk2r/pppn1ppp/3P4/3P4/2pQ4/P1N5/1P3PPP/R1B2RK1 b kq - 0 13,e5d6
47,EulerE,diobestiaa,926,979,r2qk2r/pp1n1ppp/3p4/3P4/2pQ4/P1N5/1P3PPP/R1B2RK1 w kq - 0 14,c7d6
47,EulerE,diobestiaa,926,979,r2qk2r/pp1n1ppp/3p4/3P4/2pQ4/P1N5/1P3PPP/R1B1R1K1 b kq - 1 14,f1e1
47,EulerE,diobestiaa,926,979,r2q1k1r/pp1n1ppp/3p4/3P4/2pQ4/P1N5/1P3PPP/R1B1R1K1 w - - 2 15,e8f8
47,EulerE,diobestiaa,926,979,r2q1k1r/pp1n1ppp/3p3B/3P4/2pQ4/P1N5/1P3PPP/R3R1K1 b - - 3 15,c1h6
47,EulerE,diobestiaa,926,979,r2q1kr1/pp1n1ppp/3p3B/3P4/2pQ4/P1N5/1P3PPP/R3R1K1 w - - 4 16,h8g8
47,EulerE,diobestiaa,926,979,r2q1kr1/pp1n1ppp/3p4/3P4/2pQ1B2/P1N5/1P3PPP/R3R1K1 b - - 5 16,h6f4
47,EulerE,diobestiaa,926,979,r4kr1/pp1n1ppp/3p4/3P4/2pQ1B1q/P1N5/1P3PPP/R3R1K1 w - - 6 17,d8h4
47,EulerE,diobestiaa,926,979,r4kr1/pp1n1ppp/3B4/3P4/2pQ3q/P1N5/1P3PPP/R3R1K1 b - - 0 17,f4d6
47,EulerE,diobestiaa,926,979,r4kr1/pp1nqppp/3B4/3P4/2pQ4/P1N5/1P3PPP/R3R1K1 w - - 1 18,h4e7
47,EulerE,diobestiaa,926,979,r4kr1/pp1nBppp/8/3P4/2pQ4/P1N5/1P3PPP/R3R1K1 b - - 0 18,d6e7
47,EulerE,diobestiaa,926,979,r3k1r1/pp1nBppp/8/3P4/2pQ4/P1N5/1P3PPP/R3R1K1 w - - 1 19,f8e8
47,EulerE,diobestiaa,926,979,r3k1r1/pp1n1ppp/5B2/3P4/2pQ4/P1N5/1P3PPP/R3R1K1 b - - 2 19,e7f6
47,EulerE,diobestiaa,926,979,r4kr1/pp1n1ppp/5B2/3P4/2pQ4/P1N5/1P3PPP/R3R1K1 w - - 3 20,e8f8
47,EulerE,diobestiaa,926,979,r4kr1/pp1n1ppp/8/3P4/2pQ3B/P1N5/1P3PPP/R3R1K1 b - - 4 20,f6h4
47,EulerE,diobestiaa,926,979,4rkr1/pp1n1ppp/8/3P4/2pQ3B/P1N5/1P3PPP/R3R1K1 w - - 5 21,a8e8
47,EulerE,diobestiaa,926,979,4Rkr1/pp1n1ppp/8/3P4/2pQ3B/P1N5/1P3PPP/R5K1 b - - 0 21,e1e8
47,EulerE,diobestiaa,926,979,4k1r1/pp1n1ppp/8/3P4/2pQ3B/P1N5/1P3PPP/R5K1 w - - 0 22,f8e8
47,EulerE,diobestiaa,926,979,4k1r1/pp1n1ppp/8/3P4/2pQ3B/P1N5/1P3PPP/4R1K1 b - - 1 22,a1e1
47,EulerE,diobestiaa,926,979,5kr1/pp1n1ppp/8/3P4/2pQ3B/P1N5/1P3PPP/4R1K1 w - - 2 23,e8f8
47,EulerE,diobestiaa,926,979,5kr1/pp1n1ppp/8/3P4/2Q4B/P1N5/1P3PPP/4R1K1 b - - 0 23,d4c4
47,EulerE,diobestiaa,926,979,5kr1/pp1n1p1p/6p1/3P4/2Q4B/P1N5/1P3PPP/4R1K1 w - - 0 24,g7g6
47,EulerE,diobestiaa,926,979,2Q2kr1/pp1n1p1p/6p1/3P4/7B/P1N5/1P3PPP/4R1K1 b - - 1 24,c4c8
47,EulerE,diobestiaa,926,979,2Q3r1/pp1n1pkp/6p1/3P4/7B/P1N5/1P3PPP/4R1K1 w - - 2 25,f8g7
47,EulerE,diobestiaa,926,979,6r1/pp1Q1pkp/6p1/3P4/7B/P1N5/1P3PPP/4R1K1 b - - 0 25,c8d7
47,EulerE,diobestiaa,926,979,6r1/p2Q1pkp/1p4p1/3P4/7B/P1N5/1P3PPP/4R1K1 w - - 0 26,b7b6
47,EulerE,diobestiaa,926,979,4R1r1/p2Q1pkp/1p4p1/3P4/7B/P1N5/1P3PPP/6K1 b - - 1 26,e1e8
47,EulerE,diobestiaa,926,979,4r3/p2Q1pkp/1p4p1/3P4/7B/P1N5/1P3PPP/6K1 w - - 0 27,g8e8
47,EulerE,diobestiaa,926,979,4Q3/p4pkp/1p4p1/3P4/7B/P1N5/1P3PPP/6K1 b - - 0 27,d7e8
47,EulerE,diobestiaa,926,979,4Q3/p4p1p/1p4pk/3P4/7B/P1N5/1P3PPP/6K1 w - - 1 28,g7h6
47,EulerE,diobestiaa,926,979,8/p4Q1p/1p4pk/3P4/7B/P1N5/1P3PPP/6K1 b - - 0 28,e8f7
47,EulerE,diobestiaa,926,979,8/p4Q1p/1p4p1/3P3k/7B/P1N5/1P3PPP/6K1 w - - 1 29,h6h5
47,EulerE,diobestiaa,926,979,8/p6Q/1p4p1/3P3k/7B/P1N5/1P3PPP/6K1 b - - 0 29,f7h7
47,EulerE,diobestiaa,926,979,8/p6Q/1p4p1/3P4/6kB/P1N5/1P3PPP/6K1 w - - 1 30,h5g4
47,EulerE,diobestiaa,926,979,8/p6Q/1p4p1/3P4/6kB/P1N2P2/1P4PP/6K1 b - - 0 30,f2f3
47,EulerE,diobestiaa,926,979,8/p6Q/1p4p1/3P1k2/7B/P1N2P2/1P4PP/6K1 w - - 1 31,g4f5
47,EulerE,diobestiaa,926,979,8/p6Q/1p4p1/3P1k2/6PB/P1N2P2/1P5P/6K1 b - - 0 31,g2g4
47,EulerE,diobestiaa,926,979,8/p6Q/1p4p1/3Pk3/6PB/P1N2P2/1P5P/6K1 w - - 1 32,f5e5
47,EulerE,diobestiaa,926,979,8/p3Q3/1p4p1/3Pk3/6PB/P1N2P2/1P5P/6K1 b - - 2 32,h7e7
47,EulerE,diobestiaa,926,979,8/p3Q3/1p4p1/3P4/3k2PB/P1N2P2/1P5P/6K1 w - - 3 33,e5d4
47,EulerE,diobestiaa,926,979,8/p7/1p4p1/3P4/3kQ1PB/P1N2P2/1P5P/6K1 b - - 4 33,e7e4
47,EulerE,diobestiaa,926,979,8/p7/1p4p1/2kP4/4Q1PB/P1N2P2/1P5P/6K1 w - - 5 34,d4c5
47,EulerE,diobestiaa,926,979,8/p7/1p4p1/2kP4/4Q1P1/P1N2P2/1P3B1P/6K1 b - - 6 34,h4f2
47,EulerE,diobestiaa,926,979,8/p7/1p1k2p1/3P4/4Q1P1/P1N2P2/1P3B1P/6K1 w - - 7 35,c5d6
47,EulerE,diobestiaa,926,979,8/p7/1p1k2p1/3P4/4Q1P1/P1N2PB1/1P5P/6K1 b - - 8 35,f2g3
47,EulerE,diobestiaa,926,979,8/p7/1p4p1/2kP4/4Q1P1/P1N2PB1/1P5P/6K1 w - - 9 36,d6c5
47,EulerE,diobestiaa,926,979,8/p7/1p4p1/2kP4/N3Q1P1/P4PB1/1P5P/6K1 b - - 10 36,c3a4
47,EulerE,diobestiaa,926,979,8/p7/1p4p1/1k1P4/N3Q1P1/P4PB1/1P5P/6K1 w - - 11 37,c5b5
47,EulerE,diobestiaa,926,979,8/p7/1p4p1/1k1P4/NQ4P1/P4PB1/1P5P/6K1 b - - 12 37,e4b4
48,EulerE,FybrLol,933,875,rnbqkbnr/pppppppp/8/8/3P4/8/PPP1PPPP/RNBQKBNR b KQkq - 0 1,d2d4
48,EulerE,FybrLol,933,875,rnbqkbnr/ppp1pppp/8/3p4/3P4/8/PPP1PPPP/RNBQKBNR w KQkq - 0 2,d7d5
48,EulerE,FybrLol,933,875,rnbqkbnr/ppp1pppp/8/3p4/2PP4/8/PP2PPPP/RNBQKBNR b KQkq - 0 2,c2c4
48,EulerE,FybrLol,933,875,rnbqkbnr/ppp1pppp/8/8/2pP4/8/PP2PPPP/RNBQKBNR w KQkq - 0 3,d5c4
48,EulerE,FybrLol,933,875,rnbqkbnr/ppp1pppp/8/8/2pPP3/8/PP3PPP/RNBQKBNR b KQkq - 0 3,e2e4
48,EulerE,FybrLol,933,875,rnbqkbnr/p1p1pppp/8/1p6/2pPP3/8/PP3PPP/RNBQKBNR w KQkq - 0 4,b7b5
48,EulerE,FybrLol,933,875,rnbqkbnr/p1p1pppp/8/1p6/P1pPP3/8/1P3PPP/RNBQKBNR b KQkq - 0 4,a2a4
48,EulerE,FybrLol,933,875,rnbqkbnr/p1p1pppp/8/8/p1pPP3/8/1P3PPP/RNBQKBNR w KQkq - 0 5,b5a4
48,EulerE,FybrLol,933,875,rnbqkbnr/p1p1pppp/8/8/p1pPP3/2N5/1P3PPP/R1BQKBNR b KQkq - 1 5,b1c3
48,EulerE,FybrLol,933,875,rn1qkbnr/p1pbpppp/8/8/p1pPP3/2N5/1P3PPP/R1BQKBNR w KQkq - 2 6,c8d7
48,EulerE,FybrLol,933,875,rn1qkbnr/p1pbpppp/8/8/N1pPP3/8/1P3PPP/R1BQKBNR b KQkq - 0 6,c3a4
48,EulerE,FybrLol,933,875,rn1qkbnr/p1p1pppp/8/8/b1pPP3/8/1P3PPP/R1BQKBNR w KQkq - 0 7,d7a4
48,EulerE,FybrLol,933,875,rn1qkbnr/p1p1pppp/8/8/R1pPP3/8/1P3PPP/2BQKBNR b Kkq - 0 7,a1a4
48,EulerE,FybrLol,933,875,rn1qkbnr/p1p2ppp/4p3/8/R1pPP3/8/1P3PPP/2BQKBNR w Kkq - 0 8,e7e6
48,EulerE,FybrLol,933,875,rn1qkbnr/p1p2ppp/4p3/8/R1BPP3/8/1P3PPP/2BQK1NR b Kkq - 0 8,f1c4
48,EulerE,FybrLol,933,875,r2qkbnr/p1p2ppp/2n1p3/8/R1BPP3/8/1P3PPP/2BQK1NR w Kkq - 1 9,b8c6
48,EulerE,FybrLol,933,875,r2qkbnr/p1p2ppp/2n1p3/1B6/R2PP3/8/1P3PPP/2BQK1NR b Kkq - 2 9,c4b5
48,EulerE,FybrLol,933,875,r2qkb1r/p1p1nppp/2n1p3/1B6/R2PP3/8/1P3PPP/2BQK1NR w Kkq - 3 10,g8e7
48,EulerE,FybrLol,933,875,r2qkb1r/p1p1nppp/2n1p3/1B1P4/R3P3/8/1P3PPP/2BQK1NR b Kkq - 0 10,d4d5
48,EulerE,FybrLol,933,875,r2qkb1r/p1p1nppp/2n5/1B1p4/R3P3/8/1P3PPP/2BQK1NR w Kkq - 0 11,e6d5
48,EulerE,FybrLol,933,875,r2qkb1r/p1p1nppp/2n5/1B1P4/R7/8/1P3PPP/2BQK1NR b Kkq - 0 11,e4d5
48,EulerE,FybrLol,933,875,r2qkb1r/p1p2ppp/2n5/1B1n4/R7/8/1P3PPP/2BQK1NR w Kkq - 0 12,e7d5
48,EulerE,FybrLol,933,875,r2qkb1r/p1p2ppp/2B5/3n4/R7/8/1P3PPP/2BQK1NR b Kkq - 0 12,b5c6
48,EulerE,FybrLol,933,875,r2q1b1r/p1p1kppp/2B5/3n4/R7/8/1P3PPP/2BQK1NR w K - 1 13,e8e7
48,EulerE,FybrLol,933,875,r2q1b1r/p1p1kppp/8/3B4/R7/8/1P3PPP/2BQK1NR b K - 0 13,c6d5
48,EulerE,FybrLol,933,875,r4b1r/p1pqkppp/8/3B4/R7/8/1P3PPP/2BQK1NR w K - 1 14,d8d7
48,EulerE,FybrLol,933,875,B4b1r/p1pqkppp/8/8/R7/8/1P3PPP/2BQK1NR b K - 0 14,d5a8
48,EulerE,FybrLol,933,875,B4b1r/p1p1kppp/8/8/R7/8/1P3PPP/2BqK1NR w K - 0 15,d7d1
48,EulerE,FybrLol,933,875,B4b1r/p1p1kppp/8/8/R7/8/1P3PPP/2BK2NR b - - 0 15,e1d1
49,rchubbs,EulerE,863,940,rnbqkbnr/pppppppp/8/8/4P3/8/PPPP1PPP/RNBQKBNR b KQkq - 0 1,e2e4
49,rchubbs,EulerE,863,940,rnbqkbnr/pppp1ppp/8/4p3/4P3/8/PPPP1PPP/RNBQKBNR w KQkq - 0 2,e7e5
49,rchubbs,EulerE,863,940,rnbqkbnr/pppp1ppp/8/4p3/4P3/5N2/PPPP1PPP/RNBQKB1R b KQkq - 1 2,g1f3
49,rchubbs,EulerE,863,940,r1bqkbnr/pppp1ppp/2n5/4p3/4P3/5N2/PPPP1PPP/RNBQKB1R w KQkq - 2 3,b8c6
49,rchubbs,EulerE,863,940,r1bqkbnr/pppp1ppp/2n5/4p3/3PP3/5N2/PPP2PPP/RNBQKB1R b KQkq - 0 3,d2d4
49,rchubbs,EulerE,863,940,r1bqkbnr/ppp2ppp/2np4/4p3/3PP3/5N2/PPP2PPP/RNBQKB1R w KQkq - 0 4,d7d6
49,rchubbs,EulerE,863,940,r1bqkbnr/ppp2ppp/2np4/4P3/4P3/5N2/PPP2PPP/RNBQKB1R b KQkq - 0 4,d4e5
49,rchubbs,EulerE,863,940,r1bqkbnr/ppp2ppp/2n5/4p3/4P3/5N2/PPP2PPP/RNBQKB1R w KQkq - 0 5,d6e5
49,rchubbs,EulerE,863,940,r1bqkbnr/ppp2ppp/2n5/1B2p3/4P3/5N2/PPP2PPP/RNBQK2R b KQkq - 1 5,f1b5
49,rchubbs,EulerE,863,940,r1b1kbnr/ppp2ppp/2n5/1B2p3/4P3/5N2/PPP2PPP/RNBqK2R w KQkq - 0 6,d8d1
49,rchubbs,EulerE,863,940,r1b1kbnr/ppp2ppp/2n5/1B2p3/4P3/5N2/PPP2PPP/RNBK3R b kq - 0 6,e1d1
49,rchubbs,EulerE,863,940,r1b1kbnr/ppp3pp/2n2p2/1B2p3/4P3/5N2/PPP2PPP/RNBK3R w kq - 0 7,f7f6
49,rchubbs,EulerE,863,940,r1b1kbnr/ppp3pp/2n2p2/1B2p3/4P3/2N2N2/PPP2PPP/R1BK3R b kq - 1 7,b1c3
49,rchubbs,EulerE,863,940,r3kbnr/pppb2pp/2n2p2/1B2p3/4P3/2N2N2/PPP2PPP/R1BK3R w kq - 2 8,c8d7
49,rchubbs,EulerE,863,940,r3kbnr/pppb2pp/2n2p2/1B2p3/4P3/2N1BN2/PPP2PPP/R2K3R b kq - 3 8,c1e3
49,rchubbs,EulerE,863,940,2kr1bnr/pppb2pp/2n2p2/1B2p3/4P3/2N1BN2/PPP2PPP/R2K3R w - - 4 9,e8c8
49,rchubbs,EulerE,863,940,2kr1bnr/pppb2pp/2n2p2/1B2p3/4P3/2N1BN2/PPP1KPPP/R6R b - - 5 9,d1e2
49,rchubbs,EulerE,863,940,2kr1bnr/ppp3pp/2n2p2/1B2p3/4P1b1/2N1BN2/PPP1KPPP/R6R w - - 6 10,d7g4
49,rchubbs,EulerE,863,940,2kr1bnr/ppp3pp/2n2p2/1B2p3/4P1b1/2N1BN2/PPP1KPPP/R3R3 b - - 7 10,h1e1
49,rchubbs,EulerE,863,940,2kr1bnr/ppp3pp/2n2p2/1B2p3/4P3/2N1Bb2/PPP1KPPP/R3R3 w - - 0 11,g4f3
49,rchubbs,EulerE,863,940,2kr1bnr/ppp3pp/2n2p2/1B2p3/4P3/2N1BK2/PPP2PPP/R3R3 b - - 0 11,e2f3
49,rchubbs,EulerE,863,940,2kr1bnr/ppp3pp/5p2/1B2p3/3nP3/2N1BK2/PPP2PPP/R3R3 w - - 1 12,c6d4
49,rchubbs,EulerE,863,940,2kr1bnr/ppp3pp/5p2/1B2p3/3nP3/2N1B1K1/PPP2PPP/R3R3 b - - 2 12,f3g3
49,rchubbs,EulerE,863,940,2kr1bnr/ppp3pp/5p2/1B2p3/4P3/2N1B1K1/PPn2PPP/R3R3 w - - 0 13,d4c2
49,rchubbs,EulerE,863,940,2kr1bnr/ppp3pp/5p2/1B2p3/4P3/2N1BPK1/PPn3PP/R3R3 b - - 0 13,f2f3
49,rchubbs,EulerE,863,940,2kr2nr/ppp3pp/5p2/1B2p3/1b2P3/2N1BPK1/PPn3PP/R3R3 w - - 1 14,f8b4
49,rchubbs,EulerE,863,940,2kr2nr/ppp3pp/5p2/1B2p3/1b2P3/2N1BPK1/PPn3PP/3RR3 b - - 2 14,a1d1
49,rchubbs,EulerE,863,940,2kr2nr/ppp3pp/5p2/1B2p3/1b2P3/2N1BPK1/PP4PP/3Rn3 w - - 0 15,c2e1
49,rchubbs,EulerE,863,940,2kr2nr/ppp3pp/5p2/1B2p3/1b2P3/2N1BPK1/PP4PP/4R3 b - - 0 15,d1e1
49,rchubbs,EulerE,863,940,2kr2nr/ppp3pp/5p2/1B2p3/4P3/2b1BPK1/PP4PP/4R3 w - - 0 16,b4c3
49,rchubbs,EulerE,863,940,2kr2nr/ppp3pp/5p2/1B2p3/4P3/2P1BPK1/P5PP/4R3 b - - 0 16,b2c3
49,rchubbs,EulerE,863,940,2kr3r/ppp1n1pp/5p2/1B2p3/4P3/2P1BPK1/P5PP/4R3 w - - 1 17,g8e7
49,rchubbs,EulerE,863,940,2kr3r/Bpp1n1pp/5p2/1B2p3/4P3/2P2PK1/P5PP/4R3 b - - 0 17,e3a7
49,rchubbs,EulerE,863,940,2kr3r/Bpp3pp/2n2p2/1B2p3/4P3/2P2PK1/P5PP/4R3 w - - 1 18,e7c6
49,rchubbs,EulerE,863,940,2kr3r/Bpp3pp/2B2p2/4p3/4P3/2P2PK1/P5PP/4R3 b - - 0 18,b5c6
49,rchubbs,EulerE,863,940,2kr3r/B1p3pp/2p2p2/4p3/4P3/2P2PK1/P5PP/4R3 w - - 0 19,b7c6
49,rchubbs,EulerE,863,940,2kr3r/B1p3pp/2p2p2/4p3/4P3/2P2PK1/P5PP/1R6 b - - 1 19,e1b1
49,rchubbs,EulerE,863,940,2k2r1r/B1p3pp/2p2p2/4p3/4P3/2P2PK1/P5PP/1R6 w - - 2 20,d8f8
49,rchubbs,EulerE,863,940,2k2r1r/B1p3pp/2p2p2/4p3/P3P3/2P2PK1/6PP/1R6 b - - 0 20,a2a4
49,rchubbs,EulerE,863,940,5r1r/B1pk2pp/2p2p2/4p3/P3P3/2P2PK1/6PP/1R6 w - - 1 21,c8d7
49,rchubbs,EulerE,863,940,5r1r/B1pk2pp/2p2p2/P3p3/4P3/2P2PK1/6PP/1R6 b - - 0 21,a4a5
49,rchubbs,EulerE,863,940,r6r/B1pk2pp/2p2p2/P3p3/4P3/2P2PK1/6PP/1R6 w - - 1 22,f8a8
49,rchubbs,EulerE,863,940,r6r/BRpk2pp/2p2p2/P3p3/4P3/2P2PK1/6PP/8 b - - 2 22,b1b7
49,rchubbs,EulerE,863,940,r1k4r/BRp3pp/2p2p2/P3p3/4P3/2P2PK1/6PP/8 w - - 3 23,d7c8
49,rchubbs,EulerE,863,940,r1k4r/BRp3pp/P1p2p2/4p3/4P3/2P2PK1/6PP/8 b - - 0 23,a5a6
49,rchubbs,EulerE,863,940,r1kr4/BRp3pp/P1p2p2/4p3/4P3/2P2PK1/6PP/8 w - - 1 24,h8d8
49,rchubbs,EulerE,863,940,r1kr4/BRp3pp/P1p2p2/4p3/4P2K/2P2P2/6PP/8 b - - 2 24,g3h4
49,rchubbs,EulerE,863,940,r1k5/BRp3pp/P1p2p2/4p3/4P2K/2P2P2/3r2PP/8 w - - 3 25,d8d2
49,rchubbs,EulerE,863,940,r1k5/1Rp3pp/P1p2p2/4p3/4P2K/2P1BP2/3r2PP/8 b - - 4 25,a7e3
49,rchubbs,EulerE,863,940,r1k5/1Rp3pp/P1p2p2/4p3/4P2K/2P1BP2/6rP/8 w - - 0 26,d2g2
49,rchubbs,EulerE,863,940,r1k5/PRp3pp/2p2p2/4p3/4P2K/2P1BP2/6rP/8 b - - 0 26,a6a7
49,rchubbs,EulerE,863,940,r7/Pkp3pp/2p2p2/4p3/4P2K/2P1BP2/6rP/8 w - - 0 27,c8b7
49,rchubbs,EulerE,863,940,r7/Pkp3pp/2p2p2/4p2K/4P3/2P1BP2/6rP/8 b - - 1 27,h4h5
49,rchubbs,EulerE,863,940,8/rkp3pp/2p2p2/4p2K/4P3/2P1BP2/6rP/8 w - - 0 28,a8a7
49,rchubbs,EulerE,863,940,8/Bkp3pp/2p2p2/4p2K/4P3/2P2P2/6rP/8 b - - 0 28,e3a7
49,rchubbs,EulerE,863,940,8/k1p3pp/2p2p2/4p2K/4P3/2P2P2/6rP/8 w - - 0 29,b7a7
49,rchubbs,EulerE,863,940,8/k1p3pp/2p2p2/4p3/4P2K/2P2P2/6rP/8 b - - 1 29,h5h4
49,rchubbs,EulerE,863,940,8/k1p3pp/2p2p2/4p3/4P2K/2P2P2/7r/8 w - - 0 30,g2h2
49,rchubbs,EulerE,863,940,8/k1p3pp/2p2p2/4p3/4P3/2P2PK1/7r/8 b - - 1 30,h4g3
49,rchubbs,EulerE,863,940,8/k1p3pp/2p2p2/4p3/4P3/2P2PK1/2r5/8 w - - 2 31,h2c2
49,rchubbs,EulerE,863,940,8/k1p3pp/2p2p2/4p3/4P1K1/2P2P2/2r5/8 b - - 3 31,g3g4
49,rchubbs,EulerE,863,940,8/k1p3pp/2p2p2/4p3/4P1K1/2r2P2/8/8 w - - 0 32,c2c3
49,rchubbs,EulerE,863,940,8/k1p3pp/2p2p2/4pK2/4P3/2r2P2/8/8 b - - 1 32,g4f5
49,rchubbs,EulerE,863,940,8/k1p3pp/2p2p2/4pK2/4P3/5r2/8/8 w - - 0 33,c3f3
50,WantedXl,EulerE,904,931,rnbqkbnr/pppppppp/8/8/4P3/8/PPPP1PPP/RNBQKBNR b KQkq - 0 1,e2e4
50,WantedXl,EulerE,904,931,rnbqkbnr/pppp1ppp/8/4p3/4P3/8/PPPP1PPP/RNBQKBNR w KQkq - 0 2,e7e5
50,WantedXl,EulerE,904,931,rnbqkbnr/pppp1ppp/8/4p3/4P3/5N2/PPPP1PPP/RNBQKB1R b KQkq - 1 2,g1f3
50,WantedXl,EulerE,904,931,r1bqkbnr/pppp1ppp/2n5/4p3/4P3/5N2/PPPP1PPP/RNBQKB1R w KQkq - 2 3,b8c6
50,WantedXl,EulerE,904,931,r1bqkbnr/pppp1ppp/2n5/4p3/4P3/2N2N2/PPPP1PPP/R1BQKB1R b KQkq - 3 3,b1c3
50,WantedXl,EulerE,904,931,r1bqkbnr/pppp1p1p/2n3p1/4p3/4P3/2N2N2/PPPP1PPP/R1BQKB1R w KQkq - 0 4,g7g6
50,WantedXl,EulerE,904,931,r1bqkbnr/pppp1p1p/2n3p1/4p3/3PP3/2N2N2/PPP2PPP/R1BQKB1R b KQkq - 0 4,d2d4
50,WantedXl,EulerE,904,931,r1bqk1nr/pppp1pbp/2n3p1/4p3/3PP3/2N2N2/PPP2PPP/R1BQKB1R w KQkq - 1 5,f8g7
50,WantedXl,EulerE,904,931,r1bqk1nr/pppp1pbp/2n3p1/4p1B1/3PP3/2N2N2/PPP2PPP/R2QKB1R b KQkq - 2 5,c1g5
50,WantedXl,EulerE,904,931,r1bqk2r/pppp1pbp/2n2np1/4p1B1/3PP3/2N2N2/PPP2PPP/R2QKB1R w KQkq - 3 6,g8f6
50,WantedXl,EulerE,904,931,r1bqk2r/pppp1pbp/2n2np1/4P1B1/4P3/2N2N2/PPP2PPP/R2QKB1R b KQkq - 0 6,d4e5
